h3,canopy_pct,row_canopy_pct,canopy_m2,row_m2,assessed_m2,coverage_frac,canopy_source,canopy_year,canopy_quality
8828301001fffff,0.0,0.0,0.0,0.0,1325.52,0.001731368164760695,usfs-2022,2022,partial
8828301003fffff,44.091546006539,57.537688442211056,1359.0,183.0,3083.04,0.004027566231728579,usfs-2022,2022,partial
8828301005fffff,0.0,0.0,0.0,0.0,1907.28,0.0024910737587347403,usfs-2022,2022,partial
8828301007fffff,17.81304702751419,33.270211216314635,60409.0,13193.0,339128.28,0.44299264529876614,usfs-2022,2022,partial
8828301009fffff,23.87712421921527,21.025195482189403,182702.0,15708.0,,,chm-legacy,2009-2020,coverage-unknown
882830100bfffff,24.985450749632804,84.90322580645162,191156.0,2022.0,,,chm-legacy,2009-2020,coverage-unknown
882830100dfffff,25.808804520441704,0.0,197497.0,0.0,,,chm-legacy,2009-2020,coverage-unknown
8828301011fffff,19.494924890851237,4.636247211435181,91048.0,33241.0,467032.32,0.610241788055363,usfs-2022,2022,partial
8828301013fffff,23.730082636221677,13.57300355202942,181409.0,121493.0,764468.64,0.9990221826025066,usfs-2022,2022,full
8828301015fffff,7.774717495945842,2.3181454836131095,5437.0,1760.0,69928.2,0.09136425007422892,usfs-2022,2022,partial
8828301017fffff,29.413776844271077,20.232185301234853,123515.0,66811.0,419922.0,0.5487228048955559,usfs-2022,2022,partial
8828301019fffff,36.85547371094742,5.4911838790931995,281911.0,21612.0,,,chm-legacy,2009-2020,coverage-unknown
882830101bfffff,51.02414063632139,12.122797837083551,36759.0,1814.0,72042.84,0.09414059186325192,usfs-2022,2022,partial
882830101dfffff,12.421915759050384,0.4830917874396135,95023.0,3560.0,,,chm-legacy,2009-2020,coverage-unknown
8828301029fffff,0.0433851493556843,0.1833180568285976,332.0,6273.0,,,chm-legacy,2009-2020,coverage-unknown
882830102bfffff,0.0,0.0,0.0,0.0,,,chm-legacy,2009-2020,coverage-unknown
8828301031fffff,0.0410833067907474,0.0,314.0,0.0,,,chm-legacy,2009-2020,coverage-unknown
8828301039fffff,17.875083105562535,0.0,136738.0,0.0,,,chm-legacy,2009-2020,coverage-unknown
882830103bfffff,0.4362276692978811,100.0,3337.0,0.0,,,chm-legacy,2009-2020,coverage-unknown
882830103dfffff,0.0,0.0,0.0,0.0,,,chm-legacy,2009-2020,coverage-unknown
8828301041fffff,7.054927085691058,1.180195739781232,53994.0,19774.0,,,chm-legacy,2009-2020,coverage-unknown
8828301043fffff,2.3758298783922287,0.889967637540453,18181.0,14112.0,,,chm-legacy,2009-2020,coverage-unknown
8828301045fffff,4.224109662431473,0.3019489431786988,32331.0,20920.0,,,chm-legacy,2009-2020,coverage-unknown
8828301047fffff,5.715921737403776,8.832612723903646,43743.0,17004.0,,,chm-legacy,2009-2020,coverage-unknown
8828301049fffff,9.502686867846762,7.5075075075075075,72733.0,1774.0,,,chm-legacy,2009-2020,coverage-unknown
882830104bfffff,10.40563315248759,31.39710645648888,79633.0,18300.0,,,chm-legacy,2009-2020,coverage-unknown
882830104dfffff,28.711444486526933,1.4035087719298245,219770.0,6474.0,,,chm-legacy,2009-2020,coverage-unknown
8828301051fffff,22.94879846321506,0.0,175574.0,0.0,,,chm-legacy,2009-2020,coverage-unknown
8828301053fffff,27.35806780960829,0.0,209279.0,0.0,,,chm-legacy,2009-2020,coverage-unknown
8828301055fffff,13.61729649819828,0.0,104189.0,0.0,,,chm-legacy,2009-2020,coverage-unknown
8828301057fffff,40.40494055177191,20.12779552715655,309104.0,7200.0,,,chm-legacy,2009-2020,coverage-unknown
8828301059fffff,10.426124424452624,0.0,79773.0,0.0,,,chm-legacy,2009-2020,coverage-unknown
882830105bfffff,9.563111731378871,0.0,73159.0,0.0,,,chm-legacy,2009-2020,coverage-unknown
882830105dfffff,8.449116322051518,0.0,64651.0,0.0,,,chm-legacy,2009-2020,coverage-unknown
8828301061fffff,12.219118631547358,14.024071166928309,93524.0,9464.0,,,chm-legacy,2009-2020,coverage-unknown
8828301063fffff,4.375386661003333,0.0,33484.0,0.0,,,chm-legacy,2009-2020,coverage-unknown
8828301065fffff,0.0,0.0,0.0,0.0,,,chm-legacy,2009-2020,coverage-unknown
8828301067fffff,0.0,0.0,0.0,0.0,,,chm-legacy,2009-2020,coverage-unknown
8828301069fffff,43.875081964185114,42.959641255605376,335840.0,3663.0,,,chm-legacy,2009-2020,coverage-unknown
882830106bfffff,30.285930659967857,0.0,231790.0,0.0,,,chm-legacy,2009-2020,coverage-unknown
882830106dfffff,39.89946236276587,23.176349568406458,54662.0,6184.0,136999.44,0.1788586462288843,usfs-2022,2022,partial
88283010c1fffff,29.527027027027025,11.458686697358857,52230.0,13155.0,176889.6,0.23121145474370888,usfs-2022,2022,partial
88283010c3fffff,0.0073852175638936,0.0,56.0,0.0,,,chm-legacy,2009-2020,coverage-unknown
88283010c5fffff,9.386190636151023,9.55058927086899,21325.0,19976.0,227198.88,0.2969491705701436,usfs-2022,2022,partial
88283010c7fffff,0.0092365100770324,0.0,71.0,0.0,,,chm-legacy,2009-2020,coverage-unknown
88283010c9fffff,3.255674414001287,0.27605244996549344,11368.0,7283.0,349188.48,0.45639155607627296,usfs-2022,2022,partial
88283010cbfffff,5.2109374641633375,1.0369749659578926,4090.0,6803.0,78481.08,0.1025895586816821,usfs-2022,2022,partial
88283010cdfffff,22.456414780053784,12.417771973764996,109152.0,64706.0,486061.56,0.6352400003372678,usfs-2022,2022,partial
88283010d1fffff,0.0,0.0,0.0,0.0,,,chm-legacy,2009-2020,coverage-unknown
88283010d9fffff,0.1219917932793612,0.0,932.0,0.0,,,chm-legacy,2009-2020,coverage-unknown
88283010dbfffff,0.0,0.0,0.0,0.0,,,chm-legacy,2009-2020,coverage-unknown
88283010ddfffff,0.0,0.0,0.0,0.0,,,chm-legacy,2009-2020,coverage-unknown
88283010e9fffff,7.183984503879351,10.133678309616213,4860.0,750.0,67650.48,0.08841291818763995,usfs-2022,2022,partial
88283010edfffff,0.3276449251954332,0.7936507936507936,2506.0,8640.0,,,chm-legacy,2009-2020,coverage-unknown
882830110dfffff,0.0,0.0,0.0,0.0,,,chm-legacy,2009-2020,coverage-unknown
8828301141fffff,2.7241305544975525,0.41961161529561014,20676.0,25716.0,758976.84,0.9905948329069141,usfs-2022,2022,full
8828301143fffff,3.884690353246931,0.0,4090.0,0.0,105274.8,0.13742071858194976,usfs-2022,2022,partial
8828301145fffff,1.328564866840188,0.0,9934.0,0.0,747712.08,0.9758231114075786,usfs-2022,2022,partial
8828301147fffff,0.0,0.0,0.0,0.0,366785.28,0.4787500628865245,usfs-2022,2022,partial
8828301149fffff,6.212827734932004,2.1123343131273917,47605.0,50832.0,766236.6,1.0,usfs-2022,2022,full
882830114bfffff,0.7597198553855875,0.0,4926.0,0.0,648333.72,0.8462467329480818,usfs-2022,2022,partial
882830114dfffff,1.8460698607895607,3.4747188231801838,14146.0,21071.0,766287.36,0.9999976172185898,usfs-2022,2022,full
8828301159fffff,0.0,0.0,0.0,0.0,,,chm-legacy,2009-2020,coverage-unknown
882830115dfffff,0.0,0.0,0.0,1317.0,9191.16,0.011998556175261634,usfs-2022,2022,partial
8828301161fffff,0.095010123651525,0.0,728.0,3162.0,,,chm-legacy,2009-2020,coverage-unknown
8828301163fffff,0.0,0.0,0.0,0.0,,,chm-legacy,2009-2020,coverage-unknown
8828301165fffff,0.0,0.0,0.0,0.0,,,chm-legacy,2009-2020,coverage-unknown
8828301167fffff,0.0,0.0,0.0,0.0,,,chm-legacy,2009-2020,coverage-unknown
8828301169fffff,0.0,0.0,0.0,0.0,57723.12,0.0753278715420528,usfs-2022,2022,partial
882830116bfffff,0.0,0.0,0.0,0.0,276568.2,0.3609677259612025,usfs-2022,2022,partial
882830116dfffff,0.0147591945169592,0.0,113.0,16335.0,,,chm-legacy,2009-2020,coverage-unknown
8828301201fffff,18.87411556467527,0.0,144480.0,0.0,,,chm-legacy,2009-2020,coverage-unknown
8828301203fffff,9.542235289766634,0.0,73035.0,0.0,,,chm-legacy,2009-2020,coverage-unknown
8828301205fffff,22.56435140256019,0.0,172741.0,2690.0,,,chm-legacy,2009-2020,coverage-unknown
8828301207fffff,59.27144362097325,0.0,453689.0,0.0,,,chm-legacy,2009-2020,coverage-unknown
8828301209fffff,9.168569658755766,38.3768352365416,70190.0,8703.0,,,chm-legacy,2009-2020,coverage-unknown
882830120bfffff,2.9398165273359473,0.0,22503.0,0.0,,,chm-legacy,2009-2020,coverage-unknown
882830120dfffff,23.04781005369735,3.6322725811636127,176455.0,17268.0,,,chm-legacy,2009-2020,coverage-unknown
8828301211fffff,32.71527113498227,10.017918563219574,198228.0,47184.0,605919.6,0.7913437705668572,usfs-2022,2022,partial
8828301213fffff,25.590001711649187,7.639225962370719,195911.0,97958.0,765577.44,0.9999992601578334,usfs-2022,2022,full
8828301215fffff,4.229296653431651,0.0,429.0,0.0,10154.88,0.013261535278778798,usfs-2022,2022,partial
8828301217fffff,13.115525608535695,22.063844015063527,35716.0,7972.0,272320.92,0.35568075511513353,usfs-2022,2022,partial
8828301219fffff,35.1593621649608,0.0,32759.0,0.0,93172.68,0.12167731788512912,usfs-2022,2022,partial
882830121bfffff,39.36491809398458,1.9581140270160846,294584.0,9589.0,748340.64,0.9774188806584557,usfs-2022,2022,partial
882830121dfffff,4.3596579174732835,0.0,33366.0,0.0,,,chm-legacy,2009-2020,coverage-unknown
8828301221fffff,19.785715935068236,0.0,151470.0,0.0,,,chm-legacy,2009-2020,coverage-unknown
8828301223fffff,5.851444838278856,7.483962936564505,44790.0,7476.0,,,chm-legacy,2009-2020,coverage-unknown
8828301225fffff,49.50180385345596,62.53379683275397,378988.0,5587.0,,,chm-legacy,2009-2020,coverage-unknown
8828301227fffff,10.224601301514433,16.01281024819856,78269.0,6042.0,,,chm-legacy,2009-2020,coverage-unknown
8828301229fffff,20.918489910562496,20.427350427350422,160153.0,10725.0,,,chm-legacy,2009-2020,coverage-unknown
882830122bfffff,37.40567018646457,34.147465437788014,286339.0,8231.0,,,chm-legacy,2009-2020,coverage-unknown
882830122dfffff,17.310278223179257,46.71150971599402,132538.0,8214.0,,,chm-legacy,2009-2020,coverage-unknown
8828301231fffff,22.818280136435483,8.25451418744626,174624.0,12292.0,,,chm-legacy,2009-2020,coverage-unknown
8828301233fffff,11.30729972519225,0.0,86521.0,0.0,,,chm-legacy,2009-2020,coverage-unknown
8828301235fffff,1.1102695313221629,0.0,8497.0,0.0,,,chm-legacy,2009-2020,coverage-unknown
8828301237fffff,3.313369932900793,7.497467071935157,25355.0,5259.0,,,chm-legacy,2009-2020,coverage-unknown
8828301239fffff,32.909783402512645,0.0,251870.0,0.0,,,chm-legacy,2009-2020,coverage-unknown
882830123bfffff,44.210667319497624,0.0,338312.0,0.0,,,chm-legacy,2009-2020,coverage-unknown
882830123dfffff,25.693841349618435,24.78134110787172,196658.0,11889.0,,,chm-legacy,2009-2020,coverage-unknown
8828301241fffff,44.737109685529944,0.0,342556.0,75.0,,,chm-legacy,2009-2020,coverage-unknown
8828301243fffff,51.9685949572527,0.0,397872.0,0.0,,,chm-legacy,2009-2020,coverage-unknown
8828301245fffff,9.167001937634977,50.78436586014357,70197.0,10662.0,,,chm-legacy,2009-2020,coverage-unknown
8828301247fffff,13.298860454154768,40.02610398085708,101823.0,15880.0,,,chm-legacy,2009-2020,coverage-unknown
8828301249fffff,64.76415443215858,50.53050397877984,495938.0,2148.0,,,chm-legacy,2009-2020,coverage-unknown
882830124bfffff,48.20477954609575,0.0,369082.0,0.0,,,chm-legacy,2009-2020,coverage-unknown
882830124dfffff,38.57660065380934,29.61128048780488,295425.0,21277.0,,,chm-legacy,2009-2020,coverage-unknown
8828301251fffff,32.487565408723626,0.0,248672.0,0.0,,,chm-legacy,2009-2020,coverage-unknown
8828301253fffff,16.52421915807282,1.0986328125,126465.0,23334.0,,,chm-legacy,2009-2020,coverage-unknown
8828301255fffff,28.259411865355176,19.12878787878788,216324.0,12298.0,,,chm-legacy,2009-2020,coverage-unknown
8828301257fffff,11.884912566083775,3.3494363929146536,90965.0,17286.0,,,chm-legacy,2009-2020,coverage-unknown
8828301259fffff,3.2213914820620233,0.0,24659.0,0.0,,,chm-legacy,2009-2020,coverage-unknown
882830125bfffff,13.938233902533442,4.449659815565512,13999.0,14510.0,100435.68,0.1311447341779976,usfs-2022,2022,partial
882830125dfffff,33.13184195799668,0.0,253640.0,0.0,,,chm-legacy,2009-2020,coverage-unknown
8828301261fffff,21.689447078285134,23.334278423589453,166090.0,15575.0,,,chm-legacy,2009-2020,coverage-unknown
8828301263fffff,15.057420800887307,2.7210884353741496,115288.0,2471.0,,,chm-legacy,2009-2020,coverage-unknown
8828301265fffff,26.724536181535957,13.65392872477458,204661.0,23167.0,,,chm-legacy,2009-2020,coverage-unknown
8828301267fffff,25.0,2.2582921665490474,191428.0,7978.0,,,chm-legacy,2009-2020,coverage-unknown
8828301269fffff,34.91726849734086,37.00470114170584,267402.0,10806.0,,,chm-legacy,2009-2020,coverage-unknown
882830126bfffff,20.19315675840611,35.69421023046655,154621.0,13179.0,,,chm-legacy,2009-2020,coverage-unknown
882830126dfffff,18.64132595050795,4.143269084838367,142769.0,36380.0,,,chm-legacy,2009-2020,coverage-unknown
8828301281fffff,18.799051548525807,7.124507982207552,143851.0,111022.0,765205.2,0.999997527819687,usfs-2022,2022,full
8828301283fffff,14.15461883104234,8.911660029669516,108297.0,145670.0,765100.08,0.9999993886337772,usfs-2022,2022,full
8828301285fffff,11.773057150599634,2.5551664049964633,85708.0,81331.0,728004.96,0.9513145567556133,usfs-2022,2022,partial
8828301287fffff,11.131864064569028,2.594034245608374,79473.0,86934.0,713922.48,0.933042277257368,usfs-2022,2022,partial
8828301289fffff,12.800427902478129,8.040458569790296,97956.0,89779.0,765258.48,0.9999998647880104,usfs-2022,2022,full
882830128bfffff,13.120645290903624,13.829411633259593,100393.0,69412.0,765154.44,1.0,usfs-2022,2022,full
882830128dfffff,9.342738602135327,6.720650443269928,51834.0,71287.0,554803.92,0.7249366981422889,usfs-2022,2022,partial
8828301291fffff,0.0,0.0,0.0,0.0,,,chm-legacy,2009-2020,coverage-unknown
8828301293fffff,0.0,0.0,0.0,0.0,,,chm-legacy,2009-2020,coverage-unknown
8828301295fffff,8.65331773417784,8.49805113715201,34748.0,52229.0,401560.2,0.5249194275538801,usfs-2022,2022,partial
8828301297fffff,0.0,0.0,0.0,0.0,,,chm-legacy,2009-2020,coverage-unknown
8828301299fffff,5.446214973064234,20.277604341770328,13146.0,17927.0,241374.24,0.3155258426258175,usfs-2022,2022,partial
882830129bfffff,0.0,0.0,0.0,0.0,,,chm-legacy,2009-2020,coverage-unknown
882830129dfffff,12.967849812582713,9.638502212150641,76584.0,45219.0,590564.52,0.7719338563110526,usfs-2022,2022,partial
88283012a1fffff,10.855765039232782,0.0,2869.0,0.0,26426.88,0.03453295953307698,usfs-2022,2022,partial
88283012a3fffff,3.5788418659713694,0.0,8870.0,8848.0,247836.6,0.3239021351530103,usfs-2022,2022,partial
88283012a5fffff,21.900442876340986,0.0,167506.0,0.0,,,chm-legacy,2009-2020,coverage-unknown
88283012a7fffff,7.043183844281339,0.0,53863.0,0.0,,,chm-legacy,2009-2020,coverage-unknown
88283012a9fffff,4.405964842137226,2.8202595456248507,23089.0,10271.0,524038.68,0.6847341163276119,usfs-2022,2022,partial
88283012abfffff,3.806313042059759,0.0,504.0,0.0,13241.16,0.017303944177658282,usfs-2022,2022,partial
88283012adfffff,66.39427987742594,0.0,234.0,0.0,352.44,0.00046048200419427146,usfs-2022,2022,partial
88283012b1fffff,5.373923250498504,4.442900584262497,26535.0,30205.0,493777.8,0.6454633732946615,usfs-2022,2022,partial
88283012b3fffff,0.0,0.0,0.0,0.0,,,chm-legacy,2009-2020,coverage-unknown
88283012b5fffff,3.906920212277317,0.6697559916008978,29856.0,19755.0,764170.2,0.9988469585859328,usfs-2022,2022,full
88283012b7fffff,3.6311869971528488,1.0926425919676004,10702.0,8440.0,294736.68,0.38530402932661717,usfs-2022,2022,partial
88283012b9fffff,10.613563690658088,6.813134068839981,81147.0,148175.0,764558.28,0.999358583145444,usfs-2022,2022,full
88283012bbfffff,5.083772969629956,5.440233475830318,7812.0,16563.0,153672.48,0.20089418246558663,usfs-2022,2022,partial
88283012bdfffff,2.583858948468957,1.5604890604890604,18968.0,8811.0,734111.28,0.9594921869925319,usfs-2022,2022,partial
88283012c1fffff,11.906870558598863,3.813669132544881,91137.0,58791.0,765417.24,1.0,usfs-2022,2022,full
88283012c3fffff,16.75333735052541,9.931862929451585,128215.0,117255.0,765310.68,1.0,usfs-2022,2022,full
88283012c5fffff,16.68861396243062,7.057924083760011,127746.0,91030.0,765470.16,0.9999981711948821,usfs-2022,2022,full
88283012c7fffff,12.751974592757884,5.280780494773685,97599.0,114570.0,765362.88,0.9999971182696918,usfs-2022,2022,full
88283012c9fffff,26.91473451535531,7.8529873311134075,206024.0,34668.0,765468.0,1.0,usfs-2022,2022,full
88283012cbfffff,26.624292921643534,2.487109721449724,203772.0,46705.0,765360.72,0.9999990761071447,usfs-2022,2022,full
88283012cdfffff,34.210444637776575,2.821339586692071,261888.0,4774.0,765522.0,0.9999987241079115,usfs-2022,2022,full
88283012d1fffff,17.609975303576864,9.693004909373578,134742.0,137807.0,765147.24,0.999998488932093,usfs-2022,2022,full
88283012d3fffff,12.579607451606964,10.6055163688726,86817.0,101242.0,690142.68,0.9020979568707527,usfs-2022,2022,partial
88283012d5fffff,18.338153232814083,8.373719252364118,140324.0,93587.0,765202.68,0.9999989115677047,usfs-2022,2022,full
88283012d7fffff,14.34272883659127,15.60893354382085,109736.0,121434.0,765097.92,1.0,usfs-2022,2022,full
88283012d9fffff,15.926931152634344,6.218583089363185,121873.0,79455.0,765200.52,1.0,usfs-2022,2022,full
88283012dbfffff,23.18769727072366,11.989192739431575,177407.0,106128.0,765090.72,0.9999967148544222,usfs-2022,2022,full
88283012ddfffff,14.028280486577167,2.030937826555419,107352.0,65139.0,765254.16,0.9999989996405,usfs-2022,2022,full
88283012e1fffff,8.652886605558841,0.0,66196.0,0.0,,,chm-legacy,2009-2020,coverage-unknown
88283012e3fffff,1.457549704459968,0.0,78.0,0.0,5359.68,0.00700274363972905,usfs-2022,2022,partial
88283012e5fffff,6.5863004580689,12.006489994591671,50390.0,9372.0,,,chm-legacy,2009-2020,coverage-unknown
88283012e7fffff,0.0,0.0,0.0,0.0,10203.48,0.01333050233305276,usfs-2022,2022,partial
88283012e9fffff,7.096823300775617,3.343299809730905,36586.0,46086.0,515527.56,0.6734287076336924,usfs-2022,2022,partial
88283012ebfffff,8.800504916572082,2.6721900660679343,29867.0,42798.0,339382.8,0.44339415908355573,usfs-2022,2022,partial
88283012edfffff,30.880497039122417,0.0,236273.0,334.0,,,chm-legacy,2009-2020,coverage-unknown
8828301301fffff,30.024803754386458,19.91421146306755,230091.0,71112.0,766335.6,1.0,usfs-2022,2022,full
8828301303fffff,22.646493369574383,0.0,126667.0,0.0,559321.56,0.7299664142814088,usfs-2022,2022,partial
8828301305fffff,31.713684855300283,13.592999860231236,243050.0,95700.0,766388.52,0.9999980750354976,usfs-2022,2022,full
8828301307fffff,23.400332993824957,15.944782472764002,179313.0,88077.0,766284.48,1.0,usfs-2022,2022,full
8828301309fffff,30.044418998298717,29.217439552700654,125816.0,11940.0,418766.76,0.5464168056667786,usfs-2022,2022,partial
882830130bfffff,11.019750863290113,27.426271112277938,33971.0,2985.0,308274.12,0.40229915477578,usfs-2022,2022,partial
882830130dfffff,30.519032785961407,15.871814853746057,198860.0,66845.0,651593.52,0.8501541139888061,usfs-2022,2022,partial
8828301311fffff,14.30834310836897,0.0,109546.0,0.0,,,chm-legacy,2009-2020,coverage-unknown
8828301313fffff,12.736859601817308,11.49110807113543,97501.0,7453.0,,,chm-legacy,2009-2020,coverage-unknown
8828301315fffff,60.23001695136263,0.0,41571.0,0.0,69021.0,0.09009129075374303,usfs-2022,2022,partial
8828301317fffff,18.042912273574977,0.0,138128.0,0.0,,,chm-legacy,2009-2020,coverage-unknown
8828301319fffff,43.62585687625876,28.816307621033125,334026.0,17700.0,,,chm-legacy,2009-2020,coverage-unknown
882830131bfffff,35.25234007379256,44.7615324472244,269875.0,8139.0,,,chm-legacy,2009-2020,coverage-unknown
882830131dfffff,24.492896861317913,30.637161388782907,187546.0,31415.0,,,chm-legacy,2009-2020,coverage-unknown
8828301321fffff,12.425013211203101,10.121229386256449,95225.0,102223.0,766395.0,1.0,usfs-2022,2022,full
8828301323fffff,7.280692482059593,6.593912270649962,55791.0,74535.0,766287.0,1.0,usfs-2022,2022,full
8828301325fffff,12.866237610461932,5.581607295193587,98613.0,64149.0,766445.04,0.9999971344348558,usfs-2022,2022,full
8828301327fffff,1.0739782244831522,0.010451641560952667,8230.0,27553.0,766339.56,0.999998106636433,usfs-2022,2022,full
8828301329fffff,18.863060018891385,8.75367697253286,144575.0,105863.0,766444.68,1.0,usfs-2022,2022,full
882830132bfffff,19.81514669648121,11.5662208355319,151851.0,138771.0,766337.4,0.9999988307320844,usfs-2022,2022,full
882830132dfffff,12.497686874692954,6.220465154865492,95794.0,105806.0,766495.44,0.9999953548172986,usfs-2022,2022,full
8828301331fffff,11.367762901925255,9.505567274388243,87092.0,141933.0,766127.52,1.0,usfs-2022,2022,full
8828301333fffff,1.1506446109524493,0.0,2651.0,0.0,230427.36,0.30081136863453883,usfs-2022,2022,partial
8828301335fffff,10.527168964146535,16.16490983416048,80657.0,44150.0,766178.64,0.9999978557141405,usfs-2022,2022,full
8828301337fffff,3.32605881610737,1.9352307893475134,12811.0,16199.0,385180.2,0.5027976490530526,usfs-2022,2022,partial
8828301339fffff,45.54238070302543,31.404726922286997,342842.0,62523.0,752797.8,0.9825370888098465,usfs-2022,2022,partial
882830133bfffff,55.10068456783757,17.764067494239203,286547.0,19914.0,520041.96,0.6788428591415795,usfs-2022,2022,partial
882830133dfffff,24.347146670826238,19.010731544874666,186556.0,147091.0,766233.36,1.0,usfs-2022,2022,full
8828301341fffff,60.865072359050856,23.574517498198126,273533.0,13742.0,449408.88,0.5862786787833153,usfs-2022,2022,partial
8828301343fffff,48.47083712486893,11.258278145695364,371278.0,3087.0,,,chm-legacy,2009-2020,coverage-unknown
8828301345fffff,53.82625525438819,45.11959977070196,361733.0,22747.0,672038.28,0.8766485447873352,usfs-2022,2022,partial
8828301347fffff,19.216384683882456,0.8639787328311919,1554.0,1611.0,8085.6,0.010548820830497132,usfs-2022,2022,partial
8828301349fffff,49.82500851125918,44.377561794856874,276602.0,24084.0,555147.0,0.7241712253282226,usfs-2022,2022,partial
882830134bfffff,39.432039595115306,8.49053408744539,221191.0,29182.0,560941.92,0.7318318769471467,usfs-2022,2022,partial
882830134dfffff,41.55979742697895,29.86186853461416,242046.0,37272.0,582403.32,0.7596720470819642,usfs-2022,2022,partial
8828301351fffff,36.19511203886724,0.0,277189.0,0.0,,,chm-legacy,2009-2020,coverage-unknown
8828301353fffff,35.71009484562754,42.42957746478873,273437.0,1884.0,,,chm-legacy,2009-2020,coverage-unknown
8828301355fffff,28.352769679300295,0.0,420.0,0.0,1481.76,0.0019335734927816309,usfs-2022,2022,partial
8828301357fffff,46.416579296202045,35.37338573834924,355443.0,13260.0,,,chm-legacy,2009-2020,coverage-unknown
8828301359fffff,38.718828981596566,22.27180527383367,296537.0,11036.0,,,chm-legacy,2009-2020,coverage-unknown
882830135bfffff,51.86055964599481,0.0,397130.0,0.0,,,chm-legacy,2009-2020,coverage-unknown
882830135dfffff,37.229501228909875,0.0,285151.0,0.0,,,chm-legacy,2009-2020,coverage-unknown
8828301361fffff,33.33673013680039,18.93913381861466,255560.0,50994.0,766603.08,1.0,usfs-2022,2022,full
8828301363fffff,19.307611018481555,6.806423436135188,147992.0,64912.0,766494.0,0.9999971218241731,usfs-2022,2022,full
8828301365fffff,14.151691611135817,3.820357436318817,108495.0,134842.0,766654.92,0.999997434411151,usfs-2022,2022,full
8828301367fffff,15.4630988095663,6.433051249340431,118533.0,100863.0,766550.88,1.0,usfs-2022,2022,full
8828301369fffff,32.50782425766401,16.551732018488575,249223.0,52581.0,766654.2,1.0,usfs-2022,2022,full
882830136bfffff,28.059125477085683,15.534591402135137,213317.0,92313.0,760240.8,0.9917721451205581,usfs-2022,2022,full
882830136dfffff,28.6690328430224,18.50055200562042,219807.0,96470.0,766705.32,0.9999957956501684,usfs-2022,2022,full
8828301601fffff,0.0,0.0,0.0,0.0,,,chm-legacy,2009-2020,coverage-unknown
8828301605fffff,0.0,0.0,0.0,0.0,,,chm-legacy,2009-2020,coverage-unknown
8828301609fffff,0.0,0.0,0.0,0.0,,,chm-legacy,2009-2020,coverage-unknown
882830160dfffff,0.0,0.0,0.0,0.0,,,chm-legacy,2009-2020,coverage-unknown
8828301621fffff,0.0,0.0,0.0,0.0,,,chm-legacy,2009-2020,coverage-unknown
8828301625fffff,0.0,0.0,0.0,0.0,,,chm-legacy,2009-2020,coverage-unknown
8828301627fffff,0.0,0.0,0.0,0.0,,,chm-legacy,2009-2020,coverage-unknown
8828301629fffff,0.0,0.0,0.0,0.0,,,chm-legacy,2009-2020,coverage-unknown
882830162bfffff,0.0,0.0,0.0,0.0,,,chm-legacy,2009-2020,coverage-unknown
882830162dfffff,0.0,0.0,0.0,0.0,,,chm-legacy,2009-2020,coverage-unknown
8828301641fffff,0.0,0.0,0.0,0.0,,,chm-legacy,2009-2020,coverage-unknown
8828301643fffff,0.0,0.0,0.0,0.0,,,chm-legacy,2009-2020,coverage-unknown
8828301645fffff,0.0,0.0,0.0,0.0,,,chm-legacy,2009-2020,coverage-unknown
8828301647fffff,0.0,0.0,0.0,0.0,,,chm-legacy,2009-2020,coverage-unknown
8828301649fffff,0.0,0.0,0.0,0.0,,,chm-legacy,2009-2020,coverage-unknown
882830164bfffff,0.0,0.0,0.0,0.0,,,chm-legacy,2009-2020,coverage-unknown
882830164dfffff,0.0,0.0,0.0,0.0,,,chm-legacy,2009-2020,coverage-unknown
8828301661fffff,0.0,0.0,0.0,0.0,,,chm-legacy,2009-2020,coverage-unknown
8828301663fffff,0.0,0.0,0.0,0.0,,,chm-legacy,2009-2020,coverage-unknown
8828301665fffff,0.0,0.0,0.0,0.0,,,chm-legacy,2009-2020,coverage-unknown
8828301667fffff,0.0,0.0,0.0,0.0,,,chm-legacy,2009-2020,coverage-unknown
8828301669fffff,0.0,0.0,0.0,0.0,,,chm-legacy,2009-2020,coverage-unknown
882830166bfffff,0.0,0.0,0.0,0.0,,,chm-legacy,2009-2020,coverage-unknown
882830166dfffff,0.0,0.0,0.0,0.0,,,chm-legacy,2009-2020,coverage-unknown
8828301701fffff,0.0,0.0,0.0,0.0,,,chm-legacy,2009-2020,coverage-unknown
8828301703fffff,0.0,0.0,0.0,0.0,,,chm-legacy,2009-2020,coverage-unknown
8828301705fffff,0.0,0.0,0.0,0.0,,,chm-legacy,2009-2020,coverage-unknown
8828301707fffff,0.0,0.0,0.0,0.0,,,chm-legacy,2009-2020,coverage-unknown
8828301709fffff,0.0,0.0,0.0,0.0,,,chm-legacy,2009-2020,coverage-unknown
882830170bfffff,0.0,0.0,0.0,0.0,,,chm-legacy,2009-2020,coverage-unknown
882830170dfffff,0.0,0.0,0.0,0.0,,,chm-legacy,2009-2020,coverage-unknown
8828301711fffff,0.0,0.0,0.0,0.0,,,chm-legacy,2009-2020,coverage-unknown
8828301713fffff,0.0,0.0,0.0,0.0,,,chm-legacy,2009-2020,coverage-unknown
8828301715fffff,0.0,0.0,0.0,0.0,,,chm-legacy,2009-2020,coverage-unknown
8828301719fffff,0.0,0.0,0.0,0.0,,,chm-legacy,2009-2020,coverage-unknown
882830171bfffff,0.0,0.0,0.0,0.0,,,chm-legacy,2009-2020,coverage-unknown
882830171dfffff,0.0,0.0,0.0,0.0,,,chm-legacy,2009-2020,coverage-unknown
8828301729fffff,0.0,0.0,0.0,0.0,,,chm-legacy,2009-2020,coverage-unknown
8828301741fffff,0.0,0.0,0.0,0.0,,,chm-legacy,2009-2020,coverage-unknown
8828301743fffff,0.0,0.0,0.0,0.0,,,chm-legacy,2009-2020,coverage-unknown
8828301745fffff,0.0,0.0,0.0,0.0,,,chm-legacy,2009-2020,coverage-unknown
8828301747fffff,0.0,0.0,0.0,0.0,,,chm-legacy,2009-2020,coverage-unknown
8828301749fffff,0.0,0.0,0.0,0.0,,,chm-legacy,2009-2020,coverage-unknown
882830174bfffff,0.0,0.0,0.0,0.0,,,chm-legacy,2009-2020,coverage-unknown
882830174dfffff,0.0,0.0,0.0,0.0,,,chm-legacy,2009-2020,coverage-unknown
8828301751fffff,0.0,0.0,0.0,0.0,,,chm-legacy,2009-2020,coverage-unknown
8828301753fffff,0.0,0.0,0.0,0.0,,,chm-legacy,2009-2020,coverage-unknown
8828301755fffff,0.0,0.0,0.0,0.0,,,chm-legacy,2009-2020,coverage-unknown
8828301757fffff,0.0,0.0,0.0,0.0,,,chm-legacy,2009-2020,coverage-unknown
8828301759fffff,0.0,0.0,0.0,0.0,,,chm-legacy,2009-2020,coverage-unknown
882830175bfffff,0.0,0.0,0.0,0.0,,,chm-legacy,2009-2020,coverage-unknown
882830175dfffff,0.0,0.0,0.0,0.0,,,chm-legacy,2009-2020,coverage-unknown
8828301761fffff,0.0,0.0,0.0,0.0,,,chm-legacy,2009-2020,coverage-unknown
8828301763fffff,0.0,0.0,0.0,0.0,,,chm-legacy,2009-2020,coverage-unknown
8828301765fffff,0.0,0.0,0.0,0.0,,,chm-legacy,2009-2020,coverage-unknown
8828301767fffff,0.0,0.0,0.0,0.0,,,chm-legacy,2009-2020,coverage-unknown
8828301769fffff,0.0,0.0,0.0,0.0,,,chm-legacy,2009-2020,coverage-unknown
882830176bfffff,0.0,0.0,0.0,0.0,,,chm-legacy,2009-2020,coverage-unknown
882830176dfffff,0.0,0.0,0.0,0.0,,,chm-legacy,2009-2020,coverage-unknown
8828301a09fffff,0.0,0.0,0.0,0.0,,,chm-legacy,2009-2020,coverage-unknown
8828301a41fffff,0.0,0.0,0.0,22113.0,,,chm-legacy,2009-2020,coverage-unknown
8828301a43fffff,0.0133663959587393,0.1500375093773443,102.0,7667.0,,,chm-legacy,2009-2020,coverage-unknown
8828301a45fffff,0.0424076481271491,0.0,325.0,82714.0,,,chm-legacy,2009-2020,coverage-unknown
8828301a47fffff,0.0658992248776486,0.0,505.0,42169.0,,,chm-legacy,2009-2020,coverage-unknown
8828301a49fffff,0.0036886757654002,0.0,28.0,17176.0,,,chm-legacy,2009-2020,coverage-unknown
8828301a4bfffff,0.0,0.0,0.0,0.0,,,chm-legacy,2009-2020,coverage-unknown
8828301a4dfffff,0.3397487610925435,0.0297353553374962,2603.0,58095.0,,,chm-legacy,2009-2020,coverage-unknown
8828301a51fffff,0.0,0.0,0.0,0.0,,,chm-legacy,2009-2020,coverage-unknown
8828301a55fffff,0.0,0.0,0.0,0.0,,,chm-legacy,2009-2020,coverage-unknown
8828301a57fffff,0.0,0.0,0.0,0.0,,,chm-legacy,2009-2020,coverage-unknown
8828301a59fffff,0.0,0.0,0.0,0.0,,,chm-legacy,2009-2020,coverage-unknown
8828301a5bfffff,0.0,0.0,0.0,0.0,,,chm-legacy,2009-2020,coverage-unknown
8828301a5dfffff,0.0,0.0,0.0,0.0,,,chm-legacy,2009-2020,coverage-unknown
8828301a61fffff,0.0,0.0,0.0,0.0,,,chm-legacy,2009-2020,coverage-unknown
8828301a65fffff,0.0,0.0,0.0,0.0,,,chm-legacy,2009-2020,coverage-unknown
8828301a69fffff,0.0714315340267568,0.0,547.0,33638.0,,,chm-legacy,2009-2020,coverage-unknown
8828301a6bfffff,0.0603725585982505,0.2778830365037261,463.0,45475.0,,,chm-legacy,2009-2020,coverage-unknown
8828301a6dfffff,0.0055288073901725,0.0,42.0,17781.0,,,chm-legacy,2009-2020,coverage-unknown
8828301b41fffff,0.0,0.0,0.0,0.0,,,chm-legacy,2009-2020,coverage-unknown
8828301b49fffff,0.0,0.0,0.0,0.0,,,chm-legacy,2009-2020,coverage-unknown
8828301b4bfffff,0.0,0.0,0.0,0.0,,,chm-legacy,2009-2020,coverage-unknown
8828301b4dfffff,0.0,0.0,0.0,0.0,,,chm-legacy,2009-2020,coverage-unknown
8828301b59fffff,0.0,0.0,0.0,0.0,,,chm-legacy,2009-2020,coverage-unknown
8828301b5dfffff,0.0,0.0,0.0,0.0,,,chm-legacy,2009-2020,coverage-unknown
8828305245fffff,0.97681275229737,1.302000635122261,7506.0,17902.0,,,chm-legacy,2009-2020,coverage-unknown
8828305261fffff,26.467617377250896,5.919003115264798,203370.0,1740.0,,,chm-legacy,2009-2020,coverage-unknown
8828305263fffff,0.4076985234702123,6.106369008535785,3132.0,8237.0,,,chm-legacy,2009-2020,coverage-unknown
8828305265fffff,29.225408688386867,10.575703778848592,224576.0,20310.0,,,chm-legacy,2009-2020,coverage-unknown
8828305267fffff,6.177010650018362,3.434106251834459,47459.0,18950.0,,,chm-legacy,2009-2020,coverage-unknown
8828305269fffff,21.228193436103727,0.0,163123.0,14636.0,,,chm-legacy,2009-2020,coverage-unknown
882830526bfffff,0.6437925904156641,0.3390651489464761,4946.0,23702.0,,,chm-legacy,2009-2020,coverage-unknown
882830526dfffff,13.617392502123558,1.7701963308657869,104647.0,17580.0,,,chm-legacy,2009-2020,coverage-unknown
8828305341fffff,,0.0,0.0,0.0,0.0,0.0,none,,unassessed
8828305343fffff,,0.0,0.0,0.0,0.0,0.0,none,,unassessed
8828305345fffff,,0.0,0.0,0.0,0.0,0.0,none,,unassessed
8828305347fffff,,0.0,0.0,0.0,0.0,0.0,none,,unassessed
8828305349fffff,,0.0,0.0,0.0,0.0,0.0,none,,unassessed
882830534bfffff,,0.0,0.0,0.0,0.0,0.0,none,,unassessed
882830534dfffff,,0.0,0.0,0.0,0.0,0.0,none,,unassessed
8828305359fffff,0.7064137225111424,0.0,5429.0,12217.0,,,chm-legacy,2009-2020,coverage-unknown
882830535bfffff,0.2501549124457806,0.0,1922.0,3790.0,,,chm-legacy,2009-2020,coverage-unknown
8828305369fffff,,0.0,0.0,0.0,0.0,0.0,none,,unassessed
882830536dfffff,,0.0,0.0,0.0,0.0,0.0,none,,unassessed
8828308801fffff,39.25817980433706,21.180704235708323,301131.0,65603.0,767053.8,0.9999999399577482,usfs-2022,2022,full
8828308803fffff,55.150250350753915,50.30192948617462,422974.0,52501.0,766947.96,1.0,usfs-2022,2022,full
8828308805fffff,53.50551115770682,29.205216501403697,410446.0,36858.0,767109.24,1.0,usfs-2022,2022,full
8828308807fffff,48.025615764471645,29.69163510885617,368358.0,51933.0,767002.68,0.9999997983660709,usfs-2022,2022,full
8828308809fffff,55.84342751966707,42.11220233248569,428378.0,66544.0,767104.92,1.0,usfs-2022,2022,full
882830880bfffff,23.32999977359899,12.539709078749372,107581.0,11299.0,461128.68,0.601211757504379,usfs-2022,2022,partial
882830880dfffff,52.36771468793994,35.207825450999515,401744.0,38272.0,767160.0,1.0,usfs-2022,2022,full
8828308811fffff,64.06934471958994,56.607859271712215,458075.0,39677.0,714967.2,0.9324200358721364,usfs-2022,2022,partial
8828308813fffff,68.07780457865867,60.66139558232931,142755.0,4514.0,209694.6,0.273509764484396,usfs-2022,2022,partial
8828308815fffff,50.44657255272374,66.50561237808206,386845.0,25406.0,766840.68,0.9999986530663556,usfs-2022,2022,full
8828308817fffff,65.15545980962858,55.317911315942546,460565.0,25165.0,706870.8,0.9219224936207142,usfs-2022,2022,partial
8828308819fffff,72.52114920819051,59.638544982601715,421317.0,28437.0,580957.92,0.7576023147895609,usfs-2022,2022,partial
882830881bfffff,66.97930184076445,67.55819860741715,280022.0,7816.0,418071.96,0.5452651671213284,usfs-2022,2022,partial
882830881dfffff,56.94838187853861,54.490914364514374,328245.0,32196.0,576390.6,0.7515922310243471,usfs-2022,2022,partial
8828308821fffff,42.4718542191687,35.3972807293304,325807.0,59184.0,767113.2,1.0,usfs-2022,2022,full
8828308823fffff,66.88019345076054,56.66392250967753,512974.0,26720.0,767004.48,0.9999970553277128,usfs-2022,2022,full
8828308825fffff,47.40858715947629,40.26136427646031,363703.0,38179.0,767166.84,0.999998905236652,usfs-2022,2022,full
8828308827fffff,55.534634083612154,48.733496546297104,425983.0,42216.0,767058.84,0.9999963308274397,usfs-2022,2022,full
8828308829fffff,59.389950384958844,42.77109706126702,455617.0,58525.0,767162.52,0.9999982608151246,usfs-2022,2022,full
882830882bfffff,52.57601321622085,41.89683709888738,403288.0,50929.0,767057.4,0.9999994401868851,usfs-2022,2022,full
882830882dfffff,47.884648681773626,23.39605928580993,367379.0,26775.0,767217.24,0.9999979812781327,usfs-2022,2022,full
8828308831fffff,62.82879031640955,48.84342190904717,481798.0,32539.0,766842.84,0.9999962768868246,usfs-2022,2022,full
8828308833fffff,51.35059884976897,36.517528624264955,393726.0,47764.0,766739.88,1.0,usfs-2022,2022,full
8828308835fffff,66.99505839839908,62.3092519474976,513786.0,25430.0,766901.16,1.0,usfs-2022,2022,full
8828308837fffff,51.404449359303264,30.96287112272234,390246.0,33677.0,759167.28,0.9900530132754718,usfs-2022,2022,full
8828308839fffff,62.43450348454137,62.050440032368655,478808.0,40688.0,766895.76,0.9999986859122053,usfs-2022,2022,full
882830883bfffff,64.33725074836524,60.85640724513303,493332.0,28078.0,766791.36,1.0,usfs-2022,2022,full
882830883dfffff,58.722442105421266,48.96456578042094,450373.0,51005.0,766952.64,1.0,usfs-2022,2022,full
8828308841fffff,38.9781235977741,44.755864702673215,271754.0,8749.0,697195.08,0.9086796053398405,usfs-2022,2022,partial
8828308843fffff,13.57305091539227,2.7618637972103044,98015.0,96847.0,722129.76,0.9413079165113006,usfs-2022,2022,partial
8828308845fffff,61.801996400548745,39.64254444601729,474217.0,41445.0,767316.96,1.0,usfs-2022,2022,full
8828308847fffff,53.906009884855,39.19410541845493,413572.0,52228.0,767210.04,0.9999989829115962,usfs-2022,2022,full
8828308849fffff,29.26857497349574,0.0,224454.0,0.0,,,chm-legacy,2009-2020,coverage-unknown
882830884bfffff,2.228857638219996,0.6350486366614586,833.0,7097.0,37375.2,0.04871595222041761,usfs-2022,2022,partial
882830884dfffff,43.35114275367422,33.294948966239204,248227.0,27527.0,572595.84,0.746181846252941,usfs-2022,2022,partial
8828308851fffff,24.821868306401086,1.6510121929875738,18398.0,6069.0,74119.32,0.09663604494273854,usfs-2022,2022,partial
8828308853fffff,47.277853392961305,0.0,362361.0,0.0,,,chm-legacy,2009-2020,coverage-unknown
8828308855fffff,44.319727141605,14.735866543095458,224446.0,9274.0,506425.32,0.6602249073031645,usfs-2022,2022,partial
8828308857fffff,36.38644337675082,0.0,278904.0,0.0,,,chm-legacy,2009-2020,coverage-unknown
8828308859fffff,34.47159817013316,69.20748486516236,264262.0,6445.0,,,chm-legacy,2009-2020,coverage-unknown
882830885bfffff,33.814255419633845,35.051546391752574,259187.0,13427.0,,,chm-legacy,2009-2020,coverage-unknown
882830885dfffff,1.1538521509987056,2.0458036587068844,266.0,5050.0,23087.88,0.03009759126516461,usfs-2022,2022,partial
8828308861fffff,35.597339455007706,36.90294394271903,273145.0,22461.0,767319.48,0.9999981939014069,usfs-2022,2022,full
8828308863fffff,42.48372944185064,29.467111486552245,325941.0,65227.0,767214.0,0.9999988481347827,usfs-2022,2022,full
8828308865fffff,47.33730531056484,5.759841789753414,363255.0,5490.0,767376.0,1.0,usfs-2022,2022,full
8828308867fffff,51.26408349430655,0.0,393334.0,0.0,767270.52,1.0,usfs-2022,2022,full
8828308869fffff,56.12599045782726,38.34511174276997,430695.0,42557.0,767372.4,1.0,usfs-2022,2022,full
882830886bfffff,52.63458182778762,37.677482187708236,403846.0,52525.0,767263.32,0.9999966813741294,usfs-2022,2022,full
882830886dfffff,49.78616050088684,31.500378928074163,382072.0,41975.0,767426.04,0.9999989840424155,usfs-2022,2022,full
8828308881fffff,27.640455676991273,0.0,211688.0,0.0,,,chm-legacy,2009-2020,coverage-unknown
8828308883fffff,43.2087283630155,0.0,330874.0,0.0,,,chm-legacy,2009-2020,coverage-unknown
8828308885fffff,44.946746985722086,0.0,344255.0,0.0,,,chm-legacy,2009-2020,coverage-unknown
8828308887fffff,32.89426809351303,0.0,251908.0,0.0,,,chm-legacy,2009-2020,coverage-unknown
8828308889fffff,18.75341286662286,25.839047275351856,143635.0,11837.0,,,chm-legacy,2009-2020,coverage-unknown
882830888bfffff,34.99583526145303,0.0,268001.0,0.0,,,chm-legacy,2009-2020,coverage-unknown
882830888dfffff,60.257644184496925,0.0,461556.0,0.0,,,chm-legacy,2009-2020,coverage-unknown
8828308891fffff,47.222954870413815,0.0,361536.0,0.0,,,chm-legacy,2009-2020,coverage-unknown
8828308893fffff,63.599515079724966,0.0,486846.0,0.0,,,chm-legacy,2009-2020,coverage-unknown
8828308895fffff,28.555036320732892,0.0,218631.0,0.0,,,chm-legacy,2009-2020,coverage-unknown
8828308897fffff,21.06943409844864,0.0,161295.0,0.0,,,chm-legacy,2009-2020,coverage-unknown
8828308899fffff,38.04660203160793,0.0,291303.0,0.0,,,chm-legacy,2009-2020,coverage-unknown
882830889bfffff,22.356784873039597,0.0,171150.0,0.0,,,chm-legacy,2009-2020,coverage-unknown
882830889dfffff,26.84701026348181,0.0,205568.0,0.0,,,chm-legacy,2009-2020,coverage-unknown
88283088a1fffff,31.22679501939624,0.0,239172.0,0.0,,,chm-legacy,2009-2020,coverage-unknown
88283088a3fffff,36.34190215908512,0.0,278311.0,0.0,,,chm-legacy,2009-2020,coverage-unknown
88283088a5fffff,45.6041592465991,0.0,349316.0,0.0,,,chm-legacy,2009-2020,coverage-unknown
88283088a7fffff,59.32203389830508,64.85507246376811,454328.0,2235.0,,,chm-legacy,2009-2020,coverage-unknown
88283088a9fffff,19.595066432968142,0.0,150093.0,0.0,,,chm-legacy,2009-2020,coverage-unknown
88283088abfffff,59.132542604962715,0.0,452876.0,0.0,,,chm-legacy,2009-2020,coverage-unknown
88283088adfffff,14.896608499794189,0.0,114112.0,0.0,,,chm-legacy,2009-2020,coverage-unknown
88283088b1fffff,65.66592497675472,0.0,502772.0,0.0,,,chm-legacy,2009-2020,coverage-unknown
88283088b3fffff,50.3575194716297,0.0,385509.0,0.0,,,chm-legacy,2009-2020,coverage-unknown
88283088b5fffff,33.560446269982236,0.0,256974.0,0.0,,,chm-legacy,2009-2020,coverage-unknown
88283088b7fffff,13.179305719373712,0.0,100901.0,0.0,,,chm-legacy,2009-2020,coverage-unknown
88283088b9fffff,47.54103669707793,0.0,364024.0,0.0,,,chm-legacy,2009-2020,coverage-unknown
88283088bbfffff,47.121741343017746,0.0,360762.0,0.0,,,chm-legacy,2009-2020,coverage-unknown
88283088bdfffff,42.933274120128786,0.0,328765.0,0.0,,,chm-legacy,2009-2020,coverage-unknown
88283088c1fffff,48.63488889814545,89.68145929757692,372580.0,2183.0,,,chm-legacy,2009-2020,coverage-unknown
88283088c3fffff,52.81689814921947,0.0,404561.0,0.0,,,chm-legacy,2009-2020,coverage-unknown
88283088c5fffff,67.87823253919773,80.43939101946424,520036.0,5846.0,,,chm-legacy,2009-2020,coverage-unknown
88283088c7fffff,46.75410018140758,49.88603988603988,358147.0,10132.0,,,chm-legacy,2009-2020,coverage-unknown
88283088c9fffff,44.44465019814081,65.6782334384858,340503.0,3133.0,,,chm-legacy,2009-2020,coverage-unknown
88283088cbfffff,60.24911707391583,76.8196433791289,461521.0,4568.0,,,chm-legacy,2009-2020,coverage-unknown
88283088cdfffff,80.08463441685862,92.72621472214139,84480.0,180.0,105489.0,0.13760176733687474,usfs-2022,2022,partial
88283088d1fffff,22.05354167438072,0.0,168887.0,0.0,,,chm-legacy,2009-2020,coverage-unknown
88283088d3fffff,52.847985559900955,0.0,404657.0,0.0,,,chm-legacy,2009-2020,coverage-unknown
88283088d5fffff,35.871803771838486,0.0,274728.0,0.0,,,chm-legacy,2009-2020,coverage-unknown
88283088d7fffff,33.82450262167778,0.0,259013.0,0.0,,,chm-legacy,2009-2020,coverage-unknown
88283088d9fffff,52.24288375875149,48.0325081892441,84189.0,13536.0,161149.68,0.21029513737111197,usfs-2022,2022,partial
88283088dbfffff,46.506584075407254,37.69585562243838,80977.0,20084.0,174120.12,0.2272526520859139,usfs-2022,2022,partial
88283088ddfffff,52.09070038694389,65.94907886565929,398970.0,9475.0,,,chm-legacy,2009-2020,coverage-unknown
88283088e1fffff,39.77082226247692,0.0,48767.0,0.0,122619.24,0.15995655540813467,usfs-2022,2022,partial
88283088e3fffff,4.231242540040897,0.0,32412.0,0.0,,,chm-legacy,2009-2020,coverage-unknown
88283088e5fffff,58.765931787814594,54.39971025453926,450140.0,30821.0,765987.48,0.9991573965647492,usfs-2022,2022,full
88283088e7fffff,73.6082327892122,0.0,18669.0,0.0,25362.0,0.03308688495233423,usfs-2022,2022,partial
88283088e9fffff,30.749019567363007,11.818109421040058,139410.0,3986.0,453381.48,0.5913958431335415,usfs-2022,2022,partial
88283088ebfffff,36.16205085490849,16.752577319587626,277030.0,1860.0,,,chm-legacy,2009-2020,coverage-unknown
88283088edfffff,52.59532923379751,40.84661681853517,403239.0,26572.0,766681.92,0.9999965703919582,usfs-2022,2022,full
8828308901fffff,27.648206445995893,24.85645881180396,212183.0,49942.0,767438.28,1.0,usfs-2022,2022,full
8828308903fffff,57.06336829502185,49.079948486596244,437865.0,23202.0,767331.36,0.9999990256271135,usfs-2022,2022,full
8828308905fffff,30.145099117134677,24.66884645308699,231361.0,55073.0,767491.92,0.9999988982486083,usfs-2022,2022,full
8828308907fffff,30.418004258714817,34.93508456641865,233424.0,27892.0,767386.44,0.9999994994775233,usfs-2022,2022,full
8828308909fffff,53.812395809587066,43.47317620825959,413004.0,52202.0,767489.04,0.9999997196513396,usfs-2022,2022,full
882830890bfffff,26.535664457703025,19.434046261984037,203630.0,92512.0,767382.48,0.999998912994899,usfs-2022,2022,full
882830890dfffff,48.61439561439468,38.29440219224576,373137.0,63878.0,767543.76,0.99999970010943,usfs-2022,2022,full
8828308911fffff,40.20623914281126,19.358221476510067,247882.0,5537.0,616527.0,0.8036366351142739,usfs-2022,2022,partial
8828308913fffff,60.26895443373038,0.0,27541.0,0.0,45696.96,0.05957375302056497,usfs-2022,2022,partial
8828308915fffff,61.16060735024965,0.0,378706.0,0.0,619198.56,0.807061361293594,usfs-2022,2022,partial
8828308917fffff,69.56407174556213,37.09428129829985,533329.0,2344.0,,,chm-legacy,2009-2020,coverage-unknown
8828308919fffff,54.74371005733912,31.28206119038188,420007.0,51215.0,767224.8,1.0,usfs-2022,2022,full
882830891bfffff,49.85130535455589,45.35565956885754,382417.0,29840.0,767115.72,0.9999989518937688,usfs-2022,2022,full
882830891dfffff,43.36763587414238,36.95400268932141,332751.0,36627.0,767278.44,1.0,usfs-2022,2022,full
8828308921fffff,36.27140252531388,21.068144985760515,278382.0,54179.0,767495.88,0.9999996904478576,usfs-2022,2022,full
8828308923fffff,32.44262508109964,19.241434833169336,248961.0,55251.0,767389.32,0.9999988850020196,usfs-2022,2022,full
8828308925fffff,28.358337062082978,22.659814747216643,217664.0,97631.0,767549.52,0.9999984696782583,usfs-2022,2022,full
8828308927fffff,28.512685126288357,16.296894666641617,218819.0,96241.0,767443.68,0.9999985840964011,usfs-2022,2022,full
8828308929fffff,29.87956339267456,23.504825947074,229340.0,47505.0,767547.36,0.9999999197280692,usfs-2022,2022,full
882830892bfffff,31.42307100531761,31.37611516264584,241154.0,41565.0,767442.24,1.0,usfs-2022,2022,full
882830892dfffff,37.64713993131164,32.81592439931637,288982.0,60145.0,767606.04,1.0,usfs-2022,2022,full
8828308931fffff,39.16015895352313,40.55986875548778,300448.0,37043.0,767228.04,0.999998026688055,usfs-2022,2022,full
8828308933fffff,48.70458521103561,47.07947305142828,340091.0,29632.0,698273.64,0.9102492652373338,usfs-2022,2022,partial
8828308935fffff,46.553839527471645,38.109389792946516,357200.0,52480.0,767283.48,0.9999990546212124,usfs-2022,2022,full
8828308937fffff,34.35020438310371,43.74210033682456,263527.0,29643.0,767176.92,0.9999983226585154,usfs-2022,2022,full
8828308939fffff,60.956940582752395,41.216638657697885,467711.0,47725.0,767280.24,0.9999991994097903,usfs-2022,2022,full
882830893bfffff,55.308667833209455,52.17111573824954,391665.0,14719.0,708143.76,0.9230539222077161,usfs-2022,2022,partial
882830893dfffff,37.18944288789261,40.17669228133718,285368.0,44001.0,767337.12,1.0,usfs-2022,2022,full
8828308941fffff,51.994839501170546,35.34661579041717,399137.0,36355.0,767646.72,1.0,usfs-2022,2022,full
8828308943fffff,41.71290917644322,30.93687843190589,320163.0,58500.0,767540.52,1.0,usfs-2022,2022,full
8828308945fffff,34.31828104022557,35.11498999174144,263461.0,33375.0,767699.64,0.9999981606148645,usfs-2022,2022,full
8828308947fffff,57.01266998248292,45.42199104358446,437626.0,49710.0,767593.8,0.9999982180448289,usfs-2022,2022,full
8828308949fffff,18.067308264950736,28.70216461535588,138702.0,27486.0,767695.32,0.9999973137821814,usfs-2022,2022,full
882830894bfffff,32.97687784008701,27.01783671829114,253128.0,8499.0,767590.92,0.9999992464161032,usfs-2022,2022,full
882830894dfffff,49.49199257635819,23.136737512626524,379976.0,67114.0,767752.56,1.0,usfs-2022,2022,full
8828308951fffff,60.13209752079065,51.19027909473568,461441.0,35024.0,767378.52,0.9999985329224786,usfs-2022,2022,full
8828308953fffff,35.398927235567136,27.25414573017167,271607.0,43050.0,767273.76,1.0,usfs-2022,2022,full
8828308955fffff,39.12939665431851,30.29870150715054,300293.0,78167.0,767434.68,1.0,usfs-2022,2022,full
8828308957fffff,33.08400560178094,27.96374547952663,253863.0,80028.0,767327.4,0.9999985419845453,usfs-2022,2022,full
8828308959fffff,50.70057365933107,18.45270449192346,389092.0,21064.0,767431.08,1.0,usfs-2022,2022,full
882830895bfffff,34.10222762905597,33.260393873085334,261675.0,110.0,767325.24,1.0,usfs-2022,2022,full
882830895dfffff,62.07270509873821,48.026492197136264,476398.0,41867.0,767484.0,0.9999979331183017,usfs-2022,2022,full
8828308961fffff,41.92463647417582,28.646938807787812,321858.0,81206.0,767706.12,1.0,usfs-2022,2022,full
8828308963fffff,36.36466815306878,25.501562717735354,279135.0,67361.0,767598.48,0.999999741104302,usfs-2022,2022,full
8828308965fffff,35.44121936100397,30.484215644874403,272102.0,78227.0,767756.88,0.9999969891975707,usfs-2022,2022,full
8828308967fffff,21.57082789727467,15.58107782507429,165589.0,75679.0,767651.76,0.999997966798337,usfs-2022,2022,full
8828308969fffff,44.52723651116075,32.60861270794119,341860.0,38152.0,767754.72,0.9999986464278429,usfs-2022,2022,full
882830896bfffff,53.999699863062524,41.08641935561762,414528.0,52701.0,767649.6,0.9999996236666205,usfs-2022,2022,full
882830896dfffff,35.64434100225665,25.668745255215537,273681.0,80718.0,767810.52,1.0,usfs-2022,2022,full
8828308981fffff,42.24669868224614,0.0,323713.0,0.0,,,chm-legacy,2009-2020,coverage-unknown
8828308983fffff,27.195906121864063,0.0,208358.0,0.0,,,chm-legacy,2009-2020,coverage-unknown
8828308985fffff,12.56083976204893,0.0,96254.0,0.0,,,chm-legacy,2009-2020,coverage-unknown
8828308987fffff,32.770181283820314,0.0,251083.0,0.0,,,chm-legacy,2009-2020,coverage-unknown
8828308989fffff,34.0708680714507,28.87963663890992,261084.0,10823.0,,,chm-legacy,2009-2020,coverage-unknown
882830898bfffff,30.639562562687484,0.0,234758.0,0.0,,,chm-legacy,2009-2020,coverage-unknown
882830898dfffff,39.3646919606538,0.0,301672.0,0.0,,,chm-legacy,2009-2020,coverage-unknown
8828308991fffff,26.816280306006888,23.07457212713937,205406.0,43494.0,,,chm-legacy,2009-2020,coverage-unknown
8828308993fffff,16.7574138441059,33.21194464675892,128340.0,10564.0,,,chm-legacy,2009-2020,coverage-unknown
8828308995fffff,31.490535694480386,26.033519553072622,241227.0,15252.0,,,chm-legacy,2009-2020,coverage-unknown
8828308997fffff,24.87274206747329,17.71053745239103,190506.0,22401.0,,,chm-legacy,2009-2020,coverage-unknown
8828308999fffff,50.36517944640645,32.25100328347318,385812.0,21393.0,,,chm-legacy,2009-2020,coverage-unknown
882830899bfffff,63.5657409205671,16.584158415841586,486864.0,3882.0,,,chm-legacy,2009-2020,coverage-unknown
882830899dfffff,46.56602552247087,14.500197550375344,356735.0,24929.0,,,chm-legacy,2009-2020,coverage-unknown
88283089a1fffff,60.49358761133903,18.403247631935045,463563.0,3473.0,,,chm-legacy,2009-2020,coverage-unknown
88283089a3fffff,51.36217874668466,43.77281947261663,393534.0,7983.0,,,chm-legacy,2009-2020,coverage-unknown
88283089a5fffff,76.17204488127337,0.0,12611.0,0.0,16555.68,0.021590368052380914,usfs-2022,2022,partial
88283089a7fffff,53.04830679049402,66.85415563790366,64898.0,3606.0,122338.08,0.15956395520896272,usfs-2022,2022,partial
88283089a9fffff,27.807022003262823,0.0,213100.0,0.0,,,chm-legacy,2009-2020,coverage-unknown
88283089abfffff,41.70582391942153,0.0,319570.0,0.0,,,chm-legacy,2009-2020,coverage-unknown
88283089adfffff,63.68013455567056,0.0,488050.0,0.0,,,chm-legacy,2009-2020,coverage-unknown
88283089b1fffff,51.48991018959973,0.0,394430.0,0.0,,,chm-legacy,2009-2020,coverage-unknown
88283089b3fffff,51.09670203719451,29.081050228310502,391363.0,14314.0,,,chm-legacy,2009-2020,coverage-unknown
88283089b5fffff,35.90345500139315,35.122242098986284,55666.0,8617.0,155044.8,0.20226533744449363,usfs-2022,2022,partial
88283089b7fffff,75.37555412835414,33.03134886396319,17323.0,1677.0,22982.04,0.0299856180856464,usfs-2022,2022,partial
88283089b9fffff,44.67550115785144,0.0,342253.0,939.0,,,chm-legacy,2009-2020,coverage-unknown
88283089bbfffff,13.157031361911937,0.3527336860670194,100780.0,42307.0,,,chm-legacy,2009-2020,coverage-unknown
88283089bdfffff,44.204844277864304,0.0,338671.0,0.0,,,chm-legacy,2009-2020,coverage-unknown
88283089c1fffff,40.384239223452894,37.04981487714574,23784.0,5386.0,58894.56,0.07679517649401653,usfs-2022,2022,partial
88283089c3fffff,54.19174687710928,31.746031746031743,415299.0,20805.0,,,chm-legacy,2009-2020,coverage-unknown
88283089c5fffff,58.18554203498909,0.0,445999.0,0.0,,,chm-legacy,2009-2020,coverage-unknown
88283089c7fffff,72.4677005570065,36.241610738255034,555396.0,3830.0,,,chm-legacy,2009-2020,coverage-unknown
88283089c9fffff,57.81395910599977,46.82864621786697,423915.0,25667.0,733240.08,0.9560398009744978,usfs-2022,2022,partial
88283089cbfffff,46.492428587152354,27.647466530478244,231139.0,28561.0,497154.24,0.6483074288608369,usfs-2022,2022,partial
88283089cdfffff,47.48892353931106,38.23763666642531,193626.0,3071.0,407729.52,0.531582720672375,usfs-2022,2022,partial
88283089d1fffff,32.51005594340931,0.0,249089.0,0.0,,,chm-legacy,2009-2020,coverage-unknown
88283089d3fffff,38.985119900860994,0.0,298658.0,0.0,,,chm-legacy,2009-2020,coverage-unknown
88283089d5fffff,36.109030378693305,1.5270326042096576,276683.0,13743.0,,,chm-legacy,2009-2020,coverage-unknown
88283089d7fffff,29.166358390056228,6.457990115321252,223454.0,16353.0,,,chm-legacy,2009-2020,coverage-unknown
88283089d9fffff,48.082403139430326,55.569137126749325,250628.0,6412.0,521246.16,0.6798669771120873,usfs-2022,2022,partial
88283089dbfffff,35.5390915994648,59.88960441582337,28304.0,1727.0,79640.64,0.10389052817218386,usfs-2022,2022,partial
88283089ddfffff,62.6948569510865,0.0,26901.0,0.0,42908.4,0.05596187654988908,usfs-2022,2022,partial
88283089e1fffff,60.80194129882135,0.0,466055.0,0.0,,,chm-legacy,2009-2020,coverage-unknown
88283089e3fffff,32.49283667621776,0.0,249027.0,0.0,,,chm-legacy,2009-2020,coverage-unknown
88283089e5fffff,62.09418781297473,0.0,7946.0,0.0,12796.56,0.016683530671899913,usfs-2022,2022,partial
88283089e7fffff,58.34284525982578,0.0,447175.0,0.0,,,chm-legacy,2009-2020,coverage-unknown
88283089e9fffff,63.136558826656305,0.0,483984.0,0.0,,,chm-legacy,2009-2020,coverage-unknown
88283089ebfffff,52.032080617575005,0.0,398805.0,0.0,,,chm-legacy,2009-2020,coverage-unknown
88283089edfffff,65.71012183103022,0.0,45125.0,0.0,68672.16,0.08952542110261398,usfs-2022,2022,partial
8828308a05fffff,52.61342478139886,39.91609703939293,322170.0,79299.0,612334.44,0.7978664137170628,usfs-2022,2022,partial
8828308a21fffff,78.07766927354642,56.405823475887175,598884.0,27596.0,,,chm-legacy,2009-2020,coverage-unknown
8828308a23fffff,71.48499356404011,75.62326869806094,548240.0,4055.0,,,chm-legacy,2009-2020,coverage-unknown
8828308a25fffff,61.15702479338842,0.0,27.0,0.0,43.56,5.675389187303679e-05,usfs-2022,2022,partial
8828308a27fffff,34.61944516632017,0.0,15346.0,0.0,44328.96,0.05776373406409742,usfs-2022,2022,partial
8828308a29fffff,85.19537419124764,0.0,653524.0,0.0,,,chm-legacy,2009-2020,coverage-unknown
8828308a2bfffff,58.773497022717905,45.51890510601011,268240.0,53496.0,456396.12,0.5947194479545539,usfs-2022,2022,partial
8828308a2dfffff,87.79814687047079,58.08289679257421,673538.0,26271.0,,,chm-legacy,2009-2020,coverage-unknown
8828308a31fffff,57.99843461381923,36.9293004374053,333455.0,47653.0,574938.0,0.7493956431738922,usfs-2022,2022,partial
8828308a33fffff,55.78307715876015,36.00567238780818,263487.0,36228.0,472341.96,0.615753218186147,usfs-2022,2022,partial
8828308a35fffff,52.49469853410995,0.0,402541.0,0.0,,,chm-legacy,2009-2020,coverage-unknown
8828308a37fffff,40.124548569311976,43.80530973451327,307641.0,732.0,,,chm-legacy,2009-2020,coverage-unknown
8828308a3dfffff,54.50653798256538,43.86714341465473,257150.0,57477.0,471778.56,0.6148488453328674,usfs-2022,2022,partial
8828308a61fffff,96.00067593048632,58.142395116840525,167706.0,3308.0,174692.52,0.22756002647478543,usfs-2022,2022,partial
8828308a63fffff,90.42175687051649,46.83232436998451,161634.0,5438.0,178755.12,0.23288421850291494,usfs-2022,2022,partial
8828308a65fffff,92.2589191016752,0.0,707905.0,0.0,,,chm-legacy,2009-2020,coverage-unknown
8828308a67fffff,89.43904630461564,0.0,686172.0,0.0,,,chm-legacy,2009-2020,coverage-unknown
8828308aa1fffff,47.68016853768202,0.4439959636730575,70396.0,1776.0,147641.76,0.19256101319699537,usfs-2022,2022,partial
8828308aa3fffff,67.29379187716187,42.22591976335737,515592.0,18000.0,,,chm-legacy,2009-2020,coverage-unknown
8828308aa5fffff,42.53025724457256,38.80930752567955,49502.0,6305.0,116391.96,0.15179268737627158,usfs-2022,2022,partial
8828308aa7fffff,42.86018498801003,24.207920792079207,328410.0,8819.0,,,chm-legacy,2009-2020,coverage-unknown
8828308aadfffff,62.55470180286253,7.050538005458481,264711.0,21333.0,423167.04,0.5518370868656668,usfs-2022,2022,partial
8828308ab1fffff,43.7388173749018,34.91649356507599,296840.0,84145.0,678664.44,0.8854536746629418,usfs-2022,2022,partial
8828308ab3fffff,39.981727517614004,29.076596276396348,305474.0,106255.0,764034.12,0.9969736659605938,usfs-2022,2022,full
8828308ab5fffff,44.68711656441718,52.27424749163879,342336.0,16439.0,,,chm-legacy,2009-2020,coverage-unknown
8828308ab7fffff,50.82069449376792,45.69467152765789,84489.0,19251.0,166249.44,0.21692009167265922,usfs-2022,2022,partial
8828308abdfffff,30.527293264573117,25.761840525985956,103910.0,25161.0,340382.88,0.4440361214390334,usfs-2022,2022,partial
8828308ae5fffff,50.284090189612954,30.652227150281625,285912.0,36700.0,568594.08,0.7413316360141708,usfs-2022,2022,partial
8828308ae7fffff,50.06298108363153,33.510004146796604,343392.0,36942.0,685920.24,0.8944248974596656,usfs-2022,2022,partial
8828308b01fffff,33.321111310122745,11.947315656652954,255838.0,64187.0,767794.32,0.999998565866312,usfs-2022,2022,full
8828308b03fffff,27.05151579950405,8.174936994497015,207672.0,76470.0,767689.92,1.0,usfs-2022,2022,full
8828308b05fffff,36.92653119973145,9.483747443160755,283541.0,74715.0,767850.84,1.0,usfs-2022,2022,full
8828308b07fffff,32.41293096091283,11.006967964167757,248848.0,61013.0,767742.48,0.9999973546138248,usfs-2022,2022,full
8828308b09fffff,23.299071831006383,8.65854785026177,178901.0,110355.0,767847.24,1.0,usfs-2022,2022,full
8828308b0bfffff,21.23684124148344,9.7718953645236,163044.0,73920.0,767739.6,0.9999988999755951,usfs-2022,2022,full
8828308b0dfffff,19.947146278791426,12.59033242331781,153174.0,31352.0,767900.52,0.9999990534073827,usfs-2022,2022,full
8828308b11fffff,42.677474550005066,27.54252737473096,327562.0,66534.0,767528.64,0.9999999479817502,usfs-2022,2022,full
8828308b13fffff,45.829388955240965,34.30310326377742,351705.0,49508.0,767421.36,0.999998182157636,usfs-2022,2022,full
8828308b15fffff,24.989564641534884,10.693213216670504,191816.0,44681.0,767582.64,0.9999986395028052,usfs-2022,2022,full
8828308b17fffff,34.406782364127096,21.307326402915063,264064.0,34364.0,767477.52,0.9999996699603824,usfs-2022,2022,full
8828308b19fffff,50.93504855537676,26.619243077779327,166031.0,15189.0,325965.96,0.42466733831766873,usfs-2022,2022,partial
8828308b1bfffff,39.99031904542022,18.31839108311122,290579.0,24271.0,726622.56,0.9467720223748309,usfs-2022,2022,partial
8828308b1dfffff,30.410375577717176,12.4264328614976,233440.0,83565.0,767633.4,0.9999984674632091,usfs-2022,2022,full
8828308b21fffff,35.51549134922148,27.662372517444982,141508.0,9703.0,398440.44,0.518901126000072,usfs-2022,2022,partial
8828308b23fffff,15.562329641659597,0.0,119480.0,2121.0,767749.32,1.0,usfs-2022,2022,full
8828308b25fffff,42.00109292504383,18.913369754457584,183173.0,24312.0,436114.08,0.5679241204241294,usfs-2022,2022,partial
8828308b27fffff,38.56180466470116,33.11304025074233,296078.0,46710.0,767802.24,0.9999987007701463,usfs-2022,2022,full
8828308b29fffff,43.32449785942127,24.227116012512273,332691.0,47788.0,767904.48,0.9999990168531475,usfs-2022,2022,full
8828308b2bfffff,25.599255054335362,6.14970319590365,196551.0,52192.0,767798.28,0.9999985300815137,usfs-2022,2022,full
8828308b2dfffff,23.11737602026833,0.0,167921.0,0.0,726382.44,0.945859643380365,usfs-2022,2022,partial
8828308b31fffff,22.70168864334005,15.378436824219957,174255.0,49306.0,767586.6,0.999998605238832,usfs-2022,2022,full
8828308b33fffff,22.93490752337128,6.87992428118285,176021.0,52420.0,767480.4,0.9999982292572274,usfs-2022,2022,full
8828308b35fffff,11.179648264183134,8.65996306176893,85820.0,22433.0,767642.04,0.9999993361197936,usfs-2022,2022,full
8828308b37fffff,30.036335903784668,11.996022270911762,230540.0,57983.0,767538.36,1.0,usfs-2022,2022,full
8828308b39fffff,45.37937373671055,27.363606182448635,348350.0,28355.0,767638.8,1.0,usfs-2022,2022,full
8828308b3bfffff,49.2467056122437,23.070570473695756,377985.0,21462.0,767532.6,0.9999998108866883,usfs-2022,2022,full
8828308b3dfffff,13.287164844296239,7.084512391477617,102005.0,62532.0,767692.44,0.9999985491467374,usfs-2022,2022,full
8828308b41fffff,27.62768717262347,7.968075220029519,114365.0,60607.0,413949.96,0.5389953106369532,usfs-2022,2022,partial
8828308b43fffff,27.72031380198216,20.58394908936457,148983.0,39040.0,537449.76,0.6998981501909767,usfs-2022,2022,partial
8828308b45fffff,27.707704386867043,12.612367202397168,180402.0,48505.0,651088.8,0.847707989826209,usfs-2022,2022,partial
8828308b47fffff,23.94300766126367,12.212654744117028,183871.0,61550.0,767951.64,0.9999994069346853,usfs-2022,2022,full
8828308b49fffff,67.80566857458106,51.47124188816784,21238.0,1965.0,31322.16,0.04078121358642577,usfs-2022,2022,partial
8828308b4bfffff,59.12424643707113,0.0,453789.0,0.0,,,chm-legacy,2009-2020,coverage-unknown
8828308b4dfffff,39.13503760505942,11.593909314966744,153043.0,47133.0,391064.4,0.5091264006843584,usfs-2022,2022,partial
8828308b51fffff,56.85095989475211,0.0,149655.0,0.0,263241.36,0.34287995445316743,usfs-2022,2022,partial
8828308b53fffff,38.36008200288081,0.0,59346.0,0.0,154706.76,0.20153809652566368,usfs-2022,2022,partial
8828308b55fffff,32.43032248444968,24.001571423096088,248997.0,28553.0,767791.44,1.0,usfs-2022,2022,full
8828308b57fffff,32.2842856760876,19.2826300034438,195599.0,10969.0,605863.8,0.7892084218520967,usfs-2022,2022,partial
8828308b59fffff,83.10210696920583,79.51349296845306,637690.0,3105.0,,,chm-legacy,2009-2020,coverage-unknown
8828308b5bfffff,88.41090422453034,66.76862180640518,678333.0,10639.0,,,chm-legacy,2009-2020,coverage-unknown
8828308b5dfffff,22.899106190613423,24.316161877642593,39189.0,3158.0,171137.16,0.22288067979576573,usfs-2022,2022,partial
8828308b61fffff,25.479189618000426,31.171485243733848,160776.0,8245.0,631009.08,0.8215601396553304,usfs-2022,2022,partial
8828308b63fffff,44.18565295616082,22.510916242647326,339326.0,7730.0,767954.16,0.9999973916408801,usfs-2022,2022,full
8828308b65fffff,24.68062020930314,0.0,5077.0,0.0,20571.12,0.026781239441622744,usfs-2022,2022,partial
8828308b67fffff,50.19150373842175,59.80601183147654,336132.0,4819.0,669699.72,0.8719923169772029,usfs-2022,2022,partial
8828308b69fffff,41.13681909273092,22.128867998433215,203220.0,28628.0,494010.0,0.6431477142965629,usfs-2022,2022,partial
8828308b6bfffff,15.764933637392744,10.42998589168372,121076.0,25370.0,768007.8,1.0,usfs-2022,2022,full
8828308b6dfffff,82.27213359455173,0.0,12699.0,0.0,15435.36,0.020093737309857803,usfs-2022,2022,partial
8828308c01fffff,5.384947252386381,6.288344511002014,41205.0,162931.0,765179.64,1.0,usfs-2022,2022,full
8828308c03fffff,5.306378655719917,6.457192667048024,40598.0,98901.0,765070.92,0.9999983405043131,usfs-2022,2022,full
8828308c05fffff,5.062355015004815,5.107873913912502,38739.0,145275.0,765234.36,1.0,usfs-2022,2022,full
8828308c07fffff,4.126420411103473,2.0937035700195583,31572.0,167957.0,765127.08,0.9999991311412462,usfs-2022,2022,full
8828308c09fffff,8.326198227357407,11.60149554017669,63715.0,149633.0,765230.4,1.0,usfs-2022,2022,full
8828308c0bfffff,3.901618040143054,2.0383107402988743,29852.0,132133.0,765125.64,1.0,usfs-2022,2022,full
8828308c0dfffff,4.35216615736629,3.3098439493571497,33306.0,177332.0,765285.12,0.9999998415794364,usfs-2022,2022,full
8828308c11fffff,2.0123779268149193,1.312759097190235,15393.0,4628.0,764910.0,0.9999999899629582,usfs-2022,2022,full
8828308c13fffff,0.023629567461238333,0.0,181.0,0.0,764804.52,1.0,usfs-2022,2022,full
8828308c15fffff,12.925136453094865,5.011040099416372,98873.0,123278.0,764966.16,1.0,usfs-2022,2022,full
8828308c17fffff,2.0645220200620535,1.8474856007275422,15791.0,20981.0,764858.88,0.9999998075591133,usfs-2022,2022,full
8828308c19fffff,1.0482395373702995,0.0,8019.0,6228.0,764962.56,1.0,usfs-2022,2022,full
8828308c1bfffff,0.06694730196719535,0.0,512.0,0.0,764123.4,0.9990443315410691,usfs-2022,2022,full
8828308c1dfffff,2.5262702173616374,2.0027425553166633,19326.0,41678.0,765010.8,0.999992433465216,usfs-2022,2022,full
8828308c21fffff,19.969308384870217,10.615416377320246,152813.0,51435.0,765238.32,0.9999994809717445,usfs-2022,2022,full
8828308c23fffff,13.187723697081394,7.424531884775178,100903.0,115833.0,765130.68,0.9999980260960181,usfs-2022,2022,full
8828308c25fffff,22.921568298131163,8.846046727525916,171960.0,53022.0,750209.4,0.9802889716613082,usfs-2022,2022,partial
8828308c27fffff,13.196306407987885,2.3948896140946183,100976.0,116393.0,765186.84,0.9999989792978345,usfs-2022,2022,full
8828308c29fffff,8.47030510353029,8.302150937200238,64822.0,114599.0,765289.08,0.999999102777823,usfs-2022,2022,full
8828308c2bfffff,8.755985633538554,2.8487961354132856,66999.0,109903.0,765182.16,0.9999985703015479,usfs-2022,2022,full
8828308c2dfffff,22.81151618897539,13.822806262531234,141330.0,92994.0,619554.96,0.8095104624739378,usfs-2022,2022,partial
8828308c31fffff,8.049976634337499,3.190700869533778,61580.0,96394.0,764968.68,0.9999980842700881,usfs-2022,2022,full
8828308c33fffff,2.1052155287425998,0.7394168769273899,11390.0,20394.0,541022.04,0.7073445194531475,usfs-2022,2022,partial
8828308c35fffff,6.531176164162199,3.8642214267064565,49965.0,160388.0,765024.84,0.9999989599083936,usfs-2022,2022,full
8828308c37fffff,3.502429443222218,2.4066899978458096,26461.0,99487.0,755506.44,0.9876946281360349,usfs-2022,2022,partial
8828308c39fffff,6.044476778111154,2.6373915114092634,46242.0,85374.0,765023.04,1.0,usfs-2022,2022,full
8828308c3bfffff,6.712105566845731,3.5952274722586033,51342.0,48228.0,764912.88,0.9999977392232022,usfs-2022,2022,full
8828308c3dfffff,11.545740463992232,3.178820328509261,88334.0,141689.0,765074.88,0.9999976033960903,usfs-2022,2022,full
8828308c41fffff,4.181169099939795,2.2096524124099144,32002.0,152359.0,765388.8,1.0,usfs-2022,2022,full
8828308c43fffff,4.578548233756691,4.005799390111086,35039.0,152309.0,765281.88,1.0,usfs-2022,2022,full
8828308c45fffff,4.643429920563627,4.153440285847529,35543.0,153157.0,765442.8,1.0,usfs-2022,2022,full
8828308c47fffff,4.031212604706821,3.8007480597572885,30852.0,174163.0,765336.96,1.0,usfs-2022,2022,full
8828308c49fffff,3.8157255042389835,4.135673471773663,26814.0,70847.0,702720.36,0.9180632237414408,usfs-2022,2022,partial
8828308c4bfffff,2.635558459976919,1.1236428619596737,17060.0,42228.0,647289.0,0.845763022237627,usfs-2022,2022,partial
8828308c4dfffff,8.930365292508663,6.406276853576326,68359.0,96065.0,765466.56,0.9999648106835556,usfs-2022,2022,full
8828308c51fffff,2.9038327713027017,2.6512090871830907,22218.0,29927.0,765118.44,1.0,usfs-2022,2022,full
8828308c53fffff,0.8179174797920595,0.0,6257.0,3640.0,765011.16,0.9999991260358555,usfs-2022,2022,full
8828308c55fffff,5.77989265443158,4.380783998227164,44226.0,142908.0,765169.92,0.999994606441761,usfs-2022,2022,full
8828308c57fffff,0.9959561338870709,0.027989643831782242,7620.0,15430.0,765069.84,1.0,usfs-2022,2022,full
8828308c59fffff,13.835327066747002,16.467594689657478,104570.0,98919.0,755818.2,0.9877791643849815,usfs-2022,2022,partial
8828308c5bfffff,9.116725195290169,12.106065272151548,69749.0,80142.0,765061.56,0.9999985504650434,usfs-2022,2022,full
8828308c5dfffff,3.96061015079607,5.60405403171139,29472.0,41107.0,744130.8,0.9724341099511835,usfs-2022,2022,partial
8828308c61fffff,6.755129722194527,4.375421155343969,51707.0,157348.0,765444.96,0.9999970213237694,usfs-2022,2022,full
8828308c63fffff,7.903865900702134,6.591486689270224,60492.0,171878.0,765340.92,1.0,usfs-2022,2022,full
8828308c65fffff,13.778734010534235,8.00397378217279,105477.0,145016.0,765504.0,1.0,usfs-2022,2022,full
8828308c67fffff,8.564703978838228,6.462874458137743,65554.0,142465.0,765395.28,0.9999987306950527,usfs-2022,2022,full
8828308c69fffff,5.3532319497135745,2.7983115519374526,40979.0,134628.0,765496.44,0.9999977246554291,usfs-2022,2022,full
8828308c6bfffff,7.654752313047748,5.906706885920325,58589.0,142280.0,765392.76,1.0,usfs-2022,2022,full
8828308c6dfffff,8.931093134048455,6.133719461889449,68372.0,120420.0,765553.32,0.9999995260354726,usfs-2022,2022,full
8828308c81fffff,0.0,0.0,0.0,0.0,,,chm-legacy,2009-2020,coverage-unknown
8828308c83fffff,0.0,0.0,0.0,0.0,,,chm-legacy,2009-2020,coverage-unknown
8828308c85fffff,0.0,0.0,0.0,0.0,,,chm-legacy,2009-2020,coverage-unknown
8828308c87fffff,0.0,0.0,0.0,0.0,,,chm-legacy,2009-2020,coverage-unknown
8828308c89fffff,0.0,0.0,0.0,0.0,,,chm-legacy,2009-2020,coverage-unknown
8828308c8bfffff,0.0,0.0,0.0,0.0,,,chm-legacy,2009-2020,coverage-unknown
8828308c8dfffff,0.0,0.0,0.0,0.0,,,chm-legacy,2009-2020,coverage-unknown
8828308c95fffff,0.0,0.0,0.0,0.0,,,chm-legacy,2009-2020,coverage-unknown
8828308c9dfffff,0.0,0.0,0.0,0.0,,,chm-legacy,2009-2020,coverage-unknown
8828308ca1fffff,0.0,0.0,0.0,0.0,,,chm-legacy,2009-2020,coverage-unknown
8828308ca3fffff,0.0,0.0,0.0,0.0,,,chm-legacy,2009-2020,coverage-unknown
8828308ca5fffff,0.0966961381690655,0.0,739.0,0.0,,,chm-legacy,2009-2020,coverage-unknown
8828308ca7fffff,0.0,0.0,0.0,0.0,,,chm-legacy,2009-2020,coverage-unknown
8828308ca9fffff,0.0,0.0,0.0,0.0,,,chm-legacy,2009-2020,coverage-unknown
8828308cabfffff,0.0,0.0,0.0,0.0,,,chm-legacy,2009-2020,coverage-unknown
8828308cadfffff,0.0,0.0,0.0,0.0,,,chm-legacy,2009-2020,coverage-unknown
8828308cb1fffff,0.0,0.0,0.0,0.0,,,chm-legacy,2009-2020,coverage-unknown
8828308cb5fffff,0.0,0.0,0.0,0.0,,,chm-legacy,2009-2020,coverage-unknown
8828308cb7fffff,0.0,0.0,0.0,0.0,,,chm-legacy,2009-2020,coverage-unknown
8828308cb9fffff,0.0,0.0,0.0,0.0,,,chm-legacy,2009-2020,coverage-unknown
8828308cbbfffff,0.0,0.0,0.0,0.0,,,chm-legacy,2009-2020,coverage-unknown
8828308cbdfffff,0.0,0.0,0.0,0.0,,,chm-legacy,2009-2020,coverage-unknown
8828308cc1fffff,0.0,0.0,0.0,0.0,,,chm-legacy,2009-2020,coverage-unknown
8828308cc3fffff,0.0,0.0,0.0,0.0,,,chm-legacy,2009-2020,coverage-unknown
8828308cc5fffff,0.00294348959890355,0.0,12.0,0.0,391372.2,0.5118005187651982,usfs-2022,2022,partial
8828308cc7fffff,0.0,0.0,0.0,0.0,,,chm-legacy,2009-2020,coverage-unknown
8828308cc9fffff,34.0933659222995,18.495668154371224,133976.0,11176.0,392967.36,0.5138897192874871,usfs-2022,2022,partial
8828308ccbfffff,11.362119869561942,21.68908015061861,45608.0,7861.0,401404.32,0.5249960962248184,usfs-2022,2022,partial
8828308ccdfffff,0.0,0.0,0.0,0.0,184271.76,0.2409575784575739,usfs-2022,2022,partial
8828308cd5fffff,0.0,0.0,0.0,0.0,,,chm-legacy,2009-2020,coverage-unknown
8828308cd7fffff,0.0,0.0,0.0,0.0,,,chm-legacy,2009-2020,coverage-unknown
8828308cddfffff,20.002719212205378,5.958033389493031,7415.0,4421.0,37069.56,0.04848998714381929,usfs-2022,2022,partial
8828308ce1fffff,0.0,0.0,0.0,0.0,112978.08,0.1477414392674505,usfs-2022,2022,partial
8828308ce3fffff,0.0,0.0,0.0,0.0,,,chm-legacy,2009-2020,coverage-unknown
8828308ce5fffff,1.6617868887250884,0.0,2622.0,3122.0,157753.08,0.20627872018594412,usfs-2022,2022,partial
8828308ce7fffff,0.0,0.0,0.0,0.0,,,chm-legacy,2009-2020,coverage-unknown
8828308ce9fffff,0.5074192226644814,0.0,2996.0,0.0,590423.04,0.7720446991054858,usfs-2022,2022,partial
8828308cebfffff,0.0,0.0,0.0,0.0,,,chm-legacy,2009-2020,coverage-unknown
8828308cedfffff,0.8036340255613842,0.7942410880306009,5476.0,13445.0,681399.72,0.8909421972127273,usfs-2022,2022,partial
8828308d01fffff,26.924574456379137,14.56009019165727,206126.0,68207.0,765566.64,1.0,usfs-2022,2022,full
8828308d03fffff,18.230349536489435,6.06307656397471,139546.0,99967.0,765458.28,0.9999976096253484,usfs-2022,2022,full
8828308d05fffff,40.07241180688618,3.5934770954744324,306803.0,60209.0,765621.0,0.9999989891356259,usfs-2022,2022,full
8828308d07fffff,24.46364404615617,4.107211073908452,187273.0,61449.0,765515.88,1.0,usfs-2022,2022,full
8828308d09fffff,23.09150643991104,16.686256231508125,23810.0,7400.0,103110.12,0.13467572307571868,usfs-2022,2022,partial
8828308d0bfffff,36.96054401332724,17.136326209583267,175397.0,24274.0,474553.08,0.6199165012456294,usfs-2022,2022,partial
8828308d0dfffff,27.2551049672625,7.883176396438235,197406.0,69978.0,724288.68,0.9459504343302131,usfs-2022,2022,partial
8828308d11fffff,25.91421981730421,10.213895496371208,198321.0,69166.0,765298.44,1.0,usfs-2022,2022,full
8828308d13fffff,19.983787595864193,6.73521056716373,152914.0,89118.0,765191.88,1.0,usfs-2022,2022,full
8828308d15fffff,15.814730147978814,6.16971777980978,121038.0,108607.0,765352.8,0.9999989062744608,usfs-2022,2022,full
8828308d17fffff,19.138460438362635,10.269969183581939,146456.0,89310.0,765245.88,0.9999983578334583,usfs-2022,2022,full
8828308d19fffff,28.327829234419937,10.26518391787853,186516.0,61178.0,658418.4,0.8602846088375877,usfs-2022,2022,partial
8828308d1bfffff,19.757055536816377,6.532404635086723,151189.0,32029.0,765241.56,0.9999981107367284,usfs-2022,2022,full
8828308d1dfffff,28.202853416512525,8.84888224241727,204739.0,85577.0,725950.8,0.9484533816803334,usfs-2022,2022,partial
8828308d21fffff,63.1082425680673,12.730108406627123,256187.0,12288.0,405948.24,0.5302176451191304,usfs-2022,2022,partial
8828308d23fffff,28.386847682910254,6.50306846449006,217306.0,84299.0,765518.04,0.9999984342672806,usfs-2022,2022,full
8828308d25fffff,36.44780947469586,0.0,11195.0,0.0,30715.92,0.04011583077742733,usfs-2022,2022,partial
8828308d27fffff,15.352450448943436,6.144876418099023,105067.0,51345.0,684366.84,0.8939260344575942,usfs-2022,2022,partial
8828308d29fffff,45.40254556031413,1.7473742912910124,325927.0,19028.0,717861.6,0.9375515387059762,usfs-2022,2022,partial
8828308d2bfffff,58.993385605203486,2.8599404349067767,451634.0,17143.0,765566.64,0.9999949193244957,usfs-2022,2022,full
8828308d2dfffff,11.306793390410261,1.2583936974567758,18005.0,13446.0,159237.72,0.2079548778715762,usfs-2022,2022,partial
8828308d31fffff,41.48004389482364,8.989610125896846,317470.0,77448.0,765356.76,0.9999988881661213,usfs-2022,2022,full
8828308d33fffff,24.03573980675515,4.8594275146262955,183934.0,57782.0,765250.92,0.9999997518143037,usfs-2022,2022,full
8828308d35fffff,19.570197837302416,5.476779324510226,149792.0,89296.0,765410.76,0.9999973622359747,usfs-2022,2022,full
8828308d37fffff,16.31663396600605,3.1102479832685987,124872.0,81721.0,765305.64,0.9999991486327685,usfs-2022,2022,full
8828308d39fffff,36.87778144639445,24.312426945832495,282267.0,90680.0,765411.12,1.0,usfs-2022,2022,full
8828308d3bfffff,34.64083155795753,15.981939654996927,265107.0,74292.0,765302.76,1.0,usfs-2022,2022,full
8828308d3dfffff,64.64997719031741,43.809218093785944,494873.0,37810.0,765464.4,1.0,usfs-2022,2022,full
8828308d41fffff,22.09908192351831,0.0,169130.0,0.0,,,chm-legacy,2009-2020,coverage-unknown
8828308d43fffff,27.441072767150672,0.0,209984.0,0.0,,,chm-legacy,2009-2020,coverage-unknown
8828308d45fffff,76.07101183530588,45.45910687405921,13143.0,391.0,17277.12,0.022559979082198596,usfs-2022,2022,partial
8828308d47fffff,55.52546117603215,22.869502523431866,30037.0,1926.0,54096.48,0.07064748048805307,usfs-2022,2022,partial
8828308d49fffff,45.39387824992364,0.0,347435.0,0.0,,,chm-legacy,2009-2020,coverage-unknown
8828308d4bfffff,18.75772258395924,0.0,143547.0,0.0,,,chm-legacy,2009-2020,coverage-unknown
8828308d4dfffff,21.93105043961129,0.0,167867.0,0.0,,,chm-legacy,2009-2020,coverage-unknown
8828308d51fffff,30.633312193609015,0.0,234362.0,0.0,,,chm-legacy,2009-2020,coverage-unknown
8828308d53fffff,17.848469259573857,3.0116251853007725,5371.0,4475.0,30091.32,0.039314470377997575,usfs-2022,2022,partial
8828308d55fffff,18.0839348510087,0.0,138362.0,0.0,,,chm-legacy,2009-2020,coverage-unknown
8828308d57fffff,44.61607433974568,29.80485750386073,3941.0,1800.0,8832.96,0.011539474847729273,usfs-2022,2022,partial
8828308d59fffff,22.950174390805998,4.748831775700935,105579.0,82187.0,460035.72,0.6009154645020319,usfs-2022,2022,partial
8828308d5bfffff,23.790059861059568,9.96363108472582,133157.0,84845.0,559716.12,0.7312233143296999,usfs-2022,2022,partial
8828308d5dfffff,37.71439155399147,0.0,288577.0,0.0,,,chm-legacy,2009-2020,coverage-unknown
8828308d61fffff,11.608262390285752,0.0,1266.0,0.0,10910.16,0.014246105716065324,usfs-2022,2022,partial
8828308d63fffff,66.18146027738959,13.930136471766621,317110.0,24748.0,479152.8,0.6257479014111765,usfs-2022,2022,partial
8828308d65fffff,39.2082255304486,9.037751333606895,96672.0,6384.0,246561.12,0.32192771414140536,usfs-2022,2022,partial
8828308d67fffff,23.261099285962292,7.74465177689346,110944.0,71942.0,476949.6,0.6228257746067464,usfs-2022,2022,partial
8828308d69fffff,77.17234262125902,15.283842794759824,1346.0,210.0,1744.2,0.002277363254217063,usfs-2022,2022,partial
8828308d6bfffff,35.91973982240377,9.845429350397692,131251.0,28808.0,365399.64,0.4771604704451434,usfs-2022,2022,partial
8828308d6dfffff,32.64774713940818,0.0,249915.0,0.0,,,chm-legacy,2009-2020,coverage-unknown
8828308d81fffff,3.1940083612330215,0.0,2651.0,200.0,83011.68,0.10853741652609997,usfs-2022,2022,partial
8828308d83fffff,0.0,0.0,0.0,0.0,,,chm-legacy,2009-2020,coverage-unknown
8828308d85fffff,8.319938820501045,1.4060347905932766,30393.0,55663.0,365298.84,0.4775921297307923,usfs-2022,2022,partial
8828308d87fffff,0.0,0.0,0.0,0.0,,,chm-legacy,2009-2020,coverage-unknown
8828308d89fffff,8.026148392930011,2.9178919578280986,61390.0,101139.0,764871.48,0.9999991604675293,usfs-2022,2022,full
8828308d8bfffff,4.340524293204675,3.8985313751668893,18367.0,10365.0,423147.96,0.5533041977790313,usfs-2022,2022,partial
8828308d8dfffff,10.352951696516605,2.550722205909085,79192.0,125447.0,764926.2,0.9999983410584202,usfs-2022,2022,full
8828308d91fffff,0.0,0.0,0.0,0.0,,,chm-legacy,2009-2020,coverage-unknown
8828308d93fffff,0.0,0.0,0.0,0.0,,,chm-legacy,2009-2020,coverage-unknown
8828308d95fffff,0.0,0.0,0.0,0.0,,,chm-legacy,2009-2020,coverage-unknown
8828308d97fffff,0.0,0.0,0.0,0.0,,,chm-legacy,2009-2020,coverage-unknown
8828308d99fffff,44.764676488007105,0.0,342066.0,0.0,,,chm-legacy,2009-2020,coverage-unknown
8828308d9bfffff,8.508875082176687,0.0,65011.0,0.0,,,chm-legacy,2009-2020,coverage-unknown
8828308d9dfffff,8.081378658937483,0.0,61758.0,0.0,,,chm-legacy,2009-2020,coverage-unknown
8828308da1fffff,0.0,0.0,0.0,0.0,,,chm-legacy,2009-2020,coverage-unknown
8828308da3fffff,0.0,0.0,0.0,0.0,,,chm-legacy,2009-2020,coverage-unknown
8828308da5fffff,0.0,0.0,0.0,0.0,,,chm-legacy,2009-2020,coverage-unknown
8828308da7fffff,0.0,0.0,0.0,0.0,,,chm-legacy,2009-2020,coverage-unknown
8828308da9fffff,13.483250309092526,8.250543523130693,76910.0,72012.0,570411.72,0.7457030654502198,usfs-2022,2022,partial
8828308dabfffff,0.0,0.0,0.0,0.0,,,chm-legacy,2009-2020,coverage-unknown
8828308dadfffff,14.158678172147576,5.110138393263311,46440.0,33792.0,327996.72,0.4287613574802008,usfs-2022,2022,partial
8828308db1fffff,0.0,0.0,0.0,0.0,,,chm-legacy,2009-2020,coverage-unknown
8828308db3fffff,0.0,0.0,0.0,0.0,,,chm-legacy,2009-2020,coverage-unknown
8828308db5fffff,0.0,0.0,0.0,0.0,,,chm-legacy,2009-2020,coverage-unknown
8828308db7fffff,0.0,0.0,0.0,0.0,,,chm-legacy,2009-2020,coverage-unknown
8828308db9fffff,0.0,0.0,0.0,0.0,,,chm-legacy,2009-2020,coverage-unknown
8828308dbbfffff,0.0,0.0,0.0,0.0,,,chm-legacy,2009-2020,coverage-unknown
8828308dbdfffff,0.0,0.0,0.0,0.0,,,chm-legacy,2009-2020,coverage-unknown
8828308dc1fffff,15.054510786397149,7.7290968061129135,115172.0,114809.0,765030.24,1.0,usfs-2022,2022,full
8828308dc3fffff,11.730039382826678,6.186008471764643,89726.0,87544.0,764922.24,0.9999985620045686,usfs-2022,2022,full
8828308dc5fffff,13.364153526912382,7.151421418723906,102247.0,85585.0,765082.8,0.9999967471497956,usfs-2022,2022,full
8828308dc7fffff,15.856024170094216,6.24441513127101,121295.0,63456.0,764978.4,0.9999995826489708,usfs-2022,2022,full
8828308dc9fffff,16.500409838765385,6.689142840462951,126242.0,115081.0,765081.36,1.0,usfs-2022,2022,full
8828308dcbfffff,16.234675355906344,6.973491723782948,124191.0,98896.0,764973.72,0.9999989657862906,usfs-2022,2022,full
8828308dcdfffff,13.343461727749133,7.947012195651733,102096.0,114425.0,765136.08,0.9999994795677281,usfs-2022,2022,full
8828308dd1fffff,5.015943710859497,2.071279951674609,17272.0,26263.0,344336.4,0.4502534375891818,usfs-2022,2022,partial
8828308dd3fffff,7.441832490527105,0.0,56870.0,0.0,,,chm-legacy,2009-2020,coverage-unknown
8828308dd5fffff,15.962144308584323,6.520078272484856,122081.0,68275.0,764816.04,0.9999990987191568,usfs-2022,2022,full
8828308dd7fffff,9.933404213893473,0.8631789784920596,35081.0,7484.0,353157.48,0.46181877830334744,usfs-2022,2022,partial
8828308dd9fffff,3.701216170520399,3.8545673983555857,5714.0,18354.0,154369.8,0.20184007376691465,usfs-2022,2022,partial
8828308ddbfffff,0.0,0.0,0.0,0.0,,,chm-legacy,2009-2020,coverage-unknown
8828308dddfffff,9.295265528586153,2.819324215882122,71096.0,81962.0,764866.8,0.9999985426613305,usfs-2022,2022,full
8828308de1fffff,10.362498529584755,2.9086626595709224,79282.0,94380.0,765090.0,1.0,usfs-2022,2022,full
8828308de3fffff,12.063549581049951,2.509369763485424,92284.0,109750.0,764983.8,1.0,usfs-2022,2022,full
8828308de5fffff,21.25963172091452,4.291774735106661,162667.0,85684.0,765143.64,0.9999987699716508,usfs-2022,2022,full
8828308de7fffff,16.520509113906893,4.198300980834736,126388.0,100846.0,765037.44,0.9999992357922761,usfs-2022,2022,full
8828308de9fffff,8.25339125517022,4.855857213598295,63150.0,79545.0,765141.48,1.0,usfs-2022,2022,full
8828308debfffff,10.049207258223522,3.033368957267554,76880.0,128694.0,765033.48,0.9999992515664515,usfs-2022,2022,full
8828308dedfffff,18.26510377338518,5.705212609402835,139764.0,87656.0,765196.2,1.0,usfs-2022,2022,full
8828308e01fffff,0.0,0.0,0.0,0.0,,,chm-legacy,2009-2020,coverage-unknown
8828308e03fffff,0.0,0.0,0.0,0.0,,,chm-legacy,2009-2020,coverage-unknown
8828308e05fffff,0.0,0.0,0.0,0.0,,,chm-legacy,2009-2020,coverage-unknown
8828308e07fffff,0.0050952817690818,0.0,39.0,0.0,,,chm-legacy,2009-2020,coverage-unknown
8828308e0dfffff,0.0,0.0,0.0,0.0,,,chm-legacy,2009-2020,coverage-unknown
8828308e11fffff,0.0,0.0,0.0,0.0,,,chm-legacy,2009-2020,coverage-unknown
8828308e13fffff,0.0,0.0,0.0,0.0,,,chm-legacy,2009-2020,coverage-unknown
8828308e15fffff,0.0,0.0,0.0,0.0,,,chm-legacy,2009-2020,coverage-unknown
8828308e17fffff,0.0,0.0,0.0,0.0,,,chm-legacy,2009-2020,coverage-unknown
8828308e21fffff,0.0,0.0,0.0,0.0,,,chm-legacy,2009-2020,coverage-unknown
8828308e23fffff,1.7130449076958951,0.021037130535394973,3226.0,6844.0,188338.32,0.24603672281284292,usfs-2022,2022,partial
8828308e25fffff,2.3152760125038645,3.706992230854606,485.0,3123.0,20959.92,0.02737530218058841,usfs-2022,2022,partial
8828308e27fffff,10.057255504500716,12.1348913594896,24978.0,36788.0,248360.4,0.32442328393521025,usfs-2022,2022,partial
8828308e29fffff,0.0,0.0,0.0,0.0,,,chm-legacy,2009-2020,coverage-unknown
8828308e2bfffff,0.0,0.0,0.0,0.0,,,chm-legacy,2009-2020,coverage-unknown
8828308e2dfffff,0.0,0.0,0.0,0.0,,,chm-legacy,2009-2020,coverage-unknown
8828308e31fffff,6.160517220151887,4.27770955490676,36927.0,84746.0,599419.8,0.783221035273038,usfs-2022,2022,partial
8828308e33fffff,21.971178589809572,5.067276177333103,135242.0,15849.0,615542.4,0.8043992719320903,usfs-2022,2022,partial
8828308e35fffff,2.83399186112665,0.1983712674879933,15010.0,24089.0,529635.96,0.6919888650990383,usfs-2022,2022,partial
8828308e37fffff,8.666360651876921,6.150654997615165,57229.0,30459.0,660360.24,0.8629049960986462,usfs-2022,2022,partial
8828308e39fffff,0.0,0.0,0.0,0.0,,,chm-legacy,2009-2020,coverage-unknown
8828308e3bfffff,4.455285461050243,0.5712747502542321,10912.0,11967.0,244921.68,0.3200458006332602,usfs-2022,2022,partial
8828308e3dfffff,0.0007429491472535823,0.0038273116962645438,3.0,18811.0,339188.76,0.44313320926888566,usfs-2022,2022,partial
8828308e63fffff,0.0,0.0,0.0,0.0,,,chm-legacy,2009-2020,coverage-unknown
8828308e67fffff,0.0,0.0,0.0,0.0,,,chm-legacy,2009-2020,coverage-unknown
8828308e81fffff,0.0,0.0,0.0,0.0,,,chm-legacy,2009-2020,coverage-unknown
8828308e85fffff,0.0,0.0,0.0,0.0,978.48,0.0012793188435900006,usfs-2022,2022,partial
8828308e87fffff,0.0,0.0,0.0,0.0,,,chm-legacy,2009-2020,coverage-unknown
8828308e8dfffff,0.0,0.0,0.0,0.0,,,chm-legacy,2009-2020,coverage-unknown
8828308ea1fffff,15.184683995622652,0.0,116140.0,0.0,764847.0,0.9999967187537019,usfs-2022,2022,full
8828308ea3fffff,31.758853414055345,36.51354027640246,237761.0,15926.0,748643.4,0.9789478414968956,usfs-2022,2022,partial
8828308ea5fffff,5.413363128323344,0.0,41407.0,0.0,764907.12,1.0,usfs-2022,2022,full
8828308ea7fffff,2.4766635713033716,0.0,16735.0,0.0,675720.36,0.8835271455324177,usfs-2022,2022,partial
8828308ea9fffff,6.35422468202224,7.694622244105258,37335.0,12148.0,587559.96,0.7681523141503066,usfs-2022,2022,partial
8828308eabfffff,17.48665152481614,8.180719827038025,31680.0,10396.0,181166.76,0.23688316744285884,usfs-2022,2022,partial
8828308eadfffff,12.018325740747713,2.7735191637630665,91935.0,2511.0,764956.8,1.0,usfs-2022,2022,full
8828308eb1fffff,0.0,0.0,0.0,0.0,,,chm-legacy,2009-2020,coverage-unknown
8828308eb5fffff,20.600622524974334,19.304517387065324,113770.0,32180.0,552267.0,0.7222610848277293,usfs-2022,2022,partial
8828308eb7fffff,21.844257058898684,18.511570502931193,93558.0,23769.0,428293.44,0.5602052040032423,usfs-2022,2022,partial
8828308ebdfffff,19.449284960367557,0.11690046760187041,33832.0,2153.0,173948.4,0.22747657465654197,usfs-2022,2022,partial
8828308ec5fffff,0.0,0.0,0.0,0.0,,,chm-legacy,2009-2020,coverage-unknown
8828308ec7fffff,0.0,0.0,0.0,0.0,,,chm-legacy,2009-2020,coverage-unknown
8828308ee1fffff,0.0,0.0,0.0,0.0,,,chm-legacy,2009-2020,coverage-unknown
8828308ee3fffff,0.0,0.0,0.0,0.0,,,chm-legacy,2009-2020,coverage-unknown
8828308ee5fffff,18.83178969777686,17.503848335088716,40061.0,36657.0,212731.56,0.27803923258880603,usfs-2022,2022,partial
8828308ee7fffff,13.580170620241953,20.04125036830686,33227.0,10746.0,244669.68,0.3198267577064256,usfs-2022,2022,partial
8828308ee9fffff,0.0,0.0,0.0,0.0,,,chm-legacy,2009-2020,coverage-unknown
8828308eebfffff,0.0,0.0,0.0,0.0,,,chm-legacy,2009-2020,coverage-unknown
8828308eedfffff,0.0,0.0,0.0,0.0,,,chm-legacy,2009-2020,coverage-unknown
8828308f01fffff,8.719737690617062,7.739191107266211,66786.0,152804.0,765923.04,0.9999991008003359,usfs-2022,2022,full
8828308f03fffff,10.280388329798276,10.05472704884389,78729.0,142001.0,765815.04,0.9999969394583405,usfs-2022,2022,full
8828308f05fffff,14.481557723760647,8.627149410281401,110926.0,110360.0,765979.2,1.0,usfs-2022,2022,full
8828308f07fffff,12.121867344041725,6.438498502830065,92838.0,126097.0,765874.08,1.0,usfs-2022,2022,full
8828308f09fffff,24.941298336049872,11.084120672829009,191044.0,75111.0,765974.88,1.0,usfs-2022,2022,full
8828308f0bfffff,7.151432307702432,7.921806677872775,54770.0,118716.0,765866.16,0.999997289520445,usfs-2022,2022,full
8828308f0dfffff,11.531386903849967,10.770204381768849,88334.0,125375.0,766030.32,1.0,usfs-2022,2022,full
8828308f11fffff,9.355333011412819,5.220889895613882,71630.0,107703.0,765654.84,0.9999991497364916,usfs-2022,2022,full
8828308f13fffff,7.964337929111312,5.282112433780848,60971.0,99511.0,765546.12,0.9999961377230372,usfs-2022,2022,full
8828308f15fffff,9.408731947920305,6.988296812749003,72044.0,134473.0,765709.56,0.9999981050229434,usfs-2022,2022,full
8828308f17fffff,6.5022006131623,5.772718315450368,49781.0,118776.0,765604.8,1.0,usfs-2022,2022,full
8828308f19fffff,0.15047816212708762,0.0,175.0,0.0,116508.6,0.15215833565686754,usfs-2022,2022,partial
8828308f1bfffff,10.753343174962312,14.312178797657463,74291.0,87755.0,690861.24,0.9023789285524333,usfs-2022,2022,partial
8828308f1dfffff,3.6100062917949503,5.607376948635488,25572.0,63716.0,708351.12,0.925027924371891,usfs-2022,2022,partial
8828308f21fffff,23.161932806699202,13.431327933011742,57992.0,34241.0,250374.96,0.3268672479378893,usfs-2022,2022,partial
8828308f23fffff,33.41268232807432,11.222178992208622,105052.0,32036.0,314408.52,0.41052074817797357,usfs-2022,2022,partial
8828308f25fffff,14.629450504695216,0.0,112002.0,0.0,,,chm-legacy,2009-2020,coverage-unknown
8828308f27fffff,23.82459794052991,0.0,182374.0,0.0,,,chm-legacy,2009-2020,coverage-unknown
8828308f29fffff,33.64151304284893,25.039821403312402,257705.0,87758.0,766033.56,0.9999986735124418,usfs-2022,2022,full
8828308f2bfffff,24.77984335224688,9.694797466449609,189796.0,118822.0,765927.36,0.9999988269783653,usfs-2022,2022,full
8828308f2dfffff,34.232530568786416,19.452824516115655,76507.0,27970.0,223492.68,0.2917316506221875,usfs-2022,2022,partial
8828308f31fffff,23.08555572480898,5.9930509907033525,176770.0,72078.0,765715.68,1.0,usfs-2022,2022,full
8828308f33fffff,15.479167930363374,7.3038895128929875,118510.0,153601.0,765610.92,1.0,usfs-2022,2022,full
8828308f35fffff,30.73572025574775,19.917804393075887,130400.0,43352.0,424261.8,0.554032257924164,usfs-2022,2022,partial
8828308f37fffff,20.710945416700902,11.040853544219658,87116.0,18790.0,420629.76,0.549365595837534,usfs-2022,2022,partial
8828308f39fffff,9.460507059522069,7.702187243493795,72445.0,137634.0,765765.72,0.9999990010676532,usfs-2022,2022,full
8828308f3bfffff,7.889314875782034,5.755150508261581,60405.0,127432.0,765657.36,0.9999964242188462,usfs-2022,2022,full
8828308f3dfffff,37.340153332458975,14.644085470710912,285958.0,67186.0,765818.28,0.999995256299426,usfs-2022,2022,full
8828308f51fffff,1.4701606114380217,0.0,7626.0,0.0,518735.16,0.6773206720459214,usfs-2022,2022,partial
8828308f53fffff,0.0,0.0,0.0,0.0,,,chm-legacy,2009-2020,coverage-unknown
8828308f55fffff,0.2984726422728089,7.362759643916913,1898.0,5395.0,635756.76,0.8300573897291716,usfs-2022,2022,partial
8828308f57fffff,2.927313646951063,4.082612872238232,12863.0,15097.0,439406.28,0.5737777419272058,usfs-2022,2022,partial
8828308f5bfffff,0.0,0.0,0.0,0.0,65043.72,0.08493477810042464,usfs-2022,2022,partial
8828308f61fffff,35.95108034277026,28.916663188166364,275454.0,116480.0,766190.16,0.9999979193409552,usfs-2022,2022,full
8828308f63fffff,33.187219281039916,21.812224878779077,254243.0,100775.0,766086.48,1.0,usfs-2022,2022,full
8828308f67fffff,26.459928699271533,18.274363455996976,202720.0,124564.0,766140.84,0.9999999662580861,usfs-2022,2022,full
8828308f6bfffff,18.3774553591357,19.924127834084235,140796.0,142556.0,766134.36,0.9999974225629202,usfs-2022,2022,full
88283099a3fffff,60.15726299410959,19.424184261036466,461814.0,12090.0,,,chm-legacy,2009-2020,coverage-unknown
88283099a7fffff,71.0443089261487,0.0,545430.0,0.0,,,chm-legacy,2009-2020,coverage-unknown
88283099b5fffff,53.11701181787871,31.368059530623928,407711.0,13812.0,,,chm-legacy,2009-2020,coverage-unknown
88283099b7fffff,79.03505887909758,75.72212065813528,606565.0,3825.0,,,chm-legacy,2009-2020,coverage-unknown
882830c001fffff,18.82253669198102,0.0,144721.0,0.0,,,chm-legacy,2009-2020,coverage-unknown
882830c003fffff,23.163708959800083,0.0,178074.0,0.0,,,chm-legacy,2009-2020,coverage-unknown
882830c005fffff,37.33046901651284,0.0,287043.0,0.0,,,chm-legacy,2009-2020,coverage-unknown
882830c007fffff,31.89336455749887,0.0,245201.0,0.0,,,chm-legacy,2009-2020,coverage-unknown
882830c009fffff,17.649771497876383,0.0,135713.0,0.0,,,chm-legacy,2009-2020,coverage-unknown
882830c00bfffff,16.18732736637754,0.0,124451.0,0.0,,,chm-legacy,2009-2020,coverage-unknown
882830c00dfffff,15.500945179584122,0.0,119199.0,0.0,,,chm-legacy,2009-2020,coverage-unknown
882830c011fffff,36.1164905291503,0.0,277593.0,0.0,,,chm-legacy,2009-2020,coverage-unknown
882830c013fffff,25.27413746991174,0.0,194231.0,0.0,,,chm-legacy,2009-2020,coverage-unknown
882830c015fffff,14.072325594261162,0.0,108168.0,0.0,,,chm-legacy,2009-2020,coverage-unknown
882830c017fffff,40.11524986170016,0.0,308306.0,0.0,,,chm-legacy,2009-2020,coverage-unknown
882830c019fffff,45.23513024869013,100.0,347703.0,0.0,,,chm-legacy,2009-2020,coverage-unknown
882830c01bfffff,47.47957282771086,0.0,364904.0,0.0,,,chm-legacy,2009-2020,coverage-unknown
882830c01dfffff,20.724925063407888,0.0,159315.0,0.0,,,chm-legacy,2009-2020,coverage-unknown
882830c021fffff,27.02159626144104,0.0,207775.0,0.0,,,chm-legacy,2009-2020,coverage-unknown
882830c023fffff,14.735634196810004,10.821428571428571,113290.0,14383.0,,,chm-legacy,2009-2020,coverage-unknown
882830c025fffff,7.872872803682762,3.6601307189542487,60540.0,16980.0,,,chm-legacy,2009-2020,coverage-unknown
882830c027fffff,6.18111107015151,7.787934186471664,47525.0,14527.0,,,chm-legacy,2009-2020,coverage-unknown
882830c029fffff,3.72615266901126,0.0,28653.0,18634.0,,,chm-legacy,2009-2020,coverage-unknown
882830c02bfffff,17.473888955466034,0.0,134351.0,6837.0,,,chm-legacy,2009-2020,coverage-unknown
882830c02dfffff,11.879326395737897,0.0,91355.0,0.0,,,chm-legacy,2009-2020,coverage-unknown
882830c031fffff,34.40268444001954,0.0,264439.0,0.0,,,chm-legacy,2009-2020,coverage-unknown
882830c033fffff,21.4463817411704,0.0,164826.0,0.0,,,chm-legacy,2009-2020,coverage-unknown
882830c035fffff,7.990543517332277,0.2721499848805564,61424.0,18996.0,,,chm-legacy,2009-2020,coverage-unknown
882830c037fffff,12.9387258516443,0.2451731535396873,99447.0,18749.0,,,chm-legacy,2009-2020,coverage-unknown
882830c039fffff,31.348299068866968,0.0,240978.0,0.0,,,chm-legacy,2009-2020,coverage-unknown
882830c03bfffff,38.326196281972685,0.0,294577.0,0.0,,,chm-legacy,2009-2020,coverage-unknown
882830c03dfffff,27.80919721419452,0.0,213787.0,0.0,,,chm-legacy,2009-2020,coverage-unknown
882830c041fffff,50.09178204761597,44.52515946137491,385247.0,18035.0,,,chm-legacy,2009-2020,coverage-unknown
882830c043fffff,16.489557966201758,29.060716139076288,126801.0,7874.0,,,chm-legacy,2009-2020,coverage-unknown
882830c045fffff,38.61144158850492,3.099099099099099,296974.0,30977.0,,,chm-legacy,2009-2020,coverage-unknown
882830c047fffff,34.760554287427084,0.0,267319.0,0.0,,,chm-legacy,2009-2020,coverage-unknown
882830c049fffff,42.06588276539701,19.582801191996595,323544.0,10881.0,,,chm-legacy,2009-2020,coverage-unknown
882830c04bfffff,62.74683456721788,28.89733840304182,482541.0,2154.0,,,chm-legacy,2009-2020,coverage-unknown
882830c04dfffff,22.70500876302924,0.0,174644.0,9458.0,,,chm-legacy,2009-2020,coverage-unknown
882830c051fffff,25.102176379957747,9.221183800623054,192990.0,33569.0,,,chm-legacy,2009-2020,coverage-unknown
882830c053fffff,25.19244162181359,8.573246381421983,193657.0,33108.0,,,chm-legacy,2009-2020,coverage-unknown
882830c055fffff,26.45421633961307,10.74938574938575,203398.0,8369.0,,,chm-legacy,2009-2020,coverage-unknown
882830c057fffff,40.03772314531712,14.540601292497891,307795.0,35038.0,,,chm-legacy,2009-2020,coverage-unknown
882830c059fffff,27.83954604170511,10.117574257425744,214050.0,33466.0,,,chm-legacy,2009-2020,coverage-unknown
882830c05bfffff,41.78267969333813,47.24308481406851,321210.0,33178.0,,,chm-legacy,2009-2020,coverage-unknown
882830c05dfffff,64.91531521558643,36.527563111798045,499149.0,21289.0,,,chm-legacy,2009-2020,coverage-unknown
882830c061fffff,29.359126261485336,0.0,225811.0,0.0,,,chm-legacy,2009-2020,coverage-unknown
882830c063fffff,37.0435592353047,0.0,284876.0,0.0,,,chm-legacy,2009-2020,coverage-unknown
882830c065fffff,10.40160790677091,0.0,80008.0,6244.0,,,chm-legacy,2009-2020,coverage-unknown
882830c067fffff,8.255819313205807,1.718318502608162,63494.0,18449.0,,,chm-legacy,2009-2020,coverage-unknown
882830c069fffff,23.10909258576171,7.567219449364032,177753.0,33068.0,,,chm-legacy,2009-2020,coverage-unknown
882830c06bfffff,21.489630497127525,0.0,165273.0,0.0,,,chm-legacy,2009-2020,coverage-unknown
882830c06dfffff,29.777081076096728,2.6512968299711814,229058.0,19457.0,,,chm-legacy,2009-2020,coverage-unknown
882830c081fffff,44.6099379053783,0.0,342660.0,0.0,,,chm-legacy,2009-2020,coverage-unknown
882830c083fffff,27.54622693263384,6.3145809414466125,211560.0,4700.0,,,chm-legacy,2009-2020,coverage-unknown
882830c085fffff,38.32098788194461,0.0,294373.0,0.0,,,chm-legacy,2009-2020,coverage-unknown
882830c087fffff,34.153053322516406,0.0,262320.0,0.0,,,chm-legacy,2009-2020,coverage-unknown
882830c089fffff,5.745149749188551,0.0,44133.0,0.0,,,chm-legacy,2009-2020,coverage-unknown
882830c08bfffff,18.647451235310665,0.0,143226.0,0.0,,,chm-legacy,2009-2020,coverage-unknown
882830c08dfffff,25.03929965932612,0.0,192360.0,0.0,,,chm-legacy,2009-2020,coverage-unknown
882830c091fffff,7.683151645352804,0.0,1905.0,0.0,24800.76,0.032279547387322215,usfs-2022,2022,partial
882830c093fffff,1.22260998649228,12.78592375366569,9387.0,8565.0,,,chm-legacy,2009-2020,coverage-unknown
882830c095fffff,1.2087015447592968,0.5148005148005148,9282.0,4452.0,,,chm-legacy,2009-2020,coverage-unknown
882830c097fffff,5.756191547322182,0.0,44196.0,0.0,,,chm-legacy,2009-2020,coverage-unknown
882830c099fffff,7.581525072340494,4.397698492709435,27146.0,27994.0,358056.72,0.4659989692978194,usfs-2022,2022,partial
882830c09bfffff,21.858890675108245,8.975563601001374,104704.0,49871.0,479000.52,0.6234891054497587,usfs-2022,2022,partial
882830c09dfffff,3.3720919510553347,0.0,25896.0,0.0,,,chm-legacy,2009-2020,coverage-unknown
882830c0a1fffff,5.108779303130429,6.488056810845706,39244.0,16687.0,,,chm-legacy,2009-2020,coverage-unknown
882830c0a3fffff,1.1733596229770258,0.0,9012.0,1071.0,,,chm-legacy,2009-2020,coverage-unknown
882830c0a5fffff,5.549155853730463,0.0,42630.0,0.0,,,chm-legacy,2009-2020,coverage-unknown
882830c0a7fffff,0.7176945329918373,0.5303760848601736,5513.0,11883.0,,,chm-legacy,2009-2020,coverage-unknown
882830c0a9fffff,41.6393200840677,0.0,319886.0,0.0,,,chm-legacy,2009-2020,coverage-unknown
882830c0abfffff,6.900620373699105,0.0,53005.0,0.0,,,chm-legacy,2009-2020,coverage-unknown
882830c0adfffff,12.84475529630756,0.0,98684.0,0.0,,,chm-legacy,2009-2020,coverage-unknown
882830c0b1fffff,0.9721575908921272,1.3609650479430868,7465.0,18369.0,,,chm-legacy,2009-2020,coverage-unknown
882830c0b3fffff,1.7960071324244251,6.875599616245603,13790.0,16773.0,,,chm-legacy,2009-2020,coverage-unknown
882830c0b5fffff,0.7046342722312343,0.0,5411.0,0.0,,,chm-legacy,2009-2020,coverage-unknown
882830c0b7fffff,0.2106000488481513,0.0,1617.0,0.0,,,chm-legacy,2009-2020,coverage-unknown
882830c0b9fffff,1.2998147072651345,1.2496094970321776,9982.0,18207.0,,,chm-legacy,2009-2020,coverage-unknown
882830c0bbfffff,6.288258721144627,0.0,48285.0,23.0,,,chm-legacy,2009-2020,coverage-unknown
882830c0bdfffff,1.7503524663429195,0.0,13443.0,0.0,,,chm-legacy,2009-2020,coverage-unknown
882830c0c1fffff,39.274644379254994,0.0,301762.0,0.0,,,chm-legacy,2009-2020,coverage-unknown
882830c0c3fffff,29.841982916074755,0.0,229255.0,0.0,,,chm-legacy,2009-2020,coverage-unknown
882830c0c5fffff,31.43822732050975,0.0,241568.0,0.0,,,chm-legacy,2009-2020,coverage-unknown
882830c0c7fffff,8.76621131299533,0.0,67349.0,0.0,,,chm-legacy,2009-2020,coverage-unknown
882830c0c9fffff,27.870621437662553,7.384276267450404,214155.0,29042.0,,,chm-legacy,2009-2020,coverage-unknown
882830c0cbfffff,17.25141344548666,7.054871220604703,132540.0,14342.0,,,chm-legacy,2009-2020,coverage-unknown
882830c0cdfffff,36.20838348760094,0.0,278241.0,0.0,,,chm-legacy,2009-2020,coverage-unknown
882830c0d1fffff,0.0,0.0,0.0,0.0,14383.8,0.01871620317107424,usfs-2022,2022,partial
882830c0d3fffff,23.82338425392506,6.634618211755021,95055.0,22863.0,398997.72,0.519247303477473,usfs-2022,2022,partial
882830c0d5fffff,8.722458428251265,0.0,66999.0,0.0,,,chm-legacy,2009-2020,coverage-unknown
882830c0d7fffff,4.983862043526374,0.0,38277.0,0.0,,,chm-legacy,2009-2020,coverage-unknown
882830c0d9fffff,31.148359807406738,19.31711998383716,49839.0,23003.0,160005.6,0.20818529358094423,usfs-2022,2022,partial
882830c0dbfffff,28.18748484002508,14.569074184038087,44345.0,29522.0,157322.16,0.2047219801779992,usfs-2022,2022,partial
882830c0ddfffff,22.81369347429014,0.0,175250.0,0.0,,,chm-legacy,2009-2020,coverage-unknown
882830c0e1fffff,10.45069214918892,0.0,80302.0,0.0,,,chm-legacy,2009-2020,coverage-unknown
882830c0e3fffff,29.86111431218626,0.0,229418.0,0.0,,,chm-legacy,2009-2020,coverage-unknown
882830c0e5fffff,34.10177115546809,0.0,262053.0,0.0,,,chm-legacy,2009-2020,coverage-unknown
882830c0e7fffff,20.946030019678236,0.0,160936.0,0.0,,,chm-legacy,2009-2020,coverage-unknown
882830c0e9fffff,51.30204251002812,0.0,394227.0,0.0,,,chm-legacy,2009-2020,coverage-unknown
882830c0ebfffff,33.34962198045363,0.0,256238.0,0.0,,,chm-legacy,2009-2020,coverage-unknown
882830c0edfffff,24.492251242290425,0.0,188222.0,0.0,,,chm-legacy,2009-2020,coverage-unknown
882830c101fffff,5.1443804937376765,3.002018163471241,9045.0,5537.0,175822.92,0.2284333564498529,usfs-2022,2022,partial
882830c103fffff,0.2008420625927051,0.1190003966679889,1545.0,14504.0,,,chm-legacy,2009-2020,coverage-unknown
882830c105fffff,9.109503747342487,10.814575114884532,61439.0,76994.0,674445.96,0.8761957061390482,usfs-2022,2022,partial
882830c107fffff,14.519200753768125,17.146091097146872,18251.0,15284.0,125704.44,0.16332926958684763,usfs-2022,2022,partial
882830c109fffff,0.0,0.0,0.0,0.0,816.48,0.001060718742171345,usfs-2022,2022,partial
882830c10bfffff,1.8396089506443007,3.556684661797396,14150.0,17493.0,,,chm-legacy,2009-2020,coverage-unknown
882830c10dfffff,6.732889866832862,3.798682425886456,19057.0,35748.0,283042.8,0.3676856812035264,usfs-2022,2022,partial
882830c111fffff,1.5221036725818635,0.0,11705.0,26271.0,,,chm-legacy,2009-2020,coverage-unknown
882830c113fffff,0.0566621828299766,0.1767955801104972,436.0,26018.0,,,chm-legacy,2009-2020,coverage-unknown
882830c115fffff,2.066366952868777,0.0,15891.0,23144.0,,,chm-legacy,2009-2020,coverage-unknown
882830c117fffff,0.8332296977987812,0.0,6407.0,1889.0,,,chm-legacy,2009-2020,coverage-unknown
882830c119fffff,0.7883448444274478,9.616295594504974,6063.0,10990.0,,,chm-legacy,2009-2020,coverage-unknown
882830c11bfffff,0.8624979266876762,0.0,6632.0,10604.0,,,chm-legacy,2009-2020,coverage-unknown
882830c11dfffff,0.8633398444698338,0.6983554854697004,6640.0,25390.0,,,chm-legacy,2009-2020,coverage-unknown
882830c121fffff,14.82065396586357,11.856197059682602,114081.0,78220.0,769746.6,1.0,usfs-2022,2022,full
882830c123fffff,4.521439687241713,8.807424059023575,34799.0,51260.0,769637.16,0.9999972178143154,usfs-2022,2022,full
882830c125fffff,23.555457451723875,18.493168951764435,181329.0,121024.0,769796.64,0.9999984788510469,usfs-2022,2022,full
882830c127fffff,12.110757878854068,9.085861643382021,93216.0,97854.0,769691.88,0.9999992169777763,usfs-2022,2022,full
882830c129fffff,12.457641941002228,9.027472324775603,95898.0,115408.0,769794.48,0.999997040131166,usfs-2022,2022,full
882830c12bfffff,10.480334091854713,11.859866760424838,73450.0,78064.0,700837.2,0.9105430729416312,usfs-2022,2022,partial
882830c12dfffff,17.790217599193443,16.304734781060876,136958.0,98178.0,769850.28,1.0,usfs-2022,2022,full
882830c131fffff,3.9186997602594835,0.0,800.0,2442.0,20422.08,0.026540081325944615,usfs-2022,2022,partial
882830c133fffff,4.264940445676505,2.2448979591836733,20426.0,43972.0,478937.52,0.6225018372430902,usfs-2022,2022,partial
882830c135fffff,1.255831659675412,1.0156715097102218,7494.0,88588.0,596716.92,0.7754263939474066,usfs-2022,2022,partial
882830c137fffff,5.607737217121462,2.4064004971259902,29613.0,135693.0,528078.24,0.6863252663081364,usfs-2022,2022,partial
882830c139fffff,0.1717809493545549,0.0,1321.0,0.0,,,chm-legacy,2009-2020,coverage-unknown
882830c13bfffff,0.5344742261458151,4.099378881987578,603.0,278.0,112753.8,0.1465424814694504,usfs-2022,2022,partial
882830c13dfffff,1.2511417465004142,3.180212014134275,848.0,99.0,67790.88,0.0880874568762439,usfs-2022,2022,partial
882830c141fffff,0.4515629607785314,0.2115842369743454,3475.0,21732.0,,,chm-legacy,2009-2020,coverage-unknown
882830c143fffff,6.696064472429189,8.042969287976863,51516.0,38460.0,,,chm-legacy,2009-2020,coverage-unknown
882830c145fffff,1.274200159124334,3.4186622625928984,381.0,2105.0,29863.44,0.03878606486424649,usfs-2022,2022,partial
882830c147fffff,22.80550774526678,0.0,95.0,0.0,418.32,0.000543380320433596,usfs-2022,2022,partial
882830c149fffff,0.1825002534725742,0.0,1404.0,21980.0,,,chm-legacy,2009-2020,coverage-unknown
882830c14bfffff,3.829296956010784,6.263375659865887,29463.0,37843.0,,,chm-legacy,2009-2020,coverage-unknown
882830c14dfffff,0.3824655665789607,0.0,2943.0,0.0,,,chm-legacy,2009-2020,coverage-unknown
882830c151fffff,16.915356398960387,0.0,130111.0,2799.0,,,chm-legacy,2009-2020,coverage-unknown
882830c153fffff,18.021833195858235,0.0,138603.0,4280.0,,,chm-legacy,2009-2020,coverage-unknown
882830c155fffff,2.953495122816556,0.0,22720.0,11416.0,,,chm-legacy,2009-2020,coverage-unknown
882830c157fffff,0.1368455488335875,1.0834236186348862,1053.0,26294.0,,,chm-legacy,2009-2020,coverage-unknown
882830c159fffff,3.4014859608045573,1.374680306905371,26166.0,17770.0,,,chm-legacy,2009-2020,coverage-unknown
882830c15bfffff,2.218207459776843,0.0,17061.0,5852.0,,,chm-legacy,2009-2020,coverage-unknown
882830c15dfffff,3.4728270637191874,0.2738059020383328,26716.0,18881.0,,,chm-legacy,2009-2020,coverage-unknown
882830c161fffff,3.803788304066917,9.014974881619114,26442.0,54508.0,695158.56,0.9028571316558769,usfs-2022,2022,partial
882830c163fffff,9.307546660718485,12.760471365351606,71654.0,86723.0,769848.84,1.0,usfs-2022,2022,full
882830c165fffff,8.885167372398971,8.192575145805293,68417.0,117872.0,770008.68,1.0,usfs-2022,2022,full
882830c167fffff,5.988782459676005,6.120340225728146,46108.0,88965.0,769901.4,0.9999991454675783,usfs-2022,2022,full
882830c169fffff,0.06576938435158433,0.05171368451085987,81.0,20178.0,122610.24,0.15923281301770578,usfs-2022,2022,partial
882830c16bfffff,6.43943686957036,6.172048061238091,42340.0,53217.0,657515.88,0.8540267012649682,usfs-2022,2022,partial
882830c16dfffff,6.641310058532326,6.966129207431086,45234.0,114100.0,681100.56,0.8844779888584925,usfs-2022,2022,partial
882830c181fffff,9.72244525333864,5.46058662728717,74761.0,82047.0,768951.0,0.9999985558135291,usfs-2022,2022,full
882830c183fffff,2.2714013202315324,1.7859784055613077,17464.0,9562.0,768846.96,1.0,usfs-2022,2022,full
882830c185fffff,14.854828388012512,7.188988270889693,114234.0,138700.0,769005.72,1.0,usfs-2022,2022,full
882830c187fffff,10.609130876521071,33.09543230016313,81573.0,4725.0,768898.8,0.9999984907490412,usfs-2022,2022,full
882830c189fffff,2.130275325396178,2.116643416675609,12601.0,13135.0,591506.64,0.769185174158017,usfs-2022,2022,partial
882830c18bfffff,3.273569628709816,1.9300087489063866,11360.0,20177.0,347026.68,0.4513295367398889,usfs-2022,2022,partial
882830c18dfffff,8.648424536168928,4.838959768766823,66383.0,86166.0,767568.24,0.9980633428984647,usfs-2022,2022,full
882830c191fffff,6.7642576612068535,5.848466896819398,51996.0,16592.0,768685.68,0.9999976414027189,usfs-2022,2022,full
882830c193fffff,8.357240985858692,4.075782076620551,64232.0,86489.0,768582.36,1.0,usfs-2022,2022,full
882830c195fffff,6.308622058214055,5.665434199972612,48497.0,17360.0,768742.2,1.0,usfs-2022,2022,full
882830c197fffff,13.871347417613892,6.235471698113208,106620.0,156540.0,768635.64,1.0,usfs-2022,2022,full
882830c199fffff,3.854646697388633,0.0,2313.0,0.0,59996.16,0.07804484197324814,usfs-2022,2022,partial
882830c19bfffff,9.137572667918791,0.0,45975.0,0.0,503145.0,0.6545963565178263,usfs-2022,2022,partial
882830c19dfffff,3.0114745150779507,0.0,17122.0,0.0,568557.36,0.7395453516632559,usfs-2022,2022,partial
882830c1a1fffff,15.624820059855992,8.806021038275517,120156.0,129988.0,769005.72,0.9999988064009254,usfs-2022,2022,full
882830c1a3fffff,13.667167017661486,5.951624580741441,105087.0,137486.0,768900.24,0.999998890408676,usfs-2022,2022,full
882830c1a5fffff,11.961444984533804,5.843572567360184,91990.0,102265.0,769057.92,0.999997417455015,usfs-2022,2022,full
882830c1a7fffff,13.003012197668331,7.143536549956446,99987.0,133549.0,768953.52,0.9999988870062834,usfs-2022,2022,full
882830c1a9fffff,17.135598837601204,9.367805323771659,131783.0,127121.0,769057.92,0.9999987867800817,usfs-2022,2022,full
882830c1abfffff,14.41474171106471,6.627555879790058,110843.0,99525.0,768952.8,0.999999320304926,usfs-2022,2022,full
882830c1adfffff,14.584619561274378,12.387540397442068,112172.0,114673.0,769109.4,0.9999964194535285,usfs-2022,2022,full
882830c1b1fffff,14.722749316754363,6.6954184398513545,113180.0,105845.0,768742.56,1.0,usfs-2022,2022,full
882830c1b3fffff,14.413784446832048,4.456403681412461,110790.0,126356.0,768636.72,1.0,usfs-2022,2022,full
882830c1b5fffff,14.791299274283954,5.018475772820228,113715.0,106509.0,768796.56,1.0,usfs-2022,2022,full
882830c1b7fffff,11.628678087359448,5.30700165210136,89388.0,102551.0,768688.92,0.999998702247977,usfs-2022,2022,full
882830c1b9fffff,12.861436855051581,13.859729716757974,98878.0,45228.0,768794.04,0.9999995487105174,usfs-2022,2022,full
882830c1bbfffff,14.568391651360077,12.204681342664358,111986.0,118463.0,768688.56,0.9999997076371363,usfs-2022,2022,full
882830c1bdfffff,18.708095997302973,11.055199939151565,143837.0,79987.0,768846.6,0.9999984866544614,usfs-2022,2022,full
882830c1c1fffff,7.908945996001068,0.0,60797.0,0.0,,,chm-legacy,2009-2020,coverage-unknown
882830c1c3fffff,9.967564180534822,0.0,76611.0,0.0,,,chm-legacy,2009-2020,coverage-unknown
882830c1c5fffff,1.3179473005343652,0.0,10132.0,11762.0,,,chm-legacy,2009-2020,coverage-unknown
882830c1c7fffff,0.0,0.0,0.0,122.0,15818.04,0.020566688196954272,usfs-2022,2022,partial
882830c1c9fffff,12.311194256803455,0.0,94644.0,0.0,,,chm-legacy,2009-2020,coverage-unknown
882830c1cbfffff,27.17554578714071,0.0,208887.0,0.0,,,chm-legacy,2009-2020,coverage-unknown
882830c1cdfffff,2.113318467464018,3.949044585987261,16248.0,8686.0,,,chm-legacy,2009-2020,coverage-unknown
882830c1d1fffff,12.525055178991895,0.0,96248.0,0.0,,,chm-legacy,2009-2020,coverage-unknown
882830c1d3fffff,15.80649917976886,0.0,121447.0,0.0,,,chm-legacy,2009-2020,coverage-unknown
882830c1d5fffff,0.11016805218293405,0.0,86.0,0.0,78425.64,0.10199046048262692,usfs-2022,2022,partial
882830c1d7fffff,0.8784496538254247,0.0,6750.0,0.0,,,chm-legacy,2009-2020,coverage-unknown
882830c1d9fffff,11.846604787493892,0.0,91041.0,9464.0,,,chm-legacy,2009-2020,coverage-unknown
882830c1dbfffff,10.057235550558069,0.0,77279.0,0.0,,,chm-legacy,2009-2020,coverage-unknown
882830c1ddfffff,28.20324955993623,0.0,216756.0,0.0,,,chm-legacy,2009-2020,coverage-unknown
882830c1e1fffff,6.775318919075792,3.675055396557451,52108.0,76213.0,769088.52,0.9998336118374654,usfs-2022,2022,full
882830c1e3fffff,13.334219553990732,8.674140659502429,102555.0,142935.0,769108.68,0.9999969558614291,usfs-2022,2022,full
882830c1e5fffff,13.644621276786918,8.177855715646682,104964.0,156835.0,769271.04,1.0,usfs-2022,2022,full
882830c1e7fffff,12.098548977282194,6.933160560272246,93057.0,104458.0,769162.32,0.9999973547306544,usfs-2022,2022,full
882830c1e9fffff,1.3499749405849353,0.0,902.0,0.0,66801.24,0.0868373395936761,usfs-2022,2022,partial
882830c1ebfffff,6.250334226328581,7.175563198274284,26088.0,32841.0,417381.84,0.5426440983497663,usfs-2022,2022,partial
882830c1edfffff,6.538849333767664,1.8168312234980963,22763.0,22840.0,348121.8,0.452504692382385,usfs-2022,2022,partial
882830c201fffff,67.76071042841714,0.0,521243.0,0.0,,,chm-legacy,2009-2020,coverage-unknown
882830c203fffff,54.02023502912478,0.0,415488.0,0.0,,,chm-legacy,2009-2020,coverage-unknown
882830c205fffff,70.04153590548275,62.34349919743178,538826.0,6756.0,,,chm-legacy,2009-2020,coverage-unknown
882830c207fffff,77.25307231890278,66.05664488017429,594221.0,4487.0,,,chm-legacy,2009-2020,coverage-unknown
882830c209fffff,63.37101680753731,0.0,487509.0,0.0,,,chm-legacy,2009-2020,coverage-unknown
882830c20bfffff,46.584619361748295,0.0,358323.0,0.0,,,chm-legacy,2009-2020,coverage-unknown
882830c20dfffff,58.54316007145264,0.0,450400.0,0.0,,,chm-legacy,2009-2020,coverage-unknown
882830c211fffff,71.15429004053219,0.0,547159.0,0.0,,,chm-legacy,2009-2020,coverage-unknown
882830c213fffff,47.258819510483704,31.21657754010695,363358.0,5927.0,,,chm-legacy,2009-2020,coverage-unknown
882830c215fffff,58.95918810025983,0.0,453413.0,0.0,,,chm-legacy,2009-2020,coverage-unknown
882830c217fffff,21.289420365438847,18.695782231528568,163699.0,15656.0,,,chm-legacy,2009-2020,coverage-unknown
882830c219fffff,53.734650540116334,0.0,413234.0,0.0,,,chm-legacy,2009-2020,coverage-unknown
882830c21bfffff,50.69542858989332,0.0,389808.0,0.0,,,chm-legacy,2009-2020,coverage-unknown
882830c21dfffff,37.60057610547162,0.0,289179.0,0.0,,,chm-legacy,2009-2020,coverage-unknown
882830c221fffff,63.71634464559228,0.0,490167.0,0.0,,,chm-legacy,2009-2020,coverage-unknown
882830c223fffff,48.2797598999737,0.0,371362.0,323.0,,,chm-legacy,2009-2020,coverage-unknown
882830c225fffff,76.66600541610346,0.0,589828.0,0.0,,,chm-legacy,2009-2020,coverage-unknown
882830c227fffff,47.89840766094065,0.0,368455.0,369.0,,,chm-legacy,2009-2020,coverage-unknown
882830c229fffff,54.6113951385172,0.0,420152.0,0.0,,,chm-legacy,2009-2020,coverage-unknown
882830c22bfffff,49.124409928430026,0.0,377885.0,0.0,,,chm-legacy,2009-2020,coverage-unknown
882830c22dfffff,25.781386979190696,0.0,198362.0,0.0,,,chm-legacy,2009-2020,coverage-unknown
882830c231fffff,24.96331706056607,12.13446296802405,191975.0,37037.0,,,chm-legacy,2009-2020,coverage-unknown
882830c233fffff,49.34136157058159,38.61557868180385,379397.0,22424.0,,,chm-legacy,2009-2020,coverage-unknown
882830c235fffff,53.04318541448494,0.0,407946.0,0.0,,,chm-legacy,2009-2020,coverage-unknown
882830c237fffff,23.701328658424064,26.589884827240866,182257.0,8444.0,,,chm-legacy,2009-2020,coverage-unknown
882830c239fffff,35.05362548918261,91.0891089108911,269591.0,104.0,,,chm-legacy,2009-2020,coverage-unknown
882830c23bfffff,30.2460162534092,0.0,232584.0,0.0,,,chm-legacy,2009-2020,coverage-unknown
882830c23dfffff,29.938263060269648,29.175475687103592,230266.0,23155.0,,,chm-legacy,2009-2020,coverage-unknown
882830c241fffff,31.857659329851924,9.364548494983277,245130.0,1561.0,,,chm-legacy,2009-2020,coverage-unknown
882830c243fffff,61.87692762295234,0.0,476048.0,0.0,,,chm-legacy,2009-2020,coverage-unknown
882830c245fffff,54.534753285601525,0.0,419648.0,0.0,,,chm-legacy,2009-2020,coverage-unknown
882830c247fffff,53.52630242596311,0.0,411831.0,0.0,,,chm-legacy,2009-2020,coverage-unknown
882830c249fffff,25.287696030441285,26.2073406310367,194590.0,13202.0,,,chm-legacy,2009-2020,coverage-unknown
882830c24bfffff,26.62824633344416,0.0,204878.0,0.0,,,chm-legacy,2009-2020,coverage-unknown
882830c24dfffff,46.47776120712343,0.0,357674.0,0.0,,,chm-legacy,2009-2020,coverage-unknown
882830c251fffff,66.94679293897096,0.0,514946.0,0.0,,,chm-legacy,2009-2020,coverage-unknown
882830c253fffff,69.99612102404966,0.0,538327.0,0.0,,,chm-legacy,2009-2020,coverage-unknown
882830c255fffff,63.34733828893301,0.0,487293.0,0.0,,,chm-legacy,2009-2020,coverage-unknown
882830c257fffff,38.564390948839055,0.0,296612.0,0.0,,,chm-legacy,2009-2020,coverage-unknown
882830c259fffff,0.0,0.0,0.0,0.0,230.76,0.0002998159679791019,usfs-2022,2022,partial
882830c25bfffff,51.21123404569718,0.0,393883.0,0.0,,,chm-legacy,2009-2020,coverage-unknown
882830c25dfffff,57.69967815072889,0.0,443880.0,0.0,,,chm-legacy,2009-2020,coverage-unknown
882830c261fffff,71.74353506962233,83.23281061519904,552071.0,3203.0,,,chm-legacy,2009-2020,coverage-unknown
882830c263fffff,73.85493629177031,70.4333986287953,568240.0,13910.0,,,chm-legacy,2009-2020,coverage-unknown
882830c265fffff,59.93624842549035,88.83282879246552,461246.0,1912.0,,,chm-legacy,2009-2020,coverage-unknown
882830c267fffff,40.294877711121366,0.0,310051.0,0.0,,,chm-legacy,2009-2020,coverage-unknown
882830c269fffff,47.673651022264075,0.0,366877.0,0.0,,,chm-legacy,2009-2020,coverage-unknown
882830c26bfffff,48.21210149041546,0.0,370970.0,0.0,,,chm-legacy,2009-2020,coverage-unknown
882830c26dfffff,57.05523737441331,0.0,439105.0,0.0,,,chm-legacy,2009-2020,coverage-unknown
882830c281fffff,17.87660770405785,0.0,137381.0,0.0,,,chm-legacy,2009-2020,coverage-unknown
882830c283fffff,40.753663320641515,0.0,313147.0,0.0,,,chm-legacy,2009-2020,coverage-unknown
882830c285fffff,7.7515409884472,0.0,59574.0,0.0,,,chm-legacy,2009-2020,coverage-unknown
882830c287fffff,24.578445578639396,0.0,188871.0,0.0,,,chm-legacy,2009-2020,coverage-unknown
882830c289fffff,28.324363743780523,12.678571428571429,217687.0,8450.0,,,chm-legacy,2009-2020,coverage-unknown
882830c28bfffff,75.15011376800558,0.0,577485.0,0.0,,,chm-legacy,2009-2020,coverage-unknown
882830c28dfffff,14.718736587549555,0.0,113129.0,0.0,,,chm-legacy,2009-2020,coverage-unknown
882830c291fffff,32.08072340877304,0.0,246454.0,0.0,,,chm-legacy,2009-2020,coverage-unknown
882830c293fffff,33.8784852652078,0.0,260228.0,0.0,,,chm-legacy,2009-2020,coverage-unknown
882830c295fffff,52.77539341917025,0.0,405464.0,0.0,,,chm-legacy,2009-2020,coverage-unknown
882830c297fffff,44.88880686536865,0.0,344825.0,0.0,,,chm-legacy,2009-2020,coverage-unknown
882830c299fffff,63.387738522751405,0.0,486997.0,0.0,,,chm-legacy,2009-2020,coverage-unknown
882830c29bfffff,31.51301425821729,0.0,242075.0,0.0,,,chm-legacy,2009-2020,coverage-unknown
882830c29dfffff,50.95191282555419,0.0,391482.0,0.0,,,chm-legacy,2009-2020,coverage-unknown
882830c2a1fffff,53.90556157874098,43.81774756568069,414291.0,17614.0,,,chm-legacy,2009-2020,coverage-unknown
882830c2a3fffff,61.50684173133172,25.42726135889954,472645.0,10305.0,,,chm-legacy,2009-2020,coverage-unknown
882830c2a5fffff,25.494628169702786,24.46624973042916,195953.0,40349.0,,,chm-legacy,2009-2020,coverage-unknown
882830c2a7fffff,41.99180917593669,7.996280799628081,322706.0,22798.0,,,chm-legacy,2009-2020,coverage-unknown
882830c2a9fffff,3.976766823984241,0.0,30566.0,0.0,,,chm-legacy,2009-2020,coverage-unknown
882830c2abfffff,22.363850252577677,0.0,171865.0,0.0,,,chm-legacy,2009-2020,coverage-unknown
882830c2adfffff,23.28628102223452,11.268939393939394,178992.0,21588.0,,,chm-legacy,2009-2020,coverage-unknown
882830c2b1fffff,56.6148210009551,52.24096385542168,434962.0,5708.0,,,chm-legacy,2009-2020,coverage-unknown
882830c2b3fffff,26.46383136399193,14.540759867207672,11570.0,4170.0,43720.2,0.056881073275865446,usfs-2022,2022,partial
882830c2b5fffff,50.56168889586034,17.680668712305575,388484.0,44813.0,,,chm-legacy,2009-2020,coverage-unknown
882830c2b7fffff,30.515111125459462,17.456391564696695,234426.0,36524.0,,,chm-legacy,2009-2020,coverage-unknown
882830c2b9fffff,42.26710410350826,0.0,324754.0,0.0,,,chm-legacy,2009-2020,coverage-unknown
882830c2bbfffff,56.76764228242416,0.0,436106.0,0.0,,,chm-legacy,2009-2020,coverage-unknown
882830c2bdfffff,45.796741817645106,34.65421504290762,351898.0,14913.0,,,chm-legacy,2009-2020,coverage-unknown
882830c2c1fffff,12.19138367218806,0.0,93716.0,0.0,,,chm-legacy,2009-2020,coverage-unknown
882830c2c3fffff,10.214406055990215,0.0,78508.0,0.0,,,chm-legacy,2009-2020,coverage-unknown
882830c2c5fffff,21.433319484835895,0.0,164771.0,0.0,,,chm-legacy,2009-2020,coverage-unknown
882830c2c7fffff,4.162704165012419,0.0,31997.0,0.0,,,chm-legacy,2009-2020,coverage-unknown
882830c2c9fffff,23.47341547751499,0.0,180455.0,0.0,,,chm-legacy,2009-2020,coverage-unknown
882830c2cbfffff,14.645319491842418,0.0,112572.0,0.0,,,chm-legacy,2009-2020,coverage-unknown
882830c2cdfffff,48.787378022322955,0.0,375085.0,0.0,,,chm-legacy,2009-2020,coverage-unknown
882830c2d1fffff,28.580133783278477,11.4713216957606,219622.0,16358.0,,,chm-legacy,2009-2020,coverage-unknown
882830c2d3fffff,35.52630971346771,0.0,272961.0,0.0,,,chm-legacy,2009-2020,coverage-unknown
882830c2d5fffff,40.798360254640635,9.71557682083998,313534.0,39128.0,,,chm-legacy,2009-2020,coverage-unknown
882830c2d7fffff,71.56810250918556,0.0,549921.0,0.0,,,chm-legacy,2009-2020,coverage-unknown
882830c2d9fffff,40.18954018954019,24.11753105896273,308854.0,22164.0,,,chm-legacy,2009-2020,coverage-unknown
882830c2dbfffff,28.155590853681066,12.442396313364055,216344.0,10944.0,,,chm-legacy,2009-2020,coverage-unknown
882830c2ddfffff,15.142925730324633,9.91527364323334,116381.0,22660.0,,,chm-legacy,2009-2020,coverage-unknown
882830c2e1fffff,39.50302247242859,17.89667896678967,303684.0,2563.0,,,chm-legacy,2009-2020,coverage-unknown
882830c2e3fffff,2.56503723664418,0.0,19716.0,0.0,,,chm-legacy,2009-2020,coverage-unknown
882830c2e5fffff,63.775204171088454,62.94805443741613,490314.0,11134.0,,,chm-legacy,2009-2020,coverage-unknown
882830c2e7fffff,29.25121107266436,48.38461538461539,224857.0,11595.0,,,chm-legacy,2009-2020,coverage-unknown
882830c2e9fffff,17.596344671620436,0.0,135283.0,0.0,,,chm-legacy,2009-2020,coverage-unknown
882830c2ebfffff,19.60030461772783,0.0,150669.0,0.0,,,chm-legacy,2009-2020,coverage-unknown
882830c2edfffff,38.16254580022335,28.63041982105988,293420.0,11946.0,,,chm-legacy,2009-2020,coverage-unknown
882830c301fffff,30.863480205667383,0.0,237530.0,0.0,,,chm-legacy,2009-2020,coverage-unknown
882830c303fffff,28.014275965103195,0.0,215572.0,0.0,,,chm-legacy,2009-2020,coverage-unknown
882830c305fffff,24.544813245485017,0.0,188913.0,0.0,,,chm-legacy,2009-2020,coverage-unknown
882830c307fffff,38.4256484495302,0.0,295709.0,0.0,,,chm-legacy,2009-2020,coverage-unknown
882830c309fffff,8.560881602518865,0.0,65890.0,0.0,,,chm-legacy,2009-2020,coverage-unknown
882830c30bfffff,22.798610886920105,0.0,175449.0,0.0,,,chm-legacy,2009-2020,coverage-unknown
882830c30dfffff,13.393026659888902,0.0,103089.0,0.0,,,chm-legacy,2009-2020,coverage-unknown
882830c311fffff,33.377604995319196,0.0,256790.0,0.0,,,chm-legacy,2009-2020,coverage-unknown
882830c313fffff,44.49456027966481,0.0,342271.0,0.0,,,chm-legacy,2009-2020,coverage-unknown
882830c315fffff,39.52043898277731,0.0,304071.0,0.0,,,chm-legacy,2009-2020,coverage-unknown
882830c317fffff,29.84930091858192,0.0,229629.0,0.0,,,chm-legacy,2009-2020,coverage-unknown
882830c319fffff,64.79202605093955,0.0,498511.0,0.0,,,chm-legacy,2009-2020,coverage-unknown
882830c31bfffff,15.359671579141583,0.0,118161.0,0.0,,,chm-legacy,2009-2020,coverage-unknown
882830c31dfffff,36.72955510770664,0.0,282617.0,0.0,,,chm-legacy,2009-2020,coverage-unknown
882830c321fffff,0.8011136309161643,0.0,6166.0,6687.0,,,chm-legacy,2009-2020,coverage-unknown
882830c323fffff,0.6135195556477447,0.0,4721.0,0.0,,,chm-legacy,2009-2020,coverage-unknown
882830c325fffff,0.2456492884005604,0.0,1891.0,0.0,,,chm-legacy,2009-2020,coverage-unknown
882830c327fffff,0.2078532583648262,0.0,1600.0,0.0,,,chm-legacy,2009-2020,coverage-unknown
882830c329fffff,19.88788286710063,0.0,153081.0,6106.0,,,chm-legacy,2009-2020,coverage-unknown
882830c32bfffff,20.520728171228107,2.5927259632697157,157930.0,15581.0,,,chm-legacy,2009-2020,coverage-unknown
882830c32dfffff,3.458448376792488,0.1105379513633014,26622.0,15615.0,,,chm-legacy,2009-2020,coverage-unknown
882830c331fffff,9.57366378078352,2.3391812865497075,73660.0,20200.0,,,chm-legacy,2009-2020,coverage-unknown
882830c333fffff,11.962289376022866,2.453209262979803,92025.0,53136.0,,,chm-legacy,2009-2020,coverage-unknown
882830c335fffff,5.2009826741458065,2.6615407363596035,40019.0,37918.0,,,chm-legacy,2009-2020,coverage-unknown
882830c337fffff,10.28460811651649,16.763392857142854,79124.0,21479.0,,,chm-legacy,2009-2020,coverage-unknown
882830c339fffff,38.15517106251931,0.0,293587.0,0.0,,,chm-legacy,2009-2020,coverage-unknown
882830c33bfffff,34.37204649082769,0.0,264441.0,0.0,,,chm-legacy,2009-2020,coverage-unknown
882830c33dfffff,7.264328817137879,4.987531172069826,55900.0,24140.0,,,chm-legacy,2009-2020,coverage-unknown
882830c341fffff,,0.0,0.0,0.0,0.0,0.0,none,,unassessed
882830c343fffff,,0.0,0.0,0.0,0.0,0.0,none,,unassessed
882830c345fffff,,0.0,0.0,0.0,0.0,0.0,none,,unassessed
882830c347fffff,,0.0,0.0,0.0,0.0,0.0,none,,unassessed
882830c349fffff,,0.0,0.0,0.0,0.0,0.0,none,,unassessed
882830c34bfffff,,0.0,0.0,0.0,0.0,0.0,none,,unassessed
882830c34dfffff,,0.0,0.0,0.0,0.0,0.0,none,,unassessed
882830c351fffff,,0.0,0.0,0.0,0.0,0.0,none,,unassessed
882830c353fffff,71.978080231125,0.0,553838.0,0.0,,,chm-legacy,2009-2020,coverage-unknown
882830c355fffff,69.77733870354889,0.0,537016.0,0.0,,,chm-legacy,2009-2020,coverage-unknown
882830c357fffff,64.19990389235944,0.0,494023.0,0.0,,,chm-legacy,2009-2020,coverage-unknown
882830c359fffff,,0.0,0.0,0.0,0.0,0.0,none,,unassessed
882830c35bfffff,24.900215643991373,0.0,191609.0,0.0,,,chm-legacy,2009-2020,coverage-unknown
882830c35dfffff,,0.0,0.0,0.0,0.0,0.0,none,,unassessed
882830c361fffff,35.517993067219386,0.0,273446.0,0.0,,,chm-legacy,2009-2020,coverage-unknown
882830c363fffff,34.29316806130497,0.0,263980.0,0.0,,,chm-legacy,2009-2020,coverage-unknown
882830c365fffff,32.326438262536435,0.0,248892.0,0.0,,,chm-legacy,2009-2020,coverage-unknown
882830c367fffff,35.58553159316595,0.0,273947.0,0.0,,,chm-legacy,2009-2020,coverage-unknown
882830c369fffff,,0.0,0.0,0.0,0.0,0.0,none,,unassessed
882830c36bfffff,9.11958703756811,0.0,70205.0,0.0,,,chm-legacy,2009-2020,coverage-unknown
882830c36dfffff,,0.0,0.0,0.0,0.0,0.0,none,,unassessed
882830c401fffff,19.71239746490224,12.38881361686862,151285.0,98468.0,767459.16,1.0,usfs-2022,2022,full
882830c403fffff,20.85382720034229,11.80926057183868,160022.0,107054.0,767351.52,0.9999983383261201,usfs-2022,2022,full
882830c405fffff,20.976369384328184,10.376804953283562,160996.0,115475.0,767512.8,0.9999998669088993,usfs-2022,2022,full
882830c407fffff,22.294126670566552,14.236052647257674,171087.0,119190.0,767407.32,1.0,usfs-2022,2022,full
882830c409fffff,25.660152037715335,12.838328425638338,196944.0,93348.0,767509.56,0.9999987741505942,usfs-2022,2022,full
882830c40bfffff,22.473938371555178,11.20518388163189,172466.0,121158.0,767404.08,0.9999993781152687,usfs-2022,2022,full
882830c40dfffff,22.768094163378866,15.46942937454803,174760.0,100574.0,767564.64,0.9999999445782793,usfs-2022,2022,full
882830c411fffff,20.84963173740362,17.611935530246154,159957.0,92839.0,767191.68,0.999998820295488,usfs-2022,2022,full
882830c413fffff,18.355816324040404,8.48679794137391,140805.0,117784.0,767086.56,1.0,usfs-2022,2022,full
882830c415fffff,23.971888639372985,13.194461383353254,183923.0,115304.0,767245.68,0.9999985286571342,usfs-2022,2022,full
882830c417fffff,20.566189054735705,12.151602069990455,157772.0,136830.0,767141.64,1.0,usfs-2022,2022,full
882830c419fffff,14.725581002519672,10.95436946579172,112981.0,82216.0,767242.8,0.9999980072034282,usfs-2022,2022,full
882830c41bfffff,9.533027458786949,4.932331970398405,73131.0,81024.0,767138.04,0.9999996418989161,usfs-2022,2022,full
882830c41dfffff,17.049774723735712,12.231417568079465,130823.0,120113.0,767297.88,0.9999990808015261,usfs-2022,2022,full
882830c421fffff,26.635883377023596,18.689624890227073,19167.0,9333.0,71961.12,0.09375856681140914,usfs-2022,2022,partial
882830c423fffff,18.724947509066617,2.9631443614546344,8476.0,5706.0,45264.96,0.05898412469282146,usfs-2022,2022,partial
882830c425fffff,0.7897757921962959,0.0,6058.0,16848.0,,,chm-legacy,2009-2020,coverage-unknown
882830c427fffff,1.1952632161434316,0.0340831629175187,9168.0,16894.0,,,chm-legacy,2009-2020,coverage-unknown
882830c429fffff,15.309209993688963,14.05029128358044,116409.0,89655.0,760382.28,0.9906396123499598,usfs-2022,2022,full
882830c42bfffff,22.299947066700742,18.87654300341868,167738.0,122245.0,752191.92,0.9801043265227205,usfs-2022,2022,partial
882830c42dfffff,16.73523247690755,10.778896200674112,13971.0,14008.0,83481.84,0.10875397286314614,usfs-2022,2022,partial
882830c431fffff,0.31284992133314055,0.0,1425.0,0.0,455566.68,0.5937663034473799,usfs-2022,2022,partial
882830c433fffff,2.5426781366958218,5.735898342902234,16010.0,12471.0,629647.92,0.8207698238954478,usfs-2022,2022,partial
882830c435fffff,0.5764140589694638,1.593068753493572,4420.0,20281.0,,,chm-legacy,2009-2020,coverage-unknown
882830c437fffff,0.0,0.0,0.0,0.0,4947.48,0.006448771997239114,usfs-2022,2022,partial
882830c439fffff,9.155561644426907,14.373736075696808,70251.0,45576.0,767301.48,1.0,usfs-2022,2022,full
882830c43bfffff,18.871442963774925,14.526598204592492,144780.0,93816.0,767193.48,0.9999980374203736,usfs-2022,2022,full
882830c43dfffff,19.536338282768476,15.544606098992194,134463.0,97927.0,688272.48,0.8969412790612409,usfs-2022,2022,partial
882830c441fffff,13.328428089881317,13.841060581428003,102318.0,62960.0,767668.32,1.0,usfs-2022,2022,full
882830c443fffff,16.4310401352271,17.21666034266367,126118.0,51052.0,767562.12,0.9999998933140555,usfs-2022,2022,full
882830c445fffff,19.885574467566304,11.507034158774582,152666.0,127490.0,767723.76,1.0,usfs-2022,2022,full
882830c447fffff,24.17613391212345,10.200710176024913,185580.0,119173.0,767615.04,0.9999982073075474,usfs-2022,2022,full
882830c449fffff,17.013746909805715,11.783942231658465,130618.0,109641.0,767718.72,0.9999986678780368,usfs-2022,2022,full
882830c44bfffff,22.662026213464287,13.547325809989236,173957.0,123168.0,767614.68,1.0,usfs-2022,2022,full
882830c44dfffff,4.094092625006622,11.087339541907879,31433.0,12717.0,767774.52,1.0,usfs-2022,2022,full
882830c451fffff,10.88297479580554,9.271501165481794,83516.0,78609.0,767400.84,0.9999984913427841,usfs-2022,2022,full
882830c453fffff,21.99068676323969,15.261706662171438,168733.0,101341.0,767295.0,0.9999986627488964,usfs-2022,2022,full
882830c455fffff,23.95299408907988,19.904306776429003,183828.0,99195.0,767454.12,0.9999971951749289,usfs-2022,2022,full
882830c457fffff,17.808884339201118,11.438407471749837,136656.0,100019.0,767349.36,0.999998755551881,usfs-2022,2022,full
882830c459fffff,25.931695665471437,14.358874910548943,199013.0,112878.0,767452.32,0.99999828818723,usfs-2022,2022,full
882830c45bfffff,17.264306071943796,10.239764960669257,132477.0,119664.0,767349.0,1.0,usfs-2022,2022,full
882830c45dfffff,15.555981872063146,9.665508361055227,119393.0,65791.0,767504.88,0.9999960116461403,usfs-2022,2022,full
882830c461fffff,18.416575696531133,11.473950233281494,141389.0,81968.0,767724.48,0.999999707285457,usfs-2022,2022,full
882830c463fffff,21.78428539336698,14.736290361400675,167220.0,114779.0,767617.56,0.9999983616527761,usfs-2022,2022,full
882830c465fffff,16.74998757454103,9.566518332747135,128603.0,127736.0,767778.48,0.9999996104366417,usfs-2022,2022,full
882830c467fffff,16.09694296396206,8.177560889704537,123178.0,142656.0,765223.56,0.9968093883736042,usfs-2022,2022,full
882830c469fffff,17.15344193699187,13.766697886634887,131700.0,118661.0,767775.24,0.9999984155433573,usfs-2022,2022,full
882830c46bfffff,24.654840024254167,14.352697557496796,189268.0,130136.0,767670.12,0.9999993959319388,usfs-2022,2022,full
882830c46dfffff,19.911930542154156,14.883671223767644,152890.0,77415.0,767830.32,0.9999996829979175,usfs-2022,2022,full
882830c481fffff,0.30482264928069464,0.0,2337.0,12731.0,766714.68,0.999997686063081,usfs-2022,2022,full
882830c483fffff,0.43391037778378866,0.344778049130872,3326.0,4995.0,766609.92,0.9999995060768899,usfs-2022,2022,full
882830c485fffff,0.1471416075995307,0.0,1128.0,0.0,766771.56,1.0,usfs-2022,2022,full
882830c487fffff,2.2953358411324447,0.16350272022224796,17598.0,24840.0,766664.28,0.9999996349369786,usfs-2022,2022,full
882830c489fffff,1.802940876816803,0.23513428780436826,13824.0,6873.0,766767.24,0.999998615364491,usfs-2022,2022,full
882830c48bfffff,1.0135615807334553,9.092662231221677,7771.0,6788.0,766662.84,1.0,usfs-2022,2022,full
882830c48dfffff,1.1610945987881087,0.0,8904.0,13364.0,766821.24,0.9999982505972037,usfs-2022,2022,full
882830c491fffff,0.33273446765538217,1.4450198165880752,2550.0,24529.0,766449.0,0.999998964803053,usfs-2022,2022,full
882830c493fffff,1.4755074446259238,1.588357085644335,10768.0,23442.0,729780.12,0.9522884390733078,usfs-2022,2022,partial
882830c495fffff,0.0001878661923045311,0.0,1.0,0.0,766503.0,0.9999985452916564,usfs-2022,2022,full
882830c497fffff,0.26755632853905154,0.0,996.0,5715.0,372168.36,0.4856072261826638,usfs-2022,2022,partial
882830c499fffff,9.861312089364443,8.030948133089767,75587.0,93160.0,766500.84,0.9999989604227411,usfs-2022,2022,full
882830c49bfffff,3.5347810790028342,8.5599663098167,27090.0,14852.0,766394.28,0.999998505477669,usfs-2022,2022,full
882830c49dfffff,3.907209813461575,10.455116252521023,29951.0,16943.0,766555.2,0.9999989681662087,usfs-2022,2022,full
882830c4a1fffff,0.16794010683939253,0.0,1288.0,3277.0,766773.36,1.0,usfs-2022,2022,full
882830c4a3fffff,0.010780760789996057,0.0,51.0,5377.0,477517.32,0.6228485689623602,usfs-2022,2022,partial
882830c4a5fffff,14.360796036198353,12.890620523692201,50502.0,54732.0,351662.4,0.4585941422643649,usfs-2022,2022,partial
882830c4a7fffff,0.0995699132912005,0.0,26.0,263.0,26031.96,0.033952327039439734,usfs-2022,2022,partial
882830c4a9fffff,0.3982034367933028,0.0,3054.0,0.0,766824.12,0.9999989799485021,usfs-2022,2022,full
882830c4abfffff,0.10306257847076733,0.0,790.0,11864.0,766718.64,0.999999824387004,usfs-2022,2022,full
882830c4adfffff,6.200840233187095,5.2244988809061566,45372.0,55184.0,731711.16,0.9541415348468704,usfs-2022,2022,partial
882830c4b1fffff,0.08375537516568114,0.0,408.0,6908.0,486989.64,0.6353366621310169,usfs-2022,2022,partial
882830c4b3fffff,0.0,0.0,0.0,3871.0,,,chm-legacy,2009-2020,coverage-unknown
882830c4b5fffff,0.024392353847964728,0.0,62.0,2837.0,253850.04,0.331154548794465,usfs-2022,2022,partial
882830c4b7fffff,0.0,0.0,0.0,0.0,,,chm-legacy,2009-2020,coverage-unknown
882830c4b9fffff,0.7545096344859651,0.0,5784.0,12190.0,766558.8,1.0,usfs-2022,2022,full
882830c4bbfffff,1.3148606916211356,0.46320378489509795,5579.0,14466.0,424324.8,0.5536220056146034,usfs-2022,2022,partial
882830c4bdfffff,0.14731302821018663,0.0,1129.0,0.0,766612.44,0.999999766577803,usfs-2022,2022,full
882830c4c1fffff,2.247379301409911,4.198366633772977,17236.0,97509.0,766925.28,0.9999987984852902,usfs-2022,2022,full
882830c4c3fffff,4.671714741370285,5.322270276449406,35824.0,35779.0,766819.08,0.9999986665132001,usfs-2022,2022,full
882830c4c5fffff,10.472471250880075,8.177201214463151,80322.0,59881.0,766980.0,0.999999348348302,usfs-2022,2022,full
882830c4c7fffff,1.7857411107272152,1.2063683116314696,13694.0,39004.0,766874.88,1.0,usfs-2022,2022,full
882830c4c9fffff,7.561280244675074,7.650778164488682,57993.0,70878.0,766979.64,1.0,usfs-2022,2022,full
882830c4cbfffff,9.888761409748211,6.495188264428658,75834.0,115675.0,766870.56,0.9999983091561967,usfs-2022,2022,full
882830c4cdfffff,2.359704653232256,11.126354397065823,18100.0,22855.0,767033.28,1.0,usfs-2022,2022,full
882830c4d1fffff,18.390802438758683,11.738376156910302,140995.0,75459.0,766658.88,0.999999057290923,usfs-2022,2022,full
882830c4d3fffff,12.428832746681444,4.503725100456164,95274.0,48083.0,766553.4,0.9999999562071841,usfs-2022,2022,full
882830c4d5fffff,11.705668658907117,13.680118572280037,89749.0,58915.0,766714.68,1.0,usfs-2022,2022,full
882830c4d7fffff,6.118009811844936,9.891783988232822,46901.0,18525.0,766608.12,1.0,usfs-2022,2022,full
882830c4d9fffff,17.74283063411959,11.34429988361792,136036.0,91869.0,766712.16,1.0,usfs-2022,2022,full
882830c4dbfffff,22.29422297651087,10.807562453925081,170908.0,111938.0,766603.08,0.9999972559501649,usfs-2022,2022,full
882830c4ddfffff,14.466956695660176,6.498890508366374,110928.0,87527.0,766764.72,0.9999986648099307,usfs-2022,2022,full
882830c4e1fffff,13.300906027620629,6.199688258423017,102016.0,81674.0,766983.24,1.0,usfs-2022,2022,full
882830c4e3fffff,9.304408567018555,4.950443873001925,71353.0,26480.0,766877.76,1.0,usfs-2022,2022,full
882830c4e5fffff,10.600653199467763,4.568154275349942,78872.0,84479.0,744030.0,0.9700052662537832,usfs-2022,2022,partial
882830c4e7fffff,9.651449235905226,4.580566472421737,74020.0,50695.0,766931.04,1.0,usfs-2022,2022,full
882830c4e9fffff,17.637920482407228,9.39701173959445,135289.0,110024.0,767033.28,0.9999980813919905,usfs-2022,2022,full
882830c4ebfffff,7.987834874236746,6.092780518022893,61261.0,101507.0,766926.72,0.9999974434902111,usfs-2022,2022,full
882830c4edfffff,14.345812353371008,6.598790066701452,110045.0,119220.0,767089.08,1.0,usfs-2022,2022,full
882830c501fffff,0.0101408658455638,0.0,78.0,0.0,,,chm-legacy,2009-2020,coverage-unknown
882830c503fffff,2.360645310512316,4.344335414808207,588.0,3860.0,24903.36,0.03243761335314725,usfs-2022,2022,partial
882830c505fffff,0.2811591130121359,0.0,2158.0,0.0,,,chm-legacy,2009-2020,coverage-unknown
882830c507fffff,0.2580692731663256,0.0,1980.0,0.0,,,chm-legacy,2009-2020,coverage-unknown
882830c509fffff,2.113328630900516,0.0,16218.0,0.0,,,chm-legacy,2009-2020,coverage-unknown
882830c50bfffff,0.0,0.0,0.0,16842.0,,,chm-legacy,2009-2020,coverage-unknown
882830c50dfffff,0.0009219011445402,0.0,7.0,0.0,,,chm-legacy,2009-2020,coverage-unknown
882830c511fffff,0.0,0.0,0.0,0.0,12007.8,0.015643891293283505,usfs-2022,2022,partial
882830c513fffff,0.0,0.0,0.0,0.0,1502.64,0.0019579257987300054,usfs-2022,2022,partial
882830c515fffff,0.17049864333745196,4.162317327766179,989.0,2644.0,579805.2,0.7553234277200512,usfs-2022,2022,partial
882830c517fffff,1.3528275475523566,0.6515498833199099,6812.0,34637.0,503558.64,0.6560860879271456,usfs-2022,2022,partial
882830c519fffff,1.5289279061618193,0.0,11729.0,0.0,,,chm-legacy,2009-2020,coverage-unknown
882830c51bfffff,0.1424560529991839,0.0,1093.0,0.0,,,chm-legacy,2009-2020,coverage-unknown
882830c51dfffff,0.0,0.0,0.0,0.0,1038.6,0.0013529126157191325,usfs-2022,2022,partial
882830c521fffff,4.082124545335028,0.0,10060.0,0.0,246445.2,0.3209371818308557,usfs-2022,2022,partial
882830c523fffff,6.385739229883177,11.87718825747374,30795.0,9423.0,482242.68,0.628094776479132,usfs-2022,2022,partial
882830c525fffff,11.602748062297568,6.236349980444346,79209.0,97524.0,682674.48,0.8889615380495546,usfs-2022,2022,partial
882830c527fffff,7.1693887468571065,3.0276384895078308,54970.0,14690.0,766729.8,0.9985538726329108,usfs-2022,2022,full
882830c529fffff,1.6442017465035368,0.0,12619.0,0.0,,,chm-legacy,2009-2020,coverage-unknown
882830c52bfffff,0.0,0.0,0.0,0.0,15155.64,0.019738054695578242,usfs-2022,2022,partial
882830c52dfffff,9.16057434296588,5.538452848306831,38370.0,36122.0,418854.96,0.5453853794436995,usfs-2022,2022,partial
882830c531fffff,12.156573665692056,4.283735371387628,35324.0,36069.0,290577.6,0.37854017776474547,usfs-2022,2022,partial
882830c533fffff,8.165423859827524,5.757894809755692,62671.0,97959.0,767520.72,0.9999997358493818,usfs-2022,2022,full
882830c535fffff,9.698163098543903,2.8656318734769117,70798.0,106041.0,730014.12,0.9509346856624512,usfs-2022,2022,partial
882830c537fffff,9.809295870695838,7.697481023610445,75294.0,87947.0,767574.36,0.9999995458297294,usfs-2022,2022,full
882830c539fffff,1.8392358662649408,5.374934452018878,1136.0,3898.0,61773.48,0.0804678599570185,usfs-2022,2022,partial
882830c53bfffff,4.8201459614999695,2.5556649034321564,36671.0,91253.0,760786.92,0.9911590165609626,usfs-2022,2022,full
882830c53dfffff,1.5873288406232562,2.1705426356589146,3328.0,2953.0,209673.0,0.2731067633217402,usfs-2022,2022,partial
882830c541fffff,9.522125848416541,22.844517521323603,38490.0,13514.0,404217.72,0.52629327416029,usfs-2022,2022,partial
882830c543fffff,0.1581359323565481,0.0,1214.0,0.0,,,chm-legacy,2009-2020,coverage-unknown
882830c545fffff,1.8035379217821463,5.070754716981132,13845.0,9274.0,,,chm-legacy,2009-2020,coverage-unknown
882830c547fffff,0.1931400703417058,0.0,1482.0,0.0,,,chm-legacy,2009-2020,coverage-unknown
882830c549fffff,11.476486286596495,9.32060751272252,88151.0,49458.0,768098.16,0.9999996980420456,usfs-2022,2022,full
882830c54bfffff,22.17477852573356,13.33092313693404,89309.0,32795.0,402751.08,0.5244205189325848,usfs-2022,2022,partial
882830c54dfffff,1.5300905469368113,0.0,1191.0,0.0,77807.16,0.10129131971343007,usfs-2022,2022,partial
882830c551fffff,21.622591973431767,5.7002837245292755,6938.0,2632.0,32086.44,0.041791138849111883,usfs-2022,2022,partial
882830c553fffff,2.476087698423679,0.1235330450895614,18997.0,18628.0,,,chm-legacy,2009-2020,coverage-unknown
882830c555fffff,0.7096155442230194,0.052219321148825,5445.0,11025.0,,,chm-legacy,2009-2020,coverage-unknown
882830c557fffff,1.264568119790514,0.0,9703.0,945.0,,,chm-legacy,2009-2020,coverage-unknown
882830c559fffff,19.818400900055533,12.962267791674705,148264.0,89312.0,748113.84,0.9743186711507134,usfs-2022,2022,partial
882830c55bfffff,21.499051930423587,12.177680842119283,88493.0,75958.0,411615.36,0.5361481202454899,usfs-2022,2022,partial
882830c55dfffff,25.00691607947796,15.465686274509805,11064.0,2483.0,44244.72,0.057618806182627574,usfs-2022,2022,partial
882830c561fffff,0.3409949680202016,0.0,2618.0,0.0,,,chm-legacy,2009-2020,coverage-unknown
882830c563fffff,0.3037370254973175,0.0,2331.0,0.0,,,chm-legacy,2009-2020,coverage-unknown
882830c565fffff,0.9095807404724786,0.0,1483.0,1334.0,163024.56,0.2122284556724212,usfs-2022,2022,partial
882830c567fffff,0.16697539721881605,0.0,276.0,0.0,165581.28,0.21558652803229494,usfs-2022,2022,partial
882830c569fffff,8.091536894125891,0.0,62119.0,0.0,,,chm-legacy,2009-2020,coverage-unknown
882830c56bfffff,1.4706966797559131,0.0,11289.0,0.0,,,chm-legacy,2009-2020,coverage-unknown
882830c56dfffff,3.8945354813431976,0.0,29900.0,0.0,,,chm-legacy,2009-2020,coverage-unknown
882830c581fffff,0.38796601948576614,1.911049339819319,2283.0,4065.0,588577.32,0.7672806630344245,usfs-2022,2022,partial
882830c583fffff,0.1479446751439119,0.0,1134.0,0.0,,,chm-legacy,2009-2020,coverage-unknown
882830c585fffff,6.637691140246154,5.516353355332068,44275.0,86380.0,667018.08,0.8694764213618805,usfs-2022,2022,partial
882830c587fffff,3.4076593600403124,4.236964653790365,1363.0,4516.0,40007.52,0.05215811303077445,usfs-2022,2022,partial
882830c589fffff,1.0811446352230578,10.598108629994554,5694.0,13001.0,526641.84,0.6864937820658554,usfs-2022,2022,partial
882830c58bfffff,2.494937531043442,18.188057652711052,235.0,429.0,9422.28,0.012283928825169453,usfs-2022,2022,partial
882830c58dfffff,2.955823594691042,2.6148687540543256,22677.0,38372.0,767201.4,1.0,usfs-2022,2022,full
882830c591fffff,0.1705627186775396,0.1774098166765227,1307.0,19446.0,,,chm-legacy,2009-2020,coverage-unknown
882830c593fffff,0.8903882313903329,0.1184459886291851,6823.0,72858.0,,,chm-legacy,2009-2020,coverage-unknown
882830c595fffff,0.307855381708413,0.431438754455074,2359.0,30574.0,,,chm-legacy,2009-2020,coverage-unknown
882830c597fffff,1.4028425535052629,0.0,10750.0,8916.0,,,chm-legacy,2009-2020,coverage-unknown
882830c599fffff,0.2222252958777668,0.0,1703.0,7932.0,,,chm-legacy,2009-2020,coverage-unknown
882830c59bfffff,0.0,0.0,0.0,0.0,108.0,0.00014084965772925042,usfs-2022,2022,partial
882830c59dfffff,0.2498133313667831,0.0,1915.0,0.0,,,chm-legacy,2009-2020,coverage-unknown
882830c5a1fffff,3.7016757399806193,3.6040734539266013,3383.0,12642.0,91388.88,0.1191276576694144,usfs-2022,2022,partial
882830c5a3fffff,0.0,0.0,0.0,0.0,,,chm-legacy,2009-2020,coverage-unknown
882830c5a5fffff,0.0,0.0,0.0,0.0,,,chm-legacy,2009-2020,coverage-unknown
882830c5a7fffff,0.0023029588415195,0.0,18.0,0.0,,,chm-legacy,2009-2020,coverage-unknown
882830c5a9fffff,11.11450004856608,6.198703081365077,85271.0,107014.0,767202.12,0.999998846893192,usfs-2022,2022,full
882830c5abfffff,8.441497731458288,5.3837842330548975,34455.0,65570.0,408156.48,0.532079376006053,usfs-2022,2022,partial
882830c5adfffff,5.95788258863412,5.284313474487314,29699.0,39955.0,498475.08,0.6496847712550283,usfs-2022,2022,partial
882830c5b1fffff,0.0,0.0,0.0,0.0,73373.04,0.09567673909382023,usfs-2022,2022,partial
882830c5b3fffff,0.0,0.0,0.0,259.0,,,chm-legacy,2009-2020,coverage-unknown
882830c5b5fffff,0.0,0.0,0.0,0.0,,,chm-legacy,2009-2020,coverage-unknown
882830c5b7fffff,0.0,0.0,0.0,0.0,,,chm-legacy,2009-2020,coverage-unknown
882830c5b9fffff,4.978927719190208,2.652937613567535,3726.0,2893.0,74828.16,0.09756754277765553,usfs-2022,2022,partial
882830c5bbfffff,0.0064516129032258,0.0,49.0,22856.0,,,chm-legacy,2009-2020,coverage-unknown
882830c5bdfffff,0.4500032133718238,0.0,2470.0,2685.0,548956.08,0.7157269626103925,usfs-2022,2022,partial
882830c5c1fffff,0.2664773355954708,0.0,2043.0,0.0,,,chm-legacy,2009-2020,coverage-unknown
882830c5c3fffff,1.6950746738944706,0.014672796635038638,3893.0,14719.0,229646.52,0.299330977549403,usfs-2022,2022,partial
882830c5c5fffff,0.0,0.0,0.0,4077.0,382421.16,0.49835998260436387,usfs-2022,2022,partial
882830c5c7fffff,0.6127321201311671,0.03833736884584342,3562.0,17835.0,581304.6,0.7576436636889342,usfs-2022,2022,partial
882830c5c9fffff,1.2804906164983632,0.0,9820.0,16877.0,,,chm-legacy,2009-2020,coverage-unknown
882830c5cbfffff,2.849027807876209,4.129289477431297,21846.0,38782.0,,,chm-legacy,2009-2020,coverage-unknown
882830c5cdfffff,0.2770989902715662,0.0,2125.0,0.0,,,chm-legacy,2009-2020,coverage-unknown
882830c5d1fffff,14.276591317670285,5.045290874310791,71387.0,48606.0,500025.24,0.6518900426254189,usfs-2022,2022,partial
882830c5d3fffff,9.045938711968098,13.243385483948137,29809.0,26112.0,329526.0,0.42966716704843905,usfs-2022,2022,partial
882830c5d5fffff,1.1173841449070807,2.1970477171301064,34.0,1026.0,3060.72,0.003990023206586368,usfs-2022,2022,partial
882830c5d7fffff,0.1986642021857671,0.0,1523.0,20425.0,,,chm-legacy,2009-2020,coverage-unknown
882830c5d9fffff,5.98848205367958,5.714285714285714,1014.0,107.0,16940.52,0.022084101631328866,usfs-2022,2022,partial
882830c5dbfffff,11.120616048716068,3.0591381806527194,49748.0,31577.0,447346.44,0.5832530717753354,usfs-2022,2022,partial
882830c5ddfffff,11.056636875510934,31.11196319018405,17334.0,6468.0,156771.36,0.20435680743057147,usfs-2022,2022,partial
882830c5e1fffff,2.798421249423544,1.3783069014482865,21474.0,121763.0,767361.24,1.0,usfs-2022,2022,full
882830c5e3fffff,6.212187896185452,4.562346249803723,47663.0,78771.0,767254.32,0.9999989249076642,usfs-2022,2022,full
882830c5e5fffff,8.599958343262774,6.06458844674642,65997.0,104987.0,767414.88,0.9999998718197414,usfs-2022,2022,full
882830c5e7fffff,12.583747142744542,6.033199797824744,96556.0,144565.0,767309.76,1.0,usfs-2022,2022,full
882830c5e9fffff,3.2482627977026524,1.6224044049194635,24019.0,133530.0,739447.56,0.9635585489133337,usfs-2022,2022,partial
882830c5ebfffff,0.3266383880334558,0.1959473263869542,2506.0,116069.0,767307.24,1.0,usfs-2022,2022,full
882830c5edfffff,3.681353114568929,1.690288656822736,28253.0,130172.0,767466.72,0.9999995176347177,usfs-2022,2022,full
882830c601fffff,24.374271802553878,10.144659861913118,187151.0,119097.0,767820.6,1.0,usfs-2022,2022,full
882830c603fffff,24.008341234716568,19.0221820527379,184315.0,75475.0,767713.68,0.9999993922611156,usfs-2022,2022,full
882830c605fffff,25.81696542638603,11.765343684435939,198242.0,117184.0,767874.6,1.0,usfs-2022,2022,full
882830c607fffff,22.297484537126603,8.575934279532035,171193.0,89743.0,767768.04,0.9999993520604196,usfs-2022,2022,full
882830c609fffff,29.509956750547943,31.76343648208469,226598.0,60332.0,767871.0,0.9999994479885307,usfs-2022,2022,full
882830c60bfffff,24.87440673181793,16.35960553474505,190977.0,66959.0,767764.08,0.9999980453616859,usfs-2022,2022,full
882830c60dfffff,28.188931934698715,15.982304705838008,216470.0,88268.0,767926.08,1.0,usfs-2022,2022,full
882830c611fffff,26.714416236417122,15.774181130433327,205048.0,90580.0,767554.56,1.0,usfs-2022,2022,full
882830c613fffff,24.163756757213168,17.852904763617122,185444.0,115135.0,767446.56,0.9999982790270723,usfs-2022,2022,full
882830c615fffff,32.76687167779267,28.338307821522918,251521.0,88769.0,767607.12,0.9999985140980958,usfs-2022,2022,full
882830c617fffff,27.276441316593157,22.446080995736352,209348.0,103004.0,767504.52,1.0,usfs-2022,2022,full
882830c619fffff,29.50651219309728,20.948021347422717,226493.0,90706.0,767603.16,0.9999973096644799,usfs-2022,2022,full
882830c61bfffff,22.607186110717624,17.202330389845923,173510.0,109130.0,767500.56,1.0,usfs-2022,2022,full
882830c61dfffff,32.6482481838428,30.124894055938466,250627.0,62921.0,767659.32,0.9999994931177145,usfs-2022,2022,full
882830c621fffff,24.88441108490898,14.035080995941579,191082.0,80754.0,767876.4,0.9999989848303197,usfs-2022,2022,full
882830c623fffff,23.49231981852087,14.890607837284048,180367.0,105719.0,767770.92,0.9999994585708186,usfs-2022,2022,full
882830c625fffff,13.892759031287211,0.0,106687.0,0.0,767930.4,0.9999986578890897,usfs-2022,2022,full
882830c627fffff,11.833878691010295,11.608318167758828,90864.0,44238.0,767826.36,1.0,usfs-2022,2022,full
882830c629fffff,29.784739463400367,18.758703104508147,228726.0,115518.0,767928.96,1.0,usfs-2022,2022,full
882830c62bfffff,19.71597547687501,11.377019069742316,151384.0,76775.0,767823.84,1.0,usfs-2022,2022,full
882830c62dfffff,21.155247924451,14.947349858927852,162469.0,48618.0,767984.76,1.0,usfs-2022,2022,full
882830c631fffff,22.953604386729694,19.325409607835645,176194.0,106392.0,767609.64,0.9999980490342499,usfs-2022,2022,full
882830c633fffff,26.280408094534742,12.983120986876875,201703.0,111429.0,767504.52,0.9999990841898395,usfs-2022,2022,full
882830c635fffff,18.607385272785766,10.68849538494617,142843.0,104676.0,767666.16,1.0,usfs-2022,2022,full
882830c637fffff,21.39023914360811,11.626037050413766,164183.0,120680.0,767558.88,0.9999991104646656,usfs-2022,2022,full
882830c639fffff,26.813474782850104,15.299447165128315,205837.0,100494.0,767663.28,1.0,usfs-2022,2022,full
882830c63bfffff,28.789985830864328,18.161401685288986,220979.0,111114.0,767555.64,0.9999985340825388,usfs-2022,2022,full
882830c63dfffff,20.38975947060462,8.429947088396089,156536.0,44982.0,767716.56,0.9999993957471501,usfs-2022,2022,full
882830c641fffff,29.201364573402067,23.041707792497657,224275.0,55858.0,768029.04,1.0,usfs-2022,2022,full
882830c643fffff,30.354428860609005,34.488782425800416,233099.0,40366.0,767923.92,1.0,usfs-2022,2022,full
882830c645fffff,16.09068961169649,0.0,123590.0,0.0,768082.68,0.9999995510732581,usfs-2022,2022,full
882830c647fffff,11.235776504195915,26.5814121037464,86288.0,7337.0,767975.76,0.9999980747014423,usfs-2022,2022,full
882830c649fffff,39.632387852563305,27.32957599930634,304408.0,75430.0,768079.08,0.9999989215318066,usfs-2022,2022,full
882830c64bfffff,44.71865763821015,35.49667046199496,343427.0,67302.0,767971.8,0.9999969757902938,usfs-2022,2022,full
882830c64dfffff,34.12917905708615,22.425676415817726,262158.0,63736.0,768133.8,0.9999992595750086,usfs-2022,2022,full
882830c651fffff,30.057125601769425,21.445923427493025,230767.0,98600.0,767760.84,0.999997882933452,usfs-2022,2022,full
882830c653fffff,8.45520890878958,6.696712980659537,64907.0,113356.0,767651.76,0.9999937026501057,usfs-2022,2022,full
882830c655fffff,44.642340557711016,44.09971560106948,342771.0,70902.0,767817.0,1.0,usfs-2022,2022,full
882830c657fffff,31.47383885735883,26.969108684992644,241628.0,52546.0,767711.88,1.0,usfs-2022,2022,full
882830c659fffff,16.98342331613384,12.603263291399584,130401.0,110144.0,767813.4,0.9999995140111605,usfs-2022,2022,full
882830c65bfffff,13.940644127835192,10.39076099148396,107024.0,113604.0,767709.72,1.0,usfs-2022,2022,full
882830c65dfffff,41.6644631601846,34.31687541917292,319928.0,67341.0,767867.04,0.9999983484357691,usfs-2022,2022,full
882830c661fffff,30.83115662066706,21.441063750528784,236809.0,44793.0,768084.84,0.9999985123610537,usfs-2022,2022,full
882830c663fffff,21.022623399294417,10.595744412332623,161450.0,102011.0,767980.08,0.9999998488842918,usfs-2022,2022,full
882830c665fffff,23.167436761822902,28.52972963772988,177958.0,30234.0,768138.84,0.9999981191853881,usfs-2022,2022,full
882830c667fffff,32.540180657693,19.902183174815193,249920.0,100169.0,768033.72,0.9999989684844918,usfs-2022,2022,full
882830c669fffff,30.727750170711804,0.0,236031.0,0.0,768136.68,0.9999990547692256,usfs-2022,2022,full
882830c66bfffff,39.556654679631166,18.593987921093603,303807.0,17129.0,768029.76,0.9999975601115826,usfs-2022,2022,full
882830c66dfffff,34.83975333171499,43.04274870155813,245936.0,12831.0,705906.72,0.918919955265017,usfs-2022,2022,partial
882830c681fffff,29.358221409577588,18.251742483606222,225200.0,99900.0,767075.76,0.9999965511755349,usfs-2022,2022,full
882830c683fffff,31.486662883486982,22.52349361581201,241494.0,85389.0,766973.88,1.0,usfs-2022,2022,full
882830c685fffff,28.594912639000476,26.468066600397616,219361.0,85217.0,767134.08,1.0,usfs-2022,2022,full
882830c687fffff,24.49146353368778,8.800198736119949,187856.0,96479.0,767024.64,0.9999971337614315,usfs-2022,2022,full
882830c689fffff,33.77548894282481,21.970201834862387,259103.0,95684.0,767132.64,1.0,usfs-2022,2022,full
882830c68bfffff,30.19764107329757,14.11170605021001,231624.0,96436.0,767026.8,1.0,usfs-2022,2022,full
882830c68dfffff,25.30618565408764,16.06584317793014,194144.0,112158.0,767181.6,0.9999963071069754,usfs-2022,2022,full
882830c691fffff,24.722785204131213,8.396213022920602,189577.0,30200.0,766809.72,0.9999973964496733,usfs-2022,2022,full
882830c693fffff,37.1543404674761,3.093172387778197,262575.0,925.0,706714.2,0.921754333020037,usfs-2022,2022,partial
882830c695fffff,24.05718548242857,10.649868254987489,184487.0,72636.0,766868.76,1.0,usfs-2022,2022,full
882830c697fffff,27.89004497417471,7.484017942943222,213850.0,89766.0,766760.04,0.9999998521620845,usfs-2022,2022,full
882830c699fffff,35.498052428575164,15.140334262143416,268536.0,55805.0,756480.6,0.986460906863778,usfs-2022,2022,partial
882830c69bfffff,18.272364935675796,11.25365796558586,71743.0,27294.0,392632.92,0.5120694797883356,usfs-2022,2022,partial
882830c69dfffff,21.91913350351073,7.898353483153405,168102.0,111702.0,766917.36,0.9999994074821228,usfs-2022,2022,full
882830c6a1fffff,11.522428459673261,13.95032090539415,88393.0,63229.0,767135.16,0.9999993264402798,usfs-2022,2022,full
882830c6a3fffff,19.04876335105417,16.64865796503881,146110.0,90531.0,767029.32,0.9999995899871321,usfs-2022,2022,full
882830c6a5fffff,10.735198957525352,10.017736577526483,82359.0,66115.0,767189.88,0.9999998095732623,usfs-2022,2022,full
882830c6a7fffff,12.664281946397296,9.81547924141466,97146.0,91212.0,767083.68,0.9999995856365563,usfs-2022,2022,full
882830c6a9fffff,28.136396824890337,23.234692278840996,215859.0,116417.0,767187.36,1.0,usfs-2022,2022,full
882830c6abfffff,16.058836752977903,10.518138843150794,123184.0,48519.0,767079.72,0.999997965226873,usfs-2022,2022,full
882830c6adfffff,17.677921987735715,20.290534867467507,135633.0,61177.0,767242.44,1.0,usfs-2022,2022,full
882830c6b1fffff,24.650441158866485,19.7619776455891,189036.0,69829.0,766866.6,0.9999966875085893,usfs-2022,2022,full
882830c6b3fffff,19.880388638329162,4.9008136089613314,152436.0,100063.0,766763.28,1.0,usfs-2022,2022,full
882830c6b5fffff,26.424877519608366,14.039282821166552,202658.0,134851.0,766922.76,0.9999989516064992,usfs-2022,2022,full
882830c6b7fffff,19.966226097358415,10.432812811343114,153104.0,122983.0,766816.92,0.9999992887642107,usfs-2022,2022,full
882830c6b9fffff,28.93580487182051,15.556947915224725,221914.0,83451.0,766919.88,0.9999988416665901,usfs-2022,2022,full
882830c6bbfffff,24.699572638939294,12.632249154238941,189401.0,99293.0,766817.64,1.0,usfs-2022,2022,full
882830c6bdfffff,24.88975525314165,20.90347797044673,190898.0,63090.0,766975.32,1.0,usfs-2022,2022,full
882830c6c1fffff,37.31151688266354,26.298497424283457,286287.0,89155.0,767288.88,1.0,usfs-2022,2022,full
882830c6c3fffff,33.48649661975572,23.12938415580822,256902.0,54008.0,767181.24,0.9999997925667461,usfs-2022,2022,full
882830c6c5fffff,28.900103729719106,26.981143667824707,221762.0,94127.0,767340.36,0.9999979617229687,usfs-2022,2022,full
882830c6c7fffff,31.904814412503725,21.246076090513533,244785.0,93568.0,767233.8,0.9999972120182479,usfs-2022,2022,full
882830c6c9fffff,36.33065055278103,17.958466795716472,278779.0,102074.0,767338.2,0.999999204635381,usfs-2022,2022,full
882830c6cbfffff,39.16557925265683,24.378090067624317,300491.0,62882.0,767233.08,1.0,usfs-2022,2022,full
882830c6cdfffff,30.625441560184008,20.893909991683362,235017.0,99645.0,767392.56,0.9999989460640922,usfs-2022,2022,full
882830c6d1fffff,41.82405458522971,27.00562690379838,218110.0,29935.0,521494.92,0.6798967372150387,usfs-2022,2022,partial
882830c6d3fffff,38.62438481515418,27.26318092321155,183166.0,11969.0,474223.32,0.618352104375785,usfs-2022,2022,partial
882830c6d5fffff,49.106376028857284,20.34713485073773,376682.0,50141.0,767074.32,0.9999986286831153,usfs-2022,2022,full
882830c6d7fffff,32.03524487130984,14.794631677336294,245700.0,52179.0,766967.76,0.9999979706847416,usfs-2022,2022,full
882830c6d9fffff,49.98228781551388,49.21902440032231,216384.0,17697.0,432922.32,0.564382767743909,usfs-2022,2022,partial
882830c6dbfffff,82.77320518360048,0.0,84826.0,0.0,102480.12,0.13361753103654014,usfs-2022,2022,partial
882830c6ddfffff,41.92106103219471,29.41755114627777,309185.0,65094.0,737539.92,0.9614315491457929,usfs-2022,2022,partial
882830c6e1fffff,13.577028888413484,12.228483754860997,104183.0,130980.0,767344.32,0.9999992709824488,usfs-2022,2022,full
882830c6e3fffff,26.692016850489907,21.797072357096795,204791.0,116126.0,767237.04,0.9999975834883031,usfs-2022,2022,full
882830c6e5fffff,22.24131007513379,17.397919647957828,170680.0,105147.0,767399.04,0.9999996874689229,usfs-2022,2022,full
882830c6e7fffff,20.56615334954203,20.29678773031002,157802.0,96273.0,767291.76,0.9999979819167377,usfs-2022,2022,full
882830c6e9fffff,19.776577144591545,14.085147829653078,151764.0,96535.0,767395.08,0.9999982753180781,usfs-2022,2022,full
882830c6ebfffff,32.59879485455537,22.946735311578475,250127.0,85507.0,767289.96,0.9999993842349315,usfs-2022,2022,full
882830c6edfffff,20.194089319739824,13.150964628359956,154979.0,107803.0,767448.72,0.9999972422155216,usfs-2022,2022,full
882830c701fffff,6.54041543665564,3.5783365570599615,17061.0,1077.0,260851.32,0.3395618776406914,usfs-2022,2022,partial
882830c703fffff,10.031088345174838,6.2995106847023985,77048.0,59700.0,768094.92,1.0,usfs-2022,2022,full
882830c705fffff,23.869373515048085,8.362797847809379,74974.0,15022.0,314101.08,0.4088507149514649,usfs-2022,2022,partial
882830c707fffff,21.978776743706856,13.166946714641378,154368.0,106600.0,702350.28,0.9143424296209881,usfs-2022,2022,partial
882830c709fffff,7.492004006073724,0.0,57524.0,0.0,,,chm-legacy,2009-2020,coverage-unknown
882830c70bfffff,7.822264340734302,6.356865938104593,56102.0,45130.0,717214.32,0.9336958406170939,usfs-2022,2022,partial
882830c70dfffff,17.166875054788388,0.0,131817.0,0.0,,,chm-legacy,2009-2020,coverage-unknown
882830c711fffff,10.909119888840499,0.1426809508838964,83775.0,14865.0,767934.36,1.0,usfs-2022,2022,full
882830c713fffff,15.190617650699345,10.630762679943007,116638.0,78580.0,767828.16,0.9999999981365519,usfs-2022,2022,full
882830c715fffff,8.252113161980335,13.229722573023182,63375.0,30671.0,767986.56,0.9999979729327825,usfs-2022,2022,full
882830c717fffff,14.055582669128924,8.26414516453522,107930.0,109983.0,767881.08,0.9999984100924896,usfs-2022,2022,full
882830c719fffff,19.393042503243805,0.0,148936.0,0.0,767986.56,1.0,usfs-2022,2022,full
882830c71bfffff,5.037798963429356,0.0,38684.0,0.0,767878.2,0.999997890964627,usfs-2022,2022,full
882830c71dfffff,8.19651998976302,5.005407176798296,62952.0,52178.0,768039.12,0.9999991237497385,usfs-2022,2022,full
882830c721fffff,24.447924544923755,18.741497498875155,187822.0,110527.0,768253.68,0.9999970353820314,usfs-2022,2022,full
882830c723fffff,27.03480674661031,14.045989182294132,207668.0,99944.0,768151.08,1.0,usfs-2022,2022,full
882830c725fffff,10.758843589303837,6.427891480247501,81753.0,14155.0,759865.68,0.9890093800077646,usfs-2022,2022,partial
882830c727fffff,14.699372190689308,10.799324611479308,108969.0,55914.0,741320.64,0.9650047306141781,usfs-2022,2022,partial
882830c729fffff,28.476772990460226,19.077666043960413,204232.0,87952.0,717186.6,0.9334627052059213,usfs-2022,2022,partial
882830c72bfffff,22.94871776847711,12.198943920207304,176293.0,129297.0,768202.92,1.0,usfs-2022,2022,full
882830c72dfffff,27.584511856454125,14.124216790455147,160806.0,95277.0,582958.44,0.758703172940737,usfs-2022,2022,partial
882830c731fffff,19.966212035415488,12.058597862355692,153338.0,88713.0,767989.44,0.9999986982056331,usfs-2022,2022,full
882830c733fffff,19.490270335905127,9.982347344650902,149663.0,113084.0,767884.68,1.0,usfs-2022,2022,full
882830c735fffff,20.012346182456326,11.02968527700762,153703.0,83523.0,768043.08,0.9999982303111783,usfs-2022,2022,full
882830c737fffff,17.495549868359117,8.977879831611176,133536.0,107028.0,763258.32,0.9939053499693925,usfs-2022,2022,full
882830c739fffff,24.122277234916076,11.72028583928832,185269.0,108960.0,768040.92,0.9999983393949317,usfs-2022,2022,full
882830c73bfffff,16.734250346200326,9.934724542419952,128508.0,106943.0,767936.88,1.0,usfs-2022,2022,full
882830c73dfffff,19.81933846174757,11.092560361724365,152232.0,139946.0,768097.08,1.0,usfs-2022,2022,full
882830c741fffff,18.32046973669633,0.0,140694.0,0.0,,,chm-legacy,2009-2020,coverage-unknown
882830c743fffff,13.781580866402663,0.0,105823.0,0.0,,,chm-legacy,2009-2020,coverage-unknown
882830c745fffff,33.61698592966216,0.0,258184.0,0.0,,,chm-legacy,2009-2020,coverage-unknown
882830c747fffff,24.32164236625543,0.0,186768.0,0.0,,,chm-legacy,2009-2020,coverage-unknown
882830c749fffff,21.462171606893083,0.0,164833.0,0.0,,,chm-legacy,2009-2020,coverage-unknown
882830c74bfffff,7.832818623717265,0.0,60149.0,0.0,,,chm-legacy,2009-2020,coverage-unknown
882830c74dfffff,35.41943644286875,0.0,272046.0,0.0,,,chm-legacy,2009-2020,coverage-unknown
882830c751fffff,3.6883173412365653,8.621670093171776,14520.0,7520.0,393681.96,0.5125112870652778,usfs-2022,2022,partial
882830c753fffff,10.292983049862334,8.905218582637938,79054.0,2633.0,768036.24,0.9999987084810801,usfs-2022,2022,full
882830c755fffff,6.093677612827698,0.0,20219.0,0.0,331809.48,0.43193269672857293,usfs-2022,2022,partial
882830c757fffff,1.9166247174644275,3.7875702533192146,14570.0,4252.0,760205.16,0.9897326514908739,usfs-2022,2022,partial
882830c759fffff,4.1044678296341734,0.0,2818.0,0.0,68658.84,0.08937689141041617,usfs-2022,2022,partial
882830c75bfffff,18.113476831409674,12.070468778803566,135881.0,63535.0,750164.76,0.9766641276007475,usfs-2022,2022,partial
882830c75dfffff,9.959854712292104,0.0,375.0,0.0,3766.32,0.004902474628180036,usfs-2022,2022,partial
882830c761fffff,19.506160874609982,4.825988743826334,26085.0,17898.0,133724.52,0.17401508149606407,usfs-2022,2022,partial
882830c763fffff,26.45428452775836,15.108504919926258,72467.0,27518.0,273932.64,0.35651627277692916,usfs-2022,2022,partial
882830c765fffff,18.984255152679307,6.015678091828824,124386.0,70698.0,655208.64,0.8525600032996069,usfs-2022,2022,partial
882830c767fffff,26.60046991716633,7.475716963846943,200116.0,109804.0,752302.8,0.9790339175979094,usfs-2022,2022,partial
882830c769fffff,48.999413998514235,0.0,376350.0,0.0,,,chm-legacy,2009-2020,coverage-unknown
882830c76bfffff,35.17269669374026,6.481828400149869,7717.0,899.0,21940.2,0.028552685061265754,usfs-2022,2022,partial
882830c76dfffff,33.297650467876196,0.0,255767.0,0.0,,,chm-legacy,2009-2020,coverage-unknown
882830c801fffff,0.0,0.0,0.0,1665.0,6736.32,0.00875193014566584,usfs-2022,2022,partial
882830c803fffff,1.0238233157715684,0.0,7875.0,939.0,,,chm-legacy,2009-2020,coverage-unknown
882830c805fffff,1.2912567803622323,2.067777139574957,9933.0,19642.0,,,chm-legacy,2009-2020,coverage-unknown
882830c807fffff,3.0939729352062955,4.108295293562096,23798.0,35090.0,,,chm-legacy,2009-2020,coverage-unknown
882830c809fffff,0.007209891971785289,0.003165057762304162,6.0,22748.0,89876.52,0.11676097863001043,usfs-2022,2022,partial
882830c80bfffff,0.2672241365652725,0.283148964643099,1554.0,131980.0,581713.92,0.7558234684532383,usfs-2022,2022,partial
882830c80dfffff,1.8880935633800875,2.2159690467815687,14526.0,32026.0,,,chm-legacy,2009-2020,coverage-unknown
882830c811fffff,2.6970734959424356,0.0,20740.0,0.0,,,chm-legacy,2009-2020,coverage-unknown
882830c813fffff,0.4570198992165373,0.0,3514.0,0.0,,,chm-legacy,2009-2020,coverage-unknown
882830c815fffff,0.0992989311573382,0.0,764.0,0.0,,,chm-legacy,2009-2020,coverage-unknown
882830c817fffff,0.6160268109579217,0.0,4737.0,0.0,,,chm-legacy,2009-2020,coverage-unknown
882830c819fffff,5.850108307233819,5.938847355721688,15264.0,42803.0,260924.4,0.33908993342001015,usfs-2022,2022,partial
882830c81bfffff,2.147462132011441,0.0,16512.0,0.0,,,chm-legacy,2009-2020,coverage-unknown
882830c81dfffff,3.053863139762073,3.1764239681314783,3804.0,16713.0,124555.68,0.16185790555134028,usfs-2022,2022,partial
882830c821fffff,4.242576891599524,5.839017443167825,22618.0,31657.0,533129.76,0.692602882386784,usfs-2022,2022,partial
882830c823fffff,16.84512799349531,11.625216888374784,24687.0,9901.0,146552.76,0.19041660089295243,usfs-2022,2022,partial
882830c825fffff,4.2535767799200555,4.560540872771973,32723.0,69876.0,769312.08,0.9993652393984058,usfs-2022,2022,full
882830c827fffff,3.8701584855850744,4.484373237052917,21448.0,60952.0,554200.56,0.720025825011077,usfs-2022,2022,partial
882830c829fffff,0.0849285916496646,0.0,653.0,13185.0,,,chm-legacy,2009-2020,coverage-unknown
882830c82bfffff,29.795276703230705,4.801324503311259,6072.0,414.0,20380.68,0.026478888346304474,usfs-2022,2022,partial
882830c82dfffff,5.948310783440006,3.4855526368963425,14537.0,6878.0,244391.4,0.31745185871422044,usfs-2022,2022,partial
882830c831fffff,0.0110300707303285,0.0,85.0,16462.0,,,chm-legacy,2009-2020,coverage-unknown
882830c833fffff,0.0059745118134481,0.0,46.0,22977.0,,,chm-legacy,2009-2020,coverage-unknown
882830c835fffff,24.44524419788631,18.81567807161711,20051.0,5868.0,82025.28,0.10659037509723658,usfs-2022,2022,partial
882830c837fffff,21.666622218666383,11.944814232119084,17549.0,7858.0,80993.52,0.10526403896072616,usfs-2022,2022,partial
882830c839fffff,2.342855829560341,0.0,18018.0,0.0,,,chm-legacy,2009-2020,coverage-unknown
882830c83bfffff,2.2333247536402414,0.0,17174.0,0.0,,,chm-legacy,2009-2020,coverage-unknown
882830c83dfffff,37.72692374371548,16.916437818752453,21936.0,3812.0,58142.88,0.07555045226000713,usfs-2022,2022,partial
882830c841fffff,5.242028199067389,4.161235335405595,40335.0,55054.0,,,chm-legacy,2009-2020,coverage-unknown
882830c843fffff,1.0007053429730206,0.0,82.0,2226.0,8166.24,0.010608255983476807,usfs-2022,2022,partial
882830c845fffff,2.597844478775841,3.55196770938446,19990.0,27527.0,,,chm-legacy,2009-2020,coverage-unknown
882830c847fffff,1.4184625429332058,8.973826339842127,10914.0,12620.0,,,chm-legacy,2009-2020,coverage-unknown
882830c849fffff,3.243951798362616,4.541389247739243,24962.0,55331.0,,,chm-legacy,2009-2020,coverage-unknown
882830c84bfffff,11.8970777214271,3.3660914648301477,21830.0,8991.0,183493.8,0.23834917235129646,usfs-2022,2022,partial
882830c84dfffff,2.889899607720502,3.59982332155477,22239.0,50285.0,,,chm-legacy,2009-2020,coverage-unknown
882830c851fffff,12.635454374088182,10.1105610272379,97248.0,110988.0,769642.92,1.0,usfs-2022,2022,full
882830c853fffff,8.667665639991291,5.502966896644443,61201.0,111336.0,706084.92,0.9175452798313924,usfs-2022,2022,partial
882830c855fffff,8.959209878806746,6.83684665514031,50663.0,40348.0,565486.92,0.7346895146334121,usfs-2022,2022,partial
882830c857fffff,5.965287818833906,6.447739501217599,45908.0,139960.0,769590.36,1.0,usfs-2022,2022,full
882830c859fffff,10.866691798742584,5.552643128840339,83640.0,111556.0,769693.68,0.9999986941883704,usfs-2022,2022,full
882830c85bfffff,8.437952871856618,2.673443246146854,64938.0,144150.0,769588.56,0.9999990016400062,usfs-2022,2022,full
882830c85dfffff,6.342693491461778,2.8199162895446914,48037.0,65865.0,757359.0,0.9839056586741058,usfs-2022,2022,partial
882830c861fffff,6.9096947349416,6.908952880928484,28657.0,52091.0,414737.28,0.5386487427889144,usfs-2022,2022,partial
882830c863fffff,7.749761329814119,4.890582085585186,497.0,3865.0,6410.52,0.00832693595056147,usfs-2022,2022,partial
882830c865fffff,3.972709817330549,4.742312944389509,17839.0,58262.0,449040.6,0.5831610155574958,usfs-2022,2022,partial
882830c867fffff,13.744740532959327,1.429882244991589,3493.0,4641.0,25411.32,0.033005740149991525,usfs-2022,2022,partial
882830c869fffff,0.3235420251776496,1.1811023622047243,2490.0,2892.0,,,chm-legacy,2009-2020,coverage-unknown
882830c86bfffff,0.3250350550536744,3.961584633853541,2501.0,4608.0,,,chm-legacy,2009-2020,coverage-unknown
882830c86dfffff,4.992145062624167,8.980824927594128,9598.0,26248.0,192261.24,0.24966918851687353,usfs-2022,2022,partial
882830c881fffff,0.0,0.0,0.0,0.0,,,chm-legacy,2009-2020,coverage-unknown
882830c885fffff,0.0,0.0,0.0,0.0,,,chm-legacy,2009-2020,coverage-unknown
882830c889fffff,0.0,0.0,0.0,0.0,,,chm-legacy,2009-2020,coverage-unknown
882830c88bfffff,0.0717129276343008,0.4106009705113848,551.0,15368.0,,,chm-legacy,2009-2020,coverage-unknown
882830c88dfffff,0.0,0.0,0.0,0.0,,,chm-legacy,2009-2020,coverage-unknown
882830c8a1fffff,2.629704680901902,0.0,20210.0,24221.0,,,chm-legacy,2009-2020,coverage-unknown
882830c8a5fffff,0.8319857400124959,0.0,6395.0,18184.0,,,chm-legacy,2009-2020,coverage-unknown
882830c8a7fffff,2.9699831861740735,4.506437768240343,22824.0,17942.0,,,chm-legacy,2009-2020,coverage-unknown
882830c8a9fffff,0.0372223830596798,0.0,286.0,17695.0,,,chm-legacy,2009-2020,coverage-unknown
882830c8adfffff,0.3253108372618752,0.0,2500.0,7505.0,,,chm-legacy,2009-2020,coverage-unknown
882830c8c1fffff,0.0,0.0,0.0,0.0,,,chm-legacy,2009-2020,coverage-unknown
882830c8c3fffff,0.1365642817730366,0.0,1050.0,0.0,,,chm-legacy,2009-2020,coverage-unknown
882830c8c5fffff,0.0652813534387642,0.0,502.0,0.0,,,chm-legacy,2009-2020,coverage-unknown
882830c8c7fffff,0.0,0.0,0.0,0.0,,,chm-legacy,2009-2020,coverage-unknown
882830c8c9fffff,17.968727487034855,5.192696487237806,69589.0,54022.0,387276.84,0.5034665606342524,usfs-2022,2022,partial
882830c8cbfffff,10.337690842774604,0.5062579102798481,28824.0,5094.0,278829.0,0.36253221684344966,usfs-2022,2022,partial
882830c8cdfffff,4.675278093284835,0.0,35944.0,0.0,,,chm-legacy,2009-2020,coverage-unknown
882830c8d1fffff,0.0,0.0,0.0,0.0,,,chm-legacy,2009-2020,coverage-unknown
882830c8d5fffff,0.0,0.0,0.0,0.0,,,chm-legacy,2009-2020,coverage-unknown
882830c8d9fffff,2.7617711509698664,3.1685187073096137,19723.0,17097.0,714141.72,0.9287152709095665,usfs-2022,2022,partial
882830c8dbfffff,6.421620172052419,7.306927111593417,6552.0,1845.0,102024.72,0.13269764485149438,usfs-2022,2022,partial
882830c8ddfffff,1.970592475133343,0.0,984.0,0.0,49946.4,0.06494899594372396,usfs-2022,2022,partial
882830c8e1fffff,0.0087329821755237,0.0,67.0,0.0,,,chm-legacy,2009-2020,coverage-unknown
882830c8e3fffff,0.0206829985751712,0.0,159.0,0.0,,,chm-legacy,2009-2020,coverage-unknown
882830c8e5fffff,0.0027574036287431,0.0,21.0,16514.0,,,chm-legacy,2009-2020,coverage-unknown
882830c8e7fffff,0.0050551470588235,0.0,39.0,17833.0,,,chm-legacy,2009-2020,coverage-unknown
882830c8e9fffff,0.0,0.0,0.0,0.0,,,chm-legacy,2009-2020,coverage-unknown
882830c8ebfffff,0.0022984173098404,0.0,18.0,0.0,,,chm-legacy,2009-2020,coverage-unknown
882830c8edfffff,0.1576569329981016,0.0,1212.0,0.0,,,chm-legacy,2009-2020,coverage-unknown
882830c901fffff,,0.0,0.0,0.0,0.0,0.0,none,,unassessed
882830c903fffff,,0.0,0.0,0.0,0.0,0.0,none,,unassessed
882830c905fffff,,0.0,0.0,0.0,0.0,0.0,none,,unassessed
882830c907fffff,,0.0,0.0,0.0,0.0,0.0,none,,unassessed
882830c909fffff,,0.0,0.0,0.0,0.0,0.0,none,,unassessed
882830c90bfffff,,0.0,0.0,0.0,0.0,0.0,none,,unassessed
882830c90dfffff,,0.0,0.0,0.0,0.0,0.0,none,,unassessed
882830c911fffff,8.871349785089599,7.683318439375044,68292.0,33843.0,769799.88,0.999999197721454,usfs-2022,2022,full
882830c913fffff,4.121444109713723,2.3049125891200313,31722.0,10803.0,769693.32,0.9999975947357362,usfs-2022,2022,full
882830c915fffff,17.910070760021455,10.497651020662703,18634.0,7750.0,104041.8,0.13514502483492113,usfs-2022,2022,partial
882830c917fffff,21.976287627992917,21.500202472547105,59602.0,11864.0,271210.32,0.35233665705144107,usfs-2022,2022,partial
882830c919fffff,5.79031135256139,3.0759464450600187,38178.0,42323.0,659349.0,0.8564605965425219,usfs-2022,2022,partial
882830c91bfffff,4.08869566193431,3.531873662678814,31473.0,51613.0,769747.68,0.9999996249778131,usfs-2022,2022,full
882830c91dfffff,15.17353658799905,15.122071592714262,63246.0,19812.0,416817.0,0.5413870148338309,usfs-2022,2022,partial
882830c921fffff,,0.0,0.0,0.0,0.0,0.0,none,,unassessed
882830c923fffff,,0.0,0.0,0.0,0.0,0.0,none,,unassessed
882830c927fffff,,0.0,0.0,0.0,0.0,0.0,none,,unassessed
882830c929fffff,,0.0,0.0,0.0,0.0,0.0,none,,unassessed
882830c92bfffff,,0.0,0.0,0.0,0.0,0.0,none,,unassessed
882830c92dfffff,,0.0,0.0,0.0,0.0,0.0,none,,unassessed
882830c931fffff,,0.0,0.0,0.0,0.0,0.0,none,,unassessed
882830c933fffff,,0.0,0.0,0.0,0.0,0.0,none,,unassessed
882830c935fffff,,0.0,0.0,0.0,0.0,0.0,none,,unassessed
882830c937fffff,,0.0,0.0,0.0,0.0,0.0,none,,unassessed
882830c939fffff,,0.0,0.0,0.0,0.0,0.0,none,,unassessed
882830c93bfffff,,0.0,0.0,0.0,0.0,0.0,none,,unassessed
882830c93dfffff,,0.0,0.0,0.0,0.0,0.0,none,,unassessed
882830c941fffff,,0.0,0.0,0.0,0.0,0.0,none,,unassessed
882830c943fffff,,0.0,0.0,0.0,0.0,0.0,none,,unassessed
882830c945fffff,,0.0,0.0,0.0,0.0,0.0,none,,unassessed
882830c947fffff,,0.0,0.0,0.0,0.0,0.0,none,,unassessed
882830c949fffff,,0.0,0.0,0.0,0.0,0.0,none,,unassessed
882830c94bfffff,,0.0,0.0,0.0,0.0,0.0,none,,unassessed
882830c94dfffff,,0.0,0.0,0.0,0.0,0.0,none,,unassessed
882830c951fffff,,0.0,0.0,0.0,0.0,0.0,none,,unassessed
882830c953fffff,8.66152621822805,5.269292844760595,12852.0,11410.0,148376.16,0.19271983430865278,usfs-2022,2022,partial
882830c955fffff,,0.0,0.0,0.0,0.0,0.0,none,,unassessed
882830c957fffff,0.0,0.0,0.0,0.0,2429.64,0.0031555464341717788,usfs-2022,2022,partial
882830c959fffff,7.970859372302592,2.0702196111344247,4155.0,2520.0,52133.4,0.06770009073966002,usfs-2022,2022,partial
882830c95bfffff,10.312674621068231,3.9456152277362335,28635.0,12717.0,277672.68,0.36063321030922413,usfs-2022,2022,partial
882830c95dfffff,,0.0,0.0,0.0,0.0,0.0,none,,unassessed
882830c961fffff,,0.0,0.0,0.0,0.0,0.0,none,,unassessed
882830c963fffff,,0.0,0.0,0.0,0.0,0.0,none,,unassessed
882830c967fffff,,0.0,0.0,0.0,0.0,0.0,none,,unassessed
882830c969fffff,,0.0,0.0,0.0,0.0,0.0,none,,unassessed
882830c96bfffff,,0.0,0.0,0.0,0.0,0.0,none,,unassessed
882830c981fffff,0.3129702390904531,0.0,2406.0,0.0,,,chm-legacy,2009-2020,coverage-unknown
882830c983fffff,24.780943458613468,0.0,190503.0,27729.0,,,chm-legacy,2009-2020,coverage-unknown
882830c985fffff,,0.0,0.0,0.0,0.0,0.0,none,,unassessed
882830c987fffff,0.0294247462115639,0.0,226.0,0.0,,,chm-legacy,2009-2020,coverage-unknown
882830c989fffff,10.102244228666969,4.718909710391823,77677.0,32216.0,,,chm-legacy,2009-2020,coverage-unknown
882830c98bfffff,1.0329496706870105,0.0,7941.0,20776.0,,,chm-legacy,2009-2020,coverage-unknown
882830c98dfffff,13.649522490913954,9.668345820441353,12493.0,12717.0,91524.96,0.11895139846707274,usfs-2022,2022,partial
882830c991fffff,1.5803614485498427,0.0,12146.0,1008.0,,,chm-legacy,2009-2020,coverage-unknown
882830c993fffff,7.708699785525004,0.4263693014102984,59240.0,17487.0,,,chm-legacy,2009-2020,coverage-unknown
882830c995fffff,3.5240793721499455,0.0,27088.0,0.0,,,chm-legacy,2009-2020,coverage-unknown
882830c997fffff,27.583530794805384,2.3882424984690753,211989.0,9181.0,,,chm-legacy,2009-2020,coverage-unknown
882830c999fffff,3.089184409380096,0.0,23745.0,30931.0,,,chm-legacy,2009-2020,coverage-unknown
882830c99bfffff,0.0601756577980302,0.0700035001750087,462.0,16445.0,,,chm-legacy,2009-2020,coverage-unknown
882830c99dfffff,2.2753159905937683,0.0,17490.0,40948.0,,,chm-legacy,2009-2020,coverage-unknown
882830c9a1fffff,,0.0,0.0,0.0,0.0,0.0,none,,unassessed
882830c9a3fffff,,0.0,0.0,0.0,0.0,0.0,none,,unassessed
882830c9a5fffff,,0.0,0.0,0.0,0.0,0.0,none,,unassessed
882830c9a7fffff,,0.0,0.0,0.0,0.0,0.0,none,,unassessed
882830c9a9fffff,,0.0,0.0,0.0,0.0,0.0,none,,unassessed
882830c9abfffff,,0.0,0.0,0.0,0.0,0.0,none,,unassessed
882830c9adfffff,,0.0,0.0,0.0,0.0,0.0,none,,unassessed
882830c9b1fffff,2.3013178202540665,1.686548745372275,17689.0,13766.0,,,chm-legacy,2009-2020,coverage-unknown
882830c9b3fffff,13.185693233621176,0.1239157372986369,101336.0,13928.0,,,chm-legacy,2009-2020,coverage-unknown
882830c9b5fffff,0.0,0.0,0.0,0.0,,,chm-legacy,2009-2020,coverage-unknown
882830c9b7fffff,0.2357832653657629,0.3273322422258592,1812.0,3508.0,,,chm-legacy,2009-2020,coverage-unknown
882830c9b9fffff,15.972193524984965,2.3195876288659796,122777.0,17464.0,,,chm-legacy,2009-2020,coverage-unknown
882830c9bbfffff,14.922152279416151,0.0,114690.0,0.0,,,chm-legacy,2009-2020,coverage-unknown
882830c9bdfffff,3.824966865473824,0.0,29404.0,0.0,,,chm-legacy,2009-2020,coverage-unknown
882830c9c1fffff,0.0,0.0,0.0,4774.0,161849.88,0.21032104469066798,usfs-2022,2022,partial
882830c9c3fffff,0.7102070441881084,0.6305418719211823,5461.0,29048.0,,,chm-legacy,2009-2020,coverage-unknown
882830c9c5fffff,3.4081675708117003,1.4977645305514158,26229.0,14277.0,769588.92,0.9999988356148968,usfs-2022,2022,full
882830c9c7fffff,2.2403493853211973,3.011688634667993,9219.0,14040.0,411492.96,0.5347645032239338,usfs-2022,2022,partial
882830c9c9fffff,5.855735959542188,1.6383495145631068,79.0,584.0,1352.52,0.0017574551840850044,usfs-2022,2022,partial
882830c9cbfffff,0.0,0.0,0.0,0.0,,,chm-legacy,2009-2020,coverage-unknown
882830c9cdfffff,1.8951033580259136,0.1396769969445657,14061.0,4118.0,741939.48,0.9640051801521327,usfs-2022,2022,partial
882830c9d1fffff,0.3886831634950243,0.0,2988.0,17764.0,,,chm-legacy,2009-2020,coverage-unknown
882830c9d3fffff,0.0923437392323065,0.0,710.0,0.0,,,chm-legacy,2009-2020,coverage-unknown
882830c9d5fffff,0.2981358470457448,0.0,2292.0,24722.0,,,chm-legacy,2009-2020,coverage-unknown
882830c9d7fffff,0.50759089551896,0.0,3902.0,0.0,,,chm-legacy,2009-2020,coverage-unknown
882830c9d9fffff,20.252140581441658,15.14501128171262,11717.0,5551.0,57853.44,0.07520010633216584,usfs-2022,2022,partial
882830c9dbfffff,0.0436508665845724,0.0,336.0,16047.0,,,chm-legacy,2009-2020,coverage-unknown
882830c9ddfffff,0.0983207369460844,0.0,756.0,0.0,,,chm-legacy,2009-2020,coverage-unknown
882830c9e1fffff,,0.0,0.0,0.0,0.0,0.0,none,,unassessed
882830c9e3fffff,,0.0,0.0,0.0,0.0,0.0,none,,unassessed
882830c9e5fffff,,0.0,0.0,0.0,0.0,0.0,none,,unassessed
882830c9e7fffff,,0.0,0.0,0.0,0.0,0.0,none,,unassessed
882830c9e9fffff,9.968158870477826,8.909587931558166,20557.0,12956.0,206223.84,0.2679476332484341,usfs-2022,2022,partial
882830c9ebfffff,12.885976041658559,2.5599949742429953,23839.0,22335.0,185001.12,0.2404057637031934,usfs-2022,2022,partial
882830c9edfffff,,0.0,0.0,0.0,0.0,0.0,none,,unassessed
882830ca01fffff,16.313112464818722,16.869244029909872,111570.0,109543.0,683929.08,0.888147743071863,usfs-2022,2022,partial
882830ca03fffff,6.018085161097266,4.850924971386361,46337.0,126594.0,769957.2,1.0,usfs-2022,2022,full
882830ca05fffff,10.4720666663599,0.5740253527864148,80600.0,23944.0,,,chm-legacy,2009-2020,coverage-unknown
882830ca07fffff,7.27268881254971,9.698415265200518,30943.0,80413.0,425469.6,0.5525507409013563,usfs-2022,2022,partial
882830ca09fffff,16.318797464863263,12.474349823794443,125674.0,113015.0,770117.04,1.0,usfs-2022,2022,full
882830ca0bfffff,13.841510224347495,13.602326720424951,106581.0,123198.0,770009.04,0.9999996966454942,usfs-2022,2022,full
882830ca0dfffff,14.00212242271822,12.1936913451512,49828.0,63054.0,355857.48,0.46205205346587824,usfs-2022,2022,partial
882830ca11fffff,15.253815605118776,12.071384881085164,117423.0,167156.0,769796.64,0.9999973185159725,usfs-2022,2022,full
882830ca13fffff,13.932291971171635,15.06989352668365,107236.0,93614.0,769691.88,0.99999805631538,usfs-2022,2022,full
882830ca15fffff,12.17414848158079,9.342313024010911,93723.0,88052.0,769850.64,0.9999985655980052,usfs-2022,2022,full
882830ca17fffff,8.104705381654577,8.092614797237431,62386.0,118378.0,769748.4,1.0,usfs-2022,2022,full
882830ca19fffff,15.843882922011604,9.625403405218783,121974.0,115532.0,769849.92,0.9999986870832015,usfs-2022,2022,full
882830ca1bfffff,13.372547387286096,12.440543216587715,102934.0,129888.0,769744.44,0.9999984709265838,usfs-2022,2022,full
882830ca1dfffff,8.607490645810792,7.995581930845985,66269.0,106155.0,769901.04,0.9999961509558367,usfs-2022,2022,full
882830ca21fffff,15.138638625178173,13.851067018688678,54714.0,26900.0,361418.76,0.46930442085418456,usfs-2022,2022,partial
882830ca23fffff,62.212193069685604,7.7894736842105265,5856.0,1577.0,9412.56,0.01222393591143724,usfs-2022,2022,partial
882830ca25fffff,15.161991900404981,5.625621770803248,29112.0,10587.0,192009.6,0.2493085088967399,usfs-2022,2022,partial
882830ca27fffff,7.4966922466260915,0.5435411125245749,1020.0,3096.0,13604.4,0.017666596566058214,usfs-2022,2022,partial
882830ca29fffff,2.5857626619552416,13.651137594799568,19903.0,4591.0,,,chm-legacy,2009-2020,coverage-unknown
882830ca2bfffff,1.485553919764446,1.5321375186846038,11433.0,15178.0,,,chm-legacy,2009-2020,coverage-unknown
882830ca2dfffff,15.151057238766501,23.26588173559411,20213.0,8423.0,133411.68,0.17321220025623874,usfs-2022,2022,partial
882830ca31fffff,5.5950376531493955,6.1067364388637815,43055.0,27000.0,769513.32,0.9995595538480092,usfs-2022,2022,full
882830ca33fffff,7.856861576797485,7.803452855245683,60478.0,31241.0,769745.52,0.999997966726898,usfs-2022,2022,full
882830ca35fffff,1.939535171475119,0.0,677.0,0.0,34913.52,0.04534781026776241,usfs-2022,2022,partial
882830ca37fffff,12.105488314013783,10.51548927321714,86692.0,57631.0,716134.68,0.9302866562874554,usfs-2022,2022,partial
882830ca39fffff,11.25636040403587,9.82261187350439,86663.0,122233.0,769903.92,0.9999989385636515,usfs-2022,2022,full
882830ca3bfffff,12.302409965912634,6.841824486529741,94704.0,70409.0,769798.44,0.9999987033360666,usfs-2022,2022,full
882830ca3dfffff,8.807799479945999,4.9983349983349985,23840.0,10270.0,270664.2,0.3515312672197856,usfs-2022,2022,partial
882830ca41fffff,10.767190459928361,13.81142485259978,25311.0,31944.0,235077.48,0.30518766339801623,usfs-2022,2022,partial
882830ca43fffff,16.33282073217416,17.994016583297196,125641.0,147724.0,769253.04,0.998813688036347,usfs-2022,2022,full
882830ca45fffff,5.345106143152358,5.772511113408457,7682.0,26250.0,143721.0,0.186571923299339,usfs-2022,2022,partial
882830ca47fffff,15.104576316683593,16.15891790065315,115870.0,117284.0,767118.24,0.9959732440691523,usfs-2022,2022,full
882830ca49fffff,3.3891359798152805,2.121095256459699,26092.0,14619.0,,,chm-legacy,2009-2020,coverage-unknown
882830ca4bfffff,3.12558159902784,6.228584931668701,7195.0,17143.0,230184.36,0.2988557924061184,usfs-2022,2022,partial
882830ca4dfffff,3.140076602953633,0.6538537745195165,24176.0,28881.0,,,chm-legacy,2009-2020,coverage-unknown
882830ca51fffff,19.480716813704177,9.337415591161545,150003.0,130695.0,770007.6,0.9999989862284466,usfs-2022,2022,full
882830ca53fffff,17.82723540075591,11.688298158284594,137253.0,152581.0,769903.56,1.0,usfs-2022,2022,full
882830ca55fffff,13.266266396828136,7.4986678132239835,102158.0,145607.0,770060.52,0.999998764692759,usfs-2022,2022,full
882830ca57fffff,14.892678919509306,12.824227622925797,114667.0,121307.0,769956.84,1.0,usfs-2022,2022,full
882830ca59fffff,20.628894472814604,15.923872411960192,123627.0,70039.0,599291.64,0.7782396851049929,usfs-2022,2022,partial
882830ca5bfffff,15.961508609645572,13.431415376934597,122896.0,119852.0,769955.04,0.9999997365782081,usfs-2022,2022,full
882830ca5dfffff,15.69310226516186,11.262658074519114,99454.0,105492.0,633745.44,0.8229245944715825,usfs-2022,2022,partial
882830ca61fffff,0.8227952951571043,1.3362336855189558,6334.0,18288.0,,,chm-legacy,2009-2020,coverage-unknown
882830ca63fffff,2.2326317630060464,0.0,17186.0,13530.0,,,chm-legacy,2009-2020,coverage-unknown
882830ca65fffff,4.4571128840791765,0.1238850346878097,34317.0,23219.0,,,chm-legacy,2009-2020,coverage-unknown
882830ca67fffff,3.369726750311713,4.958803783948733,25941.0,35879.0,,,chm-legacy,2009-2020,coverage-unknown
882830ca69fffff,3.3458515123064747,0.0,25761.0,6515.0,,,chm-legacy,2009-2020,coverage-unknown
882830ca6bfffff,0.18193046584213776,0.2356637863315004,39.0,3200.0,21568.68,0.02800135557256872,usfs-2022,2022,partial
882830ca6dfffff,2.086870890106806,0.0,16069.0,15558.0,,,chm-legacy,2009-2020,coverage-unknown
882830ca81fffff,4.156173052680048,2.7219906115615666,31974.0,53341.0,769325.04,1.0,usfs-2022,2022,full
882830ca83fffff,7.31112262410043,6.723433398013926,56238.0,73548.0,769218.12,0.999998298483321,usfs-2022,2022,full
882830ca85fffff,8.225023758153926,4.233071864831606,63282.0,136998.0,769377.96,1.0,usfs-2022,2022,full
882830ca87fffff,14.208030534394013,7.756249634991838,109299.0,119409.0,769272.84,1.0,usfs-2022,2022,full
882830ca89fffff,0.9851882526068535,0.8666881496414092,7580.0,95243.0,769375.8,0.9999981569573639,usfs-2022,2022,full
882830ca8bfffff,3.3533283852677434,2.3568605738941177,25796.0,110472.0,769270.32,0.9999981096051646,usfs-2022,2022,full
882830ca8dfffff,6.30541143597995,6.854597920350744,48516.0,87038.0,769430.52,1.0,usfs-2022,2022,full
882830ca91fffff,7.704564806375947,8.262243435848287,59253.0,34803.0,769060.44,0.9999995316023292,usfs-2022,2022,full
882830ca93fffff,8.282123571970978,5.429543977504521,63686.0,52910.0,768954.96,0.9999995967776243,usfs-2022,2022,full
882830ca95fffff,13.101285138156097,6.763137955295773,100764.0,49615.0,769112.64,0.9999983072590368,usfs-2022,2022,full
882830ca97fffff,8.746719547145362,2.6149165364690403,67263.0,68216.0,769009.68,1.0,usfs-2022,2022,full
882830ca99fffff,18.61388418734928,12.225066298957403,143161.0,116413.0,769109.76,0.9999956217262191,usfs-2022,2022,full
882830ca9bfffff,15.89674809878589,10.126878923707611,122247.0,98023.0,769008.6,1.0,usfs-2022,2022,full
882830ca9dfffff,6.178267035482104,2.617880273591187,47521.0,115837.0,769165.2,0.9999985677635026,usfs-2022,2022,full
882830caa1fffff,13.841238617471715,7.128565385623493,106491.0,128832.0,769376.52,0.9999973899553076,usfs-2022,2022,full
882830caa3fffff,9.543228260452457,4.318474794762196,73413.0,111692.0,769271.76,0.9999982779834425,usfs-2022,2022,full
882830caa5fffff,7.472530453891858,6.684569937850073,29746.0,43782.0,398077.2,0.5173653756837895,usfs-2022,2022,partial
882830caa7fffff,8.0844312317581,3.5658867924528304,26873.0,57499.0,332407.8,0.43207662748407344,usfs-2022,2022,partial
882830caa9fffff,10.410717786448085,3.6019918134031985,80103.0,125306.0,769430.52,0.9999994136122717,usfs-2022,2022,full
882830caabfffff,10.985822300046138,3.66969288478773,84517.0,139691.0,769326.48,1.0,usfs-2022,2022,full
882830caadfffff,9.426575598947721,5.055695911805237,72536.0,59528.0,769484.52,1.0,usfs-2022,2022,full
882830cab1fffff,6.312861818209051,5.987664287790229,48553.0,52403.0,769115.52,1.0,usfs-2022,2022,full
882830cab3fffff,1.6490546234714787,1.216520650813517,12681.0,28414.0,769007.88,0.9999984370988627,usfs-2022,2022,full
882830cab5fffff,9.206642213222365,3.7628339363425467,70815.0,122760.0,769167.72,1.0,usfs-2022,2022,full
882830cab7fffff,6.046384260527036,8.343230403800476,46500.0,5557.0,769062.6,1.0,usfs-2022,2022,full
882830cab9fffff,14.942833767673136,9.048413739080088,114935.0,76910.0,769167.36,1.0,usfs-2022,2022,full
882830cabbfffff,3.9109105547961875,1.7532450972891644,30077.0,55477.0,769060.8,0.9999990438685864,usfs-2022,2022,full
882830cabdfffff,10.586449711286729,7.360827528949515,81433.0,138183.0,769219.92,0.9999997865799658,usfs-2022,2022,full
882830cac1fffff,8.663934315027575,2.4111167121337918,66672.0,94783.0,769534.92,1.0,usfs-2022,2022,full
882830cac3fffff,9.75806036559975,10.168411696517088,75082.0,104059.0,769431.6,1.0,usfs-2022,2022,full
882830cac5fffff,12.846633107908668,9.85354718211734,98866.0,109466.0,769587.48,0.9999992997147737,usfs-2022,2022,full
882830cac7fffff,7.970525626330441,5.889098967857918,61332.0,65584.0,769482.0,0.9999991774948296,usfs-2022,2022,full
882830cac9fffff,6.276532096264234,17.328037035978625,48303.0,52073.0,769586.76,0.9999995251283555,usfs-2022,2022,full
882830cacbfffff,4.442697806722061,3.3088409825775518,34186.0,65992.0,769478.4,0.9999956603219581,usfs-2022,2022,full
882830cacdfffff,15.640694497521155,19.432198484644076,120377.0,133293.0,769640.76,1.0,usfs-2022,2022,full
882830cad1fffff,17.971033211799924,12.40196510398308,138246.0,143145.0,769269.96,0.9999988035710913,usfs-2022,2022,full
882830cad3fffff,15.169824072669952,7.4601164851861235,116681.0,105247.0,769163.04,0.9999969217824379,usfs-2022,2022,full
882830cad5fffff,10.038862619120597,6.750051597253047,77232.0,118737.0,769325.4,1.0,usfs-2022,2022,full
882830cad7fffff,14.231686165418179,9.127872372705312,109473.0,140158.0,769218.48,0.9999998252025339,usfs-2022,2022,full
882830cad9fffff,15.03830821489287,7.382582582582582,115693.0,111030.0,769323.24,1.0,usfs-2022,2022,full
882830cadbfffff,8.020036401740805,8.740921653062536,61691.0,30670.0,769215.96,0.9999978146384623,usfs-2022,2022,full
882830caddfffff,15.294247560901999,8.812600951408168,117671.0,148161.0,769378.68,1.0,usfs-2022,2022,full
882830cae1fffff,8.229660908724762,7.3932241408926025,63334.0,98984.0,769587.48,0.9999983455831144,usfs-2022,2022,full
882830cae3fffff,13.108352273312079,9.822118630347058,100867.0,106272.0,769483.44,1.0,usfs-2022,2022,full
882830cae5fffff,7.199939379566704,6.379874636076664,55414.0,52209.0,769641.48,0.9999996586503295,usfs-2022,2022,full
882830cae7fffff,4.267262350299402,2.8535532932748673,32838.0,99934.0,769536.0,0.9999995173707867,usfs-2022,2022,full
882830cae9fffff,11.882347768411343,9.640637249412027,91452.0,139418.0,769641.84,1.0,usfs-2022,2022,full
882830caebfffff,13.102656861887438,8.26815543796676,100830.0,149593.0,769534.92,0.9999989648191115,usfs-2022,2022,full
882830caedfffff,14.943340523732996,14.532407346856921,115018.0,70575.0,769692.96,0.9999985056804227,usfs-2022,2022,full
882830cb01fffff,,0.0,0.0,0.0,0.0,0.0,none,,unassessed
882830cb03fffff,,0.0,0.0,0.0,0.0,0.0,none,,unassessed
882830cb05fffff,,0.0,0.0,0.0,0.0,0.0,none,,unassessed
882830cb07fffff,,0.0,0.0,0.0,0.0,0.0,none,,unassessed
882830cb09fffff,,0.0,0.0,0.0,0.0,0.0,none,,unassessed
882830cb0bfffff,,0.0,0.0,0.0,0.0,0.0,none,,unassessed
882830cb0dfffff,,0.0,0.0,0.0,0.0,0.0,none,,unassessed
882830cb11fffff,3.8796656069704465,3.391167192429022,29862.0,35280.0,,,chm-legacy,2009-2020,coverage-unknown
882830cb13fffff,2.631978259969928,13.182382133995038,20256.0,16122.0,,,chm-legacy,2009-2020,coverage-unknown
882830cb15fffff,,0.0,0.0,0.0,0.0,0.0,none,,unassessed
882830cb17fffff,0.0,0.0,0.0,1123.0,,,chm-legacy,2009-2020,coverage-unknown
882830cb19fffff,4.033014443819171,6.826086956521739,31045.0,37031.0,,,chm-legacy,2009-2020,coverage-unknown
882830cb1bfffff,3.235256245171259,6.797752808988763,24900.0,19112.0,,,chm-legacy,2009-2020,coverage-unknown
882830cb1dfffff,,0.0,0.0,0.0,0.0,0.0,none,,unassessed
882830cb21fffff,,0.0,0.0,0.0,0.0,0.0,none,,unassessed
882830cb23fffff,,0.0,0.0,0.0,0.0,0.0,none,,unassessed
882830cb25fffff,,0.0,0.0,0.0,0.0,0.0,none,,unassessed
882830cb27fffff,,0.0,0.0,0.0,0.0,0.0,none,,unassessed
882830cb29fffff,,0.0,0.0,0.0,0.0,0.0,none,,unassessed
882830cb2bfffff,,0.0,0.0,0.0,0.0,0.0,none,,unassessed
882830cb2dfffff,,0.0,0.0,0.0,0.0,0.0,none,,unassessed
882830cb31fffff,,0.0,0.0,0.0,0.0,0.0,none,,unassessed
882830cb33fffff,3.6263850882897914,3.99844828063953,8511.0,12473.0,234699.84,0.3047588423634662,usfs-2022,2022,partial
882830cb35fffff,,0.0,0.0,0.0,0.0,0.0,none,,unassessed
882830cb37fffff,,0.0,0.0,0.0,0.0,0.0,none,,unassessed
882830cb39fffff,,0.0,0.0,0.0,0.0,0.0,none,,unassessed
882830cb3bfffff,0.8603524987094713,0.0,252.0,1565.0,29290.32,0.03803102117799972,usfs-2022,2022,partial
882830cb3dfffff,,0.0,0.0,0.0,0.0,0.0,none,,unassessed
882830cb41fffff,,0.0,0.0,0.0,0.0,0.0,none,,unassessed
882830cb43fffff,,0.0,0.0,0.0,0.0,0.0,none,,unassessed
882830cb45fffff,,0.0,0.0,0.0,0.0,0.0,none,,unassessed
882830cb47fffff,,0.0,0.0,0.0,0.0,0.0,none,,unassessed
882830cb49fffff,,0.0,0.0,0.0,0.0,0.0,none,,unassessed
882830cb4bfffff,,0.0,0.0,0.0,0.0,0.0,none,,unassessed
882830cb4dfffff,,0.0,0.0,0.0,0.0,0.0,none,,unassessed
882830cb51fffff,5.467033924898016,2.7485703744696552,42092.0,30367.0,,,chm-legacy,2009-2020,coverage-unknown
882830cb53fffff,7.813992943402733,18.39676318118599,60154.0,37175.0,,,chm-legacy,2009-2020,coverage-unknown
882830cb55fffff,,0.0,0.0,0.0,0.0,0.0,none,,unassessed
882830cb57fffff,0.8846426043878274,0.0,6811.0,2696.0,,,chm-legacy,2009-2020,coverage-unknown
882830cb59fffff,2.637286240015718,0.909484625378952,20307.0,26358.0,,,chm-legacy,2009-2020,coverage-unknown
882830cb5bfffff,7.0511434473176955,16.34517766497462,54285.0,23731.0,,,chm-legacy,2009-2020,coverage-unknown
882830cb5dfffff,,0.0,0.0,0.0,0.0,0.0,none,,unassessed
882830cb61fffff,,0.0,0.0,0.0,0.0,0.0,none,,unassessed
882830cb63fffff,,0.0,0.0,0.0,0.0,0.0,none,,unassessed
882830cb65fffff,,0.0,0.0,0.0,0.0,0.0,none,,unassessed
882830cb67fffff,,0.0,0.0,0.0,0.0,0.0,none,,unassessed
882830cb69fffff,,0.0,0.0,0.0,0.0,0.0,none,,unassessed
882830cb6bfffff,,0.0,0.0,0.0,0.0,0.0,none,,unassessed
882830cb6dfffff,,0.0,0.0,0.0,0.0,0.0,none,,unassessed
882830cc01fffff,0.0018400533615474,0.0,14.0,0.0,,,chm-legacy,2009-2020,coverage-unknown
882830cc03fffff,0.0045998160073597,0.0,35.0,0.0,,,chm-legacy,2009-2020,coverage-unknown
882830cc09fffff,0.011504249669828,0.0,88.0,0.0,,,chm-legacy,2009-2020,coverage-unknown
882830cc0bfffff,0.0,0.0,0.0,0.0,,,chm-legacy,2009-2020,coverage-unknown
882830cc1dfffff,0.0,0.0,0.0,1238.0,,,chm-legacy,2009-2020,coverage-unknown
882830cc41fffff,0.0156486599684265,0.0,120.0,0.0,,,chm-legacy,2009-2020,coverage-unknown
882830cc43fffff,0.0,0.0,0.0,0.0,,,chm-legacy,2009-2020,coverage-unknown
882830cc47fffff,0.0,0.0,0.0,0.0,,,chm-legacy,2009-2020,coverage-unknown
882830cc49fffff,0.6400581620069573,0.0,4913.0,0.0,,,chm-legacy,2009-2020,coverage-unknown
882830cc4bfffff,1.018595231519838,0.0,7818.0,0.0,,,chm-legacy,2009-2020,coverage-unknown
882830cc4dfffff,0.0,0.0,0.0,0.0,,,chm-legacy,2009-2020,coverage-unknown
882830cc51fffff,0.0,0.0,0.0,0.0,,,chm-legacy,2009-2020,coverage-unknown
882830cc53fffff,0.0,0.0,0.0,4631.0,,,chm-legacy,2009-2020,coverage-unknown
882830cc55fffff,0.0,0.0,0.0,0.0,,,chm-legacy,2009-2020,coverage-unknown
882830cc57fffff,0.0,0.0,0.0,0.0,,,chm-legacy,2009-2020,coverage-unknown
882830cc59fffff,0.0,0.0,0.0,0.0,,,chm-legacy,2009-2020,coverage-unknown
882830cc5bfffff,0.0,0.0,0.0,0.0,,,chm-legacy,2009-2020,coverage-unknown
882830cc5dfffff,0.0,0.0,0.0,0.0,,,chm-legacy,2009-2020,coverage-unknown
882830ce01fffff,17.21159442566317,7.775329959313288,132222.0,83641.0,768211.92,0.9999991222838855,usfs-2022,2022,full
882830ce03fffff,11.239624489719398,9.718411298680767,86332.0,92510.0,768106.8,0.9999999548310691,usfs-2022,2022,full
882830ce05fffff,6.986003719658286,4.974229434578485,53671.0,80444.0,768264.12,0.999997436516414,usfs-2022,2022,full
882830ce07fffff,6.317617710175234,2.7911951249844544,48529.0,70349.0,768160.44,1.0,usfs-2022,2022,full
882830ce09fffff,10.606284250948308,3.6548135607868857,81484.0,136448.0,768263.4,0.9999981808298487,usfs-2022,2022,full
882830ce0bfffff,9.62816083442842,9.900932525776824,73959.0,105983.0,768157.92,0.9999985259865548,usfs-2022,2022,full
882830ce0dfffff,7.5736441046060445,2.4405769666591124,58190.0,105382.0,768318.12,0.9999997327878176,usfs-2022,2022,full
882830ce11fffff,11.052966634039505,9.075683413559995,84881.0,80717.0,767949.12,1.0,usfs-2022,2022,full
882830ce13fffff,10.61355077790947,10.693619509209828,81495.0,117677.0,767842.56,1.0,usfs-2022,2022,full
882830ce15fffff,10.471861910172613,12.372088797817655,80424.0,125008.0,768000.96,0.9999998872388122,usfs-2022,2022,full
882830ce17fffff,11.918689010311551,12.636952905409283,91523.0,109656.0,767896.2,1.0,usfs-2022,2022,full
882830ce19fffff,10.296653032295927,11.969088496872732,79078.0,88620.0,768000.24,1.0,usfs-2022,2022,full
882830ce1bfffff,10.953500528589545,7.203627574747245,84111.0,123844.0,767892.6,0.9999983607367303,usfs-2022,2022,full
882830ce1dfffff,16.999026473636278,14.082900394995427,130562.0,127167.0,768053.16,0.9999998458051602,usfs-2022,2022,full
882830ce21fffff,2.333139807045388,6.356494601284213,17925.0,18796.0,768267.72,1.0,usfs-2022,2022,full
882830ce23fffff,0.4565322972316659,0.0,3147.0,3081.0,689353.2,0.8974066265370733,usfs-2022,2022,partial
882830ce25fffff,2.343944325368474,8.229399850762178,17539.0,9298.0,748261.8,0.973892680111177,usfs-2022,2022,partial
882830ce27fffff,0.9950920659670534,0.0,2334.0,0.0,234575.28,0.3053511355254723,usfs-2022,2022,partial
882830ce29fffff,5.125012943845031,6.879969031950689,39376.0,45032.0,768318.84,0.9999990918421263,usfs-2022,2022,full
882830ce2bfffff,1.9497855362437422,1.0673255725093613,14979.0,13982.0,768213.72,0.9999998870507711,usfs-2022,2022,full
882830ce2dfffff,4.46878061510624,3.7494586177738363,34337.0,50403.0,768370.68,0.9999970597489449,usfs-2022,2022,full
882830ce31fffff,0.6813184104384944,0.0,4776.0,0.0,701011.44,0.9127726274318695,usfs-2022,2022,partial
882830ce33fffff,1.4057555692109782,1.0138275621659307,4406.0,12267.0,313428.6,0.40816519335699625,usfs-2022,2022,partial
882830ce35fffff,0.03075163257871047,0.0,113.0,0.0,367590.24,0.478598411924324,usfs-2022,2022,partial
882830ce37fffff,0.222332698097053,0.0,1706.0,0.0,,,chm-legacy,2009-2020,coverage-unknown
882830ce39fffff,6.697401995984034,9.218090394340628,51440.0,45366.0,768054.24,0.9999995699183126,usfs-2022,2022,full
882830ce3bfffff,12.347751489553204,20.999363848414166,94824.0,93884.0,767948.4,0.999999520792201,usfs-2022,2022,full
882830ce3dfffff,2.174178970797696,4.511384165951285,16700.0,26829.0,768107.88,0.9999997822669588,usfs-2022,2022,full
882830ce41fffff,1.27026117069886,0.4630861766114867,951.0,6732.0,74847.6,0.09740420764272384,usfs-2022,2022,partial
882830ce43fffff,9.321711265839458,2.537292184064413,18599.0,22181.0,199523.88,0.25968954470137173,usfs-2022,2022,partial
882830ce45fffff,5.130821463359544,3.4350621618127035,32711.0,88723.0,637533.0,0.8296066916500299,usfs-2022,2022,partial
882830ce47fffff,3.047030685025383,3.8638782236098805,19464.0,73824.0,638789.76,0.8313564199259444,usfs-2022,2022,partial
882830ce49fffff,2.3075895181616697,3.461128860489883,17723.0,10443.0,,,chm-legacy,2009-2020,coverage-unknown
882830ce4bfffff,3.3420728869556404,0.0,25664.0,0.0,,,chm-legacy,2009-2020,coverage-unknown
882830ce4dfffff,9.76079517119224,0.0,4087.0,0.0,41868.72,0.05447908468697417,usfs-2022,2022,partial
882830ce51fffff,15.34782790134791,10.437997510091673,86061.0,85465.0,560734.2,0.7299728580974106,usfs-2022,2022,partial
882830ce53fffff,22.781316089454183,19.805853422559057,174972.0,89518.0,768049.92,0.9999975159461354,usfs-2022,2022,full
882830ce55fffff,13.958552493162212,4.317228768056444,105090.0,132989.0,752875.2,0.9800367104644845,usfs-2022,2022,partial
882830ce57fffff,17.55491814419557,8.434345933109045,134841.0,106602.0,768106.8,1.0,usfs-2022,2022,full
882830ce59fffff,0.5055611729019212,1.953125,25.0,271.0,4984.56,0.006488540882039179,usfs-2022,2022,partial
882830ce5bfffff,5.488845483797813,20.711427446864338,37815.0,17405.0,688951.44,0.8969508029714419,usfs-2022,2022,partial
882830ce5dfffff,10.411248374512354,0.0,461.0,0.0,4429.44,0.005765523003348826,usfs-2022,2022,partial
882830ce61fffff,12.395158751574025,6.753884389226821,95254.0,132502.0,768476.16,0.9999982636952257,usfs-2022,2022,full
882830ce63fffff,8.777973776743902,5.2257523525575325,67447.0,91549.0,768371.4,0.9999994713907627,usfs-2022,2022,full
882830ce65fffff,11.51290164675462,5.526703628324794,88480.0,126000.0,768529.8,0.9999985505087652,usfs-2022,2022,full
882830ce67fffff,8.860752377356157,7.059216584229011,68088.0,82120.0,768425.04,0.9999997395042497,usfs-2022,2022,full
882830ce69fffff,6.7492347076196655,7.792797060187379,51870.0,66574.0,768529.8,1.0,usfs-2022,2022,full
882830ce6bfffff,4.60292994645141,6.144172740414262,35370.0,66848.0,768423.6,0.9999994433145927,usfs-2022,2022,full
882830ce6dfffff,14.106486603458436,4.797116066854814,108420.0,107718.0,768583.44,1.0,usfs-2022,2022,full
882830ce81fffff,0.028087688843662,0.0,215.0,0.0,,,chm-legacy,2009-2020,coverage-unknown
882830ce85fffff,0.0,0.0,0.0,0.0,,,chm-legacy,2009-2020,coverage-unknown
882830ce89fffff,0.0,0.0,0.0,0.0,1158.12,0.0015089039909958013,usfs-2022,2022,partial
882830ce8bfffff,0.0,0.0,0.0,0.0,,,chm-legacy,2009-2020,coverage-unknown
882830ce8dfffff,0.0,0.0,0.0,0.0,42214.68,0.05499727906191781,usfs-2022,2022,partial
882830ce91fffff,0.0,0.0,0.0,0.0,,,chm-legacy,2009-2020,coverage-unknown
882830ce99fffff,0.0,0.0,0.0,0.0,,,chm-legacy,2009-2020,coverage-unknown
882830ce9bfffff,0.0,0.0,0.0,0.0,,,chm-legacy,2009-2020,coverage-unknown
882830ce9dfffff,0.0,0.0,0.0,0.0,,,chm-legacy,2009-2020,coverage-unknown
882830cec1fffff,9.466153954371732,7.605282022104963,72670.0,161940.0,767682.0,0.9999998173019037,usfs-2022,2022,full
882830cec3fffff,5.412569376334985,4.660235494396368,40887.0,38710.0,755401.68,0.9841389587515983,usfs-2022,2022,partial
882830cec5fffff,4.35246625374483,8.240919459554307,33416.0,75303.0,767738.52,1.0,usfs-2022,2022,full
882830cec7fffff,3.262380832562386,9.277725158832355,15450.0,30690.0,473573.16,0.6169290188422059,usfs-2022,2022,partial
882830cec9fffff,10.497919435204263,3.2215530180685117,80596.0,91687.0,767733.84,0.9999993546439931,usfs-2022,2022,full
882830cecbfffff,9.71486188622614,5.644194411140828,74574.0,106812.0,767628.0,0.9999994166594348,usfs-2022,2022,full
882830cecdfffff,6.544120025938477,4.112691686844229,50245.0,68431.0,767786.04,0.9999974293267645,usfs-2022,2022,full
882830ced1fffff,7.874157427784468,4.075054967019788,24576.0,27643.0,312115.68,0.40670958272116275,usfs-2022,2022,partial
882830ced3fffff,0.0,0.0,0.0,0.0,31507.92,0.041062796997710975,usfs-2022,2022,partial
882830ced5fffff,1.0073722405765524,0.0,1228.0,0.0,121933.08,0.15887660891794914,usfs-2022,2022,partial
882830ced7fffff,0.0,0.0,0.0,0.0,,,chm-legacy,2009-2020,coverage-unknown
882830ced9fffff,12.553937717210864,8.003484451709692,96348.0,123181.0,767468.52,0.9999996633252355,usfs-2022,2022,full
882830cedbfffff,6.339614849438371,4.989594875814167,48632.0,63279.0,767107.8,0.9996676672190253,usfs-2022,2022,full
882830ceddfffff,13.328448835132608,9.194479339490405,95484.0,116841.0,716388.84,0.9333782532519432,usfs-2022,2022,partial
882830cee1fffff,7.544226768507461,14.61190313369492,57860.0,58886.0,766938.24,0.9989594901608356,usfs-2022,2022,full
882830cee3fffff,0.13569806412629648,0.0,191.0,0.0,140606.28,0.1831690553615172,usfs-2022,2022,partial
882830cee5fffff,15.978252348386679,12.61521420942284,12474.0,7952.0,78066.36,0.1016766293251679,usfs-2022,2022,partial
882830cee7fffff,9.226602120792993,0.0,2305.0,0.0,24986.88,0.03254836159981667,usfs-2022,2022,partial
882830cee9fffff,8.903728384098066,12.984082803161751,68362.0,103991.0,767788.92,0.9999993943801948,usfs-2022,2022,full
882830ceebfffff,0.9040921030021848,0.0,3978.0,0.0,439959.6,0.5731002338838244,usfs-2022,2022,partial
882830ceedfffff,12.695618423857043,13.982582127386745,95854.0,156486.0,755013.24,0.9832912479913399,usfs-2022,2022,partial
882830cf01fffff,0.0529134611845253,0.0,406.0,0.0,,,chm-legacy,2009-2020,coverage-unknown
882830cf09fffff,8.34582658344661,4.622589083614579,56715.0,50665.0,679566.96,0.8841177662007615,usfs-2022,2022,partial
882830cf0bfffff,6.612727521792734,6.325110689437065,10948.0,2666.0,165564.36,0.21542912234188602,usfs-2022,2022,partial
882830cf0dfffff,15.235903261098299,0.9552001953125,49783.0,11684.0,326750.04,0.4250729351998795,usfs-2022,2022,partial
882830cf19fffff,2.4328822469382367,5.845629965947786,3815.0,597.0,156821.4,0.20409516414731807,usfs-2022,2022,partial
882830cf1bfffff,0.0,0.0,0.0,0.0,4452.48,0.005795476134279696,usfs-2022,2022,partial
882830cf1dfffff,2.3322058857366375,0.0,17910.0,0.0,,,chm-legacy,2009-2020,coverage-unknown
882830cf29fffff,0.3146346512109294,0.0,2417.0,0.0,,,chm-legacy,2009-2020,coverage-unknown
882830cf2dfffff,0.0432305152249596,0.0,332.0,15817.0,,,chm-legacy,2009-2020,coverage-unknown
882830cf41fffff,10.221601407789858,3.5764665913337614,78583.0,94001.0,768796.56,1.0,usfs-2022,2022,full
882830cf43fffff,11.73777146678706,5.057899814626468,90227.0,130725.0,768690.72,0.9999997768470414,usfs-2022,2022,full
882830cf45fffff,7.783659816115806,4.364201432785504,59845.0,65360.0,768849.12,0.9999992311321256,usfs-2022,2022,full
882830cf47fffff,12.319764278134567,5.161838113540496,94707.0,112991.0,768743.28,0.9999989027371663,usfs-2022,2022,full
882830cf49fffff,14.90671160454542,4.898449956870638,114610.0,144077.0,768848.04,0.9999989896555271,usfs-2022,2022,full
882830cf4bfffff,11.543421882009817,4.348762109795478,88739.0,116762.0,768743.28,1.0,usfs-2022,2022,full
882830cf4dfffff,9.49174444655135,5.393507588028905,72982.0,113961.0,768900.6,0.9999980921908705,usfs-2022,2022,full
882830cf51fffff,11.982512737661555,7.878165993666167,92089.0,134774.0,768531.96,0.9999999902251137,usfs-2022,2022,full
882830cf53fffff,10.475376196990425,10.497060872540294,80496.0,129964.0,768427.2,1.0,usfs-2022,2022,full
882830cf55fffff,15.895700202486134,10.699309687404607,122172.0,120059.0,768585.96,1.0,usfs-2022,2022,full
882830cf57fffff,16.052527211705126,13.423952782151021,75916.0,94629.0,472925.16,0.6154036608096966,usfs-2022,2022,partial
882830cf59fffff,12.96762695232452,8.246708438756592,99667.0,119192.0,768583.8,0.9999993666898024,usfs-2022,2022,full
882830cf5bfffff,14.155429540466539,10.587754462186192,108782.0,114985.0,768479.4,1.0,usfs-2022,2022,full
882830cf5dfffff,12.54202375343192,7.669587544087279,96403.0,145509.0,768636.72,0.9999988387100317,usfs-2022,2022,full
882830cf61fffff,3.9368017781581903,1.2062743115529904,30268.0,25327.0,768849.48,0.9999987428502735,usfs-2022,2022,full
882830cf63fffff,5.2756774997326,0.0,12607.0,0.0,238968.36,0.3108552300220642,usfs-2022,2022,partial
882830cf65fffff,3.8871955551093325,1.3943576499146169,29549.0,25153.0,760157.28,0.9886250262065883,usfs-2022,2022,partial
882830cf67fffff,2.504285805628913,0.0,7473.0,0.0,298403.64,0.38814311919739447,usfs-2022,2022,partial
882830cf69fffff,11.224020162568433,6.23766257883913,86302.0,98152.0,768902.04,0.9999989052877168,usfs-2022,2022,full
882830cf6bfffff,7.458380628074159,2.992103048741019,57340.0,43162.0,768795.84,0.9999980898364684,usfs-2022,2022,full
882830cf6dfffff,4.04192345649882,4.071261597432956,31081.0,47570.0,768955.68,0.9999995769392132,usfs-2022,2022,full
882830d001fffff,0.0586938537829806,0.0,452.0,0.0,,,chm-legacy,2009-2020,coverage-unknown
882830d003fffff,0.1751459164198141,0.0,1349.0,0.0,,,chm-legacy,2009-2020,coverage-unknown
882830d005fffff,0.0,0.0,0.0,0.0,,,chm-legacy,2009-2020,coverage-unknown
882830d007fffff,0.0619163574699312,0.0,477.0,2868.0,,,chm-legacy,2009-2020,coverage-unknown
882830d00bfffff,0.0166387043995507,0.0,128.0,0.0,,,chm-legacy,2009-2020,coverage-unknown
882830d011fffff,1.7715843963764095,0.0,13643.0,0.0,,,chm-legacy,2009-2020,coverage-unknown
882830d013fffff,2.93103607642323,0.0,22568.0,0.0,,,chm-legacy,2009-2020,coverage-unknown
882830d015fffff,0.0508308534038187,0.0,391.0,0.0,,,chm-legacy,2009-2020,coverage-unknown
882830d017fffff,0.4482046400731914,0.0,3451.0,0.0,,,chm-legacy,2009-2020,coverage-unknown
882830d019fffff,0.0762698937306147,0.0,587.0,0.0,,,chm-legacy,2009-2020,coverage-unknown
882830d01bfffff,0.1872035943090107,0.0,1442.0,0.0,,,chm-legacy,2009-2020,coverage-unknown
882830d01dfffff,0.0060084488033943,0.0,46.0,0.0,,,chm-legacy,2009-2020,coverage-unknown
882830d021fffff,,0.0,0.0,0.0,0.0,0.0,none,,unassessed
882830d023fffff,,0.0,0.0,0.0,0.0,0.0,none,,unassessed
882830d025fffff,,0.0,0.0,0.0,0.0,0.0,none,,unassessed
882830d027fffff,,0.0,0.0,0.0,0.0,0.0,none,,unassessed
882830d029fffff,,0.0,0.0,0.0,0.0,0.0,none,,unassessed
882830d02bfffff,0.0297707651086632,0.0,229.0,7557.0,,,chm-legacy,2009-2020,coverage-unknown
882830d02dfffff,,0.0,0.0,0.0,0.0,0.0,none,,unassessed
882830d031fffff,4.276137985835524,9.598046581517655,32932.0,27723.0,,,chm-legacy,2009-2020,coverage-unknown
882830d033fffff,3.922094000905454,0.0,30202.0,20022.0,,,chm-legacy,2009-2020,coverage-unknown
882830d035fffff,6.300619135984461,10.180754917597024,48527.0,19463.0,,,chm-legacy,2009-2020,coverage-unknown
882830d037fffff,0.1173231838001625,0.0,903.0,0.0,,,chm-legacy,2009-2020,coverage-unknown
882830d039fffff,0.0605290516345154,0.0,466.0,3767.0,,,chm-legacy,2009-2020,coverage-unknown
882830d03bfffff,1.9106102401315943,0.0,14713.0,0.0,,,chm-legacy,2009-2020,coverage-unknown
882830d03dfffff,0.0626461518521118,0.3297609233305853,483.0,13928.0,,,chm-legacy,2009-2020,coverage-unknown
882830d053fffff,0.262873379226144,0.4163814738763404,1104.0,56567.0,419882.76,0.5448705293616044,usfs-2022,2022,partial
882830d057fffff,0.0,0.0,0.0,5112.0,33678.72,0.043700897256840156,usfs-2022,2022,partial
882830d081fffff,1.9033152723822742,3.5185372174820353,11295.0,82556.0,593457.12,0.7706871007827715,usfs-2022,2022,partial
882830d083fffff,16.180077785643416,14.896242856075379,124575.0,127103.0,769931.28,1.0,usfs-2022,2022,full
882830d085fffff,8.06006006006006,4.513241327862739,62035.0,29491.0,,,chm-legacy,2009-2020,coverage-unknown
882830d087fffff,5.819734004660421,8.440502080586331,10852.0,19248.0,186472.44,0.24217664293138638,usfs-2022,2022,partial
882830d089fffff,11.88339067228847,0.0,61192.0,1902.0,514937.88,0.6686744961907889,usfs-2022,2022,partial
882830d08bfffff,1.7630136472927314,2.919477234401349,12871.0,23212.0,730061.28,0.9481533600497963,usfs-2022,2022,partial
882830d08dfffff,0.0,0.0,0.0,0.0,8025.12,0.010420317179270213,usfs-2022,2022,partial
882830d091fffff,24.41846271843162,14.959533209958408,187966.0,110341.0,769771.8,1.0,usfs-2022,2022,full
882830d093fffff,12.83189317677302,14.091819374603713,98763.0,49264.0,769666.32,0.9999999209780657,usfs-2022,2022,full
882830d095fffff,16.884663731149526,17.19298964845752,129983.0,72715.0,769826.88,1.0,usfs-2022,2022,full
882830d097fffff,24.097274741371933,24.033175453473703,185481.0,66113.0,769719.24,0.9999982990463822,usfs-2022,2022,full
882830d099fffff,12.29410988973989,16.092638522600108,94643.0,46158.0,769823.28,1.0,usfs-2022,2022,full
882830d09bfffff,25.092652354894536,11.406211353786926,193142.0,118633.0,769716.0,0.9999980428856264,usfs-2022,2022,full
882830d09dfffff,13.641651851304578,13.383225851593567,105024.0,106956.0,769876.56,0.9999994218942269,usfs-2022,2022,full
882830d0a1fffff,4.771098137747561,19.57857769973661,36721.0,15828.0,,,chm-legacy,2009-2020,coverage-unknown
882830d0a3fffff,5.330808489019236,33.78076062639821,41024.0,11935.0,,,chm-legacy,2009-2020,coverage-unknown
882830d0a5fffff,5.968357177822316,0.0,45940.0,0.0,,,chm-legacy,2009-2020,coverage-unknown
882830d0a7fffff,12.62907069102462,0.0,97195.0,0.0,,,chm-legacy,2009-2020,coverage-unknown
882830d0a9fffff,12.713246333294837,20.309009679821298,97856.0,24659.0,,,chm-legacy,2009-2020,coverage-unknown
882830d0abfffff,10.131096349811994,16.627265563435774,77970.0,24376.0,,,chm-legacy,2009-2020,coverage-unknown
882830d0adfffff,1.9074802785937297,0.0,14683.0,0.0,,,chm-legacy,2009-2020,coverage-unknown
882830d0b1fffff,17.91111492990133,29.8215638994144,126074.0,18336.0,703887.84,0.914343409616661,usfs-2022,2022,partial
882830d0b3fffff,3.5790592502332124,37.95680262269791,26160.0,9266.0,730921.68,0.9495900069671026,usfs-2022,2022,partial
882830d0b5fffff,34.490340206856175,0.0,9544.0,0.0,27671.4,0.03594235506950224,usfs-2022,2022,partial
882830d0b7fffff,1.363209176309029,0.0,3567.0,0.0,261626.76,0.33987323413931625,usfs-2022,2022,partial
882830d0b9fffff,25.6447843733455,37.481298751727365,183269.0,39414.0,714643.56,0.928253219904941,usfs-2022,2022,partial
882830d0bbfffff,17.37556827721218,40.374910970010156,133753.0,28329.0,769773.96,0.9999990765694443,usfs-2022,2022,full
882830d0bdfffff,45.06360104316355,0.0,3048.0,0.0,6764.04,0.008785220218487102,usfs-2022,2022,partial
882830d0c1fffff,0.1284925238612465,0.0,989.0,0.0,,,chm-legacy,2009-2020,coverage-unknown
882830d0c3fffff,0.0,0.0,0.0,0.0,,,chm-legacy,2009-2020,coverage-unknown
882830d0c5fffff,4.229498347852208,2.8704939919893193,32562.0,16762.0,,,chm-legacy,2009-2020,coverage-unknown
882830d0c7fffff,1.0375457536880246,0.0,7987.0,0.0,,,chm-legacy,2009-2020,coverage-unknown
882830d0c9fffff,6.509394014977059,28.687582128777922,8080.0,6252.0,124125.84,0.16114069975500148,usfs-2022,2022,partial
882830d0cbfffff,16.900711687921778,20.256941326419767,17833.0,19821.0,105518.16,0.1370028367523607,usfs-2022,2022,partial
882830d0cdfffff,4.376444485532033,1.918075422626788,33695.0,17378.0,,,chm-legacy,2009-2020,coverage-unknown
882830d0d1fffff,11.319832608460256,15.586902646005957,70376.0,48558.0,621708.84,0.8074359412784913,usfs-2022,2022,partial
882830d0d3fffff,0.48369448315205704,3.5356904603068715,3724.0,521.0,769874.4,1.0,usfs-2022,2022,full
882830d0d5fffff,13.298661901296304,14.498338870431892,26576.0,4632.0,199841.76,0.2595235110676467,usfs-2022,2022,partial
882830d0d7fffff,12.532539881148312,36.30366406601038,86900.0,22455.0,693395.28,0.9005974438455667,usfs-2022,2022,partial
882830d0d9fffff,13.587569627675169,16.931733177220543,104281.0,64363.0,767475.0,0.9966817506849224,usfs-2022,2022,full
882830d0dbfffff,21.329838966091234,30.60613639266102,164224.0,93896.0,769924.8,0.9999998720946394,usfs-2022,2022,full
882830d0ddfffff,10.778659458591482,11.64637090284856,2900.0,5929.0,26903.16,0.03493534002896517,usfs-2022,2022,partial
882830d0e1fffff,0.5553425151194541,0.0,4275.0,0.0,,,chm-legacy,2009-2020,coverage-unknown
882830d0e3fffff,9.446236012677527,9.248449470995986,72714.0,28656.0,,,chm-legacy,2009-2020,coverage-unknown
882830d0e5fffff,1.0615691636793674,0.0,8173.0,559.0,,,chm-legacy,2009-2020,coverage-unknown
882830d0e7fffff,2.4417396124442803,33.01356268607344,18797.0,11664.0,,,chm-legacy,2009-2020,coverage-unknown
882830d0e9fffff,4.335449764789605,3.38255033557047,33380.0,20730.0,,,chm-legacy,2009-2020,coverage-unknown
882830d0ebfffff,11.178732174379164,3.0172413793103448,86056.0,20736.0,,,chm-legacy,2009-2020,coverage-unknown
882830d0edfffff,1.5982072725592569,0.0,12306.0,17729.0,,,chm-legacy,2009-2020,coverage-unknown
882830d101fffff,,0.0,0.0,0.0,0.0,0.0,none,,unassessed
882830d103fffff,,0.0,0.0,0.0,0.0,0.0,none,,unassessed
882830d105fffff,,0.0,0.0,0.0,0.0,0.0,none,,unassessed
882830d107fffff,,0.0,0.0,0.0,0.0,0.0,none,,unassessed
882830d10bfffff,,0.0,0.0,0.0,0.0,0.0,none,,unassessed
882830d111fffff,,0.0,0.0,0.0,0.0,0.0,none,,unassessed
882830d113fffff,,0.0,0.0,0.0,0.0,0.0,none,,unassessed
882830d115fffff,,0.0,0.0,0.0,0.0,0.0,none,,unassessed
882830d117fffff,,0.0,0.0,0.0,0.0,0.0,none,,unassessed
882830d119fffff,,0.0,0.0,0.0,0.0,0.0,none,,unassessed
882830d11bfffff,,0.0,0.0,0.0,0.0,0.0,none,,unassessed
882830d11dfffff,,0.0,0.0,0.0,0.0,0.0,none,,unassessed
882830d121fffff,,0.0,0.0,0.0,0.0,0.0,none,,unassessed
882830d123fffff,,0.0,0.0,0.0,0.0,0.0,none,,unassessed
882830d125fffff,,0.0,0.0,0.0,0.0,0.0,none,,unassessed
882830d127fffff,,0.0,0.0,0.0,0.0,0.0,none,,unassessed
882830d129fffff,,0.0,0.0,0.0,0.0,0.0,none,,unassessed
882830d12bfffff,,0.0,0.0,0.0,0.0,0.0,none,,unassessed
882830d12dfffff,,0.0,0.0,0.0,0.0,0.0,none,,unassessed
882830d131fffff,,0.0,0.0,0.0,0.0,0.0,none,,unassessed
882830d133fffff,,0.0,0.0,0.0,0.0,0.0,none,,unassessed
882830d135fffff,,0.0,0.0,0.0,0.0,0.0,none,,unassessed
882830d137fffff,,0.0,0.0,0.0,0.0,0.0,none,,unassessed
882830d139fffff,,0.0,0.0,0.0,0.0,0.0,none,,unassessed
882830d13bfffff,,0.0,0.0,0.0,0.0,0.0,none,,unassessed
882830d13dfffff,,0.0,0.0,0.0,0.0,0.0,none,,unassessed
882830d153fffff,,0.0,0.0,0.0,0.0,0.0,none,,unassessed
882830d157fffff,,0.0,0.0,0.0,0.0,0.0,none,,unassessed
882830d181fffff,,0.0,0.0,0.0,0.0,0.0,none,,unassessed
882830d183fffff,7.688813174332765,0.0,59195.0,0.0,,,chm-legacy,2009-2020,coverage-unknown
882830d185fffff,,0.0,0.0,0.0,0.0,0.0,none,,unassessed
882830d187fffff,,0.0,0.0,0.0,0.0,0.0,none,,unassessed
882830d189fffff,,0.0,0.0,0.0,0.0,0.0,none,,unassessed
882830d18bfffff,8.051457877146479,0.0,61991.0,0.0,,,chm-legacy,2009-2020,coverage-unknown
882830d18dfffff,,0.0,0.0,0.0,0.0,0.0,none,,unassessed
882830d191fffff,29.18090155306458,0.0,224611.0,0.0,,,chm-legacy,2009-2020,coverage-unknown
882830d193fffff,32.80227136327963,0.0,252450.0,0.0,,,chm-legacy,2009-2020,coverage-unknown
882830d195fffff,18.723446472757832,0.0,144128.0,0.0,,,chm-legacy,2009-2020,coverage-unknown
882830d197fffff,10.67201521474205,0.0,82139.0,0.0,,,chm-legacy,2009-2020,coverage-unknown
882830d199fffff,12.897580347247874,0.0,99282.0,0.0,,,chm-legacy,2009-2020,coverage-unknown
882830d19bfffff,25.991937978769087,0.0,200051.0,0.0,,,chm-legacy,2009-2020,coverage-unknown
882830d19dfffff,6.820092961364665,0.0,52503.0,0.0,,,chm-legacy,2009-2020,coverage-unknown
882830d1a1fffff,,0.0,0.0,0.0,0.0,0.0,none,,unassessed
882830d1a3fffff,,0.0,0.0,0.0,0.0,0.0,none,,unassessed
882830d1a5fffff,,0.0,0.0,0.0,0.0,0.0,none,,unassessed
882830d1a7fffff,,0.0,0.0,0.0,0.0,0.0,none,,unassessed
882830d1a9fffff,,0.0,0.0,0.0,0.0,0.0,none,,unassessed
882830d1abfffff,,0.0,0.0,0.0,0.0,0.0,none,,unassessed
882830d1adfffff,,0.0,0.0,0.0,0.0,0.0,none,,unassessed
882830d1b1fffff,,0.0,0.0,0.0,0.0,0.0,none,,unassessed
882830d1b3fffff,86.39124318018048,100.0,664924.0,0.0,,,chm-legacy,2009-2020,coverage-unknown
882830d1b5fffff,,0.0,0.0,0.0,0.0,0.0,none,,unassessed
882830d1b7fffff,,0.0,0.0,0.0,0.0,0.0,none,,unassessed
882830d1b9fffff,,0.0,0.0,0.0,0.0,0.0,none,,unassessed
882830d1bbfffff,38.11376728403214,0.0,293369.0,0.0,,,chm-legacy,2009-2020,coverage-unknown
882830d1bdfffff,,0.0,0.0,0.0,0.0,0.0,none,,unassessed
882830d1c1fffff,,0.0,0.0,0.0,0.0,0.0,none,,unassessed
882830d1c3fffff,0.0,0.0,0.0,0.0,,,chm-legacy,2009-2020,coverage-unknown
882830d1c5fffff,,0.0,0.0,0.0,0.0,0.0,none,,unassessed
882830d1c7fffff,,0.0,0.0,0.0,0.0,0.0,none,,unassessed
882830d1c9fffff,,0.0,0.0,0.0,0.0,0.0,none,,unassessed
882830d1cbfffff,0.2753599514619746,0.0,2121.0,0.0,,,chm-legacy,2009-2020,coverage-unknown
882830d1cdfffff,,0.0,0.0,0.0,0.0,0.0,none,,unassessed
882830d1d1fffff,5.174436326353417,27.63888888888889,39840.0,12004.0,,,chm-legacy,2009-2020,coverage-unknown
882830d1d3fffff,4.031755268298765,0.0,31037.0,0.0,,,chm-legacy,2009-2020,coverage-unknown
882830d1d5fffff,3.620407824015072,0.0,27877.0,0.0,,,chm-legacy,2009-2020,coverage-unknown
882830d1d7fffff,6.0681617745517675,0.0,46717.0,0.0,,,chm-legacy,2009-2020,coverage-unknown
882830d1d9fffff,2.6106717907028303,0.0,20102.0,0.0,,,chm-legacy,2009-2020,coverage-unknown
882830d1dbfffff,9.470120368403064,9.022556390977442,72908.0,16727.0,,,chm-legacy,2009-2020,coverage-unknown
882830d1ddfffff,0.1722874433999349,0.0,1327.0,0.0,,,chm-legacy,2009-2020,coverage-unknown
882830d1e1fffff,,0.0,0.0,0.0,0.0,0.0,none,,unassessed
882830d1e3fffff,,0.0,0.0,0.0,0.0,0.0,none,,unassessed
882830d1e5fffff,,0.0,0.0,0.0,0.0,0.0,none,,unassessed
882830d1e7fffff,,0.0,0.0,0.0,0.0,0.0,none,,unassessed
882830d1e9fffff,,0.0,0.0,0.0,0.0,0.0,none,,unassessed
882830d1ebfffff,,0.0,0.0,0.0,0.0,0.0,none,,unassessed
882830d1edfffff,,0.0,0.0,0.0,0.0,0.0,none,,unassessed
882830d281fffff,2.041558274061056,2.8888786609594823,15728.0,22787.0,770393.88,1.0,usfs-2022,2022,full
882830d283fffff,0.014721765639772883,0.0,113.0,0.0,770288.04,0.9999999824463646,usfs-2022,2022,full
882830d285fffff,0.971763397550616,6.804463142491311,7487.0,1834.0,770446.8,0.9999990768790964,usfs-2022,2022,full
882830d287fffff,0.7492159449528165,10.198174126029839,5772.0,1452.0,770341.32,0.9999986312120865,usfs-2022,2022,full
882830d28bfffff,12.980791473719187,16.89241517506567,99996.0,55243.0,770339.16,1.0,usfs-2022,2022,full
882830d291fffff,7.22679860100241,6.366620984623726,55656.0,44765.0,770128.56,1.0,usfs-2022,2022,full
882830d293fffff,10.266719652165781,13.51010979970256,79056.0,49200.0,770022.0,0.9999983538227342,usfs-2022,2022,full
882830d295fffff,11.152457191148521,13.336951724302464,85894.0,52308.0,770181.84,0.999998658371886,usfs-2022,2022,full
882830d297fffff,4.518618768129662,1.5344946249066993,34797.0,36568.0,770077.8,1.0,usfs-2022,2022,full
882830d299fffff,14.82816758679263,8.008386735715355,114203.0,84029.0,770177.16,0.9999972590301502,usfs-2022,2022,full
882830d29bfffff,12.233543733935957,5.141451734638108,94207.0,78727.0,770073.84,0.9999997114315682,usfs-2022,2022,full
882830d29dfffff,21.976057391963575,12.792385324197522,169267.0,111616.0,770231.88,0.9999976556292758,usfs-2022,2022,full
882830d2a1fffff,7.398772429774842,10.176410037979625,17011.0,9110.0,229917.6,0.29841954536497706,usfs-2022,2022,partial
882830d2a3fffff,1.9584310438605095,30.08353988800147,7907.0,5484.0,403743.6,0.5241070079576303,usfs-2022,2022,partial
882830d2a5fffff,0.1761393581315359,0.0,1356.0,0.0,,,chm-legacy,2009-2020,coverage-unknown
882830d2a7fffff,4.45419369154882,4.811858608893957,34296.0,24042.0,,,chm-legacy,2009-2020,coverage-unknown
882830d2a9fffff,1.7824434920576664,1.6446246542119822,12938.0,65407.0,725839.56,0.9420349017233371,usfs-2022,2022,partial
882830d2abfffff,6.213545054906913,14.58942195784301,42534.0,59443.0,684536.76,0.8885510618255897,usfs-2022,2022,partial
882830d2adfffff,13.612400222758492,5.24056426899753,31679.0,26383.0,232718.4,0.30201361738538274,usfs-2022,2022,partial
882830d2b1fffff,11.59613761228605,22.27508538245034,89312.0,75456.0,770184.72,0.9999979275202066,usfs-2022,2022,full
882830d2b3fffff,17.416922418850785,16.17235052264446,134124.0,116117.0,770081.4,1.0,usfs-2022,2022,full
882830d2b5fffff,11.121489579636739,20.026239157855397,79426.0,73954.0,714170.88,0.9272049616569727,usfs-2022,2022,partial
882830d2b7fffff,16.18829908943476,16.093074967472642,106870.0,126064.0,660170.16,0.8572131343632383,usfs-2022,2022,partial
882830d2b9fffff,8.164212484430102,21.891044675141135,62884.0,37406.0,770236.2,0.9999986906125721,usfs-2022,2022,full
882830d2bbfffff,13.25438680960746,18.442879054706584,102076.0,41347.0,770131.44,0.9999992552802223,usfs-2022,2022,full
882830d2bdfffff,15.492337675083773,19.891848368118143,119336.0,126073.0,770288.4,0.9999959796021414,usfs-2022,2022,full
882830d2d3fffff,16.583797689390433,12.765747708080044,127733.0,133802.0,770227.92,0.9999972949374656,usfs-2022,2022,full
882830d2d7fffff,7.013108040972502,10.528041980977369,54021.0,46158.0,770284.44,0.99999998601414,usfs-2022,2022,full
882830d401fffff,40.54559066092916,31.25516847343969,311763.0,65839.0,768919.32,1.0,usfs-2022,2022,full
882830d403fffff,46.10500349786897,39.672242827946405,354460.0,57383.0,768810.96,0.9999974840670788,usfs-2022,2022,full
882830d405fffff,35.6192966785204,33.7428446596909,273903.0,64421.0,768972.96,1.0,usfs-2022,2022,full
882830d407fffff,31.19707643000452,21.937153972766723,239864.0,93905.0,768868.2,1.0,usfs-2022,2022,full
882830d409fffff,57.8478941738216,24.67504974808417,275077.0,19214.0,475517.88,0.6183833267918546,usfs-2022,2022,partial
882830d40bfffff,58.03358470670973,46.78778481865983,446199.0,22733.0,768864.24,1.0,usfs-2022,2022,full
882830d40dfffff,33.83494618420954,19.617065047345946,260199.0,87493.0,769023.36,0.9999991968034553,usfs-2022,2022,full
882830d411fffff,72.29413460152759,63.444327783610824,180594.0,5264.0,249804.0,0.32498941418882193,usfs-2022,2022,partial
882830d413fffff,72.56644702921825,0.0,55228.0,0.0,76107.24,0.09902742446195575,usfs-2022,2022,partial
882830d415fffff,40.66637162546627,35.40082766961243,312605.0,73841.0,768706.2,0.9999985566642986,usfs-2022,2022,full
882830d417fffff,47.931739629177,34.05666741623566,368242.0,44339.0,768263.04,0.9995593868163967,usfs-2022,2022,full
882830d419fffff,65.68491829942069,57.058402006449306,28205.0,863.0,42939.72,0.05585990962435438,usfs-2022,2022,partial
882830d41bfffff,69.93251837359567,0.0,537198.0,0.0,,,chm-legacy,2009-2020,coverage-unknown
882830d41dfffff,67.54464547036085,53.53102627031265,519254.0,23039.0,768756.6,0.9999977528248639,usfs-2022,2022,full
882830d421fffff,18.594083926134513,16.368894006167203,142984.0,45499.0,768976.2,0.9999998511285776,usfs-2022,2022,full
882830d423fffff,29.496242537750206,13.295610696633739,226788.0,86772.0,768870.0,0.9999989958000384,usfs-2022,2022,full
882830d425fffff,29.021260221440354,29.983756021070224,223182.0,26844.0,769030.56,0.9999998251428869,usfs-2022,2022,full
882830d427fffff,34.83360644224917,21.813799102110547,267844.0,72163.0,768924.0,0.9999984832600977,usfs-2022,2022,full
882830d429fffff,28.043698482902222,16.730618159955306,215663.0,105702.0,769026.24,0.9999984713691723,usfs-2022,2022,full
882830d42bfffff,31.723733351811163,20.54550112822919,243931.0,92664.0,768921.48,0.9999994696850802,usfs-2022,2022,full
882830d42dfffff,11.162642650514432,6.899722319277663,85850.0,36451.0,769082.4,1.0,usfs-2022,2022,full
882830d431fffff,33.384442323489,37.180312095974024,256630.0,37608.0,768710.16,0.9999992376749007,usfs-2022,2022,full
882830d433fffff,35.44521446209302,30.990851472654796,272434.0,43313.0,768605.76,1.0,usfs-2022,2022,full
882830d435fffff,41.31536370469057,45.47541262342268,317618.0,32324.0,768763.8,0.9999981775936195,usfs-2022,2022,full
882830d437fffff,46.08074051558641,33.58823201234821,354203.0,64281.0,768657.96,0.9999978648473332,usfs-2022,2022,full
882830d439fffff,36.11734840335985,24.133426566978386,277657.0,71087.0,768763.08,1.0,usfs-2022,2022,full
882830d43bfffff,35.55008210180624,24.68126131634021,273258.0,57655.0,768655.44,0.9999989535669848,usfs-2022,2022,full
882830d43dfffff,33.06683511277164,22.23107485820183,254223.0,79766.0,768815.64,0.9999991009015384,usfs-2022,2022,full
882830d441fffff,50.19527626904642,0.0,181188.0,0.0,360965.52,0.46931917115532634,usfs-2022,2022,partial
882830d443fffff,56.07604137019361,0.0,85824.0,0.0,153049.32,0.19901854855094706,usfs-2022,2022,partial
882830d445fffff,17.433339607252652,6.629144633819759,130043.0,44433.0,745945.2,0.9697922168534359,usfs-2022,2022,partial
882830d447fffff,34.64192563272475,5.65316122863631,266422.0,17051.0,769073.76,0.9999984502403514,usfs-2022,2022,full
882830d449fffff,32.90226162274208,66.26856976405476,252937.0,6670.0,,,chm-legacy,2009-2020,coverage-unknown
882830d44bfffff,41.046978499796474,33.91984359726295,315506.0,11681.0,,,chm-legacy,2009-2020,coverage-unknown
882830d44dfffff,8.659278687165028,3.5558957586722797,30071.0,9979.0,347266.8,0.4514465002328905,usfs-2022,2022,partial
882830d451fffff,45.26312868026292,36.04651162790697,347817.0,3485.0,,,chm-legacy,2009-2020,coverage-unknown
882830d453fffff,26.620861961274205,11.68215437132562,204535.0,26824.0,,,chm-legacy,2009-2020,coverage-unknown
882830d455fffff,88.55936245306417,78.93609425205284,36765.0,425.0,41514.12,0.053990529359902124,usfs-2022,2022,partial
882830d457fffff,54.86468027924113,80.73579365536301,267508.0,1205.0,487578.6,0.6341996656320827,usfs-2022,2022,partial
882830d459fffff,49.93013722714192,22.46108228317272,383705.0,6025.0,,,chm-legacy,2009-2020,coverage-unknown
882830d45bfffff,58.81533649218924,19.762351469668545,451924.0,7390.0,,,chm-legacy,2009-2020,coverage-unknown
882830d45dfffff,16.179212763102495,4.510993176648976,124344.0,14509.0,,,chm-legacy,2009-2020,coverage-unknown
882830d461fffff,27.84500753526598,10.366583637451969,214179.0,66845.0,769183.2,0.9999990198976876,usfs-2022,2022,full
882830d463fffff,34.08533879565535,19.806778344891303,262143.0,101869.0,769079.52,1.0,usfs-2022,2022,full
882830d465fffff,13.551830937665846,18.253531462117042,104246.0,17646.0,769238.64,1.0,usfs-2022,2022,full
882830d467fffff,32.26773222097302,27.47576243108926,248181.0,96140.0,769132.08,0.9999989149122004,usfs-2022,2022,full
882830d469fffff,27.77527919515792,8.730677678390245,213657.0,102007.0,769236.12,1.0,usfs-2022,2022,full
882830d46bfffff,25.19230319171343,14.918372078557333,193761.0,108329.0,769129.2,0.9999996408466592,usfs-2022,2022,full
882830d46dfffff,21.832334774508837,7.820813387053753,167954.0,94553.0,769288.68,0.999999051762566,usfs-2022,2022,full
882830d481fffff,46.016285309245134,8.57133313291245,353487.0,29561.0,768177.0,0.9999974537907507,usfs-2022,2022,full
882830d483fffff,30.17481875057417,17.00027082256198,231763.0,24273.0,768068.64,0.9999940637127327,usfs-2022,2022,full
882830d485fffff,55.076122983288045,43.280390409047115,423113.0,45356.0,768233.16,0.9999994786461498,usfs-2022,2022,full
882830d487fffff,70.53205280222411,50.4411265693926,541779.0,16825.0,768131.28,1.0,usfs-2022,2022,full
882830d489fffff,51.036007201627775,24.274504432225115,392072.0,27863.0,768226.32,0.9999951489271658,usfs-2022,2022,full
882830d48bfffff,38.99582178250304,13.135954999748883,299537.0,37358.0,768126.6,1.0,usfs-2022,2022,full
882830d48dfffff,70.41484332498801,54.30261742560057,540988.0,11929.0,768287.16,1.0,usfs-2022,2022,full
882830d491fffff,33.874207780359846,20.209386374451775,260124.0,22334.0,767912.04,0.9999990944391745,usfs-2022,2022,full
882830d493fffff,35.268575308129115,15.923177083333334,270794.0,23246.0,767804.76,0.999997202473561,usfs-2022,2022,full
882830d495fffff,23.445157080457033,16.930219638499235,180051.0,45217.0,767965.68,0.9999977413851127,usfs-2022,2022,full
882830d497fffff,32.51365364446468,13.123491929871353,249660.0,75048.0,767860.92,0.9999991129872065,usfs-2022,2022,full
882830d499fffff,54.1159458669633,31.877664320412414,333989.0,19790.0,617172.84,0.8036483253399821,usfs-2022,2022,partial
882830d49bfffff,38.27172822489147,25.747605498336874,293873.0,66702.0,767858.4,1.0,usfs-2022,2022,full
882830d49dfffff,28.599512699530234,16.564768564768563,219650.0,45100.0,768018.96,1.0,usfs-2022,2022,full
882830d4a1fffff,25.613345498321692,10.23946871639052,196771.0,85929.0,768237.48,1.0,usfs-2022,2022,full
882830d4a3fffff,28.472083899447764,30.21088982038529,218703.0,34704.0,768130.92,0.9999996709442147,usfs-2022,2022,full
882830d4a5fffff,27.01025845996117,13.292364230298082,207517.0,76445.0,768290.76,0.9999991741778489,usfs-2022,2022,full
882830d4a7fffff,28.685541452734302,15.91977282539638,220359.0,86233.0,768186.72,1.0,usfs-2022,2022,full
882830d4a9fffff,33.928640877920095,30.134313042840915,260670.0,54905.0,768288.6,1.0,usfs-2022,2022,full
882830d4abfffff,25.362796988337443,37.84762492288711,194832.0,36270.0,768181.68,0.999999075547747,usfs-2022,2022,full
882830d4adfffff,33.112634910520384,25.741959518191976,254418.0,64584.0,768342.6,0.9999999610658904,usfs-2022,2022,full
882830d4b1fffff,46.6727856384794,38.13752693512789,358434.0,59634.0,767972.16,1.0,usfs-2022,2022,full
882830d4b3fffff,39.28258483621141,35.634226204505815,301638.0,63902.0,767866.68,1.0,usfs-2022,2022,full
882830d4b5fffff,41.21907295744649,33.38713902399309,316574.0,67745.0,768026.88,1.0,usfs-2022,2022,full
882830d4b7fffff,34.37485057001386,27.046329438778955,263971.0,77776.0,767918.16,0.9999981228581963,usfs-2022,2022,full
882830d4b9fffff,45.70952470235305,49.518885537842884,351060.0,31635.0,768024.0,1.0,usfs-2022,2022,full
882830d4bbfffff,38.23423379499515,28.84217544341278,293606.0,52255.0,767912.76,0.999995458189912,usfs-2022,2022,full
882830d4bdfffff,40.101774563296004,39.824990708966205,308011.0,44883.0,768074.04,0.9999966237127889,usfs-2022,2022,full
882830d4c1fffff,79.37739051609711,0.0,609582.0,0.0,,,chm-legacy,2009-2020,coverage-unknown
882830d4c3fffff,83.06070311260804,0.0,88602.0,0.0,106671.96,0.1388449635459684,usfs-2022,2022,partial
882830d4c5fffff,64.9953276942041,13.984599828886987,134962.0,3981.0,207649.08,0.270221083692334,usfs-2022,2022,partial
882830d4c7fffff,78.50981846791814,44.48442084672349,339834.0,11443.0,432855.72,0.5633679212497852,usfs-2022,2022,partial
882830d4c9fffff,40.42072933819313,0.0,310434.0,0.0,,,chm-legacy,2009-2020,coverage-unknown
882830d4cbfffff,40.87578409784801,0.0,313885.0,0.0,,,chm-legacy,2009-2020,coverage-unknown
882830d4cdfffff,58.38035856352569,0.0,448396.0,0.0,,,chm-legacy,2009-2020,coverage-unknown
882830d4d1fffff,51.3406630002914,0.0,394135.0,0.0,,,chm-legacy,2009-2020,coverage-unknown
882830d4d3fffff,45.49202462823605,0.0,36387.0,0.0,79986.24,0.10414673447530173,usfs-2022,2022,partial
882830d4d5fffff,78.67749536271118,0.0,112995.0,0.0,143618.4,0.18696043495358727,usfs-2022,2022,partial
882830d4d7fffff,64.24552310562375,8.475825471698114,168856.0,2235.0,262829.52,0.3421949229139758,usfs-2022,2022,partial
882830d4d9fffff,22.442691587055585,0.0,172301.0,0.0,,,chm-legacy,2009-2020,coverage-unknown
882830d4dbfffff,58.231116849580374,0.0,14937.0,0.0,25651.44,0.03339744866419159,usfs-2022,2022,partial
882830d4ddfffff,45.79559437130513,0.0,351615.0,0.0,,,chm-legacy,2009-2020,coverage-unknown
882830d4e1fffff,29.51265571644674,25.391210906892926,226788.0,59989.0,768444.84,0.9999998442898057,usfs-2022,2022,full
882830d4e3fffff,35.153017047499105,30.22814400419575,270094.0,60344.0,768337.92,0.9999982372620366,usfs-2022,2022,full
882830d4e5fffff,46.71511646971637,35.5819687975898,359005.0,49187.0,768498.48,0.9999986863804097,usfs-2022,2022,full
882830d4e7fffff,37.73543181806469,27.488961209326728,289957.0,46763.0,768394.44,1.0,usfs-2022,2022,full
882830d4e9fffff,48.38897983894855,32.67031078555646,361680.0,48378.0,747443.16,0.9726050721793315,usfs-2022,2022,partial
882830d4ebfffff,53.97381996927112,32.80246117902963,414424.0,48045.0,767824.92,0.9992640938756795,usfs-2022,2022,full
882830d4edfffff,27.61710124588849,30.067521213215382,212251.0,34862.0,768550.32,0.999999614437713,usfs-2022,2022,full
882830d501fffff,14.908005149575853,32.61327884272323,63324.0,7479.0,424765.08,0.5521456209503206,usfs-2022,2022,partial
882830d503fffff,26.285908936073575,52.18884120171674,92507.0,201.0,351927.72,0.45752817113631833,usfs-2022,2022,partial
882830d505fffff,36.05425486035826,31.74713153372873,120085.0,8866.0,333068.04,0.43291955444599567,usfs-2022,2022,partial
882830d507fffff,25.221046796322817,18.91891891891892,193903.0,23846.0,,,chm-legacy,2009-2020,coverage-unknown
882830d509fffff,24.397963576468825,32.230804862476056,187705.0,38975.0,769348.8,0.999998144587516,usfs-2022,2022,full
882830d50bfffff,38.8778858735635,42.834247773861996,299066.0,50337.0,769243.68,0.9999985631897693,usfs-2022,2022,full
882830d50dfffff,23.315865776841527,43.0765791428386,154122.0,28416.0,661019.76,0.8591317215388355,usfs-2022,2022,partial
882830d511fffff,40.36356211067873,44.80057027955803,309553.0,29549.0,766911.6,0.9972404146986723,usfs-2022,2022,full
882830d513fffff,26.444219820020592,19.820106857506985,203337.0,11777.0,768927.96,0.999999576268544,usfs-2022,2022,full
882830d515fffff,45.511594549366485,43.347517730496456,32897.0,2157.0,72282.24,0.09398434714212173,usfs-2022,2022,partial
882830d517fffff,41.94297913403974,16.74250352641398,168051.0,13174.0,400665.96,0.5210338751244208,usfs-2022,2022,partial
882830d519fffff,34.85239055265835,48.40770390665506,268044.0,39047.0,769084.92,0.9999998599291663,usfs-2022,2022,full
882830d51bfffff,28.189997247258024,40.82152806591192,216775.0,25160.0,768978.72,0.999998967854081,usfs-2022,2022,full
882830d51dfffff,23.01540730358819,41.60233726655669,176640.0,16694.0,767487.96,0.9978529842309224,usfs-2022,2022,full
882830d521fffff,61.186303710373814,0.0,470474.0,0.0,,,chm-legacy,2009-2020,coverage-unknown
882830d523fffff,51.66033936505298,0.0,397172.0,0.0,,,chm-legacy,2009-2020,coverage-unknown
882830d525fffff,72.9665955540779,0.0,561094.0,0.0,,,chm-legacy,2009-2020,coverage-unknown
882830d527fffff,58.72897869471663,0.0,451548.0,0.0,,,chm-legacy,2009-2020,coverage-unknown
882830d529fffff,37.367317339048654,0.0,287345.0,0.0,,,chm-legacy,2009-2020,coverage-unknown
882830d52bfffff,70.87145053960572,57.30027548209367,544907.0,1786.0,,,chm-legacy,2009-2020,coverage-unknown
882830d52dfffff,54.693885089740455,0.0,420611.0,0.0,,,chm-legacy,2009-2020,coverage-unknown
882830d531fffff,41.94598488241623,50.78397212543554,322419.0,16272.0,,,chm-legacy,2009-2020,coverage-unknown
882830d533fffff,38.01104513173813,15.187911662146456,292133.0,12609.0,,,chm-legacy,2009-2020,coverage-unknown
882830d535fffff,29.114625418446263,0.0,223806.0,0.0,,,chm-legacy,2009-2020,coverage-unknown
882830d537fffff,21.142353060715507,20.81988379599742,162500.0,28259.0,,,chm-legacy,2009-2020,coverage-unknown
882830d539fffff,43.33664395426723,40.794223826714806,333132.0,16059.0,,,chm-legacy,2009-2020,coverage-unknown
882830d53bfffff,50.99481228605877,0.0,391946.0,0.0,,,chm-legacy,2009-2020,coverage-unknown
882830d53dfffff,56.60052286857153,57.781674704077155,435122.0,5547.0,,,chm-legacy,2009-2020,coverage-unknown
882830d541fffff,19.246772664795962,36.29383007417397,148105.0,27209.0,769507.92,1.0,usfs-2022,2022,full
882830d543fffff,13.63103387288008,18.082679971489664,104877.0,8275.0,769401.36,0.999999951933853,usfs-2022,2022,full
882830d545fffff,30.139643152358442,47.85368317149875,231942.0,32712.0,769558.68,0.9999969524596093,usfs-2022,2022,full
882830d547fffff,25.68271956529774,48.3251380887723,197617.0,14112.0,769453.56,0.9999972957403958,usfs-2022,2022,full
882830d549fffff,26.13923636125483,18.967080836814894,201156.0,112906.0,769557.6,0.9999996057428472,usfs-2022,2022,full
882830d54bfffff,10.093919338101195,8.194640745334448,77668.0,34374.0,769451.76,0.9999990131586632,usfs-2022,2022,full
882830d54dfffff,26.23445196979527,38.44695954483149,201903.0,57875.0,769611.96,0.9999997329427065,usfs-2022,2022,full
882830d551fffff,11.982328550435703,17.426273458445042,92173.0,222.0,769240.8,0.9999988761006242,usfs-2022,2022,full
882830d553fffff,13.543475513576006,9.770114942528735,104168.0,4126.0,769136.4,1.0,usfs-2022,2022,full
882830d555fffff,23.951558634941463,15.05915303749422,184258.0,48257.0,769296.24,1.0,usfs-2022,2022,full
882830d557fffff,27.601595214170278,17.41643065999529,212309.0,51753.0,769190.76,1.0,usfs-2022,2022,full
882830d559fffff,19.18034443933845,19.968821945272744,147553.0,67828.0,769291.92,0.9999988964376078,usfs-2022,2022,full
882830d55bfffff,13.112038011225144,18.449664508673248,100856.0,49792.0,769187.52,1.0,usfs-2022,2022,full
882830d55dfffff,14.141892941570633,0.0,108800.0,0.0,769347.36,1.0,usfs-2022,2022,full
882830d561fffff,14.56382437044228,26.714051394204485,59516.0,16889.0,408658.32,0.53102578392666,usfs-2022,2022,partial
882830d563fffff,23.73748789150791,47.38917595866196,84689.0,8357.0,356774.4,0.4636693884897028,usfs-2022,2022,partial
882830d565fffff,23.19702698813673,43.06980997866071,83571.0,4034.0,360264.96,0.4681087464973955,usfs-2022,2022,partial
882830d567fffff,19.370990166236336,0.0,148978.0,0.0,,,chm-legacy,2009-2020,coverage-unknown
882830d569fffff,20.763702497214453,42.09375239807496,159801.0,38031.0,769615.92,1.0,usfs-2022,2022,full
882830d56bfffff,19.938244894618897,41.127101779482594,146472.0,29395.0,734630.76,0.9546736427576992,usfs-2022,2022,partial
882830d56dfffff,23.40294676702943,41.14934642043076,170825.0,36435.0,729928.08,0.9483657960504065,usfs-2022,2022,partial
882830d581fffff,48.578991619931074,0.0,373145.0,0.0,,,chm-legacy,2009-2020,coverage-unknown
882830d583fffff,57.24124869504163,0.0,439621.0,0.0,,,chm-legacy,2009-2020,coverage-unknown
882830d585fffff,38.32705942126048,0.0,294419.0,0.0,,,chm-legacy,2009-2020,coverage-unknown
882830d587fffff,39.32105863500552,13.352272727272728,302012.0,12298.0,,,chm-legacy,2009-2020,coverage-unknown
882830d589fffff,11.254659756262763,0.3385240352064997,8076.0,1060.0,71752.68,0.09335363498081155,usfs-2022,2022,partial
882830d58bfffff,8.472192573803634,22.796709753231493,9716.0,473.0,114677.28,0.14922108254313426,usfs-2022,2022,partial
882830d58dfffff,23.766455725437662,0.0,182580.0,0.0,,,chm-legacy,2009-2020,coverage-unknown
882830d591fffff,26.892015307026146,19.85592075641603,112047.0,641.0,416655.72,0.5423125034093667,usfs-2022,2022,partial
882830d593fffff,23.5952302288581,3.963195229772797,181256.0,6726.0,768187.8,0.9999987209726698,usfs-2022,2022,full
882830d595fffff,0.0,0.0,0.0,0.0,19628.64,0.025546520467379645,usfs-2022,2022,partial
882830d597fffff,19.378955157396398,0.0,94753.0,0.0,488950.2,0.6364524046695446,usfs-2022,2022,partial
882830d599fffff,28.03086379044278,20.715935804242232,191269.0,42132.0,682353.0,0.8880805703339429,usfs-2022,2022,partial
882830d59bfffff,13.13074294628494,15.174308049862667,86421.0,7227.0,658159.56,0.8567107467000667,usfs-2022,2022,partial
882830d59dfffff,35.16923631938903,11.19435874834729,41412.0,9430.0,117751.32,0.15324217525291936,usfs-2022,2022,partial
882830d5a1fffff,23.39781033694583,0.0,179736.0,0.0,,,chm-legacy,2009-2020,coverage-unknown
882830d5a3fffff,30.832413764445697,0.0,236814.0,0.0,,,chm-legacy,2009-2020,coverage-unknown
882830d5a5fffff,41.306947516171775,0.0,317332.0,0.0,,,chm-legacy,2009-2020,coverage-unknown
882830d5a7fffff,21.44805905244644,0.0,164747.0,0.0,,,chm-legacy,2009-2020,coverage-unknown
882830d5a9fffff,22.566134633857978,6.458923512747876,173359.0,19020.0,,,chm-legacy,2009-2020,coverage-unknown
882830d5abfffff,12.944729744707578,3.2809295967190706,99431.0,16301.0,,,chm-legacy,2009-2020,coverage-unknown
882830d5adfffff,17.9571481344662,0.0,137961.0,0.0,,,chm-legacy,2009-2020,coverage-unknown
882830d5b1fffff,1.1903772452324883,2.250489236790606,9141.0,5754.0,,,chm-legacy,2009-2020,coverage-unknown
882830d5b3fffff,12.246784920222925,17.19139153202631,22506.0,4668.0,183774.6,0.2392132118305824,usfs-2022,2022,partial
882830d5b5fffff,15.177722164248708,0.0,116559.0,0.0,,,chm-legacy,2009-2020,coverage-unknown
882830d5b7fffff,5.57576876904608,0.0,42814.0,0.0,,,chm-legacy,2009-2020,coverage-unknown
882830d5b9fffff,9.413074201683,13.125548726953468,72289.0,11399.0,,,chm-legacy,2009-2020,coverage-unknown
882830d5bbfffff,15.99630527652696,14.229559748427672,122828.0,12568.0,,,chm-legacy,2009-2020,coverage-unknown
882830d5bdfffff,16.29699413049602,49.044585987261144,125163.0,461.0,,,chm-legacy,2009-2020,coverage-unknown
882830d5c1fffff,31.119077109669323,22.946625733828835,239233.0,41203.0,768767.4,0.9999986999788889,usfs-2022,2022,full
882830d5c3fffff,28.19724678047165,19.656940063091483,216742.0,8802.0,768662.28,0.9999993245198111,usfs-2022,2022,full
882830d5c5fffff,20.16511410769924,21.083166302388122,155034.0,28206.0,768821.04,0.9999978038083471,usfs-2022,2022,full
882830d5c7fffff,27.504076973255053,11.39765464246044,182147.0,70067.0,662256.0,0.8615080416926469,usfs-2022,2022,partial
882830d5c9fffff,23.65812281180684,16.744734887509882,181888.0,50037.0,768819.24,0.9999995196337814,usfs-2022,2022,full
882830d5cbfffff,18.67045688702396,19.15413626243969,143523.0,41441.0,768715.2,1.0,usfs-2022,2022,full
882830d5cdfffff,30.986944250394703,18.177874186550977,238251.0,79438.0,768875.04,1.0,usfs-2022,2022,full
882830d5d1fffff,35.818196723231324,27.17672057985525,275263.0,49227.0,768501.0,0.999997701619566,usfs-2022,2022,full
882830d5d3fffff,37.56539192049617,20.674773217700782,288652.0,55847.0,768397.68,1.0,usfs-2022,2022,full
882830d5d5fffff,29.365600562180695,21.174087724540957,220541.0,42732.0,751018.32,0.9771795111357736,usfs-2022,2022,partial
882830d5d7fffff,27.854165358382293,24.002723161460782,205987.0,33757.0,739518.12,0.9623484470332319,usfs-2022,2022,partial
882830d5d9fffff,34.188607092134795,19.880540105642424,262758.0,65963.0,768553.92,0.9999999313842654,usfs-2022,2022,full
882830d5dbfffff,31.603732261708057,18.762493185535163,242858.0,77250.0,768447.72,0.9999992248965052,usfs-2022,2022,full
882830d5ddfffff,36.97300259482347,16.46008986721866,284177.0,47655.0,768607.2,0.9999984266239298,usfs-2022,2022,full
882830d5e1fffff,45.78890962508546,0.0,351836.0,0.0,,,chm-legacy,2009-2020,coverage-unknown
882830d5e3fffff,47.84464046552441,0.0,367581.0,4176.0,,,chm-legacy,2009-2020,coverage-unknown
882830d5e5fffff,29.125491789652564,2.5621982918678055,223812.0,30228.0,,,chm-legacy,2009-2020,coverage-unknown
882830d5e7fffff,31.695457630875367,11.969973625481842,243527.0,24993.0,,,chm-legacy,2009-2020,coverage-unknown
882830d5e9fffff,23.7746839249025,24.896755162241888,58070.0,1375.0,244252.08,0.31767379770677967,usfs-2022,2022,partial
882830d5ebfffff,28.79636466912809,25.477588295592206,27376.0,2879.0,95067.0,0.1236609415781119,usfs-2022,2022,partial
882830d5edfffff,54.037186742118024,0.0,415272.0,0.0,,,chm-legacy,2009-2020,coverage-unknown
882830d60dfffff,6.996620213898791,31.412268188302424,53801.0,13847.0,,,chm-legacy,2009-2020,coverage-unknown
882830d621fffff,16.319110020022425,9.147326911888292,77344.0,50594.0,473948.64,0.6160513337749974,usfs-2022,2022,partial
882830d623fffff,12.877641582335004,0.0,99004.0,0.0,,,chm-legacy,2009-2020,coverage-unknown
882830d625fffff,31.411320607959475,15.51709945782207,232612.0,110845.0,740536.2,0.9625007764538046,usfs-2022,2022,partial
882830d627fffff,34.24879681941829,15.470111857885863,28283.0,12813.0,82581.12,0.1073482768358856,usfs-2022,2022,partial
882830d629fffff,0.0,0.0,0.0,0.0,24929.64,0.03240208585005153,usfs-2022,2022,partial
882830d62bfffff,19.49479197997307,15.572967678746329,149887.0,14895.0,,,chm-legacy,2009-2020,coverage-unknown
882830d62dfffff,20.132334044825804,12.370220476398313,81560.0,47704.0,405120.24,0.5265141663542303,usfs-2022,2022,partial
882830d631fffff,14.94928837149044,0.0,114907.0,0.0,,,chm-legacy,2009-2020,coverage-unknown
882830d633fffff,26.886069856667483,0.0,206629.0,0.0,,,chm-legacy,2009-2020,coverage-unknown
882830d635fffff,12.966707539967148,0.0,99675.0,0.0,,,chm-legacy,2009-2020,coverage-unknown
882830d637fffff,37.58352305328817,0.0,288864.0,0.0,,,chm-legacy,2009-2020,coverage-unknown
882830d661fffff,45.52294087689245,3.6099805344186873,350127.0,31375.0,,,chm-legacy,2009-2020,coverage-unknown
882830d663fffff,15.588665481744798,11.42689715792558,119879.0,34825.0,,,chm-legacy,2009-2020,coverage-unknown
882830d665fffff,12.566174292906856,1.653497219783436,96656.0,38713.0,,,chm-legacy,2009-2020,coverage-unknown
882830d667fffff,26.14546649328292,3.3249158249158253,201077.0,26461.0,,,chm-legacy,2009-2020,coverage-unknown
882830d669fffff,9.403798177282216,0.0,72331.0,0.0,,,chm-legacy,2009-2020,coverage-unknown
882830d66bfffff,8.338811982036205,0.0,64131.0,0.0,,,chm-legacy,2009-2020,coverage-unknown
882830d66dfffff,22.805116879869995,0.0396628656420426,175423.0,58067.0,,,chm-legacy,2009-2020,coverage-unknown
882830d681fffff,45.52717577463224,0.0,349698.0,0.0,,,chm-legacy,2009-2020,coverage-unknown
882830d683fffff,27.327470492941448,0.0,209876.0,0.0,,,chm-legacy,2009-2020,coverage-unknown
882830d685fffff,45.90911194409737,0.0,352657.0,0.0,,,chm-legacy,2009-2020,coverage-unknown
882830d687fffff,32.90925415131713,0.0,252762.0,0.0,,,chm-legacy,2009-2020,coverage-unknown
882830d68bfffff,50.21271277063592,0.0,385661.0,0.0,,,chm-legacy,2009-2020,coverage-unknown
882830d691fffff,44.57272474770855,0.0,342248.0,0.0,,,chm-legacy,2009-2020,coverage-unknown
882830d693fffff,10.189741287130088,1.9093851132686084,78230.0,17459.0,,,chm-legacy,2009-2020,coverage-unknown
882830d695fffff,42.21736755871109,0.0,324185.0,0.0,,,chm-legacy,2009-2020,coverage-unknown
882830d697fffff,15.67032926343852,0.0,120315.0,0.0,,,chm-legacy,2009-2020,coverage-unknown
882830d699fffff,30.804879742586632,0.0,236549.0,0.0,,,chm-legacy,2009-2020,coverage-unknown
882830d69bfffff,36.47648603485319,33.62509117432531,550.0,655.0,1508.04,0.0019630457208843492,usfs-2022,2022,partial
882830d69dfffff,56.141447246602226,0.0,431137.0,0.0,,,chm-legacy,2009-2020,coverage-unknown
882830d6a1fffff,46.61034201954398,1.2893982808022924,358044.0,3969.0,,,chm-legacy,2009-2020,coverage-unknown
882830d6a3fffff,31.033812759933564,0.0,238358.0,0.0,,,chm-legacy,2009-2020,coverage-unknown
882830d6a5fffff,21.859316240106946,6.0730828615542976,167927.0,10512.0,,,chm-legacy,2009-2020,coverage-unknown
882830d6a7fffff,30.06000434881171,0.0,230895.0,2131.0,,,chm-legacy,2009-2020,coverage-unknown
882830d6a9fffff,19.878941011508932,0.0,152713.0,0.0,,,chm-legacy,2009-2020,coverage-unknown
882830d6abfffff,19.264030205022134,0.0,147969.0,0.0,,,chm-legacy,2009-2020,coverage-unknown
882830d6adfffff,62.3870612564016,2.3976023976023977,479302.0,5628.0,,,chm-legacy,2009-2020,coverage-unknown
882830d6b1fffff,32.47744204340382,0.0,249393.0,0.0,,,chm-legacy,2009-2020,coverage-unknown
882830d6b3fffff,50.57024017174292,56.057168784029045,388274.0,11157.0,,,chm-legacy,2009-2020,coverage-unknown
882830d6b5fffff,40.97043895081178,0.0,314633.0,0.0,,,chm-legacy,2009-2020,coverage-unknown
882830d6b7fffff,50.865131944187425,71.90110257266956,390565.0,4844.0,,,chm-legacy,2009-2020,coverage-unknown
882830d6b9fffff,46.51650345248894,0.0,357223.0,0.0,,,chm-legacy,2009-2020,coverage-unknown
882830d6bbfffff,37.45366706925992,0.0,287585.0,0.0,,,chm-legacy,2009-2020,coverage-unknown
882830d6bdfffff,23.83144918348365,0.0,183027.0,0.0,,,chm-legacy,2009-2020,coverage-unknown
882830d6e3fffff,39.733502420601496,0.0,305260.0,0.0,,,chm-legacy,2009-2020,coverage-unknown
882830d6e5fffff,30.020499863488492,0.0,230687.0,0.0,,,chm-legacy,2009-2020,coverage-unknown
882830d6e7fffff,21.70271445891292,0.0,166747.0,0.0,,,chm-legacy,2009-2020,coverage-unknown
882830d701fffff,15.185663148155855,14.401631216569138,116877.0,44130.0,769655.16,0.9999982115219854,usfs-2022,2022,full
882830d703fffff,20.70625582710645,12.420523062532391,159345.0,74828.0,769550.04,0.9999985157301732,usfs-2022,2022,full
882830d705fffff,15.412868494778051,14.552457150152673,118635.0,57825.0,769712.4,1.0,usfs-2022,2022,full
882830d707fffff,17.599692767260443,18.372390976468107,135448.0,90598.0,769605.48,0.9999998400836287,usfs-2022,2022,full
882830d709fffff,23.478574438619376,17.474085181591576,180716.0,90940.0,769707.72,1.0,usfs-2022,2022,full
882830d70bfffff,22.43825130579508,11.546219833675595,172685.0,87456.0,769600.08,0.9999973972286051,usfs-2022,2022,full
882830d70dfffff,21.183458242233627,17.69772555198878,163062.0,106051.0,769761.0,0.999998880353025,usfs-2022,2022,full
882830d711fffff,21.29266571713591,11.875605400872088,163824.0,102513.0,769390.56,0.9999990158602986,usfs-2022,2022,full
882830d713fffff,23.628670263147058,11.967060658786824,181772.0,105642.0,769285.44,0.9999994138510384,usfs-2022,2022,full
882830d715fffff,23.76716148640556,25.374015515592347,182875.0,91008.0,769443.84,0.9999974539875854,usfs-2022,2022,full
882830d717fffff,22.61220799809832,8.13393899912554,173965.0,112703.0,769340.88,1.0,usfs-2022,2022,full
882830d719fffff,24.60547794845258,4.682663974883286,189324.0,92464.0,769439.88,0.9999969845651997,usfs-2022,2022,full
882830d71bfffff,11.239722314428521,4.645456734093831,67775.0,67015.0,602995.68,0.7837863584883257,usfs-2022,2022,partial
882830d71dfffff,18.019992636212525,11.538480866353426,138663.0,63372.0,769495.32,0.9999981876550204,usfs-2022,2022,full
882830d721fffff,21.718886877231252,12.077103370241655,167173.0,117490.0,769713.48,0.9999989289781102,usfs-2022,2022,full
882830d723fffff,3.907570356240227,5.545176139756158,30073.0,17654.0,769607.64,0.9999982797930337,usfs-2022,2022,full
882830d725fffff,5.952308574410989,7.310043946245462,45819.0,20957.0,769768.56,0.9999999677825672,usfs-2022,2022,full
882830d727fffff,20.102556091062848,12.385636620972756,154722.0,143070.0,769662.72,0.9999993002505503,usfs-2022,2022,full
882830d729fffff,10.425817494762049,20.667386245121214,80254.0,62709.0,769766.4,1.0,usfs-2022,2022,full
882830d72bfffff,11.87722205617461,14.223702806379974,91414.0,73414.0,769658.76,0.9999984186109073,usfs-2022,2022,full
882830d72dfffff,16.31718920324376,20.302803653588995,125613.0,63294.0,769817.88,0.9999977450293267,usfs-2022,2022,full
882830d731fffff,2.6535158207371454,13.347182549987016,20417.0,1201.0,769447.08,0.999997194451928,usfs-2022,2022,full
882830d733fffff,10.348482289043815,13.467931762479072,79615.0,12837.0,769344.12,1.0,usfs-2022,2022,full
882830d735fffff,21.39440946860057,10.862616193218786,164631.0,56719.0,769502.52,0.9999986036960333,usfs-2022,2022,full
882830d737fffff,21.59242976363599,18.10324294428498,166131.0,73031.0,769396.32,0.9999975615346397,usfs-2022,2022,full
882830d739fffff,21.09139802301477,12.924694020365319,162298.0,65849.0,769498.92,0.9999982922749069,usfs-2022,2022,full
882830d73bfffff,20.573094566545823,13.945958117541094,158288.0,68790.0,769393.44,0.9999981853044493,usfs-2022,2022,full
882830d73dfffff,6.020577717982159,8.19383722609529,46332.0,50347.0,769554.72,1.0,usfs-2022,2022,full
882830d741fffff,15.637833141454829,4.655392866841677,120390.0,121337.0,769862.16,0.9999981847998181,usfs-2022,2022,full
882830d743fffff,33.09338285741545,10.026459460753795,254739.0,54108.0,769758.84,1.0,usfs-2022,2022,full
882830d745fffff,19.812696150493952,13.559568074160852,152542.0,122190.0,769919.04,1.0,usfs-2022,2022,full
882830d747fffff,23.76591692079337,20.81506726626505,182953.0,120949.0,769812.84,1.0,usfs-2022,2022,full
882830d749fffff,17.721498271573996,7.2595455582096,136440.0,139073.0,769914.36,1.0,usfs-2022,2022,full
882830d74bfffff,23.647534752389227,11.016159378241987,156777.0,91091.0,662976.0,0.8612213603962023,usfs-2022,2022,partial
882830d74dfffff,11.037030110342249,3.4522793810121284,84982.0,103881.0,769968.0,0.9999989293691737,usfs-2022,2022,full
882830d751fffff,19.92024417911146,8.414468099651913,153306.0,115748.0,769599.0,1.0,usfs-2022,2022,full
882830d753fffff,21.992886957644554,6.91517663266216,169234.0,116516.0,769493.52,1.0,usfs-2022,2022,full
882830d755fffff,22.302970261833195,11.629198049495205,171656.0,55586.0,769653.36,1.0,usfs-2022,2022,full
882830d757fffff,23.663334006975944,10.872261264985532,182101.0,88482.0,769547.52,0.999999918250716,usfs-2022,2022,full
882830d759fffff,17.75197033660251,5.600755667506297,39813.0,26983.0,224276.4,0.2914008180469841,usfs-2022,2022,partial
882830d75bfffff,28.4011539923351,8.457596867983188,132085.0,57240.0,465070.68,0.6043459322489603,usfs-2022,2022,partial
882830d75dfffff,18.222967144503727,8.574516086222914,133470.0,86804.0,732425.4,0.9515679332824334,usfs-2022,2022,partial
882830d761fffff,4.072059670674138,6.418526236426275,31352.0,64345.0,769921.92,1.0,usfs-2022,2022,full
882830d763fffff,16.787996889232453,16.427018480086968,129237.0,60889.0,769816.44,1.0,usfs-2022,2022,full
882830d765fffff,16.789943249134335,24.81250803209165,129279.0,117947.0,769975.92,1.0,usfs-2022,2022,full
882830d767fffff,21.457833866176237,17.33419657670052,165198.0,110318.0,769870.44,0.9999997924620384,usfs-2022,2022,full
882830d769fffff,0.7434968571337733,0.0,5725.0,693.0,769972.32,0.9999998628102538,usfs-2022,2022,full
882830d76bfffff,9.82955961579018,15.956532416502947,75675.0,24640.0,769866.84,0.9999995866227002,usfs-2022,2022,full
882830d76dfffff,4.991809118807049,9.992550029136025,38438.0,87857.0,770027.04,1.0,usfs-2022,2022,full
882830d801fffff,,0.0,0.0,0.0,0.0,0.0,none,,unassessed
882830d803fffff,,0.0,0.0,0.0,0.0,0.0,none,,unassessed
882830d805fffff,,0.0,0.0,0.0,0.0,0.0,none,,unassessed
882830d807fffff,,0.0,0.0,0.0,0.0,0.0,none,,unassessed
882830d809fffff,,0.0,0.0,0.0,0.0,0.0,none,,unassessed
882830d80bfffff,,0.0,0.0,0.0,0.0,0.0,none,,unassessed
882830d80dfffff,,0.0,0.0,0.0,0.0,0.0,none,,unassessed
882830d811fffff,,0.0,0.0,0.0,0.0,0.0,none,,unassessed
882830d813fffff,0.1153252357657037,0.0,888.0,0.0,,,chm-legacy,2009-2020,coverage-unknown
882830d815fffff,,0.0,0.0,0.0,0.0,0.0,none,,unassessed
882830d817fffff,1.9705934228037263,21.80616740088106,15182.0,2045.0,,,chm-legacy,2009-2020,coverage-unknown
882830d819fffff,,0.0,0.0,0.0,0.0,0.0,none,,unassessed
882830d81bfffff,,0.0,0.0,0.0,0.0,0.0,none,,unassessed
882830d81dfffff,,0.0,0.0,0.0,0.0,0.0,none,,unassessed
882830d821fffff,,0.0,0.0,0.0,0.0,0.0,none,,unassessed
882830d823fffff,0.1705786026200873,0.0,1315.0,0.0,,,chm-legacy,2009-2020,coverage-unknown
882830d825fffff,,0.0,0.0,0.0,0.0,0.0,none,,unassessed
882830d827fffff,,0.0,0.0,0.0,0.0,0.0,none,,unassessed
882830d829fffff,,0.0,0.0,0.0,0.0,0.0,none,,unassessed
882830d82bfffff,,0.0,0.0,0.0,0.0,0.0,none,,unassessed
882830d82dfffff,,0.0,0.0,0.0,0.0,0.0,none,,unassessed
882830d831fffff,0.0,0.0,0.0,386.0,,,chm-legacy,2009-2020,coverage-unknown
882830d833fffff,0.1800996766496854,2.4154589371980677,1388.0,13962.0,,,chm-legacy,2009-2020,coverage-unknown
882830d835fffff,2.667102663418184,1.0668855149774312,20552.0,13887.0,,,chm-legacy,2009-2020,coverage-unknown
882830d837fffff,24.79148532452759,3.095823095823096,191009.0,11359.0,,,chm-legacy,2009-2020,coverage-unknown
882830d839fffff,0.0,0.0,0.0,0.0,,,chm-legacy,2009-2020,coverage-unknown
882830d83bfffff,3.2787315725622213,0.0,25261.0,10328.0,,,chm-legacy,2009-2020,coverage-unknown
882830d83dfffff,0.0,0.0,0.0,0.0,,,chm-legacy,2009-2020,coverage-unknown
882830d841fffff,,0.0,0.0,0.0,0.0,0.0,none,,unassessed
882830d843fffff,,0.0,0.0,0.0,0.0,0.0,none,,unassessed
882830d845fffff,,0.0,0.0,0.0,0.0,0.0,none,,unassessed
882830d847fffff,,0.0,0.0,0.0,0.0,0.0,none,,unassessed
882830d849fffff,,0.0,0.0,0.0,0.0,0.0,none,,unassessed
882830d84bfffff,,0.0,0.0,0.0,0.0,0.0,none,,unassessed
882830d84dfffff,,0.0,0.0,0.0,0.0,0.0,none,,unassessed
882830d851fffff,,0.0,0.0,0.0,0.0,0.0,none,,unassessed
882830d853fffff,,0.0,0.0,0.0,0.0,0.0,none,,unassessed
882830d855fffff,,0.0,0.0,0.0,0.0,0.0,none,,unassessed
882830d857fffff,,0.0,0.0,0.0,0.0,0.0,none,,unassessed
882830d859fffff,,0.0,0.0,0.0,0.0,0.0,none,,unassessed
882830d85bfffff,,0.0,0.0,0.0,0.0,0.0,none,,unassessed
882830d85dfffff,,0.0,0.0,0.0,0.0,0.0,none,,unassessed
882830d861fffff,,0.0,0.0,0.0,0.0,0.0,none,,unassessed
882830d863fffff,,0.0,0.0,0.0,0.0,0.0,none,,unassessed
882830d865fffff,,0.0,0.0,0.0,0.0,0.0,none,,unassessed
882830d867fffff,,0.0,0.0,0.0,0.0,0.0,none,,unassessed
882830d869fffff,,0.0,0.0,0.0,0.0,0.0,none,,unassessed
882830d86bfffff,,0.0,0.0,0.0,0.0,0.0,none,,unassessed
882830d86dfffff,,0.0,0.0,0.0,0.0,0.0,none,,unassessed
882830d881fffff,0.2515456698209695,0.0,1937.0,2189.0,,,chm-legacy,2009-2020,coverage-unknown
882830d883fffff,1.4429588950215153,0.0,11109.0,6987.0,,,chm-legacy,2009-2020,coverage-unknown
882830d885fffff,0.6808487115467888,0.0,5243.0,15742.0,,,chm-legacy,2009-2020,coverage-unknown
882830d887fffff,1.713082812053765,0.0,13190.0,0.0,,,chm-legacy,2009-2020,coverage-unknown
882830d889fffff,0.1847662315521746,0.0,1423.0,11641.0,,,chm-legacy,2009-2020,coverage-unknown
882830d88bfffff,1.0302770597477755,2.5654450261780104,7932.0,21439.0,,,chm-legacy,2009-2020,coverage-unknown
882830d88dfffff,1.699569233604386,0.5896635449184877,13088.0,33016.0,,,chm-legacy,2009-2020,coverage-unknown
882830d891fffff,0.0,0.0,0.0,0.0,7492.68,0.009728689976147467,usfs-2022,2022,partial
882830d893fffff,2.7509365793334224,0.0,817.0,0.0,29693.16,0.03855963718301278,usfs-2022,2022,partial
882830d895fffff,2.0468987190906924,1.7043822607356527,9398.0,57905.0,459123.84,0.5960970687903212,usfs-2022,2022,partial
882830d897fffff,3.8598571213482797,4.3550327583726745,20581.0,105320.0,533202.12,0.692370154503196,usfs-2022,2022,partial
882830d899fffff,0.1004585147807654,0.0,773.0,0.0,,,chm-legacy,2009-2020,coverage-unknown
882830d89bfffff,0.0317959162984023,0.0,245.0,0.0,,,chm-legacy,2009-2020,coverage-unknown
882830d89dfffff,12.682052534337146,4.934021801491681,97630.0,9544.0,,,chm-legacy,2009-2020,coverage-unknown
882830d8a1fffff,18.288572060123784,0.0,140829.0,0.0,,,chm-legacy,2009-2020,coverage-unknown
882830d8a3fffff,12.16928780308089,4.174350377200335,93695.0,32924.0,,,chm-legacy,2009-2020,coverage-unknown
882830d8a5fffff,0.9402209196852424,1.6282642089093702,7241.0,18444.0,,,chm-legacy,2009-2020,coverage-unknown
882830d8a7fffff,20.56322204264685,10.775020908837469,158333.0,36870.0,,,chm-legacy,2009-2020,coverage-unknown
882830d8a9fffff,0.2206183762671739,0.0,1699.0,0.0,,,chm-legacy,2009-2020,coverage-unknown
882830d8abfffff,6.035260956872571,0.2622091117666339,46471.0,17528.0,,,chm-legacy,2009-2020,coverage-unknown
882830d8adfffff,16.2162784486014,2.97951582867784,124888.0,18006.0,,,chm-legacy,2009-2020,coverage-unknown
882830d8b1fffff,16.50079527380141,12.204890387858347,1307.0,1499.0,7921.8,0.010285142962252426,usfs-2022,2022,partial
882830d8b3fffff,12.553292638040467,12.933299121488703,83368.0,76959.0,664116.12,0.8623623949787224,usfs-2022,2022,partial
882830d8b5fffff,5.562744348610925,0.5271249725455743,42823.0,26087.0,,,chm-legacy,2009-2020,coverage-unknown
882830d8b7fffff,4.190208628080539,6.3453555447733025,14959.0,12508.0,357000.84,0.46353768829935654,usfs-2022,2022,partial
882830d8b9fffff,13.260071732421386,0.0,6868.0,0.0,51792.48,0.06723940179840944,usfs-2022,2022,partial
882830d8bbfffff,2.746746573439499,0.8586369029309662,16906.0,81222.0,615477.24,0.7991502661773933,usfs-2022,2022,partial
882830d8bdfffff,8.669540547511145,0.0,66745.0,0.0,,,chm-legacy,2009-2020,coverage-unknown
882830d8c1fffff,0.7123742504583973,0.0,5487.0,0.0,,,chm-legacy,2009-2020,coverage-unknown
882830d8c3fffff,1.0963891513238242,0.0,8443.0,0.0,,,chm-legacy,2009-2020,coverage-unknown
882830d8c5fffff,2.9092219762113176,0.0,22408.0,18127.0,,,chm-legacy,2009-2020,coverage-unknown
882830d8c7fffff,1.0584375489590725,0.0,8151.0,0.0,,,chm-legacy,2009-2020,coverage-unknown
882830d8c9fffff,,0.0,0.0,0.0,0.0,0.0,none,,unassessed
882830d8cbfffff,1.4864984702700306,0.0,11448.0,0.0,,,chm-legacy,2009-2020,coverage-unknown
882830d8cdfffff,0.3302752293577982,0.0,2544.0,0.0,,,chm-legacy,2009-2020,coverage-unknown
882830d8d1fffff,9.33372049076814,0.0,71863.0,15264.0,,,chm-legacy,2009-2020,coverage-unknown
882830d8d3fffff,0.1903506507872128,0.9599096555618294,1465.0,10103.0,,,chm-legacy,2009-2020,coverage-unknown
882830d8d5fffff,4.588081862882897,2.28956228956229,35328.0,16716.0,,,chm-legacy,2009-2020,coverage-unknown
882830d8d7fffff,3.61565154077631,0.0,27836.0,17522.0,,,chm-legacy,2009-2020,coverage-unknown
882830d8d9fffff,8.148925776174785,0.0,62746.0,0.0,,,chm-legacy,2009-2020,coverage-unknown
882830d8dbfffff,11.551368094992256,11.626558422731224,88932.0,17556.0,,,chm-legacy,2009-2020,coverage-unknown
882830d8ddfffff,0.7356296408965832,0.0,5665.0,0.0,,,chm-legacy,2009-2020,coverage-unknown
882830d8e1fffff,1.06873534519691,4.330708661417323,8232.0,13997.0,,,chm-legacy,2009-2020,coverage-unknown
882830d8e3fffff,1.3257846221882357,0.2025237575946409,10210.0,36899.0,,,chm-legacy,2009-2020,coverage-unknown
882830d8e5fffff,0.0004605896468659,0.0,4.0,0.0,,,chm-legacy,2009-2020,coverage-unknown
882830d8e7fffff,1.5439818333402426,0.0,11892.0,12614.0,,,chm-legacy,2009-2020,coverage-unknown
882830d8e9fffff,2.893896601134337,15.655048076923078,22292.0,16168.0,,,chm-legacy,2009-2020,coverage-unknown
882830d8ebfffff,2.668073421547307,0.0,20549.0,13427.0,,,chm-legacy,2009-2020,coverage-unknown
882830d8edfffff,2.024683168179996,15.82260371959943,15597.0,16946.0,,,chm-legacy,2009-2020,coverage-unknown
882830d901fffff,,0.0,0.0,0.0,0.0,0.0,none,,unassessed
882830d903fffff,,0.0,0.0,0.0,0.0,0.0,none,,unassessed
882830d905fffff,,0.0,0.0,0.0,0.0,0.0,none,,unassessed
882830d907fffff,,0.0,0.0,0.0,0.0,0.0,none,,unassessed
882830d909fffff,,0.0,0.0,0.0,0.0,0.0,none,,unassessed
882830d90bfffff,,0.0,0.0,0.0,0.0,0.0,none,,unassessed
882830d90dfffff,,0.0,0.0,0.0,0.0,0.0,none,,unassessed
882830d911fffff,,0.0,0.0,0.0,0.0,0.0,none,,unassessed
882830d913fffff,,0.0,0.0,0.0,0.0,0.0,none,,unassessed
882830d915fffff,,0.0,0.0,0.0,0.0,0.0,none,,unassessed
882830d917fffff,,0.0,0.0,0.0,0.0,0.0,none,,unassessed
882830d919fffff,,0.0,0.0,0.0,0.0,0.0,none,,unassessed
882830d91bfffff,,0.0,0.0,0.0,0.0,0.0,none,,unassessed
882830d91dfffff,,0.0,0.0,0.0,0.0,0.0,none,,unassessed
882830d929fffff,,0.0,0.0,0.0,0.0,0.0,none,,unassessed
882830d92bfffff,,0.0,0.0,0.0,0.0,0.0,none,,unassessed
882830d92dfffff,,0.0,0.0,0.0,0.0,0.0,none,,unassessed
882830d931fffff,,0.0,0.0,0.0,0.0,0.0,none,,unassessed
882830d933fffff,,0.0,0.0,0.0,0.0,0.0,none,,unassessed
882830d935fffff,,0.0,0.0,0.0,0.0,0.0,none,,unassessed
882830d937fffff,,0.0,0.0,0.0,0.0,0.0,none,,unassessed
882830d939fffff,,0.0,0.0,0.0,0.0,0.0,none,,unassessed
882830d93bfffff,,0.0,0.0,0.0,0.0,0.0,none,,unassessed
882830d93dfffff,,0.0,0.0,0.0,0.0,0.0,none,,unassessed
882830d941fffff,,0.0,0.0,0.0,0.0,0.0,none,,unassessed
882830d943fffff,,0.0,0.0,0.0,0.0,0.0,none,,unassessed
882830d945fffff,,0.0,0.0,0.0,0.0,0.0,none,,unassessed
882830d947fffff,,0.0,0.0,0.0,0.0,0.0,none,,unassessed
882830d949fffff,,0.0,0.0,0.0,0.0,0.0,none,,unassessed
882830d94bfffff,,0.0,0.0,0.0,0.0,0.0,none,,unassessed
882830d94dfffff,,0.0,0.0,0.0,0.0,0.0,none,,unassessed
882830d951fffff,,0.0,0.0,0.0,0.0,0.0,none,,unassessed
882830d953fffff,,0.0,0.0,0.0,0.0,0.0,none,,unassessed
882830d955fffff,,0.0,0.0,0.0,0.0,0.0,none,,unassessed
882830d957fffff,,0.0,0.0,0.0,0.0,0.0,none,,unassessed
882830d959fffff,,0.0,0.0,0.0,0.0,0.0,none,,unassessed
882830d95bfffff,,0.0,0.0,0.0,0.0,0.0,none,,unassessed
882830d95dfffff,,0.0,0.0,0.0,0.0,0.0,none,,unassessed
882830d961fffff,,0.0,0.0,0.0,0.0,0.0,none,,unassessed
882830d963fffff,,0.0,0.0,0.0,0.0,0.0,none,,unassessed
882830d965fffff,,0.0,0.0,0.0,0.0,0.0,none,,unassessed
882830d967fffff,,0.0,0.0,0.0,0.0,0.0,none,,unassessed
882830d969fffff,,0.0,0.0,0.0,0.0,0.0,none,,unassessed
882830d96bfffff,,0.0,0.0,0.0,0.0,0.0,none,,unassessed
882830d96dfffff,,0.0,0.0,0.0,0.0,0.0,none,,unassessed
882830d981fffff,4.204084876420568,0.0,32386.0,1089.0,,,chm-legacy,2009-2020,coverage-unknown
882830d983fffff,5.3738000362253215,0.0,41392.0,0.0,,,chm-legacy,2009-2020,coverage-unknown
882830d985fffff,,0.0,0.0,0.0,0.0,0.0,none,,unassessed
882830d987fffff,,0.0,0.0,0.0,0.0,0.0,none,,unassessed
882830d989fffff,16.576785643649213,2.8846153846153846,127709.0,6399.0,,,chm-legacy,2009-2020,coverage-unknown
882830d98bfffff,4.163367521682288,0.0,32070.0,138.0,,,chm-legacy,2009-2020,coverage-unknown
882830d98dfffff,,0.0,0.0,0.0,0.0,0.0,none,,unassessed
882830d991fffff,2.207706719327561,0.0,17001.0,0.0,,,chm-legacy,2009-2020,coverage-unknown
882830d993fffff,0.562046013201867,0.0,4328.0,0.0,,,chm-legacy,2009-2020,coverage-unknown
882830d995fffff,7.139602424666425,23.10874704491726,54985.0,7494.0,,,chm-legacy,2009-2020,coverage-unknown
882830d997fffff,0.0133473250119665,0.0,103.0,0.0,,,chm-legacy,2009-2020,coverage-unknown
882830d999fffff,15.905177573363536,0.0,122492.0,0.0,,,chm-legacy,2009-2020,coverage-unknown
882830d99bfffff,7.919985267713272,0.0,60987.0,0.0,,,chm-legacy,2009-2020,coverage-unknown
882830d99dfffff,3.547754515826106,12.207792207792208,27325.0,1947.0,,,chm-legacy,2009-2020,coverage-unknown
882830d9a1fffff,,0.0,0.0,0.0,0.0,0.0,none,,unassessed
882830d9a3fffff,,0.0,0.0,0.0,0.0,0.0,none,,unassessed
882830d9a5fffff,,0.0,0.0,0.0,0.0,0.0,none,,unassessed
882830d9a7fffff,,0.0,0.0,0.0,0.0,0.0,none,,unassessed
882830d9a9fffff,,0.0,0.0,0.0,0.0,0.0,none,,unassessed
882830d9abfffff,,0.0,0.0,0.0,0.0,0.0,none,,unassessed
882830d9adfffff,,0.0,0.0,0.0,0.0,0.0,none,,unassessed
882830d9b1fffff,4.438547822940539,0.0,34183.0,13000.0,,,chm-legacy,2009-2020,coverage-unknown
882830d9b3fffff,0.0392994618996755,0.0,303.0,27884.0,,,chm-legacy,2009-2020,coverage-unknown
882830d9b5fffff,,0.0,0.0,0.0,0.0,0.0,none,,unassessed
882830d9b7fffff,,0.0,0.0,0.0,0.0,0.0,none,,unassessed
882830d9b9fffff,2.049385088393543,5.540499849442939,15784.0,18069.0,,,chm-legacy,2009-2020,coverage-unknown
882830d9bbfffff,1.03589030883429,29.518072289156628,7977.0,4717.0,,,chm-legacy,2009-2020,coverage-unknown
882830d9bdfffff,,0.0,0.0,0.0,0.0,0.0,none,,unassessed
882830d9c1fffff,6.511627906976744,0.0,50176.0,0.0,,,chm-legacy,2009-2020,coverage-unknown
882830d9c3fffff,6.945720650744019,9.733550842849374,53514.0,9562.0,,,chm-legacy,2009-2020,coverage-unknown
882830d9c5fffff,,0.0,0.0,0.0,0.0,0.0,none,,unassessed
882830d9c7fffff,,0.0,0.0,0.0,0.0,0.0,none,,unassessed
882830d9c9fffff,5.6997662364061386,6.160653505786249,43923.0,15880.0,,,chm-legacy,2009-2020,coverage-unknown
882830d9cbfffff,11.532196403045113,1.2479201331114809,88857.0,13674.0,,,chm-legacy,2009-2020,coverage-unknown
882830d9cdfffff,,0.0,0.0,0.0,0.0,0.0,none,,unassessed
882830d9d1fffff,52.72440103698997,2.411513029949436,406137.0,14452.0,,,chm-legacy,2009-2020,coverage-unknown
882830d9d3fffff,4.536454640058203,3.179972936400542,34940.0,16485.0,,,chm-legacy,2009-2020,coverage-unknown
882830d9d5fffff,22.257213497423997,11.714770797962649,171459.0,11981.0,,,chm-legacy,2009-2020,coverage-unknown
882830d9d7fffff,11.164210439082334,0.0,85992.0,0.0,,,chm-legacy,2009-2020,coverage-unknown
882830d9d9fffff,5.74253686663535,0.0,44238.0,4038.0,,,chm-legacy,2009-2020,coverage-unknown
882830d9dbfffff,17.36637530050014,8.270821311790728,133764.0,27469.0,,,chm-legacy,2009-2020,coverage-unknown
882830d9ddfffff,13.96705669986784,8.144055657867813,107603.0,25857.0,,,chm-legacy,2009-2020,coverage-unknown
882830d9e1fffff,,0.0,0.0,0.0,0.0,0.0,none,,unassessed
882830d9e3fffff,,0.0,0.0,0.0,0.0,0.0,none,,unassessed
882830d9e5fffff,,0.0,0.0,0.0,0.0,0.0,none,,unassessed
882830d9e7fffff,,0.0,0.0,0.0,0.0,0.0,none,,unassessed
882830d9e9fffff,,0.0,0.0,0.0,0.0,0.0,none,,unassessed
882830d9ebfffff,,0.0,0.0,0.0,0.0,0.0,none,,unassessed
882830d9edfffff,,0.0,0.0,0.0,0.0,0.0,none,,unassessed
882830da01fffff,,0.0,0.0,0.0,0.0,0.0,none,,unassessed
882830da03fffff,,0.0,0.0,0.0,0.0,0.0,none,,unassessed
882830da05fffff,,0.0,0.0,0.0,0.0,0.0,none,,unassessed
882830da07fffff,,0.0,0.0,0.0,0.0,0.0,none,,unassessed
882830da0bfffff,,0.0,0.0,0.0,0.0,0.0,none,,unassessed
882830da11fffff,,0.0,0.0,0.0,0.0,0.0,none,,unassessed
882830da13fffff,,0.0,0.0,0.0,0.0,0.0,none,,unassessed
882830da15fffff,,0.0,0.0,0.0,0.0,0.0,none,,unassessed
882830da17fffff,,0.0,0.0,0.0,0.0,0.0,none,,unassessed
882830da19fffff,,0.0,0.0,0.0,0.0,0.0,none,,unassessed
882830da1bfffff,,0.0,0.0,0.0,0.0,0.0,none,,unassessed
882830da1dfffff,,0.0,0.0,0.0,0.0,0.0,none,,unassessed
882830da21fffff,,0.0,0.0,0.0,0.0,0.0,none,,unassessed
882830da23fffff,,0.0,0.0,0.0,0.0,0.0,none,,unassessed
882830da25fffff,,0.0,0.0,0.0,0.0,0.0,none,,unassessed
882830da27fffff,,0.0,0.0,0.0,0.0,0.0,none,,unassessed
882830da29fffff,,0.0,0.0,0.0,0.0,0.0,none,,unassessed
882830da2bfffff,,0.0,0.0,0.0,0.0,0.0,none,,unassessed
882830da2dfffff,,0.0,0.0,0.0,0.0,0.0,none,,unassessed
882830da31fffff,,0.0,0.0,0.0,0.0,0.0,none,,unassessed
882830da33fffff,,0.0,0.0,0.0,0.0,0.0,none,,unassessed
882830da35fffff,,0.0,0.0,0.0,0.0,0.0,none,,unassessed
882830da37fffff,,0.0,0.0,0.0,0.0,0.0,none,,unassessed
882830da39fffff,,0.0,0.0,0.0,0.0,0.0,none,,unassessed
882830da3bfffff,,0.0,0.0,0.0,0.0,0.0,none,,unassessed
882830da3dfffff,,0.0,0.0,0.0,0.0,0.0,none,,unassessed
882830da53fffff,,0.0,0.0,0.0,0.0,0.0,none,,unassessed
882830da57fffff,,0.0,0.0,0.0,0.0,0.0,none,,unassessed
882830da81fffff,,0.0,0.0,0.0,0.0,0.0,none,,unassessed
882830da83fffff,,0.0,0.0,0.0,0.0,0.0,none,,unassessed
882830da85fffff,,0.0,0.0,0.0,0.0,0.0,none,,unassessed
882830da87fffff,,0.0,0.0,0.0,0.0,0.0,none,,unassessed
882830da89fffff,,0.0,0.0,0.0,0.0,0.0,none,,unassessed
882830da8bfffff,,0.0,0.0,0.0,0.0,0.0,none,,unassessed
882830da8dfffff,,0.0,0.0,0.0,0.0,0.0,none,,unassessed
882830da91fffff,,0.0,0.0,0.0,0.0,0.0,none,,unassessed
882830da93fffff,,0.0,0.0,0.0,0.0,0.0,none,,unassessed
882830da95fffff,,0.0,0.0,0.0,0.0,0.0,none,,unassessed
882830da97fffff,,0.0,0.0,0.0,0.0,0.0,none,,unassessed
882830da99fffff,,0.0,0.0,0.0,0.0,0.0,none,,unassessed
882830da9bfffff,,0.0,0.0,0.0,0.0,0.0,none,,unassessed
882830da9dfffff,,0.0,0.0,0.0,0.0,0.0,none,,unassessed
882830daa1fffff,,0.0,0.0,0.0,0.0,0.0,none,,unassessed
882830daa3fffff,,0.0,0.0,0.0,0.0,0.0,none,,unassessed
882830daa5fffff,,0.0,0.0,0.0,0.0,0.0,none,,unassessed
882830daa7fffff,,0.0,0.0,0.0,0.0,0.0,none,,unassessed
882830daa9fffff,,0.0,0.0,0.0,0.0,0.0,none,,unassessed
882830daabfffff,,0.0,0.0,0.0,0.0,0.0,none,,unassessed
882830daadfffff,,0.0,0.0,0.0,0.0,0.0,none,,unassessed
882830dab1fffff,,0.0,0.0,0.0,0.0,0.0,none,,unassessed
882830dab3fffff,,0.0,0.0,0.0,0.0,0.0,none,,unassessed
882830dab5fffff,,0.0,0.0,0.0,0.0,0.0,none,,unassessed
882830dab7fffff,0.2080416083216643,0.0,1602.0,0.0,,,chm-legacy,2009-2020,coverage-unknown
882830dab9fffff,,0.0,0.0,0.0,0.0,0.0,none,,unassessed
882830dabbfffff,,0.0,0.0,0.0,0.0,0.0,none,,unassessed
882830dabdfffff,,0.0,0.0,0.0,0.0,0.0,none,,unassessed
882830dac1fffff,,0.0,0.0,0.0,0.0,0.0,none,,unassessed
882830dac3fffff,,0.0,0.0,0.0,0.0,0.0,none,,unassessed
882830dac5fffff,,0.0,0.0,0.0,0.0,0.0,none,,unassessed
882830dac7fffff,,0.0,0.0,0.0,0.0,0.0,none,,unassessed
882830dac9fffff,,0.0,0.0,0.0,0.0,0.0,none,,unassessed
882830dacbfffff,,0.0,0.0,0.0,0.0,0.0,none,,unassessed
882830dacdfffff,,0.0,0.0,0.0,0.0,0.0,none,,unassessed
882830dad1fffff,,0.0,0.0,0.0,0.0,0.0,none,,unassessed
882830dad3fffff,,0.0,0.0,0.0,0.0,0.0,none,,unassessed
882830dad5fffff,,0.0,0.0,0.0,0.0,0.0,none,,unassessed
882830dad7fffff,,0.0,0.0,0.0,0.0,0.0,none,,unassessed
882830dad9fffff,,0.0,0.0,0.0,0.0,0.0,none,,unassessed
882830dadbfffff,,0.0,0.0,0.0,0.0,0.0,none,,unassessed
882830daddfffff,,0.0,0.0,0.0,0.0,0.0,none,,unassessed
882830dae1fffff,,0.0,0.0,0.0,0.0,0.0,none,,unassessed
882830dae3fffff,,0.0,0.0,0.0,0.0,0.0,none,,unassessed
882830dae5fffff,,0.0,0.0,0.0,0.0,0.0,none,,unassessed
882830dae7fffff,,0.0,0.0,0.0,0.0,0.0,none,,unassessed
882830dae9fffff,,0.0,0.0,0.0,0.0,0.0,none,,unassessed
882830daebfffff,,0.0,0.0,0.0,0.0,0.0,none,,unassessed
882830daedfffff,,0.0,0.0,0.0,0.0,0.0,none,,unassessed
882830db03fffff,,0.0,0.0,0.0,0.0,0.0,none,,unassessed
882830db07fffff,,0.0,0.0,0.0,0.0,0.0,none,,unassessed
882830db11fffff,,0.0,0.0,0.0,0.0,0.0,none,,unassessed
882830db13fffff,,0.0,0.0,0.0,0.0,0.0,none,,unassessed
882830db15fffff,,0.0,0.0,0.0,0.0,0.0,none,,unassessed
882830db17fffff,,0.0,0.0,0.0,0.0,0.0,none,,unassessed
882830db19fffff,,0.0,0.0,0.0,0.0,0.0,none,,unassessed
882830db1bfffff,,0.0,0.0,0.0,0.0,0.0,none,,unassessed
882830db1dfffff,,0.0,0.0,0.0,0.0,0.0,none,,unassessed
882830db21fffff,,0.0,0.0,0.0,0.0,0.0,none,,unassessed
882830db23fffff,,0.0,0.0,0.0,0.0,0.0,none,,unassessed
882830db25fffff,,0.0,0.0,0.0,0.0,0.0,none,,unassessed
882830db27fffff,,0.0,0.0,0.0,0.0,0.0,none,,unassessed
882830db2bfffff,,0.0,0.0,0.0,0.0,0.0,none,,unassessed
882830db31fffff,,0.0,0.0,0.0,0.0,0.0,none,,unassessed
882830db33fffff,,0.0,0.0,0.0,0.0,0.0,none,,unassessed
882830db35fffff,,0.0,0.0,0.0,0.0,0.0,none,,unassessed
882830db37fffff,,0.0,0.0,0.0,0.0,0.0,none,,unassessed
882830db39fffff,,0.0,0.0,0.0,0.0,0.0,none,,unassessed
882830db3bfffff,,0.0,0.0,0.0,0.0,0.0,none,,unassessed
882830db3dfffff,,0.0,0.0,0.0,0.0,0.0,none,,unassessed
882830db53fffff,,0.0,0.0,0.0,0.0,0.0,none,,unassessed
882830db57fffff,,0.0,0.0,0.0,0.0,0.0,none,,unassessed
8828346d85fffff,17.2480177753428,0.0,132750.0,0.0,,,chm-legacy,2009-2020,coverage-unknown
8828346d87fffff,16.419050263815606,0.0,126352.0,0.0,,,chm-legacy,2009-2020,coverage-unknown
8828346d95fffff,10.889759476906264,0.0,83784.0,0.0,,,chm-legacy,2009-2020,coverage-unknown
8828346d97fffff,6.305947697292294,0.0,48510.0,0.0,,,chm-legacy,2009-2020,coverage-unknown
8828346da1fffff,16.810269708296772,6.958006703667033,80561.0,73749.0,479237.76,0.6223298824778443,usfs-2022,2022,partial
8828346da3fffff,24.41575668901447,12.160306160930029,150547.0,67921.0,616597.56,0.8008123861726907,usfs-2022,2022,partial
8828346da5fffff,17.09402388613115,4.415011037527594,131645.0,104751.0,770123.88,0.9999987930525757,usfs-2022,2022,full
8828346da7fffff,14.556582386720917,6.249722579786054,112089.0,114053.0,770019.48,0.9999998617960254,usfs-2022,2022,full
8828346da9fffff,14.37049096983489,2.576915747347915,34191.0,33127.0,237922.56,0.30894180231297325,usfs-2022,2022,partial
8828346dabfffff,39.490466493891155,0.0,303919.0,0.0,,,chm-legacy,2009-2020,coverage-unknown
8828346dadfffff,12.728346471729532,7.00350684317947,95980.0,131553.0,754064.64,0.9790815609946323,usfs-2022,2022,partial
8828346db1fffff,61.00239237770878,0.0,469345.0,0.0,,,chm-legacy,2009-2020,coverage-unknown
8828346db3fffff,52.94060460163881,0.0,407262.0,392.0,,,chm-legacy,2009-2020,coverage-unknown
8828346db5fffff,22.141702388932387,10.018993805537791,84904.0,33939.0,383458.32,0.49808851077013067,usfs-2022,2022,partial
8828346db7fffff,18.425342149777027,2.003261122757978,2157.0,1515.0,11705.4,0.015206666500463305,usfs-2022,2022,partial
8828346db9fffff,42.72140909111956,0.0,328716.0,0.0,,,chm-legacy,2009-2020,coverage-unknown
8828346dbbfffff,23.14897516232189,1.4603616133518775,178093.0,8162.0,,,chm-legacy,2009-2020,coverage-unknown
8828346dbdfffff,11.342749645346327,0.0,662.0,0.0,5836.68,0.007580985118148701,usfs-2022,2022,partial
882836265bfffff,,0.0,0.0,0.0,0.0,0.0,none,,unassessed
8828362681fffff,,0.0,0.0,0.0,0.0,0.0,none,,unassessed
8828362683fffff,,0.0,0.0,0.0,0.0,0.0,none,,unassessed
882836268bfffff,,0.0,0.0,0.0,0.0,0.0,none,,unassessed
8828362691fffff,,0.0,0.0,0.0,0.0,0.0,none,,unassessed
8828362693fffff,,0.0,0.0,0.0,0.0,0.0,none,,unassessed
8828362695fffff,,0.0,0.0,0.0,0.0,0.0,none,,unassessed
8828362697fffff,,0.0,0.0,0.0,0.0,0.0,none,,unassessed
8828362699fffff,,0.0,0.0,0.0,0.0,0.0,none,,unassessed
882836269bfffff,,0.0,0.0,0.0,0.0,0.0,none,,unassessed
882836269dfffff,,0.0,0.0,0.0,0.0,0.0,none,,unassessed
88283626b3fffff,,0.0,0.0,0.0,0.0,0.0,none,,unassessed
88283626b9fffff,,0.0,0.0,0.0,0.0,0.0,none,,unassessed
88283626bbfffff,,0.0,0.0,0.0,0.0,0.0,none,,unassessed
88283626c3fffff,,0.0,0.0,0.0,0.0,0.0,none,,unassessed
88283626c9fffff,,0.0,0.0,0.0,0.0,0.0,none,,unassessed
88283626cbfffff,,0.0,0.0,0.0,0.0,0.0,none,,unassessed
88283626d1fffff,,0.0,0.0,0.0,0.0,0.0,none,,unassessed
88283626d3fffff,,0.0,0.0,0.0,0.0,0.0,none,,unassessed
88283626d5fffff,,0.0,0.0,0.0,0.0,0.0,none,,unassessed
88283626d7fffff,,0.0,0.0,0.0,0.0,0.0,none,,unassessed
88283626d9fffff,,0.0,0.0,0.0,0.0,0.0,none,,unassessed
88283626dbfffff,,0.0,0.0,0.0,0.0,0.0,none,,unassessed
88283626ddfffff,,0.0,0.0,0.0,0.0,0.0,none,,unassessed
8828363499fffff,,0.0,0.0,0.0,0.0,0.0,none,,unassessed
882836349bfffff,,0.0,0.0,0.0,0.0,0.0,none,,unassessed
88283634d1fffff,,0.0,0.0,0.0,0.0,0.0,none,,unassessed
88283634d3fffff,,0.0,0.0,0.0,0.0,0.0,none,,unassessed
88283634d9fffff,,0.0,0.0,0.0,0.0,0.0,none,,unassessed
88283634dbfffff,,0.0,0.0,0.0,0.0,0.0,none,,unassessed
88283634ddfffff,,0.0,0.0,0.0,0.0,0.0,none,,unassessed
8828363659fffff,,0.0,0.0,0.0,0.0,0.0,none,,unassessed
882836365bfffff,,0.0,0.0,0.0,0.0,0.0,none,,unassessed
8828363681fffff,,0.0,0.0,0.0,0.0,0.0,none,,unassessed
8828363683fffff,,0.0,0.0,0.0,0.0,0.0,none,,unassessed
8828363687fffff,,0.0,0.0,0.0,0.0,0.0,none,,unassessed
8828363689fffff,,0.0,0.0,0.0,0.0,0.0,none,,unassessed
882836368bfffff,,0.0,0.0,0.0,0.0,0.0,none,,unassessed
8828363691fffff,,0.0,0.0,0.0,0.0,0.0,none,,unassessed
8828363693fffff,,0.0,0.0,0.0,0.0,0.0,none,,unassessed
8828363695fffff,,0.0,0.0,0.0,0.0,0.0,none,,unassessed
8828363697fffff,,0.0,0.0,0.0,0.0,0.0,none,,unassessed
8828363699fffff,,0.0,0.0,0.0,0.0,0.0,none,,unassessed
882836369bfffff,,0.0,0.0,0.0,0.0,0.0,none,,unassessed
882836369dfffff,,0.0,0.0,0.0,0.0,0.0,none,,unassessed
88283636b1fffff,,0.0,0.0,0.0,0.0,0.0,none,,unassessed
88283636b3fffff,,0.0,0.0,0.0,0.0,0.0,none,,unassessed
88283636b7fffff,,0.0,0.0,0.0,0.0,0.0,none,,unassessed
88283636b9fffff,,0.0,0.0,0.0,0.0,0.0,none,,unassessed
88283636bbfffff,,0.0,0.0,0.0,0.0,0.0,none,,unassessed
88283636bdfffff,,0.0,0.0,0.0,0.0,0.0,none,,unassessed
88283636c1fffff,,0.0,0.0,0.0,0.0,0.0,none,,unassessed
88283636c3fffff,,0.0,0.0,0.0,0.0,0.0,none,,unassessed
88283636cbfffff,,0.0,0.0,0.0,0.0,0.0,none,,unassessed
88283636d1fffff,,0.0,0.0,0.0,0.0,0.0,none,,unassessed
88283636d3fffff,,0.0,0.0,0.0,0.0,0.0,none,,unassessed
88283636d5fffff,,0.0,0.0,0.0,0.0,0.0,none,,unassessed
88283636d7fffff,,0.0,0.0,0.0,0.0,0.0,none,,unassessed
88283636d9fffff,,0.0,0.0,0.0,0.0,0.0,none,,unassessed
88283636dbfffff,,0.0,0.0,0.0,0.0,0.0,none,,unassessed
88283636ddfffff,,0.0,0.0,0.0,0.0,0.0,none,,unassessed
882836ac91fffff,,0.0,0.0,0.0,0.0,0.0,none,,unassessed
882836ac93fffff,,0.0,0.0,0.0,0.0,0.0,none,,unassessed
882836ac95fffff,,0.0,0.0,0.0,0.0,0.0,none,,unassessed
882836ac97fffff,,0.0,0.0,0.0,0.0,0.0,none,,unassessed
882836ac99fffff,,0.0,0.0,0.0,0.0,0.0,none,,unassessed
882836ac9bfffff,,0.0,0.0,0.0,0.0,0.0,none,,unassessed
882836ac9dfffff,,0.0,0.0,0.0,0.0,0.0,none,,unassessed
882836acb3fffff,,0.0,0.0,0.0,0.0,0.0,none,,unassessed
882836acbbfffff,,0.0,0.0,0.0,0.0,0.0,none,,unassessed
