h3,canopy_pct,row_canopy_pct,row_m2,canopy_m2,assessed_m2,coverage_frac,flat_frac
8828301001fffff,21.783508295709495,7.4274784826267135,16727.0,166671.0,1247719.68,1.0,0.5821
8828301003fffff,30.78901675379131,34.50196177699026,29808.0,235541.0,1247316.48,1.0,0.4324
8828301005fffff,3.4364356325976795,7.674943566591422,4712.0,26295.0,1248065.28,1.0,0.7643
8828301007fffff,11.819230946775608,22.294908062234793,25315.0,90426.0,1247788.8,1.0,0.6085
8828301009fffff,23.87712421921527,21.025195482189403,15708.0,182702.0,1247667.84,1.0,0.6554
882830100bfffff,24.985450749632804,84.90322580645162,2022.0,191156.0,1247074.56,1.0,0.5874
882830100dfffff,25.808804520441704,0.0,0.0,197497.0,1247708.16,1.0,0.5122
8828301011fffff,17.122648913675775,2.411183788636655,43828.0,130963.0,1247627.52,1.0,0.481
8828301013fffff,19.504286453329392,8.233656097715334,167040.0,149159.0,1247016.96,1.0,0.1954
8828301015fffff,20.41863063279335,8.829568788501026,40919.0,156184.0,1247679.36,1.0,0.5583
8828301017fffff,12.35207783336718,11.63274865976162,97793.0,94469.0,1248007.68,1.0,0.4798
8828301019fffff,36.85547371094742,5.4911838790931995,21612.0,281911.0,1247241.6,1.0,0.3601
882830101bfffff,34.154519758355036,4.899497487437186,13081.0,261214.0,1247132.16,1.0,0.4221
882830101dfffff,12.421915759050385,0.4830917874396135,3560.0,95023.0,1247575.68,1.0,0.7375
8828301029fffff,0.04338514935568438,0.18331805682859761,6273.0,332.0,1247984.64,1.0,0.9841
882830102bfffff,0.0,0.0,0.0,0.0,1248180.48,1.0,0.9994
8828301031fffff,0.04108330679074749,0.0,0.0,314.0,1247806.08,1.0,0.9955
8828301039fffff,17.875083105562535,0.0,0.0,136738.0,1247569.92,1.0,0.6966
882830103bfffff,0.43622766929788115,100.0,0.0,3337.0,1247788.8,1.0,0.9787
882830103dfffff,0.0,0.0,0.0,0.0,1247852.16,1.0,1.0
8828301041fffff,7.054927085691058,1.180195739781232,19774.0,53994.0,1246965.12,1.0,0.8484
8828301043fffff,2.3758298783922287,0.889967637540453,14112.0,18181.0,1247604.48,1.0,0.922
8828301045fffff,4.224109662431473,0.30194894317869886,20920.0,32331.0,1247149.44,1.0,0.9122
8828301047fffff,5.715921737403776,8.832612723903646,17004.0,43743.0,1247345.28,1.0,0.8645
8828301049fffff,9.502686867846762,7.5075075075075075,1774.0,72733.0,1246596.48,1.0,0.8186
882830104bfffff,10.40563315248759,31.397106456488878,18300.0,79633.0,1247472.0,1.0,0.799
882830104dfffff,28.711444486526933,1.4035087719298245,6474.0,219770.0,1247074.56,1.0,0.5543
8828301051fffff,22.94879846321506,0.0,0.0,175574.0,1247362.56,1.0,0.6671
8828301053fffff,27.35806780960829,0.0,0.0,209279.0,1246803.84,1.0,0.616
8828301055fffff,13.61729649819828,0.0,0.0,104189.0,1246809.6,1.0,0.731
8828301057fffff,40.40494055177191,20.12779552715655,7200.0,309104.0,1247472.0,1.0,0.4144
8828301059fffff,10.426124424452624,0.0,0.0,79773.0,1247230.08,1.0,0.8143
882830105bfffff,9.563111731378873,0.0,0.0,73159.0,1246429.44,1.0,0.8335
882830105dfffff,8.449116322051518,0.0,0.0,64651.0,1246608.0,1.0,0.8758
8828301061fffff,12.219118631547358,14.024071166928309,9464.0,93524.0,1247587.2,1.0,0.7504
8828301063fffff,4.375386661003333,0.0,0.0,33484.0,1247604.48,1.0,0.8668
8828301065fffff,0.0,0.0,0.0,0.0,1247800.32,1.0,1.0
8828301067fffff,0.0,0.0,0.0,0.0,1247794.56,1.0,0.9985
8828301069fffff,43.875081964185114,42.959641255605376,3663.0,335840.0,1247374.08,1.0,0.3378
882830106bfffff,30.285930659967857,0.0,0.0,231790.0,1247362.56,1.0,0.4805
882830106dfffff,34.766108330717095,21.60891089108911,18242.0,266135.0,1247592.96,1.0,0.4154
88283010c1fffff,20.078998429270996,5.743375538441456,41593.0,153521.0,1246809.6,1.0,0.4397
88283010c3fffff,0.007385217563893672,0.0,0.0,56.0,1247898.24,1.0,0.9927
88283010c5fffff,2.186405239618383,7.301587301587302,26911.0,16718.0,1247944.32,1.0,0.7148
88283010c7fffff,0.009236510077032495,0.0,0.0,71.0,1247224.32,1.0,0.983
88283010c9fffff,3.0059389114150865,0.0,21105.0,22985.0,1247258.88,1.0,0.7303
88283010cbfffff,2.7750705545984045,0.7896625987078248,15921.0,21216.0,1247034.24,1.0,0.7714
88283010cdfffff,13.18490067814919,7.343283582089552,89395.0,100824.0,1247725.44,1.0,0.3961
88283010d1fffff,0.0,0.0,0.0,0.0,1246890.24,1.0,0.9751
88283010d9fffff,0.12199179327936122,0.0,0.0,932.0,1246510.08,1.0,0.9613
88283010dbfffff,0.0,0.0,0.0,0.0,1247028.48,1.0,0.9962
88283010ddfffff,0.0,0.0,0.0,0.0,1247339.52,1.0,0.9959
88283010e9fffff,0.5227864703600392,0.0,1077.0,3998.0,1247224.32,1.0,0.9063
88283010edfffff,0.32764492519543326,0.7936507936507936,8640.0,2506.0,1248180.48,1.0,0.9335
882830110dfffff,0.0,0.0,0.0,0.0,1248710.4,1.0,1.0
8828301141fffff,2.1159968624555896,0.0,32964.0,16203.0,1248364.8,1.0,0.8406
8828301143fffff,0.46923662537199806,0.0,0.0,3593.0,1248393.6,1.0,0.8893
8828301145fffff,0.8378084113011867,0.0,0.0,6416.0,1248514.56,1.0,0.9113
8828301147fffff,0.0,0.0,0.0,0.0,1248554.88,1.0,1.0
8828301149fffff,5.870055793218977,1.4605241195126022,68008.0,44951.0,1248151.68,1.0,0.4956
882830114bfffff,0.40979067449329937,0.0,0.0,3138.0,1248168.96,1.0,0.9024
882830114dfffff,1.3773151352398882,0.9405029646289103,27907.0,10548.0,1248341.76,1.0,0.8733
8828301159fffff,0.0,0.0,0.0,0.0,1247990.4,1.0,1.0
882830115dfffff,0.031379932533145055,0.0,3410.0,240.0,1248186.24,1.0,0.9654
8828301161fffff,0.095010123651525,0.0,3162.0,728.0,1248877.44,1.0,0.9777
8828301163fffff,0.0,0.0,0.0,0.0,1248900.48,1.0,0.9948
8828301165fffff,0.0,0.0,0.0,0.0,1249038.72,1.0,0.9995
8828301167fffff,0.0,0.0,0.0,0.0,1249090.56,1.0,0.9996
8828301169fffff,0.008764444034411975,0.0,0.0,67.0,1248681.6,1.0,0.9931
882830116bfffff,0.01845069512993902,0.0,0.0,141.0,1248733.44,1.0,0.9943
882830116dfffff,0.014759194516959236,0.0,16335.0,113.0,1248848.64,1.0,0.9617
8828301201fffff,18.87411556467527,0.0,0.0,144480.0,1246354.56,1.0,0.6818
8828301203fffff,9.542235289766634,0.0,0.0,73035.0,1245957.12,1.0,0.8117
8828301205fffff,22.56435140256019,0.0,2690.0,172741.0,1246406.4,1.0,0.5798
8828301207fffff,59.27144362097325,0.0,0.0,453689.0,1246625.28,1.0,0.2966
8828301209fffff,9.168569658755766,38.3768352365416,8703.0,70190.0,1246037.76,1.0,0.7929
882830120bfffff,2.9398165273359473,0.0,0.0,22503.0,1245726.72,1.0,0.9092
882830120dfffff,23.047810053697354,3.6322725811636127,17268.0,176455.0,1246452.48,1.0,0.6138
8828301211fffff,26.462090358131817,9.61082910321489,61540.0,202495.0,1245985.92,1.0,0.3181
8828301213fffff,24.149840717948244,6.544502617801047,131604.0,184775.0,1245790.08,1.0,0.222
8828301215fffff,9.856988442670659,0.0,0.0,75434.0,1246959.36,1.0,0.7978
8828301217fffff,16.20219690805533,13.06511820821236,12073.0,123975.0,1245911.04,1.0,0.588
8828301219fffff,27.78168135129388,0.0,0.0,212607.0,1246037.76,1.0,0.5293
882830121bfffff,37.13100654755299,0.13966480446927373,12355.0,284116.0,1245680.64,1.0,0.3481
882830121dfffff,4.3596579174732835,0.0,0.0,33366.0,1246688.64,1.0,0.8994
8828301221fffff,19.785715935068236,0.0,0.0,151470.0,1247241.6,1.0,0.6891
8828301223fffff,5.851444838278856,7.483962936564505,7476.0,44790.0,1246412.16,1.0,0.8285
8828301225fffff,49.50180385345596,62.533796832753964,5587.0,378988.0,1246930.56,1.0,0.362
8828301227fffff,10.224601301514431,16.01281024819856,6042.0,78269.0,1247137.92,1.0,0.8153
8828301229fffff,20.918489910562496,20.427350427350426,10725.0,160153.0,1246832.64,1.0,0.6653
882830122bfffff,37.40567018646457,34.147465437788014,8231.0,286339.0,1246435.2,1.0,0.4867
882830122dfffff,17.310278223179257,46.71150971599402,8214.0,132538.0,1246515.84,1.0,0.6671
8828301231fffff,22.818280136435483,8.25451418744626,12292.0,174624.0,1246268.16,1.0,0.5733
8828301233fffff,11.30729972519225,0.0,0.0,86521.0,1247126.4,1.0,0.7157
8828301235fffff,1.1102695313221629,0.0,0.0,8497.0,1247178.24,1.0,0.947
8828301237fffff,3.313369932900793,7.497467071935157,5259.0,25355.0,1246440.96,1.0,0.9048
8828301239fffff,32.909783402512645,0.0,0.0,251870.0,1246152.96,1.0,0.5613
882830123bfffff,44.210667319497624,0.0,0.0,338312.0,1246999.68,1.0,0.3818
882830123dfffff,25.693841349618435,24.78134110787172,11889.0,196658.0,1246901.76,1.0,0.592
8828301241fffff,44.737109685529944,0.0,75.0,342556.0,1246256.64,1.0,0.4001
8828301243fffff,51.9685949572527,0.0,0.0,397872.0,1245720.96,1.0,0.3358
8828301245fffff,9.167001937634975,50.78436586014357,10662.0,70197.0,1245559.68,1.0,0.6347
8828301247fffff,13.298860454154768,40.02610398085708,15880.0,101823.0,1246475.52,1.0,0.7449
8828301249fffff,64.76415443215858,50.53050397877984,2148.0,495938.0,1246049.28,1.0,0.1049
882830124bfffff,48.20477954609575,0.0,0.0,369082.0,1245386.88,1.0,0.2523
882830124dfffff,38.57660065380934,29.61128048780488,21277.0,295425.0,1245720.96,1.0,0.3968
8828301251fffff,32.487565408723626,0.0,0.0,248672.0,1246072.32,1.0,0.586
8828301253fffff,16.52421915807282,1.0986328125,23334.0,126465.0,1246101.12,1.0,0.7452
8828301255fffff,28.259411865355176,19.12878787878788,12298.0,216324.0,1245559.68,1.0,0.6424
8828301257fffff,11.884912566083775,3.3494363929146536,17286.0,90965.0,1246417.92,1.0,0.7925
8828301259fffff,3.2213914820620233,0.0,0.0,24659.0,1245732.48,1.0,0.8855
882830125bfffff,6.388594832726987,3.0071077091306724,30655.0,48897.0,1246020.48,1.0,0.7282
882830125dfffff,33.13184195799668,0.0,0.0,253640.0,1245432.96,1.0,0.5408
8828301261fffff,21.689447078285138,23.334278423589453,15575.0,166090.0,1246544.64,1.0,0.6437
8828301263fffff,15.057420800887309,2.7210884353741496,2471.0,115288.0,1246377.6,1.0,0.7285
8828301265fffff,26.724536181535957,13.65392872477458,23167.0,204661.0,1246832.64,1.0,0.608
8828301267fffff,25.0,2.2582921665490474,7978.0,191428.0,1246371.84,1.0,0.59
8828301269fffff,34.91726849734086,37.004701141705844,10806.0,267402.0,1246596.48,1.0,0.4687
882830126bfffff,20.19315675840611,35.69421023046655,13179.0,154621.0,1245893.76,1.0,0.631
882830126dfffff,18.64132595050795,4.143269084838367,36380.0,142769.0,1246222.08,1.0,0.6929
8828301281fffff,16.884473680561012,9.21148786904414,143119.0,129123.0,1246020.48,1.0,0.2368
8828301283fffff,12.407869215849265,6.0182756811970295,196088.0,94875.0,1247270.4,1.0,0.1205
8828301285fffff,9.438977151388805,1.9859374161343997,105183.0,72189.0,1246101.12,1.0,0.2607
8828301287fffff,10.76432179831731,2.7547245275472454,112038.0,82314.0,1247374.08,1.0,0.2402
8828301289fffff,10.877123228138956,5.01029820005373,122198.0,83188.0,1245876.48,1.0,0.3668
882830128bfffff,10.695644535674493,9.791802212101498,95835.0,81788.0,1245905.28,1.0,0.459
882830128dfffff,7.299901071570558,7.304667016255899,101820.0,55833.0,1245991.68,1.0,0.4862
8828301291fffff,0.0,0.0,0.0,0.0,1245968.64,1.0,1.0
8828301293fffff,0.0,0.0,0.0,0.0,1246008.96,1.0,1.0
8828301295fffff,4.5966385000832055,4.559341950646298,70174.0,35143.0,1246072.32,1.0,0.5661
8828301297fffff,0.0,0.0,0.0,0.0,1246129.92,1.0,1.0
8828301299fffff,1.0623249105483594,5.286081963967531,27556.0,8122.0,1245991.68,1.0,0.8517
882830129bfffff,0.0,0.0,0.0,0.0,1246953.6,1.0,1.0
882830129dfffff,8.299232382201613,11.178017131710627,60324.0,63454.0,1247120.64,1.0,0.4906
88283012a1fffff,6.151677604214807,0.0,6313.0,47048.0,1246348.8,1.0,0.7609
88283012a3fffff,1.7414991112444884,0.0,22810.0,13317.0,1247587.2,1.0,0.7359
88283012a5fffff,21.900442876340982,0.0,0.0,167506.0,1247264.64,1.0,0.5275
88283012a7fffff,7.043183844281339,0.0,0.0,53863.0,1246999.68,1.0,0.4547
88283012a9fffff,3.553585706164817,2.0842194810718846,13260.0,27180.0,1246308.48,1.0,0.757
88283012abfffff,5.638988335835546,0.0,23.0,43124.0,1246896.0,1.0,0.7884
88283012adfffff,12.02894334621654,0.0,0.0,92010.0,1247391.36,1.0,0.7758
88283012b1fffff,3.8349732180407345,2.8465017291832937,42071.0,29320.0,1246331.52,1.0,0.5558
88283012b3fffff,0.0,0.0,0.0,0.0,1247575.68,1.0,1.0
88283012b5fffff,3.6909355576607594,2.0639147802929427,25419.0,28220.0,1246435.2,1.0,0.2646
88283012b7fffff,1.506400934402541,0.5774278215223096,10909.0,11516.0,1247667.84,1.0,0.6263
88283012b9fffff,9.452738617980124,6.717903350657968,194354.0,72274.0,1246176.0,1.0,0.1005
88283012bbfffff,0.9516766425550599,4.260089686098654,22136.0,7275.0,1246204.8,1.0,0.8498
88283012bdfffff,2.4447257305997248,0.7575757575757576,11318.0,18693.0,1246844.16,1.0,0.6039
88283012c1fffff,11.104335010418255,1.7260056329890952,78382.0,84943.0,1246734.72,1.0,0.4135
88283012c3fffff,16.29301536370319,10.197818327384327,155059.0,124617.0,1245824.64,1.0,0.136
88283012c5fffff,13.672508513263132,3.538050734312417,124848.0,104596.0,1246619.52,1.0,0.2377
88283012c7fffff,11.83571976594781,4.438415626695605,152168.0,90532.0,1246245.12,1.0,0.2494
88283012c9fffff,25.02184920579871,6.073881127160787,45694.0,191419.0,1245628.8,1.0,0.3648
88283012cbfffff,25.322053007060212,2.3044043858018957,60561.0,193689.0,1246602.24,1.0,0.3562
88283012cdfffff,32.66353498178321,0.4524886877828055,6336.0,249897.0,1245795.84,1.0,0.4801
88283012d1fffff,15.787794434528488,11.111749827546562,178134.0,120727.0,1245669.12,1.0,0.1051
88283012d3fffff,9.388062738134872,7.997954286163893,134703.0,71779.0,1245680.64,1.0,0.347
88283012d5fffff,14.93758091363048,7.124202594511281,124952.0,114234.0,1245772.8,1.0,0.3522
88283012d7fffff,10.542838516984219,7.676904593204152,172621.0,80614.0,1245824.64,1.0,0.2268
88283012d9fffff,14.183456561922366,6.513909911790804,103167.0,108467.0,1246464.0,1.0,0.2651
88283012dbfffff,21.75907302344722,11.010535687787506,138171.0,166377.0,1245732.48,1.0,0.0958
88283012ddfffff,12.948878583746746,1.8145296283896888,84465.0,99032.0,1245824.64,1.0,0.3464
88283012e1fffff,8.652886605558841,0.0,0.0,66196.0,1246740.48,1.0,0.7983
88283012e3fffff,2.864364331987173,1.7447495961227786,17516.0,21910.0,1246567.68,1.0,0.8509
88283012e5fffff,6.5863004580689,12.006489994591671,9372.0,50390.0,1246135.68,1.0,0.7891
88283012e7fffff,3.185422236999478,0.3515821195379206,11428.0,24367.0,1247322.24,1.0,0.6586
88283012e9fffff,6.428994028139849,2.5782344698738906,60071.0,49186.0,1246164.48,1.0,0.5174
88283012ebfffff,14.944657969621938,2.1901347029750946,58136.0,114320.0,1246878.72,1.0,0.5088
88283012edfffff,30.880497039122417,0.0,334.0,236273.0,1246008.96,1.0,0.4396
8828301301fffff,25.017662296883586,14.174585200137857,100408.0,191604.0,1247402.88,1.0,0.2875
8828301303fffff,14.577426415582256,0.0,0.0,111629.0,1247351.04,1.0,0.7544
8828301305fffff,27.925111962694494,9.564246700952836,130660.0,213887.0,1247558.4,1.0,0.137
8828301307fffff,18.666229586913463,10.628604865000419,123166.0,142950.0,1247552.64,1.0,0.2568
8828301309fffff,45.345153991780954,22.13027229044314,16802.0,347311.0,1247443.2,1.0,0.3025
882830130bfffff,23.4071145879995,34.43896891584534,19924.0,179257.0,1247276.16,1.0,0.5228
882830130dfffff,32.91842303306201,11.531704200606931,95714.0,252149.0,1247575.68,1.0,0.1868
8828301311fffff,14.30834310836897,0.0,0.0,109546.0,1247258.88,1.0,0.7316
8828301313fffff,12.736859601817308,11.49110807113543,7453.0,97501.0,1247523.84,1.0,0.7937
8828301315fffff,13.604920712616714,0.0,0.0,104168.0,1247351.04,1.0,0.7205
8828301317fffff,18.042912273574977,0.0,0.0,138128.0,1247777.28,1.0,0.7009
8828301319fffff,43.62585687625876,28.816307621033125,17700.0,334026.0,1246947.84,1.0,0.3916
882830131bfffff,35.25234007379256,44.7615324472244,8139.0,269875.0,1247345.28,1.0,0.455
882830131dfffff,24.492896861317913,30.637161388782907,31415.0,187546.0,1247178.24,1.0,0.5128
8828301321fffff,10.28025736414072,6.5743542006050735,138741.0,78740.0,1247950.08,1.0,0.3002
8828301323fffff,6.383675956097516,4.5895460340335905,99147.0,48888.0,1247973.12,1.0,0.2836
8828301325fffff,10.703704045559853,3.875714379557249,84286.0,81989.0,1248088.32,1.0,0.4568
8828301327fffff,1.3300290280450604,0.2463863337713535,34980.0,10186.0,1248117.12,1.0,0.3786
8828301329fffff,14.016443769417913,4.704148719111313,145273.0,107364.0,1247713.92,1.0,0.2129
882830132bfffff,15.554601521530392,7.868768785799353,187148.0,119129.0,1247754.24,1.0,0.0884
882830132dfffff,8.06936245436377,3.311570833005585,141604.0,61814.0,1247955.84,1.0,0.2243
8828301331fffff,8.32475499813046,5.625740228977497,192770.0,63739.0,1247794.56,1.0,0.2805
8828301333fffff,0.3143507341774489,0.0,0.0,2407.0,1247829.12,1.0,0.9772
8828301335fffff,8.572641761974651,9.862991086167051,62905.0,65642.0,1247996.16,1.0,0.3407
8828301337fffff,1.1967839604179744,0.8260325406758449,22821.0,9163.0,1247984.64,1.0,0.8924
8828301339fffff,39.293183444518824,22.288921425085405,91716.0,300874.0,1247644.8,1.0,0.1067
882830133bfffff,54.806294225984686,19.812269527321487,27556.0,419601.0,1247863.68,1.0,0.1462
882830133dfffff,20.977762187410573,13.547789186157111,204180.0,160641.0,1247950.08,1.0,0.0896
8828301341fffff,55.895720937107384,17.82507964089198,32688.0,428211.0,1247016.96,1.0,0.1486
8828301343fffff,48.47083712486893,11.258278145695364,3087.0,371278.0,1246988.16,1.0,0.3745
8828301345fffff,47.78436144812011,34.70776208638285,36484.0,366096.0,1247207.04,1.0,0.2192
8828301347fffff,36.2078281953585,31.991525423728813,7396.0,277365.0,1247184.0,1.0,0.4329
8828301349fffff,46.30581692372361,31.323024054982817,46045.0,354768.0,1246976.64,1.0,0.2289
882830134bfffff,32.39493876721378,6.129529683885891,42077.0,248156.0,1246861.44,1.0,0.3469
882830134dfffff,33.538700276644974,23.56852604359069,59587.0,256972.0,1247172.48,1.0,0.3007
8828301351fffff,36.19511203886724,0.0,0.0,277189.0,1247224.32,1.0,0.463
8828301353fffff,35.71009484562754,42.42957746478873,1884.0,273437.0,1246792.32,1.0,0.4868
8828301355fffff,54.656500535707686,36.46017699115045,2068.0,418600.0,1247247.36,1.0,0.2727
8828301357fffff,46.416579296202045,35.37338573834924,13260.0,355443.0,1247103.36,1.0,0.2722
8828301359fffff,38.718828981596566,22.27180527383367,11036.0,296537.0,1246619.52,1.0,0.3963
882830135bfffff,51.86055964599481,0.0,0.0,397130.0,1247005.44,1.0,0.3366
882830135dfffff,37.229501228909875,0.0,0.0,285151.0,1246763.52,1.0,0.5011
8828301361fffff,29.068731330535513,14.660691421254802,69103.0,222708.0,1247598.72,1.0,0.2168
8828301363fffff,16.353412097120458,5.756808106396454,85715.0,125273.0,1247598.72,1.0,0.2941
8828301365fffff,10.834952890505626,2.047631048387097,179101.0,83017.0,1247748.48,1.0,0.2869
8828301367fffff,12.114539478543467,3.559975644408362,136846.0,92808.0,1247754.24,1.0,0.2597
8828301369fffff,30.96722356135539,13.461674070939992,70687.0,237270.0,1247374.08,1.0,0.3097
882830136bfffff,22.624467819839122,10.465661379795296,132013.0,173324.0,1247397.12,1.0,0.2654
882830136dfffff,23.009233610341642,14.795048550885776,132422.0,176308.0,1247616.0,1.0,0.1783
8828301601fffff,0.0,0.0,0.0,0.0,1244920.32,1.0,1.0
8828301605fffff,0.0,0.0,0.0,0.0,1245231.36,1.0,1.0
8828301609fffff,0.0,0.0,0.0,0.0,1245093.12,1.0,1.0
882830160dfffff,0.0,0.0,0.0,0.0,1245352.32,1.0,1.0
8828301621fffff,0.0,0.0,0.0,0.0,1245882.24,1.0,1.0
8828301625fffff,0.0,0.0,0.0,0.0,1245980.16,1.0,1.0
8828301627fffff,0.0,0.0,0.0,0.0,1245980.16,1.0,1.0
8828301629fffff,0.0,0.0,0.0,0.0,1245709.44,1.0,1.0
882830162bfffff,0.0,0.0,0.0,0.0,1245744.0,1.0,1.0
882830162dfffff,0.0,0.0,0.0,0.0,1245830.4,1.0,1.0
8828301641fffff,0.0,0.0,0.0,0.0,1245231.36,1.0,1.0
8828301643fffff,0.0,0.0,0.0,0.0,1245231.36,1.0,1.0
8828301645fffff,0.0,0.0,0.0,0.0,1245306.24,1.0,1.0
8828301647fffff,0.0,0.0,0.0,0.0,1245340.8,1.0,1.0
8828301649fffff,0.0,0.0,0.0,0.0,1245064.32,1.0,1.0
882830164bfffff,0.0,0.0,0.0,0.0,1245087.36,1.0,1.0
882830164dfffff,0.0,0.0,0.0,0.0,1245156.48,1.0,1.0
8828301661fffff,0.0,0.0,0.0,0.0,1245553.92,1.0,1.0
8828301663fffff,0.0,0.0,0.0,0.0,1245231.36,1.0,1.0
8828301665fffff,0.0,0.0,0.0,0.0,1245657.6,1.0,1.0
8828301667fffff,0.0,0.0,0.0,0.0,1245686.4,1.0,1.0
8828301669fffff,0.0,0.0,0.0,0.0,1245409.92,1.0,1.0
882830166bfffff,0.0,0.0,0.0,0.0,1245456.0,1.0,1.0
882830166dfffff,0.0,0.0,0.0,0.0,1245530.88,1.0,1.0
8828301701fffff,0.0,0.0,0.0,0.0,1246239.36,1.0,1.0
8828301703fffff,0.0,0.0,0.0,0.0,1247523.84,1.0,1.0
8828301705fffff,0.0,0.0,0.0,0.0,1247546.88,1.0,1.0
8828301707fffff,0.0,0.0,0.0,0.0,1246400.64,1.0,1.0
8828301709fffff,0.0,0.0,0.0,0.0,1246314.24,1.0,1.0
882830170bfffff,0.0,0.0,0.0,0.0,1246129.92,1.0,1.0
882830170dfffff,0.0,0.0,0.0,0.0,1246233.6,1.0,1.0
8828301711fffff,0.0,0.0,0.0,0.0,1246222.08,1.0,1.0
8828301713fffff,0.0,0.0,0.0,0.0,1246245.12,1.0,1.0
8828301715fffff,0.0,0.0,0.0,0.0,1246325.76,1.0,1.0
8828301719fffff,0.0,0.0,0.0,0.0,1247155.2,1.0,1.0
882830171bfffff,0.0,0.0,0.0,0.0,1246233.6,1.0,1.0
882830171dfffff,0.0,0.0,0.0,0.0,1246193.28,1.0,1.0
8828301729fffff,0.0,0.0,0.0,0.0,1247564.16,1.0,1.0
8828301741fffff,0.0,0.0,0.0,0.0,1245951.36,1.0,1.0
8828301743fffff,0.0,0.0,0.0,0.0,1245968.64,1.0,1.0
8828301745fffff,0.0,0.0,0.0,0.0,1246055.04,1.0,1.0
8828301747fffff,0.0,0.0,0.0,0.0,1247074.56,1.0,1.0
8828301749fffff,0.0,0.0,0.0,0.0,1245795.84,1.0,1.0
882830174bfffff,0.0,0.0,0.0,0.0,1247057.28,1.0,1.0
882830174dfffff,0.0,0.0,0.0,0.0,1245911.04,1.0,1.0
8828301751fffff,0.0,0.0,0.0,0.0,1245899.52,1.0,1.0
8828301753fffff,0.0,0.0,0.0,0.0,1245945.6,1.0,1.0
8828301755fffff,0.0,0.0,0.0,0.0,1246014.72,1.0,1.0
8828301757fffff,0.0,0.0,0.0,0.0,1246049.28,1.0,1.0
8828301759fffff,0.0,0.0,0.0,0.0,1245767.04,1.0,1.0
882830175bfffff,0.0,0.0,0.0,0.0,1245795.84,1.0,1.0
882830175dfffff,0.0,0.0,0.0,0.0,1245853.44,1.0,1.0
8828301761fffff,0.0,0.0,0.0,0.0,1246285.44,1.0,1.0
8828301763fffff,0.0,0.0,0.0,0.0,1246337.28,1.0,1.0
8828301765fffff,0.0,0.0,0.0,0.0,1246406.4,1.0,1.0
8828301767fffff,0.0,0.0,0.0,0.0,1246498.56,1.0,1.0
8828301769fffff,0.0,0.0,0.0,0.0,1247057.28,1.0,1.0
882830176bfffff,0.0,0.0,0.0,0.0,1246487.04,1.0,1.0
882830176dfffff,0.0,0.0,0.0,0.0,1247460.48,1.0,1.0
8828301a09fffff,0.0,0.0,0.0,0.0,1249643.52,1.0,0.9993
8828301a41fffff,0.0,0.0,22113.0,0.0,1249476.48,1.0,0.9664
8828301a43fffff,0.013366395958739317,0.15003750937734434,7667.0,102.0,1249701.12,1.0,0.9939
8828301a45fffff,0.04240764812714919,0.0,82714.0,325.0,1249585.92,1.0,0.9577
8828301a47fffff,0.06589922487764864,0.0,42169.0,505.0,1249908.48,1.0,0.972
8828301a49fffff,0.0036886757654002213,0.0,17176.0,28.0,1249228.8,1.0,0.9974
8828301a4bfffff,0.0,0.0,0.0,0.0,1249326.72,1.0,0.9922
8828301a4dfffff,0.3397487610925435,0.02973535533749628,58095.0,2603.0,1249488.0,1.0,0.9545
8828301a51fffff,0.0,0.0,0.0,0.0,1249390.08,1.0,0.9996
8828301a55fffff,0.0,0.0,0.0,0.0,1249482.24,1.0,0.9998
8828301a57fffff,0.0,0.0,0.0,0.0,1249568.64,1.0,1.0
8828301a59fffff,0.0,0.0,0.0,0.0,1249274.88,1.0,0.9993
8828301a5bfffff,0.0,0.0,0.0,0.0,1249228.8,1.0,1.0
8828301a5dfffff,0.0,0.0,0.0,0.0,1249505.28,1.0,0.9924
8828301a61fffff,0.0,0.0,0.0,0.0,1249908.48,1.0,0.9791
8828301a65fffff,0.0,0.0,0.0,0.0,1250369.28,1.0,1.0
8828301a69fffff,0.07143153402675687,0.0,33638.0,547.0,1249868.16,1.0,0.982
8828301a6bfffff,0.060372558598250574,0.27788303650372614,45475.0,463.0,1249839.36,1.0,0.9525
8828301a6dfffff,0.005528807390172545,0.0,17781.0,42.0,1250179.2,1.0,0.9887
8828301b41fffff,0.0,0.0,0.0,0.0,1250634.24,1.0,1.0
8828301b49fffff,0.0,0.0,0.0,0.0,1250421.12,1.0,1.0
8828301b4bfffff,0.0,0.0,0.0,0.0,1250484.48,1.0,0.9981
8828301b4dfffff,0.0,0.0,0.0,0.0,1250680.32,1.0,1.0
8828301b59fffff,0.0,0.0,0.0,0.0,1250271.36,1.0,1.0
8828301b5dfffff,0.0,0.0,0.0,0.0,1250703.36,1.0,1.0
8828305245fffff,0.9768127522973699,1.302000635122261,17902.0,7506.0,1254234.24,1.0,0.9222
8828305261fffff,26.467617377250896,5.919003115264798,1740.0,203370.0,1254539.52,1.0,0.5233
8828305263fffff,0.4076985234702123,6.106369008535785,8237.0,3132.0,1254574.08,1.0,0.9766
8828305265fffff,29.225408688386867,10.575703778848593,20310.0,224576.0,1254706.56,1.0,0.4653
8828305267fffff,6.177010650018362,3.434106251834459,18950.0,47459.0,1254758.4,1.0,0.8698
8828305269fffff,21.228193436103727,0.0,14636.0,163123.0,1254337.92,1.0,0.6576
882830526bfffff,0.6437925904156641,0.33906514894647616,23702.0,4946.0,1254366.72,1.0,0.961
882830526dfffff,13.617392502123558,1.7701963308657869,17580.0,104647.0,1254499.2,1.0,0.7044
8828305341fffff,0.08306829498882479,0.0,0.0,639.0,1255063.68,1.0,0.9959
8828305343fffff,0.0,0.0,1676.0,0.0,1255092.48,1.0,0.9884
8828305345fffff,2.267366624143026,0.0,0.0,17430.0,1255207.68,1.0,0.9507
8828305347fffff,8.741499408055946,0.0,0.0,67190.0,1255253.76,1.0,0.8303
8828305349fffff,0.04498177779001772,0.0,0.0,346.0,1254908.16,1.0,0.9941
882830534bfffff,0.03534217652728691,0.0,0.0,272.0,1254931.2,1.0,0.9965
882830534dfffff,0.4662667908820978,0.0,0.0,3585.0,1255109.76,1.0,0.9862
8828305359fffff,0.7064137225111424,0.0,12217.0,5429.0,1254879.36,1.0,0.9607
882830535bfffff,0.25015491244578064,0.0,3790.0,1922.0,1254902.4,1.0,0.9928
8828305369fffff,4.19742776781085,0.0,0.0,32269.0,1255351.68,1.0,0.9297
882830536dfffff,2.986861662109841,0.0,0.0,22964.0,1255610.88,1.0,0.8311
8828308801fffff,33.26377353427015,16.184723929659523,90323.0,255005.0,1244856.96,1.0,0.2047
8828308803fffff,50.50039559707397,45.51246655056705,73889.0,387089.0,1244903.04,1.0,0.0662
8828308805fffff,47.228197761832725,22.9735550004307,51506.0,362083.0,1245075.84,1.0,0.1125
8828308807fffff,42.261524650396574,22.383897174730205,73740.0,323960.0,1244747.52,1.0,0.2343
8828308809fffff,50.45397750937109,34.38887590558542,97027.0,386813.0,1244678.4,1.0,0.0833
882830880bfffff,30.869476684992875,15.811229762314847,14077.0,236633.0,1244643.84,1.0,0.371
882830880dfffff,46.51317768470741,24.89920121719285,56863.0,356626.0,1244649.6,1.0,0.1046
8828308811fffff,61.488512875576205,52.00656782730477,57243.0,471214.0,1244551.68,1.0,0.0589
8828308813fffff,68.96465546366274,53.1480161558565,11359.0,528433.0,1244580.48,1.0,0.1142
8828308815fffff,45.84331942221029,66.42184445892318,32653.0,351343.0,1244931.84,1.0,0.2498
8828308817fffff,63.19415207383932,56.810578301736506,31231.0,484252.0,1244995.2,1.0,0.0668
8828308819fffff,61.04726242657915,58.325092707045734,38840.0,467864.0,1244442.24,1.0,0.1264
882830881bfffff,59.1054889817682,68.72075773137053,15788.0,452919.0,1244453.76,1.0,0.1085
882830881dfffff,61.56445110916723,52.16121866074263,43413.0,471862.0,1244522.88,1.0,0.0802
8828308821fffff,37.47433169919526,29.50938299001399,84165.0,287304.0,1245427.2,1.0,0.2265
8828308823fffff,62.41627192657835,55.80483554781094,35061.0,478460.0,1245173.76,1.0,0.0793
8828308825fffff,40.01220899581009,31.125035201351732,56350.0,306783.0,1245507.84,1.0,0.1755
8828308827fffff,47.03643234092938,33.71245102307358,70163.0,360590.0,1245363.84,1.0,0.125
8828308829fffff,53.44993522117342,33.83705650459921,87005.0,409813.0,1244851.2,1.0,0.0795
882830882bfffff,45.9877514015579,32.63967196309585,75698.0,352549.0,1245242.88,1.0,0.1672
882830882dfffff,44.58443180241432,19.079614604462474,36766.0,341863.0,1245369.6,1.0,0.3021
8828308831fffff,55.96837834962369,42.091114883984154,47151.0,428942.0,1245202.56,1.0,0.0503
8828308833fffff,45.9074189742522,28.904011461318053,68602.0,351786.0,1244937.6,1.0,0.0605
8828308835fffff,61.72234197063749,56.64736036215964,37509.0,473075.0,1245277.44,1.0,0.0501
8828308837fffff,43.77292002904167,25.892116182572618,46293.0,335453.0,1245548.16,1.0,0.1401
8828308839fffff,58.91969681545167,59.20958886886552,56062.0,451592.0,1244770.56,1.0,0.0572
882830883bfffff,59.22235329493674,54.87362362362362,41547.0,453849.0,1245110.4,1.0,0.0754
882830883dfffff,53.00440797598509,39.14501632160265,78388.0,406283.0,1245306.24,1.0,0.0538
8828308841fffff,33.207110452735854,27.056713741313608,18743.0,254640.0,1244275.2,1.0,0.4771
8828308843fffff,9.1183046563624,0.37212024919513315,137249.0,69912.0,1244315.52,1.0,0.3944
8828308845fffff,58.14632611220895,31.27983781309267,60526.0,445912.0,1244615.04,1.0,0.0718
8828308847fffff,48.22032682491126,31.773797712913165,75260.0,369740.0,1244615.04,1.0,0.098
8828308849fffff,29.26857497349574,0.0,0.0,224454.0,1244177.28,1.0,0.4679
882830884bfffff,37.050531237702835,0.0,28875.0,284092.0,1244188.8,1.0,0.2395
882830884dfffff,35.22228034683419,24.412532637075717,40020.0,270131.0,1244223.36,1.0,0.3128
8828308851fffff,40.80291092244021,3.026634382566586,9228.0,312777.0,1244240.64,1.0,0.3535
8828308853fffff,47.277853392961305,0.0,0.0,362361.0,1244194.56,1.0,0.3329
8828308855fffff,34.310498858970625,6.74827369742624,17113.0,263028.0,1244350.08,1.0,0.3974
8828308857fffff,36.38644337675082,0.0,0.0,278904.0,1244401.92,1.0,0.462
8828308859fffff,34.47159817013316,69.20748486516236,6445.0,264262.0,1243998.72,1.0,0.2445
882830885bfffff,33.814255419633845,35.051546391752574,13427.0,259187.0,1244010.24,1.0,0.2611
882830885dfffff,43.77595377970363,3.2917139614074915,14723.0,335614.0,1244211.84,1.0,0.1648
8828308861fffff,36.10067548810956,28.08124132710988,32838.0,276850.0,1244966.4,1.0,0.1353
8828308863fffff,36.694425167707614,21.10728322577515,93652.0,281364.0,1245024.0,1.0,0.1175
8828308865fffff,45.70623664270449,1.841903300076746,7367.0,350538.0,1245162.24,1.0,0.1711
8828308867fffff,47.29102095572929,0.0,0.0,362641.0,1245139.2,1.0,0.2783
8828308869fffff,50.161962054604345,30.581735456613586,61517.0,384709.0,1244736.0,1.0,0.0855
882830886bfffff,44.885472158325655,26.552017889468637,79459.0,344194.0,1244511.36,1.0,0.1009
882830886dfffff,43.22166844830698,20.711143695014663,62294.0,331505.0,1244695.68,1.0,0.1591
8828308881fffff,27.640455676991273,0.0,0.0,211688.0,1244839.68,1.0,0.6245
8828308883fffff,43.2087283630155,0.0,0.0,330874.0,1244868.48,1.0,0.4103
8828308885fffff,44.946746985722086,0.0,0.0,344255.0,1244954.88,1.0,0.3806
8828308887fffff,32.89426809351303,0.0,0.0,251908.0,1244972.16,1.0,0.5058
8828308889fffff,18.75341286662286,25.839047275351856,11837.0,143635.0,1244701.44,1.0,0.5733
882830888bfffff,34.99583526145303,0.0,0.0,268001.0,1244736.0,1.0,0.4067
882830888dfffff,60.257644184496925,0.0,0.0,461556.0,1244805.12,1.0,0.184
8828308891fffff,47.222954870413815,0.0,0.0,361536.0,1244799.36,1.0,0.3378
8828308893fffff,63.599515079724966,0.0,0.0,486846.0,1244839.68,1.0,0.1032
8828308895fffff,28.555036320732892,0.0,0.0,218631.0,1244908.8,1.0,0.5546
8828308897fffff,21.069434098448642,0.0,0.0,161295.0,1244926.08,1.0,0.6873
8828308899fffff,38.04660203160793,0.0,0.0,291303.0,1244649.6,1.0,0.1916
882830889bfffff,22.356784873039597,0.0,0.0,171150.0,1244684.16,1.0,0.3321
882830889dfffff,26.847010263481806,0.0,0.0,205568.0,1244770.56,1.0,0.5569
88283088a1fffff,31.226795019396242,0.0,0.0,239172.0,1245767.04,1.0,0.4721
88283088a3fffff,36.34190215908512,0.0,0.0,278311.0,1245594.24,1.0,0.4995
88283088a5fffff,45.6041592465991,0.0,0.0,349316.0,1245271.68,1.0,0.302
88283088a7fffff,59.32203389830508,64.85507246376811,2235.0,454328.0,1245853.44,1.0,0.1014
88283088a9fffff,19.595066432968142,0.0,0.0,150093.0,1245502.08,1.0,0.5676
88283088abfffff,59.132542604962715,0.0,0.0,452876.0,1245150.72,1.0,0.1134
88283088adfffff,14.896608499794189,0.0,0.0,114112.0,1245409.92,1.0,0.7924
88283088b1fffff,65.66592497675472,0.0,0.0,502772.0,1245156.48,1.0,0.1109
88283088b3fffff,50.3575194716297,0.0,0.0,385509.0,1245381.12,1.0,0.3335
88283088b5fffff,33.560446269982236,0.0,0.0,256974.0,1245265.92,1.0,0.4189
88283088b7fffff,13.179305719373712,0.0,0.0,100901.0,1245283.2,1.0,0.7854
88283088b9fffff,47.54103669707793,0.0,0.0,364024.0,1245012.48,1.0,0.1344
88283088bbfffff,47.121741343017746,0.0,0.0,360762.0,1245052.8,1.0,0.3439
88283088bdfffff,42.933274120128786,0.0,0.0,328765.0,1245127.68,1.0,0.2211
88283088c1fffff,48.63488889814545,89.68145929757692,2183.0,372580.0,1244522.88,1.0,0.3457
88283088c3fffff,52.81689814921947,0.0,0.0,404561.0,1244568.96,1.0,0.288
88283088c5fffff,67.87823253919773,80.43939101946424,5846.0,520036.0,1244643.84,1.0,0.1829
88283088c7fffff,46.75410018140758,49.88603988603988,10132.0,358147.0,1244666.88,1.0,0.3483
88283088c9fffff,44.44465019814081,65.6782334384858,3133.0,340503.0,1244206.08,1.0,0.2173
88283088cbfffff,60.24911707391583,76.8196433791289,4568.0,461521.0,1244407.68,1.0,0.1455
88283088cdfffff,48.41198578146407,90.73490177055542,2200.0,370924.0,1244482.56,1.0,0.3158
88283088d1fffff,22.053541674380718,0.0,0.0,168887.0,1244482.56,1.0,0.0849
88283088d3fffff,52.847985559900955,0.0,0.0,404657.0,1244534.4,1.0,0.0462
88283088d5fffff,35.871803771838486,0.0,0.0,274728.0,1244592.0,1.0,0.4082
88283088d7fffff,33.82450262167778,0.0,0.0,259013.0,1244638.08,1.0,0.1941
88283088d9fffff,65.55942842065795,45.98067966189408,36075.0,502093.0,1244350.08,1.0,0.0413
88283088dbfffff,66.09454774369442,35.046728971962615,42434.0,506120.0,1244384.64,1.0,0.056
88283088ddfffff,52.09070038694389,65.94907886565929,9475.0,398970.0,1244459.52,1.0,0.1733
88283088e1fffff,16.155159095429504,6.982703395259449,16727.0,123770.0,1245260.16,1.0,0.658
88283088e3fffff,4.231242540040897,0.0,0.0,32412.0,1245047.04,1.0,0.8414
88283088e5fffff,53.06302763964381,54.90287078167473,39180.0,406562.0,1245168.0,1.0,0.1009
88283088e7fffff,32.80965286320794,12.196180555555555,11652.0,251348.0,1245461.76,1.0,0.5275
88283088e9fffff,33.81289970291257,20.244762497407176,22147.0,259069.0,1244724.48,1.0,0.4456
88283088ebfffff,36.16205085490849,16.752577319587626,1860.0,277030.0,1244764.8,1.0,0.3515
88283088edfffff,48.79847166520957,35.37598878542105,37175.0,373913.0,1245214.08,1.0,0.1484
8828308901fffff,22.994064019823586,20.02927867979771,69224.0,176363.0,1245934.08,1.0,0.5008
8828308903fffff,54.16083027067009,47.9661183886536,30430.0,415353.0,1245974.4,1.0,0.2173
8828308905fffff,23.58150865077494,16.126087750258623,79390.0,180882.0,1246112.64,1.0,0.4612
8828308907fffff,24.27823948674808,26.709245105224582,40320.0,186200.0,1246152.96,1.0,0.4721
8828308909fffff,49.84394723335784,38.79744384198296,72818.0,382327.0,1245732.48,1.0,0.1286
882830890bfffff,21.194692311248787,11.994685898652497,133546.0,162551.0,1245830.4,1.0,0.324
882830890dfffff,40.30410340810326,27.745938725384583,96584.0,309173.0,1245934.08,1.0,0.1431
8828308911fffff,34.58823203066126,5.359477124183006,8340.0,265197.0,1245882.24,1.0,0.2998
8828308913fffff,49.57742702062933,0.0,0.0,380070.0,1245853.44,1.0,0.2089
8828308915fffff,57.19700997138485,0.0,0.0,438576.0,1245997.44,1.0,0.2066
8828308917fffff,69.56407174556213,37.09428129829985,2344.0,533329.0,1246003.2,1.0,0.1317
8828308919fffff,47.99938955020949,21.278005299927727,75289.0,368049.0,1245507.84,1.0,0.1421
882830891bfffff,41.084565198292886,32.226787181594084,47508.0,314984.0,1245720.96,1.0,0.2212
882830891dfffff,37.66108262319035,27.450069670227588,53983.0,288798.0,1245720.96,1.0,0.1967
8828308921fffff,25.650397863275508,15.841843414506416,74051.0,196751.0,1246498.56,1.0,0.2457
8828308923fffff,19.67107056871797,7.181129116570831,81821.0,150866.0,1246458.24,1.0,0.3381
8828308925fffff,24.105715473825256,18.9034978913421,131806.0,184916.0,1246636.8,1.0,0.1467
8828308927fffff,18.683527226693524,9.407787363021683,134283.0,143302.0,1246705.92,1.0,0.2257
8828308929fffff,18.22391895139672,12.795048934945308,69800.0,139796.0,1246256.64,1.0,0.4205
882830892bfffff,19.700526850910435,13.910527487202314,66839.0,151102.0,1246348.8,1.0,0.4136
882830892dfffff,30.18719703516125,24.91136965097119,86619.0,231583.0,1246481.28,1.0,0.1781
8828308931fffff,27.393721492312455,29.42152336987882,56362.0,210050.0,1246400.64,1.0,0.2793
8828308933fffff,40.04159445407279,33.95165823496346,47376.0,306989.0,1246320.0,1.0,0.2161
8828308935fffff,29.4930918164595,21.57900306910784,85363.0,226164.0,1246521.6,1.0,0.2056
8828308937fffff,20.80838046652619,29.271613342409804,47877.0,159544.0,1246510.08,1.0,0.4212
8828308939fffff,54.68996279091266,30.381078985266424,72397.0,419382.0,1246147.2,1.0,0.103
882830893bfffff,52.129945878992636,42.34800838574424,23760.0,399695.0,1246273.92,1.0,0.2363
882830893dfffff,26.185535564911568,25.755824563537928,70301.0,200814.0,1246343.04,1.0,0.3352
8828308941fffff,44.66513748739814,23.91304347826087,54835.0,342674.0,1245530.88,1.0,0.2125
8828308943fffff,38.14698524413534,26.04904344149667,80600.0,292625.0,1245617.28,1.0,0.1883
8828308945fffff,26.418828316456285,21.93311796035973,51500.0,202701.0,1245715.2,1.0,0.4158
8828308947fffff,49.02437671080861,33.7270534967272,77564.0,376092.0,1245726.72,1.0,0.1018
8828308949fffff,16.624421831637374,26.65813358156854,36305.0,127552.0,1245312.0,1.0,0.5941
882830894bfffff,31.388319743213806,16.820631254811396,12447.0,240796.0,1245375.36,1.0,0.5742
882830894dfffff,41.271221321444926,14.889139807021145,95518.0,316680.0,1245502.08,1.0,0.1998
8828308951fffff,55.85122621349343,44.025982137280614,51621.0,428345.0,1245277.44,1.0,0.1185
8828308953fffff,30.76656276880104,18.58979067205288,63844.0,235928.0,1245530.88,1.0,0.3509
8828308955fffff,34.75124171036932,24.826375029935342,108484.0,266539.0,1245507.84,1.0,0.1787
8828308957fffff,28.562907476765155,21.40532486374152,115453.0,219045.0,1245715.2,1.0,0.2843
8828308959fffff,47.22941720629047,13.123587693377367,28788.0,362245.0,1245312.0,1.0,0.1964
882830895bfffff,33.004714166092235,23.52941176470588,75.0,253108.0,1245064.32,1.0,0.5431
882830895dfffff,57.56681635503429,41.868492845609936,60140.0,441564.0,1245467.52,1.0,0.1007
8828308961fffff,35.337296267877115,20.594206293433277,117153.0,271130.0,1246106.88,1.0,0.1324
8828308963fffff,28.846340527622278,16.65507994835634,96676.0,221296.0,1246055.04,1.0,0.2547
8828308965fffff,32.39982805877432,25.285141194053327,109423.0,248609.0,1246193.28,1.0,0.2261
8828308967fffff,14.59609100950673,9.82169538798685,104291.0,111983.0,1246308.48,1.0,0.3367
8828308969fffff,37.88980688233091,29.807005003573984,50907.0,290734.0,1245847.68,1.0,0.2524
882830896bfffff,47.18291301634267,31.892131729441925,79574.0,361991.0,1245916.8,1.0,0.1633
882830896dfffff,31.54858482062376,19.429108902793114,113484.0,242094.0,1246078.08,1.0,0.1953
8828308981fffff,42.24669868224614,0.0,0.0,323713.0,1246193.28,1.0,0.4827
8828308983fffff,27.195906121864066,0.0,0.0,208358.0,1246020.48,1.0,0.6464
8828308985fffff,12.56083976204893,0.0,0.0,96254.0,1246158.72,1.0,0.809
8828308987fffff,32.770181283820314,0.0,0.0,251083.0,1246469.76,1.0,0.5976
8828308989fffff,34.0708680714507,28.87963663890992,10823.0,261084.0,1245663.36,1.0,0.5722
882830898bfffff,30.639562562687484,0.0,0.0,234758.0,1246181.76,1.0,0.5767
882830898dfffff,39.3646919606538,0.0,0.0,301672.0,1246095.36,1.0,0.5329
8828308991fffff,26.816280306006888,23.074572127139366,43494.0,205406.0,1246089.6,1.0,0.5406
8828308993fffff,16.7574138441059,33.21194464675892,10564.0,128340.0,1246187.52,1.0,0.5905
8828308995fffff,31.490535694480386,26.033519553072626,15252.0,241227.0,1246417.92,1.0,0.5204
8828308997fffff,24.87274206747329,17.71053745239103,22401.0,190506.0,1245847.68,1.0,0.5839
8828308999fffff,50.36517944640645,32.25100328347318,21393.0,385812.0,1246072.32,1.0,0.2408
882830899bfffff,63.5657409205671,16.584158415841586,3882.0,486864.0,1245646.08,1.0,0.1619
882830899dfffff,46.56602552247087,14.500197550375345,24929.0,356735.0,1245772.8,1.0,0.3783
88283089a1fffff,60.49358761133903,18.403247631935045,3473.0,463563.0,1246786.56,1.0,0.1926
88283089a3fffff,51.36217874668466,43.77281947261663,7983.0,393534.0,1246567.68,1.0,0.2518
88283089a5fffff,30.97381928050375,43.927648578811365,1250.0,237370.0,1246792.32,1.0,0.5723
88283089a7fffff,28.162825938314267,55.03517587939698,12885.0,215797.0,1246763.52,1.0,0.5555
88283089a9fffff,27.807022003262823,0.0,0.0,213100.0,1246331.52,1.0,0.6085
88283089abfffff,41.70582391942153,0.0,0.0,319570.0,1246665.6,1.0,0.4393
88283089adfffff,63.68013455567056,0.0,0.0,488050.0,1246556.16,1.0,0.1652
88283089b1fffff,51.48991018959973,0.0,0.0,394430.0,1246786.56,1.0,0.3092
88283089b3fffff,51.09670203719451,29.081050228310502,14314.0,391363.0,1246325.76,1.0,0.2751
88283089b5fffff,42.340402925157186,23.180175529168817,34284.0,324364.0,1246849.92,1.0,0.322
88283089b7fffff,53.85109410808013,25.853489179493117,36904.0,412489.0,1246648.32,1.0,0.2706
88283089b9fffff,44.675501157851436,0.0,939.0,342253.0,1246170.24,1.0,0.4323
88283089bbfffff,13.157031361911937,0.3527336860670194,42307.0,100780.0,1246515.84,1.0,0.7784
88283089bdfffff,44.204844277864304,0.0,0.0,338671.0,1246343.04,1.0,0.4343
88283089c1fffff,52.37833162984511,58.205613914241425,13980.0,401458.0,1245444.48,1.0,0.2094
88283089c3fffff,54.19174687710928,31.746031746031743,20805.0,415299.0,1245922.56,1.0,0.3166
88283089c5fffff,58.18554203498909,0.0,0.0,445999.0,1245864.96,1.0,0.1906
88283089c7fffff,72.4677005570065,36.241610738255034,3830.0,555396.0,1246089.6,1.0,0.1151
88283089c9fffff,48.38899113112799,36.22222222222222,41328.0,370907.0,1245669.12,1.0,0.2229
88283089cbfffff,51.52704940018683,24.131736526946106,43788.0,394905.0,1245507.84,1.0,0.2009
88283089cdfffff,51.599733685952856,21.98001816530427,4948.0,395545.0,1245807.36,1.0,0.2479
88283089d1fffff,32.51005594340931,0.0,0.0,249089.0,1245830.4,1.0,0.486
88283089d3fffff,38.985119900860994,0.0,0.0,298658.0,1245669.12,1.0,0.3738
88283089d5fffff,36.109030378693305,1.5270326042096576,13743.0,276683.0,1245715.2,1.0,0.4831
88283089d7fffff,29.166358390056228,6.457990115321252,16353.0,223454.0,1245634.56,1.0,0.533
88283089d9fffff,53.68625020810596,34.42871587462083,22412.0,411367.0,1245519.36,1.0,0.2134
88283089dbfffff,36.09524117927343,22.926401869158877,15201.0,276538.0,1245121.92,1.0,0.5017
88283089ddfffff,50.762677372208756,15.949119373776908,14844.0,388993.0,1245381.12,1.0,0.3462
88283089e1fffff,60.80194129882135,0.0,0.0,466055.0,1246176.0,1.0,0.2737
88283089e3fffff,32.49283667621776,0.0,0.0,249027.0,1246348.8,1.0,0.5922
88283089e5fffff,64.0720887245841,0.0,0.0,491156.0,1246464.0,1.0,0.1874
88283089e7fffff,58.34284525982578,0.0,0.0,447175.0,1246435.2,1.0,0.2828
88283089e9fffff,63.136558826656305,0.0,0.0,483984.0,1246112.64,1.0,0.2064
88283089ebfffff,52.032080617575005,0.0,0.0,398805.0,1246060.8,1.0,0.3453
88283089edfffff,44.24255590581753,0.0,0.0,339173.0,1246152.96,1.0,0.4294
8828308a05fffff,47.67657303787149,30.83129666209113,119002.0,365695.0,1243514.88,1.0,0.0439
8828308a21fffff,78.07766927354642,56.405823475887175,27596.0,598884.0,1243969.92,1.0,0.0738
8828308a23fffff,71.48499356404011,75.62326869806094,4055.0,548240.0,1244010.24,1.0,0.1096
8828308a25fffff,40.498810152133856,62.36603462489695,5259.0,310663.0,1244125.44,1.0,0.3278
8828308a27fffff,30.825285419309438,0.0,0.0,236425.0,1244148.48,1.0,0.5276
8828308a29fffff,85.19537419124764,0.0,0.0,653524.0,1243693.44,1.0,0.0162
8828308a2bfffff,61.213053103492996,40.76314748912614,86291.0,469493.0,1243687.68,1.0,0.0499
8828308a2dfffff,87.79814687047079,58.08289679257421,26271.0,673538.0,1243923.84,1.0,0.0147
8828308a31fffff,59.44018706734887,28.776978417266186,78123.0,455768.0,1243958.4,1.0,0.0368
8828308a33fffff,56.789894799229515,34.07076404658999,51840.0,435386.0,1243975.68,1.0,0.0329
8828308a35fffff,52.49469853410995,0.0,0.0,402541.0,1244033.28,1.0,0.2047
8828308a37fffff,40.124548569311976,43.80530973451327,732.0,307641.0,1244044.8,1.0,0.2987
8828308a3dfffff,62.745670093544504,43.15538194444444,75439.0,481181.0,1243814.4,1.0,0.0165
8828308a61fffff,85.00294105386992,52.86032689450223,7309.0,652183.0,1243635.84,1.0,0.042
8828308a63fffff,81.19141131572121,43.299492385786806,12868.0,622852.0,1243653.12,1.0,0.0357
8828308a65fffff,92.2589191016752,0.0,0.0,707905.0,1243658.88,1.0,0.0097
8828308a67fffff,89.43904630461564,0.0,0.0,686172.0,1243687.68,1.0,0.0147
8828308aa1fffff,43.94586234997778,12.876884422110551,15978.0,336752.0,1243975.68,1.0,0.1147
8828308aa3fffff,67.29379187716187,42.22591976335737,18000.0,515592.0,1243923.84,1.0,0.0788
8828308aa5fffff,37.32640174801867,23.127656456104354,30211.0,286048.0,1244252.16,1.0,0.2466
8828308aa7fffff,42.86018498801003,24.207920792079207,8819.0,328410.0,1244240.64,1.0,0.1793
8828308aadfffff,56.399381407021224,23.104371097234612,34756.0,432242.0,1244010.24,1.0,0.1229
8828308ab1fffff,37.94232167081036,29.112799763150104,124122.0,290645.0,1244108.16,1.0,0.0469
8828308ab3fffff,35.404080385539494,24.03891509433962,148412.0,271164.0,1244211.84,1.0,0.0179
8828308ab5fffff,44.68711656441718,52.27424749163879,16439.0,342336.0,1244016.0,1.0,0.3102
8828308ab7fffff,60.836276611010554,48.03265097889165,46938.0,465985.0,1244327.04,1.0,0.108
8828308abdfffff,41.97518284012432,28.788201091966247,57848.0,321583.0,1243578.24,1.0,0.1871
8828308ae5fffff,48.312551799497164,21.788068821353914,56033.0,370342.0,1244027.52,1.0,0.0719
8828308ae7fffff,37.28990915741418,26.39408161641874,53297.0,285807.0,1244033.28,1.0,0.0769
8828308b01fffff,27.499861144539278,7.604398319743019,86152.0,211023.0,1244459.52,1.0,0.2873
8828308b03fffff,20.279519633477566,3.0105206366333963,103548.0,155596.0,1244649.6,1.0,0.2445
8828308b05fffff,30.360216944634693,5.885869565217392,99746.0,232989.0,1244689.92,1.0,0.2364
8828308b07fffff,26.745143766715714,7.011336085446564,81740.0,205218.0,1244816.64,1.0,0.2947
8828308b09fffff,17.689259992964658,5.327422051021149,150060.0,135750.0,1244459.52,1.0,0.2738
8828308b0bfffff,16.021181360772825,5.794085432639649,99084.0,122932.0,1244384.64,1.0,0.3516
8828308b0dfffff,17.042919686409537,8.48759602065231,41858.0,130799.0,1244609.28,1.0,0.524
8828308b11fffff,34.31562675010067,16.939703652990364,97834.0,263233.0,1244499.84,1.0,0.1692
8828308b13fffff,42.19967787918618,22.575270736641677,74949.0,323666.0,1244551.68,1.0,0.1618
8828308b15fffff,18.46650068951475,5.11669658886894,60883.0,141665.0,1244701.44,1.0,0.439
8828308b17fffff,28.05203098536802,11.941067381001442,49231.0,215171.0,1244747.52,1.0,0.3837
8828308b19fffff,38.72520656375124,13.85009609224856,38730.0,297079.0,1244361.6,1.0,0.2931
8828308b1bfffff,38.51288484416444,14.826546003016592,32527.0,295409.0,1244327.04,1.0,0.2355
8828308b1dfffff,23.6206074465672,5.909943714821764,115546.0,181217.0,1244269.44,1.0,0.2216
8828308b21fffff,30.843923041694232,34.710878797778506,23023.0,236702.0,1245133.44,1.0,0.4801
8828308b23fffff,14.522552860797203,0.0,2707.0,111433.0,1245202.56,1.0,0.6727
8828308b25fffff,34.836283574702705,11.483379319406122,38805.0,267359.0,1245294.72,1.0,0.2776
8828308b27fffff,33.18748207694656,27.88652846415506,64719.0,254669.0,1245323.52,1.0,0.3123
8828308b29fffff,39.58941567845427,14.34166488642028,69287.0,303837.0,1244914.56,1.0,0.2577
8828308b2bfffff,21.218822723844863,3.6781981690026737,68481.0,162826.0,1244983.68,1.0,0.4342
8828308b2dfffff,20.00897470890023,0.0,0.0,153574.0,1245098.88,1.0,0.6955
8828308b31fffff,18.84072053563579,10.083072936513986,67956.0,144537.0,1244833.92,1.0,0.4089
8828308b33fffff,22.297525478458386,3.3559186927062576,69834.0,171032.0,1245098.88,1.0,0.2953
8828308b35fffff,9.439679499634533,6.575091575091576,29382.0,72422.0,1245093.12,1.0,0.7038
8828308b37fffff,26.33874675634046,10.494079216006533,75756.0,202044.0,1245260.16,1.0,0.3668
8828308b39fffff,39.88377257921232,21.27046345400046,39335.0,305989.0,1244897.28,1.0,0.3059
8828308b3bfffff,42.874990167454044,13.741935483870968,30804.0,328892.0,1244845.44,1.0,0.212
8828308b3dfffff,10.637323389805417,4.552694451818423,82840.0,81616.0,1245047.04,1.0,0.5601
8828308b41fffff,21.376523091737344,2.908917501192179,82092.0,164080.0,1244206.08,1.0,0.347
8828308b43fffff,31.85843575677615,15.546183742661043,58827.0,244503.0,1244246.4,1.0,0.3681
8828308b45fffff,20.98010535183625,5.321332701721143,69074.0,161049.0,1244378.88,1.0,0.433
8828308b47fffff,20.288459758197405,7.353788994939466,83307.0,155718.0,1244413.44,1.0,0.3605
8828308b49fffff,80.20115115509105,43.946188340807176,2880.0,615644.0,1243912.32,1.0,0.0229
8828308b4bfffff,59.12424643707113,0.0,0.0,453789.0,1244010.24,1.0,0.2243
8828308b4dfffff,34.776710895471254,5.471606982681294,78912.0,266974.0,1244148.48,1.0,0.2546
8828308b51fffff,60.05954144751463,0.0,0.0,460840.0,1244067.84,1.0,0.1168
8828308b53fffff,40.161209674432385,35.0187265917603,11992.0,308116.0,1244113.92,1.0,0.3114
8828308b55fffff,27.599375992371183,11.177596936333174,42751.0,211786.0,1244292.48,1.0,0.41
8828308b57fffff,31.147495451957397,5.576294913672422,23311.0,238980.0,1244315.52,1.0,0.3965
8828308b59fffff,83.10210696920583,79.51349296845306,3105.0,637690.0,1243872.0,1.0,0.0131
8828308b5bfffff,88.41090422453034,66.76862180640518,10639.0,678333.0,1243889.28,1.0,0.0031
8828308b5dfffff,60.76007389607323,45.93984962406015,12424.0,466280.0,1244039.04,1.0,0.1796
8828308b61fffff,19.876262135473063,16.084977238239755,12741.0,152576.0,1244747.52,1.0,0.6697
8828308b63fffff,41.42253605852657,14.164051994621246,11030.0,317927.0,1244776.32,1.0,0.3738
8828308b65fffff,55.03898207056102,68.1393372982158,6480.0,422526.0,1244880.0,1.0,0.293
8828308b67fffff,51.25063619118123,38.17472360719705,16428.0,393388.0,1244908.8,1.0,0.3537
8828308b69fffff,30.44949228476484,14.52698568106719,40228.0,233755.0,1244540.16,1.0,0.4087
8828308b6bfffff,12.623803617379714,5.121679656433911,34358.0,96897.0,1244551.68,1.0,0.5872
8828308b6dfffff,45.53435079178506,0.0,0.0,349584.0,1244701.44,1.0,0.3945
8828308c01fffff,4.549370935166484,5.138559386199586,216495.0,34790.0,1243445.76,1.0,0.1109
8828308c03fffff,3.9655244240569902,3.315240083507307,133379.0,30321.0,1244373.12,1.0,0.3329
8828308c05fffff,4.401738478414819,4.542937902497305,188686.0,33664.0,1244453.76,1.0,0.13
8828308c07fffff,3.6966754451330424,1.481519719182325,219859.0,28268.0,1244499.84,1.0,0.0602
8828308c09fffff,5.812526909846804,5.349085882690452,209042.0,44453.0,1244154.24,1.0,0.1244
8828308c0bfffff,3.0160090818525127,1.5440478916549447,173359.0,23063.0,1243094.4,1.0,0.2816
8828308c0dfffff,3.8319072489535873,2.3983642049554965,233700.0,29308.0,1244021.76,1.0,0.0846
8828308c11fffff,1.635189235274493,0.4859086491739553,5898.0,12500.0,1243100.16,1.0,0.8624
8828308c13fffff,0.00925793057477862,0.0,0.0,71.0,1244338.56,1.0,0.9874
8828308c15fffff,10.38554909010044,2.9359552096135464,163768.0,79399.0,1243284.48,1.0,0.3016
8828308c17fffff,1.4057842211483271,1.0869565217391304,27256.0,10746.0,1244367.36,1.0,0.7729
8828308c19fffff,0.7752117476532941,0.0,7897.0,5927.0,1243820.16,1.0,0.7872
8828308c1bfffff,0.0018530529046604282,0.0,0.0,14.0,1243353.6,1.0,0.9491
8828308c1dfffff,1.875743561968512,1.5478223740392827,53124.0,14341.0,1244280.96,1.0,0.6702
8828308c21fffff,16.900971341488834,7.7590842744103865,69160.0,129256.0,1243509.12,1.0,0.3476
8828308c23fffff,10.710782045349374,4.086043998187079,158463.0,81903.0,1244736.0,1.0,0.2212
8828308c25fffff,20.611630134514208,7.354253420582986,71764.0,157646.0,1244799.36,1.0,0.2251
8828308c27fffff,11.576136999865813,1.4502554854223022,151085.0,88527.0,1244833.92,1.0,0.148
8828308c29fffff,7.0885419800339715,7.332215363756378,149599.0,54216.0,1244545.92,1.0,0.2205
8828308c2bfffff,8.376297009357906,1.5332599465324737,144265.0,64056.0,1244586.24,1.0,0.1489
8828308c2dfffff,30.435788626088083,12.412353265579453,128074.0,232801.0,1244684.16,1.0,0.099
8828308c31fffff,7.139221058087446,2.915621640988893,124860.0,54580.0,1244666.88,1.0,0.3196
8828308c33fffff,1.6437519378410024,0.5029013539651838,29629.0,12565.0,1244684.16,1.0,0.746
8828308c35fffff,6.057703431202425,4.09965726337991,209520.0,46315.0,1244764.8,1.0,0.1498
8828308c37fffff,2.85268749537277,1.425635194822233,129836.0,21808.0,1244805.12,1.0,0.3463
8828308c39fffff,5.375581960947814,2.120106005300265,112752.0,41100.0,1243382.4,1.0,0.3291
8828308c3bfffff,4.9426542872747135,2.5721737566327905,62398.0,37785.0,1244494.08,1.0,0.6035
8828308c3dfffff,10.604432256151794,1.6102131788822514,186889.0,81084.0,1243422.72,1.0,0.0903
8828308c41fffff,3.6194315101813888,2.0707457521345702,198852.0,27686.0,1243209.6,1.0,0.2501
8828308c43fffff,3.392107006062627,2.3240110292048843,199964.0,25944.0,1243658.88,1.0,0.1226
8828308c45fffff,3.7434716320108996,1.9147060444101602,205073.0,28637.0,1242944.64,1.0,0.1621
8828308c47fffff,3.7716894131590157,2.753328266359379,228465.0,28849.0,1244183.04,1.0,0.148
8828308c49fffff,2.3687683793734227,1.5616835994194485,97667.0,18121.0,1243785.6,1.0,0.4158
8828308c4bfffff,2.103365663100043,0.8081226688769167,55146.0,16088.0,1242990.72,1.0,0.4188
8828308c4dfffff,6.724852413473783,3.3299397641469413,131265.0,51448.0,1244016.0,1.0,0.322
8828308c51fffff,2.53254306250029,1.198479976615025,38938.0,19366.0,1242956.16,1.0,0.5631
8828308c53fffff,1.1197140052234797,0.0,4631.0,8561.0,1243860.48,1.0,0.4569
8828308c55fffff,3.782865029339434,2.706722189173111,188410.0,28929.0,1243704.96,1.0,0.1457
8828308c57fffff,1.4593062041360907,0.0,19728.0,11158.0,1243330.56,1.0,0.6365
8828308c59fffff,11.329168731216456,12.666027154663517,136345.0,86637.0,1243854.72,1.0,0.2594
8828308c5bfffff,7.577358770417339,8.924010986363417,108870.0,57938.0,1242708.48,1.0,0.2821
8828308c5dfffff,2.7199636905919733,4.159002656856734,54023.0,20802.0,1243710.72,1.0,0.3563
8828308c61fffff,5.2000351791591255,2.996204269523784,207556.0,39780.0,1244373.12,1.0,0.1041
8828308c63fffff,6.828764298984883,4.158913511031633,228442.0,52233.0,1243221.12,1.0,0.0438
8828308c65fffff,12.406706478079785,5.08350052276131,193478.0,94918.0,1243301.76,1.0,0.1017
8828308c67fffff,7.384848933649289,4.863017699631988,187620.0,56490.0,1244528.64,1.0,0.1352
8828308c69fffff,3.5772538552787663,1.5547043486657868,176164.0,27368.0,1243054.08,1.0,0.1825
8828308c6bfffff,6.371139842885645,4.229331606675104,187430.0,48736.0,1244280.96,1.0,0.1637
8828308c6dfffff,7.834914110344253,3.69752571587434,159621.0,59945.0,1244350.08,1.0,0.2051
8828308c81fffff,0.0,0.0,0.0,0.0,1243411.2,1.0,1.0
8828308c83fffff,0.0,0.0,0.0,0.0,1244632.32,1.0,1.0
8828308c85fffff,0.0,0.0,0.0,0.0,1244350.08,1.0,1.0
8828308c87fffff,0.0,0.0,0.0,0.0,1243814.4,1.0,1.0
8828308c89fffff,0.0,0.0,0.0,0.0,1243537.92,1.0,1.0
8828308c8bfffff,0.0,0.0,0.0,0.0,1244171.52,1.0,1.0
8828308c8dfffff,0.0,0.0,0.0,0.0,1244557.44,1.0,1.0
8828308c95fffff,0.0,0.0,0.0,0.0,1243681.92,1.0,1.0
8828308c9dfffff,0.0,0.0,0.0,0.0,1243647.36,1.0,1.0
8828308ca1fffff,0.0,0.0,0.0,0.0,1244568.96,1.0,1.0
8828308ca3fffff,0.0,0.0,0.0,0.0,1244044.8,1.0,1.0
8828308ca5fffff,0.09669613816906557,0.0,0.0,739.0,1244972.16,1.0,0.997
8828308ca7fffff,0.0,0.0,0.0,0.0,1243860.48,1.0,1.0
8828308ca9fffff,0.0,0.0,0.0,0.0,1244810.88,1.0,1.0
8828308cabfffff,0.0,0.0,0.0,0.0,1243923.84,1.0,1.0
8828308cadfffff,0.0,0.0,0.0,0.0,1244891.52,1.0,1.0
8828308cb1fffff,0.0,0.0,0.0,0.0,1244793.6,1.0,1.0
8828308cb5fffff,0.0,0.0,0.0,0.0,1244966.4,1.0,1.0
8828308cb7fffff,0.0,0.0,0.0,0.0,1244695.68,1.0,1.0
8828308cb9fffff,0.0,0.0,0.0,0.0,1244718.72,1.0,1.0
8828308cbbfffff,0.0,0.0,0.0,0.0,1243676.16,1.0,1.0
8828308cbdfffff,0.0,0.0,0.0,0.0,1244482.56,1.0,1.0
8828308cc1fffff,0.0,0.0,0.0,0.0,1243491.84,1.0,1.0
8828308cc3fffff,0.0,0.0,0.0,0.0,1243710.72,1.0,1.0
8828308cc5fffff,0.0,0.0,0.0,0.0,1243296.0,1.0,0.9903
8828308cc7fffff,0.0,0.0,0.0,0.0,1244298.24,1.0,1.0
8828308cc9fffff,14.063339944760598,9.661518238580348,15834.0,107478.0,1242938.88,1.0,0.6845
8828308ccbfffff,4.616916344439556,11.93029490616622,11353.0,35279.0,1243843.2,1.0,0.6638
8828308ccdfffff,0.0,0.0,0.0,0.0,1243820.16,1.0,0.9964
8828308cd5fffff,0.0,0.0,0.0,0.0,1243739.52,1.0,1.0
8828308cd7fffff,0.0,0.0,0.0,0.0,1243555.2,1.0,1.0
8828308cddfffff,0.6666574011016757,4.406130268199234,5748.0,5093.0,1243313.28,1.0,0.9657
8828308ce1fffff,0.0,0.0,0.0,0.0,1243440.0,1.0,0.9997
8828308ce3fffff,0.0,0.0,0.0,0.0,1244643.84,1.0,1.0
8828308ce5fffff,0.3278779627108283,0.0,5737.0,2506.0,1243779.84,1.0,0.9508
8828308ce7fffff,0.0,0.0,0.0,0.0,1244511.36,1.0,1.0
8828308ce9fffff,0.31433584400794407,0.0,0.0,2402.0,1244223.36,1.0,0.9309
8828308cebfffff,0.0,0.0,0.0,0.0,1243578.24,1.0,1.0
8828308cedfffff,0.40495385840036285,0.09927200529450694,17389.0,3095.0,1244586.24,1.0,0.8771
8828308d01fffff,23.982698001480387,10.990798922800717,91382.0,183495.0,1245081.6,1.0,0.2264
8828308d03fffff,16.649626425481713,5.199849642901892,130740.0,127371.0,1245052.8,1.0,0.1878
8828308d05fffff,39.42033275822992,6.575460210586634,75128.0,301632.0,1245271.68,1.0,0.0964
8828308d07fffff,23.427265662583725,3.7112532508610387,78906.0,179233.0,1245219.84,1.0,0.1833
8828308d09fffff,26.070260341724538,11.052195526097764,30920.0,199481.0,1244960.64,1.0,0.1584
8828308d0bfffff,33.66752566587861,12.64523101864361,37244.0,257576.0,1244983.68,1.0,0.1505
8828308d0dfffff,26.60652742118289,7.151692342291691,95121.0,203598.0,1245110.4,1.0,0.1911
8828308d11fffff,24.37949045352135,8.85722593777261,90271.0,186465.0,1245041.28,1.0,0.1278
8828308d13fffff,17.58196512752187,6.481007950160397,115862.0,134456.0,1245075.84,1.0,0.274
8828308d15fffff,16.25692793101215,6.132220009192585,141160.0,124349.0,1245047.04,1.0,0.1527
8828308d17fffff,18.933846488326804,9.563773449421058,116070.0,144804.0,1245191.04,1.0,0.12
8828308d19fffff,26.120853190209598,7.136731193334967,87316.0,199797.0,1244908.8,1.0,0.1321
8828308d1bfffff,17.964166137972875,5.491781894077746,41731.0,137388.0,1243820.16,1.0,0.4343
8828308d1dfffff,25.498505639706494,6.477940490625874,115505.0,195051.0,1245000.96,1.0,0.1038
8828308d21fffff,48.0230874891893,16.02550010991427,22003.0,367458.0,1245432.96,1.0,0.2894
8828308d23fffff,26.523297491039425,7.6650140954602906,109423.0,202920.0,1245456.0,1.0,0.1668
8828308d25fffff,15.995190529041805,39.85330073349633,1417.0,122399.0,1245542.4,1.0,0.6967
8828308d27fffff,12.519595828805292,4.3827553293032135,69241.0,95790.0,1245571.2,1.0,0.4679
8828308d29fffff,41.03074090862836,1.3895321908290876,24526.0,313976.0,1245277.44,1.0,0.2346
8828308d2bfffff,56.88939868368107,1.3771996939556235,22274.0,435269.0,1245363.84,1.0,0.0921
8828308d2dfffff,16.023456179214087,5.891783567134269,27049.0,122624.0,1245502.08,1.0,0.613
8828308d31fffff,39.20560185741904,6.82284811792577,101946.0,299884.0,1245392.64,1.0,0.0961
8828308d33fffff,23.571715975784034,5.055810899540381,74961.0,180275.0,1245432.96,1.0,0.2172
8828308d35fffff,18.709071737763143,6.423932110178732,113691.0,143116.0,1245496.32,1.0,0.1894
8828308d37fffff,15.238099642087546,4.045753018428299,104371.0,116548.0,1245623.04,1.0,0.2854
8828308d39fffff,33.869587540646926,19.321632229874844,125499.0,259086.0,1245260.16,1.0,0.1167
8828308d3bfffff,32.72492633896565,13.67288161285433,98410.0,250295.0,1245271.68,1.0,0.1152
8828308d3dfffff,64.34742791596902,45.09061939852619,47641.0,492263.0,1245346.56,1.0,0.0712
8828308d41fffff,22.09908192351831,0.0,0.0,169130.0,1244759.04,1.0,0.4273
8828308d43fffff,27.441072767150672,0.0,0.0,209984.0,1244816.64,1.0,0.4129
8828308d45fffff,56.54901815624363,49.27283304246655,10045.0,432815.0,1244874.24,1.0,0.0772
8828308d47fffff,50.0946176659742,15.603328710124826,7010.0,383360.0,1244926.08,1.0,0.0737
8828308d49fffff,45.39387824992364,0.0,0.0,347435.0,1244632.32,1.0,0.3028
8828308d4bfffff,18.75772258395924,0.0,0.0,143547.0,1244661.12,1.0,0.672
8828308d4dfffff,21.93105043961129,0.0,0.0,167867.0,1244736.0,1.0,0.5207
8828308d51fffff,30.633312193609015,0.0,0.0,234362.0,1244292.48,1.0,0.476
8828308d53fffff,23.356130787669013,10.838033843674456,12747.0,178662.0,1244770.56,1.0,0.413
8828308d55fffff,18.0839348510087,0.0,0.0,138362.0,1244851.2,1.0,0.5637
8828308d57fffff,45.58982070561018,21.91365227537923,19273.0,348763.0,1244880.0,1.0,0.2406
8828308d59fffff,43.62917744630238,3.733456923631495,107677.0,333810.0,1244568.96,1.0,0.0496
8828308d5bfffff,35.72502904003591,12.796506990217893,119641.0,273297.0,1244626.56,1.0,0.0612
8828308d5dfffff,37.714391553991476,0.0,0.0,288577.0,1243929.6,1.0,0.4041
8828308d61fffff,59.02889542519932,0.0,0.0,451797.0,1245473.28,1.0,0.0973
8828308d63fffff,56.505694824022314,15.37983532701569,31375.0,432424.0,1245594.24,1.0,0.1402
8828308d65fffff,32.61525941749548,17.514488087572442,7379.0,249649.0,1245732.48,1.0,0.3359
8828308d67fffff,47.96049528847132,5.1289253412729625,97275.0,367056.0,1245761.28,1.0,0.0945
8828308d69fffff,25.013416981271746,0.0,305.0,191461.0,1244989.44,1.0,0.3837
8828308d6bfffff,42.23241010172973,11.78379588182632,45406.0,323216.0,1245087.36,1.0,0.1738
8828308d6dfffff,32.64774713940818,0.0,0.0,249915.0,1245392.64,1.0,0.3773
8828308d81fffff,0.23497088303722993,0.0,259.0,1796.0,1245294.72,1.0,0.9642
8828308d83fffff,0.0,0.0,0.0,0.0,1245317.76,1.0,1.0
8828308d85fffff,3.9392257527403913,2.0458135860979465,71430.0,30112.0,1245369.6,1.0,0.5836
8828308d87fffff,0.0,0.0,0.0,0.0,1245427.2,1.0,1.0
8828308d89fffff,6.578557815073182,1.4489674513469875,133592.0,50287.0,1245150.72,1.0,0.2882
8828308d8bfffff,7.028459873059344,0.29227557411273486,13755.0,53719.0,1245104.64,1.0,0.628
8828308d8dfffff,9.706276886072436,2.475264473278784,164079.0,74201.0,1245254.4,1.0,0.17
8828308d91fffff,0.0,0.0,0.0,0.0,1245242.88,1.0,0.9999
8828308d93fffff,0.0,0.0,0.0,0.0,1245277.44,1.0,0.9999
8828308d95fffff,0.0,0.0,0.0,0.0,1245369.6,1.0,1.0
8828308d97fffff,0.0,0.0,0.0,0.0,1245375.36,1.0,1.0
8828308d99fffff,44.764676488007105,0.0,0.0,342066.0,1244897.28,1.0,0.4548
8828308d9bfffff,8.508875082176687,0.0,0.0,65011.0,1244148.48,1.0,0.8636
8828308d9dfffff,8.081378658937483,0.0,0.0,61758.0,1244033.28,1.0,0.9019
8828308da1fffff,0.0,0.0,0.0,0.0,1245628.8,1.0,1.0
8828308da3fffff,0.0,0.0,0.0,0.0,1245669.12,1.0,1.0
8828308da5fffff,0.0,0.0,0.0,0.0,1245732.48,1.0,1.0
8828308da7fffff,0.0,0.0,0.0,0.0,1245761.28,1.0,1.0
8828308da9fffff,9.084644804447056,5.698900605788647,96837.0,69449.0,1245502.08,1.0,0.3994
8828308dabfffff,0.0,0.0,0.0,0.0,1245525.12,1.0,0.999
8828308dadfffff,5.933927712626244,5.282354420827569,43379.0,45366.0,1245588.48,1.0,0.6563
8828308db1fffff,0.0,0.0,0.0,0.0,1245594.24,1.0,1.0
8828308db3fffff,0.0,0.0,0.0,0.0,1245623.04,1.0,1.0
8828308db5fffff,0.0,0.0,0.0,0.0,1245703.68,1.0,1.0
8828308db7fffff,0.0,0.0,0.0,0.0,1245738.24,1.0,1.0
8828308db9fffff,0.0,0.0,0.0,0.0,1245456.0,1.0,1.0
8828308dbbfffff,0.0,0.0,0.0,0.0,1245484.8,1.0,1.0
8828308dbdfffff,0.0,0.0,0.0,0.0,1245559.68,1.0,1.0
8828308dc1fffff,11.6800140645024,5.021510684815572,155140.0,89302.0,1245006.72,1.0,0.2473
8828308dc3fffff,7.563448958632112,2.340314878729138,118979.0,57820.0,1245070.08,1.0,0.3237
8828308dc5fffff,12.139463665339013,5.156433780286991,116116.0,92822.0,1245144.96,1.0,0.2567
8828308dc7fffff,14.086403019803583,3.5966942148760332,83987.0,107693.0,1245156.48,1.0,0.2164
8828308dc9fffff,14.794421669242372,4.77813251067188,152899.0,113122.0,1244862.72,1.0,0.1552
8828308dcbfffff,13.849401243340075,4.459238789096847,131432.0,105881.0,1244338.56,1.0,0.2069
8828308dcdfffff,11.075381255552266,5.650940049663001,153199.0,84691.0,1244897.28,1.0,0.256
8828308dd1fffff,6.997714465490279,7.618567103935418,31640.0,53484.0,1244977.92,1.0,0.7213
8828308dd3fffff,7.441832490527105,0.0,0.0,56870.0,1244983.68,1.0,0.8961
8828308dd5fffff,13.790646786423084,1.6281575481862802,94660.0,105410.0,1245087.36,1.0,0.3309
8828308dd7fffff,22.478615476427294,0.2497918401332223,13801.0,171793.0,1245087.36,1.0,0.4764
8828308dd9fffff,0.850279490017552,2.5546605293440736,24388.0,6499.0,1243751.04,1.0,0.8355
8828308ddbfffff,0.0,0.0,0.0,0.0,1244741.76,1.0,1.0
8828308dddfffff,10.883402695158251,7.332770626714496,101180.0,83194.0,1244257.92,1.0,0.4373
8828308de1fffff,10.272147858986337,2.7304689283594357,122705.0,78544.0,1245346.56,1.0,0.1725
8828308de3fffff,9.962166062310368,1.8137799650738213,142497.0,76163.0,1245358.08,1.0,0.1385
8828308de5fffff,20.505408817829906,4.697487735989297,110782.0,156802.0,1245432.96,1.0,0.2519
8828308de7fffff,16.354260608162793,3.1099766007232503,131178.0,125041.0,1245456.0,1.0,0.0919
8828308de9fffff,6.677706747092728,4.193307757885763,103571.0,51063.0,1245208.32,1.0,0.2665
8828308debfffff,9.74878695227831,2.212597367714209,167760.0,74537.0,1245260.16,1.0,0.0792
8828308dedfffff,18.26469445523672,6.142318522407293,113276.0,139677.0,1245335.04,1.0,0.1323
8828308e01fffff,0.0,0.0,0.0,0.0,1242167.04,1.0,1.0
8828308e03fffff,0.0,0.0,0.0,0.0,1242679.68,1.0,1.0
8828308e05fffff,0.0,0.0,0.0,0.0,1242282.24,1.0,1.0
8828308e07fffff,0.0050952817690818305,0.0,0.0,39.0,1243503.36,1.0,0.997
8828308e0dfffff,0.0,0.0,0.0,0.0,1242576.0,1.0,1.0
8828308e11fffff,0.0,0.0,0.0,0.0,1242236.16,1.0,1.0
8828308e13fffff,0.0,0.0,0.0,0.0,1242864.0,1.0,1.0
8828308e15fffff,0.0,0.0,0.0,0.0,1242973.44,1.0,0.9998
8828308e17fffff,0.0,0.0,0.0,0.0,1242259.2,1.0,1.0
8828308e21fffff,0.0,0.0,0.0,0.0,1243209.6,1.0,1.0
8828308e23fffff,0.46214533706016236,0.0,8744.0,3536.0,1242622.08,1.0,0.8998
8828308e25fffff,0.02037555859130797,0.273972602739726,4193.0,156.0,1243843.2,1.0,0.9763
8828308e27fffff,2.5648869113830184,5.063960249497833,51725.0,19624.0,1242777.6,1.0,0.6719
8828308e29fffff,0.0,0.0,0.0,0.0,1242829.44,1.0,1.0
8828308e2bfffff,0.0,0.0,0.0,0.0,1243163.52,1.0,0.9993
8828308e2dfffff,0.0,0.0,0.0,0.0,1243008.0,1.0,1.0
8828308e31fffff,4.154297173503272,2.1275547894607243,114468.0,31775.0,1243704.96,1.0,0.4486
8828308e33fffff,16.385121039895417,6.125202374527793,20039.0,125309.0,1242512.64,1.0,0.5518
8828308e35fffff,1.7284339425152142,0.03677146534289392,31317.0,13221.0,1243687.68,1.0,0.6417
8828308e37fffff,5.962026959375521,3.9501590668080593,41737.0,45599.0,1242616.32,1.0,0.4538
8828308e39fffff,0.0,0.0,0.0,0.0,1242339.84,1.0,0.9978
8828308e3bfffff,1.018341267155829,0.07443245254931151,15466.0,7789.0,1242679.68,1.0,0.8411
8828308e3dfffff,0.0,0.0,23973.0,0.0,1242455.04,1.0,0.7982
8828308e63fffff,0.0,0.0,0.0,0.0,1242247.68,1.0,1.0
8828308e67fffff,0.0,0.0,0.0,0.0,1242339.84,1.0,1.0
8828308e81fffff,0.0,0.0,0.0,0.0,1242403.2,1.0,1.0
8828308e85fffff,0.0,0.0,0.0,0.0,1243324.8,1.0,0.9737
8828308e87fffff,0.0,0.0,0.0,0.0,1242720.0,1.0,1.0
8828308e8dfffff,0.0,0.0,0.0,0.0,1242760.32,1.0,1.0
8828308ea1fffff,13.383619591254266,0.0,0.0,102304.0,1243186.56,1.0,0.2017
8828308ea3fffff,25.03545047591685,30.40128986026514,22378.0,191344.0,1242973.44,1.0,0.3115
8828308ea5fffff,4.930089861291982,0.0,0.0,37688.0,1242875.52,1.0,0.2941
8828308ea7fffff,2.2038261384891755,0.0,0.0,16845.0,1244090.88,1.0,0.3258
8828308ea9fffff,4.001242276332318,6.855388813096861,15731.0,30588.0,1242622.08,1.0,0.6391
8828308eabfffff,3.4603214313842674,6.4656882189607305,13582.0,26449.0,1243278.72,1.0,0.8612
8828308eadfffff,8.817412490562367,4.861111111111112,3156.0,67410.0,1243532.16,1.0,0.2504
8828308eb1fffff,0.0,0.0,0.0,0.0,1242743.04,1.0,0.9959
8828308eb5fffff,12.60280443077835,14.131776854865866,44064.0,96309.0,1243837.44,1.0,0.6046
8828308eb7fffff,9.913847037941597,14.009885696632685,32066.0,75749.0,1242887.04,1.0,0.6418
8828308ebdfffff,3.8268379014473415,0.0,2811.0,29246.0,1243261.44,1.0,0.9026
8828308ec5fffff,0.0,0.0,0.0,0.0,1242627.84,1.0,1.0
8828308ec7fffff,0.0,0.0,0.0,0.0,1242247.68,1.0,1.0
8828308ee1fffff,0.0,0.0,0.0,0.0,1242437.76,1.0,1.0
8828308ee3fffff,0.0,0.0,0.0,0.0,1242702.72,1.0,0.999
8828308ee5fffff,4.578104435835171,11.864577054450471,50532.0,35007.0,1242938.88,1.0,0.7372
8828308ee7fffff,4.1253016959831,19.576018549188472,13985.0,31540.0,1243370.88,1.0,0.7632
8828308ee9fffff,0.0,0.0,0.0,0.0,1242345.6,1.0,1.0
8828308eebfffff,0.0,0.0,0.0,0.0,1243094.4,1.0,1.0
8828308eedfffff,0.0,0.0,0.0,0.0,1243342.08,1.0,1.0
8828308f01fffff,8.304975670282557,6.02547398090781,203564.0,63573.0,1244108.16,1.0,0.0774
8828308f03fffff,9.215611763506438,7.839190360367916,189878.0,70534.0,1242927.36,1.0,0.0849
8828308f05fffff,12.667756107271321,7.970719804798698,143384.0,96976.0,1244234.88,1.0,0.1172
8828308f07fffff,13.165630482786078,5.47062497945228,165617.0,100773.0,1244257.92,1.0,0.1542
8828308f09fffff,22.460244995573767,9.422955644313644,99274.0,171940.0,1242771.84,1.0,0.1602
8828308f0bfffff,6.786928056154908,5.835408069301866,159034.0,51949.0,1244010.24,1.0,0.3036
8828308f0dfffff,10.742925401881621,9.72503160556258,164523.0,82246.0,1244067.84,1.0,0.1018
8828308f11fffff,8.336307054903397,4.917088899124828,142681.0,63790.0,1242887.04,1.0,0.5192
8828308f13fffff,7.321206172536564,5.25358574794362,132031.0,56015.0,1244096.64,1.0,0.3867
8828308f15fffff,8.010925673016828,5.5305921457589555,176803.0,61305.0,1244188.8,1.0,0.1327
8828308f17fffff,4.989630013703196,3.881634970195856,156038.0,38179.0,1244206.08,1.0,0.2169
8828308f19fffff,0.0,0.0,0.0,0.0,1243918.08,1.0,0.9914
8828308f1bfffff,8.023303778753146,9.221495446966783,122308.0,61391.0,1242771.84,1.0,0.4728
8828308f1dfffff,2.9141991971367323,3.0430833117051646,86072.0,22303.0,1244027.52,1.0,0.5478
8828308f21fffff,44.280391566962116,7.821860517689612,46973.0,338983.0,1244476.8,1.0,0.072
8828308f23fffff,49.603192976932405,9.98635405036596,41795.0,379678.0,1244010.24,1.0,0.0412
8828308f25fffff,14.629450504695216,0.0,0.0,112002.0,1244568.96,1.0,0.2326
8828308f27fffff,23.82459794052991,0.0,0.0,182374.0,1244592.0,1.0,0.4305
8828308f29fffff,29.883561516942404,26.446406244079867,111819.0,228785.0,1243630.08,1.0,0.1072
8828308f2bfffff,21.466148004075205,7.800866386895898,156920.0,164320.0,1243814.4,1.0,0.0615
8828308f2dfffff,57.37257225380014,19.700214132762312,36720.0,439270.0,1244413.44,1.0,0.0348
8828308f31fffff,23.03373386902668,4.967464559609574,94216.0,176270.0,1244413.44,1.0,0.1938
8828308f33fffff,14.836105788367723,5.656630708957226,202510.0,113520.0,1244471.04,1.0,0.0736
8828308f35fffff,48.55884559456881,20.700176650072265,56886.0,371632.0,1243802.88,1.0,0.099
8828308f37fffff,43.732847073415684,10.532708658684713,29699.0,334650.0,1244568.96,1.0,0.3139
8828308f39fffff,9.849877096420288,6.6547192353643965,180012.0,75383.0,1244292.48,1.0,0.0747
8828308f3bfffff,7.006862295370615,4.824229668848038,166706.0,53617.0,1243105.92,1.0,0.1554
8828308f3dfffff,34.83938159600074,13.984663447884124,87224.0,266652.0,1244390.4,1.0,0.0979
8828308f51fffff,0.0,0.0,0.0,0.0,1243762.56,1.0,1.0
8828308f53fffff,0.0,0.0,0.0,0.0,1242599.04,1.0,1.0
8828308f55fffff,0.1861542023616578,3.234501347708895,8271.0,1425.0,1243872.0,1.0,0.9761
8828308f57fffff,0.6234124997682482,0.6550218340611353,20966.0,4771.0,1242708.48,1.0,0.8736
8828308f5bfffff,0.0,0.0,0.0,0.0,1242599.04,1.0,1.0
8828308f61fffff,35.96165867889143,25.320770923927633,160249.0,275376.0,1243900.8,1.0,0.018
8828308f63fffff,31.45629088752571,18.541969413881393,135608.0,240843.0,1243215.36,1.0,0.0784
8828308f67fffff,26.211097892354058,17.640639807024094,165197.0,200698.0,1244292.48,1.0,0.058
8828308f6bfffff,17.216807500868157,18.23816068974135,188450.0,131828.0,1244016.0,1.0,0.0312
88283099a3fffff,60.15726299410959,19.424184261036466,12090.0,461814.0,1243837.44,1.0,0.2348
88283099a7fffff,71.0443089261487,0.0,0.0,545430.0,1243935.36,1.0,0.0961
88283099b5fffff,53.11701181787871,31.368059530623928,13812.0,407711.0,1243837.44,1.0,0.2104
88283099b7fffff,79.03505887909758,75.72212065813528,3825.0,606565.0,1243877.76,1.0,0.0185
882830c001fffff,18.82253669198102,0.0,0.0,144721.0,1249188.48,1.0,0.7338
882830c003fffff,23.163708959800083,0.0,0.0,178074.0,1249292.16,1.0,0.6653
882830c005fffff,37.33046901651284,0.0,0.0,287043.0,1249470.72,1.0,0.4863
882830c007fffff,31.89336455749887,0.0,0.0,245201.0,1249493.76,1.0,0.4984
882830c009fffff,17.649771497876383,0.0,0.0,135713.0,1249038.72,1.0,0.6723
882830c00bfffff,16.18732736637754,0.0,0.0,124451.0,1249119.36,1.0,0.6431
882830c00dfffff,15.500945179584122,0.0,0.0,119199.0,1249286.4,1.0,0.7615
882830c011fffff,36.1164905291503,0.0,0.0,277593.0,1249205.76,1.0,0.4257
882830c013fffff,25.27413746991174,0.0,0.0,194231.0,1249125.12,1.0,0.3787
882830c015fffff,14.072325594261162,0.0,0.0,108168.0,1249390.08,1.0,0.7187
882830c017fffff,40.115249861700164,0.0,0.0,308306.0,1249459.2,1.0,0.425
882830c019fffff,45.23513024869013,100.0,0.0,347703.0,1248860.16,1.0,0.2939
882830c01bfffff,47.47957282771086,0.0,0.0,364904.0,1249159.68,1.0,0.2371
882830c01dfffff,20.724925063407888,0.0,0.0,159315.0,1249056.0,1.0,0.5937
882830c021fffff,27.02159626144104,0.0,0.0,207775.0,1249816.32,1.0,0.4327
882830c023fffff,14.735634196810004,10.821428571428573,14383.0,113290.0,1249868.16,1.0,0.7476
882830c025fffff,7.872872803682762,3.6601307189542487,16980.0,60540.0,1249983.36,1.0,0.8549
882830c027fffff,6.18111107015151,7.787934186471664,14527.0,47525.0,1250012.16,1.0,0.8363
882830c029fffff,3.72615266901126,0.0,18634.0,28653.0,1249649.28,1.0,0.9279
882830c02bfffff,17.473888955466034,0.0,6837.0,134351.0,1249678.08,1.0,0.6984
882830c02dfffff,11.879326395737895,0.0,0.0,91355.0,1249816.32,1.0,0.7223
882830c031fffff,34.40268444001954,0.0,0.0,264439.0,1249655.04,1.0,0.4335
882830c033fffff,21.4463817411704,0.0,0.0,164826.0,1249741.44,1.0,0.4897
882830c035fffff,7.990543517332277,0.2721499848805564,18996.0,61424.0,1249885.44,1.0,0.8642
882830c037fffff,12.9387258516443,0.24517315353968738,18749.0,99447.0,1249873.92,1.0,0.7845
882830c039fffff,31.348299068866968,0.0,0.0,240978.0,1249574.4,1.0,0.5493
882830c03bfffff,38.326196281972685,0.0,0.0,294577.0,1249591.68,1.0,0.4085
882830c03dfffff,27.80919721419452,0.0,0.0,213787.0,1249672.32,1.0,0.5017
882830c041fffff,50.09178204761597,44.52515946137491,18035.0,385247.0,1248871.68,1.0,0.2451
882830c043fffff,16.489557966201758,29.060716139076288,7874.0,126801.0,1248860.16,1.0,0.6089
882830c045fffff,38.61144158850492,3.099099099099099,30977.0,296974.0,1249102.08,1.0,0.4125
882830c047fffff,34.760554287427084,0.0,0.0,267319.0,1249084.8,1.0,0.4094
882830c049fffff,42.06588276539701,19.582801191996595,10881.0,323544.0,1248647.04,1.0,0.4326
882830c04bfffff,62.74683456721788,28.89733840304182,2154.0,482541.0,1248739.2,1.0,0.1374
882830c04dfffff,22.70500876302924,0.0,9458.0,174644.0,1248883.2,1.0,0.6093
882830c051fffff,25.102176379957747,9.221183800623054,33569.0,192990.0,1248664.32,1.0,0.5004
882830c053fffff,25.19244162181359,8.573246381421983,33108.0,193657.0,1248877.44,1.0,0.474
882830c055fffff,26.45421633961307,10.74938574938575,8369.0,203398.0,1248969.6,1.0,0.4562
882830c057fffff,40.037723145317116,14.540601292497893,35038.0,307795.0,1249015.68,1.0,0.3358
882830c059fffff,27.83954604170511,10.117574257425744,33466.0,214050.0,1248537.6,1.0,0.4833
882830c05bfffff,41.78267969333813,47.24308481406851,33178.0,321210.0,1248687.36,1.0,0.2812
882830c05dfffff,64.91531521558643,36.527563111798045,21289.0,499149.0,1248791.04,1.0,0.0595
882830c061fffff,29.359126261485336,0.0,0.0,225811.0,1249384.32,1.0,0.4785
882830c063fffff,37.0435592353047,0.0,0.0,284876.0,1249476.48,1.0,0.414
882830c065fffff,10.40160790677091,0.0,6244.0,80008.0,1249505.28,1.0,0.817
882830c067fffff,8.255819313205807,1.718318502608162,18449.0,63494.0,1249632.0,1.0,0.849
882830c069fffff,23.10909258576171,7.567219449364032,33068.0,177753.0,1249228.8,1.0,0.5734
882830c06bfffff,21.489630497127525,0.0,0.0,165273.0,1249263.36,1.0,0.6852
882830c06dfffff,29.777081076096728,2.6512968299711814,19457.0,229058.0,1249315.2,1.0,0.475
882830c081fffff,44.6099379053783,0.0,0.0,342660.0,1249499.52,1.0,0.3305
882830c083fffff,27.54622693263384,6.3145809414466125,4700.0,211560.0,1249453.44,1.0,0.4893
882830c085fffff,38.32098788194461,0.0,0.0,294373.0,1249626.24,1.0,0.2826
882830c087fffff,34.153053322516406,0.0,0.0,262320.0,1249597.44,1.0,0.3625
882830c089fffff,5.745149749188551,0.0,0.0,44133.0,1249320.96,1.0,0.8943
882830c08bfffff,18.647451235310662,0.0,0.0,143226.0,1249395.84,1.0,0.6488
882830c08dfffff,25.03929965932612,0.0,0.0,192360.0,1249476.48,1.0,0.5629
882830c091fffff,1.3361303856704858,0.0,0.0,10260.0,1249315.2,1.0,0.9541
882830c093fffff,1.2226099864922801,12.78592375366569,8565.0,9387.0,1249418.88,1.0,0.9515
882830c095fffff,1.2087015447592968,0.5148005148005148,4452.0,9282.0,1249499.52,1.0,0.9538
882830c097fffff,5.756191547322182,0.0,0.0,44196.0,1249626.24,1.0,0.8987
882830c099fffff,3.0384918676879518,1.2724206653380346,37094.0,23333.0,1249061.76,1.0,0.7769
882830c09bfffff,10.491441956545797,2.5410572759212355,68705.0,80554.0,1249182.72,1.0,0.5154
882830c09dfffff,3.3720919510553347,0.0,0.0,25896.0,1249332.48,1.0,0.901
882830c0a1fffff,5.108779303130429,6.488056810845706,16687.0,39244.0,1249914.24,1.0,0.7898
882830c0a3fffff,1.1733596229770258,0.0,1071.0,9012.0,1250317.44,1.0,0.9435
882830c0a5fffff,5.549155853730463,0.0,0.0,42630.0,1250058.24,1.0,0.8358
882830c0a7fffff,0.7176945329918373,0.5303760848601736,11883.0,5513.0,1250403.84,1.0,0.923
882830c0a9fffff,41.6393200840677,0.0,0.0,319886.0,1249735.68,1.0,0.2369
882830c0abfffff,6.900620373699105,0.0,0.0,53005.0,1249724.16,1.0,0.8125
882830c0adfffff,12.844755296307559,0.0,0.0,98684.0,1250138.88,1.0,0.7405
882830c0b1fffff,0.9721575908921273,1.3609650479430868,18369.0,7465.0,1250167.68,1.0,0.9565
882830c0b3fffff,1.7960071324244253,6.875599616245603,16773.0,13790.0,1250133.12,1.0,0.9275
882830c0b5fffff,0.7046342722312343,0.0,0.0,5411.0,1249873.92,1.0,0.9505
882830c0b7fffff,0.21060004884815137,0.0,0.0,1617.0,1249914.24,1.0,0.9848
882830c0b9fffff,1.2998147072651345,1.2496094970321776,18207.0,9982.0,1249655.04,1.0,0.865
882830c0bbfffff,6.288258721144627,0.0,23.0,48285.0,1249597.44,1.0,0.8491
882830c0bdfffff,1.7503524663429197,0.0,0.0,13443.0,1250161.92,1.0,0.9176
882830c0c1fffff,39.274644379254994,0.0,0.0,301762.0,1248791.04,1.0,0.1401
882830c0c3fffff,29.841982916074755,0.0,0.0,229255.0,1248837.12,1.0,0.5402
882830c0c5fffff,31.43822732050975,0.0,0.0,241568.0,1249297.92,1.0,0.5863
882830c0c7fffff,8.76621131299533,0.0,0.0,67349.0,1249349.76,1.0,0.837
882830c0c9fffff,27.870621437662553,7.384276267450404,29042.0,214155.0,1249067.52,1.0,0.5628
882830c0cbfffff,17.25141344548666,7.054871220604703,14342.0,132540.0,1249032.96,1.0,0.5323
882830c0cdfffff,36.20838348760094,0.0,0.0,278241.0,1248946.56,1.0,0.3081
882830c0d1fffff,7.94249634491124,0.0,0.0,61004.0,1248888.96,1.0,0.8452
882830c0d3fffff,15.626210458360232,2.3255813953488373,41126.0,120004.0,1249113.6,1.0,0.5039
882830c0d5fffff,8.722458428251265,0.0,0.0,66999.0,1249079.04,1.0,0.8336
882830c0d7fffff,4.983862043526374,0.0,0.0,38277.0,1249228.8,1.0,0.8911
882830c0d9fffff,11.428729582493414,8.817330210772834,44853.0,87787.0,1248693.12,1.0,0.6256
882830c0dbfffff,7.864126925560373,7.628479657387581,59633.0,60398.0,1248883.2,1.0,0.6669
882830c0ddfffff,22.81369347429014,0.0,0.0,175250.0,1248791.04,1.0,0.6024
882830c0e1fffff,10.450692149188919,0.0,0.0,80302.0,1249534.08,1.0,0.7603
882830c0e3fffff,29.86111431218626,0.0,0.0,229418.0,1249580.16,1.0,0.4961
882830c0e5fffff,34.10177115546809,0.0,0.0,262053.0,1249787.52,1.0,0.3491
882830c0e7fffff,20.946030019678236,0.0,0.0,160936.0,1249868.16,1.0,0.6068
882830c0e9fffff,51.30204251002812,0.0,0.0,394227.0,1249286.4,1.0,0.3046
882830c0ebfffff,33.34962198045363,0.0,0.0,256238.0,1249459.2,1.0,0.5178
882830c0edfffff,24.492251242290425,0.0,0.0,188222.0,1249562.88,1.0,0.58
882830c101fffff,0.7047573423738807,0.25634452704434757,22412.0,5421.0,1250472.96,1.0,0.8838
882830c103fffff,0.20084206259270518,0.1190003966679889,14504.0,1545.0,1250415.36,1.0,0.9749
882830c105fffff,5.16978542511986,4.449718184514981,111318.0,39771.0,1250651.52,1.0,0.5632
882830c107fffff,1.5589595269237146,4.643812302455628,22591.0,11991.0,1250680.32,1.0,0.8719
882830c109fffff,0.5634438721447724,0.307152259763054,13087.0,4335.0,1250254.08,1.0,0.9716
882830c10bfffff,1.8396089506443007,3.556684661797396,17493.0,14150.0,1250248.32,1.0,0.8822
882830c10dfffff,2.135088697158282,1.0472450315363562,47894.0,16426.0,1250421.12,1.0,0.744
882830c111fffff,1.5221036725818637,0.0,26271.0,11705.0,1250311.68,1.0,0.9683
882830c113fffff,0.0566621828299766,0.17679558011049723,26018.0,436.0,1250357.76,1.0,0.9841
882830c115fffff,2.066366952868777,0.0,23144.0,15891.0,1250472.96,1.0,0.9583
882830c117fffff,0.8332296977987812,0.0,1889.0,6407.0,1250536.32,1.0,0.9842
882830c119fffff,0.7883448444274478,9.616295594504974,10990.0,6063.0,1250133.12,1.0,0.9778
882830c11bfffff,0.8624979266876762,0.0,10604.0,6632.0,1250173.44,1.0,0.9747
882830c11dfffff,0.8633398444698338,0.6983554854697004,25390.0,6640.0,1250288.64,1.0,0.942
882830c121fffff,10.859255575814501,5.745271122320303,107631.0,83540.0,1251002.88,1.0,0.3489
882830c123fffff,2.9395648670427077,2.543042173432317,71078.0,22611.0,1250928.0,1.0,0.7844
882830c125fffff,19.61214933907927,13.243917841999217,166170.0,150885.0,1251054.72,1.0,0.2419
882830c127fffff,9.249898722056495,4.993137967223702,135573.0,71154.0,1251210.24,1.0,0.3904
882830c129fffff,8.91390045315551,4.5038560411311055,160479.0,68579.0,1250749.44,1.0,0.3528
882830c12bfffff,5.682733975288857,4.050657862317055,112153.0,43714.0,1250778.24,1.0,0.47
882830c12dfffff,14.937839580071829,11.411764705882353,134456.0,114932.0,1250956.8,1.0,0.3181
882830c131fffff,1.5563557331908977,0.0,46403.0,11969.0,1250922.24,1.0,0.9471
882830c133fffff,1.9160193213580208,0.5635566687539135,128056.0,14733.0,1250893.44,1.0,0.8042
882830c135fffff,1.4213754236039486,0.5727993733476942,116980.0,10932.0,1250979.84,1.0,0.9346
882830c137fffff,1.7734724978245957,0.29153136924936596,242312.0,13638.0,1251077.76,1.0,0.5597
882830c139fffff,0.17178094935455496,0.0,0.0,1321.0,1250709.12,1.0,0.9951
882830c13bfffff,1.8080584326168954,1.059220028887819,23674.0,13904.0,1250720.64,1.0,0.9022
882830c13dfffff,0.09532229989224436,0.0,81.0,733.0,1250830.08,1.0,0.9876
882830c141fffff,0.4515629607785314,0.21158423697434542,21732.0,3475.0,1250058.24,1.0,0.9758
882830c143fffff,6.696064472429189,8.042969287976863,38460.0,51516.0,1250052.48,1.0,0.7747
882830c145fffff,3.050030638525296,1.0176125244618397,14567.0,23470.0,1250190.72,1.0,0.9156
882830c147fffff,0.774486631927647,0.0,0.0,5959.0,1250190.72,1.0,0.9849
882830c149fffff,0.18250025347257426,0.0,21980.0,1404.0,1249839.36,1.0,0.9939
882830c14bfffff,3.8292969560107837,6.263375659865887,37843.0,29463.0,1249833.6,1.0,0.8844
882830c14dfffff,0.3824655665789607,0.0,0.0,2943.0,1249994.88,1.0,0.9904
882830c151fffff,16.915356398960387,0.0,2799.0,130111.0,1249943.04,1.0,0.6714
882830c153fffff,18.021833195858235,0.0,4280.0,138603.0,1249971.84,1.0,0.66
882830c155fffff,2.9534951228165562,0.0,11416.0,22720.0,1250098.56,1.0,0.9402
882830c157fffff,0.13684554883358752,1.0834236186348862,26294.0,1053.0,1250110.08,1.0,0.9955
882830c159fffff,3.4014859608045573,1.374680306905371,17770.0,26166.0,1249712.64,1.0,0.9137
882830c15bfffff,2.218207459776843,0.0,5852.0,17061.0,1249787.52,1.0,0.9523
882830c15dfffff,3.4728270637191874,0.2738059020383328,18881.0,26716.0,1249914.24,1.0,0.9179
882830c161fffff,1.796365813776744,1.8888289260658393,83773.0,13823.0,1250524.8,1.0,0.6647
882830c163fffff,5.731064182576054,6.626216770701471,123212.0,44095.0,1250582.4,1.0,0.4113
882830c165fffff,6.562004936816122,3.4598635257003743,162167.0,50499.0,1250749.44,1.0,0.3215
882830c167fffff,3.949749715638283,2.7936830439601037,121254.0,30391.0,1250801.28,1.0,0.5856
882830c169fffff,0.3464176636155501,0.0,33811.0,2666.0,1250375.04,1.0,0.9142
882830c16bfffff,3.072054393189796,1.3508606289490885,78238.0,23638.0,1250415.36,1.0,0.568
882830c16dfffff,4.225183438275842,2.946273830155979,161280.0,32518.0,1250513.28,1.0,0.414
882830c181fffff,5.383782787923451,2.238462717841263,110183.0,41374.0,1250582.4,1.0,0.4814
882830c183fffff,1.5571531868445656,1.9953596287703015,12165.0,11965.0,1250651.52,1.0,0.9104
882830c185fffff,9.19465065301085,2.393577628343751,189786.0,70665.0,1250772.48,1.0,0.1423
882830c187fffff,7.04796725131119,10.025220680958386,8220.0,54160.0,1250893.44,1.0,0.6968
882830c189fffff,0.5790011884033939,0.6030150753768844,17090.0,4450.0,1250484.48,1.0,0.8556
882830c18bfffff,0.5578048926536497,0.19189765458422176,26963.0,4286.0,1250501.76,1.0,0.8903
882830c18dfffff,4.934046904073249,1.7506865437426442,115402.0,37923.0,1250634.24,1.0,0.4094
882830c191fffff,4.618070590836643,5.913570887035633,21444.0,35477.0,1250392.32,1.0,0.7365
882830c193fffff,4.826347305389222,1.2238628480824498,114826.0,37072.0,1250496.0,1.0,0.3477
882830c195fffff,4.741248307683806,3.0892726830454875,22948.0,36426.0,1250830.08,1.0,0.755
882830c197fffff,10.089474435546633,5.209324452901998,206582.0,77505.0,1250824.32,1.0,0.1085
882830c199fffff,1.6540993196589544,0.0,0.0,12708.0,1250478.72,1.0,0.946
882830c19bfffff,4.259357364966026,0.0,0.0,32719.0,1250352.0,1.0,0.7992
882830c19dfffff,2.1231608332335243,0.0,0.0,16313.0,1250392.32,1.0,0.894
882830c1a1fffff,10.038810903884313,4.230864811133201,177581.0,77153.0,1251112.32,1.0,0.2007
882830c1a3fffff,9.792150995511566,2.3275497249259414,186117.0,75247.0,1251216.0,1.0,0.1209
882830c1a5fffff,5.797408336594011,2.1198950303427915,137497.0,44559.0,1251273.6,1.0,0.2639
882830c1a7fffff,8.545769234310125,3.492112115178435,181469.0,65674.0,1251313.92,1.0,0.2122
882830c1a9fffff,11.433123365381073,3.403207475691375,176244.0,87875.0,1250933.76,1.0,0.1438
882830c1abfffff,9.258884090134725,2.134413767177645,134957.0,71154.0,1250991.36,1.0,0.1991
882830c1adfffff,9.402220953573599,7.37804058594275,158792.0,72271.0,1251095.04,1.0,0.252
882830c1b1fffff,10.320441988950277,3.971289979098474,140256.0,79290.0,1251072.0,1.0,0.1839
882830c1b3fffff,9.46141308851831,2.6541608461384953,168584.0,72680.0,1251060.48,1.0,0.1676
882830c1b5fffff,10.591804229540495,3.4003152088258473,141218.0,81381.0,1251267.84,1.0,0.1445
882830c1b7fffff,8.52230354923353,4.338058085862506,134893.0,65471.0,1251244.8,1.0,0.22
882830c1b9fffff,9.259702702204867,11.08702900966989,61436.0,71146.0,1250818.56,1.0,0.6189
882830c1bbfffff,9.526769720998125,6.72967986275208,165969.0,73187.0,1250881.92,1.0,0.2465
882830c1bdfffff,13.69967080273487,7.357240304034302,109521.0,105267.0,1251043.2,1.0,0.2383
882830c1c1fffff,7.908945996001068,0.0,0.0,60797.0,1250254.08,1.0,0.8594
882830c1c3fffff,9.967564180534822,0.0,0.0,76611.0,1250173.44,1.0,0.8198
882830c1c5fffff,1.3179473005343652,0.0,11762.0,10132.0,1250380.8,1.0,0.9732
882830c1c7fffff,2.061423510823049,27.604920405209842,11526.0,15845.0,1250398.08,1.0,0.9433
882830c1c9fffff,12.311194256803457,0.0,0.0,94644.0,1250046.72,1.0,0.7816
882830c1cbfffff,27.17554578714071,0.0,0.0,208887.0,1250069.76,1.0,0.5503
882830c1cdfffff,2.113318467464018,3.949044585987261,8686.0,16248.0,1250219.52,1.0,0.9574
882830c1d1fffff,12.525055178991895,0.0,0.0,96248.0,1250040.96,1.0,0.7278
882830c1d3fffff,15.80649917976886,0.0,0.0,121447.0,1249989.12,1.0,0.696
882830c1d5fffff,2.353125446278441,0.0,0.0,18084.0,1250340.48,1.0,0.9488
882830c1d7fffff,0.8784496538254247,0.0,0.0,6750.0,1250421.12,1.0,0.9558
882830c1d9fffff,11.846604787493893,0.0,9464.0,91041.0,1249816.32,1.0,0.7545
882830c1dbfffff,10.057235550558069,0.0,0.0,77279.0,1249908.48,1.0,0.7586
882830c1ddfffff,28.20324955993623,0.0,0.0,216756.0,1250000.64,1.0,0.5364
882830c1e1fffff,2.9575933976862427,1.258568378469491,101226.0,22737.0,1250703.36,1.0,0.4777
882830c1e3fffff,7.0436156152283935,3.3312700467053062,197902.0,54141.0,1250766.72,1.0,0.1727
882830c1e5fffff,7.795203801595049,2.593126157645606,218097.0,59931.0,1250910.72,1.0,0.233
882830c1e7fffff,6.864907425740295,1.3306199123356293,145221.0,52771.0,1250939.52,1.0,0.2709
882830c1e9fffff,0.6277923633181337,0.0,0.0,4827.0,1250553.6,1.0,0.9844
882830c1ebfffff,2.7147028749873336,2.363332537598472,47117.0,20868.0,1250576.64,1.0,0.7461
882830c1edfffff,3.5218208278835,0.9988722410182052,35395.0,27078.0,1250680.32,1.0,0.847
882830c201fffff,67.76071042841714,0.0,0.0,521243.0,1247950.08,1.0,0.2013
882830c203fffff,54.02023502912478,0.0,0.0,415488.0,1247927.04,1.0,0.3254
882830c205fffff,70.04153590548275,62.34349919743178,6756.0,538826.0,1248076.8,1.0,0.1462
882830c207fffff,77.25307231890278,66.05664488017429,4487.0,594221.0,1248151.68,1.0,0.0856
882830c209fffff,63.37101680753731,0.0,0.0,487509.0,1247783.04,1.0,0.1888
882830c20bfffff,46.584619361748295,0.0,0.0,358323.0,1247748.48,1.0,0.4528
882830c20dfffff,58.54316007145264,0.0,0.0,450400.0,1247886.72,1.0,0.3018
882830c211fffff,71.15429004053219,0.0,0.0,547159.0,1247719.68,1.0,0.1592
882830c213fffff,47.258819510483704,31.216577540106954,5927.0,363358.0,1247742.72,1.0,0.314
882830c215fffff,58.95918810025983,0.0,0.0,453413.0,1248059.52,1.0,0.1388
882830c217fffff,21.289420365438847,18.695782231528568,15656.0,163699.0,1248024.96,1.0,0.6176
882830c219fffff,53.734650540116334,0.0,0.0,413234.0,1247731.2,1.0,0.3353
882830c21bfffff,50.69542858989332,0.0,0.0,389808.0,1247783.04,1.0,0.1715
882830c21dfffff,37.60057610547162,0.0,0.0,289179.0,1247771.52,1.0,0.4988
882830c221fffff,63.71634464559228,0.0,0.0,490167.0,1248514.56,1.0,0.2312
882830c223fffff,48.2797598999737,0.0,323.0,371362.0,1248439.68,1.0,0.2487
882830c225fffff,76.66600541610346,0.0,0.0,589828.0,1248543.36,1.0,0.0735
882830c227fffff,47.89840766094065,0.0,369.0,368455.0,1248698.88,1.0,0.3615
882830c229fffff,54.611395138517196,0.0,0.0,420152.0,1248330.24,1.0,0.2624
882830c22bfffff,49.124409928430026,0.0,0.0,377885.0,1248255.36,1.0,0.2861
882830c22dfffff,25.781386979190696,0.0,0.0,198362.0,1248364.8,1.0,0.6885
882830c231fffff,24.96331706056607,12.13446296802405,37037.0,191975.0,1248318.72,1.0,0.5336
882830c233fffff,49.34136157058159,38.61557868180385,22424.0,379397.0,1248393.6,1.0,0.2175
882830c235fffff,53.04318541448494,0.0,0.0,407946.0,1248554.88,1.0,0.2346
882830c237fffff,23.701328658424064,26.589884827240862,8444.0,182257.0,1248537.6,1.0,0.4953
882830c239fffff,35.05362548918261,91.0891089108911,104.0,269591.0,1248122.88,1.0,0.5087
882830c23bfffff,30.246016253409202,0.0,0.0,232584.0,1248151.68,1.0,0.5163
882830c23dfffff,29.938263060269648,29.175475687103592,23155.0,230266.0,1248341.76,1.0,0.4478
882830c241fffff,31.857659329851924,9.364548494983277,1561.0,245130.0,1247495.04,1.0,0.5425
882830c243fffff,61.87692762295234,0.0,0.0,476048.0,1247546.88,1.0,0.2898
882830c245fffff,54.534753285601525,0.0,0.0,419648.0,1247771.52,1.0,0.3017
882830c247fffff,53.52630242596311,0.0,0.0,411831.0,1247702.4,1.0,0.309
882830c249fffff,25.287696030441285,26.2073406310367,13202.0,194590.0,1247316.48,1.0,0.4364
882830c24bfffff,26.62824633344416,0.0,0.0,204878.0,1247339.52,1.0,0.3394
882830c24dfffff,46.47776120712343,0.0,0.0,357674.0,1247506.56,1.0,0.2653
882830c251fffff,66.94679293897096,0.0,0.0,514946.0,1247437.44,1.0,0.1033
882830c253fffff,69.99612102404966,0.0,0.0,538327.0,1247339.52,1.0,0.0249
882830c255fffff,63.34733828893301,0.0,0.0,487293.0,1247558.4,1.0,0.2359
882830c257fffff,38.564390948839055,0.0,0.0,296612.0,1247564.16,1.0,0.5387
882830c259fffff,25.673447710531782,0.0,0.0,197490.0,1247241.6,1.0,0.2334
882830c25bfffff,51.21123404569718,0.0,0.0,393883.0,1247362.56,1.0,0.1031
882830c25dfffff,57.69967815072889,0.0,0.0,443880.0,1247391.36,1.0,0.1453
882830c261fffff,71.74353506962233,83.23281061519904,3203.0,552071.0,1248013.44,1.0,0.2046
882830c263fffff,73.85493629177031,70.4333986287953,13910.0,568240.0,1248140.16,1.0,0.0954
882830c265fffff,59.93475121014817,88.83282879246552,1912.0,461234.0,1248243.84,1.0,0.2517
882830c267fffff,40.294877711121366,0.0,0.0,310051.0,1248192.0,1.0,0.4302
882830c269fffff,47.673651022264075,0.0,0.0,366877.0,1247771.52,1.0,0.3699
882830c26bfffff,48.21210149041546,0.0,0.0,370970.0,1247909.76,1.0,0.3774
882830c26dfffff,57.055237374413316,0.0,0.0,439105.0,1248094.08,1.0,0.3512
882830c281fffff,17.87660770405785,0.0,0.0,137381.0,1248140.16,1.0,0.1598
882830c283fffff,40.753663320641515,0.0,0.0,313147.0,1248048.0,1.0,0.0024
882830c285fffff,7.7515409884472,0.0,0.0,59574.0,1248445.44,1.0,0.2184
882830c287fffff,24.578445578639396,0.0,0.0,188871.0,1248180.48,1.0,0.0694
882830c289fffff,28.324363743780523,12.678571428571427,8450.0,217687.0,1247950.08,1.0,0.1994
882830c28bfffff,75.15011376800558,0.0,0.0,577485.0,1248013.44,1.0,0.0105
882830c28dfffff,14.718736587549555,0.0,0.0,113129.0,1248094.08,1.0,0.1885
882830c291fffff,32.08072340877304,0.0,0.0,246454.0,1247852.16,1.0,0.0563
882830c293fffff,33.8784852652078,0.0,0.0,260228.0,1248180.48,1.0,0.0161
882830c295fffff,52.77539341917025,0.0,0.0,405464.0,1248134.4,1.0,0.0056
882830c297fffff,44.88880686536865,0.0,0.0,344825.0,1248422.4,1.0,0.0684
882830c299fffff,63.387738522751405,0.0,0.0,486997.0,1247880.96,1.0,0.0134
882830c29bfffff,31.513014258217286,0.0,0.0,242075.0,1247886.72,1.0,0.0468
882830c29dfffff,50.95191282555419,0.0,0.0,391482.0,1248013.44,1.0,0.1326
882830c2a1fffff,53.90556157874098,43.81774756568069,17614.0,414291.0,1248508.8,1.0,0.0582
882830c2a3fffff,61.50684173133172,25.42726135889954,10305.0,472645.0,1248526.08,1.0,0.1298
882830c2a5fffff,25.494628169702782,24.46624973042916,40349.0,195953.0,1248647.04,1.0,0.539
882830c2a7fffff,41.99180917593669,7.996280799628081,22798.0,322706.0,1248929.28,1.0,0.3878
882830c2a9fffff,3.976766823984241,0.0,0.0,30566.0,1248531.84,1.0,0.0684
882830c2abfffff,22.363850252577677,0.0,0.0,171865.0,1248566.4,1.0,0.038
882830c2adfffff,23.286281022234522,11.268939393939394,21588.0,178992.0,1248652.8,1.0,0.2904
882830c2b1fffff,56.6148210009551,52.24096385542168,5708.0,434962.0,1248382.08,1.0,0.2226
882830c2b3fffff,30.003321554118266,10.291595197255575,6025.0,230479.0,1248572.16,1.0,0.5052
882830c2b5fffff,50.56168889586034,17.680668712305575,44813.0,388484.0,1248520.32,1.0,0.2633
882830c2b7fffff,30.515111125459466,17.456391564696695,36524.0,234426.0,1248923.52,1.0,0.4268
882830c2b9fffff,42.26710410350826,0.0,0.0,324754.0,1248289.92,1.0,0.0658
882830c2bbfffff,56.767642282424156,0.0,0.0,436106.0,1248491.52,1.0,0.1408
882830c2bdfffff,45.796741817645106,34.65421504290762,14913.0,351898.0,1248814.08,1.0,0.0379
882830c2c1fffff,12.19138367218806,0.0,0.0,93716.0,1247685.12,1.0,0.3815
882830c2c3fffff,10.214406055990215,0.0,0.0,78508.0,1247875.2,1.0,0.3299
882830c2c5fffff,21.433319484835895,0.0,0.0,164771.0,1247788.8,1.0,0.398
882830c2c7fffff,4.162704165012419,0.0,0.0,31997.0,1247696.64,1.0,0.311
882830c2c9fffff,23.47341547751499,0.0,0.0,180455.0,1247679.36,1.0,0.6155
882830c2cbfffff,14.645319491842418,0.0,0.0,112572.0,1247310.72,1.0,0.364
882830c2cdfffff,48.787378022322955,0.0,0.0,375085.0,1247834.88,1.0,0.28
882830c2d1fffff,28.580133783278477,11.471321695760599,16358.0,219622.0,1247725.44,1.0,0.5023
882830c2d3fffff,35.52630971346771,0.0,0.0,272961.0,1247356.8,1.0,0.4286
882830c2d5fffff,40.798360254640635,9.71557682083998,39128.0,313534.0,1247725.44,1.0,0.2224
882830c2d7fffff,71.56810250918556,0.0,0.0,549921.0,1247869.44,1.0,0.0326
882830c2d9fffff,40.18954018954019,24.11753105896273,22164.0,308854.0,1247178.24,1.0,0.3416
882830c2dbfffff,28.155590853681062,12.442396313364055,10944.0,216344.0,1247431.68,1.0,0.5798
882830c2ddfffff,15.142925730324631,9.915273643233341,22660.0,116381.0,1247708.16,1.0,0.4913
882830c2e1fffff,39.50302247242859,17.89667896678967,2563.0,303684.0,1248249.6,1.0,0.3369
882830c2e3fffff,2.56503723664418,0.0,0.0,19716.0,1248318.72,1.0,0.2472
882830c2e5fffff,63.775204171088454,62.94805443741613,11134.0,490314.0,1248364.8,1.0,0.0952
882830c2e7fffff,29.25121107266436,48.38461538461539,11595.0,224857.0,1248480.0,1.0,0.0428
882830c2e9fffff,17.596344671620436,0.0,0.0,135283.0,1248019.2,1.0,0.5882
882830c2ebfffff,19.60030461772783,0.0,0.0,150669.0,1247990.4,1.0,0.4389
882830c2edfffff,38.16254580022335,28.630419821059878,11946.0,293420.0,1248203.52,1.0,0.3977
882830c301fffff,30.863480205667383,0.0,0.0,237530.0,1249084.8,1.0,0.4947
882830c303fffff,28.014275965103195,0.0,0.0,215572.0,1249159.68,1.0,0.5303
882830c305fffff,24.544813245485017,0.0,0.0,188913.0,1249280.64,1.0,0.5119
882830c307fffff,38.4256484495302,0.0,0.0,295709.0,1249355.52,1.0,0.3221
882830c309fffff,8.288900778569056,0.0,0.0,63797.0,1248814.08,1.0,0.871
882830c30bfffff,22.798610886920105,0.0,0.0,175449.0,1248935.04,1.0,0.6217
882830c30dfffff,12.097971757717744,0.0,0.0,93121.0,1248986.88,1.0,0.7917
882830c311fffff,33.377604995319196,0.0,0.0,256790.0,1249015.68,1.0,0.4882
882830c313fffff,44.49456027966481,0.0,0.0,342271.0,1248946.56,1.0,0.3743
882830c315fffff,39.52043898277731,0.0,0.0,304071.0,1249142.4,1.0,0.4346
882830c317fffff,29.849300918581918,0.0,0.0,229629.0,1249090.56,1.0,0.5265
882830c319fffff,64.79202605093955,0.0,0.0,498511.0,1248802.56,1.0,0.1647
882830c31bfffff,15.359671579141585,0.0,0.0,118161.0,1248739.2,1.0,0.6502
882830c31dfffff,36.72955510770664,0.0,0.0,282617.0,1248992.64,1.0,0.4861
882830c321fffff,0.8011136309161643,0.0,6687.0,6166.0,1249620.48,1.0,0.8984
882830c323fffff,0.6135195556477447,0.0,0.0,4721.0,1249603.2,1.0,0.9247
882830c325fffff,0.2456492884005604,0.0,0.0,1891.0,1249781.76,1.0,0.9952
882830c327fffff,0.20785325836482627,0.0,0.0,1600.0,1249804.8,1.0,0.995
882830c329fffff,19.88788286710063,0.0,6106.0,153081.0,1249436.16,1.0,0.6519
882830c32bfffff,20.520728171228107,2.5927259632697157,15581.0,157930.0,1249499.52,1.0,0.4909
882830c32dfffff,3.458448376792488,0.1105379513633014,15615.0,26622.0,1249614.72,1.0,0.9135
882830c331fffff,9.573663780783521,2.3391812865497075,20200.0,73660.0,1249447.68,1.0,0.7686
882830c333fffff,11.962289376022866,2.453209262979803,53136.0,92025.0,1249430.4,1.0,0.6424
882830c335fffff,5.2009826741458065,2.6615407363596035,37918.0,40019.0,1249683.84,1.0,0.8567
882830c337fffff,10.28460811651649,16.763392857142854,21479.0,79124.0,1249718.4,1.0,0.7753
882830c339fffff,38.15517106251931,0.0,0.0,293587.0,1249395.84,1.0,0.3602
882830c33bfffff,34.37204649082769,0.0,0.0,264441.0,1249361.28,1.0,0.3411
882830c33dfffff,7.264328817137879,4.987531172069826,24140.0,55900.0,1249476.48,1.0,0.8273
882830c341fffff,58.15751358432429,0.0,0.0,447712.0,1248733.44,1.0,0.2695
882830c343fffff,58.72530432817163,0.0,0.0,452020.0,1248704.64,1.0,0.134
882830c345fffff,14.248225543866768,0.0,0.0,109694.0,1248923.52,1.0,0.7783
882830c347fffff,5.71536627325096,0.0,0.0,43995.0,1248877.44,1.0,0.9146
882830c349fffff,83.21353436185134,0.0,0.0,640644.0,1248491.52,1.0,0.0143
882830c34bfffff,68.64000590479442,0.0,0.0,528372.0,1248612.48,1.0,0.0598
882830c34dfffff,35.34293464221132,0.0,0.0,272117.0,1248629.76,1.0,0.5032
882830c351fffff,73.23636330085621,0.0,0.0,563598.0,1248583.68,1.0,0.1262
882830c353fffff,75.99651260949992,0.0,0.0,584758.0,1248658.56,1.0,0.0827
882830c355fffff,68.15600710381253,0.0,0.0,524538.0,1248681.6,1.0,0.0519
882830c357fffff,64.06379720679666,0.0,0.0,492976.0,1248837.12,1.0,0.0925
882830c359fffff,34.453354989341186,0.0,0.0,265158.0,1248318.72,1.0,0.5703
882830c35bfffff,30.699103571412095,0.0,0.0,236232.0,1248474.24,1.0,0.5826
882830c35dfffff,52.10031695063044,0.0,0.0,400999.0,1248497.28,1.0,0.3286
882830c361fffff,23.033863292633445,0.0,0.0,177333.0,1249182.72,1.0,0.5618
882830c363fffff,33.94658698980063,0.0,0.0,261312.0,1249205.76,1.0,0.3101
882830c365fffff,34.86567604575359,0.0,0.0,268442.0,1249349.76,1.0,0.2783
882830c367fffff,35.58553159316595,0.0,0.0,273947.0,1249424.64,1.0,0.2885
882830c369fffff,4.567233420490757,0.0,0.0,35165.0,1249050.24,1.0,0.9048
882830c36bfffff,9.965781536787153,0.0,0.0,76719.0,1249009.92,1.0,0.7838
882830c36dfffff,17.97637272442223,0.0,0.0,138415.0,1249159.68,1.0,0.6629
882830c401fffff,15.608637686775445,7.341782209685749,134340.0,119719.0,1248600.96,1.0,0.1646
882830c403fffff,16.56531728968082,8.000294128460606,144132.0,127039.0,1248433.92,1.0,0.1416
882830c405fffff,15.87019696480465,5.513379822060389,158435.0,121733.0,1248710.4,1.0,0.1593
882830c407fffff,18.290882925434268,9.576006943328297,162029.0,140282.0,1248779.52,1.0,0.1321
882830c409fffff,23.084589050576263,9.01101621487808,127025.0,177072.0,1248433.92,1.0,0.153
882830c40bfffff,18.513716171008006,6.127996855757893,165087.0,141991.0,1248278.4,1.0,0.1466
882830c40dfffff,18.02399878206873,11.173394529927391,135999.0,138264.0,1248543.36,1.0,0.098
882830c411fffff,15.322714604750743,11.256317119393557,129468.0,117485.0,1248330.24,1.0,0.2643
882830c413fffff,13.442718258454184,5.63161706383419,157617.0,103056.0,1248347.52,1.0,0.2338
882830c415fffff,19.820434979192232,8.014346048133003,158072.0,151981.0,1248456.96,1.0,0.1846
882830c417fffff,17.160085442877378,9.524219467401286,181607.0,131563.0,1248497.28,1.0,0.1533
882830c419fffff,9.816834264775785,5.257648570205072,114693.0,75274.0,1248128.64,1.0,0.2164
882830c41bfffff,6.989783204585098,2.135231316725979,109296.0,53589.0,1248203.52,1.0,0.3775
882830c41dfffff,13.039706527005515,7.840031036823898,164195.0,99994.0,1248278.4,1.0,0.2103
882830c421fffff,3.995535405434076,15.14207862981705,12557.0,30648.0,1248865.92,1.0,0.8565
882830c423fffff,1.5356307845551511,0.6928406466512702,7430.0,11778.0,1249050.24,1.0,0.9223
882830c425fffff,0.7897757921962959,0.0,16848.0,6058.0,1249326.72,1.0,0.9584
882830c427fffff,1.1952632161434316,0.03408316291751875,16894.0,9168.0,1249090.56,1.0,0.9418
882830c429fffff,14.019816777836208,10.300108072158949,124301.0,107547.0,1248687.36,1.0,0.2786
882830c42bfffff,20.434556012157607,16.093486181462723,163158.0,156734.0,1248877.44,1.0,0.0796
882830c42dfffff,6.857817413839215,8.956916099773244,18501.0,52611.0,1249125.12,1.0,0.8157
882830c431fffff,0.6383704947371335,0.0,0.0,4895.0,1248779.52,1.0,0.9627
882830c433fffff,1.507813508975849,2.0314547837483614,17222.0,11560.0,1248791.04,1.0,0.9287
882830c435fffff,0.5764140589694638,1.593068753493572,20281.0,4420.0,1249102.08,1.0,0.9793
882830c437fffff,0.03043915397599919,0.0,0.0,233.0,1248917.76,1.0,0.9967
882830c439fffff,7.161375441704264,10.201161518390709,61453.0,54916.0,1248618.24,1.0,0.7117
882830c43bfffff,16.600624593483744,9.497843248962317,128102.0,127283.0,1248658.56,1.0,0.3995
882830c43dfffff,15.450139047100764,12.27243358291209,132952.0,118486.0,1248958.08,1.0,0.1803
882830c441fffff,8.961319439957913,8.036683962833353,87794.0,68753.0,1248180.48,1.0,0.5245
882830c443fffff,12.552610204533707,12.575888985255853,69673.0,96292.0,1248122.88,1.0,0.4795
882830c445fffff,15.5985657127826,7.909779082342036,171677.0,119683.0,1248151.68,1.0,0.1108
882830c447fffff,20.539051468756057,6.81711488163101,160065.0,157568.0,1248272.64,1.0,0.0796
882830c449fffff,11.66275092662257,6.825373993095512,149242.0,89485.0,1247886.72,1.0,0.2226
882830c44bfffff,19.72049402772906,10.894055234826027,164471.0,151288.0,1248007.68,1.0,0.1712
882830c44dfffff,2.887868368218217,5.200501253132832,17430.0,22159.0,1247990.4,1.0,0.8468
882830c451fffff,6.249134564789942,3.9907312049433576,107395.0,47928.0,1247927.04,1.0,0.2596
882830c453fffff,15.111582931388611,8.35573476702509,141385.0,115882.0,1247932.8,1.0,0.1477
882830c455fffff,19.708904978795474,16.33430347454278,134122.0,151168.0,1248186.24,1.0,0.3154
882830c457fffff,12.021782269601736,5.259032839564229,139254.0,92194.0,1248134.4,1.0,0.2645
882830c459fffff,20.032866493717513,7.694112914040499,158590.0,153652.0,1247811.84,1.0,0.1406
882830c45bfffff,13.945372545942178,10.026358813519735,155324.0,106946.0,1247794.56,1.0,0.1408
882830c45dfffff,13.055538888299125,7.793963980576557,86406.0,100143.0,1247955.84,1.0,0.3107
882830c461fffff,14.625764041056394,9.048195689028821,108156.0,112219.0,1248624.0,1.0,0.2134
882830c463fffff,19.351996235433063,12.012547465742117,153487.0,148461.0,1248526.08,1.0,0.1567
882830c465fffff,14.904961555669328,7.50086415485655,169551.0,114369.0,1248808.32,1.0,0.1176
882830c467fffff,16.181089470115904,7.127233474419794,188317.0,124144.0,1248888.96,1.0,0.0976
882830c469fffff,12.291606103812807,7.853705486044274,165439.0,94316.0,1248289.92,1.0,0.2269
882830c46bfffff,21.9135859434119,10.398868621565459,178819.0,168125.0,1248330.24,1.0,0.1317
882830c46dfffff,15.89248482388324,11.013433425523509,103784.0,121955.0,1248698.88,1.0,0.2953
882830c481fffff,0.17207416258009753,0.0,16312.0,1319.0,1248577.92,1.0,0.8584
882830c483fffff,0.30169808970674394,0.0,6445.0,2311.0,1248612.48,1.0,0.872
882830c485fffff,0.10563120410347245,0.0,0.0,809.0,1248721.92,1.0,0.9962
882830c487fffff,1.9238929889298892,0.0,32037.0,14741.0,1248768.0,1.0,0.6312
882830c489fffff,1.5271260963242859,0.12987012987012986,8859.0,11702.0,1248462.72,1.0,0.9245
882830c48bfffff,0.7769893048621813,6.336753168376584,8940.0,5953.0,1248387.84,1.0,0.9306
882830c48dfffff,0.8982325993384358,0.0,17113.0,6884.0,1248531.84,1.0,0.847
882830c491fffff,0.1836233783010685,0.3616636528028933,31738.0,1407.0,1248468.48,1.0,0.9562
882830c493fffff,1.5681371508714947,2.2006713912719134,30205.0,12010.0,1248503.04,1.0,0.843
882830c495fffff,0.0,0.0,0.0,0.0,1248618.24,1.0,0.9976
882830c497fffff,0.14807707388630817,0.3687562856185049,17119.0,1134.0,1248647.04,1.0,0.9889
882830c499fffff,7.322948005684859,6.417725988700565,122124.0,56097.0,1248284.16,1.0,0.4039
882830c49bfffff,2.519368219969454,7.660512537889226,19302.0,19297.0,1248312.96,1.0,0.8023
882830c49dfffff,2.9800407858190847,5.47945205479452,23052.0,22830.0,1248433.92,1.0,0.8358
882830c4a1fffff,0.13925842582644343,0.0,4211.0,1067.0,1249130.88,1.0,0.9846
882830c4a3fffff,0.0,0.0,6872.0,0.0,1249280.64,1.0,0.9861
882830c4a5fffff,5.858836440431781,6.114570361145703,86849.0,44900.0,1249165.44,1.0,0.7231
882830c4a7fffff,1.1114440474818486,0.0,36720.0,8516.0,1249488.0,1.0,0.9644
882830c4a9fffff,0.43954320714338424,0.0,0.0,3368.0,1248860.16,1.0,0.941
882830c4abfffff,0.10930574708402706,0.0,15195.0,838.0,1248900.48,1.0,0.9755
882830c4adfffff,5.791828076000738,3.4592081161053967,78929.0,44389.0,1248998.4,1.0,0.5925
882830c4b1fffff,0.016141528925619836,0.0,17188.0,124.0,1248952.32,1.0,0.9389
882830c4b3fffff,0.0,0.0,3871.0,0.0,1249015.68,1.0,0.9977
882830c4b5fffff,0.001844559012054193,0.0,17441.0,14.0,1249079.04,1.0,0.9953
882830c4b7fffff,0.0,0.0,0.0,0.0,1249171.2,1.0,0.9975
882830c4b9fffff,0.7435252877009294,0.0,15627.0,5696.0,1248796.8,1.0,0.5162
882830c4bbfffff,0.5686718537411044,0.1177336276674025,39093.0,4356.0,1248888.96,1.0,0.7624
882830c4bdfffff,0.12542422900988637,0.0,0.0,961.0,1249136.64,1.0,0.878
882830c4c1fffff,1.4655665688391752,2.4669909659485754,129347.0,11233.0,1248238.08,1.0,0.6801
882830c4c3fffff,4.040590491045265,3.3721066854658677,47370.0,30965.0,1248197.76,1.0,0.689
882830c4c5fffff,8.64742658084758,7.531897379613116,77645.0,66284.0,1248393.6,1.0,0.5557
882830c4c7fffff,1.4680778422669853,0.9582553144619451,51794.0,11252.0,1248456.96,1.0,0.8505
882830c4c9fffff,6.6587900828887365,5.973681172803878,93836.0,51041.0,1248053.76,1.0,0.6115
882830c4cbfffff,7.580904207203382,4.276468695247971,154201.0,58101.0,1248053.76,1.0,0.3068
882830c4cdfffff,1.8476816302421737,10.326178806827786,30563.0,14164.0,1248215.04,1.0,0.8543
882830c4d1fffff,12.419121108352332,4.577556892492806,105062.0,95155.0,1248088.32,1.0,0.3257
882830c4d3fffff,9.930128666629747,2.928685188462219,63193.0,76074.0,1248099.84,1.0,0.4827
882830c4d5fffff,8.39659078848399,8.653908954346548,80559.0,64339.0,1248232.32,1.0,0.4548
882830c4d7fffff,5.203608425812703,6.208718626155878,24538.0,39867.0,1248278.4,1.0,0.7258
882830c4d9fffff,12.279770504364201,7.279710019849832,123765.0,94094.0,1247898.24,1.0,0.2546
882830c4dbfffff,14.452737351777746,5.880693837258496,153769.0,110729.0,1247909.76,1.0,0.2084
882830c4ddfffff,12.027136165401389,3.0404766408170985,118109.0,92165.0,1248105.6,1.0,0.4333
882830c4e1fffff,10.78480662346348,3.2124193052566863,108812.0,82668.0,1248796.8,1.0,0.4209
882830c4e3fffff,7.938741149064741,2.6007384812971583,34946.0,60844.0,1248681.6,1.0,0.6371
882830c4e5fffff,8.629006225501499,2.113878288813015,112291.0,66148.0,1249056.0,1.0,0.4152
882830c4e7fffff,8.371691864916473,3.711827231314324,65745.0,64166.0,1248848.64,1.0,0.4321
882830c4e9fffff,14.881995829719704,7.38969789176266,147260.0,114082.0,1248606.72,1.0,0.3065
882830c4ebfffff,6.113166465231712,3.1364724660814045,139818.0,46855.0,1248641.28,1.0,0.4938
882830c4edfffff,11.503032819022579,5.2732938828390346,155825.0,88185.0,1248739.2,1.0,0.1683
882830c501fffff,0.010140865845563833,0.0,0.0,78.0,1249597.44,1.0,0.9916
882830c503fffff,0.15163176985154833,0.5228302544440572,16439.0,1163.0,1249764.48,1.0,0.9936
882830c505fffff,0.2811591130121359,0.0,0.0,2158.0,1249683.84,1.0,0.9809
882830c507fffff,0.2580692731663256,0.0,0.0,1980.0,1249896.96,1.0,0.9939
882830c509fffff,2.113328630900516,0.0,0.0,16218.0,1249395.84,1.0,0.9437
882830c50bfffff,0.0,0.0,16842.0,0.0,1249568.64,1.0,0.9968
882830c50dfffff,0.000921901144540271,0.0,0.0,7.0,1249591.68,1.0,0.9977
882830c511fffff,0.0,0.0,0.0,0.0,1249499.52,1.0,0.9994
882830c513fffff,0.2899526118783766,0.13433637829124126,21410.0,2224.0,1249528.32,1.0,0.9876
882830c515fffff,0.05854342124065956,0.4884004884004884,4694.0,449.0,1249534.08,1.0,0.9909
882830c517fffff,0.592193188626204,0.8675864030721092,80294.0,4542.0,1249862.4,1.0,0.7704
882830c519fffff,1.5289279061618193,0.0,0.0,11729.0,1249251.84,1.0,0.9647
882830c51bfffff,0.14245605299918399,0.0,0.0,1093.0,1249395.84,1.0,0.9943
882830c51dfffff,0.0,0.0,0.0,0.0,1249459.2,1.0,0.9997
882830c521fffff,1.824087725764836,0.0,0.0,13999.0,1250150.4,1.0,0.9548
882830c523fffff,4.241544558105244,3.8396624472573837,13127.0,32546.0,1250035.2,1.0,0.8576
882830c525fffff,7.417560899193234,5.025319715045919,127475.0,56929.0,1250144.64,1.0,0.2815
882830c527fffff,5.436169575692247,2.520011858879336,18939.0,41716.0,1250398.08,1.0,0.7495
882830c529fffff,1.6442017465035368,0.0,0.0,12619.0,1249948.8,1.0,0.9066
882830c52bfffff,0.15895907149472208,0.0,0.0,1220.0,1250133.12,1.0,0.9857
882830c52dfffff,3.90750262619561,4.966113577938771,46846.0,29992.0,1250173.44,1.0,0.6989
882830c531fffff,5.944536095776154,1.1038390153365245,58314.0,45604.0,1249954.56,1.0,0.6312
882830c533fffff,4.437031473896156,3.9304481565343696,129525.0,34035.0,1250133.12,1.0,0.4308
882830c535fffff,6.876007925171636,1.487353409880276,138868.0,52754.0,1250092.8,1.0,0.2748
882830c537fffff,6.447763669535411,5.130254866923728,116208.0,49461.0,1250219.52,1.0,0.4264
882830c539fffff,1.7523563708432235,0.3200465522257783,19734.0,13444.0,1249718.4,1.0,0.9233
882830c53bfffff,1.5337960530560701,0.40586353435515443,120142.0,11766.0,1249793.28,1.0,0.3537
882830c53dfffff,0.32809245571673457,0.0,3848.0,2517.0,1249989.12,1.0,0.9412
882830c541fffff,4.21264253865201,15.422119579163459,18985.0,32336.0,1249176.96,1.0,0.8075
882830c543fffff,0.1581359323565481,0.0,0.0,1214.0,1249355.52,1.0,0.9957
882830c545fffff,1.8035379217821463,5.070754716981132,9274.0,13845.0,1249384.32,1.0,0.9148
882830c547fffff,0.1931400703417058,0.0,0.0,1482.0,1249580.16,1.0,0.9877
882830c549fffff,7.805049023677099,5.76036866359447,65964.0,59915.0,1248963.84,1.0,0.5808
882830c54bfffff,8.684505392656396,8.838584916391765,46161.0,66657.0,1249165.44,1.0,0.6602
882830c54dfffff,1.7345597897503284,9.303435114503817,10950.0,13316.0,1249257.6,1.0,0.9393
882830c551fffff,3.843476095847146,0.5055064090991154,31743.0,29492.0,1249269.12,1.0,0.9061
882830c553fffff,2.476087698423679,0.12353304508956146,18628.0,18997.0,1248963.84,1.0,0.908
882830c555fffff,0.7096155442230194,0.05221932114882506,11025.0,5445.0,1249217.28,1.0,0.9826
882830c557fffff,1.264568119790514,0.0,945.0,9703.0,1249413.12,1.0,0.9703
882830c559fffff,14.390075174099525,8.035714285714286,125182.0,110426.0,1248940.8,1.0,0.294
882830c55bfffff,24.834539408446677,10.073579242908316,107004.0,190548.0,1248877.44,1.0,0.2851
882830c55dfffff,1.1667589005718504,4.915514592933948,3565.0,8954.0,1248998.4,1.0,0.9379
882830c561fffff,0.3409949680202016,0.0,0.0,2618.0,1249989.12,1.0,0.9843
882830c563fffff,0.3037370254973175,0.0,0.0,2331.0,1249712.64,1.0,0.9842
882830c565fffff,0.7207373271889401,1.171303074670571,15552.0,5533.0,1249920.0,1.0,0.9535
882830c567fffff,1.365027282111783,0.0,0.0,10478.0,1249873.92,1.0,0.9322
882830c569fffff,8.091536894125891,0.0,0.0,62119.0,1249447.68,1.0,0.8048
882830c56bfffff,1.4706966797559131,0.0,0.0,11289.0,1249758.72,1.0,0.9594
882830c56dfffff,3.8945354813431976,0.0,0.0,29900.0,1249603.2,1.0,0.8656
882830c581fffff,0.3041825095057034,0.43756311006395154,17038.0,2332.0,1249776.0,1.0,0.9817
882830c583fffff,0.1479446751439119,0.0,0.0,1134.0,1249764.48,1.0,0.9895
882830c585fffff,3.0812905842285483,2.6676686079278604,119370.0,23624.0,1249845.12,1.0,0.505
882830c587fffff,1.741442554054303,2.6499552372426143,31317.0,13349.0,1249943.04,1.0,0.9512
882830c589fffff,1.290123342981987,4.5015290519877675,44968.0,9891.0,1249666.56,1.0,0.942
882830c58bfffff,0.15304193902292862,1.593625498007968,1423.0,1173.0,1249539.84,1.0,0.9839
882830c58dfffff,1.1375526025894531,0.27722333111554665,51800.0,8722.0,1249672.32,1.0,0.797
882830c591fffff,0.17056271867753964,0.17740981667652278,19446.0,1307.0,1249511.04,1.0,0.9838
882830c593fffff,0.8903882313903329,0.1184459886291851,72858.0,6823.0,1249827.84,1.0,0.9281
882830c595fffff,0.30785538170841303,0.43143875445507407,30574.0,2359.0,1249833.6,1.0,0.9854
882830c597fffff,1.4028425535052629,0.0,8916.0,10750.0,1249850.88,1.0,0.9698
882830c599fffff,0.22222529587776685,0.0,7932.0,1703.0,1249326.72,1.0,0.9703
882830c59bfffff,0.9269758737358371,0.0,3491.0,7103.0,1249585.92,1.0,0.9502
882830c59dfffff,0.24981333136678313,0.0,0.0,1915.0,1249701.12,1.0,0.9816
882830c5a1fffff,0.3804856028117241,1.0730356524749047,16462.0,2917.0,1250444.16,1.0,0.9067
882830c5a3fffff,0.0,0.0,0.0,0.0,1250236.8,1.0,0.9996
882830c5a5fffff,0.0,0.0,0.0,0.0,1250513.28,1.0,0.9975
882830c5a7fffff,0.0023029588415195844,0.0,0.0,18.0,1250565.12,1.0,0.997
882830c5a9fffff,8.544905903761546,4.913725490196078,139663.0,65517.0,1250294.4,1.0,0.2563
882830c5abfffff,3.626343751583933,4.228571428571429,101364.0,27801.0,1250052.48,1.0,0.614
882830c5adfffff,2.2708530096058603,2.8621981681931725,53758.0,17413.0,1250236.8,1.0,0.7225
882830c5b1fffff,0.0,0.0,0.0,0.0,1250282.88,1.0,0.9998
882830c5b3fffff,0.0,0.0,259.0,0.0,1250035.2,1.0,0.99
882830c5b5fffff,0.0,0.0,0.0,0.0,1250305.92,1.0,1.0
882830c5b7fffff,0.0,0.0,0.0,0.0,1250496.0,1.0,0.9997
882830c5b9fffff,1.1372118955681914,1.5087223008015087,24065.0,8716.0,1250046.72,1.0,0.9599
882830c5bbfffff,0.0064516129032258064,0.0,22856.0,49.0,1249920.0,1.0,0.997
882830c5bdfffff,0.0760225026607876,0.0,4815.0,583.0,1250156.16,1.0,0.9304
882830c5c1fffff,0.2664773355954708,0.0,0.0,2043.0,1249367.04,1.0,0.9919
882830c5c3fffff,0.958457616257359,0.0526592943654555,54662.0,7349.0,1249407.36,1.0,0.9461
882830c5c5fffff,0.0,0.0,5184.0,0.0,1249580.16,1.0,0.9948
882830c5c7fffff,0.2198825449214969,0.0,22879.0,1686.0,1249539.84,1.0,0.9395
882830c5c9fffff,1.2804906164983632,0.0,16877.0,9820.0,1249171.2,1.0,0.9601
882830c5cbfffff,2.8490278078762086,4.129289477431297,38782.0,21846.0,1249234.56,1.0,0.8895
882830c5cdfffff,0.27709899027156626,0.0,0.0,2125.0,1249286.4,1.0,0.9765
882830c5d1fffff,9.862382148867017,3.2661808829832837,64996.0,75603.0,1249372.8,1.0,0.7433
882830c5d3fffff,3.9999815562810084,10.406646261477919,35407.0,30659.0,1249205.76,1.0,0.8124
882830c5d5fffff,0.1724384362508011,0.11162790697674418,30925.0,1322.0,1249280.64,1.0,0.9463
882830c5d7fffff,0.19866420218576716,0.0,20425.0,1523.0,1249626.24,1.0,0.9802
882830c5d9fffff,1.2515044337564962,0.46511627906976744,2465.0,9594.0,1249107.84,1.0,0.9492
882830c5dbfffff,10.04468299970949,1.0907924286172603,53274.0,76995.0,1249119.36,1.0,0.6028
882830c5ddfffff,3.54567085992548,10.539308773262439,27135.0,27184.0,1249090.56,1.0,0.8511
882830c5e1fffff,1.6536162485770511,0.430896335600584,161050.0,12682.0,1249799.04,1.0,0.6058
882830c5e3fffff,3.9074379555989713,2.6857266623348495,103519.0,29962.0,1250046.72,1.0,0.5155
882830c5e5fffff,6.001750990692102,3.607182583823296,139761.0,46030.0,1250035.2,1.0,0.4545
882830c5e7fffff,8.63624633647306,3.9543593763609444,190547.0,66226.0,1249943.04,1.0,0.2369
882830c5e9fffff,0.8011616382787471,0.16357688113413305,179292.0,6145.0,1249545.6,1.0,0.4053
882830c5ebfffff,0.025349126607365075,0.0,154500.0,194.0,1249747.2,1.0,0.6271
882830c5edfffff,1.2396598999976958,0.27344271041750035,172259.0,9508.0,1249891.2,1.0,0.3847
882830c601fffff,18.493372130617523,5.128205128205128,162824.0,141913.0,1247097.6,1.0,0.2276
882830c603fffff,16.55174643347019,12.654686833246409,106111.0,126996.0,1247195.52,1.0,0.3172
882830c605fffff,21.171439523037634,8.560971552154385,158296.0,162475.0,1247253.12,1.0,0.1952
882830c607fffff,18.524265388398607,4.980583401065656,121208.0,142140.0,1247287.68,1.0,0.2069
882830c609fffff,22.371946487305514,22.716461717524417,87967.0,171688.0,1246878.72,1.0,0.2579
882830c60bfffff,15.922748961841018,7.121464226289517,96457.0,122178.0,1246976.64,1.0,0.2679
882830c60dfffff,23.154092727222338,10.782934833567746,120574.0,177703.0,1247074.56,1.0,0.166
882830c611fffff,19.650354495277245,11.289993886284899,125366.0,150739.0,1247068.8,1.0,0.2034
882830c613fffff,18.937644341801384,13.163727173404089,160232.0,145251.0,1247040.0,1.0,0.1967
882830c615fffff,23.568288041972252,17.31829483622212,132163.0,180806.0,1247178.24,1.0,0.2384
882830c617fffff,22.146330650189114,16.07300848707278,147525.0,169874.0,1247253.12,1.0,0.1292
882830c619fffff,22.838374085896827,14.645844524595198,128131.0,175207.0,1246861.44,1.0,0.1906
882830c61bfffff,17.148612375201548,11.89950772364624,149472.0,131539.0,1246746.24,1.0,0.1838
882830c61dfffff,23.867394638139054,21.994771370788733,91089.0,183114.0,1246993.92,1.0,0.293
882830c621fffff,19.9245638414271,10.39726287777989,108611.0,152907.0,1247656.32,1.0,0.2444
882830c623fffff,20.09676064205487,11.332858161083392,143309.0,154207.0,1247713.92,1.0,0.1563
882830c625fffff,6.993855968388934,0.0,0.0,53677.0,1247806.08,1.0,0.7316
882830c627fffff,9.828105094071379,5.559521684811708,60958.0,75418.0,1247869.44,1.0,0.5998
882830c629fffff,19.012900902232033,9.164412005285346,166308.0,145920.0,1247466.24,1.0,0.205
882830c62bfffff,14.769070232384188,8.36761983131043,102626.0,113334.0,1247506.56,1.0,0.2515
882830c62dfffff,10.804871517871158,4.379905808477237,70168.0,82931.0,1247650.56,1.0,0.5443
882830c631fffff,17.80985096127209,11.920373124239557,150111.0,136630.0,1247546.88,1.0,0.1936
882830c633fffff,21.621858710657413,9.941172351004973,148141.0,165851.0,1247564.16,1.0,0.1297
882830c635fffff,15.386994617252492,6.471981057616416,143338.0,118051.0,1247719.68,1.0,0.2023
882830c637fffff,18.29134872384329,7.787998821488198,162248.0,140314.0,1247771.52,1.0,0.1762
882830c639fffff,20.520516822593905,10.134300998840299,138367.0,157436.0,1247351.04,1.0,0.2089
882830c63bfffff,21.57435883227588,11.270912826533607,156712.0,165498.0,1247374.08,1.0,0.1649
882830c63dfffff,15.206068945137549,4.8400328137817885,60134.0,116671.0,1247489.28,1.0,0.3548
882830c641fffff,22.940646443176306,14.472628525581682,79822.0,176089.0,1246550.4,1.0,0.3211
882830c643fffff,21.04020550919894,22.590975254730715,61263.0,161479.0,1246682.88,1.0,0.3884
882830c645fffff,14.134848589841315,0.0,0.0,108505.0,1246838.4,1.0,0.6565
882830c647fffff,5.780939622118538,16.734509271822702,10604.0,44371.0,1246867.2,1.0,0.748
882830c649fffff,33.88893766664664,17.990926766040182,109331.0,260144.0,1246469.76,1.0,0.1563
882830c64bfffff,36.89906289854537,23.489383694388216,102326.0,283212.0,1246533.12,1.0,0.0924
882830c64dfffff,29.987803075103486,16.632096069868997,87972.0,230214.0,1246740.48,1.0,0.2156
882830c651fffff,26.194447396264074,17.540265611754734,134473.0,200995.0,1246688.64,1.0,0.1263
882830c653fffff,6.004555977063012,4.070375310956484,153262.0,46068.0,1246573.44,1.0,0.2187
882830c655fffff,36.281697688707794,35.41424187916623,105477.0,278416.0,1246803.84,1.0,0.1117
882830c657fffff,27.17155291095732,21.89522150323544,72305.0,208478.0,1246798.08,1.0,0.2028
882830c659fffff,13.279849159842506,7.7127570077733285,157968.0,101906.0,1246394.88,1.0,0.3048
882830c65bfffff,10.255106756631852,5.804831050856789,157680.0,78684.0,1246348.8,1.0,0.1895
882830c65dfffff,33.78766107458521,25.324872875831193,98968.0,259295.0,1246677.12,1.0,0.1309
882830c661fffff,19.207766237005085,14.453648915187376,62456.0,147447.0,1247195.52,1.0,0.3077
882830c663fffff,14.50276625811636,5.44879306304195,139432.0,111314.0,1247258.88,1.0,0.2299
882830c665fffff,15.753943334195263,15.111960097633451,46074.0,120942.0,1247431.68,1.0,0.4633
882830c667fffff,18.985635063190024,8.700637855658282,146753.0,145731.0,1247437.44,1.0,0.1884
882830c669fffff,22.641779600735344,0.0,0.0,173819.0,1247028.48,1.0,0.4574
882830c66bfffff,24.362000397234144,7.110730349111159,24981.0,187000.0,1247022.72,1.0,0.2455
882830c66dfffff,21.194753613817944,28.447951897782787,21934.0,162722.0,1247212.8,1.0,0.4783
882830c681fffff,20.984307604208038,12.677488470058467,138505.0,160871.0,1247258.88,1.0,0.2357
882830c683fffff,17.451455750271293,10.083933803151476,130815.0,133769.0,1247356.8,1.0,0.2915
882830c685fffff,21.14952187905456,20.418868361167895,118846.0,162149.0,1247483.52,1.0,0.2222
882830c687fffff,13.290394071611608,4.399735602743122,133292.0,101880.0,1247529.6,1.0,0.2431
882830c689fffff,26.005588527353762,17.15278280379243,131869.0,199379.0,1247126.4,1.0,0.1785
882830c68bfffff,19.621644589776274,7.859313938341293,134450.0,150414.0,1247132.16,1.0,0.1735
882830c68dfffff,18.879016541825607,10.204763336339646,154840.0,144751.0,1247281.92,1.0,0.2009
882830c691fffff,12.690268592751321,2.951979322541151,41092.0,97253.0,1247247.36,1.0,0.5648
882830c693fffff,33.20448163747876,11.294765840220386,3709.0,254429.0,1247201.28,1.0,0.4811
882830c695fffff,11.184174070448291,2.825071163864869,104216.0,85717.0,1247362.56,1.0,0.433
882830c697fffff,21.901437068233033,3.9685764594338346,122515.0,167832.0,1247339.52,1.0,0.2222
882830c699fffff,22.11680147075806,6.937324858177842,78428.0,169505.0,1246965.12,1.0,0.3442
882830c69bfffff,11.318767610513188,9.041040227549777,51575.0,86736.0,1246982.4,1.0,0.694
882830c69dfffff,11.73077278353563,2.9378071763792915,151292.0,89912.0,1247132.16,1.0,0.2842
882830c6a1fffff,9.112352289512556,11.181725523112897,85329.0,69863.0,1247846.4,1.0,0.332
882830c6a3fffff,14.391750293115704,9.27685869607728,133615.0,110323.0,1247834.88,1.0,0.3809
882830c6a5fffff,8.470719639626335,5.961834775394097,91400.0,64948.0,1247984.64,1.0,0.3902
882830c6a7fffff,9.637920291694552,6.018283392585069,127907.0,73887.0,1247990.4,1.0,0.3812
882830c6a9fffff,22.476189596827435,18.181818181818183,161430.0,172332.0,1247656.32,1.0,0.2086
882830c6abfffff,11.033451208139825,5.1271500288042136,66401.0,84585.0,1247696.64,1.0,0.4208
882830c6adfffff,11.819717685724573,11.15417992479028,88456.0,90632.0,1247834.88,1.0,0.3616
882830c6b1fffff,19.488865088451455,12.608826178324827,100604.0,149365.0,1247708.16,1.0,0.3525
882830c6b3fffff,16.558260203210185,2.3690089786283357,133407.0,126887.0,1247748.48,1.0,0.2135
882830c6b5fffff,19.661295459475927,8.215433177385718,187586.0,150697.0,1247898.24,1.0,0.1233
882830c6b7fffff,14.210475298071021,6.523783275509873,166055.0,108903.0,1247863.68,1.0,0.1509
882830c6b9fffff,23.749567144539096,8.059108954565506,120056.0,182032.0,1247529.6,1.0,0.3146
882830c6bbfffff,17.107134282601066,7.407693496060559,138090.0,131102.0,1247546.88,1.0,0.2688
882830c6bdfffff,19.46355200590924,10.91369162220144,93283.0,149192.0,1247673.6,1.0,0.4388
882830c6c1fffff,25.84373469821414,16.0,131484.0,198180.0,1246913.28,1.0,0.2023
882830c6c3fffff,19.731061848383924,11.789554531490015,79384.0,151284.0,1246930.56,1.0,0.2538
882830c6c5fffff,26.344500745982547,24.492898856214794,125862.0,202034.0,1246999.68,1.0,0.1909
882830c6c7fffff,24.382696091563282,15.134951749095297,129675.0,186963.0,1247074.56,1.0,0.1437
882830c6c9fffff,21.92530169466467,8.424554625456107,147450.0,168143.0,1246717.44,1.0,0.2386
882830c6cbfffff,26.842508916856094,11.805779353313998,94579.0,205824.0,1246717.44,1.0,0.2498
882830c6cdfffff,20.816164378499234,13.692232055063913,141564.0,159648.0,1246901.76,1.0,0.2413
882830c6d1fffff,29.21479127011993,18.698570809874404,43252.0,223952.0,1246763.52,1.0,0.3845
882830c6d3fffff,34.40338153092807,10.746513535684986,18801.0,263689.0,1246867.2,1.0,0.3377
882830c6d5fffff,35.54290887926017,10.889548861547164,72588.0,272480.0,1246936.32,1.0,0.2007
882830c6d7fffff,17.524920780096632,6.275170242366553,73728.0,134331.0,1246959.36,1.0,0.3551
882830c6d9fffff,39.832650289003986,32.670345181573204,30223.0,305366.0,1246654.08,1.0,0.2707
882830c6dbfffff,59.47785504701615,0.0,0.0,455907.0,1246550.4,1.0,0.1433
882830c6ddfffff,28.623832865940706,18.632636226891165,96589.0,219452.0,1246746.24,1.0,0.1504
882830c6e1fffff,8.673287990654421,8.481776631899683,179925.0,66515.0,1247460.48,1.0,0.2562
882830c6e3fffff,20.698794401887586,15.405030460220761,161568.0,158715.0,1247460.48,1.0,0.1523
882830c6e5fffff,15.122050316033445,9.50359016846175,150998.0,115978.0,1247564.16,1.0,0.1773
882830c6e7fffff,14.384842315203391,13.886739619026564,134623.0,110309.0,1247633.28,1.0,0.3292
882830c6e9fffff,13.049281171922985,9.055379684996288,134035.0,100081.0,1247230.08,1.0,0.3622
882830c6ebfffff,27.803895851998263,18.479874794333643,117009.0,213211.0,1247258.88,1.0,0.1711
882830c6edfffff,15.522822247362225,8.979430379746836,145791.0,119060.0,1247414.4,1.0,0.2469
882830c701fffff,7.669341553341609,2.1206096752816435,8508.0,58881.0,1248232.32,1.0,0.7217
882830c703fffff,6.760280009413632,2.1086666198074084,80220.0,51895.0,1248232.32,1.0,0.4721
882830c705fffff,13.84672172749504,4.209078404401651,20056.0,106316.0,1248364.8,1.0,0.5958
882830c707fffff,15.907151391022358,8.163986570065383,149674.0,122119.0,1248670.08,1.0,0.1481
882830c709fffff,7.492004006073724,0.0,0.0,57524.0,1248024.96,1.0,0.5263
882830c70bfffff,3.7027295170854386,3.10576385002798,59841.0,28426.0,1248220.8,1.0,0.5905
882830c70dfffff,17.166875054788388,0.0,0.0,131817.0,1248439.68,1.0,0.2508
882830c711fffff,6.9035851572919125,0.0,19146.0,52984.0,1248186.24,1.0,0.8028
882830c713fffff,11.3685658116976,3.9220647773279356,109354.0,87240.0,1248157.44,1.0,0.4186
882830c715fffff,5.1467433179999915,4.058110217313002,46028.0,39503.0,1248416.64,1.0,0.7889
882830c717fffff,11.480862921680076,4.056750166260253,149576.0,88108.0,1248491.52,1.0,0.3928
882830c719fffff,15.677604279654563,0.0,0.0,120331.0,1247921.28,1.0,0.5605
882830c71bfffff,2.4915187740878353,0.0,0.0,19121.0,1247932.8,1.0,0.905
882830c71dfffff,4.7690681974445,1.644013998535037,69610.0,36607.0,1248243.84,1.0,0.6097
882830c721fffff,17.83885521326358,11.445322457303083,160082.0,136967.0,1248618.24,1.0,0.2503
882830c723fffff,21.372929743890122,12.443181818181818,133142.0,164079.0,1248888.96,1.0,0.1463
882830c725fffff,8.834298679259204,2.3421052631578947,21375.0,67835.0,1249044.48,1.0,0.7027
882830c727fffff,9.826003145132653,3.681811707733941,77904.0,75439.0,1249015.68,1.0,0.4971
882830c729fffff,23.28911806215351,15.123432447353894,123972.0,178827.0,1248871.68,1.0,0.0688
882830c72bfffff,18.269000129158442,9.732749509285822,172178.0,140260.0,1248698.88,1.0,0.04
882830c72dfffff,16.10605753085964,7.09723717258701,149138.0,123680.0,1248698.88,1.0,0.3212
882830c731fffff,13.377459006941722,5.912065709140422,123385.0,102677.0,1248796.8,1.0,0.1888
882830c733fffff,12.402374834504297,4.927628778203491,154362.0,95180.0,1248612.48,1.0,0.2142
882830c735fffff,13.392651223719776,5.902876001885903,114958.0,102801.0,1248756.48,1.0,0.2295
882830c737fffff,10.885796903607845,4.739769869694429,144012.0,83547.0,1248958.08,1.0,0.2294
882830c739fffff,20.528081126843738,9.718269778030734,146189.0,157571.0,1248462.72,1.0,0.1338
882830c73bfffff,11.255876613040892,4.3727651966626935,147882.0,86387.0,1248474.24,1.0,0.2365
882830c73dfffff,16.405950870718485,8.191852972488373,188755.0,125939.0,1248624.0,1.0,0.0623
882830c741fffff,18.32046973669633,0.0,0.0,140694.0,1247800.32,1.0,0.0958
882830c743fffff,13.781580866402665,0.0,0.0,105823.0,1247996.16,1.0,0.5688
882830c745fffff,33.61698592966216,0.0,0.0,258184.0,1248174.72,1.0,0.1139
882830c747fffff,24.32164236625543,0.0,0.0,186768.0,1247978.88,1.0,0.1058
882830c749fffff,21.462171606893083,0.0,0.0,164833.0,1247748.48,1.0,0.5792
882830c74bfffff,7.832818623717265,0.0,0.0,60149.0,1247771.52,1.0,0.8547
882830c74dfffff,35.41943644286875,0.0,0.0,272046.0,1247754.24,1.0,0.0247
882830c751fffff,1.9596799881819065,4.997284084736556,10074.0,15044.0,1247713.92,1.0,0.9028
882830c753fffff,4.534144573752556,4.968944099378882,3525.0,34804.0,1247748.48,1.0,0.7597
882830c755fffff,14.363189912211874,0.0,0.0,110273.0,1247950.08,1.0,0.5933
882830c757fffff,1.1487727654546631,0.10162601626016261,5662.0,8818.0,1247996.16,1.0,0.9274
882830c759fffff,0.4930998342482767,0.0,0.0,3786.0,1247552.64,1.0,0.9799
882830c75bfffff,10.645262564983334,6.315002802516037,86648.0,81717.0,1247581.44,1.0,0.3496
882830c75dfffff,11.857411921116775,0.0,0.0,91041.0,1247754.24,1.0,0.7865
882830c761fffff,8.522743002685418,1.2664277180406212,23800.0,65456.0,1248341.76,1.0,0.7254
882830c763fffff,13.320197862640507,7.912561576354679,51684.0,102287.0,1248284.16,1.0,0.5396
882830c765fffff,12.768460633463285,2.4873949579831933,100259.0,98071.0,1248451.2,1.0,0.3495
882830c767fffff,21.023277699355088,4.634109464771696,145325.0,161451.0,1248618.24,1.0,0.1132
882830c769fffff,48.999413998514235,0.0,0.0,376350.0,1248324.48,1.0,0.0964
882830c76bfffff,26.917983619794672,1.2,2845.0,206720.0,1248336.0,1.0,0.5095
882830c76dfffff,33.297650467876196,0.0,0.0,255767.0,1248330.24,1.0,0.3961
882830c801fffff,2.295817511469893,0.0,17608.0,17660.0,1252949.76,1.0,0.9049
882830c803fffff,1.0238233157715684,0.0,939.0,7875.0,1252903.68,1.0,0.928
882830c805fffff,1.2912567803622323,2.067777139574957,19642.0,9933.0,1253030.4,1.0,0.9609
882830c807fffff,3.0939729352062955,4.108295293562096,35090.0,23798.0,1253099.52,1.0,0.8736
882830c809fffff,3.798387949624575,2.3814171383954714,86417.0,29221.0,1252725.12,1.0,0.7086
882830c80bfffff,0.6322042548495814,0.04502881844380403,191791.0,4863.0,1252759.68,1.0,0.6971
882830c80dfffff,1.8880935633800875,2.2159690467815687,32026.0,14526.0,1252920.96,1.0,0.9087
882830c811fffff,2.6970734959424356,0.0,0.0,20740.0,1252771.2,1.0,0.8763
882830c813fffff,0.45701989921653735,0.0,0.0,3514.0,1252776.96,1.0,0.9281
882830c815fffff,0.09929893115733825,0.0,0.0,764.0,1252944.0,1.0,0.9525
882830c817fffff,0.6160268109579217,0.0,0.0,4737.0,1252932.48,1.0,0.9136
882830c819fffff,1.0465618878578589,2.4604743083003955,56857.0,8048.0,1252650.24,1.0,0.746
882830c81bfffff,2.147462132011441,0.0,0.0,16512.0,1252604.16,1.0,0.8551
882830c81dfffff,0.4873540811306615,1.2316561844863732,21709.0,3748.0,1252805.76,1.0,0.88
882830c821fffff,3.172779536858746,7.203263356879912,53724.0,24408.0,1253381.76,1.0,0.6995
882830c823fffff,11.479658656961275,10.084745762711865,24445.0,88299.0,1253439.36,1.0,0.6912
882830c825fffff,4.26433353705329,4.380276520249602,90029.0,32807.0,1253485.44,1.0,0.6958
882830c827fffff,3.5468618612409193,4.944447676109593,94124.0,27284.0,1253543.04,1.0,0.7195
882830c829fffff,0.08457048306292228,0.0,13185.0,651.0,1253203.2,1.0,0.9746
882830c82bfffff,0.9532126114532585,0.4451510333863275,18035.0,7332.0,1253260.8,1.0,0.9545
882830c82dfffff,2.367810281039594,0.4390243902439025,23512.0,18218.0,1253289.6,1.0,0.9053
882830c831fffff,0.01103007073032856,0.0,16462.0,85.0,1253301.12,1.0,0.9813
882830c833fffff,0.0059745118134481665,0.0,22977.0,46.0,1253324.16,1.0,0.9835
882830c835fffff,7.520552162744639,14.82322413233863,15126.0,57838.0,1253473.92,1.0,0.7753
882830c837fffff,5.891408037790296,26.187305814469596,19158.0,45303.0,1253502.72,1.0,0.7987
882830c839fffff,2.342855829560341,0.0,0.0,18018.0,1253116.8,1.0,0.8708
882830c83bfffff,2.2333247536402414,0.0,0.0,17174.0,1253191.68,1.0,0.9224
882830c83dfffff,3.83724457435954,5.130139569973595,28973.0,29513.0,1253249.28,1.0,0.8398
882830c841fffff,5.242028199067389,4.161235335405595,55054.0,40335.0,1252535.04,1.0,0.7576
882830c843fffff,8.642650872772085,5.019089300679766,58752.0,66491.0,1252615.68,1.0,0.668
882830c845fffff,2.5978444787758406,3.55196770938446,27527.0,19990.0,1252730.88,1.0,0.8902
882830c847fffff,1.4184625429332058,8.973826339842127,12620.0,10914.0,1252736.64,1.0,0.9378
882830c849fffff,3.243951798362616,4.541389247739243,55331.0,24962.0,1252339.2,1.0,0.8429
882830c84bfffff,4.709670001149822,2.548476454293629,50659.0,36236.0,1252368.0,1.0,0.7252
882830c84dfffff,2.889899607720502,3.59982332155477,50285.0,22239.0,1252494.72,1.0,0.8346
882830c851fffff,10.352979051210706,6.403994355801585,149005.0,79633.0,1252425.6,1.0,0.2889
882830c853fffff,6.442355451719127,2.8509428314875787,149564.0,49547.0,1252431.36,1.0,0.2858
882830c855fffff,6.688494134634397,6.131885806192199,80680.0,51450.0,1252586.88,1.0,0.7146
882830c857fffff,3.584451893850561,3.069173548878346,190644.0,27569.0,1252609.92,1.0,0.3151
882830c859fffff,9.670148711367473,4.45117335352006,145405.0,74386.0,1252229.76,1.0,0.3972
882830c85bfffff,5.985410188950012,0.962228065981353,190898.0,46036.0,1252293.12,1.0,0.3062
882830c85dfffff,5.020833908220426,0.7796257796257797,87967.0,38625.0,1252419.84,1.0,0.5322
882830c861fffff,2.5622991739412244,2.855808367251618,83860.0,19717.0,1253024.64,1.0,0.6567
882830c863fffff,1.0801816543786429,4.665990436168671,37895.0,8311.0,1253122.56,1.0,0.8908
882830c865fffff,2.208565834107059,0.5106227774231786,125695.0,16996.0,1253157.12,1.0,0.579
882830c867fffff,0.4582580677780689,0.03999200159968006,86383.0,3526.0,1253162.88,1.0,0.941
882830c869fffff,0.2740129098699818,1.1811023622047243,2892.0,2109.0,1252846.08,1.0,0.9435
882830c86bfffff,0.32503505505367447,3.961584633853541,4608.0,2501.0,1252886.4,1.0,0.9547
882830c86dfffff,0.4132953291651343,2.459396751740139,36323.0,3181.0,1252915.2,1.0,0.8137
882830c881fffff,0.0,0.0,0.0,0.0,1253088.0,1.0,1.0
882830c885fffff,0.0,0.0,0.0,0.0,1253255.04,1.0,1.0
882830c889fffff,0.0,0.0,0.0,0.0,1252840.32,1.0,0.9968
882830c88bfffff,0.07171292763430084,0.41060097051138483,15368.0,551.0,1252995.84,1.0,0.9861
882830c88dfffff,0.0,0.0,0.0,0.0,1253013.12,1.0,0.9955
882830c8a1fffff,2.629704680901902,0.0,24221.0,20210.0,1253543.04,1.0,0.8337
882830c8a5fffff,0.8319857400124959,0.0,18184.0,6395.0,1253790.72,1.0,0.8786
882830c8a7fffff,2.9699831861740735,4.506437768240343,17942.0,22824.0,1253825.28,1.0,0.8654
882830c8a9fffff,0.03722238305967989,0.0,17695.0,286.0,1253439.36,1.0,0.98
882830c8adfffff,0.3253108372618752,0.0,7505.0,2500.0,1253594.88,1.0,0.9482
882830c8c1fffff,0.0,0.0,0.0,0.0,1252759.68,1.0,0.9792
882830c8c3fffff,0.13656428177303662,0.0,0.0,1050.0,1252684.8,1.0,0.9738
882830c8c5fffff,0.06528135343876426,0.0,0.0,502.0,1252915.2,1.0,0.9849
882830c8c7fffff,0.0,0.0,0.0,0.0,1252805.76,1.0,0.9779
882830c8c9fffff,9.91211409071886,2.9610464280580713,77772.0,76200.0,1252460.16,1.0,0.505
882830c8cbfffff,4.208783628420327,0.0,6486.0,32351.0,1252512.0,1.0,0.7426
882830c8cdfffff,4.675278093284835,0.0,0.0,35944.0,1252586.88,1.0,0.7763
882830c8d1fffff,0.0,0.0,0.0,0.0,1252679.04,1.0,1.0
882830c8d5fffff,0.0,0.0,0.0,0.0,1252759.68,1.0,1.0
882830c8d9fffff,3.0511530359754584,2.2997220116249686,22268.0,23448.0,1252373.76,1.0,0.7464
882830c8dbfffff,0.40657698056801195,5.454545454545454,2396.0,3124.0,1252368.0,1.0,0.9227
882830c8ddfffff,1.3930215552724647,0.0,0.0,10706.0,1252460.16,1.0,0.8579
882830c8e1fffff,0.00873298217552375,0.0,0.0,67.0,1253180.16,1.0,0.9594
882830c8e3fffff,0.02068299857517121,0.0,0.0,159.0,1253203.2,1.0,0.989
882830c8e5fffff,0.0027574036287431754,0.0,16514.0,21.0,1253352.96,1.0,0.984
882830c8e7fffff,0.00505514705882353,0.0,17833.0,39.0,1253376.0,1.0,0.9768
882830c8e9fffff,0.0,0.0,0.0,0.0,1253047.68,1.0,0.9985
882830c8ebfffff,0.0022984173098404437,0.0,0.0,18.0,1253036.16,1.0,0.9677
882830c8edfffff,0.15765693299810168,0.0,0.0,1212.0,1253151.36,1.0,0.9812
882830c901fffff,3.673336273104766,0.0,0.0,28270.0,1253975.04,1.0,0.8647
882830c903fffff,1.6775610137025314,0.0,8006.0,12909.0,1253934.72,1.0,0.802
882830c905fffff,5.908424925249054,0.0,18536.0,45474.0,1254084.48,1.0,0.7596
882830c907fffff,15.785098536307562,0.0,0.0,121473.0,1254165.12,1.0,0.7003
882830c909fffff,0.3326242861671483,0.0,0.0,2560.0,1253738.88,1.0,0.9851
882830c90bfffff,0.8416642164069392,0.0,17660.0,6477.0,1253744.64,1.0,0.9448
882830c90dfffff,0.5843090958367977,0.0,11912.0,4497.0,1253911.68,1.0,0.9749
882830c911fffff,7.929493157418424,8.017083587553387,43419.0,61004.0,1253842.56,1.0,0.6873
882830c913fffff,3.646996132043402,2.716950527169505,13818.0,28054.0,1253871.36,1.0,0.8103
882830c915fffff,3.079382286202493,8.324661810613945,10149.0,23692.0,1253986.56,1.0,0.8417
882830c917fffff,7.924011795074362,13.157113157113157,16842.0,60958.0,1254055.68,1.0,0.7656
882830c919fffff,4.613412482540616,3.6546555795092908,54058.0,35495.0,1253652.48,1.0,0.7039
882830c91bfffff,3.7964447670812445,3.4127979924717695,66511.0,29205.0,1253669.76,1.0,0.7478
882830c91dfffff,12.17704887908857,23.20707556239185,23005.0,93695.0,1253836.8,1.0,0.5681
882830c921fffff,8.633404046248083,0.0,0.0,66447.0,1254424.32,1.0,0.7499
882830c923fffff,2.6273135925138553,0.0,0.0,20218.0,1254464.64,1.0,0.7879
882830c927fffff,0.19741342503110407,0.20335536349771224,22614.0,1519.0,1254625.92,1.0,0.9724
882830c929fffff,10.859352397397098,0.0,0.0,83585.0,1254280.32,1.0,0.6231
882830c92bfffff,7.4462711241734025,0.0,10506.0,57306.0,1254297.6,1.0,0.589
882830c92dfffff,6.0416829287331195,0.0,16813.0,46506.0,1254453.12,1.0,0.818
882830c931fffff,0.0,0.0,0.0,0.0,1254378.24,1.0,0.9998
882830c933fffff,0.0,0.0,0.0,0.0,1254401.28,1.0,0.9998
882830c935fffff,3.4878382473119265,0.0,0.0,26837.0,1254608.64,1.0,0.8201
882830c937fffff,0.0,0.0,0.0,0.0,1254499.2,1.0,1.0
882830c939fffff,0.25029507263149675,0.0,0.0,1926.0,1254199.68,1.0,0.9159
882830c93bfffff,0.0,0.0,0.0,0.0,1254274.56,1.0,1.0
882830c93dfffff,7.122586925775582,0.0,0.0,54808.0,1254366.72,1.0,0.7387
882830c941fffff,1.3338418136205328,0.0,0.0,10268.0,1253617.92,1.0,0.9652
882830c943fffff,0.8679430805776486,1.1213456147376852,14221.0,6681.0,1253612.16,1.0,0.9349
882830c945fffff,0.16998442575126224,0.16616816218012628,17303.0,1309.0,1253761.92,1.0,0.9412
882830c947fffff,0.6749058164109161,0.0,0.0,5195.0,1253721.6,1.0,0.9668
882830c949fffff,0.2674595478922625,0.0,0.0,2059.0,1253393.28,1.0,0.9727
882830c94bfffff,0.998575433114287,0.195248942401562,17666.0,7687.0,1253433.6,1.0,0.8473
882830c94dfffff,0.13049371654375444,0.0,17078.0,1005.0,1253577.6,1.0,0.9731
882830c951fffff,7.511706884429269,0.0,3329.0,57806.0,1253416.32,1.0,0.795
882830c953fffff,5.548968787912209,2.4244684819097353,15068.0,42696.0,1253422.08,1.0,0.6839
882830c955fffff,3.713540039331728,0.0484027105517909,11894.0,28579.0,1253583.36,1.0,0.8846
882830c957fffff,5.167518194515916,0.0,0.0,39764.0,1253652.48,1.0,0.8563
882830c959fffff,3.9795210235811553,5.275707898658719,36611.0,30626.0,1253312.64,1.0,0.8047
882830c95bfffff,4.068773439223472,1.2625276584667449,43695.0,31309.0,1253283.84,1.0,0.7508
882830c95dfffff,4.510424756556545,0.0,0.0,34715.0,1253416.32,1.0,0.7827
882830c961fffff,0.15111013126831466,0.12330456226880394,13997.0,1163.0,1254078.72,1.0,0.9352
882830c963fffff,3.8265095214911033,0.0,0.0,29455.0,1254055.68,1.0,0.8541
882830c967fffff,1.447504982686885,0.0,0.0,11143.0,1254263.04,1.0,0.9268
882830c969fffff,0.3059326121408393,0.0,11520.0,2355.0,1253923.2,1.0,0.9695
882830c96bfffff,0.11116776686006184,0.0,15143.0,856.0,1253888.64,1.0,0.9464
882830c981fffff,0.3522355707410265,0.0,0.0,2708.0,1254251.52,1.0,0.9439
882830c983fffff,24.780943458613468,0.0,27729.0,190503.0,1254251.52,1.0,0.5835
882830c985fffff,5.352608110652406,0.0,0.0,41157.0,1254314.88,1.0,0.8906
882830c987fffff,0.13316740980203975,0.0,0.0,1024.0,1254360.96,1.0,0.984
882830c989fffff,10.102244228666967,4.718909710391823,32216.0,77677.0,1254032.64,1.0,0.8202
882830c98bfffff,1.0329496706870103,0.0,20776.0,7941.0,1254101.76,1.0,0.8994
882830c98dfffff,3.35185780553897,9.812543392733165,22447.0,25774.0,1254124.8,1.0,0.8232
882830c991fffff,1.5803614485498427,0.0,1008.0,12146.0,1254153.6,1.0,0.9331
882830c993fffff,7.708699785525004,0.42636930141029844,17487.0,59240.0,1254188.16,1.0,0.8833
882830c995fffff,3.5240793721499455,0.0,0.0,27088.0,1254291.84,1.0,0.913
882830c997fffff,27.583530794805384,2.3882424984690753,9181.0,211989.0,1254320.64,1.0,0.5617
882830c999fffff,3.089184409380096,0.0,30931.0,23745.0,1253923.2,1.0,0.8874
882830c99bfffff,0.06017565779803028,0.07000350017500875,16445.0,462.0,1253928.96,1.0,0.9885
882830c99dfffff,2.2753159905937683,0.0,40948.0,17490.0,1254113.28,1.0,0.9104
882830c9a1fffff,0.7294880270309975,0.0,0.0,5609.0,1254666.24,1.0,0.9724
882830c9a3fffff,0.20520589450488913,0.0,0.0,1578.0,1254700.8,1.0,0.9842
882830c9a5fffff,0.0,0.0,0.0,0.0,1254810.24,1.0,0.9998
882830c9a7fffff,0.3562002249202451,0.0,0.0,2739.0,1254844.8,1.0,0.992
882830c9a9fffff,2.625525173910049,0.0,0.0,20189.0,1254441.6,1.0,0.8796
882830c9abfffff,0.0,0.0,0.0,0.0,1254545.28,1.0,0.9985
882830c9adfffff,7.016255273438396,0.0,0.0,53956.0,1254741.12,1.0,0.5877
882830c9b1fffff,2.2247625343745554,1.686548745372275,13766.0,17100.0,1254648.96,1.0,0.918
882830c9b3fffff,13.185693233621176,0.12391573729863693,13928.0,101336.0,1254683.52,1.0,0.6833
882830c9b5fffff,0.30298300540778755,0.0,0.0,2329.0,1254723.84,1.0,0.9814
882830c9b7fffff,0.29974478086040063,0.32733224222585927,3508.0,2304.0,1254827.52,1.0,0.9603
882830c9b9fffff,15.972193524984963,2.3195876288659796,17464.0,122777.0,1254476.16,1.0,0.7442
882830c9bbfffff,14.922152279416153,0.0,0.0,114690.0,1254510.72,1.0,0.7648
882830c9bdfffff,0.9572782993962489,0.0,0.0,7359.0,1254556.8,1.0,0.9751
882830c9c1fffff,0.035373837142528994,0.0,15339.0,272.0,1253808.0,1.0,0.99
882830c9c3fffff,0.7102070441881084,0.6305418719211823,29048.0,5461.0,1253854.08,1.0,0.9594
882830c9c5fffff,3.9679732467281905,0.49489638107021344,18530.0,30519.0,1253911.68,1.0,0.8464
882830c9c7fffff,5.737147686767354,2.094336186486979,30966.0,44120.0,1253975.04,1.0,0.8354
882830c9c9fffff,0.2444336215689698,1.9658561821003622,21830.0,1880.0,1253640.96,1.0,0.9691
882830c9cbfffff,0.0,0.0,0.0,0.0,1253681.28,1.0,0.9989
882830c9cdfffff,1.607086248799739,0.5857294994675186,10754.0,12361.0,1253727.36,1.0,0.9143
882830c9d1fffff,0.3886831634950243,0.0,17764.0,2988.0,1253710.08,1.0,0.9825
882830c9d3fffff,0.09234373923230653,0.0,0.0,710.0,1253750.4,1.0,0.9781
882830c9d5fffff,0.2981358470457448,0.0,24722.0,2292.0,1253871.36,1.0,0.9752
882830c9d7fffff,0.50759089551896,0.0,0.0,3902.0,1253923.2,1.0,0.9727
882830c9d9fffff,3.299268463037165,11.178349302403765,30436.0,25367.0,1253514.24,1.0,0.8026
882830c9dbfffff,0.04365086658457241,0.0,16047.0,336.0,1253583.36,1.0,0.9817
882830c9ddfffff,0.0983207369460844,0.0,0.0,756.0,1253692.8,1.0,0.9709
882830c9e1fffff,0.0,0.0,0.0,0.0,1254245.76,1.0,0.9999
882830c9e3fffff,12.680072924655239,0.0,0.0,97511.0,1254291.84,1.0,0.7556
882830c9e5fffff,0.0,0.0,0.0,0.0,1254430.08,1.0,1.0
882830c9e7fffff,0.03443794970222653,0.0,0.0,265.0,1254430.08,1.0,0.9848
882830c9e9fffff,2.866958782300365,8.968328629664471,16721.0,22052.0,1254078.72,1.0,0.7632
882830c9ebfffff,3.419404027042916,6.88037529319781,27441.0,26298.0,1254113.28,1.0,0.7472
882830c9edfffff,0.0,0.0,0.0,0.0,1254199.68,1.0,1.0
882830ca01fffff,11.348177056966396,8.185211822322684,154420.0,87337.0,1251567.36,1.0,0.2494
882830ca03fffff,5.715008858516831,3.5744168144850903,165951.0,43977.0,1251676.8,1.0,0.4504
882830ca05fffff,10.4720666663599,0.5740253527864148,23944.0,80600.0,1251768.96,1.0,0.5147
882830ca07fffff,1.7273032627350655,2.053524742121025,118685.0,13293.0,1251838.08,1.0,0.32
882830ca09fffff,13.54834552308535,8.74780270913039,152496.0,104277.0,1251411.84,1.0,0.2618
882830ca0bfffff,11.447482888613736,9.106696727804522,171838.0,88095.0,1251377.28,1.0,0.2496
882830ca0dfffff,6.326911925777978,6.185049450273608,107637.0,48699.0,1251613.44,1.0,0.5375
882830ca11fffff,11.665884215661908,6.698888788508447,237946.0,89751.0,1251452.16,1.0,0.1912
882830ca13fffff,10.646121842222744,7.853888642502923,131645.0,81894.0,1251538.56,1.0,0.3991
882830ca15fffff,9.01635572082064,4.873588442371874,119848.0,69372.0,1251613.44,1.0,0.443
882830ca17fffff,4.612659043324207,3.3076187875477876,163164.0,35485.0,1251734.4,1.0,0.289
882830ca19fffff,13.553299025068355,4.616459898654552,157213.0,104279.0,1251336.96,1.0,0.2554
882830ca1bfffff,10.466550673405322,7.072272248859783,183082.0,80518.0,1251383.04,1.0,0.3976
882830ca1dfffff,6.464098823161218,3.7565204338199423,147721.0,49738.0,1251515.52,1.0,0.4644
882830ca21fffff,8.365918061293023,8.60848050507636,61701.0,64389.0,1252120.32,1.0,0.6785
882830ca23fffff,8.347325277040484,8.596783139212425,37970.0,64237.0,1252149.12,1.0,0.6745
882830ca25fffff,6.883799658707781,5.9376728747925505,29382.0,52986.0,1252275.84,1.0,0.7063
882830ca27fffff,4.018526524942737,1.61776367961935,35729.0,30927.0,1252327.68,1.0,0.7963
882830ca29fffff,2.5857626619552416,13.651137594799568,4591.0,19903.0,1251901.44,1.0,0.7637
882830ca2bfffff,1.485553919764446,1.5321375186846038,15178.0,11433.0,1251993.6,1.0,0.9054
882830ca2dfffff,7.630451883576611,14.614196128328638,54115.0,58737.0,1252103.04,1.0,0.6901
882830ca31fffff,3.971974440247869,5.914481897627965,34727.0,30560.0,1252068.48,1.0,0.5572
882830ca33fffff,6.156089840910555,6.501880709296078,40090.0,47358.0,1252005.12,1.0,0.6236
882830ca35fffff,2.7263485696674747,2.865228157056951,31634.0,20978.0,1252206.72,1.0,0.836
882830ca37fffff,9.801558460675087,7.553642295015807,79165.0,75408.0,1252189.44,1.0,0.5329
882830ca39fffff,8.965793324314623,5.0894266175697,166280.0,68987.0,1251797.76,1.0,0.2535
882830ca3bfffff,8.665985718492344,3.6759941089837995,94182.0,66671.0,1251901.44,1.0,0.3763
882830ca3dfffff,4.150372203870184,0.6555423122765197,38408.0,31937.0,1251959.04,1.0,0.6847
882830ca41fffff,4.010164669487117,8.208886003153697,57001.0,30871.0,1251204.48,1.0,0.6598
882830ca43fffff,12.854413626424213,11.987659762009697,207049.0,98943.0,1251216.0,1.0,0.2621
882830ca45fffff,2.5906234896085065,2.8156996587030716,52485.0,19945.0,1251331.2,1.0,0.6251
882830ca47fffff,13.12577099405299,13.339394319393067,159224.0,101038.0,1251371.52,1.0,0.2198
882830ca49fffff,3.3891359798152805,2.121095256459699,14619.0,26092.0,1251037.44,1.0,0.8733
882830ca4bfffff,7.145257904260266,4.13393964448119,53430.0,55002.0,1251031.68,1.0,0.5834
882830ca4dfffff,3.140076602953633,0.6538537745195165,28881.0,24176.0,1251210.24,1.0,0.8438
882830ca51fffff,16.887188553118612,6.160069165688878,175052.0,129957.0,1251141.12,1.0,0.2513
882830ca53fffff,16.356370734581883,7.8976867420768375,208236.0,125854.0,1251141.12,1.0,0.2206
882830ca55fffff,12.998186320993565,5.611901826739886,194049.0,100035.0,1251290.88,1.0,0.2188
882830ca57fffff,12.779435053216956,8.608182609536707,163279.0,98338.0,1251210.24,1.0,0.2816
882830ca59fffff,16.543950047659177,10.34861809045226,98652.0,127324.0,1250881.92,1.0,0.4041
882830ca5bfffff,13.185887163618279,7.294102572316366,166694.0,101466.0,1250864.64,1.0,0.3075
882830ca5dfffff,11.777679549870616,7.868405093996361,140014.0,90649.0,1250968.32,1.0,0.3057
882830ca61fffff,0.8227952951571043,1.3362336855189558,18288.0,6334.0,1251694.08,1.0,0.9639
882830ca63fffff,2.2326317630060464,0.0,13530.0,17186.0,1251774.72,1.0,0.8332
882830ca65fffff,4.4571128840791765,0.1238850346878097,23219.0,34317.0,1251866.88,1.0,0.8586
882830ca67fffff,3.369726750311713,4.958803783948733,35879.0,25941.0,1251918.72,1.0,0.8512
882830ca69fffff,3.3458515123064747,0.0,6515.0,25761.0,1251555.84,1.0,0.9138
882830ca6bfffff,11.636137702503682,0.1418104467029071,24336.0,89578.0,1251532.8,1.0,0.5945
882830ca6dfffff,2.0868708901068054,0.0,15558.0,16069.0,1251711.36,1.0,0.9024
882830ca81fffff,3.399469925642347,0.8303393213572855,71545.0,26137.0,1251809.28,1.0,0.8052
882830ca83fffff,4.323041035763088,2.3990471869328496,99124.0,33234.0,1251918.72,1.0,0.538
882830ca85fffff,6.635291303227706,2.098313910240516,181941.0,51020.0,1252039.68,1.0,0.2602
882830ca87fffff,10.701468639575971,4.343241956329502,162000.0,82274.0,1251901.44,1.0,0.2809
882830ca89fffff,0.15186028853454822,0.02756719503790489,125332.0,1168.0,1251676.8,1.0,0.8297
882830ca8bfffff,1.5255828508840557,0.8999491333098565,145884.0,11729.0,1251613.44,1.0,0.7109
882830ca8dfffff,3.7437535086185476,2.243993468626079,120695.0,28788.0,1251774.72,1.0,0.6181
882830ca91fffff,4.283025726683324,3.083804143126177,47428.0,32919.0,1251780.48,1.0,0.6609
882830ca93fffff,5.436288247990097,3.053313084485653,69863.0,41778.0,1251642.24,1.0,0.6691
882830ca95fffff,9.847041607995804,4.73670949861426,65336.0,75690.0,1251728.64,1.0,0.4539
882830ca97fffff,5.208577751399797,1.610541727672035,89027.0,40030.0,1251953.28,1.0,0.636
882830ca99fffff,11.541576922368883,6.278845834578477,162582.0,88715.0,1251555.84,1.0,0.2721
882830ca9bfffff,10.265981193992756,5.972993795872025,133563.0,78899.0,1251480.96,1.0,0.3073
882830ca9dfffff,2.2955391617692404,0.44632810741879825,152888.0,17646.0,1251596.16,1.0,0.3616
882830caa1fffff,12.73795999466473,5.223808136712302,168670.0,97944.0,1252344.96,1.0,0.3128
882830caa3fffff,8.243064850717778,3.839394865525672,144985.0,63374.0,1252264.32,1.0,0.2462
882830caa5fffff,4.697214966336779,3.595548368686388,58378.0,36120.0,1252500.48,1.0,0.6448
882830caa7fffff,10.339039174385341,1.798447655707705,89637.0,79493.0,1252442.88,1.0,0.4564
882830caa9fffff,9.472769009251039,1.8915596831466812,165508.0,72843.0,1252114.56,1.0,0.2718
882830caabfffff,10.71191992050933,3.2600710175094894,182033.0,82360.0,1252131.84,1.0,0.1708
882830caadfffff,8.465189873417721,4.077099455431356,77109.0,65099.0,1252270.08,1.0,0.5495
882830cab1fffff,4.177017204894654,2.725601470705779,70099.0,32107.0,1252108.8,1.0,0.591
882830cab3fffff,2.249278988790403,1.2138905961893054,37031.0,17287.0,1252241.28,1.0,0.7297
882830cab5fffff,7.443041234742777,2.386192921776194,160934.0,57215.0,1252442.88,1.0,0.3039
882830cab7fffff,5.21924317064308,4.442825928623452,7557.0,40115.0,1252264.32,1.0,0.7971
882830cab9fffff,10.897406408994305,4.761157327473447,104849.0,83769.0,1252120.32,1.0,0.4418
882830cabbfffff,3.2151500372677666,2.4493309335628766,71804.0,24712.0,1251912.96,1.0,0.611
882830cabdfffff,8.081426106958022,4.583086930810172,185875.0,62127.0,1252080.0,1.0,0.2828
882830cac1fffff,6.048568982500068,1.2293986636971046,127722.0,46518.0,1251406.08,1.0,0.4825
882830cac3fffff,3.6660130899450443,2.179764206376284,148631.0,28191.0,1251452.16,1.0,0.2501
882830cac5fffff,8.732569377329835,4.225610203034523,150526.0,67165.0,1251590.4,1.0,0.3207
882830cac7fffff,5.614698829561511,2.9124389327320555,89286.0,43178.0,1251469.44,1.0,0.5886
882830cac9fffff,3.5527690700104495,9.025768223783933,76055.0,27326.0,1251296.64,1.0,0.6852
882830cacbfffff,1.7341785554803633,0.26854219948849106,89844.0,13336.0,1251192.96,1.0,0.6804
882830cacdfffff,11.152029608624801,10.667089544349297,194688.0,85780.0,1251267.84,1.0,0.2305
882830cad1fffff,12.313924050632911,6.419539608775532,199503.0,94671.0,1251360.0,1.0,0.1152
882830cad3fffff,9.372195038872446,3.7205651491365774,141304.0,72045.0,1251354.24,1.0,0.2484
882830cad5fffff,5.376393581469855,2.296597115249965,160750.0,41337.0,1251336.96,1.0,0.3751
882830cad7fffff,8.69973443303524,4.049260804176953,194769.0,66880.0,1251480.96,1.0,0.2193
882830cad9fffff,9.477246046543748,3.9047478183700637,149691.0,72867.0,1251158.4,1.0,0.1793
882830cadbfffff,3.867917144343614,2.521231422505308,42313.0,29735.0,1251054.72,1.0,0.52
882830caddfffff,7.378471822588888,2.851843887754005,208184.0,56735.0,1251146.88,1.0,0.1451
882830cae1fffff,6.208708294226983,5.205568938063937,133736.0,47753.0,1251970.56,1.0,0.4516
882830cae3fffff,9.464520700475756,4.141674891807759,145446.0,72785.0,1251866.88,1.0,0.3158
882830cae5fffff,5.647383553766532,4.639794855357,68544.0,43439.0,1252080.0,1.0,0.6369
882830cae7fffff,3.4469592418805775,2.1107042860219685,130896.0,26510.0,1252108.8,1.0,0.6478
882830cae9fffff,8.038619242433306,3.5888472273124528,196980.0,61832.0,1251653.76,1.0,0.2823
882830caebfffff,8.91743777809476,2.0804475949917163,207665.0,68582.0,1251803.52,1.0,0.2197
882830caedfffff,11.411217963465697,9.228515625,96371.0,87779.0,1251820.8,1.0,0.4229
882830cb01fffff,0.7573005706193128,0.0,0.0,5831.0,1252702.08,1.0,0.9671
882830cb03fffff,0.06391245373244132,0.0,0.0,492.0,1252713.6,1.0,0.9914
882830cb05fffff,0.2615983706421343,0.0,0.0,2014.0,1252851.84,1.0,0.9678
882830cb07fffff,0.06574319695834271,0.0,0.0,506.0,1252874.88,1.0,0.9962
882830cb09fffff,0.03679175864606328,0.0,0.0,283.0,1252454.4,1.0,0.9958
882830cb0bfffff,0.3233105528932385,0.0,3928.0,2489.0,1252442.88,1.0,0.9668
882830cb0dfffff,0.2165756221376152,0.0,0.0,1668.0,1252661.76,1.0,0.9807
882830cb11fffff,3.3913971176573376,3.5709491206873403,41374.0,26104.0,1252581.12,1.0,0.7156
882830cb13fffff,2.631978259969928,13.182382133995038,16122.0,20256.0,1252679.04,1.0,0.8559
882830cb15fffff,0.42853727170734396,5.226722049151956,15771.0,3299.0,1252707.84,1.0,0.9549
882830cb17fffff,0.6947222260536926,0.5376344086021506,4262.0,5347.0,1252782.72,1.0,0.9482
882830cb19fffff,3.312284703793812,5.742791093807032,44623.0,25497.0,1252414.08,1.0,0.8279
882830cb1bfffff,3.2352562451712594,6.797752808988763,19112.0,24900.0,1252500.48,1.0,0.7955
882830cb1dfffff,0.00827749853994123,0.0,1849.0,64.0,1252552.32,1.0,0.9934
882830cb21fffff,2.023238284338058,1.1673151750972763,4389.0,15579.0,1253214.72,1.0,0.902
882830cb23fffff,0.3442601853213708,1.5410479125805547,20241.0,2651.0,1253191.68,1.0,0.8992
882830cb25fffff,3.8562644190556723,2.459954233409611,9821.0,29696.0,1253341.44,1.0,0.7948
882830cb27fffff,1.6783242493037622,8.72434017595308,7171.0,12923.0,1253364.48,1.0,0.9446
882830cb29fffff,0.028501684817336382,0.0,0.0,219.0,1252978.56,1.0,0.9794
882830cb2bfffff,0.42199329775350625,0.0,0.0,3249.0,1253024.64,1.0,0.9595
882830cb2dfffff,2.206237216464045,0.0,0.0,16991.0,1253174.4,1.0,0.8808
882830cb31fffff,4.290409321780699,3.018736988202637,32198.0,33026.0,1253116.8,1.0,0.8364
882830cb33fffff,5.509360765224746,4.756395423576295,42676.0,42403.0,1253128.32,1.0,0.7571
882830cb35fffff,1.622406677145667,1.8035636679704476,26029.0,12490.0,1253249.28,1.0,0.8823
882830cb37fffff,1.1604873587307714,1.9036954087346025,10092.0,8932.0,1253266.56,1.0,0.8833
882830cb39fffff,0.6045560076316575,0.0,16704.0,4654.0,1252886.4,1.0,0.9356
882830cb3bfffff,1.019676351599853,1.58311345646438,6445.0,7849.0,1252915.2,1.0,0.9532
882830cb3dfffff,1.2664221161890576,0.0,0.0,9750.0,1253041.92,1.0,0.965
882830cb41fffff,2.9735485265641604,1.68892813776355,51299.0,22902.0,1252321.92,1.0,0.6802
882830cb43fffff,7.17045527722326,5.160885917258671,26145.0,55219.0,1252258.56,1.0,0.8017
882830cb45fffff,0.46772813819365877,0.1510574018126888,11422.0,3603.0,1252419.84,1.0,0.9676
882830cb47fffff,4.779359348770897,14.88749345892203,18737.0,36808.0,1252425.6,1.0,0.7954
882830cb49fffff,3.42276692061389,1.1868374845548546,175041.0,26364.0,1252039.68,1.0,0.2973
882830cb4bfffff,2.0333618556037063,1.4541138066622152,76510.0,15660.0,1252074.24,1.0,0.7369
882830cb4dfffff,1.386838147018643,0.8417508417508417,3393.0,10683.0,1252229.76,1.0,0.9151
882830cb51fffff,1.9223515341092048,2.0900547061298917,40205.0,14801.0,1252166.4,1.0,0.8638
882830cb53fffff,7.819751530511336,18.39676318118599,37175.0,60198.0,1252287.36,1.0,0.7561
882830cb55fffff,0.7115326237937981,2.7600849256900215,2638.0,5479.0,1252327.68,1.0,0.8399
882830cb57fffff,3.7489134084250515,0.30264415418923224,36052.0,28862.0,1252356.48,1.0,0.7536
882830cb59fffff,1.876132902715286,0.9094846253789519,26358.0,14446.0,1252005.12,1.0,0.8959
882830cb5bfffff,7.0511434473176955,16.34517766497462,23731.0,54285.0,1252045.44,1.0,0.7676
882830cb5dfffff,0.4508213689328874,5.9092991296381125,11831.0,3471.0,1252114.56,1.0,0.9453
882830cb61fffff,0.03356429862110505,0.0,0.0,259.0,1252759.68,1.0,0.9881
882830cb63fffff,0.042298461623341395,0.0,0.0,326.0,1252811.52,1.0,0.9858
882830cb65fffff,0.0,0.0,0.0,0.0,1252903.68,1.0,0.9994
882830cb67fffff,0.07171655411151924,0.0,0.0,552.0,1252932.48,1.0,0.9857
882830cb69fffff,0.6879457736860742,1.1783960720130933,17389.0,5299.0,1252563.84,1.0,0.9719
882830cb6bfffff,0.031267961834693644,0.0,196.0,241.0,1252656.0,1.0,0.9842
882830cb6dfffff,0.03264562939394079,0.0,17424.0,251.0,1252725.12,1.0,0.9664
882830cc01fffff,0.001840053361547485,0.0,0.0,14.0,1252137.6,1.0,0.9954
882830cc03fffff,0.004599816007359705,0.0,0.0,35.0,1252224.0,1.0,0.9931
882830cc09fffff,0.011504249669828034,0.0,0.0,88.0,1251711.36,1.0,0.9944
882830cc0bfffff,0.0,0.0,0.0,0.0,1252080.0,1.0,0.9995
882830cc1dfffff,0.0,0.0,1238.0,0.0,1251866.88,1.0,0.9994
882830cc41fffff,0.01564865996842653,0.0,0.0,120.0,1251480.96,1.0,0.9824
882830cc43fffff,0.0,0.0,0.0,0.0,1251924.48,1.0,0.9837
882830cc47fffff,0.0,0.0,0.0,0.0,1252074.24,1.0,0.9936
882830cc49fffff,0.6400581620069573,0.0,0.0,4913.0,1251786.24,1.0,0.888
882830cc4bfffff,1.0185952315198379,0.0,0.0,7818.0,1251417.6,1.0,0.9449
882830cc4dfffff,0.0,0.0,0.0,0.0,1251498.24,1.0,0.9961
882830cc51fffff,0.0,0.0,0.0,0.0,1251400.32,1.0,1.0
882830cc53fffff,0.0,0.0,4631.0,0.0,1251498.24,1.0,0.9989
882830cc55fffff,0.0,0.0,0.0,0.0,1251527.04,1.0,0.9966
882830cc57fffff,0.0,0.0,0.0,0.0,1251947.52,1.0,1.0
882830cc59fffff,0.0,0.0,0.0,0.0,1251596.16,1.0,0.9987
882830cc5bfffff,0.0,0.0,0.0,0.0,1251475.2,1.0,0.9995
882830cc5dfffff,0.0,0.0,0.0,0.0,1251745.92,1.0,0.9929
882830ce01fffff,12.074912161944363,4.405329184090246,113242.0,92705.0,1250847.36,1.0,0.2065
882830ce03fffff,7.8923737906326705,7.677469135802468,124053.0,60585.0,1250835.84,1.0,0.2849
882830ce05fffff,4.787733677134175,2.671577527623593,108069.0,36760.0,1250956.8,1.0,0.548
882830ce07fffff,3.7807522826792646,1.441187293020974,92569.0,29025.0,1250951.04,1.0,0.4909
882830ce09fffff,4.6136133370175925,0.9174022698612863,181031.0,35423.0,1250726.4,1.0,0.1525
882830ce0bfffff,6.207169700095792,4.64453198274245,146402.0,47652.0,1250703.36,1.0,0.1866
882830ce0dfffff,4.3608814792640525,1.3079176465734208,137779.0,33485.0,1250697.6,1.0,0.4364
882830ce11fffff,8.935372598866154,6.964188419436327,108190.0,68577.0,1250709.12,1.0,0.247
882830ce13fffff,7.768649086772711,6.190380223028349,160871.0,59615.0,1250737.92,1.0,0.1721
882830ce15fffff,7.212160562900337,8.345665310149217,171239.0,55356.0,1250847.36,1.0,0.1922
882830ce17fffff,8.781923172562419,8.29423709824242,150872.0,67395.0,1250853.12,1.0,0.2726
882830ce19fffff,7.5024647335784245,9.46763998931719,117153.0,57584.0,1250277.12,1.0,0.1491
882830ce1bfffff,7.745346850228685,5.208891269416176,163100.0,59440.0,1250559.36,1.0,0.1769
882830ce1dfffff,11.70748781813325,7.944271528086556,178877.0,89866.0,1250645.76,1.0,0.1815
882830ce21fffff,1.0080366759645392,3.7782249049854686,24791.0,7740.0,1251383.04,1.0,0.7314
882830ce23fffff,0.6550600279885099,0.0,3900.0,5029.0,1251256.32,1.0,0.5789
882830ce25fffff,2.2471703237269334,0.6145741878841089,13041.0,17255.0,1251365.76,1.0,0.8533
882830ce27fffff,0.19791772146072487,0.0,0.0,1520.0,1251429.12,1.0,0.9553
882830ce29fffff,1.826929717534934,2.054063667081629,63446.0,14028.0,1251043.2,1.0,0.5387
882830ce2bfffff,1.1822660098522169,0.3158559696778269,18179.0,9077.0,1251129.6,1.0,0.7708
882830ce2dfffff,2.7308090689377376,1.8595567631824743,66574.0,20970.0,1251216.0,1.0,0.5056
882830ce31fffff,0.5814729727863283,0.0,0.0,4463.0,1251112.32,1.0,0.4704
882830ce33fffff,0.4608294930875576,0.25316455696202533,15886.0,3537.0,1251169.92,1.0,0.7677
882830ce35fffff,0.3328315540885802,0.0,0.0,2555.0,1251227.52,1.0,0.6898
882830ce37fffff,0.22233269809705303,0.0,0.0,1706.0,1251313.92,1.0,0.9683
882830ce39fffff,4.573165116493231,7.397776183644189,59484.0,35103.0,1250956.8,1.0,0.5901
882830ce3bfffff,8.59275357647698,14.661169801597525,133540.0,65948.0,1250974.08,1.0,0.4053
882830ce3dfffff,1.104481459996501,3.1933578157432545,34923.0,8478.0,1251106.56,1.0,0.5242
882830ce41fffff,1.6342172292924686,0.0,8640.0,12550.0,1250536.32,1.0,0.8843
882830ce43fffff,1.6498169173018908,0.452577725304998,29140.0,12668.0,1250582.4,1.0,0.8079
882830ce45fffff,1.84356204003058,0.5723814674598883,127071.0,14159.0,1250691.84,1.0,0.6138
882830ce47fffff,0.27823074726145397,0.3656201033021879,98888.0,2137.0,1250415.36,1.0,0.6241
882830ce49fffff,2.3075895181616697,3.461128860489883,10443.0,17723.0,1250052.48,1.0,0.8771
882830ce4bfffff,3.3420728869556404,0.0,0.0,25664.0,1250040.96,1.0,0.8124
882830ce4dfffff,4.542438790648815,9.914320685434516,12718.0,34889.0,1250161.92,1.0,0.7809
882830ce51fffff,9.326675480337377,7.498332221480987,119802.0,71601.0,1250421.12,1.0,0.3462
882830ce53fffff,17.538800311415976,15.282883170848649,122129.0,134626.0,1250340.48,1.0,0.0843
882830ce55fffff,10.545327214758297,2.961443543476171,174396.0,80962.0,1250173.44,1.0,0.1053
882830ce57fffff,13.284557864813937,7.316139894390449,139519.0,101978.0,1250202.24,1.0,0.1918
882830ce59fffff,0.35576528707770155,0.47128129602356406,19463.0,2731.0,1249902.72,1.0,0.9389
882830ce5bfffff,3.378484220225755,7.629228291111437,36334.0,25935.0,1250208.0,1.0,0.7207
882830ce5dfffff,0.9258832742180663,0.0,0.0,7109.0,1250438.4,1.0,0.907
882830ce61fffff,9.209659967308976,4.511091832940885,177523.0,70732.0,1250985.6,1.0,0.1903
882830ce63fffff,5.322416500504244,2.9283375773008364,122964.0,40871.0,1250824.32,1.0,0.2995
882830ce65fffff,8.274439569242952,4.662310798831139,167253.0,63553.0,1251066.24,1.0,0.1935
882830ce67fffff,5.946483490175135,5.10406342913776,110304.0,45667.0,1251095.04,1.0,0.288
882830ce69fffff,4.401783000709148,2.7455506286825004,92223.0,33809.0,1250853.12,1.0,0.6179
882830ce6bfffff,3.059998065915444,3.6272287237301635,90599.0,23500.0,1250824.32,1.0,0.7493
882830ce6dfffff,9.939361011478589,3.2136254572631087,141731.0,76347.0,1250997.12,1.0,0.1911
882830ce81fffff,0.02808768884366208,0.0,0.0,215.0,1250939.52,1.0,0.9986
882830ce85fffff,0.0,0.0,0.0,0.0,1251169.92,1.0,0.9981
882830ce89fffff,0.0,0.0,0.0,0.0,1250732.16,1.0,0.9957
882830ce8bfffff,0.0,0.0,0.0,0.0,1250755.2,1.0,0.9948
882830ce8dfffff,0.0,0.0,0.0,0.0,1250870.4,1.0,0.99
882830ce91fffff,0.0,0.0,0.0,0.0,1250876.16,1.0,1.0
882830ce99fffff,0.0,0.0,0.0,0.0,1250576.64,1.0,0.9958
882830ce9bfffff,0.0,0.0,0.0,0.0,1250766.72,1.0,0.9993
882830ce9dfffff,0.0,0.0,0.0,0.0,1250766.72,1.0,0.9993
882830cec1fffff,6.2452504317789295,5.272809485530547,217204.0,47915.0,1250640.0,1.0,0.212
882830cec3fffff,3.488538121053286,2.3949440070961305,50705.0,26761.0,1250559.36,1.0,0.7142
882830cec5fffff,1.7832634827062126,3.8617556384877494,102384.0,13682.0,1250668.8,1.0,0.5543
882830cec7fffff,0.6769919451774686,2.0442708333333335,43332.0,5194.0,1250709.12,1.0,0.8795
882830cec9fffff,8.52621395005989,2.1996695775312722,119341.0,65419.0,1250265.6,1.0,0.3622
882830cecbfffff,6.883208417212167,3.786954296736606,140780.0,52805.0,1250375.04,1.0,0.2383
882830cecdfffff,4.206109015196533,1.9546618372572284,90432.0,32274.0,1250432.64,1.0,0.5061
882830ced1fffff,1.8168417173392297,2.191780821917808,37014.0,13934.0,1250380.8,1.0,0.7728
882830ced3fffff,0.003685311270603193,0.0,0.0,28.0,1250369.28,1.0,0.9953
882830ced5fffff,0.051586753258716776,0.0,0.0,396.0,1250553.6,1.0,0.9876
882830ced7fffff,0.0,0.0,0.0,0.0,1250565.12,1.0,0.9906
882830ced9fffff,7.9792502637483125,4.37270532199914,166527.0,61201.0,1250282.88,1.0,0.2153
882830cedbfffff,3.7222524257530663,2.212982832618026,83992.0,28546.0,1250184.96,1.0,0.537
882830ceddfffff,8.178061936589389,5.585225510801778,157836.0,62730.0,1250455.68,1.0,0.2275
882830cee1fffff,5.269313294840272,7.606952729138605,82973.0,40430.0,1250968.32,1.0,0.2741
882830cee3fffff,0.03222732232386617,0.0,0.0,247.0,1251112.32,1.0,0.9106
882830cee5fffff,1.208329880962245,3.3366045142296366,11347.0,9272.0,1251313.92,1.0,0.875
882830cee7fffff,0.23522912974428614,0.0,0.0,1805.0,1251273.6,1.0,0.9701
882830cee9fffff,4.783547690423235,5.817806907725164,147329.0,36705.0,1250847.36,1.0,0.2589
882830ceebfffff,0.40659204037371477,0.0,0.0,3119.0,1250904.96,1.0,0.8477
882830ceedfffff,5.880754939382917,5.033565121147229,227341.0,45127.0,1250974.08,1.0,0.1956
882830cf01fffff,0.05291346118452534,0.0,0.0,406.0,1251855.36,1.0,0.9818
882830cf09fffff,4.562732393329161,3.6518910126067503,68233.0,35050.0,1251671.04,1.0,0.509
882830cf0bfffff,1.007251845171265,6.666666666666667,3387.0,7736.0,1251786.24,1.0,0.8849
882830cf0dfffff,4.936397304073793,0.14513788098693758,15852.0,37923.0,1252022.4,1.0,0.7895
882830cf19fffff,0.6967903461860624,0.0,818.0,5351.0,1251544.32,1.0,0.877
882830cf1bfffff,0.012886360707645294,0.0,0.0,99.0,1251555.84,1.0,0.9772
882830cf1dfffff,2.3322058857366375,0.0,0.0,17910.0,1251676.8,1.0,0.8455
882830cf29fffff,0.31463465121092943,0.0,0.0,2417.0,1252195.2,1.0,0.9476
882830cf2dfffff,0.043230515224959645,0.0,15817.0,332.0,1252448.64,1.0,0.9675
882830cf41fffff,7.506270566306925,1.443599435311262,124658.0,57673.0,1251561.6,1.0,0.3242
882830cf43fffff,8.654452406264527,4.082429924797344,169707.0,66486.0,1251573.12,1.0,0.1248
882830cf45fffff,4.951287868677432,1.739974126778784,87500.0,38045.0,1251630.72,1.0,0.4505
882830cf47fffff,9.047404312494823,3.371872560318227,149714.0,69509.0,1251774.72,1.0,0.2241
882830cf49fffff,9.865047730390037,2.4673103128352323,193766.0,75802.0,1251429.12,1.0,0.1235
882830cf4bfffff,8.570297613020223,2.9988004798080765,153711.0,65844.0,1251429.12,1.0,0.1931
882830cf4dfffff,6.2327692144832945,2.5004582951420713,153176.0,47895.0,1251480.96,1.0,0.4072
882830cf51fffff,8.805158819657644,5.708315668342317,179349.0,67630.0,1251411.84,1.0,0.1685
882830cf53fffff,5.917146144994246,4.394484412470024,183709.0,45441.0,1251360.0,1.0,0.2816
882830cf55fffff,11.676776230406007,7.198111970630654,163077.0,89692.0,1251567.36,1.0,0.1554
882830cf57fffff,7.110313406047218,9.093086380328916,131178.0,54608.0,1251590.4,1.0,0.4695
882830cf59fffff,9.12778064230996,5.000849329030066,161067.0,70113.0,1251164.16,1.0,0.2218
882830cf5bfffff,9.842284072808964,8.210890233362143,152928.0,75590.0,1251221.76,1.0,0.2924
882830cf5dfffff,9.81992432402574,6.041537332806592,191791.0,75434.0,1251313.92,1.0,0.1007
882830cf61fffff,3.1895365901907837,1.179890560875513,33287.0,24508.0,1252033.92,1.0,0.7672
882830cf63fffff,1.140023186912276,0.0,0.0,8759.0,1252016.64,1.0,0.8972
882830cf65fffff,2.982211611443081,1.6955139526669023,32060.0,22916.0,1252160.64,1.0,0.4435
882830cf67fffff,0.6007111021162878,0.0,0.0,4615.0,1252275.84,1.0,0.7782
882830cf69fffff,6.905627386923112,3.5187906781440272,132348.0,53066.0,1251820.8,1.0,0.3816
882830cf6bfffff,4.95789812727189,0.9627791563275435,57473.0,38093.0,1251820.8,1.0,0.4271
882830cf6dfffff,2.2685240562001416,1.6935697274411219,64195.0,17433.0,1252028.16,1.0,0.6502
882830d001fffff,0.058693853782980636,0.0,0.0,452.0,1246331.52,1.0,0.9905
882830d003fffff,0.17514591641981414,0.0,0.0,1349.0,1246412.16,1.0,0.9675
882830d005fffff,0.4791653189660749,0.0,17309.0,3692.0,1246567.68,1.0,0.9547
882830d007fffff,0.061916357469931294,0.0,2868.0,477.0,1246584.96,1.0,0.9817
882830d00bfffff,0.016638704399550754,0.0,0.0,128.0,1246250.88,1.0,0.9905
882830d011fffff,1.7715843963764097,0.0,0.0,13643.0,1246233.6,1.0,0.9538
882830d013fffff,2.93103607642323,0.0,0.0,22568.0,1246314.24,1.0,0.8797
882830d015fffff,0.050830853403818786,0.0,0.0,391.0,1246487.04,1.0,0.9931
882830d017fffff,0.4482046400731914,0.0,0.0,3451.0,1246573.44,1.0,0.9882
882830d019fffff,0.07626989373061473,0.0,0.0,587.0,1246101.12,1.0,0.9976
882830d01bfffff,0.18720359430901073,0.0,0.0,1442.0,1246129.92,1.0,0.9245
882830d01dfffff,0.006008448803394312,0.0,0.0,46.0,1246245.12,1.0,0.9932
882830d021fffff,0.1182600983037067,0.0,15938.0,911.0,1246878.72,1.0,0.9784
882830d023fffff,1.4093876023780818,1.902997642303806,33552.0,10857.0,1246907.52,1.0,0.9443
882830d025fffff,0.6729885402569089,2.5754527162977867,13945.0,5185.0,1247022.72,1.0,0.9718
882830d027fffff,1.7443310395788114,1.881720430107527,29434.0,13438.0,1247212.8,1.0,0.9436
882830d029fffff,0.08870818702642765,0.0,1774.0,683.0,1246694.4,1.0,0.9918
882830d02bfffff,0.02263697680864825,0.0,24088.0,174.0,1246809.6,1.0,0.9986
882830d02dfffff,0.5122543811837741,1.887640449438202,25148.0,3947.0,1247005.44,1.0,0.9831
882830d031fffff,4.276137985835524,9.598046581517655,27723.0,32932.0,1246792.32,1.0,0.8913
882830d033fffff,3.922094000905454,0.0,20022.0,30202.0,1246844.16,1.0,0.8998
882830d035fffff,3.7963574552996113,8.124018838304552,26968.0,29239.0,1247022.72,1.0,0.9173
882830d037fffff,0.11732318380016259,0.0,0.0,903.0,1247016.96,1.0,0.9955
882830d039fffff,0.06052905163451542,0.0,3767.0,466.0,1246608.0,1.0,0.9892
882830d03bfffff,1.9106102401315943,0.0,0.0,14713.0,1246596.48,1.0,0.9365
882830d03dfffff,0.05358982532488832,0.3297609233305853,13928.0,413.0,1246803.84,1.0,0.9942
882830d053fffff,0.07073345507500982,0.0,75571.0,545.0,1245916.8,1.0,0.7826
882830d057fffff,0.02403735034438127,0.0,6561.0,185.0,1246060.8,1.0,0.9707
882830d081fffff,0.05914370997403221,0.03579281075829627,112608.0,455.0,1246590.72,1.0,0.4975
882830d083fffff,8.002661393165395,5.068880254327093,185760.0,61581.0,1246625.28,1.0,0.1884
882830d085fffff,8.06006006006006,4.513241327862739,29491.0,62035.0,1246752.0,1.0,0.8016
882830d087fffff,0.40008685488304624,0.05527152134862512,41662.0,3079.0,1246769.28,1.0,0.8553
882830d089fffff,6.047554128058784,0.0,2419.0,46546.0,1246377.6,1.0,0.8501
882830d08bfffff,0.9242613996090374,0.037728730428221086,30522.0,7113.0,1246400.64,1.0,0.853
882830d08dfffff,0.7813546869729552,0.0,0.0,6014.0,1246573.44,1.0,0.9795
882830d091fffff,16.021147100823054,11.577489177489179,147064.0,123258.0,1246400.64,1.0,0.1331
882830d093fffff,8.240648753552202,9.934138309549944,66165.0,63390.0,1246550.4,1.0,0.5305
882830d095fffff,11.613099968580777,10.708837587714838,101146.0,89351.0,1246625.28,1.0,0.3485
882830d097fffff,17.830460234807077,15.412427044057642,94332.0,137168.0,1246654.08,1.0,0.2658
882830d099fffff,7.544797814763289,8.247758761206194,64846.0,58049.0,1246239.36,1.0,0.4858
882830d09bfffff,17.220707187427777,4.669221796367272,164759.0,132477.0,1246176.0,1.0,0.122
882830d09dfffff,7.576667837403184,6.730734360834088,148141.0,58299.0,1246394.88,1.0,0.1911
882830d0a1fffff,4.771098137747561,19.57857769973661,15828.0,36721.0,1247109.12,1.0,0.8456
882830d0a3fffff,5.330808489019236,33.78076062639821,11935.0,41024.0,1247126.4,1.0,0.8977
882830d0a5fffff,5.968357177822316,0.0,0.0,45940.0,1247281.92,1.0,0.8795
882830d0a7fffff,12.629070691024621,0.0,0.0,97195.0,1247316.48,1.0,0.7798
882830d0a9fffff,12.713246333294837,20.309009679821298,24659.0,97856.0,1246896.0,1.0,0.6262
882830d0abfffff,10.131096349811994,16.627265563435774,24376.0,77970.0,1246936.32,1.0,0.7542
882830d0adfffff,1.9074802785937297,0.0,0.0,14683.0,1247132.16,1.0,0.9173
882830d0b1fffff,13.065971933519952,15.68424681144433,28178.0,100529.0,1246959.36,1.0,0.5567
882830d0b3fffff,2.0305412621134997,14.500601684717207,16370.0,15621.0,1247005.44,1.0,0.8641
882830d0b5fffff,7.879034194823668,0.0,0.0,60625.0,1247178.24,1.0,0.8627
882830d0b7fffff,17.688623694747584,0.0,0.0,136087.0,1247207.04,1.0,0.6758
882830d0b9fffff,17.241889063921985,22.112423916935196,62652.0,132668.0,1246849.92,1.0,0.2943
882830d0bbfffff,11.658697710946342,23.640325942770513,46420.0,89696.0,1246838.4,1.0,0.397
882830d0bdfffff,2.3705592431948044,0.0,0.0,18242.0,1246976.64,1.0,0.9508
882830d0c1fffff,0.12849252386124657,0.0,0.0,989.0,1246204.8,1.0,0.9962
882830d0c3fffff,0.0,0.0,0.0,0.0,1246210.56,1.0,0.9926
882830d0c5fffff,4.229498347852208,2.8704939919893193,16762.0,32562.0,1246377.6,1.0,0.8879
882830d0c7fffff,1.0375457536880246,0.0,0.0,7987.0,1246325.76,1.0,0.9759
882830d0c9fffff,0.27460335071563297,6.360708534621579,13398.0,2114.0,1245957.12,1.0,0.9341
882830d0cbfffff,1.7122781065088757,4.22615648201028,38638.0,13181.0,1246003.2,1.0,0.8344
882830d0cdfffff,4.376444485532033,1.918075422626788,17378.0,33695.0,1246118.4,1.0,0.8212
882830d0d1fffff,5.199752216644015,3.308602366151995,83324.0,40015.0,1245991.68,1.0,0.4917
882830d0d3fffff,0.37069563207765194,0.0,703.0,2852.0,1246176.0,1.0,0.9793
882830d0d5fffff,3.269520525785489,2.7617373838814965,22308.0,25163.0,1246245.12,1.0,0.8218
882830d0d7fffff,10.054582680513382,31.417816813048933,31484.0,77370.0,1246285.44,1.0,0.6364
882830d0d9fffff,4.681244510193704,7.18954248366013,93243.0,36027.0,1245945.6,1.0,0.2359
882830d0dbfffff,8.832014202233893,10.549654191071841,155699.0,67962.0,1245911.04,1.0,0.1446
882830d0ddfffff,0.1886094674556213,0.7127882599580713,13640.0,1452.0,1246003.2,1.0,0.9183
882830d0e1fffff,0.5553425151194541,0.0,0.0,4275.0,1246711.68,1.0,0.9744
882830d0e3fffff,9.446236012677527,9.248449470995986,28656.0,72714.0,1246728.96,1.0,0.7323
882830d0e5fffff,1.0615691636793674,0.0,559.0,8173.0,1246878.72,1.0,0.9735
882830d0e7fffff,2.4417396124442803,33.01356268607344,11664.0,18797.0,1246953.6,1.0,0.8907
882830d0e9fffff,4.335449764789605,3.3825503355704694,20730.0,33380.0,1246475.52,1.0,0.8275
882830d0ebfffff,11.178732174379165,3.0172413793103448,20736.0,86056.0,1246475.52,1.0,0.743
882830d0edfffff,1.5982072725592569,0.0,17729.0,12306.0,1246636.8,1.0,0.9484
882830d101fffff,0.15929963568865924,0.0,0.0,1228.0,1247460.48,1.0,0.9947
882830d103fffff,0.3803984026960275,0.0,0.0,2931.0,1247702.4,1.0,0.9733
882830d105fffff,0.23175505983158515,0.0,4072.0,1786.0,1247662.08,1.0,0.9935
882830d107fffff,7.1553204453553425,0.0,0.0,55144.0,1247823.36,1.0,0.8942
882830d10bfffff,0.006927158618078037,0.0,0.0,53.0,1247264.64,1.0,0.999
882830d111fffff,2.4487892277286245,2.1872265966754156,32198.0,18867.0,1247362.56,1.0,0.9032
882830d113fffff,7.340339083219444,0.0,0.0,56547.0,1247523.84,1.0,0.8526
882830d115fffff,0.026779819097704785,0.0,0.0,206.0,1247506.56,1.0,0.9967
882830d117fffff,4.08957456237536,2.0768753874767514,18196.0,31506.0,1247754.24,1.0,0.8915
882830d119fffff,5.573104276346172,4.993386243386244,33097.0,42942.0,1247270.4,1.0,0.8205
882830d11bfffff,2.7204632776710507,6.96978761591385,17914.0,20959.0,1247293.44,1.0,0.9159
882830d11dfffff,0.0,0.0,0.0,0.0,1247535.36,1.0,0.999
882830d121fffff,0.34476392670881983,0.0,0.0,2657.0,1248019.2,1.0,0.9753
882830d123fffff,0.07522232118546687,0.0,0.0,580.0,1248140.16,1.0,0.9957
882830d125fffff,0.0,0.0,0.0,0.0,1248278.4,1.0,0.9931
882830d127fffff,0.037374897911158486,0.0,0.0,288.0,1248324.48,1.0,0.9842
882830d129fffff,0.11908333525651382,0.0,12499.0,918.0,1247932.8,1.0,0.987
882830d12bfffff,2.4025257677235317,2.5691699604743086,14198.0,18517.0,1247886.72,1.0,0.9386
882830d12dfffff,0.14168358870223371,0.0,11664.0,1092.0,1248076.8,1.0,0.994
882830d131fffff,21.205128441806583,1.0141987829614605,11244.0,163389.0,1248042.24,1.0,0.608
882830d133fffff,15.332742529563268,0.0,0.0,118125.0,1247927.04,1.0,0.5977
882830d135fffff,4.083177199184103,0.0,501.0,31464.0,1248157.44,1.0,0.9286
882830d137fffff,20.812449810317617,2.177293934681182,18115.0,160352.0,1248065.28,1.0,0.554
882830d139fffff,8.835193041904613,0.0,0.0,68081.0,1247679.36,1.0,0.869
882830d13bfffff,8.046507548937702,0.0,1066.0,61995.0,1247921.28,1.0,0.8778
882830d13dfffff,9.256660696811359,1.155115511551155,17251.0,71334.0,1247869.44,1.0,0.8443
882830d153fffff,1.2909751827919245,5.626510182947877,15748.0,9948.0,1247057.28,1.0,0.9596
882830d157fffff,0.5274412632726299,0.0,0.0,4065.0,1247137.92,1.0,0.9644
882830d181fffff,10.762143473705104,0.0,0.0,82867.0,1247840.64,1.0,0.6647
882830d183fffff,15.08517612298601,0.0,0.0,116137.0,1247673.6,1.0,0.4927
882830d185fffff,5.304600274161016,4.828256642903435,16917.0,40847.0,1247967.36,1.0,0.8846
882830d187fffff,17.244546604263018,68.75,864.0,132771.0,1247927.04,1.0,0.7663
882830d189fffff,5.6460474436041626,0.0,0.0,43477.0,1247581.44,1.0,0.9083
882830d18bfffff,9.090657247731837,0.0,0.0,69992.0,1247529.6,1.0,0.8531
882830d18dfffff,9.085662842501327,0.0,0.0,69968.0,1247644.8,1.0,0.8299
882830d191fffff,29.18090155306458,0.0,0.0,224611.0,1247639.04,1.0,0.6176
882830d193fffff,32.80227136327963,0.0,0.0,252450.0,1247673.6,1.0,0.5115
882830d195fffff,17.434512682037433,0.0,0.0,134206.0,1247875.2,1.0,0.639
882830d197fffff,10.67201521474205,0.0,0.0,82139.0,1247800.32,1.0,0.7707
882830d199fffff,12.897580347247874,0.0,0.0,99282.0,1247385.6,1.0,0.752
882830d19bfffff,25.991937978769087,0.0,0.0,200051.0,1247448.96,1.0,0.481
882830d19dfffff,6.814708801735879,0.0,0.0,52461.0,1247644.8,1.0,0.881
882830d1a1fffff,44.98315876897522,0.0,0.0,346387.0,1248364.8,1.0,0.3515
882830d1a3fffff,51.68618656034555,0.0,0.0,397948.0,1248203.52,1.0,0.3752
882830d1a5fffff,52.874634384890065,0.0,0.0,407183.0,1248526.08,1.0,0.0529
882830d1a7fffff,61.12338917674417,0.0,0.0,470641.0,1248405.12,1.0,0.0334
882830d1a9fffff,32.30644975193262,0.0,0.0,248789.0,1248048.0,1.0,0.513
882830d1abfffff,24.97842589815178,39.21863260706236,4660.0,192330.0,1248163.2,1.0,0.6517
882830d1adfffff,30.247110126669895,0.0,0.0,232946.0,1248220.8,1.0,0.3431
882830d1b1fffff,64.37517305029995,84.64059939124327,3779.0,495542.0,1248192.0,1.0,0.268
882830d1b3fffff,66.1421174559517,92.50446162998215,1452.0,509074.0,1248157.44,1.0,0.2673
882830d1b5fffff,55.33633859484799,0.0,0.0,425993.0,1248370.56,1.0,0.2341
882830d1b7fffff,38.860385715603954,0.0,0.0,299116.0,1248422.4,1.0,0.4846
882830d1b9fffff,35.261756303335474,0.0,0.0,271454.0,1248024.96,1.0,0.5819
882830d1bbfffff,42.32198328186808,0.0,0.0,325760.0,1247909.76,1.0,0.5113
882830d1bdfffff,76.99404624544238,85.44389364578639,3721.0,592761.0,1248019.2,1.0,0.1037
882830d1c1fffff,1.106349968601086,0.0,0.0,8521.0,1247431.68,1.0,0.9622
882830d1c3fffff,2.284051813710776,13.432835820895523,5345.0,17589.0,1247299.2,1.0,0.9484
882830d1c5fffff,0.8260303447256877,0.09315323707498836,12355.0,6362.0,1247489.28,1.0,0.9552
882830d1c7fffff,1.61556184522188,0.0,0.0,12442.0,1247506.56,1.0,0.9645
882830d1c9fffff,2.295957249285256,0.0,0.0,17685.0,1247103.36,1.0,0.934
882830d1cbfffff,1.9693694692309114,9.80687233508904,20713.0,15167.0,1247132.16,1.0,0.8783
882830d1cdfffff,1.3124838364059557,0.488848151542927,18760.0,10110.0,1247247.36,1.0,0.9319
882830d1d1fffff,5.174436326353417,27.63888888888889,12004.0,39840.0,1247189.76,1.0,0.7954
882830d1d3fffff,4.031755268298765,0.0,0.0,31037.0,1247218.56,1.0,0.9056
882830d1d5fffff,3.9596782386242944,0.0,0.0,30489.0,1247374.08,1.0,0.9029
882830d1d7fffff,6.0681617745517675,0.0,0.0,46717.0,1247460.48,1.0,0.8796
882830d1d9fffff,2.6106717907028303,0.0,0.0,20102.0,1247016.96,1.0,0.9195
882830d1dbfffff,9.470120368403064,9.022556390977442,16727.0,72908.0,1247051.52,1.0,0.7136
882830d1ddfffff,0.17779542904115156,0.0,0.0,1369.0,1247276.16,1.0,0.9906
882830d1e1fffff,9.727818625754074,0.13084723585214264,17585.0,74929.0,1247944.32,1.0,0.8316
882830d1e3fffff,26.02959776216546,17.880121909922114,13968.0,200465.0,1247834.88,1.0,0.4549
882830d1e5fffff,30.368845649725856,0.0,0.0,233932.0,1248053.76,1.0,0.5833
882830d1e7fffff,44.75504788277374,0.0,0.0,344702.0,1248048.0,1.0,0.3715
882830d1e9fffff,1.9830093725472089,0.0,0.0,15275.0,1247558.4,1.0,0.9638
882830d1ebfffff,11.854665977325602,0.0,0.0,91304.0,1247800.32,1.0,0.8013
882830d1edfffff,3.456792403181652,0.0,20166.0,26630.0,1247713.92,1.0,0.9503
882830d281fffff,1.3857731605896473,1.9514061603214081,29520.0,10670.0,1245294.72,1.0,0.9547
882830d283fffff,0.0050880698638247485,0.0,0.0,39.0,1245265.92,1.0,0.9993
882830d285fffff,0.6914413893578151,11.778290993071593,2200.0,5324.0,1245398.4,1.0,0.9865
882830d287fffff,0.4930209325773063,1.3966480446927374,2033.0,3796.0,1245415.68,1.0,0.9888
882830d28bfffff,8.916328173431905,7.190996091117401,79321.0,68649.0,1245047.04,1.0,0.6751
882830d291fffff,4.0326012544637075,1.3977242182600125,63389.0,31039.0,1245242.88,1.0,0.6289
882830d293fffff,6.999347714456221,2.969262906595046,74915.0,53867.0,1245098.88,1.0,0.5928
882830d295fffff,7.7838577924150405,5.525806931429422,73169.0,59917.0,1245260.16,1.0,0.7056
882830d297fffff,1.710046116201727,0.0,47802.0,13162.0,1245271.68,1.0,0.779
882830d299fffff,10.23085820032385,4.705826712069618,116058.0,78753.0,1245024.0,1.0,0.3635
882830d29bfffff,7.436318626657104,2.596845155059556,104567.0,57234.0,1244822.4,1.0,0.3131
882830d29dfffff,16.520858103825567,4.366767288693743,160583.0,127180.0,1245029.76,1.0,0.3784
882830d2a1fffff,2.4440879057874856,0.37856382349461726,48505.0,18820.0,1245755.52,1.0,0.855
882830d2a3fffff,0.37728521097456097,6.727480045610035,9423.0,2905.0,1245784.32,1.0,0.9515
882830d2a5fffff,0.1761393581315359,0.0,0.0,1356.0,1245922.56,1.0,0.9865
882830d2a7fffff,4.45419369154882,4.811858608893957,24042.0,34296.0,1245962.88,1.0,0.8065
882830d2a9fffff,1.1588868027487722,0.033756413718606534,85288.0,8924.0,1245553.92,1.0,0.6662
882830d2abfffff,2.049441860034959,4.6507505023046924,92938.0,15780.0,1245623.04,1.0,0.6621
882830d2adfffff,3.551975734484959,0.15265718919950386,60278.0,27355.0,1245738.24,1.0,0.851
882830d2b1fffff,4.7875119641560815,5.948434622467771,117665.0,36853.0,1245720.96,1.0,0.4426
882830d2b3fffff,7.828821122234296,6.482221015303026,168607.0,60255.0,1245686.4,1.0,0.1538
882830d2b5fffff,4.222265375759425,5.419834287178611,127555.0,32504.0,1245784.32,1.0,0.4775
882830d2b7fffff,5.343603210415357,3.7014615584190955,192413.0,41130.0,1245864.96,1.0,0.2368
882830d2b9fffff,3.384006326801497,5.129882264997197,58481.0,26051.0,1245444.48,1.0,0.6191
882830d2bbfffff,6.454238542292928,10.278898438870373,58925.0,49679.0,1245484.8,1.0,0.5156
882830d2bdfffff,6.863719809667381,8.148085537993408,187782.0,52842.0,1245617.28,1.0,0.1947
882830d2d3fffff,12.180854756230188,10.67022436449188,179338.0,93770.0,1244649.6,1.0,0.1408
882830d2d7fffff,4.1139562646332095,6.35974491133048,61741.0,31672.0,1244839.68,1.0,0.6211
882830d401fffff,34.81264014424744,28.07886376378247,88669.0,267531.0,1245859.2,1.0,0.0807
882830d403fffff,42.88832571819678,39.5367525407705,73676.0,329546.0,1245519.36,1.0,0.0717
882830d405fffff,27.81088891457635,26.64159941305943,92148.0,213738.0,1245744.0,1.0,0.1476
882830d407fffff,22.307461099165337,15.97573682643644,130055.0,171419.0,1245628.8,1.0,0.1526
882830d409fffff,45.18403049212025,25.13274336283186,24365.0,347258.0,1245237.12,1.0,0.2612
882830d40bfffff,52.95940215405817,38.90644753476612,33402.0,406958.0,1245559.68,1.0,0.1015
882830d40dfffff,25.098488911905598,15.952594281990715,118869.0,192906.0,1245703.68,1.0,0.1579
882830d411fffff,59.99759534236313,50.89218396582056,11255.0,460914.0,1245582.72,1.0,0.2558
882830d413fffff,65.97415571321537,0.0,0.0,506757.0,1245415.68,1.0,0.1987
882830d415fffff,37.66710596286791,31.795153752503637,100034.0,289387.0,1245628.8,1.0,0.1427
882830d417fffff,45.572025669952474,28.709547468779373,61160.0,350070.0,1245795.84,1.0,0.1219
882830d419fffff,56.02795546736602,58.31485587583148,1083.0,430448.0,1245317.76,1.0,0.109
882830d41bfffff,69.93251837359567,0.0,0.0,537198.0,1245352.32,1.0,0.1055
882830d41dfffff,65.70029093028312,47.98983573827026,33011.0,504794.0,1245329.28,1.0,0.0785
882830d421fffff,13.839326985300914,8.439622328971344,63677.0,106361.0,1246118.4,1.0,0.4255
882830d423fffff,23.93658570405121,8.04219146379456,119013.0,183938.0,1246204.8,1.0,0.084
882830d425fffff,23.291893890378038,23.94709363035155,37757.0,179021.0,1246348.8,1.0,0.4286
882830d427fffff,30.985192990239575,16.45176926805623,99279.0,238119.0,1246371.84,1.0,0.1788
882830d429fffff,23.387860943039527,10.921121365140172,147335.0,179758.0,1246135.68,1.0,0.0658
882830d42bfffff,24.88857861449125,17.30343933501106,124923.0,191266.0,1245864.96,1.0,0.0642
882830d42dfffff,8.0765212245615,3.001489288578302,48770.0,62080.0,1245922.56,1.0,0.5992
882830d431fffff,24.42161997254284,23.033920072523987,58683.0,187626.0,1246101.12,1.0,0.2128
882830d433fffff,29.569899928355177,20.60107334525939,63913.0,227147.0,1246147.2,1.0,0.2105
882830d435fffff,33.857907434624664,38.341419041843544,46852.0,260141.0,1246268.16,1.0,0.0744
882830d437fffff,37.561295749391086,27.266432791728214,90760.0,288555.0,1246285.44,1.0,0.0748
882830d439fffff,29.9071989050673,22.332470520563703,93329.0,229786.0,1245709.44,1.0,0.152
882830d43bfffff,29.739450423462404,16.49502633118783,82201.0,228465.0,1245957.12,1.0,0.2936
882830d43dfffff,24.863960202869205,14.737967914438501,114797.0,191051.0,1245870.72,1.0,0.1018
882830d441fffff,39.52394388347449,0.0,0.0,303820.0,1245271.68,1.0,0.4527
882830d443fffff,26.145747077518056,0.0,0.0,200954.0,1245133.44,1.0,0.575
882830d445fffff,15.473487038364592,2.379841343910406,60250.0,118953.0,1245398.4,1.0,0.6024
882830d447fffff,31.217533293552226,6.259351620947632,21652.0,239953.0,1245214.08,1.0,0.4869
882830d449fffff,32.90226162274208,66.26856976405476,6670.0,252937.0,1244897.28,1.0,0.5096
882830d44bfffff,41.046978499796474,33.91984359726295,11681.0,315506.0,1245219.84,1.0,0.4298
882830d44dfffff,8.187088505688626,0.0,13288.0,62943.0,1244926.08,1.0,0.7749
882830d451fffff,45.26312868026292,36.04651162790697,3485.0,347817.0,1245237.12,1.0,0.3757
882830d453fffff,26.620861961274205,11.68215437132562,26824.0,204535.0,1244937.6,1.0,0.381
882830d455fffff,35.37067613880757,51.57657657657657,1238.0,271819.0,1245386.88,1.0,0.4637
882830d457fffff,47.69909703204796,79.0,1693.0,366510.0,1245173.76,1.0,0.1863
882830d459fffff,49.93013722714192,22.461082283172722,6025.0,383705.0,1244954.88,1.0,0.2797
882830d45bfffff,58.81533649218924,19.762351469668545,7390.0,451924.0,1244805.12,1.0,0.2631
882830d45dfffff,16.179212763102495,4.510993176648976,14509.0,124344.0,1244868.48,1.0,0.7269
882830d461fffff,23.605453814109826,8.153027922156413,87535.0,181468.0,1245824.64,1.0,0.1905
882830d463fffff,28.214163498978017,15.161222926387632,140337.0,216868.0,1245576.96,1.0,0.0444
882830d465fffff,10.042160153107925,11.943108136373144,24250.0,77205.0,1245991.68,1.0,0.6158
882830d467fffff,25.981915011649836,19.811916392516533,138995.0,199724.0,1245957.12,1.0,0.136
882830d469fffff,24.08374299944967,7.6081271373969015,132273.0,185158.0,1245502.08,1.0,0.107
882830d46bfffff,21.547048188035532,12.452631578947368,143718.0,165632.0,1245640.32,1.0,0.1581
882830d46dfffff,16.797154999791896,5.222411756987272,124813.0,129147.0,1245536.64,1.0,0.1518
882830d481fffff,40.418812824235474,3.498542274052478,40038.0,310312.0,1245761.28,1.0,0.286
882830d483fffff,26.279970780511714,10.682446972025822,33471.0,201734.0,1245853.44,1.0,0.4817
882830d485fffff,47.65840984531173,30.87955182072829,71067.0,365920.0,1245922.56,1.0,0.1242
882830d487fffff,65.4745338800871,40.3200211584237,25995.0,502641.0,1245928.32,1.0,0.0779
882830d489fffff,43.94350695295483,11.184290767166729,41944.0,337396.0,1245536.64,1.0,0.1617
882830d48bfffff,33.18798696044205,8.491257459951838,50342.0,254780.0,1245686.4,1.0,0.2963
882830d48dfffff,65.0189340521646,40.01376225701015,20085.0,499247.0,1245755.52,1.0,0.1319
882830d491fffff,31.932897450362052,15.786082474226804,30113.0,245077.0,1245692.16,1.0,0.3944
882830d493fffff,31.639376858304164,13.571428571428571,30666.0,242790.0,1245651.84,1.0,0.4222
882830d495fffff,19.11058914915063,7.432048681541582,65716.0,146679.0,1245761.28,1.0,0.4808
882830d497fffff,25.49502776223873,6.638267660631877,106042.0,195654.0,1245893.76,1.0,0.3147
882830d499fffff,52.84640072512694,32.18228498074455,30430.0,405610.0,1245530.88,1.0,0.1706
882830d49bfffff,29.567453325378878,15.447600978581058,97546.0,226907.0,1245490.56,1.0,0.2787
882830d49dfffff,23.840088788180072,15.726410384423364,58337.0,182992.0,1245571.2,1.0,0.3669
882830d4a1fffff,20.792953170564886,5.9005483432535035,115649.0,159648.0,1246354.56,1.0,0.2635
882830d4a3fffff,25.059161751927377,21.75368744909963,49807.0,192377.0,1246210.56,1.0,0.4435
882830d4a5fffff,22.30729775563863,6.464420238216431,105846.0,171287.0,1246515.84,1.0,0.2562
882830d4a7fffff,23.530363100353952,9.350355104352753,119837.0,180653.0,1246544.64,1.0,0.3042
882830d4a9fffff,28.155505842331014,19.774496336996336,80738.0,216192.0,1246187.52,1.0,0.3005
882830d4abfffff,20.69689181443337,31.29524102880025,51391.0,158899.0,1246072.32,1.0,0.5328
882830d4adfffff,28.11013906026869,18.423767278729112,91100.0,215859.0,1246354.56,1.0,0.1885
882830d4b1fffff,40.92598241770432,27.86854722338593,89257.0,314119.0,1246199.04,1.0,0.1701
882830d4b3fffff,34.81466075060085,27.277250113071013,92615.0,267176.0,1246233.6,1.0,0.1574
882830d4b5fffff,34.430949542005195,24.568776814639698,99245.0,264287.0,1246337.28,1.0,0.2099
882830d4b7fffff,28.05279307922659,17.15551098855185,114209.0,215299.0,1246417.92,1.0,0.289
882830d4b9fffff,43.40122406715728,37.27662616154396,50544.0,333140.0,1246049.28,1.0,0.2321
882830d4bbfffff,33.193257886756165,17.758247050325064,78693.0,254750.0,1245957.12,1.0,0.2373
882830d4bdfffff,31.213830082277894,24.902490249024904,72086.0,239609.0,1246118.4,1.0,0.3277
882830d4c1fffff,79.37739051609711,0.0,0.0,609582.0,1245421.44,1.0,0.0599
882830d4c3fffff,64.16472394908229,0.0,0.0,492687.0,1245265.92,1.0,0.2264
882830d4c5fffff,71.32828974140801,7.933398628795299,5414.0,547807.0,1245588.48,1.0,0.1298
882830d4c7fffff,73.64125282662881,35.17106123338418,17136.0,565492.0,1245582.72,1.0,0.1002
882830d4c9fffff,40.42072933819313,0.0,0.0,310434.0,1245288.96,1.0,0.2074
882830d4cbfffff,40.87578409784801,0.0,0.0,313885.0,1245150.72,1.0,0.3047
882830d4cdfffff,58.38035856352569,0.0,0.0,448396.0,1245288.96,1.0,0.2036
882830d4d1fffff,51.3406630002914,0.0,0.0,394135.0,1245306.24,1.0,0.3418
882830d4d3fffff,53.33388840320276,34.401553775188155,15564.0,409380.0,1245248.64,1.0,0.3078
882830d4d5fffff,72.06529781724011,0.0,0.0,553274.0,1245542.4,1.0,0.157
882830d4d7fffff,66.94818439565421,47.381302006852664,6192.0,513917.0,1245363.84,1.0,0.118
882830d4d9fffff,22.442691587055585,0.0,0.0,172301.0,1245052.8,1.0,0.6051
882830d4dbfffff,23.642049844323235,25.694886484192658,20172.0,181484.0,1245041.28,1.0,0.5762
882830d4ddfffff,45.79559437130513,0.0,0.0,351615.0,1245185.28,1.0,0.4047
882830d4e1fffff,24.44899600993125,19.66490299823633,83958.0,187771.0,1245813.12,1.0,0.4025
882830d4e3fffff,29.34810746842699,21.24637080049772,87494.0,225365.0,1246026.24,1.0,0.2408
882830d4e5fffff,44.22196743442039,31.751352622912254,66845.0,339653.0,1245899.52,1.0,0.1846
882830d4e7fffff,33.593724721620035,19.133473095737248,66655.0,257985.0,1246124.16,1.0,0.2727
882830d4e9fffff,45.89551376023751,23.25841997136276,71004.0,352506.0,1245536.64,1.0,0.1289
882830d4ebfffff,47.300408706748286,21.270180287706513,72190.0,363246.0,1245841.92,1.0,0.1142
882830d4edfffff,24.318638895952287,23.38084069998196,48925.0,186795.0,1245859.2,1.0,0.4623
882830d501fffff,11.434537365972643,20.75928917609047,11301.0,87916.0,1246849.92,1.0,0.7121
882830d503fffff,29.986832682667654,6.89900426742532,7540.0,230527.0,1246723.2,1.0,0.3808
882830d505fffff,23.628452253925143,24.272853185595565,12597.0,181684.0,1246976.64,1.0,0.4274
882830d507fffff,25.221046796322817,18.91891891891892,23846.0,193903.0,1246867.2,1.0,0.3041
882830d509fffff,19.63189900558205,19.86887774778249,59841.0,150953.0,1246510.08,1.0,0.4282
882830d50bfffff,35.15740154606068,38.012642225031605,70606.0,270294.0,1246584.96,1.0,0.1811
882830d50dfffff,16.522213187463038,35.928789786009716,41046.0,127051.0,1246740.48,1.0,0.5276
882830d511fffff,36.27030623371343,33.45517986209188,46138.0,278773.0,1246671.36,1.0,0.2095
882830d513fffff,21.337947476390248,12.677359654534238,16307.0,163981.0,1246671.36,1.0,0.4404
882830d515fffff,28.296534486502466,22.93348712033833,23092.0,217502.0,1246734.72,1.0,0.3731
882830d517fffff,39.19435242807708,10.08498583569405,18282.0,301227.0,1246734.72,1.0,0.1648
882830d519fffff,29.903791057466588,42.560982812592286,56016.0,229856.0,1246487.04,1.0,0.3367
882830d51bfffff,23.64648798521257,34.59119496855346,35343.0,181734.0,1246464.0,1.0,0.3545
882830d51dfffff,17.06958691433324,27.04995287464656,26749.0,131215.0,1246579.2,1.0,0.5263
882830d521fffff,61.186303710373814,0.0,0.0,470474.0,1247356.8,1.0,0.0585
882830d523fffff,51.66033936505298,0.0,0.0,397172.0,1247166.72,1.0,0.4105
882830d525fffff,72.9665955540779,0.0,0.0,561094.0,1247374.08,1.0,0.0785
882830d527fffff,58.72897869471663,0.0,0.0,451548.0,1247420.16,1.0,0.2852
882830d529fffff,37.367317339048654,0.0,0.0,287345.0,1247005.44,1.0,0.196
882830d52bfffff,70.87145053960572,57.30027548209367,1786.0,544907.0,1247310.72,1.0,0.0966
882830d52dfffff,54.693885089740455,0.0,0.0,420611.0,1247437.44,1.0,0.1939
882830d531fffff,41.94598488241623,50.78397212543554,16272.0,322419.0,1247437.44,1.0,0.426
882830d533fffff,38.01104513173813,15.187911662146455,12609.0,292133.0,1247420.16,1.0,0.4241
882830d535fffff,29.114625418446266,0.0,0.0,223806.0,1247472.0,1.0,0.5497
882830d537fffff,21.142353060715507,20.81988379599742,28259.0,162500.0,1247143.68,1.0,0.505
882830d539fffff,43.33664395426723,40.794223826714806,16059.0,333132.0,1246896.0,1.0,0.2057
882830d53bfffff,50.99481228605877,0.0,0.0,391946.0,1246884.48,1.0,0.1883
882830d53dfffff,56.60052286857153,57.781674704077155,5547.0,435122.0,1247028.48,1.0,0.2647
882830d541fffff,15.553634897231941,25.70520053338804,41720.0,119619.0,1246239.36,1.0,0.5806
882830d543fffff,9.51260876999219,11.804308797127469,11318.0,73149.0,1246446.72,1.0,0.7428
882830d545fffff,25.415975491985453,42.69208959455628,46570.0,195482.0,1246573.44,1.0,0.3491
882830d547fffff,20.600955540564268,32.78336908100973,23466.0,158426.0,1246590.72,1.0,0.5121
882830d549fffff,21.57031325835841,13.550971105248099,156649.0,165904.0,1246112.64,1.0,0.1443
882830d54bfffff,6.535533874687458,4.9964226091104225,45890.0,50260.0,1246296.96,1.0,0.6331
882830d54dfffff,20.764342983895194,29.655366701098696,86296.0,159716.0,1246435.2,1.0,0.2388
882830d551fffff,8.836714886536951,16.363636363636363,265.0,67938.0,1246291.2,1.0,0.8246
882830d553fffff,10.310369531556931,11.383709519136408,5201.0,79256.0,1246204.8,1.0,0.777
882830d555fffff,17.945518818881265,6.721623335447051,67784.0,137977.0,1246492.8,1.0,0.3773
882830d557fffff,22.888921748934873,13.264137437365783,69794.0,175960.0,1246498.56,1.0,0.456
882830d559fffff,13.220714995493726,12.852502964375933,97367.0,101649.0,1246262.4,1.0,0.4391
882830d55bfffff,8.099076530565082,9.523127595589289,72783.0,62262.0,1246222.08,1.0,0.5481
882830d55dfffff,10.645702480484728,0.0,0.0,81857.0,1246285.44,1.0,0.7968
882830d561fffff,5.904011309092085,15.515873015873016,24526.0,45410.0,1246826.88,1.0,0.6826
882830d563fffff,20.37919070871889,37.80868577916549,12620.0,156721.0,1246815.36,1.0,0.4485
882830d565fffff,24.13385372162306,18.199233716475096,7379.0,185634.0,1247068.8,1.0,0.4773
882830d567fffff,19.370990166236336,0.0,0.0,148978.0,1247034.24,1.0,0.2957
882830d569fffff,16.694772344013494,31.600519161144884,57675.0,128414.0,1246723.2,1.0,0.4119
882830d56bfffff,14.15549374901823,31.798898817582817,43523.0,108867.0,1246728.96,1.0,0.4222
882830d56dfffff,17.401326730477845,32.24940117587283,53764.0,133858.0,1246878.72,1.0,0.3717
882830d581fffff,48.578991619931074,0.0,0.0,373145.0,1246844.16,1.0,0.3239
882830d583fffff,57.24124869504163,0.0,0.0,439621.0,1246936.32,1.0,0.1655
882830d585fffff,38.32705942126048,0.0,0.0,294419.0,1247068.8,1.0,0.4514
882830d587fffff,39.32105863500552,13.352272727272727,12298.0,302012.0,1247287.68,1.0,0.3051
882830d589fffff,3.157899599488158,1.276595744680851,1336.0,24258.0,1246884.48,1.0,0.9007
882830d58bfffff,9.626916005284894,4.477611940298507,737.0,73941.0,1246844.16,1.0,0.7853
882830d58dfffff,23.766455725437666,0.0,0.0,182580.0,1246982.4,1.0,0.6697
882830d591fffff,18.050538180810275,0.0,1002.0,138602.0,1246867.2,1.0,0.6428
882830d593fffff,25.702037629863682,2.7184466019417477,8657.0,197326.0,1246907.52,1.0,0.5468
882830d595fffff,35.56898176376032,0.0,0.0,273137.0,1246993.92,1.0,0.4505
882830d597fffff,29.248115438622424,0.0,0.0,224567.0,1247016.96,1.0,0.4931
882830d599fffff,19.326834226575496,12.933513787853155,59288.0,148412.0,1246694.4,1.0,0.4195
882830d59bfffff,12.307336906301977,11.257928118393234,9671.0,94496.0,1246694.4,1.0,0.751
882830d59dfffff,16.52984953965695,1.1406844106463878,13478.0,126943.0,1246861.44,1.0,0.6173
882830d5a1fffff,23.39781033694583,0.0,0.0,179736.0,1247402.88,1.0,0.4251
882830d5a3fffff,30.832413764445697,0.0,0.0,236814.0,1247541.12,1.0,0.4149
882830d5a5fffff,41.306947516171775,0.0,0.0,317332.0,1247506.56,1.0,0.1849
882830d5a7fffff,21.44805905244644,0.0,0.0,164747.0,1247736.96,1.0,0.1264
882830d5a9fffff,22.566134633857978,6.458923512747876,19020.0,173359.0,1247201.28,1.0,0.5958
882830d5abfffff,12.944729744707578,3.2809295967190706,16301.0,99431.0,1247247.36,1.0,0.6037
882830d5adfffff,17.9571481344662,0.0,0.0,137961.0,1247385.6,1.0,0.6967
882830d5b1fffff,1.1903772452324883,2.2504892367906066,5754.0,9141.0,1247443.2,1.0,0.9654
882830d5b3fffff,2.794093201086053,11.25569290826285,15713.0,21453.0,1247408.64,1.0,0.9066
882830d5b5fffff,15.177722164248708,0.0,0.0,116559.0,1247466.24,1.0,0.754
882830d5b7fffff,5.57576876904608,0.0,0.0,42814.0,1247500.8,1.0,0.8639
882830d5b9fffff,9.413074201683001,13.125548726953468,11399.0,72289.0,1247143.68,1.0,0.8233
882830d5bbfffff,15.996305276526959,14.229559748427672,12568.0,122828.0,1247184.0,1.0,0.6777
882830d5bdfffff,16.29699413049602,49.044585987261144,461.0,125163.0,1247287.68,1.0,0.7034
882830d5c1fffff,26.829054141481357,20.86306775249769,54294.0,206136.0,1246440.96,1.0,0.3021
882830d5c3fffff,24.31914166104483,14.975247524752474,11871.0,186826.0,1246567.68,1.0,0.4733
882830d5c5fffff,16.236871652935715,15.18588531821046,38765.0,124762.0,1246584.96,1.0,0.5076
882830d5c7fffff,21.167154829112345,10.079936504336981,91359.0,162623.0,1246798.08,1.0,0.272
882830d5c9fffff,19.620592448819263,13.814100212750349,67668.0,150762.0,1246406.4,1.0,0.3006
882830d5cbfffff,13.195243574990412,12.555779158281563,57565.0,101376.0,1246354.56,1.0,0.4115
882830d5cdfffff,27.79739184280816,15.23624953857512,105811.0,213606.0,1246452.48,1.0,0.1032
882830d5d1fffff,27.37679839906088,17.54432565243376,71522.0,210272.0,1246308.48,1.0,0.2261
882830d5d3fffff,31.250086641498275,11.912345521722512,79649.0,239988.0,1246515.84,1.0,0.2288
882830d5d5fffff,21.83039695411301,10.13923013923014,63199.0,167683.0,1246596.48,1.0,0.3606
882830d5d7fffff,20.373869773931684,16.233766233766232,47555.0,156474.0,1246688.64,1.0,0.4199
882830d5d9fffff,29.135099405094827,13.53375298458867,91780.0,223792.0,1246101.12,1.0,0.1995
882830d5dbfffff,26.992336633480313,13.98525380470744,104826.0,207304.0,1246199.04,1.0,0.2146
882830d5ddfffff,28.963337138420442,10.234608723035743,65676.0,222488.0,1246331.52,1.0,0.1841
882830d5e1fffff,45.78890962508546,0.0,0.0,351836.0,1246901.76,1.0,0.3411
882830d5e3fffff,47.84464046552441,0.0,4176.0,367581.0,1247212.8,1.0,0.3443
882830d5e5fffff,29.125491789652564,2.5621982918678055,30228.0,223812.0,1247362.56,1.0,0.4871
882830d5e7fffff,31.695457630875367,11.969973625481842,24993.0,243527.0,1247391.36,1.0,0.4658
882830d5e9fffff,20.731160943165285,36.907730673316706,1457.0,159307.0,1247068.8,1.0,0.4026
882830d5ebfffff,32.173479192845,12.135355892648775,4337.0,247200.0,1246832.64,1.0,0.416
882830d5edfffff,54.037186742118024,0.0,0.0,415272.0,1246896.0,1.0,0.2727
882830d60dfffff,6.996620213898791,31.412268188302424,13847.0,53801.0,1244102.4,1.0,0.8401
882830d621fffff,15.918892405649027,6.324192988545644,77725.0,122402.0,1244782.08,1.0,0.5012
882830d623fffff,12.877641582335004,0.0,0.0,99004.0,1244799.36,1.0,0.8282
882830d625fffff,24.801391761401756,9.513035255977305,154339.0,190714.0,1244903.04,1.0,0.1235
882830d627fffff,16.505905375209913,2.6791650046536364,84321.0,126907.0,1245075.84,1.0,0.6736
882830d629fffff,6.664167603815235,0.0,0.0,51245.0,1244626.56,1.0,0.8746
882830d62bfffff,19.49479197997307,15.572967678746327,14895.0,149887.0,1244787.84,1.0,0.6696
882830d62dfffff,10.048121414029243,7.726523887973641,64524.0,77272.0,1244851.2,1.0,0.583
882830d631fffff,14.949288371490441,0.0,0.0,114907.0,1244874.24,1.0,0.805
882830d633fffff,26.886069856667483,0.0,0.0,206629.0,1244568.96,1.0,0.4657
882830d635fffff,12.966707539967148,0.0,0.0,99675.0,1244822.4,1.0,0.8257
882830d637fffff,37.58352305328817,0.0,0.0,288864.0,1244782.08,1.0,0.5273
882830d661fffff,45.52294087689245,3.6099805344186873,31375.0,350127.0,1244102.4,1.0,0.274
882830d663fffff,15.588665481744798,11.426897157925579,34825.0,119879.0,1244436.48,1.0,0.6967
882830d665fffff,12.566174292906856,1.653497219783436,38713.0,96656.0,1244712.96,1.0,0.497
882830d667fffff,26.14546649328292,3.3249158249158253,26461.0,201077.0,1244684.16,1.0,0.5206
882830d669fffff,9.403798177282216,0.0,0.0,72331.0,1244453.76,1.0,0.8374
882830d66bfffff,8.338811982036205,0.0,0.0,64131.0,1244102.4,1.0,0.8169
882830d66dfffff,22.805116879869995,0.03966286564204264,58067.0,175423.0,1244108.16,1.0,0.348
882830d681fffff,45.52717577463224,0.0,0.0,349698.0,1244378.88,1.0,0.3752
882830d683fffff,27.327470492941448,0.0,0.0,209876.0,1244448.0,1.0,0.4902
882830d685fffff,45.90911194409737,0.0,0.0,352657.0,1244678.4,1.0,0.3198
882830d687fffff,32.90925415131713,0.0,0.0,252762.0,1244597.76,1.0,0.4783
882830d68bfffff,50.21271277063592,0.0,0.0,385661.0,1244269.44,1.0,0.3501
882830d691fffff,44.57272474770855,0.0,0.0,342248.0,1244275.2,1.0,0.4213
882830d693fffff,10.189741287130087,1.9093851132686084,17459.0,78230.0,1244338.56,1.0,0.7816
882830d695fffff,42.21736755871109,0.0,0.0,324185.0,1244494.08,1.0,0.4135
882830d697fffff,15.670329263438521,0.0,0.0,120315.0,1244494.08,1.0,0.7654
882830d699fffff,30.804879742586632,0.0,0.0,236549.0,1244131.2,1.0,0.5125
882830d69bfffff,22.191253136777384,11.420500403551252,12643.0,170381.0,1244079.36,1.0,0.6165
882830d69dfffff,56.141447246602226,0.0,0.0,431137.0,1244298.24,1.0,0.311
882830d6a1fffff,46.61034201954398,1.2893982808022924,3969.0,358044.0,1244897.28,1.0,0.413
882830d6a3fffff,31.033812759933564,0.0,0.0,238358.0,1245087.36,1.0,0.6059
882830d6a5fffff,21.859316240106942,6.0730828615542976,10512.0,167927.0,1245237.12,1.0,0.3504
882830d6a7fffff,30.06000434881171,0.0,2131.0,230895.0,1245029.76,1.0,0.3121
882830d6a9fffff,19.878941011508932,0.0,0.0,152713.0,1244695.68,1.0,0.5373
882830d6abfffff,19.264030205022138,0.0,0.0,147969.0,1244868.48,1.0,0.5375
882830d6adfffff,62.3870612564016,2.3976023976023977,5628.0,479302.0,1245064.32,1.0,0.2298
882830d6b1fffff,32.47744204340382,0.0,0.0,249393.0,1244793.6,1.0,0.3927
882830d6b3fffff,50.57024017174292,56.057168784029045,11157.0,388274.0,1244949.12,1.0,0.3082
882830d6b5fffff,40.97043895081178,0.0,0.0,314633.0,1244903.04,1.0,0.4024
882830d6b7fffff,50.865131944187425,71.90110257266956,4844.0,390565.0,1245035.52,1.0,0.2802
882830d6b9fffff,46.51650345248894,0.0,0.0,357223.0,1244597.76,1.0,0.2779
882830d6bbfffff,37.45366706925992,0.0,0.0,287585.0,1244730.24,1.0,0.4794
882830d6bdfffff,23.83144918348365,0.0,0.0,183027.0,1244741.76,1.0,0.505
882830d6e3fffff,39.733502420601496,0.0,0.0,305260.0,1244517.12,1.0,0.2731
882830d6e5fffff,30.020499863488492,0.0,0.0,230687.0,1244730.24,1.0,0.438
882830d6e7fffff,21.70271445891292,0.0,0.0,166747.0,1244747.52,1.0,0.5767
882830d701fffff,9.50539743032366,6.59312022237665,61937.0,73119.0,1245392.64,1.0,0.4452
882830d703fffff,15.792636976009838,6.037016033407228,104982.0,121465.0,1245870.72,1.0,0.3484
882830d705fffff,9.98894690351433,5.909241470685657,81809.0,76844.0,1245479.04,1.0,0.3849
882830d707fffff,10.806948414129922,7.160493827160494,132111.0,83125.0,1245438.72,1.0,0.265
882830d709fffff,15.953672739719057,12.725806451612904,124669.0,122729.0,1245317.76,1.0,0.28
882830d70bfffff,18.205284778505607,14.126476596500579,111381.0,140031.0,1245127.68,1.0,0.2004
882830d70dfffff,14.842857473231424,8.436535192701287,152035.0,114192.0,1245340.8,1.0,0.2044
882830d711fffff,17.239513731220434,8.936056702995199,137647.0,132566.0,1245651.84,1.0,0.1388
882830d713fffff,19.17534453167286,9.215570628133294,141857.0,147432.0,1245098.88,1.0,0.2401
882830d715fffff,19.139291562208015,17.811556783883052,130182.0,147185.0,1245277.44,1.0,0.1517
882830d717fffff,19.00057353240458,5.351207217737517,149253.0,146098.0,1245335.04,1.0,0.0708
882830d719fffff,19.89720387127815,5.8106884057971016,119791.0,153013.0,1245058.56,1.0,0.2316
882830d71bfffff,8.489684522157463,1.0484647480475018,106548.0,65278.0,1245196.8,1.0,0.5267
882830d71dfffff,10.29385236612904,11.771604938271604,82328.0,79167.0,1245294.72,1.0,0.2176
882830d721fffff,16.08818661760219,3.8395110933971037,166764.0,123765.0,1245968.64,1.0,0.2931
882830d723fffff,3.3553510430292914,3.0920421860019176,23288.0,25809.0,1246124.16,1.0,0.7692
882830d725fffff,4.2845653962414145,1.806989674344718,28483.0,32963.0,1246222.08,1.0,0.7213
882830d727fffff,13.600203388263573,5.722429291821969,198144.0,104618.0,1246089.6,1.0,0.1448
882830d729fffff,4.776856523206829,6.164927404718693,95299.0,36750.0,1245605.76,1.0,0.4492
882830d72bfffff,6.186420301113453,4.3321676496685635,105575.0,47588.0,1245680.64,1.0,0.4798
882830d72dfffff,8.111756846100855,7.31555404563728,94285.0,62411.0,1245836.16,1.0,0.4091
882830d731fffff,1.843194377008624,6.397306397306397,1601.0,14175.0,1245628.8,1.0,0.9357
882830d733fffff,7.2529180000369955,9.720534629404618,17119.0,55769.0,1245565.44,1.0,0.7436
882830d735fffff,17.776390911402355,8.014839703205936,75692.0,136714.0,1245974.4,1.0,0.3596
882830d737fffff,15.705886703150421,11.52930675394228,102764.0,120773.0,1246187.52,1.0,0.4057
882830d739fffff,14.905189159189714,6.99440682955549,90991.0,114632.0,1245427.2,1.0,0.3324
882830d73bfffff,16.921149587880972,12.615246233415785,89533.0,130118.0,1246008.96,1.0,0.3749
882830d73dfffff,3.0564031437817847,3.6403615929635964,68152.0,23508.0,1245888.0,1.0,0.6902
882830d741fffff,11.202142817490424,4.798843482246747,155520.0,86194.0,1245104.64,1.0,0.1101
882830d743fffff,21.146167335248855,5.882791529973158,72708.0,162685.0,1244903.04,1.0,0.2164
882830d745fffff,13.95275677976295,8.743910710982302,170484.0,107366.0,1245070.08,1.0,0.1533
882830d747fffff,17.9509121859157,13.697162709901564,171700.0,138113.0,1245219.84,1.0,0.1588
882830d749fffff,12.492307407561645,4.196343779677113,185944.0,96128.0,1244833.92,1.0,0.1256
882830d74bfffff,17.816464187569974,10.619127300810916,119992.0,137078.0,1245047.04,1.0,0.2664
882830d74dfffff,6.30988678477077,2.4073302790503956,134968.0,48558.0,1244949.12,1.0,0.1741
882830d751fffff,16.36408220673829,5.293205525796448,154794.0,125869.0,1244954.88,1.0,0.149
882830d753fffff,20.029519134228778,4.987513378523011,153400.0,154041.0,1244914.56,1.0,0.0676
882830d755fffff,14.871009672539886,7.4381911671479894,75692.0,114392.0,1245191.04,1.0,0.3487
882830d757fffff,17.395246841328515,9.238819752869267,118886.0,133791.0,1245029.76,1.0,0.2573
882830d759fffff,38.49350120536561,3.393558523173606,35418.0,296103.0,1244833.92,1.0,0.2788
882830d75bfffff,30.45410153989993,7.154191100379441,77518.0,234230.0,1244465.28,1.0,0.2688
882830d75dfffff,14.436401336678115,9.449822904368359,110442.0,111057.0,1244494.08,1.0,0.3329
882830d761fffff,1.3896724904965825,0.4705882352941176,87713.0,10694.0,1245530.88,1.0,0.6513
882830d763fffff,10.675347013510638,7.061559172683881,87483.0,82135.0,1245738.24,1.0,0.4119
882830d765fffff,4.681156069364162,7.14103037708505,188225.0,36024.0,1245600.0,1.0,0.0984
882830d767fffff,11.33936249895969,6.967827971328555,160733.0,87250.0,1245784.32,1.0,0.249
882830d769fffff,0.49346745288472654,0.0,835.0,3797.0,1245456.0,1.0,0.9721
882830d76bfffff,6.019694089460563,8.86639055069796,34220.0,46318.0,1245352.32,1.0,0.644
882830d76dfffff,1.144162643135949,1.1246228399012526,124577.0,8806.0,1245473.28,1.0,0.5731
882830d801fffff,0.009676126231978215,0.0,0.0,75.0,1250087.04,1.0,0.9902
882830d803fffff,0.0,0.0,0.0,0.0,1250098.56,1.0,0.9978
882830d805fffff,0.0,0.0,0.0,0.0,1250213.76,1.0,0.9997
882830d807fffff,0.33954527654281175,0.0,0.0,2617.0,1250236.8,1.0,0.9827
882830d809fffff,0.02857274528780128,0.0,30707.0,220.0,1249862.4,1.0,0.9968
882830d80bfffff,0.0,0.0,12424.0,0.0,1249908.48,1.0,0.9994
882830d80dfffff,0.01889261621262948,0.0,2938.0,146.0,1250012.16,1.0,0.9928
882830d811fffff,0.07465128174407513,0.0,0.0,575.0,1249971.84,1.0,0.9943
882830d813fffff,0.1866307844022746,0.0,1025.0,1438.0,1249954.56,1.0,0.9906
882830d815fffff,0.11473226833527625,0.0,0.0,884.0,1250075.52,1.0,0.991
882830d817fffff,1.1726111216059936,21.80616740088106,2045.0,9034.0,1250133.12,1.0,0.9576
882830d819fffff,0.0281139675721515,0.0,0.0,217.0,1249770.24,1.0,0.9982
882830d81bfffff,0.4028076708591233,0.0,1043.0,3103.0,1249787.52,1.0,0.9813
882830d81dfffff,0.026267039013465315,0.0,242.0,202.0,1249931.52,1.0,0.9925
882830d821fffff,0.5393902264886203,0.0,0.0,4158.0,1250478.72,1.0,0.8432
882830d823fffff,8.953065266454791,0.0,0.0,68999.0,1250553.6,1.0,0.8167
882830d825fffff,0.17224307458493562,0.0,0.0,1328.0,1250697.6,1.0,0.9754
882830d827fffff,5.63487311748722,0.0,0.0,43429.0,1250668.8,1.0,0.864
882830d829fffff,0.7569300795628879,0.0,0.0,5835.0,1250271.36,1.0,0.9638
882830d82bfffff,0.005067256311037406,0.0,0.0,39.0,1250380.8,1.0,0.9978
882830d82dfffff,1.4596758220752362,3.0800821355236137,16312.0,11252.0,1250513.28,1.0,0.8364
882830d831fffff,0.0,0.0,386.0,0.0,1250472.96,1.0,0.9989
882830d833fffff,0.1800996766496854,2.4154589371980677,13962.0,1388.0,1250507.52,1.0,0.9814
882830d835fffff,2.667102663418184,1.0668855149774312,13887.0,20552.0,1250651.52,1.0,0.8958
882830d837fffff,24.79148532452759,3.095823095823096,11359.0,191009.0,1250674.56,1.0,0.3743
882830d839fffff,0.17045821009665443,0.0,0.0,1313.0,1250277.12,1.0,0.9743
882830d83bfffff,2.876057272375477,0.0,10328.0,22159.0,1250311.68,1.0,0.8337
882830d83dfffff,0.1395715200397986,0.0,0.0,1076.0,1250455.68,1.0,0.9945
882830d841fffff,0.09587374165714074,0.0,16623.0,739.0,1249643.52,1.0,0.9864
882830d843fffff,0.01843691808477295,0.0,23668.0,142.0,1249666.56,1.0,0.9902
882830d845fffff,0.8563001198267122,0.0,21761.0,6602.0,1249804.8,1.0,0.9696
882830d847fffff,0.0,0.0,0.0,0.0,1249845.12,1.0,0.9985
882830d849fffff,0.14567783991111807,0.0,35320.0,1123.0,1249441.92,1.0,0.9816
882830d84bfffff,0.08851026165846103,0.0,16888.0,682.0,1249482.24,1.0,0.9945
882830d84dfffff,0.008296995565716815,0.0,2863.0,64.0,1249608.96,1.0,0.9918
882830d851fffff,0.02304827230150828,0.0,0.0,178.0,1249551.36,1.0,0.9979
882830d853fffff,0.033189359122694606,0.0,0.0,256.0,1249557.12,1.0,0.9926
882830d855fffff,0.052543521245558,0.0,33771.0,405.0,1249706.88,1.0,0.9935
882830d857fffff,0.0027653847571992183,0.0,31628.0,21.0,1249735.68,1.0,0.9972
882830d859fffff,0.0,0.0,0.0,0.0,1249344.0,1.0,0.9981
882830d85bfffff,0.043337144543208056,0.0,0.0,334.0,1249367.04,1.0,0.9986
882830d85dfffff,0.005531763849001286,0.0,0.0,43.0,1249511.04,1.0,0.9948
882830d861fffff,0.010597369087935125,0.0,22533.0,82.0,1250121.6,1.0,0.9718
882830d863fffff,0.0,0.0,21416.0,0.0,1250150.4,1.0,0.9989
882830d865fffff,0.8891591687052829,0.10214504596527069,22533.0,6856.0,1250259.84,1.0,0.9652
882830d867fffff,0.0032248701989744913,0.0,23213.0,25.0,1250282.88,1.0,0.9961
882830d869fffff,0.01889418335652863,11.731843575418994,910.0,146.0,1249908.48,1.0,0.9976
882830d86bfffff,0.9700237321720697,0.0,17631.0,7478.0,1249948.8,1.0,0.9664
882830d86dfffff,0.0,0.0,0.0,0.0,1250012.16,1.0,0.9965
882830d881fffff,0.2515456698209695,0.0,2189.0,1937.0,1250254.08,1.0,0.9856
882830d883fffff,1.4429588950215153,0.0,6987.0,11109.0,1250231.04,1.0,0.9548
882830d885fffff,0.6808487115467888,0.0,15742.0,5243.0,1250392.32,1.0,0.9554
882830d887fffff,1.7130828120537647,0.0,0.0,13190.0,1250461.44,1.0,0.9499
882830d889fffff,0.1847662315521746,0.0,11641.0,1423.0,1250098.56,1.0,0.9946
882830d88bfffff,1.0302770597477755,2.5654450261780104,21439.0,7932.0,1250087.04,1.0,0.9695
882830d88dfffff,1.699569233604386,0.5896635449184877,33016.0,13088.0,1250236.8,1.0,0.9521
882830d891fffff,0.3791840401760004,0.0,0.0,2919.0,1250179.2,1.0,0.9836
882830d893fffff,1.6650848207292464,0.0,0.0,12815.0,1250184.96,1.0,0.951
882830d895fffff,3.241945812467463,0.756984079303094,95149.0,24956.0,1250271.36,1.0,0.6606
882830d897fffff,1.622005094966302,1.4415751845919442,145313.0,12484.0,1250363.52,1.0,0.5077
882830d899fffff,0.10045851478076542,0.0,0.0,773.0,1249948.8,1.0,0.9928
882830d89bfffff,0.03179591629840237,0.0,0.0,245.0,1249971.84,1.0,0.9993
882830d89dfffff,12.682052534337146,4.934021801491681,9544.0,97630.0,1250144.64,1.0,0.7667
882830d8a1fffff,18.288572060123784,0.0,0.0,140829.0,1250795.52,1.0,0.5654
882830d8a3fffff,12.16928780308089,4.174350377200335,32924.0,93695.0,1250755.2,1.0,0.4901
882830d8a5fffff,0.9402209196852424,1.6282642089093702,18444.0,7241.0,1250974.08,1.0,0.8782
882830d8a7fffff,20.56322204264685,10.775020908837469,36870.0,158333.0,1250951.04,1.0,0.5943
882830d8a9fffff,0.22061837626717393,0.0,0.0,1699.0,1250593.92,1.0,0.8088
882830d8abfffff,6.035260956872571,0.2622091117666339,17528.0,46471.0,1250634.24,1.0,0.7089
882830d8adfffff,16.2162784486014,2.97951582867784,18006.0,124888.0,1250760.96,1.0,0.6813
882830d8b1fffff,8.171170382789002,1.89873417721519,27677.0,62899.0,1250593.92,1.0,0.6963
882830d8b3fffff,12.590842521208101,9.906830844140643,110840.0,96907.0,1250691.84,1.0,0.5016
882830d8b5fffff,5.562744348610925,0.5271249725455743,26087.0,42823.0,1250835.84,1.0,0.6921
882830d8b7fffff,19.896396914930357,4.578563995837669,31692.0,153146.0,1250928.0,1.0,0.5143
882830d8b9fffff,5.495138207562379,6.20727877332348,29244.0,42303.0,1250501.76,1.0,0.8166
882830d8bbfffff,4.19150092581504,0.2793443314183313,108979.0,32263.0,1250530.56,1.0,0.4817
882830d8bdfffff,8.669540547511145,0.0,0.0,66745.0,1250657.28,1.0,0.6382
882830d8c1fffff,0.8852860934965343,0.0,0.0,6818.0,1249873.92,1.0,0.9818
882830d8c3fffff,1.0963891513238242,0.0,0.0,8443.0,1249833.6,1.0,0.9762
882830d8c5fffff,2.8762856194934936,0.0,20540.0,22155.0,1250012.16,1.0,0.9341
882830d8c7fffff,1.0584375489590725,0.0,0.0,8151.0,1250023.68,1.0,0.9611
882830d8c9fffff,0.15625432119251084,0.0,8876.0,1204.0,1249655.04,1.0,0.9954
882830d8cbfffff,3.7864296940896667,0.0,0.0,29161.0,1249683.84,1.0,0.9226
882830d8cdfffff,1.9605764666301035,1.0520913523222992,22211.0,15102.0,1249787.52,1.0,0.9558
882830d8d1fffff,9.333720490768139,0.0,15264.0,71863.0,1249724.16,1.0,0.8068
882830d8d3fffff,0.19035065078721286,0.9599096555618294,10103.0,1465.0,1249735.68,1.0,0.9893
882830d8d5fffff,4.588081862882897,2.28956228956229,16716.0,35328.0,1249902.72,1.0,0.8831
882830d8d7fffff,3.61565154077631,0.0,17522.0,27836.0,1249925.76,1.0,0.9388
882830d8d9fffff,8.978223992329536,0.0,0.0,69131.0,1249551.36,1.0,0.8273
882830d8dbfffff,11.551368094992256,11.626558422731225,17556.0,88932.0,1249597.44,1.0,0.7458
882830d8ddfffff,0.7356296408965832,0.0,0.0,5665.0,1249672.32,1.0,0.9782
882830d8e1fffff,1.06873534519691,4.330708661417323,13997.0,8232.0,1250375.04,1.0,0.8967
882830d8e3fffff,1.3257846221882357,0.20252375759464092,36899.0,10210.0,1250375.04,1.0,0.8479
882830d8e5fffff,0.0004605896468659178,0.0,0.0,4.0,1250570.88,1.0,0.9962
882830d8e7fffff,1.5439818333402426,0.0,12614.0,11892.0,1250501.76,1.0,0.878
882830d8e9fffff,2.893896601134337,15.655048076923078,16168.0,22292.0,1250167.68,1.0,0.9031
882830d8ebfffff,2.6680734215473074,0.0,13427.0,20549.0,1250196.48,1.0,0.8236
882830d8edfffff,2.024683168179996,15.82260371959943,16946.0,15597.0,1250328.96,1.0,0.8971
882830d901fffff,0.29785882320444534,0.0,0.0,2297.0,1251169.92,1.0,0.9647
882830d903fffff,0.041435319466313084,0.0,2160.0,319.0,1251106.56,1.0,0.9973
882830d905fffff,4.863217687106144,0.0,0.0,37503.0,1251319.68,1.0,0.8419
882830d907fffff,0.1367113778849783,0.0,0.0,1054.0,1251336.96,1.0,0.989
882830d909fffff,0.0,0.0,657.0,0.0,1250974.08,1.0,0.9861
882830d90bfffff,0.003683733095118593,0.0,17539.0,28.0,1250904.96,1.0,0.9989
882830d90dfffff,0.0,0.0,0.0,0.0,1251031.68,1.0,0.9992
882830d911fffff,0.07090761750405186,0.0,1146.0,547.0,1250979.84,1.0,0.9785
882830d913fffff,0.3126165405918075,0.0,737.0,2409.0,1251066.24,1.0,0.9345
882830d915fffff,0.0,0.0,0.0,0.0,1251216.0,1.0,0.9933
882830d917fffff,0.14593634045060722,0.0,0.0,1125.0,1251175.68,1.0,0.9849
882830d919fffff,0.0,0.0,0.0,0.0,1250818.56,1.0,0.9978
882830d91bfffff,0.2970023483906617,3.759791122715405,10616.0,2289.0,1250899.2,1.0,0.9702
882830d91dfffff,0.0,0.0,0.0,0.0,1251025.92,1.0,0.9875
882830d929fffff,0.48835721420056244,0.0,0.0,3766.0,1251411.84,1.0,0.9733
882830d92bfffff,0.06949622143060963,0.0,0.0,536.0,1251521.28,1.0,0.987
882830d92dfffff,1.6107506097841593,0.0,0.0,12423.0,1251590.4,1.0,0.9675
882830d931fffff,0.0,0.0,0.0,0.0,1251521.28,1.0,0.9986
882830d933fffff,0.0,0.0,0.0,0.0,1251578.88,1.0,0.9995
882830d935fffff,0.0023009981730074507,0.0,0.0,18.0,1251630.72,1.0,0.9699
882830d937fffff,0.02208744788742764,0.0,0.0,170.0,1251751.68,1.0,0.9518
882830d939fffff,0.0,0.0,0.0,0.0,1251308.16,1.0,0.9968
882830d93bfffff,0.0607569766960172,0.0,0.0,468.0,1251411.84,1.0,0.9952
882830d93dfffff,0.4722300211260799,0.0,0.0,3641.0,1251457.92,1.0,0.9505
882830d941fffff,0.0,0.0,0.0,0.0,1250709.12,1.0,1.0
882830d943fffff,0.02486863374489387,0.0,1498.0,192.0,1250732.16,1.0,0.9896
882830d945fffff,0.0,0.0,0.0,0.0,1250922.24,1.0,1.0
882830d947fffff,0.0,0.0,0.0,0.0,1250864.64,1.0,1.0
882830d949fffff,0.0,0.0,0.0,0.0,1250588.16,1.0,1.0
882830d94bfffff,0.012897222951529471,0.0,0.0,99.0,1250501.76,1.0,0.9973
882830d94dfffff,0.0,0.0,0.0,0.0,1250640.0,1.0,0.9862
882830d951fffff,0.0,0.0,34214.0,0.0,1250605.44,1.0,0.9993
882830d953fffff,0.0,0.0,13945.0,0.0,1250588.16,1.0,0.99
882830d955fffff,0.0,0.0,20863.0,0.0,1250720.64,1.0,0.9951
882830d957fffff,0.1943312380557666,0.0,8294.0,1498.0,1250812.8,1.0,0.9858
882830d959fffff,0.015662500748575402,0.0,9901.0,121.0,1250375.04,1.0,0.9988
882830d95bfffff,0.2588835760942668,0.0,14458.0,1996.0,1250415.36,1.0,0.9829
882830d95dfffff,0.1146857656080879,0.0,20655.0,884.0,1250582.4,1.0,0.9417
882830d961fffff,0.0897653671403516,0.0,0.0,692.0,1251262.08,1.0,0.9832
882830d963fffff,2.3740798541577472,0.0,0.0,18310.0,1251192.96,1.0,0.881
882830d965fffff,0.0,0.0,0.0,0.0,1251429.12,1.0,0.9956
882830d967fffff,0.42622724448229043,0.0,0.0,3288.0,1251388.8,1.0,0.9634
882830d969fffff,0.0,0.0,0.0,0.0,1251020.16,1.0,0.9998
882830d96bfffff,0.0,0.0,0.0,0.0,1251095.04,1.0,1.0
882830d96dfffff,0.0,0.0,0.0,0.0,1251181.44,1.0,0.9948
882830d981fffff,2.557079727490333,0.6060606060606061,17004.0,19699.0,1251302.4,1.0,0.9179
882830d983fffff,4.462354208283087,0.0,0.0,34371.0,1251429.12,1.0,0.8102
882830d985fffff,4.696726328821469,4.92224067643062,36271.0,36184.0,1251527.04,1.0,0.7448
882830d987fffff,1.0640501097646848,0.0,2436.0,8196.0,1251550.08,1.0,0.7796
882830d989fffff,9.231449169943005,9.114249037227214,12234.0,71120.0,1251152.64,1.0,0.7895
882830d98bfffff,4.163367521682288,0.0,138.0,32070.0,1251233.28,1.0,0.872
882830d98dfffff,8.231833623332504,5.439246045102659,80911.0,63423.0,1251313.92,1.0,0.4948
882830d991fffff,2.207706719327561,0.0,0.0,17001.0,1251296.64,1.0,0.7377
882830d993fffff,0.562046013201867,0.0,0.0,4328.0,1251313.92,1.0,0.9625
882830d995fffff,7.139602424666425,23.10874704491726,7494.0,54985.0,1251457.92,1.0,0.6459
882830d997fffff,0.013347325011966567,0.0,0.0,103.0,1251486.72,1.0,0.9801
882830d999fffff,15.905177573363535,0.0,0.0,122492.0,1251106.56,1.0,0.4565
882830d99bfffff,7.9199852677132725,0.0,0.0,60987.0,1251129.6,1.0,0.7952
882830d99dfffff,3.547754515826106,12.207792207792208,1947.0,27325.0,1251279.36,1.0,0.7232
882830d9a1fffff,2.955291043024952,1.2061206120612062,94833.0,22768.0,1251872.64,1.0,0.6792
882830d9a3fffff,7.148049988036736,3.7633206647291155,148769.0,55061.0,1251832.32,1.0,0.4257
882830d9a5fffff,3.4849377081761466,4.370841977251592,77000.0,26850.0,1252016.64,1.0,0.431
882830d9a7fffff,2.6820258265745975,0.9296148738379815,4297.0,20661.0,1252068.48,1.0,0.8756
882830d9a9fffff,1.546681147148695,0.8449942540390726,84488.0,11917.0,1251671.04,1.0,0.503
882830d9abfffff,5.721688388189382,2.327087670599121,121605.0,44077.0,1251624.96,1.0,0.5449
882830d9adfffff,5.168613773460758,2.411290783383807,98375.0,39825.0,1251826.56,1.0,0.3408
882830d9b1fffff,1.8015323378505854,0.0,13000.0,13874.0,1251734.4,1.0,0.8721
882830d9b3fffff,0.9230075506250777,0.0,30660.0,7107.0,1251838.08,1.0,0.9449
882830d9b5fffff,2.5990338164251208,1.024428684003152,43407.0,20018.0,1251936.0,1.0,0.8379
882830d9b7fffff,0.8125181160253785,0.0,13179.0,6257.0,1251930.24,1.0,0.9543
882830d9b9fffff,6.974250408449732,3.34750265674814,31432.0,53715.0,1251561.6,1.0,0.7217
882830d9bbfffff,1.03589030883429,29.518072289156628,4717.0,7977.0,1251653.76,1.0,0.8805
882830d9bdfffff,5.48808828063523,0.1885902876001886,12194.0,42272.0,1251688.32,1.0,0.8297
882830d9c1fffff,2.9593918212669164,8.29284094590217,16307.0,22804.0,1250916.48,1.0,0.8037
882830d9c3fffff,5.688264328864005,13.621964097148892,14135.0,43826.0,1250979.84,1.0,0.7807
882830d9c5fffff,3.078800156541357,19.587437279316113,24924.0,23726.0,1251043.2,1.0,0.8607
882830d9c7fffff,4.5376278739997975,36.27278071722516,6244.0,34963.0,1251106.56,1.0,0.8315
882830d9c9fffff,15.134336056589698,6.106377485153628,41892.0,116628.0,1250737.92,1.0,0.5058
882830d9cbfffff,11.301396672484216,1.2062726176115801,14152.0,87079.0,1250835.84,1.0,0.7381
882830d9cdfffff,2.9250457038391224,3.3112582781456954,23547.0,22542.0,1250835.84,1.0,0.8192
882830d9d1fffff,52.72440103698997,2.411513029949436,14452.0,406137.0,1250881.92,1.0,0.2738
882830d9d3fffff,4.536454640058203,3.1799729364005414,16485.0,34940.0,1250922.24,1.0,0.8062
882830d9d5fffff,22.257213497423997,11.714770797962649,11981.0,171459.0,1251054.72,1.0,0.6499
882830d9d7fffff,11.164210439082334,0.0,0.0,85992.0,1251089.28,1.0,0.8049
882830d9d9fffff,5.74253686663535,0.0,4038.0,44238.0,1250691.84,1.0,0.5929
882830d9dbfffff,17.36637530050014,8.270821311790728,27469.0,133764.0,1250714.88,1.0,0.6961
882830d9ddfffff,13.967056699867841,8.144055657867813,25857.0,107603.0,1250847.36,1.0,0.5676
882830d9e1fffff,2.02564621842551,0.6700583198908052,46109.0,15610.0,1251440.64,1.0,0.6677
882830d9e3fffff,1.2404720698162537,0.6697674418604651,61505.0,9558.0,1251394.56,1.0,0.5688
882830d9e5fffff,6.032685483908083,4.028716216216216,65451.0,46492.0,1251550.08,1.0,0.5784
882830d9e7fffff,1.9926185677076145,0.7569633276989784,77783.0,15354.0,1251659.52,1.0,0.3589
882830d9e9fffff,0.46078494554359734,2.1212121212121215,14884.0,3551.0,1251290.88,1.0,0.926
882830d9ebfffff,2.946240321140195,20.398386283408975,18184.0,22703.0,1251221.76,1.0,0.8219
882830d9edfffff,0.13118708198502166,0.0,0.0,1011.0,1251342.72,1.0,0.9842
882830da01fffff,0.07334286636837493,0.0,0.0,566.0,1248710.4,1.0,0.9972
882830da03fffff,0.2260220579077738,0.0,24301.0,1743.0,1248727.68,1.0,0.9748
882830da05fffff,1.0026611567960964,0.0,0.0,7732.0,1248900.48,1.0,0.9759
882830da07fffff,0.5589864450399177,0.0,0.0,4310.0,1248888.96,1.0,0.9842
882830da0bfffff,0.0,0.0,0.0,0.0,1248520.32,1.0,0.9978
882830da11fffff,0.0,0.0,0.0,0.0,1248629.76,1.0,0.9889
882830da13fffff,0.00553571922832074,0.0,0.0,43.0,1248618.24,1.0,0.9925
882830da15fffff,2.5516722863112835,8.138316451274887,15149.0,19670.0,1248762.24,1.0,0.8924
882830da17fffff,0.08025793238961075,0.0,0.0,619.0,1248773.76,1.0,0.9934
882830da19fffff,0.008305111334631392,0.0,0.0,64.0,1248387.84,1.0,0.9921
882830da1bfffff,0.017994158819214068,0.0,0.0,139.0,1248405.12,1.0,0.9879
882830da1dfffff,0.8105327742179536,1.3582342954159592,13386.0,6249.0,1248600.96,1.0,0.9777
882830da21fffff,0.0,0.0,0.0,0.0,1249257.6,1.0,0.9967
882830da23fffff,0.0,0.0,0.0,0.0,1249263.36,1.0,0.9874
882830da25fffff,0.11387368780168458,1.8112889637742207,13427.0,878.0,1249384.32,1.0,0.9836
882830da27fffff,0.28951299120396834,0.0,18069.0,2232.0,1249436.16,1.0,0.9794
882830da29fffff,0.0,0.0,0.0,0.0,1249044.48,1.0,0.9951
882830da2bfffff,0.19045335276295705,0.0,0.0,1469.0,1249061.76,1.0,0.9935
882830da2dfffff,0.010143905126821869,0.0,0.0,78.0,1249223.04,1.0,0.9994
882830da31fffff,0.023978271996606154,0.0,22931.0,185.0,1249130.88,1.0,0.9968
882830da33fffff,0.1323391756237694,0.0,1279.0,1020.0,1249153.92,1.0,0.9689
882830da35fffff,0.002305316058831666,0.0,0.0,18.0,1249286.4,1.0,0.9927
882830da37fffff,0.0,0.0,0.0,0.0,1249315.2,1.0,0.9981
882830da39fffff,2.3548945001729504,1.6098738932116985,42244.0,18155.0,1248912.0,1.0,0.9321
882830da3bfffff,2.091490607892783,0.0,20713.0,16122.0,1248946.56,1.0,0.8951
882830da3dfffff,0.49248590097713263,0.0,9717.0,3797.0,1249107.84,1.0,0.9745
882830da53fffff,0.0,0.0,0.0,0.0,1248174.72,1.0,0.9981
882830da57fffff,0.4969156166229116,0.0,0.0,3831.0,1248405.12,1.0,0.9873
882830da81fffff,0.0,0.0,0.0,0.0,1248877.44,1.0,1.0
882830da83fffff,0.21445965391285096,0.0,0.0,1652.0,1248906.24,1.0,0.9924
882830da85fffff,0.17661733985695377,0.0,0.0,1361.0,1249073.28,1.0,0.9892
882830da87fffff,1.641574251262306,0.0,0.0,12645.0,1249142.4,1.0,0.9593
882830da89fffff,0.0,0.0,0.0,0.0,1248721.92,1.0,0.9995
882830da8bfffff,0.9483219866792125,0.0,0.0,7305.0,1248791.04,1.0,0.9748
882830da8dfffff,0.0,0.0,0.0,0.0,1248888.96,1.0,0.9999
882830da91fffff,8.680049447406779,0.0,0.0,66844.0,1248744.96,1.0,0.8291
882830da93fffff,6.968774503021079,0.0,0.0,53659.0,1248825.6,1.0,0.8774
882830da95fffff,0.5465085711913887,0.0,0.0,4209.0,1248946.56,1.0,0.9756
882830da97fffff,2.1070155455228803,0.0,0.0,16225.0,1249038.72,1.0,0.9466
882830da99fffff,12.314732379682722,0.0,0.0,94841.0,1248658.56,1.0,0.7694
882830da9bfffff,27.084630821396445,0.0,0.0,208562.0,1248566.4,1.0,0.5856
882830da9dfffff,13.997426163646177,0.0,0.0,107808.0,1248750.72,1.0,0.752
882830daa1fffff,0.9035714121069349,0.0,0.0,6961.0,1249441.92,1.0,0.9776
882830daa3fffff,5.853336959879033,0.0,4873.0,45088.0,1249453.44,1.0,0.8623
882830daa5fffff,0.05439266897451381,0.0,0.0,419.0,1249580.16,1.0,0.9959
882830daa7fffff,1.1076182750101404,0.0,14964.0,8533.0,1249643.52,1.0,0.9545
882830daa9fffff,0.3578031990188077,0.0,0.0,2757.0,1249223.04,1.0,0.9831
882830daabfffff,2.0568314375688725,0.0,0.0,15845.0,1249269.12,1.0,0.9535
882830daadfffff,0.030427225912932034,0.0,0.0,234.0,1249407.36,1.0,0.998
882830dab1fffff,28.687746087950792,0.0,0.0,220937.0,1249309.44,1.0,0.5176
882830dab3fffff,28.016985020539703,0.0,0.0,215742.0,1249326.72,1.0,0.4908
882830dab5fffff,12.114618675320845,0.0,7649.0,93306.0,1249505.28,1.0,0.7989
882830dab7fffff,12.568625914435987,0.0,0.0,96790.0,1249557.12,1.0,0.7577
882830dab9fffff,12.176587493717347,0.0,0.0,93784.0,1249153.92,1.0,0.7426
882830dabbfffff,18.26448224504194,0.0,0.0,140653.0,1249165.44,1.0,0.6514
882830dabdfffff,5.349815110242248,0.0,9164.0,41207.0,1249263.36,1.0,0.839
882830dac1fffff,0.05213114905356591,0.0,0.0,402.0,1248543.36,1.0,0.9968
882830dac3fffff,0.0341408726222497,0.0,0.0,263.0,1248474.24,1.0,0.9982
882830dac5fffff,0.7602317599734288,0.0,0.0,5859.0,1248629.76,1.0,0.98
882830dac7fffff,0.042900636590091336,0.0,0.0,331.0,1248652.8,1.0,0.992
882830dac9fffff,0.0392214767578143,0.0,0.0,302.0,1248295.68,1.0,0.9969
882830dacbfffff,1.6384668269297318,0.0,0.0,12625.0,1248347.52,1.0,0.9705
882830dacdfffff,0.05767119116385078,0.0,0.0,444.0,1248456.96,1.0,0.9937
882830dad1fffff,20.209482062521626,0.0,0.0,155674.0,1248336.0,1.0,0.674
882830dad3fffff,28.317261108291426,0.0,0.0,218099.0,1248364.8,1.0,0.3001
882830dad5fffff,0.0,0.0,0.0,0.0,1248485.76,1.0,0.9989
882830dad7fffff,0.856684166336049,0.0,0.0,6599.0,1248572.16,1.0,0.9783
882830dad9fffff,38.36758048812001,0.0,0.0,295567.0,1248243.84,1.0,0.2086
882830dadbfffff,22.410395795166657,0.0,0.0,172616.0,1248209.28,1.0,0.3342
882830daddfffff,2.699485570601398,0.0,20131.0,20797.0,1248451.2,1.0,0.924
882830dae1fffff,1.6846289711911384,0.0,0.0,12982.0,1249015.68,1.0,0.9401
882830dae3fffff,0.47222670571145287,0.0,0.0,3639.0,1249027.2,1.0,0.9794
882830dae5fffff,0.22086659012417403,0.0,0.0,1702.0,1249188.48,1.0,0.9865
882830dae7fffff,0.0,0.0,0.0,0.0,1249200.0,1.0,0.9999
882830dae9fffff,0.5613002610484369,0.0,0.0,4326.0,1248871.68,1.0,0.979
882830daebfffff,0.4810441841158565,0.0,0.0,3707.0,1248883.2,1.0,0.9791
882830daedfffff,0.9661635237528652,0.0,2621.0,7446.0,1248981.12,1.0,0.9545
882830db03fffff,0.02857458889462429,0.0,40297.0,220.0,1249781.76,1.0,0.9851
882830db07fffff,0.13870200726227122,1.5298738887740335,27435.0,1070.0,1249989.12,1.0,0.975
882830db11fffff,0.9103396142925624,0.0,0.0,7021.0,1249643.52,1.0,0.9709
882830db13fffff,0.0,0.0,1918.0,0.0,1249729.92,1.0,0.9987
882830db15fffff,0.007834715162017301,0.0,17833.0,60.0,1249822.08,1.0,0.994
882830db17fffff,0.0,0.0,5000.0,0.0,1249810.56,1.0,0.9989
882830db19fffff,0.02120538801250196,0.0,18939.0,164.0,1249493.76,1.0,0.9988
882830db1bfffff,0.012445894928989254,0.0,3295.0,96.0,1249568.64,1.0,0.9952
882830db1dfffff,0.4978151446429559,0.0,20984.0,3840.0,1249620.48,1.0,0.9705
882830db21fffff,0.655570041877243,0.0,2840.0,5058.0,1250282.88,1.0,0.843
882830db23fffff,0.04606851309267142,0.0,2402.0,355.0,1250311.68,1.0,0.9824
882830db25fffff,0.018424604216470675,0.0,14279.0,142.0,1250501.76,1.0,0.9906
882830db27fffff,0.011515801983481734,0.0,12459.0,89.0,1250455.68,1.0,0.9896
882830db2bfffff,1.3030516659063998,7.936507936507936,2673.0,10053.0,1250087.04,1.0,0.5805
882830db31fffff,0.22482884443502538,0.0,12004.0,1734.0,1250231.04,1.0,0.9888
882830db33fffff,0.0,0.0,26358.0,0.0,1250202.24,1.0,0.9994
882830db35fffff,0.02349483344005823,0.0,7632.0,181.0,1250317.44,1.0,0.9692
882830db37fffff,0.009212938651041523,0.0,13380.0,71.0,1250415.36,1.0,0.9902
882830db39fffff,0.0,0.0,0.0,0.0,1250012.16,1.0,0.9998
882830db3bfffff,0.0,0.0,19446.0,0.0,1250017.92,1.0,0.9999
882830db3dfffff,0.04791853848457622,0.0,17850.0,370.0,1250121.6,1.0,0.8122
882830db53fffff,0.04656566681112781,0.0,0.0,359.0,1249332.48,1.0,0.9914
882830db57fffff,0.2171357444160155,0.0,34658.0,1675.0,1249430.4,1.0,0.9634
8828346d85fffff,18.542117180735055,0.0,0.0,142710.0,1243912.32,1.0,0.7612
8828346d87fffff,16.419050263815606,0.0,0.0,126352.0,1244505.6,1.0,0.7826
8828346d95fffff,10.889759476906264,0.0,0.0,83784.0,1243848.96,1.0,0.7897
8828346d97fffff,6.305947697292294,0.0,0.0,48510.0,1244448.0,1.0,0.879
8828346da1fffff,15.584932559409745,2.4685213756034443,112879.0,119950.0,1244401.92,1.0,0.3408
8828346da3fffff,19.86985759310597,3.7998303647158607,97995.0,152908.0,1244568.96,1.0,0.3525
8828346da5fffff,13.914262709276176,3.3484978892577564,135832.0,107099.0,1244747.52,1.0,0.1861
8828346da7fffff,11.270153362170666,4.798026291563869,148919.0,86735.0,1245052.8,1.0,0.2026
8828346da9fffff,28.699649129303722,1.0843692144935202,43085.0,220903.0,1244355.84,1.0,0.3477
8828346dabfffff,39.490466493891155,0.0,0.0,303919.0,1244620.8,1.0,0.5029
8828346dadfffff,9.564094613544121,4.763234655247316,176780.0,73621.0,1244615.04,1.0,0.1805
8828346db1fffff,61.00239237770878,0.0,0.0,469345.0,1244753.28,1.0,0.3107
8828346db3fffff,52.94060460163881,0.0,392.0,407262.0,1244217.6,1.0,0.3483
8828346db5fffff,24.371497716430135,4.998210664439938,45873.0,187525.0,1244787.84,1.0,0.4347
8828346db7fffff,39.913654683516185,0.0,2010.0,307070.0,1244787.84,1.0,0.4392
8828346db9fffff,42.72140909111956,0.0,0.0,328716.0,1243981.44,1.0,0.5132
8828346dbbfffff,23.148975162321886,1.4603616133518775,8162.0,178093.0,1244638.08,1.0,0.4988
8828346dbdfffff,54.28072758248727,0.0,0.0,417687.0,1244177.28,1.0,0.3332
882836265bfffff,1.8761278117811278,0.0,17464.0,14444.0,1254464.64,1.0,0.8475
8828362681fffff,0.8149480562387578,0.0,17338.0,6269.0,1255265.28,1.0,0.8497
8828362683fffff,4.171197584733903,0.0,0.0,32081.0,1255374.72,1.0,0.9029
882836268bfffff,0.5235866372980911,0.0,6756.0,4027.0,1255219.2,1.0,0.9382
8828362691fffff,0.0,0.0,0.0,0.0,1255190.4,1.0,0.9921
8828362693fffff,0.0,0.0,0.0,0.0,1255288.32,1.0,1.0
8828362695fffff,10.363735643523468,0.0,0.0,79698.0,1255294.08,1.0,0.8079
8828362697fffff,3.8250137639933937,0.0,0.0,29410.0,1255449.6,1.0,0.9352
8828362699fffff,0.0,0.0,0.0,0.0,1254994.56,1.0,0.9938
882836269bfffff,0.0,0.0,0.0,0.0,1255011.84,1.0,0.9988
882836269dfffff,0.135383203304268,0.0,0.0,1041.0,1255104.0,1.0,0.9865
88283626b3fffff,0.5224171539961014,0.0,12367.0,4017.0,1255824.0,1.0,0.9705
88283626b9fffff,4.373996421525899,0.0,0.0,33639.0,1255507.2,1.0,0.9255
88283626bbfffff,2.523259868239957,0.0,0.0,19403.0,1255518.72,1.0,0.9148
88283626c3fffff,1.1429253380580369,0.0,14319.0,8793.0,1254885.12,1.0,0.903
88283626c9fffff,4.002038202525719,0.0,17988.0,30795.0,1254752.64,1.0,0.8923
88283626cbfffff,2.6809159183973263,0.0,17061.0,20626.0,1254735.36,1.0,0.8644
88283626d1fffff,0.0,0.0,0.0,0.0,1254775.68,1.0,1.0
88283626d3fffff,0.17167460776483331,0.0,0.0,1320.0,1254839.04,1.0,0.957
88283626d5fffff,0.0436037838904673,0.0,7955.0,335.0,1254936.96,1.0,0.9825
88283626d7fffff,0.49796225583786163,0.0,0.0,3830.0,1255034.88,1.0,0.9641
88283626d9fffff,0.0,0.0,0.0,0.0,1254556.8,1.0,1.0
88283626dbfffff,0.0,0.0,0.0,0.0,1254568.32,1.0,0.9748
88283626ddfffff,0.0,0.0,0.0,0.0,1254712.32,1.0,0.9942
8828363499fffff,0.02573210125581844,0.0,0.0,198.0,1253531.52,1.0,0.973
882836349bfffff,0.231585718880669,0.9417304296645085,9694.0,1783.0,1253548.8,1.0,0.8314
88283634d1fffff,0.10386745409839834,0.0,0.0,800.0,1253289.6,1.0,0.9271
88283634d3fffff,0.4788867033108444,0.0,0.0,3688.0,1253306.88,1.0,0.9068
88283634d9fffff,1.211182408207542,0.0,0.0,9330.0,1253122.56,1.0,0.915
88283634dbfffff,0.2426894402515145,0.0,0.0,1869.0,1253157.12,1.0,0.8928
88283634ddfffff,0.5997683653209794,0.0,0.0,4621.0,1253283.84,1.0,0.9679
8828363659fffff,3.5716915486994463,0.0,2534.0,27554.0,1251601.92,1.0,0.8908
882836365bfffff,1.0230897032901791,0.0,0.0,7892.0,1251550.08,1.0,0.9523
8828363681fffff,0.13244606731755323,0.0,0.0,1021.0,1252494.72,1.0,0.9858
8828363683fffff,0.0,0.0,0.0,0.0,1252517.76,1.0,0.9994
8828363687fffff,0.7757142134570553,0.0,0.0,5978.0,1252667.52,1.0,0.9413
8828363689fffff,0.0,0.0,0.0,0.0,1252304.64,1.0,0.9951
882836368bfffff,0.09198997309293287,0.0,0.0,709.0,1252310.4,1.0,0.9845
8828363691fffff,0.0,0.0,0.0,0.0,1252304.64,1.0,0.9918
8828363693fffff,0.0,0.0,0.0,0.0,1252402.56,1.0,0.9923
8828363695fffff,0.0,0.0,0.0,0.0,1252500.48,1.0,0.9881
8828363697fffff,0.05978358342799068,0.0,0.0,461.0,1252517.76,1.0,0.9952
8828363699fffff,3.29285122826387,2.0974769480190494,55653.0,25372.0,1252108.8,1.0,0.4889
882836369bfffff,0.6154582127792676,0.0,0.0,4742.0,1252218.24,1.0,0.9836
882836369dfffff,0.0004599456344260108,0.0,0.0,4.0,1252321.92,1.0,0.9961
88283636b1fffff,2.0890609340088453,0.0,0.0,16096.0,1252880.64,1.0,0.8744
88283636b3fffff,1.268883841959598,0.0,10017.0,9775.0,1252880.64,1.0,0.9388
88283636b7fffff,1.2604288767841136,0.0,1043.0,9711.0,1253059.2,1.0,0.8675
88283636b9fffff,0.0,0.0,0.0,0.0,1252679.04,1.0,0.995
88283636bbfffff,0.029427722754067003,0.0,0.0,227.0,1252696.32,1.0,0.9893
88283636bdfffff,0.0326424775180683,0.0,0.0,252.0,1252846.08,1.0,0.9884
88283636c1fffff,0.005520642602798966,0.0,0.0,43.0,1252028.16,1.0,0.9819
88283636c3fffff,0.005980365998399102,0.0,0.0,46.0,1252097.28,1.0,0.9984
88283636cbfffff,0.3022913407564185,0.0,0.0,2330.0,1251878.4,1.0,0.9152
88283636d1fffff,4.433760437993145,6.338582677165354,54812.0,34170.0,1251964.8,1.0,0.6623
88283636d3fffff,3.8063732481849217,1.2397346809854706,72040.0,29330.0,1251912.96,1.0,0.4291
88283636d5fffff,0.0,0.0,0.0,0.0,1252143.36,1.0,0.9973
88283636d7fffff,0.40296056414478976,1.859504132231405,2736.0,3105.0,1252172.16,1.0,0.9034
88283636d9fffff,9.093293454503623,12.126315789473683,60106.0,70084.0,1251792.0,1.0,0.5447
88283636dbfffff,10.26961359526209,6.917488886479453,98899.0,79139.0,1251711.36,1.0,0.3885
88283636ddfffff,0.0,0.0,0.0,0.0,1251947.52,1.0,0.9966
882836ac91fffff,1.0172035880716876,37.436762225969645,2137.0,7848.0,1250864.64,1.0,0.9649
882836ac93fffff,0.0,0.0,0.0,0.0,1250766.72,1.0,1.0
882836ac95fffff,0.7095072124792235,2.824207492795389,19423.0,5475.0,1251031.68,1.0,0.938
882836ac97fffff,1.1464774595164535,0.0,0.0,8845.0,1250997.12,1.0,0.9573
882836ac99fffff,0.8857016525728182,0.0,32037.0,6834.0,1250588.16,1.0,0.9104
882836ac9bfffff,0.0,0.0,0.0,0.0,1250680.32,1.0,0.9998
882836ac9dfffff,3.820646967798983,9.880239520958083,10403.0,29483.0,1250703.36,1.0,0.826
882836acb3fffff,4.228386253371753,0.0,8899.0,32623.0,1251336.96,1.0,0.8981
882836acbbfffff,0.6509649381261049,0.0,12367.0,5023.0,1251164.16,1.0,0.95
