h3,city,city_kind,city_geoid
8828301001fffff,Unincorporated,none,
8828301003fffff,Unincorporated,none,
8828301005fffff,Unincorporated,none,
8828301007fffff,Unincorporated,none,
8828301009fffff,Unincorporated,none,
882830100bfffff,Unincorporated,none,
882830100dfffff,Unincorporated,none,
8828301011fffff,Crockett,cdp,0617274
8828301013fffff,Crockett,cdp,0617274
8828301015fffff,Unincorporated,none,
8828301017fffff,Crockett,cdp,0617274
8828301019fffff,Unincorporated,none,
882830101bfffff,Unincorporated,none,
882830101dfffff,Unincorporated,none,
8828301029fffff,Unincorporated,none,
882830102bfffff,Unincorporated,none,
8828301031fffff,Unincorporated,none,
8828301039fffff,Unincorporated,none,
882830103bfffff,Unincorporated,none,
882830103dfffff,Unincorporated,none,
8828301041fffff,Unincorporated,none,
8828301043fffff,Unincorporated,none,
8828301045fffff,Unincorporated,none,
8828301047fffff,Unincorporated,none,
8828301049fffff,Unincorporated,none,
882830104bfffff,Unincorporated,none,
882830104dfffff,Unincorporated,none,
8828301051fffff,Unincorporated,none,
8828301053fffff,Unincorporated,none,
8828301055fffff,Unincorporated,none,
8828301057fffff,Unincorporated,none,
8828301059fffff,Unincorporated,none,
882830105bfffff,Unincorporated,none,
882830105dfffff,Unincorporated,none,
8828301061fffff,Unincorporated,none,
8828301063fffff,Unincorporated,none,
8828301065fffff,Unincorporated,none,
8828301067fffff,Unincorporated,none,
8828301069fffff,Unincorporated,none,
882830106bfffff,Unincorporated,none,
882830106dfffff,Unincorporated,none,
88283010c1fffff,Unincorporated,none,
88283010c3fffff,Unincorporated,none,
88283010c5fffff,Unincorporated,none,
88283010c7fffff,Unincorporated,none,
88283010c9fffff,Unincorporated,none,
88283010cbfffff,Unincorporated,none,
88283010cdfffff,Crockett,cdp,0617274
88283010d1fffff,Unincorporated,none,
88283010d9fffff,Rodeo,cdp,0662490
88283010dbfffff,Unincorporated,none,
88283010ddfffff,Unincorporated,none,
88283010e9fffff,Unincorporated,none,
88283010edfffff,Unincorporated,none,
882830110dfffff,Martinez,city,0646114
8828301141fffff,Martinez,city,0646114
8828301143fffff,Martinez,city,0646114
8828301145fffff,Martinez,city,0646114
8828301147fffff,Martinez,city,0646114
8828301149fffff,Martinez,city,0646114
882830114bfffff,Martinez,city,0646114
882830114dfffff,Unincorporated,none,
8828301159fffff,Martinez,city,0646114
882830115dfffff,Martinez,city,0646114
8828301161fffff,Unincorporated,none,
8828301163fffff,Unincorporated,none,
8828301165fffff,Unincorporated,none,
8828301167fffff,Unincorporated,none,
8828301169fffff,Unincorporated,none,
882830116bfffff,Martinez,city,0646114
882830116dfffff,Unincorporated,none,
8828301201fffff,Unincorporated,none,
8828301203fffff,Unincorporated,none,
8828301205fffff,Unincorporated,none,
8828301207fffff,Unincorporated,none,
8828301209fffff,Unincorporated,none,
882830120bfffff,Unincorporated,none,
882830120dfffff,Unincorporated,none,
8828301211fffff,Hercules,city,0633308
8828301213fffff,Hercules,city,0633308
8828301215fffff,Unincorporated,none,
8828301217fffff,Hercules,city,0633308
8828301219fffff,Unincorporated,none,
882830121bfffff,Pinole,city,0657288
882830121dfffff,Unincorporated,none,
8828301221fffff,Unincorporated,none,
8828301223fffff,Unincorporated,none,
8828301225fffff,Unincorporated,none,
8828301227fffff,Unincorporated,none,
8828301229fffff,Unincorporated,none,
882830122bfffff,Unincorporated,none,
882830122dfffff,Unincorporated,none,
8828301231fffff,Hercules,city,0633308
8828301233fffff,Unincorporated,none,
8828301235fffff,Unincorporated,none,
8828301237fffff,Unincorporated,none,
8828301239fffff,Unincorporated,none,
882830123bfffff,Hercules,city,0633308
882830123dfffff,Unincorporated,none,
8828301241fffff,Unincorporated,none,
8828301243fffff,Unincorporated,none,
8828301245fffff,Unincorporated,none,
8828301247fffff,Unincorporated,none,
8828301249fffff,Unincorporated,none,
882830124bfffff,Unincorporated,none,
882830124dfffff,Unincorporated,none,
8828301251fffff,Unincorporated,none,
8828301253fffff,Unincorporated,none,
8828301255fffff,Unincorporated,none,
8828301257fffff,Unincorporated,none,
8828301259fffff,Unincorporated,none,
882830125bfffff,Unincorporated,none,
882830125dfffff,Unincorporated,none,
8828301261fffff,Unincorporated,none,
8828301263fffff,Unincorporated,none,
8828301265fffff,Unincorporated,none,
8828301267fffff,Unincorporated,none,
8828301269fffff,Unincorporated,none,
882830126bfffff,Unincorporated,none,
882830126dfffff,Unincorporated,none,
8828301281fffff,Hercules,city,0633308
8828301283fffff,Hercules,city,0633308
8828301285fffff,Rodeo,cdp,0662490
8828301287fffff,Rodeo,cdp,0662490
8828301289fffff,Hercules,city,0633308
882830128bfffff,Hercules,city,0633308
882830128dfffff,Hercules,city,0633308
8828301291fffff,Hercules,city,0633308
8828301293fffff,Hercules,city,0633308
8828301295fffff,Hercules,city,0633308
8828301297fffff,Hercules,city,0633308
8828301299fffff,Hercules,city,0633308
882830129bfffff,Hercules,city,0633308
882830129dfffff,Hercules,city,0633308
88283012a1fffff,Rodeo,cdp,0662490
88283012a3fffff,Rodeo,cdp,0662490
88283012a5fffff,Unincorporated,none,
88283012a7fffff,Unincorporated,none,
88283012a9fffff,Rodeo,cdp,0662490
88283012abfffff,Rodeo,cdp,0662490
88283012adfffff,Unincorporated,none,
88283012b1fffff,Rodeo,cdp,0662490
88283012b3fffff,Unincorporated,none,
88283012b5fffff,Rodeo,cdp,0662490
88283012b7fffff,Rodeo,cdp,0662490
88283012b9fffff,Rodeo,cdp,0662490
88283012bbfffff,Rodeo,cdp,0662490
88283012bdfffff,Rodeo,cdp,0662490
88283012c1fffff,Hercules,city,0633308
88283012c3fffff,Hercules,city,0633308
88283012c5fffff,Hercules,city,0633308
88283012c7fffff,Hercules,city,0633308
88283012c9fffff,Pinole,city,0657288
88283012cbfffff,Hercules,city,0633308
88283012cdfffff,Hercules,city,0633308
88283012d1fffff,Hercules,city,0633308
88283012d3fffff,Hercules,city,0633308
88283012d5fffff,Hercules,city,0633308
88283012d7fffff,Hercules,city,0633308
88283012d9fffff,Pinole,city,0657288
88283012dbfffff,Pinole,city,0657288
88283012ddfffff,Hercules,city,0633308
88283012e1fffff,Unincorporated,none,
88283012e3fffff,Unincorporated,none,
88283012e5fffff,Unincorporated,none,
88283012e7fffff,Unincorporated,none,
88283012e9fffff,Hercules,city,0633308
88283012ebfffff,Unincorporated,none,
88283012edfffff,Hercules,city,0633308
8828301301fffff,Martinez,city,0646114
8828301303fffff,Martinez,city,0646114
8828301305fffff,Martinez,city,0646114
8828301307fffff,Martinez,city,0646114
8828301309fffff,Martinez,city,0646114
882830130bfffff,Unincorporated,none,
882830130dfffff,Martinez,city,0646114
8828301311fffff,Unincorporated,none,
8828301313fffff,Unincorporated,none,
8828301315fffff,Unincorporated,none,
8828301317fffff,Unincorporated,none,
8828301319fffff,Unincorporated,none,
882830131bfffff,Unincorporated,none,
882830131dfffff,Unincorporated,none,
8828301321fffff,Martinez,city,0646114
8828301323fffff,Unincorporated,none,
8828301325fffff,Vine Hill,cdp,0682842
8828301327fffff,Unincorporated,none,
8828301329fffff,Martinez,city,0646114
882830132bfffff,Martinez,city,0646114
882830132dfffff,Martinez,city,0646114
8828301331fffff,Martinez,city,0646114
8828301333fffff,Martinez,city,0646114
8828301335fffff,Martinez,city,0646114
8828301337fffff,Martinez,city,0646114
8828301339fffff,Martinez,city,0646114
882830133bfffff,Martinez,city,0646114
882830133dfffff,Martinez,city,0646114
8828301341fffff,Martinez,city,0646114
8828301343fffff,Unincorporated,none,
8828301345fffff,Martinez,city,0646114
8828301347fffff,Martinez,city,0646114
8828301349fffff,Alhambra Valley,cdp,0600898
882830134bfffff,Martinez,city,0646114
882830134dfffff,Alhambra Valley,cdp,0600898
8828301351fffff,Unincorporated,none,
8828301353fffff,Unincorporated,none,
8828301355fffff,Unincorporated,none,
8828301357fffff,Unincorporated,none,
8828301359fffff,Unincorporated,none,
882830135bfffff,Unincorporated,none,
882830135dfffff,Unincorporated,none,
8828301361fffff,Martinez,city,0646114
8828301363fffff,Martinez,city,0646114
8828301365fffff,Martinez,city,0646114
8828301367fffff,Martinez,city,0646114
8828301369fffff,Martinez,city,0646114
882830136bfffff,Martinez,city,0646114
882830136dfffff,Martinez,city,0646114
8828301601fffff,Pinole,city,0657288
8828301605fffff,Hercules,city,0633308
8828301609fffff,Pinole,city,0657288
882830160dfffff,Pinole,city,0657288
8828301621fffff,Hercules,city,0633308
8828301625fffff,Hercules,city,0633308
8828301627fffff,Hercules,city,0633308
8828301629fffff,Hercules,city,0633308
882830162bfffff,Hercules,city,0633308
882830162dfffff,Hercules,city,0633308
8828301641fffff,Richmond,city,0660620
8828301643fffff,Pinole,city,0657288
8828301645fffff,Pinole,city,0657288
8828301647fffff,Pinole,city,0657288
8828301649fffff,Richmond,city,0660620
882830164bfffff,Richmond,city,0660620
882830164dfffff,Richmond,city,0660620
8828301661fffff,Pinole,city,0657288
8828301663fffff,Pinole,city,0657288
8828301665fffff,Hercules,city,0633308
8828301667fffff,Hercules,city,0633308
8828301669fffff,Pinole,city,0657288
882830166bfffff,Pinole,city,0657288
882830166dfffff,Pinole,city,0657288
8828301701fffff,Hercules,city,0633308
8828301703fffff,Hercules,city,0633308
8828301705fffff,Hercules,city,0633308
8828301707fffff,Hercules,city,0633308
8828301709fffff,Hercules,city,0633308
882830170bfffff,Hercules,city,0633308
882830170dfffff,Hercules,city,0633308
8828301711fffff,Hercules,city,0633308
8828301713fffff,Hercules,city,0633308
8828301715fffff,Hercules,city,0633308
8828301719fffff,Hercules,city,0633308
882830171bfffff,Hercules,city,0633308
882830171dfffff,Hercules,city,0633308
8828301729fffff,Hercules,city,0633308
8828301741fffff,Hercules,city,0633308
8828301743fffff,Hercules,city,0633308
8828301745fffff,Hercules,city,0633308
8828301747fffff,Hercules,city,0633308
8828301749fffff,Hercules,city,0633308
882830174bfffff,Hercules,city,0633308
882830174dfffff,Hercules,city,0633308
8828301751fffff,Hercules,city,0633308
8828301753fffff,Hercules,city,0633308
8828301755fffff,Hercules,city,0633308
8828301757fffff,Hercules,city,0633308
8828301759fffff,Hercules,city,0633308
882830175bfffff,Hercules,city,0633308
882830175dfffff,Hercules,city,0633308
8828301761fffff,Hercules,city,0633308
8828301763fffff,Hercules,city,0633308
8828301765fffff,Unincorporated,none,
8828301767fffff,Hercules,city,0633308
8828301769fffff,Hercules,city,0633308
882830176bfffff,Hercules,city,0633308
882830176dfffff,Hercules,city,0633308
8828301a09fffff,Unincorporated,none,
8828301a41fffff,Unincorporated,none,
8828301a43fffff,Unincorporated,none,
8828301a45fffff,Unincorporated,none,
8828301a47fffff,Unincorporated,none,
8828301a49fffff,Unincorporated,none,
8828301a4bfffff,Unincorporated,none,
8828301a4dfffff,Unincorporated,none,
8828301a51fffff,Unincorporated,none,
8828301a55fffff,Unincorporated,none,
8828301a57fffff,Unincorporated,none,
8828301a59fffff,Unincorporated,none,
8828301a5bfffff,Unincorporated,none,
8828301a5dfffff,Unincorporated,none,
8828301a61fffff,Unincorporated,none,
8828301a65fffff,Unincorporated,none,
8828301a69fffff,Unincorporated,none,
8828301a6bfffff,Unincorporated,none,
8828301a6dfffff,Unincorporated,none,
8828301b41fffff,Unincorporated,none,
8828301b49fffff,Unincorporated,none,
8828301b4bfffff,Unincorporated,none,
8828301b4dfffff,Unincorporated,none,
8828301b59fffff,Unincorporated,none,
8828301b5dfffff,Unincorporated,none,
8828305245fffff,Unincorporated,none,
8828305261fffff,Unincorporated,none,
8828305263fffff,Unincorporated,none,
8828305265fffff,Unincorporated,none,
8828305267fffff,Unincorporated,none,
8828305269fffff,Unincorporated,none,
882830526bfffff,Unincorporated,none,
882830526dfffff,Unincorporated,none,
8828305341fffff,Unincorporated,none,
8828305343fffff,Unincorporated,none,
8828305345fffff,Unincorporated,none,
8828305347fffff,Unincorporated,none,
8828305349fffff,Unincorporated,none,
882830534bfffff,Unincorporated,none,
882830534dfffff,Unincorporated,none,
8828305359fffff,Unincorporated,none,
882830535bfffff,Unincorporated,none,
8828305369fffff,Unincorporated,none,
882830536dfffff,Unincorporated,none,
8828308801fffff,Orinda,city,0654232
8828308803fffff,Orinda,city,0654232
8828308805fffff,Orinda,city,0654232
8828308807fffff,Orinda,city,0654232
8828308809fffff,Orinda,city,0654232
882830880bfffff,Orinda,city,0654232
882830880dfffff,Orinda,city,0654232
8828308811fffff,Orinda,city,0654232
8828308813fffff,Unincorporated,none,
8828308815fffff,Orinda,city,0654232
8828308817fffff,Orinda,city,0654232
8828308819fffff,Orinda,city,0654232
882830881bfffff,Orinda,city,0654232
882830881dfffff,Orinda,city,0654232
8828308821fffff,Lafayette,city,0639122
8828308823fffff,Lafayette,city,0639122
8828308825fffff,Lafayette,city,0639122
8828308827fffff,Lafayette,city,0639122
8828308829fffff,Lafayette,city,0639122
882830882bfffff,Lafayette,city,0639122
882830882dfffff,Lafayette,city,0639122
8828308831fffff,Orinda,city,0654232
8828308833fffff,Orinda,city,0654232
8828308835fffff,Orinda,city,0654232
8828308837fffff,Orinda,city,0654232
8828308839fffff,Orinda,city,0654232
882830883bfffff,Orinda,city,0654232
882830883dfffff,Orinda,city,0654232
8828308841fffff,Orinda,city,0654232
8828308843fffff,Orinda,city,0654232
8828308845fffff,Orinda,city,0654232
8828308847fffff,Orinda,city,0654232
8828308849fffff,Orinda,city,0654232
882830884bfffff,Orinda,city,0654232
882830884dfffff,Orinda,city,0654232
8828308851fffff,Unincorporated,none,
8828308853fffff,Unincorporated,none,
8828308855fffff,Orinda,city,0654232
8828308857fffff,Unincorporated,none,
8828308859fffff,Unincorporated,none,
882830885bfffff,Unincorporated,none,
882830885dfffff,Unincorporated,none,
8828308861fffff,Lafayette,city,0639122
8828308863fffff,Orinda,city,0654232
8828308865fffff,Lafayette,city,0639122
8828308867fffff,Lafayette,city,0639122
8828308869fffff,Orinda,city,0654232
882830886bfffff,Orinda,city,0654232
882830886dfffff,Orinda,city,0654232
8828308881fffff,Unincorporated,none,
8828308883fffff,Unincorporated,none,
8828308885fffff,Unincorporated,none,
8828308887fffff,Unincorporated,none,
8828308889fffff,Unincorporated,none,
882830888bfffff,Unincorporated,none,
882830888dfffff,Unincorporated,none,
8828308891fffff,Unincorporated,none,
8828308893fffff,Unincorporated,none,
8828308895fffff,Unincorporated,none,
8828308897fffff,Unincorporated,none,
8828308899fffff,Unincorporated,none,
882830889bfffff,Richmond,city,0660620
882830889dfffff,Unincorporated,none,
88283088a1fffff,Unincorporated,none,
88283088a3fffff,Unincorporated,none,
88283088a5fffff,Unincorporated,none,
88283088a7fffff,Unincorporated,none,
88283088a9fffff,Unincorporated,none,
88283088abfffff,Unincorporated,none,
88283088adfffff,Unincorporated,none,
88283088b1fffff,Unincorporated,none,
88283088b3fffff,Unincorporated,none,
88283088b5fffff,Unincorporated,none,
88283088b7fffff,Unincorporated,none,
88283088b9fffff,Unincorporated,none,
88283088bbfffff,Unincorporated,none,
88283088bdfffff,Unincorporated,none,
88283088c1fffff,Unincorporated,none,
88283088c3fffff,Unincorporated,none,
88283088c5fffff,Unincorporated,none,
88283088c7fffff,Unincorporated,none,
88283088c9fffff,Unincorporated,none,
88283088cbfffff,Unincorporated,none,
88283088cdfffff,Unincorporated,none,
88283088d1fffff,Unincorporated,none,
88283088d3fffff,Unincorporated,none,
88283088d5fffff,Unincorporated,none,
88283088d7fffff,Unincorporated,none,
88283088d9fffff,Unincorporated,none,
88283088dbfffff,Unincorporated,none,
88283088ddfffff,Unincorporated,none,
88283088e1fffff,Unincorporated,none,
88283088e3fffff,Unincorporated,none,
88283088e5fffff,Orinda,city,0654232
88283088e7fffff,Unincorporated,none,
88283088e9fffff,Orinda,city,0654232
88283088ebfffff,Unincorporated,none,
88283088edfffff,Orinda,city,0654232
8828308901fffff,Lafayette,city,0639122
8828308903fffff,Lafayette,city,0639122
8828308905fffff,Lafayette,city,0639122
8828308907fffff,Lafayette,city,0639122
8828308909fffff,Lafayette,city,0639122
882830890bfffff,Lafayette,city,0639122
882830890dfffff,Lafayette,city,0639122
8828308911fffff,Lafayette,city,0639122
8828308913fffff,Unincorporated,none,
8828308915fffff,Lafayette,city,0639122
8828308917fffff,Unincorporated,none,
8828308919fffff,Lafayette,city,0639122
882830891bfffff,Lafayette,city,0639122
882830891dfffff,Lafayette,city,0639122
8828308921fffff,Walnut Creek,city,0683346
8828308923fffff,Walnut Creek,city,0683346
8828308925fffff,Walnut Creek,city,0683346
8828308927fffff,Walnut Creek,city,0683346
8828308929fffff,Lafayette,city,0639122
882830892bfffff,Lafayette,city,0639122
882830892dfffff,Acalanes Ridge,cdp,0600135
8828308931fffff,Lafayette,city,0639122
8828308933fffff,Lafayette,city,0639122
8828308935fffff,Reliez Valley,cdp,0660279
8828308937fffff,Lafayette,city,0639122
8828308939fffff,Lafayette,city,0639122
882830893bfffff,Lafayette,city,0639122
882830893dfffff,Lafayette,city,0639122
8828308941fffff,Lafayette,city,0639122
8828308943fffff,Lafayette,city,0639122
8828308945fffff,Lafayette,city,0639122
8828308947fffff,Lafayette,city,0639122
8828308949fffff,Lafayette,city,0639122
882830894bfffff,Moraga,city,0649187
882830894dfffff,Lafayette,city,0639122
8828308951fffff,Lafayette,city,0639122
8828308953fffff,Lafayette,city,0639122
8828308955fffff,Lafayette,city,0639122
8828308957fffff,Lafayette,city,0639122
8828308959fffff,Lafayette,city,0639122
882830895bfffff,Lafayette,city,0639122
882830895dfffff,Lafayette,city,0639122
8828308961fffff,Saranap,cdp,0670266
8828308963fffff,Lafayette,city,0639122
8828308965fffff,Saranap,cdp,0670266
8828308967fffff,Saranap,cdp,0670266
8828308969fffff,Walnut Creek,city,0683346
882830896bfffff,Lafayette,city,0639122
882830896dfffff,Saranap,cdp,0670266
8828308981fffff,Unincorporated,none,
8828308983fffff,Unincorporated,none,
8828308985fffff,Unincorporated,none,
8828308987fffff,Unincorporated,none,
8828308989fffff,Unincorporated,none,
882830898bfffff,Unincorporated,none,
882830898dfffff,Unincorporated,none,
8828308991fffff,Unincorporated,none,
8828308993fffff,Unincorporated,none,
8828308995fffff,Unincorporated,none,
8828308997fffff,Unincorporated,none,
8828308999fffff,Unincorporated,none,
882830899bfffff,Unincorporated,none,
882830899dfffff,Unincorporated,none,
88283089a1fffff,Unincorporated,none,
88283089a3fffff,Unincorporated,none,
88283089a5fffff,Unincorporated,none,
88283089a7fffff,Alhambra Valley,cdp,0600898
88283089a9fffff,Unincorporated,none,
88283089abfffff,Unincorporated,none,
88283089adfffff,Unincorporated,none,
88283089b1fffff,Unincorporated,none,
88283089b3fffff,Unincorporated,none,
88283089b5fffff,Alhambra Valley,cdp,0600898
88283089b7fffff,Alhambra Valley,cdp,0600898
88283089b9fffff,Unincorporated,none,
88283089bbfffff,Unincorporated,none,
88283089bdfffff,Unincorporated,none,
88283089c1fffff,Unincorporated,none,
88283089c3fffff,Unincorporated,none,
88283089c5fffff,Unincorporated,none,
88283089c7fffff,Unincorporated,none,
88283089c9fffff,Lafayette,city,0639122
88283089cbfffff,Orinda,city,0654232
88283089cdfffff,Lafayette,city,0639122
88283089d1fffff,Unincorporated,none,
88283089d3fffff,Unincorporated,none,
88283089d5fffff,Unincorporated,none,
88283089d7fffff,Unincorporated,none,
88283089d9fffff,Orinda,city,0654232
88283089dbfffff,Unincorporated,none,
88283089ddfffff,Unincorporated,none,
88283089e1fffff,Unincorporated,none,
88283089e3fffff,Unincorporated,none,
88283089e5fffff,Unincorporated,none,
88283089e7fffff,Unincorporated,none,
88283089e9fffff,Unincorporated,none,
88283089ebfffff,Unincorporated,none,
88283089edfffff,Unincorporated,none,
8828308a05fffff,Unincorporated,none,
8828308a21fffff,Unincorporated,none,
8828308a23fffff,Unincorporated,none,
8828308a25fffff,Unincorporated,none,
8828308a27fffff,Unincorporated,none,
8828308a29fffff,Unincorporated,none,
8828308a2bfffff,Unincorporated,none,
8828308a2dfffff,Unincorporated,none,
8828308a31fffff,Unincorporated,none,
8828308a33fffff,Unincorporated,none,
8828308a35fffff,Unincorporated,none,
8828308a37fffff,Unincorporated,none,
8828308a3dfffff,Unincorporated,none,
8828308a61fffff,Unincorporated,none,
8828308a63fffff,Unincorporated,none,
8828308a65fffff,Unincorporated,none,
8828308a67fffff,Unincorporated,none,
8828308aa1fffff,Unincorporated,none,
8828308aa3fffff,Unincorporated,none,
8828308aa5fffff,Unincorporated,none,
8828308aa7fffff,Unincorporated,none,
8828308aadfffff,Unincorporated,none,
8828308ab1fffff,Unincorporated,none,
8828308ab3fffff,Unincorporated,none,
8828308ab5fffff,Unincorporated,none,
8828308ab7fffff,Unincorporated,none,
8828308abdfffff,Unincorporated,none,
8828308ae5fffff,Unincorporated,none,
8828308ae7fffff,Unincorporated,none,
8828308b01fffff,Moraga,city,0649187
8828308b03fffff,Moraga,city,0649187
8828308b05fffff,Moraga,city,0649187
8828308b07fffff,Moraga,city,0649187
8828308b09fffff,Moraga,city,0649187
8828308b0bfffff,Moraga,city,0649187
8828308b0dfffff,Moraga,city,0649187
8828308b11fffff,Orinda,city,0654232
8828308b13fffff,Orinda,city,0654232
8828308b15fffff,Orinda,city,0654232
8828308b17fffff,Orinda,city,0654232
8828308b19fffff,Orinda,city,0654232
8828308b1bfffff,Orinda,city,0654232
8828308b1dfffff,Orinda,city,0654232
8828308b21fffff,Lafayette,city,0639122
8828308b23fffff,Moraga,city,0649187
8828308b25fffff,Lafayette,city,0639122
8828308b27fffff,Lafayette,city,0639122
8828308b29fffff,Moraga,city,0649187
8828308b2bfffff,Moraga,city,0649187
8828308b2dfffff,Moraga,city,0649187
8828308b31fffff,Moraga,city,0649187
8828308b33fffff,Moraga,city,0649187
8828308b35fffff,Moraga,city,0649187
8828308b37fffff,Moraga,city,0649187
8828308b39fffff,Moraga,city,0649187
8828308b3bfffff,Moraga,city,0649187
8828308b3dfffff,Moraga,city,0649187
8828308b41fffff,Moraga,city,0649187
8828308b43fffff,Moraga,city,0649187
8828308b45fffff,Moraga,city,0649187
8828308b47fffff,Moraga,city,0649187
8828308b49fffff,Unincorporated,none,
8828308b4bfffff,Unincorporated,none,
8828308b4dfffff,Moraga,city,0649187
8828308b51fffff,Unincorporated,none,
8828308b53fffff,Unincorporated,none,
8828308b55fffff,Moraga,city,0649187
8828308b57fffff,Moraga,city,0649187
8828308b59fffff,Unincorporated,none,
8828308b5bfffff,Unincorporated,none,
8828308b5dfffff,Unincorporated,none,
8828308b61fffff,Moraga,city,0649187
8828308b63fffff,Moraga,city,0649187
8828308b65fffff,Unincorporated,none,
8828308b67fffff,Moraga,city,0649187
8828308b69fffff,Moraga,city,0649187
8828308b6bfffff,Moraga,city,0649187
8828308b6dfffff,Unincorporated,none,
8828308c01fffff,Richmond,city,0660620
8828308c03fffff,Richmond,city,0660620
8828308c05fffff,Richmond,city,0660620
8828308c07fffff,San Pablo,city,0668294
8828308c09fffff,Richmond,city,0660620
8828308c0bfffff,Richmond,city,0660620
8828308c0dfffff,Richmond,city,0660620
8828308c11fffff,Richmond,city,0660620
8828308c13fffff,Richmond,city,0660620
8828308c15fffff,North Richmond,cdp,0652162
8828308c17fffff,North Richmond,cdp,0652162
8828308c19fffff,Richmond,city,0660620
8828308c1bfffff,Richmond,city,0660620
8828308c1dfffff,Richmond,city,0660620
8828308c21fffff,San Pablo,city,0668294
8828308c23fffff,San Pablo,city,0668294
8828308c25fffff,El Sobrante,cdp,0622454
8828308c27fffff,Richmond,city,0660620
8828308c29fffff,San Pablo,city,0668294
8828308c2bfffff,San Pablo,city,0668294
8828308c2dfffff,San Pablo,city,0668294
8828308c31fffff,San Pablo,city,0668294
8828308c33fffff,Richmond,city,0660620
8828308c35fffff,San Pablo,city,0668294
8828308c37fffff,San Pablo,city,0668294
8828308c39fffff,North Richmond,cdp,0652162
8828308c3bfffff,North Richmond,cdp,0652162
8828308c3dfffff,San Pablo,city,0668294
8828308c41fffff,Richmond,city,0660620
8828308c43fffff,Richmond,city,0660620
8828308c45fffff,Richmond,city,0660620
8828308c47fffff,Richmond,city,0660620
8828308c49fffff,Richmond,city,0660620
8828308c4bfffff,Richmond,city,0660620
8828308c4dfffff,Richmond,city,0660620
8828308c51fffff,Richmond,city,0660620
8828308c53fffff,Richmond,city,0660620
8828308c55fffff,Richmond,city,0660620
8828308c57fffff,Richmond,city,0660620
8828308c59fffff,Richmond,city,0660620
8828308c5bfffff,Richmond,city,0660620
8828308c5dfffff,Richmond,city,0660620
8828308c61fffff,Richmond,city,0660620
8828308c63fffff,Richmond,city,0660620
8828308c65fffff,Richmond,city,0660620
8828308c67fffff,Richmond,city,0660620
8828308c69fffff,Richmond,city,0660620
8828308c6bfffff,Richmond,city,0660620
8828308c6dfffff,Richmond,city,0660620
8828308c81fffff,Richmond,city,0660620
8828308c83fffff,Richmond,city,0660620
8828308c85fffff,Richmond,city,0660620
8828308c87fffff,Richmond,city,0660620
8828308c89fffff,Richmond,city,0660620
8828308c8bfffff,Richmond,city,0660620
8828308c8dfffff,Richmond,city,0660620
8828308c95fffff,Unincorporated,none,
8828308c9dfffff,Richmond,city,0660620
8828308ca1fffff,Richmond,city,0660620
8828308ca3fffff,Richmond,city,0660620
8828308ca5fffff,Richmond,city,0660620
8828308ca7fffff,Richmond,city,0660620
8828308ca9fffff,Richmond,city,0660620
8828308cabfffff,Richmond,city,0660620
8828308cadfffff,Richmond,city,0660620
8828308cb1fffff,Richmond,city,0660620
8828308cb5fffff,Richmond,city,0660620
8828308cb7fffff,Unincorporated,none,
8828308cb9fffff,Richmond,city,0660620
8828308cbbfffff,Unincorporated,none,
8828308cbdfffff,Richmond,city,0660620
8828308cc1fffff,Richmond,city,0660620
8828308cc3fffff,Richmond,city,0660620
8828308cc5fffff,Richmond,city,0660620
8828308cc7fffff,Richmond,city,0660620
8828308cc9fffff,Richmond,city,0660620
8828308ccbfffff,Richmond,city,0660620
8828308ccdfffff,Richmond,city,0660620
8828308cd5fffff,Richmond,city,0660620
8828308cd7fffff,Richmond,city,0660620
8828308cddfffff,Richmond,city,0660620
8828308ce1fffff,Richmond,city,0660620
8828308ce3fffff,Richmond,city,0660620
8828308ce5fffff,Richmond,city,0660620
8828308ce7fffff,Richmond,city,0660620
8828308ce9fffff,North Richmond,cdp,0652162
8828308cebfffff,Richmond,city,0660620
8828308cedfffff,Richmond,city,0660620
8828308d01fffff,El Sobrante,cdp,0622454
8828308d03fffff,Richmond,city,0660620
8828308d05fffff,Richmond,city,0660620
8828308d07fffff,Richmond,city,0660620
8828308d09fffff,Richmond,city,0660620
8828308d0bfffff,Richmond,city,0660620
8828308d0dfffff,El Sobrante,cdp,0622454
8828308d11fffff,El Sobrante,cdp,0622454
8828308d13fffff,Richmond,city,0660620
8828308d15fffff,El Sobrante,cdp,0622454
8828308d17fffff,El Sobrante,cdp,0622454
8828308d19fffff,El Sobrante,cdp,0622454
8828308d1bfffff,Richmond,city,0660620
8828308d1dfffff,El Sobrante,cdp,0622454
8828308d21fffff,Pinole,city,0657288
8828308d23fffff,Pinole,city,0657288
8828308d25fffff,Unincorporated,none,
8828308d27fffff,Pinole,city,0657288
8828308d29fffff,Richmond,city,0660620
8828308d2bfffff,Richmond,city,0660620
8828308d2dfffff,Unincorporated,none,
8828308d31fffff,Pinole,city,0657288
8828308d33fffff,Pinole,city,0657288
8828308d35fffff,Pinole,city,0657288
8828308d37fffff,Pinole,city,0657288
8828308d39fffff,El Sobrante,cdp,0622454
8828308d3bfffff,El Sobrante,cdp,0622454
8828308d3dfffff,Pinole,city,0657288
8828308d41fffff,Richmond,city,0660620
8828308d43fffff,Richmond,city,0660620
8828308d45fffff,Richmond,city,0660620
8828308d47fffff,Richmond,city,0660620
8828308d49fffff,Richmond,city,0660620
8828308d4bfffff,Richmond,city,0660620
8828308d4dfffff,Richmond,city,0660620
8828308d51fffff,Richmond,city,0660620
8828308d53fffff,Richmond,city,0660620
8828308d55fffff,Richmond,city,0660620
8828308d57fffff,Richmond,city,0660620
8828308d59fffff,East Richmond Heights,cdp,0621061
8828308d5bfffff,East Richmond Heights,cdp,0621061
8828308d5dfffff,Richmond,city,0660620
8828308d61fffff,Unincorporated,none,
8828308d63fffff,Richmond,city,0660620
8828308d65fffff,Unincorporated,none,
8828308d67fffff,Richmond,city,0660620
8828308d69fffff,Unincorporated,none,
8828308d6bfffff,El Sobrante,cdp,0622454
8828308d6dfffff,Unincorporated,none,
8828308d81fffff,Richmond,city,0660620
8828308d83fffff,Pinole,city,0657288
8828308d85fffff,Bayview,cdp,0604470
8828308d87fffff,Pinole,city,0657288
8828308d89fffff,Richmond,city,0660620
8828308d8bfffff,Richmond,city,0660620
8828308d8dfffff,Montalvin Manor,cdp,0648718
8828308d91fffff,Richmond,city,0660620
8828308d93fffff,Pinole,city,0657288
8828308d95fffff,Pinole,city,0657288
8828308d97fffff,Pinole,city,0657288
8828308d99fffff,Richmond,city,0660620
8828308d9bfffff,Richmond,city,0660620
8828308d9dfffff,Richmond,city,0660620
8828308da1fffff,Pinole,city,0657288
8828308da3fffff,Pinole,city,0657288
8828308da5fffff,Hercules,city,0633308
8828308da7fffff,Hercules,city,0633308
8828308da9fffff,Pinole,city,0657288
8828308dabfffff,Pinole,city,0657288
8828308dadfffff,Pinole,city,0657288
8828308db1fffff,Pinole,city,0657288
8828308db3fffff,Pinole,city,0657288
8828308db5fffff,Hercules,city,0633308
8828308db7fffff,Hercules,city,0633308
8828308db9fffff,Pinole,city,0657288
8828308dbbfffff,Pinole,city,0657288
8828308dbdfffff,Pinole,city,0657288
8828308dc1fffff,Richmond,city,0660620
8828308dc3fffff,Richmond,city,0660620
8828308dc5fffff,Richmond,city,0660620
8828308dc7fffff,Richmond,city,0660620
8828308dc9fffff,Richmond,city,0660620
8828308dcbfffff,San Pablo,city,0668294
8828308dcdfffff,Richmond,city,0660620
8828308dd1fffff,Richmond,city,0660620
8828308dd3fffff,Richmond,city,0660620
8828308dd5fffff,Richmond,city,0660620
8828308dd7fffff,Richmond,city,0660620
8828308dd9fffff,Richmond,city,0660620
8828308ddbfffff,Richmond,city,0660620
8828308dddfffff,Richmond,city,0660620
8828308de1fffff,Pinole,city,0657288
8828308de3fffff,Pinole,city,0657288
8828308de5fffff,Pinole,city,0657288
8828308de7fffff,Pinole,city,0657288
8828308de9fffff,Pinole,city,0657288
8828308debfffff,Tara Hills,cdp,0677924
8828308dedfffff,Pinole,city,0657288
8828308e01fffff,Richmond,city,0660620
8828308e03fffff,Richmond,city,0660620
8828308e05fffff,Richmond,city,0660620
8828308e07fffff,Richmond,city,0660620
8828308e0dfffff,Richmond,city,0660620
8828308e11fffff,Richmond,city,0660620
8828308e13fffff,Richmond,city,0660620
8828308e15fffff,Richmond,city,0660620
8828308e17fffff,Richmond,city,0660620
8828308e21fffff,Richmond,city,0660620
8828308e23fffff,Richmond,city,0660620
8828308e25fffff,Richmond,city,0660620
8828308e27fffff,Richmond,city,0660620
8828308e29fffff,Richmond,city,0660620
8828308e2bfffff,Richmond,city,0660620
8828308e2dfffff,Richmond,city,0660620
8828308e31fffff,Richmond,city,0660620
8828308e33fffff,Richmond,city,0660620
8828308e35fffff,Richmond,city,0660620
8828308e37fffff,Richmond,city,0660620
8828308e39fffff,Richmond,city,0660620
8828308e3bfffff,Richmond,city,0660620
8828308e3dfffff,Richmond,city,0660620
8828308e63fffff,Richmond,city,0660620
8828308e67fffff,Richmond,city,0660620
8828308e81fffff,Richmond,city,0660620
8828308e85fffff,Richmond,city,0660620
8828308e87fffff,Richmond,city,0660620
8828308e8dfffff,Richmond,city,0660620
8828308ea1fffff,Richmond,city,0660620
8828308ea3fffff,Richmond,city,0660620
8828308ea5fffff,Richmond,city,0660620
8828308ea7fffff,Richmond,city,0660620
8828308ea9fffff,Richmond,city,0660620
8828308eabfffff,Richmond,city,0660620
8828308eadfffff,Richmond,city,0660620
8828308eb1fffff,Richmond,city,0660620
8828308eb5fffff,Richmond,city,0660620
8828308eb7fffff,Richmond,city,0660620
8828308ebdfffff,Richmond,city,0660620
8828308ec5fffff,Richmond,city,0660620
8828308ec7fffff,Richmond,city,0660620
8828308ee1fffff,Richmond,city,0660620
8828308ee3fffff,Richmond,city,0660620
8828308ee5fffff,Richmond,city,0660620
8828308ee7fffff,Richmond,city,0660620
8828308ee9fffff,Richmond,city,0660620
8828308eebfffff,Richmond,city,0660620
8828308eedfffff,Richmond,city,0660620
8828308f01fffff,El Cerrito,city,0621796
8828308f03fffff,Richmond,city,0660620
8828308f05fffff,El Cerrito,city,0621796
8828308f07fffff,El Cerrito,city,0621796
8828308f09fffff,El Cerrito,city,0621796
8828308f0bfffff,Richmond,city,0660620
8828308f0dfffff,El Cerrito,city,0621796
8828308f11fffff,Richmond,city,0660620
8828308f13fffff,Richmond,city,0660620
8828308f15fffff,Richmond,city,0660620
8828308f17fffff,Richmond,city,0660620
8828308f19fffff,Richmond,city,0660620
8828308f1bfffff,Richmond,city,0660620
8828308f1dfffff,Richmond,city,0660620
8828308f21fffff,Richmond,city,0660620
8828308f23fffff,Richmond,city,0660620
8828308f25fffff,Unincorporated,none,
8828308f27fffff,Richmond,city,0660620
8828308f29fffff,Kensington,cdp,0638086
8828308f2bfffff,El Cerrito,city,0621796
8828308f2dfffff,Unincorporated,none,
8828308f31fffff,El Cerrito,city,0621796
8828308f33fffff,El Cerrito,city,0621796
8828308f35fffff,El Cerrito,city,0621796
8828308f37fffff,Richmond,city,0660620
8828308f39fffff,El Cerrito,city,0621796
8828308f3bfffff,El Cerrito,city,0621796
8828308f3dfffff,El Cerrito,city,0621796
8828308f51fffff,Richmond,city,0660620
8828308f53fffff,Richmond,city,0660620
8828308f55fffff,Richmond,city,0660620
8828308f57fffff,Richmond,city,0660620
8828308f5bfffff,Richmond,city,0660620
8828308f61fffff,Kensington,cdp,0638086
8828308f63fffff,Kensington,cdp,0638086
8828308f67fffff,Kensington,cdp,0638086
8828308f6bfffff,El Cerrito,city,0621796
88283099a3fffff,Unincorporated,none,
88283099a7fffff,Unincorporated,none,
88283099b5fffff,Unincorporated,none,
88283099b7fffff,Unincorporated,none,
882830c001fffff,Unincorporated,none,
882830c003fffff,Unincorporated,none,
882830c005fffff,Unincorporated,none,
882830c007fffff,Unincorporated,none,
882830c009fffff,Unincorporated,none,
882830c00bfffff,Unincorporated,none,
882830c00dfffff,Unincorporated,none,
882830c011fffff,Unincorporated,none,
882830c013fffff,Unincorporated,none,
882830c015fffff,Unincorporated,none,
882830c017fffff,Unincorporated,none,
882830c019fffff,Unincorporated,none,
882830c01bfffff,Unincorporated,none,
882830c01dfffff,Unincorporated,none,
882830c021fffff,Unincorporated,none,
882830c023fffff,Unincorporated,none,
882830c025fffff,Unincorporated,none,
882830c027fffff,Unincorporated,none,
882830c029fffff,Unincorporated,none,
882830c02bfffff,Unincorporated,none,
882830c02dfffff,Unincorporated,none,
882830c031fffff,Unincorporated,none,
882830c033fffff,Unincorporated,none,
882830c035fffff,Unincorporated,none,
882830c037fffff,Unincorporated,none,
882830c039fffff,Unincorporated,none,
882830c03bfffff,Unincorporated,none,
882830c03dfffff,Unincorporated,none,
882830c041fffff,Unincorporated,none,
882830c043fffff,Unincorporated,none,
882830c045fffff,Unincorporated,none,
882830c047fffff,Unincorporated,none,
882830c049fffff,Unincorporated,none,
882830c04bfffff,Unincorporated,none,
882830c04dfffff,Unincorporated,none,
882830c051fffff,Unincorporated,none,
882830c053fffff,Unincorporated,none,
882830c055fffff,Unincorporated,none,
882830c057fffff,Unincorporated,none,
882830c059fffff,Unincorporated,none,
882830c05bfffff,Unincorporated,none,
882830c05dfffff,Unincorporated,none,
882830c061fffff,Unincorporated,none,
882830c063fffff,Unincorporated,none,
882830c065fffff,Unincorporated,none,
882830c067fffff,Unincorporated,none,
882830c069fffff,Unincorporated,none,
882830c06bfffff,Unincorporated,none,
882830c06dfffff,Unincorporated,none,
882830c081fffff,Unincorporated,none,
882830c083fffff,Unincorporated,none,
882830c085fffff,Unincorporated,none,
882830c087fffff,Unincorporated,none,
882830c089fffff,Unincorporated,none,
882830c08bfffff,Unincorporated,none,
882830c08dfffff,Unincorporated,none,
882830c091fffff,Unincorporated,none,
882830c093fffff,Unincorporated,none,
882830c095fffff,Unincorporated,none,
882830c097fffff,Unincorporated,none,
882830c099fffff,Unincorporated,none,
882830c09bfffff,Clayton,city,0613882
882830c09dfffff,Unincorporated,none,
882830c0a1fffff,Unincorporated,none,
882830c0a3fffff,Unincorporated,none,
882830c0a5fffff,Unincorporated,none,
882830c0a7fffff,Unincorporated,none,
882830c0a9fffff,Unincorporated,none,
882830c0abfffff,Unincorporated,none,
882830c0adfffff,Unincorporated,none,
882830c0b1fffff,Unincorporated,none,
882830c0b3fffff,Unincorporated,none,
882830c0b5fffff,Unincorporated,none,
882830c0b7fffff,Unincorporated,none,
882830c0b9fffff,Unincorporated,none,
882830c0bbfffff,Unincorporated,none,
882830c0bdfffff,Unincorporated,none,
882830c0c1fffff,Unincorporated,none,
882830c0c3fffff,Unincorporated,none,
882830c0c5fffff,Unincorporated,none,
882830c0c7fffff,Unincorporated,none,
882830c0c9fffff,Unincorporated,none,
882830c0cbfffff,Unincorporated,none,
882830c0cdfffff,Unincorporated,none,
882830c0d1fffff,Unincorporated,none,
882830c0d3fffff,Clayton,city,0613882
882830c0d5fffff,Unincorporated,none,
882830c0d7fffff,Unincorporated,none,
882830c0d9fffff,Unincorporated,none,
882830c0dbfffff,Clayton,city,0613882
882830c0ddfffff,Unincorporated,none,
882830c0e1fffff,Unincorporated,none,
882830c0e3fffff,Unincorporated,none,
882830c0e5fffff,Unincorporated,none,
882830c0e7fffff,Unincorporated,none,
882830c0e9fffff,Unincorporated,none,
882830c0ebfffff,Unincorporated,none,
882830c0edfffff,Unincorporated,none,
882830c101fffff,Unincorporated,none,
882830c103fffff,Unincorporated,none,
882830c105fffff,Brentwood,city,0608142
882830c107fffff,Unincorporated,none,
882830c109fffff,Unincorporated,none,
882830c10bfffff,Unincorporated,none,
882830c10dfffff,Unincorporated,none,
882830c111fffff,Antioch,city,0602252
882830c113fffff,Antioch,city,0602252
882830c115fffff,Unincorporated,none,
882830c117fffff,Antioch,city,0602252
882830c119fffff,Antioch,city,0602252
882830c11bfffff,Antioch,city,0602252
882830c11dfffff,Antioch,city,0602252
882830c121fffff,Brentwood,city,0608142
882830c123fffff,Brentwood,city,0608142
882830c125fffff,Brentwood,city,0608142
882830c127fffff,Brentwood,city,0608142
882830c129fffff,Brentwood,city,0608142
882830c12bfffff,Brentwood,city,0608142
882830c12dfffff,Brentwood,city,0608142
882830c131fffff,Antioch,city,0602252
882830c133fffff,Antioch,city,0602252
882830c135fffff,Antioch,city,0602252
882830c137fffff,Antioch,city,0602252
882830c139fffff,Unincorporated,none,
882830c13bfffff,Antioch,city,0602252
882830c13dfffff,Unincorporated,none,
882830c141fffff,Unincorporated,none,
882830c143fffff,Unincorporated,none,
882830c145fffff,Unincorporated,none,
882830c147fffff,Unincorporated,none,
882830c149fffff,Unincorporated,none,
882830c14bfffff,Unincorporated,none,
882830c14dfffff,Unincorporated,none,
882830c151fffff,Unincorporated,none,
882830c153fffff,Unincorporated,none,
882830c155fffff,Unincorporated,none,
882830c157fffff,Unincorporated,none,
882830c159fffff,Unincorporated,none,
882830c15bfffff,Unincorporated,none,
882830c15dfffff,Unincorporated,none,
882830c161fffff,Brentwood,city,0608142
882830c163fffff,Brentwood,city,0608142
882830c165fffff,Brentwood,city,0608142
882830c167fffff,Brentwood,city,0608142
882830c169fffff,Unincorporated,none,
882830c16bfffff,Brentwood,city,0608142
882830c16dfffff,Brentwood,city,0608142
882830c181fffff,Antioch,city,0602252
882830c183fffff,Antioch,city,0602252
882830c185fffff,Antioch,city,0602252
882830c187fffff,Antioch,city,0602252
882830c189fffff,Antioch,city,0602252
882830c18bfffff,Unincorporated,none,
882830c18dfffff,Antioch,city,0602252
882830c191fffff,Antioch,city,0602252
882830c193fffff,Antioch,city,0602252
882830c195fffff,Antioch,city,0602252
882830c197fffff,Antioch,city,0602252
882830c199fffff,Unincorporated,none,
882830c19bfffff,Antioch,city,0602252
882830c19dfffff,Antioch,city,0602252
882830c1a1fffff,Antioch,city,0602252
882830c1a3fffff,Antioch,city,0602252
882830c1a5fffff,Antioch,city,0602252
882830c1a7fffff,Antioch,city,0602252
882830c1a9fffff,Antioch,city,0602252
882830c1abfffff,Antioch,city,0602252
882830c1adfffff,Antioch,city,0602252
882830c1b1fffff,Antioch,city,0602252
882830c1b3fffff,Antioch,city,0602252
882830c1b5fffff,Antioch,city,0602252
882830c1b7fffff,Antioch,city,0602252
882830c1b9fffff,Antioch,city,0602252
882830c1bbfffff,Antioch,city,0602252
882830c1bdfffff,Antioch,city,0602252
882830c1c1fffff,Antioch,city,0602252
882830c1c3fffff,Antioch,city,0602252
882830c1c5fffff,Antioch,city,0602252
882830c1c7fffff,Antioch,city,0602252
882830c1c9fffff,Antioch,city,0602252
882830c1cbfffff,Antioch,city,0602252
882830c1cdfffff,Antioch,city,0602252
882830c1d1fffff,Unincorporated,none,
882830c1d3fffff,Unincorporated,none,
882830c1d5fffff,Unincorporated,none,
882830c1d7fffff,Unincorporated,none,
882830c1d9fffff,Unincorporated,none,
882830c1dbfffff,Unincorporated,none,
882830c1ddfffff,Unincorporated,none,
882830c1e1fffff,Antioch,city,0602252
882830c1e3fffff,Antioch,city,0602252
882830c1e5fffff,Antioch,city,0602252
882830c1e7fffff,Antioch,city,0602252
882830c1e9fffff,Antioch,city,0602252
882830c1ebfffff,Antioch,city,0602252
882830c1edfffff,Antioch,city,0602252
882830c201fffff,Unincorporated,none,
882830c203fffff,Unincorporated,none,
882830c205fffff,Unincorporated,none,
882830c207fffff,Unincorporated,none,
882830c209fffff,Unincorporated,none,
882830c20bfffff,Unincorporated,none,
882830c20dfffff,Unincorporated,none,
882830c211fffff,Unincorporated,none,
882830c213fffff,Unincorporated,none,
882830c215fffff,Unincorporated,none,
882830c217fffff,Unincorporated,none,
882830c219fffff,Unincorporated,none,
882830c21bfffff,Unincorporated,none,
882830c21dfffff,Unincorporated,none,
882830c221fffff,Unincorporated,none,
882830c223fffff,Unincorporated,none,
882830c225fffff,Unincorporated,none,
882830c227fffff,Unincorporated,none,
882830c229fffff,Unincorporated,none,
882830c22bfffff,Unincorporated,none,
882830c22dfffff,Unincorporated,none,
882830c231fffff,Unincorporated,none,
882830c233fffff,Unincorporated,none,
882830c235fffff,Unincorporated,none,
882830c237fffff,Unincorporated,none,
882830c239fffff,Unincorporated,none,
882830c23bfffff,Unincorporated,none,
882830c23dfffff,Unincorporated,none,
882830c241fffff,Unincorporated,none,
882830c243fffff,Unincorporated,none,
882830c245fffff,Unincorporated,none,
882830c247fffff,Unincorporated,none,
882830c249fffff,Unincorporated,none,
882830c24bfffff,Unincorporated,none,
882830c24dfffff,Unincorporated,none,
882830c251fffff,Unincorporated,none,
882830c253fffff,Unincorporated,none,
882830c255fffff,Unincorporated,none,
882830c257fffff,Unincorporated,none,
882830c259fffff,Unincorporated,none,
882830c25bfffff,Unincorporated,none,
882830c25dfffff,Unincorporated,none,
882830c261fffff,Unincorporated,none,
882830c263fffff,Unincorporated,none,
882830c265fffff,Unincorporated,none,
882830c267fffff,Unincorporated,none,
882830c269fffff,Unincorporated,none,
882830c26bfffff,Unincorporated,none,
882830c26dfffff,Unincorporated,none,
882830c281fffff,Unincorporated,none,
882830c283fffff,Unincorporated,none,
882830c285fffff,Unincorporated,none,
882830c287fffff,Unincorporated,none,
882830c289fffff,Unincorporated,none,
882830c28bfffff,Unincorporated,none,
882830c28dfffff,Unincorporated,none,
882830c291fffff,Unincorporated,none,
882830c293fffff,Unincorporated,none,
882830c295fffff,Unincorporated,none,
882830c297fffff,Unincorporated,none,
882830c299fffff,Unincorporated,none,
882830c29bfffff,Unincorporated,none,
882830c29dfffff,Unincorporated,none,
882830c2a1fffff,Unincorporated,none,
882830c2a3fffff,Unincorporated,none,
882830c2a5fffff,Unincorporated,none,
882830c2a7fffff,Unincorporated,none,
882830c2a9fffff,Unincorporated,none,
882830c2abfffff,Unincorporated,none,
882830c2adfffff,Unincorporated,none,
882830c2b1fffff,Unincorporated,none,
882830c2b3fffff,Unincorporated,none,
882830c2b5fffff,Unincorporated,none,
882830c2b7fffff,Unincorporated,none,
882830c2b9fffff,Unincorporated,none,
882830c2bbfffff,Unincorporated,none,
882830c2bdfffff,Unincorporated,none,
882830c2c1fffff,Unincorporated,none,
882830c2c3fffff,Unincorporated,none,
882830c2c5fffff,Unincorporated,none,
882830c2c7fffff,Unincorporated,none,
882830c2c9fffff,Unincorporated,none,
882830c2cbfffff,Unincorporated,none,
882830c2cdfffff,Unincorporated,none,
882830c2d1fffff,Unincorporated,none,
882830c2d3fffff,Unincorporated,none,
882830c2d5fffff,Unincorporated,none,
882830c2d7fffff,Unincorporated,none,
882830c2d9fffff,Unincorporated,none,
882830c2dbfffff,Unincorporated,none,
882830c2ddfffff,Unincorporated,none,
882830c2e1fffff,Unincorporated,none,
882830c2e3fffff,Unincorporated,none,
882830c2e5fffff,Unincorporated,none,
882830c2e7fffff,Unincorporated,none,
882830c2e9fffff,Unincorporated,none,
882830c2ebfffff,Unincorporated,none,
882830c2edfffff,Unincorporated,none,
882830c301fffff,Unincorporated,none,
882830c303fffff,Unincorporated,none,
882830c305fffff,Unincorporated,none,
882830c307fffff,Unincorporated,none,
882830c309fffff,Unincorporated,none,
882830c30bfffff,Unincorporated,none,
882830c30dfffff,Unincorporated,none,
882830c311fffff,Unincorporated,none,
882830c313fffff,Unincorporated,none,
882830c315fffff,Unincorporated,none,
882830c317fffff,Unincorporated,none,
882830c319fffff,Unincorporated,none,
882830c31bfffff,Unincorporated,none,
882830c31dfffff,Unincorporated,none,
882830c321fffff,Unincorporated,none,
882830c323fffff,Unincorporated,none,
882830c325fffff,Unincorporated,none,
882830c327fffff,Unincorporated,none,
882830c329fffff,Unincorporated,none,
882830c32bfffff,Unincorporated,none,
882830c32dfffff,Unincorporated,none,
882830c331fffff,Unincorporated,none,
882830c333fffff,Unincorporated,none,
882830c335fffff,Unincorporated,none,
882830c337fffff,Unincorporated,none,
882830c339fffff,Unincorporated,none,
882830c33bfffff,Unincorporated,none,
882830c33dfffff,Unincorporated,none,
882830c341fffff,Unincorporated,none,
882830c343fffff,Unincorporated,none,
882830c345fffff,Unincorporated,none,
882830c347fffff,Unincorporated,none,
882830c349fffff,Unincorporated,none,
882830c34bfffff,Unincorporated,none,
882830c34dfffff,Unincorporated,none,
882830c351fffff,Unincorporated,none,
882830c353fffff,Unincorporated,none,
882830c355fffff,Unincorporated,none,
882830c357fffff,Unincorporated,none,
882830c359fffff,Unincorporated,none,
882830c35bfffff,Unincorporated,none,
882830c35dfffff,Unincorporated,none,
882830c361fffff,Unincorporated,none,
882830c363fffff,Unincorporated,none,
882830c365fffff,Unincorporated,none,
882830c367fffff,Unincorporated,none,
882830c369fffff,Unincorporated,none,
882830c36bfffff,Unincorporated,none,
882830c36dfffff,Unincorporated,none,
882830c401fffff,Concord,city,0616000
882830c403fffff,Concord,city,0616000
882830c405fffff,Concord,city,0616000
882830c407fffff,Concord,city,0616000
882830c409fffff,Concord,city,0616000
882830c40bfffff,Concord,city,0616000
882830c40dfffff,Concord,city,0616000
882830c411fffff,Concord,city,0616000
882830c413fffff,Concord,city,0616000
882830c415fffff,Concord,city,0616000
882830c417fffff,Concord,city,0616000
882830c419fffff,Concord,city,0616000
882830c41bfffff,Concord,city,0616000
882830c41dfffff,Concord,city,0616000
882830c421fffff,Concord,city,0616000
882830c423fffff,Concord,city,0616000
882830c425fffff,Concord,city,0616000
882830c427fffff,Concord,city,0616000
882830c429fffff,Concord,city,0616000
882830c42bfffff,Concord,city,0616000
882830c42dfffff,Concord,city,0616000
882830c431fffff,Concord,city,0616000
882830c433fffff,Concord,city,0616000
882830c435fffff,Concord,city,0616000
882830c437fffff,Concord,city,0616000
882830c439fffff,Concord,city,0616000
882830c43bfffff,Concord,city,0616000
882830c43dfffff,Concord,city,0616000
882830c441fffff,Concord,city,0616000
882830c443fffff,Concord,city,0616000
882830c445fffff,Concord,city,0616000
882830c447fffff,Concord,city,0616000
882830c449fffff,Concord,city,0616000
882830c44bfffff,Concord,city,0616000
882830c44dfffff,Walnut Creek,city,0683346
882830c451fffff,Concord,city,0616000
882830c453fffff,Concord,city,0616000
882830c455fffff,Concord,city,0616000
882830c457fffff,Concord,city,0616000
882830c459fffff,Concord,city,0616000
882830c45bfffff,Concord,city,0616000
882830c45dfffff,Concord,city,0616000
882830c461fffff,Concord,city,0616000
882830c463fffff,Concord,city,0616000
882830c465fffff,Concord,city,0616000
882830c467fffff,Concord,city,0616000
882830c469fffff,Concord,city,0616000
882830c46bfffff,Concord,city,0616000
882830c46dfffff,Concord,city,0616000
882830c481fffff,Unincorporated,none,
882830c483fffff,Unincorporated,none,
882830c485fffff,Unincorporated,none,
882830c487fffff,Unincorporated,none,
882830c489fffff,Unincorporated,none,
882830c48bfffff,Unincorporated,none,
882830c48dfffff,Unincorporated,none,
882830c491fffff,Unincorporated,none,
882830c493fffff,Martinez,city,0646114
882830c495fffff,Unincorporated,none,
882830c497fffff,Unincorporated,none,
882830c499fffff,Vine Hill,cdp,0682842
882830c49bfffff,Unincorporated,none,
882830c49dfffff,Unincorporated,none,
882830c4a1fffff,Unincorporated,none,
882830c4a3fffff,Unincorporated,none,
882830c4a5fffff,Unincorporated,none,
882830c4a7fffff,Unincorporated,none,
882830c4a9fffff,Unincorporated,none,
882830c4abfffff,Unincorporated,none,
882830c4adfffff,Unincorporated,none,
882830c4b1fffff,Unincorporated,none,
882830c4b3fffff,Unincorporated,none,
882830c4b5fffff,Unincorporated,none,
882830c4b7fffff,Unincorporated,none,
882830c4b9fffff,Unincorporated,none,
882830c4bbfffff,Unincorporated,none,
882830c4bdfffff,Unincorporated,none,
882830c4c1fffff,Unincorporated,none,
882830c4c3fffff,Unincorporated,none,
882830c4c5fffff,Concord,city,0616000
882830c4c7fffff,Unincorporated,none,
882830c4c9fffff,Unincorporated,none,
882830c4cbfffff,Pacheco,cdp,0654764
882830c4cdfffff,Unincorporated,none,
882830c4d1fffff,Martinez,city,0646114
882830c4d3fffff,Vine Hill,cdp,0682842
882830c4d5fffff,Vine Hill,cdp,0682842
882830c4d7fffff,Vine Hill,cdp,0682842
882830c4d9fffff,Martinez,city,0646114
882830c4dbfffff,Martinez,city,0646114
882830c4ddfffff,Martinez,city,0646114
882830c4e1fffff,Concord,city,0616000
882830c4e3fffff,Concord,city,0616000
882830c4e5fffff,Concord,city,0616000
882830c4e7fffff,Concord,city,0616000
882830c4e9fffff,Concord,city,0616000
882830c4ebfffff,Concord,city,0616000
882830c4edfffff,Concord,city,0616000
882830c501fffff,Unincorporated,none,
882830c503fffff,Unincorporated,none,
882830c505fffff,Unincorporated,none,
882830c507fffff,Unincorporated,none,
882830c509fffff,Unincorporated,none,
882830c50bfffff,Unincorporated,none,
882830c50dfffff,Unincorporated,none,
882830c511fffff,Pittsburg,city,0657456
882830c513fffff,Pittsburg,city,0657456
882830c515fffff,Pittsburg,city,0657456
882830c517fffff,Pittsburg,city,0657456
882830c519fffff,Concord,city,0616000
882830c51bfffff,Concord,city,0616000
882830c51dfffff,Pittsburg,city,0657456
882830c521fffff,Unincorporated,none,
882830c523fffff,Pittsburg,city,0657456
882830c525fffff,Pittsburg,city,0657456
882830c527fffff,Pittsburg,city,0657456
882830c529fffff,Unincorporated,none,
882830c52bfffff,Unincorporated,none,
882830c52dfffff,Pittsburg,city,0657456
882830c531fffff,Unincorporated,none,
882830c533fffff,Pittsburg,city,0657456
882830c535fffff,Pittsburg,city,0657456
882830c537fffff,Bay Point,cdp,0604415
882830c539fffff,Unincorporated,none,
882830c53bfffff,Pittsburg,city,0657456
882830c53dfffff,Unincorporated,none,
882830c541fffff,Concord,city,0616000
882830c543fffff,Concord,city,0616000
882830c545fffff,Unincorporated,none,
882830c547fffff,Unincorporated,none,
882830c549fffff,Concord,city,0616000
882830c54bfffff,Concord,city,0616000
882830c54dfffff,Unincorporated,none,
882830c551fffff,Concord,city,0616000
882830c553fffff,Concord,city,0616000
882830c555fffff,Concord,city,0616000
882830c557fffff,Concord,city,0616000
882830c559fffff,Unincorporated,none,
882830c55bfffff,Concord,city,0616000
882830c55dfffff,Concord,city,0616000
882830c561fffff,Unincorporated,none,
882830c563fffff,Unincorporated,none,
882830c565fffff,Unincorporated,none,
882830c567fffff,Unincorporated,none,
882830c569fffff,Unincorporated,none,
882830c56bfffff,Unincorporated,none,
882830c56dfffff,Unincorporated,none,
882830c581fffff,Bay Point,cdp,0604415
882830c583fffff,Unincorporated,none,
882830c585fffff,Bay Point,cdp,0604415
882830c587fffff,Unincorporated,none,
882830c589fffff,Bay Point,cdp,0604415
882830c58bfffff,Bay Point,cdp,0604415
882830c58dfffff,Bay Point,cdp,0604415
882830c591fffff,Unincorporated,none,
882830c593fffff,Unincorporated,none,
882830c595fffff,Unincorporated,none,
882830c597fffff,Unincorporated,none,
882830c599fffff,Unincorporated,none,
882830c59bfffff,Unincorporated,none,
882830c59dfffff,Unincorporated,none,
882830c5a1fffff,Bay Point,cdp,0604415
882830c5a3fffff,Unincorporated,none,
882830c5a5fffff,Bay Point,cdp,0604415
882830c5a7fffff,Bay Point,cdp,0604415
882830c5a9fffff,Bay Point,cdp,0604415
882830c5abfffff,Unincorporated,none,
882830c5adfffff,Bay Point,cdp,0604415
882830c5b1fffff,Unincorporated,none,
882830c5b3fffff,Unincorporated,none,
882830c5b5fffff,Unincorporated,none,
882830c5b7fffff,Unincorporated,none,
882830c5b9fffff,Unincorporated,none,
882830c5bbfffff,Unincorporated,none,
882830c5bdfffff,Unincorporated,none,
882830c5c1fffff,Concord,city,0616000
882830c5c3fffff,Bay Point,cdp,0604415
882830c5c5fffff,Pittsburg,city,0657456
882830c5c7fffff,Pittsburg,city,0657456
882830c5c9fffff,Concord,city,0616000
882830c5cbfffff,Concord,city,0616000
882830c5cdfffff,Concord,city,0616000
882830c5d1fffff,Concord,city,0616000
882830c5d3fffff,Unincorporated,none,
882830c5d5fffff,Bay Point,cdp,0604415
882830c5d7fffff,Unincorporated,none,
882830c5d9fffff,Concord,city,0616000
882830c5dbfffff,Concord,city,0616000
882830c5ddfffff,Concord,city,0616000
882830c5e1fffff,Pittsburg,city,0657456
882830c5e3fffff,Bay Point,cdp,0604415
882830c5e5fffff,Bay Point,cdp,0604415
882830c5e7fffff,Bay Point,cdp,0604415
882830c5e9fffff,Pittsburg,city,0657456
882830c5ebfffff,Pittsburg,city,0657456
882830c5edfffff,Pittsburg,city,0657456
882830c601fffff,Walnut Creek,city,0683346
882830c603fffff,Walnut Creek,city,0683346
882830c605fffff,Walnut Creek,city,0683346
882830c607fffff,Walnut Creek,city,0683346
882830c609fffff,Shell Ridge,cdp,0671362
882830c60bfffff,Walnut Creek,city,0683346
882830c60dfffff,Walnut Creek,city,0683346
882830c611fffff,Contra Costa Centre,cdp,0616090
882830c613fffff,Walnut Creek,city,0683346
882830c615fffff,Walnut Creek,city,0683346
882830c617fffff,Contra Costa Centre,cdp,0616090
882830c619fffff,Walnut Creek,city,0683346
882830c61bfffff,Walnut Creek,city,0683346
882830c61dfffff,Walnut Creek,city,0683346
882830c621fffff,Walnut Creek,city,0683346
882830c623fffff,Walnut Creek,city,0683346
882830c625fffff,Walnut Creek,city,0683346
882830c627fffff,Walnut Creek,city,0683346
882830c629fffff,Walnut Creek,city,0683346
882830c62bfffff,Walnut Creek,city,0683346
882830c62dfffff,Walnut Creek,city,0683346
882830c631fffff,Concord,city,0616000
882830c633fffff,Concord,city,0616000
882830c635fffff,Concord,city,0616000
882830c637fffff,Concord,city,0616000
882830c639fffff,Walnut Creek,city,0683346
882830c63bfffff,Walnut Creek,city,0683346
882830c63dfffff,Walnut Creek,city,0683346
882830c641fffff,San Miguel,cdp,0668263
882830c643fffff,Walnut Creek,city,0683346
882830c645fffff,Walnut Creek,city,0683346
882830c647fffff,Walnut Creek,city,0683346
882830c649fffff,San Miguel,cdp,0668263
882830c64bfffff,San Miguel,cdp,0668263
882830c64dfffff,Walnut Creek,city,0683346
882830c651fffff,Walnut Creek,city,0683346
882830c653fffff,Walnut Creek,city,0683346
882830c655fffff,Walnut Creek,city,0683346
882830c657fffff,Walnut Creek,city,0683346
882830c659fffff,Walnut Creek,city,0683346
882830c65bfffff,Walnut Creek,city,0683346
882830c65dfffff,Walnut Creek,city,0683346
882830c661fffff,Walnut Creek,city,0683346
882830c663fffff,Walnut Creek,city,0683346
882830c665fffff,North Gate,cdp,0651890
882830c667fffff,Walnut Creek,city,0683346
882830c669fffff,Walnut Creek,city,0683346
882830c66bfffff,Walnut Creek,city,0683346
882830c66dfffff,North Gate,cdp,0651890
882830c681fffff,Pleasant Hill,city,0657764
882830c683fffff,Pleasant Hill,city,0657764
882830c685fffff,Pleasant Hill,city,0657764
882830c687fffff,Pleasant Hill,city,0657764
882830c689fffff,Pleasant Hill,city,0657764
882830c68bfffff,Pleasant Hill,city,0657764
882830c68dfffff,Pleasant Hill,city,0657764
882830c691fffff,Martinez,city,0646114
882830c693fffff,Martinez,city,0646114
882830c695fffff,Pleasant Hill,city,0657764
882830c697fffff,Martinez,city,0646114
882830c699fffff,Martinez,city,0646114
882830c69bfffff,Martinez,city,0646114
882830c69dfffff,Martinez,city,0646114
882830c6a1fffff,Concord,city,0616000
882830c6a3fffff,Pleasant Hill,city,0657764
882830c6a5fffff,Concord,city,0616000
882830c6a7fffff,Concord,city,0616000
882830c6a9fffff,Pleasant Hill,city,0657764
882830c6abfffff,Pleasant Hill,city,0657764
882830c6adfffff,Concord,city,0616000
882830c6b1fffff,Martinez,city,0646114
882830c6b3fffff,Martinez,city,0646114
882830c6b5fffff,Pleasant Hill,city,0657764
882830c6b7fffff,Martinez,city,0646114
882830c6b9fffff,Pleasant Hill,city,0657764
882830c6bbfffff,Pleasant Hill,city,0657764
882830c6bdfffff,Pleasant Hill,city,0657764
882830c6c1fffff,Pleasant Hill,city,0657764
882830c6c3fffff,Pleasant Hill,city,0657764
882830c6c5fffff,Pleasant Hill,city,0657764
882830c6c7fffff,Pleasant Hill,city,0657764
882830c6c9fffff,Walnut Creek,city,0683346
882830c6cbfffff,Reliez Valley,cdp,0660279
882830c6cdfffff,Walnut Creek,city,0683346
882830c6d1fffff,Reliez Valley,cdp,0660279
882830c6d3fffff,Reliez Valley,cdp,0660279
882830c6d5fffff,Reliez Valley,cdp,0660279
882830c6d7fffff,Reliez Valley,cdp,0660279
882830c6d9fffff,Lafayette,city,0639122
882830c6dbfffff,Unincorporated,none,
882830c6ddfffff,Lafayette,city,0639122
882830c6e1fffff,Pleasant Hill,city,0657764
882830c6e3fffff,Pleasant Hill,city,0657764
882830c6e5fffff,Concord,city,0616000
882830c6e7fffff,Pleasant Hill,city,0657764
882830c6e9fffff,Pleasant Hill,city,0657764
882830c6ebfffff,Pleasant Hill,city,0657764
882830c6edfffff,Concord,city,0616000
882830c701fffff,Unincorporated,none,
882830c703fffff,Concord,city,0616000
882830c705fffff,Unincorporated,none,
882830c707fffff,Concord,city,0616000
882830c709fffff,Unincorporated,none,
882830c70bfffff,Concord,city,0616000
882830c70dfffff,Unincorporated,none,
882830c711fffff,Concord,city,0616000
882830c713fffff,Concord,city,0616000
882830c715fffff,Concord,city,0616000
882830c717fffff,Concord,city,0616000
882830c719fffff,Walnut Creek,city,0683346
882830c71bfffff,Walnut Creek,city,0683346
882830c71dfffff,Concord,city,0616000
882830c721fffff,Clayton,city,0613882
882830c723fffff,Clayton,city,0613882
882830c725fffff,Clayton,city,0613882
882830c727fffff,Clayton,city,0613882
882830c729fffff,Clayton,city,0613882
882830c72bfffff,Clayton,city,0613882
882830c72dfffff,Clayton,city,0613882
882830c731fffff,Concord,city,0616000
882830c733fffff,Concord,city,0616000
882830c735fffff,Concord,city,0616000
882830c737fffff,Concord,city,0616000
882830c739fffff,Concord,city,0616000
882830c73bfffff,Concord,city,0616000
882830c73dfffff,Concord,city,0616000
882830c741fffff,Unincorporated,none,
882830c743fffff,Unincorporated,none,
882830c745fffff,Unincorporated,none,
882830c747fffff,Unincorporated,none,
882830c749fffff,Unincorporated,none,
882830c74bfffff,Unincorporated,none,
882830c74dfffff,Unincorporated,none,
882830c751fffff,Unincorporated,none,
882830c753fffff,Walnut Creek,city,0683346
882830c755fffff,Unincorporated,none,
882830c757fffff,Concord,city,0616000
882830c759fffff,Unincorporated,none,
882830c75bfffff,Walnut Creek,city,0683346
882830c75dfffff,Unincorporated,none,
882830c761fffff,Unincorporated,none,
882830c763fffff,Unincorporated,none,
882830c765fffff,Clayton,city,0613882
882830c767fffff,Clayton,city,0613882
882830c769fffff,Unincorporated,none,
882830c76bfffff,Unincorporated,none,
882830c76dfffff,Unincorporated,none,
882830c801fffff,Oakley,city,0653070
882830c803fffff,Oakley,city,0653070
882830c805fffff,Oakley,city,0653070
882830c807fffff,Oakley,city,0653070
882830c809fffff,Knightsen,cdp,0638772
882830c80bfffff,Oakley,city,0653070
882830c80dfffff,Oakley,city,0653070
882830c811fffff,Oakley,city,0653070
882830c813fffff,Unincorporated,none,
882830c815fffff,Oakley,city,0653070
882830c817fffff,Unincorporated,none,
882830c819fffff,Oakley,city,0653070
882830c81bfffff,Oakley,city,0653070
882830c81dfffff,Oakley,city,0653070
882830c821fffff,Unincorporated,none,
882830c823fffff,Unincorporated,none,
882830c825fffff,Bethel Island,cdp,0606210
882830c827fffff,Bethel Island,cdp,0606210
882830c829fffff,Oakley,city,0653070
882830c82bfffff,Oakley,city,0653070
882830c82dfffff,Unincorporated,none,
882830c831fffff,Unincorporated,none,
882830c833fffff,Unincorporated,none,
882830c835fffff,Bethel Island,cdp,0606210
882830c837fffff,Bethel Island,cdp,0606210
882830c839fffff,Oakley,city,0653070
882830c83bfffff,Unincorporated,none,
882830c83dfffff,Unincorporated,none,
882830c841fffff,Knightsen,cdp,0638772
882830c843fffff,Knightsen,cdp,0638772
882830c845fffff,Knightsen,cdp,0638772
882830c847fffff,Knightsen,cdp,0638772
882830c849fffff,Knightsen,cdp,0638772
882830c84bfffff,Knightsen,cdp,0638772
882830c84dfffff,Knightsen,cdp,0638772
882830c851fffff,Oakley,city,0653070
882830c853fffff,Oakley,city,0653070
882830c855fffff,Oakley,city,0653070
882830c857fffff,Oakley,city,0653070
882830c859fffff,Oakley,city,0653070
882830c85bfffff,Oakley,city,0653070
882830c85dfffff,Oakley,city,0653070
882830c861fffff,Oakley,city,0653070
882830c863fffff,Oakley,city,0653070
882830c865fffff,Oakley,city,0653070
882830c867fffff,Oakley,city,0653070
882830c869fffff,Oakley,city,0653070
882830c86bfffff,Oakley,city,0653070
882830c86dfffff,Oakley,city,0653070
882830c881fffff,Unincorporated,none,
882830c885fffff,Unincorporated,none,
882830c889fffff,Unincorporated,none,
882830c88bfffff,Unincorporated,none,
882830c88dfffff,Unincorporated,none,
882830c8a1fffff,Unincorporated,none,
882830c8a5fffff,Unincorporated,none,
882830c8a7fffff,Unincorporated,none,
882830c8a9fffff,Unincorporated,none,
882830c8adfffff,Unincorporated,none,
882830c8c1fffff,Unincorporated,none,
882830c8c3fffff,Unincorporated,none,
882830c8c5fffff,Unincorporated,none,
882830c8c7fffff,Unincorporated,none,
882830c8c9fffff,Oakley,city,0653070
882830c8cbfffff,Unincorporated,none,
882830c8cdfffff,Unincorporated,none,
882830c8d1fffff,Unincorporated,none,
882830c8d5fffff,Unincorporated,none,
882830c8d9fffff,Oakley,city,0653070
882830c8dbfffff,Unincorporated,none,
882830c8ddfffff,Unincorporated,none,
882830c8e1fffff,Unincorporated,none,
882830c8e3fffff,Unincorporated,none,
882830c8e5fffff,Unincorporated,none,
882830c8e7fffff,Unincorporated,none,
882830c8e9fffff,Unincorporated,none,
882830c8ebfffff,Unincorporated,none,
882830c8edfffff,Unincorporated,none,
882830c901fffff,Unincorporated,none,
882830c903fffff,Unincorporated,none,
882830c905fffff,Unincorporated,none,
882830c907fffff,Unincorporated,none,
882830c909fffff,Unincorporated,none,
882830c90bfffff,Unincorporated,none,
882830c90dfffff,Unincorporated,none,
882830c911fffff,Bethel Island,cdp,0606210
882830c913fffff,Bethel Island,cdp,0606210
882830c915fffff,Unincorporated,none,
882830c917fffff,Unincorporated,none,
882830c919fffff,Bethel Island,cdp,0606210
882830c91bfffff,Bethel Island,cdp,0606210
882830c91dfffff,Bethel Island,cdp,0606210
882830c921fffff,Unincorporated,none,
882830c923fffff,Unincorporated,none,
882830c927fffff,Unincorporated,none,
882830c929fffff,Unincorporated,none,
882830c92bfffff,Unincorporated,none,
882830c92dfffff,Unincorporated,none,
882830c931fffff,Unincorporated,none,
882830c933fffff,Unincorporated,none,
882830c935fffff,Unincorporated,none,
882830c937fffff,Unincorporated,none,
882830c939fffff,Unincorporated,none,
882830c93bfffff,Unincorporated,none,
882830c93dfffff,Unincorporated,none,
882830c941fffff,Unincorporated,none,
882830c943fffff,Unincorporated,none,
882830c945fffff,Unincorporated,none,
882830c947fffff,Unincorporated,none,
882830c949fffff,Unincorporated,none,
882830c94bfffff,Unincorporated,none,
882830c94dfffff,Unincorporated,none,
882830c951fffff,Unincorporated,none,
882830c953fffff,Unincorporated,none,
882830c955fffff,Unincorporated,none,
882830c957fffff,Unincorporated,none,
882830c959fffff,Unincorporated,none,
882830c95bfffff,Unincorporated,none,
882830c95dfffff,Unincorporated,none,
882830c961fffff,Unincorporated,none,
882830c963fffff,Unincorporated,none,
882830c967fffff,Unincorporated,none,
882830c969fffff,Unincorporated,none,
882830c96bfffff,Unincorporated,none,
882830c981fffff,Unincorporated,none,
882830c983fffff,Unincorporated,none,
882830c985fffff,Unincorporated,none,
882830c987fffff,Unincorporated,none,
882830c989fffff,Unincorporated,none,
882830c98bfffff,Unincorporated,none,
882830c98dfffff,Unincorporated,none,
882830c991fffff,Unincorporated,none,
882830c993fffff,Unincorporated,none,
882830c995fffff,Unincorporated,none,
882830c997fffff,Unincorporated,none,
882830c999fffff,Unincorporated,none,
882830c99bfffff,Unincorporated,none,
882830c99dfffff,Unincorporated,none,
882830c9a1fffff,Unincorporated,none,
882830c9a3fffff,Unincorporated,none,
882830c9a5fffff,Unincorporated,none,
882830c9a7fffff,Unincorporated,none,
882830c9a9fffff,Unincorporated,none,
882830c9abfffff,Unincorporated,none,
882830c9adfffff,Unincorporated,none,
882830c9b1fffff,Unincorporated,none,
882830c9b3fffff,Unincorporated,none,
882830c9b5fffff,Unincorporated,none,
882830c9b7fffff,Unincorporated,none,
882830c9b9fffff,Unincorporated,none,
882830c9bbfffff,Unincorporated,none,
882830c9bdfffff,Unincorporated,none,
882830c9c1fffff,Bethel Island,cdp,0606210
882830c9c3fffff,Bethel Island,cdp,0606210
882830c9c5fffff,Bethel Island,cdp,0606210
882830c9c7fffff,Bethel Island,cdp,0606210
882830c9c9fffff,Bethel Island,cdp,0606210
882830c9cbfffff,Bethel Island,cdp,0606210
882830c9cdfffff,Bethel Island,cdp,0606210
882830c9d1fffff,Bethel Island,cdp,0606210
882830c9d3fffff,Unincorporated,none,
882830c9d5fffff,Bethel Island,cdp,0606210
882830c9d7fffff,Unincorporated,none,
882830c9d9fffff,Bethel Island,cdp,0606210
882830c9dbfffff,Unincorporated,none,
882830c9ddfffff,Bethel Island,cdp,0606210
882830c9e1fffff,Unincorporated,none,
882830c9e3fffff,Unincorporated,none,
882830c9e5fffff,Unincorporated,none,
882830c9e7fffff,Unincorporated,none,
882830c9e9fffff,Unincorporated,none,
882830c9ebfffff,Unincorporated,none,
882830c9edfffff,Unincorporated,none,
882830ca01fffff,Brentwood,city,0608142
882830ca03fffff,Brentwood,city,0608142
882830ca05fffff,Unincorporated,none,
882830ca07fffff,Brentwood,city,0608142
882830ca09fffff,Brentwood,city,0608142
882830ca0bfffff,Brentwood,city,0608142
882830ca0dfffff,Unincorporated,none,
882830ca11fffff,Brentwood,city,0608142
882830ca13fffff,Brentwood,city,0608142
882830ca15fffff,Brentwood,city,0608142
882830ca17fffff,Brentwood,city,0608142
882830ca19fffff,Brentwood,city,0608142
882830ca1bfffff,Brentwood,city,0608142
882830ca1dfffff,Brentwood,city,0608142
882830ca21fffff,Knightsen,cdp,0638772
882830ca23fffff,Knightsen,cdp,0638772
882830ca25fffff,Knightsen,cdp,0638772
882830ca27fffff,Knightsen,cdp,0638772
882830ca29fffff,Unincorporated,none,
882830ca2bfffff,Knightsen,cdp,0638772
882830ca2dfffff,Knightsen,cdp,0638772
882830ca31fffff,Brentwood,city,0608142
882830ca33fffff,Brentwood,city,0608142
882830ca35fffff,Unincorporated,none,
882830ca37fffff,Oakley,city,0653070
882830ca39fffff,Brentwood,city,0608142
882830ca3bfffff,Brentwood,city,0608142
882830ca3dfffff,Unincorporated,none,
882830ca41fffff,Unincorporated,none,
882830ca43fffff,Brentwood,city,0608142
882830ca45fffff,Unincorporated,none,
882830ca47fffff,Brentwood,city,0608142
882830ca49fffff,Unincorporated,none,
882830ca4bfffff,Unincorporated,none,
882830ca4dfffff,Unincorporated,none,
882830ca51fffff,Brentwood,city,0608142
882830ca53fffff,Brentwood,city,0608142
882830ca55fffff,Brentwood,city,0608142
882830ca57fffff,Brentwood,city,0608142
882830ca59fffff,Brentwood,city,0608142
882830ca5bfffff,Brentwood,city,0608142
882830ca5dfffff,Brentwood,city,0608142
882830ca61fffff,Unincorporated,none,
882830ca63fffff,Unincorporated,none,
882830ca65fffff,Unincorporated,none,
882830ca67fffff,Unincorporated,none,
882830ca69fffff,Unincorporated,none,
882830ca6bfffff,Unincorporated,none,
882830ca6dfffff,Unincorporated,none,
882830ca81fffff,Oakley,city,0653070
882830ca83fffff,Oakley,city,0653070
882830ca85fffff,Oakley,city,0653070
882830ca87fffff,Oakley,city,0653070
882830ca89fffff,Antioch,city,0602252
882830ca8bfffff,Antioch,city,0602252
882830ca8dfffff,Oakley,city,0653070
882830ca91fffff,Antioch,city,0602252
882830ca93fffff,Antioch,city,0602252
882830ca95fffff,Oakley,city,0653070
882830ca97fffff,Antioch,city,0602252
882830ca99fffff,Antioch,city,0602252
882830ca9bfffff,Antioch,city,0602252
882830ca9dfffff,Antioch,city,0602252
882830caa1fffff,Oakley,city,0653070
882830caa3fffff,Oakley,city,0653070
882830caa5fffff,Oakley,city,0653070
882830caa7fffff,Oakley,city,0653070
882830caa9fffff,Oakley,city,0653070
882830caabfffff,Oakley,city,0653070
882830caadfffff,Oakley,city,0653070
882830cab1fffff,Oakley,city,0653070
882830cab3fffff,Oakley,city,0653070
882830cab5fffff,Oakley,city,0653070
882830cab7fffff,Oakley,city,0653070
882830cab9fffff,Oakley,city,0653070
882830cabbfffff,Oakley,city,0653070
882830cabdfffff,Oakley,city,0653070
882830cac1fffff,Brentwood,city,0608142
882830cac3fffff,Antioch,city,0602252
882830cac5fffff,Brentwood,city,0608142
882830cac7fffff,Antioch,city,0602252
882830cac9fffff,Brentwood,city,0608142
882830cacbfffff,Brentwood,city,0608142
882830cacdfffff,Brentwood,city,0608142
882830cad1fffff,Antioch,city,0602252
882830cad3fffff,Antioch,city,0602252
882830cad5fffff,Antioch,city,0602252
882830cad7fffff,Antioch,city,0602252
882830cad9fffff,Antioch,city,0602252
882830cadbfffff,Antioch,city,0602252
882830caddfffff,Antioch,city,0602252
882830cae1fffff,Oakley,city,0653070
882830cae3fffff,Oakley,city,0653070
882830cae5fffff,Oakley,city,0653070
882830cae7fffff,Oakley,city,0653070
882830cae9fffff,Brentwood,city,0608142
882830caebfffff,Brentwood,city,0608142
882830caedfffff,Brentwood,city,0608142
882830cb01fffff,Unincorporated,none,
882830cb03fffff,Knightsen,cdp,0638772
882830cb05fffff,Unincorporated,none,
882830cb07fffff,Unincorporated,none,
882830cb09fffff,Unincorporated,none,
882830cb0bfffff,Knightsen,cdp,0638772
882830cb0dfffff,Unincorporated,none,
882830cb11fffff,Knightsen,cdp,0638772
882830cb13fffff,Knightsen,cdp,0638772
882830cb15fffff,Knightsen,cdp,0638772
882830cb17fffff,Knightsen,cdp,0638772
882830cb19fffff,Knightsen,cdp,0638772
882830cb1bfffff,Knightsen,cdp,0638772
882830cb1dfffff,Knightsen,cdp,0638772
882830cb21fffff,Unincorporated,none,
882830cb23fffff,Unincorporated,none,
882830cb25fffff,Unincorporated,none,
882830cb27fffff,Unincorporated,none,
882830cb29fffff,Unincorporated,none,
882830cb2bfffff,Unincorporated,none,
882830cb2dfffff,Unincorporated,none,
882830cb31fffff,Unincorporated,none,
882830cb33fffff,Unincorporated,none,
882830cb35fffff,Unincorporated,none,
882830cb37fffff,Unincorporated,none,
882830cb39fffff,Unincorporated,none,
882830cb3bfffff,Knightsen,cdp,0638772
882830cb3dfffff,Unincorporated,none,
882830cb41fffff,Unincorporated,none,
882830cb43fffff,Unincorporated,none,
882830cb45fffff,Unincorporated,none,
882830cb47fffff,Unincorporated,none,
882830cb49fffff,Discovery Bay,cdp,0619339
882830cb4bfffff,Unincorporated,none,
882830cb4dfffff,Unincorporated,none,
882830cb51fffff,Knightsen,cdp,0638772
882830cb53fffff,Knightsen,cdp,0638772
882830cb55fffff,Knightsen,cdp,0638772
882830cb57fffff,Knightsen,cdp,0638772
882830cb59fffff,Unincorporated,none,
882830cb5bfffff,Knightsen,cdp,0638772
882830cb5dfffff,Unincorporated,none,
882830cb61fffff,Unincorporated,none,
882830cb63fffff,Unincorporated,none,
882830cb65fffff,Unincorporated,none,
882830cb67fffff,Unincorporated,none,
882830cb69fffff,Unincorporated,none,
882830cb6bfffff,Unincorporated,none,
882830cb6dfffff,Unincorporated,none,
882830cc01fffff,Unincorporated,none,
882830cc03fffff,Unincorporated,none,
882830cc09fffff,Unincorporated,none,
882830cc0bfffff,Unincorporated,none,
882830cc1dfffff,Unincorporated,none,
882830cc41fffff,Unincorporated,none,
882830cc43fffff,Unincorporated,none,
882830cc47fffff,Unincorporated,none,
882830cc49fffff,Unincorporated,none,
882830cc4bfffff,Pittsburg,city,0657456
882830cc4dfffff,Unincorporated,none,
882830cc51fffff,Pittsburg,city,0657456
882830cc53fffff,Pittsburg,city,0657456
882830cc55fffff,Unincorporated,none,
882830cc57fffff,Unincorporated,none,
882830cc59fffff,Pittsburg,city,0657456
882830cc5bfffff,Pittsburg,city,0657456
882830cc5dfffff,Pittsburg,city,0657456
882830ce01fffff,Pittsburg,city,0657456
882830ce03fffff,Pittsburg,city,0657456
882830ce05fffff,Pittsburg,city,0657456
882830ce07fffff,Pittsburg,city,0657456
882830ce09fffff,Pittsburg,city,0657456
882830ce0bfffff,Pittsburg,city,0657456
882830ce0dfffff,Pittsburg,city,0657456
882830ce11fffff,Pittsburg,city,0657456
882830ce13fffff,Pittsburg,city,0657456
882830ce15fffff,Pittsburg,city,0657456
882830ce17fffff,Pittsburg,city,0657456
882830ce19fffff,Pittsburg,city,0657456
882830ce1bfffff,Pittsburg,city,0657456
882830ce1dfffff,Pittsburg,city,0657456
882830ce21fffff,Antioch,city,0602252
882830ce23fffff,Pittsburg,city,0657456
882830ce25fffff,Antioch,city,0602252
882830ce27fffff,Antioch,city,0602252
882830ce29fffff,Pittsburg,city,0657456
882830ce2bfffff,Pittsburg,city,0657456
882830ce2dfffff,Antioch,city,0602252
882830ce31fffff,Pittsburg,city,0657456
882830ce33fffff,Pittsburg,city,0657456
882830ce35fffff,Pittsburg,city,0657456
882830ce37fffff,Pittsburg,city,0657456
882830ce39fffff,Pittsburg,city,0657456
882830ce3bfffff,Pittsburg,city,0657456
882830ce3dfffff,Pittsburg,city,0657456
882830ce41fffff,Unincorporated,none,
882830ce43fffff,Pittsburg,city,0657456
882830ce45fffff,Antioch,city,0602252
882830ce47fffff,Pittsburg,city,0657456
882830ce49fffff,Unincorporated,none,
882830ce4bfffff,Unincorporated,none,
882830ce4dfffff,Unincorporated,none,
882830ce51fffff,Pittsburg,city,0657456
882830ce53fffff,Pittsburg,city,0657456
882830ce55fffff,Pittsburg,city,0657456
882830ce57fffff,Pittsburg,city,0657456
882830ce59fffff,Unincorporated,none,
882830ce5bfffff,Pittsburg,city,0657456
882830ce5dfffff,Unincorporated,none,
882830ce61fffff,Antioch,city,0602252
882830ce63fffff,Antioch,city,0602252
882830ce65fffff,Antioch,city,0602252
882830ce67fffff,Antioch,city,0602252
882830ce69fffff,Antioch,city,0602252
882830ce6bfffff,Antioch,city,0602252
882830ce6dfffff,Antioch,city,0602252
882830ce81fffff,Pittsburg,city,0657456
882830ce85fffff,Pittsburg,city,0657456
882830ce89fffff,Pittsburg,city,0657456
882830ce8bfffff,Pittsburg,city,0657456
882830ce8dfffff,Pittsburg,city,0657456
882830ce91fffff,Bay Point,cdp,0604415
882830ce99fffff,Bay Point,cdp,0604415
882830ce9bfffff,Bay Point,cdp,0604415
882830ce9dfffff,Bay Point,cdp,0604415
882830cec1fffff,Pittsburg,city,0657456
882830cec3fffff,Pittsburg,city,0657456
882830cec5fffff,Pittsburg,city,0657456
882830cec7fffff,Pittsburg,city,0657456
882830cec9fffff,Pittsburg,city,0657456
882830cecbfffff,Pittsburg,city,0657456
882830cecdfffff,Pittsburg,city,0657456
882830ced1fffff,Bay Point,cdp,0604415
882830ced3fffff,Bay Point,cdp,0604415
882830ced5fffff,Bay Point,cdp,0604415
882830ced7fffff,Bay Point,cdp,0604415
882830ced9fffff,Bay Point,cdp,0604415
882830cedbfffff,Bay Point,cdp,0604415
882830ceddfffff,Bay Point,cdp,0604415
882830cee1fffff,Pittsburg,city,0657456
882830cee3fffff,Pittsburg,city,0657456
882830cee5fffff,Pittsburg,city,0657456
882830cee7fffff,Pittsburg,city,0657456
882830cee9fffff,Pittsburg,city,0657456
882830ceebfffff,Pittsburg,city,0657456
882830ceedfffff,Pittsburg,city,0657456
882830cf01fffff,Unincorporated,none,
882830cf09fffff,Antioch,city,0602252
882830cf0bfffff,Antioch,city,0602252
882830cf0dfffff,Unincorporated,none,
882830cf19fffff,Antioch,city,0602252
882830cf1bfffff,Antioch,city,0602252
882830cf1dfffff,Antioch,city,0602252
882830cf29fffff,Unincorporated,none,
882830cf2dfffff,Unincorporated,none,
882830cf41fffff,Antioch,city,0602252
882830cf43fffff,Antioch,city,0602252
882830cf45fffff,Antioch,city,0602252
882830cf47fffff,Antioch,city,0602252
882830cf49fffff,Antioch,city,0602252
882830cf4bfffff,Antioch,city,0602252
882830cf4dfffff,Antioch,city,0602252
882830cf51fffff,Antioch,city,0602252
882830cf53fffff,Antioch,city,0602252
882830cf55fffff,Antioch,city,0602252
882830cf57fffff,Antioch,city,0602252
882830cf59fffff,Antioch,city,0602252
882830cf5bfffff,Antioch,city,0602252
882830cf5dfffff,Antioch,city,0602252
882830cf61fffff,Antioch,city,0602252
882830cf63fffff,Unincorporated,none,
882830cf65fffff,Unincorporated,none,
882830cf67fffff,Unincorporated,none,
882830cf69fffff,Antioch,city,0602252
882830cf6bfffff,Antioch,city,0602252
882830cf6dfffff,Antioch,city,0602252
882830d001fffff,Unincorporated,none,
882830d003fffff,Unincorporated,none,
882830d005fffff,Unincorporated,none,
882830d007fffff,Unincorporated,none,
882830d00bfffff,Unincorporated,none,
882830d011fffff,Unincorporated,none,
882830d013fffff,Unincorporated,none,
882830d015fffff,Unincorporated,none,
882830d017fffff,Unincorporated,none,
882830d019fffff,Unincorporated,none,
882830d01bfffff,Unincorporated,none,
882830d01dfffff,Unincorporated,none,
882830d021fffff,Unincorporated,none,
882830d023fffff,Unincorporated,none,
882830d025fffff,Unincorporated,none,
882830d027fffff,Unincorporated,none,
882830d029fffff,Unincorporated,none,
882830d02bfffff,Unincorporated,none,
882830d02dfffff,Unincorporated,none,
882830d031fffff,Unincorporated,none,
882830d033fffff,Unincorporated,none,
882830d035fffff,Unincorporated,none,
882830d037fffff,Unincorporated,none,
882830d039fffff,Unincorporated,none,
882830d03bfffff,Unincorporated,none,
882830d03dfffff,Unincorporated,none,
882830d053fffff,Unincorporated,none,
882830d057fffff,Unincorporated,none,
882830d081fffff,Camino Tassajara,cdp,0610301
882830d083fffff,Camino Tassajara,cdp,0610301
882830d085fffff,Unincorporated,none,
882830d087fffff,Unincorporated,none,
882830d089fffff,Camino Tassajara,cdp,0610301
882830d08bfffff,Camino Tassajara,cdp,0610301
882830d08dfffff,Unincorporated,none,
882830d091fffff,Blackhawk,cdp,0606928
882830d093fffff,Blackhawk,cdp,0606928
882830d095fffff,Blackhawk,cdp,0606928
882830d097fffff,Blackhawk,cdp,0606928
882830d099fffff,Danville,city,0617988
882830d09bfffff,Danville,city,0617988
882830d09dfffff,Camino Tassajara,cdp,0610301
882830d0a1fffff,Unincorporated,none,
882830d0a3fffff,Unincorporated,none,
882830d0a5fffff,Unincorporated,none,
882830d0a7fffff,Unincorporated,none,
882830d0a9fffff,Unincorporated,none,
882830d0abfffff,Unincorporated,none,
882830d0adfffff,Unincorporated,none,
882830d0b1fffff,Blackhawk,cdp,0606928
882830d0b3fffff,Blackhawk,cdp,0606928
882830d0b5fffff,Unincorporated,none,
882830d0b7fffff,Unincorporated,none,
882830d0b9fffff,Blackhawk,cdp,0606928
882830d0bbfffff,Blackhawk,cdp,0606928
882830d0bdfffff,Unincorporated,none,
882830d0c1fffff,Unincorporated,none,
882830d0c3fffff,San Ramon,city,0668378
882830d0c5fffff,Unincorporated,none,
882830d0c7fffff,Unincorporated,none,
882830d0c9fffff,Unincorporated,none,
882830d0cbfffff,San Ramon,city,0668378
882830d0cdfffff,Unincorporated,none,
882830d0d1fffff,San Ramon,city,0668378
882830d0d3fffff,San Ramon,city,0668378
882830d0d5fffff,San Ramon,city,0668378
882830d0d7fffff,Danville,city,0617988
882830d0d9fffff,San Ramon,city,0668378
882830d0dbfffff,San Ramon,city,0668378
882830d0ddfffff,San Ramon,city,0668378
882830d0e1fffff,Unincorporated,none,
882830d0e3fffff,Unincorporated,none,
882830d0e5fffff,Unincorporated,none,
882830d0e7fffff,Unincorporated,none,
882830d0e9fffff,Unincorporated,none,
882830d0ebfffff,Unincorporated,none,
882830d0edfffff,Unincorporated,none,
882830d101fffff,Unincorporated,none,
882830d103fffff,Unincorporated,none,
882830d105fffff,Unincorporated,none,
882830d107fffff,Unincorporated,none,
882830d10bfffff,Unincorporated,none,
882830d111fffff,Unincorporated,none,
882830d113fffff,Unincorporated,none,
882830d115fffff,Unincorporated,none,
882830d117fffff,Unincorporated,none,
882830d119fffff,Unincorporated,none,
882830d11bfffff,Unincorporated,none,
882830d11dfffff,Unincorporated,none,
882830d121fffff,Unincorporated,none,
882830d123fffff,Unincorporated,none,
882830d125fffff,Unincorporated,none,
882830d127fffff,Unincorporated,none,
882830d129fffff,Unincorporated,none,
882830d12bfffff,Unincorporated,none,
882830d12dfffff,Unincorporated,none,
882830d131fffff,Unincorporated,none,
882830d133fffff,Unincorporated,none,
882830d135fffff,Unincorporated,none,
882830d137fffff,Unincorporated,none,
882830d139fffff,Unincorporated,none,
882830d13bfffff,Unincorporated,none,
882830d13dfffff,Unincorporated,none,
882830d153fffff,Unincorporated,none,
882830d157fffff,Unincorporated,none,
882830d181fffff,Unincorporated,none,
882830d183fffff,Unincorporated,none,
882830d185fffff,Unincorporated,none,
882830d187fffff,Unincorporated,none,
882830d189fffff,Unincorporated,none,
882830d18bfffff,Unincorporated,none,
882830d18dfffff,Unincorporated,none,
882830d191fffff,Unincorporated,none,
882830d193fffff,Unincorporated,none,
882830d195fffff,Unincorporated,none,
882830d197fffff,Unincorporated,none,
882830d199fffff,Unincorporated,none,
882830d19bfffff,Unincorporated,none,
882830d19dfffff,Unincorporated,none,
882830d1a1fffff,Unincorporated,none,
882830d1a3fffff,Unincorporated,none,
882830d1a5fffff,Unincorporated,none,
882830d1a7fffff,Unincorporated,none,
882830d1a9fffff,Unincorporated,none,
882830d1abfffff,Unincorporated,none,
882830d1adfffff,Unincorporated,none,
882830d1b1fffff,Unincorporated,none,
882830d1b3fffff,Unincorporated,none,
882830d1b5fffff,Unincorporated,none,
882830d1b7fffff,Unincorporated,none,
882830d1b9fffff,Unincorporated,none,
882830d1bbfffff,Unincorporated,none,
882830d1bdfffff,Unincorporated,none,
882830d1c1fffff,Unincorporated,none,
882830d1c3fffff,Unincorporated,none,
882830d1c5fffff,Unincorporated,none,
882830d1c7fffff,Unincorporated,none,
882830d1c9fffff,Unincorporated,none,
882830d1cbfffff,Unincorporated,none,
882830d1cdfffff,Unincorporated,none,
882830d1d1fffff,Unincorporated,none,
882830d1d3fffff,Unincorporated,none,
882830d1d5fffff,Unincorporated,none,
882830d1d7fffff,Unincorporated,none,
882830d1d9fffff,Unincorporated,none,
882830d1dbfffff,Unincorporated,none,
882830d1ddfffff,Unincorporated,none,
882830d1e1fffff,Unincorporated,none,
882830d1e3fffff,Unincorporated,none,
882830d1e5fffff,Unincorporated,none,
882830d1e7fffff,Unincorporated,none,
882830d1e9fffff,Unincorporated,none,
882830d1ebfffff,Unincorporated,none,
882830d1edfffff,Unincorporated,none,
882830d281fffff,Unincorporated,none,
882830d283fffff,Unincorporated,none,
882830d285fffff,Unincorporated,none,
882830d287fffff,Unincorporated,none,
882830d28bfffff,Unincorporated,none,
882830d291fffff,San Ramon,city,0668378
882830d293fffff,San Ramon,city,0668378
882830d295fffff,San Ramon,city,0668378
882830d297fffff,San Ramon,city,0668378
882830d299fffff,San Ramon,city,0668378
882830d29bfffff,San Ramon,city,0668378
882830d29dfffff,San Ramon,city,0668378
882830d2a1fffff,Unincorporated,none,
882830d2a3fffff,San Ramon,city,0668378
882830d2a5fffff,Unincorporated,none,
882830d2a7fffff,Unincorporated,none,
882830d2a9fffff,Unincorporated,none,
882830d2abfffff,San Ramon,city,0668378
882830d2adfffff,Unincorporated,none,
882830d2b1fffff,San Ramon,city,0668378
882830d2b3fffff,San Ramon,city,0668378
882830d2b5fffff,San Ramon,city,0668378
882830d2b7fffff,San Ramon,city,0668378
882830d2b9fffff,San Ramon,city,0668378
882830d2bbfffff,San Ramon,city,0668378
882830d2bdfffff,San Ramon,city,0668378
882830d2d3fffff,San Ramon,city,0668378
882830d2d7fffff,San Ramon,city,0668378
882830d401fffff,Danville,city,0617988
882830d403fffff,Danville,city,0617988
882830d405fffff,Danville,city,0617988
882830d407fffff,Danville,city,0617988
882830d409fffff,Danville,city,0617988
882830d40bfffff,Danville,city,0617988
882830d40dfffff,Danville,city,0617988
882830d411fffff,Unincorporated,none,
882830d413fffff,Unincorporated,none,
882830d415fffff,Danville,city,0617988
882830d417fffff,Alamo,cdp,0600618
882830d419fffff,Unincorporated,none,
882830d41bfffff,Unincorporated,none,
882830d41dfffff,Danville,city,0617988
882830d421fffff,Danville,city,0617988
882830d423fffff,Danville,city,0617988
882830d425fffff,Danville,city,0617988
882830d427fffff,Danville,city,0617988
882830d429fffff,Danville,city,0617988
882830d42bfffff,Danville,city,0617988
882830d42dfffff,Danville,city,0617988
882830d431fffff,Danville,city,0617988
882830d433fffff,Danville,city,0617988
882830d435fffff,Alamo,cdp,0600618
882830d437fffff,Alamo,cdp,0600618
882830d439fffff,Danville,city,0617988
882830d43bfffff,Danville,city,0617988
882830d43dfffff,Danville,city,0617988
882830d441fffff,Unincorporated,none,
882830d443fffff,Unincorporated,none,
882830d445fffff,Danville,city,0617988
882830d447fffff,Danville,city,0617988
882830d449fffff,Unincorporated,none,
882830d44bfffff,Unincorporated,none,
882830d44dfffff,Unincorporated,none,
882830d451fffff,Unincorporated,none,
882830d453fffff,Unincorporated,none,
882830d455fffff,Unincorporated,none,
882830d457fffff,Danville,city,0617988
882830d459fffff,Unincorporated,none,
882830d45bfffff,Unincorporated,none,
882830d45dfffff,Unincorporated,none,
882830d461fffff,Danville,city,0617988
882830d463fffff,Danville,city,0617988
882830d465fffff,Danville,city,0617988
882830d467fffff,Danville,city,0617988
882830d469fffff,Danville,city,0617988
882830d46bfffff,Danville,city,0617988
882830d46dfffff,Danville,city,0617988
882830d481fffff,Walnut Creek,city,0683346
882830d483fffff,Walnut Creek,city,0683346
882830d485fffff,Alamo,cdp,0600618
882830d487fffff,Alamo,cdp,0600618
882830d489fffff,Walnut Creek,city,0683346
882830d48bfffff,Walnut Creek,city,0683346
882830d48dfffff,Alamo,cdp,0600618
882830d491fffff,Walnut Creek,city,0683346
882830d493fffff,Lafayette,city,0639122
882830d495fffff,Walnut Creek,city,0683346
882830d497fffff,Walnut Creek,city,0683346
882830d499fffff,Lafayette,city,0639122
882830d49bfffff,Lafayette,city,0639122
882830d49dfffff,Walnut Creek,city,0683346
882830d4a1fffff,Walnut Creek,city,0683346
882830d4a3fffff,Walnut Creek,city,0683346
882830d4a5fffff,Walnut Creek,city,0683346
882830d4a7fffff,Walnut Creek,city,0683346
882830d4a9fffff,Alamo,cdp,0600618
882830d4abfffff,Alamo,cdp,0600618
882830d4adfffff,Alamo,cdp,0600618
882830d4b1fffff,Castle Hill,cdp,0611915
882830d4b3fffff,Walnut Creek,city,0683346
882830d4b5fffff,San Miguel,cdp,0668263
882830d4b7fffff,Walnut Creek,city,0683346
882830d4b9fffff,Castle Hill,cdp,0611915
882830d4bbfffff,Castle Hill,cdp,0611915
882830d4bdfffff,Alamo,cdp,0600618
882830d4c1fffff,Unincorporated,none,
882830d4c3fffff,Unincorporated,none,
882830d4c5fffff,Unincorporated,none,
882830d4c7fffff,Alamo,cdp,0600618
882830d4c9fffff,Unincorporated,none,
882830d4cbfffff,Unincorporated,none,
882830d4cdfffff,Unincorporated,none,
882830d4d1fffff,Unincorporated,none,
882830d4d3fffff,Lafayette,city,0639122
882830d4d5fffff,Unincorporated,none,
882830d4d7fffff,Unincorporated,none,
882830d4d9fffff,Unincorporated,none,
882830d4dbfffff,Unincorporated,none,
882830d4ddfffff,Unincorporated,none,
882830d4e1fffff,Alamo,cdp,0600618
882830d4e3fffff,Alamo,cdp,0600618
882830d4e5fffff,Alamo,cdp,0600618
882830d4e7fffff,Alamo,cdp,0600618
882830d4e9fffff,Alamo,cdp,0600618
882830d4ebfffff,Alamo,cdp,0600618
882830d4edfffff,Alamo,cdp,0600618
882830d501fffff,Blackhawk,cdp,0606928
882830d503fffff,Unincorporated,none,
882830d505fffff,Unincorporated,none,
882830d507fffff,Unincorporated,none,
882830d509fffff,Blackhawk,cdp,0606928
882830d50bfffff,Blackhawk,cdp,0606928
882830d50dfffff,Blackhawk,cdp,0606928
882830d511fffff,Diablo,cdp,0619150
882830d513fffff,Alamo,cdp,0600618
882830d515fffff,Unincorporated,none,
882830d517fffff,Diablo,cdp,0619150
882830d519fffff,Diablo,cdp,0619150
882830d51bfffff,Diablo,cdp,0619150
882830d51dfffff,Diablo,cdp,0619150
882830d521fffff,Unincorporated,none,
882830d523fffff,Unincorporated,none,
882830d525fffff,Unincorporated,none,
882830d527fffff,Unincorporated,none,
882830d529fffff,Unincorporated,none,
882830d52bfffff,Unincorporated,none,
882830d52dfffff,Unincorporated,none,
882830d531fffff,Unincorporated,none,
882830d533fffff,Unincorporated,none,
882830d535fffff,Unincorporated,none,
882830d537fffff,Unincorporated,none,
882830d539fffff,Unincorporated,none,
882830d53bfffff,Unincorporated,none,
882830d53dfffff,Unincorporated,none,
882830d541fffff,Danville,city,0617988
882830d543fffff,Danville,city,0617988
882830d545fffff,Blackhawk,cdp,0606928
882830d547fffff,Blackhawk,cdp,0606928
882830d549fffff,Danville,city,0617988
882830d54bfffff,Danville,city,0617988
882830d54dfffff,Blackhawk,cdp,0606928
882830d551fffff,Danville,city,0617988
882830d553fffff,Danville,city,0617988
882830d555fffff,Danville,city,0617988
882830d557fffff,Danville,city,0617988
882830d559fffff,Danville,city,0617988
882830d55bfffff,Danville,city,0617988
882830d55dfffff,Danville,city,0617988
882830d561fffff,Blackhawk,cdp,0606928
882830d563fffff,Unincorporated,none,
882830d565fffff,Unincorporated,none,
882830d567fffff,Unincorporated,none,
882830d569fffff,Blackhawk,cdp,0606928
882830d56bfffff,Blackhawk,cdp,0606928
882830d56dfffff,Blackhawk,cdp,0606928
882830d581fffff,Unincorporated,none,
882830d583fffff,Unincorporated,none,
882830d585fffff,Unincorporated,none,
882830d587fffff,Unincorporated,none,
882830d589fffff,Unincorporated,none,
882830d58bfffff,Unincorporated,none,
882830d58dfffff,Unincorporated,none,
882830d591fffff,Walnut Creek,city,0683346
882830d593fffff,Walnut Creek,city,0683346
882830d595fffff,Unincorporated,none,
882830d597fffff,Walnut Creek,city,0683346
882830d599fffff,Alamo,cdp,0600618
882830d59bfffff,Walnut Creek,city,0683346
882830d59dfffff,Unincorporated,none,
882830d5a1fffff,Unincorporated,none,
882830d5a3fffff,Unincorporated,none,
882830d5a5fffff,Unincorporated,none,
882830d5a7fffff,Unincorporated,none,
882830d5a9fffff,Unincorporated,none,
882830d5abfffff,Unincorporated,none,
882830d5adfffff,Unincorporated,none,
882830d5b1fffff,Unincorporated,none,
882830d5b3fffff,Unincorporated,none,
882830d5b5fffff,Unincorporated,none,
882830d5b7fffff,Unincorporated,none,
882830d5b9fffff,Unincorporated,none,
882830d5bbfffff,Unincorporated,none,
882830d5bdfffff,Unincorporated,none,
882830d5c1fffff,Alamo,cdp,0600618
882830d5c3fffff,Alamo,cdp,0600618
882830d5c5fffff,Alamo,cdp,0600618
882830d5c7fffff,Alamo,cdp,0600618
882830d5c9fffff,Danville,city,0617988
882830d5cbfffff,Alamo,cdp,0600618
882830d5cdfffff,Alamo,cdp,0600618
882830d5d1fffff,Alamo,cdp,0600618
882830d5d3fffff,Alamo,cdp,0600618
882830d5d5fffff,Alamo,cdp,0600618
882830d5d7fffff,Alamo,cdp,0600618
882830d5d9fffff,Alamo,cdp,0600618
882830d5dbfffff,Alamo,cdp,0600618
882830d5ddfffff,Alamo,cdp,0600618
882830d5e1fffff,Unincorporated,none,
882830d5e3fffff,Unincorporated,none,
882830d5e5fffff,Unincorporated,none,
882830d5e7fffff,Unincorporated,none,
882830d5e9fffff,Unincorporated,none,
882830d5ebfffff,Unincorporated,none,
882830d5edfffff,Unincorporated,none,
882830d60dfffff,Norris Canyon,cdp,0651622
882830d621fffff,San Ramon,city,0668378
882830d623fffff,Unincorporated,none,
882830d625fffff,San Ramon,city,0668378
882830d627fffff,San Ramon,city,0668378
882830d629fffff,Norris Canyon,cdp,0651622
882830d62bfffff,Unincorporated,none,
882830d62dfffff,San Ramon,city,0668378
882830d631fffff,Unincorporated,none,
882830d633fffff,Unincorporated,none,
882830d635fffff,Unincorporated,none,
882830d637fffff,Unincorporated,none,
882830d661fffff,Norris Canyon,cdp,0651622
882830d663fffff,Norris Canyon,cdp,0651622
882830d665fffff,Norris Canyon,cdp,0651622
882830d667fffff,Norris Canyon,cdp,0651622
882830d669fffff,Norris Canyon,cdp,0651622
882830d66bfffff,Norris Canyon,cdp,0651622
882830d66dfffff,Norris Canyon,cdp,0651622
882830d681fffff,Unincorporated,none,
882830d683fffff,Unincorporated,none,
882830d685fffff,Unincorporated,none,
882830d687fffff,Unincorporated,none,
882830d68bfffff,Unincorporated,none,
882830d691fffff,Unincorporated,none,
882830d693fffff,Unincorporated,none,
882830d695fffff,Unincorporated,none,
882830d697fffff,Unincorporated,none,
882830d699fffff,Unincorporated,none,
882830d69bfffff,Unincorporated,none,
882830d69dfffff,Unincorporated,none,
882830d6a1fffff,Unincorporated,none,
882830d6a3fffff,Unincorporated,none,
882830d6a5fffff,Unincorporated,none,
882830d6a7fffff,Unincorporated,none,
882830d6a9fffff,Unincorporated,none,
882830d6abfffff,Unincorporated,none,
882830d6adfffff,Unincorporated,none,
882830d6b1fffff,Unincorporated,none,
882830d6b3fffff,Unincorporated,none,
882830d6b5fffff,Unincorporated,none,
882830d6b7fffff,Unincorporated,none,
882830d6b9fffff,Unincorporated,none,
882830d6bbfffff,Unincorporated,none,
882830d6bdfffff,Unincorporated,none,
882830d6e3fffff,Unincorporated,none,
882830d6e5fffff,Unincorporated,none,
882830d6e7fffff,Unincorporated,none,
882830d701fffff,San Ramon,city,0668378
882830d703fffff,San Ramon,city,0668378
882830d705fffff,San Ramon,city,0668378
882830d707fffff,San Ramon,city,0668378
882830d709fffff,San Ramon,city,0668378
882830d70bfffff,San Ramon,city,0668378
882830d70dfffff,San Ramon,city,0668378
882830d711fffff,Danville,city,0617988
882830d713fffff,Danville,city,0617988
882830d715fffff,Danville,city,0617988
882830d717fffff,Danville,city,0617988
882830d719fffff,San Ramon,city,0668378
882830d71bfffff,San Ramon,city,0668378
882830d71dfffff,San Ramon,city,0668378
882830d721fffff,San Ramon,city,0668378
882830d723fffff,Danville,city,0617988
882830d725fffff,Danville,city,0617988
882830d727fffff,Danville,city,0617988
882830d729fffff,San Ramon,city,0668378
882830d72bfffff,San Ramon,city,0668378
882830d72dfffff,San Ramon,city,0668378
882830d731fffff,Danville,city,0617988
882830d733fffff,Danville,city,0617988
882830d735fffff,Danville,city,0617988
882830d737fffff,Danville,city,0617988
882830d739fffff,Danville,city,0617988
882830d73bfffff,Danville,city,0617988
882830d73dfffff,San Ramon,city,0668378
882830d741fffff,San Ramon,city,0668378
882830d743fffff,San Ramon,city,0668378
882830d745fffff,San Ramon,city,0668378
882830d747fffff,San Ramon,city,0668378
882830d749fffff,San Ramon,city,0668378
882830d74bfffff,San Ramon,city,0668378
882830d74dfffff,San Ramon,city,0668378
882830d751fffff,San Ramon,city,0668378
882830d753fffff,San Ramon,city,0668378
882830d755fffff,San Ramon,city,0668378
882830d757fffff,San Ramon,city,0668378
882830d759fffff,Unincorporated,none,
882830d75bfffff,San Ramon,city,0668378
882830d75dfffff,San Ramon,city,0668378
882830d761fffff,San Ramon,city,0668378
882830d763fffff,San Ramon,city,0668378
882830d765fffff,San Ramon,city,0668378
882830d767fffff,San Ramon,city,0668378
882830d769fffff,San Ramon,city,0668378
882830d76bfffff,San Ramon,city,0668378
882830d76dfffff,San Ramon,city,0668378
882830d801fffff,Unincorporated,none,
882830d803fffff,Unincorporated,none,
882830d805fffff,Unincorporated,none,
882830d807fffff,Unincorporated,none,
882830d809fffff,Unincorporated,none,
882830d80bfffff,Unincorporated,none,
882830d80dfffff,Unincorporated,none,
882830d811fffff,Unincorporated,none,
882830d813fffff,Unincorporated,none,
882830d815fffff,Unincorporated,none,
882830d817fffff,Unincorporated,none,
882830d819fffff,Unincorporated,none,
882830d81bfffff,Unincorporated,none,
882830d81dfffff,Unincorporated,none,
882830d821fffff,Unincorporated,none,
882830d823fffff,Unincorporated,none,
882830d825fffff,Byron,cdp,0609346
882830d827fffff,Byron,cdp,0609346
882830d829fffff,Unincorporated,none,
882830d82bfffff,Unincorporated,none,
882830d82dfffff,Unincorporated,none,
882830d831fffff,Unincorporated,none,
882830d833fffff,Unincorporated,none,
882830d835fffff,Byron,cdp,0609346
882830d837fffff,Byron,cdp,0609346
882830d839fffff,Unincorporated,none,
882830d83bfffff,Unincorporated,none,
882830d83dfffff,Unincorporated,none,
882830d841fffff,Unincorporated,none,
882830d843fffff,Unincorporated,none,
882830d845fffff,Unincorporated,none,
882830d847fffff,Unincorporated,none,
882830d849fffff,Unincorporated,none,
882830d84bfffff,Unincorporated,none,
882830d84dfffff,Unincorporated,none,
882830d851fffff,Unincorporated,none,
882830d853fffff,Unincorporated,none,
882830d855fffff,Unincorporated,none,
882830d857fffff,Unincorporated,none,
882830d859fffff,Unincorporated,none,
882830d85bfffff,Unincorporated,none,
882830d85dfffff,Unincorporated,none,
882830d861fffff,Unincorporated,none,
882830d863fffff,Unincorporated,none,
882830d865fffff,Unincorporated,none,
882830d867fffff,Unincorporated,none,
882830d869fffff,Unincorporated,none,
882830d86bfffff,Unincorporated,none,
882830d86dfffff,Unincorporated,none,
882830d881fffff,Unincorporated,none,
882830d883fffff,Unincorporated,none,
882830d885fffff,Unincorporated,none,
882830d887fffff,Unincorporated,none,
882830d889fffff,Unincorporated,none,
882830d88bfffff,Unincorporated,none,
882830d88dfffff,Unincorporated,none,
882830d891fffff,Unincorporated,none,
882830d893fffff,Unincorporated,none,
882830d895fffff,Brentwood,city,0608142
882830d897fffff,Brentwood,city,0608142
882830d899fffff,Unincorporated,none,
882830d89bfffff,Unincorporated,none,
882830d89dfffff,Unincorporated,none,
882830d8a1fffff,Unincorporated,none,
882830d8a3fffff,Unincorporated,none,
882830d8a5fffff,Unincorporated,none,
882830d8a7fffff,Unincorporated,none,
882830d8a9fffff,Unincorporated,none,
882830d8abfffff,Unincorporated,none,
882830d8adfffff,Unincorporated,none,
882830d8b1fffff,Unincorporated,none,
882830d8b3fffff,Brentwood,city,0608142
882830d8b5fffff,Unincorporated,none,
882830d8b7fffff,Unincorporated,none,
882830d8b9fffff,Unincorporated,none,
882830d8bbfffff,Brentwood,city,0608142
882830d8bdfffff,Unincorporated,none,
882830d8c1fffff,Unincorporated,none,
882830d8c3fffff,Unincorporated,none,
882830d8c5fffff,Unincorporated,none,
882830d8c7fffff,Unincorporated,none,
882830d8c9fffff,Unincorporated,none,
882830d8cbfffff,Unincorporated,none,
882830d8cdfffff,Unincorporated,none,
882830d8d1fffff,Unincorporated,none,
882830d8d3fffff,Unincorporated,none,
882830d8d5fffff,Unincorporated,none,
882830d8d7fffff,Unincorporated,none,
882830d8d9fffff,Unincorporated,none,
882830d8dbfffff,Unincorporated,none,
882830d8ddfffff,Unincorporated,none,
882830d8e1fffff,Unincorporated,none,
882830d8e3fffff,Unincorporated,none,
882830d8e5fffff,Unincorporated,none,
882830d8e7fffff,Unincorporated,none,
882830d8e9fffff,Unincorporated,none,
882830d8ebfffff,Unincorporated,none,
882830d8edfffff,Unincorporated,none,
882830d901fffff,Unincorporated,none,
882830d903fffff,Unincorporated,none,
882830d905fffff,Unincorporated,none,
882830d907fffff,Unincorporated,none,
882830d909fffff,Unincorporated,none,
882830d90bfffff,Unincorporated,none,
882830d90dfffff,Unincorporated,none,
882830d911fffff,Unincorporated,none,
882830d913fffff,Byron,cdp,0609346
882830d915fffff,Unincorporated,none,
882830d917fffff,Unincorporated,none,
882830d919fffff,Unincorporated,none,
882830d91bfffff,Byron,cdp,0609346
882830d91dfffff,Unincorporated,none,
882830d929fffff,Unincorporated,none,
882830d92bfffff,Unincorporated,none,
882830d92dfffff,Unincorporated,none,
882830d931fffff,Unincorporated,none,
882830d933fffff,Unincorporated,none,
882830d935fffff,Unincorporated,none,
882830d937fffff,Unincorporated,none,
882830d939fffff,Unincorporated,none,
882830d93bfffff,Unincorporated,none,
882830d93dfffff,Unincorporated,none,
882830d941fffff,Unincorporated,none,
882830d943fffff,Unincorporated,none,
882830d945fffff,Unincorporated,none,
882830d947fffff,Unincorporated,none,
882830d949fffff,Unincorporated,none,
882830d94bfffff,Unincorporated,none,
882830d94dfffff,Unincorporated,none,
882830d951fffff,Unincorporated,none,
882830d953fffff,Byron,cdp,0609346
882830d955fffff,Unincorporated,none,
882830d957fffff,Unincorporated,none,
882830d959fffff,Unincorporated,none,
882830d95bfffff,Unincorporated,none,
882830d95dfffff,Unincorporated,none,
882830d961fffff,Unincorporated,none,
882830d963fffff,Unincorporated,none,
882830d965fffff,Unincorporated,none,
882830d967fffff,Unincorporated,none,
882830d969fffff,Unincorporated,none,
882830d96bfffff,Unincorporated,none,
882830d96dfffff,Unincorporated,none,
882830d981fffff,Unincorporated,none,
882830d983fffff,Unincorporated,none,
882830d985fffff,Unincorporated,none,
882830d987fffff,Unincorporated,none,
882830d989fffff,Byron,cdp,0609346
882830d98bfffff,Byron,cdp,0609346
882830d98dfffff,Discovery Bay,cdp,0619339
882830d991fffff,Unincorporated,none,
882830d993fffff,Unincorporated,none,
882830d995fffff,Unincorporated,none,
882830d997fffff,Unincorporated,none,
882830d999fffff,Unincorporated,none,
882830d99bfffff,Unincorporated,none,
882830d99dfffff,Unincorporated,none,
882830d9a1fffff,Discovery Bay,cdp,0619339
882830d9a3fffff,Discovery Bay,cdp,0619339
882830d9a5fffff,Discovery Bay,cdp,0619339
882830d9a7fffff,Discovery Bay,cdp,0619339
882830d9a9fffff,Discovery Bay,cdp,0619339
882830d9abfffff,Discovery Bay,cdp,0619339
882830d9adfffff,Discovery Bay,cdp,0619339
882830d9b1fffff,Unincorporated,none,
882830d9b3fffff,Unincorporated,none,
882830d9b5fffff,Unincorporated,none,
882830d9b7fffff,Unincorporated,none,
882830d9b9fffff,Unincorporated,none,
882830d9bbfffff,Unincorporated,none,
882830d9bdfffff,Unincorporated,none,
882830d9c1fffff,Byron,cdp,0609346
882830d9c3fffff,Byron,cdp,0609346
882830d9c5fffff,Byron,cdp,0609346
882830d9c7fffff,Byron,cdp,0609346
882830d9c9fffff,Byron,cdp,0609346
882830d9cbfffff,Byron,cdp,0609346
882830d9cdfffff,Byron,cdp,0609346
882830d9d1fffff,Byron,cdp,0609346
882830d9d3fffff,Byron,cdp,0609346
882830d9d5fffff,Byron,cdp,0609346
882830d9d7fffff,Byron,cdp,0609346
882830d9d9fffff,Unincorporated,none,
882830d9dbfffff,Byron,cdp,0609346
882830d9ddfffff,Byron,cdp,0609346
882830d9e1fffff,Unincorporated,none,
882830d9e3fffff,Discovery Bay,cdp,0619339
882830d9e5fffff,Discovery Bay,cdp,0619339
882830d9e7fffff,Discovery Bay,cdp,0619339
882830d9e9fffff,Unincorporated,none,
882830d9ebfffff,Unincorporated,none,
882830d9edfffff,Unincorporated,none,
882830da01fffff,Unincorporated,none,
882830da03fffff,Unincorporated,none,
882830da05fffff,Unincorporated,none,
882830da07fffff,Unincorporated,none,
882830da0bfffff,Unincorporated,none,
882830da11fffff,Unincorporated,none,
882830da13fffff,Unincorporated,none,
882830da15fffff,Unincorporated,none,
882830da17fffff,Unincorporated,none,
882830da19fffff,Unincorporated,none,
882830da1bfffff,Unincorporated,none,
882830da1dfffff,Unincorporated,none,
882830da21fffff,Unincorporated,none,
882830da23fffff,Unincorporated,none,
882830da25fffff,Unincorporated,none,
882830da27fffff,Unincorporated,none,
882830da29fffff,Unincorporated,none,
882830da2bfffff,Unincorporated,none,
882830da2dfffff,Unincorporated,none,
882830da31fffff,Unincorporated,none,
882830da33fffff,Unincorporated,none,
882830da35fffff,Unincorporated,none,
882830da37fffff,Unincorporated,none,
882830da39fffff,Unincorporated,none,
882830da3bfffff,Unincorporated,none,
882830da3dfffff,Unincorporated,none,
882830da53fffff,Unincorporated,none,
882830da57fffff,Unincorporated,none,
882830da81fffff,Unincorporated,none,
882830da83fffff,Unincorporated,none,
882830da85fffff,Unincorporated,none,
882830da87fffff,Unincorporated,none,
882830da89fffff,Unincorporated,none,
882830da8bfffff,Unincorporated,none,
882830da8dfffff,Unincorporated,none,
882830da91fffff,Unincorporated,none,
882830da93fffff,Unincorporated,none,
882830da95fffff,Unincorporated,none,
882830da97fffff,Unincorporated,none,
882830da99fffff,Unincorporated,none,
882830da9bfffff,Unincorporated,none,
882830da9dfffff,Unincorporated,none,
882830daa1fffff,Unincorporated,none,
882830daa3fffff,Unincorporated,none,
882830daa5fffff,Unincorporated,none,
882830daa7fffff,Unincorporated,none,
882830daa9fffff,Unincorporated,none,
882830daabfffff,Unincorporated,none,
882830daadfffff,Unincorporated,none,
882830dab1fffff,Unincorporated,none,
882830dab3fffff,Unincorporated,none,
882830dab5fffff,Unincorporated,none,
882830dab7fffff,Unincorporated,none,
882830dab9fffff,Unincorporated,none,
882830dabbfffff,Unincorporated,none,
882830dabdfffff,Unincorporated,none,
882830dac1fffff,Unincorporated,none,
882830dac3fffff,Unincorporated,none,
882830dac5fffff,Unincorporated,none,
882830dac7fffff,Unincorporated,none,
882830dac9fffff,Unincorporated,none,
882830dacbfffff,Unincorporated,none,
882830dacdfffff,Unincorporated,none,
882830dad1fffff,Unincorporated,none,
882830dad3fffff,Unincorporated,none,
882830dad5fffff,Unincorporated,none,
882830dad7fffff,Unincorporated,none,
882830dad9fffff,Unincorporated,none,
882830dadbfffff,Unincorporated,none,
882830daddfffff,Unincorporated,none,
882830dae1fffff,Unincorporated,none,
882830dae3fffff,Unincorporated,none,
882830dae5fffff,Unincorporated,none,
882830dae7fffff,Unincorporated,none,
882830dae9fffff,Unincorporated,none,
882830daebfffff,Unincorporated,none,
882830daedfffff,Unincorporated,none,
882830db03fffff,Unincorporated,none,
882830db07fffff,Unincorporated,none,
882830db11fffff,Unincorporated,none,
882830db13fffff,Unincorporated,none,
882830db15fffff,Unincorporated,none,
882830db17fffff,Unincorporated,none,
882830db19fffff,Unincorporated,none,
882830db1bfffff,Unincorporated,none,
882830db1dfffff,Unincorporated,none,
882830db21fffff,Unincorporated,none,
882830db23fffff,Unincorporated,none,
882830db25fffff,Unincorporated,none,
882830db27fffff,Unincorporated,none,
882830db2bfffff,Unincorporated,none,
882830db31fffff,Unincorporated,none,
882830db33fffff,Unincorporated,none,
882830db35fffff,Unincorporated,none,
882830db37fffff,Unincorporated,none,
882830db39fffff,Unincorporated,none,
882830db3bfffff,Unincorporated,none,
882830db3dfffff,Unincorporated,none,
882830db53fffff,Unincorporated,none,
882830db57fffff,Unincorporated,none,
8828346d85fffff,Unincorporated,none,
8828346d87fffff,Unincorporated,none,
8828346d95fffff,Norris Canyon,cdp,0651622
8828346d97fffff,Norris Canyon,cdp,0651622
8828346da1fffff,San Ramon,city,0668378
8828346da3fffff,San Ramon,city,0668378
8828346da5fffff,San Ramon,city,0668378
8828346da7fffff,San Ramon,city,0668378
8828346da9fffff,Unincorporated,none,
8828346dabfffff,Unincorporated,none,
8828346dadfffff,San Ramon,city,0668378
8828346db1fffff,Norris Canyon,cdp,0651622
8828346db3fffff,Norris Canyon,cdp,0651622
8828346db5fffff,San Ramon,city,0668378
8828346db7fffff,Unincorporated,none,
8828346db9fffff,Norris Canyon,cdp,0651622
8828346dbbfffff,Norris Canyon,cdp,0651622
8828346dbdfffff,Norris Canyon,cdp,0651622
882836265bfffff,Unincorporated,none,
8828362681fffff,Unincorporated,none,
8828362683fffff,Unincorporated,none,
882836268bfffff,Unincorporated,none,
8828362691fffff,Unincorporated,none,
8828362693fffff,Unincorporated,none,
8828362695fffff,Unincorporated,none,
8828362697fffff,Unincorporated,none,
8828362699fffff,Unincorporated,none,
882836269bfffff,Unincorporated,none,
882836269dfffff,Unincorporated,none,
88283626b3fffff,Unincorporated,none,
88283626b9fffff,Unincorporated,none,
88283626bbfffff,Unincorporated,none,
88283626c3fffff,Unincorporated,none,
88283626c9fffff,Unincorporated,none,
88283626cbfffff,Unincorporated,none,
88283626d1fffff,Unincorporated,none,
88283626d3fffff,Unincorporated,none,
88283626d5fffff,Unincorporated,none,
88283626d7fffff,Unincorporated,none,
88283626d9fffff,Unincorporated,none,
88283626dbfffff,Unincorporated,none,
88283626ddfffff,Unincorporated,none,
8828363499fffff,Unincorporated,none,
882836349bfffff,Unincorporated,none,
88283634d1fffff,Unincorporated,none,
88283634d3fffff,Unincorporated,none,
88283634d9fffff,Unincorporated,none,
88283634dbfffff,Unincorporated,none,
88283634ddfffff,Unincorporated,none,
8828363659fffff,Unincorporated,none,
882836365bfffff,Unincorporated,none,
8828363681fffff,Discovery Bay,cdp,0619339
8828363683fffff,Unincorporated,none,
8828363687fffff,Unincorporated,none,
8828363689fffff,Discovery Bay,cdp,0619339
882836368bfffff,Discovery Bay,cdp,0619339
8828363691fffff,Unincorporated,none,
8828363693fffff,Unincorporated,none,
8828363695fffff,Unincorporated,none,
8828363697fffff,Unincorporated,none,
8828363699fffff,Discovery Bay,cdp,0619339
882836369bfffff,Unincorporated,none,
882836369dfffff,Discovery Bay,cdp,0619339
88283636b1fffff,Unincorporated,none,
88283636b3fffff,Unincorporated,none,
88283636b7fffff,Unincorporated,none,
88283636b9fffff,Unincorporated,none,
88283636bbfffff,Unincorporated,none,
88283636bdfffff,Unincorporated,none,
88283636c1fffff,Discovery Bay,cdp,0619339
88283636c3fffff,Discovery Bay,cdp,0619339
88283636cbfffff,Discovery Bay,cdp,0619339
88283636d1fffff,Discovery Bay,cdp,0619339
88283636d3fffff,Discovery Bay,cdp,0619339
88283636d5fffff,Discovery Bay,cdp,0619339
88283636d7fffff,Discovery Bay,cdp,0619339
88283636d9fffff,Discovery Bay,cdp,0619339
88283636dbfffff,Discovery Bay,cdp,0619339
88283636ddfffff,Discovery Bay,cdp,0619339
882836ac91fffff,Unincorporated,none,
882836ac93fffff,Unincorporated,none,
882836ac95fffff,Unincorporated,none,
882836ac97fffff,Unincorporated,none,
882836ac99fffff,Unincorporated,none,
882836ac9bfffff,Unincorporated,none,
882836ac9dfffff,Unincorporated,none,
882836acb3fffff,Unincorporated,none,
882836acbbfffff,Unincorporated,none,
