h3,name,holc,access_min,access_km,street_m,access_src,access_snap_m,access_quality
8828301001fffff,Waterstone Terrace SW 2,,46.6,3.73,1002.0,routed,436.0,approach-review
8828301003fffff,Crockett SE 3,,43.4,3.47,2573.0,routed,551.0,approach-review
8828301005fffff,Benicia,,32.8,2.63,281.0,routed,173.0,approach-review
8828301007fffff,Waterstone Terrace SW,,33.5,2.68,1826.0,routed,134.0,approach-review
8828301009fffff,Rancho Benicia SW 5,,60.8,4.86,1107.0,routed,536.0,approach-review
882830100bfffff,Crockett SE 4,,59.9,4.79,744.0,routed,638.0,approach-review
882830100dfffff,Rancho Benicia SW 2,,51.6,4.13,0.0,routed,394.0,approach-review
8828301011fffff,Crockett,,16.0,1.28,2513.0,routed,307.0,approach-review
8828301013fffff,Alexander Park,,0.6,0.05,10850.0,routed,25.0,network-estimate
8828301015fffff,Crockett E 2,,26.3,2.1,2534.0,routed,346.0,approach-review
8828301017fffff,Crockett E,,12.8,1.02,6418.0,routed,152.0,approach-review
8828301019fffff,Crockett S,,29.9,2.39,1270.0,routed,232.0,approach-review
882830101bfffff,Valona S,,13.4,1.07,759.0,routed,349.0,approach-review
882830101dfffff,Crockett SE,,32.5,2.6,199.0,routed,490.0,approach-review
8828301029fffff,Rancho Benicia,,42.7,3.41,355.0,routed,929.0,approach-review
882830102bfffff,Waterstone Terrace,,40.2,3.21,0.0,routed,780.0,approach-review
8828301031fffff,Hampton Bay,,50.6,4.04,0.0,routed,1059.0,approach-review
8828301039fffff,Aqua Vista Condominium SW,,39.6,3.17,0.0,routed,243.0,approach-review
882830103bfffff,Glen Cove SE,,33.5,2.68,11.0,routed,505.0,approach-review
882830103dfffff,Aqua Vista Condominium,,40.8,3.26,0.0,routed,765.0,approach-review
8828301041fffff,Rancho Benicia SW 6,,63.8,5.1,1117.0,routed,315.0,approach-review
8828301043fffff,Crockett SE 6,,64.0,5.12,786.0,routed,186.0,approach-review
8828301045fffff,Martinez W 7,,45.9,3.67,1177.0,routed,475.0,approach-review
8828301047fffff,Rancho Benicia SW 4,,64.1,5.13,1040.0,routed,360.0,approach-review
8828301049fffff,Martinez W 10,,87.5,7.0,102.0,routed,606.0,approach-review
882830104bfffff,Crockett SE 7,,77.7,6.22,1487.0,routed,53.0,network-estimate
882830104dfffff,Martinez W 8,,61.7,4.93,364.0,routed,576.0,approach-review
8828301051fffff,Crockett S 3,,47.9,3.83,0.0,routed,545.0,approach-review
8828301053fffff,Crockett S 2,,37.7,3.02,0.0,routed,548.0,approach-review
8828301055fffff,Crockett SE 5,,52.2,4.17,0.0,routed,578.0,approach-review
8828301057fffff,Crockett SE 2,,42.7,3.41,502.0,routed,336.0,approach-review
8828301059fffff,Crockett S 5,,71.2,5.7,0.0,routed,319.0,approach-review
882830105bfffff,Valona S 4,,59.5,4.76,0.0,routed,309.0,approach-review
882830105dfffff,Crockett S 4,,71.9,5.75,0.0,routed,820.0,approach-review
8828301061fffff,Rancho Benicia S 3,,47.4,3.79,607.0,routed,369.0,approach-review
8828301063fffff,Rancho Benicia SW,,36.3,2.91,0.0,routed,422.0,approach-review
8828301065fffff,Rancho Benicia S 2,,26.3,2.11,0.0,routed,1125.0,approach-review
8828301067fffff,Rancho Benicia S,,41.7,3.34,0.0,routed,1246.0,approach-review
8828301069fffff,Martinez W 4,,37.8,3.02,360.0,routed,223.0,approach-review
882830106bfffff,Rancho Benicia SW 3,,51.7,4.14,0.0,routed,59.0,network-estimate
882830106dfffff,Martinez NW 3,,17.4,1.39,1300.0,routed,630.0,approach-review
88283010c1fffff,Valona W,,19.1,1.53,2456.0,routed,240.0,approach-review
88283010c3fffff,Carquinez Highlands Mobile Home Park SW,,32.5,2.6,0.0,routed,505.0,approach-review
88283010c5fffff,Valona N,,11.7,0.94,1674.0,routed,270.0,approach-review
88283010c7fffff,Carquinez Highlands Mobile Home Park,,24.1,1.93,0.0,routed,958.0,approach-review
88283010c9fffff,Valona W 2,,36.9,2.95,1172.0,routed,414.0,approach-review
88283010cbfffff,Bayo Vista NE 2,,35.3,2.82,887.0,routed,235.0,approach-review
88283010cdfffff,Valona,,13.7,1.1,5674.0,routed,283.0,approach-review
88283010d1fffff,Bay Village Apartments,,47.8,3.82,0.0,routed,1675.0,approach-review
88283010d9fffff,Bayo Vista N 2,,38.0,3.04,0.0,routed,948.0,approach-review
88283010dbfffff,Bayo Vista N 4,,49.4,3.95,0.0,routed,1853.0,approach-review
88283010ddfffff,Bayo Vista N 3,,43.3,3.46,0.0,routed,627.0,approach-review
88283010e9fffff,Crockett N,,10.1,0.8,60.0,routed,489.0,approach-review
88283010edfffff,Glen Cove,,22.3,1.78,496.0,routed,989.0,approach-review
882830110dfffff,Maingate Townhomes E 2,,89.9,7.19,0.0,routed,1073.0,approach-review
8828301141fffff,Mountain View N 3,,38.2,3.06,1834.0,routed,179.0,approach-review
8828301143fffff,Maingate Townhomes SE 2,,41.1,3.29,0.0,routed,341.0,approach-review
8828301145fffff,Vine Hill N 4,,66.5,5.32,0.0,routed,419.0,approach-review
8828301147fffff,Maingate Townhomes E,,50.7,4.06,0.0,routed,839.0,approach-review
8828301149fffff,Mountain View N 2,,23.7,1.89,4130.0,routed,74.0,network-estimate
882830114bfffff,Martinez NE 2,,28.7,2.3,0.0,routed,196.0,approach-review
882830114dfffff,Mountain View NE 2,,35.7,2.86,1615.0,routed,408.0,approach-review
8828301159fffff,Maingate Townhomes,,25.6,2.05,0.0,routed,605.0,approach-review
882830115dfffff,Maingate Townhomes SE,,28.9,2.31,185.0,routed,346.0,approach-review
8828301161fffff,Vine Hill N 7,,79.8,6.38,170.0,routed,981.0,approach-review
8828301163fffff,Maingate Townhomes E 4,,88.6,7.09,0.0,routed,1002.0,approach-review
8828301165fffff,Vine Hill N 8,,92.2,7.38,0.0,routed,1650.0,approach-review
8828301167fffff,Maingate Townhomes E 5,,91.6,7.33,0.0,routed,1932.0,approach-review
8828301169fffff,Vine Hill N 5,,67.9,5.43,0.0,routed,48.0,network-estimate
882830116bfffff,Maingate Townhomes E 3,,78.5,6.28,0.0,routed,158.0,approach-review
882830116dfffff,Vine Hill N 6,,73.7,5.9,910.0,routed,843.0,approach-review
8828301201fffff,Carriage Hills North E 6,,80.9,6.47,0.0,routed,494.0,approach-review
8828301203fffff,Carriage Hills North NE 8,,61.8,4.94,0.0,routed,454.0,approach-review
8828301205fffff,Carriage Hills North E 8,,116.6,9.33,160.0,routed,328.0,approach-review
8828301207fffff,Carriage Hills North NE 12,,63.8,5.1,0.0,routed,687.0,approach-review
8828301209fffff,Carriage Hills North E 5,,71.0,5.68,790.0,routed,269.0,approach-review
882830120bfffff,Carriage Hills North E 4,,58.9,4.71,0.0,routed,150.0,approach-review
882830120dfffff,Carriage Hills North E 7,,91.4,7.31,1002.0,routed,383.0,approach-review
8828301211fffff,Carriage Hills North NE 6,,26.9,2.16,3924.0,routed,247.0,approach-review
8828301213fffff,Carriage Hills North N 4,,12.0,0.96,8400.0,routed,96.0,network-estimate
8828301215fffff,Carriage Hills North NE 7,,33.4,2.67,0.0,routed,538.0,approach-review
8828301217fffff,Carriage Hills North NE 9,,26.4,2.11,943.0,routed,480.0,approach-review
8828301219fffff,Carriage Hills North NE 3,,38.5,3.08,0.0,routed,467.0,approach-review
882830121bfffff,Carriage Hills North N 3,,27.0,2.16,687.0,routed,126.0,approach-review
882830121dfffff,Carriage Hills North NE 5,,41.2,3.3,0.0,routed,298.0,approach-review
8828301221fffff,Martinez SW 10,,80.3,6.42,0.0,routed,487.0,approach-review
8828301223fffff,Martinez W 11,,83.7,6.7,450.0,routed,839.0,approach-review
8828301225fffff,Martinez SW 9,,66.7,5.34,831.0,routed,222.0,approach-review
8828301227fffff,Martinez W 9,,73.8,5.9,395.0,routed,382.0,approach-review
8828301229fffff,Alhambra Valley W 15,,99.5,7.96,751.0,routed,540.0,approach-review
882830122bfffff,Carriage Hills North NE 15,,99.0,7.92,697.0,routed,501.0,approach-review
882830122dfffff,Alhambra Valley NW 6,,89.0,7.12,853.0,routed,219.0,approach-review
8828301231fffff,Carriage Hills North NE 13,,66.1,5.29,744.0,routed,505.0,approach-review
8828301233fffff,Alexandria Victoria By the Bay E 5,,60.8,4.86,0.0,routed,232.0,approach-review
8828301235fffff,Crockett S 7,,82.3,6.59,0.0,routed,640.0,approach-review
8828301237fffff,Crockett S 6,,72.6,5.81,313.0,routed,196.0,approach-review
8828301239fffff,Carriage Hills North NE 10,,53.2,4.26,0.0,routed,267.0,approach-review
882830123bfffff,Carriage Hills North NE 11,,40.1,3.21,0.0,routed,426.0,approach-review
882830123dfffff,Carriage Hills North NE 14,,67.9,5.43,878.0,routed,345.0,approach-review
8828301241fffff,Carriage Hills South E 6,,97.9,7.83,0.0,routed,415.0,approach-review
8828301243fffff,Carriage Hills South E 4,,83.9,6.71,0.0,routed,594.0,approach-review
8828301245fffff,Carriage Hills South E 9,,100.7,8.06,1219.0,routed,110.0,approach-review
8828301247fffff,Carriage Hills South E 7,,89.5,7.16,1484.0,routed,276.0,approach-review
8828301249fffff,Carriage Hills South E 5,,94.3,7.54,241.0,routed,600.0,approach-review
882830124bfffff,Carriage Hills South E 3,,102.0,8.16,0.0,routed,1187.0,approach-review
882830124dfffff,Carriage Hills South E 8,,109.1,8.73,1689.0,routed,233.0,approach-review
8828301251fffff,Carriage Hills North E 2,,63.7,5.1,0.0,routed,826.0,approach-review
8828301253fffff,Carriage Hills North NE,,58.3,4.66,1319.0,routed,220.0,approach-review
8828301255fffff,Carriage Hills North E 3,,76.8,6.14,852.0,routed,737.0,approach-review
8828301257fffff,Carriage Hills North NE 4,,51.8,4.15,998.0,routed,356.0,approach-review
8828301259fffff,Carriage Hills South E,,80.5,6.44,0.0,routed,214.0,approach-review
882830125bfffff,Carriage Hills North E,,72.5,5.8,1775.0,routed,339.0,approach-review
882830125dfffff,Carriage Hills South E 2,,93.3,7.46,0.0,routed,1126.0,approach-review
8828301261fffff,Alhambra Valley W 14,,112.2,8.97,1142.0,routed,368.0,approach-review
8828301263fffff,Carriage Hills North E 9,,111.0,8.88,138.0,routed,321.0,approach-review
8828301265fffff,Alhambra Valley W 10,,100.3,8.02,1513.0,routed,443.0,approach-review
8828301267fffff,Alhambra Valley W 13,,103.7,8.29,450.0,routed,757.0,approach-review
8828301269fffff,Carriage Hills South E 13,,107.4,8.6,957.0,routed,233.0,approach-review
882830126bfffff,Carriage Hills South E 10,,98.2,7.86,1151.0,routed,548.0,approach-review
882830126dfffff,Alhambra Valley W 11,,110.6,8.85,2129.0,routed,209.0,approach-review
8828301281fffff,Alexandria Victoria By the Bay E,,23.3,1.86,9097.0,routed,71.0,network-estimate
8828301283fffff,Alexandria Victoria By the Bay N,,14.3,1.14,12007.0,routed,140.0,approach-review
8828301285fffff,Alexandria Victoria By the Bay E 2,,34.8,2.78,6064.0,routed,85.0,network-estimate
8828301287fffff,Bayo Vista S,,22.8,1.82,6500.0,routed,50.0,network-estimate
8828301289fffff,Valley Oak Villas NE,,17.2,1.38,7459.0,routed,63.0,network-estimate
882830128bfffff,Alexandria Victoria By the Bay,,22.2,1.78,6068.0,routed,136.0,approach-review
882830128dfffff,Alexandria Victoria By the Bay SE,,23.3,1.87,6310.0,routed,136.0,approach-review
8828301291fffff,Dylan Apartment Homes N,,43.1,3.45,0.0,routed,749.0,approach-review
8828301293fffff,Dylan Apartment Homes NW,,32.5,2.6,0.0,routed,1634.0,approach-review
8828301295fffff,Rodeo W,,10.8,0.86,4192.0,routed,170.0,approach-review
8828301297fffff,Rodeo W 2,,16.3,1.31,0.0,routed,887.0,approach-review
8828301299fffff,Hercules,,25.9,2.07,1666.0,routed,171.0,approach-review
882830129bfffff,Hercules NW,,37.1,2.97,0.0,routed,1093.0,approach-review
882830129dfffff,Dylan Apartment Homes,,31.0,2.48,3920.0,routed,90.0,network-estimate
88283012a1fffff,Bayo Vista E 3,,48.2,3.86,344.0,routed,233.0,approach-review
88283012a3fffff,Bayo Vista E 2,,36.4,2.91,1274.0,routed,283.0,approach-review
88283012a5fffff,Valona S 2,,30.4,2.44,0.0,routed,658.0,approach-review
88283012a7fffff,Valona SW,,51.5,4.12,0.0,routed,205.0,approach-review
88283012a9fffff,Bayo Vista SE 2,,40.9,3.27,761.0,routed,363.0,approach-review
88283012abfffff,Bayo Vista SE,,37.3,2.98,0.0,routed,341.0,approach-review
88283012adfffff,Valona S 3,,60.1,4.81,0.0,routed,881.0,approach-review
88283012b1fffff,Bayo Vista,,15.6,1.25,2534.0,routed,98.0,network-estimate
88283012b3fffff,Bayo Vista NW,,29.2,2.34,0.0,routed,702.0,approach-review
88283012b5fffff,Bayo Vista NE,,29.1,2.33,1441.0,routed,280.0,approach-review
88283012b7fffff,Bayo Vista N,,28.6,2.28,609.0,routed,138.0,approach-review
88283012b9fffff,Rodeo,,5.4,0.43,12179.0,routed,149.0,approach-review
88283012bbfffff,Bayo Vista W,,8.3,0.67,1379.0,routed,292.0,approach-review
88283012bdfffff,Bayo Vista E,,22.1,1.77,630.0,routed,171.0,approach-review
88283012c1fffff,Valley Oak Villas SE,,17.7,1.42,4590.0,routed,306.0,approach-review
88283012c3fffff,Valley Oak Villas,,19.9,1.59,10167.0,routed,208.0,approach-review
88283012c5fffff,Valley Oak Villas E 2,,1.9,0.15,7677.0,routed,121.0,approach-review
88283012c7fffff,Valley Oak Villas E,,13.5,1.08,9299.0,routed,100.0,network-estimate
88283012c9fffff,Valley Oak Villas SE 2,,33.7,2.69,2758.0,routed,326.0,approach-review
88283012cbfffff,Westwood SE,,25.9,2.08,3552.0,routed,219.0,approach-review
88283012cdfffff,Valley Oak Villas SE 3,,14.3,1.14,371.0,routed,463.0,approach-review
88283012d1fffff,Glenwood,,16.0,1.28,11980.0,routed,129.0,approach-review
88283012d3fffff,Olympian Hills W,,22.4,1.79,8456.0,routed,134.0,approach-review
88283012d5fffff,Forest Past,,10.1,0.81,7967.0,routed,128.0,approach-review
88283012d7fffff,Olympian Hills,,22.8,1.83,10848.0,routed,143.0,approach-review
88283012d9fffff,Westwood SW,,10.2,0.81,6243.0,routed,47.0,network-estimate
88283012dbfffff,Pinole,,4.7,0.38,8791.0,routed,53.0,network-estimate
88283012ddfffff,Westwood,,22.2,1.77,4941.0,routed,110.0,approach-review
88283012e1fffff,Alexandria Victoria By the Bay E 4,,38.1,3.05,0.0,routed,484.0,approach-review
88283012e3fffff,Alexandria Victoria By the Bay E 3,,31.3,2.51,981.0,routed,518.0,approach-review
88283012e5fffff,Bayo Vista SE 4,,54.4,4.35,603.0,routed,422.0,approach-review
88283012e7fffff,Bayo Vista SE 3,,46.9,3.75,634.0,routed,601.0,approach-review
88283012e9fffff,Valley Oak Villas E 4,,22.0,1.76,3574.0,routed,256.0,approach-review
88283012ebfffff,Valley Oak Villas E 3,,24.4,1.95,3440.0,routed,330.0,approach-review
88283012edfffff,Valley Oak Villas E 5,,34.8,2.78,14.0,routed,463.0,approach-review
8828301301fffff,Martinez S 2,,20.5,1.64,6831.0,routed,116.0,approach-review
8828301303fffff,Martinez SW 2,,27.8,2.22,0.0,routed,187.0,approach-review
8828301305fffff,Mountain View SW,,5.9,0.47,8292.0,routed,172.0,approach-review
8828301307fffff,Martinez S,,6.6,0.53,8123.0,routed,73.0,network-estimate
8828301309fffff,Alhambra Valley N 3,,33.3,2.66,1202.0,routed,95.0,network-estimate
882830130bfffff,Martinez SW 5,,45.4,3.63,1708.0,routed,141.0,approach-review
882830130dfffff,Mountain View SW 2,,19.5,1.56,6128.0,routed,175.0,approach-review
8828301311fffff,Martinez W 3,,36.0,2.88,0.0,routed,465.0,approach-review
8828301313fffff,Martinez W 5,,35.4,2.83,469.0,routed,290.0,approach-review
8828301315fffff,Martinez SW 3,,22.9,1.83,0.0,routed,243.0,approach-review
8828301317fffff,Martinez W 2,,22.5,1.8,0.0,routed,433.0,approach-review
8828301319fffff,Martinez SW 7,,50.6,4.05,1388.0,routed,277.0,approach-review
882830131bfffff,Martinez W 6,,51.9,4.16,817.0,routed,606.0,approach-review
882830131dfffff,Martinez SW 4,,36.7,2.93,2522.0,routed,152.0,approach-review
8828301321fffff,Mountain View E,,13.3,1.07,8660.0,routed,58.0,network-estimate
8828301323fffff,Mountain View N,,9.4,0.75,5998.0,routed,162.0,approach-review
8828301325fffff,Vine Hill W,,28.9,2.31,4945.0,routed,143.0,approach-review
8828301327fffff,Mountain View NE,,23.4,1.87,1975.0,routed,161.0,approach-review
8828301329fffff,Mountain View S,,1.2,0.09,8968.0,routed,44.0,network-estimate
882830132bfffff,Mountain View,,12.7,1.01,11683.0,routed,87.0,network-estimate
882830132dfffff,Mountain View SE,,24.9,1.99,8403.0,routed,144.0,approach-review
8828301331fffff,Martinez NW,,4.6,0.37,12075.0,routed,26.0,network-estimate
8828301333fffff,Martinez NW 2,,13.4,1.07,0.0,routed,363.0,approach-review
8828301335fffff,Martinez NE,,13.5,1.08,4270.0,routed,64.0,network-estimate
8828301337fffff,Martinez N,,19.9,1.59,1283.0,routed,211.0,approach-review
8828301339fffff,Martinez SW,,11.4,0.91,6786.0,routed,115.0,approach-review
882830133bfffff,Martinez W,,8.4,0.67,1935.0,routed,72.0,network-estimate
882830133dfffff,Martinez,,4.6,0.37,13890.0,routed,51.0,network-estimate
8828301341fffff,Alhambra Valley NW,,52.7,4.22,2220.0,routed,215.0,approach-review
8828301343fffff,Alhambra Valley NW 2,,47.9,3.83,189.0,routed,430.0,approach-review
8828301345fffff,Alhambra Valley N,,40.7,3.25,3124.0,routed,174.0,approach-review
8828301347fffff,Alhambra Valley N 2,,37.9,3.04,620.0,routed,237.0,approach-review
8828301349fffff,Alhambra Valley W,,58.5,4.68,3792.0,routed,122.0,approach-review
882830134bfffff,Alhambra Valley W 2,,74.4,5.95,2507.0,routed,224.0,approach-review
882830134dfffff,Alhambra Valley,,47.2,3.78,4398.0,routed,67.0,network-estimate
8828301351fffff,Alhambra Valley NW 5,,70.7,5.66,0.0,routed,638.0,approach-review
8828301353fffff,Martinez SW 8,,62.4,5.0,179.0,routed,469.0,approach-review
8828301355fffff,Alhambra Valley NW 4,,51.3,4.1,182.0,routed,453.0,approach-review
8828301357fffff,Martinez SW 6,,53.6,4.29,1145.0,routed,482.0,approach-review
8828301359fffff,Alhambra Valley W 6,,93.8,7.51,783.0,routed,263.0,approach-review
882830135bfffff,Alhambra Valley W 9,,92.5,7.4,0.0,routed,287.0,approach-review
882830135dfffff,Alhambra Valley NW 3,,61.3,4.91,0.0,routed,536.0,approach-review
8828301361fffff,Traditions at the Meadow W,,41.5,3.32,4513.0,routed,89.0,network-estimate
8828301363fffff,Traditions at the Meadow NW 2,,11.2,0.89,5245.0,routed,61.0,network-estimate
8828301365fffff,Traditions at the Meadow,,11.9,0.95,10562.0,routed,94.0,network-estimate
8828301367fffff,Traditions at the Meadow NW,,15.3,1.22,8503.0,routed,69.0,network-estimate
8828301369fffff,Traditions at the Meadow SW 2,,38.9,3.11,4677.0,routed,207.0,approach-review
882830136bfffff,Traditions at the Meadow W 2,,28.3,2.26,8480.0,routed,57.0,network-estimate
882830136dfffff,Traditions at the Meadow SW,,23.7,1.89,8979.0,routed,64.0,network-estimate
8828301601fffff,Tara Hills Mobile Manor NW 27,,159.4,12.75,0.0,routed,4044.0,approach-review
8828301605fffff,Tara Hills Mobile Manor NW 24,,159.3,12.74,0.0,routed,4035.0,approach-review
8828301609fffff,Tara Hills Mobile Manor NW 25,,150.9,12.07,0.0,routed,3369.0,approach-review
882830160dfffff,Tara Hills Mobile Manor NW 20,,148.9,11.92,0.0,routed,3210.0,approach-review
8828301621fffff,Tara Hills Mobile Manor NW 26,,173.5,13.88,0.0,routed,5174.0,approach-review
8828301625fffff,Tara Hills Mobile Manor N 8,,178.8,14.3,0.0,routed,5595.0,approach-review
8828301627fffff,Farragut Village SW 11,,185.2,14.82,0.0,routed,6110.0,approach-review
8828301629fffff,Tara Hills Mobile Manor NW 22,,161.9,12.95,0.0,routed,4245.0,approach-review
882830162bfffff,Tara Hills Mobile Manor NW 28,,170.1,13.61,0.0,routed,4905.0,approach-review
882830162dfffff,Tara Hills Mobile Manor NW 21,,166.9,13.35,0.0,routed,4645.0,approach-review
8828301641fffff,Tara Hills Mobile Manor NW 17,,131.9,10.55,0.0,routed,2070.0,approach-review
8828301643fffff,Tara Hills Mobile Manor NW 23,,143.3,11.46,0.0,routed,2985.0,approach-review
8828301645fffff,Tara Hills Mobile Manor NW 14,,129.0,10.32,0.0,routed,1612.0,approach-review
8828301647fffff,Tara Hills Mobile Manor NW 19,,139.8,11.18,0.0,routed,2477.0,approach-review
8828301649fffff,San Marcos Apartments NW 8,,127.1,10.17,0.0,routed,1839.0,approach-review
882830164bfffff,San Marcos Apartments NW 10,,138.0,11.04,0.0,routed,2673.0,approach-review
882830164dfffff,Tara Hills Mobile Manor NW 12,,120.4,9.63,0.0,routed,1154.0,approach-review
8828301661fffff,Tara Hills Mobile Manor NW 13,,143.2,11.45,0.0,routed,2747.0,approach-review
8828301663fffff,Tara Hills Mobile Manor NW 18,,150.4,12.03,0.0,routed,3328.0,approach-review
8828301665fffff,Tara Hills Mobile Manor NW 11,,150.2,12.02,0.0,routed,3313.0,approach-review
8828301667fffff,Tara Hills Mobile Manor NW 16,,155.0,12.4,0.0,routed,3696.0,approach-review
8828301669fffff,Tara Hills Mobile Manor NW 10,,131.3,10.51,0.0,routed,1800.0,approach-review
882830166bfffff,Tara Hills Mobile Manor NW 15,,139.3,11.14,0.0,routed,2436.0,approach-review
882830166dfffff,Tara Hills Mobile Manor NW 8,,138.7,11.09,0.0,routed,2386.0,approach-review
8828301701fffff,Farragut Village SW 3,,59.9,4.8,0.0,routed,4423.0,approach-review
8828301703fffff,Farragut Village SW 4,,71.3,5.71,0.0,routed,5315.0,approach-review
8828301705fffff,Farragut Village SW 2,,54.2,4.33,0.0,routed,3847.0,approach-review
8828301707fffff,Farragut Village SW,,65.6,5.25,0.0,routed,4761.0,approach-review
8828301709fffff,Hercules NW 7,,57.2,4.58,0.0,routed,4185.0,approach-review
882830170bfffff,Farragut Village SW 6,,68.0,5.44,0.0,routed,5049.0,approach-review
882830170dfffff,Bayo Vista NW 8,,48.7,3.89,0.0,routed,3520.0,approach-review
8828301711fffff,Farragut Village SW 8,,90.1,7.21,0.0,routed,6818.0,approach-review
8828301713fffff,Farragut Village W,,131.1,10.49,0.0,routed,7452.0,approach-review
8828301715fffff,Farragut Village SW 5,,83.1,6.65,0.0,routed,6162.0,approach-review
8828301719fffff,Farragut Village SW 9,,110.8,8.86,0.0,routed,6010.0,approach-review
882830171bfffff,Farragut Village SW 10,,190.6,15.25,0.0,routed,6545.0,approach-review
882830171dfffff,Farragut Village SW 7,,79.0,6.32,0.0,routed,5929.0,approach-review
8828301729fffff,Farragut Village,,64.0,5.12,0.0,routed,3299.0,approach-review
8828301741fffff,Hercules NW 4,,57.3,4.58,0.0,routed,2916.0,approach-review
8828301743fffff,Hercules NW 6,,71.5,5.72,0.0,routed,3819.0,approach-review
8828301745fffff,Dylan Apartment Homes NW 2,,36.5,2.92,0.0,routed,2447.0,approach-review
8828301747fffff,Hercules NW 5,,46.9,3.75,0.0,routed,3266.0,approach-review
8828301749fffff,Bayside Apartment Homes N 2,,56.7,4.54,0.0,routed,2324.0,approach-review
882830174bfffff,Bayside Apartment Homes NW 4,,68.3,5.47,0.0,routed,3046.0,approach-review
882830174dfffff,Hercules NW 3,,45.9,3.67,0.0,routed,2006.0,approach-review
8828301751fffff,Bayside Apartment Homes NW 7,,89.1,7.13,0.0,routed,4713.0,approach-review
8828301753fffff,Bayside Apartment Homes NW 9,,173.7,13.9,0.0,routed,5192.0,approach-review
8828301755fffff,Hercules NW 8,,83.6,6.69,0.0,routed,4589.0,approach-review
8828301757fffff,Bayside Apartment Homes NW 8,,95.2,7.62,0.0,routed,5463.0,approach-review
8828301759fffff,Tara Hills Mobile Manor N 6,,82.3,6.59,0.0,routed,3735.0,approach-review
882830175bfffff,Tara Hills Mobile Manor N 7,,161.9,12.96,0.0,routed,4250.0,approach-review
882830175dfffff,Bayside Apartment Homes NW 6,,78.5,6.28,0.0,routed,3861.0,approach-review
8828301761fffff,Bayo Vista NW 4,,30.7,2.46,0.0,routed,2084.0,approach-review
8828301763fffff,Bayo Vista NW 7,,42.2,3.37,0.0,routed,2982.0,approach-review
8828301765fffff,Bayo Vista NW 3,,41.4,3.31,0.0,routed,1497.0,approach-review
8828301767fffff,Bayo Vista NW 5,,52.6,4.21,0.0,routed,2393.0,approach-review
8828301769fffff,Rodeo NW,,26.6,2.13,0.0,routed,1759.0,approach-review
882830176bfffff,Bayo Vista NW 6,,37.5,3.0,0.0,routed,2628.0,approach-review
882830176dfffff,Bayo Vista NW 2,,19.3,1.54,0.0,routed,1238.0,approach-review
8828301a09fffff,Clyde N 10,,121.4,9.71,0.0,routed,1027.0,approach-review
8828301a41fffff,Clyde N 4,,107.2,8.57,1227.0,routed,521.0,approach-review
8828301a43fffff,Clyde NW 7,,118.4,9.47,439.0,routed,598.0,approach-review
8828301a45fffff,Clyde N 5,,101.9,8.15,4687.0,routed,365.0,approach-review
8828301a47fffff,Clyde N 7,,110.6,8.85,2385.0,routed,345.0,approach-review
8828301a49fffff,Clyde NW 3,,90.1,7.21,958.0,routed,1039.0,approach-review
8828301a4bfffff,Clyde NW 5,,119.1,9.53,0.0,routed,1074.0,approach-review
8828301a4dfffff,Clyde N 2,,89.8,7.18,3286.0,routed,270.0,approach-review
8828301a51fffff,Clyde NW 11,,138.5,11.08,0.0,routed,2206.0,approach-review
8828301a55fffff,Clyde NW 10,,128.4,10.27,0.0,routed,1444.0,approach-review
8828301a57fffff,Clyde NW 13,,139.2,11.14,0.0,routed,2311.0,approach-review
8828301a59fffff,Clyde NW 9,,95.6,7.65,0.0,routed,1712.0,approach-review
8828301a5bfffff,Clyde NW 12,,104.1,8.33,0.0,routed,2395.0,approach-review
8828301a5dfffff,Clyde NW 8,,129.8,10.39,0.0,routed,1335.0,approach-review
8828301a61fffff,Clyde N 9,,131.5,10.52,0.0,routed,525.0,approach-review
8828301a65fffff,Shore Acres NW 10,,140.1,11.21,0.0,routed,1125.0,approach-review
8828301a69fffff,Clyde N 6,,113.0,9.04,1906.0,routed,293.0,approach-review
8828301a6bfffff,Clyde N 8,,114.8,9.18,2563.0,routed,165.0,approach-review
8828301a6dfffff,Shore Acres NW 9,,135.4,10.83,991.0,routed,509.0,approach-review
8828301b41fffff,Shore Acres N 5,,131.7,10.54,0.0,routed,2370.0,approach-review
8828301b49fffff,Shore Acres N 2,,121.7,9.74,0.0,routed,1569.0,approach-review
8828301b4bfffff,Shore Acres N 4,,132.7,10.62,0.0,routed,2059.0,approach-review
8828301b4dfffff,Shore Acres N 3,,121.3,9.71,0.0,routed,1957.0,approach-review
8828301b59fffff,Shore Acres NW 8,,147.4,11.79,0.0,routed,1560.0,approach-review
8828301b5dfffff,Shore Acres N 6,,141.9,11.35,0.0,routed,2299.0,approach-review
8828305245fffff,Edgewater Mobile Home Park,,179.2,14.33,1006.0,routed,3665.0,approach-review
8828305261fffff,The Willows At Bethel Island NW 20,,134.2,10.73,102.0,routed,4724.0,approach-review
8828305263fffff,Edgewater Mobile Home Park E 2,,144.8,11.59,491.0,routed,5534.0,approach-review
8828305265fffff,The Willows At Bethel Island NW 19,,134.4,10.75,1250.0,routed,4742.0,approach-review
8828305267fffff,The Willows At Bethel Island NW 21,,144.0,11.52,1091.0,routed,5513.0,approach-review
8828305269fffff,The Willows At Bethel Island NW 18,,125.2,10.02,813.0,routed,4006.0,approach-review
882830526bfffff,Edgewater Mobile Home Park E,,191.0,15.28,1323.0,routed,4611.0,approach-review
882830526dfffff,The Willows At Bethel Island NW 16,,123.9,9.91,987.0,routed,3904.0,approach-review
8828305341fffff,The Willows At Bethel Island N 16,,120.1,9.6,0.0,routed,5157.0,approach-review
8828305343fffff,The Willows At Bethel Island N 19,,125.9,10.07,93.0,routed,5627.0,approach-review
8828305345fffff,The Willows At Bethel Island N 18,,127.5,10.2,0.0,routed,5753.0,approach-review
8828305347fffff,The Willows At Bethel Island N 20,,131.9,10.56,0.0,routed,6108.0,approach-review
8828305349fffff,The Willows At Bethel Island N 12,,108.2,8.65,0.0,routed,4206.0,approach-review
882830534bfffff,The Willows At Bethel Island N 15,,114.1,9.13,0.0,routed,4682.0,approach-review
882830534dfffff,The Willows At Bethel Island N 13,,115.8,9.27,0.0,routed,4818.0,approach-review
8828305359fffff,The Willows At Bethel Island N 17,,137.0,10.96,681.0,routed,4948.0,approach-review
882830535bfffff,The Willows At Bethel Island N 22,,145.3,11.63,210.0,routed,5616.0,approach-review
8828305369fffff,The Willows At Bethel Island N 21,,136.0,10.88,0.0,routed,6436.0,approach-review
882830536dfffff,The Willows At Bethel Island NE 25,,145.6,11.65,0.0,routed,7156.0,approach-review
8828308801fffff,Orinda,,16.0,1.28,6205.0,routed,210.0,approach-review
8828308803fffff,Orinda NW,,14.9,1.19,7667.0,routed,56.0,network-estimate
8828308805fffff,Orinda NE,,30.7,2.46,3756.0,routed,188.0,approach-review
8828308807fffff,Orinda N,,22.2,1.78,5397.0,routed,244.0,approach-review
8828308809fffff,Orinda S,,18.8,1.5,8365.0,routed,181.0,approach-review
882830880bfffff,Orinda W,,6.7,0.53,970.0,routed,245.0,approach-review
882830880dfffff,Orinda E,,26.6,2.13,4214.0,routed,155.0,approach-review
8828308811fffff,Orinda NW 4,,12.1,0.97,6694.0,routed,94.0,network-estimate
8828308813fffff,Orinda NW 6,,10.7,0.86,1345.0,routed,284.0,approach-review
8828308815fffff,Orinda NW 3,,18.2,1.45,5478.0,routed,101.0,approach-review
8828308817fffff,Orinda NW 5,,21.3,1.7,4068.0,routed,80.0,network-estimate
8828308819fffff,Wilder NW 5,,34.2,2.74,5258.0,routed,137.0,approach-review
882830881bfffff,Wilder NW 6,,45.1,3.61,2849.0,routed,157.0,approach-review
882830881dfffff,Orinda NW 2,,16.1,1.29,5131.0,routed,122.0,approach-review
8828308821fffff,Orinda NE 4,,10.5,0.84,6978.0,routed,96.0,network-estimate
8828308823fffff,Orinda NE 5,,25.0,2.0,4476.0,routed,147.0,approach-review
8828308825fffff,Lafayette NW 3,,16.4,1.31,4612.0,routed,117.0,approach-review
8828308827fffff,Lafayette NW 6,,19.8,1.59,5951.0,routed,127.0,approach-review
8828308829fffff,Orinda NE 3,,13.0,1.04,7477.0,routed,82.0,network-estimate
882830882bfffff,Orinda NE 2,,26.1,2.09,6349.0,routed,127.0,approach-review
882830882dfffff,Lafayette W 4,,4.3,0.34,2586.0,routed,219.0,approach-review
8828308831fffff,Orinda N 5,,46.1,3.69,4579.0,routed,255.0,approach-review
8828308833fffff,Orinda N 7,,46.6,3.73,5434.0,routed,114.0,approach-review
8828308835fffff,Orinda N 6,,46.2,3.7,4851.0,routed,137.0,approach-review
8828308837fffff,Orinda N 8,,56.7,4.54,3497.0,routed,94.0,network-estimate
8828308839fffff,Orinda N 2,,28.6,2.29,7783.0,routed,127.0,approach-review
882830883bfffff,Orinda N 4,,30.8,2.46,5164.0,routed,83.0,network-estimate
882830883dfffff,Orinda N 3,,36.0,2.88,7310.0,routed,112.0,approach-review
8828308841fffff,Wilder SE,,23.3,1.87,1435.0,routed,162.0,approach-review
8828308843fffff,Wilder,,6.7,0.54,7879.0,routed,109.0,approach-review
8828308845fffff,Glorietta,,31.3,2.51,4949.0,routed,21.0,network-estimate
8828308847fffff,Wilder NE,,24.1,1.93,6248.0,routed,155.0,approach-review
8828308849fffff,Wilder S 2,,27.6,2.21,0.0,routed,156.0,approach-review
882830884bfffff,Wilder S,,13.2,1.06,1652.0,routed,319.0,approach-review
882830884dfffff,Lost Valley,,32.4,2.59,2981.0,routed,158.0,approach-review
8828308851fffff,Wilder NW 2,,17.5,1.4,579.0,routed,51.0,network-estimate
8828308853fffff,Wilder NW 4,,41.8,3.34,0.0,routed,528.0,approach-review
8828308855fffff,Wilder NW,,13.0,1.04,1012.0,routed,464.0,approach-review
8828308857fffff,Wilder NW 3,,28.9,2.31,0.0,routed,156.0,approach-review
8828308859fffff,Wilder W 2,,36.6,2.93,1166.0,routed,201.0,approach-review
882830885bfffff,Parkwoods Condominiums NE,,43.5,3.48,1145.0,routed,502.0,approach-review
882830885dfffff,Wilder W,,6.6,0.53,860.0,routed,348.0,approach-review
8828308861fffff,Glorietta NE 2,,34.1,2.72,2573.0,routed,138.0,approach-review
8828308863fffff,Orinda E 2,,29.5,2.36,6693.0,routed,194.0,approach-review
8828308865fffff,Rheem Valley NW 3,,17.3,1.38,418.0,routed,384.0,approach-review
8828308867fffff,Glorietta NE 3,,26.0,2.08,0.0,routed,189.0,approach-review
8828308869fffff,Glorietta E,,43.3,3.46,5027.0,routed,128.0,approach-review
882830886bfffff,Glorietta NE,,38.7,3.1,6115.0,routed,150.0,approach-review
882830886dfffff,Glorietta E 2,,24.0,1.92,4420.0,routed,182.0,approach-review
8828308881fffff,Cragmont NE 5,,55.3,4.43,0.0,routed,659.0,approach-review
8828308883fffff,Carriage Hills South S 6,,61.9,4.95,0.0,routed,1129.0,approach-review
8828308885fffff,Carriage Hills South SE 13,,52.7,4.22,0.0,routed,525.0,approach-review
8828308887fffff,Carriage Hills South SE 9,,62.9,5.03,0.0,routed,1120.0,approach-review
8828308889fffff,Cragmont NE 4,,42.8,3.42,924.0,routed,82.0,network-estimate
882830888bfffff,Cragmont NE 3,,53.0,4.24,0.0,routed,394.0,approach-review
882830888dfffff,Berkeley Hills NE 4,,44.8,3.58,0.0,routed,284.0,approach-review
8828308891fffff,Carriage Hills South S 5,,86.4,6.91,0.0,routed,116.0,approach-review
8828308893fffff,Carriage Hills South SW 5,,74.7,5.98,0.0,routed,504.0,approach-review
8828308895fffff,Carriage Hills South S 4,,88.8,7.1,0.0,routed,442.0,approach-review
8828308897fffff,Carriage Hills South S 3,,86.0,6.88,0.0,routed,625.0,approach-review
8828308899fffff,Kensington NE 2,,69.9,5.59,0.0,routed,408.0,approach-review
882830889bfffff,Kensington NE 3,,83.9,6.71,0.0,routed,786.0,approach-review
882830889dfffff,Kensington NE 4,,71.1,5.69,0.0,routed,868.0,approach-review
88283088a1fffff,Carriage Hills South SE 12,,96.9,7.75,0.0,routed,208.0,approach-review
88283088a3fffff,Carriage Hills South SE 8,,82.7,6.62,0.0,routed,499.0,approach-review
88283088a5fffff,Carriage Hills South SE 15,,109.5,8.76,0.0,routed,548.0,approach-review
88283088a7fffff,Carriage Hills South SE 11,,111.8,8.94,350.0,routed,100.0,network-estimate
88283088a9fffff,Carriage Hills South SE 14,,53.4,4.27,0.0,routed,577.0,approach-review
88283088abfffff,Carriage Hills South SE 10,,61.7,4.94,0.0,routed,621.0,approach-review
88283088adfffff,Carriage Hills South SE 16,,61.4,4.91,0.0,routed,609.0,approach-review
88283088b1fffff,Carriage Hills South SE 4,,95.0,7.6,0.0,routed,607.0,approach-review
88283088b3fffff,Carriage Hills South SE 2,,89.7,7.18,0.0,routed,841.0,approach-review
88283088b5fffff,Carriage Hills South SE 5,,85.3,6.82,0.0,routed,703.0,approach-review
88283088b7fffff,Carriage Hills South SE 3,,92.4,7.39,0.0,routed,416.0,approach-review
88283088b9fffff,Carriage Hills South SE 6,,93.9,7.51,0.0,routed,847.0,approach-review
88283088bbfffff,Carriage Hills South S 2,,99.0,7.92,0.0,routed,845.0,approach-review
88283088bdfffff,Carriage Hills South SE 7,,82.4,6.59,0.0,routed,476.0,approach-review
88283088c1fffff,La Loma Park NE 4,,32.3,2.59,1180.0,routed,550.0,approach-review
88283088c3fffff,Berkeley Hills NE 3,,40.8,3.27,0.0,routed,531.0,approach-review
88283088c5fffff,La Loma Park NE 6,,17.0,1.36,1664.0,routed,503.0,approach-review
88283088c7fffff,La Loma Park NE 5,,32.4,2.59,1125.0,routed,222.0,approach-review
88283088c9fffff,La Loma Park NE 3,,48.8,3.91,507.0,routed,362.0,approach-review
88283088cbfffff,La Loma Park NE 2,,48.1,3.85,1094.0,routed,392.0,approach-review
88283088cdfffff,La Loma Park E 3,,35.3,2.83,1350.0,routed,353.0,approach-review
88283088d1fffff,Cragmont NE,,51.3,4.11,0.0,routed,673.0,approach-review
88283088d3fffff,Kensington E 2,,52.4,4.19,0.0,routed,323.0,approach-review
88283088d5fffff,Cragmont NE 2,,55.9,4.47,0.0,routed,129.0,approach-review
88283088d7fffff,Kensington E 3,,65.6,5.25,0.0,routed,613.0,approach-review
88283088d9fffff,Cragmont,,40.4,3.23,3767.0,routed,128.0,approach-review
88283088dbfffff,Cragmont N,,37.4,2.99,3697.0,routed,7.0,network-estimate
88283088ddfffff,Berkeley Hills NE 2,,51.9,4.16,1555.0,routed,61.0,network-estimate
88283088e1fffff,Orinda NW 9,,32.4,2.59,1006.0,routed,226.0,approach-review
88283088e3fffff,La Loma Park NE 8,,36.8,2.94,0.0,routed,238.0,approach-review
88283088e5fffff,Orinda N 10,,51.6,4.13,4919.0,routed,98.0,network-estimate
88283088e7fffff,Orinda N 15,,50.1,4.01,738.0,routed,476.0,approach-review
88283088e9fffff,Orinda NW 8,,14.2,1.13,1551.0,routed,262.0,approach-review
88283088ebfffff,La Loma Park NE 7,,25.9,2.07,126.0,routed,343.0,approach-review
88283088edfffff,Orinda NW 7,,28.7,2.3,3222.0,routed,199.0,approach-review
8828308901fffff,Lafayette NE 2,,8.7,0.69,4889.0,routed,237.0,approach-review
8828308903fffff,Lafayette N 3,,19.3,1.54,3279.0,routed,85.0,network-estimate
8828308905fffff,Acalanes Ridge SW 2,,21.0,1.68,5383.0,routed,143.0,approach-review
8828308907fffff,Acalanes Ridge W 3,,30.5,2.44,3078.0,routed,64.0,network-estimate
8828308909fffff,Lafayette NE,,11.0,0.88,6717.0,routed,134.0,approach-review
882830890bfffff,Lafayette N,,5.6,0.45,8800.0,routed,65.0,network-estimate
882830890dfffff,Lafayette E,,13.6,1.09,7551.0,routed,109.0,approach-review
8828308911fffff,Lafayette NW 4,,38.7,3.09,498.0,routed,414.0,approach-review
8828308913fffff,Lafayette NW 7,,47.0,3.76,0.0,routed,398.0,approach-review
8828308915fffff,Lafayette N 4,,32.8,2.63,0.0,routed,470.0,approach-review
8828308917fffff,Lafayette N 5,,63.5,5.08,204.0,routed,409.0,approach-review
8828308919fffff,Lafayette NW 2,,27.6,2.21,5370.0,routed,232.0,approach-review
882830891bfffff,Lafayette NW 5,,36.2,2.9,3926.0,routed,70.0,network-estimate
882830891dfffff,Lafayette N 2,,23.7,1.89,4163.0,routed,79.0,network-estimate
8828308921fffff,Acalanes Ridge NW,,32.0,2.56,4966.0,routed,143.0,approach-review
8828308923fffff,Acalanes Ridge NW 2,,33.1,2.65,5005.0,routed,26.0,network-estimate
8828308925fffff,The Waymark NW,,27.1,2.17,9262.0,routed,109.0,approach-review
8828308927fffff,Acalanes Ridge N,,21.8,1.75,8349.0,routed,83.0,network-estimate
8828308929fffff,Acalanes Ridge SW,,26.9,2.15,4647.0,routed,82.0,network-estimate
882830892bfffff,Acalanes Ridge W,,32.2,2.58,4400.0,routed,97.0,network-estimate
882830892dfffff,Acalanes Ridge,,19.2,1.54,6547.0,routed,163.0,approach-review
8828308931fffff,Reliez Valley SW 3,,48.8,3.91,4476.0,routed,85.0,network-estimate
8828308933fffff,Reliez Valley SW 2,,60.3,4.82,3999.0,routed,71.0,network-estimate
8828308935fffff,Reliez Valley S 2,,35.6,2.85,6128.0,routed,86.0,network-estimate
8828308937fffff,Reliez Valley SW,,63.1,5.04,3821.0,routed,227.0,approach-review
8828308939fffff,Acalanes Ridge W 4,,39.0,3.12,5820.0,routed,223.0,approach-review
882830893bfffff,Reliez Valley SW 4,,53.7,4.29,2298.0,routed,163.0,approach-review
882830893dfffff,Acalanes Ridge W 2,,38.4,3.07,5384.0,routed,112.0,approach-review
8828308941fffff,Burton Valley NW,,21.1,1.69,4020.0,routed,160.0,approach-review
8828308943fffff,Lafayette SE,,20.5,1.64,6177.0,routed,118.0,approach-review
8828308945fffff,Burton Valley N,,23.0,1.84,3722.0,routed,116.0,approach-review
8828308947fffff,Burton Valley N 2,,31.1,2.49,6622.0,routed,145.0,approach-review
8828308949fffff,Burton Valley W,,10.5,0.84,2806.0,routed,82.0,network-estimate
882830894bfffff,Lafayette S,,20.6,1.65,844.0,routed,174.0,approach-review
882830894dfffff,Burton Valley,,11.6,0.93,6338.0,routed,77.0,network-estimate
8828308951fffff,Lafayette W,,21.7,1.74,5193.0,routed,164.0,approach-review
8828308953fffff,Lafayette W 2,,18.2,1.45,4546.0,routed,157.0,approach-review
8828308955fffff,Lafayette,,10.1,0.81,8221.0,routed,24.0,network-estimate
8828308957fffff,Lafayette NW,,14.1,1.13,8553.0,routed,31.0,network-estimate
8828308959fffff,Lafayette SW 2,,12.1,0.97,1866.0,routed,276.0,approach-review
882830895bfffff,Lafayette W 3,,20.3,1.63,0.0,routed,284.0,approach-review
882830895dfffff,Lafayette SW,,22.1,1.77,5855.0,routed,84.0,network-estimate
8828308961fffff,Saranap,,18.5,1.48,8469.0,routed,123.0,approach-review
8828308963fffff,Saranap NW,,28.8,2.31,6542.0,routed,91.0,network-estimate
8828308965fffff,Saranap E,,16.1,1.28,8380.0,routed,112.0,approach-review
8828308967fffff,Saranap N,,15.2,1.21,6605.0,routed,63.0,network-estimate
8828308969fffff,Saranap SW,,14.9,1.19,4072.0,routed,90.0,network-estimate
882830896bfffff,Saranap W,,26.6,2.13,6724.0,routed,121.0,approach-review
882830896dfffff,Saranap SE,,10.9,0.87,7994.0,routed,170.0,approach-review
8828308981fffff,Alhambra Valley SW 8,,96.9,7.76,0.0,routed,648.0,approach-review
8828308983fffff,Alhambra Valley SW 7,,107.2,8.58,0.0,routed,558.0,approach-review
8828308985fffff,Alhambra Valley SW 6,,82.8,6.62,0.0,routed,601.0,approach-review
8828308987fffff,Alhambra Valley SW 4,,94.8,7.58,0.0,routed,534.0,approach-review
8828308989fffff,Alhambra Valley SW 13,,84.2,6.73,869.0,routed,358.0,approach-review
882830898bfffff,Alhambra Valley SW 11,,94.2,7.54,0.0,routed,259.0,approach-review
882830898dfffff,Alhambra Valley SW 10,,92.1,7.36,0.0,routed,652.0,approach-review
8828308991fffff,Alhambra Valley SW 14,,124.1,9.93,3201.0,routed,191.0,approach-review
8828308993fffff,Carriage Hills South E 12,,114.2,9.13,881.0,routed,283.0,approach-review
8828308995fffff,Alhambra Valley SW 9,,123.4,9.87,1140.0,routed,229.0,approach-review
8828308997fffff,Alhambra Valley W 12,,120.5,9.64,1541.0,routed,189.0,approach-review
8828308999fffff,Carriage Hills South SE 17,,114.1,9.13,1746.0,routed,208.0,approach-review
882830899bfffff,Carriage Hills South E 11,,119.8,9.59,259.0,routed,226.0,approach-review
882830899dfffff,Alhambra Valley SW 12,,111.5,8.92,1628.0,routed,275.0,approach-review
88283089a1fffff,Alhambra Valley S 3,,59.1,4.73,233.0,routed,270.0,approach-review
88283089a3fffff,Alhambra Valley SW,,62.3,4.98,790.0,routed,253.0,approach-review
88283089a5fffff,Alhambra Valley S 2,,42.2,3.38,120.0,routed,231.0,approach-review
88283089a7fffff,Alhambra Valley S,,55.7,4.45,1598.0,routed,304.0,approach-review
88283089a9fffff,Alhambra Valley S 5,,68.5,5.48,0.0,routed,100.0,network-estimate
88283089abfffff,Alhambra Valley SW 3,,83.8,6.7,0.0,routed,515.0,approach-review
88283089adfffff,Alhambra Valley S 4,,56.7,4.54,0.0,routed,501.0,approach-review
88283089b1fffff,Alhambra Valley W 5,,83.9,6.71,0.0,routed,610.0,approach-review
88283089b3fffff,Alhambra Valley W 7,,96.0,7.68,1124.0,routed,361.0,approach-review
88283089b5fffff,Alhambra Valley W 3,,69.4,5.55,2495.0,routed,375.0,approach-review
88283089b7fffff,Alhambra Valley W 4,,79.1,6.33,2807.0,routed,167.0,approach-review
88283089b9fffff,Alhambra Valley SW 5,,105.4,8.44,54.0,routed,240.0,approach-review
88283089bbfffff,Alhambra Valley W 8,,103.7,8.3,2370.0,routed,342.0,approach-review
88283089bdfffff,Alhambra Valley SW 2,,98.7,7.9,0.0,routed,315.0,approach-review
88283089c1fffff,Lafayette NW 10,,62.9,5.03,1910.0,routed,238.0,approach-review
88283089c3fffff,Orinda N 13,,69.5,5.56,1713.0,routed,322.0,approach-review
88283089c5fffff,Lafayette NW 9,,61.6,4.93,0.0,routed,449.0,approach-review
88283089c7fffff,Alhambra Valley SW 15,,85.8,6.86,329.0,routed,363.0,approach-review
88283089c9fffff,Orinda NE 6,,34.2,2.74,3636.0,routed,124.0,approach-review
88283089cbfffff,Orinda N 9,,51.1,4.09,3245.0,routed,301.0,approach-review
88283089cdfffff,Lafayette NW 8,,37.9,3.03,345.0,routed,383.0,approach-review
88283089d1fffff,Orinda N 16,,89.9,7.19,0.0,routed,722.0,approach-review
88283089d3fffff,Carriage Hills South SE 18,,113.2,9.05,0.0,routed,519.0,approach-review
88283089d5fffff,Alhambra Valley SW 17,,90.6,7.25,782.0,routed,248.0,approach-review
88283089d7fffff,Alhambra Valley SW 16,,98.9,7.91,978.0,routed,203.0,approach-review
88283089d9fffff,Orinda N 11,,58.5,4.68,1925.0,routed,155.0,approach-review
88283089dbfffff,Orinda N 14,,55.3,4.42,1109.0,routed,425.0,approach-review
88283089ddfffff,Orinda N 12,,66.2,5.29,987.0,routed,528.0,approach-review
88283089e1fffff,Reliez Valley W 5,,78.4,6.27,0.0,routed,401.0,approach-review
88283089e3fffff,Alhambra Valley S 6,,80.5,6.44,0.0,routed,650.0,approach-review
88283089e5fffff,Reliez Valley W 3,,77.3,6.18,0.0,routed,237.0,approach-review
88283089e7fffff,Reliez Valley W 4,,71.5,5.72,0.0,routed,309.0,approach-review
88283089e9fffff,Reliez Valley SW 6,,63.6,5.09,0.0,routed,477.0,approach-review
88283089ebfffff,Reliez Valley W 6,,83.6,6.69,0.0,routed,432.0,approach-review
88283089edfffff,Reliez Valley SW 5,,80.7,6.46,0.0,routed,602.0,approach-review
8828308a05fffff,Piedmont Pines,,29.1,2.33,9770.0,routed,123.0,approach-review
8828308a21fffff,Canyon NW,,58.6,4.69,3600.0,routed,275.0,approach-review
8828308a23fffff,Wilder S 4,,50.7,4.06,922.0,routed,246.0,approach-review
8828308a25fffff,Canyon N,,40.8,3.26,793.0,routed,93.0,network-estimate
8828308a27fffff,Lost Valley SW,,36.6,2.93,0.0,routed,211.0,approach-review
8828308a29fffff,Canyon W,,38.7,3.09,0.0,routed,182.0,approach-review
8828308a2bfffff,Piedmont Pines NE,,42.9,3.43,8281.0,routed,77.0,network-estimate
8828308a2dfffff,Canyon,,58.9,4.71,3552.0,routed,226.0,approach-review
8828308a31fffff,Wilder SW 2,,29.3,2.34,6177.0,routed,165.0,approach-review
8828308a33fffff,Parkwoods Condominiums SE,,38.1,3.05,4440.0,routed,259.0,approach-review
8828308a35fffff,Wilder S 3,,35.5,2.84,0.0,routed,434.0,approach-review
8828308a37fffff,Wilder SW,,27.4,2.19,72.0,routed,265.0,approach-review
8828308a3dfffff,Piedmont Pines N,,34.6,2.76,7590.0,routed,211.0,approach-review
8828308a61fffff,Oakland Hills,,1.9,0.15,866.0,routed,131.0,approach-review
8828308a63fffff,Piedmont Pines E,,14.1,1.13,1266.0,routed,95.0,network-estimate
8828308a65fffff,Canyon S,,23.3,1.87,0.0,routed,503.0,approach-review
8828308a67fffff,Canyon SW,,20.6,1.65,0.0,routed,253.0,approach-review
8828308aa1fffff,Panoramic Hill,,44.3,3.55,1032.0,routed,120.0,approach-review
8828308aa3fffff,La Loma Park E,,55.2,4.42,1735.0,routed,331.0,approach-review
8828308aa5fffff,Parkwoods Condominiums N 3,,52.1,4.16,2202.0,routed,246.0,approach-review
8828308aa7fffff,La Loma Park E 2,,54.6,4.37,652.0,routed,171.0,approach-review
8828308aadfffff,Parkwoods Condominiums N 2,,31.8,2.54,2536.0,routed,361.0,approach-review
8828308ab1fffff,La Loma Park,,25.0,2.0,9979.0,routed,92.0,network-estimate
8828308ab3fffff,Berkeley Hills,,21.2,1.69,11188.0,routed,117.0,approach-review
8828308ab5fffff,La Loma Park NE,,39.9,3.19,1947.0,routed,139.0,approach-review
8828308ab7fffff,Berkeley Hills NE,,41.0,3.28,5230.0,routed,145.0,approach-review
8828308abdfffff,La Loma Park SE,,30.8,2.47,4599.0,routed,82.0,network-estimate
8828308ae5fffff,Parkwoods Condominiums,,33.8,2.71,4084.0,routed,150.0,approach-review
8828308ae7fffff,Parkwoods Condominiums N,,28.7,2.3,4096.0,routed,116.0,approach-review
8828308b01fffff,Moraga Commons Park,,5.5,0.44,5288.0,routed,53.0,network-estimate
8828308b03fffff,Miramonte Gardens NE,,19.5,1.56,6027.0,routed,102.0,approach-review
8828308b05fffff,Moraga NE,,7.9,0.64,5969.0,routed,167.0,approach-review
8828308b07fffff,Rheem Valley S,,8.3,0.66,4975.0,routed,111.0,approach-review
8828308b09fffff,Moraga Royale,,3.4,0.27,9131.0,routed,109.0,approach-review
8828308b0bfffff,Miramonte Gardens E,,12.0,0.96,5981.0,routed,117.0,approach-review
8828308b0dfffff,Moraga,,13.5,1.08,2544.0,routed,246.0,approach-review
8828308b11fffff,Lost Valley E,,17.2,1.38,6639.0,routed,178.0,approach-review
8828308b13fffff,Lost Valley NE,,34.4,2.75,5450.0,routed,153.0,approach-review
8828308b15fffff,Miramonte Gardens N,,18.4,1.47,3609.0,routed,200.0,approach-review
8828308b17fffff,Lost Valley NE 2,,27.2,2.18,3135.0,routed,158.0,approach-review
8828308b19fffff,Miramonte Gardens W,,15.1,1.2,2515.0,routed,157.0,approach-review
8828308b1bfffff,Lost Valley SE,,24.8,1.98,2142.0,routed,102.0,approach-review
8828308b1dfffff,Miramonte Gardens,,4.4,0.35,6985.0,routed,162.0,approach-review
8828308b21fffff,Rheem Valley E 2,,18.4,1.47,1990.0,routed,114.0,approach-review
8828308b23fffff,Rheem Valley E,,29.0,2.32,152.0,routed,222.0,approach-review
8828308b25fffff,Burton Valley S,,22.2,1.78,2450.0,routed,103.0,approach-review
8828308b27fffff,Lafayette Community Park,,7.6,0.61,5097.0,routed,175.0,approach-review
8828308b29fffff,Rheem Valley SE 2,,28.7,2.3,4555.0,routed,131.0,approach-review
8828308b2bfffff,Rheem Valley SE,,22.8,1.82,3958.0,routed,362.0,approach-review
8828308b2dfffff,Burton Valley S 2,,30.1,2.4,0.0,routed,599.0,approach-review
8828308b31fffff,Rheem Valley NW,,14.3,1.14,4389.0,routed,153.0,approach-review
8828308b33fffff,Rheem Valley NW 2,,6.4,0.51,4096.0,routed,167.0,approach-review
8828308b35fffff,Rheem Valley NE,,16.5,1.32,1775.0,routed,129.0,approach-review
8828308b37fffff,Rheem Valley N,,6.7,0.53,4785.0,routed,134.0,approach-review
8828308b39fffff,Rheem Valley SW,,4.9,0.4,2786.0,routed,282.0,approach-review
8828308b3bfffff,Rheem Valley W,,20.0,1.6,1987.0,routed,186.0,approach-review
8828308b3dfffff,Rheem Valley,,8.0,0.64,4964.0,routed,129.0,approach-review
8828308b41fffff,Moraga Royale S 2,,15.5,1.24,4792.0,routed,268.0,approach-review
8828308b43fffff,Moraga Royale S,,8.8,0.7,3944.0,routed,199.0,approach-review
8828308b45fffff,Moraga Royale SE 2,,25.4,2.03,4194.0,routed,145.0,approach-review
8828308b47fffff,Moraga Royale SE,,12.9,1.03,5080.0,routed,140.0,approach-review
8828308b49fffff,Moraga Royale S 4,,29.7,2.38,285.0,routed,511.0,approach-review
8828308b4bfffff,Moraga Royale S 3,,23.1,1.85,0.0,routed,335.0,approach-review
8828308b4dfffff,Moraga Royale SE 4,,28.3,2.27,4761.0,routed,118.0,approach-review
8828308b51fffff,Miramonte Gardens SW 2,,52.2,4.18,0.0,routed,281.0,detour-review
8828308b53fffff,Canyon NE,,44.7,3.58,1028.0,routed,207.0,approach-review
8828308b55fffff,Moraga Royale W,,7.1,0.57,2699.0,routed,280.0,approach-review
8828308b57fffff,Miramonte Gardens SW,,10.7,0.86,1370.0,routed,302.0,approach-review
8828308b59fffff,Canyon SE 2,,37.2,2.98,846.0,routed,593.0,approach-review
8828308b5bfffff,Canyon SE,,47.7,3.82,1817.0,routed,166.0,approach-review
8828308b5dfffff,Moraga Royale SW,,23.6,1.89,1285.0,routed,174.0,approach-review
8828308b61fffff,Moraga Royale E 2,,46.2,3.7,876.0,routed,157.0,approach-review
8828308b63fffff,Moraga E,,25.8,2.07,734.0,routed,240.0,approach-review
8828308b65fffff,Moraga Royale E 4,,46.8,3.74,1142.0,routed,241.0,approach-review
8828308b67fffff,Moraga E 2,,32.6,2.61,1492.0,routed,183.0,approach-review
8828308b69fffff,Moraga Royale SE 3,,43.5,3.48,2650.0,routed,278.0,approach-review
8828308b6bfffff,Moraga Royale E,,46.8,3.74,2018.0,routed,111.0,approach-review
8828308b6dfffff,Moraga Royale E 3,,58.6,4.69,0.0,routed,523.0,approach-review
8828308c01fffff,Triangle Court E,,20.8,1.66,13145.0,routed,92.0,network-estimate
8828308c03fffff,Triangle Court,,24.9,1.99,7902.0,routed,187.0,approach-review
8828308c05fffff,Triangle Court E 2,,20.3,1.62,11458.0,routed,148.0,approach-review
8828308c07fffff,Triangle Court NE,,18.3,1.46,12951.0,routed,47.0,network-estimate
8828308c09fffff,Barrett Terrace Plaza Apartments,,9.1,0.73,12930.0,routed,52.0,network-estimate
8828308c0bfffff,Triangle Court SW,,11.9,0.95,10295.0,routed,154.0,approach-review
8828308c0dfffff,Richmond N,,9.3,0.74,13985.0,routed,25.0,network-estimate
8828308c11fffff,North Richmond W,,45.8,3.66,324.0,routed,153.0,approach-review
8828308c13fffff,North Richmond W 2,,70.3,5.63,0.0,routed,519.0,approach-review
8828308c15fffff,North Richmond,,34.7,2.77,9767.0,routed,86.0,network-estimate
8828308c17fffff,North Richmond NW,,50.1,4.01,1522.0,routed,187.0,approach-review
8828308c19fffff,Atchison Village NW 2,,35.8,2.86,440.0,routed,244.0,approach-review
8828308c1bfffff,North Richmond W 3,,48.3,3.87,0.0,routed,198.0,approach-review
8828308c1dfffff,Triangle Court W,,28.4,2.27,3134.0,routed,179.0,approach-review
8828308c21fffff,San Pablo E,,12.0,0.96,4308.0,routed,129.0,approach-review
8828308c23fffff,San Pablo NE,,13.6,1.09,9502.0,routed,48.0,network-estimate
8828308c25fffff,The Tides S 2,,17.4,1.39,4343.0,routed,140.0,approach-review
8828308c27fffff,The Tides SW,,22.7,1.81,8718.0,routed,121.0,approach-review
8828308c29fffff,East Richmond NW 2,,13.4,1.07,9238.0,routed,58.0,network-estimate
8828308c2bfffff,San Pablo SE,,3.1,0.25,8456.0,routed,17.0,network-estimate
8828308c2dfffff,East Richmond Heights NW,,26.8,2.14,8365.0,routed,128.0,approach-review
8828308c31fffff,San Pablo NW,,27.8,2.23,7264.0,routed,54.0,network-estimate
8828308c33fffff,North Richmond N 3,,48.2,3.85,1680.0,routed,153.0,approach-review
8828308c35fffff,San Pablo N,,22.6,1.81,12750.0,routed,46.0,network-estimate
8828308c37fffff,San Marcos Apartments SW,,35.3,2.82,7615.0,routed,96.0,network-estimate
8828308c39fffff,North Richmond E,,26.1,2.09,6734.0,routed,83.0,network-estimate
8828308c3bfffff,North Richmond N,,36.8,2.94,3621.0,routed,126.0,approach-review
8828308c3dfffff,San Pablo,,13.8,1.11,11024.0,routed,93.0,network-estimate
8828308c41fffff,Rows/Places at NOMA,,27.5,2.2,11674.0,routed,25.0,network-estimate
8828308c43fffff,Nystrom Village,,13.3,1.06,11900.0,routed,108.0,approach-review
8828308c45fffff,Easter Hill Village,,19.6,1.57,12001.0,routed,98.0,network-estimate
8828308c47fffff,Richmond,,17.1,1.37,13897.0,routed,68.0,network-estimate
8828308c49fffff,Rows/Places at NOMA S,,30.5,2.44,5685.0,routed,55.0,network-estimate
8828308c4bfffff,Rows/Places at NOMA W,,29.6,2.36,3120.0,routed,119.0,approach-review
8828308c4dfffff,Marina Bay,,20.0,1.6,7835.0,routed,57.0,network-estimate
8828308c51fffff,Atchison Village W,,45.4,3.63,2202.0,routed,91.0,detour-review
8828308c53fffff,Atchison Village NW,,26.5,2.12,254.0,routed,171.0,approach-review
8828308c55fffff,Atchison Village,,5.2,0.41,11242.0,routed,63.0,network-estimate
8828308c57fffff,Atchison Village N,,28.0,2.24,1077.0,routed,32.0,network-estimate
8828308c59fffff,Point Richmond,,7.6,0.61,9092.0,routed,74.0,network-estimate
8828308c5bfffff,Point Richmond NW,,13.4,1.07,7094.0,routed,101.0,approach-review
8828308c5dfffff,Atchison Village S,,19.6,1.57,3160.0,routed,148.0,approach-review
8828308c61fffff,East Richmond SW,,11.1,0.89,12407.0,routed,59.0,network-estimate
8828308c63fffff,Richmond NE,,15.6,1.25,13874.0,routed,120.0,approach-review
8828308c65fffff,East Richmond,,25.5,2.04,11780.0,routed,189.0,approach-review
8828308c67fffff,East Richmond NW,,21.9,1.75,11347.0,routed,118.0,approach-review
8828308c69fffff,Easter Hill Village NE,,8.0,0.64,10264.0,routed,75.0,network-estimate
8828308c6bfffff,Richmond E,,5.5,0.44,11391.0,routed,47.0,network-estimate
8828308c6dfffff,East Richmond S,,14.7,1.17,9589.0,routed,52.0,network-estimate
8828308c81fffff,North Richmond NW 11,,98.3,7.87,0.0,routed,2618.0,approach-review
8828308c83fffff,North Richmond NW 15,,113.5,9.08,0.0,routed,3373.0,approach-review
8828308c85fffff,North Richmond NW 9,,89.4,7.15,0.0,routed,2418.0,approach-review
8828308c87fffff,North Richmond NW 13,,103.7,8.3,0.0,routed,3306.0,approach-review
8828308c89fffff,North Richmond NW 10,,95.1,7.61,0.0,routed,2053.0,approach-review
8828308c8bfffff,North Richmond NW 14,,103.4,8.27,0.0,routed,2514.0,approach-review
8828308c8dfffff,North Richmond NW 7,,87.0,6.96,0.0,routed,1708.0,approach-review
8828308c95fffff,North Richmond NW 19,,149.5,11.96,0.0,routed,3995.0,approach-review
8828308c9dfffff,North Richmond NW 18,,137.9,11.03,0.0,routed,3072.0,approach-review
8828308ca1fffff,San Marcos Apartments W 7,,109.8,8.78,0.0,routed,1515.0,approach-review
8828308ca3fffff,San Marcos Apartments NW 7,,128.1,10.25,0.0,routed,1977.0,approach-review
8828308ca5fffff,San Marcos Apartments NW 4,,100.7,8.05,0.0,routed,617.0,approach-review
8828308ca7fffff,San Marcos Apartments NW 6,,116.6,9.33,0.0,routed,1059.0,approach-review
8828308ca9fffff,North Richmond NW 8,,82.7,6.61,0.0,routed,1883.0,approach-review
8828308cabfffff,San Marcos Apartments W 8,,121.0,9.68,0.0,routed,2418.0,approach-review
8828308cadfffff,San Marcos Apartments W 6,,101.4,8.11,0.0,routed,1078.0,approach-review
8828308cb1fffff,San Marcos Apartments W 10,,147.6,11.81,0.0,routed,3539.0,approach-review
8828308cb5fffff,San Marcos Apartments NW 9,,136.6,10.93,0.0,routed,2661.0,approach-review
8828308cb7fffff,San Marcos Apartments NW 11,,147.1,11.77,0.0,routed,3439.0,approach-review
8828308cb9fffff,North Richmond NW 17,,148.1,11.84,0.0,routed,3878.0,approach-review
8828308cbbfffff,North Richmond NW 20,,159.0,12.72,0.0,routed,4448.0,approach-review
8828308cbdfffff,San Marcos Apartments W 9,,136.4,10.91,0.0,routed,2945.0,approach-review
8828308cc1fffff,North Richmond W 6,,75.8,6.06,0.0,routed,892.0,approach-review
8828308cc3fffff,North Richmond W 8,,83.6,6.69,0.0,routed,933.0,approach-review
8828308cc5fffff,North Richmond W 4,,74.4,5.95,0.0,routed,242.0,approach-review
8828308cc7fffff,North Richmond NW 6,,84.5,6.76,0.0,routed,1051.0,approach-review
8828308cc9fffff,North Richmond W 7,,60.8,4.86,974.0,routed,222.0,approach-review
8828308ccbfffff,North Richmond W 9,,72.9,5.83,714.0,routed,413.0,approach-review
8828308ccdfffff,North Richmond W 5,,59.9,4.79,0.0,routed,741.0,approach-review
8828308cd5fffff,North Richmond NW 12,,119.1,9.53,0.0,routed,1566.0,approach-review
8828308cd7fffff,North Richmond NW 16,,126.7,10.14,0.0,routed,2174.0,approach-review
8828308cddfffff,North Richmond W 10,,107.2,8.58,331.0,routed,616.0,approach-review
8828308ce1fffff,North Richmond NW 3,,67.1,5.37,0.0,routed,923.0,approach-review
8828308ce3fffff,North Richmond NW 5,,78.5,6.28,0.0,routed,1554.0,approach-review
8828308ce5fffff,North Richmond N 4,,58.5,4.68,323.0,routed,355.0,approach-review
8828308ce7fffff,North Richmond N 5,,69.9,5.59,0.0,routed,1267.0,approach-review
8828308ce9fffff,North Richmond NW 2,,62.8,5.02,0.0,routed,30.0,network-estimate
8828308cebfffff,North Richmond NW 4,,73.7,5.9,0.0,routed,905.0,approach-review
8828308cedfffff,North Richmond N 2,,55.1,4.4,948.0,routed,385.0,approach-review
8828308d01fffff,Carriage Hills North W 3,,36.3,2.9,5786.0,routed,75.0,network-estimate
8828308d03fffff,El Sobrante SE,,28.4,2.27,7859.0,routed,157.0,approach-review
8828308d05fffff,Carriage Hills North W 2,,53.5,4.28,4512.0,routed,198.0,approach-review
8828308d07fffff,El Sobrante SE 2,,43.2,3.45,4550.0,routed,100.0,network-estimate
8828308d09fffff,Carriage Hills North SW 4,,43.1,3.45,1949.0,routed,265.0,approach-review
8828308d0bfffff,El Sobrante S 2,,24.9,2.0,2344.0,routed,221.0,approach-review
8828308d0dfffff,Carriage Hills North SW 2,,45.6,3.65,5791.0,routed,132.0,approach-review
8828308d11fffff,El Sobrante SW,,9.0,0.72,5557.0,routed,98.0,network-estimate
8828308d13fffff,The Tides E,,24.1,1.92,7090.0,routed,126.0,approach-review
8828308d15fffff,El Sobrante,,20.8,1.67,8649.0,routed,117.0,approach-review
8828308d17fffff,El Sobrante NW,,23.7,1.9,7281.0,routed,108.0,approach-review
8828308d19fffff,The Tides SE,,5.8,0.46,5307.0,routed,166.0,approach-review
8828308d1bfffff,The Tides S,,32.7,2.62,2481.0,routed,228.0,detour-review
8828308d1dfffff,El Sobrante S,,13.1,1.05,6992.0,routed,152.0,approach-review
8828308d21fffff,Carriage Hills North N,,39.0,3.12,1450.0,routed,280.0,approach-review
8828308d23fffff,Carriage Hills North NW 2,,28.4,2.27,6836.0,routed,151.0,approach-review
8828308d25fffff,Carriage Hills North NE 2,,43.6,3.49,131.0,routed,511.0,approach-review
8828308d27fffff,Carriage Hills North N 2,,35.6,2.85,4110.0,routed,166.0,approach-review
8828308d29fffff,Carriage Hills North W,,55.3,4.42,1389.0,routed,356.0,approach-review
8828308d2bfffff,Carriage Hills North NW,,38.0,3.04,1267.0,routed,368.0,approach-review
8828308d2dfffff,Carriage Hills North,,54.3,4.34,1602.0,routed,331.0,approach-review
8828308d31fffff,El Sobrante NE,,7.2,0.58,6197.0,routed,152.0,approach-review
8828308d33fffff,El Sobrante N 3,,10.7,0.86,4448.0,routed,23.0,network-estimate
8828308d35fffff,Westwood S 2,,19.9,1.6,6899.0,routed,184.0,approach-review
8828308d37fffff,Westwood S,,11.2,0.9,6155.0,routed,282.0,approach-review
8828308d39fffff,El Sobrante E,,35.6,2.85,8849.0,routed,97.0,network-estimate
8828308d3bfffff,El Sobrante N,,32.3,2.58,6488.0,routed,136.0,approach-review
8828308d3dfffff,El Sobrante E 2,,19.9,1.59,4949.0,routed,285.0,approach-review
8828308d41fffff,East Richmond Heights E 4,,61.0,4.88,0.0,routed,257.0,approach-review
8828308d43fffff,East Richmond Heights E 3,,45.9,3.67,0.0,routed,618.0,approach-review
8828308d45fffff,Carriage Hills South SW 4,,65.0,5.2,1090.0,routed,467.0,approach-review
8828308d47fffff,Carriage Hills North SW 3,,53.0,4.24,434.0,routed,478.0,approach-review
8828308d49fffff,Kensington N 4,,46.7,3.73,0.0,routed,785.0,approach-review
8828308d4bfffff,East Richmond Heights E 2,,51.9,4.15,0.0,routed,579.0,approach-review
8828308d4dfffff,Kensington N 5,,71.8,5.74,0.0,routed,654.0,approach-review
8828308d51fffff,East Richmond Heights NE,,39.9,3.19,0.0,routed,344.0,approach-review
8828308d53fffff,East Richmond Heights N,,32.2,2.57,785.0,routed,116.0,approach-review
8828308d55fffff,East Richmond Heights NE 3,,34.9,2.79,0.0,routed,292.0,approach-review
8828308d57fffff,East Richmond Heights NE 2,,21.8,1.74,1355.0,routed,174.0,approach-review
8828308d59fffff,East Richmond Heights SE,,39.4,3.15,6417.0,routed,165.0,approach-review
8828308d5bfffff,East Richmond Heights,,34.9,2.79,7729.0,routed,145.0,approach-review
8828308d5dfffff,East Richmond Heights E,,44.6,3.57,0.0,routed,743.0,approach-review
8828308d61fffff,Carriage Hills South SW,,70.8,5.67,0.0,routed,554.0,approach-review
8828308d63fffff,Carriage Hills North SW,,58.5,4.68,2091.0,routed,357.0,approach-review
8828308d65fffff,Carriage Hills South SE,,81.6,6.53,484.0,routed,548.0,approach-review
8828308d67fffff,Carriage Hills South,,72.4,5.8,5970.0,routed,201.0,approach-review
8828308d69fffff,Carriage Hills South SW 3,,71.5,5.72,12.0,routed,208.0,approach-review
8828308d6bfffff,Carriage Hills South SW 2,,56.8,4.55,2865.0,routed,170.0,approach-review
8828308d6dfffff,Carriage Hills South S,,85.5,6.84,0.0,routed,829.0,approach-review
8828308d81fffff,Tara Hills Mobile Manor NW,,53.2,4.26,13.0,routed,543.0,approach-review
8828308d83fffff,Tara Hills Mobile Manor NW 2,,86.3,6.9,0.0,routed,965.0,approach-review
8828308d85fffff,Tara Hills Mobile Manor N,,41.2,3.3,4171.0,routed,278.0,approach-review
8828308d87fffff,Tara Hills Mobile Manor N 2,,50.6,4.05,0.0,routed,1109.0,approach-review
8828308d89fffff,San Marcos Apartments N,,61.4,4.91,7711.0,routed,187.0,approach-review
8828308d8bfffff,Tara Hills Mobile Manor W,,76.5,6.12,771.0,routed,203.0,approach-review
8828308d8dfffff,Tara Hills Mobile Manor,,43.6,3.49,9809.0,routed,158.0,approach-review
8828308d91fffff,Tara Hills Mobile Manor NW 6,,115.8,9.26,0.0,routed,584.0,approach-review
8828308d93fffff,Tara Hills Mobile Manor NW 9,,119.6,9.56,0.0,routed,859.0,approach-review
8828308d95fffff,Tara Hills Mobile Manor NW 4,,114.6,9.17,0.0,routed,1121.0,approach-review
8828308d97fffff,Tara Hills Mobile Manor NW 7,,126.8,10.15,0.0,routed,1465.0,approach-review
8828308d99fffff,San Marcos Apartments NW 3,,101.1,8.09,0.0,routed,241.0,approach-review
8828308d9bfffff,San Marcos Apartments NW 5,,109.0,8.72,0.0,routed,257.0,approach-review
8828308d9dfffff,Tara Hills Mobile Manor W 2,,102.9,8.24,0.0,routed,207.0,approach-review
8828308da1fffff,Bayside Apartment Homes N,,37.5,3.0,0.0,routed,821.0,approach-review
8828308da3fffff,Bayside Apartment Homes NW 2,,48.3,3.86,0.0,routed,1441.0,approach-review
8828308da5fffff,Hercules W,,20.8,1.66,0.0,routed,617.0,approach-review
8828308da7fffff,Hercules NW 2,,31.6,2.53,0.0,routed,1510.0,approach-review
8828308da9fffff,Bayside Apartment Homes W,,29.8,2.38,5994.0,routed,82.0,network-estimate
8828308dabfffff,Bayside Apartment Homes NW,,40.2,3.22,0.0,routed,698.0,approach-review
8828308dadfffff,Bayside Apartment Homes,,21.4,1.71,2579.0,routed,292.0,approach-review
8828308db1fffff,Tara Hills Mobile Manor N 4,,63.1,5.05,0.0,routed,2527.0,approach-review
8828308db3fffff,Tara Hills Mobile Manor N 5,,138.4,11.07,0.0,routed,2956.0,approach-review
8828308db5fffff,Bayside Apartment Homes NW 3,,58.7,4.7,0.0,routed,2279.0,approach-review
8828308db7fffff,Bayside Apartment Homes NW 5,,69.7,5.58,0.0,routed,3160.0,approach-review
8828308db9fffff,Tara Hills Mobile Manor NW 3,,122.9,9.83,0.0,routed,1779.0,approach-review
8828308dbbfffff,Tara Hills Mobile Manor NW 5,,126.5,10.12,0.0,routed,2070.0,approach-review
8828308dbdfffff,Tara Hills Mobile Manor N 3,,51.7,4.13,0.0,routed,1612.0,approach-review
8828308dc1fffff,Heritage Park at Hilltop,,45.4,3.63,9436.0,routed,59.0,network-estimate
8828308dc3fffff,San Marcos Apartments,,49.9,3.99,7044.0,routed,34.0,network-estimate
8828308dc5fffff,Bella Vista at Hilltop,,44.5,3.56,7106.0,routed,74.0,network-estimate
8828308dc7fffff,Bella Vista at Hilltop NW,,56.1,4.49,4961.0,routed,30.0,network-estimate
8828308dc9fffff,Heritage Park at Hilltop S,,30.3,2.42,9167.0,routed,47.0,network-estimate
8828308dcbfffff,Heritage Park at Hilltop SW,,35.3,2.83,7782.0,routed,159.0,approach-review
8828308dcdfffff,The Tides,,35.3,2.82,9458.0,routed,136.0,approach-review
8828308dd1fffff,San Marcos Apartments W 2,,60.5,4.84,1909.0,routed,102.0,approach-review
8828308dd3fffff,San Marcos Apartments W 4,,89.0,7.12,0.0,routed,263.0,approach-review
8828308dd5fffff,San Marcos Apartments NW,,68.5,5.48,5518.0,routed,117.0,approach-review
8828308dd7fffff,San Marcos Apartments NW 2,,74.3,5.94,787.0,routed,125.0,approach-review
8828308dd9fffff,San Marcos Apartments W 3,,50.6,4.05,1427.0,routed,387.0,approach-review
8828308ddbfffff,San Marcos Apartments W 5,,67.9,5.43,0.0,routed,901.0,approach-review
8828308dddfffff,San Marcos Apartments W,,51.1,4.09,6274.0,routed,41.0,network-estimate
8828308de1fffff,Vue at 3600 Apartments NE,,31.4,2.51,7189.0,routed,196.0,approach-review
8828308de3fffff,Tara Hills Mobile Manor E,,32.4,2.59,8325.0,routed,60.0,network-estimate
8828308de5fffff,Pinole S,,17.7,1.41,6639.0,routed,213.0,approach-review
8828308de7fffff,Pacific Crest,,19.4,1.55,7642.0,routed,93.0,network-estimate
8828308de9fffff,Vue at 3600 Apartments,,36.8,2.94,6143.0,routed,60.0,network-estimate
8828308debfffff,Bella Vista at Hilltop NE,,44.3,3.54,9758.0,routed,176.0,approach-review
8828308dedfffff,El Sobrante N 2,,26.0,2.08,6836.0,routed,88.0,network-estimate
8828308e01fffff,Waterline S 3,,68.1,5.45,0.0,routed,1949.0,approach-review
8828308e03fffff,Waterline SW 3,,48.1,3.85,0.0,routed,1654.0,approach-review
8828308e05fffff,Waterline S 2,,63.3,5.07,0.0,routed,1582.0,approach-review
8828308e07fffff,Waterline S,,56.3,4.51,0.0,routed,992.0,approach-review
8828308e0dfffff,Waterline S 4,,74.6,5.97,0.0,routed,2481.0,approach-review
8828308e11fffff,Waterline SW 4,,47.0,3.76,0.0,routed,1579.0,approach-review
8828308e13fffff,Waterline W 3,,48.6,3.89,0.0,routed,1706.0,approach-review
8828308e15fffff,Waterline SW 2,,39.8,3.19,0.0,routed,1004.0,approach-review
8828308e17fffff,Waterline W 2,,36.8,2.95,0.0,routed,762.0,approach-review
8828308e21fffff,Marina Bay S 2,,42.9,3.43,0.0,routed,702.0,approach-review
8828308e23fffff,Waterline E,,45.3,3.62,490.0,routed,236.0,approach-review
8828308e25fffff,Marina Bay S,,30.9,2.47,239.0,routed,489.0,approach-review
8828308e27fffff,Marina Bay SW,,31.0,2.48,3114.0,routed,205.0,approach-review
8828308e29fffff,Waterline SE 3,,63.3,5.07,0.0,routed,1514.0,approach-review
8828308e2bfffff,Waterline SE 2,,52.8,4.22,0.0,routed,673.0,approach-review
8828308e2dfffff,Marina Bay S 3,,43.7,3.5,0.0,routed,1342.0,approach-review
8828308e31fffff,Waterline,,30.2,2.42,6933.0,routed,61.0,network-estimate
8828308e33fffff,Point Richmond S,,15.5,1.24,1188.0,routed,87.0,network-estimate
8828308e35fffff,Waterline NE,,32.1,2.57,1791.0,routed,110.0,approach-review
8828308e37fffff,Waterline N,,20.6,1.65,2522.0,routed,57.0,network-estimate
8828308e39fffff,Waterline SW,,38.3,3.07,0.0,routed,765.0,approach-review
8828308e3bfffff,Waterline W,,28.0,2.24,888.0,routed,261.0,approach-review
8828308e3dfffff,Waterline SE,,44.7,3.58,1319.0,routed,91.0,network-estimate
8828308e63fffff,Waterline SE 4,,72.9,5.83,0.0,routed,2278.0,approach-review
8828308e67fffff,Marina Bay S 5,,55.5,4.44,0.0,routed,2240.0,approach-review
8828308e81fffff,Point Richmond W 8,,62.5,5.0,0.0,routed,1258.0,approach-review
8828308e85fffff,Point Richmond W 4,,55.7,4.46,0.0,routed,710.0,approach-review
8828308e87fffff,Point Richmond W 7,,69.6,5.57,0.0,routed,1246.0,approach-review
8828308e8dfffff,Point Richmond W 5,,50.8,4.06,0.0,routed,960.0,approach-review
8828308ea1fffff,Point Richmond NW 4,,38.4,3.07,0.0,routed,325.0,approach-review
8828308ea3fffff,Point Richmond NW 6,,51.3,4.1,1789.0,routed,373.0,approach-review
8828308ea5fffff,Atchison Village NW 3,,35.9,2.87,0.0,routed,229.0,approach-review
8828308ea7fffff,Atchison Village NW 4,,48.1,3.85,0.0,routed,28.0,network-estimate
8828308ea9fffff,Point Richmond NW 3,,34.6,2.77,935.0,routed,138.0,approach-review
8828308eabfffff,Point Richmond NW 5,,58.2,4.66,802.0,routed,459.0,approach-review
8828308eadfffff,Point Richmond NW 2,,23.5,1.88,179.0,routed,173.0,approach-review
8828308eb1fffff,Point Richmond NW 9,,87.5,7.0,0.0,routed,807.0,approach-review
8828308eb5fffff,Point Richmond NW 8,,81.5,6.52,2886.0,routed,213.0,approach-review
8828308eb7fffff,North Richmond W 11,,94.5,7.56,2093.0,routed,174.0,approach-review
8828308ebdfffff,Point Richmond NW 7,,77.1,6.16,163.0,routed,172.0,approach-review
8828308ec5fffff,Point Richmond SW 5,,55.3,4.42,0.0,routed,2237.0,approach-review
8828308ec7fffff,Point Richmond W 6,,57.0,4.56,0.0,routed,1463.0,approach-review
8828308ee1fffff,Point Richmond SW 3,,21.2,1.7,0.0,routed,1075.0,approach-review
8828308ee3fffff,Point Richmond W 2,,43.5,3.48,0.0,routed,375.0,approach-review
8828308ee5fffff,Point Richmond SW,,9.2,0.74,3297.0,routed,258.0,approach-review
8828308ee7fffff,Point Richmond W,,19.8,1.58,979.0,routed,273.0,approach-review
8828308ee9fffff,Point Richmond SW 4,,39.4,3.15,0.0,routed,1557.0,approach-review
8828308eebfffff,Point Richmond W 3,,46.5,3.72,0.0,routed,620.0,approach-review
8828308eedfffff,Point Richmond SW 2,,25.6,2.05,0.0,routed,699.0,approach-review
8828308f01fffff,Idaho Apartments,,18.6,1.49,12804.0,routed,120.0,approach-review
8828308f03fffff,Richmond Annex,,11.5,0.92,12277.0,routed,105.0,approach-review
8828308f05fffff,Kensington W,,15.9,1.27,8958.0,routed,194.0,approach-review
8828308f07fffff,Cerrito Vista Park,,4.1,0.33,10331.0,routed,85.0,network-estimate
8828308f09fffff,Albany Hill Park,,16.8,1.34,6321.0,routed,75.0,network-estimate
8828308f0bfffff,Richmond Annex S,,22.0,1.76,9782.0,routed,114.0,approach-review
8828308f0dfffff,Idaho Apartments SE,,8.5,0.68,10549.0,routed,115.0,approach-review
8828308f11fffff,Crescent Park Apartments,,11.7,0.94,8690.0,routed,84.0,network-estimate
8828308f13fffff,Crescent Park Apartments NW,,4.3,0.34,8069.0,routed,99.0,network-estimate
8828308f15fffff,Crescent Park Apartments E,,6.6,0.53,10758.0,routed,106.0,approach-review
8828308f17fffff,State Court Park,,7.1,0.57,9254.0,routed,47.0,network-estimate
8828308f19fffff,Crescent Park Apartments SW,,18.4,1.47,0.0,routed,607.0,approach-review
8828308f1bfffff,Marina Bay E,,25.4,2.03,7895.0,routed,113.0,approach-review
8828308f1dfffff,Richmond Annex W,,10.3,0.83,5108.0,routed,183.0,approach-review
8828308f21fffff,Kensington N,,29.5,2.36,2902.0,routed,275.0,approach-review
8828308f23fffff,Kensington N 2,,26.4,2.11,2606.0,routed,343.0,approach-review
8828308f25fffff,Kensington NE,,72.1,5.77,0.0,routed,569.0,approach-review
8828308f27fffff,Kensington N 3,,38.1,3.05,0.0,routed,1004.0,approach-review
8828308f29fffff,Kensington,,33.9,2.71,8749.0,routed,139.0,approach-review
8828308f2bfffff,Kensington NW,,18.7,1.5,9847.0,routed,87.0,network-estimate
8828308f2dfffff,Kensington E,,40.7,3.26,2756.0,routed,171.0,approach-review
8828308f31fffff,Rose Park N,,20.2,1.62,5701.0,routed,216.0,approach-review
8828308f33fffff,East Richmond SE,,24.1,1.93,12349.0,routed,148.0,approach-review
8828308f35fffff,El Cerrito N,,30.6,2.44,4023.0,routed,154.0,approach-review
8828308f37fffff,East Richmond Heights SE 2,,36.9,2.95,1905.0,routed,205.0,approach-review
8828308f39fffff,Rose Park,,13.2,1.05,11101.0,routed,59.0,network-estimate
8828308f3bfffff,Crescent Park Apartments NE,,11.1,0.89,10152.0,routed,78.0,network-estimate
8828308f3dfffff,El Cerrito,,16.8,1.34,5755.0,routed,176.0,approach-review
8828308f51fffff,Albany Hill W,,40.2,3.22,0.0,routed,1542.0,approach-review
8828308f53fffff,Marina Bay SE,,40.9,3.28,0.0,routed,1328.0,approach-review
8828308f55fffff,Albany Hill,,27.8,2.23,437.0,routed,606.0,approach-review
8828308f57fffff,Richmond Annex SW,,29.9,2.39,1255.0,routed,847.0,approach-review
8828308f5bfffff,Marina Bay S 4,,50.8,4.07,0.0,routed,2075.0,approach-review
8828308f61fffff,Thousand Oaks,,16.1,1.29,12563.0,routed,106.0,approach-review
8828308f63fffff,Thousand Oaks NW,,14.6,1.17,9576.0,routed,108.0,approach-review
8828308f67fffff,Kensington SE,,29.3,2.34,11865.0,routed,94.0,network-estimate
8828308f6bfffff,Thousand Oaks W,,5.4,0.43,13332.0,routed,138.0,approach-review
88283099a3fffff,Moraga Royale S 7,,59.9,4.8,837.0,routed,326.0,approach-review
88283099a7fffff,Moraga Royale S 6,,45.3,3.63,0.0,routed,702.0,approach-review
88283099b5fffff,Moraga Royale S 5,,45.9,3.67,1123.0,routed,643.0,approach-review
88283099b7fffff,Moraga Royale SW 2,,36.6,2.93,875.0,routed,601.0,approach-review
882830c001fffff,Clayton Palms Community W 8,,131.2,10.5,0.0,routed,1369.0,approach-review
882830c003fffff,Clayton Palms Community NW 11,,127.3,10.18,0.0,routed,1055.0,approach-review
882830c005fffff,Clayton Palms Community NW 5,,131.1,10.49,0.0,routed,1119.0,approach-review
882830c007fffff,Clayton Palms Community NW 8,,118.0,9.44,0.0,routed,1756.0,approach-review
882830c009fffff,Clayton Palms Community W 9,,139.1,11.12,0.0,routed,1292.0,approach-review
882830c00bfffff,Clayton Palms Community W 12,,139.4,11.15,0.0,routed,616.0,approach-review
882830c00dfffff,Clayton Palms Community W 5,,142.7,11.42,0.0,routed,1505.0,approach-review
882830c011fffff,Clayton Palms Community W 21,,102.6,8.21,0.0,routed,1134.0,approach-review
882830c013fffff,Clayton E 16,,91.2,7.3,0.0,routed,476.0,approach-review
882830c015fffff,Clayton Palms Community NW 16,,109.6,8.77,0.0,routed,1197.0,approach-review
882830c017fffff,Clayton Palms Community NW 18,,99.2,7.94,0.0,routed,1116.0,approach-review
882830c019fffff,Clayton Palms Community W 20,,108.3,8.66,0.0,routed,811.0,approach-review
882830c01bfffff,Clayton SE 23,,88.7,7.1,0.0,routed,970.0,approach-review
882830c01dfffff,Clayton Palms Community W 15,,118.8,9.5,0.0,routed,805.0,approach-review
882830c021fffff,Clayton Palms Community NW 6,,102.0,8.16,0.0,routed,883.0,approach-review
882830c023fffff,Clayton Palms Community NW 9,,100.2,8.01,916.0,routed,891.0,approach-review
882830c025fffff,Clayton Palms Community N 6,,85.0,6.8,979.0,routed,556.0,approach-review
882830c027fffff,Clayton Palms Community N 9,,95.4,7.63,885.0,routed,355.0,approach-review
882830c029fffff,Clayton Palms Community NW 4,,132.3,10.59,1043.0,routed,698.0,approach-review
882830c02bfffff,Clayton Palms Community NW 7,,127.5,10.2,377.0,routed,1075.0,approach-review
882830c02dfffff,Clayton Palms Community N 3,,132.9,10.63,0.0,routed,991.0,approach-review
882830c031fffff,Clayton Palms Community NW 15,,100.8,8.06,0.0,routed,940.0,approach-review
882830c033fffff,Twin Creeks S 4,,80.4,6.43,0.0,routed,714.0,approach-review
882830c035fffff,Clayton Palms Community NW 14,,83.9,6.71,1060.0,routed,927.0,approach-review
882830c037fffff,Tabora Gardens Senior Apartments S 6,,71.3,5.71,1045.0,routed,815.0,approach-review
882830c039fffff,Clayton Palms Community NW 13,,105.6,8.45,0.0,routed,944.0,approach-review
882830c03bfffff,Clayton Palms Community NW 17,,93.2,7.45,0.0,routed,689.0,approach-review
882830c03dfffff,Clayton Palms Community NW 10,,100.4,8.03,0.0,routed,908.0,approach-review
882830c041fffff,Clayton Palms Community W 7,,146.1,11.68,1832.0,routed,708.0,approach-review
882830c043fffff,Clayton Palms Community W 10,,139.7,11.18,615.0,routed,484.0,approach-review
882830c045fffff,Clayton Palms Community W 4,,158.5,12.68,1791.0,routed,437.0,approach-review
882830c047fffff,Clayton Palms Community W 6,,158.1,12.65,0.0,routed,852.0,approach-review
882830c049fffff,Clayton Palms Community SW 10,,156.6,12.53,757.0,routed,892.0,approach-review
882830c04bfffff,Clayton Palms Community W 11,,140.1,11.21,171.0,routed,514.0,approach-review
882830c04dfffff,Clayton Palms Community SW 6,,169.4,13.55,526.0,routed,695.0,approach-review
882830c051fffff,Clayton Palms Community W 18,,120.2,9.62,2059.0,routed,292.0,approach-review
882830c053fffff,Clayton Palms Community W 22,,101.4,8.11,2064.0,routed,160.0,approach-review
882830c055fffff,Clayton Palms Community W 13,,125.4,10.03,523.0,routed,532.0,approach-review
882830c057fffff,Clayton Palms Community W 16,,121.2,9.7,2287.0,routed,297.0,approach-review
882830c059fffff,Clayton Palms Community W 19,,138.5,11.08,2068.0,routed,94.0,network-estimate
882830c05bfffff,Clayton Palms Community W 24,,113.5,9.08,3544.0,routed,161.0,approach-review
882830c05dfffff,Clayton Palms Community W 14,,128.3,10.26,1865.0,routed,333.0,approach-review
882830c061fffff,Clayton Palms Community W,,132.1,10.57,0.0,routed,654.0,approach-review
882830c063fffff,Clayton Palms Community NW 3,,130.9,10.48,0.0,routed,563.0,approach-review
882830c065fffff,Clayton Palms Community NW,,131.4,10.51,346.0,routed,601.0,approach-review
882830c067fffff,Clayton Palms Community NW 2,,120.6,9.65,1049.0,routed,230.0,approach-review
882830c069fffff,Clayton Palms Community W 2,,145.2,11.61,2014.0,routed,279.0,approach-review
882830c06bfffff,Clayton Palms Community W 3,,154.0,12.32,0.0,routed,960.0,approach-review
882830c06dfffff,Clayton Palms Community SW,,131.7,10.53,1121.0,routed,318.0,approach-review
882830c081fffff,Clayton E 10,,71.1,5.69,0.0,routed,683.0,approach-review
882830c083fffff,Clayton E 7,,54.9,4.39,280.0,routed,320.0,approach-review
882830c085fffff,Kirker Creek Apartment Homes S 8,,75.7,6.06,0.0,routed,703.0,approach-review
882830c087fffff,Kirker Creek Apartment Homes S 7,,60.8,4.86,0.0,routed,746.0,approach-review
882830c089fffff,Clayton E 9,,69.7,5.57,0.0,routed,604.0,approach-review
882830c08bfffff,Clayton E 6,,62.3,4.99,0.0,routed,536.0,approach-review
882830c08dfffff,Clayton E 13,,86.7,6.94,0.0,routed,428.0,approach-review
882830c091fffff,Canyon Creek E 4,,45.2,3.62,0.0,routed,574.0,approach-review
882830c093fffff,Canyon Creek E 2,,62.2,4.98,547.0,routed,682.0,approach-review
882830c095fffff,Canyon Creek E 6,,59.6,4.77,244.0,routed,339.0,approach-review
882830c097fffff,Canyon Creek E 5,,48.7,3.89,0.0,routed,921.0,approach-review
882830c099fffff,Clayton NE 2,,32.3,2.59,2102.0,routed,146.0,approach-review
882830c09bfffff,Canyon Creek SE 2,,31.8,2.54,3997.0,routed,220.0,approach-review
882830c09dfffff,Clayton E 4,,49.4,3.95,0.0,routed,315.0,approach-review
882830c0a1fffff,Twin Creeks SW 7,,74.5,5.96,993.0,routed,92.0,network-estimate
882830c0a3fffff,Kirker Creek Apartment Homes SE 5,,73.0,5.84,88.0,routed,759.0,approach-review
882830c0a5fffff,Twin Creeks SW 4,,48.9,3.91,0.0,routed,720.0,approach-review
882830c0a7fffff,Vista Diablo Mobile Estates S 2,,67.1,5.37,636.0,routed,363.0,approach-review
882830c0a9fffff,Twin Creeks SW 9,,83.3,6.66,0.0,routed,157.0,approach-review
882830c0abfffff,Kirker Creek Apartment Homes SE 6,,70.4,5.63,0.0,routed,279.0,approach-review
882830c0adfffff,Twin Creeks SW 6,,69.9,5.59,0.0,routed,235.0,approach-review
882830c0b1fffff,Kirker Creek Apartment Homes S 3,,47.7,3.81,1040.0,routed,317.0,approach-review
882830c0b3fffff,Kirker Creek Apartment Homes S 2,,27.8,2.22,1004.0,routed,884.0,approach-review
882830c0b5fffff,Kirker Creek Apartment Homes SE 4,,58.3,4.66,0.0,routed,592.0,approach-review
882830c0b7fffff,Kirker Creek Apartment Homes SE 2,,38.0,3.04,0.0,routed,1132.0,approach-review
882830c0b9fffff,Kirker Creek Apartment Homes S 6,,52.4,4.19,1026.0,routed,530.0,approach-review
882830c0bbfffff,Kirker Creek Apartment Homes S 4,,40.1,3.2,0.0,routed,943.0,approach-review
882830c0bdfffff,Kirker Creek Apartment Homes S 5,,55.9,4.47,0.0,routed,353.0,approach-review
882830c0c1fffff,Clayton E 11,,69.4,5.55,0.0,routed,696.0,approach-review
882830c0c3fffff,Clayton E 8,,55.6,4.45,0.0,routed,985.0,approach-review
882830c0c5fffff,Clayton E 14,,87.8,7.02,0.0,routed,587.0,approach-review
882830c0c7fffff,Clayton E 12,,69.1,5.52,0.0,routed,670.0,approach-review
882830c0c9fffff,Clayton SE 14,,67.7,5.41,1768.0,routed,350.0,approach-review
882830c0cbfffff,Clayton SE 10,,57.2,4.57,867.0,routed,454.0,approach-review
882830c0cdfffff,Clayton SE 17,,78.5,6.28,0.0,routed,942.0,approach-review
882830c0d1fffff,Clayton E 2,,34.6,2.77,0.0,routed,587.0,approach-review
882830c0d3fffff,Clayton E,,22.6,1.81,2364.0,routed,111.0,approach-review
882830c0d5fffff,Clayton E 5,,44.9,3.59,0.0,routed,949.0,approach-review
882830c0d7fffff,Clayton E 3,,33.7,2.7,0.0,routed,420.0,approach-review
882830c0d9fffff,Clayton SE 4,,36.3,2.91,2798.0,routed,262.0,approach-review
882830c0dbfffff,Clayton SE 2,,21.9,1.75,3749.0,routed,189.0,approach-review
882830c0ddfffff,Clayton SE 6,,53.3,4.26,0.0,routed,225.0,approach-review
882830c0e1fffff,Twin Creeks SW 13,,94.1,7.53,0.0,routed,1138.0,approach-review
882830c0e3fffff,Twin Creeks SW 12,,90.4,7.23,0.0,routed,657.0,approach-review
882830c0e5fffff,Twin Creeks SW 11,,77.7,6.21,0.0,routed,947.0,approach-review
882830c0e7fffff,Twin Creeks SW 10,,76.4,6.11,0.0,routed,758.0,approach-review
882830c0e9fffff,Clayton E 17,,93.5,7.48,0.0,routed,656.0,approach-review
882830c0ebfffff,Clayton E 15,,99.5,7.96,0.0,routed,1142.0,approach-review
882830c0edfffff,Twin Creeks SW 14,,93.5,7.48,0.0,routed,717.0,approach-review
882830c101fffff,Villa Amador Apartments SW 5,,32.7,2.62,1255.0,routed,467.0,approach-review
882830c103fffff,Brighton Station SW 3,,43.1,3.45,809.0,routed,385.0,approach-review
882830c105fffff,Villa Amador Apartments SW 3,,19.5,1.56,6708.0,routed,51.0,network-estimate
882830c107fffff,Villa Amador Apartments SW 4,,33.0,2.64,1332.0,routed,375.0,approach-review
882830c109fffff,Clayton Palms Community NE 5,,42.8,3.43,732.0,routed,611.0,approach-review
882830c10bfffff,Clayton Palms Community NE 6,,49.0,3.92,992.0,routed,246.0,approach-review
882830c10dfffff,Villa Amador Apartments SW 6,,30.1,2.41,2706.0,routed,307.0,approach-review
882830c111fffff,Cross Pointe SW 7,,63.8,5.1,1459.0,routed,873.0,approach-review
882830c113fffff,Quail Lodge S 7,,66.1,5.29,1456.0,routed,576.0,approach-review
882830c115fffff,Cross Pointe SW 6,,52.9,4.23,1295.0,routed,746.0,approach-review
882830c117fffff,Quail Lodge S 6,,53.3,4.26,104.0,routed,620.0,approach-review
882830c119fffff,Clayton Palms Community N 7,,62.2,4.97,686.0,routed,873.0,approach-review
882830c11bfffff,Clayton Palms Community N 10,,73.1,5.84,588.0,routed,762.0,approach-review
882830c11dfffff,Clayton Palms Community N 8,,50.7,4.06,1421.0,routed,541.0,approach-review
882830c121fffff,Villa Amador Apartments SW,,29.8,2.38,6411.0,routed,142.0,approach-review
882830c123fffff,Villa Amador Apartments W,,37.6,3.01,4138.0,routed,294.0,approach-review
882830c125fffff,Villa Amador Apartments SE,,38.0,3.04,10978.0,routed,69.0,network-estimate
882830c127fffff,Villa Amador Apartments,,50.2,4.01,8092.0,routed,43.0,network-estimate
882830c129fffff,Villa Amador Apartments S 2,,14.5,1.16,9771.0,routed,102.0,approach-review
882830c12bfffff,Villa Amador Apartments SW 2,,28.4,2.27,6803.0,routed,240.0,approach-review
882830c12dfffff,Villa Amador Apartments S,,31.4,2.51,8756.0,routed,87.0,detour-review
882830c131fffff,Cross Pointe SW 3,,40.2,3.22,2677.0,routed,329.0,approach-review
882830c133fffff,Cross Pointe SW 2,,32.9,2.63,7366.0,routed,181.0,approach-review
882830c135fffff,Brighton Station SW,,47.1,3.77,6853.0,routed,190.0,approach-review
882830c137fffff,Cross Pointe SW,,30.9,2.47,14209.0,routed,156.0,approach-review
882830c139fffff,Cross Pointe SW 5,,54.3,4.34,0.0,routed,856.0,approach-review
882830c13bfffff,Cross Pointe SW 4,,44.0,3.52,1331.0,routed,126.0,approach-review
882830c13dfffff,Brighton Station SW 2,,47.8,3.83,0.0,routed,475.0,approach-review
882830c141fffff,Clayton Palms Community E 5,,59.1,4.73,1214.0,routed,416.0,approach-review
882830c143fffff,Clayton Palms Community NE 4,,86.7,6.94,2341.0,routed,315.0,approach-review
882830c145fffff,Clayton Palms Community E 8,,50.0,4.0,817.0,routed,269.0,approach-review
882830c147fffff,Clayton Palms Community NE 7,,38.6,3.09,0.0,routed,674.0,approach-review
882830c149fffff,Clayton Palms Community E 4,,78.9,6.31,1232.0,routed,512.0,approach-review
882830c14bfffff,Clayton Palms Community E 3,,78.4,6.27,2286.0,routed,280.0,approach-review
882830c14dfffff,Clayton Palms Community E 7,,63.2,5.05,0.0,routed,742.0,approach-review
882830c151fffff,Clayton Palms Community N 2,,73.0,5.84,153.0,routed,1057.0,approach-review
882830c153fffff,Clayton Palms Community N 4,,75.2,6.02,238.0,routed,1231.0,approach-review
882830c155fffff,Clayton Palms Community NE 3,,69.0,5.52,637.0,routed,733.0,approach-review
882830c157fffff,Clayton Palms Community N 5,,59.6,4.77,1487.0,routed,874.0,approach-review
882830c159fffff,Clayton Palms Community NE,,98.6,7.89,1007.0,routed,366.0,approach-review
882830c15bfffff,Clayton Palms Community N,,109.9,8.79,328.0,routed,1139.0,approach-review
882830c15dfffff,Clayton Palms Community NE 2,,94.8,7.59,1059.0,routed,709.0,approach-review
882830c161fffff,Villa Amador Apartments S 5,,15.7,1.26,4894.0,routed,18.0,network-estimate
882830c163fffff,Villa Amador Apartments S 4,,13.9,1.11,7626.0,routed,222.0,approach-review
882830c165fffff,Woodgate Mobile Home Park SW 6,,34.4,2.75,9577.0,routed,248.0,detour-review
882830c167fffff,Villa Amador Apartments S 3,,4.0,0.32,7208.0,routed,225.0,approach-review
882830c169fffff,Villa Amador Apartments S 7,,40.9,3.27,1915.0,routed,431.0,approach-review
882830c16bfffff,Villa Amador Apartments S 6,,26.5,2.12,4483.0,routed,237.0,approach-review
882830c16dfffff,Woodgate Mobile Home Park SW 8,,23.1,1.85,9690.0,routed,99.0,network-estimate
882830c181fffff,Vista Della Montagna SW 2,,23.0,1.84,6493.0,routed,204.0,approach-review
882830c183fffff,Contra Loma Regional Park,,14.0,1.12,689.0,routed,242.0,approach-review
882830c185fffff,Vista Della Montagna S,,9.7,0.78,11267.0,routed,122.0,approach-review
882830c187fffff,Vista Della Montagna SW,,20.7,1.65,503.0,routed,148.0,approach-review
882830c189fffff,Tabora Gardens Senior Apartments S,,35.6,2.85,952.0,routed,373.0,approach-review
882830c18bfffff,Tabora Gardens Senior Apartments,,21.9,1.75,1517.0,routed,407.0,approach-review
882830c18dfffff,Quail Lodge SW 3,,22.4,1.79,6677.0,routed,118.0,approach-review
882830c191fffff,Twin Creeks SW,,14.7,1.17,1308.0,routed,387.0,approach-review
882830c193fffff,Twin Creeks W 2,,23.4,1.88,6641.0,routed,212.0,approach-review
882830c195fffff,Contra Loma Regional Park NW,,5.8,0.47,1331.0,routed,406.0,approach-review
882830c197fffff,Twin Creeks W,,17.9,1.44,12573.0,routed,102.0,approach-review
882830c199fffff,Twin Creeks SW 2,,17.0,1.36,0.0,routed,1027.0,approach-review
882830c19bfffff,Twin Creeks SW 3,,34.4,2.75,0.0,routed,792.0,approach-review
882830c19dfffff,Contra Loma Regional Park SW,,7.4,0.59,0.0,routed,418.0,approach-review
882830c1a1fffff,Quail Lodge NW,,17.1,1.37,10692.0,routed,193.0,approach-review
882830c1a3fffff,Vista Della Montagna NE,,12.2,0.97,11070.0,routed,143.0,approach-review
882830c1a5fffff,Quail Lodge N,,33.1,2.65,8113.0,routed,67.0,network-estimate
882830c1a7fffff,Antioch Hillcrest Terrace,,28.1,2.25,10889.0,routed,125.0,approach-review
882830c1a9fffff,Quail Lodge W,,8.0,0.64,10593.0,routed,13.0,network-estimate
882830c1abfffff,Vista Della Montagna SE,,9.0,0.72,7956.0,routed,65.0,network-estimate
882830c1adfffff,Quail Lodge,,16.5,1.32,9933.0,routed,67.0,network-estimate
882830c1b1fffff,Chichibu Park,,16.3,1.31,8307.0,routed,64.0,network-estimate
882830c1b3fffff,Somerset Senior Apartments,,24.4,1.95,9996.0,routed,83.0,network-estimate
882830c1b5fffff,Valley Mountain,,13.3,1.06,8415.0,routed,50.0,network-estimate
882830c1b7fffff,Almond Knolls,,22.1,1.76,8043.0,routed,141.0,approach-review
882830c1b9fffff,Antioch Community Park,,14.5,1.16,3948.0,routed,190.0,approach-review
882830c1bbfffff,Twin Creeks,,25.5,2.04,10388.0,routed,142.0,approach-review
882830c1bdfffff,Vista Della Montagna,,1.9,0.15,6816.0,routed,101.0,approach-review
882830c1c1fffff,Quail Lodge SW 6,,58.3,4.66,0.0,routed,145.0,approach-review
882830c1c3fffff,Tabora Gardens Senior Apartments S 3,,46.3,3.7,0.0,routed,800.0,approach-review
882830c1c5fffff,Quail Lodge SW 5,,49.3,3.95,653.0,routed,614.0,approach-review
882830c1c7fffff,Quail Lodge SW 4,,42.2,3.38,895.0,routed,281.0,approach-review
882830c1c9fffff,Clayton Palms Community NW 12,,67.4,5.39,0.0,routed,803.0,approach-review
882830c1cbfffff,Tabora Gardens Senior Apartments S 5,,67.6,5.41,0.0,routed,314.0,approach-review
882830c1cdfffff,Quail Lodge SW 7,,59.8,4.78,505.0,routed,781.0,approach-review
882830c1d1fffff,Twin Creeks S 2,,46.2,3.69,0.0,routed,368.0,approach-review
882830c1d3fffff,Twin Creeks SW 5,,46.8,3.75,0.0,routed,324.0,approach-review
882830c1d5fffff,Tabora Gardens Senior Apartments S 2,,40.1,3.21,0.0,routed,305.0,approach-review
882830c1d7fffff,Twin Creeks S,,29.4,2.35,0.0,routed,837.0,approach-review
882830c1d9fffff,Twin Creeks S 3,,64.5,5.16,526.0,routed,823.0,approach-review
882830c1dbfffff,Twin Creeks SW 8,,61.7,4.94,0.0,routed,399.0,approach-review
882830c1ddfffff,Tabora Gardens Senior Apartments S 4,,53.7,4.3,0.0,routed,566.0,approach-review
882830c1e1fffff,Quail Lodge S 3,,28.9,2.31,5878.0,routed,87.0,network-estimate
882830c1e3fffff,Quail Lodge SW,,15.8,1.26,12059.0,routed,173.0,approach-review
882830c1e5fffff,Quail Lodge S 2,,18.6,1.49,13176.0,routed,93.0,network-estimate
882830c1e7fffff,Quail Lodge S,,16.9,1.35,8596.0,routed,167.0,approach-review
882830c1e9fffff,Quail Lodge S 5,,37.2,2.98,0.0,routed,920.0,approach-review
882830c1ebfffff,Quail Lodge SW 2,,25.2,2.02,2738.0,routed,382.0,approach-review
882830c1edfffff,Quail Lodge S 4,,32.4,2.59,2170.0,routed,187.0,approach-review
882830c201fffff,Blackhawk NE 14,,117.2,9.38,0.0,routed,655.0,approach-review
882830c203fffff,Blackhawk NE 12,,121.3,9.71,0.0,routed,1223.0,approach-review
882830c205fffff,Clayton Palms Community SW 21,,135.6,10.85,999.0,routed,149.0,approach-review
882830c207fffff,Clayton Palms Community SW 22,,137.9,11.03,737.0,routed,577.0,approach-review
882830c209fffff,Wendt Ranch NE 15,,100.2,8.02,0.0,routed,495.0,approach-review
882830c20bfffff,Blackhawk NE 11,,110.1,8.8,0.0,routed,379.0,approach-review
882830c20dfffff,Wendt Ranch NE 19,,116.1,9.29,0.0,routed,423.0,approach-review
882830c211fffff,Hidden Oaks NE 15,,119.1,9.53,0.0,routed,1046.0,approach-review
882830c213fffff,Hidden Oaks NE 13,,136.5,10.92,476.0,routed,616.0,approach-review
882830c215fffff,Blackhawk NE 13,,138.7,11.1,0.0,routed,910.0,approach-review
882830c217fffff,Hidden Oaks NE 17,,147.6,11.81,1076.0,routed,389.0,approach-review
882830c219fffff,Blackhawk NE 8,,112.8,9.02,0.0,routed,542.0,approach-review
882830c21bfffff,Hidden Oaks NE 11,,103.9,8.31,0.0,routed,1228.0,approach-review
882830c21dfffff,Blackhawk NE 10,,126.0,10.08,0.0,routed,1058.0,approach-review
882830c221fffff,Clayton Palms Community SW 12,,162.1,12.97,0.0,routed,1360.0,approach-review
882830c223fffff,Clayton Palms Community SW 13,,164.8,13.19,14.0,routed,1079.0,approach-review
882830c225fffff,Clayton Palms Community SW 9,,182.0,14.56,0.0,routed,1447.0,approach-review
882830c227fffff,Clayton Palms Community SW 8,,170.4,13.63,20.0,routed,778.0,approach-review
882830c229fffff,Clayton Palms Community SW 17,,151.7,12.13,0.0,routed,798.0,approach-review
882830c22bfffff,Clayton Palms Community SW 16,,153.1,12.25,0.0,routed,798.0,approach-review
882830c22dfffff,Clayton Palms Community SW 14,,165.2,13.22,0.0,routed,1129.0,approach-review
882830c231fffff,Clayton Palms Community SW 20,,151.2,12.1,2366.0,routed,26.0,network-estimate
882830c233fffff,Clayton Palms Community W 23,,135.7,10.85,2054.0,routed,186.0,approach-review
882830c235fffff,Clayton Palms Community SW 15,,157.1,12.57,0.0,routed,763.0,approach-review
882830c237fffff,Clayton Palms Community W 17,,148.6,11.89,644.0,routed,348.0,approach-review
882830c239fffff,Clayton Palms Community SW 24,,163.2,13.06,59.0,routed,622.0,approach-review
882830c23bfffff,Hidden Oaks NE 21,,145.5,11.64,0.0,routed,717.0,approach-review
882830c23dfffff,Clayton Palms Community SW 18,,154.7,12.38,1836.0,routed,268.0,approach-review
882830c241fffff,Wendt Ranch NE 8,,76.6,6.13,92.0,routed,533.0,approach-review
882830c243fffff,Wendt Ranch NE 10,,90.7,7.25,0.0,routed,521.0,approach-review
882830c245fffff,Wendt Ranch NE 12,,88.3,7.07,0.0,routed,206.0,approach-review
882830c247fffff,Wendt Ranch NE 13,,92.2,7.37,0.0,routed,639.0,approach-review
882830c249fffff,Wendt Ranch NE 5,,64.7,5.17,999.0,routed,150.0,approach-review
882830c24bfffff,Wendt Ranch NE 6,,76.8,6.14,0.0,routed,820.0,approach-review
882830c24dfffff,Wendt Ranch NE 9,,80.7,6.46,0.0,routed,678.0,approach-review
882830c251fffff,Blackhawk NE 6,,104.9,8.4,0.0,routed,396.0,approach-review
882830c253fffff,Blackhawk NE 5,,91.6,7.32,0.0,routed,772.0,approach-review
882830c255fffff,Blackhawk NE 9,,103.0,8.24,0.0,routed,986.0,approach-review
882830c257fffff,Blackhawk NE 7,,117.5,9.4,0.0,routed,378.0,approach-review
882830c259fffff,Blackhawk E 2,,53.4,4.27,0.0,routed,842.0,approach-review
882830c25bfffff,Blackhawk NE 3,,54.4,4.35,0.0,routed,978.0,approach-review
882830c25dfffff,Oak Gate NE 3,,102.3,8.19,0.0,routed,1211.0,approach-review
882830c261fffff,Wendt Ranch NE 22,,116.1,9.29,1065.0,routed,464.0,approach-review
882830c263fffff,Clayton Palms Community SW 23,,128.8,10.3,2640.0,routed,659.0,approach-review
882830c265fffff,Clayton Palms Community S 21,,135.5,10.84,956.0,routed,408.0,approach-review
882830c267fffff,Clayton Palms Community SW 19,,141.2,11.29,0.0,routed,863.0,approach-review
882830c269fffff,Wendt Ranch NE 18,,101.4,8.11,0.0,routed,956.0,approach-review
882830c26bfffff,Wendt Ranch NE 17,,106.9,8.56,0.0,routed,537.0,approach-review
882830c26dfffff,Wendt Ranch NE 23,,139.8,11.19,0.0,routed,755.0,approach-review
882830c281fffff,Clayton SE 20,,113.0,9.04,0.0,routed,426.0,approach-review
882830c283fffff,Clayton S 13,,78.4,6.27,0.0,routed,839.0,approach-review
882830c285fffff,Clayton SE 22,,125.3,10.03,0.0,routed,321.0,approach-review
882830c287fffff,Clayton SE 16,,100.9,8.07,0.0,routed,572.0,approach-review
882830c289fffff,Diablo Country Club NE 15,,121.9,9.75,533.0,routed,143.0,approach-review
882830c28bfffff,Diablo Country Club NE 16,,99.2,7.93,0.0,routed,637.0,approach-review
882830c28dfffff,Diablo Country Club NE 17,,120.1,9.61,0.0,routed,999.0,approach-review
882830c291fffff,Clayton S 12,,67.7,5.41,0.0,routed,542.0,approach-review
882830c293fffff,Clayton S 10,,72.3,5.78,0.0,routed,913.0,approach-review
882830c295fffff,Clayton S 11,,63.7,5.1,0.0,routed,517.0,approach-review
882830c297fffff,Clayton S 9,,54.6,4.37,0.0,routed,232.0,approach-review
882830c299fffff,Diablo Country Club N 11,,92.6,7.41,0.0,routed,709.0,approach-review
882830c29bfffff,North Gate E 11,,90.5,7.24,0.0,routed,1176.0,approach-review
882830c29dfffff,Clayton S 14,,88.8,7.1,0.0,routed,398.0,approach-review
882830c2a1fffff,Clayton SE 21,,89.2,7.14,1749.0,routed,219.0,approach-review
882830c2a3fffff,Clayton SE 15,,74.2,5.94,767.0,routed,225.0,approach-review
882830c2a5fffff,Clayton SE 25,,89.4,7.15,3034.0,routed,133.0,approach-review
882830c2a7fffff,Clayton SE 19,,77.3,6.18,1391.0,routed,393.0,approach-review
882830c2a9fffff,Clayton SE 24,,100.5,8.04,0.0,routed,728.0,approach-review
882830c2abfffff,Clayton SE 18,,87.7,7.02,0.0,routed,626.0,approach-review
882830c2adfffff,Clayton Palms Community W 26,,101.8,8.15,1361.0,routed,243.0,approach-review
882830c2b1fffff,Clayton SE 9,,58.6,4.69,667.0,routed,590.0,approach-review
882830c2b3fffff,Clayton SE 5,,44.1,3.53,375.0,routed,398.0,approach-review
882830c2b5fffff,Clayton SE 11,,62.5,5.0,3116.0,routed,328.0,approach-review
882830c2b7fffff,Clayton SE 7,,47.2,3.77,2479.0,routed,193.0,approach-review
882830c2b9fffff,Clayton SE 12,,66.6,5.33,0.0,routed,261.0,approach-review
882830c2bbfffff,Clayton SE 8,,55.6,4.45,0.0,routed,368.0,approach-review
882830c2bdfffff,Clayton SE 13,,73.5,5.88,1283.0,routed,458.0,approach-review
882830c2c1fffff,Hidden Oaks NE 12,,141.9,11.35,0.0,routed,1396.0,approach-review
882830c2c3fffff,Diablo Country Club NE 11,,132.0,10.56,0.0,routed,606.0,approach-review
882830c2c5fffff,Hidden Oaks NE 14,,144.7,11.58,0.0,routed,1275.0,approach-review
882830c2c7fffff,Diablo Country Club NE 14,,132.7,10.62,0.0,routed,1010.0,approach-review
882830c2c9fffff,Hidden Oaks NE 8,,113.0,9.04,0.0,routed,1311.0,approach-review
882830c2cbfffff,Diablo Country Club NE 8,,129.3,10.35,0.0,routed,875.0,approach-review
882830c2cdfffff,Hidden Oaks NE 10,,122.9,9.84,0.0,routed,1356.0,approach-review
882830c2d1fffff,Diablo Country Club NE 10,,118.8,9.5,1039.0,routed,33.0,network-estimate
882830c2d3fffff,Diablo Country Club N 9,,104.4,8.35,0.0,routed,488.0,approach-review
882830c2d5fffff,Diablo Country Club NE 12,,126.5,10.12,2429.0,routed,261.0,approach-review
882830c2d7fffff,Diablo Country Club NE 13,,106.1,8.49,0.0,routed,619.0,approach-review
882830c2d9fffff,Diablo Country Club NE 7,,103.8,8.31,1653.0,routed,136.0,approach-review
882830c2dbfffff,Diablo Country Club N 7,,83.6,6.69,700.0,routed,736.0,approach-review
882830c2ddfffff,Diablo Country Club NE 9,,117.4,9.4,1404.0,routed,198.0,approach-review
882830c2e1fffff,Hidden Oaks NE 20,,133.7,10.7,170.0,routed,258.0,approach-review
882830c2e3fffff,Hidden Oaks NE 22,,130.0,10.4,0.0,routed,1061.0,approach-review
882830c2e5fffff,Clayton Palms Community W 25,,127.4,10.19,1672.0,routed,377.0,approach-review
882830c2e7fffff,Clayton Palms Community W 27,,115.5,9.24,1255.0,routed,228.0,approach-review
882830c2e9fffff,Hidden Oaks NE 16,,147.6,11.81,0.0,routed,826.0,approach-review
882830c2ebfffff,Hidden Oaks NE 18,,138.4,11.07,0.0,routed,1454.0,approach-review
882830c2edfffff,Hidden Oaks NE 19,,141.7,11.33,935.0,routed,255.0,approach-review
882830c301fffff,Clayton Palms Community S 6,,146.0,11.68,0.0,routed,1171.0,approach-review
882830c303fffff,Clayton Palms Community S 4,,117.0,9.36,0.0,routed,1646.0,approach-review
882830c305fffff,Clayton Palms Community SE 6,,126.2,10.09,0.0,routed,934.0,approach-review
882830c307fffff,Clayton Palms Community SE 3,,108.6,8.68,0.0,routed,968.0,approach-review
882830c309fffff,Clayton Palms Community S 9,,153.0,12.24,0.0,routed,1408.0,approach-review
882830c30bfffff,Clayton Palms Community S 7,,173.7,13.89,0.0,routed,1274.0,approach-review
882830c30dfffff,Clayton Palms Community SE 9,,141.8,11.34,0.0,routed,829.0,approach-review
882830c311fffff,Clayton Palms Community SW 4,,160.9,12.87,0.0,routed,1040.0,approach-review
882830c313fffff,Clayton Palms Community SW 3,,157.7,12.61,0.0,routed,546.0,approach-review
882830c315fffff,Clayton Palms Community S 3,,157.7,12.62,0.0,routed,1343.0,approach-review
882830c317fffff,Clayton Palms Community SW 2,,147.7,11.82,0.0,routed,543.0,approach-review
882830c319fffff,Clayton Palms Community SW 7,,190.6,15.25,0.0,routed,1523.0,approach-review
882830c31bfffff,Clayton Palms Community SW 5,,174.7,13.98,0.0,routed,843.0,approach-review
882830c31dfffff,Clayton Palms Community S 5,,169.0,13.52,0.0,routed,1629.0,approach-review
882830c321fffff,Clayton Palms Community SE 7,,119.0,9.52,372.0,routed,677.0,approach-review
882830c323fffff,Clayton Palms Community SE 4,,92.9,7.43,0.0,routed,699.0,approach-review
882830c325fffff,Clayton Palms Community E 9,,110.4,8.84,0.0,routed,1299.0,approach-review
882830c327fffff,Clayton Palms Community E 6,,97.8,7.82,0.0,routed,1328.0,approach-review
882830c329fffff,Clayton Palms Community SE 8,,119.0,9.52,342.0,routed,796.0,approach-review
882830c32bfffff,Clayton Palms Community SE 5,,109.3,8.75,896.0,routed,492.0,approach-review
882830c32dfffff,Clayton Palms Community SE 11,,109.4,8.75,874.0,routed,264.0,approach-review
882830c331fffff,Clayton Palms Community SE,,107.6,8.61,1163.0,routed,222.0,approach-review
882830c333fffff,Clayton Palms Community,,123.5,9.88,3142.0,routed,167.0,approach-review
882830c335fffff,Clayton Palms Community E 2,,85.3,6.83,2168.0,routed,331.0,approach-review
882830c337fffff,Clayton Palms Community E,,89.8,7.18,1443.0,routed,246.0,approach-review
882830c339fffff,Clayton Palms Community S 2,,108.5,8.68,0.0,routed,847.0,approach-review
882830c33bfffff,Clayton Palms Community S,,123.7,9.89,0.0,routed,724.0,approach-review
882830c33dfffff,Clayton Palms Community SE 2,,97.5,7.8,1423.0,routed,82.0,network-estimate
882830c341fffff,Clayton Palms Community S 18,,172.1,13.76,0.0,routed,530.0,approach-review
882830c343fffff,Clayton Palms Community S 13,,166.1,13.29,0.0,routed,672.0,approach-review
882830c345fffff,Clayton Palms Community S 17,,176.6,14.13,0.0,routed,1509.0,approach-review
882830c347fffff,Clayton Palms Community S 12,,153.8,12.31,0.0,routed,1478.0,approach-review
882830c349fffff,Clayton Palms Community S 23,,196.4,15.71,0.0,routed,773.0,approach-review
882830c34bfffff,Clayton Palms Community S 19,,182.4,14.59,0.0,routed,1065.0,approach-review
882830c34dfffff,Clayton Palms Community S 22,,184.5,14.76,0.0,routed,181.0,approach-review
882830c351fffff,Clayton Palms Community S 11,,166.4,13.31,0.0,routed,941.0,approach-review
882830c353fffff,Clayton Palms Community SW 11,,172.7,13.82,0.0,routed,1444.0,approach-review
882830c355fffff,Clayton Palms Community S 10,,170.8,13.66,0.0,routed,1042.0,approach-review
882830c357fffff,Clayton Palms Community S 8,,186.5,14.92,0.0,routed,902.0,approach-review
882830c359fffff,Clayton Palms Community S 16,,152.3,12.18,0.0,routed,829.0,approach-review
882830c35bfffff,Clayton Palms Community S 15,,146.6,11.73,0.0,routed,1117.0,approach-review
882830c35dfffff,Clayton Palms Community S 14,,170.8,13.67,0.0,routed,747.0,approach-review
882830c361fffff,Clayton Palms Community SE 15,,128.3,10.27,0.0,routed,1392.0,approach-review
882830c363fffff,Clayton Palms Community SE 10,,128.5,10.28,0.0,routed,927.0,approach-review
882830c365fffff,Clayton Palms Community SE 17,,115.1,9.21,0.0,routed,1167.0,approach-review
882830c367fffff,Clayton Palms Community SE 12,,116.0,9.28,0.0,routed,637.0,approach-review
882830c369fffff,Clayton Palms Community SE 18,,172.0,13.76,0.0,routed,588.0,approach-review
882830c36bfffff,Clayton Palms Community SE 13,,147.7,11.82,0.0,routed,1303.0,approach-review
882830c36dfffff,Clayton Palms Community SE 20,,158.0,12.64,0.0,routed,1097.0,approach-review
882830c401fffff,Penny Lane,,22.9,1.83,8210.0,routed,56.0,network-estimate
882830c403fffff,Kona Kai Villege,,7.1,0.57,8934.0,routed,86.0,network-estimate
882830c405fffff,Turtle Dove Terrace,,23.8,1.9,9738.0,routed,113.0,approach-review
882830c407fffff,Willow Pass Mobile Home Park SE,,12.4,1.0,10194.0,routed,116.0,approach-review
882830c409fffff,Concord Community Park,,32.5,2.6,8071.0,routed,95.0,network-estimate
882830c40bfffff,Lincoln Arms,,19.7,1.58,9969.0,routed,115.0,approach-review
882830c40dfffff,Vista Heights,,32.1,2.57,8627.0,routed,57.0,network-estimate
882830c411fffff,Concord,,6.1,0.49,8450.0,routed,9.0,network-estimate
882830c413fffff,Benton Arms Apartments,,11.5,0.92,9594.0,routed,187.0,approach-review
882830c415fffff,Willow Walk,,5.4,0.43,9842.0,routed,143.0,approach-review
882830c417fffff,Sun Terrace S,,17.5,1.4,11430.0,routed,64.0,network-estimate
882830c419fffff,Concord SW,,10.5,0.84,7025.0,routed,24.0,network-estimate
882830c41bfffff,Benton Arms Apartments SW,,5.5,0.44,6550.0,routed,65.0,network-estimate
882830c41dfffff,Blue Oak Square,,7.3,0.58,10365.0,routed,40.0,network-estimate
882830c421fffff,Bishop Estates NW 2,,55.1,4.41,846.0,routed,301.0,detour-review
882830c423fffff,Willow Pass Mobile Home Park NE 3,,61.5,4.92,416.0,routed,311.0,detour-review
882830c425fffff,Bishop Estates N,,60.8,4.86,940.0,routed,199.0,detour-review
882830c427fffff,Bishop Estates N 3,,49.2,3.94,941.0,routed,104.0,detour-review
882830c429fffff,Bishop Estates W 2,,24.8,1.99,8271.0,routed,15.0,network-estimate
882830c42bfffff,Willow Pass Mobile Home Park E,,5.6,0.44,11099.0,routed,121.0,approach-review
882830c42dfffff,Bishop Estates NW,,42.9,3.43,1153.0,routed,226.0,approach-review
882830c431fffff,Willow Pass Mobile Home Park N,,21.8,1.74,0.0,routed,32.0,network-estimate
882830c433fffff,Sun Terrace E,,33.4,2.67,988.0,routed,210.0,approach-review
882830c435fffff,Willow Pass Mobile Home Park NE 2,,30.2,2.42,1158.0,routed,296.0,approach-review
882830c437fffff,Sun Terrace E 2,,37.2,2.97,0.0,routed,326.0,approach-review
882830c439fffff,Willow Pass Mobile Home Park,,6.1,0.49,3894.0,routed,202.0,approach-review
882830c43bfffff,Sun Terrace SE,,8.3,0.66,8055.0,routed,185.0,approach-review
882830c43dfffff,Willow Pass Mobile Home Park NE,,15.4,1.23,8633.0,routed,78.0,network-estimate
882830c441fffff,Ygnacio Hills,,29.7,2.37,5372.0,routed,14.0,network-estimate
882830c443fffff,Concord Mobile Home Park E,,16.2,1.29,4539.0,routed,130.0,approach-review
882830c445fffff,Rose,,32.1,2.57,10650.0,routed,57.0,network-estimate
882830c447fffff,Canterbury Village W,,34.6,2.77,9881.0,routed,134.0,approach-review
882830c449fffff,Ygnacio Wood,,26.2,2.1,9120.0,routed,73.0,network-estimate
882830c44bfffff,The Palms,,22.6,1.8,10524.0,routed,97.0,network-estimate
882830c44dfffff,Limeridge,,40.5,3.24,1054.0,routed,288.0,approach-review
882830c451fffff,Diablo Mobile Lodge,,20.9,1.67,6374.0,routed,15.0,network-estimate
882830c453fffff,Castilian,,26.4,2.11,8828.0,routed,176.0,approach-review
882830c455fffff,Town & Country Mobile Home Park,,9.2,0.73,9251.0,routed,130.0,approach-review
882830c457fffff,Palm Terrace Appartments,,16.0,1.28,8447.0,routed,67.0,network-estimate
882830c459fffff,Fruitbowl,,28.4,2.27,9941.0,routed,122.0,approach-review
882830c45bfffff,CityPlace Apartments,,21.8,1.74,9870.0,routed,138.0,approach-review
882830c45dfffff,Concord Mobile Home Park,,31.2,2.5,5288.0,routed,82.0,detour-review
882830c461fffff,Turtle Creek NE,,10.4,0.83,6718.0,routed,51.0,network-estimate
882830c463fffff,Clayton-West Apartments,,25.7,2.06,10041.0,routed,91.0,network-estimate
882830c465fffff,Bishop Estates S,,12.3,0.98,10492.0,routed,92.0,network-estimate
882830c467fffff,Bishop Estates W,,26.9,2.15,11657.0,routed,111.0,approach-review
882830c469fffff,Turtle Creek,,22.0,1.76,10404.0,routed,92.0,network-estimate
882830c46bfffff,Canterbury Village,,21.9,1.75,11525.0,routed,91.0,network-estimate
882830c46dfffff,Turtle Creek E,,5.6,0.44,6551.0,routed,105.0,approach-review
882830c481fffff,Dalis Gardens NW 2,,42.5,3.4,908.0,routed,60.0,network-estimate
882830c483fffff,Vine Hill NE 3,,60.3,4.82,358.0,routed,211.0,approach-review
882830c485fffff,Dalis Gardens N,,39.2,3.14,0.0,routed,552.0,approach-review
882830c487fffff,Dalis Gardens NW 3,,52.9,4.23,1813.0,routed,120.0,approach-review
882830c489fffff,Dalis Gardens W,,36.6,2.92,493.0,routed,148.0,approach-review
882830c48bfffff,Vine Hill E 2,,45.1,3.61,528.0,routed,161.0,approach-review
882830c48dfffff,Dalis Gardens NW,,33.4,2.67,953.0,routed,275.0,approach-review
882830c491fffff,Waterbird Regional Preserve,,59.7,4.77,1774.0,routed,310.0,approach-review
882830c493fffff,Vine Hill N 2,,51.8,4.15,1717.0,routed,102.0,approach-review
882830c495fffff,Vine Hill NE 2,,68.9,5.51,0.0,routed,504.0,approach-review
882830c497fffff,Vine Hill N 3,,60.2,4.82,959.0,routed,246.0,approach-review
882830c499fffff,Vine Hill N,,53.2,4.26,7379.0,routed,50.0,network-estimate
882830c49bfffff,Vine Hill NW,,38.1,3.05,1170.0,routed,144.0,approach-review
882830c49dfffff,Vine Hill NE,,59.2,4.74,1355.0,routed,291.0,approach-review
882830c4a1fffff,Clyde W,,56.0,4.48,234.0,routed,520.0,approach-review
882830c4a3fffff,Clyde NW 2,,67.6,5.41,379.0,routed,687.0,approach-review
882830c4a5fffff,Clyde,,70.0,5.6,5230.0,routed,145.0,approach-review
882830c4a7fffff,Clyde NW,,77.3,6.18,2090.0,routed,395.0,approach-review
882830c4a9fffff,Clyde SW,,45.8,3.66,0.0,routed,405.0,approach-review
882830c4abfffff,Clyde W 2,,52.9,4.23,847.0,routed,393.0,approach-review
882830c4adfffff,Clyde S,,50.1,4.01,4753.0,routed,32.0,network-estimate
882830c4b1fffff,Clyde W 4,,77.3,6.19,959.0,routed,312.0,approach-review
882830c4b3fffff,Vine Hill NE 6,,84.1,6.73,215.0,routed,793.0,approach-review
882830c4b5fffff,Clyde NW 4,,75.2,6.02,972.0,routed,1009.0,approach-review
882830c4b7fffff,Clyde NW 6,,89.2,7.14,0.0,routed,1263.0,approach-review
882830c4b9fffff,Vine Hill NE 4,,62.4,5.0,870.0,routed,160.0,approach-review
882830c4bbfffff,Vine Hill NE 5,,71.5,5.72,2194.0,routed,181.0,approach-review
882830c4bdfffff,Clyde W 3,,74.8,5.99,0.0,routed,238.0,approach-review
882830c4c1fffff,Pacheco NE,,17.9,1.43,7702.0,routed,183.0,approach-review
882830c4c3fffff,Pacheco N,,29.8,2.38,2834.0,routed,69.0,network-estimate
882830c4c5fffff,Terraza Del Sol,,14.5,1.16,4772.0,routed,136.0,approach-review
882830c4c7fffff,Terraza Del Sol W,,24.8,1.98,3047.0,routed,56.0,network-estimate
882830c4c9fffff,Camelback NE,,7.4,0.59,5751.0,routed,81.0,network-estimate
882830c4cbfffff,Pacheco,,6.4,0.51,9258.0,routed,48.0,network-estimate
882830c4cdfffff,Benton Arms Apartments W,,22.1,1.77,1932.0,routed,65.0,network-estimate
882830c4d1fffff,Vine Hill S,,19.1,1.53,6244.0,routed,138.0,approach-review
882830c4d3fffff,Vine Hill,,40.4,3.24,3710.0,routed,129.0,approach-review
882830c4d5fffff,Vine Hill SE,,27.8,2.23,4955.0,routed,93.0,network-estimate
882830c4d7fffff,Vine Hill E,,54.2,4.33,1460.0,routed,261.0,approach-review
882830c4d9fffff,Traditions at the Meadow NE,,10.1,0.81,7530.0,routed,59.0,network-estimate
882830c4dbfffff,Traditions at the Meadow N,,24.9,2.0,9398.0,routed,116.0,approach-review
882830c4ddfffff,Pacheco NW,,15.9,1.27,7091.0,routed,7.0,network-estimate
882830c4e1fffff,Northwood,,18.2,1.45,6447.0,routed,165.0,approach-review
882830c4e3fffff,Northwood NW,,30.6,2.45,2016.0,routed,52.0,network-estimate
882830c4e5fffff,Sun Terrace NE,,31.2,2.49,6503.0,routed,162.0,approach-review
882830c4e7fffff,Sun Terrace N,,38.2,3.06,3849.0,routed,100.0,network-estimate
882830c4e9fffff,Adobe Mobile Lodge,,1.9,0.15,9283.0,routed,73.0,network-estimate
882830c4ebfffff,Dalis Gardens,,16.3,1.31,8483.0,routed,52.0,network-estimate
882830c4edfffff,Sun Terrace,,21.9,1.75,9337.0,routed,154.0,approach-review
882830c501fffff,Oak Hills SE 3,,72.9,5.83,0.0,routed,1096.0,approach-review
882830c503fffff,Oak Hills S 2,,69.2,5.53,920.0,routed,806.0,approach-review
882830c505fffff,Woodland Hills Apartment Homes SW 5,,89.1,7.13,0.0,routed,1034.0,approach-review
882830c507fffff,Oak Hills SE 2,,96.5,7.72,0.0,routed,560.0,approach-review
882830c509fffff,Canyon Creek N,,69.3,5.54,0.0,routed,721.0,approach-review
882830c50bfffff,Oak Hills S 4,,58.0,4.64,927.0,routed,469.0,approach-review
882830c50dfffff,Canyon Creek NE 3,,81.5,6.52,0.0,routed,769.0,approach-review
882830c511fffff,Oak Hills SW,,90.4,7.23,0.0,routed,227.0,approach-review
882830c513fffff,Vista Del Mar SW,,90.5,7.24,1223.0,routed,168.0,approach-review
882830c515fffff,Oak Hills S,,78.0,6.24,263.0,routed,386.0,approach-review
882830c517fffff,Vista Del Mar S,,98.9,7.91,4522.0,routed,280.0,approach-review
882830c519fffff,Bishop Estates N 2,,71.6,5.73,0.0,routed,413.0,approach-review
882830c51bfffff,Vista Del Mar SW 2,,67.9,5.43,0.0,routed,199.0,approach-review
882830c51dfffff,Oak Hills S 3,,66.7,5.34,0.0,routed,611.0,approach-review
882830c521fffff,Woodland Hills Apartment Homes W,,32.7,2.61,0.0,routed,217.0,approach-review
882830c523fffff,Woodland Hills Apartment Homes W 2,,53.3,4.27,759.0,routed,257.0,approach-review
882830c525fffff,Woodland Hills Apartment Homes,,22.7,1.82,7688.0,routed,132.0,approach-review
882830c527fffff,Woodland Hills Apartment Homes NW,,42.6,3.41,1098.0,routed,324.0,approach-review
882830c529fffff,Woodland Hills Apartment Homes SW 2,,30.8,2.46,0.0,straightline,447.0,detour-review
882830c52bfffff,Woodland Hills Apartment Homes W 3,,66.4,5.31,0.0,routed,454.0,approach-review
882830c52dfffff,Woodland Hills Apartment Homes SW,,16.5,1.32,2816.0,routed,245.0,approach-review
882830c531fffff,Lawlor Estates,,70.8,5.66,3281.0,routed,175.0,approach-review
882830c533fffff,Oak Hills N,,75.1,6.01,7769.0,routed,25.0,network-estimate
882830c535fffff,Emerald Cove Mobile Home Park S,,55.3,4.43,7924.0,routed,133.0,approach-review
882830c537fffff,Emerald Cove Mobile Home Park,,53.6,4.29,6936.0,routed,109.0,approach-review
882830c539fffff,Oak Hills SE,,83.8,6.71,1105.0,routed,456.0,approach-review
882830c53bfffff,Oak Hills,,83.9,6.71,6809.0,routed,212.0,approach-review
882830c53dfffff,Oak Hills E,,66.9,5.35,210.0,routed,286.0,approach-review
882830c541fffff,Canyon Creek,,53.2,4.26,1259.0,routed,267.0,approach-review
882830c543fffff,Canyon Creek NW,,67.9,5.43,0.0,routed,346.0,approach-review
882830c545fffff,Canyon Creek E,,54.4,4.35,539.0,routed,305.0,approach-review
882830c547fffff,Canyon Creek NE,,68.8,5.51,0.0,routed,625.0,approach-review
882830c549fffff,Canyon Creek S,,36.0,2.88,3930.0,routed,132.0,approach-review
882830c54bfffff,Canyon Creek W,,42.7,3.41,2852.0,routed,257.0,approach-review
882830c54dfffff,Canyon Creek SE,,59.1,4.73,671.0,routed,452.0,approach-review
882830c551fffff,Bishop Estates E,,37.9,3.03,1784.0,routed,84.0,network-estimate
882830c553fffff,Bishop Estates NE,,51.0,4.08,1039.0,routed,311.0,approach-review
882830c555fffff,Canyon Creek NW 2,,48.6,3.89,618.0,routed,282.0,approach-review
882830c557fffff,Bishop Estates NE 2,,62.7,5.02,64.0,routed,50.0,network-estimate
882830c559fffff,Ayers Ranch,,33.1,2.65,7745.0,routed,69.0,network-estimate
882830c55bfffff,Bishop Estates,,26.9,2.15,6881.0,routed,240.0,approach-review
882830c55dfffff,Ayers Ranch E,,41.7,3.34,200.0,routed,451.0,approach-review
882830c561fffff,Woodland Hills Apartment Homes SW 6,,41.1,3.29,0.0,routed,504.0,approach-review
882830c563fffff,Woodland Hills Apartment Homes SW 4,,79.4,6.35,0.0,routed,253.0,approach-review
882830c565fffff,Woodland Hills Apartment Homes S 2,,20.6,1.65,880.0,routed,310.0,approach-review
882830c567fffff,Woodland Hills Apartment Homes SW 3,,23.8,1.9,0.0,routed,944.0,approach-review
882830c569fffff,Canyon Creek E 3,,42.4,3.39,0.0,routed,610.0,approach-review
882830c56bfffff,Canyon Creek NE 2,,56.3,4.51,0.0,routed,671.0,approach-review
882830c56dfffff,Woodland Hills Apartment Homes S 3,,36.7,2.94,0.0,routed,678.0,approach-review
882830c581fffff,California Skyline W,,77.3,6.19,951.0,routed,503.0,approach-review
882830c583fffff,California Skyline W 2,,92.8,7.42,0.0,routed,533.0,approach-review
882830c585fffff,California Skyline,,85.7,6.86,7189.0,routed,138.0,approach-review
882830c587fffff,California Skyline NW,,96.1,7.69,1823.0,routed,208.0,approach-review
882830c589fffff,California Skyline SW,,65.7,5.26,2644.0,routed,66.0,network-estimate
882830c58bfffff,California Skyline W 3,,75.5,6.04,71.0,routed,537.0,approach-review
882830c58dfffff,California Skyline S,,73.0,5.84,3182.0,routed,68.0,network-estimate
882830c591fffff,Clyde NE 2,,99.9,7.99,1123.0,routed,282.0,approach-review
882830c593fffff,Clyde N 3,,100.6,8.05,4130.0,routed,281.0,approach-review
882830c595fffff,California Skyline NW 2,,103.8,8.3,1721.0,routed,247.0,approach-review
882830c597fffff,Clyde NE 4,,110.5,8.84,500.0,routed,528.0,approach-review
882830c599fffff,Clyde NE,,79.6,6.37,436.0,routed,744.0,approach-review
882830c59bfffff,Clyde N,,87.6,7.01,194.0,routed,316.0,approach-review
882830c59dfffff,Clyde NE 3,,90.0,7.2,0.0,routed,332.0,approach-review
882830c5a1fffff,Shore Acres NE,,101.7,8.13,919.0,routed,374.0,approach-review
882830c5a3fffff,Shore Acres N,,110.9,8.87,0.0,routed,929.0,approach-review
882830c5a5fffff,Shore Acres NE 2,,99.5,7.96,0.0,routed,713.0,approach-review
882830c5a7fffff,Shore Acres NE 3,,110.1,8.81,0.0,routed,1062.0,approach-review
882830c5a9fffff,Shore Acres,,99.0,7.92,8395.0,routed,71.0,network-estimate
882830c5abfffff,Shore Acres NW,,99.1,7.93,6069.0,routed,31.0,network-estimate
882830c5adfffff,Anchor Square Apartments,,91.3,7.31,3122.0,routed,168.0,approach-review
882830c5b1fffff,Shore Acres NW 4,,115.3,9.23,0.0,routed,665.0,approach-review
882830c5b3fffff,Shore Acres NW 7,,135.8,10.86,10.0,routed,631.0,approach-review
882830c5b5fffff,Shore Acres NW 3,,121.3,9.71,0.0,routed,1147.0,approach-review
882830c5b7fffff,Shore Acres NW 5,,126.5,10.12,0.0,routed,1501.0,approach-review
882830c5b9fffff,Shore Acres W,,107.9,8.64,1462.0,routed,247.0,approach-review
882830c5bbfffff,Shore Acres NW 6,,133.1,10.65,1279.0,routed,417.0,approach-review
882830c5bdfffff,Shore Acres NW 2,,112.6,9.01,261.0,routed,446.0,approach-review
882830c5c1fffff,Positano at San Marco SW,,55.3,4.42,0.0,routed,124.0,approach-review
882830c5c3fffff,Positano at San Marco W 2,,46.8,3.75,3081.0,routed,261.0,approach-review
882830c5c5fffff,Positano at San Marco S,,74.7,5.97,286.0,routed,391.0,approach-review
882830c5c7fffff,Positano at San Marco W,,62.1,4.97,1278.0,routed,145.0,approach-review
882830c5c9fffff,Positano at San Marco SW 3,,38.1,3.05,940.0,routed,250.0,approach-review
882830c5cbfffff,Positano at San Marco SW 2,,34.9,2.79,2363.0,routed,363.0,approach-review
882830c5cdfffff,Positano at San Marco S 2,,56.7,4.54,0.0,routed,578.0,approach-review
882830c5d1fffff,Sun Terrace NE 4,,58.4,4.67,3858.0,routed,94.0,network-estimate
882830c5d3fffff,Clyde SE,,64.0,5.12,2280.0,routed,241.0,approach-review
882830c5d5fffff,California Skyline SW 2,,58.0,4.64,1731.0,routed,258.0,approach-review
882830c5d7fffff,Clyde E,,77.7,6.22,1136.0,routed,700.0,approach-review
882830c5d9fffff,Sun Terrace NE 2,,45.9,3.67,147.0,routed,311.0,approach-review
882830c5dbfffff,Sun Terrace NE 3,,47.8,3.83,3057.0,routed,73.0,network-estimate
882830c5ddfffff,Sun Terrace NE 5,,46.6,3.73,1699.0,routed,275.0,approach-review
882830c5e1fffff,Toscana,,95.0,7.6,9388.0,routed,92.0,network-estimate
882830c5e3fffff,San Marco Villas,,85.3,6.83,6025.0,routed,114.0,approach-review
882830c5e5fffff,Elaine Null Court,,79.8,6.38,8329.0,routed,65.0,network-estimate
882830c5e7fffff,Willow View Apartments,,84.1,6.73,11266.0,routed,87.0,network-estimate
882830c5e9fffff,Vista Del Mar W,,104.8,8.38,10430.0,routed,116.0,approach-review
882830c5ebfffff,Positano at San Marco,,107.3,8.58,8986.0,routed,136.0,approach-review
882830c5edfffff,Vista Del Mar,,87.6,7.01,9902.0,routed,205.0,approach-review
882830c601fffff,Shell Ridge N,,17.9,1.43,9899.0,routed,67.0,network-estimate
882830c603fffff,Bancroft Village,,8.9,0.71,6966.0,routed,124.0,approach-review
882830c605fffff,Bancroft Village SE,,20.8,1.66,10198.0,routed,134.0,approach-review
882830c607fffff,Bancroft Village E,,15.4,1.23,7349.0,routed,24.0,network-estimate
882830c609fffff,Shell Ridge,,25.5,2.04,6440.0,routed,120.0,approach-review
882830c60bfffff,Heather Farms,,13.3,1.06,5937.0,routed,53.0,network-estimate
882830c60dfffff,Shell Ridge E,,30.7,2.46,7640.0,routed,117.0,approach-review
882830c611fffff,Oak Road Station,,14.0,1.12,8328.0,routed,43.0,network-estimate
882830c613fffff,Walnut Creek Apartments,,4.6,0.37,10757.0,routed,49.0,network-estimate
882830c615fffff,Bancroft Village NW,,25.8,2.07,9154.0,routed,55.0,network-estimate
882830c617fffff,Centerre Place,,18.8,1.5,10331.0,routed,92.0,network-estimate
882830c619fffff,Oak Road Station S,,21.8,1.75,8674.0,routed,97.0,network-estimate
882830c61bfffff,Walnut Creek Apartments SW,,14.4,1.15,9658.0,routed,55.0,network-estimate
882830c61dfffff,Heather Farms NW,,9.8,0.79,6737.0,routed,141.0,approach-review
882830c621fffff,Kelly Glen Estates SE,,8.8,0.7,6870.0,routed,124.0,approach-review
882830c623fffff,Kelly Glen Estates,,11.7,0.93,9217.0,routed,115.0,approach-review
882830c625fffff,Ygnacio Hills SE 2,,30.3,2.42,0.0,routed,148.0,approach-review
882830c627fffff,Ygnacio Hills SE,,24.2,1.94,3659.0,routed,239.0,approach-review
882830c629fffff,North Gate NW 2,,10.2,0.82,10474.0,routed,98.0,network-estimate
882830c62bfffff,Peppertree S,,11.3,0.9,6351.0,routed,96.0,network-estimate
882830c62dfffff,North Gate N 2,,16.3,1.3,4134.0,routed,67.0,network-estimate
882830c631fffff,Peppertree W,,31.4,2.51,9691.0,routed,95.0,network-estimate
882830c633fffff,Fruitbowl S,,20.0,1.6,9333.0,routed,146.0,approach-review
882830c635fffff,Palm Lake,,19.0,1.52,8799.0,routed,94.0,network-estimate
882830c637fffff,Fruitbowl SE,,31.3,2.5,9970.0,routed,78.0,network-estimate
882830c639fffff,Bancroft Village NE,,27.0,2.16,8805.0,routed,123.0,approach-review
882830c63bfffff,Avalon Walnut Ridge,,22.2,1.78,10061.0,routed,125.0,approach-review
882830c63dfffff,Peppertree,,4.2,0.33,3565.0,routed,82.0,network-estimate
882830c641fffff,Walnut Heights,,41.7,3.33,5278.0,routed,157.0,approach-review
882830c643fffff,Walnut Heights NW,,31.4,2.52,4473.0,routed,192.0,approach-review
882830c645fffff,Walnut Heights E,,47.2,3.77,0.0,routed,33.0,network-estimate
882830c647fffff,Shell Ridge SE,,37.7,3.02,700.0,routed,237.0,approach-review
882830c649fffff,San Miguel,,41.1,3.29,7556.0,routed,96.0,network-estimate
882830c64bfffff,Walnut Heights W,,30.9,2.47,7524.0,routed,84.0,network-estimate
882830c64dfffff,Walnut Heights SE,,53.4,4.28,5921.0,routed,200.0,approach-review
882830c651fffff,Walnut Creek,,5.9,0.47,9419.0,routed,108.0,approach-review
882830c653fffff,The Waymark,,11.3,0.9,9260.0,routed,49.0,network-estimate
882830c655fffff,Shell Ridge W,,24.4,1.95,9289.0,routed,54.0,network-estimate
882830c657fffff,Heather Farms SW,,16.1,1.29,5236.0,routed,64.0,network-estimate
882830c659fffff,Walnut Creek S,,13.6,1.09,10207.0,routed,21.0,network-estimate
882830c65bfffff,Walnut Creek SW,,2.0,0.16,9665.0,routed,107.0,approach-review
882830c65dfffff,Walnut Heights W 2,,21.4,1.71,7654.0,routed,100.0,network-estimate
882830c661fffff,North Gate W,,27.7,2.21,4099.0,routed,75.0,network-estimate
882830c663fffff,North Gate W 2,,24.8,1.98,8402.0,routed,88.0,network-estimate
882830c665fffff,North Gate,,33.1,2.65,3080.0,routed,74.0,network-estimate
882830c667fffff,North Gate NW,,20.8,1.66,9279.0,routed,13.0,network-estimate
882830c669fffff,North Gate SW,,34.4,2.76,0.0,routed,279.0,approach-review
882830c66bfffff,Shell Ridge E 2,,37.9,3.03,1504.0,routed,266.0,approach-review
882830c66dfffff,North Gate S,,14.7,1.17,1709.0,routed,131.0,approach-review
882830c681fffff,Hillcrest SW,,14.7,1.18,9001.0,routed,95.0,network-estimate
882830c683fffff,Virginia Hills NE,,8.0,0.64,8408.0,routed,145.0,approach-review
882830c685fffff,Hillcrest,,14.2,1.13,8435.0,routed,96.0,network-estimate
882830c687fffff,Valhalla,,19.4,1.55,8118.0,routed,115.0,approach-review
882830c689fffff,Rodgers Smith Park,,21.7,1.74,9059.0,routed,86.0,network-estimate
882830c68bfffff,Shannon Hills,,9.2,0.74,8424.0,routed,99.0,network-estimate
882830c68dfffff,Gregory Gardens SW,,11.4,0.92,9862.0,routed,156.0,approach-review
882830c691fffff,Virginia Hills NW,,25.8,2.06,2371.0,routed,297.0,approach-review
882830c693fffff,Alhambra Valley E,,41.6,3.33,228.0,routed,291.0,approach-review
882830c695fffff,Ridgeview,,16.6,1.33,6180.0,routed,40.0,network-estimate
882830c697fffff,Valley High W,,30.9,2.47,7251.0,routed,141.0,approach-review
882830c699fffff,Virginia Hills W,,27.0,2.16,4740.0,routed,172.0,approach-review
882830c69bfffff,Alhambra Valley SE,,35.8,2.86,3176.0,routed,279.0,approach-review
882830c69dfffff,Virginia Hills,,12.8,1.02,8936.0,routed,75.0,network-estimate
882830c6a1fffff,College Park,,21.0,1.68,5539.0,routed,43.0,network-estimate
882830c6a3fffff,Briarwood Apartments,,18.6,1.49,8665.0,routed,53.0,network-estimate
882830c6a5fffff,Palm Terrace Appartments W,,9.3,0.74,5618.0,routed,37.0,network-estimate
882830c6a7fffff,Briarwood Apartments NE,,21.5,1.72,7985.0,routed,21.0,network-estimate
882830c6a9fffff,The Gate Apartments,,11.0,0.88,11286.0,routed,79.0,network-estimate
882830c6abfffff,College Park W,,8.1,0.65,3995.0,routed,6.0,network-estimate
882830c6adfffff,Ellinwood,,20.0,1.6,5692.0,routed,115.0,approach-review
882830c6b1fffff,Diablo Valley Estates,,24.4,1.95,6694.0,routed,31.0,network-estimate
882830c6b3fffff,Hidden Valley Park,,17.3,1.39,7844.0,routed,47.0,network-estimate
882830c6b5fffff,Camelback,,14.3,1.14,11702.0,routed,69.0,network-estimate
882830c6b7fffff,Pacheco W,,14.9,1.19,10119.0,routed,67.0,network-estimate
882830c6b9fffff,Ridgeview E,,18.8,1.5,7681.0,routed,54.0,network-estimate
882830c6bbfffff,Valley High,,32.3,2.59,8594.0,routed,180.0,approach-review
882830c6bdfffff,Valhalla N,,23.4,1.87,6095.0,routed,133.0,approach-review
882830c6c1fffff,Hillsdale SE,,17.5,1.4,8908.0,routed,53.0,network-estimate
882830c6c3fffff,Hillsdale,,32.4,2.6,5024.0,routed,155.0,approach-review
882830c6c5fffff,Oak Park NE,,7.4,0.59,9480.0,routed,62.0,network-estimate
882830c6c7fffff,Poet's Corner,,23.7,1.9,8620.0,routed,131.0,approach-review
882830c6c9fffff,Hillsdale S,,25.0,2.0,9253.0,routed,62.0,network-estimate
882830c6cbfffff,Reliez Valley S,,31.6,2.53,6020.0,routed,133.0,approach-review
882830c6cdfffff,Oak Park,,12.7,1.02,9402.0,routed,73.0,network-estimate
882830c6d1fffff,Grayson Woods SW,,50.9,4.08,3008.0,routed,157.0,approach-review
882830c6d3fffff,Grayson Woods W,,37.4,2.99,1167.0,routed,444.0,approach-review
882830c6d5fffff,Woodside Meadows,,37.9,3.04,4639.0,routed,115.0,approach-review
882830c6d7fffff,Grayson Woods,,28.5,2.28,4397.0,routed,128.0,approach-review
882830c6d9fffff,Reliez Valley W,,61.7,4.94,2528.0,routed,144.0,approach-review
882830c6dbfffff,Reliez Valley W 2,,70.5,5.64,0.0,routed,331.0,approach-review
882830c6ddfffff,Reliez Valley,,42.2,3.38,6730.0,routed,34.0,network-estimate
882830c6e1fffff,Sherman Acres,,13.5,1.08,11508.0,routed,75.0,network-estimate
882830c6e3fffff,Gregory Gardens,,3.6,0.29,11190.0,routed,162.0,approach-review
882830c6e5fffff,The Trees Mobile Home Park,,7.8,0.62,9565.0,routed,100.0,network-estimate
882830c6e7fffff,West Sherman Acres,,17.6,1.41,9004.0,routed,90.0,network-estimate
882830c6e9fffff,Walnut Creek Manor,,13.8,1.1,8516.0,routed,56.0,network-estimate
882830c6ebfffff,Poet's Corner NE,,16.8,1.34,8201.0,routed,39.0,network-estimate
882830c6edfffff,Fair Oaks,,30.7,2.45,9221.0,routed,69.0,detour-review
882830c701fffff,Roundtree S,,35.6,2.84,474.0,routed,376.0,approach-review
882830c703fffff,Roundtree SW 2,,23.2,1.86,4637.0,routed,160.0,approach-review
882830c705fffff,Clayton SW,,27.8,2.22,1150.0,routed,207.0,approach-review
882830c707fffff,Roundtree SE,,24.9,1.99,9403.0,routed,66.0,network-estimate
882830c709fffff,Roundtree S 3,,49.5,3.96,0.0,routed,230.0,approach-review
882830c70bfffff,Roundtree S 2,,35.3,2.82,3476.0,routed,133.0,approach-review
882830c70dfffff,Clayton SW 2,,45.0,3.6,0.0,routed,311.0,approach-review
882830c711fffff,Limeridge SE,,18.2,1.46,1064.0,routed,466.0,approach-review
882830c713fffff,Limeridge E,,22.6,1.81,6518.0,routed,88.0,network-estimate
882830c715fffff,Roundtree SW,,4.9,0.39,2896.0,routed,212.0,approach-review
882830c717fffff,Limeridge E 2,,14.2,1.14,9029.0,routed,198.0,approach-review
882830c719fffff,Limeridge SE 2,,41.9,3.35,0.0,routed,130.0,approach-review
882830c71bfffff,Limeridge S,,36.9,2.95,0.0,routed,163.0,approach-review
882830c71dfffff,Roundtree SW 3,,36.0,2.88,3991.0,routed,91.0,network-estimate
882830c721fffff,Clayton,,10.3,0.82,10803.0,routed,65.0,network-estimate
882830c723fffff,Clayton NW,,13.4,1.07,8657.0,routed,134.0,approach-review
882830c725fffff,Clayton NE,,21.0,1.68,1280.0,routed,381.0,approach-review
882830c727fffff,Clayton N,,17.9,1.43,4642.0,routed,106.0,approach-review
882830c729fffff,Clayton S,,11.6,0.92,8311.0,routed,173.0,approach-review
882830c72bfffff,Clayton W,,14.1,1.13,10890.0,routed,36.0,network-estimate
882830c72dfffff,Clayton SE,,9.1,0.72,9415.0,routed,118.0,approach-review
882830c731fffff,Roundtree N,,15.1,1.21,7481.0,routed,59.0,network-estimate
882830c733fffff,Ayers Ranch S,,18.2,1.45,9272.0,routed,109.0,approach-review
882830c735fffff,Roundtree NE,,29.2,2.34,6924.0,routed,54.0,network-estimate
882830c737fffff,Ayers Ranch SE,,35.2,2.81,8585.0,routed,110.0,approach-review
882830c739fffff,Roundtree,,11.7,0.94,9308.0,routed,139.0,approach-review
882830c73bfffff,Roundtree W,,5.1,0.4,9032.0,routed,195.0,approach-review
882830c73dfffff,Roundtree E,,21.4,1.71,11799.0,routed,50.0,network-estimate
882830c741fffff,North Gate E 8,,67.4,5.39,0.0,routed,666.0,approach-review
882830c743fffff,North Gate E 6,,63.6,5.09,0.0,routed,648.0,approach-review
882830c745fffff,Clayton S 8,,55.3,4.42,0.0,routed,335.0,approach-review
882830c747fffff,Clayton SW 3,,59.2,4.73,0.0,routed,644.0,approach-review
882830c749fffff,North Gate E 7,,69.5,5.56,0.0,routed,313.0,approach-review
882830c74bfffff,North Gate E 5,,63.3,5.06,0.0,routed,457.0,approach-review
882830c74dfffff,North Gate E 10,,67.4,5.39,0.0,routed,662.0,approach-review
882830c751fffff,North Gate NE,,42.0,3.36,604.0,routed,374.0,approach-review
882830c753fffff,North Gate N 3,,27.7,2.21,205.0,routed,180.0,approach-review
882830c755fffff,North Gate NE 2,,43.2,3.46,0.0,routed,627.0,approach-review
882830c757fffff,Limeridge SE 3,,39.1,3.13,310.0,routed,498.0,approach-review
882830c759fffff,North Gate E,,40.2,3.22,0.0,routed,530.0,approach-review
882830c75bfffff,North Gate N,,32.6,2.61,5199.0,routed,56.0,network-estimate
882830c75dfffff,North Gate E 3,,53.0,4.24,0.0,routed,591.0,approach-review
882830c761fffff,Clayton S 4,,32.1,2.57,1359.0,routed,281.0,approach-review
882830c763fffff,Clayton S 3,,29.1,2.33,3147.0,routed,136.0,approach-review
882830c765fffff,Clayton SE 3,,30.1,2.41,5855.0,routed,174.0,approach-review
882830c767fffff,Clayton S 2,,19.2,1.53,8625.0,routed,93.0,network-estimate
882830c769fffff,Clayton S 7,,49.2,3.94,0.0,routed,555.0,approach-review
882830c76bfffff,Clayton S 5,,41.5,3.32,154.0,routed,127.0,approach-review
882830c76dfffff,Clayton S 6,,41.4,3.31,0.0,routed,404.0,approach-review
882830c801fffff,Summer Lake W 4,,60.9,4.87,992.0,routed,538.0,approach-review
882830c803fffff,Summer Lake W 5,,60.8,4.87,49.0,routed,459.0,approach-review
882830c805fffff,Summer Lake W 2,,76.9,6.15,1115.0,routed,337.0,approach-review
882830c807fffff,Summer Lake NW 6,,82.4,6.59,2053.0,routed,517.0,approach-review
882830c809fffff,Knightsen N 3,,55.8,4.46,5038.0,routed,113.0,approach-review
882830c80bfffff,Summer Lake W 6,,47.3,3.78,10939.0,routed,169.0,approach-review
882830c80dfffff,Summer Lake W 3,,63.2,5.05,1806.0,routed,50.0,network-estimate
882830c811fffff,Oakley NE 3,,35.6,2.85,0.0,routed,149.0,approach-review
882830c813fffff,Oakley NE 2,,37.8,3.02,0.0,routed,944.0,approach-review
882830c815fffff,Summer Lake W 7,,67.8,5.42,0.0,routed,746.0,approach-review
882830c817fffff,Summer Lake NW 14,,47.8,3.82,0.0,routed,595.0,approach-review
882830c819fffff,Oakley E 2,,36.5,2.92,3306.0,routed,121.0,approach-review
882830c81bfffff,Oakley NE,,25.8,2.07,0.0,routed,398.0,approach-review
882830c81dfffff,Summer Lake W 8,,46.9,3.76,1257.0,routed,344.0,approach-review
882830c821fffff,Summer Lake NW 3,,50.6,4.04,3273.0,routed,118.0,approach-review
882830c823fffff,Summer Lake NW 5,,55.6,4.45,1513.0,routed,318.0,approach-review
882830c825fffff,Summer Lake N 2,,49.6,3.97,5299.0,routed,73.0,network-estimate
882830c827fffff,Bethel Island,,36.6,2.93,5573.0,routed,185.0,approach-review
882830c829fffff,Summer Lake NW 2,,62.8,5.02,723.0,routed,711.0,approach-review
882830c82bfffff,Summer Lake NW 4,,67.3,5.39,1007.0,routed,612.0,approach-review
882830c82dfffff,Summer Lake N,,65.6,5.25,1326.0,routed,202.0,approach-review
882830c831fffff,Summer Lake NW 10,,80.3,6.42,920.0,routed,934.0,approach-review
882830c833fffff,Summer Lake NW 13,,93.7,7.5,1279.0,routed,832.0,approach-review
882830c835fffff,Summer Lake NW 8,,58.5,4.68,984.0,routed,469.0,approach-review
882830c837fffff,Summer Lake NW 11,,77.0,6.16,1450.0,routed,394.0,approach-review
882830c839fffff,Summer Lake NW 9,,74.0,5.92,0.0,routed,810.0,approach-review
882830c83bfffff,Summer Lake NW 12,,78.7,6.3,0.0,routed,1061.0,approach-review
882830c83dfffff,Summer Lake NW 7,,72.7,5.81,1706.0,routed,384.0,approach-review
882830c841fffff,Knightsen NE,,74.2,5.94,3299.0,routed,186.0,approach-review
882830c843fffff,Knightsen N,,62.2,4.98,3447.0,routed,109.0,approach-review
882830c845fffff,Summer Lake SW 4,,88.1,7.05,1563.0,routed,203.0,approach-review
882830c847fffff,Knightsen N 2,,69.5,5.56,784.0,routed,366.0,approach-review
882830c849fffff,Knightsen,,65.5,5.24,3317.0,routed,302.0,approach-review
882830c84bfffff,Knightsen NW,,59.9,4.79,2883.0,routed,198.0,approach-review
882830c84dfffff,Knightsen E,,74.8,5.99,2957.0,routed,164.0,approach-review
882830c851fffff,Brentwood Park NE 4,,38.0,3.04,9197.0,routed,93.0,network-estimate
882830c853fffff,Oakley SE,,22.6,1.8,8846.0,routed,31.0,network-estimate
882830c855fffff,Knightsen NW 3,,46.3,3.7,4833.0,routed,87.0,network-estimate
882830c857fffff,Oakley E 3,,34.1,2.73,11494.0,routed,165.0,approach-review
882830c859fffff,Brentwood Park NE 2,,37.4,2.99,8554.0,routed,167.0,approach-review
882830c85bfffff,Brentwood Park NE 3,,34.3,2.75,10994.0,routed,126.0,approach-review
882830c85dfffff,Knightsen NW 2,,49.8,3.99,5074.0,routed,106.0,approach-review
882830c861fffff,Summer Lake SW,,89.3,7.14,4889.0,routed,150.0,approach-review
882830c863fffff,Summer Lake W,,76.7,6.14,2254.0,routed,322.0,approach-review
882830c865fffff,Summer Lake,,88.9,7.11,7154.0,routed,92.0,network-estimate
882830c867fffff,Summer Lake NW,,84.7,6.77,4976.0,routed,128.0,approach-review
882830c869fffff,Summer Lake SW 2,,96.5,7.72,155.0,routed,666.0,approach-review
882830c86bfffff,Summer Lake SW 3,,88.7,7.09,260.0,routed,467.0,approach-review
882830c86dfffff,Summer Lake S,,95.8,7.66,2109.0,routed,325.0,approach-review
882830c881fffff,The Oaks NE 5,,163.5,13.08,0.0,routed,2310.0,approach-review
882830c885fffff,Oakley N 8,,151.5,12.12,0.0,routed,1452.0,approach-review
882830c889fffff,The Oaks NE 4,,67.4,5.39,0.0,routed,1918.0,approach-review
882830c88bfffff,The Oaks N 5,,72.8,5.83,862.0,routed,2353.0,approach-review
882830c88dfffff,Oakley N 6,,146.5,11.72,0.0,routed,1950.0,approach-review
882830c8a1fffff,Summer Lake NW 23,,144.6,11.56,1348.0,routed,1087.0,approach-review
882830c8a5fffff,The Willows At Bethel Island W 8,,148.7,11.9,1014.0,routed,1419.0,approach-review
882830c8a7fffff,The Willows At Bethel Island NW 17,,155.8,12.46,1026.0,routed,1794.0,approach-review
882830c8a9fffff,Summer Lake NW 22,,139.6,11.17,1007.0,routed,503.0,approach-review
882830c8adfffff,Summer Lake NW 21,,137.1,10.97,416.0,routed,492.0,approach-review
882830c8c1fffff,Oakley N 2,,33.6,2.69,0.0,routed,1118.0,approach-review
882830c8c3fffff,The Oaks NE 3,,55.7,4.46,0.0,routed,1155.0,approach-review
882830c8c5fffff,Oakley N 3,,44.0,3.52,0.0,routed,1441.0,approach-review
882830c8c7fffff,Oakley N 4,,66.3,5.31,0.0,routed,1905.0,approach-review
882830c8c9fffff,Oakley NW,,22.0,1.76,4545.0,routed,194.0,approach-review
882830c8cbfffff,The Oaks NE 2,,46.0,3.68,355.0,routed,279.0,approach-review
882830c8cdfffff,Oakley N,,31.3,2.51,0.0,routed,832.0,approach-review
882830c8d1fffff,The Oaks N 3,,82.5,6.6,0.0,routed,958.0,approach-review
882830c8d5fffff,The Oaks N 4,,61.2,4.9,0.0,routed,1683.0,approach-review
882830c8d9fffff,The Oaks NW,,71.5,5.72,1245.0,routed,297.0,approach-review
882830c8dbfffff,Antioch Family & Senior Apartments N 3,,75.2,6.02,137.0,routed,392.0,approach-review
882830c8ddfffff,The Oaks N 2,,49.2,3.94,0.0,routed,824.0,approach-review
882830c8e1fffff,Summer Lake NW 19,,121.2,9.7,0.0,routed,1314.0,approach-review
882830c8e3fffff,Oakley N 7,,134.6,10.77,0.0,routed,999.0,approach-review
882830c8e5fffff,Summer Lake NW 17,,112.4,8.99,920.0,routed,606.0,approach-review
882830c8e7fffff,Summer Lake NW 20,,123.9,9.91,994.0,routed,533.0,approach-review
882830c8e9fffff,Oakley NE 4,,55.5,4.44,0.0,routed,1589.0,approach-review
882830c8ebfffff,Oakley N 5,,54.1,4.33,0.0,straightline,1583.0,detour-review
882830c8edfffff,Summer Lake NW 16,,95.4,7.63,0.0,routed,1136.0,approach-review
882830c901fffff,Flamingo Mobile Manor E 2,,37.6,3.01,0.0,straightline,1451.0,detour-review
882830c903fffff,Flamingo Mobile Manor E,,20.9,1.67,439.0,routed,894.0,approach-review
882830c905fffff,Flamingo Mobile Manor E 4,,48.5,3.88,1029.0,straightline,1440.0,detour-review
882830c907fffff,Flamingo Mobile Manor E 3,,34.6,2.77,0.0,routed,1706.0,approach-review
882830c909fffff,Flamingo Mobile Manor SE 2,,45.1,3.61,0.0,straightline,615.0,detour-review
882830c90bfffff,Flamingo Mobile Manor SE,,27.4,2.19,980.0,routed,1085.0,approach-review
882830c90dfffff,Flamingo Mobile Manor SE 3,,52.2,4.17,663.0,straightline,1555.0,detour-review
882830c911fffff,Flamingo Mobile Manor NW,,18.1,1.44,2678.0,routed,289.0,approach-review
882830c913fffff,Santiago Mobile Home park NE,,15.2,1.21,788.0,routed,353.0,approach-review
882830c915fffff,Flamingo Mobile Manor NE,,9.5,0.76,616.0,routed,397.0,approach-review
882830c917fffff,Flamingo Mobile Manor N,,7.9,0.63,1088.0,routed,423.0,approach-review
882830c919fffff,Flamingo Mobile Manor SW,,27.5,2.2,3152.0,routed,273.0,approach-review
882830c91bfffff,Santiago Mobile Home park,,24.8,1.98,3892.0,routed,94.0,network-estimate
882830c91dfffff,Flamingo Mobile Manor,,17.6,1.41,1687.0,routed,347.0,approach-review
882830c921fffff,Flamingo Mobile Manor E 8,,63.9,5.11,0.0,straightline,2825.0,detour-review
882830c923fffff,Flamingo Mobile Manor NE 8,,49.4,3.95,0.0,routed,3174.0,approach-review
882830c927fffff,Flamingo Mobile Manor E 11,,69.9,5.59,1258.0,straightline,3621.0,detour-review
882830c929fffff,Flamingo Mobile Manor E 7,,61.2,4.9,0.0,straightline,1880.0,detour-review
882830c92bfffff,Flamingo Mobile Manor E 5,,49.4,3.95,579.0,straightline,2071.0,detour-review
882830c92dfffff,Flamingo Mobile Manor E 12,,74.9,5.99,936.0,straightline,2635.0,detour-review
882830c931fffff,Flamingo Mobile Manor NE 4,,26.3,2.1,0.0,routed,1914.0,approach-review
882830c933fffff,The Willows At Bethel Island E 3,,26.2,2.09,0.0,routed,1901.0,approach-review
882830c935fffff,Flamingo Mobile Manor NE 6,,38.0,3.04,0.0,routed,2841.0,approach-review
882830c937fffff,Flamingo Mobile Manor NE 7,,36.0,2.88,0.0,routed,2688.0,approach-review
882830c939fffff,Flamingo Mobile Manor NE 2,,21.5,1.72,0.0,routed,1309.0,approach-review
882830c93bfffff,Flamingo Mobile Manor NE 3,,15.1,1.21,0.0,routed,1015.0,approach-review
882830c93dfffff,Flamingo Mobile Manor NE 5,,37.5,3.0,0.0,routed,2223.0,approach-review
882830c941fffff,Summer Lake E 7,,69.6,5.56,0.0,straightline,1787.0,detour-review
882830c943fffff,Summer Lake E 5,,55.8,4.46,800.0,straightline,1284.0,detour-review
882830c945fffff,Summer Lake E 9,,74.1,5.93,961.0,straightline,2238.0,detour-review
882830c947fffff,Flamingo Mobile Manor SE 4,,59.6,4.77,0.0,straightline,2204.0,detour-review
882830c949fffff,Summer Lake E 6,,157.0,12.56,0.0,routed,1657.0,approach-review
882830c94bfffff,Summer Lake E 4,,155.3,12.42,981.0,routed,1523.0,approach-review
882830c94dfffff,Summer Lake E 8,,169.6,13.57,949.0,routed,1814.0,approach-review
882830c951fffff,Summer Lake NE 2,,96.2,7.7,176.0,routed,909.0,approach-review
882830c953fffff,Summer Lake NE 3,,74.3,5.95,858.0,routed,436.0,approach-review
882830c955fffff,Summer Lake NE 4,,50.4,4.03,670.0,routed,1462.0,approach-review
882830c957fffff,Flamingo Mobile Manor S,,35.6,2.85,0.0,routed,879.0,approach-review
882830c959fffff,Summer Lake E,,97.8,7.82,2154.0,routed,415.0,approach-review
882830c95bfffff,Summer Lake NE,,77.3,6.18,2471.0,routed,184.0,approach-review
882830c95dfffff,Summer Lake E 3,,56.0,4.48,0.0,straightline,838.0,detour-review
882830c961fffff,Flamingo Mobile Manor E 10,,76.3,6.1,783.0,straightline,1199.0,detour-review
882830c963fffff,Flamingo Mobile Manor E 6,,62.2,4.98,0.0,straightline,975.0,detour-review
882830c967fffff,Flamingo Mobile Manor E 9,,74.1,5.93,0.0,straightline,1812.0,detour-review
882830c969fffff,Flamingo Mobile Manor SE 6,,81.3,6.51,641.0,straightline,2779.0,detour-review
882830c96bfffff,Flamingo Mobile Manor SE 5,,66.7,5.34,836.0,straightline,2116.0,detour-review
882830c981fffff,The Willows At Bethel Island NW 3,,68.6,5.49,0.0,routed,1038.0,approach-review
882830c983fffff,The Willows At Bethel Island NW 5,,79.5,6.36,1534.0,routed,1912.0,approach-review
882830c985fffff,The Willows At Bethel Island N 2,,72.6,5.81,0.0,routed,1359.0,approach-review
882830c987fffff,The Willows At Bethel Island N 4,,79.2,6.34,0.0,routed,1890.0,approach-review
882830c989fffff,The Willows At Bethel Island NW 2,,62.0,4.96,1872.0,routed,555.0,approach-review
882830c98bfffff,The Willows At Bethel Island NW 4,,74.4,5.95,1155.0,routed,1422.0,approach-review
882830c98dfffff,The Willows At Bethel Island NW,,61.0,4.88,1393.0,routed,436.0,approach-review
882830c991fffff,The Willows At Bethel Island NW 10,,106.2,8.5,57.0,routed,2490.0,approach-review
882830c993fffff,The Willows At Bethel Island NW 15,,173.5,13.88,974.0,routed,3212.0,approach-review
882830c995fffff,The Willows At Bethel Island NW 8,,103.8,8.31,0.0,routed,2296.0,approach-review
882830c997fffff,The Willows At Bethel Island NW 12,,114.3,9.14,520.0,routed,3133.0,approach-review
882830c999fffff,The Willows At Bethel Island NW 9,,110.6,8.84,1724.0,routed,2043.0,approach-review
882830c99bfffff,The Willows At Bethel Island NW 13,,161.7,12.94,916.0,routed,2268.0,approach-review
882830c99dfffff,The Willows At Bethel Island NW 6,,94.9,7.59,2283.0,routed,1579.0,approach-review
882830c9a1fffff,The Willows At Bethel Island N 6,,92.9,7.43,0.0,routed,2981.0,approach-review
882830c9a3fffff,The Willows At Bethel Island N 8,,96.3,7.7,0.0,routed,3255.0,approach-review
882830c9a5fffff,The Willows At Bethel Island NE 9,,83.3,6.67,0.0,routed,3770.0,approach-review
882830c9a7fffff,The Willows At Bethel Island N 9,,104.2,8.34,0.0,routed,3892.0,approach-review
882830c9a9fffff,The Willows At Bethel Island N 3,,82.1,6.57,0.0,routed,2078.0,approach-review
882830c9abfffff,The Willows At Bethel Island N 5,,84.4,6.75,0.0,routed,2305.0,approach-review
882830c9adfffff,The Willows At Bethel Island NE 5,,65.3,5.23,0.0,routed,2851.0,approach-review
882830c9b1fffff,The Willows At Bethel Island N 10,,99.1,7.93,781.0,routed,3483.0,approach-review
882830c9b3fffff,The Willows At Bethel Island NW 14,,125.5,10.04,774.0,routed,4033.0,approach-review
882830c9b5fffff,The Willows At Bethel Island N 11,,102.4,8.19,0.0,routed,3741.0,approach-review
882830c9b7fffff,The Willows At Bethel Island N 14,,110.2,8.82,196.0,routed,4369.0,approach-review
882830c9b9fffff,The Willows At Bethel Island NW 7,,88.6,7.09,990.0,routed,2643.0,approach-review
882830c9bbfffff,The Willows At Bethel Island NW 11,,114.4,9.15,0.0,routed,3141.0,approach-review
882830c9bdfffff,The Willows At Bethel Island N 7,,90.7,7.25,0.0,routed,2807.0,approach-review
882830c9c1fffff,The Willows At Bethel Island SW 2,,41.5,3.32,852.0,routed,292.0,approach-review
882830c9c3fffff,The Willows At Bethel Island W 2,,56.3,4.5,1628.0,routed,889.0,approach-review
882830c9c5fffff,The Willows At Bethel Island SW,,34.0,2.72,1053.0,routed,478.0,approach-review
882830c9c7fffff,The Willows At Bethel Island W,,43.8,3.5,1762.0,routed,494.0,approach-review
882830c9c9fffff,Santiago Mobile Home park W,,46.7,3.73,1251.0,routed,531.0,approach-review
882830c9cbfffff,Santiago Mobile Home park NW 2,,63.4,5.08,0.0,routed,556.0,approach-review
882830c9cdfffff,Santiago Mobile Home park NW,,40.4,3.23,598.0,routed,494.0,approach-review
882830c9d1fffff,The Willows At Bethel Island W 6,,90.6,7.25,991.0,routed,665.0,approach-review
882830c9d3fffff,The Willows At Bethel Island W 7,,99.6,7.97,0.0,routed,1165.0,approach-review
882830c9d5fffff,The Willows At Bethel Island W 3,,74.7,5.98,1376.0,routed,1064.0,approach-review
882830c9d7fffff,The Willows At Bethel Island W 5,,90.6,7.25,0.0,routed,1236.0,approach-review
882830c9d9fffff,Summer Lake NW 15,,81.8,6.54,1904.0,routed,164.0,approach-review
882830c9dbfffff,Summer Lake NW 18,,91.8,7.34,888.0,routed,761.0,approach-review
882830c9ddfffff,The Willows At Bethel Island W 4,,75.2,6.02,0.0,routed,723.0,approach-review
882830c9e1fffff,The Willows At Bethel Island NE,,34.4,2.76,0.0,routed,1133.0,approach-review
882830c9e3fffff,The Willows At Bethel Island N,,45.8,3.66,0.0,routed,1286.0,approach-review
882830c9e5fffff,The Willows At Bethel Island NE 3,,38.6,3.09,0.0,routed,1886.0,approach-review
882830c9e7fffff,The Willows At Bethel Island NE 2,,51.9,4.15,0.0,routed,2009.0,approach-review
882830c9e9fffff,The Willows At Bethel Island E,,22.2,1.78,1022.0,routed,283.0,approach-review
882830c9ebfffff,The Willows At Bethel Island,,33.9,2.71,1650.0,routed,337.0,approach-review
882830c9edfffff,The Willows At Bethel Island E 2,,23.4,1.87,0.0,routed,1058.0,approach-review
882830ca01fffff,Brentwood Parks Apartments,,12.4,0.99,9721.0,routed,96.0,network-estimate
882830ca03fffff,Terrene,,19.7,1.57,9985.0,routed,29.0,network-estimate
882830ca05fffff,Brentwood Parks Apartments E,,36.5,2.92,1346.0,routed,50.0,network-estimate
882830ca07fffff,Terrene E,,25.4,2.03,6826.0,routed,167.0,approach-review
882830ca09fffff,Walnut Acres Mobile Home Park,,4.9,0.39,9580.0,routed,56.0,network-estimate
882830ca0bfffff,Brentwood Parks Apartments SW,,8.0,0.64,10941.0,routed,35.0,network-estimate
882830ca0dfffff,Brentwood Parks Apartments SE,,14.7,1.18,6558.0,routed,203.0,approach-review
882830ca11fffff,Marsh Creek Apartments W,,44.2,3.54,14803.0,routed,157.0,approach-review
882830ca13fffff,Arbor Ridge Apartments E 2,,35.5,2.84,8239.0,routed,94.0,network-estimate
882830ca15fffff,Marsh Creek Apartments,,39.6,3.17,7196.0,routed,252.0,approach-review
882830ca17fffff,Brentwood Park S,,27.3,2.19,9612.0,routed,128.0,approach-review
882830ca19fffff,Villa Amador Apartments E 2,,35.5,2.84,9533.0,routed,113.0,approach-review
882830ca1bfffff,Villa Amador Apartments E,,43.6,3.49,11521.0,routed,29.0,network-estimate
882830ca1dfffff,Arteaga's Redwood Apartments,,21.2,1.69,8860.0,routed,103.0,approach-review
882830ca21fffff,Knightsen S 2,,61.5,4.92,3824.0,routed,276.0,approach-review
882830ca23fffff,Knightsen S,,53.4,4.27,2300.0,routed,157.0,approach-review
882830ca25fffff,Knightsen SE 3,,68.9,5.51,1843.0,routed,176.0,approach-review
882830ca27fffff,Knightsen SE,,70.9,5.67,2015.0,routed,141.0,approach-review
882830ca29fffff,Terrene E 2,,65.1,5.21,286.0,routed,445.0,approach-review
882830ca2bfffff,Havenwood Village,,49.0,3.92,855.0,routed,447.0,approach-review
882830ca2dfffff,Knightsen SE 5,,66.1,5.29,3529.0,routed,221.0,approach-review
882830ca31fffff,Sunset Crossing N,,41.9,3.35,2054.0,routed,154.0,approach-review
882830ca33fffff,Brentwood Park E,,34.6,2.77,2416.0,routed,75.0,network-estimate
882830ca35fffff,Knightsen SW,,55.1,4.41,1836.0,routed,254.0,approach-review
882830ca37fffff,Knightsen W,,44.4,3.55,4762.0,routed,131.0,approach-review
882830ca39fffff,Sunset Crossing,,33.0,2.64,9986.0,routed,145.0,approach-review
882830ca3bfffff,Brentwood Park SE,,40.3,3.22,5458.0,routed,90.0,network-estimate
882830ca3dfffff,Sunset Crossing E,,39.0,3.12,2150.0,routed,100.0,network-estimate
882830ca41fffff,Woodgate Mobile Home Park SE,,28.8,2.3,3496.0,routed,269.0,approach-review
882830ca43fffff,Woodgate Mobile Home Park,,20.3,1.62,13585.0,routed,95.0,network-estimate
882830ca45fffff,Woodgate Mobile Home Park SE 2,,34.3,2.74,3053.0,routed,179.0,approach-review
882830ca47fffff,Woodgate Mobile Home Park E,,20.4,1.63,10641.0,routed,91.0,network-estimate
882830ca49fffff,Woodgate Mobile Home Park S 2,,40.9,3.27,816.0,routed,396.0,approach-review
882830ca4bfffff,Woodgate Mobile Home Park S,,27.7,2.22,3173.0,routed,166.0,approach-review
882830ca4dfffff,Woodgate Mobile Home Park SE 3,,38.4,3.07,1595.0,routed,146.0,approach-review
882830ca51fffff,Midway Mobile Home Park SW,,29.1,2.33,10673.0,routed,97.0,network-estimate
882830ca53fffff,Villa Amador Apartments SE 2,,29.6,2.37,12988.0,routed,64.0,network-estimate
882830ca55fffff,Midway Mobile Home Park,,13.0,1.04,11709.0,routed,105.0,approach-review
882830ca57fffff,Midway Mobile Home Park W,,19.6,1.57,10357.0,routed,131.0,approach-review
882830ca59fffff,Woodgate Mobile Home Park SW 3,,37.2,2.97,6264.0,routed,212.0,approach-review
882830ca5bfffff,Midway Mobile Home Park SW 2,,20.9,1.67,10284.0,routed,59.0,network-estimate
882830ca5dfffff,Woodgate Mobile Home Park SW,,28.4,2.27,8675.0,routed,96.0,network-estimate
882830ca61fffff,Woodgate Mobile Home Park E 4,,42.1,3.37,1087.0,routed,461.0,approach-review
882830ca63fffff,Brentwood Parks Apartments E 2,,35.7,2.86,745.0,routed,119.0,approach-review
882830ca65fffff,Brentwood Parks Apartments E 4,,52.0,4.16,1312.0,routed,250.0,approach-review
882830ca67fffff,Brentwood Parks Apartments E 3,,51.0,4.08,2088.0,routed,69.0,network-estimate
882830ca69fffff,Woodgate Mobile Home Park E 3,,41.1,3.29,391.0,routed,383.0,approach-review
882830ca6bfffff,Woodgate Mobile Home Park E 2,,32.2,2.58,1368.0,routed,209.0,approach-review
882830ca6dfffff,Woodgate Mobile Home Park E 6,,50.6,4.05,916.0,routed,205.0,approach-review
882830ca81fffff,Laurel Ranch E,,30.6,2.45,4112.0,routed,103.0,approach-review
882830ca83fffff,Laurel Ranch N,,43.9,3.51,5740.0,routed,49.0,network-estimate
882830ca85fffff,Summer Creek Place S,,28.7,2.29,10583.0,routed,99.0,network-estimate
882830ca87fffff,Summer Creek Place SW,,35.9,2.87,9617.0,routed,99.0,network-estimate
882830ca89fffff,Laurel Ranch SE,,51.7,4.13,7245.0,routed,138.0,approach-review
882830ca8bfffff,Laurel Ranch,,48.2,3.86,8465.0,routed,160.0,approach-review
882830ca8dfffff,Laurel Ranch E 2,,18.5,1.48,7227.0,routed,39.0,network-estimate
882830ca91fffff,Antioch Family & Senior Apartments SW 3,,61.2,4.9,2783.0,routed,390.0,approach-review
882830ca93fffff,Antioch Family & Senior Apartments SW 2,,52.6,4.21,4130.0,routed,23.0,network-estimate
882830ca95fffff,Antioch Family & Senior Apartments S,,54.8,4.39,3885.0,routed,148.0,approach-review
882830ca97fffff,Antioch Family & Senior Apartments SW,,55.1,4.41,5198.0,routed,280.0,approach-review
882830ca99fffff,Laurel Ranch W 2,,43.7,3.5,9977.0,routed,80.0,network-estimate
882830ca9bfffff,Antioch Hillcrest Terrace E,,45.1,3.61,8190.0,routed,43.0,network-estimate
882830ca9dfffff,Laurel Ranch NW,,56.6,4.53,8794.0,routed,170.0,approach-review
882830caa1fffff,Oakley SW,,6.8,0.55,10287.0,routed,62.0,network-estimate
882830caa3fffff,Twin Oaks Residence,,14.0,1.12,8564.0,routed,101.0,approach-review
882830caa5fffff,Oakley E,,10.2,0.82,3371.0,routed,119.0,approach-review
882830caa7fffff,Oakley,,25.1,2.01,5198.0,routed,216.0,approach-review
882830caa9fffff,Oakley S 2,,21.5,1.72,9724.0,routed,93.0,network-estimate
882830caabfffff,Summer Creek Place SE,,22.2,1.78,10619.0,routed,53.0,network-estimate
882830caadfffff,Oakley S,,19.2,1.54,4564.0,routed,231.0,approach-review
882830cab1fffff,The Oaks,,40.5,3.24,4046.0,routed,91.0,network-estimate
882830cab3fffff,Antioch Family & Senior Apartments NE,,60.9,4.87,2062.0,routed,159.0,approach-review
882830cab5fffff,The Oaks NE,,29.1,2.33,9423.0,routed,162.0,approach-review
882830cab7fffff,The Oaks N,,43.7,3.5,427.0,routed,215.0,approach-review
882830cab9fffff,The Oaks SW,,40.6,3.25,6265.0,routed,190.0,approach-review
882830cabbfffff,Antioch Family & Senior Apartments E,,46.9,3.75,4092.0,routed,94.0,network-estimate
882830cabdfffff,Summer Creek Place,,24.6,1.97,11292.0,routed,68.0,network-estimate
882830cac1fffff,Arbor Ridge Apartments,,39.3,3.14,7405.0,routed,115.0,approach-review
882830cac3fffff,Cross Pointe NE,,37.1,2.97,8909.0,routed,134.0,approach-review
882830cac5fffff,Arbor Ridge Apartments E,,25.0,2.0,9034.0,routed,96.0,network-estimate
882830cac7fffff,Arbor Ridge Apartments N,,29.7,2.37,5238.0,routed,31.0,network-estimate
882830cac9fffff,Brighton Station,,52.0,4.16,4805.0,routed,281.0,approach-review
882830cacbfffff,Cross Pointe SE,,39.2,3.14,5192.0,routed,108.0,approach-review
882830cacdfffff,Sterling Pinnacle,,42.9,3.43,12708.0,routed,120.0,approach-review
882830cad1fffff,Cross Pointe NW,,29.5,2.36,12341.0,routed,87.0,detour-review
882830cad3fffff,Quail Lodge NE,,33.2,2.66,8396.0,routed,124.0,detour-review
882830cad5fffff,Laurel Ranch S,,38.3,3.06,9466.0,routed,104.0,approach-review
882830cad7fffff,Laurel Ranch W,,39.2,3.14,11639.0,routed,47.0,network-estimate
882830cad9fffff,Cross Pointe W,,17.1,1.37,9042.0,routed,102.0,approach-review
882830cadbfffff,Prewett Family Park,,1.5,0.12,2493.0,routed,31.0,network-estimate
882830caddfffff,Cross Pointe,,23.5,1.88,12548.0,routed,109.0,approach-review
882830cae1fffff,Brentwood Park NW,,8.8,0.71,8130.0,routed,114.0,approach-review
882830cae3fffff,Brentwood Park NW 2,,15.7,1.26,8627.0,routed,78.0,network-estimate
882830cae5fffff,Brentwood Park NE,,22.8,1.82,4031.0,routed,224.0,approach-review
882830cae7fffff,Brentwood Park N,,22.1,1.77,7577.0,routed,157.0,approach-review
882830cae9fffff,Brentwood Park SW,,11.5,0.92,11930.0,routed,70.0,network-estimate
882830caebfffff,Brentwood Park W,,7.1,0.56,12262.0,routed,25.0,network-estimate
882830caedfffff,Brentwood Park,,18.9,1.51,6034.0,routed,147.0,approach-review
882830cb01fffff,Summer Lake SE 10,,118.8,9.5,0.0,routed,1060.0,approach-review
882830cb03fffff,Summer Lake S 6,,122.1,9.77,0.0,routed,681.0,approach-review
882830cb05fffff,Summer Lake SE 12,,130.5,10.44,0.0,routed,1743.0,approach-review
882830cb07fffff,Summer Lake SE 7,,127.7,10.21,0.0,routed,946.0,approach-review
882830cb09fffff,Summer Lake S 10,,105.8,8.46,0.0,routed,734.0,approach-review
882830cb0bfffff,Summer Lake S 8,,104.3,8.35,223.0,routed,469.0,approach-review
882830cb0dfffff,Summer Lake SE 15,,118.1,9.45,0.0,routed,1032.0,approach-review
882830cb11fffff,Summer Lake S 5,,98.6,7.89,2416.0,routed,252.0,approach-review
882830cb13fffff,Summer Lake SW 5,,87.3,6.99,1131.0,routed,354.0,approach-review
882830cb15fffff,Summer Lake S 4,,106.1,8.49,929.0,routed,756.0,approach-review
882830cb17fffff,Summer Lake S 3,,101.2,8.09,237.0,routed,517.0,approach-review
882830cb19fffff,Knightsen SE 4,,90.9,7.27,2679.0,routed,175.0,approach-review
882830cb1bfffff,Knightsen SE 2,,91.5,7.32,1142.0,routed,167.0,approach-review
882830cb1dfffff,Summer Lake S 7,,100.0,8.0,103.0,routed,580.0,approach-review
882830cb21fffff,Summer Lake SE 11,,163.0,13.04,246.0,routed,2161.0,approach-review
882830cb23fffff,Summer Lake SE 6,,152.4,12.19,1149.0,routed,1415.0,approach-review
882830cb25fffff,Summer Lake SE 14,,172.7,13.81,561.0,routed,2939.0,approach-review
882830cb27fffff,Summer Lake SE 9,,163.5,13.08,435.0,routed,1325.0,approach-review
882830cb29fffff,Summer Lake SE 13,,140.5,11.24,0.0,routed,2334.0,approach-review
882830cb2bfffff,Summer Lake SE 8,,137.5,11.0,0.0,routed,1587.0,approach-review
882830cb2dfffff,Summer Lake SE 16,,176.2,14.1,0.0,routed,2347.0,approach-review
882830cb31fffff,Summer Lake SE 2,,132.4,10.6,1861.0,routed,412.0,approach-review
882830cb33fffff,Summer Lake SE,,101.7,8.13,2500.0,routed,331.0,approach-review
882830cb35fffff,Summer Lake SE 3,,144.5,11.56,1488.0,routed,1114.0,approach-review
882830cb37fffff,Summer Lake E 2,,147.0,11.76,572.0,routed,961.0,approach-review
882830cb39fffff,Summer Lake SE 4,,117.7,9.41,936.0,routed,172.0,approach-review
882830cb3bfffff,Summer Lake S 2,,112.7,9.02,366.0,routed,810.0,approach-review
882830cb3dfffff,Summer Lake SE 5,,130.2,10.42,0.0,routed,929.0,approach-review
882830cb41fffff,Discovery Bay N 6,,102.4,8.2,2943.0,routed,228.0,approach-review
882830cb43fffff,Discovery Bay NW 9,,96.4,7.72,1545.0,routed,208.0,approach-review
882830cb45fffff,Discovery Bay N 7,,118.4,9.48,645.0,routed,527.0,approach-review
882830cb47fffff,Discovery Bay N 9,,112.0,8.96,1228.0,routed,261.0,approach-review
882830cb49fffff,Discovery Bay NW 3,,91.9,7.35,10312.0,routed,104.0,approach-review
882830cb4bfffff,Discovery Bay NW 6,,96.9,7.75,4355.0,routed,199.0,approach-review
882830cb4dfffff,Discovery Bay N 4,,103.8,8.3,187.0,routed,542.0,approach-review
882830cb51fffff,Knightsen SE 8,,80.7,6.46,2298.0,routed,227.0,approach-review
882830cb53fffff,Knightsen SE 6,,84.9,6.79,2563.0,routed,121.0,approach-review
882830cb55fffff,Summer Lake S 11,,92.5,7.4,143.0,routed,445.0,approach-review
882830cb57fffff,Summer Lake S 9,,97.1,7.76,2018.0,routed,164.0,approach-review
882830cb59fffff,Brentwood Parks Apartments E 5,,63.9,5.11,1471.0,routed,388.0,approach-review
882830cb5bfffff,Knightsen SE 7,,68.8,5.5,1564.0,routed,178.0,approach-review
882830cb5dfffff,Discovery Bay NW 10,,87.4,6.99,690.0,routed,411.0,approach-review
882830cb61fffff,Summer Lake SE 21,,133.7,10.69,0.0,routed,1550.0,approach-review
882830cb63fffff,Summer Lake SE 17,,130.0,10.4,0.0,routed,1496.0,approach-review
882830cb65fffff,Summer Lake SE 22,,146.4,11.71,0.0,routed,1920.0,approach-review
882830cb67fffff,Summer Lake SE 18,,146.7,11.74,0.0,routed,1949.0,approach-review
882830cb69fffff,Discovery Bay N 8,,127.7,10.22,982.0,routed,1077.0,approach-review
882830cb6bfffff,Discovery Bay N 10,,122.6,9.81,10.0,routed,875.0,approach-review
882830cb6dfffff,Discovery Bay NE 11,,139.2,11.14,985.0,routed,1348.0,approach-review
882830cc01fffff,Pittsburg NE 12,,85.1,6.81,0.0,routed,4023.0,approach-review
882830cc03fffff,Pittsburg NE 13,,90.4,7.24,0.0,routed,4447.0,approach-review
882830cc09fffff,Pittsburg NE 9,,73.3,5.87,0.0,routed,3080.0,approach-review
882830cc0bfffff,Pittsburg NE 10,,82.1,6.57,0.0,routed,3577.0,approach-review
882830cc1dfffff,Pittsburg NE 11,,80.6,6.44,71.0,routed,3709.0,approach-review
882830cc41fffff,ReNew Aster N 4,,55.9,4.47,0.0,routed,1766.0,approach-review
882830cc43fffff,Pittsburg NE 7,,61.6,4.93,0.0,routed,2218.0,approach-review
882830cc47fffff,ReNew Aster N 5,,67.7,5.41,0.0,routed,2706.0,approach-review
882830cc49fffff,ReNew Aster NW 3,,44.6,3.57,0.0,routed,783.0,approach-review
882830cc4bfffff,Edgewater Apartment Homes NE 4,,49.8,3.98,0.0,routed,1290.0,approach-review
882830cc4dfffff,ReNew Aster N 3,,59.7,4.78,0.0,routed,1413.0,approach-review
882830cc51fffff,Pittsburg NE 5,,59.3,4.75,0.0,routed,1984.0,approach-review
882830cc53fffff,Pittsburg N 4,,60.2,4.82,257.0,routed,2083.0,approach-review
882830cc55fffff,Pittsburg NE 6,,70.9,5.68,0.0,routed,2613.0,approach-review
882830cc57fffff,Pittsburg NE 8,,69.5,5.56,0.0,routed,2826.0,approach-review
882830cc59fffff,Pittsburg NE 2,,44.8,3.58,0.0,routed,1154.0,approach-review
882830cc5bfffff,Pittsburg N 3,,48.7,3.9,0.0,routed,1163.0,approach-review
882830cc5dfffff,Pittsburg NE 4,,59.6,4.77,0.0,routed,1705.0,approach-review
882830ce01fffff,Portofino Apartments,,9.5,0.76,6769.0,routed,68.0,network-estimate
882830ce03fffff,Ventrua Apartments,,5.5,0.44,7698.0,routed,54.0,network-estimate
882830ce05fffff,Delta View Apartments NW,,10.8,0.86,6336.0,routed,148.0,approach-review
882830ce07fffff,Edgewater Apartment Homes E,,10.4,0.83,5352.0,routed,88.0,network-estimate
882830ce09fffff,Stoneman Apartments,,20.6,1.65,10480.0,routed,66.0,network-estimate
882830ce0bfffff,Delta Hawaii,,3.7,0.3,8860.0,routed,83.0,network-estimate
882830ce0dfffff,Chateau Mobile Home Park,,24.5,1.96,7996.0,routed,170.0,approach-review
882830ce11fffff,Pittsburg Park Apartments,,9.4,0.75,6705.0,routed,45.0,network-estimate
882830ce13fffff,Crestview Apartments,,7.9,0.63,9904.0,routed,157.0,approach-review
882830ce15fffff,Stanford Place,,17.2,1.38,10713.0,routed,133.0,approach-review
882830ce17fffff,Pittsburg,,9.4,0.75,9484.0,routed,27.0,network-estimate
882830ce19fffff,Woodland Hills Apartment Homes NE,,21.0,1.68,7368.0,routed,57.0,network-estimate
882830ce1bfffff,Woodland Hills Apartment Homes N,,21.2,1.7,9824.0,routed,177.0,approach-review
882830ce1dfffff,Small World Park,,17.2,1.38,11198.0,routed,128.0,approach-review
882830ce21fffff,ReNew Aster NW,,41.3,3.31,1442.0,routed,250.0,approach-review
882830ce23fffff,Edgewater Apartment Homes NE 3,,35.6,2.85,203.0,routed,178.0,approach-review
882830ce25fffff,ReNew Aster N,,37.5,3.0,724.0,routed,565.0,approach-review
882830ce27fffff,ReNew Aster NW 2,,49.0,3.92,0.0,routed,555.0,approach-review
882830ce29fffff,Delta View Apartments N,,26.6,2.13,3632.0,routed,80.0,network-estimate
882830ce2bfffff,Delta View Apartments N 2,,25.0,2.0,1020.0,routed,335.0,approach-review
882830ce2dfffff,ReNew Aster,,31.3,2.5,3863.0,routed,88.0,network-estimate
882830ce31fffff,Edgewater Apartment Homes N,,41.9,3.35,0.0,routed,186.0,approach-review
882830ce33fffff,Pittsburg NE,,37.3,2.98,883.0,routed,276.0,approach-review
882830ce35fffff,Edgewater Apartment Homes NE 2,,37.1,2.97,0.0,routed,405.0,approach-review
882830ce37fffff,Pittsburg NE 3,,48.5,3.88,0.0,routed,765.0,approach-review
882830ce39fffff,Edgewater Apartment Homes,,27.3,2.18,3625.0,routed,87.0,network-estimate
882830ce3bfffff,Pittsburg E,,25.4,2.03,9098.0,routed,149.0,approach-review
882830ce3dfffff,Edgewater Apartment Homes NE,,24.3,1.95,2028.0,routed,157.0,approach-review
882830ce41fffff,Vista Diablo Mobile Estates SW 2,,51.4,4.11,480.0,routed,172.0,approach-review
882830ce43fffff,Delta Hawaii SE,,29.4,2.35,1645.0,routed,327.0,approach-review
882830ce45fffff,Vista Diablo Mobile Estates SW,,38.3,3.06,7342.0,routed,193.0,approach-review
882830ce47fffff,Chateau Mobile Home Park SW,,33.5,2.68,5627.0,routed,214.0,approach-review
882830ce49fffff,Vista Diablo Mobile Estates SW 4,,62.7,5.02,605.0,routed,254.0,approach-review
882830ce4bfffff,Kirker Creek Apartment Homes SE 3,,45.8,3.66,0.0,routed,727.0,approach-review
882830ce4dfffff,Vista Diablo Mobile Estates SW 3,,35.9,2.87,793.0,routed,610.0,approach-review
882830ce51fffff,Kirker Creek Apartment Homes,,19.9,1.59,7351.0,routed,94.0,network-estimate
882830ce53fffff,Woodland Hills Apartment Homes SE,,10.0,0.8,8235.0,routed,68.0,network-estimate
882830ce55fffff,Delta Hawaii S,,21.1,1.69,10233.0,routed,52.0,network-estimate
882830ce57fffff,Delta Hawaii SW,,15.8,1.27,8626.0,routed,85.0,network-estimate
882830ce59fffff,Kirker Creek Apartment Homes S,,24.9,2.0,1097.0,routed,657.0,approach-review
882830ce5bfffff,Woodland Hills Apartment Homes S,,5.1,0.41,2211.0,routed,375.0,approach-review
882830ce5dfffff,Kirker Creek Apartment Homes SE,,33.6,2.69,0.0,routed,548.0,approach-review
882830ce61fffff,Parkview Village Apartments,,41.4,3.31,10575.0,routed,70.0,network-estimate
882830ce63fffff,Delta View Apartments,,23.0,1.84,7295.0,routed,58.0,network-estimate
882830ce65fffff,Baywoods,,28.2,2.26,10181.0,routed,101.0,approach-review
882830ce67fffff,Mira Vista Hills,,31.2,2.49,6634.0,routed,94.0,network-estimate
882830ce69fffff,Vista Diablo Mobile Estates S,,30.8,2.46,5419.0,routed,239.0,approach-review
882830ce6bfffff,Vista Diablo Mobile Estates,,39.3,3.14,5403.0,routed,320.0,approach-review
882830ce6dfffff,Twin Creeks NW,,36.4,2.91,8378.0,routed,63.0,network-estimate
882830ce81fffff,Bella Vista Mobile Home Park N 2,,65.8,5.26,0.0,routed,1728.0,approach-review
882830ce85fffff,Beacon Villa NW 3,,59.2,4.73,0.0,routed,1494.0,approach-review
882830ce89fffff,Bella Vista Mobile Home Park N,,54.2,4.33,0.0,routed,981.0,approach-review
882830ce8bfffff,California Seasons N 2,,69.0,5.52,0.0,routed,1625.0,approach-review
882830ce8dfffff,Beacon Villa NW 2,,52.8,4.23,0.0,routed,925.0,approach-review
882830ce91fffff,Shore Acres NE 6,,100.2,8.02,0.0,routed,1869.0,approach-review
882830ce99fffff,Shore Acres NE 5,,89.0,7.12,0.0,routed,1394.0,approach-review
882830ce9bfffff,Shore Acres NE 4,,111.6,8.93,0.0,routed,1617.0,approach-review
882830ce9dfffff,California Seasons N 3,,88.2,7.06,0.0,routed,1487.0,approach-review
882830cec1fffff,River View Mobile Home Park,,28.5,2.28,13205.0,routed,64.0,network-estimate
882830cec3fffff,Bella Vista Mobile Home Park,,43.0,3.44,2963.0,routed,253.0,approach-review
882830cec5fffff,Beacon Villa W,,23.4,1.87,6130.0,routed,146.0,approach-review
882830cec7fffff,River View Mobile Home Park NE,,47.8,3.82,2546.0,routed,368.0,approach-review
882830cec9fffff,Emerald Cove Mobile Home Park SE,,42.1,3.36,6911.0,routed,67.0,network-estimate
882830cecbfffff,Emerald Cove Mobile Home Park E,,39.9,3.19,8299.0,routed,123.0,approach-review
882830cecdfffff,Woodland Hills Apartment Homes N 2,,26.2,2.1,5257.0,routed,247.0,approach-review
882830ced1fffff,Broadway Mobil Home Park,,67.3,5.38,2138.0,routed,179.0,approach-review
882830ced3fffff,Broadway Mobil Home Park NW,,81.5,6.52,0.0,routed,378.0,approach-review
882830ced5fffff,California Seasons N,,58.0,4.64,0.0,routed,744.0,approach-review
882830ced7fffff,Broadway Mobil Home Park N,,78.2,6.25,0.0,routed,1054.0,approach-review
882830ced9fffff,Hidden Cove Apartments,,65.3,5.23,10169.0,routed,51.0,network-estimate
882830cedbfffff,Rivershore Apartments,,79.3,6.35,4898.0,routed,249.0,approach-review
882830ceddfffff,California Seasons,,51.9,4.15,9555.0,routed,77.0,network-estimate
882830cee1fffff,Beacon Villa N,,34.6,2.77,5199.0,routed,161.0,approach-review
882830cee3fffff,Beacon Villa N 2,,47.8,3.83,0.0,routed,605.0,approach-review
882830cee5fffff,Pittsburg N 2,,38.2,3.05,666.0,routed,398.0,approach-review
882830cee7fffff,Beacon Villa N 3,,43.3,3.46,0.0,routed,610.0,approach-review
882830cee9fffff,Beacon Villa,,27.4,2.19,9261.0,routed,92.0,network-estimate
882830ceebfffff,Beacon Villa NW,,39.6,3.17,0.0,routed,435.0,approach-review
882830ceedfffff,Pittsburg N,,22.3,1.78,14241.0,routed,55.0,network-estimate
882830cf01fffff,Lakeshore N,,46.1,3.69,0.0,routed,901.0,approach-review
882830cf09fffff,Lakeshore,,31.1,2.49,4076.0,routed,121.0,approach-review
882830cf0bfffff,Lakeshore NW,,38.3,3.06,199.0,routed,520.0,approach-review
882830cf0dfffff,Lakeshore NE,,44.9,3.59,929.0,routed,405.0,approach-review
882830cf19fffff,ReNew Aster NE 2,,33.1,2.64,47.0,routed,330.0,approach-review
882830cf1bfffff,ReNew Aster N 2,,43.0,3.44,0.0,routed,1082.0,approach-review
882830cf1dfffff,Antioch N 2,,32.1,2.57,0.0,routed,940.0,approach-review
882830cf29fffff,Village Point NE 3,,76.6,6.13,0.0,routed,1039.0,approach-review
882830cf2dfffff,Antioch Family & Senior Apartments N 4,,91.2,7.29,876.0,routed,1033.0,approach-review
882830cf41fffff,Village Point SW,,33.0,2.64,7256.0,routed,130.0,approach-review
882830cf43fffff,Lakeshore S,,17.0,1.36,10076.0,routed,26.0,network-estimate
882830cf45fffff,Village Point SE,,38.8,3.1,5099.0,routed,61.0,network-estimate
882830cf47fffff,Village Point,,32.6,2.61,8889.0,routed,140.0,approach-review
882830cf49fffff,Antioch Hillcrest Terrace W,,26.8,2.14,11672.0,routed,101.0,approach-review
882830cf4bfffff,Almond Knolls NE,,27.4,2.2,9002.0,routed,93.0,network-estimate
882830cf4dfffff,Antioch Hillcrest Terrace NE,,44.2,3.54,9068.0,routed,50.0,network-estimate
882830cf51fffff,Antioch,,8.3,0.66,10980.0,routed,123.0,approach-review
882830cf53fffff,ReNew Aster NE,,23.2,1.86,11271.0,routed,56.0,network-estimate
882830cf55fffff,Antioch E,,16.6,1.33,10104.0,routed,111.0,approach-review
882830cf57fffff,Antioch N,,21.0,1.68,8348.0,routed,52.0,network-estimate
882830cf59fffff,Casa Blanca Apartments,,11.9,0.96,9821.0,routed,92.0,network-estimate
882830cf5bfffff,Riverstone Apartments,,18.6,1.49,9550.0,routed,139.0,approach-review
882830cf5dfffff,Antioch S,,8.1,0.65,11755.0,routed,77.0,network-estimate
882830cf61fffff,Antioch Family & Senior Apartments NW,,59.6,4.77,1890.0,routed,399.0,approach-review
882830cf63fffff,Village Point NE 2,,60.6,4.85,0.0,routed,466.0,approach-review
882830cf65fffff,Antioch Family & Senior Apartments N,,67.5,5.4,1914.0,routed,151.0,approach-review
882830cf67fffff,Antioch Family & Senior Apartments N 2,,80.8,6.46,0.0,routed,245.0,approach-review
882830cf69fffff,Antioch Family & Senior Apartments W,,49.5,3.96,8034.0,routed,112.0,approach-review
882830cf6bfffff,Village Point NE,,47.2,3.78,3335.0,routed,252.0,approach-review
882830cf6dfffff,Antioch Family & Senior Apartments,,59.9,4.79,3659.0,routed,180.0,approach-review
882830d001fffff,Tassajara Hills E,,162.0,12.96,0.0,routed,582.0,approach-review
882830d003fffff,Tassajara Hills NE 4,,117.0,9.36,0.0,routed,1070.0,approach-review
882830d005fffff,Tassajara Hills E 2,,138.7,11.1,967.0,routed,389.0,approach-review
882830d007fffff,Tassajara Hills NE 7,,124.9,9.99,158.0,routed,710.0,approach-review
882830d00bfffff,Tassajara Hills NE 3,,121.2,9.7,0.0,routed,1332.0,approach-review
882830d011fffff,Tassajara Hills N 3,,96.0,7.68,0.0,routed,614.0,approach-review
882830d013fffff,Waterford E 3,,83.1,6.64,0.0,routed,550.0,approach-review
882830d015fffff,Tassajara Hills NE 5,,104.3,8.34,0.0,routed,869.0,approach-review
882830d017fffff,Tassajara Hills N 4,,80.6,6.45,0.0,routed,774.0,approach-review
882830d019fffff,Tassajara Hills N,,99.2,7.94,0.0,routed,592.0,approach-review
882830d01bfffff,Tassajara Hills N 2,,73.2,5.86,0.0,routed,576.0,approach-review
882830d01dfffff,Tassajara Hills NE 2,,103.9,8.31,0.0,routed,967.0,approach-review
882830d021fffff,Tassajara Hills NE 16,,138.9,11.12,891.0,routed,287.0,approach-review
882830d023fffff,Tassajara Hills NE 14,,123.2,9.85,1948.0,routed,325.0,approach-review
882830d025fffff,Tassajara Hills NE 21,,143.3,11.46,800.0,routed,345.0,approach-review
882830d027fffff,Tassajara Hills NE 19,,133.2,10.66,1688.0,routed,291.0,approach-review
882830d029fffff,Tassajara Hills E 3,,144.5,11.56,99.0,routed,653.0,approach-review
882830d02bfffff,Tassajara Hills NE 11,,131.5,10.52,1352.0,routed,418.0,approach-review
882830d02dfffff,Tassajara Hills E 4,,151.5,12.12,1439.0,routed,541.0,approach-review
882830d031fffff,Tassajara Hills NE 10,,102.2,8.18,1726.0,routed,432.0,approach-review
882830d033fffff,Tassajara Hills NE 12,,88.7,7.09,1119.0,routed,621.0,approach-review
882830d035fffff,Tassajara Hills NE 13,,115.5,9.24,1652.0,routed,245.0,approach-review
882830d037fffff,Tassajara Hills NE 15,,105.3,8.42,0.0,routed,673.0,approach-review
882830d039fffff,Tassajara Hills NE 6,,119.1,9.53,211.0,routed,495.0,approach-review
882830d03bfffff,Tassajara Hills NE 8,,100.0,8.0,0.0,routed,902.0,approach-review
882830d03dfffff,Tassajara Hills NE 9,,118.9,9.51,783.0,routed,481.0,approach-review
882830d053fffff,Tassajara Hills,,89.5,7.16,4348.0,routed,263.0,approach-review
882830d057fffff,Tassajara Hills NE,,102.3,8.18,364.0,routed,530.0,approach-review
882830d081fffff,Wendt Ranch SE,,3.6,0.28,6504.0,routed,71.0,network-estimate
882830d083fffff,Wendt Ranch,,10.1,0.81,11433.0,routed,67.0,network-estimate
882830d085fffff,Wendt Ranch E 2,,32.5,2.6,1731.0,routed,241.0,approach-review
882830d087fffff,Wendt Ranch E,,17.5,1.4,2377.0,routed,162.0,approach-review
882830d089fffff,Wendt Ranch SE 2,,14.3,1.14,130.0,routed,703.0,approach-review
882830d08bfffff,Monterosso SE,,13.9,1.11,1711.0,routed,334.0,approach-review
882830d08dfffff,Wendt Ranch SE 3,,18.0,1.44,0.0,routed,500.0,approach-review
882830d091fffff,Oak Gate,,7.2,0.58,9578.0,routed,133.0,approach-review
882830d093fffff,Silver Maple E,,18.7,1.5,4152.0,routed,289.0,approach-review
882830d095fffff,Oak Gate E,,10.9,0.87,6408.0,routed,199.0,approach-review
882830d097fffff,Oak Gate N,,19.2,1.54,6261.0,routed,94.0,network-estimate
882830d099fffff,Monterosso W,,11.5,0.92,3984.0,routed,102.0,approach-review
882830d09bfffff,Somerset,,8.2,0.66,10017.0,routed,29.0,network-estimate
882830d09dfffff,Monterosso,,11.2,0.89,9107.0,routed,115.0,approach-review
882830d0a1fffff,Wendt Ranch E 6,,53.6,4.28,1096.0,routed,279.0,approach-review
882830d0a3fffff,Wendt Ranch NE 4,,51.8,4.14,1002.0,routed,781.0,approach-review
882830d0a5fffff,Wendt Ranch E 9,,67.3,5.38,0.0,routed,617.0,approach-review
882830d0a7fffff,Wendt Ranch NE 7,,68.9,5.51,0.0,routed,669.0,approach-review
882830d0a9fffff,Wendt Ranch E 5,,46.8,3.75,1741.0,routed,102.0,approach-review
882830d0abfffff,Wendt Ranch E 3,,42.2,3.38,1643.0,routed,237.0,approach-review
882830d0adfffff,Wendt Ranch E 8,,63.3,5.07,0.0,routed,238.0,approach-review
882830d0b1fffff,Wendt Ranch N,,36.3,2.9,1871.0,routed,222.0,approach-review
882830d0b3fffff,Oak Gate NE 2,,42.0,3.36,1070.0,routed,351.0,approach-review
882830d0b5fffff,Wendt Ranch NE 3,,75.1,6.01,0.0,routed,968.0,approach-review
882830d0b7fffff,Wendt Ranch N 2,,53.6,4.29,0.0,routed,789.0,approach-review
882830d0b9fffff,Wendt Ranch NE,,22.4,1.79,4532.0,routed,189.0,approach-review
882830d0bbfffff,Oak Gate NE,,34.7,2.78,3407.0,routed,119.0,approach-review
882830d0bdfffff,Wendt Ranch NE 2,,33.1,2.65,0.0,routed,610.0,approach-review
882830d0c1fffff,Waterford NE,,83.5,6.68,0.0,routed,952.0,approach-review
882830d0c3fffff,Aventura NE,,47.3,3.78,0.0,routed,698.0,approach-review
882830d0c5fffff,Waterford NE 2,,64.8,5.19,958.0,routed,483.0,approach-review
882830d0c7fffff,Aventura NE 2,,60.7,4.86,0.0,routed,962.0,approach-review
882830d0c9fffff,Waterford,,42.5,3.4,800.0,routed,585.0,approach-review
882830d0cbfffff,Aventura,,36.2,2.9,2308.0,routed,254.0,approach-review
882830d0cdfffff,Waterford E 2,,75.7,6.06,982.0,routed,174.0,approach-review
882830d0d1fffff,Solaire & Belvedere NE,,25.8,2.06,4940.0,routed,178.0,approach-review
882830d0d3fffff,Avanti,,24.3,1.95,38.0,routed,571.0,approach-review
882830d0d5fffff,Monterosso S,,34.1,2.73,1266.0,routed,188.0,approach-review
882830d0d7fffff,Monterosso SW,,19.3,1.54,2605.0,routed,80.0,network-estimate
882830d0d9fffff,Solaire & Belvedere,,20.7,1.66,5766.0,routed,141.0,approach-review
882830d0dbfffff,Terravista,,16.4,1.31,9916.0,routed,167.0,approach-review
882830d0ddfffff,Fiore,,33.3,2.66,788.0,routed,429.0,approach-review
882830d0e1fffff,Wendt Ranch SE 5,,58.6,4.69,0.0,routed,543.0,approach-review
882830d0e3fffff,Wendt Ranch E 4,,47.0,3.76,1771.0,routed,106.0,approach-review
882830d0e5fffff,Wendt Ranch E 10,,70.6,5.65,30.0,routed,614.0,approach-review
882830d0e7fffff,Wendt Ranch E 7,,59.2,4.74,978.0,routed,219.0,approach-review
882830d0e9fffff,Waterford NE 3,,66.3,5.3,1203.0,routed,309.0,approach-review
882830d0ebfffff,Wendt Ranch SE 4,,51.6,4.13,1199.0,routed,352.0,approach-review
882830d0edfffff,Tassajara Hills N 5,,75.3,6.02,995.0,routed,583.0,approach-review
882830d101fffff,Saddleback NW,,235.9,18.87,0.0,routed,900.0,approach-review
882830d103fffff,Saddleback NW 3,,219.7,17.58,0.0,routed,962.0,approach-review
882830d105fffff,Saddleback,,240.9,19.27,228.0,routed,473.0,approach-review
882830d107fffff,Saddleback N 2,,226.6,18.13,0.0,routed,153.0,approach-review
882830d10bfffff,Saddleback NW 2,,198.2,15.86,0.0,routed,1150.0,approach-review
882830d111fffff,Proud Country NW 3,,177.7,14.21,1841.0,routed,238.0,approach-review
882830d113fffff,Tassajara Hills NE 28,,172.5,13.8,0.0,routed,702.0,approach-review
882830d115fffff,Saddleback NW 6,,213.8,17.11,0.0,routed,489.0,approach-review
882830d117fffff,Saddleback NW 8,,192.9,15.43,1041.0,routed,230.0,approach-review
882830d119fffff,Proud Country NW 2,,187.9,15.03,1942.0,routed,79.0,network-estimate
882830d11bfffff,Tassajara Hills NE 25,,199.9,15.99,1084.0,routed,391.0,approach-review
882830d11dfffff,Saddleback NW 4,,191.0,15.28,0.0,routed,813.0,approach-review
882830d121fffff,Saddleback N 4,,256.0,20.48,0.0,routed,297.0,approach-review
882830d123fffff,Saddleback N 6,,255.1,20.4,0.0,routed,1100.0,approach-review
882830d125fffff,The Bluffs N 3,,257.3,20.59,0.0,routed,367.0,approach-review
882830d127fffff,Saddleback N 7,,264.7,21.18,0.0,routed,668.0,approach-review
882830d129fffff,Saddleback N,,247.8,19.82,694.0,routed,702.0,approach-review
882830d12bfffff,Saddleback N 3,,241.7,19.33,814.0,routed,538.0,approach-review
882830d12dfffff,The Bluffs,,264.9,21.19,646.0,routed,595.0,approach-review
882830d131fffff,Saddleback N 8,,207.4,16.59,631.0,routed,1307.0,approach-review
882830d133fffff,Saddleback N 13,,200.8,16.07,0.0,routed,936.0,approach-review
882830d135fffff,Saddleback N 9,,254.7,20.37,27.0,routed,1196.0,approach-review
882830d137fffff,Saddleback N 12,,244.2,19.54,1030.0,routed,362.0,approach-review
882830d139fffff,Saddleback NW 5,,210.9,16.87,0.0,routed,475.0,approach-review
882830d13bfffff,Saddleback NW 7,,196.6,15.73,60.0,routed,557.0,approach-review
882830d13dfffff,Saddleback N 5,,237.5,19.0,974.0,routed,1027.0,approach-review
882830d153fffff,Proud Country NW,,179.7,14.37,933.0,routed,422.0,approach-review
882830d157fffff,Proud Country,,181.9,14.55,0.0,routed,310.0,approach-review
882830d181fffff,Wendt Ranch E 22,,127.9,10.23,0.0,routed,732.0,approach-review
882830d183fffff,Wendt Ranch E 20,,138.1,11.05,0.0,routed,718.0,approach-review
882830d185fffff,Wendt Ranch E 25,,155.3,12.42,994.0,routed,157.0,approach-review
882830d187fffff,Wendt Ranch E 23,,167.7,13.41,154.0,routed,355.0,approach-review
882830d189fffff,Wendt Ranch E 21,,117.2,9.38,0.0,routed,450.0,approach-review
882830d18bfffff,Wendt Ranch E 19,,112.8,9.03,0.0,routed,589.0,approach-review
882830d18dfffff,Wendt Ranch E 24,,135.4,10.83,0.0,routed,751.0,approach-review
882830d191fffff,Wendt Ranch NE 16,,89.0,7.12,0.0,routed,1296.0,approach-review
882830d193fffff,Wendt Ranch NE 14,,92.8,7.42,0.0,routed,840.0,approach-review
882830d195fffff,Wendt Ranch NE 21,,150.9,12.07,0.0,routed,999.0,approach-review
882830d197fffff,Wendt Ranch NE 20,,111.7,8.93,0.0,routed,478.0,approach-review
882830d199fffff,Wendt Ranch E 13,,84.3,6.74,0.0,routed,916.0,approach-review
882830d19bfffff,Wendt Ranch NE 11,,78.1,6.25,0.0,routed,420.0,approach-review
882830d19dfffff,Wendt Ranch E 17,,115.9,9.27,0.0,routed,833.0,approach-review
882830d1a1fffff,Clayton Palms Community S 33,,187.8,15.02,0.0,routed,369.0,approach-review
882830d1a3fffff,Clayton Palms Community S 29,,181.6,14.53,0.0,routed,357.0,approach-review
882830d1a5fffff,Clayton Palms Community S 31,,203.8,16.31,0.0,routed,950.0,approach-review
882830d1a7fffff,Clayton Palms Community S 28,,195.5,15.64,0.0,routed,1000.0,approach-review
882830d1a9fffff,Clayton Palms Community S 37,,166.1,13.29,0.0,routed,574.0,approach-review
882830d1abfffff,Clayton Palms Community S 34,,169.5,13.56,428.0,routed,241.0,approach-review
882830d1adfffff,Clayton Palms Community S 36,,199.7,15.97,0.0,routed,618.0,approach-review
882830d1b1fffff,Clayton Palms Community S 26,,161.9,12.95,1372.0,routed,301.0,approach-review
882830d1b3fffff,Clayton Palms Community S 24,,153.7,12.3,1082.0,routed,199.0,approach-review
882830d1b5fffff,Clayton Palms Community S 25,,184.8,14.78,0.0,routed,562.0,approach-review
882830d1b7fffff,Clayton Palms Community S 20,,161.3,12.9,0.0,routed,616.0,approach-review
882830d1b9fffff,Wendt Ranch NE 25,,157.3,12.58,0.0,routed,602.0,approach-review
882830d1bbfffff,Wendt Ranch NE 24,,144.4,11.55,0.0,routed,463.0,approach-review
882830d1bdfffff,Clayton Palms Community S 30,,178.2,14.26,1432.0,routed,314.0,approach-review
882830d1c1fffff,Tassajara Hills NE 22,,136.9,10.95,0.0,routed,118.0,approach-review
882830d1c3fffff,Tassajara Hills NE 24,,108.0,8.64,339.0,routed,517.0,approach-review
882830d1c5fffff,Tassajara Hills NE 26,,152.1,12.17,689.0,routed,270.0,approach-review
882830d1c7fffff,Tassajara Hills NE 27,,124.9,9.99,0.0,routed,371.0,approach-review
882830d1c9fffff,Tassajara Hills NE 17,,128.4,10.27,0.0,routed,445.0,approach-review
882830d1cbfffff,Tassajara Hills NE 18,,120.6,9.65,1275.0,routed,203.0,approach-review
882830d1cdfffff,Tassajara Hills NE 23,,148.9,11.91,1048.0,routed,371.0,approach-review
882830d1d1fffff,Wendt Ranch E 15,,87.7,7.02,928.0,routed,149.0,approach-review
882830d1d3fffff,Wendt Ranch E 12,,78.4,6.27,0.0,routed,344.0,approach-review
882830d1d5fffff,Wendt Ranch E 18,,98.9,7.91,0.0,routed,530.0,approach-review
882830d1d7fffff,Wendt Ranch E 16,,91.5,7.32,0.0,routed,508.0,approach-review
882830d1d9fffff,Wendt Ranch E 14,,85.5,6.84,0.0,routed,456.0,approach-review
882830d1dbfffff,Wendt Ranch E 11,,74.3,5.95,1032.0,routed,95.0,network-estimate
882830d1ddfffff,Tassajara Hills NE 20,,93.5,7.48,0.0,routed,308.0,approach-review
882830d1e1fffff,Tassajara Hills NE 31,,173.0,13.84,986.0,routed,119.0,approach-review
882830d1e3fffff,Tassajara Hills NE 32,,164.6,13.17,950.0,routed,89.0,network-estimate
882830d1e5fffff,Saddleback NW 10,,185.5,14.84,0.0,routed,920.0,approach-review
882830d1e7fffff,Saddleback NW 11,,178.2,14.26,0.0,routed,774.0,approach-review
882830d1e9fffff,Tassajara Hills NE 30,,162.0,12.96,0.0,routed,680.0,approach-review
882830d1ebfffff,Tassajara Hills NE 29,,154.9,12.39,0.0,routed,256.0,approach-review
882830d1edfffff,Saddleback NW 9,,183.7,14.7,1129.0,routed,370.0,approach-review
882830d281fffff,eaves Dublin Apartments NE,,50.2,4.02,1683.0,routed,399.0,approach-review
882830d283fffff,Bent Creek Estates NE,,51.7,4.13,0.0,routed,535.0,approach-review
882830d285fffff,Wallis Ranch W,,65.8,5.27,140.0,routed,511.0,approach-review
882830d287fffff,Chantera SW,,62.9,5.03,110.0,routed,288.0,approach-review
882830d28bfffff,eaves Dublin Apartments,,32.5,2.6,4839.0,routed,170.0,approach-review
882830d291fffff,Old Ranch Summit,,18.3,1.47,3923.0,routed,391.0,approach-review
882830d293fffff,Old Ranch Summit NW,,25.6,2.05,4581.0,routed,157.0,approach-review
882830d295fffff,Old Ranch Estates,,14.4,1.16,4368.0,routed,189.0,approach-review
882830d297fffff,Serena & Cordova,,4.8,0.38,2727.0,routed,85.0,network-estimate
882830d299fffff,Fairway Village Apartments,,1.5,0.12,7191.0,routed,87.0,network-estimate
882830d29bfffff,Old Ranch Summit W,,16.5,1.32,6201.0,routed,161.0,approach-review
882830d29dfffff,Bent Creek Estates,,20.1,1.61,9641.0,routed,147.0,approach-review
882830d2a1fffff,Wallis Ranch N,,49.3,3.94,2741.0,routed,262.0,approach-review
882830d2a3fffff,Waterford S,,36.3,2.9,575.0,routed,437.0,approach-review
882830d2a5fffff,Tassajara Hills NW,,63.8,5.11,0.0,routed,575.0,approach-review
882830d2a7fffff,Waterford E,,62.3,4.98,1414.0,routed,230.0,approach-review
882830d2a9fffff,Wallis Ranch,,99.5,7.96,4880.0,routed,38.0,network-estimate
882830d2abfffff,Chantera,,35.9,2.88,5562.0,routed,171.0,approach-review
882830d2adfffff,The Enclave,,70.2,5.61,3587.0,routed,205.0,approach-review
882830d2b1fffff,Torello,,13.2,1.06,7168.0,routed,139.0,approach-review
882830d2b3fffff,Ambridge,,12.7,1.01,10435.0,routed,103.0,approach-review
882830d2b5fffff,Lunaria,,29.8,2.39,7752.0,routed,138.0,approach-review
882830d2b7fffff,Wyngate,,24.3,1.95,11482.0,routed,84.0,network-estimate
882830d2b9fffff,Barcella,,20.1,1.61,3506.0,routed,290.0,approach-review
882830d2bbfffff,Deer Creek,,0.6,0.05,3763.0,routed,14.0,network-estimate
882830d2bdfffff,Montecito,,23.3,1.87,11765.0,routed,109.0,approach-review
882830d2d3fffff,Easthampton,,6.6,0.53,11587.0,routed,82.0,network-estimate
882830d2d7fffff,Amador Lakes Apartments,,5.0,0.4,3751.0,routed,316.0,approach-review
882830d401fffff,Walnut Forest W,,13.6,1.09,7005.0,routed,149.0,approach-review
882830d403fffff,Danville Oaks,,16.6,1.33,6855.0,routed,156.0,approach-review
882830d405fffff,Walnut Forest,,7.6,0.6,7238.0,routed,192.0,approach-review
882830d407fffff,Danville,,3.6,0.29,8907.0,routed,47.0,network-estimate
882830d409fffff,Sequoia Grove W,,18.9,1.51,1802.0,routed,360.0,approach-review
882830d40bfffff,Danville SW,,24.6,1.97,3039.0,routed,137.0,approach-review
882830d40dfffff,Sequoia Grove,,5.5,0.44,8139.0,routed,33.0,network-estimate
882830d411fffff,Rubicon of Danville W,,37.5,3.0,1268.0,routed,284.0,approach-review
882830d413fffff,Alamo Oak Villas S 2,,44.1,3.53,0.0,routed,470.0,approach-review
882830d415fffff,Rubicon of Danville,,22.2,1.77,8332.0,routed,54.0,network-estimate
882830d417fffff,Alamo Oak Villas S,,27.8,2.22,4805.0,routed,167.0,approach-review
882830d419fffff,Danville Oaks SW 3,,36.7,2.93,147.0,routed,243.0,approach-review
882830d41bfffff,Rubicon of Danville W 2,,30.1,2.41,0.0,routed,432.0,approach-review
882830d41dfffff,Danville Oaks SW,,31.4,2.51,3584.0,routed,132.0,approach-review
882830d421fffff,Rancho San Ramon NE,,12.9,1.03,3896.0,routed,131.0,approach-review
882830d423fffff,Cameo Acres SW,,8.3,0.66,7375.0,routed,92.0,network-estimate
882830d425fffff,Diablo Country Club SW,,4.5,0.36,2825.0,routed,218.0,approach-review
882830d427fffff,Cameo Acres S,,9.3,0.74,6767.0,routed,178.0,approach-review
882830d429fffff,Rancho San Ramon SE,,6.2,0.5,9505.0,routed,50.0,network-estimate
882830d42bfffff,Rancho San Ramon,,13.0,1.04,8644.0,routed,115.0,approach-review
882830d42dfffff,Autumn Creek NW,,19.0,1.52,2830.0,routed,361.0,approach-review
882830d431fffff,Garden Creek N,,17.6,1.41,4279.0,routed,221.0,approach-review
882830d433fffff,Alamo Highlands SW,,12.3,0.99,4496.0,routed,106.0,approach-review
882830d435fffff,Alamo Oaks,,10.7,0.85,4248.0,routed,178.0,approach-review
882830d437fffff,Alamo Highlands SE,,21.0,1.68,7154.0,routed,56.0,network-estimate
882830d439fffff,Garden Creek,,9.3,0.75,6827.0,routed,71.0,network-estimate
882830d43bfffff,Garden Creek NW,,8.7,0.69,5568.0,routed,55.0,network-estimate
882830d43dfffff,Rancho San Ramon NW,,8.2,0.66,7685.0,routed,98.0,network-estimate
882830d441fffff,California Chateau at Danville Ranch W,,24.1,1.93,0.0,routed,758.0,approach-review
882830d443fffff,California Chateau at Danville Ranch NW,,39.2,3.14,0.0,routed,678.0,approach-review
882830d445fffff,California Chateau at Danville Ranch N,,12.9,1.03,3639.0,routed,273.0,approach-review
882830d447fffff,Greenbrook Townhomes W,,12.9,1.03,1291.0,routed,362.0,approach-review
882830d449fffff,The Preserve W,,15.4,1.23,1111.0,routed,427.0,approach-review
882830d44bfffff,California Chateau at Danville Ranch W 2,,27.8,2.22,988.0,routed,294.0,approach-review
882830d44dfffff,California Chateau at Danville Ranch SW,,20.0,1.6,734.0,routed,302.0,approach-review
882830d451fffff,Sequoia Grove W 3,,29.3,2.34,304.0,routed,440.0,approach-review
882830d453fffff,Danville Oaks SW 4,,15.0,1.2,1712.0,routed,351.0,approach-review
882830d455fffff,Sequoia Grove W 2,,37.5,3.0,144.0,routed,546.0,approach-review
882830d457fffff,Danville Oaks SW 2,,47.1,3.77,460.0,routed,507.0,approach-review
882830d459fffff,California Chateau at Danville Ranch W 4,,31.6,2.53,436.0,routed,295.0,approach-review
882830d45bfffff,Sequoia Grove W 4,,19.9,1.59,512.0,routed,378.0,approach-review
882830d45dfffff,California Chateau at Danville Ranch W 3,,39.8,3.19,849.0,routed,241.0,approach-review
882830d461fffff,Greenbrook Townhomes NE,,8.4,0.67,5413.0,routed,34.0,network-estimate
882830d463fffff,Rose Garden Village,,9.7,0.78,9308.0,routed,68.0,network-estimate
882830d465fffff,Autumn Creek S,,14.5,1.16,1525.0,routed,254.0,approach-review
882830d467fffff,Autumn Creek W,,6.0,0.48,9930.0,routed,143.0,approach-review
882830d469fffff,Greenbrook Townhomes,,4.3,0.34,8089.0,routed,65.0,network-estimate
882830d46bfffff,Greenbrook Townhomes NW,,4.5,0.36,9404.0,routed,154.0,approach-review
882830d46dfffff,Crow Canyon Country Club NW,,4.4,0.35,7500.0,routed,69.0,network-estimate
882830d481fffff,Rossmoor E 2,,36.0,2.88,2339.0,routed,218.0,approach-review
882830d483fffff,Rossmoor E,,23.7,1.9,2115.0,routed,260.0,approach-review
882830d485fffff,Stonecastle Estates S,,56.8,4.54,5818.0,routed,105.0,approach-review
882830d487fffff,Stonecastle Estates SW,,39.0,3.12,2428.0,routed,363.0,approach-review
882830d489fffff,Rossmoor SE,,41.4,3.31,2627.0,routed,116.0,approach-review
882830d48bfffff,Rossmoor S,,28.2,2.25,3085.0,routed,85.0,network-estimate
882830d48dfffff,Alamo W,,52.8,4.23,1862.0,routed,323.0,approach-review
882830d491fffff,Rossmoor NW,,11.6,0.93,1995.0,routed,193.0,approach-review
882830d493fffff,Burton Valley E,,16.6,1.33,1994.0,routed,257.0,approach-review
882830d495fffff,Rossmoor N,,9.7,0.78,4046.0,routed,110.0,approach-review
882830d497fffff,Saranap S,,8.1,0.65,6552.0,routed,57.0,network-estimate
882830d499fffff,Rossmoor W,,34.1,2.73,2484.0,routed,196.0,approach-review
882830d49bfffff,Burton Valley SE,,18.8,1.5,6513.0,routed,143.0,approach-review
882830d49dfffff,Rossmoor,,19.1,1.52,3894.0,routed,83.0,network-estimate
882830d4a1fffff,Stonecastle Estates E,,66.5,5.32,6946.0,routed,82.0,network-estimate
882830d4a3fffff,Stonecastle Estates NE,,54.3,4.35,3584.0,routed,91.0,network-estimate
882830d4a5fffff,Stonebridge Estates W 2,,58.9,4.71,6368.0,routed,183.0,approach-review
882830d4a7fffff,San Miguel SE,,57.0,4.56,7547.0,routed,83.0,network-estimate
882830d4a9fffff,Stonecastle Estates SE,,60.3,4.82,5650.0,routed,189.0,approach-review
882830d4abfffff,Stonecastle Estates,,46.1,3.69,4255.0,routed,186.0,approach-review
882830d4adfffff,Alamo Ranch Estates N,,56.4,4.51,6295.0,routed,154.0,approach-review
882830d4b1fffff,Castle Hill,,23.2,1.86,7020.0,routed,136.0,approach-review
882830d4b3fffff,Castle Hill NW,,20.8,1.66,7186.0,routed,65.0,network-estimate
882830d4b5fffff,San Miguel SW,,43.0,3.44,7504.0,routed,114.0,approach-review
882830d4b7fffff,Castle Hill NE,,27.0,2.16,7841.0,routed,71.0,network-estimate
882830d4b9fffff,Castle Hill S,,18.3,1.46,4519.0,routed,117.0,approach-review
882830d4bbfffff,Castle Hill W,,7.3,0.59,5447.0,routed,95.0,network-estimate
882830d4bdfffff,Stonecastle Estates NW,,43.9,3.51,5461.0,routed,58.0,network-estimate
882830d4c1fffff,Creektree,,56.0,4.48,0.0,routed,576.0,approach-review
882830d4c3fffff,Rossmoor S 3,,57.5,4.6,0.0,routed,414.0,approach-review
882830d4c5fffff,Alamo Village,,48.2,3.86,326.0,routed,383.0,approach-review
882830d4c7fffff,Alamo SW,,53.6,4.29,1468.0,routed,259.0,approach-review
882830d4c9fffff,Alamo Oak Villas SW 3,,31.0,2.48,0.0,routed,532.0,approach-review
882830d4cbfffff,Rossmoor S 6,,47.6,3.81,0.0,routed,553.0,approach-review
882830d4cdfffff,Alamo Oak Villas SW 2,,39.3,3.14,0.0,routed,446.0,approach-review
882830d4d1fffff,Rossmoor SW 3,,63.5,5.08,0.0,routed,270.0,approach-review
882830d4d3fffff,Rossmoor SW 2,,50.7,4.06,1326.0,routed,279.0,approach-review
882830d4d5fffff,Rossmoor S 2,,41.3,3.31,0.0,routed,622.0,approach-review
882830d4d7fffff,Rossmoor SW,,33.6,2.69,658.0,routed,379.0,approach-review
882830d4d9fffff,Rossmoor S 5,,65.2,5.21,0.0,routed,310.0,approach-review
882830d4dbfffff,Rossmoor SW 4,,48.5,3.88,1509.0,routed,60.0,network-estimate
882830d4ddfffff,Rossmoor S 4,,61.3,4.9,0.0,routed,257.0,approach-review
882830d4e1fffff,Alamo Bridge,,37.3,2.98,5989.0,routed,112.0,approach-review
882830d4e3fffff,Alamo,,47.7,3.81,6317.0,routed,91.0,network-estimate
882830d4e5fffff,Alamo Ranch Estates E,,42.6,3.41,5499.0,routed,93.0,network-estimate
882830d4e7fffff,Alamo Ranch Estates,,49.8,3.98,4600.0,routed,18.0,network-estimate
882830d4e9fffff,Alamo Oak Villas SW,,36.7,2.94,5219.0,routed,90.0,network-estimate
882830d4ebfffff,Alamo Bridge SW,,47.8,3.82,5150.0,routed,103.0,approach-review
882830d4edfffff,Alamo Oak Villas,,26.1,2.09,3594.0,routed,149.0,approach-review
882830d501fffff,Hidden Oaks E,,50.7,4.05,796.0,routed,510.0,approach-review
882830d503fffff,Hidden Oaks N,,53.5,4.28,448.0,routed,684.0,approach-review
882830d505fffff,Hidden Oaks E 2,,69.7,5.57,932.0,routed,486.0,approach-review
882830d507fffff,Hidden Oaks NE,,81.1,6.49,1670.0,routed,258.0,approach-review
882830d509fffff,Brooktree,,51.7,4.14,4340.0,routed,153.0,approach-review
882830d50bfffff,Hidden Oaks,,38.1,3.05,6563.0,routed,178.0,approach-review
882830d50dfffff,Tennis Club,,56.7,4.53,3633.0,routed,220.0,approach-review
882830d511fffff,Diablo Country Club,,36.8,2.94,3877.0,routed,51.0,network-estimate
882830d513fffff,Diablo Country Club NW,,28.6,2.28,1027.0,routed,335.0,approach-review
882830d515fffff,Diablo Country Club NE,,41.1,3.29,1675.0,routed,495.0,approach-review
882830d517fffff,Diablo Country Club N,,48.0,3.84,1126.0,routed,135.0,approach-review
882830d519fffff,Diablo Country Club S,,21.4,1.71,5561.0,routed,112.0,approach-review
882830d51bfffff,Diablo Country Club W,,20.6,1.65,3093.0,routed,185.0,approach-review
882830d51dfffff,Diablo Country Club E,,30.4,2.43,2074.0,routed,219.0,approach-review
882830d521fffff,Hidden Oaks NE 5,,84.5,6.76,0.0,routed,819.0,approach-review
882830d523fffff,Hidden Oaks NE 4,,98.6,7.89,0.0,routed,929.0,approach-review
882830d525fffff,Hidden Oaks NE 9,,91.6,7.33,0.0,routed,445.0,approach-review
882830d527fffff,Hidden Oaks NE 7,,101.1,8.09,0.0,routed,1204.0,approach-review
882830d529fffff,Hidden Oaks E 3,,76.2,6.1,0.0,routed,689.0,approach-review
882830d52bfffff,Hidden Oaks NE 2,,84.6,6.77,276.0,routed,161.0,approach-review
882830d52dfffff,Blackhawk NE 4,,73.1,5.85,0.0,routed,447.0,approach-review
882830d531fffff,Diablo Country Club NE 4,,87.0,6.96,1846.0,routed,326.0,approach-review
882830d533fffff,Diablo Country Club NE 5,,95.2,7.61,825.0,routed,360.0,approach-review
882830d535fffff,Hidden Oaks NE 6,,96.4,7.71,0.0,routed,782.0,approach-review
882830d537fffff,Diablo Country Club NE 6,,107.1,8.56,1995.0,routed,323.0,approach-review
882830d539fffff,Diablo Country Club NE 3,,80.7,6.45,1510.0,routed,271.0,approach-review
882830d53bfffff,Diablo Country Club NE 2,,66.7,5.33,0.0,routed,388.0,approach-review
882830d53dfffff,Hidden Oaks NE 3,,90.1,7.21,702.0,routed,388.0,approach-review
882830d541fffff,Belleterre N,,16.8,1.34,3220.0,routed,219.0,approach-review
882830d543fffff,Belleterre NW,,29.1,2.33,710.0,routed,114.0,approach-review
882830d545fffff,Magee Ranch Terrace SE,,40.1,3.21,4614.0,routed,79.0,network-estimate
882830d547fffff,Magee Ranch Terrace,,45.0,3.6,1964.0,routed,326.0,approach-review
882830d549fffff,Belleterre,,1.8,0.15,10342.0,routed,128.0,approach-review
882830d54bfffff,North Ridge,,11.0,0.88,2732.0,routed,367.0,approach-review
882830d54dfffff,Silver Maple,,23.7,1.89,7064.0,routed,132.0,approach-review
882830d551fffff,Magee Preserve S,,19.1,1.53,14.0,routed,155.0,approach-review
882830d553fffff,Magee Preserve SW,,10.1,0.81,325.0,routed,519.0,approach-review
882830d555fffff,Woodcreek,,43.0,3.44,4113.0,routed,275.0,approach-review
882830d557fffff,Magee Preserve,,29.9,2.39,4515.0,routed,174.0,approach-review
882830d559fffff,Edendale NW,,12.0,0.96,6413.0,routed,39.0,network-estimate
882830d55bfffff,Autumn Creek,,1.4,0.11,4568.0,routed,94.0,network-estimate
882830d55dfffff,Edendale NE,,30.1,2.41,0.0,routed,273.0,approach-review
882830d561fffff,Blackhawk NE,,42.2,3.38,1625.0,routed,104.0,approach-review
882830d563fffff,Blackhawk N,,66.6,5.33,1131.0,routed,427.0,approach-review
882830d565fffff,Blackhawk E,,42.3,3.38,495.0,routed,282.0,approach-review
882830d567fffff,Blackhawk NE 2,,54.1,4.33,0.0,routed,858.0,approach-review
882830d569fffff,Blackhawk SE,,38.3,3.07,4815.0,routed,213.0,approach-review
882830d56bfffff,Blackhawk,,47.4,3.79,3565.0,routed,127.0,approach-review
882830d56dfffff,Oak Gate N 2,,30.3,2.42,4494.0,routed,128.0,approach-review
882830d581fffff,Stonebridge Estates E 3,,30.9,2.47,0.0,routed,621.0,approach-review
882830d583fffff,Stonebridge Estates NE,,18.7,1.5,0.0,routed,176.0,approach-review
882830d585fffff,Stonebridge Estates E 5,,41.2,3.29,0.0,routed,507.0,approach-review
882830d587fffff,Stonebridge Estates NE 2,,46.1,3.69,794.0,routed,282.0,approach-review
882830d589fffff,Stonebridge Estates E 2,,39.0,3.12,77.0,routed,353.0,approach-review
882830d58bfffff,Stonebridge Estates E,,41.7,3.34,38.0,routed,255.0,approach-review
882830d58dfffff,Stonebridge Estates E 4,,44.1,3.53,0.0,routed,227.0,approach-review
882830d591fffff,Stonebridge Estates N 2,,32.3,2.58,52.0,routed,226.0,approach-review
882830d593fffff,Walnut Heights E 2,,37.5,3.0,489.0,routed,409.0,approach-review
882830d595fffff,Stonebridge Estates N 3,,11.7,0.94,0.0,routed,296.0,approach-review
882830d597fffff,North Gate S 3,,22.6,1.81,0.0,routed,128.0,approach-review
882830d599fffff,Stonebridge Estates NW,,45.4,3.63,3840.0,routed,234.0,approach-review
882830d59bfffff,Stonebridge Estates NW 2,,48.0,3.84,606.0,routed,302.0,approach-review
882830d59dfffff,Stonebridge Estates N,,29.8,2.38,772.0,routed,287.0,approach-review
882830d5a1fffff,Stonebridge Estates NE 5,,73.4,5.87,0.0,routed,783.0,approach-review
882830d5a3fffff,North Gate SE 4,,62.3,4.98,0.0,routed,769.0,approach-review
882830d5a5fffff,Diablo Country Club N 10,,90.8,7.26,0.0,routed,714.0,approach-review
882830d5a7fffff,North Gate E 9,,74.5,5.96,0.0,routed,729.0,approach-review
882830d5a9fffff,Stonebridge Estates E 6,,59.5,4.76,1133.0,routed,941.0,approach-review
882830d5abfffff,Stonebridge Estates NE 4,,53.3,4.26,939.0,routed,907.0,approach-review
882830d5adfffff,Diablo Country Club N 8,,76.9,6.15,0.0,routed,748.0,approach-review
882830d5b1fffff,North Gate SE 2,,29.2,2.34,331.0,routed,544.0,approach-review
882830d5b3fffff,North Gate SE,,31.9,2.55,987.0,routed,254.0,approach-review
882830d5b5fffff,North Gate E 4,,47.9,3.83,0.0,routed,662.0,approach-review
882830d5b7fffff,North Gate E 2,,41.8,3.34,0.0,routed,865.0,approach-review
882830d5b9fffff,Stonebridge Estates NE 3,,12.6,1.01,727.0,routed,576.0,approach-review
882830d5bbfffff,North Gate S 2,,3.6,0.29,810.0,routed,187.0,approach-review
882830d5bdfffff,North Gate SE 3,,47.5,3.8,51.0,routed,634.0,approach-review
882830d5c1fffff,Cameo Acres NW,,17.1,1.37,3827.0,routed,175.0,approach-review
882830d5c3fffff,Stone Valley Oaks N,,24.2,1.94,778.0,routed,103.0,approach-review
882830d5c5fffff,Cameo Acres N,,29.9,2.39,2577.0,routed,251.0,approach-review
882830d5c7fffff,Stone Valley Oaks NE,,31.4,2.51,5704.0,routed,17.0,network-estimate
882830d5c9fffff,Cameo Acres W,,1.3,0.1,4556.0,routed,40.0,network-estimate
882830d5cbfffff,Stone Valley Oaks,,11.9,0.95,3697.0,routed,217.0,approach-review
882830d5cdfffff,Cameo Acres,,21.6,1.73,7045.0,routed,121.0,approach-review
882830d5d1fffff,Stonebridge Estates SW,,44.3,3.54,4865.0,routed,102.0,approach-review
882830d5d3fffff,Stonebridge Estates W,,52.4,4.19,5099.0,routed,178.0,approach-review
882830d5d5fffff,Stonebridge Estates SE,,40.6,3.24,4004.0,routed,223.0,approach-review
882830d5d7fffff,Stonebridge Estates,,51.7,4.13,3182.0,routed,211.0,approach-review
882830d5d9fffff,Alamo Highlands,,29.1,2.33,6144.0,routed,134.0,approach-review
882830d5dbfffff,Alamo Highlands NW,,43.5,3.48,6836.0,routed,187.0,approach-review
882830d5ddfffff,Stone Valley Oaks NW,,27.9,2.23,4112.0,routed,197.0,approach-review
882830d5e1fffff,Diablo Country Club N 4,,52.7,4.22,0.0,routed,845.0,approach-review
882830d5e3fffff,Cameo Acres N 3,,50.5,4.04,231.0,routed,715.0,approach-review
882830d5e5fffff,Diablo Country Club N 5,,76.2,6.1,1734.0,routed,196.0,approach-review
882830d5e7fffff,Diablo Country Club N 6,,67.2,5.37,1586.0,routed,748.0,approach-review
882830d5e9fffff,Diablo Country Club N 2,,47.9,3.83,125.0,routed,370.0,approach-review
882830d5ebfffff,Cameo Acres N 2,,41.8,3.34,270.0,routed,424.0,approach-review
882830d5edfffff,Diablo Country Club N 3,,60.6,4.84,0.0,routed,799.0,approach-review
882830d60dfffff,Norris Canyon W 2,,69.4,5.55,1127.0,routed,195.0,approach-review
882830d621fffff,The Preserve SW 2,,10.6,0.85,4780.0,routed,212.0,approach-review
882830d623fffff,The Preserve W 2,,15.4,1.23,0.0,routed,730.0,approach-review
882830d625fffff,The Preserve S,,12.2,0.97,9888.0,routed,59.0,network-estimate
882830d627fffff,The Preserve SW,,6.1,0.49,5021.0,routed,63.0,network-estimate
882830d629fffff,The Preserve SW 4,,29.0,2.32,0.0,routed,399.0,approach-review
882830d62bfffff,The Preserve SW 3,,26.2,2.1,985.0,routed,175.0,approach-review
882830d62dfffff,The Preserve S 2,,24.2,1.94,3982.0,routed,301.0,approach-review
882830d631fffff,The Preserve W 5,,48.2,3.86,0.0,routed,1516.0,approach-review
882830d633fffff,The Preserve W 6,,43.5,3.48,0.0,routed,1198.0,approach-review
882830d635fffff,The Preserve W 3,,30.5,2.44,0.0,routed,789.0,approach-review
882830d637fffff,The Preserve W 4,,44.1,3.52,0.0,routed,666.0,approach-review
882830d661fffff,Norris Canyon NW,,64.2,5.13,1812.0,routed,166.0,approach-review
882830d663fffff,Norris Canyon NW 3,,55.3,4.42,2294.0,routed,222.0,approach-review
882830d665fffff,Norris Canyon N,,54.3,4.34,2218.0,routed,78.0,network-estimate
882830d667fffff,Norris Canyon NW 2,,44.0,3.52,1538.0,routed,336.0,approach-review
882830d669fffff,Norris Canyon SW,,82.4,6.6,0.0,routed,644.0,approach-review
882830d66bfffff,Norris Canyon W,,66.8,5.34,0.0,routed,834.0,approach-review
882830d66dfffff,Norris Canyon,,68.1,5.45,3272.0,routed,150.0,approach-review
882830d681fffff,Moraga Royale SE 15,,73.1,5.85,0.0,routed,1185.0,approach-review
882830d683fffff,Moraga Royale SE 13,,74.3,5.94,0.0,routed,1154.0,approach-review
882830d685fffff,Danville Oaks SW 10,,62.8,5.02,0.0,routed,494.0,approach-review
882830d687fffff,Alamo Oak Villas SW 8,,49.3,3.94,0.0,routed,1054.0,approach-review
882830d68bfffff,Moraga Royale SE 14,,86.4,6.91,0.0,routed,1134.0,approach-review
882830d691fffff,Moraga Royale SE 8,,50.0,4.0,0.0,routed,577.0,approach-review
882830d693fffff,Moraga Royale SE 5,,40.6,3.25,980.0,routed,496.0,approach-review
882830d695fffff,Moraga Royale SE 9,,62.0,4.96,0.0,routed,442.0,approach-review
882830d697fffff,Moraga Royale SE 6,,51.7,4.14,0.0,routed,712.0,approach-review
882830d699fffff,Moraga Royale SE 10,,49.1,3.93,0.0,routed,1116.0,approach-review
882830d69bfffff,Moraga Royale SE 7,,37.2,2.98,808.0,routed,301.0,approach-review
882830d69dfffff,Moraga Royale SE 11,,68.7,5.5,0.0,routed,709.0,approach-review
882830d6a1fffff,Rubicon of Danville SW,,12.3,0.98,224.0,routed,450.0,approach-review
882830d6a3fffff,Alamo Oak Villas SW 5,,24.2,1.93,0.0,routed,368.0,approach-review
882830d6a5fffff,Danville Oaks SW 5,,7.6,0.61,627.0,routed,187.0,approach-review
882830d6a7fffff,Alamo Oak Villas SW 4,,18.4,1.47,114.0,routed,439.0,approach-review
882830d6a9fffff,Danville Oaks SW 8,,35.2,2.82,0.0,routed,799.0,approach-review
882830d6abfffff,Alamo Oak Villas SW 7,,38.3,3.06,0.0,routed,434.0,approach-review
882830d6adfffff,Danville Oaks SW 6,,5.0,0.4,320.0,routed,383.0,approach-review
882830d6b1fffff,Rossmoor S 8,,60.8,4.86,0.0,routed,758.0,approach-review
882830d6b3fffff,Moraga Royale E 6,,60.8,4.86,1420.0,routed,74.0,network-estimate
882830d6b5fffff,Creektree SW,,46.9,3.76,0.0,routed,429.0,approach-review
882830d6b7fffff,Rossmoor S 7,,48.4,3.88,953.0,routed,54.0,network-estimate
882830d6b9fffff,Moraga Royale SE 12,,62.7,5.02,0.0,routed,466.0,approach-review
882830d6bbfffff,Moraga Royale E 5,,68.3,5.46,0.0,routed,536.0,approach-review
882830d6bdfffff,Alamo Oak Villas SW 6,,38.9,3.12,0.0,routed,500.0,approach-review
882830d6e3fffff,Danville Oaks SW 9,,62.0,4.96,0.0,routed,429.0,approach-review
882830d6e5fffff,The Preserve W 7,,35.4,2.84,0.0,routed,1074.0,approach-review
882830d6e7fffff,Danville Oaks SW 7,,28.3,2.26,0.0,routed,1045.0,approach-review
882830d701fffff,Vista San Ramon,,19.8,1.58,3771.0,routed,177.0,approach-review
882830d703fffff,Country View,,18.5,1.48,6377.0,routed,189.0,approach-review
882830d705fffff,Siena Hills,,19.0,1.52,4919.0,routed,152.0,approach-review
882830d707fffff,Country View E,,8.9,0.71,8012.0,routed,238.0,approach-review
882830d709fffff,San Ramon Central Park,,0.3,0.02,8138.0,routed,17.0,network-estimate
882830d70bfffff,Bishop Ranch 6/City Village,,11.7,0.93,7479.0,routed,23.0,network-estimate
882830d70dfffff,Canyon Lakes N,,18.2,1.45,9555.0,routed,20.0,network-estimate
882830d711fffff,California Chateau at Danville Ranch SE,,17.6,1.41,8660.0,routed,73.0,network-estimate
882830d713fffff,California Chateau at Danville Ranch,,2.1,0.17,8913.0,routed,32.0,network-estimate
882830d715fffff,Crow Canyon Country Club SW,,20.1,1.61,9161.0,routed,151.0,approach-review
882830d717fffff,Greenbrook Townhomes SE,,8.2,0.65,8926.0,routed,135.0,approach-review
882830d719fffff,The Preserve SE,,17.4,1.39,7311.0,routed,38.0,network-estimate
882830d71bfffff,The Preserve,,3.3,0.27,6391.0,routed,159.0,approach-review
882830d71dfffff,Park Central,,3.6,0.29,5361.0,routed,4.0,network-estimate
882830d721fffff,Trevari,,28.1,2.25,10067.0,routed,114.0,approach-review
882830d723fffff,Portola,,19.0,1.52,1360.0,routed,421.0,approach-review
882830d725fffff,Tassajara Ranch,,20.0,1.6,1631.0,routed,318.0,approach-review
882830d727fffff,Heritage Park,,19.2,1.53,12020.0,routed,68.0,network-estimate
882830d729fffff,Capella,,10.0,0.8,5832.0,routed,108.0,approach-review
882830d72bfffff,Bel Air,,16.8,1.35,6260.0,routed,211.0,approach-review
882830d72dfffff,Monarch,,22.9,1.83,5706.0,routed,28.0,network-estimate
882830d731fffff,Crow Canyon Country Club NE,,25.4,2.03,88.0,routed,434.0,approach-review
882830d733fffff,Edendale SW,,29.2,2.34,1042.0,routed,146.0,approach-review
882830d735fffff,North Ridge SW,,13.9,1.12,4624.0,routed,86.0,network-estimate
882830d737fffff,Edendale,,21.5,1.72,6671.0,routed,144.0,approach-review
882830d739fffff,Crow Canyon Country Club,,17.5,1.4,5560.0,routed,205.0,approach-review
882830d73bfffff,Crow Canyon Country Club N,,9.6,0.77,5806.0,routed,52.0,network-estimate
882830d73dfffff,Canyon Crest,,8.2,0.66,4087.0,routed,266.0,approach-review
882830d741fffff,Canyon Lakes SW,,8.5,0.68,9321.0,routed,71.0,network-estimate
882830d743fffff,Foothill Gardens E,,12.8,1.02,4378.0,routed,38.0,network-estimate
882830d745fffff,Canyon Lakes S,,23.5,1.88,10982.0,routed,40.0,network-estimate
882830d747fffff,Canyon Woods,,12.4,1.0,11435.0,routed,88.0,network-estimate
882830d749fffff,Foothill Gardens SE 2,,9.6,0.76,11040.0,routed,123.0,approach-review
882830d74bfffff,Foothill Gardens SE,,20.9,1.68,7629.0,routed,40.0,network-estimate
882830d74dfffff,Old Ranch Summit W 2,,6.0,0.48,7887.0,routed,111.0,approach-review
882830d751fffff,Foothill Gardens NW,,30.3,2.42,9286.0,routed,168.0,approach-review
882830d753fffff,Bishop Ranch 6/City Village W 2,,24.4,1.95,9204.0,routed,116.0,approach-review
882830d755fffff,Bishop Ranch 6/City Village S,,15.8,1.27,4653.0,routed,107.0,approach-review
882830d757fffff,Bishop Ranch 6/City Village W,,12.9,1.03,7487.0,routed,104.0,approach-review
882830d759fffff,Foothill Gardens SW,,45.1,3.61,2061.0,routed,389.0,approach-review
882830d75bfffff,Foothill Gardens W,,35.3,2.82,4712.0,routed,203.0,approach-review
882830d75dfffff,Foothill Gardens,,34.3,2.75,6945.0,routed,119.0,approach-review
882830d761fffff,Carmelita,,15.0,1.2,4942.0,routed,193.0,approach-review
882830d763fffff,Cedar Bridge,,5.8,0.47,5416.0,routed,104.0,approach-review
882830d765fffff,Rose Garden,,1.6,0.13,11708.0,routed,106.0,approach-review
882830d767fffff,Cornerstone,,10.7,0.85,10043.0,routed,70.0,network-estimate
882830d769fffff,Carmelita S,,24.2,1.93,47.0,routed,491.0,approach-review
882830d76bfffff,Canyon Lakes,,19.4,1.55,2115.0,routed,228.0,approach-review
882830d76dfffff,Serena & Cordova N,,9.2,0.74,7252.0,routed,61.0,network-estimate
882830d801fffff,Byron SW 5,,174.3,13.95,0.0,routed,369.0,approach-review
882830d803fffff,Byron SW 4,,141.7,11.34,0.0,routed,1388.0,approach-review
882830d805fffff,Byron S 5,,151.6,12.13,0.0,routed,973.0,approach-review
882830d807fffff,Byron SW 2,,147.9,11.83,0.0,routed,677.0,approach-review
882830d809fffff,Byron SW 9,,176.1,14.09,1724.0,routed,612.0,approach-review
882830d80bfffff,Byron SW 7,,177.9,14.23,703.0,routed,651.0,approach-review
882830d80dfffff,Byron S 8,,168.3,13.46,161.0,routed,213.0,approach-review
882830d811fffff,Byron SW 10,,128.4,10.27,0.0,routed,1249.0,approach-review
882830d813fffff,Byron W 12,,114.8,9.18,59.0,routed,552.0,approach-review
882830d815fffff,Byron SW 6,,130.4,10.43,0.0,routed,836.0,approach-review
882830d817fffff,Byron W 8,,117.6,9.4,142.0,routed,530.0,approach-review
882830d819fffff,Byron SW 13,,140.3,11.23,0.0,routed,768.0,approach-review
882830d81bfffff,Byron SW 15,,123.5,9.88,55.0,routed,374.0,approach-review
882830d81dfffff,Byron SW 8,,152.3,12.18,9.0,routed,1121.0,approach-review
882830d821fffff,Byron S 2,,158.8,12.7,0.0,routed,609.0,approach-review
882830d823fffff,Byron S,,150.7,12.06,0.0,routed,215.0,approach-review
882830d825fffff,Byron SE 2,,151.8,12.14,0.0,routed,576.0,approach-review
882830d827fffff,Byron SE,,151.3,12.11,0.0,routed,162.0,approach-review
882830d829fffff,Byron S 4,,159.9,12.79,0.0,routed,862.0,approach-review
882830d82bfffff,Byron S 3,,143.5,11.48,0.0,routed,328.0,approach-review
882830d82dfffff,Byron SE 3,,150.4,12.03,921.0,routed,396.0,approach-review
882830d831fffff,Byron W 3,,120.4,9.63,19.0,routed,806.0,approach-review
882830d833fffff,Byron W 4,,114.5,9.16,801.0,routed,376.0,approach-review
882830d835fffff,Byron W,,133.7,10.7,813.0,routed,292.0,approach-review
882830d837fffff,Byron W 2,,129.8,10.38,651.0,routed,397.0,approach-review
882830d839fffff,Byron SW 3,,129.2,10.34,0.0,routed,932.0,approach-review
882830d83bfffff,Byron W 5,,118.1,9.45,577.0,routed,80.0,network-estimate
882830d83dfffff,Byron SW,,144.2,11.54,0.0,routed,1133.0,approach-review
882830d841fffff,Byron S 18,,190.2,15.22,930.0,routed,683.0,approach-review
882830d843fffff,Byron SW 14,,188.9,15.11,1325.0,routed,881.0,approach-review
882830d845fffff,Byron S 15,,186.9,14.95,1258.0,routed,700.0,approach-review
882830d847fffff,Byron S 12,,178.5,14.28,0.0,routed,798.0,approach-review
882830d849fffff,Byron S 23,,199.1,15.93,1981.0,routed,84.0,network-estimate
882830d84bfffff,Byron SW 20,,207.4,16.59,943.0,routed,497.0,approach-review
882830d84dfffff,Byron S 20,,194.6,15.57,161.0,routed,827.0,approach-review
882830d851fffff,Byron SW 16,,205.4,16.44,0.0,routed,854.0,approach-review
882830d853fffff,Byron SW 17,,146.1,11.69,0.0,routed,1124.0,approach-review
882830d855fffff,Byron SW 12,,189.1,15.13,1902.0,routed,899.0,approach-review
882830d857fffff,Byron SW 11,,200.6,16.05,1764.0,routed,465.0,approach-review
882830d859fffff,Byron SW 23,,205.6,16.45,0.0,routed,1224.0,approach-review
882830d85bfffff,Byron SW 22,,205.7,16.45,0.0,routed,1230.0,approach-review
882830d85dfffff,Byron SW 18,,199.5,15.96,0.0,routed,1097.0,approach-review
882830d861fffff,Byron S 10,,140.2,11.21,1263.0,routed,887.0,approach-review
882830d863fffff,Byron S 7,,158.7,12.7,1211.0,routed,652.0,approach-review
882830d865fffff,Byron S 9,,132.1,10.57,1252.0,routed,244.0,approach-review
882830d867fffff,Byron S 6,,144.0,11.52,1309.0,routed,763.0,approach-review
882830d869fffff,Byron S 14,,184.9,14.79,69.0,routed,682.0,approach-review
882830d86bfffff,Byron S 11,,174.8,13.98,981.0,routed,550.0,approach-review
882830d86dfffff,Byron S 13,,134.7,10.77,0.0,routed,1193.0,approach-review
882830d881fffff,Woodgate Mobile Home Park S 12,,88.4,7.07,121.0,routed,1107.0,approach-review
882830d883fffff,Woodgate Mobile Home Park SW 12,,56.8,4.54,390.0,routed,657.0,approach-review
882830d885fffff,Woodgate Mobile Home Park S 11,,70.7,5.66,873.0,routed,451.0,approach-review
882830d887fffff,Woodgate Mobile Home Park S 9,,65.5,5.24,0.0,routed,801.0,approach-review
882830d889fffff,Woodgate Mobile Home Park S 14,,86.4,6.91,651.0,routed,986.0,approach-review
882830d88bfffff,Woodgate Mobile Home Park SW 14,,81.0,6.48,1211.0,routed,556.0,approach-review
882830d88dfffff,Woodgate Mobile Home Park S 13,,87.5,7.0,1869.0,routed,347.0,approach-review
882830d891fffff,Clayton Palms Community E 13,,48.8,3.9,0.0,routed,812.0,approach-review
882830d893fffff,Clayton Palms Community E 11,,47.5,3.8,0.0,routed,823.0,approach-review
882830d895fffff,Woodgate Mobile Home Park SW 11,,47.3,3.79,5647.0,routed,154.0,approach-review
882830d897fffff,Woodgate Mobile Home Park SW 10,,36.0,2.88,8736.0,routed,78.0,network-estimate
882830d899fffff,Clayton Palms Community E 12,,71.7,5.74,0.0,routed,1411.0,approach-review
882830d89bfffff,Clayton Palms Community E 10,,57.9,4.63,0.0,routed,1493.0,approach-review
882830d89dfffff,Woodgate Mobile Home Park SW 13,,59.3,4.74,553.0,routed,975.0,approach-review
882830d8a1fffff,Woodgate Mobile Home Park S 7,,65.5,5.24,0.0,routed,364.0,approach-review
882830d8a3fffff,Woodgate Mobile Home Park S 5,,51.3,4.1,1896.0,routed,265.0,approach-review
882830d8a5fffff,Woodgate Mobile Home Park SE 7,,61.4,4.91,1039.0,routed,278.0,approach-review
882830d8a7fffff,Woodgate Mobile Home Park S 4,,52.9,4.23,2301.0,routed,394.0,approach-review
882830d8a9fffff,Woodgate Mobile Home Park S 10,,70.6,5.65,0.0,routed,915.0,approach-review
882830d8abfffff,Woodgate Mobile Home Park S 8,,58.6,4.69,977.0,routed,467.0,approach-review
882830d8adfffff,Byron NW 9,,68.9,5.51,1054.0,routed,643.0,approach-review
882830d8b1fffff,Woodgate Mobile Home Park SW 5,,44.9,3.59,1616.0,routed,76.0,network-estimate
882830d8b3fffff,Woodgate Mobile Home Park SW 4,,38.9,3.11,7004.0,routed,208.0,approach-review
882830d8b5fffff,Woodgate Mobile Home Park S 3,,42.3,3.38,1504.0,routed,218.0,approach-review
882830d8b7fffff,Woodgate Mobile Home Park SW 2,,41.8,3.34,1824.0,routed,275.0,approach-review
882830d8b9fffff,Woodgate Mobile Home Park SW 9,,56.1,4.49,1743.0,routed,141.0,approach-review
882830d8bbfffff,Woodgate Mobile Home Park SW 7,,33.7,2.7,6207.0,routed,197.0,approach-review
882830d8bdfffff,Woodgate Mobile Home Park S 6,,58.0,4.64,0.0,routed,455.0,approach-review
882830d8c1fffff,Byron W 18,,121.6,9.73,0.0,routed,521.0,approach-review
882830d8c3fffff,Byron W 20,,112.7,9.01,0.0,routed,609.0,approach-review
882830d8c5fffff,Byron W 15,,103.7,8.3,1162.0,routed,59.0,network-estimate
882830d8c7fffff,Byron W 17,,96.3,7.7,0.0,routed,731.0,approach-review
882830d8c9fffff,Byron W 19,,129.3,10.34,495.0,routed,563.0,approach-review
882830d8cbfffff,Byron W 21,,113.6,9.09,0.0,routed,680.0,approach-review
882830d8cdfffff,Byron W 16,,118.0,9.44,1262.0,routed,414.0,approach-review
882830d8d1fffff,Clayton Palms Community SE 19,,89.1,7.13,857.0,routed,223.0,approach-review
882830d8d3fffff,Clayton Palms Community SE 14,,97.9,7.83,580.0,routed,531.0,approach-review
882830d8d5fffff,Clayton Palms Community E 15,,79.8,6.39,995.0,routed,459.0,approach-review
882830d8d7fffff,Clayton Palms Community E 14,,82.0,6.56,971.0,routed,634.0,approach-review
882830d8d9fffff,Clayton Palms Community SE 21,,99.7,7.98,0.0,routed,897.0,approach-review
882830d8dbfffff,Clayton Palms Community SE 16,,103.2,8.25,1100.0,routed,374.0,approach-review
882830d8ddfffff,Clayton Palms Community SE 25,,94.0,7.52,0.0,routed,1116.0,approach-review
882830d8e1fffff,Byron W 10,,97.9,7.83,815.0,routed,407.0,approach-review
882830d8e3fffff,Byron W 13,,87.5,7.0,2071.0,routed,394.0,approach-review
882830d8e5fffff,Byron W 6,,97.2,7.78,0.0,routed,992.0,approach-review
882830d8e7fffff,Byron W 9,,87.1,6.97,691.0,routed,390.0,approach-review
882830d8e9fffff,Byron W 11,,109.3,8.74,1085.0,routed,226.0,approach-review
882830d8ebfffff,Byron W 14,,93.7,7.5,748.0,routed,398.0,approach-review
882830d8edfffff,Byron W 7,,110.9,8.87,1135.0,routed,357.0,approach-review
882830d901fffff,Byron E 10,,180.6,14.45,0.0,routed,1993.0,approach-review
882830d903fffff,Byron E 9,,180.2,14.41,117.0,routed,1959.0,approach-review
882830d905fffff,Discovery Bay SE 11,,191.7,15.34,0.0,routed,678.0,approach-review
882830d907fffff,Discovery Bay SE 9,,193.5,15.48,0.0,routed,2298.0,approach-review
882830d909fffff,Byron SE 13,,134.5,10.76,33.0,routed,1326.0,approach-review
882830d90bfffff,Byron E 8,,140.8,11.27,977.0,routed,1834.0,approach-review
882830d90dfffff,Byron E 11,,144.5,11.56,0.0,routed,2018.0,approach-review
882830d911fffff,Byron E 4,,168.8,13.51,59.0,routed,915.0,approach-review
882830d913fffff,Byron E 3,,152.4,12.19,39.0,routed,521.0,approach-review
882830d915fffff,Byron E 7,,169.6,13.57,0.0,routed,1627.0,approach-review
882830d917fffff,Byron E 5,,157.3,12.58,0.0,routed,1030.0,approach-review
882830d919fffff,Byron SE 4,,159.8,12.79,0.0,routed,1221.0,approach-review
882830d91bfffff,Byron E 2,,160.0,12.8,615.0,routed,472.0,approach-review
882830d91dfffff,Byron E 6,,168.4,13.47,0.0,routed,1491.0,approach-review
882830d929fffff,Discovery Bay SE 12,,189.8,15.18,0.0,routed,519.0,approach-review
882830d92bfffff,Discovery Bay SE 10,,197.8,15.82,0.0,routed,1162.0,approach-review
882830d92dfffff,Discovery Bay SE 13,,200.6,16.04,0.0,routed,1383.0,approach-review
882830d931fffff,Discovery Bay SE 6,,178.6,14.29,0.0,routed,1231.0,approach-review
882830d933fffff,Discovery Bay S 2,,172.8,13.82,0.0,routed,770.0,approach-review
882830d935fffff,Discovery Bay SE 7,,185.7,14.85,0.0,routed,988.0,approach-review
882830d937fffff,Discovery Bay SE 4,,169.2,13.54,0.0,routed,478.0,approach-review
882830d939fffff,Discovery Bay S 5,,190.1,15.21,0.0,routed,2149.0,approach-review
882830d93bfffff,Discovery Bay S 4,,164.8,13.19,0.0,routed,1561.0,approach-review
882830d93dfffff,Discovery Bay SE 8,,190.0,15.2,0.0,routed,1895.0,approach-review
882830d941fffff,Questa NW 12,,116.9,9.35,0.0,routed,1300.0,approach-review
882830d943fffff,Byron SE 15,,120.6,9.65,78.0,routed,1002.0,approach-review
882830d945fffff,Questa NW 10,,114.6,9.17,0.0,routed,1992.0,approach-review
882830d947fffff,Byron SE 18,,129.1,10.33,0.0,routed,1678.0,approach-review
882830d949fffff,Questa NW 8,,107.7,8.62,0.0,routed,818.0,approach-review
882830d94bfffff,Byron SE 16,,108.9,8.71,0.0,routed,471.0,approach-review
882830d94dfffff,Questa NW 7,,98.2,7.86,0.0,routed,1578.0,approach-review
882830d951fffff,Byron SE 8,,132.6,10.61,1912.0,routed,684.0,approach-review
882830d953fffff,Byron SE 5,,142.8,11.42,781.0,routed,509.0,approach-review
882830d955fffff,Byron SE 10,,130.1,10.41,1173.0,routed,973.0,approach-review
882830d957fffff,Byron SE 7,,153.4,12.27,470.0,routed,1357.0,approach-review
882830d959fffff,Byron SE 9,,120.1,9.61,564.0,routed,651.0,approach-review
882830d95bfffff,Byron SE 6,,132.8,10.62,812.0,routed,696.0,approach-review
882830d95dfffff,Byron SE 11,,125.2,10.02,1147.0,routed,94.0,network-estimate
882830d961fffff,Questa N 11,,117.6,9.4,0.0,routed,2229.0,approach-review
882830d963fffff,Byron E 12,,186.7,14.94,0.0,routed,2748.0,approach-review
882830d965fffff,Questa N 12,,117.6,9.41,0.0,routed,3711.0,approach-review
882830d967fffff,Discovery Bay SE 14,,128.3,10.26,0.0,routed,3089.0,approach-review
882830d969fffff,Questa N 7,,99.2,7.94,0.0,routed,2445.0,approach-review
882830d96bfffff,Questa N 10,,146.8,11.75,0.0,routed,2313.0,approach-review
882830d96dfffff,Questa N 8,,105.7,8.45,0.0,routed,2759.0,approach-review
882830d981fffff,Discovery Bay W 5,,98.8,7.9,952.0,routed,391.0,approach-review
882830d983fffff,Discovery Bay W 7,,86.7,6.94,0.0,routed,271.0,approach-review
882830d985fffff,Discovery Bay W 3,,115.3,9.22,2157.0,routed,244.0,approach-review
882830d987fffff,Discovery Bay W 4,,90.1,7.21,132.0,routed,434.0,approach-review
882830d989fffff,Byron N 4,,106.5,8.52,729.0,routed,163.0,approach-review
882830d98bfffff,Byron N 5,,92.6,7.41,3.0,routed,375.0,approach-review
882830d98dfffff,Discovery Bay SW 4,,118.0,9.44,4892.0,routed,162.0,approach-review
882830d991fffff,Woodgate Mobile Home Park SE 6,,59.3,4.74,0.0,routed,404.0,approach-review
882830d993fffff,Woodgate Mobile Home Park SE 4,,48.1,3.85,0.0,routed,412.0,approach-review
882830d995fffff,Woodgate Mobile Home Park SE 9,,67.9,5.43,537.0,routed,142.0,approach-review
882830d997fffff,Woodgate Mobile Home Park E 5,,60.8,4.87,0.0,routed,701.0,approach-review
882830d999fffff,Woodgate Mobile Home Park SE 8,,75.1,6.01,0.0,routed,284.0,approach-review
882830d99bfffff,Woodgate Mobile Home Park SE 5,,51.4,4.11,0.0,routed,554.0,approach-review
882830d99dfffff,Byron N 6,,75.1,6.0,123.0,routed,402.0,approach-review
882830d9a1fffff,Discovery Bay NW,,109.9,8.79,5474.0,routed,109.0,approach-review
882830d9a3fffff,Discovery Bay NW 2,,100.0,8.0,8808.0,routed,136.0,approach-review
882830d9a5fffff,Discovery Bay N,,175.0,14.0,4607.0,routed,227.0,approach-review
882830d9a7fffff,Discovery Bay N 2,,105.5,8.44,243.0,routed,631.0,approach-review
882830d9a9fffff,Discovery Bay W,,115.2,9.22,4795.0,routed,129.0,approach-review
882830d9abfffff,Discovery Bay W 2,,101.5,8.12,7063.0,routed,113.0,approach-review
882830d9adfffff,Discovery Bay,,164.8,13.19,5750.0,routed,174.0,approach-review
882830d9b1fffff,Discovery Bay NW 7,,74.3,5.95,719.0,routed,382.0,approach-review
882830d9b3fffff,Woodgate Mobile Home Park E 8,,68.6,5.49,1736.0,routed,322.0,approach-review
882830d9b5fffff,Discovery Bay NW 5,,84.9,6.79,2489.0,routed,320.0,approach-review
882830d9b7fffff,Discovery Bay NW 8,,75.2,6.02,724.0,routed,355.0,approach-review
882830d9b9fffff,Discovery Bay W 6,,78.6,6.29,1786.0,routed,282.0,approach-review
882830d9bbfffff,Woodgate Mobile Home Park E 7,,65.7,5.26,371.0,routed,417.0,approach-review
882830d9bdfffff,Discovery Bay NW 4,,94.7,7.57,666.0,routed,385.0,approach-review
882830d9c1fffff,Byron N,,130.8,10.47,983.0,routed,206.0,approach-review
882830d9c3fffff,Byron N 2,,117.0,9.36,921.0,routed,237.0,approach-review
882830d9c5fffff,Byron NE,,141.3,11.31,1737.0,routed,135.0,approach-review
882830d9c7fffff,Byron N 3,,128.8,10.31,533.0,routed,206.0,approach-review
882830d9c9fffff,Byron,,137.6,11.01,2544.0,routed,40.0,network-estimate
882830d9cbfffff,Byron NW,,131.7,10.53,803.0,routed,200.0,approach-review
882830d9cdfffff,Byron E,,151.4,12.11,1384.0,routed,216.0,approach-review
882830d9d1fffff,Byron NW 5,,100.9,8.08,837.0,routed,446.0,approach-review
882830d9d3fffff,Byron NW 8,,76.3,6.11,966.0,routed,279.0,approach-review
882830d9d5fffff,Byron NW 3,,101.0,8.08,754.0,routed,212.0,approach-review
882830d9d7fffff,Byron NW 6,,83.5,6.68,0.0,routed,403.0,approach-review
882830d9d9fffff,Byron NW 4,,99.9,7.99,215.0,routed,606.0,approach-review
882830d9dbfffff,Byron NW 7,,85.6,6.85,1662.0,routed,121.0,approach-review
882830d9ddfffff,Byron NW 2,,109.7,8.78,1565.0,routed,271.0,approach-review
882830d9e1fffff,Discovery Bay SW 3,,137.2,10.97,2635.0,routed,197.0,approach-review
882830d9e3fffff,Discovery Bay SW 2,,124.1,9.93,3483.0,routed,49.0,network-estimate
882830d9e5fffff,Discovery Bay S,,148.2,11.85,3801.0,routed,135.0,approach-review
882830d9e7fffff,Discovery Bay SW,,145.8,11.67,4370.0,routed,318.0,approach-review
882830d9e9fffff,Byron NE 2,,145.4,11.63,839.0,routed,344.0,approach-review
882830d9ebfffff,Byron NE 3,,129.3,10.34,1301.0,routed,349.0,approach-review
882830d9edfffff,Discovery Bay S 3,,155.4,12.43,0.0,routed,806.0,approach-review
882830da01fffff,The Bluffs NE,,250.3,20.02,0.0,routed,570.0,approach-review
882830da03fffff,The Bluffs N 8,,256.3,20.5,1342.0,routed,96.0,network-estimate
882830da05fffff,The Bluffs NE 2,,197.3,15.78,0.0,routed,671.0,approach-review
882830da07fffff,The Bluffs NE 3,,229.9,18.39,0.0,routed,823.0,approach-review
882830da0bfffff,The Bluffs N 4,,253.9,20.31,0.0,routed,498.0,approach-review
882830da11fffff,The Bluffs N 9,,222.6,17.81,0.0,routed,431.0,approach-review
882830da13fffff,The Bluffs N 11,,216.1,17.29,0.0,routed,435.0,approach-review
882830da15fffff,The Bluffs N 10,,229.8,18.38,918.0,routed,454.0,approach-review
882830da17fffff,The Bluffs N 13,,205.8,16.46,0.0,routed,506.0,approach-review
882830da19fffff,The Bluffs N 5,,238.4,19.07,0.0,routed,437.0,approach-review
882830da1bfffff,The Bluffs N 7,,242.8,19.42,0.0,routed,221.0,approach-review
882830da1dfffff,The Bluffs N 6,,236.3,18.91,758.0,routed,577.0,approach-review
882830da21fffff,Byron S 30,,203.4,16.27,0.0,routed,410.0,approach-review
882830da23fffff,Byron S 28,,209.8,16.79,0.0,routed,173.0,approach-review
882830da25fffff,Byron S 29,,209.8,16.79,762.0,routed,229.0,approach-review
882830da27fffff,Byron S 25,,186.0,14.88,1011.0,routed,138.0,approach-review
882830da29fffff,The Bluffs NE 4,,190.2,15.21,0.0,routed,355.0,approach-review
882830da2bfffff,The Bluffs NE 5,,215.7,17.25,0.0,routed,302.0,approach-review
882830da2dfffff,Byron S 32,,200.5,16.04,0.0,routed,836.0,approach-review
882830da31fffff,Byron SW 32,,224.2,17.93,1290.0,routed,735.0,approach-review
882830da33fffff,Byron SW 30,,203.2,16.25,67.0,routed,436.0,approach-review
882830da35fffff,Byron S 26,,211.1,16.89,0.0,routed,391.0,approach-review
882830da37fffff,Byron SW 25,,219.9,17.59,0.0,routed,980.0,approach-review
882830da39fffff,The Bluffs N 12,,235.5,18.84,2394.0,routed,149.0,approach-review
882830da3bfffff,The Bluffs N 15,,257.2,20.58,1170.0,routed,458.0,approach-review
882830da3dfffff,Byron S 31,,221.7,17.74,537.0,routed,676.0,approach-review
882830da53fffff,The Bluffs N,,264.3,21.14,0.0,routed,687.0,approach-review
882830da57fffff,The Bluffs N 2,,263.9,21.11,0.0,routed,288.0,approach-review
882830da81fffff,Clayton Palms Community SE 37,,177.9,14.23,0.0,routed,1221.0,approach-review
882830da83fffff,Clayton Palms Community SE 33,,174.5,13.96,0.0,routed,621.0,approach-review
882830da85fffff,Byron SW 37,,176.3,14.11,0.0,routed,1095.0,approach-review
882830da87fffff,Clayton Palms Community SE 34,,159.5,12.76,0.0,routed,824.0,approach-review
882830da89fffff,Saddleback N 23,,200.3,16.02,0.0,routed,1118.0,approach-review
882830da8bfffff,Clayton Palms Community SE 36,,198.2,15.86,0.0,routed,1183.0,approach-review
882830da8dfffff,Byron SW 39,,186.2,14.89,0.0,routed,1223.0,approach-review
882830da91fffff,Clayton Palms Community SE 28,,206.4,16.51,0.0,routed,682.0,approach-review
882830da93fffff,Clayton Palms Community SE 22,,194.4,15.55,0.0,routed,972.0,approach-review
882830da95fffff,Clayton Palms Community SE 30,,174.8,13.98,0.0,routed,745.0,approach-review
882830da97fffff,Clayton Palms Community SE 24,,176.8,14.15,0.0,routed,971.0,approach-review
882830da99fffff,Clayton Palms Community S 32,,207.7,16.62,0.0,routed,710.0,approach-review
882830da9bfffff,Clayton Palms Community S 27,,197.5,15.8,0.0,routed,157.0,approach-review
882830da9dfffff,Clayton Palms Community SE 32,,190.0,15.2,0.0,routed,914.0,approach-review
882830daa1fffff,Byron SW 26,,141.6,11.33,0.0,routed,1291.0,approach-review
882830daa3fffff,Byron SW 27,,141.3,11.31,271.0,routed,509.0,approach-review
882830daa5fffff,Byron SW 19,,134.6,10.77,0.0,routed,734.0,approach-review
882830daa7fffff,Byron SW 21,,129.1,10.32,835.0,routed,366.0,approach-review
882830daa9fffff,Byron SW 31,,182.9,14.63,0.0,routed,960.0,approach-review
882830daabfffff,Byron SW 33,,157.0,12.56,0.0,routed,808.0,approach-review
882830daadfffff,Byron SW 24,,146.3,11.7,0.0,routed,1364.0,approach-review
882830dab1fffff,Clayton Palms Community SE 29,,157.1,12.57,0.0,routed,845.0,approach-review
882830dab3fffff,Clayton Palms Community SE 23,,113.1,9.05,0.0,routed,1669.0,approach-review
882830dab5fffff,Byron W 22,,134.5,10.76,428.0,routed,265.0,approach-review
882830dab7fffff,Clayton Palms Community SE 27,,118.9,9.51,0.0,routed,1103.0,approach-review
882830dab9fffff,Clayton Palms Community SE 31,,158.9,12.71,0.0,routed,644.0,approach-review
882830dabbfffff,Clayton Palms Community SE 26,,157.9,12.63,0.0,routed,1092.0,approach-review
882830dabdfffff,Byron W 23,,146.8,11.74,507.0,routed,55.0,network-estimate
882830dac1fffff,Saddleback N 15,,267.8,21.43,0.0,routed,1074.0,approach-review
882830dac3fffff,Saddleback N 18,,254.0,20.32,0.0,routed,1000.0,approach-review
882830dac5fffff,The Bluffs N 14,,225.5,18.04,0.0,routed,689.0,approach-review
882830dac7fffff,Saddleback N 19,,195.6,15.64,0.0,routed,1539.0,approach-review
882830dac9fffff,Saddleback N 10,,268.2,21.45,0.0,routed,828.0,approach-review
882830dacbfffff,Saddleback N 14,,251.1,20.09,0.0,routed,910.0,approach-review
882830dacdfffff,Saddleback N 11,,255.9,20.47,0.0,routed,534.0,approach-review
882830dad1fffff,Saddleback N 20,,240.1,19.2,0.0,routed,381.0,approach-review
882830dad3fffff,Clayton Palms Community S 35,,213.2,17.06,0.0,routed,930.0,approach-review
882830dad5fffff,Saddleback N 22,,242.5,19.4,0.0,routed,579.0,approach-review
882830dad7fffff,Clayton Palms Community SE 35,,220.1,17.61,0.0,routed,1209.0,approach-review
882830dad9fffff,Saddleback N 16,,216.6,17.33,0.0,routed,1026.0,approach-review
882830dadbfffff,Saddleback N 21,,203.3,16.26,0.0,routed,1068.0,approach-review
882830daddfffff,Saddleback N 17,,246.3,19.7,1126.0,routed,388.0,approach-review
882830dae1fffff,Byron SW 34,,179.7,14.38,0.0,routed,709.0,approach-review
882830dae3fffff,Byron SW 36,,174.5,13.96,0.0,routed,287.0,approach-review
882830dae5fffff,Byron SW 28,,187.9,15.04,0.0,routed,1264.0,approach-review
882830dae7fffff,Byron SW 29,,179.7,14.38,0.0,routed,707.0,approach-review
882830dae9fffff,The Bluffs N 16,,202.4,16.19,0.0,routed,497.0,approach-review
882830daebfffff,Byron SW 38,,183.7,14.7,0.0,routed,1030.0,approach-review
882830daedfffff,Byron SW 35,,199.0,15.92,141.0,routed,697.0,approach-review
882830db03fffff,Questa W 2,,113.6,9.08,2286.0,routed,251.0,approach-review
882830db07fffff,Questa W,,111.7,8.94,1563.0,routed,270.0,approach-review
882830db11fffff,Byron S 22,,168.2,13.46,0.0,routed,391.0,approach-review
882830db13fffff,Byron S 19,,178.9,14.31,108.0,routed,1244.0,approach-review
882830db15fffff,Byron S 21,,154.7,12.37,997.0,routed,532.0,approach-review
882830db17fffff,Byron S 17,,154.2,12.33,279.0,routed,493.0,approach-review
882830db19fffff,Byron S 27,,126.2,10.09,1063.0,routed,1006.0,approach-review
882830db1bfffff,Byron S 24,,171.9,13.75,183.0,routed,871.0,approach-review
882830db1dfffff,Questa W 3,,117.8,9.42,1174.0,routed,529.0,approach-review
882830db21fffff,Questa NW 2,,74.9,5.99,163.0,routed,451.0,approach-review
882830db23fffff,Questa NW 6,,85.6,6.85,131.0,routed,575.0,approach-review
882830db25fffff,Questa NW,,70.7,5.66,780.0,routed,1106.0,approach-review
882830db27fffff,Questa NW 4,,81.5,6.52,690.0,routed,983.0,approach-review
882830db2bfffff,Questa NW 5,,91.3,7.31,157.0,routed,1030.0,approach-review
882830db31fffff,Byron SE 17,,108.6,8.69,649.0,routed,921.0,approach-review
882830db33fffff,Byron SE 12,,119.9,9.59,1473.0,routed,914.0,approach-review
882830db35fffff,Questa NW 11,,96.9,7.75,421.0,routed,73.0,network-estimate
882830db37fffff,Byron SE 14,,108.5,8.68,721.0,routed,595.0,approach-review
882830db39fffff,Questa NW 13,,116.6,9.33,0.0,routed,661.0,approach-review
882830db3bfffff,Byron S 16,,128.3,10.26,1085.0,routed,1289.0,approach-review
882830db3dfffff,Questa NW 9,,117.7,9.42,997.0,routed,443.0,approach-review
882830db53fffff,Questa W 5,,151.8,12.14,0.0,routed,470.0,approach-review
882830db57fffff,Questa W 4,,119.6,9.57,1964.0,routed,659.0,approach-review
8828346d85fffff,West Dublin NW,,39.5,3.16,0.0,routed,742.0,approach-review
8828346d87fffff,West Dublin NW 3,,40.1,3.21,0.0,routed,1136.0,approach-review
8828346d95fffff,Norris Canyon S 2,,66.1,5.29,0.0,routed,833.0,approach-review
8828346d97fffff,Norris Canyon S,,83.4,6.67,0.0,routed,360.0,approach-review
8828346da1fffff,West Dublin N,,5.0,0.4,6538.0,routed,187.0,approach-review
8828346da3fffff,West Dublin N 2,,11.4,0.91,5817.0,routed,188.0,approach-review
8828346da5fffff,The Gardens,,8.4,0.67,7975.0,routed,132.0,approach-review
8828346da7fffff,The Gardens NW,,14.0,1.12,8894.0,routed,103.0,approach-review
8828346da9fffff,West Dublin,,23.9,1.91,2460.0,routed,161.0,approach-review
8828346dabfffff,West Dublin NW 2,,27.6,2.2,0.0,routed,701.0,approach-review
8828346dadfffff,Village Parkway,,14.1,1.13,10588.0,routed,125.0,approach-review
8828346db1fffff,Norris Canyon SE 2,,38.7,3.1,0.0,routed,661.0,approach-review
8828346db3fffff,Norris Canyon E,,49.2,3.94,18.0,routed,496.0,approach-review
8828346db5fffff,Foothill Gardens S 2,,23.5,1.88,2705.0,routed,198.0,approach-review
8828346db7fffff,Foothill Gardens S,,34.6,2.77,112.0,routed,378.0,approach-review
8828346db9fffff,Norris Canyon SE 3,,54.5,4.36,0.0,routed,748.0,approach-review
8828346dbbfffff,Norris Canyon SE,,61.0,4.88,464.0,routed,522.0,approach-review
8828346dbdfffff,West Dublin NW 4,,25.9,2.07,0.0,routed,759.0,approach-review
882836265bfffff,Flamingo Mobile Manor E 13,,87.0,6.96,971.0,straightline,2729.0,detour-review
8828362681fffff,The Willows At Bethel Island NE 21,,80.7,6.45,969.0,routed,6000.0,approach-review
8828362683fffff,The Willows At Bethel Island NE 19,,91.1,7.29,0.0,routed,6087.0,approach-review
882836268bfffff,The Willows At Bethel Island NE 16,,75.9,6.07,376.0,routed,5227.0,approach-review
8828362691fffff,The Willows At Bethel Island NE 17,,97.2,7.77,0.0,routed,5397.0,approach-review
8828362693fffff,The Willows At Bethel Island NE 18,,124.7,9.98,0.0,routed,5529.0,approach-review
8828362695fffff,The Willows At Bethel Island NE 20,,100.1,8.01,0.0,routed,6196.0,approach-review
8828362697fffff,The Willows At Bethel Island NE 22,,134.6,10.77,0.0,routed,6277.0,approach-review
8828362699fffff,The Willows At Bethel Island NE 12,,85.9,6.87,0.0,routed,4494.0,approach-review
882836269bfffff,The Willows At Bethel Island NE 14,,113.8,9.1,0.0,routed,4613.0,approach-review
882836269dfffff,The Willows At Bethel Island NE 15,,86.6,6.93,0.0,routed,5306.0,approach-review
88283626b3fffff,The Willows At Bethel Island NE 26,,129.0,10.32,690.0,routed,7944.0,approach-review
88283626b9fffff,The Willows At Bethel Island NE 23,,107.3,8.58,0.0,routed,6961.0,approach-review
88283626bbfffff,The Willows At Bethel Island NE 24,,117.7,9.42,0.0,routed,7041.0,approach-review
88283626c3fffff,The Willows At Bethel Island E 4,,59.5,4.76,794.0,routed,4309.0,approach-review
88283626c9fffff,Flamingo Mobile Manor NE 10,,49.8,3.99,1002.0,routed,3788.0,approach-review
88283626cbfffff,Flamingo Mobile Manor NE 9,,46.9,3.75,949.0,routed,3549.0,approach-review
88283626d1fffff,The Willows At Bethel Island NE 8,,59.2,4.74,0.0,routed,3570.0,approach-review
88283626d3fffff,The Willows At Bethel Island NE 7,,66.1,5.29,0.0,routed,3664.0,approach-review
88283626d5fffff,The Willows At Bethel Island NE 13,,59.9,4.79,441.0,routed,4340.0,approach-review
88283626d7fffff,The Willows At Bethel Island NE 11,,70.4,5.63,0.0,routed,4434.0,approach-review
88283626d9fffff,The Willows At Bethel Island NE 6,,39.4,3.15,0.0,routed,2696.0,approach-review
88283626dbfffff,The Willows At Bethel Island NE 4,,50.7,4.05,0.0,routed,2788.0,approach-review
88283626ddfffff,The Willows At Bethel Island NE 10,,46.8,3.74,0.0,routed,3541.0,approach-review
8828363499fffff,Summer Lake E 11,,183.5,14.68,0.0,routed,2928.0,approach-review
882836349bfffff,Summer Lake E 10,,175.1,14.01,550.0,routed,2255.0,approach-review
88283634d1fffff,Summer Lake SE 23,,170.9,13.67,0.0,routed,2818.0,approach-review
88283634d3fffff,Summer Lake SE 19,,183.8,14.7,0.0,routed,2953.0,approach-review
88283634d9fffff,Summer Lake SE 24,,158.4,12.67,0.0,routed,2803.0,approach-review
88283634dbfffff,Summer Lake SE 20,,162.2,12.97,0.0,routed,2120.0,approach-review
88283634ddfffff,Summer Lake SE 25,,171.4,13.71,0.0,routed,2855.0,approach-review
8828363659fffff,Questa N 13,,127.0,10.16,137.0,routed,2986.0,approach-review
882836365bfffff,Discovery Bay SE 15,,132.2,10.58,0.0,routed,3402.0,approach-review
8828363681fffff,Discovery Bay E 7,,192.2,15.38,0.0,routed,1485.0,approach-review
8828363683fffff,Discovery Bay NE 6,,183.2,14.65,0.0,routed,758.0,approach-review
8828363687fffff,Discovery Bay NE 10,,183.7,14.7,0.0,routed,726.0,approach-review
8828363689fffff,Discovery Bay E 6,,200.7,16.06,0.0,routed,1606.0,approach-review
882836368bfffff,Discovery Bay E 4,,184.5,14.76,0.0,routed,941.0,approach-review
8828363691fffff,Discovery Bay NE 4,,155.4,12.44,0.0,routed,663.0,approach-review
8828363693fffff,Discovery Bay N 5,,135.6,10.85,0.0,routed,1057.0,approach-review
8828363695fffff,Discovery Bay NE 5,,156.4,12.51,0.0,routed,739.0,approach-review
8828363697fffff,Discovery Bay NE 7,,139.0,11.12,0.0,routed,1328.0,approach-review
8828363699fffff,Discovery Bay NE 2,,188.3,15.06,3189.0,routed,227.0,approach-review
882836369bfffff,Discovery Bay N 3,,189.0,15.12,0.0,routed,606.0,approach-review
882836369dfffff,Discovery Bay NE 3,,172.9,13.84,0.0,routed,88.0,network-estimate
88283636b1fffff,Discovery Bay NE 12,,159.0,12.72,0.0,routed,1864.0,approach-review
88283636b3fffff,Discovery Bay NE 14,,151.3,12.11,548.0,routed,2240.0,approach-review
88283636b7fffff,Discovery Bay NE 15,,163.3,13.06,56.0,routed,3194.0,approach-review
88283636b9fffff,Discovery Bay NE 8,,166.9,13.35,0.0,routed,1577.0,approach-review
88283636bbfffff,Discovery Bay NE 9,,148.9,11.92,0.0,routed,1062.0,approach-review
88283636bdfffff,Discovery Bay NE 13,,177.4,14.19,0.0,routed,1765.0,approach-review
88283636c1fffff,Discovery Bay E 8,,191.0,15.28,0.0,routed,1203.0,approach-review
88283636c3fffff,Discovery Bay E 5,,189.0,15.12,0.0,routed,830.0,approach-review
88283636cbfffff,Discovery Bay SE 5,,179.3,14.34,0.0,routed,288.0,approach-review
88283636d1fffff,Discovery Bay E,,172.6,13.81,3334.0,routed,91.0,network-estimate
88283636d3fffff,Discovery Bay NE,,173.9,13.91,4109.0,routed,160.0,approach-review
88283636d5fffff,Discovery Bay E 3,,184.5,14.76,0.0,routed,937.0,approach-review
88283636d7fffff,Discovery Bay E 2,,184.9,14.79,146.0,routed,558.0,approach-review
88283636d9fffff,Discovery Bay SE 2,,167.0,13.36,3848.0,routed,60.0,network-estimate
88283636dbfffff,Discovery Bay SE,,158.4,12.67,5973.0,routed,188.0,approach-review
88283636ddfffff,Discovery Bay SE 3,,185.5,14.84,0.0,routed,549.0,approach-review
882836ac91fffff,Questa N 2,,80.0,6.4,191.0,routed,912.0,approach-review
882836ac93fffff,Questa N 4,,88.3,7.07,0.0,routed,1722.0,approach-review
882836ac95fffff,Questa N 3,,86.0,6.88,1107.0,routed,1500.0,approach-review
882836ac97fffff,Questa N 5,,92.0,7.36,0.0,routed,1865.0,approach-review
882836ac99fffff,Questa,,67.7,5.41,1784.0,routed,478.0,approach-review
882836ac9bfffff,Questa NW 3,,79.0,6.32,0.0,routed,1383.0,approach-review
882836ac9dfffff,Questa N,,74.1,5.93,644.0,routed,993.0,approach-review
882836acb3fffff,Questa N 9,,112.7,9.02,503.0,routed,3322.0,approach-review
882836acbbfffff,Questa N 6,,97.8,7.83,691.0,routed,2442.0,approach-review
