{"type": "FeatureCollection", "features": [{"type": "Feature", "properties": {"id": 0, "h3": "892830d0883ffff", "area_m2": 109951.8, "lat": 37.782905, "lon": -121.880573}, "geometry": {"type": "Polygon", "coordinates": [[[-121.87931728236389, 37.78139268943642], [-121.87823348405956, 37.78307326614567], [-121.8794896695148, 37.784586017628015], [-121.88182965396922, 37.78441816911071], [-121.88291338397627, 37.782737591466095], [-121.88165719782886, 37.78122486327386], [-121.87931728236389, 37.78139268943642]]]}}, {"type": "Feature", "properties": {"id": 1, "h3": "892830d0893ffff", "area_m2": 109956.1, "lat": 37.779712, "lon": -121.880401}, "geometry": {"type": "Polygon", "coordinates": [[[-121.87914490560348, 37.778199277549376], [-121.87806113659889, 37.77987988492796], [-121.87931728236389, 37.78139268943642], [-121.88165719782886, 37.78122486327386], [-121.88274089854079, 37.779544254959355], [-121.88148475208305, 37.77803147374304], [-121.87914490560348, 37.778199277549376]]]}}, {"type": "Feature", "properties": {"id": 2, "h3": "892830d0897ffff", "area_m2": 109950.7, "lat": 37.781057, "lon": -121.883997}, "geometry": {"type": "Polygon", "coordinates": [[[-121.88274089854079, 37.779544254959355], [-121.88165719782886, 37.78122486327386], [-121.88291338397627, 37.782737591466095], [-121.8852532715194, 37.78256968805193], [-121.88633690392962, 37.780889078807036], [-121.88508071710108, 37.7793763739064], [-121.88274089854079, 37.779544254959355]]]}}, {"type": "Feature", "properties": {"id": 3, "h3": "892830d0993ffff", "area_m2": 109918.1, "lat": 37.789123, "lon": -121.905574}, "geometry": {"type": "Polygon", "coordinates": [[[-121.90431711665788, 37.78761089445738], [-121.90323382589146, 37.78929150827095], [-121.90449025413133, 37.790803778461424], [-121.90682997375185, 37.79063541154984], [-121.90791319616248, 37.7889547968392], [-121.90665676731103, 37.787442549936905], [-121.90431711665788, 37.78761089445738]]]}}, {"type": "Feature", "properties": {"id": 4, "h3": "892830d0c07ffff", "area_m2": 109969.0, "lat": 37.770132, "lon": -121.879884}, "geometry": {"type": "Polygon", "coordinates": [[[-121.87862783765624, 37.76861853988181], [-121.87754415654146, 37.770299239214026], [-121.8788001832506, 37.77181220275543], [-121.88113989177145, 37.77164444366602], [-121.88222350460715, 37.76996374339622], [-121.88096747720374, 37.76845080315311], [-121.87862783765624, 37.76861853988181]]]}}, {"type": "Feature", "properties": {"id": 5, "h3": "892830d0c17ffff", "area_m2": 109973.3, "lat": 37.766938, "lon": -121.879711}, "geometry": {"type": "Polygon", "coordinates": [[[-121.87845550244866, 37.76542479337931], [-121.8773718506274, 37.767105523344604], [-121.87862783765624, 37.76861853988181], [-121.88096747720374, 37.76845080315311], [-121.88205106075044, 37.76677007224968], [-121.88079507302685, 37.7652570790128], [-121.87845550244866, 37.76542479337931]]]}}, {"type": "Feature", "properties": {"id": 6, "h3": "892830d0c23ffff", "area_m2": 109959.3, "lat": 37.77467, "lon": -121.883652}, "geometry": {"type": "Polygon", "coordinates": [[[-121.88239595885715, 37.773157330907786], [-121.8813123167309, 37.77483800053488], [-121.88256842350137, 37.776350834767705], [-121.88490817308285, 37.77618297607746], [-121.88599174691642, 37.77450230551888], [-121.88473563946384, 37.772989494581736], [-121.88239595885715, 37.773157330907786]]]}}, {"type": "Feature", "properties": {"id": 7, "h3": "892830d0c27ffff", "area_m2": 109953.8, "lat": 37.776015, "lon": -121.887248}, "geometry": {"type": "Polygon", "coordinates": [[[-121.88599174691642, 37.77450230551888], [-121.88490817308285, 37.77618297607746], [-121.88616432022219, 37.77769573400014], [-121.88850404186836, 37.777527798068824], [-121.88958754740025, 37.77584712658432], [-121.88833139959036, 37.77433439195674], [-121.88599174691642, 37.77450230551888]]]}}, {"type": "Feature", "properties": {"id": 8, "h3": "892830d0c2bffff", "area_m2": 109960.4, "lat": 37.776519, "lon": -121.880229}, "geometry": {"type": "Polygon", "coordinates": [[[-121.87897253923272, 37.77500578198348], [-121.87788879952627, 37.77668642002235], [-121.87914490560348, 37.778199277549376], [-121.88148475208305, 37.77803147374304], [-121.88256842350137, 37.776350834767705], [-121.8813123167309, 37.77483800053488], [-121.87897253923272, 37.77500578198348]]]}}, {"type": "Feature", "properties": {"id": 9, "h3": "892830d0c2fffff", "area_m2": 109955.0, "lat": 37.777864, "lon": -121.883825}, "geometry": {"type": "Polygon", "coordinates": [[[-121.88256842350137, 37.776350834767705], [-121.88148475208305, 37.77803147374304], [-121.88274089854079, 37.779544254959355], [-121.88508071710108, 37.7793763739064], [-121.88616432022219, 37.77769573400014], [-121.88490817308285, 37.77618297607746], [-121.88256842350137, 37.776350834767705]]]}}, {"type": "Feature", "properties": {"id": 10, "h3": "892830d0c33ffff", "area_m2": 109963.6, "lat": 37.771477, "lon": -121.88348}, "geometry": {"type": "Polygon", "coordinates": [[[-121.88222350460715, 37.76996374339622], [-121.88113989177145, 37.77164444366602], [-121.88239595885715, 37.773157330907786], [-121.88473563946384, 37.772989494581736], [-121.88581918401141, 37.771308793379895], [-121.88456311624307, 37.769795929435844], [-121.88222350460715, 37.76996374339622]]]}}, {"type": "Feature", "properties": {"id": 11, "h3": "892830d0c37ffff", "area_m2": 109958.2, "lat": 37.772822, "lon": -121.887075}, "geometry": {"type": "Polygon", "coordinates": [[[-121.88581918401141, 37.771308793379895], [-121.88473563946384, 37.772989494581736], [-121.88599174691642, 37.77450230551888], [-121.88833139959036, 37.77433439195674], [-121.88941487584081, 37.77265368982842], [-121.88815876771714, 37.77114090218843], [-121.88581918401141, 37.771308793379895]]]}}, {"type": "Feature", "properties": {"id": 12, "h3": "892830d0c3bffff", "area_m2": 109964.7, "lat": 37.773325, "lon": -121.880056}, "geometry": {"type": "Polygon", "coordinates": [[[-121.8788001832506, 37.77181220275543], [-121.87771647284075, 37.7734928714455], [-121.87897253923272, 37.77500578198348], [-121.8813123167309, 37.77483800053488], [-121.88239595885715, 37.773157330907786], [-121.88113989177145, 37.77164444366602], [-121.8788001832506, 37.77181220275543]]]}}, {"type": "Feature", "properties": {"id": 13, "h3": "892830d0c83ffff", "area_m2": 109981.9, "lat": 37.76055, "lon": -121.879367}, "geometry": {"type": "Polygon", "coordinates": [[[-121.8781108631901, 37.75903704955422], [-121.87702726995131, 37.76071784075846], [-121.87828317762694, 37.76223096326455], [-121.88062267923983, 37.7620632712617], [-121.88170620421316, 37.76038247911821], [-121.88045029584175, 37.758869379916526], [-121.8781108631901, 37.75903704955422]]]}}, {"type": "Feature", "properties": {"id": 14, "h3": "892830d0c87ffff", "area_m2": 109976.5, "lat": 37.761896, "lon": -121.882962}, "geometry": {"type": "Polygon", "coordinates": [[[-121.88170620421316, 37.76038247911821], [-121.88062267923983, 37.7620632712617], [-121.88187862728608, 37.76357631748478], [-121.88421810099257, 37.763408548260244], [-121.8853015576914, 37.76172775518305], [-121.88404560896092, 37.76021473226381], [-121.88170620421316, 37.76038247911821]]]}}, {"type": "Feature", "properties": {"id": 15, "h3": "892830d0c8fffff", "area_m2": 109977.6, "lat": 37.763744, "lon": -121.879539}, "geometry": {"type": "Polygon", "coordinates": [[[-121.87828317762694, 37.76223096326455], [-121.87719955509768, 37.76391172385387], [-121.87845550244866, 37.76542479337931], [-121.88079507302685, 37.7652570790128], [-121.88187862728608, 37.76357631748478], [-121.88062267923983, 37.7620632712617], [-121.87828317762694, 37.76223096326455]]]}}, {"type": "Feature", "properties": {"id": 16, "h3": "892830d0c93ffff", "area_m2": 109986.2, "lat": 37.757356, "lon": -121.879194}, "geometry": {"type": "Polygon", "coordinates": [[[-121.8779385591373, 37.75584305226493], [-121.8768549951874, 37.757523874075034], [-121.8781108631901, 37.75903704955422], [-121.88045029584175, 37.758869379916526], [-121.88153379153073, 37.7571885571666], [-121.88027792283171, 37.75567540499387], [-121.8779385591373, 37.75584305226493]]]}}, {"type": "Feature", "properties": {"id": 17, "h3": "892830d0c97ffff", "area_m2": 109980.8, "lat": 37.758702, "lon": -121.88279}, "geometry": {"type": "Polygon", "coordinates": [[[-121.88153379153073, 37.7571885571666], [-121.88045029584175, 37.758869379916526], [-121.88170620421316, 37.76038247911821], [-121.88404560896092, 37.76021473226381], [-121.88512903637995, 37.758533908579636], [-121.88387312732381, 37.75702083268382], [-121.88153379153073, 37.7571885571666]]]}}, {"type": "Feature", "properties": {"id": 18, "h3": "892830d0ca3ffff", "area_m2": 109966.8, "lat": 37.766434, "lon": -121.88673}, "geometry": {"type": "Polygon", "coordinates": [[[-121.88547408939984, 37.76492151819534], [-121.88439060341962, 37.766602280656485], [-121.88564663150619, 37.768115197599826], [-121.88798614624778, 37.767947328780515], [-121.88906956393994, 37.766266565391774], [-121.88781353518125, 37.76475367174966], [-121.88547408939984, 37.76492151819534]]]}}, {"type": "Feature", "properties": {"id": 19, "h3": "892830d0ca7ffff", "area_m2": 109961.3, "lat": 37.767779, "lon": -121.890326}, "geometry": {"type": "Polygon", "coordinates": [[[-121.88906956393994, 37.766266565391774], [-121.88798614624778, 37.767947328780515], [-121.8892422146877, 37.769460169425365], [-121.89158170148298, 37.76929222338051], [-121.8926650508781, 37.76761145906973], [-121.89140898177766, 37.76609864172555], [-121.88906956393994, 37.766266565391774]]]}}, {"type": "Feature", "properties": {"id": 20, "h3": "892830d0cabffff", "area_m2": 109967.9, "lat": 37.768283, "lon": -121.883307}, "geometry": {"type": "Polygon", "coordinates": [[[-121.88205106075044, 37.76677007224968], [-121.88096747720374, 37.76845080315311], [-121.88222350460715, 37.76996374339622], [-121.88456311624307, 37.769795929435844], [-121.88564663150619, 37.768115197599826], [-121.88439060341962, 37.766602280656485], [-121.88205106075044, 37.76677007224968]]]}}, {"type": "Feature", "properties": {"id": 21, "h3": "892830d0cafffff", "area_m2": 109962.5, "lat": 37.769628, "lon": -121.886903}, "geometry": {"type": "Polygon", "coordinates": [[[-121.88564663150619, 37.768115197599826], [-121.88456311624307, 37.769795929435844], [-121.88581918401141, 37.771308793379895], [-121.88815876771714, 37.77114090218843], [-121.8892422146877, 37.769460169425365], [-121.88798614624778, 37.767947328780515], [-121.88564663150619, 37.768115197599826]]]}}, {"type": "Feature", "properties": {"id": 22, "h3": "892830d0cb3ffff", "area_m2": 109971.1, "lat": 37.763241, "lon": -121.886558}, "geometry": {"type": "Polygon", "coordinates": [[[-121.8853015576914, 37.76172775518305], [-121.88421810099257, 37.763408548260244], [-121.88547408939984, 37.76492151819534], [-121.88781353518125, 37.76475367174966], [-121.88889692359658, 37.76307287774431], [-121.8876409345167, 37.761559931112494], [-121.8853015576914, 37.76172775518305]]]}}, {"type": "Feature", "properties": {"id": 23, "h3": "892830d0cb7ffff", "area_m2": 109965.6, "lat": 37.764586, "lon": -121.890153}, "geometry": {"type": "Polygon", "coordinates": [[[-121.88889692359658, 37.76307287774431], [-121.88781353518125, 37.76475367174966], [-121.88906956393994, 37.766266565391774], [-121.89140898177766, 37.76609864172555], [-121.89249230190048, 37.764417846797606], [-121.89123627248077, 37.762904976458195], [-121.88889692359658, 37.76307287774431]]]}}, {"type": "Feature", "properties": {"id": 24, "h3": "892830d0cbbffff", "area_m2": 109972.2, "lat": 37.765089, "lon": -121.883135}, "geometry": {"type": "Polygon", "coordinates": [[[-121.88187862728608, 37.76357631748478], [-121.88079507302685, 37.7652570790128], [-121.88205106075044, 37.76677007224968], [-121.88439060341962, 37.766602280656485], [-121.88547408939984, 37.76492151819534], [-121.88421810099257, 37.763408548260244], [-121.88187862728608, 37.76357631748478]]]}}, {"type": "Feature", "properties": {"id": 25, "h3": "892830d0d03ffff", "area_m2": 109936.4, "lat": 37.7782, "lon": -121.901458}, "geometry": {"type": "Polygon", "coordinates": [[[-121.9002020255972, 37.77668745791925], [-121.89911875429213, 37.77836816279377], [-121.90037502311615, 37.779880668462766], [-121.90271456387259, 37.77971244596214], [-121.90379776684448, 37.77803174018335], [-121.90254149739575, 37.77651925780921], [-121.9002020255972, 37.77668745791925]]]}}, {"type": "Feature", "properties": {"id": 26, "h3": "892830d0d07ffff", "area_m2": 109931.0, "lat": 37.779544, "lon": -121.905054}, "geometry": {"type": "Polygon", "coordinates": [[[-121.90379776684448, 37.77803174018335], [-121.90271456387259, 37.77971244596214], [-121.90397087301541, 37.78122487530171], [-121.90631038574591, 37.781056575567916], [-121.9073935203756, 37.77937586889038], [-121.90613721061968, 37.777863462845104], [-121.90379776684448, 37.77803174018335]]]}}, {"type": "Feature", "properties": {"id": 27, "h3": "892830d0d0bffff", "area_m2": 109937.6, "lat": 37.780049, "lon": -121.898035}, "geometry": {"type": "Polygon", "coordinates": [[[-121.89677918552836, 37.778536308060644], [-121.8956958166268, 37.780216981380384], [-121.89695208481503, 37.781729510342814], [-121.89929172254327, 37.781561342691816], [-121.90037502311615, 37.779880668462766], [-121.89911875429213, 37.77836816279377], [-121.89677918552836, 37.778536308060644]]]}}, {"type": "Feature", "properties": {"id": 28, "h3": "892830d0d0fffff", "area_m2": 109932.1, "lat": 37.781393, "lon": -121.901631}, "geometry": {"type": "Polygon", "coordinates": [[[-121.90037502311615, 37.779880668462766], [-121.89929172254327, 37.781561342691816], [-121.90054803106183, 37.78307379532423], [-121.90288764078021, 37.782905550434485], [-121.90397087301541, 37.78122487530171], [-121.90271456387259, 37.77971244596214], [-121.90037502311615, 37.779880668462766]]]}}, {"type": "Feature", "properties": {"id": 29, "h3": "892830d0d13ffff", "area_m2": 109940.7, "lat": 37.775007, "lon": -121.901285}, "geometry": {"type": "Polygon", "coordinates": [[[-121.90002903850402, 37.773494163710325], [-121.89894579646527, 37.7751748992212], [-121.9002020255972, 37.77668745791925], [-121.90254149739575, 37.77651925780921], [-121.90362467110587, 37.77483852139348], [-121.90236844134873, 37.77332598599234], [-121.90002903850402, 37.773494163710325]]]}}, {"type": "Feature", "properties": {"id": 30, "h3": "892830d0d17ffff", "area_m2": 109935.3, "lat": 37.776351, "lon": -121.904881}, "geometry": {"type": "Polygon", "coordinates": [[[-121.90362467110587, 37.77483852139348], [-121.90254149739575, 37.77651925780921], [-121.90379776684448, 37.77803174018335], [-121.90613721061968, 37.777863462845104], [-121.90722031599218, 37.77618272553008], [-121.9059640459298, 37.774670266452276], [-121.90362467110587, 37.77483852139348]]]}}, {"type": "Feature", "properties": {"id": 31, "h3": "892830d0d1bffff", "area_m2": 109941.9, "lat": 37.776856, "lon": -121.897863}, "geometry": {"type": "Polygon", "coordinates": [[[-121.89660629666197, 37.77534302210248], [-121.89552295703278, 37.77702372606714], [-121.89677918552836, 37.778536308060644], [-121.89911875429213, 37.77836816279377], [-121.9002020255972, 37.77668745791925], [-121.89894579646527, 37.7751748992212], [-121.89660629666197, 37.77534302210248]]]}}, {"type": "Feature", "properties": {"id": 32, "h3": "892830d0d23ffff", "area_m2": 109921.3, "lat": 37.784081, "lon": -121.908823}, "geometry": {"type": "Polygon", "coordinates": [[[-121.90756673519786, 37.78256892857309], [-121.90648357130937, 37.78424960460404], [-121.90773996045985, 37.78576190456156], [-121.91007951410248, 37.78559350519614], [-121.91116260963523, 37.783912828272534], [-121.90990621988377, 37.782400551606706], [-121.90756673519786, 37.78256892857309]]]}}, {"type": "Feature", "properties": {"id": 33, "h3": "892830d0d27ffff", "area_m2": 109915.8, "lat": 37.785425, "lon": -121.912419}, "geometry": {"type": "Polygon", "coordinates": [[[-121.91116260963523, 37.783912828272534], [-121.91007951410248, 37.78559350519614], [-121.9113359435544, 37.78710572880876], [-121.91367546913123, 37.786937252206364], [-121.91475849629931, 37.78525657439567], [-121.91350206625793, 37.78374437407415], [-121.91116260963523, 37.783912828272534]]]}}, {"type": "Feature", "properties": {"id": 34, "h3": "892830d0d2bffff", "area_m2": 109922.4, "lat": 37.78593, "lon": -121.9054}, "geometry": {"type": "Polygon", "coordinates": [[[-121.90414398961956, 37.784417926731926], [-121.90306072811951, 37.786098571209635], [-121.90431711665788, 37.78761089445738], [-121.90665676731103, 37.787442549936905], [-121.90773996045985, 37.78576190456156], [-121.90648357130937, 37.78424960460404], [-121.90414398961956, 37.784417926731926]]]}}, {"type": "Feature", "properties": {"id": 35, "h3": "892830d0d2fffff", "area_m2": 109916.9, "lat": 37.787274, "lon": -121.908996}, "geometry": {"type": "Polygon", "coordinates": [[[-121.90773996045985, 37.78576190456156], [-121.90665676731103, 37.787442549936905], [-121.90791319616248, 37.7889547968392], [-121.9102528187659, 37.788786375076185], [-121.9113359435544, 37.78710572880876], [-121.91007951410248, 37.78559350519614], [-121.90773996045985, 37.78576190456156]]]}}, {"type": "Feature", "properties": {"id": 36, "h3": "892830d0d33ffff", "area_m2": 109925.6, "lat": 37.780888, "lon": -121.90865}, "geometry": {"type": "Polygon", "coordinates": [[[-121.9073935203756, 37.77937586889038], [-121.90631038574591, 37.781056575567916], [-121.90756673519786, 37.78256892857309], [-121.90990621988377, 37.782400551606706], [-121.9109892861623, 37.78071984403597], [-121.9097329361088, 37.77920751432455], [-121.9073935203756, 37.77937586889038]]]}}, {"type": "Feature", "properties": {"id": 37, "h3": "892830d0d37ffff", "area_m2": 109920.1, "lat": 37.782232, "lon": -121.912246}, "geometry": {"type": "Polygon", "coordinates": [[[-121.9109892861623, 37.78071984403597], [-121.90990621988377, 37.782400551606706], [-121.91116260963523, 37.783912828272534], [-121.91350206625793, 37.78374437407415], [-121.91458506417631, 37.782063665615794], [-121.91332867383487, 37.78055141224314], [-121.9109892861623, 37.78071984403597]]]}}, {"type": "Feature", "properties": {"id": 38, "h3": "892830d0d3bffff", "area_m2": 109926.7, "lat": 37.782737, "lon": -121.905227}, "geometry": {"type": "Polygon", "coordinates": [[[-121.90397087301541, 37.78122487530171], [-121.90288764078021, 37.782905550434485], [-121.90414398961956, 37.784417926731926], [-121.90648357130937, 37.78424960460404], [-121.90756673519786, 37.78256892857309], [-121.90631038574591, 37.781056575567916], [-121.90397087301541, 37.78122487530171]]]}}, {"type": "Feature", "properties": {"id": 39, "h3": "892830d0d43ffff", "area_m2": 109944.1, "lat": 37.780553, "lon": -121.891016}, "geometry": {"type": "Polygon", "coordinates": [[[-121.88976022936691, 37.77904047967639], [-121.888676694552, 37.78072112050803], [-121.88993292174176, 37.782233749088014], [-121.89227268440756, 37.78206571354357], [-121.89335615090728, 37.78038507179208], [-121.89209992305908, 37.7788724665046], [-121.88976022936691, 37.77904047967639]]]}}, {"type": "Feature", "properties": {"id": 40, "h3": "892830d0d47ffff", "area_m2": 109938.7, "lat": 37.781898, "lon": -121.894612}, "geometry": {"type": "Polygon", "coordinates": [[[-121.89335615090728, 37.78038507179208], [-121.89227268440756, 37.78206571354357], [-121.89352895194891, 37.78357826579793], [-121.89586868663952, 37.78341015300859], [-121.89695208481503, 37.781729510342814], [-121.8956958166268, 37.780216981380384], [-121.89335615090728, 37.78038507179208]]]}}, {"type": "Feature", "properties": {"id": 41, "h3": "892830d0d4bffff", "area_m2": 109945.2, "lat": 37.782402, "lon": -121.887593}, "geometry": {"type": "Polygon", "coordinates": [[[-121.88633690392962, 37.780889078807036], [-121.8852532715194, 37.78256968805193], [-121.88650949803963, 37.784082339922946], [-121.88884935764229, 37.78391435925774], [-121.88993292174176, 37.782233749088014], [-121.888676694552, 37.78072112050803], [-121.88633690392962, 37.780889078807036]]]}}, {"type": "Feature", "properties": {"id": 42, "h3": "892830d0d53ffff", "area_m2": 109948.4, "lat": 37.77736, "lon": -121.890844}, "geometry": {"type": "Polygon", "coordinates": [[[-121.88958754740025, 37.77584712658432], [-121.88850404186836, 37.777527798068824], [-121.88976022936691, 37.77904047967639], [-121.89209992305908, 37.7788724665046], [-121.89318336028033, 37.7771917940997], [-121.89192717212278, 37.775679135786675], [-121.88958754740025, 37.77584712658432]]]}}, {"type": "Feature", "properties": {"id": 43, "h3": "892830d0d57ffff", "area_m2": 109943.0, "lat": 37.778704, "lon": -121.89444}, "geometry": {"type": "Polygon", "coordinates": [[[-121.89318336028033, 37.7771917940997], [-121.89209992305908, 37.7788724665046], [-121.89335615090728, 37.78038507179208], [-121.8956958166268, 37.780216981380384], [-121.89677918552836, 37.778536308060644], [-121.89552295703278, 37.77702372606714], [-121.89318336028033, 37.7771917940997]]]}}, {"type": "Feature", "properties": {"id": 44, "h3": "892830d0d5bffff", "area_m2": 109949.5, "lat": 37.779208, "lon": -121.88742}, "geometry": {"type": "Polygon", "coordinates": [[[-121.88616432022219, 37.77769573400014], [-121.88508071710108, 37.7793763739064], [-121.88633690392962, 37.780889078807036], [-121.888676694552, 37.78072112050803], [-121.88976022936691, 37.77904047967639], [-121.88850404186836, 37.777527798068824], [-121.88616432022219, 37.77769573400014]]]}}, {"type": "Feature", "properties": {"id": 45, "h3": "892830d0d63ffff", "area_m2": 109928.9, "lat": 37.786435, "lon": -121.898381}, "geometry": {"type": "Polygon", "coordinates": [[[-121.89712499452281, 37.78492262893238], [-121.89604156707185, 37.786603240935115], [-121.89729791465277, 37.78811566381269], [-121.89963769032205, 37.78794745139791], [-121.90072104943526, 37.78626683848698], [-121.89946470121959, 37.78475443889873], [-121.89712499452281, 37.78492262893238]]]}}, {"type": "Feature", "properties": {"id": 46, "h3": "892830d0d67ffff", "area_m2": 109923.5, "lat": 37.787779, "lon": -121.901977}, "geometry": {"type": "Polygon", "coordinates": [[[-121.90072104943526, 37.78626683848698], [-121.89963769032205, 37.78794745139791], [-121.90089407823724, 37.78945979793441], [-121.90323382589146, 37.78929150827095], [-121.90431711665788, 37.78761089445738], [-121.90306072811951, 37.786098571209635], [-121.90072104943526, 37.78626683848698]]]}}, {"type": "Feature", "properties": {"id": 47, "h3": "892830d0d77ffff", "area_m2": 109927.8, "lat": 37.784586, "lon": -121.901804}, "geometry": {"type": "Polygon", "coordinates": [[[-121.90054803106183, 37.78307379532423], [-121.89946470121959, 37.78475443889873], [-121.90072104943526, 37.78626683848698], [-121.90306072811951, 37.786098571209635], [-121.90414398961956, 37.784417926731926], [-121.90288764078021, 37.782905550434485], [-121.90054803106183, 37.78307379532423]]]}}, {"type": "Feature", "properties": {"id": 48, "h3": "892830d0d83ffff", "area_m2": 109943.9, "lat": 37.769964, "lon": -121.904535}, "geometry": {"type": "Polygon", "coordinates": [[[-121.90327851092177, 37.76845183286574], [-121.90219539573057, 37.770132630528174], [-121.90345158579862, 37.77164521894871], [-121.9057908916753, 37.771476986406086], [-121.90687393853796, 37.769796187843234], [-121.90561774785519, 37.76828362272314], [-121.90327851092177, 37.76845183286574]]]}}, {"type": "Feature", "properties": {"id": 49, "h3": "892830d0d87ffff", "area_m2": 109938.5, "lat": 37.771309, "lon": -121.90813}, "geometry": {"type": "Polygon", "coordinates": [[[-121.90687393853796, 37.769796187843234], [-121.9057908916753, 37.771476986406086], [-121.9070471220466, 37.77298949850883], [-121.90938639988642, 37.77282118874855], [-121.91046937841155, 37.77114038929084], [-121.9092131474371, 37.769627900487976], [-121.90687393853796, 37.769796187843234]]]}}, {"type": "Feature", "properties": {"id": 50, "h3": "892830d0d8bffff", "area_m2": 109945.0, "lat": 37.771813, "lon": -121.901112}, "geometry": {"type": "Polygon", "coordinates": [[[-121.89985606183569, 37.770300785852584], [-121.89877284906173, 37.77198155199081], [-121.90002903850402, 37.773494163710325], [-121.90236844134873, 37.77332598599234], [-121.90345158579862, 37.77164521894871], [-121.90219539573057, 37.770132630528174], [-121.89985606183569, 37.770300785852584]]]}}, {"type": "Feature", "properties": {"id": 51, "h3": "892830d0d8fffff", "area_m2": 109939.6, "lat": 37.773158, "lon": -121.904708}, "geometry": {"type": "Polygon", "coordinates": [[[-121.90345158579862, 37.77164521894871], [-121.90236844134873, 37.77332598599234], [-121.90362467110587, 37.77483852139348], [-121.9059640459298, 37.774670266452276], [-121.9070471220466, 37.77298949850883], [-121.9057908916753, 37.771476986406086], [-121.90345158579862, 37.77164521894871]]]}}, {"type": "Feature", "properties": {"id": 52, "h3": "892830d0d93ffff", "area_m2": 109948.2, "lat": 37.766771, "lon": -121.904362}, "geometry": {"type": "Polygon", "coordinates": [[[-121.90310544647444, 37.76525836316115], [-121.90202236054036, 37.76693919143335], [-121.90327851092177, 37.76845183286574], [-121.90561774785519, 37.76828362272314], [-121.90670076546527, 37.766602793549964], [-121.9054446144686, 37.765090175420085], [-121.90310544647444, 37.76525836316115]]]}}, {"type": "Feature", "properties": {"id": 53, "h3": "892830d0d97ffff", "area_m2": 109942.8, "lat": 37.768115, "lon": -121.907957}, "geometry": {"type": "Polygon", "coordinates": [[[-121.90670076546527, 37.766602793549964], [-121.90561774785519, 37.76828362272314], [-121.90687393853796, 37.769796187843234], [-121.9092131474371, 37.769627900487976], [-121.91029609671415, 37.76794707041941], [-121.90903990542778, 37.76643452860122], [-121.90670076546527, 37.766602793549964]]]}}, {"type": "Feature", "properties": {"id": 54, "h3": "892830d0d9bffff", "area_m2": 109949.3, "lat": 37.76862, "lon": -121.900939}, "geometry": {"type": "Polygon", "coordinates": [[[-121.89968309559134, 37.767107324362705], [-121.89859991208057, 37.768788121119194], [-121.89985606183569, 37.770300785852584], [-121.90219539573057, 37.770132630528174], [-121.90327851092177, 37.76845183286574], [-121.90202236054036, 37.76693919143335], [-121.89968309559134, 37.767107324362705]]]}}, {"type": "Feature", "properties": {"id": 55, "h3": "892830d0da3ffff", "area_m2": 109928.7, "lat": 37.775846, "lon": -121.911899}, "geometry": {"type": "Polygon", "coordinates": [[[-121.9106426705514, 37.77433362452851], [-121.90955966277667, 37.77601439336628], [-121.91081597313466, 37.77752677611577], [-121.91315529186112, 37.777358366729935], [-121.91423823128476, 37.77567759700342], [-121.91298192033574, 37.77416523755119], [-121.9106426705514, 37.77433362452851]]]}}, {"type": "Feature", "properties": {"id": 56, "h3": "892830d0da7ffff", "area_m2": 109923.3, "lat": 37.77719, "lon": -121.915495}, "geometry": {"type": "Polygon", "coordinates": [[[-121.91423823128476, 37.77567759700342], [-121.91315529186112, 37.777358366729935], [-121.91441164250512, 37.77887067314617], [-121.91675093315484, 37.77870218653891], [-121.91783380421842, 37.77702141592919], [-121.916577452995, 37.775509132809646], [-121.91423823128476, 37.77567759700342]]]}}, {"type": "Feature", "properties": {"id": 57, "h3": "892830d0dabffff", "area_m2": 109929.9, "lat": 37.777695, "lon": -121.908477}, "geometry": {"type": "Polygon", "coordinates": [[[-121.90722031599218, 37.77618272553008], [-121.90613721061968, 37.777863462845104], [-121.9073935203756, 37.77937586889038], [-121.9097329361088, 37.77920751432455], [-121.91081597313466, 37.77752677611577], [-121.90955966277667, 37.77601439336628], [-121.90722031599218, 37.77618272553008]]]}}, {"type": "Feature", "properties": {"id": 58, "h3": "892830d0dafffff", "area_m2": 109924.4, "lat": 37.779039, "lon": -121.912072}, "geometry": {"type": "Polygon", "coordinates": [[[-121.91081597313466, 37.77752677611577], [-121.9097329361088, 37.77920751432455], [-121.9109892861623, 37.78071984403597], [-121.91332867383487, 37.78055141224314], [-121.91441164250512, 37.77887067314617], [-121.91315529186112, 37.777358366729935], [-121.91081597313466, 37.77752677611577]]]}}, {"type": "Feature", "properties": {"id": 59, "h3": "892830d0db3ffff", "area_m2": 109933.0, "lat": 37.772653, "lon": -121.911726}, "geometry": {"type": "Polygon", "coordinates": [[[-121.91046937841155, 37.77114038929084], [-121.90938639988642, 37.77282118874855], [-121.9106426705514, 37.77433362452851], [-121.91298192033574, 37.77416523755119], [-121.91406483051433, 37.77248443720418], [-121.9128085592578, 37.77097202472352], [-121.91046937841155, 37.77114038929084]]]}}, {"type": "Feature", "properties": {"id": 60, "h3": "892830d0db7ffff", "area_m2": 109927.6, "lat": 37.773997, "lon": -121.915321}, "geometry": {"type": "Polygon", "coordinates": [[[-121.91406483051433, 37.77248443720418], [-121.91298192033574, 37.77416523755119], [-121.91423823128476, 37.77567759700342], [-121.916577452995, 37.775509132809646], [-121.91766029481803, 37.77382833157889], [-121.91640398328906, 37.77231599542537], [-121.91406483051433, 37.77248443720418]]]}}, {"type": "Feature", "properties": {"id": 61, "h3": "892830d0dbbffff", "area_m2": 109934.2, "lat": 37.774502, "lon": -121.908303}, "geometry": {"type": "Polygon", "coordinates": [[[-121.9070471220466, 37.77298949850883], [-121.9059640459298, 37.774670266452276], [-121.90722031599218, 37.77618272553008], [-121.90955966277667, 37.77601439336628], [-121.9106426705514, 37.77433362452851], [-121.90938639988642, 37.77282118874855], [-121.9070471220466, 37.77298949850883]]]}}, {"type": "Feature", "properties": {"id": 62, "h3": "892830d0dc3ffff", "area_m2": 109951.6, "lat": 37.772318, "lon": -121.894094}, "geometry": {"type": "Polygon", "coordinates": [[[-121.89283781026666, 37.77080498772188], [-121.89175443159772, 37.77248572140644], [-121.89301058006708, 37.77399843273742], [-121.89535010785652, 37.773830387085496], [-121.89643341821487, 37.77214965248499], [-121.89517726909708, 37.770636964452066], [-121.89283781026666, 37.77080498772188]]]}}, {"type": "Feature", "properties": {"id": 63, "h3": "892830d0dc7ffff", "area_m2": 109946.2, "lat": 37.773662, "lon": -121.89769}, "geometry": {"type": "Polygon", "coordinates": [[[-121.89643341821487, 37.77214965248499], [-121.89535010785652, 37.773830387085496], [-121.89660629666197, 37.77534302210248], [-121.89894579646527, 37.7751748992212], [-121.90002903850402, 37.773494163710325], [-121.89877284906173, 37.77198155199081], [-121.89643341821487, 37.77214965248499]]]}}, {"type": "Feature", "properties": {"id": 64, "h3": "892830d0dcbffff", "area_m2": 109952.7, "lat": 37.774166, "lon": -121.890671}, "geometry": {"type": "Polygon", "coordinates": [[[-121.88941487584081, 37.77265368982842], [-121.88833139959036, 37.77433439195674], [-121.88958754740025, 37.77584712658432], [-121.89192717212278, 37.775679135786675], [-121.89301058006708, 37.77399843273742], [-121.89175443159772, 37.77248572140644], [-121.88941487584081, 37.77265368982842]]]}}, {"type": "Feature", "properties": {"id": 65, "h3": "892830d0dcfffff", "area_m2": 109947.3, "lat": 37.775511, "lon": -121.894267}, "geometry": {"type": "Polygon", "coordinates": [[[-121.89301058006708, 37.77399843273742], [-121.89192717212278, 37.775679135786675], [-121.89318336028033, 37.7771917940997], [-121.89552295703278, 37.77702372606714], [-121.89660629666197, 37.77534302210248], [-121.89535010785652, 37.773830387085496], [-121.89301058006708, 37.77399843273742]]]}}, {"type": "Feature", "properties": {"id": 66, "h3": "892830d0dd3ffff", "area_m2": 109955.9, "lat": 37.769124, "lon": -121.893921}, "geometry": {"type": "Polygon", "coordinates": [[[-121.8926650508781, 37.76761145906973], [-121.89158170148298, 37.76929222338051], [-121.89283781026666, 37.77080498772188], [-121.89517726909708, 37.770636964452066], [-121.89626055018611, 37.768956199224796], [-121.8950044407535, 37.76744345818353], [-121.8926650508781, 37.76761145906973]]]}}, {"type": "Feature", "properties": {"id": 67, "h3": "892830d0dd7ffff", "area_m2": 109950.5, "lat": 37.770469, "lon": -121.897517}, "geometry": {"type": "Polygon", "coordinates": [[[-121.89626055018611, 37.768956199224796], [-121.89517726909708, 37.770636964452066], [-121.89643341821487, 37.77214965248499], [-121.89877284906173, 37.77198155199081], [-121.89985606183569, 37.770300785852584], [-121.89859991208057, 37.768788121119194], [-121.89626055018611, 37.768956199224796]]]}}, {"type": "Feature", "properties": {"id": 68, "h3": "892830d0ddbffff", "area_m2": 109957.0, "lat": 37.770973, "lon": -121.890498}, "geometry": {"type": "Polygon", "coordinates": [[[-121.8892422146877, 37.769460169425365], [-121.88815876771714, 37.77114090218843], [-121.88941487584081, 37.77265368982842], [-121.89175443159772, 37.77248572140644], [-121.89283781026666, 37.77080498772188], [-121.89158170148298, 37.76929222338051], [-121.8892422146877, 37.769460169425365]]]}}, {"type": "Feature", "properties": {"id": 69, "h3": "892830d286bffff", "area_m2": 109990.3, "lat": 37.743573, "lon": -121.892539}, "geometry": {"type": "Polygon", "coordinates": [[[-121.89128335048406, 37.74206022093235], [-121.89020023522416, 37.74374122992644], [-121.89145602661148, 37.74525441807796], [-121.89379493391444, 37.745086573918655], [-121.89487798090454, 37.74340556400361], [-121.89362218886413, 37.74189239916854], [-121.89128335048406, 37.74206022093235]]]}}, {"type": "Feature", "properties": {"id": 70, "h3": "892830d286fffff", "area_m2": 109984.9, "lat": 37.744919, "lon": -121.896134}, "geometry": {"type": "Polygon", "coordinates": [[[-121.89487798090454, 37.74340556400361], [-121.89379493391444, 37.745086573918655], [-121.89505076562017, 37.74659968580606], [-121.89738964496019, 37.746431764462244], [-121.89847262367152, 37.744750753631806], [-121.89721679132428, 37.74323766506029], [-121.89487798090454, 37.74340556400361]]]}}, {"type": "Feature", "properties": {"id": 71, "h3": "892830d28a3ffff", "area_m2": 109989.0, "lat": 37.731134, "lon": -121.909473}, "geometry": {"type": "Polygon", "coordinates": [[[-121.90821753051654, 37.72962072658871], [-121.9071349320962, 37.73130192328015], [-121.90839068697754, 37.7328150477665], [-121.91072904088018, 37.73264695223522], [-121.91181157101296, 37.73096575464724], [-121.91055581553331, 37.72945265348678], [-121.90821753051654, 37.72962072658871]]]}}, {"type": "Feature", "properties": {"id": 72, "h3": "892830d28a7ffff", "area_m2": 109983.5, "lat": 37.732479, "lon": -121.913067}, "geometry": {"type": "Polygon", "coordinates": [[[-121.91181157101296, 37.73096575464724], [-121.91072904088018, 37.73264695223522], [-121.9119848360201, 37.73416000046582], [-121.91432316188227, 37.73399182778282], [-121.9154056237185, 37.73231062930384], [-121.91414982799184, 37.730797604398546], [-121.91181157101296, 37.73096575464724]]]}}, {"type": "Feature", "properties": {"id": 73, "h3": "892830d28afffff", "area_m2": 109984.7, "lat": 37.734328, "lon": -121.909646}, "geometry": {"type": "Polygon", "coordinates": [[[-121.90839068697754, 37.7328150477665], [-121.90730805932759, 37.734496213955936], [-121.90856385386972, 37.73600928551039], [-121.91090227666226, 37.735841167551264], [-121.9119848360201, 37.73416000046582], [-121.91072904088018, 37.73264695223522], [-121.90839068697754, 37.7328150477665]]]}}, {"type": "Feature", "properties": {"id": 74, "h3": "892830d28b7ffff", "area_m2": 109987.8, "lat": 37.729285, "lon": -121.912894}, "geometry": {"type": "Polygon", "coordinates": [[[-121.91163831644258, 37.72777142540533], [-121.91055581553331, 37.72945265348678], [-121.91181157101296, 37.73096575464724], [-121.91414982799184, 37.730797604398546], [-121.91523226060907, 37.72911637542553], [-121.91397650454215, 37.727603297592445], [-121.91163831644258, 37.72777142540533]]]}}, {"type": "Feature", "properties": {"id": 75, "h3": "892830d2903ffff", "area_m2": 109958.6, "lat": 37.742901, "lon": -121.924197}, "geometry": {"type": "Polygon", "coordinates": [[[-121.92294095738477, 37.74138787429127], [-121.92185857374406, 37.743069013518074], [-121.92311456894181, 37.744581727035914], [-121.92545294833386, 37.74441327800719], [-121.92653526364194, 37.742732137907176], [-121.92527926789322, 37.74121944770883], [-121.92294095738477, 37.74138787429127]]]}}, {"type": "Feature", "properties": {"id": 76, "h3": "892830d2907ffff", "area_m2": 109953.2, "lat": 37.744245, "lon": -121.927791}, "geometry": {"type": "Polygon", "coordinates": [[[-121.92653526364194, 37.742732137907176], [-121.92545294833386, 37.74441327800719], [-121.92670898375562, 37.745925915238345], [-121.92904733502756, 37.74575738905028], [-121.93012958199411, 37.7440762480826], [-121.92887354603295, 37.74256363417038], [-121.92653526364194, 37.742732137907176]]]}}, {"type": "Feature", "properties": {"id": 77, "h3": "892830d290bffff", "area_m2": 109959.8, "lat": 37.74475, "lon": -121.920776}, "geometry": {"type": "Polygon", "coordinates": [[[-121.9195201662505, 37.74323738538686], [-121.91843768506718, 37.744918493213056], [-121.91969367970286, 37.74643123004894], [-121.9220321560866, 37.74626283574032], [-121.92311456894181, 37.744581727035914], [-121.92185857374406, 37.743069013518074], [-121.9195201662505, 37.74323738538686]]]}}, {"type": "Feature", "properties": {"id": 78, "h3": "892830d290fffff", "area_m2": 109954.3, "lat": 37.746094, "lon": -121.924371}, "geometry": {"type": "Polygon", "coordinates": [[[-121.92311456894181, 37.744581727035914], [-121.9220321560866, 37.74626283574032], [-121.9232881909579, 37.747775496288945], [-121.92562663923754, 37.74760702481541], [-121.92670898375562, 37.745925915238345], [-121.92545294833386, 37.74441327800719], [-121.92311456894181, 37.744581727035914]]]}}, {"type": "Feature", "properties": {"id": 79, "h3": "892830d2913ffff", "area_m2": 109962.9, "lat": 37.739707, "lon": -121.924023}, "geometry": {"type": "Polygon", "coordinates": [[[-121.92276735628576, 37.73819393807168], [-121.9216850018581, 37.73987510781177], [-121.92294095738477, 37.74138787429127], [-121.92527926789322, 37.74121944770883], [-121.92636155399286, 37.73953827709496], [-121.92510559791475, 37.738025533937], [-121.92276735628576, 37.73819393807168]]]}}, {"type": "Feature", "properties": {"id": 80, "h3": "892830d2917ffff", "area_m2": 109957.5, "lat": 37.741051, "lon": -121.927618}, "geometry": {"type": "Polygon", "coordinates": [[[-121.92636155399286, 37.73953827709496], [-121.92527926789322, 37.74121944770883], [-121.92653526364194, 37.742732137907176], [-121.92887354603295, 37.74256363417038], [-121.92995576379558, 37.74088246268826], [-121.9286997675069, 37.7393697958109], [-121.92636155399286, 37.73953827709496]]]}}, {"type": "Feature", "properties": {"id": 81, "h3": "892830d291bffff", "area_m2": 109964.1, "lat": 37.741556, "lon": -121.920603}, "geometry": {"type": "Polygon", "coordinates": [[[-121.91934666325066, 37.740043457239274], [-121.91826421128641, 37.74172459558728], [-121.9195201662505, 37.74323738538686], [-121.92185857374406, 37.743069013518074], [-121.92294095738477, 37.74138787429127], [-121.9216850018581, 37.73987510781177], [-121.91934666325066, 37.740043457239274]]]}}, {"type": "Feature", "properties": {"id": 82, "h3": "892830d2923ffff", "area_m2": 109943.5, "lat": 37.748782, "lon": -121.93156}, "geometry": {"type": "Polygon", "coordinates": [[[-121.93030341066373, 37.74726994998979], [-121.92922113449174, 37.748951060433946], [-121.93047724980539, 37.750463568393144], [-121.93281564182098, 37.750294942591594], [-121.93389784963792, 37.74861383128587], [-121.93264173379696, 37.74710134664298], [-121.93030341066373, 37.74726994998979]]]}}, {"type": "Feature", "properties": {"id": 83, "h3": "892830d2927ffff", "area_m2": 109938.0, "lat": 37.750126, "lon": -121.935154}, "geometry": {"type": "Polygon", "coordinates": [[[-121.93389784963792, 37.74861383128587], [-121.93281564182098, 37.750294942591594], [-121.93407179734139, 37.75180737424864], [-121.93641016119707, 37.751638671283956], [-121.93749230064992, 37.74995755912224], [-121.93623614461379, 37.74844515078092], [-121.93389784963792, 37.74861383128587]]]}}, {"type": "Feature", "properties": {"id": 84, "h3": "892830d292bffff", "area_m2": 109944.6, "lat": 37.750632, "lon": -121.928139}, "geometry": {"type": "Polygon", "coordinates": [[[-121.92688271433484, 37.74911960907179], [-121.9258003406052, 37.75080068811683], [-121.92705645538048, 37.752313219390864], [-121.92939494442642, 37.752144648304736], [-121.93047724980539, 37.750463568393144], [-121.92922113449174, 37.748951060433946], [-121.92688271433484, 37.74911960907179]]]}}, {"type": "Feature", "properties": {"id": 85, "h3": "892830d292fffff", "area_m2": 109939.2, "lat": 37.751976, "lon": -121.931733}, "geometry": {"type": "Polygon", "coordinates": [[[-121.93047724980539, 37.750463568393144], [-121.92939494442642, 37.752144648304736], [-121.93065109941999, 37.75365710327603], [-121.93298956032201, 37.75348845502121], [-121.93407179734139, 37.75180737424864], [-121.93281564182098, 37.750294942591594], [-121.93047724980539, 37.750463568393144]]]}}, {"type": "Feature", "properties": {"id": 86, "h3": "892830d2933ffff", "area_m2": 109947.8, "lat": 37.745589, "lon": -121.931386}, "geometry": {"type": "Polygon", "coordinates": [[[-121.93012958199411, 37.7440762480826], [-121.92904733502756, 37.74575738905028], [-121.93030341066373, 37.74726994998979], [-121.93264173379696, 37.74710134664298], [-121.93372391241296, 37.7454202048132], [-121.93246783624895, 37.74390766719204], [-121.93012958199411, 37.7440762480826]]]}}, {"type": "Feature", "properties": {"id": 87, "h3": "892830d2937ffff", "area_m2": 109942.3, "lat": 37.746933, "lon": -121.93498}, "geometry": {"type": "Polygon", "coordinates": [[[-121.93372391241296, 37.7454202048132], [-121.93264173379696, 37.74710134664298], [-121.93389784963792, 37.74861383128587], [-121.93623614461379, 37.74844515078092], [-121.93731825487029, 37.74676400809458], [-121.93606213851305, 37.74525154676947], [-121.93372391241296, 37.7454202048132]]]}}, {"type": "Feature", "properties": {"id": 88, "h3": "892830d293bffff", "area_m2": 109948.9, "lat": 37.747439, "lon": -121.927965}, "geometry": {"type": "Polygon", "coordinates": [[[-121.92670898375562, 37.745925915238345], [-121.92562663923754, 37.74760702481541], [-121.92688271433484, 37.74911960907179], [-121.92922113449174, 37.748951060433946], [-121.93030341066373, 37.74726994998979], [-121.92904733502756, 37.74575738905028], [-121.92670898375562, 37.745925915238345]]]}}, {"type": "Feature", "properties": {"id": 89, "h3": "892830d2943ffff", "area_m2": 109966.3, "lat": 37.745255, "lon": -121.913761}, "geometry": {"type": "Polygon", "coordinates": [[[-121.91250469367142, 37.74374223721503], [-121.91142204662914, 37.74542331273835], [-121.91267800043495, 37.74693614917367], [-121.91501660187036, 37.74676788676826], [-121.91609918059797, 37.745086810356185], [-121.9148432262075, 37.74357399723799], [-121.91250469367142, 37.74374223721503]]]}}, {"type": "Feature", "properties": {"id": 90, "h3": "892830d2947ffff", "area_m2": 109960.9, "lat": 37.7466, "lon": -121.917355}, "geometry": {"type": "Polygon", "coordinates": [[[-121.91609918059797, 37.745086810356185], [-121.91501660187036, 37.74676788676826], [-121.916272595933, 37.7482806469207], [-121.91861116929897, 37.74811230734423], [-121.91969367970286, 37.74643123004894], [-121.91843768506718, 37.744918493213056], [-121.91609918059797, 37.745086810356185]]]}}, {"type": "Feature", "properties": {"id": 91, "h3": "892830d294bffff", "area_m2": 109967.5, "lat": 37.747104, "lon": -121.910339}, "geometry": {"type": "Polygon", "coordinates": [[[-121.90908341714288, 37.74559149797212], [-121.90800067255915, 37.74727254206283], [-121.90925662576923, 37.74878540181381], [-121.91159532416147, 37.74861719415814], [-121.91267800043495, 37.74693614917367], [-121.91142204662914, 37.74542331273835], [-121.90908341714288, 37.74559149797212]]]}}, {"type": "Feature", "properties": {"id": 92, "h3": "892830d294fffff", "area_m2": 109962.0, "lat": 37.748449, "lon": -121.913934}, "geometry": {"type": "Polygon", "coordinates": [[[-121.91267800043495, 37.74693614917367], [-121.91159532416147, 37.74861719415814], [-121.91285131763993, 37.75012997762566], [-121.9151899879787, 37.74996169279336], [-121.916272595933, 37.7482806469207], [-121.91501660187036, 37.74676788676826], [-121.91267800043495, 37.74693614917367]]]}}, {"type": "Feature", "properties": {"id": 93, "h3": "892830d2953ffff", "area_m2": 109970.6, "lat": 37.742061, "lon": -121.913587}, "geometry": {"type": "Polygon", "coordinates": [[[-121.91233139734841, 37.7405482417664], [-121.91124877953581, 37.7422293478195], [-121.91250469367142, 37.74374223721503], [-121.9148432262075, 37.74357399723799], [-121.91592577570995, 37.74189289029557], [-121.91466986098914, 37.74038002421923], [-121.91233139734841, 37.7405482417664]]]}}, {"type": "Feature", "properties": {"id": 94, "h3": "892830d2957ffff", "area_m2": 109965.2, "lat": 37.743406, "lon": -121.917182}, "geometry": {"type": "Polygon", "coordinates": [[[-121.91592577570995, 37.74189289029557], [-121.9148432262075, 37.74357399723799], [-121.91609918059797, 37.745086810356185], [-121.91843768506718, 37.744918493213056], [-121.9195201662505, 37.74323738538686], [-121.91826421128641, 37.74172459558728], [-121.91592577570995, 37.74189289029557]]]}}, {"type": "Feature", "properties": {"id": 95, "h3": "892830d2963ffff", "area_m2": 109951.2, "lat": 37.751138, "lon": -121.921123}, "geometry": {"type": "Polygon", "coordinates": [[[-121.91986720360873, 37.74962499120883], [-121.91878466398268, 37.75130603796413], [-121.92004073796905, 37.75281866884986], [-121.92237935214516, 37.75265022966607], [-121.923461823434, 37.750969182033664], [-121.92220574888665, 37.74945657446186], [-121.91986720360873, 37.74962499120883]]]}}, {"type": "Feature", "properties": {"id": 96, "h3": "892830d2967ffff", "area_m2": 109945.7, "lat": 37.752482, "lon": -121.924718}, "geometry": {"type": "Polygon", "coordinates": [[[-121.923461823434, 37.750969182033664], [-121.92237935214516, 37.75265022966607], [-121.92363546637101, 37.75416278425346], [-121.92597405243781, 37.753994267894804], [-121.92705645538048, 37.752313219390864], [-121.9258003406052, 37.75080068811683], [-121.923461823434, 37.750969182033664]]]}}, {"type": "Feature", "properties": {"id": 97, "h3": "892830d296bffff", "area_m2": 109952.3, "lat": 37.752987, "lon": -121.917702}, "geometry": {"type": "Polygon", "coordinates": [[[-121.91644602171593, 37.751474399972466], [-121.91536338453345, 37.75315541529664], [-121.91661945794777, 37.754668069494834], [-121.9189581691193, 37.75449968505612], [-121.92004073796905, 37.75281866884986], [-121.91878466398268, 37.75130603796413], [-121.91644602171593, 37.751474399972466]]]}}, {"type": "Feature", "properties": {"id": 98, "h3": "892830d296fffff", "area_m2": 109946.9, "lat": 37.754331, "lon": -121.921297}, "geometry": {"type": "Polygon", "coordinates": [[[-121.92004073796905, 37.75281866884986], [-121.9189581691193, 37.75449968505612], [-121.92021428278473, 37.7560122629554], [-121.92255296586302, 37.75584380133625], [-121.92363546637101, 37.75416278425346], [-121.92237935214516, 37.75265022966607], [-121.92004073796905, 37.75281866884986]]]}}, {"type": "Feature", "properties": {"id": 99, "h3": "892830d2973ffff", "area_m2": 109955.5, "lat": 37.747944, "lon": -121.92095}, "geometry": {"type": "Polygon", "coordinates": [[[-121.91969367970286, 37.74643123004894], [-121.91861116929897, 37.74811230734423], [-121.91986720360873, 37.74962499120883], [-121.92220574888665, 37.74945657446186], [-121.9232881909579, 37.747775496288945], [-121.9220321560866, 37.74626283574032], [-121.91969367970286, 37.74643123004894]]]}}, {"type": "Feature", "properties": {"id": 100, "h3": "892830d2977ffff", "area_m2": 109950.0, "lat": 37.749288, "lon": -121.924544}, "geometry": {"type": "Polygon", "coordinates": [[[-121.9232881909579, 37.747775496288945], [-121.92220574888665, 37.74945657446186], [-121.923461823434, 37.750969182033664], [-121.9258003406052, 37.75080068811683], [-121.92688271433484, 37.74911960907179], [-121.92562663923754, 37.74760702481541], [-121.9232881909579, 37.747775496288945]]]}}, {"type": "Feature", "properties": {"id": 101, "h3": "892830d297bffff", "area_m2": 109956.6, "lat": 37.749793, "lon": -121.917529}, "geometry": {"type": "Polygon", "coordinates": [[[-121.916272595933, 37.7482806469207], [-121.9151899879787, 37.74996169279336], [-121.91644602171593, 37.751474399972466], [-121.91878466398268, 37.75130603796413], [-121.91986720360873, 37.74962499120883], [-121.91861116929897, 37.74811230734423], [-121.916272595933, 37.7482806469207]]]}}, {"type": "Feature", "properties": {"id": 102, "h3": "892830d2983ffff", "area_m2": 109966.1, "lat": 37.734663, "lon": -121.92727}, "geometry": {"type": "Polygon", "coordinates": [[[-121.92601416608476, 37.733150305093965], [-121.92493193839739, 37.73483153670836], [-121.92618785480747, 37.736344332818334], [-121.92852599944854, 37.73617587398853], [-121.92960815880795, 37.73449464150478], [-121.9283522418569, 37.7329818687199], [-121.92601416608476, 37.733150305093965]]]}}, {"type": "Feature", "properties": {"id": 103, "h3": "892830d2987ffff", "area_m2": 109960.7, "lat": 37.736007, "lon": -121.930864}, "geometry": {"type": "Polygon", "coordinates": [[[-121.92960815880795, 37.73449464150478], [-121.92852599944854, 37.73617587398853], [-121.92978195606715, 37.73768859382344], [-121.93212007257726, 37.737520057849835], [-121.93320216359979, 37.73583882450229], [-121.93194620645173, 37.734326127991864], [-121.92960815880795, 37.73449464150478]]]}}, {"type": "Feature", "properties": {"id": 104, "h3": "892830d298bffff", "area_m2": 109967.2, "lat": 37.736513, "lon": -121.92385}, "geometry": {"type": "Polygon", "coordinates": [[[-121.92259376564398, 37.734999918393754], [-121.92151144042774, 37.7366811186381], [-121.92276735628576, 37.73819393807168], [-121.92510559791475, 37.738025533937], [-121.92618785480747, 37.736344332818334], [-121.92493193839739, 37.73483153670836], [-121.92259376564398, 37.734999918393754]]]}}, {"type": "Feature", "properties": {"id": 105, "h3": "892830d298fffff", "area_m2": 109961.8, "lat": 37.737857, "lon": -121.927444}, "geometry": {"type": "Polygon", "coordinates": [[[-121.92618785480747, 37.736344332818334], [-121.92510559791475, 37.738025533937], [-121.92636155399286, 37.73953827709496], [-121.9286997675069, 37.7393697958109], [-121.92978195606715, 37.73768859382344], [-121.92852599944854, 37.73617587398853], [-121.92618785480747, 37.736344332818334]]]}}, {"type": "Feature", "properties": {"id": 106, "h3": "892830d2993ffff", "area_m2": 109970.4, "lat": 37.731469, "lon": -121.927096}, "geometry": {"type": "Polygon", "coordinates": [[[-121.92584048782379, 37.72995619393854], [-121.9247582893403, 37.73163745603959], [-121.92601416608476, 37.733150305093965], [-121.9283522418569, 37.7329818687199], [-121.92943437201698, 37.731300605748956], [-121.92817849473103, 37.7297877800217], [-121.92584048782379, 37.72995619393854]]]}}, {"type": "Feature", "properties": {"id": 107, "h3": "892830d2997ffff", "area_m2": 109964.9, "lat": 37.732813, "lon": -121.93069}, "geometry": {"type": "Polygon", "coordinates": [[[-121.92943437201698, 37.731300605748956], [-121.9283522418569, 37.7329818687199], [-121.92960815880795, 37.73449464150478], [-121.93194620645173, 37.734326127991864], [-121.93302826827947, 37.73264486415656], [-121.93177235079843, 37.731132114698234], [-121.92943437201698, 37.731300605748956]]]}}, {"type": "Feature", "properties": {"id": 108, "h3": "892830d299bffff", "area_m2": 109971.5, "lat": 37.733319, "lon": -121.923676}, "geometry": {"type": "Polygon", "coordinates": [[[-121.92242018545838, 37.73180581527425], [-121.92133788945209, 37.73348704601374], [-121.92259376564398, 37.734999918393754], [-121.92493193839739, 37.73483153670836], [-121.92601416608476, 37.733150305093965], [-121.9247582893403, 37.73163745603959], [-121.92242018545838, 37.73180581527425]]]}}, {"type": "Feature", "properties": {"id": 109, "h3": "892830d29a3ffff", "area_m2": 109950.9, "lat": 37.740545, "lon": -121.934632}, "geometry": {"type": "Polygon", "coordinates": [[[-121.93337606939485, 37.73903270140473], [-121.93229394917604, 37.74071390425543], [-121.93354998566559, 37.742226494847266], [-121.93588814289393, 37.74205785926624], [-121.93697019476225, 37.74037665555786], [-121.93571415775541, 37.73886408828791], [-121.93337606939485, 37.73903270140473]]]}}, {"type": "Feature", "properties": {"id": 110, "h3": "892830d29a7ffff", "area_m2": 109945.5, "lat": 37.741889, "lon": -121.938226}, "geometry": {"type": "Polygon", "coordinates": [[[-121.93697019476225, 37.74037665555786], [-121.93588814289393, 37.74205785926624], [-121.9371442195747, 37.74357037356756], [-121.93948234863228, 37.743401660838934], [-121.94056433214122, 37.74172045627846], [-121.93930825495467, 37.74020796529842], [-121.93697019476225, 37.74037665555786]]]}}, {"type": "Feature", "properties": {"id": 111, "h3": "892830d29abffff", "area_m2": 109952.1, "lat": 37.742395, "lon": -121.931212}, "geometry": {"type": "Polygon", "coordinates": [[[-121.92995576379558, 37.74088246268826], [-121.92887354603295, 37.74256363417038], [-121.93012958199411, 37.7440762480826], [-121.93246783624895, 37.74390766719204], [-121.93354998566559, 37.742226494847266], [-121.93229394917604, 37.74071390425543], [-121.92995576379558, 37.74088246268826]]]}}, {"type": "Feature", "properties": {"id": 112, "h3": "892830d29afffff", "area_m2": 109946.6, "lat": 37.743739, "lon": -121.934806}, "geometry": {"type": "Polygon", "coordinates": [[[-121.93354998566559, 37.742226494847266], [-121.93246783624895, 37.74390766719204], [-121.93372391241296, 37.7454202048132], [-121.93606213851305, 37.74525154676947], [-121.9371442195747, 37.74357037356756], [-121.93588814289393, 37.74205785926624], [-121.93354998566559, 37.742226494847266]]]}}, {"type": "Feature", "properties": {"id": 113, "h3": "892830d29b3ffff", "area_m2": 109955.2, "lat": 37.737351, "lon": -121.934458}, "geometry": {"type": "Polygon", "coordinates": [[[-121.93320216359979, 37.73583882450229], [-121.93212007257726, 37.737520057849835], [-121.93337606939485, 37.73903270140473], [-121.93571415775541, 37.73886408828791], [-121.93679618043198, 37.737182854082135], [-121.93554018309656, 37.735670233851145], [-121.93320216359979, 37.73583882450229]]]}}, {"type": "Feature", "properties": {"id": 114, "h3": "892830d29b7ffff", "area_m2": 109949.8, "lat": 37.738695, "lon": -121.938052}, "geometry": {"type": "Polygon", "coordinates": [[[-121.93679618043198, 37.737182854082135], [-121.93571415775541, 37.73886408828791], [-121.93697019476225, 37.74037665555786], [-121.93930825495467, 37.74020796529842], [-121.94039020927639, 37.738526730239954], [-121.93913417176321, 37.73701418629336], [-121.93679618043198, 37.737182854082135]]]}}, {"type": "Feature", "properties": {"id": 115, "h3": "892830d29bbffff", "area_m2": 109956.4, "lat": 37.739201, "lon": -121.931038}, "geometry": {"type": "Polygon", "coordinates": [[[-121.92978195606715, 37.73768859382344], [-121.9286997675069, 37.7393697958109], [-121.92995576379558, 37.74088246268826], [-121.93229394917604, 37.74071390425543], [-121.93337606939485, 37.73903270140473], [-121.93212007257726, 37.737520057849835], [-121.92978195606715, 37.73768859382344]]]}}, {"type": "Feature", "properties": {"id": 116, "h3": "892830d29c3ffff", "area_m2": 109973.8, "lat": 37.737018, "lon": -121.916835}, "geometry": {"type": "Polygon", "coordinates": [[[-121.91557899727118, 37.735504799752725], [-121.91449650621438, 37.737185967728614], [-121.91575238126799, 37.73869888675553], [-121.91809074795573, 37.738530614483565], [-121.91917317070246, 37.7368494456228], [-121.91791729507419, 37.735336549918586], [-121.91557899727118, 37.735504799752725]]]}}, {"type": "Feature", "properties": {"id": 117, "h3": "892830d29c7ffff", "area_m2": 109968.4, "lat": 37.738362, "lon": -121.920429}, "geometry": {"type": "Polygon", "coordinates": [[[-121.91917317070246, 37.7368494456228], [-121.91809074795573, 37.738530614483565], [-121.91934666325066, 37.740043457239274], [-121.9216850018581, 37.73987510781177], [-121.92276735628576, 37.73819393807168], [-121.92151144042774, 37.7366811186381], [-121.91917317070246, 37.7368494456228]]]}}, {"type": "Feature", "properties": {"id": 118, "h3": "892830d29cbffff", "area_m2": 109974.9, "lat": 37.738867, "lon": -121.913414}, "geometry": {"type": "Polygon", "coordinates": [[[-121.91215811146493, 37.737354162844454], [-121.9110755228805, 37.739035299418255], [-121.91233139734841, 37.7405482417664], [-121.91466986098914, 37.74038002421923], [-121.91575238126799, 37.73869888675553], [-121.91449650621438, 37.737185967728614], [-121.91215811146493, 37.737354162844454]]]}}, {"type": "Feature", "properties": {"id": 119, "h3": "892830d29cfffff", "area_m2": 109969.5, "lat": 37.740212, "lon": -121.917008}, "geometry": {"type": "Polygon", "coordinates": [[[-121.91575238126799, 37.73869888675553], [-121.91466986098914, 37.74038002421923], [-121.91592577570995, 37.74189289029557], [-121.91826421128641, 37.74172459558728], [-121.91934666325066, 37.740043457239274], [-121.91809074795573, 37.738530614483565], [-121.91575238126799, 37.73869888675553]]]}}, {"type": "Feature", "properties": {"id": 120, "h3": "892830d29d3ffff", "area_m2": 109978.1, "lat": 37.733824, "lon": -121.916661}, "geometry": {"type": "Polygon", "coordinates": [[[-121.9154056237185, 37.73231062930384], [-121.91432316188227, 37.73399182778282], [-121.91557899727118, 37.735504799752725], [-121.91791729507419, 37.735336549918586], [-121.91899968860491, 37.733655350554145], [-121.91774385264081, 37.732142401909], [-121.9154056237185, 37.73231062930384]]]}}, {"type": "Feature", "properties": {"id": 121, "h3": "892830d29d7ffff", "area_m2": 109972.7, "lat": 37.735168, "lon": -121.920256}, "geometry": {"type": "Polygon", "coordinates": [[[-121.91899968860491, 37.733655350554145], [-121.91791729507419, 37.735336549918586], [-121.91917317070246, 37.7368494456228], [-121.92151144042774, 37.7366811186381], [-121.92259376564398, 37.734999918393754], [-121.92133788945209, 37.73348704601374], [-121.91899968860491, 37.733655350554145]]]}}, {"type": "Feature", "properties": {"id": 122, "h3": "892830d29dbffff", "area_m2": 109979.2, "lat": 37.735673, "lon": -121.913241}, "geometry": {"type": "Polygon", "coordinates": [[[-121.9119848360201, 37.73416000046582], [-121.91090227666226, 37.735841167551264], [-121.91215811146493, 37.737354162844454], [-121.91449650621438, 37.737185967728614], [-121.91557899727118, 37.735504799752725], [-121.91432316188227, 37.73399182778282], [-121.9119848360201, 37.73416000046582]]]}}, {"type": "Feature", "properties": {"id": 123, "h3": "892830d2a23ffff", "area_m2": 109989.4, "lat": 37.752314, "lon": -121.882445}, "geometry": {"type": "Polygon", "coordinates": [[[-121.88118899733357, 37.75080046257488], [-121.88010556020869, 37.75248134651044], [-121.88136138923785, 37.7539945516466], [-121.88370065608026, 37.75382684953693], [-121.88478402494427, 37.75214596466601], [-121.88352819522935, 37.75063278283983], [-121.88118899733357, 37.75080046257488]]]}}, {"type": "Feature", "properties": {"id": 124, "h3": "892830d2a27ffff", "area_m2": 109984.0, "lat": 37.753659, "lon": -121.88604}, "geometry": {"type": "Polygon", "coordinates": [[[-121.88478402494427, 37.75214596466601], [-121.88370065608026, 37.75382684953693], [-121.88495652546453, 37.75533997840173], [-121.88729576438965, 37.755172199085905], [-121.8883790649837, 37.75349131328516], [-121.88712319492525, 37.751978207729785], [-121.88478402494427, 37.75214596466601]]]}}, {"type": "Feature", "properties": {"id": 125, "h3": "892830d2a2fffff", "area_m2": 109985.1, "lat": 37.755508, "lon": -121.882617}, "geometry": {"type": "Polygon", "coordinates": [[[-121.88136138923785, 37.7539945516466], [-121.88027792283171, 37.75567540499387], [-121.88153379153073, 37.7571885571666], [-121.88387312732381, 37.75702083268382], [-121.88495652546453, 37.75533997840173], [-121.88370065608026, 37.75382684953693], [-121.88136138923785, 37.7539945516466]]]}}, {"type": "Feature", "properties": {"id": 126, "h3": "892830d2a33ffff", "area_m2": 109993.7, "lat": 37.74912, "lon": -121.882272}, "geometry": {"type": "Polygon", "coordinates": [[[-121.88101661581699, 37.7476062899681], [-121.87993320797183, 37.74928720448286], [-121.88118899733357, 37.75080046257488], [-121.88352819522935, 37.75063278283983], [-121.88461153481812, 37.74895186738914], [-121.88335574477014, 37.74743863260913], [-121.88101661581699, 37.7476062899681]]]}}, {"type": "Feature", "properties": {"id": 127, "h3": "892830d2a37ffff", "area_m2": 109988.3, "lat": 37.750465, "lon": -121.885867}, "geometry": {"type": "Polygon", "coordinates": [[[-121.88461153481812, 37.74895186738914], [-121.88352819522935, 37.75063278283983], [-121.88478402494427, 37.75214596466601], [-121.88712319492525, 37.751978207729785], [-121.88820646624869, 37.75029729134872], [-121.88695063585911, 37.74878413283397], [-121.88461153481812, 37.74895186738914]]]}}, {"type": "Feature", "properties": {"id": 128, "h3": "892830d2aa3ffff", "area_m2": 109996.9, "lat": 37.744077, "lon": -121.885522}, "geometry": {"type": "Polygon", "coordinates": [[[-121.88426658574468, 37.74256342227853], [-121.88318330470172, 37.744244398861525], [-121.88443905508527, 37.74575768658775], [-121.88677808719021, 37.74558997441514], [-121.8878612999769, 37.743908996900664], [-121.88660554891761, 37.74239573248998], [-121.88426658574468, 37.74256342227853]]]}}, {"type": "Feature", "properties": {"id": 129, "h3": "892830d2aa7ffff", "area_m2": 109991.5, "lat": 37.745422, "lon": -121.889117}, "geometry": {"type": "Polygon", "coordinates": [[[-121.8878612999769, 37.743908996900664], [-121.88677808719021, 37.74558997441514], [-121.88803387791337, 37.74710318588165], [-121.89037288209009, 37.746935396518396], [-121.89145602661148, 37.74525441807796], [-121.89020023522416, 37.74374122992644], [-121.8878612999769, 37.743908996900664]]]}}, {"type": "Feature", "properties": {"id": 130, "h3": "892830d2aabffff", "area_m2": 109998.0, "lat": 37.745925, "lon": -121.8821}, "geometry": {"type": "Polygon", "coordinates": [[[-121.88084424468713, 37.74441203384292], [-121.8797608661202, 37.74609297892782], [-121.88101661581699, 37.7476062899681], [-121.88335574477014, 37.74743863260913], [-121.88443905508527, 37.74575768658775], [-121.88318330470172, 37.744244398861525], [-121.88084424468713, 37.74441203384292]]]}}, {"type": "Feature", "properties": {"id": 131, "h3": "892830d2aafffff", "area_m2": 109992.6, "lat": 37.747271, "lon": -121.885695}, "geometry": {"type": "Polygon", "coordinates": [[[-121.88443905508527, 37.74575768658775], [-121.88335574477014, 37.74743863260913], [-121.88461153481812, 37.74895186738914], [-121.88695063585911, 37.74878413283397], [-121.88803387791337, 37.74710318588165], [-121.88677808719021, 37.74558997441514], [-121.88443905508527, 37.74575768658775]]]}}, {"type": "Feature", "properties": {"id": 132, "h3": "892830d2ab3ffff", "area_m2": 110001.2, "lat": 37.740882, "lon": -121.88535}, "geometry": {"type": "Polygon", "coordinates": [[[-121.88409412679549, 37.73936907447817], [-121.88301087502307, 37.741050081613686], [-121.88426658574468, 37.74256342227853], [-121.88660554891761, 37.74239573248998], [-121.88768873243828, 37.74071472442239], [-121.88643302104043, 37.73920140707512], [-121.88409412679549, 37.73936907447817]]]}}, {"type": "Feature", "properties": {"id": 133, "h3": "892830d2ab7ffff", "area_m2": 109995.8, "lat": 37.742228, "lon": -121.888944}, "geometry": {"type": "Polygon", "coordinates": [[[-121.88768873243828, 37.74071472442239], [-121.88660554891761, 37.74239573248998], [-121.8878612999769, 37.743908996900664], [-121.89020023522416, 37.74374122992644], [-121.89128335048406, 37.74206022093235], [-121.89002759876011, 37.74054697983869], [-121.88768873243828, 37.74071472442239]]]}}, {"type": "Feature", "properties": {"id": 134, "h3": "892830d2abbffff", "area_m2": 110002.3, "lat": 37.742731, "lon": -121.881928}, "geometry": {"type": "Polygon", "coordinates": [[[-121.8806718839431, 37.74121769421602], [-121.87958853465283, 37.74289866986197], [-121.88084424468713, 37.74441203384292], [-121.88318330470172, 37.744244398861525], [-121.88426658574468, 37.74256342227853], [-121.88301087502307, 37.741050081613686], [-121.8806718839431, 37.74121769421602]]]}}, {"type": "Feature", "properties": {"id": 135, "h3": "892830d2b03ffff", "area_m2": 109966.6, "lat": 37.755846, "lon": -121.900247}, "geometry": {"type": "Polygon", "coordinates": [[[-121.8989913348342, 37.7543326424146], [-121.89790826836092, 37.75601356155349], [-121.89916425939228, 37.75752643826661], [-121.90150331752797, 37.75735837253137], [-121.90258631569986, 37.75567745248429], [-121.90133032404012, 37.75416459908036], [-121.8989913348342, 37.7543326424146]]]}}, {"type": "Feature", "properties": {"id": 136, "h3": "892830d2b07ffff", "area_m2": 109961.1, "lat": 37.75719, "lon": -121.903842}, "geometry": {"type": "Polygon", "coordinates": [[[-121.90258631569986, 37.75567745248429], [-121.90150331752797, 37.75735837253137], [-121.90275934886442, 37.75887117295378], [-121.90509837899221, 37.75870303002023], [-121.90618130885373, 37.75702210907053], [-121.9049252769005, 37.75550933195674], [-121.90258631569986, 37.75567745248429]]]}}, {"type": "Feature", "properties": {"id": 137, "h3": "892830d2b0bffff", "area_m2": 109967.7, "lat": 37.757694, "lon": -121.896825}, "geometry": {"type": "Polygon", "coordinates": [[[-121.89556918223597, 37.756181550089856], [-121.89448601820871, 37.75786243773359], [-121.89574200860066, 37.75937533775441], [-121.89808116366196, 37.75920732682351], [-121.89916425939228, 37.75752643826661], [-121.89790826836092, 37.75601356155349], [-121.89556918223597, 37.756181550089856]]]}}, {"type": "Feature", "properties": {"id": 138, "h3": "892830d2b0fffff", "area_m2": 109962.3, "lat": 37.759039, "lon": -121.90042}, "geometry": {"type": "Polygon", "coordinates": [[[-121.89916425939228, 37.75752643826661], [-121.89808116366196, 37.75920732682351], [-121.89933719437055, 37.76072015055306], [-121.90167632144002, 37.76055206241829], [-121.90275934886442, 37.75887117295378], [-121.90150331752797, 37.75735837253137], [-121.89916425939228, 37.75752643826661]]]}}, {"type": "Feature", "properties": {"id": 139, "h3": "892830d2b13ffff", "area_m2": 109970.9, "lat": 37.752652, "lon": -121.900074}, "geometry": {"type": "Polygon", "coordinates": [[[-121.89881842069533, 37.751138763013685], [-121.8977353834776, 37.7528197127255], [-121.8989913348342, 37.7543326424146], [-121.90133032404012, 37.75416459908036], [-121.90241329296104, 37.75248364845981], [-121.90115734097553, 37.75097074208195], [-121.89881842069533, 37.751138763013685]]]}}, {"type": "Feature", "properties": {"id": 140, "h3": "892830d2b17ffff", "area_m2": 109965.4, "lat": 37.753997, "lon": -121.903669}, "geometry": {"type": "Polygon", "coordinates": [[[-121.90241329296104, 37.75248364845981], [-121.90133032404012, 37.75416459908036], [-121.90258631569986, 37.75567745248429], [-121.9049252769005, 37.75550933195674], [-121.90600817751555, 37.753828380433006], [-121.90475218523852, 37.75231555033973], [-121.90241329296104, 37.75248364845981]]]}}, {"type": "Feature", "properties": {"id": 141, "h3": "892830d2b1bffff", "area_m2": 109972.0, "lat": 37.754501, "lon": -121.896652}, "geometry": {"type": "Polygon", "coordinates": [[[-121.89539636628496, 37.75298767886584], [-121.8943132315193, 37.754668597091005], [-121.89556918223597, 37.756181550089856], [-121.89790826836092, 37.75601356155349], [-121.8989913348342, 37.7543326424146], [-121.8977353834776, 37.7528197127255], [-121.89539636628496, 37.75298767886584]]]}}, {"type": "Feature", "properties": {"id": 142, "h3": "892830d2b23ffff", "area_m2": 109951.4, "lat": 37.761728, "lon": -121.907611}, "geometry": {"type": "Polygon", "coordinates": [[[-121.90635445062411, 37.760215754146984], [-121.9052714915146, 37.76189664451355], [-121.90652760282764, 37.76340931564567], [-121.9088666738575, 37.763241073104915], [-121.90994956464309, 37.7615601818418], [-121.90869345272537, 37.7600475340157], [-121.90635445062411, 37.760215754146984]]]}}, {"type": "Feature", "properties": {"id": 143, "h3": "892830d2b27ffff", "area_m2": 109946.0, "lat": 37.763073, "lon": -121.911206}, "geometry": {"type": "Polygon", "coordinates": [[[-121.90994956464309, 37.7615601818418], [-121.9088666738575, 37.763241073104915], [-121.91012282545833, 37.764753667930854], [-121.91246186844049, 37.764585348187985], [-121.91354469089313, 37.762904456033915], [-121.91228853869922, 37.7613918845134], [-121.90994956464309, 37.7615601818418]]]}}, {"type": "Feature", "properties": {"id": 144, "h3": "892830d2b2bffff", "area_m2": 109952.5, "lat": 37.763578, "lon": -121.904188}, "geometry": {"type": "Polygon", "coordinates": [[[-121.90293239245563, 37.762064809851616], [-121.90184933577714, 37.7637456687245], [-121.90310544647444, 37.76525836316115], [-121.9054446144686, 37.765090175420085], [-121.90652760282764, 37.76340931564567], [-121.9052714915146, 37.76189664451355], [-121.90293239245563, 37.762064809851616]]]}}, {"type": "Feature", "properties": {"id": 145, "h3": "892830d2b2fffff", "area_m2": 109947.1, "lat": 37.764922, "lon": -121.907784}, "geometry": {"type": "Polygon", "coordinates": [[[-121.90652760282764, 37.76340931564567], [-121.9054446144686, 37.765090175420085], [-121.90670076546527, 37.766602793549964], [-121.90903990542778, 37.76643452860122], [-121.91012282545833, 37.764753667930854], [-121.9088666738575, 37.763241073104915], [-121.90652760282764, 37.76340931564567]]]}}, {"type": "Feature", "properties": {"id": 146, "h3": "892830d2b33ffff", "area_m2": 109955.7, "lat": 37.758535, "lon": -121.907437}, "geometry": {"type": "Polygon", "coordinates": [[[-121.90618130885373, 37.75702210907053], [-121.90509837899221, 37.75870303002023], [-121.90635445062411, 37.760215754146984], [-121.90869345272537, 37.7600475340157], [-121.90977631426749, 37.758366612168935], [-121.90852024203039, 37.756853911350234], [-121.90618130885373, 37.75702210907053]]]}}, {"type": "Feature", "properties": {"id": 147, "h3": "892830d2b37ffff", "area_m2": 109950.3, "lat": 37.759879, "lon": -121.911032}, "geometry": {"type": "Polygon", "coordinates": [[[-121.90977631426749, 37.758366612168935], [-121.90869345272537, 37.7600475340157], [-121.90994956464309, 37.7615601818418], [-121.91228853869922, 37.7613918845134], [-121.91337133191296, 37.759710961775106], [-121.91211521940163, 37.75819833725648], [-121.90977631426749, 37.758366612168935]]]}}, {"type": "Feature", "properties": {"id": 148, "h3": "892830d2b3bffff", "area_m2": 109956.8, "lat": 37.760384, "lon": -121.904015}, "geometry": {"type": "Polygon", "coordinates": [[[-121.90275934886442, 37.75887117295378], [-121.90167632144002, 37.76055206241829], [-121.90293239245563, 37.762064809851616], [-121.9052714915146, 37.76189664451355], [-121.90635445062411, 37.760215754146984], [-121.90509837899221, 37.75870303002023], [-121.90275934886442, 37.75887117295378]]]}}, {"type": "Feature", "properties": {"id": 149, "h3": "892830d2b43ffff", "area_m2": 109974.3, "lat": 37.758198, "lon": -121.889808}, "geometry": {"type": "Polygon", "coordinates": [[[-121.8885516741194, 37.756685251674355], [-121.88746834425312, 37.7583661068857], [-121.88872429365671, 37.75987910649962], [-121.89106357359134, 37.75971122759511], [-121.89214683517419, 37.758030371460045], [-121.89089088510853, 37.756517395152926], [-121.8885516741194, 37.756685251674355]]]}}, {"type": "Feature", "properties": {"id": 150, "h3": "892830d2b47ffff", "area_m2": 109968.8, "lat": 37.759543, "lon": -121.893403}, "geometry": {"type": "Polygon", "coordinates": [[[-121.89214683517419, 37.758030371460045], [-121.89106357359134, 37.75971122759511], [-121.8923195633328, 37.76122415092216], [-121.89465881531028, 37.76105619480764], [-121.89574200860066, 37.75937533775441], [-121.89448601820871, 37.75786243773359], [-121.89214683517419, 37.758030371460045]]]}}, {"type": "Feature", "properties": {"id": 151, "h3": "892830d2b4bffff", "area_m2": 109975.4, "lat": 37.760047, "lon": -121.886385}, "geometry": {"type": "Polygon", "coordinates": [[[-121.88512903637995, 37.758533908579636], [-121.88404560896092, 37.76021473226381], [-121.8853015576914, 37.76172775518305], [-121.8876409345167, 37.761559931112494], [-121.88872429365671, 37.75987910649962], [-121.88746834425312, 37.7583661068857], [-121.88512903637995, 37.758533908579636]]]}}, {"type": "Feature", "properties": {"id": 152, "h3": "892830d2b4fffff", "area_m2": 109969.9, "lat": 37.761392, "lon": -121.88998}, "geometry": {"type": "Polygon", "coordinates": [[[-121.88872429365671, 37.75987910649962], [-121.8876409345167, 37.761559931112494], [-121.88889692359658, 37.76307287774431], [-121.89123627248077, 37.762904976458195], [-121.8923195633328, 37.76122415092216], [-121.89106357359134, 37.75971122759511], [-121.88872429365671, 37.75987910649962]]]}}, {"type": "Feature", "properties": {"id": 153, "h3": "892830d2b53ffff", "area_m2": 109978.6, "lat": 37.755004, "lon": -121.889635}, "geometry": {"type": "Polygon", "coordinates": [[[-121.8883790649837, 37.75349131328516], [-121.88729576438965, 37.755172199085905], [-121.8885516741194, 37.756685251674355], [-121.89089088510853, 37.756517395152926], [-121.8919741174237, 37.75483650842791], [-121.89071820703133, 37.75332347914831], [-121.8883790649837, 37.75349131328516]]]}}, {"type": "Feature", "properties": {"id": 154, "h3": "892830d2b57ffff", "area_m2": 109973.1, "lat": 37.756349, "lon": -121.89323}, "geometry": {"type": "Polygon", "coordinates": [[[-121.8919741174237, 37.75483650842791], [-121.89089088510853, 37.756517395152926], [-121.89214683517419, 37.758030371460045], [-121.89448601820871, 37.75786243773359], [-121.89556918223597, 37.756181550089856], [-121.8943132315193, 37.754668597091005], [-121.8919741174237, 37.75483650842791]]]}}, {"type": "Feature", "properties": {"id": 155, "h3": "892830d2b5bffff", "area_m2": 109979.7, "lat": 37.756853, "lon": -121.886212}, "geometry": {"type": "Polygon", "coordinates": [[[-121.88495652546453, 37.75533997840173], [-121.88387312732381, 37.75702083268382], [-121.88512903637995, 37.758533908579636], [-121.88746834425312, 37.7583661068857], [-121.8885516741194, 37.756685251674355], [-121.88729576438965, 37.755172199085905], [-121.88495652546453, 37.75533997840173]]]}}, {"type": "Feature", "properties": {"id": 156, "h3": "892830d2b63ffff", "area_m2": 109959.1, "lat": 37.764082, "lon": -121.897171}, "geometry": {"type": "Polygon", "coordinates": [[[-121.89591484537996, 37.762569041842845], [-121.89483162282488, 37.764249868296496], [-121.89608769257478, 37.76576266233853], [-121.89842698552083, 37.765594606623026], [-121.8995101397699, 37.76391377925732], [-121.89825406938161, 37.76240100851891], [-121.89591484537996, 37.762569041842845]]]}}, {"type": "Feature", "properties": {"id": 157, "h3": "892830d2b67ffff", "area_m2": 109953.7, "lat": 37.765427, "lon": -121.900766}, "geometry": {"type": "Polygon", "coordinates": [[[-121.8995101397699, 37.76391377925732], [-121.89842698552083, 37.765594606623026], [-121.89968309559134, 37.767107324362705], [-121.90202236054036, 37.76693919143335], [-121.90310544647444, 37.76525836316115], [-121.90184933577714, 37.7637456687245], [-121.8995101397699, 37.76391377925732]]]}}, {"type": "Feature", "properties": {"id": 158, "h3": "892830d2b6bffff", "area_m2": 109960.2, "lat": 37.765931, "lon": -121.893748}, "geometry": {"type": "Polygon", "coordinates": [[[-121.89249230190048, 37.764417846797606], [-121.89140898177766, 37.76609864172555], [-121.8926650508781, 37.76761145906973], [-121.8950044407535, 37.76744345818353], [-121.89608769257478, 37.76576266233853], [-121.89483162282488, 37.764249868296496], [-121.89249230190048, 37.764417846797606]]]}}, {"type": "Feature", "properties": {"id": 159, "h3": "892830d2b6fffff", "area_m2": 109954.8, "lat": 37.767275, "lon": -121.897344}, "geometry": {"type": "Polygon", "coordinates": [[[-121.89608769257478, 37.76576266233853], [-121.8950044407535, 37.76744345818353], [-121.89626055018611, 37.768956199224796], [-121.89859991208057, 37.768788121119194], [-121.89968309559134, 37.767107324362705], [-121.89842698552083, 37.765594606623026], [-121.89608769257478, 37.76576266233853]]]}}, {"type": "Feature", "properties": {"id": 160, "h3": "892830d2b73ffff", "area_m2": 109963.4, "lat": 37.760888, "lon": -121.896998}, "geometry": {"type": "Polygon", "coordinates": [[[-121.89574200860066, 37.75937533775441], [-121.89465881531028, 37.76105619480764], [-121.89591484537996, 37.762569041842845], [-121.89825406938161, 37.76240100851891], [-121.89933719437055, 37.76072015055306], [-121.89808116366196, 37.75920732682351], [-121.89574200860066, 37.75937533775441]]]}}, {"type": "Feature", "properties": {"id": 161, "h3": "892830d2b77ffff", "area_m2": 109958.0, "lat": 37.762233, "lon": -121.900593}, "geometry": {"type": "Polygon", "coordinates": [[[-121.89933719437055, 37.76072015055306], [-121.89825406938161, 37.76240100851891], [-121.8995101397699, 37.76391377925732], [-121.90184933577714, 37.7637456687245], [-121.90293239245563, 37.762064809851616], [-121.90167632144002, 37.76055206241829], [-121.89933719437055, 37.76072015055306]]]}}, {"type": "Feature", "properties": {"id": 162, "h3": "892830d2b7bffff", "area_m2": 109964.5, "lat": 37.762737, "lon": -121.893576}, "geometry": {"type": "Polygon", "coordinates": [[[-121.8923195633328, 37.76122415092216], [-121.89123627248077, 37.762904976458195], [-121.89249230190048, 37.764417846797606], [-121.89483162282488, 37.764249868296496], [-121.89591484537996, 37.762569041842845], [-121.89465881531028, 37.76105619480764], [-121.8923195633328, 37.76122415092216]]]}}, {"type": "Feature", "properties": {"id": 163, "h3": "892830d2b83ffff", "area_m2": 109974.0, "lat": 37.747609, "lon": -121.903323}, "geometry": {"type": "Polygon", "coordinates": [[[-121.90206727875679, 37.74609578981249], [-121.90098436833327, 37.74777680155277], [-121.902240280647, 37.749289760897], [-121.90457910400535, 37.74912168518588], [-121.90566194613211, 37.747440672541295], [-121.90440603320002, 37.745927736511824], [-121.90206727875679, 37.74609578981249]]]}}, {"type": "Feature", "properties": {"id": 164, "h3": "892830d2b87ffff", "area_m2": 109968.6, "lat": 37.748954, "lon": -121.906918}, "geometry": {"type": "Polygon", "coordinates": [[[-121.90566194613211, 37.747440672541295], [-121.90457910400535, 37.74912168518588], [-121.90583505660865, 37.750634568251044], [-121.90817385194822, 37.750466415357145], [-121.90925662576923, 37.74878540181381], [-121.90800067255915, 37.74727254206283], [-121.90566194613211, 37.747440672541295]]]}}, {"type": "Feature", "properties": {"id": 165, "h3": "892830d2b8bffff", "area_m2": 109975.2, "lat": 37.749458, "lon": -121.899901}, "geometry": {"type": "Polygon", "coordinates": [[[-121.89864551697477, 37.74794480008053], [-121.89756250901098, 37.7496257803562], [-121.89881842069533, 37.751138763013685], [-121.90115734097553, 37.75097074208195], [-121.902240280647, 37.749289760897], [-121.90098436833327, 37.74777680155277], [-121.89864551697477, 37.74794480008053]]]}}, {"type": "Feature", "properties": {"id": 166, "h3": "892830d2b8fffff", "area_m2": 109969.7, "lat": 37.750803, "lon": -121.903496}, "geometry": {"type": "Polygon", "coordinates": [[[-121.902240280647, 37.749289760897], [-121.90115734097553, 37.75097074208195], [-121.90241329296104, 37.75248364845981], [-121.90475218523852, 37.75231555033973], [-121.90583505660865, 37.750634568251044], [-121.90457910400535, 37.74912168518588], [-121.902240280647, 37.749289760897]]]}}, {"type": "Feature", "properties": {"id": 167, "h3": "892830d2b9bffff", "area_m2": 109979.5, "lat": 37.746264, "lon": -121.899728}, "geometry": {"type": "Polygon", "coordinates": [[[-121.89847262367152, 37.744750753631806], [-121.89738964496019, 37.746431764462244], [-121.89864551697477, 37.74794480008053], [-121.90098436833327, 37.74777680155277], [-121.90206727875679, 37.74609578981249], [-121.90081140611233, 37.744582777509514], [-121.89847262367152, 37.744750753631806]]]}}, {"type": "Feature", "properties": {"id": 168, "h3": "892830d2ba3ffff", "area_m2": 109958.9, "lat": 37.753492, "lon": -121.910686}, "geometry": {"type": "Polygon", "coordinates": [[[-121.90942984483151, 37.751979222138274], [-121.90834704177165, 37.75366020512516], [-121.90960307433062, 37.75517295892887], [-121.91194191054677, 37.75500470643385], [-121.9130246452873, 37.75332372255435], [-121.91176861213367, 37.75181099206218], [-121.90942984483151, 37.751979222138274]]]}}, {"type": "Feature", "properties": {"id": 169, "h3": "892830d2ba7ffff", "area_m2": 109953.4, "lat": 37.754836, "lon": -121.914281}, "geometry": {"type": "Polygon", "coordinates": [[[-121.9130246452873, 37.75332372255435], [-121.91194191054677, 37.75500470643385], [-121.91319798337801, 37.75651738394304], [-121.91553679153554, 37.756349054261435], [-121.91661945794777, 37.754668069494834], [-121.91536338453345, 37.75315541529664], [-121.9130246452873, 37.75332372255435]]]}}, {"type": "Feature", "properties": {"id": 170, "h3": "892830d2babffff", "area_m2": 109960.0, "lat": 37.755341, "lon": -121.907264}, "geometry": {"type": "Polygon", "coordinates": [[[-121.90600817751555, 37.753828380433006], [-121.9049252769005, 37.75550933195674], [-121.90618130885373, 37.75702210907053], [-121.90852024203039, 37.756853911350234], [-121.90960307433062, 37.75517295892887], [-121.90834704177165, 37.75366020512516], [-121.90600817751555, 37.753828380433006]]]}}, {"type": "Feature", "properties": {"id": 171, "h3": "892830d2bafffff", "area_m2": 109954.6, "lat": 37.756686, "lon": -121.910859}, "geometry": {"type": "Polygon", "coordinates": [[[-121.90960307433062, 37.75517295892887], [-121.90852024203039, 37.756853911350234], [-121.90977631426749, 37.758366612168935], [-121.91211521940163, 37.75819833725648], [-121.91319798337801, 37.75651738394304], [-121.91194191054677, 37.75500470643385], [-121.90960307433062, 37.75517295892887]]]}}, {"type": "Feature", "properties": {"id": 172, "h3": "892830d2bb3ffff", "area_m2": 109963.2, "lat": 37.750298, "lon": -121.910513}, "geometry": {"type": "Polygon", "coordinates": [[[-121.90925662576923, 37.74878540181381], [-121.90817385194822, 37.750466415357145], [-121.90942984483151, 37.751979222138274], [-121.91176861213367, 37.75181099206218], [-121.91285131763993, 37.75012997762566], [-121.91159532416147, 37.74861719415814], [-121.90925662576923, 37.74878540181381]]]}}, {"type": "Feature", "properties": {"id": 173, "h3": "892830d2bb7ffff", "area_m2": 109957.7, "lat": 37.751643, "lon": -121.914107}, "geometry": {"type": "Polygon", "coordinates": [[[-121.91285131763993, 37.75012997762566], [-121.91176861213367, 37.75181099206218], [-121.9130246452873, 37.75332372255435], [-121.91536338453345, 37.75315541529664], [-121.91644602171593, 37.751474399972466], [-121.9151899879787, 37.74996169279336], [-121.91285131763993, 37.75012997762566]]]}}, {"type": "Feature", "properties": {"id": 174, "h3": "892830d2bbbffff", "area_m2": 109964.3, "lat": 37.752147, "lon": -121.907091}, "geometry": {"type": "Polygon", "coordinates": [[[-121.90583505660865, 37.750634568251044], [-121.90475218523852, 37.75231555033973], [-121.90600817751555, 37.753828380433006], [-121.90834704177165, 37.75366020512516], [-121.90942984483151, 37.751979222138274], [-121.90817385194822, 37.750466415357145], [-121.90583505660865, 37.750634568251044]]]}}, {"type": "Feature", "properties": {"id": 175, "h3": "892830d2bc3ffff", "area_m2": 109981.7, "lat": 37.749962, "lon": -121.892885}, "geometry": {"type": "Polygon", "coordinates": [[[-121.89162871314329, 37.74844853172019], [-121.89054553935884, 37.7501294795979], [-121.89180141008036, 37.75164256184242], [-121.89414045524107, 37.751474672896556], [-121.89522356074667, 37.74979372409902], [-121.89396768937307, 37.74828066516689], [-121.89162871314329, 37.74844853172019]]]}}, {"type": "Feature", "properties": {"id": 176, "h3": "892830d2bc7ffff", "area_m2": 109976.3, "lat": 37.751307, "lon": -121.896479}, "geometry": {"type": "Polygon", "coordinates": [[[-121.89522356074667, 37.74979372409902], [-121.89414045524107, 37.751474672896556], [-121.89539636628496, 37.75298767886584], [-121.8977353834776, 37.7528197127255], [-121.89881842069533, 37.751138763013685], [-121.89756250901098, 37.7496257803562], [-121.89522356074667, 37.74979372409902]]]}}, {"type": "Feature", "properties": {"id": 177, "h3": "892830d2bcbffff", "area_m2": 109982.9, "lat": 37.75181, "lon": -121.889462}, "geometry": {"type": "Polygon", "coordinates": [[[-121.88820646624869, 37.75029729134872], [-121.88712319492525, 37.751978207729785], [-121.8883790649837, 37.75349131328516], [-121.89071820703133, 37.75332347914831], [-121.89180141008036, 37.75164256184242], [-121.89054553935884, 37.7501294795979], [-121.88820646624869, 37.75029729134872]]]}}, {"type": "Feature", "properties": {"id": 178, "h3": "892830d2bcfffff", "area_m2": 109977.4, "lat": 37.753156, "lon": -121.893057}, "geometry": {"type": "Polygon", "coordinates": [[[-121.89180141008036, 37.75164256184242], [-121.89071820703133, 37.75332347914831], [-121.8919741174237, 37.75483650842791], [-121.8943132315193, 37.754668597091005], [-121.89539636628496, 37.75298767886584], [-121.89414045524107, 37.751474672896556], [-121.89180141008036, 37.75164256184242]]]}}, {"type": "Feature", "properties": {"id": 179, "h3": "892830d2bd3ffff", "area_m2": 109986.0, "lat": 37.746768, "lon": -121.892712}, "geometry": {"type": "Polygon", "coordinates": [[[-121.89145602661148, 37.74525441807796], [-121.89037288209009, 37.746935396518396], [-121.89162871314329, 37.74844853172019], [-121.89396768937307, 37.74828066516689], [-121.89505076562017, 37.74659968580606], [-121.89379493391444, 37.745086573918655], [-121.89145602661148, 37.74525441807796]]]}}, {"type": "Feature", "properties": {"id": 180, "h3": "892830d2bd7ffff", "area_m2": 109980.6, "lat": 37.748113, "lon": -121.896307}, "geometry": {"type": "Polygon", "coordinates": [[[-121.89505076562017, 37.74659968580606], [-121.89396768937307, 37.74828066516689], [-121.89522356074667, 37.74979372409902], [-121.89756250901098, 37.7496257803562], [-121.89864551697477, 37.74794480008053], [-121.89738964496019, 37.746431764462244], [-121.89505076562017, 37.74659968580606]]]}}, {"type": "Feature", "properties": {"id": 181, "h3": "892830d2bdbffff", "area_m2": 109987.2, "lat": 37.748616, "lon": -121.88929}, "geometry": {"type": "Polygon", "coordinates": [[[-121.88803387791337, 37.74710318588165], [-121.88695063585911, 37.74878413283397], [-121.88820646624869, 37.75029729134872], [-121.89054553935884, 37.7501294795979], [-121.89162871314329, 37.74844853172019], [-121.89037288209009, 37.746935396518396], [-121.88803387791337, 37.74710318588165]]]}}, {"type": "Feature", "properties": {"id": 182, "h3": "892830d2d23ffff", "area_m2": 109973.5, "lat": 37.726425, "lon": -121.930343}, "geometry": {"type": "Polygon", "coordinates": [[[-121.92908682983608, 37.72491228399249], [-121.92800475806999, 37.726593607910594], [-121.92926059569336, 37.728106486572635], [-121.93159850561648, 37.72793801798561], [-121.93268050905927, 37.726256693202025], [-121.93142467090489, 37.72474383787063], [-121.92908682983608, 37.72491228399249]]]}}, {"type": "Feature", "properties": {"id": 183, "h3": "892830d2d27ffff", "area_m2": 109968.1, "lat": 37.72777, "lon": -121.933936}, "geometry": {"type": "Polygon", "coordinates": [[[-121.93268050905927, 37.726256693202025], [-121.93159850561648, 37.72793801798561], [-121.93285438343293, 37.72945082038426], [-121.93519226521428, 37.72928227466895], [-121.93627420032479, 37.72760094902544], [-121.93501832198889, 37.72608816995685], [-121.93268050905927, 37.726256693202025]]]}}, {"type": "Feature", "properties": {"id": 184, "h3": "892830d2d2bffff", "area_m2": 109974.7, "lat": 37.728275, "lon": -121.926923}, "geometry": {"type": "Polygon", "coordinates": [[[-121.92566682002368, 37.726761999368755], [-121.92458465074249, 37.72844329194734], [-121.92584048782379, 37.72995619393854], [-121.92817849473103, 37.7297877800217], [-121.92926059569336, 37.728106486572635], [-121.92800475806999, 37.726593607910594], [-121.92566682002368, 37.726761999368755]]]}}, {"type": "Feature", "properties": {"id": 185, "h3": "892830d2d2fffff", "area_m2": 109969.2, "lat": 37.729619, "lon": -121.930516}, "geometry": {"type": "Polygon", "coordinates": [[[-121.92926059569336, 37.728106486572635], [-121.92817849473103, 37.7297877800217], [-121.92943437201698, 37.731300605748956], [-121.93177235079843, 37.731132114698234], [-121.93285438343293, 37.72945082038426], [-121.93159850561648, 37.72793801798561], [-121.92926059569336, 37.728106486572635]]]}}, {"type": "Feature", "properties": {"id": 186, "h3": "892830d2d37ffff", "area_m2": 109972.4, "lat": 37.724575, "lon": -121.933762}, "geometry": {"type": "Polygon", "coordinates": [[[-121.93250664515752, 37.72306248262654], [-121.93142467090489, 37.72474383787063], [-121.93268050905927, 37.726256693202025], [-121.93501832198889, 37.72608816995685], [-121.93610022791378, 37.724406813852255], [-121.93484438923943, 37.72289398185302], [-121.93250664515752, 37.72306248262654]]]}}, {"type": "Feature", "properties": {"id": 187, "h3": "892830d2d3bffff", "area_m2": 109979.0, "lat": 37.725081, "lon": -121.926749}, "geometry": {"type": "Polygon", "coordinates": [[[-121.92549316268342, 37.72356772140125], [-121.92441102260301, 37.725249044448304], [-121.92566682002368, 37.726761999368755], [-121.92800475806999, 37.726593607910594], [-121.92908682983608, 37.72491228399249], [-121.92783103187284, 37.72339935240329], [-121.92549316268342, 37.72356772140125]]]}}, {"type": "Feature", "properties": {"id": 188, "h3": "892830d2d63ffff", "area_m2": 109981.3, "lat": 37.72878, "lon": -121.919909}, "geometry": {"type": "Polygon", "coordinates": [[[-121.91865275575805, 37.72726691012695], [-121.9175704206547, 37.72894817047149], [-121.9188262169571, 37.73046117204997], [-121.92116434893015, 37.730292889955344], [-121.92224661572808, 37.72861162872976], [-121.92099081886104, 37.727098650479554], [-121.91865275575805, 37.72726691012695]]]}}, {"type": "Feature", "properties": {"id": 189, "h3": "892830d2d67ffff", "area_m2": 109975.8, "lat": 37.730125, "lon": -121.923502}, "geometry": {"type": "Polygon", "coordinates": [[[-121.92224661572808, 37.72861162872976], [-121.92116434893015, 37.730292889955344], [-121.92242018545838, 37.73180581527425], [-121.9247582893403, 37.73163745603959], [-121.92584048782379, 37.72995619393854], [-121.92458465074249, 37.72844329194734], [-121.92224661572808, 37.72861162872976]]]}}, {"type": "Feature", "properties": {"id": 190, "h3": "892830d2d6bffff", "area_m2": 109982.4, "lat": 37.730629, "lon": -121.916488}, "geometry": {"type": "Polygon", "coordinates": [[[-121.91523226060907, 37.72911637542553], [-121.91414982799184, 37.730797604398546], [-121.9154056237185, 37.73231062930384], [-121.91774385264081, 37.732142401909], [-121.9188262169571, 37.73046117204997], [-121.9175704206547, 37.72894817047149], [-121.91523226060907, 37.72911637542553]]]}}, {"type": "Feature", "properties": {"id": 191, "h3": "892830d2d6fffff", "area_m2": 109977.0, "lat": 37.731974, "lon": -121.920082}, "geometry": {"type": "Polygon", "coordinates": [[[-121.9188262169571, 37.73046117204997], [-121.91774385264081, 37.732142401909], [-121.91899968860491, 37.733655350554145], [-121.92133788945209, 37.73348704601374], [-121.92242018545838, 37.73180581527425], [-121.92116434893015, 37.730292889955344], [-121.9188262169571, 37.73046117204997]]]}}, {"type": "Feature", "properties": {"id": 192, "h3": "892830d2d77ffff", "area_m2": 109980.1, "lat": 37.72693, "lon": -121.923329}, "geometry": {"type": "Polygon", "coordinates": [[[-121.9220730564521, 37.725417358776994], [-121.92099081886104, 37.727098650479554], [-121.92224661572808, 37.72861162872976], [-121.92458465074249, 37.72844329194734], [-121.92566682002368, 37.726761999368755], [-121.92441102260301, 37.725249044448304], [-121.9220730564521, 37.725417358776994]]]}}, {"type": "Feature", "properties": {"id": 193, "h3": "892830d2d7bffff", "area_m2": 109986.7, "lat": 37.727435, "lon": -121.916315}, "geometry": {"type": "Polygon", "coordinates": [[[-121.91505890794195, 37.72592203813447], [-121.91397650454215, 37.727603297592445], [-121.91523226060907, 37.72911637542553], [-121.9175704206547, 37.72894817047149], [-121.91865275575805, 37.72726691012695], [-121.9173969991149, 37.72575385562272], [-121.91505890794195, 37.72592203813447]]]}}, {"type": "Feature", "properties": {"id": 194, "h3": "892830d44c3ffff", "area_m2": 109829.4, "lat": 37.787567, "lon": -121.993546}, "geometry": {"type": "Polygon", "coordinates": [[[-121.99228902002862, 37.78605589457437], [-121.99120776144997, 37.787736866108695], [-121.99246475755794, 37.78924781077441], [-121.99480301257505, 37.78907776060944], [-121.99588420262334, 37.78739678831075], [-121.99462720618757, 37.785885866941115], [-121.99228902002862, 37.78605589457437]]]}}, {"type": "Feature", "properties": {"id": 195, "h3": "892830d44d3ffff", "area_m2": 109833.7, "lat": 37.784375, "lon": -121.99337}, "geometry": {"type": "Polygon", "coordinates": [[[-121.99211329308639, 37.782863894684006], [-121.99103206364352, 37.78454489679662], [-121.99228902002862, 37.78605589457437], [-121.99462720618757, 37.785885866941115], [-121.99570836710465, 37.7842048640636], [-121.99445141039124, 37.78269388958395], [-121.99211329308639, 37.782863894684006]]]}}, {"type": "Feature", "properties": {"id": 196, "h3": "892830d44d7ffff", "area_m2": 109828.3, "lat": 37.785716, "lon": -121.996965}, "geometry": {"type": "Polygon", "coordinates": [[[-121.99570836710465, 37.7842048640636], [-121.99462720618757, 37.785885866941115], [-121.99588420262334, 37.78739678831075], [-121.99822236029564, 37.787226683505054], [-121.99930345267795, 37.78554567986819], [-121.99804645592545, 37.78403478179609], [-121.99570836710465, 37.7842048640636]]]}}, {"type": "Feature", "properties": {"id": 197, "h3": "892830d44dbffff", "area_m2": 109834.9, "lat": 37.786226, "lon": -121.989951}, "geometry": {"type": "Polygon", "coordinates": [[[-121.98869384901647, 37.784714847256794], [-121.98761252191642, 37.78639581802122], [-121.98886947796215, 37.78790683909565], [-121.99120776144997, 37.787736866108695], [-121.99228902002862, 37.78605589457437], [-121.99103206364352, 37.78454489679662], [-121.98869384901647, 37.784714847256794]]]}}, {"type": "Feature", "properties": {"id": 198, "h3": "892830d6203ffff", "area_m2": 109844.4, "lat": 37.771096, "lon": -121.999681}, "geometry": {"type": "Polygon", "coordinates": [[[-121.99842389117345, 37.769585181945835], [-121.99734294440161, 37.77126633834373], [-121.9985997822818, 37.77277744880226], [-122.00093756724443, 37.77260737955544], [-122.00201844549531, 37.770926222401], [-122.00076160730723, 37.769415135249645], [-121.99842389117345, 37.769585181945835]]]}}, {"type": "Feature", "properties": {"id": 199, "h3": "892830d6207ffff", "area_m2": 109838.9, "lat": 37.772437, "lon": -122.003275}, "geometry": {"type": "Polygon", "coordinates": [[[-122.00201844549531, 37.770926222401], [-122.00093756724443, 37.77260737955544], [-122.00219444514633, 37.77411841362358], [-122.00453220159818, 37.77394826723041], [-122.00561301131921, 37.772267109324964], [-122.00435613312094, 37.77075609856341], [-122.00201844549531, 37.770926222401]]]}}, {"type": "Feature", "properties": {"id": 200, "h3": "892830d620bffff", "area_m2": 109845.5, "lat": 37.772947, "lon": -121.996262}, "geometry": {"type": "Polygon", "coordinates": [[[-121.99500513094681, 37.77143633044356], [-121.9939240865394, 37.77311745554578], [-121.99518092410064, 37.77462858931004], [-121.99751880639091, 37.774458574666056], [-121.9985997822818, 37.77277744880226], [-121.99734294440161, 37.77126633834373], [-121.99500513094681, 37.77143633044356]]]}}, {"type": "Feature", "properties": {"id": 201, "h3": "892830d620fffff", "area_m2": 109840.1, "lat": 37.774289, "lon": -121.999857}, "geometry": {"type": "Polygon", "coordinates": [[[-121.9985997822818, 37.77277744880226], [-121.99751880639091, 37.774458574666056], [-121.99877568398547, 37.77596963203932], [-122.00111353778095, 37.775799540243376], [-122.00219444514633, 37.77411841362358], [-122.00093756724443, 37.77260737955544], [-121.9985997822818, 37.77277744880226]]]}}, {"type": "Feature", "properties": {"id": 202, "h3": "892830d6213ffff", "area_m2": 109848.7, "lat": 37.767904, "lon": -121.999505}, "geometry": {"type": "Polygon", "coordinates": [[[-121.99824801065948, 37.76639283148669], [-121.99716709300516, 37.768074018409614], [-121.99842389117345, 37.769585181945835], [-122.00076160730723, 37.769415135249645], [-122.00184245644517, 37.767733947569624], [-122.00058565796841, 37.766222807342615], [-121.99824801065948, 37.76639283148669]]]}}, {"type": "Feature", "properties": {"id": 203, "h3": "892830d6217ffff", "area_m2": 109843.2, "lat": 37.769245, "lon": -122.003099}, "geometry": {"type": "Polygon", "coordinates": [[[-122.00184245644517, 37.767733947569624], [-122.00076160730723, 37.769415135249645], [-122.00201844549531, 37.770926222401], [-122.00435613312094, 37.77075609856341], [-122.00543691373355, 37.76907491013183], [-122.00418007524857, 37.767563846289114], [-122.00184245644517, 37.767733947569624]]]}}, {"type": "Feature", "properties": {"id": 204, "h3": "892830d621bffff", "area_m2": 109849.8, "lat": 37.769755, "lon": -121.996086}, "geometry": {"type": "Polygon", "coordinates": [[[-121.99482934838183, 37.768243987963764], [-121.993748333098, 37.76992514359954], [-121.99500513094681, 37.77143633044356], [-121.99734294440161, 37.77126633834373], [-121.99842389117345, 37.769585181945835], [-121.99716709300516, 37.768074018409614], [-121.99482934838183, 37.768243987963764]]]}}, {"type": "Feature", "properties": {"id": 205, "h3": "892830d6243ffff", "area_m2": 109852.1, "lat": 37.773457, "lon": -121.989248}, "geometry": {"type": "Polygon", "coordinates": [[[-121.98799143903052, 37.77194604322499], [-121.98691022848267, 37.773627136245956], [-121.98816702565942, 37.77513836970115], [-121.99050503372821, 37.774968486830254], [-121.99158617577291, 37.77328739303718], [-121.99032937825461, 37.77177618288684], [-121.98799143903052, 37.77194604322499]]]}}, {"type": "Feature", "properties": {"id": 206, "h3": "892830d6247ffff", "area_m2": 109846.6, "lat": 37.774799, "lon": -121.992843}, "geometry": {"type": "Polygon", "coordinates": [[[-121.99158617577291, 37.77328739303718], [-121.99050503372821, 37.774968486830254], [-121.9917618709595, 37.77647964389879], [-121.9940998505681, 37.776309683869684], [-121.99518092410064, 37.77462858931004], [-121.9939240865394, 37.77311745554578], [-121.99158617577291, 37.77328739303718]]]}}, {"type": "Feature", "properties": {"id": 207, "h3": "892830d624bffff", "area_m2": 109853.2, "lat": 37.775308, "lon": -121.985829}, "geometry": {"type": "Polygon", "coordinates": [[[-121.98457219197223, 37.77379694195804], [-121.98349088378987, 37.77547800365132], [-121.984747680614, 37.77698926040994], [-121.9870857859758, 37.77681943217157], [-121.98816702565942, 37.77513836970115], [-121.98691022848267, 37.773627136245956], [-121.98457219197223, 37.77379694195804]]]}}, {"type": "Feature", "properties": {"id": 208, "h3": "892830d624fffff", "area_m2": 109847.8, "lat": 37.77665, "lon": -121.989424}, "geometry": {"type": "Polygon", "coordinates": [[[-121.98816702565942, 37.77513836970115], [-121.9870857859758, 37.77681943217157], [-121.98834262286607, 37.77833061254293], [-121.99068069978361, 37.778160707140756], [-121.9917618709595, 37.77647964389879], [-121.99050503372821, 37.774968486830254], [-121.98816702565942, 37.77513836970115]]]}}, {"type": "Feature", "properties": {"id": 209, "h3": "892830d6253ffff", "area_m2": 109856.4, "lat": 37.770265, "lon": -121.989073}, "geometry": {"type": "Polygon", "coordinates": [[[-121.98781586297845, 37.76875363313106], [-121.98673468156484, 37.77043475669351], [-121.98799143903052, 37.77194604322499], [-121.99032937825461, 37.77177618288684], [-121.99141049116962, 37.770095058551725], [-121.99015373336181, 37.768583795327146], [-121.98781586297845, 37.76875363313106]]]}}, {"type": "Feature", "properties": {"id": 210, "h3": "892830d6257ffff", "area_m2": 109850.9, "lat": 37.771606, "lon": -121.992667}, "geometry": {"type": "Polygon", "coordinates": [[[-121.99141049116962, 37.770095058551725], [-121.99032937825461, 37.77177618288684], [-121.99158617577291, 37.77328739303718], [-121.9939240865394, 37.77311745554578], [-121.99500513094681, 37.77143633044356], [-121.993748333098, 37.76992514359954], [-121.99141049116962, 37.770095058551725]]]}}, {"type": "Feature", "properties": {"id": 211, "h3": "892830d625bffff", "area_m2": 109857.5, "lat": 37.772116, "lon": -121.985653}, "geometry": {"type": "Polygon", "coordinates": [[[-121.98439671390173, 37.77060453987779], [-121.98331543485969, 37.77228563212108], [-121.98457219197223, 37.77379694195804], [-121.98691022848267, 37.773627136245956], [-121.98799143903052, 37.77194604322499], [-121.98673468156484, 37.77043475669351], [-121.98439671390173, 37.77060453987779]]]}}, {"type": "Feature", "properties": {"id": 212, "h3": "892830d6263ffff", "area_m2": 109836.9, "lat": 37.779332, "lon": -121.996614}, "geometry": {"type": "Polygon", "coordinates": [[[-121.99535672784424, 37.77782076454664], [-121.99427562518504, 37.77950182855461], [-121.99553254217861, 37.78101285613669], [-121.99787056215186, 37.78084279640885], [-121.99895159628542, 37.77916173164042], [-121.99769467897401, 37.77765072735997], [-121.99535672784424, 37.77782076454664]]]}}, {"type": "Feature", "properties": {"id": 213, "h3": "892830d6267ffff", "area_m2": 109831.4, "lat": 37.780673, "lon": -122.000209}, "geometry": {"type": "Polygon", "coordinates": [[[-121.99895159628542, 37.77916173164042], [-121.99787056215186, 37.78084279640885], [-121.99912751918261, 37.78235374758891], [-122.00146551065582, 37.7821836106992], [-122.00254647625476, 37.780502545175864], [-122.00128951891776, 37.77899161729685], [-121.99895159628542, 37.77916173164042]]]}}, {"type": "Feature", "properties": {"id": 214, "h3": "892830d626bffff", "area_m2": 109838.0, "lat": 37.781183, "lon": -121.993194}, "geometry": {"type": "Polygon", "coordinates": [[[-121.99193757673035, 37.77967181111993], [-121.99085637642172, 37.781352843801756], [-121.99211329308639, 37.782863894684006], [-121.99445141039124, 37.78269388958395], [-121.99553254217861, 37.78101285613669], [-121.99427562518504, 37.77950182855461], [-121.99193757673035, 37.77967181111993]]]}}, {"type": "Feature", "properties": {"id": 215, "h3": "892830d626fffff", "area_m2": 109832.6, "lat": 37.782524, "lon": -121.996789}, "geometry": {"type": "Polygon", "coordinates": [[[-121.99553254217861, 37.78101285613669], [-121.99445141039124, 37.78269388958395], [-121.99570836710465, 37.7842048640636], [-121.99804645592545, 37.78403478179609], [-121.99912751918261, 37.78235374758891], [-121.99787056215186, 37.78084279640885], [-121.99553254217861, 37.78101285613669]]]}}, {"type": "Feature", "properties": {"id": 216, "h3": "892830d6273ffff", "area_m2": 109841.2, "lat": 37.77614, "lon": -121.996438}, "geometry": {"type": "Polygon", "coordinates": [[[-121.99518092410064, 37.77462858931004], [-121.9940998505681, 37.776309683869684], [-121.99535672784424, 37.77782076454664], [-121.99769467897401, 37.77765072735997], [-121.99877568398547, 37.77596963203932], [-121.99751880639091, 37.774458574666056], [-121.99518092410064, 37.77462858931004]]]}}, {"type": "Feature", "properties": {"id": 217, "h3": "892830d6277ffff", "area_m2": 109835.7, "lat": 37.777481, "lon": -122.000033}, "geometry": {"type": "Polygon", "coordinates": [[[-121.99877568398547, 37.77596963203932], [-121.99769467897401, 37.77765072735997], [-121.99895159628542, 37.77916173164042], [-122.00128951891776, 37.77899161729685], [-122.00237045539917, 37.777310521220734], [-122.00111353778095, 37.775799540243376], [-121.99877568398547, 37.77596963203932]]]}}, {"type": "Feature", "properties": {"id": 218, "h3": "892830d627bffff", "area_m2": 109842.3, "lat": 37.777991, "lon": -121.993019}, "geometry": {"type": "Polygon", "coordinates": [[[-121.9917618709595, 37.77647964389879], [-121.99068069978361, 37.778160707140756], [-121.99193757673035, 37.77967181111993], [-121.99427562518504, 37.77950182855461], [-121.99535672784424, 37.77782076454664], [-121.9940998505681, 37.776309683869684], [-121.9917618709595, 37.77647964389879]]]}}, {"type": "Feature", "properties": {"id": 219, "h3": "892830d628bffff", "area_m2": 109853.0, "lat": 37.764712, "lon": -121.999329}, "geometry": {"type": "Polygon", "coordinates": [[[-121.99807214073894, 37.76320039744145], [-121.99699125220059, 37.764881614880316], [-121.99824801065948, 37.76639283148669], [-122.00058565796841, 37.766222807342615], [-122.00166647799492, 37.76454158914606], [-122.00040971922701, 37.76303039585099], [-121.99807214073894, 37.76320039744145]]]}}, {"type": "Feature", "properties": {"id": 220, "h3": "892830d62c3ffff", "area_m2": 109859.6, "lat": 37.765221, "lon": -121.992316}, "geometry": {"type": "Polygon", "coordinates": [[[-121.99105915370912, 37.76371013877579], [-121.9899780990489, 37.76539132416781], [-121.99123481714868, 37.76690264045905], [-121.99357259024296, 37.76673274804757], [-121.99465357640472, 37.76505156188734], [-121.99339685797334, 37.7635402689065], [-121.99105915370912, 37.76371013877579]]]}}, {"type": "Feature", "properties": {"id": 221, "h3": "892830d62c7ffff", "area_m2": 109854.1, "lat": 37.766563, "lon": -121.99591}, "geometry": {"type": "Polygon", "coordinates": [[[-121.99465357640472, 37.76505156188734], [-121.99357259024296, 37.76673274804757], [-121.99482934838183, 37.768243987963764], [-121.99716709300516, 37.768074018409614], [-121.99824801065948, 37.76639283148669], [-121.99699125220059, 37.764881614880316], [-121.99465357640472, 37.76505156188734]]]}}, {"type": "Feature", "properties": {"id": 222, "h3": "892830d62cbffff", "area_m2": 109860.7, "lat": 37.767072, "lon": -121.988897}, "geometry": {"type": "Polygon", "coordinates": [[[-121.98764029750224, 37.76556113943598], [-121.98655914522134, 37.76724229353085], [-121.98781586297845, 37.76875363313106], [-121.99015373336181, 37.768583795327146], [-121.99123481714868, 37.76690264045905], [-121.9899780990489, 37.76539132416781], [-121.98764029750224, 37.76556113943598]]]}}, {"type": "Feature", "properties": {"id": 223, "h3": "892830d62cfffff", "area_m2": 109855.2, "lat": 37.768414, "lon": -121.992492}, "geometry": {"type": "Polygon", "coordinates": [[[-121.99123481714868, 37.76690264045905], [-121.99015373336181, 37.768583795327146], [-121.99141049116962, 37.770095058551725], [-121.993748333098, 37.76992514359954], [-121.99482934838183, 37.768243987963764], [-121.99357259024296, 37.76673274804757], [-121.99123481714868, 37.76690264045905]]]}}, {"type": "Feature", "properties": {"id": 224, "h3": "892830d62d3ffff", "area_m2": 109863.9, "lat": 37.762029, "lon": -121.99214}, "geometry": {"type": "Polygon", "coordinates": [[[-121.99088350085002, 37.760517553518575], [-121.98980247531489, 37.762198769425446], [-121.99105915370912, 37.76371013877579], [-121.99339685797334, 37.7635402689065], [-121.99447781501455, 37.76185905223086], [-121.99322113628816, 37.760347706192995], [-121.99088350085002, 37.760517553518575]]]}}, {"type": "Feature", "properties": {"id": 225, "h3": "892830d62dbffff", "area_m2": 109865.0, "lat": 37.76388, "lon": -121.988721}, "geometry": {"type": "Polygon", "coordinates": [[[-121.98746474260093, 37.76236856215637], [-121.98638361945119, 37.7640497467746], [-121.98764029750224, 37.76556113943598], [-121.9899780990489, 37.76539132416781], [-121.99105915370912, 37.76371013877579], [-121.98980247531489, 37.762198769425446], [-121.98746474260093, 37.76236856215637]]]}}, {"type": "Feature", "properties": {"id": 226, "h3": "892830d7003ffff", "area_m2": 109890.5, "lat": 37.774658, "lon": -121.950579}, "geometry": {"type": "Polygon", "coordinates": [[[-121.94932217489648, 37.77314601480472], [-121.94824006546112, 37.77482694615286], [-121.94949661988747, 37.7763387543449], [-121.95183528421813, 37.776169607887375], [-121.95291732522625, 37.774488675708774], [-121.95166077033365, 37.772976890817866], [-121.94932217489648, 37.77314601480472]]]}}, {"type": "Feature", "properties": {"id": 227, "h3": "892830d7007ffff", "area_m2": 109885.0, "lat": 37.776, "lon": -121.954174}, "geometry": {"type": "Polygon", "coordinates": [[[-121.95291732522625, 37.774488675708774], [-121.95183528421813, 37.776169607887375], [-121.95309187881479, 37.777681339719344], [-121.95543051487688, 37.777512116071904], [-121.95651248744875, 37.77583118306841], [-121.95525589239745, 37.77431947453698], [-121.95291732522625, 37.774488675708774]]]}}, {"type": "Feature", "properties": {"id": 228, "h3": "892830d700bffff", "area_m2": 109891.6, "lat": 37.776508, "lon": -121.947158}, "geometry": {"type": "Polygon", "coordinates": [[[-121.94590137288047, 37.77499601541986], [-121.94481916582882, 37.77667691534279], [-121.94607571977792, 37.778188746834466], [-121.94841448125865, 37.778019655103265], [-121.94949661988747, 37.7763387543449], [-121.94824006546112, 37.77482694615286], [-121.94590137288047, 37.77499601541986]]]}}, {"type": "Feature", "properties": {"id": 229, "h3": "892830d700fffff", "area_m2": 109886.1, "lat": 37.777851, "lon": -121.950753}, "geometry": {"type": "Polygon", "coordinates": [[[-121.94949661988747, 37.7763387543449], [-121.94841448125865, 37.778019655103265], [-121.9496710753896, 37.77953141023431], [-121.95200980861776, 37.779362241307616], [-121.95309187881479, 37.777681339719344], [-121.95183528421813, 37.776169607887375], [-121.94949661988747, 37.7763387543449]]]}}, {"type": "Feature", "properties": {"id": 230, "h3": "892830d7013ffff", "area_m2": 109894.8, "lat": 37.771465, "lon": -121.950404}, "geometry": {"type": "Polygon", "coordinates": [[[-121.94914774041561, 37.769953191630435], [-121.94806566017216, 37.77163415355929], [-121.94932217489648, 37.77314601480472], [-121.95166077033365, 37.772976890817866], [-121.95274278215437, 37.77129592805802], [-121.95148626696331, 37.76978409011574], [-121.94914774041561, 37.769953191630435]]]}}, {"type": "Feature", "properties": {"id": 231, "h3": "892830d7017ffff", "area_m2": 109889.3, "lat": 37.772808, "lon": -121.953999}, "geometry": {"type": "Polygon", "coordinates": [[[-121.95274278215437, 37.77129592805802], [-121.95166077033365, 37.772976890817866], [-121.95291732522625, 37.774488675708774], [-121.95525589239745, 37.77431947453698], [-121.9563378357865, 37.77263851095167], [-121.9550812804387, 37.77112674936334], [-121.95274278215437, 37.77129592805802]]]}}, {"type": "Feature", "properties": {"id": 232, "h3": "892830d701bffff", "area_m2": 109895.9, "lat": 37.773315, "lon": -121.946984}, "geometry": {"type": "Polygon", "coordinates": [[[-121.94572703648765, 37.77180320036058], [-121.94464485863398, 37.773484130872724], [-121.94590137288047, 37.77499601541986], [-121.94824006546112, 37.77482694615286], [-121.94932217489648, 37.77314601480472], [-121.94806566017216, 37.77163415355929], [-121.94572703648765, 37.77180320036058]]]}}, {"type": "Feature", "properties": {"id": 233, "h3": "892830d7023ffff", "area_m2": 109875.3, "lat": 37.780535, "lon": -121.957944}, "geometry": {"type": "Polygon", "coordinates": [[[-121.95668714963418, 37.77902377153888], [-121.95560514787795, 37.78070467395151], [-121.95686182234368, 37.78221627634647], [-121.95920049901088, 37.782046953030644], [-121.96028243231737, 37.78036604979923], [-121.95902575740908, 37.778854470702164], [-121.95668714963418, 37.77902377153888]]]}}, {"type": "Feature", "properties": {"id": 234, "h3": "892830d7027ffff", "area_m2": 109869.8, "lat": 37.781878, "lon": -121.961539}, "geometry": {"type": "Polygon", "coordinates": [[[-121.96028243231737, 37.78036604979923], [-121.95920049901088, 37.782046953030644], [-121.96045721362958, 37.783558479050164], [-121.96279586198837, 37.78338907854068], [-121.96387772683612, 37.78170817449604], [-121.96262101178648, 37.78019667177381], [-121.96028243231737, 37.78036604979923]]]}}, {"type": "Feature", "properties": {"id": 235, "h3": "892830d702bffff", "area_m2": 109876.4, "lat": 37.782386, "lon": -121.954523}, "geometry": {"type": "Polygon", "coordinates": [[[-121.95326644292092, 37.78087392007309], [-121.95218434353345, 37.78255479106198], [-121.95344101754561, 37.78406641675341], [-121.95577979140154, 37.78389714815917], [-121.95686182234368, 37.78221627634647], [-121.95560514787795, 37.78070467395151], [-121.95326644292092, 37.78087392007309]]]}}, {"type": "Feature", "properties": {"id": 236, "h3": "892830d702fffff", "area_m2": 109871.0, "lat": 37.783728, "lon": -121.958119}, "geometry": {"type": "Polygon", "coordinates": [[[-121.95686182234368, 37.78221627634647], [-121.95577979140154, 37.78389714815917], [-121.95703650557823, 37.78540869747455], [-121.95937525114174, 37.78523935168109], [-121.96045721362958, 37.783558479050164], [-121.95920049901088, 37.782046953030644], [-121.95686182234368, 37.78221627634647]]]}}, {"type": "Feature", "properties": {"id": 237, "h3": "892830d7033ffff", "area_m2": 109879.6, "lat": 37.777343, "lon": -121.957769}, "geometry": {"type": "Polygon", "coordinates": [[[-121.95651248744875, 37.77583118306841], [-121.95543051487688, 37.777512116071904], [-121.95668714963418, 37.77902377153888], [-121.95902575740908, 37.778854470702164], [-121.96010766153577, 37.77717353687933], [-121.95885102633541, 37.77566190471229], [-121.95651248744875, 37.77583118306841]]]}}, {"type": "Feature", "properties": {"id": 238, "h3": "892830d7037ffff", "area_m2": 109874.1, "lat": 37.778685, "lon": -121.961364}, "geometry": {"type": "Polygon", "coordinates": [[[-121.96010766153577, 37.77717353687933], [-121.95902575740908, 37.778854470702164], [-121.96028243231737, 37.78036604979923], [-121.96262101178648, 37.78019667177381], [-121.96370284745895, 37.7785157371372], [-121.96244617211917, 37.77700418133948], [-121.96010766153577, 37.77717353687933]]]}}, {"type": "Feature", "properties": {"id": 239, "h3": "892830d703bffff", "area_m2": 109880.7, "lat": 37.779193, "lon": -121.954349}, "geometry": {"type": "Polygon", "coordinates": [[[-121.95309187881479, 37.777681339719344], [-121.95200980861776, 37.779362241307616], [-121.95326644292092, 37.78087392007309], [-121.95560514787795, 37.78070467395151], [-121.95668714963418, 37.77902377153888], [-121.95543051487688, 37.777512116071904], [-121.95309187881479, 37.777681339719344]]]}}, {"type": "Feature", "properties": {"id": 240, "h3": "892830d7043ffff", "area_m2": 109898.2, "lat": 37.777015, "lon": -121.940142}, "geometry": {"type": "Polygon", "coordinates": [[[-121.93888504442657, 37.77550295936887], [-121.93780267134757, 37.777183827007086], [-121.93905918460527, 37.77869575815322], [-121.94139807144455, 37.778526798362094], [-121.94248037611416, 37.77684592987789], [-121.94122386235654, 37.775334022030506], [-121.93888504442657, 37.77550295936887]]]}}, {"type": "Feature", "properties": {"id": 241, "h3": "892830d7047ffff", "area_m2": 109892.7, "lat": 37.778358, "lon": -121.943737}, "geometry": {"type": "Polygon", "coordinates": [[[-121.94248037611416, 37.77684592987789], [-121.94139807144455, 37.778526798362094], [-121.94265462490534, 37.78003865315195], [-121.94499348352672, 37.77986961615912], [-121.94607571977792, 37.778188746834466], [-121.94481916582882, 37.77667691534279], [-121.94248037611416, 37.77684592987789]]]}}, {"type": "Feature", "properties": {"id": 242, "h3": "892830d704bffff", "area_m2": 109899.3, "lat": 37.778865, "lon": -121.93672}, "geometry": {"type": "Polygon", "coordinates": [[[-121.93546375630898, 37.77735270959592], [-121.93438128561485, 37.779033545776905], [-121.93563779836157, 37.780545500220356], [-121.93797678231608, 37.780376595185224], [-121.93905918460527, 37.77869575815322], [-121.93780267134757, 37.777183827007086], [-121.93546375630898, 37.77735270959592]]]}}, {"type": "Feature", "properties": {"id": 243, "h3": "892830d704fffff", "area_m2": 109893.9, "lat": 37.780208, "lon": -121.940316}, "geometry": {"type": "Polygon", "coordinates": [[[-121.93905918460527, 37.77869575815322], [-121.93797678231608, 37.780376595185224], [-121.93923333527748, 37.781888473271806], [-121.9415722910301, 37.7817194910294], [-121.94265462490534, 37.78003865315195], [-121.94139807144455, 37.778526798362094], [-121.93905918460527, 37.77869575815322]]]}}, {"type": "Feature", "properties": {"id": 244, "h3": "892830d7053ffff", "area_m2": 109902.5, "lat": 37.773822, "lon": -121.939967}, "geometry": {"type": "Polygon", "coordinates": [[[-121.93871091474041, 37.77231007693536], [-121.93762857087006, 37.77399097517076], [-121.93888504442657, 37.77550295936887], [-121.94122386235654, 37.775334022030506], [-121.94230613782204, 37.77365312294858], [-121.9410496637651, 37.77214116205127], [-121.93871091474041, 37.77231007693536]]]}}, {"type": "Feature", "properties": {"id": 245, "h3": "892830d7057ffff", "area_m2": 109897.0, "lat": 37.775165, "lon": -121.943563}, "geometry": {"type": "Polygon", "coordinates": [[[-121.94230613782204, 37.77365312294858], [-121.94122386235654, 37.775334022030506], [-121.94248037611416, 37.77684592987789], [-121.94481916582882, 37.77667691534279], [-121.94590137288047, 37.77499601541986], [-121.94464485863398, 37.773484130872724], [-121.94230613782204, 37.77365312294858]]]}}, {"type": "Feature", "properties": {"id": 246, "h3": "892830d705bffff", "area_m2": 109903.6, "lat": 37.775672, "lon": -121.936546}, "geometry": {"type": "Polygon", "coordinates": [[[-121.93528972474337, 37.7741598353118], [-121.93420728326399, 37.77584070209845], [-121.93546375630898, 37.77735270959592], [-121.93780267134757, 37.777183827007086], [-121.93888504442657, 37.77550295936887], [-121.93762857087006, 37.77399097517076], [-121.93528972474337, 37.7741598353118]]]}}, {"type": "Feature", "properties": {"id": 247, "h3": "892830d7063ffff", "area_m2": 109883.0, "lat": 37.782893, "lon": -121.947507}, "geometry": {"type": "Polygon", "coordinates": [[[-121.94625007718092, 37.78138139458779], [-121.94516781172862, 37.7830622333051], [-121.94642444509041, 37.78457395866317], [-121.94876334438338, 37.78440482200804], [-121.94984554140376, 37.78272398245637], [-121.94858890756575, 37.78121228039387], [-121.94625007718092, 37.78138139458779]]]}}, {"type": "Feature", "properties": {"id": 248, "h3": "892830d7067ffff", "area_m2": 109877.5, "lat": 37.784236, "lon": -121.951102}, "geometry": {"type": "Polygon", "coordinates": [[[-121.94984554140376, 37.78272398245637], [-121.94876334438338, 37.78440482200804], [-121.95002001793092, 37.78591647099442], [-121.95235888896613, 37.78574725713386], [-121.95344101754561, 37.78406641675341], [-121.95218434353345, 37.78255479106198], [-121.94984554140376, 37.78272398245637]]]}}, {"type": "Feature", "properties": {"id": 249, "h3": "892830d706bffff", "area_m2": 109884.1, "lat": 37.784743, "lon": -121.944086}, "geometry": {"type": "Polygon", "coordinates": [[[-121.9428288841965, 37.783231292754195], [-121.94174652111413, 37.78491210001579], [-121.94300315398866, 37.78642384866794], [-121.94534215043551, 37.786254766764124], [-121.94642444509041, 37.78457395866317], [-121.94516781172862, 37.7830622333051], [-121.9428288841965, 37.783231292754195]]]}}, {"type": "Feature", "properties": {"id": 250, "h3": "892830d706fffff", "area_m2": 109878.7, "lat": 37.786086, "lon": -121.947681}, "geometry": {"type": "Polygon", "coordinates": [[[-121.94642444509041, 37.78457395866317], [-121.94534215043551, 37.786254766764124], [-121.94659882350737, 37.787766439044006], [-121.94893779171247, 37.78759727992916], [-121.95002001793092, 37.78591647099442], [-121.94876334438338, 37.78440482200804], [-121.94642444509041, 37.78457395866317]]]}}, {"type": "Feature", "properties": {"id": 251, "h3": "892830d7073ffff", "area_m2": 109887.3, "lat": 37.779701, "lon": -121.947332}, "geometry": {"type": "Polygon", "coordinates": [[[-121.94607571977792, 37.778188746834466], [-121.94499348352672, 37.77986961615912], [-121.94625007718092, 37.78138139458779], [-121.94858890756575, 37.78121228039387], [-121.9496710753896, 37.77953141023431], [-121.94841448125865, 37.778019655103265], [-121.94607571977792, 37.778188746834466]]]}}, {"type": "Feature", "properties": {"id": 252, "h3": "892830d7077ffff", "area_m2": 109881.8, "lat": 37.781043, "lon": -121.950928}, "geometry": {"type": "Polygon", "coordinates": [[[-121.9496710753896, 37.77953141023431], [-121.94858890756575, 37.78121228039387], [-121.94984554140376, 37.78272398245637], [-121.95218434353345, 37.78255479106198], [-121.95326644292092, 37.78087392007309], [-121.95200980861776, 37.779362241307616], [-121.9496710753896, 37.77953141023431]]]}}, {"type": "Feature", "properties": {"id": 253, "h3": "892830d707bffff", "area_m2": 109888.4, "lat": 37.78155, "lon": -121.943911}, "geometry": {"type": "Polygon", "coordinates": [[[-121.94265462490534, 37.78003865315195], [-121.9415722910301, 37.7817194910294], [-121.9428288841965, 37.783231292754195], [-121.94516781172862, 37.7830622333051], [-121.94625007718092, 37.78138139458779], [-121.94499348352672, 37.77986961615912], [-121.94265462490534, 37.78003865315195]]]}}, {"type": "Feature", "properties": {"id": 254, "h3": "892830d7083ffff", "area_m2": 109897.9, "lat": 37.766422, "lon": -121.95365}, "geometry": {"type": "Polygon", "coordinates": [[[-121.95239372755677, 37.764910181902444], [-121.95131177410622, 37.76659120579761], [-121.95256824959817, 37.7681030967837], [-121.95490667899965, 37.767933940567644], [-121.95598856402762, 37.76625291584592], [-121.95473208807937, 37.76474104816651], [-121.95239372755677, 37.764910181902444]]]}}, {"type": "Feature", "properties": {"id": 255, "h3": "892830d7087ffff", "area_m2": 109892.5, "lat": 37.767765, "lon": -121.957245}, "geometry": {"type": "Polygon", "coordinates": [[[-121.95598856402762, 37.76625291584592], [-121.95490667899965, 37.767933940567644], [-121.95616319464645, 37.7694457552053], [-121.95850159576855, 37.76927652181484], [-121.95958341236495, 37.76759549627211], [-121.95832689627346, 37.76608370494054], [-121.95598856402762, 37.76625291584592]]]}}, {"type": "Feature", "properties": {"id": 256, "h3": "892830d708bffff", "area_m2": 109899.1, "lat": 37.768272, "lon": -121.95023}, "geometry": {"type": "Polygon", "coordinates": [[[-121.94897331644398, 37.76676028483866], [-121.94789126539094, 37.76844127733915], [-121.94914774041561, 37.769953191630435], [-121.95148626696331, 37.76978409011574], [-121.95256824959817, 37.7681030967837], [-121.95131177410622, 37.76659120579761], [-121.94897331644398, 37.76676028483866]]]}}, {"type": "Feature", "properties": {"id": 257, "h3": "892830d708fffff", "area_m2": 109893.6, "lat": 37.769615, "lon": -121.953825}, "geometry": {"type": "Polygon", "coordinates": [[[-121.95256824959817, 37.7681030967837], [-121.95148626696331, 37.76978409011574], [-121.95274278215437, 37.77129592805802], [-121.9550812804387, 37.77112674936334], [-121.95616319464645, 37.7694457552053], [-121.95490667899965, 37.767933940567644], [-121.95256824959817, 37.7681030967837]]]}}, {"type": "Feature", "properties": {"id": 258, "h3": "892830d7093ffff", "area_m2": 109902.2, "lat": 37.763229, "lon": -121.953476}, "geometry": {"type": "Polygon", "coordinates": [[[-121.95221921602915, 37.76171718343092], [-121.95113729176138, 37.763398237880146], [-121.95239372755677, 37.764910181902444], [-121.95473208807937, 37.76474104816651], [-121.9558139439291, 37.76305999289017], [-121.95455750767691, 37.76154807217659], [-121.95221921602915, 37.76171718343092]]]}}, {"type": "Feature", "properties": {"id": 259, "h3": "892830d7097ffff", "area_m2": 109896.8, "lat": 37.764572, "lon": -121.95707}, "geometry": {"type": "Polygon", "coordinates": [[[-121.9558139439291, 37.76305999289017], [-121.95473208807937, 37.76474104816651], [-121.95598856402762, 37.76625291584592], [-121.95832689627346, 37.76608370494054], [-121.95940868369618, 37.76440264884265], [-121.95815220730272, 37.76289080447137], [-121.9558139439291, 37.76305999289017]]]}}, {"type": "Feature", "properties": {"id": 260, "h3": "892830d709bffff", "area_m2": 109903.4, "lat": 37.765079, "lon": -121.950055}, "geometry": {"type": "Polygon", "coordinates": [[[-121.94879890298057, 37.763567294446055], [-121.94771688111642, 37.76524831750912], [-121.94897331644398, 37.76676028483866], [-121.95131177410622, 37.76659120579761], [-121.95239372755677, 37.764910181902444], [-121.95113729176138, 37.763398237880146], [-121.94879890298057, 37.763567294446055]]]}}, {"type": "Feature", "properties": {"id": 261, "h3": "892830d70a3ffff", "area_m2": 109882.7, "lat": 37.7723, "lon": -121.961015}, "geometry": {"type": "Polygon", "coordinates": [[[-121.95975815156048, 37.770788260099145], [-121.95867630578886, 37.77246925507764], [-121.95993290128376, 37.77398094030709], [-121.96227134298555, 37.7738116072543], [-121.96335312031206, 37.77213061146092], [-121.9620965243846, 37.77061894953492], [-121.95975815156048, 37.770788260099145]]]}}, {"type": "Feature", "properties": {"id": 262, "h3": "892830d70a7ffff", "area_m2": 109877.3, "lat": 37.773642, "lon": -121.96461}, "geometry": {"type": "Polygon", "coordinates": [[[-121.96335312031206, 37.77213061146092], [-121.96227134298555, 37.7738116072543], [-121.96352797861792, 37.77532321611994], [-121.96586639200048, 37.775153805889055], [-121.96694810087294, 37.773472809286325], [-121.96569146481957, 37.771961223723544], [-121.96335312031206, 37.77213061146092]]]}}, {"type": "Feature", "properties": {"id": 263, "h3": "892830d70abffff", "area_m2": 109883.9, "lat": 37.77415, "lon": -121.957594}, "geometry": {"type": "Polygon", "coordinates": [[[-121.9563378357865, 37.77263851095167], [-121.95525589239745, 37.77431947453698], [-121.95651248744875, 37.77583118306841], [-121.95885102633541, 37.77566190471229], [-121.95993290128376, 37.77398094030709], [-121.95867630578886, 37.77246925507764], [-121.9563378357865, 37.77263851095167]]]}}, {"type": "Feature", "properties": {"id": 264, "h3": "892830d70afffff", "area_m2": 109878.4, "lat": 37.775493, "lon": -121.96119}, "geometry": {"type": "Polygon", "coordinates": [[[-121.95993290128376, 37.77398094030709], [-121.95885102633541, 37.77566190471229], [-121.96010766153577, 37.77717353687933], [-121.96244617211917, 37.77700418133948], [-121.96352797861792, 37.77532321611994], [-121.96227134298555, 37.7738116072543], [-121.95993290128376, 37.77398094030709]]]}}, {"type": "Feature", "properties": {"id": 265, "h3": "892830d70b3ffff", "area_m2": 109887.0, "lat": 37.769107, "lon": -121.96084}, "geometry": {"type": "Polygon", "coordinates": [[[-121.95958341236495, 37.76759549627211], [-121.95850159576855, 37.76927652181484], [-121.95975815156048, 37.770788260099145], [-121.9620965243846, 37.77061894953492], [-121.96317827254045, 37.768937923176736], [-121.9619217163154, 37.767426208197946], [-121.95958341236495, 37.76759549627211]]]}}, {"type": "Feature", "properties": {"id": 266, "h3": "892830d70b7ffff", "area_m2": 109881.6, "lat": 37.77045, "lon": -121.964435}, "geometry": {"type": "Polygon", "coordinates": [[[-121.96317827254045, 37.768937923176736], [-121.9620965243846, 37.77061894953492], [-121.96335312031206, 37.77213061146092], [-121.96569146481957, 37.771961223723544], [-121.96677314452592, 37.770280196555476], [-121.96551654817692, 37.76876855793437], [-121.96317827254045, 37.768937923176736]]]}}, {"type": "Feature", "properties": {"id": 267, "h3": "892830d70bbffff", "area_m2": 109888.2, "lat": 37.770958, "lon": -121.95742}, "geometry": {"type": "Polygon", "coordinates": [[[-121.95616319464645, 37.7694457552053], [-121.9550812804387, 37.77112674936334], [-121.9563378357865, 37.77263851095167], [-121.95867630578886, 37.77246925507764], [-121.95975815156048, 37.770788260099145], [-121.95850159576855, 37.76927652181484], [-121.95616319464645, 37.7694457552053]]]}}, {"type": "Feature", "properties": {"id": 268, "h3": "892830d70c3ffff", "area_m2": 109905.6, "lat": 37.768779, "lon": -121.943214}, "geometry": {"type": "Polygon", "coordinates": [[[-121.94195769273122, 37.767267258190834], [-121.9408754756693, 37.76894821844102], [-121.94213191002804, 37.77046023238068], [-121.9444705619413, 37.770291262765554], [-121.94555271059848, 37.76861030167326], [-121.9442962757498, 37.76709831103792], [-121.94195769273122, 37.767267258190834]]]}}, {"type": "Feature", "properties": {"id": 269, "h3": "892830d70c7ffff", "area_m2": 109900.2, "lat": 37.770122, "lon": -121.946809}, "geometry": {"type": "Polygon", "coordinates": [[[-121.94555271059848, 37.76861030167326], [-121.9444705619413, 37.770291262765554], [-121.94572703648765, 37.77180320036058], [-121.94806566017216, 37.77163415355929], [-121.94914774041561, 37.769953191630435], [-121.94789126539094, 37.76844127733915], [-121.94555271059848, 37.76861030167326]]]}}, {"type": "Feature", "properties": {"id": 270, "h3": "892830d70cbffff", "area_m2": 109906.8, "lat": 37.770629, "lon": -121.939793}, "geometry": {"type": "Polygon", "coordinates": [[[-121.93853679554591, 37.76911711086936], [-121.93745448088265, 37.77079803969284], [-121.93871091474041, 37.77231007693536], [-121.9410496637651, 37.77214116205127], [-121.94213191002804, 37.77046023238068], [-121.9408754756693, 37.76894821844102], [-121.93853679554591, 37.76911711086936]]]}}, {"type": "Feature", "properties": {"id": 271, "h3": "892830d70cfffff", "area_m2": 109901.3, "lat": 37.771972, "lon": -121.943388}, "geometry": {"type": "Polygon", "coordinates": [[[-121.94213191002804, 37.77046023238068], [-121.9410496637651, 37.77214116205127], [-121.94230613782204, 37.77365312294858], [-121.94464485863398, 37.773484130872724], [-121.94572703648765, 37.77180320036058], [-121.9444705619413, 37.770291262765554], [-121.94213191002804, 37.77046023238068]]]}}, {"type": "Feature", "properties": {"id": 272, "h3": "892830d70d3ffff", "area_m2": 109909.9, "lat": 37.765586, "lon": -121.94304}, "geometry": {"type": "Polygon", "coordinates": [[[-121.94178348593059, 37.764074200395655], [-121.94070129806819, 37.765755191216364], [-121.94195769273122, 37.767267258190834], [-121.9442962757498, 37.76709831103792], [-121.94537839521203, 37.76541731937454], [-121.94412200005853, 37.763905275706456], [-121.94178348593059, 37.764074200395655]]]}}, {"type": "Feature", "properties": {"id": 273, "h3": "892830d70d7ffff", "area_m2": 109904.5, "lat": 37.766929, "lon": -121.946635}, "geometry": {"type": "Polygon", "coordinates": [[[-121.94537839521203, 37.76541731937454], [-121.9442962757498, 37.76709831103792], [-121.94555271059848, 37.76861030167326], [-121.94789126539094, 37.76844127733915], [-121.94897331644398, 37.76676028483866], [-121.94771688111642, 37.76524831750912], [-121.94537839521203, 37.76541731937454]]]}}, {"type": "Feature", "properties": {"id": 274, "h3": "892830d70dbffff", "area_m2": 109911.1, "lat": 37.767436, "lon": -121.939619}, "geometry": {"type": "Polygon", "coordinates": [[[-121.93836268684207, 37.76592406118746], [-121.93728040138438, 37.76760502058998], [-121.93853679554591, 37.76911711086936], [-121.9408754756693, 37.76894821844102], [-121.94195769273122, 37.767267258190834], [-121.94070129806819, 37.765755191216364], [-121.93836268684207, 37.76592406118746]]]}}, {"type": "Feature", "properties": {"id": 275, "h3": "892830d7107ffff", "area_m2": 109846.9, "lat": 37.785394, "lon": -121.979341}, "geometry": {"type": "Polygon", "coordinates": [[[-121.97808370894887, 37.78388300255212], [-121.97700214718289, 37.785563940388364], [-121.97825902270154, 37.787075137561885], [-121.9805974603624, 37.78690537360249], [-121.98167895362934, 37.78522443498023], [-121.98042207773712, 37.78371326110309], [-121.97808370894887, 37.78388300255212]]]}}, {"type": "Feature", "properties": {"id": 276, "h3": "892830d7113ffff", "area_m2": 109856.7, "lat": 37.78086, "lon": -121.97557}, "geometry": {"type": "Polygon", "coordinates": [[[-121.97431328135912, 37.77934912226008], [-121.97323168026314, 37.781030089889335], [-121.97448847596333, 37.78254141654946], [-121.97682687314781, 37.78237175228102], [-121.97790840575828, 37.78069078385965], [-121.97665160967239, 37.77917948049858], [-121.97431328135912, 37.77934912226008]]]}}, {"type": "Feature", "properties": {"id": 277, "h3": "892830d7117ffff", "area_m2": 109851.2, "lat": 37.782202, "lon": -121.979165}, "geometry": {"type": "Polygon", "coordinates": [[[-121.97790840575828, 37.78069078385965], [-121.97682687314781, 37.78237175228102], [-121.97808370894887, 37.78388300255212], [-121.98042207773712, 37.78371326110309], [-121.98150354185304, 37.78203229189515], [-121.98024670567791, 37.78052106492252], [-121.97790840575828, 37.78069078385965]]]}}, {"type": "Feature", "properties": {"id": 278, "h3": "892830d711bffff", "area_m2": 109857.8, "lat": 37.782711, "lon": -121.97215}, "geometry": {"type": "Polygon", "coordinates": [[[-121.97089325470097, 37.78119967697657], [-121.96981155596382, 37.782880613224094], [-121.97106835126725, 37.784391963181825], [-121.97340684570727, 37.784222353594124], [-121.97448847596333, 37.78254141654946], [-121.97323168026314, 37.781030089889335], [-121.97089325470097, 37.78119967697657]]]}}, {"type": "Feature", "properties": {"id": 279, "h3": "892830d7133ffff", "area_m2": 109841.5, "lat": 37.786736, "lon": -121.982936}, "geometry": {"type": "Polygon", "coordinates": [[[-121.98167895362934, 37.78522443498023], [-121.9805974603624, 37.78690537360249], [-121.98185437597421, 37.78841649437654], [-121.98419278521762, 37.78824665323222], [-121.98527420997651, 37.78656571382949], [-121.98401729400271, 37.78505461635125], [-121.98167895362934, 37.78522443498023]]]}}, {"type": "Feature", "properties": {"id": 280, "h3": "892830d7137ffff", "area_m2": 109836.0, "lat": 37.788077, "lon": -121.986531}, "geometry": {"type": "Polygon", "coordinates": [[[-121.98527420997651, 37.78656571382949], [-121.98419278521762, 37.78824665323222], [-121.98544974091293, 37.78975769760188], [-121.98778812172021, 37.789587779273305], [-121.98886947796215, 37.78790683909565], [-121.98761252191642, 37.78639581802122], [-121.98527420997651, 37.78656571382949]]]}}, {"type": "Feature", "properties": {"id": 281, "h3": "892830d7153ffff", "area_m2": 109864.4, "lat": 37.78322, "lon": -121.965134}, "geometry": {"type": "Polygon", "coordinates": [[[-121.96387772683612, 37.78170817449604], [-121.96279586198837, 37.78338907854068], [-121.96405261675035, 37.78490052817983], [-121.96639123678212, 37.78473105047735], [-121.96747303316216, 37.78305014562499], [-121.9662162779808, 37.78153871928257], [-121.96387772683612, 37.78170817449604]]]}}, {"type": "Feature", "properties": {"id": 282, "h3": "892830d7157ffff", "area_m2": 109858.9, "lat": 37.784562, "lon": -121.96873}, "geometry": {"type": "Polygon", "coordinates": [[[-121.96747303316216, 37.78305014562499], [-121.96639123678212, 37.78473105047735], [-121.9676480316778, 37.78624242373119], [-121.96998662336392, 37.786072868836314], [-121.97106835126725, 37.784391963181825], [-121.96981155596382, 37.782880613224094], [-121.96747303316216, 37.78305014562499]]]}}, {"type": "Feature", "properties": {"id": 283, "h3": "892830d7183ffff", "area_m2": 109859.8, "lat": 37.775817, "lon": -121.978815}, "geometry": {"type": "Polygon", "coordinates": [[[-121.9775578310596, 37.77430609549318], [-121.97647635675565, 37.775987125057625], [-121.97773311312883, 37.777498481501155], [-121.98007134418387, 37.77732878507738], [-121.98115275000245, 37.775647754725256], [-121.97989599325403, 37.7741364215843], [-121.9775578310596, 37.77430609549318]]]}}, {"type": "Feature", "properties": {"id": 284, "h3": "892830d7187ffff", "area_m2": 109854.4, "lat": 37.777159, "lon": -121.98241}, "geometry": {"type": "Polygon", "coordinates": [[[-121.98115275000245, 37.775647754725256], [-121.98007134418387, 37.77732878507738], [-121.98132814064441, 37.778840065137956], [-121.9836663432898, 37.77867029154417], [-121.984747680614, 37.77698926040994], [-121.98349088378987, 37.77547800365132], [-121.98115275000245, 37.775647754725256]]]}}, {"type": "Feature", "properties": {"id": 285, "h3": "892830d718bffff", "area_m2": 109861.0, "lat": 37.777668, "lon": -121.975395}, "geometry": {"type": "Polygon", "coordinates": [[[-121.97413809730958, 37.77615674431074], [-121.97305652537216, 37.77783774251548], [-121.97431328135912, 37.77934912226008], [-121.97665160967239, 37.77917948049858], [-121.97773311312883, 37.777498481501155], [-121.97647635675565, 37.775987125057625], [-121.97413809730958, 37.77615674431074]]]}}, {"type": "Feature", "properties": {"id": 286, "h3": "892830d718fffff", "area_m2": 109855.5, "lat": 37.77901, "lon": -121.97899}, "geometry": {"type": "Polygon", "coordinates": [[[-121.97773311312883, 37.777498481501155], [-121.97665160967239, 37.77917948049858], [-121.97790840575828, 37.78069078385965], [-121.98024670567791, 37.78052106492252], [-121.98132814064441, 37.778840065137956], [-121.98007134418387, 37.77732878507738], [-121.97773311312883, 37.777498481501155]]]}}, {"type": "Feature", "properties": {"id": 287, "h3": "892830d7193ffff", "area_m2": 109864.1, "lat": 37.772625, "lon": -121.978639}, "geometry": {"type": "Polygon", "coordinates": [[[-121.97738255954961, 37.771113625852415], [-121.97630111439662, 37.7727946859748], [-121.9775578310596, 37.77430609549318], [-121.97989599325403, 37.7741364215843], [-121.98097736992624, 37.77245536067369], [-121.97972065288748, 37.7709439744599], [-121.97738255954961, 37.771113625852415]]]}}, {"type": "Feature", "properties": {"id": 288, "h3": "892830d7197ffff", "area_m2": 109858.7, "lat": 37.773967, "lon": -121.982234}, "geometry": {"type": "Polygon", "coordinates": [[[-121.98097736992624, 37.77245536067369], [-121.97989599325403, 37.7741364215843], [-121.98115275000245, 37.775647754725256], [-121.98349088378987, 37.77547800365132], [-121.98457219197223, 37.77379694195804], [-121.98331543485969, 37.77228563212108], [-121.98097736992624, 37.77245536067369]]]}}, {"type": "Feature", "properties": {"id": 289, "h3": "892830d719bffff", "area_m2": 109865.3, "lat": 37.774476, "lon": -121.97522}, "geometry": {"type": "Polygon", "coordinates": [[[-121.97396292381374, 37.772964282718], [-121.97288138103335, 37.7746453114892], [-121.97413809730958, 37.77615674431074], [-121.97647635675565, 37.775987125057625], [-121.9775578310596, 37.77430609549318], [-121.97630111439662, 37.7727946859748], [-121.97396292381374, 37.772964282718]]]}}, {"type": "Feature", "properties": {"id": 290, "h3": "892830d71a3ffff", "area_m2": 109844.6, "lat": 37.781693, "lon": -121.98618}, "geometry": {"type": "Polygon", "coordinates": [[[-121.98492317982803, 37.78018149521691], [-121.98384181336044, 37.781862495783024], [-121.9850986896152, 37.7833736463623], [-121.98743693269172, 37.78320377307581], [-121.98851823065145, 37.78152277173367], [-121.98726135404517, 37.780011644453715], [-121.98492317982803, 37.78018149521691]]]}}, {"type": "Feature", "properties": {"id": 291, "h3": "892830d71a7ffff", "area_m2": 109839.2, "lat": 37.783034, "lon": -121.989775}, "geometry": {"type": "Polygon", "coordinates": [[[-121.98851823065145, 37.78152277173367], [-121.98743693269172, 37.78320377307581], [-121.98869384901647, 37.784714847256794], [-121.99103206364352, 37.78454489679662], [-121.99211329308639, 37.782863894684006], [-121.99085637642172, 37.781352843801756], [-121.98851823065145, 37.78152277173367]]]}}, {"type": "Feature", "properties": {"id": 292, "h3": "892830d71abffff", "area_m2": 109845.8, "lat": 37.783543, "lon": -121.98276}, "geometry": {"type": "Polygon", "coordinates": [[[-121.98150354185304, 37.78203229189515], [-121.98042207773712, 37.78371326110309], [-121.98167895362934, 37.78522443498023], [-121.98401729400271, 37.78505461635125], [-121.9850986896152, 37.7833736463623], [-121.98384181336044, 37.781862495783024], [-121.98150354185304, 37.78203229189515]]]}}, {"type": "Feature", "properties": {"id": 293, "h3": "892830d71afffff", "area_m2": 109840.3, "lat": 37.784885, "lon": -121.986356}, "geometry": {"type": "Polygon", "coordinates": [[[-121.9850986896152, 37.7833736463623], [-121.98401729400271, 37.78505461635125], [-121.98527420997651, 37.78656571382949], [-121.98761252191642, 37.78639581802122], [-121.98869384901647, 37.784714847256794], [-121.98743693269172, 37.78320377307581], [-121.9850986896152, 37.7833736463623]]]}}, {"type": "Feature", "properties": {"id": 294, "h3": "892830d71b3ffff", "area_m2": 109848.9, "lat": 37.7785, "lon": -121.986005}, "geometry": {"type": "Polygon", "coordinates": [[[-121.984747680614, 37.77698926040994], [-121.9836663432898, 37.77867029154417], [-121.98492317982803, 37.78018149521691], [-121.98726135404517, 37.780011644453715], [-121.98834262286607, 37.77833061254293], [-121.9870857859758, 37.77681943217157], [-121.984747680614, 37.77698926040994]]]}}, {"type": "Feature", "properties": {"id": 295, "h3": "892830d71b7ffff", "area_m2": 109843.5, "lat": 37.779842, "lon": -121.989599}, "geometry": {"type": "Polygon", "coordinates": [[[-121.98834262286607, 37.77833061254293], [-121.98726135404517, 37.780011644453715], [-121.98851823065145, 37.78152277173367], [-121.99085637642172, 37.781352843801756], [-121.99193757673035, 37.77967181111993], [-121.99068069978361, 37.778160707140756], [-121.98834262286607, 37.77833061254293]]]}}, {"type": "Feature", "properties": {"id": 296, "h3": "892830d71bbffff", "area_m2": 109850.1, "lat": 37.780351, "lon": -121.982585}, "geometry": {"type": "Polygon", "coordinates": [[[-121.98132814064441, 37.778840065137956], [-121.98024670567791, 37.78052106492252], [-121.98150354185304, 37.78203229189515], [-121.98384181336044, 37.781862495783024], [-121.98492317982803, 37.78018149521691], [-121.9836663432898, 37.77867029154417], [-121.98132814064441, 37.778840065137956]]]}}, {"type": "Feature", "properties": {"id": 297, "h3": "892830d71c3ffff", "area_m2": 109867.5, "lat": 37.778177, "lon": -121.96838}, "geometry": {"type": "Polygon", "coordinates": [[[-121.9671230677607, 37.77666533838594], [-121.96604132972057, 37.77834630441426], [-121.96729804519013, 37.77985778383771], [-121.96963649911132, 37.779688273932315], [-121.97071816868383, 37.77800730710076], [-121.96946145280545, 37.77649585097755], [-121.9671230677607, 37.77666533838594]]]}}, {"type": "Feature", "properties": {"id": 298, "h3": "892830d71c7ffff", "area_m2": 109862.1, "lat": 37.779519, "lon": -121.971975}, "geometry": {"type": "Polygon", "coordinates": [[[-121.97071816868383, 37.77800730710076], [-121.96963649911132, 37.779688273932315], [-121.97089325470097, 37.78119967697657], [-121.97323168026314, 37.781030089889335], [-121.97431328135912, 37.77934912226008], [-121.97305652537216, 37.77783774251548], [-121.97071816868383, 37.77800730710076]]]}}, {"type": "Feature", "properties": {"id": 299, "h3": "892830d71cbffff", "area_m2": 109868.7, "lat": 37.780027, "lon": -121.96496}, "geometry": {"type": "Polygon", "coordinates": [[[-121.96370284745895, 37.7785157371372], [-121.96262101178648, 37.78019667177381], [-121.96387772683612, 37.78170817449604], [-121.9662162779808, 37.78153871928257], [-121.96729804519013, 37.77985778383771], [-121.96604132972057, 37.77834630441426], [-121.96370284745895, 37.7785157371372]]]}}, {"type": "Feature", "properties": {"id": 300, "h3": "892830d71cfffff", "area_m2": 109863.2, "lat": 37.781369, "lon": -121.968555}, "geometry": {"type": "Polygon", "coordinates": [[[-121.96729804519013, 37.77985778383771], [-121.9662162779808, 37.78153871928257], [-121.96747303316216, 37.78305014562499], [-121.96981155596382, 37.782880613224094], [-121.97089325470097, 37.78119967697657], [-121.96963649911132, 37.779688273932315], [-121.96729804519013, 37.77985778383771]]]}}, {"type": "Feature", "properties": {"id": 301, "h3": "892830d71d3ffff", "area_m2": 109871.9, "lat": 37.774984, "lon": -121.968205}, "geometry": {"type": "Polygon", "coordinates": [[[-121.96694810087294, 37.773472809286325], [-121.96586639200048, 37.775153805889055], [-121.9671230677607, 37.77666533838594], [-121.96946145280545, 37.77649585097755], [-121.97054309321486, 37.774814853571016], [-121.96928641704524, 37.773303344376416], [-121.96694810087294, 37.773472809286325]]]}}, {"type": "Feature", "properties": {"id": 302, "h3": "892830d71d7ffff", "area_m2": 109866.4, "lat": 37.776326, "lon": -121.9718}, "geometry": {"type": "Polygon", "coordinates": [[[-121.97054309321486, 37.774814853571016], [-121.96946145280545, 37.77649585097755], [-121.97071816868383, 37.77800730710076], [-121.97305652537216, 37.77783774251548], [-121.97413809730958, 37.77615674431074], [-121.97288138103335, 37.7746453114892], [-121.97054309321486, 37.774814853571016]]]}}, {"type": "Feature", "properties": {"id": 303, "h3": "892830d71dbffff", "area_m2": 109873.0, "lat": 37.776835, "lon": -121.964785}, "geometry": {"type": "Polygon", "coordinates": [[[-121.96352797861792, 37.77532321611994], [-121.96244617211917, 37.77700418133948], [-121.96370284745895, 37.7785157371372], [-121.96604132972057, 37.77834630441426], [-121.9671230677607, 37.77666533838594], [-121.96586639200048, 37.775153805889055], [-121.96352797861792, 37.77532321611994]]]}}, {"type": "Feature", "properties": {"id": 304, "h3": "892830d7203ffff", "area_m2": 109898.4, "lat": 37.787606, "lon": -121.926629}, "geometry": {"type": "Polygon", "coordinates": [[[-121.92537247129947, 37.78609420891689], [-121.9242896785156, 37.78777492000489], [-121.9255462293689, 37.78928689126376], [-121.92788557355233, 37.78911812814344], [-121.92896829794005, 37.78743741618998], [-121.92771174654314, 37.785925468222004], [-121.92537247129947, 37.78609420891689]]]}}, {"type": "Feature", "properties": {"id": 305, "h3": "892830d7207ffff", "area_m2": 109892.9, "lat": 37.788949, "lon": -121.930225}, "geometry": {"type": "Polygon", "coordinates": [[[-121.92896829794005, 37.78743741618998], [-121.92788557355233, 37.78911812814344], [-121.929142164657, 37.79063002303816], [-121.93148148068406, 37.79046118268888], [-121.93256413666661, 37.788780469875526], [-121.93130754502992, 37.78726859827109], [-121.92896829794005, 37.78743741618998]]]}}, {"type": "Feature", "properties": {"id": 306, "h3": "892830d720bffff", "area_m2": 109899.5, "lat": 37.789456, "lon": -121.923207}, "geometry": {"type": "Polygon", "coordinates": [[[-121.92195030619442, 37.78794360589563], [-121.92086741578277, 37.789624285463866], [-121.9221239660814, 37.791136280012125], [-121.924463407349, 37.79096757170245], [-121.9255462293689, 37.78928689126376], [-121.9242896785156, 37.78777492000489], [-121.92195030619442, 37.78794360589563]]]}}, {"type": "Feature", "properties": {"id": 307, "h3": "892830d720fffff", "area_m2": 109894.1, "lat": 37.790799, "lon": -121.926803}, "geometry": {"type": "Polygon", "coordinates": [[[-121.9255462293689, 37.78928689126376], [-121.924463407349, 37.79096757170245], [-121.92571999791055, 37.792479489886006], [-121.9280594110378, 37.792310704341766], [-121.929142164657, 37.79063002303816], [-121.92788557355233, 37.78911812814344], [-121.9255462293689, 37.78928689126376]]]}}, {"type": "Feature", "properties": {"id": 308, "h3": "892830d7213ffff", "area_m2": 109902.7, "lat": 37.784413, "lon": -121.926455}, "geometry": {"type": "Polygon", "coordinates": [[[-121.92519872370137, 37.782901442862055], [-121.924115960152, 37.78458218459033], [-121.92537247129947, 37.78609420891689], [-121.92771174654314, 37.785925468222004], [-121.92879444170089, 37.78424472562773], [-121.92753793000928, 37.78273272459408], [-121.92519872370137, 37.782901442862055]]]}}, {"type": "Feature", "properties": {"id": 309, "h3": "892830d7217ffff", "area_m2": 109897.3, "lat": 37.785757, "lon": -121.930051}, "geometry": {"type": "Polygon", "coordinates": [[[-121.92879444170089, 37.78424472562773], [-121.92771174654314, 37.785925468222004], [-121.92896829794005, 37.78743741618998], [-121.93130754502992, 37.78726859827109], [-121.93239017178706, 37.78558785481638], [-121.93113361985759, 37.78407593014073], [-121.92879444170089, 37.78424472562773]]]}}, {"type": "Feature", "properties": {"id": 310, "h3": "892830d721bffff", "area_m2": 109903.8, "lat": 37.786263, "lon": -121.923033}, "geometry": {"type": "Polygon", "coordinates": [[[-121.92177665677316, 37.78475084806061], [-121.92069379560213, 37.78643155827761], [-121.92195030619442, 37.78794360589563], [-121.9242896785156, 37.78777492000489], [-121.92537247129947, 37.78609420891689], [-121.924115960152, 37.78458218459033], [-121.92177665677316, 37.78475084806061]]]}}, {"type": "Feature", "properties": {"id": 311, "h3": "892830d7223ffff", "area_m2": 109883.2, "lat": 37.793485, "lon": -121.933995}, "geometry": {"type": "Polygon", "coordinates": [[[-121.93273811203045, 37.791973001214565], [-121.93165542682098, 37.7936536833775], [-121.93291209787955, 37.79516544881684], [-121.9352514546702, 37.794996508805305], [-121.93633407146099, 37.793315825788575], [-121.93507739988252, 37.79180408363689], [-121.93273811203045, 37.791973001214565]]]}}, {"type": "Feature", "properties": {"id": 312, "h3": "892830d7233ffff", "area_m2": 109887.5, "lat": 37.790292, "lon": -121.933821}, "geometry": {"type": "Polygon", "coordinates": [[[-121.93256413666661, 37.788780469875526], [-121.93148148068406, 37.79046118268888], [-121.93273811203045, 37.791973001214565], [-121.93507739988252, 37.79180408363689], [-121.93615998745088, 37.79012336996918], [-121.93490335558405, 37.78861157473322], [-121.93256413666661, 37.788780469875526]]]}}, {"type": "Feature", "properties": {"id": 313, "h3": "892830d723bffff", "area_m2": 109888.6, "lat": 37.792142, "lon": -121.930399}, "geometry": {"type": "Polygon", "coordinates": [[[-121.929142164657, 37.79063002303816], [-121.9280594110378, 37.792310704341766], [-121.92931604185269, 37.793822546155695], [-121.93165542682098, 37.7936536833775], [-121.93273811203045, 37.791973001214565], [-121.93148148068406, 37.79046118268888], [-121.929142164657, 37.79063002303816]]]}}, {"type": "Feature", "properties": {"id": 314, "h3": "892830d7243ffff", "area_m2": 109906.1, "lat": 37.789962, "lon": -121.916188}, "geometry": {"type": "Polygon", "coordinates": [[[-121.91493193887504, 37.788449399469144], [-121.91384888245577, 37.79013004662313], [-121.91510539190449, 37.79164214081963], [-121.91744495835245, 37.791473564573366], [-121.91852794639347, 37.789792916538396], [-121.91727143636744, 37.78828084563039], [-121.91493193887504, 37.788449399469144]]]}}, {"type": "Feature", "properties": {"id": 315, "h3": "892830d7253ffff", "area_m2": 109910.4, "lat": 37.786769, "lon": -121.916015}, "geometry": {"type": "Polygon", "coordinates": [[[-121.91475849629931, 37.78525657439567], [-121.91367546913123, 37.786937252206364], [-121.91493193887504, 37.788449399469144], [-121.91727143636744, 37.78828084563039], [-121.91835439516178, 37.786600166938165], [-121.9170979248401, 37.78508804296593], [-121.91475849629931, 37.78525657439567]]]}}, {"type": "Feature", "properties": {"id": 316, "h3": "892830d7257ffff", "area_m2": 109904.9, "lat": 37.788112, "lon": -121.919611}, "geometry": {"type": "Polygon", "coordinates": [[[-121.91835439516178, 37.786600166938165], [-121.91727143636744, 37.78828084563039], [-121.91852794639347, 37.789792916538396], [-121.92086741578277, 37.789624285463866], [-121.92195030619442, 37.78794360589563], [-121.92069379560213, 37.78643155827761], [-121.91835439516178, 37.786600166938165]]]}}, {"type": "Feature", "properties": {"id": 317, "h3": "892830d725bffff", "area_m2": 109911.5, "lat": 37.788618, "lon": -121.912592}, "geometry": {"type": "Polygon", "coordinates": [[[-121.9113359435544, 37.78710572880876], [-121.9102528187659, 37.788786375076185], [-121.91150928792077, 37.79029854562807], [-121.91384888245577, 37.79013004662313], [-121.91493193887504, 37.788449399469144], [-121.91367546913123, 37.786937252206364], [-121.9113359435544, 37.78710572880876]]]}}, {"type": "Feature", "properties": {"id": 318, "h3": "892830d7273ffff", "area_m2": 109895.2, "lat": 37.792648, "lon": -121.923381}, "geometry": {"type": "Polygon", "coordinates": [[[-121.9221239660814, 37.791136280012125], [-121.92104104642762, 37.79281692892255], [-121.92229763643508, 37.79432887039347], [-121.92463714665307, 37.79416013966631], [-121.92571999791055, 37.792479489886006], [-121.924463407349, 37.79096757170245], [-121.9221239660814, 37.791136280012125]]]}}, {"type": "Feature", "properties": {"id": 319, "h3": "892830d7277ffff", "area_m2": 109889.8, "lat": 37.793991, "lon": -121.926977}, "geometry": {"type": "Polygon", "coordinates": [[[-121.92571999791055, 37.792479489886006], [-121.92463714665307, 37.79416013966631], [-121.9258937769254, 37.79567200476704], [-121.92823325900046, 37.79550319680036], [-121.92931604185269, 37.793822546155695], [-121.9280594110378, 37.792310704341766], [-121.92571999791055, 37.792479489886006]]]}}, {"type": "Feature", "properties": {"id": 320, "h3": "892830d7283ffff", "area_m2": 109905.9, "lat": 37.779371, "lon": -121.929703}, "geometry": {"type": "Polygon", "coordinates": [[[-121.92844676065218, 37.77785909342759], [-121.92736412394973, 37.7795398972763], [-121.92862059593858, 37.781051951368056], [-121.93095970516612, 37.78088317831442], [-121.93204227347705, 37.77920237360416], [-121.93078580095461, 37.777690342808825], [-121.92844676065218, 37.77785909342759]]]}}, {"type": "Feature", "properties": {"id": 321, "h3": "892830d7287ffff", "area_m2": 109900.4, "lat": 37.780714, "lon": -121.933299}, "geometry": {"type": "Polygon", "coordinates": [[[-121.93204227347705, 37.77920237360416], [-121.93095970516612, 37.78088317831442], [-121.93221621739087, 37.78239515605371], [-121.93455529845116, 37.78222630578661], [-121.93563779836157, 37.780545500220356], [-121.93438128561485, 37.779033545776905], [-121.93204227347705, 37.77920237360416]]]}}, {"type": "Feature", "properties": {"id": 322, "h3": "892830d728bffff", "area_m2": 109907.0, "lat": 37.781221, "lon": -121.926281}, "geometry": {"type": "Polygon", "coordinates": [[[-121.92502498657358, 37.77970859311587], [-121.92394225225718, 37.781389365475334], [-121.92519872370137, 37.782901442862055], [-121.92753793000928, 37.78273272459408], [-121.92862059593858, 37.781051951368056], [-121.92736412394973, 37.7795398972763], [-121.92502498657358, 37.77970859311587]]]}}, {"type": "Feature", "properties": {"id": 323, "h3": "892830d728fffff", "area_m2": 109901.6, "lat": 37.782564, "lon": -121.929877}, "geometry": {"type": "Polygon", "coordinates": [[[-121.92862059593858, 37.781051951368056], [-121.92753793000928, 37.78273272459408], [-121.92879444170089, 37.78424472562773], [-121.93113361985759, 37.78407593014073], [-121.93221621739087, 37.78239515605371], [-121.93095970516612, 37.78088317831442], [-121.92862059593858, 37.781051951368056]]]}}, {"type": "Feature", "properties": {"id": 324, "h3": "892830d7293ffff", "area_m2": 109910.2, "lat": 37.776178, "lon": -121.929529}, "geometry": {"type": "Polygon", "coordinates": [[[-121.92827293584077, 37.77466615182294], [-121.92719032836365, 37.77634698628527], [-121.92844676065218, 37.77785909342759], [-121.93078580095461, 37.777690342808825], [-121.93186834004472, 37.77600950748437], [-121.93061190722204, 37.77449742364051], [-121.92827293584077, 37.77466615182294]]]}}, {"type": "Feature", "properties": {"id": 325, "h3": "892830d7297ffff", "area_m2": 109904.7, "lat": 37.777522, "lon": -121.933125}, "geometry": {"type": "Polygon", "coordinates": [[[-121.93186834004472, 37.77600950748437], [-121.93078580095461, 37.777690342808825], [-121.93204227347705, 37.77920237360416], [-121.93438128561485, 37.779033545776905], [-121.93546375630898, 37.77735270959592], [-121.93420728326399, 37.77584070209845], [-121.93186834004472, 37.77600950748437]]]}}, {"type": "Feature", "properties": {"id": 326, "h3": "892830d729bffff", "area_m2": 109911.3, "lat": 37.778028, "lon": -121.926108}, "geometry": {"type": "Polygon", "coordinates": [[[-121.92485125991523, 37.776515659694944], [-121.92376855483027, 37.77819646267655], [-121.92502498657358, 37.77970859311587], [-121.92736412394973, 37.7795398972763], [-121.92844676065218, 37.77785909342759], [-121.92719032836365, 37.77634698628527], [-121.92485125991523, 37.776515659694944]]]}}, {"type": "Feature", "properties": {"id": 327, "h3": "892830d72a3ffff", "area_m2": 109890.7, "lat": 37.78525, "lon": -121.937068}, "geometry": {"type": "Polygon", "coordinates": [[[-121.93581185090214, 37.783738207168454], [-121.93472932177394, 37.785418982110926], [-121.9359859139316, 37.786930830423614], [-121.93832503572999, 37.78676188050034], [-121.93940749644412, 37.785081104707984], [-121.93815090377659, 37.783569279688514], [-121.93581185090214, 37.783738207168454]]]}}, {"type": "Feature", "properties": {"id": 328, "h3": "892830d72a7ffff", "area_m2": 109885.2, "lat": 37.786593, "lon": -121.940664}, "geometry": {"type": "Polygon", "coordinates": [[[-121.93940749644412, 37.785081104707984], [-121.93832503572999, 37.78676188050034], [-121.93958166810619, 37.78827365244513], [-121.94192076169753, 37.78810462530465], [-121.94300315398866, 37.78642384866794], [-121.94174652111413, 37.78491210001579], [-121.93940749644412, 37.785081104707984]]]}}, {"type": "Feature", "properties": {"id": 329, "h3": "892830d72abffff", "area_m2": 109891.8, "lat": 37.7871, "lon": -121.933647}, "geometry": {"type": "Polygon", "coordinates": [[[-121.93239017178706, 37.78558785481638], [-121.93130754502992, 37.78726859827109], [-121.93256413666661, 37.788780469875526], [-121.93490335558405, 37.78861157473322], [-121.9359859139316, 37.786930830423614], [-121.93472932177394, 37.785418982110926], [-121.93239017178706, 37.78558785481638]]]}}, {"type": "Feature", "properties": {"id": 330, "h3": "892830d72afffff", "area_m2": 109886.4, "lat": 37.788443, "lon": -121.937243}, "geometry": {"type": "Polygon", "coordinates": [[[-121.9359859139316, 37.786930830423614], [-121.93490335558405, 37.78861157473322], [-121.93615998745088, 37.79012336996918], [-121.93849917817728, 37.789954397604085], [-121.93958166810619, 37.78827365244513], [-121.93832503572999, 37.78676188050034], [-121.9359859139316, 37.786930830423614]]]}}, {"type": "Feature", "properties": {"id": 331, "h3": "892830d72b3ffff", "area_m2": 109895.0, "lat": 37.782057, "lon": -121.936894}, "geometry": {"type": "Polygon", "coordinates": [[[-121.93563779836157, 37.780545500220356], [-121.93455529845116, 37.78222630578661], [-121.93581185090214, 37.783738207168454], [-121.93815090377659, 37.783569279688514], [-121.93923333527748, 37.781888473271806], [-121.93797678231608, 37.780376595185224], [-121.93563779836157, 37.780545500220356]]]}}, {"type": "Feature", "properties": {"id": 332, "h3": "892830d72b7ffff", "area_m2": 109889.6, "lat": 37.7834, "lon": -121.94049}, "geometry": {"type": "Polygon", "coordinates": [[[-121.93923333527748, 37.781888473271806], [-121.93815090377659, 37.783569279688514], [-121.93940749644412, 37.785081104707984], [-121.94174652111413, 37.78491210001579], [-121.9428288841965, 37.783231292754195], [-121.9415722910301, 37.7817194910294], [-121.93923333527748, 37.781888473271806]]]}}, {"type": "Feature", "properties": {"id": 333, "h3": "892830d72bbffff", "area_m2": 109896.1, "lat": 37.783907, "lon": -121.933473}, "geometry": {"type": "Polygon", "coordinates": [[[-121.93221621739087, 37.78239515605371], [-121.93113361985759, 37.78407593014073], [-121.93239017178706, 37.78558785481638], [-121.93472932177394, 37.785418982110926], [-121.93581185090214, 37.783738207168454], [-121.93455529845116, 37.78222630578661], [-121.93221621739087, 37.78239515605371]]]}}, {"type": "Feature", "properties": {"id": 334, "h3": "892830d72c3ffff", "area_m2": 109913.6, "lat": 37.781727, "lon": -121.919264}, "geometry": {"type": "Polygon", "coordinates": [[[-121.91800732407519, 37.78021441661692], [-121.91692442376957, 37.78189515659655], [-121.91818085438935, 37.783407333625455], [-121.92052018588471, 37.78323874738037], [-121.92160301781671, 37.78155800652366], [-121.92034658662963, 37.780045852788824], [-121.91800732407519, 37.78021441661692]]]}}, {"type": "Feature", "properties": {"id": 335, "h3": "892830d72c7ffff", "area_m2": 109908.1, "lat": 37.78307, "lon": -121.922859}, "geometry": {"type": "Polygon", "coordinates": [[[-121.92160301781671, 37.78155800652366], [-121.92052018588471, 37.78323874738037], [-121.92177665677316, 37.78475084806061], [-121.924115960152, 37.78458218459033], [-121.92519872370137, 37.782901442862055], [-121.92394225225718, 37.781389365475334], [-121.92160301781671, 37.78155800652366]]]}}, {"type": "Feature", "properties": {"id": 336, "h3": "892830d72cbffff", "area_m2": 109914.7, "lat": 37.783576, "lon": -121.915841}, "geometry": {"type": "Polygon", "coordinates": [[[-121.91458506417631, 37.782063665615794], [-121.91350206625793, 37.78374437407415], [-121.91475849629931, 37.78525657439567], [-121.9170979248401, 37.78508804296593], [-121.91818085438935, 37.783407333625455], [-121.91692442376957, 37.78189515659655], [-121.91458506417631, 37.782063665615794]]]}}, {"type": "Feature", "properties": {"id": 337, "h3": "892830d72cfffff", "area_m2": 109909.3, "lat": 37.784919, "lon": -121.919437}, "geometry": {"type": "Polygon", "coordinates": [[[-121.91818085438935, 37.783407333625455], [-121.9170979248401, 37.78508804296593], [-121.91835439516178, 37.786600166938165], [-121.92069379560213, 37.78643155827761], [-121.92177665677316, 37.78475084806061], [-121.92052018588471, 37.78323874738037], [-121.91818085438935, 37.783407333625455]]]}}, {"type": "Feature", "properties": {"id": 338, "h3": "892830d72d3ffff", "area_m2": 109917.9, "lat": 37.778534, "lon": -121.91909}, "geometry": {"type": "Polygon", "coordinates": [[[-121.91783380421842, 37.77702141592919], [-121.91675093315484, 37.77870218653891], [-121.91800732407519, 37.78021441661692], [-121.92034658662963, 37.780045852788824], [-121.92142938932412, 37.77836508130145], [-121.92017299783592, 37.77685287451954], [-121.91783380421842, 37.77702141592919]]]}}, {"type": "Feature", "properties": {"id": 339, "h3": "892830d72d7ffff", "area_m2": 109912.4, "lat": 37.779877, "lon": -121.922686}, "geometry": {"type": "Polygon", "coordinates": [[[-121.92142938932412, 37.77836508130145], [-121.92034658662963, 37.780045852788824], [-121.92160301781671, 37.78155800652366], [-121.92394225225718, 37.781389365475334], [-121.92502498657358, 37.77970859311587], [-121.92376855483027, 37.77819646267655], [-121.92142938932412, 37.77836508130145]]]}}, {"type": "Feature", "properties": {"id": 340, "h3": "892830d72dbffff", "area_m2": 109919.0, "lat": 37.780383, "lon": -121.915668}, "geometry": {"type": "Polygon", "coordinates": [[[-121.91441164250512, 37.77887067314617], [-121.91332867383487, 37.78055141224314], [-121.91458506417631, 37.782063665615794], [-121.91692442376957, 37.78189515659655], [-121.91800732407519, 37.78021441661692], [-121.91675093315484, 37.77870218653891], [-121.91441164250512, 37.77887067314617]]]}}, {"type": "Feature", "properties": {"id": 341, "h3": "892830d7313ffff", "area_m2": 109864.6, "lat": 37.793813, "lon": -121.951626}, "geometry": {"type": "Polygon", "coordinates": [[[-121.950369002528, 37.79230119695208], [-121.94928671790885, 37.79398194462576], [-121.95054351059987, 37.79549343433843], [-121.95288258837579, 37.795324153088266], [-121.95396480454042, 37.793643404587435], [-121.95270801138635, 37.79213193816362], [-121.950369002528, 37.79230119695208]]]}}, {"type": "Feature", "properties": {"id": 342, "h3": "892830d738bffff", "area_m2": 109868.9, "lat": 37.79062, "lon": -121.951451}, "geometry": {"type": "Polygon", "coordinates": [[[-121.95019450497203, 37.789108875831865], [-121.94911224955398, 37.79078965414062], [-121.950369002528, 37.79230119695208], [-121.95270801138635, 37.79213193816362], [-121.9537901983544, 37.7904511590272], [-121.9525334449168, 37.788939639506616], [-121.95019450497203, 37.789108875831865]]]}}, {"type": "Feature", "properties": {"id": 343, "h3": "892830d7393ffff", "area_m2": 109872.1, "lat": 37.785578, "lon": -121.954698}, "geometry": {"type": "Polygon", "coordinates": [[[-121.95344101754561, 37.78406641675341], [-121.95235888896613, 37.78574725713386], [-121.95361560268978, 37.787258829743635], [-121.95595444544864, 37.78708953867826], [-121.95703650557823, 37.78540869747455], [-121.95577979140154, 37.78389714815917], [-121.95344101754561, 37.78406641675341]]]}}, {"type": "Feature", "properties": {"id": 344, "h3": "892830d739bffff", "area_m2": 109873.2, "lat": 37.787428, "lon": -121.951277}, "geometry": {"type": "Polygon", "coordinates": [[[-121.95002001793092, 37.78591647099442], [-121.94893779171247, 37.78759727992916], [-121.95019450497203, 37.789108875831865], [-121.9525334449168, 37.788939639506616], [-121.95361560268978, 37.787258829743635], [-121.95235888896613, 37.78574725713386], [-121.95002001793092, 37.78591647099442]]]}}, {"type": "Feature", "properties": {"id": 345, "h3": "892830d73c3ffff", "area_m2": 109875.5, "lat": 37.791128, "lon": -121.944434}, "geometry": {"type": "Polygon", "coordinates": [[[-121.94317743428267, 37.78961632087659], [-121.94209501278134, 37.79129706687934], [-121.94335172507954, 37.79280870936354], [-121.94569085936794, 37.79263958255468], [-121.94677321243269, 37.790958835713674], [-121.94551649964828, 37.789447216519505], [-121.94317743428267, 37.78961632087659]]]}}, {"type": "Feature", "properties": {"id": 346, "h3": "892830d73c7ffff", "area_m2": 109870.1, "lat": 37.79247, "lon": -121.94803}, "geometry": {"type": "Polygon", "coordinates": [[[-121.94677321243269, 37.790958835713674], [-121.94569085936794, 37.79263958255468], [-121.94694761186739, 37.79415114865557], [-121.94928671790885, 37.79398194462576], [-121.950369002528, 37.79230119695208], [-121.94911224955398, 37.79078965414062], [-121.94677321243269, 37.790958835713674]]]}}, {"type": "Feature", "properties": {"id": 347, "h3": "892830d73cfffff", "area_m2": 109871.2, "lat": 37.79432, "lon": -121.944608}, "geometry": {"type": "Polygon", "coordinates": [[[-121.94335172507954, 37.79280870936354], [-121.94226927436644, 37.794489424723274], [-121.9435260263802, 37.796001014112136], [-121.9458652295954, 37.79583186485301], [-121.94694761186739, 37.79415114865557], [-121.94569085936794, 37.79263958255468], [-121.94335172507954, 37.79280870936354]]]}}, {"type": "Feature", "properties": {"id": 348, "h3": "892830d73d3ffff", "area_m2": 109879.8, "lat": 37.787936, "lon": -121.94426}, "geometry": {"type": "Polygon", "coordinates": [[[-121.94300315398866, 37.78642384866794], [-121.94192076169753, 37.78810462530465], [-121.94317743428267, 37.78961632087659], [-121.94551649964828, 37.789447216519505], [-121.94659882350737, 37.787766439044006], [-121.94534215043551, 37.786254766764124], [-121.94300315398866, 37.78642384866794]]]}}, {"type": "Feature", "properties": {"id": 349, "h3": "892830d73d7ffff", "area_m2": 109874.4, "lat": 37.789278, "lon": -121.947856}, "geometry": {"type": "Polygon", "coordinates": [[[-121.94659882350737, 37.787766439044006], [-121.94551649964828, 37.789447216519505], [-121.94677321243269, 37.790958835713674], [-121.94911224955398, 37.79078965414062], [-121.95019450497203, 37.789108875831865], [-121.94893779171247, 37.78759727992916], [-121.94659882350737, 37.787766439044006]]]}}, {"type": "Feature", "properties": {"id": 350, "h3": "892830d73dbffff", "area_m2": 109880.9, "lat": 37.789785, "lon": -121.940838}, "geometry": {"type": "Polygon", "coordinates": [[[-121.93958166810619, 37.78827365244513], [-121.93849917817728, 37.789954397604085], [-121.9397558502646, 37.79146611646664], [-121.94209501278134, 37.79129706687934], [-121.94317743428267, 37.78961632087659], [-121.94192076169753, 37.78810462530465], [-121.93958166810619, 37.78827365244513]]]}}, {"type": "Feature", "properties": {"id": 351, "h3": "892830d7403ffff", "area_m2": 109920.6, "lat": 37.752307, "lon": -121.949358}, "geometry": {"type": "Polygon", "coordinates": [[[-121.94810135419077, 37.75079449719996], [-121.94701944906673, 37.75247564242263], [-121.94827572563057, 37.75398782182953], [-121.95061390779105, 37.75381883269802], [-121.95169574451967, 37.75213768664099], [-121.95043946748586, 37.75062553054954], [-121.94810135419077, 37.75079449719996]]]}}, {"type": "Feature", "properties": {"id": 352, "h3": "892830d7407ffff", "area_m2": 109915.1, "lat": 37.75365, "lon": -121.952952}, "geometry": {"type": "Polygon", "coordinates": [[[-121.95169574451967, 37.75213768664099], [-121.95061390779105, 37.75381883269802], [-121.95187022451152, 37.75533093578354], [-121.95420837842168, 37.755161869496895], [-121.95529014674588, 37.75348072261109], [-121.95403382956702, 37.75196864284044], [-121.95169574451967, 37.75213768664099]]]}}, {"type": "Feature", "properties": {"id": 353, "h3": "892830d740bffff", "area_m2": 109921.7, "lat": 37.754157, "lon": -121.945938}, "geometry": {"type": "Polygon", "coordinates": [[[-121.94468123867448, 37.75264455439842], [-121.9435992359767, 37.754325668255476], [-121.94485551205949, 37.75583787097635], [-121.94719379132378, 37.75566893652592], [-121.94827572563057, 37.75398782182953], [-121.94701944906673, 37.75247564242263], [-121.94468123867448, 37.75264455439842]]]}}, {"type": "Feature", "properties": {"id": 354, "h3": "892830d740fffff", "area_m2": 109916.3, "lat": 37.7555, "lon": -121.949532}, "geometry": {"type": "Polygon", "coordinates": [[[-121.94827572563057, 37.75398782182953], [-121.94719379132378, 37.75566893652592], [-121.94845010757481, 37.75718106292486], [-121.95078835860475, 37.7570120513137], [-121.95187022451152, 37.75533093578354], [-121.95061390779105, 37.75381883269802], [-121.94827572563057, 37.75398782182953]]]}}, {"type": "Feature", "properties": {"id": 355, "h3": "892830d7413ffff", "area_m2": 109924.9, "lat": 37.749113, "lon": -121.949183}, "geometry": {"type": "Polygon", "coordinates": [[[-121.94792699325453, 37.74760108905274], [-121.94684511731167, 37.74928226479266], [-121.94810135419077, 37.75079449719996], [-121.95043946748586, 37.75062553054954], [-121.9515212750378, 37.74894435397474], [-121.95026503768823, 37.74743214488495], [-121.94792699325453, 37.74760108905274]]]}}, {"type": "Feature", "properties": {"id": 356, "h3": "892830d7417ffff", "area_m2": 109919.4, "lat": 37.750457, "lon": -121.952778}, "geometry": {"type": "Polygon", "coordinates": [[[-121.9515212750378, 37.74894435397474], [-121.95043946748586, 37.75062553054954], [-121.95169574451967, 37.75213768664099], [-121.95403382956702, 37.75196864284044], [-121.9551155687191, 37.75028746543627], [-121.95385929122637, 37.748775332661744], [-121.9515212750378, 37.74894435397474]]]}}, {"type": "Feature", "properties": {"id": 357, "h3": "892830d741bffff", "area_m2": 109926.0, "lat": 37.750963, "lon": -121.945763}, "geometry": {"type": "Polygon", "coordinates": [[[-121.9445069757874, 37.7494511542923], [-121.94342500227692, 37.7511322986751], [-121.94468123867448, 37.75264455439842], [-121.94701944906673, 37.75247564242263], [-121.94810135419077, 37.75079449719996], [-121.94684511731167, 37.74928226479266], [-121.9445069757874, 37.7494511542923]]]}}, {"type": "Feature", "properties": {"id": 358, "h3": "892830d7423ffff", "area_m2": 109905.4, "lat": 37.758186, "lon": -121.956721}, "geometry": {"type": "Polygon", "coordinates": [[[-121.95546473528918, 37.75667389625612], [-121.95438293779132, 37.75835501261451], [-121.95563933434994, 37.75986698635468], [-121.95797752885534, 37.75969782042396], [-121.95905925793524, 37.75801670324291], [-121.95780286093036, 37.75650475281495], [-121.95546473528918, 37.75667389625612]]]}}, {"type": "Feature", "properties": {"id": 359, "h3": "892830d7427ffff", "area_m2": 109899.9, "lat": 37.759529, "lon": -121.960316}, "geometry": {"type": "Polygon", "coordinates": [[[-121.95905925793524, 37.75801670324291], [-121.95797752885534, 37.75969782042396], [-121.95923396555327, 37.761209717827356], [-121.96157213176848, 37.76104047473775], [-121.96265379242149, 37.75935935673959], [-121.96139735528885, 37.75784748264782], [-121.95905925793524, 37.75801670324291]]]}}, {"type": "Feature", "properties": {"id": 360, "h3": "892830d742bffff", "area_m2": 109906.5, "lat": 37.760036, "lon": -121.953301}, "geometry": {"type": "Polygon", "coordinates": [[[-121.95204471501438, 37.758524101385746], [-121.95096281992787, 37.76020518637997], [-121.95221921602915, 37.76171718343092], [-121.95455750767691, 37.76154807217659], [-121.95563933434994, 37.75986698635468], [-121.95438293779132, 37.75835501261451], [-121.95204471501438, 37.758524101385746]]]}}, {"type": "Feature", "properties": {"id": 361, "h3": "892830d742fffff", "area_m2": 109901.1, "lat": 37.761379, "lon": -121.956896}, "geometry": {"type": "Polygon", "coordinates": [[[-121.95563933434994, 37.75986698635468], [-121.95455750767691, 37.76154807217659], [-121.9558139439291, 37.76305999289017], [-121.95815220730272, 37.76289080447137], [-121.95923396555327, 37.761209717827356], [-121.95797752885534, 37.75969782042396], [-121.95563933434994, 37.75986698635468]]]}}, {"type": "Feature", "properties": {"id": 362, "h3": "892830d7433ffff", "area_m2": 109909.7, "lat": 37.754993, "lon": -121.956546}, "geometry": {"type": "Polygon", "coordinates": [[[-121.95529014674588, 37.75348072261109], [-121.95420837842168, 37.755161869496895], [-121.95546473528918, 37.75667389625612], [-121.95780286093036, 37.75650475281495], [-121.95888456084116, 37.75482360510591], [-121.95762820352685, 37.75331160166099], [-121.95529014674588, 37.75348072261109]]]}}, {"type": "Feature", "properties": {"id": 363, "h3": "892830d7437ffff", "area_m2": 109904.2, "lat": 37.756336, "lon": -121.960141}, "geometry": {"type": "Polygon", "coordinates": [[[-121.95888456084116, 37.75482360510591], [-121.95780286093036, 37.75650475281495], [-121.95905925793524, 37.75801670324291], [-121.96139735528885, 37.75784748264782], [-121.96247898677731, 37.75616633412112], [-121.96122258933718, 37.75465440700686], [-121.95888456084116, 37.75482360510591]]]}}, {"type": "Feature", "properties": {"id": 364, "h3": "892830d743bffff", "area_m2": 109910.8, "lat": 37.756843, "lon": -121.953127}, "geometry": {"type": "Polygon", "coordinates": [[[-121.95187022451152, 37.75533093578354], [-121.95078835860475, 37.7570120513137], [-121.95204471501438, 37.758524101385746], [-121.95438293779132, 37.75835501261451], [-121.95546473528918, 37.75667389625612], [-121.95420837842168, 37.755161869496895], [-121.95187022451152, 37.75533093578354]]]}}, {"type": "Feature", "properties": {"id": 365, "h3": "892830d7443ffff", "area_m2": 109928.3, "lat": 37.754663, "lon": -121.938923}, "geometry": {"type": "Polygon", "coordinates": [[[-121.93766635691458, 37.753151026633894], [-121.93658418826381, 37.75483210826192], [-121.93784042366514, 37.75634441061289], [-121.94017882822352, 37.75617560802249], [-121.94126092849667, 37.754494525544594], [-121.94000469259173, 37.7529822465067], [-121.93766635691458, 37.753151026633894]]]}}, {"type": "Feature", "properties": {"id": 366, "h3": "892830d7447ffff", "area_m2": 109922.8, "lat": 37.756007, "lon": -121.942517}, "geometry": {"type": "Polygon", "coordinates": [[[-121.94126092849667, 37.754494525544594], [-121.94017882822352, 37.75617560802249], [-121.9414351038143, 37.757687834055886], [-121.94377348017292, 37.757518954298575], [-121.94485551205949, 37.75583787097635], [-121.9435992359767, 37.754325668255476], [-121.94126092849667, 37.754494525544594]]]}}, {"type": "Feature", "properties": {"id": 367, "h3": "892830d744bffff", "area_m2": 109929.4, "lat": 37.756513, "lon": -121.935502}, "geometry": {"type": "Polygon", "coordinates": [[[-121.93424575552429, 37.75500083368483], [-121.93316348930097, 37.75668188391519], [-121.93441972418763, 37.7581942095778], [-121.93675822581498, 37.75802546169814], [-121.93784042366514, 37.75634441061289], [-121.93658418826381, 37.75483210826192], [-121.93424575552429, 37.75500083368483]]]}}, {"type": "Feature", "properties": {"id": 368, "h3": "892830d744fffff", "area_m2": 109924.0, "lat": 37.757857, "lon": -121.939097}, "geometry": {"type": "Polygon", "coordinates": [[[-121.93784042366514, 37.75634441061289], [-121.93675822581498, 37.75802546169814], [-121.93801450090264, 37.75953771104259], [-121.94035297434623, 37.75936888599046], [-121.9414351038143, 37.757687834055886], [-121.94017882822352, 37.75617560802249], [-121.93784042366514, 37.75634441061289]]]}}, {"type": "Feature", "properties": {"id": 369, "h3": "892830d7453ffff", "area_m2": 109932.6, "lat": 37.75147, "lon": -121.938748}, "geometry": {"type": "Polygon", "coordinates": [[[-121.93749230064992, 37.74995755912224], [-121.93641016119707, 37.751638671283956], [-121.93766635691458, 37.753151026633894], [-121.94000469259173, 37.7529822465067], [-121.9410867636715, 37.75130113349455], [-121.93983056744985, 37.74978880145975], [-121.93749230064992, 37.74995755912224]]]}}, {"type": "Feature", "properties": {"id": 370, "h3": "892830d7457ffff", "area_m2": 109927.1, "lat": 37.752813, "lon": -121.942343}, "geometry": {"type": "Polygon", "coordinates": [[[-121.9410867636715, 37.75130113349455], [-121.94000469259173, 37.7529822465067], [-121.94126092849667, 37.754494525544594], [-121.9435992359767, 37.754325668255476], [-121.94468123867448, 37.75264455439842], [-121.94342500227692, 37.7511322986751], [-121.9410867636715, 37.75130113349455]]]}}, {"type": "Feature", "properties": {"id": 371, "h3": "892830d745bffff", "area_m2": 109933.7, "lat": 37.75332, "lon": -121.935328}, "geometry": {"type": "Polygon", "coordinates": [[[-121.93407179734139, 37.75180737424864], [-121.93298956032201, 37.75348845502121], [-121.93424575552429, 37.75500083368483], [-121.93658418826381, 37.75483210826192], [-121.93766635691458, 37.753151026633894], [-121.93641016119707, 37.751638671283956], [-121.93407179734139, 37.75180737424864]]]}}, {"type": "Feature", "properties": {"id": 372, "h3": "892830d7463ffff", "area_m2": 109913.1, "lat": 37.760543, "lon": -121.946286}, "geometry": {"type": "Polygon", "coordinates": [[[-121.94502979594347, 37.75903110400945], [-121.94394773486655, 37.76071215678779], [-121.94520409032734, 37.762224253481065], [-121.94754250734768, 37.7620552740858], [-121.94862450002452, 37.76037422046923], [-121.94736814408378, 37.758862147085864], [-121.94502979594347, 37.75903110400945]]]}}, {"type": "Feature", "properties": {"id": 373, "h3": "892830d7467ffff", "area_m2": 109907.7, "lat": 37.761886, "lon": -121.949881}, "geometry": {"type": "Polygon", "coordinates": [[[-121.94862450002452, 37.76037422046923], [-121.94754250734768, 37.7620552740858], [-121.94879890298057, 37.763567294446055], [-121.95113729176138, 37.763398237880146], [-121.95221921602915, 37.76171718343092], [-121.95096281992787, 37.76020518637997], [-121.94862450002452, 37.76037422046923]]]}}, {"type": "Feature", "properties": {"id": 374, "h3": "892830d746bffff", "area_m2": 109914.2, "lat": 37.762393, "lon": -121.942866}, "geometry": {"type": "Polygon", "coordinates": [[[-121.94160928962528, 37.760881059011794], [-121.94052713096082, 37.76256208039396], [-121.94178348593059, 37.764074200395655], [-121.94412200005853, 37.763905275706456], [-121.94520409032734, 37.762224253481065], [-121.94394773486655, 37.76071215678779], [-121.94160928962528, 37.760881059011794]]]}}, {"type": "Feature", "properties": {"id": 375, "h3": "892830d746fffff", "area_m2": 109908.8, "lat": 37.763736, "lon": -121.94646}, "geometry": {"type": "Polygon", "coordinates": [[[-121.94520409032734, 37.762224253481065], [-121.94412200005853, 37.763905275706456], [-121.94537839521203, 37.76541731937454], [-121.94771688111642, 37.76524831750912], [-121.94879890298057, 37.763567294446055], [-121.94754250734768, 37.7620552740858], [-121.94520409032734, 37.762224253481065]]]}}, {"type": "Feature", "properties": {"id": 376, "h3": "892830d7473ffff", "area_m2": 109917.4, "lat": 37.75735, "lon": -121.946112}, "geometry": {"type": "Polygon", "coordinates": [[[-121.94485551205949, 37.75583787097635], [-121.94377348017292, 37.757518954298575], [-121.94502979594347, 37.75903110400945], [-121.94736814408378, 37.758862147085864], [-121.94845010757481, 37.75718106292486], [-121.94719379132378, 37.75566893652592], [-121.94485551205949, 37.75583787097635]]]}}, {"type": "Feature", "properties": {"id": 377, "h3": "892830d7477ffff", "area_m2": 109912.0, "lat": 37.758693, "lon": -121.949706}, "geometry": {"type": "Polygon", "coordinates": [[[-121.94845010757481, 37.75718106292486], [-121.94736814408378, 37.758862147085864], [-121.94862450002452, 37.76037422046923], [-121.95096281992787, 37.76020518637997], [-121.95204471501438, 37.758524101385746], [-121.95078835860475, 37.7570120513137], [-121.94845010757481, 37.75718106292486]]]}}, {"type": "Feature", "properties": {"id": 378, "h3": "892830d747bffff", "area_m2": 109918.5, "lat": 37.7592, "lon": -121.942691}, "geometry": {"type": "Polygon", "coordinates": [[[-121.9414351038143, 37.757687834055886], [-121.94035297434623, 37.75936888599046], [-121.94160928962528, 37.760881059011794], [-121.94394773486655, 37.76071215678779], [-121.94502979594347, 37.75903110400945], [-121.94377348017292, 37.757518954298575], [-121.9414351038143, 37.757687834055886]]]}}, {"type": "Feature", "properties": {"id": 379, "h3": "892830d7483ffff", "area_m2": 109928.0, "lat": 37.74407, "lon": -121.952429}, "geometry": {"type": "Polygon", "coordinates": [[[-121.95117236760039, 37.74255743813769], [-121.95009061839718, 37.744238675720844], [-121.95134681606504, 37.74575093780141], [-121.95368476339878, 37.74558193897749], [-121.95476644421127, 37.74390070056385], [-121.9535102460834, 37.74238846180431], [-121.95117236760039, 37.74255743813769]]]}}, {"type": "Feature", "properties": {"id": 380, "h3": "892830d7487ffff", "area_m2": 109922.6, "lat": 37.745413, "lon": -121.956023}, "geometry": {"type": "Polygon", "coordinates": [[[-121.95476644421127, 37.74390070056385], [-121.95368476339878, 37.74558193897749], [-121.95494100120787, 37.747094124748315], [-121.95727892028047, 37.74692504878478], [-121.95836053269316, 37.745243809546245], [-121.9571042944357, 37.74373164709584], [-121.95476644421127, 37.74390070056385]]]}}, {"type": "Feature", "properties": {"id": 381, "h3": "892830d748bffff", "area_m2": 109929.2, "lat": 37.74592, "lon": -121.949009}, "geometry": {"type": "Polygon", "coordinates": [[[-121.94775264282083, 37.74440759740457], [-121.94667079605766, 37.74608880365265], [-121.94792699325453, 37.74760108905274], [-121.95026503768823, 37.74743214488495], [-121.95134681606504, 37.74575093780141], [-121.95009061839718, 37.744238675720844], [-121.94775264282083, 37.74440759740457]]]}}, {"type": "Feature", "properties": {"id": 382, "h3": "892830d748fffff", "area_m2": 109923.7, "lat": 37.747263, "lon": -121.952603}, "geometry": {"type": "Polygon", "coordinates": [[[-121.95134681606504, 37.74575093780141], [-121.95026503768823, 37.74743214488495], [-121.9515212750378, 37.74894435397474], [-121.95385929122637, 37.748775332661744], [-121.95494100120787, 37.747094124748315], [-121.95368476339878, 37.74558193897749], [-121.95134681606504, 37.74575093780141]]]}}, {"type": "Feature", "properties": {"id": 383, "h3": "892830d7493ffff", "area_m2": 109932.3, "lat": 37.740876, "lon": -121.952254}, "geometry": {"type": "Polygon", "coordinates": [[[-121.95099792964292, 37.73936385500021], [-121.94991620961176, 37.741045123073945], [-121.95117236760039, 37.74255743813769], [-121.9535102460834, 37.74238846180431], [-121.9545918977283, 37.74070719289954], [-121.95333573927915, 37.73919490115888], [-121.95099792964292, 37.73936385500021]]]}}, {"type": "Feature", "properties": {"id": 384, "h3": "892830d7497ffff", "area_m2": 109926.9, "lat": 37.742219, "lon": -121.955848}, "geometry": {"type": "Polygon", "coordinates": [[[-121.9545918977283, 37.74070719289954], [-121.9535102460834, 37.74238846180431], [-121.95476644421127, 37.74390070056385], [-121.9571042944357, 37.74373164709584], [-121.95818587768544, 37.74205037736561], [-121.9569296791086, 37.740538161928555], [-121.9545918977283, 37.74070719289954]]]}}, {"type": "Feature", "properties": {"id": 385, "h3": "892830d749bffff", "area_m2": 109933.5, "lat": 37.742726, "lon": -121.948834}, "geometry": {"type": "Polygon", "coordinates": [[[-121.94757830288881, 37.74121402227208], [-121.94649648530377, 37.742895259019235], [-121.94775264282083, 37.74440759740457], [-121.95009061839718, 37.744238675720844], [-121.95117236760039, 37.74255743813769], [-121.94991620961176, 37.741045123073945], [-121.94757830288881, 37.74121402227208]]]}}, {"type": "Feature", "properties": {"id": 386, "h3": "892830d74a3ffff", "area_m2": 109912.8, "lat": 37.749949, "lon": -121.959792}, "geometry": {"type": "Polygon", "coordinates": [[[-121.95853519822109, 37.74843715824094], [-121.95745355664388, 37.75011836697871], [-121.95870987427008, 37.75163042343305], [-121.96104783391252, 37.751461247831514], [-121.96212940707646, 37.74978003827494], [-121.96087308901392, 37.748268005138414], [-121.95853519822109, 37.74843715824094]]]}}, {"type": "Feature", "properties": {"id": 387, "h3": "892830d74a7ffff", "area_m2": 109907.4, "lat": 37.751292, "lon": -121.963386}, "geometry": {"type": "Polygon", "coordinates": [[[-121.96212940707646, 37.74978003827494], [-121.96104783391252, 37.751461247831514], [-121.96230419166261, 37.7529732279607], [-121.96464212300407, 37.75280397521582], [-121.9657236277458, 37.751122764846016], [-121.96446726957095, 37.74961080803405], [-121.96212940707646, 37.74978003827494]]]}}, {"type": "Feature", "properties": {"id": 388, "h3": "892830d74abffff", "area_m2": 109914.0, "lat": 37.7518, "lon": -121.956372}, "geometry": {"type": "Polygon", "coordinates": [[[-121.9551155687191, 37.75028746543627], [-121.95403382956702, 37.75196864284044], [-121.95529014674588, 37.75348072261109], [-121.95762820352685, 37.75331160166099], [-121.95870987427008, 37.75163042343305], [-121.95745355664388, 37.75011836697871], [-121.9551155687191, 37.75028746543627]]]}}, {"type": "Feature", "properties": {"id": 389, "h3": "892830d74afffff", "area_m2": 109908.5, "lat": 37.753142, "lon": -121.959966}, "geometry": {"type": "Polygon", "coordinates": [[[-121.95870987427008, 37.75163042343305], [-121.95762820352685, 37.75331160166099], [-121.95888456084116, 37.75482360510591], [-121.96122258933718, 37.75465440700686], [-121.96230419166261, 37.7529732279607], [-121.96104783391252, 37.751461247831514], [-121.95870987427008, 37.75163042343305]]]}}, {"type": "Feature", "properties": {"id": 390, "h3": "892830d74b3ffff", "area_m2": 109917.1, "lat": 37.746756, "lon": -121.959617}, "geometry": {"type": "Polygon", "coordinates": [[[-121.95836053269316, 37.745243809546245], [-121.95727892028047, 37.74692504878478], [-121.95853519822109, 37.74843715824094], [-121.96087308901392, 37.748268005138414], [-121.96195463301792, 37.74658676508052], [-121.96069835464046, 37.74507467894421], [-121.95836053269316, 37.745243809546245]]]}}, {"type": "Feature", "properties": {"id": 391, "h3": "892830d74b7ffff", "area_m2": 109911.7, "lat": 37.748099, "lon": -121.963211}, "geometry": {"type": "Polygon", "coordinates": [[[-121.96195463301792, 37.74658676508052], [-121.96087308901392, 37.748268005138414], [-121.96212940707646, 37.74978003827494], [-121.96446726957095, 37.74961080803405], [-121.96554874515728, 37.747929567162366], [-121.96429242666945, 37.746417557345076], [-121.96195463301792, 37.74658676508052]]]}}, {"type": "Feature", "properties": {"id": 392, "h3": "892830d74bbffff", "area_m2": 109918.3, "lat": 37.748606, "lon": -121.956197}, "geometry": {"type": "Polygon", "coordinates": [[[-121.95494100120787, 37.747094124748315], [-121.95385929122637, 37.748775332661744], [-121.9551155687191, 37.75028746543627], [-121.95745355664388, 37.75011836697871], [-121.95853519822109, 37.74843715824094], [-121.95727892028047, 37.74692504878478], [-121.95494100120787, 37.747094124748315]]]}}, {"type": "Feature", "properties": {"id": 393, "h3": "892830d74c3ffff", "area_m2": 109935.7, "lat": 37.746426, "lon": -121.941995}, "geometry": {"type": "Polygon", "coordinates": [[[-121.94073846549473, 37.744914098844816], [-121.93965645279705, 37.74659527289828], [-121.94091260933783, 37.748107657922404], [-121.94325077907264, 37.74793884557413], [-121.94433272339742, 37.74625767067466], [-121.94307656636295, 37.74474530896921], [-121.94073846549473, 37.744914098844816]]]}}, {"type": "Feature", "properties": {"id": 394, "h3": "892830d74c7ffff", "area_m2": 109930.3, "lat": 37.74777, "lon": -121.945589}, "geometry": {"type": "Polygon", "coordinates": [[[-121.94433272339742, 37.74625767067466], [-121.94325077907264, 37.74793884557413], [-121.9445069757874, 37.7494511542923], [-121.94684511731167, 37.74928226479266], [-121.94792699325453, 37.74760108905274], [-121.94667079605766, 37.74608880365265], [-121.94433272339742, 37.74625767067466]]]}}, {"type": "Feature", "properties": {"id": 395, "h3": "892830d74cbffff", "area_m2": 109936.9, "lat": 37.748276, "lon": -121.938574}, "geometry": {"type": "Polygon", "coordinates": [[[-121.93731825487029, 37.74676400809458], [-121.93623614461379, 37.74844515078092], [-121.93749230064992, 37.74995755912224], [-121.93983056744985, 37.74978880145975], [-121.94091260933783, 37.748107657922404], [-121.93965645279705, 37.74659527289828], [-121.93731825487029, 37.74676400809458]]]}}, {"type": "Feature", "properties": {"id": 396, "h3": "892830d74cfffff", "area_m2": 109931.4, "lat": 37.74962, "lon": -121.942169}, "geometry": {"type": "Polygon", "coordinates": [[[-121.94091260933783, 37.748107657922404], [-121.93983056744985, 37.74978880145975], [-121.9410867636715, 37.75130113349455], [-121.94342500227692, 37.7511322986751], [-121.9445069757874, 37.7494511542923], [-121.94325077907264, 37.74793884557413], [-121.94091260933783, 37.748107657922404]]]}}, {"type": "Feature", "properties": {"id": 397, "h3": "892830d74d3ffff", "area_m2": 109940.0, "lat": 37.743233, "lon": -121.94182}, "geometry": {"type": "Polygon", "coordinates": [[[-121.94056433214122, 37.74172045627846], [-121.93948234863228, 37.743401660838934], [-121.94073846549473, 37.744914098844816], [-121.94307656636295, 37.74474530896921], [-121.9441584815035, 37.74306410356215], [-121.94290236414686, 37.741551688876974], [-121.94056433214122, 37.74172045627846]]]}}, {"type": "Feature", "properties": {"id": 398, "h3": "892830d74d7ffff", "area_m2": 109934.6, "lat": 37.744576, "lon": -121.945415}, "geometry": {"type": "Polygon", "coordinates": [[[-121.9441584815035, 37.74306410356215], [-121.94307656636295, 37.74474530896921], [-121.94433272339742, 37.74625767067466], [-121.94667079605766, 37.74608880365265], [-121.94775264282083, 37.74440759740457], [-121.94649648530377, 37.742895259019235], [-121.9441584815035, 37.74306410356215]]]}}, {"type": "Feature", "properties": {"id": 399, "h3": "892830d74dbffff", "area_m2": 109941.2, "lat": 37.745083, "lon": -121.9384}, "geometry": {"type": "Polygon", "coordinates": [[[-121.9371442195747, 37.74357037356756], [-121.93606213851305, 37.74525154676947], [-121.93731825487029, 37.74676400809458], [-121.93965645279705, 37.74659527289828], [-121.94073846549473, 37.744914098844816], [-121.93948234863228, 37.743401660838934], [-121.9371442195747, 37.74357037356756]]]}}, {"type": "Feature", "properties": {"id": 400, "h3": "892830d7503ffff", "area_m2": 109882.5, "lat": 37.761705, "lon": -121.974519}, "geometry": {"type": "Polygon", "coordinates": [[[-121.97326233534847, 37.76019360024591], [-121.97218090918086, 37.7618747511923], [-121.97343746663894, 37.76338639624585], [-121.97577545065626, 37.76321686704135], [-121.97685680836564, 37.761535715299495], [-121.97560025051858, 37.76002409355732], [-121.97326233534847, 37.76019360024591]]]}}, {"type": "Feature", "properties": {"id": 401, "h3": "892830d7507ffff", "area_m2": 109877.0, "lat": 37.763047, "lon": -121.978113}, "geometry": {"type": "Polygon", "coordinates": [[[-121.97685680836564, 37.761535715299495], [-121.97577545065626, 37.76321686704135], [-121.97703204820358, 37.76472843573894], [-121.9793700038403, 37.76455882938365], [-121.98045129308248, 37.762877676851915], [-121.9791946951578, 37.76136613146506], [-121.97685680836564, 37.761535715299495]]]}}, {"type": "Feature", "properties": {"id": 402, "h3": "892830d750bffff", "area_m2": 109883.6, "lat": 37.763556, "lon": -121.971099}, "geometry": {"type": "Polygon", "coordinates": [[[-121.9698428968016, 37.762044203245374], [-121.9687613730293, 37.76372532286111], [-121.97001793008741, 37.76523699122454], [-121.97235601132049, 37.76506751666203], [-121.97343746663894, 37.76338639624585], [-121.97218090918086, 37.7618747511923], [-121.9698428968016, 37.762044203245374]]]}}, {"type": "Feature", "properties": {"id": 403, "h3": "892830d750fffff", "area_m2": 109878.2, "lat": 37.764898, "lon": -121.974694}, "geometry": {"type": "Polygon", "coordinates": [[[-121.97343746663894, 37.76338639624585], [-121.97235601132049, 37.76506751666203], [-121.9736126084794, 37.766579108668914], [-121.97595066134787, 37.76640955695003], [-121.97703204820358, 37.76472843573894], [-121.97577545065626, 37.76321686704135], [-121.97343746663894, 37.76338639624585]]]}}, {"type": "Feature", "properties": {"id": 404, "h3": "892830d7513ffff", "area_m2": 109886.8, "lat": 37.758512, "lon": -121.974344}, "geometry": {"type": "Polygon", "coordinates": [[[-121.97308721460688, 37.757000720685774], [-121.9720058175887, 37.7586819021533], [-121.97326233534847, 37.76019360024591], [-121.97560025051858, 37.76002409355732], [-121.97668157908313, 37.75834291129376], [-121.97542506093387, 37.75683123651454], [-121.97308721460688, 37.757000720685774]]]}}, {"type": "Feature", "properties": {"id": 405, "h3": "892830d7517ffff", "area_m2": 109881.3, "lat": 37.759855, "lon": -121.977938}, "geometry": {"type": "Polygon", "coordinates": [[[-121.97668157908313, 37.75834291129376], [-121.97560025051858, 37.76002409355732], [-121.97685680836564, 37.761535715299495], [-121.9791946951578, 37.76136613146506], [-121.98027595525969, 37.75968494841106], [-121.97901939703476, 37.75817334998167], [-121.97668157908313, 37.75834291129376]]]}}, {"type": "Feature", "properties": {"id": 406, "h3": "892830d751bffff", "area_m2": 109887.9, "lat": 37.760363, "lon": -121.970924}, "geometry": {"type": "Polygon", "coordinates": [[[-121.96966787405917, 37.75885133169544], [-121.96858637944234, 37.76053248184084], [-121.9698428968016, 37.762044203245374], [-121.97218090918086, 37.7618747511923], [-121.97326233534847, 37.76019360024591], [-121.9720058175887, 37.7586819021533], [-121.96966787405917, 37.75885133169544]]]}}, {"type": "Feature", "properties": {"id": 407, "h3": "892830d7523ffff", "area_m2": 109867.3, "lat": 37.767582, "lon": -121.981883}, "geometry": {"type": "Polygon", "coordinates": [[[-121.9806266414672, 37.76607032172038], [-121.97954532308322, 37.767751443720805], [-121.98080200041481, 37.76926288299985], [-121.98313999649828, 37.76909317697006], [-121.98422124640156, 37.76741205418584], [-121.98296456870474, 37.765900638214916], [-121.9806266414672, 37.76607032172038]]]}}, {"type": "Feature", "properties": {"id": 408, "h3": "892830d7527ffff", "area_m2": 109861.8, "lat": 37.768923, "lon": -121.985478}, "geometry": {"type": "Polygon", "coordinates": [[[-121.98422124640156, 37.76741205418584], [-121.98313999649828, 37.76909317697006], [-121.98439671390173, 37.77060453987779], [-121.98673468156484, 37.77043475669351], [-121.98781586297845, 37.76875363313106], [-121.98655914522134, 37.76724229353085], [-121.98422124640156, 37.76741205418584]]]}}, {"type": "Feature", "properties": {"id": 409, "h3": "892830d752bffff", "area_m2": 109868.4, "lat": 37.769433, "lon": -121.978464}, "geometry": {"type": "Polygon", "coordinates": [[[-121.97720729859792, 37.76792107259546], [-121.97612588259432, 37.769602163266725], [-121.97738255954961, 37.771113625852415], [-121.97972065288748, 37.7709439744599], [-121.98080200041481, 37.76926288299985], [-121.97954532308322, 37.767751443720805], [-121.97720729859792, 37.76792107259546]]]}}, {"type": "Feature", "properties": {"id": 410, "h3": "892830d752fffff", "area_m2": 109863.0, "lat": 37.770774, "lon": -121.982059}, "geometry": {"type": "Polygon", "coordinates": [[[-121.98080200041481, 37.76926288299985], [-121.97972065288748, 37.7709439744599], [-121.98097736992624, 37.77245536067369], [-121.98331543485969, 37.77228563212108], [-121.98439671390173, 37.77060453987779], [-121.98313999649828, 37.76909317697006], [-121.98080200041481, 37.76926288299985]]]}}, {"type": "Feature", "properties": {"id": 411, "h3": "892830d7533ffff", "area_m2": 109871.6, "lat": 37.764389, "lon": -121.981708}, "geometry": {"type": "Polygon", "coordinates": [[[-121.98045129308248, 37.762877676851915], [-121.9793700038403, 37.76455882938365], [-121.9806266414672, 37.76607032172038], [-121.98296456870474, 37.765900638214916], [-121.98404578947076, 37.76421948489883], [-121.98278915147807, 37.762708015872256], [-121.98045129308248, 37.762877676851915]]]}}, {"type": "Feature", "properties": {"id": 412, "h3": "892830d7537ffff", "area_m2": 109866.1, "lat": 37.765731, "lon": -121.985302}, "geometry": {"type": "Polygon", "coordinates": [[[-121.98404578947076, 37.76421948489883], [-121.98296456870474, 37.765900638214916], [-121.98422124640156, 37.76741205418584], [-121.98655914522134, 37.76724229353085], [-121.98764029750224, 37.76556113943598], [-121.98638361945119, 37.7640497467746], [-121.98404578947076, 37.76421948489883]]]}}, {"type": "Feature", "properties": {"id": 413, "h3": "892830d753bffff", "area_m2": 109872.7, "lat": 37.76624, "lon": -121.978289}, "geometry": {"type": "Polygon", "coordinates": [[[-121.97703204820358, 37.76472843573894], [-121.97595066134787, 37.76640955695003], [-121.97720729859792, 37.76792107259546], [-121.97954532308322, 37.767751443720805], [-121.9806266414672, 37.76607032172038], [-121.9793700038403, 37.76455882938365], [-121.97703204820358, 37.76472843573894]]]}}, {"type": "Feature", "properties": {"id": 414, "h3": "892830d7543ffff", "area_m2": 109890.2, "lat": 37.764064, "lon": -121.964085}, "geometry": {"type": "Polygon", "coordinates": [[[-121.9628286085961, 37.76255229579943], [-121.96174691877701, 37.76423338326002], [-121.9630034353021, 37.76574515128403], [-121.96534164207155, 37.76557580853818], [-121.96642326345021, 37.7638947202666], [-121.96516674650253, 37.76238297555159], [-121.9628286085961, 37.76255229579943]]]}}, {"type": "Feature", "properties": {"id": 415, "h3": "892830d7547ffff", "area_m2": 109884.8, "lat": 37.765406, "lon": -121.96768}, "geometry": {"type": "Polygon", "coordinates": [[[-121.96642326345021, 37.7638947202666], [-121.96534164207155, 37.76557580853818], [-121.96659819871864, 37.76708750021001], [-121.96893637715813, 37.76691808030156], [-121.97001793008741, 37.76523699122454], [-121.9687613730293, 37.76372532286111], [-121.96642326345021, 37.7638947202666]]]}}, {"type": "Feature", "properties": {"id": 416, "h3": "892830d754bffff", "area_m2": 109891.3, "lat": 37.765914, "lon": -121.960665}, "geometry": {"type": "Polygon", "coordinates": [[[-121.95940868369618, 37.76440264884265], [-121.95832689627346, 37.76608370494054], [-121.95958341236495, 37.76759549627211], [-121.9619217163154, 37.767426208197946], [-121.9630034353021, 37.76574515128403], [-121.96174691877701, 37.76423338326002], [-121.95940868369618, 37.76440264884265]]]}}, {"type": "Feature", "properties": {"id": 417, "h3": "892830d754fffff", "area_m2": 109885.9, "lat": 37.767257, "lon": -121.96426}, "geometry": {"type": "Polygon", "coordinates": [[[-121.9630034353021, 37.76574515128403], [-121.9619217163154, 37.767426208197946], [-121.96317827254045, 37.768937923176736], [-121.96551654817692, 37.76876855793437], [-121.96659819871864, 37.76708750021001], [-121.96534164207155, 37.76557580853818], [-121.9630034353021, 37.76574515128403]]]}}, {"type": "Feature", "properties": {"id": 418, "h3": "892830d7553ffff", "area_m2": 109894.5, "lat": 37.760871, "lon": -121.96391}, "geometry": {"type": "Polygon", "coordinates": [[[-121.96265379242149, 37.75935935673959], [-121.96157213176848, 37.76104047473775], [-121.9628286085961, 37.76255229579943], [-121.96516674650253, 37.76238297555159], [-121.96624833871968, 37.76070185674186], [-121.96499186146892, 37.75919005899124], [-121.96265379242149, 37.75935935673959]]]}}, {"type": "Feature", "properties": {"id": 419, "h3": "892830d7557ffff", "area_m2": 109889.1, "lat": 37.762214, "lon": -121.967505}, "geometry": {"type": "Polygon", "coordinates": [[[-121.96624833871968, 37.76070185674186], [-121.96516674650253, 37.76238297555159], [-121.96642326345021, 37.7638947202666], [-121.9687613730293, 37.76372532286111], [-121.9698428968016, 37.762044203245374], [-121.96858637944234, 37.76053248184084], [-121.96624833871968, 37.76070185674186]]]}}, {"type": "Feature", "properties": {"id": 420, "h3": "892830d755bffff", "area_m2": 109895.6, "lat": 37.762722, "lon": -121.96049}, "geometry": {"type": "Polygon", "coordinates": [[[-121.95923396555327, 37.761209717827356], [-121.95815220730272, 37.76289080447137], [-121.95940868369618, 37.76440264884265], [-121.96174691877701, 37.76423338326002], [-121.9628286085961, 37.76255229579943], [-121.96157213176848, 37.76104047473775], [-121.95923396555327, 37.761209717827356]]]}}, {"type": "Feature", "properties": {"id": 421, "h3": "892830d7563ffff", "area_m2": 109875.0, "lat": 37.769941, "lon": -121.97145}, "geometry": {"type": "Polygon", "coordinates": [[[-121.97019297391759, 37.768429695616284], [-121.9691113918298, 37.77011075414554], [-121.9703680282931, 37.771622316404], [-121.97270624724577, 37.7714527968271], [-121.97378776087065, 37.76977173749851], [-121.97253112400846, 37.76826019854585], [-121.97019297391759, 37.768429695616284]]]}}, {"type": "Feature", "properties": {"id": 422, "h3": "892830d7567ffff", "area_m2": 109869.6, "lat": 37.771283, "lon": -121.975044}, "geometry": {"type": "Polygon", "coordinates": [[[-121.97378776087065, 37.76977173749851], [-121.97270624724577, 37.7714527968271], [-121.97396292381374, 37.772964282718], [-121.97630111439662, 37.7727946859748], [-121.97738255954961, 37.771113625852415], [-121.97612588259432, 37.769602163266725], [-121.97378776087065, 37.76977173749851]]]}}, {"type": "Feature", "properties": {"id": 423, "h3": "892830d756bffff", "area_m2": 109876.2, "lat": 37.771792, "lon": -121.96803}, "geometry": {"type": "Polygon", "coordinates": [[[-121.96677314452592, 37.770280196555476], [-121.96569146481957, 37.771961223723544], [-121.96694810087294, 37.773472809286325], [-121.96928641704524, 37.773303344376416], [-121.9703680282931, 37.771622316404], [-121.9691113918298, 37.77011075414554], [-121.96677314452592, 37.770280196555476]]]}}, {"type": "Feature", "properties": {"id": 424, "h3": "892830d756fffff", "area_m2": 109870.7, "lat": 37.773134, "lon": -121.971625}, "geometry": {"type": "Polygon", "coordinates": [[[-121.9703680282931, 37.771622316404], [-121.96928641704524, 37.773303344376416], [-121.97054309321486, 37.774814853571016], [-121.97288138103335, 37.7746453114892], [-121.97396292381374, 37.772964282718], [-121.97270624724577, 37.7714527968271], [-121.9703680282931, 37.771622316404]]]}}, {"type": "Feature", "properties": {"id": 425, "h3": "892830d7573ffff", "area_m2": 109879.3, "lat": 37.766749, "lon": -121.971275}, "geometry": {"type": "Polygon", "coordinates": [[[-121.97001793008741, 37.76523699122454], [-121.96893637715813, 37.76691808030156], [-121.97019297391759, 37.768429695616284], [-121.97253112400846, 37.76826019854585], [-121.9736126084794, 37.766579108668914], [-121.97235601132049, 37.76506751666203], [-121.97001793008741, 37.76523699122454]]]}}, {"type": "Feature", "properties": {"id": 426, "h3": "892830d7577ffff", "area_m2": 109873.9, "lat": 37.768091, "lon": -121.974869}, "geometry": {"type": "Polygon", "coordinates": [[[-121.9736126084794, 37.766579108668914], [-121.97253112400846, 37.76826019854585], [-121.97378776087065, 37.76977173749851], [-121.97612588259432, 37.769602163266725], [-121.97720729859792, 37.76792107259546], [-121.97595066134787, 37.76640955695003], [-121.9736126084794, 37.766579108668914]]]}}, {"type": "Feature", "properties": {"id": 427, "h3": "892830d757bffff", "area_m2": 109880.5, "lat": 37.768599, "lon": -121.967855}, "geometry": {"type": "Polygon", "coordinates": [[[-121.96659819871864, 37.76708750021001], [-121.96551654817692, 37.76876855793437], [-121.96677314452592, 37.770280196555476], [-121.9691113918298, 37.77011075414554], [-121.97019297391759, 37.768429695616284], [-121.96893637715813, 37.76691808030156], [-121.96659819871864, 37.76708750021001]]]}}, {"type": "Feature", "properties": {"id": 428, "h3": "892830d7583ffff", "area_m2": 109889.9, "lat": 37.753469, "lon": -121.977588}, "geometry": {"type": "Polygon", "coordinates": [[[-121.97633115218065, 37.751957052649985], [-121.97524988190116, 37.753638295929704], [-121.97650636035512, 37.75515002373838], [-121.97884410947019, 37.75498048495013], [-121.97992531129613, 37.75329924087883], [-121.97866883246319, 37.75178753638707], [-121.97633115218065, 37.751957052649985]]]}}, {"type": "Feature", "properties": {"id": 429, "h3": "892830d7587ffff", "area_m2": 109884.5, "lat": 37.754811, "lon": -121.981182}, "geometry": {"type": "Polygon", "coordinates": [[[-121.97992531129613, 37.75329924087883], [-121.97884410947019, 37.75498048495013], [-121.98010062799788, 37.756492136414494], [-121.98243834872163, 37.756322520490976], [-121.98351948208506, 37.75464127563367], [-121.98226296318992, 37.75312964748562], [-121.97992531129613, 37.75329924087883]]]}}, {"type": "Feature", "properties": {"id": 430, "h3": "892830d758bffff", "area_m2": 109891.1, "lat": 37.75532, "lon": -121.974169}, "geometry": {"type": "Polygon", "coordinates": [[[-121.97291210441334, 37.75380775758206], [-121.97183073654298, 37.75548896956166], [-121.97308721460688, 37.757000720685774], [-121.97542506093387, 37.75683123651454], [-121.97650636035512, 37.75515002373838], [-121.97524988190116, 37.753638295929704], [-121.97291210441334, 37.75380775758206]]]}}, {"type": "Feature", "properties": {"id": 431, "h3": "892830d758fffff", "area_m2": 109885.6, "lat": 37.756662, "lon": -121.977763}, "geometry": {"type": "Polygon", "coordinates": [[[-121.97650636035512, 37.75515002373838], [-121.97542506093387, 37.75683123651454], [-121.97668157908313, 37.75834291129376], [-121.97901939703476, 37.75817334998167], [-121.98010062799788, 37.756492136414494], [-121.97884410947019, 37.75498048495013], [-121.97650636035512, 37.75515002373838]]]}}, {"type": "Feature", "properties": {"id": 432, "h3": "892830d759bffff", "area_m2": 109895.4, "lat": 37.752127, "lon": -121.973993}, "geometry": {"type": "Polygon", "coordinates": [[[-121.97273700476687, 37.75061471095141], [-121.9716556660428, 37.752295953434015], [-121.97291210441334, 37.75380775758206], [-121.97524988190116, 37.753638295929704], [-121.97633115218065, 37.751957052649985], [-121.97507471341954, 37.75044527181944], [-121.97273700476687, 37.75061471095141]]]}}, {"type": "Feature", "properties": {"id": 433, "h3": "892830d75a3ffff", "area_m2": 109874.7, "lat": 37.759346, "lon": -121.984951}, "geometry": {"type": "Polygon", "coordinates": [[[-121.98369490731348, 37.75783409560611], [-121.98261374481736, 37.75951530995872], [-121.98387034310838, 37.76102683203336], [-121.98620810425348, 37.76085711644142], [-121.98728919827357, 37.75917590130891], [-121.98603259962725, 37.757664402547924], [-121.98369490731348, 37.75783409560611]]]}}, {"type": "Feature", "properties": {"id": 434, "h3": "892830d75a7ffff", "area_m2": 109869.3, "lat": 37.760687, "lon": -121.988546}, "geometry": {"type": "Polygon", "coordinates": [[[-121.98728919827357, 37.75917590130891], [-121.98620810425348, 37.76085711644142], [-121.98746474260093, 37.76236856215637], [-121.98980247531489, 37.762198769425446], [-121.99088350085002, 37.760517553518575], [-121.98962686215886, 37.75900613111669], [-121.98728919827357, 37.75917590130891]]]}}, {"type": "Feature", "properties": {"id": 435, "h3": "892830d75abffff", "area_m2": 109875.9, "lat": 37.761197, "lon": -121.981533}, "geometry": {"type": "Polygon", "coordinates": [[[-121.98027595525969, 37.75968494841106], [-121.9791946951578, 37.76136613146506], [-121.98045129308248, 37.762877676851915], [-121.98278915147807, 37.762708015872256], [-121.98387034310838, 37.76102683203336], [-121.98261374481736, 37.75951530995872], [-121.98027595525969, 37.75968494841106]]]}}, {"type": "Feature", "properties": {"id": 436, "h3": "892830d75afffff", "area_m2": 109870.4, "lat": 37.762538, "lon": -121.985127}, "geometry": {"type": "Polygon", "coordinates": [[[-121.98387034310838, 37.76102683203336], [-121.98278915147807, 37.762708015872256], [-121.98404578947076, 37.76421948489883], [-121.98638361945119, 37.7640497467746], [-121.98746474260093, 37.76236856215637], [-121.98620810425348, 37.76085711644142], [-121.98387034310838, 37.76102683203336]]]}}, {"type": "Feature", "properties": {"id": 437, "h3": "892830d75b3ffff", "area_m2": 109879.0, "lat": 37.756153, "lon": -121.984776}, "geometry": {"type": "Polygon", "coordinates": [[[-121.98351948208506, 37.75464127563367], [-121.98243834872163, 37.756322520490976], [-121.98369490731348, 37.75783409560611], [-121.98603259962725, 37.757664402547924], [-121.98711366451923, 37.75598315691017], [-121.98585710557157, 37.75447160511076], [-121.98351948208506, 37.75464127563367]]]}}, {"type": "Feature", "properties": {"id": 438, "h3": "892830d75bbffff", "area_m2": 109880.2, "lat": 37.758004, "lon": -121.981357}, "geometry": {"type": "Polygon", "coordinates": [[[-121.98010062799788, 37.756492136414494], [-121.97901939703476, 37.75817334998167], [-121.98027595525969, 37.75968494841106], [-121.98261374481736, 37.75951530995872], [-121.98369490731348, 37.75783409560611], [-121.98243834872163, 37.756322520490976], [-121.98010062799788, 37.756492136414494]]]}}, {"type": "Feature", "properties": {"id": 439, "h3": "892830d75c3ffff", "area_m2": 109897.7, "lat": 37.755828, "lon": -121.967155}, "geometry": {"type": "Polygon", "coordinates": [[[-121.96589852086841, 37.75431587901491], [-121.96481698696974, 37.75599705887376], [-121.96607342452606, 37.75750890965241], [-121.96841139639632, 37.757339557257346], [-121.96949286185925, 37.75565837659138], [-121.96823642389033, 37.75414654912729], [-121.96589852086841, 37.75431587901491]]]}}, {"type": "Feature", "properties": {"id": 440, "h3": "892830d75c7ffff", "area_m2": 109892.2, "lat": 37.75717, "lon": -121.970749}, "geometry": {"type": "Polygon", "coordinates": [[[-121.96949286185925, 37.75565837659138], [-121.96841139639632, 37.757339557257346], [-121.96966787405917, 37.75885133169544], [-121.9720058175887, 37.7586819021533], [-121.97308721460688, 37.757000720685774], [-121.97183073654298, 37.75548896956166], [-121.96949286185925, 37.75565837659138]]]}}, {"type": "Feature", "properties": {"id": 441, "h3": "892830d75cbffff", "area_m2": 109898.8, "lat": 37.757678, "lon": -121.963735}, "geometry": {"type": "Polygon", "coordinates": [[[-121.96247898677731, 37.75616633412112], [-121.96139735528885, 37.75784748264782], [-121.96265379242149, 37.75935935673959], [-121.96499186146892, 37.75919005899124], [-121.96607342452606, 37.75750890965241], [-121.96481698696974, 37.75599705887376], [-121.96247898677731, 37.75616633412112]]]}}, {"type": "Feature", "properties": {"id": 442, "h3": "892830d75cfffff", "area_m2": 109893.4, "lat": 37.759021, "lon": -121.96733}, "geometry": {"type": "Polygon", "coordinates": [[[-121.96607342452606, 37.75750890965241], [-121.96499186146892, 37.75919005899124], [-121.96624833871968, 37.76070185674186], [-121.96858637944234, 37.76053248184084], [-121.96966787405917, 37.75885133169544], [-121.96841139639632, 37.757339557257346], [-121.96607342452606, 37.75750890965241]]]}}, {"type": "Feature", "properties": {"id": 443, "h3": "892830d75d3ffff", "area_m2": 109902.0, "lat": 37.752635, "lon": -121.96698}, "geometry": {"type": "Polygon", "coordinates": [[[-121.9657236277458, 37.751122764846016], [-121.96464212300407, 37.75280397521582], [-121.96589852086841, 37.75431587901491], [-121.96823642389033, 37.75414654912729], [-121.96931786020083, 37.75246533794983], [-121.96806146192334, 37.75095345746735], [-121.9657236277458, 37.751122764846016]]]}}, {"type": "Feature", "properties": {"id": 444, "h3": "892830d75d7ffff", "area_m2": 109896.5, "lat": 37.753977, "lon": -121.970574}, "geometry": {"type": "Polygon", "coordinates": [[[-121.96931786020083, 37.75246533794983], [-121.96823642389033, 37.75414654912729], [-121.96949286185925, 37.75565837659138], [-121.97183073654298, 37.75548896956166], [-121.97291210441334, 37.75380775758206], [-121.9716556660428, 37.752295953434015], [-121.96931786020083, 37.75246533794983]]]}}, {"type": "Feature", "properties": {"id": 445, "h3": "892830d75dbffff", "area_m2": 109903.1, "lat": 37.754485, "lon": -121.963561}, "geometry": {"type": "Polygon", "coordinates": [[[-121.96230419166261, 37.7529732279607], [-121.96122258933718, 37.75465440700686], [-121.96247898677731, 37.75616633412112], [-121.96481698696974, 37.75599705887376], [-121.96589852086841, 37.75431587901491], [-121.96464212300407, 37.75280397521582], [-121.96230419166261, 37.7529732279607]]]}}, {"type": "Feature", "properties": {"id": 446, "h3": "892830d7603ffff", "area_m2": 109928.5, "lat": 37.765255, "lon": -121.925413}, "geometry": {"type": "Polygon", "coordinates": [[[-121.92415645795704, 37.76374308959663], [-121.92307386978241, 37.76542401497616], [-121.92433014274718, 37.76693635755013], [-121.92666900443655, 37.76676775143907], [-121.92775152424682, 37.76508682519023], [-121.92649525073476, 37.76357450592144], [-121.92415645795704, 37.76374308959663]]]}}, {"type": "Feature", "properties": {"id": 447, "h3": "892830d7607ffff", "area_m2": 109923.1, "lat": 37.766599, "lon": -121.929008}, "geometry": {"type": "Polygon", "coordinates": [[[-121.92775152424682, 37.76508682519023], [-121.92666900443655, 37.76676775143907], [-121.92792531763901, 37.76828001768762], [-121.93026415119013, 37.768111334382404], [-121.93134660262704, 37.76643040726978], [-121.93009028888886, 37.76491816432586], [-121.92775152424682, 37.76508682519023]]]}}, {"type": "Feature", "properties": {"id": 448, "h3": "892830d760bffff", "area_m2": 109929.7, "lat": 37.767105, "lon": -121.921991}, "geometry": {"type": "Polygon", "coordinates": [[[-121.92073497997343, 37.765592543892446], [-121.91965229421362, 37.76727343781178], [-121.92090856662004, 37.76878580368945], [-121.92324752534726, 37.76861725234378], [-121.92433014274718, 37.76693635755013], [-121.92307386978241, 37.76542401497616], [-121.92073497997343, 37.765592543892446]]]}}, {"type": "Feature", "properties": {"id": 449, "h3": "892830d760fffff", "area_m2": 109924.2, "lat": 37.768449, "lon": -121.925586}, "geometry": {"type": "Polygon", "coordinates": [[[-121.92433014274718, 37.76693635755013], [-121.92324752534726, 37.76861725234378], [-121.92450383800298, 37.77012954189543], [-121.92684276860801, 37.769960913350026], [-121.92792531763901, 37.76828001768762], [-121.92666900443655, 37.76676775143907], [-121.92433014274718, 37.76693635755013]]]}}, {"type": "Feature", "properties": {"id": 450, "h3": "892830d7613ffff", "area_m2": 109932.8, "lat": 37.762062, "lon": -121.925239}, "geometry": {"type": "Polygon", "coordinates": [[[-121.92398278363157, 37.760549738051594], [-121.9229002246807, 37.76223069400795], [-121.92415645795704, 37.76374308959663], [-121.92649525073476, 37.76357450592144], [-121.9275777413258, 37.76189354909522], [-121.92632150750163, 37.76038117681376], [-121.92398278363157, 37.760549738051594]]]}}, {"type": "Feature", "properties": {"id": 451, "h3": "892830d7617ffff", "area_m2": 109927.4, "lat": 37.763406, "lon": -121.928834}, "geometry": {"type": "Polygon", "coordinates": [[[-121.9275777413258, 37.76189354909522], [-121.92649525073476, 37.76357450592144], [-121.92775152424682, 37.76508682519023], [-121.93009028888886, 37.76491816432586], [-121.93117271111112, 37.76323720663531], [-121.92991643706279, 37.76172491067318], [-121.9275777413258, 37.76189354909522]]]}}, {"type": "Feature", "properties": {"id": 452, "h3": "892830d761bffff", "area_m2": 109934.0, "lat": 37.763912, "lon": -121.921818}, "geometry": {"type": "Polygon", "coordinates": [[[-121.92056140378597, 37.762399200493334], [-121.919478747256, 37.764080124998], [-121.92073497997343, 37.765592543892446], [-121.92307386978241, 37.76542401497616], [-121.92415645795704, 37.76374308959663], [-121.9229002246807, 37.76223069400795], [-121.92056140378597, 37.762399200493334]]]}}, {"type": "Feature", "properties": {"id": 453, "h3": "892830d7623ffff", "area_m2": 109913.3, "lat": 37.771136, "lon": -121.932777}, "geometry": {"type": "Polygon", "coordinates": [[[-121.93152050462065, 37.76962352430057], [-121.93043802396757, 37.77130442082616], [-121.93169441709291, 37.772816557710954], [-121.93403329139765, 37.772647774767854], [-121.93511570366388, 37.77096687738459], [-121.93385931001491, 37.769454763801775], [-121.93152050462065, 37.76962352430057]]]}}, {"type": "Feature", "properties": {"id": 454, "h3": "892830d7627ffff", "area_m2": 109907.9, "lat": 37.772479, "lon": -121.936372}, "geometry": {"type": "Polygon", "coordinates": [[[-121.93511570366388, 37.77096687738459], [-121.93403329139765, 37.772647774767854], [-121.93528972474337, 37.7741598353118], [-121.93762857087006, 37.77399097517076], [-121.93871091474041, 37.77231007693536], [-121.93745448088265, 37.77079803969284], [-121.93511570366388, 37.77096687738459]]]}}, {"type": "Feature", "properties": {"id": 455, "h3": "892830d762bffff", "area_m2": 109914.5, "lat": 37.772985, "lon": -121.929356}, "geometry": {"type": "Polygon", "coordinates": [[[-121.92809912150334, 37.771473126570726], [-121.92701654325006, 37.77315399163762], [-121.92827293584077, 37.77466615182294], [-121.93061190722204, 37.77449742364051], [-121.93169441709291, 37.772816557710954], [-121.93043802396757, 37.77130442082616], [-121.92809912150334, 37.771473126570726]]]}}, {"type": "Feature", "properties": {"id": 456, "h3": "892830d762fffff", "area_m2": 109909.0, "lat": 37.774329, "lon": -121.932951}, "geometry": {"type": "Polygon", "coordinates": [[[-121.93169441709291, 37.772816557710954], [-121.93061190722204, 37.77449742364051], [-121.93186834004472, 37.77600950748437], [-121.93420728326399, 37.77584070209845], [-121.93528972474337, 37.7741598353118], [-121.93403329139765, 37.772647774767854], [-121.93169441709291, 37.772816557710954]]]}}, {"type": "Feature", "properties": {"id": 457, "h3": "892830d7633ffff", "area_m2": 109917.7, "lat": 37.767943, "lon": -121.932603}, "geometry": {"type": "Polygon", "coordinates": [[[-121.93134660262704, 37.76643040726978], [-121.93026415119013, 37.768111334382404], [-121.93152050462065, 37.76962352430057], [-121.93385931001491, 37.769454763801775], [-121.9349416930695, 37.76777383583096], [-121.93368533911483, 37.76626166921681], [-121.93134660262704, 37.76643040726978]]]}}, {"type": "Feature", "properties": {"id": 458, "h3": "892830d7637ffff", "area_m2": 109912.2, "lat": 37.769286, "lon": -121.936198}, "geometry": {"type": "Polygon", "coordinates": [[[-121.9349416930695, 37.76777383583096], [-121.93385931001491, 37.769454763801775], [-121.93511570366388, 37.77096687738459], [-121.93745448088265, 37.77079803969284], [-121.93853679554591, 37.76911711086936], [-121.93728040138438, 37.76760502058998], [-121.9349416930695, 37.76777383583096]]]}}, {"type": "Feature", "properties": {"id": 459, "h3": "892830d763bffff", "area_m2": 109918.8, "lat": 37.769792, "lon": -121.929182}, "geometry": {"type": "Polygon", "coordinates": [[[-121.92792531763901, 37.76828001768762], [-121.92684276860801, 37.769960913350026], [-121.92809912150334, 37.771473126570726], [-121.93043802396757, 37.77130442082616], [-121.93152050462065, 37.76962352430057], [-121.93026415119013, 37.768111334382404], [-121.92792531763901, 37.76828001768762]]]}}, {"type": "Feature", "properties": {"id": 460, "h3": "892830d7643ffff", "area_m2": 109936.2, "lat": 37.76761, "lon": -121.914974}, "geometry": {"type": "Polygon", "coordinates": [[[-121.91371806031944, 37.766097866702786], [-121.91263520862638, 37.76777872826357], [-121.91389144019288, 37.7692911937651], [-121.91623052403614, 37.769122774402746], [-121.91731330738276, 37.76744191195711], [-121.91605707523526, 37.765929469758404], [-121.91371806031944, 37.766097866702786]]]}}, {"type": "Feature", "properties": {"id": 461, "h3": "892830d7647ffff", "area_m2": 109930.8, "lat": 37.768954, "lon": -121.91857}, "geometry": {"type": "Polygon", "coordinates": [[[-121.91731330738276, 37.76744191195711], [-121.91623052403614, 37.769122774402746], [-121.91748679587316, 37.77063516358265], [-121.91982585162886, 37.77046666701438], [-121.92090856662004, 37.76878580368945], [-121.91965229421362, 37.76727343781178], [-121.91731330738276, 37.76744191195711]]]}}, {"type": "Feature", "properties": {"id": 462, "h3": "892830d764bffff", "area_m2": 109937.4, "lat": 37.76946, "lon": -121.911552}, "geometry": {"type": "Polygon", "coordinates": [[[-121.91029609671415, 37.76794707041941], [-121.9092131474371, 37.769627900487976], [-121.91046937841155, 37.77114038929084], [-121.9128085592578, 37.77097202472352], [-121.91389144019288, 37.7692911937651], [-121.91263520862638, 37.76777872826357], [-121.91029609671415, 37.76794707041941]]]}}, {"type": "Feature", "properties": {"id": 463, "h3": "892830d764fffff", "area_m2": 109931.9, "lat": 37.770804, "lon": -121.915148}, "geometry": {"type": "Polygon", "coordinates": [[[-121.91389144019288, 37.7692911937651], [-121.9128085592578, 37.77097202472352], [-121.91406483051433, 37.77248443720418], [-121.91640398328906, 37.77231599542537], [-121.91748679587316, 37.77063516358265], [-121.91623052403614, 37.769122774402746], [-121.91389144019288, 37.7692911937651]]]}}, {"type": "Feature", "properties": {"id": 464, "h3": "892830d7653ffff", "area_m2": 109940.5, "lat": 37.764417, "lon": -121.914801}, "geometry": {"type": "Polygon", "coordinates": [[[-121.91354469089313, 37.762904456033915], [-121.91246186844049, 37.764585348187985], [-121.91371806031944, 37.766097866702786], [-121.91605707523526, 37.765929469758404], [-121.917139829346, 37.76424857671892], [-121.9158836368855, 37.762736081508955], [-121.91354469089313, 37.762904456033915]]]}}, {"type": "Feature", "properties": {"id": 465, "h3": "892830d7657ffff", "area_m2": 109935.1, "lat": 37.765761, "lon": -121.918396}, "geometry": {"type": "Polygon", "coordinates": [[[-121.917139829346, 37.76424857671892], [-121.91605707523526, 37.765929469758404], [-121.91731330738276, 37.76744191195711], [-121.91965229421362, 37.76727343781178], [-121.92073497997343, 37.765592543892446], [-121.919478747256, 37.764080124998], [-121.917139829346, 37.76424857671892]]]}}, {"type": "Feature", "properties": {"id": 466, "h3": "892830d765bffff", "area_m2": 109941.7, "lat": 37.766266, "lon": -121.911379}, "geometry": {"type": "Polygon", "coordinates": [[[-121.91012282545833, 37.764753667930854], [-121.90903990542778, 37.76643452860122], [-121.91029609671415, 37.76794707041941], [-121.91263520862638, 37.76777872826357], [-121.91371806031944, 37.766097866702786], [-121.91246186844049, 37.764585348187985], [-121.91012282545833, 37.764753667930854]]]}}, {"type": "Feature", "properties": {"id": 467, "h3": "892830d7663ffff", "area_m2": 109921.0, "lat": 37.773491, "lon": -121.922339}, "geometry": {"type": "Polygon", "coordinates": [[[-121.92108216372671, 37.771978979867704], [-121.91999941950266, 37.77365981258919], [-121.92125577129443, 37.77517207241059], [-121.92359486787028, 37.77500347621059], [-121.92467754372534, 37.77332264261593], [-121.92342119137625, 37.77181040609414], [-121.92108216372671, 37.771978979867704]]]}}, {"type": "Feature", "properties": {"id": 468, "h3": "892830d7667ffff", "area_m2": 109915.6, "lat": 37.774835, "lon": -121.925934}, "geometry": {"type": "Polygon", "coordinates": [[[-121.92467754372534, 37.77332264261593], [-121.92359486787028, 37.77500347621059], [-121.92485125991523, 37.776515659694944], [-121.92719032836365, 37.77634698628527], [-121.92827293584077, 37.77466615182294], [-121.92701654325006, 37.77315399163762], [-121.92467754372534, 37.77332264261593]]]}}, {"type": "Feature", "properties": {"id": 469, "h3": "892830d766bffff", "area_m2": 109922.2, "lat": 37.775341, "lon": -121.918917}, "geometry": {"type": "Polygon", "coordinates": [[[-121.91766029481803, 37.77382833157889], [-121.916577452995, 37.775509132809646], [-121.91783380421842, 37.77702141592919], [-121.92017299783592, 37.77685287451954], [-121.92125577129443, 37.77517207241059], [-121.91999941950266, 37.77365981258919], [-121.91766029481803, 37.77382833157889]]]}}, {"type": "Feature", "properties": {"id": 470, "h3": "892830d766fffff", "area_m2": 109916.7, "lat": 37.776684, "lon": -121.922512}, "geometry": {"type": "Polygon", "coordinates": [[[-121.92125577129443, 37.77517207241059], [-121.92017299783592, 37.77685287451954], [-121.92142938932412, 37.77836508130145], [-121.92376855483027, 37.77819646267655], [-121.92485125991523, 37.776515659694944], [-121.92359486787028, 37.77500347621059], [-121.92125577129443, 37.77517207241059]]]}}, {"type": "Feature", "properties": {"id": 471, "h3": "892830d7673ffff", "area_m2": 109925.4, "lat": 37.770298, "lon": -121.922165}, "geometry": {"type": "Polygon", "coordinates": [[[-121.92090856662004, 37.76878580368945], [-121.91982585162886, 37.77046666701438], [-121.92108216372671, 37.771978979867704], [-121.92342119137625, 37.77181040609414], [-121.92450383800298, 37.77012954189543], [-121.92324752534726, 37.76861725234378], [-121.92090856662004, 37.76878580368945]]]}}, {"type": "Feature", "properties": {"id": 472, "h3": "892830d7677ffff", "area_m2": 109919.9, "lat": 37.771642, "lon": -121.92576}, "geometry": {"type": "Polygon", "coordinates": [[[-121.92450383800298, 37.77012954189543], [-121.92342119137625, 37.77181040609414], [-121.92467754372534, 37.77332264261593], [-121.92701654325006, 37.77315399163762], [-121.92809912150334, 37.771473126570726], [-121.92684276860801, 37.769960913350026], [-121.92450383800298, 37.77012954189543]]]}}, {"type": "Feature", "properties": {"id": 473, "h3": "892830d767bffff", "area_m2": 109926.5, "lat": 37.772148, "lon": -121.918743}, "geometry": {"type": "Polygon", "coordinates": [[[-121.91748679587316, 37.77063516358265], [-121.91640398328906, 37.77231599542537], [-121.91766029481803, 37.77382833157889], [-121.91999941950266, 37.77365981258919], [-121.92108216372671, 37.771978979867704], [-121.91982585162886, 37.77046666701438], [-121.91748679587316, 37.77063516358265]]]}}, {"type": "Feature", "properties": {"id": 474, "h3": "892830d7683ffff", "area_m2": 109936.0, "lat": 37.757019, "lon": -121.928486}, "geometry": {"type": "Polygon", "coordinates": [[[-121.9272302068936, 37.75550674617889], [-121.92614777473631, 37.75718776413267], [-121.92740396887503, 37.75870018941923], [-121.92974259571099, 37.75853157344099], [-121.93082495950854, 37.756850554621785], [-121.92956876483254, 37.75533815264596], [-121.9272302068936, 37.75550674617889]]]}}, {"type": "Feature", "properties": {"id": 475, "h3": "892830d7687ffff", "area_m2": 109930.6, "lat": 37.758363, "lon": -121.932081}, "geometry": {"type": "Polygon", "coordinates": [[[-121.93082495950854, 37.756850554621785], [-121.92974259571099, 37.75853157344099], [-121.93099883007193, 37.76004392241378], [-121.9333374287588, 37.759875229256885], [-121.93441972418763, 37.7581942095778], [-121.93316348930097, 37.75668188391519], [-121.93082495950854, 37.756850554621785]]]}}, {"type": "Feature", "properties": {"id": 476, "h3": "892830d768bffff", "area_m2": 109937.1, "lat": 37.758869, "lon": -121.925065}, "geometry": {"type": "Polygon", "coordinates": [[[-121.92380911976989, 37.75735630293164], [-121.92272659004122, 37.75903728945575], [-121.92398278363157, 37.760549738051594], [-121.92632150750163, 37.76038117681376], [-121.92740396887503, 37.75870018941923], [-121.92614777473631, 37.75718776413267], [-121.92380911976989, 37.75735630293164]]]}}, {"type": "Feature", "properties": {"id": 477, "h3": "892830d768fffff", "area_m2": 109931.7, "lat": 37.760213, "lon": -121.92866}, "geometry": {"type": "Polygon", "coordinates": [[[-121.92740396887503, 37.75870018941923], [-121.92632150750163, 37.76038117681376], [-121.9275777413258, 37.76189354909522], [-121.92991643706279, 37.76172491067318], [-121.93099883007193, 37.76004392241378], [-121.92974259571099, 37.75853157344099], [-121.92740396887503, 37.75870018941923]]]}}, {"type": "Feature", "properties": {"id": 478, "h3": "892830d7693ffff", "area_m2": 109940.3, "lat": 37.753826, "lon": -121.928313}, "geometry": {"type": "Polygon", "coordinates": [[[-121.92705645538048, 37.752313219390864], [-121.92597405243781, 37.753994267894804], [-121.9272302068936, 37.75550674617889], [-121.92956876483254, 37.75533815264596], [-121.93065109941999, 37.75365710327603], [-121.92939494442642, 37.752144648304736], [-121.92705645538048, 37.752313219390864]]]}}, {"type": "Feature", "properties": {"id": 479, "h3": "892830d7697ffff", "area_m2": 109934.9, "lat": 37.75517, "lon": -121.931907}, "geometry": {"type": "Polygon", "coordinates": [[[-121.93065109941999, 37.75365710327603], [-121.92956876483254, 37.75533815264596], [-121.93082495950854, 37.756850554621785], [-121.93316348930097, 37.75668188391519], [-121.93424575552429, 37.75500083368483], [-121.93298956032201, 37.75348845502121], [-121.93065109941999, 37.75365710327603]]]}}, {"type": "Feature", "properties": {"id": 480, "h3": "892830d769bffff", "area_m2": 109941.4, "lat": 37.755675, "lon": -121.924892}, "geometry": {"type": "Polygon", "coordinates": [[[-121.92363546637101, 37.75416278425346], [-121.92255296586302, 37.75584380133625], [-121.92380911976989, 37.75735630293164], [-121.92614777473631, 37.75718776413267], [-121.9272302068936, 37.75550674617889], [-121.92597405243781, 37.753994267894804], [-121.92363546637101, 37.75416278425346]]]}}, {"type": "Feature", "properties": {"id": 481, "h3": "892830d76a3ffff", "area_m2": 109920.8, "lat": 37.7629, "lon": -121.93585}, "geometry": {"type": "Polygon", "coordinates": [[[-121.93459370333231, 37.76138750191091], [-121.93351137869645, 37.76306849102964], [-121.93476769295927, 37.76458071066751], [-121.9371063323743, 37.76441191787883], [-121.93818858862797, 37.76273092790632], [-121.93693227385148, 37.761218731575994], [-121.93459370333231, 37.76138750191091]]]}}, {"type": "Feature", "properties": {"id": 482, "h3": "892830d76a7ffff", "area_m2": 109915.4, "lat": 37.764243, "lon": -121.939445}, "geometry": {"type": "Polygon", "coordinates": [[[-121.93818858862797, 37.76273092790632], [-121.9371063323743, 37.76441191787883], [-121.93836268684207, 37.76592406118746], [-121.94070129806819, 37.765755191216364], [-121.94178348593059, 37.764074200395655], [-121.94052713096082, 37.76256208039396], [-121.93818858862797, 37.76273092790632]]]}}, {"type": "Feature", "properties": {"id": 483, "h3": "892830d76abffff", "area_m2": 109922.0, "lat": 37.764749, "lon": -121.932429}, "geometry": {"type": "Polygon", "coordinates": [[[-121.93117271111112, 37.76323720663531], [-121.93009028888886, 37.76491816432586], [-121.93134660262704, 37.76643040726978], [-121.93368533911483, 37.76626166921681], [-121.93476769295927, 37.76458071066751], [-121.93351137869645, 37.76306849102964], [-121.93117271111112, 37.76323720663531]]]}}, {"type": "Feature", "properties": {"id": 484, "h3": "892830d76afffff", "area_m2": 109916.5, "lat": 37.766093, "lon": -121.936024}, "geometry": {"type": "Polygon", "coordinates": [[[-121.93476769295927, 37.76458071066751], [-121.93368533911483, 37.76626166921681], [-121.9349416930695, 37.76777383583096], [-121.93728040138438, 37.76760502058998], [-121.93836268684207, 37.76592406118746], [-121.9371063323743, 37.76441191787883], [-121.93476769295927, 37.76458071066751]]]}}, {"type": "Feature", "properties": {"id": 485, "h3": "892830d76b3ffff", "area_m2": 109925.1, "lat": 37.759706, "lon": -121.935676}, "geometry": {"type": "Polygon", "coordinates": [[[-121.93441972418763, 37.7581942095778], [-121.9333374287588, 37.759875229256885], [-121.93459370333231, 37.76138750191091], [-121.93693227385148, 37.761218731575994], [-121.93801450090264, 37.75953771104259], [-121.93675822581498, 37.75802546169814], [-121.93441972418763, 37.7581942095778]]]}}, {"type": "Feature", "properties": {"id": 486, "h3": "892830d76b7ffff", "area_m2": 109919.7, "lat": 37.76105, "lon": -121.939271}, "geometry": {"type": "Polygon", "coordinates": [[[-121.93801450090264, 37.75953771104259], [-121.93693227385148, 37.761218731575994], [-121.93818858862797, 37.76273092790632], [-121.94052713096082, 37.76256208039396], [-121.94160928962528, 37.760881059011794], [-121.94035297434623, 37.75936888599046], [-121.93801450090264, 37.75953771104259]]]}}, {"type": "Feature", "properties": {"id": 487, "h3": "892830d76bbffff", "area_m2": 109926.3, "lat": 37.761556, "lon": -121.932255}, "geometry": {"type": "Polygon", "coordinates": [[[-121.93099883007193, 37.76004392241378], [-121.92991643706279, 37.76172491067318], [-121.93117271111112, 37.76323720663531], [-121.93351137869645, 37.76306849102964], [-121.93459370333231, 37.76138750191091], [-121.9333374287588, 37.759875229256885], [-121.93099883007193, 37.76004392241378]]]}}, {"type": "Feature", "properties": {"id": 488, "h3": "892830d76c3ffff", "area_m2": 109943.7, "lat": 37.759374, "lon": -121.918049}, "geometry": {"type": "Polygon", "coordinates": [[[-121.91679290462946, 37.75786165547113], [-121.91571020898591, 37.75954260967109], [-121.91696636176188, 37.76105515788471], [-121.91930521075503, 37.76088672858971], [-121.92038783805673, 37.75920577350877], [-121.91913168470975, 37.75769324860352], [-121.91679290462946, 37.75786165547113]]]}}, {"type": "Feature", "properties": {"id": 489, "h3": "892830d76c7ffff", "area_m2": 109938.3, "lat": 37.760718, "lon": -121.921644}, "geometry": {"type": "Polygon", "coordinates": [[[-121.92038783805673, 37.75920577350877], [-121.91930521075503, 37.76088672858971], [-121.92056140378597, 37.762399200493334], [-121.9229002246807, 37.76223069400795], [-121.92398278363157, 37.760549738051594], [-121.92272659004122, 37.75903728945575], [-121.92038783805673, 37.75920577350877]]]}}, {"type": "Feature", "properties": {"id": 490, "h3": "892830d76cbffff", "area_m2": 109944.8, "lat": 37.761224, "lon": -121.914627}, "geometry": {"type": "Polygon", "coordinates": [[[-121.91337133191296, 37.759710961775106], [-121.91228853869922, 37.7613918845134], [-121.91354469089313, 37.762904456033915], [-121.9158836368855, 37.762736081508955], [-121.91696636176188, 37.76105515788471], [-121.91571020898591, 37.75954260967109], [-121.91337133191296, 37.759710961775106]]]}}, {"type": "Feature", "properties": {"id": 491, "h3": "892830d76cfffff", "area_m2": 109939.4, "lat": 37.762568, "lon": -121.918223}, "geometry": {"type": "Polygon", "coordinates": [[[-121.91696636176188, 37.76105515788471], [-121.9158836368855, 37.762736081508955], [-121.917139829346, 37.76424857671892], [-121.919478747256, 37.764080124998], [-121.92056140378597, 37.762399200493334], [-121.91930521075503, 37.76088672858971], [-121.91696636176188, 37.76105515788471]]]}}, {"type": "Feature", "properties": {"id": 492, "h3": "892830d76d3ffff", "area_m2": 109948.0, "lat": 37.756181, "lon": -121.917876}, "geometry": {"type": "Polygon", "coordinates": [[[-121.91661945794777, 37.754668069494834], [-121.91553679153554, 37.756349054261435], [-121.91679290462946, 37.75786165547113], [-121.91913168470975, 37.75769324860352], [-121.92021428278473, 37.7560122629554], [-121.9189581691193, 37.75449968505612], [-121.91661945794777, 37.754668069494834]]]}}, {"type": "Feature", "properties": {"id": 493, "h3": "892830d76d7ffff", "area_m2": 109942.6, "lat": 37.757525, "lon": -121.92147}, "geometry": {"type": "Polygon", "coordinates": [[[-121.92021428278473, 37.7560122629554], [-121.91913168470975, 37.75769324860352], [-121.92038783805673, 37.75920577350877], [-121.92272659004122, 37.75903728945575], [-121.92380911976989, 37.75735630293164], [-121.92255296586302, 37.75584380133625], [-121.92021428278473, 37.7560122629554]]]}}, {"type": "Feature", "properties": {"id": 494, "h3": "892830d76dbffff", "area_m2": 109949.1, "lat": 37.75803, "lon": -121.914454}, "geometry": {"type": "Polygon", "coordinates": [[[-121.91319798337801, 37.75651738394304], [-121.91211521940163, 37.75819833725648], [-121.91337133191296, 37.759710961775106], [-121.91571020898591, 37.75954260967109], [-121.91679290462946, 37.75786165547113], [-121.91553679153554, 37.756349054261435], [-121.91319798337801, 37.75651738394304]]]}}, {"type": "Feature", "properties": {"id": 495, "h3": "8928346da03ffff", "area_m2": 109950.6, "lat": 37.729951, "lon": -121.948137}, "geometry": {"type": "Polygon", "coordinates": [[[-121.9468810481582, 37.72843888723219], [-121.9457993472704, 37.730120245884926], [-121.94705534609314, 37.73163279613532], [-121.94939304628004, 37.73146396440287], [-121.9504746788042, 37.72978260491188], [-121.94921867950778, 37.728270077991304], [-121.9468810481582, 37.72843888723219]]]}}, {"type": "Feature", "properties": {"id": 496, "h3": "8928346da07ffff", "area_m2": 109945.2, "lat": 37.731295, "lon": -121.951731}, "geometry": {"type": "Polygon", "coordinates": [[[-121.9504746788042, 37.72978260491188], [-121.94939304628004, 37.73146396440287], [-121.95064908524579, 37.73297643837064], [-121.9529867572005, 37.732807529517885], [-121.95406832135208, 37.73112616919416], [-121.95281228192418, 37.72961371855564], [-121.9504746788042, 37.72978260491188]]]}}, {"type": "Feature", "properties": {"id": 497, "h3": "8928346da0bffff", "area_m2": 109951.8, "lat": 37.731802, "lon": -121.944718}, "geometry": {"type": "Polygon", "coordinates": [[[-121.94346161886993, 37.73028900049644], [-121.94237982045091, 37.731970327843136], [-121.94363581878889, 37.73348290142187], [-121.9459736160333, 37.73331412432528], [-121.94705534609314, 37.73163279613532], [-121.9457993472704, 37.730120245884926], [-121.94346161886993, 37.73028900049644]]]}}, {"type": "Feature", "properties": {"id": 498, "h3": "8928346da0fffff", "area_m2": 109946.4, "lat": 37.733145, "lon": -121.948311}, "geometry": {"type": "Polygon", "coordinates": [[[-121.94705534609314, 37.73163279613532], [-121.9459736160333, 37.73331412432528], [-121.94722965452593, 37.73482662162078], [-121.94956742355416, 37.73465776739829], [-121.95064908524579, 37.73297643837064], [-121.94939304628004, 37.73146396440287], [-121.94705534609314, 37.73163279613532]]]}}, {"type": "Feature", "properties": {"id": 499, "h3": "8928346da13ffff", "area_m2": 109954.9, "lat": 37.726758, "lon": -121.947963}, "geometry": {"type": "Polygon", "coordinates": [[[-121.9467067607202, 37.72524489492808], [-121.94562508900289, 37.726926284034505], [-121.9468810481582, 37.72843888723219], [-121.94921867950778, 37.728270077991304], [-121.950300282866, 37.726588688046036], [-121.94904432323645, 37.72507610818022], [-121.9467067607202, 37.72524489492808]]]}}, {"type": "Feature", "properties": {"id": 500, "h3": "8928346da17ffff", "area_m2": 109949.5, "lat": 37.728101, "lon": -121.951556}, "geometry": {"type": "Polygon", "coordinates": [[[-121.950300282866, 37.726588688046036], [-121.94921867950778, 37.728270077991304], [-121.9504746788042, 37.72978260491188], [-121.95281228192418, 37.72961371855564], [-121.95389381691437, 37.727932327777125], [-121.95263781715528, 37.72641982418781], [-121.950300282866, 37.726588688046036]]]}}, {"type": "Feature", "properties": {"id": 501, "h3": "8928346da1bffff", "area_m2": 109956.1, "lat": 37.728608, "lon": -121.944543}, "geometry": {"type": "Polygon", "coordinates": [[[-121.94328742944232, 37.72709501615945], [-121.94220566019986, 37.72877637396837], [-121.94346161886993, 37.73028900049644], [-121.9457993472704, 37.730120245884926], [-121.9468810481582, 37.72843888723219], [-121.94562508900289, 37.726926284034505], [-121.94328742944232, 37.72709501615945]]]}}, {"type": "Feature", "properties": {"id": 502, "h3": "8928346da23ffff", "area_m2": 109935.5, "lat": 37.735832, "lon": -121.955499}, "geometry": {"type": "Polygon", "coordinates": [[[-121.95424283629968, 37.734319927198044], [-121.95316124298519, 37.73600125705785], [-121.9544173617581, 37.737513601772065], [-121.95675507429823, 37.73734459329958], [-121.95783659922662, 37.73566326261319], [-121.95658048000368, 37.73415094122558], [-121.95424283629968, 37.734319927198044]]]}}, {"type": "Feature", "properties": {"id": 503, "h3": "8928346da27ffff", "area_m2": 109930.0, "lat": 37.737176, "lon": -121.959093}, "geometry": {"type": "Polygon", "coordinates": [[[-121.95783659922662, 37.73566326261319], [-121.95675507429823, 37.73734459329958], [-121.95801123319688, 37.7388568617157], [-121.96034891746507, 37.73868777611915], [-121.96143037399835, 37.73700644461172], [-121.96017421466124, 37.73549419952159], [-121.95783659922662, 37.73566326261319]]]}}, {"type": "Feature", "properties": {"id": 504, "h3": "8928346da2bffff", "area_m2": 109936.6, "lat": 37.737683, "lon": -121.95208}, "geometry": {"type": "Polygon", "coordinates": [[[-121.95082350219171, 37.73617018840564], [-121.94974181133107, 37.73785148696087], [-121.95099792964292, 37.73936385500021], [-121.95333573927915, 37.73919490115888], [-121.9544173617581, 37.737513601772065], [-121.95316124298519, 37.73600125705785], [-121.95082350219171, 37.73617018840564]]]}}, {"type": "Feature", "properties": {"id": 505, "h3": "8928346da2fffff", "area_m2": 109931.2, "lat": 37.739026, "lon": -121.955674}, "geometry": {"type": "Polygon", "coordinates": [[[-121.9544173617581, 37.737513601772065], [-121.95333573927915, 37.73919490115888], [-121.9545918977283, 37.74070719289954], [-121.9569296791086, 37.740538161928555], [-121.95801123319688, 37.7388568617157], [-121.95675507429823, 37.73734459329958], [-121.9544173617581, 37.737513601772065]]]}}, {"type": "Feature", "properties": {"id": 506, "h3": "8928346da33ffff", "area_m2": 109939.8, "lat": 37.732639, "lon": -121.955324}, "geometry": {"type": "Polygon", "coordinates": [[[-121.95406832135208, 37.73112616919416], [-121.9529867572005, 37.732807529517885], [-121.95424283629968, 37.734319927198044], [-121.95658048000368, 37.73415094122558], [-121.95766197577365, 37.73246958007471], [-121.95640589622393, 37.730957205723186], [-121.95406832135208, 37.73112616919416]]]}}, {"type": "Feature", "properties": {"id": 507, "h3": "8928346da37ffff", "area_m2": 109934.3, "lat": 37.733982, "lon": -121.958918}, "geometry": {"type": "Polygon", "coordinates": [[[-121.95766197577365, 37.73246958007471], [-121.95658048000368, 37.73415094122558], [-121.95783659922662, 37.73566326261319], [-121.96017421466124, 37.73549419952159], [-121.96125564204071, 37.733812837549145], [-121.95999952237875, 37.732300539489586], [-121.95766197577365, 37.73246958007471]]]}}, {"type": "Feature", "properties": {"id": 508, "h3": "8928346da3bffff", "area_m2": 109940.9, "lat": 37.734489, "lon": -121.951905}, "geometry": {"type": "Polygon", "coordinates": [[[-121.95064908524579, 37.73297643837064], [-121.94956742355416, 37.73465776739829], [-121.95082350219171, 37.73617018840564], [-121.95316124298519, 37.73600125705785], [-121.95424283629968, 37.734319927198044], [-121.9529867572005, 37.732807529517885], [-121.95064908524579, 37.73297643837064]]]}}, {"type": "Feature", "properties": {"id": 509, "h3": "8928346da43ffff", "area_m2": 109958.4, "lat": 37.732308, "lon": -121.937704}, "geometry": {"type": "Polygon", "coordinates": [[[-121.9364481832142, 37.730795000799255], [-121.93536621891653, 37.73247629597259], [-121.93662217658294, 37.73398896915704], [-121.93896009905704, 37.733820323840405], [-121.94004199500893, 37.73213902781323], [-121.93878603683515, 37.73062637795625], [-121.9364481832142, 37.730795000799255]]]}}, {"type": "Feature", "properties": {"id": 510, "h3": "8928346da47ffff", "area_m2": 109952.9, "lat": 37.733652, "lon": -121.941298}, "geometry": {"type": "Polygon", "coordinates": [[[-121.94004199500893, 37.73213902781323], [-121.93896009905704, 37.733820323840405], [-121.94021609689928, 37.73533292074599], [-121.94255399119179, 37.735164198297284], [-121.94363581878889, 37.73348290142187], [-121.94237982045091, 37.731970327843136], [-121.94004199500893, 37.73213902781323]]]}}, {"type": "Feature", "properties": {"id": 511, "h3": "8928346da4bffff", "area_m2": 109959.5, "lat": 37.734158, "lon": -121.934284}, "geometry": {"type": "Polygon", "coordinates": [[[-121.93302826827947, 37.73264486415656], [-121.93194620645173, 37.734326127991864], [-121.93320216359979, 37.73583882450229], [-121.93554018309656, 37.735670233851145], [-121.93662217658294, 37.73398896915704], [-121.93536621891653, 37.73247629597259], [-121.93302826827947, 37.73264486415656]]]}}, {"type": "Feature", "properties": {"id": 512, "h3": "8928346da4fffff", "area_m2": 109954.1, "lat": 37.735502, "lon": -121.937878}, "geometry": {"type": "Polygon", "coordinates": [[[-121.93662217658294, 37.73398896915704], [-121.93554018309656, 37.735670233851145], [-121.93679618043198, 37.737182854082135], [-121.93913417176321, 37.73701418629336], [-121.94021609689928, 37.73533292074599], [-121.93896009905704, 37.733820323840405], [-121.93662217658294, 37.73398896915704]]]}}, {"type": "Feature", "properties": {"id": 513, "h3": "8928346da53ffff", "area_m2": 109962.7, "lat": 37.729114, "lon": -121.93753}, "geometry": {"type": "Polygon", "coordinates": [[[-121.93627420032479, 37.72760094902544], [-121.93519226521428, 37.72928227466895], [-121.9364481832142, 37.730795000799255], [-121.93878603683515, 37.73062637795625], [-121.93986790360442, 37.72894505145835], [-121.93861198509661, 37.72743234865755], [-121.93627420032479, 37.72760094902544]]]}}, {"type": "Feature", "properties": {"id": 514, "h3": "8928346da57ffff", "area_m2": 109957.2, "lat": 37.730458, "lon": -121.941124}, "geometry": {"type": "Polygon", "coordinates": [[[-121.93986790360442, 37.72894505145835], [-121.93878603683515, 37.73062637795625], [-121.94004199500893, 37.73213902781323], [-121.94237982045091, 37.731970327843136], [-121.94346161886993, 37.73028900049644], [-121.94220566019986, 37.72877637396837], [-121.93986790360442, 37.72894505145835]]]}}, {"type": "Feature", "properties": {"id": 515, "h3": "8928346da5bffff", "area_m2": 109963.8, "lat": 37.730964, "lon": -121.93411}, "geometry": {"type": "Polygon", "coordinates": [[[-121.93285438343293, 37.72945082038426], [-121.93177235079843, 37.731132114698234], [-121.93302826827947, 37.73264486415656], [-121.93536621891653, 37.73247629597259], [-121.9364481832142, 37.730795000799255], [-121.93519226521428, 37.72928227466895], [-121.93285438343293, 37.72945082038426]]]}}, {"type": "Feature", "properties": {"id": 516, "h3": "8928346da63ffff", "area_m2": 109943.2, "lat": 37.738189, "lon": -121.945066}, "geometry": {"type": "Polygon", "coordinates": [[[-121.9438100292002, 37.73667671891908], [-121.94272817242349, 37.73835798531411], [-121.94398425010472, 37.739870452971395], [-121.94632218504906, 37.73970163090911], [-121.94740397345747, 37.738020363671936], [-121.94614789529254, 37.7365079193389], [-121.9438100292002, 37.73667671891908]]]}}, {"type": "Feature", "properties": {"id": 517, "h3": "8928346da67ffff", "area_m2": 109937.8, "lat": 37.739533, "lon": -121.94866}, "geometry": {"type": "Polygon", "coordinates": [[[-121.94740397345747, 37.738020363671936], [-121.94632218504906, 37.73970163090911], [-121.94757830288881, 37.74121402227208], [-121.94991620961176, 37.741045123073945], [-121.95099792964292, 37.73936385500021], [-121.94974181133107, 37.73785148696087], [-121.94740397345747, 37.738020363671936]]]}}, {"type": "Feature", "properties": {"id": 518, "h3": "8928346da6bffff", "area_m2": 109944.3, "lat": 37.740039, "lon": -121.941646}, "geometry": {"type": "Polygon", "coordinates": [[[-121.94039020927639, 37.738526730239954], [-121.93930825495467, 37.74020796529842], [-121.94056433214122, 37.74172045627846], [-121.94290236414686, 37.741551688876974], [-121.94398425010472, 37.739870452971395], [-121.94272817242349, 37.73835798531411], [-121.94039020927639, 37.738526730239954]]]}}, {"type": "Feature", "properties": {"id": 519, "h3": "8928346da6fffff", "area_m2": 109938.9, "lat": 37.741383, "lon": -121.94524}, "geometry": {"type": "Polygon", "coordinates": [[[-121.94398425010472, 37.739870452971395], [-121.94290236414686, 37.741551688876974], [-121.9441584815035, 37.74306410356215], [-121.94649648530377, 37.742895259019235], [-121.94757830288881, 37.74121402227208], [-121.94632218504906, 37.73970163090911], [-121.94398425010472, 37.739870452971395]]]}}, {"type": "Feature", "properties": {"id": 520, "h3": "8928346da73ffff", "area_m2": 109947.5, "lat": 37.734995, "lon": -121.944892}, "geometry": {"type": "Polygon", "coordinates": [[[-121.94363581878889, 37.73348290142187], [-121.94255399119179, 37.735164198297284], [-121.9438100292002, 37.73667671891908], [-121.94614789529254, 37.7365079193389], [-121.94722965452593, 37.73482662162078], [-121.9459736160333, 37.73331412432528], [-121.94363581878889, 37.73348290142187]]]}}, {"type": "Feature", "properties": {"id": 521, "h3": "8928346da77ffff", "area_m2": 109942.1, "lat": 37.736339, "lon": -121.948486}, "geometry": {"type": "Polygon", "coordinates": [[[-121.94722965452593, 37.73482662162078], [-121.94614789529254, 37.7365079193389], [-121.94740397345747, 37.738020363671936], [-121.94974181133107, 37.73785148696087], [-121.95082350219171, 37.73617018840564], [-121.94956742355416, 37.73465776739829], [-121.94722965452593, 37.73482662162078]]]}}, {"type": "Feature", "properties": {"id": 522, "h3": "8928346da7bffff", "area_m2": 109948.6, "lat": 37.736845, "lon": -121.941472}, "geometry": {"type": "Polygon", "coordinates": [[[-121.94021609689928, 37.73533292074599], [-121.93913417176321, 37.73701418629336], [-121.94039020927639, 37.738526730239954], [-121.94272817242349, 37.73835798531411], [-121.9438100292002, 37.73667671891908], [-121.94255399119179, 37.735164198297284], [-121.94021609689928, 37.73533292074599]]]}}, {"type": "Feature", "properties": {"id": 523, "h3": "8928346da83ffff", "area_m2": 109958.1, "lat": 37.721713, "lon": -121.951207}, "geometry": {"type": "Polygon", "coordinates": [[[-121.94995152249606, 37.720200604159764], [-121.9488699774651, 37.72188205498632], [-121.95012589743028, 37.72339468778978], [-121.95246336289283, 37.72322584643104], [-121.95354483956483, 37.721544394770106], [-121.95228891913588, 37.72003178530202], [-121.94995152249606, 37.720200604159764]]]}}, {"type": "Feature", "properties": {"id": 524, "h3": "8928346da8bffff", "area_m2": 109959.2, "lat": 37.723563, "lon": -121.947788}, "geometry": {"type": "Polygon", "coordinates": [[[-121.94653248377817, 37.72205081923964], [-121.94545084122979, 37.72373223879068], [-121.9467067607202, 37.72524489492808], [-121.94904432323645, 37.72507610818022], [-121.95012589743028, 37.72339468778978], [-121.9488699774651, 37.72188205498632], [-121.94653248377817, 37.72205081923964]]]}}, {"type": "Feature", "properties": {"id": 525, "h3": "8928346da8fffff", "area_m2": 109953.8, "lat": 37.724907, "lon": -121.951382}, "geometry": {"type": "Polygon", "coordinates": [[[-121.95012589743028, 37.72339468778978], [-121.94904432323645, 37.72507610818022], [-121.950300282866, 37.726588688046036], [-121.95263781715528, 37.72641982418781], [-121.9537193229856, 37.724738402963524], [-121.95246336289283, 37.72322584643104], [-121.95012589743028, 37.72339468778978]]]}}, {"type": "Feature", "properties": {"id": 526, "h3": "8928346daabffff", "area_m2": 109944.1, "lat": 37.729445, "lon": -121.95515}, "geometry": {"type": "Polygon", "coordinates": [[[-121.95389381691437, 37.727932327777125], [-121.95281228192418, 37.72961371855564], [-121.95406832135208, 37.73112616919416], [-121.95640589622393, 37.730957205723186], [-121.95748736283707, 37.72927581411694], [-121.95623132295808, 37.7277633868091], [-121.95389381691437, 37.727932327777125]]]}}, {"type": "Feature", "properties": {"id": 527, "h3": "8928346dac3ffff", "area_m2": 109965.8, "lat": 37.72407, "lon": -121.940776}, "geometry": {"type": "Polygon", "coordinates": [[[-121.9395197522491, 37.72255684854889], [-121.9384379438405, 37.724238235961], [-121.93969382268477, 37.72575099169803], [-121.94203151043772, 37.72558233668963], [-121.94311325050516, 37.723900948427584], [-121.9418573711635, 37.72238821602358], [-121.9395197522491, 37.72255684854889]]]}}, {"type": "Feature", "properties": {"id": 528, "h3": "8928346dac7ffff", "area_m2": 109960.4, "lat": 37.725414, "lon": -121.944369}, "geometry": {"type": "Polygon", "coordinates": [[[-121.94311325050516, 37.723900948427584], [-121.94203151043772, 37.72558233668963], [-121.94328742944232, 37.72709501615945], [-121.94562508900289, 37.726926284034505], [-121.9467067607202, 37.72524489492808], [-121.94545084122979, 37.72373223879068], [-121.94311325050516, 37.723900948427584]]]}}, {"type": "Feature", "properties": {"id": 529, "h3": "8928346dacbffff", "area_m2": 109967.0, "lat": 37.72592, "lon": -121.937356}, "geometry": {"type": "Polygon", "coordinates": [[[-121.93610022791378, 37.724406813852255], [-121.93501832198889, 37.72608816995685], [-121.93627420032479, 37.72760094902544], [-121.93861198509661, 37.72743234865755], [-121.93969382268477, 37.72575099169803], [-121.9384379438405, 37.724238235961], [-121.93610022791378, 37.724406813852255]]]}}, {"type": "Feature", "properties": {"id": 530, "h3": "8928346dacfffff", "area_m2": 109961.5, "lat": 37.727264, "lon": -121.94095}, "geometry": {"type": "Polygon", "coordinates": [[[-121.93969382268477, 37.72575099169803], [-121.93861198509661, 37.72743234865755], [-121.93986790360442, 37.72894505145835], [-121.94220566019986, 37.72877637396837], [-121.94328742944232, 37.72709501615945], [-121.94203151043772, 37.72558233668963], [-121.93969382268477, 37.72575099169803]]]}}, {"type": "Feature", "properties": {"id": 531, "h3": "8928346dad7ffff", "area_m2": 109964.7, "lat": 37.72222, "lon": -121.944195}, "geometry": {"type": "Polygon", "coordinates": [[[-121.94293908205746, 37.7207067973175], [-121.9418573711635, 37.72238821602358], [-121.94311325050516, 37.723900948427584], [-121.94545084122979, 37.72373223879068], [-121.94653248377817, 37.72205081923964], [-121.94527660395018, 37.720538110170146], [-121.94293908205746, 37.7207067973175]]]}}, {"type": "Feature", "properties": {"id": 532, "h3": "8928346dadbffff", "area_m2": 109971.3, "lat": 37.722725, "lon": -121.937182}, "geometry": {"type": "Polygon", "coordinates": [[[-121.93592626598021, 37.721212595296414], [-121.93484438923943, 37.72289398185302], [-121.93610022791378, 37.724406813852255], [-121.9384379438405, 37.724238235961], [-121.9395197522491, 37.72255684854889], [-121.93826391306582, 37.721044039883274], [-121.93592626598021, 37.721212595296414]]]}}, {"type": "Feature", "properties": {"id": 533, "h3": "8928346db43ffff", "area_m2": 109920.3, "lat": 37.741712, "lon": -121.962861}, "geometry": {"type": "Polygon", "coordinates": [[[-121.9616051164798, 37.740199968232254], [-121.96052363079114, 37.741881269265576], [-121.96177986948602, 37.74339340839407], [-121.96411759429859, 37.74322422316559], [-121.96519901157866, 37.74154292131736], [-121.96394277245741, 37.74003080551223], [-121.9616051164798, 37.740199968232254]]]}}, {"type": "Feature", "properties": {"id": 534, "h3": "8928346db4bffff", "area_m2": 109921.4, "lat": 37.743563, "lon": -121.959442}, "geometry": {"type": "Polygon", "coordinates": [[[-121.95818587768544, 37.74205037736561], [-121.9571042944357, 37.74373164709584], [-121.95836053269316, 37.745243809546245], [-121.96069835464046, 37.74507467894421], [-121.96177986948602, 37.74339340839407], [-121.96052363079114, 37.741881269265576], [-121.95818587768544, 37.74205037736561]]]}}, {"type": "Feature", "properties": {"id": 535, "h3": "8928346db4fffff", "area_m2": 109916.0, "lat": 37.744906, "lon": -121.963036}, "geometry": {"type": "Polygon", "coordinates": [[[-121.96177986948602, 37.74339340839407], [-121.96069835464046, 37.74507467894421], [-121.96195463301792, 37.74658676508052], [-121.96429242666945, 37.746417557345076], [-121.96537387310187, 37.744736285980586], [-121.96411759429859, 37.74322422316559], [-121.96177986948602, 37.74339340839407]]]}}, {"type": "Feature", "properties": {"id": 536, "h3": "8928346db53ffff", "area_m2": 109924.6, "lat": 37.738519, "lon": -121.962687}, "geometry": {"type": "Polygon", "coordinates": [[[-121.96143037399835, 37.73700644461172], [-121.96034891746507, 37.73868777611915], [-121.9616051164798, 37.740199968232254], [-121.96394277245741, 37.74003080551223], [-121.96502416058668, 37.73834947318932], [-121.96376796114502, 37.73683730440163], [-121.96143037399835, 37.73700644461172]]]}}, {"type": "Feature", "properties": {"id": 537, "h3": "8928346db5bffff", "area_m2": 109925.7, "lat": 37.740369, "lon": -121.959267}, "geometry": {"type": "Polygon", "coordinates": [[[-121.95801123319688, 37.7388568617157], [-121.9569296791086, 37.740538161928555], [-121.95818587768544, 37.74205037736561], [-121.96052363079114, 37.741881269265576], [-121.9616051164798, 37.740199968232254], [-121.96034891746507, 37.73868777611915], [-121.95801123319688, 37.7388568617157]]]}}, {"type": "Feature", "properties": {"id": 538, "h3": "8928346db6bffff", "area_m2": 109906.3, "lat": 37.749442, "lon": -121.966805}, "geometry": {"type": "Polygon", "coordinates": [[[-121.96554874515728, 37.747929567162366], [-121.96446726957095, 37.74961080803405], [-121.9657236277458, 37.751122764846016], [-121.96806146192334, 37.75095345746735], [-121.96914286908299, 37.749272215787435], [-121.96788651049445, 37.74776028229412], [-121.96554874515728, 37.747929567162366]]]}}, {"type": "Feature", "properties": {"id": 539, "h3": "8928346db7bffff", "area_m2": 109910.6, "lat": 37.746248, "lon": -121.96663}, "geometry": {"type": "Polygon", "coordinates": [[[-121.96537387310187, 37.744736285980586], [-121.96429242666945, 37.746417557345076], [-121.96554874515728, 37.747929567162366], [-121.96788651049445, 37.74776028229412], [-121.96896788850478, 37.74607901012083], [-121.96771156960268, 37.74456702362428], [-121.96537387310187, 37.744736285980586]]]}}, {"type": "Feature", "properties": {"id": 540, "h3": "8928346dbcbffff", "area_m2": 109928.9, "lat": 37.735325, "lon": -121.962512}, "geometry": {"type": "Polygon", "coordinates": [[[-121.96125564204071, 37.733812837549145], [-121.96017421466124, 37.73549419952159], [-121.96143037399835, 37.73700644461172], [-121.96376796114502, 37.73683730440163], [-121.964849320125, 37.735155941613144], [-121.96359316036045, 37.7336437198505], [-121.96125564204071, 37.733812837549145]]]}}]}