{"type": "FeatureCollection", "features": [{"type": "Feature", "geometry": {"type": "Point", "coordinates": [-121.95444, 37.7648]}, "properties": {"name": "San Ramon", "place": "town", "kind": "place"}}, {"type": "Feature", "geometry": {"type": "Point", "coordinates": [-121.91183, 37.7561]}, "properties": {"name": "Dougherty Valley", "place": "suburb", "kind": "place"}}, {"type": "Feature", "geometry": {"type": "Point", "coordinates": [-121.92428, 37.77364]}, "properties": {"name": "Gale Ranch", "place": "quarter", "kind": "place"}}, {"type": "Feature", "geometry": {"type": "Point", "coordinates": [-121.89668, 37.76305]}, "properties": {"name": "Windemere", "place": "quarter", "kind": "place"}}, {"type": "Feature", "geometry": {"type": "Point", "coordinates": [-121.98923, 37.74551]}, "properties": {"name": "Norris Canyon", "place": "village", "kind": "place"}}, {"type": "Feature", "geometry": {"type": "Polygon", "coordinates": [[[-121.95036, 37.7692], [-121.95095, 37.76936], [-121.95124, 37.76943], [-121.95287, 37.77209], [-121.95339, 37.77219], [-121.95535, 37.77254], [-121.95678, 37.7728], [-121.95772, 37.77238], [-121.95618, 37.77038], [-121.95516, 37.76896], [-121.95352, 37.76746], [-121.95207, 37.76611], [-121.95184, 37.76606], [-121.95124, 37.76647], [-121.9511, 37.76663], [-121.95079, 37.76721], [-121.95052, 37.76781], [-121.95029, 37.76835], [-121.9502, 37.76859], [-121.95012, 37.76879], [-121.95003, 37.76912], [-121.95036, 37.7692]]]}, "properties": {"name": "Vista San Ramon", "place": "", "kind": "subdivision"}}, {"type": "Feature", "geometry": {"type": "Polygon", "coordinates": [[[-121.95225, 37.76575], [-121.95224, 37.76578], [-121.95223, 37.7658], [-121.95224, 37.76581], [-121.95229, 37.76586], [-121.95236, 37.76592], [-121.95462, 37.76804], [-121.95515, 37.76774], [-121.95573, 37.76834], [-121.95746, 37.76759], [-121.95486, 37.76398], [-121.95471, 37.76408], [-121.95464, 37.76412], [-121.95427, 37.76436], [-121.95226, 37.76574], [-121.95225, 37.76575]]]}, "properties": {"name": "San Ramon Central Park", "place": "", "kind": "park"}}, {"type": "Feature", "geometry": {"type": "Polygon", "coordinates": [[[-121.95704, 37.78433], [-121.9553, 37.78542], [-121.95493, 37.7856], [-121.95473, 37.78543], [-121.95426, 37.78456], [-121.95418, 37.78418], [-121.95422, 37.78402], [-121.95468, 37.78374], [-121.9553, 37.78349], [-121.95484, 37.78333], [-121.95438, 37.78317], [-121.95359, 37.78309], [-121.95356, 37.78339], [-121.95251, 37.78332], [-121.95187, 37.78352], [-121.95134, 37.78354], [-121.95111, 37.78335], [-121.95112, 37.78313], [-121.95115, 37.78282], [-121.95173, 37.78258], [-121.9526, 37.78243], [-121.95352, 37.78249], [-121.95396, 37.78199], [-121.95432, 37.78177], [-121.95488, 37.78168], [-121.95595, 37.78112], [-121.95649, 37.78192], [-121.95547, 37.78322], [-121.95584, 37.78322], [-121.95618, 37.78332], [-121.95672, 37.78284], [-121.95689, 37.78259], [-121.95701, 37.78227], [-121.9574, 37.78236], [-121.95763, 37.78195], [-121.95699, 37.7817], [-121.95663, 37.78133], [-121.95685, 37.78079], [-121.95719, 37.78069], [-121.95835, 37.78114], [-121.9585, 37.78099], [-121.95772, 37.78011], [-121.95987, 37.7793], [-121.96037, 37.78002], [-121.9619, 37.77941], [-121.96263, 37.77982], [-121.96272, 37.78012], [-121.96244, 37.78063], [-121.9623, 37.78088], [-121.96237, 37.78092], [-121.96245, 37.78088], [-121.96287, 37.78121], [-121.9631, 37.78171], [-121.9629, 37.78185], [-121.96278, 37.78192], [-121.96199, 37.78239], [-121.96133, 37.7827], [-121.96048, 37.78293], [-121.95937, 37.7832], [-121.95794, 37.78373], [-121.95704, 37.78433]]]}, "properties": {"name": "Country View", "place": "", "kind": "subdivision"}}, {"type": "Feature", "geometry": {"type": "Polygon", "coordinates": [[[-121.94701, 37.73687], [-121.94643, 37.73711], [-121.94503, 37.73765], [-121.94452, 37.73683], [-121.9447, 37.7366], [-121.94627, 37.736], [-121.94635, 37.73596], [-121.94701, 37.73687]]]}, "properties": {"name": "Boone Acres Park", "place": "", "kind": "park"}}, {"type": "Feature", "geometry": {"type": "Polygon", "coordinates": [[[-121.98673, 37.77254], [-121.98793, 37.77218], [-121.98905, 37.77164], [-121.98959, 37.77125], [-121.98993, 37.77173], [-121.9895, 37.77196], [-121.98942, 37.77207], [-121.98921, 37.77221], [-121.98899, 37.77235], [-121.98812, 37.77283], [-121.98784, 37.77298], [-121.98753, 37.77296], [-121.98687, 37.7729], [-121.98673, 37.77254]]]}, "properties": {"name": "Crow Canyon Gardens", "place": "", "kind": "park"}}, {"type": "Feature", "geometry": {"type": "Polygon", "coordinates": [[[-121.98815, 37.77606], [-121.98837, 37.77533], [-121.98845, 37.77478], [-121.98854, 37.77472], [-121.98882, 37.77477], [-121.98906, 37.77483], [-121.98906, 37.77507], [-121.98942, 37.7755], [-121.991, 37.77659], [-121.99072, 37.77666], [-121.99042, 37.77693], [-121.98929, 37.77604], [-121.98815, 37.77606]]]}, "properties": {"name": "Mill Creek Hollow", "place": "", "kind": "park"}}, {"type": "Feature", "geometry": {"type": "Polygon", "coordinates": [[[-121.92287, 37.7319], [-121.92289, 37.73175], [-121.92292, 37.73168], [-121.92297, 37.73163], [-121.92303, 37.7316], [-121.92313, 37.73158], [-121.92316, 37.73158], [-121.92324, 37.73158], [-121.92324, 37.73201], [-121.92325, 37.73217], [-121.92326, 37.73225], [-121.92331, 37.73239], [-121.92335, 37.73246], [-121.92341, 37.73255], [-121.92351, 37.73265], [-121.92358, 37.7327], [-121.92364, 37.73275], [-121.92372, 37.73282], [-121.92377, 37.73283], [-121.92386, 37.73287], [-121.92395, 37.7329], [-121.92404, 37.73293], [-121.92423, 37.73298], [-121.92428, 37.73299], [-121.92429, 37.733], [-121.92431, 37.73302], [-121.92431, 37.73304], [-121.92431, 37.73305], [-121.9243, 37.73313], [-121.92426, 37.73322], [-121.92424, 37.73334], [-121.92423, 37.73343], [-121.92423, 37.73352], [-121.92422, 37.73363], [-121.92423, 37.73374], [-121.92424, 37.73384], [-121.92426, 37.73398], [-121.92429, 37.73417], [-121.92431, 37.73431], [-121.92432, 37.73439], [-121.92433, 37.73447], [-121.92389, 37.73451], [-121.92388, 37.73446], [-121.92382, 37.73443], [-121.92369, 37.73439], [-121.92358, 37.73436], [-121.92345, 37.73427], [-121.92334, 37.73416], [-121.92323, 37.73404], [-121.92309, 37.73388], [-121.92301, 37.7338], [-121.92304, 37.73367], [-121.92308, 37.73358], [-121.92306, 37.73349], [-121.92301, 37.73337], [-121.92291, 37.7333], [-121.92284, 37.73323], [-121.92286, 37.73315], [-121.92291, 37.73312], [-121.92293, 37.73308], [-121.92292, 37.73296], [-121.92291, 37.73283], [-121.9229, 37.73267], [-121.92284, 37.73264], [-121.92282, 37.73264], [-121.9228, 37.73264], [-121.92277, 37.73263], [-121.92276, 37.73259], [-121.92275, 37.73258], [-121.92274, 37.73255], [-121.92272, 37.7325], [-121.9227, 37.73245], [-121.92268, 37.73238], [-121.92267, 37.73231], [-121.92266, 37.73219], [-121.92265, 37.73208], [-121.92265, 37.73207], [-121.92287, 37.7319]]]}, "properties": {"name": "Senior Center Park Gardens", "place": "", "kind": "park"}}, {"type": "Feature", "geometry": {"type": "Polygon", "coordinates": [[[-121.92374, 37.78902], [-121.92372, 37.79152], [-121.92315, 37.7924], [-121.92247, 37.79328], [-121.92244, 37.7933], [-121.92241, 37.79332], [-121.92238, 37.79333], [-121.92235, 37.79333], [-121.92207, 37.7933], [-121.92183, 37.79323], [-121.92142, 37.79312], [-121.92113, 37.79302], [-121.92088, 37.79301], [-121.92063, 37.79302], [-121.9204, 37.79304], [-121.92021, 37.79309], [-121.92, 37.79318], [-121.91992, 37.79309], [-121.91988, 37.79304], [-121.91981, 37.79284], [-121.9198, 37.79272], [-121.9199, 37.79251], [-121.91993, 37.79245], [-121.91999, 37.79232], [-121.92005, 37.79228], [-121.92009, 37.79223], [-121.92022, 37.79204], [-121.92033, 37.7919], [-121.92072, 37.79139], [-121.9209, 37.79112], [-121.9211, 37.79093], [-121.92116, 37.79084], [-121.92124, 37.79058], [-121.92131, 37.79045], [-121.92161, 37.79016], [-121.92217, 37.7894], [-121.92215, 37.78906], [-121.92374, 37.78902]]]}, "properties": {"name": "Diablo Vista Park", "place": "", "kind": "park"}}, {"type": "Feature", "geometry": {"type": "Polygon", "coordinates": [[[-121.97949, 37.78882], [-121.9793, 37.78889], [-121.97915, 37.78894], [-121.97907, 37.78891], [-121.97888, 37.78893], [-121.97876, 37.78911], [-121.97854, 37.78898], [-121.97843, 37.78889], [-121.97845, 37.78876], [-121.97833, 37.78861], [-121.97835, 37.78855], [-121.97835, 37.78853], [-121.97833, 37.78845], [-121.97838, 37.78846], [-121.97843, 37.78846], [-121.97847, 37.78845], [-121.97851, 37.78842], [-121.97853, 37.7884], [-121.97854, 37.78836], [-121.97854, 37.78833], [-121.97852, 37.78829], [-121.97878, 37.78815], [-121.97887, 37.7881], [-121.97911, 37.78838], [-121.97917, 37.78845], [-121.97949, 37.78882]]]}, "properties": {"name": "Danville South Park", "place": "", "kind": "park"}}, {"type": "Feature", "geometry": {"type": "Polygon", "coordinates": [[[-121.91071, 37.72519], [-121.90999, 37.72533], [-121.90984, 37.72534], [-121.90975, 37.72532], [-121.90971, 37.72517], [-121.90966, 37.72489], [-121.90964, 37.72453], [-121.90969, 37.72413], [-121.90972, 37.72394], [-121.90982, 37.72391], [-121.90992, 37.72393], [-121.91024, 37.7239], [-121.91036, 37.72386], [-121.9108, 37.72374], [-121.91125, 37.72365], [-121.91157, 37.7236], [-121.91172, 37.72351], [-121.91187, 37.72353], [-121.91183, 37.72394], [-121.91217, 37.7243], [-121.91221, 37.72436], [-121.91237, 37.72455], [-121.91248, 37.72472], [-121.91222, 37.72493], [-121.91208, 37.7251], [-121.91204, 37.72514], [-121.91199, 37.72515], [-121.91191, 37.72514], [-121.91158, 37.7251], [-121.91124, 37.72511], [-121.91071, 37.72519]]]}, "properties": {"name": "Alamo Creek Park", "place": "", "kind": "park"}}, {"type": "Feature", "geometry": {"type": "Polygon", "coordinates": [[[-121.91803, 37.74363], [-121.91808, 37.74345], [-121.91812, 37.74325], [-121.91819, 37.74309], [-121.91841, 37.7426], [-121.91831, 37.74195], [-121.91816, 37.741], [-121.91803, 37.74085], [-121.91798, 37.74043], [-121.91784, 37.73977], [-121.91775, 37.73919], [-121.91743, 37.73918], [-121.91773, 37.73881], [-121.91788, 37.73857], [-121.91795, 37.73838], [-121.91801, 37.73818], [-121.91775, 37.73808], [-121.91747, 37.73806], [-121.91742, 37.73808], [-121.91755, 37.73772], [-121.91787, 37.73696], [-121.91817, 37.73711], [-121.91845, 37.73732], [-121.91929, 37.73723], [-121.92026, 37.7377], [-121.92129, 37.73849], [-121.92153, 37.73874], [-121.92132, 37.73898], [-121.92108, 37.73923], [-121.92105, 37.73928], [-121.92086, 37.73966], [-121.92058, 37.74019], [-121.92056, 37.7403], [-121.92061, 37.74051], [-121.92063, 37.74072], [-121.92019, 37.74113], [-121.92018, 37.7414], [-121.92034, 37.74198], [-121.92009, 37.74236], [-121.91985, 37.74239], [-121.91977, 37.74301], [-121.92066, 37.74309], [-121.92089, 37.74343], [-121.92118, 37.74383], [-121.92128, 37.7443], [-121.92086, 37.7446], [-121.92083, 37.74492], [-121.92076, 37.74516], [-121.92063, 37.74559], [-121.92072, 37.74569], [-121.92068, 37.74583], [-121.92032, 37.74586], [-121.92009, 37.74571], [-121.91985, 37.74604], [-121.91971, 37.74602], [-121.91931, 37.74613], [-121.91889, 37.74606], [-121.9183, 37.74597], [-121.91801, 37.74584], [-121.91773, 37.74568], [-121.91808, 37.74515], [-121.91806, 37.74438], [-121.91804, 37.7439], [-121.91801, 37.7437], [-121.91803, 37.74363]]]}, "properties": {"name": "Old Ranch Estates", "place": "", "kind": "subdivision"}}, {"type": "Feature", "geometry": {"type": "Polygon", "coordinates": [[[-121.95408, 37.78586], [-121.95402, 37.78583], [-121.95396, 37.78574], [-121.95325, 37.78459], [-121.95318, 37.78455], [-121.95314, 37.78451], [-121.95311, 37.78441], [-121.95304, 37.78439], [-121.95295, 37.7844], [-121.95289, 37.78436], [-121.95286, 37.7843], [-121.95281, 37.78422], [-121.95275, 37.78419], [-121.95266, 37.78419], [-121.95257, 37.78424], [-121.95247, 37.78431], [-121.95234, 37.78437], [-121.95215, 37.78444], [-121.95201, 37.78444], [-121.95193, 37.78442], [-121.95177, 37.78443], [-121.95149, 37.78455], [-121.95092, 37.78477], [-121.95064, 37.78489], [-121.9507, 37.78498], [-121.95147, 37.78619], [-121.95161, 37.78647], [-121.95293, 37.78616], [-121.95363, 37.78599], [-121.95408, 37.78586]]]}, "properties": {"name": "Cobblestone", "place": "", "kind": "subdivision"}}, {"type": "Feature", "geometry": {"type": "Polygon", "coordinates": [[[-121.9386, 37.77072], [-121.9392, 37.77072], [-121.9392, 37.77086], [-121.93921, 37.77109], [-121.93918, 37.77111], [-121.93842, 37.77113], [-121.93833, 37.77112], [-121.93824, 37.77109], [-121.93817, 37.77105], [-121.93811, 37.77101], [-121.93807, 37.77096], [-121.93803, 37.77091], [-121.93801, 37.77085], [-121.938, 37.77077], [-121.93798, 37.77069], [-121.93798, 37.77068], [-121.93798, 37.77064], [-121.938, 37.77058], [-121.93806, 37.77046], [-121.93862, 37.77064], [-121.9386, 37.77072]]]}, "properties": {"name": "Windy Hill Park", "place": "", "kind": "park"}}, {"type": "Feature", "geometry": {"type": "Polygon", "coordinates": [[[-121.94626, 37.76292], [-121.94625, 37.76304], [-121.94611, 37.76303], [-121.94548, 37.76291], [-121.94459, 37.76258], [-121.94432, 37.76231], [-121.9437, 37.76203], [-121.94324, 37.76175], [-121.94278, 37.76142], [-121.94253, 37.76119], [-121.9422, 37.76111], [-121.94199, 37.7609], [-121.94206, 37.76064], [-121.94214, 37.76051], [-121.94228, 37.76027], [-121.94241, 37.76008], [-121.94289, 37.76032], [-121.94448, 37.76132], [-121.94516, 37.7618], [-121.94542, 37.76188], [-121.94554, 37.76183], [-121.94622, 37.76227], [-121.94626, 37.76292]]]}, "properties": {"name": "Canyon Woods", "place": "", "kind": "subdivision"}}, {"type": "Feature", "geometry": {"type": "Polygon", "coordinates": [[[-121.94849, 37.76405], [-121.94898, 37.76416], [-121.94973, 37.76488], [-121.94994, 37.76491], [-121.95024, 37.76496], [-121.95093, 37.76552], [-121.95088, 37.76599], [-121.95076, 37.76604], [-121.95075, 37.76627], [-121.95064, 37.76645], [-121.95036, 37.76665], [-121.94985, 37.76658], [-121.94909, 37.76647], [-121.94869, 37.7663], [-121.94856, 37.76609], [-121.94851, 37.76473], [-121.94849, 37.76405]]]}, "properties": {"name": "Canyon Woods Apartments", "place": "", "kind": "subdivision"}}, {"type": "Feature", "geometry": {"type": "Polygon", "coordinates": [[[-121.94096, 37.77779], [-121.94129, 37.77764], [-121.94179, 37.77741], [-121.9418, 37.77736], [-121.94183, 37.77732], [-121.94187, 37.7773], [-121.94191, 37.77729], [-121.94197, 37.77728], [-121.94202, 37.77729], [-121.94207, 37.77732], [-121.94211, 37.77737], [-121.94211, 37.77743], [-121.94243, 37.77737], [-121.94247, 37.77736], [-121.94273, 37.77729], [-121.94268, 37.77722], [-121.94251, 37.77698], [-121.94193, 37.7762], [-121.94175, 37.77598], [-121.94166, 37.7759], [-121.94138, 37.77574], [-121.94104, 37.77567], [-121.94079, 37.7757], [-121.94051, 37.77581], [-121.94027, 37.77601], [-121.94016, 37.77619], [-121.94011, 37.77657], [-121.94021, 37.77676], [-121.94096, 37.77779]]]}, "properties": {"name": "Coyote Crossing", "place": "", "kind": "park"}}, {"type": "Feature", "geometry": {"type": "Polygon", "coordinates": [[[-121.94226, 37.76557], [-121.9417, 37.76499], [-121.94101, 37.76458], [-121.94041, 37.76425], [-121.94023, 37.76411], [-121.9401, 37.76394], [-121.93982, 37.76362], [-121.93965, 37.76328], [-121.93931, 37.76331], [-121.93916, 37.76358], [-121.93907, 37.76363], [-121.9388, 37.76374], [-121.93878, 37.76387], [-121.93882, 37.76397], [-121.93926, 37.7644], [-121.93946, 37.76474], [-121.93966, 37.76491], [-121.94047, 37.76534], [-121.94074, 37.7654], [-121.94118, 37.76584], [-121.94143, 37.76593], [-121.94153, 37.76598], [-121.94179, 37.76595], [-121.94194, 37.76573], [-121.94226, 37.76557]]]}, "properties": {"name": "Canyon Lakes", "place": "", "kind": "subdivision"}}, {"type": "Feature", "geometry": {"type": "Polygon", "coordinates": [[[-121.94286, 37.76519], [-121.94267, 37.76515], [-121.94231, 37.76481], [-121.94144, 37.76383], [-121.94056, 37.7631], [-121.93979, 37.76262], [-121.93956, 37.76245], [-121.9395, 37.76216], [-121.93982, 37.76183], [-121.93982, 37.76143], [-121.93983, 37.76104], [-121.9399, 37.76045], [-121.93999, 37.76013], [-121.94009, 37.75989], [-121.94035, 37.75959], [-121.9406, 37.75942], [-121.94153, 37.75908], [-121.9417, 37.75929], [-121.94173, 37.75939], [-121.94179, 37.75951], [-121.94101, 37.7598], [-121.94066, 37.76004], [-121.94049, 37.76046], [-121.94044, 37.76095], [-121.94059, 37.76096], [-121.94071, 37.76044], [-121.94105, 37.76014], [-121.94158, 37.76008], [-121.94204, 37.76023], [-121.94202, 37.76056], [-121.94184, 37.76094], [-121.94139, 37.76085], [-121.94098, 37.76105], [-121.94046, 37.76111], [-121.94026, 37.76109], [-121.94024, 37.76158], [-121.94043, 37.76197], [-121.94084, 37.7623], [-121.94098, 37.76214], [-121.94074, 37.76184], [-121.94069, 37.76158], [-121.94078, 37.76139], [-121.94145, 37.76111], [-121.94171, 37.76115], [-121.94216, 37.76148], [-121.94171, 37.76219], [-121.94232, 37.76201], [-121.94272, 37.76288], [-121.94248, 37.76298], [-121.94264, 37.76327], [-121.94281, 37.76325], [-121.94319, 37.76383], [-121.94354, 37.76369], [-121.94409, 37.76436], [-121.94459, 37.76474], [-121.94486, 37.76496], [-121.94499, 37.76497], [-121.94555, 37.76573], [-121.94518, 37.76586], [-121.94508, 37.76573], [-121.94455, 37.76597], [-121.94424, 37.76604], [-121.94405, 37.76591], [-121.94399, 37.76579], [-121.94365, 37.76581], [-121.94328, 37.76582], [-121.94302, 37.76565], [-121.94285, 37.76541], [-121.94286, 37.76519]]]}, "properties": {"name": "Canyon Lakes", "place": "", "kind": "subdivision"}}, {"type": "Feature", "geometry": {"type": "Polygon", "coordinates": [[[-121.92826, 37.77579], [-121.92846, 37.77553], [-121.92887, 37.77537], [-121.9293, 37.77499], [-121.93081, 37.77478], [-121.93152, 37.77543], [-121.93125, 37.77594], [-121.93114, 37.77606], [-121.93107, 37.77614], [-121.93085, 37.77627], [-121.93061, 37.77638], [-121.93046, 37.77645], [-121.93039, 37.77655], [-121.93014, 37.77688], [-121.92987, 37.77731], [-121.9297, 37.77743], [-121.92953, 37.77752], [-121.92921, 37.77762], [-121.92892, 37.77771], [-121.92873, 37.77776], [-121.92823, 37.77795], [-121.92829, 37.77713], [-121.92829, 37.77709], [-121.92828, 37.7762], [-121.92826, 37.77579]]]}, "properties": {"name": "Cedar Bridge", "place": "", "kind": "subdivision"}}, {"type": "Feature", "geometry": {"type": "Polygon", "coordinates": [[[-121.95892, 37.75074], [-121.95692, 37.74755], [-121.95676, 37.74762], [-121.95655, 37.74772], [-121.95644, 37.74779], [-121.95634, 37.74786], [-121.95622, 37.74796], [-121.95612, 37.74808], [-121.95607, 37.74815], [-121.95602, 37.74822], [-121.95597, 37.7483], [-121.95591, 37.74845], [-121.95579, 37.7487], [-121.95571, 37.74886], [-121.95561, 37.74902], [-121.95552, 37.74917], [-121.95544, 37.74928], [-121.95529, 37.74946], [-121.95518, 37.74959], [-121.95506, 37.74972], [-121.95494, 37.74983], [-121.95566, 37.75035], [-121.95646, 37.75171], [-121.95843, 37.75093], [-121.95892, 37.75074]]]}, "properties": {"name": "Athan Downs", "place": "", "kind": "park"}}, {"type": "Feature", "geometry": {"type": "Polygon", "coordinates": [[[-121.90015, 37.76151], [-121.90009, 37.76152], [-121.8998, 37.76154], [-121.89974, 37.76155], [-121.8995, 37.76157], [-121.89919, 37.76159], [-121.89915, 37.7616], [-121.89902, 37.76161], [-121.899, 37.76161], [-121.89889, 37.76155], [-121.89889, 37.76152], [-121.89887, 37.76142], [-121.89887, 37.76138], [-121.89885, 37.76123], [-121.89876, 37.76092], [-121.8986, 37.76059], [-121.89858, 37.76053], [-121.89849, 37.76033], [-121.89848, 37.7603], [-121.89851, 37.76026], [-121.89852, 37.76023], [-121.89853, 37.76021], [-121.89885, 37.76017], [-121.89908, 37.76013], [-121.89961, 37.75987], [-121.89985, 37.75979], [-121.89986, 37.75977], [-121.89993, 37.76], [-121.89988, 37.76001], [-121.89985, 37.76004], [-121.89982, 37.7601], [-121.89984, 37.76016], [-121.8999, 37.76022], [-121.89996, 37.76037], [-121.89999, 37.76047], [-121.90002, 37.76056], [-121.90012, 37.76092], [-121.90019, 37.76143], [-121.90019, 37.76147], [-121.90015, 37.76151]]]}, "properties": {"name": "East Branch Park", "place": "", "kind": "park"}}, {"type": "Feature", "geometry": {"type": "Polygon", "coordinates": [[[-121.89014, 37.75909], [-121.88999, 37.75936], [-121.89003, 37.75971], [-121.88984, 37.76004], [-121.88961, 37.75996], [-121.88937, 37.75989], [-121.8891, 37.75985], [-121.88893, 37.75981], [-121.88885, 37.75979], [-121.88883, 37.75977], [-121.8888, 37.7597], [-121.88901, 37.75928], [-121.88905, 37.75912], [-121.88905, 37.75893], [-121.88901, 37.75878], [-121.88896, 37.75867], [-121.88886, 37.75854], [-121.88888, 37.75853], [-121.88914, 37.75869], [-121.88934, 37.75877], [-121.88966, 37.75891], [-121.89014, 37.75909]]]}, "properties": {"name": "Limerick Park", "place": "", "kind": "park"}}, {"type": "Feature", "geometry": {"type": "Polygon", "coordinates": [[[-121.90006, 37.76587], [-121.89973, 37.76586], [-121.89948, 37.76585], [-121.89918, 37.76584], [-121.89911, 37.76583], [-121.89907, 37.76582], [-121.89903, 37.76581], [-121.89899, 37.76579], [-121.89896, 37.76577], [-121.89893, 37.76574], [-121.8989, 37.7657], [-121.89887, 37.76565], [-121.89886, 37.7656], [-121.89888, 37.76534], [-121.89888, 37.76512], [-121.89889, 37.76491], [-121.8989, 37.76488], [-121.89892, 37.76484], [-121.89895, 37.7648], [-121.89899, 37.76477], [-121.89903, 37.76474], [-121.89907, 37.76472], [-121.89911, 37.76471], [-121.89916, 37.76469], [-121.89919, 37.76469], [-121.89954, 37.7647], [-121.8998, 37.7647], [-121.90011, 37.76471], [-121.90015, 37.76472], [-121.90021, 37.76474], [-121.90027, 37.76476], [-121.90032, 37.7648], [-121.90036, 37.76484], [-121.90039, 37.76488], [-121.90041, 37.76493], [-121.90041, 37.76496], [-121.9004, 37.76517], [-121.90039, 37.76536], [-121.90038, 37.76562], [-121.90038, 37.76566], [-121.90036, 37.7657], [-121.90033, 37.76574], [-121.9003, 37.76578], [-121.90026, 37.76581], [-121.9002, 37.76584], [-121.90014, 37.76585], [-121.90006, 37.76587]]]}, "properties": {"name": "Bellingham Square", "place": "", "kind": "park"}}, {"type": "Feature", "geometry": {"type": "Polygon", "coordinates": [[[-121.94437, 37.79157], [-121.94458, 37.79155], [-121.94474, 37.79149], [-121.94498, 37.79151], [-121.94519, 37.79175], [-121.94538, 37.79225], [-121.94599, 37.79219], [-121.94602, 37.79189], [-121.9463, 37.79184], [-121.94665, 37.79107], [-121.94662, 37.79104], [-121.94691, 37.79088], [-121.94711, 37.79081], [-121.94783, 37.79049], [-121.94824, 37.79037], [-121.94829, 37.79051], [-121.94841, 37.79056], [-121.94877, 37.79059], [-121.94879, 37.7906], [-121.94998, 37.79062], [-121.9503, 37.79055], [-121.95063, 37.79039], [-121.95072, 37.79038], [-121.95083, 37.79039], [-121.9509, 37.79036], [-121.95094, 37.7903], [-121.95096, 37.79012], [-121.95071, 37.78981], [-121.95076, 37.78976], [-121.95083, 37.78961], [-121.95085, 37.7894], [-121.95084, 37.78918], [-121.95081, 37.789], [-121.95059, 37.78824], [-121.95074, 37.78821], [-121.9509, 37.78816], [-121.95096, 37.78808], [-121.95096, 37.78801], [-121.95066, 37.78751], [-121.94938, 37.78808], [-121.94946, 37.7883], [-121.949, 37.78837], [-121.94868, 37.78845], [-121.94849, 37.78852], [-121.94773, 37.78859], [-121.94772, 37.78857], [-121.94697, 37.78858], [-121.94675, 37.78862], [-121.94656, 37.78877], [-121.94636, 37.78899], [-121.94625, 37.78912], [-121.94603, 37.78913], [-121.94597, 37.78886], [-121.94594, 37.78864], [-121.94594, 37.78855], [-121.9459, 37.78844], [-121.94585, 37.78836], [-121.94573, 37.7883], [-121.94531, 37.78815], [-121.94483, 37.78786], [-121.9447, 37.78781], [-121.94452, 37.78785], [-121.94426, 37.78813], [-121.94442, 37.78823], [-121.94394, 37.78832], [-121.94346, 37.78858], [-121.9431, 37.78817], [-121.94297, 37.78801], [-121.94279, 37.78787], [-121.94264, 37.78782], [-121.94274, 37.78768], [-121.94287, 37.78744], [-121.94264, 37.78732], [-121.94232, 37.78729], [-121.94183, 37.78736], [-121.94166, 37.78734], [-121.94153, 37.78727], [-121.9415, 37.78718], [-121.94151, 37.78708], [-121.94109, 37.78699], [-121.94095, 37.78695], [-121.94102, 37.78678], [-121.94119, 37.78655], [-121.9414, 37.78637], [-121.94189, 37.78607], [-121.94208, 37.78594], [-121.9422, 37.78583], [-121.94254, 37.78559], [-121.94263, 37.78549], [-121.94268, 37.78537], [-121.94267, 37.78527], [-121.94263, 37.78516], [-121.94254, 37.78518], [-121.94214, 37.78479], [-121.94192, 37.78454], [-121.94125, 37.78421], [-121.94107, 37.78407], [-121.94076, 37.78397], [-121.94058, 37.7838], [-121.94032, 37.78365], [-121.94008, 37.78357], [-121.93984, 37.78353], [-121.93933, 37.78347], [-121.93903, 37.78349], [-121.93858, 37.78356], [-121.93861, 37.78363], [-121.93875, 37.78402], [-121.93922, 37.78414], [-121.93974, 37.78424], [-121.93986, 37.78437], [-121.93998, 37.78458], [-121.93956, 37.78492], [-121.93928, 37.78496], [-121.93929, 37.78531], [-121.93917, 37.78549], [-121.93907, 37.7858], [-121.93923, 37.78585], [-121.93929, 37.78579], [-121.93956, 37.78599], [-121.93961, 37.78595], [-121.93991, 37.78616], [-121.94055, 37.7868], [-121.94046, 37.78704], [-121.94016, 37.78742], [-121.94003, 37.78782], [-121.94007, 37.78784], [-121.94002, 37.78792], [-121.94007, 37.78795], [-121.9399, 37.78822], [-121.94025, 37.7884], [-121.94067, 37.78841], [-121.94107, 37.78845], [-121.94109, 37.78853], [-121.94127, 37.78859], [-121.94137, 37.78859], [-121.94143, 37.78856], [-121.94148, 37.7885], [-121.94176, 37.78842], [-121.94191, 37.78817], [-121.94202, 37.78813], [-121.94222, 37.7881], [-121.94237, 37.78808], [-121.94252, 37.78813], [-121.9435, 37.78921], [-121.94369, 37.78951], [-121.94382, 37.78968], [-121.94396, 37.78984], [-121.94456, 37.79033], [-121.9448, 37.79059], [-121.94471, 37.79075], [-121.94444, 37.79093], [-121.94428, 37.79106], [-121.94398, 37.79141], [-121.94437, 37.79157]]]}, "properties": {"name": "Canyon Crest", "place": "", "kind": "subdivision"}}, {"type": "Feature", "geometry": {"type": "Polygon", "coordinates": [[[-121.99335, 37.79367], [-121.99388, 37.79191], [-121.99384, 37.79064], [-121.99347, 37.78944], [-121.99287, 37.78837], [-121.99107, 37.78889], [-121.98905, 37.78685], [-121.98887, 37.7865], [-121.9839, 37.78663], [-121.98272, 37.78667], [-121.98128, 37.78672], [-121.98176, 37.78756], [-121.98215, 37.78755], [-121.98217, 37.78754], [-121.98236, 37.78747], [-121.98286, 37.78746], [-121.98294, 37.78752], [-121.98279, 37.78768], [-121.98253, 37.78763], [-121.98229, 37.78772], [-121.98209, 37.78793], [-121.98227, 37.78842], [-121.98249, 37.78847], [-121.98274, 37.78849], [-121.98285, 37.78877], [-121.98266, 37.78876], [-121.98249, 37.7889], [-121.98246, 37.78919], [-121.98272, 37.78958], [-121.98281, 37.79002], [-121.98367, 37.79134], [-121.98401, 37.79188], [-121.98457, 37.79376], [-121.98496, 37.79489], [-121.98505, 37.79487], [-121.98824, 37.79422], [-121.98988, 37.7939], [-121.9906, 37.79376], [-121.99084, 37.79375], [-121.99131, 37.79374], [-121.99173, 37.79372], [-121.99253, 37.79369], [-121.99335, 37.79367]]]}, "properties": {"name": "California Chateau at Danville Ranch", "place": "", "kind": "subdivision"}}, {"type": "Feature", "geometry": {"type": "Polygon", "coordinates": [[[-121.96639, 37.78385], [-121.96473, 37.78158], [-121.96355, 37.7821], [-121.96264, 37.78257], [-121.96259, 37.78263], [-121.96263, 37.78281], [-121.96294, 37.78318], [-121.96328, 37.78346], [-121.96362, 37.78365], [-121.96389, 37.78375], [-121.96426, 37.78383], [-121.9649, 37.78397], [-121.96523, 37.78411], [-121.96534, 37.78419], [-121.96547, 37.78427], [-121.96557, 37.78422], [-121.9661, 37.78398], [-121.96639, 37.78385]]]}, "properties": {"name": "Crow Canyon Heights", "place": "", "kind": "subdivision"}}, {"type": "Feature", "geometry": {"type": "Polygon", "coordinates": [[[-121.92968, 37.72874], [-121.92937, 37.72839], [-121.92908, 37.72806], [-121.9291, 37.72798], [-121.93021, 37.72729], [-121.93027, 37.7273], [-121.93102, 37.72812], [-121.9307, 37.72826], [-121.93024, 37.72843], [-121.92968, 37.72874]]]}, "properties": {"name": "Richard Vahey Village Green Park", "place": "", "kind": "park"}}, {"type": "Feature", "geometry": {"type": "Polygon", "coordinates": [[[-121.92452, 37.77084], [-121.92438, 37.77083], [-121.92381, 37.77078], [-121.92304, 37.77068], [-121.92234, 37.77056], [-121.92227, 37.77055], [-121.92231, 37.77033], [-121.92229, 37.77014], [-121.92226, 37.76993], [-121.92218, 37.76972], [-121.92213, 37.7696], [-121.92205, 37.7695], [-121.922, 37.76942], [-121.9226, 37.7695], [-121.92299, 37.76955], [-121.92335, 37.76964], [-121.92395, 37.76978], [-121.92421, 37.76983], [-121.92446, 37.76985], [-121.92451, 37.77002], [-121.92452, 37.77004], [-121.92459, 37.77028], [-121.9246, 37.77039], [-121.92458, 37.77055], [-121.92455, 37.77071], [-121.92452, 37.77084]]]}, "properties": {"name": "Creekside Park", "place": "", "kind": "park"}}, {"type": "Feature", "geometry": {"type": "Polygon", "coordinates": [[[-121.90936, 37.77646], [-121.90942, 37.77644], [-121.9096, 37.77613], [-121.90968, 37.77599], [-121.90978, 37.77587], [-121.90995, 37.77573], [-121.9102, 37.77566], [-121.91013, 37.77538], [-121.91046, 37.77535], [-121.91047, 37.77494], [-121.91041, 37.77474], [-121.91015, 37.77476], [-121.90995, 37.77475], [-121.90973, 37.77469], [-121.90889, 37.77426], [-121.9087, 37.77448], [-121.90854, 37.77478], [-121.90849, 37.7751], [-121.90851, 37.77534], [-121.90857, 37.77554], [-121.90864, 37.7757], [-121.90878, 37.77593], [-121.90904, 37.77622], [-121.90917, 37.77634], [-121.90936, 37.77646]]]}, "properties": {"name": "Monarch Park", "place": "", "kind": "park"}}, {"type": "Feature", "geometry": {"type": "Polygon", "coordinates": [[[-121.91833, 37.77771], [-121.91715, 37.77797], [-121.91809, 37.77554], [-121.91993, 37.77604], [-121.9198, 37.77638], [-121.91979, 37.77667], [-121.91979, 37.77678], [-121.9198, 37.77691], [-121.91984, 37.77708], [-121.91994, 37.77733], [-121.91992, 37.77737], [-121.91892, 37.77758], [-121.91833, 37.77771]]]}, "properties": {"name": "Valley View Park", "place": "", "kind": "park"}}, {"type": "Feature", "geometry": {"type": "Polygon", "coordinates": [[[-121.92379, 37.77325], [-121.92425, 37.77264], [-121.92438, 37.77083], [-121.92381, 37.77078], [-121.92304, 37.77068], [-121.92234, 37.77056], [-121.92153, 37.7726], [-121.92149, 37.77288], [-121.92156, 37.77323], [-121.9228, 37.77318], [-121.92379, 37.77325]]]}, "properties": {"name": "Cornerstone", "place": "", "kind": "subdivision"}}, {"type": "Feature", "geometry": {"type": "Polygon", "coordinates": [[[-121.92183, 37.77724], [-121.92246, 37.77729], [-121.92261, 37.77726], [-121.9228, 37.77728], [-121.92284, 37.77723], [-121.92344, 37.77603], [-121.92345, 37.77599], [-121.92343, 37.77595], [-121.9234, 37.77592], [-121.92336, 37.7759], [-121.92125, 37.77529], [-121.92111, 37.77532], [-121.92079, 37.77548], [-121.92073, 37.77551], [-121.92046, 37.77572], [-121.92024, 37.77598], [-121.92018, 37.77607], [-121.92013, 37.77617], [-121.92005, 37.77639], [-121.92002, 37.77651], [-121.92002, 37.77673], [-121.92002, 37.77684], [-121.92007, 37.77704], [-121.92013, 37.77725], [-121.92025, 37.7773], [-121.92056, 37.77726], [-121.92094, 37.77724], [-121.92135, 37.77725], [-121.92143, 37.77726], [-121.92153, 37.77721], [-121.92183, 37.77724]]]}, "properties": {"name": "Renaissance", "place": "", "kind": "subdivision"}}, {"type": "Feature", "geometry": {"type": "Polygon", "coordinates": [[[-121.92112, 37.77325], [-121.92112, 37.77285], [-121.92179, 37.7712], [-121.92198, 37.77069], [-121.92204, 37.77034], [-121.92197, 37.76991], [-121.92173, 37.76947], [-121.92138, 37.76916], [-121.92087, 37.7689], [-121.92064, 37.76883], [-121.91993, 37.77043], [-121.91892, 37.77328], [-121.91971, 37.77333], [-121.92052, 37.77332], [-121.92112, 37.77325]]]}, "properties": {"name": "Wisteria", "place": "", "kind": "subdivision"}}, {"type": "Feature", "geometry": {"type": "Polygon", "coordinates": [[[-121.92178, 37.78135], [-121.92178, 37.78077], [-121.92175, 37.78027], [-121.92186, 37.77954], [-121.92206, 37.77867], [-121.92214, 37.77863], [-121.92234, 37.77812], [-121.92188, 37.77782], [-121.92169, 37.77781], [-121.92143, 37.77769], [-121.92144, 37.77752], [-121.92131, 37.7775], [-121.92115, 37.77747], [-121.92096, 37.77745], [-121.92077, 37.77745], [-121.92052, 37.77746], [-121.92024, 37.7775], [-121.92021, 37.77754], [-121.92001, 37.77757], [-121.91997, 37.77755], [-121.91926, 37.7777], [-121.9187, 37.77782], [-121.91846, 37.77787], [-121.91823, 37.77792], [-121.91792, 37.77798], [-121.91751, 37.77807], [-121.91774, 37.77823], [-121.91769, 37.77848], [-121.9176, 37.77864], [-121.91758, 37.7787], [-121.91753, 37.77892], [-121.91748, 37.77909], [-121.91744, 37.77926], [-121.91739, 37.77943], [-121.91735, 37.77959], [-121.91729, 37.77975], [-121.91722, 37.7799], [-121.91714, 37.78004], [-121.91704, 37.78018], [-121.91695, 37.78033], [-121.91695, 37.78033], [-121.91689, 37.78037], [-121.91668, 37.78036], [-121.91659, 37.78036], [-121.91652, 37.78039], [-121.91646, 37.78042], [-121.91641, 37.78047], [-121.91638, 37.78053], [-121.91636, 37.78059], [-121.91636, 37.78064], [-121.91636, 37.78075], [-121.91648, 37.78094], [-121.91655, 37.78105], [-121.91656, 37.78112], [-121.91658, 37.78127], [-121.91662, 37.7813], [-121.91684, 37.78148], [-121.91698, 37.78159], [-121.91704, 37.78167], [-121.91704, 37.78172], [-121.91702, 37.78191], [-121.91718, 37.78215], [-121.91823, 37.78173], [-121.91854, 37.78167], [-121.91878, 37.78171], [-121.91891, 37.78176], [-121.91935, 37.78207], [-121.91964, 37.7822], [-121.91969, 37.78209], [-121.91996, 37.78218], [-121.92054, 37.78205], [-121.92136, 37.78178], [-121.9216, 37.78159], [-121.92171, 37.78138], [-121.92178, 37.78135]]]}, "properties": {"name": "Monarch", "place": "", "kind": "subdivision"}}, {"type": "Feature", "geometry": {"type": "Polygon", "coordinates": [[[-121.91993, 37.77604], [-121.92008, 37.77583], [-121.92021, 37.77562], [-121.92048, 37.77535], [-121.92062, 37.77519], [-121.92074, 37.77506], [-121.92079, 37.77494], [-121.92092, 37.77461], [-121.92093, 37.77458], [-121.92093, 37.77416], [-121.9207, 37.77415], [-121.92049, 37.77417], [-121.91999, 37.77416], [-121.91939, 37.77413], [-121.91887, 37.77406], [-121.91887, 37.7741], [-121.91869, 37.77408], [-121.91839, 37.77405], [-121.91831, 37.77423], [-121.91824, 37.77426], [-121.9182, 37.77432], [-121.9182, 37.77438], [-121.91794, 37.77455], [-121.91786, 37.7747], [-121.91775, 37.77479], [-121.91771, 37.77483], [-121.91766, 37.77493], [-121.91786, 37.77505], [-121.91772, 37.77545], [-121.91801, 37.77549], [-121.91809, 37.77554], [-121.91993, 37.77604]]]}, "properties": {"name": "Villapaseo", "place": "", "kind": "subdivision"}}, {"type": "Feature", "geometry": {"type": "Polygon", "coordinates": [[[-121.92679, 37.78611], [-121.92606, 37.78627], [-121.92561, 37.78614], [-121.9248, 37.78494], [-121.92453, 37.78398], [-121.92454, 37.78331], [-121.92548, 37.78335], [-121.92624, 37.78337], [-121.92684, 37.78352], [-121.92699, 37.78352], [-121.92714, 37.78355], [-121.92728, 37.78357], [-121.92737, 37.7836], [-121.92749, 37.78367], [-121.92779, 37.78394], [-121.92807, 37.78424], [-121.92821, 37.7844], [-121.92828, 37.78453], [-121.92835, 37.78472], [-121.92839, 37.78477], [-121.92865, 37.78504], [-121.92891, 37.78529], [-121.92896, 37.78538], [-121.92874, 37.78552], [-121.9279, 37.78574], [-121.92679, 37.78611]]]}, "properties": {"name": "Miravilla", "place": "", "kind": "subdivision"}}, {"type": "Feature", "geometry": {"type": "Polygon", "coordinates": [[[-121.92153, 37.78761], [-121.9216, 37.78767], [-121.9217, 37.78764], [-121.92175, 37.78769], [-121.92176, 37.78769], [-121.9218, 37.78771], [-121.92184, 37.78771], [-121.92191, 37.7877], [-121.92194, 37.78767], [-121.92198, 37.78761], [-121.92202, 37.78758], [-121.9224, 37.78737], [-121.92294, 37.78703], [-121.92315, 37.7869], [-121.92314, 37.78692], [-121.92314, 37.78693], [-121.92314, 37.78695], [-121.92316, 37.78697], [-121.92327, 37.78705], [-121.9234, 37.78714], [-121.92437, 37.78662], [-121.92417, 37.78632], [-121.9234, 37.78511], [-121.92286, 37.78416], [-121.92273, 37.78348], [-121.92283, 37.78323], [-121.92273, 37.78262], [-121.92238, 37.78264], [-121.92189, 37.78287], [-121.92128, 37.78316], [-121.92105, 37.78295], [-121.9194, 37.78306], [-121.91933, 37.78308], [-121.91927, 37.78311], [-121.91922, 37.78315], [-121.91917, 37.7832], [-121.91818, 37.78516], [-121.91839, 37.7853], [-121.91879, 37.78554], [-121.91941, 37.78586], [-121.92067, 37.78668], [-121.92083, 37.78693], [-121.92153, 37.78761]]]}, "properties": {"name": "Alta Mira", "place": "", "kind": "subdivision"}}, {"type": "Feature", "geometry": {"type": "Polygon", "coordinates": [[[-121.91794, 37.77311], [-121.91801, 37.77308], [-121.91812, 37.77259], [-121.91846, 37.772], [-121.91861, 37.77184], [-121.91883, 37.77146], [-121.91898, 37.77099], [-121.91908, 37.7706], [-121.91778, 37.77025], [-121.9143, 37.76915], [-121.91375, 37.76892], [-121.91358, 37.76916], [-121.91324, 37.76919], [-121.91309, 37.76978], [-121.91261, 37.77045], [-121.91221, 37.77098], [-121.91291, 37.77137], [-121.91328, 37.77157], [-121.91484, 37.77221], [-121.91563, 37.77247], [-121.91682, 37.77283], [-121.91794, 37.77311]]]}, "properties": {"name": "Rose Garden", "place": "", "kind": "subdivision"}}, {"type": "Feature", "geometry": {"type": "Polygon", "coordinates": [[[-121.91314, 37.77228], [-121.91304, 37.77248], [-121.91289, 37.77249], [-121.91284, 37.77261], [-121.91296, 37.77271], [-121.91287, 37.77286], [-121.91278, 37.77298], [-121.9127, 37.77313], [-121.91261, 37.77335], [-121.91253, 37.77355], [-121.91249, 37.77371], [-121.91253, 37.77389], [-121.91249, 37.77392], [-121.91249, 37.77395], [-121.91268, 37.77411], [-121.9128, 37.77427], [-121.91288, 37.77444], [-121.91279, 37.77469], [-121.91278, 37.77474], [-121.91292, 37.77468], [-121.91307, 37.77462], [-121.91321, 37.77463], [-121.9135, 37.77471], [-121.91362, 37.77485], [-121.91366, 37.775], [-121.91392, 37.77519], [-121.91418, 37.77527], [-121.91451, 37.77526], [-121.91484, 37.77534], [-121.91505, 37.77525], [-121.91525, 37.77518], [-121.91543, 37.77521], [-121.91616, 37.77543], [-121.91655, 37.77548], [-121.91677, 37.77547], [-121.91723, 37.77538], [-121.9174, 37.77538], [-121.91744, 37.7753], [-121.9173, 37.77508], [-121.91738, 37.77483], [-121.91757, 37.77466], [-121.91771, 37.77439], [-121.91782, 37.77397], [-121.91785, 37.77379], [-121.91731, 37.77366], [-121.91663, 37.77345], [-121.91641, 37.77337], [-121.91588, 37.77325], [-121.9154, 37.77312], [-121.915, 37.77297], [-121.91432, 37.77271], [-121.91365, 37.77243], [-121.91314, 37.77228]]]}, "properties": {"name": "Coronado", "place": "", "kind": "subdivision"}}, {"type": "Feature", "geometry": {"type": "Polygon", "coordinates": [[[-121.91007, 37.77307], [-121.91047, 37.77263], [-121.9106, 37.77248], [-121.91099, 37.772], [-121.91118, 37.77163], [-121.91138, 37.77137], [-121.91137, 37.7713], [-121.91012, 37.77063], [-121.90865, 37.76987], [-121.90815, 37.77046], [-121.9078, 37.77075], [-121.90752, 37.77096], [-121.90742, 37.77099], [-121.90737, 37.77105], [-121.90734, 37.77108], [-121.90702, 37.77145], [-121.90703, 37.77153], [-121.90758, 37.77181], [-121.90772, 37.77188], [-121.9077, 37.7719], [-121.90881, 37.77248], [-121.90918, 37.77267], [-121.91007, 37.77307]]]}, "properties": {"name": "Veranda", "place": "", "kind": "subdivision"}}, {"type": "Feature", "geometry": {"type": "Polygon", "coordinates": [[[-121.92786, 37.78804], [-121.92752, 37.78813], [-121.92728, 37.78817], [-121.92684, 37.78815], [-121.92682, 37.78812], [-121.92621, 37.78729], [-121.92613, 37.78713], [-121.92614, 37.78699], [-121.92625, 37.78688], [-121.92639, 37.78677], [-121.92697, 37.78638], [-121.92731, 37.78622], [-121.92826, 37.78584], [-121.92855, 37.78573], [-121.92877, 37.78565], [-121.92885, 37.7857], [-121.9289, 37.78588], [-121.92898, 37.78601], [-121.92909, 37.78619], [-121.92922, 37.78664], [-121.9295, 37.78759], [-121.92951, 37.78775], [-121.92943, 37.78781], [-121.92912, 37.78782], [-121.92877, 37.78786], [-121.92862, 37.78788], [-121.92833, 37.78793], [-121.92831, 37.78788], [-121.92826, 37.78784], [-121.92811, 37.78772], [-121.92805, 37.78768], [-121.928, 37.7877], [-121.92798, 37.7877], [-121.92796, 37.7877], [-121.92793, 37.7877], [-121.92791, 37.78769], [-121.92789, 37.78778], [-121.92783, 37.78796], [-121.92786, 37.78804]]]}, "properties": {"name": "Trevari", "place": "", "kind": "subdivision"}}, {"type": "Feature", "geometry": {"type": "Polygon", "coordinates": [[[-121.9439, 37.78679], [-121.9441, 37.78711], [-121.9443, 37.78734], [-121.94462, 37.78765], [-121.9447, 37.78781], [-121.94452, 37.78785], [-121.94426, 37.78813], [-121.94421, 37.78816], [-121.94415, 37.78815], [-121.94401, 37.78813], [-121.94384, 37.78815], [-121.94366, 37.78828], [-121.94349, 37.78837], [-121.94336, 37.78821], [-121.94318, 37.78798], [-121.94307, 37.78786], [-121.94292, 37.78777], [-121.94274, 37.78768], [-121.94287, 37.78744], [-121.94298, 37.78723], [-121.9433, 37.78708], [-121.9439, 37.78679]]]}, "properties": {"name": "Golden View Park", "place": "", "kind": "park"}}, {"type": "Feature", "geometry": {"type": "Polygon", "coordinates": [[[-121.96828, 37.75891], [-121.96852, 37.75906], [-121.96905, 37.75898], [-121.96953, 37.75896], [-121.96997, 37.75902], [-121.97029, 37.7591], [-121.97045, 37.75914], [-121.97056, 37.75916], [-121.97067, 37.75919], [-121.97083, 37.75923], [-121.97086, 37.75924], [-121.9709, 37.75927], [-121.97094, 37.75929], [-121.97108, 37.75933], [-121.97134, 37.75938], [-121.97154, 37.75942], [-121.97199, 37.75944], [-121.9723, 37.75943], [-121.97252, 37.7594], [-121.97267, 37.75926], [-121.97243, 37.75881], [-121.97226, 37.75867], [-121.97194, 37.7586], [-121.97177, 37.75847], [-121.97083, 37.75808], [-121.97, 37.75793], [-121.96929, 37.75761], [-121.96888, 37.75767], [-121.96841, 37.75773], [-121.96828, 37.75891]]]}, "properties": {"name": "Memorial Park", "place": "", "kind": "park"}}, {"type": "Feature", "geometry": {"type": "Polygon", "coordinates": [[[-121.88336, 37.79221], [-121.88313, 37.7924], [-121.883, 37.7924], [-121.883, 37.79228], [-121.88302, 37.79218], [-121.88304, 37.79211], [-121.88308, 37.79206], [-121.88316, 37.79205], [-121.88336, 37.79221]]]}, "properties": {"name": "Welshland Park", "place": "", "kind": "park"}}, {"type": "Feature", "geometry": {"type": "Polygon", "coordinates": [[[-121.88803, 37.74877], [-121.88807, 37.74889], [-121.8881, 37.74904], [-121.88811, 37.74915], [-121.88812, 37.7493], [-121.88813, 37.7497], [-121.88807, 37.74974], [-121.88643, 37.74975], [-121.88638, 37.74971], [-121.88634, 37.74885], [-121.88638, 37.74881], [-121.88799, 37.74874], [-121.88803, 37.74877]]]}, "properties": {"name": "Ramona Park", "place": "", "kind": "park"}}, {"type": "Feature", "geometry": {"type": "Polygon", "coordinates": [[[-121.88577, 37.74692], [-121.88539, 37.74704], [-121.88548, 37.74723], [-121.88532, 37.74726], [-121.88516, 37.74714], [-121.88498, 37.74709], [-121.88477, 37.7471], [-121.88452, 37.7472], [-121.88448, 37.74672], [-121.88487, 37.74669], [-121.88492, 37.74664], [-121.88501, 37.74668], [-121.88505, 37.74668], [-121.88512, 37.74664], [-121.88518, 37.74668], [-121.88555, 37.74665], [-121.88561, 37.74671], [-121.88557, 37.74675], [-121.88558, 37.74685], [-121.88561, 37.74689], [-121.88569, 37.74691], [-121.88577, 37.74692]]]}, "properties": {"name": "Compass Point Park", "place": "", "kind": "park"}}, {"type": "Feature", "geometry": {"type": "Polygon", "coordinates": [[[-121.89227, 37.75056], [-121.89228, 37.75065], [-121.89228, 37.7508], [-121.89228, 37.75088], [-121.89227, 37.75096], [-121.89225, 37.75117], [-121.89225, 37.7512], [-121.89157, 37.7512], [-121.89156, 37.75079], [-121.89156, 37.75061], [-121.89156, 37.75057], [-121.89161, 37.75053], [-121.89166, 37.75053], [-121.89212, 37.75053], [-121.89223, 37.75053], [-121.89227, 37.75056]]]}, "properties": {"name": "Fire Truck Park", "place": "", "kind": "park"}}, {"type": "Feature", "geometry": {"type": "Polygon", "coordinates": [[[-121.89081, 37.74553], [-121.89075, 37.74561], [-121.89041, 37.74563], [-121.89041, 37.74558], [-121.89038, 37.74553], [-121.89033, 37.7455], [-121.89025, 37.74549], [-121.89017, 37.74551], [-121.89013, 37.74555], [-121.89013, 37.74561], [-121.89015, 37.74566], [-121.8898, 37.74572], [-121.88976, 37.74573], [-121.88959, 37.7454], [-121.88942, 37.74513], [-121.88928, 37.74494], [-121.88909, 37.74472], [-121.88886, 37.74446], [-121.88912, 37.74428], [-121.88916, 37.74433], [-121.88923, 37.74435], [-121.88929, 37.74435], [-121.88934, 37.74432], [-121.88938, 37.74427], [-121.88938, 37.7442], [-121.88934, 37.74415], [-121.88926, 37.74413], [-121.88945, 37.74397], [-121.88959, 37.74397], [-121.88958, 37.74415], [-121.8896, 37.74426], [-121.88968, 37.74448], [-121.88981, 37.74469], [-121.89007, 37.74501], [-121.89026, 37.74521], [-121.89043, 37.74534], [-121.89062, 37.74546], [-121.89081, 37.74553]]]}, "properties": {"name": "Six Pillars Park", "place": "", "kind": "park"}}, {"type": "Feature", "geometry": {"type": "Polygon", "coordinates": [[[-121.89341, 37.74775], [-121.89332, 37.74793], [-121.89316, 37.74821], [-121.89312, 37.74829], [-121.89308, 37.74835], [-121.89303, 37.74842], [-121.89292, 37.74849], [-121.89278, 37.74856], [-121.89264, 37.7486], [-121.8925, 37.74862], [-121.89221, 37.74862], [-121.89154, 37.74863], [-121.89145, 37.74855], [-121.89144, 37.74775], [-121.89154, 37.74769], [-121.89184, 37.74769], [-121.89244, 37.74764], [-121.89276, 37.74762], [-121.89289, 37.74762], [-121.89309, 37.74764], [-121.89321, 37.74766], [-121.8933, 37.74768], [-121.89339, 37.7477], [-121.89341, 37.74775]]]}, "properties": {"name": "Arlington Park", "place": "", "kind": "park"}}, {"type": "Feature", "geometry": {"type": "Polygon", "coordinates": [[[-121.98157, 37.79008], [-121.98096, 37.79022], [-121.98095, 37.79025], [-121.9809, 37.79044], [-121.98055, 37.79043], [-121.98037, 37.79057], [-121.98063, 37.79118], [-121.97979, 37.79155], [-121.97966, 37.79154], [-121.97951, 37.79152], [-121.978, 37.79216], [-121.97919, 37.79316], [-121.97993, 37.79419], [-121.98066, 37.7958], [-121.98134, 37.79764], [-121.98189, 37.79916], [-121.98246, 37.80056], [-121.98327, 37.80175], [-121.98438, 37.8032], [-121.98586, 37.80516], [-121.98631, 37.80575], [-121.98657, 37.80608], [-121.9867, 37.80626], [-121.98777, 37.80772], [-121.98825, 37.80835], [-121.99093, 37.80833], [-121.99081, 37.80772], [-121.99051, 37.807], [-121.98903, 37.80363], [-121.98823, 37.80178], [-121.98797, 37.80119], [-121.98745, 37.8002], [-121.98665, 37.79898], [-121.98549, 37.79747], [-121.98475, 37.7965], [-121.98401, 37.79552], [-121.98329, 37.79441], [-121.9827, 37.79335], [-121.98221, 37.79296], [-121.98206, 37.79264], [-121.98217, 37.79247], [-121.98191, 37.7917], [-121.98229, 37.7916], [-121.98157, 37.79008]]]}, "properties": {"name": "Greenbrook Townhomes", "place": "", "kind": "subdivision"}}, {"type": "Feature", "geometry": {"type": "Polygon", "coordinates": [[[-121.93779, 37.7818], [-121.93879, 37.78177], [-121.93943, 37.78179], [-121.93994, 37.78181], [-121.94051, 37.78165], [-121.94072, 37.78173], [-121.9409, 37.78186], [-121.9413, 37.78184], [-121.94166, 37.78189], [-121.94357, 37.78174], [-121.94367, 37.7821], [-121.94303, 37.78253], [-121.94257, 37.78279], [-121.9423, 37.78327], [-121.94165, 37.78384], [-121.9415, 37.78375], [-121.941, 37.78346], [-121.94049, 37.78327], [-121.93996, 37.78313], [-121.93936, 37.78304], [-121.93884, 37.78302], [-121.93848, 37.78304], [-121.93826, 37.78305], [-121.93769, 37.78315], [-121.93727, 37.78326], [-121.93696, 37.7834], [-121.93675, 37.78349], [-121.93641, 37.78368], [-121.93612, 37.78386], [-121.93578, 37.78415], [-121.93533, 37.78393], [-121.93547, 37.78322], [-121.93546, 37.78295], [-121.9354, 37.78289], [-121.93537, 37.78281], [-121.93532, 37.78275], [-121.93502, 37.78256], [-121.93502, 37.78246], [-121.93496, 37.78212], [-121.93475, 37.78204], [-121.93451, 37.78187], [-121.93438, 37.78176], [-121.93445, 37.78159], [-121.93494, 37.78175], [-121.93513, 37.78182], [-121.93553, 37.78185], [-121.93642, 37.78184], [-121.9372, 37.78181], [-121.93779, 37.7818]]]}, "properties": {"name": "Bel Air", "place": "", "kind": "subdivision"}}, {"type": "Feature", "geometry": {"type": "Polygon", "coordinates": [[[-121.94418, 37.77369], [-121.94444, 37.77373], [-121.94433, 37.77346], [-121.94447, 37.77335], [-121.94452, 37.77318], [-121.94436, 37.7731], [-121.94398, 37.77191], [-121.94353, 37.77199], [-121.94319, 37.77214], [-121.94418, 37.77369]]]}, "properties": {"name": "Siena Hills", "place": "", "kind": "subdivision"}}, {"type": "Feature", "geometry": {"type": "Polygon", "coordinates": [[[-121.93394, 37.72809], [-121.9333, 37.72852], [-121.93234, 37.72908], [-121.92965, 37.7261], [-121.93142, 37.72566], [-121.93154, 37.72586], [-121.9319, 37.72625], [-121.93217, 37.72625], [-121.93298, 37.72714], [-121.93295, 37.72736], [-121.93344, 37.72788], [-121.93364, 37.72779], [-121.93394, 37.72809]]]}, "properties": {"name": "Easthampton", "place": "", "kind": "subdivision"}}, {"type": "Feature", "geometry": {"type": "Polygon", "coordinates": [[[-121.91843, 37.73425], [-121.91826, 37.73446], [-121.91782, 37.73446], [-121.91782, 37.73422], [-121.91774, 37.73415], [-121.91697, 37.7342], [-121.91677, 37.73411], [-121.91676, 37.73401], [-121.91651, 37.734], [-121.91619, 37.73405], [-121.91603, 37.73402], [-121.91586, 37.73391], [-121.91584, 37.73376], [-121.91576, 37.73373], [-121.91566, 37.73364], [-121.91546, 37.73344], [-121.91545, 37.73323], [-121.91545, 37.73311], [-121.91533, 37.73279], [-121.91501, 37.73276], [-121.91468, 37.73281], [-121.91463, 37.73271], [-121.91469, 37.73249], [-121.91477, 37.73221], [-121.91497, 37.73186], [-121.9145, 37.73077], [-121.91478, 37.73063], [-121.91464, 37.7303], [-121.91465, 37.73029], [-121.91497, 37.73022], [-121.91536, 37.73031], [-121.91568, 37.73039], [-121.91588, 37.73064], [-121.91626, 37.73043], [-121.91666, 37.73054], [-121.91685, 37.73093], [-121.91689, 37.73099], [-121.9172, 37.73162], [-121.91723, 37.73181], [-121.91758, 37.73225], [-121.91818, 37.73286], [-121.91864, 37.73351], [-121.91873, 37.73371], [-121.91832, 37.73383], [-121.9184, 37.73415], [-121.91843, 37.73425]]]}, "properties": {"name": "The Hills at Bent Creek", "place": "", "kind": "subdivision"}}, {"type": "Feature", "geometry": {"type": "Polygon", "coordinates": [[[-121.92233, 37.73812], [-121.92251, 37.73824], [-121.92271, 37.73833], [-121.92301, 37.73857], [-121.92314, 37.73872], [-121.92318, 37.73888], [-121.92333, 37.73937], [-121.92345, 37.73958], [-121.92364, 37.73974], [-121.92388, 37.73985], [-121.92405, 37.73989], [-121.9243, 37.73991], [-121.92483, 37.7399], [-121.92515, 37.73991], [-121.92526, 37.73994], [-121.92548, 37.74004], [-121.92562, 37.74014], [-121.9258, 37.74024], [-121.92591, 37.74035], [-121.92614, 37.74059], [-121.92577, 37.74078], [-121.92581, 37.74085], [-121.92586, 37.74091], [-121.92589, 37.74097], [-121.92631, 37.74081], [-121.92649, 37.74107], [-121.92661, 37.74135], [-121.92667, 37.74161], [-121.92672, 37.74198], [-121.92682, 37.74219], [-121.92698, 37.74238], [-121.9272, 37.74256], [-121.92736, 37.74265], [-121.92749, 37.74278], [-121.9278, 37.74329], [-121.92818, 37.74362], [-121.92859, 37.74387], [-121.92873, 37.74405], [-121.92875, 37.74417], [-121.92869, 37.74431], [-121.92862, 37.7444], [-121.92851, 37.74445], [-121.92835, 37.7445], [-121.92819, 37.74451], [-121.92813, 37.7445], [-121.92788, 37.74452], [-121.92778, 37.74455], [-121.92749, 37.74432], [-121.92728, 37.74423], [-121.92721, 37.74418], [-121.92726, 37.74415], [-121.927, 37.7439], [-121.9267, 37.74352], [-121.92662, 37.74346], [-121.92643, 37.74336], [-121.92639, 37.74333], [-121.9262, 37.74294], [-121.92591, 37.74263], [-121.92576, 37.74238], [-121.92564, 37.74213], [-121.92553, 37.74205], [-121.92549, 37.74178], [-121.92547, 37.74155], [-121.9254, 37.74136], [-121.92528, 37.74118], [-121.92512, 37.74101], [-121.92493, 37.74089], [-121.92482, 37.74079], [-121.92465, 37.74076], [-121.92448, 37.74073], [-121.92431, 37.74073], [-121.92408, 37.74074], [-121.92364, 37.74069], [-121.92347, 37.74066], [-121.92334, 37.74066], [-121.92323, 37.74068], [-121.92311, 37.74068], [-121.92299, 37.74068], [-121.92282, 37.74057], [-121.92269, 37.74041], [-121.92258, 37.74016], [-121.92256, 37.74002], [-121.92256, 37.73983], [-121.9226, 37.73978], [-121.92281, 37.73955], [-121.92269, 37.73916], [-121.9226, 37.73891], [-121.92247, 37.73877], [-121.92228, 37.73865], [-121.92203, 37.73853], [-121.92217, 37.73836], [-121.92233, 37.73812]]]}, "properties": {"name": "Old Ranch Summit", "place": "", "kind": "subdivision"}}, {"type": "Feature", "geometry": {"type": "Polygon", "coordinates": [[[-121.92047, 37.73581], [-121.92049, 37.73568], [-121.92053, 37.73515], [-121.92049, 37.73481], [-121.92045, 37.73473], [-121.92038, 37.73472], [-121.92004, 37.73439], [-121.91907, 37.73431], [-121.91903, 37.73431], [-121.91843, 37.73432], [-121.91856, 37.73501], [-121.91906, 37.7357], [-121.91964, 37.73566], [-121.92007, 37.73569], [-121.92047, 37.73581]]]}, "properties": {"name": "Old Ranch Park", "place": "", "kind": "park"}}, {"type": "Feature", "geometry": {"type": "Polygon", "coordinates": [[[-121.90784, 37.76404], [-121.90826, 37.76354], [-121.90839, 37.76332], [-121.90841, 37.76324], [-121.9084, 37.76315], [-121.90827, 37.76299], [-121.90797, 37.76269], [-121.90733, 37.7627], [-121.9073, 37.76286], [-121.90731, 37.76315], [-121.90738, 37.76336], [-121.90746, 37.76352], [-121.9076, 37.76372], [-121.90772, 37.76385], [-121.90784, 37.76404]]]}, "properties": {"name": "Souyen Park", "place": "", "kind": "park"}}, {"type": "Feature", "geometry": {"type": "Polygon", "coordinates": [[[-121.90175, 37.75046], [-121.90183, 37.75044], [-121.90191, 37.75041], [-121.90208, 37.75034], [-121.90222, 37.75026], [-121.90239, 37.75016], [-121.9024, 37.75011], [-121.90207, 37.74975], [-121.90206, 37.74972], [-121.90204, 37.74971], [-121.90203, 37.74969], [-121.90161, 37.74976], [-121.90175, 37.75046]]]}, "properties": {"name": "Sherwood Park", "place": "", "kind": "park"}}, {"type": "Feature", "geometry": {"type": "Polygon", "coordinates": [[[-121.88886, 37.76521], [-121.8888, 37.76547], [-121.88888, 37.76635], [-121.88904, 37.76652], [-121.89009, 37.76661], [-121.89009, 37.76654], [-121.89013, 37.76647], [-121.89024, 37.76642], [-121.89027, 37.76638], [-121.8903, 37.76633], [-121.89031, 37.76625], [-121.89038, 37.76562], [-121.89033, 37.76553], [-121.89027, 37.76545], [-121.89023, 37.7654], [-121.89022, 37.76531], [-121.88906, 37.76524], [-121.88886, 37.76521]]]}, "properties": {"name": "Hidden Valley Park", "place": "", "kind": "park"}}, {"type": "Feature", "geometry": {"type": "Polygon", "coordinates": [[[-121.9217, 37.78764], [-121.9216, 37.78767], [-121.92151, 37.78771], [-121.92148, 37.78799], [-121.92176, 37.7883], [-121.92177, 37.78831], [-121.92189, 37.78831], [-121.92244, 37.78829], [-121.92285, 37.78828], [-121.92325, 37.78804], [-121.92353, 37.78768], [-121.92369, 37.78738], [-121.92364, 37.78737], [-121.92358, 37.78735], [-121.92344, 37.78731], [-121.92337, 37.78728], [-121.92327, 37.78722], [-121.92317, 37.78716], [-121.92308, 37.78709], [-121.92303, 37.78704], [-121.92301, 37.78703], [-121.92298, 37.78702], [-121.92294, 37.78703], [-121.9224, 37.78737], [-121.92202, 37.78758], [-121.92198, 37.78761], [-121.92194, 37.78767], [-121.92191, 37.7877], [-121.92184, 37.78771], [-121.9218, 37.78771], [-121.92176, 37.78769], [-121.92175, 37.78769], [-121.9217, 37.78764]]]}, "properties": {"name": "Red Willow Park", "place": "", "kind": "park"}}, {"type": "Feature", "geometry": {"type": "Polygon", "coordinates": [[[-121.9239, 37.79129], [-121.92431, 37.79077], [-121.92489, 37.7899], [-121.92522, 37.78951], [-121.92571, 37.78904], [-121.9262, 37.78874], [-121.92616, 37.78867], [-121.92616, 37.78865], [-121.92607, 37.7885], [-121.92597, 37.78824], [-121.92578, 37.78793], [-121.9256, 37.78764], [-121.92555, 37.78758], [-121.92545, 37.78749], [-121.92543, 37.78744], [-121.92534, 37.7873], [-121.92531, 37.78729], [-121.92527, 37.78728], [-121.92524, 37.78728], [-121.92521, 37.78729], [-121.92513, 37.78732], [-121.9248, 37.78748], [-121.92461, 37.78759], [-121.92424, 37.78792], [-121.92413, 37.78834], [-121.92386, 37.78889], [-121.92379, 37.78914], [-121.92381, 37.78985], [-121.92381, 37.7899], [-121.92379, 37.79129], [-121.9239, 37.79129]]]}, "properties": {"name": "Vestrella", "place": "", "kind": "subdivision"}}, {"type": "Feature", "geometry": {"type": "Polygon", "coordinates": [[[-121.9271, 37.7924], [-121.92793, 37.79194], [-121.92797, 37.79192], [-121.92797, 37.79183], [-121.92795, 37.79172], [-121.92792, 37.79159], [-121.92792, 37.79152], [-121.92794, 37.79143], [-121.92806, 37.79122], [-121.92854, 37.79048], [-121.92874, 37.79013], [-121.92879, 37.78997], [-121.92884, 37.78978], [-121.92888, 37.78949], [-121.9289, 37.78928], [-121.92895, 37.78916], [-121.92898, 37.7891], [-121.92902, 37.78904], [-121.92915, 37.78892], [-121.92928, 37.78884], [-121.9294, 37.78879], [-121.92954, 37.78875], [-121.92973, 37.78874], [-121.92994, 37.78871], [-121.93006, 37.78868], [-121.93017, 37.78864], [-121.93024, 37.7886], [-121.93036, 37.78851], [-121.93041, 37.78844], [-121.93044, 37.78835], [-121.93045, 37.7883], [-121.92989, 37.78826], [-121.92959, 37.78825], [-121.92933, 37.78827], [-121.92926, 37.78831], [-121.92908, 37.78834], [-121.92868, 37.78838], [-121.92852, 37.78836], [-121.92841, 37.78837], [-121.92804, 37.78846], [-121.92773, 37.78855], [-121.9274, 37.78869], [-121.9271, 37.78886], [-121.92686, 37.78904], [-121.92663, 37.78914], [-121.92645, 37.78925], [-121.92627, 37.78939], [-121.92593, 37.78967], [-121.92569, 37.78993], [-121.92537, 37.79023], [-121.92508, 37.79065], [-121.92481, 37.79104], [-121.92461, 37.79127], [-121.92438, 37.79158], [-121.92392, 37.79221], [-121.92376, 37.79241], [-121.9271, 37.7924]]]}, "properties": {"name": "Portola", "place": "", "kind": "subdivision"}}, {"type": "Feature", "geometry": {"type": "Polygon", "coordinates": [[[-121.92855, 37.73123], [-121.92914, 37.73091], [-121.92811, 37.72972], [-121.92804, 37.72976], [-121.92793, 37.73036], [-121.92796, 37.73051], [-121.92804, 37.73066], [-121.92855, 37.73123]]]}, "properties": {"name": "Fairway Village Apartments", "place": "", "kind": "subdivision"}}, {"type": "Feature", "geometry": {"type": "Polygon", "coordinates": [[[-121.91067, 37.73028], [-121.91077, 37.73033], [-121.91113, 37.73028], [-121.91182, 37.7301], [-121.91224, 37.72997], [-121.91272, 37.7299], [-121.91291, 37.72983], [-121.91302, 37.72973], [-121.91307, 37.72961], [-121.91298, 37.72932], [-121.91285, 37.7291], [-121.91269, 37.729], [-121.91257, 37.72882], [-121.91253, 37.72863], [-121.91251, 37.72851], [-121.91245, 37.7284], [-121.91232, 37.72822], [-121.9123, 37.72799], [-121.91237, 37.72769], [-121.9124, 37.72757], [-121.91239, 37.72746], [-121.91236, 37.72731], [-121.91224, 37.72716], [-121.91187, 37.72738], [-121.91167, 37.72762], [-121.91154, 37.72823], [-121.9107, 37.72836], [-121.91078, 37.72883], [-121.91078, 37.72949], [-121.91067, 37.73028]]]}, "properties": {"name": "eaves Dublin Apartments", "place": "", "kind": "subdivision"}}, {"type": "Feature", "geometry": {"type": "Polygon", "coordinates": [[[-121.91285, 37.7216], [-121.91302, 37.72144], [-121.91309, 37.72122], [-121.91313, 37.72101], [-121.91327, 37.72083], [-121.9134, 37.72072], [-121.91347, 37.7205], [-121.91341, 37.72029], [-121.91334, 37.72014], [-121.91337, 37.71983], [-121.91337, 37.71952], [-121.91327, 37.71932], [-121.91273, 37.71886], [-121.9125, 37.71863], [-121.91184, 37.71903], [-121.91156, 37.71917], [-121.91124, 37.71927], [-121.91058, 37.7193], [-121.91044, 37.71941], [-121.91043, 37.72078], [-121.91133, 37.72079], [-121.91132, 37.72098], [-121.91194, 37.72098], [-121.91249, 37.72116], [-121.91235, 37.72143], [-121.91285, 37.7216]]]}, "properties": {"name": "Cotton Wood Apartments", "place": "", "kind": "subdivision"}}, {"type": "Feature", "geometry": {"type": "Polygon", "coordinates": [[[-121.92149, 37.72243], [-121.92115, 37.72261], [-121.91999, 37.72278], [-121.91893, 37.72297], [-121.9193, 37.72416], [-121.91957, 37.72456], [-121.91995, 37.72496], [-121.92062, 37.72551], [-121.92173, 37.72646], [-121.92205, 37.72679], [-121.92247, 37.72763], [-121.92554, 37.72688], [-121.92149, 37.72243]]]}, "properties": {"name": "Amador Lakes Apartments", "place": "", "kind": "subdivision"}}, {"type": "Feature", "geometry": {"type": "Polygon", "coordinates": [[[-121.91281, 37.72162], [-121.9123, 37.72145], [-121.91243, 37.72119], [-121.91194, 37.72102], [-121.91131, 37.72103], [-121.9113, 37.72082], [-121.91042, 37.72079], [-121.91045, 37.72188], [-121.91034, 37.72232], [-121.90976, 37.72373], [-121.91006, 37.7238], [-121.91036, 37.72376], [-121.91072, 37.72367], [-121.91099, 37.72362], [-121.91126, 37.72359], [-121.91152, 37.72349], [-121.91162, 37.7234], [-121.9117, 37.72327], [-121.91172, 37.72316], [-121.91169, 37.72296], [-121.91163, 37.72271], [-121.91163, 37.72258], [-121.91171, 37.72239], [-121.91186, 37.72217], [-121.91215, 37.72199], [-121.91245, 37.7219], [-121.91281, 37.72162]]]}, "properties": {"name": "Parkwood Apartments", "place": "", "kind": "subdivision"}}, {"type": "Feature", "geometry": {"type": "Polygon", "coordinates": [[[-121.95124, 37.69994], [-121.95018, 37.69949], [-121.94969, 37.69945], [-121.94935, 37.69942], [-121.94824, 37.69922], [-121.94675, 37.69896], [-121.9451, 37.69944], [-121.94481, 37.69952], [-121.94312, 37.69993], [-121.94099, 37.70064], [-121.94119, 37.70116], [-121.93982, 37.70158], [-121.9403, 37.70254], [-121.93805, 37.70331], [-121.93824, 37.704], [-121.93849, 37.70397], [-121.93872, 37.70522], [-121.93884, 37.70556], [-121.93896, 37.70604], [-121.939, 37.70628], [-121.9387, 37.70643], [-121.93868, 37.7066], [-121.93793, 37.70706], [-121.93747, 37.70722], [-121.93684, 37.70717], [-121.9363, 37.70724], [-121.93576, 37.70742], [-121.935, 37.70765], [-121.93413, 37.7079], [-121.93386, 37.70807], [-121.93378, 37.70819], [-121.93418, 37.70899], [-121.93106, 37.70998], [-121.92995, 37.71035], [-121.9306, 37.71116], [-121.93155, 37.7123], [-121.9324, 37.71332], [-121.9336, 37.71482], [-121.93504, 37.71648], [-121.93741, 37.71933], [-121.93923, 37.72142], [-121.93983, 37.72215], [-121.94051, 37.72261], [-121.94107, 37.72235], [-121.94124, 37.72236], [-121.94189, 37.72205], [-121.94193, 37.72204], [-121.94233, 37.72194], [-121.94246, 37.72232], [-121.94256, 37.72264], [-121.94266, 37.72271], [-121.94821, 37.72137], [-121.95079, 37.72074], [-121.95126, 37.72063], [-121.95514, 37.71973], [-121.95461, 37.7193], [-121.95412, 37.71898], [-121.95373, 37.71883], [-121.95296, 37.71837], [-121.9522, 37.71793], [-121.95183, 37.7175], [-121.95091, 37.71711], [-121.9508, 37.71744], [-121.95065, 37.7174], [-121.95049, 37.71739], [-121.9503, 37.71739], [-121.95011, 37.71741], [-121.94988, 37.71746], [-121.94967, 37.71753], [-121.9495, 37.71761], [-121.94937, 37.71751], [-121.94948, 37.71735], [-121.94785, 37.71774], [-121.94752, 37.71782], [-121.94752, 37.71774], [-121.94761, 37.71752], [-121.947, 37.71682], [-121.94706, 37.71649], [-121.94703, 37.71624], [-121.9472, 37.71595], [-121.94756, 37.71577], [-121.94775, 37.71543], [-121.94778, 37.71537], [-121.94662, 37.71444], [-121.94701, 37.71414], [-121.94733, 37.71389], [-121.94778, 37.71455], [-121.94836, 37.71494], [-121.94871, 37.71508], [-121.94879, 37.71495], [-121.94919, 37.71513], [-121.95099, 37.71549], [-121.95289, 37.71604], [-121.95357, 37.71422], [-121.95305, 37.71342], [-121.95127, 37.71302], [-121.95085, 37.71289], [-121.95097, 37.71258], [-121.95133, 37.71238], [-121.95143, 37.71227], [-121.95147, 37.71211], [-121.95139, 37.71205], [-121.95158, 37.71183], [-121.95188, 37.7115], [-121.95205, 37.71166], [-121.95234, 37.71178], [-121.95237, 37.71139], [-121.95244, 37.71136], [-121.95248, 37.71133], [-121.95264, 37.71142], [-121.95289, 37.71135], [-121.95303, 37.71122], [-121.95315, 37.71119], [-121.95333, 37.71131], [-121.95376, 37.71107], [-121.95402, 37.71092], [-121.95423, 37.71079], [-121.95373, 37.71036], [-121.95277, 37.70957], [-121.95249, 37.70941], [-121.95251, 37.70929], [-121.95277, 37.70775], [-121.95254, 37.70772], [-121.95231, 37.7077], [-121.95197, 37.70766], [-121.95176, 37.70743], [-121.95084, 37.70691], [-121.95052, 37.70668], [-121.94972, 37.70639], [-121.94951, 37.70632], [-121.94957, 37.70617], [-121.9482, 37.70567], [-121.94753, 37.70521], [-121.94686, 37.70487], [-121.94644, 37.70493], [-121.94632, 37.70495], [-121.9463, 37.70482], [-121.94627, 37.70445], [-121.94697, 37.70445], [-121.94697, 37.70418], [-121.94696, 37.70406], [-121.94715, 37.70403], [-121.94721, 37.70403], [-121.94721, 37.70403], [-121.94751, 37.704], [-121.94757, 37.704], [-121.94762, 37.70399], [-121.94781, 37.70396], [-121.94781, 37.70394], [-121.94809, 37.70387], [-121.94837, 37.70375], [-121.94895, 37.70349], [-121.94933, 37.70331], [-121.94963, 37.7032], [-121.94985, 37.70318], [-121.9501, 37.70318], [-121.95035, 37.70321], [-121.95066, 37.70324], [-121.95104, 37.70329], [-121.95122, 37.70333], [-121.95118, 37.70203], [-121.95123, 37.70147], [-121.95123, 37.70096], [-121.95124, 37.70064], [-121.95124, 37.69994]]]}, "properties": {"name": "West Dublin", "place": "", "kind": "subdivision"}}, {"type": "Feature", "geometry": {"type": "Polygon", "coordinates": [[[-121.92887, 37.71037], [-121.92951, 37.71112], [-121.93235, 37.71445], [-121.93449, 37.71697], [-121.93653, 37.7194], [-121.93798, 37.72118], [-121.93875, 37.72252], [-121.93902, 37.7236], [-121.93804, 37.72384], [-121.93705, 37.72409], [-121.93601, 37.72434], [-121.93401, 37.72482], [-121.93291, 37.72509], [-121.92955, 37.72587], [-121.92657, 37.72654], [-121.92441, 37.7242], [-121.92293, 37.72258], [-121.92064, 37.72003], [-121.91705, 37.71606], [-121.91946, 37.71468], [-121.92172, 37.7134], [-121.92246, 37.71294], [-121.92421, 37.71151], [-121.92487, 37.71104], [-121.92554, 37.71167], [-121.92611, 37.71238], [-121.92737, 37.71233], [-121.9277, 37.71233], [-121.92769, 37.71214], [-121.92743, 37.71082], [-121.92887, 37.71037]]]}, "properties": {"name": "Village Parkway", "place": "", "kind": "subdivision"}}, {"type": "Feature", "geometry": {"type": "Polygon", "coordinates": [[[-121.87306, 37.72978], [-121.87324, 37.73003], [-121.87383, 37.73082], [-121.87421, 37.73132], [-121.87432, 37.73147], [-121.87445, 37.73229], [-121.87489, 37.73309], [-121.87553, 37.73329], [-121.87628, 37.73341], [-121.87725, 37.73397], [-121.87874, 37.73528], [-121.88115, 37.73624], [-121.8815, 37.73648], [-121.88119, 37.73765], [-121.88119, 37.73767], [-121.87467, 37.73923], [-121.87421, 37.73934], [-121.87317, 37.73819], [-121.87154, 37.7379], [-121.87129, 37.73771], [-121.87112, 37.7375], [-121.87111, 37.73742], [-121.87107, 37.73723], [-121.87096, 37.73662], [-121.8713, 37.73608], [-121.87116, 37.73562], [-121.87175, 37.73456], [-121.87145, 37.73375], [-121.87211, 37.73284], [-121.87257, 37.73165], [-121.87287, 37.73112], [-121.87291, 37.73106], [-121.87294, 37.731], [-121.87308, 37.73077], [-121.87306, 37.72978]]]}, "properties": {"name": "Wallis Ranch", "place": "", "kind": "subdivision"}}, {"type": "Feature", "geometry": {"type": "Polygon", "coordinates": [[[-121.92968, 37.72874], [-121.92912, 37.72872], [-121.92843, 37.72919], [-121.9283, 37.72903], [-121.92937, 37.72839], [-121.92968, 37.72874]]]}, "properties": {"name": "Village Green Park", "place": "", "kind": "park"}}, {"type": "Feature", "geometry": {"type": "Polygon", "coordinates": [[[-121.89248, 37.79247], [-121.89252, 37.79226], [-121.89221, 37.79221], [-121.89213, 37.79226], [-121.89211, 37.79247], [-121.89248, 37.79247]]]}, "properties": {"name": "Monterosso Park", "place": "", "kind": "park"}}, {"type": "Feature", "geometry": {"type": "Polygon", "coordinates": [[[-121.89495, 37.79636], [-121.89483, 37.7961], [-121.89473, 37.79586], [-121.89489, 37.79583], [-121.89495, 37.79582], [-121.89564, 37.79568], [-121.89581, 37.79553], [-121.89581, 37.79522], [-121.89549, 37.79278], [-121.89516, 37.79239], [-121.89535, 37.79213], [-121.89527, 37.79205], [-121.89533, 37.79201], [-121.89534, 37.79195], [-121.89532, 37.79192], [-121.8953, 37.79189], [-121.89527, 37.79186], [-121.89523, 37.79185], [-121.89518, 37.79185], [-121.89526, 37.79172], [-121.89536, 37.79152], [-121.8954, 37.7913], [-121.89536, 37.79088], [-121.89518, 37.79065], [-121.89505, 37.79042], [-121.895, 37.7901], [-121.89499, 37.78994], [-121.89513, 37.78952], [-121.89512, 37.78899], [-121.89499, 37.78892], [-121.89477, 37.789], [-121.8944, 37.78944], [-121.89347, 37.7895], [-121.89344, 37.78943], [-121.8932, 37.78946], [-121.89306, 37.78967], [-121.89301, 37.78971], [-121.893, 37.78978], [-121.89275, 37.7899], [-121.89251, 37.7901], [-121.8924, 37.7903], [-121.89236, 37.79067], [-121.89226, 37.79097], [-121.89214, 37.79118], [-121.89187, 37.79155], [-121.89173, 37.79151], [-121.89155, 37.79175], [-121.89157, 37.79189], [-121.89054, 37.79225], [-121.89039, 37.7926], [-121.89053, 37.79283], [-121.89091, 37.79295], [-121.89098, 37.79312], [-121.89097, 37.79338], [-121.89089, 37.79348], [-121.89069, 37.79362], [-121.89058, 37.79384], [-121.89062, 37.79394], [-121.89062, 37.79434], [-121.89048, 37.79484], [-121.8906, 37.79529], [-121.89052, 37.79535], [-121.89057, 37.79584], [-121.89065, 37.79628], [-121.89072, 37.79652], [-121.89081, 37.79676], [-121.89083, 37.79685], [-121.89089, 37.79691], [-121.89095, 37.79694], [-121.89107, 37.79713], [-121.89119, 37.7972], [-121.89153, 37.79747], [-121.89154, 37.7975], [-121.89169, 37.79747], [-121.89171, 37.7975], [-121.89175, 37.79752], [-121.89179, 37.79753], [-121.89184, 37.79754], [-121.89189, 37.79752], [-121.89193, 37.79749], [-121.892, 37.79747], [-121.89205, 37.79772], [-121.89178, 37.7977], [-121.89111, 37.79752], [-121.89039, 37.79725], [-121.89035, 37.79749], [-121.89035, 37.79887], [-121.89053, 37.79918], [-121.89096, 37.79928], [-121.89118, 37.79932], [-121.8914, 37.79936], [-121.89162, 37.79939], [-121.89213, 37.79943], [-121.89267, 37.79945], [-121.89272, 37.79817], [-121.89272, 37.7981], [-121.89263, 37.79789], [-121.89294, 37.79775], [-121.89374, 37.79752], [-121.89401, 37.7975], [-121.89414, 37.7975], [-121.89417, 37.7975], [-121.89441, 37.79753], [-121.89504, 37.79755], [-121.89598, 37.79754], [-121.89598, 37.79711], [-121.89594, 37.79695], [-121.89589, 37.79673], [-121.89517, 37.79674], [-121.89499, 37.79674], [-121.89495, 37.79636]]]}, "properties": {"name": "Monterosso", "place": "", "kind": "subdivision"}}, {"type": "Feature", "geometry": {"type": "Polygon", "coordinates": [[[-121.89425, 37.75249], [-121.89435, 37.75225], [-121.89445, 37.75204], [-121.89463, 37.75174], [-121.89472, 37.75161], [-121.89479, 37.75151], [-121.89488, 37.75142], [-121.89497, 37.75134], [-121.89504, 37.75129], [-121.89519, 37.75118], [-121.89534, 37.75109], [-121.89552, 37.75097], [-121.89574, 37.75083], [-121.89593, 37.75071], [-121.89596, 37.75069], [-121.89597, 37.75068], [-121.89614, 37.75057], [-121.8963, 37.75047], [-121.89639, 37.75041], [-121.89645, 37.75037], [-121.89649, 37.75034], [-121.89688, 37.75066], [-121.89782, 37.75143], [-121.89817, 37.75171], [-121.89816, 37.75174], [-121.89704, 37.7526], [-121.8968, 37.75282], [-121.89645, 37.75314], [-121.89621, 37.7534], [-121.89599, 37.75329], [-121.89546, 37.753], [-121.89544, 37.75299], [-121.89541, 37.75297], [-121.89536, 37.75294], [-121.89543, 37.75272], [-121.89438, 37.75251], [-121.89425, 37.75249]]]}, "properties": {"name": "San Ramon Sports Park", "place": "", "kind": "park"}}, {"type": "Feature", "geometry": {"type": "Polygon", "coordinates": [[[-121.89823, 37.77794], [-121.89821, 37.77795], [-121.89818, 37.77795], [-121.89767, 37.77788], [-121.8974, 37.77784], [-121.89687, 37.77777], [-121.89685, 37.77776], [-121.89684, 37.77776], [-121.89682, 37.77774], [-121.89681, 37.77773], [-121.89681, 37.77771], [-121.89692, 37.7772], [-121.89694, 37.77714], [-121.89705, 37.77666], [-121.89707, 37.77663], [-121.89711, 37.77662], [-121.89764, 37.77669], [-121.89789, 37.77672], [-121.89843, 37.7768], [-121.89845, 37.7768], [-121.89847, 37.77681], [-121.89849, 37.77683], [-121.89849, 37.77685], [-121.89849, 37.77688], [-121.89839, 37.77732], [-121.89835, 37.77748], [-121.89826, 37.77791], [-121.89825, 37.77793], [-121.89823, 37.77794]]]}, "properties": {"name": "Piccadilly Square Park", "place": "", "kind": "park"}}, {"type": "Feature", "geometry": {"type": "Polygon", "coordinates": [[[-121.90783, 37.79291], [-121.90755, 37.79344], [-121.90745, 37.79346], [-121.90744, 37.79349], [-121.90744, 37.79353], [-121.90758, 37.79354], [-121.90772, 37.7938], [-121.90797, 37.79404], [-121.90774, 37.79423], [-121.908, 37.79445], [-121.90824, 37.79436], [-121.90836, 37.79431], [-121.90826, 37.79411], [-121.90823, 37.79385], [-121.90826, 37.79371], [-121.90842, 37.79351], [-121.90852, 37.79305], [-121.90818, 37.79299], [-121.90799, 37.79295], [-121.90796, 37.79295], [-121.90783, 37.79291]]]}, "properties": {"name": "Viewpoint Drive Park", "place": "", "kind": "park"}}, {"type": "Feature", "geometry": {"type": "Polygon", "coordinates": [[[-121.9537, 37.75537], [-121.95361, 37.75541], [-121.95349, 37.75547], [-121.95333, 37.75556], [-121.95323, 37.75562], [-121.95315, 37.75569], [-121.95309, 37.75575], [-121.95302, 37.7559], [-121.95289, 37.75619], [-121.95287, 37.75617], [-121.95275, 37.75606], [-121.95244, 37.75582], [-121.95215, 37.75563], [-121.95223, 37.75562], [-121.95233, 37.75562], [-121.95244, 37.75564], [-121.95256, 37.75564], [-121.95269, 37.75561], [-121.95279, 37.75555], [-121.95284, 37.75549], [-121.95288, 37.75543], [-121.95298, 37.75544], [-121.95312, 37.75541], [-121.95325, 37.75537], [-121.95338, 37.75532], [-121.95351, 37.75527], [-121.95364, 37.75521], [-121.95377, 37.75516], [-121.95383, 37.75514], [-121.95389, 37.75511], [-121.95397, 37.75508], [-121.95412, 37.75503], [-121.9542, 37.75498], [-121.95435, 37.75489], [-121.95442, 37.75479], [-121.95444, 37.75474], [-121.95454, 37.75476], [-121.95461, 37.75476], [-121.95467, 37.75474], [-121.95471, 37.75472], [-121.95476, 37.7547], [-121.95485, 37.75467], [-121.95495, 37.75462], [-121.95501, 37.7546], [-121.95506, 37.75463], [-121.95514, 37.7546], [-121.95525, 37.75456], [-121.95534, 37.75451], [-121.95548, 37.75443], [-121.95555, 37.75437], [-121.95557, 37.75431], [-121.95557, 37.75428], [-121.95566, 37.75429], [-121.95574, 37.7543], [-121.95587, 37.75429], [-121.95596, 37.75425], [-121.95605, 37.75422], [-121.95611, 37.7542], [-121.95617, 37.75417], [-121.95704, 37.7538], [-121.95713, 37.75374], [-121.95718, 37.75368], [-121.95721, 37.75365], [-121.95723, 37.75362], [-121.95727, 37.75363], [-121.95734, 37.75364], [-121.95739, 37.75363], [-121.95774, 37.75352], [-121.95781, 37.75347], [-121.95783, 37.75343], [-121.95694, 37.75202], [-121.9571, 37.75194], [-121.95757, 37.75267], [-121.95762, 37.75273], [-121.9577, 37.75275], [-121.95775, 37.75275], [-121.95799, 37.75263], [-121.95802, 37.75264], [-121.95807, 37.75264], [-121.958, 37.75297], [-121.958, 37.75308], [-121.95802, 37.75316], [-121.95809, 37.75328], [-121.95814, 37.75333], [-121.95821, 37.75335], [-121.95826, 37.75334], [-121.95826, 37.75337], [-121.95826, 37.7534], [-121.95828, 37.75345], [-121.95831, 37.75347], [-121.95837, 37.75349], [-121.95844, 37.75349], [-121.9585, 37.75348], [-121.95875, 37.75367], [-121.95891, 37.75391], [-121.95897, 37.75398], [-121.95905, 37.75402], [-121.9602, 37.75422], [-121.96018, 37.75428], [-121.96015, 37.75437], [-121.95884, 37.75411], [-121.95873, 37.75394], [-121.95862, 37.75382], [-121.9585, 37.75373], [-121.95835, 37.75366], [-121.95821, 37.75363], [-121.95805, 37.75363], [-121.95791, 37.75367], [-121.95695, 37.75407], [-121.95681, 37.75415], [-121.95675, 37.7542], [-121.95669, 37.75427], [-121.95666, 37.75434], [-121.95645, 37.7543], [-121.95605, 37.75448], [-121.95567, 37.75463], [-121.95559, 37.7547], [-121.95555, 37.7548], [-121.95546, 37.75477], [-121.95534, 37.75478], [-121.95526, 37.75477], [-121.95513, 37.7548], [-121.95484, 37.75493], [-121.95456, 37.75505], [-121.95425, 37.75516], [-121.95397, 37.75532], [-121.95391, 37.75538], [-121.9539, 37.7554], [-121.95375, 37.75535], [-121.9537, 37.75537]]]}, "properties": {"name": "Inverness Park", "place": "", "kind": "park"}}, {"type": "Feature", "geometry": {"type": "Polygon", "coordinates": [[[-121.9085, 37.75513], [-121.9079, 37.75609], [-121.90757, 37.75655], [-121.90724, 37.75708], [-121.9068, 37.75779], [-121.90623, 37.75869], [-121.90683, 37.75889], [-121.90815, 37.75884], [-121.90815, 37.75862], [-121.9082, 37.75842], [-121.90847, 37.75761], [-121.90853, 37.75744], [-121.9086, 37.75731], [-121.90879, 37.75715], [-121.9091, 37.75689], [-121.90925, 37.75674], [-121.90935, 37.75654], [-121.90936, 37.75634], [-121.90943, 37.75592], [-121.90948, 37.7557], [-121.90949, 37.75565], [-121.90942, 37.75552], [-121.90925, 37.75543], [-121.9085, 37.75513]]]}, "properties": {"name": "Mill Creek", "place": "", "kind": "subdivision"}}, {"type": "Feature", "geometry": {"type": "Polygon", "coordinates": [[[-121.90765, 37.76489], [-121.90771, 37.76484], [-121.90772, 37.76473], [-121.90773, 37.76441], [-121.90773, 37.76428], [-121.90767, 37.76415], [-121.90756, 37.76394], [-121.90739, 37.76374], [-121.90717, 37.76341], [-121.9071, 37.7631], [-121.90718, 37.7625], [-121.90737, 37.76172], [-121.90751, 37.76108], [-121.90793, 37.76043], [-121.90803, 37.76007], [-121.90799, 37.76002], [-121.9079, 37.75995], [-121.90777, 37.75991], [-121.90756, 37.7599], [-121.90752, 37.75993], [-121.90748, 37.76013], [-121.90733, 37.76037], [-121.90715, 37.76062], [-121.90703, 37.7608], [-121.90697, 37.7609], [-121.90691, 37.76115], [-121.90677, 37.76184], [-121.9066, 37.76263], [-121.90645, 37.76277], [-121.90565, 37.76273], [-121.9056, 37.76278], [-121.90554, 37.76367], [-121.90559, 37.76372], [-121.90627, 37.76376], [-121.9065, 37.76377], [-121.90668, 37.76383], [-121.9068, 37.7639], [-121.90689, 37.76397], [-121.90698, 37.76408], [-121.90703, 37.76417], [-121.90708, 37.76435], [-121.90706, 37.76452], [-121.90702, 37.76474], [-121.90696, 37.76486], [-121.90689, 37.76496], [-121.90676, 37.76507], [-121.90673, 37.76513], [-121.90697, 37.76541], [-121.90705, 37.76542], [-121.90734, 37.76526], [-121.90744, 37.76519], [-121.90753, 37.76505], [-121.90765, 37.76489]]]}, "properties": {"name": "Ambridge", "place": "", "kind": "subdivision"}}, {"type": "Feature", "geometry": {"type": "Polygon", "coordinates": [[[-121.88724, 37.76319], [-121.88732, 37.7634], [-121.88816, 37.76323], [-121.88805, 37.76283], [-121.88813, 37.76243], [-121.88864, 37.76261], [-121.88853, 37.76283], [-121.88982, 37.76333], [-121.88987, 37.76326], [-121.89016, 37.76338], [-121.8906, 37.76279], [-121.89069, 37.76255], [-121.8904, 37.76248], [-121.89056, 37.76207], [-121.88991, 37.76188], [-121.88894, 37.76153], [-121.88792, 37.7611], [-121.88762, 37.76146], [-121.88738, 37.76179], [-121.88723, 37.76206], [-121.88716, 37.7623], [-121.88714, 37.76257], [-121.88714, 37.76278], [-121.88718, 37.76299], [-121.88724, 37.76319]]]}, "properties": {"name": "Carlyle", "place": "", "kind": "subdivision"}}, {"type": "Feature", "geometry": {"type": "Polygon", "coordinates": [[[-121.90695, 37.77163], [-121.90675, 37.77149], [-121.90661, 37.77163], [-121.90651, 37.77181], [-121.90649, 37.77197], [-121.90639, 37.7721], [-121.90566, 37.77279], [-121.90546, 37.77304], [-121.90531, 37.77334], [-121.90505, 37.77373], [-121.90508, 37.77394], [-121.90517, 37.77427], [-121.90511, 37.77466], [-121.90515, 37.77493], [-121.90516, 37.77505], [-121.90484, 37.77549], [-121.90477, 37.77584], [-121.90508, 37.77587], [-121.90537, 37.77585], [-121.9056, 37.77585], [-121.90564, 37.77583], [-121.90584, 37.77585], [-121.90588, 37.77582], [-121.90611, 37.77586], [-121.90695, 37.77584], [-121.90728, 37.77583], [-121.90732, 37.7758], [-121.90739, 37.77577], [-121.90765, 37.77575], [-121.90826, 37.7756], [-121.90827, 37.77558], [-121.90823, 37.77532], [-121.90823, 37.77509], [-121.90826, 37.77488], [-121.90833, 37.77466], [-121.90844, 37.77444], [-121.90856, 37.77428], [-121.90869, 37.77413], [-121.90881, 37.77402], [-121.90894, 37.77392], [-121.90933, 37.77367], [-121.90949, 37.77356], [-121.90973, 37.77337], [-121.90988, 37.77325], [-121.90968, 37.77313], [-121.90866, 37.77258], [-121.90826, 37.77235], [-121.90802, 37.77228], [-121.90803, 37.77226], [-121.90779, 37.77215], [-121.90776, 37.77209], [-121.90761, 37.77203], [-121.90758, 37.77197], [-121.9072, 37.77177], [-121.90713, 37.77178], [-121.90711, 37.77174], [-121.90707, 37.77171], [-121.90701, 37.77169], [-121.90696, 37.77168], [-121.90695, 37.77163]]]}, "properties": {"name": "Solaire & Belvedere", "place": "", "kind": "subdivision"}}, {"type": "Feature", "geometry": {"type": "Polygon", "coordinates": [[[-121.9077, 37.77786], [-121.90809, 37.7781], [-121.90837, 37.7782], [-121.90841, 37.7783], [-121.90834, 37.77857], [-121.90917, 37.77868], [-121.90925, 37.77876], [-121.90923, 37.7801], [-121.9096, 37.78036], [-121.91031, 37.78029], [-121.91071, 37.78037], [-121.91096, 37.78035], [-121.91115, 37.78025], [-121.91153, 37.77968], [-121.91181, 37.77935], [-121.91208, 37.7792], [-121.91228, 37.77913], [-121.91256, 37.77906], [-121.91287, 37.77875], [-121.91294, 37.77838], [-121.91266, 37.77823], [-121.91248, 37.77805], [-121.91219, 37.77791], [-121.91219, 37.77789], [-121.91203, 37.77782], [-121.91203, 37.7778], [-121.91186, 37.77773], [-121.91185, 37.77771], [-121.91169, 37.77764], [-121.91168, 37.77763], [-121.91153, 37.77756], [-121.91151, 37.77754], [-121.91135, 37.77748], [-121.91134, 37.77746], [-121.91118, 37.7774], [-121.91116, 37.77738], [-121.91046, 37.77709], [-121.91001, 37.77694], [-121.90964, 37.77683], [-121.90963, 37.77682], [-121.90948, 37.77677], [-121.90923, 37.77666], [-121.9091, 37.77661], [-121.90909, 37.77659], [-121.90895, 37.77652], [-121.90894, 37.7765], [-121.90881, 37.77641], [-121.90881, 37.7764], [-121.90865, 37.77626], [-121.90853, 37.77618], [-121.9083, 37.77597], [-121.90769, 37.7762], [-121.9077, 37.77643], [-121.9075, 37.77667], [-121.90745, 37.77683], [-121.90741, 37.77711], [-121.90742, 37.77721], [-121.90743, 37.7773], [-121.9075, 37.77749], [-121.90761, 37.77766], [-121.90765, 37.77781], [-121.9077, 37.77786]]]}, "properties": {"name": "Avanti", "place": "", "kind": "subdivision"}}, {"type": "Feature", "geometry": {"type": "Polygon", "coordinates": [[[-121.91708, 37.76662], [-121.91706, 37.76667], [-121.91703, 37.76669], [-121.91661, 37.76686], [-121.91644, 37.76693], [-121.91611, 37.76644], [-121.91549, 37.7667], [-121.91539, 37.76656], [-121.91593, 37.76634], [-121.91429, 37.76389], [-121.91451, 37.7638], [-121.91616, 37.76624], [-121.91668, 37.76602], [-121.91678, 37.76616], [-121.91706, 37.76659], [-121.91708, 37.76662]]]}, "properties": {"name": "Mosaic Park", "place": "", "kind": "park"}}, {"type": "Feature", "geometry": {"type": "Polygon", "coordinates": [[[-121.90465, 37.75399], [-121.90483, 37.7542], [-121.90493, 37.75431], [-121.90492, 37.7544], [-121.90486, 37.75446], [-121.9048, 37.75452], [-121.90475, 37.75469], [-121.90433, 37.75488], [-121.9039, 37.75512], [-121.9023, 37.7558], [-121.90216, 37.75603], [-121.90197, 37.75612], [-121.90181, 37.75612], [-121.90156, 37.75605], [-121.90137, 37.75597], [-121.90105, 37.7559], [-121.90002, 37.75588], [-121.89946, 37.75571], [-121.89913, 37.75553], [-121.89906, 37.75545], [-121.89903, 37.75541], [-121.89918, 37.75511], [-121.89919, 37.75508], [-121.89946, 37.75472], [-121.89983, 37.7543], [-121.90019, 37.75391], [-121.90038, 37.75373], [-121.90056, 37.75375], [-121.90084, 37.75393], [-121.9011, 37.75408], [-121.90127, 37.75416], [-121.90151, 37.75428], [-121.90169, 37.75435], [-121.90181, 37.7544], [-121.90224, 37.75456], [-121.90238, 37.75448], [-121.90296, 37.75448], [-121.90332, 37.75447], [-121.90364, 37.75441], [-121.90378, 37.75437], [-121.9041, 37.75424], [-121.90465, 37.75399]]]}, "properties": {"name": "Torello", "place": "", "kind": "subdivision"}}, {"type": "Feature", "geometry": {"type": "Polygon", "coordinates": [[[-121.96718, 37.77349], [-121.96504, 37.77437], [-121.96495, 37.77436], [-121.96491, 37.77426], [-121.96384, 37.77268], [-121.96223, 37.7702], [-121.96225, 37.77014], [-121.96483, 37.76908], [-121.96618, 37.77109], [-121.96574, 37.77126], [-121.96718, 37.77349]]]}, "properties": {"name": "Bishop Ranch 6/City Village", "place": "", "kind": "subdivision"}}, {"type": "Feature", "geometry": {"type": "Polygon", "coordinates": [[[-121.92018, 37.7806], [-121.92048, 37.78066], [-121.9205, 37.78066], [-121.92057, 37.7807], [-121.92069, 37.78079], [-121.92074, 37.78085], [-121.92076, 37.78092], [-121.92079, 37.78102], [-121.92082, 37.78117], [-121.92088, 37.78122], [-121.92067, 37.78132], [-121.92042, 37.78139], [-121.92018, 37.78148], [-121.92007, 37.7815], [-121.91995, 37.78151], [-121.91987, 37.78157], [-121.91986, 37.78166], [-121.91986, 37.78172], [-121.91979, 37.78171], [-121.91973, 37.78169], [-121.91965, 37.78165], [-121.91952, 37.78156], [-121.91949, 37.78155], [-121.91942, 37.78151], [-121.91939, 37.78148], [-121.91938, 37.78144], [-121.91969, 37.78115], [-121.91973, 37.7811], [-121.92011, 37.78072], [-121.92014, 37.78067], [-121.92018, 37.7806]]]}, "properties": {"name": "Hidden Crest Park", "place": "", "kind": "park"}}, {"type": "Feature", "geometry": {"type": "Polygon", "coordinates": [[[-121.88315, 37.74318], [-121.88308, 37.74345], [-121.8832, 37.74342], [-121.88332, 37.7434], [-121.88343, 37.74338], [-121.88391, 37.74335], [-121.88461, 37.7434], [-121.88463, 37.7434], [-121.88485, 37.74343], [-121.88488, 37.7433], [-121.88491, 37.7432], [-121.88465, 37.74315], [-121.88428, 37.7431], [-121.8839, 37.74309], [-121.88355, 37.74311], [-121.8833, 37.74315], [-121.88315, 37.74318]]]}, "properties": {"name": "Tassajara Ridge Staging Area", "place": "", "kind": "park"}}, {"type": "Feature", "geometry": {"type": "Polygon", "coordinates": [[[-121.92064, 37.76861], [-121.92099, 37.76871], [-121.92125, 37.76881], [-121.92149, 37.76894], [-121.92175, 37.76914], [-121.92188, 37.76927], [-121.922, 37.76942], [-121.9226, 37.7695], [-121.92299, 37.76955], [-121.92335, 37.76964], [-121.92395, 37.76978], [-121.92421, 37.76983], [-121.92446, 37.76985], [-121.92445, 37.7698], [-121.92444, 37.76974], [-121.92445, 37.7697], [-121.92447, 37.76966], [-121.9245, 37.76961], [-121.92456, 37.76953], [-121.92457, 37.76947], [-121.92457, 37.76943], [-121.92457, 37.76938], [-121.92455, 37.7693], [-121.92452, 37.76922], [-121.92449, 37.76914], [-121.92446, 37.76908], [-121.92442, 37.76903], [-121.92433, 37.76892], [-121.92426, 37.76884], [-121.92419, 37.76878], [-121.92415, 37.76875], [-121.92406, 37.76872], [-121.92391, 37.76868], [-121.9238, 37.76865], [-121.92373, 37.76861], [-121.92369, 37.76858], [-121.92365, 37.76855], [-121.92363, 37.76852], [-121.92359, 37.76846], [-121.92355, 37.76831], [-121.92353, 37.76816], [-121.92352, 37.76802], [-121.92352, 37.76786], [-121.92352, 37.76774], [-121.92352, 37.7677], [-121.92351, 37.76765], [-121.92349, 37.76762], [-121.92347, 37.76758], [-121.92345, 37.76755], [-121.92342, 37.76752], [-121.9232, 37.76733], [-121.92307, 37.76721], [-121.92298, 37.7671], [-121.92288, 37.76693], [-121.92276, 37.7667], [-121.92263, 37.76648], [-121.92257, 37.76639], [-121.92252, 37.76632], [-121.92241, 37.76622], [-121.92233, 37.76613], [-121.92228, 37.76608], [-121.92225, 37.76606], [-121.92222, 37.76605], [-121.92212, 37.76603], [-121.92204, 37.76602], [-121.92192, 37.766], [-121.92179, 37.76598], [-121.92177, 37.76605], [-121.92176, 37.7661], [-121.92175, 37.76618], [-121.92173, 37.76627], [-121.92171, 37.76637], [-121.9217, 37.76646], [-121.92168, 37.76655], [-121.92168, 37.76658], [-121.92167, 37.76663], [-121.92165, 37.76672], [-121.92163, 37.76684], [-121.9216, 37.76699], [-121.92157, 37.7671], [-121.92152, 37.76735], [-121.9215, 37.76743], [-121.92142, 37.76761], [-121.92127, 37.76768], [-121.92116, 37.76775], [-121.92104, 37.76785], [-121.92092, 37.768], [-121.92082, 37.76818], [-121.9207, 37.76846], [-121.92064, 37.76861]]]}, "properties": {"name": "Rose Garden Encore", "place": "", "kind": "subdivision"}}, {"type": "Feature", "geometry": {"type": "Polygon", "coordinates": [[[-121.91811, 37.75372], [-121.91875, 37.75372], [-121.9189, 37.75373], [-121.91926, 37.75375], [-121.9198, 37.75376], [-121.91983, 37.75396], [-121.91985, 37.75432], [-121.91985, 37.755], [-121.91985, 37.75533], [-121.91985, 37.75551], [-121.91985, 37.7556], [-121.91974, 37.75621], [-121.91977, 37.7563], [-121.91974, 37.75658], [-121.91966, 37.75687], [-121.9196, 37.75695], [-121.91959, 37.7571], [-121.91956, 37.75711], [-121.91937, 37.75707], [-121.91898, 37.75705], [-121.91885, 37.75713], [-121.91839, 37.7571], [-121.91825, 37.75706], [-121.91797, 37.75702], [-121.91773, 37.75699], [-121.91696, 37.75667], [-121.91656, 37.75631], [-121.91633, 37.75566], [-121.91622, 37.75543], [-121.91656, 37.7549], [-121.91668, 37.75478], [-121.9168, 37.7547], [-121.91742, 37.75425], [-121.91754, 37.75407], [-121.91766, 37.75367], [-121.91767, 37.75342], [-121.91768, 37.75317], [-121.91773, 37.75304], [-121.91757, 37.75213], [-121.91752, 37.75201], [-121.91753, 37.75184], [-121.91749, 37.75162], [-121.91746, 37.7515], [-121.91743, 37.75136], [-121.9174, 37.75109], [-121.91741, 37.75096], [-121.91755, 37.75062], [-121.9176, 37.75052], [-121.91773, 37.75027], [-121.91785, 37.75017], [-121.91798, 37.75008], [-121.9181, 37.75001], [-121.91825, 37.75017], [-121.91856, 37.75059], [-121.91888, 37.75107], [-121.91903, 37.75134], [-121.91896, 37.75132], [-121.91886, 37.75136], [-121.91862, 37.75144], [-121.9184, 37.75151], [-121.91826, 37.75154], [-121.91801, 37.75152], [-121.91795, 37.75157], [-121.91795, 37.75161], [-121.9182, 37.75303], [-121.9182, 37.75332], [-121.91811, 37.75372]]]}, "properties": {"name": "Serena & Cordova", "place": "", "kind": "subdivision"}}, {"type": "Feature", "geometry": {"type": "Polygon", "coordinates": [[[-121.91278, 37.77474], [-121.91279, 37.77469], [-121.91288, 37.77444], [-121.9128, 37.77427], [-121.91268, 37.77411], [-121.91249, 37.77395], [-121.91249, 37.77392], [-121.91253, 37.77389], [-121.91249, 37.77371], [-121.91253, 37.77355], [-121.91261, 37.77335], [-121.9127, 37.77313], [-121.91278, 37.77298], [-121.91287, 37.77286], [-121.91296, 37.77271], [-121.91284, 37.77261], [-121.91289, 37.77249], [-121.91304, 37.77248], [-121.91314, 37.77228], [-121.91251, 37.77198], [-121.91186, 37.77169], [-121.91149, 37.77202], [-121.91129, 37.77219], [-121.91103, 37.77238], [-121.91082, 37.77259], [-121.91032, 37.77316], [-121.91033, 37.77319], [-121.91017, 37.7733], [-121.91018, 37.77334], [-121.91011, 37.77338], [-121.91003, 37.77345], [-121.91002, 37.77348], [-121.90969, 37.77372], [-121.90913, 37.7741], [-121.90904, 37.77415], [-121.90893, 37.77423], [-121.90889, 37.77426], [-121.90973, 37.77469], [-121.90995, 37.77475], [-121.91015, 37.77476], [-121.91041, 37.77474], [-121.91047, 37.77494], [-121.91089, 37.77495], [-121.91161, 37.77498], [-121.91181, 37.77496], [-121.91209, 37.77486], [-121.91244, 37.77482], [-121.91261, 37.77479], [-121.91278, 37.77474]]]}, "properties": {"name": "Terravista", "place": "", "kind": "subdivision"}}, {"type": "Feature", "geometry": {"type": "Polygon", "coordinates": [[[-121.92316, 37.76175], [-121.92309, 37.76195], [-121.92329, 37.76204], [-121.92341, 37.76217], [-121.9234, 37.76219], [-121.9235, 37.76232], [-121.92349, 37.76234], [-121.92361, 37.7625], [-121.9236, 37.76252], [-121.92378, 37.76277], [-121.92373, 37.76282], [-121.92381, 37.76294], [-121.92376, 37.76297], [-121.92389, 37.76317], [-121.92394, 37.76333], [-121.92401, 37.76348], [-121.924, 37.7635], [-121.92406, 37.76363], [-121.92405, 37.76365], [-121.92411, 37.76378], [-121.92409, 37.7638], [-121.92417, 37.76393], [-121.92415, 37.76395], [-121.92422, 37.76407], [-121.92421, 37.76409], [-121.92428, 37.76422], [-121.92426, 37.76424], [-121.92433, 37.76437], [-121.92431, 37.76439], [-121.92438, 37.76452], [-121.92436, 37.76454], [-121.92443, 37.76467], [-121.92442, 37.76468], [-121.92449, 37.76481], [-121.92448, 37.76483], [-121.92455, 37.76496], [-121.92453, 37.76498], [-121.9246, 37.76511], [-121.92459, 37.76513], [-121.92466, 37.76526], [-121.92464, 37.76528], [-121.92471, 37.7654], [-121.9247, 37.76543], [-121.92477, 37.76555], [-121.92475, 37.76557], [-121.92482, 37.7657], [-121.92481, 37.76572], [-121.92489, 37.76587], [-121.92488, 37.76589], [-121.92497, 37.76604], [-121.92496, 37.76607], [-121.92506, 37.76622], [-121.92506, 37.76623], [-121.92518, 37.7664], [-121.92536, 37.76652], [-121.92555, 37.7669], [-121.92574, 37.7672], [-121.92597, 37.76752], [-121.926, 37.76752], [-121.92636, 37.76801], [-121.92659, 37.76836], [-121.92671, 37.76863], [-121.9268, 37.76889], [-121.92686, 37.76916], [-121.92691, 37.76957], [-121.92691, 37.76977], [-121.92713, 37.76984], [-121.92728, 37.76984], [-121.92738, 37.76982], [-121.92773, 37.76975], [-121.92785, 37.76975], [-121.92793, 37.76972], [-121.92796, 37.76967], [-121.92796, 37.7696], [-121.92794, 37.76946], [-121.92792, 37.76931], [-121.92788, 37.76919], [-121.9278, 37.76902], [-121.92776, 37.76889], [-121.92773, 37.76886], [-121.92771, 37.76883], [-121.92767, 37.76868], [-121.92779, 37.76864], [-121.92787, 37.76862], [-121.92795, 37.76856], [-121.92803, 37.76849], [-121.92805, 37.76842], [-121.92803, 37.76836], [-121.92798, 37.7683], [-121.92793, 37.76821], [-121.92788, 37.76806], [-121.92778, 37.7679], [-121.92767, 37.76775], [-121.9276, 37.76763], [-121.92755, 37.76752], [-121.92751, 37.76731], [-121.92749, 37.76703], [-121.92747, 37.76669], [-121.92744, 37.76652], [-121.92742, 37.76642], [-121.92743, 37.76637], [-121.92746, 37.76632], [-121.92749, 37.7663], [-121.92759, 37.76628], [-121.92763, 37.76626], [-121.92768, 37.76622], [-121.9277, 37.76614], [-121.92765, 37.76599], [-121.9276, 37.76582], [-121.92754, 37.76563], [-121.9274, 37.76534], [-121.92731, 37.7652], [-121.92716, 37.765], [-121.92701, 37.76484], [-121.92668, 37.76443], [-121.92645, 37.76403], [-121.92616, 37.76349], [-121.92608, 37.76333], [-121.92603, 37.76318], [-121.92598, 37.76303], [-121.92597, 37.76288], [-121.92597, 37.76272], [-121.92599, 37.76256], [-121.92601, 37.76239], [-121.92578, 37.76214], [-121.92571, 37.76209], [-121.92564, 37.76207], [-121.92556, 37.76206], [-121.92538, 37.76205], [-121.92517, 37.76203], [-121.92497, 37.76201], [-121.92454, 37.76206], [-121.92448, 37.76205], [-121.92445, 37.76203], [-121.92399, 37.76157], [-121.92401, 37.76142], [-121.92385, 37.76139], [-121.92367, 37.76131], [-121.92333, 37.7613], [-121.92326, 37.7615], [-121.92316, 37.76175]]]}, "properties": {"name": "Carmelita", "place": "", "kind": "subdivision"}}, {"type": "Feature", "geometry": {"type": "Polygon", "coordinates": [[[-121.92596, 37.78102], [-121.92645, 37.78105], [-121.92666, 37.78107], [-121.92687, 37.78113], [-121.92711, 37.78115], [-121.9274, 37.7811], [-121.92789, 37.78086], [-121.92818, 37.78067], [-121.92833, 37.78049], [-121.92816, 37.78042], [-121.92795, 37.78023], [-121.92787, 37.78011], [-121.92784, 37.78003], [-121.92782, 37.77996], [-121.92782, 37.77986], [-121.92783, 37.77974], [-121.92787, 37.77959], [-121.92791, 37.77944], [-121.92795, 37.77927], [-121.92797, 37.77904], [-121.92797, 37.77897], [-121.92791, 37.77873], [-121.92784, 37.77857], [-121.92776, 37.77841], [-121.92764, 37.77841], [-121.92749, 37.77846], [-121.92726, 37.77858], [-121.92708, 37.7787], [-121.92691, 37.77881], [-121.92672, 37.7789], [-121.92655, 37.77896], [-121.92595, 37.77908], [-121.92586, 37.7792], [-121.92568, 37.77938], [-121.92556, 37.77955], [-121.9253, 37.78002], [-121.92509, 37.78019], [-121.92495, 37.78038], [-121.9249, 37.7806], [-121.92526, 37.78075], [-121.92532, 37.78076], [-121.92537, 37.78078], [-121.92534, 37.78105], [-121.9256, 37.78101], [-121.92573, 37.78101], [-121.92596, 37.78102]]]}, "properties": {"name": "Capella", "place": "", "kind": "subdivision"}}, {"type": "Feature", "geometry": {"type": "Polygon", "coordinates": [[[-121.92017, 37.76875], [-121.9199, 37.76869], [-121.91934, 37.77018], [-121.91935, 37.77029], [-121.91935, 37.77044], [-121.91933, 37.77063], [-121.91932, 37.77067], [-121.91929, 37.77082], [-121.91923, 37.771], [-121.91918, 37.77112], [-121.9191, 37.77141], [-121.91904, 37.77156], [-121.91899, 37.77166], [-121.91894, 37.77175], [-121.91888, 37.77185], [-121.91877, 37.77199], [-121.91872, 37.77207], [-121.91861, 37.77226], [-121.91854, 37.7724], [-121.91849, 37.77256], [-121.91847, 37.77269], [-121.91845, 37.77284], [-121.91844, 37.77302], [-121.9184, 37.77315], [-121.91889, 37.77322], [-121.91903, 37.77267], [-121.9192, 37.77221], [-121.91945, 37.77151], [-121.91962, 37.771], [-121.91966, 37.77087], [-121.91985, 37.77048], [-121.92, 37.77014], [-121.92015, 37.76957], [-121.9202, 37.76944], [-121.92027, 37.76933], [-121.92048, 37.76883], [-121.92017, 37.76875]]]}, "properties": {"name": "Bark and Ride", "place": "", "kind": "park"}}, {"type": "Feature", "geometry": {"type": "Polygon", "coordinates": [[[-121.88916, 37.79701], [-121.88923, 37.79685], [-121.8892, 37.7968], [-121.88924, 37.7967], [-121.88926, 37.79653], [-121.88925, 37.79635], [-121.88923, 37.79625], [-121.8892, 37.79617], [-121.88917, 37.79609], [-121.8891, 37.79598], [-121.88903, 37.79585], [-121.889, 37.79575], [-121.88898, 37.79561], [-121.88895, 37.7954], [-121.88902, 37.79536], [-121.88928, 37.7952], [-121.88926, 37.79502], [-121.88932, 37.79433], [-121.88932, 37.79424], [-121.88913, 37.79414], [-121.88897, 37.79436], [-121.88883, 37.79433], [-121.88869, 37.79436], [-121.88865, 37.79438], [-121.88806, 37.79443], [-121.88802, 37.7944], [-121.88803, 37.79439], [-121.88804, 37.79437], [-121.88804, 37.79435], [-121.88803, 37.79433], [-121.88803, 37.79431], [-121.88802, 37.79429], [-121.888, 37.79426], [-121.88797, 37.79424], [-121.88793, 37.79422], [-121.88789, 37.79421], [-121.88786, 37.79421], [-121.88739, 37.79395], [-121.88731, 37.79395], [-121.88724, 37.79349], [-121.88717, 37.7934], [-121.88697, 37.79338], [-121.88671, 37.79367], [-121.88665, 37.79374], [-121.88661, 37.79378], [-121.8866, 37.7938], [-121.88659, 37.79383], [-121.8866, 37.79387], [-121.88662, 37.7939], [-121.88665, 37.79393], [-121.8867, 37.79395], [-121.88673, 37.79398], [-121.88688, 37.79511], [-121.88689, 37.79529], [-121.88679, 37.79553], [-121.88652, 37.79593], [-121.88638, 37.79613], [-121.88632, 37.79623], [-121.88628, 37.79632], [-121.88625, 37.79644], [-121.88625, 37.79655], [-121.88625, 37.79673], [-121.88621, 37.79676], [-121.88579, 37.79677], [-121.8858, 37.79698], [-121.88583, 37.79713], [-121.88587, 37.7973], [-121.88595, 37.79749], [-121.88598, 37.79762], [-121.88601, 37.79785], [-121.88606, 37.79825], [-121.88609, 37.79838], [-121.88615, 37.79845], [-121.88622, 37.79851], [-121.8863, 37.79854], [-121.88639, 37.79856], [-121.88652, 37.79856], [-121.88686, 37.79855], [-121.88755, 37.7986], [-121.88816, 37.79869], [-121.8889, 37.79885], [-121.88952, 37.79898], [-121.8897, 37.79878], [-121.8898, 37.79848], [-121.88974, 37.79798], [-121.8894, 37.79794], [-121.88941, 37.79791], [-121.88938, 37.79787], [-121.88934, 37.79784], [-121.8893, 37.79782], [-121.88925, 37.79781], [-121.88919, 37.79781], [-121.88916, 37.79783], [-121.88912, 37.79784], [-121.88908, 37.79787], [-121.88903, 37.79788], [-121.88895, 37.79788], [-121.8889, 37.79787], [-121.88889, 37.79786], [-121.88885, 37.79782], [-121.88892, 37.79748], [-121.88896, 37.79736], [-121.88897, 37.79732], [-121.88898, 37.79727], [-121.889, 37.79723], [-121.88902, 37.79718], [-121.88904, 37.79714], [-121.88906, 37.79709], [-121.88908, 37.79705], [-121.88916, 37.79701]]]}, "properties": {"name": "Wendt Ranch", "place": "", "kind": "subdivision"}}, {"type": "Feature", "geometry": {"type": "Polygon", "coordinates": [[[-121.92374, 37.7976], [-121.92373, 37.79719], [-121.92369, 37.79576], [-121.92369, 37.79542], [-121.9237, 37.79473], [-121.92371, 37.79367], [-121.92371, 37.79268], [-121.92363, 37.79265], [-121.92345, 37.7927], [-121.92291, 37.79351], [-121.92279, 37.79379], [-121.92271, 37.79417], [-121.92261, 37.79477], [-121.92247, 37.79546], [-121.92237, 37.79601], [-121.9222, 37.79698], [-121.92212, 37.79741], [-121.92374, 37.7976]]]}, "properties": {"name": "Heritage Park", "place": "", "kind": "subdivision"}}, {"type": "Feature", "geometry": {"type": "Polygon", "coordinates": [[[-121.91759, 37.79711], [-121.91766, 37.79702], [-121.918, 37.79669], [-121.91818, 37.7965], [-121.91834, 37.79633], [-121.91855, 37.79602], [-121.91864, 37.79583], [-121.9187, 37.79563], [-121.91873, 37.79551], [-121.91879, 37.79538], [-121.9189, 37.79513], [-121.91899, 37.79484], [-121.91914, 37.79451], [-121.91944, 37.79391], [-121.91954, 37.79375], [-121.91972, 37.79356], [-121.91993, 37.79342], [-121.92025, 37.79329], [-121.92059, 37.7932], [-121.92084, 37.79321], [-121.92116, 37.79324], [-121.92155, 37.79334], [-121.92214, 37.79354], [-121.92224, 37.79366], [-121.92204, 37.79441], [-121.92183, 37.79561], [-121.92174, 37.79612], [-121.92168, 37.7965], [-121.92087, 37.79642], [-121.9208, 37.79643], [-121.92071, 37.79652], [-121.92062, 37.79728], [-121.92007, 37.79731], [-121.91943, 37.79739], [-121.91902, 37.79742], [-121.91871, 37.7974], [-121.9181, 37.79727], [-121.91765, 37.79715], [-121.9176, 37.79712], [-121.91759, 37.79711]]]}, "properties": {"name": "Tassajara Ranch", "place": "", "kind": "subdivision"}}, {"type": "Feature", "geometry": {"type": "Polygon", "coordinates": [[[-121.91019, 37.75246], [-121.91058, 37.75206], [-121.91085, 37.7522], [-121.91117, 37.75243], [-121.91139, 37.7525], [-121.91215, 37.75294], [-121.9123, 37.7531], [-121.91239, 37.75316], [-121.91253, 37.75331], [-121.91263, 37.7535], [-121.91279, 37.75367], [-121.91297, 37.75387], [-121.913, 37.75394], [-121.91301, 37.75403], [-121.91299, 37.75409], [-121.91286, 37.75442], [-121.91278, 37.7546], [-121.91271, 37.75467], [-121.91263, 37.75473], [-121.91242, 37.75485], [-121.91227, 37.75469], [-121.91188, 37.75427], [-121.91123, 37.75357], [-121.91019, 37.75246]]]}, "properties": {"name": "Deer Creek", "place": "", "kind": "subdivision"}}, {"type": "Feature", "geometry": {"type": "Polygon", "coordinates": [[[-121.98905, 37.78079], [-121.98914, 37.7808], [-121.9892, 37.7808], [-121.98924, 37.78078], [-121.98932, 37.78075], [-121.98937, 37.78074], [-121.98941, 37.78074], [-121.98947, 37.78076], [-121.98953, 37.78078], [-121.98956, 37.78079], [-121.98961, 37.7808], [-121.98964, 37.7808], [-121.98996, 37.78075], [-121.98998, 37.78075], [-121.99, 37.78075], [-121.99028, 37.78067], [-121.99045, 37.78061], [-121.9906, 37.78054], [-121.99077, 37.78045], [-121.99083, 37.78041], [-121.99107, 37.78026], [-121.9914, 37.78005], [-121.99167, 37.77988], [-121.99174, 37.77984], [-121.99177, 37.77981], [-121.99201, 37.77965], [-121.99207, 37.7796], [-121.99209, 37.77958], [-121.99211, 37.77954], [-121.99212, 37.77949], [-121.99215, 37.77946], [-121.9922, 37.77942], [-121.99225, 37.7794], [-121.99235, 37.77937], [-121.99239, 37.77934], [-121.99259, 37.77913], [-121.99261, 37.77911], [-121.99264, 37.7791], [-121.99268, 37.77906], [-121.9928, 37.7789], [-121.99285, 37.77882], [-121.99288, 37.77875], [-121.9929, 37.77869], [-121.99294, 37.77857], [-121.99296, 37.77845], [-121.99296, 37.77838], [-121.99294, 37.77836], [-121.9929, 37.77834], [-121.99286, 37.77831], [-121.99284, 37.7782], [-121.99287, 37.77819], [-121.99293, 37.77817], [-121.99294, 37.77815], [-121.99294, 37.77813], [-121.99287, 37.77792], [-121.99282, 37.77779], [-121.9928, 37.77766], [-121.99279, 37.77756], [-121.99279, 37.77745], [-121.9928, 37.77735], [-121.99284, 37.77719], [-121.99286, 37.7771], [-121.99296, 37.77691], [-121.99307, 37.77674], [-121.99311, 37.7767], [-121.99304, 37.77668], [-121.99297, 37.77666], [-121.99292, 37.77666], [-121.99284, 37.77669], [-121.99264, 37.77679], [-121.99259, 37.77683], [-121.99231, 37.77708], [-121.9919, 37.7775], [-121.99173, 37.77771], [-121.99157, 37.7779], [-121.99141, 37.77804], [-121.99129, 37.77812], [-121.99121, 37.77818], [-121.99056, 37.77832], [-121.99017, 37.77839], [-121.99009, 37.77842], [-121.99004, 37.77845], [-121.99001, 37.77852], [-121.99, 37.77866], [-121.99, 37.77871], [-121.99003, 37.77877], [-121.99015, 37.77885], [-121.99035, 37.77897], [-121.9907, 37.77916], [-121.99084, 37.77926], [-121.99093, 37.77935], [-121.99101, 37.77951], [-121.99107, 37.77961], [-121.99113, 37.77967], [-121.99118, 37.77971], [-121.99121, 37.77976], [-121.99121, 37.7798], [-121.99118, 37.77984], [-121.99113, 37.77988], [-121.99104, 37.77995], [-121.9909, 37.78008], [-121.9907, 37.78025], [-121.99047, 37.78039], [-121.99023, 37.78052], [-121.99004, 37.7806], [-121.9898, 37.78067], [-121.98964, 37.78071], [-121.98948, 37.78073], [-121.98937, 37.78072], [-121.98919, 37.78072], [-121.9891, 37.78072], [-121.98907, 37.78073], [-121.98906, 37.78076], [-121.98905, 37.78079]]]}, "properties": {"name": "Sunrise Ridge Park", "place": "", "kind": "park"}}, {"type": "Feature", "geometry": {"type": "Polygon", "coordinates": [[[-121.99416, 37.78116], [-121.99426, 37.78104], [-121.99451, 37.78088], [-121.99461, 37.78086], [-121.99585, 37.78095], [-121.99594, 37.781], [-121.99643, 37.78103], [-121.99646, 37.78102], [-121.99648, 37.781], [-121.99654, 37.78051], [-121.99655, 37.78037], [-121.99654, 37.78027], [-121.99649, 37.78016], [-121.99639, 37.78002], [-121.99639, 37.77992], [-121.99644, 37.77975], [-121.99642, 37.77966], [-121.99636, 37.7796], [-121.99629, 37.77958], [-121.99623, 37.77956], [-121.99621, 37.77952], [-121.99619, 37.77943], [-121.99616, 37.77937], [-121.99605, 37.77944], [-121.99409, 37.77927], [-121.99388, 37.77925], [-121.99323, 37.77874], [-121.99316, 37.77883], [-121.99304, 37.77904], [-121.99284, 37.77927], [-121.99258, 37.77954], [-121.99223, 37.77982], [-121.99184, 37.78005], [-121.99107, 37.78053], [-121.99086, 37.78066], [-121.99061, 37.78079], [-121.99031, 37.7809], [-121.99009, 37.78096], [-121.98983, 37.78102], [-121.98955, 37.78104], [-121.98896, 37.78103], [-121.98864, 37.78095], [-121.98804, 37.78088], [-121.98787, 37.78089], [-121.98766, 37.78096], [-121.98755, 37.78102], [-121.98744, 37.78111], [-121.98712, 37.78136], [-121.98673, 37.78154], [-121.98662, 37.7816], [-121.98643, 37.78162], [-121.98626, 37.78176], [-121.9868, 37.78228], [-121.98736, 37.78274], [-121.98772, 37.78302], [-121.98783, 37.78315], [-121.98867, 37.78353], [-121.98923, 37.78406], [-121.98929, 37.78416], [-121.98941, 37.78426], [-121.98954, 37.78432], [-121.99011, 37.78459], [-121.9903, 37.78477], [-121.99049, 37.78478], [-121.99119, 37.78477], [-121.99158, 37.78473], [-121.99154, 37.7844], [-121.9914, 37.78412], [-121.99145, 37.78396], [-121.99148, 37.78381], [-121.99133, 37.78367], [-121.99122, 37.78338], [-121.99121, 37.78321], [-121.99101, 37.78295], [-121.99091, 37.78271], [-121.99077, 37.78262], [-121.99065, 37.78256], [-121.99057, 37.78247], [-121.99049, 37.78236], [-121.99048, 37.78215], [-121.99056, 37.78199], [-121.99226, 37.78087], [-121.99256, 37.78108], [-121.99279, 37.78127], [-121.99296, 37.78152], [-121.99307, 37.78168], [-121.99329, 37.78229], [-121.99339, 37.78269], [-121.99392, 37.78259], [-121.99441, 37.7825], [-121.99443, 37.78248], [-121.99432, 37.78211], [-121.99405, 37.78173], [-121.99401, 37.7816], [-121.99403, 37.78146], [-121.99411, 37.78121], [-121.99416, 37.78116]]]}, "properties": {"name": "The Preserve", "place": "", "kind": "subdivision"}}, {"type": "Feature", "geometry": {"type": "Polygon", "coordinates": [[[-121.90945, 37.76887], [-121.90949, 37.76882], [-121.90951, 37.76874], [-121.90955, 37.76863], [-121.90957, 37.76851], [-121.90958, 37.76843], [-121.90959, 37.76835], [-121.9096, 37.76824], [-121.9096, 37.76812], [-121.90962, 37.76799], [-121.90966, 37.76784], [-121.9097, 37.76771], [-121.90977, 37.76756], [-121.90982, 37.76745], [-121.90993, 37.7673], [-121.91009, 37.76711], [-121.91028, 37.76694], [-121.91052, 37.76677], [-121.91069, 37.76667], [-121.91116, 37.76647], [-121.9112, 37.76645], [-121.91124, 37.76643], [-121.91126, 37.7664], [-121.91127, 37.76636], [-121.91126, 37.76633], [-121.91124, 37.76628], [-121.91102, 37.76597], [-121.91084, 37.7657], [-121.91065, 37.76543], [-121.91044, 37.76511], [-121.91016, 37.76464], [-121.9101, 37.7645], [-121.91007, 37.7644], [-121.91003, 37.76423], [-121.91002, 37.76417], [-121.91001, 37.7641], [-121.91001, 37.76398], [-121.91003, 37.76384], [-121.91004, 37.76371], [-121.91006, 37.76364], [-121.91007, 37.7636], [-121.90974, 37.76354], [-121.90967, 37.76377], [-121.9096, 37.76381], [-121.90952, 37.76386], [-121.90945, 37.7639], [-121.9094, 37.76393], [-121.9094, 37.76396], [-121.90941, 37.76409], [-121.9094, 37.76419], [-121.90938, 37.7643], [-121.90936, 37.7644], [-121.90941, 37.7646], [-121.9095, 37.765], [-121.90956, 37.76518], [-121.90967, 37.76527], [-121.90979, 37.76543], [-121.90984, 37.76558], [-121.90986, 37.76575], [-121.90986, 37.76583], [-121.90988, 37.76597], [-121.9099, 37.76609], [-121.90988, 37.76624], [-121.90987, 37.76636], [-121.90991, 37.76644], [-121.90992, 37.76649], [-121.9099, 37.76655], [-121.90979, 37.76669], [-121.90954, 37.76721], [-121.90941, 37.76753], [-121.90935, 37.76782], [-121.90929, 37.76817], [-121.90925, 37.76846], [-121.90922, 37.76857], [-121.9092, 37.76866], [-121.90919, 37.76875], [-121.90921, 37.76879], [-121.90925, 37.76882], [-121.9093, 37.76885], [-121.90945, 37.76887]]]}, "properties": {"name": "Critter Crossroads Park", "place": "", "kind": "park"}}, {"type": "Feature", "geometry": {"type": "Polygon", "coordinates": [[[-121.90564, 37.76389], [-121.90551, 37.76388], [-121.90458, 37.76385], [-121.90474, 37.76479], [-121.90492, 37.76521], [-121.9052, 37.76573], [-121.9055, 37.76619], [-121.90568, 37.7661], [-121.90638, 37.76571], [-121.90676, 37.76551], [-121.90665, 37.76534], [-121.90642, 37.76504], [-121.90666, 37.76492], [-121.90676, 37.76483], [-121.90683, 37.76467], [-121.90688, 37.7644], [-121.90684, 37.76423], [-121.90672, 37.76406], [-121.90648, 37.76394], [-121.90604, 37.76391], [-121.90564, 37.76389]]]}, "properties": {"name": "Canyon Oaks", "place": "", "kind": "subdivision"}}, {"type": "Feature", "geometry": {"type": "Polygon", "coordinates": [[[-121.90728, 37.75989], [-121.90675, 37.75986], [-121.9063, 37.75975], [-121.90573, 37.75954], [-121.90539, 37.7601], [-121.90509, 37.76082], [-121.90477, 37.76205], [-121.90464, 37.76249], [-121.90541, 37.7625], [-121.90562, 37.76254], [-121.90575, 37.76257], [-121.90599, 37.76257], [-121.90614, 37.76258], [-121.90628, 37.76253], [-121.90636, 37.76244], [-121.90653, 37.76177], [-121.90671, 37.76111], [-121.9068, 37.76077], [-121.90713, 37.76031], [-121.90728, 37.76008], [-121.90732, 37.75993], [-121.90728, 37.75989]]]}, "properties": {"name": "Muirlands", "place": "", "kind": "subdivision"}}, {"type": "Feature", "geometry": {"type": "Polygon", "coordinates": [[[-121.9057, 37.76638], [-121.90735, 37.76797], [-121.90778, 37.76745], [-121.90816, 37.76699], [-121.90831, 37.76675], [-121.90843, 37.76646], [-121.9085, 37.76626], [-121.90851, 37.76601], [-121.90839, 37.76574], [-121.90822, 37.76547], [-121.90812, 37.76523], [-121.9079, 37.76531], [-121.90759, 37.76537], [-121.90715, 37.76561], [-121.90649, 37.76598], [-121.9057, 37.76638]]]}, "properties": {"name": "Shelbourne", "place": "", "kind": "subdivision"}}, {"type": "Feature", "geometry": {"type": "Polygon", "coordinates": [[[-121.89846, 37.75146], [-121.89855, 37.75147], [-121.89867, 37.75138], [-121.89887, 37.75123], [-121.89906, 37.75111], [-121.89939, 37.75094], [-121.8998, 37.75077], [-121.89985, 37.75075], [-121.89968, 37.7504], [-121.8996, 37.75008], [-121.89946, 37.74949], [-121.89941, 37.7493], [-121.89936, 37.74921], [-121.89932, 37.74897], [-121.89908, 37.74877], [-121.89873, 37.74883], [-121.89766, 37.74941], [-121.8973, 37.7498], [-121.89708, 37.74997], [-121.89686, 37.75014], [-121.89737, 37.75056], [-121.89846, 37.75146]]]}, "properties": {"name": "Celamonte", "place": "", "kind": "subdivision"}}, {"type": "Feature", "geometry": {"type": "Polygon", "coordinates": [[[-121.91248, 37.76821], [-121.91249, 37.76815], [-121.91185, 37.7672], [-121.91151, 37.76669], [-121.91148, 37.76666], [-121.91143, 37.76663], [-121.91138, 37.76662], [-121.91133, 37.76663], [-121.91093, 37.7668], [-121.9107, 37.76692], [-121.91051, 37.76705], [-121.91032, 37.76722], [-121.91018, 37.76738], [-121.91007, 37.76753], [-121.91003, 37.7676], [-121.90994, 37.7678], [-121.91001, 37.76782], [-121.91178, 37.76849], [-121.91248, 37.76821]]]}, "properties": {"name": "Seville", "place": "", "kind": "subdivision"}}, {"type": "Feature", "geometry": {"type": "Polygon", "coordinates": [[[-121.91256, 37.76316], [-121.91124, 37.76372], [-121.9111, 37.76374], [-121.91097, 37.76375], [-121.91073, 37.76372], [-121.91037, 37.76367], [-121.91033, 37.76363], [-121.91033, 37.7636], [-121.91053, 37.76296], [-121.91058, 37.76276], [-121.9106, 37.76269], [-121.91061, 37.76257], [-121.91061, 37.76224], [-121.91061, 37.76205], [-121.91062, 37.76202], [-121.91064, 37.76199], [-121.91066, 37.76197], [-121.91069, 37.76194], [-121.91071, 37.76189], [-121.91074, 37.76186], [-121.91094, 37.76177], [-121.91146, 37.76156], [-121.91149, 37.76155], [-121.91153, 37.76156], [-121.91203, 37.7623], [-121.91208, 37.76238], [-121.91257, 37.76311], [-121.91256, 37.76316]]]}, "properties": {"name": "Valencia", "place": "", "kind": "subdivision"}}, {"type": "Feature", "geometry": {"type": "Polygon", "coordinates": [[[-121.90172, 37.75391], [-121.90196, 37.75356], [-121.90227, 37.75364], [-121.90234, 37.75339], [-121.90251, 37.75339], [-121.90277, 37.75277], [-121.90287, 37.75229], [-121.90287, 37.75194], [-121.90288, 37.75162], [-121.90558, 37.75006], [-121.90402, 37.74884], [-121.90441, 37.74851], [-121.90472, 37.74875], [-121.90613, 37.74989], [-121.90681, 37.75042], [-121.90437, 37.75183], [-121.9043, 37.75189], [-121.90423, 37.75192], [-121.90493, 37.75298], [-121.90493, 37.75306], [-121.90482, 37.75319], [-121.90438, 37.75351], [-121.904, 37.75374], [-121.90368, 37.75389], [-121.90341, 37.75397], [-121.90312, 37.75404], [-121.90282, 37.75406], [-121.90254, 37.75406], [-121.90227, 37.75404], [-121.902, 37.75399], [-121.90172, 37.75391]]]}, "properties": {"name": "Cambridge", "place": "", "kind": "subdivision"}}, {"type": "Feature", "geometry": {"type": "Polygon", "coordinates": [[[-121.89589, 37.7541], [-121.89595, 37.75404], [-121.89685, 37.75455], [-121.89714, 37.75468], [-121.89764, 37.7549], [-121.89787, 37.75504], [-121.89807, 37.75516], [-121.89829, 37.75531], [-121.89705, 37.75644], [-121.89606, 37.75661], [-121.89597, 37.75663], [-121.8958, 37.75657], [-121.89573, 37.75648], [-121.89523, 37.75625], [-121.89419, 37.75597], [-121.8939, 37.75579], [-121.89379, 37.75569], [-121.89377, 37.75559], [-121.89407, 37.75549], [-121.8944, 37.75537], [-121.89465, 37.75527], [-121.89463, 37.75521], [-121.89477, 37.75514], [-121.89497, 37.755], [-121.89517, 37.75485], [-121.89548, 37.75455], [-121.89589, 37.7541]]]}, "properties": {"name": "Coventry", "place": "", "kind": "subdivision"}}, {"type": "Feature", "geometry": {"type": "Polygon", "coordinates": [[[-121.91716, 37.73682], [-121.91715, 37.73715], [-121.9168, 37.73741], [-121.91677, 37.73742], [-121.91657, 37.73752], [-121.91653, 37.73746], [-121.91646, 37.73736], [-121.91639, 37.73726], [-121.91625, 37.73717], [-121.91607, 37.73702], [-121.91588, 37.73686], [-121.91576, 37.73678], [-121.91562, 37.73672], [-121.91551, 37.73666], [-121.9154, 37.73661], [-121.91527, 37.73656], [-121.91506, 37.73646], [-121.91497, 37.7364], [-121.91492, 37.73631], [-121.91487, 37.73624], [-121.91481, 37.73612], [-121.91473, 37.73601], [-121.91464, 37.73585], [-121.91459, 37.73581], [-121.91451, 37.73577], [-121.91434, 37.73569], [-121.91425, 37.73563], [-121.91418, 37.73555], [-121.91415, 37.73547], [-121.9141, 37.73539], [-121.91402, 37.7353], [-121.91395, 37.73524], [-121.91386, 37.73517], [-121.9138, 37.73509], [-121.91379, 37.73502], [-121.91378, 37.73495], [-121.91376, 37.73485], [-121.9137, 37.73471], [-121.91365, 37.73458], [-121.91364, 37.73455], [-121.91361, 37.73443], [-121.9137, 37.73437], [-121.91436, 37.73403], [-121.91446, 37.73406], [-121.91452, 37.73412], [-121.91465, 37.73411], [-121.91481, 37.73426], [-121.9149, 37.73434], [-121.91515, 37.73444], [-121.91558, 37.73463], [-121.91607, 37.73485], [-121.91725, 37.73557], [-121.91733, 37.73567], [-121.91733, 37.73578], [-121.9172, 37.73608], [-121.91716, 37.73682]]]}, "properties": {"name": "Bent Creek Estates", "place": "", "kind": "subdivision"}}, {"type": "Feature", "geometry": {"type": "Polygon", "coordinates": [[[-121.96672, 37.7557], [-121.96449, 37.75662], [-121.96504, 37.75696], [-121.96572, 37.75726], [-121.96616, 37.75745], [-121.96678, 37.75775], [-121.96737, 37.75808], [-121.9674, 37.75809], [-121.96774, 37.75842], [-121.968, 37.75875], [-121.96804, 37.75882], [-121.96813, 37.7588], [-121.96831, 37.7579], [-121.96817, 37.75779], [-121.96805, 37.75771], [-121.96796, 37.75768], [-121.96774, 37.75755], [-121.96767, 37.75748], [-121.96763, 37.75729], [-121.96755, 37.75717], [-121.96746, 37.757], [-121.96736, 37.75678], [-121.96726, 37.75667], [-121.96703, 37.75618], [-121.96698, 37.75608], [-121.96678, 37.75582], [-121.96672, 37.7557]]]}, "properties": {"name": "Foothill Gardens", "place": "", "kind": "subdivision"}}, {"type": "Feature", "geometry": {"type": "Polygon", "coordinates": [[[-121.92631, 37.74081], [-121.92589, 37.74097], [-121.92586, 37.74091], [-121.92581, 37.74085], [-121.92577, 37.74078], [-121.92614, 37.74059], [-121.92631, 37.74081]]]}, "properties": {"name": "Old Ranch Summit", "place": "", "kind": "park"}}, {"type": "Feature", "geometry": {"type": "Polygon", "coordinates": [[[-121.93484, 37.7273], [-121.93544, 37.72737], [-121.93583, 37.72746], [-121.93571, 37.7278], [-121.93569, 37.72785], [-121.93568, 37.72787], [-121.93562, 37.72802], [-121.93553, 37.72819], [-121.93543, 37.72835], [-121.93536, 37.72844], [-121.93521, 37.72863], [-121.93503, 37.72885], [-121.93487, 37.72907], [-121.93484, 37.72911], [-121.93455, 37.72915], [-121.9341, 37.72916], [-121.93406, 37.72907], [-121.93395, 37.72886], [-121.9338, 37.72863], [-121.93397, 37.72851], [-121.93424, 37.72827], [-121.93447, 37.72801], [-121.93464, 37.72776], [-121.93484, 37.7273]]]}, "properties": {"name": "The Gardens", "place": "", "kind": "subdivision"}}, {"type": "Feature", "geometry": {"type": "Polygon", "coordinates": [[[-121.93486, 37.72713], [-121.93538, 37.72722], [-121.93548, 37.72724], [-121.93587, 37.72732], [-121.93591, 37.72695], [-121.93592, 37.72688], [-121.9359, 37.72625], [-121.9359, 37.72614], [-121.93593, 37.72596], [-121.93602, 37.72576], [-121.93609, 37.72563], [-121.93623, 37.72548], [-121.9363, 37.72542], [-121.93654, 37.72528], [-121.93678, 37.72521], [-121.93724, 37.72499], [-121.93715, 37.72481], [-121.93712, 37.72477], [-121.93704, 37.72456], [-121.93699, 37.72443], [-121.93612, 37.72463], [-121.93565, 37.72486], [-121.93538, 37.72506], [-121.93514, 37.72532], [-121.93496, 37.72564], [-121.93487, 37.72591], [-121.93486, 37.72663], [-121.93486, 37.72713]]]}, "properties": {"name": "The Vintner", "place": "", "kind": "subdivision"}}, {"type": "Feature", "geometry": {"type": "Polygon", "coordinates": [[[-121.89755, 37.76341], [-121.89728, 37.76339], [-121.89717, 37.76338], [-121.89668, 37.76333], [-121.89608, 37.76326], [-121.89551, 37.76316], [-121.89516, 37.76309], [-121.89505, 37.76308], [-121.89492, 37.76307], [-121.89487, 37.76308], [-121.89481, 37.76311], [-121.89474, 37.76314], [-121.89467, 37.76326], [-121.89455, 37.76362], [-121.89447, 37.76382], [-121.89431, 37.76442], [-121.89583, 37.76475], [-121.89706, 37.76484], [-121.89744, 37.76485], [-121.89748, 37.76397], [-121.89755, 37.76341]]]}, "properties": {"name": "Wyngate", "place": "", "kind": "subdivision"}}, {"type": "Feature", "geometry": {"type": "Polygon", "coordinates": [[[-121.92446, 37.7282], [-121.92403, 37.72782], [-121.92354, 37.7274], [-121.92409, 37.72727], [-121.92444, 37.72718], [-121.92461, 37.72714], [-121.92465, 37.7272], [-121.92467, 37.72726], [-121.92469, 37.72738], [-121.9247, 37.72755], [-121.92469, 37.7277], [-121.92467, 37.72781], [-121.92465, 37.7279], [-121.92459, 37.72802], [-121.92452, 37.72813], [-121.92446, 37.7282]]]}, "properties": {"name": "Sunny Glen Recreational Area", "place": "", "kind": "park"}}, {"type": "Feature", "geometry": {"type": "Polygon", "coordinates": [[[-121.93769, 37.74084], [-121.93733, 37.74098], [-121.9372, 37.741], [-121.93711, 37.7408], [-121.93708, 37.74067], [-121.93711, 37.74057], [-121.93713, 37.74051], [-121.93717, 37.74046], [-121.9373, 37.74039], [-121.93742, 37.74052], [-121.93769, 37.74084]]]}, "properties": {"name": "Walt Disney Park", "place": "", "kind": "park"}}, {"type": "Feature", "geometry": {"type": "Polygon", "coordinates": [[[-121.94722, 37.72574], [-121.94707, 37.72621], [-121.94709, 37.72671], [-121.94697, 37.72675], [-121.94687, 37.72657], [-121.94673, 37.7264], [-121.94657, 37.72605], [-121.94652, 37.72583], [-121.94648, 37.72539], [-121.9464, 37.72519], [-121.94655, 37.72513], [-121.94722, 37.72574]]]}, "properties": {"name": "Centennial Park", "place": "", "kind": "park"}}, {"type": "Feature", "geometry": {"type": "Polygon", "coordinates": [[[-121.94032, 37.7533], [-121.94021, 37.75303], [-121.94004, 37.75308], [-121.94001, 37.75309], [-121.93994, 37.75311], [-121.94, 37.75324], [-121.94004, 37.75332], [-121.94007, 37.75335], [-121.94009, 37.75335], [-121.94011, 37.75335], [-121.94013, 37.75335], [-121.94032, 37.7533]]]}, "properties": {"name": "Country Fair Park", "place": "", "kind": "park"}}, {"type": "Feature", "geometry": {"type": "Polygon", "coordinates": [[[-121.93406, 37.72608], [-121.93433, 37.72595], [-121.93453, 37.72585], [-121.93458, 37.72564], [-121.93463, 37.72553], [-121.93467, 37.72545], [-121.93469, 37.72541], [-121.93469, 37.72539], [-121.93468, 37.72537], [-121.93466, 37.72536], [-121.93425, 37.72519], [-121.93423, 37.72518], [-121.93421, 37.7252], [-121.93359, 37.72562], [-121.93406, 37.72608]]]}, "properties": {"name": "Aspenwood Senior Apartments", "place": "", "kind": "subdivision"}}, {"type": "Feature", "geometry": {"type": "Polygon", "coordinates": [[[-121.94167, 37.7299], [-121.94159, 37.73004], [-121.94078, 37.73036], [-121.94093, 37.7306], [-121.94088, 37.73062], [-121.94083, 37.73064], [-121.94064, 37.73042], [-121.94035, 37.73017], [-121.94, 37.73], [-121.94021, 37.72989], [-121.94029, 37.72986], [-121.94032, 37.72989], [-121.94047, 37.72983], [-121.9405, 37.72988], [-121.94056, 37.72985], [-121.94058, 37.72987], [-121.94069, 37.72994], [-121.94107, 37.73001], [-121.94112, 37.73001], [-121.94118, 37.73001], [-121.94145, 37.72998], [-121.94167, 37.7299]]]}, "properties": {"name": "Country Club School Park", "place": "", "kind": "park"}}, {"type": "Feature", "geometry": {"type": "Polygon", "coordinates": [[[-121.963, 37.77718], [-121.96405, 37.77675], [-121.96314, 37.77546], [-121.96306, 37.77553], [-121.96291, 37.77564], [-121.96276, 37.7758], [-121.96233, 37.77623], [-121.963, 37.77718]]]}, "properties": {"name": "Park Central", "place": "", "kind": "subdivision"}}, {"type": "Feature", "geometry": {"type": "Polygon", "coordinates": [[[-121.95124, 37.78692], [-121.95339, 37.78644], [-121.95434, 37.78617], [-121.95478, 37.78603], [-121.95511, 37.78592], [-121.95549, 37.78588], [-121.95575, 37.78587], [-121.9561, 37.786], [-121.95638, 37.78607], [-121.95659, 37.78606], [-121.95673, 37.78595], [-121.95672, 37.78582], [-121.95665, 37.78569], [-121.95647, 37.78558], [-121.95619, 37.78543], [-121.95612, 37.7854], [-121.95669, 37.78512], [-121.95686, 37.78497], [-121.95709, 37.78483], [-121.95754, 37.78452], [-121.95787, 37.78433], [-121.95813, 37.78417], [-121.95839, 37.78402], [-121.95869, 37.7839], [-121.95894, 37.7838], [-121.95924, 37.7837], [-121.95957, 37.78357], [-121.95991, 37.78346], [-121.9603, 37.78336], [-121.96051, 37.7833], [-121.96062, 37.78328], [-121.9607, 37.78327], [-121.96074, 37.78327], [-121.96078, 37.78326], [-121.96083, 37.78325], [-121.96087, 37.78325], [-121.96092, 37.78324], [-121.96096, 37.78323], [-121.961, 37.78322], [-121.96105, 37.78321], [-121.96109, 37.7832], [-121.96113, 37.78318], [-121.96122, 37.78315], [-121.96126, 37.78314], [-121.9613, 37.78313], [-121.96134, 37.78311], [-121.96138, 37.7831], [-121.96142, 37.78308], [-121.96147, 37.78307], [-121.96151, 37.78306], [-121.96159, 37.78303], [-121.96163, 37.78302], [-121.96167, 37.783], [-121.96172, 37.78298], [-121.96175, 37.78296], [-121.96191, 37.7829], [-121.96212, 37.78279], [-121.96219, 37.78279], [-121.96229, 37.78288], [-121.96249, 37.78312], [-121.9626, 37.78325], [-121.9628, 37.78348], [-121.96301, 37.78366], [-121.96323, 37.78381], [-121.96345, 37.78392], [-121.96363, 37.78398], [-121.96386, 37.78405], [-121.96402, 37.78408], [-121.96419, 37.78412], [-121.96438, 37.78416], [-121.96477, 37.78424], [-121.96502, 37.78433], [-121.9653, 37.78447], [-121.96544, 37.78458], [-121.96566, 37.78477], [-121.96578, 37.78491], [-121.96612, 37.7853], [-121.96676, 37.78601], [-121.96718, 37.78651], [-121.96732, 37.78666], [-121.96739, 37.78679], [-121.96747, 37.78694], [-121.96753, 37.7871], [-121.96755, 37.78724], [-121.96757, 37.78736], [-121.96757, 37.78754], [-121.96757, 37.78774], [-121.96756, 37.78791], [-121.96749, 37.7882], [-121.96743, 37.7884], [-121.96738, 37.78857], [-121.9673, 37.78875], [-121.96719, 37.78898], [-121.9671, 37.78913], [-121.96699, 37.7893], [-121.96688, 37.78943], [-121.96674, 37.78957], [-121.96659, 37.78973], [-121.96642, 37.78986], [-121.96613, 37.79007], [-121.96593, 37.79026], [-121.96573, 37.79049], [-121.96554, 37.79076], [-121.96552, 37.7908], [-121.96545, 37.79095], [-121.96538, 37.79109], [-121.96532, 37.79125], [-121.96527, 37.79151], [-121.96526, 37.79172], [-121.96523, 37.7921], [-121.96511, 37.79248], [-121.96496, 37.79275], [-121.96467, 37.79317], [-121.96435, 37.79363], [-121.96426, 37.79375], [-121.96415, 37.79404], [-121.96413, 37.79407], [-121.96411, 37.79429], [-121.96412, 37.79446], [-121.96248, 37.79451], [-121.96219, 37.79451], [-121.96213, 37.79419], [-121.96214, 37.79393], [-121.96241, 37.79372], [-121.96214, 37.79365], [-121.96182, 37.79353], [-121.96147, 37.79333], [-121.96119, 37.79314], [-121.96101, 37.793], [-121.96083, 37.79307], [-121.96058, 37.79315], [-121.96015, 37.79307], [-121.9598, 37.7931], [-121.95946, 37.79303], [-121.95945, 37.79272], [-121.95889, 37.79247], [-121.95796, 37.79265], [-121.9579, 37.79269], [-121.95785, 37.79303], [-121.95793, 37.79328], [-121.95779, 37.79354], [-121.95754, 37.79356], [-121.95718, 37.79353], [-121.95669, 37.7934], [-121.95684, 37.79306], [-121.95695, 37.79276], [-121.95695, 37.7926], [-121.95656, 37.79235], [-121.95545, 37.79165], [-121.95371, 37.79107], [-121.9534, 37.7915], [-121.95302, 37.79202], [-121.95267, 37.79241], [-121.95257, 37.79274], [-121.95255, 37.79301], [-121.95254, 37.79317], [-121.95249, 37.79331], [-121.95223, 37.79346], [-121.95203, 37.79358], [-121.95188, 37.79361], [-121.95175, 37.79361], [-121.95157, 37.79353], [-121.95132, 37.7933], [-121.95143, 37.79303], [-121.95152, 37.79278], [-121.95153, 37.7926], [-121.95159, 37.79256], [-121.95163, 37.79241], [-121.95183, 37.79201], [-121.95249, 37.79122], [-121.95294, 37.79062], [-121.95275, 37.79041], [-121.95207, 37.79029], [-121.95154, 37.78996], [-121.95131, 37.78943], [-121.95152, 37.78912], [-121.95213, 37.78903], [-121.95246, 37.78956], [-121.95262, 37.78957], [-121.95275, 37.78836], [-121.95272, 37.78802], [-121.95229, 37.78774], [-121.95137, 37.78712], [-121.95124, 37.78692]]]}, "properties": {"name": "Crow Canyon Country Club", "place": "", "kind": "subdivision"}}, {"type": "Feature", "geometry": {"type": "Polygon", "coordinates": [[[-121.89608, 37.75387], [-121.89686, 37.75306], [-121.89708, 37.75286], [-121.89832, 37.75189], [-121.8984, 37.75194], [-121.89867, 37.7522], [-121.89888, 37.75241], [-121.89892, 37.75241], [-121.89913, 37.75263], [-121.89929, 37.7528], [-121.89961, 37.75303], [-121.90009, 37.75358], [-121.89972, 37.75397], [-121.89893, 37.75478], [-121.89868, 37.75505], [-121.89829, 37.75531], [-121.89807, 37.75515], [-121.89787, 37.75504], [-121.89764, 37.75489], [-121.89714, 37.75468], [-121.89685, 37.75454], [-121.89595, 37.75404], [-121.89608, 37.75387]]]}, "properties": {"name": "Montevego", "place": "", "kind": "subdivision"}}, {"type": "Feature", "geometry": {"type": "Polygon", "coordinates": [[[-121.89502, 37.75094], [-121.8956, 37.75057], [-121.89614, 37.75008], [-121.89585, 37.75], [-121.89531, 37.74975], [-121.89491, 37.74962], [-121.89432, 37.74949], [-121.89372, 37.74943], [-121.89307, 37.74942], [-121.89255, 37.74943], [-121.89138, 37.74946], [-121.89016, 37.74948], [-121.89018, 37.75052], [-121.89017, 37.75083], [-121.89107, 37.75082], [-121.89103, 37.75233], [-121.89148, 37.75237], [-121.89156, 37.75123], [-121.89156, 37.75041], [-121.89249, 37.7504], [-121.8936, 37.75039], [-121.89417, 37.75045], [-121.89463, 37.75062], [-121.89502, 37.75094]]]}, "properties": {"name": "Montecito", "place": "", "kind": "subdivision"}}, {"type": "Feature", "geometry": {"type": "Polygon", "coordinates": [[[-121.8935, 37.75372], [-121.89327, 37.75443], [-121.89325, 37.75471], [-121.89339, 37.75511], [-121.89357, 37.75542], [-121.89319, 37.75549], [-121.89256, 37.75552], [-121.89179, 37.75542], [-121.89149, 37.75532], [-121.89086, 37.7551], [-121.89041, 37.7549], [-121.88971, 37.7545], [-121.88962, 37.75444], [-121.88959, 37.7543], [-121.88969, 37.75409], [-121.88987, 37.75372], [-121.89003, 37.7532], [-121.89017, 37.75229], [-121.8902, 37.75206], [-121.89017, 37.75084], [-121.89107, 37.75082], [-121.89103, 37.75233], [-121.89148, 37.75237], [-121.89136, 37.75349], [-121.8935, 37.75372]]]}, "properties": {"name": "La Sera", "place": "", "kind": "subdivision"}}, {"type": "Feature", "geometry": {"type": "Polygon", "coordinates": [[[-121.8933, 37.74754], [-121.89381, 37.74625], [-121.89405, 37.74611], [-121.89383, 37.74592], [-121.89359, 37.74578], [-121.8935, 37.74573], [-121.89331, 37.74569], [-121.89178, 37.74579], [-121.89133, 37.74577], [-121.89088, 37.74566], [-121.89075, 37.74561], [-121.89041, 37.74563], [-121.89041, 37.74558], [-121.89038, 37.74553], [-121.89033, 37.7455], [-121.89025, 37.74549], [-121.89017, 37.74551], [-121.89013, 37.74556], [-121.89013, 37.74561], [-121.89015, 37.74566], [-121.88976, 37.74573], [-121.88996, 37.74627], [-121.89009, 37.74679], [-121.89012, 37.74711], [-121.89011, 37.74796], [-121.8907, 37.74796], [-121.89075, 37.74803], [-121.89093, 37.74803], [-121.89092, 37.7475], [-121.89192, 37.74754], [-121.89274, 37.74747], [-121.8933, 37.74754]]]}, "properties": {"name": "Chantera", "place": "", "kind": "subdivision"}}, {"type": "Feature", "geometry": {"type": "Polygon", "coordinates": [[[-121.89429, 37.749], [-121.89433, 37.74905], [-121.89502, 37.74921], [-121.89549, 37.74937], [-121.89599, 37.74958], [-121.89619, 37.7497], [-121.89657, 37.74994], [-121.89723, 37.74935], [-121.89745, 37.74909], [-121.8975, 37.74891], [-121.8975, 37.74862], [-121.89739, 37.74826], [-121.89722, 37.74804], [-121.89618, 37.74743], [-121.89579, 37.74735], [-121.89548, 37.74713], [-121.89474, 37.74797], [-121.89465, 37.74812], [-121.89432, 37.74876], [-121.89429, 37.749]]]}, "properties": {"name": "Emory", "place": "", "kind": "subdivision"}}, {"type": "Feature", "geometry": {"type": "Polygon", "coordinates": [[[-121.90084, 37.74784], [-121.90089, 37.7478], [-121.9015, 37.74779], [-121.90155, 37.74783], [-121.90163, 37.74788], [-121.90187, 37.74778], [-121.9033, 37.74779], [-121.90366, 37.74798], [-121.90409, 37.74824], [-121.9044, 37.7485], [-121.90401, 37.74884], [-121.90558, 37.75006], [-121.90288, 37.75162], [-121.90275, 37.75127], [-121.90229, 37.75076], [-121.90203, 37.75038], [-121.90245, 37.75015], [-121.90203, 37.74968], [-121.90131, 37.74981], [-121.90084, 37.74784]]]}, "properties": {"name": "Barcella", "place": "", "kind": "subdivision"}}, {"type": "Feature", "geometry": {"type": "Polygon", "coordinates": [[[-121.89871, 37.75169], [-121.89856, 37.75148], [-121.89888, 37.75124], [-121.89907, 37.75112], [-121.89939, 37.75095], [-121.89985, 37.75075], [-121.9011, 37.75055], [-121.90146, 37.75051], [-121.90175, 37.75048], [-121.90202, 37.75038], [-121.90228, 37.75077], [-121.90274, 37.75127], [-121.90287, 37.75162], [-121.90287, 37.75194], [-121.90286, 37.75229], [-121.90277, 37.75277], [-121.90251, 37.75339], [-121.90234, 37.75338], [-121.90227, 37.75364], [-121.90195, 37.75356], [-121.90171, 37.75391], [-121.90107, 37.75362], [-121.9009, 37.75348], [-121.90074, 37.75331], [-121.90022, 37.75291], [-121.89991, 37.75264], [-121.8996, 37.75241], [-121.89936, 37.75225], [-121.8991, 37.75202], [-121.89904, 37.75196], [-121.89871, 37.75169]]]}, "properties": {"name": "Wedgewood", "place": "", "kind": "subdivision"}}, {"type": "Feature", "geometry": {"type": "Polygon", "coordinates": [[[-121.89985, 37.75075], [-121.9011, 37.75055], [-121.90108, 37.75047], [-121.90142, 37.75039], [-121.9013, 37.74981], [-121.90083, 37.74785], [-121.90058, 37.74779], [-121.9, 37.74779], [-121.89974, 37.748], [-121.89953, 37.74824], [-121.89934, 37.74857], [-121.89923, 37.74866], [-121.89908, 37.74877], [-121.89932, 37.74897], [-121.89936, 37.74921], [-121.89941, 37.7493], [-121.89946, 37.74949], [-121.8996, 37.75008], [-121.89968, 37.7504], [-121.89985, 37.75075]]]}, "properties": {"name": "Chambray", "place": "", "kind": "subdivision"}}, {"type": "Feature", "geometry": {"type": "Polygon", "coordinates": [[[-121.88989, 37.76374], [-121.88975, 37.76398], [-121.88969, 37.76414], [-121.88952, 37.76466], [-121.88945, 37.7651], [-121.89053, 37.76517], [-121.89128, 37.76519], [-121.89129, 37.76502], [-121.89121, 37.76497], [-121.89121, 37.76475], [-121.89206, 37.76246], [-121.89154, 37.76233], [-121.89056, 37.76207], [-121.8904, 37.76248], [-121.89069, 37.76255], [-121.8906, 37.76279], [-121.89016, 37.76338], [-121.88987, 37.76326], [-121.88983, 37.76333], [-121.88964, 37.76364], [-121.88989, 37.76374]]]}, "properties": {"name": "Aventura", "place": "", "kind": "subdivision"}}, {"type": "Feature", "geometry": {"type": "Polygon", "coordinates": [[[-121.89202, 37.76205], [-121.89227, 37.76121], [-121.89248, 37.76067], [-121.89272, 37.76026], [-121.89255, 37.76007], [-121.89232, 37.75979], [-121.89184, 37.75964], [-121.89147, 37.75952], [-121.89082, 37.75931], [-121.89047, 37.7592], [-121.89014, 37.75909], [-121.88999, 37.75936], [-121.89003, 37.75971], [-121.88984, 37.76004], [-121.88961, 37.75996], [-121.88937, 37.75989], [-121.8891, 37.75985], [-121.88878, 37.76038], [-121.88839, 37.76087], [-121.88899, 37.76114], [-121.88955, 37.76134], [-121.88989, 37.76148], [-121.8905, 37.76167], [-121.89078, 37.76175], [-121.89106, 37.76182], [-121.89171, 37.76199], [-121.89202, 37.76205]]]}, "properties": {"name": "Lunaria", "place": "", "kind": "subdivision"}}, {"type": "Feature", "geometry": {"type": "Polygon", "coordinates": [[[-121.88768, 37.76097], [-121.88734, 37.76082], [-121.88713, 37.76069], [-121.88692, 37.76053], [-121.8867, 37.76033], [-121.88648, 37.76007], [-121.88633, 37.75984], [-121.88619, 37.75952], [-121.88611, 37.75918], [-121.88607, 37.75885], [-121.88611, 37.75853], [-121.8863, 37.75799], [-121.88648, 37.75771], [-121.88664, 37.75758], [-121.88684, 37.75728], [-121.88676, 37.75725], [-121.88649, 37.7571], [-121.88495, 37.75719], [-121.88471, 37.75715], [-121.88287, 37.75724], [-121.88282, 37.75728], [-121.88284, 37.75758], [-121.88285, 37.75766], [-121.8829, 37.75913], [-121.88291, 37.75989], [-121.88293, 37.76035], [-121.88293, 37.76041], [-121.88293, 37.76047], [-121.88295, 37.76053], [-121.88298, 37.76058], [-121.88303, 37.7606], [-121.88308, 37.7606], [-121.88319, 37.76058], [-121.88357, 37.76055], [-121.88358, 37.76055], [-121.88431, 37.76037], [-121.88516, 37.76043], [-121.88557, 37.76037], [-121.88698, 37.76162], [-121.88707, 37.76166], [-121.88716, 37.7617], [-121.88768, 37.76097]]]}, "properties": {"name": "Waterford", "place": "", "kind": "subdivision"}}, {"type": "Feature", "geometry": {"type": "Polygon", "coordinates": [[[-121.89982, 37.76354], [-121.8996, 37.76351], [-121.89888, 37.76348], [-121.89859, 37.76347], [-121.89811, 37.76344], [-121.89755, 37.76341], [-121.89748, 37.76397], [-121.89744, 37.76485], [-121.89706, 37.76484], [-121.89583, 37.76476], [-121.89431, 37.76443], [-121.89417, 37.76484], [-121.89565, 37.76512], [-121.89619, 37.76518], [-121.89871, 37.76526], [-121.89874, 37.76456], [-121.89978, 37.76456], [-121.89982, 37.76354]]]}, "properties": {"name": "Belrose", "place": "", "kind": "subdivision"}}, {"type": "Feature", "geometry": {"type": "Polygon", "coordinates": [[[-121.89953, 37.76778], [-121.89964, 37.76727], [-121.89969, 37.76598], [-121.8987, 37.76596], [-121.89871, 37.76526], [-121.89619, 37.76518], [-121.89606, 37.76576], [-121.89612, 37.76579], [-121.89587, 37.76615], [-121.89609, 37.76626], [-121.89663, 37.76658], [-121.89714, 37.76691], [-121.89739, 37.76707], [-121.89807, 37.76741], [-121.89847, 37.76756], [-121.8988, 37.76766], [-121.89904, 37.76772], [-121.89953, 37.76778]]]}, "properties": {"name": "Fiore", "place": "", "kind": "subdivision"}}, {"type": "Feature", "geometry": {"type": "Polygon", "coordinates": [[[-121.90383, 37.76476], [-121.90379, 37.7646], [-121.90363, 37.76372], [-121.90362, 37.76366], [-121.90347, 37.76367], [-121.90337, 37.76368], [-121.90336, 37.76365], [-121.90335, 37.76364], [-121.90333, 37.76361], [-121.90335, 37.76356], [-121.90335, 37.76337], [-121.90327, 37.76334], [-121.9031, 37.76333], [-121.90241, 37.76333], [-121.9021, 37.76335], [-121.90162, 37.76343], [-121.90115, 37.76349], [-121.90083, 37.76353], [-121.90044, 37.76355], [-121.90003, 37.76355], [-121.89983, 37.76354], [-121.89978, 37.76456], [-121.90058, 37.7646], [-121.90056, 37.76533], [-121.90126, 37.76535], [-121.90126, 37.76559], [-121.90186, 37.7656], [-121.9021, 37.76556], [-121.90252, 37.76546], [-121.90286, 37.76534], [-121.90336, 37.7651], [-121.90383, 37.76476]]]}, "properties": {"name": "Montage", "place": "", "kind": "subdivision"}}, {"type": "Feature", "geometry": {"type": "Polygon", "coordinates": [[[-121.89953, 37.76778], [-121.89985, 37.76783], [-121.90017, 37.76784], [-121.90036, 37.76784], [-121.90056, 37.76784], [-121.901, 37.76781], [-121.90138, 37.76775], [-121.90184, 37.76765], [-121.90217, 37.76757], [-121.90294, 37.76731], [-121.90359, 37.76712], [-121.90399, 37.76697], [-121.90455, 37.76669], [-121.90456, 37.7666], [-121.90444, 37.76647], [-121.90447, 37.76637], [-121.90462, 37.76633], [-121.90469, 37.76628], [-121.90439, 37.76583], [-121.90415, 37.76533], [-121.90394, 37.76476], [-121.90383, 37.76476], [-121.90336, 37.7651], [-121.90286, 37.76534], [-121.90252, 37.76547], [-121.9021, 37.76556], [-121.90186, 37.7656], [-121.90126, 37.76559], [-121.90126, 37.76535], [-121.90056, 37.76533], [-121.90054, 37.76598], [-121.89969, 37.76598], [-121.89967, 37.76656], [-121.89964, 37.76727], [-121.89953, 37.76778]]]}, "properties": {"name": "Taramea", "place": "", "kind": "subdivision"}}, {"type": "Feature", "geometry": {"type": "Polygon", "coordinates": [[[-121.90408, 37.76153], [-121.90393, 37.76217], [-121.90384, 37.76249], [-121.90373, 37.7626], [-121.90373, 37.76264], [-121.90371, 37.76268], [-121.90368, 37.76272], [-121.90362, 37.76274], [-121.90358, 37.76275], [-121.90354, 37.76275], [-121.90309, 37.76293], [-121.90295, 37.76293], [-121.90266, 37.76293], [-121.90243, 37.76294], [-121.90213, 37.76296], [-121.90172, 37.76301], [-121.90123, 37.76306], [-121.90106, 37.7631], [-121.90085, 37.76313], [-121.90053, 37.76315], [-121.90044, 37.76309], [-121.9004, 37.76311], [-121.90038, 37.76312], [-121.90036, 37.76313], [-121.90032, 37.76313], [-121.90027, 37.76312], [-121.90023, 37.7631], [-121.90019, 37.76315], [-121.89992, 37.76313], [-121.8998, 37.76173], [-121.90008, 37.7617], [-121.90048, 37.76167], [-121.90087, 37.76163], [-121.90108, 37.76161], [-121.90123, 37.7616], [-121.90134, 37.76158], [-121.90148, 37.76155], [-121.90157, 37.76152], [-121.90212, 37.76129], [-121.90263, 37.76131], [-121.90408, 37.76153]]]}, "properties": {"name": "Amberley", "place": "", "kind": "subdivision"}}, {"type": "Feature", "geometry": {"type": "Polygon", "coordinates": [[[-121.90212, 37.76129], [-121.90216, 37.7612], [-121.90221, 37.76107], [-121.90229, 37.76094], [-121.90238, 37.76072], [-121.90249, 37.76045], [-121.90257, 37.76025], [-121.90266, 37.76004], [-121.90274, 37.75985], [-121.90285, 37.75967], [-121.90298, 37.75948], [-121.90325, 37.75928], [-121.90348, 37.75916], [-121.90378, 37.75906], [-121.90402, 37.75903], [-121.90443, 37.75906], [-121.90465, 37.7591], [-121.90474, 37.75913], [-121.90496, 37.75925], [-121.90471, 37.75965], [-121.90445, 37.76025], [-121.90429, 37.76069], [-121.90419, 37.76119], [-121.90408, 37.76153], [-121.90263, 37.7613], [-121.90212, 37.76129]]]}, "properties": {"name": "Canadoro", "place": "", "kind": "subdivision"}}]}