{"type": "FeatureCollection", "norm": {"lst": [41.8944, 51.11], "green": [0.0, 37.6302], "ac": [80.9, 99.9784], "pct65": [5.5357, 47.2469], "pop": [1.0, 630.64]}, "metadata": {"schema_version": 3, "acs_year": 2024, "lace_year": 2023, "canopy_baseline_min_coverage": 0.99}, "features": [{"type": "Feature", "properties": {"id": 0, "name": "Wendt Ranch", "lst": 44.6, "green": 26.72, "pop": 0, "pct65": 12.3, "ac": 65.07, "holc": null, "access_min": 14.3, "access_km": 1.14, "score": null, "rank": null, "area_m2": 109952, "street_m": 0, "canopy_m2": 29290.0, "row_m2": 0.0, "row_canopy": 0.0, "veg": 21.2, "place": "empty", "land": "grassland", "green_src": "canopy", "canopy_source": "usfs-2022", "canopy_year": "2022", "assessed_m2": 109625.4, "coverage_frac": 0.9964812877609864, "canopy_quality": "full", "scenario_ok": false, "canopy_baseline_ok": true, "ac_src": "income-model", "ac_coverage": null, "acs_year": 2024, "access_snap_m": 703.0, "access_quality": "approach-review", "access_src": "routed"}, "geometry": {"type": "Polygon", "coordinates": [[[-121.87932, 37.78139], [-121.87823, 37.78307], [-121.87949, 37.78459], [-121.88183, 37.78442], [-121.88291, 37.78274], [-121.88166, 37.78122], [-121.87932, 37.78139]]]}}, {"type": "Feature", "properties": {"id": 1, "name": "Monterosso SE 2", "lst": 47.47, "green": 0.0, "pop": 0, "pct65": 12.3, "ac": 65.07, "holc": null, "access_min": 18.6, "access_km": 1.49, "score": null, "rank": null, "area_m2": 109956, "street_m": 0, "canopy_m2": 0.0, "row_m2": 0.0, "row_canopy": 0.0, "veg": 13.2, "place": "empty", "land": "grassland", "green_src": "canopy", "canopy_source": "usfs-2022", "canopy_year": "2022", "assessed_m2": 787.68, "coverage_frac": 0.0071596380500554, "canopy_quality": "partial", "scenario_ok": false, "canopy_baseline_ok": false, "ac_src": "income-model", "ac_coverage": null, "acs_year": 2024, "access_snap_m": 996.0, "access_quality": "approach-review", "access_src": "routed"}, "geometry": {"type": "Polygon", "coordinates": [[[-121.87914, 37.7782], [-121.87806, 37.77988], [-121.87932, 37.78139], [-121.88166, 37.78122], [-121.88274, 37.77954], [-121.88148, 37.77803], [-121.87914, 37.7782]]]}}, {"type": "Feature", "properties": {"id": 2, "name": "Monterosso SE", "lst": 47.5, "green": 14.82, "pop": 0, "pct65": 12.3, "ac": 65.07, "holc": null, "access_min": 46.9, "access_km": 3.75, "score": null, "rank": null, "area_m2": 109951, "street_m": 0, "canopy_m2": 6510.0, "row_m2": 0.0, "row_canopy": 0.0, "veg": 16.0, "place": "empty", "land": "grassland", "green_src": "canopy", "canopy_source": "usfs-2022", "canopy_year": "2022", "assessed_m2": 43931.52, "coverage_frac": 0.3993363051357782, "canopy_quality": "partial", "scenario_ok": false, "canopy_baseline_ok": false, "ac_src": "income-model", "ac_coverage": null, "acs_year": 2024, "access_snap_m": 668.0, "access_quality": "approach-review", "access_src": "routed"}, "geometry": {"type": "Polygon", "coordinates": [[[-121.88274, 37.77954], [-121.88166, 37.78122], [-121.88291, 37.78274], [-121.88525, 37.78257], [-121.88634, 37.78089], [-121.88508, 37.77938], [-121.88274, 37.77954]]]}}, {"type": "Feature", "properties": {"id": 3, "name": "Monterosso SW 2", "lst": 47.3, "green": 0.58, "pop": 0, "pct65": 12.3, "ac": 65.07, "holc": null, "access_min": 46.2, "access_km": 3.7, "score": null, "rank": null, "area_m2": 109918, "street_m": 0, "canopy_m2": 634.0, "row_m2": 0.0, "row_canopy": 0.0, "veg": 12.4, "place": "empty", "land": "grassland", "green_src": "canopy", "canopy_source": "usfs-2022", "canopy_year": "2022", "assessed_m2": 109976.4, "coverage_frac": 0.9999770638412524, "canopy_quality": "full", "scenario_ok": false, "canopy_baseline_ok": true, "ac_src": "income-model", "ac_coverage": null, "acs_year": 2024, "access_snap_m": 242.0, "access_quality": "approach-review", "access_src": "routed"}, "geometry": {"type": "Polygon", "coordinates": [[[-121.90432, 37.78761], [-121.90323, 37.78929], [-121.90449, 37.7908], [-121.90683, 37.79064], [-121.90791, 37.78895], [-121.90666, 37.78744], [-121.90432, 37.78761]]]}}, {"type": "Feature", "properties": {"id": 4, "name": "Carlyle NE 2", "lst": 46.81, "green": 0.35, "pop": 0, "pct65": 12.3, "ac": 65.07, "holc": null, "access_min": 45.3, "access_km": 3.63, "score": null, "rank": null, "area_m2": 109969, "street_m": 0, "canopy_m2": 387.0, "row_m2": 0.0, "row_canopy": 0.0, "veg": 12.5, "place": "empty", "land": "grassland", "green_src": "canopy", "canopy_source": "chm-legacy", "canopy_year": "2009-2020", "assessed_m2": null, "coverage_frac": null, "canopy_quality": "coverage-unknown", "scenario_ok": false, "canopy_baseline_ok": false, "ac_src": "income-model", "ac_coverage": null, "acs_year": 2024, "access_snap_m": 983.0, "access_quality": "approach-review", "access_src": "routed"}, "geometry": {"type": "Polygon", "coordinates": [[[-121.87863, 37.76862], [-121.87754, 37.7703], [-121.8788, 37.77181], [-121.88114, 37.77164], [-121.88222, 37.76996], [-121.88097, 37.76845], [-121.87863, 37.76862]]]}}, {"type": "Feature", "properties": {"id": 5, "name": "Waterford NE 3", "lst": 48.17, "green": 0.3, "pop": 0, "pct65": 12.3, "ac": 65.07, "holc": null, "access_min": 43.6, "access_km": 3.49, "score": null, "rank": null, "area_m2": 109973, "street_m": 0, "canopy_m2": 334.0, "row_m2": 0.0, "row_canopy": 0.0, "veg": 13.0, "place": "empty", "land": "grassland", "green_src": "canopy", "canopy_source": "chm-legacy", "canopy_year": "2009-2020", "assessed_m2": null, "coverage_frac": null, "canopy_quality": "coverage-unknown", "scenario_ok": false, "canopy_baseline_ok": false, "ac_src": "income-model", "ac_coverage": null, "acs_year": 2024, "access_snap_m": 838.0, "access_quality": "approach-review", "access_src": "routed"}, "geometry": {"type": "Polygon", "coordinates": [[[-121.87846, 37.76542], [-121.87737, 37.76711], [-121.87863, 37.76862], [-121.88097, 37.76845], [-121.88205, 37.76677], [-121.8808, 37.76526], [-121.87846, 37.76542]]]}}, {"type": "Feature", "properties": {"id": 6, "name": "Aventura NE 5", "lst": 47.04, "green": 0.0, "pop": 0, "pct65": 12.3, "ac": 65.07, "holc": null, "access_min": 47.3, "access_km": 3.78, "score": null, "rank": null, "area_m2": 109959, "street_m": 0, "canopy_m2": 0.0, "row_m2": 0.0, "row_canopy": 0.0, "veg": 12.1, "place": "empty", "land": "grassland", "green_src": "canopy", "canopy_source": "chm-legacy", "canopy_year": "2009-2020", "assessed_m2": null, "coverage_frac": null, "canopy_quality": "coverage-unknown", "scenario_ok": false, "canopy_baseline_ok": false, "ac_src": "income-model", "ac_coverage": null, "acs_year": 2024, "access_snap_m": 698.0, "access_quality": "approach-review", "access_src": "routed"}, "geometry": {"type": "Polygon", "coordinates": [[[-121.8824, 37.77316], [-121.88131, 37.77484], [-121.88257, 37.77635], [-121.88491, 37.77618], [-121.88599, 37.7745], [-121.88474, 37.77299], [-121.8824, 37.77316]]]}}, {"type": "Feature", "properties": {"id": 7, "name": "Aventura N 4", "lst": 49.17, "green": 0.0, "pop": 0, "pct65": 12.3, "ac": 65.07, "holc": null, "access_min": 41.9, "access_km": 3.35, "score": null, "rank": null, "area_m2": 109954, "street_m": 0, "canopy_m2": 0.0, "row_m2": 0.0, "row_canopy": 0.0, "veg": 11.4, "place": "empty", "land": "grassland", "green_src": "canopy", "canopy_source": "chm-legacy", "canopy_year": "2009-2020", "assessed_m2": null, "coverage_frac": null, "canopy_quality": "coverage-unknown", "scenario_ok": false, "canopy_baseline_ok": false, "ac_src": "income-model", "ac_coverage": null, "acs_year": 2024, "access_snap_m": 622.0, "access_quality": "approach-review", "access_src": "routed"}, "geometry": {"type": "Polygon", "coordinates": [[[-121.88599, 37.7745], [-121.88491, 37.77618], [-121.88616, 37.7777], [-121.8885, 37.77753], [-121.88959, 37.77585], [-121.88833, 37.77433], [-121.88599, 37.7745]]]}}, {"type": "Feature", "properties": {"id": 8, "name": "Aventura NE 7", "lst": 45.36, "green": 0.0, "pop": 0, "pct65": 12.3, "ac": 65.07, "holc": null, "access_min": 49.9, "access_km": 4.0, "score": null, "rank": null, "area_m2": 109960, "street_m": 0, "canopy_m2": 0.0, "row_m2": 0.0, "row_canopy": 0.0, "veg": 13.2, "place": "empty", "land": "grassland", "green_src": "canopy", "canopy_source": "chm-legacy", "canopy_year": "2009-2020", "assessed_m2": null, "coverage_frac": null, "canopy_quality": "coverage-unknown", "scenario_ok": false, "canopy_baseline_ok": false, "ac_src": "income-model", "ac_coverage": null, "acs_year": 2024, "access_snap_m": 914.0, "access_quality": "approach-review", "access_src": "routed"}, "geometry": {"type": "Polygon", "coordinates": [[[-121.87897, 37.77501], [-121.87789, 37.77669], [-121.87914, 37.7782], [-121.88148, 37.77803], [-121.88257, 37.77635], [-121.88131, 37.77484], [-121.87897, 37.77501]]]}}, {"type": "Feature", "properties": {"id": 9, "name": "Aventura N 5", "lst": 49.02, "green": 0.0, "pop": 0, "pct65": 12.3, "ac": 65.07, "holc": null, "access_min": 45.8, "access_km": 3.67, "score": null, "rank": null, "area_m2": 109955, "street_m": 0, "canopy_m2": 0.0, "row_m2": 0.0, "row_canopy": 0.0, "veg": 12.1, "place": "empty", "land": "grassland", "green_src": "canopy", "canopy_source": "chm-legacy", "canopy_year": "2009-2020", "assessed_m2": null, "coverage_frac": null, "canopy_quality": "coverage-unknown", "scenario_ok": false, "canopy_baseline_ok": false, "ac_src": "income-model", "ac_coverage": null, "acs_year": 2024, "access_snap_m": 584.0, "access_quality": "approach-review", "access_src": "routed"}, "geometry": {"type": "Polygon", "coordinates": [[[-121.88257, 37.77635], [-121.88148, 37.77803], [-121.88274, 37.77954], [-121.88508, 37.77938], [-121.88616, 37.7777], [-121.88491, 37.77618], [-121.88257, 37.77635]]]}}, {"type": "Feature", "properties": {"id": 10, "name": "Aventura NE 4", "lst": 47.05, "green": 0.0, "pop": 0, "pct65": 12.3, "ac": 65.07, "holc": null, "access_min": 43.6, "access_km": 3.49, "score": null, "rank": null, "area_m2": 109964, "street_m": 0, "canopy_m2": 0.0, "row_m2": 0.0, "row_canopy": 0.0, "veg": 11.6, "place": "empty", "land": "grassland", "green_src": "canopy", "canopy_source": "chm-legacy", "canopy_year": "2009-2020", "assessed_m2": null, "coverage_frac": null, "canopy_quality": "coverage-unknown", "scenario_ok": false, "canopy_baseline_ok": false, "ac_src": "income-model", "ac_coverage": null, "acs_year": 2024, "access_snap_m": 850.0, "access_quality": "approach-review", "access_src": "routed"}, "geometry": {"type": "Polygon", "coordinates": [[[-121.88222, 37.76996], [-121.88114, 37.77164], [-121.8824, 37.77316], [-121.88474, 37.77299], [-121.88582, 37.77131], [-121.88456, 37.7698], [-121.88222, 37.76996]]]}}, {"type": "Feature", "properties": {"id": 11, "name": "Aventura N 3", "lst": 48.97, "green": 0.0, "pop": 0, "pct65": 12.3, "ac": 65.07, "holc": null, "access_min": 43.1, "access_km": 3.45, "score": null, "rank": null, "area_m2": 109958, "street_m": 0, "canopy_m2": 0.0, "row_m2": 0.0, "row_canopy": 0.0, "veg": 13.4, "place": "empty", "land": "grassland", "green_src": "canopy", "canopy_source": "chm-legacy", "canopy_year": "2009-2020", "assessed_m2": null, "coverage_frac": null, "canopy_quality": "coverage-unknown", "scenario_ok": false, "canopy_baseline_ok": false, "ac_src": "income-model", "ac_coverage": null, "acs_year": 2024, "access_snap_m": 749.0, "access_quality": "approach-review", "access_src": "routed"}, "geometry": {"type": "Polygon", "coordinates": [[[-121.88582, 37.77131], [-121.88474, 37.77299], [-121.88599, 37.7745], [-121.88833, 37.77433], [-121.88941, 37.77265], [-121.88816, 37.77114], [-121.88582, 37.77131]]]}}, {"type": "Feature", "properties": {"id": 12, "name": "Aventura NE 6", "lst": 45.51, "green": 0.0, "pop": 0, "pct65": 12.3, "ac": 65.07, "holc": null, "access_min": 48.4, "access_km": 3.87, "score": null, "rank": null, "area_m2": 109965, "street_m": 0, "canopy_m2": 0.0, "row_m2": 0.0, "row_canopy": 0.0, "veg": 12.3, "place": "empty", "land": "grassland", "green_src": "canopy", "canopy_source": "chm-legacy", "canopy_year": "2009-2020", "assessed_m2": null, "coverage_frac": null, "canopy_quality": "coverage-unknown", "scenario_ok": false, "canopy_baseline_ok": false, "ac_src": "income-model", "ac_coverage": null, "acs_year": 2024, "access_snap_m": 1169.0, "access_quality": "approach-review", "access_src": "routed"}, "geometry": {"type": "Polygon", "coordinates": [[[-121.8788, 37.77181], [-121.87772, 37.77349], [-121.87897, 37.77501], [-121.88131, 37.77484], [-121.8824, 37.77316], [-121.88114, 37.77164], [-121.8788, 37.77181]]]}}, {"type": "Feature", "properties": {"id": 13, "name": "Waterford E 2", "lst": 49.12, "green": 0.0, "pop": 0, "pct65": 12.3, "ac": 65.07, "holc": null, "access_min": 42.5, "access_km": 3.4, "score": null, "rank": null, "area_m2": 109982, "street_m": 0, "canopy_m2": 0.0, "row_m2": 0.0, "row_canopy": 0.0, "veg": 11.6, "place": "empty", "land": "grassland", "green_src": "canopy", "canopy_source": "usfs-2022", "canopy_year": "2022", "assessed_m2": 2018.88, "coverage_frac": 0.0183464308675505, "canopy_quality": "partial", "scenario_ok": false, "canopy_baseline_ok": false, "ac_src": "income-model", "ac_coverage": null, "acs_year": 2024, "access_snap_m": 585.0, "access_quality": "approach-review", "access_src": "routed"}, "geometry": {"type": "Polygon", "coordinates": [[[-121.87811, 37.75904], [-121.87703, 37.76072], [-121.87828, 37.76223], [-121.88062, 37.76206], [-121.88171, 37.76038], [-121.88045, 37.75887], [-121.87811, 37.75904]]]}}, {"type": "Feature", "properties": {"id": 14, "name": "Waterford NE", "lst": 48.34, "green": 37.73, "pop": 0, "pct65": 12.3, "ac": 65.07, "holc": null, "access_min": 38.2, "access_km": 3.06, "score": null, "rank": null, "area_m2": 109976, "street_m": 124, "canopy_m2": 1223.0, "row_m2": 497.0, "row_canopy": 30.4, "veg": 11.6, "place": "activity", "land": null, "green_src": "canopy", "canopy_source": "usfs-2022", "canopy_year": "2022", "assessed_m2": 3240.0, "coverage_frac": 0.0294447180592412, "canopy_quality": "partial", "scenario_ok": true, "canopy_baseline_ok": false, "ac_src": "income-model", "ac_coverage": null, "acs_year": 2024, "access_snap_m": 396.0, "access_quality": "approach-review", "access_src": "routed"}, "geometry": {"type": "Polygon", "coordinates": [[[-121.88171, 37.76038], [-121.88062, 37.76206], [-121.88188, 37.76358], [-121.88422, 37.76341], [-121.8853, 37.76173], [-121.88405, 37.76021], [-121.88171, 37.76038]]]}}, {"type": "Feature", "properties": {"id": 15, "name": "Waterford NE 2", "lst": 49.32, "green": 0.0, "pop": 0, "pct65": 12.3, "ac": 65.07, "holc": null, "access_min": 43.9, "access_km": 3.51, "score": null, "rank": null, "area_m2": 109978, "street_m": 0, "canopy_m2": 0.0, "row_m2": 0.0, "row_canopy": 0.0, "veg": 13.1, "place": "empty", "land": "grassland", "green_src": "canopy", "canopy_source": "chm-legacy", "canopy_year": "2009-2020", "assessed_m2": null, "coverage_frac": null, "canopy_quality": "coverage-unknown", "scenario_ok": false, "canopy_baseline_ok": false, "ac_src": "income-model", "ac_coverage": null, "acs_year": 2024, "access_snap_m": 697.0, "access_quality": "approach-review", "access_src": "routed"}, "geometry": {"type": "Polygon", "coordinates": [[[-121.87828, 37.76223], [-121.8772, 37.76391], [-121.87846, 37.76542], [-121.8808, 37.76526], [-121.88188, 37.76358], [-121.88062, 37.76206], [-121.87828, 37.76223]]]}}, {"type": "Feature", "properties": {"id": 16, "name": "Waterford E 3", "lst": 49.23, "green": 0.0, "pop": 0, "pct65": 12.3, "ac": 65.07, "holc": null, "access_min": 41.6, "access_km": 3.33, "score": null, "rank": null, "area_m2": 109986, "street_m": 0, "canopy_m2": 0.0, "row_m2": 0.0, "row_canopy": 0.0, "veg": 12.4, "place": "empty", "land": "grassland", "green_src": "canopy", "canopy_source": "usfs-2022", "canopy_year": "2022", "assessed_m2": 23111.64, "coverage_frac": 0.2100173460883701, "canopy_quality": "partial", "scenario_ok": false, "canopy_baseline_ok": false, "ac_src": "income-model", "ac_coverage": null, "acs_year": 2024, "access_snap_m": 442.0, "access_quality": "approach-review", "access_src": "routed"}, "geometry": {"type": "Polygon", "coordinates": [[[-121.87794, 37.75584], [-121.87685, 37.75752], [-121.87811, 37.75904], [-121.88045, 37.75887], [-121.88153, 37.75719], [-121.88028, 37.75568], [-121.87794, 37.75584]]]}}, {"type": "Feature", "properties": {"id": 17, "name": "Waterford E", "lst": 48.29, "green": 7.46, "pop": 148, "pct65": 13.4, "ac": 100.0, "holc": null, "access_min": 38.0, "access_km": 3.04, "score": 72.5, "rank": 56.0, "area_m2": 109981, "street_m": 638, "canopy_m2": 6882.0, "row_m2": 5757.0, "row_canopy": 27.6, "veg": 13.4, "place": "res", "land": null, "green_src": "canopy", "canopy_source": "usfs-2022", "canopy_year": "2022", "assessed_m2": 92204.64, "coverage_frac": 0.8379121425731548, "canopy_quality": "partial", "scenario_ok": true, "canopy_baseline_ok": false, "ac_src": "lace", "ac_coverage": 1.0, "acs_year": 2024, "access_snap_m": 285.0, "access_quality": "approach-review", "access_src": "routed"}, "geometry": {"type": "Polygon", "coordinates": [[[-121.88153, 37.75719], [-121.88045, 37.75887], [-121.88171, 37.76038], [-121.88405, 37.76021], [-121.88513, 37.75853], [-121.88387, 37.75702], [-121.88153, 37.75719]]]}}, {"type": "Feature", "properties": {"id": 18, "name": "Aventura NE", "lst": 46.08, "green": 0.21, "pop": 0, "pct65": 12.3, "ac": 65.07, "holc": null, "access_min": 36.2, "access_km": 2.9, "score": null, "rank": null, "area_m2": 109967, "street_m": 0, "canopy_m2": 227.0, "row_m2": 0.0, "row_canopy": 0.0, "veg": 12.6, "place": "empty", "land": "grassland", "green_src": "canopy", "canopy_source": "chm-legacy", "canopy_year": "2009-2020", "assessed_m2": null, "coverage_frac": null, "canopy_quality": "coverage-unknown", "scenario_ok": false, "canopy_baseline_ok": false, "ac_src": "income-model", "ac_coverage": null, "acs_year": 2024, "access_snap_m": 254.0, "access_quality": "approach-review", "access_src": "routed"}, "geometry": {"type": "Polygon", "coordinates": [[[-121.88547, 37.76492], [-121.88439, 37.7666], [-121.88565, 37.76812], [-121.88799, 37.76795], [-121.88907, 37.76627], [-121.88781, 37.76475], [-121.88547, 37.76492]]]}}, {"type": "Feature", "properties": {"id": 19, "name": "Aventura N", "lst": 49.18, "green": 0.85, "pop": 0, "pct65": 12.3, "ac": 65.07, "holc": null, "access_min": 35.3, "access_km": 2.83, "score": null, "rank": null, "area_m2": 109961, "street_m": 0, "canopy_m2": 935.0, "row_m2": 0.0, "row_canopy": 0.0, "veg": 13.2, "place": "empty", "land": "grassland", "green_src": "canopy", "canopy_source": "chm-legacy", "canopy_year": "2009-2020", "assessed_m2": null, "coverage_frac": null, "canopy_quality": "coverage-unknown", "scenario_ok": false, "canopy_baseline_ok": false, "ac_src": "income-model", "ac_coverage": null, "acs_year": 2024, "access_snap_m": 275.0, "access_quality": "approach-review", "access_src": "routed"}, "geometry": {"type": "Polygon", "coordinates": [[[-121.88907, 37.76627], [-121.88799, 37.76795], [-121.88924, 37.76946], [-121.89158, 37.76929], [-121.89267, 37.76761], [-121.89141, 37.7661], [-121.88907, 37.76627]]]}}, {"type": "Feature", "properties": {"id": 20, "name": "Aventura NE 3", "lst": 45.35, "green": 0.03, "pop": 0, "pct65": 12.3, "ac": 65.07, "holc": null, "access_min": 40.8, "access_km": 3.26, "score": null, "rank": null, "area_m2": 109968, "street_m": 0, "canopy_m2": 34.0, "row_m2": 0.0, "row_canopy": 0.0, "veg": 12.7, "place": "empty", "land": "grassland", "green_src": "canopy", "canopy_source": "chm-legacy", "canopy_year": "2009-2020", "assessed_m2": null, "coverage_frac": null, "canopy_quality": "coverage-unknown", "scenario_ok": false, "canopy_baseline_ok": false, "ac_src": "income-model", "ac_coverage": null, "acs_year": 2024, "access_snap_m": 618.0, "access_quality": "approach-review", "access_src": "routed"}, "geometry": {"type": "Polygon", "coordinates": [[[-121.88205, 37.76677], [-121.88097, 37.76845], [-121.88222, 37.76996], [-121.88456, 37.7698], [-121.88565, 37.76812], [-121.88439, 37.7666], [-121.88205, 37.76677]]]}}, {"type": "Feature", "properties": {"id": 21, "name": "Aventura NE 2", "lst": 47.73, "green": 0.0, "pop": 0, "pct65": 12.3, "ac": 65.07, "holc": null, "access_min": 39.1, "access_km": 3.13, "score": null, "rank": null, "area_m2": 109962, "street_m": 0, "canopy_m2": 0.0, "row_m2": 0.0, "row_canopy": 0.0, "veg": 12.4, "place": "empty", "land": "grassland", "green_src": "canopy", "canopy_source": "chm-legacy", "canopy_year": "2009-2020", "assessed_m2": null, "coverage_frac": null, "canopy_quality": "coverage-unknown", "scenario_ok": false, "canopy_baseline_ok": false, "ac_src": "income-model", "ac_coverage": null, "acs_year": 2024, "access_snap_m": 516.0, "access_quality": "approach-review", "access_src": "routed"}, "geometry": {"type": "Polygon", "coordinates": [[[-121.88565, 37.76812], [-121.88456, 37.7698], [-121.88582, 37.77131], [-121.88816, 37.77114], [-121.88924, 37.76946], [-121.88799, 37.76795], [-121.88565, 37.76812]]]}}, {"type": "Feature", "properties": {"id": 22, "name": "Carlyle", "lst": 46.01, "green": 20.97, "pop": 125, "pct65": 8.9, "ac": 98.56, "holc": null, "access_min": 35.1, "access_km": 2.8, "score": 40.2, "rank": 280.0, "area_m2": 109971, "street_m": 861, "canopy_m2": 6455.0, "row_m2": 5574.0, "row_canopy": 26.6, "veg": 16.6, "place": "res", "land": null, "green_src": "canopy", "canopy_source": "usfs-2022", "canopy_year": "2022", "assessed_m2": 30788.28, "coverage_frac": 0.279813799134967, "canopy_quality": "partial", "scenario_ok": true, "canopy_baseline_ok": false, "ac_src": "lace", "ac_coverage": 1.0, "acs_year": 2024, "access_snap_m": 193.0, "access_quality": "approach-review", "access_src": "routed"}, "geometry": {"type": "Polygon", "coordinates": [[[-121.8853, 37.76173], [-121.88422, 37.76341], [-121.88547, 37.76492], [-121.88781, 37.76475], [-121.8889, 37.76307], [-121.88764, 37.76156], [-121.8853, 37.76173]]]}}, {"type": "Feature", "properties": {"id": 23, "name": "Aventura", "lst": 46.83, "green": 14.75, "pop": 294, "pct65": 6.5, "ac": 98.3, "holc": null, "access_min": 32.2, "access_km": 2.57, "score": 60.2, "rank": 127.0, "area_m2": 109966, "street_m": 1378, "canopy_m2": 11667.0, "row_m2": 13213.0, "row_canopy": 18.2, "veg": 22.0, "place": "res", "land": null, "green_src": "canopy", "canopy_source": "usfs-2022", "canopy_year": "2022", "assessed_m2": 79109.28, "coverage_frac": 0.7190058875130269, "canopy_quality": "partial", "scenario_ok": true, "canopy_baseline_ok": false, "ac_src": "lace", "ac_coverage": 1.0, "acs_year": 2024, "access_snap_m": 96.0, "access_quality": "network-estimate", "access_src": "routed"}, "geometry": {"type": "Polygon", "coordinates": [[[-121.8889, 37.76307], [-121.88781, 37.76475], [-121.88907, 37.76627], [-121.89141, 37.7661], [-121.89249, 37.76442], [-121.89124, 37.7629], [-121.8889, 37.76307]]]}}, {"type": "Feature", "properties": {"id": 24, "name": "Carlyle NE", "lst": 45.53, "green": 0.0, "pop": 0, "pct65": 12.3, "ac": 65.07, "holc": null, "access_min": 39.5, "access_km": 3.16, "score": null, "rank": null, "area_m2": 109972, "street_m": 0, "canopy_m2": 0.0, "row_m2": 0.0, "row_canopy": 0.0, "veg": 12.2, "place": "empty", "land": "grassland", "green_src": "canopy", "canopy_source": "chm-legacy", "canopy_year": "2009-2020", "assessed_m2": null, "coverage_frac": null, "canopy_quality": "coverage-unknown", "scenario_ok": false, "canopy_baseline_ok": false, "ac_src": "income-model", "ac_coverage": null, "acs_year": 2024, "access_snap_m": 510.0, "access_quality": "approach-review", "access_src": "routed"}, "geometry": {"type": "Polygon", "coordinates": [[[-121.88188, 37.76358], [-121.8808, 37.76526], [-121.88205, 37.76677], [-121.88439, 37.7666], [-121.88547, 37.76492], [-121.88422, 37.76341], [-121.88188, 37.76358]]]}}, {"type": "Feature", "properties": {"id": 25, "name": "Solaire & Belvedere NE 2", "lst": 47.33, "green": 14.25, "pop": 79, "pct65": 13.1, "ac": 100.0, "holc": null, "access_min": 25.8, "access_km": 2.06, "score": 54.5, "rank": 175.0, "area_m2": 109936, "street_m": 345, "canopy_m2": 9748.0, "row_m2": 2836.0, "row_canopy": 7.4, "veg": 19.7, "place": "res", "land": null, "green_src": "canopy", "canopy_source": "usfs-2022", "canopy_year": "2022", "assessed_m2": 68392.08, "coverage_frac": 0.6217630151560053, "canopy_quality": "partial", "scenario_ok": true, "canopy_baseline_ok": false, "ac_src": "lace", "ac_coverage": 1.0, "acs_year": 2024, "access_snap_m": 178.0, "access_quality": "approach-review", "access_src": "routed"}, "geometry": {"type": "Polygon", "coordinates": [[[-121.9002, 37.77669], [-121.89912, 37.77837], [-121.90038, 37.77988], [-121.90271, 37.77971], [-121.9038, 37.77803], [-121.90254, 37.77652], [-121.9002, 37.77669]]]}}, {"type": "Feature", "properties": {"id": 26, "name": "Avanti E", "lst": 50.2, "green": 2.39, "pop": 19, "pct65": 11.8, "ac": 99.3, "holc": null, "access_min": 23.7, "access_km": 1.9, "score": 75.5, "rank": 36.0, "area_m2": 109931, "street_m": 38, "canopy_m2": 2628.0, "row_m2": 438.0, "row_canopy": 28.3, "veg": 13.0, "place": "res", "land": null, "green_src": "canopy", "canopy_source": "usfs-2022", "canopy_year": "2022", "assessed_m2": 109989.0, "coverage_frac": 0.9999761907898734, "canopy_quality": "full", "scenario_ok": true, "canopy_baseline_ok": true, "ac_src": "lace", "ac_coverage": 1.0, "acs_year": 2024, "access_snap_m": 292.0, "access_quality": "approach-review", "access_src": "routed"}, "geometry": {"type": "Polygon", "coordinates": [[[-121.9038, 37.77803], [-121.90271, 37.77971], [-121.90397, 37.78122], [-121.90631, 37.78106], [-121.90739, 37.77938], [-121.90614, 37.77786], [-121.9038, 37.77803]]]}}, {"type": "Feature", "properties": {"id": 27, "name": "Solaire & Belvedere NE 3", "lst": 45.99, "green": 24.63, "pop": 135, "pct65": 13.3, "ac": 100.0, "holc": null, "access_min": 31.9, "access_km": 2.56, "score": 39.5, "rank": 285.0, "area_m2": 109938, "street_m": 573, "canopy_m2": 9592.0, "row_m2": 4276.0, "row_canopy": 11.1, "veg": 21.1, "place": "res", "land": null, "green_src": "canopy", "canopy_source": "usfs-2022", "canopy_year": "2022", "assessed_m2": 38939.4, "coverage_frac": 0.3540003592783643, "canopy_quality": "partial", "scenario_ok": true, "canopy_baseline_ok": false, "ac_src": "lace", "ac_coverage": 1.0, "acs_year": 2024, "access_snap_m": 120.0, "access_quality": "approach-review", "access_src": "routed"}, "geometry": {"type": "Polygon", "coordinates": [[[-121.89678, 37.77854], [-121.8957, 37.78022], [-121.89695, 37.78173], [-121.89929, 37.78156], [-121.90038, 37.77988], [-121.89912, 37.77837], [-121.89678, 37.77854]]]}}, {"type": "Feature", "properties": {"id": 28, "name": "Avanti NE 2", "lst": 50.42, "green": 3.76, "pop": 0, "pct65": 12.3, "ac": 65.07, "holc": null, "access_min": 33.0, "access_km": 2.64, "score": null, "rank": null, "area_m2": 109932, "street_m": 44, "canopy_m2": 4138.0, "row_m2": 678.0, "row_canopy": 1.6, "veg": 13.8, "place": "activity", "land": null, "green_src": "canopy", "canopy_source": "usfs-2022", "canopy_year": "2022", "assessed_m2": 109993.32, "coverage_frac": 1.0, "canopy_quality": "full", "scenario_ok": true, "canopy_baseline_ok": true, "ac_src": "income-model", "ac_coverage": null, "acs_year": 2024, "access_snap_m": 168.0, "access_quality": "approach-review", "access_src": "routed"}, "geometry": {"type": "Polygon", "coordinates": [[[-121.90038, 37.77988], [-121.89929, 37.78156], [-121.90055, 37.78307], [-121.90289, 37.78291], [-121.90397, 37.78122], [-121.90271, 37.77971], [-121.90038, 37.77988]]]}}, {"type": "Feature", "properties": {"id": 29, "name": "Solaire & Belvedere E 2", "lst": 46.19, "green": 9.33, "pop": 316, "pct65": 9.4, "ac": 98.85, "holc": null, "access_min": 24.3, "access_km": 1.95, "score": 66.1, "rank": 91.0, "area_m2": 109941, "street_m": 1284, "canopy_m2": 7568.0, "row_m2": 12367.0, "row_canopy": 10.3, "veg": 17.4, "place": "res", "land": null, "green_src": "canopy", "canopy_source": "usfs-2022", "canopy_year": "2022", "assessed_m2": 81093.6, "coverage_frac": 0.7372061533105329, "canopy_quality": "partial", "scenario_ok": true, "canopy_baseline_ok": false, "ac_src": "lace", "ac_coverage": 1.0, "acs_year": 2024, "access_snap_m": 36.0, "access_quality": "network-estimate", "access_src": "routed"}, "geometry": {"type": "Polygon", "coordinates": [[[-121.90003, 37.77349], [-121.89895, 37.77517], [-121.9002, 37.77669], [-121.90254, 37.77652], [-121.90362, 37.77484], [-121.90237, 37.77333], [-121.90003, 37.77349]]]}}, {"type": "Feature", "properties": {"id": 30, "name": "Solaire & Belvedere NE", "lst": 46.4, "green": 20.96, "pop": 113, "pct65": 10.6, "ac": 99.3, "holc": null, "access_min": 20.4, "access_km": 1.64, "score": 43.0, "rank": 264.0, "area_m2": 109935, "street_m": 1157, "canopy_m2": 23054.0, "row_m2": 11660.0, "row_canopy": 26.0, "veg": 24.6, "place": "res", "land": null, "green_src": "canopy", "canopy_source": "usfs-2022", "canopy_year": "2022", "assessed_m2": 109992.6, "coverage_frac": 0.9999704597297312, "canopy_quality": "full", "scenario_ok": true, "canopy_baseline_ok": true, "ac_src": "lace", "ac_coverage": 1.0, "acs_year": 2024, "access_snap_m": 59.0, "access_quality": "network-estimate", "access_src": "routed"}, "geometry": {"type": "Polygon", "coordinates": [[[-121.90362, 37.77484], [-121.90254, 37.77652], [-121.9038, 37.77803], [-121.90614, 37.77786], [-121.90722, 37.77618], [-121.90596, 37.77467], [-121.90362, 37.77484]]]}}, {"type": "Feature", "properties": {"id": 31, "name": "Piccadilly Square Park", "lst": 45.75, "green": 10.28, "pop": 276, "pct65": 13.6, "ac": 100.0, "holc": null, "access_min": 30.3, "access_km": 2.42, "score": 62.5, "rank": 111.0, "area_m2": 109942, "street_m": 1677, "canopy_m2": 10440.0, "row_m2": 17113.0, "row_canopy": 14.6, "veg": 20.0, "place": "res", "land": null, "green_src": "canopy", "canopy_source": "usfs-2022", "canopy_year": "2022", "assessed_m2": 101556.0, "coverage_frac": 0.9232160162778604, "canopy_quality": "partial", "scenario_ok": true, "canopy_baseline_ok": false, "ac_src": "lace", "ac_coverage": 1.0, "acs_year": 2024, "access_snap_m": 26.0, "access_quality": "network-estimate", "access_src": "routed"}, "geometry": {"type": "Polygon", "coordinates": [[[-121.89661, 37.77534], [-121.89552, 37.77702], [-121.89678, 37.77854], [-121.89912, 37.77837], [-121.9002, 37.77669], [-121.89895, 37.77517], [-121.89661, 37.77534]]]}}, {"type": "Feature", "properties": {"id": 32, "name": "Avanti N 2", "lst": 48.68, "green": 0.8, "pop": 0, "pct65": 12.3, "ac": 65.07, "holc": null, "access_min": 29.4, "access_km": 2.35, "score": null, "rank": null, "area_m2": 109921, "street_m": 0, "canopy_m2": 885.0, "row_m2": 0.0, "row_canopy": 0.0, "veg": 14.2, "place": "empty", "land": "grassland", "green_src": "canopy", "canopy_source": "usfs-2022", "canopy_year": "2022", "assessed_m2": 109981.44, "coverage_frac": 0.999995057505552, "canopy_quality": "full", "scenario_ok": false, "canopy_baseline_ok": true, "ac_src": "income-model", "ac_coverage": null, "acs_year": 2024, "access_snap_m": 645.0, "access_quality": "approach-review", "access_src": "routed"}, "geometry": {"type": "Polygon", "coordinates": [[[-121.90757, 37.78257], [-121.90648, 37.78425], [-121.90774, 37.78576], [-121.91008, 37.78559], [-121.91116, 37.78391], [-121.90991, 37.7824], [-121.90757, 37.78257]]]}}, {"type": "Feature", "properties": {"id": 33, "name": "Alta Mira E", "lst": 47.61, "green": 0.0, "pop": 0, "pct65": 12.3, "ac": 65.07, "holc": null, "access_min": 31.9, "access_km": 2.55, "score": null, "rank": null, "area_m2": 109916, "street_m": 0, "canopy_m2": 0.0, "row_m2": 0.0, "row_canopy": 0.0, "veg": 13.1, "place": "empty", "land": "grassland", "green_src": "canopy", "canopy_source": "usfs-2022", "canopy_year": "2022", "assessed_m2": 109975.68, "coverage_frac": 0.9999918253928992, "canopy_quality": "full", "scenario_ok": false, "canopy_baseline_ok": true, "ac_src": "income-model", "ac_coverage": null, "acs_year": 2024, "access_snap_m": 576.0, "access_quality": "approach-review", "access_src": "routed"}, "geometry": {"type": "Polygon", "coordinates": [[[-121.91116, 37.78391], [-121.91008, 37.78559], [-121.91134, 37.78711], [-121.91368, 37.78694], [-121.91476, 37.78526], [-121.9135, 37.78374], [-121.91116, 37.78391]]]}}, {"type": "Feature", "properties": {"id": 34, "name": "Avanti NE 3", "lst": 48.18, "green": 0.0, "pop": 0, "pct65": 12.3, "ac": 65.07, "holc": null, "access_min": 45.5, "access_km": 3.64, "score": null, "rank": null, "area_m2": 109922, "street_m": 0, "canopy_m2": 0.0, "row_m2": 0.0, "row_canopy": 0.0, "veg": 12.7, "place": "empty", "land": "grassland", "green_src": "canopy", "canopy_source": "usfs-2022", "canopy_year": "2022", "assessed_m2": 109981.8, "coverage_frac": 0.9999876762167552, "canopy_quality": "full", "scenario_ok": false, "canopy_baseline_ok": true, "ac_src": "income-model", "ac_coverage": null, "acs_year": 2024, "access_snap_m": 518.0, "access_quality": "approach-review", "access_src": "routed"}, "geometry": {"type": "Polygon", "coordinates": [[[-121.90414, 37.78442], [-121.90306, 37.7861], [-121.90432, 37.78761], [-121.90666, 37.78744], [-121.90774, 37.78576], [-121.90648, 37.78425], [-121.90414, 37.78442]]]}}, {"type": "Feature", "properties": {"id": 35, "name": "Avanti N 3", "lst": 49.34, "green": 0.05, "pop": 0, "pct65": 12.3, "ac": 65.07, "holc": null, "access_min": 51.4, "access_km": 4.11, "score": null, "rank": null, "area_m2": 109917, "street_m": 0, "canopy_m2": 55.0, "row_m2": 0.0, "row_canopy": 0.0, "veg": 12.5, "place": "empty", "land": "grassland", "green_src": "canopy", "canopy_source": "usfs-2022", "canopy_year": "2022", "assessed_m2": 109976.76, "coverage_frac": 0.9999909864895282, "canopy_quality": "full", "scenario_ok": false, "canopy_baseline_ok": true, "ac_src": "income-model", "ac_coverage": null, "acs_year": 2024, "access_snap_m": 433.0, "access_quality": "approach-review", "access_src": "routed"}, "geometry": {"type": "Polygon", "coordinates": [[[-121.90774, 37.78576], [-121.90666, 37.78744], [-121.90791, 37.78895], [-121.91025, 37.78879], [-121.91134, 37.78711], [-121.91008, 37.78559], [-121.90774, 37.78576]]]}}, {"type": "Feature", "properties": {"id": 36, "name": "Avanti N", "lst": 48.75, "green": 0.34, "pop": 38, "pct65": 11.4, "ac": 99.3, "holc": null, "access_min": 24.9, "access_km": 2.0, "score": 71.5, "rank": 58.0, "area_m2": 109926, "street_m": 128, "canopy_m2": 369.0, "row_m2": 1697.0, "row_canopy": 5.2, "veg": 12.6, "place": "res", "land": null, "green_src": "canopy", "canopy_source": "usfs-2022", "canopy_year": "2022", "assessed_m2": 109985.4, "coverage_frac": 0.9999925892711612, "canopy_quality": "full", "scenario_ok": true, "canopy_baseline_ok": true, "ac_src": "lace", "ac_coverage": 1.0, "acs_year": 2024, "access_snap_m": 338.0, "access_quality": "approach-review", "access_src": "routed"}, "geometry": {"type": "Polygon", "coordinates": [[[-121.90739, 37.77938], [-121.90631, 37.78106], [-121.90757, 37.78257], [-121.90991, 37.7824], [-121.91099, 37.78072], [-121.90973, 37.77921], [-121.90739, 37.77938]]]}}, {"type": "Feature", "properties": {"id": 37, "name": "Avanti NW 2", "lst": 48.93, "green": 0.0, "pop": 14, "pct65": 11.9, "ac": 99.3, "holc": null, "access_min": 27.8, "access_km": 2.22, "score": 70.7, "rank": 66.0, "area_m2": 109920, "street_m": 0, "canopy_m2": 0.0, "row_m2": 0.0, "row_canopy": 0.0, "veg": 12.8, "place": "res", "land": null, "green_src": "canopy", "canopy_source": "usfs-2022", "canopy_year": "2022", "assessed_m2": 109980.0, "coverage_frac": 0.9999926287104534, "canopy_quality": "full", "scenario_ok": false, "canopy_baseline_ok": true, "ac_src": "lace", "ac_coverage": 1.0, "acs_year": 2024, "access_snap_m": 426.0, "access_quality": "approach-review", "access_src": "routed"}, "geometry": {"type": "Polygon", "coordinates": [[[-121.91099, 37.78072], [-121.90991, 37.7824], [-121.91116, 37.78391], [-121.9135, 37.78374], [-121.91459, 37.78206], [-121.91333, 37.78055], [-121.91099, 37.78072]]]}}, {"type": "Feature", "properties": {"id": 38, "name": "Avanti NE", "lst": 49.14, "green": 2.28, "pop": 0, "pct65": 12.3, "ac": 65.07, "holc": null, "access_min": 28.4, "access_km": 2.28, "score": null, "rank": null, "area_m2": 109927, "street_m": 0, "canopy_m2": 2511.0, "row_m2": 0.0, "row_canopy": 0.0, "veg": 15.0, "place": "empty", "land": "grassland", "green_src": "canopy", "canopy_source": "usfs-2022", "canopy_year": "2022", "assessed_m2": 109985.04, "coverage_frac": 0.9999786565115866, "canopy_quality": "full", "scenario_ok": false, "canopy_baseline_ok": true, "ac_src": "income-model", "ac_coverage": null, "acs_year": 2024, "access_snap_m": 532.0, "access_quality": "approach-review", "access_src": "routed"}, "geometry": {"type": "Polygon", "coordinates": [[[-121.90397, 37.78122], [-121.90289, 37.78291], [-121.90414, 37.78442], [-121.90648, 37.78425], [-121.90757, 37.78257], [-121.90631, 37.78106], [-121.90397, 37.78122]]]}}, {"type": "Feature", "properties": {"id": 39, "name": "Monterosso S 3", "lst": 47.57, "green": 13.23, "pop": 0, "pct65": 12.3, "ac": 65.07, "holc": null, "access_min": 39.2, "access_km": 3.14, "score": null, "rank": null, "area_m2": 109944, "street_m": 0, "canopy_m2": 2245.0, "row_m2": 0.0, "row_canopy": 0.0, "veg": 13.5, "place": "empty", "land": "grassland", "green_src": "canopy", "canopy_source": "usfs-2022", "canopy_year": "2022", "assessed_m2": 16968.96, "coverage_frac": 0.154256589947021, "canopy_quality": "partial", "scenario_ok": false, "canopy_baseline_ok": false, "ac_src": "income-model", "ac_coverage": null, "acs_year": 2024, "access_snap_m": 309.0, "access_quality": "approach-review", "access_src": "routed"}, "geometry": {"type": "Polygon", "coordinates": [[[-121.88976, 37.77904], [-121.88868, 37.78072], [-121.88993, 37.78223], [-121.89227, 37.78207], [-121.89336, 37.78039], [-121.8921, 37.77887], [-121.88976, 37.77904]]]}}, {"type": "Feature", "properties": {"id": 40, "name": "Monterosso S", "lst": 47.09, "green": 81.54, "pop": 0, "pct65": 12.3, "ac": 65.07, "holc": null, "access_min": 38.4, "access_km": 3.07, "score": null, "rank": null, "area_m2": 109939, "street_m": 403, "canopy_m2": 183.0, "row_m2": 0.0, "row_canopy": 100.0, "veg": 14.6, "place": "activity", "land": null, "green_src": "canopy", "canopy_source": "usfs-2022", "canopy_year": "2022", "assessed_m2": 224.28, "coverage_frac": 0.0020389208810482, "canopy_quality": "partial", "scenario_ok": true, "canopy_baseline_ok": false, "ac_src": "income-model", "ac_coverage": null, "acs_year": 2024, "access_snap_m": 204.0, "access_quality": "approach-review", "access_src": "routed"}, "geometry": {"type": "Polygon", "coordinates": [[[-121.89336, 37.78039], [-121.89227, 37.78207], [-121.89353, 37.78358], [-121.89587, 37.78341], [-121.89695, 37.78173], [-121.8957, 37.78022], [-121.89336, 37.78039]]]}}, {"type": "Feature", "properties": {"id": 41, "name": "Monterosso S 2", "lst": 46.74, "green": 15.78, "pop": 0, "pct65": 12.3, "ac": 65.07, "holc": null, "access_min": 22.8, "access_km": 1.82, "score": null, "rank": null, "area_m2": 109945, "street_m": 0, "canopy_m2": 15191.0, "row_m2": 0.0, "row_canopy": 0.0, "veg": 17.2, "place": "empty", "land": "grassland", "green_src": "canopy", "canopy_source": "usfs-2022", "canopy_year": "2022", "assessed_m2": 96274.8, "coverage_frac": 0.8751782391982351, "canopy_quality": "partial", "scenario_ok": false, "canopy_baseline_ok": false, "ac_src": "income-model", "ac_coverage": null, "acs_year": 2024, "access_snap_m": 550.0, "access_quality": "approach-review", "access_src": "routed"}, "geometry": {"type": "Polygon", "coordinates": [[[-121.88634, 37.78089], [-121.88525, 37.78257], [-121.88651, 37.78408], [-121.88885, 37.78391], [-121.88993, 37.78223], [-121.88868, 37.78072], [-121.88634, 37.78089]]]}}, {"type": "Feature", "properties": {"id": 42, "name": "Solaire & Belvedere E 5", "lst": 48.95, "green": 0.0, "pop": 0, "pct65": 12.3, "ac": 65.07, "holc": null, "access_min": 37.9, "access_km": 3.03, "score": null, "rank": null, "area_m2": 109948, "street_m": 0, "canopy_m2": 0.0, "row_m2": 0.0, "row_canopy": 0.0, "veg": 11.1, "place": "empty", "land": "grassland", "green_src": "canopy", "canopy_source": "chm-legacy", "canopy_year": "2009-2020", "assessed_m2": null, "coverage_frac": null, "canopy_quality": "coverage-unknown", "scenario_ok": false, "canopy_baseline_ok": false, "ac_src": "income-model", "ac_coverage": null, "acs_year": 2024, "access_snap_m": 296.0, "access_quality": "approach-review", "access_src": "routed"}, "geometry": {"type": "Polygon", "coordinates": [[[-121.88959, 37.77585], [-121.8885, 37.77753], [-121.88976, 37.77904], [-121.8921, 37.77887], [-121.89318, 37.77719], [-121.89193, 37.77568], [-121.88959, 37.77585]]]}}, {"type": "Feature", "properties": {"id": 43, "name": "Solaire & Belvedere NE 4", "lst": 47.13, "green": 9.63, "pop": 288, "pct65": 13.6, "ac": 100.0, "holc": null, "access_min": 35.9, "access_km": 2.87, "score": 73.6, "rank": 44.0, "area_m2": 109943, "street_m": 1019, "canopy_m2": 3345.0, "row_m2": 5960.0, "row_canopy": 15.3, "veg": 14.2, "place": "res", "land": null, "green_src": "canopy", "canopy_source": "usfs-2022", "canopy_year": "2022", "assessed_m2": 34731.36, "coverage_frac": 0.3157293164655885, "canopy_quality": "partial", "scenario_ok": true, "canopy_baseline_ok": false, "ac_src": "lace", "ac_coverage": 1.0, "acs_year": 2024, "access_snap_m": 131.0, "access_quality": "approach-review", "access_src": "routed"}, "geometry": {"type": "Polygon", "coordinates": [[[-121.89318, 37.77719], [-121.8921, 37.77887], [-121.89336, 37.78039], [-121.8957, 37.78022], [-121.89678, 37.77854], [-121.89552, 37.77702], [-121.89318, 37.77719]]]}}, {"type": "Feature", "properties": {"id": 44, "name": "Monterosso S 4", "lst": 49.24, "green": 0.0, "pop": 0, "pct65": 12.3, "ac": 65.07, "holc": null, "access_min": 42.3, "access_km": 3.39, "score": null, "rank": null, "area_m2": 109950, "street_m": 0, "canopy_m2": 0.0, "row_m2": 0.0, "row_canopy": 0.0, "veg": 11.6, "place": "empty", "land": "grassland", "green_src": "canopy", "canopy_source": "chm-legacy", "canopy_year": "2009-2020", "assessed_m2": null, "coverage_frac": null, "canopy_quality": "coverage-unknown", "scenario_ok": false, "canopy_baseline_ok": false, "ac_src": "income-model", "ac_coverage": null, "acs_year": 2024, "access_snap_m": 305.0, "access_quality": "approach-review", "access_src": "routed"}, "geometry": {"type": "Polygon", "coordinates": [[[-121.88616, 37.7777], [-121.88508, 37.77938], [-121.88634, 37.78089], [-121.88868, 37.78072], [-121.88976, 37.77904], [-121.8885, 37.77753], [-121.88616, 37.7777]]]}}, {"type": "Feature", "properties": {"id": 45, "name": "Monterosso", "lst": 49.09, "green": 22.07, "pop": 0, "pct65": 12.3, "ac": 65.07, "holc": null, "access_min": 38.2, "access_km": 3.06, "score": null, "rank": null, "area_m2": 109929, "street_m": 876, "canopy_m2": 24279.0, "row_m2": 5860.0, "row_canopy": 50.5, "veg": 21.8, "place": "activity", "land": null, "green_src": "canopy", "canopy_source": "usfs-2022", "canopy_year": "2022", "assessed_m2": 109986.48, "coverage_frac": 0.999970459097302, "canopy_quality": "full", "scenario_ok": true, "canopy_baseline_ok": true, "ac_src": "income-model", "ac_coverage": null, "acs_year": 2024, "access_snap_m": 106.0, "access_quality": "approach-review", "access_src": "routed"}, "geometry": {"type": "Polygon", "coordinates": [[[-121.89712, 37.78492], [-121.89604, 37.7866], [-121.8973, 37.78812], [-121.89964, 37.78795], [-121.90072, 37.78627], [-121.89946, 37.78475], [-121.89712, 37.78492]]]}}, {"type": "Feature", "properties": {"id": 46, "name": "Monterosso SW", "lst": 49.21, "green": 2.75, "pop": 0, "pct65": 12.3, "ac": 65.07, "holc": null, "access_min": 43.5, "access_km": 3.48, "score": null, "rank": null, "area_m2": 109924, "street_m": 46, "canopy_m2": 3029.0, "row_m2": 571.0, "row_canopy": 20.3, "veg": 12.9, "place": "activity", "land": null, "green_src": "canopy", "canopy_source": "usfs-2022", "canopy_year": "2022", "assessed_m2": 109983.24, "coverage_frac": 0.9999901243648128, "canopy_quality": "full", "scenario_ok": true, "canopy_baseline_ok": true, "ac_src": "income-model", "ac_coverage": null, "acs_year": 2024, "access_snap_m": 294.0, "access_quality": "approach-review", "access_src": "routed"}, "geometry": {"type": "Polygon", "coordinates": [[[-121.90072, 37.78627], [-121.89964, 37.78795], [-121.90089, 37.78946], [-121.90323, 37.78929], [-121.90432, 37.78761], [-121.90306, 37.7861], [-121.90072, 37.78627]]]}}, {"type": "Feature", "properties": {"id": 47, "name": "Monterosso SW 3", "lst": 48.66, "green": 2.9, "pop": 0, "pct65": 12.3, "ac": 65.07, "holc": null, "access_min": 35.6, "access_km": 2.85, "score": null, "rank": null, "area_m2": 109928, "street_m": 0, "canopy_m2": 3191.0, "row_m2": 0.0, "row_canopy": 0.0, "veg": 14.2, "place": "empty", "land": "grassland", "green_src": "canopy", "canopy_source": "usfs-2022", "canopy_year": "2022", "assessed_m2": 109987.92, "coverage_frac": 0.9999941913322392, "canopy_quality": "full", "scenario_ok": false, "canopy_baseline_ok": true, "ac_src": "income-model", "ac_coverage": null, "acs_year": 2024, "access_snap_m": 304.0, "access_quality": "approach-review", "access_src": "routed"}, "geometry": {"type": "Polygon", "coordinates": [[[-121.90055, 37.78307], [-121.89946, 37.78475], [-121.90072, 37.78627], [-121.90306, 37.7861], [-121.90414, 37.78442], [-121.90289, 37.78291], [-121.90055, 37.78307]]]}}, {"type": "Feature", "properties": {"id": 48, "name": "Solaire & Belvedere SE", "lst": 46.08, "green": 7.42, "pop": 153, "pct65": 8.0, "ac": 98.3, "holc": null, "access_min": 20.7, "access_km": 1.66, "score": 56.1, "rank": 161.0, "area_m2": 109944, "street_m": 0, "canopy_m2": 8158.0, "row_m2": 0.0, "row_canopy": 0.0, "veg": 23.1, "place": "res", "land": null, "green_src": "canopy", "canopy_source": "usfs-2022", "canopy_year": "2022", "assessed_m2": 110001.96, "coverage_frac": 0.9999786565931148, "canopy_quality": "full", "scenario_ok": false, "canopy_baseline_ok": true, "ac_src": "lace", "ac_coverage": 1.0, "acs_year": 2024, "access_snap_m": 141.0, "access_quality": "approach-review", "access_src": "routed"}, "geometry": {"type": "Polygon", "coordinates": [[[-121.90328, 37.76845], [-121.9022, 37.77013], [-121.90345, 37.77165], [-121.90579, 37.77148], [-121.90687, 37.7698], [-121.90562, 37.76828], [-121.90328, 37.76845]]]}}, {"type": "Feature", "properties": {"id": 49, "name": "Veranda", "lst": 44.23, "green": 21.65, "pop": 218, "pct65": 10.3, "ac": 99.3, "holc": null, "access_min": 12.9, "access_km": 1.03, "score": 33.5, "rank": 329.0, "area_m2": 109938, "street_m": 1194, "canopy_m2": 23813.0, "row_m2": 8663.0, "row_canopy": 44.8, "veg": 26.3, "place": "res", "land": null, "green_src": "canopy", "canopy_source": "usfs-2022", "canopy_year": "2022", "assessed_m2": 109999.08, "coverage_frac": 1.0, "canopy_quality": "full", "scenario_ok": true, "canopy_baseline_ok": true, "ac_src": "lace", "ac_coverage": 1.0, "acs_year": 2024, "access_snap_m": 46.0, "access_quality": "network-estimate", "access_src": "routed"}, "geometry": {"type": "Polygon", "coordinates": [[[-121.90687, 37.7698], [-121.90579, 37.77148], [-121.90705, 37.77299], [-121.90939, 37.77282], [-121.91047, 37.77114], [-121.90921, 37.76963], [-121.90687, 37.7698]]]}}, {"type": "Feature", "properties": {"id": 50, "name": "Solaire & Belvedere SE 2", "lst": 45.69, "green": 12.05, "pop": 764, "pct65": 6.1, "ac": 98.3, "holc": null, "access_min": 24.8, "access_km": 1.99, "score": 74.0, "rank": 41.0, "area_m2": 109945, "street_m": 1149, "canopy_m2": 12101.0, "row_m2": 13836.0, "row_canopy": 8.5, "veg": 17.3, "place": "res", "land": null, "green_src": "canopy", "canopy_source": "usfs-2022", "canopy_year": "2022", "assessed_m2": 100445.4, "coverage_frac": 0.9130944971801324, "canopy_quality": "partial", "scenario_ok": true, "canopy_baseline_ok": false, "ac_src": "lace", "ac_coverage": 1.0, "acs_year": 2024, "access_snap_m": 39.0, "access_quality": "network-estimate", "access_src": "routed"}, "geometry": {"type": "Polygon", "coordinates": [[[-121.89986, 37.7703], [-121.89877, 37.77198], [-121.90003, 37.77349], [-121.90237, 37.77333], [-121.90345, 37.77165], [-121.9022, 37.77013], [-121.89986, 37.7703]]]}}, {"type": "Feature", "properties": {"id": 51, "name": "Solaire & Belvedere E", "lst": 46.01, "green": 11.28, "pop": 86, "pct65": 10.9, "ac": 99.3, "holc": null, "access_min": 19.1, "access_km": 1.53, "score": 49.3, "rank": 213.0, "area_m2": 109940, "street_m": 435, "canopy_m2": 12410.0, "row_m2": 4093.0, "row_canopy": 32.1, "veg": 22.8, "place": "res", "land": null, "green_src": "canopy", "canopy_source": "usfs-2022", "canopy_year": "2022", "assessed_m2": 109997.64, "coverage_frac": 0.999977827362768, "canopy_quality": "full", "scenario_ok": true, "canopy_baseline_ok": true, "ac_src": "lace", "ac_coverage": 1.0, "acs_year": 2024, "access_snap_m": 148.0, "access_quality": "approach-review", "access_src": "routed"}, "geometry": {"type": "Polygon", "coordinates": [[[-121.90345, 37.77165], [-121.90237, 37.77333], [-121.90362, 37.77484], [-121.90596, 37.77467], [-121.90705, 37.77299], [-121.90579, 37.77148], [-121.90345, 37.77165]]]}}, {"type": "Feature", "properties": {"id": 52, "name": "Taramea W", "lst": 46.2, "green": 17.25, "pop": 393, "pct65": 8.5, "ac": 95.71, "holc": null, "access_min": 17.0, "access_km": 1.36, "score": 59.6, "rank": 132.0, "area_m2": 109948, "street_m": 1569, "canopy_m2": 18975.0, "row_m2": 18544.0, "row_canopy": 10.7, "veg": 18.6, "place": "res", "land": null, "green_src": "canopy", "canopy_source": "usfs-2022", "canopy_year": "2022", "assessed_m2": 110004.48, "coverage_frac": 0.9999631307204628, "canopy_quality": "full", "scenario_ok": true, "canopy_baseline_ok": true, "ac_src": "lace", "ac_coverage": 1.0, "acs_year": 2024, "access_snap_m": 60.0, "access_quality": "network-estimate", "access_src": "routed"}, "geometry": {"type": "Polygon", "coordinates": [[[-121.90311, 37.76526], [-121.90202, 37.76694], [-121.90328, 37.76845], [-121.90562, 37.76828], [-121.9067, 37.7666], [-121.90544, 37.76509], [-121.90311, 37.76526]]]}}, {"type": "Feature", "properties": {"id": 53, "name": "Shelbourne", "lst": 45.23, "green": 17.48, "pop": 251, "pct65": 11.0, "ac": 93.5, "holc": null, "access_min": 13.1, "access_km": 1.05, "score": 46.9, "rank": 239.0, "area_m2": 109943, "street_m": 967, "canopy_m2": 19227.0, "row_m2": 12094.0, "row_canopy": 8.0, "veg": 23.0, "place": "res", "land": null, "green_src": "canopy", "canopy_source": "usfs-2022", "canopy_year": "2022", "assessed_m2": 110001.96, "coverage_frac": 0.999989336940336, "canopy_quality": "full", "scenario_ok": true, "canopy_baseline_ok": true, "ac_src": "lace", "ac_coverage": 1.0, "acs_year": 2024, "access_snap_m": 50.0, "access_quality": "network-estimate", "access_src": "routed"}, "geometry": {"type": "Polygon", "coordinates": [[[-121.9067, 37.7666], [-121.90562, 37.76828], [-121.90687, 37.7698], [-121.90921, 37.76963], [-121.9103, 37.76795], [-121.90904, 37.76643], [-121.9067, 37.7666]]]}}, {"type": "Feature", "properties": {"id": 54, "name": "Taramea N", "lst": 46.09, "green": 9.7, "pop": 322, "pct65": 6.8, "ac": 98.3, "holc": null, "access_min": 22.3, "access_km": 1.78, "score": 63.3, "rank": 107.0, "area_m2": 109949, "street_m": 673, "canopy_m2": 10670.0, "row_m2": 8418.0, "row_canopy": 7.5, "veg": 13.5, "place": "res", "land": null, "green_src": "canopy", "canopy_source": "usfs-2022", "canopy_year": "2022", "assessed_m2": 110009.16, "coverage_frac": 0.9999949969559256, "canopy_quality": "full", "scenario_ok": true, "canopy_baseline_ok": true, "ac_src": "lace", "ac_coverage": 1.0, "acs_year": 2024, "access_snap_m": 15.0, "access_quality": "network-estimate", "access_src": "routed"}, "geometry": {"type": "Polygon", "coordinates": [[[-121.89968, 37.76711], [-121.8986, 37.76879], [-121.89986, 37.7703], [-121.9022, 37.77013], [-121.90328, 37.76845], [-121.90202, 37.76694], [-121.89968, 37.76711]]]}}, {"type": "Feature", "properties": {"id": 55, "name": "Terravista N", "lst": 45.59, "green": 26.28, "pop": 255, "pct65": 10.2, "ac": 99.3, "holc": null, "access_min": 16.4, "access_km": 1.31, "score": 38.3, "rank": 295.0, "area_m2": 109929, "street_m": 1106, "canopy_m2": 28902.0, "row_m2": 9523.0, "row_canopy": 38.0, "veg": 22.0, "place": "res", "land": null, "green_src": "canopy", "canopy_source": "usfs-2022", "canopy_year": "2022", "assessed_m2": 109987.2, "coverage_frac": 0.9999811650081674, "canopy_quality": "full", "scenario_ok": true, "canopy_baseline_ok": true, "ac_src": "lace", "ac_coverage": 1.0, "acs_year": 2024, "access_snap_m": 167.0, "access_quality": "approach-review", "access_src": "routed"}, "geometry": {"type": "Polygon", "coordinates": [[[-121.91064, 37.77433], [-121.90956, 37.77601], [-121.91082, 37.77753], [-121.91316, 37.77736], [-121.91424, 37.77568], [-121.91298, 37.77417], [-121.91064, 37.77433]]]}}, {"type": "Feature", "properties": {"id": 56, "name": "Monarch SE", "lst": 46.35, "green": 24.42, "pop": 196, "pct65": 10.3, "ac": 99.3, "holc": null, "access_min": 22.2, "access_km": 1.78, "score": 42.9, "rank": 265.0, "area_m2": 109923, "street_m": 1236, "canopy_m2": 26857.0, "row_m2": 10230.0, "row_canopy": 39.2, "veg": 22.3, "place": "res", "land": null, "green_src": "canopy", "canopy_source": "usfs-2022", "canopy_year": "2022", "assessed_m2": 109982.88, "coverage_frac": 0.999991025856197, "canopy_quality": "full", "scenario_ok": true, "canopy_baseline_ok": true, "ac_src": "lace", "ac_coverage": 1.0, "acs_year": 2024, "access_snap_m": 141.0, "access_quality": "approach-review", "access_src": "routed"}, "geometry": {"type": "Polygon", "coordinates": [[[-121.91424, 37.77568], [-121.91316, 37.77736], [-121.91441, 37.77887], [-121.91675, 37.7787], [-121.91783, 37.77702], [-121.91658, 37.77551], [-121.91424, 37.77568]]]}}, {"type": "Feature", "properties": {"id": 57, "name": "Avanti", "lst": 48.03, "green": 9.08, "pop": 238, "pct65": 10.0, "ac": 99.3, "holc": null, "access_min": 19.4, "access_km": 1.55, "score": 73.9, "rank": 42.0, "area_m2": 109930, "street_m": 1216, "canopy_m2": 9985.0, "row_m2": 13727.0, "row_canopy": 16.8, "veg": 16.6, "place": "res", "land": null, "green_src": "canopy", "canopy_source": "usfs-2022", "canopy_year": "2022", "assessed_m2": 109991.16, "coverage_frac": 1.0, "canopy_quality": "full", "scenario_ok": true, "canopy_baseline_ok": true, "ac_src": "lace", "ac_coverage": 1.0, "acs_year": 2024, "access_snap_m": 141.0, "access_quality": "approach-review", "access_src": "routed"}, "geometry": {"type": "Polygon", "coordinates": [[[-121.90722, 37.77618], [-121.90614, 37.77786], [-121.90739, 37.77938], [-121.90973, 37.77921], [-121.91082, 37.77753], [-121.90956, 37.77601], [-121.90722, 37.77618]]]}}, {"type": "Feature", "properties": {"id": 58, "name": "Avanti NW", "lst": 48.73, "green": 7.39, "pop": 201, "pct65": 10.1, "ac": 99.3, "holc": null, "access_min": 23.4, "access_km": 1.87, "score": 77.5, "rank": 29.0, "area_m2": 109924, "street_m": 975, "canopy_m2": 8123.0, "row_m2": 11185.0, "row_canopy": 16.7, "veg": 15.2, "place": "res", "land": null, "green_src": "canopy", "canopy_source": "usfs-2022", "canopy_year": "2022", "assessed_m2": 109983.96, "coverage_frac": 0.999990166153132, "canopy_quality": "full", "scenario_ok": true, "canopy_baseline_ok": true, "ac_src": "lace", "ac_coverage": 1.0, "acs_year": 2024, "access_snap_m": 251.0, "access_quality": "approach-review", "access_src": "routed"}, "geometry": {"type": "Polygon", "coordinates": [[[-121.91082, 37.77753], [-121.90973, 37.77921], [-121.91099, 37.78072], [-121.91333, 37.78055], [-121.91441, 37.77887], [-121.91316, 37.77736], [-121.91082, 37.77753]]]}}, {"type": "Feature", "properties": {"id": 59, "name": "Terravista", "lst": 44.18, "green": 28.42, "pop": 207, "pct65": 10.3, "ac": 99.3, "holc": null, "access_min": 11.7, "access_km": 0.93, "score": 25.0, "rank": 373.0, "area_m2": 109933, "street_m": 2057, "canopy_m2": 31257.0, "row_m2": 19115.0, "row_canopy": 30.7, "veg": 27.4, "place": "res", "land": null, "green_src": "canopy", "canopy_source": "usfs-2022", "canopy_year": "2022", "assessed_m2": 109991.52, "coverage_frac": 0.9999819906795572, "canopy_quality": "full", "scenario_ok": true, "canopy_baseline_ok": true, "ac_src": "lace", "ac_coverage": 1.0, "acs_year": 2024, "access_snap_m": 76.0, "access_quality": "network-estimate", "access_src": "routed"}, "geometry": {"type": "Polygon", "coordinates": [[[-121.91047, 37.77114], [-121.90939, 37.77282], [-121.91064, 37.77433], [-121.91298, 37.77417], [-121.91406, 37.77248], [-121.91281, 37.77097], [-121.91047, 37.77114]]]}}, {"type": "Feature", "properties": {"id": 60, "name": "Coronado", "lst": 44.96, "green": 27.85, "pop": 256, "pct65": 10.1, "ac": 99.09, "holc": null, "access_min": 15.7, "access_km": 1.25, "score": 32.2, "rank": 337.0, "area_m2": 109928, "street_m": 1653, "canopy_m2": 30628.0, "row_m2": 16143.0, "row_canopy": 29.7, "veg": 24.1, "place": "res", "land": null, "green_src": "canopy", "canopy_source": "usfs-2022", "canopy_year": "2022", "assessed_m2": 109989.0, "coverage_frac": 1.0, "canopy_quality": "full", "scenario_ok": true, "canopy_baseline_ok": true, "ac_src": "lace", "ac_coverage": 1.0, "acs_year": 2024, "access_snap_m": 28.0, "access_quality": "network-estimate", "access_src": "routed"}, "geometry": {"type": "Polygon", "coordinates": [[[-121.91406, 37.77248], [-121.91298, 37.77417], [-121.91424, 37.77568], [-121.91658, 37.77551], [-121.91766, 37.77383], [-121.9164, 37.77232], [-121.91406, 37.77248]]]}}, {"type": "Feature", "properties": {"id": 61, "name": "Solaire & Belvedere", "lst": 44.39, "green": 24.66, "pop": 204, "pct65": 10.3, "ac": 99.3, "holc": null, "access_min": 14.8, "access_km": 1.18, "score": 30.5, "rank": 347.0, "area_m2": 109934, "street_m": 1669, "canopy_m2": 27122.0, "row_m2": 15108.0, "row_canopy": 33.3, "veg": 30.0, "place": "res", "land": null, "green_src": "canopy", "canopy_source": "usfs-2022", "canopy_year": "2022", "assessed_m2": 109994.04, "coverage_frac": 0.9999942211921208, "canopy_quality": "full", "scenario_ok": true, "canopy_baseline_ok": true, "ac_src": "lace", "ac_coverage": 1.0, "acs_year": 2024, "access_snap_m": 70.0, "access_quality": "network-estimate", "access_src": "routed"}, "geometry": {"type": "Polygon", "coordinates": [[[-121.90705, 37.77299], [-121.90596, 37.77467], [-121.90722, 37.77618], [-121.90956, 37.77601], [-121.91064, 37.77433], [-121.90939, 37.77282], [-121.90705, 37.77299]]]}}, {"type": "Feature", "properties": {"id": 62, "name": "Fiore NE 2", "lst": 48.9, "green": 0.0, "pop": 16, "pct65": 12.6, "ac": 100.0, "holc": null, "access_min": 33.3, "access_km": 2.66, "score": 71.2, "rank": 61.0, "area_m2": 109952, "street_m": 0, "canopy_m2": 0.0, "row_m2": 0.0, "row_canopy": 0.0, "veg": 11.4, "place": "res", "land": null, "green_src": "canopy", "canopy_source": "chm-legacy", "canopy_year": "2009-2020", "assessed_m2": null, "coverage_frac": null, "canopy_quality": "coverage-unknown", "scenario_ok": false, "canopy_baseline_ok": false, "ac_src": "lace", "ac_coverage": 1.0, "acs_year": 2024, "access_snap_m": 429.0, "access_quality": "approach-review", "access_src": "routed"}, "geometry": {"type": "Polygon", "coordinates": [[[-121.89284, 37.7708], [-121.89175, 37.77249], [-121.89301, 37.774], [-121.89535, 37.77383], [-121.89643, 37.77215], [-121.89518, 37.77064], [-121.89284, 37.7708]]]}}, {"type": "Feature", "properties": {"id": 63, "name": "Solaire & Belvedere E 3", "lst": 47.22, "green": 0.15, "pop": 0, "pct65": 12.3, "ac": 65.07, "holc": null, "access_min": 28.7, "access_km": 2.29, "score": null, "rank": null, "area_m2": 109946, "street_m": 0, "canopy_m2": 169.0, "row_m2": 16.0, "row_canopy": 0.0, "veg": 13.7, "place": "empty", "land": "grassland", "green_src": "canopy", "canopy_source": "chm-legacy", "canopy_year": "2009-2020", "assessed_m2": null, "coverage_frac": null, "canopy_quality": "coverage-unknown", "scenario_ok": false, "canopy_baseline_ok": false, "ac_src": "income-model", "ac_coverage": null, "acs_year": 2024, "access_snap_m": 232.0, "access_quality": "approach-review", "access_src": "routed"}, "geometry": {"type": "Polygon", "coordinates": [[[-121.89643, 37.77215], [-121.89535, 37.77383], [-121.89661, 37.77534], [-121.89895, 37.77517], [-121.90003, 37.77349], [-121.89877, 37.77198], [-121.89643, 37.77215]]]}}, {"type": "Feature", "properties": {"id": 64, "name": "Fiore NE 3", "lst": 49.56, "green": 0.0, "pop": 0, "pct65": 12.3, "ac": 65.07, "holc": null, "access_min": 38.9, "access_km": 3.11, "score": null, "rank": null, "area_m2": 109953, "street_m": 0, "canopy_m2": 0.0, "row_m2": 0.0, "row_canopy": 0.0, "veg": 12.9, "place": "empty", "land": "grassland", "green_src": "canopy", "canopy_source": "chm-legacy", "canopy_year": "2009-2020", "assessed_m2": null, "coverage_frac": null, "canopy_quality": "coverage-unknown", "scenario_ok": false, "canopy_baseline_ok": false, "ac_src": "income-model", "ac_coverage": null, "acs_year": 2024, "access_snap_m": 436.0, "access_quality": "approach-review", "access_src": "routed"}, "geometry": {"type": "Polygon", "coordinates": [[[-121.88941, 37.77265], [-121.88833, 37.77433], [-121.88959, 37.77585], [-121.89193, 37.77568], [-121.89301, 37.774], [-121.89175, 37.77249], [-121.88941, 37.77265]]]}}, {"type": "Feature", "properties": {"id": 65, "name": "Solaire & Belvedere E 4", "lst": 46.59, "green": 32.28, "pop": 53, "pct65": 12.9, "ac": 100.0, "holc": null, "access_min": 35.0, "access_km": 2.8, "score": 31.2, "rank": 344.0, "area_m2": 109947, "street_m": 193, "canopy_m2": 319.0, "row_m2": 509.0, "row_canopy": 27.0, "veg": 13.3, "place": "res", "land": null, "green_src": "canopy", "canopy_source": "usfs-2022", "canopy_year": "2022", "assessed_m2": 987.12, "coverage_frac": 0.0089731797668993, "canopy_quality": "partial", "scenario_ok": true, "canopy_baseline_ok": false, "ac_src": "lace", "ac_coverage": 1.0, "acs_year": 2024, "access_snap_m": 125.0, "access_quality": "approach-review", "access_src": "routed"}, "geometry": {"type": "Polygon", "coordinates": [[[-121.89301, 37.774], [-121.89193, 37.77568], [-121.89318, 37.77719], [-121.89552, 37.77702], [-121.89661, 37.77534], [-121.89535, 37.77383], [-121.89301, 37.774]]]}}, {"type": "Feature", "properties": {"id": 66, "name": "Fiore NE", "lst": 48.48, "green": 0.0, "pop": 0, "pct65": 12.3, "ac": 65.07, "holc": null, "access_min": 29.5, "access_km": 2.36, "score": null, "rank": null, "area_m2": 109956, "street_m": 0, "canopy_m2": 0.0, "row_m2": 0.0, "row_canopy": 0.0, "veg": 11.5, "place": "empty", "land": "grassland", "green_src": "canopy", "canopy_source": "chm-legacy", "canopy_year": "2009-2020", "assessed_m2": null, "coverage_frac": null, "canopy_quality": "coverage-unknown", "scenario_ok": false, "canopy_baseline_ok": false, "ac_src": "income-model", "ac_coverage": null, "acs_year": 2024, "access_snap_m": 396.0, "access_quality": "approach-review", "access_src": "routed"}, "geometry": {"type": "Polygon", "coordinates": [[[-121.89267, 37.76761], [-121.89158, 37.76929], [-121.89284, 37.7708], [-121.89518, 37.77064], [-121.89626, 37.76896], [-121.895, 37.76744], [-121.89267, 37.76761]]]}}, {"type": "Feature", "properties": {"id": 67, "name": "Fiore N", "lst": 47.9, "green": 7.67, "pop": 271, "pct65": 7.2, "ac": 98.3, "holc": null, "access_min": 28.8, "access_km": 2.3, "score": 75.3, "rank": 38.0, "area_m2": 109950, "street_m": 364, "canopy_m2": 2079.0, "row_m2": 3443.0, "row_canopy": 8.4, "veg": 11.9, "place": "res", "land": null, "green_src": "canopy", "canopy_source": "usfs-2022", "canopy_year": "2022", "assessed_m2": 27087.48, "coverage_frac": 0.2462254558166175, "canopy_quality": "partial", "scenario_ok": true, "canopy_baseline_ok": false, "ac_src": "lace", "ac_coverage": 1.0, "acs_year": 2024, "access_snap_m": 69.0, "access_quality": "network-estimate", "access_src": "routed"}, "geometry": {"type": "Polygon", "coordinates": [[[-121.89626, 37.76896], [-121.89518, 37.77064], [-121.89643, 37.77215], [-121.89877, 37.77198], [-121.89986, 37.7703], [-121.8986, 37.76879], [-121.89626, 37.76896]]]}}, {"type": "Feature", "properties": {"id": 68, "name": "Aventura N 2", "lst": 50.7, "green": 0.0, "pop": 0, "pct65": 12.3, "ac": 65.07, "holc": null, "access_min": 39.9, "access_km": 3.19, "score": null, "rank": null, "area_m2": 109957, "street_m": 0, "canopy_m2": 0.0, "row_m2": 0.0, "row_canopy": 0.0, "veg": 11.7, "place": "empty", "land": "grassland", "green_src": "canopy", "canopy_source": "chm-legacy", "canopy_year": "2009-2020", "assessed_m2": null, "coverage_frac": null, "canopy_quality": "coverage-unknown", "scenario_ok": false, "canopy_baseline_ok": false, "ac_src": "income-model", "ac_coverage": null, "acs_year": 2024, "access_snap_m": 491.0, "access_quality": "approach-review", "access_src": "routed"}, "geometry": {"type": "Polygon", "coordinates": [[[-121.88924, 37.76946], [-121.88816, 37.77114], [-121.88941, 37.77265], [-121.89175, 37.77249], [-121.89284, 37.7708], [-121.89158, 37.76929], [-121.88924, 37.76946]]]}}, {"type": "Feature", "properties": {"id": 69, "name": "Chantera S", "lst": 47.8, "green": 0.61, "pop": 0, "pct65": 12.3, "ac": 65.07, "holc": null, "access_min": 30.0, "access_km": 2.4, "score": null, "rank": null, "area_m2": 109990, "street_m": 0, "canopy_m2": 673.0, "row_m2": 0.0, "row_canopy": 0.0, "veg": 15.9, "place": "empty", "land": "grassland", "green_src": "canopy", "canopy_source": "usfs-2022", "canopy_year": "2022", "assessed_m2": 110047.32, "coverage_frac": 0.9999748394106198, "canopy_quality": "full", "scenario_ok": false, "canopy_baseline_ok": true, "ac_src": "income-model", "ac_coverage": null, "acs_year": 2024, "access_snap_m": 246.0, "access_quality": "approach-review", "access_src": "routed"}, "geometry": {"type": "Polygon", "coordinates": [[[-121.89128, 37.74206], [-121.8902, 37.74374], [-121.89146, 37.74525], [-121.89379, 37.74509], [-121.89488, 37.74341], [-121.89362, 37.74189], [-121.89128, 37.74206]]]}}, {"type": "Feature", "properties": {"id": 70, "name": "Chantera SW", "lst": 47.68, "green": 0.0, "pop": 0, "pct65": 12.3, "ac": 65.07, "holc": null, "access_min": 26.9, "access_km": 2.15, "score": null, "rank": null, "area_m2": 109985, "street_m": 0, "canopy_m2": 0.0, "row_m2": 0.0, "row_canopy": 0.0, "veg": 13.7, "place": "empty", "land": "grassland", "green_src": "canopy", "canopy_source": "usfs-2022", "canopy_year": "2022", "assessed_m2": 110039.76, "coverage_frac": 0.9999552086595976, "canopy_quality": "full", "scenario_ok": false, "canopy_baseline_ok": true, "ac_src": "income-model", "ac_coverage": null, "acs_year": 2024, "access_snap_m": 261.0, "access_quality": "approach-review", "access_src": "routed"}, "geometry": {"type": "Polygon", "coordinates": [[[-121.89488, 37.74341], [-121.89379, 37.74509], [-121.89505, 37.7466], [-121.89739, 37.74643], [-121.89847, 37.74475], [-121.89722, 37.74324], [-121.89488, 37.74341]]]}}, {"type": "Feature", "properties": {"id": 71, "name": "eaves Dublin Apartments NE", "lst": 47.64, "green": 8.35, "pop": 73, "pct65": 9.9, "ac": 84.9, "holc": null, "access_min": 32.5, "access_km": 2.6, "score": 59.8, "rank": 129.0, "area_m2": 109989, "street_m": 917, "canopy_m2": 9188.0, "row_m2": 10851.0, "row_canopy": 14.8, "veg": 16.6, "place": "res", "land": null, "green_src": "canopy", "canopy_source": "usfs-2022", "canopy_year": "2022", "assessed_m2": 110048.04, "coverage_frac": 0.9999966583598298, "canopy_quality": "full", "scenario_ok": true, "canopy_baseline_ok": true, "ac_src": "lace", "ac_coverage": 1.0, "acs_year": 2024, "access_snap_m": 170.0, "access_quality": "approach-review", "access_src": "routed"}, "geometry": {"type": "Polygon", "coordinates": [[[-121.90822, 37.72962], [-121.90713, 37.7313], [-121.90839, 37.73282], [-121.91073, 37.73265], [-121.91181, 37.73097], [-121.91056, 37.72945], [-121.90822, 37.72962]]]}}, {"type": "Feature", "properties": {"id": 72, "name": "The Hills at Bent Creek E", "lst": 45.55, "green": 29.26, "pop": 227, "pct65": 8.3, "ac": 84.9, "holc": null, "access_min": 28.7, "access_km": 2.29, "score": 32.1, "rank": 339.0, "area_m2": 109984, "street_m": 1011, "canopy_m2": 32199.0, "row_m2": 11722.0, "row_canopy": 16.7, "veg": 26.0, "place": "res", "land": null, "green_src": "canopy", "canopy_source": "usfs-2022", "canopy_year": "2022", "assessed_m2": 110040.12, "coverage_frac": 0.9999737755846996, "canopy_quality": "full", "scenario_ok": true, "canopy_baseline_ok": true, "ac_src": "lace", "ac_coverage": 1.0, "acs_year": 2024, "access_snap_m": 127.0, "access_quality": "approach-review", "access_src": "routed"}, "geometry": {"type": "Polygon", "coordinates": [[[-121.91181, 37.73097], [-121.91073, 37.73265], [-121.91198, 37.73416], [-121.91432, 37.73399], [-121.91541, 37.73231], [-121.91415, 37.7308], [-121.91181, 37.73097]]]}}, {"type": "Feature", "properties": {"id": 73, "name": "Bent Creek Estates E 2", "lst": 47.28, "green": 2.12, "pop": 0, "pct65": 12.3, "ac": 65.07, "holc": null, "access_min": 30.1, "access_km": 2.41, "score": null, "rank": null, "area_m2": 109985, "street_m": 468, "canopy_m2": 2332.0, "row_m2": 5233.0, "row_canopy": 6.8, "veg": 16.1, "place": "activity", "land": null, "green_src": "canopy", "canopy_source": "usfs-2022", "canopy_year": "2022", "assessed_m2": 110040.84, "coverage_frac": 0.9999695668174228, "canopy_quality": "full", "scenario_ok": true, "canopy_baseline_ok": true, "ac_src": "income-model", "ac_coverage": null, "acs_year": 2024, "access_snap_m": 178.0, "access_quality": "approach-review", "access_src": "routed"}, "geometry": {"type": "Polygon", "coordinates": [[[-121.90839, 37.73282], [-121.90731, 37.7345], [-121.90856, 37.73601], [-121.9109, 37.73584], [-121.91198, 37.73416], [-121.91073, 37.73265], [-121.90839, 37.73282]]]}}, {"type": "Feature", "properties": {"id": 74, "name": "eaves Dublin Apartments", "lst": 45.36, "green": 37.63, "pop": 50, "pct65": 10.4, "ac": 84.9, "holc": null, "access_min": 34.8, "access_km": 2.78, "score": 17.9, "rank": 398.0, "area_m2": 109988, "street_m": 944, "canopy_m2": 41414.0, "row_m2": 8491.0, "row_canopy": 35.2, "veg": 32.0, "place": "res", "land": null, "green_src": "canopy", "canopy_source": "usfs-2022", "canopy_year": "2022", "assessed_m2": 110046.96, "coverage_frac": 0.9999976015095352, "canopy_quality": "full", "scenario_ok": true, "canopy_baseline_ok": true, "ac_src": "lace", "ac_coverage": 1.0, "acs_year": 2024, "access_snap_m": 140.0, "access_quality": "approach-review", "access_src": "routed"}, "geometry": {"type": "Polygon", "coordinates": [[[-121.91164, 37.72777], [-121.91056, 37.72945], [-121.91181, 37.73097], [-121.91415, 37.7308], [-121.91523, 37.72912], [-121.91398, 37.7276], [-121.91164, 37.72777]]]}}, {"type": "Feature", "properties": {"id": 75, "name": "Old Ranch Summit NE", "lst": 47.82, "green": 0.57, "pop": 17, "pct65": 12.0, "ac": 93.8, "holc": null, "access_min": 18.3, "access_km": 1.47, "score": 64.8, "rank": 96.0, "area_m2": 109959, "street_m": 0, "canopy_m2": 629.0, "row_m2": 0.0, "row_canopy": 0.0, "veg": 12.6, "place": "res", "land": null, "green_src": "canopy", "canopy_source": "usfs-2022", "canopy_year": "2022", "assessed_m2": 110012.4, "coverage_frac": 0.9999458606750812, "canopy_quality": "full", "scenario_ok": false, "canopy_baseline_ok": true, "ac_src": "lace", "ac_coverage": 1.0, "acs_year": 2024, "access_snap_m": 391.0, "access_quality": "approach-review", "access_src": "routed"}, "geometry": {"type": "Polygon", "coordinates": [[[-121.92294, 37.74139], [-121.92186, 37.74307], [-121.92311, 37.74458], [-121.92545, 37.74441], [-121.92654, 37.74273], [-121.92528, 37.74122], [-121.92294, 37.74139]]]}}, {"type": "Feature", "properties": {"id": 76, "name": "Old Ranch Summit NW", "lst": 47.05, "green": 8.4, "pop": 86, "pct65": 11.3, "ac": 93.8, "holc": null, "access_min": 21.0, "access_km": 1.68, "score": 58.2, "rank": 144.0, "area_m2": 109953, "street_m": 232, "canopy_m2": 9238.0, "row_m2": 3079.0, "row_canopy": 7.5, "veg": 15.5, "place": "res", "land": null, "green_src": "canopy", "canopy_source": "usfs-2022", "canopy_year": "2022", "assessed_m2": 110012.4, "coverage_frac": 0.9999949875528245, "canopy_quality": "full", "scenario_ok": true, "canopy_baseline_ok": true, "ac_src": "lace", "ac_coverage": 1.0, "acs_year": 2024, "access_snap_m": 270.0, "access_quality": "approach-review", "access_src": "routed"}, "geometry": {"type": "Polygon", "coordinates": [[[-121.92654, 37.74273], [-121.92545, 37.74441], [-121.92671, 37.74593], [-121.92905, 37.74576], [-121.93013, 37.74408], [-121.92887, 37.74256], [-121.92654, 37.74273]]]}}, {"type": "Feature", "properties": {"id": 77, "name": "Old Ranch Estates N", "lst": 47.65, "green": 13.94, "pop": 97, "pct65": 11.2, "ac": 93.8, "holc": null, "access_min": 23.1, "access_km": 1.85, "score": 56.7, "rank": 158.0, "area_m2": 109960, "street_m": 707, "canopy_m2": 15342.0, "row_m2": 8928.0, "row_canopy": 6.5, "veg": 20.3, "place": "res", "land": null, "green_src": "canopy", "canopy_source": "usfs-2022", "canopy_year": "2022", "assessed_m2": 110019.6, "coverage_frac": 1.0, "canopy_quality": "full", "scenario_ok": true, "canopy_baseline_ok": true, "ac_src": "lace", "ac_coverage": 1.0, "acs_year": 2024, "access_snap_m": 184.0, "access_quality": "approach-review", "access_src": "routed"}, "geometry": {"type": "Polygon", "coordinates": [[[-121.91952, 37.74324], [-121.91844, 37.74492], [-121.91969, 37.74643], [-121.92203, 37.74626], [-121.92311, 37.74458], [-121.92186, 37.74307], [-121.91952, 37.74324]]]}}, {"type": "Feature", "properties": {"id": 78, "name": "Old Ranch Estates NW", "lst": 49.03, "green": 0.67, "pop": 19, "pct65": 12.0, "ac": 93.8, "holc": null, "access_min": 23.8, "access_km": 1.91, "score": 71.2, "rank": 60.0, "area_m2": 109954, "street_m": 0, "canopy_m2": 732.0, "row_m2": 0.0, "row_canopy": 0.0, "veg": 11.6, "place": "res", "land": null, "green_src": "canopy", "canopy_source": "usfs-2022", "canopy_year": "2022", "assessed_m2": 110010.6, "coverage_frac": 0.9999678661621004, "canopy_quality": "full", "scenario_ok": false, "canopy_baseline_ok": true, "ac_src": "lace", "ac_coverage": 1.0, "acs_year": 2024, "access_snap_m": 62.0, "access_quality": "network-estimate", "access_src": "routed"}, "geometry": {"type": "Polygon", "coordinates": [[[-121.92311, 37.74458], [-121.92203, 37.74626], [-121.92329, 37.74778], [-121.92563, 37.74761], [-121.92671, 37.74593], [-121.92545, 37.74441], [-121.92311, 37.74458]]]}}, {"type": "Feature", "properties": {"id": 79, "name": "Old Ranch Summit SE", "lst": 47.58, "green": 9.19, "pop": 140, "pct65": 11.0, "ac": 93.8, "holc": null, "access_min": 10.7, "access_km": 0.86, "score": 64.3, "rank": 101.0, "area_m2": 109963, "street_m": 546, "canopy_m2": 10107.0, "row_m2": 6504.0, "row_canopy": 13.0, "veg": 14.4, "place": "res", "land": null, "green_src": "canopy", "canopy_source": "usfs-2022", "canopy_year": "2022", "assessed_m2": 110021.04, "coverage_frac": 0.9999860333093477, "canopy_quality": "full", "scenario_ok": true, "canopy_baseline_ok": true, "ac_src": "lace", "ac_coverage": 1.0, "acs_year": 2024, "access_snap_m": 192.0, "access_quality": "approach-review", "access_src": "routed"}, "geometry": {"type": "Polygon", "coordinates": [[[-121.92277, 37.73819], [-121.92169, 37.73988], [-121.92294, 37.74139], [-121.92528, 37.74122], [-121.92636, 37.73954], [-121.92511, 37.73803], [-121.92277, 37.73819]]]}}, {"type": "Feature", "properties": {"id": 80, "name": "Old Ranch Summit", "lst": 46.8, "green": 11.95, "pop": 178, "pct65": 15.3, "ac": 90.38, "holc": null, "access_min": 14.2, "access_km": 1.14, "score": 62.1, "rank": 117.0, "area_m2": 109958, "street_m": 1646, "canopy_m2": 13150.0, "row_m2": 17324.0, "row_canopy": 5.7, "veg": 16.0, "place": "res", "land": null, "green_src": "canopy", "canopy_source": "usfs-2022", "canopy_year": "2022", "assessed_m2": 110017.8, "coverage_frac": 1.0, "canopy_quality": "full", "scenario_ok": true, "canopy_baseline_ok": true, "ac_src": "lace", "ac_coverage": 1.0, "acs_year": 2024, "access_snap_m": 62.0, "access_quality": "network-estimate", "access_src": "routed"}, "geometry": {"type": "Polygon", "coordinates": [[[-121.92636, 37.73954], [-121.92528, 37.74122], [-121.92654, 37.74273], [-121.92887, 37.74256], [-121.92996, 37.74088], [-121.9287, 37.73937], [-121.92636, 37.73954]]]}}, {"type": "Feature", "properties": {"id": 81, "name": "Old Ranch Estates", "lst": 47.41, "green": 11.19, "pop": 98, "pct65": 11.2, "ac": 93.8, "holc": null, "access_min": 18.7, "access_km": 1.5, "score": 58.2, "rank": 143.0, "area_m2": 109964, "street_m": 705, "canopy_m2": 12316.0, "row_m2": 8777.0, "row_canopy": 7.8, "veg": 17.3, "place": "res", "land": null, "green_src": "canopy", "canopy_source": "usfs-2022", "canopy_year": "2022", "assessed_m2": 110021.76, "coverage_frac": 0.9999818169682844, "canopy_quality": "full", "scenario_ok": true, "canopy_baseline_ok": true, "ac_src": "lace", "ac_coverage": 1.0, "acs_year": 2024, "access_snap_m": 182.0, "access_quality": "approach-review", "access_src": "routed"}, "geometry": {"type": "Polygon", "coordinates": [[[-121.91935, 37.74004], [-121.91826, 37.74172], [-121.91952, 37.74324], [-121.92186, 37.74307], [-121.92294, 37.74139], [-121.92169, 37.73988], [-121.91935, 37.74004]]]}}, {"type": "Feature", "properties": {"id": 82, "name": "Old Ranch Summit NW 3", "lst": 45.6, "green": 14.25, "pop": 81, "pct65": 11.7, "ac": 93.8, "holc": null, "access_min": 25.6, "access_km": 2.05, "score": 44.2, "rank": 259.0, "area_m2": 109944, "street_m": 1021, "canopy_m2": 15681.0, "row_m2": 10525.0, "row_canopy": 14.7, "veg": 19.9, "place": "res", "land": null, "green_src": "canopy", "canopy_source": "usfs-2022", "canopy_year": "2022", "assessed_m2": 110004.84, "coverage_frac": 1.0, "canopy_quality": "full", "scenario_ok": true, "canopy_baseline_ok": true, "ac_src": "lace", "ac_coverage": 1.0, "acs_year": 2024, "access_snap_m": 157.0, "access_quality": "approach-review", "access_src": "routed"}, "geometry": {"type": "Polygon", "coordinates": [[[-121.9303, 37.74727], [-121.92922, 37.74895], [-121.93048, 37.75046], [-121.93282, 37.75029], [-121.9339, 37.74861], [-121.93264, 37.7471], [-121.9303, 37.74727]]]}}, {"type": "Feature", "properties": {"id": 83, "name": "Old Ranch Summit NW 5", "lst": 46.32, "green": 22.07, "pop": 218, "pct65": 12.0, "ac": 86.03, "holc": null, "access_min": 27.4, "access_km": 2.19, "score": 47.7, "rank": 230.0, "area_m2": 109938, "street_m": 1834, "canopy_m2": 24276.0, "row_m2": 17601.0, "row_canopy": 17.1, "veg": 21.6, "place": "res", "land": null, "green_src": "canopy", "canopy_source": "usfs-2022", "canopy_year": "2022", "assessed_m2": 109994.4, "coverage_frac": 0.9999680174369696, "canopy_quality": "full", "scenario_ok": true, "canopy_baseline_ok": true, "ac_src": "lace", "ac_coverage": 1.0, "acs_year": 2024, "access_snap_m": 74.0, "access_quality": "network-estimate", "access_src": "routed"}, "geometry": {"type": "Polygon", "coordinates": [[[-121.9339, 37.74861], [-121.93282, 37.75029], [-121.93407, 37.75181], [-121.93641, 37.75164], [-121.93749, 37.74996], [-121.93624, 37.74845], [-121.9339, 37.74861]]]}}, {"type": "Feature", "properties": {"id": 84, "name": "Old Ranch Summit N 2", "lst": 46.67, "green": 7.19, "pop": 12, "pct65": 12.2, "ac": 93.8, "holc": null, "access_min": 18.9, "access_km": 1.52, "score": 52.6, "rank": 189.0, "area_m2": 109945, "street_m": 0, "canopy_m2": 7913.0, "row_m2": 0.0, "row_canopy": 0.0, "veg": 17.7, "place": "res", "land": null, "green_src": "canopy", "canopy_source": "usfs-2022", "canopy_year": "2022", "assessed_m2": 109998.36, "coverage_frac": 0.9999441117977652, "canopy_quality": "full", "scenario_ok": false, "canopy_baseline_ok": true, "ac_src": "lace", "ac_coverage": 1.0, "acs_year": 2024, "access_snap_m": 297.0, "access_quality": "approach-review", "access_src": "routed"}, "geometry": {"type": "Polygon", "coordinates": [[[-121.92688, 37.74912], [-121.9258, 37.7508], [-121.92706, 37.75231], [-121.92939, 37.75214], [-121.93048, 37.75046], [-121.92922, 37.74895], [-121.92688, 37.74912]]]}}, {"type": "Feature", "properties": {"id": 85, "name": "Old Ranch Summit NW 6", "lst": 46.55, "green": 6.27, "pop": 48, "pct65": 11.9, "ac": 93.8, "holc": null, "access_min": 31.1, "access_km": 2.48, "score": 55.2, "rank": 166.0, "area_m2": 109939, "street_m": 252, "canopy_m2": 6898.0, "row_m2": 3274.0, "row_canopy": 7.2, "veg": 16.6, "place": "res", "land": null, "green_src": "canopy", "canopy_source": "usfs-2022", "canopy_year": "2022", "assessed_m2": 109998.0, "coverage_frac": 0.9999899813812686, "canopy_quality": "full", "scenario_ok": true, "canopy_baseline_ok": true, "ac_src": "lace", "ac_coverage": 1.0, "acs_year": 2024, "access_snap_m": 353.0, "access_quality": "approach-review", "access_src": "routed"}, "geometry": {"type": "Polygon", "coordinates": [[[-121.93048, 37.75046], [-121.92939, 37.75214], [-121.93065, 37.75366], [-121.93299, 37.75349], [-121.93407, 37.75181], [-121.93282, 37.75029], [-121.93048, 37.75046]]]}}, {"type": "Feature", "properties": {"id": 86, "name": "Old Ranch Summit NW 2", "lst": 44.4, "green": 7.45, "pop": 32, "pct65": 12.1, "ac": 88.73, "holc": null, "access_min": 20.0, "access_km": 1.6, "score": 41.8, "rank": 268.0, "area_m2": 109948, "street_m": 872, "canopy_m2": 8194.0, "row_m2": 8419.0, "row_canopy": 18.9, "veg": 18.0, "place": "res", "land": null, "green_src": "canopy", "canopy_source": "usfs-2022", "canopy_year": "2022", "assessed_m2": 110006.64, "coverage_frac": 0.9999917650548708, "canopy_quality": "full", "scenario_ok": true, "canopy_baseline_ok": true, "ac_src": "lace", "ac_coverage": 1.0, "acs_year": 2024, "access_snap_m": 29.0, "access_quality": "network-estimate", "access_src": "routed"}, "geometry": {"type": "Polygon", "coordinates": [[[-121.93013, 37.74408], [-121.92905, 37.74576], [-121.9303, 37.74727], [-121.93264, 37.7471], [-121.93372, 37.74542], [-121.93247, 37.74391], [-121.93013, 37.74408]]]}}, {"type": "Feature", "properties": {"id": 87, "name": "Old Ranch Summit NW 4", "lst": 46.75, "green": 14.37, "pop": 241, "pct65": 12.1, "ac": 84.9, "holc": null, "access_min": 24.9, "access_km": 1.99, "score": 60.9, "rank": 124.0, "area_m2": 109942, "street_m": 836, "canopy_m2": 15811.0, "row_m2": 10808.0, "row_canopy": 6.3, "veg": 17.8, "place": "res", "land": null, "green_src": "canopy", "canopy_source": "usfs-2022", "canopy_year": "2022", "assessed_m2": 109998.36, "coverage_frac": 0.9999656394372244, "canopy_quality": "full", "scenario_ok": true, "canopy_baseline_ok": true, "ac_src": "lace", "ac_coverage": 1.0, "acs_year": 2024, "access_snap_m": 133.0, "access_quality": "approach-review", "access_src": "routed"}, "geometry": {"type": "Polygon", "coordinates": [[[-121.93372, 37.74542], [-121.93264, 37.7471], [-121.9339, 37.74861], [-121.93624, 37.74845], [-121.93732, 37.74676], [-121.93606, 37.74525], [-121.93372, 37.74542]]]}}, {"type": "Feature", "properties": {"id": 88, "name": "Old Ranch Summit N", "lst": 47.09, "green": 0.16, "pop": 0, "pct65": 12.3, "ac": 65.07, "holc": null, "access_min": 23.4, "access_km": 1.87, "score": null, "rank": null, "area_m2": 109949, "street_m": 0, "canopy_m2": 171.0, "row_m2": 0.0, "row_canopy": 0.0, "veg": 12.8, "place": "empty", "land": "grassland", "green_src": "canopy", "canopy_source": "usfs-2022", "canopy_year": "2022", "assessed_m2": 110007.72, "coverage_frac": 0.9999908180164556, "canopy_quality": "full", "scenario_ok": false, "canopy_baseline_ok": true, "ac_src": "income-model", "ac_coverage": null, "acs_year": 2024, "access_snap_m": 367.0, "access_quality": "approach-review", "access_src": "routed"}, "geometry": {"type": "Polygon", "coordinates": [[[-121.92671, 37.74593], [-121.92563, 37.74761], [-121.92688, 37.74912], [-121.92922, 37.74895], [-121.9303, 37.74727], [-121.92905, 37.74576], [-121.92671, 37.74593]]]}}, {"type": "Feature", "properties": {"id": 89, "name": "Old Ranch Estates NE 2", "lst": 45.5, "green": 6.93, "pop": 14, "pct65": 12.0, "ac": 93.8, "holc": null, "access_min": 14.4, "access_km": 1.16, "score": 46.8, "rank": 240.0, "area_m2": 109966, "street_m": 681, "canopy_m2": 7625.0, "row_m2": 8405.0, "row_canopy": 12.5, "veg": 17.7, "place": "res", "land": null, "green_src": "canopy", "canopy_source": "usfs-2022", "canopy_year": "2022", "assessed_m2": 110022.12, "coverage_frac": 0.999963597811322, "canopy_quality": "full", "scenario_ok": true, "canopy_baseline_ok": true, "ac_src": "lace", "ac_coverage": 1.0, "acs_year": 2024, "access_snap_m": 189.0, "access_quality": "approach-review", "access_src": "routed"}, "geometry": {"type": "Polygon", "coordinates": [[[-121.9125, 37.74374], [-121.91142, 37.74542], [-121.91268, 37.74694], [-121.91502, 37.74677], [-121.9161, 37.74509], [-121.91484, 37.74357], [-121.9125, 37.74374]]]}}, {"type": "Feature", "properties": {"id": 90, "name": "Old Ranch Estates N 2", "lst": 46.63, "green": 17.36, "pop": 39, "pct65": 11.7, "ac": 93.8, "holc": null, "access_min": 3.4, "access_km": 0.27, "score": 44.3, "rank": 255.0, "area_m2": 109961, "street_m": 311, "canopy_m2": 19102.0, "row_m2": 3919.0, "row_canopy": 9.6, "veg": 21.0, "place": "res", "land": null, "green_src": "canopy", "canopy_source": "usfs-2022", "canopy_year": "2022", "assessed_m2": 110017.08, "coverage_frac": 0.999966898546554, "canopy_quality": "full", "scenario_ok": true, "canopy_baseline_ok": true, "ac_src": "lace", "ac_coverage": 1.0, "acs_year": 2024, "access_snap_m": 177.0, "access_quality": "approach-review", "access_src": "routed"}, "geometry": {"type": "Polygon", "coordinates": [[[-121.9161, 37.74509], [-121.91502, 37.74677], [-121.91627, 37.74828], [-121.91861, 37.74811], [-121.91969, 37.74643], [-121.91844, 37.74492], [-121.9161, 37.74509]]]}}, {"type": "Feature", "properties": {"id": 91, "name": "Cambridge SW 2", "lst": 47.26, "green": 0.0, "pop": 0, "pct65": 12.3, "ac": 65.07, "holc": null, "access_min": 13.6, "access_km": 1.09, "score": null, "rank": null, "area_m2": 109968, "street_m": 0, "canopy_m2": 0.0, "row_m2": 0.0, "row_canopy": 0.0, "veg": 12.9, "place": "empty", "land": "grassland", "green_src": "canopy", "canopy_source": "usfs-2022", "canopy_year": "2022", "assessed_m2": 110026.8, "coverage_frac": 0.9999954019529754, "canopy_quality": "full", "scenario_ok": false, "canopy_baseline_ok": true, "ac_src": "income-model", "ac_coverage": null, "acs_year": 2024, "access_snap_m": 385.0, "access_quality": "approach-review", "access_src": "routed"}, "geometry": {"type": "Polygon", "coordinates": [[[-121.90908, 37.74559], [-121.908, 37.74727], [-121.90926, 37.74879], [-121.9116, 37.74862], [-121.91268, 37.74694], [-121.91142, 37.74542], [-121.90908, 37.74559]]]}}, {"type": "Feature", "properties": {"id": 92, "name": "Serena & Cordova SE", "lst": 44.93, "green": 9.14, "pop": 0, "pct65": 12.3, "ac": 65.07, "holc": null, "access_min": 8.3, "access_km": 0.66, "score": null, "rank": null, "area_m2": 109962, "street_m": 1087, "canopy_m2": 10050.0, "row_m2": 12993.0, "row_canopy": 11.3, "veg": 18.0, "place": "activity", "land": null, "green_src": "canopy", "canopy_source": "usfs-2022", "canopy_year": "2022", "assessed_m2": 110021.4, "coverage_frac": 0.9999954280714782, "canopy_quality": "full", "scenario_ok": true, "canopy_baseline_ok": true, "ac_src": "income-model", "ac_coverage": null, "acs_year": 2024, "access_snap_m": 117.0, "access_quality": "approach-review", "access_src": "routed"}, "geometry": {"type": "Polygon", "coordinates": [[[-121.91268, 37.74694], [-121.9116, 37.74862], [-121.91285, 37.75013], [-121.91519, 37.74996], [-121.91627, 37.74828], [-121.91502, 37.74677], [-121.91268, 37.74694]]]}}, {"type": "Feature", "properties": {"id": 93, "name": "Old Ranch Estates E", "lst": 46.2, "green": 6.48, "pop": 63, "pct65": 11.4, "ac": 93.8, "holc": null, "access_min": 15.2, "access_km": 1.22, "score": 53.9, "rank": 179.0, "area_m2": 109971, "street_m": 903, "canopy_m2": 7127.0, "row_m2": 10899.0, "row_canopy": 13.7, "veg": 16.7, "place": "res", "land": null, "green_src": "canopy", "canopy_source": "usfs-2022", "canopy_year": "2022", "assessed_m2": 110026.08, "coverage_frac": 0.999961223765894, "canopy_quality": "full", "scenario_ok": true, "canopy_baseline_ok": true, "ac_src": "lace", "ac_coverage": 1.0, "acs_year": 2024, "access_snap_m": 252.0, "access_quality": "approach-review", "access_src": "routed"}, "geometry": {"type": "Polygon", "coordinates": [[[-121.91233, 37.74055], [-121.91125, 37.74223], [-121.9125, 37.74374], [-121.91484, 37.74357], [-121.91593, 37.74189], [-121.91467, 37.74038], [-121.91233, 37.74055]]]}}, {"type": "Feature", "properties": {"id": 94, "name": "Old Ranch Estates NE", "lst": 44.42, "green": 36.28, "pop": 178, "pct65": 10.9, "ac": 93.8, "holc": null, "access_min": 14.5, "access_km": 1.16, "score": 17.3, "rank": 400.0, "area_m2": 109965, "street_m": 1411, "canopy_m2": 39914.0, "row_m2": 16169.0, "row_canopy": 17.4, "veg": 33.3, "place": "res", "land": null, "green_src": "canopy", "canopy_source": "usfs-2022", "canopy_year": "2022", "assessed_m2": 110025.72, "coverage_frac": 1.0, "canopy_quality": "full", "scenario_ok": true, "canopy_baseline_ok": true, "ac_src": "lace", "ac_coverage": 1.0, "acs_year": 2024, "access_snap_m": 91.0, "access_quality": "network-estimate", "access_src": "routed"}, "geometry": {"type": "Polygon", "coordinates": [[[-121.91593, 37.74189], [-121.91484, 37.74357], [-121.9161, 37.74509], [-121.91844, 37.74492], [-121.91952, 37.74324], [-121.91826, 37.74172], [-121.91593, 37.74189]]]}}, {"type": "Feature", "properties": {"id": 95, "name": "Serena & Cordova SW", "lst": 50.19, "green": 4.77, "pop": 14, "pct65": 12.0, "ac": 93.8, "holc": null, "access_min": 4.8, "access_km": 0.38, "score": 72.9, "rank": 53.0, "area_m2": 109951, "street_m": 454, "canopy_m2": 5247.0, "row_m2": 5744.0, "row_canopy": 1.7, "veg": 15.9, "place": "res", "land": null, "green_src": "canopy", "canopy_source": "usfs-2022", "canopy_year": "2022", "assessed_m2": 110011.68, "coverage_frac": 1.0, "canopy_quality": "full", "scenario_ok": true, "canopy_baseline_ok": true, "ac_src": "lace", "ac_coverage": 1.0, "acs_year": 2024, "access_snap_m": 85.0, "access_quality": "network-estimate", "access_src": "routed"}, "geometry": {"type": "Polygon", "coordinates": [[[-121.91987, 37.74962], [-121.91878, 37.75131], [-121.92004, 37.75282], [-121.92238, 37.75265], [-121.92346, 37.75097], [-121.92221, 37.74946], [-121.91987, 37.74962]]]}}, {"type": "Feature", "properties": {"id": 96, "name": "Serena & Cordova SW 2", "lst": 48.75, "green": 0.0, "pop": 0, "pct65": 12.3, "ac": 65.07, "holc": null, "access_min": 8.6, "access_km": 0.68, "score": null, "rank": null, "area_m2": 109946, "street_m": 0, "canopy_m2": 0.0, "row_m2": 0.0, "row_canopy": 0.0, "veg": 12.3, "place": "empty", "land": "grassland", "green_src": "canopy", "canopy_source": "usfs-2022", "canopy_year": "2022", "assessed_m2": 110005.56, "coverage_frac": 0.999998814007567, "canopy_quality": "full", "scenario_ok": false, "canopy_baseline_ok": true, "ac_src": "income-model", "ac_coverage": null, "acs_year": 2024, "access_snap_m": 387.0, "access_quality": "approach-review", "access_src": "routed"}, "geometry": {"type": "Polygon", "coordinates": [[[-121.92346, 37.75097], [-121.92238, 37.75265], [-121.92364, 37.75416], [-121.92597, 37.75399], [-121.92706, 37.75231], [-121.9258, 37.7508], [-121.92346, 37.75097]]]}}, {"type": "Feature", "properties": {"id": 97, "name": "Serena & Cordova S", "lst": 48.09, "green": 9.69, "pop": 112, "pct65": 11.1, "ac": 93.8, "holc": null, "access_min": 9.5, "access_km": 0.76, "score": 64.7, "rank": 98.0, "area_m2": 109952, "street_m": 729, "canopy_m2": 10665.0, "row_m2": 9571.0, "row_canopy": 1.2, "veg": 18.7, "place": "res", "land": null, "green_src": "canopy", "canopy_source": "usfs-2022", "canopy_year": "2022", "assessed_m2": 110009.88, "coverage_frac": 0.9999782179730636, "canopy_quality": "full", "scenario_ok": true, "canopy_baseline_ok": true, "ac_src": "lace", "ac_coverage": 1.0, "acs_year": 2024, "access_snap_m": 82.0, "access_quality": "network-estimate", "access_src": "routed"}, "geometry": {"type": "Polygon", "coordinates": [[[-121.91645, 37.75147], [-121.91536, 37.75316], [-121.91662, 37.75467], [-121.91896, 37.7545], [-121.92004, 37.75282], [-121.91878, 37.75131], [-121.91645, 37.75147]]]}}, {"type": "Feature", "properties": {"id": 98, "name": "Serena & Cordova W", "lst": 50.37, "green": 0.13, "pop": 40, "pct65": 11.7, "ac": 93.8, "holc": null, "access_min": 13.3, "access_km": 1.07, "score": 80.6, "rank": 24.0, "area_m2": 109947, "street_m": 823, "canopy_m2": 139.0, "row_m2": 10648.0, "row_canopy": 0.1, "veg": 10.4, "place": "res", "land": null, "green_src": "canopy", "canopy_source": "usfs-2022", "canopy_year": "2022", "assessed_m2": 110006.28, "coverage_frac": 0.9999946192757692, "canopy_quality": "full", "scenario_ok": true, "canopy_baseline_ok": true, "ac_src": "lace", "ac_coverage": 1.0, "acs_year": 2024, "access_snap_m": 138.0, "access_quality": "approach-review", "access_src": "routed"}, "geometry": {"type": "Polygon", "coordinates": [[[-121.92004, 37.75282], [-121.91896, 37.7545], [-121.92021, 37.75601], [-121.92255, 37.75584], [-121.92364, 37.75416], [-121.92238, 37.75265], [-121.92004, 37.75282]]]}}, {"type": "Feature", "properties": {"id": 99, "name": "Old Ranch Estates N 3", "lst": 51.01, "green": 6.25, "pop": 15, "pct65": 12.0, "ac": 93.8, "holc": null, "access_min": 0.9, "access_km": 0.07, "score": 75.8, "rank": 34.0, "area_m2": 109956, "street_m": 0, "canopy_m2": 6873.0, "row_m2": 0.0, "row_canopy": 0.0, "veg": 15.2, "place": "res", "land": null, "green_src": "canopy", "canopy_source": "usfs-2022", "canopy_year": "2022", "assessed_m2": 110014.2, "coverage_frac": 0.9999898390745412, "canopy_quality": "full", "scenario_ok": false, "canopy_baseline_ok": true, "ac_src": "lace", "ac_coverage": 1.0, "acs_year": 2024, "access_snap_m": 56.0, "access_quality": "network-estimate", "access_src": "routed"}, "geometry": {"type": "Polygon", "coordinates": [[[-121.91969, 37.74643], [-121.91861, 37.74811], [-121.91987, 37.74962], [-121.92221, 37.74946], [-121.92329, 37.74778], [-121.92203, 37.74626], [-121.91969, 37.74643]]]}}, {"type": "Feature", "properties": {"id": 100, "name": "Old Ranch Estates NW 2", "lst": 49.87, "green": 0.0, "pop": 35, "pct65": 11.7, "ac": 93.8, "holc": null, "access_min": 5.9, "access_km": 0.47, "score": 77.6, "rank": 28.0, "area_m2": 109950, "street_m": 0, "canopy_m2": 5.0, "row_m2": 0.0, "row_canopy": 0.0, "veg": 11.4, "place": "res", "land": null, "green_src": "canopy", "canopy_source": "usfs-2022", "canopy_year": "2022", "assessed_m2": 110007.36, "coverage_frac": 0.9999767909307226, "canopy_quality": "full", "scenario_ok": false, "canopy_baseline_ok": true, "ac_src": "lace", "ac_coverage": 1.0, "acs_year": 2024, "access_snap_m": 302.0, "access_quality": "approach-review", "access_src": "routed"}, "geometry": {"type": "Polygon", "coordinates": [[[-121.92329, 37.74778], [-121.92221, 37.74946], [-121.92346, 37.75097], [-121.9258, 37.7508], [-121.92688, 37.74912], [-121.92563, 37.74761], [-121.92329, 37.74778]]]}}, {"type": "Feature", "properties": {"id": 101, "name": "Serena & Cordova S 2", "lst": 47.36, "green": 11.22, "pop": 47, "pct65": 11.6, "ac": 93.8, "holc": null, "access_min": 4.5, "access_km": 0.36, "score": 54.5, "rank": 174.0, "area_m2": 109957, "street_m": 928, "canopy_m2": 12339.0, "row_m2": 12670.0, "row_canopy": 3.0, "veg": 24.0, "place": "res", "land": null, "green_src": "canopy", "canopy_source": "usfs-2022", "canopy_year": "2022", "assessed_m2": 110013.12, "coverage_frac": 0.9999692821153412, "canopy_quality": "full", "scenario_ok": true, "canopy_baseline_ok": true, "ac_src": "lace", "ac_coverage": 1.0, "acs_year": 2024, "access_snap_m": 111.0, "access_quality": "approach-review", "access_src": "routed"}, "geometry": {"type": "Polygon", "coordinates": [[[-121.91627, 37.74828], [-121.91519, 37.74996], [-121.91645, 37.75147], [-121.91878, 37.75131], [-121.91987, 37.74962], [-121.91861, 37.74811], [-121.91627, 37.74828]]]}}, {"type": "Feature", "properties": {"id": 102, "name": "Fairway Village Apartments N", "lst": 44.44, "green": 13.16, "pop": 117, "pct65": 21.0, "ac": 84.9, "holc": null, "access_min": 1.5, "access_km": 0.12, "score": 46.5, "rank": 243.0, "area_m2": 109966, "street_m": 710, "canopy_m2": 14477.0, "row_m2": 9287.0, "row_canopy": 5.2, "veg": 27.6, "place": "res", "land": null, "green_src": "canopy", "canopy_source": "usfs-2022", "canopy_year": "2022", "assessed_m2": 110022.12, "coverage_frac": 0.9999682748109526, "canopy_quality": "full", "scenario_ok": true, "canopy_baseline_ok": true, "ac_src": "lace", "ac_coverage": 1.0, "acs_year": 2024, "access_snap_m": 87.0, "access_quality": "network-estimate", "access_src": "routed"}, "geometry": {"type": "Polygon", "coordinates": [[[-121.92601, 37.73315], [-121.92493, 37.73483], [-121.92619, 37.73634], [-121.92853, 37.73618], [-121.92961, 37.73449], [-121.92835, 37.73298], [-121.92601, 37.73315]]]}}, {"type": "Feature", "properties": {"id": 103, "name": "Fairway Village Apartments N 2", "lst": 42.37, "green": 12.75, "pop": 109, "pct65": 20.7, "ac": 84.9, "holc": null, "access_min": 5.4, "access_km": 0.43, "score": 34.3, "rank": 323.0, "area_m2": 109961, "street_m": 748, "canopy_m2": 14022.0, "row_m2": 9780.0, "row_canopy": 5.5, "veg": 33.0, "place": "res", "land": null, "green_src": "canopy", "canopy_source": "usfs-2022", "canopy_year": "2022", "assessed_m2": 110015.64, "coverage_frac": 0.999958501837481, "canopy_quality": "full", "scenario_ok": true, "canopy_baseline_ok": true, "ac_src": "lace", "ac_coverage": 1.0, "acs_year": 2024, "access_snap_m": 160.0, "access_quality": "approach-review", "access_src": "routed"}, "geometry": {"type": "Polygon", "coordinates": [[[-121.92961, 37.73449], [-121.92853, 37.73618], [-121.92978, 37.73769], [-121.93212, 37.73752], [-121.9332, 37.73584], [-121.93195, 37.73433], [-121.92961, 37.73449]]]}}, {"type": "Feature", "properties": {"id": 104, "name": "Old Ranch Summit S 2", "lst": 45.85, "green": 14.06, "pop": 112, "pct65": 11.8, "ac": 85.3, "holc": null, "access_min": 7.2, "access_km": 0.58, "score": 47.6, "rank": 231.0, "area_m2": 109967, "street_m": 1426, "canopy_m2": 15471.0, "row_m2": 13943.0, "row_canopy": 14.0, "veg": 21.4, "place": "res", "land": null, "green_src": "canopy", "canopy_source": "usfs-2022", "canopy_year": "2022", "assessed_m2": 110028.24, "coverage_frac": 1.0, "canopy_quality": "full", "scenario_ok": true, "canopy_baseline_ok": true, "ac_src": "lace", "ac_coverage": 1.0, "acs_year": 2024, "access_snap_m": 91.0, "access_quality": "network-estimate", "access_src": "routed"}, "geometry": {"type": "Polygon", "coordinates": [[[-121.92259, 37.735], [-121.92151, 37.73668], [-121.92277, 37.73819], [-121.92511, 37.73803], [-121.92619, 37.73634], [-121.92493, 37.73483], [-121.92259, 37.735]]]}}, {"type": "Feature", "properties": {"id": 105, "name": "Old Ranch Summit S", "lst": 44.12, "green": 16.78, "pop": 145, "pct65": 20.1, "ac": 86.25, "holc": null, "access_min": 8.2, "access_km": 0.66, "score": 41.7, "rank": 269.0, "area_m2": 109962, "street_m": 1374, "canopy_m2": 18459.0, "row_m2": 14860.0, "row_canopy": 6.3, "veg": 29.4, "place": "res", "land": null, "green_src": "canopy", "canopy_source": "usfs-2022", "canopy_year": "2022", "assessed_m2": 110021.76, "coverage_frac": 1.0, "canopy_quality": "full", "scenario_ok": true, "canopy_baseline_ok": true, "ac_src": "lace", "ac_coverage": 1.0, "acs_year": 2024, "access_snap_m": 104.0, "access_quality": "approach-review", "access_src": "routed"}, "geometry": {"type": "Polygon", "coordinates": [[[-121.92619, 37.73634], [-121.92511, 37.73803], [-121.92636, 37.73954], [-121.9287, 37.73937], [-121.92978, 37.73769], [-121.92853, 37.73618], [-121.92619, 37.73634]]]}}, {"type": "Feature", "properties": {"id": 106, "name": "Fairway Village Apartments", "lst": 45.74, "green": 18.17, "pop": 197, "pct65": 41.5, "ac": 84.9, "holc": null, "access_min": 4.1, "access_km": 0.33, "score": 67.5, "rank": 81.0, "area_m2": 109970, "street_m": 1560, "canopy_m2": 19988.0, "row_m2": 19842.0, "row_canopy": 5.7, "veg": 23.0, "place": "res", "land": null, "green_src": "canopy", "canopy_source": "usfs-2022", "canopy_year": "2022", "assessed_m2": 110026.44, "coverage_frac": 0.99996920215711, "canopy_quality": "full", "scenario_ok": true, "canopy_baseline_ok": true, "ac_src": "lace", "ac_coverage": 1.0, "acs_year": 2024, "access_snap_m": 48.0, "access_quality": "network-estimate", "access_src": "routed"}, "geometry": {"type": "Polygon", "coordinates": [[[-121.92584, 37.72996], [-121.92476, 37.73164], [-121.92601, 37.73315], [-121.92835, 37.73298], [-121.92943, 37.7313], [-121.92818, 37.72979], [-121.92584, 37.72996]]]}}, {"type": "Feature", "properties": {"id": 107, "name": "Fairway Village Apartments NW", "lst": 42.64, "green": 12.99, "pop": 72, "pct65": 15.1, "ac": 84.21, "holc": null, "access_min": 4.2, "access_km": 0.34, "score": 30.7, "rank": 345.0, "area_m2": 109965, "street_m": 64, "canopy_m2": 14297.0, "row_m2": 1192.0, "row_canopy": 2.5, "veg": 36.5, "place": "res", "land": null, "green_src": "canopy", "canopy_source": "usfs-2022", "canopy_year": "2022", "assessed_m2": 110024.28, "coverage_frac": 0.9999986918538406, "canopy_quality": "full", "scenario_ok": true, "canopy_baseline_ok": true, "ac_src": "lace", "ac_coverage": 1.0, "acs_year": 2024, "access_snap_m": 105.0, "access_quality": "approach-review", "access_src": "routed"}, "geometry": {"type": "Polygon", "coordinates": [[[-121.92943, 37.7313], [-121.92835, 37.73298], [-121.92961, 37.73449], [-121.93195, 37.73433], [-121.93303, 37.73264], [-121.93177, 37.73113], [-121.92943, 37.7313]]]}}, {"type": "Feature", "properties": {"id": 108, "name": "Senior Center Park Gardens", "lst": 45.16, "green": 16.9, "pop": 108, "pct65": 24.0, "ac": 84.9, "holc": null, "access_min": 0.8, "access_km": 0.07, "score": 48.1, "rank": 227.0, "area_m2": 109972, "street_m": 1169, "canopy_m2": 18593.0, "row_m2": 13418.0, "row_canopy": 9.7, "veg": 21.9, "place": "res", "land": null, "green_src": "canopy", "canopy_source": "usfs-2022", "canopy_year": "2022", "assessed_m2": 110030.76, "coverage_frac": 0.999997683489411, "canopy_quality": "full", "scenario_ok": true, "canopy_baseline_ok": true, "ac_src": "lace", "ac_coverage": 1.0, "acs_year": 2024, "access_snap_m": 29.0, "access_quality": "network-estimate", "access_src": "routed"}, "geometry": {"type": "Polygon", "coordinates": [[[-121.92242, 37.73181], [-121.92134, 37.73349], [-121.92259, 37.735], [-121.92493, 37.73483], [-121.92601, 37.73315], [-121.92476, 37.73164], [-121.92242, 37.73181]]]}}, {"type": "Feature", "properties": {"id": 109, "name": "Old Ranch Summit W 2", "lst": 46.52, "green": 10.55, "pop": 136, "pct65": 19.8, "ac": 84.9, "holc": null, "access_min": 16.5, "access_km": 1.32, "score": 61.9, "rank": 121.0, "area_m2": 109951, "street_m": 906, "canopy_m2": 11611.0, "row_m2": 12014.0, "row_canopy": 2.9, "veg": 20.3, "place": "res", "land": null, "green_src": "canopy", "canopy_source": "usfs-2022", "canopy_year": "2022", "assessed_m2": 110010.24, "coverage_frac": 0.9999969025576008, "canopy_quality": "full", "scenario_ok": true, "canopy_baseline_ok": true, "ac_src": "lace", "ac_coverage": 1.0, "acs_year": 2024, "access_snap_m": 161.0, "access_quality": "approach-review", "access_src": "routed"}, "geometry": {"type": "Polygon", "coordinates": [[[-121.93338, 37.73903], [-121.93229, 37.74071], [-121.93355, 37.74223], [-121.93589, 37.74206], [-121.93697, 37.74038], [-121.93571, 37.73886], [-121.93338, 37.73903]]]}}, {"type": "Feature", "properties": {"id": 110, "name": "Old Ranch Summit W 4", "lst": 47.26, "green": 12.54, "pop": 116, "pct65": 13.4, "ac": 84.54, "holc": null, "access_min": 19.5, "access_km": 1.56, "score": 58.6, "rank": 136.0, "area_m2": 109946, "street_m": 732, "canopy_m2": 13797.0, "row_m2": 9667.0, "row_canopy": 6.2, "veg": 18.8, "place": "res", "land": null, "green_src": "canopy", "canopy_source": "usfs-2022", "canopy_year": "2022", "assessed_m2": 110004.48, "coverage_frac": 0.999993688226412, "canopy_quality": "full", "scenario_ok": true, "canopy_baseline_ok": true, "ac_src": "lace", "ac_coverage": 1.0, "acs_year": 2024, "access_snap_m": 118.0, "access_quality": "approach-review", "access_src": "routed"}, "geometry": {"type": "Polygon", "coordinates": [[[-121.93697, 37.74038], [-121.93589, 37.74206], [-121.93714, 37.74357], [-121.93948, 37.7434], [-121.94056, 37.74172], [-121.93931, 37.74021], [-121.93697, 37.74038]]]}}, {"type": "Feature", "properties": {"id": 111, "name": "Old Ranch Summit W", "lst": 43.75, "green": 14.69, "pop": 158, "pct65": 19.3, "ac": 85.86, "holc": null, "access_min": 14.7, "access_km": 1.17, "score": 41.8, "rank": 267.0, "area_m2": 109952, "street_m": 1425, "canopy_m2": 16155.0, "row_m2": 15785.0, "row_canopy": 7.5, "veg": 30.0, "place": "res", "land": null, "green_src": "canopy", "canopy_source": "usfs-2022", "canopy_year": "2022", "assessed_m2": 110010.6, "coverage_frac": 0.9999893954582104, "canopy_quality": "full", "scenario_ok": true, "canopy_baseline_ok": true, "ac_src": "lace", "ac_coverage": 1.0, "acs_year": 2024, "access_snap_m": 140.0, "access_quality": "approach-review", "access_src": "routed"}, "geometry": {"type": "Polygon", "coordinates": [[[-121.92996, 37.74088], [-121.92887, 37.74256], [-121.93013, 37.74408], [-121.93247, 37.74391], [-121.93355, 37.74223], [-121.93229, 37.74071], [-121.92996, 37.74088]]]}}, {"type": "Feature", "properties": {"id": 112, "name": "Old Ranch Summit W 3", "lst": 44.69, "green": 5.72, "pop": 15, "pct65": 12.3, "ac": 84.9, "holc": null, "access_min": 16.7, "access_km": 1.34, "score": 44.0, "rank": 261.0, "area_m2": 109947, "street_m": 82, "canopy_m2": 6297.0, "row_m2": 1109.0, "row_canopy": 2.8, "veg": 21.4, "place": "res", "land": null, "green_src": "canopy", "canopy_source": "usfs-2022", "canopy_year": "2022", "assessed_m2": 110003.76, "coverage_frac": 0.9999763591039664, "canopy_quality": "full", "scenario_ok": true, "canopy_baseline_ok": true, "ac_src": "lace", "ac_coverage": 1.0, "acs_year": 2024, "access_snap_m": 185.0, "access_quality": "approach-review", "access_src": "routed"}, "geometry": {"type": "Polygon", "coordinates": [[[-121.93355, 37.74223], [-121.93247, 37.74391], [-121.93372, 37.74542], [-121.93606, 37.74525], [-121.93714, 37.74357], [-121.93589, 37.74206], [-121.93355, 37.74223]]]}}, {"type": "Feature", "properties": {"id": 113, "name": "Old Ranch Summit SW 2", "lst": 45.71, "green": 15.35, "pop": 188, "pct65": 19.7, "ac": 84.61, "holc": null, "access_min": 11.5, "access_km": 0.92, "score": 55.1, "rank": 168.0, "area_m2": 109955, "street_m": 1068, "canopy_m2": 16884.0, "row_m2": 13742.0, "row_canopy": 5.2, "veg": 23.4, "place": "res", "land": null, "green_src": "canopy", "canopy_source": "usfs-2022", "canopy_year": "2022", "assessed_m2": 110014.92, "coverage_frac": 1.0, "canopy_quality": "full", "scenario_ok": true, "canopy_baseline_ok": true, "ac_src": "lace", "ac_coverage": 1.0, "acs_year": 2024, "access_snap_m": 141.0, "access_quality": "approach-review", "access_src": "routed"}, "geometry": {"type": "Polygon", "coordinates": [[[-121.9332, 37.73584], [-121.93212, 37.73752], [-121.93338, 37.73903], [-121.93571, 37.73886], [-121.9368, 37.73718], [-121.93554, 37.73567], [-121.9332, 37.73584]]]}}, {"type": "Feature", "properties": {"id": 114, "name": "Old Ranch Summit W 5", "lst": 47.71, "green": 12.05, "pop": 378, "pct65": 16.9, "ac": 84.12, "holc": null, "access_min": 19.3, "access_km": 1.55, "score": 83.9, "rank": 14.0, "area_m2": 109950, "street_m": 936, "canopy_m2": 13257.0, "row_m2": 12380.0, "row_canopy": 2.5, "veg": 19.8, "place": "res", "land": null, "green_src": "canopy", "canopy_source": "usfs-2022", "canopy_year": "2022", "assessed_m2": 110008.08, "coverage_frac": 0.9999880572480144, "canopy_quality": "full", "scenario_ok": true, "canopy_baseline_ok": true, "ac_src": "lace", "ac_coverage": 1.0, "acs_year": 2024, "access_snap_m": 151.0, "access_quality": "approach-review", "access_src": "routed"}, "geometry": {"type": "Polygon", "coordinates": [[[-121.9368, 37.73718], [-121.93571, 37.73886], [-121.93697, 37.74038], [-121.93931, 37.74021], [-121.94039, 37.73853], [-121.93913, 37.73701], [-121.9368, 37.73718]]]}}, {"type": "Feature", "properties": {"id": 115, "name": "Old Ranch Summit SW", "lst": 44.04, "green": 12.77, "pop": 114, "pct65": 20.9, "ac": 84.9, "holc": null, "access_min": 9.3, "access_km": 0.74, "score": 44.3, "rank": 256.0, "area_m2": 109956, "street_m": 1112, "canopy_m2": 14045.0, "row_m2": 14347.0, "row_canopy": 4.2, "veg": 28.5, "place": "res", "land": null, "green_src": "canopy", "canopy_source": "usfs-2022", "canopy_year": "2022", "assessed_m2": 110012.4, "coverage_frac": 0.99996739986527, "canopy_quality": "full", "scenario_ok": true, "canopy_baseline_ok": true, "ac_src": "lace", "ac_coverage": 1.0, "acs_year": 2024, "access_snap_m": 131.0, "access_quality": "approach-review", "access_src": "routed"}, "geometry": {"type": "Polygon", "coordinates": [[[-121.92978, 37.73769], [-121.9287, 37.73937], [-121.92996, 37.74088], [-121.93229, 37.74071], [-121.93338, 37.73903], [-121.93212, 37.73752], [-121.92978, 37.73769]]]}}, {"type": "Feature", "properties": {"id": 116, "name": "Bent Creek Estates", "lst": 45.32, "green": 34.88, "pop": 176, "pct65": 8.9, "ac": 86.23, "holc": null, "access_min": 20.1, "access_km": 1.61, "score": 23.0, "rank": 381.0, "area_m2": 109974, "street_m": 1733, "canopy_m2": 38379.0, "row_m2": 19250.0, "row_canopy": 15.7, "veg": 30.0, "place": "res", "land": null, "green_src": "canopy", "canopy_source": "usfs-2022", "canopy_year": "2022", "assessed_m2": 110032.92, "coverage_frac": 0.999995782102734, "canopy_quality": "full", "scenario_ok": true, "canopy_baseline_ok": true, "ac_src": "lace", "ac_coverage": 1.0, "acs_year": 2024, "access_snap_m": 147.0, "access_quality": "approach-review", "access_src": "routed"}, "geometry": {"type": "Polygon", "coordinates": [[[-121.91558, 37.7355], [-121.9145, 37.73719], [-121.91575, 37.7387], [-121.91809, 37.73853], [-121.91917, 37.73685], [-121.91792, 37.73534], [-121.91558, 37.7355]]]}}, {"type": "Feature", "properties": {"id": 117, "name": "Old Ranch Estates S", "lst": 46.79, "green": 17.02, "pop": 120, "pct65": 11.1, "ac": 93.8, "holc": null, "access_min": 13.2, "access_km": 1.06, "score": 50.0, "rank": 210.0, "area_m2": 109968, "street_m": 1379, "canopy_m2": 18731.0, "row_m2": 16595.0, "row_canopy": 7.0, "veg": 20.0, "place": "res", "land": null, "green_src": "canopy", "canopy_source": "usfs-2022", "canopy_year": "2022", "assessed_m2": 110023.2, "coverage_frac": 0.9999565501344144, "canopy_quality": "full", "scenario_ok": true, "canopy_baseline_ok": true, "ac_src": "lace", "ac_coverage": 1.0, "acs_year": 2024, "access_snap_m": 116.0, "access_quality": "approach-review", "access_src": "routed"}, "geometry": {"type": "Polygon", "coordinates": [[[-121.91917, 37.73685], [-121.91809, 37.73853], [-121.91935, 37.74004], [-121.92169, 37.73988], [-121.92277, 37.73819], [-121.92151, 37.73668], [-121.91917, 37.73685]]]}}, {"type": "Feature", "properties": {"id": 118, "name": "Bent Creek Estates NE", "lst": 46.5, "green": 13.41, "pop": 169, "pct65": 8.8, "ac": 85.59, "holc": null, "access_min": 19.5, "access_km": 1.56, "score": 53.7, "rank": 182.0, "area_m2": 109975, "street_m": 1448, "canopy_m2": 14751.0, "row_m2": 16347.0, "row_canopy": 15.6, "veg": 18.5, "place": "res", "land": null, "green_src": "canopy", "canopy_source": "usfs-2022", "canopy_year": "2022", "assessed_m2": 110035.44, "coverage_frac": 1.0, "canopy_quality": "full", "scenario_ok": true, "canopy_baseline_ok": true, "ac_src": "lace", "ac_coverage": 1.0, "acs_year": 2024, "access_snap_m": 109.0, "access_quality": "approach-review", "access_src": "routed"}, "geometry": {"type": "Polygon", "coordinates": [[[-121.91216, 37.73735], [-121.91108, 37.73904], [-121.91233, 37.74055], [-121.91467, 37.74038], [-121.91575, 37.7387], [-121.9145, 37.73719], [-121.91216, 37.73735]]]}}, {"type": "Feature", "properties": {"id": 119, "name": "Old Ranch Estates SE", "lst": 44.78, "green": 33.59, "pop": 195, "pct65": 10.8, "ac": 93.8, "holc": null, "access_min": 18.2, "access_km": 1.45, "score": 22.9, "rank": 384.0, "area_m2": 109970, "street_m": 1862, "canopy_m2": 36961.0, "row_m2": 21049.0, "row_canopy": 13.5, "veg": 29.0, "place": "res", "land": null, "green_src": "canopy", "canopy_source": "usfs-2022", "canopy_year": "2022", "assessed_m2": 110029.32, "coverage_frac": 1.0, "canopy_quality": "full", "scenario_ok": true, "canopy_baseline_ok": true, "ac_src": "lace", "ac_coverage": 1.0, "acs_year": 2024, "access_snap_m": 116.0, "access_quality": "approach-review", "access_src": "routed"}, "geometry": {"type": "Polygon", "coordinates": [[[-121.91575, 37.7387], [-121.91467, 37.74038], [-121.91593, 37.74189], [-121.91826, 37.74172], [-121.91935, 37.74004], [-121.91809, 37.73853], [-121.91575, 37.7387]]]}}, {"type": "Feature", "properties": {"id": 120, "name": "The Hills at Bent Creek", "lst": 47.02, "green": 15.37, "pop": 232, "pct65": 8.2, "ac": 84.9, "holc": null, "access_min": 19.6, "access_km": 1.57, "score": 58.2, "rank": 145.0, "area_m2": 109978, "street_m": 664, "canopy_m2": 16912.0, "row_m2": 9199.0, "row_canopy": 2.6, "veg": 19.8, "place": "res", "land": null, "green_src": "canopy", "canopy_source": "usfs-2022", "canopy_year": "2022", "assessed_m2": 110037.24, "coverage_frac": 0.9999966989128342, "canopy_quality": "full", "scenario_ok": true, "canopy_baseline_ok": true, "ac_src": "lace", "ac_coverage": 1.0, "acs_year": 2024, "access_snap_m": 199.0, "access_quality": "approach-review", "access_src": "routed"}, "geometry": {"type": "Polygon", "coordinates": [[[-121.91541, 37.73231], [-121.91432, 37.73399], [-121.91558, 37.7355], [-121.91792, 37.73534], [-121.919, 37.73366], [-121.91774, 37.73214], [-121.91541, 37.73231]]]}}, {"type": "Feature", "properties": {"id": 121, "name": "Old Ranch Park", "lst": 47.26, "green": 9.83, "pop": 0, "pct65": 12.3, "ac": 65.07, "holc": null, "access_min": 19.6, "access_km": 1.57, "score": null, "rank": null, "area_m2": 109973, "street_m": 842, "canopy_m2": 10815.0, "row_m2": 8942.0, "row_canopy": 14.8, "veg": 21.4, "place": "activity", "land": null, "green_src": "canopy", "canopy_source": "usfs-2022", "canopy_year": "2022", "assessed_m2": 110026.44, "coverage_frac": 0.999947651416281, "canopy_quality": "full", "scenario_ok": true, "canopy_baseline_ok": true, "ac_src": "income-model", "ac_coverage": null, "acs_year": 2024, "access_snap_m": 98.0, "access_quality": "network-estimate", "access_src": "routed"}, "geometry": {"type": "Polygon", "coordinates": [[[-121.919, 37.73366], [-121.91792, 37.73534], [-121.91917, 37.73685], [-121.92151, 37.73668], [-121.92259, 37.735], [-121.92134, 37.73349], [-121.919, 37.73366]]]}}, {"type": "Feature", "properties": {"id": 122, "name": "Bent Creek Estates E", "lst": 44.92, "green": 29.6, "pop": 136, "pct65": 9.0, "ac": 84.9, "holc": null, "access_min": 24.7, "access_km": 1.98, "score": 25.2, "rank": 372.0, "area_m2": 109979, "street_m": 1689, "canopy_m2": 32570.0, "row_m2": 20092.0, "row_canopy": 14.0, "veg": 25.4, "place": "res", "land": null, "green_src": "canopy", "canopy_source": "usfs-2022", "canopy_year": "2022", "assessed_m2": 110037.24, "coverage_frac": 0.9999859424534412, "canopy_quality": "full", "scenario_ok": true, "canopy_baseline_ok": true, "ac_src": "lace", "ac_coverage": 1.0, "acs_year": 2024, "access_snap_m": 131.0, "access_quality": "approach-review", "access_src": "routed"}, "geometry": {"type": "Polygon", "coordinates": [[[-121.91198, 37.73416], [-121.9109, 37.73584], [-121.91216, 37.73735], [-121.9145, 37.73719], [-121.91558, 37.7355], [-121.91432, 37.73399], [-121.91198, 37.73416]]]}}, {"type": "Feature", "properties": {"id": 123, "name": "Waterford S", "lst": 48.61, "green": 0.0, "pop": 0, "pct65": 12.3, "ac": 65.07, "holc": null, "access_min": 36.3, "access_km": 2.9, "score": null, "rank": null, "area_m2": 109989, "street_m": 0, "canopy_m2": 0.0, "row_m2": 0.0, "row_canopy": 0.0, "veg": 12.0, "place": "empty", "land": "grassland", "green_src": "canopy", "canopy_source": "usfs-2022", "canopy_year": "2022", "assessed_m2": 47927.88, "coverage_frac": 0.4355124484843066, "canopy_quality": "partial", "scenario_ok": false, "canopy_baseline_ok": false, "ac_src": "income-model", "ac_coverage": null, "acs_year": 2024, "access_snap_m": 437.0, "access_quality": "approach-review", "access_src": "routed"}, "geometry": {"type": "Polygon", "coordinates": [[[-121.88119, 37.7508], [-121.88011, 37.75248], [-121.88136, 37.75399], [-121.8837, 37.75383], [-121.88478, 37.75215], [-121.88353, 37.75063], [-121.88119, 37.7508]]]}}, {"type": "Feature", "properties": {"id": 124, "name": "La Sera E", "lst": 46.57, "green": 0.0, "pop": 0, "pct65": 12.3, "ac": 65.07, "holc": null, "access_min": 31.8, "access_km": 2.55, "score": null, "rank": null, "area_m2": 109984, "street_m": 0, "canopy_m2": 0.0, "row_m2": 0.0, "row_canopy": 0.0, "veg": 13.0, "place": "empty", "land": "grassland", "green_src": "canopy", "canopy_source": "usfs-2022", "canopy_year": "2022", "assessed_m2": 110044.44, "coverage_frac": 1.0, "canopy_quality": "full", "scenario_ok": false, "canopy_baseline_ok": true, "ac_src": "income-model", "ac_coverage": null, "acs_year": 2024, "access_snap_m": 278.0, "access_quality": "approach-review", "access_src": "routed"}, "geometry": {"type": "Polygon", "coordinates": [[[-121.88478, 37.75215], [-121.8837, 37.75383], [-121.88496, 37.75534], [-121.8873, 37.75517], [-121.88838, 37.75349], [-121.88712, 37.75198], [-121.88478, 37.75215]]]}}, {"type": "Feature", "properties": {"id": 125, "name": "Waterford SE", "lst": 47.41, "green": 0.0, "pop": 0, "pct65": 12.3, "ac": 65.07, "holc": null, "access_min": 38.9, "access_km": 3.11, "score": null, "rank": null, "area_m2": 109985, "street_m": 0, "canopy_m2": 0.0, "row_m2": 0.0, "row_canopy": 0.0, "veg": 12.9, "place": "empty", "land": "grassland", "green_src": "canopy", "canopy_source": "usfs-2022", "canopy_year": "2022", "assessed_m2": 104262.84, "coverage_frac": 0.947454972129262, "canopy_quality": "partial", "scenario_ok": false, "canopy_baseline_ok": false, "ac_src": "income-model", "ac_coverage": null, "acs_year": 2024, "access_snap_m": 358.0, "access_quality": "approach-review", "access_src": "routed"}, "geometry": {"type": "Polygon", "coordinates": [[[-121.88136, 37.75399], [-121.88028, 37.75568], [-121.88153, 37.75719], [-121.88387, 37.75702], [-121.88496, 37.75534], [-121.8837, 37.75383], [-121.88136, 37.75399]]]}}, {"type": "Feature", "properties": {"id": 126, "name": "Montecito E 2", "lst": 48.94, "green": 0.0, "pop": 0, "pct65": 12.3, "ac": 65.07, "holc": null, "access_min": 35.1, "access_km": 2.8, "score": null, "rank": null, "area_m2": 109994, "street_m": 0, "canopy_m2": 0.0, "row_m2": 0.0, "row_canopy": 0.0, "veg": 12.7, "place": "empty", "land": "grassland", "green_src": "canopy", "canopy_source": "usfs-2022", "canopy_year": "2022", "assessed_m2": 35011.08, "coverage_frac": 0.318127484035717, "canopy_quality": "partial", "scenario_ok": false, "canopy_baseline_ok": false, "ac_src": "income-model", "ac_coverage": null, "acs_year": 2024, "access_snap_m": 351.0, "access_quality": "approach-review", "access_src": "routed"}, "geometry": {"type": "Polygon", "coordinates": [[[-121.88102, 37.74761], [-121.87993, 37.74929], [-121.88119, 37.7508], [-121.88353, 37.75063], [-121.88461, 37.74895], [-121.88336, 37.74744], [-121.88102, 37.74761]]]}}, {"type": "Feature", "properties": {"id": 127, "name": "Montecito E", "lst": 46.91, "green": 7.87, "pop": 129, "pct65": 12.8, "ac": 100.0, "holc": null, "access_min": 31.5, "access_km": 2.52, "score": 62.0, "rank": 119.0, "area_m2": 109988, "street_m": 518, "canopy_m2": 8657.0, "row_m2": 5148.0, "row_canopy": 28.4, "veg": 17.5, "place": "res", "land": null, "green_src": "canopy", "canopy_source": "usfs-2022", "canopy_year": "2022", "assessed_m2": 110045.88, "coverage_frac": 0.9999787586012338, "canopy_quality": "full", "scenario_ok": true, "canopy_baseline_ok": true, "ac_src": "lace", "ac_coverage": 1.0, "acs_year": 2024, "access_snap_m": 154.0, "access_quality": "approach-review", "access_src": "routed"}, "geometry": {"type": "Polygon", "coordinates": [[[-121.88461, 37.74895], [-121.88353, 37.75063], [-121.88478, 37.75215], [-121.88712, 37.75198], [-121.88821, 37.7503], [-121.88695, 37.74878], [-121.88461, 37.74895]]]}}, {"type": "Feature", "properties": {"id": 128, "name": "Chantera SE 3", "lst": 47.01, "green": 12.48, "pop": 269, "pct65": 12.8, "ac": 99.83, "holc": null, "access_min": 35.9, "access_km": 2.88, "score": 67.3, "rank": 84.0, "area_m2": 109997, "street_m": 1491, "canopy_m2": 13737.0, "row_m2": 16738.0, "row_canopy": 14.2, "veg": 16.2, "place": "res", "land": null, "green_src": "canopy", "canopy_source": "usfs-2022", "canopy_year": "2022", "assessed_m2": 110051.64, "coverage_frac": 0.999954346249854, "canopy_quality": "full", "scenario_ok": true, "canopy_baseline_ok": true, "ac_src": "lace", "ac_coverage": 1.0, "acs_year": 2024, "access_snap_m": 171.0, "access_quality": "approach-review", "access_src": "routed"}, "geometry": {"type": "Polygon", "coordinates": [[[-121.88427, 37.74256], [-121.88318, 37.74424], [-121.88444, 37.74576], [-121.88678, 37.74559], [-121.88786, 37.74391], [-121.88661, 37.7424], [-121.88427, 37.74256]]]}}, {"type": "Feature", "properties": {"id": 129, "name": "Chantera SE", "lst": 45.36, "green": 16.42, "pop": 261, "pct65": 12.5, "ac": 99.62, "holc": null, "access_min": 31.6, "access_km": 2.53, "score": 50.6, "rank": 202.0, "area_m2": 109992, "street_m": 1831, "canopy_m2": 18069.0, "row_m2": 19585.0, "row_canopy": 19.7, "veg": 19.7, "place": "res", "land": null, "green_src": "canopy", "canopy_source": "usfs-2022", "canopy_year": "2022", "assessed_m2": 110050.2, "coverage_frac": 0.99999031616495, "canopy_quality": "full", "scenario_ok": true, "canopy_baseline_ok": true, "ac_src": "lace", "ac_coverage": 1.0, "acs_year": 2024, "access_snap_m": 31.0, "access_quality": "network-estimate", "access_src": "routed"}, "geometry": {"type": "Polygon", "coordinates": [[[-121.88786, 37.74391], [-121.88678, 37.74559], [-121.88803, 37.7471], [-121.89037, 37.74694], [-121.89146, 37.74525], [-121.8902, 37.74374], [-121.88786, 37.74391]]]}}, {"type": "Feature", "properties": {"id": 130, "name": "Chantera E 2", "lst": 49.66, "green": 0.0, "pop": 0, "pct65": 12.3, "ac": 65.07, "holc": null, "access_min": 37.7, "access_km": 3.01, "score": null, "rank": null, "area_m2": 109998, "street_m": 139, "canopy_m2": 0.0, "row_m2": 525.0, "row_canopy": 0.0, "veg": 12.4, "place": "activity", "land": null, "green_src": "canopy", "canopy_source": "usfs-2022", "canopy_year": "2022", "assessed_m2": 36127.08, "coverage_frac": 0.3282553980117572, "canopy_quality": "partial", "scenario_ok": true, "canopy_baseline_ok": false, "ac_src": "income-model", "ac_coverage": null, "acs_year": 2024, "access_snap_m": 290.0, "access_quality": "approach-review", "access_src": "routed"}, "geometry": {"type": "Polygon", "coordinates": [[[-121.88084, 37.74441], [-121.87976, 37.74609], [-121.88102, 37.74761], [-121.88336, 37.74744], [-121.88444, 37.74576], [-121.88318, 37.74424], [-121.88084, 37.74441]]]}}, {"type": "Feature", "properties": {"id": 131, "name": "Chantera E", "lst": 46.59, "green": 8.15, "pop": 321, "pct65": 13.0, "ac": 100.0, "holc": null, "access_min": 34.6, "access_km": 2.77, "score": 73.6, "rank": 45.0, "area_m2": 109993, "street_m": 896, "canopy_m2": 8971.0, "row_m2": 10008.0, "row_canopy": 19.4, "veg": 15.1, "place": "res", "land": null, "green_src": "canopy", "canopy_source": "usfs-2022", "canopy_year": "2022", "assessed_m2": 110048.4, "coverage_frac": 0.999963277117408, "canopy_quality": "full", "scenario_ok": true, "canopy_baseline_ok": true, "ac_src": "lace", "ac_coverage": 1.0, "acs_year": 2024, "access_snap_m": 58.0, "access_quality": "network-estimate", "access_src": "routed"}, "geometry": {"type": "Polygon", "coordinates": [[[-121.88444, 37.74576], [-121.88336, 37.74744], [-121.88461, 37.74895], [-121.88695, 37.74878], [-121.88803, 37.7471], [-121.88678, 37.74559], [-121.88444, 37.74576]]]}}, {"type": "Feature", "properties": {"id": 132, "name": "Wallis Ranch NW", "lst": 48.74, "green": 0.0, "pop": 0, "pct65": 12.3, "ac": 65.07, "holc": null, "access_min": 39.2, "access_km": 3.14, "score": null, "rank": null, "area_m2": 110001, "street_m": 0, "canopy_m2": 0.0, "row_m2": 0.0, "row_canopy": 0.0, "veg": 14.2, "place": "empty", "land": "grassland", "green_src": "canopy", "canopy_source": "usfs-2022", "canopy_year": "2022", "assessed_m2": 110061.0, "coverage_frac": 1.0, "canopy_quality": "full", "scenario_ok": false, "canopy_baseline_ok": true, "ac_src": "income-model", "ac_coverage": null, "acs_year": 2024, "access_snap_m": 242.0, "access_quality": "approach-review", "access_src": "routed"}, "geometry": {"type": "Polygon", "coordinates": [[[-121.88409, 37.73937], [-121.88301, 37.74105], [-121.88427, 37.74256], [-121.88661, 37.7424], [-121.88769, 37.74071], [-121.88643, 37.7392], [-121.88409, 37.73937]]]}}, {"type": "Feature", "properties": {"id": 133, "name": "Chantera SE 2", "lst": 47.98, "green": 1.95, "pop": 75, "pct65": 11.1, "ac": 97.8, "holc": null, "access_min": 35.4, "access_km": 2.83, "score": 68.9, "rank": 75.0, "area_m2": 109996, "street_m": 576, "canopy_m2": 2147.0, "row_m2": 7491.0, "row_canopy": 3.3, "veg": 13.7, "place": "res", "land": null, "green_src": "canopy", "canopy_source": "usfs-2022", "canopy_year": "2022", "assessed_m2": 110054.52, "coverage_frac": 0.9999912029950914, "canopy_quality": "full", "scenario_ok": true, "canopy_baseline_ok": true, "ac_src": "lace", "ac_coverage": 1.0, "acs_year": 2024, "access_snap_m": 146.0, "access_quality": "approach-review", "access_src": "routed"}, "geometry": {"type": "Polygon", "coordinates": [[[-121.88769, 37.74071], [-121.88661, 37.7424], [-121.88786, 37.74391], [-121.8902, 37.74374], [-121.89128, 37.74206], [-121.89003, 37.74055], [-121.88769, 37.74071]]]}}, {"type": "Feature", "properties": {"id": 134, "name": "Wallis Ranch", "lst": 48.79, "green": 1.44, "pop": 0, "pct65": 12.3, "ac": 65.07, "holc": null, "access_min": 40.3, "access_km": 3.23, "score": null, "rank": null, "area_m2": 110002, "street_m": 668, "canopy_m2": 1351.0, "row_m2": 5169.0, "row_canopy": 9.0, "veg": 13.8, "place": "activity", "land": null, "green_src": "canopy", "canopy_source": "usfs-2022", "canopy_year": "2022", "assessed_m2": 93496.68, "coverage_frac": 0.8494905307131901, "canopy_quality": "partial", "scenario_ok": true, "canopy_baseline_ok": false, "ac_src": "income-model", "ac_coverage": null, "acs_year": 2024, "access_snap_m": 353.0, "access_quality": "approach-review", "access_src": "routed"}, "geometry": {"type": "Polygon", "coordinates": [[[-121.88067, 37.74122], [-121.87959, 37.7429], [-121.88084, 37.74441], [-121.88318, 37.74424], [-121.88427, 37.74256], [-121.88301, 37.74105], [-121.88067, 37.74122]]]}}, {"type": "Feature", "properties": {"id": 135, "name": "Torello", "lst": 47.72, "green": 6.3, "pop": 220, "pct65": 8.9, "ac": 99.8, "holc": null, "access_min": 13.2, "access_km": 1.06, "score": 73.0, "rank": 50.0, "area_m2": 109967, "street_m": 704, "canopy_m2": 6933.0, "row_m2": 8676.0, "row_canopy": 9.5, "veg": 15.9, "place": "res", "land": null, "green_src": "canopy", "canopy_source": "usfs-2022", "canopy_year": "2022", "assessed_m2": 110023.2, "coverage_frac": 0.9999689435590234, "canopy_quality": "full", "scenario_ok": true, "canopy_baseline_ok": true, "ac_src": "lace", "ac_coverage": 1.0, "acs_year": 2024, "access_snap_m": 139.0, "access_quality": "approach-review", "access_src": "routed"}, "geometry": {"type": "Polygon", "coordinates": [[[-121.89899, 37.75433], [-121.89791, 37.75601], [-121.89916, 37.75753], [-121.9015, 37.75736], [-121.90259, 37.75568], [-121.90133, 37.75416], [-121.89899, 37.75433]]]}}, {"type": "Feature", "properties": {"id": 136, "name": "Torello NW", "lst": 46.59, "green": 3.12, "pop": 0, "pct65": 12.3, "ac": 65.07, "holc": null, "access_min": 12.4, "access_km": 0.99, "score": null, "rank": null, "area_m2": 109961, "street_m": 0, "canopy_m2": 3430.0, "row_m2": 0.0, "row_canopy": 0.0, "veg": 15.6, "place": "empty", "land": "grassland", "green_src": "canopy", "canopy_source": "usfs-2022", "canopy_year": "2022", "assessed_m2": 110021.76, "coverage_frac": 1.0, "canopy_quality": "full", "scenario_ok": false, "canopy_baseline_ok": true, "ac_src": "income-model", "ac_coverage": null, "acs_year": 2024, "access_snap_m": 252.0, "access_quality": "approach-review", "access_src": "routed"}, "geometry": {"type": "Polygon", "coordinates": [[[-121.90259, 37.75568], [-121.9015, 37.75736], [-121.90276, 37.75887], [-121.9051, 37.7587], [-121.90618, 37.75702], [-121.90493, 37.75551], [-121.90259, 37.75568]]]}}, {"type": "Feature", "properties": {"id": 137, "name": "Coventry N", "lst": 46.78, "green": 2.61, "pop": 52, "pct65": 10.6, "ac": 99.8, "holc": null, "access_min": 22.7, "access_km": 1.81, "score": 59.5, "rank": 133.0, "area_m2": 109968, "street_m": 103, "canopy_m2": 2874.0, "row_m2": 1045.0, "row_canopy": 27.2, "veg": 14.5, "place": "res", "land": null, "green_src": "canopy", "canopy_source": "usfs-2022", "canopy_year": "2022", "assessed_m2": 110027.16, "coverage_frac": 0.9999942480145072, "canopy_quality": "full", "scenario_ok": true, "canopy_baseline_ok": true, "ac_src": "lace", "ac_coverage": 1.0, "acs_year": 2024, "access_snap_m": 281.0, "access_quality": "approach-review", "access_src": "routed"}, "geometry": {"type": "Polygon", "coordinates": [[[-121.89557, 37.75618], [-121.89449, 37.75786], [-121.89574, 37.75938], [-121.89808, 37.75921], [-121.89916, 37.75753], [-121.89791, 37.75601], [-121.89557, 37.75618]]]}}, {"type": "Feature", "properties": {"id": 138, "name": "Canadoro SE", "lst": 45.13, "green": 9.88, "pop": 101, "pct65": 9.8, "ac": 99.8, "holc": null, "access_min": 17.3, "access_km": 1.38, "score": 46.0, "rank": 248.0, "area_m2": 109962, "street_m": 328, "canopy_m2": 10875.0, "row_m2": 3903.0, "row_canopy": 14.7, "veg": 18.9, "place": "res", "land": null, "green_src": "canopy", "canopy_source": "usfs-2022", "canopy_year": "2022", "assessed_m2": 110019.6, "coverage_frac": 0.9999746271150948, "canopy_quality": "full", "scenario_ok": true, "canopy_baseline_ok": true, "ac_src": "lace", "ac_coverage": 1.0, "acs_year": 2024, "access_snap_m": 101.0, "access_quality": "approach-review", "access_src": "routed"}, "geometry": {"type": "Polygon", "coordinates": [[[-121.89916, 37.75753], [-121.89808, 37.75921], [-121.89934, 37.76072], [-121.90168, 37.76055], [-121.90276, 37.75887], [-121.9015, 37.75736], [-121.89916, 37.75753]]]}}, {"type": "Feature", "properties": {"id": 139, "name": "Wedgewood", "lst": 44.35, "green": 21.0, "pop": 471, "pct65": 5.9, "ac": 98.42, "holc": null, "access_min": 13.3, "access_km": 1.06, "score": 41.0, "rank": 275.0, "area_m2": 109971, "street_m": 1953, "canopy_m2": 23100.0, "row_m2": 21161.0, "row_canopy": 22.3, "veg": 20.6, "place": "res", "land": null, "green_src": "canopy", "canopy_source": "usfs-2022", "canopy_year": "2022", "assessed_m2": 110026.08, "coverage_frac": 0.9999567241726328, "canopy_quality": "full", "scenario_ok": true, "canopy_baseline_ok": true, "ac_src": "lace", "ac_coverage": 1.0, "acs_year": 2024, "access_snap_m": 107.0, "access_quality": "approach-review", "access_src": "routed"}, "geometry": {"type": "Polygon", "coordinates": [[[-121.89882, 37.75114], [-121.89774, 37.75282], [-121.89899, 37.75433], [-121.90133, 37.75416], [-121.90241, 37.75248], [-121.90116, 37.75097], [-121.89882, 37.75114]]]}}, {"type": "Feature", "properties": {"id": 140, "name": "Cambridge", "lst": 46.42, "green": 18.99, "pop": 375, "pct65": 6.1, "ac": 98.35, "holc": null, "access_min": 8.1, "access_km": 0.65, "score": 55.9, "rank": 162.0, "area_m2": 109965, "street_m": 1776, "canopy_m2": 20891.0, "row_m2": 18132.0, "row_canopy": 24.2, "veg": 19.6, "place": "res", "land": null, "green_src": "canopy", "canopy_source": "usfs-2022", "canopy_year": "2022", "assessed_m2": 110024.64, "coverage_frac": 0.999992727798674, "canopy_quality": "full", "scenario_ok": true, "canopy_baseline_ok": true, "ac_src": "lace", "ac_coverage": 1.0, "acs_year": 2024, "access_snap_m": 87.0, "access_quality": "network-estimate", "access_src": "routed"}, "geometry": {"type": "Polygon", "coordinates": [[[-121.90241, 37.75248], [-121.90133, 37.75416], [-121.90259, 37.75568], [-121.90493, 37.75551], [-121.90601, 37.75383], [-121.90475, 37.75232], [-121.90241, 37.75248]]]}}, {"type": "Feature", "properties": {"id": 141, "name": "Coventry", "lst": 45.48, "green": 16.43, "pop": 442, "pct65": 8.1, "ac": 99.8, "holc": null, "access_min": 20.7, "access_km": 1.66, "score": 57.3, "rank": 151.0, "area_m2": 109972, "street_m": 1874, "canopy_m2": 18074.0, "row_m2": 19257.0, "row_canopy": 23.2, "veg": 17.8, "place": "res", "land": null, "green_src": "canopy", "canopy_source": "usfs-2022", "canopy_year": "2022", "assessed_m2": 110030.76, "coverage_frac": 0.9999885657282896, "canopy_quality": "full", "scenario_ok": true, "canopy_baseline_ok": true, "ac_src": "lace", "ac_coverage": 1.0, "acs_year": 2024, "access_snap_m": 92.0, "access_quality": "network-estimate", "access_src": "routed"}, "geometry": {"type": "Polygon", "coordinates": [[[-121.8954, 37.75299], [-121.89431, 37.75467], [-121.89557, 37.75618], [-121.89791, 37.75601], [-121.89899, 37.75433], [-121.89774, 37.75282], [-121.8954, 37.75299]]]}}, {"type": "Feature", "properties": {"id": 142, "name": "Ambridge", "lst": 45.45, "green": 18.57, "pop": 665, "pct65": 11.6, "ac": 93.5, "holc": null, "access_min": 12.7, "access_km": 1.01, "score": 66.5, "rank": 88.0, "area_m2": 109951, "street_m": 721, "canopy_m2": 20432.0, "row_m2": 7089.0, "row_canopy": 29.8, "veg": 22.0, "place": "res", "land": null, "green_src": "canopy", "canopy_source": "usfs-2022", "canopy_year": "2022", "assessed_m2": 110010.6, "coverage_frac": 0.9999910275853726, "canopy_quality": "full", "scenario_ok": true, "canopy_baseline_ok": true, "ac_src": "lace", "ac_coverage": 1.0, "acs_year": 2024, "access_snap_m": 103.0, "access_quality": "approach-review", "access_src": "routed"}, "geometry": {"type": "Polygon", "coordinates": [[[-121.90635, 37.76022], [-121.90527, 37.7619], [-121.90653, 37.76341], [-121.90887, 37.76324], [-121.90995, 37.76156], [-121.90869, 37.76005], [-121.90635, 37.76022]]]}}, {"type": "Feature", "properties": {"id": 143, "name": "Valencia", "lst": 46.91, "green": 14.44, "pop": 573, "pct65": 10.8, "ac": 93.5, "holc": null, "access_min": 8.6, "access_km": 0.69, "score": 82.2, "rank": 18.0, "area_m2": 109946, "street_m": 1896, "canopy_m2": 15886.0, "row_m2": 21279.0, "row_canopy": 15.9, "veg": 17.7, "place": "res", "land": null, "green_src": "canopy", "canopy_source": "usfs-2022", "canopy_year": "2022", "assessed_m2": 110003.04, "coverage_frac": 0.9999714211685984, "canopy_quality": "full", "scenario_ok": true, "canopy_baseline_ok": true, "ac_src": "lace", "ac_coverage": 1.0, "acs_year": 2024, "access_snap_m": 73.0, "access_quality": "network-estimate", "access_src": "routed"}, "geometry": {"type": "Polygon", "coordinates": [[[-121.90995, 37.76156], [-121.90887, 37.76324], [-121.91012, 37.76475], [-121.91246, 37.76459], [-121.91354, 37.7629], [-121.91229, 37.76139], [-121.90995, 37.76156]]]}}, {"type": "Feature", "properties": {"id": 144, "name": "Canyon Oaks", "lst": 46.48, "green": 20.69, "pop": 600, "pct65": 9.6, "ac": 94.75, "holc": null, "access_min": 15.8, "access_km": 1.27, "score": 68.8, "rank": 76.0, "area_m2": 109952, "street_m": 2016, "canopy_m2": 22763.0, "row_m2": 23071.0, "row_canopy": 13.6, "veg": 20.4, "place": "res", "land": null, "green_src": "canopy", "canopy_source": "usfs-2022", "canopy_year": "2022", "assessed_m2": 110009.88, "coverage_frac": 0.999973792163997, "canopy_quality": "full", "scenario_ok": true, "canopy_baseline_ok": true, "ac_src": "lace", "ac_coverage": 1.0, "acs_year": 2024, "access_snap_m": 53.0, "access_quality": "network-estimate", "access_src": "routed"}, "geometry": {"type": "Polygon", "coordinates": [[[-121.90293, 37.76206], [-121.90185, 37.76375], [-121.90311, 37.76526], [-121.90544, 37.76509], [-121.90653, 37.76341], [-121.90527, 37.7619], [-121.90293, 37.76206]]]}}, {"type": "Feature", "properties": {"id": 145, "name": "Ambridge N", "lst": 45.36, "green": 20.57, "pop": 694, "pct65": 11.3, "ac": 93.5, "holc": null, "access_min": 14.8, "access_km": 1.19, "score": 62.1, "rank": 118.0, "area_m2": 109947, "street_m": 949, "canopy_m2": 22633.0, "row_m2": 8231.0, "row_canopy": 31.8, "veg": 23.2, "place": "res", "land": null, "green_src": "canopy", "canopy_source": "usfs-2022", "canopy_year": "2022", "assessed_m2": 110007.72, "coverage_frac": 1.0, "canopy_quality": "full", "scenario_ok": true, "canopy_baseline_ok": true, "ac_src": "lace", "ac_coverage": 1.0, "acs_year": 2024, "access_snap_m": 27.0, "access_quality": "network-estimate", "access_src": "routed"}, "geometry": {"type": "Polygon", "coordinates": [[[-121.90653, 37.76341], [-121.90544, 37.76509], [-121.9067, 37.7666], [-121.90904, 37.76643], [-121.91012, 37.76475], [-121.90887, 37.76324], [-121.90653, 37.76341]]]}}, {"type": "Feature", "properties": {"id": 146, "name": "Mill Creek", "lst": 44.93, "green": 24.35, "pop": 372, "pct65": 11.0, "ac": 93.5, "holc": null, "access_min": 9.5, "access_km": 0.76, "score": 41.4, "rank": 271.0, "area_m2": 109956, "street_m": 1464, "canopy_m2": 26792.0, "row_m2": 14718.0, "row_canopy": 21.5, "veg": 25.6, "place": "res", "land": null, "green_src": "canopy", "canopy_source": "usfs-2022", "canopy_year": "2022", "assessed_m2": 110014.56, "coverage_frac": 0.9999886115909844, "canopy_quality": "full", "scenario_ok": true, "canopy_baseline_ok": true, "ac_src": "lace", "ac_coverage": 1.0, "acs_year": 2024, "access_snap_m": 140.0, "access_quality": "approach-review", "access_src": "routed"}, "geometry": {"type": "Polygon", "coordinates": [[[-121.90618, 37.75702], [-121.9051, 37.7587], [-121.90635, 37.76022], [-121.90869, 37.76005], [-121.90978, 37.75837], [-121.90852, 37.75685], [-121.90618, 37.75702]]]}}, {"type": "Feature", "properties": {"id": 147, "name": "Valencia S", "lst": 46.94, "green": 7.92, "pop": 977, "pct65": 10.7, "ac": 93.5, "holc": null, "access_min": 3.0, "access_km": 0.24, "score": 96.8, "rank": 2.0, "area_m2": 109950, "street_m": 1279, "canopy_m2": 8715.0, "row_m2": 17002.0, "row_canopy": 2.4, "veg": 12.9, "place": "res", "land": null, "green_src": "canopy", "canopy_source": "usfs-2022", "canopy_year": "2022", "assessed_m2": 110007.72, "coverage_frac": 0.999975548882964, "canopy_quality": "full", "scenario_ok": true, "canopy_baseline_ok": true, "ac_src": "lace", "ac_coverage": 1.0, "acs_year": 2024, "access_snap_m": 88.0, "access_quality": "network-estimate", "access_src": "routed"}, "geometry": {"type": "Polygon", "coordinates": [[[-121.90978, 37.75837], [-121.90869, 37.76005], [-121.90995, 37.76156], [-121.91229, 37.76139], [-121.91337, 37.75971], [-121.91212, 37.7582], [-121.90978, 37.75837]]]}}, {"type": "Feature", "properties": {"id": 148, "name": "Canadoro", "lst": 46.29, "green": 17.96, "pop": 631, "pct65": 7.0, "ac": 96.94, "holc": null, "access_min": 15.6, "access_km": 1.24, "score": 70.6, "rank": 67.0, "area_m2": 109957, "street_m": 2418, "canopy_m2": 19761.0, "row_m2": 27377.0, "row_canopy": 14.9, "veg": 18.9, "place": "res", "land": null, "green_src": "canopy", "canopy_source": "usfs-2022", "canopy_year": "2022", "assessed_m2": 110016.36, "coverage_frac": 0.9999942768149233, "canopy_quality": "full", "scenario_ok": true, "canopy_baseline_ok": true, "ac_src": "lace", "ac_coverage": 1.0, "acs_year": 2024, "access_snap_m": 100.0, "access_quality": "network-estimate", "access_src": "routed"}, "geometry": {"type": "Polygon", "coordinates": [[[-121.90276, 37.75887], [-121.90168, 37.76055], [-121.90293, 37.76206], [-121.90527, 37.7619], [-121.90635, 37.76022], [-121.9051, 37.7587], [-121.90276, 37.75887]]]}}, {"type": "Feature", "properties": {"id": 149, "name": "Lunaria S", "lst": 46.08, "green": 9.47, "pop": 94, "pct65": 9.9, "ac": 99.8, "holc": null, "access_min": 29.8, "access_km": 2.39, "score": 51.4, "rank": 196.0, "area_m2": 109974, "street_m": 382, "canopy_m2": 10423.0, "row_m2": 3411.0, "row_canopy": 36.0, "veg": 20.4, "place": "res", "land": null, "green_src": "canopy", "canopy_source": "usfs-2022", "canopy_year": "2022", "assessed_m2": 110032.2, "coverage_frac": 0.999980298352962, "canopy_quality": "full", "scenario_ok": true, "canopy_baseline_ok": true, "ac_src": "lace", "ac_coverage": 1.0, "acs_year": 2024, "access_snap_m": 138.0, "access_quality": "approach-review", "access_src": "routed"}, "geometry": {"type": "Polygon", "coordinates": [[[-121.88855, 37.75669], [-121.88747, 37.75837], [-121.88872, 37.75988], [-121.89106, 37.75971], [-121.89215, 37.75803], [-121.89089, 37.75652], [-121.88855, 37.75669]]]}}, {"type": "Feature", "properties": {"id": 150, "name": "Lunaria SW", "lst": 45.23, "green": 8.58, "pop": 127, "pct65": 9.6, "ac": 99.8, "holc": null, "access_min": 23.9, "access_km": 1.91, "score": 49.3, "rank": 214.0, "area_m2": 109969, "street_m": 232, "canopy_m2": 9437.0, "row_m2": 3506.0, "row_canopy": 1.6, "veg": 18.6, "place": "res", "land": null, "green_src": "canopy", "canopy_source": "usfs-2022", "canopy_year": "2022", "assessed_m2": 110025.72, "coverage_frac": 0.999970483601435, "canopy_quality": "full", "scenario_ok": true, "canopy_baseline_ok": true, "ac_src": "lace", "ac_coverage": 1.0, "acs_year": 2024, "access_snap_m": 211.0, "access_quality": "approach-review", "access_src": "routed"}, "geometry": {"type": "Polygon", "coordinates": [[[-121.89215, 37.75803], [-121.89106, 37.75971], [-121.89232, 37.76122], [-121.89466, 37.76106], [-121.89574, 37.75938], [-121.89449, 37.75786], [-121.89215, 37.75803]]]}}, {"type": "Feature", "properties": {"id": 151, "name": "Waterford", "lst": 46.07, "green": 20.34, "pop": 297, "pct65": 11.2, "ac": 99.9, "holc": null, "access_min": 34.1, "access_km": 2.73, "score": 51.6, "rank": 195.0, "area_m2": 109975, "street_m": 1981, "canopy_m2": 13853.0, "row_m2": 14498.0, "row_canopy": 20.7, "veg": 18.3, "place": "res", "land": null, "green_src": "canopy", "canopy_source": "usfs-2022", "canopy_year": "2022", "assessed_m2": 68103.0, "coverage_frac": 0.6189182086400223, "canopy_quality": "partial", "scenario_ok": true, "canopy_baseline_ok": false, "ac_src": "lace", "ac_coverage": 1.0, "acs_year": 2024, "access_snap_m": 168.0, "access_quality": "approach-review", "access_src": "routed"}, "geometry": {"type": "Polygon", "coordinates": [[[-121.88513, 37.75853], [-121.88405, 37.76021], [-121.8853, 37.76173], [-121.88764, 37.76156], [-121.88872, 37.75988], [-121.88747, 37.75837], [-121.88513, 37.75853]]]}}, {"type": "Feature", "properties": {"id": 152, "name": "Lunaria", "lst": 45.64, "green": 19.8, "pop": 519, "pct65": 7.2, "ac": 99.21, "holc": null, "access_min": 29.7, "access_km": 2.38, "score": 56.6, "rank": 159.0, "area_m2": 109970, "street_m": 2323, "canopy_m2": 21784.0, "row_m2": 24431.0, "row_canopy": 20.4, "veg": 19.3, "place": "res", "land": null, "green_src": "canopy", "canopy_source": "usfs-2022", "canopy_year": "2022", "assessed_m2": 110028.6, "coverage_frac": 0.9999859913506424, "canopy_quality": "full", "scenario_ok": true, "canopy_baseline_ok": true, "ac_src": "lace", "ac_coverage": 1.0, "acs_year": 2024, "access_snap_m": 68.0, "access_quality": "network-estimate", "access_src": "routed"}, "geometry": {"type": "Polygon", "coordinates": [[[-121.88872, 37.75988], [-121.88764, 37.76156], [-121.8889, 37.76307], [-121.89124, 37.7629], [-121.89232, 37.76122], [-121.89106, 37.75971], [-121.88872, 37.75988]]]}}, {"type": "Feature", "properties": {"id": 153, "name": "La Sera NE", "lst": 46.39, "green": 11.68, "pop": 120, "pct65": 6.7, "ac": 99.8, "holc": null, "access_min": 27.5, "access_km": 2.2, "score": 50.5, "rank": 203.0, "area_m2": 109979, "street_m": 1299, "canopy_m2": 12855.0, "row_m2": 14071.0, "row_canopy": 16.6, "veg": 20.8, "place": "res", "land": null, "green_src": "canopy", "canopy_source": "usfs-2022", "canopy_year": "2022", "assessed_m2": 110035.08, "coverage_frac": 0.99996806995191, "canopy_quality": "full", "scenario_ok": true, "canopy_baseline_ok": true, "ac_src": "lace", "ac_coverage": 1.0, "acs_year": 2024, "access_snap_m": 178.0, "access_quality": "approach-review", "access_src": "routed"}, "geometry": {"type": "Polygon", "coordinates": [[[-121.88838, 37.75349], [-121.8873, 37.75517], [-121.88855, 37.75669], [-121.89089, 37.75652], [-121.89197, 37.75484], [-121.89072, 37.75332], [-121.88838, 37.75349]]]}}, {"type": "Feature", "properties": {"id": 154, "name": "Coventry E", "lst": 47.42, "green": 5.82, "pop": 97, "pct65": 8.7, "ac": 99.8, "holc": null, "access_min": 24.1, "access_km": 1.92, "score": 62.2, "rank": 114.0, "area_m2": 109973, "street_m": 588, "canopy_m2": 6404.0, "row_m2": 6481.0, "row_canopy": 19.8, "veg": 14.4, "place": "res", "land": null, "green_src": "canopy", "canopy_source": "usfs-2022", "canopy_year": "2022", "assessed_m2": 110032.56, "coverage_frac": 0.9999942423800192, "canopy_quality": "full", "scenario_ok": true, "canopy_baseline_ok": true, "ac_src": "lace", "ac_coverage": 1.0, "acs_year": 2024, "access_snap_m": 140.0, "access_quality": "approach-review", "access_src": "routed"}, "geometry": {"type": "Polygon", "coordinates": [[[-121.89197, 37.75484], [-121.89089, 37.75652], [-121.89215, 37.75803], [-121.89449, 37.75786], [-121.89557, 37.75618], [-121.89431, 37.75467], [-121.89197, 37.75484]]]}}, {"type": "Feature", "properties": {"id": 155, "name": "Waterford SW", "lst": 46.25, "green": 6.7, "pop": 109, "pct65": 12.3, "ac": 99.94, "holc": null, "access_min": 34.1, "access_km": 2.73, "score": 57.7, "rank": 149.0, "area_m2": 109980, "street_m": 1064, "canopy_m2": 6445.0, "row_m2": 8927.0, "row_canopy": 22.1, "veg": 16.4, "place": "res", "land": null, "green_src": "canopy", "canopy_source": "usfs-2022", "canopy_year": "2022", "assessed_m2": 96209.28, "coverage_frac": 0.8743137345460659, "canopy_quality": "partial", "scenario_ok": true, "canopy_baseline_ok": false, "ac_src": "lace", "ac_coverage": 1.0, "acs_year": 2024, "access_snap_m": 96.0, "access_quality": "network-estimate", "access_src": "routed"}, "geometry": {"type": "Polygon", "coordinates": [[[-121.88496, 37.75534], [-121.88387, 37.75702], [-121.88513, 37.75853], [-121.88747, 37.75837], [-121.88855, 37.75669], [-121.8873, 37.75517], [-121.88496, 37.75534]]]}}, {"type": "Feature", "properties": {"id": 156, "name": "Wyngate", "lst": 46.68, "green": 17.96, "pop": 531, "pct65": 5.5, "ac": 98.55, "holc": null, "access_min": 24.3, "access_km": 1.95, "score": 67.3, "rank": 83.0, "area_m2": 109959, "street_m": 2231, "canopy_m2": 19758.0, "row_m2": 23813.0, "row_canopy": 21.3, "veg": 17.7, "place": "res", "land": null, "green_src": "canopy", "canopy_source": "usfs-2022", "canopy_year": "2022", "assessed_m2": 110018.16, "coverage_frac": 0.9999892751651366, "canopy_quality": "full", "scenario_ok": true, "canopy_baseline_ok": true, "ac_src": "lace", "ac_coverage": 1.0, "acs_year": 2024, "access_snap_m": 84.0, "access_quality": "network-estimate", "access_src": "routed"}, "geometry": {"type": "Polygon", "coordinates": [[[-121.89591, 37.76257], [-121.89483, 37.76425], [-121.89609, 37.76576], [-121.89843, 37.76559], [-121.89951, 37.76391], [-121.89825, 37.7624], [-121.89591, 37.76257]]]}}, {"type": "Feature", "properties": {"id": 157, "name": "Taramea", "lst": 45.4, "green": 12.91, "pop": 412, "pct65": 6.0, "ac": 98.3, "holc": null, "access_min": 21.6, "access_km": 1.72, "score": 58.3, "rank": 141.0, "area_m2": 109954, "street_m": 1953, "canopy_m2": 14203.0, "row_m2": 21649.0, "row_canopy": 14.3, "veg": 21.8, "place": "res", "land": null, "green_src": "canopy", "canopy_source": "usfs-2022", "canopy_year": "2022", "assessed_m2": 110011.68, "coverage_frac": 0.9999794729784124, "canopy_quality": "full", "scenario_ok": true, "canopy_baseline_ok": true, "ac_src": "lace", "ac_coverage": 1.0, "acs_year": 2024, "access_snap_m": 56.0, "access_quality": "network-estimate", "access_src": "routed"}, "geometry": {"type": "Polygon", "coordinates": [[[-121.89951, 37.76391], [-121.89843, 37.76559], [-121.89968, 37.76711], [-121.90202, 37.76694], [-121.90311, 37.76526], [-121.90185, 37.76375], [-121.89951, 37.76391]]]}}, {"type": "Feature", "properties": {"id": 158, "name": "Belrose", "lst": 49.44, "green": 16.4, "pop": 102, "pct65": 8.4, "ac": 98.3, "holc": null, "access_min": 29.0, "access_km": 2.32, "score": 63.0, "rank": 108.0, "area_m2": 109960, "street_m": 802, "canopy_m2": 7071.0, "row_m2": 7474.0, "row_canopy": 14.2, "veg": 14.4, "place": "res", "land": null, "green_src": "canopy", "canopy_source": "usfs-2022", "canopy_year": "2022", "assessed_m2": 43110.36, "coverage_frac": 0.391839290993303, "canopy_quality": "partial", "scenario_ok": true, "canopy_baseline_ok": false, "ac_src": "lace", "ac_coverage": 1.0, "acs_year": 2024, "access_snap_m": 54.0, "access_quality": "network-estimate", "access_src": "routed"}, "geometry": {"type": "Polygon", "coordinates": [[[-121.89249, 37.76442], [-121.89141, 37.7661], [-121.89267, 37.76761], [-121.895, 37.76744], [-121.89609, 37.76576], [-121.89483, 37.76425], [-121.89249, 37.76442]]]}}, {"type": "Feature", "properties": {"id": 159, "name": "Fiore", "lst": 46.72, "green": 15.05, "pop": 282, "pct65": 6.7, "ac": 98.3, "holc": null, "access_min": 25.3, "access_km": 2.02, "score": 58.5, "rank": 138.0, "area_m2": 109955, "street_m": 1154, "canopy_m2": 8773.0, "row_m2": 12181.0, "row_canopy": 12.0, "veg": 15.1, "place": "res", "land": null, "green_src": "canopy", "canopy_source": "usfs-2022", "canopy_year": "2022", "assessed_m2": 58309.92, "coverage_frac": 0.5300173658241072, "canopy_quality": "partial", "scenario_ok": true, "canopy_baseline_ok": false, "ac_src": "lace", "ac_coverage": 1.0, "acs_year": 2024, "access_snap_m": 85.0, "access_quality": "network-estimate", "access_src": "routed"}, "geometry": {"type": "Polygon", "coordinates": [[[-121.89609, 37.76576], [-121.895, 37.76744], [-121.89626, 37.76896], [-121.8986, 37.76879], [-121.89968, 37.76711], [-121.89843, 37.76559], [-121.89609, 37.76576]]]}}, {"type": "Feature", "properties": {"id": 160, "name": "Windemere", "lst": 44.65, "green": 15.42, "pop": 395, "pct65": 7.2, "ac": 99.8, "holc": null, "access_min": 20.2, "access_km": 1.62, "score": 49.3, "rank": 212.0, "area_m2": 109963, "street_m": 1234, "canopy_m2": 16961.0, "row_m2": 15540.0, "row_canopy": 7.3, "veg": 19.3, "place": "res", "land": null, "green_src": "canopy", "canopy_source": "usfs-2022", "canopy_year": "2022", "assessed_m2": 110023.56, "coverage_frac": 0.9999999380656864, "canopy_quality": "full", "scenario_ok": true, "canopy_baseline_ok": true, "ac_src": "lace", "ac_coverage": 1.0, "acs_year": 2024, "access_snap_m": 84.0, "access_quality": "network-estimate", "access_src": "routed"}, "geometry": {"type": "Polygon", "coordinates": [[[-121.89574, 37.75938], [-121.89466, 37.76106], [-121.89591, 37.76257], [-121.89825, 37.7624], [-121.89934, 37.76072], [-121.89808, 37.75921], [-121.89574, 37.75938]]]}}, {"type": "Feature", "properties": {"id": 161, "name": "Amberley", "lst": 45.56, "green": 20.35, "pop": 493, "pct65": 4.9, "ac": 99.69, "holc": null, "access_min": 17.9, "access_km": 1.43, "score": 52.4, "rank": 190.0, "area_m2": 109958, "street_m": 2386, "canopy_m2": 22383.0, "row_m2": 26091.0, "row_canopy": 19.3, "veg": 23.1, "place": "res", "land": null, "green_src": "canopy", "canopy_source": "usfs-2022", "canopy_year": "2022", "assessed_m2": 110016.72, "coverage_frac": 0.999986862829631, "canopy_quality": "full", "scenario_ok": true, "canopy_baseline_ok": true, "ac_src": "lace", "ac_coverage": 1.0, "acs_year": 2024, "access_snap_m": 77.0, "access_quality": "network-estimate", "access_src": "routed"}, "geometry": {"type": "Polygon", "coordinates": [[[-121.89934, 37.76072], [-121.89825, 37.7624], [-121.89951, 37.76391], [-121.90185, 37.76375], [-121.90293, 37.76206], [-121.90168, 37.76055], [-121.89934, 37.76072]]]}}, {"type": "Feature", "properties": {"id": 162, "name": "Wyngate SE", "lst": 45.84, "green": 14.28, "pop": 260, "pct65": 7.7, "ac": 99.46, "holc": null, "access_min": 25.6, "access_km": 2.05, "score": 52.9, "rank": 187.0, "area_m2": 109964, "street_m": 1751, "canopy_m2": 15714.0, "row_m2": 19263.0, "row_canopy": 16.4, "veg": 20.8, "place": "res", "land": null, "green_src": "canopy", "canopy_source": "usfs-2022", "canopy_year": "2022", "assessed_m2": 110021.76, "coverage_frac": 0.9999729063018756, "canopy_quality": "full", "scenario_ok": true, "canopy_baseline_ok": true, "ac_src": "lace", "ac_coverage": 1.0, "acs_year": 2024, "access_snap_m": 80.0, "access_quality": "network-estimate", "access_src": "routed"}, "geometry": {"type": "Polygon", "coordinates": [[[-121.89232, 37.76122], [-121.89124, 37.7629], [-121.89249, 37.76442], [-121.89483, 37.76425], [-121.89591, 37.76257], [-121.89466, 37.76106], [-121.89232, 37.76122]]]}}, {"type": "Feature", "properties": {"id": 163, "name": "Barcella S", "lst": 45.76, "green": 9.21, "pop": 214, "pct65": 6.1, "ac": 97.8, "holc": null, "access_min": 20.1, "access_km": 1.61, "score": 54.6, "rank": 172.0, "area_m2": 109974, "street_m": 443, "canopy_m2": 10138.0, "row_m2": 5385.0, "row_canopy": 12.2, "veg": 21.3, "place": "res", "land": null, "green_src": "canopy", "canopy_source": "usfs-2022", "canopy_year": "2022", "assessed_m2": 110032.56, "coverage_frac": 0.999987936719262, "canopy_quality": "full", "scenario_ok": true, "canopy_baseline_ok": true, "ac_src": "lace", "ac_coverage": 1.0, "acs_year": 2024, "access_snap_m": 290.0, "access_quality": "approach-review", "access_src": "routed"}, "geometry": {"type": "Polygon", "coordinates": [[[-121.90207, 37.7461], [-121.90098, 37.74778], [-121.90224, 37.74929], [-121.90458, 37.74912], [-121.90566, 37.74744], [-121.90441, 37.74593], [-121.90207, 37.7461]]]}}, {"type": "Feature", "properties": {"id": 164, "name": "Cambridge SW", "lst": 45.35, "green": 14.93, "pop": 81, "pct65": 8.2, "ac": 97.8, "holc": null, "access_min": 8.8, "access_km": 0.71, "score": 40.0, "rank": 283.0, "area_m2": 109969, "street_m": 245, "canopy_m2": 16422.0, "row_m2": 2361.0, "row_canopy": 27.6, "veg": 22.9, "place": "res", "land": null, "green_src": "canopy", "canopy_source": "usfs-2022", "canopy_year": "2022", "assessed_m2": 110025.36, "coverage_frac": 0.999971593144778, "canopy_quality": "full", "scenario_ok": true, "canopy_baseline_ok": true, "ac_src": "lace", "ac_coverage": 1.0, "acs_year": 2024, "access_snap_m": 232.0, "access_quality": "approach-review", "access_src": "routed"}, "geometry": {"type": "Polygon", "coordinates": [[[-121.90566, 37.74744], [-121.90458, 37.74912], [-121.90584, 37.75063], [-121.90817, 37.75047], [-121.90926, 37.74879], [-121.908, 37.74727], [-121.90566, 37.74744]]]}}, {"type": "Feature", "properties": {"id": 165, "name": "Chambray", "lst": 46.19, "green": 14.98, "pop": 641, "pct65": 4.4, "ac": 97.8, "holc": null, "access_min": 19.3, "access_km": 1.54, "score": 73.2, "rank": 48.0, "area_m2": 109975, "street_m": 1503, "canopy_m2": 16480.0, "row_m2": 15584.0, "row_canopy": 23.8, "veg": 17.8, "place": "res", "land": null, "green_src": "canopy", "canopy_source": "usfs-2022", "canopy_year": "2022", "assessed_m2": 110035.08, "coverage_frac": 1.0, "canopy_quality": "full", "scenario_ok": true, "canopy_baseline_ok": true, "ac_src": "lace", "ac_coverage": 1.0, "acs_year": 2024, "access_snap_m": 90.0, "access_quality": "network-estimate", "access_src": "routed"}, "geometry": {"type": "Polygon", "coordinates": [[[-121.89865, 37.74794], [-121.89756, 37.74963], [-121.89882, 37.75114], [-121.90116, 37.75097], [-121.90224, 37.74929], [-121.90098, 37.74778], [-121.89865, 37.74794]]]}}, {"type": "Feature", "properties": {"id": 166, "name": "Barcella", "lst": 45.28, "green": 18.81, "pop": 600, "pct65": 4.5, "ac": 97.8, "holc": null, "access_min": 10.2, "access_km": 0.82, "score": 57.2, "rank": 154.0, "area_m2": 109970, "street_m": 1409, "canopy_m2": 20693.0, "row_m2": 14863.0, "row_canopy": 22.4, "veg": 20.1, "place": "res", "land": null, "green_src": "canopy", "canopy_source": "usfs-2022", "canopy_year": "2022", "assessed_m2": 110028.96, "coverage_frac": 0.9999936003489188, "canopy_quality": "full", "scenario_ok": true, "canopy_baseline_ok": true, "ac_src": "lace", "ac_coverage": 1.0, "acs_year": 2024, "access_snap_m": 167.0, "access_quality": "approach-review", "access_src": "routed"}, "geometry": {"type": "Polygon", "coordinates": [[[-121.90224, 37.74929], [-121.90116, 37.75097], [-121.90241, 37.75248], [-121.90475, 37.75232], [-121.90584, 37.75063], [-121.90458, 37.74912], [-121.90224, 37.74929]]]}}, {"type": "Feature", "properties": {"id": 167, "name": "Chambray S", "lst": 47.27, "green": 0.35, "pop": 0, "pct65": 12.3, "ac": 65.07, "holc": null, "access_min": 23.0, "access_km": 1.84, "score": null, "rank": null, "area_m2": 109980, "street_m": 0, "canopy_m2": 390.0, "row_m2": 0.0, "row_canopy": 0.0, "veg": 16.7, "place": "empty", "land": "grassland", "green_src": "canopy", "canopy_source": "usfs-2022", "canopy_year": "2022", "assessed_m2": 110038.32, "coverage_frac": 0.9999911983203104, "canopy_quality": "full", "scenario_ok": false, "canopy_baseline_ok": true, "ac_src": "income-model", "ac_coverage": null, "acs_year": 2024, "access_snap_m": 234.0, "access_quality": "approach-review", "access_src": "routed"}, "geometry": {"type": "Polygon", "coordinates": [[[-121.89847, 37.74475], [-121.89739, 37.74643], [-121.89865, 37.74794], [-121.90098, 37.74778], [-121.90207, 37.7461], [-121.90081, 37.74458], [-121.89847, 37.74475]]]}}, {"type": "Feature", "properties": {"id": 168, "name": "Deer Creek", "lst": 45.76, "green": 13.45, "pop": 262, "pct65": 11.0, "ac": 93.5, "holc": null, "access_min": 0.6, "access_km": 0.05, "score": 55.9, "rank": 163.0, "area_m2": 109959, "street_m": 641, "canopy_m2": 14796.0, "row_m2": 7524.0, "row_canopy": 10.3, "veg": 17.1, "place": "res", "land": null, "green_src": "canopy", "canopy_source": "usfs-2022", "canopy_year": "2022", "assessed_m2": 110014.56, "coverage_frac": 0.9999609202237149, "canopy_quality": "full", "scenario_ok": true, "canopy_baseline_ok": true, "ac_src": "lace", "ac_coverage": 1.0, "acs_year": 2024, "access_snap_m": 14.0, "access_quality": "network-estimate", "access_src": "routed"}, "geometry": {"type": "Polygon", "coordinates": [[[-121.90943, 37.75198], [-121.90835, 37.75366], [-121.9096, 37.75517], [-121.91194, 37.755], [-121.91302, 37.75332], [-121.91177, 37.75181], [-121.90943, 37.75198]]]}}, {"type": "Feature", "properties": {"id": 169, "name": "Deer Creek NW", "lst": 45.5, "green": 18.98, "pop": 0, "pct65": 12.3, "ac": 65.07, "holc": null, "access_min": 4.0, "access_km": 0.32, "score": null, "rank": null, "area_m2": 109953, "street_m": 0, "canopy_m2": 20879.0, "row_m2": 0.0, "row_canopy": 0.0, "veg": 25.0, "place": "empty", "land": "grassland", "green_src": "canopy", "canopy_source": "usfs-2022", "canopy_year": "2022", "assessed_m2": 110012.4, "coverage_frac": 0.9999903991099056, "canopy_quality": "full", "scenario_ok": false, "canopy_baseline_ok": true, "ac_src": "income-model", "ac_coverage": null, "acs_year": 2024, "access_snap_m": 163.0, "access_quality": "approach-review", "access_src": "routed"}, "geometry": {"type": "Polygon", "coordinates": [[[-121.91302, 37.75332], [-121.91194, 37.755], [-121.9132, 37.75652], [-121.91554, 37.75635], [-121.91662, 37.75467], [-121.91536, 37.75316], [-121.91302, 37.75332]]]}}, {"type": "Feature", "properties": {"id": 170, "name": "Mill Creek S", "lst": 46.1, "green": 14.53, "pop": 216, "pct65": 11.1, "ac": 93.5, "holc": null, "access_min": 3.8, "access_km": 0.3, "score": 54.3, "rank": 176.0, "area_m2": 109960, "street_m": 1022, "canopy_m2": 15988.0, "row_m2": 10997.0, "row_canopy": 17.7, "veg": 19.7, "place": "res", "land": null, "green_src": "canopy", "canopy_source": "usfs-2022", "canopy_year": "2022", "assessed_m2": 110017.8, "coverage_frac": 0.999979658858387, "canopy_quality": "full", "scenario_ok": true, "canopy_baseline_ok": true, "ac_src": "lace", "ac_coverage": 1.0, "acs_year": 2024, "access_snap_m": 198.0, "access_quality": "approach-review", "access_src": "routed"}, "geometry": {"type": "Polygon", "coordinates": [[[-121.90601, 37.75383], [-121.90493, 37.75551], [-121.90618, 37.75702], [-121.90852, 37.75685], [-121.9096, 37.75517], [-121.90835, 37.75366], [-121.90601, 37.75383]]]}}, {"type": "Feature", "properties": {"id": 171, "name": "Dougherty Valley", "lst": 45.64, "green": 16.13, "pop": 244, "pct65": 11.1, "ac": 93.5, "holc": null, "access_min": 3.4, "access_km": 0.27, "score": 51.0, "rank": 200.0, "area_m2": 109955, "street_m": 544, "canopy_m2": 17746.0, "row_m2": 5071.0, "row_canopy": 30.5, "veg": 22.6, "place": "res", "land": null, "green_src": "canopy", "canopy_source": "usfs-2022", "canopy_year": "2022", "assessed_m2": 110011.32, "coverage_frac": 0.9999698667441002, "canopy_quality": "full", "scenario_ok": true, "canopy_baseline_ok": true, "ac_src": "lace", "ac_coverage": 1.0, "acs_year": 2024, "access_snap_m": 140.0, "access_quality": "approach-review", "access_src": "routed"}, "geometry": {"type": "Polygon", "coordinates": [[[-121.9096, 37.75517], [-121.90852, 37.75685], [-121.90978, 37.75837], [-121.91212, 37.7582], [-121.9132, 37.75652], [-121.91194, 37.755], [-121.9096, 37.75517]]]}}, {"type": "Feature", "properties": {"id": 172, "name": "Deer Creek S", "lst": 45.4, "green": 6.77, "pop": 0, "pct65": 12.3, "ac": 65.07, "holc": null, "access_min": 7.5, "access_km": 0.6, "score": null, "rank": null, "area_m2": 109963, "street_m": 604, "canopy_m2": 7444.0, "row_m2": 7047.0, "row_canopy": 16.7, "veg": 21.8, "place": "activity", "land": null, "green_src": "canopy", "canopy_source": "usfs-2022", "canopy_year": "2022", "assessed_m2": 110024.28, "coverage_frac": 1.0, "canopy_quality": "full", "scenario_ok": true, "canopy_baseline_ok": true, "ac_src": "income-model", "ac_coverage": null, "acs_year": 2024, "access_snap_m": 160.0, "access_quality": "approach-review", "access_src": "routed"}, "geometry": {"type": "Polygon", "coordinates": [[[-121.90926, 37.74879], [-121.90817, 37.75047], [-121.90943, 37.75198], [-121.91177, 37.75181], [-121.91285, 37.75013], [-121.9116, 37.74862], [-121.90926, 37.74879]]]}}, {"type": "Feature", "properties": {"id": 173, "name": "Deer Creek SW", "lst": 47.57, "green": 6.85, "pop": 0, "pct65": 12.3, "ac": 65.07, "holc": null, "access_min": 4.4, "access_km": 0.35, "score": null, "rank": null, "area_m2": 109958, "street_m": 49, "canopy_m2": 7533.0, "row_m2": 685.0, "row_canopy": 0.0, "veg": 13.1, "place": "empty", "land": "grassland", "green_src": "canopy", "canopy_source": "usfs-2022", "canopy_year": "2022", "assessed_m2": 110016.36, "coverage_frac": 0.99998800170235, "canopy_quality": "full", "scenario_ok": true, "canopy_baseline_ok": true, "ac_src": "income-model", "ac_coverage": null, "acs_year": 2024, "access_snap_m": 60.0, "access_quality": "network-estimate", "access_src": "routed"}, "geometry": {"type": "Polygon", "coordinates": [[[-121.91285, 37.75013], [-121.91177, 37.75181], [-121.91302, 37.75332], [-121.91536, 37.75316], [-121.91645, 37.75147], [-121.91519, 37.74996], [-121.91285, 37.75013]]]}}, {"type": "Feature", "properties": {"id": 174, "name": "Cambridge W", "lst": 45.13, "green": 14.57, "pop": 17, "pct65": 11.1, "ac": 98.23, "holc": null, "access_min": 4.8, "access_km": 0.38, "score": 37.6, "rank": 301.0, "area_m2": 109964, "street_m": 589, "canopy_m2": 16029.0, "row_m2": 6440.0, "row_canopy": 20.4, "veg": 26.4, "place": "res", "land": null, "green_src": "canopy", "canopy_source": "usfs-2022", "canopy_year": "2022", "assessed_m2": 110021.04, "coverage_frac": 0.9999707141595, "canopy_quality": "full", "scenario_ok": true, "canopy_baseline_ok": true, "ac_src": "lace", "ac_coverage": 1.0, "acs_year": 2024, "access_snap_m": 68.0, "access_quality": "network-estimate", "access_src": "routed"}, "geometry": {"type": "Polygon", "coordinates": [[[-121.90584, 37.75063], [-121.90475, 37.75232], [-121.90601, 37.75383], [-121.90835, 37.75366], [-121.90943, 37.75198], [-121.90817, 37.75047], [-121.90584, 37.75063]]]}}, {"type": "Feature", "properties": {"id": 175, "name": "Montecito", "lst": 44.65, "green": 20.47, "pop": 358, "pct65": 4.9, "ac": 99.59, "holc": null, "access_min": 23.3, "access_km": 1.87, "score": 39.6, "rank": 284.0, "area_m2": 109982, "street_m": 2289, "canopy_m2": 22526.0, "row_m2": 22743.0, "row_canopy": 26.0, "veg": 20.7, "place": "res", "land": null, "green_src": "canopy", "canopy_source": "usfs-2022", "canopy_year": "2022", "assessed_m2": 110042.64, "coverage_frac": 1.0, "canopy_quality": "full", "scenario_ok": true, "canopy_baseline_ok": true, "ac_src": "lace", "ac_coverage": 1.0, "acs_year": 2024, "access_snap_m": 109.0, "access_quality": "approach-review", "access_src": "routed"}, "geometry": {"type": "Polygon", "coordinates": [[[-121.89163, 37.74845], [-121.89055, 37.75013], [-121.8918, 37.75164], [-121.89414, 37.75147], [-121.89522, 37.74979], [-121.89397, 37.74828], [-121.89163, 37.74845]]]}}, {"type": "Feature", "properties": {"id": 176, "name": "San Ramon Sports Park", "lst": 44.34, "green": 20.55, "pop": 177, "pct65": 6.8, "ac": 98.4, "holc": null, "access_min": 18.5, "access_km": 1.48, "score": 31.5, "rank": 342.0, "area_m2": 109976, "street_m": 1434, "canopy_m2": 22614.0, "row_m2": 14045.0, "row_canopy": 24.6, "veg": 33.4, "place": "res", "land": null, "green_src": "canopy", "canopy_source": "usfs-2022", "canopy_year": "2022", "assessed_m2": 110034.72, "coverage_frac": 0.9999861629018916, "canopy_quality": "full", "scenario_ok": true, "canopy_baseline_ok": true, "ac_src": "lace", "ac_coverage": 1.0, "acs_year": 2024, "access_snap_m": 60.0, "access_quality": "network-estimate", "access_src": "routed"}, "geometry": {"type": "Polygon", "coordinates": [[[-121.89522, 37.74979], [-121.89414, 37.75147], [-121.8954, 37.75299], [-121.89774, 37.75282], [-121.89882, 37.75114], [-121.89756, 37.74963], [-121.89522, 37.74979]]]}}, {"type": "Feature", "properties": {"id": 177, "name": "La Sera SE", "lst": 45.01, "green": 15.1, "pop": 298, "pct65": 8.5, "ac": 99.89, "holc": null, "access_min": 27.6, "access_km": 2.21, "score": 48.8, "rank": 220.0, "area_m2": 109983, "street_m": 1874, "canopy_m2": 16614.0, "row_m2": 20578.0, "row_canopy": 17.7, "veg": 18.8, "place": "res", "land": null, "green_src": "canopy", "canopy_source": "usfs-2022", "canopy_year": "2022", "assessed_m2": 110038.68, "coverage_frac": 0.9999623927523748, "canopy_quality": "full", "scenario_ok": true, "canopy_baseline_ok": true, "ac_src": "lace", "ac_coverage": 1.0, "acs_year": 2024, "access_snap_m": 192.0, "access_quality": "approach-review", "access_src": "routed"}, "geometry": {"type": "Polygon", "coordinates": [[[-121.88821, 37.7503], [-121.88712, 37.75198], [-121.88838, 37.75349], [-121.89072, 37.75332], [-121.8918, 37.75164], [-121.89055, 37.75013], [-121.88821, 37.7503]]]}}, {"type": "Feature", "properties": {"id": 178, "name": "La Sera", "lst": 45.57, "green": 10.76, "pop": 320, "pct65": 4.5, "ac": 99.8, "holc": null, "access_min": 24.6, "access_km": 1.97, "score": 57.1, "rank": 156.0, "area_m2": 109977, "street_m": 1524, "canopy_m2": 11845.0, "row_m2": 17614.0, "row_canopy": 13.9, "veg": 17.3, "place": "res", "land": null, "green_src": "canopy", "canopy_source": "usfs-2022", "canopy_year": "2022", "assessed_m2": 110036.88, "coverage_frac": 0.9999951053649372, "canopy_quality": "full", "scenario_ok": true, "canopy_baseline_ok": true, "ac_src": "lace", "ac_coverage": 1.0, "acs_year": 2024, "access_snap_m": 96.0, "access_quality": "network-estimate", "access_src": "routed"}, "geometry": {"type": "Polygon", "coordinates": [[[-121.8918, 37.75164], [-121.89072, 37.75332], [-121.89197, 37.75484], [-121.89431, 37.75467], [-121.8954, 37.75299], [-121.89414, 37.75147], [-121.8918, 37.75164]]]}}, {"type": "Feature", "properties": {"id": 179, "name": "Chantera", "lst": 46.46, "green": 9.75, "pop": 251, "pct65": 10.3, "ac": 97.8, "holc": null, "access_min": 25.9, "access_km": 2.07, "score": 63.9, "rank": 106.0, "area_m2": 109986, "street_m": 1173, "canopy_m2": 10728.0, "row_m2": 13135.0, "row_canopy": 17.8, "veg": 17.9, "place": "res", "land": null, "green_src": "canopy", "canopy_source": "usfs-2022", "canopy_year": "2022", "assessed_m2": 110044.08, "coverage_frac": 0.9999837677686594, "canopy_quality": "full", "scenario_ok": true, "canopy_baseline_ok": true, "ac_src": "lace", "ac_coverage": 1.0, "acs_year": 2024, "access_snap_m": 125.0, "access_quality": "approach-review", "access_src": "routed"}, "geometry": {"type": "Polygon", "coordinates": [[[-121.89146, 37.74525], [-121.89037, 37.74694], [-121.89163, 37.74845], [-121.89397, 37.74828], [-121.89505, 37.7466], [-121.89379, 37.74509], [-121.89146, 37.74525]]]}}, {"type": "Feature", "properties": {"id": 180, "name": "Emory", "lst": 46.84, "green": 8.04, "pop": 190, "pct65": 10.5, "ac": 97.8, "holc": null, "access_min": 21.4, "access_km": 1.71, "score": 64.3, "rank": 100.0, "area_m2": 109981, "street_m": 1277, "canopy_m2": 8842.0, "row_m2": 14639.0, "row_canopy": 14.3, "veg": 14.2, "place": "res", "land": null, "green_src": "canopy", "canopy_source": "usfs-2022", "canopy_year": "2022", "assessed_m2": 110036.16, "coverage_frac": 0.999960866921947, "canopy_quality": "full", "scenario_ok": true, "canopy_baseline_ok": true, "ac_src": "lace", "ac_coverage": 1.0, "acs_year": 2024, "access_snap_m": 159.0, "access_quality": "approach-review", "access_src": "routed"}, "geometry": {"type": "Polygon", "coordinates": [[[-121.89505, 37.7466], [-121.89397, 37.74828], [-121.89522, 37.74979], [-121.89756, 37.74963], [-121.89865, 37.74794], [-121.89739, 37.74643], [-121.89505, 37.7466]]]}}, {"type": "Feature", "properties": {"id": 181, "name": "Chantera NE", "lst": 43.91, "green": 22.02, "pop": 273, "pct65": 11.8, "ac": 99.5, "holc": null, "access_min": 27.0, "access_km": 2.16, "score": 34.0, "rank": 325.0, "area_m2": 109987, "street_m": 2346, "canopy_m2": 24234.0, "row_m2": 24562.0, "row_canopy": 20.7, "veg": 25.0, "place": "res", "land": null, "green_src": "canopy", "canopy_source": "usfs-2022", "canopy_year": "2022", "assessed_m2": 110048.04, "coverage_frac": 1.0, "canopy_quality": "full", "scenario_ok": true, "canopy_baseline_ok": true, "ac_src": "lace", "ac_coverage": 1.0, "acs_year": 2024, "access_snap_m": 87.0, "access_quality": "network-estimate", "access_src": "routed"}, "geometry": {"type": "Polygon", "coordinates": [[[-121.88803, 37.7471], [-121.88695, 37.74878], [-121.88821, 37.7503], [-121.89055, 37.75013], [-121.89163, 37.74845], [-121.89037, 37.74694], [-121.88803, 37.7471]]]}}, {"type": "Feature", "properties": {"id": 182, "name": "Easthampton", "lst": 47.22, "green": 20.8, "pop": 467, "pct65": 8.1, "ac": 84.1, "holc": null, "access_min": 6.6, "access_km": 0.53, "score": 66.3, "rank": 90.0, "area_m2": 109974, "street_m": 2294, "canopy_m2": 22884.0, "row_m2": 25516.0, "row_canopy": 16.4, "veg": 23.5, "place": "res", "land": null, "green_src": "canopy", "canopy_source": "usfs-2022", "canopy_year": "2022", "assessed_m2": 110033.64, "coverage_frac": 1.0, "canopy_quality": "full", "scenario_ok": true, "canopy_baseline_ok": true, "ac_src": "lace", "ac_coverage": 1.0, "acs_year": 2024, "access_snap_m": 82.0, "access_quality": "network-estimate", "access_src": "routed"}, "geometry": {"type": "Polygon", "coordinates": [[[-121.92909, 37.72491], [-121.928, 37.72659], [-121.92926, 37.72811], [-121.9316, 37.72794], [-121.93268, 37.72626], [-121.93142, 37.72474], [-121.92909, 37.72491]]]}}, {"type": "Feature", "properties": {"id": 183, "name": "Easthampton W", "lst": 46.69, "green": 26.0, "pop": 776, "pct65": 8.1, "ac": 84.1, "holc": null, "access_min": 1.2, "access_km": 0.09, "score": 62.1, "rank": 115.0, "area_m2": 109968, "street_m": 2050, "canopy_m2": 28611.0, "row_m2": 21209.0, "row_canopy": 20.6, "veg": 24.1, "place": "res", "land": null, "green_src": "canopy", "canopy_source": "usfs-2022", "canopy_year": "2022", "assessed_m2": 110024.28, "coverage_frac": 0.9999711610700784, "canopy_quality": "full", "scenario_ok": true, "canopy_baseline_ok": true, "ac_src": "lace", "ac_coverage": 1.0, "acs_year": 2024, "access_snap_m": 32.0, "access_quality": "network-estimate", "access_src": "routed"}, "geometry": {"type": "Polygon", "coordinates": [[[-121.93268, 37.72626], [-121.9316, 37.72794], [-121.93285, 37.72945], [-121.93519, 37.72928], [-121.93627, 37.7276], [-121.93502, 37.72609], [-121.93268, 37.72626]]]}}, {"type": "Feature", "properties": {"id": 184, "name": "Fairway Village Apartments SE", "lst": 47.25, "green": 14.78, "pop": 464, "pct65": 19.1, "ac": 84.42, "holc": null, "access_min": 3.6, "access_km": 0.29, "score": 84.7, "rank": 11.0, "area_m2": 109975, "street_m": 1121, "canopy_m2": 16258.0, "row_m2": 14542.0, "row_canopy": 4.7, "veg": 15.6, "place": "res", "land": null, "green_src": "canopy", "canopy_source": "usfs-2022", "canopy_year": "2022", "assessed_m2": 110030.04, "coverage_frac": 0.9999635933713432, "canopy_quality": "full", "scenario_ok": true, "canopy_baseline_ok": true, "ac_src": "lace", "ac_coverage": 1.0, "acs_year": 2024, "access_snap_m": 116.0, "access_quality": "approach-review", "access_src": "routed"}, "geometry": {"type": "Polygon", "coordinates": [[[-121.92567, 37.72676], [-121.92458, 37.72844], [-121.92584, 37.72996], [-121.92818, 37.72979], [-121.92926, 37.72811], [-121.928, 37.72659], [-121.92567, 37.72676]]]}}, {"type": "Feature", "properties": {"id": 185, "name": "Easthampton NE", "lst": 46.6, "green": 16.18, "pop": 255, "pct65": 13.4, "ac": 84.19, "holc": null, "access_min": 5.6, "access_km": 0.44, "score": 59.6, "rank": 131.0, "area_m2": 109969, "street_m": 1365, "canopy_m2": 17798.0, "row_m2": 15767.0, "row_canopy": 7.7, "veg": 16.9, "place": "res", "land": null, "green_src": "canopy", "canopy_source": "usfs-2022", "canopy_year": "2022", "assessed_m2": 110027.88, "coverage_frac": 0.9999930799073176, "canopy_quality": "full", "scenario_ok": true, "canopy_baseline_ok": true, "ac_src": "lace", "ac_coverage": 1.0, "acs_year": 2024, "access_snap_m": 49.0, "access_quality": "network-estimate", "access_src": "routed"}, "geometry": {"type": "Polygon", "coordinates": [[[-121.92926, 37.72811], [-121.92818, 37.72979], [-121.92943, 37.7313], [-121.93177, 37.73113], [-121.93285, 37.72945], [-121.9316, 37.72794], [-121.92926, 37.72811]]]}}, {"type": "Feature", "properties": {"id": 186, "name": "Village Parkway NW", "lst": 47.53, "green": 15.47, "pop": 191, "pct65": 8.9, "ac": 84.1, "holc": null, "access_min": 6.3, "access_km": 0.51, "score": 59.2, "rank": 134.0, "area_m2": 109972, "street_m": 1879, "canopy_m2": 17017.0, "row_m2": 21238.0, "row_canopy": 14.4, "veg": 18.1, "place": "res", "land": null, "green_src": "canopy", "canopy_source": "usfs-2022", "canopy_year": "2022", "assessed_m2": 110031.84, "coverage_frac": 1.0, "canopy_quality": "full", "scenario_ok": true, "canopy_baseline_ok": true, "ac_src": "lace", "ac_coverage": 1.0, "acs_year": 2024, "access_snap_m": 77.0, "access_quality": "network-estimate", "access_src": "routed"}, "geometry": {"type": "Polygon", "coordinates": [[[-121.93251, 37.72306], [-121.93142, 37.72474], [-121.93268, 37.72626], [-121.93502, 37.72609], [-121.9361, 37.72441], [-121.93484, 37.72289], [-121.93251, 37.72306]]]}}, {"type": "Feature", "properties": {"id": 187, "name": "Village Parkway", "lst": 47.15, "green": 14.32, "pop": 27, "pct65": 11.2, "ac": 84.1, "holc": null, "access_min": 14.0, "access_km": 1.12, "score": 48.9, "rank": 217.0, "area_m2": 109979, "street_m": 1491, "canopy_m2": 15762.0, "row_m2": 16758.0, "row_canopy": 16.1, "veg": 16.8, "place": "res", "land": null, "green_src": "canopy", "canopy_source": "usfs-2022", "canopy_year": "2022", "assessed_m2": 110037.6, "coverage_frac": 0.999993979859915, "canopy_quality": "full", "scenario_ok": true, "canopy_baseline_ok": true, "ac_src": "lace", "ac_coverage": 1.0, "acs_year": 2024, "access_snap_m": 116.0, "access_quality": "approach-review", "access_src": "routed"}, "geometry": {"type": "Polygon", "coordinates": [[[-121.92549, 37.72357], [-121.92441, 37.72525], [-121.92567, 37.72676], [-121.928, 37.72659], [-121.92909, 37.72491], [-121.92783, 37.7234], [-121.92549, 37.72357]]]}}, {"type": "Feature", "properties": {"id": 188, "name": "Amador Lakes Apartments NE", "lst": 46.97, "green": 1.29, "pop": 0, "pct65": 12.3, "ac": 65.07, "holc": null, "access_min": 5.0, "access_km": 0.4, "score": null, "rank": null, "area_m2": 109981, "street_m": 0, "canopy_m2": 1425.0, "row_m2": 0.0, "row_canopy": 0.0, "veg": 12.6, "place": "empty", "land": "grassland", "green_src": "canopy", "canopy_source": "usfs-2022", "canopy_year": "2022", "assessed_m2": 110039.4, "coverage_frac": 0.9999887654235377, "canopy_quality": "full", "scenario_ok": false, "canopy_baseline_ok": true, "ac_src": "income-model", "ac_coverage": null, "acs_year": 2024, "access_snap_m": 316.0, "access_quality": "approach-review", "access_src": "routed"}, "geometry": {"type": "Polygon", "coordinates": [[[-121.91865, 37.72727], [-121.91757, 37.72895], [-121.91883, 37.73046], [-121.92116, 37.73029], [-121.92225, 37.72861], [-121.92099, 37.7271], [-121.91865, 37.72727]]]}}, {"type": "Feature", "properties": {"id": 189, "name": "Amador Lakes Apartments N", "lst": 47.7, "green": 10.38, "pop": 213, "pct65": 47.2, "ac": 84.9, "holc": null, "access_min": 3.9, "access_km": 0.31, "score": 94.2, "rank": 5.0, "area_m2": 109976, "street_m": 1301, "canopy_m2": 11424.0, "row_m2": 17079.0, "row_canopy": 6.1, "veg": 15.7, "place": "res", "land": null, "green_src": "canopy", "canopy_source": "usfs-2022", "canopy_year": "2022", "assessed_m2": 110031.84, "coverage_frac": 0.9999691663114296, "canopy_quality": "full", "scenario_ok": true, "canopy_baseline_ok": true, "ac_src": "lace", "ac_coverage": 1.0, "acs_year": 2024, "access_snap_m": 163.0, "access_quality": "approach-review", "access_src": "routed"}, "geometry": {"type": "Polygon", "coordinates": [[[-121.92225, 37.72861], [-121.92116, 37.73029], [-121.92242, 37.73181], [-121.92476, 37.73164], [-121.92584, 37.72996], [-121.92458, 37.72844], [-121.92225, 37.72861]]]}}, {"type": "Feature", "properties": {"id": 190, "name": "The Hills at Bent Creek S", "lst": 47.99, "green": 10.32, "pop": 116, "pct65": 9.2, "ac": 84.9, "holc": null, "access_min": 23.5, "access_km": 1.88, "score": 62.5, "rank": 110.0, "area_m2": 109982, "street_m": 381, "canopy_m2": 11358.0, "row_m2": 4990.0, "row_canopy": 3.3, "veg": 17.1, "place": "res", "land": null, "green_src": "canopy", "canopy_source": "usfs-2022", "canopy_year": "2022", "assessed_m2": 110038.32, "coverage_frac": 0.9999681796424804, "canopy_quality": "full", "scenario_ok": true, "canopy_baseline_ok": true, "ac_src": "lace", "ac_coverage": 1.0, "acs_year": 2024, "access_snap_m": 345.0, "access_quality": "approach-review", "access_src": "routed"}, "geometry": {"type": "Polygon", "coordinates": [[[-121.91523, 37.72912], [-121.91415, 37.7308], [-121.91541, 37.73231], [-121.91774, 37.73214], [-121.91883, 37.73046], [-121.91757, 37.72895], [-121.91523, 37.72912]]]}}, {"type": "Feature", "properties": {"id": 191, "name": "The Hills at Bent Creek W", "lst": 48.07, "green": 0.01, "pop": 0, "pct65": 12.3, "ac": 65.07, "holc": null, "access_min": 4.4, "access_km": 0.35, "score": null, "rank": null, "area_m2": 109977, "street_m": 0, "canopy_m2": 13.0, "row_m2": 0.0, "row_canopy": 0.0, "veg": 12.4, "place": "empty", "land": "grassland", "green_src": "canopy", "canopy_source": "usfs-2022", "canopy_year": "2022", "assessed_m2": 110035.8, "coverage_frac": 0.999994378668149, "canopy_quality": "full", "scenario_ok": false, "canopy_baseline_ok": true, "ac_src": "income-model", "ac_coverage": null, "acs_year": 2024, "access_snap_m": 250.0, "access_quality": "approach-review", "access_src": "routed"}, "geometry": {"type": "Polygon", "coordinates": [[[-121.91883, 37.73046], [-121.91774, 37.73214], [-121.919, 37.73366], [-121.92134, 37.73349], [-121.92242, 37.73181], [-121.92116, 37.73029], [-121.91883, 37.73046]]]}}, {"type": "Feature", "properties": {"id": 192, "name": "Amador Lakes Apartments", "lst": 46.66, "green": 11.98, "pop": 68, "pct65": 33.1, "ac": 84.9, "holc": null, "access_min": 10.7, "access_km": 0.86, "score": 64.2, "rank": 102.0, "area_m2": 109980, "street_m": 840, "canopy_m2": 13185.0, "row_m2": 10029.0, "row_canopy": 13.3, "veg": 20.1, "place": "res", "land": null, "green_src": "canopy", "canopy_source": "usfs-2022", "canopy_year": "2022", "assessed_m2": 110039.4, "coverage_frac": 0.9999995466504156, "canopy_quality": "full", "scenario_ok": true, "canopy_baseline_ok": true, "ac_src": "lace", "ac_coverage": 1.0, "acs_year": 2024, "access_snap_m": 58.0, "access_quality": "network-estimate", "access_src": "routed"}, "geometry": {"type": "Polygon", "coordinates": [[[-121.92207, 37.72542], [-121.92099, 37.7271], [-121.92225, 37.72861], [-121.92458, 37.72844], [-121.92567, 37.72676], [-121.92441, 37.72525], [-121.92207, 37.72542]]]}}, {"type": "Feature", "properties": {"id": 193, "name": "The Hills at Bent Creek S 2", "lst": 49.02, "green": 2.11, "pop": 0, "pct65": 12.3, "ac": 65.07, "holc": null, "access_min": 17.6, "access_km": 1.4, "score": null, "rank": null, "area_m2": 109987, "street_m": 133, "canopy_m2": 2318.0, "row_m2": 1794.0, "row_canopy": 3.5, "veg": 13.6, "place": "activity", "land": null, "green_src": "canopy", "canopy_source": "usfs-2022", "canopy_year": "2022", "assessed_m2": 110045.52, "coverage_frac": 0.9999952830260312, "canopy_quality": "full", "scenario_ok": true, "canopy_baseline_ok": true, "ac_src": "income-model", "ac_coverage": null, "acs_year": 2024, "access_snap_m": 350.0, "access_quality": "approach-review", "access_src": "routed"}, "geometry": {"type": "Polygon", "coordinates": [[[-121.91506, 37.72592], [-121.91398, 37.7276], [-121.91523, 37.72912], [-121.91757, 37.72895], [-121.91865, 37.72727], [-121.9174, 37.72575], [-121.91506, 37.72592]]]}}, {"type": "Feature", "properties": {"id": 194, "name": "California Chateau at Danville Ranch SW", "lst": 47.8, "green": 1.14, "pop": 0, "pct65": 12.3, "ac": 65.07, "holc": null, "access_min": 20.0, "access_km": 1.6, "score": null, "rank": null, "area_m2": 109829, "street_m": 0, "canopy_m2": 363.0, "row_m2": 0.0, "row_canopy": 0.0, "veg": 14.6, "place": "empty", "land": "grassland", "green_src": "canopy", "canopy_source": "usfs-2022", "canopy_year": "2022", "assessed_m2": 31731.48, "coverage_frac": 0.2887562495399021, "canopy_quality": "partial", "scenario_ok": false, "canopy_baseline_ok": false, "ac_src": "income-model", "ac_coverage": null, "acs_year": 2024, "access_snap_m": 302.0, "access_quality": "approach-review", "access_src": "routed"}, "geometry": {"type": "Polygon", "coordinates": [[[-121.99229, 37.78606], [-121.99121, 37.78774], [-121.99246, 37.78925], [-121.9948, 37.78908], [-121.99588, 37.7874], [-121.99463, 37.78589], [-121.99229, 37.78606]]]}}, {"type": "Feature", "properties": {"id": 195, "name": "The Preserve NW", "lst": 47.36, "green": 4.27, "pop": 14, "pct65": 11.6, "ac": 92.9, "holc": null, "access_min": 8.8, "access_km": 0.7, "score": 58.6, "rank": 137.0, "area_m2": 109834, "street_m": 0, "canopy_m2": 1756.0, "row_m2": 0.0, "row_canopy": 0.0, "veg": 15.3, "place": "res", "land": null, "green_src": "canopy", "canopy_source": "usfs-2022", "canopy_year": "2022", "assessed_m2": 41079.96, "coverage_frac": 0.373812967982887, "canopy_quality": "partial", "scenario_ok": false, "canopy_baseline_ok": false, "ac_src": "lace", "ac_coverage": 1.0, "acs_year": 2024, "access_snap_m": 271.0, "access_quality": "approach-review", "access_src": "routed"}, "geometry": {"type": "Polygon", "coordinates": [[[-121.99211, 37.78286], [-121.99103, 37.78454], [-121.99229, 37.78606], [-121.99463, 37.78589], [-121.99571, 37.7842], [-121.99445, 37.78269], [-121.99211, 37.78286]]]}}, {"type": "Feature", "properties": {"id": 196, "name": "The Preserve NW 2", "lst": 44.85, "green": 1.63, "pop": 0, "pct65": 12.3, "ac": 65.07, "holc": null, "access_min": 15.7, "access_km": 1.26, "score": null, "rank": null, "area_m2": 109828, "street_m": 0, "canopy_m2": 1787.0, "row_m2": 0.0, "row_canopy": 0.0, "veg": 15.2, "place": "empty", "land": "grassland", "green_src": "canopy", "canopy_source": "chm-legacy", "canopy_year": "2009-2020", "assessed_m2": null, "coverage_frac": null, "canopy_quality": "coverage-unknown", "scenario_ok": false, "canopy_baseline_ok": false, "ac_src": "income-model", "ac_coverage": null, "acs_year": 2024, "access_snap_m": 432.0, "access_quality": "approach-review", "access_src": "routed"}, "geometry": {"type": "Polygon", "coordinates": [[[-121.99571, 37.7842], [-121.99463, 37.78589], [-121.99588, 37.7874], [-121.99822, 37.78723], [-121.9993, 37.78555], [-121.99805, 37.78403], [-121.99571, 37.7842]]]}}, {"type": "Feature", "properties": {"id": 197, "name": "California Chateau at Danville Ranch S", "lst": 48.32, "green": 2.22, "pop": 13, "pct65": 11.7, "ac": 92.9, "holc": null, "access_min": 22.2, "access_km": 1.78, "score": 65.4, "rank": 95.0, "area_m2": 109835, "street_m": 149, "canopy_m2": 2388.0, "row_m2": 2075.0, "row_canopy": 4.3, "veg": 14.2, "place": "res", "land": null, "green_src": "canopy", "canopy_source": "usfs-2022", "canopy_year": "2022", "assessed_m2": 107557.92, "coverage_frac": 0.9787280804780036, "canopy_quality": "partial", "scenario_ok": true, "canopy_baseline_ok": false, "ac_src": "lace", "ac_coverage": 1.0, "acs_year": 2024, "access_snap_m": 222.0, "access_quality": "approach-review", "access_src": "routed"}, "geometry": {"type": "Polygon", "coordinates": [[[-121.98869, 37.78471], [-121.98761, 37.7864], [-121.98887, 37.78791], [-121.99121, 37.78774], [-121.99229, 37.78606], [-121.99103, 37.78454], [-121.98869, 37.78471]]]}}, {"type": "Feature", "properties": {"id": 198, "name": "The Preserve SW 6", "lst": 45.53, "green": 7.51, "pop": 166, "pct65": 14.9, "ac": 87.6, "holc": null, "access_min": 10.6, "access_km": 0.85, "score": 58.1, "rank": 147.0, "area_m2": 109844, "street_m": 831, "canopy_m2": 7605.0, "row_m2": 9642.0, "row_canopy": 2.9, "veg": 20.0, "place": "res", "land": null, "green_src": "canopy", "canopy_source": "usfs-2022", "canopy_year": "2022", "assessed_m2": 101286.72, "coverage_frac": 0.9215866320901066, "canopy_quality": "partial", "scenario_ok": true, "canopy_baseline_ok": false, "ac_src": "lace", "ac_coverage": 1.0, "acs_year": 2024, "access_snap_m": 212.0, "access_quality": "approach-review", "access_src": "routed"}, "geometry": {"type": "Polygon", "coordinates": [[[-121.99842, 37.76959], [-121.99734, 37.77127], [-121.9986, 37.77278], [-122.00094, 37.77261], [-122.00202, 37.77093], [-122.00076, 37.76942], [-121.99842, 37.76959]]]}}, {"type": "Feature", "properties": {"id": 199, "name": "The Preserve SW 7", "lst": 44.04, "green": 46.91, "pop": 0, "pct65": 12.3, "ac": 65.07, "holc": null, "access_min": 13.8, "access_km": 1.1, "score": null, "rank": null, "area_m2": 109839, "street_m": 163, "canopy_m2": 1611.0, "row_m2": 872.0, "row_canopy": 1.6, "veg": 28.2, "place": "activity", "land": null, "green_src": "canopy", "canopy_source": "usfs-2022", "canopy_year": "2022", "assessed_m2": 3434.04, "coverage_frac": 0.0312471505568597, "canopy_quality": "partial", "scenario_ok": true, "canopy_baseline_ok": false, "ac_src": "income-model", "ac_coverage": null, "acs_year": 2024, "access_snap_m": 465.0, "access_quality": "approach-review", "access_src": "routed"}, "geometry": {"type": "Polygon", "coordinates": [[[-122.00202, 37.77093], [-122.00094, 37.77261], [-122.00219, 37.77412], [-122.00453, 37.77395], [-122.00561, 37.77227], [-122.00436, 37.77076], [-122.00202, 37.77093]]]}}, {"type": "Feature", "properties": {"id": 200, "name": "The Preserve SW 4", "lst": 43.08, "green": 36.41, "pop": 140, "pct65": 11.9, "ac": 89.59, "holc": null, "access_min": 5.8, "access_km": 0.46, "score": 9.0, "rank": 413.0, "area_m2": 109846, "street_m": 1696, "canopy_m2": 34763.0, "row_m2": 17139.0, "row_canopy": 10.7, "veg": 31.7, "place": "res", "land": null, "green_src": "canopy", "canopy_source": "usfs-2022", "canopy_year": "2022", "assessed_m2": 95486.76, "coverage_frac": 0.86880458358573, "canopy_quality": "partial", "scenario_ok": true, "canopy_baseline_ok": false, "ac_src": "lace", "ac_coverage": 1.0, "acs_year": 2024, "access_snap_m": 32.0, "access_quality": "network-estimate", "access_src": "routed"}, "geometry": {"type": "Polygon", "coordinates": [[[-121.99501, 37.77144], [-121.99392, 37.77312], [-121.99518, 37.77463], [-121.99752, 37.77446], [-121.9986, 37.77278], [-121.99734, 37.77127], [-121.99501, 37.77144]]]}}, {"type": "Feature", "properties": {"id": 201, "name": "The Preserve SW 5", "lst": 45.27, "green": 61.63, "pop": 0, "pct65": 12.3, "ac": 65.07, "holc": null, "access_min": 4.4, "access_km": 0.35, "score": null, "rank": null, "area_m2": 109840, "street_m": 0, "canopy_m2": 2238.0, "row_m2": 0.0, "row_canopy": 0.0, "veg": 28.5, "place": "empty", "land": "grassland", "green_src": "canopy", "canopy_source": "usfs-2022", "canopy_year": "2022", "assessed_m2": 3631.68, "coverage_frac": 0.0330451653840556, "canopy_quality": "partial", "scenario_ok": false, "canopy_baseline_ok": false, "ac_src": "income-model", "ac_coverage": null, "acs_year": 2024, "access_snap_m": 227.0, "access_quality": "approach-review", "access_src": "routed"}, "geometry": {"type": "Polygon", "coordinates": [[[-121.9986, 37.77278], [-121.99752, 37.77446], [-121.99878, 37.77597], [-122.00111, 37.7758], [-122.00219, 37.77412], [-122.00094, 37.77261], [-121.9986, 37.77278]]]}}, {"type": "Feature", "properties": {"id": 202, "name": "The Preserve SW 8", "lst": 47.23, "green": 5.27, "pop": 21, "pct65": 13.1, "ac": 87.6, "holc": null, "access_min": 15.7, "access_km": 1.26, "score": 58.4, "rank": 140.0, "area_m2": 109849, "street_m": 102, "canopy_m2": 5593.0, "row_m2": 1471.0, "row_canopy": 2.5, "veg": 17.7, "place": "res", "land": null, "green_src": "canopy", "canopy_source": "usfs-2022", "canopy_year": "2022", "assessed_m2": 106182.0, "coverage_frac": 0.9660906252661596, "canopy_quality": "partial", "scenario_ok": true, "canopy_baseline_ok": false, "ac_src": "lace", "ac_coverage": 1.0, "acs_year": 2024, "access_snap_m": 232.0, "access_quality": "approach-review", "access_src": "routed"}, "geometry": {"type": "Polygon", "coordinates": [[[-121.99825, 37.76639], [-121.99717, 37.76807], [-121.99842, 37.76959], [-122.00076, 37.76942], [-122.00184, 37.76773], [-122.00059, 37.76622], [-121.99825, 37.76639]]]}}, {"type": "Feature", "properties": {"id": 203, "name": "The Preserve SW 9", "lst": 44.89, "green": 5.68, "pop": 0, "pct65": 12.3, "ac": 65.07, "holc": null, "access_min": 15.8, "access_km": 1.26, "score": null, "rank": null, "area_m2": 109843, "street_m": 246, "canopy_m2": 2978.0, "row_m2": 696.0, "row_canopy": 3.5, "veg": 20.6, "place": "activity", "land": null, "green_src": "canopy", "canopy_source": "usfs-2022", "canopy_year": "2022", "assessed_m2": 52433.28, "coverage_frac": 0.4770846048784437, "canopy_quality": "partial", "scenario_ok": true, "canopy_baseline_ok": false, "ac_src": "income-model", "ac_coverage": null, "acs_year": 2024, "access_snap_m": 313.0, "access_quality": "approach-review", "access_src": "routed"}, "geometry": {"type": "Polygon", "coordinates": [[[-122.00184, 37.76773], [-122.00076, 37.76942], [-122.00202, 37.77093], [-122.00436, 37.77076], [-122.00544, 37.76907], [-122.00418, 37.76756], [-122.00184, 37.76773]]]}}, {"type": "Feature", "properties": {"id": 204, "name": "The Preserve S 7", "lst": 45.28, "green": 18.49, "pop": 299, "pct65": 15.4, "ac": 87.6, "holc": null, "access_min": 11.0, "access_km": 0.88, "score": 51.7, "rank": 194.0, "area_m2": 109850, "street_m": 1681, "canopy_m2": 20318.0, "row_m2": 20335.0, "row_canopy": 7.4, "veg": 22.8, "place": "res", "land": null, "green_src": "canopy", "canopy_source": "usfs-2022", "canopy_year": "2022", "assessed_m2": 109908.0, "coverage_frac": 0.9999805580704826, "canopy_quality": "full", "scenario_ok": true, "canopy_baseline_ok": true, "ac_src": "lace", "ac_coverage": 1.0, "acs_year": 2024, "access_snap_m": 86.0, "access_quality": "network-estimate", "access_src": "routed"}, "geometry": {"type": "Polygon", "coordinates": [[[-121.99483, 37.76824], [-121.99375, 37.76993], [-121.99501, 37.77144], [-121.99734, 37.77127], [-121.99842, 37.76959], [-121.99717, 37.76807], [-121.99483, 37.76824]]]}}, {"type": "Feature", "properties": {"id": 205, "name": "The Preserve S 4", "lst": 43.82, "green": 26.62, "pop": 102, "pct65": 8.1, "ac": 92.9, "holc": null, "access_min": 12.2, "access_km": 0.97, "score": 20.4, "rank": 391.0, "area_m2": 109852, "street_m": 2033, "canopy_m2": 29258.0, "row_m2": 21817.0, "row_canopy": 15.9, "veg": 23.8, "place": "res", "land": null, "green_src": "canopy", "canopy_source": "usfs-2022", "canopy_year": "2022", "assessed_m2": 109910.88, "coverage_frac": 0.9999850763070244, "canopy_quality": "full", "scenario_ok": true, "canopy_baseline_ok": true, "ac_src": "lace", "ac_coverage": 1.0, "acs_year": 2024, "access_snap_m": 59.0, "access_quality": "network-estimate", "access_src": "routed"}, "geometry": {"type": "Polygon", "coordinates": [[[-121.98799, 37.77195], [-121.98691, 37.77363], [-121.98817, 37.77514], [-121.99051, 37.77497], [-121.99159, 37.77329], [-121.99033, 37.77178], [-121.98799, 37.77195]]]}}, {"type": "Feature", "properties": {"id": 206, "name": "The Preserve S 3", "lst": 45.15, "green": 19.38, "pop": 388, "pct65": 7.8, "ac": 92.9, "holc": null, "access_min": 6.8, "access_km": 0.54, "score": 47.9, "rank": 229.0, "area_m2": 109847, "street_m": 1986, "canopy_m2": 19854.0, "row_m2": 22729.0, "row_canopy": 13.4, "veg": 20.8, "place": "res", "land": null, "green_src": "canopy", "canopy_source": "usfs-2022", "canopy_year": "2022", "assessed_m2": 102469.68, "coverage_frac": 0.9323299106920748, "canopy_quality": "partial", "scenario_ok": true, "canopy_baseline_ok": false, "ac_src": "lace", "ac_coverage": 1.0, "acs_year": 2024, "access_snap_m": 4.0, "access_quality": "network-estimate", "access_src": "routed"}, "geometry": {"type": "Polygon", "coordinates": [[[-121.99159, 37.77329], [-121.99051, 37.77497], [-121.99176, 37.77648], [-121.9941, 37.77631], [-121.99518, 37.77463], [-121.99392, 37.77312], [-121.99159, 37.77329]]]}}, {"type": "Feature", "properties": {"id": 207, "name": "The Preserve SE 3", "lst": 46.15, "green": 13.11, "pop": 484, "pct65": 5.1, "ac": 92.9, "holc": null, "access_min": 15.6, "access_km": 1.25, "score": 67.6, "rank": 80.0, "area_m2": 109853, "street_m": 1324, "canopy_m2": 14412.0, "row_m2": 16472.0, "row_canopy": 8.0, "veg": 15.2, "place": "res", "land": null, "green_src": "canopy", "canopy_source": "usfs-2022", "canopy_year": "2022", "assessed_m2": 109911.6, "coverage_frac": 0.9999807992490268, "canopy_quality": "full", "scenario_ok": true, "canopy_baseline_ok": true, "ac_src": "lace", "ac_coverage": 1.0, "acs_year": 2024, "access_snap_m": 69.0, "access_quality": "network-estimate", "access_src": "routed"}, "geometry": {"type": "Polygon", "coordinates": [[[-121.98457, 37.7738], [-121.98349, 37.77548], [-121.98475, 37.77699], [-121.98709, 37.77682], [-121.98817, 37.77514], [-121.98691, 37.77363], [-121.98457, 37.7738]]]}}, {"type": "Feature", "properties": {"id": 208, "name": "The Preserve S 2", "lst": 46.02, "green": 22.3, "pop": 294, "pct65": 8.1, "ac": 92.9, "holc": null, "access_min": 14.1, "access_km": 1.13, "score": 46.3, "rank": 244.0, "area_m2": 109848, "street_m": 1027, "canopy_m2": 20118.0, "row_m2": 11121.0, "row_canopy": 13.2, "veg": 22.9, "place": "res", "land": null, "green_src": "canopy", "canopy_source": "usfs-2022", "canopy_year": "2022", "assessed_m2": 90231.84, "coverage_frac": 0.8209738924062555, "canopy_quality": "partial", "scenario_ok": true, "canopy_baseline_ok": false, "ac_src": "lace", "ac_coverage": 1.0, "acs_year": 2024, "access_snap_m": 94.0, "access_quality": "network-estimate", "access_src": "routed"}, "geometry": {"type": "Polygon", "coordinates": [[[-121.98817, 37.77514], [-121.98709, 37.77682], [-121.98834, 37.77833], [-121.99068, 37.77816], [-121.99176, 37.77648], [-121.99051, 37.77497], [-121.98817, 37.77514]]]}}, {"type": "Feature", "properties": {"id": 209, "name": "The Preserve S 6", "lst": 42.74, "green": 46.65, "pop": 257, "pct65": 11.1, "ac": 87.6, "holc": null, "access_min": 16.2, "access_km": 1.3, "score": 6.2, "rank": 414.0, "area_m2": 109856, "street_m": 701, "canopy_m2": 51275.0, "row_m2": 8641.0, "row_canopy": 12.9, "veg": 37.0, "place": "res", "land": null, "green_src": "canopy", "canopy_source": "usfs-2022", "canopy_year": "2022", "assessed_m2": 109914.48, "coverage_frac": 0.9999793869882128, "canopy_quality": "full", "scenario_ok": true, "canopy_baseline_ok": true, "ac_src": "lace", "ac_coverage": 1.0, "acs_year": 2024, "access_snap_m": 69.0, "access_quality": "network-estimate", "access_src": "routed"}, "geometry": {"type": "Polygon", "coordinates": [[[-121.98782, 37.76875], [-121.98673, 37.77043], [-121.98799, 37.77195], [-121.99033, 37.77178], [-121.99141, 37.7701], [-121.99015, 37.76858], [-121.98782, 37.76875]]]}}, {"type": "Feature", "properties": {"id": 210, "name": "The Preserve S 5", "lst": 43.78, "green": 36.76, "pop": 226, "pct65": 10.5, "ac": 88.48, "holc": null, "access_min": 11.4, "access_km": 0.91, "score": 13.3, "rank": 407.0, "area_m2": 109851, "street_m": 1797, "canopy_m2": 40403.0, "row_m2": 16563.0, "row_canopy": 31.3, "veg": 27.4, "place": "res", "land": null, "green_src": "canopy", "canopy_source": "usfs-2022", "canopy_year": "2022", "assessed_m2": 109911.24, "coverage_frac": 0.9999991892127092, "canopy_quality": "full", "scenario_ok": true, "canopy_baseline_ok": true, "ac_src": "lace", "ac_coverage": 1.0, "acs_year": 2024, "access_snap_m": 71.0, "access_quality": "network-estimate", "access_src": "routed"}, "geometry": {"type": "Polygon", "coordinates": [[[-121.99141, 37.7701], [-121.99033, 37.77178], [-121.99159, 37.77329], [-121.99392, 37.77312], [-121.99501, 37.77144], [-121.99375, 37.76993], [-121.99141, 37.7701]]]}}, {"type": "Feature", "properties": {"id": 211, "name": "The Preserve SE 5", "lst": 41.88, "green": 45.99, "pop": 222, "pct65": 10.5, "ac": 88.37, "holc": null, "access_min": 19.0, "access_km": 1.52, "score": 0.0, "rank": 419.0, "area_m2": 109858, "street_m": 797, "canopy_m2": 50553.0, "row_m2": 10337.0, "row_canopy": 7.2, "veg": 37.9, "place": "res", "land": null, "green_src": "canopy", "canopy_source": "usfs-2022", "canopy_year": "2022", "assessed_m2": 109919.16, "coverage_frac": 1.0, "canopy_quality": "full", "scenario_ok": true, "canopy_baseline_ok": true, "ac_src": "lace", "ac_coverage": 1.0, "acs_year": 2024, "access_snap_m": 165.0, "access_quality": "approach-review", "access_src": "routed"}, "geometry": {"type": "Polygon", "coordinates": [[[-121.9844, 37.7706], [-121.98332, 37.77229], [-121.98457, 37.7738], [-121.98691, 37.77363], [-121.98799, 37.77195], [-121.98673, 37.77043], [-121.9844, 37.7706]]]}}, {"type": "Feature", "properties": {"id": 212, "name": "The Preserve SW", "lst": 45.29, "green": 37.62, "pop": 35, "pct65": 14.3, "ac": 84.2, "holc": null, "access_min": 6.1, "access_km": 0.49, "score": 19.4, "rank": 396.0, "area_m2": 109837, "street_m": 493, "canopy_m2": 163.0, "row_m2": 259.0, "row_canopy": 26.7, "veg": 15.1, "place": "res", "land": null, "green_src": "canopy", "canopy_source": "usfs-2022", "canopy_year": "2022", "assessed_m2": 433.44, "coverage_frac": 0.0039440402176397, "canopy_quality": "partial", "scenario_ok": true, "canopy_baseline_ok": false, "ac_src": "lace", "ac_coverage": 1.0, "acs_year": 2024, "access_snap_m": 63.0, "access_quality": "network-estimate", "access_src": "routed"}, "geometry": {"type": "Polygon", "coordinates": [[[-121.99536, 37.77782], [-121.99428, 37.7795], [-121.99553, 37.78101], [-121.99787, 37.78084], [-121.99895, 37.77916], [-121.99769, 37.77765], [-121.99536, 37.77782]]]}}, {"type": "Feature", "properties": {"id": 213, "name": "The Preserve W 2", "lst": 40.9, "green": 47.31, "pop": 0, "pct65": 12.3, "ac": 65.07, "holc": null, "access_min": 7.3, "access_km": 0.58, "score": null, "rank": null, "area_m2": 109831, "street_m": 354, "canopy_m2": 775.0, "row_m2": 357.0, "row_canopy": 35.9, "veg": 34.2, "place": "activity", "land": null, "green_src": "canopy", "canopy_source": "usfs-2022", "canopy_year": "2022", "assessed_m2": 1639.08, "coverage_frac": 0.0149153658609924, "canopy_quality": "partial", "scenario_ok": true, "canopy_baseline_ok": false, "ac_src": "income-model", "ac_coverage": null, "acs_year": 2024, "access_snap_m": 193.0, "access_quality": "approach-review", "access_src": "routed"}, "geometry": {"type": "Polygon", "coordinates": [[[-121.99895, 37.77916], [-121.99787, 37.78084], [-121.99913, 37.78235], [-122.00147, 37.78218], [-122.00255, 37.7805], [-122.00129, 37.77899], [-121.99895, 37.77916]]]}}, {"type": "Feature", "properties": {"id": 214, "name": "The Preserve", "lst": 49.2, "green": 0.0, "pop": 206, "pct65": 16.8, "ac": 84.68, "holc": null, "access_min": 8.1, "access_km": 0.65, "score": 94.0, "rank": 6.0, "area_m2": 109838, "street_m": 1109, "canopy_m2": 0.0, "row_m2": 408.0, "row_canopy": 0.0, "veg": 6.0, "place": "res", "land": null, "green_src": "canopy", "canopy_source": "usfs-2022", "canopy_year": "2022", "assessed_m2": 2146.68, "coverage_frac": 0.0195332699928887, "canopy_quality": "partial", "scenario_ok": true, "canopy_baseline_ok": false, "ac_src": "lace", "ac_coverage": 1.0, "acs_year": 2024, "access_snap_m": 80.0, "access_quality": "network-estimate", "access_src": "routed"}, "geometry": {"type": "Polygon", "coordinates": [[[-121.99194, 37.77967], [-121.99086, 37.78135], [-121.99211, 37.78286], [-121.99445, 37.78269], [-121.99553, 37.78101], [-121.99428, 37.7795], [-121.99194, 37.77967]]]}}, {"type": "Feature", "properties": {"id": 215, "name": "The Preserve W", "lst": 46.13, "green": 3.25, "pop": 0, "pct65": 12.3, "ac": 65.07, "holc": null, "access_min": 12.9, "access_km": 1.04, "score": null, "rank": null, "area_m2": 109833, "street_m": 0, "canopy_m2": 3567.0, "row_m2": 0.0, "row_canopy": 0.0, "veg": 14.0, "place": "empty", "land": "grassland", "green_src": "canopy", "canopy_source": "chm-legacy", "canopy_year": "2009-2020", "assessed_m2": null, "coverage_frac": null, "canopy_quality": "coverage-unknown", "scenario_ok": false, "canopy_baseline_ok": false, "ac_src": "income-model", "ac_coverage": null, "acs_year": 2024, "access_snap_m": 103.0, "access_quality": "approach-review", "access_src": "routed"}, "geometry": {"type": "Polygon", "coordinates": [[[-121.99553, 37.78101], [-121.99445, 37.78269], [-121.99571, 37.7842], [-121.99805, 37.78403], [-121.99913, 37.78235], [-121.99787, 37.78084], [-121.99553, 37.78101]]]}}, {"type": "Feature", "properties": {"id": 216, "name": "The Preserve SW 2", "lst": 44.39, "green": 29.41, "pop": 150, "pct65": 10.3, "ac": 91.18, "holc": null, "access_min": 1.2, "access_km": 0.1, "score": 23.5, "rank": 379.0, "area_m2": 109841, "street_m": 1383, "canopy_m2": 22214.0, "row_m2": 11260.0, "row_canopy": 10.8, "veg": 22.0, "place": "res", "land": null, "green_src": "canopy", "canopy_source": "usfs-2022", "canopy_year": "2022", "assessed_m2": 75530.88, "coverage_frac": 0.687258609883169, "canopy_quality": "partial", "scenario_ok": true, "canopy_baseline_ok": false, "ac_src": "lace", "ac_coverage": 1.0, "acs_year": 2024, "access_snap_m": 63.0, "access_quality": "network-estimate", "access_src": "routed"}, "geometry": {"type": "Polygon", "coordinates": [[[-121.99518, 37.77463], [-121.9941, 37.77631], [-121.99536, 37.77782], [-121.99769, 37.77765], [-121.99878, 37.77597], [-121.99752, 37.77446], [-121.99518, 37.77463]]]}}, {"type": "Feature", "properties": {"id": 217, "name": "The Preserve SW 3", "lst": 44.11, "green": 78.2, "pop": 0, "pct65": 12.3, "ac": 65.07, "holc": null, "access_min": 3.8, "access_km": 0.31, "score": null, "rank": null, "area_m2": 109836, "street_m": 190, "canopy_m2": 7102.0, "row_m2": 962.0, "row_canopy": 39.8, "veg": 32.8, "place": "activity", "land": null, "green_src": "canopy", "canopy_source": "usfs-2022", "canopy_year": "2022", "assessed_m2": 9082.08, "coverage_frac": 0.0826422968153494, "canopy_quality": "partial", "scenario_ok": true, "canopy_baseline_ok": false, "ac_src": "income-model", "ac_coverage": null, "acs_year": 2024, "access_snap_m": 218.0, "access_quality": "approach-review", "access_src": "routed"}, "geometry": {"type": "Polygon", "coordinates": [[[-121.99878, 37.77597], [-121.99769, 37.77765], [-121.99895, 37.77916], [-122.00129, 37.77899], [-122.00237, 37.77731], [-122.00111, 37.7758], [-121.99878, 37.77597]]]}}, {"type": "Feature", "properties": {"id": 218, "name": "The Preserve S", "lst": 48.1, "green": 0.0, "pop": 42, "pct65": 14.5, "ac": 84.2, "holc": null, "access_min": 6.8, "access_km": 0.54, "score": 70.5, "rank": 68.0, "area_m2": 109842, "street_m": 1428, "canopy_m2": 0.0, "row_m2": 23964.0, "row_canopy": 0.0, "veg": 5.3, "place": "res", "land": null, "green_src": "canopy", "canopy_source": "chm-legacy", "canopy_year": "2009-2020", "assessed_m2": null, "coverage_frac": null, "canopy_quality": "coverage-unknown", "scenario_ok": true, "canopy_baseline_ok": false, "ac_src": "lace", "ac_coverage": 1.0, "acs_year": 2024, "access_snap_m": 19.0, "access_quality": "network-estimate", "access_src": "routed"}, "geometry": {"type": "Polygon", "coordinates": [[[-121.99176, 37.77648], [-121.99068, 37.77816], [-121.99194, 37.77967], [-121.99428, 37.7795], [-121.99536, 37.77782], [-121.9941, 37.77631], [-121.99176, 37.77648]]]}}, {"type": "Feature", "properties": {"id": 219, "name": "The Preserve S 15", "lst": 45.68, "green": 0.84, "pop": 0, "pct65": 12.3, "ac": 65.07, "holc": null, "access_min": 19.3, "access_km": 1.54, "score": null, "rank": null, "area_m2": 109853, "street_m": 0, "canopy_m2": 173.0, "row_m2": 0.0, "row_canopy": 0.0, "veg": 16.9, "place": "empty", "land": "grassland", "green_src": "canopy", "canopy_source": "usfs-2022", "canopy_year": "2022", "assessed_m2": 20602.08, "coverage_frac": 0.1874395992770925, "canopy_quality": "partial", "scenario_ok": false, "canopy_baseline_ok": false, "ac_src": "income-model", "ac_coverage": null, "acs_year": 2024, "access_snap_m": 503.0, "access_quality": "approach-review", "access_src": "routed"}, "geometry": {"type": "Polygon", "coordinates": [[[-121.99807, 37.7632], [-121.99699, 37.76488], [-121.99825, 37.76639], [-122.00059, 37.76622], [-122.00167, 37.76454], [-122.00041, 37.76303], [-121.99807, 37.7632]]]}}, {"type": "Feature", "properties": {"id": 220, "name": "The Preserve S 12", "lst": 46.31, "green": 14.6, "pop": 48, "pct65": 13.7, "ac": 87.6, "holc": null, "access_min": 24.2, "access_km": 1.94, "score": 47.0, "rank": 237.0, "area_m2": 109860, "street_m": 209, "canopy_m2": 4454.0, "row_m2": 2697.0, "row_canopy": 8.6, "veg": 16.2, "place": "res", "land": null, "green_src": "canopy", "canopy_source": "usfs-2022", "canopy_year": "2022", "assessed_m2": 30513.24, "coverage_frac": 0.2775955390583388, "canopy_quality": "partial", "scenario_ok": true, "canopy_baseline_ok": false, "ac_src": "lace", "ac_coverage": 1.0, "acs_year": 2024, "access_snap_m": 301.0, "access_quality": "approach-review", "access_src": "routed"}, "geometry": {"type": "Polygon", "coordinates": [[[-121.99106, 37.76371], [-121.98998, 37.76539], [-121.99123, 37.7669], [-121.99357, 37.76673], [-121.99465, 37.76505], [-121.9934, 37.76354], [-121.99106, 37.76371]]]}}, {"type": "Feature", "properties": {"id": 221, "name": "The Preserve S 11", "lst": 43.96, "green": 8.55, "pop": 4, "pct65": 12.5, "ac": 87.6, "holc": null, "access_min": 16.6, "access_km": 1.33, "score": 37.2, "rank": 308.0, "area_m2": 109854, "street_m": 4, "canopy_m2": 7851.0, "row_m2": 128.0, "row_canopy": 0.0, "veg": 20.3, "place": "res", "land": null, "green_src": "canopy", "canopy_source": "usfs-2022", "canopy_year": "2022", "assessed_m2": 91811.88, "coverage_frac": 0.8353037685516537, "canopy_quality": "partial", "scenario_ok": true, "canopy_baseline_ok": false, "ac_src": "lace", "ac_coverage": 1.0, "acs_year": 2024, "access_snap_m": 290.0, "access_quality": "approach-review", "access_src": "routed"}, "geometry": {"type": "Polygon", "coordinates": [[[-121.99465, 37.76505], [-121.99357, 37.76673], [-121.99483, 37.76824], [-121.99717, 37.76807], [-121.99825, 37.76639], [-121.99699, 37.76488], [-121.99465, 37.76505]]]}}, {"type": "Feature", "properties": {"id": 222, "name": "The Preserve S 10", "lst": 45.45, "green": 22.91, "pop": 286, "pct65": 14.1, "ac": 87.6, "holc": null, "access_min": 17.4, "access_km": 1.39, "score": 45.7, "rank": 249.0, "area_m2": 109861, "street_m": 1861, "canopy_m2": 25181.0, "row_m2": 21930.0, "row_canopy": 13.0, "veg": 25.9, "place": "res", "land": null, "green_src": "canopy", "canopy_source": "usfs-2022", "canopy_year": "2022", "assessed_m2": 109919.52, "coverage_frac": 0.999986805786931, "canopy_quality": "full", "scenario_ok": true, "canopy_baseline_ok": true, "ac_src": "lace", "ac_coverage": 1.0, "acs_year": 2024, "access_snap_m": 82.0, "access_quality": "network-estimate", "access_src": "routed"}, "geometry": {"type": "Polygon", "coordinates": [[[-121.98764, 37.76556], [-121.98656, 37.76724], [-121.98782, 37.76875], [-121.99015, 37.76858], [-121.99123, 37.7669], [-121.98998, 37.76539], [-121.98764, 37.76556]]]}}, {"type": "Feature", "properties": {"id": 223, "name": "The Preserve S 8", "lst": 44.92, "green": 28.88, "pop": 156, "pct65": 13.1, "ac": 87.6, "holc": null, "access_min": 12.9, "access_km": 1.03, "score": 29.3, "rank": 356.0, "area_m2": 109855, "street_m": 1031, "canopy_m2": 23405.0, "row_m2": 11305.0, "row_canopy": 19.9, "veg": 26.2, "place": "res", "land": null, "green_src": "canopy", "canopy_source": "usfs-2022", "canopy_year": "2022", "assessed_m2": 81047.88, "coverage_frac": 0.7373649780696419, "canopy_quality": "partial", "scenario_ok": true, "canopy_baseline_ok": false, "ac_src": "lace", "ac_coverage": 1.0, "acs_year": 2024, "access_snap_m": 97.0, "access_quality": "network-estimate", "access_src": "routed"}, "geometry": {"type": "Polygon", "coordinates": [[[-121.99123, 37.7669], [-121.99015, 37.76858], [-121.99141, 37.7701], [-121.99375, 37.76993], [-121.99483, 37.76824], [-121.99357, 37.76673], [-121.99123, 37.7669]]]}}, {"type": "Feature", "properties": {"id": 224, "name": "Norris Canyon N 2", "lst": 45.92, "green": 27.21, "pop": 0, "pct65": 12.3, "ac": 65.07, "holc": null, "access_min": 29.3, "access_km": 2.34, "score": null, "rank": null, "area_m2": 109864, "street_m": 141, "canopy_m2": 109.0, "row_m2": 0.0, "row_canopy": 0.0, "veg": 14.2, "place": "activity", "land": null, "green_src": "canopy", "canopy_source": "usfs-2022", "canopy_year": "2022", "assessed_m2": 399.6, "coverage_frac": 0.0036352388563671, "canopy_quality": "partial", "scenario_ok": true, "canopy_baseline_ok": false, "ac_src": "income-model", "ac_coverage": null, "acs_year": 2024, "access_snap_m": 284.0, "access_quality": "approach-review", "access_src": "routed"}, "geometry": {"type": "Polygon", "coordinates": [[[-121.99088, 37.76052], [-121.9898, 37.7622], [-121.99106, 37.76371], [-121.9934, 37.76354], [-121.99448, 37.76186], [-121.99322, 37.76035], [-121.99088, 37.76052]]]}}, {"type": "Feature", "properties": {"id": 225, "name": "The Preserve S 14", "lst": 44.95, "green": 25.2, "pop": 215, "pct65": 15.2, "ac": 87.6, "holc": null, "access_min": 23.2, "access_km": 1.85, "score": 37.3, "rank": 307.0, "area_m2": 109865, "street_m": 935, "canopy_m2": 24108.0, "row_m2": 11936.0, "row_canopy": 7.1, "veg": 25.3, "place": "res", "land": null, "green_src": "canopy", "canopy_source": "usfs-2022", "canopy_year": "2022", "assessed_m2": 95657.4, "coverage_frac": 0.8702045128644567, "canopy_quality": "partial", "scenario_ok": true, "canopy_baseline_ok": false, "ac_src": "lace", "ac_coverage": 1.0, "acs_year": 2024, "access_snap_m": 215.0, "access_quality": "approach-review", "access_src": "routed"}, "geometry": {"type": "Polygon", "coordinates": [[[-121.98746, 37.76237], [-121.98638, 37.76405], [-121.98764, 37.76556], [-121.98998, 37.76539], [-121.99106, 37.76371], [-121.9898, 37.7622], [-121.98746, 37.76237]]]}}, {"type": "Feature", "properties": {"id": 226, "name": "Vista San Ramon NE 2", "lst": 42.16, "green": 23.29, "pop": 186, "pct65": 18.4, "ac": 89.98, "holc": null, "access_min": 19.8, "access_km": 1.58, "score": 23.0, "rank": 382.0, "area_m2": 109890, "street_m": 748, "canopy_m2": 25611.0, "row_m2": 8963.0, "row_canopy": 15.2, "veg": 29.7, "place": "res", "land": null, "green_src": "canopy", "canopy_source": "usfs-2022", "canopy_year": "2022", "assessed_m2": 109949.4, "coverage_frac": 0.9999860463082116, "canopy_quality": "full", "scenario_ok": true, "canopy_baseline_ok": true, "ac_src": "lace", "ac_coverage": 1.0, "acs_year": 2024, "access_snap_m": 177.0, "access_quality": "approach-review", "access_src": "routed"}, "geometry": {"type": "Polygon", "coordinates": [[[-121.94932, 37.77315], [-121.94824, 37.77483], [-121.9495, 37.77634], [-121.95184, 37.77617], [-121.95292, 37.77449], [-121.95166, 37.77298], [-121.94932, 37.77315]]]}}, {"type": "Feature", "properties": {"id": 227, "name": "Vista San Ramon N 2", "lst": 47.2, "green": 16.42, "pop": 109, "pct65": 17.6, "ac": 87.16, "holc": null, "access_min": 18.6, "access_km": 1.49, "score": 56.4, "rank": 160.0, "area_m2": 109885, "street_m": 682, "canopy_m2": 18053.0, "row_m2": 8264.0, "row_canopy": 11.7, "veg": 19.5, "place": "res", "land": null, "green_src": "canopy", "canopy_source": "usfs-2022", "canopy_year": "2022", "assessed_m2": 109942.56, "coverage_frac": 0.999973045733757, "canopy_quality": "full", "scenario_ok": true, "canopy_baseline_ok": true, "ac_src": "lace", "ac_coverage": 1.0, "acs_year": 2024, "access_snap_m": 143.0, "access_quality": "approach-review", "access_src": "routed"}, "geometry": {"type": "Polygon", "coordinates": [[[-121.95292, 37.77449], [-121.95184, 37.77617], [-121.95309, 37.77768], [-121.95543, 37.77751], [-121.95651, 37.77583], [-121.95526, 37.77432], [-121.95292, 37.77449]]]}}, {"type": "Feature", "properties": {"id": 228, "name": "Siena Hills NW", "lst": 44.76, "green": 5.53, "pop": 37, "pct65": 14.7, "ac": 91.3, "holc": null, "access_min": 22.5, "access_km": 1.8, "score": 47.3, "rank": 233.0, "area_m2": 109892, "street_m": 267, "canopy_m2": 6084.0, "row_m2": 3425.0, "row_canopy": 10.8, "veg": 16.7, "place": "res", "land": null, "green_src": "canopy", "canopy_source": "usfs-2022", "canopy_year": "2022", "assessed_m2": 109950.12, "coverage_frac": 0.999981843479294, "canopy_quality": "full", "scenario_ok": true, "canopy_baseline_ok": true, "ac_src": "lace", "ac_coverage": 1.0, "acs_year": 2024, "access_snap_m": 283.0, "access_quality": "approach-review", "access_src": "routed"}, "geometry": {"type": "Polygon", "coordinates": [[[-121.9459, 37.775], [-121.94482, 37.77668], [-121.94608, 37.77819], [-121.94841, 37.77802], [-121.9495, 37.77634], [-121.94824, 37.77483], [-121.9459, 37.775]]]}}, {"type": "Feature", "properties": {"id": 229, "name": "Country View SE 2", "lst": 44.01, "green": 20.66, "pop": 89, "pct65": 16.5, "ac": 91.22, "holc": null, "access_min": 18.2, "access_km": 1.45, "score": 32.2, "rank": 338.0, "area_m2": 109886, "street_m": 356, "canopy_m2": 22715.0, "row_m2": 2668.0, "row_canopy": 42.8, "veg": 30.2, "place": "res", "land": null, "green_src": "canopy", "canopy_source": "usfs-2022", "canopy_year": "2022", "assessed_m2": 109946.52, "coverage_frac": 0.9999983075979756, "canopy_quality": "full", "scenario_ok": true, "canopy_baseline_ok": true, "ac_src": "lace", "ac_coverage": 1.0, "acs_year": 2024, "access_snap_m": 146.0, "access_quality": "approach-review", "access_src": "routed"}, "geometry": {"type": "Polygon", "coordinates": [[[-121.9495, 37.77634], [-121.94841, 37.77802], [-121.94967, 37.77953], [-121.95201, 37.77936], [-121.95309, 37.77768], [-121.95184, 37.77617], [-121.9495, 37.77634]]]}}, {"type": "Feature", "properties": {"id": 230, "name": "Vista San Ramon NE", "lst": 42.71, "green": 19.51, "pop": 153, "pct65": 18.5, "ac": 86.9, "holc": null, "access_min": 15.9, "access_km": 1.27, "score": 29.5, "rank": 352.0, "area_m2": 109895, "street_m": 655, "canopy_m2": 21449.0, "row_m2": 7937.0, "row_canopy": 12.0, "veg": 28.8, "place": "res", "land": null, "green_src": "canopy", "canopy_source": "usfs-2022", "canopy_year": "2022", "assessed_m2": 109954.8, "coverage_frac": 0.9999967117312816, "canopy_quality": "full", "scenario_ok": true, "canopy_baseline_ok": true, "ac_src": "lace", "ac_coverage": 1.0, "acs_year": 2024, "access_snap_m": 91.0, "access_quality": "network-estimate", "access_src": "routed"}, "geometry": {"type": "Polygon", "coordinates": [[[-121.94915, 37.76995], [-121.94807, 37.77163], [-121.94932, 37.77315], [-121.95166, 37.77298], [-121.95274, 37.7713], [-121.95149, 37.76978], [-121.94915, 37.76995]]]}}, {"type": "Feature", "properties": {"id": 231, "name": "Vista San Ramon N", "lst": 45.2, "green": 13.46, "pop": 95, "pct65": 17.3, "ac": 86.9, "holc": null, "access_min": 11.1, "access_km": 0.89, "score": 47.0, "rank": 238.0, "area_m2": 109889, "street_m": 591, "canopy_m2": 14800.0, "row_m2": 6963.0, "row_canopy": 12.2, "veg": 22.2, "place": "res", "land": null, "green_src": "canopy", "canopy_source": "usfs-2022", "canopy_year": "2022", "assessed_m2": 109949.4, "coverage_frac": 0.9999968073399046, "canopy_quality": "full", "scenario_ok": true, "canopy_baseline_ok": true, "ac_src": "lace", "ac_coverage": 1.0, "acs_year": 2024, "access_snap_m": 185.0, "access_quality": "approach-review", "access_src": "routed"}, "geometry": {"type": "Polygon", "coordinates": [[[-121.95274, 37.7713], [-121.95166, 37.77298], [-121.95292, 37.77449], [-121.95526, 37.77432], [-121.95634, 37.77264], [-121.95508, 37.77113], [-121.95274, 37.7713]]]}}, {"type": "Feature", "properties": {"id": 232, "name": "Siena Hills W", "lst": 45.87, "green": 10.87, "pop": 35, "pct65": 15.0, "ac": 87.19, "holc": null, "access_min": 15.9, "access_km": 1.27, "score": 48.1, "rank": 226.0, "area_m2": 109896, "street_m": 824, "canopy_m2": 11951.0, "row_m2": 8989.0, "row_canopy": 17.0, "veg": 17.0, "place": "res", "land": null, "green_src": "canopy", "canopy_source": "usfs-2022", "canopy_year": "2022", "assessed_m2": 109953.36, "coverage_frac": 0.999972859193608, "canopy_quality": "full", "scenario_ok": true, "canopy_baseline_ok": true, "ac_src": "lace", "ac_coverage": 1.0, "acs_year": 2024, "access_snap_m": 161.0, "access_quality": "approach-review", "access_src": "routed"}, "geometry": {"type": "Polygon", "coordinates": [[[-121.94573, 37.7718], [-121.94464, 37.77348], [-121.9459, 37.775], [-121.94824, 37.77483], [-121.94932, 37.77315], [-121.94807, 37.77163], [-121.94573, 37.7718]]]}}, {"type": "Feature", "properties": {"id": 233, "name": "Country View S", "lst": 44.27, "green": 21.06, "pop": 95, "pct65": 17.3, "ac": 86.9, "holc": null, "access_min": 18.5, "access_km": 1.48, "score": 34.0, "rank": 326.0, "area_m2": 109875, "street_m": 563, "canopy_m2": 23153.0, "row_m2": 6976.0, "row_canopy": 10.9, "veg": 23.0, "place": "res", "land": null, "green_src": "canopy", "canopy_source": "usfs-2022", "canopy_year": "2022", "assessed_m2": 109937.16, "coverage_frac": 1.0, "canopy_quality": "full", "scenario_ok": true, "canopy_baseline_ok": true, "ac_src": "lace", "ac_coverage": 1.0, "acs_year": 2024, "access_snap_m": 189.0, "access_quality": "approach-review", "access_src": "routed"}, "geometry": {"type": "Polygon", "coordinates": [[[-121.95669, 37.77902], [-121.95561, 37.7807], [-121.95686, 37.78222], [-121.9592, 37.78205], [-121.96028, 37.78037], [-121.95903, 37.77885], [-121.95669, 37.77902]]]}}, {"type": "Feature", "properties": {"id": 234, "name": "Country View W", "lst": 43.71, "green": 29.36, "pop": 147, "pct65": 18.4, "ac": 86.9, "holc": null, "access_min": 14.6, "access_km": 1.17, "score": 24.6, "rank": 376.0, "area_m2": 109870, "street_m": 1819, "canopy_m2": 32276.0, "row_m2": 21102.0, "row_canopy": 12.1, "veg": 25.4, "place": "res", "land": null, "green_src": "canopy", "canopy_source": "usfs-2022", "canopy_year": "2022", "assessed_m2": 109928.16, "coverage_frac": 0.9999789738229236, "canopy_quality": "full", "scenario_ok": true, "canopy_baseline_ok": true, "ac_src": "lace", "ac_coverage": 1.0, "acs_year": 2024, "access_snap_m": 75.0, "access_quality": "network-estimate", "access_src": "routed"}, "geometry": {"type": "Polygon", "coordinates": [[[-121.96028, 37.78037], [-121.9592, 37.78205], [-121.96046, 37.78356], [-121.9628, 37.78339], [-121.96388, 37.78171], [-121.96262, 37.7802], [-121.96028, 37.78037]]]}}, {"type": "Feature", "properties": {"id": 235, "name": "Country View E", "lst": 46.04, "green": 15.41, "pop": 112, "pct65": 17.7, "ac": 86.9, "holc": null, "access_min": 17.3, "access_km": 1.39, "score": 51.0, "rank": 198.0, "area_m2": 109876, "street_m": 682, "canopy_m2": 16941.0, "row_m2": 8360.0, "row_canopy": 10.2, "veg": 18.9, "place": "res", "land": null, "green_src": "canopy", "canopy_source": "usfs-2022", "canopy_year": "2022", "assessed_m2": 109933.92, "coverage_frac": 0.9999713834756848, "canopy_quality": "full", "scenario_ok": true, "canopy_baseline_ok": true, "ac_src": "lace", "ac_coverage": 1.0, "acs_year": 2024, "access_snap_m": 141.0, "access_quality": "approach-review", "access_src": "routed"}, "geometry": {"type": "Polygon", "coordinates": [[[-121.95327, 37.78087], [-121.95218, 37.78255], [-121.95344, 37.78407], [-121.95578, 37.7839], [-121.95686, 37.78222], [-121.95561, 37.7807], [-121.95327, 37.78087]]]}}, {"type": "Feature", "properties": {"id": 236, "name": "Country View", "lst": 44.38, "green": 25.64, "pop": 87, "pct65": 17.1, "ac": 86.9, "holc": null, "access_min": 17.8, "access_km": 1.42, "score": 29.5, "rank": 353.0, "area_m2": 109871, "street_m": 1522, "canopy_m2": 28188.0, "row_m2": 16926.0, "row_canopy": 13.8, "veg": 21.7, "place": "res", "land": null, "green_src": "canopy", "canopy_source": "usfs-2022", "canopy_year": "2022", "assessed_m2": 109932.12, "coverage_frac": 1.0, "canopy_quality": "full", "scenario_ok": true, "canopy_baseline_ok": true, "ac_src": "lace", "ac_coverage": 1.0, "acs_year": 2024, "access_snap_m": 115.0, "access_quality": "approach-review", "access_src": "routed"}, "geometry": {"type": "Polygon", "coordinates": [[[-121.95686, 37.78222], [-121.95578, 37.7839], [-121.95704, 37.78541], [-121.95938, 37.78524], [-121.96046, 37.78356], [-121.9592, 37.78205], [-121.95686, 37.78222]]]}}, {"type": "Feature", "properties": {"id": 237, "name": "Country View S 2", "lst": 45.35, "green": 18.95, "pop": 24, "pct65": 14.3, "ac": 86.9, "holc": null, "access_min": 14.1, "access_km": 1.12, "score": 36.8, "rank": 310.0, "area_m2": 109880, "street_m": 100, "canopy_m2": 20831.0, "row_m2": 1311.0, "row_canopy": 6.5, "veg": 19.1, "place": "res", "land": null, "green_src": "canopy", "canopy_source": "usfs-2022", "canopy_year": "2022", "assessed_m2": 109937.88, "coverage_frac": 0.9999796967716384, "canopy_quality": "full", "scenario_ok": true, "canopy_baseline_ok": true, "ac_src": "lace", "ac_coverage": 1.0, "acs_year": 2024, "access_snap_m": 76.0, "access_quality": "network-estimate", "access_src": "routed"}, "geometry": {"type": "Polygon", "coordinates": [[[-121.95651, 37.77583], [-121.95543, 37.77751], [-121.95669, 37.77902], [-121.95903, 37.77885], [-121.96011, 37.77717], [-121.95885, 37.77566], [-121.95651, 37.77583]]]}}, {"type": "Feature", "properties": {"id": 238, "name": "Country View SW", "lst": 45.58, "green": 26.89, "pop": 115, "pct65": 17.8, "ac": 86.9, "holc": null, "access_min": 13.4, "access_km": 1.07, "score": 36.7, "rank": 311.0, "area_m2": 109874, "street_m": 1191, "canopy_m2": 29558.0, "row_m2": 13421.0, "row_canopy": 17.5, "veg": 22.6, "place": "res", "land": null, "green_src": "canopy", "canopy_source": "usfs-2022", "canopy_year": "2022", "assessed_m2": 109932.12, "coverage_frac": 0.9999765302623304, "canopy_quality": "full", "scenario_ok": true, "canopy_baseline_ok": true, "ac_src": "lace", "ac_coverage": 1.0, "acs_year": 2024, "access_snap_m": 77.0, "access_quality": "network-estimate", "access_src": "routed"}, "geometry": {"type": "Polygon", "coordinates": [[[-121.96011, 37.77717], [-121.95903, 37.77885], [-121.96028, 37.78037], [-121.96262, 37.7802], [-121.9637, 37.77852], [-121.96245, 37.777], [-121.96011, 37.77717]]]}}, {"type": "Feature", "properties": {"id": 239, "name": "Country View SE", "lst": 47.43, "green": 4.61, "pop": 65, "pct65": 16.3, "ac": 86.9, "holc": null, "access_min": 17.6, "access_km": 1.4, "score": 65.5, "rank": 94.0, "area_m2": 109881, "street_m": 370, "canopy_m2": 5071.0, "row_m2": 4731.0, "row_canopy": 11.4, "veg": 15.8, "place": "res", "land": null, "green_src": "canopy", "canopy_source": "usfs-2022", "canopy_year": "2022", "assessed_m2": 109940.04, "coverage_frac": 0.9999885833476148, "canopy_quality": "full", "scenario_ok": true, "canopy_baseline_ok": true, "ac_src": "lace", "ac_coverage": 1.0, "acs_year": 2024, "access_snap_m": 178.0, "access_quality": "approach-review", "access_src": "routed"}, "geometry": {"type": "Polygon", "coordinates": [[[-121.95309, 37.77768], [-121.95201, 37.77936], [-121.95327, 37.78087], [-121.95561, 37.7807], [-121.95669, 37.77902], [-121.95543, 37.77751], [-121.95309, 37.77768]]]}}, {"type": "Feature", "properties": {"id": 240, "name": "Siena Hills NE", "lst": 43.15, "green": 18.5, "pop": 81, "pct65": 10.5, "ac": 91.3, "holc": null, "access_min": 19.0, "access_km": 1.52, "score": 25.6, "rank": 370.0, "area_m2": 109898, "street_m": 621, "canopy_m2": 20340.0, "row_m2": 7884.0, "row_canopy": 10.1, "veg": 38.2, "place": "res", "land": null, "green_src": "canopy", "canopy_source": "usfs-2022", "canopy_year": "2022", "assessed_m2": 109955.52, "coverage_frac": 0.9999710200726456, "canopy_quality": "full", "scenario_ok": true, "canopy_baseline_ok": true, "ac_src": "lace", "ac_coverage": 1.0, "acs_year": 2024, "access_snap_m": 152.0, "access_quality": "approach-review", "access_src": "routed"}, "geometry": {"type": "Polygon", "coordinates": [[[-121.93889, 37.7755], [-121.9378, 37.77718], [-121.93906, 37.7787], [-121.9414, 37.77853], [-121.94248, 37.77685], [-121.94122, 37.77533], [-121.93889, 37.7755]]]}}, {"type": "Feature", "properties": {"id": 241, "name": "Bel Air SW 2", "lst": 44.8, "green": 21.7, "pop": 291, "pct65": 9.2, "ac": 91.3, "holc": null, "access_min": 21.6, "access_km": 1.73, "score": 39.3, "rank": 288.0, "area_m2": 109893, "street_m": 1080, "canopy_m2": 23859.0, "row_m2": 13033.0, "row_canopy": 11.3, "veg": 24.7, "place": "res", "land": null, "green_src": "canopy", "canopy_source": "usfs-2022", "canopy_year": "2022", "assessed_m2": 109951.56, "coverage_frac": 0.9999841986481108, "canopy_quality": "full", "scenario_ok": true, "canopy_baseline_ok": true, "ac_src": "lace", "ac_coverage": 1.0, "acs_year": 2024, "access_snap_m": 190.0, "access_quality": "approach-review", "access_src": "routed"}, "geometry": {"type": "Polygon", "coordinates": [[[-121.94248, 37.77685], [-121.9414, 37.77853], [-121.94265, 37.78004], [-121.94499, 37.77987], [-121.94608, 37.77819], [-121.94482, 37.77668], [-121.94248, 37.77685]]]}}, {"type": "Feature", "properties": {"id": 242, "name": "Bel Air SE", "lst": 43.33, "green": 9.4, "pop": 150, "pct65": 10.0, "ac": 93.8, "holc": null, "access_min": 22.2, "access_km": 1.78, "score": 38.6, "rank": 293.0, "area_m2": 109899, "street_m": 251, "canopy_m2": 10340.0, "row_m2": 2933.0, "row_canopy": 18.4, "veg": 31.2, "place": "res", "land": null, "green_src": "canopy", "canopy_source": "usfs-2022", "canopy_year": "2022", "assessed_m2": 109958.04, "coverage_frac": 0.9999832106987248, "canopy_quality": "full", "scenario_ok": true, "canopy_baseline_ok": true, "ac_src": "lace", "ac_coverage": 1.0, "acs_year": 2024, "access_snap_m": 54.0, "access_quality": "network-estimate", "access_src": "routed"}, "geometry": {"type": "Polygon", "coordinates": [[[-121.93546, 37.77735], [-121.93438, 37.77903], [-121.93564, 37.78055], [-121.93798, 37.78038], [-121.93906, 37.7787], [-121.9378, 37.77718], [-121.93546, 37.77735]]]}}, {"type": "Feature", "properties": {"id": 243, "name": "Bel Air SW", "lst": 43.6, "green": 15.9, "pop": 143, "pct65": 9.1, "ac": 92.84, "holc": null, "access_min": 19.7, "access_km": 1.58, "score": 32.3, "rank": 336.0, "area_m2": 109894, "street_m": 841, "canopy_m2": 17486.0, "row_m2": 9415.0, "row_canopy": 18.6, "veg": 31.6, "place": "res", "land": null, "green_src": "canopy", "canopy_source": "usfs-2022", "canopy_year": "2022", "assessed_m2": 109954.08, "coverage_frac": 0.9999963856782634, "canopy_quality": "full", "scenario_ok": true, "canopy_baseline_ok": true, "ac_src": "lace", "ac_coverage": 1.0, "acs_year": 2024, "access_snap_m": 211.0, "access_quality": "approach-review", "access_src": "routed"}, "geometry": {"type": "Polygon", "coordinates": [[[-121.93906, 37.7787], [-121.93798, 37.78038], [-121.93923, 37.78189], [-121.94157, 37.78172], [-121.94265, 37.78004], [-121.9414, 37.77853], [-121.93906, 37.7787]]]}}, {"type": "Feature", "properties": {"id": 244, "name": "Siena Hills E", "lst": 44.27, "green": 24.28, "pop": 559, "pct65": 8.8, "ac": 91.3, "holc": null, "access_min": 13.8, "access_km": 1.1, "score": 41.1, "rank": 274.0, "area_m2": 109902, "street_m": 1634, "canopy_m2": 26695.0, "row_m2": 17639.0, "row_canopy": 20.4, "veg": 26.6, "place": "res", "land": null, "green_src": "canopy", "canopy_source": "usfs-2022", "canopy_year": "2022", "assessed_m2": 109959.12, "coverage_frac": 0.9999653067107132, "canopy_quality": "full", "scenario_ok": true, "canopy_baseline_ok": true, "ac_src": "lace", "ac_coverage": 1.0, "acs_year": 2024, "access_snap_m": 94.0, "access_quality": "network-estimate", "access_src": "routed"}, "geometry": {"type": "Polygon", "coordinates": [[[-121.93871, 37.77231], [-121.93763, 37.77399], [-121.93889, 37.7755], [-121.94122, 37.77533], [-121.94231, 37.77365], [-121.94105, 37.77214], [-121.93871, 37.77231]]]}}, {"type": "Feature", "properties": {"id": 245, "name": "Siena Hills N", "lst": 46.71, "green": 12.3, "pop": 220, "pct65": 9.5, "ac": 91.3, "holc": null, "access_min": 19.3, "access_km": 1.54, "score": 59.9, "rank": 128.0, "area_m2": 109897, "street_m": 455, "canopy_m2": 13526.0, "row_m2": 5679.0, "row_canopy": 11.7, "veg": 19.6, "place": "res", "land": null, "green_src": "canopy", "canopy_source": "usfs-2022", "canopy_year": "2022", "assessed_m2": 109956.6, "coverage_frac": 0.9999915787401056, "canopy_quality": "full", "scenario_ok": true, "canopy_baseline_ok": true, "ac_src": "lace", "ac_coverage": 1.0, "acs_year": 2024, "access_snap_m": 139.0, "access_quality": "approach-review", "access_src": "routed"}, "geometry": {"type": "Polygon", "coordinates": [[[-121.94231, 37.77365], [-121.94122, 37.77533], [-121.94248, 37.77685], [-121.94482, 37.77668], [-121.9459, 37.775], [-121.94464, 37.77348], [-121.94231, 37.77365]]]}}, {"type": "Feature", "properties": {"id": 246, "name": "Cedar Bridge W", "lst": 43.97, "green": 10.7, "pop": 65, "pct65": 10.8, "ac": 93.48, "holc": null, "access_min": 15.8, "access_km": 1.26, "score": 37.4, "rank": 305.0, "area_m2": 109904, "street_m": 51, "canopy_m2": 11771.0, "row_m2": 787.0, "row_canopy": 0.0, "veg": 28.6, "place": "res", "land": null, "green_src": "canopy", "canopy_source": "usfs-2022", "canopy_year": "2022", "assessed_m2": 109963.44, "coverage_frac": 0.9999938603580124, "canopy_quality": "full", "scenario_ok": true, "canopy_baseline_ok": true, "ac_src": "lace", "ac_coverage": 1.0, "acs_year": 2024, "access_snap_m": 236.0, "access_quality": "approach-review", "access_src": "routed"}, "geometry": {"type": "Polygon", "coordinates": [[[-121.93529, 37.77416], [-121.93421, 37.77584], [-121.93546, 37.77735], [-121.9378, 37.77718], [-121.93889, 37.7755], [-121.93763, 37.77399], [-121.93529, 37.77416]]]}}, {"type": "Feature", "properties": {"id": 247, "name": "Country View E 3", "lst": 40.65, "green": 15.18, "pop": 156, "pct65": 17.8, "ac": 91.3, "holc": null, "access_min": 8.9, "access_km": 0.71, "score": 29.0, "rank": 357.0, "area_m2": 109883, "street_m": 797, "canopy_m2": 16692.0, "row_m2": 9629.0, "row_canopy": 11.8, "veg": 27.3, "place": "res", "land": null, "green_src": "canopy", "canopy_source": "usfs-2022", "canopy_year": "2022", "assessed_m2": 109941.48, "coverage_frac": 0.99998018970525, "canopy_quality": "full", "scenario_ok": true, "canopy_baseline_ok": true, "ac_src": "lace", "ac_coverage": 1.0, "acs_year": 2024, "access_snap_m": 238.0, "access_quality": "approach-review", "access_src": "routed"}, "geometry": {"type": "Polygon", "coordinates": [[[-121.94625, 37.78138], [-121.94517, 37.78306], [-121.94642, 37.78457], [-121.94876, 37.7844], [-121.94985, 37.78272], [-121.94859, 37.78121], [-121.94625, 37.78138]]]}}, {"type": "Feature", "properties": {"id": 248, "name": "Cobblestone", "lst": 46.21, "green": 17.51, "pop": 174, "pct65": 18.5, "ac": 88.68, "holc": null, "access_min": 6.8, "access_km": 0.54, "score": 54.1, "rank": 177.0, "area_m2": 109878, "street_m": 596, "canopy_m2": 19249.0, "row_m2": 7395.0, "row_canopy": 18.3, "veg": 20.0, "place": "res", "land": null, "green_src": "canopy", "canopy_source": "usfs-2022", "canopy_year": "2022", "assessed_m2": 109937.52, "coverage_frac": 0.999993383923212, "canopy_quality": "full", "scenario_ok": true, "canopy_baseline_ok": true, "ac_src": "lace", "ac_coverage": 1.0, "acs_year": 2024, "access_snap_m": 129.0, "access_quality": "approach-review", "access_src": "routed"}, "geometry": {"type": "Polygon", "coordinates": [[[-121.94985, 37.78272], [-121.94876, 37.7844], [-121.95002, 37.78592], [-121.95236, 37.78575], [-121.95344, 37.78407], [-121.95218, 37.78255], [-121.94985, 37.78272]]]}}, {"type": "Feature", "properties": {"id": 249, "name": "Canyon Crest S", "lst": 43.55, "green": 19.18, "pop": 282, "pct65": 19.0, "ac": 91.42, "holc": null, "access_min": 6.2, "access_km": 0.49, "score": 40.7, "rank": 276.0, "area_m2": 109884, "street_m": 2011, "canopy_m2": 21092.0, "row_m2": 24372.0, "row_canopy": 11.0, "veg": 27.0, "place": "res", "land": null, "green_src": "canopy", "canopy_source": "usfs-2022", "canopy_year": "2022", "assessed_m2": 109943.28, "coverage_frac": 0.9999858306286248, "canopy_quality": "full", "scenario_ok": true, "canopy_baseline_ok": true, "ac_src": "lace", "ac_coverage": 1.0, "acs_year": 2024, "access_snap_m": 11.0, "access_quality": "network-estimate", "access_src": "routed"}, "geometry": {"type": "Polygon", "coordinates": [[[-121.94283, 37.78323], [-121.94175, 37.78491], [-121.943, 37.78642], [-121.94534, 37.78625], [-121.94642, 37.78457], [-121.94517, 37.78306], [-121.94283, 37.78323]]]}}, {"type": "Feature", "properties": {"id": 250, "name": "Canyon Crest SW", "lst": 42.37, "green": 14.44, "pop": 277, "pct65": 18.9, "ac": 91.3, "holc": null, "access_min": 1.1, "access_km": 0.09, "score": 38.2, "rank": 296.0, "area_m2": 109879, "street_m": 1300, "canopy_m2": 15876.0, "row_m2": 15342.0, "row_canopy": 13.1, "veg": 23.2, "place": "res", "land": null, "green_src": "canopy", "canopy_source": "usfs-2022", "canopy_year": "2022", "assessed_m2": 109939.32, "coverage_frac": 0.9999990209168018, "canopy_quality": "full", "scenario_ok": true, "canopy_baseline_ok": true, "ac_src": "lace", "ac_coverage": 1.0, "acs_year": 2024, "access_snap_m": 66.0, "access_quality": "network-estimate", "access_src": "routed"}, "geometry": {"type": "Polygon", "coordinates": [[[-121.94642, 37.78457], [-121.94534, 37.78625], [-121.9466, 37.78777], [-121.94894, 37.7876], [-121.95002, 37.78592], [-121.94876, 37.7844], [-121.94642, 37.78457]]]}}, {"type": "Feature", "properties": {"id": 251, "name": "Bel Air SW 3", "lst": 44.28, "green": 13.65, "pop": 48, "pct65": 11.7, "ac": 91.3, "holc": null, "access_min": 15.2, "access_km": 1.22, "score": 35.9, "rank": 316.0, "area_m2": 109887, "street_m": 293, "canopy_m2": 15009.0, "row_m2": 3532.0, "row_canopy": 12.0, "veg": 23.7, "place": "res", "land": null, "green_src": "canopy", "canopy_source": "usfs-2022", "canopy_year": "2022", "assessed_m2": 109944.36, "coverage_frac": 0.999967915838264, "canopy_quality": "full", "scenario_ok": true, "canopy_baseline_ok": true, "ac_src": "lace", "ac_coverage": 1.0, "acs_year": 2024, "access_snap_m": 230.0, "access_quality": "approach-review", "access_src": "routed"}, "geometry": {"type": "Polygon", "coordinates": [[[-121.94608, 37.77819], [-121.94499, 37.77987], [-121.94625, 37.78138], [-121.94859, 37.78121], [-121.94967, 37.77953], [-121.94841, 37.77802], [-121.94608, 37.77819]]]}}, {"type": "Feature", "properties": {"id": 252, "name": "Country View E 2", "lst": 46.23, "green": 20.79, "pop": 298, "pct65": 19.0, "ac": 91.3, "holc": null, "access_min": 13.0, "access_km": 1.04, "score": 58.1, "rank": 146.0, "area_m2": 109882, "street_m": 1448, "canopy_m2": 22859.0, "row_m2": 12817.0, "row_canopy": 35.1, "veg": 21.0, "place": "res", "land": null, "green_src": "canopy", "canopy_source": "usfs-2022", "canopy_year": "2022", "assessed_m2": 109943.64, "coverage_frac": 1.0, "canopy_quality": "full", "scenario_ok": true, "canopy_baseline_ok": true, "ac_src": "lace", "ac_coverage": 1.0, "acs_year": 2024, "access_snap_m": 104.0, "access_quality": "approach-review", "access_src": "routed"}, "geometry": {"type": "Polygon", "coordinates": [[[-121.94967, 37.77953], [-121.94859, 37.78121], [-121.94985, 37.78272], [-121.95218, 37.78255], [-121.95327, 37.78087], [-121.95201, 37.77936], [-121.94967, 37.77953]]]}}, {"type": "Feature", "properties": {"id": 253, "name": "Bel Air W", "lst": 45.33, "green": 18.18, "pop": 386, "pct65": 11.1, "ac": 92.05, "holc": null, "access_min": 12.6, "access_km": 1.01, "score": 53.5, "rank": 183.0, "area_m2": 109888, "street_m": 1157, "canopy_m2": 19991.0, "row_m2": 13883.0, "row_canopy": 14.3, "veg": 21.7, "place": "res", "land": null, "green_src": "canopy", "canopy_source": "usfs-2022", "canopy_year": "2022", "assessed_m2": 109949.76, "coverage_frac": 1.0, "canopy_quality": "full", "scenario_ok": true, "canopy_baseline_ok": true, "ac_src": "lace", "ac_coverage": 1.0, "acs_year": 2024, "access_snap_m": 110.0, "access_quality": "approach-review", "access_src": "routed"}, "geometry": {"type": "Polygon", "coordinates": [[[-121.94265, 37.78004], [-121.94157, 37.78172], [-121.94283, 37.78323], [-121.94517, 37.78306], [-121.94625, 37.78138], [-121.94499, 37.77987], [-121.94265, 37.78004]]]}}, {"type": "Feature", "properties": {"id": 254, "name": "San Ramon Central Park", "lst": 42.55, "green": 27.81, "pop": 72, "pct65": 16.6, "ac": 86.9, "holc": null, "access_min": 0.3, "access_km": 0.02, "score": 16.4, "rank": 402.0, "area_m2": 109898, "street_m": 1386, "canopy_m2": 30585.0, "row_m2": 15346.0, "row_canopy": 15.6, "veg": 33.7, "place": "res", "land": null, "green_src": "canopy", "canopy_source": "usfs-2022", "canopy_year": "2022", "assessed_m2": 109957.32, "coverage_frac": 0.999991963540638, "canopy_quality": "full", "scenario_ok": true, "canopy_baseline_ok": true, "ac_src": "lace", "ac_coverage": 1.0, "acs_year": 2024, "access_snap_m": 17.0, "access_quality": "network-estimate", "access_src": "routed"}, "geometry": {"type": "Polygon", "coordinates": [[[-121.95239, 37.76491], [-121.95131, 37.76659], [-121.95257, 37.7681], [-121.95491, 37.76793], [-121.95599, 37.76625], [-121.95473, 37.76474], [-121.95239, 37.76491]]]}}, {"type": "Feature", "properties": {"id": 255, "name": "Vista San Ramon SW", "lst": 41.4, "green": 23.97, "pop": 0, "pct65": 12.3, "ac": 65.07, "holc": null, "access_min": 7.9, "access_km": 0.63, "score": null, "rank": null, "area_m2": 109892, "street_m": 0, "canopy_m2": 26350.0, "row_m2": 0.0, "row_canopy": 0.0, "veg": 38.2, "place": "empty", "land": "woodland", "green_src": "canopy", "canopy_source": "usfs-2022", "canopy_year": "2022", "assessed_m2": 109950.84, "coverage_frac": 0.9999822388357162, "canopy_quality": "full", "scenario_ok": false, "canopy_baseline_ok": true, "ac_src": "income-model", "ac_coverage": null, "acs_year": 2024, "access_snap_m": 119.0, "access_quality": "approach-review", "access_src": "routed"}, "geometry": {"type": "Polygon", "coordinates": [[[-121.95599, 37.76625], [-121.95491, 37.76793], [-121.95616, 37.76945], [-121.9585, 37.76928], [-121.95958, 37.7676], [-121.95833, 37.76608], [-121.95599, 37.76625]]]}}, {"type": "Feature", "properties": {"id": 256, "name": "Vista San Ramon SE", "lst": 42.47, "green": 30.26, "pop": 73, "pct65": 16.6, "ac": 86.9, "holc": null, "access_min": 6.3, "access_km": 0.5, "score": 13.6, "rank": 406.0, "area_m2": 109899, "street_m": 1334, "canopy_m2": 33269.0, "row_m2": 12463.0, "row_canopy": 30.8, "veg": 29.2, "place": "res", "land": null, "green_src": "canopy", "canopy_source": "usfs-2022", "canopy_year": "2022", "assessed_m2": 109960.56, "coverage_frac": 1.0, "canopy_quality": "full", "scenario_ok": true, "canopy_baseline_ok": true, "ac_src": "lace", "ac_coverage": 1.0, "acs_year": 2024, "access_snap_m": 162.0, "access_quality": "approach-review", "access_src": "routed"}, "geometry": {"type": "Polygon", "coordinates": [[[-121.94897, 37.76676], [-121.94789, 37.76844], [-121.94915, 37.76995], [-121.95149, 37.76978], [-121.95257, 37.7681], [-121.95131, 37.76659], [-121.94897, 37.76676]]]}}, {"type": "Feature", "properties": {"id": 257, "name": "Vista San Ramon", "lst": 44.02, "green": 29.22, "pop": 213, "pct65": 19.3, "ac": 86.9, "holc": null, "access_min": 6.8, "access_km": 0.54, "score": 29.5, "rank": 355.0, "area_m2": 109894, "street_m": 1841, "canopy_m2": 32129.0, "row_m2": 19245.0, "row_canopy": 23.1, "veg": 29.0, "place": "res", "land": null, "green_src": "canopy", "canopy_source": "usfs-2022", "canopy_year": "2022", "assessed_m2": 109953.36, "coverage_frac": 0.9999943816750716, "canopy_quality": "full", "scenario_ok": true, "canopy_baseline_ok": true, "ac_src": "lace", "ac_coverage": 1.0, "acs_year": 2024, "access_snap_m": 106.0, "access_quality": "approach-review", "access_src": "routed"}, "geometry": {"type": "Polygon", "coordinates": [[[-121.95257, 37.7681], [-121.95149, 37.76978], [-121.95274, 37.7713], [-121.95508, 37.77113], [-121.95616, 37.76945], [-121.95491, 37.76793], [-121.95257, 37.7681]]]}}, {"type": "Feature", "properties": {"id": 258, "name": "San Ramon", "lst": 47.98, "green": 16.91, "pop": 275, "pct65": 10.6, "ac": 81.48, "holc": null, "access_min": 0.8, "access_km": 0.06, "score": 67.3, "rank": 85.0, "area_m2": 109902, "street_m": 1243, "canopy_m2": 18594.0, "row_m2": 15579.0, "row_canopy": 6.8, "veg": 13.1, "place": "res", "land": null, "green_src": "canopy", "canopy_source": "usfs-2022", "canopy_year": "2022", "assessed_m2": 109962.36, "coverage_frac": 0.9999993744761412, "canopy_quality": "full", "scenario_ok": true, "canopy_baseline_ok": true, "ac_src": "lace", "ac_coverage": 1.0, "acs_year": 2024, "access_snap_m": 33.0, "access_quality": "network-estimate", "access_src": "routed"}, "geometry": {"type": "Polygon", "coordinates": [[[-121.95222, 37.76172], [-121.95114, 37.7634], [-121.95239, 37.76491], [-121.95473, 37.76474], [-121.95581, 37.76306], [-121.95456, 37.76155], [-121.95222, 37.76172]]]}}, {"type": "Feature", "properties": {"id": 259, "name": "San Ramon W", "lst": 46.02, "green": 12.61, "pop": 0, "pct65": 12.3, "ac": 65.07, "holc": null, "access_min": 5.6, "access_km": 0.45, "score": null, "rank": null, "area_m2": 109897, "street_m": 510, "canopy_m2": 13863.0, "row_m2": 6985.0, "row_canopy": 0.9, "veg": 17.1, "place": "activity", "land": null, "green_src": "canopy", "canopy_source": "usfs-2022", "canopy_year": "2022", "assessed_m2": 109953.72, "coverage_frac": 0.9999700047138818, "canopy_quality": "full", "scenario_ok": true, "canopy_baseline_ok": true, "ac_src": "income-model", "ac_coverage": null, "acs_year": 2024, "access_snap_m": 53.0, "access_quality": "network-estimate", "access_src": "routed"}, "geometry": {"type": "Polygon", "coordinates": [[[-121.95581, 37.76306], [-121.95473, 37.76474], [-121.95599, 37.76625], [-121.95833, 37.76608], [-121.95941, 37.7644], [-121.95815, 37.76289], [-121.95581, 37.76306]]]}}, {"type": "Feature", "properties": {"id": 260, "name": "Canyon Woods Apartments", "lst": 44.4, "green": 28.62, "pop": 185, "pct65": 21.4, "ac": 85.16, "holc": null, "access_min": 4.0, "access_km": 0.32, "score": 33.0, "rank": 332.0, "area_m2": 109903, "street_m": 1965, "canopy_m2": 31476.0, "row_m2": 21600.0, "row_canopy": 19.0, "veg": 25.5, "place": "res", "land": null, "green_src": "canopy", "canopy_source": "usfs-2022", "canopy_year": "2022", "assessed_m2": 109962.0, "coverage_frac": 0.9999853240547016, "canopy_quality": "full", "scenario_ok": true, "canopy_baseline_ok": true, "ac_src": "lace", "ac_coverage": 1.0, "acs_year": 2024, "access_snap_m": 95.0, "access_quality": "network-estimate", "access_src": "routed"}, "geometry": {"type": "Polygon", "coordinates": [[[-121.9488, 37.76357], [-121.94772, 37.76525], [-121.94897, 37.76676], [-121.95131, 37.76659], [-121.95239, 37.76491], [-121.95114, 37.7634], [-121.9488, 37.76357]]]}}, {"type": "Feature", "properties": {"id": 261, "name": "Bishop Ranch 6/City Village E", "lst": 44.22, "green": 29.27, "pop": 0, "pct65": 12.3, "ac": 65.07, "holc": null, "access_min": 11.7, "access_km": 0.93, "score": null, "rank": null, "area_m2": 109883, "street_m": 64, "canopy_m2": 32176.0, "row_m2": 837.0, "row_canopy": 15.1, "veg": 25.0, "place": "empty", "land": "woodland", "green_src": "canopy", "canopy_source": "usfs-2022", "canopy_year": "2022", "assessed_m2": 109942.56, "coverage_frac": 0.9999945866216544, "canopy_quality": "full", "scenario_ok": true, "canopy_baseline_ok": true, "ac_src": "income-model", "ac_coverage": null, "acs_year": 2024, "access_snap_m": 23.0, "access_quality": "network-estimate", "access_src": "routed"}, "geometry": {"type": "Polygon", "coordinates": [[[-121.95976, 37.77079], [-121.95868, 37.77247], [-121.95993, 37.77398], [-121.96227, 37.77381], [-121.96335, 37.77213], [-121.9621, 37.77062], [-121.95976, 37.77079]]]}}, {"type": "Feature", "properties": {"id": 262, "name": "Bishop Ranch 6/City Village N", "lst": 46.1, "green": 19.67, "pop": 12, "pct65": 13.4, "ac": 86.9, "holc": null, "access_min": 6.1, "access_km": 0.49, "score": 38.9, "rank": 291.0, "area_m2": 109877, "street_m": 1466, "canopy_m2": 21622.0, "row_m2": 18382.0, "row_canopy": 6.3, "veg": 16.7, "place": "res", "land": null, "green_src": "canopy", "canopy_source": "usfs-2022", "canopy_year": "2022", "assessed_m2": 109935.36, "coverage_frac": 0.9999783249481544, "canopy_quality": "full", "scenario_ok": true, "canopy_baseline_ok": true, "ac_src": "lace", "ac_coverage": 1.0, "acs_year": 2024, "access_snap_m": 33.0, "access_quality": "network-estimate", "access_src": "routed"}, "geometry": {"type": "Polygon", "coordinates": [[[-121.96335, 37.77213], [-121.96227, 37.77381], [-121.96353, 37.77532], [-121.96587, 37.77515], [-121.96695, 37.77347], [-121.96569, 37.77196], [-121.96335, 37.77213]]]}}, {"type": "Feature", "properties": {"id": 263, "name": "Vista San Ramon NW", "lst": 45.9, "green": 21.3, "pop": 43, "pct65": 15.4, "ac": 86.9, "holc": null, "access_min": 13.1, "access_km": 1.05, "score": 39.1, "rank": 289.0, "area_m2": 109884, "street_m": 533, "canopy_m2": 23420.0, "row_m2": 5729.0, "row_canopy": 21.8, "veg": 18.8, "place": "res", "land": null, "green_src": "canopy", "canopy_source": "usfs-2022", "canopy_year": "2022", "assessed_m2": 109944.72, "coverage_frac": 1.0, "canopy_quality": "full", "scenario_ok": true, "canopy_baseline_ok": true, "ac_src": "lace", "ac_coverage": 1.0, "acs_year": 2024, "access_snap_m": 91.0, "access_quality": "network-estimate", "access_src": "routed"}, "geometry": {"type": "Polygon", "coordinates": [[[-121.95634, 37.77264], [-121.95526, 37.77432], [-121.95651, 37.77583], [-121.95885, 37.77566], [-121.95993, 37.77398], [-121.95868, 37.77247], [-121.95634, 37.77264]]]}}, {"type": "Feature", "properties": {"id": 264, "name": "Park Central SE", "lst": 44.51, "green": 27.24, "pop": 108, "pct65": 17.6, "ac": 86.9, "holc": null, "access_min": 10.1, "access_km": 0.81, "score": 29.7, "rank": 350.0, "area_m2": 109878, "street_m": 946, "canopy_m2": 29946.0, "row_m2": 9605.0, "row_canopy": 22.4, "veg": 23.9, "place": "res", "land": null, "green_src": "canopy", "canopy_source": "usfs-2022", "canopy_year": "2022", "assessed_m2": 109938.6, "coverage_frac": 0.9999970160335112, "canopy_quality": "full", "scenario_ok": true, "canopy_baseline_ok": true, "ac_src": "lace", "ac_coverage": 1.0, "acs_year": 2024, "access_snap_m": 73.0, "access_quality": "network-estimate", "access_src": "routed"}, "geometry": {"type": "Polygon", "coordinates": [[[-121.95993, 37.77398], [-121.95885, 37.77566], [-121.96011, 37.77717], [-121.96245, 37.777], [-121.96353, 37.77532], [-121.96227, 37.77381], [-121.95993, 37.77398]]]}}, {"type": "Feature", "properties": {"id": 265, "name": "Bishop Ranch 6/City Village SE", "lst": 43.32, "green": 30.02, "pop": 1, "pct65": 12.4, "ac": 86.9, "holc": null, "access_min": 13.3, "access_km": 1.06, "score": 14.3, "rank": 403.0, "area_m2": 109887, "street_m": 779, "canopy_m2": 33007.0, "row_m2": 8774.0, "row_canopy": 12.9, "veg": 22.3, "place": "res", "land": null, "green_src": "canopy", "canopy_source": "usfs-2022", "canopy_year": "2022", "assessed_m2": 109947.6, "coverage_frac": 1.0, "canopy_quality": "full", "scenario_ok": true, "canopy_baseline_ok": true, "ac_src": "lace", "ac_coverage": 1.0, "acs_year": 2024, "access_snap_m": 43.0, "access_quality": "network-estimate", "access_src": "routed"}, "geometry": {"type": "Polygon", "coordinates": [[[-121.95958, 37.7676], [-121.9585, 37.76928], [-121.95976, 37.77079], [-121.9621, 37.77062], [-121.96318, 37.76894], [-121.96192, 37.76743], [-121.95958, 37.7676]]]}}, {"type": "Feature", "properties": {"id": 266, "name": "Bishop Ranch 6/City Village", "lst": 47.63, "green": 7.93, "pop": 0, "pct65": 12.3, "ac": 65.07, "holc": null, "access_min": 10.0, "access_km": 0.8, "score": null, "rank": null, "area_m2": 109882, "street_m": 2852, "canopy_m2": 8716.0, "row_m2": 35636.0, "row_canopy": 4.9, "veg": 10.2, "place": "activity", "land": null, "green_src": "canopy", "canopy_source": "usfs-2022", "canopy_year": "2022", "assessed_m2": 109940.76, "coverage_frac": 0.9999889996605218, "canopy_quality": "full", "scenario_ok": true, "canopy_baseline_ok": true, "ac_src": "income-model", "ac_coverage": null, "acs_year": 2024, "access_snap_m": 39.0, "access_quality": "network-estimate", "access_src": "routed"}, "geometry": {"type": "Polygon", "coordinates": [[[-121.96318, 37.76894], [-121.9621, 37.77062], [-121.96335, 37.77213], [-121.96569, 37.77196], [-121.96677, 37.77028], [-121.96552, 37.76877], [-121.96318, 37.76894]]]}}, {"type": "Feature", "properties": {"id": 267, "name": "Vista San Ramon W", "lst": 44.07, "green": 21.22, "pop": 96, "pct65": 17.3, "ac": 86.9, "holc": null, "access_min": 8.0, "access_km": 0.64, "score": 32.7, "rank": 333.0, "area_m2": 109888, "street_m": 1187, "canopy_m2": 23325.0, "row_m2": 12559.0, "row_canopy": 18.2, "veg": 28.2, "place": "res", "land": null, "green_src": "canopy", "canopy_source": "usfs-2022", "canopy_year": "2022", "assessed_m2": 109945.08, "coverage_frac": 0.9999682871656516, "canopy_quality": "full", "scenario_ok": true, "canopy_baseline_ok": true, "ac_src": "lace", "ac_coverage": 1.0, "acs_year": 2024, "access_snap_m": 101.0, "access_quality": "approach-review", "access_src": "routed"}, "geometry": {"type": "Polygon", "coordinates": [[[-121.95616, 37.76945], [-121.95508, 37.77113], [-121.95634, 37.77264], [-121.95868, 37.77247], [-121.95976, 37.77079], [-121.9585, 37.76928], [-121.95616, 37.76945]]]}}, {"type": "Feature", "properties": {"id": 268, "name": "Canyon Lakes N 2", "lst": 45.83, "green": 17.01, "pop": 329, "pct65": 10.1, "ac": 91.3, "holc": null, "access_min": 18.2, "access_km": 1.45, "score": 55.0, "rank": 169.0, "area_m2": 109906, "street_m": 1221, "canopy_m2": 18711.0, "row_m2": 14197.0, "row_canopy": 15.0, "veg": 19.7, "place": "res", "land": null, "green_src": "canopy", "canopy_source": "usfs-2022", "canopy_year": "2022", "assessed_m2": 109966.68, "coverage_frac": 1.0, "canopy_quality": "full", "scenario_ok": true, "canopy_baseline_ok": true, "ac_src": "lace", "ac_coverage": 1.0, "acs_year": 2024, "access_snap_m": 20.0, "access_quality": "network-estimate", "access_src": "routed"}, "geometry": {"type": "Polygon", "coordinates": [[[-121.94196, 37.76727], [-121.94088, 37.76895], [-121.94213, 37.77046], [-121.94447, 37.77029], [-121.94555, 37.76861], [-121.9443, 37.7671], [-121.94196, 37.76727]]]}}, {"type": "Feature", "properties": {"id": 269, "name": "Vista San Ramon E", "lst": 42.65, "green": 28.38, "pop": 194, "pct65": 21.8, "ac": 87.75, "holc": null, "access_min": 15.0, "access_km": 1.2, "score": 22.8, "rank": 385.0, "area_m2": 109900, "street_m": 1829, "canopy_m2": 31202.0, "row_m2": 18827.0, "row_canopy": 22.0, "veg": 25.4, "place": "res", "land": null, "green_src": "canopy", "canopy_source": "usfs-2022", "canopy_year": "2022", "assessed_m2": 109957.68, "coverage_frac": 0.9999737046514844, "canopy_quality": "full", "scenario_ok": true, "canopy_baseline_ok": true, "ac_src": "lace", "ac_coverage": 1.0, "acs_year": 2024, "access_snap_m": 90.0, "access_quality": "network-estimate", "access_src": "routed"}, "geometry": {"type": "Polygon", "coordinates": [[[-121.94555, 37.76861], [-121.94447, 37.77029], [-121.94573, 37.7718], [-121.94807, 37.77163], [-121.94915, 37.76995], [-121.94789, 37.76844], [-121.94555, 37.76861]]]}}, {"type": "Feature", "properties": {"id": 270, "name": "Siena Hills SE", "lst": 44.41, "green": 25.96, "pop": 291, "pct65": 10.2, "ac": 91.3, "holc": null, "access_min": 13.5, "access_km": 1.08, "score": 32.0, "rank": 340.0, "area_m2": 109907, "street_m": 1549, "canopy_m2": 28547.0, "row_m2": 17177.0, "row_canopy": 17.8, "veg": 28.6, "place": "res", "land": null, "green_src": "canopy", "canopy_source": "usfs-2022", "canopy_year": "2022", "assessed_m2": 109963.8, "coverage_frac": 0.9999694222835992, "canopy_quality": "full", "scenario_ok": true, "canopy_baseline_ok": true, "ac_src": "lace", "ac_coverage": 1.0, "acs_year": 2024, "access_snap_m": 72.0, "access_quality": "network-estimate", "access_src": "routed"}, "geometry": {"type": "Polygon", "coordinates": [[[-121.93854, 37.76912], [-121.93745, 37.7708], [-121.93871, 37.77231], [-121.94105, 37.77214], [-121.94213, 37.77046], [-121.94088, 37.76895], [-121.93854, 37.76912]]]}}, {"type": "Feature", "properties": {"id": 271, "name": "Siena Hills", "lst": 44.49, "green": 20.3, "pop": 363, "pct65": 12.5, "ac": 91.3, "holc": null, "access_min": 16.3, "access_km": 1.3, "score": 44.4, "rank": 254.0, "area_m2": 109901, "street_m": 1832, "canopy_m2": 22319.0, "row_m2": 21279.0, "row_canopy": 13.6, "veg": 22.1, "place": "res", "land": null, "green_src": "canopy", "canopy_source": "usfs-2022", "canopy_year": "2022", "assessed_m2": 109962.36, "coverage_frac": 1.0, "canopy_quality": "full", "scenario_ok": true, "canopy_baseline_ok": true, "ac_src": "lace", "ac_coverage": 1.0, "acs_year": 2024, "access_snap_m": 148.0, "access_quality": "approach-review", "access_src": "routed"}, "geometry": {"type": "Polygon", "coordinates": [[[-121.94213, 37.77046], [-121.94105, 37.77214], [-121.94231, 37.77365], [-121.94464, 37.77348], [-121.94573, 37.7718], [-121.94447, 37.77029], [-121.94213, 37.77046]]]}}, {"type": "Feature", "properties": {"id": 272, "name": "Canyon Lakes NW", "lst": 44.26, "green": 22.66, "pop": 269, "pct65": 25.7, "ac": 87.68, "holc": null, "access_min": 20.4, "access_km": 1.63, "score": 45.7, "rank": 250.0, "area_m2": 109910, "street_m": 1314, "canopy_m2": 24925.0, "row_m2": 15162.0, "row_canopy": 15.1, "veg": 25.6, "place": "res", "land": null, "green_src": "canopy", "canopy_source": "usfs-2022", "canopy_year": "2022", "assessed_m2": 109970.28, "coverage_frac": 1.0, "canopy_quality": "full", "scenario_ok": true, "canopy_baseline_ok": true, "ac_src": "lace", "ac_coverage": 1.0, "acs_year": 2024, "access_snap_m": 81.0, "access_quality": "network-estimate", "access_src": "routed"}, "geometry": {"type": "Polygon", "coordinates": [[[-121.94178, 37.76407], [-121.9407, 37.76576], [-121.94196, 37.76727], [-121.9443, 37.7671], [-121.94538, 37.76542], [-121.94412, 37.76391], [-121.94178, 37.76407]]]}}, {"type": "Feature", "properties": {"id": 273, "name": "Canyon Lakes NW 2", "lst": 43.25, "green": 16.25, "pop": 133, "pct65": 26.4, "ac": 86.9, "holc": null, "access_min": 18.1, "access_km": 1.45, "score": 40.5, "rank": 278.0, "area_m2": 109904, "street_m": 683, "canopy_m2": 17865.0, "row_m2": 7453.0, "row_canopy": 20.3, "veg": 23.8, "place": "res", "land": null, "green_src": "canopy", "canopy_source": "usfs-2022", "canopy_year": "2022", "assessed_m2": 109963.8, "coverage_frac": 0.9999909262573852, "canopy_quality": "full", "scenario_ok": true, "canopy_baseline_ok": true, "ac_src": "lace", "ac_coverage": 1.0, "acs_year": 2024, "access_snap_m": 151.0, "access_quality": "approach-review", "access_src": "routed"}, "geometry": {"type": "Polygon", "coordinates": [[[-121.94538, 37.76542], [-121.9443, 37.7671], [-121.94555, 37.76861], [-121.94789, 37.76844], [-121.94897, 37.76676], [-121.94772, 37.76525], [-121.94538, 37.76542]]]}}, {"type": "Feature", "properties": {"id": 274, "name": "Canyon Lakes N", "lst": 45.0, "green": 15.98, "pop": 400, "pct65": 10.0, "ac": 91.3, "holc": null, "access_min": 19.9, "access_km": 1.59, "score": 53.7, "rank": 181.0, "area_m2": 109911, "street_m": 1084, "canopy_m2": 17575.0, "row_m2": 12286.0, "row_canopy": 16.9, "veg": 21.8, "place": "res", "land": null, "green_src": "canopy", "canopy_source": "usfs-2022", "canopy_year": "2022", "assessed_m2": 109968.48, "coverage_frac": 0.99997354484266, "canopy_quality": "full", "scenario_ok": true, "canopy_baseline_ok": true, "ac_src": "lace", "ac_coverage": 1.0, "acs_year": 2024, "access_snap_m": 138.0, "access_quality": "approach-review", "access_src": "routed"}, "geometry": {"type": "Polygon", "coordinates": [[[-121.93836, 37.76592], [-121.93728, 37.76761], [-121.93854, 37.76912], [-121.94088, 37.76895], [-121.94196, 37.76727], [-121.9407, 37.76576], [-121.93836, 37.76592]]]}}, {"type": "Feature", "properties": {"id": 275, "name": "California Chateau at Danville Ranch SE 3", "lst": 45.38, "green": 16.14, "pop": 112, "pct65": 9.3, "ac": 92.9, "holc": null, "access_min": 9.8, "access_km": 0.78, "score": 41.2, "rank": 272.0, "area_m2": 109847, "street_m": 733, "canopy_m2": 17736.0, "row_m2": 9670.0, "row_canopy": 7.0, "veg": 14.4, "place": "res", "land": null, "green_src": "canopy", "canopy_source": "usfs-2022", "canopy_year": "2022", "assessed_m2": 109908.0, "coverage_frac": 1.0, "canopy_quality": "full", "scenario_ok": true, "canopy_baseline_ok": true, "ac_src": "lace", "ac_coverage": 1.0, "acs_year": 2024, "access_snap_m": 75.0, "access_quality": "network-estimate", "access_src": "routed"}, "geometry": {"type": "Polygon", "coordinates": [[[-121.97808, 37.78388], [-121.977, 37.78556], [-121.97826, 37.78708], [-121.9806, 37.78691], [-121.98168, 37.78522], [-121.98042, 37.78371], [-121.97808, 37.78388]]]}}, {"type": "Feature", "properties": {"id": 276, "name": "California Chateau at Danville Ranch SE 5", "lst": 45.05, "green": 28.1, "pop": 0, "pct65": 12.3, "ac": 65.07, "holc": null, "access_min": 15.1, "access_km": 1.21, "score": null, "rank": null, "area_m2": 109857, "street_m": 1009, "canopy_m2": 30889.0, "row_m2": 11811.0, "row_canopy": 8.9, "veg": 20.6, "place": "activity", "land": null, "green_src": "canopy", "canopy_source": "usfs-2022", "canopy_year": "2022", "assessed_m2": 109916.28, "coverage_frac": 0.9999909529462352, "canopy_quality": "full", "scenario_ok": true, "canopy_baseline_ok": true, "ac_src": "income-model", "ac_coverage": null, "acs_year": 2024, "access_snap_m": 35.0, "access_quality": "network-estimate", "access_src": "routed"}, "geometry": {"type": "Polygon", "coordinates": [[[-121.97431, 37.77935], [-121.97323, 37.78103], [-121.97449, 37.78254], [-121.97683, 37.78237], [-121.97791, 37.78069], [-121.97665, 37.77918], [-121.97431, 37.77935]]]}}, {"type": "Feature", "properties": {"id": 277, "name": "California Chateau at Danville Ranch SE 4", "lst": 46.68, "green": 13.78, "pop": 297, "pct65": 8.1, "ac": 92.9, "holc": null, "access_min": 10.8, "access_km": 0.86, "score": 61.7, "rank": 122.0, "area_m2": 109851, "street_m": 920, "canopy_m2": 15151.0, "row_m2": 11842.0, "row_canopy": 4.2, "veg": 9.6, "place": "res", "land": null, "green_src": "canopy", "canopy_source": "usfs-2022", "canopy_year": "2022", "assessed_m2": 109909.8, "coverage_frac": 0.9999812629547862, "canopy_quality": "full", "scenario_ok": true, "canopy_baseline_ok": true, "ac_src": "lace", "ac_coverage": 1.0, "acs_year": 2024, "access_snap_m": 40.0, "access_quality": "network-estimate", "access_src": "routed"}, "geometry": {"type": "Polygon", "coordinates": [[[-121.97791, 37.78069], [-121.97683, 37.78237], [-121.97808, 37.78388], [-121.98042, 37.78371], [-121.9815, 37.78203], [-121.98025, 37.78052], [-121.97791, 37.78069]]]}}, {"type": "Feature", "properties": {"id": 278, "name": "Crow Canyon Heights W", "lst": 45.67, "green": 21.26, "pop": 43, "pct65": 12.1, "ac": 87.7, "holc": null, "access_min": 11.9, "access_km": 0.95, "score": 36.0, "rank": 315.0, "area_m2": 109858, "street_m": 1463, "canopy_m2": 23372.0, "row_m2": 15514.0, "row_canopy": 15.8, "veg": 19.2, "place": "res", "land": null, "green_src": "canopy", "canopy_source": "usfs-2022", "canopy_year": "2022", "assessed_m2": 109918.8, "coverage_frac": 1.0, "canopy_quality": "full", "scenario_ok": true, "canopy_baseline_ok": true, "ac_src": "lace", "ac_coverage": 1.0, "acs_year": 2024, "access_snap_m": 24.0, "access_quality": "network-estimate", "access_src": "routed"}, "geometry": {"type": "Polygon", "coordinates": [[[-121.97089, 37.7812], [-121.96981, 37.78288], [-121.97107, 37.78439], [-121.97341, 37.78422], [-121.97449, 37.78254], [-121.97323, 37.78103], [-121.97089, 37.7812]]]}}, {"type": "Feature", "properties": {"id": 279, "name": "California Chateau at Danville Ranch SE", "lst": 46.16, "green": 15.19, "pop": 180, "pct65": 8.7, "ac": 92.9, "holc": null, "access_min": 7.4, "access_km": 0.59, "score": 50.2, "rank": 209.0, "area_m2": 109842, "street_m": 940, "canopy_m2": 16691.0, "row_m2": 11407.0, "row_canopy": 8.1, "veg": 18.0, "place": "res", "land": null, "green_src": "canopy", "canopy_source": "usfs-2022", "canopy_year": "2022", "assessed_m2": 109901.16, "coverage_frac": 0.9999904031067216, "canopy_quality": "full", "scenario_ok": true, "canopy_baseline_ok": true, "ac_src": "lace", "ac_coverage": 1.0, "acs_year": 2024, "access_snap_m": 90.0, "access_quality": "network-estimate", "access_src": "routed"}, "geometry": {"type": "Polygon", "coordinates": [[[-121.98168, 37.78522], [-121.9806, 37.78691], [-121.98185, 37.78842], [-121.98419, 37.78825], [-121.98527, 37.78657], [-121.98402, 37.78505], [-121.98168, 37.78522]]]}}, {"type": "Feature", "properties": {"id": 280, "name": "California Chateau at Danville Ranch", "lst": 47.72, "green": 13.42, "pop": 0, "pct65": 12.3, "ac": 65.07, "holc": null, "access_min": 7.7, "access_km": 0.62, "score": null, "rank": null, "area_m2": 109836, "street_m": 539, "canopy_m2": 14748.0, "row_m2": 6817.0, "row_canopy": 9.4, "veg": 19.9, "place": "activity", "land": null, "green_src": "canopy", "canopy_source": "usfs-2022", "canopy_year": "2022", "assessed_m2": 109896.48, "coverage_frac": 0.999997104116486, "canopy_quality": "full", "scenario_ok": true, "canopy_baseline_ok": true, "ac_src": "income-model", "ac_coverage": null, "acs_year": 2024, "access_snap_m": 110.0, "access_quality": "approach-review", "access_src": "routed"}, "geometry": {"type": "Polygon", "coordinates": [[[-121.98527, 37.78657], [-121.98419, 37.78825], [-121.98545, 37.78976], [-121.98779, 37.78959], [-121.98887, 37.78791], [-121.98761, 37.7864], [-121.98527, 37.78657]]]}}, {"type": "Feature", "properties": {"id": 281, "name": "Crow Canyon Heights", "lst": 45.8, "green": 24.27, "pop": 0, "pct65": 12.3, "ac": 65.07, "holc": null, "access_min": 17.4, "access_km": 1.4, "score": null, "rank": null, "area_m2": 109864, "street_m": 1581, "canopy_m2": 26682.0, "row_m2": 13806.0, "row_canopy": 27.5, "veg": 23.0, "place": "activity", "land": null, "green_src": "canopy", "canopy_source": "usfs-2022", "canopy_year": "2022", "assessed_m2": 109924.92, "coverage_frac": 0.999998739271163, "canopy_quality": "full", "scenario_ok": true, "canopy_baseline_ok": true, "ac_src": "income-model", "ac_coverage": null, "acs_year": 2024, "access_snap_m": 101.0, "access_quality": "approach-review", "access_src": "routed"}, "geometry": {"type": "Polygon", "coordinates": [[[-121.96388, 37.78171], [-121.9628, 37.78339], [-121.96405, 37.7849], [-121.96639, 37.78473], [-121.96747, 37.78305], [-121.96622, 37.78154], [-121.96388, 37.78171]]]}}, {"type": "Feature", "properties": {"id": 282, "name": "Crow Canyon Heights NW", "lst": 45.05, "green": 31.47, "pop": 0, "pct65": 12.3, "ac": 65.07, "holc": null, "access_min": 14.9, "access_km": 1.19, "score": null, "rank": null, "area_m2": 109859, "street_m": 1379, "canopy_m2": 34597.0, "row_m2": 12271.0, "row_canopy": 35.3, "veg": 27.2, "place": "activity", "land": null, "green_src": "canopy", "canopy_source": "usfs-2022", "canopy_year": "2022", "assessed_m2": 109920.24, "coverage_frac": 1.0, "canopy_quality": "full", "scenario_ok": true, "canopy_baseline_ok": true, "ac_src": "income-model", "ac_coverage": null, "acs_year": 2024, "access_snap_m": 93.0, "access_quality": "network-estimate", "access_src": "routed"}, "geometry": {"type": "Polygon", "coordinates": [[[-121.96747, 37.78305], [-121.96639, 37.78473], [-121.96765, 37.78624], [-121.96999, 37.78607], [-121.97107, 37.78439], [-121.96981, 37.78288], [-121.96747, 37.78305]]]}}, {"type": "Feature", "properties": {"id": 283, "name": "The Preserve SE 7", "lst": 44.45, "green": 26.96, "pop": 50, "pct65": 9.4, "ac": 92.9, "holc": null, "access_min": 17.4, "access_km": 1.39, "score": 22.7, "rank": 386.0, "area_m2": 109860, "street_m": 1521, "canopy_m2": 29635.0, "row_m2": 18987.0, "row_canopy": 3.7, "veg": 18.2, "place": "res", "land": null, "green_src": "canopy", "canopy_source": "usfs-2022", "canopy_year": "2022", "assessed_m2": 109919.16, "coverage_frac": 0.9999894946867774, "canopy_quality": "full", "scenario_ok": true, "canopy_baseline_ok": true, "ac_src": "lace", "ac_coverage": 1.0, "acs_year": 2024, "access_snap_m": 38.0, "access_quality": "network-estimate", "access_src": "routed"}, "geometry": {"type": "Polygon", "coordinates": [[[-121.97756, 37.77431], [-121.97648, 37.77599], [-121.97773, 37.7775], [-121.98007, 37.77733], [-121.98115, 37.77565], [-121.9799, 37.77414], [-121.97756, 37.77431]]]}}, {"type": "Feature", "properties": {"id": 284, "name": "The Preserve SE 4", "lst": 45.62, "green": 26.56, "pop": 349, "pct65": 5.5, "ac": 92.9, "holc": null, "access_min": 18.3, "access_km": 1.47, "score": 38.3, "rank": 294.0, "area_m2": 109854, "street_m": 904, "canopy_m2": 29195.0, "row_m2": 11574.0, "row_canopy": 7.8, "veg": 21.7, "place": "res", "land": null, "green_src": "canopy", "canopy_source": "usfs-2022", "canopy_year": "2022", "assessed_m2": 109916.64, "coverage_frac": 1.0, "canopy_quality": "full", "scenario_ok": true, "canopy_baseline_ok": true, "ac_src": "lace", "ac_coverage": 1.0, "acs_year": 2024, "access_snap_m": 58.0, "access_quality": "network-estimate", "access_src": "routed"}, "geometry": {"type": "Polygon", "coordinates": [[[-121.98115, 37.77565], [-121.98007, 37.77733], [-121.98133, 37.77884], [-121.98367, 37.77867], [-121.98475, 37.77699], [-121.98349, 37.77548], [-121.98115, 37.77565]]]}}, {"type": "Feature", "properties": {"id": 285, "name": "Bishop Ranch 6/City Village NW 3", "lst": 44.23, "green": 20.43, "pop": 0, "pct65": 12.3, "ac": 65.07, "holc": null, "access_min": 15.4, "access_km": 1.24, "score": null, "rank": null, "area_m2": 109861, "street_m": 858, "canopy_m2": 22460.0, "row_m2": 11638.0, "row_canopy": 0.0, "veg": 18.9, "place": "activity", "land": null, "green_src": "canopy", "canopy_source": "usfs-2022", "canopy_year": "2022", "assessed_m2": 109922.04, "coverage_frac": 1.0, "canopy_quality": "full", "scenario_ok": true, "canopy_baseline_ok": true, "ac_src": "income-model", "ac_coverage": null, "acs_year": 2024, "access_snap_m": 165.0, "access_quality": "approach-review", "access_src": "routed"}, "geometry": {"type": "Polygon", "coordinates": [[[-121.97414, 37.77616], [-121.97306, 37.77784], [-121.97431, 37.77935], [-121.97665, 37.77918], [-121.97773, 37.7775], [-121.97648, 37.77599], [-121.97414, 37.77616]]]}}, {"type": "Feature", "properties": {"id": 286, "name": "The Preserve E 3", "lst": 45.42, "green": 20.53, "pop": 168, "pct65": 7.0, "ac": 92.9, "holc": null, "access_min": 13.9, "access_km": 1.11, "score": 38.0, "rank": 298.0, "area_m2": 109856, "street_m": 1466, "canopy_m2": 22566.0, "row_m2": 17508.0, "row_canopy": 2.8, "veg": 15.7, "place": "res", "land": null, "green_src": "canopy", "canopy_source": "usfs-2022", "canopy_year": "2022", "assessed_m2": 109914.48, "coverage_frac": 0.9999853752976224, "canopy_quality": "full", "scenario_ok": true, "canopy_baseline_ok": true, "ac_src": "lace", "ac_coverage": 1.0, "acs_year": 2024, "access_snap_m": 72.0, "access_quality": "network-estimate", "access_src": "routed"}, "geometry": {"type": "Polygon", "coordinates": [[[-121.97773, 37.7775], [-121.97665, 37.77918], [-121.97791, 37.78069], [-121.98025, 37.78052], [-121.98133, 37.77884], [-121.98007, 37.77733], [-121.97773, 37.7775]]]}}, {"type": "Feature", "properties": {"id": 287, "name": "Bishop Ranch 6/City Village W 6", "lst": 46.7, "green": 24.28, "pop": 364, "pct65": 8.9, "ac": 89.71, "holc": null, "access_min": 21.0, "access_km": 1.68, "score": 52.6, "rank": 188.0, "area_m2": 109864, "street_m": 739, "canopy_m2": 26692.0, "row_m2": 9258.0, "row_canopy": 7.5, "veg": 19.8, "place": "res", "land": null, "green_src": "canopy", "canopy_source": "usfs-2022", "canopy_year": "2022", "assessed_m2": 109923.84, "coverage_frac": 0.9999936210609868, "canopy_quality": "full", "scenario_ok": true, "canopy_baseline_ok": true, "ac_src": "lace", "ac_coverage": 1.0, "acs_year": 2024, "access_snap_m": 35.0, "access_quality": "network-estimate", "access_src": "routed"}, "geometry": {"type": "Polygon", "coordinates": [[[-121.97738, 37.77111], [-121.9763, 37.77279], [-121.97756, 37.77431], [-121.9799, 37.77414], [-121.98098, 37.77246], [-121.97972, 37.77094], [-121.97738, 37.77111]]]}}, {"type": "Feature", "properties": {"id": 288, "name": "The Preserve SE 6", "lst": 43.4, "green": 36.46, "pop": 212, "pct65": 10.1, "ac": 88.82, "holc": null, "access_min": 20.3, "access_km": 1.63, "score": 10.7, "rank": 411.0, "area_m2": 109859, "street_m": 1395, "canopy_m2": 40073.0, "row_m2": 17599.0, "row_canopy": 7.0, "veg": 28.3, "place": "res", "land": null, "green_src": "canopy", "canopy_source": "usfs-2022", "canopy_year": "2022", "assessed_m2": 109918.8, "coverage_frac": 0.9999970329705478, "canopy_quality": "full", "scenario_ok": true, "canopy_baseline_ok": true, "ac_src": "lace", "ac_coverage": 1.0, "acs_year": 2024, "access_snap_m": 86.0, "access_quality": "network-estimate", "access_src": "routed"}, "geometry": {"type": "Polygon", "coordinates": [[[-121.98098, 37.77246], [-121.9799, 37.77414], [-121.98115, 37.77565], [-121.98349, 37.77548], [-121.98457, 37.7738], [-121.98332, 37.77229], [-121.98098, 37.77246]]]}}, {"type": "Feature", "properties": {"id": 289, "name": "Bishop Ranch 6/City Village W 5", "lst": 45.12, "green": 20.53, "pop": 111, "pct65": 7.7, "ac": 92.9, "holc": null, "access_min": 17.9, "access_km": 1.43, "score": 34.1, "rank": 324.0, "area_m2": 109865, "street_m": 660, "canopy_m2": 22565.0, "row_m2": 8631.0, "row_canopy": 5.8, "veg": 13.8, "place": "res", "land": null, "green_src": "canopy", "canopy_source": "usfs-2022", "canopy_year": "2022", "assessed_m2": 109925.28, "coverage_frac": 0.9999959120510642, "canopy_quality": "full", "scenario_ok": true, "canopy_baseline_ok": true, "ac_src": "lace", "ac_coverage": 1.0, "acs_year": 2024, "access_snap_m": 34.0, "access_quality": "network-estimate", "access_src": "routed"}, "geometry": {"type": "Polygon", "coordinates": [[[-121.97396, 37.77296], [-121.97288, 37.77465], [-121.97414, 37.77616], [-121.97648, 37.77599], [-121.97756, 37.77431], [-121.9763, 37.77279], [-121.97396, 37.77296]]]}}, {"type": "Feature", "properties": {"id": 290, "name": "The Preserve E", "lst": 47.24, "green": 12.15, "pop": 140, "pct65": 9.0, "ac": 92.9, "holc": null, "access_min": 3.3, "access_km": 0.27, "score": 57.8, "rank": 148.0, "area_m2": 109845, "street_m": 1124, "canopy_m2": 10300.0, "row_m2": 10151.0, "row_canopy": 0.0, "veg": 15.9, "place": "res", "land": null, "green_src": "canopy", "canopy_source": "usfs-2022", "canopy_year": "2022", "assessed_m2": 84802.32, "coverage_frac": 0.7715947637542263, "canopy_quality": "partial", "scenario_ok": true, "canopy_baseline_ok": false, "ac_src": "lace", "ac_coverage": 1.0, "acs_year": 2024, "access_snap_m": 159.0, "access_quality": "approach-review", "access_src": "routed"}, "geometry": {"type": "Polygon", "coordinates": [[[-121.98492, 37.78018], [-121.98384, 37.78186], [-121.9851, 37.78337], [-121.98744, 37.7832], [-121.98852, 37.78152], [-121.98726, 37.78001], [-121.98492, 37.78018]]]}}, {"type": "Feature", "properties": {"id": 291, "name": "The Preserve NE", "lst": 47.33, "green": 4.8, "pop": 434, "pct65": 7.7, "ac": 92.9, "holc": null, "access_min": 5.0, "access_km": 0.4, "score": 87.6, "rank": 9.0, "area_m2": 109839, "street_m": 1241, "canopy_m2": 5156.0, "row_m2": 16832.0, "row_canopy": 0.0, "veg": 10.0, "place": "res", "land": null, "green_src": "canopy", "canopy_source": "usfs-2022", "canopy_year": "2022", "assessed_m2": 107413.92, "coverage_frac": 0.9773801377557488, "canopy_quality": "partial", "scenario_ok": true, "canopy_baseline_ok": false, "ac_src": "lace", "ac_coverage": 1.0, "acs_year": 2024, "access_snap_m": 128.0, "access_quality": "approach-review", "access_src": "routed"}, "geometry": {"type": "Polygon", "coordinates": [[[-121.98852, 37.78152], [-121.98744, 37.7832], [-121.98869, 37.78471], [-121.99103, 37.78454], [-121.99211, 37.78286], [-121.99086, 37.78135], [-121.98852, 37.78152]]]}}, {"type": "Feature", "properties": {"id": 292, "name": "California Chateau at Danville Ranch SE 2", "lst": 47.15, "green": 7.15, "pop": 252, "pct65": 8.2, "ac": 92.9, "holc": null, "access_min": 12.4, "access_km": 0.99, "score": 70.2, "rank": 69.0, "area_m2": 109846, "street_m": 344, "canopy_m2": 7860.0, "row_m2": 4453.0, "row_canopy": 9.8, "veg": 10.2, "place": "res", "land": null, "green_src": "canopy", "canopy_source": "usfs-2022", "canopy_year": "2022", "assessed_m2": 109905.48, "coverage_frac": 0.9999912308889726, "canopy_quality": "full", "scenario_ok": true, "canopy_baseline_ok": true, "ac_src": "lace", "ac_coverage": 1.0, "acs_year": 2024, "access_snap_m": 67.0, "access_quality": "network-estimate", "access_src": "routed"}, "geometry": {"type": "Polygon", "coordinates": [[[-121.9815, 37.78203], [-121.98042, 37.78371], [-121.98168, 37.78522], [-121.98402, 37.78505], [-121.9851, 37.78337], [-121.98384, 37.78186], [-121.9815, 37.78203]]]}}, {"type": "Feature", "properties": {"id": 293, "name": "California Chateau at Danville Ranch S 2", "lst": 46.52, "green": 15.66, "pop": 0, "pct65": 12.3, "ac": 65.07, "holc": null, "access_min": 8.3, "access_km": 0.67, "score": null, "rank": null, "area_m2": 109840, "street_m": 0, "canopy_m2": 17209.0, "row_m2": 0.0, "row_canopy": 0.0, "veg": 18.2, "place": "empty", "land": "grassland", "green_src": "canopy", "canopy_source": "usfs-2022", "canopy_year": "2022", "assessed_m2": 109898.64, "coverage_frac": 0.9999782758829672, "canopy_quality": "full", "scenario_ok": false, "canopy_baseline_ok": true, "ac_src": "income-model", "ac_coverage": null, "acs_year": 2024, "access_snap_m": 299.0, "access_quality": "approach-review", "access_src": "routed"}, "geometry": {"type": "Polygon", "coordinates": [[[-121.9851, 37.78337], [-121.98402, 37.78505], [-121.98527, 37.78657], [-121.98761, 37.7864], [-121.98869, 37.78471], [-121.98744, 37.7832], [-121.9851, 37.78337]]]}}, {"type": "Feature", "properties": {"id": 294, "name": "The Preserve SE 2", "lst": 47.88, "green": 18.55, "pop": 424, "pct65": 6.5, "ac": 92.9, "holc": null, "access_min": 16.8, "access_km": 1.34, "score": 70.8, "rank": 64.0, "area_m2": 109849, "street_m": 1911, "canopy_m2": 16595.0, "row_m2": 21588.0, "row_canopy": 10.4, "veg": 23.5, "place": "res", "land": null, "green_src": "canopy", "canopy_source": "usfs-2022", "canopy_year": "2022", "assessed_m2": 89456.4, "coverage_frac": 0.8139097471490906, "canopy_quality": "partial", "scenario_ok": true, "canopy_baseline_ok": false, "ac_src": "lace", "ac_coverage": 1.0, "acs_year": 2024, "access_snap_m": 43.0, "access_quality": "network-estimate", "access_src": "routed"}, "geometry": {"type": "Polygon", "coordinates": [[[-121.98475, 37.77699], [-121.98367, 37.77867], [-121.98492, 37.78018], [-121.98726, 37.78001], [-121.98834, 37.77833], [-121.98709, 37.77682], [-121.98475, 37.77699]]]}}, {"type": "Feature", "properties": {"id": 295, "name": "The Preserve SE", "lst": 48.06, "green": 1.4, "pop": 65, "pct65": 10.9, "ac": 91.4, "holc": null, "access_min": 2.6, "access_km": 0.21, "score": 68.9, "rank": 74.0, "area_m2": 109844, "street_m": 925, "canopy_m2": 237.0, "row_m2": 4311.0, "row_canopy": 0.0, "veg": 15.6, "place": "res", "land": null, "green_src": "canopy", "canopy_source": "usfs-2022", "canopy_year": "2022", "assessed_m2": 16919.64, "coverage_frac": 0.1539491708846655, "canopy_quality": "partial", "scenario_ok": true, "canopy_baseline_ok": false, "ac_src": "lace", "ac_coverage": 1.0, "acs_year": 2024, "access_snap_m": 121.0, "access_quality": "approach-review", "access_src": "routed"}, "geometry": {"type": "Polygon", "coordinates": [[[-121.98834, 37.77833], [-121.98726, 37.78001], [-121.98852, 37.78152], [-121.99086, 37.78135], [-121.99194, 37.77967], [-121.99068, 37.77816], [-121.98834, 37.77833]]]}}, {"type": "Feature", "properties": {"id": 296, "name": "The Preserve E 2", "lst": 46.88, "green": 8.59, "pop": 437, "pct65": 7.0, "ac": 92.9, "holc": null, "access_min": 11.4, "access_km": 0.92, "score": 78.3, "rank": 27.0, "area_m2": 109850, "street_m": 1093, "canopy_m2": 7301.0, "row_m2": 11920.0, "row_canopy": 3.4, "veg": 9.3, "place": "res", "land": null, "green_src": "canopy", "canopy_source": "usfs-2022", "canopy_year": "2022", "assessed_m2": 85025.88, "coverage_frac": 0.7735907571352965, "canopy_quality": "partial", "scenario_ok": true, "canopy_baseline_ok": false, "ac_src": "lace", "ac_coverage": 1.0, "acs_year": 2024, "access_snap_m": 59.0, "access_quality": "network-estimate", "access_src": "routed"}, "geometry": {"type": "Polygon", "coordinates": [[[-121.98133, 37.77884], [-121.98025, 37.78052], [-121.9815, 37.78203], [-121.98384, 37.78186], [-121.98492, 37.78018], [-121.98367, 37.77867], [-121.98133, 37.77884]]]}}, {"type": "Feature", "properties": {"id": 297, "name": "Park Central NW", "lst": 46.7, "green": 16.39, "pop": 250, "pct65": 19.6, "ac": 86.9, "holc": null, "access_min": 3.6, "access_km": 0.29, "score": 64.2, "rank": 103.0, "area_m2": 109868, "street_m": 995, "canopy_m2": 18020.0, "row_m2": 10628.0, "row_canopy": 18.0, "veg": 13.0, "place": "res", "land": null, "green_src": "canopy", "canopy_source": "usfs-2022", "canopy_year": "2022", "assessed_m2": 109927.08, "coverage_frac": 0.999990698290884, "canopy_quality": "full", "scenario_ok": true, "canopy_baseline_ok": true, "ac_src": "lace", "ac_coverage": 1.0, "acs_year": 2024, "access_snap_m": 4.0, "access_quality": "network-estimate", "access_src": "routed"}, "geometry": {"type": "Polygon", "coordinates": [[[-121.96712, 37.77667], [-121.96604, 37.77835], [-121.9673, 37.77986], [-121.96964, 37.77969], [-121.97072, 37.77801], [-121.96946, 37.7765], [-121.96712, 37.77667]]]}}, {"type": "Feature", "properties": {"id": 298, "name": "Crow Canyon Heights SW 2", "lst": 45.35, "green": 23.94, "pop": 105, "pct65": 12.7, "ac": 87.56, "holc": null, "access_min": 9.4, "access_km": 0.76, "score": 34.8, "rank": 321.0, "area_m2": 109862, "street_m": 1062, "canopy_m2": 26319.0, "row_m2": 13436.0, "row_canopy": 6.3, "veg": 17.8, "place": "res", "land": null, "green_src": "canopy", "canopy_source": "usfs-2022", "canopy_year": "2022", "assessed_m2": 109918.8, "coverage_frac": 0.9999646224708876, "canopy_quality": "full", "scenario_ok": true, "canopy_baseline_ok": true, "ac_src": "lace", "ac_coverage": 1.0, "acs_year": 2024, "access_snap_m": 65.0, "access_quality": "network-estimate", "access_src": "routed"}, "geometry": {"type": "Polygon", "coordinates": [[[-121.97072, 37.77801], [-121.96964, 37.77969], [-121.97089, 37.7812], [-121.97323, 37.78103], [-121.97431, 37.77935], [-121.97306, 37.77784], [-121.97072, 37.77801]]]}}, {"type": "Feature", "properties": {"id": 299, "name": "Crow Canyon Heights S", "lst": 46.78, "green": 15.34, "pop": 0, "pct65": 12.3, "ac": 65.07, "holc": null, "access_min": 10.7, "access_km": 0.85, "score": null, "rank": null, "area_m2": 109869, "street_m": 1137, "canopy_m2": 16859.0, "row_m2": 14046.0, "row_canopy": 7.1, "veg": 11.6, "place": "activity", "land": null, "green_src": "canopy", "canopy_source": "usfs-2022", "canopy_year": "2022", "assessed_m2": 109930.32, "coverage_frac": 1.0, "canopy_quality": "full", "scenario_ok": true, "canopy_baseline_ok": true, "ac_src": "income-model", "ac_coverage": null, "acs_year": 2024, "access_snap_m": 88.0, "access_quality": "network-estimate", "access_src": "routed"}, "geometry": {"type": "Polygon", "coordinates": [[[-121.9637, 37.77852], [-121.96262, 37.7802], [-121.96388, 37.78171], [-121.96622, 37.78154], [-121.9673, 37.77986], [-121.96604, 37.77835], [-121.9637, 37.77852]]]}}, {"type": "Feature", "properties": {"id": 300, "name": "Crow Canyon Heights SW", "lst": 45.97, "green": 11.24, "pop": 169, "pct65": 11.9, "ac": 87.7, "holc": null, "access_min": 9.2, "access_km": 0.74, "score": 54.9, "rank": 171.0, "area_m2": 109863, "street_m": 916, "canopy_m2": 12359.0, "row_m2": 11411.0, "row_canopy": 7.2, "veg": 9.0, "place": "res", "land": null, "green_src": "canopy", "canopy_source": "usfs-2022", "canopy_year": "2022", "assessed_m2": 109922.76, "coverage_frac": 0.999989863721862, "canopy_quality": "full", "scenario_ok": true, "canopy_baseline_ok": true, "ac_src": "lace", "ac_coverage": 1.0, "acs_year": 2024, "access_snap_m": 50.0, "access_quality": "network-estimate", "access_src": "routed"}, "geometry": {"type": "Polygon", "coordinates": [[[-121.9673, 37.77986], [-121.96622, 37.78154], [-121.96747, 37.78305], [-121.96981, 37.78288], [-121.97089, 37.7812], [-121.96964, 37.77969], [-121.9673, 37.77986]]]}}, {"type": "Feature", "properties": {"id": 301, "name": "Bishop Ranch 6/City Village NW", "lst": 47.14, "green": 19.15, "pop": 91, "pct65": 17.2, "ac": 86.9, "holc": null, "access_min": 2.4, "access_km": 0.19, "score": 51.8, "rank": 193.0, "area_m2": 109872, "street_m": 347, "canopy_m2": 21056.0, "row_m2": 3887.0, "row_canopy": 14.5, "veg": 14.2, "place": "res", "land": null, "green_src": "canopy", "canopy_source": "usfs-2022", "canopy_year": "2022", "assessed_m2": 109932.12, "coverage_frac": 0.9999980896468657, "canopy_quality": "full", "scenario_ok": true, "canopy_baseline_ok": true, "ac_src": "lace", "ac_coverage": 1.0, "acs_year": 2024, "access_snap_m": 76.0, "access_quality": "network-estimate", "access_src": "routed"}, "geometry": {"type": "Polygon", "coordinates": [[[-121.96695, 37.77347], [-121.96587, 37.77515], [-121.96712, 37.77667], [-121.96946, 37.7765], [-121.97054, 37.77481], [-121.96929, 37.7733], [-121.96695, 37.77347]]]}}, {"type": "Feature", "properties": {"id": 302, "name": "Bishop Ranch 6/City Village NW 2", "lst": 45.7, "green": 20.53, "pop": 80, "pct65": 16.9, "ac": 86.9, "holc": null, "access_min": 7.9, "access_km": 0.63, "score": 41.6, "rank": 270.0, "area_m2": 109866, "street_m": 353, "canopy_m2": 22565.0, "row_m2": 3554.0, "row_canopy": 29.7, "veg": 13.0, "place": "res", "land": null, "green_src": "canopy", "canopy_source": "usfs-2022", "canopy_year": "2022", "assessed_m2": 109925.64, "coverage_frac": 0.9999883879568724, "canopy_quality": "full", "scenario_ok": true, "canopy_baseline_ok": true, "ac_src": "lace", "ac_coverage": 1.0, "acs_year": 2024, "access_snap_m": 62.0, "access_quality": "network-estimate", "access_src": "routed"}, "geometry": {"type": "Polygon", "coordinates": [[[-121.97054, 37.77481], [-121.96946, 37.7765], [-121.97072, 37.77801], [-121.97306, 37.77784], [-121.97414, 37.77616], [-121.97288, 37.77465], [-121.97054, 37.77481]]]}}, {"type": "Feature", "properties": {"id": 303, "name": "Park Central", "lst": 46.39, "green": 22.22, "pop": 86, "pct65": 17.0, "ac": 86.9, "holc": null, "access_min": 3.4, "access_km": 0.27, "score": 44.1, "rank": 260.0, "area_m2": 109873, "street_m": 209, "canopy_m2": 24426.0, "row_m2": 2515.0, "row_canopy": 18.0, "veg": 17.3, "place": "res", "land": null, "green_src": "canopy", "canopy_source": "usfs-2022", "canopy_year": "2022", "assessed_m2": 109931.76, "coverage_frac": 0.9999840302972168, "canopy_quality": "full", "scenario_ok": true, "canopy_baseline_ok": true, "ac_src": "lace", "ac_coverage": 1.0, "acs_year": 2024, "access_snap_m": 66.0, "access_quality": "network-estimate", "access_src": "routed"}, "geometry": {"type": "Polygon", "coordinates": [[[-121.96353, 37.77532], [-121.96245, 37.777], [-121.9637, 37.77852], [-121.96604, 37.77835], [-121.96712, 37.77667], [-121.96587, 37.77515], [-121.96353, 37.77532]]]}}, {"type": "Feature", "properties": {"id": 304, "name": "Trevari", "lst": 44.96, "green": 26.38, "pop": 285, "pct65": 16.9, "ac": 95.6, "holc": null, "access_min": 28.1, "access_km": 2.25, "score": 40.1, "rank": 281.0, "area_m2": 109898, "street_m": 2564, "canopy_m2": 29002.0, "row_m2": 29564.0, "row_canopy": 11.8, "veg": 22.4, "place": "res", "land": null, "green_src": "canopy", "canopy_source": "usfs-2022", "canopy_year": "2022", "assessed_m2": 109958.04, "coverage_frac": 0.9999895709030836, "canopy_quality": "full", "scenario_ok": true, "canopy_baseline_ok": true, "ac_src": "lace", "ac_coverage": 1.0, "acs_year": 2024, "access_snap_m": 114.0, "access_quality": "approach-review", "access_src": "routed"}, "geometry": {"type": "Polygon", "coordinates": [[[-121.92537, 37.78609], [-121.92429, 37.78777], [-121.92555, 37.78929], [-121.92789, 37.78912], [-121.92897, 37.78744], [-121.92771, 37.78593], [-121.92537, 37.78609]]]}}, {"type": "Feature", "properties": {"id": 305, "name": "Portola SW", "lst": 49.19, "green": 8.82, "pop": 42, "pct65": 15.4, "ac": 93.5, "holc": null, "access_min": 27.9, "access_km": 2.23, "score": 68.4, "rank": 78.0, "area_m2": 109893, "street_m": 1027, "canopy_m2": 9693.0, "row_m2": 12555.0, "row_canopy": 10.0, "veg": 19.1, "place": "res", "land": null, "green_src": "canopy", "canopy_source": "usfs-2022", "canopy_year": "2022", "assessed_m2": 109951.92, "coverage_frac": 0.9999830911498364, "canopy_quality": "full", "scenario_ok": true, "canopy_baseline_ok": true, "ac_src": "lace", "ac_coverage": 1.0, "acs_year": 2024, "access_snap_m": 169.0, "access_quality": "approach-review", "access_src": "routed"}, "geometry": {"type": "Polygon", "coordinates": [[[-121.92897, 37.78744], [-121.92789, 37.78912], [-121.92914, 37.79063], [-121.93148, 37.79046], [-121.93256, 37.78878], [-121.93131, 37.78727], [-121.92897, 37.78744]]]}}, {"type": "Feature", "properties": {"id": 306, "name": "Diablo Vista Park", "lst": 43.99, "green": 33.14, "pop": 174, "pct65": 15.3, "ac": 99.3, "holc": null, "access_min": 31.3, "access_km": 2.5, "score": 20.9, "rank": 390.0, "area_m2": 109900, "street_m": 824, "canopy_m2": 36441.0, "row_m2": 9050.0, "row_canopy": 15.6, "veg": 31.0, "place": "res", "land": null, "green_src": "canopy", "canopy_source": "usfs-2022", "canopy_year": "2022", "assessed_m2": 109960.92, "coverage_frac": 1.0, "canopy_quality": "full", "scenario_ok": true, "canopy_baseline_ok": true, "ac_src": "lace", "ac_coverage": 1.0, "acs_year": 2024, "access_snap_m": 103.0, "access_quality": "approach-review", "access_src": "routed"}, "geometry": {"type": "Polygon", "coordinates": [[[-121.92195, 37.78794], [-121.92087, 37.78962], [-121.92212, 37.79114], [-121.92446, 37.79097], [-121.92555, 37.78929], [-121.92429, 37.78777], [-121.92195, 37.78794]]]}}, {"type": "Feature", "properties": {"id": 307, "name": "Portola", "lst": 46.93, "green": 17.3, "pop": 368, "pct65": 17.8, "ac": 97.03, "holc": null, "access_min": 33.3, "access_km": 2.66, "score": 71.0, "rank": 63.0, "area_m2": 109894, "street_m": 1666, "canopy_m2": 19023.0, "row_m2": 20169.0, "row_canopy": 9.0, "veg": 22.1, "place": "res", "land": null, "green_src": "canopy", "canopy_source": "usfs-2022", "canopy_year": "2022", "assessed_m2": 109953.72, "coverage_frac": 0.999988774294459, "canopy_quality": "full", "scenario_ok": true, "canopy_baseline_ok": true, "ac_src": "lace", "ac_coverage": 1.0, "acs_year": 2024, "access_snap_m": 139.0, "access_quality": "approach-review", "access_src": "routed"}, "geometry": {"type": "Polygon", "coordinates": [[[-121.92555, 37.78929], [-121.92446, 37.79097], [-121.92572, 37.79248], [-121.92806, 37.79231], [-121.92914, 37.79063], [-121.92789, 37.78912], [-121.92555, 37.78929]]]}}, {"type": "Feature", "properties": {"id": 308, "name": "Miravilla", "lst": 45.59, "green": 23.47, "pop": 546, "pct65": 5.2, "ac": 93.8, "holc": null, "access_min": 24.3, "access_km": 1.95, "score": 50.2, "rank": 207.0, "area_m2": 109903, "street_m": 1694, "canopy_m2": 25804.0, "row_m2": 19450.0, "row_canopy": 14.5, "veg": 21.1, "place": "res", "land": null, "green_src": "canopy", "canopy_source": "usfs-2022", "canopy_year": "2022", "assessed_m2": 109962.72, "coverage_frac": 0.9999936486206072, "canopy_quality": "full", "scenario_ok": true, "canopy_baseline_ok": true, "ac_src": "lace", "ac_coverage": 1.0, "acs_year": 2024, "access_snap_m": 87.0, "access_quality": "network-estimate", "access_src": "routed"}, "geometry": {"type": "Polygon", "coordinates": [[[-121.9252, 37.7829], [-121.92412, 37.78458], [-121.92537, 37.78609], [-121.92771, 37.78593], [-121.92879, 37.78424], [-121.92754, 37.78273], [-121.9252, 37.7829]]]}}, {"type": "Feature", "properties": {"id": 309, "name": "Trevari SW", "lst": 47.77, "green": 7.67, "pop": 80, "pct65": 13.6, "ac": 93.64, "holc": null, "access_min": 27.9, "access_km": 2.24, "score": 63.9, "rank": 105.0, "area_m2": 109897, "street_m": 410, "canopy_m2": 8433.0, "row_m2": 3857.0, "row_canopy": 29.3, "veg": 17.6, "place": "res", "land": null, "green_src": "canopy", "canopy_source": "usfs-2022", "canopy_year": "2022", "assessed_m2": 109955.88, "coverage_frac": 0.9999806196095792, "canopy_quality": "full", "scenario_ok": true, "canopy_baseline_ok": true, "ac_src": "lace", "ac_coverage": 1.0, "acs_year": 2024, "access_snap_m": 160.0, "access_quality": "approach-review", "access_src": "routed"}, "geometry": {"type": "Polygon", "coordinates": [[[-121.92879, 37.78424], [-121.92771, 37.78593], [-121.92897, 37.78744], [-121.93131, 37.78727], [-121.93239, 37.78559], [-121.93113, 37.78408], [-121.92879, 37.78424]]]}}, {"type": "Feature", "properties": {"id": 310, "name": "Alta Mira NW", "lst": 43.4, "green": 33.49, "pop": 208, "pct65": 10.1, "ac": 99.3, "holc": null, "access_min": 26.2, "access_km": 2.09, "score": 14.1, "rank": 404.0, "area_m2": 109904, "street_m": 1726, "canopy_m2": 36824.0, "row_m2": 21085.0, "row_canopy": 9.5, "veg": 29.0, "place": "res", "land": null, "green_src": "canopy", "canopy_source": "usfs-2022", "canopy_year": "2022", "assessed_m2": 109961.28, "coverage_frac": 0.9999698656005034, "canopy_quality": "full", "scenario_ok": true, "canopy_baseline_ok": true, "ac_src": "lace", "ac_coverage": 1.0, "acs_year": 2024, "access_snap_m": 103.0, "access_quality": "approach-review", "access_src": "routed"}, "geometry": {"type": "Polygon", "coordinates": [[[-121.92178, 37.78475], [-121.92069, 37.78643], [-121.92195, 37.78794], [-121.92429, 37.78777], [-121.92537, 37.78609], [-121.92412, 37.78458], [-121.92178, 37.78475]]]}}, {"type": "Feature", "properties": {"id": 311, "name": "Portola NW 2", "lst": 47.76, "green": 0.0, "pop": 0, "pct65": 12.3, "ac": 65.07, "holc": null, "access_min": 31.6, "access_km": 2.52, "score": null, "rank": null, "area_m2": 109883, "street_m": 0, "canopy_m2": 2.0, "row_m2": 0.0, "row_canopy": 0.0, "veg": 14.1, "place": "empty", "land": "grassland", "green_src": "canopy", "canopy_source": "usfs-2022", "canopy_year": "2022", "assessed_m2": 109942.56, "coverage_frac": 0.9999856460441416, "canopy_quality": "full", "scenario_ok": false, "canopy_baseline_ok": true, "ac_src": "income-model", "ac_coverage": null, "acs_year": 2024, "access_snap_m": 75.0, "access_quality": "network-estimate", "access_src": "routed"}, "geometry": {"type": "Polygon", "coordinates": [[[-121.93274, 37.79197], [-121.93166, 37.79365], [-121.93291, 37.79517], [-121.93525, 37.795], [-121.93633, 37.79332], [-121.93508, 37.7918], [-121.93274, 37.79197]]]}}, {"type": "Feature", "properties": {"id": 312, "name": "Portola W", "lst": 48.16, "green": 0.0, "pop": 0, "pct65": 12.3, "ac": 65.07, "holc": null, "access_min": 27.0, "access_km": 2.16, "score": null, "rank": null, "area_m2": 109888, "street_m": 0, "canopy_m2": 0.0, "row_m2": 0.0, "row_canopy": 0.0, "veg": 11.8, "place": "empty", "land": "grassland", "green_src": "canopy", "canopy_source": "usfs-2022", "canopy_year": "2022", "assessed_m2": 109947.96, "coverage_frac": 0.999996262175348, "canopy_quality": "full", "scenario_ok": false, "canopy_baseline_ok": true, "ac_src": "income-model", "ac_coverage": null, "acs_year": 2024, "access_snap_m": 314.0, "access_quality": "approach-review", "access_src": "routed"}, "geometry": {"type": "Polygon", "coordinates": [[[-121.93256, 37.78878], [-121.93148, 37.79046], [-121.93274, 37.79197], [-121.93508, 37.7918], [-121.93616, 37.79012], [-121.9349, 37.78861], [-121.93256, 37.78878]]]}}, {"type": "Feature", "properties": {"id": 313, "name": "Portola NW", "lst": 47.94, "green": 0.64, "pop": 0, "pct65": 12.3, "ac": 65.07, "holc": null, "access_min": 34.3, "access_km": 2.75, "score": null, "rank": null, "area_m2": 109889, "street_m": 7, "canopy_m2": 707.0, "row_m2": 170.0, "row_canopy": 0.0, "veg": 20.9, "place": "empty", "land": "grassland", "green_src": "canopy", "canopy_source": "usfs-2022", "canopy_year": "2022", "assessed_m2": 109949.4, "coverage_frac": 0.9999986671355444, "canopy_quality": "full", "scenario_ok": true, "canopy_baseline_ok": true, "ac_src": "income-model", "ac_coverage": null, "acs_year": 2024, "access_snap_m": 328.0, "access_quality": "approach-review", "access_src": "routed"}, "geometry": {"type": "Polygon", "coordinates": [[[-121.92914, 37.79063], [-121.92806, 37.79231], [-121.92932, 37.79382], [-121.93166, 37.79365], [-121.93274, 37.79197], [-121.93148, 37.79046], [-121.92914, 37.79063]]]}}, {"type": "Feature", "properties": {"id": 314, "name": "Tassajara Ranch", "lst": 45.97, "green": 0.94, "pop": 0, "pct65": 12.3, "ac": 65.07, "holc": null, "access_min": 43.9, "access_km": 3.51, "score": null, "rank": null, "area_m2": 109906, "street_m": 0, "canopy_m2": 1038.0, "row_m2": 0.0, "row_canopy": 0.0, "veg": 16.9, "place": "empty", "land": "grassland", "green_src": "canopy", "canopy_source": "usfs-2022", "canopy_year": "2022", "assessed_m2": 109967.4, "coverage_frac": 1.0, "canopy_quality": "full", "scenario_ok": false, "canopy_baseline_ok": true, "ac_src": "income-model", "ac_coverage": null, "acs_year": 2024, "access_snap_m": 418.0, "access_quality": "approach-review", "access_src": "routed"}, "geometry": {"type": "Polygon", "coordinates": [[[-121.91493, 37.78845], [-121.91385, 37.79013], [-121.91511, 37.79164], [-121.91744, 37.79147], [-121.91853, 37.78979], [-121.91727, 37.78828], [-121.91493, 37.78845]]]}}, {"type": "Feature", "properties": {"id": 315, "name": "Alta Mira NE 2", "lst": 48.52, "green": 0.0, "pop": 0, "pct65": 12.3, "ac": 65.07, "holc": null, "access_min": 30.0, "access_km": 2.4, "score": null, "rank": null, "area_m2": 109910, "street_m": 0, "canopy_m2": 0.0, "row_m2": 0.0, "row_canopy": 0.0, "veg": 11.8, "place": "empty", "land": "grassland", "green_src": "canopy", "canopy_source": "usfs-2022", "canopy_year": "2022", "assessed_m2": 109970.28, "coverage_frac": 0.9999918723902332, "canopy_quality": "full", "scenario_ok": false, "canopy_baseline_ok": true, "ac_src": "income-model", "ac_coverage": null, "acs_year": 2024, "access_snap_m": 466.0, "access_quality": "approach-review", "access_src": "routed"}, "geometry": {"type": "Polygon", "coordinates": [[[-121.91476, 37.78526], [-121.91368, 37.78694], [-121.91493, 37.78845], [-121.91727, 37.78828], [-121.91835, 37.7866], [-121.9171, 37.78509], [-121.91476, 37.78526]]]}}, {"type": "Feature", "properties": {"id": 316, "name": "Alta Mira NE", "lst": 45.18, "green": 2.1, "pop": 3, "pct65": 12.2, "ac": 99.3, "holc": null, "access_min": 30.4, "access_km": 2.43, "score": 49.0, "rank": 216.0, "area_m2": 109905, "street_m": 0, "canopy_m2": 2309.0, "row_m2": 0.0, "row_canopy": 0.0, "veg": 13.9, "place": "res", "land": null, "green_src": "canopy", "canopy_source": "usfs-2022", "canopy_year": "2022", "assessed_m2": 109965.24, "coverage_frac": 0.999995198958242, "canopy_quality": "full", "scenario_ok": false, "canopy_baseline_ok": true, "ac_src": "lace", "ac_coverage": 1.0, "acs_year": 2024, "access_snap_m": 219.0, "access_quality": "approach-review", "access_src": "routed"}, "geometry": {"type": "Polygon", "coordinates": [[[-121.91835, 37.7866], [-121.91727, 37.78828], [-121.91853, 37.78979], [-121.92087, 37.78962], [-121.92195, 37.78794], [-121.92069, 37.78643], [-121.91835, 37.7866]]]}}, {"type": "Feature", "properties": {"id": 317, "name": "Alta Mira NE 3", "lst": 47.05, "green": 0.15, "pop": 0, "pct65": 12.3, "ac": 65.07, "holc": null, "access_min": 51.6, "access_km": 4.12, "score": null, "rank": null, "area_m2": 109912, "street_m": 0, "canopy_m2": 162.0, "row_m2": 0.0, "row_canopy": 0.0, "veg": 13.8, "place": "empty", "land": "grassland", "green_src": "canopy", "canopy_source": "usfs-2022", "canopy_year": "2022", "assessed_m2": 109970.64, "coverage_frac": 0.9999844822573998, "canopy_quality": "full", "scenario_ok": false, "canopy_baseline_ok": true, "ac_src": "income-model", "ac_coverage": null, "acs_year": 2024, "access_snap_m": 439.0, "access_quality": "approach-review", "access_src": "routed"}, "geometry": {"type": "Polygon", "coordinates": [[[-121.91134, 37.78711], [-121.91025, 37.78879], [-121.91151, 37.7903], [-121.91385, 37.79013], [-121.91493, 37.78845], [-121.91368, 37.78694], [-121.91134, 37.78711]]]}}, {"type": "Feature", "properties": {"id": 318, "name": "Heritage Park", "lst": 44.67, "green": 19.92, "pop": 51, "pct65": 13.9, "ac": 99.3, "holc": null, "access_min": 36.1, "access_km": 2.89, "score": 33.3, "rank": 331.0, "area_m2": 109895, "street_m": 1717, "canopy_m2": 21900.0, "row_m2": 20329.0, "row_canopy": 11.8, "veg": 28.2, "place": "res", "land": null, "green_src": "canopy", "canopy_source": "usfs-2022", "canopy_year": "2022", "assessed_m2": 109956.6, "coverage_frac": 1.0, "canopy_quality": "full", "scenario_ok": true, "canopy_baseline_ok": true, "ac_src": "lace", "ac_coverage": 1.0, "acs_year": 2024, "access_snap_m": 120.0, "access_quality": "approach-review", "access_src": "routed"}, "geometry": {"type": "Polygon", "coordinates": [[[-121.92212, 37.79114], [-121.92104, 37.79282], [-121.9223, 37.79433], [-121.92464, 37.79416], [-121.92572, 37.79248], [-121.92446, 37.79097], [-121.92212, 37.79114]]]}}, {"type": "Feature", "properties": {"id": 319, "name": "Portola N", "lst": 45.43, "green": 23.02, "pop": 0, "pct65": 12.3, "ac": 65.07, "holc": null, "access_min": 41.1, "access_km": 3.29, "score": null, "rank": null, "area_m2": 109890, "street_m": 1184, "canopy_m2": 25306.0, "row_m2": 15486.0, "row_canopy": 5.1, "veg": 28.1, "place": "activity", "land": null, "green_src": "canopy", "canopy_source": "usfs-2022", "canopy_year": "2022", "assessed_m2": 109949.4, "coverage_frac": 0.9999879849500174, "canopy_quality": "full", "scenario_ok": true, "canopy_baseline_ok": true, "ac_src": "income-model", "ac_coverage": null, "acs_year": 2024, "access_snap_m": 115.0, "access_quality": "approach-review", "access_src": "routed"}, "geometry": {"type": "Polygon", "coordinates": [[[-121.92572, 37.79248], [-121.92464, 37.79416], [-121.92589, 37.79567], [-121.92823, 37.7955], [-121.92932, 37.79382], [-121.92806, 37.79231], [-121.92572, 37.79248]]]}}, {"type": "Feature", "properties": {"id": 320, "name": "Capella W", "lst": 44.7, "green": 18.07, "pop": 266, "pct65": 9.5, "ac": 93.8, "holc": null, "access_min": 10.0, "access_km": 0.8, "score": 42.2, "rank": 266.0, "area_m2": 109906, "street_m": 1181, "canopy_m2": 19865.0, "row_m2": 11424.0, "row_canopy": 28.3, "veg": 26.0, "place": "res", "land": null, "green_src": "canopy", "canopy_source": "usfs-2022", "canopy_year": "2022", "assessed_m2": 109963.8, "coverage_frac": 0.9999756991132368, "canopy_quality": "full", "scenario_ok": true, "canopy_baseline_ok": true, "ac_src": "lace", "ac_coverage": 1.0, "acs_year": 2024, "access_snap_m": 108.0, "access_quality": "approach-review", "access_src": "routed"}, "geometry": {"type": "Polygon", "coordinates": [[[-121.92845, 37.77786], [-121.92736, 37.77954], [-121.92862, 37.78105], [-121.93096, 37.78088], [-121.93204, 37.7792], [-121.93079, 37.77769], [-121.92845, 37.77786]]]}}, {"type": "Feature", "properties": {"id": 321, "name": "Bel Air E 3", "lst": 45.65, "green": 8.14, "pop": 248, "pct65": 9.5, "ac": 93.8, "holc": null, "access_min": 17.9, "access_km": 1.43, "score": 59.6, "rank": 130.0, "area_m2": 109900, "street_m": 827, "canopy_m2": 8951.0, "row_m2": 10112.0, "row_canopy": 11.9, "veg": 23.9, "place": "res", "land": null, "green_src": "canopy", "canopy_source": "usfs-2022", "canopy_year": "2022", "assessed_m2": 109961.64, "coverage_frac": 1.0, "canopy_quality": "full", "scenario_ok": true, "canopy_baseline_ok": true, "ac_src": "lace", "ac_coverage": 1.0, "acs_year": 2024, "access_snap_m": 64.0, "access_quality": "network-estimate", "access_src": "routed"}, "geometry": {"type": "Polygon", "coordinates": [[[-121.93204, 37.7792], [-121.93096, 37.78088], [-121.93222, 37.7824], [-121.93456, 37.78223], [-121.93564, 37.78055], [-121.93438, 37.77903], [-121.93204, 37.7792]]]}}, {"type": "Feature", "properties": {"id": 322, "name": "Capella", "lst": 49.29, "green": 0.81, "pop": 240, "pct65": 8.9, "ac": 93.8, "holc": null, "access_min": 15.0, "access_km": 1.2, "score": 91.4, "rank": 7.0, "area_m2": 109907, "street_m": 559, "canopy_m2": 895.0, "row_m2": 7599.0, "row_canopy": 1.0, "veg": 11.0, "place": "res", "land": null, "green_src": "canopy", "canopy_source": "usfs-2022", "canopy_year": "2022", "assessed_m2": 109967.76, "coverage_frac": 1.0, "canopy_quality": "full", "scenario_ok": true, "canopy_baseline_ok": true, "ac_src": "lace", "ac_coverage": 1.0, "acs_year": 2024, "access_snap_m": 179.0, "access_quality": "approach-review", "access_src": "routed"}, "geometry": {"type": "Polygon", "coordinates": [[[-121.92502, 37.77971], [-121.92394, 37.78139], [-121.9252, 37.7829], [-121.92754, 37.78273], [-121.92862, 37.78105], [-121.92736, 37.77954], [-121.92502, 37.77971]]]}}, {"type": "Feature", "properties": {"id": 323, "name": "Miravilla SW", "lst": 46.87, "green": 3.69, "pop": 0, "pct65": 12.3, "ac": 65.07, "holc": null, "access_min": 14.6, "access_km": 1.17, "score": null, "rank": null, "area_m2": 109902, "street_m": 207, "canopy_m2": 4062.0, "row_m2": 2567.0, "row_canopy": 11.4, "veg": 17.0, "place": "activity", "land": null, "green_src": "canopy", "canopy_source": "usfs-2022", "canopy_year": "2022", "assessed_m2": 109960.2, "coverage_frac": 0.9999814294565944, "canopy_quality": "full", "scenario_ok": true, "canopy_baseline_ok": true, "ac_src": "income-model", "ac_coverage": null, "acs_year": 2024, "access_snap_m": 209.0, "access_quality": "approach-review", "access_src": "routed"}, "geometry": {"type": "Polygon", "coordinates": [[[-121.92862, 37.78105], [-121.92754, 37.78273], [-121.92879, 37.78424], [-121.93113, 37.78408], [-121.93222, 37.7824], [-121.93096, 37.78088], [-121.92862, 37.78105]]]}}, {"type": "Feature", "properties": {"id": 324, "name": "Cedar Bridge", "lst": 44.87, "green": 23.94, "pop": 351, "pct65": 9.3, "ac": 93.8, "holc": null, "access_min": 7.1, "access_km": 0.57, "score": 39.3, "rank": 287.0, "area_m2": 109910, "street_m": 1860, "canopy_m2": 26325.0, "row_m2": 17879.0, "row_canopy": 28.7, "veg": 26.8, "place": "res", "land": null, "green_src": "canopy", "canopy_source": "usfs-2022", "canopy_year": "2022", "assessed_m2": 109968.84, "coverage_frac": 0.9999830709419092, "canopy_quality": "full", "scenario_ok": true, "canopy_baseline_ok": true, "ac_src": "lace", "ac_coverage": 1.0, "acs_year": 2024, "access_snap_m": 114.0, "access_quality": "approach-review", "access_src": "routed"}, "geometry": {"type": "Polygon", "coordinates": [[[-121.92827, 37.77467], [-121.92719, 37.77635], [-121.92845, 37.77786], [-121.93079, 37.77769], [-121.93187, 37.77601], [-121.93061, 37.7745], [-121.92827, 37.77467]]]}}, {"type": "Feature", "properties": {"id": 325, "name": "Cedar Bridge NW", "lst": 45.56, "green": 7.16, "pop": 192, "pct65": 9.8, "ac": 93.8, "holc": null, "access_min": 6.5, "access_km": 0.52, "score": 56.9, "rank": 157.0, "area_m2": 109905, "street_m": 464, "canopy_m2": 7869.0, "row_m2": 5620.0, "row_canopy": 14.2, "veg": 26.7, "place": "res", "land": null, "green_src": "canopy", "canopy_source": "usfs-2022", "canopy_year": "2022", "assessed_m2": 109966.32, "coverage_frac": 1.0, "canopy_quality": "full", "scenario_ok": true, "canopy_baseline_ok": true, "ac_src": "lace", "ac_coverage": 1.0, "acs_year": 2024, "access_snap_m": 285.0, "access_quality": "approach-review", "access_src": "routed"}, "geometry": {"type": "Polygon", "coordinates": [[[-121.93187, 37.77601], [-121.93079, 37.77769], [-121.93204, 37.7792], [-121.93438, 37.77903], [-121.93546, 37.77735], [-121.93421, 37.77584], [-121.93187, 37.77601]]]}}, {"type": "Feature", "properties": {"id": 326, "name": "Capella S", "lst": 46.45, "green": 12.18, "pop": 83, "pct65": 10.6, "ac": 93.8, "holc": null, "access_min": 11.7, "access_km": 0.94, "score": 50.5, "rank": 205.0, "area_m2": 109911, "street_m": 801, "canopy_m2": 13398.0, "row_m2": 8458.0, "row_canopy": 17.6, "veg": 19.4, "place": "res", "land": null, "green_src": "canopy", "canopy_source": "usfs-2022", "canopy_year": "2022", "assessed_m2": 109972.08, "coverage_frac": 1.0, "canopy_quality": "full", "scenario_ok": true, "canopy_baseline_ok": true, "ac_src": "lace", "ac_coverage": 1.0, "acs_year": 2024, "access_snap_m": 139.0, "access_quality": "approach-review", "access_src": "routed"}, "geometry": {"type": "Polygon", "coordinates": [[[-121.92485, 37.77652], [-121.92377, 37.7782], [-121.92502, 37.77971], [-121.92736, 37.77954], [-121.92845, 37.77786], [-121.92719, 37.77635], [-121.92485, 37.77652]]]}}, {"type": "Feature", "properties": {"id": 327, "name": "Bel Air NE", "lst": 47.48, "green": 10.66, "pop": 20, "pct65": 14.1, "ac": 93.5, "holc": null, "access_min": 16.8, "access_km": 1.35, "score": 55.2, "rank": 167.0, "area_m2": 109891, "street_m": 612, "canopy_m2": 11718.0, "row_m2": 6668.0, "row_canopy": 22.3, "veg": 17.0, "place": "res", "land": null, "green_src": "canopy", "canopy_source": "usfs-2022", "canopy_year": "2022", "assessed_m2": 109950.48, "coverage_frac": 0.9999913985743186, "canopy_quality": "full", "scenario_ok": true, "canopy_baseline_ok": true, "ac_src": "lace", "ac_coverage": 1.0, "acs_year": 2024, "access_snap_m": 211.0, "access_quality": "approach-review", "access_src": "routed"}, "geometry": {"type": "Polygon", "coordinates": [[[-121.93581, 37.78374], [-121.93473, 37.78542], [-121.93599, 37.78693], [-121.93833, 37.78676], [-121.93941, 37.78508], [-121.93815, 37.78357], [-121.93581, 37.78374]]]}}, {"type": "Feature", "properties": {"id": 328, "name": "Canyon Crest SE", "lst": 46.61, "green": 12.05, "pop": 211, "pct65": 19.4, "ac": 93.5, "holc": null, "access_min": 12.0, "access_km": 0.96, "score": 65.9, "rank": 92.0, "area_m2": 109885, "street_m": 902, "canopy_m2": 13249.0, "row_m2": 11191.0, "row_canopy": 9.3, "veg": 18.2, "place": "res", "land": null, "green_src": "canopy", "canopy_source": "usfs-2022", "canopy_year": "2022", "assessed_m2": 109945.08, "coverage_frac": 0.999991481097199, "canopy_quality": "full", "scenario_ok": true, "canopy_baseline_ok": true, "ac_src": "lace", "ac_coverage": 1.0, "acs_year": 2024, "access_snap_m": 134.0, "access_quality": "approach-review", "access_src": "routed"}, "geometry": {"type": "Polygon", "coordinates": [[[-121.93941, 37.78508], [-121.93833, 37.78676], [-121.93958, 37.78827], [-121.94192, 37.7881], [-121.943, 37.78642], [-121.94175, 37.78491], [-121.93941, 37.78508]]]}}, {"type": "Feature", "properties": {"id": 329, "name": "Portola SW 2", "lst": 46.56, "green": 13.87, "pop": 8, "pct65": 13.1, "ac": 93.5, "holc": null, "access_min": 23.4, "access_km": 1.87, "score": 46.1, "rank": 247.0, "area_m2": 109892, "street_m": 779, "canopy_m2": 15255.0, "row_m2": 9819.0, "row_canopy": 10.0, "veg": 17.9, "place": "res", "land": null, "green_src": "canopy", "canopy_source": "usfs-2022", "canopy_year": "2022", "assessed_m2": 109952.28, "coverage_frac": 0.9999970624008574, "canopy_quality": "full", "scenario_ok": true, "canopy_baseline_ok": true, "ac_src": "lace", "ac_coverage": 1.0, "acs_year": 2024, "access_snap_m": 54.0, "access_quality": "network-estimate", "access_src": "routed"}, "geometry": {"type": "Polygon", "coordinates": [[[-121.93239, 37.78559], [-121.93131, 37.78727], [-121.93256, 37.78878], [-121.9349, 37.78861], [-121.93599, 37.78693], [-121.93473, 37.78542], [-121.93239, 37.78559]]]}}, {"type": "Feature", "properties": {"id": 330, "name": "Canyon Crest E", "lst": 46.78, "green": 2.79, "pop": 0, "pct65": 12.3, "ac": 65.07, "holc": null, "access_min": 16.7, "access_km": 1.34, "score": null, "rank": null, "area_m2": 109886, "street_m": 0, "canopy_m2": 3067.0, "row_m2": 0.0, "row_canopy": 0.0, "veg": 14.6, "place": "empty", "land": "grassland", "green_src": "canopy", "canopy_source": "usfs-2022", "canopy_year": "2022", "assessed_m2": 109945.8, "coverage_frac": 0.9999873182469188, "canopy_quality": "full", "scenario_ok": false, "canopy_baseline_ok": true, "ac_src": "income-model", "ac_coverage": null, "acs_year": 2024, "access_snap_m": 283.0, "access_quality": "approach-review", "access_src": "routed"}, "geometry": {"type": "Polygon", "coordinates": [[[-121.93599, 37.78693], [-121.9349, 37.78861], [-121.93616, 37.79012], [-121.9385, 37.78995], [-121.93958, 37.78827], [-121.93833, 37.78676], [-121.93599, 37.78693]]]}}, {"type": "Feature", "properties": {"id": 331, "name": "Bel Air E", "lst": 44.24, "green": 20.61, "pop": 395, "pct65": 5.6, "ac": 93.8, "holc": null, "access_min": 17.7, "access_km": 1.42, "score": 37.7, "rank": 300.0, "area_m2": 109895, "street_m": 1878, "canopy_m2": 22658.0, "row_m2": 21173.0, "row_canopy": 15.6, "veg": 24.5, "place": "res", "land": null, "green_src": "canopy", "canopy_source": "usfs-2022", "canopy_year": "2022", "assessed_m2": 109954.08, "coverage_frac": 0.9999856638032084, "canopy_quality": "full", "scenario_ok": true, "canopy_baseline_ok": true, "ac_src": "lace", "ac_coverage": 1.0, "acs_year": 2024, "access_snap_m": 128.0, "access_quality": "approach-review", "access_src": "routed"}, "geometry": {"type": "Polygon", "coordinates": [[[-121.93564, 37.78055], [-121.93456, 37.78223], [-121.93581, 37.78374], [-121.93815, 37.78357], [-121.93923, 37.78189], [-121.93798, 37.78038], [-121.93564, 37.78055]]]}}, {"type": "Feature", "properties": {"id": 332, "name": "Bel Air", "lst": 45.24, "green": 21.71, "pop": 365, "pct65": 10.4, "ac": 93.51, "holc": null, "access_min": 19.2, "access_km": 1.54, "score": 46.5, "rank": 242.0, "area_m2": 109890, "street_m": 2166, "canopy_m2": 23872.0, "row_m2": 24994.0, "row_canopy": 15.0, "veg": 20.4, "place": "res", "land": null, "green_src": "canopy", "canopy_source": "usfs-2022", "canopy_year": "2022", "assessed_m2": 109950.84, "coverage_frac": 1.0, "canopy_quality": "full", "scenario_ok": true, "canopy_baseline_ok": true, "ac_src": "lace", "ac_coverage": 1.0, "acs_year": 2024, "access_snap_m": 37.0, "access_quality": "network-estimate", "access_src": "routed"}, "geometry": {"type": "Polygon", "coordinates": [[[-121.93923, 37.78189], [-121.93815, 37.78357], [-121.93941, 37.78508], [-121.94175, 37.78491], [-121.94283, 37.78323], [-121.94157, 37.78172], [-121.93923, 37.78189]]]}}, {"type": "Feature", "properties": {"id": 333, "name": "Bel Air E 2", "lst": 46.0, "green": 1.24, "pop": 22, "pct65": 10.8, "ac": 93.8, "holc": null, "access_min": 22.6, "access_km": 1.81, "score": 54.6, "rank": 173.0, "area_m2": 109896, "street_m": 0, "canopy_m2": 1361.0, "row_m2": 0.0, "row_canopy": 0.0, "veg": 15.2, "place": "res", "land": null, "green_src": "canopy", "canopy_source": "usfs-2022", "canopy_year": "2022", "assessed_m2": 109956.6, "coverage_frac": 0.999997869886974, "canopy_quality": "full", "scenario_ok": false, "canopy_baseline_ok": true, "ac_src": "lace", "ac_coverage": 1.0, "acs_year": 2024, "access_snap_m": 217.0, "access_quality": "approach-review", "access_src": "routed"}, "geometry": {"type": "Polygon", "coordinates": [[[-121.93222, 37.7824], [-121.93113, 37.78408], [-121.93239, 37.78559], [-121.93473, 37.78542], [-121.93581, 37.78374], [-121.93456, 37.78223], [-121.93222, 37.7824]]]}}, {"type": "Feature", "properties": {"id": 334, "name": "Monarch N", "lst": 45.2, "green": 18.62, "pop": 175, "pct65": 10.2, "ac": 99.3, "holc": null, "access_min": 22.9, "access_km": 1.83, "score": 41.2, "rank": 273.0, "area_m2": 109914, "street_m": 889, "canopy_m2": 20479.0, "row_m2": 8450.0, "row_canopy": 31.0, "veg": 23.1, "place": "res", "land": null, "green_src": "canopy", "canopy_source": "usfs-2022", "canopy_year": "2022", "assessed_m2": 109973.88, "coverage_frac": 0.9999968057899024, "canopy_quality": "full", "scenario_ok": true, "canopy_baseline_ok": true, "ac_src": "lace", "ac_coverage": 1.0, "acs_year": 2024, "access_snap_m": 28.0, "access_quality": "network-estimate", "access_src": "routed"}, "geometry": {"type": "Polygon", "coordinates": [[[-121.91801, 37.78021], [-121.91692, 37.7819], [-121.91818, 37.78341], [-121.92052, 37.78324], [-121.9216, 37.78156], [-121.92035, 37.78005], [-121.91801, 37.78021]]]}}, {"type": "Feature", "properties": {"id": 335, "name": "Alta Mira SW", "lst": 43.89, "green": 26.4, "pop": 119, "pct65": 10.4, "ac": 98.92, "holc": null, "access_min": 21.0, "access_km": 1.68, "score": 22.9, "rank": 383.0, "area_m2": 109908, "street_m": 1131, "canopy_m2": 29027.0, "row_m2": 14404.0, "row_canopy": 10.4, "veg": 28.0, "place": "res", "land": null, "green_src": "canopy", "canopy_source": "usfs-2022", "canopy_year": "2022", "assessed_m2": 109965.96, "coverage_frac": 0.9999739456102952, "canopy_quality": "full", "scenario_ok": true, "canopy_baseline_ok": true, "ac_src": "lace", "ac_coverage": 1.0, "acs_year": 2024, "access_snap_m": 102.0, "access_quality": "approach-review", "access_src": "routed"}, "geometry": {"type": "Polygon", "coordinates": [[[-121.9216, 37.78156], [-121.92052, 37.78324], [-121.92178, 37.78475], [-121.92412, 37.78458], [-121.9252, 37.7829], [-121.92394, 37.78139], [-121.9216, 37.78156]]]}}, {"type": "Feature", "properties": {"id": 336, "name": "Monarch NE", "lst": 47.45, "green": 0.37, "pop": 0, "pct65": 12.3, "ac": 65.07, "holc": null, "access_min": 27.3, "access_km": 2.18, "score": null, "rank": null, "area_m2": 109915, "street_m": 0, "canopy_m2": 406.0, "row_m2": 0.0, "row_canopy": 0.0, "veg": 13.4, "place": "empty", "land": "grassland", "green_src": "canopy", "canopy_source": "usfs-2022", "canopy_year": "2022", "assessed_m2": 109974.6, "coverage_frac": 0.9999926740012812, "canopy_quality": "full", "scenario_ok": false, "canopy_baseline_ok": true, "ac_src": "income-model", "ac_coverage": null, "acs_year": 2024, "access_snap_m": 331.0, "access_quality": "approach-review", "access_src": "routed"}, "geometry": {"type": "Polygon", "coordinates": [[[-121.91459, 37.78206], [-121.9135, 37.78374], [-121.91476, 37.78526], [-121.9171, 37.78509], [-121.91818, 37.78341], [-121.91692, 37.7819], [-121.91459, 37.78206]]]}}, {"type": "Feature", "properties": {"id": 337, "name": "Alta Mira", "lst": 46.29, "green": 12.05, "pop": 208, "pct65": 10.1, "ac": 99.3, "holc": null, "access_min": 25.5, "access_km": 2.04, "score": 57.2, "rank": 153.0, "area_m2": 109909, "street_m": 868, "canopy_m2": 13248.0, "row_m2": 11453.0, "row_canopy": 5.3, "veg": 16.3, "place": "res", "land": null, "green_src": "canopy", "canopy_source": "usfs-2022", "canopy_year": "2022", "assessed_m2": 109969.92, "coverage_frac": 0.9999992723494968, "canopy_quality": "full", "scenario_ok": true, "canopy_baseline_ok": true, "ac_src": "lace", "ac_coverage": 1.0, "acs_year": 2024, "access_snap_m": 155.0, "access_quality": "approach-review", "access_src": "routed"}, "geometry": {"type": "Polygon", "coordinates": [[[-121.91818, 37.78341], [-121.9171, 37.78509], [-121.91835, 37.7866], [-121.92069, 37.78643], [-121.92178, 37.78475], [-121.92052, 37.78324], [-121.91818, 37.78341]]]}}, {"type": "Feature", "properties": {"id": 338, "name": "Monarch", "lst": 43.55, "green": 30.13, "pop": 231, "pct65": 10.0, "ac": 99.3, "holc": null, "access_min": 18.5, "access_km": 1.48, "score": 19.3, "rank": 397.0, "area_m2": 109918, "street_m": 1353, "canopy_m2": 33134.0, "row_m2": 12049.0, "row_canopy": 35.3, "veg": 30.0, "place": "res", "land": null, "green_src": "canopy", "canopy_source": "usfs-2022", "canopy_year": "2022", "assessed_m2": 109976.4, "coverage_frac": 0.9999812532704916, "canopy_quality": "full", "scenario_ok": true, "canopy_baseline_ok": true, "ac_src": "lace", "ac_coverage": 1.0, "acs_year": 2024, "access_snap_m": 145.0, "access_quality": "approach-review", "access_src": "routed"}, "geometry": {"type": "Polygon", "coordinates": [[[-121.91783, 37.77702], [-121.91675, 37.7787], [-121.91801, 37.78021], [-121.92035, 37.78005], [-121.92143, 37.77837], [-121.92017, 37.77685], [-121.91783, 37.77702]]]}}, {"type": "Feature", "properties": {"id": 339, "name": "Monarch W", "lst": 42.99, "green": 24.29, "pop": 103, "pct65": 10.7, "ac": 99.3, "holc": null, "access_min": 16.1, "access_km": 1.29, "score": 19.6, "rank": 395.0, "area_m2": 109912, "street_m": 1055, "canopy_m2": 26711.0, "row_m2": 12148.0, "row_canopy": 17.9, "veg": 31.2, "place": "res", "land": null, "green_src": "canopy", "canopy_source": "usfs-2022", "canopy_year": "2022", "assessed_m2": 109969.92, "coverage_frac": 0.9999714855907792, "canopy_quality": "full", "scenario_ok": true, "canopy_baseline_ok": true, "ac_src": "lace", "ac_coverage": 1.0, "acs_year": 2024, "access_snap_m": 218.0, "access_quality": "approach-review", "access_src": "routed"}, "geometry": {"type": "Polygon", "coordinates": [[[-121.92143, 37.77837], [-121.92035, 37.78005], [-121.9216, 37.78156], [-121.92394, 37.78139], [-121.92502, 37.77971], [-121.92377, 37.7782], [-121.92143, 37.77837]]]}}, {"type": "Feature", "properties": {"id": 340, "name": "Monarch E", "lst": 46.97, "green": 5.66, "pop": 58, "pct65": 11.1, "ac": 99.3, "holc": null, "access_min": 24.1, "access_km": 1.93, "score": 58.3, "rank": 142.0, "area_m2": 109919, "street_m": 198, "canopy_m2": 6230.0, "row_m2": 2220.0, "row_canopy": 19.5, "veg": 15.2, "place": "res", "land": null, "green_src": "canopy", "canopy_source": "usfs-2022", "canopy_year": "2022", "assessed_m2": 109980.0, "coverage_frac": 1.0, "canopy_quality": "full", "scenario_ok": true, "canopy_baseline_ok": true, "ac_src": "lace", "ac_coverage": 1.0, "acs_year": 2024, "access_snap_m": 208.0, "access_quality": "approach-review", "access_src": "routed"}, "geometry": {"type": "Polygon", "coordinates": [[[-121.91441, 37.77887], [-121.91333, 37.78055], [-121.91459, 37.78206], [-121.91692, 37.7819], [-121.91801, 37.78021], [-121.91675, 37.7787], [-121.91441, 37.77887]]]}}, {"type": "Feature", "properties": {"id": 341, "name": "Crow Canyon Country Club NE", "lst": 47.32, "green": 10.59, "pop": 0, "pct65": 12.3, "ac": 65.07, "holc": null, "access_min": 16.9, "access_km": 1.35, "score": null, "rank": null, "area_m2": 109865, "street_m": 112, "canopy_m2": 11636.0, "row_m2": 1606.0, "row_canopy": 2.4, "veg": 14.8, "place": "activity", "land": null, "green_src": "canopy", "canopy_source": "usfs-2022", "canopy_year": "2022", "assessed_m2": 109923.84, "coverage_frac": 0.999984414557808, "canopy_quality": "full", "scenario_ok": true, "canopy_baseline_ok": true, "ac_src": "income-model", "ac_coverage": null, "acs_year": 2024, "access_snap_m": 401.0, "access_quality": "approach-review", "access_src": "routed"}, "geometry": {"type": "Polygon", "coordinates": [[[-121.95037, 37.7923], [-121.94929, 37.79398], [-121.95054, 37.79549], [-121.95288, 37.79532], [-121.95396, 37.79364], [-121.95271, 37.79213], [-121.95037, 37.7923]]]}}, {"type": "Feature", "properties": {"id": 342, "name": "Canyon Crest NW 2", "lst": 47.09, "green": 14.68, "pop": 59, "pct65": 16.2, "ac": 93.5, "holc": null, "access_min": 11.5, "access_km": 0.92, "score": 53.3, "rank": 185.0, "area_m2": 109869, "street_m": 726, "canopy_m2": 16141.0, "row_m2": 9519.0, "row_canopy": 6.0, "veg": 18.1, "place": "res", "land": null, "green_src": "canopy", "canopy_source": "usfs-2022", "canopy_year": "2022", "assessed_m2": 109928.88, "coverage_frac": 0.9999917636605664, "canopy_quality": "full", "scenario_ok": true, "canopy_baseline_ok": true, "ac_src": "lace", "ac_coverage": 1.0, "acs_year": 2024, "access_snap_m": 310.0, "access_quality": "approach-review", "access_src": "routed"}, "geometry": {"type": "Polygon", "coordinates": [[[-121.95019, 37.78911], [-121.94911, 37.79079], [-121.95037, 37.7923], [-121.95271, 37.79213], [-121.95379, 37.79045], [-121.95253, 37.78894], [-121.95019, 37.78911]]]}}, {"type": "Feature", "properties": {"id": 343, "name": "Country View NE", "lst": 45.34, "green": 23.75, "pop": 96, "pct65": 17.3, "ac": 86.9, "holc": null, "access_min": 13.1, "access_km": 1.05, "score": 37.3, "rank": 306.0, "area_m2": 109872, "street_m": 1072, "canopy_m2": 26109.0, "row_m2": 12522.0, "row_canopy": 14.2, "veg": 22.8, "place": "res", "land": null, "green_src": "canopy", "canopy_source": "usfs-2022", "canopy_year": "2022", "assessed_m2": 109931.4, "coverage_frac": 0.9999869369066728, "canopy_quality": "full", "scenario_ok": true, "canopy_baseline_ok": true, "ac_src": "lace", "ac_coverage": 1.0, "acs_year": 2024, "access_snap_m": 83.0, "access_quality": "network-estimate", "access_src": "routed"}, "geometry": {"type": "Polygon", "coordinates": [[[-121.95344, 37.78407], [-121.95236, 37.78575], [-121.95362, 37.78726], [-121.95595, 37.78709], [-121.95704, 37.78541], [-121.95578, 37.7839], [-121.95344, 37.78407]]]}}, {"type": "Feature", "properties": {"id": 344, "name": "Crow Canyon Country Club", "lst": 45.97, "green": 28.58, "pop": 107, "pct65": 17.5, "ac": 91.47, "holc": null, "access_min": 7.2, "access_km": 0.58, "score": 36.6, "rank": 312.0, "area_m2": 109873, "street_m": 1546, "canopy_m2": 31417.0, "row_m2": 17279.0, "row_canopy": 16.1, "veg": 22.6, "place": "res", "land": null, "green_src": "canopy", "canopy_source": "usfs-2022", "canopy_year": "2022", "assessed_m2": 109932.48, "coverage_frac": 0.9999860207804177, "canopy_quality": "full", "scenario_ok": true, "canopy_baseline_ok": true, "ac_src": "lace", "ac_coverage": 1.0, "acs_year": 2024, "access_snap_m": 146.0, "access_quality": "approach-review", "access_src": "routed"}, "geometry": {"type": "Polygon", "coordinates": [[[-121.95002, 37.78592], [-121.94894, 37.7876], [-121.95019, 37.78911], [-121.95253, 37.78894], [-121.95362, 37.78726], [-121.95236, 37.78575], [-121.95002, 37.78592]]]}}, {"type": "Feature", "properties": {"id": 345, "name": "Canyon Crest N", "lst": 46.87, "green": 6.4, "pop": 179, "pct65": 19.0, "ac": 93.5, "holc": null, "access_min": 8.2, "access_km": 0.66, "score": 71.2, "rank": 59.0, "area_m2": 109876, "street_m": 472, "canopy_m2": 7032.0, "row_m2": 6295.0, "row_canopy": 4.3, "veg": 14.8, "place": "res", "land": null, "green_src": "canopy", "canopy_source": "usfs-2022", "canopy_year": "2022", "assessed_m2": 109934.28, "coverage_frac": 0.9999809429612004, "canopy_quality": "full", "scenario_ok": true, "canopy_baseline_ok": true, "ac_src": "lace", "ac_coverage": 1.0, "acs_year": 2024, "access_snap_m": 266.0, "access_quality": "approach-review", "access_src": "routed"}, "geometry": {"type": "Polygon", "coordinates": [[[-121.94318, 37.78962], [-121.9421, 37.7913], [-121.94335, 37.79281], [-121.94569, 37.79264], [-121.94677, 37.79096], [-121.94552, 37.78945], [-121.94318, 37.78962]]]}}, {"type": "Feature", "properties": {"id": 346, "name": "Canyon Crest NW", "lst": 46.39, "green": 0.16, "pop": 0, "pct65": 12.3, "ac": 65.07, "holc": null, "access_min": 9.9, "access_km": 0.79, "score": null, "rank": null, "area_m2": 109870, "street_m": 0, "canopy_m2": 175.0, "row_m2": 0.0, "row_canopy": 0.0, "veg": 13.1, "place": "empty", "land": "grassland", "green_src": "canopy", "canopy_source": "usfs-2022", "canopy_year": "2022", "assessed_m2": 109931.04, "coverage_frac": 1.0, "canopy_quality": "full", "scenario_ok": false, "canopy_baseline_ok": true, "ac_src": "income-model", "ac_coverage": null, "acs_year": 2024, "access_snap_m": 331.0, "access_quality": "approach-review", "access_src": "routed"}, "geometry": {"type": "Polygon", "coordinates": [[[-121.94677, 37.79096], [-121.94569, 37.79264], [-121.94695, 37.79415], [-121.94929, 37.79398], [-121.95037, 37.7923], [-121.94911, 37.79079], [-121.94677, 37.79096]]]}}, {"type": "Feature", "properties": {"id": 347, "name": "Canyon Crest N 2", "lst": 46.88, "green": 0.0, "pop": 0, "pct65": 12.3, "ac": 65.07, "holc": null, "access_min": 12.6, "access_km": 1.01, "score": null, "rank": null, "area_m2": 109871, "street_m": 0, "canopy_m2": 0.0, "row_m2": 0.0, "row_canopy": 0.0, "veg": 13.2, "place": "empty", "land": "grassland", "green_src": "canopy", "canopy_source": "usfs-2022", "canopy_year": "2022", "assessed_m2": 109930.32, "coverage_frac": 0.9999834219950836, "canopy_quality": "full", "scenario_ok": false, "canopy_baseline_ok": true, "ac_src": "income-model", "ac_coverage": null, "acs_year": 2024, "access_snap_m": 469.0, "access_quality": "approach-review", "access_src": "routed"}, "geometry": {"type": "Polygon", "coordinates": [[[-121.94335, 37.79281], [-121.94227, 37.79449], [-121.94353, 37.796], [-121.94587, 37.79583], [-121.94695, 37.79415], [-121.94569, 37.79264], [-121.94335, 37.79281]]]}}, {"type": "Feature", "properties": {"id": 348, "name": "Golden View Park", "lst": 45.08, "green": 18.22, "pop": 182, "pct65": 18.8, "ac": 92.9, "holc": null, "access_min": 8.0, "access_km": 0.64, "score": 47.0, "rank": 236.0, "area_m2": 109880, "street_m": 1408, "canopy_m2": 20030.0, "row_m2": 17718.0, "row_canopy": 9.8, "veg": 23.9, "place": "res", "land": null, "green_src": "canopy", "canopy_source": "usfs-2022", "canopy_year": "2022", "assessed_m2": 109939.32, "coverage_frac": 0.9999882949704406, "canopy_quality": "full", "scenario_ok": true, "canopy_baseline_ok": true, "ac_src": "lace", "ac_coverage": 1.0, "acs_year": 2024, "access_snap_m": 31.0, "access_quality": "network-estimate", "access_src": "routed"}, "geometry": {"type": "Polygon", "coordinates": [[[-121.943, 37.78642], [-121.94192, 37.7881], [-121.94318, 37.78962], [-121.94552, 37.78945], [-121.9466, 37.78777], [-121.94534, 37.78625], [-121.943, 37.78642]]]}}, {"type": "Feature", "properties": {"id": 349, "name": "Canyon Crest", "lst": 46.89, "green": 17.21, "pop": 295, "pct65": 20.0, "ac": 93.39, "holc": null, "access_min": 6.8, "access_km": 0.54, "score": 67.7, "rank": 79.0, "area_m2": 109874, "street_m": 1851, "canopy_m2": 18921.0, "row_m2": 22605.0, "row_canopy": 8.0, "veg": 19.4, "place": "res", "land": null, "green_src": "canopy", "canopy_source": "usfs-2022", "canopy_year": "2022", "assessed_m2": 109935.72, "coverage_frac": 1.0, "canopy_quality": "full", "scenario_ok": true, "canopy_baseline_ok": true, "ac_src": "lace", "ac_coverage": 1.0, "acs_year": 2024, "access_snap_m": 148.0, "access_quality": "approach-review", "access_src": "routed"}, "geometry": {"type": "Polygon", "coordinates": [[[-121.9466, 37.78777], [-121.94552, 37.78945], [-121.94677, 37.79096], [-121.94911, 37.79079], [-121.95019, 37.78911], [-121.94894, 37.7876], [-121.9466, 37.78777]]]}}, {"type": "Feature", "properties": {"id": 350, "name": "Canyon Crest NE", "lst": 47.32, "green": 1.33, "pop": 20, "pct65": 14.1, "ac": 93.5, "holc": null, "access_min": 12.1, "access_km": 0.97, "score": 63.0, "rank": 109.0, "area_m2": 109881, "street_m": 34, "canopy_m2": 1466.0, "row_m2": 494.0, "row_canopy": 10.2, "veg": 11.9, "place": "res", "land": null, "green_src": "canopy", "canopy_source": "usfs-2022", "canopy_year": "2022", "assessed_m2": 109941.84, "coverage_frac": 1.0, "canopy_quality": "full", "scenario_ok": true, "canopy_baseline_ok": true, "ac_src": "lace", "ac_coverage": 1.0, "acs_year": 2024, "access_snap_m": 271.0, "access_quality": "approach-review", "access_src": "routed"}, "geometry": {"type": "Polygon", "coordinates": [[[-121.93958, 37.78827], [-121.9385, 37.78995], [-121.93976, 37.79147], [-121.9421, 37.7913], [-121.94318, 37.78962], [-121.94192, 37.7881], [-121.93958, 37.78827]]]}}, {"type": "Feature", "properties": {"id": 351, "name": "Canyon Lakes SW", "lst": 47.38, "green": 15.13, "pop": 319, "pct65": 14.3, "ac": 83.05, "holc": null, "access_min": 8.5, "access_km": 0.68, "score": 71.1, "rank": 62.0, "area_m2": 109921, "street_m": 1930, "canopy_m2": 16642.0, "row_m2": 24712.0, "row_canopy": 5.2, "veg": 18.6, "place": "res", "land": null, "green_src": "canopy", "canopy_source": "usfs-2022", "canopy_year": "2022", "assessed_m2": 109980.36, "coverage_frac": 0.9999986484593596, "canopy_quality": "full", "scenario_ok": true, "canopy_baseline_ok": true, "ac_src": "lace", "ac_coverage": 1.0, "acs_year": 2024, "access_snap_m": 71.0, "access_quality": "network-estimate", "access_src": "routed"}, "geometry": {"type": "Polygon", "coordinates": [[[-121.9481, 37.75079], [-121.94702, 37.75248], [-121.94828, 37.75399], [-121.95061, 37.75382], [-121.9517, 37.75214], [-121.95044, 37.75063], [-121.9481, 37.75079]]]}}, {"type": "Feature", "properties": {"id": 352, "name": "Foothill Gardens E 5", "lst": 45.34, "green": 19.65, "pop": 209, "pct65": 19.3, "ac": 80.9, "holc": null, "access_min": 12.8, "access_km": 1.02, "score": 48.8, "rank": 221.0, "area_m2": 109915, "street_m": 1452, "canopy_m2": 21607.0, "row_m2": 18900.0, "row_canopy": 5.0, "veg": 23.0, "place": "res", "land": null, "green_src": "canopy", "canopy_source": "usfs-2022", "canopy_year": "2022", "assessed_m2": 109974.24, "coverage_frac": 0.9999921866945096, "canopy_quality": "full", "scenario_ok": true, "canopy_baseline_ok": true, "ac_src": "lace", "ac_coverage": 1.0, "acs_year": 2024, "access_snap_m": 121.0, "access_quality": "approach-review", "access_src": "routed"}, "geometry": {"type": "Polygon", "coordinates": [[[-121.9517, 37.75214], [-121.95061, 37.75382], [-121.95187, 37.75533], [-121.95421, 37.75516], [-121.95529, 37.75348], [-121.95403, 37.75197], [-121.9517, 37.75214]]]}}, {"type": "Feature", "properties": {"id": 353, "name": "Canyon Lakes S 5", "lst": 46.54, "green": 17.69, "pop": 336, "pct65": 13.6, "ac": 81.82, "holc": null, "access_min": 13.6, "access_km": 1.09, "score": 62.3, "rank": 112.0, "area_m2": 109922, "street_m": 1332, "canopy_m2": 19454.0, "row_m2": 17193.0, "row_canopy": 5.3, "veg": 19.6, "place": "res", "land": null, "green_src": "canopy", "canopy_source": "usfs-2022", "canopy_year": "2022", "assessed_m2": 109979.64, "coverage_frac": 0.9999813143704666, "canopy_quality": "full", "scenario_ok": true, "canopy_baseline_ok": true, "ac_src": "lace", "ac_coverage": 1.0, "acs_year": 2024, "access_snap_m": 70.0, "access_quality": "network-estimate", "access_src": "routed"}, "geometry": {"type": "Polygon", "coordinates": [[[-121.94468, 37.75264], [-121.9436, 37.75433], [-121.94486, 37.75584], [-121.94719, 37.75567], [-121.94828, 37.75399], [-121.94702, 37.75248], [-121.94468, 37.75264]]]}}, {"type": "Feature", "properties": {"id": 354, "name": "Canyon Woods SW 2", "lst": 47.01, "green": 10.61, "pop": 490, "pct65": 7.7, "ac": 80.9, "holc": null, "access_min": 12.2, "access_km": 0.97, "score": 80.6, "rank": 22.0, "area_m2": 109916, "street_m": 1028, "canopy_m2": 11665.0, "row_m2": 13256.0, "row_canopy": 5.2, "veg": 19.6, "place": "res", "land": null, "green_src": "canopy", "canopy_source": "usfs-2022", "canopy_year": "2022", "assessed_m2": 109976.4, "coverage_frac": 1.0, "canopy_quality": "full", "scenario_ok": true, "canopy_baseline_ok": true, "ac_src": "lace", "ac_coverage": 1.0, "acs_year": 2024, "access_snap_m": 133.0, "access_quality": "approach-review", "access_src": "routed"}, "geometry": {"type": "Polygon", "coordinates": [[[-121.94828, 37.75399], [-121.94719, 37.75567], [-121.94845, 37.75718], [-121.95079, 37.75701], [-121.95187, 37.75533], [-121.95061, 37.75382], [-121.94828, 37.75399]]]}}, {"type": "Feature", "properties": {"id": 355, "name": "Canyon Lakes S 10", "lst": 47.82, "green": 14.31, "pop": 359, "pct65": 11.0, "ac": 83.9, "holc": null, "access_min": 3.5, "access_km": 0.28, "score": 75.6, "rank": 35.0, "area_m2": 109925, "street_m": 1467, "canopy_m2": 15740.0, "row_m2": 19190.0, "row_canopy": 3.9, "veg": 19.6, "place": "res", "land": null, "green_src": "canopy", "canopy_source": "usfs-2022", "canopy_year": "2022", "assessed_m2": 109984.68, "coverage_frac": 0.9999995424057816, "canopy_quality": "full", "scenario_ok": true, "canopy_baseline_ok": true, "ac_src": "lace", "ac_coverage": 1.0, "acs_year": 2024, "access_snap_m": 120.0, "access_quality": "approach-review", "access_src": "routed"}, "geometry": {"type": "Polygon", "coordinates": [[[-121.94793, 37.7476], [-121.94685, 37.74928], [-121.9481, 37.75079], [-121.95044, 37.75063], [-121.95152, 37.74894], [-121.95027, 37.74743], [-121.94793, 37.7476]]]}}, {"type": "Feature", "properties": {"id": 356, "name": "Foothill Gardens SE 7", "lst": 47.49, "green": 16.47, "pop": 395, "pct65": 11.6, "ac": 83.21, "holc": null, "access_min": 12.2, "access_km": 0.97, "score": 73.1, "rank": 49.0, "area_m2": 109919, "street_m": 1439, "canopy_m2": 18109.0, "row_m2": 18721.0, "row_canopy": 4.5, "veg": 21.1, "place": "res", "land": null, "green_src": "canopy", "canopy_source": "usfs-2022", "canopy_year": "2022", "assessed_m2": 109978.92, "coverage_frac": 0.9999963525340326, "canopy_quality": "full", "scenario_ok": true, "canopy_baseline_ok": true, "ac_src": "lace", "ac_coverage": 1.0, "acs_year": 2024, "access_snap_m": 147.0, "access_quality": "approach-review", "access_src": "routed"}, "geometry": {"type": "Polygon", "coordinates": [[[-121.95152, 37.74894], [-121.95044, 37.75063], [-121.9517, 37.75214], [-121.95403, 37.75197], [-121.95512, 37.75029], [-121.95386, 37.74878], [-121.95152, 37.74894]]]}}, {"type": "Feature", "properties": {"id": 357, "name": "Canyon Lakes S 8", "lst": 47.66, "green": 12.07, "pop": 238, "pct65": 14.0, "ac": 84.45, "holc": null, "access_min": 8.6, "access_km": 0.69, "score": 70.8, "rank": 65.0, "area_m2": 109926, "street_m": 986, "canopy_m2": 13280.0, "row_m2": 13118.0, "row_canopy": 3.2, "veg": 20.4, "place": "res", "land": null, "green_src": "canopy", "canopy_source": "usfs-2022", "canopy_year": "2022", "assessed_m2": 109982.52, "coverage_frac": 0.999969110797984, "canopy_quality": "full", "scenario_ok": true, "canopy_baseline_ok": true, "ac_src": "lace", "ac_coverage": 1.0, "acs_year": 2024, "access_snap_m": 63.0, "access_quality": "network-estimate", "access_src": "routed"}, "geometry": {"type": "Polygon", "coordinates": [[[-121.94451, 37.74945], [-121.94343, 37.75113], [-121.94468, 37.75264], [-121.94702, 37.75248], [-121.9481, 37.75079], [-121.94685, 37.74928], [-121.94451, 37.74945]]]}}, {"type": "Feature", "properties": {"id": 358, "name": "Foothill Gardens E 3", "lst": 41.92, "green": 37.32, "pop": 10, "pct65": 12.5, "ac": 80.9, "holc": null, "access_min": 12.8, "access_km": 1.02, "score": 0.8, "rank": 418.0, "area_m2": 109905, "street_m": 80, "canopy_m2": 41041.0, "row_m2": 1025.0, "row_canopy": 14.4, "veg": 28.3, "place": "res", "land": null, "green_src": "canopy", "canopy_source": "usfs-2022", "canopy_year": "2022", "assessed_m2": 109961.64, "coverage_frac": 0.9999652038588412, "canopy_quality": "full", "scenario_ok": true, "canopy_baseline_ok": true, "ac_src": "lace", "ac_coverage": 1.0, "acs_year": 2024, "access_snap_m": 38.0, "access_quality": "network-estimate", "access_src": "routed"}, "geometry": {"type": "Polygon", "coordinates": [[[-121.95546, 37.75667], [-121.95438, 37.75836], [-121.95564, 37.75987], [-121.95798, 37.7597], [-121.95906, 37.75802], [-121.9578, 37.7565], [-121.95546, 37.75667]]]}}, {"type": "Feature", "properties": {"id": 359, "name": "Foothill Gardens NE 2", "lst": 42.22, "green": 38.34, "pop": 42, "pct65": 13.0, "ac": 80.9, "holc": null, "access_min": 11.2, "access_km": 0.9, "score": 2.5, "rank": 415.0, "area_m2": 109900, "street_m": 50, "canopy_m2": 42159.0, "row_m2": 697.0, "row_canopy": 0.0, "veg": 30.6, "place": "res", "land": null, "green_src": "canopy", "canopy_source": "usfs-2022", "canopy_year": "2022", "assessed_m2": 109959.48, "coverage_frac": 0.999994766060341, "canopy_quality": "full", "scenario_ok": true, "canopy_baseline_ok": true, "ac_src": "lace", "ac_coverage": 1.0, "acs_year": 2024, "access_snap_m": 63.0, "access_quality": "network-estimate", "access_src": "routed"}, "geometry": {"type": "Polygon", "coordinates": [[[-121.95906, 37.75802], [-121.95798, 37.7597], [-121.95923, 37.76121], [-121.96157, 37.76104], [-121.96265, 37.75936], [-121.9614, 37.75785], [-121.95906, 37.75802]]]}}, {"type": "Feature", "properties": {"id": 360, "name": "San Ramon S", "lst": 44.92, "green": 26.22, "pop": 79, "pct65": 10.3, "ac": 80.9, "holc": null, "access_min": 8.5, "access_km": 0.68, "score": 27.5, "rank": 360.0, "area_m2": 109906, "street_m": 694, "canopy_m2": 28829.0, "row_m2": 7401.0, "row_canopy": 23.8, "veg": 21.7, "place": "res", "land": null, "green_src": "canopy", "canopy_source": "usfs-2022", "canopy_year": "2022", "assessed_m2": 109965.96, "coverage_frac": 0.9999936972982538, "canopy_quality": "full", "scenario_ok": true, "canopy_baseline_ok": true, "ac_src": "lace", "ac_coverage": 1.0, "acs_year": 2024, "access_snap_m": 37.0, "access_quality": "network-estimate", "access_src": "routed"}, "geometry": {"type": "Polygon", "coordinates": [[[-121.95204, 37.75852], [-121.95096, 37.76021], [-121.95222, 37.76172], [-121.95456, 37.76155], [-121.95564, 37.75987], [-121.95438, 37.75836], [-121.95204, 37.75852]]]}}, {"type": "Feature", "properties": {"id": 361, "name": "San Ramon SW", "lst": 44.93, "green": 31.28, "pop": 0, "pct65": 12.3, "ac": 65.07, "holc": null, "access_min": 7.4, "access_km": 0.59, "score": null, "rank": null, "area_m2": 109901, "street_m": 566, "canopy_m2": 34396.0, "row_m2": 7596.0, "row_canopy": 0.3, "veg": 27.7, "place": "activity", "land": null, "green_src": "canopy", "canopy_source": "usfs-2022", "canopy_year": "2022", "assessed_m2": 109959.48, "coverage_frac": 0.9999839699377, "canopy_quality": "full", "scenario_ok": true, "canopy_baseline_ok": true, "ac_src": "income-model", "ac_coverage": null, "acs_year": 2024, "access_snap_m": 46.0, "access_quality": "network-estimate", "access_src": "routed"}, "geometry": {"type": "Polygon", "coordinates": [[[-121.95564, 37.75987], [-121.95456, 37.76155], [-121.95581, 37.76306], [-121.95815, 37.76289], [-121.95923, 37.76121], [-121.95798, 37.7597], [-121.95564, 37.75987]]]}}, {"type": "Feature", "properties": {"id": 362, "name": "Foothill Gardens E 4", "lst": 43.89, "green": 29.42, "pop": 210, "pct65": 18.1, "ac": 80.9, "holc": null, "access_min": 19.0, "access_km": 1.52, "score": 27.5, "rank": 361.0, "area_m2": 109910, "street_m": 1389, "canopy_m2": 32357.0, "row_m2": 16282.0, "row_canopy": 14.8, "veg": 29.9, "place": "res", "land": null, "green_src": "canopy", "canopy_source": "usfs-2022", "canopy_year": "2022", "assessed_m2": 109966.68, "coverage_frac": 0.9999726356278994, "canopy_quality": "full", "scenario_ok": true, "canopy_baseline_ok": true, "ac_src": "lace", "ac_coverage": 1.0, "acs_year": 2024, "access_snap_m": 98.0, "access_quality": "network-estimate", "access_src": "routed"}, "geometry": {"type": "Polygon", "coordinates": [[[-121.95529, 37.75348], [-121.95421, 37.75516], [-121.95546, 37.75667], [-121.9578, 37.7565], [-121.95888, 37.75482], [-121.95763, 37.75331], [-121.95529, 37.75348]]]}}, {"type": "Feature", "properties": {"id": 363, "name": "Foothill Gardens E 2", "lst": 41.35, "green": 46.7, "pop": 38, "pct65": 13.1, "ac": 80.9, "holc": null, "access_min": 18.8, "access_km": 1.5, "score": 0.8, "rank": 417.0, "area_m2": 109904, "street_m": 158, "canopy_m2": 51355.0, "row_m2": 1972.0, "row_canopy": 6.8, "veg": 33.8, "place": "res", "land": null, "green_src": "canopy", "canopy_source": "usfs-2022", "canopy_year": "2022", "assessed_m2": 109964.52, "coverage_frac": 1.0, "canopy_quality": "full", "scenario_ok": true, "canopy_baseline_ok": true, "ac_src": "lace", "ac_coverage": 1.0, "acs_year": 2024, "access_snap_m": 44.0, "access_quality": "network-estimate", "access_src": "routed"}, "geometry": {"type": "Polygon", "coordinates": [[[-121.95888, 37.75482], [-121.9578, 37.7565], [-121.95906, 37.75802], [-121.9614, 37.75785], [-121.96248, 37.75617], [-121.96122, 37.75465], [-121.95888, 37.75482]]]}}, {"type": "Feature", "properties": {"id": 364, "name": "Canyon Woods SW 3", "lst": 45.18, "green": 24.66, "pop": 234, "pct65": 15.2, "ac": 80.9, "holc": null, "access_min": 15.4, "access_km": 1.23, "score": 40.2, "rank": 279.0, "area_m2": 109911, "street_m": 1452, "canopy_m2": 27122.0, "row_m2": 18903.0, "row_canopy": 5.6, "veg": 25.6, "place": "res", "land": null, "green_src": "canopy", "canopy_source": "usfs-2022", "canopy_year": "2022", "assessed_m2": 109971.0, "coverage_frac": 1.0, "canopy_quality": "full", "scenario_ok": true, "canopy_baseline_ok": true, "ac_src": "lace", "ac_coverage": 1.0, "acs_year": 2024, "access_snap_m": 130.0, "access_quality": "approach-review", "access_src": "routed"}, "geometry": {"type": "Polygon", "coordinates": [[[-121.95187, 37.75533], [-121.95079, 37.75701], [-121.95204, 37.75852], [-121.95438, 37.75836], [-121.95546, 37.75667], [-121.95421, 37.75516], [-121.95187, 37.75533]]]}}, {"type": "Feature", "properties": {"id": 365, "name": "Canyon Lakes S 4", "lst": 45.26, "green": 22.05, "pop": 258, "pct65": 12.6, "ac": 87.67, "holc": null, "access_min": 23.5, "access_km": 1.88, "score": 43.1, "rank": 263.0, "area_m2": 109928, "street_m": 1968, "canopy_m2": 24255.0, "row_m2": 19141.0, "row_canopy": 20.9, "veg": 21.4, "place": "res", "land": null, "green_src": "canopy", "canopy_source": "usfs-2022", "canopy_year": "2022", "assessed_m2": 109986.48, "coverage_frac": 0.999983559281822, "canopy_quality": "full", "scenario_ok": true, "canopy_baseline_ok": true, "ac_src": "lace", "ac_coverage": 1.0, "acs_year": 2024, "access_snap_m": 40.0, "access_quality": "network-estimate", "access_src": "routed"}, "geometry": {"type": "Polygon", "coordinates": [[[-121.93767, 37.75315], [-121.93658, 37.75483], [-121.93784, 37.75634], [-121.94018, 37.75618], [-121.94126, 37.75449], [-121.94, 37.75298], [-121.93767, 37.75315]]]}}, {"type": "Feature", "properties": {"id": 366, "name": "Canyon Lakes S 3", "lst": 45.61, "green": 18.15, "pop": 400, "pct65": 14.2, "ac": 80.9, "holc": null, "access_min": 19.2, "access_km": 1.54, "score": 58.9, "rank": 135.0, "area_m2": 109923, "street_m": 1535, "canopy_m2": 19958.0, "row_m2": 18408.0, "row_canopy": 9.1, "veg": 20.3, "place": "res", "land": null, "green_src": "canopy", "canopy_source": "usfs-2022", "canopy_year": "2022", "assessed_m2": 109981.8, "coverage_frac": 0.9999901762398276, "canopy_quality": "full", "scenario_ok": true, "canopy_baseline_ok": true, "ac_src": "lace", "ac_coverage": 1.0, "acs_year": 2024, "access_snap_m": 141.0, "access_quality": "approach-review", "access_src": "routed"}, "geometry": {"type": "Polygon", "coordinates": [[[-121.94126, 37.75449], [-121.94018, 37.75618], [-121.94144, 37.75769], [-121.94377, 37.75752], [-121.94486, 37.75584], [-121.9436, 37.75433], [-121.94126, 37.75449]]]}}, {"type": "Feature", "properties": {"id": 367, "name": "Canyon Lakes SE 3", "lst": 45.17, "green": 12.92, "pop": 138, "pct65": 11.5, "ac": 93.8, "holc": null, "access_min": 25.5, "access_km": 2.04, "score": 46.1, "rank": 246.0, "area_m2": 109929, "street_m": 688, "canopy_m2": 14206.0, "row_m2": 8707.0, "row_canopy": 8.9, "veg": 20.4, "place": "res", "land": null, "green_src": "canopy", "canopy_source": "usfs-2022", "canopy_year": "2022", "assessed_m2": 109986.12, "coverage_frac": 0.9999695230549251, "canopy_quality": "full", "scenario_ok": true, "canopy_baseline_ok": true, "ac_src": "lace", "ac_coverage": 1.0, "acs_year": 2024, "access_snap_m": 221.0, "access_quality": "approach-review", "access_src": "routed"}, "geometry": {"type": "Polygon", "coordinates": [[[-121.93425, 37.755], [-121.93316, 37.75668], [-121.93442, 37.75819], [-121.93676, 37.75803], [-121.93784, 37.75634], [-121.93658, 37.75483], [-121.93425, 37.755]]]}}, {"type": "Feature", "properties": {"id": 368, "name": "Canyon Lakes S 2", "lst": 43.97, "green": 24.14, "pop": 210, "pct65": 11.5, "ac": 93.32, "holc": null, "access_min": 20.4, "access_km": 1.63, "score": 29.5, "rank": 354.0, "area_m2": 109924, "street_m": 1718, "canopy_m2": 26545.0, "row_m2": 17908.0, "row_canopy": 18.8, "veg": 26.4, "place": "res", "land": null, "green_src": "canopy", "canopy_source": "usfs-2022", "canopy_year": "2022", "assessed_m2": 109980.36, "coverage_frac": 0.9999663155353902, "canopy_quality": "full", "scenario_ok": true, "canopy_baseline_ok": true, "ac_src": "lace", "ac_coverage": 1.0, "acs_year": 2024, "access_snap_m": 152.0, "access_quality": "approach-review", "access_src": "routed"}, "geometry": {"type": "Polygon", "coordinates": [[[-121.93784, 37.75634], [-121.93676, 37.75803], [-121.93801, 37.75954], [-121.94035, 37.75937], [-121.94144, 37.75769], [-121.94018, 37.75618], [-121.93784, 37.75634]]]}}, {"type": "Feature", "properties": {"id": 369, "name": "Canyon Lakes S 7", "lst": 47.18, "green": 14.54, "pop": 390, "pct65": 12.0, "ac": 84.9, "holc": null, "access_min": 23.1, "access_km": 1.85, "score": 73.4, "rank": 46.0, "area_m2": 109933, "street_m": 2218, "canopy_m2": 15997.0, "row_m2": 25549.0, "row_canopy": 8.7, "veg": 17.7, "place": "res", "land": null, "green_src": "canopy", "canopy_source": "usfs-2022", "canopy_year": "2022", "assessed_m2": 109990.44, "coverage_frac": 0.9999811713712348, "canopy_quality": "full", "scenario_ok": true, "canopy_baseline_ok": true, "ac_src": "lace", "ac_coverage": 1.0, "acs_year": 2024, "access_snap_m": 131.0, "access_quality": "approach-review", "access_src": "routed"}, "geometry": {"type": "Polygon", "coordinates": [[[-121.93749, 37.74996], [-121.93641, 37.75164], [-121.93767, 37.75315], [-121.94, 37.75298], [-121.94109, 37.7513], [-121.93983, 37.74979], [-121.93749, 37.74996]]]}}, {"type": "Feature", "properties": {"id": 370, "name": "Canyon Lakes S 6", "lst": 46.38, "green": 17.94, "pop": 396, "pct65": 13.2, "ac": 82.75, "holc": null, "access_min": 18.4, "access_km": 1.47, "score": 64.0, "rank": 104.0, "area_m2": 109927, "street_m": 1389, "canopy_m2": 19731.0, "row_m2": 18082.0, "row_canopy": 5.1, "veg": 21.4, "place": "res", "land": null, "green_src": "canopy", "canopy_source": "usfs-2022", "canopy_year": "2022", "assessed_m2": 109986.48, "coverage_frac": 0.9999943323918238, "canopy_quality": "full", "scenario_ok": true, "canopy_baseline_ok": true, "ac_src": "lace", "ac_coverage": 1.0, "acs_year": 2024, "access_snap_m": 35.0, "access_quality": "network-estimate", "access_src": "routed"}, "geometry": {"type": "Polygon", "coordinates": [[[-121.94109, 37.7513], [-121.94, 37.75298], [-121.94126, 37.75449], [-121.9436, 37.75433], [-121.94468, 37.75264], [-121.94343, 37.75113], [-121.94109, 37.7513]]]}}, {"type": "Feature", "properties": {"id": 371, "name": "Canyon Lakes SE 4", "lst": 44.69, "green": 30.17, "pop": 187, "pct65": 11.4, "ac": 93.8, "holc": null, "access_min": 28.3, "access_km": 2.26, "score": 26.4, "rank": 365.0, "area_m2": 109934, "street_m": 1172, "canopy_m2": 33186.0, "row_m2": 11882.0, "row_canopy": 21.1, "veg": 28.8, "place": "res", "land": null, "green_src": "canopy", "canopy_source": "usfs-2022", "canopy_year": "2022", "assessed_m2": 109991.88, "coverage_frac": 0.9999834946515364, "canopy_quality": "full", "scenario_ok": true, "canopy_baseline_ok": true, "ac_src": "lace", "ac_coverage": 1.0, "acs_year": 2024, "access_snap_m": 165.0, "access_quality": "approach-review", "access_src": "routed"}, "geometry": {"type": "Polygon", "coordinates": [[[-121.93407, 37.75181], [-121.93299, 37.75349], [-121.93425, 37.755], [-121.93658, 37.75483], [-121.93767, 37.75315], [-121.93641, 37.75164], [-121.93407, 37.75181]]]}}, {"type": "Feature", "properties": {"id": 372, "name": "Canyon Woods", "lst": 44.63, "green": 29.54, "pop": 630, "pct65": 5.6, "ac": 81.11, "holc": null, "access_min": 12.4, "access_km": 1.0, "score": 34.9, "rank": 319.0, "area_m2": 109913, "street_m": 2126, "canopy_m2": 32490.0, "row_m2": 23333.0, "row_canopy": 17.6, "veg": 27.0, "place": "res", "land": null, "green_src": "canopy", "canopy_source": "usfs-2022", "canopy_year": "2022", "assessed_m2": 109971.0, "coverage_frac": 0.9999795581954116, "canopy_quality": "full", "scenario_ok": true, "canopy_baseline_ok": true, "ac_src": "lace", "ac_coverage": 1.0, "acs_year": 2024, "access_snap_m": 88.0, "access_quality": "network-estimate", "access_src": "routed"}, "geometry": {"type": "Polygon", "coordinates": [[[-121.94503, 37.75903], [-121.94395, 37.76071], [-121.9452, 37.76222], [-121.94754, 37.76206], [-121.94862, 37.76037], [-121.94737, 37.75886], [-121.94503, 37.75903]]]}}, {"type": "Feature", "properties": {"id": 373, "name": "Canyon Woods Apartments S", "lst": 46.1, "green": 26.05, "pop": 587, "pct65": 6.5, "ac": 80.9, "holc": null, "access_min": 6.4, "access_km": 0.51, "score": 53.2, "rank": 186.0, "area_m2": 109908, "street_m": 1690, "canopy_m2": 28644.0, "row_m2": 17154.0, "row_canopy": 24.0, "veg": 19.2, "place": "res", "land": null, "green_src": "canopy", "canopy_source": "usfs-2022", "canopy_year": "2022", "assessed_m2": 109968.12, "coverage_frac": 1.0, "canopy_quality": "full", "scenario_ok": true, "canopy_baseline_ok": true, "ac_src": "lace", "ac_coverage": 1.0, "acs_year": 2024, "access_snap_m": 91.0, "access_quality": "network-estimate", "access_src": "routed"}, "geometry": {"type": "Polygon", "coordinates": [[[-121.94862, 37.76037], [-121.94754, 37.76206], [-121.9488, 37.76357], [-121.95114, 37.7634], [-121.95222, 37.76172], [-121.95096, 37.76021], [-121.94862, 37.76037]]]}}, {"type": "Feature", "properties": {"id": 374, "name": "Canyon Lakes", "lst": 43.74, "green": 23.92, "pop": 175, "pct65": 28.0, "ac": 86.9, "holc": null, "access_min": 14.5, "access_km": 1.16, "score": 38.1, "rank": 297.0, "area_m2": 109914, "street_m": 1096, "canopy_m2": 26306.0, "row_m2": 8802.0, "row_canopy": 41.5, "veg": 26.8, "place": "res", "land": null, "green_src": "canopy", "canopy_source": "usfs-2022", "canopy_year": "2022", "assessed_m2": 109974.24, "coverage_frac": 0.999998252410894, "canopy_quality": "full", "scenario_ok": true, "canopy_baseline_ok": true, "ac_src": "lace", "ac_coverage": 1.0, "acs_year": 2024, "access_snap_m": 137.0, "access_quality": "approach-review", "access_src": "routed"}, "geometry": {"type": "Polygon", "coordinates": [[[-121.94161, 37.76088], [-121.94053, 37.76256], [-121.94178, 37.76407], [-121.94412, 37.76391], [-121.9452, 37.76222], [-121.94395, 37.76071], [-121.94161, 37.76088]]]}}, {"type": "Feature", "properties": {"id": 375, "name": "Canyon Woods NW", "lst": 43.67, "green": 13.85, "pop": 44, "pct65": 15.8, "ac": 84.71, "holc": null, "access_min": 9.2, "access_km": 0.74, "score": 34.6, "rank": 322.0, "area_m2": 109909, "street_m": 1058, "canopy_m2": 15225.0, "row_m2": 10489.0, "row_canopy": 22.4, "veg": 27.6, "place": "res", "land": null, "green_src": "canopy", "canopy_source": "usfs-2022", "canopy_year": "2022", "assessed_m2": 109967.04, "coverage_frac": 0.9999819646939072, "canopy_quality": "full", "scenario_ok": true, "canopy_baseline_ok": true, "ac_src": "lace", "ac_coverage": 1.0, "acs_year": 2024, "access_snap_m": 175.0, "access_quality": "approach-review", "access_src": "routed"}, "geometry": {"type": "Polygon", "coordinates": [[[-121.9452, 37.76222], [-121.94412, 37.76391], [-121.94538, 37.76542], [-121.94772, 37.76525], [-121.9488, 37.76357], [-121.94754, 37.76206], [-121.9452, 37.76222]]]}}, {"type": "Feature", "properties": {"id": 376, "name": "Canyon Woods S", "lst": 45.51, "green": 25.28, "pop": 501, "pct65": 9.3, "ac": 80.9, "holc": null, "access_min": 14.3, "access_km": 1.14, "score": 48.4, "rank": 225.0, "area_m2": 109917, "street_m": 1504, "canopy_m2": 27797.0, "row_m2": 16152.0, "row_canopy": 20.9, "veg": 26.9, "place": "res", "land": null, "green_src": "canopy", "canopy_source": "usfs-2022", "canopy_year": "2022", "assessed_m2": 109974.6, "coverage_frac": 0.9999738858523676, "canopy_quality": "full", "scenario_ok": true, "canopy_baseline_ok": true, "ac_src": "lace", "ac_coverage": 1.0, "acs_year": 2024, "access_snap_m": 112.0, "access_quality": "approach-review", "access_src": "routed"}, "geometry": {"type": "Polygon", "coordinates": [[[-121.94486, 37.75584], [-121.94377, 37.75752], [-121.94503, 37.75903], [-121.94737, 37.75886], [-121.94845, 37.75718], [-121.94719, 37.75567], [-121.94486, 37.75584]]]}}, {"type": "Feature", "properties": {"id": 377, "name": "Canyon Woods SW", "lst": 47.28, "green": 15.41, "pop": 665, "pct65": 6.4, "ac": 80.9, "holc": null, "access_min": 9.4, "access_km": 0.75, "score": 83.3, "rank": 16.0, "area_m2": 109912, "street_m": 1985, "canopy_m2": 16941.0, "row_m2": 23970.0, "row_canopy": 10.5, "veg": 20.0, "place": "res", "land": null, "green_src": "canopy", "canopy_source": "usfs-2022", "canopy_year": "2022", "assessed_m2": 109972.08, "coverage_frac": 1.0, "canopy_quality": "full", "scenario_ok": true, "canopy_baseline_ok": true, "ac_src": "lace", "ac_coverage": 1.0, "acs_year": 2024, "access_snap_m": 93.0, "access_quality": "network-estimate", "access_src": "routed"}, "geometry": {"type": "Polygon", "coordinates": [[[-121.94845, 37.75718], [-121.94737, 37.75886], [-121.94862, 37.76037], [-121.95096, 37.76021], [-121.95204, 37.75852], [-121.95079, 37.75701], [-121.94845, 37.75718]]]}}, {"type": "Feature", "properties": {"id": 378, "name": "Canyon Lakes S", "lst": 43.25, "green": 26.95, "pop": 340, "pct65": 11.3, "ac": 82.33, "holc": null, "access_min": 15.9, "access_km": 1.28, "score": 24.8, "rank": 374.0, "area_m2": 109918, "street_m": 1620, "canopy_m2": 29643.0, "row_m2": 17796.0, "row_canopy": 16.7, "veg": 30.3, "place": "res", "land": null, "green_src": "canopy", "canopy_source": "usfs-2022", "canopy_year": "2022", "assessed_m2": 109979.28, "coverage_frac": 1.0, "canopy_quality": "full", "scenario_ok": true, "canopy_baseline_ok": true, "ac_src": "lace", "ac_coverage": 1.0, "acs_year": 2024, "access_snap_m": 29.0, "access_quality": "network-estimate", "access_src": "routed"}, "geometry": {"type": "Polygon", "coordinates": [[[-121.94144, 37.75769], [-121.94035, 37.75937], [-121.94161, 37.76088], [-121.94395, 37.76071], [-121.94503, 37.75903], [-121.94377, 37.75752], [-121.94144, 37.75769]]]}}, {"type": "Feature", "properties": {"id": 379, "name": "Foothill Gardens SE 12", "lst": 47.22, "green": 18.98, "pop": 380, "pct65": 12.0, "ac": 83.9, "holc": null, "access_min": 9.6, "access_km": 0.76, "score": 67.0, "rank": 87.0, "area_m2": 109928, "street_m": 1399, "canopy_m2": 20880.0, "row_m2": 18598.0, "row_canopy": 4.1, "veg": 19.8, "place": "res", "land": null, "green_src": "canopy", "canopy_source": "usfs-2022", "canopy_year": "2022", "assessed_m2": 109986.12, "coverage_frac": 0.9999850667386494, "canopy_quality": "full", "scenario_ok": true, "canopy_baseline_ok": true, "ac_src": "lace", "ac_coverage": 1.0, "acs_year": 2024, "access_snap_m": 123.0, "access_quality": "approach-review", "access_src": "routed"}, "geometry": {"type": "Polygon", "coordinates": [[[-121.95117, 37.74256], [-121.95009, 37.74424], [-121.95135, 37.74575], [-121.95368, 37.74558], [-121.95477, 37.7439], [-121.95351, 37.74239], [-121.95117, 37.74256]]]}}, {"type": "Feature", "properties": {"id": 380, "name": "Foothill Gardens SE 8", "lst": 45.7, "green": 24.43, "pop": 168, "pct65": 19.3, "ac": 87.42, "holc": null, "access_min": 13.4, "access_km": 1.07, "score": 43.5, "rank": 262.0, "area_m2": 109923, "street_m": 1761, "canopy_m2": 26869.0, "row_m2": 21766.0, "row_canopy": 8.3, "veg": 18.9, "place": "res", "land": null, "green_src": "canopy", "canopy_source": "usfs-2022", "canopy_year": "2022", "assessed_m2": 109983.6, "coverage_frac": 1.0, "canopy_quality": "full", "scenario_ok": true, "canopy_baseline_ok": true, "ac_src": "lace", "ac_coverage": 1.0, "acs_year": 2024, "access_snap_m": 32.0, "access_quality": "network-estimate", "access_src": "routed"}, "geometry": {"type": "Polygon", "coordinates": [[[-121.95477, 37.7439], [-121.95368, 37.74558], [-121.95494, 37.74709], [-121.95728, 37.74693], [-121.95836, 37.74524], [-121.9571, 37.74373], [-121.95477, 37.7439]]]}}, {"type": "Feature", "properties": {"id": 381, "name": "Canyon Lakes S 12", "lst": 47.27, "green": 15.73, "pop": 430, "pct65": 9.5, "ac": 83.9, "holc": null, "access_min": 3.9, "access_km": 0.31, "score": 73.0, "rank": 51.0, "area_m2": 109929, "street_m": 1527, "canopy_m2": 17299.0, "row_m2": 20041.0, "row_canopy": 4.1, "veg": 20.0, "place": "res", "land": null, "green_src": "canopy", "canopy_source": "usfs-2022", "canopy_year": "2022", "assessed_m2": 109987.92, "coverage_frac": 0.9999906244658208, "canopy_quality": "full", "scenario_ok": true, "canopy_baseline_ok": true, "ac_src": "lace", "ac_coverage": 1.0, "acs_year": 2024, "access_snap_m": 148.0, "access_quality": "approach-review", "access_src": "routed"}, "geometry": {"type": "Polygon", "coordinates": [[[-121.94775, 37.74441], [-121.94667, 37.74609], [-121.94793, 37.7476], [-121.95027, 37.74743], [-121.95135, 37.74575], [-121.95009, 37.74424], [-121.94775, 37.74441]]]}}, {"type": "Feature", "properties": {"id": 382, "name": "Foothill Gardens SE 10", "lst": 47.19, "green": 18.78, "pop": 456, "pct65": 9.6, "ac": 83.9, "holc": null, "access_min": 8.1, "access_km": 0.65, "score": 69.7, "rank": 71.0, "area_m2": 109924, "street_m": 1460, "canopy_m2": 20652.0, "row_m2": 18769.0, "row_canopy": 6.1, "veg": 20.6, "place": "res", "land": null, "green_src": "canopy", "canopy_source": "usfs-2022", "canopy_year": "2022", "assessed_m2": 109981.8, "coverage_frac": 0.9999841593150952, "canopy_quality": "full", "scenario_ok": true, "canopy_baseline_ok": true, "ac_src": "lace", "ac_coverage": 1.0, "acs_year": 2024, "access_snap_m": 99.0, "access_quality": "network-estimate", "access_src": "routed"}, "geometry": {"type": "Polygon", "coordinates": [[[-121.95135, 37.74575], [-121.95027, 37.74743], [-121.95152, 37.74894], [-121.95386, 37.74878], [-121.95494, 37.74709], [-121.95368, 37.74558], [-121.95135, 37.74575]]]}}, {"type": "Feature", "properties": {"id": 383, "name": "The Gardens NW 11", "lst": 45.97, "green": 20.29, "pop": 170, "pct65": 17.7, "ac": 85.48, "holc": null, "access_min": 13.4, "access_km": 1.07, "score": 48.8, "rank": 219.0, "area_m2": 109932, "street_m": 1984, "canopy_m2": 22314.0, "row_m2": 22353.0, "row_canopy": 14.7, "veg": 19.1, "place": "res", "land": null, "green_src": "canopy", "canopy_source": "usfs-2022", "canopy_year": "2022", "assessed_m2": 109988.28, "coverage_frac": 0.999966343660982, "canopy_quality": "full", "scenario_ok": true, "canopy_baseline_ok": true, "ac_src": "lace", "ac_coverage": 1.0, "acs_year": 2024, "access_snap_m": 114.0, "access_quality": "approach-review", "access_src": "routed"}, "geometry": {"type": "Polygon", "coordinates": [[[-121.951, 37.73936], [-121.94992, 37.74105], [-121.95117, 37.74256], [-121.95351, 37.74239], [-121.95459, 37.74071], [-121.95334, 37.73919], [-121.951, 37.73936]]]}}, {"type": "Feature", "properties": {"id": 384, "name": "Foothill Gardens SE 11", "lst": 45.16, "green": 17.97, "pop": 180, "pct65": 17.5, "ac": 92.7, "holc": null, "access_min": 15.6, "access_km": 1.25, "score": 46.8, "rank": 241.0, "area_m2": 109927, "street_m": 1624, "canopy_m2": 19760.0, "row_m2": 19824.0, "row_canopy": 7.7, "veg": 19.0, "place": "res", "land": null, "green_src": "canopy", "canopy_source": "usfs-2022", "canopy_year": "2022", "assessed_m2": 109986.12, "coverage_frac": 0.9999958841940456, "canopy_quality": "full", "scenario_ok": true, "canopy_baseline_ok": true, "ac_src": "lace", "ac_coverage": 1.0, "acs_year": 2024, "access_snap_m": 103.0, "access_quality": "approach-review", "access_src": "routed"}, "geometry": {"type": "Polygon", "coordinates": [[[-121.95459, 37.74071], [-121.95351, 37.74239], [-121.95477, 37.7439], [-121.9571, 37.74373], [-121.95819, 37.74205], [-121.95693, 37.74054], [-121.95459, 37.74071]]]}}, {"type": "Feature", "properties": {"id": 385, "name": "Old Ranch Summit W 12", "lst": 47.34, "green": 13.45, "pop": 290, "pct65": 11.4, "ac": 83.9, "holc": null, "access_min": 9.6, "access_km": 0.76, "score": 68.8, "rank": 77.0, "area_m2": 109934, "street_m": 1221, "canopy_m2": 14795.0, "row_m2": 15608.0, "row_canopy": 6.8, "veg": 24.6, "place": "res", "land": null, "green_src": "canopy", "canopy_source": "usfs-2022", "canopy_year": "2022", "assessed_m2": 109993.68, "coverage_frac": 1.0, "canopy_quality": "full", "scenario_ok": true, "canopy_baseline_ok": true, "ac_src": "lace", "ac_coverage": 1.0, "acs_year": 2024, "access_snap_m": 119.0, "access_quality": "approach-review", "access_src": "routed"}, "geometry": {"type": "Polygon", "coordinates": [[[-121.94758, 37.74121], [-121.9465, 37.7429], [-121.94775, 37.74441], [-121.95009, 37.74424], [-121.95117, 37.74256], [-121.94992, 37.74105], [-121.94758, 37.74121]]]}}, {"type": "Feature", "properties": {"id": 386, "name": "Foothill Gardens SE 4", "lst": 44.03, "green": 27.44, "pop": 78, "pct65": 12.2, "ac": 89.19, "holc": null, "access_min": 20.9, "access_km": 1.68, "score": 22.5, "rank": 388.0, "area_m2": 109913, "street_m": 1022, "canopy_m2": 30173.0, "row_m2": 11039.0, "row_canopy": 16.2, "veg": 24.7, "place": "res", "land": null, "green_src": "canopy", "canopy_source": "usfs-2022", "canopy_year": "2022", "assessed_m2": 109972.08, "coverage_frac": 0.9999941593406934, "canopy_quality": "full", "scenario_ok": true, "canopy_baseline_ok": true, "ac_src": "lace", "ac_coverage": 1.0, "acs_year": 2024, "access_snap_m": 40.0, "access_quality": "network-estimate", "access_src": "routed"}, "geometry": {"type": "Polygon", "coordinates": [[[-121.95854, 37.74844], [-121.95745, 37.75012], [-121.95871, 37.75163], [-121.96105, 37.75146], [-121.96213, 37.74978], [-121.96087, 37.74827], [-121.95854, 37.74844]]]}}, {"type": "Feature", "properties": {"id": 387, "name": "Foothill Gardens SE 2", "lst": 47.41, "green": 16.05, "pop": 283, "pct65": 26.0, "ac": 92.7, "holc": null, "access_min": 26.9, "access_km": 2.15, "score": 76.4, "rank": 32.0, "area_m2": 109907, "street_m": 1238, "canopy_m2": 16910.0, "row_m2": 15656.0, "row_canopy": 3.4, "veg": 21.3, "place": "res", "land": null, "green_src": "canopy", "canopy_source": "usfs-2022", "canopy_year": "2022", "assessed_m2": 105330.24, "coverage_frac": 0.9578322744875896, "canopy_quality": "partial", "scenario_ok": true, "canopy_baseline_ok": false, "ac_src": "lace", "ac_coverage": 1.0, "acs_year": 2024, "access_snap_m": 97.0, "access_quality": "network-estimate", "access_src": "routed"}, "geometry": {"type": "Polygon", "coordinates": [[[-121.96213, 37.74978], [-121.96105, 37.75146], [-121.9623, 37.75297], [-121.96464, 37.7528], [-121.96572, 37.75112], [-121.96447, 37.74961], [-121.96213, 37.74978]]]}}, {"type": "Feature", "properties": {"id": 388, "name": "Foothill Gardens SE 5", "lst": 43.84, "green": 19.72, "pop": 218, "pct65": 16.3, "ac": 80.9, "holc": null, "access_min": 16.1, "access_km": 1.29, "score": 37.4, "rank": 304.0, "area_m2": 109914, "street_m": 981, "canopy_m2": 21689.0, "row_m2": 13036.0, "row_canopy": 3.7, "veg": 29.4, "place": "res", "land": null, "green_src": "canopy", "canopy_source": "usfs-2022", "canopy_year": "2022", "assessed_m2": 109968.84, "coverage_frac": 0.9999538861437958, "canopy_quality": "full", "scenario_ok": true, "canopy_baseline_ok": true, "ac_src": "lace", "ac_coverage": 1.0, "acs_year": 2024, "access_snap_m": 118.0, "access_quality": "approach-review", "access_src": "routed"}, "geometry": {"type": "Polygon", "coordinates": [[[-121.95512, 37.75029], [-121.95403, 37.75197], [-121.95529, 37.75348], [-121.95763, 37.75331], [-121.95871, 37.75163], [-121.95745, 37.75012], [-121.95512, 37.75029]]]}}, {"type": "Feature", "properties": {"id": 389, "name": "Foothill Gardens SE 3", "lst": 44.18, "green": 27.06, "pop": 176, "pct65": 17.9, "ac": 83.24, "holc": null, "access_min": 22.3, "access_km": 1.78, "score": 30.7, "rank": 346.0, "area_m2": 109908, "street_m": 1426, "canopy_m2": 29760.0, "row_m2": 15671.0, "row_canopy": 20.9, "veg": 21.2, "place": "res", "land": null, "green_src": "canopy", "canopy_source": "usfs-2022", "canopy_year": "2022", "assessed_m2": 109968.48, "coverage_frac": 0.9999998103241076, "canopy_quality": "full", "scenario_ok": true, "canopy_baseline_ok": true, "ac_src": "lace", "ac_coverage": 1.0, "acs_year": 2024, "access_snap_m": 134.0, "access_quality": "approach-review", "access_src": "routed"}, "geometry": {"type": "Polygon", "coordinates": [[[-121.95871, 37.75163], [-121.95763, 37.75331], [-121.95888, 37.75482], [-121.96122, 37.75465], [-121.9623, 37.75297], [-121.96105, 37.75146], [-121.95871, 37.75163]]]}}, {"type": "Feature", "properties": {"id": 390, "name": "Foothill Gardens SE 6", "lst": 45.54, "green": 27.22, "pop": 193, "pct65": 13.3, "ac": 92.7, "holc": null, "access_min": 17.8, "access_km": 1.43, "score": 36.5, "rank": 313.0, "area_m2": 109917, "street_m": 1705, "canopy_m2": 28116.0, "row_m2": 20668.0, "row_canopy": 10.0, "veg": 25.2, "place": "res", "land": null, "green_src": "canopy", "canopy_source": "usfs-2022", "canopy_year": "2022", "assessed_m2": 103292.64, "coverage_frac": 0.9392208695638716, "canopy_quality": "partial", "scenario_ok": true, "canopy_baseline_ok": false, "ac_src": "lace", "ac_coverage": 1.0, "acs_year": 2024, "access_snap_m": 142.0, "access_quality": "approach-review", "access_src": "routed"}, "geometry": {"type": "Polygon", "coordinates": [[[-121.95836, 37.74524], [-121.95728, 37.74693], [-121.95854, 37.74844], [-121.96087, 37.74827], [-121.96195, 37.74659], [-121.9607, 37.74507], [-121.95836, 37.74524]]]}}, {"type": "Feature", "properties": {"id": 391, "name": "Foothill Gardens S 3", "lst": 44.41, "green": 20.06, "pop": 35, "pct65": 12.0, "ac": 92.7, "holc": null, "access_min": 23.6, "access_km": 1.89, "score": 30.0, "rank": 348.0, "area_m2": 109912, "street_m": 333, "canopy_m2": 3857.0, "row_m2": 3986.0, "row_canopy": 1.0, "veg": 21.4, "place": "res", "land": null, "green_src": "canopy", "canopy_source": "usfs-2022", "canopy_year": "2022", "assessed_m2": 19230.12, "coverage_frac": 0.1748645272826902, "canopy_quality": "partial", "scenario_ok": true, "canopy_baseline_ok": false, "ac_src": "lace", "ac_coverage": 1.0, "acs_year": 2024, "access_snap_m": 191.0, "access_quality": "approach-review", "access_src": "routed"}, "geometry": {"type": "Polygon", "coordinates": [[[-121.96195, 37.74659], [-121.96087, 37.74827], [-121.96213, 37.74978], [-121.96447, 37.74961], [-121.96555, 37.74793], [-121.96429, 37.74642], [-121.96195, 37.74659]]]}}, {"type": "Feature", "properties": {"id": 392, "name": "Athan Downs", "lst": 43.43, "green": 22.88, "pop": 140, "pct65": 12.9, "ac": 83.86, "holc": null, "access_min": 13.5, "access_km": 1.08, "score": 26.2, "rank": 366.0, "area_m2": 109918, "street_m": 825, "canopy_m2": 25157.0, "row_m2": 10400.0, "row_canopy": 7.5, "veg": 30.0, "place": "res", "land": null, "green_src": "canopy", "canopy_source": "usfs-2022", "canopy_year": "2022", "assessed_m2": 109973.52, "coverage_frac": 0.999958059066982, "canopy_quality": "full", "scenario_ok": true, "canopy_baseline_ok": true, "ac_src": "lace", "ac_coverage": 1.0, "acs_year": 2024, "access_snap_m": 109.0, "access_quality": "approach-review", "access_src": "routed"}, "geometry": {"type": "Polygon", "coordinates": [[[-121.95494, 37.74709], [-121.95386, 37.74878], [-121.95512, 37.75029], [-121.95745, 37.75012], [-121.95854, 37.74844], [-121.95728, 37.74693], [-121.95494, 37.74709]]]}}, {"type": "Feature", "properties": {"id": 393, "name": "Old Ranch Summit W 9", "lst": 46.99, "green": 10.0, "pop": 213, "pct65": 13.1, "ac": 84.64, "holc": null, "access_min": 6.0, "access_km": 0.48, "score": 66.4, "rank": 89.0, "area_m2": 109936, "street_m": 893, "canopy_m2": 11001.0, "row_m2": 11992.0, "row_canopy": 2.9, "veg": 14.9, "place": "res", "land": null, "green_src": "canopy", "canopy_source": "usfs-2022", "canopy_year": "2022", "assessed_m2": 109995.48, "coverage_frac": 0.9999993929627536, "canopy_quality": "full", "scenario_ok": true, "canopy_baseline_ok": true, "ac_src": "lace", "ac_coverage": 1.0, "acs_year": 2024, "access_snap_m": 111.0, "access_quality": "approach-review", "access_src": "routed"}, "geometry": {"type": "Polygon", "coordinates": [[[-121.94074, 37.74491], [-121.93966, 37.7466], [-121.94091, 37.74811], [-121.94325, 37.74794], [-121.94433, 37.74626], [-121.94308, 37.74475], [-121.94074, 37.74491]]]}}, {"type": "Feature", "properties": {"id": 394, "name": "Canyon Lakes S 11", "lst": 47.23, "green": 5.85, "pop": 15, "pct65": 13.1, "ac": 83.9, "holc": null, "access_min": 1.1, "access_km": 0.09, "score": 57.4, "rank": 150.0, "area_m2": 109930, "street_m": 80, "canopy_m2": 6431.0, "row_m2": 898.0, "row_canopy": 16.6, "veg": 16.4, "place": "res", "land": null, "green_src": "canopy", "canopy_source": "usfs-2022", "canopy_year": "2022", "assessed_m2": 109985.76, "coverage_frac": 0.999960188515641, "canopy_quality": "full", "scenario_ok": true, "canopy_baseline_ok": true, "ac_src": "lace", "ac_coverage": 1.0, "acs_year": 2024, "access_snap_m": 24.0, "access_quality": "network-estimate", "access_src": "routed"}, "geometry": {"type": "Polygon", "coordinates": [[[-121.94433, 37.74626], [-121.94325, 37.74794], [-121.94451, 37.74945], [-121.94685, 37.74928], [-121.94793, 37.7476], [-121.94667, 37.74609], [-121.94433, 37.74626]]]}}, {"type": "Feature", "properties": {"id": 395, "name": "Old Ranch Summit NW 7", "lst": 47.34, "green": 12.95, "pop": 369, "pct65": 12.0, "ac": 84.9, "holc": null, "access_min": 26.5, "access_km": 2.12, "score": 75.3, "rank": 37.0, "area_m2": 109937, "street_m": 1608, "canopy_m2": 14247.0, "row_m2": 21185.0, "row_canopy": 3.6, "veg": 17.7, "place": "res", "land": null, "green_src": "canopy", "canopy_source": "usfs-2022", "canopy_year": "2022", "assessed_m2": 109998.0, "coverage_frac": 1.0, "canopy_quality": "full", "scenario_ok": true, "canopy_baseline_ok": true, "ac_src": "lace", "ac_coverage": 1.0, "acs_year": 2024, "access_snap_m": 117.0, "access_quality": "approach-review", "access_src": "routed"}, "geometry": {"type": "Polygon", "coordinates": [[[-121.93732, 37.74676], [-121.93624, 37.74845], [-121.93749, 37.74996], [-121.93983, 37.74979], [-121.94091, 37.74811], [-121.93966, 37.7466], [-121.93732, 37.74676]]]}}, {"type": "Feature", "properties": {"id": 396, "name": "Canyon Lakes S 9", "lst": 47.39, "green": 12.71, "pop": 372, "pct65": 12.0, "ac": 84.9, "holc": null, "access_min": 22.8, "access_km": 1.83, "score": 76.2, "rank": 33.0, "area_m2": 109931, "street_m": 1557, "canopy_m2": 13978.0, "row_m2": 20651.0, "row_canopy": 2.3, "veg": 17.0, "place": "res", "land": null, "green_src": "canopy", "canopy_source": "usfs-2022", "canopy_year": "2022", "assessed_m2": 109991.52, "coverage_frac": 1.0, "canopy_quality": "full", "scenario_ok": true, "canopy_baseline_ok": true, "ac_src": "lace", "ac_coverage": 1.0, "acs_year": 2024, "access_snap_m": 49.0, "access_quality": "network-estimate", "access_src": "routed"}, "geometry": {"type": "Polygon", "coordinates": [[[-121.94091, 37.74811], [-121.93983, 37.74979], [-121.94109, 37.7513], [-121.94343, 37.75113], [-121.94451, 37.74945], [-121.94325, 37.74794], [-121.94091, 37.74811]]]}}, {"type": "Feature", "properties": {"id": 397, "name": "Old Ranch Summit W 8", "lst": 48.29, "green": 9.45, "pop": 243, "pct65": 16.5, "ac": 83.9, "holc": null, "access_min": 12.4, "access_km": 0.99, "score": 80.3, "rank": 25.0, "area_m2": 109940, "street_m": 1361, "canopy_m2": 10396.0, "row_m2": 18086.0, "row_canopy": 3.0, "veg": 16.6, "place": "res", "land": null, "green_src": "canopy", "canopy_source": "usfs-2022", "canopy_year": "2022", "assessed_m2": 109997.28, "coverage_frac": 0.99997738849124, "canopy_quality": "full", "scenario_ok": true, "canopy_baseline_ok": true, "ac_src": "lace", "ac_coverage": 1.0, "acs_year": 2024, "access_snap_m": 95.0, "access_quality": "network-estimate", "access_src": "routed"}, "geometry": {"type": "Polygon", "coordinates": [[[-121.94056, 37.74172], [-121.93948, 37.7434], [-121.94074, 37.74491], [-121.94308, 37.74475], [-121.94416, 37.74306], [-121.9429, 37.74155], [-121.94056, 37.74172]]]}}, {"type": "Feature", "properties": {"id": 398, "name": "Old Ranch Summit W 11", "lst": 47.61, "green": 13.19, "pop": 269, "pct65": 15.6, "ac": 83.9, "holc": null, "access_min": 5.9, "access_km": 0.47, "score": 72.6, "rank": 55.0, "area_m2": 109935, "street_m": 1376, "canopy_m2": 14513.0, "row_m2": 18225.0, "row_canopy": 2.8, "veg": 16.6, "place": "res", "land": null, "green_src": "canopy", "canopy_source": "usfs-2022", "canopy_year": "2022", "assessed_m2": 109991.88, "coverage_frac": 0.9999774574542716, "canopy_quality": "full", "scenario_ok": true, "canopy_baseline_ok": true, "ac_src": "lace", "ac_coverage": 1.0, "acs_year": 2024, "access_snap_m": 151.0, "access_quality": "approach-review", "access_src": "routed"}, "geometry": {"type": "Polygon", "coordinates": [[[-121.94416, 37.74306], [-121.94308, 37.74475], [-121.94433, 37.74626], [-121.94667, 37.74609], [-121.94775, 37.74441], [-121.9465, 37.7429], [-121.94416, 37.74306]]]}}, {"type": "Feature", "properties": {"id": 399, "name": "Old Ranch Summit W 6", "lst": 48.22, "green": 10.49, "pop": 221, "pct65": 12.1, "ac": 84.9, "holc": null, "access_min": 26.6, "access_km": 2.12, "score": 73.7, "rank": 43.0, "area_m2": 109941, "street_m": 1028, "canopy_m2": 11541.0, "row_m2": 13459.0, "row_canopy": 4.2, "veg": 12.7, "place": "res", "land": null, "green_src": "canopy", "canopy_source": "usfs-2022", "canopy_year": "2022", "assessed_m2": 110000.88, "coverage_frac": 0.999999326983097, "canopy_quality": "full", "scenario_ok": true, "canopy_baseline_ok": true, "ac_src": "lace", "ac_coverage": 1.0, "acs_year": 2024, "access_snap_m": 151.0, "access_quality": "approach-review", "access_src": "routed"}, "geometry": {"type": "Polygon", "coordinates": [[[-121.93714, 37.74357], [-121.93606, 37.74525], [-121.93732, 37.74676], [-121.93966, 37.7466], [-121.94074, 37.74491], [-121.93948, 37.7434], [-121.93714, 37.74357]]]}}, {"type": "Feature", "properties": {"id": 400, "name": "Foothill Gardens NW 3", "lst": 46.03, "green": 29.32, "pop": 196, "pct65": 14.1, "ac": 89.5, "holc": null, "access_min": 30.3, "access_km": 2.42, "score": 37.9, "rank": 299.0, "area_m2": 109882, "street_m": 869, "canopy_m2": 32239.0, "row_m2": 10517.0, "row_canopy": 11.9, "veg": 28.3, "place": "res", "land": null, "green_src": "canopy", "canopy_source": "usfs-2022", "canopy_year": "2022", "assessed_m2": 109940.04, "coverage_frac": 0.9999764461518376, "canopy_quality": "full", "scenario_ok": true, "canopy_baseline_ok": true, "ac_src": "lace", "ac_coverage": 1.0, "acs_year": 2024, "access_snap_m": 168.0, "access_quality": "approach-review", "access_src": "routed"}, "geometry": {"type": "Polygon", "coordinates": [[[-121.97326, 37.76019], [-121.97218, 37.76187], [-121.97344, 37.76339], [-121.97578, 37.76322], [-121.97686, 37.76154], [-121.9756, 37.76002], [-121.97326, 37.76019]]]}}, {"type": "Feature", "properties": {"id": 401, "name": "Foothill Gardens NW 5", "lst": 46.2, "green": 17.01, "pop": 323, "pct65": 13.9, "ac": 89.5, "holc": null, "access_min": 30.2, "access_km": 2.42, "score": 60.2, "rank": 126.0, "area_m2": 109877, "street_m": 1425, "canopy_m2": 18702.0, "row_m2": 18110.0, "row_canopy": 6.8, "veg": 21.1, "place": "res", "land": null, "green_src": "canopy", "canopy_source": "usfs-2022", "canopy_year": "2022", "assessed_m2": 109938.6, "coverage_frac": 1.0, "canopy_quality": "full", "scenario_ok": true, "canopy_baseline_ok": true, "ac_src": "lace", "ac_coverage": 1.0, "acs_year": 2024, "access_snap_m": 64.0, "access_quality": "network-estimate", "access_src": "routed"}, "geometry": {"type": "Polygon", "coordinates": [[[-121.97686, 37.76154], [-121.97578, 37.76322], [-121.97703, 37.76473], [-121.97937, 37.76456], [-121.98045, 37.76288], [-121.97919, 37.76137], [-121.97686, 37.76154]]]}}, {"type": "Feature", "properties": {"id": 402, "name": "Foothill Gardens NW 2", "lst": 47.88, "green": 15.22, "pop": 368, "pct65": 17.6, "ac": 89.5, "holc": null, "access_min": 26.4, "access_km": 2.11, "score": 80.7, "rank": 21.0, "area_m2": 109884, "street_m": 1430, "canopy_m2": 16736.0, "row_m2": 17949.0, "row_canopy": 8.9, "veg": 19.1, "place": "res", "land": null, "green_src": "canopy", "canopy_source": "usfs-2022", "canopy_year": "2022", "assessed_m2": 109942.2, "coverage_frac": 0.9999852730393848, "canopy_quality": "full", "scenario_ok": true, "canopy_baseline_ok": true, "ac_src": "lace", "ac_coverage": 1.0, "acs_year": 2024, "access_snap_m": 140.0, "access_quality": "approach-review", "access_src": "routed"}, "geometry": {"type": "Polygon", "coordinates": [[[-121.96984, 37.76204], [-121.96876, 37.76373], [-121.97002, 37.76524], [-121.97236, 37.76507], [-121.97344, 37.76339], [-121.97218, 37.76187], [-121.96984, 37.76204]]]}}, {"type": "Feature", "properties": {"id": 403, "name": "Foothill Gardens NW 4", "lst": 46.48, "green": 17.21, "pop": 300, "pct65": 15.6, "ac": 89.5, "holc": null, "access_min": 24.5, "access_km": 1.96, "score": 61.9, "rank": 120.0, "area_m2": 109878, "street_m": 1321, "canopy_m2": 18915.0, "row_m2": 16934.0, "row_canopy": 6.6, "veg": 25.1, "place": "res", "land": null, "green_src": "canopy", "canopy_source": "usfs-2022", "canopy_year": "2022", "assessed_m2": 109935.0, "coverage_frac": 0.9999690214584762, "canopy_quality": "full", "scenario_ok": true, "canopy_baseline_ok": true, "ac_src": "lace", "ac_coverage": 1.0, "acs_year": 2024, "access_snap_m": 112.0, "access_quality": "approach-review", "access_src": "routed"}, "geometry": {"type": "Polygon", "coordinates": [[[-121.97344, 37.76339], [-121.97236, 37.76507], [-121.97361, 37.76658], [-121.97595, 37.76641], [-121.97703, 37.76473], [-121.97578, 37.76322], [-121.97344, 37.76339]]]}}, {"type": "Feature", "properties": {"id": 404, "name": "Foothill Gardens W 3", "lst": 45.0, "green": 16.56, "pop": 193, "pct65": 21.8, "ac": 91.94, "holc": null, "access_min": 38.6, "access_km": 3.09, "score": 51.0, "rank": 199.0, "area_m2": 109887, "street_m": 1347, "canopy_m2": 18210.0, "row_m2": 16965.0, "row_canopy": 10.3, "veg": 24.5, "place": "res", "land": null, "green_src": "canopy", "canopy_source": "usfs-2022", "canopy_year": "2022", "assessed_m2": 109944.72, "coverage_frac": 0.9999806033129464, "canopy_quality": "full", "scenario_ok": true, "canopy_baseline_ok": true, "ac_src": "lace", "ac_coverage": 1.0, "acs_year": 2024, "access_snap_m": 195.0, "access_quality": "approach-review", "access_src": "routed"}, "geometry": {"type": "Polygon", "coordinates": [[[-121.97309, 37.757], [-121.97201, 37.75868], [-121.97326, 37.76019], [-121.9756, 37.76002], [-121.97668, 37.75834], [-121.97543, 37.75683], [-121.97309, 37.757]]]}}, {"type": "Feature", "properties": {"id": 405, "name": "Foothill Gardens W 5", "lst": 44.93, "green": 22.02, "pop": 245, "pct65": 18.3, "ac": 91.15, "holc": null, "access_min": 33.0, "access_km": 2.64, "score": 44.4, "rank": 253.0, "area_m2": 109881, "street_m": 1838, "canopy_m2": 24208.0, "row_m2": 22576.0, "row_canopy": 6.9, "veg": 26.5, "place": "res", "land": null, "green_src": "canopy", "canopy_source": "usfs-2022", "canopy_year": "2022", "assessed_m2": 109941.12, "coverage_frac": 0.9999970989854834, "canopy_quality": "full", "scenario_ok": true, "canopy_baseline_ok": true, "ac_src": "lace", "ac_coverage": 1.0, "acs_year": 2024, "access_snap_m": 102.0, "access_quality": "approach-review", "access_src": "routed"}, "geometry": {"type": "Polygon", "coordinates": [[[-121.97668, 37.75834], [-121.9756, 37.76002], [-121.97686, 37.76154], [-121.97919, 37.76137], [-121.98028, 37.75968], [-121.97902, 37.75817], [-121.97668, 37.75834]]]}}, {"type": "Feature", "properties": {"id": 406, "name": "Foothill Gardens NW", "lst": 45.51, "green": 22.05, "pop": 96, "pct65": 15.4, "ac": 89.5, "holc": null, "access_min": 31.2, "access_km": 2.5, "score": 38.9, "rank": 290.0, "area_m2": 109888, "street_m": 1259, "canopy_m2": 24248.0, "row_m2": 15072.0, "row_canopy": 11.3, "veg": 30.4, "place": "res", "land": null, "green_src": "canopy", "canopy_source": "usfs-2022", "canopy_year": "2022", "assessed_m2": 109947.24, "coverage_frac": 0.9999926984856295, "canopy_quality": "full", "scenario_ok": true, "canopy_baseline_ok": true, "ac_src": "lace", "ac_coverage": 1.0, "acs_year": 2024, "access_snap_m": 70.0, "access_quality": "network-estimate", "access_src": "routed"}, "geometry": {"type": "Polygon", "coordinates": [[[-121.96967, 37.75885], [-121.96859, 37.76053], [-121.96984, 37.76204], [-121.97218, 37.76187], [-121.97326, 37.76019], [-121.97201, 37.75868], [-121.96967, 37.75885]]]}}, {"type": "Feature", "properties": {"id": 407, "name": "Bishop Ranch 6/City Village W 8", "lst": 44.17, "green": 26.92, "pop": 260, "pct65": 11.1, "ac": 87.62, "holc": null, "access_min": 24.4, "access_km": 1.95, "score": 28.9, "rank": 358.0, "area_m2": 109867, "street_m": 1357, "canopy_m2": 29589.0, "row_m2": 17241.0, "row_canopy": 6.6, "veg": 28.1, "place": "res", "land": null, "green_src": "canopy", "canopy_source": "usfs-2022", "canopy_year": "2022", "assessed_m2": 109924.92, "coverage_frac": 0.9999758295422048, "canopy_quality": "full", "scenario_ok": true, "canopy_baseline_ok": true, "ac_src": "lace", "ac_coverage": 1.0, "acs_year": 2024, "access_snap_m": 116.0, "access_quality": "approach-review", "access_src": "routed"}, "geometry": {"type": "Polygon", "coordinates": [[[-121.98063, 37.76607], [-121.97955, 37.76775], [-121.9808, 37.76926], [-121.98314, 37.76909], [-121.98422, 37.76741], [-121.98296, 37.7659], [-121.98063, 37.76607]]]}}, {"type": "Feature", "properties": {"id": 408, "name": "The Preserve S 9", "lst": 45.56, "green": 16.88, "pop": 263, "pct65": 11.1, "ac": 87.6, "holc": null, "access_min": 21.0, "access_km": 1.68, "score": 50.5, "rank": 204.0, "area_m2": 109862, "street_m": 948, "canopy_m2": 18551.0, "row_m2": 12084.0, "row_canopy": 9.1, "veg": 24.5, "place": "res", "land": null, "green_src": "canopy", "canopy_source": "usfs-2022", "canopy_year": "2022", "assessed_m2": 109922.04, "coverage_frac": 0.999998893058558, "canopy_quality": "full", "scenario_ok": true, "canopy_baseline_ok": true, "ac_src": "lace", "ac_coverage": 1.0, "acs_year": 2024, "access_snap_m": 133.0, "access_quality": "approach-review", "access_src": "routed"}, "geometry": {"type": "Polygon", "coordinates": [[[-121.98422, 37.76741], [-121.98314, 37.76909], [-121.9844, 37.7706], [-121.98673, 37.77043], [-121.98782, 37.76875], [-121.98656, 37.76724], [-121.98422, 37.76741]]]}}, {"type": "Feature", "properties": {"id": 409, "name": "Bishop Ranch 6/City Village W 7", "lst": 46.6, "green": 17.59, "pop": 351, "pct65": 11.6, "ac": 88.3, "holc": null, "access_min": 20.5, "access_km": 1.64, "score": 62.2, "rank": 113.0, "area_m2": 109868, "street_m": 1321, "canopy_m2": 19331.0, "row_m2": 17313.0, "row_canopy": 3.3, "veg": 21.9, "place": "res", "land": null, "green_src": "canopy", "canopy_source": "usfs-2022", "canopy_year": "2022", "assessed_m2": 109928.88, "coverage_frac": 1.0, "canopy_quality": "full", "scenario_ok": true, "canopy_baseline_ok": true, "ac_src": "lace", "ac_coverage": 1.0, "acs_year": 2024, "access_snap_m": 111.0, "access_quality": "approach-review", "access_src": "routed"}, "geometry": {"type": "Polygon", "coordinates": [[[-121.97721, 37.76792], [-121.97613, 37.7696], [-121.97738, 37.77111], [-121.97972, 37.77094], [-121.9808, 37.76926], [-121.97955, 37.76775], [-121.97721, 37.76792]]]}}, {"type": "Feature", "properties": {"id": 410, "name": "The Preserve SE 8", "lst": 44.77, "green": 23.35, "pop": 265, "pct65": 11.1, "ac": 87.6, "holc": null, "access_min": 24.2, "access_km": 1.94, "score": 37.4, "rank": 303.0, "area_m2": 109863, "street_m": 1375, "canopy_m2": 25662.0, "row_m2": 17799.0, "row_canopy": 4.9, "veg": 26.7, "place": "res", "land": null, "green_src": "canopy", "canopy_source": "usfs-2022", "canopy_year": "2022", "assessed_m2": 109921.32, "coverage_frac": 0.9999815146560328, "canopy_quality": "full", "scenario_ok": true, "canopy_baseline_ok": true, "ac_src": "lace", "ac_coverage": 1.0, "acs_year": 2024, "access_snap_m": 109.0, "access_quality": "approach-review", "access_src": "routed"}, "geometry": {"type": "Polygon", "coordinates": [[[-121.9808, 37.76926], [-121.97972, 37.77094], [-121.98098, 37.77246], [-121.98332, 37.77229], [-121.9844, 37.7706], [-121.98314, 37.76909], [-121.9808, 37.76926]]]}}, {"type": "Feature", "properties": {"id": 411, "name": "Foothill Gardens NW 6", "lst": 44.6, "green": 30.7, "pop": 213, "pct65": 13.5, "ac": 89.35, "holc": null, "access_min": 26.5, "access_km": 2.12, "score": 27.4, "rank": 362.0, "area_m2": 109872, "street_m": 1733, "canopy_m2": 33750.0, "row_m2": 20622.0, "row_canopy": 10.5, "veg": 28.4, "place": "res", "land": null, "green_src": "canopy", "canopy_source": "usfs-2022", "canopy_year": "2022", "assessed_m2": 109929.24, "coverage_frac": 0.9999767017019816, "canopy_quality": "full", "scenario_ok": true, "canopy_baseline_ok": true, "ac_src": "lace", "ac_coverage": 1.0, "acs_year": 2024, "access_snap_m": 100.0, "access_quality": "network-estimate", "access_src": "routed"}, "geometry": {"type": "Polygon", "coordinates": [[[-121.98045, 37.76288], [-121.97937, 37.76456], [-121.98063, 37.76607], [-121.98296, 37.7659], [-121.98405, 37.76422], [-121.98279, 37.76271], [-121.98045, 37.76288]]]}}, {"type": "Feature", "properties": {"id": 412, "name": "The Preserve S 13", "lst": 44.93, "green": 21.99, "pop": 213, "pct65": 13.3, "ac": 87.6, "holc": null, "access_min": 21.5, "access_km": 1.72, "score": 39.5, "rank": 286.0, "area_m2": 109866, "street_m": 1669, "canopy_m2": 24177.0, "row_m2": 21082.0, "row_canopy": 5.6, "veg": 25.4, "place": "res", "land": null, "green_src": "canopy", "canopy_source": "usfs-2022", "canopy_year": "2022", "assessed_m2": 109926.36, "coverage_frac": 0.999999762643936, "canopy_quality": "full", "scenario_ok": true, "canopy_baseline_ok": true, "ac_src": "lace", "ac_coverage": 1.0, "acs_year": 2024, "access_snap_m": 10.0, "access_quality": "network-estimate", "access_src": "routed"}, "geometry": {"type": "Polygon", "coordinates": [[[-121.98405, 37.76422], [-121.98296, 37.7659], [-121.98422, 37.76741], [-121.98656, 37.76724], [-121.98764, 37.76556], [-121.98638, 37.76405], [-121.98405, 37.76422]]]}}, {"type": "Feature", "properties": {"id": 413, "name": "Bishop Ranch 6/City Village SW 4", "lst": 45.86, "green": 19.06, "pop": 361, "pct65": 14.0, "ac": 89.5, "holc": null, "access_min": 24.0, "access_km": 1.92, "score": 57.3, "rank": 152.0, "area_m2": 109873, "street_m": 1177, "canopy_m2": 20954.0, "row_m2": 15116.0, "row_canopy": 7.6, "veg": 25.6, "place": "res", "land": null, "green_src": "canopy", "canopy_source": "usfs-2022", "canopy_year": "2022", "assessed_m2": 109932.48, "coverage_frac": 0.9999953454670848, "canopy_quality": "full", "scenario_ok": true, "canopy_baseline_ok": true, "ac_src": "lace", "ac_coverage": 1.0, "acs_year": 2024, "access_snap_m": 61.0, "access_quality": "network-estimate", "access_src": "routed"}, "geometry": {"type": "Polygon", "coordinates": [[[-121.97703, 37.76473], [-121.97595, 37.76641], [-121.97721, 37.76792], [-121.97955, 37.76775], [-121.98063, 37.76607], [-121.97937, 37.76456], [-121.97703, 37.76473]]]}}, {"type": "Feature", "properties": {"id": 414, "name": "Bishop Ranch 6/City Village S 3", "lst": 39.85, "green": 23.84, "pop": 0, "pct65": 12.3, "ac": 65.07, "holc": null, "access_min": 15.8, "access_km": 1.27, "score": null, "rank": null, "area_m2": 109890, "street_m": 383, "canopy_m2": 26210.0, "row_m2": 3528.0, "row_canopy": 34.1, "veg": 20.0, "place": "activity", "land": null, "green_src": "canopy", "canopy_source": "usfs-2022", "canopy_year": "2022", "assessed_m2": 109948.32, "coverage_frac": 0.9999809008185868, "canopy_quality": "full", "scenario_ok": true, "canopy_baseline_ok": true, "ac_src": "income-model", "ac_coverage": null, "acs_year": 2024, "access_snap_m": 107.0, "access_quality": "approach-review", "access_src": "routed"}, "geometry": {"type": "Polygon", "coordinates": [[[-121.96283, 37.76255], [-121.96175, 37.76423], [-121.963, 37.76575], [-121.96534, 37.76558], [-121.96642, 37.76389], [-121.96517, 37.76238], [-121.96283, 37.76255]]]}}, {"type": "Feature", "properties": {"id": 415, "name": "Bishop Ranch 6/City Village S 2", "lst": 43.15, "green": 26.6, "pop": 9, "pct65": 13.1, "ac": 87.59, "holc": null, "access_min": 20.5, "access_km": 1.64, "score": 17.2, "rank": 401.0, "area_m2": 109885, "street_m": 927, "canopy_m2": 29243.0, "row_m2": 10146.0, "row_canopy": 17.7, "veg": 24.5, "place": "res", "land": null, "green_src": "canopy", "canopy_source": "usfs-2022", "canopy_year": "2022", "assessed_m2": 109944.72, "coverage_frac": 0.9999973837432018, "canopy_quality": "full", "scenario_ok": true, "canopy_baseline_ok": true, "ac_src": "lace", "ac_coverage": 1.0, "acs_year": 2024, "access_snap_m": 50.0, "access_quality": "network-estimate", "access_src": "routed"}, "geometry": {"type": "Polygon", "coordinates": [[[-121.96642, 37.76389], [-121.96534, 37.76558], [-121.9666, 37.76709], [-121.96894, 37.76692], [-121.97002, 37.76524], [-121.96876, 37.76373], [-121.96642, 37.76389]]]}}, {"type": "Feature", "properties": {"id": 416, "name": "Bishop Ranch 6/City Village SE 2", "lst": 42.56, "green": 24.08, "pop": 0, "pct65": 12.3, "ac": 65.07, "holc": null, "access_min": 12.7, "access_km": 1.01, "score": null, "rank": null, "area_m2": 109891, "street_m": 286, "canopy_m2": 26478.0, "row_m2": 3986.0, "row_canopy": 0.7, "veg": 21.8, "place": "activity", "land": null, "green_src": "canopy", "canopy_source": "usfs-2022", "canopy_year": "2022", "assessed_m2": 109951.92, "coverage_frac": 1.0, "canopy_quality": "full", "scenario_ok": true, "canopy_baseline_ok": true, "ac_src": "income-model", "ac_coverage": null, "acs_year": 2024, "access_snap_m": 56.0, "access_quality": "network-estimate", "access_src": "routed"}, "geometry": {"type": "Polygon", "coordinates": [[[-121.95941, 37.7644], [-121.95833, 37.76608], [-121.95958, 37.7676], [-121.96192, 37.76743], [-121.963, 37.76575], [-121.96175, 37.76423], [-121.95941, 37.7644]]]}}, {"type": "Feature", "properties": {"id": 417, "name": "Bishop Ranch 6/City Village S", "lst": 45.02, "green": 21.47, "pop": 19, "pct65": 14.0, "ac": 86.9, "holc": null, "access_min": 17.1, "access_km": 1.37, "score": 32.3, "rank": 335.0, "area_m2": 109886, "street_m": 97, "canopy_m2": 23603.0, "row_m2": 1234.0, "row_canopy": 4.4, "veg": 21.4, "place": "res", "land": null, "green_src": "canopy", "canopy_source": "usfs-2022", "canopy_year": "2022", "assessed_m2": 109943.64, "coverage_frac": 0.9999767605765636, "canopy_quality": "full", "scenario_ok": true, "canopy_baseline_ok": true, "ac_src": "lace", "ac_coverage": 1.0, "acs_year": 2024, "access_snap_m": 41.0, "access_quality": "network-estimate", "access_src": "routed"}, "geometry": {"type": "Polygon", "coordinates": [[[-121.963, 37.76575], [-121.96192, 37.76743], [-121.96318, 37.76894], [-121.96552, 37.76877], [-121.9666, 37.76709], [-121.96534, 37.76558], [-121.963, 37.76575]]]}}, {"type": "Feature", "properties": {"id": 418, "name": "Foothill Gardens NE", "lst": 46.35, "green": 22.66, "pop": 0, "pct65": 12.3, "ac": 65.07, "holc": null, "access_min": 13.8, "access_km": 1.1, "score": null, "rank": null, "area_m2": 109894, "street_m": 744, "canopy_m2": 24921.0, "row_m2": 10117.0, "row_canopy": 1.5, "veg": 15.5, "place": "activity", "land": null, "green_src": "canopy", "canopy_source": "usfs-2022", "canopy_year": "2022", "assessed_m2": 109954.08, "coverage_frac": 0.9999948702824332, "canopy_quality": "full", "scenario_ok": true, "canopy_baseline_ok": true, "ac_src": "income-model", "ac_coverage": null, "acs_year": 2024, "access_snap_m": 67.0, "access_quality": "network-estimate", "access_src": "routed"}, "geometry": {"type": "Polygon", "coordinates": [[[-121.96265, 37.75936], [-121.96157, 37.76104], [-121.96283, 37.76255], [-121.96517, 37.76238], [-121.96625, 37.7607], [-121.96499, 37.75919], [-121.96265, 37.75936]]]}}, {"type": "Feature", "properties": {"id": 419, "name": "Foothill Gardens N 2", "lst": 44.63, "green": 25.66, "pop": 81, "pct65": 15.3, "ac": 89.5, "holc": null, "access_min": 27.4, "access_km": 2.19, "score": 29.6, "rank": 351.0, "area_m2": 109889, "street_m": 1004, "canopy_m2": 28209.0, "row_m2": 12291.0, "row_canopy": 11.9, "veg": 18.7, "place": "res", "land": null, "green_src": "canopy", "canopy_source": "usfs-2022", "canopy_year": "2022", "assessed_m2": 109948.68, "coverage_frac": 0.9999949803494091, "canopy_quality": "full", "scenario_ok": true, "canopy_baseline_ok": true, "ac_src": "lace", "ac_coverage": 1.0, "acs_year": 2024, "access_snap_m": 42.0, "access_quality": "network-estimate", "access_src": "routed"}, "geometry": {"type": "Polygon", "coordinates": [[[-121.96625, 37.7607], [-121.96517, 37.76238], [-121.96642, 37.76389], [-121.96876, 37.76373], [-121.96984, 37.76204], [-121.96859, 37.76053], [-121.96625, 37.7607]]]}}, {"type": "Feature", "properties": {"id": 420, "name": "San Ramon SW 2", "lst": 44.65, "green": 11.18, "pop": 0, "pct65": 12.3, "ac": 65.07, "holc": null, "access_min": 9.9, "access_km": 0.79, "score": null, "rank": null, "area_m2": 109896, "street_m": 1379, "canopy_m2": 12295.0, "row_m2": 16354.0, "row_canopy": 7.9, "veg": 11.5, "place": "activity", "land": null, "green_src": "canopy", "canopy_source": "usfs-2022", "canopy_year": "2022", "assessed_m2": 109955.16, "coverage_frac": 0.9999938916863154, "canopy_quality": "full", "scenario_ok": true, "canopy_baseline_ok": true, "ac_src": "income-model", "ac_coverage": null, "acs_year": 2024, "access_snap_m": 27.0, "access_quality": "network-estimate", "access_src": "routed"}, "geometry": {"type": "Polygon", "coordinates": [[[-121.95923, 37.76121], [-121.95815, 37.76289], [-121.95941, 37.7644], [-121.96175, 37.76423], [-121.96283, 37.76255], [-121.96157, 37.76104], [-121.95923, 37.76121]]]}}, {"type": "Feature", "properties": {"id": 421, "name": "Bishop Ranch 6/City Village W 2", "lst": 43.63, "green": 23.2, "pop": 60, "pct65": 15.2, "ac": 88.71, "holc": null, "access_min": 12.9, "access_km": 1.03, "score": 25.7, "rank": 369.0, "area_m2": 109875, "street_m": 1216, "canopy_m2": 25508.0, "row_m2": 14723.0, "row_canopy": 9.9, "veg": 22.3, "place": "res", "land": null, "green_src": "canopy", "canopy_source": "usfs-2022", "canopy_year": "2022", "assessed_m2": 109934.28, "coverage_frac": 0.9999900903515434, "canopy_quality": "full", "scenario_ok": true, "canopy_baseline_ok": true, "ac_src": "lace", "ac_coverage": 1.0, "acs_year": 2024, "access_snap_m": 104.0, "access_quality": "approach-review", "access_src": "routed"}, "geometry": {"type": "Polygon", "coordinates": [[[-121.97019, 37.76843], [-121.96911, 37.77011], [-121.97037, 37.77162], [-121.97271, 37.77145], [-121.97379, 37.76977], [-121.97253, 37.76826], [-121.97019, 37.76843]]]}}, {"type": "Feature", "properties": {"id": 422, "name": "Bishop Ranch 6/City Village W 4", "lst": 45.18, "green": 26.88, "pop": 356, "pct65": 7.3, "ac": 92.46, "holc": null, "access_min": 15.4, "access_km": 1.24, "score": 36.3, "rank": 314.0, "area_m2": 109870, "street_m": 1507, "canopy_m2": 29552.0, "row_m2": 17517.0, "row_canopy": 12.0, "veg": 20.9, "place": "res", "land": null, "green_src": "canopy", "canopy_source": "usfs-2022", "canopy_year": "2022", "assessed_m2": 109929.96, "coverage_frac": 1.0, "canopy_quality": "full", "scenario_ok": true, "canopy_baseline_ok": true, "ac_src": "lace", "ac_coverage": 1.0, "acs_year": 2024, "access_snap_m": 49.0, "access_quality": "network-estimate", "access_src": "routed"}, "geometry": {"type": "Polygon", "coordinates": [[[-121.97379, 37.76977], [-121.97271, 37.77145], [-121.97396, 37.77296], [-121.9763, 37.77279], [-121.97738, 37.77111], [-121.97613, 37.7696], [-121.97379, 37.76977]]]}}, {"type": "Feature", "properties": {"id": 423, "name": "Bishop Ranch 6/City Village W", "lst": 46.07, "green": 21.63, "pop": 0, "pct65": 12.3, "ac": 65.07, "holc": null, "access_min": 8.3, "access_km": 0.66, "score": null, "rank": null, "area_m2": 109876, "street_m": 284, "canopy_m2": 23784.0, "row_m2": 3416.0, "row_canopy": 9.0, "veg": 20.0, "place": "activity", "land": null, "green_src": "canopy", "canopy_source": "usfs-2022", "canopy_year": "2022", "assessed_m2": 109937.16, "coverage_frac": 1.0, "canopy_quality": "full", "scenario_ok": true, "canopy_baseline_ok": true, "ac_src": "income-model", "ac_coverage": null, "acs_year": 2024, "access_snap_m": 161.0, "access_quality": "approach-review", "access_src": "routed"}, "geometry": {"type": "Polygon", "coordinates": [[[-121.96677, 37.77028], [-121.96569, 37.77196], [-121.96695, 37.77347], [-121.96929, 37.7733], [-121.97037, 37.77162], [-121.96911, 37.77011], [-121.96677, 37.77028]]]}}, {"type": "Feature", "properties": {"id": 424, "name": "Bishop Ranch 6/City Village W 3", "lst": 43.98, "green": 29.93, "pop": 30, "pct65": 14.7, "ac": 86.9, "holc": null, "access_min": 11.0, "access_km": 0.88, "score": 19.8, "rank": 394.0, "area_m2": 109871, "street_m": 556, "canopy_m2": 32901.0, "row_m2": 5615.0, "row_canopy": 23.5, "veg": 21.0, "place": "res", "land": null, "green_src": "canopy", "canopy_source": "usfs-2022", "canopy_year": "2022", "assessed_m2": 109928.88, "coverage_frac": 0.9999794111887248, "canopy_quality": "full", "scenario_ok": true, "canopy_baseline_ok": true, "ac_src": "lace", "ac_coverage": 1.0, "acs_year": 2024, "access_snap_m": 36.0, "access_quality": "network-estimate", "access_src": "routed"}, "geometry": {"type": "Polygon", "coordinates": [[[-121.97037, 37.77162], [-121.96929, 37.7733], [-121.97054, 37.77481], [-121.97288, 37.77465], [-121.97396, 37.77296], [-121.97271, 37.77145], [-121.97037, 37.77162]]]}}, {"type": "Feature", "properties": {"id": 425, "name": "Bishop Ranch 6/City Village SW 2", "lst": 44.88, "green": 22.82, "pop": 137, "pct65": 16.2, "ac": 89.5, "holc": null, "access_min": 24.7, "access_km": 1.98, "score": 36.8, "rank": 309.0, "area_m2": 109879, "street_m": 1522, "canopy_m2": 25092.0, "row_m2": 18273.0, "row_canopy": 10.5, "veg": 20.9, "place": "res", "land": null, "green_src": "canopy", "canopy_source": "usfs-2022", "canopy_year": "2022", "assessed_m2": 109938.6, "coverage_frac": 0.9999909524452693, "canopy_quality": "full", "scenario_ok": true, "canopy_baseline_ok": true, "ac_src": "lace", "ac_coverage": 1.0, "acs_year": 2024, "access_snap_m": 133.0, "access_quality": "approach-review", "access_src": "routed"}, "geometry": {"type": "Polygon", "coordinates": [[[-121.97002, 37.76524], [-121.96894, 37.76692], [-121.97019, 37.76843], [-121.97253, 37.76826], [-121.97361, 37.76658], [-121.97236, 37.76507], [-121.97002, 37.76524]]]}}, {"type": "Feature", "properties": {"id": 426, "name": "Bishop Ranch 6/City Village SW 3", "lst": 46.63, "green": 16.58, "pop": 312, "pct65": 15.6, "ac": 89.5, "holc": null, "access_min": 19.1, "access_km": 1.53, "score": 64.5, "rank": 99.0, "area_m2": 109874, "street_m": 1251, "canopy_m2": 18223.0, "row_m2": 15927.0, "row_canopy": 5.7, "veg": 22.5, "place": "res", "land": null, "green_src": "canopy", "canopy_source": "usfs-2022", "canopy_year": "2022", "assessed_m2": 109933.92, "coverage_frac": 0.9999976250776172, "canopy_quality": "full", "scenario_ok": true, "canopy_baseline_ok": true, "ac_src": "lace", "ac_coverage": 1.0, "acs_year": 2024, "access_snap_m": 70.0, "access_quality": "network-estimate", "access_src": "routed"}, "geometry": {"type": "Polygon", "coordinates": [[[-121.97361, 37.76658], [-121.97253, 37.76826], [-121.97379, 37.76977], [-121.97613, 37.7696], [-121.97721, 37.76792], [-121.97595, 37.76641], [-121.97361, 37.76658]]]}}, {"type": "Feature", "properties": {"id": 427, "name": "Bishop Ranch 6/City Village SW", "lst": 45.58, "green": 23.12, "pop": 0, "pct65": 12.3, "ac": 65.07, "holc": null, "access_min": 16.7, "access_km": 1.34, "score": null, "rank": null, "area_m2": 109880, "street_m": 752, "canopy_m2": 25422.0, "row_m2": 7949.0, "row_canopy": 17.5, "veg": 20.5, "place": "activity", "land": null, "green_src": "canopy", "canopy_source": "usfs-2022", "canopy_year": "2022", "assessed_m2": 109940.04, "coverage_frac": 0.9999932456895656, "canopy_quality": "full", "scenario_ok": true, "canopy_baseline_ok": true, "ac_src": "income-model", "ac_coverage": null, "acs_year": 2024, "access_snap_m": 86.0, "access_quality": "network-estimate", "access_src": "routed"}, "geometry": {"type": "Polygon", "coordinates": [[[-121.9666, 37.76709], [-121.96552, 37.76877], [-121.96677, 37.77028], [-121.96911, 37.77011], [-121.97019, 37.76843], [-121.96894, 37.76692], [-121.9666, 37.76709]]]}}, {"type": "Feature", "properties": {"id": 428, "name": "Foothill Gardens SW 3", "lst": 39.15, "green": 23.56, "pop": 10, "pct65": 12.2, "ac": 92.7, "holc": null, "access_min": 45.1, "access_km": 3.61, "score": 13.1, "rank": 408.0, "area_m2": 109890, "street_m": 13, "canopy_m2": 1153.0, "row_m2": 261.0, "row_canopy": 0.0, "veg": 40.8, "place": "res", "land": null, "green_src": "canopy", "canopy_source": "usfs-2022", "canopy_year": "2022", "assessed_m2": 4892.4, "coverage_frac": 0.0444966367217007, "canopy_quality": "partial", "scenario_ok": true, "canopy_baseline_ok": false, "ac_src": "lace", "ac_coverage": 1.0, "acs_year": 2024, "access_snap_m": 389.0, "access_quality": "approach-review", "access_src": "routed"}, "geometry": {"type": "Polygon", "coordinates": [[[-121.97633, 37.75196], [-121.97525, 37.75364], [-121.97651, 37.75515], [-121.97884, 37.75498], [-121.97993, 37.7533], [-121.97867, 37.75179], [-121.97633, 37.75196]]]}}, {"type": "Feature", "properties": {"id": 429, "name": "Foothill Gardens W 7", "lst": 42.73, "green": 15.48, "pop": 7, "pct65": 12.2, "ac": 92.7, "holc": null, "access_min": 45.7, "access_km": 3.65, "score": 24.6, "rank": 377.0, "area_m2": 109884, "street_m": 0, "canopy_m2": 455.0, "row_m2": 0.0, "row_canopy": 0.0, "veg": 33.4, "place": "res", "land": null, "green_src": "canopy", "canopy_source": "usfs-2022", "canopy_year": "2022", "assessed_m2": 2939.04, "coverage_frac": 0.0267320405057882, "canopy_quality": "partial", "scenario_ok": false, "canopy_baseline_ok": false, "ac_src": "lace", "ac_coverage": 1.0, "acs_year": 2024, "access_snap_m": 397.0, "access_quality": "approach-review", "access_src": "routed"}, "geometry": {"type": "Polygon", "coordinates": [[[-121.97993, 37.7533], [-121.97884, 37.75498], [-121.9801, 37.75649], [-121.98244, 37.75632], [-121.98352, 37.75464], [-121.98226, 37.75313], [-121.97993, 37.7533]]]}}, {"type": "Feature", "properties": {"id": 430, "name": "Foothill Gardens W 2", "lst": 45.02, "green": 19.43, "pop": 214, "pct65": 20.5, "ac": 92.7, "holc": null, "access_min": 41.2, "access_km": 3.3, "score": 48.1, "rank": 228.0, "area_m2": 109891, "street_m": 1297, "canopy_m2": 19705.0, "row_m2": 16569.0, "row_canopy": 6.0, "veg": 22.4, "place": "res", "land": null, "green_src": "canopy", "canopy_source": "usfs-2022", "canopy_year": "2022", "assessed_m2": 101439.72, "coverage_frac": 0.9225896168599728, "canopy_quality": "partial", "scenario_ok": true, "canopy_baseline_ok": false, "ac_src": "lace", "ac_coverage": 1.0, "acs_year": 2024, "access_snap_m": 120.0, "access_quality": "approach-review", "access_src": "routed"}, "geometry": {"type": "Polygon", "coordinates": [[[-121.97291, 37.75381], [-121.97183, 37.75549], [-121.97309, 37.757], [-121.97543, 37.75683], [-121.97651, 37.75515], [-121.97525, 37.75364], [-121.97291, 37.75381]]]}}, {"type": "Feature", "properties": {"id": 431, "name": "Foothill Gardens W 4", "lst": 45.6, "green": 15.0, "pop": 201, "pct65": 22.0, "ac": 92.7, "holc": null, "access_min": 38.0, "access_km": 3.04, "score": 57.1, "rank": 155.0, "area_m2": 109886, "street_m": 896, "canopy_m2": 15651.0, "row_m2": 11580.0, "row_canopy": 5.1, "veg": 21.9, "place": "res", "land": null, "green_src": "canopy", "canopy_source": "usfs-2022", "canopy_year": "2022", "assessed_m2": 104348.88, "coverage_frac": 0.9490950230445812, "canopy_quality": "partial", "scenario_ok": true, "canopy_baseline_ok": false, "ac_src": "lace", "ac_coverage": 1.0, "acs_year": 2024, "access_snap_m": 212.0, "access_quality": "approach-review", "access_src": "routed"}, "geometry": {"type": "Polygon", "coordinates": [[[-121.97651, 37.75515], [-121.97543, 37.75683], [-121.97668, 37.75834], [-121.97902, 37.75817], [-121.9801, 37.75649], [-121.97884, 37.75498], [-121.97651, 37.75515]]]}}, {"type": "Feature", "properties": {"id": 432, "name": "Foothill Gardens SW 2", "lst": 39.75, "green": 13.15, "pop": 8, "pct65": 12.2, "ac": 92.7, "holc": null, "access_min": 40.5, "access_km": 3.24, "score": 22.5, "rank": 387.0, "area_m2": 109895, "street_m": 0, "canopy_m2": 438.0, "row_m2": 0.0, "row_canopy": 0.0, "veg": 38.4, "place": "res", "land": null, "green_src": "canopy", "canopy_source": "usfs-2022", "canopy_year": "2022", "assessed_m2": 3329.64, "coverage_frac": 0.0302817609856285, "canopy_quality": "partial", "scenario_ok": false, "canopy_baseline_ok": false, "ac_src": "lace", "ac_coverage": 1.0, "acs_year": 2024, "access_snap_m": 351.0, "access_quality": "approach-review", "access_src": "routed"}, "geometry": {"type": "Polygon", "coordinates": [[[-121.97274, 37.75061], [-121.97166, 37.7523], [-121.97291, 37.75381], [-121.97525, 37.75364], [-121.97633, 37.75196], [-121.97507, 37.75045], [-121.97274, 37.75061]]]}}, {"type": "Feature", "properties": {"id": 433, "name": "Foothill Gardens W 9", "lst": 42.41, "green": 20.58, "pop": 69, "pct65": 11.8, "ac": 92.7, "holc": null, "access_min": 35.3, "access_km": 2.82, "score": 19.9, "rank": 393.0, "area_m2": 109875, "street_m": 642, "canopy_m2": 21601.0, "row_m2": 7609.0, "row_canopy": 13.9, "veg": 28.6, "place": "res", "land": null, "green_src": "canopy", "canopy_source": "usfs-2022", "canopy_year": "2022", "assessed_m2": 104946.12, "coverage_frac": 0.9546211843312978, "canopy_quality": "partial", "scenario_ok": true, "canopy_baseline_ok": false, "ac_src": "lace", "ac_coverage": 1.0, "acs_year": 2024, "access_snap_m": 203.0, "access_quality": "approach-review", "access_src": "routed"}, "geometry": {"type": "Polygon", "coordinates": [[[-121.98369, 37.75783], [-121.98261, 37.75952], [-121.98387, 37.76103], [-121.98621, 37.76086], [-121.98729, 37.75918], [-121.98603, 37.75766], [-121.98369, 37.75783]]]}}, {"type": "Feature", "properties": {"id": 434, "name": "Norris Canyon N", "lst": 44.53, "green": 51.41, "pop": 25, "pct65": 12.1, "ac": 92.7, "holc": null, "access_min": 29.7, "access_km": 2.37, "score": 13.9, "rank": 405.0, "area_m2": 109869, "street_m": 521, "canopy_m2": 15318.0, "row_m2": 4536.0, "row_canopy": 11.9, "veg": 23.7, "place": "res", "land": null, "green_src": "canopy", "canopy_source": "usfs-2022", "canopy_year": "2022", "assessed_m2": 29795.04, "coverage_frac": 0.2710379148945144, "canopy_quality": "partial", "scenario_ok": true, "canopy_baseline_ok": false, "ac_src": "lace", "ac_coverage": 1.0, "acs_year": 2024, "access_snap_m": 317.0, "access_quality": "approach-review", "access_src": "routed"}, "geometry": {"type": "Polygon", "coordinates": [[[-121.98729, 37.75918], [-121.98621, 37.76086], [-121.98746, 37.76237], [-121.9898, 37.7622], [-121.99088, 37.76052], [-121.98963, 37.75901], [-121.98729, 37.75918]]]}}, {"type": "Feature", "properties": {"id": 435, "name": "Foothill Gardens W 8", "lst": 45.24, "green": 18.96, "pop": 204, "pct65": 14.1, "ac": 92.01, "holc": null, "access_min": 30.2, "access_km": 2.42, "score": 45.1, "rank": 252.0, "area_m2": 109876, "street_m": 1830, "canopy_m2": 20839.0, "row_m2": 23132.0, "row_canopy": 5.2, "veg": 24.8, "place": "res", "land": null, "green_src": "canopy", "canopy_source": "usfs-2022", "canopy_year": "2022", "assessed_m2": 109934.28, "coverage_frac": 0.9999841304077612, "canopy_quality": "full", "scenario_ok": true, "canopy_baseline_ok": true, "ac_src": "lace", "ac_coverage": 1.0, "acs_year": 2024, "access_snap_m": 94.0, "access_quality": "network-estimate", "access_src": "routed"}, "geometry": {"type": "Polygon", "coordinates": [[[-121.98028, 37.75968], [-121.97919, 37.76137], [-121.98045, 37.76288], [-121.98279, 37.76271], [-121.98387, 37.76103], [-121.98261, 37.75952], [-121.98028, 37.75968]]]}}, {"type": "Feature", "properties": {"id": 436, "name": "Foothill Gardens W 10", "lst": 43.13, "green": 43.1, "pop": 128, "pct65": 13.9, "ac": 88.91, "holc": null, "access_min": 26.9, "access_km": 2.15, "score": 9.1, "rank": 412.0, "area_m2": 109870, "street_m": 960, "canopy_m2": 40058.0, "row_m2": 11783.0, "row_canopy": 13.4, "veg": 33.6, "place": "res", "land": null, "green_src": "canopy", "canopy_source": "usfs-2022", "canopy_year": "2022", "assessed_m2": 92940.84, "coverage_frac": 0.8454500548450531, "canopy_quality": "partial", "scenario_ok": true, "canopy_baseline_ok": false, "ac_src": "lace", "ac_coverage": 1.0, "acs_year": 2024, "access_snap_m": 194.0, "access_quality": "approach-review", "access_src": "routed"}, "geometry": {"type": "Polygon", "coordinates": [[[-121.98387, 37.76103], [-121.98279, 37.76271], [-121.98405, 37.76422], [-121.98638, 37.76405], [-121.98746, 37.76237], [-121.98621, 37.76086], [-121.98387, 37.76103]]]}}, {"type": "Feature", "properties": {"id": 437, "name": "Norris Canyon", "lst": 41.63, "green": 9.93, "pop": 32, "pct65": 13.3, "ac": 92.7, "holc": null, "access_min": 41.4, "access_km": 3.31, "score": 27.0, "rank": 363.0, "area_m2": 109879, "street_m": 132, "canopy_m2": 1956.0, "row_m2": 1844.0, "row_canopy": 0.3, "veg": 32.5, "place": "res", "land": null, "green_src": "canopy", "canopy_source": "usfs-2022", "canopy_year": "2022", "assessed_m2": 19691.64, "coverage_frac": 0.1791141472948285, "canopy_quality": "partial", "scenario_ok": true, "canopy_baseline_ok": false, "ac_src": "lace", "ac_coverage": 1.0, "acs_year": 2024, "access_snap_m": 223.0, "access_quality": "approach-review", "access_src": "routed"}, "geometry": {"type": "Polygon", "coordinates": [[[-121.98352, 37.75464], [-121.98244, 37.75632], [-121.98369, 37.75783], [-121.98603, 37.75766], [-121.98711, 37.75598], [-121.98586, 37.75447], [-121.98352, 37.75464]]]}}, {"type": "Feature", "properties": {"id": 438, "name": "Foothill Gardens W 6", "lst": 43.91, "green": 27.16, "pop": 135, "pct65": 18.9, "ac": 92.7, "holc": null, "access_min": 36.2, "access_km": 2.9, "score": 28.1, "rank": 359.0, "area_m2": 109880, "street_m": 658, "canopy_m2": 29790.0, "row_m2": 9110.0, "row_canopy": 1.0, "veg": 28.9, "place": "res", "land": null, "green_src": "canopy", "canopy_source": "usfs-2022", "canopy_year": "2022", "assessed_m2": 109686.6, "coverage_frac": 0.9976928626599446, "canopy_quality": "full", "scenario_ok": true, "canopy_baseline_ok": true, "ac_src": "lace", "ac_coverage": 1.0, "acs_year": 2024, "access_snap_m": 271.0, "access_quality": "approach-review", "access_src": "routed"}, "geometry": {"type": "Polygon", "coordinates": [[[-121.9801, 37.75649], [-121.97902, 37.75817], [-121.98028, 37.75968], [-121.98261, 37.75952], [-121.98369, 37.75783], [-121.98244, 37.75632], [-121.9801, 37.75649]]]}}, {"type": "Feature", "properties": {"id": 439, "name": "Foothill Gardens", "lst": 48.32, "green": 10.98, "pop": 198, "pct65": 24.7, "ac": 92.7, "holc": null, "access_min": 34.3, "access_km": 2.75, "score": 80.6, "rank": 23.0, "area_m2": 109898, "street_m": 804, "canopy_m2": 12070.0, "row_m2": 9949.0, "row_canopy": 8.7, "veg": 16.1, "place": "res", "land": null, "green_src": "canopy", "canopy_source": "usfs-2022", "canopy_year": "2022", "assessed_m2": 109958.76, "coverage_frac": 1.0, "canopy_quality": "full", "scenario_ok": true, "canopy_baseline_ok": true, "ac_src": "lace", "ac_coverage": 1.0, "acs_year": 2024, "access_snap_m": 119.0, "access_quality": "approach-review", "access_src": "routed"}, "geometry": {"type": "Polygon", "coordinates": [[[-121.9659, 37.75432], [-121.96482, 37.756], [-121.96607, 37.75751], [-121.96841, 37.75734], [-121.96949, 37.75566], [-121.96824, 37.75415], [-121.9659, 37.75432]]]}}, {"type": "Feature", "properties": {"id": 440, "name": "Foothill Gardens W", "lst": 45.71, "green": 13.13, "pop": 62, "pct65": 18.3, "ac": 92.7, "holc": null, "access_min": 35.7, "access_km": 2.85, "score": 48.7, "rank": 223.0, "area_m2": 109892, "street_m": 192, "canopy_m2": 14434.0, "row_m2": 2542.0, "row_canopy": 2.5, "veg": 20.1, "place": "res", "land": null, "green_src": "canopy", "canopy_source": "usfs-2022", "canopy_year": "2022", "assessed_m2": 109950.84, "coverage_frac": 0.999987034118664, "canopy_quality": "full", "scenario_ok": true, "canopy_baseline_ok": true, "ac_src": "lace", "ac_coverage": 1.0, "acs_year": 2024, "access_snap_m": 163.0, "access_quality": "approach-review", "access_src": "routed"}, "geometry": {"type": "Polygon", "coordinates": [[[-121.96949, 37.75566], [-121.96841, 37.75734], [-121.96967, 37.75885], [-121.97201, 37.75868], [-121.97309, 37.757], [-121.97183, 37.75549], [-121.96949, 37.75566]]]}}, {"type": "Feature", "properties": {"id": 441, "name": "Foothill Gardens E", "lst": 43.27, "green": 36.09, "pop": 38, "pct65": 17.5, "ac": 92.7, "holc": null, "access_min": 16.3, "access_km": 1.3, "score": 12.1, "rank": 410.0, "area_m2": 109899, "street_m": 689, "canopy_m2": 39680.0, "row_m2": 8227.0, "row_canopy": 16.5, "veg": 25.1, "place": "res", "land": null, "green_src": "canopy", "canopy_source": "usfs-2022", "canopy_year": "2022", "assessed_m2": 109958.04, "coverage_frac": 0.9999924762844968, "canopy_quality": "full", "scenario_ok": true, "canopy_baseline_ok": true, "ac_src": "lace", "ac_coverage": 1.0, "acs_year": 2024, "access_snap_m": 87.0, "access_quality": "network-estimate", "access_src": "routed"}, "geometry": {"type": "Polygon", "coordinates": [[[-121.96248, 37.75617], [-121.9614, 37.75785], [-121.96265, 37.75936], [-121.96499, 37.75919], [-121.96607, 37.75751], [-121.96482, 37.756], [-121.96248, 37.75617]]]}}, {"type": "Feature", "properties": {"id": 442, "name": "Foothill Gardens N", "lst": 45.66, "green": 19.43, "pop": 95, "pct65": 20.6, "ac": 92.25, "holc": null, "access_min": 32.5, "access_km": 2.6, "score": 45.5, "rank": 251.0, "area_m2": 109893, "street_m": 1719, "canopy_m2": 21365.0, "row_m2": 21497.0, "row_canopy": 6.6, "veg": 20.0, "place": "res", "land": null, "green_src": "canopy", "canopy_source": "usfs-2022", "canopy_year": "2022", "assessed_m2": 109953.72, "coverage_frac": 1.0, "canopy_quality": "full", "scenario_ok": true, "canopy_baseline_ok": true, "ac_src": "lace", "ac_coverage": 1.0, "acs_year": 2024, "access_snap_m": 27.0, "access_quality": "network-estimate", "access_src": "routed"}, "geometry": {"type": "Polygon", "coordinates": [[[-121.96607, 37.75751], [-121.96499, 37.75919], [-121.96625, 37.7607], [-121.96859, 37.76053], [-121.96967, 37.75885], [-121.96841, 37.75734], [-121.96607, 37.75751]]]}}, {"type": "Feature", "properties": {"id": 443, "name": "Foothill Gardens S", "lst": 47.51, "green": 13.9, "pop": 167, "pct65": 18.7, "ac": 92.7, "holc": null, "access_min": 31.2, "access_km": 2.5, "score": 65.8, "rank": 93.0, "area_m2": 109902, "street_m": 651, "canopy_m2": 14393.0, "row_m2": 8607.0, "row_canopy": 4.1, "veg": 19.6, "place": "res", "land": null, "green_src": "canopy", "canopy_source": "usfs-2022", "canopy_year": "2022", "assessed_m2": 103517.28, "coverage_frac": 0.941392247130738, "canopy_quality": "partial", "scenario_ok": true, "canopy_baseline_ok": false, "ac_src": "lace", "ac_coverage": 1.0, "acs_year": 2024, "access_snap_m": 148.0, "access_quality": "approach-review", "access_src": "routed"}, "geometry": {"type": "Polygon", "coordinates": [[[-121.96572, 37.75112], [-121.96464, 37.7528], [-121.9659, 37.75432], [-121.96824, 37.75415], [-121.96932, 37.75247], [-121.96806, 37.75095], [-121.96572, 37.75112]]]}}, {"type": "Feature", "properties": {"id": 444, "name": "Foothill Gardens SW", "lst": 45.92, "green": 17.97, "pop": 217, "pct65": 19.4, "ac": 92.7, "holc": null, "access_min": 36.2, "access_km": 2.89, "score": 55.0, "rank": 170.0, "area_m2": 109896, "street_m": 1074, "canopy_m2": 15104.0, "row_m2": 14362.0, "row_canopy": 3.7, "veg": 21.4, "place": "res", "land": null, "green_src": "canopy", "canopy_source": "usfs-2022", "canopy_year": "2022", "assessed_m2": 84045.96, "coverage_frac": 0.7643565358342426, "canopy_quality": "partial", "scenario_ok": true, "canopy_baseline_ok": false, "ac_src": "lace", "ac_coverage": 1.0, "acs_year": 2024, "access_snap_m": 87.0, "access_quality": "network-estimate", "access_src": "routed"}, "geometry": {"type": "Polygon", "coordinates": [[[-121.96932, 37.75247], [-121.96824, 37.75415], [-121.96949, 37.75566], [-121.97183, 37.75549], [-121.97291, 37.75381], [-121.97166, 37.7523], [-121.96932, 37.75247]]]}}, {"type": "Feature", "properties": {"id": 445, "name": "Foothill Gardens SE", "lst": 46.17, "green": 17.88, "pop": 397, "pct65": 27.2, "ac": 92.7, "holc": null, "access_min": 29.2, "access_km": 2.34, "score": 74.1, "rank": 40.0, "area_m2": 109903, "street_m": 1605, "canopy_m2": 19660.0, "row_m2": 19047.0, "row_canopy": 13.3, "veg": 19.8, "place": "res", "land": null, "green_src": "canopy", "canopy_source": "usfs-2022", "canopy_year": "2022", "assessed_m2": 109961.64, "coverage_frac": 0.9999868159983138, "canopy_quality": "full", "scenario_ok": true, "canopy_baseline_ok": true, "ac_src": "lace", "ac_coverage": 1.0, "acs_year": 2024, "access_snap_m": 82.0, "access_quality": "network-estimate", "access_src": "routed"}, "geometry": {"type": "Polygon", "coordinates": [[[-121.9623, 37.75297], [-121.96122, 37.75465], [-121.96248, 37.75617], [-121.96482, 37.756], [-121.9659, 37.75432], [-121.96464, 37.7528], [-121.9623, 37.75297]]]}}, {"type": "Feature", "properties": {"id": 446, "name": "Carmelita", "lst": 49.26, "green": 0.44, "pop": 273, "pct65": 11.3, "ac": 93.8, "holc": null, "access_min": 15.0, "access_km": 1.2, "score": 96.6, "rank": 3.0, "area_m2": 109928, "street_m": 1365, "canopy_m2": 487.0, "row_m2": 18741.0, "row_canopy": 0.6, "veg": 9.5, "place": "res", "land": null, "green_src": "canopy", "canopy_source": "usfs-2022", "canopy_year": "2022", "assessed_m2": 109988.28, "coverage_frac": 0.9999953509598648, "canopy_quality": "full", "scenario_ok": true, "canopy_baseline_ok": true, "ac_src": "lace", "ac_coverage": 1.0, "acs_year": 2024, "access_snap_m": 193.0, "access_quality": "approach-review", "access_src": "routed"}, "geometry": {"type": "Polygon", "coordinates": [[[-121.92416, 37.76374], [-121.92307, 37.76542], [-121.92433, 37.76694], [-121.92667, 37.76677], [-121.92775, 37.76509], [-121.9265, 37.76357], [-121.92416, 37.76374]]]}}, {"type": "Feature", "properties": {"id": 447, "name": "Carmelita NW", "lst": 48.95, "green": 0.98, "pop": 46, "pct65": 11.9, "ac": 93.8, "holc": null, "access_min": 13.6, "access_km": 1.09, "score": 72.9, "rank": 52.0, "area_m2": 109923, "street_m": 174, "canopy_m2": 1081.0, "row_m2": 2523.0, "row_canopy": 0.3, "veg": 13.3, "place": "res", "land": null, "green_src": "canopy", "canopy_source": "usfs-2022", "canopy_year": "2022", "assessed_m2": 109981.44, "coverage_frac": 0.9999823145558908, "canopy_quality": "full", "scenario_ok": true, "canopy_baseline_ok": true, "ac_src": "lace", "ac_coverage": 1.0, "acs_year": 2024, "access_snap_m": 93.0, "access_quality": "network-estimate", "access_src": "routed"}, "geometry": {"type": "Polygon", "coordinates": [[[-121.92775, 37.76509], [-121.92667, 37.76677], [-121.92793, 37.76828], [-121.93026, 37.76811], [-121.93135, 37.76643], [-121.93009, 37.76492], [-121.92775, 37.76509]]]}}, {"type": "Feature", "properties": {"id": 448, "name": "Rose Garden Encore", "lst": 45.0, "green": 12.71, "pop": 117, "pct65": 11.6, "ac": 93.8, "holc": null, "access_min": 9.2, "access_km": 0.74, "score": 44.3, "rank": 257.0, "area_m2": 109930, "street_m": 818, "canopy_m2": 13982.0, "row_m2": 8141.0, "row_canopy": 28.9, "veg": 24.2, "place": "res", "land": null, "green_src": "canopy", "canopy_source": "usfs-2022", "canopy_year": "2022", "assessed_m2": 109986.84, "coverage_frac": 0.9999715398521148, "canopy_quality": "full", "scenario_ok": true, "canopy_baseline_ok": true, "ac_src": "lace", "ac_coverage": 1.0, "acs_year": 2024, "access_snap_m": 107.0, "access_quality": "approach-review", "access_src": "routed"}, "geometry": {"type": "Polygon", "coordinates": [[[-121.92073, 37.76559], [-121.91965, 37.76727], [-121.92091, 37.76879], [-121.92325, 37.76862], [-121.92433, 37.76694], [-121.92307, 37.76542], [-121.92073, 37.76559]]]}}, {"type": "Feature", "properties": {"id": 449, "name": "Carmelita N", "lst": 46.51, "green": 9.73, "pop": 113, "pct65": 11.6, "ac": 93.8, "holc": null, "access_min": 12.9, "access_km": 1.03, "score": 55.9, "rank": 164.0, "area_m2": 109924, "street_m": 1356, "canopy_m2": 10697.0, "row_m2": 18089.0, "row_canopy": 2.9, "veg": 19.1, "place": "res", "land": null, "green_src": "canopy", "canopy_source": "usfs-2022", "canopy_year": "2022", "assessed_m2": 109984.68, "coverage_frac": 1.0, "canopy_quality": "full", "scenario_ok": true, "canopy_baseline_ok": true, "ac_src": "lace", "ac_coverage": 1.0, "acs_year": 2024, "access_snap_m": 177.0, "access_quality": "approach-review", "access_src": "routed"}, "geometry": {"type": "Polygon", "coordinates": [[[-121.92433, 37.76694], [-121.92325, 37.76862], [-121.9245, 37.77013], [-121.92684, 37.76996], [-121.92793, 37.76828], [-121.92667, 37.76677], [-121.92433, 37.76694]]]}}, {"type": "Feature", "properties": {"id": 450, "name": "Carmelita S", "lst": 51.11, "green": 0.11, "pop": 184, "pct65": 11.4, "ac": 93.8, "holc": null, "access_min": 17.5, "access_km": 1.4, "score": 100.0, "rank": 1.0, "area_m2": 109933, "street_m": 493, "canopy_m2": 117.0, "row_m2": 6892.0, "row_canopy": 0.0, "veg": 9.8, "place": "res", "land": null, "green_src": "canopy", "canopy_source": "usfs-2022", "canopy_year": "2022", "assessed_m2": 109992.96, "coverage_frac": 0.9999994787217216, "canopy_quality": "full", "scenario_ok": true, "canopy_baseline_ok": true, "ac_src": "lace", "ac_coverage": 1.0, "acs_year": 2024, "access_snap_m": 381.0, "access_quality": "approach-review", "access_src": "routed"}, "geometry": {"type": "Polygon", "coordinates": [[[-121.92398, 37.76055], [-121.9229, 37.76223], [-121.92416, 37.76374], [-121.9265, 37.76357], [-121.92758, 37.76189], [-121.92632, 37.76038], [-121.92398, 37.76055]]]}}, {"type": "Feature", "properties": {"id": 451, "name": "Carmelita SW", "lst": 48.81, "green": 0.12, "pop": 0, "pct65": 12.3, "ac": 65.07, "holc": null, "access_min": 18.0, "access_km": 1.44, "score": null, "rank": null, "area_m2": 109927, "street_m": 0, "canopy_m2": 131.0, "row_m2": 0.0, "row_canopy": 0.0, "veg": 13.3, "place": "empty", "land": "grassland", "green_src": "canopy", "canopy_source": "usfs-2022", "canopy_year": "2022", "assessed_m2": 109984.68, "coverage_frac": 0.9999733489038204, "canopy_quality": "full", "scenario_ok": false, "canopy_baseline_ok": true, "ac_src": "income-model", "ac_coverage": null, "acs_year": 2024, "access_snap_m": 443.0, "access_quality": "approach-review", "access_src": "routed"}, "geometry": {"type": "Polygon", "coordinates": [[[-121.92758, 37.76189], [-121.9265, 37.76357], [-121.92775, 37.76509], [-121.93009, 37.76492], [-121.93117, 37.76324], [-121.92992, 37.76172], [-121.92758, 37.76189]]]}}, {"type": "Feature", "properties": {"id": 452, "name": "Carmelita E", "lst": 47.33, "green": 5.6, "pop": 0, "pct65": 12.3, "ac": 65.07, "holc": null, "access_min": 8.4, "access_km": 0.67, "score": null, "rank": null, "area_m2": 109934, "street_m": 567, "canopy_m2": 6165.0, "row_m2": 7849.0, "row_canopy": 1.2, "veg": 20.8, "place": "activity", "land": null, "green_src": "canopy", "canopy_source": "usfs-2022", "canopy_year": "2022", "assessed_m2": 109991.52, "coverage_frac": 0.9999756629122614, "canopy_quality": "full", "scenario_ok": true, "canopy_baseline_ok": true, "ac_src": "income-model", "ac_coverage": null, "acs_year": 2024, "access_snap_m": 216.0, "access_quality": "approach-review", "access_src": "routed"}, "geometry": {"type": "Polygon", "coordinates": [[[-121.92056, 37.7624], [-121.91948, 37.76408], [-121.92073, 37.76559], [-121.92307, 37.76542], [-121.92416, 37.76374], [-121.9229, 37.76223], [-121.92056, 37.7624]]]}}, {"type": "Feature", "properties": {"id": 453, "name": "Cedar Bridge SW 2", "lst": 42.41, "green": 20.16, "pop": 81, "pct65": 11.3, "ac": 93.8, "holc": null, "access_min": 5.8, "access_km": 0.47, "score": 20.3, "rank": 392.0, "area_m2": 109913, "street_m": 1077, "canopy_m2": 22174.0, "row_m2": 11819.0, "row_canopy": 15.6, "veg": 33.8, "place": "res", "land": null, "green_src": "canopy", "canopy_source": "usfs-2022", "canopy_year": "2022", "assessed_m2": 109972.8, "coverage_frac": 0.9999913521229822, "canopy_quality": "full", "scenario_ok": true, "canopy_baseline_ok": true, "ac_src": "lace", "ac_coverage": 1.0, "acs_year": 2024, "access_snap_m": 104.0, "access_quality": "approach-review", "access_src": "routed"}, "geometry": {"type": "Polygon", "coordinates": [[[-121.93152, 37.76962], [-121.93044, 37.7713], [-121.93169, 37.77282], [-121.93403, 37.77265], [-121.93512, 37.77097], [-121.93386, 37.76945], [-121.93152, 37.76962]]]}}, {"type": "Feature", "properties": {"id": 454, "name": "Cedar Bridge SW 3", "lst": 42.58, "green": 19.47, "pop": 100, "pct65": 10.4, "ac": 91.41, "holc": null, "access_min": 11.1, "access_km": 0.89, "score": 22.0, "rank": 389.0, "area_m2": 109908, "street_m": 927, "canopy_m2": 21407.0, "row_m2": 11633.0, "row_canopy": 10.8, "veg": 35.1, "place": "res", "land": null, "green_src": "canopy", "canopy_source": "usfs-2022", "canopy_year": "2022", "assessed_m2": 109966.68, "coverage_frac": 0.9999848744942936, "canopy_quality": "full", "scenario_ok": true, "canopy_baseline_ok": true, "ac_src": "lace", "ac_coverage": 1.0, "acs_year": 2024, "access_snap_m": 223.0, "access_quality": "approach-review", "access_src": "routed"}, "geometry": {"type": "Polygon", "coordinates": [[[-121.93512, 37.77097], [-121.93403, 37.77265], [-121.93529, 37.77416], [-121.93763, 37.77399], [-121.93871, 37.77231], [-121.93745, 37.7708], [-121.93512, 37.77097]]]}}, {"type": "Feature", "properties": {"id": 455, "name": "Cedar Bridge S", "lst": 44.59, "green": 23.44, "pop": 198, "pct65": 9.8, "ac": 93.8, "holc": null, "access_min": 2.2, "access_km": 0.17, "score": 32.6, "rank": 334.0, "area_m2": 109914, "street_m": 747, "canopy_m2": 25782.0, "row_m2": 8775.0, "row_canopy": 17.0, "veg": 25.8, "place": "res", "land": null, "green_src": "canopy", "canopy_source": "usfs-2022", "canopy_year": "2022", "assessed_m2": 109972.44, "coverage_frac": 0.9999773556641636, "canopy_quality": "full", "scenario_ok": true, "canopy_baseline_ok": true, "ac_src": "lace", "ac_coverage": 1.0, "acs_year": 2024, "access_snap_m": 79.0, "access_quality": "network-estimate", "access_src": "routed"}, "geometry": {"type": "Polygon", "coordinates": [[[-121.9281, 37.77147], [-121.92702, 37.77315], [-121.92827, 37.77467], [-121.93061, 37.7745], [-121.93169, 37.77282], [-121.93044, 37.7713], [-121.9281, 37.77147]]]}}, {"type": "Feature", "properties": {"id": 456, "name": "Cedar Bridge SW", "lst": 43.13, "green": 18.07, "pop": 266, "pct65": 9.5, "ac": 93.8, "holc": null, "access_min": 2.6, "access_km": 0.21, "score": 31.6, "rank": 341.0, "area_m2": 109909, "street_m": 1262, "canopy_m2": 19872.0, "row_m2": 13067.0, "row_canopy": 21.4, "veg": 31.2, "place": "res", "land": null, "green_src": "canopy", "canopy_source": "usfs-2022", "canopy_year": "2022", "assessed_m2": 109969.2, "coverage_frac": 0.9999970624102688, "canopy_quality": "full", "scenario_ok": true, "canopy_baseline_ok": true, "ac_src": "lace", "ac_coverage": 1.0, "acs_year": 2024, "access_snap_m": 89.0, "access_quality": "network-estimate", "access_src": "routed"}, "geometry": {"type": "Polygon", "coordinates": [[[-121.93169, 37.77282], [-121.93061, 37.7745], [-121.93187, 37.77601], [-121.93421, 37.77584], [-121.93529, 37.77416], [-121.93403, 37.77265], [-121.93169, 37.77282]]]}}, {"type": "Feature", "properties": {"id": 457, "name": "Carmelita NW 3", "lst": 45.22, "green": 13.24, "pop": 194, "pct65": 11.4, "ac": 93.8, "holc": null, "access_min": 10.4, "access_km": 0.83, "score": 49.1, "rank": 215.0, "area_m2": 109918, "street_m": 1080, "canopy_m2": 14563.0, "row_m2": 12883.0, "row_canopy": 11.9, "veg": 21.4, "place": "res", "land": null, "green_src": "canopy", "canopy_source": "usfs-2022", "canopy_year": "2022", "assessed_m2": 109977.84, "coverage_frac": 0.9999987431453604, "canopy_quality": "full", "scenario_ok": true, "canopy_baseline_ok": true, "ac_src": "lace", "ac_coverage": 1.0, "acs_year": 2024, "access_snap_m": 199.0, "access_quality": "approach-review", "access_src": "routed"}, "geometry": {"type": "Polygon", "coordinates": [[[-121.93135, 37.76643], [-121.93026, 37.76811], [-121.93152, 37.76962], [-121.93386, 37.76945], [-121.93494, 37.76777], [-121.93369, 37.76626], [-121.93135, 37.76643]]]}}, {"type": "Feature", "properties": {"id": 458, "name": "Canyon Lakes NE 3", "lst": 41.73, "green": 11.36, "pop": 60, "pct65": 11.3, "ac": 91.3, "holc": null, "access_min": 12.0, "access_km": 0.96, "score": 25.5, "rank": 371.0, "area_m2": 109912, "street_m": 60, "canopy_m2": 12492.0, "row_m2": 683.0, "row_canopy": 19.5, "veg": 40.8, "place": "res", "land": null, "green_src": "canopy", "canopy_source": "usfs-2022", "canopy_year": "2022", "assessed_m2": 109973.16, "coverage_frac": 1.0, "canopy_quality": "full", "scenario_ok": true, "canopy_baseline_ok": true, "ac_src": "lace", "ac_coverage": 1.0, "acs_year": 2024, "access_snap_m": 236.0, "access_quality": "approach-review", "access_src": "routed"}, "geometry": {"type": "Polygon", "coordinates": [[[-121.93494, 37.76777], [-121.93386, 37.76945], [-121.93512, 37.77097], [-121.93745, 37.7708], [-121.93854, 37.76912], [-121.93728, 37.76761], [-121.93494, 37.76777]]]}}, {"type": "Feature", "properties": {"id": 459, "name": "Carmelita NW 2", "lst": 46.19, "green": 10.17, "pop": 30, "pct65": 12.0, "ac": 93.8, "holc": null, "access_min": 7.8, "access_km": 0.63, "score": 48.4, "rank": 224.0, "area_m2": 109919, "street_m": 478, "canopy_m2": 11181.0, "row_m2": 4748.0, "row_canopy": 24.9, "veg": 21.7, "place": "res", "land": null, "green_src": "canopy", "canopy_source": "usfs-2022", "canopy_year": "2022", "assessed_m2": 109977.12, "coverage_frac": 0.9999814682053902, "canopy_quality": "full", "scenario_ok": true, "canopy_baseline_ok": true, "ac_src": "lace", "ac_coverage": 1.0, "acs_year": 2024, "access_snap_m": 113.0, "access_quality": "approach-review", "access_src": "routed"}, "geometry": {"type": "Polygon", "coordinates": [[[-121.92793, 37.76828], [-121.92684, 37.76996], [-121.9281, 37.77147], [-121.93044, 37.7713], [-121.93152, 37.76962], [-121.93026, 37.76811], [-121.92793, 37.76828]]]}}, {"type": "Feature", "properties": {"id": 460, "name": "Rose Garden S", "lst": 45.91, "green": 11.97, "pop": 551, "pct65": 7.2, "ac": 93.5, "holc": null, "access_min": 1.6, "access_km": 0.13, "score": 72.6, "rank": 54.0, "area_m2": 109936, "street_m": 1604, "canopy_m2": 13165.0, "row_m2": 17124.0, "row_canopy": 21.2, "veg": 15.9, "place": "res", "land": null, "green_src": "canopy", "canopy_source": "usfs-2022", "canopy_year": "2022", "assessed_m2": 109997.28, "coverage_frac": 1.0, "canopy_quality": "full", "scenario_ok": true, "canopy_baseline_ok": true, "ac_src": "lace", "ac_coverage": 1.0, "acs_year": 2024, "access_snap_m": 106.0, "access_quality": "approach-review", "access_src": "routed"}, "geometry": {"type": "Polygon", "coordinates": [[[-121.91372, 37.7661], [-121.91264, 37.76778], [-121.91389, 37.76929], [-121.91623, 37.76912], [-121.91731, 37.76744], [-121.91606, 37.76593], [-121.91372, 37.7661]]]}}, {"type": "Feature", "properties": {"id": 461, "name": "Rose Garden SW", "lst": 45.36, "green": 17.03, "pop": 373, "pct65": 7.1, "ac": 93.5, "holc": null, "access_min": 4.7, "access_km": 0.38, "score": 51.4, "rank": 197.0, "area_m2": 109931, "street_m": 1622, "canopy_m2": 18729.0, "row_m2": 16191.0, "row_canopy": 25.6, "veg": 22.1, "place": "res", "land": null, "green_src": "canopy", "canopy_source": "usfs-2022", "canopy_year": "2022", "assessed_m2": 109990.08, "coverage_frac": 0.999990287818669, "canopy_quality": "full", "scenario_ok": true, "canopy_baseline_ok": true, "ac_src": "lace", "ac_coverage": 1.0, "acs_year": 2024, "access_snap_m": 80.0, "access_quality": "network-estimate", "access_src": "routed"}, "geometry": {"type": "Polygon", "coordinates": [[[-121.91731, 37.76744], [-121.91623, 37.76912], [-121.91749, 37.77064], [-121.91983, 37.77047], [-121.92091, 37.76879], [-121.91965, 37.76727], [-121.91731, 37.76744]]]}}, {"type": "Feature", "properties": {"id": 462, "name": "Seville N", "lst": 45.19, "green": 19.77, "pop": 369, "pct65": 10.3, "ac": 93.56, "holc": null, "access_min": 6.7, "access_km": 0.53, "score": 48.8, "rank": 218.0, "area_m2": 109937, "street_m": 1253, "canopy_m2": 21749.0, "row_m2": 13838.0, "row_canopy": 17.6, "veg": 28.7, "place": "res", "land": null, "green_src": "canopy", "canopy_source": "usfs-2022", "canopy_year": "2022", "assessed_m2": 109996.2, "coverage_frac": 0.9999860964193346, "canopy_quality": "full", "scenario_ok": true, "canopy_baseline_ok": true, "ac_src": "lace", "ac_coverage": 1.0, "acs_year": 2024, "access_snap_m": 101.0, "access_quality": "approach-review", "access_src": "routed"}, "geometry": {"type": "Polygon", "coordinates": [[[-121.9103, 37.76795], [-121.90921, 37.76963], [-121.91047, 37.77114], [-121.91281, 37.77097], [-121.91389, 37.76929], [-121.91264, 37.76778], [-121.9103, 37.76795]]]}}, {"type": "Feature", "properties": {"id": 463, "name": "Rose Garden", "lst": 44.17, "green": 25.5, "pop": 456, "pct65": 6.9, "ac": 93.5, "holc": null, "access_min": 9.2, "access_km": 0.73, "score": 33.4, "rank": 330.0, "area_m2": 109932, "street_m": 1884, "canopy_m2": 28050.0, "row_m2": 15570.0, "row_canopy": 38.5, "veg": 26.0, "place": "res", "land": null, "green_src": "canopy", "canopy_source": "usfs-2022", "canopy_year": "2022", "assessed_m2": 109991.52, "coverage_frac": 0.9999926802759136, "canopy_quality": "full", "scenario_ok": true, "canopy_baseline_ok": true, "ac_src": "lace", "ac_coverage": 1.0, "acs_year": 2024, "access_snap_m": 37.0, "access_quality": "network-estimate", "access_src": "routed"}, "geometry": {"type": "Polygon", "coordinates": [[[-121.91389, 37.76929], [-121.91281, 37.77097], [-121.91406, 37.77248], [-121.9164, 37.77232], [-121.91749, 37.77064], [-121.91623, 37.76912], [-121.91389, 37.76929]]]}}, {"type": "Feature", "properties": {"id": 464, "name": "Mosaic Park", "lst": 46.78, "green": 12.24, "pop": 915, "pct65": 10.0, "ac": 93.5, "holc": null, "access_min": 3.7, "access_km": 0.3, "score": 87.5, "rank": 10.0, "area_m2": 109940, "street_m": 1447, "canopy_m2": 13468.0, "row_m2": 15366.0, "row_canopy": 21.7, "veg": 15.5, "place": "res", "land": null, "green_src": "canopy", "canopy_source": "usfs-2022", "canopy_year": "2022", "assessed_m2": 110000.16, "coverage_frac": 0.9999943638287148, "canopy_quality": "full", "scenario_ok": true, "canopy_baseline_ok": true, "ac_src": "lace", "ac_coverage": 1.0, "acs_year": 2024, "access_snap_m": 61.0, "access_quality": "network-estimate", "access_src": "routed"}, "geometry": {"type": "Polygon", "coordinates": [[[-121.91354, 37.7629], [-121.91246, 37.76459], [-121.91372, 37.7661], [-121.91606, 37.76593], [-121.91714, 37.76425], [-121.91588, 37.76274], [-121.91354, 37.7629]]]}}, {"type": "Feature", "properties": {"id": 465, "name": "Rose Garden Encore SE", "lst": 46.09, "green": 17.86, "pop": 598, "pct65": 6.9, "ac": 93.5, "holc": null, "access_min": 3.8, "access_km": 0.3, "score": 67.2, "rank": 86.0, "area_m2": 109935, "street_m": 2014, "canopy_m2": 19640.0, "row_m2": 19268.0, "row_canopy": 28.2, "veg": 19.5, "place": "res", "land": null, "green_src": "canopy", "canopy_source": "usfs-2022", "canopy_year": "2022", "assessed_m2": 109994.04, "coverage_frac": 0.9999878587815084, "canopy_quality": "full", "scenario_ok": true, "canopy_baseline_ok": true, "ac_src": "lace", "ac_coverage": 1.0, "acs_year": 2024, "access_snap_m": 70.0, "access_quality": "network-estimate", "access_src": "routed"}, "geometry": {"type": "Polygon", "coordinates": [[[-121.91714, 37.76425], [-121.91606, 37.76593], [-121.91731, 37.76744], [-121.91965, 37.76727], [-121.92073, 37.76559], [-121.91948, 37.76408], [-121.91714, 37.76425]]]}}, {"type": "Feature", "properties": {"id": 466, "name": "Seville", "lst": 47.03, "green": 13.75, "pop": 538, "pct65": 9.9, "ac": 93.5, "holc": null, "access_min": 7.2, "access_km": 0.58, "score": 81.2, "rank": 20.0, "area_m2": 109942, "street_m": 1619, "canopy_m2": 15123.0, "row_m2": 18650.0, "row_canopy": 14.6, "veg": 14.7, "place": "res", "land": null, "green_src": "canopy", "canopy_source": "usfs-2022", "canopy_year": "2022", "assessed_m2": 109999.44, "coverage_frac": 0.9999771185143568, "canopy_quality": "full", "scenario_ok": true, "canopy_baseline_ok": true, "ac_src": "lace", "ac_coverage": 1.0, "acs_year": 2024, "access_snap_m": 27.0, "access_quality": "network-estimate", "access_src": "routed"}, "geometry": {"type": "Polygon", "coordinates": [[[-121.91012, 37.76475], [-121.90904, 37.76643], [-121.9103, 37.76795], [-121.91264, 37.76778], [-121.91372, 37.7661], [-121.91246, 37.76459], [-121.91012, 37.76475]]]}}, {"type": "Feature", "properties": {"id": 467, "name": "Cornerstone", "lst": 45.24, "green": 24.03, "pop": 118, "pct65": 11.5, "ac": 94.07, "holc": null, "access_min": 10.7, "access_km": 0.85, "score": 33.9, "rank": 327.0, "area_m2": 109921, "street_m": 1624, "canopy_m2": 26432.0, "row_m2": 17688.0, "row_canopy": 15.3, "veg": 20.0, "place": "res", "land": null, "green_src": "canopy", "canopy_source": "usfs-2022", "canopy_year": "2022", "assessed_m2": 109978.2, "coverage_frac": 0.9999698614134708, "canopy_quality": "full", "scenario_ok": true, "canopy_baseline_ok": true, "ac_src": "lace", "ac_coverage": 1.0, "acs_year": 2024, "access_snap_m": 70.0, "access_quality": "network-estimate", "access_src": "routed"}, "geometry": {"type": "Polygon", "coordinates": [[[-121.92108, 37.77198], [-121.92, 37.77366], [-121.92126, 37.77517], [-121.92359, 37.775], [-121.92468, 37.77332], [-121.92342, 37.77181], [-121.92108, 37.77198]]]}}, {"type": "Feature", "properties": {"id": 468, "name": "Gale Ranch", "lst": 45.4, "green": 11.62, "pop": 0, "pct65": 12.3, "ac": 65.07, "holc": null, "access_min": 7.3, "access_km": 0.58, "score": null, "rank": null, "area_m2": 109916, "street_m": 1072, "canopy_m2": 12778.0, "row_m2": 13328.0, "row_canopy": 6.2, "veg": 23.9, "place": "activity", "land": null, "green_src": "canopy", "canopy_source": "usfs-2022", "canopy_year": "2022", "assessed_m2": 109976.76, "coverage_frac": 1.0, "canopy_quality": "full", "scenario_ok": true, "canopy_baseline_ok": true, "ac_src": "income-model", "ac_coverage": null, "acs_year": 2024, "access_snap_m": 120.0, "access_quality": "approach-review", "access_src": "routed"}, "geometry": {"type": "Polygon", "coordinates": [[[-121.92468, 37.77332], [-121.92359, 37.775], [-121.92485, 37.77652], [-121.92719, 37.77635], [-121.92827, 37.77467], [-121.92702, 37.77315], [-121.92468, 37.77332]]]}}, {"type": "Feature", "properties": {"id": 469, "name": "Villapaseo", "lst": 44.13, "green": 25.56, "pop": 154, "pct65": 10.5, "ac": 99.3, "holc": null, "access_min": 15.9, "access_km": 1.27, "score": 26.4, "rank": 364.0, "area_m2": 109922, "street_m": 1294, "canopy_m2": 28108.0, "row_m2": 14324.0, "row_canopy": 18.2, "veg": 30.2, "place": "res", "land": null, "green_src": "canopy", "canopy_source": "usfs-2022", "canopy_year": "2022", "assessed_m2": 109982.88, "coverage_frac": 1.0, "canopy_quality": "full", "scenario_ok": true, "canopy_baseline_ok": true, "ac_src": "lace", "ac_coverage": 1.0, "acs_year": 2024, "access_snap_m": 10.0, "access_quality": "network-estimate", "access_src": "routed"}, "geometry": {"type": "Polygon", "coordinates": [[[-121.91766, 37.77383], [-121.91658, 37.77551], [-121.91783, 37.77702], [-121.92017, 37.77685], [-121.92126, 37.77517], [-121.92, 37.77366], [-121.91766, 37.77383]]]}}, {"type": "Feature", "properties": {"id": 470, "name": "Renaissance", "lst": 42.97, "green": 27.41, "pop": 169, "pct65": 10.4, "ac": 99.3, "holc": null, "access_min": 16.5, "access_km": 1.32, "score": 17.6, "rank": 399.0, "area_m2": 109917, "street_m": 1883, "canopy_m2": 30148.0, "row_m2": 20088.0, "row_canopy": 19.0, "veg": 26.8, "place": "res", "land": null, "green_src": "canopy", "canopy_source": "usfs-2022", "canopy_year": "2022", "assessed_m2": 109974.6, "coverage_frac": 0.9999755798815784, "canopy_quality": "full", "scenario_ok": true, "canopy_baseline_ok": true, "ac_src": "lace", "ac_coverage": 1.0, "acs_year": 2024, "access_snap_m": 42.0, "access_quality": "network-estimate", "access_src": "routed"}, "geometry": {"type": "Polygon", "coordinates": [[[-121.92126, 37.77517], [-121.92017, 37.77685], [-121.92143, 37.77837], [-121.92377, 37.7782], [-121.92485, 37.77652], [-121.92359, 37.775], [-121.92126, 37.77517]]]}}, {"type": "Feature", "properties": {"id": 471, "name": "Wisteria", "lst": 43.46, "green": 25.64, "pop": 222, "pct65": 11.4, "ac": 93.8, "holc": null, "access_min": 9.6, "access_km": 0.77, "score": 24.8, "rank": 375.0, "area_m2": 109925, "street_m": 1423, "canopy_m2": 28199.0, "row_m2": 13039.0, "row_canopy": 30.2, "veg": 31.4, "place": "res", "land": null, "green_src": "canopy", "canopy_source": "usfs-2022", "canopy_year": "2022", "assessed_m2": 109982.52, "coverage_frac": 0.9999706969890896, "canopy_quality": "full", "scenario_ok": true, "canopy_baseline_ok": true, "ac_src": "lace", "ac_coverage": 1.0, "acs_year": 2024, "access_snap_m": 43.0, "access_quality": "network-estimate", "access_src": "routed"}, "geometry": {"type": "Polygon", "coordinates": [[[-121.92091, 37.76879], [-121.91983, 37.77047], [-121.92108, 37.77198], [-121.92342, 37.77181], [-121.9245, 37.77013], [-121.92325, 37.76862], [-121.92091, 37.76879]]]}}, {"type": "Feature", "properties": {"id": 472, "name": "Cornerstone W", "lst": 46.08, "green": 9.17, "pop": 29, "pct65": 12.0, "ac": 93.8, "holc": null, "access_min": 10.5, "access_km": 0.84, "score": 48.7, "rank": 222.0, "area_m2": 109920, "street_m": 886, "canopy_m2": 10084.0, "row_m2": 11755.0, "row_canopy": 4.8, "veg": 18.4, "place": "res", "land": null, "green_src": "canopy", "canopy_source": "usfs-2022", "canopy_year": "2022", "assessed_m2": 109980.72, "coverage_frac": 1.0, "canopy_quality": "full", "scenario_ok": true, "canopy_baseline_ok": true, "ac_src": "lace", "ac_coverage": 1.0, "acs_year": 2024, "access_snap_m": 132.0, "access_quality": "approach-review", "access_src": "routed"}, "geometry": {"type": "Polygon", "coordinates": [[[-121.9245, 37.77013], [-121.92342, 37.77181], [-121.92468, 37.77332], [-121.92702, 37.77315], [-121.9281, 37.77147], [-121.92684, 37.76996], [-121.9245, 37.77013]]]}}, {"type": "Feature", "properties": {"id": 473, "name": "Bark and Ride", "lst": 44.22, "green": 22.03, "pop": 325, "pct65": 8.5, "ac": 93.6, "holc": null, "access_min": 10.1, "access_km": 0.81, "score": 35.5, "rank": 317.0, "area_m2": 109926, "street_m": 1767, "canopy_m2": 24226.0, "row_m2": 18704.0, "row_canopy": 21.7, "veg": 24.6, "place": "res", "land": null, "green_src": "canopy", "canopy_source": "usfs-2022", "canopy_year": "2022", "assessed_m2": 109985.76, "coverage_frac": 0.9999894512680352, "canopy_quality": "full", "scenario_ok": true, "canopy_baseline_ok": true, "ac_src": "lace", "ac_coverage": 1.0, "acs_year": 2024, "access_snap_m": 28.0, "access_quality": "network-estimate", "access_src": "routed"}, "geometry": {"type": "Polygon", "coordinates": [[[-121.91749, 37.77064], [-121.9164, 37.77232], [-121.91766, 37.77383], [-121.92, 37.77366], [-121.92108, 37.77198], [-121.91983, 37.77047], [-121.91749, 37.77064]]]}}, {"type": "Feature", "properties": {"id": 474, "name": "Carmelita S 3", "lst": 48.72, "green": 0.0, "pop": 0, "pct65": 12.3, "ac": 65.07, "holc": null, "access_min": 24.2, "access_km": 1.93, "score": null, "rank": null, "area_m2": 109936, "street_m": 0, "canopy_m2": 0.0, "row_m2": 0.0, "row_canopy": 0.0, "veg": 12.5, "place": "empty", "land": "grassland", "green_src": "canopy", "canopy_source": "usfs-2022", "canopy_year": "2022", "assessed_m2": 109994.04, "coverage_frac": 0.999981624432911, "canopy_quality": "full", "scenario_ok": false, "canopy_baseline_ok": true, "ac_src": "income-model", "ac_coverage": null, "acs_year": 2024, "access_snap_m": 491.0, "access_quality": "approach-review", "access_src": "routed"}, "geometry": {"type": "Polygon", "coordinates": [[[-121.92723, 37.75551], [-121.92615, 37.75719], [-121.9274, 37.7587], [-121.92974, 37.75853], [-121.93082, 37.75685], [-121.92957, 37.75534], [-121.92723, 37.75551]]]}}, {"type": "Feature", "properties": {"id": 475, "name": "Carmelita SW 4", "lst": 47.08, "green": 0.31, "pop": 0, "pct65": 12.3, "ac": 65.07, "holc": null, "access_min": 26.7, "access_km": 2.13, "score": null, "rank": null, "area_m2": 109931, "street_m": 0, "canopy_m2": 344.0, "row_m2": 0.0, "row_canopy": 0.0, "veg": 13.8, "place": "empty", "land": "grassland", "green_src": "canopy", "canopy_source": "usfs-2022", "canopy_year": "2022", "assessed_m2": 109990.8, "coverage_frac": 1.0, "canopy_quality": "full", "scenario_ok": false, "canopy_baseline_ok": true, "ac_src": "income-model", "ac_coverage": null, "acs_year": 2024, "access_snap_m": 331.0, "access_quality": "approach-review", "access_src": "routed"}, "geometry": {"type": "Polygon", "coordinates": [[[-121.93082, 37.75685], [-121.92974, 37.75853], [-121.931, 37.76004], [-121.93334, 37.75988], [-121.93442, 37.75819], [-121.93316, 37.75668], [-121.93082, 37.75685]]]}}, {"type": "Feature", "properties": {"id": 476, "name": "Carmelita S 2", "lst": 50.87, "green": 0.39, "pop": 0, "pct65": 12.3, "ac": 65.07, "holc": null, "access_min": 20.1, "access_km": 1.61, "score": null, "rank": null, "area_m2": 109937, "street_m": 0, "canopy_m2": 427.0, "row_m2": 0.0, "row_canopy": 0.0, "veg": 13.3, "place": "empty", "land": "grassland", "green_src": "canopy", "canopy_source": "usfs-2022", "canopy_year": "2022", "assessed_m2": 109996.56, "coverage_frac": 0.9999937951090384, "canopy_quality": "full", "scenario_ok": false, "canopy_baseline_ok": true, "ac_src": "income-model", "ac_coverage": null, "acs_year": 2024, "access_snap_m": 324.0, "access_quality": "approach-review", "access_src": "routed"}, "geometry": {"type": "Polygon", "coordinates": [[[-121.92381, 37.75736], [-121.92273, 37.75904], [-121.92398, 37.76055], [-121.92632, 37.76038], [-121.9274, 37.7587], [-121.92615, 37.75719], [-121.92381, 37.75736]]]}}, {"type": "Feature", "properties": {"id": 477, "name": "Carmelita SW 2", "lst": 49.44, "green": 0.0, "pop": 0, "pct65": 12.3, "ac": 65.07, "holc": null, "access_min": 23.2, "access_km": 1.85, "score": null, "rank": null, "area_m2": 109932, "street_m": 0, "canopy_m2": 0.0, "row_m2": 0.0, "row_canopy": 0.0, "veg": 12.2, "place": "empty", "land": "grassland", "green_src": "canopy", "canopy_source": "usfs-2022", "canopy_year": "2022", "assessed_m2": 109990.08, "coverage_frac": 0.9999840290884324, "canopy_quality": "full", "scenario_ok": false, "canopy_baseline_ok": true, "ac_src": "income-model", "ac_coverage": null, "acs_year": 2024, "access_snap_m": 52.0, "access_quality": "network-estimate", "access_src": "routed"}, "geometry": {"type": "Polygon", "coordinates": [[[-121.9274, 37.7587], [-121.92632, 37.76038], [-121.92758, 37.76189], [-121.92992, 37.76172], [-121.931, 37.76004], [-121.92974, 37.75853], [-121.9274, 37.7587]]]}}, {"type": "Feature", "properties": {"id": 478, "name": "Serena & Cordova W 3", "lst": 48.13, "green": 0.0, "pop": 0, "pct65": 12.3, "ac": 65.07, "holc": null, "access_min": 19.4, "access_km": 1.55, "score": null, "rank": null, "area_m2": 109940, "street_m": 0, "canopy_m2": 0.0, "row_m2": 0.0, "row_canopy": 0.0, "veg": 13.4, "place": "empty", "land": "grassland", "green_src": "canopy", "canopy_source": "usfs-2022", "canopy_year": "2022", "assessed_m2": 109998.0, "coverage_frac": 0.9999792273194952, "canopy_quality": "full", "scenario_ok": false, "canopy_baseline_ok": true, "ac_src": "income-model", "ac_coverage": null, "acs_year": 2024, "access_snap_m": 333.0, "access_quality": "approach-review", "access_src": "routed"}, "geometry": {"type": "Polygon", "coordinates": [[[-121.92706, 37.75231], [-121.92597, 37.75399], [-121.92723, 37.75551], [-121.92957, 37.75534], [-121.93065, 37.75366], [-121.92939, 37.75214], [-121.92706, 37.75231]]]}}, {"type": "Feature", "properties": {"id": 479, "name": "Canyon Lakes SE 5", "lst": 46.57, "green": 6.69, "pop": 31, "pct65": 12.0, "ac": 93.8, "holc": null, "access_min": 30.8, "access_km": 2.46, "score": 53.8, "rank": 180.0, "area_m2": 109935, "street_m": 69, "canopy_m2": 7354.0, "row_m2": 979.0, "row_canopy": 6.1, "veg": 17.1, "place": "res", "land": null, "green_src": "canopy", "canopy_source": "usfs-2022", "canopy_year": "2022", "assessed_m2": 109995.12, "coverage_frac": 1.0, "canopy_quality": "full", "scenario_ok": true, "canopy_baseline_ok": true, "ac_src": "lace", "ac_coverage": 1.0, "acs_year": 2024, "access_snap_m": 363.0, "access_quality": "approach-review", "access_src": "routed"}, "geometry": {"type": "Polygon", "coordinates": [[[-121.93065, 37.75366], [-121.92957, 37.75534], [-121.93082, 37.75685], [-121.93316, 37.75668], [-121.93425, 37.755], [-121.93299, 37.75349], [-121.93065, 37.75366]]]}}, {"type": "Feature", "properties": {"id": 480, "name": "Serena & Cordova W 2", "lst": 50.86, "green": 0.23, "pop": 0, "pct65": 12.3, "ac": 65.07, "holc": null, "access_min": 20.2, "access_km": 1.62, "score": null, "rank": null, "area_m2": 109941, "street_m": 0, "canopy_m2": 250.0, "row_m2": 0.0, "row_canopy": 0.0, "veg": 12.9, "place": "empty", "land": "grassland", "green_src": "canopy", "canopy_source": "usfs-2022", "canopy_year": "2022", "assessed_m2": 110000.52, "coverage_frac": 0.9999913919471204, "canopy_quality": "full", "scenario_ok": false, "canopy_baseline_ok": true, "ac_src": "income-model", "ac_coverage": null, "acs_year": 2024, "access_snap_m": 387.0, "access_quality": "approach-review", "access_src": "routed"}, "geometry": {"type": "Polygon", "coordinates": [[[-121.92364, 37.75416], [-121.92255, 37.75584], [-121.92381, 37.75736], [-121.92615, 37.75719], [-121.92723, 37.75551], [-121.92597, 37.75399], [-121.92364, 37.75416]]]}}, {"type": "Feature", "properties": {"id": 481, "name": "Canyon Lakes E", "lst": 46.48, "green": 1.78, "pop": 1, "pct65": 12.3, "ac": 93.8, "holc": null, "access_min": 19.4, "access_km": 1.55, "score": 55.8, "rank": 165.0, "area_m2": 109921, "street_m": 0, "canopy_m2": 1963.0, "row_m2": 0.0, "row_canopy": 0.0, "veg": 16.4, "place": "res", "land": null, "green_src": "canopy", "canopy_source": "usfs-2022", "canopy_year": "2022", "assessed_m2": 109980.36, "coverage_frac": 0.999993971312807, "canopy_quality": "full", "scenario_ok": false, "canopy_baseline_ok": true, "ac_src": "lace", "ac_coverage": 1.0, "acs_year": 2024, "access_snap_m": 228.0, "access_quality": "approach-review", "access_src": "routed"}, "geometry": {"type": "Polygon", "coordinates": [[[-121.93459, 37.76139], [-121.93351, 37.76307], [-121.93477, 37.76458], [-121.93711, 37.76441], [-121.93819, 37.76273], [-121.93693, 37.76122], [-121.93459, 37.76139]]]}}, {"type": "Feature", "properties": {"id": 482, "name": "Canyon Lakes NE", "lst": 43.6, "green": 17.83, "pop": 180, "pct65": 13.9, "ac": 90.23, "holc": null, "access_min": 20.6, "access_km": 1.65, "score": 34.8, "rank": 320.0, "area_m2": 109915, "street_m": 361, "canopy_m2": 19606.0, "row_m2": 3785.0, "row_canopy": 25.0, "veg": 34.5, "place": "res", "land": null, "green_src": "canopy", "canopy_source": "usfs-2022", "canopy_year": "2022", "assessed_m2": 109972.08, "coverage_frac": 0.9999678540974488, "canopy_quality": "full", "scenario_ok": true, "canopy_baseline_ok": true, "ac_src": "lace", "ac_coverage": 1.0, "acs_year": 2024, "access_snap_m": 205.0, "access_quality": "approach-review", "access_src": "routed"}, "geometry": {"type": "Polygon", "coordinates": [[[-121.93819, 37.76273], [-121.93711, 37.76441], [-121.93836, 37.76592], [-121.9407, 37.76576], [-121.94178, 37.76407], [-121.94053, 37.76256], [-121.93819, 37.76273]]]}}, {"type": "Feature", "properties": {"id": 483, "name": "Carmelita W", "lst": 47.56, "green": 4.14, "pop": 41, "pct65": 11.9, "ac": 93.8, "holc": null, "access_min": 14.6, "access_km": 1.16, "score": 62.1, "rank": 116.0, "area_m2": 109922, "street_m": 79, "canopy_m2": 4554.0, "row_m2": 1065.0, "row_canopy": 9.9, "veg": 14.6, "place": "res", "land": null, "green_src": "canopy", "canopy_source": "usfs-2022", "canopy_year": "2022", "assessed_m2": 109980.36, "coverage_frac": 0.999983228151092, "canopy_quality": "full", "scenario_ok": true, "canopy_baseline_ok": true, "ac_src": "lace", "ac_coverage": 1.0, "acs_year": 2024, "access_snap_m": 365.0, "access_quality": "approach-review", "access_src": "routed"}, "geometry": {"type": "Polygon", "coordinates": [[[-121.93117, 37.76324], [-121.93009, 37.76492], [-121.93135, 37.76643], [-121.93369, 37.76626], [-121.93477, 37.76458], [-121.93351, 37.76307], [-121.93117, 37.76324]]]}}, {"type": "Feature", "properties": {"id": 484, "name": "Canyon Lakes NE 2", "lst": 42.43, "green": 14.7, "pop": 68, "pct65": 11.8, "ac": 93.8, "holc": null, "access_min": 15.2, "access_km": 1.22, "score": 25.7, "rank": 368.0, "area_m2": 109916, "street_m": 501, "canopy_m2": 16163.0, "row_m2": 6300.0, "row_canopy": 10.2, "veg": 34.1, "place": "res", "land": null, "green_src": "canopy", "canopy_source": "usfs-2022", "canopy_year": "2022", "assessed_m2": 109976.04, "coverage_frac": 0.9999931142093336, "canopy_quality": "full", "scenario_ok": true, "canopy_baseline_ok": true, "ac_src": "lace", "ac_coverage": 1.0, "acs_year": 2024, "access_snap_m": 349.0, "access_quality": "approach-review", "access_src": "routed"}, "geometry": {"type": "Polygon", "coordinates": [[[-121.93477, 37.76458], [-121.93369, 37.76626], [-121.93494, 37.76777], [-121.93728, 37.76761], [-121.93836, 37.76592], [-121.93711, 37.76441], [-121.93477, 37.76458]]]}}, {"type": "Feature", "properties": {"id": 485, "name": "Canyon Lakes SE 2", "lst": 45.51, "green": 10.39, "pop": 81, "pct65": 11.7, "ac": 93.8, "holc": null, "access_min": 25.3, "access_km": 2.03, "score": 47.6, "rank": 232.0, "area_m2": 109925, "street_m": 199, "canopy_m2": 11424.0, "row_m2": 2092.0, "row_canopy": 24.2, "veg": 18.3, "place": "res", "land": null, "green_src": "canopy", "canopy_source": "usfs-2022", "canopy_year": "2022", "assessed_m2": 109982.88, "coverage_frac": 0.9999784698655512, "canopy_quality": "full", "scenario_ok": true, "canopy_baseline_ok": true, "ac_src": "lace", "ac_coverage": 1.0, "acs_year": 2024, "access_snap_m": 241.0, "access_quality": "approach-review", "access_src": "routed"}, "geometry": {"type": "Polygon", "coordinates": [[[-121.93442, 37.75819], [-121.93334, 37.75988], [-121.93459, 37.76139], [-121.93693, 37.76122], [-121.93801, 37.75954], [-121.93676, 37.75803], [-121.93442, 37.75819]]]}}, {"type": "Feature", "properties": {"id": 486, "name": "Canyon Lakes SE", "lst": 44.07, "green": 18.89, "pop": 105, "pct65": 20.5, "ac": 88.45, "holc": null, "access_min": 20.8, "access_km": 1.66, "score": 37.5, "rank": 302.0, "area_m2": 109920, "street_m": 859, "canopy_m2": 20777.0, "row_m2": 10072.0, "row_canopy": 14.1, "veg": 28.8, "place": "res", "land": null, "green_src": "canopy", "canopy_source": "usfs-2022", "canopy_year": "2022", "assessed_m2": 109976.76, "coverage_frac": 0.9999719911104934, "canopy_quality": "full", "scenario_ok": true, "canopy_baseline_ok": true, "ac_src": "lace", "ac_coverage": 1.0, "acs_year": 2024, "access_snap_m": 95.0, "access_quality": "network-estimate", "access_src": "routed"}, "geometry": {"type": "Polygon", "coordinates": [[[-121.93801, 37.75954], [-121.93693, 37.76122], [-121.93819, 37.76273], [-121.94053, 37.76256], [-121.94161, 37.76088], [-121.94035, 37.75937], [-121.93801, 37.75954]]]}}, {"type": "Feature", "properties": {"id": 487, "name": "Carmelita SW 3", "lst": 47.44, "green": 0.03, "pop": 0, "pct65": 12.3, "ac": 65.07, "holc": null, "access_min": 19.6, "access_km": 1.57, "score": null, "rank": null, "area_m2": 109926, "street_m": 0, "canopy_m2": 32.0, "row_m2": 0.0, "row_canopy": 0.0, "veg": 12.7, "place": "empty", "land": "grassland", "green_src": "canopy", "canopy_source": "usfs-2022", "canopy_year": "2022", "assessed_m2": 109987.56, "coverage_frac": 1.0, "canopy_quality": "full", "scenario_ok": false, "canopy_baseline_ok": true, "ac_src": "income-model", "ac_coverage": null, "acs_year": 2024, "access_snap_m": 494.0, "access_quality": "approach-review", "access_src": "routed"}, "geometry": {"type": "Polygon", "coordinates": [[[-121.931, 37.76004], [-121.92992, 37.76172], [-121.93117, 37.76324], [-121.93351, 37.76307], [-121.93459, 37.76139], [-121.93334, 37.75988], [-121.931, 37.76004]]]}}, {"type": "Feature", "properties": {"id": 488, "name": "Serena & Cordova N", "lst": 47.74, "green": 4.69, "pop": 131, "pct65": 11.5, "ac": 93.79, "holc": null, "access_min": 9.2, "access_km": 0.74, "score": 69.6, "rank": 72.0, "area_m2": 109944, "street_m": 574, "canopy_m2": 5164.0, "row_m2": 6835.0, "row_canopy": 12.6, "veg": 14.4, "place": "res", "land": null, "green_src": "canopy", "canopy_source": "usfs-2022", "canopy_year": "2022", "assessed_m2": 110000.52, "coverage_frac": 0.999969932850519, "canopy_quality": "full", "scenario_ok": true, "canopy_baseline_ok": true, "ac_src": "lace", "ac_coverage": 1.0, "acs_year": 2024, "access_snap_m": 61.0, "access_quality": "network-estimate", "access_src": "routed"}, "geometry": {"type": "Polygon", "coordinates": [[[-121.91679, 37.75786], [-121.91571, 37.75954], [-121.91697, 37.76106], [-121.91931, 37.76089], [-121.92039, 37.75921], [-121.91913, 37.75769], [-121.91679, 37.75786]]]}}, {"type": "Feature", "properties": {"id": 489, "name": "Carmelita SE", "lst": 49.99, "green": 0.34, "pop": 29, "pct65": 12.0, "ac": 93.8, "holc": null, "access_min": 13.7, "access_km": 1.1, "score": 77.4, "rank": 30.0, "area_m2": 109938, "street_m": 808, "canopy_m2": 374.0, "row_m2": 11390.0, "row_canopy": 0.7, "veg": 13.2, "place": "res", "land": null, "green_src": "canopy", "canopy_source": "usfs-2022", "canopy_year": "2022", "assessed_m2": 109994.4, "coverage_frac": 0.9999634291219764, "canopy_quality": "full", "scenario_ok": true, "canopy_baseline_ok": true, "ac_src": "lace", "ac_coverage": 1.0, "acs_year": 2024, "access_snap_m": 176.0, "access_quality": "approach-review", "access_src": "routed"}, "geometry": {"type": "Polygon", "coordinates": [[[-121.92039, 37.75921], [-121.91931, 37.76089], [-121.92056, 37.7624], [-121.9229, 37.76223], [-121.92398, 37.76055], [-121.92273, 37.75904], [-121.92039, 37.75921]]]}}, {"type": "Feature", "properties": {"id": 490, "name": "Valencia SW", "lst": 46.74, "green": 12.96, "pop": 583, "pct65": 10.8, "ac": 93.5, "holc": null, "access_min": 4.7, "access_km": 0.38, "score": 83.7, "rank": 15.0, "area_m2": 109945, "street_m": 1588, "canopy_m2": 14255.0, "row_m2": 16631.0, "row_canopy": 21.7, "veg": 21.5, "place": "res", "land": null, "green_src": "canopy", "canopy_source": "usfs-2022", "canopy_year": "2022", "assessed_m2": 110005.92, "coverage_frac": 1.0, "canopy_quality": "full", "scenario_ok": true, "canopy_baseline_ok": true, "ac_src": "lace", "ac_coverage": 1.0, "acs_year": 2024, "access_snap_m": 103.0, "access_quality": "approach-review", "access_src": "routed"}, "geometry": {"type": "Polygon", "coordinates": [[[-121.91337, 37.75971], [-121.91229, 37.76139], [-121.91354, 37.7629], [-121.91588, 37.76274], [-121.91697, 37.76106], [-121.91571, 37.75954], [-121.91337, 37.75971]]]}}, {"type": "Feature", "properties": {"id": 491, "name": "Carmelita SE 2", "lst": 46.85, "green": 12.72, "pop": 360, "pct65": 9.7, "ac": 93.5, "holc": null, "access_min": 8.5, "access_km": 0.68, "score": 69.5, "rank": 73.0, "area_m2": 109939, "street_m": 1322, "canopy_m2": 13986.0, "row_m2": 13152.0, "row_canopy": 24.7, "veg": 19.3, "place": "res", "land": null, "green_src": "canopy", "canopy_source": "usfs-2022", "canopy_year": "2022", "assessed_m2": 109998.72, "coverage_frac": 0.999991982757598, "canopy_quality": "full", "scenario_ok": true, "canopy_baseline_ok": true, "ac_src": "lace", "ac_coverage": 1.0, "acs_year": 2024, "access_snap_m": 80.0, "access_quality": "network-estimate", "access_src": "routed"}, "geometry": {"type": "Polygon", "coordinates": [[[-121.91697, 37.76106], [-121.91588, 37.76274], [-121.91714, 37.76425], [-121.91948, 37.76408], [-121.92056, 37.7624], [-121.91931, 37.76089], [-121.91697, 37.76106]]]}}, {"type": "Feature", "properties": {"id": 492, "name": "Serena & Cordova", "lst": 48.62, "green": 0.24, "pop": 315, "pct65": 10.6, "ac": 93.8, "holc": null, "access_min": 14.6, "access_km": 1.17, "score": 95.8, "rank": 4.0, "area_m2": 109948, "street_m": 1280, "canopy_m2": 266.0, "row_m2": 17326.0, "row_canopy": 0.0, "veg": 6.5, "place": "res", "land": null, "green_src": "canopy", "canopy_source": "usfs-2022", "canopy_year": "2022", "assessed_m2": 110005.92, "coverage_frac": 0.9999806168645352, "canopy_quality": "full", "scenario_ok": true, "canopy_baseline_ok": true, "ac_src": "lace", "ac_coverage": 1.0, "acs_year": 2024, "access_snap_m": 97.0, "access_quality": "network-estimate", "access_src": "routed"}, "geometry": {"type": "Polygon", "coordinates": [[[-121.91662, 37.75467], [-121.91554, 37.75635], [-121.91679, 37.75786], [-121.91913, 37.75769], [-121.92021, 37.75601], [-121.91896, 37.7545], [-121.91662, 37.75467]]]}}, {"type": "Feature", "properties": {"id": 493, "name": "Serena & Cordova NW", "lst": 50.51, "green": 0.25, "pop": 118, "pct65": 11.6, "ac": 93.8, "holc": null, "access_min": 15.5, "access_km": 1.24, "score": 89.3, "rank": 8.0, "area_m2": 109943, "street_m": 1310, "canopy_m2": 275.0, "row_m2": 17847.0, "row_canopy": 0.0, "veg": 11.4, "place": "res", "land": null, "green_src": "canopy", "canopy_source": "usfs-2022", "canopy_year": "2022", "assessed_m2": 110003.04, "coverage_frac": 1.0, "canopy_quality": "full", "scenario_ok": true, "canopy_baseline_ok": true, "ac_src": "lace", "ac_coverage": 1.0, "acs_year": 2024, "access_snap_m": 119.0, "access_quality": "approach-review", "access_src": "routed"}, "geometry": {"type": "Polygon", "coordinates": [[[-121.92021, 37.75601], [-121.91913, 37.75769], [-121.92039, 37.75921], [-121.92273, 37.75904], [-121.92381, 37.75736], [-121.92255, 37.75584], [-121.92021, 37.75601]]]}}, {"type": "Feature", "properties": {"id": 494, "name": "Serena & Cordova NE", "lst": 46.67, "green": 5.08, "pop": 404, "pct65": 10.9, "ac": 93.5, "holc": null, "access_min": 3.2, "access_km": 0.26, "score": 82.5, "rank": 17.0, "area_m2": 109949, "street_m": 416, "canopy_m2": 5585.0, "row_m2": 5334.0, "row_canopy": 5.4, "veg": 19.0, "place": "res", "land": null, "green_src": "canopy", "canopy_source": "usfs-2022", "canopy_year": "2022", "assessed_m2": 110008.8, "coverage_frac": 0.99999607650796, "canopy_quality": "full", "scenario_ok": true, "canopy_baseline_ok": true, "ac_src": "lace", "ac_coverage": 1.0, "acs_year": 2024, "access_snap_m": 109.0, "access_quality": "approach-review", "access_src": "routed"}, "geometry": {"type": "Polygon", "coordinates": [[[-121.9132, 37.75652], [-121.91212, 37.7582], [-121.91337, 37.75971], [-121.91571, 37.75954], [-121.91679, 37.75786], [-121.91554, 37.75635], [-121.9132, 37.75652]]]}}, {"type": "Feature", "properties": {"id": 495, "name": "West Dublin N 6", "lst": 46.96, "green": 23.07, "pop": 104, "pct65": 16.5, "ac": 92.7, "holc": null, "access_min": 5.0, "access_km": 0.4, "score": 47.2, "rank": 234.0, "area_m2": 109951, "street_m": 1118, "canopy_m2": 19563.0, "row_m2": 12353.0, "row_canopy": 3.7, "veg": 21.0, "place": "res", "land": null, "green_src": "canopy", "canopy_source": "usfs-2022", "canopy_year": "2022", "assessed_m2": 84810.96, "coverage_frac": 0.7709383374260563, "canopy_quality": "partial", "scenario_ok": true, "canopy_baseline_ok": false, "ac_src": "lace", "ac_coverage": 1.0, "acs_year": 2024, "access_snap_m": 187.0, "access_quality": "approach-review", "access_src": "routed"}, "geometry": {"type": "Polygon", "coordinates": [[[-121.94688, 37.72844], [-121.9458, 37.73012], [-121.94706, 37.73163], [-121.94939, 37.73146], [-121.95047, 37.72978], [-121.94922, 37.72827], [-121.94688, 37.72844]]]}}, {"type": "Feature", "properties": {"id": 496, "name": "West Dublin N 7", "lst": 47.3, "green": 21.34, "pop": 139, "pct65": 17.0, "ac": 92.7, "holc": null, "access_min": 5.0, "access_km": 0.4, "score": 53.4, "rank": 184.0, "area_m2": 109945, "street_m": 655, "canopy_m2": 7952.0, "row_m2": 3315.0, "row_canopy": 4.1, "veg": 18.9, "place": "res", "land": null, "green_src": "canopy", "canopy_source": "usfs-2022", "canopy_year": "2022", "assessed_m2": 37265.04, "coverage_frac": 0.3387588155198394, "canopy_quality": "partial", "scenario_ok": true, "canopy_baseline_ok": false, "ac_src": "lace", "ac_coverage": 1.0, "acs_year": 2024, "access_snap_m": 195.0, "access_quality": "approach-review", "access_src": "routed"}, "geometry": {"type": "Polygon", "coordinates": [[[-121.95047, 37.72978], [-121.94939, 37.73146], [-121.95065, 37.73298], [-121.95299, 37.73281], [-121.95407, 37.73113], [-121.95281, 37.72961], [-121.95047, 37.72978]]]}}, {"type": "Feature", "properties": {"id": 497, "name": "The Gardens NW 4", "lst": 47.45, "green": 15.59, "pop": 263, "pct65": 17.7, "ac": 84.1, "holc": null, "access_min": 15.3, "access_km": 1.23, "score": 69.7, "rank": 70.0, "area_m2": 109952, "street_m": 1389, "canopy_m2": 17148.0, "row_m2": 18141.0, "row_canopy": 6.2, "veg": 19.4, "place": "res", "land": null, "green_src": "canopy", "canopy_source": "usfs-2022", "canopy_year": "2022", "assessed_m2": 110011.32, "coverage_frac": 1.0, "canopy_quality": "full", "scenario_ok": true, "canopy_baseline_ok": true, "ac_src": "lace", "ac_coverage": 1.0, "acs_year": 2024, "access_snap_m": 92.0, "access_quality": "network-estimate", "access_src": "routed"}, "geometry": {"type": "Polygon", "coordinates": [[[-121.94346, 37.73029], [-121.94238, 37.73197], [-121.94364, 37.73348], [-121.94597, 37.73331], [-121.94706, 37.73163], [-121.9458, 37.73012], [-121.94346, 37.73029]]]}}, {"type": "Feature", "properties": {"id": 498, "name": "West Dublin N 8", "lst": 47.49, "green": 12.06, "pop": 68, "pct65": 15.8, "ac": 85.45, "holc": null, "access_min": 2.0, "access_km": 0.16, "score": 58.4, "rank": 139.0, "area_m2": 109946, "street_m": 1279, "canopy_m2": 13265.0, "row_m2": 15637.0, "row_canopy": 8.6, "veg": 16.6, "place": "res", "land": null, "green_src": "canopy", "canopy_source": "usfs-2022", "canopy_year": "2022", "assessed_m2": 110002.68, "coverage_frac": 0.9999713958594396, "canopy_quality": "full", "scenario_ok": true, "canopy_baseline_ok": true, "ac_src": "lace", "ac_coverage": 1.0, "acs_year": 2024, "access_snap_m": 124.0, "access_quality": "approach-review", "access_src": "routed"}, "geometry": {"type": "Polygon", "coordinates": [[[-121.94706, 37.73163], [-121.94597, 37.73331], [-121.94723, 37.73483], [-121.94957, 37.73466], [-121.95065, 37.73298], [-121.94939, 37.73146], [-121.94706, 37.73163]]]}}, {"type": "Feature", "properties": {"id": 499, "name": "West Dublin N 3", "lst": 44.17, "green": 18.59, "pop": 68, "pct65": 15.6, "ac": 92.7, "holc": null, "access_min": 15.5, "access_km": 1.24, "score": 33.7, "rank": 328.0, "area_m2": 109955, "street_m": 558, "canopy_m2": 4639.0, "row_m2": 4729.0, "row_canopy": 13.6, "veg": 26.8, "place": "res", "land": null, "green_src": "canopy", "canopy_source": "usfs-2022", "canopy_year": "2022", "assessed_m2": 24949.08, "coverage_frac": 0.2267804202752164, "canopy_quality": "partial", "scenario_ok": true, "canopy_baseline_ok": false, "ac_src": "lace", "ac_coverage": 1.0, "acs_year": 2024, "access_snap_m": 90.0, "access_quality": "network-estimate", "access_src": "routed"}, "geometry": {"type": "Polygon", "coordinates": [[[-121.94671, 37.72524], [-121.94563, 37.72693], [-121.94688, 37.72844], [-121.94922, 37.72827], [-121.9503, 37.72659], [-121.94904, 37.72508], [-121.94671, 37.72524]]]}}, {"type": "Feature", "properties": {"id": 500, "name": "West Dublin N 5", "lst": 44.57, "green": 33.35, "pop": 0, "pct65": 12.3, "ac": 65.07, "holc": null, "access_min": 9.7, "access_km": 0.77, "score": null, "rank": null, "area_m2": 109950, "street_m": 0, "canopy_m2": 36670.0, "row_m2": 0.0, "row_canopy": 0.0, "veg": 26.4, "place": "empty", "land": "grassland", "green_src": "canopy", "canopy_source": "chm-legacy", "canopy_year": "2009-2020", "assessed_m2": null, "coverage_frac": null, "canopy_quality": "coverage-unknown", "scenario_ok": false, "canopy_baseline_ok": false, "ac_src": "income-model", "ac_coverage": null, "acs_year": 2024, "access_snap_m": 384.0, "access_quality": "approach-review", "access_src": "routed"}, "geometry": {"type": "Polygon", "coordinates": [[[-121.9503, 37.72659], [-121.94922, 37.72827], [-121.95047, 37.72978], [-121.95281, 37.72961], [-121.95389, 37.72793], [-121.95264, 37.72642], [-121.9503, 37.72659]]]}}, {"type": "Feature", "properties": {"id": 501, "name": "West Dublin N 4", "lst": 45.34, "green": 14.74, "pop": 160, "pct65": 17.5, "ac": 88.24, "holc": null, "access_min": 12.1, "access_km": 0.97, "score": 50.3, "rank": 206.0, "area_m2": 109956, "street_m": 1716, "canopy_m2": 16212.0, "row_m2": 20686.0, "row_canopy": 8.4, "veg": 21.0, "place": "res", "land": null, "green_src": "canopy", "canopy_source": "usfs-2022", "canopy_year": "2022", "assessed_m2": 110012.76, "coverage_frac": 0.9999755413000828, "canopy_quality": "full", "scenario_ok": true, "canopy_baseline_ok": true, "ac_src": "lace", "ac_coverage": 1.0, "acs_year": 2024, "access_snap_m": 96.0, "access_quality": "network-estimate", "access_src": "routed"}, "geometry": {"type": "Polygon", "coordinates": [[[-121.94329, 37.7271], [-121.94221, 37.72878], [-121.94346, 37.73029], [-121.9458, 37.73012], [-121.94688, 37.72844], [-121.94563, 37.72693], [-121.94329, 37.7271]]]}}, {"type": "Feature", "properties": {"id": 502, "name": "West Dublin N 10", "lst": 46.1, "green": 25.51, "pop": 109, "pct65": 16.6, "ac": 92.7, "holc": null, "access_min": 11.4, "access_km": 0.91, "score": 40.1, "rank": 282.0, "area_m2": 109936, "street_m": 660, "canopy_m2": 28061.0, "row_m2": 8886.0, "row_canopy": 4.3, "veg": 24.9, "place": "res", "land": null, "green_src": "canopy", "canopy_source": "usfs-2022", "canopy_year": "2022", "assessed_m2": 109994.76, "coverage_frac": 0.9999977312800828, "canopy_quality": "full", "scenario_ok": true, "canopy_baseline_ok": true, "ac_src": "lace", "ac_coverage": 1.0, "acs_year": 2024, "access_snap_m": 188.0, "access_quality": "approach-review", "access_src": "routed"}, "geometry": {"type": "Polygon", "coordinates": [[[-121.95424, 37.73432], [-121.95316, 37.736], [-121.95442, 37.73751], [-121.95676, 37.73734], [-121.95784, 37.73566], [-121.95658, 37.73415], [-121.95424, 37.73432]]]}}, {"type": "Feature", "properties": {"id": 503, "name": "West Dublin NW 7", "lst": 44.6, "green": 18.66, "pop": 114, "pct65": 16.7, "ac": 92.7, "holc": null, "access_min": 15.8, "access_km": 1.27, "score": 38.8, "rank": 292.0, "area_m2": 109930, "street_m": 792, "canopy_m2": 17797.0, "row_m2": 9815.0, "row_canopy": 11.1, "veg": 25.9, "place": "res", "land": null, "green_src": "canopy", "canopy_source": "usfs-2022", "canopy_year": "2022", "assessed_m2": 95361.48, "coverage_frac": 0.8670045164085507, "canopy_quality": "partial", "scenario_ok": true, "canopy_baseline_ok": false, "ac_src": "lace", "ac_coverage": 1.0, "acs_year": 2024, "access_snap_m": 166.0, "access_quality": "approach-review", "access_src": "routed"}, "geometry": {"type": "Polygon", "coordinates": [[[-121.95784, 37.73566], [-121.95676, 37.73734], [-121.95801, 37.73886], [-121.96035, 37.73869], [-121.96143, 37.73701], [-121.96017, 37.73549], [-121.95784, 37.73566]]]}}, {"type": "Feature", "properties": {"id": 504, "name": "The Gardens NW 10", "lst": 46.13, "green": 17.63, "pop": 160, "pct65": 17.6, "ac": 91.99, "holc": null, "access_min": 7.8, "access_km": 0.63, "score": 52.0, "rank": 192.0, "area_m2": 109937, "street_m": 2583, "canopy_m2": 19394.0, "row_m2": 28186.0, "row_canopy": 15.2, "veg": 18.6, "place": "res", "land": null, "green_src": "canopy", "canopy_source": "usfs-2022", "canopy_year": "2022", "assessed_m2": 109992.6, "coverage_frac": 0.9999672664011248, "canopy_quality": "full", "scenario_ok": true, "canopy_baseline_ok": true, "ac_src": "lace", "ac_coverage": 1.0, "acs_year": 2024, "access_snap_m": 128.0, "access_quality": "approach-review", "access_src": "routed"}, "geometry": {"type": "Polygon", "coordinates": [[[-121.95082, 37.73617], [-121.94974, 37.73785], [-121.951, 37.73936], [-121.95334, 37.73919], [-121.95442, 37.73751], [-121.95316, 37.736], [-121.95082, 37.73617]]]}}, {"type": "Feature", "properties": {"id": 505, "name": "West Dublin N 11", "lst": 46.39, "green": 17.47, "pop": 118, "pct65": 16.7, "ac": 92.7, "holc": null, "access_min": 13.1, "access_km": 1.05, "score": 50.6, "rank": 201.0, "area_m2": 109931, "street_m": 770, "canopy_m2": 19214.0, "row_m2": 10138.0, "row_canopy": 10.7, "veg": 23.3, "place": "res", "land": null, "green_src": "canopy", "canopy_source": "usfs-2022", "canopy_year": "2022", "assessed_m2": 109991.52, "coverage_frac": 1.0, "canopy_quality": "full", "scenario_ok": true, "canopy_baseline_ok": true, "ac_src": "lace", "ac_coverage": 1.0, "acs_year": 2024, "access_snap_m": 125.0, "access_quality": "approach-review", "access_src": "routed"}, "geometry": {"type": "Polygon", "coordinates": [[[-121.95442, 37.73751], [-121.95334, 37.73919], [-121.95459, 37.74071], [-121.95693, 37.74054], [-121.95801, 37.73886], [-121.95676, 37.73734], [-121.95442, 37.73751]]]}}, {"type": "Feature", "properties": {"id": 506, "name": "West Dublin NW 4", "lst": 46.63, "green": 38.0, "pop": 29, "pct65": 14.2, "ac": 92.7, "holc": null, "access_min": 14.9, "access_km": 1.19, "score": 26.1, "rank": 367.0, "area_m2": 109940, "street_m": 164, "canopy_m2": 27679.0, "row_m2": 2032.0, "row_canopy": 10.7, "veg": 22.5, "place": "res", "land": null, "green_src": "canopy", "canopy_source": "usfs-2022", "canopy_year": "2022", "assessed_m2": 72843.12, "coverage_frac": 0.6622148367914964, "canopy_quality": "partial", "scenario_ok": true, "canopy_baseline_ok": false, "ac_src": "lace", "ac_coverage": 1.0, "acs_year": 2024, "access_snap_m": 345.0, "access_quality": "approach-review", "access_src": "routed"}, "geometry": {"type": "Polygon", "coordinates": [[[-121.95407, 37.73113], [-121.95299, 37.73281], [-121.95424, 37.73432], [-121.95658, 37.73415], [-121.95766, 37.73247], [-121.95641, 37.73096], [-121.95407, 37.73113]]]}}, {"type": "Feature", "properties": {"id": 507, "name": "West Dublin NW 5", "lst": 44.8, "green": 31.1, "pop": 0, "pct65": 12.3, "ac": 65.07, "holc": null, "access_min": 17.8, "access_km": 1.42, "score": null, "rank": null, "area_m2": 109934, "street_m": 0, "canopy_m2": 3300.0, "row_m2": 0.0, "row_canopy": 0.0, "veg": 28.0, "place": "empty", "land": "grassland", "green_src": "canopy", "canopy_source": "usfs-2022", "canopy_year": "2022", "assessed_m2": 10611.36, "coverage_frac": 0.096472331310145, "canopy_quality": "partial", "scenario_ok": false, "canopy_baseline_ok": false, "ac_src": "income-model", "ac_coverage": null, "acs_year": 2024, "access_snap_m": 320.0, "access_quality": "approach-review", "access_src": "routed"}, "geometry": {"type": "Polygon", "coordinates": [[[-121.95766, 37.73247], [-121.95658, 37.73415], [-121.95784, 37.73566], [-121.96017, 37.73549], [-121.96126, 37.73381], [-121.96, 37.7323], [-121.95766, 37.73247]]]}}, {"type": "Feature", "properties": {"id": 508, "name": "West Dublin N 9", "lst": 45.85, "green": 31.32, "pop": 61, "pct65": 15.4, "ac": 92.7, "holc": null, "access_min": 4.5, "access_km": 0.36, "score": 30.0, "rank": 349.0, "area_m2": 109941, "street_m": 336, "canopy_m2": 34448.0, "row_m2": 4740.0, "row_canopy": 2.0, "veg": 25.1, "place": "res", "land": null, "green_src": "canopy", "canopy_source": "usfs-2022", "canopy_year": "2022", "assessed_m2": 109996.56, "coverage_frac": 0.9999649237177592, "canopy_quality": "full", "scenario_ok": true, "canopy_baseline_ok": true, "ac_src": "lace", "ac_coverage": 1.0, "acs_year": 2024, "access_snap_m": 133.0, "access_quality": "approach-review", "access_src": "routed"}, "geometry": {"type": "Polygon", "coordinates": [[[-121.95065, 37.73298], [-121.94957, 37.73466], [-121.95082, 37.73617], [-121.95316, 37.736], [-121.95424, 37.73432], [-121.95299, 37.73281], [-121.95065, 37.73298]]]}}, {"type": "Feature", "properties": {"id": 509, "name": "The Gardens NW", "lst": 45.22, "green": 20.47, "pop": 257, "pct65": 15.9, "ac": 84.1, "holc": null, "access_min": 8.4, "access_km": 0.67, "score": 47.1, "rank": 235.0, "area_m2": 109958, "street_m": 1247, "canopy_m2": 22518.0, "row_m2": 16046.0, "row_canopy": 5.3, "veg": 28.4, "place": "res", "land": null, "green_src": "canopy", "canopy_source": "usfs-2022", "canopy_year": "2022", "assessed_m2": 110014.92, "coverage_frac": 0.9999735464333244, "canopy_quality": "full", "scenario_ok": true, "canopy_baseline_ok": true, "ac_src": "lace", "ac_coverage": 1.0, "acs_year": 2024, "access_snap_m": 132.0, "access_quality": "approach-review", "access_src": "routed"}, "geometry": {"type": "Polygon", "coordinates": [[[-121.93645, 37.7308], [-121.93537, 37.73248], [-121.93662, 37.73399], [-121.93896, 37.73382], [-121.94004, 37.73214], [-121.93879, 37.73063], [-121.93645, 37.7308]]]}}, {"type": "Feature", "properties": {"id": 510, "name": "The Gardens NW 3", "lst": 46.92, "green": 21.36, "pop": 312, "pct65": 15.8, "ac": 84.1, "holc": null, "access_min": 13.5, "access_km": 1.08, "score": 60.6, "rank": 125.0, "area_m2": 109953, "street_m": 1218, "canopy_m2": 23504.0, "row_m2": 16339.0, "row_canopy": 3.9, "veg": 25.2, "place": "res", "land": null, "green_src": "canopy", "canopy_source": "usfs-2022", "canopy_year": "2022", "assessed_m2": 110012.04, "coverage_frac": 0.9999965105902638, "canopy_quality": "full", "scenario_ok": true, "canopy_baseline_ok": true, "ac_src": "lace", "ac_coverage": 1.0, "acs_year": 2024, "access_snap_m": 87.0, "access_quality": "network-estimate", "access_src": "routed"}, "geometry": {"type": "Polygon", "coordinates": [[[-121.94004, 37.73214], [-121.93896, 37.73382], [-121.94022, 37.73533], [-121.94255, 37.73516], [-121.94364, 37.73348], [-121.94238, 37.73197], [-121.94004, 37.73214]]]}}, {"type": "Feature", "properties": {"id": 511, "name": "The Gardens N 2", "lst": 42.48, "green": 14.31, "pop": 142, "pct65": 15.6, "ac": 84.1, "holc": null, "access_min": 8.3, "access_km": 0.66, "score": 31.5, "rank": 343.0, "area_m2": 109960, "street_m": 349, "canopy_m2": 15741.0, "row_m2": 4828.0, "row_canopy": 5.7, "veg": 38.3, "place": "res", "land": null, "green_src": "canopy", "canopy_source": "usfs-2022", "canopy_year": "2022", "assessed_m2": 110018.52, "coverage_frac": 0.9999954686709968, "canopy_quality": "full", "scenario_ok": true, "canopy_baseline_ok": true, "ac_src": "lace", "ac_coverage": 1.0, "acs_year": 2024, "access_snap_m": 200.0, "access_quality": "approach-review", "access_src": "routed"}, "geometry": {"type": "Polygon", "coordinates": [[[-121.93303, 37.73264], [-121.93195, 37.73433], [-121.9332, 37.73584], [-121.93554, 37.73567], [-121.93662, 37.73399], [-121.93537, 37.73248], [-121.93303, 37.73264]]]}}, {"type": "Feature", "properties": {"id": 512, "name": "The Gardens N 3", "lst": 47.43, "green": 16.49, "pop": 466, "pct65": 16.8, "ac": 84.1, "holc": null, "access_min": 13.0, "access_km": 1.04, "score": 81.8, "rank": 19.0, "area_m2": 109954, "street_m": 1373, "canopy_m2": 18144.0, "row_m2": 17852.0, "row_canopy": 5.4, "veg": 20.9, "place": "res", "land": null, "green_src": "canopy", "canopy_source": "usfs-2022", "canopy_year": "2022", "assessed_m2": 110010.96, "coverage_frac": 0.9999758893917156, "canopy_quality": "full", "scenario_ok": true, "canopy_baseline_ok": true, "ac_src": "lace", "ac_coverage": 1.0, "acs_year": 2024, "access_snap_m": 152.0, "access_quality": "approach-review", "access_src": "routed"}, "geometry": {"type": "Polygon", "coordinates": [[[-121.93662, 37.73399], [-121.93554, 37.73567], [-121.9368, 37.73718], [-121.93913, 37.73701], [-121.94022, 37.73533], [-121.93896, 37.73382], [-121.93662, 37.73399]]]}}, {"type": "Feature", "properties": {"id": 513, "name": "The Gardens", "lst": 47.39, "green": 12.38, "pop": 284, "pct65": 15.7, "ac": 84.1, "holc": null, "access_min": 5.7, "access_km": 0.45, "score": 73.2, "rank": 47.0, "area_m2": 109963, "street_m": 1724, "canopy_m2": 13616.0, "row_m2": 22184.0, "row_canopy": 3.9, "veg": 19.7, "place": "res", "land": null, "green_src": "canopy", "canopy_source": "usfs-2022", "canopy_year": "2022", "assessed_m2": 110018.16, "coverage_frac": 0.9999646668679242, "canopy_quality": "full", "scenario_ok": true, "canopy_baseline_ok": true, "ac_src": "lace", "ac_coverage": 1.0, "acs_year": 2024, "access_snap_m": 171.0, "access_quality": "approach-review", "access_src": "routed"}, "geometry": {"type": "Polygon", "coordinates": [[[-121.93627, 37.7276], [-121.93519, 37.72928], [-121.93645, 37.7308], [-121.93879, 37.73063], [-121.93987, 37.72895], [-121.93861, 37.72743], [-121.93627, 37.7276]]]}}, {"type": "Feature", "properties": {"id": 514, "name": "The Gardens NW 2", "lst": 46.96, "green": 14.03, "pop": 271, "pct65": 15.7, "ac": 84.1, "holc": null, "access_min": 11.0, "access_km": 0.88, "score": 67.3, "rank": 82.0, "area_m2": 109957, "street_m": 1071, "canopy_m2": 15436.0, "row_m2": 14788.0, "row_canopy": 2.1, "veg": 25.1, "place": "res", "land": null, "green_src": "canopy", "canopy_source": "usfs-2022", "canopy_year": "2022", "assessed_m2": 110016.72, "coverage_frac": 1.0, "canopy_quality": "full", "scenario_ok": true, "canopy_baseline_ok": true, "ac_src": "lace", "ac_coverage": 1.0, "acs_year": 2024, "access_snap_m": 98.0, "access_quality": "network-estimate", "access_src": "routed"}, "geometry": {"type": "Polygon", "coordinates": [[[-121.93987, 37.72895], [-121.93879, 37.73063], [-121.94004, 37.73214], [-121.94238, 37.73197], [-121.94346, 37.73029], [-121.94221, 37.72878], [-121.93987, 37.72895]]]}}, {"type": "Feature", "properties": {"id": 515, "name": "The Gardens N", "lst": 44.82, "green": 17.32, "pop": 285, "pct65": 16.4, "ac": 84.1, "holc": null, "access_min": 4.1, "access_km": 0.33, "score": 50.0, "rank": 211.0, "area_m2": 109964, "street_m": 1382, "canopy_m2": 19057.0, "row_m2": 17865.0, "row_canopy": 3.9, "veg": 27.8, "place": "res", "land": null, "green_src": "canopy", "canopy_source": "usfs-2022", "canopy_year": "2022", "assessed_m2": 110022.12, "coverage_frac": 0.9999898547912188, "canopy_quality": "full", "scenario_ok": true, "canopy_baseline_ok": true, "ac_src": "lace", "ac_coverage": 1.0, "acs_year": 2024, "access_snap_m": 162.0, "access_quality": "approach-review", "access_src": "routed"}, "geometry": {"type": "Polygon", "coordinates": [[[-121.93285, 37.72945], [-121.93177, 37.73113], [-121.93303, 37.73264], [-121.93537, 37.73248], [-121.93645, 37.7308], [-121.93519, 37.72928], [-121.93285, 37.72945]]]}}, {"type": "Feature", "properties": {"id": 516, "name": "The Gardens NW 7", "lst": 46.05, "green": 13.37, "pop": 139, "pct65": 16.3, "ac": 84.04, "holc": null, "access_min": 14.0, "access_km": 1.12, "score": 54.0, "rank": 178.0, "area_m2": 109943, "street_m": 769, "canopy_m2": 14703.0, "row_m2": 10345.0, "row_canopy": 4.1, "veg": 29.5, "place": "res", "land": null, "green_src": "canopy", "canopy_source": "usfs-2022", "canopy_year": "2022", "assessed_m2": 110001.96, "coverage_frac": 0.999992377519944, "canopy_quality": "full", "scenario_ok": true, "canopy_baseline_ok": true, "ac_src": "lace", "ac_coverage": 1.0, "acs_year": 2024, "access_snap_m": 103.0, "access_quality": "approach-review", "access_src": "routed"}, "geometry": {"type": "Polygon", "coordinates": [[[-121.94381, 37.73668], [-121.94273, 37.73836], [-121.94398, 37.73987], [-121.94632, 37.7397], [-121.9474, 37.73802], [-121.94615, 37.73651], [-121.94381, 37.73668]]]}}, {"type": "Feature", "properties": {"id": 517, "name": "The Gardens NW 9", "lst": 48.72, "green": 10.28, "pop": 170, "pct65": 20.7, "ac": 83.9, "holc": null, "access_min": 12.9, "access_km": 1.03, "score": 78.7, "rank": 26.0, "area_m2": 109938, "street_m": 1225, "canopy_m2": 11304.0, "row_m2": 16284.0, "row_canopy": 4.1, "veg": 16.0, "place": "res", "land": null, "green_src": "canopy", "canopy_source": "usfs-2022", "canopy_year": "2022", "assessed_m2": 109997.28, "coverage_frac": 0.9999989951493607, "canopy_quality": "full", "scenario_ok": true, "canopy_baseline_ok": true, "ac_src": "lace", "ac_coverage": 1.0, "acs_year": 2024, "access_snap_m": 72.0, "access_quality": "network-estimate", "access_src": "routed"}, "geometry": {"type": "Polygon", "coordinates": [[[-121.9474, 37.73802], [-121.94632, 37.7397], [-121.94758, 37.74121], [-121.94992, 37.74105], [-121.951, 37.73936], [-121.94974, 37.73785], [-121.9474, 37.73802]]]}}, {"type": "Feature", "properties": {"id": 518, "name": "Old Ranch Summit W 7", "lst": 48.57, "green": 11.77, "pop": 175, "pct65": 17.2, "ac": 83.96, "holc": null, "access_min": 13.4, "access_km": 1.07, "score": 74.3, "rank": 39.0, "area_m2": 109944, "street_m": 1190, "canopy_m2": 12946.0, "row_m2": 15328.0, "row_canopy": 5.4, "veg": 17.0, "place": "res", "land": null, "green_src": "canopy", "canopy_source": "usfs-2022", "canopy_year": "2022", "assessed_m2": 110001.96, "coverage_frac": 0.999981573906319, "canopy_quality": "full", "scenario_ok": true, "canopy_baseline_ok": true, "ac_src": "lace", "ac_coverage": 1.0, "acs_year": 2024, "access_snap_m": 19.0, "access_quality": "network-estimate", "access_src": "routed"}, "geometry": {"type": "Polygon", "coordinates": [[[-121.94039, 37.73853], [-121.93931, 37.74021], [-121.94056, 37.74172], [-121.9429, 37.74155], [-121.94398, 37.73987], [-121.94273, 37.73836], [-121.94039, 37.73853]]]}}, {"type": "Feature", "properties": {"id": 519, "name": "Old Ranch Summit W 10", "lst": 48.3, "green": 13.96, "pop": 225, "pct65": 20.7, "ac": 83.9, "holc": null, "access_min": 10.6, "access_km": 0.85, "score": 76.5, "rank": 31.0, "area_m2": 109939, "street_m": 1367, "canopy_m2": 15359.0, "row_m2": 18096.0, "row_canopy": 3.0, "veg": 19.2, "place": "res", "land": null, "green_src": "canopy", "canopy_source": "usfs-2022", "canopy_year": "2022", "assessed_m2": 109998.72, "coverage_frac": 1.0, "canopy_quality": "full", "scenario_ok": true, "canopy_baseline_ok": true, "ac_src": "lace", "ac_coverage": 1.0, "acs_year": 2024, "access_snap_m": 64.0, "access_quality": "network-estimate", "access_src": "routed"}, "geometry": {"type": "Polygon", "coordinates": [[[-121.94398, 37.73987], [-121.9429, 37.74155], [-121.94416, 37.74306], [-121.9465, 37.7429], [-121.94758, 37.74121], [-121.94632, 37.7397], [-121.94398, 37.73987]]]}}, {"type": "Feature", "properties": {"id": 520, "name": "The Gardens NW 6", "lst": 47.25, "green": 19.29, "pop": 292, "pct65": 16.5, "ac": 84.1, "holc": null, "access_min": 15.4, "access_km": 1.23, "score": 64.8, "rank": 97.0, "area_m2": 109948, "street_m": 1476, "canopy_m2": 21219.0, "row_m2": 18011.0, "row_canopy": 11.0, "veg": 24.5, "place": "res", "land": null, "green_src": "canopy", "canopy_source": "usfs-2022", "canopy_year": "2022", "assessed_m2": 110006.28, "coverage_frac": 0.9999933026861196, "canopy_quality": "full", "scenario_ok": true, "canopy_baseline_ok": true, "ac_src": "lace", "ac_coverage": 1.0, "acs_year": 2024, "access_snap_m": 98.0, "access_quality": "network-estimate", "access_src": "routed"}, "geometry": {"type": "Polygon", "coordinates": [[[-121.94364, 37.73348], [-121.94255, 37.73516], [-121.94381, 37.73668], [-121.94615, 37.73651], [-121.94723, 37.73483], [-121.94597, 37.73331], [-121.94364, 37.73348]]]}}, {"type": "Feature", "properties": {"id": 521, "name": "The Gardens NW 8", "lst": 46.59, "green": 21.99, "pop": 162, "pct65": 17.6, "ac": 84.08, "holc": null, "access_min": 10.1, "access_km": 0.81, "score": 50.2, "rank": 208.0, "area_m2": 109942, "street_m": 1850, "canopy_m2": 24187.0, "row_m2": 21415.0, "row_canopy": 12.1, "veg": 21.4, "place": "res", "land": null, "green_src": "canopy", "canopy_source": "usfs-2022", "canopy_year": "2022", "assessed_m2": 109999.44, "coverage_frac": 0.999980282258676, "canopy_quality": "full", "scenario_ok": true, "canopy_baseline_ok": true, "ac_src": "lace", "ac_coverage": 1.0, "acs_year": 2024, "access_snap_m": 81.0, "access_quality": "network-estimate", "access_src": "routed"}, "geometry": {"type": "Polygon", "coordinates": [[[-121.94723, 37.73483], [-121.94615, 37.73651], [-121.9474, 37.73802], [-121.94974, 37.73785], [-121.95082, 37.73617], [-121.94957, 37.73466], [-121.94723, 37.73483]]]}}, {"type": "Feature", "properties": {"id": 522, "name": "The Gardens NW 5", "lst": 47.51, "green": 13.09, "pop": 266, "pct65": 15.8, "ac": 84.1, "holc": null, "access_min": 17.9, "access_km": 1.43, "score": 71.9, "rank": 57.0, "area_m2": 109949, "street_m": 1220, "canopy_m2": 14397.0, "row_m2": 16226.0, "row_canopy": 3.8, "veg": 22.6, "place": "res", "land": null, "green_src": "canopy", "canopy_source": "usfs-2022", "canopy_year": "2022", "assessed_m2": 110004.48, "coverage_frac": 0.9999661314728072, "canopy_quality": "full", "scenario_ok": true, "canopy_baseline_ok": true, "ac_src": "lace", "ac_coverage": 1.0, "acs_year": 2024, "access_snap_m": 111.0, "access_quality": "approach-review", "access_src": "routed"}, "geometry": {"type": "Polygon", "coordinates": [[[-121.94022, 37.73533], [-121.93913, 37.73701], [-121.94039, 37.73853], [-121.94273, 37.73836], [-121.94381, 37.73668], [-121.94255, 37.73516], [-121.94022, 37.73533]]]}}, {"type": "Feature", "properties": {"id": 523, "name": "West Dublin NW", "lst": 41.2, "green": 37.97, "pop": 24, "pct65": 13.9, "ac": 92.7, "holc": null, "access_min": 23.9, "access_km": 1.91, "score": 1.2, "rank": 416.0, "area_m2": 109958, "street_m": 0, "canopy_m2": 5963.0, "row_m2": 0.0, "row_canopy": 0.0, "veg": 37.1, "place": "res", "land": null, "green_src": "canopy", "canopy_source": "usfs-2022", "canopy_year": "2022", "assessed_m2": 15705.36, "coverage_frac": 0.142753572576203, "canopy_quality": "partial", "scenario_ok": false, "canopy_baseline_ok": false, "ac_src": "lace", "ac_coverage": 1.0, "acs_year": 2024, "access_snap_m": 161.0, "access_quality": "approach-review", "access_src": "routed"}, "geometry": {"type": "Polygon", "coordinates": [[[-121.94995, 37.7202], [-121.94887, 37.72188], [-121.95013, 37.72339], [-121.95246, 37.72323], [-121.95354, 37.72154], [-121.95229, 37.72003], [-121.94995, 37.7202]]]}}, {"type": "Feature", "properties": {"id": 524, "name": "West Dublin N", "lst": 44.45, "green": 7.54, "pop": 4, "pct65": 12.6, "ac": 92.7, "holc": null, "access_min": 22.2, "access_km": 1.78, "score": 40.7, "rank": 277.0, "area_m2": 109959, "street_m": 0, "canopy_m2": 105.0, "row_m2": 0.0, "row_canopy": 0.0, "veg": 26.3, "place": "res", "land": null, "green_src": "canopy", "canopy_source": "usfs-2022", "canopy_year": "2022", "assessed_m2": 1393.92, "coverage_frac": 0.0126698720735397, "canopy_quality": "partial", "scenario_ok": false, "canopy_baseline_ok": false, "ac_src": "lace", "ac_coverage": 1.0, "acs_year": 2024, "access_snap_m": 168.0, "access_quality": "approach-review", "access_src": "routed"}, "geometry": {"type": "Polygon", "coordinates": [[[-121.94653, 37.72205], [-121.94545, 37.72373], [-121.94671, 37.72524], [-121.94904, 37.72508], [-121.95013, 37.72339], [-121.94887, 37.72188], [-121.94653, 37.72205]]]}}, {"type": "Feature", "properties": {"id": 525, "name": "West Dublin NW 2", "lst": 43.84, "green": 20.46, "pop": 0, "pct65": 12.3, "ac": 65.07, "holc": null, "access_min": 24.8, "access_km": 1.98, "score": null, "rank": null, "area_m2": 109954, "street_m": 0, "canopy_m2": 22495.0, "row_m2": 0.0, "row_canopy": 0.0, "veg": 24.0, "place": "empty", "land": "grassland", "green_src": "canopy", "canopy_source": "chm-legacy", "canopy_year": "2009-2020", "assessed_m2": null, "coverage_frac": null, "canopy_quality": "coverage-unknown", "scenario_ok": false, "canopy_baseline_ok": false, "ac_src": "income-model", "ac_coverage": null, "acs_year": 2024, "access_snap_m": 141.0, "access_quality": "approach-review", "access_src": "routed"}, "geometry": {"type": "Polygon", "coordinates": [[[-121.95013, 37.72339], [-121.94904, 37.72508], [-121.9503, 37.72659], [-121.95264, 37.72642], [-121.95372, 37.72474], [-121.95246, 37.72323], [-121.95013, 37.72339]]]}}, {"type": "Feature", "properties": {"id": 526, "name": "West Dublin NW 3", "lst": 48.95, "green": 11.42, "pop": 0, "pct65": 12.3, "ac": 65.07, "holc": null, "access_min": 22.2, "access_km": 1.78, "score": null, "rank": null, "area_m2": 109944, "street_m": 0, "canopy_m2": 12558.0, "row_m2": 0.0, "row_canopy": 0.0, "veg": 17.5, "place": "empty", "land": "grassland", "green_src": "canopy", "canopy_source": "chm-legacy", "canopy_year": "2009-2020", "assessed_m2": null, "coverage_frac": null, "canopy_quality": "coverage-unknown", "scenario_ok": false, "canopy_baseline_ok": false, "ac_src": "income-model", "ac_coverage": null, "acs_year": 2024, "access_snap_m": 441.0, "access_quality": "approach-review", "access_src": "routed"}, "geometry": {"type": "Polygon", "coordinates": [[[-121.95389, 37.72793], [-121.95281, 37.72961], [-121.95407, 37.73113], [-121.95641, 37.73096], [-121.95749, 37.72928], [-121.95623, 37.72776], [-121.95389, 37.72793]]]}}, {"type": "Feature", "properties": {"id": 527, "name": "Village Parkway NW 3", "lst": 47.23, "green": 7.88, "pop": 69, "pct65": 15.8, "ac": 85.06, "holc": null, "access_min": 14.1, "access_km": 1.13, "score": 61.2, "rank": 123.0, "area_m2": 109966, "street_m": 1347, "canopy_m2": 8674.0, "row_m2": 17229.0, "row_canopy": 3.3, "veg": 11.7, "place": "res", "land": null, "green_src": "canopy", "canopy_source": "usfs-2022", "canopy_year": "2022", "assessed_m2": 110023.92, "coverage_frac": 0.9999895186698196, "canopy_quality": "full", "scenario_ok": true, "canopy_baseline_ok": true, "ac_src": "lace", "ac_coverage": 1.0, "acs_year": 2024, "access_snap_m": 125.0, "access_quality": "approach-review", "access_src": "routed"}, "geometry": {"type": "Polygon", "coordinates": [[[-121.93952, 37.72256], [-121.93844, 37.72424], [-121.93969, 37.72575], [-121.94203, 37.72558], [-121.94311, 37.7239], [-121.94186, 37.72239], [-121.93952, 37.72256]]]}}, {"type": "Feature", "properties": {"id": 528, "name": "West Dublin N 2", "lst": 45.73, "green": 12.02, "pop": 112, "pct65": 16.6, "ac": 92.7, "holc": null, "access_min": 15.8, "access_km": 1.27, "score": 52.1, "rank": 191.0, "area_m2": 109960, "street_m": 1435, "canopy_m2": 12798.0, "row_m2": 17141.0, "row_canopy": 7.0, "veg": 18.2, "place": "res", "land": null, "green_src": "canopy", "canopy_source": "usfs-2022", "canopy_year": "2022", "assessed_m2": 106476.84, "coverage_frac": 0.9677982421656816, "canopy_quality": "partial", "scenario_ok": true, "canopy_baseline_ok": false, "ac_src": "lace", "ac_coverage": 1.0, "acs_year": 2024, "access_snap_m": 57.0, "access_quality": "network-estimate", "access_src": "routed"}, "geometry": {"type": "Polygon", "coordinates": [[[-121.94311, 37.7239], [-121.94203, 37.72558], [-121.94329, 37.7271], [-121.94563, 37.72693], [-121.94671, 37.72524], [-121.94545, 37.72373], [-121.94311, 37.7239]]]}}, {"type": "Feature", "properties": {"id": 529, "name": "The Vintner", "lst": 47.99, "green": 14.76, "pop": 456, "pct65": 12.3, "ac": 84.1, "holc": null, "access_min": 6.2, "access_km": 0.49, "score": 84.2, "rank": 13.0, "area_m2": 109967, "street_m": 1487, "canopy_m2": 16235.0, "row_m2": 19237.0, "row_canopy": 4.9, "veg": 18.8, "place": "res", "land": null, "green_src": "canopy", "canopy_source": "usfs-2022", "canopy_year": "2022", "assessed_m2": 110023.2, "coverage_frac": 0.9999721550725938, "canopy_quality": "full", "scenario_ok": true, "canopy_baseline_ok": true, "ac_src": "lace", "ac_coverage": 1.0, "acs_year": 2024, "access_snap_m": 113.0, "access_quality": "approach-review", "access_src": "routed"}, "geometry": {"type": "Polygon", "coordinates": [[[-121.9361, 37.72441], [-121.93502, 37.72609], [-121.93627, 37.7276], [-121.93861, 37.72743], [-121.93969, 37.72575], [-121.93844, 37.72424], [-121.9361, 37.72441]]]}}, {"type": "Feature", "properties": {"id": 530, "name": "The Vintner W", "lst": 48.47, "green": 7.84, "pop": 247, "pct65": 17.5, "ac": 84.1, "holc": null, "access_min": 8.8, "access_km": 0.71, "score": 84.4, "rank": 12.0, "area_m2": 109962, "street_m": 1088, "canopy_m2": 8621.0, "row_m2": 14853.0, "row_canopy": 1.9, "veg": 12.4, "place": "res", "land": null, "green_src": "canopy", "canopy_source": "usfs-2022", "canopy_year": "2022", "assessed_m2": 110019.96, "coverage_frac": 0.9999918417582526, "canopy_quality": "full", "scenario_ok": true, "canopy_baseline_ok": true, "ac_src": "lace", "ac_coverage": 1.0, "acs_year": 2024, "access_snap_m": 83.0, "access_quality": "network-estimate", "access_src": "routed"}, "geometry": {"type": "Polygon", "coordinates": [[[-121.93969, 37.72575], [-121.93861, 37.72743], [-121.93987, 37.72895], [-121.94221, 37.72878], [-121.94329, 37.7271], [-121.94203, 37.72558], [-121.93969, 37.72575]]]}}, {"type": "Feature", "properties": {"id": 531, "name": "West Dublin", "lst": 46.62, "green": 17.58, "pop": 22, "pct65": 13.8, "ac": 92.7, "holc": null, "access_min": 15.8, "access_km": 1.26, "score": 44.3, "rank": 258.0, "area_m2": 109965, "street_m": 1446, "canopy_m2": 17699.0, "row_m2": 17933.0, "row_canopy": 5.1, "veg": 17.6, "place": "res", "land": null, "green_src": "canopy", "canopy_source": "usfs-2022", "canopy_year": "2022", "assessed_m2": 100677.6, "coverage_frac": 0.9150522455742564, "canopy_quality": "partial", "scenario_ok": true, "canopy_baseline_ok": false, "ac_src": "lace", "ac_coverage": 1.0, "acs_year": 2024, "access_snap_m": 59.0, "access_quality": "network-estimate", "access_src": "routed"}, "geometry": {"type": "Polygon", "coordinates": [[[-121.94294, 37.72071], [-121.94186, 37.72239], [-121.94311, 37.7239], [-121.94545, 37.72373], [-121.94653, 37.72205], [-121.94528, 37.72054], [-121.94294, 37.72071]]]}}, {"type": "Feature", "properties": {"id": 532, "name": "Village Parkway NW 2", "lst": 47.1, "green": 16.89, "pop": 0, "pct65": 12.3, "ac": 65.07, "holc": null, "access_min": 9.7, "access_km": 0.78, "score": null, "rank": null, "area_m2": 109971, "street_m": 1622, "canopy_m2": 18588.0, "row_m2": 19283.0, "row_canopy": 11.3, "veg": 19.9, "place": "activity", "land": null, "green_src": "canopy", "canopy_source": "usfs-2022", "canopy_year": "2022", "assessed_m2": 110029.68, "coverage_frac": 0.9999927373525752, "canopy_quality": "full", "scenario_ok": true, "canopy_baseline_ok": true, "ac_src": "income-model", "ac_coverage": null, "acs_year": 2024, "access_snap_m": 66.0, "access_quality": "network-estimate", "access_src": "routed"}, "geometry": {"type": "Polygon", "coordinates": [[[-121.93593, 37.72121], [-121.93484, 37.72289], [-121.9361, 37.72441], [-121.93844, 37.72424], [-121.93952, 37.72256], [-121.93826, 37.72104], [-121.93593, 37.72121]]]}}, {"type": "Feature", "properties": {"id": 533, "name": "Foothill Gardens S 6", "lst": 45.28, "green": 31.67, "pop": 22, "pct65": 13.8, "ac": 92.7, "holc": null, "access_min": 23.5, "access_km": 1.88, "score": 24.2, "rank": 378.0, "area_m2": 109920, "street_m": 84, "canopy_m2": 10198.0, "row_m2": 1196.0, "row_canopy": 4.6, "veg": 23.4, "place": "res", "land": null, "green_src": "canopy", "canopy_source": "usfs-2022", "canopy_year": "2022", "assessed_m2": 32205.6, "coverage_frac": 0.2928314997938602, "canopy_quality": "partial", "scenario_ok": true, "canopy_baseline_ok": false, "ac_src": "lace", "ac_coverage": 1.0, "acs_year": 2024, "access_snap_m": 198.0, "access_quality": "approach-review", "access_src": "routed"}, "geometry": {"type": "Polygon", "coordinates": [[[-121.96161, 37.7402], [-121.96052, 37.74188], [-121.96178, 37.74339], [-121.96412, 37.74322], [-121.9652, 37.74154], [-121.96394, 37.74003], [-121.96161, 37.7402]]]}}, {"type": "Feature", "properties": {"id": 534, "name": "Foothill Gardens SE 9", "lst": 45.33, "green": 31.9, "pop": 241, "pct65": 18.1, "ac": 92.7, "holc": null, "access_min": 21.3, "access_km": 1.7, "score": 35.0, "rank": 318.0, "area_m2": 109921, "street_m": 1634, "canopy_m2": 35083.0, "row_m2": 20191.0, "row_canopy": 9.0, "veg": 30.1, "place": "res", "land": null, "green_src": "canopy", "canopy_source": "usfs-2022", "canopy_year": "2022", "assessed_m2": 109978.92, "coverage_frac": 0.9999796074305256, "canopy_quality": "full", "scenario_ok": true, "canopy_baseline_ok": true, "ac_src": "lace", "ac_coverage": 1.0, "acs_year": 2024, "access_snap_m": 156.0, "access_quality": "approach-review", "access_src": "routed"}, "geometry": {"type": "Polygon", "coordinates": [[[-121.95819, 37.74205], [-121.9571, 37.74373], [-121.95836, 37.74524], [-121.9607, 37.74507], [-121.96178, 37.74339], [-121.96052, 37.74188], [-121.95819, 37.74205]]]}}, {"type": "Feature", "properties": {"id": 535, "name": "Foothill Gardens S 5", "lst": 43.87, "green": 27.11, "pop": 92, "pct65": 13.3, "ac": 92.7, "holc": null, "access_min": 26.4, "access_km": 2.12, "score": 23.0, "rank": 380.0, "area_m2": 109916, "street_m": 482, "canopy_m2": 16726.0, "row_m2": 6255.0, "row_canopy": 10.3, "veg": 27.4, "place": "res", "land": null, "green_src": "canopy", "canopy_source": "usfs-2022", "canopy_year": "2022", "assessed_m2": 61693.56, "coverage_frac": 0.5609742031770648, "canopy_quality": "partial", "scenario_ok": true, "canopy_baseline_ok": false, "ac_src": "lace", "ac_coverage": 1.0, "acs_year": 2024, "access_snap_m": 173.0, "access_quality": "approach-review", "access_src": "routed"}, "geometry": {"type": "Polygon", "coordinates": [[[-121.96178, 37.74339], [-121.9607, 37.74507], [-121.96195, 37.74659], [-121.96429, 37.74642], [-121.96537, 37.74474], [-121.96412, 37.74322], [-121.96178, 37.74339]]]}}, {"type": "Feature", "properties": {"id": 536, "name": "Foothill Gardens S 8", "lst": 44.36, "green": 3.49, "pop": 0, "pct65": 12.3, "ac": 65.07, "holc": null, "access_min": 21.5, "access_km": 1.72, "score": null, "rank": null, "area_m2": 109925, "street_m": 0, "canopy_m2": 2373.0, "row_m2": 0.0, "row_canopy": 0.0, "veg": 18.7, "place": "empty", "land": "grassland", "green_src": "canopy", "canopy_source": "usfs-2022", "canopy_year": "2022", "assessed_m2": 68100.84, "coverage_frac": 0.6191875401036139, "canopy_quality": "partial", "scenario_ok": false, "canopy_baseline_ok": false, "ac_src": "income-model", "ac_coverage": null, "acs_year": 2024, "access_snap_m": 409.0, "access_quality": "approach-review", "access_src": "routed"}, "geometry": {"type": "Polygon", "coordinates": [[[-121.96143, 37.73701], [-121.96035, 37.73869], [-121.96161, 37.7402], [-121.96394, 37.74003], [-121.96502, 37.73835], [-121.96377, 37.73684], [-121.96143, 37.73701]]]}}, {"type": "Feature", "properties": {"id": 537, "name": "Foothill Gardens S 7", "lst": 45.23, "green": 16.74, "pop": 143, "pct65": 17.1, "ac": 92.7, "holc": null, "access_min": 18.3, "access_km": 1.47, "score": 46.3, "rank": 245.0, "area_m2": 109926, "street_m": 594, "canopy_m2": 17877.0, "row_m2": 7115.0, "row_canopy": 13.4, "veg": 22.1, "place": "res", "land": null, "green_src": "canopy", "canopy_source": "usfs-2022", "canopy_year": "2022", "assessed_m2": 106783.2, "coverage_frac": 0.970885386997354, "canopy_quality": "partial", "scenario_ok": true, "canopy_baseline_ok": false, "ac_src": "lace", "ac_coverage": 1.0, "acs_year": 2024, "access_snap_m": 116.0, "access_quality": "approach-review", "access_src": "routed"}, "geometry": {"type": "Polygon", "coordinates": [[[-121.95801, 37.73886], [-121.95693, 37.74054], [-121.95819, 37.74205], [-121.96052, 37.74188], [-121.96161, 37.7402], [-121.96035, 37.73869], [-121.95801, 37.73886]]]}}, {"type": "Feature", "properties": {"id": 538, "name": "Foothill Gardens S 2", "lst": 41.76, "green": 24.37, "pop": 16, "pct65": 12.2, "ac": 92.7, "holc": null, "access_min": 31.8, "access_km": 2.54, "score": 12.5, "rank": 409.0, "area_m2": 109906, "street_m": 86, "canopy_m2": 1842.0, "row_m2": 1167.0, "row_canopy": 3.1, "veg": 33.1, "place": "res", "land": null, "green_src": "canopy", "canopy_source": "usfs-2022", "canopy_year": "2022", "assessed_m2": 7560.36, "coverage_frac": 0.0687517204331322, "canopy_quality": "partial", "scenario_ok": true, "canopy_baseline_ok": false, "ac_src": "lace", "ac_coverage": 1.0, "acs_year": 2024, "access_snap_m": 154.0, "access_quality": "approach-review", "access_src": "routed"}, "geometry": {"type": "Polygon", "coordinates": [[[-121.96555, 37.74793], [-121.96447, 37.74961], [-121.96572, 37.75112], [-121.96806, 37.75095], [-121.96914, 37.74927], [-121.96789, 37.74776], [-121.96555, 37.74793]]]}}, {"type": "Feature", "properties": {"id": 539, "name": "Foothill Gardens S 4", "lst": 40.96, "green": 27.95, "pop": 0, "pct65": 12.3, "ac": 65.07, "holc": null, "access_min": 31.8, "access_km": 2.55, "score": null, "rank": null, "area_m2": 109911, "street_m": 0, "canopy_m2": 148.0, "row_m2": 0.0, "row_canopy": 0.0, "veg": 33.6, "place": "empty", "land": "woodland", "green_src": "canopy", "canopy_source": "usfs-2022", "canopy_year": "2022", "assessed_m2": 528.12, "coverage_frac": 0.0048023857586218, "canopy_quality": "partial", "scenario_ok": false, "canopy_baseline_ok": false, "ac_src": "income-model", "ac_coverage": null, "acs_year": 2024, "access_snap_m": 371.0, "access_quality": "approach-review", "access_src": "routed"}, "geometry": {"type": "Polygon", "coordinates": [[[-121.96537, 37.74474], [-121.96429, 37.74642], [-121.96555, 37.74793], [-121.96789, 37.74776], [-121.96897, 37.74608], [-121.96771, 37.74457], [-121.96537, 37.74474]]]}}, {"type": "Feature", "properties": {"id": 540, "name": "West Dublin NW 6", "lst": 39.38, "green": 1.93, "pop": 0, "pct65": 12.3, "ac": 65.07, "holc": null, "access_min": 19.7, "access_km": 1.58, "score": null, "rank": null, "area_m2": 109929, "street_m": 0, "canopy_m2": 63.0, "row_m2": 0.0, "row_canopy": 0.0, "veg": 43.4, "place": "empty", "land": "woodland", "green_src": "canopy", "canopy_source": "usfs-2022", "canopy_year": "2022", "assessed_m2": 3276.0, "coverage_frac": 0.0297849571067373, "canopy_quality": "partial", "scenario_ok": false, "canopy_baseline_ok": false, "ac_src": "income-model", "ac_coverage": null, "acs_year": 2024, "access_snap_m": 429.0, "access_quality": "approach-review", "access_src": "routed"}, "geometry": {"type": "Polygon", "coordinates": [[[-121.96126, 37.73381], [-121.96017, 37.73549], [-121.96143, 37.73701], [-121.96377, 37.73684], [-121.96485, 37.73516], [-121.96359, 37.73364], [-121.96126, 37.73381]]]}}]}