id,previous_rank,current_rank,previous_score,current_score,previous_pop,current_pop,previous_ac,current_ac,rank_change
641,1,1,100.0,100.0,2824,2824,48.76,48.76,0
597,2,2,99.5,99.5,3243,3243,46.19,46.19,0
598,3,3,98.7,98.7,5824,5824,47.6,47.6,0
601,4,4,98.2,98.2,5022,5022,48.44,48.44,0
840,5,5,97.9,97.9,2771,2771,48.42,48.42,0
637,6,6,97.8,97.8,3116,3116,49.04,49.04,0
595,7,7,97.7,97.7,4591,4591,47.69,47.69,0
624,8,8,97.5,97.5,3441,3441,49.29,49.29,0
626,9,9,97.5,97.5,4267,4267,49.85,49.85,0
642,10,10,97.1,97.1,3506,3506,47.57,47.57,0
638,11,11,96.6,96.6,4887,4887,46.59,46.59,0
625,12,12,96.3,96.3,3431,3431,50.52,50.52,0
614,13,13,95.8,95.8,3344,3344,48.41,48.41,0
632,14,14,95.7,95.7,4604,4604,51.42,51.42,0
640,15,15,95.5,95.5,3036,3036,50.53,50.53,0
830,16,16,95.4,95.4,3626,3626,49.37,49.37,0
618,17,17,94.8,94.8,3481,3481,50.6,50.6,0
613,18,18,94.1,94.1,3927,3927,47.49,47.49,0
839,19,19,93.5,93.5,3772,3772,48.41,48.41,0
599,20,20,93.2,93.2,4951,4951,50.53,50.53,0
619,21,21,92.9,92.9,2248,2248,50.49,50.49,0
831,22,22,92.8,92.8,3245,3245,50.38,50.38,0
600,23,23,92.5,92.5,2259,2259,49.82,49.82,0
855,24,24,92.2,92.2,2997,2997,53.58,53.58,0
622,25,25,91.5,91.5,4378,4378,48.96,48.96,0
616,26,26,91.4,91.4,2433,2433,50.03,50.03,0
856,27,27,91.0,91.0,2408,2408,54.91,54.91,0
643,28,28,90.7,90.7,2492,2492,55.14,55.14,0
145,29,29,90.1,90.1,2548,2548,52.4,52.4,0
612,30,30,87.0,87.0,2571,2571,53.52,53.52,0
623,31,31,86.0,86.0,1955,1955,53.32,53.32,0
620,32,32,85.9,85.9,1899,1899,47.97,47.97,0
610,33,33,85.7,85.7,3093,3093,53.29,53.29,0
835,34,34,85.3,85.3,1973,1973,49.92,49.92,0
738,35,35,84.4,84.4,2058,2058,53.21,53.21,0
764,36,36,84.4,84.4,2623,2623,51.92,51.92,0
838,37,37,84.0,84.0,2066,2066,54.44,54.44,0
775,38,38,82.1,82.1,2083,2083,54.42,54.42,0
692,39,39,82.0,82.0,2350,2350,53.97,53.97,0
843,40,40,81.2,81.2,1622,1622,51.85,51.85,0
779,41,41,80.9,80.9,1912,1912,52.54,52.54,0
832,42,42,80.9,80.9,2142,2142,56.17,56.17,0
777,43,43,80.9,80.9,2294,2294,56.3,56.3,0
1955,44,44,80.8,80.8,2563,2563,76.49,76.49,0
765,45,45,80.3,80.3,2307,2307,52.96,52.96,0
833,46,46,80.0,80.0,2059,2059,57.04,57.04,0
1249,47,47,79.4,79.4,2742,2742,66.88,66.88,0
1907,48,48,78.7,78.7,2797,2797,71.28,71.28,0
766,49,49,77.7,77.7,1922,1922,53.09,53.09,0
639,50,50,77.7,77.7,2005,2005,60.74,60.74,0
1903,51,51,77.5,77.5,2870,2870,71.89,71.89,0
155,52,52,77.0,77.0,2250,2250,57.84,57.84,0
763,53,53,76.8,76.8,2074,2074,55.62,55.62,0
774,54,54,76.6,76.6,1646,1646,53.62,53.62,0
1446,55,55,76.3,76.3,3212,3212,76.99,76.99,0
596,56,56,76.2,76.2,1400,1400,49.6,49.6,0
1225,57,57,75.7,75.7,4427,4427,67.24,67.24,0
151,58,58,75.7,75.7,1932,1932,60.14,60.14,0
762,59,59,75.2,75.2,1981,1981,56.17,56.17,0
836,60,60,75.1,75.1,1522,1522,51.39,51.39,0
1379,61,61,74.5,74.5,2499,2499,73.6,73.6,0
750,62,62,74.0,74.0,1682,1682,55.11,55.11,0
636,63,63,73.9,73.9,1103,1103,47.76,47.76,0
837,64,64,73.7,73.7,1555,1555,56.05,56.05,0
1406,65,65,72.6,72.6,3288,3288,74.93,74.93,0
852,66,66,72.5,72.5,1969,1969,62.48,62.48,0
1905,67,67,72.5,72.5,2360,2360,75.71,75.71,0
1902,68,68,72.4,72.4,2127,2127,72.51,72.51,0
1405,69,69,72.3,72.3,1964,1964,73.53,73.53,0
1307,70,70,72.2,72.2,1999,1999,71.34,71.34,0
1305,71,71,72.1,72.1,2201,2201,70.18,70.18,0
609,72,72,71.9,71.9,1751,1751,52.04,52.04,0
1450,73,73,71.8,71.8,2420,2420,74.5,74.5,0
1254,74,74,71.5,71.5,4417,4417,68.39,68.39,0
734,75,75,71.4,71.4,1269,1269,53.7,53.7,0
1940,76,76,71.4,71.4,2756,2756,83.45,83.45,0
1252,77,77,71.3,71.3,3208,3208,67.75,67.75,0
123,78,78,71.2,71.2,1407,1407,56.04,56.04,0
602,79,79,71.2,71.2,988,988,51.41,51.41,0
1906,80,80,70.6,70.6,2101,2101,76.3,76.3,0
1908,81,81,70.5,70.5,2298,2298,71.46,71.46,0
693,82,82,70.4,70.4,1721,1721,57.6,57.6,0
604,83,83,70.4,70.4,1514,1514,51.6,51.6,0
157,84,84,70.4,70.4,1933,1933,58.8,58.8,0
1953,85,85,70.1,70.1,2274,2274,80.18,80.18,0
150,86,86,70.1,70.1,1897,1897,60.76,60.76,0
1959,87,87,70.0,70.0,1809,1809,74.62,74.62,0
156,88,88,69.7,69.7,1878,1878,67.73,67.73,0
149,89,89,69.6,69.6,1956,1956,68.3,68.3,0
1958,90,90,69.5,69.5,2231,2231,78.18,78.18,0
1900,91,91,69.2,69.2,1961,1961,76.49,76.49,0
158,92,92,69.2,69.2,2062,2062,70.91,70.91,0
1311,93,93,69.2,69.2,2016,2016,71.38,71.38,0
1336,94,94,69.1,69.1,2061,2061,75.68,75.68,0
159,95,95,69.1,69.1,1492,1492,56.04,56.04,0
1996,96,96,68.7,68.7,2449,2449,85.84,85.84,0
691,97,97,68.5,68.5,1634,1634,57.43,57.43,0
1255,98,98,68.1,68.1,1777,1777,68.12,68.12,0
1994,99,99,67.7,67.7,3561,3561,83.46,83.46,0
760,100,100,67.7,67.7,1348,1348,56.22,56.22,0
1310,101,101,67.5,67.5,1529,1529,69.17,69.17,0
1250,102,102,67.4,67.4,5100,5100,66.66,66.66,0
736,103,103,67.3,67.3,1055,1055,56.7,56.7,0
1964,104,104,67.2,67.2,1787,1787,70.32,70.32,0
615,105,105,67.1,67.1,2103,2103,60.49,60.49,0
1503,106,106,66.9,66.9,4708,4708,67.77,67.77,0
778,107,107,66.6,66.6,960,960,56.52,56.52,0
1995,108,108,66.6,66.6,2892,2892,81.86,81.86,0
627,109,109,66.4,66.4,951,951,61.51,61.51,0
1984,110,110,65.7,65.7,2352,2352,86.98,86.98,0
1475,111,111,65.7,65.7,1679,1679,69.9,69.9,0
628,112,112,65.6,65.6,676,676,54.57,54.57,0
1215,113,113,65.6,65.6,2292,2292,70.43,70.43,0
1971,114,114,65.5,65.5,2032,2032,82.33,82.33,0
160,115,115,65.2,65.2,1767,1767,54.59,54.59,0
1939,116,116,65.2,65.2,2782,2782,90.55,90.55,0
630,117,117,65.1,65.1,531,531,50.98,50.98,0
1241,118,118,64.4,64.4,2433,2433,75.58,75.58,0
1992,119,119,64.4,64.4,2545,2545,86.54,86.54,0
684,120,120,64.4,64.4,1414,1414,55.39,55.39,0
1798,121,121,64.2,64.2,2581,2581,95.48,95.48,0
1937,122,122,64.2,64.2,2382,2382,89.34,89.34,0
1938,123,123,64.1,64.1,1978,1978,86.62,86.62,0
122,124,124,64.1,64.1,1087,1087,60.9,60.9,0
120,125,125,63.6,63.6,1473,1473,62.14,62.14,0
1899,126,126,62.9,62.9,2357,2357,93.28,93.28,0
1501,127,127,62.9,62.9,1587,1587,73.71,73.71,0
1921,128,128,62.6,62.6,1714,1714,79.07,79.07,0
834,129,129,62.6,62.6,1444,1444,47.4,47.4,0
124,130,130,62.5,62.5,893,893,60.1,60.1,0
608,131,131,62.4,62.4,494,494,50.34,50.34,0
1933,132,132,62.4,62.4,1864,1864,74.72,74.72,0
690,133,133,62.1,62.1,1645,1645,55.81,55.81,0
761,134,134,62.0,62.0,1411,1411,67.41,67.41,0
1042,135,135,61.9,61.9,2026,2026,88.07,88.07,0
125,136,136,61.9,61.9,1545,1545,73.67,73.67,0
1381,137,137,61.9,61.9,1248,1248,74.87,74.87,0
161,138,138,61.9,61.9,1203,1203,66.65,66.65,0
752,139,139,61.9,61.9,998,998,55.72,55.72,0
803,140,140,61.7,61.7,173,173,47.3,47.3,0
776,141,141,61.6,61.6,1292,1292,54.97,54.97,0
799,142,142,61.6,61.6,254,254,47.33,47.33,0
1040,143,143,61.6,61.6,2373,2373,89.25,89.25,0
1262,144,144,61.6,61.6,2323,2323,85.02,85.02,0
695,145,145,61.6,61.6,1247,1247,56.16,56.16,0
1227,146,146,61.5,61.5,1690,1690,72.08,72.08,0
1904,147,147,61.4,61.4,1706,1706,79.11,79.11,0
129,148,148,61.4,61.4,934,934,65.11,65.11,0
797,149,149,61.4,61.4,354,354,47.3,47.3,0
1965,150,150,61.3,61.3,1264,1264,75.82,75.82,0
121,151,151,61.1,61.1,1388,1388,68.77,68.77,0
1991,152,152,61.1,61.1,1731,1731,89.0,89.0,0
707,153,153,61.1,61.1,1299,1299,63.09,63.09,0
1504,154,154,61.0,61.0,2093,2093,73.49,73.49,0
184,155,155,61.0,61.0,1031,1031,67.59,67.59,0
191,156,156,60.7,60.7,311,311,52.22,52.22,0
1217,157,157,60.7,60.7,1956,1956,71.93,71.93,0
629,158,158,60.7,60.7,876,876,62.93,62.93,0
631,159,159,60.6,60.6,107,107,47.3,47.3,0
1897,160,160,60.5,60.5,1534,1534,88.02,88.02,0
1232,161,161,60.5,60.5,1714,1714,75.55,75.55,0
183,162,162,60.5,60.5,1608,1608,76.34,76.34,0
1966,163,163,60.4,60.4,1602,1602,73.0,73.0,0
633,164,164,60.4,60.4,107,107,47.31,47.31,0
606,165,165,60.4,60.4,107,107,47.3,47.3,0
607,166,166,60.3,60.3,157,157,48.74,48.74,0
1309,167,167,60.3,60.3,1706,1706,69.87,69.87,0
2184,168,168,60.3,60.3,2251,2251,84.22,84.22,0
1214,169,169,60.2,60.2,1811,1811,71.56,71.56,0
1334,170,170,60.1,60.1,1791,1791,89.35,89.35,0
1534,171,171,60.1,60.1,2359,2359,86.18,86.18,0
1896,172,172,60.1,60.1,1658,1658,78.78,78.78,0
603,173,173,60.0,60.0,270,270,51.6,51.6,0
1258,174,174,60.0,60.0,1986,1986,83.88,83.88,0
196,175,175,59.9,59.9,1614,1614,59.71,59.71,0
1529,176,176,59.9,59.9,2640,2640,85.34,85.34,0
2182,177,177,59.9,59.9,2568,2568,94.52,94.52,0
1247,178,178,59.9,59.9,1917,1917,71.09,71.09,0
193,179,179,59.9,59.9,341,341,52.07,52.07,0
167,180,180,59.9,59.9,565,565,60.51,60.51,0
188,181,181,59.8,59.8,1778,1778,73.21,73.21,0
800,182,182,59.8,59.8,360,360,47.3,47.3,0
1253,183,183,59.6,59.6,2031,2031,67.2,67.2,0
813,184,184,59.5,59.5,107,107,47.3,47.3,0
2248,185,185,59.2,59.2,983,983,73.46,73.46,0
668,186,186,59.1,59.1,219,219,51.6,51.6,0
1433,187,187,59.1,59.1,1858,1858,78.22,78.22,0
1987,188,188,59.1,59.1,2472,2472,92.5,92.5,0
1411,189,189,58.9,58.9,2189,2189,77.77,77.77,0
696,190,190,58.9,58.9,1826,1826,58.29,58.29,0
1932,191,191,58.9,58.9,1874,1874,84.93,84.93,0
1233,192,192,58.8,58.8,1964,1964,75.51,75.51,0
672,193,193,58.8,58.8,103,103,49.3,49.3,0
2777,194,194,58.8,58.8,2023,2023,84.1,84.1,0
1794,195,195,58.7,58.7,2047,2047,94.03,94.03,0
1219,196,196,58.7,58.7,2072,2072,74.95,74.95,0
802,197,197,58.6,58.6,157,157,47.3,47.3,0
605,198,198,58.6,58.6,269,269,51.78,51.78,0
62,199,199,58.5,58.5,145,145,51.9,51.9,0
1530,200,200,58.5,58.5,2273,2273,83.95,83.95,0
131,201,201,58.4,58.4,890,890,71.48,71.48,0
1013,202,202,58.2,58.2,775,775,98.0,98.0,0
1901,203,203,58.2,58.2,1439,1439,90.11,90.11,0
1061,204,204,58.1,58.1,2914,2914,99.46,99.46,0
146,205,205,58.1,58.1,225,225,52.4,52.4,0
1328,206,206,57.9,57.9,1477,1477,80.08,80.08,0
1733,207,207,57.8,57.8,1789,1789,94.3,94.3,0
126,208,208,57.8,57.8,483,483,60.48,60.48,0
192,209,209,57.8,57.8,582,582,53.43,53.43,0
2464,210,210,57.8,57.8,1568,1568,84.48,84.48,0
680,211,211,57.8,57.8,189,189,53.16,53.16,0
1434,212,212,57.8,57.8,1738,1738,75.2,75.2,0
812,213,213,57.7,57.7,107,107,47.3,47.3,0
773,214,214,57.7,57.7,915,915,67.32,67.32,0
1990,215,215,57.5,57.5,1694,1694,87.34,87.34,0
829,216,216,57.5,57.5,1,1,47.3,47.3,0
1731,217,217,57.5,57.5,1745,1745,95.16,95.16,0
1983,218,218,57.5,57.5,1605,1605,88.8,88.8,0
1943,219,219,57.4,57.4,1980,1980,90.77,90.77,0
2458,220,220,57.3,57.3,1824,1824,82.76,82.76,0
1256,221,221,57.3,57.3,1980,1980,85.33,85.33,0
1767,222,222,57.3,57.3,2056,2056,93.15,93.15,0
842,223,223,57.2,57.2,734,734,65.3,65.3,0
1338,224,224,57.1,57.1,1651,1651,96.3,96.3,0
187,225,225,57.1,57.1,1945,1945,80.32,80.32,0
1216,226,226,57.0,57.0,1625,1625,73.23,73.23,0
2,227,227,57.0,57.0,84,84,59.22,59.22,0
1239,228,228,57.0,57.0,963,963,72.92,72.92,0
1479,229,229,56.9,56.9,1410,1410,73.37,73.37,0
76,230,230,56.9,56.9,203,203,63.19,63.19,0
1259,231,231,56.9,56.9,1668,1668,85.91,85.91,0
1417,232,232,56.9,56.9,2650,2650,77.79,77.79,0
1898,233,233,56.8,56.8,1300,1300,85.8,85.8,0
1505,234,234,56.8,56.8,1390,1390,73.47,73.47,0
2245,235,235,56.8,56.8,1184,1184,77.39,77.39,0
849,236,236,56.7,56.7,1401,1401,65.54,65.54,0
1329,237,237,56.7,56.7,1063,1063,80.24,80.24,0
141,238,238,56.7,56.7,331,331,52.4,52.4,0
18,239,239,56.6,56.6,121,121,59.0,59.0,0
1409,240,240,56.6,56.6,1458,1458,96.3,96.3,0
1321,241,241,56.6,56.6,1197,1197,96.29,96.29,0
1449,242,242,56.5,56.5,1649,1649,76.85,76.85,0
814,243,243,56.5,56.5,84,84,47.3,47.3,0
2474,244,244,56.5,56.5,3348,3348,93.52,93.52,0
51,245,245,56.4,56.4,93,93,52.4,52.4,0
1403,246,246,56.3,56.3,1084,1084,89.29,89.29,0
42,247,247,56.3,56.3,82,82,52.4,52.4,0
2071,248,248,56.2,56.2,2410,2410,97.31,97.31,0
63,249,249,56.2,56.2,90,90,55.4,55.4,0
1975,250,250,56.2,56.2,1523,1523,91.68,91.68,0
1261,251,251,56.2,56.2,2323,2323,82.44,82.44,0
666,252,252,56.2,56.2,19,19,51.6,51.6,0
2461,253,253,56.1,56.1,2791,2791,81.9,81.9,0
706,254,254,56.1,56.1,998,998,63.0,63.0,0
634,255,255,56.0,56.0,336,336,47.3,47.3,0
2778,256,256,56.0,56.0,1524,1524,84.06,84.06,0
49,257,257,56.0,56.0,59,59,52.4,52.4,0
190,258,258,55.9,55.9,439,439,52.25,52.25,0
2178,259,259,55.9,55.9,4242,4242,94.2,94.2,0
44,260,260,55.8,55.8,28,28,52.4,52.4,0
1296,261,261,55.8,55.8,1205,1205,79.39,79.39,0
1224,262,262,55.7,55.7,1583,1583,71.38,71.38,0
1251,263,263,55.6,55.6,1645,1645,75.47,75.47,0
1044,264,264,55.6,55.6,1637,1637,88.32,88.32,0
791,265,265,55.5,55.5,183,183,59.8,59.8,0
635,266,266,55.4,55.4,107,107,47.3,47.3,0
723,267,267,55.4,55.4,1276,1276,64.68,64.68,0
732,268,268,55.4,55.4,182,182,56.62,56.62,0
84,269,269,55.2,55.2,325,325,69.16,69.16,0
861,270,270,55.1,55.1,314,314,65.3,65.3,0
1240,271,271,55.1,55.1,1379,1379,72.1,72.1,0
2478,272,272,55.1,55.1,1374,1374,93.57,93.57,0
2462,273,273,55.0,55.0,1896,1896,84.38,84.38,0
147,274,274,55.0,55.0,110,110,52.59,52.59,0
2168,275,275,54.9,54.9,1331,1331,84.69,84.69,0
1222,276,276,54.9,54.9,1629,1629,76.38,76.38,0
19,277,277,54.9,54.9,25,25,59.0,59.0,0
166,278,278,54.8,54.8,418,418,67.28,67.28,0
213,279,279,54.8,54.8,1541,1541,85.63,85.63,0
15,280,280,54.7,54.7,22,22,59.0,59.0,0
1806,281,281,54.7,54.7,1718,1718,95.7,95.7,0
21,282,282,54.7,54.7,70,70,59.28,59.28,0
45,283,283,54.6,54.6,119,119,53.3,53.3,0
1483,284,284,54.6,54.6,1915,1915,85.35,85.35,0
1257,285,285,54.6,54.6,2070,2070,85.14,85.14,0
1482,286,286,54.3,54.3,2328,2328,79.92,79.92,0
1036,287,287,54.3,54.3,2806,2806,98.93,98.93,0
144,288,288,54.3,54.3,108,108,52.4,52.4,0
1220,289,289,54.3,54.3,1976,1976,79.4,79.4,0
143,290,290,54.2,54.2,115,115,52.4,52.4,0
1956,291,291,54.2,54.2,674,674,79.73,79.73,0
621,292,292,54.2,54.2,246,246,54.77,54.77,0
52,293,293,54.1,54.1,248,248,59.0,59.0,0
1988,294,294,54.1,54.1,1374,1374,91.91,91.91,0
1293,295,295,54.1,54.1,825,825,72.92,72.92,0
1024,296,296,54.1,54.1,1735,1735,99.62,99.62,0
1223,297,297,54.0,54.0,1627,1627,71.56,71.56,0
1221,298,298,53.9,53.9,1187,1187,71.78,71.78,0
36,299,299,53.9,53.9,58,58,61.15,61.15,0
1507,300,300,53.8,53.8,1236,1236,76.29,76.29,0
2667,301,301,53.8,53.8,847,847,99.3,99.3,0
1295,302,302,53.8,53.8,792,792,79.19,79.19,0
14,303,303,53.8,53.8,5,5,59.0,59.0,0
1972,304,304,53.6,53.6,832,832,91.53,91.53,0
816,305,305,53.6,53.6,107,107,47.3,47.3,0
1815,306,306,53.6,53.6,2327,2327,98.44,98.44,0
1420,307,307,53.6,53.6,4786,4786,79.8,79.8,0
1041,308,308,53.5,53.5,1413,1413,92.18,92.18,0
0,309,309,53.5,53.5,67,67,63.17,63.17,0
1418,310,310,53.4,53.4,1819,1819,77.72,77.72,0
46,311,311,53.4,53.4,114,114,52.4,52.4,0
53,312,312,53.4,53.4,1,1,59.0,59.0,0
165,313,313,53.3,53.3,43,43,60.9,60.9,0
1942,314,314,53.3,53.3,939,939,87.66,87.66,0
1432,315,315,53.2,53.2,1883,1883,78.11,78.11,0
1946,316,316,53.2,53.2,456,456,80.3,80.3,0
1260,317,317,53.2,53.2,1577,1577,87.22,87.22,0
1302,318,318,53.1,53.1,1633,1633,85.51,85.51,0
59,319,319,53.1,53.1,224,224,58.43,58.43,0
1014,320,320,53.1,53.1,444,444,98.27,98.27,0
1941,321,321,53.1,53.1,1044,1044,88.06,88.06,0
1039,322,322,53.0,53.0,1542,1542,90.0,90.0,0
671,323,323,53.0,53.0,67,67,47.3,47.3,0
841,324,324,53.0,53.0,86,86,65.3,65.3,0
1037,325,325,52.9,52.9,2172,2172,98.11,98.11,0
1799,326,326,52.9,52.9,1428,1428,94.2,94.2,0
1793,327,327,52.9,52.9,1862,1862,94.48,94.48,0
135,328,328,52.9,52.9,65,65,56.0,56.0,0
1465,329,329,52.8,52.8,1677,1677,74.05,74.05,0
1419,330,330,52.7,52.7,2761,2761,76.23,76.23,0
767,331,331,52.7,52.7,452,452,68.2,68.2,0
793,332,332,52.7,52.7,458,458,65.22,65.22,0
1032,333,333,52.6,52.6,2023,2023,98.25,98.25,0
860,334,334,52.6,52.6,68,68,65.1,65.1,0
9,335,335,52.5,52.5,93,93,59.0,59.0,0
1797,336,336,52.5,52.5,1704,1704,97.33,97.33,0
43,337,337,52.5,52.5,233,233,57.51,57.51,0
189,338,338,52.4,52.4,1307,1307,86.72,86.72,0
23,339,339,52.4,52.4,78,78,60.28,60.28,0
1781,340,340,52.4,52.4,1576,1576,97.62,97.62,0
851,341,341,52.3,52.3,1021,1021,66.9,66.9,0
722,342,342,52.2,52.2,997,997,64.44,64.44,0
1598,343,343,52.2,52.2,1475,1475,98.41,98.41,0
1735,344,344,52.2,52.2,2020,2020,96.98,96.98,0
37,345,345,52.2,52.2,9,9,63.5,63.5,0
1502,346,346,52.2,52.2,1898,1898,74.53,74.53,0
148,347,347,52.1,52.1,585,585,71.34,71.34,0
2442,348,348,52.1,52.1,1605,1605,92.86,92.86,0
1948,349,349,52.1,52.1,487,487,86.86,86.86,0
1246,350,350,52.0,52.0,1357,1357,83.16,83.16,0
2180,351,351,52.0,52.0,2358,2358,98.88,98.88,0
1034,352,352,52.0,52.0,1793,1793,98.6,98.6,0
163,353,353,51.9,51.9,39,39,62.71,62.71,0
682,354,354,51.8,51.8,145,145,68.08,68.08,0
1812,355,355,51.8,51.8,1359,1359,99.77,99.77,0
993,356,356,51.8,51.8,1444,1444,99.8,99.8,0
1816,357,357,51.8,51.8,1539,1539,98.8,98.8,0
1957,358,358,51.7,51.7,981,981,82.21,82.21,0
1038,359,359,51.7,51.7,1946,1946,98.38,98.38,0
1474,360,360,51.7,51.7,1479,1479,79.31,79.31,0
133,361,361,51.7,51.7,1181,1181,82.08,82.08,0
1986,362,362,51.7,51.7,1426,1426,92.26,92.26,0
810,363,363,51.7,51.7,107,107,47.3,47.3,0
2185,364,364,51.6,51.6,647,647,84.9,84.9,0
1421,365,365,51.6,51.6,2233,2233,77.69,77.69,0
1322,366,366,51.6,51.6,897,897,96.29,96.29,0
611,367,367,51.6,51.6,959,959,60.39,60.39,0
769,368,368,51.6,51.6,868,868,68.2,68.2,0
1375,369,369,51.5,51.5,435,435,73.62,73.62,0
1422,370,370,51.5,51.5,1551,1551,76.9,76.9,0
2446,371,371,51.5,51.5,1245,1245,99.26,99.26,0
1226,372,372,51.4,51.4,560,560,74.56,74.56,0
35,373,373,51.4,51.4,64,64,62.24,62.24,0
2244,374,374,51.4,51.4,439,439,74.28,74.28,0
22,375,375,51.4,51.4,65,65,62.67,62.67,0
1973,376,376,51.3,51.3,1079,1079,83.66,83.66,0
297,377,377,51.3,51.3,259,259,73.6,73.6,0
1376,378,378,51.3,51.3,259,259,73.6,73.6,0
1384,379,379,51.3,51.3,259,259,73.6,73.6,0
617,380,380,51.2,51.2,163,163,68.2,68.2,0
1033,381,381,51.2,51.2,1639,1639,96.15,96.15,0
298,382,382,51.2,51.2,254,254,73.6,73.6,0
1378,383,383,51.2,51.2,257,257,73.69,73.69,0
1248,384,384,51.2,51.2,560,560,83.23,83.23,0
137,385,385,51.2,51.2,99,99,59.54,59.54,0
362,386,386,51.2,51.2,222,222,72.2,72.2,0
1445,387,387,51.2,51.2,3361,3361,80.2,80.2,0
1895,388,388,51.1,51.1,1871,1871,91.7,91.7,0
1243,389,389,51.1,51.1,1097,1097,81.92,81.92,0
2167,390,390,51.1,51.1,1006,1006,84.98,84.98,0
1535,391,391,51.0,51.0,1670,1670,88.9,88.9,0
139,392,392,51.0,51.0,43,43,60.9,60.9,0
214,393,393,51.0,51.0,1500,1500,88.78,88.78,0
1743,394,394,51.0,51.0,1512,1512,97.67,97.67,0
826,395,395,50.9,50.9,43,43,47.3,47.3,0
1947,396,396,50.9,50.9,318,318,79.52,79.52,0
1291,397,397,50.9,50.9,257,257,78.8,78.8,0
1388,398,398,50.9,50.9,252,252,73.66,73.66,0
1297,399,399,50.8,50.8,257,257,78.8,78.8,0
1593,400,400,50.8,50.8,1312,1312,95.45,95.45,0
780,401,401,50.8,50.8,553,553,59.13,59.13,0
854,402,402,50.8,50.8,728,728,63.83,63.83,0
1730,403,403,50.7,50.7,2051,2051,95.53,95.53,0
1926,404,404,50.7,50.7,911,911,94.5,94.5,0
138,405,405,50.7,50.7,43,43,60.9,60.9,0
858,406,406,50.6,50.6,3,3,65.3,65.3,0
354,407,407,50.5,50.5,219,219,72.2,72.2,0
1968,408,408,50.5,50.5,495,495,95.14,95.14,0
655,409,409,50.5,50.5,14,14,68.2,68.2,0
705,410,410,50.5,50.5,712,712,61.36,61.36,0
772,411,411,50.4,50.4,5,5,68.2,68.2,0
739,412,412,50.4,50.4,1,1,68.2,68.2,0
1824,413,413,50.4,50.4,991,991,94.93,94.93,0
95,414,414,50.4,50.4,37,37,63.77,63.77,0
798,415,415,50.4,50.4,325,325,47.3,47.3,0
792,416,416,50.4,50.4,17,17,65.3,65.3,0
992,417,417,50.3,50.3,1029,1029,99.77,99.77,0
1985,418,418,50.3,50.3,890,890,93.36,93.36,0
1020,419,419,50.3,50.3,1939,1939,99.3,99.3,0
1425,420,420,50.2,50.2,1692,1692,83.33,83.33,0
75,421,421,50.2,50.2,112,112,64.42,64.42,0
1814,422,422,50.2,50.2,2222,2222,98.31,98.31,0
771,423,423,50.2,50.2,158,158,68.2,68.2,0
1035,424,424,50.2,50.2,1399,1399,95.38,95.38,0
1768,425,425,50.1,50.1,1912,1912,96.6,96.6,0
2451,426,426,50.1,50.1,681,681,93.44,93.44,0
1518,427,427,50.1,50.1,1337,1337,90.18,90.18,0
1820,428,428,50.1,50.1,1924,1924,99.08,99.08,0
109,429,429,50.1,50.1,160,160,63.6,63.6,0
2640,430,430,50.0,50.0,960,960,99.61,99.61,0
1931,431,431,50.0,50.0,1686,1686,79.54,79.54,0
1299,432,432,50.0,50.0,918,918,81.87,81.87,0
1017,433,433,50.0,50.0,311,311,98.36,98.36,0
1954,434,434,49.9,49.9,486,486,80.2,80.2,0
1961,435,435,49.9,49.9,243,243,76.1,76.1,0
1304,436,436,49.9,49.9,1183,1183,85.13,85.13,0
1427,437,437,49.8,49.8,752,752,83.33,83.33,0
1532,438,438,49.8,49.8,1086,1086,84.5,84.5,0
299,439,439,49.8,49.8,149,149,73.62,73.62,0
1808,440,440,49.8,49.8,1348,1348,98.91,98.91,0
1377,441,441,49.7,49.7,220,220,75.44,75.44,0
700,442,442,49.7,49.7,233,233,63.0,63.0,0
20,443,443,49.7,49.7,44,44,63.26,63.26,0
1962,444,444,49.7,49.7,289,289,78.4,78.4,0
1294,445,445,49.6,49.6,219,219,79.68,79.68,0
678,446,446,49.6,49.6,24,24,68.2,68.2,0
13,447,447,49.6,49.6,87,87,59.0,59.0,0
737,448,448,49.6,49.6,146,146,68.2,68.2,0
2242,449,449,49.5,49.5,891,891,75.62,75.62,0
1989,450,450,49.5,49.5,1321,1321,96.56,96.56,0
1761,451,451,49.5,49.5,1854,1854,96.6,96.6,0
2465,452,452,49.5,49.5,1696,1696,90.11,90.11,0
683,453,453,49.4,49.4,1089,1089,65.84,65.84,0
1741,454,454,49.4,49.4,1816,1816,97.8,97.8,0
1795,455,455,49.4,49.4,1079,1079,94.57,94.57,0
2432,456,456,49.4,49.4,1644,1644,91.89,91.89,0
1385,457,457,49.4,49.4,148,148,75.0,75.0,0
1477,458,458,49.4,49.4,1780,1780,77.9,77.9,0
164,459,459,49.3,49.3,43,43,60.9,60.9,0
689,460,460,49.3,49.3,1376,1376,75.61,75.61,0
2448,461,461,49.3,49.3,1339,1339,93.8,93.8,0
1963,462,462,49.3,49.3,207,207,76.1,76.1,0
1950,463,463,49.3,49.3,206,206,76.1,76.1,0
1819,464,464,49.3,49.3,1316,1316,99.09,99.09,0
2236,465,465,49.2,49.2,558,558,74.63,74.63,0
2445,466,466,49.2,49.2,682,682,93.5,93.5,0
864,467,467,49.0,49.0,1470,1470,65.15,65.15,0
1800,468,468,49.0,49.0,615,615,93.82,93.82,0
296,469,469,49.0,49.0,75,75,73.6,73.6,0
1303,470,470,48.9,48.9,1762,1762,86.08,86.08,0
1489,471,471,48.9,48.9,1815,1815,75.74,75.74,0
1944,472,472,48.9,48.9,178,178,80.3,80.3,0
1326,473,473,48.8,48.8,537,537,87.33,87.33,0
301,474,474,48.8,48.8,71,71,73.85,73.85,0
1028,475,475,48.8,48.8,1600,1600,96.71,96.71,0
1821,476,476,48.8,48.8,1195,1195,96.9,96.9,0
1951,477,477,48.7,48.7,158,158,75.71,75.71,0
2045,478,478,48.7,48.7,1619,1619,98.3,98.3,0
1318,479,479,48.5,48.5,87,87,79.9,79.9,0
1312,480,480,48.5,48.5,87,87,79.9,79.9,0
80,481,481,48.5,48.5,191,191,77.1,77.1,0
1478,482,482,48.5,48.5,1050,1050,79.6,79.6,0
1734,483,483,48.5,48.5,1809,1809,96.15,96.15,0
1357,484,484,48.4,48.4,87,87,79.9,79.9,0
1335,485,485,48.4,48.4,772,772,87.6,87.6,0
1343,486,486,48.4,48.4,87,87,79.9,79.9,0
2466,487,487,48.4,48.4,1858,1858,88.07,88.07,0
1920,488,488,48.4,48.4,602,602,83.9,83.9,0
1315,489,489,48.4,48.4,87,87,79.9,79.9,0
1314,490,490,48.4,48.4,87,87,79.9,79.9,0
1355,491,491,48.4,48.4,87,87,79.9,79.9,0
1461,492,492,48.4,48.4,1546,1546,78.17,78.17,0
1738,493,493,48.3,48.3,1575,1575,97.93,97.93,0
1331,494,494,48.3,48.3,99,99,80.87,80.87,0
69,495,495,48.3,48.3,86,86,77.2,77.2,0
1272,496,496,48.3,48.3,86,86,77.21,77.21,0
815,497,497,48.3,48.3,34,34,47.3,47.3,0
1354,498,498,48.2,48.2,89,89,80.29,80.29,0
33,499,499,48.2,48.2,43,43,60.9,60.9,0
68,500,500,48.2,48.2,83,83,77.4,77.4,0
58,501,501,48.1,48.1,74,74,77.2,77.2,0
2638,502,502,48.1,48.1,537,537,99.29,99.29,0
825,503,503,48.1,48.1,74,74,47.3,47.3,0
1270,504,504,48.1,48.1,87,87,77.2,77.2,0
703,505,505,48.0,48.0,395,395,75.06,75.06,0
1597,506,506,48.0,48.0,1028,1028,94.4,94.4,0
2457,507,507,48.0,48.0,678,678,93.28,93.28,0
435,508,508,48.0,48.0,1781,1781,81.39,81.39,0
1811,509,509,47.9,47.9,1151,1151,99.4,99.4,0
1742,510,510,47.9,47.9,1495,1495,98.32,98.32,0
1273,511,511,47.9,47.9,79,79,77.66,77.66,0
1818,512,512,47.9,47.9,1785,1785,99.72,99.72,0
770,513,513,47.9,47.9,350,350,68.2,68.2,0
2240,514,514,47.8,47.8,746,746,73.55,73.55,0
60,515,515,47.8,47.8,87,87,77.2,77.2,0
1740,516,516,47.7,47.7,1167,1167,97.5,97.5,0
818,517,517,47.7,47.7,82,82,47.3,47.3,0
1949,518,518,47.7,47.7,3,3,76.1,76.1,0
1952,519,519,47.7,47.7,72,72,76.1,76.1,0
2471,520,520,47.6,47.6,1224,1224,91.6,91.6,0
186,521,521,47.6,47.6,87,87,77.2,77.2,0
1359,522,522,47.6,47.6,87,87,79.9,79.9,0
172,523,523,47.6,47.6,839,839,66.72,66.72,0
1339,524,524,47.6,47.6,269,269,85.77,85.77,0
1301,525,525,47.6,47.6,279,279,78.25,78.25,0
1063,526,526,47.5,47.5,1345,1345,99.31,99.31,0
32,527,527,47.5,47.5,43,43,60.9,60.9,0
1330,528,528,47.5,47.5,87,87,79.9,79.9,0
29,529,529,47.5,47.5,67,67,59.36,59.36,0
1382,530,530,47.5,47.5,72,72,78.19,78.19,0
57,531,531,47.5,47.5,87,87,77.2,77.2,0
1481,532,532,47.4,47.4,1241,1241,86.96,86.96,0
1271,533,533,47.4,47.4,87,87,77.2,77.2,0
1351,534,534,47.4,47.4,1203,1203,83.35,83.35,0
2164,535,535,47.4,47.4,896,896,88.74,88.74,0
1823,536,536,47.4,47.4,954,954,94.95,94.95,0
54,537,537,47.4,47.4,4,4,77.2,77.2,0
94,538,538,47.3,47.3,21,21,77.1,77.1,0
1244,539,539,47.3,47.3,1391,1391,87.82,87.82,0
865,540,540,47.3,47.3,1346,1346,77.58,77.58,0
1242,541,541,47.2,47.2,664,664,85.01,85.01,0
1801,542,542,47.2,47.2,460,460,95.64,95.64,0
2476,543,543,47.2,47.2,510,510,93.8,93.8,0
2439,544,544,47.2,47.2,1213,1213,92.4,92.4,0
61,545,545,47.2,47.2,87,87,77.2,77.2,0
1737,546,546,47.1,47.1,1624,1624,97.71,97.71,0
2642,547,547,47.1,47.1,626,626,99.3,99.3,0
1967,548,548,47.1,47.1,698,698,95.2,95.2,0
31,549,549,47.0,47.0,43,43,60.9,60.9,0
1785,550,550,47.0,47.0,912,912,97.83,97.83,0
1770,551,551,47.0,47.0,996,996,96.91,96.91,0
1783,552,552,47.0,47.0,566,566,98.8,98.8,0
1930,553,553,46.9,46.9,885,885,86.73,86.73,0
1441,554,554,46.9,46.9,605,605,87.59,87.59,0
768,555,555,46.9,46.9,90,90,68.2,68.2,0
2181,556,556,46.9,46.9,1127,1127,97.8,97.8,0
153,557,557,46.9,46.9,923,923,71.41,71.41,0
1292,558,558,46.8,46.8,283,283,82.37,82.37,0
1327,559,559,46.8,46.8,498,498,87.2,87.2,0
1363,560,560,46.8,46.8,423,423,80.93,80.93,0
1766,561,561,46.8,46.8,1608,1608,95.24,95.24,0
820,562,562,46.8,46.8,24,24,47.3,47.3,0
2781,563,563,46.7,46.7,776,776,85.18,85.18,0
134,564,564,46.7,46.7,43,43,60.9,60.9,0
2177,565,565,46.7,46.7,1441,1441,99.36,99.36,0
1802,566,566,46.7,46.7,1024,1024,95.45,95.45,0
686,567,567,46.6,46.6,811,811,68.59,68.59,0
819,568,568,46.6,46.6,70,70,47.3,47.3,0
1436,569,569,46.6,46.6,1704,1704,81.84,81.84,0
55,570,570,46.6,46.6,87,87,77.2,77.2,0
1404,571,571,46.6,46.6,425,425,82.26,82.26,0
1822,572,572,46.5,46.5,1374,1374,97.5,97.5,0
1346,573,573,46.5,46.5,359,359,95.21,95.21,0
107,574,574,46.5,46.5,165,165,64.97,64.97,0
991,575,575,46.4,46.4,822,822,99.8,99.8,0
2455,576,576,46.4,46.4,811,811,92.4,92.4,0
65,577,577,46.4,46.4,10,10,80.29,80.29,0
745,578,578,46.4,46.4,79,79,68.2,68.2,0
1264,579,579,46.4,46.4,51,51,81.04,81.04,0
1268,580,580,46.3,46.3,151,151,84.44,84.44,0
3,581,581,46.3,46.3,85,85,59.0,59.0,0
1787,582,582,46.3,46.3,883,883,96.22,96.22,0
17,583,583,46.2,46.2,85,85,59.0,59.0,0
1431,584,584,46.2,46.2,1219,1219,85.67,85.67,0
1805,585,585,46.2,46.2,417,417,93.86,93.86,0
989,586,586,46.2,46.2,1324,1324,98.43,98.43,0
1473,587,587,46.2,46.2,443,443,78.57,78.57,0
1509,588,588,46.1,46.1,839,839,96.1,96.1,0
1364,589,589,46.1,46.1,193,193,79.84,79.84,0
1275,590,590,46.1,46.1,87,87,77.2,77.2,0
2436,591,591,46.1,46.1,1514,1514,89.89,89.89,0
110,592,592,46.1,46.1,21,21,77.1,77.1,0
2166,593,593,46.1,46.1,641,641,93.8,93.8,0
2550,594,594,46.0,46.0,749,749,97.88,97.88,0
1714,595,595,45.9,45.9,84,84,95.9,95.9,0
1596,596,596,45.9,45.9,1216,1216,97.68,97.68,0
1276,597,597,45.9,45.9,87,87,77.2,77.2,0
675,598,598,45.9,45.9,9,9,47.3,47.3,0
1810,599,599,45.9,45.9,860,860,98.92,98.92,0
2440,600,600,45.9,45.9,1522,1522,90.29,90.29,0
1356,601,601,45.9,45.9,95,95,85.36,85.36,0
1722,602,602,45.8,45.8,84,84,95.9,95.9,0
1380,603,603,45.8,45.8,259,259,73.6,73.6,0
744,604,604,45.8,45.8,54,54,68.2,68.2,0
34,605,605,45.8,45.8,66,66,63.5,63.5,0
866,606,606,45.8,45.8,61,61,53.61,53.61,0
1317,607,607,45.7,45.7,99,99,86.53,86.53,0
1924,608,608,45.7,45.7,889,889,94.17,94.17,0
1807,609,609,45.7,45.7,1119,1119,99.27,99.27,0
1826,610,610,45.6,45.6,1265,1265,97.61,97.61,0
2387,611,611,45.6,45.6,126,126,87.6,87.6,0
1267,612,612,45.6,45.6,161,161,85.79,85.79,0
1825,613,613,45.6,45.6,1170,1170,97.5,97.5,0
1245,614,614,45.6,45.6,1253,1253,82.36,82.36,0
185,615,615,45.5,45.5,408,408,77.2,77.2,0
1710,616,616,45.5,45.5,84,84,95.9,95.9,0
162,617,617,45.5,45.5,29,29,68.97,68.97,0
413,618,618,45.5,45.5,21,21,77.1,77.1,0
56,619,619,45.5,45.5,49,49,77.2,77.2,0
1592,620,620,45.5,45.5,1362,1362,98.41,98.41,0
2437,621,621,45.5,45.5,1487,1487,89.05,89.05,0
8,622,622,45.4,45.4,348,348,59.0,59.0,0
983,623,623,45.4,45.4,1250,1250,98.75,98.75,0
81,624,624,45.4,45.4,368,368,77.1,77.1,0
986,625,625,45.4,45.4,1334,1334,98.81,98.81,0
2259,626,626,45.4,45.4,2271,2271,78.53,78.53,0
928,627,627,45.3,45.3,286,286,95.82,95.82,0
1342,628,628,45.3,45.3,209,209,91.92,91.92,0
7,629,629,45.2,45.2,85,85,59.0,59.0,0
2433,630,630,45.2,45.2,1163,1163,91.19,91.19,0
987,631,631,45.2,45.2,1379,1379,99.51,99.51,0
1337,632,632,45.2,45.2,274,274,91.67,91.67,0
1022,633,633,45.2,45.2,403,403,99.41,99.41,0
1313,634,634,45.1,45.1,126,126,85.99,85.99,0
212,635,635,45.1,45.1,1067,1067,84.49,84.49,0
1298,636,636,45.1,45.1,1107,1107,85.7,85.7,0
2342,637,637,45.1,45.1,117,117,96.8,96.8,0
177,638,638,45.1,45.1,58,58,64.29,64.29,0
2477,639,639,45.1,45.1,754,754,91.71,91.71,0
25,640,640,45.1,45.1,32,32,66.88,66.88,0
2037,641,641,45.0,45.0,534,534,99.27,99.27,0
1709,642,642,45.0,45.0,91,91,95.9,95.9,0
171,643,643,45.0,45.0,1674,1674,75.47,75.47,0
47,644,644,45.0,45.0,269,269,58.04,58.04,0
848,645,645,45.0,45.0,1482,1482,73.03,73.03,0
1784,646,646,44.9,44.9,548,548,98.79,98.79,0
1533,647,647,44.9,44.9,1562,1562,86.92,86.92,0
2472,648,648,44.9,44.9,511,511,93.8,93.8,0
2449,649,649,44.9,44.9,994,994,93.69,93.69,0
93,650,650,44.9,44.9,33,33,65.75,65.75,0
1218,651,651,44.9,44.9,1201,1201,78.99,78.99,0
719,652,652,44.8,44.8,200,200,63.66,63.66,0
1739,653,653,44.8,44.8,1224,1224,97.5,97.5,0
1718,654,654,44.7,44.7,67,67,95.9,95.9,0
2554,655,655,44.7,44.7,220,220,98.84,98.84,0
1755,656,656,44.7,44.7,938,938,94.63,94.63,0
1506,657,657,44.7,44.7,1565,1565,75.64,75.64,0
2068,658,658,44.7,44.7,495,495,99.3,99.3,0
1407,659,659,44.7,44.7,476,476,96.24,96.24,0
1782,660,660,44.6,44.6,1437,1437,98.81,98.81,0
1332,661,661,44.6,44.6,342,342,79.94,79.94,0
1557,662,662,44.6,44.6,483,483,99.1,99.1,0
1011,663,663,44.6,44.6,216,216,99.21,99.21,0
2163,664,664,44.5,44.5,644,644,93.29,93.29,0
72,665,665,44.5,44.5,31,31,71.89,71.89,0
86,666,666,44.5,44.5,21,21,77.1,77.1,0
1316,667,667,44.4,44.4,99,99,86.53,86.53,0
1106,668,668,44.4,44.4,117,117,98.6,98.6,0
64,669,669,44.4,44.4,25,25,86.71,86.71,0
2636,670,670,44.4,44.4,862,862,99.92,99.92,0
2535,671,671,44.3,44.3,112,112,100.0,100.0,0
1516,672,672,44.3,44.3,975,975,89.35,89.35,0
1562,673,673,44.3,44.3,471,471,99.1,99.1,0
2540,674,674,44.3,44.3,112,112,100.0,100.0,0
1960,675,675,44.3,44.3,207,207,76.1,76.1,0
1015,676,676,44.3,44.3,112,112,100.0,100.0,0
2844,677,677,44.2,44.2,177,177,99.1,99.1,0
2539,678,678,44.2,44.2,112,112,100.0,100.0,0
2043,679,679,44.2,44.2,906,906,98.34,98.34,0
1459,680,680,44.2,44.2,1346,1346,79.9,79.9,0
2179,681,681,44.2,44.2,1181,1181,99.6,99.6,0
2430,682,682,44.2,44.2,804,804,90.03,90.03,0
1182,683,683,44.2,44.2,112,112,100.0,100.0,0
1476,684,684,44.2,44.2,257,257,78.8,78.8,0
1792,685,685,44.2,44.2,781,781,98.43,98.43,0
1181,686,686,44.1,44.1,112,112,100.0,100.0,0
2528,687,687,44.1,44.1,112,112,100.0,100.0,0
1566,688,688,44.1,44.1,451,451,99.09,99.09,0
2452,689,689,44.1,44.1,697,697,92.91,92.91,0
2564,690,690,44.1,44.1,109,109,100.0,100.0,0
720,691,691,44.1,44.1,151,151,63.5,63.5,0
174,692,692,44.1,44.1,33,33,69.52,69.52,0
1319,693,693,44.1,44.1,272,272,96.16,96.16,0
1003,694,694,44.1,44.1,112,112,100.0,100.0,0
1429,695,695,44.1,44.1,990,990,88.29,88.29,0
944,696,696,44.0,44.0,223,223,94.5,94.5,0
698,697,697,44.0,44.0,618,618,64.96,64.96,0
990,698,698,44.0,44.0,679,679,99.71,99.71,0
2243,699,699,44.0,44.0,805,805,77.27,77.27,0
1752,700,700,43.9,43.9,822,822,97.53,97.53,0
1180,701,701,43.9,43.9,112,112,100.0,100.0,0
694,702,702,43.9,43.9,573,573,59.46,59.46,0
1399,703,703,43.9,43.9,201,201,93.3,93.3,0
1372,704,704,43.9,43.9,201,201,93.3,93.3,0
1765,705,705,43.9,43.9,1288,1288,93.98,93.98,0
1558,706,706,43.9,43.9,483,483,99.1,99.1,0
1493,707,707,43.9,43.9,1527,1527,76.88,76.88,0
1374,708,708,43.9,43.9,201,201,93.3,93.3,0
1934,709,709,43.8,43.8,223,223,94.5,94.5,0
1809,710,710,43.8,43.8,1099,1099,98.98,98.98,0
1732,711,711,43.8,43.8,898,898,94.61,94.61,0
1413,712,712,43.8,43.8,879,879,88.11,88.11,0
846,713,713,43.8,43.8,84,84,65.76,65.76,0
1716,714,714,43.8,43.8,53,53,95.9,95.9,0
1361,715,715,43.8,43.8,201,201,93.3,93.3,0
1915,716,716,43.8,43.8,358,358,89.0,89.0,0
1179,717,717,43.8,43.8,110,110,100.0,100.0,0
2070,718,718,43.7,43.7,1038,1038,98.49,98.49,0
943,719,719,43.7,43.7,223,223,94.5,94.5,0
1786,720,720,43.7,43.7,837,837,98.4,98.4,0
2002,721,721,43.7,43.7,481,481,92.9,92.9,0
1001,722,722,43.7,43.7,135,135,99.99,99.99,0
1415,723,723,43.7,43.7,1114,1114,84.07,84.07,0
1362,724,724,43.6,43.6,174,174,93.3,93.3,0
1749,725,725,43.6,43.6,262,262,94.3,94.3,0
1779,726,726,43.5,43.5,498,498,98.98,98.98,0
2056,727,727,43.5,43.5,115,115,98.6,98.6,0
1508,728,728,43.5,43.5,436,436,96.08,96.08,0
1791,729,729,43.5,43.5,1360,1360,97.98,97.98,0
716,730,730,43.5,43.5,181,181,63.5,63.5,0
2533,731,731,43.5,43.5,107,107,100.0,100.0,0
152,732,732,43.5,43.5,508,508,67.24,67.24,0
935,733,733,43.4,43.4,223,223,94.5,94.5,0
10,734,734,43.4,43.4,518,518,59.0,59.0,0
2529,735,735,43.4,43.4,112,112,100.0,100.0,0
2038,736,736,43.4,43.4,328,328,100.0,100.0,0
465,737,737,43.4,43.4,1011,1011,75.25,75.25,0
1923,738,738,43.4,43.4,223,223,94.5,94.5,0
1365,739,739,43.3,43.3,201,201,93.31,93.31,0
1274,740,740,43.3,43.3,144,144,77.2,77.2,0
1398,741,741,43.3,43.3,201,201,93.3,93.3,0
997,742,742,43.3,43.3,270,270,99.99,99.99,0
2531,743,743,43.2,43.2,112,112,100.0,100.0,0
2060,744,744,43.2,43.2,321,321,100.0,100.0,0
350,745,745,43.2,43.2,222,222,72.2,72.2,0
1462,746,746,43.2,43.2,1017,1017,79.6,79.6,0
176,747,747,43.2,43.2,43,43,66.54,66.54,0
1368,748,748,43.2,43.2,141,141,93.3,93.3,0
1373,749,749,43.2,43.2,130,130,93.3,93.3,0
973,750,750,43.2,43.2,257,257,99.97,99.97,0
2530,751,751,43.2,43.2,88,88,99.98,99.98,0
999,752,752,43.1,43.1,141,141,100.0,100.0,0
2665,753,753,43.1,43.1,594,594,99.46,99.46,0
709,754,754,43.1,43.1,936,936,60.8,60.8,0
1979,755,755,43.1,43.1,26,26,89.09,89.09,0
2537,756,756,43.0,43.0,112,112,100.0,100.0,0
1760,757,757,43.0,43.0,551,551,96.4,96.4,0
1520,758,758,43.0,43.0,228,228,92.32,92.32,0
1325,759,759,43.0,43.0,188,188,96.07,96.07,0
2061,760,760,43.0,43.0,284,284,100.0,100.0,0
1288,761,761,43.0,43.0,20,20,89.82,89.82,0
941,762,762,42.9,42.9,180,180,94.7,94.7,0
1263,763,763,42.9,42.9,21,21,90.83,90.83,0
1026,764,764,42.9,42.9,742,742,98.5,98.5,0
1490,765,765,42.9,42.9,1437,1437,77.32,77.32,0
79,766,766,42.9,42.9,816,816,74.91,74.91,0
2000,767,767,42.8,42.8,258,258,93.4,93.4,0
947,768,768,42.8,42.8,205,205,94.57,94.57,0
1410,769,769,42.8,42.8,1366,1366,89.98,89.98,0
1910,770,770,42.8,42.8,61,61,90.05,90.05,0
2460,771,771,42.7,42.7,1007,1007,85.98,85.98,0
436,772,772,42.7,42.7,1381,1381,82.26,82.26,0
1935,773,773,42.7,42.7,125,125,87.18,87.18,0
2063,774,774,42.7,42.7,325,325,100.0,100.0,0
1574,775,775,42.6,42.6,91,91,95.9,95.9,0
551,776,776,42.6,42.6,397,397,70.36,70.36,0
2536,777,777,42.6,42.6,112,112,100.0,100.0,0
974,778,778,42.6,42.6,300,300,100.0,100.0,0
1945,779,779,42.6,42.6,36,36,94.7,94.7,0
1546,780,780,42.5,42.5,215,215,95.98,95.98,0
1927,781,781,42.5,42.5,213,213,94.54,94.54,0
1437,782,782,42.5,42.5,598,598,85.8,85.8,0
1925,783,783,42.5,42.5,234,234,90.48,90.48,0
102,784,784,42.5,42.5,33,33,71.44,71.44,0
101,785,785,42.5,42.5,21,21,77.1,77.1,0
1912,786,786,42.5,42.5,64,64,89.48,89.48,0
1570,787,787,42.5,42.5,483,483,99.1,99.1,0
1366,788,788,42.4,42.4,201,201,93.3,93.3,0
464,789,789,42.4,42.4,957,957,84.61,84.61,0
1289,790,790,42.4,42.4,19,19,90.35,90.35,0
1763,791,791,42.4,42.4,332,332,96.2,96.2,0
1756,792,792,42.4,42.4,993,993,97.46,97.46,0
844,793,793,42.4,42.4,428,428,74.12,74.12,0
1065,794,794,42.4,42.4,611,611,99.8,99.8,0
1764,795,795,42.3,42.3,366,366,96.28,96.28,0
2552,796,796,42.3,42.3,369,369,96.2,96.2,0
1883,797,797,42.3,42.3,37,37,95.2,95.2,0
1888,798,798,42.3,42.3,37,37,95.2,95.2,0
1890,799,799,42.3,42.3,37,37,95.2,95.2,0
1892,800,800,42.3,42.3,37,37,95.2,95.2,0
1894,801,801,42.3,42.3,37,37,95.2,95.2,0
2632,802,802,42.3,42.3,84,84,94.3,94.3,0
1712,803,803,42.3,42.3,101,101,95.9,95.9,0
1472,804,804,42.3,42.3,1236,1236,91.44,91.44,0
1993,805,805,42.3,42.3,665,665,89.0,89.0,0
1341,806,806,42.3,42.3,110,110,94.76,94.76,0
1918,807,807,42.3,42.3,37,37,95.2,95.2,0
24,808,808,42.3,42.3,21,21,77.1,77.1,0
1713,809,809,42.3,42.3,84,84,95.9,95.9,0
1913,810,810,42.3,42.3,161,161,87.56,87.56,0
1914,811,811,42.3,42.3,75,75,88.45,88.45,0
70,812,812,42.3,42.3,16,16,93.12,93.12,0
1370,813,813,42.3,42.3,54,54,93.3,93.3,0
1880,814,814,42.2,42.2,34,34,95.2,95.2,0
1997,815,815,42.2,42.2,284,284,93.4,93.4,0
179,816,816,42.2,42.2,66,66,63.5,63.5,0
2054,817,817,42.2,42.2,117,117,98.6,98.6,0
995,818,818,42.2,42.2,269,269,99.69,99.69,0
1777,819,819,42.2,42.2,128,128,95.25,95.25,0
66,820,820,42.2,42.2,16,16,93.3,93.3,0
278,821,821,42.2,42.2,16,16,93.3,93.3,0
282,822,822,42.2,42.2,16,16,93.3,93.3,0
283,823,823,42.2,42.2,16,16,93.3,93.3,0
288,824,824,42.2,42.2,16,16,93.3,93.3,0
290,825,825,42.2,42.2,16,16,93.3,93.3,0
1285,826,826,42.2,42.2,16,16,93.3,93.3,0
1287,827,827,42.2,42.2,16,16,93.3,93.3,0
1383,828,828,42.2,42.2,16,16,93.3,93.3,0
279,829,829,42.2,42.2,16,16,93.3,93.3,0
295,830,830,42.2,42.2,16,16,93.3,93.3,0
1278,831,831,42.2,42.2,16,16,93.3,93.3,0
1387,832,832,42.2,42.2,16,16,93.3,93.3,0
1286,833,833,42.2,42.2,16,16,93.3,93.3,0
1919,834,834,42.2,42.2,37,37,95.2,95.2,0
1543,835,835,42.2,42.2,193,193,95.35,95.35,0
1625,836,836,42.2,42.2,404,404,99.7,99.7,0
280,837,837,42.2,42.2,16,16,93.3,93.3,0
1893,838,838,42.2,42.2,31,31,95.2,95.2,0
285,839,839,42.2,42.2,14,14,93.3,93.3,0
1448,840,840,42.2,42.2,1562,1562,81.06,81.06,0
2003,841,841,42.2,42.2,284,284,93.4,93.4,0
293,842,842,42.2,42.2,16,16,93.3,93.3,0
1999,843,843,42.2,42.2,292,292,93.96,93.96,0
1284,844,844,42.1,42.1,16,16,93.3,93.3,0
281,845,845,42.1,42.1,15,15,93.3,93.3,0
1280,846,846,42.1,42.1,16,16,93.3,93.3,0
1282,847,847,42.1,42.1,16,16,93.3,93.3,0
1891,848,848,42.1,42.1,30,30,95.2,95.2,0
2032,849,849,42.1,42.1,328,328,100.0,100.0,0
1352,850,850,42.1,42.1,907,907,86.11,86.11,0
2581,851,851,42.1,42.1,15,15,92.9,92.9,0
2583,852,852,42.1,42.1,15,15,92.9,92.9,0
2601,853,853,42.1,42.1,15,15,92.9,92.9,0
2602,854,854,42.1,42.1,15,15,92.9,92.9,0
2603,855,855,42.1,42.1,15,15,92.9,92.9,0
2604,856,856,42.1,42.1,15,15,92.9,92.9,0
2605,857,857,42.1,42.1,15,15,92.9,92.9,0
2606,858,858,42.1,42.1,15,15,92.9,92.9,0
2607,859,859,42.1,42.1,15,15,92.9,92.9,0
2619,860,860,42.1,42.1,15,15,92.9,92.9,0
2620,861,861,42.1,42.1,15,15,92.9,92.9,0
2851,862,862,42.1,42.1,15,15,92.9,92.9,0
1882,863,863,42.1,42.1,30,30,95.2,95.2,0
2572,864,864,42.1,42.1,15,15,92.91,92.91,0
291,865,865,42.1,42.1,12,12,93.3,93.3,0
942,866,866,42.1,42.1,160,160,94.83,94.83,0
2616,867,867,42.1,42.1,14,14,92.9,92.9,0
1561,868,868,42.1,42.1,211,211,99.1,99.1,0
1265,869,869,42.1,42.1,16,16,93.3,93.3,0
1290,870,870,42.1,42.1,16,16,93.3,93.3,0
1277,871,871,42.1,42.1,16,16,93.3,93.3,0
2171,872,872,42.1,42.1,328,328,100.0,100.0,0
1573,873,873,42.1,42.1,91,91,95.9,95.9,0
1879,874,874,42.1,42.1,28,28,95.2,95.2,0
286,875,875,42.1,42.1,10,10,93.3,93.3,0
292,876,876,42.1,42.1,10,10,93.3,93.3,0
294,877,877,42.1,42.1,11,11,93.3,93.3,0
1885,878,878,42.1,42.1,40,40,94.54,94.54,0
1560,879,879,42.1,42.1,445,445,98.99,98.99,0
2566,880,880,42.0,42.0,112,112,100.0,100.0,0
289,881,881,42.0,42.0,8,8,93.3,93.3,0
300,882,882,42.0,42.0,8,8,93.3,93.3,0
1928,883,883,42.0,42.0,223,223,94.5,94.5,0
2644,884,884,42.0,42.0,82,82,94.96,94.96,0
1623,885,885,42.0,42.0,241,241,99.7,99.7,0
1235,886,886,42.0,42.0,113,113,95.16,95.16,0
2494,887,887,42.0,42.0,15,15,92.9,92.9,0
1974,888,888,42.0,42.0,44,44,93.4,93.4,0
1236,889,889,42.0,42.0,128,128,91.66,91.66,0
1358,890,890,42.0,42.0,349,349,95.17,95.17,0
2500,891,891,42.0,42.0,13,13,93.28,93.28,0
284,892,892,42.0,42.0,16,16,93.3,93.3,0
1320,893,893,42.0,42.0,111,111,95.8,95.8,0
2630,894,894,42.0,42.0,84,84,94.3,94.3,0
567,895,895,42.0,42.0,660,660,78.61,78.61,0
2501,896,896,42.0,42.0,14,14,93.05,93.05,0
1817,897,897,42.0,42.0,1047,1047,98.64,98.64,0
1281,898,898,42.0,42.0,16,16,93.3,93.3,0
1023,899,899,42.0,42.0,232,232,99.33,99.33,0
67,900,900,41.9,41.9,4,4,93.3,93.3,0
971,901,901,41.9,41.9,807,807,99.6,99.6,0
277,902,902,41.9,41.9,3,3,93.3,93.3,0
1340,903,903,41.9,41.9,97,97,82.39,82.39,0
1721,904,904,41.9,41.9,28,28,95.9,95.9,0
1827,905,905,41.9,41.9,1155,1155,97.5,97.5,0
2538,906,906,41.9,41.9,112,112,100.0,100.0,0
1916,907,907,41.9,41.9,37,37,95.2,95.2,0
1391,908,908,41.9,41.9,112,112,95.8,95.8,0
1324,909,909,41.9,41.9,111,111,95.8,95.8,0
2546,910,910,41.9,41.9,13,13,93.23,93.23,0
2506,911,911,41.9,41.9,12,12,93.64,93.64,0
88,912,912,41.9,41.9,21,21,77.1,77.1,0
2775,913,913,41.9,41.9,661,661,88.01,88.01,0
1646,914,914,41.8,41.8,75,75,95.9,95.9,0
1627,915,915,41.8,41.8,333,333,99.7,99.7,0
1887,916,916,41.8,41.8,18,18,95.19,95.19,0
1772,917,917,41.8,41.8,84,84,94.3,94.3,0
1982,918,918,41.8,41.8,1,1,93.4,93.4,0
1757,919,919,41.7,41.7,507,507,94.3,94.3,0
2473,920,920,41.7,41.7,1050,1050,92.66,92.66,0
1524,921,921,41.7,41.7,725,725,95.88,95.88,0
1909,922,922,41.7,41.7,67,67,89.0,89.0,0
970,923,923,41.7,41.7,237,237,99.54,99.54,0
1911,924,924,41.7,41.7,67,67,89.0,89.0,0
2220,925,925,41.7,41.7,402,402,91.8,91.8,0
1582,926,926,41.7,41.7,373,373,99.06,99.06,0
1886,927,927,41.7,41.7,37,37,95.2,95.2,0
2648,928,928,41.7,41.7,84,84,94.3,94.3,0
1369,929,929,41.7,41.7,16,16,93.3,93.3,0
1367,930,930,41.7,41.7,184,184,93.7,93.7,0
1981,931,931,41.6,41.6,1,1,93.4,93.4,0
1575,932,932,41.6,41.6,112,112,95.9,95.9,0
1838,933,933,41.6,41.6,125,125,99.06,99.06,0
1881,934,934,41.6,41.6,12,12,95.2,95.2,0
1513,935,935,41.6,41.6,397,397,96.1,96.1,0
1978,936,936,41.6,41.6,37,37,89.0,89.0,0
1547,937,937,41.6,41.6,166,166,95.29,95.29,0
708,938,938,41.6,41.6,963,963,61.27,61.27,0
994,939,939,41.6,41.6,232,232,99.5,99.5,0
569,940,940,41.6,41.6,371,371,89.92,89.92,0
1567,941,941,41.5,41.5,263,263,99.26,99.26,0
1349,942,942,41.5,41.5,111,111,95.8,95.8,0
1237,943,943,41.5,41.5,112,112,95.8,95.8,0
1395,944,944,41.5,41.5,113,113,95.8,95.8,0
2230,945,945,41.5,41.5,682,682,92.5,92.5,0
1408,946,946,41.5,41.5,113,113,95.8,95.8,0
2544,947,947,41.5,41.5,160,160,96.09,96.09,0
2033,948,948,41.5,41.5,1185,1185,98.5,98.5,0
1269,949,949,41.5,41.5,16,16,93.3,93.3,0
1884,950,950,41.5,41.5,8,8,95.2,95.2,0
1230,951,951,41.5,41.5,111,111,95.8,95.8,0
5,952,952,41.5,41.5,83,83,59.35,59.35,0
717,953,953,41.5,41.5,252,252,63.53,63.53,0
1043,954,954,41.5,41.5,421,421,90.43,90.43,0
2001,955,955,41.5,41.5,489,489,93.37,93.37,0
1917,956,956,41.5,41.5,37,37,95.2,95.2,0
4,957,957,41.4,41.4,79,79,60.06,60.06,0
1238,958,958,41.4,41.4,115,115,95.8,95.8,0
2831,959,959,41.4,41.4,173,173,99.11,99.11,0
1333,960,960,41.4,41.4,559,559,91.65,91.65,0
711,961,961,41.4,41.4,253,253,63.5,63.5,0
2443,962,962,41.4,41.4,730,730,87.85,87.85,0
1185,963,963,41.4,41.4,86,86,99.99,99.99,0
2456,964,964,41.4,41.4,890,890,92.51,92.51,0
1371,965,965,41.4,41.4,16,16,93.3,93.3,0
1922,966,966,41.3,41.3,46,46,92.98,92.98,0
811,967,967,41.3,41.3,105,105,47.3,47.3,0
1889,968,968,41.3,41.3,3,3,95.2,95.2,0
1440,969,969,41.3,41.3,435,435,87.87,87.87,0
175,970,970,41.3,41.3,1109,1109,75.3,75.3,0
2647,971,971,41.3,41.3,260,260,99.42,99.42,0
1392,972,972,41.3,41.3,116,116,95.72,95.72,0
1970,973,973,41.3,41.3,288,288,95.2,95.2,0
1877,974,974,41.3,41.3,1,1,95.2,95.2,0
2551,975,975,41.2,41.2,360,360,96.2,96.2,0
1736,976,976,41.2,41.2,991,991,96.56,96.56,0
1055,977,977,41.2,41.2,81,81,99.19,99.19,0
1754,978,978,41.2,41.2,905,905,98.27,98.27,0
111,979,979,41.2,41.2,96,96,76.31,76.31,0
2534,980,980,41.2,41.2,51,51,99.95,99.95,0
1350,981,981,41.2,41.2,111,111,95.8,95.8,0
1586,982,982,41.2,41.2,139,139,99.1,99.1,0
1762,983,983,41.2,41.2,278,278,96.2,96.2,0
1424,984,984,41.2,41.2,1221,1221,91.45,91.45,0
984,985,985,41.2,41.2,466,466,99.2,99.2,0
1231,986,986,41.2,41.2,112,112,95.8,95.8,0
2573,987,987,41.2,41.2,14,14,93.04,93.04,0
1790,988,988,41.1,41.1,1389,1389,98.55,98.55,0
2159,989,989,41.1,41.1,119,119,97.8,97.8,0
1435,990,990,41.1,41.1,854,854,82.75,82.75,0
169,991,991,41.1,41.1,735,735,65.28,65.28,0
1753,992,992,41.1,41.1,84,84,94.3,94.3,0
1389,993,993,41.1,41.1,117,117,95.8,95.8,0
1390,994,994,41.1,41.1,140,140,94.95,94.95,0
1976,995,995,41.1,41.1,230,230,90.9,90.9,0
2040,996,996,41.1,41.1,658,658,98.3,98.3,0
1608,997,997,41.1,41.1,19,19,95.9,95.9,0
1610,998,998,41.1,41.1,19,19,95.9,95.9,0
1630,999,999,41.1,41.1,19,19,95.9,95.9,0
1655,1000,1000,41.1,41.1,19,19,95.9,95.9,0
1656,1001,1001,41.1,41.1,19,19,95.9,95.9,0
1658,1002,1002,41.1,41.1,19,19,95.9,95.9,0
1660,1003,1003,41.1,41.1,19,19,95.9,95.9,0
1672,1004,1004,41.1,41.1,19,19,95.9,95.9,0
1704,1005,1005,41.1,41.1,19,19,95.9,95.9,0
1723,1006,1006,41.1,41.1,19,19,95.9,95.9,0
1725,1007,1007,41.1,41.1,19,19,95.9,95.9,0
1726,1008,1008,41.1,41.1,19,19,95.9,95.9,0
1729,1009,1009,41.1,41.1,19,19,95.9,95.9,0
2806,1010,1010,41.1,41.1,19,19,95.9,95.9,0
2810,1011,1011,41.1,41.1,19,19,95.9,95.9,0
2811,1012,1012,41.1,41.1,19,19,95.9,95.9,0
955,1013,1013,41.1,41.1,65,65,98.43,98.43,0
1578,1014,1014,41.1,41.1,19,19,95.9,95.9,0
1579,1015,1015,41.1,41.1,19,19,95.9,95.9,0
1631,1016,1016,41.1,41.1,19,19,95.9,95.9,0
1308,1017,1017,41.0,41.0,45,45,80.57,80.57,0
1780,1018,1018,41.0,41.0,507,507,98.67,98.67,0
1629,1019,1019,41.0,41.0,19,19,95.9,95.9,0
2812,1020,1020,41.0,41.0,18,18,95.9,95.9,0
1684,1021,1021,41.0,41.0,19,19,95.9,95.9,0
1323,1022,1022,41.0,41.0,111,111,95.8,95.8,0
1778,1023,1023,41.0,41.0,84,84,94.3,94.3,0
315,1024,1024,41.0,41.0,14,14,95.9,95.9,0
2441,1025,1025,41.0,41.0,1656,1656,91.75,91.75,0
1607,1026,1026,41.0,41.0,11,11,95.9,95.9,0
1614,1027,1027,41.0,41.0,18,18,95.9,95.9,0
2808,1028,1028,41.0,41.0,12,12,95.9,95.9,0
725,1029,1029,41.0,41.0,21,21,77.1,77.1,0
311,1030,1030,41.0,41.0,10,10,95.9,95.9,0
2317,1031,1031,41.0,41.0,495,495,97.09,97.09,0
1717,1032,1032,41.0,41.0,19,19,95.9,95.9,0
1606,1033,1033,41.0,41.0,8,8,95.9,95.9,0
2801,1034,1034,41.0,41.0,5,5,95.9,95.9,0
1715,1035,1035,41.0,41.0,115,115,95.9,95.9,0
1693,1036,1036,41.0,41.0,13,13,95.9,95.9,0
1609,1037,1037,41.0,41.0,2,2,95.9,95.9,0
2629,1038,1038,41.0,41.0,84,84,94.3,94.3,0
1773,1039,1039,40.9,40.9,84,84,94.3,94.3,0
1588,1040,1040,40.9,40.9,139,139,99.1,99.1,0
1559,1041,1041,40.9,40.9,159,159,96.94,96.94,0
2354,1042,1042,40.9,40.9,10,10,94.84,94.84,0
1564,1043,1043,40.9,40.9,325,325,99.22,99.22,0
1705,1044,1044,40.9,40.9,14,14,95.9,95.9,0
996,1045,1045,40.9,40.9,232,232,99.5,99.5,0
1647,1046,1046,40.9,40.9,104,104,95.9,95.9,0
1624,1047,1047,40.9,40.9,145,145,99.61,99.61,0
1681,1048,1048,40.9,40.9,19,19,95.9,95.9,0
1423,1049,1049,40.9,40.9,1260,1260,76.26,76.26,0
1615,1050,1050,40.9,40.9,19,19,95.9,95.9,0
318,1051,1051,40.8,40.8,3,3,95.9,95.9,0
1603,1052,1052,40.8,40.8,77,77,98.78,98.78,0
1604,1053,1053,40.8,40.8,77,77,98.78,98.78,0
1266,1054,1054,40.8,40.8,16,16,93.3,93.3,0
2434,1055,1055,40.8,40.8,927,927,83.87,83.87,0
687,1056,1056,40.8,40.8,258,258,63.56,63.56,0
304,1057,1057,40.8,40.8,5,5,95.9,95.9,0
1719,1058,1058,40.8,40.8,19,19,95.9,95.9,0
985,1059,1059,40.7,40.7,1474,1474,98.3,98.3,0
568,1060,1060,40.7,40.7,606,606,83.85,83.85,0
555,1061,1061,40.7,40.7,499,499,72.1,72.1,0
1748,1062,1062,40.7,40.7,84,84,94.3,94.3,0
1659,1063,1063,40.7,40.7,19,19,95.9,95.9,0
382,1064,1064,40.7,40.7,218,218,63.75,63.75,0
1412,1065,1065,40.7,40.7,1089,1089,89.39,89.39,0
2161,1066,1066,40.7,40.7,119,119,97.8,97.8,0
1998,1067,1067,40.7,40.7,227,227,93.4,93.4,0
1563,1068,1068,40.6,40.6,197,197,98.42,98.42,0
937,1069,1069,40.6,40.6,54,54,97.47,97.47,0
1854,1070,1070,40.6,40.6,89,89,98.88,98.88,0
308,1071,1071,40.6,40.6,9,9,95.9,95.9,0
1813,1072,1072,40.6,40.6,1051,1051,99.3,99.3,0
317,1073,1073,40.6,40.6,8,8,95.9,95.9,0
1393,1074,1074,40.6,40.6,116,116,95.8,95.8,0
1612,1075,1075,40.6,40.6,19,19,95.9,95.9,0
1616,1076,1076,40.5,40.5,135,135,99.7,99.7,0
1632,1077,1077,40.5,40.5,135,135,99.7,99.7,0
2502,1078,1078,40.5,40.5,15,15,92.9,92.9,0
1618,1079,1079,40.5,40.5,135,135,99.7,99.7,0
982,1080,1080,40.5,40.5,139,139,99.73,99.73,0
1007,1081,1081,40.4,40.4,75,75,99.63,99.63,0
1617,1082,1082,40.4,40.4,134,134,99.7,99.7,0
1348,1083,1083,40.4,40.4,111,111,95.8,95.8,0
470,1084,1084,40.4,40.4,21,21,77.1,77.1,0
1686,1085,1085,40.4,40.4,19,19,95.9,95.9,0
302,1086,1086,40.4,40.4,2,2,95.9,95.9,0
1049,1087,1087,40.4,40.4,75,75,99.74,99.74,0
1344,1088,1088,40.4,40.4,440,440,95.7,95.7,0
847,1089,1089,40.3,40.3,181,181,63.5,63.5,0
1840,1090,1090,40.3,40.3,84,84,94.3,94.3,0
1634,1091,1091,40.3,40.3,32,32,97.89,97.89,0
1517,1092,1092,40.3,40.3,327,327,95.5,95.5,0
547,1093,1093,40.3,40.3,608,608,72.1,72.1,0
1628,1094,1094,40.3,40.3,39,39,98.31,98.31,0
1565,1095,1095,40.3,40.3,135,135,99.7,99.7,0
1776,1096,1096,40.3,40.3,84,84,94.3,94.3,0
1775,1097,1097,40.2,40.2,84,84,94.3,94.3,0
2463,1098,1098,40.2,40.2,895,895,85.85,85.85,0
1300,1099,1099,40.2,40.2,240,240,85.7,85.7,0
2532,1100,1100,40.2,40.2,11,11,99.59,99.59,0
1587,1101,1101,40.2,40.2,139,139,99.1,99.1,0
2138,1102,1102,40.2,40.2,4,4,98.6,98.6,0
2504,1103,1103,40.2,40.2,4,4,98.6,98.6,0
2699,1104,1104,40.2,40.2,4,4,98.6,98.6,0
2700,1105,1105,40.2,40.2,4,4,98.6,98.6,0
2702,1106,1106,40.2,40.2,4,4,98.6,98.6,0
2703,1107,1107,40.2,40.2,4,4,98.6,98.6,0
2704,1108,1108,40.2,40.2,4,4,98.6,98.6,0
2705,1109,1109,40.2,40.2,4,4,98.6,98.6,0
2728,1110,1110,40.2,40.2,4,4,98.6,98.6,0
2736,1111,1111,40.2,40.2,4,4,98.6,98.6,0
2737,1112,1112,40.2,40.2,4,4,98.6,98.6,0
2740,1113,1113,40.2,40.2,4,4,98.6,98.6,0
1521,1114,1114,40.2,40.2,326,326,96.1,96.1,0
2015,1115,1115,40.2,40.2,4,4,98.6,98.6,0
573,1116,1116,40.2,40.2,300,300,85.13,85.13,0
2021,1117,1117,40.2,40.2,4,4,98.6,98.6,0
2011,1118,1118,40.2,40.2,4,4,98.6,98.6,0
1619,1119,1119,40.2,40.2,63,63,99.07,99.07,0
2007,1120,1120,40.1,40.1,4,4,98.6,98.6,0
2027,1121,1121,40.1,40.1,4,4,98.6,98.6,0
2029,1122,1122,40.1,40.1,4,4,98.6,98.6,0
1633,1123,1123,40.1,40.1,68,68,99.17,99.17,0
2031,1124,1124,40.1,40.1,2,2,98.6,98.6,0
2013,1125,1125,40.1,40.1,4,4,98.6,98.6,0
1836,1126,1126,40.1,40.1,127,127,98.56,98.56,0
2635,1127,1127,40.1,40.1,84,84,94.3,94.3,0
2008,1128,1128,40.1,40.1,2,2,98.6,98.6,0
2026,1129,1129,40.1,40.1,4,4,98.6,98.6,0
2487,1130,1130,40.1,40.1,4,4,98.6,98.6,0
1159,1131,1131,40.1,40.1,9,9,94.6,94.6,0
1688,1132,1132,40.1,40.1,19,19,95.9,95.9,0
2006,1133,1133,40.1,40.1,1,1,98.6,98.6,0
2004,1134,1134,40.1,40.1,2,2,98.6,98.6,0
977,1135,1135,40.1,40.1,66,66,99.8,99.8,0
2150,1136,1136,40.1,40.1,4,4,98.6,98.6,0
494,1137,1137,40.1,40.1,21,21,77.1,77.1,0
2005,1138,1138,40.1,40.1,4,4,98.6,98.6,0
2172,1139,1139,40.1,40.1,4,4,98.6,98.6,0
2014,1140,1140,40.1,40.1,4,4,98.6,98.6,0
394,1141,1141,40.1,40.1,21,21,77.1,77.1,0
969,1142,1142,40.1,40.1,288,288,99.93,99.93,0
2723,1143,1143,40.1,40.1,4,4,98.6,98.6,0
1589,1144,1144,40.0,40.0,92,92,95.62,95.62,0
1803,1145,1145,40.0,40.0,406,406,99.62,99.62,0
2160,1146,1146,40.0,40.0,63,63,97.8,97.8,0
136,1147,1147,40.0,40.0,43,43,60.9,60.9,0
1018,1148,1148,40.0,40.0,396,396,99.38,99.38,0
931,1149,1149,40.0,40.0,386,386,95.84,95.84,0
1591,1150,1150,40.0,40.0,109,109,97.41,97.41,0
2142,1151,1151,40.0,40.0,4,4,98.6,98.6,0
2562,1152,1152,40.0,40.0,4,4,98.6,98.6,0
2030,1153,1153,40.0,40.0,2,2,98.6,98.6,0
2622,1154,1154,40.0,40.0,341,341,99.98,99.98,0
1414,1155,1155,39.9,39.9,1151,1151,86.4,86.4,0
2570,1156,1156,39.9,39.9,5,5,97.54,97.54,0
1711,1157,1157,39.9,39.9,116,116,95.9,95.9,0
2012,1158,1158,39.9,39.9,4,4,98.6,98.6,0
929,1159,1159,39.9,39.9,45,45,98.5,98.5,0
2232,1160,1160,39.9,39.9,1171,1171,87.71,87.71,0
2074,1161,1161,39.8,39.8,4,4,98.6,98.6,0
945,1162,1162,39.8,39.8,45,45,98.5,98.5,0
1867,1163,1163,39.8,39.8,78,78,96.61,96.61,0
1056,1164,1164,39.8,39.8,28,28,98.5,98.5,0
2710,1165,1165,39.8,39.8,4,4,98.6,98.6,0
2556,1166,1166,39.8,39.8,4,4,98.6,98.6,0
2569,1167,1167,39.7,39.7,4,4,98.6,98.6,0
1866,1168,1168,39.7,39.7,72,72,99.58,99.58,0
1694,1169,1169,39.7,39.7,19,19,95.9,95.9,0
1702,1170,1170,39.7,39.7,19,19,95.9,95.9,0
980,1171,1171,39.6,39.6,64,64,99.76,99.76,0
1062,1172,1172,39.6,39.6,785,785,99.71,99.71,0
1583,1173,1173,39.6,39.6,19,19,96.08,96.08,0
979,1174,1174,39.6,39.6,66,66,99.8,99.8,0
978,1175,1175,39.6,39.6,160,160,99.55,99.55,0
981,1176,1176,39.6,39.6,66,66,99.8,99.8,0
1531,1177,1177,39.6,39.6,681,681,90.63,90.63,0
2062,1178,1178,39.6,39.6,242,242,99.99,99.99,0
1774,1179,1179,39.6,39.6,84,84,94.3,94.3,0
2076,1180,1180,39.5,39.5,4,4,98.6,98.6,0
2559,1181,1181,39.5,39.5,4,4,98.6,98.6,0
2557,1182,1182,39.5,39.5,4,4,98.6,98.6,0
1595,1183,1183,39.5,39.5,381,381,99.1,99.1,0
1394,1184,1184,39.5,39.5,117,117,95.8,95.8,0
2174,1185,1185,39.5,39.5,60,60,97.8,97.8,0
2664,1186,1186,39.5,39.5,290,290,99.14,99.14,0
1643,1187,1187,39.5,39.5,116,116,95.9,95.9,0
2173,1188,1188,39.5,39.5,245,245,99.99,99.99,0
1016,1189,1189,39.5,39.5,260,260,100.0,100.0,0
1796,1190,1190,39.4,39.4,374,374,95.9,95.9,0
1611,1191,1191,39.4,39.4,10,10,95.9,95.9,0
2760,1192,1192,39.4,39.4,15,15,92.9,92.9,0
1571,1193,1193,39.4,39.4,105,105,95.9,95.9,0
2066,1194,1194,39.4,39.4,236,236,99.99,99.99,0
467,1195,1195,39.4,39.4,1467,1467,85.34,85.34,0
27,1196,1196,39.4,39.4,43,43,60.9,60.9,0
2158,1197,1197,39.4,39.4,65,65,97.8,97.8,0
2658,1198,1198,39.4,39.4,15,15,92.9,92.9,0
170,1199,1199,39.4,39.4,65,65,63.56,63.56,0
1485,1200,1200,39.4,39.4,934,934,89.5,89.5,0
1386,1201,1201,39.4,39.4,16,16,92.82,92.82,0
975,1202,1202,39.4,39.4,300,300,100.0,100.0,0
2431,1203,1203,39.4,39.4,524,524,88.0,88.0,0
2571,1204,1204,39.3,39.3,5,5,98.92,98.92,0
1758,1205,1205,39.3,39.3,568,568,96.42,96.42,0
1048,1206,1206,39.3,39.3,66,66,99.8,99.8,0
853,1207,1207,39.3,39.3,539,539,72.12,72.12,0
1064,1208,1208,39.3,39.3,66,66,99.8,99.8,0
988,1209,1209,39.3,39.3,680,680,99.5,99.5,0
2561,1210,1210,39.3,39.3,4,4,98.6,98.6,0
2627,1211,1211,39.3,39.3,45,45,94.52,94.52,0
2576,1212,1212,39.3,39.3,5,5,97.77,97.77,0
1453,1213,1213,39.3,39.3,714,714,89.91,89.91,0
1657,1214,1214,39.3,39.3,10,10,95.9,95.9,0
1134,1215,1215,39.3,39.3,9,9,94.6,94.6,0
2447,1216,1216,39.3,39.3,1059,1059,96.85,96.85,0
320,1217,1217,39.3,39.3,11,11,95.9,95.9,0
1839,1218,1218,39.2,39.2,80,80,95.87,95.87,0
2080,1219,1219,39.2,39.2,4,4,98.6,98.6,0
934,1220,1220,39.2,39.2,107,107,95.44,95.44,0
976,1221,1221,39.2,39.2,66,66,99.8,99.8,0
1613,1222,1222,39.2,39.2,1,1,95.9,95.9,0
1569,1223,1223,39.2,39.2,135,135,99.7,99.7,0
1692,1224,1224,39.2,39.2,19,19,95.9,95.9,0
2165,1225,1225,39.2,39.2,581,581,95.89,95.89,0
1147,1226,1226,39.2,39.2,9,9,94.6,94.6,0
1525,1227,1227,39.1,39.1,759,759,95.77,95.77,0
2204,1228,1228,39.1,39.1,1727,1727,92.39,92.39,0
2009,1229,1229,39.1,39.1,4,4,98.6,98.6,0
1789,1230,1230,39.1,39.1,294,294,93.62,93.62,0
2183,1231,1231,39.1,39.1,1027,1027,99.58,99.58,0
2041,1232,1232,39.1,39.1,861,861,98.3,98.3,0
2358,1233,1233,39.0,39.0,108,108,96.79,96.79,0
2028,1234,1234,39.0,39.0,4,4,98.6,98.6,0
2052,1235,1235,39.0,39.0,4,4,98.6,98.6,0
390,1236,1236,39.0,39.0,21,21,77.1,77.1,0
670,1237,1237,39.0,39.0,65,65,47.3,47.3,0
2206,1238,1238,39.0,39.0,399,399,97.07,97.07,0
2489,1239,1239,39.0,39.0,4,4,98.6,98.6,0
2064,1240,1240,39.0,39.0,318,318,100.0,100.0,0
2468,1241,1241,39.0,39.0,1026,1026,89.62,89.62,0
1009,1242,1242,39.0,39.0,28,28,98.5,98.5,0
1626,1243,1243,39.0,39.0,243,243,96.68,96.68,0
1019,1244,1244,39.0,39.0,29,29,98.53,98.53,0
939,1245,1245,39.0,39.0,164,164,94.8,94.8,0
704,1246,1246,39.0,39.0,1127,1127,62.37,62.37,0
2555,1247,1247,39.0,39.0,302,302,96.63,96.63,0
1690,1248,1248,38.9,38.9,19,19,95.9,95.9,0
114,1249,1249,38.9,38.9,21,21,77.1,77.1,0
1511,1250,1250,38.9,38.9,916,916,93.15,93.15,0
1360,1251,1251,38.9,38.9,48,48,96.95,96.95,0
1568,1252,1252,38.9,38.9,332,332,99.21,99.21,0
1850,1253,1253,38.9,38.9,19,19,95.9,95.9,0
1751,1254,1254,38.9,38.9,84,84,94.3,94.3,0
1052,1255,1255,38.8,38.8,66,66,99.8,99.8,0
2239,1256,1256,38.8,38.8,765,765,73.55,73.55,0
2547,1257,1257,38.8,38.8,61,61,99.06,99.06,0
1601,1258,1258,38.8,38.8,51,51,95.9,95.9,0
1708,1259,1259,38.8,38.8,19,19,95.9,95.9,0
2077,1260,1260,38.7,38.7,4,4,98.6,98.6,0
2654,1261,1261,38.7,38.7,15,15,92.9,92.9,0
2661,1262,1262,38.7,38.7,15,15,92.9,92.9,0
1006,1263,1263,38.6,38.6,48,48,99.12,99.12,0
1835,1264,1264,38.6,38.6,78,78,97.77,97.77,0
2324,1265,1265,38.6,38.6,423,423,95.43,95.43,0
2148,1266,1266,38.6,38.6,4,4,98.6,98.6,0
2575,1267,1267,38.6,38.6,4,4,98.6,98.6,0
933,1268,1268,38.6,38.6,45,45,98.5,98.5,0
2764,1269,1269,38.6,38.6,15,15,92.9,92.9,0
1585,1270,1270,38.5,38.5,139,139,99.1,99.1,0
1045,1271,1271,38.5,38.5,635,635,94.22,94.22,0
1031,1272,1272,38.5,38.5,28,28,98.5,98.5,0
2067,1273,1273,38.5,38.5,606,606,99.1,99.1,0
1283,1274,1274,38.5,38.5,16,16,93.3,93.3,0
2384,1275,1275,38.5,38.5,77,77,84.2,84.2,0
2574,1276,1276,38.5,38.5,4,4,98.6,98.6,0
2774,1277,1277,38.4,38.4,36,36,92.7,92.7,0
1060,1278,1278,38.4,38.4,304,304,99.8,99.8,0
2558,1279,1279,38.4,38.4,4,4,98.6,98.6,0
2010,1280,1280,38.4,38.4,4,4,98.6,98.6,0
2392,1281,1281,38.4,38.4,78,78,84.2,84.2,0
845,1282,1282,38.4,38.4,459,459,71.6,71.6,0
1545,1283,1283,38.4,38.4,100,100,96.02,96.02,0
2189,1284,1284,38.4,38.4,1430,1430,84.3,84.3,0
1188,1285,1285,38.3,38.3,50,50,99.43,99.43,0
41,1286,1286,38.3,38.3,115,115,52.4,52.4,0
2357,1287,1287,38.3,38.3,9,9,94.6,94.6,0
2467,1288,1288,38.3,38.3,662,662,87.15,87.15,0
2643,1289,1289,38.3,38.3,128,128,99.54,99.54,0
1008,1290,1290,38.3,38.3,28,28,98.5,98.5,0
2505,1291,1291,38.2,38.2,4,4,98.51,98.51,0
1234,1292,1292,38.2,38.2,296,296,83.18,83.18,0
1486,1293,1293,38.2,38.2,651,651,86.81,86.81,0
1010,1294,1294,38.2,38.2,28,28,98.5,98.5,0
2650,1295,1295,38.2,38.2,15,15,92.9,92.9,0
1527,1296,1296,38.2,38.2,1100,1100,94.89,94.89,0
2748,1297,1297,38.2,38.2,12,12,92.9,92.9,0
2623,1298,1298,38.2,38.2,152,152,97.9,97.9,0
2383,1299,1299,38.1,38.1,410,410,88.15,88.15,0
2319,1300,1300,38.1,38.1,317,317,97.1,97.1,0
2766,1301,1301,38.1,38.1,15,15,92.9,92.9,0
2175,1302,1302,38.1,38.1,223,223,99.42,99.42,0
712,1303,1303,38.1,38.1,167,167,63.5,63.5,0
1002,1304,1304,38.1,38.1,42,42,98.99,98.99,0
889,1305,1305,38.1,38.1,28,28,98.5,98.5,0
1605,1306,1306,38.0,38.0,19,19,95.9,95.9,0
1544,1307,1307,38.0,38.0,192,192,95.3,95.3,0
2146,1308,1308,38.0,38.0,4,4,98.6,98.6,0
1029,1309,1309,38.0,38.0,30,30,98.5,98.5,0
1487,1310,1310,38.0,38.0,1453,1453,77.93,77.93,0
561,1311,1311,38.0,38.0,342,342,90.35,90.35,0
1577,1312,1312,38.0,38.0,112,112,95.9,95.9,0
1868,1313,1313,38.0,38.0,84,84,94.3,94.3,0
2651,1314,1314,37.9,37.9,15,15,92.9,92.9,0
2631,1315,1315,37.9,37.9,84,84,94.3,94.3,0
476,1316,1316,37.9,37.9,21,21,77.1,77.1,0
2382,1317,1317,37.9,37.9,5,5,92.69,92.69,0
2389,1318,1318,37.8,37.8,587,587,87.6,87.6,0
2024,1319,1319,37.8,37.8,4,4,98.6,98.6,0
2407,1320,1320,37.8,37.8,45,45,90.6,90.6,0
2145,1321,1321,37.8,37.8,4,4,98.6,98.6,0
1066,1322,1322,37.7,37.7,145,145,99.8,99.8,0
2399,1323,1323,37.7,37.7,98,98,92.7,92.7,0
2257,1324,1324,37.7,37.7,1312,1312,86.0,86.0,0
1685,1325,1325,37.7,37.7,51,51,95.9,95.9,0
1747,1326,1326,37.7,37.7,84,84,94.3,94.3,0
2234,1327,1327,37.7,37.7,942,942,92.26,92.26,0
2338,1328,1328,37.7,37.7,107,107,94.6,94.6,0
2162,1329,1329,37.6,37.6,236,236,87.07,87.07,0
1468,1330,1330,37.6,37.6,729,729,89.92,89.92,0
1622,1331,1331,37.6,37.6,135,135,99.7,99.7,0
2023,1332,1332,37.6,37.6,4,4,98.6,98.6,0
2438,1333,1333,37.6,37.6,817,817,89.95,89.95,0
958,1334,1334,37.6,37.6,45,45,98.5,98.5,0
2565,1335,1335,37.6,37.6,12,12,99.63,99.63,0
1012,1336,1336,37.6,37.6,261,261,100.0,100.0,0
2078,1337,1337,37.6,37.6,4,4,98.6,98.6,0
2444,1338,1338,37.6,37.6,1115,1115,95.93,95.93,0
91,1339,1339,37.6,37.6,21,21,77.1,77.1,0
1480,1340,1340,37.5,37.5,735,735,89.5,89.5,0
1400,1341,1341,37.5,37.5,100,100,95.75,95.75,0
1936,1342,1342,37.5,37.5,223,223,94.5,94.5,0
2459,1343,1343,37.5,37.5,1253,1253,80.94,80.94,0
857,1344,1344,37.5,37.5,865,865,73.3,73.3,0
2609,1345,1345,37.5,37.5,15,15,92.9,92.9,0
1397,1346,1346,37.5,37.5,125,125,93.3,93.3,0
6,1347,1347,37.5,37.5,66,66,63.5,63.5,0
1864,1348,1348,37.4,37.4,83,83,94.46,94.46,0
2634,1349,1349,37.4,37.4,170,170,95.82,95.82,0
1863,1350,1350,37.4,37.4,75,75,98.39,98.39,0
1192,1351,1351,37.4,37.4,44,44,99.81,99.81,0
2035,1352,1352,37.3,37.3,132,132,99.97,99.97,0
930,1353,1353,37.3,37.3,48,48,98.18,98.18,0
2046,1354,1354,37.3,37.3,4,4,98.6,98.6,0
306,1355,1355,37.3,37.3,10,10,95.9,95.9,0
2469,1356,1356,37.3,37.3,416,416,92.7,92.7,0
2216,1357,1357,37.2,37.2,311,311,92.35,92.35,0
936,1358,1358,37.2,37.2,45,45,98.5,98.5,0
1724,1359,1359,37.2,37.2,19,19,95.9,95.9,0
2788,1360,1360,37.2,37.2,200,200,92.7,92.7,0
2345,1361,1361,37.2,37.2,124,124,96.22,96.22,0
1759,1362,1362,37.2,37.2,564,564,95.11,95.11,0
1590,1363,1363,37.2,37.2,494,494,98.5,98.5,0
2320,1364,1364,37.2,37.2,331,331,97.1,97.1,0
2688,1365,1365,37.2,37.2,14,14,92.9,92.9,0
1512,1366,1366,37.2,37.2,9,9,94.6,94.6,0
424,1367,1367,37.2,37.2,635,635,83.13,83.13,0
2313,1368,1368,37.1,37.1,323,323,97.1,97.1,0
2730,1369,1369,37.1,37.1,4,4,98.6,98.6,0
1642,1370,1370,37.1,37.1,111,111,95.9,95.9,0
924,1371,1371,37.1,37.1,45,45,98.5,98.5,0
2746,1372,1372,37.1,37.1,4,4,98.6,98.6,0
2527,1373,1373,37.1,37.1,15,15,92.9,92.9,0
2759,1374,1374,37.1,37.1,11,11,92.9,92.9,0
2144,1375,1375,37.1,37.1,4,4,98.6,98.6,0
2708,1376,1376,37.0,37.0,4,4,98.6,98.6,0
2756,1377,1377,37.0,37.0,13,13,92.9,92.9,0
2398,1378,1378,37.0,37.0,96,96,92.7,92.7,0
2683,1379,1379,37.0,37.0,14,14,92.9,92.9,0
1118,1380,1380,37.0,37.0,9,9,94.6,94.6,0
2684,1381,1381,37.0,37.0,15,15,92.9,92.9,0
2047,1382,1382,37.0,37.0,4,4,98.6,98.6,0
451,1383,1383,37.0,37.0,373,373,89.9,89.9,0
2712,1384,1384,37.0,37.0,4,4,98.6,98.6,0
1541,1385,1385,36.9,36.9,9,9,94.6,94.6,0
2526,1386,1386,36.9,36.9,15,15,92.9,92.9,0
2686,1387,1387,36.9,36.9,15,15,92.9,92.9,0
2034,1388,1388,36.9,36.9,227,227,99.99,99.99,0
2481,1389,1389,36.9,36.9,9,9,94.47,94.47,0
2497,1390,1390,36.9,36.9,15,15,92.9,92.9,0
2750,1391,1391,36.9,36.9,15,15,92.9,92.9,0
2510,1392,1392,36.9,36.9,12,12,93.63,93.63,0
2692,1393,1393,36.9,36.9,10,10,94.13,94.13,0
2355,1394,1394,36.9,36.9,126,126,94.28,94.28,0
1599,1395,1395,36.9,36.9,21,21,95.9,95.9,0
2395,1396,1396,36.9,36.9,282,282,89.15,89.15,0
2524,1397,1397,36.8,36.8,15,15,92.9,92.9,0
1769,1398,1398,36.8,36.8,620,620,97.59,97.59,0
2754,1399,1399,36.8,36.8,14,14,92.9,92.9,0
946,1400,1400,36.8,36.8,45,45,98.5,98.5,0
2751,1401,1401,36.8,36.8,15,15,92.9,92.9,0
2485,1402,1402,36.8,36.8,12,12,93.62,93.62,0
119,1403,1403,36.8,36.8,21,21,77.1,77.1,0
2511,1404,1404,36.8,36.8,15,15,92.91,92.91,0
1804,1405,1405,36.8,36.8,570,570,98.57,98.57,0
2674,1406,1406,36.8,36.8,14,14,92.9,92.9,0
2513,1407,1407,36.7,36.7,15,15,92.9,92.9,0
1600,1408,1408,36.7,36.7,96,96,95.9,95.9,0
1788,1409,1409,36.7,36.7,470,470,96.76,96.76,0
28,1410,1410,36.7,36.7,43,43,60.9,60.9,0
374,1411,1411,36.7,36.7,21,21,77.1,77.1,0
2170,1412,1412,36.7,36.7,155,155,98.96,98.96,0
1401,1413,1413,36.7,36.7,20,20,89.9,89.9,0
1416,1414,1414,36.7,36.7,876,876,88.64,88.64,0
2435,1415,1415,36.7,36.7,481,481,86.9,86.9,0
2227,1416,1416,36.7,36.7,95,95,84.2,84.2,0
2696,1417,1417,36.7,36.7,13,13,93.21,93.21,0
998,1418,1418,36.7,36.7,79,79,99.5,99.5,0
550,1419,1419,36.6,36.6,420,420,82.72,82.72,0
2779,1420,1420,36.6,36.6,235,235,92.7,92.7,0
71,1421,1421,36.6,36.6,21,21,77.1,77.1,0
2755,1422,1422,36.6,36.6,15,15,92.9,92.9,0
2701,1423,1423,36.6,36.6,4,4,98.6,98.6,0
2522,1424,1424,36.6,36.6,15,15,92.9,92.9,0
2525,1425,1425,36.6,36.6,15,15,92.9,92.9,0
2261,1426,1426,36.6,36.6,804,804,84.32,84.32,0
1515,1427,1427,36.6,36.6,220,220,96.1,96.1,0
2613,1428,1428,36.6,36.6,15,15,92.9,92.9,0
2048,1429,1429,36.6,36.6,4,4,98.6,98.6,0
1306,1430,1430,36.6,36.6,16,16,93.3,93.3,0
108,1431,1431,36.6,36.6,69,69,66.14,66.14,0
2073,1432,1432,36.5,36.5,363,363,99.53,99.53,0
2147,1433,1433,36.5,36.5,4,4,98.6,98.6,0
559,1434,1434,36.5,36.5,429,429,71.19,71.19,0
1661,1435,1435,36.5,36.5,19,19,95.9,95.9,0
2521,1436,1436,36.5,36.5,15,15,92.9,92.9,0
2475,1437,1437,36.5,36.5,1069,1069,96.1,96.1,0
1027,1438,1438,36.5,36.5,28,28,98.5,98.5,0
2853,1439,1439,36.5,36.5,15,15,92.9,92.9,0
2453,1440,1440,36.5,36.5,728,728,93.56,93.56,0
2325,1441,1441,36.5,36.5,276,276,97.1,97.1,0
2507,1442,1442,36.5,36.5,11,11,93.69,93.69,0
927,1443,1443,36.4,36.4,68,68,97.32,97.32,0
2752,1444,1444,36.4,36.4,15,15,92.9,92.9,0
2767,1445,1445,36.4,36.4,15,15,92.9,92.9,0
2541,1446,1446,36.4,36.4,112,112,100.0,100.0,0
2025,1447,1447,36.4,36.4,4,4,98.6,98.6,0
2805,1448,1448,36.4,36.4,2,2,95.9,95.9,0
1689,1449,1449,36.4,36.4,15,15,95.9,95.9,0
2498,1450,1450,36.4,36.4,14,14,93.19,93.19,0
1229,1451,1451,36.4,36.4,210,210,83.34,83.34,0
1594,1452,1452,36.4,36.4,165,165,99.0,99.0,0
888,1453,1453,36.3,36.3,60,60,99.68,99.68,0
1522,1454,1454,36.3,36.3,1292,1292,97.7,97.7,0
1025,1455,1455,36.3,36.3,30,30,98.5,98.5,0
718,1456,1456,36.3,36.3,142,142,63.5,63.5,0
2685,1457,1457,36.3,36.3,14,14,92.9,92.9,0
1673,1458,1458,36.2,36.2,25,25,95.9,95.9,0
2577,1459,1459,36.2,36.2,15,15,92.9,92.9,0
388,1460,1460,36.2,36.2,21,21,77.1,77.1,0
2509,1461,1461,36.2,36.2,15,15,92.9,92.9,0
2312,1462,1462,36.2,36.2,672,672,97.15,97.15,0
2169,1463,1463,36.2,36.2,727,727,87.94,87.94,0
2753,1464,1464,36.1,36.1,15,15,92.9,92.9,0
82,1465,1465,36.1,36.1,262,262,65.37,65.37,0
1670,1466,1466,36.1,36.1,37,37,95.9,95.9,0
2122,1467,1467,36.1,36.1,4,4,98.6,98.6,0
699,1468,1468,36.1,36.1,234,234,63.07,63.07,0
2724,1469,1469,36.1,36.1,4,4,98.6,98.6,0
1484,1470,1470,36.1,36.1,767,767,86.91,86.91,0
85,1471,1471,36.1,36.1,21,21,77.1,77.1,0
728,1472,1472,36.0,36.0,136,136,76.23,76.23,0
463,1473,1473,36.0,36.0,1377,1377,83.75,83.75,0
2390,1474,1474,36.0,36.0,1,1,84.2,84.2,0
1460,1475,1475,36.0,36.0,1063,1063,85.05,85.05,0
587,1476,1476,36.0,36.0,185,185,79.17,79.17,0
1678,1477,1477,36.0,36.0,2,2,95.9,95.9,0
2672,1478,1478,36.0,36.0,14,14,92.9,92.9,0
2675,1479,1479,36.0,36.0,1,1,92.9,92.9,0
2615,1480,1480,35.9,35.9,15,15,92.9,92.9,0
1428,1481,1481,35.9,35.9,1197,1197,91.6,91.6,0
217,1482,1482,35.9,35.9,959,959,88.49,88.49,0
78,1483,1483,35.9,35.9,719,719,77.09,77.09,0
118,1484,1484,35.8,35.8,21,21,77.1,77.1,0
2553,1485,1485,35.8,35.8,153,153,98.7,98.7,0
1552,1486,1486,35.8,35.8,496,496,94.66,94.66,0
2072,1487,1487,35.8,35.8,1121,1121,98.94,98.94,0
1549,1488,1488,35.8,35.8,25,25,95.1,95.1,0
2523,1489,1489,35.8,35.8,15,15,92.9,92.9,0
2385,1490,1490,35.8,35.8,1730,1730,90.97,90.97,0
1463,1491,1491,35.8,35.8,1190,1190,85.77,85.77,0
1426,1492,1492,35.8,35.8,192,192,95.3,95.3,0
2233,1493,1493,35.7,35.7,867,867,87.97,87.97,0
2396,1494,1494,35.7,35.7,167,167,92.7,92.7,0
2690,1495,1495,35.7,35.7,4,4,98.6,98.6,0
2691,1496,1496,35.7,35.7,4,4,98.6,98.6,0
2693,1497,1497,35.7,35.7,4,4,98.6,98.6,0
2543,1498,1498,35.6,35.6,285,285,96.2,96.2,0
2694,1499,1499,35.6,35.6,9,9,94.6,94.6,0
2039,1500,1500,35.6,35.6,1138,1138,98.3,98.3,0
2042,1501,1501,35.6,35.6,1156,1156,98.3,98.3,0
2110,1502,1502,35.6,35.6,4,4,98.6,98.6,0
2773,1503,1503,35.6,35.6,6,6,92.7,92.7,0
1345,1504,1504,35.5,35.5,288,288,86.33,86.33,0
1145,1505,1505,35.5,35.5,9,9,94.6,94.6,0
887,1506,1506,35.5,35.5,33,33,98.8,98.8,0
2036,1507,1507,35.5,35.5,318,318,100.0,100.0,0
1929,1508,1508,35.4,35.4,64,64,96.81,96.81,0
2323,1509,1509,35.4,35.4,507,507,94.27,94.27,0
688,1510,1510,35.4,35.4,404,404,58.15,58.15,0
216,1511,1511,35.4,35.4,768,768,88.82,88.82,0
89,1512,1512,35.4,35.4,21,21,77.1,77.1,0
2682,1513,1513,35.4,35.4,8,8,95.02,95.02,0
2114,1514,1514,35.4,35.4,4,4,98.6,98.6,0
2563,1515,1515,35.4,35.4,24,24,99.84,99.84,0
2612,1516,1516,35.3,35.3,15,15,92.9,92.9,0
957,1517,1517,35.3,35.3,45,45,98.5,98.5,0
916,1518,1518,35.3,35.3,28,28,98.5,98.5,0
380,1519,1519,35.3,35.3,21,21,77.1,77.1,0
1046,1520,1520,35.3,35.3,66,66,99.8,99.8,0
2567,1521,1521,35.3,35.3,4,4,98.6,98.6,0
2660,1522,1522,35.3,35.3,21,21,93.34,93.34,0
2337,1523,1523,35.3,35.3,65,65,94.6,94.6,0
200,1524,1524,35.3,35.3,30,30,81.33,81.33,0
1621,1525,1525,35.3,35.3,244,244,99.7,99.7,0
2479,1526,1526,35.3,35.3,4,4,98.6,98.6,0
2727,1527,1527,35.3,35.3,4,4,98.6,98.6,0
951,1528,1528,35.3,35.3,44,44,98.5,98.5,0
894,1529,1529,35.3,35.3,48,48,99.39,99.39,0
1677,1530,1530,35.3,35.3,6,6,95.9,95.9,0
2512,1531,1531,35.3,35.3,4,4,98.29,98.29,0
1727,1532,1532,35.3,35.3,51,51,95.9,95.9,0
2669,1533,1533,35.2,35.2,50,50,98.01,98.01,0
2585,1534,1534,35.2,35.2,15,15,92.9,92.9,0
2058,1535,1535,35.2,35.2,437,437,98.35,98.35,0
2655,1536,1536,35.2,35.2,15,15,92.9,92.9,0
2363,1537,1537,35.2,35.2,179,179,91.6,91.6,0
2668,1538,1538,35.2,35.2,15,15,92.9,92.9,0
1491,1539,1539,35.1,35.1,1464,1464,82.84,82.84,0
1021,1540,1540,35.1,35.1,92,92,98.23,98.23,0
2484,1541,1541,35.1,35.1,4,4,98.6,98.6,0
2757,1542,1542,35.1,35.1,11,11,92.9,92.9,0
1674,1543,1543,35.1,35.1,90,90,95.9,95.9,0
2454,1544,1544,35.1,35.1,614,614,94.03,94.03,0
1553,1545,1545,35.1,35.1,1159,1159,94.6,94.6,0
1464,1546,1546,35.1,35.1,1494,1494,94.09,94.09,0
2359,1547,1547,35.1,35.1,114,114,96.79,96.79,0
2486,1548,1548,35.1,35.1,4,4,98.6,98.6,0
11,1549,1549,35.1,35.1,208,208,59.08,59.08,0
2516,1550,1550,35.1,35.1,4,4,98.6,98.6,0
2560,1551,1551,35.1,35.1,4,4,98.6,98.6,0
1030,1552,1552,35.1,35.1,45,45,98.5,98.5,0
2450,1553,1553,35.1,35.1,598,598,98.2,98.2,0
1169,1554,1554,35.0,35.0,4,4,98.6,98.6,0
2341,1555,1555,35.0,35.0,339,339,88.64,88.64,0
2495,1556,1556,35.0,35.0,15,15,92.9,92.9,0
2517,1557,1557,35.0,35.0,4,4,98.6,98.6,0
584,1558,1558,35.0,35.0,144,144,65.6,65.6,0
2490,1559,1559,35.0,35.0,4,4,98.6,98.6,0
2229,1560,1560,35.0,35.0,1342,1342,86.7,86.7,0
2492,1561,1561,34.9,34.9,4,4,98.6,98.6,0
113,1562,1562,34.9,34.9,21,21,77.1,77.1,0
552,1563,1563,34.9,34.9,466,466,90.6,90.6,0
583,1564,1564,34.9,34.9,144,144,65.6,65.6,0
154,1565,1565,34.9,34.9,415,415,71.28,71.28,0
2749,1566,1566,34.9,34.9,12,12,92.9,92.9,0
2343,1567,1567,34.9,34.9,171,171,93.09,93.09,0
2483,1568,1568,34.9,34.9,4,4,98.6,98.6,0
1438,1569,1569,34.9,34.9,579,579,87.17,87.17,0
2491,1570,1570,34.8,34.8,4,4,98.6,98.6,0
1648,1571,1571,34.8,34.8,54,54,95.9,95.9,0
2326,1572,1572,34.8,34.8,208,208,98.6,98.6,0
2678,1573,1573,34.8,34.8,6,6,96.88,96.88,0
2254,1574,1574,34.8,34.8,686,686,91.39,91.39,0
2480,1575,1575,34.8,34.8,4,4,98.6,98.6,0
2044,1576,1576,34.8,34.8,1044,1044,98.86,98.86,0
2418,1577,1577,34.8,34.8,95,95,84.2,84.2,0
2762,1578,1578,34.8,34.8,15,15,92.9,92.9,0
2520,1579,1579,34.8,34.8,4,4,98.6,98.6,0
39,1580,1580,34.7,34.7,66,66,63.5,63.5,0
405,1581,1581,34.7,34.7,21,21,77.1,77.1,0
1212,1582,1582,34.7,34.7,4,4,98.6,98.6,0
2676,1583,1583,34.7,34.7,4,4,98.6,98.6,0
2855,1584,1584,34.7,34.7,15,15,92.9,92.9,0
1469,1585,1585,34.7,34.7,782,782,89.91,89.91,0
2743,1586,1586,34.7,34.7,4,4,98.6,98.6,0
2482,1587,1587,34.7,34.7,4,4,98.6,98.6,0
182,1588,1588,34.7,34.7,26,26,73.03,73.03,0
1977,1589,1589,34.6,34.6,258,258,93.36,93.36,0
2744,1590,1590,34.6,34.6,4,4,98.6,98.6,0
2519,1591,1591,34.6,34.6,4,4,98.6,98.6,0
1771,1592,1592,34.6,34.6,369,369,96.2,96.2,0
1402,1593,1593,34.6,34.6,102,102,95.46,95.46,0
2228,1594,1594,34.6,34.6,1002,1002,89.06,89.06,0
2284,1595,1595,34.6,34.6,229,229,98.6,98.6,0
2742,1596,1596,34.6,34.6,4,4,98.6,98.6,0
462,1597,1597,34.5,34.5,1391,1391,83.4,83.4,0
434,1598,1598,34.5,34.5,755,755,84.61,84.61,0
2747,1599,1599,34.5,34.5,4,4,98.6,98.6,0
2715,1600,1600,34.5,34.5,4,4,98.6,98.6,0
1186,1601,1601,34.5,34.5,20,20,98.51,98.51,0
2149,1602,1602,34.5,34.5,4,4,98.6,98.6,0
593,1603,1603,34.5,34.5,83,83,90.6,90.6,0
2732,1604,1604,34.5,34.5,4,4,98.6,98.6,0
2409,1605,1605,34.5,34.5,45,45,90.6,90.6,0
2824,1606,1606,34.5,34.5,40,40,99.6,99.6,0
2518,1607,1607,34.4,34.4,4,4,98.6,98.6,0
2589,1608,1608,34.4,34.4,15,15,92.9,92.9,0
2079,1609,1609,34.4,34.4,177,177,99.98,99.98,0
577,1610,1610,34.4,34.4,595,595,90.6,90.6,0
73,1611,1611,34.4,34.4,21,21,77.1,77.1,0
2515,1612,1612,34.4,34.4,4,4,98.6,98.6,0
419,1613,1613,34.4,34.4,524,524,83.77,83.77,0
2417,1614,1614,34.4,34.4,95,95,84.2,84.2,0
2069,1615,1615,34.4,34.4,301,301,100.0,100.0,0
556,1616,1616,34.4,34.4,550,550,72.1,72.1,0
2514,1617,1617,34.4,34.4,4,4,98.6,98.6,0
1144,1618,1618,34.3,34.3,9,9,94.6,94.6,0
2731,1619,1619,34.3,34.3,4,4,98.6,98.6,0
2765,1620,1620,34.3,34.3,15,15,92.9,92.9,0
2680,1621,1621,34.3,34.3,4,4,98.6,98.6,0
2065,1622,1622,34.3,34.3,599,599,98.95,98.95,0
2719,1623,1623,34.3,34.3,4,4,98.6,98.6,0
2075,1624,1624,34.3,34.3,33,33,99.82,99.82,0
2499,1625,1625,34.3,34.3,15,15,92.9,92.9,0
92,1626,1626,34.3,34.3,21,21,77.1,77.1,0
2677,1627,1627,34.3,34.3,4,4,98.6,98.6,0
1058,1628,1628,34.2,34.2,29,29,98.5,98.5,0
2488,1629,1629,34.2,34.2,4,4,98.6,98.6,0
2717,1630,1630,34.2,34.2,4,4,98.6,98.6,0
2508,1631,1631,34.2,34.2,4,4,98.6,98.6,0
2549,1632,1632,34.1,34.1,341,341,96.5,96.5,0
2679,1633,1633,34.1,34.1,4,4,98.6,98.6,0
2709,1634,1634,34.1,34.1,4,4,98.6,98.6,0
77,1635,1635,34.1,34.1,21,21,77.1,77.1,0
2051,1636,1636,34.1,34.1,4,4,98.6,98.6,0
1189,1637,1637,34.1,34.1,28,28,98.5,98.5,0
2330,1638,1638,34.1,34.1,553,553,98.34,98.34,0
1047,1639,1639,34.0,34.0,66,66,99.8,99.8,0
2022,1640,1640,34.0,34.0,1,1,98.6,98.6,0
915,1641,1641,34.0,34.0,28,28,98.5,98.5,0
2695,1642,1642,34.0,34.0,4,4,98.6,98.6,0
1279,1643,1643,34.0,34.0,105,105,93.3,93.3,0
326,1644,1644,34.0,34.0,247,247,88.45,88.45,0
2792,1645,1645,34.0,34.0,11,11,95.9,95.9,0
2718,1646,1646,34.0,34.0,4,4,98.6,98.6,0
2188,1647,1647,34.0,34.0,1214,1214,85.16,85.16,0
962,1648,1648,34.0,34.0,28,28,98.5,98.5,0
2352,1649,1649,33.9,33.9,17,17,94.75,94.75,0
2713,1650,1650,33.9,33.9,4,4,98.6,98.6,0
2092,1651,1651,33.9,33.9,4,4,98.6,98.6,0
2716,1652,1652,33.9,33.9,4,4,98.6,98.6,0
2681,1653,1653,33.9,33.9,4,4,98.6,98.6,0
2200,1654,1654,33.9,33.9,368,368,97.1,97.1,0
2094,1655,1655,33.8,33.8,4,4,98.6,98.6,0
2733,1656,1656,33.8,33.8,4,4,98.6,98.6,0
1396,1657,1657,33.8,33.8,64,64,93.3,93.3,0
2763,1658,1658,33.8,33.8,15,15,92.9,92.9,0
2119,1659,1659,33.8,33.8,4,4,98.6,98.6,0
2249,1660,1660,33.8,33.8,808,808,96.78,96.78,0
2231,1661,1661,33.8,33.8,982,982,87.52,87.52,0
2093,1662,1662,33.7,33.7,4,4,98.6,98.6,0
2854,1663,1663,33.7,33.7,10,10,92.9,92.9,0
2250,1664,1664,33.7,33.7,805,805,91.71,91.71,0
2663,1665,1665,33.7,33.7,15,15,92.9,92.9,0
2726,1666,1666,33.7,33.7,4,4,98.6,98.6,0
2020,1667,1667,33.7,33.7,1,1,98.6,98.6,0
2107,1668,1668,33.7,33.7,1,1,98.6,98.6,0
2081,1669,1669,33.7,33.7,1,1,98.6,98.6,0
1466,1670,1670,33.6,33.6,465,465,91.21,91.21,0
2741,1671,1671,33.6,33.6,4,4,98.6,98.6,0
2097,1672,1672,33.6,33.6,1,1,98.6,98.6,0
2108,1673,1673,33.6,33.6,1,1,98.6,98.6,0
2772,1674,1674,33.6,33.6,105,105,92.7,92.7,0
2771,1675,1675,33.6,33.6,133,133,92.7,92.7,0
2085,1676,1676,33.6,33.6,1,1,98.6,98.6,0
1969,1677,1677,33.6,33.6,78,78,95.2,95.2,0
2016,1678,1678,33.5,33.5,4,4,98.6,98.6,0
2833,1679,1679,33.5,33.5,129,129,99.19,99.19,0
2637,1680,1680,33.5,33.5,292,292,99.97,99.97,0
2822,1681,1681,33.5,33.5,52,52,99.11,99.11,0
1211,1682,1682,33.5,33.5,4,4,98.6,98.6,0
2095,1683,1683,33.5,33.5,4,4,98.6,98.6,0
1728,1684,1684,33.5,33.5,50,50,95.9,95.9,0
353,1685,1685,33.5,33.5,210,210,72.2,72.2,0
2082,1686,1686,33.4,33.4,4,4,98.6,98.6,0
2143,1687,1687,33.4,33.4,4,4,98.6,98.6,0
2745,1688,1688,33.4,33.4,4,4,98.6,98.6,0
1537,1689,1689,33.4,33.4,9,9,94.6,94.6,0
2790,1690,1690,33.4,33.4,1,1,95.9,95.9,0
1471,1691,1691,33.4,33.4,128,128,93.77,93.77,0
2729,1692,1692,33.4,33.4,4,4,98.6,98.6,0
2018,1693,1693,33.4,33.4,4,4,98.6,98.6,0
439,1694,1694,33.4,33.4,1170,1170,85.93,85.93,0
2096,1695,1695,33.3,33.3,4,4,98.6,98.6,0
2137,1696,1696,33.3,33.3,4,4,98.6,98.6,0
2235,1697,1697,33.3,33.3,502,502,76.6,76.6,0
2597,1698,1698,33.3,33.3,36,36,97.31,97.31,0
2608,1699,1699,33.3,33.3,15,15,92.9,92.9,0
1699,1700,1700,33.3,33.3,19,19,95.9,95.9,0
2568,1701,1701,33.2,33.2,8,8,99.41,99.41,0
2493,1702,1702,33.2,33.2,15,15,92.9,92.9,0
2652,1703,1703,33.2,33.2,15,15,92.9,92.9,0
1687,1704,1704,33.2,33.2,37,37,95.9,95.9,0
1439,1705,1705,33.2,33.2,632,632,85.88,85.88,0
1454,1706,1706,33.2,33.2,231,231,91.57,91.57,0
1548,1707,1707,33.2,33.2,194,194,95.23,95.23,0
1602,1708,1708,33.1,33.1,109,109,95.9,95.9,0
891,1709,1709,33.1,33.1,28,28,98.5,98.5,0
356,1710,1710,33.1,33.1,156,156,80.1,80.1,0
2140,1711,1711,33.1,33.1,4,4,98.6,98.6,0
2768,1712,1712,33.1,33.1,15,15,92.9,92.9,0
2053,1713,1713,33.1,33.1,109,109,98.6,98.6,0
1703,1714,1714,33.1,33.1,19,19,95.9,95.9,0
1430,1715,1715,33.1,33.1,350,350,95.3,95.3,0
1187,1716,1716,33.1,33.1,21,21,98.51,98.51,0
1057,1717,1717,33.1,33.1,34,34,98.86,98.86,0
2102,1718,1718,33.0,33.0,4,4,98.6,98.6,0
2706,1719,1719,33.0,33.0,4,4,98.6,98.6,0
478,1720,1720,33.0,33.0,21,21,77.1,77.1,0
2139,1721,1721,33.0,33.0,4,4,98.6,98.6,0
1744,1722,1722,33.0,33.0,84,84,94.3,94.3,0
1750,1723,1723,33.0,33.0,84,84,94.3,94.3,0
2017,1724,1724,33.0,33.0,4,4,98.6,98.6,0
1746,1725,1725,33.0,33.0,84,84,94.3,94.3,0
2850,1726,1726,33.0,33.0,15,15,92.9,92.9,0
2019,1727,1727,33.0,33.0,4,4,98.6,98.6,0
116,1728,1728,32.9,32.9,21,21,77.1,77.1,0
2614,1729,1729,32.9,32.9,15,15,92.9,92.9,0
449,1730,1730,32.9,32.9,669,669,83.51,83.51,0
2086,1731,1731,32.9,32.9,4,4,98.6,98.6,0
1149,1732,1732,32.9,32.9,9,9,94.6,94.6,0
309,1733,1733,32.8,32.8,19,19,95.9,95.9,0
2722,1734,1734,32.8,32.8,4,4,98.6,98.6,0
457,1735,1735,32.8,32.8,1028,1028,84.83,84.83,0
1122,1736,1736,32.8,32.8,9,9,94.6,94.6,0
940,1737,1737,32.8,32.8,43,43,98.5,98.5,0
1053,1738,1738,32.7,32.7,28,28,98.5,98.5,0
2714,1739,1739,32.7,32.7,4,4,98.6,98.6,0
2593,1740,1740,32.7,32.7,1,1,92.9,92.9,0
2088,1741,1741,32.7,32.7,4,4,98.6,98.6,0
2098,1742,1742,32.7,32.7,4,4,98.6,98.6,0
2429,1743,1743,32.7,32.7,51,51,84.2,84.2,0
2579,1744,1744,32.7,32.7,9,9,92.9,92.9,0
1488,1745,1745,32.7,32.7,755,755,88.42,88.42,0
2292,1746,1746,32.7,32.7,419,419,91.6,91.6,0
1572,1747,1747,32.6,32.6,55,55,95.9,95.9,0
2049,1748,1748,32.6,32.6,4,4,98.6,98.6,0
2734,1749,1749,32.6,32.6,4,4,98.6,98.6,0
1050,1750,1750,32.6,32.6,66,66,99.8,99.8,0
2641,1751,1751,32.6,32.6,818,818,100.0,100.0,0
2366,1752,1752,32.6,32.6,147,147,94.17,94.17,0
2415,1753,1753,32.6,32.6,87,87,86.9,86.9,0
2707,1754,1754,32.6,32.6,4,4,98.6,98.6,0
2205,1755,1755,32.6,32.6,1109,1109,90.22,90.22,0
1860,1756,1756,32.6,32.6,72,72,99.6,99.6,0
2826,1757,1757,32.6,32.6,177,177,99.1,99.1,0
2050,1758,1758,32.6,32.6,4,4,98.6,98.6,0
1157,1759,1759,32.6,32.6,9,9,94.6,94.6,0
2083,1760,1760,32.5,32.5,1,1,98.6,98.6,0
2356,1761,1761,32.5,32.5,9,9,94.6,94.6,0
2091,1762,1762,32.5,32.5,4,4,98.6,98.6,0
2155,1763,1763,32.5,32.5,4,4,98.6,98.6,0
98,1764,1764,32.5,32.5,21,21,77.1,77.1,0
1526,1765,1765,32.5,32.5,909,909,94.72,94.72,0
2842,1766,1766,32.5,32.5,54,54,98.89,98.89,0
2141,1767,1767,32.5,32.5,4,4,98.6,98.6,0
2120,1768,1768,32.4,32.4,4,4,98.6,98.6,0
1676,1769,1769,32.4,32.4,2,2,95.9,95.9,0
570,1770,1770,32.4,32.4,474,474,86.43,86.43,0
2758,1771,1771,32.4,32.4,15,15,92.9,92.9,0
546,1772,1772,32.4,32.4,545,545,77.77,77.77,0
173,1773,1773,32.4,32.4,32,32,70.01,70.01,0
2548,1774,1774,32.4,32.4,15,15,92.9,92.9,0
211,1775,1775,32.3,32.3,888,888,85.2,85.2,0
972,1776,1776,32.3,32.3,232,232,99.5,99.5,0
2365,1777,1777,32.3,32.3,366,366,92.44,92.44,0
2157,1778,1778,32.3,32.3,4,4,98.6,98.6,0
2600,1779,1779,32.3,32.3,7,7,92.9,92.9,0
2316,1780,1780,32.3,32.3,760,760,95.87,95.87,0
1523,1781,1781,32.3,32.3,1000,1000,97.82,97.82,0
850,1782,1782,32.2,32.2,432,432,77.72,77.72,0
895,1783,1783,32.2,32.2,53,53,99.53,99.53,0
2656,1784,1784,32.2,32.2,15,15,92.9,92.9,0
1550,1785,1785,32.2,32.2,150,150,94.6,94.6,0
2633,1786,1786,32.2,32.2,108,108,95.33,95.33,0
2176,1787,1787,32.2,32.2,12,12,97.92,97.92,0
1171,1788,1788,32.2,32.2,4,4,98.6,98.6,0
2379,1789,1789,32.1,32.1,166,166,91.78,91.78,0
1707,1790,1790,32.1,32.1,19,19,95.9,95.9,0
2785,1791,1791,32.0,32.0,167,167,92.7,92.7,0
438,1792,1792,32.0,32.0,562,562,86.46,86.46,0
1228,1793,1793,32.0,32.0,278,278,80.83,80.83,0
2784,1794,1794,31.9,31.9,293,293,92.7,92.7,0
1519,1795,1795,31.9,31.9,200,200,95.56,95.56,0
2296,1796,1796,31.9,31.9,482,482,91.6,91.6,0
2624,1797,1797,31.9,31.9,355,355,100.0,100.0,0
1720,1798,1798,31.9,31.9,57,57,95.9,95.9,0
2277,1799,1799,31.9,31.9,546,546,87.38,87.38,0
30,1800,1800,31.9,31.9,93,93,59.13,59.13,0
115,1801,1801,31.9,31.9,21,21,77.1,77.1,0
2856,1802,1802,31.9,31.9,3,3,92.9,92.9,0
575,1803,1803,31.9,31.9,230,230,83.3,83.3,0
724,1804,1804,31.9,31.9,143,143,63.5,63.5,0
2360,1805,1805,31.8,31.8,9,9,94.65,94.65,0
475,1806,1806,31.8,31.8,21,21,77.1,77.1,0
2596,1807,1807,31.8,31.8,8,8,92.9,92.9,0
383,1808,1808,31.8,31.8,21,21,77.1,77.1,0
880,1809,1809,31.8,31.8,28,28,98.5,98.5,0
685,1810,1810,31.8,31.8,636,636,76.1,76.1,0
2111,1811,1811,31.8,31.8,4,4,98.6,98.6,0
2329,1812,1812,31.7,31.7,203,203,98.6,98.6,0
2090,1813,1813,31.7,31.7,4,4,98.6,98.6,0
1841,1814,1814,31.7,31.7,72,72,99.6,99.6,0
2106,1815,1815,31.7,31.7,4,4,98.6,98.6,0
2776,1816,1816,31.7,31.7,369,369,92.16,92.16,0
1195,1817,1817,31.7,31.7,4,4,98.6,98.6,0
2662,1818,1818,31.7,31.7,15,15,92.9,92.9,0
932,1819,1819,31.7,31.7,518,518,95.76,95.76,0
2666,1820,1820,31.7,31.7,449,449,99.11,99.11,0
2252,1821,1821,31.6,31.6,616,616,92.93,92.93,0
469,1822,1822,31.6,31.6,21,21,77.1,77.1,0
1829,1823,1823,31.6,31.6,72,72,99.6,99.6,0
2089,1824,1824,31.6,31.6,4,4,98.6,98.6,0
2807,1825,1825,31.5,31.5,19,19,95.9,95.9,0
2087,1826,1826,31.5,31.5,4,4,98.6,98.6,0
2426,1827,1827,31.4,31.4,78,78,85.41,85.41,0
1706,1828,1828,31.4,31.4,19,19,95.9,95.9,0
2639,1829,1829,31.4,31.4,136,136,99.75,99.75,0
1510,1830,1830,31.4,31.4,337,337,96.07,96.07,0
83,1831,1831,31.4,31.4,382,382,71.32,71.32,0
2113,1832,1832,31.4,31.4,4,4,98.6,98.6,0
2816,1833,1833,31.4,31.4,42,42,99.6,99.6,0
2848,1834,1834,31.4,31.4,582,582,99.11,99.11,0
456,1835,1835,31.4,31.4,1333,1333,83.9,83.9,0
370,1836,1836,31.3,31.3,21,21,77.1,77.1,0
1514,1837,1837,31.3,31.3,9,9,94.6,94.6,0
2331,1838,1838,31.3,31.3,229,229,98.6,98.6,0
1196,1839,1839,31.3,31.3,4,4,98.6,98.6,0
1213,1840,1840,31.3,31.3,4,4,98.6,98.6,0
2318,1841,1841,31.3,31.3,630,630,97.9,97.9,0
194,1842,1842,31.3,31.3,641,641,62.55,62.55,0
2809,1843,1843,31.2,31.2,19,19,95.9,95.9,0
886,1844,1844,31.2,31.2,41,41,99.15,99.15,0
521,1845,1845,31.2,31.2,186,186,69.89,69.89,0
582,1846,1846,31.2,31.2,144,144,65.6,65.6,0
40,1847,1847,31.2,31.2,107,107,57.77,57.77,0
2725,1848,1848,31.2,31.2,4,4,98.6,98.6,0
2496,1849,1849,31.1,31.1,15,15,92.9,92.9,0
1862,1850,1850,31.1,31.1,72,72,99.6,99.6,0
1492,1851,1851,31.1,31.1,883,883,86.45,86.45,0
2628,1852,1852,31.1,31.1,301,301,99.95,99.95,0
1162,1853,1853,31.1,31.1,9,9,94.6,94.6,0
1177,1854,1854,31.0,31.0,4,4,98.6,98.6,0
2151,1855,1855,30.9,30.9,4,4,98.6,98.6,0
877,1856,1856,30.9,30.9,28,28,98.5,98.5,0
206,1857,1857,30.9,30.9,21,21,77.1,77.1,0
1116,1858,1858,30.9,30.9,9,9,94.6,94.6,0
2192,1859,1859,30.9,30.9,810,810,85.89,85.89,0
2353,1860,1860,30.9,30.9,9,9,94.6,94.6,0
1347,1861,1861,30.9,30.9,155,155,90.85,90.85,0
2580,1862,1862,30.8,30.8,15,15,92.9,92.9,0
2586,1863,1863,30.8,30.8,15,15,92.9,92.9,0
1054,1864,1864,30.8,30.8,33,33,98.5,98.5,0
1851,1865,1865,30.8,30.8,21,21,96.54,96.54,0
2084,1866,1866,30.8,30.8,4,4,98.6,98.6,0
379,1867,1867,30.8,30.8,21,21,77.1,77.1,0
363,1868,1868,30.7,30.7,411,411,79.64,79.64,0
26,1869,1869,30.7,30.7,21,21,77.1,77.1,0
1581,1870,1870,30.7,30.7,51,51,95.9,95.9,0
1536,1871,1871,30.6,30.6,9,9,94.6,94.6,0
421,1872,1872,30.6,30.6,478,478,85.79,85.79,0
2825,1873,1873,30.6,30.6,37,37,99.1,99.1,0
1620,1874,1874,30.6,30.6,270,270,99.7,99.7,0
876,1875,1875,30.5,30.5,28,28,98.5,98.5,0
2105,1876,1876,30.5,30.5,4,4,98.6,98.6,0
215,1877,1877,30.5,30.5,690,690,89.73,89.73,0
2843,1878,1878,30.5,30.5,320,320,99.1,99.1,0
2823,1879,1879,30.5,30.5,73,73,99.57,99.57,0
2721,1880,1880,30.4,30.4,4,4,98.6,98.6,0
1644,1881,1881,30.4,30.4,35,35,95.9,95.9,0
1831,1882,1882,30.4,30.4,72,72,99.6,99.6,0
506,1883,1883,30.4,30.4,21,21,77.1,77.1,0
437,1884,1884,30.4,30.4,547,547,87.8,87.8,0
2104,1885,1885,30.4,30.4,4,4,98.6,98.6,0
2720,1886,1886,30.4,30.4,4,4,98.6,98.6,0
2852,1887,1887,30.3,30.3,1,1,92.9,92.9,0
900,1888,1888,30.3,30.3,27,27,98.5,98.5,0
2626,1889,1889,30.3,30.3,144,144,99.54,99.54,0
2646,1890,1890,30.3,30.3,72,72,99.6,99.6,0
2274,1891,1891,30.3,30.3,232,232,94.2,94.2,0
1456,1892,1892,30.2,30.2,326,326,89.3,89.3,0
2222,1893,1893,30.2,30.2,94,94,84.31,84.31,0
2542,1894,1894,30.2,30.2,76,76,95.79,95.79,0
953,1895,1895,30.1,30.1,43,43,98.46,98.46,0
2599,1896,1896,30.1,30.1,15,15,92.9,92.9,0
1004,1897,1897,30.1,30.1,28,28,98.5,98.5,0
2321,1898,1898,30.1,30.1,267,267,97.1,97.1,0
2297,1899,1899,30.0,30.0,232,232,97.49,97.49,0
2328,1900,1900,30.0,30.0,117,117,98.6,98.6,0
2545,1901,1901,30.0,30.0,278,278,96.2,96.2,0
2588,1902,1902,29.9,29.9,15,15,92.9,92.9,0
1856,1903,1903,29.9,29.9,72,72,99.6,99.6,0
1,1904,1904,29.9,29.9,84,84,59.19,59.19,0
1163,1905,1905,29.9,29.9,9,9,94.6,94.6,0
2253,1906,1906,29.8,29.8,783,783,90.3,90.3,0
168,1907,1907,29.8,29.8,22,22,75.69,75.69,0
956,1908,1908,29.8,29.8,372,372,97.78,97.78,0
566,1909,1909,29.8,29.8,232,232,94.2,94.2,0
2592,1910,1910,29.8,29.8,2,2,92.9,92.9,0
890,1911,1911,29.7,29.7,28,28,98.5,98.5,0
1452,1912,1912,29.7,29.7,261,261,90.0,90.0,0
2827,1913,1913,29.7,29.7,77,77,99.52,99.52,0
2315,1914,1914,29.7,29.7,436,436,97.2,97.2,0
2332,1915,1915,29.7,29.7,221,221,98.47,98.47,0
2115,1916,1916,29.7,29.7,4,4,98.6,98.6,0
1858,1917,1917,29.7,29.7,72,72,99.6,99.6,0
2213,1918,1918,29.7,29.7,637,637,88.38,88.38,0
360,1919,1919,29.7,29.7,219,219,72.5,72.5,0
1353,1920,1920,29.6,29.6,165,165,90.17,90.17,0
875,1921,1921,29.6,29.6,28,28,98.5,98.5,0
2845,1922,1922,29.6,29.6,168,168,99.1,99.1,0
730,1923,1923,29.6,29.6,63,63,67.67,67.67,0
381,1924,1924,29.6,29.6,129,129,64.88,64.88,0
2367,1925,1925,29.6,29.6,422,422,91.6,91.6,0
433,1926,1926,29.6,29.6,706,706,87.17,87.17,0
576,1927,1927,29.6,29.6,348,348,90.6,90.6,0
473,1928,1928,29.5,29.5,21,21,77.1,77.1,0
2847,1929,1929,29.5,29.5,551,551,99.09,99.09,0
1828,1930,1930,29.5,29.5,72,72,99.6,99.6,0
1199,1931,1931,29.5,29.5,4,4,98.6,98.6,0
549,1932,1932,29.5,29.5,316,316,81.73,81.73,0
2288,1933,1933,29.5,29.5,259,259,97.42,97.42,0
2364,1934,1934,29.5,29.5,144,144,91.86,91.86,0
1853,1935,1935,29.4,29.4,85,85,99.42,99.42,0
1005,1936,1936,29.4,29.4,29,29,98.53,98.53,0
2211,1937,1937,29.4,29.4,903,903,84.77,84.77,0
1580,1938,1938,29.3,29.3,56,56,95.9,95.9,0
925,1939,1939,29.3,29.3,45,45,98.5,98.5,0
2400,1940,1940,29.3,29.3,167,167,92.7,92.7,0
1837,1941,1941,29.2,29.2,91,91,99.36,99.36,0
2290,1942,1942,29.2,29.2,231,231,98.55,98.55,0
2711,1943,1943,29.2,29.2,4,4,98.6,98.6,0
384,1944,1944,29.2,29.2,21,21,77.1,77.1,0
2112,1945,1945,29.2,29.2,4,4,98.6,98.6,0
2391,1946,1946,29.1,29.1,20,20,84.2,84.2,0
2735,1947,1947,29.1,29.1,4,4,98.6,98.6,0
2787,1948,1948,29.1,29.1,167,167,92.7,92.7,0
574,1949,1949,29.0,29.0,243,243,90.6,90.6,0
2201,1950,1950,29.0,29.0,445,445,92.5,92.5,0
477,1951,1951,29.0,29.0,21,21,77.1,77.1,0
1444,1952,1952,29.0,29.0,420,420,87.72,87.72,0
2287,1953,1953,29.0,29.0,212,212,96.78,96.78,0
2118,1954,1954,29.0,29.0,4,4,98.6,98.6,0
2308,1955,1955,29.0,29.0,9,9,94.6,94.6,0
2397,1956,1956,28.9,28.9,243,243,90.44,90.44,0
2470,1957,1957,28.9,28.9,351,351,91.35,91.35,0
871,1958,1958,28.9,28.9,28,28,98.5,98.5,0
2598,1959,1959,28.9,28.9,15,15,92.9,92.9,0
2251,1960,1960,28.9,28.9,300,300,96.73,96.73,0
588,1961,1961,28.9,28.9,172,172,90.6,90.6,0
2327,1962,1962,28.9,28.9,229,229,98.6,98.6,0
1871,1963,1963,28.8,28.8,72,72,99.6,99.6,0
1000,1964,1964,28.8,28.8,300,300,100.0,100.0,0
1146,1965,1965,28.8,28.8,9,9,94.6,94.6,0
2350,1966,1966,28.8,28.8,9,9,94.6,94.6,0
1540,1967,1967,28.8,28.8,9,9,94.6,94.6,0
553,1968,1968,28.7,28.7,490,490,71.98,71.98,0
2659,1969,1969,28.7,28.7,15,15,92.9,92.9,0
2283,1970,1970,28.7,28.7,196,196,90.21,90.21,0
1184,1971,1971,28.6,28.6,25,25,99.85,99.85,0
1451,1972,1972,28.6,28.6,1169,1169,86.84,86.84,0
960,1973,1973,28.6,28.6,479,479,97.19,97.19,0
590,1974,1974,28.6,28.6,130,130,92.87,92.87,0
2278,1975,1975,28.6,28.6,574,574,86.52,86.52,0
2653,1976,1976,28.5,28.5,15,15,92.9,92.9,0
2814,1977,1977,28.5,28.5,9,9,96.15,96.15,0
2103,1978,1978,28.4,28.4,4,4,98.6,98.6,0
106,1979,1979,28.4,28.4,21,21,77.1,77.1,0
503,1980,1980,28.4,28.4,21,21,77.1,77.1,0
2340,1981,1981,28.4,28.4,117,117,96.8,96.8,0
1197,1982,1982,28.4,28.4,4,4,98.6,98.6,0
1830,1983,1983,28.3,28.3,72,72,99.6,99.6,0
731,1984,1984,28.3,28.3,21,21,77.1,77.1,0
1077,1985,1985,28.3,28.3,6,6,96.12,96.12,0
2258,1986,1986,28.3,28.3,1063,1063,83.52,83.52,0
2371,1987,1987,28.3,28.3,361,361,94.6,94.6,0
1528,1988,1988,28.3,28.3,467,467,97.95,97.95,0
307,1989,1989,28.3,28.3,19,19,95.9,95.9,0
471,1990,1990,28.3,28.3,21,21,77.1,77.1,0
863,1991,1991,28.2,28.2,2,2,70.1,70.1,0
2128,1992,1992,28.2,28.2,4,4,98.6,98.6,0
1183,1993,1993,28.2,28.2,7,7,99.22,99.22,0
565,1994,1994,28.2,28.2,232,232,94.2,94.2,0
1135,1995,1995,28.2,28.2,9,9,94.6,94.6,0
1193,1996,1996,28.2,28.2,4,4,98.6,98.6,0
1443,1997,1997,28.2,28.2,1169,1169,86.9,86.9,0
2156,1998,1998,28.2,28.2,4,4,98.6,98.6,0
373,1999,1999,28.2,28.2,21,21,77.1,77.1,0
96,2000,2000,28.2,28.2,21,21,77.1,77.1,0
1834,2001,2001,28.2,28.2,72,72,99.6,99.6,0
2846,2002,2002,28.1,28.1,177,177,99.1,99.1,0
2351,2003,2003,28.1,28.1,17,17,94.6,94.6,0
1447,2004,2004,28.1,28.1,1437,1437,85.81,85.81,0
1865,2005,2005,28.1,28.1,72,72,99.6,99.6,0
112,2006,2006,28.0,28.0,21,21,77.1,77.1,0
446,2007,2007,28.0,28.0,555,555,87.52,87.52,0
461,2008,2008,28.0,28.0,956,956,83.51,83.51,0
1645,2009,2009,28.0,28.0,58,58,95.9,95.9,0
884,2010,2010,27.9,27.9,38,38,98.5,98.5,0
2373,2011,2011,27.9,27.9,500,500,94.6,94.6,0
2153,2012,2012,27.8,27.8,4,4,98.6,98.6,0
393,2013,2013,27.8,27.8,21,21,77.1,77.1,0
965,2014,2014,27.7,27.7,34,34,98.5,98.5,0
1663,2015,2015,27.7,27.7,19,19,95.9,95.9,0
2832,2016,2016,27.7,27.7,78,78,99.53,99.53,0
1859,2017,2017,27.7,27.7,72,72,99.6,99.6,0
2057,2018,2018,27.7,27.7,171,171,98.43,98.43,0
2815,2019,2019,27.6,27.6,19,19,99.6,99.6,0
408,2020,2020,27.6,27.6,21,21,77.1,77.1,0
2344,2021,2021,27.6,27.6,179,179,95.78,95.78,0
2595,2022,2022,27.6,27.6,15,15,92.9,92.9,0
2347,2023,2023,27.6,27.6,9,9,94.6,94.6,0
2322,2024,2024,27.6,27.6,264,264,97.22,97.22,0
2339,2025,2025,27.6,27.6,61,61,94.6,94.6,0
2370,2026,2026,27.6,27.6,363,363,94.6,94.6,0
558,2027,2027,27.5,27.5,208,208,70.85,70.85,0
1136,2028,2028,27.5,27.5,8,8,94.88,94.88,0
2255,2029,2029,27.5,27.5,615,615,95.02,95.02,0
2414,2030,2030,27.5,27.5,95,95,84.25,84.25,0
721,2031,2031,27.5,27.5,142,142,63.5,63.5,0
2670,2032,2032,27.5,27.5,15,15,92.9,92.9,0
2416,2033,2033,27.5,27.5,86,86,87.01,87.01,0
2212,2034,2034,27.5,27.5,625,625,85.8,85.8,0
1148,2035,2035,27.4,27.4,8,8,94.81,94.81,0
1551,2036,2036,27.4,27.4,108,108,94.6,94.6,0
1455,2037,2037,27.4,27.4,388,388,93.22,93.22,0
2821,2038,2038,27.4,27.4,5,5,92.9,92.9,0
2739,2039,2039,27.4,27.4,4,4,98.6,98.6,0
2402,2040,2040,27.4,27.4,45,45,90.6,90.6,0
2584,2041,2041,27.4,27.4,15,15,92.9,92.9,0
2428,2042,2042,27.4,27.4,30,30,84.2,84.2,0
893,2043,2043,27.3,27.3,28,28,98.5,98.5,0
2285,2044,2044,27.3,27.3,228,228,98.46,98.46,0
918,2045,2045,27.3,27.3,28,28,98.5,98.5,0
459,2046,2046,27.2,27.2,296,296,84.2,84.2,0
571,2047,2047,27.2,27.2,737,737,72.1,72.1,0
1847,2048,2048,27.2,27.2,72,72,99.6,99.6,0
349,2049,2049,27.2,27.2,210,210,72.2,72.2,0
486,2050,2050,27.2,27.2,56,56,91.35,91.35,0
2380,2051,2051,27.2,27.2,106,106,92.41,92.41,0
2503,2052,2052,27.2,27.2,15,15,92.9,92.9,0
422,2053,2053,27.2,27.2,203,203,89.84,89.84,0
2202,2054,2054,27.2,27.2,291,291,96.49,96.49,0
416,2055,2055,27.1,27.1,196,196,90.15,90.15,0
2828,2056,2056,27.1,27.1,72,72,99.6,99.6,0
1539,2057,2057,27.0,27.0,9,9,94.6,94.6,0
2791,2058,2058,27.0,27.0,15,15,95.9,95.9,0
452,2059,2059,27.0,27.0,372,372,89.9,89.9,0
117,2060,2060,27.0,27.0,21,21,77.1,77.1,0
455,2061,2061,26.9,26.9,389,389,86.69,86.69,0
375,2062,2062,26.9,26.9,21,21,77.1,77.1,0
1458,2063,2063,26.9,26.9,241,241,90.32,90.32,0
1119,2064,2064,26.9,26.9,9,9,94.6,94.6,0
2100,2065,2065,26.8,26.8,4,4,98.6,98.6,0
472,2066,2066,26.8,26.8,24,24,79.15,79.15,0
1869,2067,2067,26.8,26.8,72,72,99.6,99.6,0
961,2068,2068,26.8,26.8,45,45,98.5,98.5,0
181,2069,2069,26.8,26.8,21,21,77.1,77.1,0
1875,2070,2070,26.7,26.7,72,72,99.6,99.6,0
2314,2071,2071,26.7,26.7,411,411,98.32,98.32,0
1194,2072,2072,26.6,26.6,4,4,98.6,98.6,0
1855,2073,2073,26.6,26.6,72,72,99.6,99.6,0
543,2074,2074,26.6,26.6,19,19,85.3,85.3,0
2834,2075,2075,26.6,26.6,58,58,99.6,99.6,0
905,2076,2076,26.6,26.6,4,4,98.6,98.6,0
715,2077,2077,26.5,26.5,202,202,63.5,63.5,0
1170,2078,2078,26.5,26.5,4,4,98.6,98.6,0
1442,2079,2079,26.5,26.5,574,574,87.54,87.54,0
2129,2080,2080,26.5,26.5,4,4,98.6,98.6,0
205,2081,2081,26.5,26.5,21,21,77.1,77.1,0
38,2082,2082,26.4,26.4,66,66,63.5,63.5,0
2207,2083,2083,26.4,26.4,452,452,92.5,92.5,0
2126,2084,2084,26.4,26.4,4,4,98.6,98.6,0
1639,2085,2085,26.4,26.4,19,19,95.9,95.9,0
2123,2086,2086,26.4,26.4,4,4,98.6,98.6,0
407,2087,2087,26.4,26.4,21,21,77.1,77.1,0
2841,2088,2088,26.4,26.4,129,129,99.1,99.1,0
491,2089,2089,26.4,26.4,21,21,77.1,77.1,0
2218,2090,2090,26.3,26.3,95,95,84.2,84.2,0
917,2091,2091,26.3,26.3,17,17,98.51,98.51,0
872,2092,2092,26.3,26.3,28,28,98.5,98.5,0
12,2093,2093,26.3,26.3,246,246,59.07,59.07,0
2798,2094,2094,26.3,26.3,19,19,95.9,95.9,0
2362,2095,2095,26.3,26.3,136,136,94.6,94.6,0
505,2096,2096,26.2,26.2,21,21,77.1,77.1,0
1857,2097,2097,26.2,26.2,72,72,99.6,99.6,0
2124,2098,2098,26.2,26.2,4,4,98.6,98.6,0
417,2099,2099,26.2,26.2,21,21,77.17,77.17,0
204,2100,2100,26.2,26.2,21,21,77.1,77.1,0
528,2101,2101,26.2,26.2,222,222,72.2,72.2,0
1682,2102,2102,26.1,26.1,19,19,95.9,95.9,0
2203,2103,2103,26.1,26.1,419,419,92.64,92.64,0
1849,2104,2104,26.1,26.1,37,37,98.4,98.4,0
385,2105,2105,26.1,26.1,21,21,77.1,77.1,0
1204,2106,2106,26.1,26.1,4,4,98.6,98.6,0
2101,2107,2107,26.0,26.0,4,4,98.6,98.6,0
361,2108,2108,26.0,26.0,129,129,84.69,84.69,0
2125,2109,2109,26.0,26.0,4,4,98.6,98.6,0
1091,2110,2110,26.0,26.0,4,4,98.6,98.6,0
2295,2111,2111,26.0,26.0,395,395,92.91,92.91,0
2247,2112,2112,25.9,25.9,506,506,89.89,89.89,0
1668,2113,2113,25.9,25.9,14,14,95.9,95.9,0
2839,2114,2114,25.9,25.9,22,22,99.6,99.6,0
1852,2115,2115,25.8,25.8,19,19,95.9,95.9,0
2761,2116,2116,25.8,25.8,11,11,92.9,92.9,0
1138,2117,2117,25.8,25.8,9,9,94.6,94.6,0
2361,2118,2118,25.7,25.7,105,105,92.44,92.44,0
2590,2119,2119,25.7,25.7,15,15,92.9,92.9,0
1833,2120,2120,25.7,25.7,72,72,99.6,99.6,0
1100,2121,2121,25.6,25.6,34,34,98.6,98.6,0
210,2122,2122,25.6,25.6,21,21,77.1,77.1,0
2820,2123,2123,25.6,25.6,5,5,92.9,92.9,0
968,2124,2124,25.5,25.5,28,28,98.5,98.5,0
1206,2125,2125,25.5,25.5,4,4,98.6,98.6,0
1167,2126,2126,25.5,25.5,4,4,98.6,98.6,0
90,2127,2127,25.5,25.5,21,21,77.1,77.1,0
2594,2128,2128,25.4,25.4,15,15,92.9,92.9,0
321,2129,2129,25.4,25.4,637,637,90.16,90.16,0
926,2130,2130,25.4,25.4,44,44,98.5,98.5,0
1697,2131,2131,25.4,25.4,19,19,95.9,95.9,0
2587,2132,2132,25.3,25.3,15,15,92.9,92.9,0
554,2133,2133,25.3,25.3,373,373,72.2,72.2,0
1664,2134,2134,25.3,25.3,15,15,95.9,95.9,0
1205,2135,2135,25.2,25.2,4,4,98.6,98.6,0
1680,2136,2136,25.2,25.2,14,14,95.9,95.9,0
2109,2137,2137,25.2,25.2,4,4,98.6,98.6,0
1132,2138,2138,25.2,25.2,26,26,97.95,97.95,0
879,2139,2139,25.2,25.2,41,41,98.5,98.5,0
1088,2140,2140,25.2,25.2,4,4,98.6,98.6,0
2260,2141,2141,25.2,25.2,412,412,81.14,81.14,0
1457,2142,2142,25.2,25.2,626,626,90.0,90.0,0
907,2143,2143,25.2,25.2,17,17,98.52,98.52,0
443,2144,2144,25.2,25.2,491,491,95.4,95.4,0
906,2145,2145,25.1,25.1,10,10,98.53,98.53,0
1666,2146,2146,25.1,25.1,19,19,95.9,95.9,0
1467,2147,2147,25.1,25.1,464,464,91.2,91.2,0
303,2148,2148,25.1,25.1,19,19,95.9,95.9,0
1497,2149,2149,25.1,25.1,433,433,95.4,95.4,0
1662,2150,2150,25.1,25.1,19,19,95.9,95.9,0
2738,2151,2151,25.0,25.0,4,4,98.6,98.6,0
2280,2152,2152,25.0,25.0,647,647,93.27,93.27,0
1099,2153,2153,25.0,25.0,4,4,98.6,98.6,0
2404,2154,2154,25.0,25.0,58,58,87.77,87.77,0
2618,2155,2155,25.0,25.0,14,14,92.9,92.9,0
563,2156,2156,24.9,24.9,460,460,89.9,89.9,0
701,2157,2157,24.9,24.9,429,429,76.1,76.1,0
1671,2158,2158,24.8,24.8,19,19,95.9,95.9,0
2372,2159,2159,24.8,24.8,346,346,93.99,93.99,0
572,2160,2160,24.8,24.8,853,853,72.11,72.11,0
1198,2161,2161,24.8,24.8,4,4,98.6,98.6,0
310,2162,2162,24.8,24.8,19,19,95.9,95.9,0
105,2163,2163,24.7,24.7,21,21,77.1,77.1,0
1874,2164,2164,24.7,24.7,72,72,99.6,99.6,0
364,2165,2165,24.7,24.7,546,546,88.45,88.45,0
1156,2166,2166,24.7,24.7,10,10,94.6,94.6,0
1087,2167,2167,24.7,24.7,4,4,98.6,98.6,0
2127,2168,2168,24.7,24.7,4,4,98.6,98.6,0
1861,2169,2169,24.7,24.7,72,72,99.6,99.6,0
2829,2170,2170,24.7,24.7,72,72,99.6,99.6,0
448,2171,2171,24.7,24.7,660,660,87.35,87.35,0
208,2172,2172,24.7,24.7,21,21,77.1,77.1,0
2133,2173,2173,24.7,24.7,4,4,98.6,98.6,0
1120,2174,2174,24.6,24.6,9,9,94.6,94.6,0
2217,2175,2175,24.6,24.6,137,137,88.84,88.84,0
2410,2176,2176,24.6,24.6,12,12,90.6,90.6,0
2121,2177,2177,24.6,24.6,4,4,98.6,98.6,0
2208,2178,2178,24.5,24.5,390,390,92.5,92.5,0
2849,2179,2179,24.5,24.5,177,177,99.1,99.1,0
504,2180,2180,24.5,24.5,21,21,77.1,77.1,0
1151,2181,2181,24.5,24.5,9,9,94.6,94.6,0
355,2182,2182,24.5,24.5,210,210,72.2,72.2,0
1691,2183,2183,24.4,24.4,19,19,95.9,95.9,0
727,2184,2184,24.4,24.4,21,21,77.1,77.1,0
743,2185,2185,24.3,24.3,159,159,68.2,68.2,0
2186,2186,2186,24.3,24.3,534,534,84.2,84.2,0
908,2187,2187,24.3,24.3,28,28,98.5,98.5,0
2420,2188,2188,24.3,24.3,45,45,90.6,90.6,0
202,2189,2189,24.2,24.2,21,21,77.1,77.1,0
2377,2190,2190,24.2,24.2,49,49,94.6,94.6,0
359,2191,2191,24.2,24.2,126,126,85.3,85.3,0
2804,2192,2192,24.2,24.2,10,10,95.9,95.9,0
1843,2193,2193,24.2,24.2,55,55,99.24,99.24,0
2582,2194,2194,24.2,24.2,15,15,92.9,92.9,0
2307,2195,2195,24.2,24.2,9,9,94.6,94.6,0
2386,2196,2196,24.2,24.2,165,165,87.79,87.79,0
425,2197,2197,24.1,24.1,1123,1123,82.0,82.0,0
2134,2198,2198,24.1,24.1,4,4,98.6,98.6,0
1161,2199,2199,24.1,24.1,9,9,94.6,94.6,0
2836,2200,2200,24.1,24.1,22,22,99.6,99.6,0
2837,2201,2201,24.1,24.1,72,72,99.6,99.6,0
508,2202,2202,24.0,24.0,60,60,86.83,86.83,0
2262,2203,2203,24.0,24.0,468,468,87.11,87.11,0
885,2204,2204,24.0,24.0,28,28,98.5,98.5,0
1654,2205,2205,23.9,23.9,11,11,95.9,95.9,0
2830,2206,2206,23.9,23.9,72,72,99.6,99.6,0
921,2207,2207,23.9,23.9,45,45,98.5,98.5,0
2195,2208,2208,23.9,23.9,593,593,84.26,84.26,0
511,2209,2209,23.8,23.8,76,76,94.02,94.02,0
2154,2210,2210,23.8,23.8,4,4,98.6,98.6,0
952,2211,2211,23.7,23.7,39,39,98.31,98.31,0
2799,2212,2212,23.6,23.6,19,19,95.9,95.9,0
2793,2213,2213,23.6,23.6,19,19,95.9,95.9,0
1651,2214,2214,23.6,23.6,1,1,95.9,95.9,0
2645,2215,2215,23.5,23.5,72,72,99.6,99.6,0
910,2216,2216,23.5,23.5,4,4,98.53,98.53,0
1051,2217,2217,23.5,23.5,66,66,99.8,99.8,0
898,2218,2218,23.5,23.5,28,28,98.5,98.5,0
2374,2219,2219,23.5,23.5,359,359,94.6,94.6,0
2393,2220,2220,23.4,23.4,93,93,84.2,84.2,0
305,2221,2221,23.4,23.4,19,19,95.9,95.9,0
2858,2222,2222,23.4,23.4,11,11,92.9,92.9,0
1470,2223,2223,23.4,23.4,230,230,92.5,92.5,0
1166,2224,2224,23.4,23.4,4,4,98.6,98.6,0
369,2225,2225,23.3,23.3,748,748,73.79,73.79,0
557,2226,2226,23.2,23.2,145,145,65.73,65.73,0
2802,2227,2227,23.2,23.2,17,17,95.9,95.9,0
2291,2228,2228,23.2,23.2,439,439,91.72,91.72,0
1576,2229,2229,23.2,23.2,112,112,95.9,95.9,0
2348,2230,2230,23.1,23.1,9,9,94.6,94.6,0
2368,2231,2231,23.1,23.1,373,373,94.6,94.6,0
2152,2232,2232,23.0,23.0,4,4,98.6,98.6,0
2794,2233,2233,23.0,23.0,19,19,95.9,95.9,0
1059,2234,2234,22.9,22.9,61,61,99.71,99.71,0
1637,2235,2235,22.9,22.9,19,19,95.9,95.9,0
487,2236,2236,22.9,22.9,21,21,77.1,77.1,0
560,2237,2237,22.9,22.9,261,261,92.79,92.79,0
335,2238,2238,22.8,22.8,388,388,88.99,88.99,0
1636,2239,2239,22.8,22.8,19,19,95.9,95.9,0
2256,2240,2240,22.7,22.7,712,712,83.01,83.01,0
1128,2241,2241,22.7,22.7,9,9,94.6,94.6,0
959,2242,2242,22.7,22.7,110,110,98.24,98.24,0
442,2243,2243,22.7,22.7,710,710,87.07,87.07,0
2116,2244,2244,22.7,22.7,4,4,98.6,98.6,0
2797,2245,2245,22.7,22.7,19,19,95.9,95.9,0
1140,2246,2246,22.6,22.6,17,17,96.64,96.64,0
2378,2247,2247,22.6,22.6,33,33,94.6,94.6,0
1696,2248,2248,22.6,22.6,19,19,95.9,95.9,0
913,2249,2249,22.6,22.6,28,28,98.5,98.5,0
468,2250,2250,22.5,22.5,21,21,77.1,77.1,0
2578,2251,2251,22.5,22.5,15,15,92.9,92.9,0
949,2252,2252,22.5,22.5,45,45,98.5,98.5,0
2132,2253,2253,22.5,22.5,4,4,98.6,98.6,0
1123,2254,2254,22.4,22.4,9,9,94.6,94.6,0
963,2255,2255,22.4,22.4,37,37,98.5,98.5,0
313,2256,2256,22.3,22.3,13,13,95.9,95.9,0
919,2257,2257,22.3,22.3,14,14,98.52,98.52,0
1175,2258,2258,22.3,22.3,4,4,98.6,98.6,0
1094,2259,2259,22.2,22.2,4,4,98.6,98.6,0
2838,2260,2260,22.2,22.2,72,72,99.6,99.6,0
195,2261,2261,22.2,22.2,120,120,56.84,56.84,0
397,2262,2262,22.1,22.1,21,21,77.1,77.1,0
2411,2263,2263,22.1,22.1,89,89,90.6,90.6,0
2369,2264,2264,22.1,22.1,381,381,94.64,94.64,0
1093,2265,2265,22.0,22.0,4,4,98.6,98.6,0
2813,2266,2266,22.0,22.0,1,1,99.6,99.6,0
371,2267,2267,22.0,22.0,21,21,77.1,77.1,0
548,2268,2268,21.9,21.9,310,310,92.27,92.27,0
2346,2269,2269,21.8,21.8,123,123,95.32,95.32,0
410,2270,2270,21.8,21.8,243,243,78.7,78.7,0
358,2271,2271,21.8,21.8,176,176,77.21,77.21,0
180,2272,2272,21.7,21.7,21,21,77.1,77.1,0
1165,2273,2273,21.7,21.7,4,4,98.6,98.6,0
1556,2274,2274,21.6,21.6,9,9,94.6,94.6,0
1665,2275,2275,21.6,21.6,19,19,95.9,95.9,0
562,2276,2276,21.5,21.5,387,387,90.69,90.69,0
1635,2277,2277,21.5,21.5,19,19,95.9,95.9,0
1640,2278,2278,21.5,21.5,19,19,95.9,95.9,0
950,2279,2279,21.5,21.5,43,43,98.5,98.5,0
2294,2280,2280,21.5,21.5,242,242,91.6,91.6,0
1538,2281,2281,21.5,21.5,9,9,94.6,94.6,0
2780,2282,2282,21.4,21.4,371,371,92.7,92.7,0
412,2283,2283,21.4,21.4,67,67,87.37,87.37,0
896,2284,2284,21.4,21.4,28,28,98.5,98.5,0
495,2285,2285,21.4,21.4,21,21,77.1,77.1,0
97,2286,2286,21.3,21.3,21,21,77.1,77.1,0
2219,2287,2287,21.3,21.3,95,95,84.2,84.2,0
1124,2288,2288,21.3,21.3,9,9,94.6,94.6,0
2425,2289,2289,21.2,21.2,45,45,90.6,90.6,0
580,2290,2290,21.2,21.2,206,206,90.6,90.6,0
496,2291,2291,21.2,21.2,268,268,88.66,88.66,0
2422,2292,2292,21.2,21.2,90,90,84.79,84.79,0
2427,2293,2293,21.2,21.2,4,4,84.2,84.2,0
1870,2294,2294,21.1,21.1,72,72,99.6,99.6,0
1698,2295,2295,21.1,21.1,19,19,95.9,95.9,0
1667,2296,2296,21.1,21.1,19,19,95.9,95.9,0
1095,2297,2297,21.1,21.1,4,4,98.6,98.6,0
493,2298,2298,21.1,21.1,21,21,77.1,77.1,0
440,2299,2299,21.1,21.1,371,371,95.4,95.4,0
2267,2300,2300,21.0,21.0,86,86,87.37,87.37,0
874,2301,2301,21.0,21.0,28,28,98.5,98.5,0
99,2302,2302,21.0,21.0,21,21,77.1,77.1,0
423,2303,2303,21.0,21.0,1057,1057,82.0,82.0,0
1701,2304,2304,21.0,21.0,19,19,95.9,95.9,0
2649,2305,2305,21.0,21.0,378,378,100.0,100.0,0
2286,2306,2306,21.0,21.0,229,229,98.6,98.6,0
372,2307,2307,20.9,20.9,21,21,77.1,77.1,0
474,2308,2308,20.9,20.9,43,43,88.57,88.57,0
426,2309,2309,20.8,20.8,213,213,89.35,89.35,0
1209,2310,2310,20.8,20.8,4,4,98.6,98.6,0
2817,2311,2311,20.7,20.7,46,46,99.6,99.6,0
1555,2312,2312,20.5,20.5,9,9,94.6,94.6,0
386,2313,2313,20.5,20.5,21,21,77.1,77.1,0
2117,2314,2314,20.5,20.5,4,4,98.6,98.6,0
2268,2315,2315,20.5,20.5,93,93,88.05,88.05,0
923,2316,2316,20.5,20.5,62,62,96.91,96.91,0
517,2317,2317,20.5,20.5,27,27,65.6,65.6,0
316,2318,2318,20.4,20.4,19,19,95.9,95.9,0
1876,2319,2319,20.4,20.4,72,72,99.6,99.6,0
536,2320,2320,20.4,20.4,126,126,85.3,85.3,0
1542,2321,2321,20.4,20.4,9,9,94.6,94.6,0
2818,2322,2322,20.4,20.4,58,58,99.6,99.6,0
1152,2323,2323,20.3,20.3,9,9,94.6,94.6,0
2796,2324,2324,20.3,20.3,19,19,95.9,95.9,0
1669,2325,2325,20.3,20.3,19,19,95.9,95.9,0
537,2326,2326,20.2,20.2,126,126,85.3,85.3,0
2209,2327,2327,20.2,20.2,335,335,92.5,92.5,0
1172,2328,2328,20.2,20.2,4,4,98.6,98.6,0
967,2329,2329,20.2,20.2,29,29,98.5,98.5,0
324,2330,2330,20.1,20.1,646,646,90.49,90.49,0
367,2331,2331,20.1,20.1,629,629,72.17,72.17,0
207,2332,2332,20.0,20.0,21,21,77.1,77.1,0
203,2333,2333,20.0,20.0,164,164,90.7,90.7,0
1700,2334,2334,19.9,19.9,19,19,95.9,95.9,0
2302,2335,2335,19.9,19.9,206,206,98.58,98.58,0
481,2336,2336,19.9,19.9,21,21,77.1,77.1,0
1495,2337,2337,19.9,19.9,93,93,95.4,95.4,0
2055,2338,2338,19.9,19.9,11,11,98.6,98.6,0
401,2339,2339,19.8,19.8,21,21,77.1,77.1,0
714,2340,2340,19.7,19.7,256,256,63.5,63.5,0
2309,2341,2341,19.7,19.7,160,160,92.38,92.38,0
964,2342,2342,19.7,19.7,28,28,98.5,98.5,0
341,2343,2343,19.6,19.6,331,331,84.99,84.99,0
2610,2344,2344,19.6,19.6,15,15,92.9,92.9,0
1208,2345,2345,19.6,19.6,4,4,98.6,98.6,0
581,2346,2346,19.6,19.6,144,144,65.6,65.6,0
2611,2347,2347,19.6,19.6,15,15,92.9,92.9,0
396,2348,2348,19.6,19.6,21,21,77.1,77.1,0
2246,2349,2349,19.6,19.6,481,481,84.13,84.13,0
1191,2350,2350,19.6,19.6,4,4,98.6,98.6,0
377,2351,2351,19.5,19.5,21,21,77.1,77.1,0
892,2352,2352,19.5,19.5,28,28,98.5,98.5,0
1641,2353,2353,19.5,19.5,19,19,95.9,95.9,0
2289,2354,2354,19.5,19.5,240,240,98.17,98.17,0
1500,2355,2355,19.5,19.5,414,414,95.4,95.4,0
395,2356,2356,19.3,19.3,21,21,77.1,77.1,0
1649,2357,2357,19.3,19.3,17,17,95.9,95.9,0
902,2358,2358,19.3,19.3,28,28,98.5,98.5,0
1832,2359,2359,19.3,19.3,72,72,99.6,99.6,0
337,2360,2360,19.3,19.3,486,486,88.4,88.4,0
432,2361,2361,19.2,19.2,269,269,88.41,88.41,0
2336,2362,2362,19.2,19.2,79,79,96.16,96.16,0
402,2363,2363,19.2,19.2,126,126,85.3,85.3,0
1695,2364,2364,19.2,19.2,19,19,95.9,95.9,0
2795,2365,2365,19.2,19.2,19,19,95.9,95.9,0
1092,2366,2366,19.2,19.2,4,4,98.6,98.6,0
2857,2367,2367,19.1,19.1,14,14,92.9,92.9,0
541,2368,2368,19.0,19.0,123,123,85.25,85.25,0
592,2369,2369,19.0,19.0,45,45,90.6,90.6,0
1844,2370,2370,19.0,19.0,66,66,99.51,99.51,0
365,2371,2371,19.0,19.0,316,316,84.2,84.2,0
104,2372,2372,18.9,18.9,21,21,77.1,77.1,0
1207,2373,2373,18.9,18.9,4,4,98.6,98.6,0
2306,2374,2374,18.8,18.8,54,54,94.6,94.6,0
2273,2375,2375,18.8,18.8,401,401,77.0,77.0,0
1210,2376,2376,18.8,18.8,4,4,98.6,98.6,0
2835,2377,2377,18.8,18.8,69,69,99.6,99.6,0
198,2378,2378,18.8,18.8,21,21,77.1,77.1,0
2221,2379,2379,18.7,18.7,95,95,84.2,84.2,0
2335,2380,2380,18.7,18.7,61,61,94.6,94.6,0
878,2381,2381,18.6,18.6,42,42,98.5,98.5,0
1653,2382,2382,18.6,18.6,19,19,95.9,95.9,0
368,2383,2383,18.6,18.6,654,654,84.39,84.39,0
954,2384,2384,18.6,18.6,45,45,98.5,98.5,0
539,2385,2385,18.6,18.6,16,16,85.3,85.3,0
1164,2386,2386,18.6,18.6,8,8,94.94,94.94,0
527,2387,2387,18.5,18.5,211,211,72.2,72.2,0
1683,2388,2388,18.4,18.4,19,19,95.9,95.9,0
2187,2389,2389,18.4,18.4,225,225,84.2,84.2,0
2408,2390,2390,18.3,18.3,45,45,90.6,90.6,0
87,2391,2391,18.2,18.2,21,21,77.1,77.1,0
1178,2392,2392,18.1,18.1,4,4,98.6,98.6,0
702,2393,2393,18.1,18.1,605,605,73.79,73.79,0
2625,2394,2394,18.0,18.0,344,344,100.0,100.0,0
201,2395,2395,18.0,18.0,21,21,77.1,77.1,0
914,2396,2396,17.9,17.9,28,28,98.5,98.5,0
1158,2397,2397,17.9,17.9,9,9,94.6,94.6,0
501,2398,2398,17.9,17.9,255,255,90.48,90.48,0
1842,2399,2399,17.9,17.9,71,71,99.59,99.59,0
1494,2400,2400,17.9,17.9,94,94,95.4,95.4,0
2413,2401,2401,17.9,17.9,95,95,84.22,84.22,0
1846,2402,2402,17.9,17.9,72,72,99.6,99.6,0
453,2403,2403,17.8,17.8,573,573,89.72,89.72,0
873,2404,2404,17.7,17.7,28,28,98.5,98.5,0
589,2405,2405,17.7,17.7,379,379,90.93,90.93,0
2293,2406,2406,17.7,17.7,194,194,93.92,93.92,0
458,2407,2407,17.7,17.7,372,372,84.2,84.2,0
392,2408,2408,17.6,17.6,21,21,77.1,77.1,0
479,2409,2409,17.6,17.6,21,21,77.1,77.1,0
1080,2410,2410,17.6,17.6,4,4,98.6,98.6,0
2617,2411,2411,17.5,17.5,15,15,92.9,92.9,0
466,2412,2412,17.5,17.5,707,707,82.83,82.83,0
2403,2413,2413,17.5,17.5,55,55,86.05,86.05,0
1155,2414,2414,17.5,17.5,32,32,94.6,94.6,0
1584,2415,2415,17.4,17.4,148,148,98.13,98.13,0
357,2416,2416,17.4,17.4,126,126,85.3,85.3,0
1650,2417,2417,17.4,17.4,16,16,95.9,95.9,0
1679,2418,2418,17.4,17.4,1,1,95.9,95.9,0
450,2419,2419,17.4,17.4,942,942,82.48,82.48,0
922,2420,2420,17.3,17.3,45,45,98.5,98.5,0
2135,2421,2421,17.3,17.3,4,4,98.6,98.6,0
1652,2422,2422,17.3,17.3,14,14,95.9,95.9,0
1190,2423,2423,17.3,17.3,4,4,98.6,98.6,0
1200,2424,2424,17.3,17.3,4,4,98.6,98.6,0
2210,2425,2425,17.2,17.2,362,362,92.98,92.98,0
564,2426,2426,17.2,17.2,265,265,93.19,93.19,0
710,2427,2427,17.2,17.2,799,799,64.67,64.67,0
523,2428,2428,17.2,17.2,60,60,65.82,65.82,0
490,2429,2429,17.2,17.2,21,21,77.1,77.1,0
1117,2430,2430,17.2,17.2,9,9,94.6,94.6,0
897,2431,2431,17.1,17.1,28,28,98.5,98.5,0
1153,2432,2432,17.1,17.1,9,9,94.6,94.6,0
1168,2433,2433,17.1,17.1,4,4,98.6,98.6,0
1105,2434,2434,17.1,17.1,4,4,98.6,98.6,0
2305,2435,2435,17.0,17.0,33,33,93.7,93.7,0
901,2436,2436,17.0,17.0,18,18,98.51,98.51,0
489,2437,2437,17.0,17.0,21,21,77.1,77.1,0
2621,2438,2438,16.9,16.9,15,15,92.9,92.9,0
2406,2439,2439,16.9,16.9,45,45,90.6,90.6,0
520,2440,2440,16.9,16.9,144,144,65.6,65.6,0
2349,2441,2441,16.8,16.8,9,9,94.6,94.6,0
398,2442,2442,16.8,16.8,58,58,83.39,83.39,0
948,2443,2443,16.7,16.7,45,45,98.5,98.5,0
209,2444,2444,16.7,16.7,21,21,77.1,77.1,0
2130,2445,2445,16.7,16.7,4,4,98.6,98.6,0
2279,2446,2446,16.7,16.7,352,352,93.04,93.04,0
100,2447,2447,16.7,16.7,21,21,77.1,77.1,0
529,2448,2448,16.6,16.6,79,79,72.2,72.2,0
2281,2449,2449,16.6,16.6,179,179,87.4,87.4,0
544,2450,2450,16.6,16.6,40,40,79.77,79.77,0
507,2451,2451,16.6,16.6,187,187,90.2,90.2,0
340,2452,2452,16.5,16.5,427,427,90.38,90.38,0
2196,2453,2453,16.5,16.5,100,100,86.86,86.86,0
1174,2454,2454,16.5,16.5,4,4,98.6,98.6,0
2786,2455,2455,16.5,16.5,93,93,92.7,92.7,0
409,2456,2456,16.4,16.4,17,17,77.1,77.1,0
178,2457,2457,16.4,16.4,66,66,63.5,63.5,0
322,2458,2458,16.3,16.3,657,657,90.6,90.6,0
534,2459,2459,16.3,16.3,26,26,85.3,85.3,0
431,2460,2460,16.3,16.3,367,367,88.4,88.4,0
1141,2461,2461,16.3,16.3,9,9,94.6,94.6,0
909,2462,2462,16.2,16.2,36,36,98.5,98.5,0
399,2463,2463,16.1,16.1,21,21,77.12,77.12,0
406,2464,2464,16.1,16.1,21,21,77.1,77.1,0
881,2465,2465,16.1,16.1,29,29,98.5,98.5,0
542,2466,2466,16.1,16.1,27,27,80.9,80.9,0
502,2467,2467,16.1,16.1,202,202,89.59,89.59,0
1112,2468,2468,16.0,16.0,4,4,98.6,98.6,0
366,2469,2469,16.0,16.0,296,296,84.2,84.2,0
483,2470,2470,16.0,16.0,25,25,80.55,80.55,0
2401,2471,2471,15.9,15.9,17,17,90.6,90.6,0
314,2472,2472,15.8,15.8,19,19,95.9,95.9,0
2225,2473,2473,15.8,15.8,95,95,84.2,84.2,0
911,2474,2474,15.8,15.8,5,5,96.7,96.7,0
2424,2475,2475,15.7,15.7,45,45,90.54,90.54,0
327,2476,2476,15.7,15.7,681,681,90.3,90.3,0
2214,2477,2477,15.6,15.6,95,95,84.26,84.26,0
526,2478,2478,15.6,15.6,81,81,72.2,72.2,0
1848,2479,2479,15.5,15.5,72,72,99.6,99.6,0
1675,2480,2480,15.4,15.4,19,19,95.9,95.9,0
938,2481,2481,15.4,15.4,47,47,98.16,98.16,0
2271,2482,2482,15.4,15.4,232,232,94.2,94.2,0
447,2483,2483,15.4,15.4,561,561,89.9,89.9,0
1133,2484,2484,15.3,15.3,28,28,97.77,97.77,0
2276,2485,2485,15.3,15.3,219,219,93.89,93.89,0
2310,2486,2486,15.1,15.1,158,158,91.74,91.74,0
1873,2487,2487,15.0,15.0,72,72,99.6,99.6,0
903,2488,2488,14.9,14.9,4,4,98.6,98.6,0
2394,2489,2489,14.9,14.9,167,167,92.7,92.7,0
330,2490,2490,14.8,14.8,389,389,90.59,90.59,0
343,2491,2491,14.8,14.8,254,254,90.6,90.6,0
345,2492,2492,14.8,14.8,254,254,90.6,90.6,0
545,2493,2493,14.7,14.7,13,13,85.3,85.3,0
352,2494,2494,14.7,14.7,585,585,87.55,87.55,0
1126,2495,2495,14.7,14.7,9,9,94.6,94.6,0
411,2496,2496,14.6,14.6,66,66,83.81,83.81,0
1496,2497,2497,14.6,14.6,501,501,95.4,95.4,0
323,2498,2498,14.6,14.6,632,632,90.3,90.3,0
339,2499,2499,14.5,14.5,485,485,88.14,88.14,0
525,2500,2500,14.4,14.4,60,60,72.2,72.2,0
869,2501,2501,14.3,14.3,157,157,84.89,84.89,0
325,2502,2502,14.3,14.3,301,301,79.73,79.73,0
697,2503,2503,14.2,14.2,357,357,72.74,72.74,0
1143,2504,2504,14.1,14.1,9,9,94.6,94.6,0
312,2505,2505,14.1,14.1,19,19,95.9,95.9,0
2375,2506,2506,14.1,14.1,61,61,94.6,94.6,0
441,2507,2507,14.1,14.1,230,230,95.4,95.4,0
2136,2508,2508,14.1,14.1,4,4,98.6,98.6,0
1845,2509,2509,14.0,14.0,20,20,96.14,96.14,0
2282,2510,2510,14.0,14.0,369,369,87.4,87.4,0
319,2511,2511,13.9,13.9,19,19,95.9,95.9,0
1638,2512,2512,13.9,13.9,19,19,95.9,95.9,0
430,2513,2513,13.8,13.8,443,443,88.4,88.4,0
418,2514,2514,13.7,13.7,289,289,90.6,90.6,0
351,2515,2515,13.5,13.5,437,437,75.66,75.66,0
338,2516,2516,13.5,13.5,471,471,88.45,88.45,0
920,2517,2517,13.5,13.5,45,45,98.5,98.5,0
1173,2518,2518,13.5,13.5,4,4,98.6,98.6,0
591,2519,2519,13.5,13.5,360,360,91.55,91.55,0
2237,2520,2520,13.5,13.5,408,408,87.02,87.02,0
518,2521,2521,13.3,13.3,144,144,65.6,65.6,0
522,2522,2522,13.3,13.3,144,144,65.6,65.6,0
524,2523,2523,13.3,13.3,144,144,65.6,65.6,0
533,2524,2524,13.3,13.3,144,144,65.6,65.6,0
586,2525,2525,13.3,13.3,144,144,65.6,65.6,0
2272,2526,2526,13.2,13.2,345,345,79.48,79.48,0
2059,2527,2527,13.2,13.2,5,5,98.6,98.6,0
199,2528,2528,13.2,13.2,360,360,91.01,91.01,0
1075,2529,2529,13.1,13.1,8,8,94.85,94.85,0
882,2530,2530,13.1,13.1,45,45,98.5,98.5,0
585,2531,2531,13.1,13.1,127,127,65.6,65.6,0
2421,2532,2532,13.0,13.0,55,55,91.19,91.19,0
140,2533,2533,13.0,13.0,43,43,60.9,60.9,0
2264,2534,2534,12.9,12.9,230,230,78.73,78.73,0
1498,2535,2535,12.9,12.9,114,114,95.4,95.4,0
532,2536,2536,12.9,12.9,104,104,65.6,65.6,0
2376,2537,2537,12.9,12.9,61,61,94.6,94.6,0
2224,2538,2538,12.8,12.8,95,95,84.2,84.2,0
2405,2539,2539,12.7,12.7,1,1,90.6,90.6,0
531,2540,2540,12.7,12.7,87,87,65.6,65.6,0
1872,2541,2541,12.7,12.7,72,72,99.6,99.6,0
2423,2542,2542,12.6,12.6,125,125,91.9,91.9,0
1107,2543,2543,12.5,12.5,114,114,98.6,98.6,0
2333,2544,2544,12.4,12.4,61,61,94.6,94.6,0
389,2545,2545,12.3,12.3,21,21,77.1,77.1,0
1101,2546,2546,12.3,12.3,4,4,98.6,98.6,0
74,2547,2547,12.3,12.3,21,21,77.1,77.1,0
1072,2548,2548,12.2,12.2,4,4,98.6,98.6,0
387,2549,2549,12.2,12.2,21,21,77.1,77.1,0
1150,2550,2550,12.2,12.2,8,8,94.84,94.84,0
1554,2551,2551,12.2,12.2,9,9,94.6,94.6,0
713,2552,2552,12.1,12.1,213,213,63.79,63.79,0
2215,2553,2553,12.0,12.0,95,95,84.2,84.2,0
530,2554,2554,12.0,12.0,41,41,65.6,65.6,0
883,2555,2555,11.8,11.8,45,45,98.5,98.5,0
348,2556,2556,11.7,11.7,510,510,90.6,90.6,0
376,2557,2557,11.7,11.7,21,21,77.1,77.1,0
497,2558,2558,11.7,11.7,101,101,90.85,90.85,0
2270,2559,2559,11.6,11.6,232,232,94.2,94.2,0
1113,2560,2560,11.6,11.6,4,4,98.6,98.6,0
515,2561,2561,11.6,11.6,93,93,95.4,95.4,0
1084,2562,2562,11.4,11.4,4,4,98.6,98.6,0
197,2563,2563,11.3,11.3,21,21,77.1,77.1,0
1114,2564,2564,11.3,11.3,4,4,98.6,98.6,0
1082,2565,2565,11.2,11.2,4,4,98.6,98.6,0
334,2566,2566,11.2,11.2,190,190,87.85,87.85,0
485,2567,2567,11.2,11.2,77,77,94.11,94.11,0
1139,2568,2568,11.2,11.2,9,9,94.87,94.87,0
1129,2569,2569,11.0,11.0,9,9,94.6,94.6,0
2190,2570,2570,10.9,10.9,95,95,84.2,84.2,0
2191,2571,2571,10.8,10.8,95,95,84.2,84.2,0
1089,2572,2572,10.7,10.7,4,4,98.21,98.21,0
1086,2573,2573,10.7,10.7,4,4,98.6,98.6,0
378,2574,2574,10.6,10.6,27,27,74.21,74.21,0
2657,2575,2575,10.4,10.4,15,15,92.9,92.9,0
2299,2576,2576,10.4,10.4,7,7,95.26,95.26,0
2226,2577,2577,10.3,10.3,95,95,84.2,84.2,0
445,2578,2578,10.3,10.3,128,128,92.47,92.47,0
500,2579,2579,10.3,10.3,265,265,89.63,89.63,0
2783,2580,2580,10.3,10.3,167,167,92.7,92.7,0
899,2581,2581,10.1,10.1,12,12,98.52,98.52,0
454,2582,2582,10.1,10.1,398,398,84.2,84.2,0
420,2583,2583,10.0,10.0,221,221,89.24,89.24,0
414,2584,2584,10.0,10.0,254,254,90.6,90.6,0
2269,2585,2585,10.0,10.0,86,86,87.4,87.4,0
1125,2586,2586,9.9,9.9,9,9,94.6,94.6,0
1079,2587,2587,9.9,9.9,4,4,98.23,98.23,0
519,2588,2588,9.9,9.9,199,199,71.22,71.22,0
2381,2589,2589,9.8,9.8,71,71,93.72,93.72,0
2266,2590,2590,9.8,9.8,319,319,82.07,82.07,0
2412,2591,2591,9.7,9.7,31,31,90.6,90.6,0
480,2592,2592,9.7,9.7,21,21,77.1,77.1,0
726,2593,2593,9.6,9.6,209,209,76.16,76.16,0
729,2594,2594,9.6,9.6,39,39,70.94,70.94,0
870,2595,2595,9.4,9.4,119,119,74.74,74.74,0
403,2596,2596,9.4,9.4,113,113,85.11,85.11,0
966,2597,2597,9.3,9.3,28,28,98.5,98.5,0
1130,2598,2598,9.3,9.3,9,9,94.6,94.6,0
498,2599,2599,9.1,9.1,182,182,90.11,90.11,0
103,2600,2600,9.0,9.0,21,21,77.1,77.1,0
579,2601,2601,8.6,8.6,227,227,90.6,90.6,0
346,2602,2602,8.6,8.6,523,523,90.6,90.6,0
1108,2603,2603,8.6,8.6,117,117,98.6,98.6,0
2304,2604,2604,8.4,8.4,80,80,98.41,98.41,0
391,2605,2605,8.4,8.4,21,21,77.1,77.1,0
1090,2606,2606,8.4,8.4,4,4,98.6,98.6,0
2311,2607,2607,8.2,8.2,13,13,93.56,93.56,0
2334,2608,2608,8.2,8.2,84,84,96.05,96.05,0
2419,2609,2609,8.1,8.1,95,95,84.24,84.24,0
1098,2610,2610,8.1,8.1,4,4,98.6,98.6,0
1078,2611,2611,7.9,7.9,4,4,98.6,98.6,0
460,2612,2612,7.8,7.8,348,348,88.35,88.35,0
1068,2613,2613,7.8,7.8,4,4,98.6,98.6,0
513,2614,2614,7.7,7.7,93,93,95.4,95.4,0
1137,2615,2615,7.6,7.6,9,9,94.6,94.6,0
492,2616,2616,7.6,7.6,21,21,77.1,77.1,0
1142,2617,2617,7.5,7.5,9,9,94.6,94.6,0
444,2618,2618,7.5,7.5,216,216,89.52,89.52,0
1097,2619,2619,7.5,7.5,4,4,98.6,98.6,0
538,2620,2620,7.5,7.5,43,43,85.3,85.3,0
1085,2621,2621,7.4,7.4,4,4,98.6,98.6,0
2275,2622,2622,7.2,7.2,232,232,94.2,94.2,0
509,2623,2623,7.2,7.2,83,83,88.24,88.24,0
2238,2624,2624,7.2,7.2,401,401,84.42,84.42,0
867,2625,2625,7.0,7.0,33,33,90.6,90.6,0
428,2626,2626,6.9,6.9,141,141,91.76,91.76,0
427,2627,2627,6.7,6.7,102,102,94.35,94.35,0
482,2628,2628,6.6,6.6,78,78,94.21,94.21,0
400,2629,2629,6.6,6.6,31,31,80.31,80.31,0
342,2630,2630,6.3,6.3,383,383,90.6,90.6,0
328,2631,2631,6.2,6.2,176,176,88.01,88.01,0
510,2632,2632,6.2,6.2,93,93,95.4,95.4,0
2265,2633,2633,6.1,6.1,166,166,87.4,87.4,0
2197,2634,2634,6.1,6.1,93,93,84.62,84.62,0
1115,2635,2635,6.0,6.0,4,4,98.6,98.6,0
415,2636,2636,5.6,5.6,37,37,83.59,83.59,0
347,2637,2637,5.4,5.4,366,366,90.6,90.6,0
512,2638,2638,5.4,5.4,93,93,95.4,95.4,0
2199,2639,2639,5.3,5.3,95,95,84.24,84.24,0
2223,2640,2640,5.3,5.3,95,95,84.2,84.2,0
2241,2641,2641,5.2,5.2,369,369,87.4,87.4,0
2782,2642,2642,5.2,5.2,167,167,92.7,92.7,0
333,2643,2643,5.1,5.1,126,126,85.3,85.3,0
332,2644,2644,5.1,5.1,126,126,85.3,85.3,0
404,2645,2645,5.1,5.1,126,126,85.3,85.3,0
331,2646,2646,5.1,5.1,330,330,90.6,90.6,0
1073,2647,2647,5.1,5.1,4,4,98.6,98.6,0
2301,2648,2648,5.0,5.0,4,4,98.37,98.37,0
535,2649,2649,5.0,5.0,83,83,85.3,85.3,0
336,2650,2650,4.9,4.9,287,287,90.16,90.16,0
1076,2651,2651,4.8,4.8,4,4,98.6,98.6,0
2193,2652,2652,4.7,4.7,86,86,87.21,87.21,0
514,2653,2653,4.7,4.7,93,93,95.4,95.4,0
1131,2654,2654,4.7,4.7,9,9,94.6,94.6,0
2194,2655,2655,4.7,4.7,86,86,87.4,87.4,0
2198,2656,2656,4.7,4.7,86,86,87.4,87.4,0
2263,2657,2657,4.7,4.7,86,86,87.4,87.4,0
2298,2658,2658,4.6,4.6,7,7,95.37,95.37,0
329,2659,2659,4.5,4.5,155,155,87.48,87.48,0
488,2660,2660,4.4,4.4,93,93,95.4,95.4,0
1111,2661,2661,4.2,4.2,4,4,98.6,98.6,0
1096,2662,2662,4.1,4.1,31,31,98.6,98.6,0
1745,2663,2663,4.0,4.0,84,84,94.3,94.3,0
344,2664,2664,3.9,3.9,330,330,90.6,90.6,0
1127,2665,2665,3.6,3.6,9,9,94.6,94.6,0
578,2666,2666,3.5,3.5,227,227,90.6,90.6,0
594,2667,2667,3.3,3.3,45,45,90.6,90.6,0
1160,2668,2668,3.3,3.3,8,8,94.64,94.64,0
868,2669,2669,3.3,3.3,127,127,90.6,90.6,0
516,2670,2670,3.1,3.1,93,93,95.4,95.4,0
499,2671,2671,2.9,2.9,110,110,93.07,93.07,0
904,2672,2672,2.5,2.5,4,4,98.6,98.6,0
1104,2673,2673,2.5,2.5,11,11,98.6,98.6,0
429,2674,2674,2.4,2.4,93,93,95.4,95.4,0
484,2675,2675,2.4,2.4,93,93,95.4,95.4,0
1499,2676,2676,2.4,2.4,93,93,95.4,95.4,0
1071,2677,2677,2.2,2.2,4,4,98.6,98.6,0
1081,2678,2678,2.0,2.0,4,4,98.6,98.6,0
1102,2679,2679,1.9,1.9,63,63,98.6,98.6,0
1203,2680,2680,1.7,1.7,4,4,98.6,98.6,0
1121,2681,2681,1.4,1.4,9,9,94.6,94.6,0
1154,2682,2682,1.4,1.4,9,9,94.6,94.6,0
1176,2683,2683,1.3,1.3,4,4,98.6,98.6,0
912,2684,2684,1.2,1.2,5,5,98.58,98.58,0
2303,2685,2685,0.7,0.7,85,85,98.33,98.33,0
2300,2686,2686,0.5,0.5,5,5,97.18,97.18,0
1067,2687,2687,0.0,0.0,4,4,98.6,98.6,0
1069,2688,2688,0.0,0.0,4,4,98.6,98.6,0
1070,2689,2689,0.0,0.0,4,4,98.6,98.6,0
1074,2690,2690,0.0,0.0,4,4,98.6,98.6,0
1083,2691,2691,0.0,0.0,4,4,98.6,98.6,0
1103,2692,2692,0.0,0.0,4,4,98.6,98.6,0
1109,2693,2693,0.0,0.0,4,4,98.6,98.6,0
1110,2694,2694,0.0,0.0,4,4,98.6,98.6,0
1201,2695,2695,0.0,0.0,4,4,98.6,98.6,0
1202,2696,2696,0.0,0.0,4,4,98.6,98.6,0
2131,2697,2697,0.0,0.0,4,4,98.6,98.6,0
