h3,canopy_pct,row_canopy_pct,row_m2,canopy_m2,assessed_m2,coverage_frac,flat_frac
8928301000fffff,3.334194882398553,3.792415169660679,5553.0,3644.0,178283.52,1.0,0.898
8928301002bffff,30.658349762451113,14.21188630490956,9562.0,33506.0,178220.16,1.0,0.3154
8928301003bffff,33.906467147151034,41.30304841601913,11313.0,37058.0,178220.16,1.0,0.3244
89283010047ffff,0.1809779271563843,0.0,0.0,198.0,178231.68,1.0,0.9503
89283010063ffff,13.904952670177364,15.71293076193487,15356.0,15198.0,178289.28,1.0,0.2917
89283010067ffff,32.91425616495911,23.18840579710145,305.0,35972.0,178220.16,1.0,0.4265
8928301006bffff,1.4311559087678491,0.0,0.0,1564.0,178295.04,1.0,0.9489
8928301006fffff,12.04200323101777,26.646706586826348,1411.0,13161.0,178272.0,1.0,0.635
89283010073ffff,0.8402003554693812,6.762295081967213,2621.0,918.0,178243.2,1.0,0.8456
89283010077ffff,15.328443568451322,35.71790969051243,7298.0,16753.0,178266.24,1.0,0.5152
8928301007bffff,10.507609292707357,0.0,0.0,11485.0,178266.24,1.0,0.5687
89283010103ffff,15.036524662227682,0.4232804232804233,5420.0,16430.0,178202.88,1.0,0.53
89283010107ffff,11.382586775256932,2.1941489361702127,16946.0,12437.0,178225.92,1.0,0.2558
8928301010bffff,23.15350551120018,0.3861003861003861,10403.0,25299.0,178197.12,1.0,0.3488
8928301010fffff,20.027789446473,11.678267594740912,13156.0,21883.0,178254.72,1.0,0.2061
89283010117ffff,1.1668875456573036,0.0,0.0,1275.0,178197.12,1.0,0.9791
8928301011bffff,19.259857789269557,0.0,0.0,21045.0,178214.4,1.0,0.5314
89283010123ffff,37.15578539107951,8.382526564344746,17879.0,40593.0,178214.4,1.0,0.1784
89283010127ffff,9.943751212258356,6.968876860622462,31680.0,10863.0,178179.84,1.0,0.1129
8928301012bffff,24.2152901244545,11.322314049586776,37083.0,26455.0,178185.6,1.0,0.0262
8928301012fffff,13.183830419749896,7.061562338334196,20696.0,14403.0,178254.72,1.0,0.2713
89283010133ffff,17.50921197233176,9.989630141721397,14999.0,19130.0,178202.88,1.0,0.3507
89283010137ffff,16.662895561948478,6.214500501169395,32337.0,18204.0,178197.12,1.0,0.1491
8928301013bffff,10.877295060770622,3.546430237984134,11906.0,11884.0,178191.36,1.0,0.3323
89283010147ffff,8.072908250654429,0.0,0.0,8821.0,178231.68,1.0,0.6705
89283010157ffff,4.175554262814297,5.049088359046284,3900.0,4563.0,178225.92,1.0,0.7595
89283010163ffff,11.042865455485874,10.817873007577736,19659.0,12065.0,178179.84,1.0,0.3421
89283010167ffff,7.019131334022751,4.450784593437946,19290.0,7669.0,178237.44,1.0,0.4604
89283010173ffff,37.076291724561344,17.943722943722946,21836.0,40510.0,178254.72,1.0,0.0997
89283010177ffff,18.294613719344728,7.8387264232566185,30678.0,19988.0,178266.24,1.0,0.0337
8928301017bffff,18.312497981070518,19.61441743503772,5524.0,20009.0,178312.32,1.0,0.3519
892830101abffff,30.876886777206764,3.2364597093791283,8438.0,33736.0,178208.64,1.0,0.4036
892830101afffff,65.38150793394306,16.470588235294116,818.0,71431.0,178231.68,1.0,0.0664
89283010c03ffff,45.57530704589528,4.840182648401827,6002.0,49780.0,178214.4,1.0,0.1594
89283010c0bffff,6.429402637703646,0.0,0.0,7023.0,178191.36,1.0,0.7135
89283010c13ffff,22.45814750177752,7.289293849658314,7033.0,24531.0,178225.92,1.0,0.3531
89283010c17ffff,11.124401913875598,4.182776801405976,15702.0,12151.0,178168.32,1.0,0.4845
89283010c1bffff,26.22834238427722,2.2506619593998236,12758.0,28650.0,178191.36,1.0,0.1783
89283010c37ffff,0.0,0.0,0.0,0.0,178202.88,1.0,1.0
89283010c43ffff,0.0,0.0,0.0,0.0,178214.4,1.0,0.8423
89283010c53ffff,3.1602417035576953,0.0,13075.0,3452.0,178254.72,1.0,0.2802
89283010c57ffff,15.20509422374503,14.814814814814813,10996.0,16609.0,178197.12,1.0,0.5545
89283010c5bffff,0.35550384590524203,0.0,0.0,388.0,178225.92,1.0,0.4609
89283010c83ffff,3.1619786614936953,0.0,6584.0,3454.0,178156.8,1.0,0.8865
89283010c87ffff,3.074386577441567,0.0,4372.0,3358.0,178174.08,1.0,0.7593
89283010c8fffff,3.6338947980989946,0.0,8479.0,3969.0,178162.56,1.0,0.7545
89283010c93ffff,4.6325930236317205,0.0,2730.0,5061.0,178174.08,1.0,0.6872
89283010c97ffff,1.8105399288716457,0.0,0.0,1978.0,178156.8,1.0,0.4445
89283010c9bffff,4.968964179490495,0.0,0.0,5428.0,178168.32,1.0,0.7771
89283010ca3ffff,0.2553989396094659,0.0,0.0,279.0,178168.32,1.0,0.6558
89283010ca7ffff,0.0,0.0,0.0,0.0,178151.04,1.0,0.9998
89283010cabffff,17.75981897527073,0.0,0.0,19397.0,178185.6,1.0,0.4283
89283010cafffff,0.0,0.0,0.0,0.0,178174.08,1.0,0.9997
89283010cb3ffff,3.8771220695230397,1.7027151403589507,12303.0,4235.0,178128.0,1.0,0.598
89283010cb7ffff,0.12930337805075157,0.0,1970.0,141.0,178185.6,1.0,0.7427
89283010cbbffff,0.14222452080033615,0.0,3203.0,155.0,178197.12,1.0,0.9679
89283010cc3ffff,15.662377965992114,0.0,0.0,17110.0,178179.84,1.0,0.4752
89283010cc7ffff,10.523423103035789,14.149718736477714,11428.0,11495.0,178162.56,1.0,0.4508
89283010ccbffff,7.974012541211454,4.41400304414003,32556.0,8711.0,178202.88,1.0,0.1616
89283010ccfffff,13.687782805429865,8.305823319688367,39997.0,14952.0,178214.4,1.0,0.2123
89283010cd3ffff,3.3166316470017776,0.0,0.0,3623.0,178185.6,1.0,0.6412
89283010cdbffff,48.09271351910519,17.77251184834123,5996.0,52540.0,178179.84,1.0,0.1106
89283010d83ffff,0.0,0.0,0.0,0.0,178139.52,1.0,1.0
89283010d87ffff,0.0,0.0,0.0,0.0,178139.52,1.0,1.0
89283010d8bffff,0.0,0.0,0.0,0.0,178174.08,1.0,1.0
89283010d93ffff,0.0,0.0,0.0,0.0,178133.76,1.0,1.0
89283010d97ffff,0.0,0.0,0.0,0.0,178156.8,1.0,1.0
89283010d9bffff,0.853512657204746,0.0,0.0,932.0,178162.56,1.0,0.7261
89283010db7ffff,0.0,0.0,0.0,0.0,178128.0,1.0,1.0
89283010dc3ffff,0.0,0.0,0.0,0.0,178202.88,1.0,1.0
89283010dd3ffff,0.0,0.0,0.0,0.0,178179.84,1.0,1.0
89283010dd7ffff,0.0,0.0,0.0,0.0,178128.0,1.0,0.9537
89283010ddbffff,0.0,0.0,0.0,0.0,178168.32,1.0,1.0
89283010e93ffff,4.582175402313707,1.4492753623188406,5092.0,5006.0,178248.96,1.0,0.5065
89283010e97ffff,0.0,0.0,0.0,0.0,178243.2,1.0,0.891
89283012103ffff,34.27055359627269,16.89189189189189,12044.0,37464.0,178024.32,1.0,0.123
89283012107ffff,44.09252669039146,26.387536514118793,8709.0,48199.0,178041.6,1.0,0.0596
8928301210bffff,9.175914841298088,3.5294117647058822,23144.0,10031.0,178024.32,1.0,0.1936
8928301210fffff,9.66646177736081,6.588541666666667,20661.0,10567.0,178047.36,1.0,0.21
89283012113ffff,20.653615919754085,0.0,0.0,22579.0,178012.8,1.0,0.6019
89283012117ffff,62.505662330938975,0.0,0.0,68329.0,178018.56,1.0,0.1868
8928301211bffff,2.1159570337776628,0.0,0.0,2313.0,178030.08,1.0,0.8755
89283012123ffff,24.900507975539522,7.22042293770242,28051.0,27217.0,178024.32,1.0,0.3211
89283012127ffff,33.193127770408,6.399482870071105,33362.0,36279.0,178024.32,1.0,0.1344
8928301212bffff,3.643187627398324,0.9925558312655087,11491.0,3982.0,178024.32,1.0,0.3717
8928301212fffff,11.686294810405073,1.1449557139771007,26358.0,12773.0,178030.08,1.0,0.1744
89283012133ffff,30.20027825411719,8.794326241134751,3704.0,33011.0,178024.32,1.0,0.1888
89283012137ffff,32.474843886498206,5.778491171749598,3381.0,35495.0,178024.32,1.0,0.2458
8928301213bffff,29.364565808204997,9.12828947368421,25459.0,32098.0,178030.08,1.0,0.1618
89283012147ffff,5.356969559732152,0.0,0.0,5856.0,178058.88,1.0,0.7483
8928301214fffff,9.201203532951567,0.0,0.0,10059.0,178035.84,1.0,0.8499
89283012163ffff,4.075823251601216,0.0,0.0,4455.0,178064.64,1.0,0.7652
89283012167ffff,11.417017146554514,0.0,524.0,12479.0,178041.6,1.0,0.4244
8928301216bffff,11.988483809400575,0.0,0.0,13105.0,178058.88,1.0,0.8258
8928301216fffff,31.90684133915575,0.0,0.0,34876.0,178070.4,1.0,0.4942
89283012173ffff,23.227225672877847,4.771677783478707,10691.0,25391.0,178053.12,1.0,0.4007
89283012177ffff,7.317783313383586,0.0,0.0,7999.0,178047.36,1.0,0.6077
8928301217bffff,27.594797463439885,0.0,0.0,30166.0,178030.08,1.0,0.5302
89283012187ffff,33.421784997734775,0.0,0.0,36537.0,177995.52,1.0,0.3742
8928301218fffff,33.68928582985471,0.0,0.0,36830.0,178001.28,1.0,0.4324
892830121a3ffff,12.679201320345621,0.0,0.0,13860.0,177989.76,1.0,0.5459
892830121a7ffff,20.58243002750364,0.0,1509.0,22498.0,178012.8,1.0,0.5033
892830121abffff,51.024106131693905,0.0,0.0,55775.0,178012.8,1.0,0.2403
892830121afffff,59.29137679987058,0.0,0.0,64809.0,178012.8,1.0,0.2811
892830121b3ffff,61.433656957928804,0.0,824.0,67156.0,177984.0,1.0,0.1446
892830121b7ffff,16.266502718094745,0.8465011286681716,10120.0,17781.0,178007.04,1.0,0.3402
892830121bbffff,30.67913417672372,0.0,0.0,33537.0,178024.32,1.0,0.4472
89283012303ffff,41.80494905385735,0.0,0.0,45704.0,178070.4,1.0,0.3386
89283012307ffff,23.17420272980141,0.0,0.0,25334.0,178087.68,1.0,0.516
8928301230fffff,20.83373758934058,47.129909365558916,1008.0,22776.0,178104.96,1.0,0.5973
89283012313ffff,22.25599896513809,0.0,0.0,24333.0,178110.72,1.0,0.6627
89283012317ffff,40.04722473799974,0.0,0.0,43782.0,178076.16,1.0,0.2232
89283012323ffff,13.016201532839633,0.0,0.0,14228.0,178116.48,1.0,0.7861
89283012327ffff,3.5710819990295977,0.0,0.0,3903.0,178070.4,1.0,0.8048
89283012333ffff,12.114352241122825,0.0,0.0,13243.0,178110.72,1.0,0.6089
89283012337ffff,20.86419353795401,0.0,0.0,22807.0,178093.44,1.0,0.3888
8928301233bffff,23.048315115451782,0.0,0.0,25196.0,178110.72,1.0,0.597
89283012377ffff,1.0057564193777893,5.400696864111499,3128.0,1099.0,178110.72,1.0,0.9432
89283012387ffff,36.966364812419144,0.0,0.0,40415.0,178099.2,1.0,0.5465
8928301238bffff,10.428257213093543,0.0,0.0,11402.0,178076.16,1.0,0.8198
8928301238fffff,35.66508198311827,0.0,0.0,38992.0,178104.96,1.0,0.5195
892830123a3ffff,44.587862318840585,0.0,0.0,48743.0,178053.12,1.0,0.3852
892830123a7ffff,53.76378869731181,0.0,0.0,58771.0,178058.88,1.0,0.3215
892830123abffff,17.551350477114667,0.0,0.0,19187.0,178070.4,1.0,0.4467
892830123afffff,45.49689440993789,0.0,0.0,49734.0,178053.12,1.0,0.2894
892830123b3ffff,43.83995859882912,0.0,0.0,47927.0,178081.92,1.0,0.4628
892830123b7ffff,9.777792153184333,0.0,0.0,10689.0,178081.92,1.0,0.8657
892830123bbffff,88.13921143707346,0.0,0.0,96357.0,178081.92,1.0,0.0188
892830125a7ffff,4.066435717292065,0.29940119760479045,11508.0,4446.0,177909.12,1.0,0.6081
892830125b7ffff,21.58671586715867,6.990881458966565,14100.0,23603.0,177949.44,1.0,0.2674
89283012803ffff,14.153995470721451,10.659272951324708,25056.0,15463.0,178041.6,1.0,0.2
89283012807ffff,14.56527364471471,4.1191936897458366,12603.0,15912.0,178076.16,1.0,0.3696
8928301280bffff,12.337851389383108,1.4906027219701878,26266.0,13479.0,178058.88,1.0,0.1486
8928301280fffff,18.314141544831156,1.5686274509803921,5783.0,20007.0,178076.16,1.0,0.346
89283012813ffff,27.69151138716356,15.034118423948934,22234.0,30254.0,178053.12,1.0,0.1108
89283012817ffff,15.275126969236243,3.0346135609293503,11779.0,16688.0,178058.88,1.0,0.3969
8928301281bffff,14.545395736973186,12.746344564526382,31622.0,15892.0,178081.92,1.0,0.1183
89283012823ffff,13.744581742899657,1.8091521816246896,31887.0,15014.0,178064.64,1.0,0.136
89283012827ffff,12.927436834783734,1.7357565856646926,27717.0,14120.0,178047.36,1.0,0.0807
8928301282bffff,7.077928379646103,4.230769230769231,24382.0,7732.0,178058.88,1.0,0.1374
8928301282fffff,14.444192891102558,14.750056041246356,21905.0,15777.0,178093.44,1.0,0.1058
89283012833ffff,12.578860526060371,9.349195241427571,37308.0,13741.0,178035.84,1.0,0.0974
89283012837ffff,14.6983664887595,8.731182795698924,24445.0,16055.0,178070.4,1.0,0.0892
8928301283bffff,9.329710144927535,1.4356319133913862,24123.0,10192.0,178053.12,1.0,0.2593
89283012843ffff,9.529662935886654,5.326189725811535,17303.0,10412.0,178064.64,1.0,0.2934
89283012847ffff,13.864364024449403,0.6624953993375046,15546.0,15147.0,178104.96,1.0,0.0852
8928301284bffff,6.540302755854574,1.4666267584555521,18962.0,7146.0,178076.16,1.0,0.2521
8928301284fffff,4.336998706338939,1.6264294790343075,22297.0,4738.0,178099.2,1.0,0.1367
89283012853ffff,5.528418464723579,0.37656903765690375,13715.0,6040.0,178058.88,1.0,0.2972
89283012857ffff,12.765200517464425,2.5131502045587375,19215.0,13947.0,178099.2,1.0,0.036
8928301285bffff,11.280724450194048,0.0,0.0,12326.0,178099.2,1.0,0.7749
89283012863ffff,9.317895145379863,1.1434016198189614,11952.0,10179.0,178093.44,1.0,0.3577
89283012867ffff,16.814388303034224,4.354669464847849,21001.0,18367.0,178064.64,1.0,0.0591
8928301286bffff,7.497735800232889,6.115591397849462,8047.0,8191.0,178076.16,1.0,0.6615
8928301286fffff,14.394282387943857,3.197158081705151,15696.0,15724.0,178110.72,1.0,0.2181
89283012873ffff,4.473990683229814,0.6360219716681121,19797.0,4888.0,178053.12,1.0,0.1345
89283012877ffff,10.04462841989522,0.4898958971218616,18720.0,10973.0,178110.72,1.0,0.1003
8928301287bffff,9.988355544054858,2.412031782065834,19809.0,10912.0,178076.16,1.0,0.13
89283012883ffff,7.3023165523489055,0.24429967426710095,7056.0,7978.0,178030.08,1.0,0.4763
89283012887ffff,7.137310728613951,2.177177177177177,7505.0,7798.0,178030.08,1.0,0.7021
8928301288bffff,11.717511565462132,5.890009762447121,16658.0,12802.0,178047.36,1.0,0.3903
8928301288fffff,21.07936713365904,1.6285714285714286,19832.0,23030.0,178024.32,1.0,0.161
89283012893ffff,9.136201876415399,6.386418755052546,40020.0,9982.0,178041.6,1.0,0.1638
89283012897ffff,9.17680559150919,4.395604395604396,13530.0,10026.0,178007.04,1.0,0.2779
8928301289bffff,12.665803946942736,14.351851851851851,19181.0,13839.0,178041.6,1.0,0.3366
892830128a3ffff,9.855372569320865,7.002534854245882,16906.0,10766.0,178024.32,1.0,0.6539
892830128a7ffff,10.562241200828156,11.536088834053054,8260.0,11538.0,178053.12,1.0,0.115
892830128abffff,12.263845755693582,21.938620480097235,14797.0,13397.0,178053.12,1.0,0.3599
892830128afffff,5.024589103144817,7.553093259464451,28835.0,5489.0,178030.08,1.0,0.4709
892830128b3ffff,10.275324339189233,0.0,380.0,11225.0,178035.84,1.0,0.7078
892830128b7ffff,17.677323323841573,3.3579335793357936,30171.0,19311.0,178007.04,1.0,0.2122
892830128bbffff,9.190902914819967,1.4492753623188406,2350.0,10041.0,178047.36,1.0,0.6902
892830128c3ffff,10.66356077517875,5.7187017001545595,14054.0,11651.0,178035.84,1.0,0.3685
892830128c7ffff,16.98149825333161,16.04379010947527,38431.0,18554.0,178076.16,1.0,0.0944
892830128cbffff,3.687649608591577,0.0,4193.0,4029.0,178064.64,1.0,0.6779
892830128cfffff,9.168553866062764,2.0228671943711523,19250.0,10018.0,178041.6,1.0,0.0849
892830128d3ffff,5.47360248447205,1.534963047185901,9976.0,5981.0,178053.12,1.0,0.5713
892830128d7ffff,1.56917302963634,0.0,9181.0,1715.0,178030.08,1.0,0.7991
89283012903ffff,0.0,0.0,0.0,0.0,178041.6,1.0,1.0
89283012907ffff,0.0,0.0,0.0,0.0,178047.36,1.0,1.0
8928301290bffff,0.0,0.0,0.0,0.0,178070.4,1.0,1.0
8928301290fffff,0.0,0.0,0.0,0.0,178047.36,1.0,1.0
89283012913ffff,0.0,0.0,0.0,0.0,178035.84,1.0,1.0
89283012917ffff,0.0,0.0,0.0,0.0,178018.56,1.0,1.0
8928301291bffff,0.0,0.0,0.0,0.0,178030.08,1.0,1.0
89283012923ffff,0.0,0.0,0.0,0.0,178041.6,1.0,1.0
89283012927ffff,0.0,0.0,0.0,0.0,178041.6,1.0,1.0
8928301292bffff,0.0,0.0,0.0,0.0,178035.84,1.0,1.0
8928301292fffff,0.0,0.0,0.0,0.0,178058.88,1.0,1.0
89283012933ffff,0.0,0.0,0.0,0.0,178018.56,1.0,1.0
89283012937ffff,0.0,0.0,0.0,0.0,178053.12,1.0,1.0
8928301293bffff,0.0,0.0,0.0,0.0,178058.88,1.0,1.0
89283012943ffff,1.0156553241040238,0.0,5576.0,1109.0,178076.16,1.0,0.6513
89283012947ffff,0.0,0.0,0.0,0.0,178058.88,1.0,1.0
8928301294bffff,9.337300688896795,1.734820322180917,27406.0,10198.0,178093.44,1.0,0.0829
8928301294fffff,0.45286925017791296,0.0,0.0,495.0,178064.64,1.0,0.9056
89283012953ffff,7.427536231884058,11.772930648769576,18173.0,8113.0,178053.12,1.0,0.2633
89283012957ffff,0.0,0.0,0.0,0.0,178041.6,1.0,1.0
8928301295bffff,12.79720505936014,3.43955488113303,21992.0,13978.0,178058.88,1.0,0.0286
89283012963ffff,0.0,0.0,0.0,0.0,178064.64,1.0,1.0
89283012967ffff,0.0,0.0,0.0,0.0,178053.12,1.0,1.0
8928301296bffff,0.0,0.0,0.0,0.0,178070.4,1.0,1.0
8928301296fffff,0.0,0.0,0.0,0.0,178110.72,1.0,1.0
89283012973ffff,0.0,0.0,0.0,0.0,178041.6,1.0,1.0
89283012977ffff,0.0,0.0,0.0,0.0,178087.68,1.0,1.0
8928301297bffff,0.0,0.0,0.0,0.0,178087.68,1.0,1.0
89283012983ffff,1.0905090120700256,0.0,0.0,1191.0,178001.28,1.0,0.8284
89283012987ffff,0.0,0.0,0.0,0.0,178018.56,1.0,1.0
8928301298bffff,0.0,0.0,0.0,0.0,178024.32,1.0,1.0
8928301298fffff,0.0,0.0,0.0,0.0,178030.08,1.0,1.0
89283012993ffff,6.526663215117784,8.249232119350593,12044.0,7129.0,178007.04,1.0,0.501
89283012997ffff,0.0,0.0,0.0,0.0,177989.76,1.0,1.0
8928301299bffff,1.4526043351666127,4.074816299265197,16543.0,1587.0,178041.6,1.0,0.6199
892830129a3ffff,0.0,0.0,0.0,0.0,178007.04,1.0,1.0
892830129a7ffff,0.0,0.0,0.0,0.0,178007.04,1.0,1.0
892830129abffff,0.0,0.0,0.0,0.0,178041.6,1.0,1.0
892830129afffff,0.0,0.0,0.0,0.0,178012.8,1.0,1.0
892830129b3ffff,0.0,0.0,0.0,0.0,178012.8,1.0,1.0
892830129b7ffff,0.0,0.0,0.0,0.0,178001.28,1.0,1.0
892830129bbffff,0.0,0.0,0.0,0.0,178024.32,1.0,1.0
892830129c3ffff,14.257983111715033,20.570639668660835,9942.0,15573.0,178035.84,1.0,0.3733
892830129c7ffff,0.1650111625198175,0.0,0.0,180.0,178024.32,1.0,0.9563
892830129cbffff,19.977353607246844,11.56558533145275,14446.0,21821.0,178041.6,1.0,0.2283
892830129cfffff,6.152353226589034,0.0,0.0,6720.0,178070.4,1.0,0.6432
892830129d3ffff,6.81119559941757,7.9387581514034595,18703.0,7440.0,178012.8,1.0,0.1912
892830129d7ffff,0.0032351989647363315,0.0,3842.0,4.0,178041.6,1.0,0.8589
892830129dbffff,10.379189853759545,6.815114709851552,15909.0,11337.0,178030.08,1.0,0.2246
89283012a03ffff,4.572648190667141,0.0,0.0,4996.0,178116.48,1.0,0.8199
89283012a07ffff,0.08406621831350232,0.0,5184.0,92.0,178145.28,1.0,0.9799
89283012a0bffff,5.983900688585006,0.0,0.0,6538.0,178174.08,1.0,0.7839
89283012a0fffff,13.654293843766165,0.0,0.0,14918.0,178145.28,1.0,0.573
89283012a13ffff,8.89952462568315,0.0,0.0,9724.0,178116.48,1.0,0.707
89283012a17ffff,14.813257881972513,0.0,0.0,16184.0,178128.0,1.0,0.665
89283012a1bffff,1.8817899637868598,0.0,0.0,2056.0,178145.28,1.0,0.7647
89283012a23ffff,0.0129366106080207,0.0,6244.0,14.0,178099.2,1.0,0.8495
89283012a27ffff,1.0507937534352874,0.0,6664.0,1148.0,178151.04,1.0,0.5296
89283012a2bffff,4.681236260183629,0.0,3473.0,5114.0,178168.32,1.0,0.7527
89283012a2fffff,6.343971287224755,0.0,0.0,6930.0,178139.52,1.0,0.4187
89283012a33ffff,0.11964043199896526,0.0,0.0,131.0,178133.76,1.0,0.9132
89283012a37ffff,0.06143300569063632,0.0,2563.0,67.0,178145.28,1.0,0.9344
89283012a3bffff,2.120781068149489,0.0,1693.0,2317.0,178168.32,1.0,0.7373
89283012a63ffff,4.720336243129648,0.0,0.0,5157.0,178156.8,1.0,0.31
89283012a67ffff,10.048821494390378,0.0,0.0,10978.0,178151.04,1.0,0.4164
89283012a6fffff,2.624604046803284,0.0,0.0,2867.0,178202.88,1.0,0.5456
89283012a73ffff,7.72960915527107,0.0,0.0,8445.0,178174.08,1.0,0.5239
89283012a77ffff,12.980629305048023,0.0,0.0,14181.0,178116.48,1.0,0.4776
89283012a83ffff,2.51309916553464,0.0,0.0,2746.0,178087.68,1.0,0.867
89283012a87ffff,3.4987873888439776,3.046594982078853,6232.0,3823.0,178128.0,1.0,0.6907
89283012a8bffff,12.838340393881575,0.0,0.0,14028.0,178116.48,1.0,0.6965
89283012a8fffff,0.4494745351657235,0.0,0.0,491.0,178128.0,1.0,0.9031
89283012a93ffff,1.3681793188213605,0.0,0.0,1495.0,178081.92,1.0,0.689
89283012a97ffff,4.870318866826208,0.7731958762886598,4435.0,5321.0,178110.72,1.0,0.5832
89283012a9bffff,0.02587154776534506,0.0,0.0,28.0,178110.72,1.0,0.8438
89283012aa3ffff,12.286943303470357,0.0,0.0,13423.0,178093.44,1.0,0.6394
89283012aa7ffff,1.8335273573923165,0.0,0.0,2003.0,178122.24,1.0,0.9147
89283012aabffff,9.979626814992077,0.0,1152.0,10903.0,178116.48,1.0,0.6603
89283012aafffff,0.6629584114869672,0.0,0.0,724.0,178110.72,1.0,0.8051
89283012ab3ffff,1.377793589702125,0.0,1740.0,1505.0,178093.44,1.0,0.8538
89283012ab7ffff,6.637997930677702,0.0,0.0,7252.0,178145.28,1.0,0.9133
89283012abbffff,10.06403208071923,0.0,0.0,10995.0,178110.72,1.0,0.6336
89283012ac7ffff,2.302195492611634,0.0,0.0,2516.0,178139.52,1.0,0.8319
89283012ad7ffff,3.3464821520951893,0.0,0.0,3657.0,178145.28,1.0,0.8943
89283012b03ffff,1.0670633124232038,0.0,10771.0,1165.0,178133.76,1.0,0.5925
89283012b07ffff,0.0,0.0,0.0,0.0,178104.96,1.0,1.0
89283012b0bffff,4.443007275666936,0.14367816091954022,8006.0,4853.0,178128.0,1.0,0.1926
89283012b0fffff,0.012934100756644895,0.0,0.0,14.0,178133.76,1.0,0.5157
89283012b13ffff,13.493500614369786,5.642080517190714,18495.0,14738.0,178133.76,1.0,0.3
89283012b17ffff,2.241412769260625,0.0,4262.0,2448.0,178087.68,1.0,0.8335
89283012b1bffff,4.85754018304712,0.0,0.0,5306.0,178104.96,1.0,0.3827
89283012b23ffff,0.0,0.0,0.0,0.0,178087.68,1.0,1.0
89283012b2bffff,0.0,0.0,0.0,0.0,178128.0,1.0,1.0
89283012b2fffff,0.0,0.0,0.0,0.0,178139.52,1.0,1.0
89283012b33ffff,0.0,0.0,0.0,0.0,178087.68,1.0,1.0
89283012b3bffff,0.0,0.0,0.0,0.0,178156.8,1.0,1.0
89283012b43ffff,3.6989136057941026,0.0,0.0,4040.0,178145.28,1.0,0.3779
89283012b47ffff,1.6846666235529975,0.0,3686.0,1840.0,178133.76,1.0,0.1405
89283012b4bffff,4.452276254526642,0.2528445006321113,4545.0,4863.0,178145.28,1.0,0.2657
89283012b4fffff,7.1477063330423825,0.9918845807033363,6324.0,7807.0,178174.08,1.0,0.4293
89283012b53ffff,0.1422981145499822,0.0,3963.0,155.0,178104.96,1.0,0.2965
89283012b57ffff,2.625452664252457,6.337271750805586,5023.0,2868.0,178145.28,1.0,0.0755
89283012b5bffff,4.836728095699968,0.0,0.0,5283.0,178156.8,1.0,0.286
89283012b63ffff,0.7953443258971873,0.0,0.0,869.0,178156.8,1.0,0.4135
89283012b67ffff,0.0,0.0,0.0,0.0,178139.52,1.0,0.9169
89283012b6bffff,0.016165535079211122,0.0,0.0,18.0,178156.8,1.0,0.9954
89283012b6fffff,0.0,0.0,0.0,0.0,178162.56,1.0,0.9733
89283012b73ffff,1.9076564924987067,0.0,5219.0,2083.0,178145.28,1.0,0.0845
89283012b77ffff,0.02587071112117194,0.0,0.0,28.0,178116.48,1.0,0.5617
89283012b7bffff,8.728131164505385,1.3111888111888113,6503.0,9533.0,178116.48,1.0,0.4657
89283012b83ffff,9.245545386928823,5.919117647058823,29480.0,10099.0,178116.48,1.0,0.0763
89283012b87ffff,4.894381004755281,2.493798145972059,43016.0,5346.0,178058.88,1.0,0.0795
89283012b8bffff,10.822174784914937,10.962701612903226,20350.0,11821.0,178087.68,1.0,0.0808
89283012b8fffff,11.119736076072192,4.570349386213409,29105.0,12145.0,178087.68,1.0,0.1069
89283012b93ffff,13.917459085322466,17.01492537313433,19215.0,15202.0,178087.68,1.0,0.1068
89283012b97ffff,9.4896176984281,6.875543951261967,24653.0,10365.0,178087.68,1.0,0.1544
89283012b9bffff,8.244921723379479,3.1273549359457418,29618.0,9006.0,178076.16,1.0,0.048
89283012ba3ffff,0.0,0.0,0.0,0.0,178087.68,1.0,0.8716
89283012ba7ffff,0.0,0.0,0.0,0.0,178116.48,1.0,1.0
89283012babffff,0.0,0.0,0.0,0.0,178133.76,1.0,1.0
89283012bafffff,0.0,0.0,0.0,0.0,178087.68,1.0,1.0
89283012bb3ffff,6.044631306597672,2.612124199112863,11382.0,6602.0,178099.2,1.0,0.3616
89283012bb7ffff,0.0,0.0,0.0,0.0,178076.16,1.0,0.9577
89283012bbbffff,1.953301856283552,8.461131676361713,9971.0,2133.0,178110.72,1.0,0.7152
89283012bc3ffff,0.07113985448666128,0.0,0.0,78.0,178128.0,1.0,0.4816
89283012bc7ffff,4.25600724426765,3.361344537815126,662.0,4649.0,178104.96,1.0,0.7754
89283012bcbffff,0.585343768190932,0.0,9982.0,639.0,178110.72,1.0,0.3835
89283012bcfffff,0.0,0.0,0.0,0.0,178145.28,1.0,0.365
89283012bd3ffff,4.5375161707632605,0.0,0.0,4957.0,178099.2,1.0,0.6687
89283012bd7ffff,6.620096374632127,0.0,0.0,7231.0,178104.96,1.0,0.7742
89283012bdbffff,0.9216738891404178,0.0,1590.0,1007.0,178110.72,1.0,0.8366
89283012c03ffff,4.734168203734265,0.5959475566150179,9608.0,5173.0,178001.28,1.0,0.4531
89283012c07ffff,8.724919093851133,2.0771513353115725,20909.0,9534.0,177984.0,1.0,0.1652
89283012c0bffff,5.6691690396065235,0.4909983633387889,10506.0,6195.0,178007.04,1.0,0.6457
89283012c0fffff,5.167114245963698,5.885747259088286,9395.0,5646.0,178024.32,1.0,0.6207
89283012c13ffff,10.850079280328771,1.2161415146489774,10293.0,11857.0,178001.28,1.0,0.4348
89283012c17ffff,12.135136884344055,0.821917808219178,10426.0,13261.0,177995.52,1.0,0.4096
89283012c1bffff,31.735809979936576,2.7169811320754715,7425.0,34682.0,177995.52,1.0,0.1484
89283012c23ffff,15.347527828112867,10.480887792848335,16727.0,16769.0,178007.04,1.0,0.1416
89283012c27ffff,8.21279487428405,0.5863383172090296,19532.0,8973.0,178001.28,1.0,0.0927
89283012c2bffff,23.467935028796997,15.836972343522563,33304.0,25642.0,178018.56,1.0,0.1434
89283012c2fffff,32.219130209681595,19.088693043315207,24854.0,35203.0,178007.04,1.0,0.1605
89283012c33ffff,7.82124712811054,1.6975308641975309,18346.0,8546.0,178001.28,1.0,0.0643
89283012c37ffff,3.679611650485437,0.8631319358816275,23155.0,4020.0,177984.0,1.0,0.1575
89283012c3bffff,14.782214743382305,1.21675155631013,20108.0,16152.0,177995.52,1.0,0.1986
89283012c43ffff,8.036494224983015,1.3643659711075442,14158.0,8783.0,178035.84,1.0,0.3288
89283012c47ffff,15.473224397346709,3.4109544112823875,16963.0,16909.0,178012.8,1.0,0.2743
89283012c4bffff,8.760351966873706,1.3014055179593962,21842.0,9574.0,178053.12,1.0,0.1374
89283012c4fffff,12.385543727958067,3.7166085946573753,19100.0,13535.0,178024.32,1.0,0.1376
89283012c53ffff,24.060053064129942,6.853413108512374,19728.0,26296.0,178018.56,1.0,0.4416
89283012c57ffff,15.359974114221,3.3924050632911396,10990.0,16786.0,178012.8,1.0,0.3169
89283012c5bffff,9.83564125792675,3.771903771903772,18662.0,10750.0,178030.08,1.0,0.1023
89283012c63ffff,12.51374959560013,4.083077649280151,23409.0,13674.0,178041.6,1.0,0.1569
89283012c67ffff,12.933600828371732,7.814029363784665,32550.0,14132.0,178007.04,1.0,0.1651
89283012c6bffff,9.109730848861282,4.142011834319527,9331.0,9954.0,178053.12,1.0,0.3636
89283012c6fffff,8.030283421767827,1.1486779367143476,26271.0,8774.0,178030.08,1.0,0.193
89283012c73ffff,13.355765497605798,1.6923076923076923,18403.0,14595.0,178030.08,1.0,0.3518
89283012c77ffff,14.801151991716013,1.2438748586505841,15091.0,16173.0,178001.28,1.0,0.4182
89283012c7bffff,14.119778690911444,1.6305670479435386,23282.0,15430.0,178024.32,1.0,0.1322
89283012c83ffff,10.734280443998575,13.224489795918368,6123.0,11731.0,177989.76,1.0,0.4639
89283012c87ffff,2.867406712191333,0.1148105625717566,5011.0,3134.0,177978.24,1.0,0.6895
89283012c8bffff,17.550161812297734,0.398406374501992,2880.0,19180.0,177984.0,1.0,0.5674
89283012c8fffff,26.872916734086278,5.323193916349809,8605.0,29367.0,177989.76,1.0,0.3031
89283012c93ffff,33.81448637452262,0.19011406844106463,3024.0,36956.0,177972.48,1.0,0.2216
89283012c97ffff,22.946469027121495,6.4612623392162725,18012.0,25077.0,177972.48,1.0,0.1143
89283012c9bffff,59.10355987055016,0.0,0.0,64596.0,177984.0,1.0,0.321
89283012ca3ffff,40.73846352986862,0.2737850787132101,8392.0,44516.0,177995.52,1.0,0.2085
89283012ca7ffff,10.416262057357416,0.6909547738693468,18213.0,11381.0,177949.44,1.0,0.2344
89283012cabffff,19.20973431280541,4.434811603867956,16508.0,20991.0,177989.76,1.0,0.2061
89283012cafffff,42.65557748940164,0.05678591709256105,10138.0,46609.0,177989.76,1.0,0.1374
89283012cb3ffff,6.090812000388362,0.2824858757062147,2033.0,6656.0,177978.24,1.0,0.7591
89283012cb7ffff,20.35275080906149,0.0,0.0,22240.0,177984.0,1.0,0.6526
89283012cbbffff,34.769101323581765,4.660797514241326,10604.0,37995.0,177989.76,1.0,0.2349
89283012cc3ffff,36.1797825524204,0.0,0.0,39543.0,178007.04,1.0,0.4615
89283012cc7ffff,13.92331337971202,0.0,12.0,15217.0,178012.8,1.0,0.6711
89283012ccbffff,43.58194466914739,0.0,472.0,47633.0,178012.8,1.0,0.3203
89283012ccfffff,48.50190901443086,0.3929273084479371,5841.0,53008.0,178018.56,1.0,0.1496
89283012cd3ffff,15.723901365607404,0.0,720.0,17186.0,177995.52,1.0,0.6881
89283012cd7ffff,41.57390629044784,0.0,0.0,45438.0,178007.04,1.0,0.464
89283012cdbffff,31.983949778338673,0.0,0.0,34959.0,178001.28,1.0,0.5838
89283012d03ffff,13.167858645351282,5.9434207111341815,20874.0,14385.0,177989.76,1.0,0.0867
89283012d07ffff,18.932038834951456,8.85997521685254,16946.0,20681.0,177984.0,1.0,0.2061
89283012d0bffff,19.263501925379416,17.988856460599628,35608.0,21044.0,178001.28,1.0,0.1687
89283012d0fffff,13.199792893663838,7.576581475439551,29370.0,14419.0,177995.52,1.0,0.1585
89283012d13ffff,6.4761473234513565,1.121121121121121,28449.0,7075.0,177972.48,1.0,0.0338
89283012d17ffff,22.918082661747093,11.786600496277917,16381.0,25036.0,177966.72,1.0,0.0528
89283012d1bffff,13.326860841423949,13.239852398523984,33857.0,14559.0,177984.0,1.0,0.0387
89283012d23ffff,9.36893203883495,5.306553911205074,25799.0,10233.0,177984.0,1.0,0.3416
89283012d27ffff,1.071266748656871,0.0,0.0,1170.0,177972.48,1.0,0.9334
89283012d2bffff,16.994563810509966,11.558948863636363,28691.0,18563.0,178007.04,1.0,0.0444
89283012d2fffff,7.746820697019707,12.818471337579618,6307.0,8461.0,178001.28,1.0,0.7146
89283012d33ffff,6.349720055665233,7.626459143968872,27348.0,6936.0,177978.24,1.0,0.1237
89283012d37ffff,11.887116087899285,8.973438621679827,14607.0,12984.0,177978.24,1.0,0.2119
89283012d3bffff,10.566001100288016,6.359080698116467,31213.0,11541.0,177989.76,1.0,0.1309
89283012d43ffff,13.456933928686986,5.415472779369628,19014.0,14702.0,178018.56,1.0,0.3924
89283012d47ffff,34.22968643820988,13.349986122675547,17983.0,37394.0,178001.28,1.0,0.2003
89283012d4bffff,2.8182229987704654,0.0,7079.0,3079.0,178018.56,1.0,0.6239
89283012d4fffff,10.78859657638417,3.338224504768892,15178.0,11786.0,178001.28,1.0,0.4203
89283012d53ffff,13.939943049443437,1.4713896457765667,20828.0,15230.0,178007.04,1.0,0.2504
89283012d57ffff,17.005371820594135,7.492354740061162,24394.0,18578.0,177995.52,1.0,0.2445
89283012d5bffff,21.782883028636142,17.276141529946628,24106.0,23799.0,178012.8,1.0,0.3033
89283012d63ffff,5.022003624126327,9.645177411294354,10414.0,5486.0,178007.04,1.0,0.5286
89283012d67ffff,11.310313582084722,7.147456535737283,24918.0,12354.0,177989.76,1.0,0.0878
89283012d6bffff,3.0636343049399892,2.788445483386208,33535.0,3347.0,178047.36,1.0,0.1789
89283012d6fffff,3.154829315644718,9.655012734429267,22476.0,3446.0,178012.8,1.0,0.4438
89283012d73ffff,22.91066748632996,5.550146056475171,16762.0,25027.0,178024.32,1.0,0.0827
89283012d77ffff,23.88996763754045,12.520992722522859,27003.0,26096.0,177984.0,1.0,0.1183
89283012d7bffff,4.089953082025563,6.820380522412125,33287.0,4468.0,178012.8,1.0,0.1713
89283012d83ffff,13.001683065769033,9.204324923759357,18864.0,14204.0,177960.96,1.0,0.2401
89283012d87ffff,27.341878681944713,17.67515923566879,17868.0,29869.0,177949.44,1.0,0.0926
89283012d8bffff,8.3082499919086,0.9314456035767511,15316.0,9077.0,177966.72,1.0,0.2168
89283012d8fffff,14.006925790478656,5.341331048271923,19089.0,15302.0,177978.24,1.0,0.0762
89283012d93ffff,11.345245031397683,1.7615731257681277,13812.0,12395.0,177949.44,1.0,0.312
89283012d97ffff,19.300857743971516,9.090909090909092,7718.0,21086.0,177955.2,1.0,0.4598
89283012d9bffff,6.52877581407393,0.0,5144.0,7133.0,177949.44,1.0,0.4508
89283012da3ffff,21.438974657733763,15.391132448460887,17257.0,23418.0,177966.72,1.0,0.1323
89283012da7ffff,26.84166235111341,8.380030565461029,20719.0,29319.0,177960.96,1.0,0.1093
89283012dabffff,20.45439834293482,16.820702402957487,15552.0,22343.0,177972.48,1.0,0.1346
89283012dafffff,21.62529531700055,8.929007074896317,21502.0,23621.0,177978.24,1.0,0.0636
89283012db3ffff,30.75229832966464,11.76470588235294,17366.0,33593.0,177937.92,1.0,0.0257
89283012db7ffff,16.591681501861142,4.434782608695651,25321.0,18123.0,177955.2,1.0,0.1058
89283012dbbffff,16.23563683443923,8.269881556683586,24981.0,17736.0,177955.2,1.0,0.1005
89283012dc3ffff,3.5532830652729683,1.1252094804883888,23789.0,3882.0,177989.76,1.0,0.1281
89283012dc7ffff,6.113862187267372,12.538226299694188,8237.0,6679.0,177966.72,1.0,0.4985
89283012dcbffff,32.46391819299721,1.4032496307237814,7690.0,35469.0,177995.52,1.0,0.2535
89283012dcfffff,3.453074433656958,3.2375740994072046,12223.0,3773.0,177984.0,1.0,0.489
89283012dd3ffff,7.010389358190115,0.6595477386934673,18219.0,7660.0,177966.72,1.0,0.1954
89283012dd7ffff,10.065050648888313,1.0022271714922049,5121.0,10997.0,177978.24,1.0,0.4525
89283012ddbffff,32.554451600375415,0.5517241379310345,4153.0,35570.0,177978.24,1.0,0.379
89283012e1bffff,15.762064950187604,0.0,0.0,17227.0,178076.16,1.0,0.6276
89283012e2fffff,0.0,0.0,0.0,0.0,178081.92,1.0,0.9769
89283012e67ffff,0.3524656426839127,0.0,1002.0,385.0,178128.0,1.0,0.4766
89283012e6fffff,1.927492642540668,0.0,0.0,2106.0,178104.96,1.0,0.7958
89283012e83ffff,1.582012293756066,0.0,4401.0,1729.0,178041.6,1.0,0.7111
89283012e87ffff,5.826216356107661,1.14305507447177,16439.0,6367.0,178053.12,1.0,0.2493
89283012e8bffff,1.7662472099116877,0.0,0.0,1930.0,178058.88,1.0,0.8246
89283012e8fffff,16.1933104742188,0.7692307692307693,2972.0,17698.0,178064.64,1.0,0.5983
89283012e93ffff,7.236905955808612,5.285592497868713,19198.0,7910.0,178047.36,1.0,0.2607
89283012e97ffff,6.21138106175795,3.5864297253634896,17188.0,6789.0,178047.36,1.0,0.3911
89283012e9bffff,5.386954833700013,1.9607843137254901,1440.0,5888.0,178030.08,1.0,0.6536
89283012ea3ffff,7.269727263903718,0.0,5674.0,7944.0,178035.84,1.0,0.7487
89283012ea7ffff,9.497622359525119,5.780346820809249,4694.0,10378.0,178058.88,1.0,0.6852
89283012eb3ffff,7.731625258799172,3.454085930918281,19803.0,8449.0,178053.12,1.0,0.2095
89283012eb7ffff,7.732625857383201,1.5080603224128966,10909.0,8450.0,178030.08,1.0,0.4077
89283012ebbffff,4.787474930452222,0.9556907037358819,13133.0,5232.0,178064.64,1.0,0.4926
89283012ec3ffff,12.371033992043728,0.0,0.0,13522.0,178093.44,1.0,0.576
89283012ec7ffff,24.064309513796783,0.0,0.0,26302.0,178058.88,1.0,0.5278
89283012ecbffff,23.251827414451128,0.0,0.0,25415.0,178087.68,1.0,0.4023
89283012ecfffff,17.29624838292367,0.0,852.0,18905.0,178099.2,1.0,0.5802
89283012ed3ffff,73.77648390748828,0.0,0.0,80643.0,178070.4,1.0,0.1619
89283012ed7ffff,59.80978876200951,0.0,0.0,65373.0,178058.88,1.0,0.1244
89283012edbffff,15.192002846882987,0.0,0.0,16606.0,178047.36,1.0,0.5996
8928301601bffff,0.0,0.0,0.0,0.0,177943.68,1.0,1.0
89283016043ffff,0.0,0.0,0.0,0.0,177932.16,1.0,1.0
89283016047ffff,0.0,0.0,0.0,0.0,177891.84,1.0,1.0
8928301604bffff,0.0,0.0,0.0,0.0,177914.88,1.0,1.0
8928301604fffff,0.0,0.0,0.0,0.0,177897.6,1.0,1.0
89283016053ffff,0.0,0.0,0.0,0.0,177903.36,1.0,1.0
89283016057ffff,0.0,0.0,0.0,0.0,177943.68,1.0,1.0
8928301605bffff,0.0,0.0,0.0,0.0,177943.68,1.0,1.0
8928301608bffff,0.0,0.0,0.0,0.0,177851.52,1.0,1.0
89283016093ffff,0.0,0.0,0.0,0.0,177840.0,1.0,1.0
8928301609bffff,0.0,0.0,0.0,0.0,177851.52,1.0,1.0
892830160c3ffff,0.0,0.0,0.0,0.0,177880.32,1.0,1.0
892830160c7ffff,0.0,0.0,0.0,0.0,177874.56,1.0,1.0
892830160cbffff,0.0,0.0,0.0,0.0,177886.08,1.0,1.0
892830160cfffff,0.0,0.0,0.0,0.0,177891.84,1.0,1.0
892830160d3ffff,0.0,0.0,0.0,0.0,177932.16,1.0,1.0
892830160d7ffff,0.0,0.0,0.0,0.0,177863.04,1.0,1.0
892830160dbffff,0.0,0.0,0.0,0.0,177909.12,1.0,1.0
89283016203ffff,0.0,0.0,0.0,0.0,178001.28,1.0,1.0
89283016207ffff,0.0,0.0,0.0,0.0,177955.2,1.0,1.0
8928301620bffff,0.0,0.0,0.0,0.0,177966.72,1.0,1.0
8928301620fffff,0.0,0.0,0.0,0.0,177960.96,1.0,1.0
89283016213ffff,0.0,0.0,0.0,0.0,177960.96,1.0,1.0
89283016217ffff,0.0,0.0,0.0,0.0,177960.96,1.0,1.0
8928301621bffff,0.0,0.0,0.0,0.0,177984.0,1.0,1.0
89283016243ffff,0.0,0.0,0.0,0.0,177989.76,1.0,1.0
89283016247ffff,0.0,0.0,0.0,0.0,177972.48,1.0,1.0
8928301624bffff,0.0,0.0,0.0,0.0,178007.04,1.0,1.0
8928301624fffff,0.0,0.0,0.0,0.0,177989.76,1.0,1.0
89283016253ffff,0.0,0.0,0.0,0.0,178007.04,1.0,1.0
89283016257ffff,0.0,0.0,0.0,0.0,178035.84,1.0,1.0
8928301625bffff,0.0,0.0,0.0,0.0,178012.8,1.0,1.0
89283016263ffff,0.0,0.0,0.0,0.0,177995.52,1.0,1.0
8928301626bffff,0.0,0.0,0.0,0.0,178035.84,1.0,1.0
89283016273ffff,0.0,0.0,0.0,0.0,177972.48,1.0,1.0
8928301627bffff,0.0,0.0,0.0,0.0,177989.76,1.0,1.0
89283016283ffff,0.0,0.0,0.0,0.0,177960.96,1.0,1.0
89283016287ffff,0.0,0.0,0.0,0.0,177926.4,1.0,1.0
8928301628bffff,0.0,0.0,0.0,0.0,177943.68,1.0,1.0
8928301628fffff,0.0,0.0,0.0,0.0,177937.92,1.0,1.0
89283016293ffff,0.0,0.0,0.0,0.0,177926.4,1.0,1.0
89283016297ffff,0.0,0.0,0.0,0.0,177989.76,1.0,1.0
8928301629bffff,0.0,0.0,0.0,0.0,177960.96,1.0,1.0
892830162abffff,0.0,0.0,0.0,0.0,178001.28,1.0,1.0
892830162b3ffff,0.0,0.0,0.0,0.0,177914.88,1.0,1.0
892830162bbffff,0.0,0.0,0.0,0.0,177926.4,1.0,1.0
892830162c3ffff,0.0,0.0,0.0,0.0,177960.96,1.0,1.0
892830162c7ffff,0.0,0.0,0.0,0.0,177955.2,1.0,1.0
892830162cbffff,0.0,0.0,0.0,0.0,177955.2,1.0,1.0
892830162cfffff,0.0,0.0,0.0,0.0,177966.72,1.0,1.0
892830162d3ffff,0.0,0.0,0.0,0.0,177949.44,1.0,1.0
892830162d7ffff,0.0,0.0,0.0,0.0,177984.0,1.0,1.0
892830162dbffff,0.0,0.0,0.0,0.0,177972.48,1.0,1.0
89283016403ffff,0.0,0.0,0.0,0.0,177880.32,1.0,1.0
89283016407ffff,0.0,0.0,0.0,0.0,177799.68,1.0,1.0
8928301640bffff,0.0,0.0,0.0,0.0,177897.6,1.0,1.0
8928301640fffff,0.0,0.0,0.0,0.0,177799.68,1.0,1.0
89283016413ffff,0.0,0.0,0.0,0.0,177805.44,1.0,1.0
89283016417ffff,0.0,0.0,0.0,0.0,177868.8,1.0,1.0
8928301641bffff,0.0,0.0,0.0,0.0,177816.96,1.0,1.0
89283016423ffff,0.0,0.0,0.0,0.0,177909.12,1.0,1.0
8928301642bffff,0.0,0.0,0.0,0.0,177914.88,1.0,1.0
8928301642fffff,0.0,0.0,0.0,0.0,177811.2,1.0,1.0
89283016433ffff,0.0,0.0,0.0,0.0,177811.2,1.0,1.0
8928301643bffff,0.0,0.0,0.0,0.0,177811.2,1.0,1.0
89283016443ffff,0.0,0.0,0.0,0.0,177840.0,1.0,1.0
89283016447ffff,0.0,0.0,0.0,0.0,177914.88,1.0,1.0
8928301644bffff,0.0,0.0,0.0,0.0,177851.52,1.0,1.0
8928301644fffff,0.0,0.0,0.0,0.0,177926.4,1.0,1.0
89283016453ffff,0.0,0.0,0.0,0.0,177828.48,1.0,1.0
89283016457ffff,0.0,0.0,0.0,0.0,177828.48,1.0,1.0
8928301645bffff,0.0,0.0,0.0,0.0,177851.52,1.0,1.0
89283016463ffff,0.0,0.0,0.0,0.0,177822.72,1.0,1.0
89283016467ffff,0.0,0.0,0.0,0.0,177914.88,1.0,1.0
8928301646bffff,0.0,0.0,0.0,0.0,177851.52,1.0,1.0
8928301646fffff,0.0,0.0,0.0,0.0,177914.88,1.0,1.0
89283016473ffff,0.0,0.0,0.0,0.0,177822.72,1.0,1.0
89283016477ffff,0.0,0.0,0.0,0.0,177828.48,1.0,1.0
8928301647bffff,0.0,0.0,0.0,0.0,177834.24,1.0,1.0
89283016483ffff,0.0,0.0,0.0,0.0,177765.12,1.0,1.0
89283016487ffff,0.0,0.0,0.0,0.0,177782.4,1.0,1.0
8928301648bffff,0.0,0.0,0.0,0.0,177805.44,1.0,1.0
8928301648fffff,0.0,0.0,0.0,0.0,177776.64,1.0,1.0
89283016493ffff,0.0,0.0,0.0,0.0,177840.0,1.0,1.0
89283016497ffff,0.0,0.0,0.0,0.0,177770.88,1.0,1.0
8928301649bffff,0.0,0.0,0.0,0.0,177868.8,1.0,1.0
892830164a3ffff,0.0,0.0,0.0,0.0,177770.88,1.0,1.0
892830164a7ffff,0.0,0.0,0.0,0.0,177851.52,1.0,1.0
892830164abffff,0.0,0.0,0.0,0.0,177788.16,1.0,1.0
892830164afffff,0.0,0.0,0.0,0.0,177811.2,1.0,1.0
892830164b3ffff,0.0,0.0,0.0,0.0,177851.52,1.0,1.0
892830164b7ffff,0.0,0.0,0.0,0.0,177759.36,1.0,1.0
892830164bbffff,0.0,0.0,0.0,0.0,177863.04,1.0,1.0
892830164c3ffff,0.0,0.0,0.0,0.0,177880.32,1.0,1.0
892830164c7ffff,0.0,0.0,0.0,0.0,177811.2,1.0,1.0
892830164cbffff,0.0,0.0,0.0,0.0,177886.08,1.0,1.0
892830164cfffff,0.0,0.0,0.0,0.0,177828.48,1.0,1.0
892830164d3ffff,0.0,0.0,0.0,0.0,177793.92,1.0,1.0
892830164d7ffff,0.0,0.0,0.0,0.0,177880.32,1.0,1.0
892830164dbffff,0.0,0.0,0.0,0.0,177793.92,1.0,1.0
89283016603ffff,0.0,0.0,0.0,0.0,177903.36,1.0,1.0
89283016607ffff,0.0,0.0,0.0,0.0,177903.36,1.0,1.0
8928301660bffff,0.0,0.0,0.0,0.0,177909.12,1.0,1.0
8928301660fffff,0.0,0.0,0.0,0.0,177909.12,1.0,1.0
89283016613ffff,0.0,0.0,0.0,0.0,177949.44,1.0,1.0
89283016617ffff,0.0,0.0,0.0,0.0,177886.08,1.0,1.0
8928301661bffff,0.0,0.0,0.0,0.0,177909.12,1.0,1.0
89283016623ffff,0.0,0.0,0.0,0.0,177903.36,1.0,1.0
89283016627ffff,0.0,0.0,0.0,0.0,177903.36,1.0,1.0
8928301662bffff,0.0,0.0,0.0,0.0,177914.88,1.0,1.0
8928301662fffff,0.0,0.0,0.0,0.0,177903.36,1.0,1.0
89283016633ffff,0.0,0.0,0.0,0.0,177937.92,1.0,1.0
89283016637ffff,0.0,0.0,0.0,0.0,177903.36,1.0,1.0
8928301663bffff,0.0,0.0,0.0,0.0,177955.2,1.0,1.0
89283016643ffff,0.0,0.0,0.0,0.0,177926.4,1.0,1.0
89283016647ffff,0.0,0.0,0.0,0.0,177920.64,1.0,1.0
8928301664bffff,0.0,0.0,0.0,0.0,177914.88,1.0,1.0
8928301664fffff,0.0,0.0,0.0,0.0,177984.0,1.0,1.0
89283016653ffff,0.0,0.0,0.0,0.0,177920.64,1.0,1.0
89283016657ffff,0.0,0.0,0.0,0.0,177920.64,1.0,1.0
8928301665bffff,0.0,0.0,0.0,0.0,177937.92,1.0,1.0
89283016663ffff,0.0,0.0,0.0,0.0,177920.64,1.0,1.0
89283016667ffff,0.0,0.0,0.0,0.0,177932.16,1.0,1.0
8928301666bffff,0.0,0.0,0.0,0.0,177960.96,1.0,1.0
8928301666fffff,0.0,0.0,0.0,0.0,177926.4,1.0,1.0
89283016673ffff,0.0,0.0,0.0,0.0,177966.72,1.0,1.0
89283016677ffff,0.0,0.0,0.0,0.0,177909.12,1.0,1.0
8928301667bffff,0.0,0.0,0.0,0.0,177943.68,1.0,1.0
89283016683ffff,0.0,0.0,0.0,0.0,177857.28,1.0,1.0
89283016687ffff,0.0,0.0,0.0,0.0,177880.32,1.0,1.0
8928301668bffff,0.0,0.0,0.0,0.0,177880.32,1.0,1.0
8928301668fffff,0.0,0.0,0.0,0.0,177937.92,1.0,1.0
89283016693ffff,0.0,0.0,0.0,0.0,177880.32,1.0,1.0
89283016697ffff,0.0,0.0,0.0,0.0,177857.28,1.0,1.0
8928301669bffff,0.0,0.0,0.0,0.0,177874.56,1.0,1.0
892830166a3ffff,0.0,0.0,0.0,0.0,177874.56,1.0,1.0
892830166a7ffff,0.0,0.0,0.0,0.0,177863.04,1.0,1.0
892830166abffff,0.0,0.0,0.0,0.0,177880.32,1.0,1.0
892830166afffff,0.0,0.0,0.0,0.0,177891.84,1.0,1.0
892830166b3ffff,0.0,0.0,0.0,0.0,177903.36,1.0,1.0
892830166b7ffff,0.0,0.0,0.0,0.0,177857.28,1.0,1.0
892830166bbffff,0.0,0.0,0.0,0.0,177891.84,1.0,1.0
892830166c3ffff,0.0,0.0,0.0,0.0,177891.84,1.0,1.0
892830166c7ffff,0.0,0.0,0.0,0.0,177886.08,1.0,1.0
892830166cbffff,0.0,0.0,0.0,0.0,177914.88,1.0,1.0
892830166cfffff,0.0,0.0,0.0,0.0,177949.44,1.0,1.0
892830166d3ffff,0.0,0.0,0.0,0.0,177914.88,1.0,1.0
892830166d7ffff,0.0,0.0,0.0,0.0,177880.32,1.0,1.0
892830166dbffff,0.0,0.0,0.0,0.0,177909.12,1.0,1.0
89283017003ffff,0.0,0.0,0.0,0.0,178104.96,1.0,1.0
89283017007ffff,0.0,0.0,0.0,0.0,178087.68,1.0,1.0
8928301700bffff,0.0,0.0,0.0,0.0,178099.2,1.0,1.0
8928301700fffff,0.0,0.0,0.0,0.0,178076.16,1.0,1.0
89283017013ffff,0.0,0.0,0.0,0.0,178058.88,1.0,1.0
89283017017ffff,0.0,0.0,0.0,0.0,178070.4,1.0,1.0
8928301701bffff,0.0,0.0,0.0,0.0,178070.4,1.0,1.0
89283017023ffff,0.0,0.0,0.0,0.0,178110.72,1.0,1.0
89283017027ffff,0.0,0.0,0.0,0.0,178093.44,1.0,1.0
8928301702bffff,0.0,0.0,0.0,0.0,178093.44,1.0,1.0
89283017033ffff,0.0,0.0,0.0,0.0,178053.12,1.0,1.0
89283017037ffff,0.0,0.0,0.0,0.0,178076.16,1.0,1.0
8928301703bffff,0.0,0.0,0.0,0.0,178064.64,1.0,1.0
89283017043ffff,0.0,0.0,0.0,0.0,178087.68,1.0,1.0
89283017047ffff,0.0,0.0,0.0,0.0,178099.2,1.0,1.0
8928301704bffff,0.0,0.0,0.0,0.0,178139.52,1.0,1.0
8928301704fffff,0.0,0.0,0.0,0.0,178122.24,1.0,1.0
89283017053ffff,0.0,0.0,0.0,0.0,178116.48,1.0,1.0
89283017057ffff,0.0,0.0,0.0,0.0,178099.2,1.0,1.0
8928301705bffff,0.0,0.0,0.0,0.0,178104.96,1.0,1.0
89283017073ffff,0.0,0.0,0.0,0.0,178128.0,1.0,1.0
89283017077ffff,0.0,0.0,0.0,0.0,178116.48,1.0,1.0
89283017083ffff,0.0,0.0,0.0,0.0,178047.36,1.0,1.0
89283017087ffff,0.0,0.0,0.0,0.0,178064.64,1.0,1.0
8928301708bffff,0.0,0.0,0.0,0.0,178076.16,1.0,1.0
8928301708fffff,0.0,0.0,0.0,0.0,178064.64,1.0,1.0
89283017093ffff,0.0,0.0,0.0,0.0,178064.64,1.0,1.0
89283017097ffff,0.0,0.0,0.0,0.0,178018.56,1.0,1.0
8928301709bffff,0.0,0.0,0.0,0.0,178047.36,1.0,1.0
892830170a3ffff,0.0,0.0,0.0,0.0,178041.6,1.0,1.0
892830170a7ffff,0.0,0.0,0.0,0.0,178053.12,1.0,1.0
892830170abffff,0.0,0.0,0.0,0.0,178070.4,1.0,1.0
892830170afffff,0.0,0.0,0.0,0.0,178081.92,1.0,1.0
892830170b3ffff,0.0,0.0,0.0,0.0,178070.4,1.0,1.0
892830170b7ffff,0.0,0.0,0.0,0.0,178035.84,1.0,1.0
892830170bbffff,0.0,0.0,0.0,0.0,178053.12,1.0,1.0
892830170c3ffff,0.0,0.0,0.0,0.0,178110.72,1.0,1.0
892830170c7ffff,0.0,0.0,0.0,0.0,178070.4,1.0,1.0
892830170cbffff,0.0,0.0,0.0,0.0,178076.16,1.0,1.0
892830170cfffff,0.0,0.0,0.0,0.0,178081.92,1.0,1.0
892830170d3ffff,0.0,0.0,0.0,0.0,178053.12,1.0,1.0
892830170d7ffff,0.0,0.0,0.0,0.0,178058.88,1.0,1.0
892830170dbffff,0.0,0.0,0.0,0.0,178081.92,1.0,1.0
89283017103ffff,0.0,0.0,0.0,0.0,178053.12,1.0,1.0
89283017107ffff,0.0,0.0,0.0,0.0,178070.4,1.0,1.0
8928301710bffff,0.0,0.0,0.0,0.0,178076.16,1.0,1.0
89283017113ffff,0.0,0.0,0.0,0.0,178058.88,1.0,1.0
89283017117ffff,0.0,0.0,0.0,0.0,178047.36,1.0,1.0
8928301711bffff,0.0,0.0,0.0,0.0,178081.92,1.0,1.0
89283017153ffff,0.0,0.0,0.0,0.0,178093.44,1.0,1.0
89283017157ffff,0.0,0.0,0.0,0.0,178099.2,1.0,1.0
89283017183ffff,0.0,0.0,0.0,0.0,178024.32,1.0,1.0
89283017187ffff,0.0,0.0,0.0,0.0,178024.32,1.0,1.0
8928301718bffff,0.0,0.0,0.0,0.0,178053.12,1.0,1.0
8928301718fffff,0.0,0.0,0.0,0.0,178081.92,1.0,1.0
89283017193ffff,0.0,0.0,0.0,0.0,178012.8,1.0,1.0
89283017197ffff,0.0,0.0,0.0,0.0,178012.8,1.0,1.0
8928301719bffff,0.0,0.0,0.0,0.0,178030.08,1.0,1.0
892830171a3ffff,0.0,0.0,0.0,0.0,178007.04,1.0,1.0
892830171a7ffff,0.0,0.0,0.0,0.0,178012.8,1.0,1.0
892830171abffff,0.0,0.0,0.0,0.0,178024.32,1.0,1.0
892830171afffff,0.0,0.0,0.0,0.0,178018.56,1.0,1.0
892830171b3ffff,0.0,0.0,0.0,0.0,178018.56,1.0,1.0
892830171b7ffff,0.0,0.0,0.0,0.0,178030.08,1.0,1.0
892830171bbffff,0.0,0.0,0.0,0.0,178041.6,1.0,1.0
892830171c3ffff,0.0,0.0,0.0,0.0,178047.36,1.0,1.0
892830171c7ffff,0.0,0.0,0.0,0.0,178041.6,1.0,1.0
892830171cbffff,0.0,0.0,0.0,0.0,178070.4,1.0,1.0
892830171cfffff,0.0,0.0,0.0,0.0,178058.88,1.0,1.0
892830171d3ffff,0.0,0.0,0.0,0.0,178064.64,1.0,1.0
892830171d7ffff,0.0,0.0,0.0,0.0,178064.64,1.0,1.0
892830171dbffff,0.0,0.0,0.0,0.0,178070.4,1.0,1.0
89283017293ffff,0.0,0.0,0.0,0.0,178099.2,1.0,1.0
89283017297ffff,0.0,0.0,0.0,0.0,178133.76,1.0,1.0
89283017403ffff,0.0,0.0,0.0,0.0,178018.56,1.0,1.0
89283017407ffff,0.0,0.0,0.0,0.0,178007.04,1.0,1.0
8928301740bffff,0.0,0.0,0.0,0.0,178024.32,1.0,1.0
8928301740fffff,0.0,0.0,0.0,0.0,178030.08,1.0,1.0
89283017413ffff,0.0,0.0,0.0,0.0,178018.56,1.0,1.0
89283017417ffff,0.0,0.0,0.0,0.0,178024.32,1.0,1.0
8928301741bffff,0.0,0.0,0.0,0.0,178058.88,1.0,1.0
89283017423ffff,0.0,0.0,0.0,0.0,178035.84,1.0,1.0
89283017427ffff,0.0,0.0,0.0,0.0,178018.56,1.0,1.0
8928301742bffff,0.0,0.0,0.0,0.0,178035.84,1.0,1.0
8928301742fffff,0.0,0.0,0.0,0.0,178035.84,1.0,1.0
89283017433ffff,0.0,0.0,0.0,0.0,178018.56,1.0,1.0
89283017437ffff,0.0,0.0,0.0,0.0,178024.32,1.0,1.0
8928301743bffff,0.0,0.0,0.0,0.0,178047.36,1.0,1.0
89283017443ffff,0.0,0.0,0.0,0.0,178030.08,1.0,1.0
89283017447ffff,0.0,0.0,0.0,0.0,178058.88,1.0,1.0
8928301744bffff,0.0,0.0,0.0,0.0,178035.84,1.0,1.0
8928301744fffff,0.0,0.0,0.0,0.0,178087.68,1.0,1.0
89283017453ffff,0.0,0.0,0.0,0.0,178047.36,1.0,1.0
89283017457ffff,0.0,0.0,0.0,0.0,178041.6,1.0,1.0
8928301745bffff,0.0,0.0,0.0,0.0,178058.88,1.0,1.0
89283017463ffff,0.0,0.0,0.0,0.0,178041.6,1.0,1.0
89283017467ffff,0.0,0.0,0.0,0.0,178053.12,1.0,1.0
8928301746bffff,0.0,0.0,0.0,0.0,178064.64,1.0,1.0
8928301746fffff,0.0,0.0,0.0,0.0,178076.16,1.0,1.0
89283017473ffff,0.0,0.0,0.0,0.0,178053.12,1.0,1.0
89283017477ffff,0.0,0.0,0.0,0.0,178030.08,1.0,1.0
8928301747bffff,0.0,0.0,0.0,0.0,178047.36,1.0,1.0
89283017483ffff,0.0,0.0,0.0,0.0,178012.8,1.0,1.0
89283017487ffff,0.0,0.0,0.0,0.0,177984.0,1.0,1.0
8928301748bffff,0.0,0.0,0.0,0.0,177995.52,1.0,1.0
8928301748fffff,0.0,0.0,0.0,0.0,177995.52,1.0,1.0
89283017493ffff,0.0,0.0,0.0,0.0,177984.0,1.0,1.0
89283017497ffff,0.0,0.0,0.0,0.0,178007.04,1.0,1.0
8928301749bffff,0.0,0.0,0.0,0.0,177995.52,1.0,1.0
892830174a3ffff,0.0,0.0,0.0,0.0,177995.52,1.0,1.0
892830174a7ffff,0.0,0.0,0.0,0.0,178001.28,1.0,1.0
892830174abffff,0.0,0.0,0.0,0.0,178001.28,1.0,1.0
892830174afffff,0.0,0.0,0.0,0.0,178012.8,1.0,1.0
892830174b3ffff,0.0,0.0,0.0,0.0,177972.48,1.0,1.0
892830174b7ffff,0.0,0.0,0.0,0.0,178012.8,1.0,1.0
892830174bbffff,0.0,0.0,0.0,0.0,178012.8,1.0,1.0
892830174c3ffff,0.0,0.0,0.0,0.0,178030.08,1.0,1.0
892830174c7ffff,0.0,0.0,0.0,0.0,178007.04,1.0,1.0
892830174cbffff,0.0,0.0,0.0,0.0,178030.08,1.0,1.0
892830174cfffff,0.0,0.0,0.0,0.0,178012.8,1.0,1.0
892830174d3ffff,0.0,0.0,0.0,0.0,178012.8,1.0,1.0
892830174d7ffff,0.0,0.0,0.0,0.0,178018.56,1.0,1.0
892830174dbffff,0.0,0.0,0.0,0.0,178030.08,1.0,1.0
89283017503ffff,0.0,0.0,0.0,0.0,178018.56,1.0,1.0
89283017507ffff,0.0,0.0,0.0,0.0,178018.56,1.0,1.0
8928301750bffff,0.0,0.0,0.0,0.0,178001.28,1.0,1.0
8928301750fffff,0.0,0.0,0.0,0.0,178007.04,1.0,1.0
89283017513ffff,0.0,0.0,0.0,0.0,177978.24,1.0,1.0
89283017517ffff,0.0,0.0,0.0,0.0,177984.0,1.0,1.0
8928301751bffff,0.0,0.0,0.0,0.0,178007.04,1.0,1.0
89283017523ffff,0.0,0.0,0.0,0.0,178001.28,1.0,1.0
89283017527ffff,0.0,0.0,0.0,0.0,177966.72,1.0,1.0
8928301752bffff,0.0,0.0,0.0,0.0,178024.32,1.0,1.0
8928301752fffff,0.0,0.0,0.0,0.0,178024.32,1.0,1.0
89283017533ffff,0.0,0.0,0.0,0.0,178001.28,1.0,1.0
89283017537ffff,0.0,0.0,0.0,0.0,177966.72,1.0,1.0
8928301753bffff,0.0,0.0,0.0,0.0,178012.8,1.0,1.0
89283017543ffff,0.0,0.0,0.0,0.0,178030.08,1.0,1.0
89283017547ffff,0.0,0.0,0.0,0.0,178007.04,1.0,1.0
8928301754bffff,0.0,0.0,0.0,0.0,178041.6,1.0,1.0
8928301754fffff,0.0,0.0,0.0,0.0,178035.84,1.0,1.0
89283017553ffff,0.0,0.0,0.0,0.0,178030.08,1.0,1.0
89283017557ffff,0.0,0.0,0.0,0.0,178047.36,1.0,1.0
8928301755bffff,0.0,0.0,0.0,0.0,178053.12,1.0,1.0
89283017563ffff,0.0,0.0,0.0,0.0,178047.36,1.0,1.0
89283017567ffff,0.0,0.0,0.0,0.0,178035.84,1.0,1.0
8928301756bffff,0.0,0.0,0.0,0.0,178035.84,1.0,1.0
8928301756fffff,0.0,0.0,0.0,0.0,178035.84,1.0,1.0
89283017573ffff,0.0,0.0,0.0,0.0,178012.8,1.0,1.0
89283017577ffff,0.0,0.0,0.0,0.0,178024.32,1.0,1.0
8928301757bffff,0.0,0.0,0.0,0.0,178047.36,1.0,1.0
89283017583ffff,0.0,0.0,0.0,0.0,177984.0,1.0,1.0
89283017587ffff,0.0,0.0,0.0,0.0,178001.28,1.0,1.0
8928301758bffff,0.0,0.0,0.0,0.0,177995.52,1.0,1.0
8928301758fffff,0.0,0.0,0.0,0.0,177978.24,1.0,1.0
89283017593ffff,0.0,0.0,0.0,0.0,177978.24,1.0,1.0
89283017597ffff,0.0,0.0,0.0,0.0,177960.96,1.0,1.0
8928301759bffff,0.0,0.0,0.0,0.0,177995.52,1.0,1.0
892830175a3ffff,0.0,0.0,0.0,0.0,177949.44,1.0,1.0
892830175a7ffff,0.0,0.0,0.0,0.0,177978.24,1.0,1.0
892830175abffff,0.0,0.0,0.0,0.0,178018.56,1.0,1.0
892830175afffff,0.0,0.0,0.0,0.0,177989.76,1.0,1.0
892830175b3ffff,0.0,0.0,0.0,0.0,177960.96,1.0,1.0
892830175b7ffff,0.0,0.0,0.0,0.0,177937.92,1.0,1.0
892830175bbffff,0.0,0.0,0.0,0.0,177955.2,1.0,1.0
892830175c3ffff,0.0,0.0,0.0,0.0,178001.28,1.0,1.0
892830175c7ffff,0.0,0.0,0.0,0.0,177995.52,1.0,1.0
892830175cbffff,0.0,0.0,0.0,0.0,178001.28,1.0,1.0
892830175cfffff,0.0,0.0,0.0,0.0,178007.04,1.0,1.0
892830175d3ffff,0.0,0.0,0.0,0.0,177984.0,1.0,1.0
892830175d7ffff,0.0,0.0,0.0,0.0,178035.84,1.0,1.0
892830175dbffff,0.0,0.0,0.0,0.0,178001.28,1.0,1.0
89283017603ffff,0.0,0.0,0.0,0.0,178081.92,1.0,1.0
89283017607ffff,0.0,0.0,0.0,0.0,178076.16,1.0,1.0
8928301760bffff,0.0,0.0,0.0,0.0,178104.96,1.0,1.0
8928301760fffff,0.0,0.0,0.0,0.0,178128.0,1.0,1.0
89283017613ffff,0.0,0.0,0.0,0.0,178076.16,1.0,1.0
89283017617ffff,0.0,0.0,0.0,0.0,178116.48,1.0,1.0
8928301761bffff,0.0,0.0,0.0,0.0,178133.76,1.0,1.0
89283017623ffff,0.0,0.0,0.0,0.0,178081.92,1.0,1.0
89283017627ffff,0.0,0.0,0.0,0.0,178104.96,1.0,1.0
8928301762bffff,0.0,0.0,0.0,0.0,178133.76,1.0,1.0
8928301762fffff,0.0,0.0,0.0,0.0,178116.48,1.0,1.0
89283017633ffff,0.0,0.0,0.0,0.0,178110.72,1.0,1.0
89283017637ffff,0.0,0.0,0.0,0.0,178093.44,1.0,1.0
8928301763bffff,0.0,0.0,0.0,0.0,178110.72,1.0,1.0
89283017643ffff,0.0,0.0,0.0,0.0,178133.76,1.0,1.0
89283017647ffff,0.0,0.0,0.0,0.0,178151.04,1.0,1.0
8928301764fffff,0.0,0.0,0.0,0.0,178116.48,1.0,1.0
89283017653ffff,0.0,0.0,0.0,0.0,178128.0,1.0,1.0
89283017657ffff,0.0,0.0,0.0,0.0,178093.44,1.0,1.0
89283017663ffff,0.0,0.0,0.0,0.0,178151.04,1.0,1.0
89283017667ffff,0.0,0.0,0.0,0.0,178104.96,1.0,1.0
8928301766bffff,0.0,0.0,0.0,0.0,178116.48,1.0,1.0
8928301766fffff,0.0,0.0,0.0,0.0,178156.8,1.0,1.0
89283017673ffff,0.0,0.0,0.0,0.0,178093.44,1.0,1.0
89283017677ffff,0.0,0.0,0.0,0.0,178116.48,1.0,1.0
8928301767bffff,0.0,0.0,0.0,0.0,178133.76,1.0,1.0
89283017683ffff,0.0,0.0,0.0,0.0,178064.64,1.0,1.0
89283017687ffff,0.0,0.0,0.0,0.0,178099.2,1.0,1.0
8928301768bffff,0.0,0.0,0.0,0.0,178116.48,1.0,1.0
8928301768fffff,0.0,0.0,0.0,0.0,178076.16,1.0,1.0
89283017693ffff,0.0,0.0,0.0,0.0,178087.68,1.0,1.0
89283017697ffff,0.0,0.0,0.0,0.0,178041.6,1.0,1.0
8928301769bffff,0.0,0.0,0.0,0.0,178058.88,1.0,1.0
892830176a3ffff,0.0,0.0,0.0,0.0,178104.96,1.0,1.0
892830176a7ffff,0.0,0.0,0.0,0.0,178070.4,1.0,1.0
892830176abffff,0.0,0.0,0.0,0.0,178087.68,1.0,1.0
892830176afffff,0.0,0.0,0.0,0.0,178064.64,1.0,1.0
892830176b3ffff,0.0,0.0,0.0,0.0,178058.88,1.0,1.0
892830176b7ffff,0.0,0.0,0.0,0.0,178064.64,1.0,1.0
892830176bbffff,0.0,0.0,0.0,0.0,178053.12,1.0,1.0
892830176c3ffff,0.0,0.0,0.0,0.0,178122.24,1.0,1.0
892830176c7ffff,0.0,0.0,0.0,0.0,178076.16,1.0,1.0
892830176cbffff,0.0,0.0,0.0,0.0,178104.96,1.0,1.0
892830176cfffff,0.0,0.0,0.0,0.0,178099.2,1.0,1.0
892830176d3ffff,0.0,0.0,0.0,0.0,178081.92,1.0,1.0
892830176d7ffff,0.0,0.0,0.0,0.0,178058.88,1.0,1.0
892830176dbffff,0.0,0.0,0.0,0.0,178093.44,1.0,1.0
89283088937ffff,20.93347152944225,0.0,0.0,22892.0,177834.24,1.0,0.2393
89283088983ffff,43.368536996242064,0.0,0.0,47436.0,177799.68,1.0,0.2014
89283088987ffff,4.542656255062696,0.0,0.0,4968.0,177770.88,1.0,0.692
8928308898fffff,33.18433582742202,0.0,0.0,36295.0,177828.48,1.0,0.1323
89283088993ffff,56.74020798911459,0.0,0.0,62064.0,177793.92,1.0,0.0852
89283088997ffff,7.1648365886049294,0.0,0.0,7837.0,177828.48,1.0,0.2369
8928308899bffff,30.525224378705897,0.0,0.0,33390.0,177770.88,1.0,0.0547
892830889a3ffff,7.5689856198989505,0.0,0.0,8278.0,177845.76,1.0,0.6602
892830889a7ffff,27.74448511548055,0.0,0.0,30341.0,177816.96,1.0,0.2714
892830889abffff,32.87546974212777,0.0,0.0,35954.0,177799.68,1.0,0.1363
892830889afffff,9.116532218874527,0.0,0.0,9970.0,177793.92,1.0,0.6118
892830889b3ffff,24.95383120038879,0.0,0.0,27291.0,177782.4,1.0,0.2105
892830889b7ffff,32.27813239153679,0.0,0.0,35300.0,177770.88,1.0,0.0654
892830889bbffff,13.302455140247456,0.0,0.0,14549.0,177834.24,1.0,0.3625
89283088da7ffff,62.024824189000874,23.69758576874206,6918.0,67847.0,177736.32,1.0,0.0136
89283088db7ffff,44.50494247285691,25.902125556104792,17268.0,48685.0,177724.8,1.0,0.0808
8928308c003ffff,5.2326146863349,9.07914201183432,28322.0,5716.0,177667.2,1.0,0.1573
8928308c007ffff,3.0049596421277838,2.024185068349106,21468.0,3283.0,177690.24,1.0,0.1614
8928308c00bffff,4.7883031835570256,4.220779220779221,35683.0,5231.0,177672.96,1.0,0.0691
8928308c00fffff,3.344568317345087,1.819571865443425,36985.0,3654.0,177730.56,1.0,0.0634
8928308c013ffff,4.9337093584881195,6.1566049013747755,36173.0,5390.0,177690.24,1.0,0.0334
8928308c017ffff,5.272373540856031,5.147058823529411,25263.0,5760.0,177638.4,1.0,0.264
8928308c01bffff,4.64091262639357,6.69723268380547,32820.0,5070.0,177730.56,1.0,0.0517
8928308c023ffff,1.6954097510373443,4.175744371822803,15201.0,1852.0,177684.48,1.0,0.3041
8928308c027ffff,3.925318466176137,4.084299950988401,33817.0,4287.0,177701.76,1.0,0.1137
8928308c02bffff,3.549662863070539,0.3280032800328003,14003.0,3877.0,177684.48,1.0,0.6409
8928308c02fffff,7.769854132901134,7.467677218011591,23910.0,8487.0,177696.0,1.0,0.2128
8928308c033ffff,6.250607878100178,2.8500619578686495,9032.0,6828.0,177667.2,1.0,0.4349
8928308c037ffff,1.805334975529122,0.26513477684489617,26001.0,1972.0,177713.28,1.0,0.1907
8928308c03bffff,2.0488216033974127,1.3620386643233744,12931.0,2238.0,177678.72,1.0,0.4003
8928308c043ffff,6.425377486877065,6.624659400544959,31582.0,7020.0,177765.12,1.0,0.0579
8928308c047ffff,3.7867980806639867,4.081196581196581,25857.0,4137.0,177661.44,1.0,0.0751
8928308c04bffff,4.3485305077606045,3.416856492027335,29307.0,4751.0,177759.36,1.0,0.0779
8928308c04fffff,3.023723100855587,4.840546697038724,9625.0,3303.0,177730.56,1.0,0.3717
8928308c053ffff,4.927545628424157,4.279967819790829,34266.0,5384.0,177678.72,1.0,0.1076
8928308c057ffff,4.599377674056787,3.6787470406119107,30465.0,5025.0,177707.52,1.0,0.1108
8928308c05bffff,4.417150079398516,5.627864344637947,29652.0,4826.0,177736.32,1.0,0.0472
8928308c063ffff,3.695539419087137,2.9568934805842537,31380.0,4037.0,177684.48,1.0,0.0369
8928308c067ffff,1.8052179549505751,0.3001000333444481,34445.0,1972.0,177724.8,1.0,0.0458
8928308c06bffff,2.3043266893534273,0.8766437069505322,36472.0,2517.0,177724.8,1.0,0.0645
8928308c06fffff,2.340128998800765,0.42720437457279564,33564.0,2556.0,177713.28,1.0,0.0455
8928308c073ffff,3.5687660043434573,3.03323029366306,28909.0,3899.0,177701.76,1.0,0.0962
8928308c077ffff,8.212607356992384,1.1810074716799228,23616.0,8971.0,177724.8,1.0,0.0743
8928308c07bffff,5.761876984898567,1.9603999215840031,28806.0,6295.0,177742.08,1.0,0.056
8928308c083ffff,9.530449445489332,6.932185145317546,24900.0,10412.0,177626.88,1.0,0.142
8928308c087ffff,4.8745705581124,4.5261281031408584,40095.0,5325.0,177719.04,1.0,0.0637
8928308c08bffff,6.430378104935469,3.7626881344067207,31674.0,7026.0,177626.88,1.0,0.0527
8928308c08fffff,4.894810204544718,4.663316582914573,27320.0,5348.0,177690.24,1.0,0.1554
8928308c093ffff,8.9792213686019,11.999182338511856,24797.0,9811.0,177690.24,1.0,0.1896
8928308c097ffff,3.352679874193444,6.020278833967047,34168.0,3663.0,177644.16,1.0,0.0484
8928308c09bffff,5.099526680931077,2.054082163286531,21698.0,5572.0,177672.96,1.0,0.2072
8928308c0a3ffff,2.003371369294606,0.5312084993359893,21571.0,2188.0,177684.48,1.0,0.2868
8928308c0a7ffff,2.879937731076085,2.44457077885162,19768.0,3146.0,177603.84,1.0,0.4262
8928308c0abffff,3.1080862096904878,3.045509603737671,32273.0,3395.0,177724.8,1.0,0.1089
8928308c0afffff,3.8616172751442837,0.2958579881656805,15529.0,4218.0,177649.92,1.0,0.527
8928308c0b3ffff,3.038754661910167,1.8646674356016917,29405.0,3320.0,177609.6,1.0,0.0476
8928308c0b7ffff,2.6680931076962975,1.7584097859327217,14803.0,2915.0,177672.96,1.0,0.4505
8928308c0bbffff,2.6977950713359276,0.4063816977724262,38114.0,2947.0,177638.4,1.0,0.105
8928308c0c3ffff,3.662291362826122,1.3144058885383807,32435.0,4002.0,177724.8,1.0,0.0995
8928308c0c7ffff,3.339060524524265,3.405625211792613,32838.0,3648.0,177678.72,1.0,0.0362
8928308c0cbffff,3.6430817100444037,1.4119192250861927,34589.0,3981.0,177713.28,1.0,0.1102
8928308c0cfffff,2.7590455193878873,2.113257388145947,34151.0,3014.0,177661.44,1.0,0.09
8928308c0d3ffff,3.2903267634854774,1.7890934113194565,32884.0,3595.0,177684.48,1.0,0.1505
8928308c0d7ffff,4.252836304700161,3.3815639733376686,34232.0,4647.0,177696.0,1.0,0.0834
8928308c0dbffff,6.464790558941772,3.4505862646566166,33201.0,7064.0,177661.44,1.0,0.052
8928308c103ffff,0.8817427385892116,0.0,0.0,963.0,177684.48,1.0,0.8524
8928308c107ffff,0.0,0.0,0.0,0.0,177632.64,1.0,0.9969
8928308c10bffff,13.268084003111227,0.0,0.0,14490.0,177730.56,1.0,0.5534
8928308c10fffff,0.901426718547341,0.0,0.0,984.0,177638.4,1.0,0.9564
8928308c113ffff,0.3535058701433483,0.0,0.0,386.0,177603.84,1.0,0.8185
8928308c117ffff,0.08751742244983955,0.0,0.0,96.0,177701.76,1.0,0.9836
8928308c11bffff,0.29832355134731997,0.0,5944.0,326.0,177632.64,1.0,0.8116
8928308c123ffff,0.0,0.0,0.0,0.0,177603.84,1.0,0.9997
8928308c127ffff,0.0,0.0,0.0,0.0,177713.28,1.0,0.9977
8928308c12bffff,0.012965964343598056,0.0,0.0,14.0,177696.0,1.0,0.9931
8928308c12fffff,0.009724158049982173,0.0,0.0,11.0,177701.76,1.0,0.9396
8928308c133ffff,0.0,0.0,0.0,0.0,177713.28,1.0,1.0
8928308c137ffff,0.0,0.0,0.0,0.0,177598.08,1.0,1.0
8928308c13bffff,0.0,0.0,0.0,0.0,177736.32,1.0,1.0
8928308c143ffff,13.4720736490648,4.991629888905798,35960.0,14714.0,177690.24,1.0,0.1692
8928308c147ffff,12.67263178369967,0.1763668430335097,3260.0,13840.0,177672.96,1.0,0.5697
8928308c14bffff,17.737231008555874,1.5669205658324266,26052.0,19372.0,177730.56,1.0,0.1959
8928308c14fffff,12.519856063798748,11.560693641618498,881.0,13673.0,177678.72,1.0,0.6074
8928308c153ffff,8.80388978930308,4.515555555555555,30937.0,9616.0,177696.0,1.0,0.2036
8928308c157ffff,1.352096235530625,0.5526083112290009,25914.0,1477.0,177644.16,1.0,0.3186
8928308c15bffff,3.724111107509805,1.4559265706599145,35868.0,4068.0,177713.28,1.0,0.076
8928308c163ffff,0.5186721991701244,2.5991792065663475,8202.0,566.0,177684.48,1.0,0.9098
8928308c167ffff,0.0,0.0,0.0,0.0,177719.04,1.0,0.956
8928308c16bffff,3.388126965599974,0.0,0.0,3700.0,177655.68,1.0,0.5702
8928308c16fffff,2.692631715378135,0.5675368898978433,5046.0,2940.0,177765.12,1.0,0.5139
8928308c173ffff,1.4781199351701781,1.0589013898080741,8611.0,1614.0,177696.0,1.0,0.6809
8928308c177ffff,0.0,0.0,0.0,0.0,177678.72,1.0,0.9935
8928308c17bffff,2.236266407389402,0.09551098376313276,6025.0,2442.0,177724.8,1.0,0.8428
8928308c183ffff,0.8072621170367968,0.0,0.0,882.0,177667.2,1.0,0.8494
8928308c187ffff,0.23991700168590324,0.0,0.0,262.0,177661.44,1.0,0.9646
8928308c18bffff,0.12642634854771784,0.0,0.0,138.0,177684.48,1.0,0.9675
8928308c18fffff,0.6875081074069269,0.0,0.0,751.0,177615.36,1.0,0.8821
8928308c193ffff,2.042867797269691,0.0,0.0,2231.0,177632.64,1.0,0.5049
8928308c197ffff,0.7393955117395252,0.0,0.0,808.0,177615.36,1.0,0.7384
8928308c19bffff,0.16541255838090296,0.0,7206.0,181.0,177592.32,1.0,0.5794
8928308c1a3ffff,0.0,0.0,0.0,0.0,177644.16,1.0,0.953
8928308c1a7ffff,0.0,0.0,0.0,0.0,177638.4,1.0,1.0
8928308c1abffff,0.0,0.0,0.0,0.0,177598.08,1.0,0.9999
8928308c1afffff,0.0,0.0,0.0,0.0,177690.24,1.0,0.9998
8928308c1b3ffff,0.0,0.0,0.0,0.0,177598.08,1.0,0.9479
8928308c1b7ffff,0.20098547717842322,0.0,0.0,219.0,177684.48,1.0,0.7436
8928308c1bbffff,0.0,0.0,0.0,0.0,177672.96,1.0,0.9559
8928308c1c3ffff,1.5112206511869244,0.0,789.0,1651.0,177615.36,1.0,0.7852
8928308c1c7ffff,0.0,0.0,0.0,0.0,177730.56,1.0,1.0
8928308c1cbffff,4.179772366159733,1.7666543982333458,30747.0,4565.0,177632.64,1.0,0.1942
8928308c1cfffff,4.647544968400584,3.8361845515811304,10685.0,5076.0,177724.8,1.0,0.6742
8928308c1d3ffff,0.3209180200330643,0.0,3375.0,351.0,177690.24,1.0,0.6809
8928308c1d7ffff,0.0,0.0,2667.0,0.0,177621.12,1.0,0.8606
8928308c1dbffff,3.0176325683910283,0.0,7448.0,3296.0,177707.52,1.0,0.4471
8928308c203ffff,13.331389509832508,24.54212454212454,4746.0,14565.0,177793.92,1.0,0.5613
8928308c207ffff,2.3262595172525513,4.229607250755287,1826.0,2541.0,177782.4,1.0,0.7498
8928308c20bffff,24.559471365638768,11.475409836065573,3732.0,26833.0,177822.72,1.0,0.2101
8928308c20fffff,18.950097213221,2.1478382147838215,20206.0,20703.0,177753.6,1.0,0.3013
8928308c213ffff,10.993034181111291,2.9320987654320985,3623.0,12011.0,177782.4,1.0,0.2785
8928308c217ffff,15.52869503224343,6.427503736920777,21635.0,16966.0,177747.84,1.0,0.1097
8928308c21bffff,27.80765990538526,14.275838230210855,14285.0,30383.0,177765.12,1.0,0.2248
8928308c223ffff,10.968222603738136,5.177514792899409,29537.0,11982.0,177816.96,1.0,0.1434
8928308c227ffff,6.377393953141709,6.713873590348807,20488.0,6966.0,177747.84,1.0,0.4086
8928308c22bffff,10.903376320394012,3.0578329270994904,25200.0,11911.0,177765.12,1.0,0.0604
8928308c22fffff,13.66507921080766,11.632133769538349,14003.0,14927.0,177793.92,1.0,0.3859
8928308c233ffff,13.266794128131176,2.34208658623137,15852.0,14493.0,177747.84,1.0,0.2089
8928308c237ffff,9.09974407982118,3.320772491756948,23645.0,9940.0,177805.44,1.0,0.212
8928308c23bffff,11.890490847237972,2.722063037249284,35199.0,12990.0,177782.4,1.0,0.1089
8928308c243ffff,39.20704845814978,18.40958605664488,4314.0,42839.0,177822.72,1.0,0.1536
8928308c247ffff,21.014774494556764,1.3363028953229399,2552.0,22960.0,177776.64,1.0,0.2284
8928308c24bffff,7.007710749692218,1.0626992561105209,5363.0,7657.0,177788.16,1.0,0.3483
8928308c24fffff,10.70514689210637,1.8944914019236374,19388.0,11696.0,177828.48,1.0,0.2477
8928308c253ffff,27.06240684336725,10.468621540147986,18818.0,29570.0,177765.12,1.0,0.0557
8928308c257ffff,16.40533886225217,6.1297539149888145,12084.0,17925.0,177799.68,1.0,0.3892
8928308c25bffff,20.37642942758107,15.254951538137378,11583.0,22265.0,177805.44,1.0,0.1933
8928308c263ffff,12.46234085976222,0.8269858541893361,26248.0,13615.0,177805.44,1.0,0.0465
8928308c267ffff,17.093712545754915,2.6879891119428376,16474.0,18674.0,177816.96,1.0,0.1513
8928308c26bffff,14.588799274446929,5.288773523685919,16813.0,15938.0,177828.48,1.0,0.1822
8928308c26fffff,10.771323981988402,1.851072780816155,13438.0,11767.0,177805.44,1.0,0.2615
8928308c273ffff,8.698046583951538,1.1014615547553483,26893.0,9503.0,177805.44,1.0,0.1524
8928308c277ffff,4.955626093152814,0.421322586554314,31311.0,5414.0,177834.24,1.0,0.0337
8928308c27bffff,11.921731242710898,0.05293806246691372,21750.0,13025.0,177799.68,1.0,0.2446
8928308c283ffff,8.097861309138041,6.56232839099396,19601.0,8848.0,177753.6,1.0,0.1927
8928308c287ffff,10.724121172849506,6.210069000766675,21139.0,11717.0,177782.4,1.0,0.3452
8928308c28bffff,3.952953374590934,5.698739977090493,18968.0,4319.0,177770.88,1.0,0.2274
8928308c28fffff,2.2620475094792107,7.806691449814126,2857.0,2471.0,177736.32,1.0,0.4711
8928308c293ffff,7.277086573354069,8.414872798434441,32348.0,7951.0,177776.64,1.0,0.0788
8928308c297ffff,8.316857355848702,10.022668393782382,32008.0,9087.0,177713.28,1.0,0.0511
8928308c29bffff,9.301571868416788,5.987730061349693,22067.0,10164.0,177724.8,1.0,0.1491
8928308c2a3ffff,12.87176828873194,0.36939313984168864,21750.0,14062.0,177788.16,1.0,0.1781
8928308c2a7ffff,5.87034035656402,0.18315018315018314,28253.0,6413.0,177696.0,1.0,0.0368
8928308c2abffff,9.741795444973596,4.451438848920864,12240.0,10643.0,177793.92,1.0,0.1118
8928308c2afffff,14.260255330179508,2.7106227106227108,7649.0,15578.0,177765.12,1.0,0.1124
8928308c2b3ffff,12.222474313681003,1.3910355486862442,7350.0,13353.0,177713.28,1.0,0.4284
8928308c2b7ffff,4.387556707712249,2.2272026894523043,40205.0,4793.0,177753.6,1.0,0.0413
8928308c2bbffff,2.9291685568012444,0.22236340533672172,18092.0,3200.0,177765.12,1.0,0.2259
8928308c2c3ffff,53.79480199624085,37.002930096274596,8669.0,58782.0,177742.08,1.0,0.0649
8928308c2c7ffff,24.56668934460751,11.158277744087327,25315.0,26843.0,177793.92,1.0,0.0838
8928308c2cbffff,27.42468415937804,11.48,12747.0,29967.0,177811.2,1.0,0.1574
8928308c2cfffff,15.819483590889947,8.934032328527742,24013.0,17285.0,177793.92,1.0,0.0342
8928308c2d3ffff,8.442946931899177,1.4953271028037385,30355.0,9226.0,177788.16,1.0,0.0885
8928308c2d7ffff,15.85239422017754,4.357506361323155,17320.0,17322.0,177788.16,1.0,0.2554
8928308c2dbffff,65.35234083913818,27.665827036104112,9924.0,71414.0,177782.4,1.0,0.0266
8928308c303ffff,5.03030499465206,1.9413092550790065,25021.0,5494.0,177713.28,1.0,0.1066
8928308c307ffff,0.33048211508553654,0.0,0.0,361.0,177776.64,1.0,0.7601
8928308c30bffff,3.8826770377572517,0.6113092205807438,22476.0,4241.0,177724.8,1.0,0.1272
8928308c30fffff,0.7580174927113703,0.0,9711.0,828.0,177811.2,1.0,0.5507
8928308c313ffff,19.301315704193403,2.9675108723458683,21848.0,21081.0,177742.08,1.0,0.1734
8928308c317ffff,12.971185946261304,0.5366726296958855,9608.0,14167.0,177713.28,1.0,0.4922
8928308c31bffff,7.189140154214995,5.693283366964543,37688.0,7852.0,177788.16,1.0,0.0638
8928308c323ffff,4.020474940875369,0.0,2212.0,4390.0,177793.92,1.0,0.7219
8928308c327ffff,0.46353322528363045,0.9125067096081589,10633.0,506.0,177696.0,1.0,0.7493
8928308c32bffff,3.8036611048112747,0.0,0.0,4154.0,177782.4,1.0,0.7495
8928308c32fffff,0.1782415659331756,1.0380622837370241,3295.0,195.0,177736.32,1.0,0.9531
8928308c333ffff,0.20742181169988655,0.0,1296.0,227.0,177724.8,1.0,0.6946
8928308c337ffff,2.7346661050448757,0.0,9331.0,2986.0,177770.88,1.0,0.5577
8928308c33bffff,0.0,0.0,0.0,0.0,177701.76,1.0,0.8141
8928308c343ffff,5.942775671559573,0.6764374295377678,35522.0,6491.0,177759.36,1.0,0.0322
8928308c347ffff,2.7964097080457537,1.6527737855705664,39416.0,3054.0,177759.36,1.0,0.0321
8928308c34bffff,6.964916259030095,4.382360996987127,20108.0,7607.0,177805.44,1.0,0.2073
8928308c34fffff,3.450957519198989,2.435830277632268,21456.0,3769.0,177759.36,1.0,0.2262
8928308c353ffff,3.7969352382803643,3.394922637824846,37043.0,4147.0,177793.92,1.0,0.1893
8928308c357ffff,6.798664895168346,1.7330677290836654,28414.0,7426.0,177747.84,1.0,0.0088
8928308c35bffff,8.763120383568744,9.489916963226571,26369.0,9572.0,177799.68,1.0,0.3078
8928308c363ffff,0.9559300064808814,0.0,18017.0,1044.0,177753.6,1.0,0.4818
8928308c367ffff,0.5215250558776845,0.0,0.0,570.0,177816.96,1.0,0.7481
8928308c36bffff,6.117555569956581,1.6555059523809523,30453.0,6681.0,177765.12,1.0,0.0849
8928308c36fffff,3.433087187459515,0.3124023742580444,18380.0,3749.0,177845.76,1.0,0.3103
8928308c373ffff,4.831027443864822,3.675078864353312,35176.0,5276.0,177770.88,1.0,0.0388
8928308c377ffff,0.3337762079134126,0.0,2218.0,365.0,177747.84,1.0,0.7244
8928308c37bffff,4.917873457090096,0.7123556865634979,23282.0,5371.0,177793.92,1.0,0.0811
8928308c383ffff,1.841047582004408,0.0,0.0,2011.0,177707.52,1.0,0.5042
8928308c387ffff,13.712081928960332,2.7796610169491522,8260.0,14976.0,177730.56,1.0,0.5011
8928308c38bffff,9.689445020746888,3.6740461610927935,23558.0,10583.0,177684.48,1.0,0.1464
8928308c38fffff,1.1373209772535804,0.0,1388.0,1242.0,177765.12,1.0,0.5535
8928308c393ffff,0.8685506870624838,0.0,6146.0,949.0,177730.56,1.0,0.4501
8928308c397ffff,6.54605583114483,3.542132736763609,29802.0,7150.0,177655.68,1.0,0.0811
8928308c39bffff,1.1505428617728084,0.7296365083576546,43102.0,1257.0,177724.8,1.0,0.1467
8928308c3a3ffff,7.702527543745949,0.9729729729729729,10552.0,8412.0,177753.6,1.0,0.632
8928308c3a7ffff,5.977503322636066,0.0,6699.0,6528.0,177690.24,1.0,0.6382
8928308c3abffff,12.795594428247488,0.0,6612.0,13974.0,177811.2,1.0,0.4674
8928308c3afffff,2.431197121462608,0.0,10207.0,2655.0,177690.24,1.0,0.4132
8928308c3b3ffff,2.807404285667974,10.648148148148149,11117.0,3066.0,177678.72,1.0,0.7773
8928308c3b7ffff,2.2422396474628994,1.6078606520768202,12689.0,2449.0,177765.12,1.0,0.5059
8928308c3bbffff,1.6921131965379754,0.9057971014492754,6301.0,1848.0,177690.24,1.0,0.7359
8928308c3c3ffff,20.584040967135543,6.33574457470691,21629.0,22484.0,177719.04,1.0,0.0978
8928308c3c7ffff,16.550539585831416,1.0615199034981906,23622.0,18078.0,177736.32,1.0,0.0662
8928308c3cbffff,2.537182852143482,2.078422969787872,26323.0,2771.0,177759.36,1.0,0.0804
8928308c3cfffff,5.801140782991963,3.2463592233009706,36737.0,6336.0,177730.56,1.0,0.0496
8928308c3d3ffff,1.8567123554000193,0.19940179461615154,28829.0,2028.0,177759.36,1.0,0.0596
8928308c3d7ffff,9.447109152190821,0.16599478302110504,24250.0,10319.0,177730.56,1.0,0.1434
8928308c3dbffff,15.567077122488659,1.8270120259019424,24451.0,17005.0,177753.6,1.0,0.1426
8928308c403ffff,2.065097581534072,0.8439576225534207,31807.0,2257.0,177672.96,1.0,0.2047
8928308c407ffff,5.363860422882345,4.002729133500114,24313.0,5861.0,177615.36,1.0,0.3478
8928308c40bffff,2.7917382704840956,1.7723102585487907,27135.0,3051.0,177644.16,1.0,0.1477
8928308c40fffff,3.917117935082201,2.0854526958290944,33264.0,4280.0,177632.64,1.0,0.0679
8928308c413ffff,3.5049607677841905,0.01893939393939394,30407.0,3830.0,177649.92,1.0,0.3661
8928308c417ffff,4.882951818948188,0.841852074564041,18996.0,5336.0,177649.92,1.0,0.3325
8928308c41bffff,4.494017703706105,6.149732620320856,24261.0,4911.0,177644.16,1.0,0.3301
8928308c423ffff,4.125717621874088,3.219938148080771,30643.0,4508.0,177586.56,1.0,0.0939
8928308c427ffff,3.106053237363421,0.9449135504624044,28380.0,3394.0,177655.68,1.0,0.1004
8928308c42bffff,2.7108531405039074,0.8305319359303935,28886.0,2962.0,177632.64,1.0,0.087
8928308c42fffff,1.6046941355723408,2.3278370514064015,34802.0,1753.0,177678.72,1.0,0.033
8928308c433ffff,3.3332252520994783,3.0688622754491015,22378.0,3642.0,177644.16,1.0,0.267
8928308c437ffff,4.10327937980473,4.47814451382694,30839.0,4483.0,177575.04,1.0,0.0758
8928308c43bffff,3.9613589211618256,1.2453784783031718,29232.0,4328.0,177684.48,1.0,0.191
8928308c443ffff,4.042794618252553,1.8491395093372391,30879.0,4418.0,177667.2,1.0,0.1025
8928308c447ffff,3.3040433189585294,1.2271062271062272,31064.0,3611.0,177644.16,1.0,0.1309
8928308c44bffff,4.99238175511395,4.949987176199025,21347.0,5456.0,177678.72,1.0,0.2662
8928308c44fffff,4.846343360995851,1.5955660060463555,33748.0,5296.0,177684.48,1.0,0.2174
8928308c453ffff,1.702445035346002,0.15371102327624067,26191.0,1861.0,177626.88,1.0,0.1481
8928308c457ffff,4.704928664072633,1.7424394151812537,28259.0,5142.0,177638.4,1.0,0.1388
8928308c45bffff,2.829913449382476,2.218278615794144,31738.0,3093.0,177690.24,1.0,0.1599
8928308c463ffff,1.3681753339385294,0.5982596084118927,31582.0,1495.0,177661.44,1.0,0.2276
8928308c467ffff,3.340035021726442,1.2848689771766695,33633.0,3649.0,177626.88,1.0,0.0215
8928308c46bffff,4.2595954356846475,2.9341232896036114,39635.0,4654.0,177684.48,1.0,0.1776
8928308c46fffff,3.8715953307392996,2.1029843822483376,36467.0,4230.0,177638.4,1.0,0.1966
8928308c473ffff,4.9254215304798965,3.775762572135202,33615.0,5382.0,177638.4,1.0,0.0662
8928308c477ffff,2.940604331474517,4.586969758473717,27078.0,3213.0,177661.44,1.0,0.1168
8928308c47bffff,3.628404669260701,4.4692737430167595,31519.0,3965.0,177638.4,1.0,0.2421
8928308c483ffff,2.0657002951000423,0.9421265141318977,16957.0,2257.0,177621.12,1.0,0.3992
8928308c487ffff,0.08110300081103002,0.0,6382.0,89.0,177552.0,1.0,0.3852
8928308c48bffff,4.721600674514382,2.6998411858125992,21174.0,5160.0,177621.12,1.0,0.3133
8928308c48fffff,3.052122863351821,0.6060606060606061,17948.0,3335.0,177586.56,1.0,0.164
8928308c493ffff,1.1092371562013492,1.9867549668874174,13640.0,1212.0,177592.32,1.0,0.5219
8928308c497ffff,2.221429497989363,2.891566265060241,9285.0,2428.0,177615.36,1.0,0.5933
8928308c49bffff,1.4495103443803101,1.1641443538998837,14671.0,1584.0,177626.88,1.0,0.5215
8928308c4a3ffff,0.1881650661821957,0.0,7188.0,206.0,177546.24,1.0,0.3642
8928308c4a7ffff,0.11350369697755869,0.0,4787.0,124.0,177615.36,1.0,0.2901
8928308c4abffff,4.872352158821812,0.46448087431693985,20984.0,5324.0,177563.52,1.0,0.3904
8928308c4afffff,6.618028534370947,2.0021074815595363,10714.0,7231.0,177638.4,1.0,0.4664
8928308c4b3ffff,0.20752942702422258,0.0,0.0,227.0,177632.64,1.0,0.5549
8928308c4b7ffff,0.025952960259529603,0.0,150.0,28.0,177552.0,1.0,0.6088
8928308c4bbffff,2.0948180815876514,0.0,11802.0,2289.0,177626.88,1.0,0.2599
8928308c4c3ffff,4.578321066113291,1.4944491887275833,39865.0,5004.0,177644.16,1.0,0.1566
8928308c4c7ffff,1.050617724310127,0.6501950585175552,8801.0,1148.0,177632.64,1.0,0.3754
8928308c4cbffff,6.2637790169887175,42.28486646884273,2241.0,6846.0,177661.44,1.0,0.2152
8928308c4cfffff,8.17901735041349,1.6565656565656566,14020.0,8939.0,177609.6,1.0,0.4077
8928308c4d3ffff,13.773756243108256,2.8142589118198873,29837.0,15054.0,177603.84,1.0,0.3452
8928308c4d7ffff,12.382465469165425,4.545454545454546,33143.0,13533.0,177649.92,1.0,0.162
8928308c4dbffff,0.4280849683800876,0.0,4660.0,468.0,177609.6,1.0,0.5031
8928308c503ffff,0.09403982100006486,0.0,0.0,103.0,177626.88,1.0,0.5816
8928308c507ffff,3.195665574408721,0.0,7286.0,3491.0,177540.48,1.0,0.5789
8928308c50bffff,1.8483688955185162,3.7383177570093453,4153.0,2019.0,177626.88,1.0,0.4578
8928308c50fffff,2.753275392398495,0.0,3790.0,3008.0,177615.36,1.0,0.6327
8928308c513ffff,4.7132476968989225,2.046204620462046,8548.0,5149.0,177569.28,1.0,0.4414
8928308c517ffff,2.529182879377432,0.0,0.0,2763.0,177638.4,1.0,0.7804
8928308c51bffff,4.5296845108783765,2.1224773834377175,16203.0,4948.0,177644.16,1.0,0.5036
8928308c523ffff,2.0921180668180344,0.0,0.0,2285.0,177580.8,1.0,0.6055
8928308c527ffff,2.2827496757457846,0.0,0.0,2493.0,177638.4,1.0,0.2427
8928308c52bffff,0.08107932801452943,0.0,0.0,89.0,177603.84,1.0,0.6649
8928308c52fffff,2.755446058091286,0.0,0.0,3009.0,177684.48,1.0,0.6162
8928308c533ffff,0.29181933140948735,0.0,392.0,319.0,177644.16,1.0,0.3807
8928308c537ffff,0.8336036328251704,0.0,2915.0,910.0,177580.8,1.0,0.3648
8928308c53bffff,0.1264591439688716,0.0,0.0,138.0,177638.4,1.0,0.3357
8928308c543ffff,3.2713007392037348,0.2605732611745841,28662.0,3574.0,177661.44,1.0,0.0471
8928308c547ffff,4.141935065356297,1.8188432157148053,15546.0,4525.0,177586.56,1.0,0.4067
8928308c54bffff,4.059004700923975,4.688686408504176,28921.0,4434.0,177667.2,1.0,0.092
8928308c54fffff,2.3482858162239304,1.0920121334681496,28172.0,2565.0,177586.56,1.0,0.1665
8928308c553ffff,2.7830035679532923,2.585059874548565,29520.0,3040.0,177580.8,1.0,0.0869
8928308c557ffff,4.59114194928993,2.099186565205983,21491.0,5016.0,177649.92,1.0,0.1942
8928308c55bffff,4.696723970158937,3.7389648606543187,32031.0,5131.0,177580.8,1.0,0.031
8928308c563ffff,1.7221807803327605,0.0,4320.0,1881.0,177598.08,1.0,0.6237
8928308c567ffff,0.6776034236804565,0.0,3358.0,740.0,177661.44,1.0,0.5775
8928308c56bffff,0.6421066286159035,0.0,4602.0,701.0,177615.36,1.0,0.5618
8928308c56fffff,1.931991312522286,0.0,5501.0,2110.0,177690.24,1.0,0.7727
8928308c573ffff,0.0,0.0,0.0,0.0,177678.72,1.0,0.7573
8928308c577ffff,3.025488034243466,0.0,1469.0,3305.0,177626.88,1.0,0.3727
8928308c57bffff,1.4683954619124797,0.0,1002.0,1604.0,177696.0,1.0,0.7844
8928308c583ffff,11.268564757766391,10.828488372093023,28270.0,12310.0,177626.88,1.0,0.2497
8928308c587ffff,12.176451508271164,14.197212183789365,28719.0,13302.0,177580.8,1.0,0.099
8928308c58bffff,3.6318827420714705,3.0249110320284696,3139.0,3968.0,177626.88,1.0,0.287
8928308c58fffff,2.235561323815704,2.8440366972477067,6100.0,2442.0,177523.2,1.0,0.5459
8928308c593ffff,28.474092339638556,27.199039327529274,13968.0,31108.0,177528.96,1.0,0.1314
8928308c597ffff,19.89685036815985,12.66261925411969,34802.0,21736.0,177575.04,1.0,0.0478
8928308c59bffff,2.7159452268154975,4.537037037037037,17816.0,2967.0,177511.68,1.0,0.479
8928308c5a3ffff,3.3431693634683355,2.9055690072639226,6929.0,3652.0,177632.64,1.0,0.2076
8928308c5a7ffff,11.200882572439081,0.8038585209003215,10662.0,12234.0,177517.44,1.0,0.335
8928308c5abffff,0.035685320356853206,0.19880715705765406,11566.0,39.0,177552.0,1.0,0.3151
8928308c5afffff,0.1491714498816357,0.0,3658.0,163.0,177621.12,1.0,0.5607
8928308c5b3ffff,15.694543567118666,12.47320471596999,37630.0,17144.0,177557.76,1.0,0.0334
8928308c5b7ffff,17.412596484400336,13.12571335398663,30689.0,19020.0,177603.84,1.0,0.0835
8928308c5bbffff,5.023186431883777,8.469226722777485,10022.0,5487.0,177621.12,1.0,0.4335
8928308c5c3ffff,2.6003501718435897,6.470588235294119,916.0,2841.0,177649.92,1.0,0.4868
8928308c5c7ffff,1.4074002010571716,0.0,737.0,1538.0,177621.12,1.0,0.3254
8928308c5cbffff,3.6249270475325854,3.855258708150152,32751.0,3960.0,177649.92,1.0,0.0819
8928308c5cfffff,4.579508967664515,5.51948051948052,10057.0,5003.0,177598.08,1.0,0.4509
8928308c5d3ffff,0.3016444487690961,0.0,0.0,330.0,177586.56,1.0,0.2536
8928308c5d7ffff,2.081982098845505,0.0,0.0,2275.0,177615.36,1.0,0.4786
8928308c5dbffff,4.953449897816848,1.7023613399231192,10310.0,5412.0,177563.52,1.0,0.3782
8928308c603ffff,4.012445712063266,1.2902144772117963,33932.0,4385.0,177719.04,1.0,0.0965
8928308c607ffff,8.932970309866459,5.461538461538462,28316.0,9762.0,177707.52,1.0,0.0254
8928308c60bffff,5.612988949022912,7.285582539194589,17372.0,6134.0,177736.32,1.0,0.2004
8928308c60fffff,4.087387767009173,2.3832221163012393,29491.0,4467.0,177701.76,1.0,0.0962
8928308c613ffff,4.113318855142459,1.788617886178862,34790.0,4495.0,177701.76,1.0,0.0985
8928308c617ffff,1.9473786533601192,0.09394081728511039,36755.0,2128.0,177765.12,1.0,0.079
8928308c61bffff,6.366494862070084,3.571428571428571,18196.0,6958.0,177690.24,1.0,0.1611
8928308c623ffff,6.381875344374939,2.72066780027825,36248.0,6973.0,177713.28,1.0,0.0477
8928308c627ffff,4.1474953016654785,1.1188337006272249,33598.0,4532.0,177765.12,1.0,0.041
8928308c62bffff,6.1614753832690505,5.63473649320517,32797.0,6733.0,177713.28,1.0,0.0469
8928308c62fffff,4.640762225751045,2.6239563809848354,32918.0,5071.0,177736.32,1.0,0.0551
8928308c633ffff,7.478694792780533,2.464722483537159,29860.0,8172.0,177759.36,1.0,0.0154
8928308c637ffff,7.8770786735388505,3.6935704514363885,28385.0,8607.0,177690.24,1.0,0.0409
8928308c63bffff,9.206688703091581,7.530330497838516,38195.0,10061.0,177742.08,1.0,0.073
8928308c643ffff,9.978286936513594,4.473304473304474,26692.0,10906.0,177736.32,1.0,0.0731
8928308c647ffff,10.076162696483552,4.6032934131736525,29364.0,11012.0,177724.8,1.0,0.1646
8928308c64bffff,9.244078670252406,1.7610661589719183,11889.0,10103.0,177770.88,1.0,0.2605
8928308c64fffff,9.843820880046659,3.024193548387097,30476.0,10758.0,177765.12,1.0,0.0661
8928308c653ffff,16.936738397718436,5.6084296397008835,31991.0,18511.0,177730.56,1.0,0.0376
8928308c657ffff,19.52373238295804,12.921764923989617,27055.0,21338.0,177782.4,1.0,0.0591
8928308c65bffff,10.885698544900672,2.0101412531691416,31167.0,11898.0,177736.32,1.0,0.04
8928308c663ffff,8.096457394742812,4.147936248467511,27020.0,8848.0,177713.28,1.0,0.122
8928308c667ffff,5.346727154893065,5.682894487592347,28679.0,5842.0,177753.6,1.0,0.1145
8928308c66bffff,9.409325081813174,6.963515103962338,27320.0,10282.0,177770.88,1.0,0.1087
8928308c66fffff,7.870265366296213,3.5982691869733547,24382.0,8600.0,177770.88,1.0,0.2004
8928308c673ffff,5.550335353011697,4.29574555968608,26692.0,6066.0,177770.88,1.0,0.0954
8928308c677ffff,6.173239573544185,5.464170920778975,28800.0,6746.0,177747.84,1.0,0.1019
8928308c67bffff,10.359353228994523,4.24216584949904,25874.0,11321.0,177759.36,1.0,0.1642
8928308c683ffff,2.01290071634631,0.44435467582306604,28391.0,2200.0,177701.76,1.0,0.192
8928308c687ffff,3.368564388535858,3.0503747603276974,32037.0,3681.0,177661.44,1.0,0.1127
8928308c68bffff,3.2893670804031503,3.6755053819900234,21133.0,3595.0,177736.32,1.0,0.2133
8928308c68fffff,4.90809479041722,4.04132482528107,18190.0,5364.0,177678.72,1.0,0.2638
8928308c693ffff,5.466571558264704,0.6874820968203953,19970.0,5975.0,177649.92,1.0,0.2641
8928308c697ffff,2.152140796681036,1.1738401341531581,30551.0,2352.0,177713.28,1.0,0.0753
8928308c69bffff,3.860991344377087,0.46237915090374104,27279.0,4220.0,177678.72,1.0,0.1298
8928308c6a3ffff,7.738442585748557,0.5353557885344635,25684.0,8456.0,177672.96,1.0,0.2395
8928308c6a7ffff,5.004213392104751,3.471423091676256,28990.0,5468.0,177719.04,1.0,0.1379
8928308c6abffff,4.836304700162074,5.0806057645334635,33575.0,5285.0,177696.0,1.0,0.0541
8928308c6afffff,9.04288075713869,3.0223390275952693,34007.0,9881.0,177713.28,1.0,0.0475
8928308c6b3ffff,5.318597264536202,3.34051724137931,15500.0,5812.0,177719.04,1.0,0.4048
8928308c6b7ffff,9.796421161825727,11.837563451776651,25010.0,10705.0,177684.48,1.0,0.065
8928308c6bbffff,3.3125891352262413,1.391465677179963,24492.0,3620.0,177707.52,1.0,0.2311
8928308c6c3ffff,8.013225712340756,3.4129692832764507,19561.0,8759.0,177690.24,1.0,0.2148
8928308c6c7ffff,7.3375465888834865,0.6520450503852994,19308.0,8020.0,177724.8,1.0,0.2997
8928308c6cbffff,12.94472166418249,6.116693107703155,30678.0,14149.0,177765.12,1.0,0.0244
8928308c6cfffff,7.755631178091072,4.584040747028863,32371.0,8477.0,177724.8,1.0,0.0826
8928308c6d3ffff,1.727602748606249,2.0073956682514527,10685.0,1888.0,177707.52,1.0,0.3186
8928308c6d7ffff,0.7843645674650764,0.0,19187.0,857.0,177713.28,1.0,0.4497
8928308c6dbffff,12.962722852512156,4.317846002298474,33569.0,14169.0,177696.0,1.0,0.0399
8928308c803ffff,0.0,0.0,0.0,0.0,177696.0,1.0,1.0
8928308c807ffff,0.0,0.0,0.0,0.0,177742.08,1.0,1.0
8928308c80bffff,0.0,0.0,0.0,0.0,177770.88,1.0,1.0
8928308c80fffff,0.0,0.0,0.0,0.0,177661.44,1.0,1.0
8928308c813ffff,0.0,0.0,0.0,0.0,177759.36,1.0,1.0
8928308c817ffff,0.0,0.0,0.0,0.0,177649.92,1.0,1.0
8928308c81bffff,0.0,0.0,0.0,0.0,177719.04,1.0,1.0
8928308c823ffff,0.0,0.0,0.0,0.0,177684.48,1.0,1.0
8928308c827ffff,0.0,0.0,0.0,0.0,177724.8,1.0,1.0
8928308c82bffff,0.0,0.0,0.0,0.0,177667.2,1.0,1.0
8928308c82fffff,0.0,0.0,0.0,0.0,177776.64,1.0,1.0
8928308c833ffff,0.0,0.0,0.0,0.0,177661.44,1.0,1.0
8928308c837ffff,0.0,0.0,0.0,0.0,177770.88,1.0,1.0
8928308c83bffff,0.0,0.0,0.0,0.0,177776.64,1.0,1.0
8928308c843ffff,0.0,0.0,0.0,0.0,177667.2,1.0,1.0
8928308c847ffff,0.0,0.0,0.0,0.0,177776.64,1.0,1.0
8928308c84bffff,0.0,0.0,0.0,0.0,177719.04,1.0,1.0
8928308c84fffff,0.0,0.0,0.0,0.0,177759.36,1.0,1.0
8928308c853ffff,0.0,0.0,0.0,0.0,177765.12,1.0,1.0
8928308c857ffff,0.0,0.0,0.0,0.0,177678.72,1.0,1.0
8928308c85bffff,0.0,0.0,0.0,0.0,177799.68,1.0,1.0
8928308c863ffff,0.0,0.0,0.0,0.0,177753.6,1.0,1.0
8928308c867ffff,0.0,0.0,0.0,0.0,177724.8,1.0,1.0
8928308c86bffff,0.0,0.0,0.0,0.0,177701.76,1.0,1.0
8928308c86fffff,0.0,0.0,0.0,0.0,177799.68,1.0,1.0
8928308c873ffff,0.0,0.0,0.0,0.0,177684.48,1.0,1.0
8928308c877ffff,0.0,0.0,0.0,0.0,177776.64,1.0,1.0
8928308c87bffff,0.0,0.0,0.0,0.0,177736.32,1.0,1.0
8928308c883ffff,0.0,0.0,0.0,0.0,177713.28,1.0,1.0
8928308c887ffff,0.0,0.0,0.0,0.0,177632.64,1.0,1.0
8928308c88bffff,0.0,0.0,0.0,0.0,177649.92,1.0,1.0
8928308c88fffff,0.0,0.0,0.0,0.0,177719.04,1.0,1.0
8928308c893ffff,0.0,0.0,0.0,0.0,177592.32,1.0,1.0
8928308c897ffff,0.0,0.0,0.0,0.0,177724.8,1.0,1.0
8928308c89bffff,0.0,0.0,0.0,0.0,177672.96,1.0,1.0
8928308c8a3ffff,0.0,0.0,0.0,0.0,177696.0,1.0,1.0
8928308c8a7ffff,0.0,0.0,0.0,0.0,177719.04,1.0,1.0
8928308c8abffff,0.0,0.0,0.0,0.0,177753.6,1.0,1.0
8928308c8afffff,0.0,0.0,0.0,0.0,177638.4,1.0,1.0
8928308c8b3ffff,0.0,0.0,0.0,0.0,177719.04,1.0,1.0
8928308c8b7ffff,0.0,0.0,0.0,0.0,177603.84,1.0,1.0
8928308c8bbffff,0.0,0.0,0.0,0.0,177672.96,1.0,1.0
8928308c8c3ffff,0.0,0.0,0.0,0.0,177765.12,1.0,1.0
8928308c8c7ffff,0.0,0.0,0.0,0.0,177638.4,1.0,1.0
8928308c8cbffff,0.0,0.0,0.0,0.0,177707.52,1.0,1.0
8928308c8cfffff,0.0,0.0,0.0,0.0,177713.28,1.0,1.0
8928308c8d3ffff,0.0,0.0,0.0,0.0,177655.68,1.0,1.0
8928308c8d7ffff,0.0,0.0,0.0,0.0,177736.32,1.0,1.0
8928308c8dbffff,0.0,0.0,0.0,0.0,177655.68,1.0,1.0
8928308c94bffff,0.0,0.0,0.0,0.0,177747.84,1.0,1.0
8928308c953ffff,0.0,0.0,0.0,0.0,177707.52,1.0,1.0
8928308c95bffff,0.0,0.0,0.0,0.0,177638.4,1.0,1.0
8928308c9c3ffff,0.0,0.0,0.0,0.0,177667.2,1.0,1.0
8928308c9cbffff,0.0,0.0,0.0,0.0,177626.88,1.0,1.0
8928308c9d3ffff,0.0,0.0,0.0,0.0,177609.6,1.0,1.0
8928308c9d7ffff,0.0,0.0,0.0,0.0,177724.8,1.0,1.0
8928308c9dbffff,0.0,0.0,0.0,0.0,177736.32,1.0,1.0
8928308ca03ffff,0.0,0.0,0.0,0.0,177747.84,1.0,1.0
8928308ca07ffff,0.0,0.0,0.0,0.0,177805.44,1.0,1.0
8928308ca0bffff,0.0,0.0,0.0,0.0,177765.12,1.0,1.0
8928308ca0fffff,0.0,0.0,0.0,0.0,177811.2,1.0,1.0
8928308ca13ffff,0.0,0.0,0.0,0.0,177822.72,1.0,1.0
8928308ca17ffff,0.0,0.0,0.0,0.0,177730.56,1.0,1.0
8928308ca1bffff,0.0,0.0,0.0,0.0,177822.72,1.0,1.0
8928308ca23ffff,0.0,0.0,0.0,0.0,177747.84,1.0,1.0
8928308ca27ffff,0.0,0.0,0.0,0.0,177840.0,1.0,1.0
8928308ca2bffff,0.0,0.0,0.0,0.0,177753.6,1.0,1.0
8928308ca2fffff,0.0,0.0,0.0,0.0,177857.28,1.0,1.0
8928308ca33ffff,0.0,0.0,0.0,0.0,177736.32,1.0,1.0
8928308ca37ffff,0.0,0.0,0.0,0.0,177770.88,1.0,1.0
8928308ca3bffff,0.0,0.0,0.0,0.0,177765.12,1.0,1.0
8928308ca43ffff,0.0,0.0,0.0,0.0,177857.28,1.0,1.0
8928308ca47ffff,0.0,0.0,0.0,0.0,177765.12,1.0,1.0
8928308ca4bffff,7.0436218789468565,0.0,0.0,7689.0,177863.04,1.0,0.9067
8928308ca4fffff,0.0,0.0,0.0,0.0,177788.16,1.0,1.0
8928308ca53ffff,0.0,0.0,0.0,0.0,177776.64,1.0,1.0
8928308ca57ffff,0.0,0.0,0.0,0.0,177845.76,1.0,1.0
8928308ca5bffff,0.016201153522130776,0.0,0.0,18.0,177765.12,1.0,0.999
8928308ca63ffff,0.0,0.0,0.0,0.0,177816.96,1.0,1.0
8928308ca67ffff,0.0,0.0,0.0,0.0,177776.64,1.0,1.0
8928308ca6bffff,0.0,0.0,0.0,0.0,177822.72,1.0,1.0
8928308ca6fffff,0.0,0.0,0.0,0.0,177782.4,1.0,1.0
8928308ca73ffff,0.0,0.0,0.0,0.0,177805.44,1.0,1.0
8928308ca77ffff,0.0,0.0,0.0,0.0,177799.68,1.0,1.0
8928308ca7bffff,0.0,0.0,0.0,0.0,177793.92,1.0,1.0
8928308ca83ffff,0.0,0.0,0.0,0.0,177770.88,1.0,1.0
8928308ca87ffff,0.0,0.0,0.0,0.0,177747.84,1.0,1.0
8928308ca8bffff,0.0,0.0,0.0,0.0,177759.36,1.0,1.0
8928308ca8fffff,0.0,0.0,0.0,0.0,177805.44,1.0,1.0
8928308ca93ffff,0.0,0.0,0.0,0.0,177724.8,1.0,1.0
8928308ca97ffff,0.0,0.0,0.0,0.0,177782.4,1.0,1.0
8928308ca9bffff,0.0,0.0,0.0,0.0,177736.32,1.0,1.0
8928308caa3ffff,0.0,0.0,0.0,0.0,177805.44,1.0,1.0
8928308caa7ffff,0.0,0.0,0.0,0.0,177696.0,1.0,1.0
8928308caabffff,0.0,0.0,0.0,0.0,177811.2,1.0,1.0
8928308caafffff,0.0,0.0,0.0,0.0,177730.56,1.0,1.0
8928308cab3ffff,0.0,0.0,0.0,0.0,177724.8,1.0,1.0
8928308cab7ffff,0.0,0.0,0.0,0.0,177765.12,1.0,1.0
8928308cabbffff,0.0,0.0,0.0,0.0,177707.52,1.0,1.0
8928308cac3ffff,0.0,0.0,0.0,0.0,177793.92,1.0,1.0
8928308cac7ffff,0.0,0.0,0.0,0.0,177730.56,1.0,1.0
8928308cacbffff,0.0,0.0,0.0,0.0,177788.16,1.0,1.0
8928308cacfffff,0.0,0.0,0.0,0.0,177759.36,1.0,1.0
8928308cad3ffff,0.0,0.0,0.0,0.0,177799.68,1.0,1.0
8928308cad7ffff,0.0,0.0,0.0,0.0,177742.08,1.0,1.0
8928308cadbffff,0.0,0.0,0.0,0.0,177799.68,1.0,1.0
8928308cb03ffff,0.0,0.0,0.0,0.0,177707.52,1.0,1.0
8928308cb0bffff,0.0,0.0,0.0,0.0,177730.56,1.0,1.0
8928308cb13ffff,0.0,0.0,0.0,0.0,177747.84,1.0,1.0
8928308cb17ffff,0.0,0.0,0.0,0.0,177724.8,1.0,1.0
8928308cb1bffff,0.0,0.0,0.0,0.0,177822.72,1.0,1.0
8928308cb43ffff,0.0,0.0,0.0,0.0,177816.96,1.0,1.0
8928308cb47ffff,0.0,0.0,0.0,0.0,177747.84,1.0,1.0
8928308cb4bffff,0.0,0.0,0.0,0.0,177799.68,1.0,1.0
8928308cb4fffff,0.0,0.0,0.0,0.0,177805.44,1.0,1.0
8928308cb53ffff,0.0,0.0,0.0,0.0,177742.08,1.0,1.0
8928308cb57ffff,0.0,0.0,0.0,0.0,177816.96,1.0,1.0
8928308cb5bffff,0.0,0.0,0.0,0.0,177742.08,1.0,1.0
8928308cb73ffff,0.0,0.0,0.0,0.0,177765.12,1.0,1.0
8928308cb7bffff,0.0,0.0,0.0,0.0,177736.32,1.0,1.0
8928308cb83ffff,0.0,0.0,0.0,0.0,177788.16,1.0,1.0
8928308cb87ffff,0.0,0.0,0.0,0.0,177667.2,1.0,1.0
8928308cb8bffff,0.0,0.0,0.0,0.0,177793.92,1.0,1.0
8928308cb8fffff,0.0,0.0,0.0,0.0,177678.72,1.0,1.0
8928308cb93ffff,0.0,0.0,0.0,0.0,177742.08,1.0,1.0
8928308cb97ffff,0.0,0.0,0.0,0.0,177707.52,1.0,1.0
8928308cb9bffff,0.0,0.0,0.0,0.0,177667.2,1.0,1.0
8928308cbc3ffff,0.0,0.0,0.0,0.0,177730.56,1.0,1.0
8928308cbc7ffff,0.0,0.0,0.0,0.0,177759.36,1.0,1.0
8928308cbcbffff,0.0,0.0,0.0,0.0,177782.4,1.0,1.0
8928308cbcfffff,0.0,0.0,0.0,0.0,177713.28,1.0,1.0
8928308cbd3ffff,0.0,0.0,0.0,0.0,177811.2,1.0,1.0
8928308cbd7ffff,0.0,0.0,0.0,0.0,177696.0,1.0,1.0
8928308cbdbffff,0.0,0.0,0.0,0.0,177793.92,1.0,1.0
8928308cc03ffff,0.0,0.0,0.0,0.0,177701.76,1.0,1.0
8928308cc07ffff,0.0,0.0,0.0,0.0,177586.56,1.0,1.0
8928308cc0bffff,0.0,0.0,0.0,0.0,177638.4,1.0,1.0
8928308cc0fffff,0.0,0.0,0.0,0.0,177672.96,1.0,1.0
8928308cc13ffff,0.0,0.0,0.0,0.0,177569.28,1.0,1.0
8928308cc17ffff,0.0,0.0,0.0,0.0,177701.76,1.0,1.0
8928308cc1bffff,0.0,0.0,0.0,0.0,177661.44,1.0,1.0
8928308cc23ffff,0.0,0.0,0.0,0.0,177598.08,1.0,1.0
8928308cc27ffff,0.0,0.0,0.0,0.0,177696.0,1.0,1.0
8928308cc2bffff,0.0,0.0,0.0,0.0,177696.0,1.0,1.0
8928308cc2fffff,0.0,0.0,0.0,0.0,177672.96,1.0,1.0
8928308cc33ffff,0.0,0.0,0.0,0.0,177690.24,1.0,1.0
8928308cc37ffff,0.0,0.0,0.0,0.0,177615.36,1.0,1.0
8928308cc3bffff,0.0,0.0,0.0,0.0,177696.0,1.0,1.0
8928308cc43ffff,0.0,0.0,0.0,0.0,177713.28,1.0,0.9996
8928308cc47ffff,0.0,0.0,0.0,0.0,177615.36,1.0,0.9946
8928308cc4bffff,0.0,0.0,0.0,0.0,177690.24,1.0,0.9974
8928308cc4fffff,0.0,0.0,0.0,0.0,177672.96,1.0,0.9993
8928308cc53ffff,0.0,0.0,0.0,0.0,177603.84,1.0,1.0
8928308cc57ffff,0.0,0.0,0.0,0.0,177696.0,1.0,1.0
8928308cc5bffff,0.0,0.0,0.0,0.0,177638.4,1.0,0.9532
8928308cc63ffff,0.0,0.0,0.0,0.0,177632.64,1.0,1.0
8928308cc67ffff,0.0,0.0,0.0,0.0,177736.32,1.0,1.0
8928308cc6bffff,0.0,0.0,0.0,0.0,177730.56,1.0,1.0
8928308cc6fffff,0.0,0.0,0.0,0.0,177684.48,1.0,1.0
8928308cc73ffff,0.0,0.0,0.0,0.0,177719.04,1.0,1.0
8928308cc77ffff,0.0,0.0,0.0,0.0,177609.6,1.0,1.0
8928308cc7bffff,0.0,0.0,0.0,0.0,177713.28,1.0,1.0
8928308cc83ffff,0.24652912936291685,0.0,0.0,269.0,177569.28,1.0,0.9536
8928308cc87ffff,17.12322105877395,7.991360691144708,7361.0,18694.0,177678.72,1.0,0.5779
8928308cc8bffff,0.0,0.0,0.0,0.0,177678.72,1.0,1.0
8928308cc8fffff,0.0,0.0,0.0,0.0,177632.64,1.0,0.9938
8928308cc93ffff,32.91832830788186,12.613521695257315,4988.0,35941.0,177655.68,1.0,0.1959
8928308cc97ffff,47.22690710949662,7.553956834532374,5921.0,51560.0,177592.32,1.0,0.137
8928308cc9bffff,4.4452370144608,0.0,0.0,4853.0,177649.92,1.0,0.8817
8928308cca3ffff,0.8623763981196304,0.0,0.0,941.0,177667.2,1.0,0.6039
8928308cca7ffff,0.9245142245434197,0.0,0.0,1009.0,177563.52,1.0,0.7471
8928308ccabffff,0.0,0.0,0.0,0.0,177626.88,1.0,0.9915
8928308ccafffff,0.0,0.0,0.0,0.0,177621.12,1.0,1.0
8928308ccb3ffff,6.506860423627105,5.169340463458111,3064.0,7103.0,177575.04,1.0,0.567
8928308ccb7ffff,8.52222978888997,13.138686131386862,4113.0,9303.0,177621.12,1.0,0.2094
8928308ccbbffff,9.275775954334641,0.0,0.0,10126.0,177598.08,1.0,0.64
8928308ccc3ffff,0.0,0.0,0.0,0.0,177615.36,1.0,1.0
8928308ccc7ffff,0.0,0.0,0.0,0.0,177707.52,1.0,1.0
8928308cccbffff,0.0,0.0,0.0,0.0,177713.28,1.0,0.9911
8928308cccfffff,0.0,0.0,0.0,0.0,177638.4,1.0,0.9834
8928308ccd3ffff,0.0,0.0,0.0,0.0,177667.2,1.0,1.0
8928308ccd7ffff,0.0,0.0,0.0,0.0,177569.28,1.0,1.0
8928308ccdbffff,0.0,0.0,0.0,0.0,177672.96,1.0,1.0
8928308cd03ffff,0.0,0.0,0.0,0.0,177684.48,1.0,1.0
8928308cd07ffff,0.0,0.0,0.0,0.0,177667.2,1.0,1.0
8928308cd0bffff,0.0,0.0,0.0,0.0,177690.24,1.0,1.0
8928308cd0fffff,0.0,0.0,0.0,0.0,177563.52,1.0,1.0
8928308cd13ffff,0.0,0.0,0.0,0.0,177690.24,1.0,1.0
8928308cd17ffff,0.0,0.0,0.0,0.0,177505.92,1.0,1.0
8928308cd1bffff,0.0,0.0,0.0,0.0,177557.76,1.0,1.0
8928308cd2bffff,0.0,0.0,0.0,0.0,177598.08,1.0,1.0
8928308cd33ffff,0.0,0.0,0.0,0.0,177557.76,1.0,1.0
8928308cd3bffff,0.0,0.0,0.0,0.0,177701.76,1.0,1.0
8928308cd43ffff,0.0,0.0,0.0,0.0,177724.8,1.0,1.0
8928308cd47ffff,0.0,0.0,0.0,0.0,177575.04,1.0,1.0
8928308cd4bffff,0.0,0.0,0.0,0.0,177632.64,1.0,1.0
8928308cd4fffff,0.0,0.0,0.0,0.0,177684.48,1.0,1.0
8928308cd53ffff,0.0,0.0,0.0,0.0,177598.08,1.0,1.0
8928308cd57ffff,0.0,0.0,0.0,0.0,177667.2,1.0,1.0
8928308cd5bffff,0.0,0.0,0.0,0.0,177632.64,1.0,1.0
8928308cd63ffff,0.0,0.0,0.0,0.0,177586.56,1.0,1.0
8928308cd67ffff,0.0,0.0,0.0,0.0,177713.28,1.0,1.0
8928308cd6bffff,0.0,0.0,0.0,0.0,177730.56,1.0,1.0
8928308cd6fffff,0.0,0.0,0.0,0.0,177672.96,1.0,1.0
8928308cd73ffff,0.0,0.0,0.0,0.0,177707.52,1.0,1.0
8928308cd77ffff,0.0,0.0,0.0,0.0,177661.44,1.0,1.0
8928308cd7bffff,0.0,0.0,0.0,0.0,177719.04,1.0,1.0
8928308cd83ffff,0.0,0.0,0.0,0.0,177649.92,1.0,1.0
8928308cd87ffff,0.0,0.0,0.0,0.0,177534.72,1.0,1.0
8928308cd8bffff,0.0,0.0,0.0,0.0,177540.48,1.0,1.0
8928308cd8fffff,0.0,0.0,0.0,0.0,177649.92,1.0,1.0
8928308cd93ffff,0.0,0.0,0.0,0.0,177552.0,1.0,1.0
8928308cd97ffff,0.0,0.0,0.0,0.0,177580.8,1.0,1.0
8928308cd9bffff,1.2452169401387898,0.0,5916.0,1359.0,177626.88,1.0,0.7112
8928308cda3ffff,0.0,0.0,0.0,0.0,177528.96,1.0,1.0
8928308cdabffff,0.0,0.0,0.0,0.0,177667.2,1.0,1.0
8928308cdafffff,0.0,0.0,0.0,0.0,177661.44,1.0,1.0
8928308cdb3ffff,0.0,0.0,0.0,0.0,177603.84,1.0,1.0
8928308cdbbffff,0.0,0.0,0.0,0.0,177684.48,1.0,1.0
8928308cdc3ffff,0.0,0.0,0.0,0.0,177569.28,1.0,1.0
8928308cdc7ffff,0.0,0.0,0.0,0.0,177649.92,1.0,1.0
8928308cdcbffff,0.0,0.0,0.0,0.0,177626.88,1.0,1.0
8928308cdcfffff,0.0,0.0,0.0,0.0,177690.24,1.0,1.0
8928308cdd3ffff,7.088656851935923,7.818930041152264,2580.0,7737.0,177626.88,1.0,0.8195
8928308cdd7ffff,0.606237437593205,2.1645021645021645,2604.0,662.0,177672.96,1.0,0.9302
8928308cddbffff,0.0,0.0,0.0,0.0,177684.48,1.0,1.0
8928308ce03ffff,0.0,0.0,0.0,0.0,177719.04,1.0,1.0
8928308ce07ffff,0.0,0.0,0.0,0.0,177724.8,1.0,1.0
8928308ce0bffff,0.0,0.0,0.0,0.0,177730.56,1.0,1.0
8928308ce0fffff,0.0,0.0,0.0,0.0,177753.6,1.0,1.0
8928308ce13ffff,0.0,0.0,0.0,0.0,177667.2,1.0,0.9987
8928308ce17ffff,0.0,0.0,0.0,0.0,177770.88,1.0,1.0
8928308ce1bffff,0.0,0.0,0.0,0.0,177713.28,1.0,1.0
8928308ce23ffff,0.0,0.0,0.0,0.0,177770.88,1.0,1.0
8928308ce27ffff,0.0,0.0,0.0,0.0,177696.0,1.0,1.0
8928308ce2bffff,0.0,0.0,0.0,0.0,177799.68,1.0,1.0
8928308ce2fffff,0.0,0.0,0.0,0.0,177678.72,1.0,1.0
8928308ce33ffff,0.0,0.0,0.0,0.0,177707.52,1.0,1.0
8928308ce37ffff,0.0,0.0,0.0,0.0,177742.08,1.0,1.0
8928308ce3bffff,0.0,0.0,0.0,0.0,177696.0,1.0,1.0
8928308ce43ffff,0.11341909977640235,0.0,0.0,124.0,177747.84,1.0,0.9394
8928308ce47ffff,0.0,0.0,0.0,0.0,177719.04,1.0,1.0
8928308ce4bffff,0.0,0.0,0.0,0.0,177793.92,1.0,0.9894
8928308ce4fffff,0.0,0.0,0.0,0.0,177730.56,1.0,1.0
8928308ce53ffff,0.0,0.0,0.0,0.0,177782.4,1.0,0.9722
8928308ce57ffff,0.0810215193155302,0.0,0.0,88.0,177730.56,1.0,0.9897
8928308ce5bffff,2.3460030459155568,0.24019215372297836,7177.0,2562.0,177759.36,1.0,0.7333
8928308ce63ffff,0.0,0.0,0.0,0.0,177701.76,1.0,1.0
8928308ce67ffff,0.0,0.0,0.0,0.0,177816.96,1.0,1.0
8928308ce6bffff,0.0,0.0,0.0,0.0,177742.08,1.0,1.0
8928308ce6fffff,0.0,0.0,0.0,0.0,177788.16,1.0,1.0
8928308ce73ffff,0.0,0.0,0.0,0.0,177788.16,1.0,1.0
8928308ce77ffff,0.0,0.0,0.0,0.0,177713.28,1.0,1.0
8928308ce7bffff,0.0,0.0,0.0,0.0,177811.2,1.0,1.0
8928308ce83ffff,0.0,0.0,0.0,0.0,177765.12,1.0,0.9982
8928308ce87ffff,0.0,0.0,0.0,0.0,177632.64,1.0,1.0
8928308ce8bffff,0.03888654849476652,0.0,0.0,42.0,177747.84,1.0,0.9122
8928308ce8fffff,0.0,0.0,0.0,0.0,177672.96,1.0,0.9992
8928308ce93ffff,0.6709886547811994,0.0,0.0,733.0,177696.0,1.0,0.7709
8928308ce97ffff,0.0,0.0,0.0,0.0,177696.0,1.0,0.9388
8928308ce9bffff,1.4266260294403734,0.0,0.0,1558.0,177649.92,1.0,0.8537
8928308cea3ffff,0.0,0.0,0.0,0.0,177667.2,1.0,1.0
8928308cea7ffff,0.0,0.0,0.0,0.0,177736.32,1.0,1.0
8928308ceabffff,0.0,0.0,0.0,0.0,177655.68,1.0,1.0
8928308ceafffff,0.0,0.0,0.0,0.0,177770.88,1.0,1.0
8928308ceb3ffff,0.0,0.0,0.0,0.0,177747.84,1.0,1.0
8928308ceb7ffff,0.0,0.0,0.0,0.0,177649.92,1.0,1.0
8928308cebbffff,0.0,0.0,0.0,0.0,177742.08,1.0,1.0
8928308cec3ffff,0.0,0.0,0.0,0.0,177672.96,1.0,0.9996
8928308cec7ffff,0.012959663048760733,0.0,0.0,14.0,177782.4,1.0,0.9522
8928308cecbffff,0.33384111755744983,0.0,3732.0,365.0,177713.28,1.0,0.957
8928308cecfffff,0.0,0.0,0.0,0.0,177753.6,1.0,0.999
8928308ced3ffff,1.1277829989953656,0.0,2868.0,1232.0,177736.32,1.0,0.6031
8928308ced7ffff,0.314434827709164,0.0,8531.0,343.0,177690.24,1.0,0.771
8928308cedbffff,0.7873250388802489,0.0,1457.0,860.0,177776.64,1.0,0.8637
8928308d003ffff,22.308937823834196,7.745706978443552,14544.0,24384.0,177868.8,1.0,0.3677
8928308d007ffff,21.838261489134307,17.55128622598502,14584.0,23868.0,177851.52,1.0,0.0918
8928308d00bffff,26.164108542192864,20.462046204620464,2776.0,28598.0,177880.32,1.0,0.2845
8928308d00fffff,16.197661992811113,5.218904030153667,18829.0,17704.0,177874.56,1.0,0.2809
8928308d013ffff,10.00032384468409,1.4457090126115042,18455.0,10931.0,177863.04,1.0,0.1666
8928308d017ffff,47.01272627181762,33.67697594501718,4447.0,51385.0,177874.56,1.0,0.054
8928308d01bffff,21.84484879880852,8.005930318754633,7148.0,23878.0,177903.36,1.0,0.4026
8928308d023ffff,10.387591879027298,7.718348002708192,7851.0,11352.0,177886.08,1.0,0.2644
8928308d027ffff,9.56313352116325,2.035993455735321,31041.0,10451.0,177863.04,1.0,0.1341
8928308d02bffff,18.15296936726896,6.010552879100711,23599.0,19839.0,177880.32,1.0,0.1751
8928308d02fffff,10.039185206774832,4.362360020056828,32959.0,10971.0,177863.04,1.0,0.1604
8928308d033ffff,24.133687414988017,10.030395136778116,3410.0,26376.0,177857.28,1.0,0.3293
8928308d037ffff,33.12176165803109,10.614525139664805,14746.0,36197.0,177868.8,1.0,0.1002
8928308d03bffff,14.281551512011914,5.722154222766218,17747.0,15609.0,177903.36,1.0,0.1536
8928308d043ffff,42.374692397357855,0.0,9809.0,46320.0,177891.84,1.0,0.11
8928308d047ffff,41.59515559729283,14.077669902912621,10195.0,45465.0,177874.56,1.0,0.0405
8928308d04bffff,59.842647154050375,7.317073170731707,657.0,65414.0,177903.36,1.0,0.1485
8928308d04fffff,58.247806520542625,2.619808306709265,8778.0,63668.0,177909.12,1.0,0.0604
8928308d053ffff,13.81118881118881,11.90775681341719,12102.0,15098.0,177914.88,1.0,0.141
8928308d057ffff,12.806398342129974,5.087719298245614,21813.0,13998.0,177886.08,1.0,0.0902
8928308d05bffff,57.69554519554519,0.06693440428380187,8600.0,63070.0,177914.88,1.0,0.0622
8928308d063ffff,29.55936154369152,3.8483305036785516,9786.0,32307.0,177909.12,1.0,0.1294
8928308d067ffff,12.740812692245425,1.077996195307546,8986.0,13924.0,177897.6,1.0,0.4362
8928308d06bffff,17.32500161885644,1.5661446184605132,17015.0,18935.0,177903.36,1.0,0.1801
8928308d06fffff,19.724785494576654,1.9098548510313216,14792.0,21557.0,177897.6,1.0,0.1185
8928308d073ffff,14.945282652334392,3.353956366004559,17096.0,16335.0,177903.36,1.0,0.114
8928308d077ffff,17.348227294803305,5.416813225466057,15489.0,18960.0,177897.6,1.0,0.1163
8928308d07bffff,47.78245386856588,3.1578947368421053,7949.0,52226.0,177926.4,1.0,0.1242
8928308d083ffff,17.153497409326423,0.0,0.0,18750.0,177868.8,1.0,0.1905
8928308d087ffff,30.44111931597357,0.0,0.0,33273.0,177845.76,1.0,0.1327
8928308d08bffff,19.466303960620486,15.890083632019117,4055.0,21279.0,177863.04,1.0,0.1766
8928308d08fffff,13.975708502024291,10.344827586206897,19020.0,15276.0,177840.0,1.0,0.1358
8928308d093ffff,26.137799229049918,0.0,0.0,28572.0,177816.96,1.0,0.3006
8928308d097ffff,53.01567763669345,0.0,0.0,57950.0,177822.72,1.0,0.0623
8928308d09bffff,20.678822424458335,9.8729792147806,8991.0,22605.0,177851.52,1.0,0.1265
8928308d0a3ffff,48.01165803108808,0.0,0.0,52474.0,177868.8,1.0,0.2845
8928308d0a7ffff,29.33061303798698,4.356281602489304,14164.0,32055.0,177863.04,1.0,0.0942
8928308d0abffff,33.75429052522505,24.0608228980322,14671.0,36892.0,177880.32,1.0,0.1164
8928308d0afffff,25.908413757367704,3.6478599221789887,11411.0,28315.0,177857.28,1.0,0.1179
8928308d0b3ffff,31.679352226720646,0.0,0.0,34625.0,177840.0,1.0,0.1837
8928308d0b7ffff,26.75413022351798,0.0,0.0,29240.0,177811.2,1.0,0.1684
8928308d0bbffff,31.71071382303407,16.39344262295082,2644.0,34660.0,177845.76,1.0,0.1366
8928308d0c3ffff,15.2017617721355,3.3633633633633635,27804.0,16618.0,177857.28,1.0,0.0403
8928308d0c7ffff,38.8833112025132,8.63970588235294,8588.0,42504.0,177851.52,1.0,0.1717
8928308d0cbffff,12.48380829015544,4.506232023010546,11474.0,13647.0,177868.8,1.0,0.2817
8928308d0cfffff,17.03257561038793,1.2809564474807857,6659.0,18619.0,177880.32,1.0,0.4489
8928308d0d3ffff,41.375514036848756,13.707451701931921,10806.0,45232.0,177886.08,1.0,0.0267
8928308d0d7ffff,31.03425943915549,3.2452830188679247,7384.0,33925.0,177880.32,1.0,0.1329
8928308d0dbffff,26.925069619843274,10.640433647861876,25638.0,29435.0,177880.32,1.0,0.1655
8928308d103ffff,15.495466321243523,5.7034220532319395,12856.0,16931.0,177868.8,1.0,0.1342
8928308d107ffff,34.7682440967836,5.960896518836433,11359.0,37987.0,177828.48,1.0,0.0496
8928308d10bffff,22.33663622822356,6.98009806749351,18576.0,24406.0,177880.32,1.0,0.1611
8928308d10fffff,24.821064222560484,13.490779682950501,15402.0,27119.0,177851.52,1.0,0.0967
8928308d113ffff,28.613072488177753,5.99639314697926,12010.0,31265.0,177834.24,1.0,0.1506
8928308d117ffff,24.68100265561241,6.984003121342178,13732.0,26967.0,177857.28,1.0,0.1588
8928308d11bffff,17.89357774395181,9.668695064232589,7695.0,19552.0,177851.52,1.0,0.1523
8928308d123ffff,35.94675993393569,13.02149178255373,19814.0,39271.0,177863.04,1.0,0.0535
8928308d127ffff,15.743109758072352,0.0,1475.0,17198.0,177851.52,1.0,0.4544
8928308d12bffff,22.67810880829016,9.032967032967033,23841.0,24776.0,177868.8,1.0,0.2048
8928308d12fffff,9.280487015089696,4.148176731622613,28616.0,10138.0,177880.32,1.0,0.1241
8928308d133ffff,15.84520725388601,5.120167189132706,15690.0,17311.0,177868.8,1.0,0.342
8928308d137ffff,10.227015123546748,0.0,12741.0,11173.0,177863.04,1.0,0.5598
8928308d13bffff,13.886460053758217,1.4404033129276197,15765.0,15171.0,177863.04,1.0,0.2139
8928308d143ffff,22.102059318741098,18.298969072164947,14607.0,24151.0,177891.84,1.0,0.1012
8928308d147ffff,15.21422325852521,11.43867924528302,17303.0,16624.0,177863.04,1.0,0.1985
8928308d14bffff,13.334196807304991,3.4378159757330633,27504.0,14571.0,177886.08,1.0,0.2092
8928308d14fffff,14.571595103944047,5.9870550161812295,23426.0,15922.0,177880.32,1.0,0.1522
8928308d153ffff,21.55510217299783,1.8573721623480852,24653.0,23554.0,177863.04,1.0,0.0853
8928308d157ffff,18.90220207253886,9.37269372693727,7073.0,20654.0,177868.8,1.0,0.2239
8928308d15bffff,13.918477029170848,0.5165733964700818,26623.0,15210.0,177909.12,1.0,0.1427
8928308d163ffff,14.452252193905638,6.084751901484969,14936.0,15790.0,177874.56,1.0,0.1066
8928308d167ffff,21.541450777202073,6.451612903225806,23553.0,23534.0,177868.8,1.0,0.1888
8928308d16bffff,21.73941199326512,19.442119944211996,16635.0,23752.0,177891.84,1.0,0.0327
8928308d16fffff,13.229723166585721,7.202914798206278,19071.0,14454.0,177897.6,1.0,0.1667
8928308d173ffff,18.61157881103484,2.4188609920391917,18357.0,20335.0,177891.84,1.0,0.0723
8928308d177ffff,25.74555580740213,1.3477088948787064,6324.0,28128.0,177886.08,1.0,0.2045
8928308d17bffff,20.22857512869492,11.301464492953855,18490.0,22102.0,177909.12,1.0,0.0619
8928308d183ffff,15.694340967250817,4.769001490312966,14723.0,17149.0,177816.96,1.0,0.14
8928308d187ffff,30.057653689188314,4.389173372348208,7528.0,32843.0,177834.24,1.0,0.1322
8928308d18bffff,25.986138998639806,1.441860465116279,12205.0,28396.0,177857.28,1.0,0.0564
8928308d18fffff,35.8422126501927,12.361495844875346,14579.0,39164.0,177851.52,1.0,0.0937
8928308d193ffff,25.1247003951545,15.753199868723334,14786.0,27455.0,177834.24,1.0,0.0843
8928308d197ffff,8.30499141644803,4.761904761904762,18893.0,9075.0,177828.48,1.0,0.1496
8928308d19bffff,46.51162790697674,0.0,4395.0,50826.0,177834.24,1.0,0.2247
8928308d1a3ffff,1.3149797570850201,0.0,0.0,1437.0,177840.0,1.0,0.8373
8928308d1a7ffff,16.880971659919027,14.754926730672057,9717.0,18442.0,177840.0,1.0,0.2718
8928308d1abffff,20.95990672971047,7.340241796200346,6180.0,22900.0,177857.28,1.0,0.3694
8928308d1afffff,24.663924071134723,0.0,0.0,26946.0,177816.96,1.0,0.4981
8928308d1b3ffff,19.593172027337804,0.8761904761904762,14988.0,21407.0,177828.48,1.0,0.1881
8928308d1b7ffff,12.172842705364085,2.593192868719611,3462.0,13299.0,177822.72,1.0,0.4781
8928308d1bbffff,35.265152742233305,0.3597122302158274,6382.0,38531.0,177805.44,1.0,0.3044
8928308d1c3ffff,35.49013892936947,23.97734424166142,6958.0,38783.0,177863.04,1.0,0.1328
8928308d1c7ffff,34.07383419689119,19.482120838471022,3761.0,37234.0,177868.8,1.0,0.106
8928308d1cbffff,19.09079134827095,2.6539551661942795,21761.0,20862.0,177891.84,1.0,0.172
8928308d1cfffff,24.22995951417004,2.386039886039886,15788.0,26477.0,177840.0,1.0,0.0902
8928308d1d3ffff,19.67807753343913,7.1502057613168715,20794.0,21505.0,177851.52,1.0,0.11
8928308d1d7ffff,11.466701217932107,1.534475886807493,28460.0,12531.0,177822.72,1.0,0.0626
8928308d1dbffff,29.88178137651822,11.098062243100411,17441.0,32656.0,177840.0,1.0,0.0842
8928308d203ffff,65.37938624886702,17.38095238095238,1999.0,71466.0,177937.92,1.0,0.1745
8928308d207ffff,76.88622754491018,11.350844277673545,5443.0,84040.0,177955.2,1.0,0.029
8928308d20bffff,18.704686690833768,27.340267459138186,2817.0,20446.0,177960.96,1.0,0.6947
8928308d20fffff,28.425311539083992,3.3235581622678394,11393.0,31070.0,177955.2,1.0,0.217
8928308d213ffff,36.27771484058909,0.0,0.0,39657.0,177955.2,1.0,0.3842
8928308d217ffff,70.93234056328909,0.0,0.0,77535.0,177926.4,1.0,0.0802
8928308d21bffff,41.31011715968671,28.74251497005988,2056.0,45158.0,177972.48,1.0,0.4202
8928308d223ffff,14.167340993688299,7.213252254141329,25488.0,15484.0,177955.2,1.0,0.1071
8928308d227ffff,14.558518902123252,6.995776135163674,20292.0,15911.0,177960.96,1.0,0.1029
8928308d22bffff,11.357824890759023,1.9897669130187607,9930.0,12414.0,177955.2,1.0,0.3695
8928308d22fffff,22.2955913769664,10.074626865671641,18046.0,24367.0,177949.44,1.0,0.1809
8928308d233ffff,54.91858997183828,19.85172981878089,5604.0,60025.0,177943.68,1.0,0.064
8928308d237ffff,55.87816404479834,36.11302549965541,5340.0,61071.0,177949.44,1.0,0.2008
8928308d23bffff,11.05249530713962,0.8695652173913043,24296.0,12080.0,177972.48,1.0,0.1027
8928308d24bffff,29.7262313118892,0.0,0.0,32496.0,177995.52,1.0,0.4772
8928308d24fffff,32.19302220208428,0.0,0.0,35191.0,177972.48,1.0,0.4897
8928308d263ffff,11.851516230298715,4.588744588744588,6348.0,12954.0,177978.24,1.0,0.445
8928308d267ffff,9.889647584220574,8.590308370044053,2390.0,10809.0,177989.76,1.0,0.6109
8928308d26bffff,12.265769118741707,1.2165450121654502,9354.0,13407.0,177978.24,1.0,0.4037
8928308d26fffff,7.524028348597132,0.0,0.0,8224.0,177989.76,1.0,0.8383
8928308d273ffff,12.751634409994175,8.099847172694854,10391.0,13938.0,177972.48,1.0,0.6589
8928308d277ffff,14.551103631302997,4.28921568627451,26991.0,15905.0,177972.48,1.0,0.0751
8928308d27bffff,19.637540453074433,1.17011701170117,12649.0,21465.0,177984.0,1.0,0.2309
8928308d283ffff,65.42234597079678,0.0,3623.0,71518.0,177909.12,1.0,0.0836
8928308d287ffff,59.34606668824862,0.0,0.0,64872.0,177926.4,1.0,0.0888
8928308d28bffff,4.166127152660883,0.0,2759.0,4554.0,177937.92,1.0,0.675
8928308d28fffff,34.433977533909555,0.0,0.0,37641.0,177932.16,1.0,0.4604
8928308d293ffff,73.83858331444851,0.0,0.0,80722.0,177920.64,1.0,0.0928
8928308d297ffff,41.489396146996924,0.0,0.0,45355.0,177897.6,1.0,0.1605
8928308d29bffff,12.67076723858854,1.982651796778191,18225.0,13852.0,177926.4,1.0,0.101
8928308d2a3ffff,48.31326081326081,0.7604562737642585,4510.0,52807.0,177914.88,1.0,0.1638
8928308d2a7ffff,19.76755479296837,1.6185476815398077,12954.0,21605.0,177920.64,1.0,0.13
8928308d2abffff,94.97264575442685,0.0,0.0,103808.0,177932.16,1.0,0.0001
8928308d2afffff,88.05801042374802,0.0,0.0,96245.0,177932.16,1.0,0.0018
8928308d2b3ffff,44.56099456099456,0.0,0.0,48708.0,177914.88,1.0,0.1107
8928308d2b7ffff,44.106316164330345,1.1029411764705883,4648.0,48209.0,177920.64,1.0,0.1049
8928308d2bbffff,45.15439891241017,0.0,0.0,49357.0,177949.44,1.0,0.2172
8928308d2d3ffff,5.2146047776267235,0.4291845493562232,10691.0,5701.0,177949.44,1.0,0.4116
8928308d2d7ffff,6.347716311138446,0.9324009324009324,7344.0,6940.0,177943.68,1.0,0.4171
8928308d303ffff,41.33890129811272,0.3080082135523614,11186.0,45172.0,177932.16,1.0,0.1347
8928308d307ffff,41.52018387232527,5.017921146953405,9158.0,45367.0,177932.16,1.0,0.038
8928308d30bffff,17.464068367214814,3.818953323903819,23501.0,19083.0,177937.92,1.0,0.0589
8928308d30fffff,21.535622956656848,2.541914548404543,20759.0,23531.0,177943.68,1.0,0.0836
8928308d313ffff,73.29642938072578,31.221719457013574,7880.0,80095.0,177932.16,1.0,0.0738
8928308d317ffff,42.701757793532096,3.1737773152965656,10719.0,46660.0,177932.16,1.0,0.1458
8928308d31bffff,42.1311581536868,13.107752956636004,15235.0,46040.0,177949.44,1.0,0.1249
8928308d323ffff,14.57706127998446,1.7647058823529411,14429.0,15926.0,177932.16,1.0,0.1386
8928308d327ffff,26.937269372693727,5.403726708074534,8772.0,29429.0,177949.44,1.0,0.2536
8928308d32bffff,12.462773533600933,9.577464788732394,14792.0,13616.0,177937.92,1.0,0.2683
8928308d32fffff,9.891888392568136,5.83596214511041,10316.0,10807.0,177949.44,1.0,0.3933
8928308d333ffff,39.4561346714147,4.285714285714286,11964.0,43110.0,177926.4,1.0,0.0849
8928308d337ffff,47.337412191253115,0.0,300.0,51718.0,177932.16,1.0,0.3036
8928308d33bffff,12.035088855080438,2.1783526208304966,16554.0,13150.0,177943.68,1.0,0.1352
8928308d343ffff,16.50699119627136,5.031779661016949,20655.0,18039.0,177960.96,1.0,0.1061
8928308d347ffff,16.728167281672818,6.71725688589095,19117.0,18279.0,177949.44,1.0,0.1541
8928308d34bffff,21.106292076644227,3.3858531679517267,16600.0,23065.0,177960.96,1.0,0.1566
8928308d34fffff,18.825851969319395,0.0,743.0,20572.0,177978.24,1.0,0.6029
8928308d353ffff,21.843135985498332,8.282652765710976,18242.0,23871.0,177943.68,1.0,0.1109
8928308d357ffff,13.939864711784317,4.181402121905554,26531.0,15233.0,177966.72,1.0,0.1007
8928308d35bffff,19.798038644528596,9.892086330935252,14429.0,21636.0,177966.72,1.0,0.1238
8928308d363ffff,5.492620403935784,3.7259615384615383,9228.0,6001.0,177960.96,1.0,0.6189
8928308d367ffff,16.71791552031073,5.2533416226297796,17556.0,18266.0,177955.2,1.0,0.0776
8928308d36bffff,6.026475062303784,3.5215204024594744,9942.0,6585.0,177966.72,1.0,0.4287
8928308d36fffff,14.434124081685493,0.7913896802785693,18052.0,15771.0,177978.24,1.0,0.2791
8928308d373ffff,18.456658250793033,1.6728624535315983,24376.0,20167.0,177949.44,1.0,0.0782
8928308d377ffff,18.368073537027445,6.803665648430991,19331.0,20069.0,177960.96,1.0,0.1001
8928308d37bffff,28.709218021750388,3.9141414141414144,8767.0,31370.0,177960.96,1.0,0.366
8928308d383ffff,20.863146307508014,3.3643521832498213,15552.0,22799.0,177909.12,1.0,0.1889
8928308d387ffff,32.217329361481674,25.52742616033755,14233.0,35205.0,177891.84,1.0,0.0727
8928308d38bffff,67.27643592566211,65.3467843631778,7914.0,73520.0,177903.36,1.0,0.0161
8928308d38fffff,51.05714748259673,35.55411114722132,11422.0,55792.0,177897.6,1.0,0.0667
8928308d393ffff,12.604008158772299,3.3437013996889577,28639.0,13774.0,177909.12,1.0,0.1158
8928308d397ffff,13.856962476122641,2.823704254133383,30131.0,15143.0,177909.12,1.0,0.1982
8928308d39bffff,37.074686781702226,18.610301263362487,9648.0,40517.0,177920.64,1.0,0.1615
8928308d3a3ffff,36.45222909314598,18.332863981976907,16704.0,39829.0,177909.12,1.0,0.0522
8928308d3a7ffff,16.88521936214991,5.312583847598605,20327.0,18448.0,177897.6,1.0,0.0829
8928308d3abffff,37.79583643604105,14.036222509702458,15310.0,41298.0,177909.12,1.0,0.2038
8928308d3afffff,44.7588216251214,46.48798521256931,3335.0,48903.0,177926.4,1.0,0.1779
8928308d3b3ffff,13.459172440587968,4.338963308095516,18922.0,14707.0,177903.36,1.0,0.0985
8928308d3b7ffff,17.921321029626032,8.116677235256816,16692.0,19581.0,177897.6,1.0,0.1455
8928308d3bbffff,51.523097342267974,22.447418738049713,11681.0,56299.0,177932.16,1.0,0.0653
8928308d3c3ffff,94.77858345202641,90.82483781278961,570.0,103580.0,177937.92,1.0,0.0005
8928308d3c7ffff,89.4104697465117,74.07407407407408,3548.0,97709.0,177920.64,1.0,0.0023
8928308d3cbffff,45.84156172100101,20.873598763046,11791.0,50099.0,177920.64,1.0,0.1579
8928308d3cfffff,45.12317503479978,13.839479392624728,11439.0,49312.0,177932.16,1.0,0.1286
8928308d3d3ffff,24.587245063127224,3.9741219963031424,11969.0,26872.0,177926.4,1.0,0.1287
8928308d3d7ffff,74.44073942180064,65.71428571428571,7603.0,81353.0,177920.64,1.0,0.008
8928308d3dbffff,83.02637967308625,0.0,0.0,90741.0,177955.2,1.0,0.0208
8928308d403ffff,12.252234745433347,0.0,0.0,13396.0,177845.76,1.0,0.6161
8928308d407ffff,17.335535905159848,0.0,0.0,18952.0,177828.48,1.0,0.5915
8928308d40bffff,41.556800881085806,0.0,0.0,45435.0,177816.96,1.0,0.0302
8928308d40fffff,19.02818270165209,0.0,0.0,20803.0,177811.2,1.0,0.3467
8928308d413ffff,12.664420397848767,0.0,0.0,13847.0,177788.16,1.0,0.6621
8928308d417ffff,31.340720580611713,0.0,0.0,34265.0,177776.64,1.0,0.4213
8928308d41bffff,16.54412955465587,0.0,0.0,18089.0,177840.0,1.0,0.3492
8928308d423ffff,14.761904761904763,0.0,0.0,16137.0,177811.2,1.0,0.7552
8928308d427ffff,42.23892200051827,0.0,0.0,46172.0,177822.72,1.0,0.4136
8928308d42bffff,51.097869032968454,0.0,0.0,55859.0,177857.28,1.0,0.0074
8928308d42fffff,20.13538023059982,0.0,0.0,22010.0,177845.76,1.0,0.2406
8928308d433ffff,23.172351245424807,0.0,0.0,25332.0,177828.48,1.0,0.5603
8928308d437ffff,32.31721144189964,0.0,0.0,35328.0,177805.44,1.0,0.3703
8928308d43bffff,13.22038290841945,0.0,0.0,14453.0,177805.44,1.0,0.5082
8928308d443ffff,59.38977780656863,0.0,0.0,64937.0,177834.24,1.0,0.0836
8928308d447ffff,68.93078094127554,0.0,0.0,75365.0,177828.48,1.0,0.0281
8928308d44bffff,37.542098445595855,5.093833780160858,6117.0,41049.0,177868.8,1.0,0.1728
8928308d44fffff,71.30412254282847,69.72343522561863,3594.0,77961.0,177863.04,1.0,0.0132
8928308d453ffff,44.46171783909833,0.0,0.0,48616.0,177845.76,1.0,0.0959
8928308d457ffff,44.025136859836095,0.0,0.0,48137.0,177816.96,1.0,0.0548
8928308d45bffff,62.069188909043795,0.0,0.0,67870.0,177822.72,1.0,0.1001
8928308d463ffff,39.53428118016647,0.0,0.0,43221.0,177851.52,1.0,0.0987
8928308d467ffff,80.67305823670402,0.0,0.0,88191.0,177834.24,1.0,0.0152
8928308d46bffff,49.716599190283404,1.312910284463895,2598.0,54353.0,177840.0,1.0,0.0974
8928308d46fffff,54.235092151718334,31.993006993006993,2241.0,59290.0,177828.48,1.0,0.068
8928308d473ffff,63.62105263157895,0.0,0.0,69556.0,177840.0,1.0,0.0076
8928308d477ffff,31.22166083689597,0.0,0.0,34133.0,177845.76,1.0,0.1306
8928308d47bffff,33.447762160761705,22.69779507133593,3433.0,36569.0,177857.28,1.0,0.1088
8928308d483ffff,31.861188516622384,0.0,0.0,34837.0,177765.12,1.0,0.4167
8928308d487ffff,50.531397835525894,0.0,0.0,55248.0,177765.12,1.0,0.2942
8928308d48bffff,44.31523710805908,0.0,0.0,48455.0,177822.72,1.0,0.3809
8928308d48fffff,65.08923654973601,0.0,0.0,71166.0,177828.48,1.0,0.1781
8928308d493ffff,36.37836086815678,0.0,0.0,39778.0,177811.2,1.0,0.32
8928308d497ffff,57.975897369444084,0.0,0.0,63390.0,177799.68,1.0,0.1806
8928308d49bffff,36.902987492709485,0.0,0.0,40352.0,177765.12,1.0,0.2811
8928308d4a3ffff,5.273899381256276,0.0,0.0,5766.0,177805.44,1.0,0.863
8928308d4a7ffff,0.4276688806091042,0.0,0.0,468.0,177782.4,1.0,0.79
8928308d4abffff,20.640165872938738,0.0,0.0,22565.0,177793.92,1.0,0.5952
8928308d4afffff,0.6965593209356574,0.0,0.0,761.0,177788.16,1.0,0.724
8928308d4b3ffff,36.32269560991414,0.0,0.0,39711.0,177782.4,1.0,0.5153
8928308d4b7ffff,44.88109894382168,0.0,0.0,49065.0,177788.16,1.0,0.4347
8928308d4bbffff,20.20863029674744,0.0,0.0,22094.0,177799.68,1.0,0.7108
8928308d4c3ffff,26.37921539408468,0.0,0.0,28845.0,177805.44,1.0,0.5364
8928308d4c7ffff,12.525108533661633,0.0,0.0,13695.0,177788.16,1.0,0.6568
8928308d4cbffff,17.233560090702948,0.0,0.0,18845.0,177811.2,1.0,0.2663
8928308d4cfffff,5.043078318326099,0.0,0.0,5514.0,177834.24,1.0,0.7025
8928308d4d3ffff,32.00634879502462,0.0,0.0,35000.0,177822.72,1.0,0.52
8928308d4d7ffff,63.2069970845481,0.0,0.0,69115.0,177811.2,1.0,0.0947
8928308d4dbffff,2.115390845184489,0.0,0.0,2313.0,177805.44,1.0,0.8184
8928308d503ffff,11.298629781996047,0.0,0.0,12349.0,177816.96,1.0,0.7533
8928308d507ffff,22.685455134434726,0.0,0.0,24793.0,177811.2,1.0,0.6223
8928308d50bffff,24.704395995983024,0.0,0.0,27001.0,177805.44,1.0,0.5312
8928308d50fffff,62.10393313030519,36.795252225519285,1227.0,67873.0,177788.16,1.0,0.2313
8928308d513ffff,10.088770815784358,0.0,0.0,11027.0,177788.16,1.0,0.4484
8928308d517ffff,49.76346315857689,0.0,0.0,54388.0,177765.12,1.0,0.2313
8928308d51bffff,23.00116625631722,0.0,0.0,25140.0,177799.68,1.0,0.6186
8928308d523ffff,4.904120238403731,0.0,0.0,5359.0,177822.72,1.0,0.862
8928308d527ffff,9.163643430940658,3.4782608695652173,8951.0,10013.0,177822.72,1.0,0.4075
8928308d52bffff,11.739933266383751,0.0,0.0,12829.0,177805.44,1.0,0.3642
8928308d52fffff,29.48589199520555,16.93121693121693,4522.0,32220.0,177805.44,1.0,0.0929
8928308d533ffff,34.55482115085536,17.647058823529413,484.0,37762.0,177776.64,1.0,0.3761
8928308d537ffff,45.479878167325516,0.0,0.0,49699.0,177765.12,1.0,0.2275
8928308d53bffff,29.941361324391746,0.0,0.0,32721.0,177793.92,1.0,0.5115
8928308d543ffff,4.072046389581781,0.0,0.0,4451.0,177805.44,1.0,0.7398
8928308d547ffff,16.70229996760609,0.0,0.0,18255.0,177811.2,1.0,0.5082
8928308d54bffff,17.2555623927195,0.0,0.0,18861.0,177851.52,1.0,0.3472
8928308d54fffff,22.836507319600983,0.0,0.0,24960.0,177845.76,1.0,0.4387
8928308d553ffff,44.903313574968415,0.0,0.0,49082.0,177828.48,1.0,0.4168
8928308d557ffff,8.696919638519095,0.0,0.0,9506.0,177828.48,1.0,0.8505
8928308d55bffff,15.736451686048394,0.0,0.0,17201.0,177816.96,1.0,0.5876
8928308d563ffff,39.844509232264336,0.0,0.0,43545.0,177811.2,1.0,0.3641
8928308d567ffff,54.99514091350826,6.3720452209660845,5247.0,60099.0,177811.2,1.0,0.2671
8928308d56bffff,30.2027333376514,0.9068425391591096,6924.0,33008.0,177857.28,1.0,0.1892
8928308d56fffff,37.272491741693116,24.4173140954495,3923.0,40732.0,177857.28,1.0,0.278
8928308d573ffff,52.987854251012145,0.0,0.0,57911.0,177840.0,1.0,0.2076
8928308d577ffff,60.70746007579929,47.68976897689769,3652.0,66344.0,177816.96,1.0,0.1083
8928308d57bffff,42.92747708353578,0.0,0.0,46916.0,177828.48,1.0,0.3108
8928308d583ffff,45.11404872991187,4.685157421289355,14648.0,49310.0,177776.64,1.0,0.0259
8928308d587ffff,15.510256991930518,1.7743080198722498,31887.0,16952.0,177736.32,1.0,0.0282
8928308d58bffff,53.96254536029031,0.0,0.0,58982.0,177776.64,1.0,0.1719
8928308d58fffff,87.18696342372112,0.0,0.0,95293.0,177793.92,1.0,0.0297
8928308d593ffff,11.17340160082958,6.303675712813467,31421.0,12213.0,177747.84,1.0,0.0175
8928308d597ffff,11.718775311841892,1.333801333801334,32383.0,12809.0,177782.4,1.0,0.0226
8928308d59bffff,84.29441492808087,7.865168539325842,1889.0,92139.0,177799.68,1.0,0.0106
8928308d5a3ffff,29.250907205806115,7.073777286543244,19371.0,31967.0,177776.64,1.0,0.0177
8928308d5a7ffff,13.922286677253135,2.2186272244048997,24371.0,15214.0,177736.32,1.0,0.0265
8928308d5abffff,65.84796837534832,60.126083530338846,2915.0,71963.0,177765.12,1.0,0.0711
8928308d5afffff,62.5,33.352941176470594,13052.0,68301.0,177822.72,1.0,0.0188
8928308d5b3ffff,9.72100709633518,6.311853969650319,24538.0,10624.0,177759.36,1.0,0.1783
8928308d5b7ffff,9.59108288510142,1.6500305561214095,27809.0,10482.0,177765.12,1.0,0.1004
8928308d5bbffff,68.50016196954972,18.944281524926687,7960.0,74865.0,177811.2,1.0,0.0091
8928308d5c3ffff,26.840724304363317,0.0,0.0,29339.0,177816.96,1.0,0.3843
8928308d5c7ffff,72.61565375145781,0.0,0.0,79371.0,177799.68,1.0,0.0521
8928308d5cbffff,36.89820514481954,0.0,0.0,40334.0,177788.16,1.0,0.3997
8928308d5cfffff,77.5092334607659,0.0,0.0,84721.0,177788.16,1.0,0.1084
8928308d5d3ffff,7.468489777403363,0.0,0.0,8164.0,177770.88,1.0,0.7321
8928308d5d7ffff,37.68388309247619,0.0,0.0,41191.0,177765.12,1.0,0.4401
8928308d5dbffff,0.9297654528962032,0.0,0.0,1016.0,177799.68,1.0,0.7859
8928308d607ffff,18.762345778957933,0.0,0.0,20514.0,177874.56,1.0,0.3819
8928308d623ffff,54.60903351141331,16.431535269709542,5800.0,59701.0,177897.6,1.0,0.1453
8928308d627ffff,33.48444127837322,6.350082827167311,9769.0,36605.0,177886.08,1.0,0.1413
8928308d62bffff,80.59242473292328,32.103939647946355,4666.0,88109.0,177926.4,1.0,0.0077
8928308d62fffff,80.72651924757989,0.0,0.0,88251.0,177909.12,1.0,0.0194
8928308d633ffff,47.30263583964769,0.0,0.0,51716.0,177880.32,1.0,0.4219
8928308d637ffff,52.64402059518798,12.357414448669202,13277.0,57552.0,177874.56,1.0,0.1043
8928308d63bffff,40.41705792831007,0.0,0.0,44188.0,177886.08,1.0,0.1733
8928308d643ffff,35.81765791433289,0.0,0.0,39166.0,177909.12,1.0,0.2803
8928308d647ffff,72.17149148371219,0.0,0.0,78914.0,177880.32,1.0,0.0256
8928308d64bffff,10.50603813902289,0.0,0.0,11488.0,177909.12,1.0,0.7244
8928308d64fffff,13.260383955453397,14.98103666245259,7747.0,14499.0,177920.64,1.0,0.1517
8928308d657ffff,37.42998672580698,0.0,0.0,40929.0,177909.12,1.0,0.2029
8928308d663ffff,44.78182053606112,5.626283367556468,13236.0,48961.0,177937.92,1.0,0.0563
8928308d667ffff,63.13011946773723,9.407044137316095,11704.0,69018.0,177909.12,1.0,0.1416
8928308d66bffff,15.29099501521331,3.2988587731811694,31236.0,16718.0,177949.44,1.0,0.1524
8928308d66fffff,12.48057498057498,3.704545454545455,24405.0,13645.0,177914.88,1.0,0.1086
8928308d673ffff,95.998445998446,0.0,0.0,104962.0,177914.88,1.0,0.0001
8928308d67bffff,19.941728714794433,4.2792792792792795,14688.0,21804.0,177926.4,1.0,0.191
8928308d683ffff,12.318253942553675,0.0,0.0,13470.0,177874.56,1.0,0.3702
8928308d687ffff,42.35515108333063,0.0,0.0,46312.0,177851.52,1.0,0.2314
8928308d697ffff,18.62694300518135,0.0,0.0,20368.0,177868.8,1.0,0.7406
8928308d6a3ffff,40.54342897856078,22.18362282878412,9032.0,44327.0,177857.28,1.0,0.1049
8928308d6a7ffff,35.20611379165183,18.17781690140845,10708.0,38490.0,177874.56,1.0,0.1401
8928308d6abffff,44.43077321590467,0.0,0.0,48578.0,177891.84,1.0,0.3328
8928308d6afffff,64.33752104649658,1.4947683109118086,3796.0,70339.0,177891.84,1.0,0.1987
8928308d6b3ffff,48.40830337770006,7.142857142857142,7937.0,52928.0,177863.04,1.0,0.086
8928308d6b7ffff,25.8914979757085,2.442827442827443,10812.0,28308.0,177840.0,1.0,0.0983
8928308d6bbffff,44.90430389585155,0.0,1826.0,49097.0,177863.04,1.0,0.2287
8928308d803ffff,0.0,0.0,0.0,0.0,177880.32,1.0,1.0
8928308d807ffff,0.0,0.0,0.0,0.0,177920.64,1.0,1.0
8928308d80bffff,0.0,0.0,0.0,0.0,177914.88,1.0,1.0
8928308d80fffff,0.0,0.0,0.0,0.0,177891.84,1.0,1.0
8928308d813ffff,0.6185032868106604,0.0,467.0,675.0,177874.56,1.0,0.8073
8928308d817ffff,0.04533678756476684,0.0,0.0,50.0,177868.8,1.0,0.9822
8928308d81bffff,0.39503934203283364,0.0,0.0,431.0,177886.08,1.0,0.9233
8928308d823ffff,0.0,0.0,0.0,0.0,177880.32,1.0,1.0
8928308d827ffff,0.0,0.0,0.0,0.0,177932.16,1.0,1.0
8928308d82bffff,0.0,0.0,0.0,0.0,177914.88,1.0,1.0
8928308d82fffff,0.0,0.0,0.0,0.0,177897.6,1.0,1.0
8928308d833ffff,0.0,0.0,0.0,0.0,177874.56,1.0,1.0
8928308d837ffff,0.0,0.0,0.0,0.0,177851.52,1.0,1.0
8928308d83bffff,0.0,0.0,0.0,0.0,177886.08,1.0,1.0
8928308d843ffff,4.0045322110715444,0.22692889561270801,7597.0,4373.0,177926.4,1.0,0.6298
8928308d847ffff,0.0,0.0,0.0,0.0,177903.36,1.0,1.0
8928308d84bffff,12.172618084107611,0.315059861373661,9112.0,13293.0,177920.64,1.0,0.5057
8928308d84fffff,0.0,0.0,0.0,0.0,177914.88,1.0,1.0
8928308d853ffff,5.66275982645859,2.1152829190904283,21324.0,6184.0,177903.36,1.0,0.1208
8928308d857ffff,0.4144406669904484,0.0,5403.0,453.0,177897.6,1.0,0.7936
8928308d85bffff,7.255009874065201,3.7793891452428037,25223.0,7923.0,177920.64,1.0,0.077
8928308d863ffff,0.0,0.0,0.0,0.0,177949.44,1.0,1.0
8928308d867ffff,0.0,0.0,0.0,0.0,177909.12,1.0,1.0
8928308d86bffff,0.0,0.0,0.0,0.0,177937.92,1.0,1.0
8928308d86fffff,0.0,0.0,0.0,0.0,177926.4,1.0,1.0
8928308d873ffff,0.0,0.0,0.0,0.0,177903.36,1.0,1.0
8928308d877ffff,0.0,0.0,0.0,0.0,177903.36,1.0,1.0
8928308d87bffff,0.0,0.0,0.0,0.0,177909.12,1.0,1.0
8928308d883ffff,14.064574630007447,3.135650988411725,8185.0,15359.0,177863.04,1.0,0.2811
8928308d887ffff,1.1108232398471405,0.0,4107.0,1213.0,177857.28,1.0,0.2333
8928308d88bffff,6.778069237993459,1.928996511389288,27527.0,7402.0,177863.04,1.0,0.0274
8928308d88fffff,5.119321309458278,1.3854527461652646,11480.0,5590.0,177886.08,1.0,0.4771
8928308d893ffff,1.4345854922279793,0.5729693292888439,33984.0,1567.0,177868.8,1.0,0.4802
8928308d897ffff,11.772516760047932,0.4119214926096438,23674.0,12856.0,177851.52,1.0,0.4505
8928308d89bffff,7.014475857378801,3.0064275347294216,26945.0,7660.0,177863.04,1.0,0.0622
8928308d8a3ffff,19.606827088123847,0.0,0.0,21408.0,177851.52,1.0,0.5504
8928308d8a7ffff,15.577433771617333,0.0,0.0,17008.0,177857.28,1.0,0.6284
8928308d8abffff,4.484813159769445,0.0,0.0,4897.0,177880.32,1.0,0.9276
8928308d8afffff,1.3212007383180597,0.0,0.0,1443.0,177874.56,1.0,0.9619
8928308d8b3ffff,1.920461169764881,0.5927180355630821,6762.0,2097.0,177857.28,1.0,0.2625
8928308d8b7ffff,0.30450275348234535,0.0,5149.0,332.0,177811.2,1.0,0.2773
8928308d8bbffff,5.087599987046213,0.0,63.0,5555.0,177863.04,1.0,0.729
8928308d8c3ffff,6.407848724258517,1.285444234404537,30079.0,6998.0,177891.84,1.0,0.0751
8928308d8c7ffff,8.498996309007318,6.938211943389713,15529.0,9281.0,177903.36,1.0,0.3358
8928308d8cbffff,23.314770446156835,0.37285607755406414,23086.0,25462.0,177903.36,1.0,0.272
8928308d8cfffff,5.57570262919311,0.292654375182909,19624.0,6089.0,177891.84,1.0,0.3516
8928308d8d3ffff,5.870353581142338,2.154843630816171,29555.0,6411.0,177891.84,1.0,0.0637
8928308d8d7ffff,5.868065675701933,3.2195500387897598,28742.0,6408.0,177863.04,1.0,0.0481
8928308d8dbffff,12.061652041576272,3.480392156862745,22683.0,13173.0,177886.08,1.0,0.0367
8928308d903ffff,0.0,0.0,0.0,0.0,177845.76,1.0,1.0
8928308d907ffff,0.0,0.0,0.0,0.0,177903.36,1.0,0.9991
8928308d90bffff,0.0,0.0,0.0,0.0,177851.52,1.0,1.0
8928308d90fffff,0.0,0.0,0.0,0.0,177886.08,1.0,1.0
8928308d913ffff,0.0,0.0,0.0,0.0,177828.48,1.0,1.0
8928308d917ffff,0.2137998056365403,0.0,0.0,233.0,177811.2,1.0,0.9855
8928308d91bffff,0.0,0.0,0.0,0.0,177834.24,1.0,1.0
8928308d923ffff,0.0,0.0,0.0,0.0,177840.0,1.0,1.0
8928308d927ffff,0.0,0.0,0.0,0.0,177880.32,1.0,1.0
8928308d92bffff,0.0,0.0,0.0,0.0,177845.76,1.0,0.9996
8928308d92fffff,0.0,0.0,0.0,0.0,177909.12,1.0,1.0
8928308d933ffff,0.0,0.0,0.0,0.0,177834.24,1.0,0.9998
8928308d937ffff,0.0,0.0,0.0,0.0,177816.96,1.0,1.0
8928308d93bffff,0.0,0.0,0.0,0.0,177851.52,1.0,1.0
8928308d943ffff,0.0,0.0,0.0,0.0,177851.52,1.0,1.0
8928308d947ffff,0.0,0.0,0.0,0.0,177909.12,1.0,1.0
8928308d94bffff,0.0,0.0,0.0,0.0,177886.08,1.0,1.0
8928308d94fffff,0.0,0.0,0.0,0.0,177914.88,1.0,1.0
8928308d953ffff,0.0,0.0,0.0,0.0,177863.04,1.0,1.0
8928308d957ffff,0.0,0.0,0.0,0.0,177845.76,1.0,1.0
8928308d95bffff,0.0,0.0,0.0,0.0,177868.8,1.0,1.0
8928308d963ffff,0.0,0.0,0.0,0.0,177868.8,1.0,1.0
8928308d967ffff,0.0,0.0,0.0,0.0,177891.84,1.0,1.0
8928308d96bffff,0.0,0.0,0.0,0.0,177863.04,1.0,1.0
8928308d96fffff,0.0,0.0,0.0,0.0,177943.68,1.0,1.0
8928308d973ffff,0.0,0.0,0.0,0.0,177868.8,1.0,1.0
8928308d977ffff,0.0,0.0,0.0,0.0,177868.8,1.0,1.0
8928308d97bffff,0.0,0.0,0.0,0.0,177886.08,1.0,1.0
8928308d983ffff,40.33820337555476,0.0,0.0,44035.0,177805.44,1.0,0.473
8928308d987ffff,80.08032648830732,0.0,0.0,87414.0,177834.24,1.0,0.0649
8928308d98bffff,1.3052631578947367,0.0,0.0,1425.0,177840.0,1.0,0.964
8928308d98fffff,8.26208058038606,0.0,0.0,9019.0,177845.76,1.0,0.8541
8928308d993ffff,62.56317221718284,0.0,0.0,68299.0,177799.68,1.0,0.2822
8928308d997ffff,79.3073284520184,0.0,0.0,86574.0,177788.16,1.0,0.1135
8928308d99bffff,36.432250332026825,0.0,0.0,39773.0,177816.96,1.0,0.5032
8928308d9a3ffff,1.0266541438611265,0.0,0.0,1121.0,177851.52,1.0,0.9698
8928308d9a7ffff,0.0,0.0,0.0,0.0,177822.72,1.0,1.0
8928308d9abffff,4.530293708105307,0.0,0.0,4945.0,177874.56,1.0,0.8797
8928308d9afffff,0.0,0.0,0.0,0.0,177834.24,1.0,1.0
8928308d9b3ffff,10.31779455116784,0.0,0.0,11262.0,177805.44,1.0,0.8584
8928308d9b7ffff,0.0,0.0,0.0,0.0,177834.24,1.0,1.0
8928308d9bbffff,42.91591085773516,0.0,0.0,46844.0,177822.72,1.0,0.359
8928308d9c3ffff,1.211336032388664,0.0,0.0,1322.0,177840.0,1.0,0.9767
8928308d9c7ffff,0.0,0.0,0.0,0.0,177880.32,1.0,0.9997
8928308d9cbffff,0.0,0.0,0.0,0.0,177845.76,1.0,1.0
8928308d9cfffff,0.0,0.0,0.0,0.0,177891.84,1.0,1.0
8928308d9d3ffff,37.934384817177836,0.0,0.0,41415.0,177851.52,1.0,0.558
8928308d9d7ffff,16.777892963586886,0.0,0.0,18316.0,177799.68,1.0,0.7881
8928308d9dbffff,1.2630351706716756,0.0,0.0,1379.0,177857.28,1.0,0.975
8928308da03ffff,0.0,0.0,0.0,0.0,177978.24,1.0,1.0
8928308da07ffff,0.0,0.0,0.0,0.0,177960.96,1.0,1.0
8928308da0bffff,0.0,0.0,0.0,0.0,177966.72,1.0,1.0
8928308da0fffff,0.0,0.0,0.0,0.0,177972.48,1.0,1.0
8928308da13ffff,0.0,0.0,0.0,0.0,177949.44,1.0,1.0
8928308da17ffff,0.0,0.0,0.0,0.0,177955.2,1.0,1.0
8928308da1bffff,0.0,0.0,0.0,0.0,177960.96,1.0,1.0
8928308da23ffff,0.0,0.0,0.0,0.0,177966.72,1.0,1.0
8928308da27ffff,0.0,0.0,0.0,0.0,177966.72,1.0,1.0
8928308da2bffff,0.0,0.0,0.0,0.0,177960.96,1.0,1.0
8928308da2fffff,0.0,0.0,0.0,0.0,177972.48,1.0,1.0
8928308da33ffff,0.0,0.0,0.0,0.0,177943.68,1.0,1.0
8928308da37ffff,0.0,0.0,0.0,0.0,177960.96,1.0,1.0
8928308da3bffff,0.0,0.0,0.0,0.0,177972.48,1.0,1.0
8928308da43ffff,0.0,0.0,0.0,0.0,177989.76,1.0,1.0
8928308da47ffff,0.0,0.0,0.0,0.0,177995.52,1.0,1.0
8928308da4bffff,0.0,0.0,0.0,0.0,177995.52,1.0,1.0
8928308da4fffff,0.0,0.0,0.0,0.0,178007.04,1.0,1.0
8928308da53ffff,0.0,0.0,0.0,0.0,177995.52,1.0,1.0
8928308da57ffff,0.0,0.0,0.0,0.0,177972.48,1.0,1.0
8928308da5bffff,0.0,0.0,0.0,0.0,177995.52,1.0,1.0
8928308da63ffff,0.0,0.0,0.0,0.0,178012.8,1.0,1.0
8928308da67ffff,0.0,0.0,0.0,0.0,177984.0,1.0,1.0
8928308da6bffff,0.0,0.0,0.0,0.0,178018.56,1.0,1.0
8928308da6fffff,0.0,0.0,0.0,0.0,177995.52,1.0,1.0
8928308da73ffff,0.0,0.0,0.0,0.0,177989.76,1.0,1.0
8928308da77ffff,0.0,0.0,0.0,0.0,177989.76,1.0,1.0
8928308da7bffff,0.0,0.0,0.0,0.0,177978.24,1.0,1.0
8928308da83ffff,19.775986533294486,10.873521383075522,33852.0,21597.0,177932.16,1.0,0.0342
8928308da87ffff,1.8969312443351027,0.0,6186.0,2072.0,177937.92,1.0,0.6528
8928308da8bffff,7.917394963423319,0.0,2079.0,8647.0,177949.44,1.0,0.7817
8928308da8fffff,4.861942834946428,0.0,0.0,5310.0,177943.68,1.0,0.9195
8928308da93ffff,14.45081091580072,1.1928429423459244,11451.0,15782.0,177932.16,1.0,0.1664
8928308da97ffff,4.746026093431318,0.7914438502673796,26715.0,5183.0,177920.64,1.0,0.0298
8928308da9bffff,6.412663472743753,6.273830155979203,15575.0,7004.0,177937.92,1.0,0.2106
8928308daa3ffff,0.0,0.0,0.0,0.0,177932.16,1.0,1.0
8928308daa7ffff,0.0,0.0,0.0,0.0,177937.92,1.0,1.0
8928308daabffff,0.0,0.0,0.0,0.0,177943.68,1.0,1.0
8928308daafffff,0.0,0.0,0.0,0.0,177949.44,1.0,1.0
8928308dab3ffff,0.0,0.0,0.0,0.0,177937.92,1.0,1.0
8928308dab7ffff,0.0,0.0,0.0,0.0,177932.16,1.0,1.0
8928308dabbffff,0.0,0.0,0.0,0.0,177955.2,1.0,0.9909
8928308dac3ffff,1.9354629899342977,0.0,0.0,2114.0,177966.72,1.0,0.8993
8928308dac7ffff,0.0,0.0,0.0,0.0,177972.48,1.0,1.0
8928308dacbffff,1.213710068938732,0.0,0.0,1326.0,177966.72,1.0,0.8761
8928308dacfffff,0.0,0.0,0.0,0.0,177984.0,1.0,1.0
8928308dad3ffff,16.5932927618801,1.8127638440526446,22775.0,18124.0,177937.92,1.0,0.0545
8928308dad7ffff,11.957401353057326,12.69185360094451,8519.0,13059.0,177943.68,1.0,0.3491
8928308dadbffff,8.049846253439068,3.0505243088655862,11716.0,8792.0,177955.2,1.0,0.3527
8928308db03ffff,0.0,0.0,0.0,0.0,177966.72,1.0,1.0
8928308db07ffff,0.0,0.0,0.0,0.0,177943.68,1.0,1.0
8928308db0bffff,0.0,0.0,0.0,0.0,177960.96,1.0,1.0
8928308db0fffff,0.0,0.0,0.0,0.0,177949.44,1.0,1.0
8928308db13ffff,0.0,0.0,0.0,0.0,177932.16,1.0,1.0
8928308db17ffff,0.0,0.0,0.0,0.0,177937.92,1.0,1.0
8928308db1bffff,0.0,0.0,0.0,0.0,177943.68,1.0,1.0
8928308db23ffff,0.0,0.0,0.0,0.0,177937.92,1.0,1.0
8928308db27ffff,0.0,0.0,0.0,0.0,177949.44,1.0,1.0
8928308db2bffff,0.0,0.0,0.0,0.0,177984.0,1.0,1.0
8928308db2fffff,0.0,0.0,0.0,0.0,177966.72,1.0,1.0
8928308db33ffff,0.0,0.0,0.0,0.0,177937.92,1.0,1.0
8928308db37ffff,0.0,0.0,0.0,0.0,177914.88,1.0,1.0
8928308db3bffff,0.0,0.0,0.0,0.0,177943.68,1.0,1.0
8928308db43ffff,0.0,0.0,0.0,0.0,177966.72,1.0,1.0
8928308db47ffff,0.0,0.0,0.0,0.0,177966.72,1.0,1.0
8928308db4bffff,0.0,0.0,0.0,0.0,177972.48,1.0,1.0
8928308db4fffff,0.0,0.0,0.0,0.0,177966.72,1.0,1.0
8928308db53ffff,0.0,0.0,0.0,0.0,177978.24,1.0,1.0
8928308db57ffff,0.0,0.0,0.0,0.0,177960.96,1.0,1.0
8928308db5bffff,0.0,0.0,0.0,0.0,177984.0,1.0,1.0
8928308db63ffff,0.0,0.0,0.0,0.0,177960.96,1.0,1.0
8928308db67ffff,0.0,0.0,0.0,0.0,177949.44,1.0,1.0
8928308db6bffff,0.0,0.0,0.0,0.0,177972.48,1.0,1.0
8928308db6fffff,0.0,0.0,0.0,0.0,177960.96,1.0,1.0
8928308db73ffff,0.0,0.0,0.0,0.0,177960.96,1.0,1.0
8928308db77ffff,0.0,0.0,0.0,0.0,177972.48,1.0,1.0
8928308db7bffff,0.0,0.0,0.0,0.0,178012.8,1.0,1.0
8928308db83ffff,0.0,0.0,0.0,0.0,177914.88,1.0,1.0
8928308db87ffff,0.0,0.0,0.0,0.0,177960.96,1.0,1.0
8928308db8bffff,0.0,0.0,0.0,0.0,177949.44,1.0,1.0
8928308db8fffff,0.0,0.0,0.0,0.0,177920.64,1.0,1.0
8928308db93ffff,0.0,0.0,0.0,0.0,177903.36,1.0,1.0
8928308db97ffff,0.0,0.0,0.0,0.0,177909.12,1.0,1.0
8928308db9bffff,0.0,0.0,0.0,0.0,177909.12,1.0,1.0
8928308dba3ffff,0.0,0.0,0.0,0.0,177891.84,1.0,1.0
8928308dba7ffff,0.0,0.0,0.0,0.0,177926.4,1.0,1.0
8928308dbabffff,0.0,0.0,0.0,0.0,177932.16,1.0,1.0
8928308dbafffff,0.0,0.0,0.0,0.0,177926.4,1.0,1.0
8928308dbb3ffff,0.0,0.0,0.0,0.0,177891.84,1.0,1.0
8928308dbb7ffff,0.0,0.0,0.0,0.0,177880.32,1.0,1.0
8928308dbbbffff,0.0,0.0,0.0,0.0,177920.64,1.0,1.0
8928308dbc3ffff,0.0,0.0,0.0,0.0,177937.92,1.0,1.0
8928308dbc7ffff,0.0,0.0,0.0,0.0,177937.92,1.0,1.0
8928308dbcbffff,0.0,0.0,0.0,0.0,177955.2,1.0,1.0
8928308dbcfffff,0.0,0.0,0.0,0.0,177937.92,1.0,1.0
8928308dbd3ffff,0.0,0.0,0.0,0.0,177932.16,1.0,1.0
8928308dbd7ffff,0.0,0.0,0.0,0.0,177926.4,1.0,1.0
8928308dbdbffff,0.0,0.0,0.0,0.0,177972.48,1.0,1.0
8928308dc03ffff,3.4398989408220775,1.8204804045512009,22366.0,3757.0,177828.48,1.0,0.3143
8928308dc07ffff,22.14089068825911,10.273635916762249,31542.0,24182.0,177840.0,1.0,0.1263
8928308dc0bffff,9.136250283382454,1.2640449438202246,12148.0,9979.0,177851.52,1.0,0.3174
8928308dc0fffff,16.364931826278458,2.2384174908901615,21635.0,17874.0,177851.52,1.0,0.2607
8928308dc13ffff,11.646209152443566,3.628954007374345,28604.0,12721.0,177851.52,1.0,0.245
8928308dc17ffff,17.944149280808606,5.752212389380531,31899.0,19599.0,177799.68,1.0,0.1167
8928308dc1bffff,2.088865859187771,0.0,0.0,2282.0,177857.28,1.0,0.3381
8928308dc23ffff,3.061224489795918,4.7313797313797314,17977.0,3343.0,177811.2,1.0,0.3727
8928308dc27ffff,12.198361027434975,0.8369601606963508,17061.0,13321.0,177828.48,1.0,0.2907
8928308dc2bffff,2.617004048582996,0.514626218851571,21156.0,2858.0,177840.0,1.0,0.1592
8928308dc2fffff,1.1624518343425185,1.6154661016949152,21398.0,1269.0,177886.08,1.0,0.3128
8928308dc33ffff,16.10855625364337,5.816135084427768,11566.0,17593.0,177857.28,1.0,0.4054
8928308dc37ffff,9.173360974345686,1.7027863777089782,14630.0,10018.0,177822.72,1.0,0.358
8928308dc3bffff,10.83654500113353,4.937856902922405,16301.0,11835.0,177851.52,1.0,0.3151
8928308dc43ffff,5.900450144110884,1.844466600199402,22683.0,6445.0,177863.04,1.0,0.1098
8928308dc47ffff,18.584242738253295,5.678321678321678,19423.0,20299.0,177874.56,1.0,0.1997
8928308dc4bffff,5.993588705760451,1.9482819695359546,15944.0,6547.0,177886.08,1.0,0.3026
8928308dc4fffff,24.24222797927461,6.251497005988024,22545.0,26479.0,177868.8,1.0,0.0547
8928308dc53ffff,17.174497296247125,15.156918687589158,13703.0,18761.0,177886.08,1.0,0.3099
8928308dc57ffff,5.788229197033006,2.9323308270676693,14872.0,6323.0,177828.48,1.0,0.583
8928308dc5bffff,3.4524079411859963,0.0,4522.0,3771.0,177851.52,1.0,0.3269
8928308dc63ffff,14.141839378238341,1.0933557611438183,6774.0,15445.0,177868.8,1.0,0.2166
8928308dc67ffff,1.729106628242075,0.25756600128783,8922.0,1888.0,177886.08,1.0,0.4168
8928308dc6bffff,20.448877805486283,0.4834810636583401,14227.0,22334.0,177851.52,1.0,0.1147
8928308dc6fffff,12.27172646030307,6.3996517196343055,24768.0,13402.0,177891.84,1.0,0.1279
8928308dc73ffff,13.492680399015416,1.9624573378839592,6618.0,14737.0,177845.76,1.0,0.2909
8928308dc77ffff,8.37489474706911,5.090595340811044,6336.0,9147.0,177857.28,1.0,0.1389
8928308dc7bffff,24.01878238341969,3.7847427557658193,18743.0,26234.0,177868.8,1.0,0.2531
8928308dc83ffff,10.790411402656302,0.6156119182467372,23247.0,11787.0,177811.2,1.0,0.069
8928308dc87ffff,13.358172687510125,6.589066722095198,25885.0,14591.0,177782.4,1.0,0.1158
8928308dc8bffff,5.257701901584114,7.071674971253354,27930.0,5743.0,177805.44,1.0,0.0994
8928308dc8fffff,12.041206388285982,1.9707317073170731,28938.0,13152.0,177805.44,1.0,0.3952
8928308dc93ffff,22.242021707435608,10.135674381484437,19457.0,24296.0,177782.4,1.0,0.1234
8928308dc97ffff,30.848720440557177,6.76605504587156,9366.0,33696.0,177811.2,1.0,0.1511
8928308dc9bffff,13.18909114465246,3.8644785600847014,20920.0,14407.0,177834.24,1.0,0.1542
8928308dca3ffff,15.025755661385945,1.0848928668294007,21007.0,16411.0,177793.92,1.0,0.1128
8928308dca7ffff,13.419296313095316,1.2527634487840826,15437.0,14655.0,177788.16,1.0,0.2058
8928308dcabffff,15.836356569059342,6.8654266958424515,19613.0,17296.0,177822.72,1.0,0.1785
8928308dcafffff,5.600725600077743,2.5186567164179103,12038.0,6117.0,177816.96,1.0,0.5614
8928308dcb3ffff,10.752339929397287,1.7311608961303464,16675.0,11744.0,177851.52,1.0,0.323
8928308dcb7ffff,18.170625020250785,1.4060187469166257,23023.0,19845.0,177770.88,1.0,0.0965
8928308dcbbffff,14.452720207253886,10.769896193771626,23766.0,15786.0,177868.8,1.0,0.0805
8928308dcc3ffff,10.31902834008097,2.4001342732460555,33494.0,11273.0,177840.0,1.0,0.1441
8928308dcc7ffff,13.815107540813681,7.0348720016125785,26565.0,15091.0,177822.72,1.0,0.2813
8928308dccbffff,10.372529964366699,13.151260504201682,11906.0,11331.0,177811.2,1.0,0.2517
8928308dccfffff,14.168204928916092,7.583732057416268,22251.0,15477.0,177863.04,1.0,0.4063
8928308dcd3ffff,10.713013055168616,4.901960784313726,26819.0,11703.0,177805.44,1.0,0.0945
8928308dcd7ffff,6.172879489587719,1.5506547208821502,16456.0,6743.0,177851.52,1.0,0.3267
8928308dcdbffff,15.292441220286287,8.179329226557153,15454.0,16706.0,177857.28,1.0,0.1991
8928308dd03ffff,0.9071470226138794,0.0,0.0,990.0,177788.16,1.0,0.9162
8928308dd07ffff,0.0,0.0,0.0,0.0,177822.72,1.0,0.999
8928308dd0bffff,11.163302990054747,17.96875,7258.0,12189.0,177805.44,1.0,0.45
8928308dd0fffff,26.396761133603242,0.0,0.0,28820.0,177840.0,1.0,0.5071
8928308dd13ffff,0.842350806712888,0.5324813631522897,10760.0,920.0,177788.16,1.0,0.5876
8928308dd17ffff,0.0,0.0,0.0,0.0,177776.64,1.0,1.0
8928308dd1bffff,13.113638572956157,16.182572614107883,12799.0,14319.0,177759.36,1.0,0.6337
8928308dd23ffff,3.2842105263157895,0.0,0.0,3585.0,177840.0,1.0,0.9327
8928308dd27ffff,0.0,0.0,0.0,0.0,177759.36,1.0,1.0
8928308dd2bffff,8.050778846465235,0.0,0.0,8789.0,177863.04,1.0,0.8458
8928308dd2fffff,35.41761161148189,0.0,0.0,38664.0,177788.16,1.0,0.5729
8928308dd33ffff,0.0,0.0,0.0,0.0,177782.4,1.0,1.0
8928308dd37ffff,0.0,0.0,0.0,0.0,177816.96,1.0,1.0
8928308dd3bffff,5.352167433421888,0.0,0.0,5843.0,177788.16,1.0,0.9176
8928308dd43ffff,18.305205532700594,0.3515625,14694.0,19988.0,177816.96,1.0,0.2397
8928308dd47ffff,16.764915462849,7.301587301587302,11773.0,18305.0,177834.24,1.0,0.3995
8928308dd4bffff,2.562026300446978,1.3940520446096654,18334.0,2798.0,177834.24,1.0,0.2774
8928308dd4fffff,0.8678475437971569,0.43103448275862066,17297.0,948.0,177874.56,1.0,0.2531
8928308dd53ffff,23.19450741628344,0.0,2557.0,25328.0,177857.28,1.0,0.4972
8928308dd57ffff,33.79008746355685,12.82051282051282,588.0,36896.0,177811.2,1.0,0.4355
8928308dd5bffff,2.199403990671158,0.6939090208172706,22257.0,2402.0,177822.72,1.0,0.2921
8928308dd63ffff,17.05484111301869,0.0,7114.0,18620.0,177816.96,1.0,0.4672
8928308dd67ffff,7.475303643724697,0.0,0.0,8161.0,177840.0,1.0,0.8723
8928308dd6bffff,10.75766900975025,0.0,0.0,11745.0,177816.96,1.0,0.4673
8928308dd6fffff,66.07952337780081,0.0,0.0,72142.0,177891.84,1.0,0.2559
8928308dd73ffff,10.456415406044508,0.0,0.0,11417.0,177816.96,1.0,0.4526
8928308dd77ffff,39.20564986393676,0.0,0.0,42804.0,177799.68,1.0,0.451
8928308dd7bffff,1.0950205721320505,0.2639683238011439,13058.0,1196.0,177793.92,1.0,0.3732
8928308dd83ffff,0.0,0.0,0.0,0.0,177799.68,1.0,0.9901
8928308dd87ffff,0.0,0.0,0.0,0.0,177759.36,1.0,1.0
8928308dd8bffff,3.152233777173033,1.048359824146094,16854.0,3442.0,177793.92,1.0,0.3851
8928308dd8fffff,0.0,0.0,0.0,0.0,177770.88,1.0,0.9998
8928308dd93ffff,0.4762984803810388,0.0,0.0,520.0,177770.88,1.0,0.9344
8928308dd97ffff,0.0,0.0,662.0,0.0,177753.6,1.0,0.9844
8928308dd9bffff,1.9672662453411118,5.189990732159407,5892.0,2148.0,177724.8,1.0,0.4953
8928308dda3ffff,0.0,0.0,0.0,0.0,177834.24,1.0,1.0
8928308dda7ffff,0.0,0.0,0.0,0.0,177736.32,1.0,1.0
8928308ddabffff,0.0,0.0,0.0,0.0,177840.0,1.0,1.0
8928308ddafffff,0.0,0.0,0.0,0.0,177776.64,1.0,1.0
8928308ddb3ffff,0.0,0.0,0.0,0.0,177753.6,1.0,1.0
8928308ddb7ffff,0.0,0.0,0.0,0.0,177793.92,1.0,1.0
8928308ddbbffff,0.0,0.0,0.0,0.0,177730.56,1.0,0.9997
8928308ddc3ffff,15.85239422017754,8.418657565415245,9274.0,17311.0,177788.16,1.0,0.4385
8928308ddc7ffff,10.756275303643726,10.615942028985508,28420.0,11745.0,177840.0,1.0,0.1451
8928308ddcbffff,7.639721367244452,0.0,0.0,8343.0,177782.4,1.0,0.7748
8928308ddcfffff,22.97678033615078,100.0,0.0,25090.0,177863.04,1.0,0.5379
8928308ddd3ffff,6.443566152649993,0.3098716246126605,12972.0,7037.0,177799.68,1.0,0.6233
8928308ddd7ffff,3.5283825816485224,3.0277258037081136,32838.0,3853.0,177776.64,1.0,0.2509
8928308dddbffff,8.007774538386784,0.43846828412744815,19619.0,8745.0,177811.2,1.0,0.2079
8928308de03ffff,10.641673141673142,2.513111888111888,25695.0,11624.0,177914.88,1.0,0.06
8928308de07ffff,11.231625979408145,3.695881731784583,21012.0,12268.0,177903.36,1.0,0.0929
8928308de0bffff,10.990256061636074,1.5020482476103778,12465.0,12005.0,177932.16,1.0,0.1972
8928308de0fffff,6.410879067508499,0.5605148432634419,27590.0,7003.0,177897.6,1.0,0.1239
8928308de13ffff,7.3789865630565,3.44311377245509,14861.0,8061.0,177897.6,1.0,0.3194
8928308de17ffff,9.903522403522404,3.2542746828461118,20206.0,10818.0,177914.88,1.0,0.0761
8928308de1bffff,11.787367671339313,0.0,570.0,12876.0,177920.64,1.0,0.3093
8928308de23ffff,15.430439990934698,3.468617272298254,23564.0,16853.0,177909.12,1.0,0.0661
8928308de27ffff,5.060545230848929,1.011008762075938,25379.0,5527.0,177903.36,1.0,0.1384
8928308de2bffff,16.20422831612005,2.1396396396396398,15016.0,17698.0,177909.12,1.0,0.115
8928308de2fffff,7.381507381507381,1.3265950726468732,8997.0,8062.0,177914.88,1.0,0.2521
8928308de33ffff,8.227294803302575,1.7187172500523997,27009.0,8986.0,177897.6,1.0,0.0638
8928308de37ffff,6.365343521336528,2.132998745294856,26957.0,6952.0,177903.36,1.0,0.0274
8928308de3bffff,10.691742465930794,0.5398671096345514,13795.0,11678.0,177943.68,1.0,0.2596
8928308de43ffff,24.279702168986727,4.36276193747853,16036.0,26523.0,177926.4,1.0,0.2524
8928308de47ffff,15.719788935288594,0.39261876717707106,14613.0,17172.0,177932.16,1.0,0.3055
8928308de4bffff,37.909491130389746,9.965412883700822,23990.0,41413.0,177937.92,1.0,0.055
8928308de4fffff,27.68175050171554,1.3963821009203428,17896.0,30239.0,177949.44,1.0,0.1423
8928308de53ffff,19.843325132720445,3.0498533724340176,9521.0,21678.0,177937.92,1.0,0.288
8928308de57ffff,10.43669677252274,2.809620139357159,24906.0,11401.0,177932.16,1.0,0.2204
8928308de5bffff,8.947589912919621,5.993265993265993,8041.0,9775.0,177932.16,1.0,0.4885
8928308de63ffff,11.98731021980512,3.542881831929142,25718.0,13093.0,177932.16,1.0,0.0869
8928308de67ffff,6.816857642260634,5.177466623249756,16773.0,7445.0,177949.44,1.0,0.0835
8928308de6bffff,21.36730003560677,6.7774936061381075,16796.0,23339.0,177943.68,1.0,0.094
8928308de6fffff,23.852527998964202,5.849056603773585,11497.0,26052.0,177949.44,1.0,0.1187
8928308de73ffff,22.048824710224697,0.2527988443481401,15909.0,24084.0,177903.36,1.0,0.1033
8928308de77ffff,19.53769950467804,0.6325474410580794,19907.0,21340.0,177920.64,1.0,0.0921
8928308de7bffff,15.295717199184228,3.6729559748427674,22055.0,16708.0,177932.16,1.0,0.1043
8928308de83ffff,3.6066953734580895,0.0,9435.0,3940.0,177909.12,1.0,0.2843
8928308de87ffff,6.1977851175442,4.355251921434671,6451.0,6770.0,177880.32,1.0,0.3682
8928308de8bffff,6.850778644737268,2.532617037605526,14630.0,7484.0,177909.12,1.0,0.1687
8928308de8fffff,3.4934921971119604,2.3977433004231314,11958.0,3816.0,177903.36,1.0,0.5087
8928308de93ffff,14.140465628339216,8.404530101331215,26554.0,15448.0,177886.08,1.0,0.1105
8928308de97ffff,4.1680160632165295,0.6682867557715675,9418.0,4553.0,177857.28,1.0,0.3044
8928308de9bffff,9.107981220657276,4.730248018409614,21462.0,9950.0,177897.6,1.0,0.0899
8928308dea3ffff,9.411421911421911,1.187214611872146,24929.0,10280.0,177914.88,1.0,0.0527
8928308dea7ffff,7.056118649007479,2.6615969581749046,16220.0,7707.0,177874.56,1.0,0.2403
8928308deabffff,10.745621135105383,2.167113494191242,25223.0,11737.0,177909.12,1.0,0.0687
8928308deafffff,8.392695246729698,2.9538461538461536,27251.0,9167.0,177891.84,1.0,0.0297
8928308deb3ffff,10.806347150259068,1.2926829268292683,23311.0,11804.0,177868.8,1.0,0.0443
8928308deb7ffff,12.627489072365226,1.923563654770944,22320.0,13792.0,177897.6,1.0,0.0746
8928308debbffff,12.355912446574278,2.5557504384865948,22401.0,13496.0,177891.84,1.0,0.0535
8928308dec3ffff,13.653877286708758,3.682008368200837,6630.0,14917.0,177897.6,1.0,0.1841
8928308dec7ffff,13.675656425033186,11.828859060402683,12108.0,14940.0,177909.12,1.0,0.1892
8928308decbffff,26.61637582154304,5.7647450849716755,16289.0,29078.0,177909.12,1.0,0.103
8928308decfffff,8.547008547008547,6.702523789822093,25978.0,9337.0,177914.88,1.0,0.2711
8928308ded3ffff,15.219010003561136,5.613951266125179,22758.0,16627.0,177920.64,1.0,0.0288
8928308ded7ffff,11.388142343684228,5.336905007212033,26461.0,12441.0,177886.08,1.0,0.0375
8928308dedbffff,42.667529944966006,6.755260243632337,4850.0,46616.0,177926.4,1.0,0.1233
8928308e003ffff,0.0,0.0,0.0,0.0,177511.68,1.0,1.0
8928308e007ffff,0.0,0.0,0.0,0.0,177517.44,1.0,1.0
8928308e00bffff,0.0,0.0,0.0,0.0,177528.96,1.0,1.0
8928308e00fffff,0.0,0.0,0.0,0.0,177471.36,1.0,1.0
8928308e013ffff,0.0,0.0,0.0,0.0,177442.56,1.0,1.0
8928308e017ffff,0.0,0.0,0.0,0.0,177494.4,1.0,1.0
8928308e01bffff,0.0,0.0,0.0,0.0,177494.4,1.0,1.0
8928308e023ffff,0.0,0.0,0.0,0.0,177523.2,1.0,1.0
8928308e027ffff,0.0,0.0,0.0,0.0,177540.48,1.0,1.0
8928308e02bffff,0.0,0.0,0.0,0.0,177534.72,1.0,1.0
8928308e02fffff,0.0,0.0,0.0,0.0,177436.8,1.0,1.0
8928308e033ffff,0.0,0.0,0.0,0.0,177448.32,1.0,1.0
8928308e037ffff,0.0,0.0,0.0,0.0,177494.4,1.0,1.0
8928308e03bffff,0.0,0.0,0.0,0.0,177500.16,1.0,1.0
8928308e043ffff,0.0,0.0,0.0,0.0,177552.0,1.0,1.0
8928308e047ffff,0.0,0.0,0.0,0.0,177517.44,1.0,1.0
8928308e04bffff,0.0,0.0,0.0,0.0,177557.76,1.0,1.0
8928308e04fffff,0.0,0.0,0.0,0.0,177471.36,1.0,1.0
8928308e053ffff,0.0,0.0,0.0,0.0,177459.84,1.0,1.0
8928308e057ffff,0.0,0.0,0.0,0.0,177528.96,1.0,1.0
8928308e05bffff,0.0,0.0,0.0,0.0,177523.2,1.0,1.0
8928308e063ffff,0.0,0.0,0.0,0.0,177540.48,1.0,1.0
8928308e067ffff,0.0,0.0,0.0,0.0,177488.64,1.0,1.0
8928308e06bffff,0.0,0.0,0.0,0.0,177528.96,1.0,1.0
8928308e06fffff,0.03569690085997079,0.0,0.0,39.0,177494.4,1.0,0.9788
8928308e073ffff,0.0,0.0,0.0,0.0,177500.16,1.0,1.0
8928308e077ffff,0.0,0.0,0.0,0.0,177528.96,1.0,1.0
8928308e07bffff,0.0,0.0,0.0,0.0,177546.24,1.0,1.0
8928308e0c7ffff,0.0,0.0,0.0,0.0,177517.44,1.0,1.0
8928308e0cbffff,0.0,0.0,0.0,0.0,177528.96,1.0,1.0
8928308e0cfffff,0.0,0.0,0.0,0.0,177482.88,1.0,1.0
8928308e10bffff,0.0,0.0,0.0,0.0,177511.68,1.0,1.0
8928308e12bffff,0.0,0.0,0.0,0.0,177517.44,1.0,1.0
8928308e143ffff,0.0,0.0,0.0,0.0,177534.72,1.0,1.0
8928308e147ffff,0.0,0.0,0.0,0.0,177494.4,1.0,1.0
8928308e14bffff,0.0,0.0,0.0,0.0,177523.2,1.0,1.0
8928308e14fffff,0.0,0.0,0.0,0.0,177442.56,1.0,1.0
8928308e153ffff,0.0,0.0,0.0,0.0,177413.76,1.0,1.0
8928308e157ffff,0.0,0.0,0.0,0.0,177511.68,1.0,1.0
8928308e15bffff,0.0,0.0,0.0,0.0,177517.44,1.0,1.0
8928308e163ffff,0.0,0.0,0.0,0.0,177546.24,1.0,1.0
8928308e167ffff,0.0,0.0,0.0,0.0,177494.4,1.0,1.0
8928308e16bffff,0.0,0.0,0.0,0.0,177471.36,1.0,0.9996
8928308e16fffff,0.0,0.0,0.0,0.0,177477.12,1.0,1.0
8928308e173ffff,0.0,0.0,0.0,0.0,177419.52,1.0,1.0
8928308e177ffff,0.0,0.0,0.0,0.0,177517.44,1.0,1.0
8928308e17bffff,0.0,0.0,0.0,0.0,177546.24,1.0,0.9989
8928308e203ffff,0.0,0.0,0.0,0.0,177592.32,1.0,1.0
8928308e207ffff,0.0,0.0,0.0,0.0,177552.0,1.0,1.0
8928308e20bffff,0.0,0.0,0.0,0.0,177598.08,1.0,1.0
8928308e20fffff,0.0,0.0,0.0,0.0,177534.72,1.0,1.0
8928308e213ffff,0.0,0.0,0.0,0.0,177517.44,1.0,1.0
8928308e217ffff,0.0,0.0,0.0,0.0,177575.04,1.0,1.0
8928308e21bffff,0.0,0.0,0.0,0.0,177540.48,1.0,1.0
8928308e223ffff,0.0,0.0,0.0,0.0,177598.08,1.0,0.9776
8928308e227ffff,0.0,0.0,0.0,0.0,177517.44,1.0,0.9798
8928308e22bffff,0.5319148936170213,0.0,2419.0,581.0,177592.32,1.0,0.8265
8928308e22fffff,2.812652068126521,0.08841732979664013,6509.0,3074.0,177552.0,1.0,0.5337
8928308e233ffff,0.0,0.0,0.0,0.0,177557.76,1.0,1.0
8928308e237ffff,0.0,0.0,46.0,0.0,177586.56,1.0,0.9037
8928308e23bffff,0.0,0.0,0.0,0.0,177603.84,1.0,1.0
8928308e243ffff,0.0,0.0,0.0,0.0,177580.8,1.0,1.0
8928308e247ffff,0.0,0.0,0.0,0.0,177609.6,1.0,1.0
8928308e24bffff,0.0,0.0,0.0,0.0,177621.12,1.0,1.0
8928308e24fffff,0.308021529083717,2.3010546500479387,5869.0,337.0,177649.92,1.0,0.7931
8928308e253ffff,0.0,0.0,0.0,0.0,177626.88,1.0,1.0
8928308e257ffff,0.0,0.0,0.0,0.0,177552.0,1.0,1.0
8928308e25bffff,0.0,0.0,0.0,0.0,177632.64,1.0,1.0
8928308e263ffff,0.963191178855197,1.6733601070950468,8461.0,1053.0,177609.6,1.0,0.779
8928308e267ffff,0.0,0.0,0.0,0.0,177575.04,1.0,0.9668
8928308e26bffff,7.597029927693654,9.504301515772225,12724.0,8304.0,177644.16,1.0,0.276
8928308e26fffff,1.5374136421134572,0.0,253.0,1680.0,177586.56,1.0,0.6387
8928308e273ffff,0.781782203912155,2.119700748129676,4522.0,855.0,177563.52,1.0,0.8349
8928308e277ffff,1.4042939612116496,0.0,0.0,1535.0,177603.84,1.0,0.8976
8928308e27bffff,6.143366850470321,4.160443780669938,25874.0,6715.0,177580.8,1.0,0.3463
8928308e283ffff,0.0,0.0,0.0,0.0,177563.52,1.0,1.0
8928308e287ffff,0.0,0.0,0.0,0.0,177540.48,1.0,1.0
8928308e28bffff,0.0,0.0,0.0,0.0,177580.8,1.0,1.0
8928308e28fffff,0.0,0.0,0.0,0.0,177511.68,1.0,1.0
8928308e293ffff,0.0,0.0,0.0,0.0,177494.4,1.0,1.0
8928308e297ffff,0.0,0.0,0.0,0.0,177563.52,1.0,1.0
8928308e29bffff,0.0,0.0,0.0,0.0,177505.92,1.0,1.0
8928308e2a3ffff,0.0,0.0,0.0,0.0,177563.52,1.0,1.0
8928308e2a7ffff,0.0,0.0,0.0,0.0,177494.4,1.0,1.0
8928308e2abffff,0.0,0.0,0.0,0.0,177580.8,1.0,0.9954
8928308e2afffff,0.0,0.0,0.0,0.0,177505.92,1.0,1.0
8928308e2b3ffff,0.0,0.0,0.0,0.0,177517.44,1.0,1.0
8928308e2b7ffff,0.0,0.0,0.0,0.0,177552.0,1.0,1.0
8928308e2bbffff,0.0,0.0,0.0,0.0,177569.28,1.0,1.0
8928308e2c3ffff,0.0,0.0,0.0,0.0,177569.28,1.0,1.0
8928308e2c7ffff,0.0,0.0,0.0,0.0,177586.56,1.0,1.0
8928308e2cbffff,0.0,0.0,0.0,0.0,177598.08,1.0,1.0
8928308e2cfffff,0.0,0.0,0.0,0.0,177598.08,1.0,1.0
8928308e2d3ffff,0.0,0.0,0.0,0.0,177557.76,1.0,1.0
8928308e2d7ffff,0.0,0.0,0.0,0.0,177552.0,1.0,1.0
8928308e2dbffff,0.0,0.0,0.0,0.0,177569.28,1.0,1.0
8928308e303ffff,4.176537400616582,1.1942051683633517,29071.0,4564.0,177494.4,1.0,0.2865
8928308e307ffff,10.98245272615225,5.868761552680222,23466.0,12000.0,177586.56,1.0,0.2246
8928308e30bffff,3.1274331689592523,0.0,3243.0,3417.0,177546.24,1.0,0.7411
8928308e30fffff,7.2290328857754425,0.37174721189591076,1544.0,7899.0,177603.84,1.0,0.3829
8928308e313ffff,1.537463509568602,1.8261504747991233,7741.0,1680.0,177580.8,1.0,0.7529
8928308e317ffff,0.5093268450932684,3.4251675353685775,7471.0,557.0,177552.0,1.0,0.4619
8928308e31bffff,2.695251686559419,0.5499685732243872,36455.0,2945.0,177592.32,1.0,0.3413
8928308e323ffff,13.114009473752514,0.0,6572.0,14328.0,177534.72,1.0,0.6751
8928308e327ffff,0.5611235444844475,0.0,0.0,613.0,177586.56,1.0,0.9673
8928308e32bffff,21.763809153125102,0.0,0.0,23778.0,177586.56,1.0,0.321
8928308e32fffff,15.500129735339907,13.762551683402243,8410.0,16934.0,177592.32,1.0,0.3891
8928308e333ffff,24.690236782354848,4.3478260869565215,6843.0,26976.0,177580.8,1.0,0.3662
8928308e337ffff,2.78769390536769,0.0,0.0,3046.0,177488.64,1.0,0.914
8928308e33bffff,29.62854825628548,0.0,0.0,32372.0,177552.0,1.0,0.2576
8928308e343ffff,0.12004412432677956,0.0,922.0,131.0,177534.72,1.0,0.4488
8928308e347ffff,5.315560744632548,0.0951022349025202,12102.0,5808.0,177603.84,1.0,0.6469
8928308e34bffff,0.0,0.0,0.0,0.0,177523.2,1.0,0.9007
8928308e34fffff,0.025945384964649414,0.0,0.0,28.0,177603.84,1.0,0.4763
8928308e353ffff,0.4508449288054231,0.0,7972.0,493.0,177586.56,1.0,0.7309
8928308e357ffff,6.639636717482972,0.0,10218.0,7255.0,177580.8,1.0,0.3478
8928308e35bffff,0.0,0.0,0.0,0.0,177609.6,1.0,0.9464
8928308e363ffff,3.0844577062791907,2.8120713305898493,16324.0,3370.0,177592.32,1.0,0.436
8928308e367ffff,2.915612635402478,8.852719333068677,13225.0,3185.0,177603.84,1.0,0.5237
8928308e36bffff,0.557753421103833,0.0,1670.0,609.0,177626.88,1.0,0.5764
8928308e36fffff,0.01297143042449006,0.0,0.0,14.0,177621.12,1.0,0.6565
8928308e373ffff,18.91155580060325,0.0,2984.0,20664.0,177598.08,1.0,0.2814
8928308e377ffff,16.709928617780662,0.0,0.0,18257.0,177523.2,1.0,0.2429
8928308e37bffff,1.4303321224701608,0.0,7102.0,1563.0,177592.32,1.0,0.4252
8928308e383ffff,0.0,0.0,0.0,0.0,177557.76,1.0,1.0
8928308e387ffff,0.0,0.0,0.0,0.0,177465.6,1.0,0.9999
8928308e38bffff,0.0,0.0,0.0,0.0,177482.88,1.0,0.9936
8928308e38fffff,0.0,0.0,2160.0,0.0,177552.0,1.0,0.9285
8928308e393ffff,0.0,0.0,0.0,0.0,177523.2,1.0,1.0
8928308e397ffff,0.0,0.0,0.0,0.0,177534.72,1.0,1.0
8928308e39bffff,0.0,0.0,0.0,0.0,177563.52,1.0,1.0
8928308e3a3ffff,1.203880974786644,0.0,2258.0,1315.0,177505.92,1.0,0.8356
8928308e3a7ffff,0.0,0.0,0.0,0.0,177505.92,1.0,0.952
8928308e3abffff,4.03440441415125,1.386481802426343,9832.0,4408.0,177465.6,1.0,0.5685
8928308e3afffff,3.34436226806799,0.0,4965.0,3654.0,177569.28,1.0,0.7104
8928308e3b3ffff,0.0,0.0,0.0,0.0,177557.76,1.0,1.0
8928308e3b7ffff,0.0,0.0,0.0,0.0,177557.76,1.0,0.9963
8928308e3bbffff,0.0,0.0,0.0,0.0,177563.52,1.0,0.8404
8928308e3c3ffff,0.0,0.0,8744.0,0.0,177557.76,1.0,0.7943
8928308e3c7ffff,0.0,0.0,5587.0,0.0,177500.16,1.0,0.8435
8928308e3cbffff,0.0,0.0,8035.0,0.0,177511.68,1.0,0.4878
8928308e3cfffff,0.01621796951021732,0.0,3047.0,18.0,177580.8,1.0,0.6446
8928308e3d3ffff,0.0,0.0,0.0,0.0,177569.28,1.0,0.9999
8928308e3d7ffff,0.0,0.0,0.0,0.0,177569.28,1.0,0.984
8928308e3dbffff,0.0,0.0,939.0,0.0,177586.56,1.0,0.8369
8928308e627ffff,0.0,0.0,0.0,0.0,177534.72,1.0,1.0
8928308e62bffff,0.0,0.0,0.0,0.0,177552.0,1.0,1.0
8928308e62fffff,0.0,0.0,0.0,0.0,177500.16,1.0,1.0
8928308e667ffff,0.0,0.0,0.0,0.0,177557.76,1.0,1.0
8928308e66bffff,0.0,0.0,0.0,0.0,177563.52,1.0,1.0
8928308e66fffff,0.0,0.0,0.0,0.0,177563.52,1.0,1.0
8928308e803ffff,0.0,0.0,0.0,0.0,177442.56,1.0,1.0
8928308e807ffff,0.0,0.0,0.0,0.0,177505.92,1.0,1.0
8928308e80bffff,0.0,0.0,0.0,0.0,177569.28,1.0,1.0
8928308e80fffff,0.0,0.0,0.0,0.0,177557.76,1.0,1.0
8928308e813ffff,0.0,0.0,0.0,0.0,177534.72,1.0,1.0
8928308e817ffff,0.0,0.0,0.0,0.0,177546.24,1.0,1.0
8928308e81bffff,0.0,0.0,0.0,0.0,177557.76,1.0,1.0
8928308e823ffff,0.0,0.0,0.0,0.0,177454.08,1.0,1.0
8928308e82bffff,0.0,0.0,0.0,0.0,177557.76,1.0,1.0
8928308e82fffff,0.0,0.0,0.0,0.0,177557.76,1.0,1.0
8928308e833ffff,0.0,0.0,0.0,0.0,177552.0,1.0,1.0
8928308e83bffff,0.0,0.0,0.0,0.0,177500.16,1.0,1.0
8928308e843ffff,0.0,0.0,0.0,0.0,177586.56,1.0,0.9301
8928308e847ffff,0.0,0.0,0.0,0.0,177569.28,1.0,0.9601
8928308e84bffff,0.0,0.0,0.0,0.0,177546.24,1.0,0.9299
8928308e84fffff,0.0,0.0,0.0,0.0,177494.4,1.0,1.0
8928308e853ffff,0.0,0.0,0.0,0.0,177511.68,1.0,0.9995
8928308e857ffff,0.0,0.0,0.0,0.0,177477.12,1.0,1.0
8928308e85bffff,0.0,0.0,0.0,0.0,177523.2,1.0,1.0
8928308e863ffff,0.0,0.0,0.0,0.0,177603.84,1.0,1.0
8928308e867ffff,0.0,0.0,0.0,0.0,177500.16,1.0,1.0
8928308e86bffff,0.0,0.0,0.0,0.0,177471.36,1.0,1.0
8928308e86fffff,0.0,0.0,0.0,0.0,177575.04,1.0,1.0
8928308e873ffff,0.0,0.0,0.0,0.0,177454.08,1.0,1.0
8928308e877ffff,0.0,0.0,0.0,0.0,177546.24,1.0,1.0
8928308e87bffff,0.0,0.0,0.0,0.0,177586.56,1.0,1.0
8928308e88bffff,0.0,0.0,0.0,0.0,177528.96,1.0,1.0
8928308e8c3ffff,0.0,0.0,0.0,0.0,177482.88,1.0,1.0
8928308e8c7ffff,0.0,0.0,0.0,0.0,177465.6,1.0,1.0
8928308e8cbffff,0.0,0.0,0.0,0.0,177523.2,1.0,1.0
8928308e8cfffff,0.0,0.0,0.0,0.0,177557.76,1.0,1.0
8928308e8d3ffff,0.0,0.0,0.0,0.0,177517.44,1.0,1.0
8928308e8d7ffff,0.0,0.0,0.0,0.0,177540.48,1.0,1.0
8928308e8dbffff,0.0,0.0,0.0,0.0,177557.76,1.0,1.0
8928308e94bffff,0.0,0.0,0.0,0.0,177569.28,1.0,1.0
8928308ea03ffff,12.352845792119345,0.0,0.0,13489.0,177609.6,1.0,0.0638
8928308ea07ffff,8.799974060503875,0.0,0.0,9609.0,177644.16,1.0,0.2297
8928308ea0bffff,18.910505836575876,0.0,0.0,20650.0,177638.4,1.0,0.0838
8928308ea0fffff,21.682994874456625,0.0,0.0,23677.0,177557.76,1.0,0.1233
8928308ea13ffff,9.554078157937408,0.0,0.0,10433.0,177609.6,1.0,0.4058
8928308ea17ffff,11.380082422039784,0.0,0.0,12427.0,177505.92,1.0,0.2401
8928308ea1bffff,7.316440089549333,0.0,0.0,7990.0,177528.96,1.0,0.2495
8928308ea23ffff,27.664472617619403,40.20797227036395,1987.0,30205.0,177644.16,1.0,0.3197
8928308ea27ffff,54.64101482659053,32.37221494102228,5944.0,59657.0,177540.48,1.0,0.1837
8928308ea2bffff,39.15271830803166,0.0,0.0,42749.0,177569.28,1.0,0.1887
8928308ea2fffff,34.72253754094639,72.8125,1503.0,37910.0,177598.08,1.0,0.194
8928308ea33ffff,4.029981504915798,0.0,5841.0,4400.0,177517.44,1.0,0.4405
8928308ea37ffff,9.803476456090284,8.003233629749394,6555.0,10704.0,177615.36,1.0,0.5468
8928308ea3bffff,4.819042677390064,0.0,0.0,5262.0,177615.36,1.0,0.285
8928308ea43ffff,1.809221191881201,0.0,0.0,1976.0,177649.92,1.0,0.1985
8928308ea47ffff,5.748840828766901,0.0,0.0,6278.0,177644.16,1.0,0.1681
8928308ea4bffff,3.144756038255795,0.0,0.0,3434.0,177667.2,1.0,0.6918
8928308ea4fffff,1.4111006585136407,0.0,0.0,1541.0,177563.52,1.0,0.5485
8928308ea53ffff,3.8011221742937766,0.0,0.0,4151.0,177598.08,1.0,0.1151
8928308ea57ffff,14.932053319495346,0.0,0.0,16307.0,177598.08,1.0,0.1299
8928308ea5bffff,2.332522303325223,0.0,0.0,2547.0,177552.0,1.0,0.2667
8928308ea63ffff,1.0668655554834945,0.0,0.0,1165.0,177626.88,1.0,0.1726
8928308ea67ffff,1.0962636222106903,0.0,0.0,1197.0,177592.32,1.0,0.2738
8928308ea6bffff,0.6293388697852462,0.0,0.0,687.0,177557.76,1.0,0.6214
8928308ea6fffff,0.0,0.0,0.0,0.0,177672.96,1.0,0.9534
8928308ea73ffff,1.171013364473855,0.0,0.0,1279.0,177569.28,1.0,0.0933
8928308ea77ffff,6.996952208028014,0.0,0.0,7640.0,177649.92,1.0,0.111
8928308ea7bffff,4.211516016080923,0.0,0.0,4599.0,177661.44,1.0,0.0704
8928308ea83ffff,9.793680659183805,19.32021466905188,5196.0,10695.0,177557.76,1.0,0.531
8928308ea87ffff,10.35109351677591,0.09233610341643582,6232.0,11304.0,177511.68,1.0,0.53
8928308ea8bffff,4.717868847139751,0.0,0.0,5152.0,177517.44,1.0,0.3806
8928308ea8fffff,0.009729203826820172,0.0,0.0,11.0,177609.6,1.0,0.8235
8928308ea93ffff,0.704019725529637,0.0,0.0,769.0,177540.48,1.0,0.9097
8928308ea97ffff,0.0,0.0,0.0,0.0,177592.32,1.0,0.8205
8928308ea9bffff,7.17366628830874,0.4285714285714286,4015.0,7835.0,177609.6,1.0,0.4333
8928308eaa3ffff,0.0,0.0,0.0,0.0,177488.64,1.0,1.0
8928308eaa7ffff,0.0,0.0,0.0,0.0,177609.6,1.0,1.0
8928308eaabffff,10.604832171233987,13.062665489849955,5674.0,11580.0,177609.6,1.0,0.7114
8928308eaafffff,0.0,0.0,0.0,0.0,177615.36,1.0,0.993
8928308eab3ffff,1.2616352609217396,0.0,0.0,1378.0,177598.08,1.0,0.8947
8928308eab7ffff,0.0,0.0,0.0,0.0,177592.32,1.0,1.0
8928308eabbffff,10.491324793254417,0.5305039787798408,6480.0,11456.0,177609.6,1.0,0.4874
8928308eac3ffff,4.8768616762386845,0.0,0.0,5326.0,177517.44,1.0,0.2669
8928308eac7ffff,16.91958495460441,0.0,0.0,18478.0,177638.4,1.0,0.1474
8928308eacbffff,4.547223663725998,0.0,0.0,4966.0,177592.32,1.0,0.3043
8928308eacfffff,5.557356851047273,0.0,0.0,6069.0,177649.92,1.0,0.1355
8928308ead3ffff,16.1791412634583,5.450236966824645,2298.0,17671.0,177615.36,1.0,0.2822
8928308ead7ffff,15.945647943961601,0.0,0.0,17415.0,177615.36,1.0,0.1565
8928308eadbffff,0.7847715406816487,0.0,0.0,857.0,177621.12,1.0,0.4116
8928308eb03ffff,0.0,0.0,0.0,0.0,177615.36,1.0,1.0
8928308eb07ffff,0.0,0.0,0.0,0.0,177540.48,1.0,1.0
8928308eb0bffff,0.0,0.0,0.0,0.0,177528.96,1.0,1.0
8928308eb0fffff,0.0,0.0,0.0,0.0,177580.8,1.0,0.9576
8928308eb13ffff,0.0,0.0,0.0,0.0,177528.96,1.0,1.0
8928308eb17ffff,0.0,0.0,0.0,0.0,177540.48,1.0,1.0
8928308eb1bffff,0.0,0.0,0.0,0.0,177586.56,1.0,1.0
8928308eb23ffff,0.0,0.0,0.0,0.0,177563.52,1.0,1.0
8928308eb27ffff,0.0,0.0,0.0,0.0,177517.44,1.0,1.0
8928308eb2bffff,0.0,0.0,0.0,0.0,177598.08,1.0,1.0
8928308eb2fffff,0.0,0.0,0.0,0.0,177638.4,1.0,1.0
8928308eb33ffff,0.0,0.0,0.0,0.0,177534.72,1.0,1.0
8928308eb37ffff,0.0,0.0,0.0,0.0,177621.12,1.0,1.0
8928308eb3bffff,0.0,0.0,0.0,0.0,177626.88,1.0,1.0
8928308eb43ffff,16.48066441733714,22.593320235756384,6808.0,17992.0,177546.24,1.0,0.6233
8928308eb47ffff,0.3599805415923463,0.0,7701.0,393.0,177609.6,1.0,0.9164
8928308eb4bffff,22.905788876276958,1.267605633802817,4038.0,25006.0,177609.6,1.0,0.2575
8928308eb4fffff,0.661392815458436,0.0,4787.0,722.0,177661.44,1.0,0.5964
8928308eb53ffff,2.8441705853737638,3.3725490196078427,7096.0,3105.0,177609.6,1.0,0.7246
8928308eb57ffff,0.0,0.0,0.0,0.0,177632.64,1.0,1.0
8928308eb5bffff,43.52506322547176,27.410264016612278,14095.0,47518.0,177649.92,1.0,0.1312
8928308eb63ffff,5.65572707225321,7.249999999999999,8548.0,6173.0,177615.36,1.0,0.7428
8928308eb67ffff,0.1750859217949549,0.0,40.0,191.0,177649.92,1.0,0.94
8928308eb6bffff,14.190766437556738,29.51356407857811,8680.0,15490.0,177661.44,1.0,0.2588
8928308eb6fffff,30.810407474695044,4.871447902571042,8099.0,33629.0,177546.24,1.0,0.212
8928308eb73ffff,0.045398534275893375,0.0,3911.0,50.0,177626.88,1.0,0.9487
8928308eb77ffff,0.0,0.0,0.0,0.0,177528.96,1.0,0.9945
8928308eb7bffff,16.688294835193357,24.601366742596813,3813.0,18217.0,177546.24,1.0,0.4445
8928308eb83ffff,0.0,0.0,0.0,0.0,177517.44,1.0,1.0
8928308eb87ffff,0.0,0.0,0.0,0.0,177477.12,1.0,1.0
8928308eb8bffff,0.032440147927074545,0.0,0.0,35.0,177557.76,1.0,0.9656
8928308eb8fffff,0.0,0.0,0.0,0.0,177598.08,1.0,1.0
8928308eb93ffff,0.0,0.0,0.0,0.0,177517.44,1.0,1.0
8928308eb97ffff,0.0,0.0,0.0,0.0,177575.04,1.0,1.0
8928308eb9bffff,0.0,0.0,0.0,0.0,177592.32,1.0,1.0
8928308eba3ffff,0.0,0.0,0.0,0.0,177471.36,1.0,1.0
8928308ebabffff,0.0,0.0,0.0,0.0,177609.6,1.0,1.0
8928308ebafffff,0.0,0.0,0.0,0.0,177592.32,1.0,1.0
8928308ebb3ffff,0.0,0.0,0.0,0.0,177598.08,1.0,1.0
8928308ebbbffff,0.0,0.0,0.0,0.0,177563.52,1.0,1.0
8928308ebc3ffff,0.43459929296532934,0.0,0.0,474.0,177598.08,1.0,0.9005
8928308ebc7ffff,0.0,0.0,0.0,0.0,177615.36,1.0,0.9839
8928308ebcbffff,25.805823983397108,11.951754385964913,4625.0,28174.0,177626.88,1.0,0.4883
8928308ebcfffff,3.845030662902755,0.0,0.0,4198.0,177517.44,1.0,0.9317
8928308ebd3ffff,0.0,0.0,0.0,0.0,177603.84,1.0,1.0
8928308ebd7ffff,0.0,0.0,0.0,0.0,177500.16,1.0,1.0
8928308ebdbffff,0.01297942760724252,0.0,0.0,14.0,177511.68,1.0,0.998
8928308ec4bffff,0.0,0.0,0.0,0.0,177511.68,1.0,1.0
8928308ec6bffff,0.0,0.0,0.0,0.0,177523.2,1.0,1.0
8928308ee03ffff,0.0,0.0,0.0,0.0,177494.4,1.0,1.0
8928308ee07ffff,0.0,0.0,0.0,0.0,177569.28,1.0,1.0
8928308ee0bffff,0.0,0.0,0.0,0.0,177580.8,1.0,1.0
8928308ee0fffff,0.0,0.0,0.0,0.0,177575.04,1.0,1.0
8928308ee13ffff,0.0,0.0,0.0,0.0,177563.52,1.0,1.0
8928308ee17ffff,0.0,0.0,0.0,0.0,177505.92,1.0,1.0
8928308ee1bffff,0.0,0.0,0.0,0.0,177528.96,1.0,1.0
8928308ee23ffff,0.0,0.0,0.0,0.0,177557.76,1.0,1.0
8928308ee27ffff,0.0,0.0,0.0,0.0,177575.04,1.0,0.9929
8928308ee2bffff,0.0,0.0,0.0,0.0,177603.84,1.0,1.0
8928308ee2fffff,0.0,0.0,0.0,0.0,177500.16,1.0,1.0
8928308ee33ffff,0.0,0.0,0.0,0.0,177563.52,1.0,1.0
8928308ee37ffff,0.0,0.0,0.0,0.0,177459.84,1.0,1.0
8928308ee3bffff,0.0,0.0,0.0,0.0,177465.6,1.0,1.0
8928308ee43ffff,1.6701258269555066,0.0,0.0,1824.0,177615.36,1.0,0.8948
8928308ee47ffff,0.0,0.0,0.0,0.0,177580.8,1.0,1.0
8928308ee4bffff,16.32613348900564,10.37202380952381,34692.0,17835.0,177603.84,1.0,0.0122
8928308ee4fffff,5.295434634478731,5.314480741101901,11186.0,5784.0,177517.44,1.0,0.558
8928308ee53ffff,0.0,0.0,0.0,0.0,177557.76,1.0,1.0
8928308ee57ffff,0.0,0.0,0.0,0.0,177500.16,1.0,1.0
8928308ee5bffff,8.226780035049003,20.537634408602152,8513.0,8987.0,177488.64,1.0,0.6806
8928308ee63ffff,0.24326165223314197,0.0,0.0,266.0,177586.56,1.0,0.8473
8928308ee67ffff,0.0,0.0,0.0,0.0,177534.72,1.0,1.0
8928308ee6bffff,16.586109579264928,24.419684308263694,9377.0,18116.0,177563.52,1.0,0.2872
8928308ee6fffff,9.580197248896964,0.0,0.0,10463.0,177546.24,1.0,0.3657
8928308ee73ffff,0.0,0.0,0.0,0.0,177482.88,1.0,1.0
8928308ee77ffff,0.0,0.0,0.0,0.0,177575.04,1.0,0.9984
8928308ee7bffff,0.5060170618573421,4.032258064516129,1371.0,553.0,177575.04,1.0,0.9133
8928308ee83ffff,0.0,0.0,0.0,0.0,177540.48,1.0,1.0
8928308ee87ffff,0.0,0.0,0.0,0.0,177465.6,1.0,1.0
8928308ee8bffff,0.0,0.0,0.0,0.0,177459.84,1.0,1.0
8928308ee8fffff,0.0,0.0,0.0,0.0,177523.2,1.0,1.0
8928308ee93ffff,0.0,0.0,0.0,0.0,177454.08,1.0,1.0
8928308ee97ffff,0.0,0.0,0.0,0.0,177511.68,1.0,1.0
8928308ee9bffff,0.0,0.0,0.0,0.0,177540.48,1.0,1.0
8928308eea3ffff,0.0,0.0,0.0,0.0,177528.96,1.0,1.0
8928308eea7ffff,0.0,0.0,0.0,0.0,177436.8,1.0,1.0
8928308eeabffff,0.0,0.0,0.0,0.0,177477.12,1.0,1.0
8928308eeafffff,0.0,0.0,0.0,0.0,177552.0,1.0,1.0
8928308eeb3ffff,0.0,0.0,0.0,0.0,177482.88,1.0,1.0
8928308eeb7ffff,0.0,0.0,0.0,0.0,177534.72,1.0,1.0
8928308eebbffff,0.0,0.0,0.0,0.0,177546.24,1.0,1.0
8928308eec3ffff,0.0,0.0,0.0,0.0,177459.84,1.0,1.0
8928308eec7ffff,0.0,0.0,0.0,0.0,177552.0,1.0,1.0
8928308eecbffff,0.0,0.0,0.0,0.0,177552.0,1.0,1.0
8928308eecfffff,0.0,0.0,0.0,0.0,177580.8,1.0,1.0
8928308eed3ffff,0.0,0.0,0.0,0.0,177557.76,1.0,1.0
8928308eed7ffff,0.0,0.0,0.0,0.0,177557.76,1.0,1.0
8928308eedbffff,0.0,0.0,0.0,0.0,177563.52,1.0,1.0
8928308f003ffff,8.8098016336056,8.11298076923077,26421.0,9634.0,177707.52,1.0,0.057
8928308f007ffff,6.353940415599572,3.629384051648927,31812.0,6948.0,177678.72,1.0,0.0806
8928308f00bffff,9.497261028815922,6.876938986556359,31121.0,10386.0,177701.76,1.0,0.022
8928308f00fffff,8.711298427621982,4.009111617312073,24273.0,9526.0,177667.2,1.0,0.0775
8928308f013ffff,6.335516503469295,6.704456606724003,27492.0,6928.0,177649.92,1.0,0.0777
8928308f017ffff,9.702726359127306,7.205006869180278,35015.0,10610.0,177678.72,1.0,0.0823
8928308f01bffff,9.423014586709886,6.236156074288635,31697.0,10305.0,177696.0,1.0,0.1385
8928308f023ffff,8.383854757659263,6.966954325405178,25459.0,9167.0,177667.2,1.0,0.0537
8928308f027ffff,8.88874481327801,6.404129229592812,28201.0,9718.0,177684.48,1.0,0.0284
8928308f02bffff,8.078843286001426,9.168081494057725,21571.0,8833.0,177672.96,1.0,0.1506
8928308f02fffff,6.7068624590748485,7.8730158730158735,16716.0,7333.0,177690.24,1.0,0.0939
8928308f033ffff,14.08199643493761,9.090909090909092,36058.0,15398.0,177724.8,1.0,0.0609
8928308f037ffff,10.437601296596434,7.005633395926622,37083.0,11412.0,177696.0,1.0,0.1394
8928308f03bffff,9.271265560165975,10.059464816650149,20909.0,10138.0,177684.48,1.0,0.0624
8928308f043ffff,7.015041493775934,2.988920381345014,21686.0,7672.0,177684.48,1.0,0.108
8928308f047ffff,13.50212338314909,10.542233743789154,23852.0,14765.0,177678.72,1.0,0.0462
8928308f04bffff,11.867647535405258,1.884159106769016,16197.0,12979.0,177736.32,1.0,0.296
8928308f04fffff,20.420001944453446,8.253128007699711,21963.0,22331.0,177736.32,1.0,0.029
8928308f053ffff,11.019998055294462,15.292841648590022,22493.0,12052.0,177713.28,1.0,0.0992
8928308f057ffff,8.683110232392313,6.096545984186434,25995.0,9496.0,177713.28,1.0,0.0587
8928308f05bffff,12.081820539419088,3.5560765924189135,14216.0,13214.0,177684.48,1.0,0.2375
8928308f063ffff,18.87092069870694,6.430617026815934,20701.0,20635.0,177736.32,1.0,0.2584
8928308f067ffff,8.642535402961858,5.258645327236353,19094.0,9450.0,177747.84,1.0,0.1763
8928308f06bffff,18.46822027031407,4.595375722543352,19014.0,20195.0,177713.28,1.0,0.144
8928308f06fffff,12.093611228161162,2.446577887890988,18144.0,13223.0,177701.76,1.0,0.3892
8928308f073ffff,9.556225485429025,5.462962962962963,29405.0,10450.0,177690.24,1.0,0.0172
8928308f077ffff,12.837553084578726,8.715671764512416,31974.0,14037.0,177678.72,1.0,0.0319
8928308f07bffff,16.842753435312417,3.992781412136251,24515.0,18418.0,177730.56,1.0,0.0121
8928308f083ffff,48.12605368953443,23.68024132730015,2915.0,52631.0,177661.44,1.0,0.0457
8928308f087ffff,2.7297779218674014,0.9214567792891618,13006.0,2985.0,177667.2,1.0,0.2389
8928308f08bffff,14.619674469878738,8.507417499243113,17407.0,15988.0,177649.92,1.0,0.1472
8928308f08fffff,7.544661673637454,12.81371148745154,24612.0,8251.0,177655.68,1.0,0.1319
8928308f0a3ffff,7.161614524234074,3.2850241545893724,28829.0,7831.0,177667.2,1.0,0.1089
8928308f0a7ffff,6.32661002659057,12.106768350810295,5311.0,6918.0,177626.88,1.0,0.5283
8928308f0abffff,11.104986706439272,7.03851261620186,32256.0,12143.0,177649.92,1.0,0.0243
8928308f0afffff,8.955320666623436,7.859033752481801,32077.0,9792.0,177649.92,1.0,0.1601
8928308f0b3ffff,2.023280697772446,0.5440326419585175,16848.0,2212.0,177644.16,1.0,0.4048
8928308f0b7ffff,2.1463541160068735,1.0480349344978166,13052.0,2347.0,177655.68,1.0,0.7728
8928308f0bbffff,9.788599961092018,9.92849846782431,25396.0,10704.0,177649.92,1.0,0.1476
8928308f0c3ffff,5.910387757748671,3.984287317620651,9855.0,6464.0,177661.44,1.0,0.2522
8928308f0c7ffff,8.571613823510342,12.761976047904191,13427.0,9374.0,177672.96,1.0,0.1897
8928308f0cbffff,14.288492706645057,13.642606439798566,32596.0,15627.0,177696.0,1.0,0.0665
8928308f0cfffff,9.624610995850622,7.035778532880271,26790.0,10526.0,177684.48,1.0,0.0533
8928308f0d7ffff,10.92594994164181,5.832147937411095,22879.0,11950.0,177661.44,1.0,0.0626
8928308f0dbffff,13.557234090835413,9.177215189873419,31409.0,14828.0,177678.72,1.0,0.0408
8928308f103ffff,10.901134521880065,7.966260543580131,16969.0,11917.0,177696.0,1.0,0.4972
8928308f107ffff,9.25391524269641,6.107845642729363,21162.0,10115.0,177644.16,1.0,0.5327
8928308f10bffff,11.895344313318637,10.180995475113122,22867.0,13004.0,177661.44,1.0,0.2237
8928308f10fffff,12.320907617504053,5.726173964731523,27406.0,13468.0,177696.0,1.0,0.3864
8928308f113ffff,2.7596718228102604,3.0176899063475546,21473.0,3017.0,177621.12,1.0,0.5721
8928308f117ffff,0.09078234931751127,0.0,248.0,99.0,177655.68,1.0,0.9648
8928308f11bffff,10.775764255843356,0.5918327086210298,29025.0,11780.0,177678.72,1.0,0.3872
8928308f123ffff,4.406043314745169,0.0,13311.0,4816.0,177661.44,1.0,0.4508
8928308f127ffff,4.483708866915221,0.08708272859216255,19826.0,4900.0,177667.2,1.0,0.3545
8928308f12bffff,3.533110758160189,4.983882965534342,22072.0,3862.0,177701.76,1.0,0.2414
8928308f12fffff,3.8315666634250705,3.1577169875042213,33034.0,4188.0,177690.24,1.0,0.296
8928308f133ffff,20.888989754895604,24.989097252507634,9907.0,22833.0,177661.44,1.0,0.4741
8928308f137ffff,0.5804526882417795,0.0,4982.0,634.0,177626.88,1.0,0.5206
8928308f13bffff,13.72536307053942,5.286588759042849,29411.0,15003.0,177684.48,1.0,0.4021
8928308f143ffff,8.677471636952998,8.923395445134576,25338.0,9487.0,177696.0,1.0,0.189
8928308f147ffff,10.511980804772868,5.933774834437086,20454.0,11491.0,177644.16,1.0,0.1325
8928308f14bffff,7.11137041358745,6.850961538461539,17856.0,7774.0,177707.52,1.0,0.1099
8928308f14fffff,6.029368861227268,4.726468222043443,27285.0,6591.0,177690.24,1.0,0.2404
8928308f153ffff,11.394949265730865,7.855504587155964,27769.0,12458.0,177678.72,1.0,0.1396
8928308f157ffff,6.628634404071181,3.8988408851422554,26266.0,7247.0,177701.76,1.0,0.0935
8928308f15bffff,5.647775904551939,0.9895111814763506,28817.0,6175.0,177661.44,1.0,0.0633
8928308f163ffff,6.2637790169887175,5.966118340289713,22061.0,6847.0,177661.44,1.0,0.3011
8928308f167ffff,3.1992479984441347,3.1316348195329087,10512.0,3497.0,177701.76,1.0,0.2308
8928308f16bffff,6.388150644973099,2.5779036827195467,19809.0,6983.0,177719.04,1.0,0.2827
8928308f16fffff,4.0444631688109665,7.497243660418963,28996.0,4421.0,177736.32,1.0,0.1214
8928308f173ffff,9.64699017796363,4.234620886981403,19279.0,10545.0,177690.24,1.0,0.3414
8928308f177ffff,3.381423245258551,3.038558256496228,26652.0,3696.0,177667.2,1.0,0.1005
8928308f17bffff,2.3759359502123107,0.5538325210456359,25857.0,2597.0,177701.76,1.0,0.1379
8928308f183ffff,0.0,0.0,0.0,0.0,177661.44,1.0,1.0
8928308f187ffff,0.0,0.0,0.0,0.0,177615.36,1.0,1.0
8928308f18bffff,0.0,0.0,0.0,0.0,177649.92,1.0,0.9651
8928308f18fffff,0.0,0.0,0.0,0.0,177615.36,1.0,0.9849
8928308f193ffff,0.0,0.0,0.0,0.0,177638.4,1.0,1.0
8928308f197ffff,0.0,0.0,0.0,0.0,177672.96,1.0,1.0
8928308f19bffff,0.0,0.0,0.0,0.0,177615.36,1.0,1.0
8928308f1a3ffff,13.4518095732261,9.907120743034056,21790.0,14704.0,177615.36,1.0,0.2788
8928308f1a7ffff,14.163451875384963,10.468262226847035,24780.0,15481.0,177678.72,1.0,0.2475
8928308f1abffff,11.226408975938778,16.378796902918406,16174.0,12271.0,177626.88,1.0,0.4813
8928308f1afffff,1.5659955257270695,3.2663316582914574,11088.0,1712.0,177655.68,1.0,0.623
8928308f1b3ffff,0.9466688280110229,0.6082725060827251,4706.0,1035.0,177667.2,1.0,0.7688
8928308f1b7ffff,13.57784479683497,6.704912154894227,44963.0,14841.0,177621.12,1.0,0.0474
8928308f1bbffff,1.4655815310787588,27.346938775510203,1025.0,1602.0,177644.16,1.0,0.9015
8928308f1c3ffff,1.566147859922179,2.0817843866171004,7586.0,1712.0,177638.4,1.0,0.5748
8928308f1c7ffff,1.6599124655535744,0.0,7033.0,1815.0,177667.2,1.0,0.8316
8928308f1cbffff,5.163527924540533,2.5290606346214264,35741.0,5645.0,177701.76,1.0,0.1612
8928308f1cfffff,8.082085197432406,4.283935242839353,22136.0,8836.0,177672.96,1.0,0.134
8928308f1d3ffff,1.25794319802879,0.0,0.0,1375.0,177661.44,1.0,0.8883
8928308f1d7ffff,0.5707429386775627,0.0,0.0,624.0,177621.12,1.0,0.9185
8928308f1dbffff,2.3893661857675474,5.7926829268292686,14239.0,2612.0,177667.2,1.0,0.3228
8928308f203ffff,64.7005444646098,5.562422744128554,4401.0,70758.0,177730.56,1.0,0.0023
8928308f207ffff,35.085558724397195,9.767206477732794,10270.0,38369.0,177730.56,1.0,0.1058
8928308f20bffff,36.7650393598756,0.0,0.0,40208.0,177805.44,1.0,0.0686
8928308f20fffff,54.721871254090125,0.0,0.0,59843.0,177793.92,1.0,0.1996
8928308f213ffff,35.611067910834635,2.8439153439153437,8461.0,38947.0,177776.64,1.0,0.0871
8928308f217ffff,15.64758108940086,8.329836340746958,25165.0,17112.0,177759.36,1.0,0.0533
8928308f21bffff,64.32784547575837,0.0,0.0,70354.0,177730.56,1.0,0.0274
8928308f223ffff,49.56586535346336,3.7422037422037424,5334.0,54199.0,177788.16,1.0,0.0286
8928308f227ffff,45.19358496679086,18.845500848896435,2753.0,49415.0,177782.4,1.0,0.0543
8928308f22bffff,66.67530868198463,0.0,0.0,72908.0,177736.32,1.0,0.0256
8928308f22fffff,53.92118737442478,0.0,0.0,58959.0,177742.08,1.0,0.0103
8928308f233ffff,17.188968467446607,11.178918169209432,18444.0,18796.0,177736.32,1.0,0.0883
8928308f237ffff,35.2540834845735,9.703159910628791,16295.0,38549.0,177730.56,1.0,0.0714
8928308f23bffff,74.1106719367589,0.0,0.0,81042.0,177788.16,1.0,0.0
8928308f243ffff,11.817121379042188,0.0,0.0,12924.0,177765.12,1.0,0.2285
8928308f247ffff,14.566252956997957,0.0,0.0,15930.0,177747.84,1.0,0.3302
8928308f24bffff,8.368160171056468,0.0,0.0,9152.0,177793.92,1.0,0.2186
8928308f24fffff,7.609082958116032,0.0,0.0,8322.0,177816.96,1.0,0.402
8928308f25bffff,11.489113530326595,0.0,0.0,12566.0,177776.64,1.0,0.1826
8928308f263ffff,9.5105438761297,0.0,0.0,10400.0,177816.96,1.0,0.6587
8928308f267ffff,21.392938127632004,0.0,0.0,23393.0,177811.2,1.0,0.4653
8928308f26bffff,39.280738700793776,0.0,0.0,42956.0,177782.4,1.0,0.0637
8928308f26fffff,38.88870889356877,0.0,0.0,42525.0,177782.4,1.0,0.2111
8928308f273ffff,20.27154013155763,0.0,0.0,22169.0,177759.36,1.0,0.5681
8928308f277ffff,30.342212716313437,0.0,0.0,33180.0,177742.08,1.0,0.3987
8928308f27bffff,8.263954128737568,0.0,0.0,9038.0,177805.44,1.0,0.7019
8928308f283ffff,35.15457903947112,34.57380457380457,18127.0,38449.0,177742.08,1.0,0.0056
8928308f287ffff,20.08685506870625,14.27810335641982,18536.0,21968.0,177730.56,1.0,0.1717
8928308f28bffff,23.82032667876588,13.91304347826087,17107.0,26053.0,177730.56,1.0,0.0834
8928308f28fffff,37.131745260087506,28.79631872124001,16934.0,40609.0,177724.8,1.0,0.0259
8928308f293ffff,44.18046867403494,31.06083766432284,12989.0,48322.0,177713.28,1.0,0.013
8928308f297ffff,26.915348716619135,44.18938307030129,4481.0,29437.0,177730.56,1.0,0.3761
8928308f29bffff,19.758247456089183,24.339894383101296,27233.0,21611.0,177742.08,1.0,0.0038
8928308f2a3ffff,15.380626762160936,4.386550879536851,24733.0,16819.0,177736.32,1.0,0.0295
8928308f2a7ffff,17.770215524226217,7.608263806118395,26790.0,19432.0,177724.8,1.0,0.1743
8928308f2abffff,21.58317672218262,9.343629343629344,20287.0,23602.0,177765.12,1.0,0.0509
8928308f2afffff,21.924111337934608,10.968921389396709,28051.0,23974.0,177759.36,1.0,0.0689
8928308f2b3ffff,22.709447415329766,8.371524595172625,17274.0,24835.0,177724.8,1.0,0.0172
8928308f2b7ffff,24.51625449713156,3.205128205128205,19135.0,26809.0,177713.28,1.0,0.0296
8928308f2bbffff,30.55582563603954,4.370015948963317,17268.0,33416.0,177724.8,1.0,0.0604
8928308f2c3ffff,77.24459709036711,0.0,0.0,84488.0,177770.88,1.0,0.0032
8928308f2c7ffff,62.97832355895409,35.90604026845637,2200.0,68881.0,177770.88,1.0,0.0159
8928308f2cfffff,39.83020640938401,0.0,0.0,43564.0,177759.36,1.0,0.1601
8928308f2d3ffff,36.837670544771036,17.42449385994026,14331.0,40294.0,177736.32,1.0,0.0173
8928308f2d7ffff,27.020807674855774,18.354430379746837,19319.0,29554.0,177719.04,1.0,0.0355
8928308f303ffff,21.046831955922865,1.1563169164882228,13294.0,23009.0,177724.8,1.0,0.1169
8928308f307ffff,25.97225823178636,0.5586592178770949,11278.0,28392.0,177730.56,1.0,0.1359
8928308f30bffff,15.991056673471371,8.747044917257684,13340.0,17482.0,177759.36,1.0,0.3219
8928308f30fffff,8.590129937461521,4.955570745044429,16019.0,9391.0,177759.36,1.0,0.4251
8928308f313ffff,27.688668546061372,3.3410138248847927,14498.0,30272.0,177759.36,1.0,0.076
8928308f317ffff,29.145468096827504,3.1753336401288546,12119.0,31863.0,177747.84,1.0,0.1284
8928308f31bffff,30.801140782991965,16.650000000000002,9602.0,33675.0,177730.56,1.0,0.1119
8928308f323ffff,12.19330373059346,5.624568668046929,31507.0,13328.0,177713.28,1.0,0.012
8928308f327ffff,12.813948212723206,6.9593147751606,35038.0,14006.0,177736.32,1.0,0.0155
8928308f32bffff,14.485663372752308,1.951440889493987,24889.0,15834.0,177782.4,1.0,0.0924
8928308f32fffff,16.088266744434723,8.481365377917102,30269.0,17585.0,177759.36,1.0,0.0477
8928308f333ffff,10.493567099847684,2.3769668563776363,33592.0,11471.0,177736.32,1.0,0.0335
8928308f337ffff,29.04636920384952,9.134415314190596,25154.0,31750.0,177759.36,1.0,0.0275
8928308f33bffff,12.279621467461759,4.413043478260869,25327.0,13423.0,177730.56,1.0,0.2071
8928308f343ffff,31.833943675665168,18.10406272273699,13236.0,34805.0,177736.32,1.0,0.04
8928308f347ffff,41.281311772902555,37.00370566437268,6854.0,45131.0,177747.84,1.0,0.1988
8928308f34bffff,79.97278735259816,0.0,0.0,87437.0,177799.68,1.0,0.0023
8928308f34fffff,80.90655780196994,0.0,0.0,88453.0,177776.64,1.0,0.0005
8928308f353ffff,21.8104062722737,18.325991189427313,21358.0,23847.0,177788.16,1.0,0.1204
8928308f357ffff,11.797297735152124,9.392265193370166,16059.0,12898.0,177770.88,1.0,0.332
8928308f35bffff,70.82347603461128,47.85478547854785,910.0,77436.0,177736.32,1.0,0.0144
8928308f363ffff,43.43388523474711,19.265232974910393,5190.0,47480.0,177770.88,1.0,0.2929
8928308f367ffff,23.262144732151537,23.76395534290271,2753.0,25428.0,177736.32,1.0,0.4279
8928308f36bffff,55.182245261623194,0.0,0.0,60324.0,177782.4,1.0,0.3191
8928308f36fffff,85.83368427872622,0.0,0.0,93827.0,177805.44,1.0,0.0081
8928308f373ffff,15.138357851078995,4.221190375685943,13069.0,16549.0,177765.12,1.0,0.4211
8928308f377ffff,8.599850944557856,31.416837782340863,1924.0,9401.0,177759.36,1.0,0.7826
8928308f37bffff,71.3207180351241,6.514657980456026,4959.0,77969.0,177765.12,1.0,0.0371
8928308f383ffff,10.257989239644779,5.465587044534413,24209.0,11215.0,177719.04,1.0,0.1117
8928308f387ffff,7.8309347854272,6.953369583127368,32527.0,8561.0,177707.52,1.0,0.071
8928308f38bffff,22.0439517697394,2.134471718249733,21128.0,24101.0,177707.52,1.0,0.0453
8928308f38fffff,10.89070400622326,6.558061821219716,25770.0,11906.0,177707.52,1.0,0.1066
8928308f393ffff,7.8850142597874,10.008673026886383,29883.0,8621.0,177730.56,1.0,0.0674
8928308f397ffff,7.1921693190289435,10.18964963034394,16093.0,7863.0,177713.28,1.0,0.0571
8928308f39bffff,6.826801517067003,5.102776776054814,30315.0,7464.0,177690.24,1.0,0.062
8928308f3a3ffff,9.19286871961102,3.47661188369153,26387.0,10049.0,177696.0,1.0,0.1196
8928308f3a7ffff,6.8073519400953035,10.694676533778944,21548.0,7441.0,177690.24,1.0,0.2328
8928308f3abffff,2.848716619134042,0.43809832873600524,35343.0,3114.0,177730.56,1.0,0.0733
8928308f3afffff,7.9946853328148295,5.589938111399481,27239.0,8739.0,177742.08,1.0,0.1347
8928308f3b3ffff,7.386400466714202,4.049026045086452,25252.0,8075.0,177719.04,1.0,0.1296
8928308f3b7ffff,4.637671765620949,0.5932203389830508,6756.0,5070.0,177730.56,1.0,0.3831
8928308f3bbffff,11.17557449842803,7.324609233006179,29370.0,12217.0,177713.28,1.0,0.055
8928308f3c3ffff,28.567725210628648,10.591471801925723,11232.0,31236.0,177753.6,1.0,0.1229
8928308f3c7ffff,65.15652342990472,6.277533039647578,4902.0,71238.0,177742.08,1.0,0.0268
8928308f3cbffff,24.433641225085076,17.886561543892682,20097.0,26716.0,177724.8,1.0,0.0832
8928308f3cfffff,26.828714957057205,22.04705882352941,19083.0,29333.0,177724.8,1.0,0.0158
8928308f3d3ffff,49.253005800952785,1.8575851393188854,1826.0,53855.0,177736.32,1.0,0.2285
8928308f3d7ffff,26.741208880246315,1.9677996422182469,6313.0,29238.0,177724.8,1.0,0.2375
8928308f3dbffff,22.26578955896173,9.818765771966047,22643.0,24346.0,177747.84,1.0,0.0215
8928308f503ffff,0.0,0.0,0.0,0.0,177609.6,1.0,1.0
8928308f507ffff,0.0,0.0,0.0,0.0,177586.56,1.0,1.0
8928308f50bffff,0.0,0.0,0.0,0.0,177632.64,1.0,1.0
8928308f50fffff,0.0,0.0,0.0,0.0,177592.32,1.0,1.0
8928308f523ffff,0.0,0.0,0.0,0.0,177603.84,1.0,1.0
8928308f527ffff,0.0,0.0,0.0,0.0,177598.08,1.0,1.0
8928308f52bffff,0.0,0.0,0.0,0.0,177638.4,1.0,1.0
8928308f52fffff,0.0,0.0,0.0,0.0,177598.08,1.0,1.0
8928308f533ffff,0.0,0.0,0.0,0.0,177609.6,1.0,1.0
8928308f537ffff,0.0,0.0,0.0,0.0,177586.56,1.0,1.0
8928308f53bffff,0.0,0.0,0.0,0.0,177621.12,1.0,1.0
8928308f543ffff,0.0,0.0,0.0,0.0,177626.88,1.0,1.0
8928308f547ffff,1.0635538261997406,0.8450704225352111,6083.0,1163.0,177638.4,1.0,0.8993
8928308f54bffff,0.573818323283408,0.0,0.0,627.0,177672.96,1.0,0.925
8928308f54fffff,0.08430882972859043,1.8518518518518516,5800.0,92.0,177632.64,1.0,0.9602
8928308f563ffff,0.8430882972859042,0.0,1273.0,922.0,177632.64,1.0,0.9233
8928308f567ffff,0.0,0.0,0.0,0.0,177655.68,1.0,0.9941
8928308f56bffff,1.261348897535668,0.5458515283842794,5247.0,1379.0,177638.4,1.0,0.7831
8928308f56fffff,0.0,0.0,0.0,0.0,177649.92,1.0,0.9939
8928308f573ffff,0.0,0.0,6803.0,0.0,177632.64,1.0,0.9821
8928308f577ffff,0.0,0.0,0.0,0.0,177626.88,1.0,1.0
8928308f57bffff,1.6146289271471648,2.734107997265892,8196.0,1765.0,177655.68,1.0,0.4703
8928308f5a7ffff,0.0,0.0,0.0,0.0,177592.32,1.0,1.0
8928308f5abffff,0.0,0.0,0.0,0.0,177563.52,1.0,1.0
8928308f5afffff,0.0,0.0,0.0,0.0,177609.6,1.0,1.0
8928308f60fffff,31.542949756888166,15.589045535569598,30004.0,34504.0,177696.0,1.0,0.0276
8928308f623ffff,31.961368939590358,15.632291180587963,20828.0,34959.0,177730.56,1.0,0.1017
8928308f627ffff,21.452647954884295,7.41926098341577,18328.0,23463.0,177719.04,1.0,0.2357
8928308f62bffff,24.121612861402827,19.273104880581513,22389.0,26384.0,177707.52,1.0,0.0045
8928308f62fffff,36.90881389996434,18.55241264559068,5639.0,40368.0,177690.24,1.0,0.1803
8928308f633ffff,32.726034946672286,21.84476014000412,21865.0,35796.0,177678.72,1.0,0.0116
8928308f637ffff,15.418030926832433,13.71562106776919,27648.0,16864.0,177678.72,1.0,0.0114
8928308f63bffff,59.99222142996046,33.886626996554966,12159.0,65621.0,177719.04,1.0,0.0014
8928308f663ffff,30.41843580851133,13.815015297717109,21093.0,33273.0,177713.28,1.0,0.0178
8928308f667ffff,22.365563514958996,17.169117647058822,25955.0,24463.0,177701.76,1.0,0.0034
8928308f66bffff,21.276733635774463,20.85261070720423,13795.0,23274.0,177753.6,1.0,0.293
8928308f66fffff,16.032661525500615,11.852534562211982,27544.0,17537.0,177765.12,1.0,0.0011
8928308f677ffff,38.6983859467168,24.327847482483296,26749.0,42330.0,177719.04,1.0,0.0054
8928308f67bffff,26.348372876960973,13.863013698630136,27164.0,28823.0,177707.52,1.0,0.0373
8928308f6afffff,20.75863186902253,24.739039665970772,24918.0,22706.0,177667.2,1.0,0.0135
892830bb64bffff,0.0,0.0,0.0,0.0,177644.16,1.0,1.0
892830bb65bffff,0.0,0.0,0.0,0.0,177569.28,1.0,1.0
