h3,canopy_pct,row_canopy_pct,canopy_m2,row_m2,assessed_m2,coverage_frac,canopy_source,canopy_year,canopy_quality
8928301000fffff,0.3249707526322631,0.0,18.0,0.0,5538.96,0.05064614841751364,usfs-2022,2022,partial
8928301002bffff,38.36075949367089,39.01213897028045,2181.96,525.0,5688.0,0.052013548901109374,usfs-2022,2022,partial
8928301003bffff,33.906467147151034,41.30304841601913,37058.0,11313.0,178220.16,1.0,chm-legacy,2009-2020,full
89283010047ffff,0.0,0.0,0.0,0.0,6732.72,0.06155770225895896,usfs-2022,2022,partial
89283010063ffff,24.456426145665617,32.498850457262556,26028.72,9513.0,106428.96,0.9731737040535685,usfs-2022,2022,partial
89283010067ffff,28.034314450525073,36.43162393162393,3411.72,214.0,12169.8,0.11128475490000114,usfs-2022,2022,partial
8928301006bffff,21.859534589870485,0.0,1494.72,0.0,6837.84,0.06252372168394114,usfs-2022,2022,partial
8928301006fffff,29.225048143967065,42.12865497076023,7921.8,891.0,27106.2,0.24786557217173283,usfs-2022,2022,partial
89283010073ffff,0.4634904992146839,0.0,216.72,0.0,46758.24,0.427535009430165,usfs-2022,2022,partial
89283010077ffff,18.578686940939626,33.76748158428526,9069.84,2233.0,48818.52,0.44639551309639214,usfs-2022,2022,partial
8928301007bffff,14.396595914553101,0.0,11424.96,0.0,79358.76,0.7256108003962849,usfs-2022,2022,partial
89283010103ffff,12.326609574645877,4.626001022320668,8762.4,4030.0,71085.24,0.6501783143199072,usfs-2022,2022,partial
89283010107ffff,15.869059105173555,2.8498101908784688,17348.76,13082.0,109324.44,0.9999816180075711,usfs-2022,2022,full
8928301010bffff,28.16516027065738,0.8982967937030285,30794.04,8023.0,109333.8,1.0,usfs-2022,2022,full
8928301010fffff,30.40623528520766,21.090158551458863,33242.76,9084.0,109328.76,1.0,usfs-2022,2022,full
89283010117ffff,0.0,0.0,0.0,0.0,38932.2,0.3560956587214401,usfs-2022,2022,partial
8928301011bffff,3.893715731758752,0.0,830.88,0.0,21339.0,0.19516655847894945,usfs-2022,2022,partial
89283010123ffff,40.06118826423582,14.53999571091572,43792.92,12911.0,109315.08,0.9999851998014102,usfs-2022,2022,full
89283010127ffff,14.01076915476955,9.777212319010939,15315.48,23487.0,109312.2,1.0,usfs-2022,2022,full
8928301012bffff,26.875870631201447,18.522054172177814,29379.96,25503.0,109317.24,0.9999941720092391,usfs-2022,2022,full
8928301012fffff,16.993255259448564,12.329915927626475,18575.64,15054.0,109311.84,0.9999947757926777,usfs-2022,2022,full
89283010133ffff,23.071394266598215,13.140085720730882,25076.16,11089.0,108689.4,0.9942226648874947,usfs-2022,2022,full
89283010137ffff,20.620440960958984,14.116780612528487,22541.4,22250.0,109315.8,1.0,usfs-2022,2022,full
8928301013bffff,16.374575199557416,6.976033026260464,17901.0,8761.0,109321.92,0.999997770228138,usfs-2022,2022,full
89283010147ffff,5.492661501105801,0.0,2557.08,0.0,46554.48,0.4257995170758315,usfs-2022,2022,partial
89283010157ffff,4.299990831576052,2.0550877693734835,1350.72,2471.0,31412.16,0.2872926137214873,usfs-2022,2022,partial
89283010163ffff,28.770560481757123,16.81640956094253,23115.96,14132.0,80345.88,0.7349300947473246,usfs-2022,2022,partial
89283010167ffff,18.26545373766708,15.338923829489866,12136.32,13084.0,66444.12,0.6077999837454642,usfs-2022,2022,partial
89283010173ffff,41.408946023550484,23.894925625065934,45271.44,15582.0,109327.68,0.999989688797511,usfs-2022,2022,full
89283010177ffff,27.0500332589124,18.15033783783784,29572.2,20933.0,109324.08,1.0,usfs-2022,2022,full
8928301017bffff,34.548539360059166,39.28401710755583,17153.64,1380.0,49650.84,0.4541374463304952,usfs-2022,2022,partial
892830101abffff,14.21299715159827,3.93598615916955,3880.08,1599.0,27299.52,0.24970914953884002,usfs-2022,2022,partial
892830101afffff,68.8422256097561,17.30682331676457,32515.56,659.0,47232.0,0.43205346753537505,usfs-2022,2022,partial
89283010c03ffff,0.9314140558848433,0.0,3.96,126.0,425.16,0.0038900705977670644,usfs-2022,2022,partial
89283010c0bffff,35.690607734806626,0.0,4418.64,0.0,12380.4,0.11327525914260538,usfs-2022,2022,partial
89283010c13ffff,23.356256828845044,17.589076512886805,11774.16,3672.0,50411.16,0.46122702298835044,usfs-2022,2022,partial
89283010c17ffff,44.62487820721013,9.146810146041506,1483.92,426.0,3325.32,0.030425885752109135,usfs-2022,2022,partial
89283010c1bffff,30.240544976439654,5.192729435378954,30843.36,9182.0,101993.4,0.9331585158545724,usfs-2022,2022,partial
89283010c37ffff,0.0,0.0,0.0,0.0,178202.88,1.0,chm-legacy,2009-2020,full
89283010c43ffff,0.0,0.0,0.0,0.0,672.12,0.006149230710248906,usfs-2022,2022,partial
89283010c53ffff,5.771896958671202,0.9016044299304273,6144.84,10050.0,106461.36,0.9739775448988566,usfs-2022,2022,partial
89283010c57ffff,27.703230425444207,18.67844291789336,18387.72,8055.0,66373.92,0.6072620298582221,usfs-2022,2022,partial
89283010c5bffff,0.9434949424485525,0.0,584.28,0.0,61927.2,0.5665440592717225,usfs-2022,2022,partial
89283010c83ffff,6.584400610763143,0.0,3042.72,2803.0,46211.04,0.422786853103207,usfs-2022,2022,partial
89283010c87ffff,4.271126249224392,0.7432057681641708,4658.76,3221.0,109075.68,0.9979881704952975,usfs-2022,2022,full
89283010c8fffff,0.0,0.0,0.0,1701.0,7454.52,0.06820440757814494,usfs-2022,2022,partial
89283010c93ffff,4.689158029058184,0.0,3770.28,810.0,80404.2,0.7355927585345676,usfs-2022,2022,partial
89283010c97ffff,0.9884391159711472,0.0,1080.36,0.0,109299.6,0.9999977294122243,usfs-2022,2022,full
89283010c9bffff,0.0,0.0,0.0,0.0,859.32,0.007861563414651817,usfs-2022,2022,partial
89283010ca3ffff,0.2553989396094659,0.0,279.0,0.0,178168.32,1.0,chm-legacy,2009-2020,full
89283010ca7ffff,0.0,0.0,0.0,0.0,178151.04,1.0,chm-legacy,2009-2020,full
89283010cabffff,17.75981897527073,0.0,19397.0,0.0,178185.6,1.0,chm-legacy,2009-2020,full
89283010cafffff,0.0,0.0,0.0,0.0,178174.08,1.0,chm-legacy,2009-2020,full
89283010cb3ffff,9.167691766980054,2.4296352391770792,3004.92,5566.0,32777.28,0.29991080449091745,usfs-2022,2022,partial
89283010cb7ffff,0.94546835031139,0.0,376.56,512.0,39827.88,0.3644417559972593,usfs-2022,2022,partial
89283010cbbffff,0.0,0.0,0.0,662.0,1240.56,0.011350951420483726,usfs-2022,2022,partial
89283010cc3ffff,21.089454855124796,0.0,18187.2,0.0,86238.36,0.7889420207478328,usfs-2022,2022,partial
89283010cc7ffff,10.543132459221392,13.680747558884262,8255.88,8879.0,78305.76,0.7164073510875568,usfs-2022,2022,partial
89283010ccbffff,14.61589635162461,10.536828619839378,15976.8,23380.0,109311.12,1.0,usfs-2022,2022,full
89283010ccfffff,16.80845527812635,12.871084493084577,18372.24,29119.0,109303.56,0.9999906388505514,usfs-2022,2022,full
89283010cd3ffff,26.156739811912228,0.0,2252.88,0.0,8613.0,0.07879198142247976,usfs-2022,2022,partial
89283010cdbffff,51.92115741491451,26.711687617009893,51872.04,3946.0,99905.4,0.9139276999214787,usfs-2022,2022,partial
89283010d83ffff,0.0,0.0,0.0,0.0,178139.52,1.0,chm-legacy,2009-2020,full
89283010d87ffff,0.0,0.0,0.0,0.0,178139.52,1.0,chm-legacy,2009-2020,full
89283010d8bffff,0.0,0.0,0.0,0.0,178174.08,1.0,chm-legacy,2009-2020,full
89283010d93ffff,0.0,0.0,0.0,0.0,178133.76,1.0,chm-legacy,2009-2020,full
89283010d97ffff,0.0,0.0,0.0,0.0,178156.8,1.0,chm-legacy,2009-2020,full
89283010d9bffff,0.853512657204746,0.0,932.0,0.0,178162.56,1.0,chm-legacy,2009-2020,full
89283010db7ffff,0.0,0.0,0.0,0.0,178128.0,1.0,chm-legacy,2009-2020,full
89283010dc3ffff,0.0,0.0,0.0,0.0,178202.88,1.0,chm-legacy,2009-2020,full
89283010dd3ffff,0.0,0.0,0.0,0.0,178179.84,1.0,chm-legacy,2009-2020,full
89283010dd7ffff,0.0,0.0,0.0,0.0,178128.0,1.0,chm-legacy,2009-2020,full
89283010ddbffff,0.0,0.0,0.0,0.0,178168.32,1.0,chm-legacy,2009-2020,full
89283010e93ffff,11.175113680051968,4.937032305165176,6069.24,3750.0,54310.32,0.49683045056056546,usfs-2022,2022,partial
89283010e97ffff,0.0,0.0,0.0,0.0,9684.72,0.08860018537268326,usfs-2022,2022,partial
89283012103ffff,34.57289078312956,14.442845723421263,37817.28,9633.0,109384.2,1.0,usfs-2022,2022,full
89283012107ffff,46.11197050982457,27.756105172817353,50436.72,6667.0,109378.8,1.0,usfs-2022,2022,full
8928301210bffff,9.69868391564077,4.781147397664795,9036.0,17644.0,93167.28,0.8517397143256107,usfs-2022,2022,partial
8928301210fffff,12.547353315801773,10.108061378863194,13724.28,14973.0,109379.88,1.0,usfs-2022,2022,full
89283012113ffff,40.93959091862216,0.0,15463.08,0.0,37770.48,0.345289822588362,usfs-2022,2022,partial
89283012117ffff,62.612725286009564,0.0,68486.4,0.0,109380.96,0.9999878059974274,usfs-2022,2022,full
8928301211bffff,3.367427053420665,0.0,1127.16,0.0,33472.44,0.30599469636321097,usfs-2022,2022,partial
89283012123ffff,26.42988808426596,9.892487004810642,28905.84,20094.0,109368.0,0.9999973753298909,usfs-2022,2022,full
89283012127ffff,34.60243264150633,7.477559199036027,37842.12,24602.0,109362.6,0.9999979885772263,usfs-2022,2022,full
8928301212bffff,6.170157438586443,3.7041476864061376,6748.2,8676.0,109368.36,0.9999897394813565,usfs-2022,2022,full
8928301212fffff,13.123496087770869,2.2588458298230836,14352.48,20048.0,109364.76,1.0,usfs-2022,2022,full
89283012133ffff,29.217876727208093,16.82051282051282,31956.48,2628.0,109373.04,1.0,usfs-2022,2022,full
89283012137ffff,32.80249640384862,6.431833007175474,35875.08,2582.0,109366.92,0.9999984376273772,usfs-2022,2022,full
8928301213bffff,33.198603106475275,9.561441597915762,36310.68,18745.0,109374.12,1.0,usfs-2022,2022,full
89283012147ffff,1.5840638833434597,0.0,131.4,0.0,8295.12,0.07583355476725517,usfs-2022,2022,partial
8928301214fffff,9.201203532951569,0.0,10059.0,0.0,178035.84,1.0,chm-legacy,2009-2020,full
89283012163ffff,8.369159829117786,0.0,2221.56,0.0,26544.6,0.24269095208538013,usfs-2022,2022,partial
89283012167ffff,12.339080139113616,0.0,11942.28,431.0,96784.2,0.8849190962807557,usfs-2022,2022,partial
8928301216bffff,11.988483809400575,0.0,13105.0,0.0,178058.88,1.0,chm-legacy,2009-2020,full
8928301216fffff,31.90684133915575,0.0,34876.0,0.0,178070.4,1.0,chm-legacy,2009-2020,full
89283012173ffff,24.129522991634524,12.715406927145539,11328.84,7367.0,46950.12,0.4292369945407673,usfs-2022,2022,partial
89283012177ffff,7.9794744862861515,0.0,8727.48,0.0,109374.12,0.9999924278099867,usfs-2022,2022,full
8928301217bffff,27.594797463439885,0.0,30166.0,0.0,178030.08,1.0,chm-legacy,2009-2020,full
89283012187ffff,23.231705622411827,0.0,3009.24,0.0,12953.16,0.11841766929326207,usfs-2022,2022,partial
8928301218fffff,45.990153973267695,0.0,38473.56,0.0,83656.08,0.764774739097362,usfs-2022,2022,partial
892830121a3ffff,18.57577802280993,0.0,20316.96,0.0,109373.4,0.9999796088629946,usfs-2022,2022,full
892830121a7ffff,22.53843799065836,2.0566318926974665,24649.92,1183.0,109368.36,0.9999835135246666,usfs-2022,2022,full
892830121abffff,53.09865876738253,0.0,58077.72,0.0,109377.0,1.0,usfs-2022,2022,full
892830121afffff,59.43734385748941,0.0,65007.36,0.0,109371.24,0.9999988938936814,usfs-2022,2022,full
892830121b3ffff,65.41289084676579,0.44568245125348194,65537.28,643.0,100190.16,0.9159832938600677,usfs-2022,2022,partial
892830121b7ffff,18.94156192858551,2.21435295172352,20063.16,7853.0,105921.36,0.9684288935670766,usfs-2022,2022,partial
892830121bbffff,31.841490307079617,0.0,34827.84,0.0,109378.8,0.9999790015017922,usfs-2022,2022,full
89283012303ffff,41.80494905385735,0.0,45704.0,0.0,178070.4,1.0,chm-legacy,2009-2020,full
89283012307ffff,23.17420272980141,0.0,25334.0,0.0,178087.68,1.0,chm-legacy,2009-2020,full
8928301230fffff,20.83373758934058,47.12990936555891,22776.0,1008.0,178104.96,1.0,chm-legacy,2009-2020,full
89283012313ffff,22.25599896513809,0.0,24333.0,0.0,178110.72,1.0,chm-legacy,2009-2020,full
89283012317ffff,40.04722473799974,0.0,43782.0,0.0,178076.16,1.0,chm-legacy,2009-2020,full
89283012323ffff,13.016201532839633,0.0,14228.0,0.0,178116.48,1.0,chm-legacy,2009-2020,full
89283012327ffff,3.5710819990295977,0.0,3903.0,0.0,178070.4,1.0,chm-legacy,2009-2020,full
89283012333ffff,12.114352241122823,0.0,13243.0,0.0,178110.72,1.0,chm-legacy,2009-2020,full
89283012337ffff,20.86419353795401,0.0,22807.0,0.0,178093.44,1.0,chm-legacy,2009-2020,full
8928301233bffff,23.048315115451786,0.0,25196.0,0.0,178110.72,1.0,chm-legacy,2009-2020,full
89283012377ffff,1.0057564193777893,5.400696864111499,1099.0,3128.0,178110.72,1.0,chm-legacy,2009-2020,full
89283012387ffff,36.966364812419144,0.0,40415.0,0.0,178099.2,1.0,chm-legacy,2009-2020,full
8928301238bffff,10.428257213093543,0.0,11402.0,0.0,178076.16,1.0,chm-legacy,2009-2020,full
8928301238fffff,35.66508198311827,0.0,38992.0,0.0,178104.96,1.0,chm-legacy,2009-2020,full
892830123a3ffff,44.587862318840585,0.0,48743.0,0.0,178053.12,1.0,chm-legacy,2009-2020,full
892830123a7ffff,53.76378869731181,0.0,58771.0,0.0,178058.88,1.0,chm-legacy,2009-2020,full
892830123abffff,17.551350477114667,0.0,19187.0,0.0,178070.4,1.0,chm-legacy,2009-2020,full
892830123afffff,45.49689440993789,0.0,49734.0,0.0,178053.12,1.0,chm-legacy,2009-2020,full
892830123b3ffff,43.83995859882912,0.0,47927.0,0.0,178081.92,1.0,chm-legacy,2009-2020,full
892830123b7ffff,9.777792153184333,0.0,10689.0,0.0,178081.92,1.0,chm-legacy,2009-2020,full
892830123bbffff,88.13921143707346,0.0,96357.0,0.0,178081.92,1.0,chm-legacy,2009-2020,full
892830125a7ffff,11.61498638093692,1.0920770877944324,4636.08,4989.0,39914.64,0.36485036557318645,usfs-2022,2022,partial
892830125b7ffff,14.70990255547787,7.552350392007674,8407.08,10061.0,57152.52,0.5223974278637121,usfs-2022,2022,partial
89283012803ffff,18.078919289186306,9.00325864212047,19762.92,19503.0,109314.72,0.9999947011559126,usfs-2022,2022,full
89283012807ffff,15.719221053810257,5.273495404684257,17182.8,9202.0,109310.76,1.0,usfs-2022,2022,full
8928301280bffff,15.854349300858203,3.660803660803661,17331.48,19403.0,109316.88,1.0,usfs-2022,2022,full
8928301280fffff,20.566721885384386,2.660528984941874,22481.64,4491.0,109310.76,0.9999976021455816,usfs-2022,2022,full
89283012813ffff,27.823899205379576,10.129083723122665,30417.12,17846.0,109320.12,1.0,usfs-2022,2022,full
89283012817ffff,16.774794830924876,5.269502994477716,18337.32,8769.0,109314.72,1.0,usfs-2022,2022,full
8928301281bffff,17.100423163683665,8.340465875722582,18694.08,25059.0,109319.4,0.9999874693526982,usfs-2022,2022,full
89283012823ffff,15.212608280359671,7.02444754423317,16627.32,22796.0,109299.6,0.999995620530511,usfs-2022,2022,full
89283012827ffff,12.460144927536232,8.591025725376669,13618.44,20006.0,109296.0,1.0,usfs-2022,2022,full
8928301282bffff,9.885115016732101,7.38481886986553,10804.32,18150.0,109298.88,0.9999781099939788,usfs-2022,2022,full
8928301282fffff,15.262996669927567,11.135648429304918,16681.68,17384.0,109294.92,0.9999919447841309,usfs-2022,2022,full
89283012833ffff,15.866664031828842,14.019633672779758,17343.0,27022.0,109304.64,1.0,usfs-2022,2022,full
89283012837ffff,15.546084247069402,10.282376525075174,16991.64,18690.0,109298.52,0.999996672447925,usfs-2022,2022,full
8928301283bffff,12.524742855449029,4.370179948586118,13690.08,17945.0,109304.28,0.9999883747726471,usfs-2022,2022,full
89283012843ffff,12.39589953667267,5.256298870547351,13551.48,13348.0,109322.28,0.9999919939665118,usfs-2022,2022,full
89283012847ffff,16.125771002723415,1.733168549905838,17628.48,12022.0,109318.68,1.0,usfs-2022,2022,full
8928301284bffff,8.793854016425293,2.2645891802961384,9613.8,14543.0,109324.08,0.999997563570184,usfs-2022,2022,full
8928301284fffff,7.137588406300169,1.1113153970296827,7106.4,17427.0,99563.04,0.9107579831676725,usfs-2022,2022,partial
89283012853ffff,9.329578880811841,1.3959949852607325,8552.16,10476.0,91667.16,0.8384643980793631,usfs-2022,2022,partial
89283012857ffff,13.031952553602771,3.7100644614877902,14246.64,14734.0,109320.84,0.9999897268530346,usfs-2022,2022,full
8928301285bffff,13.241458399240747,0.0,12054.6,0.0,91036.8,0.8326895223419654,usfs-2022,2022,partial
89283012863ffff,8.438448922057477,2.123485285631852,9223.92,9159.0,109308.24,1.0,usfs-2022,2022,full
89283012867ffff,16.93059132737417,3.689250759365508,18505.8,16437.0,109303.92,1.0,usfs-2022,2022,full
8928301286bffff,6.780286716298529,5.99025974025974,4363.92,6254.0,64361.88,0.5888060875864394,usfs-2022,2022,partial
8928301286fffff,16.375840694556977,2.1505376344086025,17899.2,12252.0,109302.48,0.9999892290444762,usfs-2022,2022,full
89283012873ffff,6.724629089891156,1.4114489333148226,7350.84,15339.0,109312.2,0.9999998613155273,usfs-2022,2022,full
89283012877ffff,10.326940747547203,2.756399222995402,11288.16,14237.0,109307.88,1.0,usfs-2022,2022,full
8928301287bffff,12.149049939268712,1.2181238615664847,12530.88,15619.0,103142.88,0.9435519638757394,usfs-2022,2022,partial
89283012883ffff,8.623148078018646,0.3574028724601231,9426.96,5420.0,109321.56,0.999989981883593,usfs-2022,2022,full
89283012887ffff,9.041990904330817,0.06371861858034918,9884.52,5646.0,109317.96,1.0,usfs-2022,2022,full
8928301288bffff,12.986251749403143,4.335807929237087,14196.96,13082.0,109323.0,0.9999922144656161,usfs-2022,2022,full
8928301288fffff,22.67214210677108,4.490405607261864,24784.56,14962.0,109317.24,0.9999895693232593,usfs-2022,2022,full
89283012893ffff,12.016767429301511,12.436002745552543,13137.48,28015.0,109326.24,0.9999936944818443,usfs-2022,2022,full
89283012897ffff,11.568073447667219,9.959669150317861,12646.44,9484.0,109321.92,1.0,usfs-2022,2022,full
8928301289bffff,14.426695907299292,12.007157006837497,15772.32,14872.0,109327.32,0.9999926285266966,usfs-2022,2022,full
892830128a3ffff,12.411612627002816,10.597912895325312,13566.96,12090.0,109308.6,1.0,usfs-2022,2022,full
892830128a7ffff,14.591272442220854,3.3346766068909934,15948.36,6908.0,109300.68,0.9999882534033889,usfs-2022,2022,full
892830128abffff,12.678422047596777,29.145150632632582,13858.56,10423.0,109308.24,0.9999964059486511,usfs-2022,2022,full
892830128afffff,7.038778992022871,9.962587496982863,7693.56,21486.0,109302.48,0.9999937735485167,usfs-2022,2022,full
892830128b3ffff,12.283463529659732,0.0,13427.28,312.0,109311.84,1.0,usfs-2022,2022,full
892830128b7ffff,23.18756093062472,12.955256570713392,25345.08,20030.0,109304.64,0.999985367708198,usfs-2022,2022,full
892830128bbffff,9.584484615359282,3.5073891625615765,10477.08,1763.0,109312.92,1.0,usfs-2022,2022,full
892830128c3ffff,12.981754669592076,8.026480586867061,12950.64,9253.0,99760.32,0.9124654651567831,usfs-2022,2022,partial
892830128c7ffff,15.040025289528883,10.658632433848572,16442.64,30691.0,109325.88,1.0,usfs-2022,2022,full
892830128cbffff,8.216582855806339,0.5879090404880754,2529.36,3226.0,30783.6,0.28156149952998655,usfs-2022,2022,partial
892830128cfffff,11.294194351421035,3.0461662363502855,12347.64,14735.0,109327.32,1.0,usfs-2022,2022,full
892830128d3ffff,6.719847328244274,3.872974464455927,6338.16,6898.0,94320.0,0.8626714250219806,usfs-2022,2022,partial
892830128d7ffff,1.9352225654129596,1.4718483794546096,2115.72,7037.0,109326.96,0.9999784009788113,usfs-2022,2022,full
89283012903ffff,0.0,0.0,0.0,0.0,178041.6,1.0,chm-legacy,2009-2020,full
89283012907ffff,0.0,0.0,0.0,0.0,178047.36,1.0,chm-legacy,2009-2020,full
8928301290bffff,0.0,0.0,0.0,0.0,178070.4,1.0,chm-legacy,2009-2020,full
8928301290fffff,0.0,0.0,0.0,0.0,178047.36,1.0,chm-legacy,2009-2020,full
89283012913ffff,0.0,0.0,0.0,0.0,178035.84,1.0,chm-legacy,2009-2020,full
89283012917ffff,0.0,0.0,0.0,0.0,178018.56,1.0,chm-legacy,2009-2020,full
8928301291bffff,0.0,0.0,0.0,0.0,178030.08,1.0,chm-legacy,2009-2020,full
89283012923ffff,0.0,0.0,0.0,0.0,178041.6,1.0,chm-legacy,2009-2020,full
89283012927ffff,0.0,0.0,0.0,0.0,178041.6,1.0,chm-legacy,2009-2020,full
8928301292bffff,0.0,0.0,0.0,0.0,178035.84,1.0,chm-legacy,2009-2020,full
8928301292fffff,0.0,0.0,0.0,0.0,178058.88,1.0,chm-legacy,2009-2020,full
89283012933ffff,0.0,0.0,0.0,0.0,178018.56,1.0,chm-legacy,2009-2020,full
89283012937ffff,0.0,0.0,0.0,0.0,178053.12,1.0,chm-legacy,2009-2020,full
8928301293bffff,0.0,0.0,0.0,0.0,178058.88,1.0,chm-legacy,2009-2020,full
89283012943ffff,3.147320550961299,8.099254770289084,1729.08,4040.0,54938.16,0.5027060742094125,usfs-2022,2022,partial
89283012947ffff,0.0,0.0,0.0,0.0,178058.88,1.0,chm-legacy,2009-2020,full
8928301294bffff,8.686514655405272,2.2551621680271086,9493.2,21080.0,109286.64,1.0,usfs-2022,2022,full
8928301294fffff,2.4271686648944826,0.0,805.32,0.0,33179.4,0.3036166315961233,usfs-2022,2022,partial
89283012953ffff,8.590840090340258,18.445132283500147,8353.08,12995.0,97232.4,0.8896804058143731,usfs-2022,2022,partial
89283012957ffff,0.0,0.0,0.0,0.0,178041.6,1.0,chm-legacy,2009-2020,full
8928301295bffff,12.834583939970882,5.9724224762910465,14027.04,16669.0,109290.96,1.0,usfs-2022,2022,full
89283012963ffff,0.0,0.0,0.0,0.0,178064.64,1.0,chm-legacy,2009-2020,full
89283012967ffff,0.0,0.0,0.0,0.0,178053.12,1.0,chm-legacy,2009-2020,full
8928301296bffff,0.0,0.0,0.0,0.0,178070.4,1.0,chm-legacy,2009-2020,full
8928301296fffff,0.0,0.0,0.0,0.0,178110.72,1.0,chm-legacy,2009-2020,full
89283012973ffff,0.0,0.0,0.0,0.0,178041.6,1.0,chm-legacy,2009-2020,full
89283012977ffff,0.0,0.0,0.0,0.0,178087.68,1.0,chm-legacy,2009-2020,full
8928301297bffff,0.0,0.0,0.0,0.0,178087.68,1.0,chm-legacy,2009-2020,full
89283012983ffff,3.923536980219718,0.0,1998.0,0.0,50923.44,0.46597196440302674,usfs-2022,2022,partial
89283012987ffff,0.0,0.0,0.0,0.0,178018.56,1.0,chm-legacy,2009-2020,full
8928301298bffff,0.0,0.0,0.0,0.0,178024.32,1.0,chm-legacy,2009-2020,full
8928301298fffff,0.0,0.0,0.0,0.0,178030.08,1.0,chm-legacy,2009-2020,full
89283012993ffff,8.532885526458195,27.416014322322464,8798.76,7444.0,103115.88,0.9435189271517521,usfs-2022,2022,partial
89283012997ffff,0.0,0.0,0.0,0.0,177989.76,1.0,chm-legacy,2009-2020,full
8928301299bffff,4.548389524681014,13.740911916538284,4133.52,11489.0,90878.76,0.8315391280339676,usfs-2022,2022,partial
892830129a3ffff,0.0,0.0,0.0,0.0,178007.04,1.0,chm-legacy,2009-2020,full
892830129a7ffff,0.0,0.0,0.0,0.0,178007.04,1.0,chm-legacy,2009-2020,full
892830129abffff,0.0,0.0,0.0,0.0,178041.6,1.0,chm-legacy,2009-2020,full
892830129afffff,0.0,0.0,0.0,0.0,178012.8,1.0,chm-legacy,2009-2020,full
892830129b3ffff,0.0,0.0,0.0,0.0,178012.8,1.0,chm-legacy,2009-2020,full
892830129b7ffff,0.0,0.0,0.0,0.0,178001.28,1.0,chm-legacy,2009-2020,full
892830129bbffff,0.0,0.0,0.0,0.0,178024.32,1.0,chm-legacy,2009-2020,full
892830129c3ffff,17.862401307013005,17.435338740265504,19522.44,7366.0,109293.48,1.0,usfs-2022,2022,full
892830129c7ffff,4.649067182858859,0.0,501.48,0.0,10786.68,0.09870072068616946,usfs-2022,2022,partial
892830129cbffff,24.077050778676647,17.980942266277253,26314.56,10009.0,109293.12,0.9999973409686358,usfs-2022,2022,full
892830129cfffff,13.233871747751232,0.0,7881.12,0.0,59552.64,0.5449150352705309,usfs-2022,2022,partial
892830129d3ffff,8.382081686429514,3.0505582023750266,9161.28,14725.0,109296.0,0.9999955114638963,usfs-2022,2022,full
892830129d7ffff,0.0966521535020297,0.0,75.6,3000.0,78218.64,0.7156913936662794,usfs-2022,2022,partial
892830129dbffff,11.392434248447818,5.540182513982926,12451.68,11552.0,109297.8,1.0,usfs-2022,2022,full
89283012a03ffff,4.572648190667141,0.0,4996.0,0.0,178116.48,1.0,chm-legacy,2009-2020,full
89283012a07ffff,0.0840662183135023,0.0,92.0,5184.0,178145.28,1.0,chm-legacy,2009-2020,full
89283012a0bffff,5.983900688585006,0.0,6538.0,0.0,178174.08,1.0,chm-legacy,2009-2020,full
89283012a0fffff,13.654293843766164,0.0,14918.0,0.0,178145.28,1.0,chm-legacy,2009-2020,full
89283012a13ffff,9.962806766367358,0.0,2304.72,0.0,23133.24,0.21159500152459332,usfs-2022,2022,partial
89283012a17ffff,13.35296732607246,0.0,865.08,0.0,6478.56,0.059261023437150964,usfs-2022,2022,partial
89283012a1bffff,1.88178996378686,0.0,2056.0,0.0,178145.28,1.0,chm-legacy,2009-2020,full
89283012a23ffff,0.5088149966525329,0.0,41.04,0.0,8065.8,0.07378937905312827,usfs-2022,2022,partial
89283012a27ffff,0.7629280333154042,0.0,832.32,5189.0,109095.48,0.9981019311295887,usfs-2022,2022,full
89283012a2bffff,0.0,0.0,0.0,0.0,489.96,0.0044823144274891025,usfs-2022,2022,partial
89283012a2fffff,7.100274633264117,0.0,7250.4,0.0,102114.36,0.9342223261108041,usfs-2022,2022,partial
89283012a33ffff,0.1196404319989652,0.0,131.0,0.0,178133.76,1.0,chm-legacy,2009-2020,full
89283012a37ffff,0.0,0.0,0.0,1990.0,29171.88,0.2668797017774773,usfs-2022,2022,partial
89283012a3bffff,2.120781068149489,0.0,2317.0,1693.0,178168.32,1.0,chm-legacy,2009-2020,full
89283012a63ffff,4.720336243129648,0.0,5157.0,0.0,178156.8,1.0,chm-legacy,2009-2020,full
89283012a67ffff,10.048821494390378,0.0,10978.0,0.0,178151.04,1.0,chm-legacy,2009-2020,full
89283012a6fffff,2.624604046803284,0.0,2867.0,0.0,178202.88,1.0,chm-legacy,2009-2020,full
89283012a73ffff,7.72960915527107,0.0,8445.0,0.0,178174.08,1.0,chm-legacy,2009-2020,full
89283012a77ffff,12.980629305048025,0.0,14181.0,0.0,178116.48,1.0,chm-legacy,2009-2020,full
89283012a83ffff,3.0160311870888683,0.0,3225.24,0.0,106936.56,0.9780991250568294,usfs-2022,2022,partial
89283012a87ffff,8.949258865786412,3.3299697275479314,3821.04,4828.0,42696.72,0.3905466316196117,usfs-2022,2022,partial
89283012a8bffff,10.649942366512676,0.0,8448.48,0.0,79328.88,0.7255765905505279,usfs-2022,2022,partial
89283012a8fffff,0.0,0.0,0.0,0.0,40021.56,0.36607297842427794,usfs-2022,2022,partial
89283012a93ffff,0.0,0.0,0.0,0.0,55682.64,0.5092833568586465,usfs-2022,2022,partial
89283012a97ffff,6.918170652599829,2.9519918283963227,7563.6,3420.0,109329.48,0.999996935525183,usfs-2022,2022,full
89283012a9bffff,0.0,0.0,0.0,0.0,80008.2,0.7317613082992405,usfs-2022,2022,partial
89283012aa3ffff,12.286943303470355,0.0,13423.0,0.0,178093.44,1.0,chm-legacy,2009-2020,full
89283012aa7ffff,0.0,0.0,0.0,0.0,16742.88,0.15316833995387596,usfs-2022,2022,partial
89283012aabffff,9.979626814992075,0.0,10903.0,1152.0,178116.48,1.0,chm-legacy,2009-2020,full
89283012aafffff,0.6629584114869672,0.0,724.0,0.0,178110.72,1.0,chm-legacy,2009-2020,full
89283012ab3ffff,11.837190916278182,0.7976601967561818,1563.12,1343.0,13205.16,0.12079355870912531,usfs-2022,2022,partial
89283012ab7ffff,6.637997930677702,0.0,7252.0,0.0,178145.28,1.0,chm-legacy,2009-2020,full
89283012abbffff,10.06403208071923,0.0,10995.0,0.0,178110.72,1.0,chm-legacy,2009-2020,full
89283012ac7ffff,2.302195492611634,0.0,2516.0,0.0,178139.52,1.0,chm-legacy,2009-2020,full
89283012ad7ffff,3.7475345167652856,0.0,75.24,0.0,2007.72,0.018362565949547688,usfs-2022,2022,partial
89283012b03ffff,2.0594046144057865,0.8262161158559227,1771.2,7692.0,86005.44,0.786980557766853,usfs-2022,2022,partial
89283012b07ffff,0.0,0.0,0.0,0.0,178104.96,1.0,chm-legacy,2009-2020,full
89283012b0bffff,4.897355487330848,0.4166914697303411,5352.12,6022.0,109285.92,0.9999943987939474,usfs-2022,2022,full
89283012b0fffff,0.11137392416648749,0.0,72.72,0.0,65293.56,0.5974828568996947,usfs-2022,2022,partial
89283012b13ffff,13.31901535339827,9.096994941981555,14556.24,13199.0,109289.16,0.9999957487144837,usfs-2022,2022,full
89283012b17ffff,3.1882797423282874,5.353682170542635,422.28,2813.0,13244.76,0.12119561453001176,usfs-2022,2022,partial
89283012b1bffff,3.771950339775284,0.0,4122.36,0.0,109289.88,0.9999914484224333,usfs-2022,2022,full
89283012b23ffff,0.0,0.0,0.0,0.0,178087.68,1.0,chm-legacy,2009-2020,full
89283012b2bffff,0.0,0.0,0.0,0.0,178128.0,1.0,chm-legacy,2009-2020,full
89283012b2fffff,0.0,0.0,0.0,0.0,178139.52,1.0,chm-legacy,2009-2020,full
89283012b33ffff,0.0,0.0,0.0,0.0,178087.68,1.0,chm-legacy,2009-2020,full
89283012b3bffff,0.0,0.0,0.0,0.0,178156.8,1.0,chm-legacy,2009-2020,full
89283012b43ffff,4.861442786889026,0.0,5313.24,0.0,109293.48,1.0,usfs-2022,2022,full
89283012b47ffff,0.0,0.0,0.0,2883.0,109287.72,0.9999999957846311,usfs-2022,2022,full
89283012b4bffff,6.132881851689598,0.15234613040828762,6702.84,3539.0,109293.48,0.999991781265302,usfs-2022,2022,full
89283012b4fffff,9.547071612095658,0.6879571294083568,10433.88,4937.0,109288.8,0.9999990142394992,usfs-2022,2022,full
89283012b53ffff,0.0,0.0,0.0,3132.0,109297.08,0.9999963920487115,usfs-2022,2022,full
89283012b57ffff,0.0,0.0,0.0,4195.0,109291.32,0.9999937457024763,usfs-2022,2022,full
89283012b5bffff,6.300600119892229,0.0,6886.44,0.0,109298.16,0.9999954090753882,usfs-2022,2022,full
89283012b63ffff,0.0582717568125349,0.0,25.92,0.0,44481.24,0.4070467460751973,usfs-2022,2022,partial
89283012b67ffff,0.0,0.0,0.0,0.0,178139.52,1.0,chm-legacy,2009-2020,full
89283012b6bffff,0.0161655350792111,0.0,18.0,0.0,178156.8,1.0,chm-legacy,2009-2020,full
89283012b6fffff,0.0,0.0,0.0,0.0,178162.56,1.0,chm-legacy,2009-2020,full
89283012b73ffff,1.0241729860786264,0.21263400372109503,1119.24,4055.0,109282.32,1.0,usfs-2022,2022,full
89283012b77ffff,0.0,0.0,0.0,0.0,34477.2,0.3155034495868859,usfs-2022,2022,partial
89283012b7bffff,10.178005178836008,2.084356796968208,10584.36,5023.0,103992.48,0.9515850091072743,usfs-2022,2022,partial
89283012b83ffff,10.685722943951092,6.382630678860882,11678.76,22663.0,109293.12,1.0,usfs-2022,2022,full
89283012b87ffff,5.741231190871479,5.100421684128157,6274.44,31435.0,109287.36,1.0,usfs-2022,2022,full
89283012b8bffff,13.723965967594772,14.027039097072795,14999.4,15247.0,109293.48,0.9999961050430815,usfs-2022,2022,full
89283012b8fffff,10.808563914705317,4.066780153363215,11747.88,22114.0,108690.48,0.9945286654612623,usfs-2022,2022,full
89283012b93ffff,15.507979117603465,10.845084508450844,16949.88,16046.0,109297.8,1.0,usfs-2022,2022,full
89283012b97ffff,9.631898809229705,6.906781203363302,10526.76,18414.0,109290.6,0.999991569896213,usfs-2022,2022,full
89283012b9bffff,9.387948695990145,3.282662722795676,10260.72,22836.0,109296.72,0.9999865873228074,usfs-2022,2022,full
89283012ba3ffff,0.0,0.0,0.0,0.0,15231.96,0.1393879045718506,usfs-2022,2022,partial
89283012ba7ffff,0.0,0.0,0.0,0.0,178116.48,1.0,chm-legacy,2009-2020,full
89283012babffff,0.0,0.0,0.0,0.0,178133.76,1.0,chm-legacy,2009-2020,full
89283012bafffff,0.0,0.0,0.0,0.0,178087.68,1.0,chm-legacy,2009-2020,full
89283012bb3ffff,6.58664138040027,3.631151457238414,6601.68,8713.0,100228.32,0.9171549979611394,usfs-2022,2022,partial
89283012bb7ffff,0.0,0.0,0.0,0.0,4812.12,0.04403626624248148,usfs-2022,2022,partial
89283012bbbffff,5.417855799142908,9.47667491522317,2125.44,7111.0,39230.28,0.35897892676229165,usfs-2022,2022,partial
89283012bc3ffff,0.11396274142973836,0.0,124.56,0.0,109298.88,0.9999845622676499,usfs-2022,2022,full
89283012bc7ffff,3.7793646820116202,12.598944591029024,4130.64,477.0,109294.56,0.9999950931411288,usfs-2022,2022,full
89283012bcbffff,0.0,0.0,0.0,7721.0,109302.84,1.0,usfs-2022,2022,full
89283012bcfffff,0.0,0.0,0.0,0.0,109296.0,0.9999973846863389,usfs-2022,2022,full
89283012bd3ffff,5.073676167390144,0.0,5545.8,0.0,109305.36,1.0,usfs-2022,2022,full
89283012bd7ffff,6.636123197117364,0.0,7253.28,0.0,109299.96,1.0,usfs-2022,2022,full
89283012bdbffff,1.0306475531389026,0.0,750.6,1247.0,72828.0,0.6662760948006311,usfs-2022,2022,partial
89283012c03ffff,5.344825883259309,0.8334537746302452,5844.24,7410.0,109343.88,0.9999877719609062,usfs-2022,2022,full
89283012c07ffff,9.275648623732385,4.452641857437344,10141.92,15852.0,109339.2,0.9999949964697231,usfs-2022,2022,full
89283012c0bffff,7.393823664976624,10.005717552887363,8084.88,6800.0,109346.4,0.9999998626057774,usfs-2022,2022,full
89283012c0fffff,6.322824923862045,5.029370357784359,6913.44,7043.0,109341.0,1.0,usfs-2022,2022,full
89283012c13ffff,11.875069957926481,4.018828544784404,12985.56,7781.0,109351.44,1.0,usfs-2022,2022,full
89283012c17ffff,12.493703268374109,2.8160283373920745,13660.92,7902.0,109342.44,0.9999855677485441,usfs-2022,2022,full
89283012c1bffff,34.01809346975862,4.98727426978548,37199.52,5644.0,109352.16,1.0,usfs-2022,2022,full
89283012c23ffff,18.5641420776903,9.467276263608577,20296.08,12903.0,109329.48,0.9999952024913877,usfs-2022,2022,full
89283012c27ffff,9.189728526455827,0.5531025969709917,10046.52,15081.0,109323.36,0.9999892694961974,usfs-2022,2022,full
89283012c2bffff,25.773290923339324,16.764192842032337,28178.64,24222.0,109332.72,1.0,usfs-2022,2022,full
89283012c2fffff,31.764268120809792,20.33715868618916,34726.68,18118.0,109326.24,1.0,usfs-2022,2022,full
89283012c33ffff,6.284634304548104,1.36678243921941,6871.32,14211.0,109335.24,1.0,usfs-2022,2022,full
89283012c37ffff,4.710755775664498,1.948582939428389,5150.16,17698.0,109327.68,0.9999897076880732,usfs-2022,2022,full
89283012c3bffff,12.428014974860805,0.7526482066530384,13588.2,15381.0,109335.24,0.9999978479208521,usfs-2022,2022,full
89283012c43ffff,10.10343760493551,1.9039948453608246,11048.4,10962.0,109352.88,0.9999981672861218,usfs-2022,2022,full
89283012c47ffff,17.41692703274851,4.979407466454099,19044.72,12874.0,109346.04,0.999985624588385,usfs-2022,2022,full
89283012c4bffff,10.983635160537396,2.8457791862517814,12011.04,16444.0,109353.96,0.9999971120368398,usfs-2022,2022,full
89283012c4fffff,14.065231490474043,4.464580678654018,15380.28,14575.0,109349.64,1.0,usfs-2022,2022,full
89283012c53ffff,28.101050801927784,10.5204279022071,30730.32,13821.0,109356.48,0.9999920236260359,usfs-2022,2022,full
89283012c57ffff,19.22470412009679,22.95872386445566,21022.56,6155.0,109351.8,0.9999992322139848,usfs-2022,2022,full
89283012c5bffff,13.794556443648526,6.288509026395915,15085.44,14072.0,109357.92,0.9999942547819111,usfs-2022,2022,full
89283012c63ffff,13.090361921820673,5.041984659819055,14312.52,17872.0,109336.32,0.9999858256511318,usfs-2022,2022,full
89283012c67ffff,11.85010306155376,9.252390372568414,12956.04,23781.0,109332.72,1.0,usfs-2022,2022,full
89283012c6bffff,11.621926846855152,3.54981266211932,12707.28,7228.0,109338.84,0.999997937954688,usfs-2022,2022,full
89283012c6fffff,9.099799150505417,2.207478467894405,9949.32,20111.0,109335.6,1.0,usfs-2022,2022,full
89283012c73ffff,15.606983995285178,5.5927722594389255,17064.72,13242.0,109340.28,0.9999829635285175,usfs-2022,2022,full
89283012c77ffff,17.121530898830162,5.828671437947308,18720.36,10848.0,109338.12,1.0,usfs-2022,2022,full
89283012c7bffff,13.748724195831825,2.640994721964141,15033.24,17730.0,109342.8,0.9999950697962061,usfs-2022,2022,full
89283012c83ffff,12.332226088616888,17.01541489012791,13485.6,4554.0,109352.52,0.9999996552484318,usfs-2022,2022,full
89283012c87ffff,4.2503037107027986,1.3208941437280621,4647.6,3846.0,109347.48,1.0,usfs-2022,2022,full
89283012c8bffff,19.242354908693464,6.303724928366762,21042.0,2119.0,109352.52,0.9999886796500252,usfs-2022,2022,full
89283012c8fffff,27.03499952262903,4.7426996120073515,29562.48,6717.0,109348.92,1.0,usfs-2022,2022,full
89283012c93ffff,40.498144959788256,4.0,44287.2,2298.0,109356.12,0.9999935411157546,usfs-2022,2022,full
89283012c97ffff,23.000444437128607,8.8384759403798,25151.4,13497.0,109351.8,1.0,usfs-2022,2022,full
89283012c9bffff,59.51173906745849,0.0,65080.8,0.0,109357.92,0.9999990201048554,usfs-2022,2022,full
89283012ca3ffff,42.780238052121234,1.4604574262882335,46774.8,6437.0,109337.4,1.0,usfs-2022,2022,full
89283012ca7ffff,11.93205203768155,0.9421265141318977,13045.68,14043.0,109333.08,1.0,usfs-2022,2022,full
89283012cabffff,20.24265771104965,3.19157575593514,22133.16,12874.0,109339.2,1.0,usfs-2022,2022,full
89283012cafffff,44.20071056730139,0.6999447412046418,48325.68,7763.0,109332.36,0.9999934457444363,usfs-2022,2022,full
89283012cb3ffff,6.488743143491173,3.1962449709432272,7094.88,1559.0,109341.36,0.9999976502489811,usfs-2022,2022,full
89283012cb7ffff,21.839697345849533,0.0,23878.8,0.0,109336.68,1.0,usfs-2022,2022,full
89283012cbbffff,35.20553131945016,6.129233326407646,38494.08,8132.0,109341.0,0.9999833731148358,usfs-2022,2022,full
89283012cc3ffff,37.85605888530073,0.0,41399.28,0.0,109359.72,0.9999935472671789,usfs-2022,2022,full
89283012cc7ffff,16.235132225664255,0.0,17753.76,26.0,109353.96,0.9999908820427443,usfs-2022,2022,full
89283012ccbffff,44.64038238072822,0.0,48819.24,365.0,109361.16,0.9999957631349762,usfs-2022,2022,full
89283012ccfffff,48.96267472560755,2.9924393155590927,53542.8,4388.0,109354.32,0.9999832180309756,usfs-2022,2022,full
89283012cd3ffff,19.657264369253863,1.3801756587202008,21498.12,566.0,109364.76,1.0,usfs-2022,2022,full
89283012cd7ffff,42.031957758348256,0.0,45965.88,0.0,109359.36,1.0,usfs-2022,2022,full
89283012cdbffff,32.98770211197135,0.0,36077.04,0.0,109365.12,0.9999929261812063,usfs-2022,2022,full
89283012d03ffff,15.183102951977261,3.7566215731380455,16596.0,16417.0,109305.72,0.999989075106035,usfs-2022,2022,full
89283012d07ffff,19.582036460649178,9.371645405297452,21403.44,13069.0,109301.4,0.999999635341387,usfs-2022,2022,full
89283012d0bffff,19.21991351401198,15.644759105886545,21008.88,27280.0,109307.88,0.9999978483641373,usfs-2022,2022,full
89283012d0fffff,15.095514129503984,6.815983332093162,16499.88,22541.0,109303.2,1.0,usfs-2022,2022,full
89283012d13ffff,7.125778872627156,1.50287147132573,7789.32,21919.0,109311.84,1.0,usfs-2022,2022,full
89283012d17ffff,28.836323874265542,14.075193184069745,31519.44,12489.0,109304.64,0.999990191808712,usfs-2022,2022,full
89283012d1bffff,13.909005582176553,11.060507482108003,15204.24,26082.0,109312.2,0.9999982814180648,usfs-2022,2022,full
89283012d23ffff,10.977011683559022,7.340968441174965,11997.0,19544.0,109292.04,1.0,usfs-2022,2022,full
89283012d27ffff,1.6923924743643226,0.0,1182.96,0.0,69898.68,0.6395928283703747,usfs-2022,2022,partial
89283012d2bffff,22.28930743031812,22.760814431660243,24360.84,19406.0,109293.84,1.0,usfs-2022,2022,full
89283012d2fffff,15.409883933133806,21.18312030316655,10639.44,4418.0,69042.96,0.6317557997710355,usfs-2022,2022,partial
89283012d33ffff,8.65711462450593,5.911880409126672,9461.88,21525.0,109296.0,1.0,usfs-2022,2022,full
89283012d37ffff,13.021809521613529,7.627143230148829,14231.52,11462.0,109289.88,0.999994424141404,usfs-2022,2022,full
89283012d3bffff,12.586461311445172,6.3677611771523885,13756.68,23847.0,109297.44,1.0,usfs-2022,2022,full
89283012d43ffff,18.689034229748334,7.334997550334787,20430.0,14299.0,109315.44,1.0,usfs-2022,2022,full
89283012d47ffff,39.3795779101017,14.183633740237731,43044.84,13489.0,109307.52,0.999983577203282,usfs-2022,2022,full
89283012d4bffff,4.822248933822924,0.0,5271.48,5517.0,109315.8,0.9999982942989188,usfs-2022,2022,full
89283012d4fffff,13.903214970261029,7.317000029987705,15197.76,11127.0,109311.12,1.0,usfs-2022,2022,full
89283012d53ffff,18.371110459812886,2.9650374519348315,20083.32,15717.0,109320.12,1.0,usfs-2022,2022,full
89283012d57ffff,18.71496789066359,11.683955298707454,20458.08,17440.0,109314.0,1.0,usfs-2022,2022,full
89283012d5bffff,24.146504513226834,13.479613226046386,26396.64,18426.0,109318.68,0.9999855454188102,usfs-2022,2022,full
89283012d63ffff,8.487561304177413,24.703557312252965,9276.84,6721.0,109299.24,0.9999970037954143,usfs-2022,2022,full
89283012d67ffff,18.90406988234364,22.603073920468404,20661.12,15989.0,109294.56,1.0,usfs-2022,2022,full
89283012d6bffff,6.442741252844905,9.586145215058135,7041.96,24019.0,109300.68,0.9999992110591986,usfs-2022,2022,full
89283012d6fffff,4.430486065592669,13.635584994004454,4842.36,16335.0,109296.36,1.0,usfs-2022,2022,full
89283012d73ffff,26.89776694552401,6.7543697766997965,29400.12,12733.0,109303.2,0.9999941289105527,usfs-2022,2022,full
89283012d77ffff,25.382897571194246,13.268326396922939,27743.04,20781.0,109298.16,0.9999980998492529,usfs-2022,2022,full
89283012d7bffff,10.038699053108276,19.168953351626815,10972.8,22270.0,109305.0,0.99999962407117,usfs-2022,2022,full
89283012d83ffff,14.146879631154288,7.185655923740354,15464.52,14722.0,109314.0,0.9999976746485691,usfs-2022,2022,full
89283012d87ffff,30.361424355799127,14.843884397041116,33187.32,14256.0,109307.52,0.9999884748743345,usfs-2022,2022,full
89283012d8bffff,12.091682995504767,1.0539830407261437,13218.12,11930.0,109315.8,1.0,usfs-2022,2022,full
89283012d8fffff,15.365817511156488,3.194814746713248,16796.16,15162.0,109308.6,0.9999873429900461,usfs-2022,2022,full
89283012d93ffff,13.151135143679484,1.312510966836287,14376.6,10124.0,109318.32,0.9999981333487217,usfs-2022,2022,full
89283012d97ffff,20.085363122604104,13.828522002378635,21955.68,5738.0,109311.84,0.9999889323233434,usfs-2022,2022,full
89283012d9bffff,7.898783865220785,0.7346432996990617,8634.96,4037.0,109320.12,1.0,usfs-2022,2022,full
89283012da3ffff,22.886899468389956,17.063501002410288,25014.96,13254.0,109298.16,0.9999920056395459,usfs-2022,2022,full
89283012da7ffff,25.362077768079182,8.636821649632935,27719.28,15994.0,109294.2,1.0,usfs-2022,2022,full
89283012dabffff,25.481361447608506,20.033611783896003,27851.76,11648.0,109302.48,1.0,usfs-2022,2022,full
89283012dafffff,23.159649140143017,11.782734211254795,25312.32,16061.0,109294.92,1.0,usfs-2022,2022,full
89283012db3ffff,33.263509441046565,13.304265849634692,36358.2,13243.0,109303.56,1.0,usfs-2022,2022,full
89283012db7ffff,15.715537344699015,6.252955703851611,17176.68,19268.0,109297.44,0.9999964394817639,usfs-2022,2022,full
89283012dbbffff,17.195281005454113,7.51360043795121,18795.24,19462.0,109304.64,1.0,usfs-2022,2022,full
89283012dc3ffff,3.4553842810146507,0.5166165471508983,3777.48,18579.0,109321.56,0.9999947618640083,usfs-2022,2022,full
89283012dc7ffff,6.078219575970335,9.73508294132211,6644.52,6562.0,109316.88,1.0,usfs-2022,2022,full
89283012dcbffff,35.89650709809565,3.41475124527396,39242.88,5794.0,109322.28,0.9999903643507123,usfs-2022,2022,full
89283012dcfffff,3.518397159990911,2.7776744877849255,3846.24,9413.0,109317.96,1.0,usfs-2022,2022,full
89283012dd3ffff,4.8073471833931,0.4644157148236476,5255.64,14274.0,109325.16,0.9999886252619654,usfs-2022,2022,full
89283012dd7ffff,11.914539090002009,2.5563103324991063,13025.16,3925.0,109321.56,1.0,usfs-2022,2022,full
89283012ddbffff,36.47517501629973,0.10990218705352237,39877.2,3272.0,109326.96,0.9999941009377695,usfs-2022,2022,full
89283012e1bffff,15.762064950187604,0.0,17227.0,0.0,178076.16,1.0,chm-legacy,2009-2020,full
89283012e2fffff,0.0,0.0,0.0,0.0,7863.48,0.07192157353609983,usfs-2022,2022,partial
89283012e67ffff,0.0,0.0,0.0,0.0,11514.96,0.10531261165770944,usfs-2022,2022,partial
89283012e6fffff,1.927492642540668,0.0,2106.0,0.0,178104.96,1.0,chm-legacy,2009-2020,full
89283012e83ffff,3.095102623715555,4.141949152542373,2957.04,3258.0,95539.32,0.8736146789303867,usfs-2022,2022,partial
89283012e87ffff,8.19276543904039,2.047896150402865,8812.44,12604.0,107563.68,0.9836149928614397,usfs-2022,2022,partial
89283012e8bffff,1.7662472099116877,0.0,1930.0,0.0,178058.88,1.0,chm-legacy,2009-2020,full
89283012e8fffff,17.08220251141372,3.444530643910008,7772.04,2240.0,45497.88,0.4160503673388119,usfs-2022,2022,partial
89283012e93ffff,8.131167830832736,2.965868428296174,8892.72,15229.0,109365.84,1.0,usfs-2022,2022,full
89283012e97ffff,6.5660655618979895,4.6302604685289035,7180.56,13102.0,109358.64,0.9999899117579775,usfs-2022,2022,full
89283012e9bffff,0.8102140389615015,6.862421643022105,327.6,1016.0,40433.76,0.36970914919060793,usfs-2022,2022,partial
89283012ea3ffff,11.854656569682477,0.5595653231692482,3212.28,4414.0,27097.2,0.247812149363872,usfs-2022,2022,partial
89283012ea7ffff,6.367077896049525,2.9372623574144487,2573.28,3676.0,40415.4,0.36962963112605546,usfs-2022,2022,partial
89283012eb3ffff,8.795991466722853,3.8528976431743143,9618.48,15200.0,109350.72,1.0,usfs-2022,2022,full
89283012eb7ffff,10.745608964088808,3.3709744876620658,11710.44,8317.0,108978.84,0.9966555775866075,usfs-2022,2022,full
89283012ebbffff,6.657715188816221,2.3066390478531056,3730.68,10017.0,56035.44,0.5124355462636605,usfs-2022,2022,partial
89283012ec3ffff,12.371033992043728,0.0,13522.0,0.0,178093.44,1.0,chm-legacy,2009-2020,full
89283012ec7ffff,24.064309513796783,0.0,26302.0,0.0,178058.88,1.0,chm-legacy,2009-2020,full
89283012ecbffff,23.251827414451128,0.0,25415.0,0.0,178087.68,1.0,chm-legacy,2009-2020,full
89283012ecfffff,17.29624838292367,0.0,18905.0,852.0,178099.2,1.0,chm-legacy,2009-2020,full
89283012ed3ffff,73.77648390748828,0.0,80643.0,0.0,178070.4,1.0,chm-legacy,2009-2020,full
89283012ed7ffff,59.80978876200951,0.0,65373.0,0.0,178058.88,1.0,chm-legacy,2009-2020,full
89283012edbffff,15.192002846882987,0.0,16606.0,0.0,178047.36,1.0,chm-legacy,2009-2020,full
8928301601bffff,0.0,0.0,0.0,0.0,177943.68,1.0,chm-legacy,2009-2020,full
89283016043ffff,0.0,0.0,0.0,0.0,177932.16,1.0,chm-legacy,2009-2020,full
89283016047ffff,0.0,0.0,0.0,0.0,177891.84,1.0,chm-legacy,2009-2020,full
8928301604bffff,0.0,0.0,0.0,0.0,177914.88,1.0,chm-legacy,2009-2020,full
8928301604fffff,0.0,0.0,0.0,0.0,177897.6,1.0,chm-legacy,2009-2020,full
89283016053ffff,0.0,0.0,0.0,0.0,177903.36,1.0,chm-legacy,2009-2020,full
89283016057ffff,0.0,0.0,0.0,0.0,177943.68,1.0,chm-legacy,2009-2020,full
8928301605bffff,0.0,0.0,0.0,0.0,177943.68,1.0,chm-legacy,2009-2020,full
8928301608bffff,0.0,0.0,0.0,0.0,177851.52,1.0,chm-legacy,2009-2020,full
89283016093ffff,0.0,0.0,0.0,0.0,177840.0,1.0,chm-legacy,2009-2020,full
8928301609bffff,0.0,0.0,0.0,0.0,177851.52,1.0,chm-legacy,2009-2020,full
892830160c3ffff,0.0,0.0,0.0,0.0,177880.32,1.0,chm-legacy,2009-2020,full
892830160c7ffff,0.0,0.0,0.0,0.0,177874.56,1.0,chm-legacy,2009-2020,full
892830160cbffff,0.0,0.0,0.0,0.0,177886.08,1.0,chm-legacy,2009-2020,full
892830160cfffff,0.0,0.0,0.0,0.0,177891.84,1.0,chm-legacy,2009-2020,full
892830160d3ffff,0.0,0.0,0.0,0.0,177932.16,1.0,chm-legacy,2009-2020,full
892830160d7ffff,0.0,0.0,0.0,0.0,177863.04,1.0,chm-legacy,2009-2020,full
892830160dbffff,0.0,0.0,0.0,0.0,177909.12,1.0,chm-legacy,2009-2020,full
89283016203ffff,0.0,0.0,0.0,0.0,178001.28,1.0,chm-legacy,2009-2020,full
89283016207ffff,0.0,0.0,0.0,0.0,177955.2,1.0,chm-legacy,2009-2020,full
8928301620bffff,0.0,0.0,0.0,0.0,177966.72,1.0,chm-legacy,2009-2020,full
8928301620fffff,0.0,0.0,0.0,0.0,177960.96,1.0,chm-legacy,2009-2020,full
89283016213ffff,0.0,0.0,0.0,0.0,177960.96,1.0,chm-legacy,2009-2020,full
89283016217ffff,0.0,0.0,0.0,0.0,177960.96,1.0,chm-legacy,2009-2020,full
8928301621bffff,0.0,0.0,0.0,0.0,177984.0,1.0,chm-legacy,2009-2020,full
89283016243ffff,0.0,0.0,0.0,0.0,177989.76,1.0,chm-legacy,2009-2020,full
89283016247ffff,0.0,0.0,0.0,0.0,177972.48,1.0,chm-legacy,2009-2020,full
8928301624bffff,0.0,0.0,0.0,0.0,178007.04,1.0,chm-legacy,2009-2020,full
8928301624fffff,0.0,0.0,0.0,0.0,177989.76,1.0,chm-legacy,2009-2020,full
89283016253ffff,0.0,0.0,0.0,0.0,178007.04,1.0,chm-legacy,2009-2020,full
89283016257ffff,0.0,0.0,0.0,0.0,178035.84,1.0,chm-legacy,2009-2020,full
8928301625bffff,0.0,0.0,0.0,0.0,178012.8,1.0,chm-legacy,2009-2020,full
89283016263ffff,0.0,0.0,0.0,0.0,177995.52,1.0,chm-legacy,2009-2020,full
8928301626bffff,0.0,0.0,0.0,0.0,178035.84,1.0,chm-legacy,2009-2020,full
89283016273ffff,0.0,0.0,0.0,0.0,177972.48,1.0,chm-legacy,2009-2020,full
8928301627bffff,0.0,0.0,0.0,0.0,177989.76,1.0,chm-legacy,2009-2020,full
89283016283ffff,0.0,0.0,0.0,0.0,177960.96,1.0,chm-legacy,2009-2020,full
89283016287ffff,0.0,0.0,0.0,0.0,177926.4,1.0,chm-legacy,2009-2020,full
8928301628bffff,0.0,0.0,0.0,0.0,177943.68,1.0,chm-legacy,2009-2020,full
8928301628fffff,0.0,0.0,0.0,0.0,177937.92,1.0,chm-legacy,2009-2020,full
89283016293ffff,0.0,0.0,0.0,0.0,177926.4,1.0,chm-legacy,2009-2020,full
89283016297ffff,0.0,0.0,0.0,0.0,177989.76,1.0,chm-legacy,2009-2020,full
8928301629bffff,0.0,0.0,0.0,0.0,177960.96,1.0,chm-legacy,2009-2020,full
892830162abffff,0.0,0.0,0.0,0.0,178001.28,1.0,chm-legacy,2009-2020,full
892830162b3ffff,0.0,0.0,0.0,0.0,177914.88,1.0,chm-legacy,2009-2020,full
892830162bbffff,0.0,0.0,0.0,0.0,177926.4,1.0,chm-legacy,2009-2020,full
892830162c3ffff,0.0,0.0,0.0,0.0,177960.96,1.0,chm-legacy,2009-2020,full
892830162c7ffff,0.0,0.0,0.0,0.0,177955.2,1.0,chm-legacy,2009-2020,full
892830162cbffff,0.0,0.0,0.0,0.0,177955.2,1.0,chm-legacy,2009-2020,full
892830162cfffff,0.0,0.0,0.0,0.0,177966.72,1.0,chm-legacy,2009-2020,full
892830162d3ffff,0.0,0.0,0.0,0.0,177949.44,1.0,chm-legacy,2009-2020,full
892830162d7ffff,0.0,0.0,0.0,0.0,177984.0,1.0,chm-legacy,2009-2020,full
892830162dbffff,0.0,0.0,0.0,0.0,177972.48,1.0,chm-legacy,2009-2020,full
89283016403ffff,0.0,0.0,0.0,0.0,177880.32,1.0,chm-legacy,2009-2020,full
89283016407ffff,0.0,0.0,0.0,0.0,177799.68,1.0,chm-legacy,2009-2020,full
8928301640bffff,0.0,0.0,0.0,0.0,177897.6,1.0,chm-legacy,2009-2020,full
8928301640fffff,0.0,0.0,0.0,0.0,177799.68,1.0,chm-legacy,2009-2020,full
89283016413ffff,0.0,0.0,0.0,0.0,177805.44,1.0,chm-legacy,2009-2020,full
89283016417ffff,0.0,0.0,0.0,0.0,177868.8,1.0,chm-legacy,2009-2020,full
8928301641bffff,0.0,0.0,0.0,0.0,177816.96,1.0,chm-legacy,2009-2020,full
89283016423ffff,0.0,0.0,0.0,0.0,177909.12,1.0,chm-legacy,2009-2020,full
8928301642bffff,0.0,0.0,0.0,0.0,177914.88,1.0,chm-legacy,2009-2020,full
8928301642fffff,0.0,0.0,0.0,0.0,177811.2,1.0,chm-legacy,2009-2020,full
89283016433ffff,0.0,0.0,0.0,0.0,177811.2,1.0,chm-legacy,2009-2020,full
8928301643bffff,0.0,0.0,0.0,0.0,177811.2,1.0,chm-legacy,2009-2020,full
89283016443ffff,0.0,0.0,0.0,0.0,177840.0,1.0,chm-legacy,2009-2020,full
89283016447ffff,0.0,0.0,0.0,0.0,177914.88,1.0,chm-legacy,2009-2020,full
8928301644bffff,0.0,0.0,0.0,0.0,177851.52,1.0,chm-legacy,2009-2020,full
8928301644fffff,0.0,0.0,0.0,0.0,177926.4,1.0,chm-legacy,2009-2020,full
89283016453ffff,0.0,0.0,0.0,0.0,177828.48,1.0,chm-legacy,2009-2020,full
89283016457ffff,0.0,0.0,0.0,0.0,177828.48,1.0,chm-legacy,2009-2020,full
8928301645bffff,0.0,0.0,0.0,0.0,177851.52,1.0,chm-legacy,2009-2020,full
89283016463ffff,0.0,0.0,0.0,0.0,177822.72,1.0,chm-legacy,2009-2020,full
89283016467ffff,0.0,0.0,0.0,0.0,177914.88,1.0,chm-legacy,2009-2020,full
8928301646bffff,0.0,0.0,0.0,0.0,177851.52,1.0,chm-legacy,2009-2020,full
8928301646fffff,0.0,0.0,0.0,0.0,177914.88,1.0,chm-legacy,2009-2020,full
89283016473ffff,0.0,0.0,0.0,0.0,177822.72,1.0,chm-legacy,2009-2020,full
89283016477ffff,0.0,0.0,0.0,0.0,177828.48,1.0,chm-legacy,2009-2020,full
8928301647bffff,0.0,0.0,0.0,0.0,177834.24,1.0,chm-legacy,2009-2020,full
89283016483ffff,0.0,0.0,0.0,0.0,177765.12,1.0,chm-legacy,2009-2020,full
89283016487ffff,0.0,0.0,0.0,0.0,177782.4,1.0,chm-legacy,2009-2020,full
8928301648bffff,0.0,0.0,0.0,0.0,177805.44,1.0,chm-legacy,2009-2020,full
8928301648fffff,0.0,0.0,0.0,0.0,177776.64,1.0,chm-legacy,2009-2020,full
89283016493ffff,0.0,0.0,0.0,0.0,177840.0,1.0,chm-legacy,2009-2020,full
89283016497ffff,0.0,0.0,0.0,0.0,177770.88,1.0,chm-legacy,2009-2020,full
8928301649bffff,0.0,0.0,0.0,0.0,177868.8,1.0,chm-legacy,2009-2020,full
892830164a3ffff,0.0,0.0,0.0,0.0,177770.88,1.0,chm-legacy,2009-2020,full
892830164a7ffff,0.0,0.0,0.0,0.0,177851.52,1.0,chm-legacy,2009-2020,full
892830164abffff,0.0,0.0,0.0,0.0,177788.16,1.0,chm-legacy,2009-2020,full
892830164afffff,0.0,0.0,0.0,0.0,177811.2,1.0,chm-legacy,2009-2020,full
892830164b3ffff,0.0,0.0,0.0,0.0,177851.52,1.0,chm-legacy,2009-2020,full
892830164b7ffff,0.0,0.0,0.0,0.0,177759.36,1.0,chm-legacy,2009-2020,full
892830164bbffff,0.0,0.0,0.0,0.0,177863.04,1.0,chm-legacy,2009-2020,full
892830164c3ffff,0.0,0.0,0.0,0.0,177880.32,1.0,chm-legacy,2009-2020,full
892830164c7ffff,0.0,0.0,0.0,0.0,177811.2,1.0,chm-legacy,2009-2020,full
892830164cbffff,0.0,0.0,0.0,0.0,177886.08,1.0,chm-legacy,2009-2020,full
892830164cfffff,0.0,0.0,0.0,0.0,177828.48,1.0,chm-legacy,2009-2020,full
892830164d3ffff,0.0,0.0,0.0,0.0,177793.92,1.0,chm-legacy,2009-2020,full
892830164d7ffff,0.0,0.0,0.0,0.0,177880.32,1.0,chm-legacy,2009-2020,full
892830164dbffff,0.0,0.0,0.0,0.0,177793.92,1.0,chm-legacy,2009-2020,full
89283016603ffff,0.0,0.0,0.0,0.0,177903.36,1.0,chm-legacy,2009-2020,full
89283016607ffff,0.0,0.0,0.0,0.0,177903.36,1.0,chm-legacy,2009-2020,full
8928301660bffff,0.0,0.0,0.0,0.0,177909.12,1.0,chm-legacy,2009-2020,full
8928301660fffff,0.0,0.0,0.0,0.0,177909.12,1.0,chm-legacy,2009-2020,full
89283016613ffff,0.0,0.0,0.0,0.0,177949.44,1.0,chm-legacy,2009-2020,full
89283016617ffff,0.0,0.0,0.0,0.0,177886.08,1.0,chm-legacy,2009-2020,full
8928301661bffff,0.0,0.0,0.0,0.0,177909.12,1.0,chm-legacy,2009-2020,full
89283016623ffff,0.0,0.0,0.0,0.0,177903.36,1.0,chm-legacy,2009-2020,full
89283016627ffff,0.0,0.0,0.0,0.0,177903.36,1.0,chm-legacy,2009-2020,full
8928301662bffff,0.0,0.0,0.0,0.0,177914.88,1.0,chm-legacy,2009-2020,full
8928301662fffff,0.0,0.0,0.0,0.0,177903.36,1.0,chm-legacy,2009-2020,full
89283016633ffff,0.0,0.0,0.0,0.0,177937.92,1.0,chm-legacy,2009-2020,full
89283016637ffff,0.0,0.0,0.0,0.0,177903.36,1.0,chm-legacy,2009-2020,full
8928301663bffff,0.0,0.0,0.0,0.0,177955.2,1.0,chm-legacy,2009-2020,full
89283016643ffff,0.0,0.0,0.0,0.0,177926.4,1.0,chm-legacy,2009-2020,full
89283016647ffff,0.0,0.0,0.0,0.0,177920.64,1.0,chm-legacy,2009-2020,full
8928301664bffff,0.0,0.0,0.0,0.0,177914.88,1.0,chm-legacy,2009-2020,full
8928301664fffff,0.0,0.0,0.0,0.0,177984.0,1.0,chm-legacy,2009-2020,full
89283016653ffff,0.0,0.0,0.0,0.0,177920.64,1.0,chm-legacy,2009-2020,full
89283016657ffff,0.0,0.0,0.0,0.0,177920.64,1.0,chm-legacy,2009-2020,full
8928301665bffff,0.0,0.0,0.0,0.0,177937.92,1.0,chm-legacy,2009-2020,full
89283016663ffff,0.0,0.0,0.0,0.0,177920.64,1.0,chm-legacy,2009-2020,full
89283016667ffff,0.0,0.0,0.0,0.0,177932.16,1.0,chm-legacy,2009-2020,full
8928301666bffff,0.0,0.0,0.0,0.0,177960.96,1.0,chm-legacy,2009-2020,full
8928301666fffff,0.0,0.0,0.0,0.0,177926.4,1.0,chm-legacy,2009-2020,full
89283016673ffff,0.0,0.0,0.0,0.0,177966.72,1.0,chm-legacy,2009-2020,full
89283016677ffff,0.0,0.0,0.0,0.0,177909.12,1.0,chm-legacy,2009-2020,full
8928301667bffff,0.0,0.0,0.0,0.0,177943.68,1.0,chm-legacy,2009-2020,full
89283016683ffff,0.0,0.0,0.0,0.0,177857.28,1.0,chm-legacy,2009-2020,full
89283016687ffff,0.0,0.0,0.0,0.0,177880.32,1.0,chm-legacy,2009-2020,full
8928301668bffff,0.0,0.0,0.0,0.0,177880.32,1.0,chm-legacy,2009-2020,full
8928301668fffff,0.0,0.0,0.0,0.0,177937.92,1.0,chm-legacy,2009-2020,full
89283016693ffff,0.0,0.0,0.0,0.0,177880.32,1.0,chm-legacy,2009-2020,full
89283016697ffff,0.0,0.0,0.0,0.0,177857.28,1.0,chm-legacy,2009-2020,full
8928301669bffff,0.0,0.0,0.0,0.0,177874.56,1.0,chm-legacy,2009-2020,full
892830166a3ffff,0.0,0.0,0.0,0.0,177874.56,1.0,chm-legacy,2009-2020,full
892830166a7ffff,0.0,0.0,0.0,0.0,177863.04,1.0,chm-legacy,2009-2020,full
892830166abffff,0.0,0.0,0.0,0.0,177880.32,1.0,chm-legacy,2009-2020,full
892830166afffff,0.0,0.0,0.0,0.0,177891.84,1.0,chm-legacy,2009-2020,full
892830166b3ffff,0.0,0.0,0.0,0.0,177903.36,1.0,chm-legacy,2009-2020,full
892830166b7ffff,0.0,0.0,0.0,0.0,177857.28,1.0,chm-legacy,2009-2020,full
892830166bbffff,0.0,0.0,0.0,0.0,177891.84,1.0,chm-legacy,2009-2020,full
892830166c3ffff,0.0,0.0,0.0,0.0,177891.84,1.0,chm-legacy,2009-2020,full
892830166c7ffff,0.0,0.0,0.0,0.0,177886.08,1.0,chm-legacy,2009-2020,full
892830166cbffff,0.0,0.0,0.0,0.0,177914.88,1.0,chm-legacy,2009-2020,full
892830166cfffff,0.0,0.0,0.0,0.0,177949.44,1.0,chm-legacy,2009-2020,full
892830166d3ffff,0.0,0.0,0.0,0.0,177914.88,1.0,chm-legacy,2009-2020,full
892830166d7ffff,0.0,0.0,0.0,0.0,177880.32,1.0,chm-legacy,2009-2020,full
892830166dbffff,0.0,0.0,0.0,0.0,177909.12,1.0,chm-legacy,2009-2020,full
89283017003ffff,0.0,0.0,0.0,0.0,178104.96,1.0,chm-legacy,2009-2020,full
89283017007ffff,0.0,0.0,0.0,0.0,178087.68,1.0,chm-legacy,2009-2020,full
8928301700bffff,0.0,0.0,0.0,0.0,178099.2,1.0,chm-legacy,2009-2020,full
8928301700fffff,0.0,0.0,0.0,0.0,178076.16,1.0,chm-legacy,2009-2020,full
89283017013ffff,0.0,0.0,0.0,0.0,178058.88,1.0,chm-legacy,2009-2020,full
89283017017ffff,0.0,0.0,0.0,0.0,178070.4,1.0,chm-legacy,2009-2020,full
8928301701bffff,0.0,0.0,0.0,0.0,178070.4,1.0,chm-legacy,2009-2020,full
89283017023ffff,0.0,0.0,0.0,0.0,178110.72,1.0,chm-legacy,2009-2020,full
89283017027ffff,0.0,0.0,0.0,0.0,178093.44,1.0,chm-legacy,2009-2020,full
8928301702bffff,0.0,0.0,0.0,0.0,178093.44,1.0,chm-legacy,2009-2020,full
89283017033ffff,0.0,0.0,0.0,0.0,178053.12,1.0,chm-legacy,2009-2020,full
89283017037ffff,0.0,0.0,0.0,0.0,178076.16,1.0,chm-legacy,2009-2020,full
8928301703bffff,0.0,0.0,0.0,0.0,178064.64,1.0,chm-legacy,2009-2020,full
89283017043ffff,0.0,0.0,0.0,0.0,178087.68,1.0,chm-legacy,2009-2020,full
89283017047ffff,0.0,0.0,0.0,0.0,178099.2,1.0,chm-legacy,2009-2020,full
8928301704bffff,0.0,0.0,0.0,0.0,178139.52,1.0,chm-legacy,2009-2020,full
8928301704fffff,0.0,0.0,0.0,0.0,178122.24,1.0,chm-legacy,2009-2020,full
89283017053ffff,0.0,0.0,0.0,0.0,178116.48,1.0,chm-legacy,2009-2020,full
89283017057ffff,0.0,0.0,0.0,0.0,178099.2,1.0,chm-legacy,2009-2020,full
8928301705bffff,0.0,0.0,0.0,0.0,178104.96,1.0,chm-legacy,2009-2020,full
89283017073ffff,0.0,0.0,0.0,0.0,178128.0,1.0,chm-legacy,2009-2020,full
89283017077ffff,0.0,0.0,0.0,0.0,178116.48,1.0,chm-legacy,2009-2020,full
89283017083ffff,0.0,0.0,0.0,0.0,178047.36,1.0,chm-legacy,2009-2020,full
89283017087ffff,0.0,0.0,0.0,0.0,178064.64,1.0,chm-legacy,2009-2020,full
8928301708bffff,0.0,0.0,0.0,0.0,178076.16,1.0,chm-legacy,2009-2020,full
8928301708fffff,0.0,0.0,0.0,0.0,178064.64,1.0,chm-legacy,2009-2020,full
89283017093ffff,0.0,0.0,0.0,0.0,178064.64,1.0,chm-legacy,2009-2020,full
89283017097ffff,0.0,0.0,0.0,0.0,178018.56,1.0,chm-legacy,2009-2020,full
8928301709bffff,0.0,0.0,0.0,0.0,178047.36,1.0,chm-legacy,2009-2020,full
892830170a3ffff,0.0,0.0,0.0,0.0,178041.6,1.0,chm-legacy,2009-2020,full
892830170a7ffff,0.0,0.0,0.0,0.0,178053.12,1.0,chm-legacy,2009-2020,full
892830170abffff,0.0,0.0,0.0,0.0,178070.4,1.0,chm-legacy,2009-2020,full
892830170afffff,0.0,0.0,0.0,0.0,178081.92,1.0,chm-legacy,2009-2020,full
892830170b3ffff,0.0,0.0,0.0,0.0,178070.4,1.0,chm-legacy,2009-2020,full
892830170b7ffff,0.0,0.0,0.0,0.0,178035.84,1.0,chm-legacy,2009-2020,full
892830170bbffff,0.0,0.0,0.0,0.0,178053.12,1.0,chm-legacy,2009-2020,full
892830170c3ffff,0.0,0.0,0.0,0.0,178110.72,1.0,chm-legacy,2009-2020,full
892830170c7ffff,0.0,0.0,0.0,0.0,178070.4,1.0,chm-legacy,2009-2020,full
892830170cbffff,0.0,0.0,0.0,0.0,178076.16,1.0,chm-legacy,2009-2020,full
892830170cfffff,0.0,0.0,0.0,0.0,178081.92,1.0,chm-legacy,2009-2020,full
892830170d3ffff,0.0,0.0,0.0,0.0,178053.12,1.0,chm-legacy,2009-2020,full
892830170d7ffff,0.0,0.0,0.0,0.0,178058.88,1.0,chm-legacy,2009-2020,full
892830170dbffff,0.0,0.0,0.0,0.0,178081.92,1.0,chm-legacy,2009-2020,full
89283017103ffff,0.0,0.0,0.0,0.0,178053.12,1.0,chm-legacy,2009-2020,full
89283017107ffff,0.0,0.0,0.0,0.0,178070.4,1.0,chm-legacy,2009-2020,full
8928301710bffff,0.0,0.0,0.0,0.0,178076.16,1.0,chm-legacy,2009-2020,full
89283017113ffff,0.0,0.0,0.0,0.0,178058.88,1.0,chm-legacy,2009-2020,full
89283017117ffff,0.0,0.0,0.0,0.0,178047.36,1.0,chm-legacy,2009-2020,full
8928301711bffff,0.0,0.0,0.0,0.0,178081.92,1.0,chm-legacy,2009-2020,full
89283017153ffff,0.0,0.0,0.0,0.0,178093.44,1.0,chm-legacy,2009-2020,full
89283017157ffff,0.0,0.0,0.0,0.0,178099.2,1.0,chm-legacy,2009-2020,full
89283017183ffff,0.0,0.0,0.0,0.0,178024.32,1.0,chm-legacy,2009-2020,full
89283017187ffff,0.0,0.0,0.0,0.0,178024.32,1.0,chm-legacy,2009-2020,full
8928301718bffff,0.0,0.0,0.0,0.0,178053.12,1.0,chm-legacy,2009-2020,full
8928301718fffff,0.0,0.0,0.0,0.0,178081.92,1.0,chm-legacy,2009-2020,full
89283017193ffff,0.0,0.0,0.0,0.0,178012.8,1.0,chm-legacy,2009-2020,full
89283017197ffff,0.0,0.0,0.0,0.0,178012.8,1.0,chm-legacy,2009-2020,full
8928301719bffff,0.0,0.0,0.0,0.0,178030.08,1.0,chm-legacy,2009-2020,full
892830171a3ffff,0.0,0.0,0.0,0.0,178007.04,1.0,chm-legacy,2009-2020,full
892830171a7ffff,0.0,0.0,0.0,0.0,178012.8,1.0,chm-legacy,2009-2020,full
892830171abffff,0.0,0.0,0.0,0.0,178024.32,1.0,chm-legacy,2009-2020,full
892830171afffff,0.0,0.0,0.0,0.0,178018.56,1.0,chm-legacy,2009-2020,full
892830171b3ffff,0.0,0.0,0.0,0.0,178018.56,1.0,chm-legacy,2009-2020,full
892830171b7ffff,0.0,0.0,0.0,0.0,178030.08,1.0,chm-legacy,2009-2020,full
892830171bbffff,0.0,0.0,0.0,0.0,178041.6,1.0,chm-legacy,2009-2020,full
892830171c3ffff,0.0,0.0,0.0,0.0,178047.36,1.0,chm-legacy,2009-2020,full
892830171c7ffff,0.0,0.0,0.0,0.0,178041.6,1.0,chm-legacy,2009-2020,full
892830171cbffff,0.0,0.0,0.0,0.0,178070.4,1.0,chm-legacy,2009-2020,full
892830171cfffff,0.0,0.0,0.0,0.0,178058.88,1.0,chm-legacy,2009-2020,full
892830171d3ffff,0.0,0.0,0.0,0.0,178064.64,1.0,chm-legacy,2009-2020,full
892830171d7ffff,0.0,0.0,0.0,0.0,178064.64,1.0,chm-legacy,2009-2020,full
892830171dbffff,0.0,0.0,0.0,0.0,178070.4,1.0,chm-legacy,2009-2020,full
89283017293ffff,0.0,0.0,0.0,0.0,178099.2,1.0,chm-legacy,2009-2020,full
89283017297ffff,0.0,0.0,0.0,0.0,178133.76,1.0,chm-legacy,2009-2020,full
89283017403ffff,0.0,0.0,0.0,0.0,178018.56,1.0,chm-legacy,2009-2020,full
89283017407ffff,0.0,0.0,0.0,0.0,178007.04,1.0,chm-legacy,2009-2020,full
8928301740bffff,0.0,0.0,0.0,0.0,178024.32,1.0,chm-legacy,2009-2020,full
8928301740fffff,0.0,0.0,0.0,0.0,178030.08,1.0,chm-legacy,2009-2020,full
89283017413ffff,0.0,0.0,0.0,0.0,178018.56,1.0,chm-legacy,2009-2020,full
89283017417ffff,0.0,0.0,0.0,0.0,178024.32,1.0,chm-legacy,2009-2020,full
8928301741bffff,0.0,0.0,0.0,0.0,178058.88,1.0,chm-legacy,2009-2020,full
89283017423ffff,0.0,0.0,0.0,0.0,178035.84,1.0,chm-legacy,2009-2020,full
89283017427ffff,0.0,0.0,0.0,0.0,178018.56,1.0,chm-legacy,2009-2020,full
8928301742bffff,0.0,0.0,0.0,0.0,178035.84,1.0,chm-legacy,2009-2020,full
8928301742fffff,0.0,0.0,0.0,0.0,178035.84,1.0,chm-legacy,2009-2020,full
89283017433ffff,0.0,0.0,0.0,0.0,178018.56,1.0,chm-legacy,2009-2020,full
89283017437ffff,0.0,0.0,0.0,0.0,178024.32,1.0,chm-legacy,2009-2020,full
8928301743bffff,0.0,0.0,0.0,0.0,178047.36,1.0,chm-legacy,2009-2020,full
89283017443ffff,0.0,0.0,0.0,0.0,178030.08,1.0,chm-legacy,2009-2020,full
89283017447ffff,0.0,0.0,0.0,0.0,178058.88,1.0,chm-legacy,2009-2020,full
8928301744bffff,0.0,0.0,0.0,0.0,178035.84,1.0,chm-legacy,2009-2020,full
8928301744fffff,0.0,0.0,0.0,0.0,178087.68,1.0,chm-legacy,2009-2020,full
89283017453ffff,0.0,0.0,0.0,0.0,178047.36,1.0,chm-legacy,2009-2020,full
89283017457ffff,0.0,0.0,0.0,0.0,178041.6,1.0,chm-legacy,2009-2020,full
8928301745bffff,0.0,0.0,0.0,0.0,178058.88,1.0,chm-legacy,2009-2020,full
89283017463ffff,0.0,0.0,0.0,0.0,178041.6,1.0,chm-legacy,2009-2020,full
89283017467ffff,0.0,0.0,0.0,0.0,178053.12,1.0,chm-legacy,2009-2020,full
8928301746bffff,0.0,0.0,0.0,0.0,178064.64,1.0,chm-legacy,2009-2020,full
8928301746fffff,0.0,0.0,0.0,0.0,178076.16,1.0,chm-legacy,2009-2020,full
89283017473ffff,0.0,0.0,0.0,0.0,178053.12,1.0,chm-legacy,2009-2020,full
89283017477ffff,0.0,0.0,0.0,0.0,178030.08,1.0,chm-legacy,2009-2020,full
8928301747bffff,0.0,0.0,0.0,0.0,178047.36,1.0,chm-legacy,2009-2020,full
89283017483ffff,0.0,0.0,0.0,0.0,178012.8,1.0,chm-legacy,2009-2020,full
89283017487ffff,0.0,0.0,0.0,0.0,177984.0,1.0,chm-legacy,2009-2020,full
8928301748bffff,0.0,0.0,0.0,0.0,177995.52,1.0,chm-legacy,2009-2020,full
8928301748fffff,0.0,0.0,0.0,0.0,177995.52,1.0,chm-legacy,2009-2020,full
89283017493ffff,0.0,0.0,0.0,0.0,177984.0,1.0,chm-legacy,2009-2020,full
89283017497ffff,0.0,0.0,0.0,0.0,178007.04,1.0,chm-legacy,2009-2020,full
8928301749bffff,0.0,0.0,0.0,0.0,177995.52,1.0,chm-legacy,2009-2020,full
892830174a3ffff,0.0,0.0,0.0,0.0,177995.52,1.0,chm-legacy,2009-2020,full
892830174a7ffff,0.0,0.0,0.0,0.0,178001.28,1.0,chm-legacy,2009-2020,full
892830174abffff,0.0,0.0,0.0,0.0,178001.28,1.0,chm-legacy,2009-2020,full
892830174afffff,0.0,0.0,0.0,0.0,178012.8,1.0,chm-legacy,2009-2020,full
892830174b3ffff,0.0,0.0,0.0,0.0,177972.48,1.0,chm-legacy,2009-2020,full
892830174b7ffff,0.0,0.0,0.0,0.0,178012.8,1.0,chm-legacy,2009-2020,full
892830174bbffff,0.0,0.0,0.0,0.0,178012.8,1.0,chm-legacy,2009-2020,full
892830174c3ffff,0.0,0.0,0.0,0.0,178030.08,1.0,chm-legacy,2009-2020,full
892830174c7ffff,0.0,0.0,0.0,0.0,178007.04,1.0,chm-legacy,2009-2020,full
892830174cbffff,0.0,0.0,0.0,0.0,178030.08,1.0,chm-legacy,2009-2020,full
892830174cfffff,0.0,0.0,0.0,0.0,178012.8,1.0,chm-legacy,2009-2020,full
892830174d3ffff,0.0,0.0,0.0,0.0,178012.8,1.0,chm-legacy,2009-2020,full
892830174d7ffff,0.0,0.0,0.0,0.0,178018.56,1.0,chm-legacy,2009-2020,full
892830174dbffff,0.0,0.0,0.0,0.0,178030.08,1.0,chm-legacy,2009-2020,full
89283017503ffff,0.0,0.0,0.0,0.0,178018.56,1.0,chm-legacy,2009-2020,full
89283017507ffff,0.0,0.0,0.0,0.0,178018.56,1.0,chm-legacy,2009-2020,full
8928301750bffff,0.0,0.0,0.0,0.0,178001.28,1.0,chm-legacy,2009-2020,full
8928301750fffff,0.0,0.0,0.0,0.0,178007.04,1.0,chm-legacy,2009-2020,full
89283017513ffff,0.0,0.0,0.0,0.0,177978.24,1.0,chm-legacy,2009-2020,full
89283017517ffff,0.0,0.0,0.0,0.0,177984.0,1.0,chm-legacy,2009-2020,full
8928301751bffff,0.0,0.0,0.0,0.0,178007.04,1.0,chm-legacy,2009-2020,full
89283017523ffff,0.0,0.0,0.0,0.0,178001.28,1.0,chm-legacy,2009-2020,full
89283017527ffff,0.0,0.0,0.0,0.0,177966.72,1.0,chm-legacy,2009-2020,full
8928301752bffff,0.0,0.0,0.0,0.0,178024.32,1.0,chm-legacy,2009-2020,full
8928301752fffff,0.0,0.0,0.0,0.0,178024.32,1.0,chm-legacy,2009-2020,full
89283017533ffff,0.0,0.0,0.0,0.0,178001.28,1.0,chm-legacy,2009-2020,full
89283017537ffff,0.0,0.0,0.0,0.0,177966.72,1.0,chm-legacy,2009-2020,full
8928301753bffff,0.0,0.0,0.0,0.0,178012.8,1.0,chm-legacy,2009-2020,full
89283017543ffff,0.0,0.0,0.0,0.0,178030.08,1.0,chm-legacy,2009-2020,full
89283017547ffff,0.0,0.0,0.0,0.0,178007.04,1.0,chm-legacy,2009-2020,full
8928301754bffff,0.0,0.0,0.0,0.0,178041.6,1.0,chm-legacy,2009-2020,full
8928301754fffff,0.0,0.0,0.0,0.0,178035.84,1.0,chm-legacy,2009-2020,full
89283017553ffff,0.0,0.0,0.0,0.0,178030.08,1.0,chm-legacy,2009-2020,full
89283017557ffff,0.0,0.0,0.0,0.0,178047.36,1.0,chm-legacy,2009-2020,full
8928301755bffff,0.0,0.0,0.0,0.0,178053.12,1.0,chm-legacy,2009-2020,full
89283017563ffff,0.0,0.0,0.0,0.0,178047.36,1.0,chm-legacy,2009-2020,full
89283017567ffff,0.0,0.0,0.0,0.0,178035.84,1.0,chm-legacy,2009-2020,full
8928301756bffff,0.0,0.0,0.0,0.0,178035.84,1.0,chm-legacy,2009-2020,full
8928301756fffff,0.0,0.0,0.0,0.0,178035.84,1.0,chm-legacy,2009-2020,full
89283017573ffff,0.0,0.0,0.0,0.0,178012.8,1.0,chm-legacy,2009-2020,full
89283017577ffff,0.0,0.0,0.0,0.0,178024.32,1.0,chm-legacy,2009-2020,full
8928301757bffff,0.0,0.0,0.0,0.0,178047.36,1.0,chm-legacy,2009-2020,full
89283017583ffff,0.0,0.0,0.0,0.0,177984.0,1.0,chm-legacy,2009-2020,full
89283017587ffff,0.0,0.0,0.0,0.0,178001.28,1.0,chm-legacy,2009-2020,full
8928301758bffff,0.0,0.0,0.0,0.0,177995.52,1.0,chm-legacy,2009-2020,full
8928301758fffff,0.0,0.0,0.0,0.0,177978.24,1.0,chm-legacy,2009-2020,full
89283017593ffff,0.0,0.0,0.0,0.0,177978.24,1.0,chm-legacy,2009-2020,full
89283017597ffff,0.0,0.0,0.0,0.0,177960.96,1.0,chm-legacy,2009-2020,full
8928301759bffff,0.0,0.0,0.0,0.0,177995.52,1.0,chm-legacy,2009-2020,full
892830175a3ffff,0.0,0.0,0.0,0.0,177949.44,1.0,chm-legacy,2009-2020,full
892830175a7ffff,0.0,0.0,0.0,0.0,177978.24,1.0,chm-legacy,2009-2020,full
892830175abffff,0.0,0.0,0.0,0.0,178018.56,1.0,chm-legacy,2009-2020,full
892830175afffff,0.0,0.0,0.0,0.0,177989.76,1.0,chm-legacy,2009-2020,full
892830175b3ffff,0.0,0.0,0.0,0.0,177960.96,1.0,chm-legacy,2009-2020,full
892830175b7ffff,0.0,0.0,0.0,0.0,177937.92,1.0,chm-legacy,2009-2020,full
892830175bbffff,0.0,0.0,0.0,0.0,177955.2,1.0,chm-legacy,2009-2020,full
892830175c3ffff,0.0,0.0,0.0,0.0,178001.28,1.0,chm-legacy,2009-2020,full
892830175c7ffff,0.0,0.0,0.0,0.0,177995.52,1.0,chm-legacy,2009-2020,full
892830175cbffff,0.0,0.0,0.0,0.0,178001.28,1.0,chm-legacy,2009-2020,full
892830175cfffff,0.0,0.0,0.0,0.0,178007.04,1.0,chm-legacy,2009-2020,full
892830175d3ffff,0.0,0.0,0.0,0.0,177984.0,1.0,chm-legacy,2009-2020,full
892830175d7ffff,0.0,0.0,0.0,0.0,178035.84,1.0,chm-legacy,2009-2020,full
892830175dbffff,0.0,0.0,0.0,0.0,178001.28,1.0,chm-legacy,2009-2020,full
89283017603ffff,0.0,0.0,0.0,0.0,178081.92,1.0,chm-legacy,2009-2020,full
89283017607ffff,0.0,0.0,0.0,0.0,178076.16,1.0,chm-legacy,2009-2020,full
8928301760bffff,0.0,0.0,0.0,0.0,178104.96,1.0,chm-legacy,2009-2020,full
8928301760fffff,0.0,0.0,0.0,0.0,178128.0,1.0,chm-legacy,2009-2020,full
89283017613ffff,0.0,0.0,0.0,0.0,178076.16,1.0,chm-legacy,2009-2020,full
89283017617ffff,0.0,0.0,0.0,0.0,178116.48,1.0,chm-legacy,2009-2020,full
8928301761bffff,0.0,0.0,0.0,0.0,178133.76,1.0,chm-legacy,2009-2020,full
89283017623ffff,0.0,0.0,0.0,0.0,178081.92,1.0,chm-legacy,2009-2020,full
89283017627ffff,0.0,0.0,0.0,0.0,178104.96,1.0,chm-legacy,2009-2020,full
8928301762bffff,0.0,0.0,0.0,0.0,178133.76,1.0,chm-legacy,2009-2020,full
8928301762fffff,0.0,0.0,0.0,0.0,178116.48,1.0,chm-legacy,2009-2020,full
89283017633ffff,0.0,0.0,0.0,0.0,178110.72,1.0,chm-legacy,2009-2020,full
89283017637ffff,0.0,0.0,0.0,0.0,178093.44,1.0,chm-legacy,2009-2020,full
8928301763bffff,0.0,0.0,0.0,0.0,178110.72,1.0,chm-legacy,2009-2020,full
89283017643ffff,0.0,0.0,0.0,0.0,178133.76,1.0,chm-legacy,2009-2020,full
89283017647ffff,0.0,0.0,0.0,0.0,178151.04,1.0,chm-legacy,2009-2020,full
8928301764fffff,0.0,0.0,0.0,0.0,178116.48,1.0,chm-legacy,2009-2020,full
89283017653ffff,0.0,0.0,0.0,0.0,178128.0,1.0,chm-legacy,2009-2020,full
89283017657ffff,0.0,0.0,0.0,0.0,178093.44,1.0,chm-legacy,2009-2020,full
89283017663ffff,0.0,0.0,0.0,0.0,178151.04,1.0,chm-legacy,2009-2020,full
89283017667ffff,0.0,0.0,0.0,0.0,178104.96,1.0,chm-legacy,2009-2020,full
8928301766bffff,0.0,0.0,0.0,0.0,178116.48,1.0,chm-legacy,2009-2020,full
8928301766fffff,0.0,0.0,0.0,0.0,178156.8,1.0,chm-legacy,2009-2020,full
89283017673ffff,0.0,0.0,0.0,0.0,178093.44,1.0,chm-legacy,2009-2020,full
89283017677ffff,0.0,0.0,0.0,0.0,178116.48,1.0,chm-legacy,2009-2020,full
8928301767bffff,0.0,0.0,0.0,0.0,178133.76,1.0,chm-legacy,2009-2020,full
89283017683ffff,0.0,0.0,0.0,0.0,178064.64,1.0,chm-legacy,2009-2020,full
89283017687ffff,0.0,0.0,0.0,0.0,178099.2,1.0,chm-legacy,2009-2020,full
8928301768bffff,0.0,0.0,0.0,0.0,178116.48,1.0,chm-legacy,2009-2020,full
8928301768fffff,0.0,0.0,0.0,0.0,178076.16,1.0,chm-legacy,2009-2020,full
89283017693ffff,0.0,0.0,0.0,0.0,178087.68,1.0,chm-legacy,2009-2020,full
89283017697ffff,0.0,0.0,0.0,0.0,178041.6,1.0,chm-legacy,2009-2020,full
8928301769bffff,0.0,0.0,0.0,0.0,178058.88,1.0,chm-legacy,2009-2020,full
892830176a3ffff,0.0,0.0,0.0,0.0,178104.96,1.0,chm-legacy,2009-2020,full
892830176a7ffff,0.0,0.0,0.0,0.0,178070.4,1.0,chm-legacy,2009-2020,full
892830176abffff,0.0,0.0,0.0,0.0,178087.68,1.0,chm-legacy,2009-2020,full
892830176afffff,0.0,0.0,0.0,0.0,178064.64,1.0,chm-legacy,2009-2020,full
892830176b3ffff,0.0,0.0,0.0,0.0,178058.88,1.0,chm-legacy,2009-2020,full
892830176b7ffff,0.0,0.0,0.0,0.0,178064.64,1.0,chm-legacy,2009-2020,full
892830176bbffff,0.0,0.0,0.0,0.0,178053.12,1.0,chm-legacy,2009-2020,full
892830176c3ffff,0.0,0.0,0.0,0.0,178122.24,1.0,chm-legacy,2009-2020,full
892830176c7ffff,0.0,0.0,0.0,0.0,178076.16,1.0,chm-legacy,2009-2020,full
892830176cbffff,0.0,0.0,0.0,0.0,178104.96,1.0,chm-legacy,2009-2020,full
892830176cfffff,0.0,0.0,0.0,0.0,178099.2,1.0,chm-legacy,2009-2020,full
892830176d3ffff,0.0,0.0,0.0,0.0,178081.92,1.0,chm-legacy,2009-2020,full
892830176d7ffff,0.0,0.0,0.0,0.0,178058.88,1.0,chm-legacy,2009-2020,full
892830176dbffff,0.0,0.0,0.0,0.0,178093.44,1.0,chm-legacy,2009-2020,full
89283088937ffff,20.93347152944225,0.0,22892.0,0.0,177834.24,1.0,chm-legacy,2009-2020,full
89283088983ffff,43.368536996242064,0.0,47436.0,0.0,177799.68,1.0,chm-legacy,2009-2020,full
89283088987ffff,4.542656255062696,0.0,4968.0,0.0,177770.88,1.0,chm-legacy,2009-2020,full
8928308898fffff,33.18433582742202,0.0,36295.0,0.0,177828.48,1.0,chm-legacy,2009-2020,full
89283088993ffff,56.74020798911459,0.0,62064.0,0.0,177793.92,1.0,chm-legacy,2009-2020,full
89283088997ffff,7.1648365886049294,0.0,7837.0,0.0,177828.48,1.0,chm-legacy,2009-2020,full
8928308899bffff,30.525224378705897,0.0,33390.0,0.0,177770.88,1.0,chm-legacy,2009-2020,full
892830889a3ffff,7.5689856198989505,0.0,8278.0,0.0,177845.76,1.0,chm-legacy,2009-2020,full
892830889a7ffff,27.74448511548055,0.0,30341.0,0.0,177816.96,1.0,chm-legacy,2009-2020,full
892830889abffff,32.87546974212777,0.0,35954.0,0.0,177799.68,1.0,chm-legacy,2009-2020,full
892830889afffff,9.116532218874529,0.0,9970.0,0.0,177793.92,1.0,chm-legacy,2009-2020,full
892830889b3ffff,24.95383120038879,0.0,27291.0,0.0,177782.4,1.0,chm-legacy,2009-2020,full
892830889b7ffff,32.27813239153679,0.0,35300.0,0.0,177770.88,1.0,chm-legacy,2009-2020,full
892830889bbffff,13.302455140247456,0.0,14549.0,0.0,177834.24,1.0,chm-legacy,2009-2020,full
89283088da7ffff,55.58794251414197,31.469281446299984,33572.16,4831.0,60394.68,0.5517958314946624,usfs-2022,2022,partial
89283088db7ffff,40.21028882787391,29.459283713485394,27204.48,10154.0,67655.52,0.6181104880130762,usfs-2022,2022,partial
8928308c003ffff,6.148272568586767,8.823261601966795,6720.48,21629.0,109306.8,0.9999593137022565,usfs-2022,2022,full
8928308c007ffff,3.6089264777562606,4.454004808300645,3944.88,16310.0,109308.96,1.0,usfs-2022,2022,full
8928308c00bffff,5.346098365838718,5.310129976251883,5843.88,26699.0,109311.12,0.9999876055748029,usfs-2022,2022,full
8928308c00fffff,4.353711028193737,3.222050671998785,4759.2,27530.0,109313.64,1.0,usfs-2022,2022,full
8928308c013ffff,5.978824652977886,7.019870802937636,6535.8,27256.0,109315.8,1.0,usfs-2022,2022,full
8928308c017ffff,5.380615030942571,6.159317211948791,5881.32,18999.0,109305.72,0.9999606712847615,usfs-2022,2022,full
8928308c01bffff,5.909879767240443,7.201127462937366,6460.56,24653.0,109317.96,1.0,usfs-2022,2022,full
8928308c023ffff,3.5352553862166873,8.893684361962308,3863.88,11399.0,109295.64,0.999996454429844,usfs-2022,2022,full
8928308c027ffff,6.554930774475991,9.466759093346587,7163.64,24919.0,109286.28,0.9999609862049442,usfs-2022,2022,full
8928308c02bffff,3.4341125358612126,0.3389830508474576,3753.36,10796.0,109296.36,0.999991809749146,usfs-2022,2022,full
8928308c02fffff,10.881516837462406,9.182273383346104,11892.24,18348.0,109288.44,0.999969513438971,usfs-2022,2022,full
8928308c033ffff,6.7160049799419,3.0349845509817603,7340.76,7005.0,109302.48,1.0,usfs-2022,2022,full
8928308c037ffff,3.359716993250921,4.183733700609942,3672.0,19284.0,109294.92,1.0,usfs-2022,2022,full
8928308c03bffff,1.7966773819561552,1.7241985995284845,1963.8,10054.0,109301.76,1.0,usfs-2022,2022,full
8928308c043ffff,7.258566465231925,8.408522665507121,7934.76,24265.0,109315.8,0.9999690631344413,usfs-2022,2022,full
8928308c047ffff,4.024633218619815,3.8582947332304,4399.56,20175.0,109315.8,1.0,usfs-2022,2022,full
8928308c04bffff,6.305650684931507,4.338415061432331,6893.64,22115.0,109324.8,1.0,usfs-2022,2022,full
8928308c04fffff,3.7064602070085195,4.945805628927953,4051.8,7514.0,109317.24,1.0,usfs-2022,2022,full
8928308c053ffff,5.668870770162937,5.188413025502369,6197.4,26005.0,109323.36,0.9999992985114314,usfs-2022,2022,full
8928308c057ffff,4.230375319846803,4.100623330365093,4624.56,23262.0,109317.96,1.0,usfs-2022,2022,full
8928308c05bffff,5.0628951527924135,5.297024529344142,5535.0,22836.0,109324.8,1.0,usfs-2022,2022,full
8928308c063ffff,4.82976908407632,4.219255545515493,5279.04,23659.0,109302.12,0.9999831299112498,usfs-2022,2022,full
8928308c067ffff,1.6956298335990303,0.6795998213004454,1853.28,26411.0,109297.44,0.9999904685129039,usfs-2022,2022,full
8928308c06bffff,2.8528612597776863,1.0928402329003777,3118.32,27825.0,109305.0,0.9999982701279049,usfs-2022,2022,full
8928308c06fffff,3.702105654933451,1.288354666629525,4046.4,25514.0,109299.96,1.0,usfs-2022,2022,full
8928308c073ffff,3.8874599447377345,2.6726271254091163,4249.44,21946.0,109311.48,1.0,usfs-2022,2022,full
8928308c077ffff,8.906674571414456,2.802039283879382,9735.12,17708.0,109301.4,0.9999877606083639,usfs-2022,2022,full
8928308c07bffff,5.011000158086104,2.1595459004003925,5477.4,21905.0,109307.52,0.9999823844762052,usfs-2022,2022,full
8928308c083ffff,13.63748629237016,18.528674927212403,14908.32,17327.0,109318.68,1.0,usfs-2022,2022,full
8928308c087ffff,9.358183099612038,11.85274404184371,10229.4,28454.0,109309.68,0.9999692447993145,usfs-2022,2022,full
8928308c08bffff,6.749102644317845,5.829609017061585,7378.2,24122.0,109321.2,1.0,usfs-2022,2022,full
8928308c08fffff,4.975383247435412,6.0358408822371015,5438.88,20613.0,109315.8,1.0,usfs-2022,2022,full
8928308c093ffff,10.040175190173544,15.68617862324156,10976.04,18621.0,109321.2,0.9999855862760963,usfs-2022,2022,full
8928308c097ffff,8.842271656979138,15.982179776180121,9666.0,22676.0,109315.8,0.9999863372592678,usfs-2022,2022,full
8928308c09bffff,5.975894885895873,8.054836190241296,6532.92,16105.0,109321.2,0.9999743328394649,usfs-2022,2022,full
8928308c0a3ffff,3.572299037593787,0.5348308597406071,3904.56,16068.0,109301.04,0.9999792652129947,usfs-2022,2022,full
8928308c0a7ffff,2.8393951670009647,2.149699775404501,3103.56,15371.0,109303.56,1.0,usfs-2022,2022,full
8928308c0abffff,4.483850037711241,3.620377187517698,4901.04,24506.0,109304.28,0.9999976550536634,usfs-2022,2022,full
8928308c0afffff,4.219391216710251,0.9703280773895808,4611.96,12051.0,109303.92,1.0,usfs-2022,2022,full
8928308c0b3ffff,4.3976129784417175,3.1474944895725754,4807.08,22621.0,109311.12,1.0,usfs-2022,2022,full
8928308c0b7ffff,2.849764825232869,1.9956382756251307,3114.72,11810.0,109297.44,0.9999575909696925,usfs-2022,2022,full
8928308c0bbffff,3.4165909180729557,1.0773578240904276,3734.64,28229.0,109308.96,1.0,usfs-2022,2022,full
8928308c0c3ffff,3.1386959857487664,1.705799719044752,3431.52,24686.0,109329.48,1.0,usfs-2022,2022,full
8928308c0c7ffff,4.157446191943939,5.446662326328767,4545.0,24573.0,109321.92,1.0,usfs-2022,2022,full
8928308c0cbffff,4.067083330589235,1.4735485948949192,4446.36,26430.0,109325.52,0.999980145976506,usfs-2022,2022,full
8928308c0cfffff,3.378667632627523,4.724837554700969,3693.6,25865.0,109321.2,0.9999907597129466,usfs-2022,2022,full
8928308c0d3ffff,4.0923714218916185,2.727336464979317,4474.08,24973.0,109327.32,0.9999689386468807,usfs-2022,2022,full
8928308c0d7ffff,4.341197081061145,2.9520977865873803,4745.88,26439.0,109321.92,0.9999696751298538,usfs-2022,2022,full
8928308c0dbffff,7.618859475833004,5.317128750474744,8330.4,25129.0,109339.2,1.0,usfs-2022,2022,full
8928308c103ffff,1.0944516375592608,0.0,1195.92,0.0,109271.16,0.9999844548335307,usfs-2022,2022,full
8928308c107ffff,0.012190300474433315,0.0,13.32,0.0,109267.2,0.9999984250035907,usfs-2022,2022,full
8928308c10bffff,15.59910786939577,0.0,17046.0,0.0,109275.48,1.0,usfs-2022,2022,full
8928308c10fffff,1.1903389154836308,0.0,1300.68,0.0,109269.72,1.0,usfs-2022,2022,full
8928308c113ffff,0.6410594281196469,0.0,700.56,0.0,109281.6,1.0,usfs-2022,2022,full
8928308c117ffff,0.0800582481410343,0.0,87.48,0.0,109270.44,0.9999891356807084,usfs-2022,2022,full
8928308c11bffff,0.5172061643068449,0.23800383877159312,565.2,4678.0,109279.44,1.0,usfs-2022,2022,full
8928308c123ffff,0.0,0.0,0.0,0.0,109260.72,1.0,usfs-2022,2022,full
8928308c127ffff,0.0,0.0,0.0,0.0,109253.88,1.0,usfs-2022,2022,full
8928308c12bffff,0.007578403526923102,0.0,8.28,0.0,109257.84,0.9999906681424767,usfs-2022,2022,full
8928308c12fffff,0.0,0.0,0.0,0.0,109251.0,0.9999782885235774,usfs-2022,2022,full
8928308c133ffff,0.0,0.0,0.0,0.0,109260.36,0.9999860435230171,usfs-2022,2022,full
8928308c137ffff,0.0,0.0,0.0,0.0,109255.32,0.9999901414130378,usfs-2022,2022,full
8928308c13bffff,0.0,0.0,0.0,0.0,109265.04,1.0,usfs-2022,2022,full
8928308c143ffff,16.977924777551202,8.341499413252034,18553.32,27275.0,109279.08,0.9999842277643727,usfs-2022,2022,full
8928308c147ffff,16.330141034383928,5.462244177840509,17844.84,2411.0,109275.48,1.0,usfs-2022,2022,full
8928308c14bffff,20.18909258618702,2.089032578960458,22062.6,19842.0,109279.8,0.9999795801629755,usfs-2022,2022,full
8928308c14fffff,16.032996320198716,8.4375,17520.48,738.0,109277.64,1.0,usfs-2022,2022,full
8928308c153ffff,9.393333487056003,5.683888463945483,10265.76,24414.0,109287.72,1.0,usfs-2022,2022,full
8928308c157ffff,3.6287028252161084,3.970254829055954,3965.4,19061.0,109278.72,0.9999921793368104,usfs-2022,2022,full
8928308c15bffff,5.3135911456617695,3.226095528273143,5807.16,27213.0,109288.8,1.0,usfs-2022,2022,full
8928308c163ffff,0.8563059901882293,1.7130502272979267,935.64,6382.0,109264.68,0.999991802184366,usfs-2022,2022,full
8928308c167ffff,0.0,0.0,0.0,0.0,109257.12,0.999972824024517,usfs-2022,2022,full
8928308c16bffff,5.733451503540164,0.0,6264.72,0.0,109266.12,0.9999937408914072,usfs-2022,2022,full
8928308c16fffff,4.922802185129783,5.714542836573075,5378.76,3772.0,109262.16,1.0,usfs-2022,2022,full
8928308c173ffff,2.233738678931364,2.8458705944239875,2440.8,6649.0,109269.72,0.9999989674880044,usfs-2022,2022,full
8928308c177ffff,0.0,0.0,0.0,0.0,109262.88,0.9999865782970749,usfs-2022,2022,full
8928308c17bffff,1.9144667266275932,0.0,2091.96,4604.0,109271.16,1.0,usfs-2022,2022,full
8928308c183ffff,2.260268557196885,0.0,2469.96,0.0,109277.28,0.9999738752068869,usfs-2022,2022,full
8928308c187ffff,0.0,0.0,0.0,0.0,109271.52,0.9999713724091622,usfs-2022,2022,full
8928308c18bffff,0.17724071133483998,0.0,193.68,0.0,109275.12,0.9999428296557742,usfs-2022,2022,full
8928308c18fffff,2.396012465985386,0.0,2618.28,0.0,109276.56,1.0,usfs-2022,2022,full
8928308c193ffff,1.698114450608093,0.0,1855.8,0.0,109285.92,1.0,usfs-2022,2022,full
8928308c197ffff,0.3096627969797994,0.0,338.4,0.0,109280.16,1.0,usfs-2022,2022,full
8928308c19bffff,0.32249032364325125,0.0,352.44,5671.0,109287.0,1.0,usfs-2022,2022,full
8928308c1a3ffff,0.0,0.0,0.0,0.0,109265.04,1.0,usfs-2022,2022,full
8928308c1a7ffff,0.0,0.0,0.0,0.0,104369.4,0.9552439583849711,usfs-2022,2022,partial
8928308c1abffff,0.0,0.0,0.0,0.0,109266.84,1.0,usfs-2022,2022,full
8928308c1afffff,0.0,0.0,0.0,0.0,109258.56,0.9999808482232287,usfs-2022,2022,full
8928308c1b3ffff,0.0,0.0,0.0,0.0,109273.32,1.0,usfs-2022,2022,full
8928308c1b7ffff,0.0,0.0,0.0,0.0,109261.44,0.9999795620412896,usfs-2022,2022,full
8928308c1bbffff,0.46816109222213437,0.0,511.56,0.0,109270.08,0.9999971208268441,usfs-2022,2022,full
8928308c1c3ffff,3.157478628959202,0.0,3450.6,650.0,109283.4,0.9999571362248457,usfs-2022,2022,full
8928308c1c7ffff,0.0,0.0,0.0,0.0,109281.6,0.9999908554984784,usfs-2022,2022,full
8928308c1cbffff,4.971489371514407,2.9018147169647883,5433.12,24213.0,109285.56,0.9999656444361058,usfs-2022,2022,full
8928308c1cfffff,6.529279806042079,4.04036085339262,7135.56,8080.0,109285.56,1.0,usfs-2022,2022,full
8928308c1d3ffff,0.25923461556198246,0.0,283.32,2653.0,109290.96,0.9999873893833678,usfs-2022,2022,full
8928308c1d7ffff,0.0,0.0,0.0,2071.0,109285.2,0.9999848723195297,usfs-2022,2022,full
8928308c1dbffff,3.8324840491585666,0.43042489085654556,4188.6,5829.0,109292.04,0.9999860096753533,usfs-2022,2022,full
8928308c203ffff,14.991092216144658,18.62120088954781,16388.28,3952.0,109320.12,1.0,usfs-2022,2022,full
8928308c207ffff,4.175256713409694,9.364467982667309,4564.08,1355.0,109312.56,0.9999837353770841,usfs-2022,2022,full
8928308c20bffff,29.968880180462023,9.44650250599259,32761.8,2992.0,109319.4,0.9999850238896102,usfs-2022,2022,full
8928308c20fffff,19.946517724236955,3.1024075243911,21804.48,14909.0,109314.72,0.9999923301840719,usfs-2022,2022,full
8928308c213ffff,11.390608535300316,5.266990291262136,12452.76,2810.0,109324.8,1.0,usfs-2022,2022,full
8928308c217ffff,20.7448069653183,13.078838507570586,22678.92,15583.0,109323.36,1.0,usfs-2022,2022,full
8928308c21bffff,33.530688250577086,16.75375208449138,36657.72,10783.0,109325.88,1.0,usfs-2022,2022,full
8928308c223ffff,13.179632435280944,9.842931937172775,14405.76,20767.0,109303.2,0.999987200536055,usfs-2022,2022,full
8928308c227ffff,9.903002157337419,14.705815615711012,10824.12,13532.0,109301.4,1.0,usfs-2022,2022,full
8928308c22bffff,12.085671751903671,2.7597286683327384,13210.2,19611.0,109304.64,0.999989210640717,usfs-2022,2022,full
8928308c22fffff,14.726496627318719,16.647935644150007,16096.32,10146.0,109301.76,1.0,usfs-2022,2022,full
8928308c233ffff,17.713760646040956,4.55721038080799,19362.6,11558.0,109308.24,0.9999943451080222,usfs-2022,2022,full
8928308c237ffff,11.195207182638882,6.5079031364079425,12236.76,17610.0,109303.56,1.0,usfs-2022,2022,full
8928308c23bffff,14.591950994598868,4.353517107777691,15950.52,26306.0,109310.4,1.0,usfs-2022,2022,full
8928308c243ffff,43.29061489525641,29.145597210113337,47329.56,2926.0,109329.84,1.0,usfs-2022,2022,full
8928308c247ffff,23.41644604259691,2.088912694161757,25600.32,1974.0,109326.24,1.0,usfs-2022,2022,full
8928308c24bffff,8.712517864316808,3.6131325097309186,9524.88,4101.0,109324.08,0.9999554426857182,usfs-2022,2022,full
8928308c24fffff,12.311801045879053,2.045262861962328,13459.32,15052.0,109320.48,0.9999726122419688,usfs-2022,2022,full
8928308c253ffff,32.24573257467994,13.938938385691863,35254.44,14014.0,109330.56,0.9999868940448637,usfs-2022,2022,full
8928308c257ffff,19.402714753320996,8.61474349762897,21211.56,9158.0,109322.64,0.9999645524261525,usfs-2022,2022,full
8928308c25bffff,17.73379482392592,10.89727934352562,15456.96,6567.0,87161.04,0.7972055260761588,usfs-2022,2022,partial
8928308c263ffff,13.091360578047246,0.9601738124857638,14310.36,20349.0,109311.48,0.9999905068947588,usfs-2022,2022,full
8928308c267ffff,18.498014082558836,3.094271783836788,20220.12,12808.0,109309.68,1.0,usfs-2022,2022,full
8928308c26bffff,16.67341797164452,8.706986444212722,18226.08,12607.0,109312.2,0.9999859535077514,usfs-2022,2022,full
8928308c26fffff,13.59889340820393,1.796264855687606,14864.76,10412.0,109308.6,1.0,usfs-2022,2022,full
8928308c273ffff,9.451453449121871,1.2672889555086189,10332.0,20867.0,109316.52,0.9999976412083103,usfs-2022,2022,full
8928308c277ffff,6.229684201512961,1.1774774243050228,6809.76,24111.0,109311.48,1.0,usfs-2022,2022,full
8928308c27bffff,13.481107283756282,1.4767486142258706,14737.32,16764.0,109318.32,1.0,usfs-2022,2022,full
8928308c283ffff,9.886429867397238,8.86561569837945,10808.64,14880.0,109328.04,1.0,usfs-2022,2022,full
8928308c287ffff,12.37844975484143,7.142412870856053,13532.76,16124.0,109325.16,1.0,usfs-2022,2022,full
8928308c28bffff,4.61026302964846,4.199070452349178,5040.36,14989.0,109329.12,1.0,usfs-2022,2022,full
8928308c28fffff,2.3065346325977494,6.6558441558441555,2521.44,2277.0,109317.24,0.9999486529356287,usfs-2022,2022,full
8928308c293ffff,7.909831477322866,8.786213719434752,8647.92,24562.0,109331.28,0.999999216217204,usfs-2022,2022,full
8928308c297ffff,10.049197170668739,11.985492911308935,10986.12,24025.0,109323.36,0.9999768894801916,usfs-2022,2022,full
8928308c29bffff,11.462805889945473,9.163083030102547,12532.68,16806.0,109333.44,1.0,usfs-2022,2022,full
8928308c2a3ffff,10.584209642307856,2.0645573665707895,11569.68,16548.0,109310.76,0.9999896273698989,usfs-2022,2022,full
8928308c2a7ffff,5.272865000164674,0.5883509783998164,5763.6,21837.0,109306.8,1.0,usfs-2022,2022,full
8928308c2abffff,11.247999367701397,6.05219522745296,12295.8,9383.0,109315.44,1.0,usfs-2022,2022,full
8928308c2afffff,16.03927070571342,5.1015615827169185,17532.36,5819.0,109308.96,1.0,usfs-2022,2022,full
8928308c2b3ffff,12.490325810244267,6.462689312649457,13653.36,5492.0,109311.48,0.9999572730450125,usfs-2022,2022,full
8928308c2b7ffff,5.513234727450573,3.4387973903918976,6026.4,30478.0,109307.88,0.9999744743795138,usfs-2022,2022,full
8928308c2bbffff,4.438589847030347,1.2626130600721492,4852.08,13598.0,109315.8,0.9999856021327246,usfs-2022,2022,full
8928308c2c3ffff,50.441377737226276,39.053155591193075,31843.44,6567.0,63129.6,0.5773959108466385,usfs-2022,2022,partial
8928308c2c7ffff,25.753669146242274,15.97018333659555,28155.24,18546.0,109325.16,0.9999598139247374,usfs-2022,2022,full
8928308c2cbffff,28.280713079554264,16.04466742191293,25865.28,9338.0,91459.08,0.836493652187991,usfs-2022,2022,partial
8928308c2cfffff,18.853225509048283,11.734612874203961,20612.88,18013.0,109333.44,1.0,usfs-2022,2022,full
8928308c2d3ffff,9.67502546769482,1.6815595795313067,10325.52,22459.0,106723.44,0.9760758628701666,usfs-2022,2022,partial
8928308c2d7ffff,16.258540359888705,4.926750696699307,17776.08,13387.0,109333.8,0.9999999039485598,usfs-2022,2022,full
8928308c2dbffff,29.58488002523231,21.46450911068806,8779.68,4158.0,29676.24,0.2714112125868191,usfs-2022,2022,partial
8928308c303ffff,6.459062189103894,4.076646090534979,7058.52,18797.0,109280.88,0.9999947861353597,usfs-2022,2022,full
8928308c307ffff,0.4747236818264178,0.0,518.76,0.0,109276.2,1.0,usfs-2022,2022,full
8928308c30bffff,3.735974858513252,1.2712123372787092,4082.76,17447.0,109282.32,0.9999967709497419,usfs-2022,2022,full
8928308c30fffff,1.5888336913123116,1.234509056244042,1736.28,7460.0,109280.16,1.0,usfs-2022,2022,full
8928308c313ffff,21.96736108365946,4.140219871395976,24006.6,16637.0,109283.04,0.9999755780977969,usfs-2022,2022,full
8928308c317ffff,15.531895268088919,0.5764778150545764,16973.28,7575.0,109280.16,0.9999993994434109,usfs-2022,2022,full
8928308c31bffff,6.848899913363442,4.094163415005683,7484.76,29465.0,109284.12,0.9999742633490677,usfs-2022,2022,full
8928308c323ffff,5.284724060747551,0.0,3161.88,1379.0,59830.56,0.5475668418780788,usfs-2022,2022,partial
8928308c327ffff,0.3402690044601414,0.3518858105763989,351.0,7238.0,103153.68,0.944105658934403,usfs-2022,2022,partial
8928308c32bffff,5.850279147479522,0.0,2584.08,0.0,44170.2,0.40423934073858503,usfs-2022,2022,partial
8928308c32fffff,1.493755611786793,2.5476190476190474,65.88,1473.0,4410.36,0.04036500875669132,usfs-2022,2022,partial
8928308c333ffff,0.34526723618189786,0.1467351430667645,377.28,980.0,109271.88,1.0,usfs-2022,2022,full
8928308c337ffff,4.449291454289658,0.9162434020515885,4861.44,7163.0,109263.24,0.9999839162029377,usfs-2022,2022,full
8928308c33bffff,0.13079475107815067,0.0,142.92,0.0,109270.44,0.9999884131643538,usfs-2022,2022,full
8928308c343ffff,5.367301427305578,1.551503100389838,5865.84,27092.0,109288.44,0.9999914268514564,usfs-2022,2022,full
8928308c347ffff,3.2740712923341473,1.9836912077384985,3578.04,30204.0,109284.12,1.0,usfs-2022,2022,full
8928308c34bffff,9.488846726484578,5.591804921500946,10370.52,15262.0,109291.68,1.0,usfs-2022,2022,full
8928308c34fffff,3.9450408635871015,3.1506820522521384,4311.36,16588.0,109285.56,1.0,usfs-2022,2022,full
8928308c353ffff,3.796188330467664,1.5104589764419172,4149.0,27934.0,109293.84,1.0,usfs-2022,2022,full
8928308c357ffff,5.640177618489188,2.2148923626049686,6163.92,22092.0,109285.92,0.9999795463521631,usfs-2022,2022,full
8928308c35bffff,11.135412892387759,8.996927878285463,12170.16,20155.0,109292.4,0.9999775070573438,usfs-2022,2022,full
8928308c363ffff,1.3345984179852868,0.4252467719904126,1458.36,13909.0,109273.32,0.9999923960892915,usfs-2022,2022,full
8928308c367ffff,0.5540115822250676,0.0,548.28,0.0,98965.44,0.9057073933608677,usfs-2022,2022,partial
8928308c36bffff,7.438204394134565,2.5492293553101413,8128.08,23285.0,109274.76,0.9999944019089266,usfs-2022,2022,full
8928308c36fffff,5.3181605529674565,1.64244149431947,5811.12,14056.0,109269.36,0.9999951611527628,usfs-2022,2022,full
8928308c373ffff,5.803174352183108,5.605093909344813,6341.76,26524.0,109280.88,1.0,usfs-2022,2022,full
8928308c377ffff,0.12354505111470582,0.0,135.0,1720.0,109271.88,0.9999903998438615,usfs-2022,2022,full
8928308c37bffff,4.436055053729436,1.0910095290705704,4847.76,18048.0,109280.88,1.0,usfs-2022,2022,full
8928308c383ffff,1.588666218691121,0.0,1736.28,0.0,109291.68,1.0,usfs-2022,2022,full
8928308c387ffff,16.297326055231437,5.07280910775748,17809.92,6454.0,109281.24,0.9999815307020856,usfs-2022,2022,full
8928308c38bffff,10.275768475697326,3.391299210272367,11230.56,17660.0,109291.68,1.0,usfs-2022,2022,full
8928308c38fffff,1.3829317626285587,0.4679144385026738,1511.28,1072.0,109280.88,0.9999670200068834,usfs-2022,2022,full
8928308c393ffff,1.0092725266399856,0.0,1103.04,4789.0,109290.6,0.9999780500756329,usfs-2022,2022,full
8928308c397ffff,7.582694854176411,4.830213386506354,8287.2,23024.0,109290.96,1.0,usfs-2022,2022,full
8928308c39bffff,0.9516280448638768,0.16564282580078982,1040.04,32763.0,109290.6,0.9999668329751906,usfs-2022,2022,full
8928308c3a3ffff,10.699225133097887,3.465139608761077,11691.36,8314.0,109272.96,0.9999949114816331,usfs-2022,2022,full
8928308c3a7ffff,8.096479061170834,0.8026570716855799,8847.0,5161.0,109269.72,1.0,usfs-2022,2022,full
8928308c3abffff,16.464995536111378,0.06297229219143577,17992.44,5142.0,109276.92,1.0,usfs-2022,2022,full
8928308c3afffff,2.775672915362567,0.06396783331810289,3033.0,7874.0,109270.8,1.0,usfs-2022,2022,full
8928308c3b3ffff,3.427112502058969,10.276679841897234,3745.08,8744.0,109278.0,1.0,usfs-2022,2022,full
8928308c3b7ffff,3.656005376769194,4.283940397350993,3994.92,9990.0,109270.08,0.999979781221002,usfs-2022,2022,full
8928308c3bbffff,2.0595938133122496,1.6595993566310863,2250.72,4842.0,109279.8,1.0,usfs-2022,2022,full
8928308c3c3ffff,22.518593666624945,7.08924439078378,24611.76,16622.0,109295.28,0.9999872476065019,usfs-2022,2022,full
8928308c3c7ffff,17.168107196500568,3.645792716213055,18763.56,17792.0,109293.12,1.0,usfs-2022,2022,full
8928308c3cbffff,4.670197558678024,3.8952457134907665,5104.44,19896.0,109298.16,1.0,usfs-2022,2022,full
8928308c3cfffff,4.744823678992338,1.3725199515726534,5185.8,28741.0,109293.84,1.0,usfs-2022,2022,full
8928308c3d3ffff,2.469558687425276,1.42154887581594,2699.28,22019.0,109302.12,1.0,usfs-2022,2022,full
8928308c3d7ffff,10.57853199646899,1.4363858924336317,11561.76,18552.0,109294.56,0.9999918578009233,usfs-2022,2022,full
8928308c3dbffff,15.954917033904445,4.857267834388847,17439.12,18010.0,109302.48,1.0,usfs-2022,2022,full
8928308c403ffff,2.368590007408017,1.84912098080037,2589.84,24440.0,109341.0,0.9999999417679123,usfs-2022,2022,full
8928308c407ffff,6.112812407389114,2.5885660731021556,6683.04,18709.0,109328.4,0.999934830481002,usfs-2022,2022,full
8928308c40bffff,2.897677511968024,1.8917656479380756,3168.36,21172.0,109341.36,0.9999919696065476,usfs-2022,2022,full
8928308c40fffff,4.291852559142617,3.3840110969195063,4692.6,25326.0,109337.4,1.0,usfs-2022,2022,full
8928308c413ffff,4.2262841490475465,0.1921156929779445,4621.32,23752.0,109347.12,1.0,usfs-2022,2022,full
8928308c417ffff,5.8194891650040494,1.3612357739703949,6363.36,14322.0,109345.68,1.0,usfs-2022,2022,full
8928308c41bffff,5.318504471046844,3.9357676919456157,5815.44,19103.0,109343.52,0.9999728681227331,usfs-2022,2022,full
8928308c423ffff,5.371655887350659,5.302511245494355,5872.32,22888.0,109320.48,0.9999513888504441,usfs-2022,2022,full
8928308c427ffff,4.7789662258285475,3.245399477978233,5224.32,21218.0,109319.04,0.9999883642929736,usfs-2022,2022,full
8928308c42bffff,3.01055653972038,1.143859197528878,3291.48,22121.0,109331.28,1.0,usfs-2022,2022,full
8928308c42fffff,3.2879139116461635,3.630882509870878,3594.6,26009.0,109327.68,1.0,usfs-2022,2022,full
8928308c433ffff,3.8705195155841503,3.6655098982569605,4231.8,17589.0,109334.16,1.0,usfs-2022,2022,full
8928308c437ffff,6.22661889456768,8.04415494581508,6806.88,22972.0,109319.04,0.9999494949030028,usfs-2022,2022,full
8928308c43bffff,4.988014803693021,2.6453686260230818,5453.64,22139.0,109334.88,1.0,usfs-2022,2022,full
8928308c443ffff,5.358183452349206,4.9752721548126475,5859.0,23034.0,109346.76,0.9999799884785298,usfs-2022,2022,full
8928308c447ffff,4.4439030492984175,2.9421026586891,4859.28,23301.0,109347.12,1.0,usfs-2022,2022,full
8928308c44bffff,5.691503896283469,10.682883939038687,6223.68,15359.0,109350.36,1.0,usfs-2022,2022,full
8928308c44fffff,5.814646416424952,4.063942361814702,6357.96,24543.0,109343.88,0.9999925163779876,usfs-2022,2022,full
8928308c453ffff,2.7385941290915135,2.538776965591014,2994.84,19680.0,109356.84,1.0,usfs-2022,2022,full
8928308c457ffff,4.673281799386333,1.5089518202843233,5110.2,21923.0,109349.28,1.0,usfs-2022,2022,full
8928308c45bffff,3.286902759167871,2.677899582454225,3594.24,23746.0,109350.36,0.9999628075827754,usfs-2022,2022,full
8928308c463ffff,1.6011879675482035,1.2868507253158634,1750.68,24301.0,109336.32,1.0,usfs-2022,2022,full
8928308c467ffff,4.507737899242674,2.2183722913254744,4928.4,26008.0,109332.0,1.0,usfs-2022,2022,full
8928308c46bffff,4.7149465782065425,4.375235550073663,5155.2,30143.0,109337.4,1.0,usfs-2022,2022,full
8928308c46fffff,3.9609861469210075,5.212609301901299,4330.44,26185.0,109327.32,0.9999801777180207,usfs-2022,2022,full
8928308c473ffff,5.0297319188447025,4.786940052034887,5499.36,25427.0,109337.04,0.9999913245726881,usfs-2022,2022,full
8928308c477ffff,3.257651843192782,4.398202097552855,3561.48,20674.0,109326.6,0.9999459649590356,usfs-2022,2022,full
8928308c47bffff,4.186326773196182,4.384826193566998,4577.04,23864.0,109333.08,0.9999438574501726,usfs-2022,2022,full
8928308c483ffff,3.4549058082188173,5.975588078449961,3777.84,11425.0,109347.12,0.9999895032472389,usfs-2022,2022,full
8928308c487ffff,0.26494553709068114,0.2246051296913491,281.52,4958.0,106255.8,0.9717678066351098,usfs-2022,2022,partial
8928308c48bffff,6.369774845512878,5.027798450291118,6965.28,15620.0,109348.92,0.999994679661297,usfs-2022,2022,full
8928308c48fffff,6.101262988766116,1.72750613976334,6671.16,12677.0,109340.64,0.9999690782433944,usfs-2022,2022,full
8928308c493ffff,1.6261031808164659,3.3910899449454526,1697.4,10297.0,104384.52,0.9545690031947671,usfs-2022,2022,partial
8928308c497ffff,2.3948511219917297,3.061819595645412,2491.56,7181.0,104038.2,0.9514496859874557,usfs-2022,2022,partial
8928308c49bffff,4.850631918310308,4.823382306970928,2849.04,10961.0,58735.44,0.5371140991403379,usfs-2022,2022,partial
8928308c4a3ffff,0.41101025517444506,0.0,442.08,5736.0,107559.36,0.9837771122262243,usfs-2022,2022,partial
8928308c4a7ffff,0.4282249207941913,0.5027985959586377,390.24,3776.0,91129.68,0.8335470685721337,usfs-2022,2022,partial
8928308c4abffff,4.671324710902721,0.7652252660176591,5107.32,15780.0,109333.44,0.9999922059133523,usfs-2022,2022,full
8928308c4afffff,7.28547909120843,3.7932348334109482,7965.36,8181.0,109332.0,1.0,usfs-2022,2022,full
8928308c4b3ffff,0.01736767998809073,0.0,10.08,0.0,58038.84,0.5308237660637558,usfs-2022,2022,partial
8928308c4b7ffff,0.0,0.0,0.0,144.0,56746.44,0.5190294886500904,usfs-2022,2022,partial
8928308c4bbffff,2.826315286928292,0.29866199426568973,3090.24,9013.0,109338.12,0.9999961603099521,usfs-2022,2022,full
8928308c4c3ffff,7.377669800637328,4.45220787164467,8067.96,29242.0,109356.48,1.0,usfs-2022,2022,full
8928308c4c7ffff,2.342569518285276,2.6310316139767056,2561.76,6741.0,109356.84,1.0,usfs-2022,2022,full
8928308c4cbffff,7.640521197516477,36.14757006030507,8355.24,1944.0,109354.32,0.9999714171734609,usfs-2022,2022,full
8928308c4cfffff,10.30845358380989,2.5806451612903225,11271.96,10383.0,109346.76,0.9999523870597848,usfs-2022,2022,full
8928308c4d3ffff,16.990969152839348,7.455459972735393,18572.04,21262.0,109305.36,0.9994961500778616,usfs-2022,2022,full
8928308c4d7ffff,15.702836269166989,9.425035892527518,17146.8,23847.0,109195.56,0.9985421621976645,usfs-2022,2022,full
8928308c4dbffff,1.0803800093488092,0.28103984743551136,1181.52,3577.0,109361.52,0.999998415265407,usfs-2022,2022,full
8928308c503ffff,0.18872150239442465,0.0,206.28,0.0,109303.92,1.0,usfs-2022,2022,full
8928308c507ffff,3.764455555445763,0.0,4114.44,5706.0,109297.08,0.9999994423633094,usfs-2022,2022,full
8928308c50bffff,2.6153886689545693,11.127580730545263,2858.76,3022.0,109305.36,1.0,usfs-2022,2022,full
8928308c50fffff,2.671624977766652,1.299461484429876,2919.96,3035.0,109295.28,0.9999716726231256,usfs-2022,2022,full
8928308c513ffff,5.550542110740775,5.62795893398585,6067.08,6387.0,109306.08,0.9999927211491499,usfs-2022,2022,full
8928308c517ffff,2.8924122757902917,0.0,3161.52,0.0,109303.92,1.0,usfs-2022,2022,full
8928308c51bffff,4.857444909546596,2.42739606603825,5309.64,12893.0,109309.32,1.0,usfs-2022,2022,full
8928308c523ffff,1.5076999094128305,0.0,1647.72,0.0,109287.0,0.9999962986563493,usfs-2022,2022,full
8928308c527ffff,1.7904262433332565,0.0,1956.6,0.0,109281.24,0.9999937979209433,usfs-2022,2022,full
8928308c52bffff,0.002635245753136766,0.0,2.88,0.0,109287.72,0.9999915863255887,usfs-2022,2022,full
8928308c52fffff,1.8183734781004584,0.0,1987.2,0.0,109284.48,1.0,usfs-2022,2022,full
8928308c533ffff,0.0,0.0,0.0,317.0,109287.36,0.9999607014197913,usfs-2022,2022,full
8928308c537ffff,0.26978683875048176,0.0,294.84,2302.0,109286.28,1.0,usfs-2022,2022,full
8928308c53bffff,0.2727308660193151,0.0,298.08,0.0,109294.56,1.0,usfs-2022,2022,full
8928308c543ffff,5.477796366797961,2.8816248809901617,5987.88,22033.0,109311.84,1.0,usfs-2022,2022,full
8928308c547ffff,5.952639725982281,4.420285697894555,6506.64,11996.0,109306.8,1.0,usfs-2022,2022,full
8928308c54bffff,6.479618218286132,7.013085818624468,7082.64,22000.0,109306.44,0.9999508673085343,usfs-2022,2022,full
8928308c54fffff,3.6263935317074782,3.492365489108528,3963.96,21548.0,109308.6,1.0,usfs-2022,2022,full
8928308c553ffff,4.855967620295936,3.439038066164102,5308.2,22319.0,109312.92,0.9999825369500153,usfs-2022,2022,full
8928308c557ffff,7.176166826942076,3.450191202546519,7844.4,16270.0,109311.84,1.0,usfs-2022,2022,full
8928308c55bffff,5.93641740321667,4.013188617034825,6489.72,24419.0,109320.48,1.0,usfs-2022,2022,full
8928308c563ffff,1.6000474283305226,0.0,1748.88,3396.0,109301.76,1.0,usfs-2022,2022,full
8928308c567ffff,0.3692613784220911,0.16611295681063123,403.56,2596.0,109288.44,0.9999868837052002,usfs-2022,2022,full
8928308c56bffff,0.5154469402542652,0.0,563.4,3611.0,109303.2,1.0,usfs-2022,2022,full
8928308c56fffff,0.7470749446611152,0.0,816.48,4284.0,109290.24,0.9999920726591112,usfs-2022,2022,full
8928308c573ffff,0.0,0.0,0.0,0.0,109294.92,0.9999570879250306,usfs-2022,2022,full
8928308c577ffff,2.494647738875531,0.0,2726.64,1181.0,109299.6,1.0,usfs-2022,2022,full
8928308c57bffff,0.8020368772274227,5.245202558635395,876.6,800.0,109296.72,0.9999622751352653,usfs-2022,2022,full
8928308c583ffff,13.984415652849775,16.00024768185266,15286.32,19535.0,109309.68,0.9999981048958098,usfs-2022,2022,full
8928308c587ffff,13.291900099136752,13.29670789352594,14528.52,22385.0,109303.56,0.9999922990673258,usfs-2022,2022,full
8928308c58bffff,4.249110789092346,2.6050420168067228,4644.72,2503.0,109310.4,0.9999933750218879,usfs-2022,2022,full
8928308c58fffff,3.0922911740101306,4.355743317066064,3380.04,4727.0,109305.36,0.9999974455940358,usfs-2022,2022,full
8928308c593ffff,33.803187985772624,36.436845541824866,36950.4,9462.0,109310.4,0.9999658387676917,usfs-2022,2022,full
8928308c597ffff,24.516681487336562,18.34208507876571,26798.4,24912.0,109306.8,0.9999830839216578,usfs-2022,2022,full
8928308c59bffff,4.826782266584095,7.905078214131785,4770.0,13077.0,98823.6,0.9040229039793455,usfs-2022,2022,partial
8928308c5a3ffff,5.574018873206963,7.738634891853387,6092.28,5129.0,109297.8,1.0,usfs-2022,2022,full
8928308c5a7ffff,13.542225984866702,1.2846246487354476,14799.6,7967.0,109284.84,0.9999602832712396,usfs-2022,2022,full
8928308c5abffff,0.17423898078430597,0.14230936474680791,190.44,9094.0,109298.16,1.0,usfs-2022,2022,full
8928308c5afffff,0.0,0.0,0.0,2860.0,109287.36,0.9999720164524817,usfs-2022,2022,full
8928308c5b3ffff,18.737545905175963,17.118497302337975,20480.4,26877.0,109301.4,1.0,usfs-2022,2022,full
8928308c5b7ffff,18.63971883965362,16.840725779212885,20372.4,22159.0,109295.64,1.0,usfs-2022,2022,full
8928308c5bbffff,6.844455862300654,8.37680915516661,7481.16,7840.0,109302.48,1.0,usfs-2022,2022,full
8928308c5c3ffff,4.71992333253197,9.958696649839375,5159.52,706.0,109313.64,0.9999615425538088,usfs-2022,2022,full
8928308c5c7ffff,3.748517981820577,0.3535651149086624,4097.52,609.0,109310.4,0.9999820682379771,usfs-2022,2022,full
8928308c5cbffff,4.988161062244162,6.289690209288199,5452.92,24437.0,109317.24,0.9999831815605789,usfs-2022,2022,full
8928308c5cfffff,6.458507604249686,5.61504089031279,7059.96,8060.0,109312.56,0.9999905309902878,usfs-2022,2022,full
8928308c5d3ffff,0.5658723200765123,0.0,587.88,0.0,103889.16,0.9503034366380735,usfs-2022,2022,partial
8928308c5d7ffff,2.712418908117553,0.0,2626.56,0.0,96834.6,0.8858178212025124,usfs-2022,2022,partial
8928308c5dbffff,4.585935235686243,1.7518900902365662,5012.64,8702.0,109304.64,0.9998290630805201,usfs-2022,2022,full
8928308c603ffff,6.791552124314803,1.7015902331708244,7426.44,26058.0,109348.2,0.999987140845345,usfs-2022,2022,full
8928308c607ffff,9.121617172581814,7.13665270668528,9974.16,21553.0,109346.4,1.0,usfs-2022,2022,full
8928308c60bffff,7.887000293001221,10.687344913151364,8624.52,12957.0,109351.08,1.0,usfs-2022,2022,full
8928308c60fffff,5.502143435687052,3.2150486406737464,6015.96,22672.0,109338.48,0.9999371445415417,usfs-2022,2022,full
8928308c613ffff,5.185099833747593,4.6142279860915325,5670.0,25578.0,109351.8,0.9999811754048141,usfs-2022,2022,full
8928308c617ffff,3.6224226082891353,0.9379885356956749,3961.08,28059.0,109348.92,1.0,usfs-2022,2022,full
8928308c61bffff,7.627149333184091,3.7263885145895093,8340.48,14147.0,109352.52,0.9999765581083876,usfs-2022,2022,full
8928308c623ffff,9.136678092453383,6.648755014001361,9989.28,26643.0,109331.64,0.9999747924494069,usfs-2022,2022,full
8928308c627ffff,5.434925778111458,3.43333694357197,5941.8,25678.0,109326.24,0.9999755171838115,usfs-2022,2022,full
8928308c62bffff,8.071525934900995,9.263696543881736,8825.4,24129.0,109339.92,1.0,usfs-2022,2022,full
8928308c62fffff,6.1198148184733725,4.637917005695687,6690.96,24471.0,109332.72,1.0,usfs-2022,2022,full
8928308c633ffff,7.664395807746384,4.1414829962887225,8379.72,22781.0,109333.08,0.9999490609956815,usfs-2022,2022,full
8928308c637ffff,7.224682658588387,5.649601640766743,7898.76,21529.0,109330.2,0.9999728316101584,usfs-2022,2022,full
8928308c63bffff,11.147255989147757,9.218527990906509,12188.16,28751.0,109337.76,0.9999806583892893,usfs-2022,2022,full
8928308c643ffff,9.87514113692998,5.863966615126274,10799.64,20383.0,109361.88,1.0,usfs-2022,2022,full
8928308c647ffff,10.836150789601035,6.545642052262007,11849.76,22184.0,109353.96,1.0,usfs-2022,2022,full
8928308c64bffff,9.510484906343615,1.8197109870785229,10400.4,9246.0,109357.2,0.9999858079921133,usfs-2022,2022,full
8928308c64fffff,11.756456009586895,4.567129698190326,12855.6,23199.0,109349.28,0.9999634580012323,usfs-2022,2022,full
8928308c653ffff,19.012568388757582,11.245468846180152,20792.16,23358.0,109360.08,0.9999844216466874,usfs-2022,2022,full
8928308c657ffff,20.973779072638386,15.459712370469237,22935.96,20295.0,109355.4,0.9999917024886605,usfs-2022,2022,full
8928308c65bffff,13.054384215048243,4.303522398578707,14276.52,23463.0,109361.88,0.9999897032476797,usfs-2022,2022,full
8928308c663ffff,9.847292554277324,6.674490487446073,10766.88,20326.0,109338.48,0.999964861970807,usfs-2022,2022,full
8928308c667ffff,6.99061924815694,7.68190549366116,7643.16,21627.0,109334.52,0.999978742849351,usfs-2022,2022,full
8928308c66bffff,9.94050970050733,7.750697261663286,10869.84,20957.0,109348.92,1.0,usfs-2022,2022,full
8928308c66fffff,7.66969130274456,4.143392620902543,8386.2,18781.0,109342.08,1.0,usfs-2022,2022,full
8928308c673ffff,8.40960269697249,6.750660027403669,9195.84,20090.0,109349.28,1.0,usfs-2022,2022,full
8928308c677ffff,7.353023483978021,6.59976369132563,8040.24,21912.0,109346.04,1.0,usfs-2022,2022,full
8928308c67bffff,10.931820576305116,6.942319264162297,11953.08,19486.0,109342.08,0.9999476958979174,usfs-2022,2022,full
8928308c683ffff,4.285361557834439,1.3953334764444592,4686.12,21497.0,109351.8,0.9999535142520442,usfs-2022,2022,full
8928308c687ffff,4.284689026718814,3.9284386351285643,4685.4,24184.0,109352.16,1.0,usfs-2022,2022,full
8928308c68bffff,3.8753871930846744,2.9944349315068495,4238.28,16316.0,109364.04,1.0,usfs-2022,2022,full
8928308c68fffff,6.395635942242736,7.326052886887734,6993.72,13411.0,109351.44,0.9999890945068678,usfs-2022,2022,full
8928308c693ffff,8.408055511665877,2.073822578055103,9195.48,15367.0,109365.12,1.0,usfs-2022,2022,full
8928308c697ffff,3.748851938783236,1.4221333492508803,4099.68,23781.0,109358.28,1.0,usfs-2022,2022,full
8928308c69bffff,6.764679740197321,1.4555320455941574,7397.64,20790.0,109356.84,0.9999495167767816,usfs-2022,2022,full
8928308c6a3ffff,8.887169525565469,1.5828745291219934,9717.48,19563.0,109342.8,1.0,usfs-2022,2022,full
8928308c6a7ffff,6.687257365071107,2.6344471086475885,7311.24,22512.0,109330.92,0.9999517448927878,usfs-2022,2022,full
8928308c6abffff,6.981674996213842,7.022149519148319,7634.16,25373.0,109345.68,1.0,usfs-2022,2022,full
8928308c6afffff,8.90551227767498,5.202366044070236,9737.28,25617.0,109339.92,1.0,usfs-2022,2022,full
8928308c6b3ffff,6.933675737073436,5.603297088740793,7581.6,11626.0,109344.6,0.9999878657238114,usfs-2022,2022,full
8928308c6b7ffff,10.682772970908564,15.714613067958622,11680.92,18538.0,109343.52,1.0,usfs-2022,2022,full
8928308c6bbffff,4.768849879173772,1.8391322298539954,5214.6,18830.0,109347.12,0.9999996861191727,usfs-2022,2022,full
8928308c6c3ffff,9.180472486561749,3.566009104704097,10040.4,15099.0,109366.92,1.0,usfs-2022,2022,full
8928308c6c7ffff,7.142927685181832,4.172057710616898,7811.28,14131.0,109356.84,0.9999771787991193,usfs-2022,2022,full
8928308c6cbffff,13.23326091250247,8.297881422250047,14472.0,23202.0,109360.8,0.9999521210336387,usfs-2022,2022,full
8928308c6cfffff,10.264446105073954,8.413385119352029,11224.8,23854.0,109356.12,0.9999593983409736,usfs-2022,2022,full
8928308c6d3ffff,2.0345287273086354,4.309835373575348,2225.16,8161.0,109369.8,1.0,usfs-2022,2022,full
8928308c6d7ffff,1.1810323829336211,0.38237215943467,1291.68,14819.0,109368.72,1.0,usfs-2022,2022,full
8928308c6dbffff,16.056969441628375,7.207506104682025,17561.88,25172.0,109372.32,1.0,usfs-2022,2022,full
8928308c803ffff,0.0,0.0,0.0,0.0,177696.0,1.0,chm-legacy,2009-2020,full
8928308c807ffff,0.0,0.0,0.0,0.0,177742.08,1.0,chm-legacy,2009-2020,full
8928308c80bffff,0.0,0.0,0.0,0.0,177770.88,1.0,chm-legacy,2009-2020,full
8928308c80fffff,0.0,0.0,0.0,0.0,177661.44,1.0,chm-legacy,2009-2020,full
8928308c813ffff,0.0,0.0,0.0,0.0,177759.36,1.0,chm-legacy,2009-2020,full
8928308c817ffff,0.0,0.0,0.0,0.0,177649.92,1.0,chm-legacy,2009-2020,full
8928308c81bffff,0.0,0.0,0.0,0.0,177719.04,1.0,chm-legacy,2009-2020,full
8928308c823ffff,0.0,0.0,0.0,0.0,177684.48,1.0,chm-legacy,2009-2020,full
8928308c827ffff,0.0,0.0,0.0,0.0,177724.8,1.0,chm-legacy,2009-2020,full
8928308c82bffff,0.0,0.0,0.0,0.0,177667.2,1.0,chm-legacy,2009-2020,full
8928308c82fffff,0.0,0.0,0.0,0.0,177776.64,1.0,chm-legacy,2009-2020,full
8928308c833ffff,0.0,0.0,0.0,0.0,177661.44,1.0,chm-legacy,2009-2020,full
8928308c837ffff,0.0,0.0,0.0,0.0,177770.88,1.0,chm-legacy,2009-2020,full
8928308c83bffff,0.0,0.0,0.0,0.0,177776.64,1.0,chm-legacy,2009-2020,full
8928308c843ffff,0.0,0.0,0.0,0.0,177667.2,1.0,chm-legacy,2009-2020,full
8928308c847ffff,0.0,0.0,0.0,0.0,177776.64,1.0,chm-legacy,2009-2020,full
8928308c84bffff,0.0,0.0,0.0,0.0,177719.04,1.0,chm-legacy,2009-2020,full
8928308c84fffff,0.0,0.0,0.0,0.0,177759.36,1.0,chm-legacy,2009-2020,full
8928308c853ffff,0.0,0.0,0.0,0.0,177765.12,1.0,chm-legacy,2009-2020,full
8928308c857ffff,0.0,0.0,0.0,0.0,177678.72,1.0,chm-legacy,2009-2020,full
8928308c85bffff,0.0,0.0,0.0,0.0,177799.68,1.0,chm-legacy,2009-2020,full
8928308c863ffff,0.0,0.0,0.0,0.0,177753.6,1.0,chm-legacy,2009-2020,full
8928308c867ffff,0.0,0.0,0.0,0.0,177724.8,1.0,chm-legacy,2009-2020,full
8928308c86bffff,0.0,0.0,0.0,0.0,177701.76,1.0,chm-legacy,2009-2020,full
8928308c86fffff,0.0,0.0,0.0,0.0,177799.68,1.0,chm-legacy,2009-2020,full
8928308c873ffff,0.0,0.0,0.0,0.0,177684.48,1.0,chm-legacy,2009-2020,full
8928308c877ffff,0.0,0.0,0.0,0.0,177776.64,1.0,chm-legacy,2009-2020,full
8928308c87bffff,0.0,0.0,0.0,0.0,177736.32,1.0,chm-legacy,2009-2020,full
8928308c883ffff,0.0,0.0,0.0,0.0,177713.28,1.0,chm-legacy,2009-2020,full
8928308c887ffff,0.0,0.0,0.0,0.0,177632.64,1.0,chm-legacy,2009-2020,full
8928308c88bffff,0.0,0.0,0.0,0.0,177649.92,1.0,chm-legacy,2009-2020,full
8928308c88fffff,0.0,0.0,0.0,0.0,177719.04,1.0,chm-legacy,2009-2020,full
8928308c893ffff,0.0,0.0,0.0,0.0,177592.32,1.0,chm-legacy,2009-2020,full
8928308c897ffff,0.0,0.0,0.0,0.0,177724.8,1.0,chm-legacy,2009-2020,full
8928308c89bffff,0.0,0.0,0.0,0.0,177672.96,1.0,chm-legacy,2009-2020,full
8928308c8a3ffff,0.0,0.0,0.0,0.0,177696.0,1.0,chm-legacy,2009-2020,full
8928308c8a7ffff,0.0,0.0,0.0,0.0,177719.04,1.0,chm-legacy,2009-2020,full
8928308c8abffff,0.0,0.0,0.0,0.0,177753.6,1.0,chm-legacy,2009-2020,full
8928308c8afffff,0.0,0.0,0.0,0.0,177638.4,1.0,chm-legacy,2009-2020,full
8928308c8b3ffff,0.0,0.0,0.0,0.0,177719.04,1.0,chm-legacy,2009-2020,full
8928308c8b7ffff,0.0,0.0,0.0,0.0,177603.84,1.0,chm-legacy,2009-2020,full
8928308c8bbffff,0.0,0.0,0.0,0.0,177672.96,1.0,chm-legacy,2009-2020,full
8928308c8c3ffff,0.0,0.0,0.0,0.0,177765.12,1.0,chm-legacy,2009-2020,full
8928308c8c7ffff,0.0,0.0,0.0,0.0,177638.4,1.0,chm-legacy,2009-2020,full
8928308c8cbffff,0.0,0.0,0.0,0.0,177707.52,1.0,chm-legacy,2009-2020,full
8928308c8cfffff,0.0,0.0,0.0,0.0,177713.28,1.0,chm-legacy,2009-2020,full
8928308c8d3ffff,0.0,0.0,0.0,0.0,177655.68,1.0,chm-legacy,2009-2020,full
8928308c8d7ffff,0.0,0.0,0.0,0.0,177736.32,1.0,chm-legacy,2009-2020,full
8928308c8dbffff,0.0,0.0,0.0,0.0,177655.68,1.0,chm-legacy,2009-2020,full
8928308c94bffff,0.0,0.0,0.0,0.0,177747.84,1.0,chm-legacy,2009-2020,full
8928308c953ffff,0.0,0.0,0.0,0.0,177707.52,1.0,chm-legacy,2009-2020,full
8928308c95bffff,0.0,0.0,0.0,0.0,177638.4,1.0,chm-legacy,2009-2020,full
8928308c9c3ffff,0.0,0.0,0.0,0.0,177667.2,1.0,chm-legacy,2009-2020,full
8928308c9cbffff,0.0,0.0,0.0,0.0,177626.88,1.0,chm-legacy,2009-2020,full
8928308c9d3ffff,0.0,0.0,0.0,0.0,177609.6,1.0,chm-legacy,2009-2020,full
8928308c9d7ffff,0.0,0.0,0.0,0.0,177724.8,1.0,chm-legacy,2009-2020,full
8928308c9dbffff,0.0,0.0,0.0,0.0,177736.32,1.0,chm-legacy,2009-2020,full
8928308ca03ffff,0.0,0.0,0.0,0.0,177747.84,1.0,chm-legacy,2009-2020,full
8928308ca07ffff,0.0,0.0,0.0,0.0,177805.44,1.0,chm-legacy,2009-2020,full
8928308ca0bffff,0.0,0.0,0.0,0.0,177765.12,1.0,chm-legacy,2009-2020,full
8928308ca0fffff,0.0,0.0,0.0,0.0,177811.2,1.0,chm-legacy,2009-2020,full
8928308ca13ffff,0.0,0.0,0.0,0.0,177822.72,1.0,chm-legacy,2009-2020,full
8928308ca17ffff,0.0,0.0,0.0,0.0,177730.56,1.0,chm-legacy,2009-2020,full
8928308ca1bffff,0.0,0.0,0.0,0.0,177822.72,1.0,chm-legacy,2009-2020,full
8928308ca23ffff,0.0,0.0,0.0,0.0,177747.84,1.0,chm-legacy,2009-2020,full
8928308ca27ffff,0.0,0.0,0.0,0.0,177840.0,1.0,chm-legacy,2009-2020,full
8928308ca2bffff,0.0,0.0,0.0,0.0,177753.6,1.0,chm-legacy,2009-2020,full
8928308ca2fffff,0.0,0.0,0.0,0.0,177857.28,1.0,chm-legacy,2009-2020,full
8928308ca33ffff,0.0,0.0,0.0,0.0,177736.32,1.0,chm-legacy,2009-2020,full
8928308ca37ffff,0.0,0.0,0.0,0.0,177770.88,1.0,chm-legacy,2009-2020,full
8928308ca3bffff,0.0,0.0,0.0,0.0,177765.12,1.0,chm-legacy,2009-2020,full
8928308ca43ffff,0.0,0.0,0.0,0.0,177857.28,1.0,chm-legacy,2009-2020,full
8928308ca47ffff,0.0,0.0,0.0,0.0,177765.12,1.0,chm-legacy,2009-2020,full
8928308ca4bffff,7.0436218789468565,0.0,7689.0,0.0,177863.04,1.0,chm-legacy,2009-2020,full
8928308ca4fffff,0.0,0.0,0.0,0.0,177788.16,1.0,chm-legacy,2009-2020,full
8928308ca53ffff,0.0,0.0,0.0,0.0,177776.64,1.0,chm-legacy,2009-2020,full
8928308ca57ffff,0.0,0.0,0.0,0.0,177845.76,1.0,chm-legacy,2009-2020,full
8928308ca5bffff,0.0162011535221307,0.0,18.0,0.0,177765.12,1.0,chm-legacy,2009-2020,full
8928308ca63ffff,0.0,0.0,0.0,0.0,177816.96,1.0,chm-legacy,2009-2020,full
8928308ca67ffff,0.0,0.0,0.0,0.0,177776.64,1.0,chm-legacy,2009-2020,full
8928308ca6bffff,0.0,0.0,0.0,0.0,177822.72,1.0,chm-legacy,2009-2020,full
8928308ca6fffff,0.0,0.0,0.0,0.0,177782.4,1.0,chm-legacy,2009-2020,full
8928308ca73ffff,0.0,0.0,0.0,0.0,177805.44,1.0,chm-legacy,2009-2020,full
8928308ca77ffff,0.0,0.0,0.0,0.0,177799.68,1.0,chm-legacy,2009-2020,full
8928308ca7bffff,0.0,0.0,0.0,0.0,177793.92,1.0,chm-legacy,2009-2020,full
8928308ca83ffff,0.0,0.0,0.0,0.0,177770.88,1.0,chm-legacy,2009-2020,full
8928308ca87ffff,0.0,0.0,0.0,0.0,177747.84,1.0,chm-legacy,2009-2020,full
8928308ca8bffff,0.0,0.0,0.0,0.0,177759.36,1.0,chm-legacy,2009-2020,full
8928308ca8fffff,0.0,0.0,0.0,0.0,177805.44,1.0,chm-legacy,2009-2020,full
8928308ca93ffff,0.0,0.0,0.0,0.0,177724.8,1.0,chm-legacy,2009-2020,full
8928308ca97ffff,0.0,0.0,0.0,0.0,177782.4,1.0,chm-legacy,2009-2020,full
8928308ca9bffff,0.0,0.0,0.0,0.0,177736.32,1.0,chm-legacy,2009-2020,full
8928308caa3ffff,0.0,0.0,0.0,0.0,177805.44,1.0,chm-legacy,2009-2020,full
8928308caa7ffff,0.0,0.0,0.0,0.0,177696.0,1.0,chm-legacy,2009-2020,full
8928308caabffff,0.0,0.0,0.0,0.0,177811.2,1.0,chm-legacy,2009-2020,full
8928308caafffff,0.0,0.0,0.0,0.0,177730.56,1.0,chm-legacy,2009-2020,full
8928308cab3ffff,0.0,0.0,0.0,0.0,177724.8,1.0,chm-legacy,2009-2020,full
8928308cab7ffff,0.0,0.0,0.0,0.0,177765.12,1.0,chm-legacy,2009-2020,full
8928308cabbffff,0.0,0.0,0.0,0.0,177707.52,1.0,chm-legacy,2009-2020,full
8928308cac3ffff,0.0,0.0,0.0,0.0,177793.92,1.0,chm-legacy,2009-2020,full
8928308cac7ffff,0.0,0.0,0.0,0.0,177730.56,1.0,chm-legacy,2009-2020,full
8928308cacbffff,0.0,0.0,0.0,0.0,177788.16,1.0,chm-legacy,2009-2020,full
8928308cacfffff,0.0,0.0,0.0,0.0,177759.36,1.0,chm-legacy,2009-2020,full
8928308cad3ffff,0.0,0.0,0.0,0.0,177799.68,1.0,chm-legacy,2009-2020,full
8928308cad7ffff,0.0,0.0,0.0,0.0,177742.08,1.0,chm-legacy,2009-2020,full
8928308cadbffff,0.0,0.0,0.0,0.0,177799.68,1.0,chm-legacy,2009-2020,full
8928308cb03ffff,0.0,0.0,0.0,0.0,177707.52,1.0,chm-legacy,2009-2020,full
8928308cb0bffff,0.0,0.0,0.0,0.0,177730.56,1.0,chm-legacy,2009-2020,full
8928308cb13ffff,0.0,0.0,0.0,0.0,177747.84,1.0,chm-legacy,2009-2020,full
8928308cb17ffff,0.0,0.0,0.0,0.0,177724.8,1.0,chm-legacy,2009-2020,full
8928308cb1bffff,0.0,0.0,0.0,0.0,177822.72,1.0,chm-legacy,2009-2020,full
8928308cb43ffff,0.0,0.0,0.0,0.0,177816.96,1.0,chm-legacy,2009-2020,full
8928308cb47ffff,0.0,0.0,0.0,0.0,177747.84,1.0,chm-legacy,2009-2020,full
8928308cb4bffff,0.0,0.0,0.0,0.0,177799.68,1.0,chm-legacy,2009-2020,full
8928308cb4fffff,0.0,0.0,0.0,0.0,177805.44,1.0,chm-legacy,2009-2020,full
8928308cb53ffff,0.0,0.0,0.0,0.0,177742.08,1.0,chm-legacy,2009-2020,full
8928308cb57ffff,0.0,0.0,0.0,0.0,177816.96,1.0,chm-legacy,2009-2020,full
8928308cb5bffff,0.0,0.0,0.0,0.0,177742.08,1.0,chm-legacy,2009-2020,full
8928308cb73ffff,0.0,0.0,0.0,0.0,177765.12,1.0,chm-legacy,2009-2020,full
8928308cb7bffff,0.0,0.0,0.0,0.0,177736.32,1.0,chm-legacy,2009-2020,full
8928308cb83ffff,0.0,0.0,0.0,0.0,177788.16,1.0,chm-legacy,2009-2020,full
8928308cb87ffff,0.0,0.0,0.0,0.0,177667.2,1.0,chm-legacy,2009-2020,full
8928308cb8bffff,0.0,0.0,0.0,0.0,177793.92,1.0,chm-legacy,2009-2020,full
8928308cb8fffff,0.0,0.0,0.0,0.0,177678.72,1.0,chm-legacy,2009-2020,full
8928308cb93ffff,0.0,0.0,0.0,0.0,177742.08,1.0,chm-legacy,2009-2020,full
8928308cb97ffff,0.0,0.0,0.0,0.0,177707.52,1.0,chm-legacy,2009-2020,full
8928308cb9bffff,0.0,0.0,0.0,0.0,177667.2,1.0,chm-legacy,2009-2020,full
8928308cbc3ffff,0.0,0.0,0.0,0.0,177730.56,1.0,chm-legacy,2009-2020,full
8928308cbc7ffff,0.0,0.0,0.0,0.0,177759.36,1.0,chm-legacy,2009-2020,full
8928308cbcbffff,0.0,0.0,0.0,0.0,177782.4,1.0,chm-legacy,2009-2020,full
8928308cbcfffff,0.0,0.0,0.0,0.0,177713.28,1.0,chm-legacy,2009-2020,full
8928308cbd3ffff,0.0,0.0,0.0,0.0,177811.2,1.0,chm-legacy,2009-2020,full
8928308cbd7ffff,0.0,0.0,0.0,0.0,177696.0,1.0,chm-legacy,2009-2020,full
8928308cbdbffff,0.0,0.0,0.0,0.0,177793.92,1.0,chm-legacy,2009-2020,full
8928308cc03ffff,0.0,0.0,0.0,0.0,177701.76,1.0,chm-legacy,2009-2020,full
8928308cc07ffff,0.0,0.0,0.0,0.0,177586.56,1.0,chm-legacy,2009-2020,full
8928308cc0bffff,0.0,0.0,0.0,0.0,177638.4,1.0,chm-legacy,2009-2020,full
8928308cc0fffff,0.0,0.0,0.0,0.0,177672.96,1.0,chm-legacy,2009-2020,full
8928308cc13ffff,0.0,0.0,0.0,0.0,177569.28,1.0,chm-legacy,2009-2020,full
8928308cc17ffff,0.0,0.0,0.0,0.0,177701.76,1.0,chm-legacy,2009-2020,full
8928308cc1bffff,0.0,0.0,0.0,0.0,177661.44,1.0,chm-legacy,2009-2020,full
8928308cc23ffff,0.0,0.0,0.0,0.0,177598.08,1.0,chm-legacy,2009-2020,full
8928308cc27ffff,0.0,0.0,0.0,0.0,177696.0,1.0,chm-legacy,2009-2020,full
8928308cc2bffff,0.0,0.0,0.0,0.0,177696.0,1.0,chm-legacy,2009-2020,full
8928308cc2fffff,0.0,0.0,0.0,0.0,177672.96,1.0,chm-legacy,2009-2020,full
8928308cc33ffff,0.0,0.0,0.0,0.0,177690.24,1.0,chm-legacy,2009-2020,full
8928308cc37ffff,0.0,0.0,0.0,0.0,177615.36,1.0,chm-legacy,2009-2020,full
8928308cc3bffff,0.0,0.0,0.0,0.0,177696.0,1.0,chm-legacy,2009-2020,full
8928308cc43ffff,0.0,0.0,0.0,0.0,107094.24,0.9803358839225766,usfs-2022,2022,partial
8928308cc47ffff,0.0,0.0,0.0,0.0,3636.0,0.03328545398269898,usfs-2022,2022,partial
8928308cc4bffff,0.0,0.0,0.0,0.0,66495.6,0.6086908899671395,usfs-2022,2022,partial
8928308cc4fffff,0.0,0.0,0.0,0.0,14870.16,0.13612608549530875,usfs-2022,2022,partial
8928308cc53ffff,0.0,0.0,0.0,0.0,85847.04,0.7858093422447059,usfs-2022,2022,partial
8928308cc57ffff,0.0,0.0,0.0,0.0,2957.4,0.027072212667461362,usfs-2022,2022,partial
8928308cc5bffff,0.010544734388026453,0.0,11.52,0.0,109248.84,1.0,usfs-2022,2022,full
8928308cc63ffff,0.0,0.0,0.0,0.0,177632.64,1.0,chm-legacy,2009-2020,full
8928308cc67ffff,0.0,0.0,0.0,0.0,177736.32,1.0,chm-legacy,2009-2020,full
8928308cc6bffff,0.0,0.0,0.0,0.0,177730.56,1.0,chm-legacy,2009-2020,full
8928308cc6fffff,0.0,0.0,0.0,0.0,177684.48,1.0,chm-legacy,2009-2020,full
8928308cc73ffff,0.0,0.0,0.0,0.0,177719.04,1.0,chm-legacy,2009-2020,full
8928308cc77ffff,0.0,0.0,0.0,0.0,177609.6,1.0,chm-legacy,2009-2020,full
8928308cc7bffff,0.0,0.0,0.0,0.0,177713.28,1.0,chm-legacy,2009-2020,full
8928308cc83ffff,1.0241701448314584,0.0,545.04,0.0,53217.72,0.4871556599460678,usfs-2022,2022,partial
8928308cc87ffff,25.87436596461255,20.555361508906742,22789.8,4913.0,88078.68,0.8063138429543252,usfs-2022,2022,partial
8928308cc8bffff,0.0,0.0,0.0,0.0,177678.72,1.0,chm-legacy,2009-2020,full
8928308cc8fffff,0.0,0.0,0.0,0.0,3421.08,0.031317827933890305,usfs-2022,2022,partial
8928308cc93ffff,41.399672456346735,19.495744339168137,45228.96,3609.0,109249.56,1.0,usfs-2022,2022,full
8928308cc97ffff,57.250051902601065,15.587581558758156,62541.72,4238.0,109243.08,1.0,usfs-2022,2022,full
8928308cc9bffff,21.318575012092374,0.0,6822.72,0.0,32003.64,0.2929469890071966,usfs-2022,2022,partial
8928308cca3ffff,2.4762737262737264,0.0,2141.64,0.0,86486.4,0.7918080089447523,usfs-2022,2022,partial
8928308cca7ffff,10.159490827405467,0.0,2442.24,0.0,24039.0,0.2200950657402865,usfs-2022,2022,partial
8928308ccabffff,0.19389238972370335,0.0,2.88,0.0,1485.36,0.013598746565774379,usfs-2022,2022,partial
8928308ccafffff,0.0,0.0,0.0,0.0,108.72,0.0009954018327266016,usfs-2022,2022,partial
8928308ccb3ffff,8.449344143431547,15.096481271282633,9229.32,2154.0,109231.2,1.0,usfs-2022,2022,full
8928308ccb7ffff,10.865524060646012,20.56716995741386,11867.76,2955.0,109224.0,0.9999886397689817,usfs-2022,2022,full
8928308ccbbffff,18.59139152594584,0.0,11949.84,0.0,64276.2,0.5884376177585817,usfs-2022,2022,partial
8928308ccc3ffff,0.0,0.0,0.0,0.0,34329.6,0.3142306817544598,usfs-2022,2022,partial
8928308ccc7ffff,0.0,0.0,0.0,0.0,177707.52,1.0,chm-legacy,2009-2020,full
8928308cccbffff,0.0,0.0,0.0,0.0,50556.96,0.46276008684202546,usfs-2022,2022,partial
8928308cccfffff,0.0,0.0,0.0,0.0,6923.16,0.06337254248320325,usfs-2022,2022,partial
8928308ccd3ffff,0.0,0.0,0.0,0.0,10579.68,0.09683569238496173,usfs-2022,2022,partial
8928308ccd7ffff,0.0,0.0,0.0,0.0,177569.28,1.0,chm-legacy,2009-2020,full
8928308ccdbffff,0.0,0.0,0.0,0.0,81841.32,0.749084224279597,usfs-2022,2022,partial
8928308cd03ffff,0.0,0.0,0.0,0.0,177684.48,1.0,chm-legacy,2009-2020,full
8928308cd07ffff,0.0,0.0,0.0,0.0,177667.2,1.0,chm-legacy,2009-2020,full
8928308cd0bffff,0.0,0.0,0.0,0.0,177690.24,1.0,chm-legacy,2009-2020,full
8928308cd0fffff,0.0,0.0,0.0,0.0,177563.52,1.0,chm-legacy,2009-2020,full
8928308cd13ffff,0.0,0.0,0.0,0.0,177690.24,1.0,chm-legacy,2009-2020,full
8928308cd17ffff,0.0,0.0,0.0,0.0,177505.92,1.0,chm-legacy,2009-2020,full
8928308cd1bffff,0.0,0.0,0.0,0.0,177557.76,1.0,chm-legacy,2009-2020,full
8928308cd2bffff,0.0,0.0,0.0,0.0,177598.08,1.0,chm-legacy,2009-2020,full
8928308cd33ffff,0.0,0.0,0.0,0.0,177557.76,1.0,chm-legacy,2009-2020,full
8928308cd3bffff,0.0,0.0,0.0,0.0,177701.76,1.0,chm-legacy,2009-2020,full
8928308cd43ffff,0.0,0.0,0.0,0.0,177724.8,1.0,chm-legacy,2009-2020,full
8928308cd47ffff,0.0,0.0,0.0,0.0,177575.04,1.0,chm-legacy,2009-2020,full
8928308cd4bffff,0.0,0.0,0.0,0.0,177632.64,1.0,chm-legacy,2009-2020,full
8928308cd4fffff,0.0,0.0,0.0,0.0,177684.48,1.0,chm-legacy,2009-2020,full
8928308cd53ffff,0.0,0.0,0.0,0.0,177598.08,1.0,chm-legacy,2009-2020,full
8928308cd57ffff,0.0,0.0,0.0,0.0,177667.2,1.0,chm-legacy,2009-2020,full
8928308cd5bffff,0.0,0.0,0.0,0.0,177632.64,1.0,chm-legacy,2009-2020,full
8928308cd63ffff,0.0,0.0,0.0,0.0,177586.56,1.0,chm-legacy,2009-2020,full
8928308cd67ffff,0.0,0.0,0.0,0.0,177713.28,1.0,chm-legacy,2009-2020,full
8928308cd6bffff,0.0,0.0,0.0,0.0,177730.56,1.0,chm-legacy,2009-2020,full
8928308cd6fffff,0.0,0.0,0.0,0.0,177672.96,1.0,chm-legacy,2009-2020,full
8928308cd73ffff,0.0,0.0,0.0,0.0,177707.52,1.0,chm-legacy,2009-2020,full
8928308cd77ffff,0.0,0.0,0.0,0.0,177661.44,1.0,chm-legacy,2009-2020,full
8928308cd7bffff,0.0,0.0,0.0,0.0,177719.04,1.0,chm-legacy,2009-2020,full
8928308cd83ffff,0.0,0.0,0.0,0.0,177649.92,1.0,chm-legacy,2009-2020,full
8928308cd87ffff,0.0,0.0,0.0,0.0,177534.72,1.0,chm-legacy,2009-2020,full
8928308cd8bffff,0.0,0.0,0.0,0.0,177540.48,1.0,chm-legacy,2009-2020,full
8928308cd8fffff,0.0,0.0,0.0,0.0,177649.92,1.0,chm-legacy,2009-2020,full
8928308cd93ffff,0.0,0.0,0.0,0.0,177552.0,1.0,chm-legacy,2009-2020,full
8928308cd97ffff,0.0,0.0,0.0,0.0,177580.8,1.0,chm-legacy,2009-2020,full
8928308cd9bffff,4.570196158981206,0.0,1762.2,4558.0,38558.52,0.35307167452939003,usfs-2022,2022,partial
8928308cda3ffff,0.0,0.0,0.0,0.0,177528.96,1.0,chm-legacy,2009-2020,full
8928308cdabffff,0.0,0.0,0.0,0.0,177667.2,1.0,chm-legacy,2009-2020,full
8928308cdafffff,0.0,0.0,0.0,0.0,177661.44,1.0,chm-legacy,2009-2020,full
8928308cdb3ffff,0.0,0.0,0.0,0.0,177603.84,1.0,chm-legacy,2009-2020,full
8928308cdbbffff,0.0,0.0,0.0,0.0,177684.48,1.0,chm-legacy,2009-2020,full
8928308cdc3ffff,0.0,0.0,0.0,0.0,177569.28,1.0,chm-legacy,2009-2020,full
8928308cdc7ffff,0.0,0.0,0.0,0.0,177649.92,1.0,chm-legacy,2009-2020,full
8928308cdcbffff,0.0,0.0,0.0,0.0,177626.88,1.0,chm-legacy,2009-2020,full
8928308cdcfffff,0.0,0.0,0.0,0.0,177690.24,1.0,chm-legacy,2009-2020,full
8928308cdd3ffff,31.51596289668174,12.923380466951661,8305.2,1907.0,26352.36,0.24128774560982652,usfs-2022,2022,partial
8928308cdd7ffff,6.432418713516257,3.462143731421577,821.16,1988.0,12765.96,0.1168936920628928,usfs-2022,2022,partial
8928308cddbffff,0.0,0.0,0.0,0.0,177684.48,1.0,chm-legacy,2009-2020,full
8928308ce03ffff,0.0,0.0,0.0,0.0,344.52,0.0031537017022545176,usfs-2022,2022,partial
8928308ce07ffff,0.0,0.0,0.0,0.0,177724.8,1.0,chm-legacy,2009-2020,full
8928308ce0bffff,0.0,0.0,0.0,0.0,177730.56,1.0,chm-legacy,2009-2020,full
8928308ce0fffff,0.0,0.0,0.0,0.0,177753.6,1.0,chm-legacy,2009-2020,full
8928308ce13ffff,0.0,0.0,0.0,0.0,97219.08,0.8898990517485507,usfs-2022,2022,partial
8928308ce17ffff,0.0,0.0,0.0,0.0,5145.12,0.04709844416805525,usfs-2022,2022,partial
8928308ce1bffff,0.0,0.0,0.0,0.0,9230.4,0.08448991668584464,usfs-2022,2022,partial
8928308ce23ffff,0.0,0.0,0.0,0.0,177770.88,1.0,chm-legacy,2009-2020,full
8928308ce27ffff,0.0,0.0,0.0,0.0,177696.0,1.0,chm-legacy,2009-2020,full
8928308ce2bffff,0.0,0.0,0.0,0.0,177799.68,1.0,chm-legacy,2009-2020,full
8928308ce2fffff,0.0,0.0,0.0,0.0,177678.72,1.0,chm-legacy,2009-2020,full
8928308ce33ffff,0.0,0.0,0.0,0.0,177707.52,1.0,chm-legacy,2009-2020,full
8928308ce37ffff,0.0,0.0,0.0,0.0,177742.08,1.0,chm-legacy,2009-2020,full
8928308ce3bffff,0.0,0.0,0.0,0.0,177696.0,1.0,chm-legacy,2009-2020,full
8928308ce43ffff,2.3728681262927838,0.0,218.88,0.0,9224.28,0.08443200386055433,usfs-2022,2022,partial
8928308ce47ffff,0.0,0.0,0.0,0.0,177719.04,1.0,chm-legacy,2009-2020,full
8928308ce4bffff,0.0,0.0,0.0,0.0,2656.8,0.024318042762097605,usfs-2022,2022,partial
8928308ce4fffff,0.0,0.0,0.0,0.0,177730.56,1.0,chm-legacy,2009-2020,full
8928308ce53ffff,0.0,0.0,0.0,0.0,66110.04,0.6050971388231071,usfs-2022,2022,partial
8928308ce57ffff,3.753804531619885,0.0,79.92,0.0,2129.04,0.019487822200362964,usfs-2022,2022,partial
8928308ce5bffff,3.089580012999386,0.6557377049180327,2498.4,4145.0,80865.36,0.7401424909485924,usfs-2022,2022,partial
8928308ce63ffff,0.0,0.0,0.0,0.0,177701.76,1.0,chm-legacy,2009-2020,full
8928308ce67ffff,0.0,0.0,0.0,0.0,177816.96,1.0,chm-legacy,2009-2020,full
8928308ce6bffff,0.0,0.0,0.0,0.0,177742.08,1.0,chm-legacy,2009-2020,full
8928308ce6fffff,0.0,0.0,0.0,0.0,177788.16,1.0,chm-legacy,2009-2020,full
8928308ce73ffff,0.0,0.0,0.0,0.0,177788.16,1.0,chm-legacy,2009-2020,full
8928308ce77ffff,0.0,0.0,0.0,0.0,177713.28,1.0,chm-legacy,2009-2020,full
8928308ce7bffff,0.0,0.0,0.0,0.0,177811.2,1.0,chm-legacy,2009-2020,full
8928308ce83ffff,0.0,0.0,0.0,0.0,109250.28,0.9999994149119631,usfs-2022,2022,full
8928308ce87ffff,0.0,0.0,0.0,0.0,48274.92,0.4418965043592202,usfs-2022,2022,partial
8928308ce8bffff,0.18618220200768917,0.0,182.88,0.0,98226.36,0.8990841768359943,usfs-2022,2022,partial
8928308ce8fffff,0.0,0.0,0.0,0.0,4638.6,0.042460102841735,usfs-2022,2022,partial
8928308ce93ffff,0.9749973639814424,0.0,1065.24,0.0,109255.68,1.0,usfs-2022,2022,full
8928308ce97ffff,0.0,0.0,0.0,0.0,109249.56,1.0,usfs-2022,2022,full
8928308ce9bffff,1.5914752283420979,0.0,1738.8,0.0,109257.12,1.0,usfs-2022,2022,full
8928308cea3ffff,0.0,0.0,0.0,0.0,177667.2,1.0,chm-legacy,2009-2020,full
8928308cea7ffff,0.0,0.0,0.0,0.0,177736.32,1.0,chm-legacy,2009-2020,full
8928308ceabffff,0.0,0.0,0.0,0.0,177655.68,1.0,chm-legacy,2009-2020,full
8928308ceafffff,0.0,0.0,0.0,0.0,177770.88,1.0,chm-legacy,2009-2020,full
8928308ceb3ffff,0.0,0.0,0.0,0.0,177747.84,1.0,chm-legacy,2009-2020,full
8928308ceb7ffff,0.0,0.0,0.0,0.0,177649.92,1.0,chm-legacy,2009-2020,full
8928308cebbffff,0.0,0.0,0.0,0.0,177742.08,1.0,chm-legacy,2009-2020,full
8928308cec3ffff,0.0,0.0,0.0,0.0,109257.84,0.9999959165967471,usfs-2022,2022,full
8928308cec7ffff,0.02347060884742782,0.0,25.56,0.0,108902.16,0.9967905651605488,usfs-2022,2022,full
8928308cecbffff,0.7055001160362032,0.0,766.08,2918.0,108586.8,0.9938429887608551,usfs-2022,2022,full
8928308cecfffff,0.0,0.0,0.0,0.0,29338.2,0.26853198050314697,usfs-2022,2022,partial
8928308ced3ffff,1.8776914181034623,0.0,2051.64,2213.0,109263.96,1.0,usfs-2022,2022,full
8928308ced7ffff,0.8517634964150148,0.19957926533254222,930.6,6661.0,109255.68,0.9999873765956134,usfs-2022,2022,full
8928308cedbffff,1.2523392814781624,0.0,1368.36,1123.0,109264.32,1.0,usfs-2022,2022,full
8928308d003ffff,24.630410523301173,8.41069165708897,26936.28,11188.0,109361.88,0.9999563753711598,usfs-2022,2022,full
8928308d007ffff,27.251690290130814,22.890438039746126,29804.04,10672.0,109365.84,1.0,usfs-2022,2022,full
8928308d00bffff,27.28140543067154,8.84,29836.44,2461.0,109365.48,0.9999782323421251,usfs-2022,2022,full
8928308d00fffff,18.053109580067613,9.79260259304951,19743.48,13951.0,109363.32,1.0,usfs-2022,2022,full
8928308d013ffff,11.390342648365754,3.0204723635380573,12457.8,14206.0,109371.6,1.0,usfs-2022,2022,full
8928308d017ffff,50.31437431282054,42.65762990347094,55023.84,3015.0,109360.08,0.999950986136571,usfs-2022,2022,full
8928308d01bffff,23.443249968730047,7.828594973217965,25639.92,5637.0,109370.16,0.9999820586268947,usfs-2022,2022,full
8928308d023ffff,11.966473200617598,8.231458842705788,13085.64,6080.0,109352.52,1.0,usfs-2022,2022,full
8928308d027ffff,10.618222043708148,3.0008515136388993,11610.72,23785.0,109347.12,1.0,usfs-2022,2022,full
8928308d02bffff,17.570953097377178,6.292350584368826,19214.28,18271.0,109352.52,0.999998769651892,usfs-2022,2022,full
8928308d02fffff,13.595240760372155,5.321187546865888,14866.2,24546.0,109348.56,1.0,usfs-2022,2022,full
8928308d033ffff,27.520797463812247,6.470869149952245,30095.28,2820.0,109354.68,0.9999906103476897,usfs-2022,2022,full
8928308d037ffff,32.4661642748735,7.228680004470772,35501.4,11952.0,109348.92,0.9999879858180156,usfs-2022,2022,full
8928308d03bffff,16.97479655526586,11.900628407951684,18563.04,12971.0,109356.48,0.9999960012152829,usfs-2022,2022,full
8928308d043ffff,41.675855553982935,0.8261376896149358,45581.4,7649.0,109371.24,0.9999698324510607,usfs-2022,2022,full
8928308d047ffff,42.90651630805083,8.30278449418922,46927.08,8465.0,109370.52,1.0,usfs-2022,2022,full
8928308d04bffff,60.476024331156516,2.828409805153991,66143.16,557.0,109370.88,0.9999555054951863,usfs-2022,2022,full
8928308d04fffff,58.702499876569625,3.2358814192821668,64204.92,6804.0,109373.4,1.0,usfs-2022,2022,full
8928308d053ffff,14.237002514580618,3.833187242937091,15572.16,10269.0,109378.08,0.9999934027710555,usfs-2022,2022,full
8928308d057ffff,11.627929941442316,2.667744543249798,12717.36,17338.0,109369.08,0.9999611290161252,usfs-2022,2022,full
8928308d05bffff,59.88085442517197,2.1087084831249667,65496.96,6568.0,109378.8,0.9999889443238398,usfs-2022,2022,full
8928308d063ffff,29.806901001375984,8.202078888838454,32597.28,7281.0,109361.52,1.0,usfs-2022,2022,full
8928308d067ffff,12.74843212457408,1.482685081750787,13940.64,6985.0,109351.8,0.999981131351185,usfs-2022,2022,full
8928308d06bffff,17.35663967344789,2.0115173429757602,18981.36,13170.0,109360.8,1.0,usfs-2022,2022,full
8928308d06fffff,19.518369765604422,1.8645006461140854,21344.04,11483.0,109353.6,0.9999865472643281,usfs-2022,2022,full
8928308d073ffff,16.300504967377922,2.6684438868851603,17826.48,13407.0,109361.52,0.9999809965409107,usfs-2022,2022,full
8928308d077ffff,18.838346928966928,6.411014443787481,20601.36,11966.0,109358.64,1.0,usfs-2022,2022,full
8928308d07bffff,51.734126879624995,3.3812626376095256,56577.6,6193.0,109362.24,0.9999765351858082,usfs-2022,2022,full
8928308d083ffff,17.153497409326423,0.0,18750.0,0.0,177868.8,1.0,chm-legacy,2009-2020,full
8928308d087ffff,30.44111931597357,0.0,33273.0,0.0,177845.76,1.0,chm-legacy,2009-2020,full
8928308d08bffff,21.738284417058537,19.25378717037591,14478.48,3109.0,66603.6,0.608946240896622,usfs-2022,2022,partial
8928308d08fffff,30.31419551702002,13.467579089073368,12410.28,5554.0,40938.84,0.37431610126825093,usfs-2022,2022,partial
8928308d093ffff,26.13779922904992,0.0,28572.0,0.0,177816.96,1.0,chm-legacy,2009-2020,full
8928308d097ffff,53.01567763669345,0.0,57950.0,0.0,177822.72,1.0,chm-legacy,2009-2020,full
8928308d09bffff,98.69781692837994,0.0,927.72,0.0,939.96,0.008593571804428048,usfs-2022,2022,partial
8928308d0a3ffff,50.480756605479456,0.0,48441.96,0.0,95961.24,0.877490230313661,usfs-2022,2022,partial
8928308d0a7ffff,29.15204488345897,5.515262196712758,19379.16,6519.0,66476.16,0.6079027383943942,usfs-2022,2022,partial
8928308d0abffff,38.42375583375539,34.92503894080997,40694.4,9626.0,105909.48,0.9684483434196528,usfs-2022,2022,partial
8928308d0afffff,27.620195156638882,5.829476341659335,30203.28,8863.0,109352.16,0.9999786448772243,usfs-2022,2022,full
8928308d0b3ffff,39.288428324697755,0.0,22520.52,0.0,57321.0,0.5241351429515033,usfs-2022,2022,partial
8928308d0b7ffff,43.320905116996656,0.0,7278.12,0.0,16800.48,0.1536289090637456,usfs-2022,2022,partial
8928308d0bbffff,18.372982158028886,27.820869310698082,3114.0,1776.0,16948.8,0.15497571920176526,usfs-2022,2022,partial
8928308d0c3ffff,13.206007128775438,4.451091350040421,14445.0,21275.0,109382.04,1.0,usfs-2022,2022,full
8928308d0c7ffff,45.496226421304506,14.294821498626911,49762.08,6292.0,109376.28,0.9999990574189134,usfs-2022,2022,full
8928308d0cbffff,14.688932698352097,4.539863150611209,16067.16,8940.0,109382.76,0.9999972313311711,usfs-2022,2022,full
8928308d0cfffff,18.56080678552973,1.3232773397326019,20301.12,5181.0,109376.28,0.9999879968655907,usfs-2022,2022,full
8928308d0d3ffff,38.097037756901706,12.856723644633556,38104.2,8553.0,100018.8,0.914364693466977,usfs-2022,2022,partial
8928308d0d7ffff,37.2891070619667,9.174121073434574,29041.92,1572.0,77883.12,0.7120375029952095,usfs-2022,2022,partial
8928308d0dbffff,25.00916988922774,9.133332241743487,25773.12,19978.0,103054.68,0.9421080696844764,usfs-2022,2022,partial
8928308d103ffff,19.434419535839414,9.919062616410985,21247.2,9576.0,109327.68,0.9999940057033752,usfs-2022,2022,full
8928308d107ffff,38.20865934297532,10.429948686051937,41770.44,8295.0,109321.92,0.9999914089068084,usfs-2022,2022,full
8928308d10bffff,20.61581723708733,8.581959802489742,22539.24,14197.0,109329.84,1.0,usfs-2022,2022,full
8928308d10fffff,25.16827366368977,11.619763973544288,27514.44,12267.0,109321.92,0.9999803124914175,usfs-2022,2022,full
8928308d113ffff,31.824003740397945,9.156278229448962,34795.08,9051.0,109335.96,1.0,usfs-2022,2022,full
8928308d117ffff,26.134488924305938,7.017158631073747,28571.76,10671.0,109325.88,0.9999886430931253,usfs-2022,2022,full
8928308d11bffff,17.93184063220283,10.862654237836091,19605.24,5955.0,109332.0,0.9999834372105955,usfs-2022,2022,full
8928308d123ffff,38.21354823623951,13.520884168221617,41771.52,15183.0,109310.76,0.9999784192415777,usfs-2022,2022,full
8928308d127ffff,15.886163706365334,0.0,17364.6,1177.0,109306.44,0.9999890079982875,usfs-2022,2022,full
8928308d12bffff,27.706296331668057,11.366292453164288,30287.16,18020.0,109315.08,1.0,usfs-2022,2022,full
8928308d12fffff,10.159829006346394,2.4110057515933465,11105.64,22600.0,109309.32,1.0,usfs-2022,2022,full
8928308d133ffff,18.833707102939773,6.377551020408164,20588.76,11891.0,109318.68,1.0,usfs-2022,2022,full
8928308d137ffff,12.06338960500056,0.0,13186.8,9567.0,109312.56,1.0,usfs-2022,2022,full
8928308d13bffff,17.23894924374397,2.512270918648892,18845.64,12084.0,109320.12,1.0,usfs-2022,2022,full
8928308d143ffff,19.523887919396792,14.169998710176706,21346.56,11978.0,109335.6,0.9999941986472204,usfs-2022,2022,full
8928308d147ffff,14.50853976167035,11.266357211168389,15862.32,13695.0,109330.92,1.0,usfs-2022,2022,full
8928308d14bffff,12.613552926611638,3.830068236847898,13791.24,20447.0,109336.68,0.9999930085254165,usfs-2022,2022,full
8928308d14fffff,14.314925058609699,4.784433422357879,15651.0,17968.0,109333.44,1.0,usfs-2022,2022,full
8928308d153ffff,20.86697132923312,3.6792696899138853,22816.08,18764.0,109340.64,1.0,usfs-2022,2022,full
8928308d157ffff,19.502036435234118,13.236514522821578,21323.16,5269.0,109338.12,1.0,usfs-2022,2022,full
8928308d15bffff,14.957560432758473,2.4421125661260947,16354.8,20249.0,109341.36,0.9999968143214713,usfs-2022,2022,full
8928308d163ffff,14.740759035152712,8.538611783225956,16115.04,11295.0,109323.0,1.0,usfs-2022,2022,full
8928308d167ffff,24.760910515985405,11.962784106799917,27067.32,16998.0,109314.72,0.9999924631964774,usfs-2022,2022,full
8928308d16bffff,17.996990183519774,16.83802308802309,19674.72,13278.0,109322.28,1.0,usfs-2022,2022,full
8928308d16fffff,10.679742737742007,5.824472305983177,11674.8,14954.0,109317.24,1.0,usfs-2022,2022,full
8928308d173ffff,18.57891287954874,5.106087646242316,20311.56,13782.0,109325.88,1.0,usfs-2022,2022,full
8928308d177ffff,30.208587179166308,3.8755773672055427,33023.52,4795.0,109318.32,0.9999863839968461,usfs-2022,2022,full
8928308d17bffff,20.32046996993536,11.43232004269608,22215.24,14338.0,109324.44,0.9999811994962821,usfs-2022,2022,full
8928308d183ffff,18.84801411831331,8.926253687315635,20608.2,11115.0,109338.84,1.0,usfs-2022,2022,full
8928308d187ffff,35.10939892329728,10.260889820638248,38386.44,5548.0,109333.8,1.0,usfs-2022,2022,full
8928308d18bffff,29.15423671888891,2.9603050011213274,31875.12,9346.0,109332.72,0.9999621442461091,usfs-2022,2022,full
8928308d18fffff,39.47756623443334,20.167115139498655,43160.76,10147.0,109329.84,0.9999858847283866,usfs-2022,2022,full
8928308d193ffff,27.20371170192398,11.729190905946355,21994.56,10106.0,80851.32,0.7394493406016277,usfs-2022,2022,partial
8928308d197ffff,12.850703228291534,7.132334027079485,13331.52,14297.0,103741.56,0.9488462310660521,usfs-2022,2022,partial
8928308d19bffff,41.19771525092234,0.07556131260794474,13346.28,3333.0,32395.68,0.2962808510976916,usfs-2022,2022,partial
8928308d1a3ffff,1.7239221781682628,0.0,1884.6,0.0,109320.48,1.0,usfs-2022,2022,full
8928308d1a7ffff,20.383067570326755,13.968396553836104,22281.84,7585.0,109315.44,1.0,usfs-2022,2022,full
8928308d1abffff,23.55963012724255,10.176595890881606,25755.84,4706.0,109321.92,1.0,usfs-2022,2022,full
8928308d1afffff,29.976321656627796,0.0,32768.64,0.0,109315.08,0.9999900486934742,usfs-2022,2022,full
8928308d1b3ffff,18.69506946479671,1.869789112309956,20438.28,11525.0,109324.44,0.9999977040301087,usfs-2022,2022,full
8928308d1b7ffff,11.284071038341342,4.796716685904835,12335.76,2672.0,109320.12,1.0,usfs-2022,2022,full
8928308d1bbffff,38.20431173295838,8.290451686678102,41767.2,4620.0,109325.88,0.9999997545011579,usfs-2022,2022,full
8928308d1c3ffff,39.107259851385564,26.62419103998395,42762.24,5265.0,109346.04,1.0,usfs-2022,2022,full
8928308d1c7ffff,36.408085051741566,16.8141592920354,39808.44,3046.0,109339.56,1.0,usfs-2022,2022,full
8928308d1cbffff,22.97057932651153,4.212317397078353,25116.84,16618.0,109343.52,0.9999886590225157,usfs-2022,2022,full
8928308d1cfffff,27.35142076322808,4.9514618875294385,29904.84,11914.0,109335.6,0.99996629039698,usfs-2022,2022,full
8928308d1d3ffff,17.296706787108203,9.388912320164957,12938.76,13922.0,74804.76,0.6840993052601031,usfs-2022,2022,partial
8928308d1d7ffff,12.585565863998054,4.348452354278032,13039.2,21515.0,103604.4,0.9475232146555471,usfs-2022,2022,partial
8928308d1dbffff,32.66610918333081,11.999623245737967,35719.92,13454.0,109348.56,0.9999957769947199,usfs-2022,2022,full
8928308d203ffff,69.23190015050162,35.070306038047974,64419.48,848.0,93048.84,0.8507315031907935,usfs-2022,2022,partial
8928308d207ffff,78.83061994325251,18.043576940535633,86216.04,3900.0,109368.72,0.9999917029071552,usfs-2022,2022,full
8928308d20bffff,21.590156176053004,67.88321167883211,821.16,48.0,3803.4,0.034773530047522025,usfs-2022,2022,partial
8928308d20fffff,34.205140052446204,5.928668875462872,30381.84,8688.0,88822.44,0.8121218418018147,usfs-2022,2022,partial
8928308d213ffff,36.1661461004149,0.0,2792.88,0.0,7722.36,0.0706016189490826,usfs-2022,2022,partial
8928308d217ffff,73.46335001966725,0.0,78665.76,0.0,107081.64,0.9790420469674146,usfs-2022,2022,partial
8928308d21bffff,75.51020408163265,0.0,13.32,0.0,17.64,0.0001612717954842559,usfs-2022,2022,partial
8928308d223ffff,16.28996365743179,5.864094107687695,17814.6,19215.0,109359.36,0.999995138479106,usfs-2022,2022,full
8928308d227ffff,13.925084114118661,5.427078264181284,15227.28,16091.0,109351.44,0.9999727355001983,usfs-2022,2022,full
8928308d22bffff,11.75756059503784,3.1970601745521363,12858.12,7587.0,109360.44,0.9999940183846511,usfs-2022,2022,full
8928308d22fffff,24.485610255532364,13.131686634127101,26775.72,12686.0,109352.88,0.999974903588938,usfs-2022,2022,full
8928308d233ffff,59.605781606433375,9.859528226875165,65187.72,4897.0,109364.76,1.0,usfs-2022,2022,full
8928308d237ffff,57.97684455168827,21.053515450067174,63402.48,5077.0,109358.28,0.9999962682321843,usfs-2022,2022,full
8928308d23bffff,12.308092378996156,1.6460283902144368,13460.76,18757.0,109365.12,0.9999977945582953,usfs-2022,2022,full
8928308d24bffff,0.0,0.0,0.0,0.0,175.32,0.0016027913868352586,usfs-2022,2022,partial
8928308d24fffff,53.70808095730536,0.0,15705.36,0.0,29242.08,0.26734711666086813,usfs-2022,2022,partial
8928308d263ffff,14.225993758969835,6.6196121428081955,15558.48,4906.0,109366.56,0.9999889888059438,usfs-2022,2022,full
8928308d267ffff,12.144604172084495,17.092138630600168,13281.48,1765.0,109361.16,0.9999896161051569,usfs-2022,2022,full
8928308d26bffff,15.820103555992981,2.836181003495987,17301.96,7104.0,109366.92,0.9999813089139775,usfs-2022,2022,full
8928308d26fffff,8.676803154842045,0.0,9489.24,0.0,109363.32,0.9999983906859574,usfs-2022,2022,full
8928308d273ffff,32.70899755883554,9.620432061376944,13554.36,6446.0,41439.24,0.3788833336909761,usfs-2022,2022,partial
8928308d277ffff,16.257451620017576,5.940153326189102,17780.04,20539.0,109365.48,0.999990095143283,usfs-2022,2022,full
8928308d27bffff,19.29456656715927,1.8509746766259791,16892.64,9697.0,87551.28,0.8004817828596573,usfs-2022,2022,partial
8928308d283ffff,65.61972373344919,0.03814852492370295,71775.72,2830.0,109381.32,0.9999899302240739,usfs-2022,2022,full
8928308d287ffff,60.368844095400476,0.0,66027.24,0.0,109373.04,0.9999642280672274,usfs-2022,2022,full
8928308d28bffff,7.830181064865884,2.024025012341616,5238.72,2143.0,66904.2,0.611647304675987,usfs-2022,2022,partial
8928308d28fffff,37.149843976113445,0.0,37244.16,0.0,100253.88,0.9165804418269701,usfs-2022,2022,partial
8928308d293ffff,77.71444368385025,0.0,85010.4,0.0,109388.16,1.0,usfs-2022,2022,full
8928308d297ffff,43.86503067484663,0.0,47979.36,0.0,109379.52,0.999984495608085,usfs-2022,2022,full
8928308d29bffff,15.012341615928912,2.022611504534725,16421.4,14195.0,109386.0,0.9999827250759634,usfs-2022,2022,full
8928308d2a3ffff,52.10607397263881,2.33152674097556,56985.12,3438.0,109363.68,0.9999676416451709,usfs-2022,2022,full
8928308d2a7ffff,20.624261397115703,3.8903038972820205,22555.08,9917.0,109361.88,1.0,usfs-2022,2022,full
8928308d2abffff,93.3563970559191,0.0,102100.68,0.0,109366.56,0.9999829592361877,usfs-2022,2022,full
8928308d2afffff,89.9113523620168,0.0,98330.04,0.0,109363.32,1.0,usfs-2022,2022,full
8928308d2b3ffff,49.21845943197191,0.0,53833.32,0.0,109376.28,1.0,usfs-2022,2022,full
8928308d2b7ffff,48.794867405788324,1.5371145053020723,53363.16,3644.0,109362.24,0.9999655001619073,usfs-2022,2022,full
8928308d2bbffff,47.06771025330455,0.0,51481.08,0.0,109376.64,1.0,usfs-2022,2022,full
8928308d2d3ffff,11.73389862210861,1.0148995897214426,8130.24,8251.0,69288.48,0.6333813988121992,usfs-2022,2022,partial
8928308d2d7ffff,10.159601788627711,1.5109294693169855,9684.36,5726.0,95322.24,0.8714053361354385,usfs-2022,2022,partial
8928308d303ffff,38.74527932252722,0.8913239021996892,42363.36,8726.0,109338.12,1.0,usfs-2022,2022,full
8928308d307ffff,44.5737748640933,5.441789912779674,48733.56,7181.0,109332.36,1.0,usfs-2022,2022,full
8928308d30bffff,19.06892668760742,7.397078353253653,20849.4,17572.0,109337.04,0.9999911530749314,usfs-2022,2022,full
8928308d30fffff,23.579053426669212,3.631929625919958,25779.96,15933.0,109334.16,1.0,usfs-2022,2022,full
8928308d313ffff,77.34276739913474,47.61846304934937,84566.52,4608.0,109339.92,0.9999894960101792,usfs-2022,2022,full
8928308d317ffff,47.71310695435433,5.9948711481061085,52167.24,8050.0,109335.24,0.9999967473857885,usfs-2022,2022,full
8928308d31bffff,44.247484591476585,9.245548390520925,48381.12,12312.0,109342.08,0.9999982217052392,usfs-2022,2022,full
8928308d323ffff,15.481733701271757,3.5277041524675,16925.04,11007.0,109322.64,1.0,usfs-2022,2022,full
8928308d327ffff,24.618819608643822,1.4991671293725708,26912.88,7025.0,109318.32,1.0,usfs-2022,2022,full
8928308d32bffff,13.77389059392247,6.478104894897566,15058.08,11356.0,109323.36,1.0,usfs-2022,2022,full
8928308d32fffff,10.637330935891482,4.07955124936257,11628.36,8126.0,109316.52,0.9999926901467634,usfs-2022,2022,full
8928308d333ffff,41.02774347575533,9.496195612026298,44852.76,8821.0,109323.0,0.9999738832793068,usfs-2022,2022,full
8928308d337ffff,49.67909349262853,5.873925501432665,54309.96,237.0,109321.56,1.0,usfs-2022,2022,full
8928308d33bffff,11.199799791888937,3.7162441159468167,12244.32,12592.0,109326.24,0.9999924865410167,usfs-2022,2022,full
8928308d343ffff,16.666502046232004,6.18999280971112,18223.56,15969.0,109342.44,0.9999794856205888,usfs-2022,2022,full
8928308d347ffff,16.708207257366183,3.8518920385189204,18268.56,15312.0,109338.84,0.9999966017468872,usfs-2022,2022,full
8928308d34bffff,22.00192930067789,7.191558441558442,24058.08,12349.0,109345.32,0.9999948246254844,usfs-2022,2022,full
8928308d34fffff,22.444390301721302,0.5373134328358209,24540.84,600.0,109340.64,1.0,usfs-2022,2022,full
8928308d353ffff,24.785596001962144,4.383612749784318,27102.96,14763.0,109349.64,1.0,usfs-2022,2022,full
8928308d357ffff,14.073591192235261,4.004299919376511,15388.56,20575.0,109343.52,1.0,usfs-2022,2022,full
8928308d35bffff,19.788052173798533,7.8936676533751235,21638.52,11426.0,109351.44,1.0,usfs-2022,2022,full
8928308d363ffff,5.70707918852262,4.454876413105959,6239.52,7181.0,109329.48,1.0,usfs-2022,2022,full
8928308d367ffff,17.24667079387242,1.8801792554390007,18854.64,14109.0,109323.36,0.9999941672102992,usfs-2022,2022,full
8928308d36bffff,4.614138434031288,1.3322494693582623,5044.68,7865.0,109330.92,1.0,usfs-2022,2022,full
8928308d36fffff,14.985231115750514,1.8610008959426598,16382.52,13802.0,109324.44,0.9999930378617397,usfs-2022,2022,full
8928308d373ffff,19.384069304550827,3.035299407929251,21193.2,18631.0,109333.08,0.9999939691949197,usfs-2022,2022,full
8928308d377ffff,21.342957245594164,4.034743000044657,23333.76,15472.0,109327.68,0.9999946348561894,usfs-2022,2022,full
8928308d37bffff,32.05074594430853,5.690359683196287,35042.76,6730.0,109335.24,1.0,usfs-2022,2022,full
8928308d383ffff,24.84904753438819,6.435146683490579,27171.36,11746.0,109345.68,1.0,usfs-2022,2022,full
8928308d387ffff,36.45750334191585,28.53356464748687,39862.08,10678.0,109338.48,0.9999984130834494,usfs-2022,2022,full
8928308d38bffff,74.45118980207278,68.8079711612459,81411.84,5545.0,109349.28,1.0,usfs-2022,2022,full
8928308d38fffff,55.50422768938995,47.1052425970779,60686.28,7312.0,109336.32,0.9999676097924526,usfs-2022,2022,full
8928308d393ffff,11.799236188845724,4.028335301062573,12902.04,21948.0,109346.4,0.9999817921386792,usfs-2022,2022,full
8928308d397ffff,14.48839223097666,6.5700751438843366,15841.44,21798.0,109338.84,0.9999627042682263,usfs-2022,2022,full
8928308d39bffff,39.90926569742941,25.67588746963404,43639.92,6829.0,109347.84,0.9999839121128802,usfs-2022,2022,full
8928308d3a3ffff,38.778030228193224,21.102497846683892,42395.4,12531.0,109328.4,0.9999952962061391,usfs-2022,2022,full
8928308d3a7ffff,15.630700939811248,5.900971210544571,17088.12,15626.0,109324.08,1.0,usfs-2022,2022,full
8928308d3abffff,39.95936659301724,16.191270793137612,43687.08,11572.0,109328.76,0.9999875412474185,usfs-2022,2022,full
8928308d3afffff,46.585636523497314,45.18284623292701,50928.48,2687.0,109322.28,0.9999783398380346,usfs-2022,2022,full
8928308d3b3ffff,15.004165171265916,8.72568070610821,16404.84,14035.0,109335.24,1.0,usfs-2022,2022,full
8928308d3b7ffff,17.98651883707682,6.41399416909621,19663.92,13174.0,109325.88,0.9999833038337352,usfs-2022,2022,full
8928308d3bbffff,56.13926488842939,32.968388589051656,61380.0,7825.0,109335.24,1.0,usfs-2022,2022,full
8928308d3c3ffff,93.75524675812075,84.94894183809383,102524.4,732.0,109353.24,1.0,usfs-2022,2022,full
8928308d3c7ffff,90.60559568569867,78.58252494217558,99072.0,2233.0,109344.24,0.9999789586817098,usfs-2022,2022,full
8928308d3cbffff,45.64952594153279,18.02894383146313,49919.4,9441.0,109353.6,1.0,usfs-2022,2022,full
8928308d3cfffff,43.34542677105213,9.189678587596198,47397.6,9388.0,109348.56,1.0,usfs-2022,2022,full
8928308d3d3ffff,28.33765130740793,4.018005386857544,30989.16,9365.0,109356.84,1.0,usfs-2022,2022,full
8928308d3d7ffff,74.65761542310833,71.34359400998336,81638.64,4960.0,109350.72,0.999999210305635,usfs-2022,2022,full
8928308d3dbffff,82.71044497042199,0.0,90450.72,0.0,109358.28,1.0,usfs-2022,2022,full
8928308d403ffff,12.252234745433348,0.0,13396.0,0.0,177845.76,1.0,chm-legacy,2009-2020,full
8928308d407ffff,17.335535905159848,0.0,18952.0,0.0,177828.48,1.0,chm-legacy,2009-2020,full
8928308d40bffff,41.556800881085806,0.0,45435.0,0.0,177816.96,1.0,chm-legacy,2009-2020,full
8928308d40fffff,19.02818270165209,0.0,20803.0,0.0,177811.2,1.0,chm-legacy,2009-2020,full
8928308d413ffff,12.664420397848769,0.0,13847.0,0.0,177788.16,1.0,chm-legacy,2009-2020,full
8928308d417ffff,31.340720580611713,0.0,34265.0,0.0,177776.64,1.0,chm-legacy,2009-2020,full
8928308d41bffff,16.54412955465587,0.0,18089.0,0.0,177840.0,1.0,chm-legacy,2009-2020,full
8928308d423ffff,14.761904761904765,0.0,16137.0,0.0,177811.2,1.0,chm-legacy,2009-2020,full
8928308d427ffff,42.23892200051827,0.0,46172.0,0.0,177822.72,1.0,chm-legacy,2009-2020,full
8928308d42bffff,51.097869032968454,0.0,55859.0,0.0,177857.28,1.0,chm-legacy,2009-2020,full
8928308d42fffff,20.13538023059982,0.0,22010.0,0.0,177845.76,1.0,chm-legacy,2009-2020,full
8928308d433ffff,23.172351245424807,0.0,25332.0,0.0,177828.48,1.0,chm-legacy,2009-2020,full
8928308d437ffff,32.31721144189964,0.0,35328.0,0.0,177805.44,1.0,chm-legacy,2009-2020,full
8928308d43bffff,13.22038290841945,0.0,14453.0,0.0,177805.44,1.0,chm-legacy,2009-2020,full
8928308d443ffff,59.38977780656863,0.0,64937.0,0.0,177834.24,1.0,chm-legacy,2009-2020,full
8928308d447ffff,68.93078094127554,0.0,75365.0,0.0,177828.48,1.0,chm-legacy,2009-2020,full
8928308d44bffff,77.25125704708212,21.8014329580348,5475.6,275.0,7088.04,0.06478683027467731,usfs-2022,2022,partial
8928308d44fffff,52.27984366786278,24.179943767572635,8234.64,1165.0,15751.08,0.14397683378460902,usfs-2022,2022,partial
8928308d453ffff,44.46171783909833,0.0,48616.0,0.0,177845.76,1.0,chm-legacy,2009-2020,full
8928308d457ffff,44.025136859836095,0.0,48137.0,0.0,177816.96,1.0,chm-legacy,2009-2020,full
8928308d45bffff,62.069188909043795,0.0,67870.0,0.0,177822.72,1.0,chm-legacy,2009-2020,full
8928308d463ffff,39.53428118016647,0.0,43221.0,0.0,177851.52,1.0,chm-legacy,2009-2020,full
8928308d467ffff,80.67305823670402,0.0,88191.0,0.0,177834.24,1.0,chm-legacy,2009-2020,full
8928308d46bffff,47.166276346604214,0.0,1450.08,0.0,3074.4,0.02810484993064874,usfs-2022,2022,partial
8928308d46fffff,58.95635673624289,28.826707300180082,31318.56,1850.0,53121.6,0.48563923230912026,usfs-2022,2022,partial
8928308d473ffff,63.62105263157895,0.0,69556.0,0.0,177840.0,1.0,chm-legacy,2009-2020,full
8928308d477ffff,31.22166083689597,0.0,34133.0,0.0,177845.76,1.0,chm-legacy,2009-2020,full
8928308d47bffff,33.447762160761705,22.69779507133593,36569.0,3433.0,177857.28,1.0,chm-legacy,2009-2020,full
8928308d483ffff,31.861188516622384,0.0,34837.0,0.0,177765.12,1.0,chm-legacy,2009-2020,full
8928308d487ffff,50.531397835525894,0.0,55248.0,0.0,177765.12,1.0,chm-legacy,2009-2020,full
8928308d48bffff,44.31523710805908,0.0,48455.0,0.0,177822.72,1.0,chm-legacy,2009-2020,full
8928308d48fffff,65.08923654973601,0.0,71166.0,0.0,177828.48,1.0,chm-legacy,2009-2020,full
8928308d493ffff,36.37836086815678,0.0,39778.0,0.0,177811.2,1.0,chm-legacy,2009-2020,full
8928308d497ffff,57.97589736944408,0.0,63390.0,0.0,177799.68,1.0,chm-legacy,2009-2020,full
8928308d49bffff,36.902987492709485,0.0,40352.0,0.0,177765.12,1.0,chm-legacy,2009-2020,full
8928308d4a3ffff,5.273899381256276,0.0,5766.0,0.0,177805.44,1.0,chm-legacy,2009-2020,full
8928308d4a7ffff,0.4276688806091042,0.0,468.0,0.0,177782.4,1.0,chm-legacy,2009-2020,full
8928308d4abffff,20.640165872938734,0.0,22565.0,0.0,177793.92,1.0,chm-legacy,2009-2020,full
8928308d4afffff,0.6965593209356574,0.0,761.0,0.0,177788.16,1.0,chm-legacy,2009-2020,full
8928308d4b3ffff,36.32269560991414,0.0,39711.0,0.0,177782.4,1.0,chm-legacy,2009-2020,full
8928308d4b7ffff,44.88109894382168,0.0,49065.0,0.0,177788.16,1.0,chm-legacy,2009-2020,full
8928308d4bbffff,20.20863029674744,0.0,22094.0,0.0,177799.68,1.0,chm-legacy,2009-2020,full
8928308d4c3ffff,26.37921539408468,0.0,28845.0,0.0,177805.44,1.0,chm-legacy,2009-2020,full
8928308d4c7ffff,12.525108533661632,0.0,13695.0,0.0,177788.16,1.0,chm-legacy,2009-2020,full
8928308d4cbffff,17.233560090702948,0.0,18845.0,0.0,177811.2,1.0,chm-legacy,2009-2020,full
8928308d4cfffff,5.043078318326099,0.0,5514.0,0.0,177834.24,1.0,chm-legacy,2009-2020,full
8928308d4d3ffff,32.00634879502462,0.0,35000.0,0.0,177822.72,1.0,chm-legacy,2009-2020,full
8928308d4d7ffff,63.2069970845481,0.0,69115.0,0.0,177811.2,1.0,chm-legacy,2009-2020,full
8928308d4dbffff,2.115390845184489,0.0,2313.0,0.0,177805.44,1.0,chm-legacy,2009-2020,full
8928308d503ffff,11.298629781996048,0.0,12349.0,0.0,177816.96,1.0,chm-legacy,2009-2020,full
8928308d507ffff,22.68545513443473,0.0,24793.0,0.0,177811.2,1.0,chm-legacy,2009-2020,full
8928308d50bffff,24.704395995983024,0.0,27001.0,0.0,177805.44,1.0,chm-legacy,2009-2020,full
8928308d50fffff,62.10393313030519,36.795252225519285,67873.0,1227.0,177788.16,1.0,chm-legacy,2009-2020,full
8928308d513ffff,10.088770815784358,0.0,11027.0,0.0,177788.16,1.0,chm-legacy,2009-2020,full
8928308d517ffff,49.76346315857689,0.0,54388.0,0.0,177765.12,1.0,chm-legacy,2009-2020,full
8928308d51bffff,23.00116625631722,0.0,25140.0,0.0,177799.68,1.0,chm-legacy,2009-2020,full
8928308d523ffff,4.904120238403731,0.0,5359.0,0.0,177822.72,1.0,chm-legacy,2009-2020,full
8928308d527ffff,17.128759883564896,2.6702508960573477,5973.84,5865.0,34876.08,0.3189764685043239,usfs-2022,2022,partial
8928308d52bffff,11.739933266383751,0.0,12829.0,0.0,177805.44,1.0,chm-legacy,2009-2020,full
8928308d52fffff,20.46629997537148,0.0,897.48,0.0,4385.16,0.040106206690641445,usfs-2022,2022,partial
8928308d533ffff,34.55482115085536,17.647058823529413,37762.0,484.0,177776.64,1.0,chm-legacy,2009-2020,full
8928308d537ffff,45.47987816732552,0.0,49699.0,0.0,177765.12,1.0,chm-legacy,2009-2020,full
8928308d53bffff,29.941361324391742,0.0,32721.0,0.0,177793.92,1.0,chm-legacy,2009-2020,full
8928308d543ffff,4.072046389581781,0.0,4451.0,0.0,177805.44,1.0,chm-legacy,2009-2020,full
8928308d547ffff,16.70229996760609,0.0,18255.0,0.0,177811.2,1.0,chm-legacy,2009-2020,full
8928308d54bffff,17.2555623927195,0.0,18861.0,0.0,177851.52,1.0,chm-legacy,2009-2020,full
8928308d54fffff,22.836507319600983,0.0,24960.0,0.0,177845.76,1.0,chm-legacy,2009-2020,full
8928308d553ffff,44.903313574968415,0.0,49082.0,0.0,177828.48,1.0,chm-legacy,2009-2020,full
8928308d557ffff,8.696919638519095,0.0,9506.0,0.0,177828.48,1.0,chm-legacy,2009-2020,full
8928308d55bffff,15.736451686048394,0.0,17201.0,0.0,177816.96,1.0,chm-legacy,2009-2020,full
8928308d563ffff,39.844509232264336,0.0,43545.0,0.0,177811.2,1.0,chm-legacy,2009-2020,full
8928308d567ffff,54.99514091350826,6.3720452209660845,60099.0,5247.0,177811.2,1.0,chm-legacy,2009-2020,full
8928308d56bffff,30.2027333376514,0.9068425391591096,33008.0,6924.0,177857.28,1.0,chm-legacy,2009-2020,full
8928308d56fffff,50.493689162125655,32.78703286807744,7805.88,2687.0,15459.12,0.14137724220622316,usfs-2022,2022,partial
8928308d573ffff,52.987854251012145,0.0,57911.0,0.0,177840.0,1.0,chm-legacy,2009-2020,full
8928308d577ffff,60.70746007579929,47.68976897689769,66344.0,3652.0,177816.96,1.0,chm-legacy,2009-2020,full
8928308d57bffff,42.92747708353578,0.0,46916.0,0.0,177828.48,1.0,chm-legacy,2009-2020,full
8928308d583ffff,32.24863091322645,5.252555622369212,29297.52,11345.0,90848.88,0.8306908797957622,usfs-2022,2022,partial
8928308d587ffff,11.411152711971107,2.891271497445492,11158.56,24291.0,97786.44,0.8941703031945882,usfs-2022,2022,partial
8928308d58bffff,53.96254536029031,0.0,58982.0,0.0,177776.64,1.0,chm-legacy,2009-2020,full
8928308d58fffff,69.24982307147913,0.0,704.52,0.0,1017.36,0.00930275152665132,usfs-2022,2022,partial
8928308d593ffff,12.00401593205833,6.5999273966099805,13128.12,24082.0,109364.4,0.9999515200680659,usfs-2022,2022,full
8928308d597ffff,12.359975904169698,4.145180765679381,13517.28,24292.0,109363.32,0.9999917026235379,usfs-2022,2022,full
8928308d59bffff,70.53689567430025,12.03160270880361,39918.24,1403.0,56592.0,0.5174318631949845,usfs-2022,2022,partial
8928308d5a3ffff,27.76245094682504,9.837739450844598,30358.44,14623.0,109350.72,1.0,usfs-2022,2022,full
8928308d5a7ffff,12.531484280084157,3.048272028166404,13701.96,18835.0,109340.28,0.9999589817759387,usfs-2022,2022,full
8928308d5abffff,70.19478133039324,38.12384473197782,6188.4,964.0,8816.04,0.08062114503859252,usfs-2022,2022,partial
8928308d5afffff,51.82202658380805,39.65644042866148,21614.76,4135.0,41709.6,0.38144610402834533,usfs-2022,2022,partial
8928308d5b3ffff,8.97718668729631,4.988152915797292,9817.2,19344.0,109357.2,1.0,usfs-2022,2022,full
8928308d5b7ffff,10.45711181708943,3.091459801145717,11435.04,21193.0,109351.8,1.0,usfs-2022,2022,full
8928308d5bbffff,57.561225211886324,23.30432314823574,38067.84,5837.0,66134.52,0.6047650880820107,usfs-2022,2022,partial
8928308d5c3ffff,26.840724304363317,0.0,29339.0,0.0,177816.96,1.0,chm-legacy,2009-2020,full
8928308d5c7ffff,72.61565375145781,0.0,79371.0,0.0,177799.68,1.0,chm-legacy,2009-2020,full
8928308d5cbffff,36.89820514481954,0.0,40334.0,0.0,177788.16,1.0,chm-legacy,2009-2020,full
8928308d5cfffff,77.5092334607659,0.0,84721.0,0.0,177788.16,1.0,chm-legacy,2009-2020,full
8928308d5d3ffff,7.468489777403363,0.0,8164.0,0.0,177770.88,1.0,chm-legacy,2009-2020,full
8928308d5d7ffff,37.68388309247619,0.0,41191.0,0.0,177765.12,1.0,chm-legacy,2009-2020,full
8928308d5dbffff,0.9297654528962032,0.0,1016.0,0.0,177799.68,1.0,chm-legacy,2009-2020,full
8928308d607ffff,15.912915720582344,0.0,2144.52,0.0,13476.6,0.123187069532428,usfs-2022,2022,partial
8928308d623ffff,73.87191524293264,13.879896941269736,41467.32,4693.0,56134.08,0.5131567181534176,usfs-2022,2022,partial
8928308d627ffff,38.161735907925525,5.3375751148815835,41742.36,7713.0,109382.76,0.9999861851160377,usfs-2022,2022,full
8928308d62bffff,86.10133911579142,26.826630618452178,53747.28,3897.0,62423.28,0.5706439317599966,usfs-2022,2022,partial
8928308d62fffff,82.21000839243693,0.0,89924.76,0.0,109384.2,0.9999883132424888,usfs-2022,2022,full
8928308d633ffff,60.48999636805787,0.0,27580.68,0.0,45595.44,0.4168001865992986,usfs-2022,2022,partial
8928308d637ffff,55.072923674490035,15.537215820616632,46857.96,9764.0,85083.48,0.7778098699407132,usfs-2022,2022,partial
8928308d63bffff,40.41705792831007,0.0,44188.0,0.0,177886.08,1.0,chm-legacy,2009-2020,full
8928308d643ffff,48.37829951517328,0.0,31037.04,0.0,64154.88,0.5863561802566811,usfs-2022,2022,partial
8928308d647ffff,66.24054914444886,0.0,43147.08,0.0,65136.96,0.5953618369370384,usfs-2022,2022,partial
8928308d64bffff,29.991700409949445,0.0,4293.0,0.0,14313.96,0.13082382124917832,usfs-2022,2022,partial
8928308d64fffff,15.470740463671214,8.18145403564991,15559.92,6602.0,100576.44,0.9192740172582096,usfs-2022,2022,partial
8928308d657ffff,83.9865836128414,0.0,3155.04,0.0,3756.6,0.03433456483416021,usfs-2022,2022,partial
8928308d663ffff,20.415558089446346,5.812676759274663,14502.6,10191.0,71037.0,0.6493468505878773,usfs-2022,2022,partial
8928308d667ffff,51.72639655656405,23.098506104496852,39801.6,7302.0,76946.4,0.7033996332486085,usfs-2022,2022,partial
8928308d66bffff,15.681035135232968,4.673745880629806,17154.72,23430.0,109397.88,0.9999913688840192,usfs-2022,2022,full
8928308d66fffff,14.84851676089804,6.15520514218054,16242.84,17976.0,109390.32,0.999972235418402,usfs-2022,2022,full
8928308d673ffff,96.5658348712188,0.0,4332.6,0.0,4486.68,0.0410109947026774,usfs-2022,2022,partial
8928308d67bffff,19.548812795155744,5.3651490987873505,21384.72,11322.0,109391.4,0.9998931768585485,usfs-2022,2022,full
8928308d683ffff,12.318253942553676,0.0,13470.0,0.0,177874.56,1.0,chm-legacy,2009-2020,full
8928308d687ffff,97.7078477078477,0.0,905.4,0.0,926.64,0.008469676283736923,usfs-2022,2022,partial
8928308d697ffff,18.62694300518135,0.0,20368.0,0.0,177868.8,1.0,chm-legacy,2009-2020,full
8928308d6a3ffff,38.93805309734513,10.416169332378452,38380.32,8106.0,98567.64,0.901008192084051,usfs-2022,2022,partial
8928308d6a7ffff,40.99831531124519,14.748334566987417,34956.0,6634.0,85262.04,0.7794204791078493,usfs-2022,2022,partial
8928308d6abffff,7.299048774017508,0.0,693.36,0.0,9499.32,0.08683245886154933,usfs-2022,2022,partial
8928308d6afffff,40.92017401486686,2.958508719182201,19877.04,2905.0,48575.16,0.4440435142294221,usfs-2022,2022,partial
8928308d6b3ffff,44.71711483235744,6.85463010863942,30214.8,5185.0,67568.76,0.6176229480579994,usfs-2022,2022,partial
8928308d6b7ffff,28.12939194173325,6.279752861339006,13041.72,3331.0,46363.32,0.4238124523296337,usfs-2022,2022,partial
8928308d6bbffff,24.200411010448928,9.861407249466952,3009.96,1218.0,12437.64,0.113686960434725,usfs-2022,2022,partial
8928308d803ffff,0.0,0.0,0.0,0.0,177880.32,1.0,chm-legacy,2009-2020,full
8928308d807ffff,0.0,0.0,0.0,0.0,177920.64,1.0,chm-legacy,2009-2020,full
8928308d80bffff,0.0,0.0,0.0,0.0,177914.88,1.0,chm-legacy,2009-2020,full
8928308d80fffff,0.0,0.0,0.0,0.0,177891.84,1.0,chm-legacy,2009-2020,full
8928308d813ffff,2.883431040633224,0.0,1542.24,383.0,53486.28,0.48951244811904365,usfs-2022,2022,partial
8928308d817ffff,0.0,0.0,0.0,0.0,5534.28,0.05065289391256825,usfs-2022,2022,partial
8928308d81bffff,2.3858194136199042,0.0,588.24,0.0,24655.68,0.2256490523257981,usfs-2022,2022,partial
8928308d823ffff,0.0,0.0,0.0,0.0,177880.32,1.0,chm-legacy,2009-2020,full
8928308d827ffff,0.0,0.0,0.0,0.0,177932.16,1.0,chm-legacy,2009-2020,full
8928308d82bffff,0.0,0.0,0.0,0.0,177914.88,1.0,chm-legacy,2009-2020,full
8928308d82fffff,0.0,0.0,0.0,0.0,177897.6,1.0,chm-legacy,2009-2020,full
8928308d833ffff,0.0,0.0,0.0,0.0,177874.56,1.0,chm-legacy,2009-2020,full
8928308d837ffff,0.0,0.0,0.0,0.0,177851.52,1.0,chm-legacy,2009-2020,full
8928308d83bffff,0.0,0.0,0.0,0.0,177886.08,1.0,chm-legacy,2009-2020,full
8928308d843ffff,7.867884638398022,0.8052217409870067,3550.32,5854.0,45124.2,0.4129680205820638,usfs-2022,2022,partial
8928308d847ffff,0.0,0.0,0.0,0.0,177903.36,1.0,chm-legacy,2009-2020,full
8928308d84bffff,18.827341917082823,0.477836518910126,13260.24,7048.0,70430.76,0.6445616709531276,usfs-2022,2022,partial
8928308d84fffff,0.0,0.0,0.0,0.0,177914.88,1.0,chm-legacy,2009-2020,full
8928308d853ffff,6.1868270890713335,1.942553191489362,6760.44,16591.0,109271.52,0.9999929070598387,usfs-2022,2022,full
8928308d857ffff,1.8456472430428423,0.0,577.08,4215.0,31267.08,0.28615348574187127,usfs-2022,2022,partial
8928308d85bffff,7.557208652623395,2.027338078543858,8258.04,19920.0,109273.68,1.0,usfs-2022,2022,full
8928308d863ffff,0.0,0.0,0.0,0.0,177949.44,1.0,chm-legacy,2009-2020,full
8928308d867ffff,0.0,0.0,0.0,0.0,177909.12,1.0,chm-legacy,2009-2020,full
8928308d86bffff,0.0,0.0,0.0,0.0,177937.92,1.0,chm-legacy,2009-2020,full
8928308d86fffff,0.0,0.0,0.0,0.0,177926.4,1.0,chm-legacy,2009-2020,full
8928308d873ffff,0.0,0.0,0.0,0.0,177903.36,1.0,chm-legacy,2009-2020,full
8928308d877ffff,0.0,0.0,0.0,0.0,177903.36,1.0,chm-legacy,2009-2020,full
8928308d87bffff,0.0,0.0,0.0,0.0,177909.12,1.0,chm-legacy,2009-2020,full
8928308d883ffff,15.839206112302689,4.329908236716303,17307.0,6268.0,109266.84,0.9999944499145206,usfs-2022,2022,full
8928308d887ffff,1.3907513879507751,0.0,1519.56,3157.0,109261.8,0.9999984928520534,usfs-2022,2022,full
8928308d88bffff,8.75345110468296,4.018107920563064,9564.84,20914.0,109269.36,1.0,usfs-2022,2022,full
8928308d88fffff,5.964197677330907,2.9059222458796623,6515.28,8865.0,109239.84,0.9997863979326906,usfs-2022,2022,full
8928308d893ffff,3.7297550175928738,2.1447423253229614,4075.56,25361.0,109271.52,0.9999982313971536,usfs-2022,2022,full
8928308d897ffff,14.669166219141344,1.8036635034006783,16028.64,17620.0,109267.56,1.0,usfs-2022,2022,full
8928308d89bffff,7.219877642593819,3.9280525076406634,7889.4,20709.0,109273.32,1.0,usfs-2022,2022,full
8928308d8a3ffff,5.286758717351365,0.0,4019.4,0.0,76027.68,0.6958914330803918,usfs-2022,2022,partial
8928308d8a7ffff,9.415757845537502,0.0,3045.96,0.0,32349.6,0.2961150384723428,usfs-2022,2022,partial
8928308d8abffff,4.484813159769445,0.0,4897.0,0.0,177880.32,1.0,chm-legacy,2009-2020,full
8928308d8afffff,1.3212007383180595,0.0,1443.0,0.0,177874.56,1.0,chm-legacy,2009-2020,full
8928308d8b3ffff,7.475015733580238,4.298673165448145,8166.96,5089.0,109256.76,1.0,usfs-2022,2022,full
8928308d8b7ffff,0.840923170201268,4.766589161151851,918.72,3834.0,109251.36,1.0,usfs-2022,2022,full
8928308d8bbffff,2.2032728154796337,0.0,2125.44,88.0,96467.4,0.8829345917288858,usfs-2022,2022,partial
8928308d8c3ffff,7.034917622873859,1.5027008829515371,7687.44,23172.0,109275.48,1.0,usfs-2022,2022,full
8928308d8c7ffff,8.12445639282043,3.4705520442977797,8877.6,12426.0,109270.08,1.0,usfs-2022,2022,full
8928308d8cbffff,22.949555912816592,0.8051359196559104,25078.32,16854.0,109275.84,0.9999933716206559,usfs-2022,2022,full
8928308d8cfffff,6.188474361846527,1.1602144133412746,6762.24,14936.0,109271.52,1.0,usfs-2022,2022,full
8928308d8d3ffff,8.050403557898205,2.5720068503814417,8797.32,22528.0,109278.0,0.9999851665064861,usfs-2022,2022,full
8928308d8d7ffff,6.800444094498566,3.793607621802632,7431.12,22030.0,109274.04,0.9999990766893732,usfs-2022,2022,full
8928308d8dbffff,13.484034405173295,4.413569251474488,14735.52,17387.0,109281.24,1.0,usfs-2022,2022,full
8928308d903ffff,0.0,0.0,0.0,0.0,177845.76,1.0,chm-legacy,2009-2020,full
8928308d907ffff,0.0,0.0,0.0,0.0,177903.36,1.0,chm-legacy,2009-2020,full
8928308d90bffff,0.0,0.0,0.0,0.0,177851.52,1.0,chm-legacy,2009-2020,full
8928308d90fffff,0.0,0.0,0.0,0.0,177886.08,1.0,chm-legacy,2009-2020,full
8928308d913ffff,0.0,0.0,0.0,0.0,177828.48,1.0,chm-legacy,2009-2020,full
8928308d917ffff,0.2137998056365403,0.0,233.0,0.0,177811.2,1.0,chm-legacy,2009-2020,full
8928308d91bffff,0.0,0.0,0.0,0.0,177834.24,1.0,chm-legacy,2009-2020,full
8928308d923ffff,0.0,0.0,0.0,0.0,177840.0,1.0,chm-legacy,2009-2020,full
8928308d927ffff,0.0,0.0,0.0,0.0,177880.32,1.0,chm-legacy,2009-2020,full
8928308d92bffff,0.0,0.0,0.0,0.0,177845.76,1.0,chm-legacy,2009-2020,full
8928308d92fffff,0.0,0.0,0.0,0.0,177909.12,1.0,chm-legacy,2009-2020,full
8928308d933ffff,0.0,0.0,0.0,0.0,177834.24,1.0,chm-legacy,2009-2020,full
8928308d937ffff,0.0,0.0,0.0,0.0,177816.96,1.0,chm-legacy,2009-2020,full
8928308d93bffff,0.0,0.0,0.0,0.0,177851.52,1.0,chm-legacy,2009-2020,full
8928308d943ffff,0.0,0.0,0.0,0.0,177851.52,1.0,chm-legacy,2009-2020,full
8928308d947ffff,0.0,0.0,0.0,0.0,177909.12,1.0,chm-legacy,2009-2020,full
8928308d94bffff,0.0,0.0,0.0,0.0,177886.08,1.0,chm-legacy,2009-2020,full
8928308d94fffff,0.0,0.0,0.0,0.0,177914.88,1.0,chm-legacy,2009-2020,full
8928308d953ffff,0.0,0.0,0.0,0.0,177863.04,1.0,chm-legacy,2009-2020,full
8928308d957ffff,0.0,0.0,0.0,0.0,177845.76,1.0,chm-legacy,2009-2020,full
8928308d95bffff,0.0,0.0,0.0,0.0,177868.8,1.0,chm-legacy,2009-2020,full
8928308d963ffff,0.0,0.0,0.0,0.0,177868.8,1.0,chm-legacy,2009-2020,full
8928308d967ffff,0.0,0.0,0.0,0.0,177891.84,1.0,chm-legacy,2009-2020,full
8928308d96bffff,0.0,0.0,0.0,0.0,177863.04,1.0,chm-legacy,2009-2020,full
8928308d96fffff,0.0,0.0,0.0,0.0,177943.68,1.0,chm-legacy,2009-2020,full
8928308d973ffff,0.0,0.0,0.0,0.0,177868.8,1.0,chm-legacy,2009-2020,full
8928308d977ffff,0.0,0.0,0.0,0.0,177868.8,1.0,chm-legacy,2009-2020,full
8928308d97bffff,0.0,0.0,0.0,0.0,177886.08,1.0,chm-legacy,2009-2020,full
8928308d983ffff,40.33820337555476,0.0,44035.0,0.0,177805.44,1.0,chm-legacy,2009-2020,full
8928308d987ffff,80.08032648830732,0.0,87414.0,0.0,177834.24,1.0,chm-legacy,2009-2020,full
8928308d98bffff,1.305263157894737,0.0,1425.0,0.0,177840.0,1.0,chm-legacy,2009-2020,full
8928308d98fffff,8.26208058038606,0.0,9019.0,0.0,177845.76,1.0,chm-legacy,2009-2020,full
8928308d993ffff,62.56317221718284,0.0,68299.0,0.0,177799.68,1.0,chm-legacy,2009-2020,full
8928308d997ffff,79.3073284520184,0.0,86574.0,0.0,177788.16,1.0,chm-legacy,2009-2020,full
8928308d99bffff,36.432250332026825,0.0,39773.0,0.0,177816.96,1.0,chm-legacy,2009-2020,full
8928308d9a3ffff,1.0266541438611263,0.0,1121.0,0.0,177851.52,1.0,chm-legacy,2009-2020,full
8928308d9a7ffff,0.0,0.0,0.0,0.0,177822.72,1.0,chm-legacy,2009-2020,full
8928308d9abffff,4.530293708105307,0.0,4945.0,0.0,177874.56,1.0,chm-legacy,2009-2020,full
8928308d9afffff,0.0,0.0,0.0,0.0,177834.24,1.0,chm-legacy,2009-2020,full
8928308d9b3ffff,10.31779455116784,0.0,11262.0,0.0,177805.44,1.0,chm-legacy,2009-2020,full
8928308d9b7ffff,0.0,0.0,0.0,0.0,177834.24,1.0,chm-legacy,2009-2020,full
8928308d9bbffff,42.91591085773516,0.0,46844.0,0.0,177822.72,1.0,chm-legacy,2009-2020,full
8928308d9c3ffff,1.211336032388664,0.0,1322.0,0.0,177840.0,1.0,chm-legacy,2009-2020,full
8928308d9c7ffff,0.0,0.0,0.0,0.0,177880.32,1.0,chm-legacy,2009-2020,full
8928308d9cbffff,0.0,0.0,0.0,0.0,177845.76,1.0,chm-legacy,2009-2020,full
8928308d9cfffff,0.0,0.0,0.0,0.0,177891.84,1.0,chm-legacy,2009-2020,full
8928308d9d3ffff,37.93438481717784,0.0,41415.0,0.0,177851.52,1.0,chm-legacy,2009-2020,full
8928308d9d7ffff,16.777892963586886,0.0,18316.0,0.0,177799.68,1.0,chm-legacy,2009-2020,full
8928308d9dbffff,1.2630351706716756,0.0,1379.0,0.0,177857.28,1.0,chm-legacy,2009-2020,full
8928308da03ffff,0.0,0.0,0.0,0.0,177978.24,1.0,chm-legacy,2009-2020,full
8928308da07ffff,0.0,0.0,0.0,0.0,177960.96,1.0,chm-legacy,2009-2020,full
8928308da0bffff,0.0,0.0,0.0,0.0,177966.72,1.0,chm-legacy,2009-2020,full
8928308da0fffff,0.0,0.0,0.0,0.0,177972.48,1.0,chm-legacy,2009-2020,full
8928308da13ffff,0.0,0.0,0.0,0.0,177949.44,1.0,chm-legacy,2009-2020,full
8928308da17ffff,0.0,0.0,0.0,0.0,177955.2,1.0,chm-legacy,2009-2020,full
8928308da1bffff,0.0,0.0,0.0,0.0,177960.96,1.0,chm-legacy,2009-2020,full
8928308da23ffff,0.0,0.0,0.0,0.0,177966.72,1.0,chm-legacy,2009-2020,full
8928308da27ffff,0.0,0.0,0.0,0.0,177966.72,1.0,chm-legacy,2009-2020,full
8928308da2bffff,0.0,0.0,0.0,0.0,177960.96,1.0,chm-legacy,2009-2020,full
8928308da2fffff,0.0,0.0,0.0,0.0,177972.48,1.0,chm-legacy,2009-2020,full
8928308da33ffff,0.0,0.0,0.0,0.0,177943.68,1.0,chm-legacy,2009-2020,full
8928308da37ffff,0.0,0.0,0.0,0.0,177960.96,1.0,chm-legacy,2009-2020,full
8928308da3bffff,0.0,0.0,0.0,0.0,177972.48,1.0,chm-legacy,2009-2020,full
8928308da43ffff,0.0,0.0,0.0,0.0,177989.76,1.0,chm-legacy,2009-2020,full
8928308da47ffff,0.0,0.0,0.0,0.0,177995.52,1.0,chm-legacy,2009-2020,full
8928308da4bffff,0.0,0.0,0.0,0.0,177995.52,1.0,chm-legacy,2009-2020,full
8928308da4fffff,0.0,0.0,0.0,0.0,178007.04,1.0,chm-legacy,2009-2020,full
8928308da53ffff,0.0,0.0,0.0,0.0,177995.52,1.0,chm-legacy,2009-2020,full
8928308da57ffff,0.0,0.0,0.0,0.0,177972.48,1.0,chm-legacy,2009-2020,full
8928308da5bffff,0.0,0.0,0.0,0.0,177995.52,1.0,chm-legacy,2009-2020,full
8928308da63ffff,0.0,0.0,0.0,0.0,178012.8,1.0,chm-legacy,2009-2020,full
8928308da67ffff,0.0,0.0,0.0,0.0,177984.0,1.0,chm-legacy,2009-2020,full
8928308da6bffff,0.0,0.0,0.0,0.0,178018.56,1.0,chm-legacy,2009-2020,full
8928308da6fffff,0.0,0.0,0.0,0.0,177995.52,1.0,chm-legacy,2009-2020,full
8928308da73ffff,0.0,0.0,0.0,0.0,177989.76,1.0,chm-legacy,2009-2020,full
8928308da77ffff,0.0,0.0,0.0,0.0,177989.76,1.0,chm-legacy,2009-2020,full
8928308da7bffff,0.0,0.0,0.0,0.0,177978.24,1.0,chm-legacy,2009-2020,full
8928308da83ffff,20.72722352040345,14.358268701526145,22608.36,24646.0,109075.68,0.9981675698696548,usfs-2022,2022,full
8928308da87ffff,3.231412588931733,0.7984332630310333,2784.6,4741.0,86172.84,0.7886198553993827,usfs-2022,2022,partial
8928308da8bffff,34.83308591222261,2.2645739910313902,9883.08,1569.0,28372.68,0.25963969601348297,usfs-2022,2022,partial
8928308da8fffff,48.3266543918553,0.0,4818.96,0.0,9971.64,0.0912555098054801,usfs-2022,2022,partial
8928308da93ffff,16.097141558257594,7.4595327326369505,17591.04,8356.0,109280.52,1.0,usfs-2022,2022,full
8928308da97ffff,5.336034789484088,1.0100836287297381,5830.92,20710.0,109274.4,0.9999971350782668,usfs-2022,2022,full
8928308da9bffff,8.950513575659347,9.31987000928505,9781.2,11251.0,109280.88,0.9999952546470433,usfs-2022,2022,full
8928308daa3ffff,0.0,0.0,0.0,0.0,177932.16,1.0,chm-legacy,2009-2020,full
8928308daa7ffff,0.0,0.0,0.0,0.0,177937.92,1.0,chm-legacy,2009-2020,full
8928308daabffff,0.0,0.0,0.0,0.0,177943.68,1.0,chm-legacy,2009-2020,full
8928308daafffff,0.0,0.0,0.0,0.0,177949.44,1.0,chm-legacy,2009-2020,full
8928308dab3ffff,0.0,0.0,0.0,0.0,177937.92,1.0,chm-legacy,2009-2020,full
8928308dab7ffff,0.0,0.0,0.0,0.0,177932.16,1.0,chm-legacy,2009-2020,full
8928308dabbffff,0.0,0.0,0.0,0.0,177955.2,1.0,chm-legacy,2009-2020,full
8928308dac3ffff,10.611514077430435,0.0,2090.88,0.0,19703.88,0.180300083872725,usfs-2022,2022,partial
8928308dac7ffff,0.0,0.0,0.0,0.0,177972.48,1.0,chm-legacy,2009-2020,full
8928308dacbffff,6.507456235141561,0.0,1083.96,0.0,16657.2,0.15241980128310248,usfs-2022,2022,partial
8928308dacfffff,0.0,0.0,0.0,0.0,177984.0,1.0,chm-legacy,2009-2020,full
8928308dad3ffff,15.877407963738898,1.564503205128205,17352.0,17690.0,109287.36,0.9999933977274895,usfs-2022,2022,full
8928308dad7ffff,16.034015704831464,12.89938574353602,15150.24,6585.0,94488.12,0.8646217796522973,usfs-2022,2022,partial
8928308dadbffff,9.943939186204165,3.85213860108543,9399.6,9120.0,94525.92,0.8649147914203098,usfs-2022,2022,partial
8928308db03ffff,0.0,0.0,0.0,0.0,177966.72,1.0,chm-legacy,2009-2020,full
8928308db07ffff,0.0,0.0,0.0,0.0,177943.68,1.0,chm-legacy,2009-2020,full
8928308db0bffff,0.0,0.0,0.0,0.0,177960.96,1.0,chm-legacy,2009-2020,full
8928308db0fffff,0.0,0.0,0.0,0.0,177949.44,1.0,chm-legacy,2009-2020,full
8928308db13ffff,0.0,0.0,0.0,0.0,177932.16,1.0,chm-legacy,2009-2020,full
8928308db17ffff,0.0,0.0,0.0,0.0,177937.92,1.0,chm-legacy,2009-2020,full
8928308db1bffff,0.0,0.0,0.0,0.0,177943.68,1.0,chm-legacy,2009-2020,full
8928308db23ffff,0.0,0.0,0.0,0.0,177937.92,1.0,chm-legacy,2009-2020,full
8928308db27ffff,0.0,0.0,0.0,0.0,177949.44,1.0,chm-legacy,2009-2020,full
8928308db2bffff,0.0,0.0,0.0,0.0,177984.0,1.0,chm-legacy,2009-2020,full
8928308db2fffff,0.0,0.0,0.0,0.0,177966.72,1.0,chm-legacy,2009-2020,full
8928308db33ffff,0.0,0.0,0.0,0.0,177937.92,1.0,chm-legacy,2009-2020,full
8928308db37ffff,0.0,0.0,0.0,0.0,177914.88,1.0,chm-legacy,2009-2020,full
8928308db3bffff,0.0,0.0,0.0,0.0,177943.68,1.0,chm-legacy,2009-2020,full
8928308db43ffff,0.0,0.0,0.0,0.0,177966.72,1.0,chm-legacy,2009-2020,full
8928308db47ffff,0.0,0.0,0.0,0.0,177966.72,1.0,chm-legacy,2009-2020,full
8928308db4bffff,0.0,0.0,0.0,0.0,177972.48,1.0,chm-legacy,2009-2020,full
8928308db4fffff,0.0,0.0,0.0,0.0,177966.72,1.0,chm-legacy,2009-2020,full
8928308db53ffff,0.0,0.0,0.0,0.0,177978.24,1.0,chm-legacy,2009-2020,full
8928308db57ffff,0.0,0.0,0.0,0.0,177960.96,1.0,chm-legacy,2009-2020,full
8928308db5bffff,0.0,0.0,0.0,0.0,177984.0,1.0,chm-legacy,2009-2020,full
8928308db63ffff,0.0,0.0,0.0,0.0,177960.96,1.0,chm-legacy,2009-2020,full
8928308db67ffff,0.0,0.0,0.0,0.0,177949.44,1.0,chm-legacy,2009-2020,full
8928308db6bffff,0.0,0.0,0.0,0.0,177972.48,1.0,chm-legacy,2009-2020,full
8928308db6fffff,0.0,0.0,0.0,0.0,177960.96,1.0,chm-legacy,2009-2020,full
8928308db73ffff,0.0,0.0,0.0,0.0,177960.96,1.0,chm-legacy,2009-2020,full
8928308db77ffff,0.0,0.0,0.0,0.0,177972.48,1.0,chm-legacy,2009-2020,full
8928308db7bffff,0.0,0.0,0.0,0.0,178012.8,1.0,chm-legacy,2009-2020,full
8928308db83ffff,0.0,0.0,0.0,0.0,177914.88,1.0,chm-legacy,2009-2020,full
8928308db87ffff,0.0,0.0,0.0,0.0,177960.96,1.0,chm-legacy,2009-2020,full
8928308db8bffff,0.0,0.0,0.0,0.0,177949.44,1.0,chm-legacy,2009-2020,full
8928308db8fffff,0.0,0.0,0.0,0.0,177920.64,1.0,chm-legacy,2009-2020,full
8928308db93ffff,0.0,0.0,0.0,0.0,177903.36,1.0,chm-legacy,2009-2020,full
8928308db97ffff,0.0,0.0,0.0,0.0,177909.12,1.0,chm-legacy,2009-2020,full
8928308db9bffff,0.0,0.0,0.0,0.0,177909.12,1.0,chm-legacy,2009-2020,full
8928308dba3ffff,0.0,0.0,0.0,0.0,177891.84,1.0,chm-legacy,2009-2020,full
8928308dba7ffff,0.0,0.0,0.0,0.0,177926.4,1.0,chm-legacy,2009-2020,full
8928308dbabffff,0.0,0.0,0.0,0.0,177932.16,1.0,chm-legacy,2009-2020,full
8928308dbafffff,0.0,0.0,0.0,0.0,177926.4,1.0,chm-legacy,2009-2020,full
8928308dbb3ffff,0.0,0.0,0.0,0.0,177891.84,1.0,chm-legacy,2009-2020,full
8928308dbb7ffff,0.0,0.0,0.0,0.0,177880.32,1.0,chm-legacy,2009-2020,full
8928308dbbbffff,0.0,0.0,0.0,0.0,177920.64,1.0,chm-legacy,2009-2020,full
8928308dbc3ffff,0.0,0.0,0.0,0.0,177937.92,1.0,chm-legacy,2009-2020,full
8928308dbc7ffff,0.0,0.0,0.0,0.0,177937.92,1.0,chm-legacy,2009-2020,full
8928308dbcbffff,0.0,0.0,0.0,0.0,177955.2,1.0,chm-legacy,2009-2020,full
8928308dbcfffff,0.0,0.0,0.0,0.0,177937.92,1.0,chm-legacy,2009-2020,full
8928308dbd3ffff,0.0,0.0,0.0,0.0,177932.16,1.0,chm-legacy,2009-2020,full
8928308dbd7ffff,0.0,0.0,0.0,0.0,177926.4,1.0,chm-legacy,2009-2020,full
8928308dbdbffff,0.0,0.0,0.0,0.0,177972.48,1.0,chm-legacy,2009-2020,full
8928308dc03ffff,6.85338963789622,3.513473900207291,7490.16,16589.0,109291.32,1.0,usfs-2022,2022,full
8928308dc07ffff,27.659518397733635,13.822031626909675,30227.76,23150.0,109285.2,1.0,usfs-2022,2022,full
8928308dc0bffff,12.62126008373328,3.6135024920706837,13793.76,9190.0,109289.88,0.9999878749594064,usfs-2022,2022,full
8928308dc0fffff,19.528352230428165,3.9689165756855695,21341.88,16149.0,109286.64,1.0,usfs-2022,2022,full
8928308dc13ffff,13.94757472150306,4.21017338825558,15243.84,21599.0,109293.84,0.9999962221823218,usfs-2022,2022,full
8928308dc17ffff,23.567176912764058,10.718326186851405,25756.2,23012.0,109288.44,0.9999969565103362,usfs-2022,2022,full
8928308dc1bffff,2.6205878865334196,0.0,2864.16,0.0,109294.56,0.9999916807934512,usfs-2022,2022,full
8928308dc23ffff,7.050754096632426,5.6523532140832,7704.72,13178.0,109275.12,1.0,usfs-2022,2022,full
8928308dc27ffff,16.747384096360136,2.7488479876408385,18299.88,13144.0,109270.08,1.0,usfs-2022,2022,full
8928308dc2bffff,8.277163922436797,6.359272471044171,9045.0,15309.0,109276.56,1.0,usfs-2022,2022,full
8928308dc2fffff,4.95343083152405,3.8407643312101913,5412.6,16305.0,109269.72,0.9999928812876728,usfs-2022,2022,full
8928308dc33ffff,19.919683477791065,21.393482581467733,21767.76,7546.0,109277.64,0.9999872995012625,usfs-2022,2022,full
8928308dc37ffff,13.832159953086753,2.570136867529572,15114.96,11327.0,109274.04,1.0,usfs-2022,2022,full
8928308dc3bffff,13.343962998224363,7.7008737365084805,14582.16,11637.0,109279.08,0.9999893437311649,usfs-2022,2022,full
8928308dc43ffff,8.216678414503198,3.40759058616426,8980.56,16593.0,109296.72,0.999989214672051,usfs-2022,2022,full
8928308dc47ffff,19.45545157794533,12.661860748909628,21263.4,13913.0,109292.76,1.0,usfs-2022,2022,full
8928308dc4bffff,7.296627866379453,1.8541078591591147,7975.08,11891.0,109298.16,0.9999912897982698,usfs-2022,2022,full
8928308dc4fffff,26.718907488290284,8.601704129845995,29202.12,16644.0,109293.84,1.0,usfs-2022,2022,full
8928308dc53ffff,15.791068470230979,14.654959188721248,17260.2,9937.0,109303.56,1.0,usfs-2022,2022,full
8928308dc57ffff,6.16598759556128,5.121177593693222,6739.2,11092.0,109296.36,0.999997030484418,usfs-2022,2022,full
8928308dc5bffff,4.323138639492527,0.030753459764223473,4725.36,3511.0,109303.92,1.0,usfs-2022,2022,full
8928308dc63ffff,16.57668044735065,6.502257260292434,18115.56,4995.0,109283.4,1.0,usfs-2022,2022,full
8928308dc67ffff,2.453005475282165,2.0101794252223537,2680.56,6862.0,109276.56,0.9999941960572882,usfs-2022,2022,full
8928308dc6bffff,23.172732303800135,1.8673743486844234,25324.2,10916.0,109284.48,1.0,usfs-2022,2022,full
8928308dc6fffff,12.553121396804482,7.985866966671354,13717.8,18844.0,109278.0,0.9999962650892222,usfs-2022,2022,full
8928308dc73ffff,19.812632175350984,12.835984640702138,21652.56,4576.0,109286.64,0.999997252392275,usfs-2022,2022,full
8928308dc77ffff,6.2267961088289265,5.821894185003794,6804.72,4915.0,109281.24,0.9999979860465772,usfs-2022,2022,full
8928308dc7bffff,27.617943329226758,5.4801456228753285,30183.12,14113.0,109288.08,0.99999931961661,usfs-2022,2022,full
8928308dc83ffff,12.752922421204147,2.668466822856689,13938.48,17648.0,109296.36,0.9999914219542405,usfs-2022,2022,full
8928308dc87ffff,14.125254042445262,8.006778957562343,15437.88,19151.0,109292.76,1.0,usfs-2022,2022,full
8928308dc8bffff,5.608858762421404,6.166628202169398,6130.44,21955.0,109299.24,1.0,usfs-2022,2022,full
8928308dc8fffff,13.022984643965296,5.737398069630039,14233.32,20849.0,109293.84,1.0,usfs-2022,2022,full
8928308dc93ffff,25.305161226573563,12.608602610742563,27658.44,14702.0,109299.6,0.9999820785113565,usfs-2022,2022,full
8928308dc97ffff,34.80305934899899,14.986865754182222,38037.6,6641.0,109293.84,0.9999795190344017,usfs-2022,2022,full
8928308dc9bffff,16.33192145289743,6.093970042248112,17850.96,15844.0,109301.04,0.9999841039584351,usfs-2022,2022,full
8928308dca3ffff,18.325235122626125,1.6970568372437531,20026.44,16245.0,109283.4,1.0,usfs-2022,2022,full
8928308dca7ffff,14.363932860037226,2.3049012610040447,15696.36,11826.0,109276.2,0.9999964172947683,usfs-2022,2022,full
8928308dcabffff,19.50033600822232,12.59275667294274,21310.56,14206.0,109283.04,0.9999976965136501,usfs-2022,2022,full
8928308dcafffff,7.891997311792534,7.974227780936138,8624.16,8741.0,109277.28,0.9999951478889583,usfs-2022,2022,full
8928308dcb3ffff,10.715815133247686,3.653894950520173,11710.8,12302.0,109285.2,0.99998960643334,usfs-2022,2022,full
8928308dcb7ffff,20.152127578970948,1.5455919796308084,22022.64,17818.0,109281.96,1.0,usfs-2022,2022,full
8928308dcbbffff,17.957164221386265,14.456284058172225,19625.04,17745.0,109288.08,1.0,usfs-2022,2022,full
8928308dcc3ffff,11.755271148817325,3.420938314509123,12849.48,25612.0,109308.24,1.0,usfs-2022,2022,full
8928308dcc7ffff,16.396968489283985,10.297693369258067,17921.88,19656.0,109299.96,1.0,usfs-2022,2022,full
8928308dccbffff,14.08339838024945,12.688503892824576,15393.96,8963.0,109305.72,0.9999935312254231,usfs-2022,2022,full
8928308dccfffff,15.144149218237931,10.2325953801193,16552.44,16145.0,109299.24,0.9999843690913327,usfs-2022,2022,full
8928308dcd3ffff,12.887226068226878,6.734205435887349,14086.8,20482.0,109308.24,0.9999887115794948,usfs-2022,2022,full
8928308dcd7ffff,7.932864111085129,3.152222470404289,8670.96,12487.0,109304.28,1.0,usfs-2022,2022,full
8928308dcdbffff,18.39867472895177,13.992815694943356,20111.4,11205.0,109308.96,0.9999841733045142,usfs-2022,2022,full
8928308dd03ffff,2.9978319251255785,0.0,1209.6,0.0,40349.16,0.3693232416368987,usfs-2022,2022,partial
8928308dd07ffff,0.0,0.0,0.0,0.0,177822.72,1.0,chm-legacy,2009-2020,full
8928308dd0bffff,7.145446157901674,2.5684754521963824,7806.6,6787.0,109252.8,0.9999997055706277,usfs-2022,2022,full
8928308dd0fffff,24.0262099027607,0.0,6190.92,0.0,25767.36,0.23586256788528712,usfs-2022,2022,partial
8928308dd13ffff,3.784119106699752,3.4712663454920856,2086.2,8079.0,55130.4,0.5045989375795029,usfs-2022,2022,partial
8928308dd17ffff,0.0,0.0,0.0,0.0,177776.64,1.0,chm-legacy,2009-2020,full
8928308dd1bffff,2.1110865818980997,1.0940325497287522,2306.52,11814.0,109257.48,1.0,usfs-2022,2022,full
8928308dd23ffff,3.2842105263157895,0.0,3585.0,0.0,177840.0,1.0,chm-legacy,2009-2020,full
8928308dd27ffff,0.0,0.0,0.0,0.0,177759.36,1.0,chm-legacy,2009-2020,full
8928308dd2bffff,8.050778846465235,0.0,8789.0,0.0,177863.04,1.0,chm-legacy,2009-2020,full
8928308dd2fffff,35.41761161148189,0.0,38664.0,0.0,177788.16,1.0,chm-legacy,2009-2020,full
8928308dd33ffff,0.0,0.0,0.0,0.0,177782.4,1.0,chm-legacy,2009-2020,full
8928308dd37ffff,0.0,0.0,0.0,0.0,177816.96,1.0,chm-legacy,2009-2020,full
8928308dd3bffff,5.352167433421888,0.0,5843.0,0.0,177788.16,1.0,chm-legacy,2009-2020,full
8928308dd43ffff,23.215562489497493,7.491382854251652,25365.24,10531.0,109259.64,1.0,usfs-2022,2022,full
8928308dd47ffff,19.403063763044386,17.31642972299575,21198.6,8124.0,109253.88,0.9999984446886755,usfs-2022,2022,full
8928308dd4bffff,5.296210873146623,6.114584662498404,5786.64,13244.0,109260.0,0.9999931406824788,usfs-2022,2022,full
8928308dd4fffff,1.9565912213702727,3.142688181126975,2137.68,12382.0,109255.32,1.0,usfs-2022,2022,full
8928308dd53ffff,22.43912885901618,3.0845044716189087,24517.8,1912.0,109263.6,0.9999981791865771,usfs-2022,2022,full
8928308dd57ffff,28.645282459348586,0.0,31297.32,514.0,109258.2,0.999998939525713,usfs-2022,2022,full
8928308dd5bffff,5.922316342298354,4.22901080631754,6471.0,16591.0,109264.68,0.9999969264374101,usfs-2022,2022,full
8928308dd63ffff,20.565799147184237,0.3188097768331562,12588.12,2364.0,61209.0,0.5602946833767913,usfs-2022,2022,partial
8928308dd67ffff,7.475303643724697,0.0,8161.0,0.0,177840.0,1.0,chm-legacy,2009-2020,full
8928308dd6bffff,4.940715223721524,0.0,3738.24,0.0,75661.92,0.6925860483297287,usfs-2022,2022,partial
8928308dd6fffff,66.07952337780081,0.0,72142.0,0.0,177891.84,1.0,chm-legacy,2009-2020,full
8928308dd73ffff,11.973398309862871,0.0,13073.04,0.0,109184.04,0.9994093647758878,usfs-2022,2022,full
8928308dd77ffff,65.31674607376037,0.0,2665.08,0.0,4080.24,0.03735009981088912,usfs-2022,2022,partial
8928308dd7bffff,2.2206478399841827,1.6282123429000188,2426.04,9440.0,109249.2,0.9999946618286042,usfs-2022,2022,full
8928308dd83ffff,0.0,0.0,0.0,0.0,177799.68,1.0,chm-legacy,2009-2020,full
8928308dd87ffff,0.0,0.0,0.0,0.0,177759.36,1.0,chm-legacy,2009-2020,full
8928308dd8bffff,3.9536353407216738,2.245570102615749,2770.2,12929.0,70067.16,0.6412874696804622,usfs-2022,2022,partial
8928308dd8fffff,0.0,0.0,0.0,0.0,177770.88,1.0,chm-legacy,2009-2020,full
8928308dd93ffff,0.0,0.0,0.0,0.0,48.6,0.00044479758388174366,usfs-2022,2022,partial
8928308dd97ffff,0.0,0.0,0.0,0.0,2051.64,0.018777990227474374,usfs-2022,2022,partial
8928308dd9bffff,2.747097139620504,6.934495236688576,2339.64,4537.0,85167.72,0.7794644550052694,usfs-2022,2022,partial
8928308dda3ffff,0.0,0.0,0.0,0.0,177834.24,1.0,chm-legacy,2009-2020,full
8928308dda7ffff,0.0,0.0,0.0,0.0,177736.32,1.0,chm-legacy,2009-2020,full
8928308ddabffff,0.0,0.0,0.0,0.0,177840.0,1.0,chm-legacy,2009-2020,full
8928308ddafffff,0.0,0.0,0.0,0.0,177776.64,1.0,chm-legacy,2009-2020,full
8928308ddb3ffff,0.0,0.0,0.0,0.0,177753.6,1.0,chm-legacy,2009-2020,full
8928308ddb7ffff,0.0,0.0,0.0,0.0,177793.92,1.0,chm-legacy,2009-2020,full
8928308ddbbffff,0.0,0.0,0.0,0.0,177730.56,1.0,chm-legacy,2009-2020,full
8928308ddc3ffff,13.323712848289562,1.0238289390232853,14558.4,7865.0,109266.84,0.9999999507703181,usfs-2022,2022,full
8928308ddc7ffff,3.9558223669036776,4.83670998701848,4322.16,23487.0,109260.72,0.999994123889995,usfs-2022,2022,full
8928308ddcbffff,9.3495385852143,0.0,10216.08,0.0,109268.28,1.0,usfs-2022,2022,full
8928308ddcfffff,18.404370288365225,0.0,20108.88,1015.0,109261.44,0.9999895571197115,usfs-2022,2022,full
8928308ddd3ffff,6.922124045411716,0.4290575528924397,7563.96,9691.0,109272.24,1.0,usfs-2022,2022,full
8928308ddd7ffff,5.061381023610114,3.639543370192374,5530.32,25191.0,109265.04,0.9999946389111333,usfs-2022,2022,full
8928308dddbffff,10.98156396605345,1.0798475509339858,11999.88,15137.0,109272.96,1.0,usfs-2022,2022,full
8928308de03ffff,9.623530186752742,2.1530045001323566,10518.48,19960.0,109299.6,1.0,usfs-2022,2022,full
8928308de07ffff,11.981659414537416,3.1951039358446764,13095.0,16514.0,109292.04,0.9999912147415093,usfs-2022,2022,full
8928308de0bffff,10.914366833657764,2.189249290698566,11929.32,9184.0,109299.24,0.9999959200650642,usfs-2022,2022,full
8928308de0fffff,6.006996139606582,0.8128585525765609,6565.32,21349.0,109294.56,1.0,usfs-2022,2022,full
8928308de13ffff,7.522865677934003,5.199452361690211,8222.76,10968.0,109303.56,1.0,usfs-2022,2022,full
8928308de17ffff,11.150856389986826,3.2238093132269046,12187.44,15756.0,109296.0,0.9999883975502171,usfs-2022,2022,full
8928308de1bffff,11.185582119931626,0.0,12226.32,438.0,109304.28,1.0,usfs-2022,2022,full
8928308de23ffff,19.266320997740195,4.458756502353232,21054.96,18051.0,109283.76,1.0,usfs-2022,2022,full
8928308de27ffff,6.68131564036001,1.8790200187902002,7301.16,19551.0,109277.28,0.9999954751420523,usfs-2022,2022,full
8928308de2bffff,19.932206516475663,3.102603646920076,21782.88,11535.0,109284.84,1.0,usfs-2022,2022,full
8928308de2fffff,9.136460519250345,3.899453773012341,9984.24,6840.0,109279.08,1.0,usfs-2022,2022,full
8928308de33ffff,8.631418058680335,1.465412210640314,9433.08,20963.0,109287.72,1.0,usfs-2022,2022,full
8928308de37ffff,6.496509785448161,2.0486339627735872,7099.56,20896.0,109282.68,1.0,usfs-2022,2022,full
8928308de3bffff,13.098732125739923,1.5179822512844465,14315.4,10627.0,109288.44,0.9999973333735804,usfs-2022,2022,full
8928308de43ffff,23.360493762103626,5.298656600421895,25534.44,12283.0,109306.08,0.9999973545728384,usfs-2022,2022,full
8928308de47ffff,16.614407672849914,1.5550315467465425,18159.84,11122.0,109301.76,1.0,usfs-2022,2022,full
8928308de4bffff,37.73819796202007,10.486727980314479,41250.96,18465.0,109308.24,1.0,usfs-2022,2022,full
8928308de4fffff,29.365364283996932,1.8179028917695788,32097.6,13824.0,109304.28,1.0,usfs-2022,2022,full
8928308de53ffff,21.85431335998788,2.938679245283019,23888.88,7408.0,109309.68,0.9999912361695872,usfs-2022,2022,full
8928308de57ffff,11.157184026348292,1.3971043884851557,12195.36,18903.0,109305.0,0.9999985154691856,usfs-2022,2022,full
8928308de5bffff,10.104037333561672,4.263060714673618,11044.8,6346.0,109310.76,0.9999900794281811,usfs-2022,2022,full
8928308de63ffff,11.278007259982475,3.578796461414735,12325.68,19854.0,109289.52,0.9999851149424229,usfs-2022,2022,full
8928308de67ffff,8.283783917330162,5.949705159055451,9052.92,12804.0,109284.84,0.999992409750737,usfs-2022,2022,full
8928308de6bffff,21.595599255562693,10.086389235748324,23601.96,12702.0,109290.6,0.9999839612541467,usfs-2022,2022,full
8928308de6fffff,25.31993741250103,7.1576490078692725,27671.4,8877.0,109287.0,1.0,usfs-2022,2022,full
8928308de73ffff,21.67349600779994,0.9609280313960871,23687.64,12356.0,109293.12,0.9999789857148826,usfs-2022,2022,full
8928308de77ffff,19.211094092264112,1.7732204711765651,20995.92,15415.0,109290.6,1.0,usfs-2022,2022,full
8928308de7bffff,14.696020500253617,4.656977335095029,16062.48,16885.0,109298.16,1.0,usfs-2022,2022,full
8928308de83ffff,4.586847764870945,0.39978548096143535,5013.72,7354.0,109306.44,1.0,usfs-2022,2022,full
8928308de87ffff,9.180376463613458,4.085977200933938,10034.28,5028.0,109301.4,1.0,usfs-2022,2022,full
8928308de8bffff,7.904383309894642,2.385502064969488,8640.0,11402.0,109306.44,0.9999947642727136,usfs-2022,2022,full
8928308de8fffff,6.052711319561552,3.898605439556206,6615.72,8981.0,109301.76,1.0,usfs-2022,2022,full
8928308de93ffff,14.762132165264216,8.947690918472652,16136.28,20328.0,109308.6,0.999986577503054,usfs-2022,2022,full
8928308de97ffff,5.324972169708786,1.6739873108833576,5820.48,7253.0,109305.36,1.0,usfs-2022,2022,full
8928308de9bffff,10.040146093577613,5.562721031828583,10974.96,16343.0,109310.76,0.9999952567512739,usfs-2022,2022,full
8928308dea3ffff,9.209941202628588,2.5934373160682753,10065.6,19065.0,109290.6,1.0,usfs-2022,2022,full
8928308dea7ffff,7.559047336693349,1.715447380879445,8260.92,12705.0,109285.2,1.0,usfs-2022,2022,full
8928308deabffff,10.828891977890944,3.470450871205317,11835.0,19346.0,109290.96,0.9999924029678419,usfs-2022,2022,full
8928308deafffff,9.012958949053608,3.1185306636193504,9849.96,21059.0,109286.64,1.0,usfs-2022,2022,full
8928308deb3ffff,10.956372799288525,2.3196888749214333,11974.68,17903.0,109294.2,0.9999940885967327,usfs-2022,2022,full
8928308deb7ffff,13.130225112160801,1.9679091985465236,14349.96,17288.0,109289.52,1.0,usfs-2022,2022,full
8928308debbffff,13.201953893128765,3.8313008130081303,14429.16,17033.0,109295.64,0.999996178952652,usfs-2022,2022,full
8928308dec3ffff,12.367280535356729,5.127858205926127,13519.08,5049.0,109313.28,0.9999961771725413,usfs-2022,2022,full
8928308dec7ffff,13.16490631782448,12.594706621819046,14390.28,9261.0,109307.88,0.9999968720494792,usfs-2022,2022,full
8928308decbffff,29.592098849999342,3.619125016930787,32348.52,12808.0,109314.72,0.9999982984104605,usfs-2022,2022,full
8928308decfffff,9.224532005427552,5.143485990011005,10083.24,20170.0,109308.96,0.9999956959668732,usfs-2022,2022,full
8928308ded3ffff,14.726522493685435,6.749027682452528,16098.84,17608.0,109318.68,1.0,usfs-2022,2022,full
8928308ded7ffff,10.428920519288909,5.746780398059876,11400.12,20287.0,109312.56,1.0,usfs-2022,2022,full
8928308dedbffff,42.93236648159491,2.0283061390065806,46933.56,3912.0,109319.76,1.0,usfs-2022,2022,full
8928308e003ffff,0.0,0.0,0.0,0.0,177511.68,1.0,chm-legacy,2009-2020,full
8928308e007ffff,0.0,0.0,0.0,0.0,177517.44,1.0,chm-legacy,2009-2020,full
8928308e00bffff,0.0,0.0,0.0,0.0,177528.96,1.0,chm-legacy,2009-2020,full
8928308e00fffff,0.0,0.0,0.0,0.0,177471.36,1.0,chm-legacy,2009-2020,full
8928308e013ffff,0.0,0.0,0.0,0.0,177442.56,1.0,chm-legacy,2009-2020,full
8928308e017ffff,0.0,0.0,0.0,0.0,177494.4,1.0,chm-legacy,2009-2020,full
8928308e01bffff,0.0,0.0,0.0,0.0,177494.4,1.0,chm-legacy,2009-2020,full
8928308e023ffff,0.0,0.0,0.0,0.0,177523.2,1.0,chm-legacy,2009-2020,full
8928308e027ffff,0.0,0.0,0.0,0.0,177540.48,1.0,chm-legacy,2009-2020,full
8928308e02bffff,0.0,0.0,0.0,0.0,177534.72,1.0,chm-legacy,2009-2020,full
8928308e02fffff,0.0,0.0,0.0,0.0,177436.8,1.0,chm-legacy,2009-2020,full
8928308e033ffff,0.0,0.0,0.0,0.0,177448.32,1.0,chm-legacy,2009-2020,full
8928308e037ffff,0.0,0.0,0.0,0.0,177494.4,1.0,chm-legacy,2009-2020,full
8928308e03bffff,0.0,0.0,0.0,0.0,177500.16,1.0,chm-legacy,2009-2020,full
8928308e043ffff,0.0,0.0,0.0,0.0,177552.0,1.0,chm-legacy,2009-2020,full
8928308e047ffff,0.0,0.0,0.0,0.0,177517.44,1.0,chm-legacy,2009-2020,full
8928308e04bffff,0.0,0.0,0.0,0.0,177557.76,1.0,chm-legacy,2009-2020,full
8928308e04fffff,0.0,0.0,0.0,0.0,177471.36,1.0,chm-legacy,2009-2020,full
8928308e053ffff,0.0,0.0,0.0,0.0,177459.84,1.0,chm-legacy,2009-2020,full
8928308e057ffff,0.0,0.0,0.0,0.0,177528.96,1.0,chm-legacy,2009-2020,full
8928308e05bffff,0.0,0.0,0.0,0.0,177523.2,1.0,chm-legacy,2009-2020,full
8928308e063ffff,0.0,0.0,0.0,0.0,177540.48,1.0,chm-legacy,2009-2020,full
8928308e067ffff,0.0,0.0,0.0,0.0,177488.64,1.0,chm-legacy,2009-2020,full
8928308e06bffff,0.0,0.0,0.0,0.0,177528.96,1.0,chm-legacy,2009-2020,full
8928308e06fffff,0.0356969008599707,0.0,39.0,0.0,177494.4,1.0,chm-legacy,2009-2020,full
8928308e073ffff,0.0,0.0,0.0,0.0,177500.16,1.0,chm-legacy,2009-2020,full
8928308e077ffff,0.0,0.0,0.0,0.0,177528.96,1.0,chm-legacy,2009-2020,full
8928308e07bffff,0.0,0.0,0.0,0.0,177546.24,1.0,chm-legacy,2009-2020,full
8928308e0c7ffff,0.0,0.0,0.0,0.0,177517.44,1.0,chm-legacy,2009-2020,full
8928308e0cbffff,0.0,0.0,0.0,0.0,177528.96,1.0,chm-legacy,2009-2020,full
8928308e0cfffff,0.0,0.0,0.0,0.0,177482.88,1.0,chm-legacy,2009-2020,full
8928308e10bffff,0.0,0.0,0.0,0.0,177511.68,1.0,chm-legacy,2009-2020,full
8928308e12bffff,0.0,0.0,0.0,0.0,177517.44,1.0,chm-legacy,2009-2020,full
8928308e143ffff,0.0,0.0,0.0,0.0,177534.72,1.0,chm-legacy,2009-2020,full
8928308e147ffff,0.0,0.0,0.0,0.0,177494.4,1.0,chm-legacy,2009-2020,full
8928308e14bffff,0.0,0.0,0.0,0.0,177523.2,1.0,chm-legacy,2009-2020,full
8928308e14fffff,0.0,0.0,0.0,0.0,177442.56,1.0,chm-legacy,2009-2020,full
8928308e153ffff,0.0,0.0,0.0,0.0,177413.76,1.0,chm-legacy,2009-2020,full
8928308e157ffff,0.0,0.0,0.0,0.0,177511.68,1.0,chm-legacy,2009-2020,full
8928308e15bffff,0.0,0.0,0.0,0.0,177517.44,1.0,chm-legacy,2009-2020,full
8928308e163ffff,0.0,0.0,0.0,0.0,177546.24,1.0,chm-legacy,2009-2020,full
8928308e167ffff,0.0,0.0,0.0,0.0,177494.4,1.0,chm-legacy,2009-2020,full
8928308e16bffff,0.0,0.0,0.0,0.0,177471.36,1.0,chm-legacy,2009-2020,full
8928308e16fffff,0.0,0.0,0.0,0.0,177477.12,1.0,chm-legacy,2009-2020,full
8928308e173ffff,0.0,0.0,0.0,0.0,177419.52,1.0,chm-legacy,2009-2020,full
8928308e177ffff,0.0,0.0,0.0,0.0,177517.44,1.0,chm-legacy,2009-2020,full
8928308e17bffff,0.0,0.0,0.0,0.0,177546.24,1.0,chm-legacy,2009-2020,full
8928308e203ffff,0.0,0.0,0.0,0.0,177592.32,1.0,chm-legacy,2009-2020,full
8928308e207ffff,0.0,0.0,0.0,0.0,177552.0,1.0,chm-legacy,2009-2020,full
8928308e20bffff,0.0,0.0,0.0,0.0,177598.08,1.0,chm-legacy,2009-2020,full
8928308e20fffff,0.0,0.0,0.0,0.0,177534.72,1.0,chm-legacy,2009-2020,full
8928308e213ffff,0.0,0.0,0.0,0.0,177517.44,1.0,chm-legacy,2009-2020,full
8928308e217ffff,0.0,0.0,0.0,0.0,177575.04,1.0,chm-legacy,2009-2020,full
8928308e21bffff,0.0,0.0,0.0,0.0,177540.48,1.0,chm-legacy,2009-2020,full
8928308e223ffff,0.0,0.0,0.0,0.0,2764.8,0.025282673754475415,usfs-2022,2022,partial
8928308e227ffff,0.0,0.0,0.0,0.0,21202.56,0.19389622293681572,usfs-2022,2022,partial
8928308e22bffff,1.91061027291668,0.0,1066.32,1902.0,55810.44,0.510351994777971,usfs-2022,2022,partial
8928308e22fffff,2.401740415536594,0.028492057838877413,2094.48,5053.0,87206.76,0.7974919136296706,usfs-2022,2022,partial
8928308e233ffff,0.0,0.0,0.0,0.0,177557.76,1.0,chm-legacy,2009-2020,full
8928308e237ffff,0.0,0.0,0.0,49.0,25431.84,0.23256372571160375,usfs-2022,2022,partial
8928308e23bffff,0.0,0.0,0.0,0.0,177603.84,1.0,chm-legacy,2009-2020,full
8928308e243ffff,0.0,0.0,0.0,0.0,177580.8,1.0,chm-legacy,2009-2020,full
8928308e247ffff,0.0,0.0,0.0,0.0,177609.6,1.0,chm-legacy,2009-2020,full
8928308e24bffff,0.0,0.0,0.0,0.0,177621.12,1.0,chm-legacy,2009-2020,full
8928308e24fffff,3.811130788860844,6.910920669863983,983.88,4262.0,25815.96,0.23603286168135462,usfs-2022,2022,partial
8928308e253ffff,0.0,0.0,0.0,0.0,177626.88,1.0,chm-legacy,2009-2020,full
8928308e257ffff,0.0,0.0,0.0,0.0,177552.0,1.0,chm-legacy,2009-2020,full
8928308e25bffff,0.0,0.0,0.0,0.0,177632.64,1.0,chm-legacy,2009-2020,full
8928308e263ffff,6.89969239229434,7.981523257063057,1445.4,6168.0,20948.76,0.19155170634942467,usfs-2022,2022,partial
8928308e267ffff,0.6080073419754503,0.0,19.08,0.0,3138.12,0.028695844582815076,usfs-2022,2022,partial
8928308e26bffff,16.532617075779054,17.339581831290555,11965.68,9080.0,72376.2,0.6617875337453788,usfs-2022,2022,partial
8928308e26fffff,9.79772439949431,0.0,1729.8,196.0,17655.12,0.16144151981222205,usfs-2022,2022,partial
8928308e273ffff,4.794055371339539,15.912541755238385,1296.0,2991.0,27033.48,0.24717970149677476,usfs-2022,2022,partial
8928308e277ffff,7.636941484389606,0.0,1470.6,0.0,19256.4,0.1760790578818982,usfs-2022,2022,partial
8928308e27bffff,8.51478634810096,9.226164429119041,7641.36,18670.0,89742.24,0.8205458470574309,usfs-2022,2022,partial
8928308e283ffff,0.0,0.0,0.0,0.0,177563.52,1.0,chm-legacy,2009-2020,full
8928308e287ffff,0.0,0.0,0.0,0.0,177540.48,1.0,chm-legacy,2009-2020,full
8928308e28bffff,0.0,0.0,0.0,0.0,177580.8,1.0,chm-legacy,2009-2020,full
8928308e28fffff,0.0,0.0,0.0,0.0,177511.68,1.0,chm-legacy,2009-2020,full
8928308e293ffff,0.0,0.0,0.0,0.0,177494.4,1.0,chm-legacy,2009-2020,full
8928308e297ffff,0.0,0.0,0.0,0.0,177563.52,1.0,chm-legacy,2009-2020,full
8928308e29bffff,0.0,0.0,0.0,0.0,177505.92,1.0,chm-legacy,2009-2020,full
8928308e2a3ffff,0.0,0.0,0.0,0.0,177563.52,1.0,chm-legacy,2009-2020,full
8928308e2a7ffff,0.0,0.0,0.0,0.0,177494.4,1.0,chm-legacy,2009-2020,full
8928308e2abffff,0.0,0.0,0.0,0.0,177580.8,1.0,chm-legacy,2009-2020,full
8928308e2afffff,0.0,0.0,0.0,0.0,177505.92,1.0,chm-legacy,2009-2020,full
8928308e2b3ffff,0.0,0.0,0.0,0.0,177517.44,1.0,chm-legacy,2009-2020,full
8928308e2b7ffff,0.0,0.0,0.0,0.0,177552.0,1.0,chm-legacy,2009-2020,full
8928308e2bbffff,0.0,0.0,0.0,0.0,177569.28,1.0,chm-legacy,2009-2020,full
8928308e2c3ffff,0.0,0.0,0.0,0.0,177569.28,1.0,chm-legacy,2009-2020,full
8928308e2c7ffff,0.0,0.0,0.0,0.0,177586.56,1.0,chm-legacy,2009-2020,full
8928308e2cbffff,0.0,0.0,0.0,0.0,177598.08,1.0,chm-legacy,2009-2020,full
8928308e2cfffff,0.0,0.0,0.0,0.0,177598.08,1.0,chm-legacy,2009-2020,full
8928308e2d3ffff,0.0,0.0,0.0,0.0,177557.76,1.0,chm-legacy,2009-2020,full
8928308e2d7ffff,0.0,0.0,0.0,0.0,177552.0,1.0,chm-legacy,2009-2020,full
8928308e2dbffff,0.0,0.0,0.0,0.0,177569.28,1.0,chm-legacy,2009-2020,full
8928308e303ffff,5.7969207544118,3.9148656422056045,6193.08,21047.0,106833.96,0.9771486210249425,usfs-2022,2022,partial
8928308e307ffff,12.30965825692034,9.891346526969343,12831.12,16719.0,104236.2,0.9534362325286004,usfs-2022,2022,partial
8928308e30bffff,4.471218117998801,0.7985170397832596,4888.44,2505.0,109331.28,0.9999788342261469,usfs-2022,2022,full
8928308e30fffff,6.701570680628273,2.8173104850421145,7326.72,1205.0,109328.4,1.0,usfs-2022,2022,full
8928308e313ffff,9.162907980253578,5.497974743864665,1857.6,5711.0,20273.04,0.1854186082984725,usfs-2022,2022,partial
8928308e317ffff,1.6231262577817902,3.543005364617108,621.36,5890.0,38281.68,0.35014442144941665,usfs-2022,2022,partial
8928308e31bffff,4.008771554349723,1.2459895115257251,4383.0,27591.0,109335.24,0.9999762338023725,usfs-2022,2022,full
8928308e323ffff,14.604491865902656,0.2957121734844751,15965.28,5098.0,109317.6,1.0,usfs-2022,2022,full
8928308e327ffff,3.141233483247917,0.0,648.72,0.0,20651.76,0.1889255069509513,usfs-2022,2022,partial
8928308e32bffff,21.820768323926316,0.0,23855.04,0.0,109322.64,1.0,usfs-2022,2022,full
8928308e32fffff,16.774062953341655,9.881125781139877,17899.2,6905.0,106707.6,0.9761666215541853,usfs-2022,2022,partial
8928308e333ffff,31.93884170697893,3.7256671393579994,34916.04,5377.0,109321.56,1.0,usfs-2022,2022,full
8928308e337ffff,6.482128576266058,0.0,3238.92,0.0,49966.92,0.4570873911873793,usfs-2022,2022,partial
8928308e33bffff,30.412576520447715,0.0,33248.16,0.0,109323.72,1.0,usfs-2022,2022,full
8928308e343ffff,0.12406769936890419,0.2951303492375799,124.56,730.0,100396.8,0.9182047834283785,usfs-2022,2022,partial
8928308e347ffff,4.54075517918055,0.1785036080516521,4964.76,9462.0,109337.76,1.0,usfs-2022,2022,full
8928308e34bffff,0.0,0.0,0.0,0.0,6644.88,0.06077177362901901,usfs-2022,2022,partial
8928308e34fffff,0.0,0.0,0.0,0.0,92311.2,0.8442886302413919,usfs-2022,2022,partial
8928308e353ffff,0.775031922140786,0.0,815.04,5917.0,105162.12,0.9617499069928436,usfs-2022,2022,partial
8928308e357ffff,8.874225826525874,0.3606040117196304,9702.72,7958.0,109335.96,0.9999714909021074,usfs-2022,2022,full
8928308e35bffff,0.0,0.0,0.0,0.0,7576.92,0.06929319853791954,usfs-2022,2022,partial
8928308e363ffff,4.475734485415665,4.978477571363842,4893.12,12079.0,109325.52,1.0,usfs-2022,2022,full
8928308e367ffff,4.004899926896252,12.023789294817332,4378.32,9319.0,109324.08,1.0,usfs-2022,2022,full
8928308e36bffff,1.753003629085597,0.0,1097.28,1316.0,62594.28,0.5725452820909489,usfs-2022,2022,partial
8928308e36fffff,0.0,0.0,0.0,0.0,50887.44,0.46548702418055415,usfs-2022,2022,partial
8928308e373ffff,23.499486328433697,0.2540892488486581,25692.12,2261.0,109330.56,1.0,usfs-2022,2022,full
8928308e377ffff,19.17703116098801,0.0,20965.32,0.0,109325.16,1.0,usfs-2022,2022,full
8928308e37bffff,1.4484784226435472,2.097611630321911,1583.64,5091.0,109331.28,1.0,usfs-2022,2022,full
8928308e383ffff,0.0,0.0,0.0,0.0,177557.76,1.0,chm-legacy,2009-2020,full
8928308e387ffff,0.0,0.0,0.0,0.0,177465.6,1.0,chm-legacy,2009-2020,full
8928308e38bffff,0.0,0.0,0.0,0.0,177482.88,1.0,chm-legacy,2009-2020,full
8928308e38fffff,0.07149666348903717,0.0,2.16,1687.0,3021.12,0.027631683389629895,usfs-2022,2022,partial
8928308e393ffff,0.0,0.0,0.0,0.0,177523.2,1.0,chm-legacy,2009-2020,full
8928308e397ffff,0.0,0.0,0.0,0.0,177534.72,1.0,chm-legacy,2009-2020,full
8928308e39bffff,0.0,0.0,0.0,0.0,177563.52,1.0,chm-legacy,2009-2020,full
8928308e3a3ffff,3.6974320192023145,0.9985734664764622,1619.28,1749.0,43794.72,0.40059423566836316,usfs-2022,2022,partial
8928308e3a7ffff,0.0,0.0,0.0,0.0,16223.04,0.1484010496779273,usfs-2022,2022,partial
8928308e3abffff,5.317171250455732,2.525465896822044,5302.8,7475.0,99729.72,0.9122263423620252,usfs-2022,2022,partial
8928308e3afffff,5.943262471739806,0.0,5025.24,3882.0,84553.56,0.7734490266697386,usfs-2022,2022,partial
8928308e3b3ffff,0.0,0.0,0.0,0.0,177557.76,1.0,chm-legacy,2009-2020,full
8928308e3b7ffff,0.0,0.0,0.0,0.0,177557.76,1.0,chm-legacy,2009-2020,full
8928308e3bbffff,0.0,0.0,0.0,0.0,4105.44,0.037550944278915505,usfs-2022,2022,partial
8928308e3c3ffff,0.0024799588326833775,0.0,1.44,6814.0,58065.48,0.5310175867818376,usfs-2022,2022,partial
8928308e3c7ffff,0.003185795599354345,0.016638935108153077,1.08,4326.0,33900.48,0.3100405564665692,usfs-2022,2022,partial
8928308e3cbffff,0.0,0.0,0.0,6250.0,109346.4,0.9999780186991197,usfs-2022,2022,full
8928308e3cfffff,0.059590635381034374,0.0,65.16,2421.0,109346.04,1.0,usfs-2022,2022,full
8928308e3d3ffff,0.0,0.0,0.0,0.0,177569.28,1.0,chm-legacy,2009-2020,full
8928308e3d7ffff,0.0,0.0,0.0,0.0,177569.28,1.0,chm-legacy,2009-2020,full
8928308e3dbffff,0.0,0.0,0.0,756.0,24803.64,0.226821663450118,usfs-2022,2022,partial
8928308e627ffff,0.0,0.0,0.0,0.0,177534.72,1.0,chm-legacy,2009-2020,full
8928308e62bffff,0.0,0.0,0.0,0.0,177552.0,1.0,chm-legacy,2009-2020,full
8928308e62fffff,0.0,0.0,0.0,0.0,177500.16,1.0,chm-legacy,2009-2020,full
8928308e667ffff,0.0,0.0,0.0,0.0,177557.76,1.0,chm-legacy,2009-2020,full
8928308e66bffff,0.0,0.0,0.0,0.0,177563.52,1.0,chm-legacy,2009-2020,full
8928308e66fffff,0.0,0.0,0.0,0.0,177563.52,1.0,chm-legacy,2009-2020,full
8928308e803ffff,0.0,0.0,0.0,0.0,177442.56,1.0,chm-legacy,2009-2020,full
8928308e807ffff,0.0,0.0,0.0,0.0,177505.92,1.0,chm-legacy,2009-2020,full
8928308e80bffff,0.0,0.0,0.0,0.0,177569.28,1.0,chm-legacy,2009-2020,full
8928308e80fffff,0.0,0.0,0.0,0.0,177557.76,1.0,chm-legacy,2009-2020,full
8928308e813ffff,0.0,0.0,0.0,0.0,177534.72,1.0,chm-legacy,2009-2020,full
8928308e817ffff,0.0,0.0,0.0,0.0,177546.24,1.0,chm-legacy,2009-2020,full
8928308e81bffff,0.0,0.0,0.0,0.0,177557.76,1.0,chm-legacy,2009-2020,full
8928308e823ffff,0.0,0.0,0.0,0.0,177454.08,1.0,chm-legacy,2009-2020,full
8928308e82bffff,0.0,0.0,0.0,0.0,177557.76,1.0,chm-legacy,2009-2020,full
8928308e82fffff,0.0,0.0,0.0,0.0,177557.76,1.0,chm-legacy,2009-2020,full
8928308e833ffff,0.0,0.0,0.0,0.0,177552.0,1.0,chm-legacy,2009-2020,full
8928308e83bffff,0.0,0.0,0.0,0.0,177500.16,1.0,chm-legacy,2009-2020,full
8928308e843ffff,0.0,0.0,0.0,0.0,177586.56,1.0,chm-legacy,2009-2020,full
8928308e847ffff,0.0,0.0,0.0,0.0,177569.28,1.0,chm-legacy,2009-2020,full
8928308e84bffff,0.0,0.0,0.0,0.0,1823.04,0.016684613118151673,usfs-2022,2022,partial
8928308e84fffff,0.0,0.0,0.0,0.0,177494.4,1.0,chm-legacy,2009-2020,full
8928308e853ffff,0.0,0.0,0.0,0.0,177511.68,1.0,chm-legacy,2009-2020,full
8928308e857ffff,0.0,0.0,0.0,0.0,177477.12,1.0,chm-legacy,2009-2020,full
8928308e85bffff,0.0,0.0,0.0,0.0,177523.2,1.0,chm-legacy,2009-2020,full
8928308e863ffff,0.0,0.0,0.0,0.0,177603.84,1.0,chm-legacy,2009-2020,full
8928308e867ffff,0.0,0.0,0.0,0.0,177500.16,1.0,chm-legacy,2009-2020,full
8928308e86bffff,0.0,0.0,0.0,0.0,177471.36,1.0,chm-legacy,2009-2020,full
8928308e86fffff,0.0,0.0,0.0,0.0,177575.04,1.0,chm-legacy,2009-2020,full
8928308e873ffff,0.0,0.0,0.0,0.0,177454.08,1.0,chm-legacy,2009-2020,full
8928308e877ffff,0.0,0.0,0.0,0.0,177546.24,1.0,chm-legacy,2009-2020,full
8928308e87bffff,0.0,0.0,0.0,0.0,177586.56,1.0,chm-legacy,2009-2020,full
8928308e88bffff,0.0,0.0,0.0,0.0,177528.96,1.0,chm-legacy,2009-2020,full
8928308e8c3ffff,0.0,0.0,0.0,0.0,177482.88,1.0,chm-legacy,2009-2020,full
8928308e8c7ffff,0.0,0.0,0.0,0.0,177465.6,1.0,chm-legacy,2009-2020,full
8928308e8cbffff,0.0,0.0,0.0,0.0,177523.2,1.0,chm-legacy,2009-2020,full
8928308e8cfffff,0.0,0.0,0.0,0.0,177557.76,1.0,chm-legacy,2009-2020,full
8928308e8d3ffff,0.0,0.0,0.0,0.0,177517.44,1.0,chm-legacy,2009-2020,full
8928308e8d7ffff,0.0,0.0,0.0,0.0,177540.48,1.0,chm-legacy,2009-2020,full
8928308e8dbffff,0.0,0.0,0.0,0.0,177557.76,1.0,chm-legacy,2009-2020,full
8928308e94bffff,0.0,0.0,0.0,0.0,177569.28,1.0,chm-legacy,2009-2020,full
8928308ea03ffff,10.94633419876906,0.0,11960.28,0.0,109262.88,0.9999877719293231,usfs-2022,2022,full
8928308ea07ffff,10.13011489253742,0.0,11068.2,0.0,109260.36,1.0,usfs-2022,2022,full
8928308ea0bffff,23.46660077423606,0.0,25641.72,0.0,109269.0,1.0,usfs-2022,2022,full
8928308ea0fffff,27.117717027074224,0.0,29628.72,0.0,109259.64,0.9999970280986092,usfs-2022,2022,full
8928308ea13ffff,13.117492405922393,0.0,14333.4,0.0,109269.36,1.0,usfs-2022,2022,full
8928308ea17ffff,7.188749991762822,0.0,7854.48,0.0,109260.72,0.9999793412412462,usfs-2022,2022,full
8928308ea1bffff,11.651928095100029,0.0,12731.4,0.0,109264.32,0.9999507173497066,usfs-2022,2022,full
8928308ea23ffff,35.37647872936369,48.42628382109332,38648.52,1345.0,109249.2,1.0,usfs-2022,2022,full
8928308ea27ffff,58.99527128334404,43.25431817002956,64450.8,3938.0,109247.4,1.0,usfs-2022,2022,full
8928308ea2bffff,50.95280932939227,0.0,55665.72,0.0,109249.56,0.9999939354210099,usfs-2022,2022,full
8928308ea2fffff,45.20061296116265,79.06128203001907,49377.24,909.0,109240.2,0.9999585154431604,usfs-2022,2022,full
8928308ea33ffff,7.186281843014884,0.0,7851.24,4572.0,109253.16,0.9999993022237323,usfs-2022,2022,full
8928308ea37ffff,14.078985904492992,9.327970939283862,13498.56,5032.0,95877.36,0.8776140840251079,usfs-2022,2022,partial
8928308ea3bffff,7.799118896280846,0.0,8520.84,0.0,109253.88,0.9999945548405109,usfs-2022,2022,full
8928308ea43ffff,1.3948554410563214,0.0,1524.24,0.0,109275.84,1.0,usfs-2022,2022,full
8928308ea47ffff,9.35919527921742,0.0,10226.16,0.0,109263.24,0.9999684199530672,usfs-2022,2022,full
8928308ea4bffff,1.6357526438902248,0.0,1787.4,0.0,109270.8,0.9999760778597773,usfs-2022,2022,full
8928308ea4fffff,0.1937294903728304,0.0,211.68,0.0,109265.76,0.9999801739571887,usfs-2022,2022,full
8928308ea53ffff,2.6901486401012016,0.0,2939.76,0.0,109278.72,1.0,usfs-2022,2022,full
8928308ea57ffff,20.122620157541533,0.0,21988.8,0.0,109274.04,1.0,usfs-2022,2022,full
8928308ea5bffff,1.356916022084887,0.0,1482.84,0.0,109280.16,1.0,usfs-2022,2022,full
8928308ea63ffff,0.0,0.0,0.0,0.0,109256.76,0.9999982691365694,usfs-2022,2022,full
8928308ea67ffff,1.4320501118686177,0.0,1564.56,0.0,109253.16,1.0,usfs-2022,2022,full
8928308ea6bffff,0.021143213557028532,0.0,21.6,0.0,102160.44,0.9350369525376957,usfs-2022,2022,partial
8928308ea6fffff,0.0,0.0,0.0,0.0,31571.28,0.2889748380776554,usfs-2022,2022,partial
8928308ea73ffff,0.6069032776730762,0.0,663.12,0.0,109262.88,1.0,usfs-2022,2022,full
8928308ea77ffff,11.836052825811894,0.0,12931.56,0.0,109255.68,0.9999997022350646,usfs-2022,2022,full
8928308ea7bffff,0.0,0.0,0.0,0.0,109263.24,1.0,usfs-2022,2022,full
8928308ea83ffff,11.502474252617569,19.205771016355975,12568.68,4072.0,109269.36,0.999980631713812,usfs-2022,2022,full
8928308ea87ffff,13.742181172781004,0.15467334462694263,14355.0,4880.0,104459.4,0.9560102201520855,usfs-2022,2022,partial
8928308ea8bffff,4.54106693988621,0.0,4962.24,0.0,109274.76,1.0,usfs-2022,2022,full
8928308ea8fffff,0.007248143486884155,0.0,7.92,0.0,109269.36,1.0,usfs-2022,2022,full
8928308ea93ffff,2.9126815261624905,0.0,507.6,0.0,17427.24,0.15947951873221722,usfs-2022,2022,partial
8928308ea97ffff,0.31396738073407243,0.0,122.04,0.0,38870.28,0.35572614905796274,usfs-2022,2022,partial
8928308ea9bffff,9.81085839120234,1.1744583808437856,10492.56,3120.0,106948.44,0.9786915249467346,usfs-2022,2022,partial
8928308eaa3ffff,0.0,0.0,0.0,0.0,177488.64,1.0,chm-legacy,2009-2020,full
8928308eaa7ffff,0.0,0.0,0.0,0.0,177609.6,1.0,chm-legacy,2009-2020,full
8928308eaabffff,18.95576496795117,17.30878589707137,12498.84,4188.0,65936.88,0.6034998763063305,usfs-2022,2022,partial
8928308eaafffff,0.0,0.0,0.0,0.0,4465.8,0.04087614087271099,usfs-2022,2022,partial
8928308eab3ffff,6.316624960038804,0.0,2062.8,0.0,32656.68,0.29888826319640766,usfs-2022,2022,partial
8928308eab7ffff,0.0,0.0,0.0,0.0,177592.32,1.0,chm-legacy,2009-2020,full
8928308eabbffff,17.76312856909369,0.9760927995473192,12911.4,5040.0,72686.52,0.6652513658696056,usfs-2022,2022,partial
8928308eac3ffff,7.223120838865042,0.0,7893.36,0.0,109279.08,0.999996671523837,usfs-2022,2022,full
8928308eac7ffff,25.91848298763935,0.0,28322.64,0.0,109275.84,1.0,usfs-2022,2022,full
8928308eacbffff,5.517250466963371,0.0,6029.28,0.0,109280.52,0.9999985241617038,usfs-2022,2022,full
8928308eacfffff,6.931883699859978,0.0,7574.4,0.0,109269.0,0.9999433220240792,usfs-2022,2022,full
8928308ead3ffff,19.702025475734807,2.2508038585209005,21532.32,1860.0,109289.88,1.0,usfs-2022,2022,full
8928308ead7ffff,21.575687695602042,0.0,23577.48,0.0,109278.0,0.9999981227876792,usfs-2022,2022,full
8928308eadbffff,0.7563454284914269,0.0,826.56,0.0,109283.4,0.9999859876313232,usfs-2022,2022,full
8928308eb03ffff,0.0,0.0,0.0,0.0,177615.36,1.0,chm-legacy,2009-2020,full
8928308eb07ffff,0.0,0.0,0.0,0.0,177540.48,1.0,chm-legacy,2009-2020,full
8928308eb0bffff,0.0,0.0,0.0,0.0,177528.96,1.0,chm-legacy,2009-2020,full
8928308eb0fffff,0.0,0.0,0.0,0.0,177580.8,1.0,chm-legacy,2009-2020,full
8928308eb13ffff,0.0,0.0,0.0,0.0,177528.96,1.0,chm-legacy,2009-2020,full
8928308eb17ffff,0.0,0.0,0.0,0.0,177540.48,1.0,chm-legacy,2009-2020,full
8928308eb1bffff,0.0,0.0,0.0,0.0,177586.56,1.0,chm-legacy,2009-2020,full
8928308eb23ffff,0.0,0.0,0.0,0.0,177563.52,1.0,chm-legacy,2009-2020,full
8928308eb27ffff,0.0,0.0,0.0,0.0,177517.44,1.0,chm-legacy,2009-2020,full
8928308eb2bffff,0.0,0.0,0.0,0.0,177598.08,1.0,chm-legacy,2009-2020,full
8928308eb2fffff,0.0,0.0,0.0,0.0,177638.4,1.0,chm-legacy,2009-2020,full
8928308eb33ffff,0.0,0.0,0.0,0.0,177534.72,1.0,chm-legacy,2009-2020,full
8928308eb37ffff,0.0,0.0,0.0,0.0,177621.12,1.0,chm-legacy,2009-2020,full
8928308eb3bffff,0.0,0.0,0.0,0.0,177626.88,1.0,chm-legacy,2009-2020,full
8928308eb43ffff,21.377998202676434,29.105103217017707,20467.8,4871.0,95742.36,0.8764906534315537,usfs-2022,2022,partial
8928308eb47ffff,0.5712702361721946,0.0,348.84,5981.0,61063.92,0.5590487474429852,usfs-2022,2022,partial
8928308eb4bffff,28.59077876281185,2.7818120880348562,31231.08,3133.0,109234.8,0.999998285584911,usfs-2022,2022,full
8928308eb4fffff,1.5444142695177578,0.0,1686.96,3724.0,109229.76,1.0,usfs-2022,2022,full
8928308eb53ffff,5.390610458595625,10.649483875104186,4066.2,5017.0,75431.16,0.69052123556438,usfs-2022,2022,partial
8928308eb57ffff,0.0,0.0,0.0,0.0,177632.64,1.0,chm-legacy,2009-2020,full
8928308eb5bffff,50.28754667483991,35.41000810952631,54931.32,9749.0,109234.44,0.9999560527078124,usfs-2022,2022,full
8928308eb63ffff,13.5546423902785,12.89726164301419,8324.28,6275.0,61412.76,0.5622926031095098,usfs-2022,2022,partial
8928308eb67ffff,0.44742729306487694,0.0,47.52,55.0,10620.72,0.09724774960725445,usfs-2022,2022,partial
8928308eb6bffff,18.672296272857917,30.38055524249596,20394.36,6672.0,109222.56,1.0,usfs-2022,2022,full
8928308eb6fffff,37.33901618161381,7.500270182643468,40779.0,6162.0,109212.84,0.9999870469240932,usfs-2022,2022,full
8928308eb73ffff,1.0944591932859467,0.0,230.04,3021.0,21018.6,0.19243790695967877,usfs-2022,2022,partial
8928308eb77ffff,0.0,0.0,0.0,0.0,177528.96,1.0,chm-legacy,2009-2020,full
8928308eb7bffff,22.295395365700912,40.81115335868187,24351.12,2354.0,109220.4,0.9999670156285719,usfs-2022,2022,full
8928308eb83ffff,0.0,0.0,0.0,0.0,177517.44,1.0,chm-legacy,2009-2020,full
8928308eb87ffff,0.0,0.0,0.0,0.0,177477.12,1.0,chm-legacy,2009-2020,full
8928308eb8bffff,0.0324401479270745,0.0,35.0,0.0,177557.76,1.0,chm-legacy,2009-2020,full
8928308eb8fffff,0.0,0.0,0.0,0.0,177598.08,1.0,chm-legacy,2009-2020,full
8928308eb93ffff,0.0,0.0,0.0,0.0,177517.44,1.0,chm-legacy,2009-2020,full
8928308eb97ffff,0.0,0.0,0.0,0.0,177575.04,1.0,chm-legacy,2009-2020,full
8928308eb9bffff,0.0,0.0,0.0,0.0,177592.32,1.0,chm-legacy,2009-2020,full
8928308eba3ffff,0.0,0.0,0.0,0.0,177471.36,1.0,chm-legacy,2009-2020,full
8928308ebabffff,0.0,0.0,0.0,0.0,177609.6,1.0,chm-legacy,2009-2020,full
8928308ebafffff,0.0,0.0,0.0,0.0,177592.32,1.0,chm-legacy,2009-2020,full
8928308ebb3ffff,0.0,0.0,0.0,0.0,177598.08,1.0,chm-legacy,2009-2020,full
8928308ebbbffff,0.0,0.0,0.0,0.0,177563.52,1.0,chm-legacy,2009-2020,full
8928308ebc3ffff,0.6791541048552988,0.0,224.64,0.0,33076.44,0.3027840825574732,usfs-2022,2022,partial
8928308ebc7ffff,0.0,0.0,0.0,0.0,177615.36,1.0,chm-legacy,2009-2020,full
8928308ebcbffff,32.32522732375393,15.034409740603493,33172.2,3467.0,102620.16,0.9393815699492097,usfs-2022,2022,partial
8928308ebcfffff,13.076696686091,0.0,3998.88,0.0,30580.2,0.27994421914178774,usfs-2022,2022,partial
8928308ebd3ffff,0.0,0.0,0.0,0.0,177603.84,1.0,chm-legacy,2009-2020,full
8928308ebd7ffff,0.0,0.0,0.0,0.0,177500.16,1.0,chm-legacy,2009-2020,full
8928308ebdbffff,4.143573502243337,0.0,56.52,0.0,1364.04,0.012485891398931004,usfs-2022,2022,partial
8928308ec4bffff,0.0,0.0,0.0,0.0,177511.68,1.0,chm-legacy,2009-2020,full
8928308ec6bffff,0.0,0.0,0.0,0.0,177523.2,1.0,chm-legacy,2009-2020,full
8928308ee03ffff,0.0,0.0,0.0,0.0,177494.4,1.0,chm-legacy,2009-2020,full
8928308ee07ffff,0.0,0.0,0.0,0.0,177569.28,1.0,chm-legacy,2009-2020,full
8928308ee0bffff,0.0,0.0,0.0,0.0,177580.8,1.0,chm-legacy,2009-2020,full
8928308ee0fffff,0.0,0.0,0.0,0.0,177575.04,1.0,chm-legacy,2009-2020,full
8928308ee13ffff,0.0,0.0,0.0,0.0,177563.52,1.0,chm-legacy,2009-2020,full
8928308ee17ffff,0.0,0.0,0.0,0.0,177505.92,1.0,chm-legacy,2009-2020,full
8928308ee1bffff,0.0,0.0,0.0,0.0,177528.96,1.0,chm-legacy,2009-2020,full
8928308ee23ffff,0.0,0.0,0.0,0.0,177557.76,1.0,chm-legacy,2009-2020,full
8928308ee27ffff,0.0,0.0,0.0,0.0,177575.04,1.0,chm-legacy,2009-2020,full
8928308ee2bffff,0.0,0.0,0.0,0.0,177603.84,1.0,chm-legacy,2009-2020,full
8928308ee2fffff,0.0,0.0,0.0,0.0,177500.16,1.0,chm-legacy,2009-2020,full
8928308ee33ffff,0.0,0.0,0.0,0.0,177563.52,1.0,chm-legacy,2009-2020,full
8928308ee37ffff,0.0,0.0,0.0,0.0,177459.84,1.0,chm-legacy,2009-2020,full
8928308ee3bffff,0.0,0.0,0.0,0.0,177465.6,1.0,chm-legacy,2009-2020,full
8928308ee43ffff,20.5384026537382,0.0,2897.64,0.0,14108.4,0.129077325699321,usfs-2022,2022,partial
8928308ee47ffff,0.0,0.0,0.0,0.0,177580.8,1.0,chm-legacy,2009-2020,full
8928308ee4bffff,17.995935615405138,13.892947270553858,19669.68,25673.0,109300.68,0.9999772812533885,usfs-2022,2022,full
8928308ee4fffff,12.32707292842323,13.533658536585365,6566.4,7977.0,53268.12,0.48736735834114303,usfs-2022,2022,partial
8928308ee53ffff,0.0,0.0,0.0,0.0,177557.76,1.0,chm-legacy,2009-2020,full
8928308ee57ffff,0.0,0.0,0.0,0.0,177500.16,1.0,chm-legacy,2009-2020,full
8928308ee5bffff,25.828655439722,26.99498009347412,9739.8,6073.0,37709.28,0.34498374831109807,usfs-2022,2022,partial
8928308ee63ffff,1.8099811419795089,0.0,335.16,0.0,18517.32,0.16943799802987028,usfs-2022,2022,partial
8928308ee67ffff,0.0,0.0,0.0,0.0,36.72,0.0003360138376298837,usfs-2022,2022,partial
8928308ee6bffff,16.782750106248837,22.737208699196028,17201.52,7507.0,102495.24,0.9378458252478392,usfs-2022,2022,partial
8928308ee6fffff,12.212108360467846,0.0,12543.12,0.0,102710.52,0.9398628624056574,usfs-2022,2022,partial
8928308ee73ffff,0.0,0.0,0.0,0.0,177482.88,1.0,chm-legacy,2009-2020,full
8928308ee77ffff,0.0,0.0,0.0,0.0,177575.04,1.0,chm-legacy,2009-2020,full
8928308ee7bffff,5.336461364851221,12.742911755336095,646.92,986.0,12122.64,0.11091954542720947,usfs-2022,2022,partial
8928308ee83ffff,0.0,0.0,0.0,0.0,177540.48,1.0,chm-legacy,2009-2020,full
8928308ee87ffff,0.0,0.0,0.0,0.0,177465.6,1.0,chm-legacy,2009-2020,full
8928308ee8bffff,0.0,0.0,0.0,0.0,177459.84,1.0,chm-legacy,2009-2020,full
8928308ee8fffff,0.0,0.0,0.0,0.0,177523.2,1.0,chm-legacy,2009-2020,full
8928308ee93ffff,0.0,0.0,0.0,0.0,177454.08,1.0,chm-legacy,2009-2020,full
8928308ee97ffff,0.0,0.0,0.0,0.0,177511.68,1.0,chm-legacy,2009-2020,full
8928308ee9bffff,0.0,0.0,0.0,0.0,177540.48,1.0,chm-legacy,2009-2020,full
8928308eea3ffff,0.0,0.0,0.0,0.0,177528.96,1.0,chm-legacy,2009-2020,full
8928308eea7ffff,0.0,0.0,0.0,0.0,177436.8,1.0,chm-legacy,2009-2020,full
8928308eeabffff,0.0,0.0,0.0,0.0,177477.12,1.0,chm-legacy,2009-2020,full
8928308eeafffff,0.0,0.0,0.0,0.0,177552.0,1.0,chm-legacy,2009-2020,full
8928308eeb3ffff,0.0,0.0,0.0,0.0,177482.88,1.0,chm-legacy,2009-2020,full
8928308eeb7ffff,0.0,0.0,0.0,0.0,177534.72,1.0,chm-legacy,2009-2020,full
8928308eebbffff,0.0,0.0,0.0,0.0,177546.24,1.0,chm-legacy,2009-2020,full
8928308eec3ffff,0.0,0.0,0.0,0.0,177459.84,1.0,chm-legacy,2009-2020,full
8928308eec7ffff,0.0,0.0,0.0,0.0,177552.0,1.0,chm-legacy,2009-2020,full
8928308eecbffff,0.0,0.0,0.0,0.0,177552.0,1.0,chm-legacy,2009-2020,full
8928308eecfffff,0.0,0.0,0.0,0.0,177580.8,1.0,chm-legacy,2009-2020,full
8928308eed3ffff,0.0,0.0,0.0,0.0,177557.76,1.0,chm-legacy,2009-2020,full
8928308eed7ffff,0.0,0.0,0.0,0.0,177557.76,1.0,chm-legacy,2009-2020,full
8928308eedbffff,0.0,0.0,0.0,0.0,177563.52,1.0,chm-legacy,2009-2020,full
8928308f003ffff,10.833673321664056,11.242861291259317,11853.72,19806.0,109415.52,0.999980296078025,usfs-2022,2022,full
8928308f007ffff,5.466055963568402,3.719162900486485,5980.32,24082.0,109408.32,0.9999645051106992,usfs-2022,2022,full
8928308f00bffff,10.183655877185478,9.693678641047063,11142.72,23349.0,109417.68,0.9999888362546683,usfs-2022,2022,full
8928308f00fffff,8.463138083298785,4.740327640292785,9259.56,18694.0,109410.48,0.999973041906628,usfs-2022,2022,full
8928308f013ffff,6.539670006086627,7.050390324533984,7155.72,20446.0,109420.2,0.9999842669127603,usfs-2022,2022,full
8928308f017ffff,9.425854637581022,8.573526247167687,10313.28,26001.0,109414.8,0.9999849260305745,usfs-2022,2022,full
8928308f01bffff,9.724360745917064,8.630312840119442,10640.52,23573.0,109421.28,0.9999829311944521,usfs-2022,2022,full
8928308f023ffff,9.354968212391244,10.644761629979124,10234.44,18954.0,109401.12,0.9999875338297766,usfs-2022,2022,full
8928308f027ffff,10.658672388148108,8.70318518633108,11660.4,21246.0,109398.24,1.0,usfs-2022,2022,full
8928308f02bffff,8.676766746080844,8.098612517120229,9492.48,16668.0,109401.12,0.9999763293355611,usfs-2022,2022,full
8928308f02fffff,9.445411556421385,11.130549428259933,10333.08,12618.0,109397.88,0.9999967431424285,usfs-2022,2022,full
8928308f033ffff,14.008429933172545,11.043827205260232,15326.64,26495.0,109410.12,1.0,usfs-2022,2022,full
8928308f037ffff,10.679803344719332,10.038508139493036,11683.44,26997.0,109397.52,0.9999658417963148,usfs-2022,2022,full
8928308f03bffff,9.993550849576858,11.581079470987728,10933.92,16029.0,109409.76,1.0,usfs-2022,2022,full
8928308f043ffff,7.2529996019173755,3.5476121443068385,7936.56,16766.0,109424.52,0.9999901583967852,usfs-2022,2022,full
8928308f047ffff,13.096977114506428,12.147838214783821,14330.88,18141.0,109421.28,1.0,usfs-2022,2022,full
8928308f04bffff,14.187626457863828,4.378967473737431,15524.64,12255.0,109423.8,0.999972402165408,usfs-2022,2022,full
8928308f04fffff,22.68571372170989,8.637495415854387,24823.08,17040.0,109421.64,1.0,usfs-2022,2022,full
8928308f053ffff,11.230055597591868,13.168238300872478,12288.96,17735.0,109429.2,0.9999941189820425,usfs-2022,2022,full
8928308f057ffff,10.677861269394255,9.036569394539775,11684.16,19503.0,109424.16,0.9999980548132378,usfs-2022,2022,full
8928308f05bffff,17.615593387614112,4.732574948149079,19276.92,10914.0,109431.0,0.999999385974266,usfs-2022,2022,full
8928308f063ffff,19.16722875709468,7.748590117193233,20971.44,15841.0,109413.0,1.0,usfs-2022,2022,full
8928308f067ffff,9.186362933397389,6.972624418357465,10050.48,14179.0,109406.52,1.0,usfs-2022,2022,full
8928308f06bffff,18.002230784163405,4.2887443768501035,19697.04,14783.0,109414.44,1.0,usfs-2022,2022,full
8928308f06fffff,12.056240519365995,2.2578386758013704,13190.4,14073.0,109407.24,1.0,usfs-2022,2022,full
8928308f073ffff,8.227494077388787,6.258385759861654,9001.8,22637.0,109411.2,0.9999684271988825,usfs-2022,2022,full
8928308f077ffff,11.037407747408043,11.023832424922517,12076.2,23977.0,109411.56,1.0,usfs-2022,2022,full
8928308f07bffff,14.065780035667046,4.483902296007184,15389.64,18765.0,109411.92,0.9999638222045837,usfs-2022,2022,full
8928308f083ffff,57.35933228275996,30.43015835499882,62766.0,2119.0,109425.96,1.0,usfs-2022,2022,full
8928308f087ffff,3.395033295607085,1.558113419427288,3714.84,10099.0,109419.84,1.0,usfs-2022,2022,full
8928308f08bffff,17.069559953679335,11.210864976220147,18678.96,12568.0,109428.48,1.0,usfs-2022,2022,full
8928308f08fffff,7.908312660801589,11.910071526504453,8653.32,19198.0,109420.56,0.9999987725158054,usfs-2022,2022,full
8928308f0a3ffff,7.465038991806786,5.988788539395827,8167.32,21735.0,109407.6,0.9999803636519256,usfs-2022,2022,full
8928308f0a7ffff,6.14470359060756,9.497378970089423,6722.64,4226.0,109405.44,1.0,usfs-2022,2022,full
8928308f0abffff,12.854623347394329,11.861335910134073,14064.12,23642.0,109409.04,0.9999823005212344,usfs-2022,2022,full
8928308f0afffff,9.943766061551319,10.331003701575508,10879.2,24157.0,109407.24,1.0,usfs-2022,2022,full
8928308f0b3ffff,1.7468499427262314,0.5509172488214914,1888.56,12607.0,108112.32,0.988103231489664,usfs-2022,2022,partial
8928308f0b7ffff,2.916314315704269,1.8202720827744778,3190.68,9223.0,109407.96,0.9999948884499601,usfs-2022,2022,full
8928308f0bbffff,9.996808444132967,10.761406231939102,10937.88,19455.0,109413.72,0.9999862755007282,usfs-2022,2022,full
8928308f0c3ffff,7.773968997552439,7.380387593429709,8507.16,7450.0,109431.36,0.9999862555429937,usfs-2022,2022,full
8928308f0c7ffff,10.808587915594712,12.987581719791047,11827.44,10014.0,109426.32,0.9999901932287939,usfs-2022,2022,full
8928308f0cbffff,13.407352578337035,13.8192550528636,14671.8,24913.0,109431.0,0.9999717693251752,usfs-2022,2022,full
8928308f0cfffff,9.828202209486712,8.286029387913977,10754.64,20358.0,109426.32,0.9999789920750358,usfs-2022,2022,full
8928308f0d7ffff,11.973774676706768,8.023949812177031,13103.28,17365.0,109433.16,1.0,usfs-2022,2022,full
8928308f0dbffff,13.247344511222298,9.469503164130874,14497.56,24205.0,109437.48,0.9999921924782467,usfs-2022,2022,full
8928308f103ffff,12.580510329347721,7.585820800570018,13761.0,13074.0,109383.48,1.0,usfs-2022,2022,full
8928308f107ffff,9.867152064146198,5.2734934337029005,10791.72,16671.0,109370.16,0.9999659921071222,usfs-2022,2022,full
8928308f10bffff,13.636812448984964,10.45238787174271,14915.88,16639.0,109379.52,0.9999902641255274,usfs-2022,2022,full
8928308f10fffff,14.277720541524443,6.343631046707292,15615.72,20638.0,109371.24,0.9999646295684438,usfs-2022,2022,full
8928308f113ffff,3.05932691516498,2.6543406651790455,3346.2,16490.0,109377.0,0.9999396332560945,usfs-2022,2022,full
8928308f117ffff,0.05990349612602115,0.0,65.52,216.0,109375.92,0.9999798259292132,usfs-2022,2022,full
8928308f11bffff,10.902891596400808,2.240873127767918,11926.08,21218.0,109384.56,0.9999975099008707,usfs-2022,2022,full
8928308f123ffff,6.123268552167272,0.11803762449280708,6696.72,9748.0,109365.12,1.0,usfs-2022,2022,full
8928308f127ffff,3.888263448611852,0.8719371459212458,4252.32,15307.0,109362.96,1.0,usfs-2022,2022,full
8928308f12bffff,4.8773181827159195,3.3952860554459554,5334.12,16747.0,109365.84,1.0,usfs-2022,2022,full
8928308f12fffff,3.6449468829317593,3.836967301272471,3985.92,24785.0,109354.68,0.9999522178016053,usfs-2022,2022,full
8928308f133ffff,23.71066491112574,26.10310868117618,25931.88,7591.0,109368.0,0.9999963220774083,usfs-2022,2022,full
8928308f137ffff,0.47566378964139233,1.0647162299787056,520.2,3847.0,109362.96,1.0,usfs-2022,2022,full
8928308f13bffff,13.749518608853647,4.022006029900849,15037.92,22233.0,109370.52,1.0,usfs-2022,2022,full
8928308f143ffff,9.06090075858551,9.691389655685406,9911.52,19668.0,109387.8,1.0,usfs-2022,2022,full
8928308f147ffff,13.978961781007676,8.23035572783929,15289.92,15426.0,109378.08,0.9999658764404913,usfs-2022,2022,full
8928308f14bffff,8.522381330077309,6.6008167917181115,9322.2,14161.0,109384.92,0.9999671464281537,usfs-2022,2022,full
8928308f14fffff,6.898083847313371,5.027785564698316,7545.24,20734.0,109381.68,0.999987575541145,usfs-2022,2022,full
8928308f153ffff,12.520362661050138,11.618089828351492,13696.2,20501.0,109391.4,0.9999987603370981,usfs-2022,2022,full
8928308f157ffff,8.213542900771397,5.0562570966521,8984.88,19867.0,109391.04,1.0,usfs-2022,2022,full
8928308f15bffff,6.88943663594091,2.032675984427851,7536.6,22105.0,109393.56,1.0,usfs-2022,2022,full
8928308f163ffff,7.112998255488629,6.911710595115905,7779.6,17304.0,109371.6,0.9999955416911753,usfs-2022,2022,full
8928308f167ffff,4.604658970839464,14.047323606178598,5036.04,7232.0,109368.36,1.0,usfs-2022,2022,full
8928308f16bffff,6.819984661617508,2.425275599499943,7459.2,15454.0,109372.68,0.9999942036520914,usfs-2022,2022,full
8928308f16fffff,6.91656406981414,12.216505514651526,7563.96,21375.0,109360.08,0.9999290671462409,usfs-2022,2022,full
8928308f173ffff,11.87905038689526,5.755644826153207,12993.12,14696.0,109378.44,1.0,usfs-2022,2022,full
8928308f177ffff,4.367188811465023,2.5175742491002655,4776.48,20867.0,109371.96,1.0,usfs-2022,2022,full
8928308f17bffff,4.150538483819154,1.7673786268827592,4539.6,19769.0,109373.76,0.9999652247853846,usfs-2022,2022,full
8928308f183ffff,0.0,0.0,0.0,0.0,177661.44,1.0,chm-legacy,2009-2020,full
8928308f187ffff,0.0,0.0,0.0,0.0,177615.36,1.0,chm-legacy,2009-2020,full
8928308f18bffff,0.05703042573212809,0.0,28.8,0.0,50499.36,0.4616541999599828,usfs-2022,2022,partial
8928308f18fffff,0.0,0.0,0.0,0.0,69291.0,0.6334750125204631,usfs-2022,2022,partial
8928308f193ffff,0.0,0.0,0.0,0.0,177638.4,1.0,chm-legacy,2009-2020,full
8928308f197ffff,0.0,0.0,0.0,0.0,177672.96,1.0,chm-legacy,2009-2020,full
8928308f19bffff,0.0,0.0,0.0,0.0,177615.36,1.0,chm-legacy,2009-2020,full
8928308f1a3ffff,16.794327828597197,13.566063601784093,18367.56,16115.0,109367.64,0.999965454580737,usfs-2022,2022,full
8928308f1a7ffff,17.34848385100528,13.042133479964257,18973.44,18218.0,109366.56,1.0,usfs-2022,2022,full
8928308f1abffff,13.284795981844574,23.76736486000144,14530.32,11438.0,109375.56,1.0,usfs-2022,2022,full
8928308f1afffff,2.2080752088586344,5.063187599689174,2414.88,8357.0,109365.84,0.9999878236837354,usfs-2022,2022,full
8928308f1b3ffff,2.4671525678168824,7.037216046399227,1266.12,3462.0,51319.08,0.4692001683667438,usfs-2022,2022,partial
8928308f1b7ffff,15.709108623453396,11.554263448512563,17181.36,31542.0,109371.96,1.0,usfs-2022,2022,full
8928308f1bbffff,1.952921570669722,63.606876419072336,1755.0,404.0,89865.36,0.8216119070560413,usfs-2022,2022,partial
8928308f1c3ffff,1.8142328259975318,4.920204757603132,1984.68,5684.0,109395.0,1.0,usfs-2022,2022,full
8928308f1c7ffff,1.6425705851184618,0.0,1796.76,5187.0,109387.08,0.9999817253853356,usfs-2022,2022,full
8928308f1cbffff,6.962333568076662,4.82136347065257,7616.52,26316.0,109396.08,1.0,usfs-2022,2022,full
8928308f1cfffff,9.756169802441264,7.568945445787002,10672.2,16578.0,109389.24,0.9999902381408117,usfs-2022,2022,full
8928308f1d3ffff,0.733479548723018,0.0,769.32,0.0,104886.36,0.9587523809090444,usfs-2022,2022,partial
8928308f1d7ffff,1.0111242663492526,0.0,574.92,0.0,56859.48,0.5197710193340027,usfs-2022,2022,partial
8928308f1dbffff,2.5842522846264466,6.98960880195599,2827.08,10956.0,109396.44,0.9999671936405238,usfs-2022,2022,full
8928308f203ffff,31.52649272602862,21.333196384552178,3814.92,2757.0,12100.68,0.11058298992981748,usfs-2022,2022,partial
8928308f207ffff,23.658347994665892,12.97456690011058,15200.64,7650.0,64250.64,0.5871887377867197,usfs-2022,2022,partial
8928308f20bffff,36.7650393598756,0.0,40208.0,0.0,177805.44,1.0,chm-legacy,2009-2020,full
8928308f20fffff,54.721871254090125,0.0,59843.0,0.0,177793.92,1.0,chm-legacy,2009-2020,full
8928308f213ffff,25.13819076205622,13.811568845766399,17697.96,5852.0,70402.68,0.6433552906867799,usfs-2022,2022,partial
8928308f217ffff,19.66415418376109,12.823930354973681,21516.84,18602.0,109421.64,0.999969170165645,usfs-2022,2022,full
8928308f21bffff,64.32784547575837,0.0,70354.0,0.0,177730.56,1.0,chm-legacy,2009-2020,full
8928308f223ffff,30.404757905968125,8.465871438038436,11079.36,3978.0,36439.56,0.3330519403017513,usfs-2022,2022,partial
8928308f227ffff,47.19673261549886,15.390901661672569,28829.52,2236.0,61083.72,0.5583236667362239,usfs-2022,2022,partial
8928308f22bffff,66.67530868198463,0.0,72908.0,0.0,177736.32,1.0,chm-legacy,2009-2020,full
8928308f22fffff,53.92118737442478,0.0,58959.0,0.0,177742.08,1.0,chm-legacy,2009-2020,full
8928308f233ffff,18.72343170675395,9.88480697384807,19852.2,14588.0,106028.64,0.9690477130981635,usfs-2022,2022,partial
8928308f237ffff,38.01004879621739,14.372970465439927,41586.84,11961.0,109410.12,1.0,usfs-2022,2022,full
8928308f23bffff,74.1106719367589,0.0,81042.0,0.0,177788.16,1.0,chm-legacy,2009-2020,full
8928308f243ffff,11.817121379042188,0.0,12924.0,0.0,177765.12,1.0,chm-legacy,2009-2020,full
8928308f247ffff,14.566252956997957,0.0,15930.0,0.0,177747.84,1.0,chm-legacy,2009-2020,full
8928308f24bffff,8.368160171056468,0.0,9152.0,0.0,177793.92,1.0,chm-legacy,2009-2020,full
8928308f24fffff,7.609082958116032,0.0,8322.0,0.0,177816.96,1.0,chm-legacy,2009-2020,full
8928308f25bffff,11.489113530326597,0.0,12566.0,0.0,177776.64,1.0,chm-legacy,2009-2020,full
8928308f263ffff,9.5105438761297,0.0,10400.0,0.0,177816.96,1.0,chm-legacy,2009-2020,full
8928308f267ffff,21.392938127632004,0.0,23393.0,0.0,177811.2,1.0,chm-legacy,2009-2020,full
8928308f26bffff,39.280738700793776,0.0,42956.0,0.0,177782.4,1.0,chm-legacy,2009-2020,full
8928308f26fffff,38.88870889356877,0.0,42525.0,0.0,177782.4,1.0,chm-legacy,2009-2020,full
8928308f273ffff,20.27154013155763,0.0,22169.0,0.0,177759.36,1.0,chm-legacy,2009-2020,full
8928308f277ffff,30.342212716313437,0.0,33180.0,0.0,177742.08,1.0,chm-legacy,2009-2020,full
8928308f27bffff,8.263954128737568,0.0,9038.0,0.0,177805.44,1.0,chm-legacy,2009-2020,full
8928308f283ffff,39.21520894535478,29.850132034706267,42914.16,14728.0,109432.44,0.9999902104597335,usfs-2022,2022,full
8928308f287ffff,23.626966528710824,16.636601812481207,25854.12,13975.0,109426.32,0.9999842644360772,usfs-2022,2022,full
8928308f28bffff,25.444347582939947,12.822878228782288,27844.92,13268.0,109434.6,0.9999987958180605,usfs-2022,2022,full
8928308f28fffff,43.6418666622802,27.446277446277445,47756.16,13395.0,109427.4,0.9999829768741859,usfs-2022,2022,full
8928308f293ffff,48.975,30.312152991980255,53598.24,10167.0,109440.0,1.0,usfs-2022,2022,full
8928308f297ffff,31.155134185576777,39.0439395686772,34094.16,3806.0,109433.52,1.0,usfs-2022,2022,full
8928308f29bffff,21.306929390286026,24.891070397396188,23317.92,20603.0,109438.2,0.9999928720481892,usfs-2022,2022,full
8928308f2a3ffff,17.328920138054926,5.641822881830836,18960.84,18791.0,109417.32,0.9999908327757938,usfs-2022,2022,full
8928308f2a7ffff,18.384973003918624,7.646249696577392,20116.08,20545.0,109415.88,1.0,usfs-2022,2022,full
8928308f2abffff,26.148794699110706,11.660334822360456,28612.44,15235.0,109421.64,1.0,usfs-2022,2022,full
8928308f2afffff,24.301648405882933,13.626247291700444,26589.6,21097.0,109414.8,1.0,usfs-2022,2022,full
8928308f2b3ffff,27.54746528314674,10.634967224342041,30143.88,13153.0,109425.24,1.0,usfs-2022,2022,full
8928308f2b7ffff,25.43398436471796,7.7327204071581015,27828.36,14162.0,109414.08,0.9999723875787457,usfs-2022,2022,full
8928308f2bbffff,38.82277852167934,7.745235963678219,42481.08,12984.0,109423.08,0.9999934817194885,usfs-2022,2022,full
8928308f2c3ffff,60.761751850860755,0.0,4904.64,0.0,8071.92,0.07375562256782857,usfs-2022,2022,partial
8928308f2c7ffff,39.25806922739886,25.653462678523308,5806.08,1986.0,14789.52,0.13514315759693393,usfs-2022,2022,partial
8928308f2cfffff,39.83020640938401,0.0,43564.0,0.0,177759.36,1.0,chm-legacy,2009-2020,full
8928308f2d3ffff,36.99583754555495,16.71463596631489,37020.24,11251.0,100065.96,0.9142980438500654,usfs-2022,2022,partial
8928308f2d7ffff,24.844457707984695,18.789679309783494,23676.48,14368.0,95298.84,0.8707845919724718,usfs-2022,2022,partial
8928308f303ffff,19.606249197787044,2.756779249601221,21446.28,10095.0,109384.92,0.9999724410787533,usfs-2022,2022,full
8928308f307ffff,26.543642604897926,1.7443298969072165,29034.36,8578.0,109383.48,1.0,usfs-2022,2022,full
8928308f30bffff,16.739893828842618,13.321150634865623,18311.04,9904.0,109385.64,0.999967858979772,usfs-2022,2022,full
8928308f30fffff,9.699056094574848,4.020518508248995,10609.2,12461.0,109383.84,1.0,usfs-2022,2022,full
8928308f313ffff,29.89601158351981,3.8903652431864533,32705.28,11197.0,109396.8,1.0,usfs-2022,2022,full
8928308f317ffff,27.22222222222222,5.678639776240247,29776.32,9226.0,109382.4,0.9999605775416751,usfs-2022,2022,full
8928308f31bffff,30.414795070503644,13.114101441197548,33273.36,7857.0,109398.6,1.0,usfs-2022,2022,full
8928308f323ffff,12.62906363244389,6.2166045843273485,13813.2,24200.0,109376.28,1.0,usfs-2022,2022,full
8928308f327ffff,13.194759882821499,9.029278104745586,14431.32,26376.0,109371.6,1.0,usfs-2022,2022,full
8928308f32bffff,14.378859091327989,3.5470218574229126,15727.32,18952.0,109378.08,1.0,usfs-2022,2022,full
8928308f32fffff,17.576000947954658,11.465183411955222,19223.28,22634.0,109372.32,1.0,usfs-2022,2022,full
8928308f333ffff,11.128044766293614,4.522680927493957,12170.52,25452.0,109368.0,0.999917837316286,usfs-2022,2022,full
8928308f337ffff,31.855706752513186,11.653477016332715,34839.72,18889.0,109367.28,0.9999613077633753,usfs-2022,2022,full
8928308f33bffff,12.652840907220838,5.54481546572935,13839.48,19348.0,109378.44,1.0,usfs-2022,2022,full
8928308f343ffff,34.58015937654705,19.696708599000516,31181.4,10066.0,90171.36,0.8242667473248827,usfs-2022,2022,partial
8928308f347ffff,44.06100611351208,36.26972890776572,44263.44,4375.0,100459.44,0.9183572046109298,usfs-2022,2022,partial
8928308f34bffff,79.97278735259816,0.0,87437.0,0.0,177799.68,1.0,chm-legacy,2009-2020,full
8928308f34fffff,80.90655780196994,0.0,88453.0,0.0,177776.64,1.0,chm-legacy,2009-2020,full
8928308f353ffff,25.459243395674264,16.561263425664215,27561.24,17004.0,108256.32,0.9895449782100084,usfs-2022,2022,partial
8928308f357ffff,13.856182910696774,10.868591010939765,15158.52,12172.0,109398.96,1.0,usfs-2022,2022,full
8928308f35bffff,55.1052594272753,29.310344827586203,11194.92,974.0,20315.52,0.18569721135664743,usfs-2022,2022,partial
8928308f363ffff,26.851886498284998,21.067053513862025,15500.52,1763.0,57726.0,0.5277533093033026,usfs-2022,2022,partial
8928308f367ffff,23.44914294741831,14.28389884356335,25648.56,2428.0,109379.52,1.0,usfs-2022,2022,full
8928308f36bffff,55.182245261623194,0.0,60324.0,0.0,177782.4,1.0,chm-legacy,2009-2020,full
8928308f36fffff,80.16687337918593,0.0,7678.8,0.0,9578.52,0.08757392238536184,usfs-2022,2022,partial
8928308f373ffff,15.40813438386551,6.881757336536812,16854.12,9767.0,109384.56,0.9999968613146798,usfs-2022,2022,full
8928308f377ffff,7.636431855657548,24.210349462365592,8352.72,1624.0,109379.88,1.0,usfs-2022,2022,full
8928308f37bffff,34.468503937007874,11.453019582030608,6933.96,1937.0,20116.8,0.18390632616091263,usfs-2022,2022,partial
8928308f383ffff,7.756708549163117,7.305132993672149,8485.2,18405.0,109391.76,0.9999684395446514,usfs-2022,2022,full
8928308f387ffff,7.713016290933027,9.03477066300332,8436.96,24553.0,109386.0,0.9999658209235337,usfs-2022,2022,full
8928308f38bffff,21.03936365222027,2.774854491956788,23014.8,16297.0,109389.24,0.9999342198860386,usfs-2022,2022,full
8928308f38fffff,10.435589605876313,7.120967198760693,11415.6,19857.0,109391.04,1.0,usfs-2022,2022,full
8928308f393ffff,8.066761218734472,10.157162354199203,8825.04,22987.0,109400.04,1.0,usfs-2022,2022,full
8928308f397ffff,8.932379422914911,13.768659612449227,9771.48,11999.0,109393.92,0.9999993787185544,usfs-2022,2022,full
8928308f39bffff,6.204506864280732,5.824945295404814,6787.8,23241.0,109401.12,1.0,usfs-2022,2022,full
8928308f3a3ffff,11.160736325547257,5.346825749547024,12207.6,19935.0,109379.88,0.9999987712231017,usfs-2022,2022,full
8928308f3a7ffff,7.521484548569397,11.050170313492293,8226.72,16640.0,109376.28,1.0,usfs-2022,2022,full
8928308f3abffff,4.096771751758275,1.4907667365257622,4481.28,26905.0,109385.64,1.0,usfs-2022,2022,full
8928308f3afffff,9.125169920248569,5.504557185325536,9980.64,20827.0,109374.84,0.9999915565251745,usfs-2022,2022,full
8928308f3b3ffff,8.396657660296388,6.715883027522936,9185.04,18742.0,109389.24,1.0,usfs-2022,2022,full
8928308f3b7ffff,5.433301517295856,0.3257992262268377,5942.88,5287.0,109378.8,1.0,usfs-2022,2022,full
8928308f3bbffff,10.317397629062091,7.697178535665901,11285.64,22565.0,109384.56,0.999991507796756,usfs-2022,2022,full
8928308f3c3ffff,31.812961713749814,14.73520364674054,34804.08,8283.0,109402.2,0.9999914917332724,usfs-2022,2022,full
8928308f3c7ffff,68.99280930676451,10.697509527607906,75472.2,3627.0,109391.4,0.9999427903429419,usfs-2022,2022,full
8928308f3cbffff,28.10830020796588,13.610549986660061,30751.2,16320.0,109402.56,0.9999836219033547,usfs-2022,2022,full
8928308f3cfffff,25.27190814523268,23.965442274609146,27645.84,14479.0,109393.56,0.9999513702043722,usfs-2022,2022,full
8928308f3d3ffff,53.21784051461758,5.718303257558003,58225.32,1448.0,109409.4,1.0,usfs-2022,2022,full
8928308f3d7ffff,26.337074806427303,0.7751937984496124,28812.96,4977.0,109400.76,0.9999894994924332,usfs-2022,2022,full
8928308f3dbffff,25.922221161977276,12.166928261471702,28361.16,17124.0,109408.68,1.0,usfs-2022,2022,full
8928308f503ffff,0.2764731245083551,0.0,302.4,0.0,109377.72,0.9997134832667287,usfs-2022,2022,full
8928308f507ffff,0.0,0.0,0.0,0.0,39604.68,0.36200529843165274,usfs-2022,2022,partial
8928308f50bffff,0.017188325354037578,0.0,14.76,0.0,85872.24,0.784864310202482,usfs-2022,2022,partial
8928308f50fffff,0.0,0.0,0.0,0.0,3624.48,0.033129068897254234,usfs-2022,2022,partial
8928308f523ffff,0.0,0.0,0.0,0.0,177603.84,1.0,chm-legacy,2009-2020,full
8928308f527ffff,0.0,0.0,0.0,0.0,177598.08,1.0,chm-legacy,2009-2020,full
8928308f52bffff,0.0,0.0,0.0,0.0,177638.4,1.0,chm-legacy,2009-2020,full
8928308f52fffff,0.0,0.0,0.0,0.0,177598.08,1.0,chm-legacy,2009-2020,full
8928308f533ffff,0.0,0.0,0.0,0.0,177609.6,1.0,chm-legacy,2009-2020,full
8928308f537ffff,0.0,0.0,0.0,0.0,177586.56,1.0,chm-legacy,2009-2020,full
8928308f53bffff,0.0,0.0,0.0,0.0,177621.12,1.0,chm-legacy,2009-2020,full
8928308f543ffff,0.0,0.0,0.0,0.0,109005.48,0.9962389183147197,usfs-2022,2022,full
8928308f547ffff,2.0986711470902706,4.950906972874022,1236.6,4112.0,58923.0,0.5385446921239243,usfs-2022,2022,partial
8928308f54bffff,0.5653888602197521,0.0,540.36,0.0,95573.16,0.8734664612699888,usfs-2022,2022,partial
8928308f54fffff,0.9494268799596927,6.462761361672714,434.16,3897.0,45728.64,0.4179461214089108,usfs-2022,2022,partial
8928308f563ffff,3.537016950762824,1.7863652934742982,3216.6,970.0,90941.04,0.8312571468720779,usfs-2022,2022,partial
8928308f567ffff,0.0,0.0,0.0,0.0,645.48,0.0059003802728205,usfs-2022,2022,partial
8928308f56bffff,1.8341120265095003,3.4872761545711595,1881.0,3686.0,102556.44,0.9374185157752266,usfs-2022,2022,partial
8928308f56fffff,0.1261082237847753,0.0,47.52,0.0,37681.92,0.3444493328473243,usfs-2022,2022,partial
8928308f573ffff,5.266129996249077,1.255769752918816,4599.36,5237.0,87338.52,0.7982969296466811,usfs-2022,2022,partial
8928308f577ffff,0.08444162972345366,0.0,2.88,0.0,3410.64,0.03117570235701432,usfs-2022,2022,partial
8928308f57bffff,2.224050278870042,6.58945443462359,2433.24,5517.0,109405.8,0.9999863899884989,usfs-2022,2022,full
8928308f5a7ffff,0.0,0.0,0.0,0.0,177592.32,1.0,chm-legacy,2009-2020,full
8928308f5abffff,0.0,0.0,0.0,0.0,46581.12,0.4257780270778952,usfs-2022,2022,partial
8928308f5afffff,0.0,0.0,0.0,0.0,177609.6,1.0,chm-legacy,2009-2020,full
8928308f60fffff,32.38771851924943,22.22859170693091,35449.2,20513.0,109452.6,1.0,usfs-2022,2022,full
8928308f623ffff,33.60285796994658,21.517225816157666,36774.0,15024.0,109437.12,0.9999665287744223,usfs-2022,2022,full
8928308f627ffff,23.498720285287558,11.560312109568374,25714.8,13506.0,109430.64,0.9999572930480918,usfs-2022,2022,full
8928308f62bffff,29.57088110001809,26.419210337879466,32361.84,15907.0,109438.2,0.9999652247427003,usfs-2022,2022,full
8928308f62fffff,39.87196863034067,17.15995790581426,43634.16,4534.0,109435.68,0.9999921704146836,usfs-2022,2022,full
8928308f633ffff,31.71112792342357,23.56424507079529,34705.8,16636.0,109443.6,0.9999869469219583,usfs-2022,2022,full
8928308f637ffff,16.53717105263158,12.749142890348072,18098.28,21622.0,109440.0,1.0,usfs-2022,2022,full
8928308f63bffff,60.104860832439755,43.01384370981163,65783.52,8136.0,109447.92,1.0,usfs-2022,2022,full
8928308f663ffff,30.686012012446636,18.98457265688904,33584.76,15332.0,109446.48,0.9999797571909467,usfs-2022,2022,full
8928308f667ffff,22.339431736696337,15.292164270046307,24449.4,20019.0,109445.04,1.0,usfs-2022,2022,full
8928308f66bffff,24.36371410716048,21.432007697241822,26666.28,10583.0,109450.8,1.0,usfs-2022,2022,full
8928308f66fffff,14.482704174945066,11.410494975809453,15850.08,21424.0,109441.44,0.9999725136455935,usfs-2022,2022,full
8928308f677ffff,38.7198742175602,24.99519745327808,42377.4,19678.0,109446.12,0.9999876261785864,usfs-2022,2022,full
8928308f67bffff,26.613362101572495,12.486902646804246,29129.4,20747.0,109454.04,0.9999988771410974,usfs-2022,2022,full
8928308f6afffff,20.215848872895208,24.200835874844685,22124.88,19326.0,109443.24,0.9999948451177678,usfs-2022,2022,full
892830bb64bffff,0.0,0.0,0.0,0.0,177644.16,1.0,chm-legacy,2009-2020,full
892830bb65bffff,0.0,0.0,0.0,0.0,177569.28,1.0,chm-legacy,2009-2020,full
