h3,pop,pct65,income,ac_est,ac_src,occupied,ac_homes,ac_covered_homes,ac_coverage,acs_year
8928301000fffff,0.0,0.0,,65.02,income-model,0.0,0.0,0.0,,2024
8928301002bffff,14.0,41.04,90357.0,59.0,lace,7.110902941222314,4.195432735321165,7.110902941222314,1.0,2024
8928301003bffff,0.0,0.0,,65.02,income-model,0.0,0.0,0.0,,2024
89283010047ffff,0.0,0.0,,65.02,income-model,0.0,0.0,0.0,,2024
89283010063ffff,57.0,41.04,90357.0,59.0,lace,29.56677837180666,17.44439923936593,29.56677837180666,1.0,2024
89283010067ffff,7.0,41.04,90357.0,59.0,lace,3.392802032513989,2.001753199183254,3.392802032513989,1.0,2024
8928301006bffff,0.0,0.0,,65.02,income-model,0.0,0.0,0.0,,2024
8928301006fffff,0.0,0.0,,65.02,income-model,0.0,0.0,0.0,,2024
89283010073ffff,0.0,0.0,,65.02,income-model,0.0,0.0,0.0,,2024
89283010077ffff,13.0,41.04,90356.99999999999,59.0,lace,6.880677089016008,4.059599482519444,6.880677089016008,1.0,2024
8928301007bffff,0.0,0.0,,65.02,income-model,0.0,0.0,0.0,,2024
89283010103ffff,101.0,41.04,90357.0,59.0,lace,52.35354520940817,30.888591673550817,52.35354520940817,1.0,2024
89283010107ffff,270.0,41.04,90357.0,59.0,lace,139.8011534205153,82.48268051810402,139.8011534205153,1.0,2024
8928301010bffff,149.0,41.04,90357.0,59.0,lace,77.24589990180338,45.575080942064,77.24589990180338,1.0,2024
8928301010fffff,102.0,41.04,90357.0,59.0,lace,52.87271848746045,31.194903907601667,52.87271848746045,1.0,2024
89283010117ffff,0.0,0.0,,65.02,income-model,0.0,0.0,0.0,,2024
8928301011bffff,0.0,0.0,,65.02,income-model,0.0,0.0,0.0,,2024
89283010123ffff,123.0,22.74,156447.0,59.0,lace,55.642236303482306,32.82891941905456,55.642236303482306,1.0,2024
89283010127ffff,572.0,26.8,82568.0,59.0,lace,256.59900570517766,151.3934133660548,256.59900570517766,1.0,2024
8928301012bffff,341.0,22.74,156447.0,59.0,lace,154.36059953056534,91.07275372303354,154.36059953056534,1.0,2024
8928301012fffff,431.0,24.94,116372.4172423268,59.0,lace,194.19829925334,114.57699655947059,194.19829925334,1.0,2024
89283010133ffff,151.0,41.04,90357.0,59.0,lace,78.02605795158752,46.03537419143664,78.02605795158752,1.0,2024
89283010137ffff,0.0,0.0,,65.02,income-model,0.0,0.0,0.0,,2024
8928301013bffff,100.0,41.04,90357.0,59.0,lace,52.025450067802424,30.69501554000343,52.025450067802424,1.0,2024
89283010147ffff,0.0,0.0,,65.02,income-model,0.0,0.0,0.0,,2024
89283010157ffff,65.0,41.04,90357.0,59.0,lace,33.592468475770374,19.81955640070452,33.592468475770374,1.0,2024
89283010163ffff,6.0,22.74,156447.0,59.0,lace,2.823241021861557,1.6657122028983187,2.823241021861557,1.0,2024
89283010167ffff,9.0,22.74,156447.0,59.0,lace,4.179058086532993,2.4656442710544657,4.179058086532993,1.0,2024
89283010173ffff,10.0,22.74,156447.0,59.0,lace,4.608951302160521,2.7192812682747074,4.608951302160521,1.0,2024
89283010177ffff,66.0,34.28,114763.47274478506,59.0,lace,32.74976326852954,19.32236032843243,32.74976326852954,1.0,2024
8928301017bffff,0.0,0.0,,65.02,income-model,0.0,0.0,0.0,,2024
892830101abffff,70.0,41.04,90357.0,59.0,lace,36.11749614227598,21.309322723942827,36.11749614227598,1.0,2024
892830101afffff,65.0,26.8,82568.0,59.0,lace,29.363423612604517,17.324419931436665,29.363423612604517,1.0,2024
89283010c03ffff,0.0,0.0,,65.02,income-model,0.0,0.0,0.0,,2024
89283010c0bffff,0.0,0.0,,65.02,income-model,0.0,0.0,0.0,,2024
89283010c13ffff,0.0,0.0,,65.02,income-model,0.0,0.0,0.0,,2024
89283010c17ffff,0.0,0.0,,65.02,income-model,0.0,0.0,0.0,,2024
89283010c1bffff,14.0,5.71,55588.0,52.4,lace,4.920821389972275,2.5785104083454717,4.920821389972275,1.0,2024
89283010c37ffff,0.0,0.0,,65.02,income-model,0.0,0.0,0.0,,2024
89283010c43ffff,7.0,5.71,55588.0,52.4,lace,2.342559090268314,1.2275009633005967,2.342559090268314,1.0,2024
89283010c53ffff,11.0,5.71,55588.00000000001,52.4,lace,3.8339677020190153,2.008999075857964,3.8339677020190153,1.0,2024
89283010c57ffff,17.0,5.71,55588.0,52.4,lace,6.244067478032048,3.271891358488793,6.244067478032048,1.0,2024
89283010c5bffff,0.0,0.0,,65.02,income-model,0.0,0.0,0.0,,2024
89283010c83ffff,0.0,0.0,,65.02,income-model,0.0,0.0,0.0,,2024
89283010c87ffff,0.0,0.0,,65.02,income-model,0.0,0.0,0.0,,2024
89283010c8fffff,0.0,0.0,,65.02,income-model,0.0,0.0,0.0,,2024
89283010c93ffff,30.0,5.71,55588.0,52.4,lace,10.910577510455335,5.717142615478596,10.910577510455335,1.0,2024
89283010c97ffff,321.0,5.71,55588.00000000001,52.4,lace,115.15824757608509,60.342921729868586,115.15824757608509,1.0,2024
89283010c9bffff,0.0,0.0,,65.02,income-model,0.0,0.0,0.0,,2024
89283010ca3ffff,0.0,0.0,,65.02,income-model,0.0,0.0,0.0,,2024
89283010ca7ffff,0.0,0.0,,65.02,income-model,0.0,0.0,0.0,,2024
89283010cabffff,0.0,0.0,,65.02,income-model,0.0,0.0,0.0,,2024
89283010cafffff,0.0,0.0,,65.02,income-model,0.0,0.0,0.0,,2024
89283010cb3ffff,15.0,5.71,55588.0,52.4,lace,5.304011402972918,2.779301975157809,5.304011402972918,1.0,2024
89283010cb7ffff,0.0,0.0,,65.02,income-model,0.0,0.0,0.0,,2024
89283010cbbffff,0.0,0.0,,65.02,income-model,0.0,0.0,0.0,,2024
89283010cc3ffff,0.0,0.0,,65.02,income-model,0.0,0.0,0.0,,2024
89283010cc7ffff,2.0,5.71,55588.0,52.4,lace,0.7071096283069405,0.3705254452328368,0.7071096283069405,1.0,2024
89283010ccbffff,36.0,26.8,82568.0,59.0,lace,16.380766846719204,9.66465243956433,16.380766846719204,1.0,2024
89283010ccfffff,12.0,5.71,55587.99999999999,52.4,lace,4.25919834594239,2.2318199332738122,4.25919834594239,1.0,2024
89283010cd3ffff,0.0,0.0,,65.02,income-model,0.0,0.0,0.0,,2024
89283010cdbffff,0.0,0.0,,65.02,income-model,0.0,0.0,0.0,,2024
89283010d83ffff,0.0,0.0,,65.02,income-model,0.0,0.0,0.0,,2024
89283010d87ffff,0.0,0.0,,65.02,income-model,0.0,0.0,0.0,,2024
89283010d8bffff,0.0,0.0,,65.02,income-model,0.0,0.0,0.0,,2024
89283010d93ffff,0.0,0.0,,65.02,income-model,0.0,0.0,0.0,,2024
89283010d97ffff,0.0,0.0,,65.02,income-model,,,,,2024
89283010d9bffff,0.0,0.0,,65.02,income-model,0.0,0.0,0.0,,2024
89283010db7ffff,0.0,0.0,,65.02,income-model,,,,,2024
89283010dc3ffff,0.0,0.0,,65.02,income-model,0.0,0.0,0.0,,2024
89283010dd3ffff,0.0,0.0,,65.02,income-model,0.0,0.0,0.0,,2024
89283010dd7ffff,0.0,0.0,,65.02,income-model,0.0,0.0,0.0,,2024
89283010ddbffff,0.0,0.0,,65.02,income-model,0.0,0.0,0.0,,2024
89283010e93ffff,428.0,22.74,156447.0,59.0,lace,193.9810463746986,114.44881736107217,193.9810463746986,1.0,2024
89283010e97ffff,0.0,0.0,,65.02,income-model,0.0,0.0,0.0,,2024
89283012103ffff,202.0,22.69,98708.00000000001,77.1,lace,83.44564935789258,64.33659565493517,83.44564935789258,1.0,2024
89283012107ffff,0.0,0.0,,65.02,income-model,0.0,0.0,0.0,,2024
8928301210bffff,501.0,22.69,98708.0,77.1,lace,206.86405097998292,159.4921833055668,206.86405097998292,1.0,2024
8928301210fffff,328.0,22.69,98708.0,77.1,lace,135.56533969263765,104.52087690302362,135.56533969263765,1.0,2024
89283012113ffff,0.0,0.0,,65.02,income-model,0.0,0.0,0.0,,2024
89283012117ffff,0.0,0.0,,65.02,income-model,0.0,0.0,0.0,,2024
8928301211bffff,5.0,22.69,98708.0,77.1,lace,1.9345694515909655,1.4915530471766343,1.9345694515909655,1.0,2024
89283012123ffff,102.0,22.69,98708.0,77.1,lace,42.23392482539499,32.562356040379534,42.23392482539499,1.0,2024
89283012127ffff,188.0,21.0,117436.16568687445,74.41,lace,73.17066439414486,54.446233771416814,73.17066439414486,1.0,2024
8928301212bffff,247.0,22.69,98708.0,77.1,lace,102.26338368482223,78.84506882099794,102.26338368482223,1.0,2024
8928301212fffff,371.0,22.55,100246.10582987724,76.89,lace,152.78682462733863,117.47858279528916,152.78682462733863,1.0,2024
89283012133ffff,0.0,0.0,,65.02,income-model,0.0,0.0,0.0,,2024
89283012137ffff,0.0,0.0,,65.02,income-model,0.0,0.0,0.0,,2024
8928301213bffff,116.0,22.69,98708.0,77.1,lace,47.79292170571366,36.848342635105226,47.79292170571366,1.0,2024
89283012147ffff,0.0,0.0,,65.02,income-model,0.0,0.0,0.0,,2024
8928301214fffff,0.0,0.0,,65.02,income-model,0.0,0.0,0.0,,2024
89283012163ffff,0.0,0.0,,65.02,income-model,0.0,0.0,0.0,,2024
89283012167ffff,0.0,0.0,,65.02,income-model,0.0,0.0,0.0,,2024
8928301216bffff,0.0,0.0,,65.02,income-model,0.0,0.0,0.0,,2024
8928301216fffff,0.0,0.0,,65.02,income-model,0.0,0.0,0.0,,2024
89283012173ffff,114.0,22.69,98708.0,77.1,lace,47.088653643406396,36.30535195906633,47.088653643406396,1.0,2024
89283012177ffff,0.0,0.0,,65.02,income-model,0.0,0.0,0.0,,2024
8928301217bffff,0.0,0.0,,65.02,income-model,0.0,0.0,0.0,,2024
89283012187ffff,0.0,0.0,,65.02,income-model,0.0,0.0,0.0,,2024
8928301218fffff,0.0,0.0,,65.02,income-model,0.0,0.0,0.0,,2024
892830121a3ffff,0.0,0.0,,65.02,income-model,0.0,0.0,0.0,,2024
892830121a7ffff,0.0,0.0,,65.02,income-model,0.0,0.0,0.0,,2024
892830121abffff,0.0,0.0,,65.02,income-model,0.0,0.0,0.0,,2024
892830121afffff,0.0,0.0,,65.02,income-model,0.0,0.0,0.0,,2024
892830121b3ffff,0.0,0.0,,65.02,income-model,0.0,0.0,0.0,,2024
892830121b7ffff,0.0,0.0,,65.02,income-model,0.0,0.0,0.0,,2024
892830121bbffff,0.0,0.0,,65.02,income-model,0.0,0.0,0.0,,2024
89283012303ffff,0.0,0.0,,65.02,income-model,0.0,0.0,0.0,,2024
89283012307ffff,0.0,0.0,,65.02,income-model,0.0,0.0,0.0,,2024
8928301230fffff,0.0,0.0,,65.02,income-model,0.0,0.0,0.0,,2024
89283012313ffff,0.0,0.0,,65.02,income-model,0.0,0.0,0.0,,2024
89283012317ffff,0.0,0.0,,65.02,income-model,0.0,0.0,0.0,,2024
89283012323ffff,0.0,0.0,,65.02,income-model,0.0,0.0,0.0,,2024
89283012327ffff,0.0,0.0,,65.02,income-model,0.0,0.0,0.0,,2024
89283012333ffff,44.0,26.13,142368.0,77.1,lace,15.626314129520605,12.047888193860386,15.626314129520605,1.0,2024
89283012337ffff,0.0,0.0,,65.02,income-model,0.0,0.0,0.0,,2024
8928301233bffff,0.0,0.0,,65.02,income-model,0.0,0.0,0.0,,2024
89283012377ffff,0.0,0.0,,65.02,income-model,0.0,0.0,0.0,,2024
89283012387ffff,0.0,0.0,,65.02,income-model,0.0,0.0,0.0,,2024
8928301238bffff,0.0,0.0,,65.02,income-model,0.0,0.0,0.0,,2024
8928301238fffff,0.0,0.0,,65.02,income-model,0.0,0.0,0.0,,2024
892830123a3ffff,0.0,0.0,,65.02,income-model,0.0,0.0,0.0,,2024
892830123a7ffff,0.0,0.0,,65.02,income-model,0.0,0.0,0.0,,2024
892830123abffff,0.0,0.0,,65.02,income-model,0.0,0.0,0.0,,2024
892830123afffff,0.0,0.0,,65.02,income-model,0.0,0.0,0.0,,2024
892830123b3ffff,0.0,0.0,,65.02,income-model,0.0,0.0,0.0,,2024
892830123b7ffff,0.0,0.0,,65.02,income-model,0.0,0.0,0.0,,2024
892830123bbffff,0.0,0.0,,65.02,income-model,0.0,0.0,0.0,,2024
892830125a7ffff,0.0,0.0,,65.02,income-model,0.0,0.0,0.0,,2024
892830125b7ffff,0.0,0.0,,65.02,income-model,0.0,0.0,0.0,,2024
89283012803ffff,0.0,0.0,,65.02,income-model,0.0,0.0,0.0,,2024
89283012807ffff,0.0,0.0,,65.02,income-model,0.0,0.0,0.0,,2024
8928301280bffff,197.0,22.54,122342.47916645806,60.9,lace,59.878341521095464,36.465909986347135,59.878341521095464,1.0,2024
8928301280fffff,65.0,20.36,138260.0,60.9,lace,19.557628432059406,11.910595715124177,19.557628432059406,1.0,2024
89283012813ffff,297.0,36.79,56500.0,60.1,lace,147.12955614511955,88.42486324321686,147.12955614511955,1.0,2024
89283012817ffff,117.0,36.79,56500.0,60.1,lace,57.78181285502694,34.726869525871194,57.78181285502694,1.0,2024
8928301281bffff,223.0,21.05,132158.12285670114,60.9,lace,67.26389722885014,40.963713412369735,67.26389722885014,1.0,2024
89283012823ffff,196.0,11.35,135083.0,82.1,lace,56.853241185830115,46.676511013566525,56.853241185830115,1.0,2024
89283012827ffff,262.0,11.35,135083.0,82.1,lace,75.94421178595339,62.35019787626772,75.94421178595339,1.0,2024
8928301282bffff,48.0,20.29,82210.0,52.4,lace,20.85339394722638,10.927178428346622,20.85339394722638,1.0,2024
8928301282fffff,85.0,15.15,112649.73333063882,66.45,lace,29.837117215970284,19.826642908106486,29.837117215970284,1.0,2024
89283012833ffff,1169.0,20.62,238482.0,82.1,lace,321.0,263.541,321.0,1.0,2024
89283012837ffff,0.0,0.0,,65.02,income-model,0.0,0.0,0.0,,2024
8928301283bffff,0.0,0.0,,65.02,income-model,0.0,0.0,0.0,,2024
89283012843ffff,226.0,21.2,127737.40304810145,60.9,lace,69.34208255691274,42.22932827715986,69.34208255691274,1.0,2024
89283012847ffff,265.0,22.16,125135.50794940503,60.9,lace,80.22633720571508,48.857839358280486,80.22633720571508,1.0,2024
8928301284bffff,282.0,17.0,149339.35984230842,60.9,lace,87.15654055599617,53.07833319860167,87.15654055599617,1.0,2024
8928301284fffff,479.0,19.72,140365.22761321795,60.9,lace,144.28702189805313,87.87079633591433,144.28702189805313,1.0,2024
89283012853ffff,141.0,22.24,112557.35563931447,60.9,lace,44.80869810749387,27.288497147463765,44.80869810749387,1.0,2024
89283012857ffff,211.0,27.98,82738.0,60.9,lace,66.59669165088923,40.557385215391534,66.59669165088923,1.0,2024
8928301285bffff,0.0,0.0,,65.02,income-model,0.0,0.0,0.0,,2024
89283012863ffff,367.0,20.3,89721.74661645829,53.21,lace,153.80595196882143,81.8454570441553,153.80595196882143,1.0,2024
89283012867ffff,685.0,19.42,115181.87315007001,52.4,lace,248.1705705752986,130.04137898145646,248.1705705752986,1.0,2024
8928301286bffff,30.0,11.98,165875.0,60.9,lace,9.695390226091803,5.904492647689908,9.695390226091803,1.0,2024
8928301286fffff,365.0,19.37,117079.82778457802,52.4,lace,130.88945542380435,68.58607464207348,130.88945542380435,1.0,2024
89283012873ffff,475.0,20.36,138260.0,60.9,lace,142.04059396309484,86.50272172352476,142.04059396309484,1.0,2024
89283012877ffff,351.0,20.29,82210.0,52.4,lace,153.57683799213942,80.47426310788106,153.57683799213942,1.0,2024
8928301287bffff,366.0,18.87,143164.84470595582,60.9,lace,110.97437753786623,67.58339592056053,110.97437753786623,1.0,2024
89283012883ffff,23.0,36.79,56500.0,60.1,lace,11.482218135060792,6.900813099171536,11.482218135060792,1.0,2024
89283012887ffff,33.0,36.79,56500.0,60.1,lace,16.101915721284524,9.677251348492,16.101915721284524,1.0,2024
8928301288bffff,188.0,36.79,56500.0,60.1,lace,93.11783069385895,55.96381624700923,93.11783069385895,1.0,2024
8928301288fffff,371.0,36.79,56500.0,60.1,lace,183.4954605380947,110.28077178339493,183.4954605380947,1.0,2024
89283012893ffff,25.0,14.51,189821.0,60.1,lace,7.481920412946723,4.4966341681809805,7.481920412946723,1.0,2024
89283012897ffff,72.0,35.54,90169.97369407232,60.1,lace,31.319121883731768,18.82279225212279,31.319121883731768,1.0,2024
8928301289bffff,40.0,33.12,155272.0,60.1,lace,12.528525496418274,7.529643823347382,12.528525496418274,1.0,2024
892830128a3ffff,0.0,0.0,,65.02,income-model,0.0,0.0,0.0,,2024
892830128a7ffff,341.0,11.35,135083.0,82.1,lace,98.5601215582881,80.91785979935453,98.5601215582881,1.0,2024
892830128abffff,0.0,0.0,,65.02,income-model,0.0,0.0,0.0,,2024
892830128afffff,0.0,0.0,,65.02,income-model,0.0,0.0,0.0,,2024
892830128b3ffff,0.0,0.0,,65.02,income-model,0.0,0.0,0.0,,2024
892830128b7ffff,71.0,11.35,135083.0,82.1,lace,20.562390162835392,16.881722323687857,20.562390162835392,1.0,2024
892830128bbffff,25.0,36.79,56500.0,60.1,lace,12.405787854620032,7.45587850062664,12.405787854620032,1.0,2024
892830128c3ffff,17.0,11.98,165875.0,60.9,lace,5.605153300343732,3.4135383599093325,5.605153300343732,1.0,2024
892830128c7ffff,7.0,36.79,56500.0,60.1,lace,3.386422305050538,2.0352398053353737,3.386422305050538,1.0,2024
892830128cbffff,41.0,16.25,143703.60941532665,60.9,lace,13.084082349081672,7.9682061505907384,13.084082349081672,1.0,2024
892830128cfffff,224.0,25.36,96344.19777183785,60.9,lace,70.81353176804856,43.12544084674157,70.81353176804856,1.0,2024
892830128d3ffff,47.0,33.12,155272.0,60.1,lace,14.583401121396262,8.764624073959155,14.583401121396262,1.0,2024
892830128d7ffff,0.0,0.0,,65.02,income-model,0.0,0.0,0.0,,2024
89283012903ffff,0.0,0.0,,65.02,income-model,,,,,2024
89283012907ffff,0.0,0.0,,65.02,income-model,,,,,2024
8928301290bffff,0.0,0.0,,65.02,income-model,,,,,2024
8928301290fffff,0.0,0.0,,65.02,income-model,,,,,2024
89283012913ffff,0.0,0.0,,65.02,income-model,,,,,2024
89283012917ffff,0.0,0.0,,65.02,income-model,,,,,2024
8928301291bffff,0.0,0.0,,65.02,income-model,,,,,2024
89283012923ffff,0.0,0.0,,65.02,income-model,,,,,2024
89283012927ffff,0.0,0.0,,65.02,income-model,,,,,2024
8928301292bffff,0.0,0.0,,65.02,income-model,,,,,2024
8928301292fffff,0.0,0.0,,65.02,income-model,,,,,2024
89283012933ffff,0.0,0.0,,65.02,income-model,,,,,2024
89283012937ffff,0.0,0.0,,65.02,income-model,,,,,2024
8928301293bffff,0.0,0.0,,65.02,income-model,,,,,2024
89283012943ffff,251.0,11.35,135083.0,82.1,lace,72.72061228442728,59.703622685514794,72.72061228442728,1.0,2024
89283012947ffff,0.0,0.0,,65.02,income-model,,,,,2024
8928301294bffff,0.0,0.0,,65.02,income-model,0.0,0.0,0.0,,2024
8928301294fffff,0.0,0.0,,65.02,income-model,0.0,0.0,0.0,,2024
89283012953ffff,507.0,11.35,135083.0,82.1,lace,146.62820888143202,120.38175949165569,146.62820888143202,1.0,2024
89283012957ffff,0.0,0.0,,65.02,income-model,0.0,0.0,0.0,,2024
8928301295bffff,522.0,11.72,132920.13686576553,80.3,lace,154.37706847297275,123.96673170440957,154.37706847297275,1.0,2024
89283012963ffff,0.0,0.0,,65.02,income-model,,,,,2024
89283012967ffff,0.0,0.0,,65.02,income-model,,,,,2024
8928301296bffff,0.0,0.0,,65.02,income-model,,,,,2024
8928301296fffff,0.0,0.0,,65.02,income-model,,,,,2024
89283012973ffff,0.0,0.0,,65.02,income-model,,,,,2024
89283012977ffff,0.0,0.0,,65.02,income-model,,,,,2024
8928301297bffff,0.0,0.0,,65.02,income-model,,,,,2024
89283012983ffff,75.0,10.23,123214.0,70.8,lace,28.79877052899011,20.389529534524996,28.79877052899011,1.0,2024
89283012987ffff,0.0,0.0,,65.02,income-model,,,,,2024
8928301298bffff,0.0,0.0,,65.02,income-model,0.0,0.0,0.0,,2024
8928301298fffff,0.0,0.0,,65.02,income-model,,,,,2024
89283012993ffff,499.0,12.13,126322.98156942274,70.8,lace,188.24106777397313,133.27467598397297,188.24106777397313,1.0,2024
89283012997ffff,0.0,0.0,,65.02,income-model,0.0,0.0,0.0,,2024
8928301299bffff,145.0,10.23,123214.00000000001,70.8,lace,55.5892897649941,39.35721715361582,55.5892897649941,1.0,2024
892830129a3ffff,0.0,0.0,,65.02,income-model,,,,,2024
892830129a7ffff,0.0,0.0,,65.02,income-model,,,,,2024
892830129abffff,0.0,0.0,,65.02,income-model,,,,,2024
892830129afffff,0.0,0.0,,65.02,income-model,,,,,2024
892830129b3ffff,0.0,0.0,,65.02,income-model,,,,,2024
892830129b7ffff,0.0,0.0,,65.02,income-model,,,,,2024
892830129bbffff,0.0,0.0,,65.02,income-model,,,,,2024
892830129c3ffff,84.0,11.35,135083.0,82.1,lace,24.290917356461012,19.94284314965449,24.290917356461012,1.0,2024
892830129c7ffff,0.0,0.0,,65.02,income-model,0.0,0.0,0.0,,2024
892830129cbffff,180.0,11.35,135083.0,82.1,lace,52.19570583672592,42.85267449195197,52.19570583672592,1.0,2024
892830129cfffff,0.0,0.0,,65.02,income-model,0.0,0.0,0.0,,2024
892830129d3ffff,180.0,11.35,135083.0,82.1,lace,51.98035821840691,42.67587409731207,51.98035821840691,1.0,2024
892830129d7ffff,0.0,0.0,,65.02,income-model,0.0,0.0,0.0,,2024
892830129dbffff,249.0,11.35,135083.0,82.1,lace,72.12234279189599,59.2124434321466,72.12234279189599,1.0,2024
89283012a03ffff,0.0,0.0,,65.02,income-model,0.0,0.0,0.0,,2024
89283012a07ffff,15.0,11.98,165875.0,60.9,lace,4.977262782298177,3.03115303441959,4.977262782298177,1.0,2024
89283012a0bffff,0.0,0.0,,65.02,income-model,0.0,0.0,0.0,,2024
89283012a0fffff,54.0,11.98,165875.0,60.9,lace,17.35423769115936,10.56873075391605,17.35423769115936,1.0,2024
89283012a13ffff,0.0,0.0,,65.02,income-model,0.0,0.0,0.0,,2024
89283012a17ffff,0.0,0.0,,65.02,income-model,0.0,0.0,0.0,,2024
89283012a1bffff,0.0,0.0,,65.02,income-model,0.0,0.0,0.0,,2024
89283012a23ffff,30.0,11.98,165875.0,60.9,lace,9.807247206741248,5.972613548905421,9.807247206741248,1.0,2024
89283012a27ffff,43.0,5.71,55588.00000000001,52.4,lace,15.393762824428675,8.066331720000626,15.393762824428675,1.0,2024
89283012a2bffff,0.0,0.0,,65.02,income-model,0.0,0.0,0.0,,2024
89283012a2fffff,24.0,5.71,55588.0,52.4,lace,8.57697789890826,4.494336419027928,8.57697789890826,1.0,2024
89283012a33ffff,0.0,0.0,,65.02,income-model,0.0,0.0,0.0,,2024
89283012a37ffff,0.0,0.0,,65.02,income-model,0.0,0.0,0.0,,2024
89283012a3bffff,73.0,11.98,165875.0,60.9,lace,23.511218762707024,14.318332226488579,23.511218762707024,1.0,2024
89283012a63ffff,0.0,0.0,,65.02,income-model,0.0,0.0,0.0,,2024
89283012a67ffff,0.0,0.0,,65.02,income-model,0.0,0.0,0.0,,2024
89283012a6fffff,0.0,0.0,,65.02,income-model,0.0,0.0,0.0,,2024
89283012a73ffff,0.0,0.0,,65.02,income-model,0.0,0.0,0.0,,2024
89283012a77ffff,0.0,0.0,,65.02,income-model,0.0,0.0,0.0,,2024
89283012a83ffff,6.0,11.98,165875.0,60.9,lace,1.985834263129829,1.2093730662460658,1.985834263129829,1.0,2024
89283012a87ffff,51.0,11.98,165874.99999999997,60.9,lace,16.383691955724338,9.977668401036121,16.383691955724338,1.0,2024
89283012a8bffff,0.0,0.0,,65.02,income-model,0.0,0.0,0.0,,2024
89283012a8fffff,0.0,0.0,,65.02,income-model,0.0,0.0,0.0,,2024
89283012a93ffff,0.0,0.0,,65.02,income-model,0.0,0.0,0.0,,2024
89283012a97ffff,82.0,11.98,165875.0,60.9,lace,26.421364542603442,16.090611006445496,26.421364542603442,1.0,2024
89283012a9bffff,0.0,0.0,,65.02,income-model,0.0,0.0,0.0,,2024
89283012aa3ffff,0.0,0.0,,65.02,income-model,0.0,0.0,0.0,,2024
89283012aa7ffff,0.0,0.0,,65.02,income-model,0.0,0.0,0.0,,2024
89283012aabffff,0.0,0.0,,65.02,income-model,0.0,0.0,0.0,,2024
89283012aafffff,0.0,0.0,,65.02,income-model,0.0,0.0,0.0,,2024
89283012ab3ffff,22.0,13.94,159423.59249520587,60.9,lace,7.087021107495527,4.315995854464776,7.087021107495527,1.0,2024
89283012ab7ffff,0.0,0.0,,65.02,income-model,0.0,0.0,0.0,,2024
89283012abbffff,0.0,0.0,,65.02,income-model,0.0,0.0,0.0,,2024
89283012ac7ffff,0.0,0.0,,65.02,income-model,0.0,0.0,0.0,,2024
89283012ad7ffff,0.0,0.0,,65.02,income-model,0.0,0.0,0.0,,2024
89283012b03ffff,0.0,0.0,,65.02,income-model,0.0,0.0,0.0,,2024
89283012b07ffff,0.0,0.0,,65.02,income-model,0.0,0.0,0.0,,2024
89283012b0bffff,37.0,5.71,55588.0,52.4,lace,13.308961045063672,6.973895587613364,13.308961045063672,1.0,2024
89283012b0fffff,0.0,0.0,,65.02,income-model,0.0,0.0,0.0,,2024
89283012b13ffff,111.0,7.27,76202.0,52.4,lace,28.798089413833765,15.090198852848891,28.798089413833765,1.0,2024
89283012b17ffff,0.0,0.0,,65.02,income-model,0.0,0.0,0.0,,2024
89283012b1bffff,37.0,5.71,55588.0,52.4,lace,13.29793399432984,6.968117413028836,13.29793399432984,1.0,2024
89283012b23ffff,0.0,0.0,,65.02,income-model,,,,,2024
89283012b2bffff,0.0,0.0,,65.02,income-model,,,,,2024
89283012b2fffff,0.0,0.0,,65.02,income-model,,,,,2024
89283012b33ffff,0.0,0.0,,65.02,income-model,,,,,2024
89283012b3bffff,0.0,0.0,,65.02,income-model,,,,,2024
89283012b43ffff,21.0,5.71,55588.00000000001,52.4,lace,7.589367667559482,3.9768286578011685,7.589367667559482,1.0,2024
89283012b47ffff,0.0,0.0,,65.02,income-model,0.0,0.0,0.0,,2024
89283012b4bffff,170.0,5.71,55588.0,52.4,lace,60.965117553999654,31.94572159829582,60.965117553999654,1.0,2024
89283012b4fffff,0.0,0.0,,65.02,income-model,0.0,0.0,0.0,,2024
89283012b53ffff,31.0,5.71,55588.0,52.4,lace,11.211753833623106,5.874959008818507,11.211753833623106,1.0,2024
89283012b57ffff,0.0,0.0,,65.02,income-model,0.0,0.0,0.0,,2024
89283012b5bffff,120.0,5.71,55588.0,52.4,lace,43.142646805444606,22.606746926052974,43.142646805444606,1.0,2024
89283012b63ffff,35.0,5.71,55588.0,52.4,lace,12.723148974828876,6.66693006281033,12.723148974828876,1.0,2024
89283012b67ffff,0.0,0.0,,65.02,income-model,0.0,0.0,0.0,,2024
89283012b6bffff,0.0,0.0,,65.02,income-model,0.0,0.0,0.0,,2024
89283012b6fffff,0.0,0.0,,65.02,income-model,0.0,0.0,0.0,,2024
89283012b73ffff,0.0,0.0,,65.02,income-model,0.0,0.0,0.0,,2024
89283012b77ffff,71.0,5.71,55588.0,52.4,lace,25.590338799868427,13.409337531131055,25.590338799868427,1.0,2024
89283012b7bffff,0.0,0.0,,65.02,income-model,0.0,0.0,0.0,,2024
89283012b83ffff,0.0,0.0,,65.02,income-model,0.0,0.0,0.0,,2024
89283012b87ffff,707.0,32.2,65040.591113988754,52.4,lace,401.413432171597,210.34063845791678,401.413432171597,1.0,2024
89283012b8bffff,121.0,7.27,76202.0,52.4,lace,31.463816775586068,16.487039990407098,31.463816775586068,1.0,2024
89283012b8fffff,955.0,7.27,76202.0,52.4,lace,248.3552171393169,130.13813378100204,248.3552171393169,1.0,2024
89283012b93ffff,20.0,20.29,82210.0,52.4,lace,8.709517040055344,4.563786928989,8.709517040055344,1.0,2024
89283012b97ffff,6.0,20.29,82210.0,52.4,lace,2.6412503896064403,1.3840152041537745,2.6412503896064403,1.0,2024
89283012b9bffff,0.0,0.0,,65.02,income-model,0.0,0.0,0.0,,2024
89283012ba3ffff,15.0,5.71,55588.0,52.4,lace,5.3026330216311885,2.7785797033347426,5.3026330216311885,1.0,2024
89283012ba7ffff,0.0,0.0,,65.02,income-model,,,,,2024
89283012babffff,0.0,0.0,,65.02,income-model,0.0,0.0,0.0,,2024
89283012bafffff,0.0,0.0,,65.02,income-model,,,,,2024
89283012bb3ffff,11.0,5.71,55587.99999999999,52.4,lace,4.109643970364802,2.1534534404711563,4.109643970364802,1.0,2024
89283012bb7ffff,0.0,0.0,,65.02,income-model,0.0,0.0,0.0,,2024
89283012bbbffff,854.0,10.82,74456.27000094419,52.4,lace,260.20380065460887,136.34679154301503,260.20380065460887,1.0,2024
89283012bc3ffff,0.0,0.0,,65.02,income-model,0.0,0.0,0.0,,2024
89283012bc7ffff,0.0,0.0,,65.02,income-model,0.0,0.0,0.0,,2024
89283012bcbffff,107.0,5.71,55588.00000000001,52.4,lace,38.3059066773178,20.072295098914527,38.3059066773178,1.0,2024
89283012bcfffff,65.0,5.71,55588.0,52.4,lace,23.402847610544615,12.263092147925379,23.402847610544615,1.0,2024
89283012bd3ffff,0.0,0.0,,65.02,income-model,0.0,0.0,0.0,,2024
89283012bd7ffff,0.0,0.0,,65.02,income-model,0.0,0.0,0.0,,2024
89283012bdbffff,0.0,0.0,,65.02,income-model,0.0,0.0,0.0,,2024
89283012c03ffff,124.0,24.48,113125.0,71.8,lace,44.33884516740718,31.835290830198357,44.33884516740718,1.0,2024
89283012c07ffff,262.0,25.67,118245.96159885377,71.8,lace,91.32559713780968,65.57177874494734,91.32559713780968,1.0,2024
89283012c0bffff,29.0,24.48,113125.0,71.8,lace,10.357660439716035,7.436800195716113,10.357660439716035,1.0,2024
89283012c0fffff,71.0,26.1,120106.27008315368,71.8,lace,24.41357123618436,17.528944147580372,24.41357123618436,1.0,2024
89283012c13ffff,0.0,0.0,,65.02,income-model,0.0,0.0,0.0,,2024
89283012c17ffff,108.0,27.79,142491.94739213274,71.8,lace,37.01635474153186,26.577742704419876,37.01635474153186,1.0,2024
89283012c1bffff,92.0,24.48,113125.0,71.8,lace,32.95437771417203,23.66124319877552,32.95437771417203,1.0,2024
89283012c23ffff,251.0,30.58,139375.0,71.8,lace,77.26379694497543,55.47540620649235,77.26379694497543,1.0,2024
89283012c27ffff,321.0,30.48,142472.5582591107,71.8,lace,100.10015311597574,71.87190993727057,100.10015311597574,1.0,2024
89283012c2bffff,182.0,14.51,189821.0,60.1,lace,54.56206051987043,32.79179837244212,54.56206051987043,1.0,2024
89283012c2fffff,0.0,0.0,,65.02,income-model,0.0,0.0,0.0,,2024
89283012c33ffff,342.0,30.53,140777.220016448,71.8,lace,105.9072222426781,76.04138557024287,105.9072222426781,1.0,2024
89283012c37ffff,340.0,30.29,148067.78256903667,71.8,lace,107.85843560988468,77.4423567678972,107.85843560988468,1.0,2024
89283012c3bffff,233.0,29.47,134596.10729487028,71.8,lace,73.79096007320376,52.9819093325603,73.79096007320376,1.0,2024
89283012c43ffff,429.0,14.51,189821.0,60.1,lace,128.6725132337837,77.332180453504,128.6725132337837,1.0,2024
89283012c47ffff,401.0,14.51,189821.0,60.1,lace,120.26441231466119,72.27891180111138,120.26441231466119,1.0,2024
89283012c4bffff,523.0,22.53,165492.88851566438,66.95,lace,169.13170719232727,113.24039773286498,169.13170719232727,1.0,2024
89283012c4fffff,441.0,16.13,186810.11244827052,60.1,lace,132.77901789507865,79.80018975494228,132.77901789507865,1.0,2024
89283012c53ffff,87.0,16.01,178239.72234351197,62.15,lace,26.880440328909128,16.705751794933715,26.880440328909128,1.0,2024
89283012c57ffff,0.0,0.0,,65.02,income-model,0.0,0.0,0.0,,2024
89283012c5bffff,574.0,14.51,189821.0,60.1,lace,172.36649021621764,103.59226061994681,172.36649021621764,1.0,2024
89283012c63ffff,386.0,17.52,184233.5385749406,60.1,lace,116.55599521308004,70.05015312306111,116.55599521308004,1.0,2024
89283012c67ffff,420.0,17.87,183583.8668037371,60.1,lace,126.95030186075235,76.29713141831218,126.95030186075235,1.0,2024
89283012c6bffff,120.0,33.12,155272.0,60.1,lace,37.27524273717296,22.40242088504095,37.27524273717296,1.0,2024
89283012c6fffff,289.0,33.12,155272.0,60.1,lace,89.64806254727694,53.87848559091344,89.64806254727694,1.0,2024
89283012c73ffff,328.0,14.51,189821.0,60.1,lace,98.5408864659872,59.223072766058316,98.5408864659872,1.0,2024
89283012c77ffff,258.0,14.51,189821.0,60.1,lace,77.44267993995417,46.54305064391246,77.44267993995417,1.0,2024
89283012c7bffff,426.0,15.34,188263.67833403772,60.1,lace,128.17733003380823,77.03457535031873,128.17733003380823,1.0,2024
89283012c83ffff,201.0,40.18,126375.0,63.0,lace,77.72291688977418,48.96543764055774,77.72291688977418,1.0,2024
89283012c87ffff,118.0,37.19,126972.09427131273,63.0,lace,44.33469714619544,27.93085920210313,44.33469714619544,1.0,2024
89283012c8bffff,0.0,0.0,,65.02,income-model,0.0,0.0,0.0,,2024
89283012c8fffff,89.0,29.85,160859.0,71.8,lace,29.511454241687012,21.189224145531274,29.511454241687012,1.0,2024
89283012c93ffff,58.0,40.18,126375.0,63.0,lace,22.32459751404685,14.064496433849515,22.32459751404685,1.0,2024
89283012c97ffff,396.0,36.99,127011.88000057141,63.0,lace,148.54456839476714,93.58307808870327,148.54456839476714,1.0,2024
89283012c9bffff,0.0,0.0,,65.02,income-model,0.0,0.0,0.0,,2024
89283012ca3ffff,114.0,29.85,160859.0,71.8,lace,37.92783547219192,27.232185869033803,37.92783547219192,1.0,2024
89283012ca7ffff,246.0,29.85,160859.0,71.8,lace,81.50637723039124,58.52157885142091,81.50637723039124,1.0,2024
89283012cabffff,243.0,28.75,148132.82818846515,71.8,lace,81.41831372786613,58.45834925660789,81.41831372786613,1.0,2024
89283012cafffff,150.0,29.88,159880.40677053516,71.8,lace,49.7335824359884,35.70871218903967,49.7335824359884,1.0,2024
89283012cb3ffff,28.0,37.57,135094.8226042128,64.98,lace,10.416809898414447,6.768435554738756,10.416809898414447,1.0,2024
89283012cb7ffff,0.0,0.0,,65.02,income-model,0.0,0.0,0.0,,2024
89283012cbbffff,166.0,29.85,160859.0,71.8,lace,54.94840873438298,39.45295747128698,54.94840873438298,1.0,2024
89283012cc3ffff,0.0,0.0,,65.02,income-model,0.0,0.0,0.0,,2024
89283012cc7ffff,0.0,0.0,,65.02,income-model,0.0,0.0,0.0,,2024
89283012ccbffff,16.0,22.69,98708.0,77.1,lace,6.716077513466445,5.178095762882629,6.716077513466445,1.0,2024
89283012ccfffff,65.0,24.48,113125.0,71.8,lace,23.279089023946547,16.714385919193617,23.279089023946547,1.0,2024
89283012cd3ffff,0.0,0.0,,65.02,income-model,0.0,0.0,0.0,,2024
89283012cd7ffff,0.0,0.0,,65.02,income-model,0.0,0.0,0.0,,2024
89283012cdbffff,0.0,0.0,,65.02,income-model,0.0,0.0,0.0,,2024
89283012d03ffff,273.0,20.49,105242.43757380074,54.53,lace,116.33768636437989,63.4381219018587,116.33768636437989,1.0,2024
89283012d07ffff,354.0,24.7,142973.40474525758,68.9,lace,125.03235661253473,86.15258246261358,125.03235661253473,1.0,2024
89283012d0bffff,6.0,24.68,146908.0,70.8,lace,2.2208654712727336,1.5723727536610954,2.2208654712727336,1.0,2024
89283012d0fffff,409.0,24.68,146908.0,70.8,lace,140.58549094641197,99.53452759005967,140.58549094641197,1.0,2024
89283012d13ffff,388.0,25.71,108839.0,54.3,lace,148.7721255935213,80.78326419728207,148.7721255935213,1.0,2024
89283012d17ffff,238.0,25.25,105880.20649775247,54.3,lace,99.68339126471338,54.128081456739366,99.68339126471338,1.0,2024
89283012d1bffff,1898.0,12.68,99864.81453973489,54.8,lace,932.493137782594,510.978532858682,932.493137782594,1.0,2024
89283012d23ffff,589.0,10.73,124025.63686290447,70.8,lace,224.58497528246,159.00616249998168,224.58497528246,1.0,2024
89283012d27ffff,0.0,0.0,,65.02,income-model,0.0,0.0,0.0,,2024
89283012d2bffff,126.0,24.68,146908.0,70.8,lace,43.376381350944875,30.71047799646897,43.376381350944875,1.0,2024
89283012d2fffff,16.0,24.68,146908.0,70.8,lace,5.378675665763534,3.808102371360582,5.378675665763534,1.0,2024
89283012d33ffff,1468.0,10.34,125664.45567568524,68.43,lace,537.2907972980555,367.64243731098657,537.2907972980555,1.0,2024
89283012d37ffff,333.0,8.21,127027.61817355994,62.73,lace,112.26037207846477,70.4161977370457,112.26037207846477,1.0,2024
89283012d3bffff,495.0,24.68,146908.0,70.8,lace,170.1167627132618,120.44266800098936,170.1167627132618,1.0,2024
89283012d43ffff,88.0,29.85,160859.0,71.8,lace,29.281517653324936,21.024129675087302,29.281517653324936,1.0,2024
89283012d47ffff,0.0,0.0,,65.02,income-model,0.0,0.0,0.0,,2024
89283012d4bffff,5.0,36.79,56500.00000000001,60.1,lace,2.34913979719722,1.4118330181155292,2.34913979719722,1.0,2024
89283012d4fffff,224.0,12.58,99796.00000000001,54.8,lace,110.10233847769257,60.33608148577552,110.10233847769257,1.0,2024
89283012d53ffff,102.0,29.87,160169.29483715838,71.8,lace,33.66380904882597,24.170614897057042,33.66380904882597,1.0,2024
89283012d57ffff,8.0,29.85,160859.0,71.8,lace,2.6036076799267884,1.8693903141874342,2.6036076799267884,1.0,2024
89283012d5bffff,52.0,34.44,91829.20696085686,63.09,lace,22.964817590548545,14.487563138479162,22.964817590548545,1.0,2024
89283012d63ffff,68.0,22.36,143116.30771721763,70.8,lace,23.69080332325828,16.77308875286686,23.69080332325828,1.0,2024
89283012d67ffff,464.0,13.08,127887.74030674325,70.8,lace,173.8840889515055,123.10993497766589,173.8840889515055,1.0,2024
89283012d6bffff,0.0,0.0,,65.02,income-model,0.0,0.0,0.0,,2024
89283012d6fffff,37.0,10.23,123214.0,70.8,lace,14.044987977497506,9.943851488068233,14.044987977497506,1.0,2024
89283012d73ffff,419.0,24.68,146908.0,70.8,lace,144.09684453529462,102.0205659309886,144.09684453529462,1.0,2024
89283012d77ffff,137.0,24.68,146908.0,70.8,lace,46.96873249767584,33.253862608354495,46.96873249767584,1.0,2024
89283012d7bffff,17.0,10.23,123214.0,70.8,lace,6.468548679793122,4.579732465293531,6.468548679793122,1.0,2024
89283012d83ffff,60.0,25.71,108839.0,54.3,lace,23.186715197924407,12.590386352472951,23.186715197924407,1.0,2024
89283012d87ffff,0.0,0.0,,65.02,income-model,0.0,0.0,0.0,,2024
89283012d8bffff,232.0,25.71,108839.0,54.3,lace,88.91147243668058,48.278929533117555,88.91147243668058,1.0,2024
89283012d8fffff,160.0,25.71,108838.99999999999,54.3,lace,61.31693094371467,33.29509350243706,61.31693094371467,1.0,2024
89283012d93ffff,24.0,24.97,124419.65389535972,62.21,lace,8.559550384053205,5.325119772499689,8.559550384053205,1.0,2024
89283012d97ffff,0.0,0.0,,65.02,income-model,0.0,0.0,0.0,,2024
89283012d9bffff,115.0,16.29,150788.0,63.0,lace,39.05167906970075,24.60255781391147,39.05167906970075,1.0,2024
89283012da3ffff,142.0,10.69,118093.05526096988,54.3,lace,47.20889417756889,25.6344295384199,47.20889417756889,1.0,2024
89283012da7ffff,159.0,7.57,131052.96797650379,54.43,lace,47.52715294022462,25.867097979501743,47.52715294022462,1.0,2024
89283012dabffff,328.0,21.78,106627.25336483093,54.3,lace,143.41454309170933,77.87409689879817,143.41454309170933,1.0,2024
89283012dafffff,478.0,6.56,130139.0,54.3,lace,143.0495744793474,77.67591894228563,143.0495744793474,1.0,2024
89283012db3ffff,538.0,21.71,99147.12583826593,54.3,lace,232.33570312641228,126.15828679764186,232.33570312641228,1.0,2024
89283012db7ffff,140.0,18.72,94950.99497193415,54.43,lace,54.59188201904338,29.716000519510267,54.59188201904338,1.0,2024
89283012dbbffff,318.0,24.67,102174.0,54.3,lace,147.41349471183756,80.0455276285278,147.41349471183756,1.0,2024
89283012dc3ffff,405.0,29.85,160859.0,71.8,lace,134.42514213518635,96.5172520530638,134.42514213518635,1.0,2024
89283012dc7ffff,562.0,16.03,107009.11357602647,55.95,lace,259.7148484060954,145.29792857544456,259.7148484060954,1.0,2024
89283012dcbffff,115.0,29.85,160859.0,71.8,lace,38.24026839378313,27.45651270673629,38.24026839378313,1.0,2024
89283012dcfffff,196.0,29.85,160859.0,71.8,lace,65.00008962003292,46.67006434718363,65.00008962003292,1.0,2024
89283012dd3ffff,378.0,33.87,145083.21561709535,67.19,lace,134.9503149354882,90.6731632517101,134.9503149354882,1.0,2024
89283012dd7ffff,128.0,16.29,150788.0,63.0,lace,43.53937497311481,27.429806233062333,43.53937497311481,1.0,2024
89283012ddbffff,0.0,0.0,,65.02,income-model,0.0,0.0,0.0,,2024
89283012e1bffff,0.0,0.0,,65.02,income-model,0.0,0.0,0.0,,2024
89283012e2fffff,0.0,0.0,,65.02,income-model,0.0,0.0,0.0,,2024
89283012e67ffff,0.0,0.0,,65.02,income-model,0.0,0.0,0.0,,2024
89283012e6fffff,0.0,0.0,,65.02,income-model,0.0,0.0,0.0,,2024
89283012e83ffff,91.0,22.69,98708.00000000001,77.1,lace,37.70001853097912,29.0667142873849,37.70001853097912,1.0,2024
89283012e87ffff,265.0,31.61,152481.522606236,64.2,lace,85.04925484963525,54.60182724873507,85.04925484963525,1.0,2024
89283012e8bffff,0.0,0.0,,65.02,income-model,0.0,0.0,0.0,,2024
89283012e8fffff,63.0,33.12,155272.0,60.1,lace,19.58301955147504,11.769394750436499,19.58301955147504,1.0,2024
89283012e93ffff,302.0,22.85,100749.7610588848,77.1,lace,124.10377290998045,95.68400891359492,124.10377290998045,1.0,2024
89283012e97ffff,542.0,22.8,150075.07394770696,73.36,lace,189.1437331951539,138.7509844465805,189.1437331951539,1.0,2024
89283012e9bffff,41.0,25.08,129070.74993254767,77.1,lace,15.246786631887446,11.755272493185219,15.246786631887446,1.0,2024
89283012ea3ffff,58.0,33.12,155272.0,60.1,lace,18.123216894406607,10.892053353538373,18.123216894406607,1.0,2024
89283012ea7ffff,45.0,33.12,155272.0,60.1,lace,14.05140040354164,8.444891642528525,14.05140040354164,1.0,2024
89283012eb3ffff,263.0,33.12,155272.0,60.1,lace,81.73478039183456,49.122603015492565,81.73478039183456,1.0,2024
89283012eb7ffff,145.0,33.12,155272.0,60.1,lace,45.10031515159647,27.105289406109478,45.10031515159647,1.0,2024
89283012ebbffff,149.0,33.12,155272.0,60.1,lace,46.15106227388838,27.736788426606918,46.15106227388838,1.0,2024
89283012ec3ffff,0.0,0.0,,65.02,income-model,0.0,0.0,0.0,,2024
89283012ec7ffff,0.0,0.0,,65.02,income-model,0.0,0.0,0.0,,2024
89283012ecbffff,0.0,0.0,,65.02,income-model,0.0,0.0,0.0,,2024
89283012ecfffff,0.0,0.0,,65.02,income-model,0.0,0.0,0.0,,2024
89283012ed3ffff,0.0,0.0,,65.02,income-model,0.0,0.0,0.0,,2024
89283012ed7ffff,0.0,0.0,,65.02,income-model,0.0,0.0,0.0,,2024
89283012edbffff,0.0,0.0,,65.02,income-model,0.0,0.0,0.0,,2024
8928301601bffff,0.0,0.0,,65.02,income-model,,,,,2024
89283016043ffff,0.0,0.0,,65.02,income-model,,,,,2024
89283016047ffff,0.0,0.0,,65.02,income-model,,,,,2024
8928301604bffff,0.0,0.0,,65.02,income-model,,,,,2024
8928301604fffff,0.0,0.0,,65.02,income-model,,,,,2024
89283016053ffff,0.0,0.0,,65.02,income-model,,,,,2024
89283016057ffff,0.0,0.0,,65.02,income-model,,,,,2024
8928301605bffff,0.0,0.0,,65.02,income-model,,,,,2024
8928301608bffff,0.0,0.0,,65.02,income-model,,,,,2024
89283016093ffff,0.0,0.0,,65.02,income-model,,,,,2024
8928301609bffff,0.0,0.0,,65.02,income-model,,,,,2024
892830160c3ffff,0.0,0.0,,65.02,income-model,,,,,2024
892830160c7ffff,0.0,0.0,,65.02,income-model,,,,,2024
892830160cbffff,0.0,0.0,,65.02,income-model,,,,,2024
892830160cfffff,0.0,0.0,,65.02,income-model,,,,,2024
892830160d3ffff,0.0,0.0,,65.02,income-model,,,,,2024
892830160d7ffff,0.0,0.0,,65.02,income-model,,,,,2024
892830160dbffff,0.0,0.0,,65.02,income-model,,,,,2024
89283016203ffff,0.0,0.0,,65.02,income-model,,,,,2024
89283016207ffff,0.0,0.0,,65.02,income-model,,,,,2024
8928301620bffff,0.0,0.0,,65.02,income-model,,,,,2024
8928301620fffff,0.0,0.0,,65.02,income-model,,,,,2024
89283016213ffff,0.0,0.0,,65.02,income-model,,,,,2024
89283016217ffff,0.0,0.0,,65.02,income-model,,,,,2024
8928301621bffff,0.0,0.0,,65.02,income-model,,,,,2024
89283016243ffff,0.0,0.0,,65.02,income-model,,,,,2024
89283016247ffff,0.0,0.0,,65.02,income-model,,,,,2024
8928301624bffff,0.0,0.0,,65.02,income-model,,,,,2024
8928301624fffff,0.0,0.0,,65.02,income-model,,,,,2024
89283016253ffff,0.0,0.0,,65.02,income-model,,,,,2024
89283016257ffff,0.0,0.0,,65.02,income-model,,,,,2024
8928301625bffff,0.0,0.0,,65.02,income-model,,,,,2024
89283016263ffff,0.0,0.0,,65.02,income-model,,,,,2024
8928301626bffff,0.0,0.0,,65.02,income-model,,,,,2024
89283016273ffff,0.0,0.0,,65.02,income-model,,,,,2024
8928301627bffff,0.0,0.0,,65.02,income-model,,,,,2024
89283016283ffff,0.0,0.0,,65.02,income-model,,,,,2024
89283016287ffff,0.0,0.0,,65.02,income-model,,,,,2024
8928301628bffff,0.0,0.0,,65.02,income-model,,,,,2024
8928301628fffff,0.0,0.0,,65.02,income-model,,,,,2024
89283016293ffff,0.0,0.0,,65.02,income-model,,,,,2024
89283016297ffff,0.0,0.0,,65.02,income-model,,,,,2024
8928301629bffff,0.0,0.0,,65.02,income-model,,,,,2024
892830162abffff,0.0,0.0,,65.02,income-model,,,,,2024
892830162b3ffff,0.0,0.0,,65.02,income-model,,,,,2024
892830162bbffff,0.0,0.0,,65.02,income-model,,,,,2024
892830162c3ffff,0.0,0.0,,65.02,income-model,,,,,2024
892830162c7ffff,0.0,0.0,,65.02,income-model,,,,,2024
892830162cbffff,0.0,0.0,,65.02,income-model,,,,,2024
892830162cfffff,0.0,0.0,,65.02,income-model,,,,,2024
892830162d3ffff,0.0,0.0,,65.02,income-model,,,,,2024
892830162d7ffff,0.0,0.0,,65.02,income-model,,,,,2024
892830162dbffff,0.0,0.0,,65.02,income-model,,,,,2024
89283016403ffff,0.0,0.0,,65.02,income-model,,,,,2024
89283016407ffff,0.0,0.0,,65.02,income-model,,,,,2024
8928301640bffff,0.0,0.0,,65.02,income-model,,,,,2024
8928301640fffff,0.0,0.0,,65.02,income-model,,,,,2024
89283016413ffff,0.0,0.0,,65.02,income-model,,,,,2024
89283016417ffff,0.0,0.0,,65.02,income-model,,,,,2024
8928301641bffff,0.0,0.0,,65.02,income-model,,,,,2024
89283016423ffff,0.0,0.0,,65.02,income-model,,,,,2024
8928301642bffff,0.0,0.0,,65.02,income-model,,,,,2024
8928301642fffff,0.0,0.0,,65.02,income-model,,,,,2024
89283016433ffff,0.0,0.0,,65.02,income-model,,,,,2024
8928301643bffff,0.0,0.0,,65.02,income-model,,,,,2024
89283016443ffff,0.0,0.0,,65.02,income-model,,,,,2024
89283016447ffff,0.0,0.0,,65.02,income-model,,,,,2024
8928301644bffff,0.0,0.0,,65.02,income-model,,,,,2024
8928301644fffff,0.0,0.0,,65.02,income-model,,,,,2024
89283016453ffff,0.0,0.0,,65.02,income-model,,,,,2024
89283016457ffff,0.0,0.0,,65.02,income-model,,,,,2024
8928301645bffff,0.0,0.0,,65.02,income-model,,,,,2024
89283016463ffff,0.0,0.0,,65.02,income-model,,,,,2024
89283016467ffff,0.0,0.0,,65.02,income-model,,,,,2024
8928301646bffff,0.0,0.0,,65.02,income-model,,,,,2024
8928301646fffff,0.0,0.0,,65.02,income-model,,,,,2024
89283016473ffff,0.0,0.0,,65.02,income-model,,,,,2024
89283016477ffff,0.0,0.0,,65.02,income-model,,,,,2024
8928301647bffff,0.0,0.0,,65.02,income-model,,,,,2024
89283016483ffff,0.0,0.0,,65.02,income-model,,,,,2024
89283016487ffff,0.0,0.0,,65.02,income-model,,,,,2024
8928301648bffff,0.0,0.0,,65.02,income-model,,,,,2024
8928301648fffff,0.0,0.0,,65.02,income-model,,,,,2024
89283016493ffff,0.0,0.0,,65.02,income-model,,,,,2024
89283016497ffff,0.0,0.0,,65.02,income-model,,,,,2024
8928301649bffff,0.0,0.0,,65.02,income-model,,,,,2024
892830164a3ffff,0.0,0.0,,65.02,income-model,,,,,2024
892830164a7ffff,0.0,0.0,,65.02,income-model,,,,,2024
892830164abffff,0.0,0.0,,65.02,income-model,,,,,2024
892830164afffff,0.0,0.0,,65.02,income-model,,,,,2024
892830164b3ffff,0.0,0.0,,65.02,income-model,,,,,2024
892830164b7ffff,0.0,0.0,,65.02,income-model,,,,,2024
892830164bbffff,0.0,0.0,,65.02,income-model,,,,,2024
892830164c3ffff,0.0,0.0,,65.02,income-model,,,,,2024
892830164c7ffff,0.0,0.0,,65.02,income-model,,,,,2024
892830164cbffff,0.0,0.0,,65.02,income-model,,,,,2024
892830164cfffff,0.0,0.0,,65.02,income-model,,,,,2024
892830164d3ffff,0.0,0.0,,65.02,income-model,,,,,2024
892830164d7ffff,0.0,0.0,,65.02,income-model,,,,,2024
892830164dbffff,0.0,0.0,,65.02,income-model,,,,,2024
89283016603ffff,0.0,0.0,,65.02,income-model,,,,,2024
89283016607ffff,0.0,0.0,,65.02,income-model,,,,,2024
8928301660bffff,0.0,0.0,,65.02,income-model,,,,,2024
8928301660fffff,0.0,0.0,,65.02,income-model,,,,,2024
89283016613ffff,0.0,0.0,,65.02,income-model,,,,,2024
89283016617ffff,0.0,0.0,,65.02,income-model,,,,,2024
8928301661bffff,0.0,0.0,,65.02,income-model,,,,,2024
89283016623ffff,0.0,0.0,,65.02,income-model,,,,,2024
89283016627ffff,0.0,0.0,,65.02,income-model,,,,,2024
8928301662bffff,0.0,0.0,,65.02,income-model,,,,,2024
8928301662fffff,0.0,0.0,,65.02,income-model,,,,,2024
89283016633ffff,0.0,0.0,,65.02,income-model,,,,,2024
89283016637ffff,0.0,0.0,,65.02,income-model,,,,,2024
8928301663bffff,0.0,0.0,,65.02,income-model,,,,,2024
89283016643ffff,0.0,0.0,,65.02,income-model,,,,,2024
89283016647ffff,0.0,0.0,,65.02,income-model,,,,,2024
8928301664bffff,0.0,0.0,,65.02,income-model,,,,,2024
8928301664fffff,0.0,0.0,,65.02,income-model,,,,,2024
89283016653ffff,0.0,0.0,,65.02,income-model,,,,,2024
89283016657ffff,0.0,0.0,,65.02,income-model,,,,,2024
8928301665bffff,0.0,0.0,,65.02,income-model,,,,,2024
89283016663ffff,0.0,0.0,,65.02,income-model,,,,,2024
89283016667ffff,0.0,0.0,,65.02,income-model,,,,,2024
8928301666bffff,0.0,0.0,,65.02,income-model,,,,,2024
8928301666fffff,0.0,0.0,,65.02,income-model,,,,,2024
89283016673ffff,0.0,0.0,,65.02,income-model,,,,,2024
89283016677ffff,0.0,0.0,,65.02,income-model,,,,,2024
8928301667bffff,0.0,0.0,,65.02,income-model,,,,,2024
89283016683ffff,0.0,0.0,,65.02,income-model,,,,,2024
89283016687ffff,0.0,0.0,,65.02,income-model,,,,,2024
8928301668bffff,0.0,0.0,,65.02,income-model,,,,,2024
8928301668fffff,0.0,0.0,,65.02,income-model,,,,,2024
89283016693ffff,0.0,0.0,,65.02,income-model,,,,,2024
89283016697ffff,0.0,0.0,,65.02,income-model,,,,,2024
8928301669bffff,0.0,0.0,,65.02,income-model,,,,,2024
892830166a3ffff,0.0,0.0,,65.02,income-model,,,,,2024
892830166a7ffff,0.0,0.0,,65.02,income-model,,,,,2024
892830166abffff,0.0,0.0,,65.02,income-model,,,,,2024
892830166afffff,0.0,0.0,,65.02,income-model,,,,,2024
892830166b3ffff,0.0,0.0,,65.02,income-model,,,,,2024
892830166b7ffff,0.0,0.0,,65.02,income-model,,,,,2024
892830166bbffff,0.0,0.0,,65.02,income-model,,,,,2024
892830166c3ffff,0.0,0.0,,65.02,income-model,,,,,2024
892830166c7ffff,0.0,0.0,,65.02,income-model,,,,,2024
892830166cbffff,0.0,0.0,,65.02,income-model,,,,,2024
892830166cfffff,0.0,0.0,,65.02,income-model,,,,,2024
892830166d3ffff,0.0,0.0,,65.02,income-model,,,,,2024
892830166d7ffff,0.0,0.0,,65.02,income-model,,,,,2024
892830166dbffff,0.0,0.0,,65.02,income-model,,,,,2024
89283017003ffff,0.0,0.0,,65.02,income-model,,,,,2024
89283017007ffff,0.0,0.0,,65.02,income-model,,,,,2024
8928301700bffff,0.0,0.0,,65.02,income-model,,,,,2024
8928301700fffff,0.0,0.0,,65.02,income-model,,,,,2024
89283017013ffff,0.0,0.0,,65.02,income-model,,,,,2024
89283017017ffff,0.0,0.0,,65.02,income-model,,,,,2024
8928301701bffff,0.0,0.0,,65.02,income-model,,,,,2024
89283017023ffff,0.0,0.0,,65.02,income-model,,,,,2024
89283017027ffff,0.0,0.0,,65.02,income-model,,,,,2024
8928301702bffff,0.0,0.0,,65.02,income-model,,,,,2024
89283017033ffff,0.0,0.0,,65.02,income-model,,,,,2024
89283017037ffff,0.0,0.0,,65.02,income-model,,,,,2024
8928301703bffff,0.0,0.0,,65.02,income-model,,,,,2024
89283017043ffff,0.0,0.0,,65.02,income-model,,,,,2024
89283017047ffff,0.0,0.0,,65.02,income-model,,,,,2024
8928301704bffff,0.0,0.0,,65.02,income-model,,,,,2024
8928301704fffff,0.0,0.0,,65.02,income-model,,,,,2024
89283017053ffff,0.0,0.0,,65.02,income-model,,,,,2024
89283017057ffff,0.0,0.0,,65.02,income-model,,,,,2024
8928301705bffff,0.0,0.0,,65.02,income-model,,,,,2024
89283017073ffff,0.0,0.0,,65.02,income-model,,,,,2024
89283017077ffff,0.0,0.0,,65.02,income-model,,,,,2024
89283017083ffff,0.0,0.0,,65.02,income-model,,,,,2024
89283017087ffff,0.0,0.0,,65.02,income-model,,,,,2024
8928301708bffff,0.0,0.0,,65.02,income-model,,,,,2024
8928301708fffff,0.0,0.0,,65.02,income-model,,,,,2024
89283017093ffff,0.0,0.0,,65.02,income-model,,,,,2024
89283017097ffff,0.0,0.0,,65.02,income-model,,,,,2024
8928301709bffff,0.0,0.0,,65.02,income-model,,,,,2024
892830170a3ffff,0.0,0.0,,65.02,income-model,,,,,2024
892830170a7ffff,0.0,0.0,,65.02,income-model,,,,,2024
892830170abffff,0.0,0.0,,65.02,income-model,,,,,2024
892830170afffff,0.0,0.0,,65.02,income-model,,,,,2024
892830170b3ffff,0.0,0.0,,65.02,income-model,,,,,2024
892830170b7ffff,0.0,0.0,,65.02,income-model,,,,,2024
892830170bbffff,0.0,0.0,,65.02,income-model,,,,,2024
892830170c3ffff,0.0,0.0,,65.02,income-model,,,,,2024
892830170c7ffff,0.0,0.0,,65.02,income-model,,,,,2024
892830170cbffff,0.0,0.0,,65.02,income-model,,,,,2024
892830170cfffff,0.0,0.0,,65.02,income-model,,,,,2024
892830170d3ffff,0.0,0.0,,65.02,income-model,,,,,2024
892830170d7ffff,0.0,0.0,,65.02,income-model,,,,,2024
892830170dbffff,0.0,0.0,,65.02,income-model,,,,,2024
89283017103ffff,0.0,0.0,,65.02,income-model,,,,,2024
89283017107ffff,0.0,0.0,,65.02,income-model,,,,,2024
8928301710bffff,0.0,0.0,,65.02,income-model,,,,,2024
89283017113ffff,0.0,0.0,,65.02,income-model,,,,,2024
89283017117ffff,0.0,0.0,,65.02,income-model,,,,,2024
8928301711bffff,0.0,0.0,,65.02,income-model,,,,,2024
89283017153ffff,0.0,0.0,,65.02,income-model,,,,,2024
89283017157ffff,0.0,0.0,,65.02,income-model,,,,,2024
89283017183ffff,0.0,0.0,,65.02,income-model,,,,,2024
89283017187ffff,0.0,0.0,,65.02,income-model,,,,,2024
8928301718bffff,0.0,0.0,,65.02,income-model,,,,,2024
8928301718fffff,0.0,0.0,,65.02,income-model,,,,,2024
89283017193ffff,0.0,0.0,,65.02,income-model,,,,,2024
89283017197ffff,0.0,0.0,,65.02,income-model,,,,,2024
8928301719bffff,0.0,0.0,,65.02,income-model,,,,,2024
892830171a3ffff,0.0,0.0,,65.02,income-model,,,,,2024
892830171a7ffff,0.0,0.0,,65.02,income-model,,,,,2024
892830171abffff,0.0,0.0,,65.02,income-model,,,,,2024
892830171afffff,0.0,0.0,,65.02,income-model,,,,,2024
892830171b3ffff,0.0,0.0,,65.02,income-model,,,,,2024
892830171b7ffff,0.0,0.0,,65.02,income-model,,,,,2024
892830171bbffff,0.0,0.0,,65.02,income-model,,,,,2024
892830171c3ffff,0.0,0.0,,65.02,income-model,,,,,2024
892830171c7ffff,0.0,0.0,,65.02,income-model,,,,,2024
892830171cbffff,0.0,0.0,,65.02,income-model,,,,,2024
892830171cfffff,0.0,0.0,,65.02,income-model,,,,,2024
892830171d3ffff,0.0,0.0,,65.02,income-model,,,,,2024
892830171d7ffff,0.0,0.0,,65.02,income-model,,,,,2024
892830171dbffff,0.0,0.0,,65.02,income-model,,,,,2024
89283017293ffff,0.0,0.0,,65.02,income-model,,,,,2024
89283017297ffff,0.0,0.0,,65.02,income-model,,,,,2024
89283017403ffff,0.0,0.0,,65.02,income-model,,,,,2024
89283017407ffff,0.0,0.0,,65.02,income-model,,,,,2024
8928301740bffff,0.0,0.0,,65.02,income-model,,,,,2024
8928301740fffff,0.0,0.0,,65.02,income-model,,,,,2024
89283017413ffff,0.0,0.0,,65.02,income-model,,,,,2024
89283017417ffff,0.0,0.0,,65.02,income-model,,,,,2024
8928301741bffff,0.0,0.0,,65.02,income-model,,,,,2024
89283017423ffff,0.0,0.0,,65.02,income-model,,,,,2024
89283017427ffff,0.0,0.0,,65.02,income-model,,,,,2024
8928301742bffff,0.0,0.0,,65.02,income-model,,,,,2024
8928301742fffff,0.0,0.0,,65.02,income-model,,,,,2024
89283017433ffff,0.0,0.0,,65.02,income-model,,,,,2024
89283017437ffff,0.0,0.0,,65.02,income-model,,,,,2024
8928301743bffff,0.0,0.0,,65.02,income-model,,,,,2024
89283017443ffff,0.0,0.0,,65.02,income-model,,,,,2024
89283017447ffff,0.0,0.0,,65.02,income-model,,,,,2024
8928301744bffff,0.0,0.0,,65.02,income-model,,,,,2024
8928301744fffff,0.0,0.0,,65.02,income-model,,,,,2024
89283017453ffff,0.0,0.0,,65.02,income-model,,,,,2024
89283017457ffff,0.0,0.0,,65.02,income-model,,,,,2024
8928301745bffff,0.0,0.0,,65.02,income-model,,,,,2024
89283017463ffff,0.0,0.0,,65.02,income-model,,,,,2024
89283017467ffff,0.0,0.0,,65.02,income-model,,,,,2024
8928301746bffff,0.0,0.0,,65.02,income-model,,,,,2024
8928301746fffff,0.0,0.0,,65.02,income-model,,,,,2024
89283017473ffff,0.0,0.0,,65.02,income-model,,,,,2024
89283017477ffff,0.0,0.0,,65.02,income-model,,,,,2024
8928301747bffff,0.0,0.0,,65.02,income-model,,,,,2024
89283017483ffff,0.0,0.0,,65.02,income-model,,,,,2024
89283017487ffff,0.0,0.0,,65.02,income-model,,,,,2024
8928301748bffff,0.0,0.0,,65.02,income-model,,,,,2024
8928301748fffff,0.0,0.0,,65.02,income-model,,,,,2024
89283017493ffff,0.0,0.0,,65.02,income-model,,,,,2024
89283017497ffff,0.0,0.0,,65.02,income-model,,,,,2024
8928301749bffff,0.0,0.0,,65.02,income-model,,,,,2024
892830174a3ffff,0.0,0.0,,65.02,income-model,,,,,2024
892830174a7ffff,0.0,0.0,,65.02,income-model,,,,,2024
892830174abffff,0.0,0.0,,65.02,income-model,,,,,2024
892830174afffff,0.0,0.0,,65.02,income-model,,,,,2024
892830174b3ffff,0.0,0.0,,65.02,income-model,,,,,2024
892830174b7ffff,0.0,0.0,,65.02,income-model,,,,,2024
892830174bbffff,0.0,0.0,,65.02,income-model,,,,,2024
892830174c3ffff,0.0,0.0,,65.02,income-model,,,,,2024
892830174c7ffff,0.0,0.0,,65.02,income-model,,,,,2024
892830174cbffff,0.0,0.0,,65.02,income-model,,,,,2024
892830174cfffff,0.0,0.0,,65.02,income-model,,,,,2024
892830174d3ffff,0.0,0.0,,65.02,income-model,,,,,2024
892830174d7ffff,0.0,0.0,,65.02,income-model,,,,,2024
892830174dbffff,0.0,0.0,,65.02,income-model,,,,,2024
89283017503ffff,0.0,0.0,,65.02,income-model,,,,,2024
89283017507ffff,0.0,0.0,,65.02,income-model,,,,,2024
8928301750bffff,0.0,0.0,,65.02,income-model,,,,,2024
8928301750fffff,0.0,0.0,,65.02,income-model,,,,,2024
89283017513ffff,0.0,0.0,,65.02,income-model,,,,,2024
89283017517ffff,0.0,0.0,,65.02,income-model,,,,,2024
8928301751bffff,0.0,0.0,,65.02,income-model,,,,,2024
89283017523ffff,0.0,0.0,,65.02,income-model,,,,,2024
89283017527ffff,0.0,0.0,,65.02,income-model,,,,,2024
8928301752bffff,0.0,0.0,,65.02,income-model,,,,,2024
8928301752fffff,0.0,0.0,,65.02,income-model,,,,,2024
89283017533ffff,0.0,0.0,,65.02,income-model,,,,,2024
89283017537ffff,0.0,0.0,,65.02,income-model,,,,,2024
8928301753bffff,0.0,0.0,,65.02,income-model,,,,,2024
89283017543ffff,0.0,0.0,,65.02,income-model,,,,,2024
89283017547ffff,0.0,0.0,,65.02,income-model,,,,,2024
8928301754bffff,0.0,0.0,,65.02,income-model,,,,,2024
8928301754fffff,0.0,0.0,,65.02,income-model,,,,,2024
89283017553ffff,0.0,0.0,,65.02,income-model,,,,,2024
89283017557ffff,0.0,0.0,,65.02,income-model,,,,,2024
8928301755bffff,0.0,0.0,,65.02,income-model,,,,,2024
89283017563ffff,0.0,0.0,,65.02,income-model,,,,,2024
89283017567ffff,0.0,0.0,,65.02,income-model,,,,,2024
8928301756bffff,0.0,0.0,,65.02,income-model,,,,,2024
8928301756fffff,0.0,0.0,,65.02,income-model,,,,,2024
89283017573ffff,0.0,0.0,,65.02,income-model,,,,,2024
89283017577ffff,0.0,0.0,,65.02,income-model,,,,,2024
8928301757bffff,0.0,0.0,,65.02,income-model,,,,,2024
89283017583ffff,0.0,0.0,,65.02,income-model,,,,,2024
89283017587ffff,0.0,0.0,,65.02,income-model,,,,,2024
8928301758bffff,0.0,0.0,,65.02,income-model,,,,,2024
8928301758fffff,0.0,0.0,,65.02,income-model,,,,,2024
89283017593ffff,0.0,0.0,,65.02,income-model,,,,,2024
89283017597ffff,0.0,0.0,,65.02,income-model,,,,,2024
8928301759bffff,0.0,0.0,,65.02,income-model,,,,,2024
892830175a3ffff,0.0,0.0,,65.02,income-model,,,,,2024
892830175a7ffff,0.0,0.0,,65.02,income-model,,,,,2024
892830175abffff,0.0,0.0,,65.02,income-model,,,,,2024
892830175afffff,0.0,0.0,,65.02,income-model,,,,,2024
892830175b3ffff,0.0,0.0,,65.02,income-model,,,,,2024
892830175b7ffff,0.0,0.0,,65.02,income-model,,,,,2024
892830175bbffff,0.0,0.0,,65.02,income-model,,,,,2024
892830175c3ffff,0.0,0.0,,65.02,income-model,,,,,2024
892830175c7ffff,0.0,0.0,,65.02,income-model,,,,,2024
892830175cbffff,0.0,0.0,,65.02,income-model,,,,,2024
892830175cfffff,0.0,0.0,,65.02,income-model,,,,,2024
892830175d3ffff,0.0,0.0,,65.02,income-model,,,,,2024
892830175d7ffff,0.0,0.0,,65.02,income-model,,,,,2024
892830175dbffff,0.0,0.0,,65.02,income-model,,,,,2024
89283017603ffff,0.0,0.0,,65.02,income-model,,,,,2024
89283017607ffff,0.0,0.0,,65.02,income-model,,,,,2024
8928301760bffff,0.0,0.0,,65.02,income-model,,,,,2024
8928301760fffff,0.0,0.0,,65.02,income-model,,,,,2024
89283017613ffff,0.0,0.0,,65.02,income-model,,,,,2024
89283017617ffff,0.0,0.0,,65.02,income-model,,,,,2024
8928301761bffff,0.0,0.0,,65.02,income-model,,,,,2024
89283017623ffff,0.0,0.0,,65.02,income-model,,,,,2024
89283017627ffff,0.0,0.0,,65.02,income-model,,,,,2024
8928301762bffff,0.0,0.0,,65.02,income-model,,,,,2024
8928301762fffff,0.0,0.0,,65.02,income-model,,,,,2024
89283017633ffff,0.0,0.0,,65.02,income-model,,,,,2024
89283017637ffff,0.0,0.0,,65.02,income-model,,,,,2024
8928301763bffff,0.0,0.0,,65.02,income-model,,,,,2024
89283017643ffff,0.0,0.0,,65.02,income-model,,,,,2024
89283017647ffff,0.0,0.0,,65.02,income-model,,,,,2024
8928301764fffff,0.0,0.0,,65.02,income-model,,,,,2024
89283017653ffff,0.0,0.0,,65.02,income-model,,,,,2024
89283017657ffff,0.0,0.0,,65.02,income-model,,,,,2024
89283017663ffff,0.0,0.0,,65.02,income-model,,,,,2024
89283017667ffff,0.0,0.0,,65.02,income-model,,,,,2024
8928301766bffff,0.0,0.0,,65.02,income-model,,,,,2024
8928301766fffff,0.0,0.0,,65.02,income-model,,,,,2024
89283017673ffff,0.0,0.0,,65.02,income-model,,,,,2024
89283017677ffff,0.0,0.0,,65.02,income-model,,,,,2024
8928301767bffff,0.0,0.0,,65.02,income-model,,,,,2024
89283017683ffff,0.0,0.0,,65.02,income-model,,,,,2024
89283017687ffff,0.0,0.0,,65.02,income-model,,,,,2024
8928301768bffff,0.0,0.0,,65.02,income-model,,,,,2024
8928301768fffff,0.0,0.0,,65.02,income-model,,,,,2024
89283017693ffff,0.0,0.0,,65.02,income-model,,,,,2024
89283017697ffff,0.0,0.0,,65.02,income-model,,,,,2024
8928301769bffff,0.0,0.0,,65.02,income-model,,,,,2024
892830176a3ffff,0.0,0.0,,65.02,income-model,,,,,2024
892830176a7ffff,0.0,0.0,,65.02,income-model,,,,,2024
892830176abffff,0.0,0.0,,65.02,income-model,,,,,2024
892830176afffff,0.0,0.0,,65.02,income-model,,,,,2024
892830176b3ffff,0.0,0.0,,65.02,income-model,,,,,2024
892830176b7ffff,0.0,0.0,,65.02,income-model,,,,,2024
892830176bbffff,0.0,0.0,,65.02,income-model,,,,,2024
892830176c3ffff,0.0,0.0,,65.02,income-model,,,,,2024
892830176c7ffff,0.0,0.0,,65.02,income-model,,,,,2024
892830176cbffff,0.0,0.0,,65.02,income-model,,,,,2024
892830176cfffff,0.0,0.0,,65.02,income-model,,,,,2024
892830176d3ffff,0.0,0.0,,65.02,income-model,,,,,2024
892830176d7ffff,0.0,0.0,,65.02,income-model,,,,,2024
892830176dbffff,0.0,0.0,,65.02,income-model,,,,,2024
89283088937ffff,0.0,0.0,,65.02,income-model,0.0,0.0,0.0,,2024
89283088983ffff,0.0,0.0,,65.02,income-model,0.0,0.0,0.0,,2024
89283088987ffff,0.0,0.0,,65.02,income-model,0.0,0.0,0.0,,2024
8928308898fffff,0.0,0.0,,65.02,income-model,0.0,0.0,0.0,,2024
89283088993ffff,0.0,0.0,,65.02,income-model,0.0,0.0,0.0,,2024
89283088997ffff,0.0,0.0,,65.02,income-model,0.0,0.0,0.0,,2024
8928308899bffff,0.0,0.0,,65.02,income-model,0.0,0.0,0.0,,2024
892830889a3ffff,0.0,0.0,,65.02,income-model,0.0,0.0,0.0,,2024
892830889a7ffff,0.0,0.0,,65.02,income-model,0.0,0.0,0.0,,2024
892830889abffff,0.0,0.0,,65.02,income-model,0.0,0.0,0.0,,2024
892830889afffff,0.0,0.0,,65.02,income-model,0.0,0.0,0.0,,2024
892830889b3ffff,0.0,0.0,,65.02,income-model,0.0,0.0,0.0,,2024
892830889b7ffff,0.0,0.0,,65.02,income-model,0.0,0.0,0.0,,2024
892830889bbffff,0.0,0.0,,65.02,income-model,0.0,0.0,0.0,,2024
89283088da7ffff,95.0,26.21,250000.99999999997,78.8,lace,39.59859129247873,31.20368993847324,39.59859129247873,1.0,2024
89283088db7ffff,24.0,23.94,250000.99999999997,78.8,lace,9.789631477328602,7.714229604134938,9.789631477328602,1.0,2024
8928308c003ffff,584.0,9.84,73623.38661790195,47.0,lace,169.59244502319,79.7084491608993,169.59244502319,1.0,2024
8928308c007ffff,297.0,9.36,54286.0,47.21,lace,78.21928681431127,36.930869038667765,78.21928681431127,1.0,2024
8928308c00bffff,746.0,11.75,109879.76558502631,47.0,lace,225.85019012121165,106.14958935696947,225.85019012121165,1.0,2024
8928308c00fffff,814.0,8.82,80908.00610424935,47.13,lace,228.19326484950307,107.54158542693082,228.19326484950307,1.0,2024
8928308c013ffff,999.0,8.61,85805.11012665153,49.39,lace,276.2007493960621,136.4092295906548,276.2007493960621,1.0,2024
8928308c017ffff,298.0,9.23,64310.29065876447,48.29,lace,81.01046035338845,39.11711146164614,81.01046035338845,1.0,2024
8928308c01bffff,875.0,11.32,110918.97981314649,47.23,lace,258.3221564378118,122.01729773168634,258.3221564378118,1.0,2024
8928308c023ffff,233.0,12.29,110445.7528902317,50.75,lace,53.92074947303634,27.36344137925525,53.92074947303634,1.0,2024
8928308c027ffff,543.0,3.81,104382.75824254814,51.6,lace,143.76891881543347,74.18476210876368,143.76891881543347,1.0,2024
8928308c02bffff,149.0,9.45,65366.47950587578,47.66,lace,39.26953038789245,18.715820579672908,39.26953038789245,1.0,2024
8928308c02fffff,305.0,10.15,108393.0,51.6,lace,62.69126124894859,32.348690804457476,62.69126124894859,1.0,2024
8928308c033ffff,62.0,15.77,129167.0,48.83,lace,21.891971097697024,10.690942755650937,21.891971097697024,1.0,2024
8928308c037ffff,164.0,9.4,110752.53985201062,50.15,lace,51.63768524704494,25.89852665895645,51.63768524704494,1.0,2024
8928308c03bffff,353.0,8.52,66028.87161278239,47.14,lace,90.95160372830999,42.871198853531155,90.95160372830999,1.0,2024
8928308c043ffff,327.0,10.36,125598.00000000001,45.9,lace,138.15243013139596,63.411965430310744,138.15243013139596,1.0,2024
8928308c047ffff,670.0,9.71,115846.56050955494,46.96,lace,198.0922215604116,93.01883027577789,198.0922215604116,1.0,2024
8928308c04bffff,342.0,8.87,105286.44597208554,45.9,lace,116.45579908912356,53.45321178190771,116.45579908912356,1.0,2024
8928308c04fffff,114.0,15.42,154682.8103266577,45.9,lace,27.25038740526621,12.50792781901719,27.25038740526621,1.0,2024
8928308c053ffff,543.0,12.43,74223.04194644252,45.9,lace,182.9319721673436,83.96577522481068,182.9319721673436,1.0,2024
8928308c057ffff,652.0,12.18,109930.89743413642,46.61,lace,209.7218439057811,97.74646907688488,209.7218439057811,1.0,2024
8928308c05bffff,625.0,11.59,109525.40955902624,45.9,lace,200.3959892099267,91.98175904735635,200.3959892099267,1.0,2024
8928308c063ffff,1036.0,7.95,97187.35708305794,47.6,lace,251.61300404522802,119.76778992552855,251.61300404522802,1.0,2024
8928308c067ffff,747.0,6.9,82656.81626110795,47.6,lace,192.70175400794454,91.7260349077816,192.70175400794454,1.0,2024
8928308c06bffff,890.0,10.66,97520.30603961424,47.71,lace,237.62181676682184,113.380580239846,237.62181676682184,1.0,2024
8928308c06fffff,1038.0,9.36,79255.11843131951,47.65,lace,252.86902317356953,120.49693948135862,252.86902317356953,1.0,2024
8928308c073ffff,696.0,6.54,104672.97360135186,47.49,lace,178.84585537312824,84.93176975582736,178.84585537312824,1.0,2024
8928308c077ffff,688.0,5.89,98571.95498480937,47.6,lace,170.9911377759911,81.39178158137177,170.9911377759911,1.0,2024
8928308c07bffff,660.0,8.87,110807.99446714176,47.51,lace,169.90741232084721,80.72714344682271,169.90741232084721,1.0,2024
8928308c083ffff,439.0,15.58,64631.56834185772,50.19,lace,142.51400091751142,71.53228107236015,142.51400091751142,1.0,2024
8928308c087ffff,822.0,4.38,55196.217576311654,49.9,lace,248.33350108012513,123.91841703898244,248.33350108012513,1.0,2024
8928308c08bffff,852.0,8.58,83338.4903212481,50.1,lace,236.1881332279794,118.32488069459593,236.1881332279794,1.0,2024
8928308c08fffff,811.0,12.04,67698.57888356526,49.92,lace,247.81281933638584,123.71057189362296,247.81281933638584,1.0,2024
8928308c093ffff,475.0,15.15,46678.04192052904,52.1,lace,174.21879377628875,90.76799155744645,174.21879377628875,1.0,2024
8928308c097ffff,457.0,17.94,47368.30400248232,51.45,lace,171.65285732367823,88.31606925037548,171.65285732367823,1.0,2024
8928308c09bffff,467.0,12.95,67772.09021584397,50.21,lace,139.27648621223722,69.92407071831906,139.27648621223722,1.0,2024
8928308c0a3ffff,310.0,9.0,96335.35470768057,49.81,lace,93.68040252893002,46.65947988241808,93.68040252893002,1.0,2024
8928308c0a7ffff,57.0,31.75,129167.0,47.3,lace,26.549495558055806,12.557911398960396,26.549495558055806,1.0,2024
8928308c0abffff,366.0,8.56,,49.9,lace,110.27661990370706,55.02803333194982,110.27661990370706,1.0,2024
8928308c0afffff,72.0,30.49,129167.00000000001,47.39,lace,32.59854954905859,15.449652204854512,32.59854954905859,1.0,2024
8928308c0b3ffff,920.0,6.95,83482.3682053111,49.9,lace,230.13680070174183,114.83826355016916,230.13680070174183,1.0,2024
8928308c0b7ffff,307.0,8.12,85735.28571868462,49.68,lace,79.7511924773939,39.6235417228107,79.7511924773939,1.0,2024
8928308c0bbffff,685.0,5.95,57438.17403154352,49.9,lace,204.8859331868527,102.23808066023949,204.8859331868527,1.0,2024
8928308c0c3ffff,764.0,8.92,83723.70960627632,48.41,lace,223.32724975602844,108.12013054306951,223.32724975602844,1.0,2024
8928308c0c7ffff,1216.0,5.98,97357.0,50.1,lace,276.2765378499282,138.41454546281403,276.2765378499282,1.0,2024
8928308c0cbffff,716.0,9.8,88991.88792826192,46.73,lace,219.52511987063772,102.57576946473847,219.52511987063772,1.0,2024
8928308c0cfffff,802.0,9.38,94443.28636067593,47.59,lace,226.63722178313762,107.86177013815353,226.63722178313762,1.0,2024
8928308c0d3ffff,338.0,14.6,41908.12042182102,48.36,lace,145.81832231720261,70.52221952027477,145.81832231720261,1.0,2024
8928308c0d7ffff,975.0,10.13,60468.46190276975,50.1,lace,306.69556056494315,153.65447584303652,306.69556056494315,1.0,2024
8928308c0dbffff,429.0,13.67,64912.88617153621,46.8,lace,175.86411160627844,82.30440423173832,175.86411160627844,1.0,2024
8928308c103ffff,0.0,0.0,,65.02,income-model,0.0,0.0,0.0,,2024
8928308c107ffff,0.0,0.0,,65.02,income-model,0.0,0.0,0.0,,2024
8928308c10bffff,40.0,8.44,74743.0,51.6,lace,11.771582142544052,6.074136385552731,11.771582142544052,1.0,2024
8928308c10fffff,0.0,0.0,,65.02,income-model,0.0,0.0,0.0,,2024
8928308c113ffff,0.0,0.0,,65.02,income-model,0.0,0.0,0.0,,2024
8928308c117ffff,0.0,0.0,,65.02,income-model,0.0,0.0,0.0,,2024
8928308c11bffff,17.0,8.44,74743.0,51.6,lace,5.010629438064346,2.585484790041203,5.010629438064346,1.0,2024
8928308c123ffff,0.0,0.0,,65.02,income-model,0.0,0.0,0.0,,2024
8928308c127ffff,0.0,0.0,,65.02,income-model,0.0,0.0,0.0,,2024
8928308c12bffff,0.0,0.0,,65.02,income-model,0.0,0.0,0.0,,2024
8928308c12fffff,0.0,0.0,,65.02,income-model,0.0,0.0,0.0,,2024
8928308c133ffff,0.0,0.0,,65.02,income-model,0.0,0.0,0.0,,2024
8928308c137ffff,0.0,0.0,,65.02,income-model,0.0,0.0,0.0,,2024
8928308c13bffff,0.0,0.0,,65.02,income-model,0.0,0.0,0.0,,2024
8928308c143ffff,403.0,8.44,74743.0,51.6,lace,117.90860326992198,60.84083928727974,117.90860326992198,1.0,2024
8928308c147ffff,15.0,10.15,108393.0,51.6,lace,3.136520111207626,1.618444377383135,3.136520111207626,1.0,2024
8928308c14bffff,362.0,9.14,88488.83908020871,51.6,lace,93.00299536813614,47.98954560995825,93.00299536813614,1.0,2024
8928308c14fffff,34.0,8.5,75911.05431950917,51.6,lace,9.844608548154241,5.079818010847589,9.844608548154241,1.0,2024
8928308c153ffff,489.0,6.87,83266.89710899566,51.6,lace,140.12398015113263,72.30397375798444,140.12398015113263,1.0,2024
8928308c157ffff,631.0,8.44,74743.0,51.6,lace,184.423435171386,95.16249254843517,184.423435171386,1.0,2024
8928308c15bffff,589.0,9.14,88499.62277575234,51.6,lace,151.46227407667445,78.15453342356402,151.46227407667445,1.0,2024
8928308c163ffff,0.0,0.0,,65.02,income-model,0.0,0.0,0.0,,2024
8928308c167ffff,0.0,0.0,,65.02,income-model,0.0,0.0,0.0,,2024
8928308c16bffff,0.0,0.0,,65.02,income-model,0.0,0.0,0.0,,2024
8928308c16fffff,0.0,0.0,,65.02,income-model,0.0,0.0,0.0,,2024
8928308c173ffff,93.0,10.15,108393.0,51.6,lace,19.042084436710994,9.825715569342872,19.042084436710994,1.0,2024
8928308c177ffff,0.0,0.0,,65.02,income-model,0.0,0.0,0.0,,2024
8928308c17bffff,0.0,0.0,,65.02,income-model,0.0,0.0,0.0,,2024
8928308c183ffff,0.0,0.0,,65.02,income-model,0.0,0.0,0.0,,2024
8928308c187ffff,0.0,0.0,,65.02,income-model,0.0,0.0,0.0,,2024
8928308c18bffff,0.0,0.0,,65.02,income-model,0.0,0.0,0.0,,2024
8928308c18fffff,0.0,0.0,,65.02,income-model,0.0,0.0,0.0,,2024
8928308c193ffff,4.0,31.75,129167.0,47.3,lace,2.026181934655744,0.958384055092167,2.026181934655744,1.0,2024
8928308c197ffff,2.0,31.75,129167.0,47.3,lace,0.8706234451050436,0.41180488953468564,0.8706234451050436,1.0,2024
8928308c19bffff,0.0,0.0,,65.02,income-model,0.0,0.0,0.0,,2024
8928308c1a3ffff,0.0,0.0,,65.02,income-model,0.0,0.0,0.0,,2024
8928308c1a7ffff,0.0,0.0,,65.02,income-model,0.0,0.0,0.0,,2024
8928308c1abffff,0.0,0.0,,65.02,income-model,0.0,0.0,0.0,,2024
8928308c1afffff,0.0,0.0,,65.02,income-model,0.0,0.0,0.0,,2024
8928308c1b3ffff,0.0,0.0,,65.02,income-model,0.0,0.0,0.0,,2024
8928308c1b7ffff,0.0,0.0,,65.02,income-model,0.0,0.0,0.0,,2024
8928308c1bbffff,0.0,0.0,,65.02,income-model,0.0,0.0,0.0,,2024
8928308c1c3ffff,5.0,31.75,129167.0,47.3,lace,2.31419846840687,1.0946158755564495,2.31419846840687,1.0,2024
8928308c1c7ffff,0.0,0.0,,65.02,income-model,0.0,0.0,0.0,,2024
8928308c1cbffff,442.0,4.73,106899.90623377236,51.13,lace,125.27629623360276,64.05599113806608,125.27629623360276,1.0,2024
8928308c1cfffff,69.0,10.93,82394.86786927025,50.85,lace,21.60710838233358,10.98768366514065,21.60710838233358,1.0,2024
8928308c1d3ffff,0.0,0.0,,65.02,income-model,0.0,0.0,0.0,,2024
8928308c1d7ffff,4.0,31.75,129167.00000000001,47.3,lace,2.062954373701002,0.9757774187605739,2.062954373701002,1.0,2024
8928308c1dbffff,11.0,31.75,129167.0,47.3,lace,5.2981072792022355,2.506004743062657,5.2981072792022355,1.0,2024
8928308c203ffff,41.0,20.67,76472.29498896394,54.56,lace,14.919732379810931,8.139467716080397,14.919732379810931,1.0,2024
8928308c207ffff,49.0,30.8,84554.0,48.5,lace,17.707755081704086,8.588261214626481,17.707755081704086,1.0,2024
8928308c20bffff,80.0,10.74,68553.0,60.5,lace,28.966710022597475,17.524859563671473,28.966710022597475,1.0,2024
8928308c20fffff,381.0,20.72,130491.51958260415,53.79,lace,117.98802071240837,63.46282274452521,117.98802071240837,1.0,2024
8928308c213ffff,144.0,19.2,79886.41422592696,49.69,lace,51.1026228202979,25.393650405889947,51.1026228202979,1.0,2024
8928308c217ffff,457.0,30.8,84554.00000000001,48.5,lace,165.44041198148645,80.23859981102093,165.44041198148645,1.0,2024
8928308c21bffff,171.0,14.54,83378.24924654215,60.5,lace,60.47687667509345,36.58851038843154,60.47687667509345,1.0,2024
8928308c223ffff,1016.0,7.15,66731.0,54.0,lace,343.18952614965707,185.32234412081482,343.18952614965707,1.0,2024
8928308c227ffff,0.0,0.0,,65.02,income-model,0.0,0.0,0.0,,2024
8928308c22bffff,1133.0,8.48,67104.04093377902,53.23,lace,391.7567562734474,208.54663039592958,391.7567562734474,1.0,2024
8928308c22fffff,68.0,7.87,60490.38117030386,53.1,lace,26.221960164431437,13.923184304361566,26.221960164431437,1.0,2024
8928308c233ffff,469.0,13.6,72285.14309815873,51.56,lace,168.58725620573853,86.91611007418285,168.58725620573853,1.0,2024
8928308c237ffff,334.0,7.15,66731.0,54.0,lace,112.82076866050906,60.92321507667489,112.82076866050906,1.0,2024
8928308c23bffff,395.0,10.58,96349.41492356997,54.0,lace,102.05220189480367,55.10818902319398,102.05220189480367,1.0,2024
8928308c243ffff,105.0,10.74,68553.0,60.5,lace,37.78814346269011,22.861826794927516,37.78814346269011,1.0,2024
8928308c247ffff,155.0,10.74,68553.0,60.5,lace,56.181482259619166,33.9897967670696,56.181482259619166,1.0,2024
8928308c24bffff,229.0,16.01,81201.33314849963,59.3,lace,84.25590267356235,49.95991294274167,84.25590267356235,1.0,2024
8928308c24fffff,187.0,10.74,68553.0,60.5,lace,67.48072799472673,40.82584043680968,67.48072799472673,1.0,2024
8928308c253ffff,310.0,20.1,105728.33185873841,61.47,lace,114.99389821409127,70.68400757736337,114.99389821409127,1.0,2024
8928308c257ffff,163.0,17.22,93860.38473014782,60.5,lace,56.80985217881022,34.369960568180176,56.80985217881022,1.0,2024
8928308c25bffff,91.0,22.41,115944.68669185354,62.96,lace,38.09400615803322,23.982277528224426,38.09400615803322,1.0,2024
8928308c263ffff,420.0,11.44,100782.29075635325,53.62,lace,104.51570762450315,56.0417704655874,104.51570762450315,1.0,2024
8928308c267ffff,291.0,11.58,,51.7,lace,64.80054720447544,33.5018829047138,64.80054720447544,1.0,2024
8928308c26bffff,374.0,12.77,117244.08522672484,52.61,lace,101.83793920442189,53.580427989774094,101.83793920442189,1.0,2024
8928308c26fffff,169.0,12.19,131069.0,51.7,lace,40.292260313916174,20.83109858229466,40.292260313916174,1.0,2024
8928308c273ffff,414.0,20.61,132870.85552074888,54.0,lace,127.92904660522855,69.08168516682342,127.92904660522855,1.0,2024
8928308c277ffff,532.0,11.46,100926.47177782445,53.9,lace,134.67423336768292,72.5834462872614,134.67423336768292,1.0,2024
8928308c27bffff,288.0,19.13,128383.64124560494,53.93,lace,86.68902746017018,46.75013536869644,86.68902746017018,1.0,2024
8928308c283ffff,326.0,7.08,79019.93078925439,46.89,lace,111.89958630631772,52.471587513611546,111.89958630631772,1.0,2024
8928308c287ffff,179.0,9.02,88120.43406906445,46.02,lace,64.67146724493108,29.760771673058795,64.67146724493108,1.0,2024
8928308c28bffff,880.0,6.29,72609.0,48.5,lace,293.23584522616534,142.2193849346902,293.23584522616534,1.0,2024
8928308c28fffff,82.0,30.22,84554.0,48.5,lace,29.556834715542703,14.33506483703821,29.556834715542703,1.0,2024
8928308c293ffff,585.0,6.0,97751.0,45.9,lace,175.65650788983623,80.62633712143482,175.65650788983623,1.0,2024
8928308c297ffff,575.0,7.01,84224.0,45.9,lace,163.98001196130778,75.26682549024027,163.98001196130778,1.0,2024
8928308c29bffff,1001.0,8.79,77079.48037182527,48.42,lace,334.1294350654699,161.76948631871122,334.1294350654699,1.0,2024
8928308c2a3ffff,461.0,14.91,90880.0,48.5,lace,144.52331880509385,70.09380962047052,144.52331880509385,1.0,2024
8928308c2a7ffff,1075.0,6.87,90072.69912213166,48.5,lace,303.9444951939133,147.41308016904796,303.9444951939133,1.0,2024
8928308c2abffff,679.0,30.58,84434.8049232336,48.5,lace,246.46737897858767,119.53667880461502,246.46737897858767,1.0,2024
8928308c2afffff,931.0,22.13,79633.92306958612,48.75,lace,362.0487339896136,176.49054754191278,362.0487339896136,1.0,2024
8928308c2b3ffff,154.0,20.35,156632.6298951361,47.4,lace,43.48515307356044,20.612168221384344,43.48515307356044,1.0,2024
8928308c2b7ffff,400.0,11.56,125285.0652080922,47.42,lace,99.42366402723765,47.142363056704006,99.42366402723765,1.0,2024
8928308c2bbffff,480.0,27.55,84554.0,48.5,lace,173.0031844854126,83.90654447542511,173.0031844854126,1.0,2024
8928308c2c3ffff,104.0,15.13,93166.52767987768,60.53,lace,41.853525974648434,25.334312863507918,41.853525974648434,1.0,2024
8928308c2c7ffff,270.0,14.96,90757.4681466423,60.5,lace,106.53592449050122,64.45423431675324,106.53592449050122,1.0,2024
8928308c2cbffff,186.0,17.95,96937.12266926533,60.5,lace,64.68909242179436,39.136900915185585,64.68909242179436,1.0,2024
8928308c2cfffff,436.0,17.79,96698.31687562102,60.5,lace,152.93063956355516,92.52303693595087,152.93063956355516,1.0,2024
8928308c2d3ffff,361.0,20.5,103619.6979315295,61.56,lace,152.37019401384472,93.79839125349623,152.37019401384472,1.0,2024
8928308c2d7ffff,505.0,9.83,80849.4778365491,54.38,lace,186.25875379452535,101.28413217513253,186.25875379452535,1.0,2024
8928308c2dbffff,118.0,16.99,166027.00000000003,65.0,lace,41.07371891247656,26.697917293109764,41.07371891247656,1.0,2024
8928308c303ffff,138.0,8.38,77625.0,49.7,lace,37.49431795895808,18.634676025602165,37.49431795895808,1.0,2024
8928308c307ffff,26.0,12.62,86250.0,68.2,lace,7.442585397623913,5.075843241179509,7.442585397623913,1.0,2024
8928308c30bffff,429.0,8.38,77625.0,49.7,lace,116.31933534204569,57.810709664996715,116.31933534204569,1.0,2024
8928308c30fffff,122.0,10.59,82125.97868757823,59.52,lace,33.64828503808192,20.027338297699483,33.64828503808192,1.0,2024
8928308c313ffff,413.0,8.63,77309.95450762582,49.5,lace,113.06543676420378,55.962036225148644,113.06543676420378,1.0,2024
8928308c317ffff,63.0,10.15,108393.0,51.6,lace,12.923511277154097,6.668531819011514,12.923511277154097,1.0,2024
8928308c31bffff,212.0,12.14,144585.66203993707,49.7,lace,54.41550806918185,27.044507510383383,54.41550806918185,1.0,2024
8928308c323ffff,0.0,0.0,,65.02,income-model,0.0,0.0,0.0,,2024
8928308c327ffff,6.0,12.62,86250.0,68.2,lace,1.6081029487726546,1.0967262110629505,1.6081029487726546,1.0,2024
8928308c32bffff,0.0,0.0,,65.02,income-model,0.0,0.0,0.0,,2024
8928308c32fffff,0.0,0.0,,65.02,income-model,0.0,0.0,0.0,,2024
8928308c333ffff,45.0,12.62,86250.0,68.2,lace,12.72234823814764,8.676641498416691,12.72234823814764,1.0,2024
8928308c337ffff,0.0,0.0,,65.02,income-model,0.0,0.0,0.0,,2024
8928308c33bffff,0.0,0.0,,65.02,income-model,0.0,0.0,0.0,,2024
8928308c343ffff,209.0,9.67,113091.21269843893,49.32,lace,58.85723691765937,29.0272625586369,58.85723691765937,1.0,2024
8928308c347ffff,976.0,9.72,106512.48392165928,49.54,lace,265.6800119572425,131.62371492311107,265.6800119572425,1.0,2024
8928308c34bffff,97.0,9.45,67413.31926044259,51.17,lace,40.70699678146095,20.83003838515385,40.70699678146095,1.0,2024
8928308c34fffff,506.0,9.48,110341.0,49.3,lace,143.0348962429551,70.51620384777686,143.0348962429551,1.0,2024
8928308c353ffff,165.0,11.68,139266.20872329042,51.08,lace,45.443091481928874,23.213841633786004,45.443091481928874,1.0,2024
8928308c357ffff,1329.0,13.26,164436.83760310258,49.7,lace,336.3930234754582,167.18733266730274,336.3930234754582,1.0,2024
8928308c35bffff,53.0,7.15,66731.0,54.0,lace,17.867370394028264,9.648380012775263,17.867370394028264,1.0,2024
8928308c363ffff,483.0,8.47,80295.54317998546,49.67,lace,131.38334956969308,65.25296325035491,131.38334956969308,1.0,2024
8928308c367ffff,0.0,0.0,,65.02,income-model,0.0,0.0,0.0,,2024
8928308c36bffff,1083.0,15.67,83494.45149208084,49.31,lace,415.7491713772455,205.01612484757283,415.7491713772455,1.0,2024
8928308c36fffff,374.0,15.96,80250.23060221181,52.55,lace,140.69805624416423,73.9350089916635,140.69805624416423,1.0,2024
8928308c373ffff,1248.0,8.39,77851.0461639786,49.7,lace,338.7958473692825,168.37177890078578,338.7958473692825,1.0,2024
8928308c377ffff,0.0,0.0,,65.02,income-model,0.0,0.0,0.0,,2024
8928308c37bffff,700.0,9.48,110341.0,49.3,lace,197.88322081982344,97.55642786417295,197.88322081982344,1.0,2024
8928308c383ffff,334.0,11.05,75248.5699845302,48.45,lace,80.60073093204682,39.05016959104554,80.60073093204682,1.0,2024
8928308c387ffff,160.0,10.15,108392.99999999999,51.6,lace,32.9930463129682,17.02441189749159,32.9930463129682,1.0,2024
8928308c38bffff,555.0,11.1,71049.92526927034,47.7,lace,154.496923200181,73.69503236648634,154.496923200181,1.0,2024
8928308c38fffff,22.0,10.15,108392.99999999999,51.6,lace,4.541401542634329,2.3433631959993138,4.541401542634329,1.0,2024
8928308c393ffff,64.0,9.43,89563.49188047228,48.93,lace,17.806571156774076,8.712115698140735,17.806571156774076,1.0,2024
8928308c397ffff,347.0,10.15,108393.00000000001,51.6,lace,71.3452609719385,36.81415466152027,71.3452609719385,1.0,2024
8928308c39bffff,809.0,10.6,68301.49830849029,47.68,lace,208.34568118935556,99.3386636323991,208.34568118935556,1.0,2024
8928308c3a3ffff,0.0,0.0,,65.02,income-model,0.0,0.0,0.0,,2024
8928308c3a7ffff,0.0,0.0,,65.02,income-model,0.0,0.0,0.0,,2024
8928308c3abffff,0.0,0.0,,65.02,income-model,0.0,0.0,0.0,,2024
8928308c3afffff,0.0,0.0,,65.02,income-model,0.0,0.0,0.0,,2024
8928308c3b3ffff,0.0,0.0,,65.02,income-model,0.0,0.0,0.0,,2024
8928308c3b7ffff,0.0,0.0,,65.02,income-model,0.0,0.0,0.0,,2024
8928308c3bbffff,0.0,0.0,,65.02,income-model,0.0,0.0,0.0,,2024
8928308c3c3ffff,184.0,10.97,74313.0,47.7,lace,54.24730248026926,25.87596328308844,54.24730248026926,1.0,2024
8928308c3c7ffff,1182.0,16.75,56486.33929066565,49.69,lace,466.7764326956545,231.93235839582724,466.7764326956545,1.0,2024
8928308c3cbffff,510.0,7.15,66731.0,54.0,lace,172.3485501941933,93.06821710486437,172.3485501941933,1.0,2024
8928308c3cfffff,60.0,13.29,165032.0,49.7,lace,15.08910158429774,7.499283487395977,15.08910158429774,1.0,2024
8928308c3d3ffff,1082.0,10.82,73462.18627887021,47.73,lace,309.80365445061375,147.8675244749303,309.80365445061375,1.0,2024
8928308c3d7ffff,799.0,11.04,72667.67234303737,47.7,lace,228.88319985394372,109.17728633033116,228.88319985394372,1.0,2024
8928308c3dbffff,537.0,21.67,80813.26257968218,48.49,lace,205.6007698934696,99.68778292337943,205.6007698934696,1.0,2024
8928308c403ffff,325.0,15.7,110670.88805208712,59.49,lace,133.7867167122564,79.58640483838238,133.7867167122564,1.0,2024
8928308c407ffff,293.0,7.07,99598.29255491718,52.67,lace,100.49153776763754,52.92942397388022,100.49153776763754,1.0,2024
8928308c40bffff,509.0,14.92,96838.21143462496,50.26,lace,137.57451174739566,69.14093393525083,137.57451174739566,1.0,2024
8928308c40fffff,747.0,7.22,93141.21879720505,47.3,lace,223.3108228245309,105.62601919600311,223.3108228245309,1.0,2024
8928308c413ffff,221.0,16.73,114291.0,61.2,lace,96.25121027656617,58.9057406892585,96.25121027656617,1.0,2024
8928308c417ffff,170.0,16.73,114291.0,61.2,lace,74.19276805828501,45.40597405167043,74.19276805828501,1.0,2024
8928308c41bffff,166.0,16.73,114290.99999999999,61.2,lace,72.25327373819681,44.21900352777645,72.25327373819681,1.0,2024
8928308c423ffff,481.0,5.74,70413.81408825635,47.48,lace,159.72586989097744,75.83076032919993,159.72586989097744,1.0,2024
8928308c427ffff,522.0,10.82,52539.35154705229,49.87,lace,165.20979340259524,82.39451827003899,165.20979340259524,1.0,2024
8928308c42bffff,735.0,9.75,61366.24891566279,50.9,lace,244.2407376494964,124.32447086506357,244.2407376494964,1.0,2024
8928308c42fffff,624.0,23.2,41237.40849133856,52.1,lace,256.4290540962874,133.59953718416574,256.4290540962874,1.0,2024
8928308c433ffff,220.0,7.24,51362.71375274397,47.3,lace,77.31361040121308,36.569337719773785,77.31361040121308,1.0,2024
8928308c437ffff,342.0,7.46,49286.0,47.3,lace,121.44975392919511,57.44573360850928,121.44975392919511,1.0,2024
8928308c43bffff,617.0,2.85,93180.0,47.3,lace,186.39814748269873,88.1663237593165,186.39814748269873,1.0,2024
8928308c443ffff,802.0,4.59,41576.0,48.14,lace,115.79680446356411,55.74272901536581,115.79680446356411,1.0,2024
8928308c447ffff,812.0,4.43,,47.3,lace,112.34132065818281,53.137444671320466,112.34132065818281,1.0,2024
8928308c44bffff,427.0,8.64,88701.99999999999,48.8,lace,113.96572563318469,55.61527410899413,113.96572563318469,1.0,2024
8928308c44fffff,585.0,8.3,88702.0,48.73,lace,150.11421664570227,73.15803857848974,150.11421664570227,1.0,2024
8928308c453ffff,250.0,12.89,41576.0,61.2,lace,110.9259882709408,67.88670482181577,110.9259882709408,1.0,2024
8928308c457ffff,381.0,8.1,53620.04107700739,56.8,lace,99.56927643152514,56.559043026369906,99.56927643152514,1.0,2024
8928308c45bffff,418.0,8.98,64754.04152540621,55.2,lace,122.46576223665815,67.60669362099428,122.46576223665815,1.0,2024
8928308c463ffff,669.0,4.66,98751.49761525687,51.57,lace,155.64441358202086,80.26395084398126,155.64441358202086,1.0,2024
8928308c467ffff,1232.0,4.04,56127.0,52.1,lace,310.26764896732027,161.64944511197388,310.26764896732027,1.0,2024
8928308c46bffff,213.0,30.17,121261.89947817009,48.76,lace,103.39710333386383,50.41505015326438,103.39710333386383,1.0,2024
8928308c46fffff,466.0,12.15,68104.40690297788,50.03,lace,153.53924246968583,76.81876713021639,153.53924246968583,1.0,2024
8928308c473ffff,534.0,17.05,93036.0,47.3,lace,144.16543336796337,68.19024998304667,144.16543336796337,1.0,2024
8928308c477ffff,758.0,5.83,90043.44231897804,48.32,lace,215.93787511932547,104.34228660623855,215.93787511932547,1.0,2024
8928308c47bffff,455.0,7.61,103041.57660416876,47.88,lace,85.2880723270906,40.837592915274755,85.2880723270906,1.0,2024
8928308c483ffff,133.0,16.73,114291.0,61.2,lace,57.766194219431526,35.3529108622921,57.766194219431526,1.0,2024
8928308c487ffff,143.0,16.73,114291.0,61.2,lace,62.078288357379094,37.99191247471601,62.078288357379094,1.0,2024
8928308c48bffff,184.0,18.08,128155.09234088723,63.98,lace,97.32027518963383,62.26434976881123,97.32027518963383,1.0,2024
8928308c48fffff,124.0,16.73,114291.0,61.2,lace,53.82084264008053,32.938355695729285,53.82084264008053,1.0,2024
8928308c493ffff,79.0,16.73,114291.0,61.2,lace,34.43488088961319,21.074147104443274,34.43488088961319,1.0,2024
8928308c497ffff,9.0,16.73,114291.0,61.2,lace,3.811128792599339,2.3324108210707957,3.811128792599339,1.0,2024
8928308c49bffff,87.0,16.84,115456.55672900868,61.48,lace,38.36298968790275,23.585152779070167,38.36298968790275,1.0,2024
8928308c4a3ffff,79.0,21.33,142897.32297006593,52.34,lace,36.64891624615483,19.180659374557298,36.64891624615483,1.0,2024
8928308c4a7ffff,107.0,24.24,160962.00000000003,47.3,lace,51.6458541927097,24.428489033151685,51.6458541927097,1.0,2024
8928308c4abffff,135.0,16.73,114291.0,61.2,lace,58.950248765757564,36.07755224464363,58.950248765757564,1.0,2024
8928308c4afffff,46.0,12.96,87343.50539431085,53.98,lace,18.54958419547343,10.012318202472642,18.54958419547343,1.0,2024
8928308c4b3ffff,50.0,23.73,157814.93879,48.15,lace,24.03224210735577,11.571298092870924,24.03224210735577,1.0,2024
8928308c4b7ffff,7.0,24.24,160962.0,47.3,lace,3.190281421123116,1.5090031121912337,3.190281421123116,1.0,2024
8928308c4bbffff,186.0,16.73,114290.99999999999,61.2,lace,81.0555941139817,49.6060235977568,81.0555941139817,1.0,2024
8928308c4c3ffff,231.0,18.18,122843.4052868276,62.42,lace,108.80246693266402,67.91550766309764,108.80246693266402,1.0,2024
8928308c4c7ffff,181.0,16.73,114291.0,61.2,lace,78.79526242630493,48.22270060489862,78.79526242630493,1.0,2024
8928308c4cbffff,1.0,12.89,41576.0,61.2,lace,0.2545278830013396,0.15577106439681984,0.2545278830013396,1.0,2024
8928308c4cfffff,22.0,12.89,41576.0,61.2,lace,9.597069618629005,5.873406606600952,9.597069618629005,1.0,2024
8928308c4d3ffff,140.0,19.85,140322.02330156133,65.3,lace,82.49490718464624,53.86917439157399,82.49490718464624,1.0,2024
8928308c4d7ffff,282.0,19.91,140521.25453701473,65.3,lace,166.318071731871,108.60570084091175,166.318071731871,1.0,2024
8928308c4dbffff,29.0,22.6,148012.63034822655,65.21,lace,16.93858734060926,11.045906114794962,16.93858734060926,1.0,2024
8928308c503ffff,1.0,31.75,129167.0,47.3,lace,0.4632505589221032,0.21911751437015478,0.4632505589221032,1.0,2024
8928308c507ffff,21.0,31.75,129167.0,47.3,lace,9.588772988136624,4.535489623388623,9.588772988136624,1.0,2024
8928308c50bffff,78.0,20.99,129167.0,51.83,lace,38.51496255707621,19.962491210896967,38.51496255707621,1.0,2024
8928308c50fffff,5.0,31.75,129166.99999999999,47.3,lace,2.2472274341680207,1.0629385763614738,2.2472274341680207,1.0,2024
8928308c513ffff,3.0,24.24,160961.99999999997,47.3,lace,1.6793059241405048,0.7943117021184587,1.6793059241405048,1.0,2024
8928308c517ffff,0.0,31.75,129167.0,47.3,lace,0.22535958453993218,0.10659508348738791,0.22535958453993218,1.0,2024
8928308c51bffff,191.0,20.31,,52.1,lace,94.9350635777089,49.46116812398633,94.9350635777089,1.0,2024
8928308c523ffff,20.0,31.75,129167.00000000001,47.3,lace,9.307946596098258,4.402658739954476,9.307946596098258,1.0,2024
8928308c527ffff,60.0,31.75,129167.0,47.3,lace,27.659448005885576,13.082918906783878,27.659448005885576,1.0,2024
8928308c52bffff,11.0,31.75,129167.0,47.3,lace,5.222508074908073,2.4702463194315185,5.222508074908073,1.0,2024
8928308c52fffff,3.0,31.75,129167.00000000001,47.3,lace,1.1945906874199688,0.5650413951496452,1.1945906874199688,1.0,2024
8928308c533ffff,5.0,31.75,129167.0,47.3,lace,2.3082409224162976,1.0917979563029088,2.3082409224162976,1.0,2024
8928308c537ffff,25.0,31.75,129167.0,47.3,lace,11.749307856510796,5.557422616129607,11.749307856510796,1.0,2024
8928308c53bffff,47.0,31.75,129167.0,47.3,lace,21.58768147839037,10.210973339278643,21.58768147839037,1.0,2024
8928308c543ffff,772.0,14.2,58988.17288951017,51.92,lace,257.99292901893136,133.9471772578233,257.99292901893136,1.0,2024
8928308c547ffff,334.0,13.28,83615.0,51.31,lace,122.2779923666828,62.73964263493805,122.2779923666828,1.0,2024
8928308c54bffff,826.0,7.62,75201.43011799348,50.29,lace,217.49447117730702,109.37417000302976,217.49447117730702,1.0,2024
8928308c54fffff,686.0,6.97,83615.0,49.9,lace,171.49075198064608,85.57388523834238,171.49075198064608,1.0,2024
8928308c553ffff,722.0,14.16,54578.78029041456,51.9,lace,235.94984412444944,122.45015835861115,235.94984412444944,1.0,2024
8928308c557ffff,480.0,20.31,,52.1,lace,237.7779996677871,123.88233782691708,237.7779996677871,1.0,2024
8928308c55bffff,902.0,13.2,54839.0,52.1,lace,261.1748584645283,136.07210126001925,261.1748584645283,1.0,2024
8928308c563ffff,3.0,31.75,129166.99999999999,47.3,lace,1.1993156376883538,0.5672762966265913,1.1993156376883538,1.0,2024
8928308c567ffff,4.0,31.75,129167.0,47.3,lace,1.9290123052233032,0.9124228203706224,1.9290123052233032,1.0,2024
8928308c56bffff,40.0,31.75,129167.0,47.3,lace,18.66581331894511,8.828929699861035,18.66581331894511,1.0,2024
8928308c56fffff,0.0,0.0,,65.02,income-model,0.0,0.0,0.0,,2024
8928308c573ffff,27.0,31.75,129167.0,47.3,lace,12.418196468417833,5.873806929561635,12.418196468417833,1.0,2024
8928308c577ffff,30.0,31.75,129167.0,47.3,lace,13.832394627007528,6.54272265857456,13.832394627007528,1.0,2024
8928308c57bffff,17.0,8.91,87176.39064843164,49.55,lace,4.485265174035588,2.2222838148992063,4.485265174035588,1.0,2024
8928308c583ffff,68.0,24.24,160962.0,47.3,lace,32.88960635903563,15.556783807823853,32.88960635903563,1.0,2024
8928308c587ffff,174.0,25.47,155747.89028119887,47.3,lace,83.47018272359747,39.481396428261604,83.47018272359747,1.0,2024
8928308c58bffff,136.0,24.24,160962.0,47.3,lace,65.96513587395825,31.201509268382246,65.96513587395825,1.0,2024
8928308c58fffff,4.0,31.75,129167.0,47.3,lace,1.8295829169668518,0.865392719725321,1.8295829169668518,1.0,2024
8928308c593ffff,67.0,24.24,160962.0,47.3,lace,32.58013426730116,15.410403508433449,32.58013426730116,1.0,2024
8928308c597ffff,144.0,24.24,160962.0,47.3,lace,69.72758081352066,32.98114572479527,69.72758081352066,1.0,2024
8928308c59bffff,9.0,24.24,160962.0,47.3,lace,4.531726986716305,2.1435068647168123,4.531726986716305,1.0,2024
8928308c5a3ffff,122.0,31.75,129167.0,47.3,lace,56.781987134007615,26.8578799143856,56.781987134007615,1.0,2024
8928308c5a7ffff,30.0,31.75,129167.0,47.3,lace,14.137256635628548,6.686922388652302,14.137256635628548,1.0,2024
8928308c5abffff,67.0,31.75,129167.0,47.3,lace,30.873030486248528,14.602943419995551,30.873030486248528,1.0,2024
8928308c5afffff,12.0,31.75,129167.0,47.3,lace,5.466356595280817,2.5855866695678262,5.466356595280817,1.0,2024
8928308c5b3ffff,110.0,31.75,129167.0,47.3,lace,51.18579712265638,24.210882039016468,51.18579712265638,1.0,2024
8928308c5b7ffff,84.0,31.75,129167.0,47.3,lace,39.0722572302392,18.48117766990314,39.0722572302392,1.0,2024
8928308c5bbffff,20.0,31.75,129167.0,47.3,lace,9.489549032500538,4.488556692372754,9.489549032500538,1.0,2024
8928308c5c3ffff,161.0,14.2,94173.13252215844,47.3,lace,65.4747062746863,30.96953606792662,65.4747062746863,1.0,2024
8928308c5c7ffff,45.0,24.24,160962.0,47.3,lace,21.648252535890325,10.239623449476124,21.648252535890325,1.0,2024
8928308c5cbffff,364.0,7.46,49286.0,47.3,lace,129.2043181457374,61.11364248293379,129.2043181457374,1.0,2024
8928308c5cfffff,339.0,10.81,49286.0,48.89,lace,132.78281381992227,64.9136373956391,132.78281381992227,1.0,2024
8928308c5d3ffff,73.0,24.24,160962.0,47.3,lace,35.13187960250705,16.617379051985832,35.13187960250705,1.0,2024
8928308c5d7ffff,46.0,24.24,160962.0,47.3,lace,22.176834067250738,10.4896425138096,22.176834067250738,1.0,2024
8928308c5dbffff,104.0,16.48,109327.93973907256,47.3,lace,44.12003710452194,20.868777550438878,44.12003710452194,1.0,2024
8928308c603ffff,477.0,20.89,98086.56088655016,47.9,lace,181.70078590218648,87.03467644714732,181.70078590218648,1.0,2024
8928308c607ffff,533.0,12.98,90481.84104460373,47.9,lace,213.32664882842312,102.18346478881466,213.32664882842312,1.0,2024
8928308c60bffff,220.0,16.98,159824.577105671,50.37,lace,76.81754314773667,38.69164273492865,76.81754314773667,1.0,2024
8928308c60fffff,319.0,13.96,104271.0,47.9,lace,129.09269557324916,61.83540117958634,129.09269557324916,1.0,2024
8928308c613ffff,549.0,22.84,94657.8724258373,47.99,lace,204.8639560346533,98.30913359395566,204.8639560346533,1.0,2024
8928308c617ffff,680.0,15.9,106735.65852137934,47.9,lace,218.179740817709,104.51676259082916,218.179740817709,1.0,2024
8928308c61bffff,237.0,10.74,163123.64372890443,57.41,lace,83.57385551568622,47.98380763001541,83.57385551568622,1.0,2024
8928308c623ffff,630.0,14.56,128593.5460241958,46.52,lace,230.4461474649927,107.19976745615034,230.4461474649927,1.0,2024
8928308c627ffff,909.0,15.5,110208.83380784105,46.08,lace,312.2422486766278,143.8868341691188,312.2422486766278,1.0,2024
8928308c62bffff,663.0,3.65,95735.40865071349,46.09,lace,289.7793387776604,133.54981249666722,289.7793387776604,1.0,2024
8928308c62fffff,938.0,15.59,117999.52008091251,45.9,lace,318.90570844452384,146.37772017603646,318.90570844452384,1.0,2024
8928308c633ffff,638.0,13.23,119989.93392969697,47.1,lace,252.71274915349844,119.02610436038816,252.71274915349844,1.0,2024
8928308c637ffff,604.0,11.7,117288.1828725687,46.8,lace,208.99619329804023,97.81021846348283,208.99619329804023,1.0,2024
8928308c63bffff,521.0,12.21,73207.87498803347,47.9,lace,245.39419314144828,117.53747950418922,245.39419314144828,1.0,2024
8928308c643ffff,304.0,32.52,176840.5826630493,59.64,lace,145.79329550861522,86.95182491298523,145.79329550861522,1.0,2024
8928308c647ffff,308.0,22.81,141336.9429495985,58.77,lace,117.0259207742461,68.77861039509048,117.0259207742461,1.0,2024
8928308c64bffff,156.0,37.36,119086.0,65.0,lace,75.53721829323628,49.09919189060358,75.53721829323628,1.0,2024
8928308c64fffff,456.0,21.27,128473.85897789849,59.34,lace,164.1396896941829,97.40066438052621,164.1396896941829,1.0,2024
8928308c653ffff,289.0,24.94,151054.0625363758,62.02,lace,120.75373544805385,74.89530834699883,120.75373544805385,1.0,2024
8928308c657ffff,290.0,24.79,181259.2797324988,58.85,lace,127.17524680148465,74.84165435873176,127.17524680148465,1.0,2024
8928308c65bffff,270.0,24.73,144655.4710938992,62.67,lace,111.53751785138269,69.90272473318015,111.53751785138269,1.0,2024
8928308c663ffff,463.0,24.39,127094.57368982758,47.9,lace,154.9034398537654,74.19874768995362,154.9034398537654,1.0,2024
8928308c667ffff,617.0,16.4,103895.10915258474,46.97,lace,226.07810923552807,106.17800575254006,226.07810923552807,1.0,2024
8928308c66bffff,396.0,22.41,127812.2432359036,59.86,lace,145.93732059158236,87.36273841927178,145.93732059158236,1.0,2024
8928308c66fffff,403.0,21.33,104219.81059386334,51.17,lace,140.69740387083763,71.99518211510613,140.69740387083763,1.0,2024
8928308c673ffff,371.0,17.49,212531.0,47.9,lace,114.92989642500713,55.05142038757841,114.92989642500713,1.0,2024
8928308c677ffff,427.0,11.67,110848.81431988585,47.09,lace,172.04903485848763,81.02040387286134,172.04903485848763,1.0,2024
8928308c67bffff,306.0,19.95,135505.9409114338,58.06,lace,106.50816404317071,61.83651947577224,106.50816404317071,1.0,2024
8928308c683ffff,383.0,25.4,76411.6792357773,48.8,lace,138.1019703528451,67.39376153218839,138.1019703528451,1.0,2024
8928308c687ffff,558.0,10.35,87523.1092473981,48.8,lace,153.67246845512665,74.99216460610181,153.67246845512665,1.0,2024
8928308c68bffff,375.0,27.08,76019.0,48.8,lace,133.25581774604038,65.0288390600677,133.25581774604038,1.0,2024
8928308c68fffff,382.0,26.93,76121.3768491464,48.8,lace,135.5226902489357,66.13507284148062,135.5226902489357,1.0,2024
8928308c693ffff,445.0,15.63,52827.58375768497,48.58,lace,154.90837330451268,75.24724582277766,154.90837330451268,1.0,2024
8928308c697ffff,723.0,9.28,88023.69693263389,48.8,lace,198.43934242601236,96.83839910389402,198.43934242601236,1.0,2024
8928308c69bffff,635.0,21.5,77325.02365808588,48.8,lace,236.4762375575905,115.40040392810414,236.4762375575905,1.0,2024
8928308c6a3ffff,485.0,16.56,120389.98201441049,47.01,lace,179.76937025613333,84.5116265424555,179.76937025613333,1.0,2024
8928308c6a7ffff,211.0,22.7,60366.45209878589,47.19,lace,114.3773586044143,53.9771686207682,114.3773586044143,1.0,2024
8928308c6abffff,723.0,15.39,117430.8601237555,47.26,lace,247.21257189119206,116.82543544953089,247.21257189119206,1.0,2024
8928308c6afffff,699.0,16.84,119434.0301754321,46.8,lace,271.4729103107306,127.0493220254219,271.4729103107306,1.0,2024
8928308c6b3ffff,334.0,8.64,88702.0,48.8,lace,89.3350891318768,43.595523496355874,89.3350891318768,1.0,2024
8928308c6b7ffff,200.0,30.06,122612.69276152068,48.8,lace,95.98940007977355,46.84282723892948,95.98940007977355,1.0,2024
8928308c6bbffff,592.0,10.3,95852.1953078512,48.42,lace,166.63712864339288,80.68555760104304,166.63712864339288,1.0,2024
8928308c6c3ffff,202.0,13.11,147529.71907870146,56.44,lace,72.39325560222542,40.86045622566844,72.39325560222542,1.0,2024
8928308c6c7ffff,104.0,17.59,126259.57773476593,53.55,lace,37.000048471131386,19.813929888272447,37.000048471131386,1.0,2024
8928308c6cbffff,454.0,13.69,178143.63887522632,62.41,lace,161.1703191638623,100.5869259132023,161.1703191638623,1.0,2024
8928308c6cfffff,407.0,9.89,173482.3754528552,58.85,lace,144.29850242856506,84.91737225293905,144.29850242856506,1.0,2024
8928308c6d3ffff,228.0,16.08,82980.77604893192,48.93,lace,89.31696048684681,43.70690456690903,89.31696048684681,1.0,2024
8928308c6d7ffff,172.0,25.41,76410.39765856051,48.8,lace,62.11510491343948,30.312171197758463,62.11510491343948,1.0,2024
8928308c6dbffff,295.0,20.15,210601.02798609438,60.59,lace,116.70581228337616,70.70847007927756,116.70581228337616,1.0,2024
8928308c803ffff,0.0,0.0,,65.02,income-model,,,,,2024
8928308c807ffff,0.0,0.0,,65.02,income-model,,,,,2024
8928308c80bffff,0.0,0.0,,65.02,income-model,,,,,2024
8928308c80fffff,0.0,0.0,,65.02,income-model,,,,,2024
8928308c813ffff,0.0,0.0,,65.02,income-model,,,,,2024
8928308c817ffff,0.0,0.0,,65.02,income-model,,,,,2024
8928308c81bffff,0.0,0.0,,65.02,income-model,,,,,2024
8928308c823ffff,0.0,0.0,,65.02,income-model,,,,,2024
8928308c827ffff,0.0,0.0,,65.02,income-model,,,,,2024
8928308c82bffff,0.0,0.0,,65.02,income-model,,,,,2024
8928308c82fffff,0.0,0.0,,65.02,income-model,,,,,2024
8928308c833ffff,0.0,0.0,,65.02,income-model,,,,,2024
8928308c837ffff,0.0,0.0,,65.02,income-model,,,,,2024
8928308c83bffff,0.0,0.0,,65.02,income-model,,,,,2024
8928308c843ffff,0.0,0.0,,65.02,income-model,,,,,2024
8928308c847ffff,0.0,0.0,,65.02,income-model,,,,,2024
8928308c84bffff,0.0,0.0,,65.02,income-model,,,,,2024
8928308c84fffff,0.0,0.0,,65.02,income-model,,,,,2024
8928308c853ffff,0.0,0.0,,65.02,income-model,,,,,2024
8928308c857ffff,0.0,0.0,,65.02,income-model,,,,,2024
8928308c85bffff,0.0,0.0,,65.02,income-model,,,,,2024
8928308c863ffff,0.0,0.0,,65.02,income-model,,,,,2024
8928308c867ffff,0.0,0.0,,65.02,income-model,,,,,2024
8928308c86bffff,0.0,0.0,,65.02,income-model,,,,,2024
8928308c86fffff,0.0,0.0,,65.02,income-model,,,,,2024
8928308c873ffff,0.0,0.0,,65.02,income-model,,,,,2024
8928308c877ffff,0.0,0.0,,65.02,income-model,,,,,2024
8928308c87bffff,0.0,0.0,,65.02,income-model,,,,,2024
8928308c883ffff,0.0,0.0,,65.02,income-model,,,,,2024
8928308c887ffff,0.0,0.0,,65.02,income-model,,,,,2024
8928308c88bffff,0.0,0.0,,65.02,income-model,,,,,2024
8928308c88fffff,0.0,0.0,,65.02,income-model,,,,,2024
8928308c893ffff,0.0,0.0,,65.02,income-model,,,,,2024
8928308c897ffff,0.0,0.0,,65.02,income-model,,,,,2024
8928308c89bffff,0.0,0.0,,65.02,income-model,,,,,2024
8928308c8a3ffff,0.0,0.0,,65.02,income-model,,,,,2024
8928308c8a7ffff,0.0,0.0,,65.02,income-model,,,,,2024
8928308c8abffff,0.0,0.0,,65.02,income-model,,,,,2024
8928308c8afffff,0.0,0.0,,65.02,income-model,,,,,2024
8928308c8b3ffff,0.0,0.0,,65.02,income-model,,,,,2024
8928308c8b7ffff,0.0,0.0,,65.02,income-model,,,,,2024
8928308c8bbffff,0.0,0.0,,65.02,income-model,,,,,2024
8928308c8c3ffff,0.0,0.0,,65.02,income-model,,,,,2024
8928308c8c7ffff,0.0,0.0,,65.02,income-model,,,,,2024
8928308c8cbffff,0.0,0.0,,65.02,income-model,,,,,2024
8928308c8cfffff,0.0,0.0,,65.02,income-model,,,,,2024
8928308c8d3ffff,0.0,0.0,,65.02,income-model,,,,,2024
8928308c8d7ffff,0.0,0.0,,65.02,income-model,,,,,2024
8928308c8dbffff,0.0,0.0,,65.02,income-model,,,,,2024
8928308c94bffff,0.0,0.0,,65.02,income-model,,,,,2024
8928308c953ffff,0.0,0.0,,65.02,income-model,,,,,2024
8928308c95bffff,0.0,0.0,,65.02,income-model,,,,,2024
8928308c9c3ffff,0.0,0.0,,65.02,income-model,,,,,2024
8928308c9cbffff,0.0,0.0,,65.02,income-model,,,,,2024
8928308c9d3ffff,0.0,0.0,,65.02,income-model,,,,,2024
8928308c9d7ffff,0.0,0.0,,65.02,income-model,,,,,2024
8928308c9dbffff,0.0,0.0,,65.02,income-model,,,,,2024
8928308ca03ffff,0.0,0.0,,65.02,income-model,,,,,2024
8928308ca07ffff,0.0,0.0,,65.02,income-model,,,,,2024
8928308ca0bffff,0.0,0.0,,65.02,income-model,,,,,2024
8928308ca0fffff,0.0,0.0,,65.02,income-model,,,,,2024
8928308ca13ffff,0.0,0.0,,65.02,income-model,,,,,2024
8928308ca17ffff,0.0,0.0,,65.02,income-model,,,,,2024
8928308ca1bffff,0.0,0.0,,65.02,income-model,,,,,2024
8928308ca23ffff,0.0,0.0,,65.02,income-model,,,,,2024
8928308ca27ffff,0.0,0.0,,65.02,income-model,,,,,2024
8928308ca2bffff,0.0,0.0,,65.02,income-model,,,,,2024
8928308ca2fffff,0.0,0.0,,65.02,income-model,,,,,2024
8928308ca33ffff,0.0,0.0,,65.02,income-model,,,,,2024
8928308ca37ffff,0.0,0.0,,65.02,income-model,,,,,2024
8928308ca3bffff,0.0,0.0,,65.02,income-model,,,,,2024
8928308ca43ffff,0.0,0.0,,65.02,income-model,,,,,2024
8928308ca47ffff,0.0,0.0,,65.02,income-model,,,,,2024
8928308ca4bffff,0.0,0.0,,65.02,income-model,0.0,0.0,0.0,,2024
8928308ca4fffff,0.0,0.0,,65.02,income-model,,,,,2024
8928308ca53ffff,0.0,0.0,,65.02,income-model,,,,,2024
8928308ca57ffff,0.0,0.0,,65.02,income-model,,,,,2024
8928308ca5bffff,0.0,0.0,,65.02,income-model,0.0,0.0,0.0,,2024
8928308ca63ffff,0.0,0.0,,65.02,income-model,,,,,2024
8928308ca67ffff,0.0,0.0,,65.02,income-model,,,,,2024
8928308ca6bffff,0.0,0.0,,65.02,income-model,,,,,2024
8928308ca6fffff,0.0,0.0,,65.02,income-model,,,,,2024
8928308ca73ffff,0.0,0.0,,65.02,income-model,,,,,2024
8928308ca77ffff,0.0,0.0,,65.02,income-model,,,,,2024
8928308ca7bffff,0.0,0.0,,65.02,income-model,,,,,2024
8928308ca83ffff,0.0,0.0,,65.02,income-model,,,,,2024
8928308ca87ffff,0.0,0.0,,65.02,income-model,,,,,2024
8928308ca8bffff,0.0,0.0,,65.02,income-model,,,,,2024
8928308ca8fffff,0.0,0.0,,65.02,income-model,,,,,2024
8928308ca93ffff,0.0,0.0,,65.02,income-model,,,,,2024
8928308ca97ffff,0.0,0.0,,65.02,income-model,,,,,2024
8928308ca9bffff,0.0,0.0,,65.02,income-model,,,,,2024
8928308caa3ffff,0.0,0.0,,65.02,income-model,,,,,2024
8928308caa7ffff,0.0,0.0,,65.02,income-model,,,,,2024
8928308caabffff,0.0,0.0,,65.02,income-model,,,,,2024
8928308caafffff,0.0,0.0,,65.02,income-model,,,,,2024
8928308cab3ffff,0.0,0.0,,65.02,income-model,,,,,2024
8928308cab7ffff,0.0,0.0,,65.02,income-model,,,,,2024
8928308cabbffff,0.0,0.0,,65.02,income-model,,,,,2024
8928308cac3ffff,0.0,0.0,,65.02,income-model,,,,,2024
8928308cac7ffff,0.0,0.0,,65.02,income-model,,,,,2024
8928308cacbffff,0.0,0.0,,65.02,income-model,,,,,2024
8928308cacfffff,0.0,0.0,,65.02,income-model,,,,,2024
8928308cad3ffff,0.0,0.0,,65.02,income-model,,,,,2024
8928308cad7ffff,0.0,0.0,,65.02,income-model,,,,,2024
8928308cadbffff,0.0,0.0,,65.02,income-model,,,,,2024
8928308cb03ffff,0.0,0.0,,65.02,income-model,,,,,2024
8928308cb0bffff,0.0,0.0,,65.02,income-model,,,,,2024
8928308cb13ffff,0.0,0.0,,65.02,income-model,,,,,2024
8928308cb17ffff,0.0,0.0,,65.02,income-model,,,,,2024
8928308cb1bffff,0.0,0.0,,65.02,income-model,,,,,2024
8928308cb43ffff,0.0,0.0,,65.02,income-model,,,,,2024
8928308cb47ffff,0.0,0.0,,65.02,income-model,,,,,2024
8928308cb4bffff,0.0,0.0,,65.02,income-model,,,,,2024
8928308cb4fffff,0.0,0.0,,65.02,income-model,,,,,2024
8928308cb53ffff,0.0,0.0,,65.02,income-model,,,,,2024
8928308cb57ffff,0.0,0.0,,65.02,income-model,,,,,2024
8928308cb5bffff,0.0,0.0,,65.02,income-model,,,,,2024
8928308cb73ffff,0.0,0.0,,65.02,income-model,,,,,2024
8928308cb7bffff,0.0,0.0,,65.02,income-model,,,,,2024
8928308cb83ffff,0.0,0.0,,65.02,income-model,,,,,2024
8928308cb87ffff,0.0,0.0,,65.02,income-model,,,,,2024
8928308cb8bffff,0.0,0.0,,65.02,income-model,,,,,2024
8928308cb8fffff,0.0,0.0,,65.02,income-model,,,,,2024
8928308cb93ffff,0.0,0.0,,65.02,income-model,,,,,2024
8928308cb97ffff,0.0,0.0,,65.02,income-model,,,,,2024
8928308cb9bffff,0.0,0.0,,65.02,income-model,,,,,2024
8928308cbc3ffff,0.0,0.0,,65.02,income-model,,,,,2024
8928308cbc7ffff,0.0,0.0,,65.02,income-model,,,,,2024
8928308cbcbffff,0.0,0.0,,65.02,income-model,,,,,2024
8928308cbcfffff,0.0,0.0,,65.02,income-model,,,,,2024
8928308cbd3ffff,0.0,0.0,,65.02,income-model,,,,,2024
8928308cbd7ffff,0.0,0.0,,65.02,income-model,,,,,2024
8928308cbdbffff,0.0,0.0,,65.02,income-model,,,,,2024
8928308cc03ffff,0.0,0.0,,65.02,income-model,,,,,2024
8928308cc07ffff,0.0,0.0,,65.02,income-model,,,,,2024
8928308cc0bffff,0.0,0.0,,65.02,income-model,0.0,0.0,0.0,,2024
8928308cc0fffff,0.0,0.0,,65.02,income-model,,,,,2024
8928308cc13ffff,0.0,0.0,,65.02,income-model,,,,,2024
8928308cc17ffff,0.0,0.0,,65.02,income-model,,,,,2024
8928308cc1bffff,0.0,0.0,,65.02,income-model,0.0,0.0,0.0,,2024
8928308cc23ffff,0.0,0.0,,65.02,income-model,,,,,2024
8928308cc27ffff,0.0,0.0,,65.02,income-model,,,,,2024
8928308cc2bffff,0.0,0.0,,65.02,income-model,,,,,2024
8928308cc2fffff,0.0,0.0,,65.02,income-model,,,,,2024
8928308cc33ffff,0.0,0.0,,65.02,income-model,,,,,2024
8928308cc37ffff,0.0,0.0,,65.02,income-model,,,,,2024
8928308cc3bffff,0.0,0.0,,65.02,income-model,,,,,2024
8928308cc43ffff,0.0,0.0,,65.02,income-model,0.0,0.0,0.0,,2024
8928308cc47ffff,0.0,0.0,,65.02,income-model,0.0,0.0,0.0,,2024
8928308cc4bffff,0.0,0.0,,65.02,income-model,0.0,0.0,0.0,,2024
8928308cc4fffff,0.0,0.0,,65.02,income-model,0.0,0.0,0.0,,2024
8928308cc53ffff,0.0,0.0,,65.02,income-model,0.0,0.0,0.0,,2024
8928308cc57ffff,0.0,0.0,,65.02,income-model,0.0,0.0,0.0,,2024
8928308cc5bffff,0.0,0.0,,65.02,income-model,0.0,0.0,0.0,,2024
8928308cc63ffff,0.0,0.0,,65.02,income-model,,,,,2024
8928308cc67ffff,0.0,0.0,,65.02,income-model,,,,,2024
8928308cc6bffff,0.0,0.0,,65.02,income-model,,,,,2024
8928308cc6fffff,0.0,0.0,,65.02,income-model,,,,,2024
8928308cc73ffff,0.0,0.0,,65.02,income-model,0.0,0.0,0.0,,2024
8928308cc77ffff,0.0,0.0,,65.02,income-model,,,,,2024
8928308cc7bffff,0.0,0.0,,65.02,income-model,,,,,2024
8928308cc83ffff,0.0,0.0,,65.02,income-model,0.0,0.0,0.0,,2024
8928308cc87ffff,0.0,0.0,,65.02,income-model,0.0,0.0,0.0,,2024
8928308cc8bffff,0.0,0.0,,65.02,income-model,,,,,2024
8928308cc8fffff,0.0,0.0,,65.02,income-model,0.0,0.0,0.0,,2024
8928308cc93ffff,0.0,0.0,,65.02,income-model,0.0,0.0,0.0,,2024
8928308cc97ffff,0.0,0.0,,65.02,income-model,0.0,0.0,0.0,,2024
8928308cc9bffff,0.0,0.0,,65.02,income-model,0.0,0.0,0.0,,2024
8928308cca3ffff,0.0,0.0,,65.02,income-model,0.0,0.0,0.0,,2024
8928308cca7ffff,0.0,0.0,,65.02,income-model,0.0,0.0,0.0,,2024
8928308ccabffff,0.0,0.0,,65.02,income-model,0.0,0.0,0.0,,2024
8928308ccafffff,0.0,0.0,,65.02,income-model,0.0,0.0,0.0,,2024
8928308ccb3ffff,0.0,0.0,,65.02,income-model,0.0,0.0,0.0,,2024
8928308ccb7ffff,0.0,0.0,,65.02,income-model,0.0,0.0,0.0,,2024
8928308ccbbffff,0.0,0.0,,65.02,income-model,0.0,0.0,0.0,,2024
8928308ccc3ffff,0.0,0.0,,65.02,income-model,0.0,0.0,0.0,,2024
8928308ccc7ffff,0.0,0.0,,65.02,income-model,,,,,2024
8928308cccbffff,0.0,0.0,,65.02,income-model,0.0,0.0,0.0,,2024
8928308cccfffff,0.0,0.0,,65.02,income-model,0.0,0.0,0.0,,2024
8928308ccd3ffff,0.0,0.0,,65.02,income-model,0.0,0.0,0.0,,2024
8928308ccd7ffff,0.0,0.0,,65.02,income-model,0.0,0.0,0.0,,2024
8928308ccdbffff,0.0,0.0,,65.02,income-model,0.0,0.0,0.0,,2024
8928308cd03ffff,0.0,0.0,,65.02,income-model,,,,,2024
8928308cd07ffff,0.0,0.0,,65.02,income-model,,,,,2024
8928308cd0bffff,0.0,0.0,,65.02,income-model,,,,,2024
8928308cd0fffff,0.0,0.0,,65.02,income-model,,,,,2024
8928308cd13ffff,0.0,0.0,,65.02,income-model,,,,,2024
8928308cd17ffff,0.0,0.0,,65.02,income-model,,,,,2024
8928308cd1bffff,0.0,0.0,,65.02,income-model,,,,,2024
8928308cd2bffff,0.0,0.0,,65.02,income-model,,,,,2024
8928308cd33ffff,0.0,0.0,,65.02,income-model,,,,,2024
8928308cd3bffff,0.0,0.0,,65.02,income-model,,,,,2024
8928308cd43ffff,0.0,0.0,,65.02,income-model,,,,,2024
8928308cd47ffff,0.0,0.0,,65.02,income-model,,,,,2024
8928308cd4bffff,0.0,0.0,,65.02,income-model,,,,,2024
8928308cd4fffff,0.0,0.0,,65.02,income-model,,,,,2024
8928308cd53ffff,0.0,0.0,,65.02,income-model,,,,,2024
8928308cd57ffff,0.0,0.0,,65.02,income-model,,,,,2024
8928308cd5bffff,0.0,0.0,,65.02,income-model,,,,,2024
8928308cd63ffff,0.0,0.0,,65.02,income-model,,,,,2024
8928308cd67ffff,0.0,0.0,,65.02,income-model,,,,,2024
8928308cd6bffff,0.0,0.0,,65.02,income-model,,,,,2024
8928308cd6fffff,0.0,0.0,,65.02,income-model,,,,,2024
8928308cd73ffff,0.0,0.0,,65.02,income-model,,,,,2024
8928308cd77ffff,0.0,0.0,,65.02,income-model,,,,,2024
8928308cd7bffff,0.0,0.0,,65.02,income-model,,,,,2024
8928308cd83ffff,0.0,0.0,,65.02,income-model,,,,,2024
8928308cd87ffff,0.0,0.0,,65.02,income-model,,,,,2024
8928308cd8bffff,0.0,0.0,,65.02,income-model,,,,,2024
8928308cd8fffff,0.0,0.0,,65.02,income-model,,,,,2024
8928308cd93ffff,0.0,0.0,,65.02,income-model,,,,,2024
8928308cd97ffff,0.0,0.0,,65.02,income-model,,,,,2024
8928308cd9bffff,0.0,0.0,,65.02,income-model,0.0,0.0,0.0,,2024
8928308cda3ffff,0.0,0.0,,65.02,income-model,,,,,2024
8928308cdabffff,0.0,0.0,,65.02,income-model,,,,,2024
8928308cdafffff,0.0,0.0,,65.02,income-model,,,,,2024
8928308cdb3ffff,0.0,0.0,,65.02,income-model,,,,,2024
8928308cdbbffff,0.0,0.0,,65.02,income-model,,,,,2024
8928308cdc3ffff,0.0,0.0,,65.02,income-model,,,,,2024
8928308cdc7ffff,0.0,0.0,,65.02,income-model,,,,,2024
8928308cdcbffff,0.0,0.0,,65.02,income-model,,,,,2024
8928308cdcfffff,0.0,0.0,,65.02,income-model,,,,,2024
8928308cdd3ffff,0.0,0.0,,65.02,income-model,0.0,0.0,0.0,,2024
8928308cdd7ffff,0.0,0.0,,65.02,income-model,0.0,0.0,0.0,,2024
8928308cddbffff,0.0,0.0,,65.02,income-model,,,,,2024
8928308ce03ffff,0.0,0.0,,65.02,income-model,,,,,2024
8928308ce07ffff,0.0,0.0,,65.02,income-model,,,,,2024
8928308ce0bffff,0.0,0.0,,65.02,income-model,,,,,2024
8928308ce0fffff,0.0,0.0,,65.02,income-model,,,,,2024
8928308ce13ffff,0.0,0.0,,65.02,income-model,,,,,2024
8928308ce17ffff,0.0,0.0,,65.02,income-model,,,,,2024
8928308ce1bffff,0.0,0.0,,65.02,income-model,,,,,2024
8928308ce23ffff,0.0,0.0,,65.02,income-model,,,,,2024
8928308ce27ffff,0.0,0.0,,65.02,income-model,,,,,2024
8928308ce2bffff,0.0,0.0,,65.02,income-model,,,,,2024
8928308ce2fffff,0.0,0.0,,65.02,income-model,,,,,2024
8928308ce33ffff,0.0,0.0,,65.02,income-model,,,,,2024
8928308ce37ffff,0.0,0.0,,65.02,income-model,,,,,2024
8928308ce3bffff,0.0,0.0,,65.02,income-model,,,,,2024
8928308ce43ffff,0.0,0.0,,65.02,income-model,,,,,2024
8928308ce47ffff,0.0,0.0,,65.02,income-model,,,,,2024
8928308ce4bffff,0.0,0.0,,65.02,income-model,0.0,0.0,0.0,,2024
8928308ce4fffff,0.0,0.0,,65.02,income-model,,,,,2024
8928308ce53ffff,0.0,0.0,,65.02,income-model,0.0,0.0,0.0,,2024
8928308ce57ffff,0.0,0.0,,65.02,income-model,,,,,2024
8928308ce5bffff,15.0,12.62,86250.0,68.2,lace,4.293529768455095,2.928187302086375,4.293529768455095,1.0,2024
8928308ce63ffff,0.0,0.0,,65.02,income-model,,,,,2024
8928308ce67ffff,0.0,0.0,,65.02,income-model,,,,,2024
8928308ce6bffff,0.0,0.0,,65.02,income-model,,,,,2024
8928308ce6fffff,0.0,0.0,,65.02,income-model,,,,,2024
8928308ce73ffff,0.0,0.0,,65.02,income-model,,,,,2024
8928308ce77ffff,0.0,0.0,,65.02,income-model,,,,,2024
8928308ce7bffff,0.0,0.0,,65.02,income-model,,,,,2024
8928308ce83ffff,0.0,0.0,,65.02,income-model,0.0,0.0,0.0,,2024
8928308ce87ffff,0.0,0.0,,65.02,income-model,0.0,0.0,0.0,,2024
8928308ce8bffff,0.0,0.0,,65.02,income-model,0.0,0.0,0.0,,2024
8928308ce8fffff,0.0,0.0,,65.02,income-model,0.0,0.0,0.0,,2024
8928308ce93ffff,52.0,10.15,108393.0,51.6,lace,10.613145321143667,5.476382985710132,10.613145321143667,1.0,2024
8928308ce97ffff,0.0,0.0,,65.02,income-model,0.0,0.0,0.0,,2024
8928308ce9bffff,54.0,12.1,90884.88477884176,65.51,lace,14.233103981572043,9.323688216801683,14.233103981572043,1.0,2024
8928308cea3ffff,0.0,0.0,,65.02,income-model,,,,,2024
8928308cea7ffff,0.0,0.0,,65.02,income-model,,,,,2024
8928308ceabffff,0.0,0.0,,65.02,income-model,,,,,2024
8928308ceafffff,0.0,0.0,,65.02,income-model,,,,,2024
8928308ceb3ffff,0.0,0.0,,65.02,income-model,,,,,2024
8928308ceb7ffff,0.0,0.0,,65.02,income-model,,,,,2024
8928308cebbffff,0.0,0.0,,65.02,income-model,,,,,2024
8928308cec3ffff,0.0,0.0,,65.02,income-model,0.0,0.0,0.0,,2024
8928308cec7ffff,0.0,0.0,,65.02,income-model,0.0,0.0,0.0,,2024
8928308cecbffff,0.0,0.0,,65.02,income-model,0.0,0.0,0.0,,2024
8928308cecfffff,0.0,0.0,,65.02,income-model,0.0,0.0,0.0,,2024
8928308ced3ffff,81.0,12.62,86250.0,68.2,lace,22.91400723156736,15.62735293192894,22.91400723156736,1.0,2024
8928308ced7ffff,61.0,12.62,86250.0,68.2,lace,17.114559705347318,11.67212971904687,17.114559705347318,1.0,2024
8928308cedbffff,0.0,0.0,,65.02,income-model,0.0,0.0,0.0,,2024
8928308d003ffff,100.0,32.79,138510.19228009388,76.1,lace,34.530605508483774,26.27779079195615,34.530605508483774,1.0,2024
8928308d007ffff,0.0,0.0,,65.02,income-model,0.0,0.0,0.0,,2024
8928308d00bffff,1880.0,32.93,136719.0,76.1,lace,655.062772088395,498.5027695592686,655.062772088395,1.0,2024
8928308d00fffff,0.0,0.0,,65.02,income-model,0.0,0.0,0.0,,2024
8928308d013ffff,246.0,27.58,207226.0,76.1,lace,57.442700172801615,43.71389483150203,57.442700172801615,1.0,2024
8928308d017ffff,1583.0,12.82,106544.0,52.9,lace,497.0,262.913,497.0,1.0,2024
8928308d01bffff,1.0,27.58,207226.0,76.1,lace,0.17927154659191066,0.13642564695644402,0.17927154659191066,1.0,2024
8928308d023ffff,0.0,0.0,,65.02,income-model,0.0,0.0,0.0,,2024
8928308d027ffff,181.0,14.71,107313.0,52.9,lace,65.65939101850773,34.73381784879059,65.65939101850773,1.0,2024
8928308d02bffff,223.0,27.75,175234.00000000003,61.6,lace,105.8125625125025,65.18053850770154,105.8125625125025,1.0,2024
8928308d02fffff,189.0,14.71,107313.0,52.9,lace,68.47187388281604,36.221621284009686,68.47187388281604,1.0,2024
8928308d033ffff,0.0,0.0,,65.02,income-model,0.0,0.0,0.0,,2024
8928308d037ffff,0.0,0.0,,65.02,income-model,0.0,0.0,0.0,,2024
8928308d03bffff,0.0,0.0,,65.02,income-model,0.0,0.0,0.0,,2024
8928308d043ffff,0.0,0.0,,65.02,income-model,0.0,0.0,0.0,,2024
8928308d047ffff,0.0,0.0,,65.02,income-model,0.0,0.0,0.0,,2024
8928308d04bffff,0.0,0.0,,65.02,income-model,0.0,0.0,0.0,,2024
8928308d04fffff,0.0,0.0,,65.02,income-model,0.0,0.0,0.0,,2024
8928308d053ffff,0.0,0.0,,65.02,income-model,0.0,0.0,0.0,,2024
8928308d057ffff,0.0,0.0,,65.02,income-model,0.0,0.0,0.0,,2024
8928308d05bffff,0.0,0.0,,65.02,income-model,0.0,0.0,0.0,,2024
8928308d063ffff,0.0,0.0,,65.02,income-model,0.0,0.0,0.0,,2024
8928308d067ffff,0.0,0.0,,65.02,income-model,0.0,0.0,0.0,,2024
8928308d06bffff,0.0,0.0,,65.02,income-model,0.0,0.0,0.0,,2024
8928308d06fffff,0.0,0.0,,65.02,income-model,0.0,0.0,0.0,,2024
8928308d073ffff,0.0,0.0,,65.02,income-model,0.0,0.0,0.0,,2024
8928308d077ffff,0.0,0.0,,65.02,income-model,0.0,0.0,0.0,,2024
8928308d07bffff,0.0,0.0,,65.02,income-model,0.0,0.0,0.0,,2024
8928308d083ffff,0.0,0.0,,65.02,income-model,0.0,0.0,0.0,,2024
8928308d087ffff,0.0,0.0,,65.02,income-model,0.0,0.0,0.0,,2024
8928308d08bffff,3.0,27.58,207226.00000000003,76.1,lace,0.6015418229308779,0.45777332725039804,0.6015418229308779,1.0,2024
8928308d08fffff,0.0,0.0,,65.02,income-model,0.0,0.0,0.0,,2024
8928308d093ffff,0.0,0.0,,65.02,income-model,0.0,0.0,0.0,,2024
8928308d097ffff,0.0,0.0,,65.02,income-model,0.0,0.0,0.0,,2024
8928308d09bffff,0.0,0.0,,65.02,income-model,0.0,0.0,0.0,,2024
8928308d0a3ffff,0.0,0.0,,65.02,income-model,0.0,0.0,0.0,,2024
8928308d0a7ffff,2346.0,12.81,113682.03138895612,63.5,lace,732.2679035220181,464.9901187364816,732.2679035220181,1.0,2024
8928308d0abffff,0.0,0.0,,65.02,income-model,0.0,0.0,0.0,,2024
8928308d0afffff,0.0,0.0,,65.02,income-model,0.0,0.0,0.0,,2024
8928308d0b3ffff,28.0,12.41,113333.0,63.5,lace,8.77493043060383,5.572080823433432,8.77493043060383,1.0,2024
8928308d0b7ffff,0.0,0.0,,65.02,income-model,0.0,0.0,0.0,,2024
8928308d0bbffff,0.0,0.0,,65.02,income-model,0.0,0.0,0.0,,2024
8928308d0c3ffff,301.0,27.58,207226.0,76.1,lace,70.32169967638951,53.514813453732415,70.32169967638951,1.0,2024
8928308d0c7ffff,261.0,27.58,207226.0,76.1,lace,60.93507476389248,46.37159189532217,60.93507476389248,1.0,2024
8928308d0cbffff,0.0,0.0,,65.02,income-model,0.0,0.0,0.0,,2024
8928308d0cfffff,0.0,0.0,,65.02,income-model,0.0,0.0,0.0,,2024
8928308d0d3ffff,221.0,27.58,207226.0,76.1,lace,51.55983420189182,39.23703382763967,51.55983420189182,1.0,2024
8928308d0d7ffff,108.0,27.58,207226.00000000003,76.1,lace,25.160748477086837,19.147329591063084,25.160748477086837,1.0,2024
8928308d0dbffff,154.0,27.58,207226.0,76.1,lace,35.97730947808506,27.37873251282273,35.97730947808506,1.0,2024
8928308d103ffff,5.0,14.71,107313.0,52.9,lace,1.7167656598855363,0.9081690340794486,1.7167656598855363,1.0,2024
8928308d107ffff,271.0,23.77,99828.0,57.6,lace,102.48277830780441,59.03008030529534,102.48277830780441,1.0,2024
8928308d10bffff,163.0,26.33,119246.5259653218,57.13,lace,54.976824571946445,31.406448721205194,54.976824571946445,1.0,2024
8928308d10fffff,156.0,25.28,108140.91865058683,57.6,lace,56.182036580305166,32.36085307025578,56.182036580305166,1.0,2024
8928308d113ffff,167.0,15.24,106871.60476063135,53.19,lace,60.969009633568504,32.428123381703536,60.969009633568504,1.0,2024
8928308d117ffff,408.0,23.77,99828.00000000001,57.6,lace,154.40221008586428,88.93567300945783,154.40221008586428,1.0,2024
8928308d11bffff,335.0,14.71,107313.0,52.9,lace,121.66602782073245,64.36132871716747,121.66602782073245,1.0,2024
8928308d123ffff,0.0,0.0,,65.02,income-model,0.0,0.0,0.0,,2024
8928308d127ffff,0.0,0.0,,65.02,income-model,0.0,0.0,0.0,,2024
8928308d12bffff,69.0,31.14,91671.0,57.6,lace,26.69812794157996,15.378121694350057,26.69812794157996,1.0,2024
8928308d12fffff,0.0,0.0,,65.02,income-model,0.0,0.0,0.0,,2024
8928308d133ffff,286.0,23.77,99828.0,57.6,lace,108.02745892710924,62.22381634201493,108.02745892710924,1.0,2024
8928308d137ffff,0.0,0.0,,65.02,income-model,0.0,0.0,0.0,,2024
8928308d13bffff,482.0,28.51,94576.2356866179,57.6,lace,185.48788157556237,106.84101978752395,185.48788157556237,1.0,2024
8928308d143ffff,391.0,14.71,107312.99999999999,52.9,lace,141.94851495391504,75.09076441062105,141.94851495391504,1.0,2024
8928308d147ffff,404.0,26.55,119469.87937150455,57.21,lace,136.00327710347122,77.81027057568744,136.00327710347122,1.0,2024
8928308d14bffff,706.0,22.17,146158.6396054843,58.43,lace,300.9093579514783,175.8143574177443,300.9093579514783,1.0,2024
8928308d14fffff,856.0,17.45,128456.17713845745,59.93,lace,287.93997097797137,172.55039275993198,287.93997097797137,1.0,2024
8928308d153ffff,196.0,14.71,107312.99999999999,52.9,lace,71.01293116885186,37.56584058832264,71.01293116885186,1.0,2024
8928308d157ffff,354.0,14.74,107351.50138348815,52.91,lace,128.67328123497987,68.0844568424586,128.67328123497987,1.0,2024
8928308d15bffff,394.0,14.71,107312.99999999999,52.9,lace,143.07769796704292,75.6881022245657,143.07769796704292,1.0,2024
8928308d163ffff,997.0,30.63,95742.85993914933,57.6,lace,379.97243803070324,218.86412430568507,379.97243803070324,1.0,2024
8928308d167ffff,400.0,30.54,91650.67446144858,57.6,lace,155.81182920847039,89.74761362407892,155.81182920847039,1.0,2024
8928308d16bffff,308.0,27.01,119626.54251724722,57.6,lace,103.7053744504972,59.734295683486394,103.7053744504972,1.0,2024
8928308d16fffff,477.0,26.97,92890.37091163624,57.6,lace,187.11136319128946,107.77614519818272,187.11136319128946,1.0,2024
8928308d173ffff,334.0,27.53,120477.0,57.6,lace,111.67821777429617,64.3266534379946,111.67821777429617,1.0,2024
8928308d177ffff,534.0,31.12,91813.50582548893,57.6,lace,207.3530588438735,119.43536189407114,207.3530588438735,1.0,2024
8928308d17bffff,316.0,27.53,120477.00000000001,57.6,lace,105.56869008222624,60.80756548736232,105.56869008222624,1.0,2024
8928308d183ffff,178.0,25.53,128631.0,63.5,lace,77.69886963534032,49.338782218441104,77.69886963534032,1.0,2024
8928308d187ffff,141.0,23.27,111556.9562145215,61.2,lace,57.24506134466018,35.03603773544438,57.24506134466018,1.0,2024
8928308d18bffff,214.0,16.83,86392.93591302993,63.5,lace,76.72220764783071,48.7186018563725,76.72220764783071,1.0,2024
8928308d18fffff,131.0,23.92,102392.38039046749,58.2,lace,50.402034297442725,29.332929112950666,50.402034297442725,1.0,2024
8928308d193ffff,129.0,25.53,128631.0,63.5,lace,56.10913464336288,35.62930049853543,56.10913464336288,1.0,2024
8928308d197ffff,240.0,24.29,123603.52940294874,63.29,lace,103.09135058788232,65.24550128430465,103.09135058788232,1.0,2024
8928308d19bffff,70.0,25.53,128631.0,63.5,lace,30.328612164929595,19.258668724730295,30.328612164929595,1.0,2024
8928308d1a3ffff,0.0,0.0,,65.02,income-model,0.0,0.0,0.0,,2024
8928308d1a7ffff,209.0,14.2,131069.0,51.7,lace,60.264014378138526,31.15649543349762,60.264014378138526,1.0,2024
8928308d1abffff,220.0,23.77,99828.0,57.6,lace,83.24784775798733,47.9507603086007,83.24784775798733,1.0,2024
8928308d1afffff,0.0,0.0,,65.02,income-model,0.0,0.0,0.0,,2024
8928308d1b3ffff,0.0,0.0,,65.02,income-model,0.0,0.0,0.0,,2024
8928308d1b7ffff,64.0,13.72,126403.58624880211,52.0,lace,18.153894898061715,9.439462440001064,18.153894898061715,1.0,2024
8928308d1bbffff,98.0,23.77,99828.0,57.6,lace,37.24705522209785,21.454303807928362,37.24705522209785,1.0,2024
8928308d1c3ffff,288.0,13.93,108046.03705811211,57.3,lace,99.9396505252493,57.2615462172196,99.9396505252493,1.0,2024
8928308d1c7ffff,1032.0,13.42,126011.82738044152,53.81,lace,362.17919753330096,194.8985030533093,362.17919753330096,1.0,2024
8928308d1cbffff,0.0,0.0,,65.02,income-model,0.0,0.0,0.0,,2024
8928308d1cfffff,4.0,14.71,107313.0,52.9,lace,1.553621361370886,0.8218657001651987,1.553621361370886,1.0,2024
8928308d1d3ffff,370.0,18.56,94770.75946667427,63.5,lace,138.52420960147379,87.96287309693585,138.52420960147379,1.0,2024
8928308d1d7ffff,506.0,17.18,88084.54138773814,63.5,lace,183.06292850352872,116.24495959974075,183.06292850352872,1.0,2024
8928308d1dbffff,35.0,14.84,76688.0,63.5,lace,11.799151624165255,7.492461281344937,11.799151624165255,1.0,2024
8928308d203ffff,0.0,0.0,,65.02,income-model,0.0,0.0,0.0,,2024
8928308d207ffff,0.0,0.0,,65.02,income-model,0.0,0.0,0.0,,2024
8928308d20bffff,0.0,0.0,,65.02,income-model,0.0,0.0,0.0,,2024
8928308d20fffff,0.0,0.0,,65.02,income-model,0.0,0.0,0.0,,2024
8928308d213ffff,0.0,0.0,,65.02,income-model,0.0,0.0,0.0,,2024
8928308d217ffff,0.0,0.0,,65.02,income-model,0.0,0.0,0.0,,2024
8928308d21bffff,0.0,0.0,,65.02,income-model,0.0,0.0,0.0,,2024
8928308d223ffff,0.0,0.0,,65.02,income-model,0.0,0.0,0.0,,2024
8928308d227ffff,0.0,0.0,,65.02,income-model,0.0,0.0,0.0,,2024
8928308d22bffff,0.0,0.0,,65.02,income-model,0.0,0.0,0.0,,2024
8928308d22fffff,216.0,33.33,127743.83545982953,63.0,lace,77.93022006707963,49.09603864226017,77.93022006707963,1.0,2024
8928308d233ffff,0.0,0.0,,65.02,income-model,0.0,0.0,0.0,,2024
8928308d237ffff,0.0,0.0,,65.02,income-model,0.0,0.0,0.0,,2024
8928308d23bffff,0.0,0.0,,65.02,income-model,0.0,0.0,0.0,,2024
8928308d24bffff,0.0,0.0,,65.02,income-model,0.0,0.0,0.0,,2024
8928308d24fffff,0.0,0.0,,65.02,income-model,0.0,0.0,0.0,,2024
8928308d263ffff,0.0,0.0,,65.02,income-model,0.0,0.0,0.0,,2024
8928308d267ffff,0.0,0.0,,65.02,income-model,0.0,0.0,0.0,,2024
8928308d26bffff,0.0,0.0,,65.02,income-model,0.0,0.0,0.0,,2024
8928308d26fffff,0.0,0.0,,65.02,income-model,0.0,0.0,0.0,,2024
8928308d273ffff,0.0,0.0,,65.02,income-model,0.0,0.0,0.0,,2024
8928308d277ffff,0.0,0.0,,65.02,income-model,0.0,0.0,0.0,,2024
8928308d27bffff,0.0,0.0,,65.02,income-model,0.0,0.0,0.0,,2024
8928308d283ffff,0.0,0.0,,65.02,income-model,0.0,0.0,0.0,,2024
8928308d287ffff,0.0,0.0,,65.02,income-model,0.0,0.0,0.0,,2024
8928308d28bffff,0.0,0.0,,65.02,income-model,0.0,0.0,0.0,,2024
8928308d28fffff,0.0,0.0,,65.02,income-model,0.0,0.0,0.0,,2024
8928308d293ffff,0.0,0.0,,65.02,income-model,0.0,0.0,0.0,,2024
8928308d297ffff,0.0,0.0,,65.02,income-model,0.0,0.0,0.0,,2024
8928308d29bffff,0.0,0.0,,65.02,income-model,0.0,0.0,0.0,,2024
8928308d2a3ffff,0.0,0.0,,65.02,income-model,0.0,0.0,0.0,,2024
8928308d2a7ffff,0.0,0.0,,65.02,income-model,0.0,0.0,0.0,,2024
8928308d2abffff,0.0,0.0,,65.02,income-model,0.0,0.0,0.0,,2024
8928308d2afffff,0.0,0.0,,65.02,income-model,0.0,0.0,0.0,,2024
8928308d2b3ffff,0.0,0.0,,65.02,income-model,0.0,0.0,0.0,,2024
8928308d2b7ffff,0.0,0.0,,65.02,income-model,0.0,0.0,0.0,,2024
8928308d2bbffff,0.0,0.0,,65.02,income-model,0.0,0.0,0.0,,2024
8928308d2d3ffff,0.0,0.0,,65.02,income-model,0.0,0.0,0.0,,2024
8928308d2d7ffff,0.0,0.0,,65.02,income-model,0.0,0.0,0.0,,2024
8928308d303ffff,136.0,24.73,125162.58468862959,62.23,lace,48.634613747855745,30.267099715974133,48.634613747855745,1.0,2024
8928308d307ffff,88.0,32.43,101785.99999999999,61.6,lace,33.06857806821255,20.370244090018932,33.06857806821255,1.0,2024
8928308d30bffff,377.0,16.29,150788.0,63.0,lace,128.39516711833784,80.88895528455284,128.39516711833784,1.0,2024
8928308d30fffff,347.0,18.86,142983.54200778477,62.76,lace,120.00784758610726,75.31450223509366,120.00784758610726,1.0,2024
8928308d313ffff,0.0,0.0,,65.02,income-model,0.0,0.0,0.0,,2024
8928308d317ffff,0.0,0.0,,65.02,income-model,0.0,0.0,0.0,,2024
8928308d31bffff,428.0,18.16,132318.0834430347,62.11,lace,143.6258072212978,89.19918872490098,143.6258072212978,1.0,2024
8928308d323ffff,43.0,32.43,101786.0,61.6,lace,16.20259905440303,9.980801017512267,16.20259905440303,1.0,2024
8928308d327ffff,158.0,32.43,101786.0,61.6,lace,59.35576971652893,36.56315414538182,59.35576971652893,1.0,2024
8928308d32bffff,127.0,32.0,103087.75511880971,61.63,lace,47.64840558294191,29.36752045878508,47.64840558294191,1.0,2024
8928308d32fffff,208.0,32.43,101786.00000000001,61.6,lace,78.03158923885685,48.06745897113582,78.03158923885685,1.0,2024
8928308d333ffff,25.0,32.43,101786.0,61.6,lace,9.485876965412311,5.843300210693984,9.485876965412311,1.0,2024
8928308d337ffff,0.0,0.0,,65.02,income-model,0.0,0.0,0.0,,2024
8928308d33bffff,154.0,32.43,101786.0,61.6,lace,58.0145554178665,35.73696613740576,58.0145554178665,1.0,2024
8928308d343ffff,455.0,34.06,127596.45724019666,63.0,lace,165.42241953232738,104.21612430536625,165.42241953232738,1.0,2024
8928308d347ffff,428.0,34.34,132340.21442436936,63.0,lace,160.86857646762144,101.3472031746015,160.86857646762144,1.0,2024
8928308d34bffff,340.0,36.98,127014.47006872483,63.0,lace,127.3648426422101,80.23985086459237,127.3648426422101,1.0,2024
8928308d34fffff,54.0,40.18,126375.0,63.0,lace,20.781288954571743,13.092212041380199,20.781288954571743,1.0,2024
8928308d353ffff,202.0,26.51,129107.0,63.0,lace,67.23767487330726,42.35973517018357,67.23767487330726,1.0,2024
8928308d357ffff,455.0,22.6,138718.47804181397,63.0,lace,154.2727741916724,97.1918477407536,154.2727741916724,1.0,2024
8928308d35bffff,262.0,26.51,129107.00000000001,63.0,lace,87.4025049230511,55.06357810152219,87.4025049230511,1.0,2024
8928308d363ffff,116.0,20.58,146400.6196381857,63.0,lace,40.50760538830972,25.51979139463512,40.50760538830972,1.0,2024
8928308d367ffff,262.0,16.29,150788.0,63.0,lace,89.0842044134727,56.12304878048781,89.0842044134727,1.0,2024
8928308d36bffff,239.0,34.02,136777.3045932136,64.36,lace,88.29230179109716,56.823644473221414,88.29230179109716,1.0,2024
8928308d36fffff,170.0,16.29,150788.0,63.0,lace,57.88476434235242,36.46740153568202,57.88476434235242,1.0,2024
8928308d373ffff,482.0,26.6,140245.39952424387,63.0,lace,173.99687589954448,109.61803181671303,173.99687589954448,1.0,2024
8928308d377ffff,332.0,16.29,150788.0,63.0,lace,112.94014209718817,71.15228952122855,112.94014209718817,1.0,2024
8928308d37bffff,136.0,39.63,126932.01047948842,63.0,lace,52.38294579720164,33.00125585223703,52.38294579720164,1.0,2024
8928308d383ffff,0.0,0.0,,65.02,income-model,0.0,0.0,0.0,,2024
8928308d387ffff,0.0,0.0,,65.02,income-model,0.0,0.0,0.0,,2024
8928308d38bffff,0.0,0.0,,65.02,income-model,0.0,0.0,0.0,,2024
8928308d38fffff,0.0,0.0,,65.02,income-model,0.0,0.0,0.0,,2024
8928308d393ffff,0.0,0.0,,65.02,income-model,0.0,0.0,0.0,,2024
8928308d397ffff,68.0,14.71,107313.0,52.9,lace,24.724962393372987,13.07950510609431,24.724962393372987,1.0,2024
8928308d39bffff,0.0,0.0,,65.02,income-model,0.0,0.0,0.0,,2024
8928308d3a3ffff,912.0,13.43,133750.0,61.6,lace,305.26363636363635,188.0424,305.26363636363635,1.0,2024
8928308d3a7ffff,0.0,0.0,,65.02,income-model,0.0,0.0,0.0,,2024
8928308d3abffff,0.0,0.0,,65.02,income-model,0.0,0.0,0.0,,2024
8928308d3afffff,0.0,0.0,,65.02,income-model,0.0,0.0,0.0,,2024
8928308d3b3ffff,0.0,0.0,,65.02,income-model,0.0,0.0,0.0,,2024
8928308d3b7ffff,176.0,27.53,120477.0,57.6,lace,58.73148950456427,33.829337954629025,58.73148950456427,1.0,2024
8928308d3bbffff,0.0,0.0,,65.02,income-model,0.0,0.0,0.0,,2024
8928308d3c3ffff,0.0,0.0,,65.02,income-model,0.0,0.0,0.0,,2024
8928308d3c7ffff,0.0,0.0,,65.02,income-model,0.0,0.0,0.0,,2024
8928308d3cbffff,0.0,0.0,,65.02,income-model,0.0,0.0,0.0,,2024
8928308d3cfffff,2247.0,23.47,139986.8096177659,74.82,lace,662.5673594713903,495.7554364669759,662.5673594713903,1.0,2024
8928308d3d3ffff,0.0,0.0,,65.02,income-model,0.0,0.0,0.0,,2024
8928308d3d7ffff,466.0,13.43,133750.0,61.6,lace,155.99860650298606,96.09514160583942,155.99860650298606,1.0,2024
8928308d3dbffff,0.0,0.0,,65.02,income-model,0.0,0.0,0.0,,2024
8928308d403ffff,0.0,0.0,,65.02,income-model,0.0,0.0,0.0,,2024
8928308d407ffff,0.0,0.0,,65.02,income-model,0.0,0.0,0.0,,2024
8928308d40bffff,0.0,0.0,,65.02,income-model,0.0,0.0,0.0,,2024
8928308d40fffff,0.0,0.0,,65.02,income-model,0.0,0.0,0.0,,2024
8928308d413ffff,0.0,0.0,,65.02,income-model,0.0,0.0,0.0,,2024
8928308d417ffff,0.0,0.0,,65.02,income-model,0.0,0.0,0.0,,2024
8928308d41bffff,0.0,0.0,,65.02,income-model,0.0,0.0,0.0,,2024
8928308d423ffff,0.0,0.0,,65.02,income-model,0.0,0.0,0.0,,2024
8928308d427ffff,0.0,0.0,,65.02,income-model,0.0,0.0,0.0,,2024
8928308d42bffff,0.0,0.0,,65.02,income-model,0.0,0.0,0.0,,2024
8928308d42fffff,0.0,0.0,,65.02,income-model,0.0,0.0,0.0,,2024
8928308d433ffff,0.0,0.0,,65.02,income-model,0.0,0.0,0.0,,2024
8928308d437ffff,0.0,0.0,,65.02,income-model,0.0,0.0,0.0,,2024
8928308d43bffff,0.0,0.0,,65.02,income-model,0.0,0.0,0.0,,2024
8928308d443ffff,0.0,0.0,,65.02,income-model,0.0,0.0,0.0,,2024
8928308d447ffff,0.0,0.0,,65.02,income-model,0.0,0.0,0.0,,2024
8928308d44bffff,0.0,0.0,,65.02,income-model,0.0,0.0,0.0,,2024
8928308d44fffff,0.0,0.0,,65.02,income-model,0.0,0.0,0.0,,2024
8928308d453ffff,0.0,0.0,,65.02,income-model,0.0,0.0,0.0,,2024
8928308d457ffff,0.0,0.0,,65.02,income-model,0.0,0.0,0.0,,2024
8928308d45bffff,0.0,0.0,,65.02,income-model,0.0,0.0,0.0,,2024
8928308d463ffff,0.0,0.0,,65.02,income-model,0.0,0.0,0.0,,2024
8928308d467ffff,0.0,0.0,,65.02,income-model,0.0,0.0,0.0,,2024
8928308d46bffff,0.0,0.0,,65.02,income-model,0.0,0.0,0.0,,2024
8928308d46fffff,0.0,0.0,,65.02,income-model,0.0,0.0,0.0,,2024
8928308d473ffff,0.0,0.0,,65.02,income-model,0.0,0.0,0.0,,2024
8928308d477ffff,0.0,0.0,,65.02,income-model,0.0,0.0,0.0,,2024
8928308d47bffff,0.0,0.0,,65.02,income-model,0.0,0.0,0.0,,2024
8928308d483ffff,0.0,0.0,,65.02,income-model,0.0,0.0,0.0,,2024
8928308d487ffff,0.0,0.0,,65.02,income-model,0.0,0.0,0.0,,2024
8928308d48bffff,0.0,0.0,,65.02,income-model,0.0,0.0,0.0,,2024
8928308d48fffff,0.0,0.0,,65.02,income-model,0.0,0.0,0.0,,2024
8928308d493ffff,0.0,0.0,,65.02,income-model,0.0,0.0,0.0,,2024
8928308d497ffff,0.0,0.0,,65.02,income-model,0.0,0.0,0.0,,2024
8928308d49bffff,0.0,0.0,,65.02,income-model,0.0,0.0,0.0,,2024
8928308d4a3ffff,0.0,0.0,,65.02,income-model,0.0,0.0,0.0,,2024
8928308d4a7ffff,0.0,0.0,,65.02,income-model,0.0,0.0,0.0,,2024
8928308d4abffff,0.0,0.0,,65.02,income-model,0.0,0.0,0.0,,2024
8928308d4afffff,0.0,0.0,,65.02,income-model,0.0,0.0,0.0,,2024
8928308d4b3ffff,0.0,0.0,,65.02,income-model,0.0,0.0,0.0,,2024
8928308d4b7ffff,0.0,0.0,,65.02,income-model,0.0,0.0,0.0,,2024
8928308d4bbffff,0.0,0.0,,65.02,income-model,0.0,0.0,0.0,,2024
8928308d4c3ffff,0.0,0.0,,65.02,income-model,0.0,0.0,0.0,,2024
8928308d4c7ffff,0.0,0.0,,65.02,income-model,0.0,0.0,0.0,,2024
8928308d4cbffff,0.0,0.0,,65.02,income-model,0.0,0.0,0.0,,2024
8928308d4cfffff,0.0,0.0,,65.02,income-model,0.0,0.0,0.0,,2024
8928308d4d3ffff,0.0,0.0,,65.02,income-model,0.0,0.0,0.0,,2024
8928308d4d7ffff,0.0,0.0,,65.02,income-model,0.0,0.0,0.0,,2024
8928308d4dbffff,0.0,0.0,,65.02,income-model,0.0,0.0,0.0,,2024
8928308d503ffff,0.0,0.0,,65.02,income-model,0.0,0.0,0.0,,2024
8928308d507ffff,0.0,0.0,,65.02,income-model,0.0,0.0,0.0,,2024
8928308d50bffff,0.0,0.0,,65.02,income-model,0.0,0.0,0.0,,2024
8928308d50fffff,0.0,0.0,,65.02,income-model,0.0,0.0,0.0,,2024
8928308d513ffff,0.0,0.0,,65.02,income-model,0.0,0.0,0.0,,2024
8928308d517ffff,0.0,0.0,,65.02,income-model,0.0,0.0,0.0,,2024
8928308d51bffff,0.0,0.0,,65.02,income-model,0.0,0.0,0.0,,2024
8928308d523ffff,0.0,0.0,,65.02,income-model,0.0,0.0,0.0,,2024
8928308d527ffff,139.0,25.14,126982.95877645184,63.37,lace,60.13789183276047,38.112019209886846,60.13789183276047,1.0,2024
8928308d52bffff,0.0,0.0,,65.02,income-model,0.0,0.0,0.0,,2024
8928308d52fffff,0.0,0.0,,65.02,income-model,0.0,0.0,0.0,,2024
8928308d533ffff,17.0,25.53,128631.0,63.5,lace,7.467949908135355,4.742148191665951,7.467949908135355,1.0,2024
8928308d537ffff,0.0,0.0,,65.02,income-model,0.0,0.0,0.0,,2024
8928308d53bffff,0.0,0.0,,65.02,income-model,0.0,0.0,0.0,,2024
8928308d543ffff,0.0,0.0,,65.02,income-model,0.0,0.0,0.0,,2024
8928308d547ffff,0.0,0.0,,65.02,income-model,0.0,0.0,0.0,,2024
8928308d54bffff,0.0,0.0,,65.02,income-model,0.0,0.0,0.0,,2024
8928308d54fffff,0.0,0.0,,65.02,income-model,0.0,0.0,0.0,,2024
8928308d553ffff,0.0,0.0,,65.02,income-model,0.0,0.0,0.0,,2024
8928308d557ffff,0.0,0.0,,65.02,income-model,0.0,0.0,0.0,,2024
8928308d55bffff,0.0,0.0,,65.02,income-model,0.0,0.0,0.0,,2024
8928308d563ffff,0.0,0.0,,65.02,income-model,0.0,0.0,0.0,,2024
8928308d567ffff,0.0,0.0,,65.02,income-model,0.0,0.0,0.0,,2024
8928308d56bffff,93.0,25.53,128631.0,63.5,lace,40.382495004946556,25.64288432814106,40.382495004946556,1.0,2024
8928308d56fffff,13.0,25.53,128631.0,63.5,lace,5.852409680288868,3.716280146983431,5.852409680288868,1.0,2024
8928308d573ffff,0.0,0.0,,65.02,income-model,0.0,0.0,0.0,,2024
8928308d577ffff,0.0,0.0,,65.02,income-model,0.0,0.0,0.0,,2024
8928308d57bffff,0.0,0.0,,65.02,income-model,0.0,0.0,0.0,,2024
8928308d583ffff,203.0,19.5,122315.00000000001,65.0,lace,77.7879831453134,50.56218904445372,77.7879831453134,1.0,2024
8928308d587ffff,302.0,20.55,132383.22100302632,64.98,lace,115.97450871678573,75.3626837633981,115.97450871678573,1.0,2024
8928308d58bffff,0.0,0.0,,65.02,income-model,0.0,0.0,0.0,,2024
8928308d58fffff,0.0,0.0,,65.02,income-model,0.0,0.0,0.0,,2024
8928308d593ffff,368.0,23.16,152375.192808168,63.62,lace,159.32683666825082,101.36871469396775,159.32683666825082,1.0,2024
8928308d597ffff,308.0,27.92,139394.44384352106,63.91,lace,136.71521177253476,87.3802346153343,136.71521177253476,1.0,2024
8928308d59bffff,31.0,19.5,122315.0,65.0,lace,12.026635950273661,7.81731336767788,12.026635950273661,1.0,2024
8928308d5a3ffff,341.0,17.5,157132.17572409156,65.0,lace,121.3067771112666,78.84940512232328,121.3067771112666,1.0,2024
8928308d5a7ffff,340.0,25.71,144596.83468706126,65.0,lace,138.36929976032246,89.94004484420958,138.36929976032246,1.0,2024
8928308d5abffff,64.0,23.91,135715.80132585933,63.74,lace,27.01444997650463,17.21797520586131,27.01444997650463,1.0,2024
8928308d5afffff,129.0,19.63,153845.31479581364,64.47,lace,48.68336883433596,31.386491374266765,48.68336883433596,1.0,2024
8928308d5b3ffff,280.0,24.51,147640.27210538278,64.97,lace,111.58308169662948,72.49569808545483,111.58308169662948,1.0,2024
8928308d5b7ffff,272.0,31.12,126657.11015493351,63.86,lace,119.41639096213864,76.25769254713302,119.41639096213864,1.0,2024
8928308d5bbffff,109.0,18.78,138425.02739230427,64.94,lace,40.512943707514594,26.311043620743636,40.512943707514594,1.0,2024
8928308d5c3ffff,0.0,0.0,,65.02,income-model,0.0,0.0,0.0,,2024
8928308d5c7ffff,0.0,0.0,,65.02,income-model,0.0,0.0,0.0,,2024
8928308d5cbffff,0.0,0.0,,65.02,income-model,0.0,0.0,0.0,,2024
8928308d5cfffff,0.0,0.0,,65.02,income-model,0.0,0.0,0.0,,2024
8928308d5d3ffff,0.0,0.0,,65.02,income-model,0.0,0.0,0.0,,2024
8928308d5d7ffff,0.0,0.0,,65.02,income-model,0.0,0.0,0.0,,2024
8928308d5dbffff,0.0,0.0,,65.02,income-model,0.0,0.0,0.0,,2024
8928308d607ffff,0.0,0.0,,65.02,income-model,0.0,0.0,0.0,,2024
8928308d623ffff,0.0,0.0,,65.02,income-model,0.0,0.0,0.0,,2024
8928308d627ffff,0.0,0.0,,65.02,income-model,0.0,0.0,0.0,,2024
8928308d62bffff,0.0,0.0,,65.02,income-model,0.0,0.0,0.0,,2024
8928308d62fffff,0.0,0.0,,65.02,income-model,0.0,0.0,0.0,,2024
8928308d633ffff,0.0,0.0,,65.02,income-model,0.0,0.0,0.0,,2024
8928308d637ffff,0.0,0.0,,65.02,income-model,0.0,0.0,0.0,,2024
8928308d63bffff,0.0,0.0,,65.02,income-model,0.0,0.0,0.0,,2024
8928308d643ffff,0.0,0.0,,65.02,income-model,0.0,0.0,0.0,,2024
8928308d647ffff,0.0,0.0,,65.02,income-model,0.0,0.0,0.0,,2024
8928308d64bffff,0.0,0.0,,65.02,income-model,0.0,0.0,0.0,,2024
8928308d64fffff,0.0,0.0,,65.02,income-model,0.0,0.0,0.0,,2024
8928308d657ffff,0.0,0.0,,65.02,income-model,0.0,0.0,0.0,,2024
8928308d663ffff,0.0,0.0,,65.02,income-model,0.0,0.0,0.0,,2024
8928308d667ffff,0.0,0.0,,65.02,income-model,0.0,0.0,0.0,,2024
8928308d66bffff,0.0,0.0,,65.02,income-model,0.0,0.0,0.0,,2024
8928308d66fffff,0.0,0.0,,65.02,income-model,0.0,0.0,0.0,,2024
8928308d673ffff,0.0,0.0,,65.02,income-model,0.0,0.0,0.0,,2024
8928308d67bffff,0.0,0.0,,65.02,income-model,0.0,0.0,0.0,,2024
8928308d683ffff,0.0,0.0,,65.02,income-model,0.0,0.0,0.0,,2024
8928308d687ffff,0.0,0.0,,65.02,income-model,0.0,0.0,0.0,,2024
8928308d697ffff,0.0,0.0,,65.02,income-model,0.0,0.0,0.0,,2024
8928308d6a3ffff,0.0,0.0,,65.02,income-model,0.0,0.0,0.0,,2024
8928308d6a7ffff,14.0,27.58,207226.0,76.1,lace,3.22844226351618,2.4568445625358124,3.22844226351618,1.0,2024
8928308d6abffff,0.0,0.0,,65.02,income-model,0.0,0.0,0.0,,2024
8928308d6afffff,0.0,0.0,,65.02,income-model,0.0,0.0,0.0,,2024
8928308d6b3ffff,0.0,0.0,,65.02,income-model,0.0,0.0,0.0,,2024
8928308d6b7ffff,0.0,0.0,,65.02,income-model,0.0,0.0,0.0,,2024
8928308d6bbffff,0.0,0.0,,65.02,income-model,0.0,0.0,0.0,,2024
8928308d803ffff,0.0,0.0,,65.02,income-model,,,,,2024
8928308d807ffff,0.0,0.0,,65.02,income-model,,,,,2024
8928308d80bffff,0.0,0.0,,65.02,income-model,,,,,2024
8928308d80fffff,0.0,0.0,,65.02,income-model,,,,,2024
8928308d813ffff,32.0,19.74,96667.0,53.7,lace,8.671703553883951,4.656704808435682,8.671703553883951,1.0,2024
8928308d817ffff,0.0,0.0,,65.02,income-model,0.0,0.0,0.0,,2024
8928308d81bffff,8.0,15.31,162971.0,53.7,lace,2.527661209007538,1.357354069237048,2.527661209007538,1.0,2024
8928308d823ffff,0.0,0.0,,65.02,income-model,,,,,2024
8928308d827ffff,0.0,0.0,,65.02,income-model,,,,,2024
8928308d82bffff,0.0,0.0,,65.02,income-model,,,,,2024
8928308d82fffff,0.0,0.0,,65.02,income-model,,,,,2024
8928308d833ffff,0.0,0.0,,65.02,income-model,,,,,2024
8928308d837ffff,0.0,0.0,,65.02,income-model,,,,,2024
8928308d83bffff,0.0,0.0,,65.02,income-model,,,,,2024
8928308d843ffff,131.0,15.31,162971.0,53.7,lace,41.40333221299275,22.233589398377106,41.40333221299275,1.0,2024
8928308d847ffff,0.0,0.0,,65.02,income-model,,,,,2024
8928308d84bffff,194.0,15.31,162971.0,53.7,lace,61.407173380707725,32.97565210544005,61.407173380707725,1.0,2024
8928308d84fffff,0.0,0.0,,65.02,income-model,,,,,2024
8928308d853ffff,481.0,16.22,157078.95077578907,53.7,lace,152.84377692514892,82.07710820880497,152.84377692514892,1.0,2024
8928308d857ffff,101.0,15.31,162971.0,53.7,lace,32.0004609401258,17.184247524847553,32.0004609401258,1.0,2024
8928308d85bffff,453.0,15.31,162971.0,53.7,lace,143.4143947760119,77.0135299947184,143.4143947760119,1.0,2024
8928308d863ffff,0.0,0.0,,65.02,income-model,,,,,2024
8928308d867ffff,0.0,0.0,,65.02,income-model,,,,,2024
8928308d86bffff,0.0,0.0,,65.02,income-model,,,,,2024
8928308d86fffff,0.0,0.0,,65.02,income-model,,,,,2024
8928308d873ffff,0.0,0.0,,65.02,income-model,,,,,2024
8928308d877ffff,0.0,0.0,,65.02,income-model,,,,,2024
8928308d87bffff,0.0,0.0,,65.02,income-model,,,,,2024
8928308d883ffff,105.0,19.74,96667.0,53.7,lace,28.03553247123765,15.055080937054619,28.03553247123765,1.0,2024
8928308d887ffff,0.0,0.0,,65.02,income-model,0.0,0.0,0.0,,2024
8928308d88bffff,397.0,19.74,96666.99999999999,53.7,lace,106.07671233574605,56.96319452429563,106.07671233574605,1.0,2024
8928308d88fffff,104.0,19.74,96667.0,53.7,lace,27.880243166514038,14.97169058041804,27.880243166514038,1.0,2024
8928308d893ffff,0.0,0.0,,65.02,income-model,0.0,0.0,0.0,,2024
8928308d897ffff,0.0,0.0,,65.02,income-model,0.0,0.0,0.0,,2024
8928308d89bffff,301.0,19.74,96667.0,53.7,lace,80.24637103399262,43.09230124525404,80.24637103399262,1.0,2024
8928308d8a3ffff,0.0,0.0,,65.02,income-model,0.0,0.0,0.0,,2024
8928308d8a7ffff,0.0,0.0,,65.02,income-model,0.0,0.0,0.0,,2024
8928308d8abffff,0.0,0.0,,65.02,income-model,0.0,0.0,0.0,,2024
8928308d8afffff,0.0,0.0,,65.02,income-model,0.0,0.0,0.0,,2024
8928308d8b3ffff,0.0,0.0,,65.02,income-model,0.0,0.0,0.0,,2024
8928308d8b7ffff,0.0,0.0,,65.02,income-model,0.0,0.0,0.0,,2024
8928308d8bbffff,0.0,0.0,,65.02,income-model,0.0,0.0,0.0,,2024
8928308d8c3ffff,314.0,27.72,66818.28614642544,53.51,lace,105.24838251678338,56.321555585177364,105.24838251678338,1.0,2024
8928308d8c7ffff,170.0,29.1,68169.1280877747,53.7,lace,55.085223436498794,29.580764985399856,55.085223436498794,1.0,2024
8928308d8cbffff,41.0,14.78,112924.80150612004,52.77,lace,13.353749637641384,7.0467002212491465,13.353749637641384,1.0,2024
8928308d8cfffff,54.0,15.31,162971.0,53.7,lace,16.999356604407737,9.128654496566956,16.999356604407737,1.0,2024
8928308d8d3ffff,326.0,15.46,79841.66899038423,52.5,lace,121.17654182302641,63.61768445708887,121.17654182302641,1.0,2024
8928308d8d7ffff,476.0,26.15,77165.46151350826,53.7,lace,145.5803792858314,78.17666367649147,145.5803792858314,1.0,2024
8928308d8dbffff,337.0,10.45,88750.0,52.5,lace,114.29376116432041,60.00422461126822,114.29376116432041,1.0,2024
8928308d903ffff,0.0,0.0,,65.02,income-model,,,,,2024
8928308d907ffff,0.0,0.0,,65.02,income-model,,,,,2024
8928308d90bffff,0.0,0.0,,65.02,income-model,,,,,2024
8928308d90fffff,0.0,0.0,,65.02,income-model,,,,,2024
8928308d913ffff,0.0,0.0,,65.02,income-model,0.0,0.0,0.0,,2024
8928308d917ffff,0.0,0.0,,65.02,income-model,0.0,0.0,0.0,,2024
8928308d91bffff,0.0,0.0,,65.02,income-model,,,,,2024
8928308d923ffff,0.0,0.0,,65.02,income-model,,,,,2024
8928308d927ffff,0.0,0.0,,65.02,income-model,,,,,2024
8928308d92bffff,0.0,0.0,,65.02,income-model,,,,,2024
8928308d92fffff,0.0,0.0,,65.02,income-model,,,,,2024
8928308d933ffff,0.0,0.0,,65.02,income-model,,,,,2024
8928308d937ffff,0.0,0.0,,65.02,income-model,,,,,2024
8928308d93bffff,0.0,0.0,,65.02,income-model,,,,,2024
8928308d943ffff,0.0,0.0,,65.02,income-model,,,,,2024
8928308d947ffff,0.0,0.0,,65.02,income-model,,,,,2024
8928308d94bffff,0.0,0.0,,65.02,income-model,,,,,2024
8928308d94fffff,0.0,0.0,,65.02,income-model,,,,,2024
8928308d953ffff,0.0,0.0,,65.02,income-model,,,,,2024
8928308d957ffff,0.0,0.0,,65.02,income-model,,,,,2024
8928308d95bffff,0.0,0.0,,65.02,income-model,,,,,2024
8928308d963ffff,0.0,0.0,,65.02,income-model,,,,,2024
8928308d967ffff,0.0,0.0,,65.02,income-model,,,,,2024
8928308d96bffff,0.0,0.0,,65.02,income-model,,,,,2024
8928308d96fffff,0.0,0.0,,65.02,income-model,,,,,2024
8928308d973ffff,0.0,0.0,,65.02,income-model,,,,,2024
8928308d977ffff,0.0,0.0,,65.02,income-model,,,,,2024
8928308d97bffff,0.0,0.0,,65.02,income-model,,,,,2024
8928308d983ffff,0.0,0.0,,65.02,income-model,0.0,0.0,0.0,,2024
8928308d987ffff,0.0,0.0,,65.02,income-model,0.0,0.0,0.0,,2024
8928308d98bffff,0.0,0.0,,65.02,income-model,0.0,0.0,0.0,,2024
8928308d98fffff,0.0,0.0,,65.02,income-model,0.0,0.0,0.0,,2024
8928308d993ffff,0.0,0.0,,65.02,income-model,0.0,0.0,0.0,,2024
8928308d997ffff,0.0,0.0,,65.02,income-model,0.0,0.0,0.0,,2024
8928308d99bffff,0.0,0.0,,65.02,income-model,0.0,0.0,0.0,,2024
8928308d9a3ffff,0.0,0.0,,65.02,income-model,0.0,0.0,0.0,,2024
8928308d9a7ffff,0.0,0.0,,65.02,income-model,,,,,2024
8928308d9abffff,0.0,0.0,,65.02,income-model,0.0,0.0,0.0,,2024
8928308d9afffff,0.0,0.0,,65.02,income-model,0.0,0.0,0.0,,2024
8928308d9b3ffff,0.0,0.0,,65.02,income-model,0.0,0.0,0.0,,2024
8928308d9b7ffff,0.0,0.0,,65.02,income-model,,,,,2024
8928308d9bbffff,1.0,12.62,86250.0,68.2,lace,0.3001325038740539,0.20469036764210474,0.3001325038740539,1.0,2024
8928308d9c3ffff,0.0,0.0,,65.02,income-model,0.0,0.0,0.0,,2024
8928308d9c7ffff,0.0,0.0,,65.02,income-model,0.0,0.0,0.0,,2024
8928308d9cbffff,0.0,0.0,,65.02,income-model,,,,,2024
8928308d9cfffff,0.0,0.0,,65.02,income-model,,,,,2024
8928308d9d3ffff,0.0,0.0,,65.02,income-model,0.0,0.0,0.0,,2024
8928308d9d7ffff,0.0,0.0,,65.02,income-model,0.0,0.0,0.0,,2024
8928308d9dbffff,0.0,0.0,,65.02,income-model,0.0,0.0,0.0,,2024
8928308da03ffff,0.0,0.0,,65.02,income-model,,,,,2024
8928308da07ffff,0.0,0.0,,65.02,income-model,,,,,2024
8928308da0bffff,0.0,0.0,,65.02,income-model,,,,,2024
8928308da0fffff,0.0,0.0,,65.02,income-model,,,,,2024
8928308da13ffff,0.0,0.0,,65.02,income-model,,,,,2024
8928308da17ffff,0.0,0.0,,65.02,income-model,,,,,2024
8928308da1bffff,0.0,0.0,,65.02,income-model,,,,,2024
8928308da23ffff,0.0,0.0,,65.02,income-model,,,,,2024
8928308da27ffff,0.0,0.0,,65.02,income-model,,,,,2024
8928308da2bffff,0.0,0.0,,65.02,income-model,,,,,2024
8928308da2fffff,0.0,0.0,,65.02,income-model,,,,,2024
8928308da33ffff,0.0,0.0,,65.02,income-model,,,,,2024
8928308da37ffff,0.0,0.0,,65.02,income-model,,,,,2024
8928308da3bffff,0.0,0.0,,65.02,income-model,,,,,2024
8928308da43ffff,0.0,0.0,,65.02,income-model,,,,,2024
8928308da47ffff,0.0,0.0,,65.02,income-model,,,,,2024
8928308da4bffff,0.0,0.0,,65.02,income-model,,,,,2024
8928308da4fffff,0.0,0.0,,65.02,income-model,,,,,2024
8928308da53ffff,0.0,0.0,,65.02,income-model,,,,,2024
8928308da57ffff,0.0,0.0,,65.02,income-model,,,,,2024
8928308da5bffff,0.0,0.0,,65.02,income-model,,,,,2024
8928308da63ffff,0.0,0.0,,65.02,income-model,,,,,2024
8928308da67ffff,0.0,0.0,,65.02,income-model,,,,,2024
8928308da6bffff,0.0,0.0,,65.02,income-model,,,,,2024
8928308da6fffff,0.0,0.0,,65.02,income-model,,,,,2024
8928308da73ffff,0.0,0.0,,65.02,income-model,,,,,2024
8928308da77ffff,0.0,0.0,,65.02,income-model,,,,,2024
8928308da7bffff,0.0,0.0,,65.02,income-model,,,,,2024
8928308da83ffff,178.0,20.14,151556.00355251052,55.33,lace,55.05616651993715,30.4610020263284,55.05616651993715,1.0,2024
8928308da87ffff,162.0,15.31,162971.0,53.7,lace,51.279473760023045,27.537077409132376,51.279473760023045,1.0,2024
8928308da8bffff,101.0,22.93,144957.0,56.3,lace,31.01717334878073,17.46266859536355,31.01717334878073,1.0,2024
8928308da8fffff,0.0,0.0,,65.02,income-model,0.0,0.0,0.0,,2024
8928308da93ffff,24.0,23.41,140682.0,56.3,lace,7.516403345179866,4.231735083336265,7.516403345179866,1.0,2024
8928308da97ffff,684.0,15.82,161756.37444466806,53.87,lace,215.8321698291429,116.26853999043396,215.8321698291429,1.0,2024
8928308da9bffff,237.0,22.93,144957.0,56.3,lace,72.56967036884379,40.85672441765905,72.56967036884379,1.0,2024
8928308daa3ffff,0.0,0.0,,65.02,income-model,,,,,2024
8928308daa7ffff,0.0,0.0,,65.02,income-model,,,,,2024
8928308daabffff,0.0,0.0,,65.02,income-model,,,,,2024
8928308daafffff,0.0,0.0,,65.02,income-model,,,,,2024
8928308dab3ffff,0.0,0.0,,65.02,income-model,,,,,2024
8928308dab7ffff,0.0,0.0,,65.02,income-model,,,,,2024
8928308dabbffff,0.0,0.0,,65.02,income-model,,,,,2024
8928308dac3ffff,0.0,0.0,,65.02,income-model,0.0,0.0,0.0,,2024
8928308dac7ffff,0.0,0.0,,65.02,income-model,0.0,0.0,0.0,,2024
8928308dacbffff,1.0,6.56,130139.0,54.3,lace,0.4266381221805948,0.231664500344063,0.4266381221805948,1.0,2024
8928308dacfffff,0.0,0.0,,65.02,income-model,,,,,2024
8928308dad3ffff,1003.0,22.93,144957.0,56.3,lace,306.87246092662116,172.7691955016877,306.87246092662116,1.0,2024
8928308dad7ffff,356.0,22.93,144957.0,56.3,lace,108.93186583042767,61.32864046253078,108.93186583042767,1.0,2024
8928308dadbffff,389.0,8.67,132048.96239118525,54.56,lace,116.88364639457319,63.774968944540824,116.88364639457319,1.0,2024
8928308db03ffff,0.0,0.0,,65.02,income-model,,,,,2024
8928308db07ffff,0.0,0.0,,65.02,income-model,,,,,2024
8928308db0bffff,0.0,0.0,,65.02,income-model,,,,,2024
8928308db0fffff,0.0,0.0,,65.02,income-model,,,,,2024
8928308db13ffff,0.0,0.0,,65.02,income-model,,,,,2024
8928308db17ffff,0.0,0.0,,65.02,income-model,,,,,2024
8928308db1bffff,0.0,0.0,,65.02,income-model,,,,,2024
8928308db23ffff,0.0,0.0,,65.02,income-model,,,,,2024
8928308db27ffff,0.0,0.0,,65.02,income-model,,,,,2024
8928308db2bffff,0.0,0.0,,65.02,income-model,,,,,2024
8928308db2fffff,0.0,0.0,,65.02,income-model,,,,,2024
8928308db33ffff,0.0,0.0,,65.02,income-model,,,,,2024
8928308db37ffff,0.0,0.0,,65.02,income-model,,,,,2024
8928308db3bffff,0.0,0.0,,65.02,income-model,,,,,2024
8928308db43ffff,0.0,0.0,,65.02,income-model,,,,,2024
8928308db47ffff,0.0,0.0,,65.02,income-model,,,,,2024
8928308db4bffff,0.0,0.0,,65.02,income-model,,,,,2024
8928308db4fffff,0.0,0.0,,65.02,income-model,,,,,2024
8928308db53ffff,0.0,0.0,,65.02,income-model,,,,,2024
8928308db57ffff,0.0,0.0,,65.02,income-model,,,,,2024
8928308db5bffff,0.0,0.0,,65.02,income-model,,,,,2024
8928308db63ffff,0.0,0.0,,65.02,income-model,,,,,2024
8928308db67ffff,0.0,0.0,,65.02,income-model,,,,,2024
8928308db6bffff,0.0,0.0,,65.02,income-model,,,,,2024
8928308db6fffff,0.0,0.0,,65.02,income-model,,,,,2024
8928308db73ffff,0.0,0.0,,65.02,income-model,,,,,2024
8928308db77ffff,0.0,0.0,,65.02,income-model,,,,,2024
8928308db7bffff,0.0,0.0,,65.02,income-model,,,,,2024
8928308db83ffff,0.0,0.0,,65.02,income-model,,,,,2024
8928308db87ffff,0.0,0.0,,65.02,income-model,,,,,2024
8928308db8bffff,0.0,0.0,,65.02,income-model,,,,,2024
8928308db8fffff,0.0,0.0,,65.02,income-model,,,,,2024
8928308db93ffff,0.0,0.0,,65.02,income-model,,,,,2024
8928308db97ffff,0.0,0.0,,65.02,income-model,,,,,2024
8928308db9bffff,0.0,0.0,,65.02,income-model,,,,,2024
8928308dba3ffff,0.0,0.0,,65.02,income-model,,,,,2024
8928308dba7ffff,0.0,0.0,,65.02,income-model,,,,,2024
8928308dbabffff,0.0,0.0,,65.02,income-model,,,,,2024
8928308dbafffff,0.0,0.0,,65.02,income-model,,,,,2024
8928308dbb3ffff,0.0,0.0,,65.02,income-model,,,,,2024
8928308dbb7ffff,0.0,0.0,,65.02,income-model,,,,,2024
8928308dbbbffff,0.0,0.0,,65.02,income-model,,,,,2024
8928308dbc3ffff,0.0,0.0,,65.02,income-model,,,,,2024
8928308dbc7ffff,0.0,0.0,,65.02,income-model,,,,,2024
8928308dbcbffff,0.0,0.0,,65.02,income-model,,,,,2024
8928308dbcfffff,0.0,0.0,,65.02,income-model,,,,,2024
8928308dbd3ffff,0.0,0.0,,65.02,income-model,,,,,2024
8928308dbd7ffff,0.0,0.0,,65.02,income-model,,,,,2024
8928308dbdbffff,0.0,0.0,,65.02,income-model,,,,,2024
8928308dc03ffff,267.0,25.87,116078.0,56.2,lace,116.46400890665663,65.45277300554103,116.46400890665663,1.0,2024
8928308dc07ffff,0.0,0.0,,65.02,income-model,0.0,0.0,0.0,,2024
8928308dc0bffff,148.0,19.97,59381.0,56.2,lace,67.97262889879059,38.200617441120315,67.97262889879059,1.0,2024
8928308dc0fffff,0.0,0.0,,65.02,income-model,0.0,0.0,0.0,,2024
8928308dc13ffff,370.0,25.38,115435.77187772734,55.92,lace,157.11935247714592,87.86082682875733,157.11935247714592,1.0,2024
8928308dc17ffff,313.0,25.87,116078.0,56.2,lace,136.54949060074372,76.74081371761798,136.54949060074372,1.0,2024
8928308dc1bffff,0.0,0.0,,65.02,income-model,0.0,0.0,0.0,,2024
8928308dc23ffff,0.0,0.0,,65.02,income-model,0.0,0.0,0.0,,2024
8928308dc27ffff,0.0,0.0,,65.02,income-model,0.0,0.0,0.0,,2024
8928308dc2bffff,0.0,0.0,,65.02,income-model,0.0,0.0,0.0,,2024
8928308dc2fffff,0.0,0.0,,65.02,income-model,0.0,0.0,0.0,,2024
8928308dc33ffff,418.0,1.88,119257.0,68.2,lace,172.11670064874883,117.38358984244671,172.11670064874883,1.0,2024
8928308dc37ffff,0.0,0.0,,65.02,income-model,0.0,0.0,0.0,,2024
8928308dc3bffff,0.0,0.0,,65.02,income-model,0.0,0.0,0.0,,2024
8928308dc43ffff,291.0,6.36,,56.2,lace,170.9050332383666,96.04862867996204,170.9050332383666,1.0,2024
8928308dc47ffff,392.0,6.87,84769.0,56.2,lace,179.5592090483288,100.91227548516079,179.5592090483288,1.0,2024
8928308dc4bffff,126.0,6.36,,56.2,lace,74.28553339664451,41.74846976891422,74.28553339664451,1.0,2024
8928308dc4fffff,614.0,7.15,84769.0,56.2,lace,238.48230092645466,134.02705312066752,238.48230092645466,1.0,2024
8928308dc53ffff,0.0,0.0,,65.02,income-model,0.0,0.0,0.0,,2024
8928308dc57ffff,19.0,6.36,,56.2,lace,11.11490978157645,6.246579297245965,11.11490978157645,1.0,2024
8928308dc5bffff,56.0,6.36,,56.2,lace,32.99461855017411,18.54297562519785,32.99461855017411,1.0,2024
8928308dc63ffff,461.0,19.97,59381.0,56.2,lace,211.44716251285314,118.83330533222346,211.44716251285314,1.0,2024
8928308dc67ffff,189.0,20.38,59803.18265316657,55.88,lace,86.18879914788239,48.15976949143275,86.18879914788239,1.0,2024
8928308dc6bffff,188.0,24.4,63929.0,52.5,lace,80.67836770333507,42.35614304425091,80.67836770333507,1.0,2024
8928308dc6fffff,93.0,21.74,82560.29168481742,53.04,lace,31.293626060576536,16.59856517859116,31.293626060576536,1.0,2024
8928308dc73ffff,0.0,0.0,,65.02,income-model,0.0,0.0,0.0,,2024
8928308dc77ffff,943.0,19.97,59381.0,56.2,lace,432.91399402634283,243.2976646428047,432.91399402634283,1.0,2024
8928308dc7bffff,627.0,7.15,84769.0,56.2,lace,243.22692940478774,136.6935343254907,243.22692940478774,1.0,2024
8928308dc83ffff,921.0,12.43,63882.99391734917,51.7,lace,399.47943422482285,206.53086749423343,399.47943422482285,1.0,2024
8928308dc87ffff,214.0,10.65,53652.24805184601,51.7,lace,99.1941092404989,51.28335447733793,99.1941092404989,1.0,2024
8928308dc8bffff,504.0,20.2,108661.0,51.7,lace,153.99914632983993,79.61755865252725,153.99914632983993,1.0,2024
8928308dc8fffff,105.0,23.78,113345.53701026266,54.89,lace,40.70552516059041,22.345184728003716,40.70552516059041,1.0,2024
8928308dc93ffff,696.0,9.54,46680.0,51.7,lace,327.6476975825412,169.39385965017382,327.6476975825412,1.0,2024
8928308dc97ffff,14.0,9.44,46680.00000000001,51.7,lace,6.5551121273664625,3.3889929698484615,6.5551121273664625,1.0,2024
8928308dc9bffff,322.0,16.5,98600.65981217292,51.7,lace,97.37621054111145,50.34350084975462,97.37621054111145,1.0,2024
8928308dca3ffff,0.0,0.0,,65.02,income-model,0.0,0.0,0.0,,2024
8928308dca7ffff,54.0,17.3,78500.0,49.3,lace,22.173722188160944,10.931645038763344,22.173722188160944,1.0,2024
8928308dcabffff,806.0,1.88,119257.00000000001,68.2,lace,331.88329935125114,226.34441015755328,331.88329935125114,1.0,2024
8928308dcafffff,131.0,11.78,123165.0,68.2,lace,46.72483714799888,31.86633893493524,46.72483714799888,1.0,2024
8928308dcb3ffff,241.0,9.48,110341.0,49.3,lace,68.20125153615783,33.623217007325806,68.20125153615783,1.0,2024
8928308dcb7ffff,547.0,10.63,105662.66953526397,49.3,lace,164.80645148616412,81.2495805826789,164.80645148616412,1.0,2024
8928308dcbbffff,0.0,0.0,,65.02,income-model,0.0,0.0,0.0,,2024
8928308dcc3ffff,548.0,15.92,128857.88254676592,52.63,lace,169.61125583801038,89.27476333570051,169.61125583801038,1.0,2024
8928308dcc7ffff,420.0,25.09,115054.6600441937,55.75,lace,175.76373564214728,97.98187480092793,175.76373564214728,1.0,2024
8928308dccbffff,241.0,7.1,131069.0,55.98,lace,134.77565764250105,75.44673579889384,134.77565764250105,1.0,2024
8928308dccfffff,95.0,18.81,116078.0,56.2,lace,46.72822932053053,26.261264878138157,46.72822932053053,1.0,2024
8928308dcd3ffff,516.0,14.17,131069.0,51.7,lace,148.02184980500033,76.52729634918516,148.02184980500033,1.0,2024
8928308dcd7ffff,206.0,16.21,117544.98752252091,51.7,lace,57.55756451004059,29.75726085169099,57.55756451004059,1.0,2024
8928308dcdbffff,308.0,14.2,131069.0,51.7,lace,88.72438253857024,45.87050577244082,88.72438253857024,1.0,2024
8928308dd03ffff,0.0,0.0,,65.02,income-model,0.0,0.0,0.0,,2024
8928308dd07ffff,0.0,0.0,,65.02,income-model,0.0,0.0,0.0,,2024
8928308dd0bffff,0.0,0.0,,65.02,income-model,0.0,0.0,0.0,,2024
8928308dd0fffff,0.0,0.0,,65.02,income-model,0.0,0.0,0.0,,2024
8928308dd13ffff,109.0,12.62,86250.0,68.2,lace,30.602421002986954,20.870851124037102,30.602421002986954,1.0,2024
8928308dd17ffff,0.0,0.0,,65.02,income-model,0.0,0.0,0.0,,2024
8928308dd1bffff,0.0,0.0,,65.02,income-model,0.0,0.0,0.0,,2024
8928308dd23ffff,0.0,0.0,,65.02,income-model,0.0,0.0,0.0,,2024
8928308dd27ffff,0.0,0.0,,65.02,income-model,0.0,0.0,0.0,,2024
8928308dd2bffff,0.0,0.0,,65.02,income-model,0.0,0.0,0.0,,2024
8928308dd2fffff,0.0,0.0,,65.02,income-model,0.0,0.0,0.0,,2024
8928308dd33ffff,0.0,0.0,,65.02,income-model,0.0,0.0,0.0,,2024
8928308dd37ffff,0.0,0.0,,65.02,income-model,,,,,2024
8928308dd3bffff,0.0,0.0,,65.02,income-model,0.0,0.0,0.0,,2024
8928308dd43ffff,51.0,11.78,123165.0,68.2,lace,18.24829544014397,12.445337490178188,18.24829544014397,1.0,2024
8928308dd47ffff,13.0,11.78,123165.0,68.2,lace,4.735355993207108,3.2295127873672476,4.735355993207108,1.0,2024
8928308dd4bffff,0.0,0.0,,65.02,income-model,0.0,0.0,0.0,,2024
8928308dd4fffff,8.0,12.62,86250.0,68.2,lace,2.1155254115480493,1.4427883306757696,2.1155254115480493,1.0,2024
8928308dd53ffff,0.0,0.0,,65.02,income-model,0.0,0.0,0.0,,2024
8928308dd57ffff,0.0,0.0,,65.02,income-model,0.0,0.0,0.0,,2024
8928308dd5bffff,15.0,11.78,123165.0,68.2,lace,5.278204445796264,3.599735432033052,5.278204445796264,1.0,2024
8928308dd63ffff,0.0,0.0,,65.02,income-model,0.0,0.0,0.0,,2024
8928308dd67ffff,0.0,0.0,,65.02,income-model,0.0,0.0,0.0,,2024
8928308dd6bffff,0.0,0.0,,65.02,income-model,0.0,0.0,0.0,,2024
8928308dd6fffff,0.0,0.0,,65.02,income-model,0.0,0.0,0.0,,2024
8928308dd73ffff,475.0,1.26,,65.02,income-model,0.0,0.0,0.0,,2024
8928308dd77ffff,0.0,0.0,,65.02,income-model,0.0,0.0,0.0,,2024
8928308dd7bffff,0.0,0.0,,65.02,income-model,0.0,0.0,0.0,,2024
8928308dd83ffff,0.0,0.0,,65.02,income-model,0.0,0.0,0.0,,2024
8928308dd87ffff,0.0,0.0,,65.02,income-model,0.0,0.0,0.0,,2024
8928308dd8bffff,335.0,12.62,86250.0,68.2,lace,94.12891054865587,64.1959169941833,94.12891054865587,1.0,2024
8928308dd8fffff,0.0,0.0,,65.02,income-model,0.0,0.0,0.0,,2024
8928308dd93ffff,0.0,0.0,,65.02,income-model,0.0,0.0,0.0,,2024
8928308dd97ffff,0.0,0.0,,65.02,income-model,0.0,0.0,0.0,,2024
8928308dd9bffff,59.0,12.62,86250.0,68.2,lace,16.594875019650996,11.31770476340198,16.594875019650996,1.0,2024
8928308dda3ffff,0.0,0.0,,65.02,income-model,,,,,2024
8928308dda7ffff,0.0,0.0,,65.02,income-model,,,,,2024
8928308ddabffff,0.0,0.0,,65.02,income-model,0.0,0.0,0.0,,2024
8928308ddafffff,0.0,0.0,,65.02,income-model,,,,,2024
8928308ddb3ffff,0.0,0.0,,65.02,income-model,,,,,2024
8928308ddb7ffff,0.0,0.0,,65.02,income-model,,,,,2024
8928308ddbbffff,0.0,0.0,,65.02,income-model,0.0,0.0,0.0,,2024
8928308ddc3ffff,324.0,11.78,123165.0,68.2,lace,115.89661115757991,79.0414888094695,115.89661115757991,1.0,2024
8928308ddc7ffff,394.0,12.62,86250.0,68.2,lace,110.71502683764906,75.50764830327667,110.71502683764906,1.0,2024
8928308ddcbffff,0.0,0.0,,65.02,income-model,0.0,0.0,0.0,,2024
8928308ddcfffff,0.0,0.0,,65.02,income-model,0.0,0.0,0.0,,2024
8928308ddd3ffff,176.0,12.01,121273.88475122687,67.29,lace,63.475313722580275,42.711309590713036,63.475313722580275,1.0,2024
8928308ddd7ffff,333.0,12.62,86250.0,68.2,lace,93.54499517146898,63.797686706941846,93.54499517146898,1.0,2024
8928308dddbffff,1666.0,11.78,123165.0,68.2,lace,595.704103616962,406.2701986667681,595.704103616962,1.0,2024
8928308de03ffff,319.0,22.66,80711.26393414053,52.8,lace,128.97005227721405,68.09290375188172,128.97005227721405,1.0,2024
8928308de07ffff,387.0,10.15,141667.0,52.5,lace,124.67725921955524,65.4555610902665,124.67725921955524,1.0,2024
8928308de0bffff,119.0,23.83,108425.1000334554,54.39,lace,42.63213323629186,23.189738440789974,42.63213323629186,1.0,2024
8928308de0fffff,450.0,22.35,140760.65602410416,55.99,lace,139.80760496495608,78.27133988600421,139.80760496495608,1.0,2024
8928308de13ffff,94.0,16.87,77671.75120950115,55.07,lace,39.87812106526759,21.96189070784789,39.87812106526759,1.0,2024
8928308de17ffff,295.0,17.84,99736.97878153526,52.5,lace,112.16734921896165,58.887858339954875,112.16734921896165,1.0,2024
8928308de1bffff,131.0,21.02,70091.4334031685,53.65,lace,56.04131864168158,30.06498014665554,56.04131864168158,1.0,2024
8928308de23ffff,267.0,23.02,140711.4981581199,56.18,lace,82.7011452259059,46.46285698213233,82.7011452259059,1.0,2024
8928308de27ffff,471.0,25.82,82737.76578564978,53.45,lace,156.10601774768074,83.43977806684353,156.10601774768074,1.0,2024
8928308de2bffff,257.0,23.41,140682.0,56.3,lace,79.57319633578474,44.79970953704681,79.57319633578474,1.0,2024
8928308de2fffff,300.0,25.84,99209.53272696857,54.03,lace,97.939823136839,52.91926490648636,97.939823136839,1.0,2024
8928308de33ffff,375.0,16.01,139779.77302070925,54.13,lace,118.75151537524522,64.2858656747519,118.75151537524522,1.0,2024
8928308de37ffff,447.0,10.16,140416.56264175332,52.5,lace,144.260617992804,75.73682444622209,144.260617992804,1.0,2024
8928308de3bffff,243.0,20.54,140895.60818052833,55.45,lace,75.9164666542033,42.09526703622156,75.9164666542033,1.0,2024
8928308de43ffff,0.0,0.0,,65.02,income-model,0.0,0.0,0.0,,2024
8928308de47ffff,120.0,23.41,140682.0,56.3,lace,37.003084790691666,20.832736737159408,37.003084790691666,1.0,2024
8928308de4bffff,13.0,18.35,95714.0,54.3,lace,5.209968025614216,2.829012637908519,5.209968025614216,1.0,2024
8928308de4fffff,859.0,19.77,97169.3532764491,54.3,lace,353.3487964841021,191.86839649086744,353.3487964841021,1.0,2024
8928308de53ffff,91.0,32.43,101786.0,61.6,lace,34.330673656120084,21.14769497216997,34.330673656120084,1.0,2024
8928308de57ffff,74.0,18.91,92776.96875717858,54.12,lace,29.716119739543807,16.082705983561414,29.716119739543807,1.0,2024
8928308de5bffff,0.0,0.0,,65.02,income-model,0.0,0.0,0.0,,2024
8928308de63ffff,532.0,22.88,89263.15422981362,56.3,lace,169.3923234431789,95.3678780985097,169.3923234431789,1.0,2024
8928308de67ffff,288.0,22.93,94617.38249677111,56.3,lace,91.26584907988999,51.38267303197806,91.26584907988999,1.0,2024
8928308de6bffff,73.0,22.93,144957.0,56.3,lace,22.36141789298963,12.589478273753159,22.36141789298963,1.0,2024
8928308de6fffff,112.0,22.93,144957.0,56.3,lace,34.33936747357047,19.333063887620174,34.33936747357047,1.0,2024
8928308de73ffff,322.0,23.41,140682.0,56.3,lace,99.73006322061529,56.148025593206405,99.73006322061529,1.0,2024
8928308de77ffff,436.0,23.15,115878.26311053488,56.3,lace,136.8881347359283,77.06801985632762,136.8881347359283,1.0,2024
8928308de7bffff,407.0,23.08,108996.76482714782,56.3,lace,128.2386429648554,72.19835598921358,128.2386429648554,1.0,2024
8928308de83ffff,8.0,9.6,90938.0,57.6,lace,3.3869424432996125,1.950878847340577,3.3869424432996125,1.0,2024
8928308de87ffff,51.0,24.4,63929.0,52.5,lace,21.7242296726429,11.405220578137522,21.7242296726429,1.0,2024
8928308de8bffff,89.0,9.6,90938.0,57.6,lace,37.51371140525436,21.607897769426515,37.51371140525436,1.0,2024
8928308de8fffff,28.0,16.69,77998.2753912058,55.13,lace,11.817147520927433,6.515291528592018,11.817147520927433,1.0,2024
8928308de93ffff,0.0,0.0,,65.02,income-model,0.0,0.0,0.0,,2024
8928308de97ffff,0.0,0.0,,65.02,income-model,0.0,0.0,0.0,,2024
8928308de9bffff,43.0,9.6,90938.0,57.6,lace,17.9537244406232,10.341345277798965,17.9537244406232,1.0,2024
8928308dea3ffff,365.0,14.14,82187.24292808317,52.5,lace,132.40463265960346,69.51243214629183,132.40463265960346,1.0,2024
8928308dea7ffff,196.0,12.09,85843.302979377,52.5,lace,68.67732345132349,36.05559481194483,68.67732345132349,1.0,2024
8928308deabffff,353.0,10.22,130446.75441748141,52.5,lace,114.89652663317729,60.32067648241808,114.89652663317729,1.0,2024
8928308deafffff,451.0,10.45,89042.20690622277,52.5,lace,152.86619400706397,80.25475185370858,152.86619400706397,1.0,2024
8928308deb3ffff,289.0,24.4,63928.99999999999,52.5,lace,123.8397054995419,65.0158453872595,123.8397054995419,1.0,2024
8928308deb7ffff,259.0,24.4,63929.0,52.5,lace,111.15450820596176,58.356116808129926,111.15450820596176,1.0,2024
8928308debbffff,252.0,21.19,81397.5406276905,52.5,lace,102.06275553308176,53.582946654867925,102.06275553308176,1.0,2024
8928308dec3ffff,53.0,9.6,90938.0,57.6,lace,22.536349958051073,12.980937575837418,22.536349958051073,1.0,2024
8928308dec7ffff,69.0,9.6,90938.0,57.6,lace,28.95509038086852,16.678132059380268,28.95509038086852,1.0,2024
8928308decbffff,231.0,32.43,101786.0,61.6,lace,86.75214482908231,53.43932121471471,86.75214482908231,1.0,2024
8928308decfffff,89.0,18.13,94991.93177212942,58.99,lace,35.85472880757335,21.15019349572416,35.85472880757335,1.0,2024
8928308ded3ffff,75.0,9.6,90938.0,57.6,lace,31.510508032699363,18.150052626834835,31.510508032699363,1.0,2024
8928308ded7ffff,178.0,9.6,90938.0,57.6,lace,75.15767249329164,43.29081935613599,75.15767249329164,1.0,2024
8928308dedbffff,57.0,32.43,101785.99999999999,61.6,lace,21.25478519020407,13.092947677165707,21.25478519020407,1.0,2024
8928308e003ffff,0.0,0.0,,65.02,income-model,,,,,2024
8928308e007ffff,0.0,0.0,,65.02,income-model,,,,,2024
8928308e00bffff,0.0,0.0,,65.02,income-model,,,,,2024
8928308e00fffff,0.0,0.0,,65.02,income-model,,,,,2024
8928308e013ffff,0.0,0.0,,65.02,income-model,,,,,2024
8928308e017ffff,0.0,0.0,,65.02,income-model,,,,,2024
8928308e01bffff,0.0,0.0,,65.02,income-model,,,,,2024
8928308e023ffff,0.0,0.0,,65.02,income-model,,,,,2024
8928308e027ffff,0.0,0.0,,65.02,income-model,,,,,2024
8928308e02bffff,0.0,0.0,,65.02,income-model,,,,,2024
8928308e02fffff,0.0,0.0,,65.02,income-model,,,,,2024
8928308e033ffff,0.0,0.0,,65.02,income-model,,,,,2024
8928308e037ffff,0.0,0.0,,65.02,income-model,,,,,2024
8928308e03bffff,0.0,0.0,,65.02,income-model,,,,,2024
8928308e043ffff,0.0,0.0,,65.02,income-model,,,,,2024
8928308e047ffff,0.0,0.0,,65.02,income-model,,,,,2024
8928308e04bffff,0.0,0.0,,65.02,income-model,,,,,2024
8928308e04fffff,0.0,0.0,,65.02,income-model,,,,,2024
8928308e053ffff,0.0,0.0,,65.02,income-model,,,,,2024
8928308e057ffff,0.0,0.0,,65.02,income-model,,,,,2024
8928308e05bffff,0.0,0.0,,65.02,income-model,,,,,2024
8928308e063ffff,0.0,0.0,,65.02,income-model,,,,,2024
8928308e067ffff,0.0,0.0,,65.02,income-model,,,,,2024
8928308e06bffff,0.0,0.0,,65.02,income-model,,,,,2024
8928308e06fffff,0.0,0.0,,65.02,income-model,,,,,2024
8928308e073ffff,0.0,0.0,,65.02,income-model,,,,,2024
8928308e077ffff,0.0,0.0,,65.02,income-model,,,,,2024
8928308e07bffff,0.0,0.0,,65.02,income-model,,,,,2024
8928308e0c7ffff,0.0,0.0,,65.02,income-model,,,,,2024
8928308e0cbffff,0.0,0.0,,65.02,income-model,,,,,2024
8928308e0cfffff,0.0,0.0,,65.02,income-model,,,,,2024
8928308e10bffff,0.0,0.0,,65.02,income-model,,,,,2024
8928308e12bffff,0.0,0.0,,65.02,income-model,,,,,2024
8928308e143ffff,0.0,0.0,,65.02,income-model,,,,,2024
8928308e147ffff,0.0,0.0,,65.02,income-model,,,,,2024
8928308e14bffff,0.0,0.0,,65.02,income-model,,,,,2024
8928308e14fffff,0.0,0.0,,65.02,income-model,,,,,2024
8928308e153ffff,0.0,0.0,,65.02,income-model,,,,,2024
8928308e157ffff,0.0,0.0,,65.02,income-model,,,,,2024
8928308e15bffff,0.0,0.0,,65.02,income-model,,,,,2024
8928308e163ffff,0.0,0.0,,65.02,income-model,,,,,2024
8928308e167ffff,0.0,0.0,,65.02,income-model,,,,,2024
8928308e16bffff,0.0,0.0,,65.02,income-model,,,,,2024
8928308e16fffff,0.0,0.0,,65.02,income-model,,,,,2024
8928308e173ffff,0.0,0.0,,65.02,income-model,,,,,2024
8928308e177ffff,0.0,0.0,,65.02,income-model,,,,,2024
8928308e17bffff,0.0,0.0,,65.02,income-model,,,,,2024
8928308e203ffff,0.0,0.0,,65.02,income-model,,,,,2024
8928308e207ffff,0.0,0.0,,65.02,income-model,,,,,2024
8928308e20bffff,0.0,0.0,,65.02,income-model,,,,,2024
8928308e20fffff,0.0,0.0,,65.02,income-model,,,,,2024
8928308e213ffff,0.0,0.0,,65.02,income-model,,,,,2024
8928308e217ffff,0.0,0.0,,65.02,income-model,,,,,2024
8928308e21bffff,0.0,0.0,,65.02,income-model,,,,,2024
8928308e223ffff,0.0,0.0,,65.02,income-model,,,,,2024
8928308e227ffff,1.0,24.24,160962.0,47.3,lace,0.5793605438284742,0.2740375372308683,0.5793605438284742,1.0,2024
8928308e22bffff,8.0,16.73,114291.0,61.2,lace,3.616530700282798,2.2133167885730725,3.616530700282798,1.0,2024
8928308e22fffff,0.0,0.0,,65.02,income-model,0.0,0.0,0.0,,2024
8928308e233ffff,0.0,0.0,,65.02,income-model,,,,,2024
8928308e237ffff,0.0,0.0,,65.02,income-model,0.0,0.0,0.0,,2024
8928308e23bffff,0.0,0.0,,65.02,income-model,,,,,2024
8928308e243ffff,0.0,0.0,,65.02,income-model,,,,,2024
8928308e247ffff,0.0,0.0,,65.02,income-model,,,,,2024
8928308e24bffff,0.0,0.0,,65.02,income-model,,,,,2024
8928308e24fffff,82.0,19.74,139924.7690761954,65.3,lace,48.54418759762841,31.699354501251346,48.54418759762841,1.0,2024
8928308e253ffff,0.0,0.0,,65.02,income-model,,,,,2024
8928308e257ffff,0.0,0.0,,65.02,income-model,,,,,2024
8928308e25bffff,0.0,0.0,,65.02,income-model,,,,,2024
8928308e263ffff,64.0,18.95,137083.0,65.3,lace,37.90203612547685,24.75002958993638,37.90203612547685,1.0,2024
8928308e267ffff,0.0,0.0,,65.02,income-model,0.0,0.0,0.0,,2024
8928308e26bffff,236.0,18.95,137083.0,65.3,lace,138.90372770427604,90.70413419089226,138.90372770427604,1.0,2024
8928308e26fffff,10.0,18.95,137083.0,65.3,lace,5.873536984343472,3.8354196507762874,5.873536984343472,1.0,2024
8928308e273ffff,65.0,18.95,137083.0,65.3,lace,38.05741213828946,24.851490126303016,38.05741213828946,1.0,2024
8928308e277ffff,0.0,0.0,,65.02,income-model,0.0,0.0,0.0,,2024
8928308e27bffff,287.0,18.95,137083.0,65.3,lace,169.04262793958935,110.38483604455185,169.04262793958935,1.0,2024
8928308e283ffff,0.0,0.0,,65.02,income-model,,,,,2024
8928308e287ffff,0.0,0.0,,65.02,income-model,,,,,2024
8928308e28bffff,0.0,0.0,,65.02,income-model,,,,,2024
8928308e28fffff,0.0,0.0,,65.02,income-model,,,,,2024
8928308e293ffff,0.0,0.0,,65.02,income-model,,,,,2024
8928308e297ffff,0.0,0.0,,65.02,income-model,,,,,2024
8928308e29bffff,0.0,0.0,,65.02,income-model,,,,,2024
8928308e2a3ffff,0.0,0.0,,65.02,income-model,,,,,2024
8928308e2a7ffff,0.0,0.0,,65.02,income-model,,,,,2024
8928308e2abffff,0.0,0.0,,65.02,income-model,,,,,2024
8928308e2afffff,0.0,0.0,,65.02,income-model,,,,,2024
8928308e2b3ffff,0.0,0.0,,65.02,income-model,,,,,2024
8928308e2b7ffff,0.0,0.0,,65.02,income-model,,,,,2024
8928308e2bbffff,0.0,0.0,,65.02,income-model,,,,,2024
8928308e2c3ffff,0.0,0.0,,65.02,income-model,,,,,2024
8928308e2c7ffff,0.0,0.0,,65.02,income-model,,,,,2024
8928308e2cbffff,0.0,0.0,,65.02,income-model,,,,,2024
8928308e2cfffff,0.0,0.0,,65.02,income-model,,,,,2024
8928308e2d3ffff,0.0,0.0,,65.02,income-model,,,,,2024
8928308e2d7ffff,0.0,0.0,,65.02,income-model,,,,,2024
8928308e2dbffff,0.0,0.0,,65.02,income-model,,,,,2024
8928308e303ffff,138.0,24.24,160962.0,47.3,lace,66.85156950105812,31.620792374000487,66.85156950105812,1.0,2024
8928308e307ffff,132.0,24.24,160962.0,47.3,lace,63.839614375688974,30.196137599700883,63.839614375688974,1.0,2024
8928308e30bffff,4.0,24.24,160962.0,47.3,lace,1.9659874354759195,0.9299120569801098,1.9659874354759195,1.0,2024
8928308e30fffff,31.0,24.24,160962.0,47.3,lace,15.198518282959254,7.188899147839727,15.198518282959254,1.0,2024
8928308e313ffff,24.0,24.24,160962.0,47.3,lace,11.434474004421467,5.408506204091354,11.434474004421467,1.0,2024
8928308e317ffff,103.0,24.24,160962.0,47.3,lace,49.638283943874114,23.478908305452457,49.638283943874114,1.0,2024
8928308e31bffff,157.0,24.24,160962.0,47.3,lace,75.78307800902256,35.84539589826767,75.78307800902256,1.0,2024
8928308e323ffff,2.0,24.24,160962.0,47.3,lace,0.951206855602443,0.4499208426999555,0.951206855602443,1.0,2024
8928308e327ffff,0.0,0.0,,65.02,income-model,0.0,0.0,0.0,,2024
8928308e32bffff,0.0,0.0,,65.02,income-model,0.0,0.0,0.0,,2024
8928308e32fffff,33.0,24.24,160962.0,47.3,lace,15.864642966201657,7.503976123013383,15.864642966201657,1.0,2024
8928308e333ffff,14.0,24.24,160961.99999999997,47.3,lace,6.802788331744416,3.217718880915109,6.802788331744416,1.0,2024
8928308e337ffff,0.0,0.0,,65.02,income-model,0.0,0.0,0.0,,2024
8928308e33bffff,0.0,0.0,,65.02,income-model,0.0,0.0,0.0,,2024
8928308e343ffff,71.0,24.24,160962.0,47.3,lace,34.45855789387548,16.2988978838031,34.45855789387548,1.0,2024
8928308e347ffff,21.0,24.24,160962.0,47.3,lace,10.07983389228146,4.767761431049131,10.07983389228146,1.0,2024
8928308e34bffff,2.0,16.73,114291.0,61.2,lace,0.6551469107990222,0.4009499094090016,0.6551469107990222,1.0,2024
8928308e34fffff,66.0,24.24,160962.0,47.3,lace,31.878424291856742,15.078494690048238,31.878424291856742,1.0,2024
8928308e353ffff,7.0,24.24,160962.0,47.3,lace,3.608108728439028,1.70663542855166,3.608108728439028,1.0,2024
8928308e357ffff,43.0,24.24,160962.0,47.3,lace,20.838587179608297,9.856651735954724,20.838587179608297,1.0,2024
8928308e35bffff,2.0,24.24,160962.0,47.3,lace,0.9672002453561622,0.4574857160534647,0.9672002453561622,1.0,2024
8928308e363ffff,86.0,24.24,160962.0,47.3,lace,41.61320080020171,19.683043978495405,41.61320080020171,1.0,2024
8928308e367ffff,65.0,24.24,160962.0,47.3,lace,31.459397480309303,14.8802950081863,31.459397480309303,1.0,2024
8928308e36bffff,37.0,24.24,160962.0,47.3,lace,18.046541163352785,8.536013970265866,18.046541163352785,1.0,2024
8928308e36fffff,17.0,24.24,160962.0,47.3,lace,8.44291045098831,3.9934966433174703,8.44291045098831,1.0,2024
8928308e373ffff,2.0,24.24,160962.0,47.3,lace,0.7764790725430619,0.36727460131286827,0.7764790725430619,1.0,2024
8928308e377ffff,32.0,24.24,160962.0,47.3,lace,15.720302623674339,7.435703140997962,15.720302623674339,1.0,2024
8928308e37bffff,67.0,24.24,160962.0,47.3,lace,32.34263242945844,15.298065139133842,32.34263242945844,1.0,2024
8928308e383ffff,0.0,0.0,,65.02,income-model,,,,,2024
8928308e387ffff,0.0,0.0,,65.02,income-model,,,,,2024
8928308e38bffff,0.0,0.0,,65.02,income-model,,,,,2024
8928308e38fffff,2.0,24.24,160962.0,47.3,lace,1.13073265558794,0.5348365460930956,1.13073265558794,1.0,2024
8928308e393ffff,0.0,0.0,,65.02,income-model,,,,,2024
8928308e397ffff,0.0,0.0,,65.02,income-model,,,,,2024
8928308e39bffff,0.0,0.0,,65.02,income-model,,,,,2024
8928308e3a3ffff,1.0,24.24,160962.0,47.3,lace,0.5597686413801684,0.2647705673728196,0.5597686413801684,1.0,2024
8928308e3a7ffff,0.0,0.0,,65.02,income-model,0.0,0.0,0.0,,2024
8928308e3abffff,12.0,24.24,160962.0,47.3,lace,5.664458816023461,2.679289019979097,5.664458816023461,1.0,2024
8928308e3afffff,0.0,0.0,,65.02,income-model,0.0,0.0,0.0,,2024
8928308e3b3ffff,0.0,0.0,,65.02,income-model,,,,,2024
8928308e3b7ffff,0.0,0.0,,65.02,income-model,,,,,2024
8928308e3bbffff,0.0,0.0,,65.02,income-model,0.0,0.0,0.0,,2024
8928308e3c3ffff,0.0,0.0,,65.02,income-model,0.0,0.0,0.0,,2024
8928308e3c7ffff,7.0,24.24,160962.0,47.3,lace,3.5777212879069613,1.6922621691799926,3.5777212879069613,1.0,2024
8928308e3cbffff,70.0,24.24,160962.0,47.3,lace,34.043529429766465,16.102589420279536,34.043529429766465,1.0,2024
8928308e3cfffff,0.0,0.0,,65.02,income-model,0.0,0.0,0.0,,2024
8928308e3d3ffff,0.0,0.0,,65.02,income-model,,,,,2024
8928308e3d7ffff,0.0,0.0,,65.02,income-model,,,,,2024
8928308e3dbffff,0.0,0.0,,65.02,income-model,0.0,0.0,0.0,,2024
8928308e627ffff,0.0,0.0,,65.02,income-model,,,,,2024
8928308e62bffff,0.0,0.0,,65.02,income-model,,,,,2024
8928308e62fffff,0.0,0.0,,65.02,income-model,,,,,2024
8928308e667ffff,0.0,0.0,,65.02,income-model,,,,,2024
8928308e66bffff,0.0,0.0,,65.02,income-model,,,,,2024
8928308e66fffff,0.0,0.0,,65.02,income-model,,,,,2024
8928308e803ffff,0.0,0.0,,65.02,income-model,,,,,2024
8928308e807ffff,0.0,0.0,,65.02,income-model,,,,,2024
8928308e80bffff,0.0,0.0,,65.02,income-model,,,,,2024
8928308e80fffff,0.0,0.0,,65.02,income-model,,,,,2024
8928308e813ffff,0.0,0.0,,65.02,income-model,,,,,2024
8928308e817ffff,0.0,0.0,,65.02,income-model,,,,,2024
8928308e81bffff,0.0,0.0,,65.02,income-model,,,,,2024
8928308e823ffff,0.0,0.0,,65.02,income-model,,,,,2024
8928308e82bffff,0.0,0.0,,65.02,income-model,,,,,2024
8928308e82fffff,0.0,0.0,,65.02,income-model,,,,,2024
8928308e833ffff,0.0,0.0,,65.02,income-model,,,,,2024
8928308e83bffff,0.0,0.0,,65.02,income-model,,,,,2024
8928308e843ffff,0.0,0.0,,65.02,income-model,,,,,2024
8928308e847ffff,0.0,0.0,,65.02,income-model,,,,,2024
8928308e84bffff,0.0,0.0,,65.02,income-model,,,,,2024
8928308e84fffff,0.0,0.0,,65.02,income-model,,,,,2024
8928308e853ffff,0.0,0.0,,65.02,income-model,,,,,2024
8928308e857ffff,0.0,0.0,,65.02,income-model,,,,,2024
8928308e85bffff,0.0,0.0,,65.02,income-model,,,,,2024
8928308e863ffff,0.0,0.0,,65.02,income-model,,,,,2024
8928308e867ffff,0.0,0.0,,65.02,income-model,,,,,2024
8928308e86bffff,0.0,0.0,,65.02,income-model,,,,,2024
8928308e86fffff,0.0,0.0,,65.02,income-model,,,,,2024
8928308e873ffff,0.0,0.0,,65.02,income-model,,,,,2024
8928308e877ffff,0.0,0.0,,65.02,income-model,,,,,2024
8928308e87bffff,0.0,0.0,,65.02,income-model,,,,,2024
8928308e88bffff,0.0,0.0,,65.02,income-model,,,,,2024
8928308e8c3ffff,0.0,0.0,,65.02,income-model,,,,,2024
8928308e8c7ffff,0.0,0.0,,65.02,income-model,,,,,2024
8928308e8cbffff,0.0,0.0,,65.02,income-model,,,,,2024
8928308e8cfffff,0.0,0.0,,65.02,income-model,,,,,2024
8928308e8d3ffff,0.0,0.0,,65.02,income-model,,,,,2024
8928308e8d7ffff,0.0,0.0,,65.02,income-model,,,,,2024
8928308e8dbffff,0.0,0.0,,65.02,income-model,,,,,2024
8928308e94bffff,0.0,0.0,,65.02,income-model,,,,,2024
8928308ea03ffff,14.0,31.75,129167.0,47.3,lace,6.558847270379594,3.102334758889548,6.558847270379594,1.0,2024
8928308ea07ffff,0.0,0.0,,65.02,income-model,0.0,0.0,0.0,,2024
8928308ea0bffff,25.0,31.75,129167.0,47.3,lace,11.668778269327886,5.51933212139209,11.668778269327886,1.0,2024
8928308ea0fffff,33.0,31.75,129166.99999999999,47.3,lace,15.203862800561387,7.191427104665536,15.203862800561387,1.0,2024
8928308ea13ffff,19.0,31.75,129167.0,47.3,lace,8.952137297626823,4.234360941777487,8.952137297626823,1.0,2024
8928308ea17ffff,0.0,0.0,,65.02,income-model,0.0,0.0,0.0,,2024
8928308ea1bffff,50.0,31.75,129167.0,47.3,lace,23.394461374496757,11.065580230136966,23.394461374496757,1.0,2024
8928308ea23ffff,0.0,0.0,,65.02,income-model,0.0,0.0,0.0,,2024
8928308ea27ffff,4.0,31.75,129167.00000000001,47.3,lace,1.9446251843710103,0.9198077122074878,1.9446251843710103,1.0,2024
8928308ea2bffff,0.0,0.0,,65.02,income-model,0.0,0.0,0.0,,2024
8928308ea2fffff,0.0,0.0,,65.02,income-model,0.0,0.0,0.0,,2024
8928308ea33ffff,4.0,31.75,129167.0,47.3,lace,1.77329437898696,0.838768241260832,1.77329437898696,1.0,2024
8928308ea37ffff,0.0,0.0,,65.02,income-model,0.0,0.0,0.0,,2024
8928308ea3bffff,3.0,31.75,129167.0,47.3,lace,1.1834973259202823,0.5597942351602935,1.1834973259202823,1.0,2024
8928308ea43ffff,38.0,31.75,129167.0,47.3,lace,17.43136870317441,8.245037396601496,17.43136870317441,1.0,2024
8928308ea47ffff,8.0,31.75,129167.0,47.3,lace,3.635746515212143,1.7197081016953435,3.635746515212143,1.0,2024
8928308ea4bffff,0.0,31.75,129167.00000000001,47.3,lace,0.07416117595160943,0.035078236225111255,0.07416117595160943,1.0,2024
8928308ea4fffff,1.0,31.75,129167.0,47.3,lace,0.46037450223699916,0.21775713955810058,0.46037450223699916,1.0,2024
8928308ea53ffff,42.0,31.75,129167.0,47.3,lace,19.355450625508965,9.15512814586574,19.355450625508965,1.0,2024
8928308ea57ffff,7.0,31.75,129167.0,47.3,lace,3.2031054167243607,1.5150688621106223,3.2031054167243607,1.0,2024
8928308ea5bffff,15.0,31.75,129167.0,47.3,lace,6.9684799153865455,3.2960909999778356,6.9684799153865455,1.0,2024
8928308ea63ffff,0.0,0.0,,65.02,income-model,0.0,0.0,0.0,,2024
8928308ea67ffff,0.0,0.0,,65.02,income-model,0.0,0.0,0.0,,2024
8928308ea6bffff,0.0,0.0,,65.02,income-model,0.0,0.0,0.0,,2024
8928308ea6fffff,0.0,0.0,,65.02,income-model,0.0,0.0,0.0,,2024
8928308ea73ffff,8.0,31.75,129167.0,47.3,lace,3.824949958567911,1.8092013304026218,3.824949958567911,1.0,2024
8928308ea77ffff,35.0,31.75,129167.00000000001,47.3,lace,16.32449774465011,7.721487433219502,16.32449774465011,1.0,2024
8928308ea7bffff,0.0,0.0,,65.02,income-model,0.0,0.0,0.0,,2024
8928308ea83ffff,17.0,31.75,129167.00000000001,47.3,lace,7.95065327334955,3.7606589982943373,7.95065327334955,1.0,2024
8928308ea87ffff,0.0,0.0,,65.02,income-model,0.0,0.0,0.0,,2024
8928308ea8bffff,40.0,31.75,129167.0,47.3,lace,18.72271815478609,8.85584568721382,18.72271815478609,1.0,2024
8928308ea8fffff,0.0,0.0,,65.02,income-model,0.0,0.0,0.0,,2024
8928308ea93ffff,0.0,0.0,,65.02,income-model,0.0,0.0,0.0,,2024
8928308ea97ffff,0.0,0.0,,65.02,income-model,0.0,0.0,0.0,,2024
8928308ea9bffff,12.0,31.75,129166.99999999999,47.3,lace,5.78662605042918,2.737074121853002,5.78662605042918,1.0,2024
8928308eaa3ffff,0.0,0.0,,65.02,income-model,,,,,2024
8928308eaa7ffff,0.0,0.0,,65.02,income-model,,,,,2024
8928308eaabffff,0.0,0.0,,65.02,income-model,0.0,0.0,0.0,,2024
8928308eaafffff,0.0,0.0,,65.02,income-model,0.0,0.0,0.0,,2024
8928308eab3ffff,0.0,0.0,,65.02,income-model,0.0,0.0,0.0,,2024
8928308eab7ffff,0.0,0.0,,65.02,income-model,,,,,2024
8928308eabbffff,0.0,0.0,,65.02,income-model,0.0,0.0,0.0,,2024
8928308eac3ffff,28.0,31.75,129167.0,47.3,lace,12.919862927348111,6.111095164635657,12.919862927348111,1.0,2024
8928308eac7ffff,46.0,31.75,129167.0,47.3,lace,21.321440802397888,10.0850414995342,21.321440802397888,1.0,2024
8928308eacbffff,5.0,31.75,129167.0,47.3,lace,2.365351190877648,1.1188111132851275,2.365351190877648,1.0,2024
8928308eacfffff,40.0,31.75,129167.0,47.3,lace,18.44579498253465,8.724861026738889,18.44579498253465,1.0,2024
8928308ead3ffff,18.0,31.75,129166.99999999999,47.3,lace,8.193063765379742,3.875319161024618,8.193063765379742,1.0,2024
8928308ead7ffff,48.0,31.75,129166.99999999999,47.3,lace,22.301765266777615,10.54873497118581,22.301765266777615,1.0,2024
8928308eadbffff,51.0,31.75,129167.0,47.3,lace,23.814776515762663,11.264389291955737,23.814776515762663,1.0,2024
8928308eb03ffff,0.0,0.0,,65.02,income-model,,,,,2024
8928308eb07ffff,0.0,0.0,,65.02,income-model,,,,,2024
8928308eb0bffff,0.0,0.0,,65.02,income-model,,,,,2024
8928308eb0fffff,0.0,0.0,,65.02,income-model,,,,,2024
8928308eb13ffff,0.0,0.0,,65.02,income-model,,,,,2024
8928308eb17ffff,0.0,0.0,,65.02,income-model,,,,,2024
8928308eb1bffff,0.0,0.0,,65.02,income-model,,,,,2024
8928308eb23ffff,0.0,0.0,,65.02,income-model,,,,,2024
8928308eb27ffff,0.0,0.0,,65.02,income-model,,,,,2024
8928308eb2bffff,0.0,0.0,,65.02,income-model,,,,,2024
8928308eb2fffff,0.0,0.0,,65.02,income-model,,,,,2024
8928308eb33ffff,0.0,0.0,,65.02,income-model,,,,,2024
8928308eb37ffff,0.0,0.0,,65.02,income-model,,,,,2024
8928308eb3bffff,0.0,0.0,,65.02,income-model,,,,,2024
8928308eb43ffff,4.0,31.75,129167.00000000001,47.3,lace,1.6658531185362901,0.7879485250676652,1.6658531185362901,1.0,2024
8928308eb47ffff,0.0,0.0,,65.02,income-model,0.0,0.0,0.0,,2024
8928308eb4bffff,0.0,0.0,,65.02,income-model,0.0,0.0,0.0,,2024
8928308eb4fffff,0.0,0.0,,65.02,income-model,0.0,0.0,0.0,,2024
8928308eb53ffff,2.0,31.75,129167.0,47.3,lace,0.8032415456254649,0.3799332510808449,0.8032415456254649,1.0,2024
8928308eb57ffff,0.0,0.0,,65.02,income-model,0.0,0.0,0.0,,2024
8928308eb5bffff,8.0,31.75,129167.0,47.3,lace,3.8890449361216564,1.8395182547855433,3.8890449361216564,1.0,2024
8928308eb63ffff,0.0,0.0,,65.02,income-model,0.0,0.0,0.0,,2024
8928308eb67ffff,0.0,0.0,,65.02,income-model,0.0,0.0,0.0,,2024
8928308eb6bffff,0.0,0.0,,65.02,income-model,0.0,0.0,0.0,,2024
8928308eb6fffff,11.0,31.75,129166.99999999999,47.3,lace,5.304681123053902,2.5091141712044953,5.304681123053902,1.0,2024
8928308eb73ffff,0.0,0.0,,65.02,income-model,0.0,0.0,0.0,,2024
8928308eb77ffff,0.0,0.0,,65.02,income-model,,,,,2024
8928308eb7bffff,0.0,0.0,,65.02,income-model,0.0,0.0,0.0,,2024
8928308eb83ffff,0.0,0.0,,65.02,income-model,,,,,2024
8928308eb87ffff,0.0,0.0,,65.02,income-model,,,,,2024
8928308eb8bffff,0.0,0.0,,65.02,income-model,,,,,2024
8928308eb8fffff,0.0,0.0,,65.02,income-model,,,,,2024
8928308eb93ffff,0.0,0.0,,65.02,income-model,,,,,2024
8928308eb97ffff,0.0,0.0,,65.02,income-model,,,,,2024
8928308eb9bffff,0.0,0.0,,65.02,income-model,,,,,2024
8928308eba3ffff,0.0,0.0,,65.02,income-model,,,,,2024
8928308ebabffff,0.0,0.0,,65.02,income-model,,,,,2024
8928308ebafffff,0.0,0.0,,65.02,income-model,,,,,2024
8928308ebb3ffff,0.0,0.0,,65.02,income-model,,,,,2024
8928308ebbbffff,0.0,0.0,,65.02,income-model,,,,,2024
8928308ebc3ffff,0.0,0.0,,65.02,income-model,0.0,0.0,0.0,,2024
8928308ebc7ffff,0.0,0.0,,65.02,income-model,,,,,2024
8928308ebcbffff,0.0,0.0,,65.02,income-model,0.0,0.0,0.0,,2024
8928308ebcfffff,0.0,0.0,,65.02,income-model,0.0,0.0,0.0,,2024
8928308ebd3ffff,0.0,0.0,,65.02,income-model,,,,,2024
8928308ebd7ffff,0.0,0.0,,65.02,income-model,,,,,2024
8928308ebdbffff,0.0,0.0,,65.02,income-model,0.0,0.0,0.0,,2024
8928308ec4bffff,0.0,0.0,,65.02,income-model,,,,,2024
8928308ec6bffff,0.0,0.0,,65.02,income-model,,,,,2024
8928308ee03ffff,0.0,0.0,,65.02,income-model,,,,,2024
8928308ee07ffff,0.0,0.0,,65.02,income-model,,,,,2024
8928308ee0bffff,0.0,0.0,,65.02,income-model,,,,,2024
8928308ee0fffff,0.0,0.0,,65.02,income-model,,,,,2024
8928308ee13ffff,0.0,0.0,,65.02,income-model,,,,,2024
8928308ee17ffff,0.0,0.0,,65.02,income-model,,,,,2024
8928308ee1bffff,0.0,0.0,,65.02,income-model,,,,,2024
8928308ee23ffff,0.0,0.0,,65.02,income-model,,,,,2024
8928308ee27ffff,0.0,0.0,,65.02,income-model,,,,,2024
8928308ee2bffff,0.0,0.0,,65.02,income-model,,,,,2024
8928308ee2fffff,0.0,0.0,,65.02,income-model,,,,,2024
8928308ee33ffff,0.0,0.0,,65.02,income-model,,,,,2024
8928308ee37ffff,0.0,0.0,,65.02,income-model,,,,,2024
8928308ee3bffff,0.0,0.0,,65.02,income-model,,,,,2024
8928308ee43ffff,8.0,26.06,153248.73090828964,47.3,lace,3.878872572739806,1.834706726905928,3.878872572739806,1.0,2024
8928308ee47ffff,0.0,0.0,,65.02,income-model,,,,,2024
8928308ee4bffff,163.0,26.34,152045.21332432542,47.3,lace,78.16336387139121,36.97127111116804,78.16336387139121,1.0,2024
8928308ee4fffff,37.0,31.75,129167.00000000001,47.3,lace,17.352482576954415,8.207724258899438,17.352482576954415,1.0,2024
8928308ee53ffff,0.0,0.0,,65.02,income-model,,,,,2024
8928308ee57ffff,0.0,0.0,,65.02,income-model,,,,,2024
8928308ee5bffff,42.0,24.24,160962.0,47.3,lace,20.414362516390895,9.655993470252893,20.414362516390895,1.0,2024
8928308ee63ffff,4.0,31.75,129167.0,47.3,lace,1.6481859131849372,0.7795919369364752,1.6481859131849372,1.0,2024
8928308ee67ffff,0.0,0.0,,65.02,income-model,0.0,0.0,0.0,,2024
8928308ee6bffff,28.0,31.75,129167.0,47.3,lace,12.824747624119315,6.066105626208436,12.824747624119315,1.0,2024
8928308ee6fffff,19.0,31.75,129167.0,47.3,lace,8.721436464957412,4.125239447924856,8.721436464957412,1.0,2024
8928308ee73ffff,0.0,0.0,,65.02,income-model,,,,,2024
8928308ee77ffff,0.0,0.0,,65.02,income-model,,,,,2024
8928308ee7bffff,10.0,31.75,129167.0,47.3,lace,4.478431123947606,2.1182979216272173,4.478431123947606,1.0,2024
8928308ee83ffff,0.0,0.0,,65.02,income-model,,,,,2024
8928308ee87ffff,0.0,0.0,,65.02,income-model,,,,,2024
8928308ee8bffff,0.0,0.0,,65.02,income-model,,,,,2024
8928308ee8fffff,0.0,0.0,,65.02,income-model,,,,,2024
8928308ee93ffff,0.0,0.0,,65.02,income-model,,,,,2024
8928308ee97ffff,0.0,0.0,,65.02,income-model,,,,,2024
8928308ee9bffff,0.0,0.0,,65.02,income-model,,,,,2024
8928308eea3ffff,0.0,0.0,,65.02,income-model,,,,,2024
8928308eea7ffff,0.0,0.0,,65.02,income-model,,,,,2024
8928308eeabffff,0.0,0.0,,65.02,income-model,,,,,2024
8928308eeafffff,0.0,0.0,,65.02,income-model,,,,,2024
8928308eeb3ffff,0.0,0.0,,65.02,income-model,,,,,2024
8928308eeb7ffff,0.0,0.0,,65.02,income-model,,,,,2024
8928308eebbffff,0.0,0.0,,65.02,income-model,,,,,2024
8928308eec3ffff,0.0,0.0,,65.02,income-model,,,,,2024
8928308eec7ffff,0.0,0.0,,65.02,income-model,,,,,2024
8928308eecbffff,0.0,0.0,,65.02,income-model,,,,,2024
8928308eecfffff,0.0,0.0,,65.02,income-model,,,,,2024
8928308eed3ffff,0.0,0.0,,65.02,income-model,,,,,2024
8928308eed7ffff,0.0,0.0,,65.02,income-model,,,,,2024
8928308eedbffff,0.0,0.0,,65.02,income-model,0.0,0.0,0.0,,2024
8928308f003ffff,513.0,20.09,120873.60962629238,50.28,lace,205.71046357818875,103.44137913010712,205.71046357818875,1.0,2024
8928308f007ffff,488.0,19.37,151018.9037672262,48.57,lace,200.78391917179763,97.5152562576886,200.78391917179763,1.0,2024
8928308f00bffff,563.0,19.47,143023.99451845762,50.2,lace,209.48787544272926,105.1657997804237,209.48787544272926,1.0,2024
8928308f00fffff,468.0,17.66,125319.66991159487,50.2,lace,188.39715405140197,94.5753713338038,188.39715405140197,1.0,2024
8928308f013ffff,628.0,17.0,79790.18770289407,49.54,lace,288.285379309693,142.81442561446778,288.285379309693,1.0,2024
8928308f017ffff,673.0,7.47,110004.89069557014,47.21,lace,279.15063728453197,131.79894518406843,279.15063728453197,1.0,2024
8928308f01bffff,447.0,21.33,65074.34246698617,50.5,lace,213.35856237802344,107.73875619492836,213.35856237802344,1.0,2024
8928308f023ffff,388.0,20.61,162586.0,48.08,lace,163.33275253179218,78.52969613414596,163.33275253179218,1.0,2024
8928308f027ffff,586.0,11.17,85691.31528297164,48.0,lace,237.17898896606565,113.84591470371151,237.17898896606565,1.0,2024
8928308f02bffff,536.0,16.87,88824.0,55.29,lace,239.7400086517204,132.55797264071816,239.7400086517204,1.0,2024
8928308f02fffff,582.0,14.2,81358.09878878965,52.44,lace,248.47732292985228,130.31298388334244,248.47732292985228,1.0,2024
8928308f033ffff,411.0,17.25,145692.40304261463,48.0,lace,168.83244383998212,81.03957304319142,168.83244383998212,1.0,2024
8928308f037ffff,332.0,18.65,152647.63001969672,48.0,lace,137.5965831254364,66.04635990020947,137.5965831254364,1.0,2024
8928308f03bffff,377.0,15.77,108474.03343911847,49.66,lace,171.36824661315896,85.09583318059273,171.36824661315896,1.0,2024
8928308f043ffff,271.0,23.79,203533.48336024844,53.86,lace,114.57119397244912,61.704905841260235,114.57119397244912,1.0,2024
8928308f047ffff,347.0,24.79,169188.3697897708,58.47,lace,139.59648430796503,81.61531671390898,139.59648430796503,1.0,2024
8928308f04bffff,191.0,24.94,198708.22526355417,56.27,lace,80.65337616447218,45.383646658451056,80.65337616447218,1.0,2024
8928308f04fffff,342.0,27.93,186060.79783004432,62.61,lace,144.40470767490277,90.41813092258353,144.40470767490277,1.0,2024
8928308f053ffff,219.0,23.31,192119.1308660679,52.88,lace,93.08243439424278,49.220815931985015,93.08243439424278,1.0,2024
8928308f057ffff,468.0,21.19,79202.07841213632,50.45,lace,213.2867895611042,107.59735798392032,213.2867895611042,1.0,2024
8928308f05bffff,160.0,23.39,205250.0,53.0,lace,67.85822259554281,35.96485797563769,67.85822259554281,1.0,2024
8928308f063ffff,161.0,20.41,182035.9491841746,61.82,lace,59.00426095843008,36.47634525340418,59.00426095843008,1.0,2024
8928308f067ffff,270.0,16.66,192253.48472618274,55.47,lace,90.60421262913007,50.259956130263355,90.60421262913007,1.0,2024
8928308f06bffff,180.0,22.01,183109.97313518566,64.59,lace,66.31465829718942,42.83075916967308,66.31465829718942,1.0,2024
8928308f06fffff,121.0,25.16,157087.12853996578,68.99,lace,48.12081019600416,33.19634492953308,48.12081019600416,1.0,2024
8928308f073ffff,424.0,19.33,143452.84889387566,54.24,lace,169.73742818944723,92.06024730937901,169.73742818944723,1.0,2024
8928308f077ffff,396.0,14.05,88824.00000000001,50.28,lace,184.4786014499171,92.76283848823148,184.4786014499171,1.0,2024
8928308f07bffff,308.0,23.89,187664.87350570827,63.0,lace,118.52493230888824,74.67070735459959,118.52493230888824,1.0,2024
8928308f083ffff,28.0,15.07,100499.6737154351,47.07,lace,10.941235419642894,5.150140864405053,10.941235419642894,1.0,2024
8928308f087ffff,224.0,10.36,99657.21848138362,48.21,lace,89.32956404522812,43.06800396073547,89.32956404522812,1.0,2024
8928308f08bffff,372.0,14.97,89644.58326931982,47.09,lace,149.04898789010855,70.1847543167996,149.04898789010855,1.0,2024
8928308f08fffff,686.0,13.81,94228.98342031275,46.92,lace,273.00020823434136,128.0806783252589,273.00020823434136,1.0,2024
8928308f0a3ffff,542.0,8.93,89561.36872947098,48.27,lace,215.04546109135526,103.79695389948097,215.04546109135526,1.0,2024
8928308f0a7ffff,99.0,8.09,83627.0,48.3,lace,39.1131196165272,18.891636774782636,39.1131196165272,1.0,2024
8928308f0abffff,458.0,16.02,139619.0,48.0,lace,186.09041893637968,89.32340108946224,186.09041893637968,1.0,2024
8928308f0afffff,322.0,14.82,131145.82370544245,48.04,lace,130.40019605179583,62.64998145393959,130.40019605179583,1.0,2024
8928308f0b3ffff,227.0,8.09,83627.0,48.3,lace,89.97648428485955,43.45864190958716,89.97648428485955,1.0,2024
8928308f0b7ffff,47.0,18.95,137083.0,65.3,lace,27.710340785049492,18.09485253263732,27.710340785049492,1.0,2024
8928308f0bbffff,355.0,9.72,117232.07665954887,47.45,lace,145.89542694833386,69.22770173778235,145.89542694833386,1.0,2024
8928308f0c3ffff,256.0,17.41,92891.0,50.5,lace,124.96092677929974,63.105268023546365,124.96092677929974,1.0,2024
8928308f0c7ffff,73.0,17.41,92891.0,50.5,lace,35.78553560532223,18.071695480687726,35.78553560532223,1.0,2024
8928308f0cbffff,466.0,23.06,163715.38032062343,52.59,lace,199.9339049101216,105.14565249673436,199.9339049101216,1.0,2024
8928308f0cfffff,432.0,17.46,92561.45854752617,50.5,lace,210.8677882663128,106.48823307448798,210.8677882663128,1.0,2024
8928308f0d7ffff,0.0,0.0,,65.02,income-model,0.0,0.0,0.0,,2024
8928308f0dbffff,272.0,22.8,160433.53380133887,52.48,lace,117.70526416793298,61.77245279729426,117.70526416793298,1.0,2024
8928308f103ffff,72.0,18.95,137083.0,65.3,lace,42.420079248043606,27.70031174897247,42.420079248043606,1.0,2024
8928308f107ffff,113.0,22.88,151125.0,65.3,lace,66.23303175145101,43.250169733697504,66.23303175145101,1.0,2024
8928308f10bffff,423.0,11.44,81307.0,48.3,lace,132.5505790933352,64.02192970208088,132.5505790933352,1.0,2024
8928308f10fffff,291.0,12.1,43180.84607022621,48.3,lace,91.1482133677807,44.024587056638076,91.1482133677807,1.0,2024
8928308f113ffff,217.0,18.95,137083.0,65.3,lace,128.11318731446676,83.65791131634678,128.11318731446676,1.0,2024
8928308f117ffff,12.0,22.88,151125.0,65.3,lace,7.131563673608739,4.656911078866507,7.131563673608739,1.0,2024
8928308f11bffff,127.0,12.67,96183.26214477087,54.73,lace,51.18528957491366,28.014467488645867,51.18528957491366,1.0,2024
8928308f123ffff,159.0,12.89,41576.0,61.2,lace,70.71824596180876,43.279566528626965,70.71824596180876,1.0,2024
8928308f127ffff,201.0,12.89,41576.0,61.2,lace,89.1920439215834,54.585530880009046,89.1920439215834,1.0,2024
8928308f12bffff,777.0,12.38,27083.0,48.3,lace,243.44249851481646,117.58272678265634,243.44249851481646,1.0,2024
8928308f12fffff,398.0,12.45,29117.89631727959,50.73,lace,132.03611197913241,66.97635528099484,132.03611197913241,1.0,2024
8928308f133ffff,79.0,14.84,62965.00754065072,62.2,lace,37.43728220086729,23.2850918520315,37.43728220086729,1.0,2024
8928308f137ffff,20.0,21.54,136417.02888003163,64.87,lace,11.375786805720974,7.379532020150741,11.375786805720974,1.0,2024
8928308f13bffff,134.0,15.13,59593.36428490286,55.1,lace,51.762886271141916,28.523895543867656,51.762886271141916,1.0,2024
8928308f143ffff,515.0,10.22,73769.59174662453,48.17,lace,177.4550105815174,85.48571883172292,177.4550105815174,1.0,2024
8928308f147ffff,641.0,11.53,81965.05175178651,48.38,lace,205.5664988921771,99.45460489895197,205.5664988921771,1.0,2024
8928308f14bffff,725.0,14.58,62261.39248374589,48.76,lace,295.55007001259884,144.11583679539427,295.55007001259884,1.0,2024
8928308f14fffff,298.0,12.38,88219.4064940532,49.01,lace,117.54331749903567,57.61347991203294,117.54331749903567,1.0,2024
8928308f153ffff,492.0,9.98,72293.72501475547,48.15,lace,172.73431102182803,83.17329931699015,172.73431102182803,1.0,2024
8928308f157ffff,704.0,11.44,81307.0,48.3,lace,220.68244056444158,106.58961879262527,220.68244056444158,1.0,2024
8928308f15bffff,776.0,9.42,60007.356029133196,48.14,lace,311.4071953793157,149.90751320779026,311.4071953793157,1.0,2024
8928308f163ffff,329.0,17.06,44862.04414324275,48.3,lace,140.75923668181298,67.98671131731567,140.75923668181298,1.0,2024
8928308f167ffff,231.0,20.87,66410.54780161417,48.4,lace,115.1799777977206,55.74891847637542,115.1799777977206,1.0,2024
8928308f16bffff,134.0,21.13,66121.15151075622,48.38,lace,68.21173727790728,33.0017184512474,68.21173727790728,1.0,2024
8928308f16fffff,549.0,19.1,76328.00557383917,48.73,lace,218.59624196655852,106.513616859902,218.59624196655852,1.0,2024
8928308f173ffff,416.0,12.05,68373.33401318974,48.3,lace,134.0585510027652,64.75028013433558,134.0585510027652,1.0,2024
8928308f177ffff,911.0,12.38,27083.0,48.3,lace,285.2900668666064,137.7951022965709,285.2900668666064,1.0,2024
8928308f17bffff,487.0,15.04,78844.08659163621,48.6,lace,204.45994125858635,99.36507015162792,204.45994125858635,1.0,2024
8928308f183ffff,0.0,0.0,,65.02,income-model,,,,,2024
8928308f187ffff,0.0,0.0,,65.02,income-model,,,,,2024
8928308f18bffff,0.0,0.0,,65.02,income-model,0.0,0.0,0.0,,2024
8928308f18fffff,0.0,0.0,,65.02,income-model,0.0,0.0,0.0,,2024
8928308f193ffff,0.0,0.0,,65.02,income-model,,,,,2024
8928308f197ffff,0.0,0.0,,65.02,income-model,,,,,2024
8928308f19bffff,0.0,0.0,,65.02,income-model,,,,,2024
8928308f1a3ffff,237.0,22.88,151124.99999999997,65.3,lace,139.46182997610106,91.06857497439398,139.46182997610106,1.0,2024
8928308f1a7ffff,198.0,22.88,151125.0,65.3,lace,116.81148856264936,76.27790203141004,116.81148856264936,1.0,2024
8928308f1abffff,152.0,22.88,151125.0,65.3,lace,89.48277569136224,58.432252526459536,89.48277569136224,1.0,2024
8928308f1afffff,64.0,22.88,151125.0,65.3,lace,37.84825879139638,24.714912990781837,37.84825879139638,1.0,2024
8928308f1b3ffff,55.0,22.72,150575.69029484634,65.3,lace,32.09238170510188,20.956325253431526,32.09238170510188,1.0,2024
8928308f1b7ffff,428.0,20.84,143839.74398362936,65.3,lace,251.946336485728,164.52095772518038,251.946336485728,1.0,2024
8928308f1bbffff,16.0,22.88,151125.0,65.3,lace,9.608125640150222,6.274106043018095,9.608125640150222,1.0,2024
8928308f1c3ffff,159.0,8.09,83627.0,48.3,lace,62.893923525320474,30.377765062729786,62.893923525320474,1.0,2024
8928308f1c7ffff,0.0,0.0,,65.02,income-model,0.0,0.0,0.0,,2024
8928308f1cbffff,344.0,8.81,78011.5544783445,48.18,lace,134.8934550947224,64.98698738016053,134.8934550947224,1.0,2024
8928308f1cfffff,515.0,9.5,82649.06215527786,48.3,lace,185.981465801568,89.82904798215733,185.981465801568,1.0,2024
8928308f1d3ffff,0.0,0.0,,65.02,income-model,0.0,0.0,0.0,,2024
8928308f1d7ffff,0.0,0.0,,65.02,income-model,0.0,0.0,0.0,,2024
8928308f1dbffff,175.0,8.23,84592.36991224783,48.29,lace,69.17975315284207,33.41014864725911,69.17975315284207,1.0,2024
8928308f203ffff,2.0,45.68,153769.0,73.3,lace,1.0815112503689575,0.7927477465204459,1.0815112503689575,1.0,2024
8928308f207ffff,65.0,45.68,153769.0,73.3,lace,29.783155971698985,21.831053327255354,29.783155971698985,1.0,2024
8928308f20bffff,0.0,0.0,,65.02,income-model,0.0,0.0,0.0,,2024
8928308f20fffff,0.0,0.0,,65.02,income-model,0.0,0.0,0.0,,2024
8928308f213ffff,0.0,0.0,,65.02,income-model,0.0,0.0,0.0,,2024
8928308f217ffff,174.0,29.97,172731.89429458356,71.96,lace,71.23806163310071,51.261674347902655,71.23806163310071,1.0,2024
8928308f21bffff,0.0,0.0,,65.02,income-model,0.0,0.0,0.0,,2024
8928308f223ffff,57.0,45.68,153769.0,73.3,lace,26.448178266344605,19.386514669230596,26.448178266344605,1.0,2024
8928308f227ffff,42.0,45.68,153769.0,73.3,lace,19.281735157424826,14.133511870392397,19.281735157424826,1.0,2024
8928308f22bffff,0.0,0.0,,65.02,income-model,0.0,0.0,0.0,,2024
8928308f22fffff,0.0,0.0,,65.02,income-model,0.0,0.0,0.0,,2024
8928308f233ffff,177.0,45.68,153769.0,73.3,lace,81.3381179930802,59.62084048892779,81.3381179930802,1.0,2024
8928308f237ffff,140.0,45.68,153769.0,73.3,lace,64.33465459454834,47.157301817803926,64.33465459454834,1.0,2024
8928308f23bffff,0.0,0.0,,65.02,income-model,0.0,0.0,0.0,,2024
8928308f243ffff,0.0,0.0,,65.02,income-model,0.0,0.0,0.0,,2024
8928308f247ffff,0.0,0.0,,65.02,income-model,0.0,0.0,0.0,,2024
8928308f24bffff,0.0,0.0,,65.02,income-model,0.0,0.0,0.0,,2024
8928308f24fffff,0.0,0.0,,65.02,income-model,0.0,0.0,0.0,,2024
8928308f25bffff,0.0,0.0,,65.02,income-model,0.0,0.0,0.0,,2024
8928308f263ffff,0.0,0.0,,65.02,income-model,0.0,0.0,0.0,,2024
8928308f267ffff,0.0,0.0,,65.02,income-model,0.0,0.0,0.0,,2024
8928308f26bffff,0.0,0.0,,65.02,income-model,0.0,0.0,0.0,,2024
8928308f26fffff,0.0,0.0,,65.02,income-model,0.0,0.0,0.0,,2024
8928308f273ffff,0.0,0.0,,65.02,income-model,0.0,0.0,0.0,,2024
8928308f277ffff,0.0,0.0,,65.02,income-model,0.0,0.0,0.0,,2024
8928308f27bffff,0.0,0.0,,65.02,income-model,0.0,0.0,0.0,,2024
8928308f283ffff,7.0,25.45,164896.0,70.1,lace,2.7399500563090635,1.9207049894726536,2.7399500563090635,1.0,2024
8928308f287ffff,88.0,23.99,181465.45900444352,70.1,lace,35.97176875041403,25.216209894040233,35.97176875041403,1.0,2024
8928308f28bffff,118.0,26.21,250001.0,78.8,lace,49.066297124062466,38.66424213376122,49.066297124062466,1.0,2024
8928308f28fffff,36.0,25.45,164896.0,70.1,lace,14.074034177153209,9.865897958184398,14.074034177153209,1.0,2024
8928308f293ffff,0.0,0.0,,65.02,income-model,0.0,0.0,0.0,,2024
8928308f297ffff,0.0,0.0,,65.02,income-model,0.0,0.0,0.0,,2024
8928308f29bffff,32.0,18.82,250001.0,78.8,lace,13.536699483380447,10.666919192903793,13.536699483380447,1.0,2024
8928308f2a3ffff,248.0,26.98,204894.99765808994,63.2,lace,108.31190300667345,68.45241391648307,108.31190300667345,1.0,2024
8928308f2a7ffff,123.0,27.3,193316.99584817616,65.3,lace,53.62144804893108,35.01253628445552,53.62144804893108,1.0,2024
8928308f2abffff,253.0,30.54,187532.9576853628,66.71,lace,109.49735249171108,73.04409805619109,109.49735249171108,1.0,2024
8928308f2afffff,155.0,37.58,174630.81677863377,69.38,lace,69.7618584833333,48.40043892148285,69.7618584833333,1.0,2024
8928308f2b3ffff,348.0,26.57,179183.04063437594,66.38,lace,142.2399030553657,94.419017101446,142.2399030553657,1.0,2024
8928308f2b7ffff,230.0,24.43,194773.9859686005,63.0,lace,91.96750473582654,57.93952798357071,91.96750473582654,1.0,2024
8928308f2bbffff,463.0,25.52,167001.92252286867,69.72,lace,181.63214993020821,126.62962514104315,181.63214993020821,1.0,2024
8928308f2c3ffff,7.0,26.21,250001.0,78.8,lace,2.9826325395460955,2.350314441162323,2.9826325395460955,1.0,2024
8928308f2c7ffff,0.0,0.0,,65.02,income-model,0.0,0.0,0.0,,2024
8928308f2cfffff,0.0,0.0,,65.02,income-model,0.0,0.0,0.0,,2024
8928308f2d3ffff,327.0,25.8,250001.0,78.8,lace,135.48176194946296,106.75962841617681,135.48176194946296,1.0,2024
8928308f2d7ffff,257.0,25.85,250001.0,78.8,lace,107.02224123862936,84.33352609603995,107.02224123862936,1.0,2024
8928308f303ffff,162.0,28.51,186589.92774814728,66.35,lace,71.26228339525423,47.283195695511154,71.26228339525423,1.0,2024
8928308f307ffff,100.0,28.4,216429.0,62.0,lace,44.56135604790033,27.628040749698208,44.56135604790033,1.0,2024
8928308f30bffff,126.0,28.68,141023.0,73.3,lace,54.00361679091301,39.584651107739234,54.00361679091301,1.0,2024
8928308f30fffff,161.0,28.66,148467.4621200012,72.14,lace,69.17922748182313,49.90485208453398,69.17922748182313,1.0,2024
8928308f313ffff,163.0,28.58,168580.99966202356,69.05,lace,70.81434412550084,48.898763929473034,70.81434412550084,1.0,2024
8928308f317ffff,162.0,22.25,151885.5756402418,59.82,lace,62.09259106420903,37.14328637630531,62.09259106420903,1.0,2024
8928308f31bffff,95.0,28.68,141023.0,73.3,lace,40.6188243877262,29.773598276203302,40.6188243877262,1.0,2024
8928308f323ffff,422.0,21.4,181951.4842174273,62.5,lace,184.04062676211896,115.02539172632434,184.04062676211896,1.0,2024
8928308f327ffff,472.0,14.43,176321.35357779937,62.5,lace,169.3224846567181,105.82655291044881,169.3224846567181,1.0,2024
8928308f32bffff,318.0,24.18,181667.0,62.5,lace,148.90162481893537,93.06351551183461,148.90162481893537,1.0,2024
8928308f32fffff,318.0,22.61,173331.38635467552,62.5,lace,139.40558471309123,87.12849044568202,139.40558471309123,1.0,2024
8928308f333ffff,270.0,26.01,234388.6702379128,62.28,lace,115.03683412767438,71.64234876814109,115.03683412767438,1.0,2024
8928308f337ffff,357.0,14.76,184786.66428469852,62.5,lace,128.51281442402612,80.32050901501633,128.51281442402612,1.0,2024
8928308f33bffff,195.0,26.41,191920.3480741128,63.35,lace,88.61238948258952,56.1356494480406,88.61238948258952,1.0,2024
8928308f343ffff,109.0,35.73,145612.67456636552,72.63,lace,48.34861979981713,35.11536570749691,48.34861979981713,1.0,2024
8928308f347ffff,103.0,27.78,137489.8809916371,70.46,lace,44.2624675289326,31.18938976561222,44.2624675289326,1.0,2024
8928308f34bffff,0.0,0.0,,65.02,income-model,0.0,0.0,0.0,,2024
8928308f34fffff,0.0,0.0,,65.02,income-model,0.0,0.0,0.0,,2024
8928308f353ffff,171.0,34.9,145682.43164852235,73.3,lace,75.10112127693543,55.049121895993665,75.10112127693543,1.0,2024
8928308f357ffff,87.0,28.68,141023.0,73.3,lace,37.28182640179753,27.32757875251759,37.28182640179753,1.0,2024
8928308f35bffff,12.0,45.68,153769.0,73.3,lace,5.561349136071566,4.076468916740458,5.561349136071566,1.0,2024
8928308f363ffff,35.0,25.19,141753.91526118622,63.24,lace,15.403375592397444,9.74100566523887,15.403375592397444,1.0,2024
8928308f367ffff,65.0,21.38,146163.7486337297,63.87,lace,27.05361083748431,17.280062351270004,27.05361083748431,1.0,2024
8928308f36bffff,0.0,0.0,,65.02,income-model,0.0,0.0,0.0,,2024
8928308f36fffff,0.0,0.0,,65.02,income-model,0.0,0.0,0.0,,2024
8928308f373ffff,109.0,27.91,147975.7331787321,71.31,lace,47.24677329584359,33.69198961503211,47.24677329584359,1.0,2024
8928308f377ffff,25.0,24.18,181667.0,62.5,lace,11.842286016114125,7.401428760071329,11.842286016114125,1.0,2024
8928308f37bffff,53.0,25.53,128631.0,63.5,lace,22.97152611699371,14.586919084291008,22.97152611699371,1.0,2024
8928308f383ffff,413.0,15.27,170275.00000000003,55.7,lace,175.58074096978672,97.79847272017122,175.58074096978672,1.0,2024
8928308f387ffff,493.0,18.32,110524.56336443963,50.55,lace,200.1083823461244,101.14858497510981,200.1083823461244,1.0,2024
8928308f38bffff,285.0,17.14,166197.4428421941,58.16,lace,121.51822993114516,70.67834526677993,121.51822993114516,1.0,2024
8928308f38fffff,308.0,20.11,135433.14349903044,52.14,lace,122.06545766647636,63.64368130709619,122.06545766647636,1.0,2024
8928308f393ffff,624.0,16.89,190669.43892391794,55.7,lace,259.4120255908614,144.49249825410982,259.4120255908614,1.0,2024
8928308f397ffff,789.0,18.27,76823.7776143398,50.48,lace,328.6747053224287,165.9121302614574,328.6747053224287,1.0,2024
8928308f39bffff,478.0,16.49,191004.7866412853,55.7,lace,166.15306926373495,92.54725957990038,166.15306926373495,1.0,2024
8928308f3a3ffff,324.0,16.73,119458.18946573538,54.91,lace,125.28652550526971,68.78910866853973,125.28652550526971,1.0,2024
8928308f3a7ffff,291.0,15.11,124545.05188847253,52.05,lace,118.20238044589142,61.523149248376406,118.20238044589142,1.0,2024
8928308f3abffff,422.0,22.38,151449.46109668474,62.0,lace,158.81870651679378,98.47368248432329,158.81870651679378,1.0,2024
8928308f3afffff,273.0,24.25,250000.99999999997,62.5,lace,111.7398480350224,69.837405021889,111.7398480350224,1.0,2024
8928308f3b3ffff,480.0,16.13,74548.13049001872,49.1,lace,196.20164514890877,96.3350077681142,196.20164514890877,1.0,2024
8928308f3b7ffff,177.0,12.56,89535.0,49.1,lace,71.56909962337716,35.140427915078185,71.56909962337716,1.0,2024
8928308f3bbffff,425.0,19.49,128492.65803247776,56.52,lace,158.1048359401518,89.35810568842558,158.1048359401518,1.0,2024
8928308f3c3ffff,116.0,28.68,141023.0,73.3,lace,49.42132509594973,36.225831295331155,49.42132509594973,1.0,2024
8928308f3c7ffff,58.0,28.68,141023.0,73.3,lace,24.923216925960567,18.268718006729095,24.923216925960567,1.0,2024
8928308f3cbffff,139.0,40.72,150046.42240375924,73.3,lace,62.71799971750096,45.9722937929282,62.71799971750096,1.0,2024
8928308f3cfffff,196.0,28.68,141023.0,73.3,lace,83.71300841718829,61.36163516979902,83.71300841718829,1.0,2024
8928308f3d3ffff,31.0,28.68,141023.0,73.3,lace,13.08488980817814,9.591224229394577,13.08488980817814,1.0,2024
8928308f3d7ffff,51.0,28.68,141023.0,73.3,lace,21.70550318797611,15.910133836786487,21.70550318797611,1.0,2024
8928308f3dbffff,180.0,35.12,145845.2828755904,73.3,lace,79.18896550762936,58.04551171709232,79.18896550762936,1.0,2024
8928308f503ffff,0.0,0.0,,65.02,income-model,,,,,2024
8928308f507ffff,0.0,0.0,,65.02,income-model,,,,,2024
8928308f50bffff,0.0,0.0,,65.02,income-model,0.0,0.0,0.0,,2024
8928308f50fffff,0.0,0.0,,65.02,income-model,,,,,2024
8928308f523ffff,0.0,0.0,,65.02,income-model,,,,,2024
8928308f527ffff,0.0,0.0,,65.02,income-model,,,,,2024
8928308f52bffff,0.0,0.0,,65.02,income-model,,,,,2024
8928308f52fffff,0.0,0.0,,65.02,income-model,,,,,2024
8928308f533ffff,0.0,0.0,,65.02,income-model,,,,,2024
8928308f537ffff,0.0,0.0,,65.02,income-model,,,,,2024
8928308f53bffff,0.0,0.0,,65.02,income-model,,,,,2024
8928308f543ffff,0.0,0.0,,65.02,income-model,,,,,2024
8928308f547ffff,0.0,0.0,,65.02,income-model,0.0,0.0,0.0,,2024
8928308f54bffff,0.0,0.0,,65.02,income-model,0.0,0.0,0.0,,2024
8928308f54fffff,0.0,0.0,,65.02,income-model,0.0,0.0,0.0,,2024
8928308f563ffff,0.0,0.0,,65.02,income-model,0.0,0.0,0.0,,2024
8928308f567ffff,0.0,0.0,,65.02,income-model,,,,,2024
8928308f56bffff,5.0,18.95,137083.0,65.3,lace,2.659195719282537,1.7364548046914967,2.659195719282537,1.0,2024
8928308f56fffff,0.0,0.0,,65.02,income-model,0.0,0.0,0.0,,2024
8928308f573ffff,21.0,18.95,137083.0,65.3,lace,12.413896023674411,8.10627410345939,12.413896023674411,1.0,2024
8928308f577ffff,0.0,0.0,,65.02,income-model,0.0,0.0,0.0,,2024
8928308f57bffff,2.0,18.95,137083.0,65.3,lace,1.0107533333487184,0.6600219266767131,1.0107533333487184,1.0,2024
8928308f5a7ffff,0.0,0.0,,65.02,income-model,,,,,2024
8928308f5abffff,0.0,0.0,,65.02,income-model,,,,,2024
8928308f5afffff,0.0,0.0,,65.02,income-model,,,,,2024
8928308f60fffff,0.0,0.0,,65.02,income-model,0.0,0.0,0.0,,2024
8928308f623ffff,477.0,22.55,197750.0,70.1,lace,203.97513475835703,142.98656946560826,203.97513475835703,1.0,2024
8928308f627ffff,274.0,22.99,191117.4066727402,65.05,lace,116.69380574189685,75.90350125479274,116.69380574189685,1.0,2024
8928308f62bffff,57.0,22.55,197750.0,70.1,lace,24.41208628910884,17.112872488665293,24.41208628910884,1.0,2024
8928308f62fffff,261.0,22.55,197750.0,70.1,lace,111.72000737674045,78.31572517109505,111.72000737674045,1.0,2024
8928308f633ffff,275.0,22.55,197750.0,70.1,lace,117.42191204487307,82.312760343456,117.42191204487307,1.0,2024
8928308f637ffff,535.0,23.4,184907.32199563624,60.26,lace,226.17288378231171,136.28549761595474,226.17288378231171,1.0,2024
8928308f63bffff,116.0,22.55,197750.0,70.1,lace,49.522532660049485,34.715295394694685,49.522532660049485,1.0,2024
8928308f663ffff,392.0,20.25,250001.00000000003,78.8,lace,165.49896291585958,130.41318277769733,165.49896291585958,1.0,2024
8928308f667ffff,193.0,18.99,247704.51681507585,78.42,lace,82.71051293543822,64.86025243156908,82.71051293543822,1.0,2024
8928308f66bffff,333.0,24.8,250001.0,78.8,lace,136.31478199591803,107.41604821278341,136.31478199591803,1.0,2024
8928308f66fffff,561.0,23.98,250001.0,78.8,lace,227.71351682485655,179.43825125798693,227.71351682485655,1.0,2024
8928308f677ffff,143.0,20.37,228372.25974917904,75.2,lace,61.1396735227165,45.97895383364398,61.1396735227165,1.0,2024
8928308f67bffff,0.0,0.0,,65.02,income-model,0.0,0.0,0.0,,2024
8928308f6afffff,87.0,23.51,183205.33646138042,58.94,lace,36.579363355606375,21.5582910683182,36.579363355606375,1.0,2024
892830bb64bffff,0.0,0.0,,65.02,income-model,,,,,2024
892830bb65bffff,0.0,0.0,,65.02,income-model,,,,,2024
