{"type": "FeatureCollection", "properties": {"source": "Census TIGERweb Places_CouSub_ConCity_SubMCD layers 4 and 5", "fetched": "2026-09-25", "assignment": "place covering most of the cell's land inside the study boundary; cities before CDPs"}, "features": [{"type": "Feature", "properties": {"name": "San Pablo", "kind": "city", "geoid": "0668294"}, "geometry": {"type": "Polygon", "coordinates": [[[-122.35858, 37.95081], [-122.35861, 37.95045], [-122.35791, 37.95044], [-122.35713, 37.95043], [-122.35713, 37.95033], [-122.35681, 37.95033], [-122.35605, 37.95032], [-122.35586, 37.95032], [-122.35554, 37.95032], [-122.35519, 37.95032], [-122.35415, 37.95032], [-122.35381, 37.95032], [-122.35346, 37.95032], [-122.35242, 37.95032], [-122.35219, 37.95032], [-122.35208, 37.95033], [-122.3519, 37.95032], [-122.35169, 37.95032], [-122.35053, 37.95032], [-122.35014, 37.95032], [-122.34891, 37.95032], [-122.34755, 37.95032], [-122.34741, 37.95032], [-122.3474, 37.95058], [-122.3474, 37.95067], [-122.3474, 37.95095], [-122.3474, 37.95104], [-122.3474, 37.95119], [-122.34739, 37.95159], [-122.34739, 37.95164], [-122.34739, 37.95179], [-122.34738, 37.95195], [-122.34738, 37.95244], [-122.34738, 37.9526], [-122.34737, 37.95267], [-122.34737, 37.95288], [-122.34737, 37.95295], [-122.34737, 37.95301], [-122.34737, 37.95317], [-122.34736, 37.95322], [-122.34728, 37.95322], [-122.34687, 37.95318], [-122.34686, 37.95403], [-122.34686, 37.9541], [-122.34686, 37.95419], [-122.34686, 37.95428], [-122.34685, 37.95448], [-122.34685, 37.95457], [-122.34684, 37.95485], [-122.34684, 37.95492], [-122.34683, 37.95581], [-122.34682, 37.95598], [-122.34682, 37.95602], [-122.34682, 37.95613], [-122.34682, 37.95617], [-122.34682, 37.95628], [-122.34664, 37.95624], [-122.34662, 37.95624], [-122.34658, 37.95623], [-122.34644, 37.9562], [-122.34636, 37.95618], [-122.34628, 37.95616], [-122.34613, 37.95613], [-122.34601, 37.95611], [-122.3459, 37.95608], [-122.34566, 37.95603], [-122.34552, 37.956], [-122.34544, 37.95598], [-122.34535, 37.95596], [-122.34521, 37.95593], [-122.34498, 37.95588], [-122.3448, 37.95584], [-122.34452, 37.95578], [-122.34443, 37.95576], [-122.34429, 37.95573], [-122.34394, 37.95565], [-122.3436, 37.95557], [-122.34338, 37.95553], [-122.34314, 37.95548], [-122.34276, 37.95539], [-122.34264, 37.95538], [-122.34253, 37.95535], [-122.34251, 37.95533], [-122.34248, 37.95528], [-122.34244, 37.95524], [-122.34239, 37.95518], [-122.34235, 37.95512], [-122.34231, 37.95507], [-122.34227, 37.95501], [-122.34222, 37.95495], [-122.34219, 37.95491], [-122.34215, 37.95486], [-122.34211, 37.9548], [-122.34206, 37.95475], [-122.34195, 37.9546], [-122.34183, 37.95444], [-122.34168, 37.95425], [-122.34159, 37.95413], [-122.34045, 37.95266], [-122.34032, 37.95248], [-122.34005, 37.95266], [-122.33995, 37.95272], [-122.33989, 37.95276], [-122.3393, 37.95314], [-122.33928, 37.95315], [-122.33926, 37.95316], [-122.33889, 37.9534], [-122.33885, 37.95342], [-122.33861, 37.95323], [-122.33845, 37.95316], [-122.33815, 37.95304], [-122.338, 37.95302], [-122.33789, 37.953], [-122.33776, 37.95293], [-122.33755, 37.95277], [-122.33749, 37.95261], [-122.33734, 37.95251], [-122.33718, 37.95246], [-122.33707, 37.95246], [-122.33701, 37.95245], [-122.3366, 37.95234], [-122.33625, 37.95239], [-122.33612, 37.95238], [-122.33598, 37.95224], [-122.33595, 37.95223], [-122.33586, 37.95221], [-122.33574, 37.9522], [-122.33565, 37.95216], [-122.33548, 37.95214], [-122.33539, 37.95206], [-122.33522, 37.95199], [-122.33465, 37.952], [-122.33448, 37.95188], [-122.33418, 37.95176], [-122.33403, 37.95177], [-122.33391, 37.95175], [-122.33386, 37.95174], [-122.33375, 37.95178], [-122.33363, 37.95168], [-122.33359, 37.95168], [-122.33351, 37.95166], [-122.33351, 37.95145], [-122.33349, 37.95141], [-122.33347, 37.95136], [-122.33345, 37.95133], [-122.33341, 37.95123], [-122.33337, 37.95115], [-122.33328, 37.95097], [-122.33315, 37.95069], [-122.33311, 37.95062], [-122.33307, 37.95052], [-122.33302, 37.95043], [-122.33293, 37.95025], [-122.33284, 37.95006], [-122.3328, 37.94998], [-122.33273, 37.94988], [-122.33268, 37.94975], [-122.33252, 37.94937], [-122.33247, 37.94924], [-122.33239, 37.94907], [-122.33181, 37.94908], [-122.33164, 37.94909], [-122.331, 37.9491], [-122.33045, 37.94911], [-122.32996, 37.94911], [-122.32934, 37.94912], [-122.32896, 37.94912], [-122.32845, 37.94913], [-122.32824, 37.94913], [-122.32812, 37.94913], [-122.32768, 37.94914], [-122.32709, 37.94914], [-122.32677, 37.94915], [-122.32639, 37.94915], [-122.3262, 37.94915], [-122.32586, 37.94916], [-122.32559, 37.94916], [-122.32506, 37.94917], [-122.32485, 37.94918], [-122.3248, 37.94919], [-122.32452, 37.94928], [-122.32413, 37.94939], [-122.32391, 37.94946], [-122.32382, 37.9495], [-122.32365, 37.94958], [-122.32356, 37.94962], [-122.32349, 37.94965], [-122.3233, 37.94975], [-122.32323, 37.9498], [-122.32319, 37.94985], [-122.32316, 37.94989], [-122.32312, 37.95], [-122.323, 37.95033], [-122.32282, 37.95086], [-122.32274, 37.951], [-122.32267, 37.95113], [-122.32254, 37.95127], [-122.32248, 37.95129], [-122.32234, 37.95133], [-122.32232, 37.95133], [-122.3221, 37.95194], [-122.32208, 37.952], [-122.32232, 37.95201], [-122.32259, 37.95202], [-122.32304, 37.95232], [-122.32312, 37.95238], [-122.32322, 37.95245], [-122.32322, 37.9525], [-122.32323, 37.95267], [-122.32338, 37.95267], [-122.32344, 37.95266], [-122.32349, 37.95266], [-122.32378, 37.95295], [-122.32394, 37.95312], [-122.324, 37.9531], [-122.32404, 37.95307], [-122.32414, 37.95318], [-122.32431, 37.95335], [-122.32441, 37.95346], [-122.32444, 37.95348], [-122.3244, 37.95354], [-122.3244, 37.95366], [-122.3244, 37.95385], [-122.32457, 37.95381], [-122.32459, 37.95384], [-122.32463, 37.95391], [-122.32472, 37.95389], [-122.32498, 37.95413], [-122.32503, 37.9541], [-122.32599, 37.95486], [-122.32605, 37.95489], [-122.32607, 37.95498], [-122.32625, 37.95565], [-122.32633, 37.95593], [-122.32641, 37.95626], [-122.3265, 37.95655], [-122.32655, 37.95674], [-122.32655, 37.95678], [-122.32654, 37.9568], [-122.32648, 37.95701], [-122.32634, 37.95738], [-122.32628, 37.95756], [-122.32618, 37.95793], [-122.32617, 37.95798], [-122.32605, 37.95855], [-122.3256, 37.95846], [-122.32556, 37.95868], [-122.32554, 37.95872], [-122.32511, 37.95871], [-122.32511, 37.95867], [-122.32511, 37.95865], [-122.32512, 37.95859], [-122.32515, 37.95848], [-122.32509, 37.95847], [-122.32473, 37.9584], [-122.32472, 37.95844], [-122.32471, 37.95849], [-122.32469, 37.95851], [-122.32467, 37.95853], [-122.32462, 37.9585], [-122.32434, 37.95832], [-122.32425, 37.95826], [-122.32423, 37.95827], [-122.3242, 37.95828], [-122.3241, 37.95832], [-122.32401, 37.95836], [-122.32391, 37.95834], [-122.32383, 37.95833], [-122.32372, 37.95831], [-122.32369, 37.9583], [-122.32353, 37.95828], [-122.32348, 37.95827], [-122.32335, 37.95824], [-122.32329, 37.95823], [-122.32321, 37.95822], [-122.32307, 37.95825], [-122.323, 37.95827], [-122.3229, 37.95829], [-122.32274, 37.95833], [-122.32274, 37.95835], [-122.32286, 37.95874], [-122.32289, 37.95887], [-122.323, 37.95921], [-122.323, 37.95924], [-122.32312, 37.95961], [-122.32317, 37.95967], [-122.32295, 37.95972], [-122.32291, 37.95973], [-122.32273, 37.95978], [-122.32258, 37.9598], [-122.32242, 37.95977], [-122.32227, 37.95974], [-122.32209, 37.95973], [-122.32193, 37.95975], [-122.32183, 37.95978], [-122.32147, 37.95988], [-122.32128, 37.95994], [-122.32071, 37.96011], [-122.32059, 37.96015], [-122.32052, 37.96017], [-122.3204, 37.96019], [-122.32015, 37.96031], [-122.32009, 37.96036], [-122.31993, 37.96046], [-122.31972, 37.96055], [-122.31954, 37.96057], [-122.3193, 37.96053], [-122.31902, 37.96043], [-122.31874, 37.96032], [-122.31854, 37.9603], [-122.31842, 37.9603], [-122.31843, 37.96036], [-122.31852, 37.96066], [-122.319, 37.96225], [-122.31913, 37.96269], [-122.31917, 37.96282], [-122.3194, 37.96359], [-122.31947, 37.96382], [-122.31976, 37.96377], [-122.31978, 37.96387], [-122.31982, 37.96399], [-122.32014, 37.96393], [-122.32024, 37.96391], [-122.32098, 37.96377], [-122.3219, 37.9636], [-122.3225, 37.96349], [-122.3229, 37.96341], [-122.3229, 37.96339], [-122.32354, 37.96328], [-122.32374, 37.96324], [-122.32394, 37.96399], [-122.32399, 37.96423], [-122.32401, 37.96428], [-122.32414, 37.96455], [-122.32415, 37.96458], [-122.32432, 37.96501], [-122.32435, 37.96509], [-122.32439, 37.96517], [-122.32444, 37.9653], [-122.32446, 37.96536], [-122.32442, 37.9654], [-122.32429, 37.96549], [-122.32421, 37.96555], [-122.32393, 37.96578], [-122.3239, 37.96573], [-122.32329, 37.96621], [-122.32323, 37.96624], [-122.32316, 37.96627], [-122.32305, 37.9663], [-122.32308, 37.96635], [-122.32313, 37.96643], [-122.32321, 37.9664], [-122.32336, 37.96635], [-122.32349, 37.96627], [-122.324, 37.96589], [-122.32429, 37.96568], [-122.32452, 37.9655], [-122.32459, 37.96545], [-122.32474, 37.96537], [-122.32474, 37.96526], [-122.32487, 37.9652], [-122.32519, 37.96507], [-122.32549, 37.96494], [-122.32564, 37.96487], [-122.32571, 37.96483], [-122.32578, 37.96479], [-122.32598, 37.96468], [-122.32611, 37.9646], [-122.32625, 37.96451], [-122.32647, 37.96438], [-122.32681, 37.96418], [-122.32787, 37.96366], [-122.32817, 37.96353], [-122.32847, 37.96339], [-122.32877, 37.96326], [-122.32908, 37.96312], [-122.32916, 37.96309], [-122.32932, 37.96303], [-122.3295, 37.96299], [-122.32964, 37.96298], [-122.32976, 37.96298], [-122.32995, 37.96299], [-122.33089, 37.96307], [-122.33228, 37.96319], [-122.33265, 37.96322], [-122.33265, 37.96311], [-122.33297, 37.96311], [-122.33326, 37.9631], [-122.33346, 37.96309], [-122.33373, 37.96309], [-122.33458, 37.9631], [-122.33508, 37.96312], [-122.33535, 37.96312], [-122.33554, 37.96344], [-122.33566, 37.96361], [-122.33578, 37.96366], [-122.33606, 37.9638], [-122.33622, 37.96387], [-122.33623, 37.96386], [-122.33627, 37.96379], [-122.33627, 37.96378], [-122.33629, 37.96372], [-122.33631, 37.96367], [-122.33631, 37.96363], [-122.33643, 37.96363], [-122.33701, 37.96365], [-122.33701, 37.964], [-122.33701, 37.96529], [-122.33702, 37.96553], [-122.33702, 37.9677], [-122.33702, 37.96777], [-122.33702, 37.96779], [-122.33701, 37.96811], [-122.33701, 37.96838], [-122.33702, 37.96847], [-122.33701, 37.96877], [-122.33701, 37.96932], [-122.33971, 37.97192], [-122.33985, 37.97206], [-122.3399, 37.97211], [-122.34008, 37.97228], [-122.34016, 37.97226], [-122.34097, 37.97213], [-122.34159, 37.97202], [-122.34189, 37.97197], [-122.34191, 37.97198], [-122.34201, 37.97201], [-122.34201, 37.97202], [-122.34201, 37.97216], [-122.34209, 37.97272], [-122.34209, 37.97285], [-122.3421, 37.97289], [-122.34213, 37.97298], [-122.34211, 37.9731], [-122.34209, 37.97324], [-122.34212, 37.97338], [-122.34217, 37.97362], [-122.34263, 37.97368], [-122.34283, 37.9737], [-122.34267, 37.97428], [-122.34266, 37.97432], [-122.3426, 37.97447], [-122.34256, 37.97466], [-122.34252, 37.97481], [-122.3424, 37.97518], [-122.34225, 37.97561], [-122.34218, 37.97579], [-122.34206, 37.97612], [-122.34191, 37.97646], [-122.34178, 37.97674], [-122.34149, 37.97749], [-122.34148, 37.97751], [-122.34138, 37.97772], [-122.34132, 37.97783], [-122.34125, 37.97796], [-122.34119, 37.97804], [-122.34087, 37.97857], [-122.34079, 37.97867], [-122.3407, 37.97879], [-122.34063, 37.97887], [-122.34041, 37.97913], [-122.34028, 37.97928], [-122.33996, 37.97965], [-122.33959, 37.98009], [-122.33923, 37.9805], [-122.33888, 37.98091], [-122.33878, 37.98103], [-122.33848, 37.98137], [-122.33838, 37.98149], [-122.33833, 37.98156], [-122.33896, 37.98156], [-122.3393, 37.98156], [-122.3398, 37.98156], [-122.34037, 37.98155], [-122.34094, 37.98155], [-122.34171, 37.98155], [-122.34212, 37.98155], [-122.34319, 37.98155], [-122.34397, 37.98155], [-122.34454, 37.98155], [-122.34563, 37.98155], [-122.34671, 37.98156], [-122.34671, 37.98128], [-122.34671, 37.98093], [-122.34671, 37.98076], [-122.34687, 37.98074], [-122.34709, 37.98071], [-122.34775, 37.98063], [-122.34808, 37.98058], [-122.34846, 37.98053], [-122.34914, 37.98045], [-122.34935, 37.98042], [-122.34951, 37.9804], [-122.34995, 37.98034], [-122.35008, 37.98033], [-122.35023, 37.98031], [-122.35228, 37.98004], [-122.35252, 37.98002], [-122.35279, 37.97994], [-122.35282, 37.97993], [-122.35292, 37.97991], [-122.35295, 37.9799], [-122.35302, 37.97965], [-122.35302, 37.97963], [-122.35309, 37.97941], [-122.3532, 37.97897], [-122.35324, 37.97882], [-122.35326, 37.97873], [-122.35331, 37.97854], [-122.35348, 37.97789], [-122.35366, 37.97726], [-122.35366, 37.97724], [-122.35425, 37.97505], [-122.35485, 37.97286], [-122.35507, 37.97205], [-122.35529, 37.97125], [-122.35584, 37.96921], [-122.35639, 37.96718], [-122.35649, 37.96677], [-122.35682, 37.96551], [-122.35704, 37.96462], [-122.35734, 37.96332], [-122.35753, 37.96132], [-122.35755, 37.96105], [-122.35773, 37.95876], [-122.35794, 37.9561], [-122.35806, 37.95474], [-122.3581, 37.95427], [-122.35819, 37.95319], [-122.35824, 37.95264], [-122.3583, 37.9521], [-122.35833, 37.9521], [-122.35845, 37.9521], [-122.35849, 37.9521], [-122.3585, 37.9521], [-122.35855, 37.95136], [-122.35857, 37.951], [-122.35858, 37.95081]]]}}, {"type": "Feature", "properties": {"name": "El Cerrito", "kind": "city", "geoid": "0621796"}, "geometry": {"type": "Polygon", "coordinates": [[[-122.32332, 37.9311], [-122.32317, 37.93089], [-122.32305, 37.93072], [-122.32288, 37.93048], [-122.32245, 37.92988], [-122.32212, 37.92942], [-122.32195, 37.92918], [-122.32186, 37.92905], [-122.3217, 37.92883], [-122.32145, 37.92848], [-122.3213, 37.92827], [-122.32111, 37.928], [-122.32104, 37.92788], [-122.321, 37.92782], [-122.32092, 37.92768], [-122.3209, 37.92764], [-122.32073, 37.92735], [-122.3207, 37.9273], [-122.3207, 37.92712], [-122.3207, 37.92707], [-122.3207, 37.92689], [-122.3207, 37.92667], [-122.3207, 37.92641], [-122.32069, 37.9261], [-122.32069, 37.92602], [-122.3207, 37.92595], [-122.3207, 37.9255], [-122.3207, 37.92547], [-122.3207, 37.92544], [-122.32071, 37.92488], [-122.32071, 37.92459], [-122.32071, 37.92424], [-122.32071, 37.92417], [-122.32073, 37.92364], [-122.32072, 37.923], [-122.32072, 37.92239], [-122.32072, 37.92234], [-122.32072, 37.92198], [-122.32071, 37.92173], [-122.32071, 37.92168], [-122.32074, 37.92168], [-122.32074, 37.92165], [-122.32074, 37.92107], [-122.32074, 37.92098], [-122.32078, 37.92098], [-122.32078, 37.92085], [-122.32078, 37.92063], [-122.32077, 37.92033], [-122.32076, 37.92002], [-122.32077, 37.91981], [-122.32077, 37.9197], [-122.32068, 37.91969], [-122.32069, 37.91924], [-122.32065, 37.91924], [-122.3187, 37.9191], [-122.31844, 37.9191], [-122.31814, 37.9191], [-122.31807, 37.9191], [-122.31796, 37.9191], [-122.31786, 37.9191], [-122.31754, 37.9191], [-122.31733, 37.9191], [-122.31712, 37.9191], [-122.31679, 37.9191], [-122.31654, 37.9191], [-122.31628, 37.9191], [-122.31619, 37.9191], [-122.31602, 37.91909], [-122.31584, 37.91909], [-122.31567, 37.91909], [-122.31541, 37.91909], [-122.31524, 37.91909], [-122.31511, 37.91909], [-122.31498, 37.91908], [-122.31485, 37.91908], [-122.3148, 37.91903], [-122.3147, 37.91889], [-122.31455, 37.91868], [-122.314, 37.91791], [-122.3134, 37.91707], [-122.31335, 37.91699], [-122.31334, 37.91698], [-122.31335, 37.91698], [-122.31335, 37.9167], [-122.31316, 37.9167], [-122.31316, 37.91673], [-122.31314, 37.9167], [-122.31287, 37.91632], [-122.31264, 37.91599], [-122.31194, 37.916], [-122.31176, 37.91599], [-122.31158, 37.91574], [-122.3115, 37.91562], [-122.31142, 37.91551], [-122.3107, 37.91448], [-122.3104, 37.91405], [-122.31024, 37.91381], [-122.30973, 37.91306], [-122.30946, 37.91268], [-122.30914, 37.91224], [-122.30849, 37.91127], [-122.30837, 37.91107], [-122.30806, 37.91063], [-122.30791, 37.9104], [-122.30749, 37.90982], [-122.30731, 37.90955], [-122.30708, 37.90919], [-122.30666, 37.90858], [-122.30622, 37.90796], [-122.30607, 37.90775], [-122.30601, 37.90764], [-122.3059, 37.90748], [-122.3058, 37.90734], [-122.30539, 37.90673], [-122.30532, 37.90661], [-122.30525, 37.90645], [-122.3051, 37.90612], [-122.30508, 37.90605], [-122.30478, 37.90539], [-122.30448, 37.90473], [-122.30437, 37.90453], [-122.30432, 37.90441], [-122.30445, 37.90436], [-122.30482, 37.9042], [-122.30538, 37.90396], [-122.30541, 37.90399], [-122.30571, 37.90386], [-122.30586, 37.9038], [-122.30584, 37.90377], [-122.30583, 37.90376], [-122.30598, 37.9037], [-122.30698, 37.90327], [-122.30763, 37.90299], [-122.30853, 37.90261], [-122.30922, 37.90232], [-122.30942, 37.90223], [-122.30965, 37.90213], [-122.30989, 37.90202], [-122.30976, 37.90183], [-122.30969, 37.90172], [-122.30965, 37.90166], [-122.30961, 37.9016], [-122.30953, 37.90148], [-122.30952, 37.90147], [-122.30953, 37.90147], [-122.30936, 37.90122], [-122.30935, 37.90113], [-122.30933, 37.90107], [-122.30924, 37.90094], [-122.3092, 37.90088], [-122.30917, 37.90084], [-122.30881, 37.90089], [-122.30863, 37.90091], [-122.30853, 37.90095], [-122.30844, 37.90098], [-122.30837, 37.90101], [-122.30833, 37.90103], [-122.30818, 37.90111], [-122.30815, 37.90127], [-122.30809, 37.90135], [-122.308, 37.90144], [-122.30799, 37.90146], [-122.30793, 37.90152], [-122.30787, 37.90159], [-122.30786, 37.90159], [-122.3078, 37.90168], [-122.30773, 37.90176], [-122.30765, 37.90189], [-122.30743, 37.90225], [-122.30739, 37.90232], [-122.30735, 37.9024], [-122.30731, 37.90245], [-122.30729, 37.90246], [-122.30727, 37.90246], [-122.3072, 37.90248], [-122.30705, 37.9025], [-122.30696, 37.90219], [-122.30693, 37.90212], [-122.30678, 37.90164], [-122.3067, 37.90157], [-122.30663, 37.90151], [-122.30687, 37.90147], [-122.30699, 37.90145], [-122.30704, 37.90144], [-122.30721, 37.90142], [-122.30723, 37.90122], [-122.30725, 37.90103], [-122.3073, 37.90077], [-122.30732, 37.90065], [-122.30728, 37.90059], [-122.30725, 37.90053], [-122.30721, 37.90046], [-122.30716, 37.90038], [-122.30713, 37.90033], [-122.30708, 37.90021], [-122.30696, 37.89987], [-122.30693, 37.8998], [-122.30692, 37.89976], [-122.30683, 37.89953], [-122.30682, 37.89951], [-122.30681, 37.8995], [-122.30661, 37.8994], [-122.30658, 37.8994], [-122.30651, 37.89939], [-122.30641, 37.89924], [-122.30624, 37.899], [-122.30605, 37.89873], [-122.30595, 37.89857], [-122.30582, 37.89839], [-122.30577, 37.89832], [-122.30546, 37.89839], [-122.30541, 37.89818], [-122.30541, 37.89816], [-122.3047, 37.89824], [-122.30337, 37.89839], [-122.30321, 37.89841], [-122.30245, 37.89849], [-122.30218, 37.89852], [-122.30158, 37.89823], [-122.30144, 37.89816], [-122.301, 37.89795], [-122.30049, 37.89799], [-122.30017, 37.89794], [-122.29965, 37.8981], [-122.29891, 37.89824], [-122.29884, 37.89832], [-122.29881, 37.89834], [-122.2987, 37.89842], [-122.29799, 37.89856], [-122.29784, 37.89859], [-122.29742, 37.89887], [-122.29737, 37.89887], [-122.29718, 37.89886], [-122.29676, 37.89883], [-122.29654, 37.89893], [-122.2964, 37.89893], [-122.29634, 37.89893], [-122.29621, 37.89893], [-122.29598, 37.89893], [-122.29587, 37.89891], [-122.29518, 37.89882], [-122.29488, 37.89878], [-122.29455, 37.89874], [-122.29448, 37.89873], [-122.29391, 37.89837], [-122.29367, 37.89847], [-122.29345, 37.89856], [-122.29342, 37.89855], [-122.29333, 37.8985], [-122.29329, 37.89842], [-122.29283, 37.89837], [-122.29271, 37.89835], [-122.29266, 37.89834], [-122.29253, 37.89832], [-122.29235, 37.89829], [-122.29198, 37.89823], [-122.29191, 37.8982], [-122.29182, 37.89817], [-122.29164, 37.89811], [-122.29161, 37.8981], [-122.29147, 37.89805], [-122.29076, 37.89776], [-122.29073, 37.89775], [-122.2906, 37.89769], [-122.29011, 37.8976], [-122.28988, 37.89755], [-122.28957, 37.89749], [-122.28923, 37.89752], [-122.28902, 37.89754], [-122.28844, 37.8976], [-122.28817, 37.89784], [-122.28817, 37.89789], [-122.28817, 37.89795], [-122.28816, 37.8981], [-122.28806, 37.89845], [-122.28803, 37.89902], [-122.28805, 37.89931], [-122.28806, 37.89949], [-122.28806, 37.8995], [-122.28811, 37.89983], [-122.28812, 37.89997], [-122.28811, 37.90002], [-122.28806, 37.90019], [-122.28809, 37.90022], [-122.28813, 37.9003], [-122.28816, 37.90035], [-122.28822, 37.90047], [-122.28833, 37.90088], [-122.28838, 37.90107], [-122.28841, 37.90121], [-122.28846, 37.90144], [-122.2885, 37.90166], [-122.28853, 37.90181], [-122.28856, 37.90202], [-122.28857, 37.90212], [-122.28858, 37.90224], [-122.28859, 37.90247], [-122.28858, 37.90267], [-122.28858, 37.90289], [-122.28857, 37.90312], [-122.28857, 37.90325], [-122.28858, 37.90341], [-122.2886, 37.90349], [-122.28863, 37.90356], [-122.28865, 37.9036], [-122.28868, 37.90363], [-122.28875, 37.90368], [-122.28882, 37.90372], [-122.28884, 37.90373], [-122.28889, 37.90375], [-122.28896, 37.90378], [-122.28904, 37.9038], [-122.28907, 37.9038], [-122.28921, 37.90381], [-122.28927, 37.90381], [-122.28932, 37.90381], [-122.28989, 37.90378], [-122.2901, 37.90377], [-122.29024, 37.90376], [-122.29031, 37.90376], [-122.29035, 37.90376], [-122.29043, 37.9038], [-122.29059, 37.90387], [-122.29088, 37.90402], [-122.2909, 37.90403], [-122.291, 37.90411], [-122.29104, 37.90415], [-122.29092, 37.90419], [-122.29095, 37.90433], [-122.28999, 37.90517], [-122.28963, 37.90527], [-122.28846, 37.90562], [-122.28843, 37.90591], [-122.28847, 37.9061], [-122.2885, 37.90627], [-122.28853, 37.90642], [-122.28864, 37.90701], [-122.28894, 37.90859], [-122.28897, 37.90873], [-122.28903, 37.90893], [-122.28906, 37.90908], [-122.28718, 37.90991], [-122.28742, 37.91046], [-122.28756, 37.91079], [-122.28767, 37.91102], [-122.2878, 37.91134], [-122.28825, 37.91236], [-122.28867, 37.91331], [-122.28908, 37.91425], [-122.28828, 37.91482], [-122.28821, 37.91486], [-122.28804, 37.91498], [-122.28799, 37.91503], [-122.28749, 37.91539], [-122.28578, 37.91662], [-122.28575, 37.91664], [-122.28566, 37.91668], [-122.28557, 37.91673], [-122.28539, 37.91689], [-122.28529, 37.91696], [-122.28526, 37.917], [-122.28523, 37.91703], [-122.28517, 37.91705], [-122.28505, 37.91713], [-122.28479, 37.91731], [-122.2847, 37.91737], [-122.28465, 37.91741], [-122.28366, 37.91812], [-122.283, 37.91858], [-122.28284, 37.9187], [-122.28255, 37.9189], [-122.28247, 37.91883], [-122.28193, 37.91834], [-122.28155, 37.91853], [-122.28121, 37.9187], [-122.28112, 37.91874], [-122.28126, 37.919], [-122.2813, 37.91906], [-122.28137, 37.91915], [-122.28144, 37.91922], [-122.2815, 37.91928], [-122.28153, 37.9193], [-122.28186, 37.91955], [-122.28206, 37.9197], [-122.28218, 37.91982], [-122.28228, 37.91993], [-122.28243, 37.92012], [-122.28271, 37.91993], [-122.28293, 37.92014], [-122.28298, 37.9202], [-122.28303, 37.92033], [-122.28321, 37.92056], [-122.28341, 37.92081], [-122.28364, 37.92103], [-122.28383, 37.92122], [-122.28406, 37.92142], [-122.2845, 37.9218], [-122.28494, 37.92221], [-122.28536, 37.92261], [-122.28577, 37.923], [-122.28598, 37.92321], [-122.28623, 37.92357], [-122.28648, 37.92393], [-122.2867, 37.92425], [-122.28756, 37.92453], [-122.288, 37.92466], [-122.28803, 37.92467], [-122.28835, 37.92511], [-122.28849, 37.92516], [-122.28857, 37.92519], [-122.28867, 37.92521], [-122.28881, 37.92525], [-122.28934, 37.92542], [-122.28948, 37.92536], [-122.28965, 37.92531], [-122.28971, 37.92537], [-122.29018, 37.92579], [-122.29075, 37.92631], [-122.29142, 37.92692], [-122.2918, 37.92726], [-122.29127, 37.92763], [-122.29164, 37.92808], [-122.29175, 37.92829], [-122.29186, 37.92839], [-122.29173, 37.92848], [-122.29115, 37.92889], [-122.29101, 37.92898], [-122.29073, 37.92918], [-122.29064, 37.92925], [-122.29091, 37.92949], [-122.29117, 37.92973], [-122.29163, 37.93014], [-122.29208, 37.93054], [-122.29224, 37.93069], [-122.29335, 37.93106], [-122.29417, 37.93134], [-122.29489, 37.93158], [-122.29513, 37.93144], [-122.29521, 37.93138], [-122.29529, 37.93133], [-122.29551, 37.93165], [-122.2957, 37.93192], [-122.29574, 37.93197], [-122.29601, 37.9318], [-122.29606, 37.93185], [-122.29663, 37.93236], [-122.29709, 37.93204], [-122.29815, 37.93299], [-122.29841, 37.93322], [-122.29907, 37.93382], [-122.30022, 37.93486], [-122.30169, 37.93618], [-122.30367, 37.93797], [-122.30358, 37.9382], [-122.30416, 37.93821], [-122.30707, 37.93823], [-122.30711, 37.93823], [-122.30721, 37.93824], [-122.3078, 37.93823], [-122.30797, 37.93824], [-122.30966, 37.93825], [-122.31021, 37.93826], [-122.31037, 37.93826], [-122.31139, 37.93827], [-122.31213, 37.93828], [-122.31222, 37.93828], [-122.31305, 37.93828], [-122.31332, 37.93829], [-122.31392, 37.93829], [-122.31432, 37.93829], [-122.31475, 37.9383], [-122.31514, 37.9383], [-122.31532, 37.93826], [-122.31536, 37.93826], [-122.3154, 37.93826], [-122.31552, 37.93826], [-122.31592, 37.93828], [-122.316, 37.93828], [-122.31611, 37.93829], [-122.31622, 37.93831], [-122.31664, 37.93831], [-122.31685, 37.93831], [-122.31731, 37.93832], [-122.31777, 37.93832], [-122.31783, 37.93832], [-122.31792, 37.93832], [-122.31802, 37.93832], [-122.31818, 37.93833], [-122.31836, 37.93833], [-122.31847, 37.93833], [-122.31858, 37.93833], [-122.3189, 37.93833], [-122.3191, 37.93833], [-122.31947, 37.93834], [-122.31955, 37.93833], [-122.3197, 37.93834], [-122.32032, 37.93834], [-122.32032, 37.93823], [-122.32032, 37.9381], [-122.32032, 37.93782], [-122.32032, 37.93777], [-122.32032, 37.93755], [-122.32032, 37.93741], [-122.32032, 37.93738], [-122.32032, 37.93713], [-122.32032, 37.93709], [-122.32032, 37.93688], [-122.32032, 37.93682], [-122.32033, 37.93658], [-122.3203, 37.93629], [-122.3203, 37.93613], [-122.32026, 37.93559], [-122.32028, 37.93476], [-122.3203, 37.93407], [-122.32035, 37.93336], [-122.32036, 37.93302], [-122.32037, 37.93297], [-122.32036, 37.93284], [-122.32036, 37.93262], [-122.32036, 37.93233], [-122.32037, 37.93209], [-122.32037, 37.932], [-122.32037, 37.93167], [-122.32037, 37.9315], [-122.32038, 37.93112], [-122.32056, 37.93111], [-122.32096, 37.93112], [-122.32106, 37.93111], [-122.3212, 37.93111], [-122.32191, 37.9311], [-122.32218, 37.9311], [-122.32251, 37.9311], [-122.32266, 37.9311], [-122.32272, 37.9311], [-122.32332, 37.9311]]]}}, {"type": "Feature", "properties": {"name": "Pinole", "kind": "city", "geoid": "0657288"}, "geometry": {"type": "Polygon", "coordinates": [[[-122.39078, 38.02958], [-122.39138, 38.02882], [-122.39074, 38.02857], [-122.38976, 38.02814], [-122.3846, 38.026], [-122.36363, 38.01731], [-122.36184, 38.01657], [-122.36014, 38.01586], [-122.35975, 38.0157], [-122.35559, 38.01397], [-122.35353, 38.01312], [-122.34814, 38.01088], [-122.34408, 38.0092], [-122.34338, 38.00891], [-122.34188, 38.00829], [-122.34027, 38.0076], [-122.33921, 38.00718], [-122.33784, 38.00657], [-122.33102, 38.00378], [-122.33069, 38.00394], [-122.32455, 38.00675], [-122.32027, 38.0094], [-122.31756, 38.01108], [-122.31767, 38.01108], [-122.31751, 38.01118], [-122.31721, 38.0113], [-122.317, 38.01143], [-122.3167, 38.01161], [-122.31674, 38.01165], [-122.3164, 38.01209], [-122.31628, 38.01206], [-122.31615, 38.01212], [-122.31596, 38.01195], [-122.31596, 38.0119], [-122.31555, 38.01171], [-122.31554, 38.01166], [-122.31408, 38.01153], [-122.31373, 38.01158], [-122.31367, 38.01134], [-122.31334, 38.01138], [-122.31337, 38.01096], [-122.31332, 38.01097], [-122.31334, 38.01084], [-122.31335, 38.01077], [-122.31338, 38.01059], [-122.31341, 38.01041], [-122.31342, 38.01035], [-122.31347, 38.01001], [-122.31377, 38.00843], [-122.31406, 38.00674], [-122.31439, 38.00477], [-122.3144, 38.00476], [-122.31442, 38.00475], [-122.31456, 38.00421], [-122.31554, 38.00385], [-122.31612, 38.00369], [-122.31724, 38.00334], [-122.31767, 38.00323], [-122.31697, 38.00305], [-122.31694, 38.00302], [-122.31665, 38.0026], [-122.31702, 38.00243], [-122.3174, 38.00226], [-122.31755, 38.0022], [-122.31825, 38.00188], [-122.31842, 38.00181], [-122.31865, 38.00171], [-122.31854, 38.0016], [-122.3184, 38.00146], [-122.31808, 38.00101], [-122.31802, 38.00091], [-122.31792, 38.00078], [-122.31782, 38.00057], [-122.31775, 38.0004], [-122.31772, 38.00034], [-122.31768, 38.00026], [-122.31761, 38.00006], [-122.3176, 38.00002], [-122.31759, 37.99999], [-122.31758, 37.99991], [-122.31757, 37.99988], [-122.31756, 37.99973], [-122.31755, 37.9997], [-122.31754, 37.99957], [-122.31753, 37.99953], [-122.31752, 37.99941], [-122.31751, 37.99936], [-122.3175, 37.9993], [-122.31746, 37.99894], [-122.31736, 37.99898], [-122.31626, 37.99764], [-122.31613, 37.99729], [-122.3161, 37.99712], [-122.316, 37.99698], [-122.31569, 37.99701], [-122.3152, 37.99705], [-122.31526, 37.99744], [-122.31531, 37.99779], [-122.31534, 37.99783], [-122.31506, 37.99787], [-122.31496, 37.99789], [-122.31475, 37.99791], [-122.31466, 37.99791], [-122.31442, 37.99762], [-122.31417, 37.99742], [-122.31383, 37.99753], [-122.31386, 37.99767], [-122.31376, 37.99774], [-122.31359, 37.99772], [-122.31356, 37.99778], [-122.31353, 37.99777], [-122.31345, 37.99775], [-122.31342, 37.99774], [-122.31329, 37.9978], [-122.31311, 37.99786], [-122.31292, 37.99797], [-122.31267, 37.99812], [-122.31266, 37.99813], [-122.31267, 37.99814], [-122.31212, 37.99845], [-122.31203, 37.9985], [-122.31173, 37.99818], [-122.31141, 37.99785], [-122.31159, 37.99774], [-122.31005, 37.99635], [-122.30956, 37.99542], [-122.30918, 37.99505], [-122.30843, 37.99432], [-122.30729, 37.99283], [-122.30771, 37.99255], [-122.30804, 37.99241], [-122.30824, 37.99232], [-122.30843, 37.99224], [-122.30862, 37.99215], [-122.30882, 37.99206], [-122.30901, 37.99198], [-122.3092, 37.9919], [-122.30939, 37.99181], [-122.30959, 37.99173], [-122.30978, 37.99164], [-122.30998, 37.99155], [-122.31017, 37.99147], [-122.31042, 37.99136], [-122.31075, 37.99121], [-122.31136, 37.99094], [-122.3119, 37.99071], [-122.31202, 37.99065], [-122.31221, 37.99061], [-122.31244, 37.99056], [-122.3126, 37.99053], [-122.31272, 37.99052], [-122.31295, 37.9905], [-122.31317, 37.99047], [-122.31354, 37.99044], [-122.31386, 37.9903], [-122.31361, 37.99002], [-122.31359, 37.98978], [-122.31361, 37.9895], [-122.31373, 37.98901], [-122.31402, 37.98867], [-122.31454, 37.98799], [-122.3147, 37.98768], [-122.31508, 37.98698], [-122.31514, 37.98688], [-122.31517, 37.98682], [-122.3152, 37.98676], [-122.31556, 37.9861], [-122.31583, 37.9856], [-122.31572, 37.98555], [-122.31563, 37.98551], [-122.31545, 37.98542], [-122.31538, 37.98539], [-122.31522, 37.98531], [-122.31495, 37.98519], [-122.31485, 37.98514], [-122.31475, 37.98509], [-122.31456, 37.985], [-122.31425, 37.98485], [-122.31408, 37.98477], [-122.31392, 37.98469], [-122.31375, 37.9846], [-122.31335, 37.98441], [-122.3133, 37.98439], [-122.31282, 37.98412], [-122.31269, 37.98407], [-122.31231, 37.98394], [-122.31219, 37.98389], [-122.312, 37.98383], [-122.31188, 37.98379], [-122.31109, 37.98458], [-122.30998, 37.98574], [-122.30956, 37.9857], [-122.30956, 37.98619], [-122.30955, 37.98628], [-122.30936, 37.98641], [-122.30877, 37.98676], [-122.30859, 37.98687], [-122.30853, 37.9871], [-122.3082, 37.98751], [-122.30809, 37.98745], [-122.30804, 37.98743], [-122.30783, 37.98756], [-122.30745, 37.98779], [-122.30759, 37.98787], [-122.30774, 37.98795], [-122.30796, 37.98817], [-122.30806, 37.98819], [-122.30806, 37.98827], [-122.30833, 37.98852], [-122.30805, 37.98867], [-122.30767, 37.98868], [-122.30767, 37.98877], [-122.30767, 37.98894], [-122.30756, 37.98894], [-122.30758, 37.98946], [-122.30711, 37.98948], [-122.30705, 37.98948], [-122.30693, 37.98947], [-122.30693, 37.98955], [-122.30127, 37.98957], [-122.30096, 37.98956], [-122.30093, 37.98935], [-122.30088, 37.98907], [-122.30068, 37.98887], [-122.30048, 37.98855], [-122.30036, 37.98823], [-122.30038, 37.98767], [-122.3004, 37.98761], [-122.30057, 37.98706], [-122.30068, 37.98653], [-122.30047, 37.9864], [-122.30023, 37.98631], [-122.30039, 37.98603], [-122.30047, 37.98588], [-122.30015, 37.98578], [-122.29952, 37.98577], [-122.2985, 37.98606], [-122.29835, 37.9861], [-122.29827, 37.98613], [-122.29828, 37.98616], [-122.2982, 37.98618], [-122.29799, 37.98624], [-122.29805, 37.98641], [-122.29607, 37.98696], [-122.29602, 37.98667], [-122.29585, 37.98622], [-122.29558, 37.98633], [-122.2949, 37.9866], [-122.29458, 37.98735], [-122.29415, 37.98728], [-122.29352, 37.98724], [-122.29346, 37.98701], [-122.29337, 37.98668], [-122.29284, 37.9865], [-122.29184, 37.98632], [-122.29185, 37.98661], [-122.29186, 37.98733], [-122.29185, 37.98758], [-122.29185, 37.98771], [-122.29186, 37.98796], [-122.29217, 37.98814], [-122.29369, 37.98903], [-122.29339, 37.98904], [-122.29233, 37.9889], [-122.2923, 37.98897], [-122.29201, 37.98886], [-122.292, 37.98914], [-122.29199, 37.98964], [-122.29162, 37.98961], [-122.29134, 37.98958], [-122.29121, 37.98954], [-122.29084, 37.98942], [-122.29072, 37.98938], [-122.29072, 37.98905], [-122.29073, 37.98805], [-122.29073, 37.98772], [-122.29071, 37.98752], [-122.29071, 37.98724], [-122.28966, 37.98701], [-122.28953, 37.98745], [-122.28914, 37.98747], [-122.2889, 37.98735], [-122.28874, 37.98727], [-122.28864, 37.98751], [-122.28838, 37.988], [-122.28673, 37.98704], [-122.28623, 37.98675], [-122.28785, 37.98498], [-122.28848, 37.9843], [-122.28808, 37.98404], [-122.28812, 37.98402], [-122.28797, 37.98391], [-122.28804, 37.98386], [-122.28815, 37.98378], [-122.28767, 37.98336], [-122.28632, 37.98309], [-122.28457, 37.98316], [-122.2839, 37.98317], [-122.28391, 37.98278], [-122.28391, 37.98199], [-122.28365, 37.98199], [-122.28341, 37.982], [-122.28299, 37.9821], [-122.28195, 37.98204], [-122.28228, 37.98328], [-122.28232, 37.98341], [-122.28218, 37.98345], [-122.28106, 37.9836], [-122.28091, 37.9836], [-122.28067, 37.98344], [-122.27921, 37.98247], [-122.27913, 37.98254], [-122.27902, 37.98248], [-122.27886, 37.98238], [-122.27886, 37.9815], [-122.27886, 37.98062], [-122.27881, 37.98062], [-122.27719, 37.97974], [-122.27439, 37.97818], [-122.27437, 37.97817], [-122.2742, 37.97804], [-122.27323, 37.97735], [-122.27185, 37.97652], [-122.27173, 37.97646], [-122.27097, 37.976], [-122.26805, 37.97427], [-122.26782, 37.97413], [-122.26737, 37.97406], [-122.26674, 37.97395], [-122.2666, 37.97393], [-122.26173, 37.97312], [-122.26069, 37.97295], [-122.26028, 37.97288], [-122.2579, 37.97421], [-122.25762, 37.97437], [-122.2566, 37.97493], [-122.2561, 37.97514], [-122.25609, 37.97632], [-122.25608, 37.97695], [-122.25707, 37.97694], [-122.25791, 37.97694], [-122.25784, 37.97712], [-122.25764, 37.97762], [-122.25761, 37.97762], [-122.25745, 37.97759], [-122.25724, 37.97754], [-122.25702, 37.97748], [-122.25683, 37.97741], [-122.25659, 37.97733], [-122.25616, 37.97718], [-122.25614, 37.97721], [-122.25581, 37.9779], [-122.25598, 37.97796], [-122.2565, 37.97795], [-122.2567, 37.97794], [-122.25694, 37.97838], [-122.25729, 37.97849], [-122.25719, 37.97874], [-122.25682, 37.9797], [-122.25658, 37.98029], [-122.25655, 37.98036], [-122.2564, 37.98074], [-122.25628, 37.98102], [-122.25624, 37.98114], [-122.2562, 37.98123], [-122.25609, 37.98126], [-122.25585, 37.98131], [-122.25579, 37.98132], [-122.25557, 37.98138], [-122.25541, 37.98141], [-122.25523, 37.98145], [-122.25516, 37.98148], [-122.25508, 37.9815], [-122.25499, 37.98152], [-122.25492, 37.98154], [-122.25484, 37.98156], [-122.25477, 37.98158], [-122.25417, 37.98173], [-122.25415, 37.98167], [-122.25298, 37.98155], [-122.25266, 37.98151], [-122.25171, 37.98141], [-122.25089, 37.98145], [-122.25082, 37.98146], [-122.25081, 37.98153], [-122.25079, 37.98165], [-122.25078, 37.98184], [-122.25076, 37.98187], [-122.25057, 37.98221], [-122.25003, 37.98317], [-122.24887, 37.98331], [-122.2478, 37.98353], [-122.24736, 37.98349], [-122.24782, 37.98214], [-122.24787, 37.98199], [-122.2462, 37.98161], [-122.24561, 37.98158], [-122.24536, 37.98172], [-122.24462, 37.98188], [-122.24353, 37.982], [-122.2435, 37.98208], [-122.24315, 37.98295], [-122.24311, 37.98295], [-122.2431, 37.98305], [-122.24218, 37.98312], [-122.24124, 37.98297], [-122.24001, 37.98355], [-122.23943, 37.98352], [-122.23884, 37.98345], [-122.23832, 37.98312], [-122.23778, 37.98265], [-122.23719, 37.98283], [-122.23664, 37.98323], [-122.236, 37.98341], [-122.23685, 37.98394], [-122.24126, 37.98669], [-122.24549, 37.98932], [-122.24654, 37.98998], [-122.24981, 37.99201], [-122.24997, 37.99208], [-122.2516, 37.99275], [-122.25368, 37.99361], [-122.25482, 37.99316], [-122.25627, 37.99258], [-122.25672, 37.99247], [-122.25954, 37.99176], [-122.26427, 37.99185], [-122.26507, 37.99187], [-122.26891, 37.99273], [-122.27319, 37.9944], [-122.27488, 37.99506], [-122.27581, 37.99646], [-122.27602, 37.99674], [-122.27614, 37.99696], [-122.277, 37.99831], [-122.27708, 37.99844], [-122.27735, 37.99886], [-122.27758, 37.99921], [-122.27808, 38.00004], [-122.27956, 38.00039], [-122.28012, 38.00029], [-122.28214, 38.00039], [-122.28171, 38.00099], [-122.28152, 38.00126], [-122.28099, 38.00157], [-122.28004, 38.0021], [-122.27991, 38.00224], [-122.27975, 38.00241], [-122.27975, 38.00244], [-122.27976, 38.00254], [-122.27985, 38.00301], [-122.27973, 38.00304], [-122.27958, 38.00309], [-122.27904, 38.00325], [-122.27957, 38.00381], [-122.27962, 38.00387], [-122.27975, 38.00401], [-122.28038, 38.00398], [-122.28045, 38.00398], [-122.28063, 38.00399], [-122.28119, 38.00405], [-122.28145, 38.00408], [-122.28165, 38.00411], [-122.28168, 38.00415], [-122.28178, 38.0043], [-122.28181, 38.00433], [-122.28192, 38.00449], [-122.28225, 38.00498], [-122.28231, 38.00508], [-122.28235, 38.00521], [-122.28243, 38.00545], [-122.28249, 38.00567], [-122.28257, 38.00597], [-122.28266, 38.00627], [-122.28275, 38.00658], [-122.2828, 38.00678], [-122.28288, 38.0069], [-122.28311, 38.00724], [-122.2833, 38.00753], [-122.28344, 38.00773], [-122.28364, 38.00794], [-122.28401, 38.00834], [-122.2844, 38.00878], [-122.28448, 38.00888], [-122.28473, 38.00878], [-122.28587, 38.00841], [-122.28533, 38.00889], [-122.2851, 38.0091], [-122.28504, 38.00915], [-122.2847, 38.00945], [-122.28511, 38.00923], [-122.28517, 38.0092], [-122.28639, 38.00855], [-122.28654, 38.00852], [-122.28749, 38.00831], [-122.28759, 38.0083], [-122.28861, 38.00816], [-122.28873, 38.00815], [-122.28874, 38.00822], [-122.28915, 38.00819], [-122.28928, 38.00818], [-122.28992, 38.00817], [-122.29028, 38.00816], [-122.29034, 38.00817], [-122.29062, 38.00846], [-122.29078, 38.00862], [-122.29082, 38.00872], [-122.29092, 38.00884], [-122.29109, 38.00901], [-122.29129, 38.00924], [-122.29132, 38.00929], [-122.29138, 38.00935], [-122.29157, 38.00959], [-122.29174, 38.00982], [-122.29197, 38.01012], [-122.29253, 38.0108], [-122.29265, 38.01095], [-122.29275, 38.01105], [-122.29294, 38.01119], [-122.29326, 38.01156], [-122.29375, 38.01215], [-122.29436, 38.01288], [-122.29452, 38.01308], [-122.29465, 38.01322], [-122.29476, 38.01336], [-122.29469, 38.01343], [-122.29404, 38.01407], [-122.29362, 38.01451], [-122.2936, 38.01454], [-122.2931, 38.01518], [-122.2931, 38.01523], [-122.29455, 38.01521], [-122.29473, 38.0152], [-122.29555, 38.01519], [-122.29756, 38.01516], [-122.29767, 38.01516], [-122.29776, 38.0152], [-122.29951, 38.01621], [-122.30081, 38.01695], [-122.30251, 38.01764], [-122.37331, 38.04616], [-122.37401, 38.04645], [-122.37666, 38.0476], [-122.37733, 38.04674], [-122.3814, 38.04155], [-122.38275, 38.03982], [-122.38476, 38.03726], [-122.39078, 38.02958]]]}}, {"type": "Feature", "properties": {"name": "Hercules", "kind": "city", "geoid": "0633308"}, "geometry": {"type": "Polygon", "coordinates": [[[-122.37598, 38.04847], [-122.37666, 38.0476], [-122.37401, 38.04645], [-122.37331, 38.04616], [-122.30251, 38.01764], [-122.30081, 38.01695], [-122.29951, 38.01621], [-122.29776, 38.0152], [-122.29767, 38.01516], [-122.29756, 38.01516], [-122.29555, 38.01519], [-122.29473, 38.0152], [-122.29455, 38.01521], [-122.2931, 38.01523], [-122.2931, 38.01518], [-122.2936, 38.01454], [-122.29362, 38.01451], [-122.29404, 38.01407], [-122.29469, 38.01343], [-122.29476, 38.01336], [-122.29465, 38.01322], [-122.29452, 38.01308], [-122.29436, 38.01288], [-122.29375, 38.01215], [-122.29326, 38.01156], [-122.29294, 38.01119], [-122.29275, 38.01105], [-122.29265, 38.01095], [-122.29253, 38.0108], [-122.29197, 38.01012], [-122.29174, 38.00982], [-122.29157, 38.00959], [-122.29138, 38.00935], [-122.29132, 38.00929], [-122.29129, 38.00924], [-122.29109, 38.00901], [-122.29092, 38.00884], [-122.29082, 38.00872], [-122.29078, 38.00862], [-122.29062, 38.00846], [-122.29034, 38.00817], [-122.29028, 38.00816], [-122.28992, 38.00817], [-122.28928, 38.00818], [-122.28915, 38.00819], [-122.28874, 38.00822], [-122.28873, 38.00815], [-122.28861, 38.00816], [-122.28759, 38.0083], [-122.28749, 38.00831], [-122.28654, 38.00852], [-122.28639, 38.00855], [-122.28517, 38.0092], [-122.28511, 38.00923], [-122.2847, 38.00945], [-122.28504, 38.00915], [-122.2851, 38.0091], [-122.28533, 38.00889], [-122.28587, 38.00841], [-122.28473, 38.00878], [-122.28448, 38.00888], [-122.2844, 38.00878], [-122.28401, 38.00834], [-122.28364, 38.00794], [-122.28344, 38.00773], [-122.2833, 38.00753], [-122.28311, 38.00724], [-122.28288, 38.0069], [-122.2828, 38.00678], [-122.28275, 38.00658], [-122.28266, 38.00627], [-122.28257, 38.00597], [-122.28249, 38.00567], [-122.28243, 38.00545], [-122.28235, 38.00521], [-122.28231, 38.00508], [-122.28225, 38.00498], [-122.28192, 38.00449], [-122.28181, 38.00433], [-122.28178, 38.0043], [-122.28168, 38.00415], [-122.28165, 38.00411], [-122.28145, 38.00408], [-122.28119, 38.00405], [-122.28063, 38.00399], [-122.28045, 38.00398], [-122.28038, 38.00398], [-122.27975, 38.00401], [-122.27962, 38.00387], [-122.27957, 38.00381], [-122.27904, 38.00325], [-122.27958, 38.00309], [-122.27973, 38.00304], [-122.27985, 38.00301], [-122.27976, 38.00254], [-122.27975, 38.00244], [-122.27975, 38.00241], [-122.27991, 38.00224], [-122.28004, 38.0021], [-122.28099, 38.00157], [-122.28152, 38.00126], [-122.28171, 38.00099], [-122.28214, 38.00039], [-122.28012, 38.00029], [-122.27956, 38.00039], [-122.27808, 38.00004], [-122.27758, 37.99921], [-122.27735, 37.99886], [-122.27708, 37.99844], [-122.277, 37.99831], [-122.27614, 37.99696], [-122.27602, 37.99674], [-122.27581, 37.99646], [-122.27488, 37.99506], [-122.27319, 37.9944], [-122.26891, 37.99273], [-122.26507, 37.99187], [-122.26427, 37.99185], [-122.25954, 37.99176], [-122.25672, 37.99247], [-122.25627, 37.99258], [-122.25482, 37.99316], [-122.25368, 37.99361], [-122.2516, 37.99275], [-122.24997, 37.99208], [-122.24981, 37.99201], [-122.24654, 37.98998], [-122.24549, 37.98932], [-122.24126, 37.98669], [-122.23685, 37.98394], [-122.236, 37.98341], [-122.2356, 37.98411], [-122.23497, 37.98435], [-122.23484, 37.9844], [-122.23457, 37.98468], [-122.23454, 37.98472], [-122.2344, 37.98485], [-122.23389, 37.98576], [-122.23224, 37.98676], [-122.23163, 37.98712], [-122.23075, 37.98765], [-122.23057, 37.988], [-122.2302, 37.98874], [-122.23007, 37.98899], [-122.22996, 37.9892], [-122.22988, 37.98938], [-122.22964, 37.98985], [-122.22938, 37.99037], [-122.22914, 37.99084], [-122.22862, 37.99187], [-122.22846, 37.99219], [-122.22823, 37.99263], [-122.22891, 37.9933], [-122.23009, 37.99336], [-122.23155, 37.99384], [-122.23191, 37.99395], [-122.23156, 37.99495], [-122.23112, 37.99618], [-122.23105, 37.99639], [-122.23086, 37.99639], [-122.23035, 37.99638], [-122.23021, 37.99638], [-122.22959, 37.99637], [-122.22715, 37.99636], [-122.2238, 37.99631], [-122.22328, 37.99631], [-122.22232, 37.9963], [-122.20962, 37.99617], [-122.20962, 37.99659], [-122.20961, 38.00061], [-122.20962, 38.00165], [-122.20966, 38.00746], [-122.20966, 38.00761], [-122.21005, 38.00755], [-122.21031, 38.00751], [-122.21036, 38.0075], [-122.21038, 38.0075], [-122.2104, 38.0075], [-122.21041, 38.00749], [-122.21042, 38.00749], [-122.21043, 38.00749], [-122.21045, 38.0075], [-122.21046, 38.0075], [-122.21047, 38.0075], [-122.21049, 38.0075], [-122.2105, 38.0075], [-122.21051, 38.0075], [-122.21052, 38.00751], [-122.21054, 38.00751], [-122.21055, 38.00751], [-122.21056, 38.00751], [-122.21057, 38.00752], [-122.21058, 38.00752], [-122.21059, 38.00753], [-122.2106, 38.00753], [-122.21062, 38.00754], [-122.21063, 38.00754], [-122.21064, 38.00755], [-122.21065, 38.00756], [-122.21066, 38.00756], [-122.21067, 38.00757], [-122.21068, 38.00758], [-122.21069, 38.00758], [-122.21069, 38.00759], [-122.2107, 38.0076], [-122.21071, 38.0076], [-122.21071, 38.00768], [-122.21081, 38.00767], [-122.21155, 38.00757], [-122.2119, 38.00751], [-122.21224, 38.00743], [-122.21281, 38.00726], [-122.21305, 38.0072], [-122.21341, 38.00713], [-122.21368, 38.0071], [-122.21396, 38.00709], [-122.21423, 38.00709], [-122.21435, 38.0071], [-122.21532, 38.00715], [-122.21596, 38.00718], [-122.2162, 38.0072], [-122.21774, 38.00736], [-122.21794, 38.00739], [-122.21825, 38.00745], [-122.21844, 38.0075], [-122.21874, 38.00758], [-122.21904, 38.00766], [-122.21942, 38.00776], [-122.21964, 38.0078], [-122.21988, 38.00784], [-122.22012, 38.00785], [-122.22035, 38.00785], [-122.22059, 38.00784], [-122.22135, 38.00782], [-122.22165, 38.00782], [-122.22195, 38.00783], [-122.22215, 38.00785], [-122.22244, 38.00789], [-122.22454, 38.0083], [-122.22468, 38.00834], [-122.22509, 38.00846], [-122.22549, 38.0086], [-122.2255, 38.0086], [-122.2259, 38.00876], [-122.22672, 38.00913], [-122.22731, 38.0094], [-122.22736, 38.00934], [-122.22757, 38.00905], [-122.22767, 38.00917], [-122.22777, 38.00923], [-122.22788, 38.00927], [-122.22804, 38.0093], [-122.22832, 38.00932], [-122.22839, 38.00935], [-122.22863, 38.00964], [-122.22883, 38.00976], [-122.22889, 38.00978], [-122.22905, 38.00982], [-122.22917, 38.00982], [-122.22931, 38.0098], [-122.22939, 38.00979], [-122.22934, 38.01014], [-122.22931, 38.01025], [-122.22937, 38.01026], [-122.22955, 38.01031], [-122.2298, 38.01038], [-122.22984, 38.00973], [-122.23024, 38.00732], [-122.23029, 38.00701], [-122.23036, 38.00664], [-122.23045, 38.00624], [-122.23045, 38.0061], [-122.23054, 38.00556], [-122.23078, 38.00424], [-122.23114, 38.00212], [-122.2333, 38.00236], [-122.23393, 38.00319], [-122.23442, 38.00383], [-122.23454, 38.004], [-122.23489, 38.00449], [-122.23565, 38.00415], [-122.2365, 38.00373], [-122.23695, 38.00434], [-122.23722, 38.00472], [-122.23771, 38.00537], [-122.2391, 38.00722], [-122.24807, 38.00868], [-122.25162, 38.01218], [-122.25237, 38.01291], [-122.25242, 38.01296], [-122.25248, 38.01303], [-122.25351, 38.01403], [-122.25367, 38.01419], [-122.2538, 38.01432], [-122.25393, 38.01444], [-122.25466, 38.01515], [-122.25575, 38.01623], [-122.25602, 38.01649], [-122.25605, 38.01656], [-122.25612, 38.01666], [-122.25636, 38.01694], [-122.25682, 38.01739], [-122.25731, 38.01787], [-122.25752, 38.01811], [-122.25771, 38.01834], [-122.25797, 38.01859], [-122.25826, 38.01884], [-122.25861, 38.01915], [-122.25925, 38.01978], [-122.25976, 38.02028], [-122.26048, 38.02099], [-122.26103, 38.02152], [-122.26104, 38.02154], [-122.26125, 38.02172], [-122.26135, 38.02182], [-122.26191, 38.02233], [-122.26212, 38.02254], [-122.26221, 38.02263], [-122.26231, 38.02273], [-122.26264, 38.02306], [-122.26313, 38.02353], [-122.26337, 38.02377], [-122.26342, 38.02382], [-122.26361, 38.02401], [-122.2638, 38.0242], [-122.26385, 38.02426], [-122.26398, 38.02437], [-122.26413, 38.0245], [-122.26424, 38.0246], [-122.26445, 38.02478], [-122.26459, 38.02491], [-122.26492, 38.02523], [-122.26571, 38.02601], [-122.26608, 38.02637], [-122.26623, 38.02653], [-122.26639, 38.02669], [-122.26641, 38.0267], [-122.26722, 38.02751], [-122.26729, 38.0275], [-122.26732, 38.0275], [-122.2674, 38.02742], [-122.26983, 38.02981], [-122.26993, 38.03016], [-122.27022, 38.03045], [-122.2705, 38.03072], [-122.27057, 38.03079], [-122.27108, 38.03129], [-122.27123, 38.03143], [-122.27141, 38.03161], [-122.27165, 38.03185], [-122.27182, 38.03203], [-122.27194, 38.03215], [-122.27235, 38.03255], [-122.27263, 38.03282], [-122.27272, 38.0329], [-122.27311, 38.03327], [-122.27314, 38.03329], [-122.27333, 38.03348], [-122.27356, 38.03369], [-122.27375, 38.03387], [-122.27408, 38.03419], [-122.27428, 38.03437], [-122.2746, 38.03475], [-122.27465, 38.03481], [-122.27477, 38.03492], [-122.27484, 38.035], [-122.27503, 38.03518], [-122.27537, 38.03551], [-122.27574, 38.03595], [-122.27578, 38.03674], [-122.27605, 38.04319], [-122.27606, 38.04349], [-122.27613, 38.04522], [-122.27622, 38.04736], [-122.27625, 38.04786], [-122.27627, 38.04832], [-122.27629, 38.04877], [-122.27628, 38.04896], [-122.27628, 38.04904], [-122.27629, 38.04908], [-122.27688, 38.06125], [-122.2779, 38.06136], [-122.27838, 38.06142], [-122.2922, 38.06379], [-122.31783, 38.06818], [-122.33364, 38.07089], [-122.34745, 38.07326], [-122.35165, 38.06961], [-122.36425, 38.05866], [-122.36846, 38.05501], [-122.36996, 38.0537], [-122.37448, 38.04977], [-122.37598, 38.04847]]]}}, {"type": "Feature", "properties": {"name": "Richmond", "kind": "city", "geoid": "0660620"}, "geometry": {"type": "MultiPolygon", "coordinates": [[[[-122.44148, 37.9618], [-122.44148, 37.96062], [-122.44138, 37.95998], [-122.44108, 37.95806], [-122.44098, 37.95742], [-122.43978, 37.9533], [-122.43618, 37.94094], [-122.43498, 37.93682], [-122.43478, 37.93634], [-122.43417, 37.93487], [-122.434, 37.93446], [-122.43398, 37.93442], [-122.43396, 37.93439], [-122.43388, 37.93422], [-122.43378, 37.93402], [-122.43359, 37.93349], [-122.43261, 37.93074], [-122.43228, 37.92982], [-122.43222, 37.92977], [-122.43036, 37.9283], [-122.4302, 37.92818], [-122.42644, 37.9252], [-122.4246, 37.92374], [-122.42268, 37.92222], [-122.42005, 37.92013], [-122.41214, 37.91385], [-122.40951, 37.91176], [-122.40259, 37.90627], [-122.39938, 37.90373], [-122.38174, 37.88995], [-122.37478, 37.88452], [-122.37458, 37.88436], [-122.37398, 37.88388], [-122.37378, 37.88373], [-122.37312, 37.88388], [-122.37114, 37.88436], [-122.37048, 37.88452], [-122.36818, 37.88506], [-122.36128, 37.88668], [-122.35898, 37.88723], [-122.3569, 37.88766], [-122.35066, 37.88898], [-122.34858, 37.88942], [-122.346, 37.89], [-122.33826, 37.89171], [-122.33568, 37.89229], [-122.3334, 37.89279], [-122.33104, 37.89332], [-122.32941, 37.89368], [-122.31711, 37.89641], [-122.31298, 37.89732], [-122.31284, 37.89735], [-122.31209, 37.89737], [-122.31199, 37.89739], [-122.31178, 37.89743], [-122.31167, 37.89746], [-122.31136, 37.89749], [-122.31072, 37.89756], [-122.30948, 37.8977], [-122.30928, 37.89773], [-122.30926, 37.89773], [-122.30925, 37.89773], [-122.30908, 37.89775], [-122.30886, 37.89777], [-122.30878, 37.89778], [-122.30684, 37.898], [-122.30675, 37.89801], [-122.30604, 37.89809], [-122.30541, 37.89816], [-122.30541, 37.89818], [-122.30546, 37.89839], [-122.30577, 37.89832], [-122.30582, 37.89839], [-122.30595, 37.89857], [-122.30605, 37.89873], [-122.30624, 37.899], [-122.30641, 37.89924], [-122.30651, 37.89939], [-122.30658, 37.8994], [-122.30661, 37.8994], [-122.30681, 37.8995], [-122.30682, 37.89951], [-122.30683, 37.89953], [-122.30692, 37.89976], [-122.30693, 37.8998], [-122.30696, 37.89987], [-122.30708, 37.90021], [-122.30713, 37.90033], [-122.30716, 37.90038], [-122.30721, 37.90046], [-122.30725, 37.90053], [-122.30728, 37.90059], [-122.30732, 37.90065], [-122.3073, 37.90077], [-122.30725, 37.90103], [-122.30723, 37.90122], [-122.30721, 37.90142], [-122.30704, 37.90144], [-122.30699, 37.90145], [-122.30687, 37.90147], [-122.30663, 37.90151], [-122.3067, 37.90157], [-122.30678, 37.90164], [-122.30693, 37.90212], [-122.30696, 37.90219], [-122.30705, 37.9025], [-122.3072, 37.90248], [-122.30727, 37.90246], [-122.30729, 37.90246], [-122.30731, 37.90245], [-122.30735, 37.9024], [-122.30739, 37.90232], [-122.30743, 37.90225], [-122.30765, 37.90189], [-122.30773, 37.90176], [-122.3078, 37.90168], [-122.30786, 37.90159], [-122.30787, 37.90159], [-122.30793, 37.90152], [-122.30799, 37.90146], [-122.308, 37.90144], [-122.30809, 37.90135], [-122.30815, 37.90127], [-122.30818, 37.90111], [-122.30833, 37.90103], [-122.30837, 37.90101], [-122.30844, 37.90098], [-122.30853, 37.90095], [-122.30863, 37.90091], [-122.30881, 37.90089], [-122.30917, 37.90084], [-122.3092, 37.90088], [-122.30924, 37.90094], [-122.30933, 37.90107], [-122.30935, 37.90113], [-122.30936, 37.90122], [-122.30953, 37.90147], [-122.30952, 37.90147], [-122.30953, 37.90148], [-122.30961, 37.9016], [-122.30965, 37.90166], [-122.30969, 37.90172], [-122.30976, 37.90183], [-122.30989, 37.90202], [-122.30965, 37.90213], [-122.30942, 37.90223], [-122.30922, 37.90232], [-122.30853, 37.90261], [-122.30763, 37.90299], [-122.30698, 37.90327], [-122.30598, 37.9037], [-122.30583, 37.90376], [-122.30584, 37.90377], [-122.30586, 37.9038], [-122.30571, 37.90386], [-122.30541, 37.90399], [-122.30538, 37.90396], [-122.30482, 37.9042], [-122.30445, 37.90436], [-122.30432, 37.90441], [-122.30437, 37.90453], [-122.30448, 37.90473], [-122.30478, 37.90539], [-122.30508, 37.90605], [-122.3051, 37.90612], [-122.30525, 37.90645], [-122.30532, 37.90661], [-122.30539, 37.90673], [-122.3058, 37.90734], [-122.3059, 37.90748], [-122.30601, 37.90764], [-122.30607, 37.90775], [-122.30622, 37.90796], [-122.30666, 37.90858], [-122.30708, 37.90919], [-122.30731, 37.90955], [-122.30749, 37.90982], [-122.30791, 37.9104], [-122.30806, 37.91063], [-122.30837, 37.91107], [-122.30849, 37.91127], [-122.30914, 37.91224], [-122.30946, 37.91268], [-122.30973, 37.91306], [-122.31024, 37.91381], [-122.3104, 37.91405], [-122.3107, 37.91448], [-122.31142, 37.91551], [-122.3115, 37.91562], [-122.31158, 37.91574], [-122.31176, 37.91599], [-122.31194, 37.916], [-122.31264, 37.91599], [-122.31287, 37.91632], [-122.31314, 37.9167], [-122.31316, 37.91673], [-122.31316, 37.9167], [-122.31335, 37.9167], [-122.31335, 37.91698], [-122.31334, 37.91698], [-122.31335, 37.91699], [-122.3134, 37.91707], [-122.314, 37.91791], [-122.31455, 37.91868], [-122.3147, 37.91889], [-122.3148, 37.91903], [-122.31485, 37.91908], [-122.31498, 37.91908], [-122.31511, 37.91909], [-122.31524, 37.91909], [-122.31541, 37.91909], [-122.31567, 37.91909], [-122.31584, 37.91909], [-122.31602, 37.91909], [-122.31619, 37.9191], [-122.31628, 37.9191], [-122.31654, 37.9191], [-122.31679, 37.9191], [-122.31712, 37.9191], [-122.31733, 37.9191], [-122.31754, 37.9191], [-122.31786, 37.9191], [-122.31796, 37.9191], [-122.31807, 37.9191], [-122.31814, 37.9191], [-122.31844, 37.9191], [-122.3187, 37.9191], [-122.32065, 37.91924], [-122.32069, 37.91924], [-122.32068, 37.91969], [-122.32077, 37.9197], [-122.32077, 37.91981], [-122.32076, 37.92002], [-122.32077, 37.92033], [-122.32078, 37.92063], [-122.32078, 37.92085], [-122.32078, 37.92098], [-122.32074, 37.92098], [-122.32074, 37.92107], [-122.32074, 37.92165], [-122.32074, 37.92168], [-122.32071, 37.92168], [-122.32071, 37.92173], [-122.32072, 37.92198], [-122.32072, 37.92234], [-122.32072, 37.92239], [-122.32072, 37.923], [-122.32073, 37.92364], [-122.32071, 37.92417], [-122.32071, 37.92424], [-122.32071, 37.92459], [-122.32071, 37.92488], [-122.3207, 37.92544], [-122.3207, 37.92547], [-122.3207, 37.9255], [-122.3207, 37.92595], [-122.32069, 37.92602], [-122.32069, 37.9261], [-122.3207, 37.92641], [-122.3207, 37.92667], [-122.3207, 37.92689], [-122.3207, 37.92707], [-122.3207, 37.92712], [-122.3207, 37.9273], [-122.32073, 37.92735], [-122.3209, 37.92764], [-122.32092, 37.92768], [-122.321, 37.92782], [-122.32104, 37.92788], [-122.32111, 37.928], [-122.3213, 37.92827], [-122.32145, 37.92848], [-122.3217, 37.92883], [-122.32186, 37.92905], [-122.32195, 37.92918], [-122.32212, 37.92942], [-122.32245, 37.92988], [-122.32288, 37.93048], [-122.32305, 37.93072], [-122.32317, 37.93089], [-122.32332, 37.9311], [-122.32272, 37.9311], [-122.32266, 37.9311], [-122.32251, 37.9311], [-122.32218, 37.9311], [-122.32191, 37.9311], [-122.3212, 37.93111], [-122.32106, 37.93111], [-122.32096, 37.93112], [-122.32056, 37.93111], [-122.32038, 37.93112], [-122.32037, 37.9315], [-122.32037, 37.93167], [-122.32037, 37.932], [-122.32037, 37.93209], [-122.32036, 37.93233], [-122.32036, 37.93262], [-122.32036, 37.93284], [-122.32037, 37.93297], [-122.32036, 37.93302], [-122.32035, 37.93336], [-122.3203, 37.93407], [-122.32028, 37.93476], [-122.32026, 37.93559], [-122.3203, 37.93613], [-122.3203, 37.93629], [-122.32033, 37.93658], [-122.32032, 37.93682], [-122.32032, 37.93688], [-122.32032, 37.93709], [-122.32032, 37.93713], [-122.32032, 37.93738], [-122.32032, 37.93741], [-122.32032, 37.93755], [-122.32032, 37.93777], [-122.32032, 37.93782], [-122.32032, 37.9381], [-122.32032, 37.93823], [-122.32032, 37.93834], [-122.3197, 37.93834], [-122.31955, 37.93833], [-122.31947, 37.93834], [-122.3191, 37.93833], [-122.3189, 37.93833], [-122.31858, 37.93833], [-122.31847, 37.93833], [-122.31836, 37.93833], [-122.31818, 37.93833], [-122.31802, 37.93832], [-122.31792, 37.93832], [-122.31783, 37.93832], [-122.31777, 37.93832], [-122.31731, 37.93832], [-122.31685, 37.93831], [-122.31686, 37.93834], [-122.31688, 37.93838], [-122.3169, 37.93843], [-122.31713, 37.93889], [-122.31715, 37.93894], [-122.31734, 37.93933], [-122.31761, 37.9399], [-122.31791, 37.94053], [-122.31808, 37.94086], [-122.31812, 37.94098], [-122.31815, 37.94126], [-122.31833, 37.94203], [-122.31836, 37.94242], [-122.31842, 37.94242], [-122.3185, 37.94257], [-122.31873, 37.94303], [-122.31881, 37.94318], [-122.31882, 37.94324], [-122.31899, 37.94361], [-122.31914, 37.94393], [-122.31911, 37.94397], [-122.31912, 37.94403], [-122.3193, 37.94437], [-122.31937, 37.9445], [-122.31941, 37.94456], [-122.31951, 37.9447], [-122.31972, 37.94514], [-122.31981, 37.94533], [-122.31978, 37.94535], [-122.31961, 37.9454], [-122.31967, 37.94547], [-122.31988, 37.94573], [-122.32002, 37.94566], [-122.32018, 37.94558], [-122.32027, 37.9457], [-122.32036, 37.94581], [-122.32044, 37.94592], [-122.32059, 37.94613], [-122.32066, 37.94626], [-122.32074, 37.9464], [-122.32084, 37.94665], [-122.32093, 37.9469], [-122.32103, 37.94717], [-122.32065, 37.94725], [-122.32089, 37.94789], [-122.32095, 37.94801], [-122.32103, 37.9481], [-122.32113, 37.94818], [-122.32126, 37.94824], [-122.32133, 37.94826], [-122.32152, 37.9483], [-122.32162, 37.94845], [-122.32232, 37.94947], [-122.32256, 37.94983], [-122.32286, 37.94971], [-122.32267, 37.95025], [-122.32245, 37.95086], [-122.32243, 37.95091], [-122.32237, 37.95097], [-122.32232, 37.951], [-122.32229, 37.95101], [-122.32223, 37.95103], [-122.32217, 37.95104], [-122.32208, 37.95104], [-122.32211, 37.95115], [-122.32216, 37.95132], [-122.32209, 37.95136], [-122.32178, 37.95146], [-122.32174, 37.95147], [-122.32164, 37.95151], [-122.32135, 37.95159], [-122.32126, 37.95163], [-122.32102, 37.95171], [-122.32073, 37.9518], [-122.32066, 37.95181], [-122.32059, 37.95181], [-122.32008, 37.95176], [-122.31993, 37.95175], [-122.31974, 37.95174], [-122.31968, 37.95173], [-122.31951, 37.95168], [-122.31942, 37.95164], [-122.31933, 37.95159], [-122.31925, 37.95153], [-122.31917, 37.9515], [-122.31911, 37.95148], [-122.31906, 37.95147], [-122.31896, 37.95145], [-122.31879, 37.95145], [-122.31866, 37.95144], [-122.31854, 37.95141], [-122.31841, 37.95135], [-122.31833, 37.95131], [-122.31824, 37.95127], [-122.31815, 37.95125], [-122.31805, 37.95123], [-122.31794, 37.95123], [-122.31771, 37.95125], [-122.31757, 37.95124], [-122.31741, 37.95122], [-122.31729, 37.95118], [-122.31719, 37.95114], [-122.31713, 37.95111], [-122.31695, 37.95106], [-122.31677, 37.95102], [-122.31669, 37.95101], [-122.31658, 37.95099], [-122.3164, 37.95097], [-122.31631, 37.95097], [-122.31618, 37.95192], [-122.31607, 37.95281], [-122.31493, 37.95238], [-122.31461, 37.95225], [-122.31457, 37.95229], [-122.31448, 37.95244], [-122.31443, 37.95254], [-122.31441, 37.95257], [-122.31414, 37.95246], [-122.314, 37.95241], [-122.31398, 37.95244], [-122.31389, 37.95242], [-122.31377, 37.95239], [-122.31375, 37.95238], [-122.3137, 37.95236], [-122.31356, 37.9523], [-122.31353, 37.95229], [-122.31334, 37.95223], [-122.31298, 37.95212], [-122.3128, 37.95207], [-122.31262, 37.95202], [-122.31251, 37.95197], [-122.31241, 37.95191], [-122.31231, 37.95186], [-122.31222, 37.95183], [-122.31218, 37.95182], [-122.31205, 37.95179], [-122.31193, 37.95174], [-122.31179, 37.95168], [-122.31177, 37.95167], [-122.31161, 37.95158], [-122.31155, 37.95154], [-122.31154, 37.95153], [-122.31147, 37.95148], [-122.3114, 37.95142], [-122.31139, 37.95141], [-122.3114, 37.95171], [-122.31141, 37.95267], [-122.30886, 37.95267], [-122.30837, 37.95267], [-122.30811, 37.95267], [-122.3081, 37.95262], [-122.30801, 37.95213], [-122.308, 37.95166], [-122.30952, 37.95166], [-122.30954, 37.95085], [-122.30958, 37.94896], [-122.3096, 37.94812], [-122.31136, 37.94882], [-122.31133, 37.94711], [-122.31133, 37.94673], [-122.31131, 37.9456], [-122.3119, 37.94513], [-122.31217, 37.94492], [-122.31136, 37.9443], [-122.31161, 37.94408], [-122.31157, 37.94404], [-122.31141, 37.94388], [-122.31107, 37.9436], [-122.31091, 37.9436], [-122.31048, 37.94356], [-122.30984, 37.94373], [-122.30967, 37.94353], [-122.30956, 37.94341], [-122.30916, 37.94311], [-122.30898, 37.94297], [-122.30872, 37.94289], [-122.30855, 37.94284], [-122.30839, 37.94279], [-122.3076, 37.94273], [-122.30752, 37.94266], [-122.30447, 37.94017], [-122.30391, 37.93971], [-122.30319, 37.93912], [-122.30339, 37.93866], [-122.30358, 37.9382], [-122.30367, 37.93797], [-122.30169, 37.93618], [-122.30022, 37.93486], [-122.29907, 37.93382], [-122.29841, 37.93322], [-122.29815, 37.93299], [-122.29709, 37.93204], [-122.29663, 37.93236], [-122.29606, 37.93185], [-122.29601, 37.9318], [-122.29574, 37.93197], [-122.2957, 37.93192], [-122.29551, 37.93165], [-122.29529, 37.93133], [-122.29521, 37.93138], [-122.29513, 37.93144], [-122.29489, 37.93158], [-122.29417, 37.93134], [-122.29335, 37.93106], [-122.29224, 37.93069], [-122.29208, 37.93054], [-122.29163, 37.93014], [-122.29117, 37.92973], [-122.29091, 37.92949], [-122.29064, 37.92925], [-122.29073, 37.92918], [-122.29101, 37.92898], [-122.29115, 37.92889], [-122.29173, 37.92848], [-122.29186, 37.92839], [-122.29175, 37.92829], [-122.29164, 37.92808], [-122.29127, 37.92763], [-122.2918, 37.92726], [-122.29142, 37.92692], [-122.29075, 37.92631], [-122.29018, 37.92579], [-122.28971, 37.92537], [-122.28965, 37.92531], [-122.28948, 37.92536], [-122.28934, 37.92542], [-122.28881, 37.92525], [-122.28867, 37.92521], [-122.28857, 37.92519], [-122.28849, 37.92516], [-122.28835, 37.92511], [-122.28803, 37.92467], [-122.288, 37.92466], [-122.28756, 37.92453], [-122.2867, 37.92425], [-122.28648, 37.92393], [-122.28623, 37.92357], [-122.28598, 37.92321], [-122.28577, 37.923], [-122.28536, 37.92261], [-122.28494, 37.92221], [-122.2845, 37.9218], [-122.28406, 37.92142], [-122.28383, 37.92122], [-122.28364, 37.92103], [-122.28341, 37.92081], [-122.28321, 37.92056], [-122.28303, 37.92033], [-122.28298, 37.9202], [-122.28293, 37.92014], [-122.28271, 37.91993], [-122.28243, 37.92012], [-122.28228, 37.91993], [-122.28218, 37.91982], [-122.28206, 37.9197], [-122.28186, 37.91955], [-122.28153, 37.9193], [-122.2815, 37.91928], [-122.28144, 37.91922], [-122.28137, 37.91915], [-122.2813, 37.91906], [-122.28126, 37.919], [-122.28112, 37.91874], [-122.28121, 37.9187], [-122.28094, 37.91833], [-122.28059, 37.91805], [-122.28038, 37.918], [-122.28015, 37.91799], [-122.28013, 37.91776], [-122.28016, 37.91769], [-122.27944, 37.91702], [-122.27923, 37.91697], [-122.27907, 37.91689], [-122.279, 37.91659], [-122.27925, 37.91642], [-122.27877, 37.91599], [-122.27902, 37.91584], [-122.2785, 37.91532], [-122.27808, 37.91489], [-122.27793, 37.91474], [-122.27734, 37.91421], [-122.27503, 37.91212], [-122.27405, 37.91123], [-122.27379, 37.91142], [-122.27367, 37.91132], [-122.27337, 37.91105], [-122.27323, 37.91119], [-122.27252, 37.91192], [-122.27085, 37.91365], [-122.27096, 37.91368], [-122.27127, 37.91376], [-122.2713, 37.91406], [-122.27136, 37.91411], [-122.27176, 37.91451], [-122.27178, 37.91454], [-122.27186, 37.91465], [-122.27213, 37.9149], [-122.27217, 37.91492], [-122.27222, 37.91508], [-122.27245, 37.9151], [-122.2726, 37.9152], [-122.27281, 37.91524], [-122.27297, 37.91532], [-122.27304, 37.91541], [-122.27341, 37.9154], [-122.27366, 37.91551], [-122.27444, 37.91583], [-122.27445, 37.91584], [-122.27481, 37.91584], [-122.27508, 37.91598], [-122.27516, 37.91613], [-122.27553, 37.91618], [-122.27562, 37.91659], [-122.27587, 37.91675], [-122.27595, 37.91685], [-122.27614, 37.9171], [-122.27606, 37.91731], [-122.276, 37.91749], [-122.27605, 37.91767], [-122.27634, 37.91797], [-122.27646, 37.91795], [-122.27773, 37.91777], [-122.27936, 37.91961], [-122.27856, 37.92001], [-122.27814, 37.92022], [-122.27786, 37.92036], [-122.27665, 37.92096], [-122.27076, 37.92387], [-122.27067, 37.92392], [-122.27061, 37.92138], [-122.26418, 37.92147], [-122.26344, 37.92148], [-122.26319, 37.92149], [-122.26343, 37.92124], [-122.26346, 37.92121], [-122.26373, 37.92093], [-122.26054, 37.9208], [-122.26052, 37.92082], [-122.26012, 37.92086], [-122.25946, 37.92079], [-122.25918, 37.92075], [-122.25912, 37.92075], [-122.25863, 37.92071], [-122.25823, 37.9207], [-122.25673, 37.92062], [-122.25643, 37.9206], [-122.25628, 37.92057], [-122.25592, 37.92052], [-122.2554, 37.92055], [-122.25521, 37.92056], [-122.25509, 37.92057], [-122.25482, 37.92061], [-122.2547, 37.92061], [-122.25461, 37.92058], [-122.25487, 37.92086], [-122.2555, 37.92154], [-122.26056, 37.92762], [-122.26193, 37.92927], [-122.26267, 37.93016], [-122.26328, 37.9309], [-122.26486, 37.93276], [-122.26498, 37.93294], [-122.26512, 37.93309], [-122.26567, 37.93372], [-122.26609, 37.93427], [-122.26827, 37.9369], [-122.27075, 37.93948], [-122.27106, 37.93981], [-122.2663, 37.94227], [-122.26605, 37.94237], [-122.26572, 37.94257], [-122.26537, 37.94278], [-122.26504, 37.94298], [-122.26447, 37.94336], [-122.26412, 37.94359], [-122.26408, 37.94362], [-122.26192, 37.94505], [-122.26089, 37.9457], [-122.26428, 37.94602], [-122.26451, 37.94612], [-122.26477, 37.94622], [-122.26519, 37.9464], [-122.26542, 37.94649], [-122.26567, 37.94677], [-122.26641, 37.94705], [-122.26695, 37.94746], [-122.26748, 37.94786], [-122.26759, 37.9478], [-122.26774, 37.94773], [-122.26808, 37.94757], [-122.26885, 37.94716], [-122.26896, 37.94711], [-122.26899, 37.94712], [-122.26902, 37.94714], [-122.26909, 37.9472], [-122.26911, 37.94722], [-122.26915, 37.94727], [-122.26919, 37.94734], [-122.26995, 37.94699], [-122.27008, 37.947], [-122.27014, 37.94699], [-122.27023, 37.94698], [-122.27037, 37.94692], [-122.27081, 37.94764], [-122.27014, 37.9479], [-122.2692, 37.94827], [-122.2692, 37.94832], [-122.2692, 37.94839], [-122.26918, 37.94846], [-122.26917, 37.94851], [-122.26925, 37.94863], [-122.26919, 37.94864], [-122.26914, 37.94865], [-122.26904, 37.9487], [-122.26902, 37.94871], [-122.26901, 37.94873], [-122.26901, 37.94875], [-122.26901, 37.94876], [-122.26916, 37.94912], [-122.26932, 37.94962], [-122.26978, 37.9494], [-122.2714, 37.94862], [-122.27149, 37.94877], [-122.27168, 37.94908], [-122.26966, 37.95006], [-122.26978, 37.95025], [-122.26991, 37.95046], [-122.27043, 37.95129], [-122.27083, 37.95192], [-122.27096, 37.95213], [-122.27108, 37.95226], [-122.27141, 37.95271], [-122.27152, 37.95285], [-122.27142, 37.95289], [-122.2715, 37.95295], [-122.27151, 37.95296], [-122.27167, 37.95307], [-122.27184, 37.95316], [-122.27194, 37.95321], [-122.27209, 37.95328], [-122.27224, 37.95334], [-122.27232, 37.95337], [-122.27252, 37.95343], [-122.2728, 37.95351], [-122.27611, 37.95128], [-122.27633, 37.95151], [-122.27645, 37.95162], [-122.27658, 37.9517], [-122.27674, 37.95175], [-122.27688, 37.95176], [-122.27705, 37.95174], [-122.27718, 37.95178], [-122.2773, 37.95177], [-122.27913, 37.95383], [-122.27924, 37.95394], [-122.27875, 37.95413], [-122.27833, 37.95435], [-122.27805, 37.95441], [-122.27788, 37.9545], [-122.27828, 37.95498], [-122.27826, 37.95499], [-122.27822, 37.95501], [-122.27813, 37.95505], [-122.27784, 37.95521], [-122.27767, 37.95532], [-122.2777, 37.95517], [-122.27752, 37.95529], [-122.27721, 37.95554], [-122.27719, 37.95555], [-122.27717, 37.95556], [-122.27711, 37.95554], [-122.27725, 37.95565], [-122.27735, 37.95572], [-122.27759, 37.9559], [-122.27778, 37.95606], [-122.27832, 37.95647], [-122.27966, 37.9552], [-122.27994, 37.95519], [-122.27999, 37.95519], [-122.28003, 37.9552], [-122.28021, 37.95528], [-122.28032, 37.95516], [-122.28112, 37.95605], [-122.28204, 37.95707], [-122.28263, 37.95773], [-122.28551, 37.95861], [-122.28606, 37.95878], [-122.28615, 37.95882], [-122.28666, 37.95907], [-122.28673, 37.95915], [-122.2872, 37.95968], [-122.28816, 37.96075], [-122.2888, 37.96105], [-122.28882, 37.96106], [-122.28932, 37.96119], [-122.28981, 37.96133], [-122.29037, 37.96136], [-122.29078, 37.96138], [-122.29, 37.96313], [-122.29036, 37.96316], [-122.2904, 37.96316], [-122.29035, 37.96331], [-122.29031, 37.96341], [-122.29066, 37.96342], [-122.28961, 37.96482], [-122.28955, 37.9649], [-122.28941, 37.96483], [-122.28926, 37.96481], [-122.28899, 37.96477], [-122.28872, 37.96447], [-122.2885, 37.9644], [-122.28837, 37.96436], [-122.28818, 37.96412], [-122.28817, 37.9641], [-122.28807, 37.96421], [-122.28496, 37.96765], [-122.28442, 37.96824], [-122.28405, 37.96801], [-122.28383, 37.96792], [-122.28425, 37.96749], [-122.28431, 37.9674], [-122.28376, 37.96708], [-122.28367, 37.96703], [-122.28335, 37.96739], [-122.28306, 37.9677], [-122.28359, 37.96802], [-122.28316, 37.96849], [-122.28259, 37.96816], [-122.28226, 37.96853], [-122.28044, 37.96744], [-122.28107, 37.96674], [-122.28142, 37.96629], [-122.28172, 37.96617], [-122.28185, 37.96604], [-122.28193, 37.96602], [-122.28195, 37.96601], [-122.28207, 37.96597], [-122.28201, 37.96587], [-122.28193, 37.96581], [-122.28175, 37.96555], [-122.28167, 37.96543], [-122.28152, 37.96547], [-122.28092, 37.96559], [-122.27921, 37.96561], [-122.2792, 37.96587], [-122.2792, 37.96588], [-122.27923, 37.96593], [-122.27928, 37.96601], [-122.27931, 37.96609], [-122.27933, 37.96617], [-122.27934, 37.96626], [-122.27934, 37.96631], [-122.27932, 37.96664], [-122.27944, 37.96671], [-122.27945, 37.96679], [-122.27945, 37.96688], [-122.27936, 37.96722], [-122.27917, 37.96719], [-122.2786, 37.9671], [-122.27859, 37.96712], [-122.2785, 37.96709], [-122.27808, 37.96698], [-122.27811, 37.96691], [-122.27767, 37.96664], [-122.27741, 37.96647], [-122.27712, 37.96653], [-122.27714, 37.96658], [-122.27706, 37.96659], [-122.27653, 37.96672], [-122.27667, 37.96746], [-122.27681, 37.96821], [-122.27501, 37.96788], [-122.2746, 37.96756], [-122.27453, 37.9677], [-122.27438, 37.96766], [-122.27413, 37.96752], [-122.27385, 37.96712], [-122.27384, 37.96707], [-122.2739, 37.96699], [-122.27327, 37.96648], [-122.27274, 37.96644], [-122.27213, 37.9664], [-122.27215, 37.96609], [-122.27158, 37.96607], [-122.27174, 37.96548], [-122.27218, 37.96549], [-122.27249, 37.96547], [-122.27284, 37.96545], [-122.27287, 37.96544], [-122.273, 37.96541], [-122.27319, 37.9654], [-122.27335, 37.96539], [-122.27353, 37.96542], [-122.27358, 37.96543], [-122.27391, 37.96548], [-122.27415, 37.96532], [-122.27427, 37.96541], [-122.27448, 37.9656], [-122.2746, 37.96559], [-122.27474, 37.96559], [-122.27517, 37.96544], [-122.27529, 37.96565], [-122.2755, 37.96565], [-122.27543, 37.96526], [-122.27542, 37.96522], [-122.27556, 37.96521], [-122.27623, 37.96513], [-122.27726, 37.96478], [-122.27794, 37.96287], [-122.27856, 37.96244], [-122.27818, 37.96194], [-122.27806, 37.96178], [-122.2779, 37.96148], [-122.27867, 37.96077], [-122.27895, 37.96053], [-122.27903, 37.96046], [-122.27849, 37.96019], [-122.27848, 37.96012], [-122.27839, 37.96012], [-122.27833, 37.95992], [-122.27784, 37.96003], [-122.27727, 37.95949], [-122.27585, 37.95998], [-122.27575, 37.96001], [-122.27507, 37.95987], [-122.27451, 37.95975], [-122.27285, 37.95907], [-122.27244, 37.9589], [-122.27254, 37.95875], [-122.27175, 37.95842], [-122.2716, 37.95834], [-122.27159, 37.9577], [-122.27188, 37.95745], [-122.27215, 37.95721], [-122.27204, 37.95717], [-122.27195, 37.95713], [-122.27192, 37.95712], [-122.27161, 37.95697], [-122.27146, 37.9569], [-122.27121, 37.95675], [-122.27076, 37.95646], [-122.27062, 37.95637], [-122.27042, 37.95626], [-122.27031, 37.95615], [-122.27018, 37.95599], [-122.27014, 37.95593], [-122.27011, 37.95607], [-122.2701, 37.9561], [-122.27008, 37.95612], [-122.27004, 37.95615], [-122.26985, 37.95627], [-122.26958, 37.95644], [-122.26938, 37.9566], [-122.26912, 37.95681], [-122.26897, 37.95693], [-122.2688, 37.95702], [-122.26867, 37.95709], [-122.26671, 37.95518], [-122.26417, 37.95606], [-122.26309, 37.9555], [-122.26275, 37.9554], [-122.26208, 37.95501], [-122.26174, 37.95492], [-122.26031, 37.9547], [-122.26008, 37.95487], [-122.2597, 37.95517], [-122.26152, 37.95696], [-122.26211, 37.95676], [-122.26273, 37.95655], [-122.26566, 37.95794], [-122.26585, 37.95803], [-122.26594, 37.95797], [-122.26598, 37.95796], [-122.26609, 37.95793], [-122.26629, 37.95793], [-122.26634, 37.95794], [-122.26641, 37.95794], [-122.26645, 37.95794], [-122.26662, 37.95795], [-122.26674, 37.95795], [-122.26686, 37.95794], [-122.267, 37.95795], [-122.26713, 37.95796], [-122.26721, 37.95798], [-122.26726, 37.958], [-122.26743, 37.958], [-122.26727, 37.95813], [-122.26709, 37.95831], [-122.26685, 37.95858], [-122.26646, 37.95901], [-122.26634, 37.95911], [-122.26618, 37.95921], [-122.26599, 37.95928], [-122.26578, 37.95932], [-122.26568, 37.95933], [-122.26557, 37.95933], [-122.26401, 37.95938], [-122.26388, 37.95937], [-122.26355, 37.95934], [-122.26337, 37.95932], [-122.26327, 37.95933], [-122.26323, 37.95934], [-122.26317, 37.95937], [-122.26312, 37.95941], [-122.26308, 37.95945], [-122.26305, 37.9595], [-122.26304, 37.95956], [-122.26302, 37.95974], [-122.263, 37.95981], [-122.26298, 37.95986], [-122.26292, 37.95994], [-122.26288, 37.95998], [-122.26279, 37.96005], [-122.26268, 37.9601], [-122.26096, 37.96074], [-122.26082, 37.9608], [-122.26068, 37.96086], [-122.26049, 37.96097], [-122.26032, 37.96109], [-122.26017, 37.96122], [-122.26003, 37.96137], [-122.25991, 37.96152], [-122.25947, 37.96216], [-122.2594, 37.96223], [-122.25929, 37.96231], [-122.25917, 37.96236], [-122.25902, 37.96241], [-122.25874, 37.96245], [-122.25632, 37.96293], [-122.25553, 37.96309], [-122.25547, 37.96311], [-122.25523, 37.96318], [-122.25507, 37.96323], [-122.25478, 37.96335], [-122.25294, 37.96031], [-122.2527, 37.96], [-122.25186, 37.96017], [-122.24908, 37.95619], [-122.24842, 37.95559], [-122.24757, 37.95482], [-122.24345, 37.95766], [-122.24708, 37.9638], [-122.24709, 37.96395], [-122.24709, 37.96401], [-122.247, 37.96425], [-122.24634, 37.96604], [-122.25006, 37.96725], [-122.25011, 37.96729], [-122.25342, 37.96989], [-122.25521, 37.96939], [-122.25634, 37.96943], [-122.25697, 37.96964], [-122.25738, 37.96997], [-122.25872, 37.971], [-122.26013, 37.97209], [-122.26069, 37.97295], [-122.26173, 37.97312], [-122.2666, 37.97393], [-122.26674, 37.97395], [-122.26737, 37.97406], [-122.26782, 37.97413], [-122.26805, 37.97427], [-122.27097, 37.976], [-122.27173, 37.97646], [-122.27185, 37.97652], [-122.27323, 37.97735], [-122.2742, 37.97804], [-122.27437, 37.97817], [-122.27439, 37.97818], [-122.27492, 37.97801], [-122.27721, 37.9773], [-122.27813, 37.97701], [-122.27975, 37.97651], [-122.27999, 37.97643], [-122.28025, 37.97636], [-122.28088, 37.97618], [-122.28104, 37.97614], [-122.28156, 37.97598], [-122.28165, 37.97595], [-122.28175, 37.97605], [-122.28177, 37.97608], [-122.2818, 37.9761], [-122.28185, 37.97611], [-122.28188, 37.97611], [-122.28192, 37.9761], [-122.28195, 37.97608], [-122.28197, 37.97604], [-122.28199, 37.976], [-122.28222, 37.97605], [-122.28233, 37.97611], [-122.28306, 37.97589], [-122.28284, 37.97556], [-122.28335, 37.97539], [-122.28423, 37.97639], [-122.28433, 37.97652], [-122.28579, 37.97819], [-122.28603, 37.97847], [-122.28679, 37.97824], [-122.28695, 37.97819], [-122.2876, 37.978], [-122.28793, 37.9779], [-122.28973, 37.97736], [-122.29038, 37.97716], [-122.29036, 37.97738], [-122.29029, 37.97737], [-122.29028, 37.97755], [-122.29028, 37.97761], [-122.29027, 37.97769], [-122.29029, 37.97769], [-122.2904, 37.97771], [-122.29042, 37.97771], [-122.29058, 37.97774], [-122.29065, 37.97776], [-122.29072, 37.97779], [-122.29113, 37.97795], [-122.29116, 37.97796], [-122.29119, 37.97798], [-122.29122, 37.97799], [-122.29127, 37.97798], [-122.29131, 37.97795], [-122.29143, 37.97776], [-122.29146, 37.97772], [-122.29152, 37.97768], [-122.29181, 37.97752], [-122.29208, 37.97733], [-122.29193, 37.97724], [-122.2918, 37.97714], [-122.2917, 37.97706], [-122.29155, 37.97691], [-122.29154, 37.97688], [-122.2917, 37.97682], [-122.29177, 37.97679], [-122.29292, 37.9759], [-122.29332, 37.97559], [-122.29314, 37.97543], [-122.29309, 37.9754], [-122.29348, 37.97511], [-122.29368, 37.97496], [-122.29371, 37.97494], [-122.29384, 37.97484], [-122.2953, 37.97604], [-122.29551, 37.97588], [-122.29577, 37.9761], [-122.29575, 37.9762], [-122.29576, 37.97629], [-122.29577, 37.97633], [-122.29578, 37.97636], [-122.29583, 37.97644], [-122.29589, 37.97653], [-122.29597, 37.97662], [-122.29609, 37.97658], [-122.29603, 37.97653], [-122.29598, 37.97649], [-122.29594, 37.97644], [-122.29592, 37.97639], [-122.29591, 37.97637], [-122.29653, 37.97617], [-122.29622, 37.97591], [-122.29638, 37.97587], [-122.29662, 37.97577], [-122.29681, 37.97567], [-122.2969, 37.97562], [-122.2971, 37.97554], [-122.2978, 37.97513], [-122.29736, 37.97466], [-122.29802, 37.97427], [-122.2982, 37.97417], [-122.29814, 37.97409], [-122.29736, 37.97347], [-122.29692, 37.9731], [-122.29653, 37.97279], [-122.29758, 37.97199], [-122.3003, 37.96991], [-122.30227, 37.96841], [-122.30227, 37.96797], [-122.30227, 37.96763], [-122.30207, 37.96766], [-122.30182, 37.96753], [-122.3018, 37.96754], [-122.30183, 37.96762], [-122.30145, 37.96785], [-122.30118, 37.96792], [-122.30116, 37.96793], [-122.30095, 37.96809], [-122.30083, 37.96809], [-122.30072, 37.96809], [-122.30047, 37.9682], [-122.30031, 37.96803], [-122.30004, 37.96803], [-122.2997, 37.96815], [-122.29966, 37.96801], [-122.29973, 37.96782], [-122.29991, 37.96759], [-122.29979, 37.96758], [-122.29983, 37.9675], [-122.30014, 37.96683], [-122.30007, 37.9668], [-122.30003, 37.96677], [-122.29974, 37.96686], [-122.29959, 37.96665], [-122.29951, 37.96653], [-122.29946, 37.96646], [-122.29913, 37.96616], [-122.29835, 37.96577], [-122.29813, 37.96568], [-122.29809, 37.96574], [-122.29785, 37.96608], [-122.29772, 37.96628], [-122.29723, 37.9662], [-122.29723, 37.96624], [-122.29724, 37.9663], [-122.29723, 37.96634], [-122.29722, 37.96638], [-122.29719, 37.96648], [-122.29717, 37.96654], [-122.29701, 37.96697], [-122.29699, 37.96702], [-122.29698, 37.96704], [-122.29691, 37.96714], [-122.29685, 37.96721], [-122.29679, 37.96729], [-122.29672, 37.96735], [-122.29655, 37.96745], [-122.2965, 37.96747], [-122.29699, 37.96793], [-122.29705, 37.96798], [-122.29717, 37.9681], [-122.29758, 37.96832], [-122.29755, 37.96846], [-122.29754, 37.96855], [-122.29742, 37.96855], [-122.2973, 37.96834], [-122.2972, 37.96835], [-122.29688, 37.9684], [-122.29676, 37.96847], [-122.29667, 37.96827], [-122.2962, 37.96852], [-122.29614, 37.96844], [-122.29598, 37.96825], [-122.29596, 37.96822], [-122.29571, 37.96793], [-122.29568, 37.9679], [-122.2955, 37.96799], [-122.29545, 37.96803], [-122.29536, 37.96807], [-122.29532, 37.96809], [-122.29503, 37.96824], [-122.29475, 37.96833], [-122.29433, 37.96845], [-122.29409, 37.96852], [-122.29396, 37.96855], [-122.29378, 37.9686], [-122.29376, 37.96857], [-122.29373, 37.96853], [-122.29337, 37.96759], [-122.29348, 37.96759], [-122.29364, 37.96654], [-122.29356, 37.96652], [-122.29361, 37.96615], [-122.29365, 37.96608], [-122.29377, 37.9659], [-122.29314, 37.96597], [-122.29286, 37.966], [-122.29318, 37.96571], [-122.29357, 37.96536], [-122.29377, 37.96534], [-122.29371, 37.96502], [-122.2937, 37.96496], [-122.29389, 37.96494], [-122.29422, 37.96489], [-122.29429, 37.9649], [-122.29436, 37.9649], [-122.29449, 37.96493], [-122.2945, 37.96491], [-122.29458, 37.96448], [-122.29447, 37.9645], [-122.2944, 37.96452], [-122.29434, 37.96454], [-122.29427, 37.96456], [-122.29414, 37.96458], [-122.29408, 37.96459], [-122.29397, 37.9646], [-122.29391, 37.96461], [-122.29374, 37.96457], [-122.29302, 37.9646], [-122.293, 37.96459], [-122.29215, 37.96428], [-122.29207, 37.96425], [-122.29187, 37.96412], [-122.29184, 37.96412], [-122.29146, 37.96413], [-122.29161, 37.96347], [-122.29147, 37.96334], [-122.29162, 37.96304], [-122.29168, 37.96296], [-122.29182, 37.96264], [-122.29183, 37.96262], [-122.29191, 37.96244], [-122.29196, 37.96233], [-122.29202, 37.96222], [-122.29239, 37.96145], [-122.29377, 37.96151], [-122.29381, 37.9611], [-122.29415, 37.96119], [-122.2942, 37.96121], [-122.29424, 37.96123], [-122.29429, 37.96126], [-122.29433, 37.96128], [-122.29438, 37.96133], [-122.29442, 37.96136], [-122.29446, 37.9614], [-122.29452, 37.96143], [-122.29458, 37.96146], [-122.29463, 37.96149], [-122.29467, 37.9615], [-122.29473, 37.96152], [-122.29483, 37.96154], [-122.2949, 37.96156], [-122.29497, 37.96159], [-122.29505, 37.96163], [-122.29513, 37.96168], [-122.29525, 37.96176], [-122.29532, 37.96181], [-122.29543, 37.96188], [-122.29551, 37.96193], [-122.29561, 37.96197], [-122.29579, 37.96205], [-122.29584, 37.96211], [-122.29629, 37.96223], [-122.29657, 37.96227], [-122.29647, 37.96245], [-122.29641, 37.96255], [-122.2963, 37.96283], [-122.29625, 37.96302], [-122.29624, 37.9631], [-122.2962, 37.96322], [-122.29617, 37.96337], [-122.29608, 37.96374], [-122.29604, 37.96381], [-122.29604, 37.96383], [-122.29622, 37.96395], [-122.29658, 37.96415], [-122.29675, 37.9634], [-122.29677, 37.96333], [-122.29691, 37.96339], [-122.29706, 37.96346], [-122.29717, 37.9635], [-122.29721, 37.96342], [-122.29736, 37.9632], [-122.29986, 37.96305], [-122.29998, 37.9627], [-122.30004, 37.96227], [-122.30116, 37.96218], [-122.3016, 37.96217], [-122.30213, 37.96212], [-122.30225, 37.96213], [-122.30273, 37.9621], [-122.30277, 37.96247], [-122.30285, 37.9634], [-122.30337, 37.96343], [-122.30337, 37.96349], [-122.30536, 37.9636], [-122.30536, 37.96354], [-122.30598, 37.96358], [-122.30598, 37.96352], [-122.30626, 37.96347], [-122.30826, 37.96305], [-122.30826, 37.96188], [-122.30826, 37.96126], [-122.30827, 37.9601], [-122.30827, 37.96002], [-122.30871, 37.96001], [-122.30881, 37.96], [-122.30957, 37.95999], [-122.30958, 37.96003], [-122.31055, 37.96004], [-122.31231, 37.96001], [-122.31231, 37.96088], [-122.31262, 37.96088], [-122.31313, 37.96088], [-122.31428, 37.96088], [-122.3144, 37.96103], [-122.3147, 37.9614], [-122.31502, 37.96124], [-122.31491, 37.96111], [-122.31517, 37.96106], [-122.31525, 37.96105], [-122.31533, 37.96132], [-122.31542, 37.9613], [-122.31543, 37.96111], [-122.3154, 37.96091], [-122.31572, 37.96084], [-122.31583, 37.96082], [-122.31585, 37.96087], [-122.31599, 37.96085], [-122.31557, 37.9594], [-122.31666, 37.95907], [-122.31667, 37.9591], [-122.31675, 37.95908], [-122.31736, 37.96112], [-122.31739, 37.9612], [-122.31776, 37.96248], [-122.318, 37.96331], [-122.31822, 37.96399], [-122.31831, 37.96407], [-122.31837, 37.96408], [-122.31848, 37.96411], [-122.3188, 37.96418], [-122.31898, 37.96478], [-122.31873, 37.96482], [-122.31859, 37.96481], [-122.31843, 37.96481], [-122.31763, 37.96496], [-122.31779, 37.96549], [-122.31706, 37.96563], [-122.31698, 37.96546], [-122.31678, 37.96544], [-122.31657, 37.96545], [-122.31621, 37.96555], [-122.3161, 37.96553], [-122.3159, 37.96546], [-122.31563, 37.96528], [-122.31558, 37.96525], [-122.31536, 37.96518], [-122.31519, 37.96519], [-122.31516, 37.9652], [-122.31504, 37.96522], [-122.31488, 37.96537], [-122.31462, 37.96545], [-122.31427, 37.96556], [-122.31399, 37.96572], [-122.314, 37.96587], [-122.31431, 37.96599], [-122.31412, 37.96623], [-122.3142, 37.96648], [-122.31381, 37.96731], [-122.3139, 37.96745], [-122.31382, 37.96746], [-122.31337, 37.96754], [-122.31308, 37.96787], [-122.31296, 37.9677], [-122.3127, 37.96777], [-122.31272, 37.96796], [-122.31219, 37.96795], [-122.3121, 37.9681], [-122.3138, 37.96811], [-122.3138, 37.96826], [-122.31382, 37.96963], [-122.31385, 37.97159], [-122.31383, 37.97209], [-122.31383, 37.97354], [-122.31383, 37.97413], [-122.31384, 37.97466], [-122.31384, 37.9758], [-122.31383, 37.976], [-122.31383, 37.97603], [-122.31384, 37.97633], [-122.31372, 37.97634], [-122.31365, 37.97634], [-122.31344, 37.97635], [-122.31337, 37.97635], [-122.31317, 37.97635], [-122.31269, 37.97635], [-122.31256, 37.97634], [-122.31236, 37.97633], [-122.31216, 37.97631], [-122.31213, 37.97631], [-122.31187, 37.97631], [-122.31175, 37.97631], [-122.31156, 37.97632], [-122.31136, 37.97633], [-122.31114, 37.97634], [-122.31077, 37.97636], [-122.31053, 37.97639], [-122.31051, 37.97639], [-122.3103, 37.97643], [-122.30985, 37.97651], [-122.30879, 37.97673], [-122.30852, 37.97679], [-122.30808, 37.97688], [-122.30809, 37.97698], [-122.30788, 37.97711], [-122.30783, 37.97736], [-122.30815, 37.97774], [-122.30885, 37.97856], [-122.30897, 37.97923], [-122.30914, 37.97966], [-122.30904, 37.9799], [-122.30884, 37.98001], [-122.30869, 37.98009], [-122.30832, 37.98029], [-122.30822, 37.98037], [-122.30811, 37.98046], [-122.30784, 37.98075], [-122.3078, 37.98083], [-122.30749, 37.98143], [-122.30759, 37.98169], [-122.30742, 37.98235], [-122.30777, 37.98241], [-122.30789, 37.98243], [-122.30779, 37.9828], [-122.30729, 37.9828], [-122.30727, 37.98287], [-122.30753, 37.98286], [-122.30752, 37.98309], [-122.30753, 37.98375], [-122.30922, 37.98375], [-122.30923, 37.98329], [-122.30922, 37.98281], [-122.31002, 37.9828], [-122.31193, 37.98373], [-122.31188, 37.98379], [-122.312, 37.98383], [-122.31219, 37.98389], [-122.31231, 37.98394], [-122.31269, 37.98407], [-122.31282, 37.98412], [-122.3133, 37.98439], [-122.31335, 37.98441], [-122.31375, 37.9846], [-122.31392, 37.98469], [-122.31408, 37.98477], [-122.31425, 37.98485], [-122.31456, 37.985], [-122.31475, 37.98509], [-122.31485, 37.98514], [-122.31495, 37.98519], [-122.31522, 37.98531], [-122.31538, 37.98539], [-122.31545, 37.98542], [-122.31563, 37.98551], [-122.31572, 37.98555], [-122.31583, 37.9856], [-122.31651, 37.98593], [-122.31681, 37.98607], [-122.31671, 37.98647], [-122.31665, 37.98674], [-122.31664, 37.98678], [-122.31663, 37.98684], [-122.31671, 37.98688], [-122.31684, 37.98695], [-122.31697, 37.98701], [-122.3172, 37.98712], [-122.32217, 37.98951], [-122.32493, 37.9908], [-122.32688, 37.99178], [-122.32747, 37.99102], [-122.32975, 37.99204], [-122.32986, 37.99209], [-122.33006, 37.99219], [-122.33058, 37.99174], [-122.33073, 37.99161], [-122.33155, 37.99085], [-122.33172, 37.99097], [-122.33205, 37.9912], [-122.3322, 37.99133], [-122.3323, 37.99142], [-122.33189, 37.99175], [-122.33198, 37.99183], [-122.33195, 37.99186], [-122.33204, 37.99194], [-122.33214, 37.99203], [-122.33233, 37.99222], [-122.3329, 37.99276], [-122.33327, 37.99313], [-122.33342, 37.99326], [-122.33378, 37.99358], [-122.3349, 37.99468], [-122.33584, 37.99442], [-122.3362, 37.99434], [-122.33795, 37.99447], [-122.33856, 37.99584], [-122.33764, 37.99608], [-122.33612, 37.99648], [-122.33648, 37.99734], [-122.33678, 37.99802], [-122.33703, 37.99862], [-122.33708, 37.99874], [-122.33714, 37.99887], [-122.33616, 37.99906], [-122.33163, 37.99995], [-122.33102, 38.00008], [-122.33088, 38.00011], [-122.33066, 38.00015], [-122.32902, 38.00051], [-122.32934, 38.00083], [-122.32987, 38.00152], [-122.32992, 38.00158], [-122.33014, 38.00186], [-122.33006, 38.00191], [-122.33003, 38.00192], [-122.33012, 38.00209], [-122.33045, 38.00271], [-122.33102, 38.00378], [-122.33784, 38.00657], [-122.33921, 38.00718], [-122.34027, 38.0076], [-122.34188, 38.00829], [-122.34338, 38.00891], [-122.34408, 38.0092], [-122.34814, 38.01088], [-122.35353, 38.01312], [-122.35559, 38.01397], [-122.35975, 38.0157], [-122.36014, 38.01586], [-122.36184, 38.01657], [-122.36363, 38.01731], [-122.3846, 38.026], [-122.38976, 38.02814], [-122.39125, 38.02649], [-122.39129, 38.02651], [-122.392, 38.02572], [-122.40076, 38.01598], [-122.40526, 38.01115], [-122.41741, 37.9981], [-122.41967, 37.99569], [-122.4318, 37.98274], [-122.43988, 37.97395], [-122.43988, 37.97343], [-122.43981, 37.97104], [-122.4398, 37.9707], [-122.43908, 37.97071], [-122.42932, 37.97086], [-122.41968, 37.97101], [-122.40998, 37.97115], [-122.40105, 37.97129], [-122.40033, 37.9713], [-122.39745, 37.97134], [-122.39099, 37.9714], [-122.38815, 37.97143], [-122.38778, 37.97145], [-122.38724, 37.97145], [-122.38464, 37.97148], [-122.38325, 37.97144], [-122.38193, 37.97143], [-122.38142, 37.97143], [-122.3732, 37.97143], [-122.37282, 37.97157], [-122.37227, 37.97224], [-122.37225, 37.97251], [-122.37217, 37.97255], [-122.37206, 37.97255], [-122.36995, 37.97255], [-122.36983, 37.97255], [-122.36949, 37.97255], [-122.36918, 37.97255], [-122.36539, 37.97256], [-122.36522, 37.97259], [-122.36522, 37.97248], [-122.36522, 37.97221], [-122.36522, 37.97213], [-122.36523, 37.97193], [-122.36523, 37.97185], [-122.36523, 37.97177], [-122.36523, 37.97126], [-122.36523, 37.96997], [-122.36523, 37.96977], [-122.36523, 37.96927], [-122.36523, 37.9686], [-122.36473, 37.9687], [-122.36465, 37.96872], [-122.36446, 37.96875], [-122.36417, 37.96877], [-122.36398, 37.96878], [-122.3637, 37.96877], [-122.36351, 37.96876], [-122.36332, 37.96873], [-122.36321, 37.96872], [-122.36313, 37.9687], [-122.36295, 37.96866], [-122.36272, 37.9686], [-122.36273, 37.96882], [-122.36268, 37.96934], [-122.36258, 37.97049], [-122.36251, 37.97113], [-122.36252, 37.97145], [-122.36252, 37.97155], [-122.36249, 37.9722], [-122.36249, 37.97229], [-122.36245, 37.97246], [-122.36233, 37.97379], [-122.36232, 37.97398], [-122.36023, 37.97387], [-122.35837, 37.97376], [-122.35818, 37.97375], [-122.35809, 37.97374], [-122.35818, 37.97277], [-122.35824, 37.97204], [-122.35832, 37.97116], [-122.35835, 37.97081], [-122.35842, 37.97008], [-122.35855, 37.96868], [-122.35864, 37.96768], [-122.35866, 37.96759], [-122.3587, 37.96746], [-122.35879, 37.96659], [-122.3589, 37.96544], [-122.35894, 37.96489], [-122.35907, 37.96355], [-122.35914, 37.96279], [-122.35928, 37.96131], [-122.35928, 37.96127], [-122.35932, 37.96095], [-122.35932, 37.96089], [-122.35897, 37.96064], [-122.35906, 37.95957], [-122.35909, 37.95923], [-122.35912, 37.95923], [-122.35915, 37.95882], [-122.35917, 37.95863], [-122.35925, 37.95777], [-122.3596, 37.95777], [-122.3598, 37.95563], [-122.35988, 37.95474], [-122.36006, 37.95474], [-122.36044, 37.95474], [-122.36161, 37.95475], [-122.36241, 37.95472], [-122.36248, 37.95472], [-122.36278, 37.95472], [-122.36331, 37.95475], [-122.36421, 37.95475], [-122.36439, 37.95475], [-122.36493, 37.95475], [-122.36511, 37.95475], [-122.36529, 37.95475], [-122.36584, 37.95475], [-122.36602, 37.95475], [-122.3662, 37.95475], [-122.36675, 37.95475], [-122.36693, 37.95475], [-122.36786, 37.95475], [-122.36875, 37.95475], [-122.36888, 37.95472], [-122.36889, 37.95472], [-122.36887, 37.95461], [-122.36886, 37.95439], [-122.36946, 37.95439], [-122.36946, 37.95405], [-122.36921, 37.95405], [-122.36886, 37.95404], [-122.36886, 37.95391], [-122.36886, 37.9535], [-122.36886, 37.95336], [-122.36886, 37.95322], [-122.36886, 37.95281], [-122.36886, 37.95267], [-122.36886, 37.95253], [-122.36886, 37.9521], [-122.36886, 37.95196], [-122.36886, 37.95182], [-122.36886, 37.95171], [-122.36886, 37.95139], [-122.36886, 37.95125], [-122.36887, 37.95059], [-122.36888, 37.95039], [-122.36936, 37.95039], [-122.37056, 37.95041], [-122.37075, 37.95041], [-122.37133, 37.95041], [-122.3714, 37.95041], [-122.37143, 37.95042], [-122.37154, 37.95042], [-122.37168, 37.95042], [-122.37208, 37.95042], [-122.37222, 37.95042], [-122.3722, 37.95054], [-122.37208, 37.95062], [-122.3719, 37.95069], [-122.37187, 37.9507], [-122.37173, 37.95075], [-122.37161, 37.95079], [-122.37159, 37.95085], [-122.37156, 37.95094], [-122.37147, 37.95124], [-122.37126, 37.95195], [-122.37101, 37.95283], [-122.3708, 37.95358], [-122.37062, 37.95369], [-122.37021, 37.95394], [-122.3702, 37.95405], [-122.37024, 37.95406], [-122.3703, 37.95406], [-122.37058, 37.95406], [-122.37087, 37.95406], [-122.37111, 37.95406], [-122.37175, 37.95406], [-122.37204, 37.95406], [-122.37274, 37.95406], [-122.37335, 37.95405], [-122.3735, 37.95405], [-122.37364, 37.95405], [-122.3738, 37.95405], [-122.37507, 37.95405], [-122.37587, 37.95405], [-122.37672, 37.95404], [-122.37685, 37.95404], [-122.37768, 37.95404], [-122.37775, 37.95404], [-122.37788, 37.95405], [-122.37814, 37.95405], [-122.37816, 37.95639], [-122.37788, 37.95641], [-122.37788, 37.95646], [-122.37762, 37.95646], [-122.37597, 37.95654], [-122.37598, 37.95688], [-122.37618, 37.9569], [-122.37619, 37.95733], [-122.3762, 37.95747], [-122.37622, 37.95893], [-122.37618, 37.95914], [-122.37619, 37.95938], [-122.37622, 37.96011], [-122.37622, 37.96036], [-122.37623, 37.96063], [-122.37626, 37.96092], [-122.37627, 37.96099], [-122.37628, 37.96135], [-122.37626, 37.96261], [-122.37626, 37.96318], [-122.37626, 37.96361], [-122.37627, 37.9649], [-122.37627, 37.96505], [-122.37627, 37.96532], [-122.37626, 37.9656], [-122.37626, 37.96581], [-122.37833, 37.96579], [-122.37833, 37.96729], [-122.37833, 37.9678], [-122.37875, 37.9678], [-122.38108, 37.9678], [-122.38228, 37.9678], [-122.38332, 37.9678], [-122.38627, 37.9678], [-122.39429, 37.96777], [-122.3958, 37.96777], [-122.39597, 37.96777], [-122.39728, 37.96777], [-122.40148, 37.96777], [-122.40251, 37.96777], [-122.40323, 37.96777], [-122.41084, 37.9678], [-122.41294, 37.9678], [-122.42161, 37.96783], [-122.42184, 37.96784], [-122.43165, 37.96783], [-122.43423, 37.9678], [-122.44112, 37.96771], [-122.44113, 37.96803], [-122.44148, 37.96802], [-122.44148, 37.96772], [-122.44148, 37.9668], [-122.44148, 37.9665], [-122.44148, 37.96532], [-122.44148, 37.9618]], [[-122.35861, 37.95045], [-122.35858, 37.95081], [-122.35857, 37.951], [-122.35855, 37.95136], [-122.3585, 37.9521], [-122.35849, 37.9521], [-122.35845, 37.9521], [-122.35833, 37.9521], [-122.3583, 37.9521], [-122.35824, 37.95264], [-122.35819, 37.95319], [-122.3581, 37.95427], [-122.35806, 37.95474], [-122.35794, 37.9561], [-122.35773, 37.95876], [-122.35755, 37.96105], [-122.35753, 37.96132], [-122.35734, 37.96332], [-122.35704, 37.96462], [-122.35682, 37.96551], [-122.35649, 37.96677], [-122.35639, 37.96718], [-122.35584, 37.96921], [-122.35529, 37.97125], [-122.35507, 37.97205], [-122.35485, 37.97286], [-122.35425, 37.97505], [-122.35366, 37.97724], [-122.35366, 37.97726], [-122.35348, 37.97789], [-122.35331, 37.97854], [-122.35326, 37.97873], [-122.35324, 37.97882], [-122.3532, 37.97897], [-122.35309, 37.97941], [-122.35302, 37.97963], [-122.35302, 37.97965], [-122.35295, 37.9799], [-122.35292, 37.97991], [-122.35282, 37.97993], [-122.35279, 37.97994], [-122.35252, 37.98002], [-122.35228, 37.98004], [-122.35023, 37.98031], [-122.35008, 37.98033], [-122.34995, 37.98034], [-122.34951, 37.9804], [-122.34935, 37.98042], [-122.34914, 37.98045], [-122.34846, 37.98053], [-122.34808, 37.98058], [-122.34775, 37.98063], [-122.34709, 37.98071], [-122.34687, 37.98074], [-122.34671, 37.98076], [-122.34671, 37.98093], [-122.34671, 37.98128], [-122.34671, 37.98156], [-122.34563, 37.98155], [-122.34454, 37.98155], [-122.34397, 37.98155], [-122.34319, 37.98155], [-122.34212, 37.98155], [-122.34171, 37.98155], [-122.34094, 37.98155], [-122.34037, 37.98155], [-122.3398, 37.98156], [-122.3393, 37.98156], [-122.33896, 37.98156], [-122.33833, 37.98156], [-122.33838, 37.98149], [-122.33848, 37.98137], [-122.33878, 37.98103], [-122.33888, 37.98091], [-122.33923, 37.9805], [-122.33959, 37.98009], [-122.33996, 37.97965], [-122.34028, 37.97928], [-122.34041, 37.97913], [-122.34063, 37.97887], [-122.3407, 37.97879], [-122.34079, 37.97867], [-122.34087, 37.97857], [-122.34119, 37.97804], [-122.34125, 37.97796], [-122.34132, 37.97783], [-122.34138, 37.97772], [-122.34148, 37.97751], [-122.34149, 37.97749], [-122.34178, 37.97674], [-122.34191, 37.97646], [-122.34206, 37.97612], [-122.34218, 37.97579], [-122.34225, 37.97561], [-122.3424, 37.97518], [-122.34252, 37.97481], [-122.34256, 37.97466], [-122.3426, 37.97447], [-122.34266, 37.97432], [-122.34267, 37.97428], [-122.34283, 37.9737], [-122.34263, 37.97368], [-122.34217, 37.97362], [-122.34212, 37.97338], [-122.34209, 37.97324], [-122.34211, 37.9731], [-122.34213, 37.97298], [-122.3421, 37.97289], [-122.34209, 37.97285], [-122.34209, 37.97272], [-122.34201, 37.97216], [-122.34201, 37.97202], [-122.34201, 37.97201], [-122.34191, 37.97198], [-122.34189, 37.97197], [-122.34159, 37.97202], [-122.34097, 37.97213], [-122.34016, 37.97226], [-122.34008, 37.97228], [-122.3399, 37.97211], [-122.33985, 37.97206], [-122.33971, 37.97192], [-122.33701, 37.96932], [-122.33701, 37.96877], [-122.33702, 37.96847], [-122.33701, 37.96838], [-122.33701, 37.96811], [-122.33702, 37.96779], [-122.33702, 37.96777], [-122.33699, 37.96778], [-122.33657, 37.96796], [-122.33633, 37.96783], [-122.33609, 37.9677], [-122.33594, 37.96761], [-122.33572, 37.96749], [-122.33549, 37.96736], [-122.33454, 37.96684], [-122.33398, 37.96636], [-122.33255, 37.96633], [-122.33145, 37.96631], [-122.33058, 37.9667], [-122.32933, 37.96726], [-122.32869, 37.96726], [-122.32815, 37.96682], [-122.32735, 37.96719], [-122.32472, 37.96726], [-122.3235, 37.9673], [-122.32332, 37.9673], [-122.32337, 37.96747], [-122.32287, 37.96758], [-122.32255, 37.96764], [-122.3224, 37.96767], [-122.32231, 37.96738], [-122.32217, 37.9672], [-122.32197, 37.96695], [-122.32191, 37.96687], [-122.32184, 37.96679], [-122.32172, 37.96664], [-122.3215, 37.96635], [-122.32141, 37.96624], [-122.32136, 37.96619], [-122.32134, 37.96616], [-122.32131, 37.96614], [-122.3212, 37.96612], [-122.32103, 37.96608], [-122.32116, 37.96599], [-122.3213, 37.9659], [-122.32223, 37.96529], [-122.32214, 37.96528], [-122.32199, 37.96526], [-122.32185, 37.96524], [-122.3218, 37.96526], [-122.32164, 37.96534], [-122.3215, 37.9654], [-122.32147, 37.9654], [-122.32133, 37.96541], [-122.3213, 37.96542], [-122.32112, 37.96547], [-122.32105, 37.96548], [-122.32092, 37.96552], [-122.32064, 37.96558], [-122.3206, 37.96559], [-122.32053, 37.96563], [-122.32048, 37.96566], [-122.32037, 37.96564], [-122.32021, 37.9656], [-122.32018, 37.96558], [-122.32016, 37.96555], [-122.32017, 37.96552], [-122.32019, 37.96542], [-122.32022, 37.96531], [-122.31982, 37.96399], [-122.31978, 37.96387], [-122.31976, 37.96377], [-122.31947, 37.96382], [-122.3194, 37.96359], [-122.31917, 37.96282], [-122.31913, 37.96269], [-122.319, 37.96225], [-122.31852, 37.96066], [-122.31843, 37.96036], [-122.31842, 37.9603], [-122.31839, 37.96022], [-122.31821, 37.95964], [-122.31817, 37.95947], [-122.3181, 37.95926], [-122.31793, 37.9587], [-122.31883, 37.95842], [-122.31876, 37.95833], [-122.31874, 37.95829], [-122.31872, 37.95826], [-122.31864, 37.95811], [-122.31864, 37.95808], [-122.31863, 37.95806], [-122.31861, 37.95798], [-122.31861, 37.95797], [-122.31861, 37.95795], [-122.31861, 37.95784], [-122.31861, 37.95774], [-122.31871, 37.9576], [-122.31876, 37.95755], [-122.31879, 37.95752], [-122.31887, 37.95746], [-122.31896, 37.95743], [-122.31903, 37.9574], [-122.31916, 37.95738], [-122.31924, 37.95736], [-122.31928, 37.95738], [-122.31935, 37.95739], [-122.31941, 37.95739], [-122.31944, 37.95738], [-122.31967, 37.95739], [-122.31996, 37.95739], [-122.32004, 37.95738], [-122.32016, 37.95736], [-122.32024, 37.95734], [-122.32032, 37.95731], [-122.32008, 37.95704], [-122.3201, 37.95702], [-122.31997, 37.95689], [-122.32001, 37.95685], [-122.32008, 37.95677], [-122.32016, 37.95668], [-122.32054, 37.95674], [-122.32042, 37.95644], [-122.32028, 37.95626], [-122.32022, 37.95617], [-122.31992, 37.95611], [-122.31992, 37.95609], [-122.31971, 37.95574], [-122.3196, 37.95562], [-122.31929, 37.95581], [-122.31928, 37.95582], [-122.31924, 37.95587], [-122.31921, 37.9559], [-122.31919, 37.95591], [-122.31925, 37.95596], [-122.31941, 37.95614], [-122.31946, 37.95622], [-122.31948, 37.9563], [-122.31961, 37.95681], [-122.31961, 37.95684], [-122.31958, 37.95686], [-122.31955, 37.95687], [-122.31952, 37.95687], [-122.3195, 37.95687], [-122.31929, 37.95676], [-122.31922, 37.95673], [-122.31903, 37.95667], [-122.31881, 37.95667], [-122.31866, 37.95669], [-122.31863, 37.95668], [-122.31861, 37.95667], [-122.3186, 37.95664], [-122.31861, 37.95662], [-122.31863, 37.95657], [-122.31867, 37.95648], [-122.31867, 37.9564], [-122.31867, 37.95632], [-122.31866, 37.95626], [-122.31852, 37.95626], [-122.31842, 37.95572], [-122.31841, 37.95568], [-122.31834, 37.95525], [-122.31831, 37.95518], [-122.31827, 37.95512], [-122.31825, 37.9551], [-122.31822, 37.9551], [-122.3182, 37.95511], [-122.31822, 37.95498], [-122.31814, 37.955], [-122.31809, 37.95501], [-122.31803, 37.95493], [-122.31828, 37.95492], [-122.31836, 37.95492], [-122.31857, 37.95491], [-122.3187, 37.95483], [-122.31863, 37.95464], [-122.31858, 37.95453], [-122.31854, 37.95448], [-122.31851, 37.95445], [-122.31846, 37.95442], [-122.31875, 37.95404], [-122.31893, 37.95412], [-122.31916, 37.95412], [-122.32045, 37.95412], [-122.32366, 37.95411], [-122.32382, 37.9541], [-122.32394, 37.954], [-122.32405, 37.95393], [-122.32412, 37.95391], [-122.3244, 37.95385], [-122.3244, 37.95366], [-122.3244, 37.95354], [-122.32444, 37.95348], [-122.32441, 37.95346], [-122.32431, 37.95335], [-122.32414, 37.95318], [-122.32404, 37.95307], [-122.324, 37.9531], [-122.32394, 37.95312], [-122.32378, 37.95295], [-122.32349, 37.95266], [-122.32344, 37.95266], [-122.32338, 37.95267], [-122.32323, 37.95267], [-122.32322, 37.9525], [-122.32322, 37.95245], [-122.32312, 37.95238], [-122.32304, 37.95232], [-122.32259, 37.95202], [-122.32232, 37.95201], [-122.32208, 37.952], [-122.3221, 37.95194], [-122.32232, 37.95133], [-122.32234, 37.95133], [-122.32248, 37.95129], [-122.32254, 37.95127], [-122.32267, 37.95113], [-122.32274, 37.951], [-122.32282, 37.95086], [-122.323, 37.95033], [-122.32312, 37.95], [-122.32316, 37.94989], [-122.32319, 37.94985], [-122.32323, 37.9498], [-122.3233, 37.94975], [-122.32349, 37.94965], [-122.32356, 37.94962], [-122.32365, 37.94958], [-122.32382, 37.9495], [-122.32391, 37.94946], [-122.32413, 37.94939], [-122.32452, 37.94928], [-122.3248, 37.94919], [-122.32485, 37.94918], [-122.32506, 37.94917], [-122.32559, 37.94916], [-122.32586, 37.94916], [-122.3262, 37.94915], [-122.32639, 37.94915], [-122.32677, 37.94915], [-122.32709, 37.94914], [-122.32768, 37.94914], [-122.32812, 37.94913], [-122.32824, 37.94913], [-122.32845, 37.94913], [-122.32896, 37.94912], [-122.32934, 37.94912], [-122.32996, 37.94911], [-122.33045, 37.94911], [-122.331, 37.9491], [-122.33164, 37.94909], [-122.33181, 37.94908], [-122.33239, 37.94907], [-122.33247, 37.94924], [-122.33252, 37.94937], [-122.33268, 37.94975], [-122.33273, 37.94988], [-122.3328, 37.94998], [-122.33284, 37.95006], [-122.33293, 37.95025], [-122.33302, 37.95043], [-122.33307, 37.95052], [-122.33311, 37.95062], [-122.33315, 37.95069], [-122.33328, 37.95097], [-122.33337, 37.95115], [-122.33341, 37.95123], [-122.33345, 37.95133], [-122.33347, 37.95136], [-122.33349, 37.95141], [-122.33351, 37.95145], [-122.33351, 37.95166], [-122.33359, 37.95168], [-122.33363, 37.95168], [-122.33375, 37.95178], [-122.33386, 37.95174], [-122.33391, 37.95175], [-122.33403, 37.95177], [-122.33418, 37.95176], [-122.33448, 37.95188], [-122.33465, 37.952], [-122.33522, 37.95199], [-122.33539, 37.95206], [-122.33548, 37.95214], [-122.33565, 37.95216], [-122.33574, 37.9522], [-122.33586, 37.95221], [-122.33595, 37.95223], [-122.33598, 37.95224], [-122.33612, 37.95238], [-122.33625, 37.95239], [-122.3366, 37.95234], [-122.33701, 37.95245], [-122.33707, 37.95246], [-122.33718, 37.95246], [-122.33734, 37.95251], [-122.33749, 37.95261], [-122.33755, 37.95277], [-122.33776, 37.95293], [-122.33789, 37.953], [-122.338, 37.95302], [-122.33815, 37.95304], [-122.33845, 37.95316], [-122.33861, 37.95323], [-122.33885, 37.95342], [-122.33889, 37.9534], [-122.33926, 37.95316], [-122.33928, 37.95315], [-122.3393, 37.95314], [-122.33989, 37.95276], [-122.33995, 37.95272], [-122.34005, 37.95266], [-122.34032, 37.95248], [-122.34045, 37.95266], [-122.34159, 37.95413], [-122.34168, 37.95425], [-122.34183, 37.95444], [-122.34195, 37.9546], [-122.34206, 37.95475], [-122.34211, 37.9548], [-122.34215, 37.95486], [-122.34219, 37.95491], [-122.34222, 37.95495], [-122.34227, 37.95501], [-122.34231, 37.95507], [-122.34235, 37.95512], [-122.34239, 37.95518], [-122.34244, 37.95524], [-122.34248, 37.95528], [-122.34251, 37.95533], [-122.34253, 37.95535], [-122.34264, 37.95538], [-122.34276, 37.95539], [-122.34314, 37.95548], [-122.34338, 37.95553], [-122.3436, 37.95557], [-122.34394, 37.95565], [-122.34429, 37.95573], [-122.34443, 37.95576], [-122.34452, 37.95578], [-122.3448, 37.95584], [-122.34498, 37.95588], [-122.34521, 37.95593], [-122.34535, 37.95596], [-122.34544, 37.95598], [-122.34552, 37.956], [-122.34566, 37.95603], [-122.3459, 37.95608], [-122.34601, 37.95611], [-122.34613, 37.95613], [-122.34628, 37.95616], [-122.34636, 37.95618], [-122.34644, 37.9562], [-122.34658, 37.95623], [-122.34662, 37.95624], [-122.34664, 37.95624], [-122.34682, 37.95628], [-122.34682, 37.95617], [-122.34682, 37.95613], [-122.34682, 37.95602], [-122.34682, 37.95598], [-122.34683, 37.95581], [-122.34684, 37.95492], [-122.34684, 37.95485], [-122.34685, 37.95457], [-122.34685, 37.95448], [-122.34686, 37.95428], [-122.34686, 37.95419], [-122.34686, 37.9541], [-122.34686, 37.95403], [-122.34687, 37.95318], [-122.34728, 37.95322], [-122.34736, 37.95322], [-122.34737, 37.95317], [-122.34737, 37.95301], [-122.34737, 37.95295], [-122.34737, 37.95288], [-122.34737, 37.95267], [-122.34738, 37.9526], [-122.34738, 37.95244], [-122.34738, 37.95195], [-122.34739, 37.95179], [-122.34739, 37.95164], [-122.34739, 37.95159], [-122.3474, 37.95119], [-122.3474, 37.95104], [-122.3474, 37.95095], [-122.3474, 37.95067], [-122.3474, 37.95058], [-122.34741, 37.95032], [-122.34755, 37.95032], [-122.34891, 37.95032], [-122.35014, 37.95032], [-122.35053, 37.95032], [-122.35169, 37.95032], [-122.3519, 37.95032], [-122.35208, 37.95033], [-122.35219, 37.95032], [-122.35242, 37.95032], [-122.35346, 37.95032], [-122.35381, 37.95032], [-122.35415, 37.95032], [-122.35519, 37.95032], [-122.35554, 37.95032], [-122.35586, 37.95032], [-122.35605, 37.95032], [-122.35681, 37.95033], [-122.35713, 37.95033], [-122.35713, 37.95043], [-122.35791, 37.95044], [-122.35861, 37.95045]]], [[[-122.36688, 37.96056], [-122.36688, 37.96051], [-122.36679, 37.96049], [-122.36679, 37.9603], [-122.36679, 37.96022], [-122.36602, 37.96022], [-122.36592, 37.96022], [-122.36592, 37.96031], [-122.36529, 37.96043], [-122.3652, 37.96042], [-122.36512, 37.9604], [-122.36512, 37.96049], [-122.36505, 37.96049], [-122.36483, 37.9605], [-122.36476, 37.9605], [-122.36476, 37.96076], [-122.36476, 37.96102], [-122.36476, 37.96128], [-122.36477, 37.96151], [-122.36477, 37.962], [-122.36512, 37.96199], [-122.36683, 37.962], [-122.36683, 37.96199], [-122.36687, 37.9609], [-122.36687, 37.96088], [-122.36688, 37.96056]]]]}}, {"type": "Feature", "properties": {"name": "Rollingwood", "kind": "cdp", "geoid": "0662700"}, "geometry": {"type": "Polygon", "coordinates": [[[-122.33702, 37.96777], [-122.33702, 37.9677], [-122.33702, 37.96553], [-122.33701, 37.96529], [-122.33701, 37.964], [-122.33701, 37.96365], [-122.33643, 37.96363], [-122.33631, 37.96363], [-122.33631, 37.96367], [-122.33629, 37.96372], [-122.33627, 37.96378], [-122.33627, 37.96379], [-122.33623, 37.96386], [-122.33622, 37.96387], [-122.33606, 37.9638], [-122.33578, 37.96366], [-122.33566, 37.96361], [-122.33554, 37.96344], [-122.33535, 37.96312], [-122.33508, 37.96312], [-122.33458, 37.9631], [-122.33373, 37.96309], [-122.33346, 37.96309], [-122.33326, 37.9631], [-122.33297, 37.96311], [-122.33265, 37.96311], [-122.33265, 37.96322], [-122.33228, 37.96319], [-122.33089, 37.96307], [-122.32995, 37.96299], [-122.32976, 37.96298], [-122.32964, 37.96298], [-122.3295, 37.96299], [-122.32932, 37.96303], [-122.32916, 37.96309], [-122.32908, 37.96312], [-122.32877, 37.96326], [-122.32847, 37.96339], [-122.32817, 37.96353], [-122.32787, 37.96366], [-122.32681, 37.96418], [-122.32647, 37.96438], [-122.32625, 37.96451], [-122.32611, 37.9646], [-122.32598, 37.96468], [-122.32578, 37.96479], [-122.32571, 37.96483], [-122.32564, 37.96487], [-122.32549, 37.96494], [-122.32519, 37.96507], [-122.32487, 37.9652], [-122.32474, 37.96526], [-122.32474, 37.96537], [-122.32459, 37.96545], [-122.32452, 37.9655], [-122.32429, 37.96568], [-122.324, 37.96589], [-122.32349, 37.96627], [-122.32336, 37.96635], [-122.32321, 37.9664], [-122.32313, 37.96643], [-122.32308, 37.96635], [-122.32305, 37.9663], [-122.32316, 37.96627], [-122.32323, 37.96624], [-122.32329, 37.96621], [-122.3239, 37.96573], [-122.32393, 37.96578], [-122.32421, 37.96555], [-122.32429, 37.96549], [-122.32442, 37.9654], [-122.32446, 37.96536], [-122.32444, 37.9653], [-122.32439, 37.96517], [-122.32405, 37.96537], [-122.32363, 37.96558], [-122.32323, 37.96584], [-122.32291, 37.96606], [-122.32255, 37.96633], [-122.32197, 37.96695], [-122.32217, 37.9672], [-122.32231, 37.96738], [-122.3224, 37.96767], [-122.32255, 37.96764], [-122.32287, 37.96758], [-122.32337, 37.96747], [-122.32332, 37.9673], [-122.3235, 37.9673], [-122.32472, 37.96726], [-122.32735, 37.96719], [-122.32815, 37.96682], [-122.32869, 37.96726], [-122.32933, 37.96726], [-122.33058, 37.9667], [-122.33145, 37.96631], [-122.33255, 37.96633], [-122.33398, 37.96636], [-122.33454, 37.96684], [-122.33549, 37.96736], [-122.33572, 37.96749], [-122.33594, 37.96761], [-122.33609, 37.9677], [-122.33633, 37.96783], [-122.33657, 37.96796], [-122.33699, 37.96778], [-122.33702, 37.96777]]]}}, {"type": "Feature", "properties": {"name": "Port Costa", "kind": "cdp", "geoid": "0658226"}, "geometry": {"type": "Polygon", "coordinates": [[[-122.1927, 38.0414], [-122.1927, 38.04132], [-122.19269, 38.04128], [-122.19269, 38.04127], [-122.19268, 38.04125], [-122.19265, 38.04121], [-122.19262, 38.04117], [-122.19258, 38.04115], [-122.19253, 38.04113], [-122.19244, 38.04112], [-122.19238, 38.04111], [-122.19229, 38.0411], [-122.19228, 38.0411], [-122.19208, 38.04118], [-122.19195, 38.04131], [-122.19175, 38.04143], [-122.19154, 38.04156], [-122.19134, 38.04167], [-122.19113, 38.04176], [-122.19102, 38.04182], [-122.1909, 38.04189], [-122.19078, 38.04194], [-122.19069, 38.04197], [-122.19059, 38.04199], [-122.1905, 38.04202], [-122.19041, 38.04206], [-122.19036, 38.04211], [-122.19028, 38.04222], [-122.19016, 38.04235], [-122.1901, 38.04242], [-122.19002, 38.04247], [-122.18984, 38.04257], [-122.18973, 38.04263], [-122.18961, 38.04268], [-122.18937, 38.04281], [-122.18931, 38.04285], [-122.18925, 38.04291], [-122.18915, 38.04303], [-122.18901, 38.04317], [-122.18893, 38.04323], [-122.18884, 38.04329], [-122.18875, 38.04334], [-122.18865, 38.04338], [-122.18855, 38.0434], [-122.18844, 38.04342], [-122.18835, 38.04346], [-122.18833, 38.04349], [-122.1883, 38.04352], [-122.18829, 38.04356], [-122.18828, 38.04359], [-122.1883, 38.04365], [-122.18831, 38.04367], [-122.18835, 38.04371], [-122.18824, 38.0437], [-122.18819, 38.04369], [-122.1881, 38.04365], [-122.18806, 38.04364], [-122.18799, 38.04363], [-122.1879, 38.04362], [-122.18783, 38.04364], [-122.18772, 38.04374], [-122.18765, 38.04382], [-122.18756, 38.04392], [-122.18747, 38.04396], [-122.1874, 38.04398], [-122.18731, 38.04402], [-122.18727, 38.04406], [-122.18724, 38.04412], [-122.18721, 38.04421], [-122.18714, 38.04437], [-122.18712, 38.04441], [-122.18706, 38.04446], [-122.18698, 38.04449], [-122.18693, 38.0445], [-122.18668, 38.04451], [-122.1866, 38.0445], [-122.18652, 38.04449], [-122.18637, 38.04445], [-122.18632, 38.04444], [-122.18628, 38.04441], [-122.18629, 38.04436], [-122.1863, 38.04432], [-122.18633, 38.04431], [-122.18648, 38.04429], [-122.18662, 38.04425], [-122.18667, 38.0442], [-122.1867, 38.04415], [-122.18672, 38.0441], [-122.18673, 38.04374], [-122.18674, 38.04367], [-122.18677, 38.04361], [-122.1868, 38.04358], [-122.18688, 38.04353], [-122.18695, 38.0435], [-122.18702, 38.04346], [-122.18707, 38.0434], [-122.18711, 38.04334], [-122.18712, 38.04328], [-122.18712, 38.04321], [-122.18712, 38.04311], [-122.18714, 38.04294], [-122.18716, 38.04278], [-122.18713, 38.04271], [-122.18708, 38.04262], [-122.18703, 38.04256], [-122.18695, 38.0425], [-122.18674, 38.04233], [-122.18672, 38.04227], [-122.18672, 38.04221], [-122.18675, 38.04219], [-122.18681, 38.04214], [-122.18689, 38.04212], [-122.18698, 38.04208], [-122.18706, 38.04204], [-122.18718, 38.04197], [-122.18725, 38.0419], [-122.18731, 38.04181], [-122.18735, 38.04174], [-122.18737, 38.04162], [-122.18733, 38.04154], [-122.18729, 38.04149], [-122.18721, 38.04144], [-122.18712, 38.04143], [-122.187, 38.04143], [-122.18691, 38.04148], [-122.18681, 38.04155], [-122.18675, 38.04158], [-122.18655, 38.04169], [-122.1864, 38.04176], [-122.18624, 38.04184], [-122.18604, 38.04196], [-122.186, 38.04202], [-122.18597, 38.04211], [-122.18596, 38.0422], [-122.18594, 38.0423], [-122.18595, 38.04244], [-122.18592, 38.04252], [-122.18589, 38.04259], [-122.18583, 38.04266], [-122.18575, 38.04273], [-122.18563, 38.04277], [-122.18556, 38.04279], [-122.18489, 38.04279], [-122.18453, 38.0428], [-122.18438, 38.0428], [-122.18421, 38.04277], [-122.18395, 38.04272], [-122.18382, 38.04271], [-122.18364, 38.04271], [-122.18342, 38.04271], [-122.18322, 38.04271], [-122.18309, 38.04268], [-122.18297, 38.04261], [-122.18265, 38.04227], [-122.18244, 38.04213], [-122.18236, 38.04211], [-122.18229, 38.0421], [-122.18219, 38.04211], [-122.18203, 38.04208], [-122.18195, 38.04204], [-122.18187, 38.04197], [-122.18178, 38.04192], [-122.1817, 38.04188], [-122.18163, 38.04186], [-122.18155, 38.04187], [-122.18142, 38.04187], [-122.18135, 38.04188], [-122.1813, 38.0419], [-122.18128, 38.04196], [-122.18124, 38.04204], [-122.1812, 38.04216], [-122.18111, 38.04238], [-122.18107, 38.04244], [-122.18104, 38.04246], [-122.18098, 38.04247], [-122.18093, 38.04246], [-122.18083, 38.04242], [-122.18076, 38.04238], [-122.18067, 38.04234], [-122.18059, 38.04233], [-122.18046, 38.0423], [-122.18034, 38.04231], [-122.18027, 38.04232], [-122.1802, 38.04238], [-122.18018, 38.04246], [-122.18022, 38.04263], [-122.18039, 38.04309], [-122.1805, 38.04315], [-122.18054, 38.04316], [-122.17887, 38.04416], [-122.17896, 38.04428], [-122.17917, 38.04452], [-122.17938, 38.04475], [-122.17952, 38.04488], [-122.1797, 38.04504], [-122.17994, 38.04522], [-122.17997, 38.04525], [-122.18023, 38.04543], [-122.18047, 38.04559], [-122.1807, 38.04573], [-122.18113, 38.04596], [-122.18156, 38.0462], [-122.18208, 38.0465], [-122.18254, 38.04678], [-122.1826, 38.04682], [-122.18294, 38.04707], [-122.1832, 38.04729], [-122.18368, 38.04772], [-122.18395, 38.04798], [-122.18399, 38.04802], [-122.18413, 38.04816], [-122.18442, 38.04845], [-122.18486, 38.04889], [-122.18592, 38.04835], [-122.18586, 38.04829], [-122.18559, 38.048], [-122.18542, 38.04781], [-122.18547, 38.04777], [-122.18552, 38.04771], [-122.18564, 38.04763], [-122.18576, 38.04754], [-122.18583, 38.04748], [-122.18588, 38.04741], [-122.1859, 38.04736], [-122.1859, 38.0473], [-122.18586, 38.04727], [-122.18581, 38.04726], [-122.18552, 38.04728], [-122.18546, 38.04728], [-122.18609, 38.04707], [-122.18585, 38.04644], [-122.18481, 38.04663], [-122.18549, 38.04617], [-122.18665, 38.04584], [-122.18663, 38.0457], [-122.18676, 38.04571], [-122.18699, 38.04569], [-122.18715, 38.04569], [-122.18732, 38.04566], [-122.18766, 38.0456], [-122.18806, 38.04554], [-122.18827, 38.04553], [-122.18834, 38.04553], [-122.18871, 38.04561], [-122.19071, 38.04603], [-122.19079, 38.04584], [-122.19059, 38.04567], [-122.19077, 38.04571], [-122.19057, 38.04554], [-122.19015, 38.04527], [-122.18995, 38.04514], [-122.18958, 38.04488], [-122.1895, 38.0448], [-122.18941, 38.04471], [-122.18938, 38.04467], [-122.18932, 38.04457], [-122.18929, 38.04448], [-122.18927, 38.04438], [-122.18928, 38.04432], [-122.18929, 38.04425], [-122.18931, 38.04418], [-122.18934, 38.04412], [-122.18939, 38.04405], [-122.18944, 38.04399], [-122.18955, 38.0439], [-122.18968, 38.04382], [-122.18992, 38.0437], [-122.19003, 38.04365], [-122.19014, 38.04362], [-122.19021, 38.04361], [-122.19038, 38.04361], [-122.19054, 38.04362], [-122.19072, 38.04363], [-122.19076, 38.04363], [-122.19081, 38.04361], [-122.19085, 38.04359], [-122.19088, 38.04357], [-122.19092, 38.04353], [-122.19094, 38.04349], [-122.19096, 38.04346], [-122.19098, 38.04339], [-122.19098, 38.04325], [-122.19101, 38.04311], [-122.19104, 38.04305], [-122.1911, 38.04293], [-122.19118, 38.04282], [-122.19128, 38.04272], [-122.19134, 38.04267], [-122.19141, 38.04263], [-122.19149, 38.0426], [-122.19157, 38.04257], [-122.19167, 38.04255], [-122.1919, 38.0425], [-122.19196, 38.04247], [-122.19204, 38.04241], [-122.1921, 38.04234], [-122.19228, 38.04211], [-122.19239, 38.04195], [-122.19248, 38.04179], [-122.19257, 38.04166], [-122.19265, 38.04153], [-122.1927, 38.0414]]]}}, {"type": "Feature", "properties": {"name": "Montalvin Manor", "kind": "cdp", "geoid": "0648718"}, "geometry": {"type": "Polygon", "coordinates": [[[-122.33856, 37.99584], [-122.33795, 37.99447], [-122.3362, 37.99434], [-122.33584, 37.99442], [-122.3349, 37.99468], [-122.33378, 37.99358], [-122.33342, 37.99326], [-122.33327, 37.99313], [-122.3329, 37.99276], [-122.33233, 37.99222], [-122.33214, 37.99203], [-122.33204, 37.99194], [-122.33195, 37.99186], [-122.33198, 37.99183], [-122.33189, 37.99175], [-122.3323, 37.99142], [-122.3322, 37.99133], [-122.33209, 37.99141], [-122.33182, 37.99163], [-122.33179, 37.99166], [-122.33173, 37.99171], [-122.33166, 37.99176], [-122.33148, 37.99191], [-122.33124, 37.9921], [-122.33118, 37.99216], [-122.33058, 37.99267], [-122.3303, 37.99293], [-122.33003, 37.99318], [-122.32963, 37.99354], [-122.32916, 37.99398], [-122.32877, 37.99434], [-122.32867, 37.99445], [-122.32849, 37.99462], [-122.32777, 37.99524], [-122.32773, 37.99528], [-122.3276, 37.99541], [-122.32725, 37.99572], [-122.32691, 37.99604], [-122.3268, 37.99615], [-122.32629, 37.99661], [-122.32541, 37.99741], [-122.32495, 37.99783], [-122.32482, 37.99795], [-122.3246, 37.99814], [-122.32448, 37.99824], [-122.32438, 37.99833], [-122.3241, 37.99856], [-122.32371, 37.99887], [-122.32306, 37.99934], [-122.323, 37.99938], [-122.32293, 37.99943], [-122.32277, 37.99952], [-122.32247, 37.9997], [-122.32226, 37.99982], [-122.32223, 37.99984], [-122.322, 37.99997], [-122.32198, 37.99998], [-122.3217, 38.00015], [-122.32163, 38.00019], [-122.32142, 38.0003], [-122.32115, 38.00043], [-122.32097, 38.00051], [-122.32069, 38.00064], [-122.32197, 38.00242], [-122.32231, 38.00232], [-122.32349, 38.00197], [-122.32399, 38.00182], [-122.32548, 38.00139], [-122.32561, 38.00135], [-122.32588, 38.00128], [-122.3259, 38.00128], [-122.32598, 38.00126], [-122.32622, 38.00119], [-122.32646, 38.00113], [-122.3269, 38.001], [-122.32694, 38.00099], [-122.32701, 38.00097], [-122.32814, 38.00249], [-122.32819, 38.00255], [-122.32825, 38.00251], [-122.32826, 38.00251], [-122.32916, 38.00197], [-122.32922, 38.00194], [-122.32956, 38.00176], [-122.32992, 38.00158], [-122.32987, 38.00152], [-122.32934, 38.00083], [-122.32902, 38.00051], [-122.33066, 38.00015], [-122.33088, 38.00011], [-122.33102, 38.00008], [-122.33163, 37.99995], [-122.33616, 37.99906], [-122.33714, 37.99887], [-122.33708, 37.99874], [-122.33703, 37.99862], [-122.33678, 37.99802], [-122.33648, 37.99734], [-122.33612, 37.99648], [-122.33764, 37.99608], [-122.33856, 37.99584]]]}}, {"type": "Feature", "properties": {"name": "Bayview", "kind": "cdp", "geoid": "0604470"}, "geometry": {"type": "Polygon", "coordinates": [[[-122.33069, 38.00394], [-122.33102, 38.00378], [-122.33045, 38.00271], [-122.33012, 38.00209], [-122.33003, 38.00192], [-122.33006, 38.00191], [-122.33014, 38.00186], [-122.32992, 38.00158], [-122.32956, 38.00176], [-122.32922, 38.00194], [-122.32916, 38.00197], [-122.32826, 38.00251], [-122.32825, 38.00251], [-122.32819, 38.00255], [-122.32814, 38.00249], [-122.32701, 38.00097], [-122.32694, 38.00099], [-122.3269, 38.001], [-122.32646, 38.00113], [-122.32622, 38.00119], [-122.32598, 38.00126], [-122.3259, 38.00128], [-122.32588, 38.00128], [-122.32561, 38.00135], [-122.32548, 38.00139], [-122.32399, 38.00182], [-122.32349, 38.00197], [-122.32231, 38.00232], [-122.32197, 38.00242], [-122.32069, 38.00064], [-122.32035, 38.00079], [-122.32008, 38.00092], [-122.31998, 38.00096], [-122.31968, 38.00109], [-122.31959, 38.00113], [-122.31934, 38.00124], [-122.31906, 38.00137], [-122.31859, 38.00158], [-122.31854, 38.0016], [-122.31865, 38.00171], [-122.31842, 38.00181], [-122.31825, 38.00188], [-122.31755, 38.0022], [-122.3174, 38.00226], [-122.31702, 38.00243], [-122.31665, 38.0026], [-122.31694, 38.00302], [-122.31697, 38.00305], [-122.31767, 38.00323], [-122.31724, 38.00334], [-122.31612, 38.00369], [-122.31554, 38.00385], [-122.31456, 38.00421], [-122.31442, 38.00475], [-122.3144, 38.00476], [-122.31439, 38.00477], [-122.31406, 38.00674], [-122.31377, 38.00843], [-122.31347, 38.01001], [-122.31342, 38.01035], [-122.31341, 38.01041], [-122.31338, 38.01059], [-122.31335, 38.01077], [-122.31334, 38.01084], [-122.31332, 38.01097], [-122.31337, 38.01096], [-122.31334, 38.01138], [-122.31367, 38.01134], [-122.31373, 38.01158], [-122.31408, 38.01153], [-122.31554, 38.01166], [-122.31555, 38.01171], [-122.31596, 38.0119], [-122.31596, 38.01195], [-122.31615, 38.01212], [-122.31628, 38.01206], [-122.3164, 38.01209], [-122.31674, 38.01165], [-122.3167, 38.01161], [-122.317, 38.01143], [-122.31721, 38.0113], [-122.31751, 38.01118], [-122.31767, 38.01108], [-122.31756, 38.01108], [-122.32027, 38.0094], [-122.32455, 38.00675], [-122.33069, 38.00394]]]}}, {"type": "Feature", "properties": {"name": "East Richmond Heights", "kind": "cdp", "geoid": "0621061"}, "geometry": {"type": "Polygon", "coordinates": [[[-122.32267, 37.95025], [-122.32286, 37.94971], [-122.32256, 37.94983], [-122.32232, 37.94947], [-122.32162, 37.94845], [-122.32152, 37.9483], [-122.32133, 37.94826], [-122.32126, 37.94824], [-122.32113, 37.94818], [-122.32103, 37.9481], [-122.32095, 37.94801], [-122.32089, 37.94789], [-122.32065, 37.94725], [-122.32103, 37.94717], [-122.32093, 37.9469], [-122.32084, 37.94665], [-122.32074, 37.9464], [-122.32066, 37.94626], [-122.32059, 37.94613], [-122.32044, 37.94592], [-122.32036, 37.94581], [-122.32027, 37.9457], [-122.32018, 37.94558], [-122.32002, 37.94566], [-122.31988, 37.94573], [-122.31967, 37.94547], [-122.31961, 37.9454], [-122.31978, 37.94535], [-122.31981, 37.94533], [-122.31972, 37.94514], [-122.31951, 37.9447], [-122.31941, 37.94456], [-122.31937, 37.9445], [-122.3193, 37.94437], [-122.31912, 37.94403], [-122.31911, 37.94397], [-122.31914, 37.94393], [-122.31899, 37.94361], [-122.31882, 37.94324], [-122.31881, 37.94318], [-122.31873, 37.94303], [-122.3185, 37.94257], [-122.31842, 37.94242], [-122.31836, 37.94242], [-122.31833, 37.94203], [-122.31815, 37.94126], [-122.31812, 37.94098], [-122.31808, 37.94086], [-122.31791, 37.94053], [-122.31761, 37.9399], [-122.31734, 37.93933], [-122.31715, 37.93894], [-122.31713, 37.93889], [-122.3169, 37.93843], [-122.31688, 37.93838], [-122.31686, 37.93834], [-122.31685, 37.93831], [-122.31664, 37.93831], [-122.31622, 37.93831], [-122.31611, 37.93829], [-122.316, 37.93828], [-122.31592, 37.93828], [-122.31552, 37.93826], [-122.3154, 37.93826], [-122.31536, 37.93826], [-122.31532, 37.93826], [-122.31514, 37.9383], [-122.31475, 37.9383], [-122.31432, 37.93829], [-122.31392, 37.93829], [-122.31332, 37.93829], [-122.31305, 37.93828], [-122.31222, 37.93828], [-122.31213, 37.93828], [-122.31139, 37.93827], [-122.31037, 37.93826], [-122.31021, 37.93826], [-122.30966, 37.93825], [-122.30797, 37.93824], [-122.3078, 37.93823], [-122.30721, 37.93824], [-122.30711, 37.93823], [-122.30707, 37.93823], [-122.30416, 37.93821], [-122.30358, 37.9382], [-122.30339, 37.93866], [-122.30319, 37.93912], [-122.30391, 37.93971], [-122.30447, 37.94017], [-122.30752, 37.94266], [-122.3076, 37.94273], [-122.30839, 37.94279], [-122.30855, 37.94284], [-122.30872, 37.94289], [-122.30898, 37.94297], [-122.30916, 37.94311], [-122.30956, 37.94341], [-122.30967, 37.94353], [-122.30984, 37.94373], [-122.31048, 37.94356], [-122.31091, 37.9436], [-122.31107, 37.9436], [-122.31141, 37.94388], [-122.31157, 37.94404], [-122.31161, 37.94408], [-122.31136, 37.9443], [-122.31217, 37.94492], [-122.3119, 37.94513], [-122.31131, 37.9456], [-122.31133, 37.94673], [-122.31133, 37.94711], [-122.31136, 37.94882], [-122.3096, 37.94812], [-122.30958, 37.94896], [-122.30954, 37.95085], [-122.30952, 37.95166], [-122.308, 37.95166], [-122.30801, 37.95213], [-122.3081, 37.95262], [-122.30811, 37.95267], [-122.30837, 37.95267], [-122.30886, 37.95267], [-122.31141, 37.95267], [-122.3114, 37.95171], [-122.31139, 37.95141], [-122.3114, 37.95142], [-122.31147, 37.95148], [-122.31154, 37.95153], [-122.31155, 37.95154], [-122.31161, 37.95158], [-122.31177, 37.95167], [-122.31179, 37.95168], [-122.31193, 37.95174], [-122.31205, 37.95179], [-122.31218, 37.95182], [-122.31222, 37.95183], [-122.31231, 37.95186], [-122.31241, 37.95191], [-122.31251, 37.95197], [-122.31262, 37.95202], [-122.3128, 37.95207], [-122.31298, 37.95212], [-122.31334, 37.95223], [-122.31353, 37.95229], [-122.31356, 37.9523], [-122.3137, 37.95236], [-122.31375, 37.95238], [-122.31377, 37.95239], [-122.31389, 37.95242], [-122.31398, 37.95244], [-122.314, 37.95241], [-122.31414, 37.95246], [-122.31441, 37.95257], [-122.31443, 37.95254], [-122.31448, 37.95244], [-122.31457, 37.95229], [-122.31461, 37.95225], [-122.31493, 37.95238], [-122.31607, 37.95281], [-122.31618, 37.95192], [-122.31631, 37.95097], [-122.3164, 37.95097], [-122.31658, 37.95099], [-122.31669, 37.95101], [-122.31677, 37.95102], [-122.31695, 37.95106], [-122.31713, 37.95111], [-122.31719, 37.95114], [-122.31729, 37.95118], [-122.31741, 37.95122], [-122.31757, 37.95124], [-122.31771, 37.95125], [-122.31794, 37.95123], [-122.31805, 37.95123], [-122.31815, 37.95125], [-122.31824, 37.95127], [-122.31833, 37.95131], [-122.31841, 37.95135], [-122.31854, 37.95141], [-122.31866, 37.95144], [-122.31879, 37.95145], [-122.31896, 37.95145], [-122.31906, 37.95147], [-122.31911, 37.95148], [-122.31917, 37.9515], [-122.31925, 37.95153], [-122.31933, 37.95159], [-122.31942, 37.95164], [-122.31951, 37.95168], [-122.31968, 37.95173], [-122.31974, 37.95174], [-122.31993, 37.95175], [-122.32008, 37.95176], [-122.32059, 37.95181], [-122.32066, 37.95181], [-122.32073, 37.9518], [-122.32102, 37.95171], [-122.32126, 37.95163], [-122.32135, 37.95159], [-122.32164, 37.95151], [-122.32174, 37.95147], [-122.32178, 37.95146], [-122.32209, 37.95136], [-122.32216, 37.95132], [-122.32211, 37.95115], [-122.32208, 37.95104], [-122.32217, 37.95104], [-122.32223, 37.95103], [-122.32229, 37.95101], [-122.32232, 37.951], [-122.32237, 37.95097], [-122.32243, 37.95091], [-122.32245, 37.95086], [-122.32267, 37.95025]]]}}, {"type": "Feature", "properties": {"name": "Tara Hills", "kind": "cdp", "geoid": "0677924"}, "geometry": {"type": "Polygon", "coordinates": [[[-122.33209, 37.99141], [-122.3322, 37.99133], [-122.33205, 37.9912], [-122.33172, 37.99097], [-122.33155, 37.99085], [-122.33073, 37.99161], [-122.33058, 37.99174], [-122.33006, 37.99219], [-122.32986, 37.99209], [-122.32975, 37.99204], [-122.32747, 37.99102], [-122.32688, 37.99178], [-122.32493, 37.9908], [-122.32217, 37.98951], [-122.3172, 37.98712], [-122.31697, 37.98701], [-122.31684, 37.98695], [-122.31671, 37.98688], [-122.31663, 37.98684], [-122.31664, 37.98678], [-122.31665, 37.98674], [-122.31671, 37.98647], [-122.31681, 37.98607], [-122.31651, 37.98593], [-122.31583, 37.9856], [-122.31556, 37.9861], [-122.3152, 37.98676], [-122.31517, 37.98682], [-122.31514, 37.98688], [-122.31508, 37.98698], [-122.3147, 37.98768], [-122.31454, 37.98799], [-122.31402, 37.98867], [-122.31373, 37.98901], [-122.31361, 37.9895], [-122.31359, 37.98978], [-122.31361, 37.99002], [-122.31386, 37.9903], [-122.31354, 37.99044], [-122.31317, 37.99047], [-122.31295, 37.9905], [-122.31272, 37.99052], [-122.3126, 37.99053], [-122.31244, 37.99056], [-122.31221, 37.99061], [-122.31202, 37.99065], [-122.3119, 37.99071], [-122.31136, 37.99094], [-122.31075, 37.99121], [-122.31042, 37.99136], [-122.31017, 37.99147], [-122.30998, 37.99155], [-122.30978, 37.99164], [-122.30959, 37.99173], [-122.30939, 37.99181], [-122.3092, 37.9919], [-122.30901, 37.99198], [-122.30882, 37.99206], [-122.30862, 37.99215], [-122.30843, 37.99224], [-122.30824, 37.99232], [-122.30804, 37.99241], [-122.30771, 37.99255], [-122.30729, 37.99283], [-122.30843, 37.99432], [-122.30918, 37.99505], [-122.30956, 37.99542], [-122.31005, 37.99635], [-122.31159, 37.99774], [-122.31141, 37.99785], [-122.31173, 37.99818], [-122.31203, 37.9985], [-122.31212, 37.99845], [-122.31267, 37.99814], [-122.31266, 37.99813], [-122.31267, 37.99812], [-122.31292, 37.99797], [-122.31311, 37.99786], [-122.31329, 37.9978], [-122.31342, 37.99774], [-122.31345, 37.99775], [-122.31353, 37.99777], [-122.31356, 37.99778], [-122.31359, 37.99772], [-122.31376, 37.99774], [-122.31386, 37.99767], [-122.31383, 37.99753], [-122.31417, 37.99742], [-122.31442, 37.99762], [-122.31466, 37.99791], [-122.31475, 37.99791], [-122.31496, 37.99789], [-122.31506, 37.99787], [-122.31534, 37.99783], [-122.31531, 37.99779], [-122.31526, 37.99744], [-122.3152, 37.99705], [-122.31569, 37.99701], [-122.316, 37.99698], [-122.3161, 37.99712], [-122.31613, 37.99729], [-122.31626, 37.99764], [-122.31736, 37.99898], [-122.31746, 37.99894], [-122.3175, 37.9993], [-122.31751, 37.99936], [-122.31752, 37.99941], [-122.31753, 37.99953], [-122.31754, 37.99957], [-122.31755, 37.9997], [-122.31756, 37.99973], [-122.31757, 37.99988], [-122.31758, 37.99991], [-122.31759, 37.99999], [-122.3176, 38.00002], [-122.31761, 38.00006], [-122.31768, 38.00026], [-122.31772, 38.00034], [-122.31775, 38.0004], [-122.31782, 38.00057], [-122.31792, 38.00078], [-122.31802, 38.00091], [-122.31808, 38.00101], [-122.3184, 38.00146], [-122.31854, 38.0016], [-122.31859, 38.00158], [-122.31906, 38.00137], [-122.31934, 38.00124], [-122.31959, 38.00113], [-122.31968, 38.00109], [-122.31998, 38.00096], [-122.32008, 38.00092], [-122.32035, 38.00079], [-122.32069, 38.00064], [-122.32097, 38.00051], [-122.32115, 38.00043], [-122.32142, 38.0003], [-122.32163, 38.00019], [-122.3217, 38.00015], [-122.32198, 37.99998], [-122.322, 37.99997], [-122.32223, 37.99984], [-122.32226, 37.99982], [-122.32247, 37.9997], [-122.32277, 37.99952], [-122.32293, 37.99943], [-122.323, 37.99938], [-122.32306, 37.99934], [-122.32371, 37.99887], [-122.3241, 37.99856], [-122.32438, 37.99833], [-122.32448, 37.99824], [-122.3246, 37.99814], [-122.32482, 37.99795], [-122.32495, 37.99783], [-122.32541, 37.99741], [-122.32629, 37.99661], [-122.3268, 37.99615], [-122.32691, 37.99604], [-122.32725, 37.99572], [-122.3276, 37.99541], [-122.32773, 37.99528], [-122.32777, 37.99524], [-122.32849, 37.99462], [-122.32867, 37.99445], [-122.32877, 37.99434], [-122.32916, 37.99398], [-122.32963, 37.99354], [-122.33003, 37.99318], [-122.3303, 37.99293], [-122.33058, 37.99267], [-122.33118, 37.99216], [-122.33124, 37.9921], [-122.33148, 37.99191], [-122.33166, 37.99176], [-122.33173, 37.99171], [-122.33179, 37.99166], [-122.33182, 37.99163], [-122.33209, 37.99141]]]}}, {"type": "Feature", "properties": {"name": "Kensington", "kind": "cdp", "geoid": "0638086"}, "geometry": {"type": "Polygon", "coordinates": [[[-122.29104, 37.90415], [-122.291, 37.90411], [-122.2909, 37.90403], [-122.29088, 37.90402], [-122.29059, 37.90387], [-122.29043, 37.9038], [-122.29035, 37.90376], [-122.29031, 37.90376], [-122.29024, 37.90376], [-122.2901, 37.90377], [-122.28989, 37.90378], [-122.28932, 37.90381], [-122.28927, 37.90381], [-122.28921, 37.90381], [-122.28907, 37.9038], [-122.28904, 37.9038], [-122.28896, 37.90378], [-122.28889, 37.90375], [-122.28884, 37.90373], [-122.28882, 37.90372], [-122.28875, 37.90368], [-122.28868, 37.90363], [-122.28865, 37.9036], [-122.28863, 37.90356], [-122.2886, 37.90349], [-122.28858, 37.90341], [-122.28857, 37.90325], [-122.28857, 37.90312], [-122.28858, 37.90289], [-122.28858, 37.90267], [-122.28859, 37.90247], [-122.28858, 37.90224], [-122.28857, 37.90212], [-122.28856, 37.90202], [-122.28853, 37.90181], [-122.2885, 37.90166], [-122.28846, 37.90144], [-122.28841, 37.90121], [-122.28838, 37.90107], [-122.28833, 37.90088], [-122.28822, 37.90047], [-122.28816, 37.90035], [-122.28813, 37.9003], [-122.28809, 37.90022], [-122.28806, 37.90019], [-122.28811, 37.90002], [-122.28812, 37.89997], [-122.28811, 37.89983], [-122.28806, 37.8995], [-122.28806, 37.89949], [-122.28805, 37.89931], [-122.28803, 37.89902], [-122.28806, 37.89845], [-122.28816, 37.8981], [-122.28817, 37.89795], [-122.28817, 37.89789], [-122.28817, 37.89784], [-122.2881, 37.8979], [-122.28763, 37.89831], [-122.28751, 37.89841], [-122.28715, 37.89837], [-122.28702, 37.89835], [-122.28697, 37.89838], [-122.28675, 37.89849], [-122.28669, 37.89851], [-122.28637, 37.89868], [-122.2859, 37.8988], [-122.28585, 37.89881], [-122.28416, 37.8993], [-122.2838, 37.89966], [-122.28364, 37.9], [-122.28312, 37.90011], [-122.28284, 37.90018], [-122.28257, 37.90023], [-122.28225, 37.9003], [-122.28201, 37.90035], [-122.28144, 37.90048], [-122.28076, 37.90063], [-122.28074, 37.90063], [-122.28057, 37.90066], [-122.28021, 37.90075], [-122.28002, 37.90078], [-122.27962, 37.90076], [-122.27878, 37.90074], [-122.27765, 37.90147], [-122.27728, 37.90172], [-122.27755, 37.90224], [-122.27778, 37.9027], [-122.27779, 37.90276], [-122.27779, 37.90278], [-122.27781, 37.90283], [-122.27781, 37.90287], [-122.27787, 37.90315], [-122.27574, 37.90365], [-122.27481, 37.90387], [-122.27446, 37.90421], [-122.27377, 37.9049], [-122.2736, 37.90507], [-122.27248, 37.90537], [-122.27215, 37.90553], [-122.27165, 37.90567], [-122.27137, 37.90575], [-122.27108, 37.90582], [-122.27154, 37.90494], [-122.27148, 37.90492], [-122.27035, 37.90439], [-122.27024, 37.90436], [-122.27015, 37.9044], [-122.27009, 37.90441], [-122.27001, 37.90442], [-122.26993, 37.90443], [-122.26986, 37.90443], [-122.26982, 37.90442], [-122.26962, 37.90436], [-122.26958, 37.90435], [-122.26953, 37.90433], [-122.26947, 37.9043], [-122.26945, 37.9043], [-122.26941, 37.90428], [-122.26938, 37.90427], [-122.26928, 37.90423], [-122.26923, 37.9042], [-122.26919, 37.90418], [-122.26916, 37.90418], [-122.26912, 37.90417], [-122.26906, 37.90416], [-122.26901, 37.90415], [-122.26884, 37.90411], [-122.26858, 37.90405], [-122.26843, 37.90401], [-122.26832, 37.90398], [-122.26828, 37.90398], [-122.26822, 37.90398], [-122.26817, 37.90397], [-122.26809, 37.90398], [-122.26798, 37.90404], [-122.26781, 37.90414], [-122.26764, 37.90425], [-122.2679, 37.90577], [-122.26802, 37.90654], [-122.2674, 37.90695], [-122.26639, 37.90747], [-122.26943, 37.90965], [-122.27252, 37.91192], [-122.27323, 37.91119], [-122.27337, 37.91105], [-122.27367, 37.91132], [-122.27379, 37.91142], [-122.27405, 37.91123], [-122.27503, 37.91212], [-122.27734, 37.91421], [-122.27793, 37.91474], [-122.27808, 37.91489], [-122.2785, 37.91532], [-122.27902, 37.91584], [-122.27877, 37.91599], [-122.27925, 37.91642], [-122.279, 37.91659], [-122.27907, 37.91689], [-122.27923, 37.91697], [-122.27944, 37.91702], [-122.28016, 37.91769], [-122.28013, 37.91776], [-122.28015, 37.91799], [-122.28038, 37.918], [-122.28059, 37.91805], [-122.28094, 37.91833], [-122.28121, 37.9187], [-122.28155, 37.91853], [-122.28193, 37.91834], [-122.28247, 37.91883], [-122.28255, 37.9189], [-122.28284, 37.9187], [-122.283, 37.91858], [-122.28366, 37.91812], [-122.28465, 37.91741], [-122.2847, 37.91737], [-122.28479, 37.91731], [-122.28505, 37.91713], [-122.28517, 37.91705], [-122.28523, 37.91703], [-122.28526, 37.917], [-122.28529, 37.91696], [-122.28539, 37.91689], [-122.28557, 37.91673], [-122.28566, 37.91668], [-122.28575, 37.91664], [-122.28578, 37.91662], [-122.28749, 37.91539], [-122.28799, 37.91503], [-122.28804, 37.91498], [-122.28821, 37.91486], [-122.28828, 37.91482], [-122.28908, 37.91425], [-122.28867, 37.91331], [-122.28825, 37.91236], [-122.2878, 37.91134], [-122.28767, 37.91102], [-122.28756, 37.91079], [-122.28742, 37.91046], [-122.28718, 37.90991], [-122.28906, 37.90908], [-122.28903, 37.90893], [-122.28897, 37.90873], [-122.28894, 37.90859], [-122.28864, 37.90701], [-122.28853, 37.90642], [-122.2885, 37.90627], [-122.28847, 37.9061], [-122.28843, 37.90591], [-122.28846, 37.90562], [-122.28963, 37.90527], [-122.28999, 37.90517], [-122.29095, 37.90433], [-122.29092, 37.90419], [-122.29104, 37.90415]]]}}, {"type": "Feature", "properties": {"name": "Crockett", "kind": "cdp", "geoid": "0617274"}, "geometry": {"type": "Polygon", "coordinates": [[[-122.2399, 38.05347], [-122.24007, 38.05325], [-122.23952, 38.05255], [-122.23906, 38.05205], [-122.2378, 38.05168], [-122.23775, 38.05166], [-122.23739, 38.05212], [-122.23735, 38.05217], [-122.23703, 38.05196], [-122.23643, 38.05156], [-122.23633, 38.05164], [-122.23627, 38.05169], [-122.23617, 38.05177], [-122.23615, 38.05178], [-122.23572, 38.05151], [-122.23462, 38.05082], [-122.2343, 38.05098], [-122.23392, 38.05116], [-122.23393, 38.05102], [-122.23395, 38.05075], [-122.23389, 38.05072], [-122.23297, 38.05032], [-122.23242, 38.05008], [-122.23187, 38.04985], [-122.23181, 38.04982], [-122.23173, 38.04979], [-122.23151, 38.04969], [-122.2313, 38.0496], [-122.23087, 38.04942], [-122.2304, 38.04921], [-122.22982, 38.04896], [-122.22948, 38.04882], [-122.22947, 38.04825], [-122.22945, 38.04754], [-122.22733, 38.04753], [-122.22432, 38.04753], [-122.22425, 38.04715], [-122.22416, 38.04718], [-122.22398, 38.04721], [-122.22355, 38.04726], [-122.22335, 38.04726], [-122.22329, 38.04721], [-122.22318, 38.04705], [-122.22311, 38.04708], [-122.223, 38.04719], [-122.22292, 38.04731], [-122.2228, 38.04743], [-122.22272, 38.04748], [-122.22261, 38.04755], [-122.22237, 38.04756], [-122.22224, 38.04764], [-122.22213, 38.04773], [-122.22211, 38.04781], [-122.2221, 38.04786], [-122.22215, 38.04793], [-122.22226, 38.04802], [-122.22225, 38.04813], [-122.22223, 38.04823], [-122.22213, 38.04843], [-122.22205, 38.04849], [-122.22195, 38.04856], [-122.22167, 38.04863], [-122.22157, 38.04855], [-122.22152, 38.04848], [-122.22149, 38.04842], [-122.22148, 38.04835], [-122.22147, 38.04823], [-122.22147, 38.04816], [-122.22142, 38.04804], [-122.22135, 38.0479], [-122.22133, 38.04782], [-122.22132, 38.04773], [-122.22133, 38.04767], [-122.22142, 38.04752], [-122.22055, 38.04752], [-122.2206, 38.04759], [-122.22078, 38.0479], [-122.22036, 38.04773], [-122.22031, 38.04771], [-122.21984, 38.04751], [-122.21966, 38.04744], [-122.21948, 38.04737], [-122.21945, 38.04718], [-122.21937, 38.04697], [-122.21915, 38.04662], [-122.21907, 38.04653], [-122.21889, 38.04638], [-122.21881, 38.04631], [-122.21871, 38.04627], [-122.21859, 38.04621], [-122.21842, 38.04615], [-122.21822, 38.04607], [-122.21802, 38.04596], [-122.21759, 38.0457], [-122.21695, 38.04539], [-122.21669, 38.04527], [-122.2165, 38.04517], [-122.21545, 38.04458], [-122.21534, 38.04454], [-122.21524, 38.04453], [-122.21517, 38.04456], [-122.21511, 38.0446], [-122.21506, 38.04468], [-122.21503, 38.04476], [-122.21497, 38.04486], [-122.21489, 38.04498], [-122.21478, 38.04507], [-122.21461, 38.04516], [-122.21438, 38.04533], [-122.21423, 38.04545], [-122.21412, 38.04555], [-122.21398, 38.04569], [-122.21387, 38.04583], [-122.21379, 38.04595], [-122.21372, 38.04613], [-122.21366, 38.04632], [-122.21365, 38.0464], [-122.21363, 38.04646], [-122.21365, 38.0468], [-122.21366, 38.0469], [-122.21366, 38.04703], [-122.21365, 38.04713], [-122.21363, 38.0472], [-122.21358, 38.04721], [-122.21347, 38.04723], [-122.21338, 38.04722], [-122.2133, 38.04718], [-122.21322, 38.04713], [-122.21294, 38.04686], [-122.21267, 38.04653], [-122.21263, 38.04646], [-122.21262, 38.04642], [-122.2126, 38.04639], [-122.21254, 38.04624], [-122.21255, 38.04613], [-122.21252, 38.04606], [-122.2125, 38.046], [-122.21242, 38.04594], [-122.2124, 38.04594], [-122.21233, 38.04594], [-122.21222, 38.04596], [-122.21183, 38.04603], [-122.21155, 38.04607], [-122.2114, 38.04608], [-122.2109, 38.04605], [-122.21082, 38.04606], [-122.21011, 38.04622], [-122.20985, 38.04619], [-122.2095, 38.04619], [-122.20907, 38.04611], [-122.2086, 38.04607], [-122.2085, 38.04607], [-122.20833, 38.04613], [-122.20809, 38.04617], [-122.2078, 38.04617], [-122.2076, 38.04616], [-122.20739, 38.04613], [-122.20707, 38.04609], [-122.2068, 38.04609], [-122.20667, 38.04611], [-122.20638, 38.04616], [-122.20622, 38.04618], [-122.20612, 38.04618], [-122.20611, 38.04675], [-122.20612, 38.04686], [-122.20611, 38.04719], [-122.20614, 38.04736], [-122.20614, 38.04744], [-122.20601, 38.04783], [-122.20588, 38.04823], [-122.20591, 38.04825], [-122.20596, 38.04835], [-122.20596, 38.0484], [-122.20597, 38.04851], [-122.20595, 38.04879], [-122.20591, 38.04887], [-122.20591, 38.04898], [-122.20595, 38.04901], [-122.20595, 38.04922], [-122.20589, 38.04929], [-122.2059, 38.05315], [-122.20593, 38.05411], [-122.20594, 38.05457], [-122.20594, 38.05484], [-122.20624, 38.05486], [-122.20654, 38.05487], [-122.20728, 38.05498], [-122.20759, 38.05511], [-122.20796, 38.05517], [-122.20823, 38.05526], [-122.20998, 38.05565], [-122.21044, 38.05579], [-122.2104, 38.05585], [-122.21061, 38.0559], [-122.21072, 38.05587], [-122.21076, 38.05581], [-122.21188, 38.05613], [-122.21219, 38.05624], [-122.21265, 38.05627], [-122.2132, 38.05643], [-122.21335, 38.05645], [-122.21369, 38.05653], [-122.2137, 38.05663], [-122.21377, 38.0568], [-122.21387, 38.05674], [-122.21391, 38.05689], [-122.21404, 38.0569], [-122.21409, 38.05699], [-122.21406, 38.05707], [-122.21403, 38.05715], [-122.21414, 38.05718], [-122.21419, 38.05707], [-122.21438, 38.05717], [-122.21443, 38.05731], [-122.21456, 38.05732], [-122.21463, 38.05723], [-122.21468, 38.05741], [-122.22028, 38.05768], [-122.2203, 38.05757], [-122.22422, 38.05771], [-122.22433, 38.05613], [-122.22438, 38.05608], [-122.22474, 38.05612], [-122.22533, 38.05617], [-122.22538, 38.05646], [-122.22548, 38.05646], [-122.22557, 38.05647], [-122.22562, 38.05663], [-122.22586, 38.05654], [-122.22588, 38.05648], [-122.22595, 38.05652], [-122.22597, 38.05673], [-122.22609, 38.05673], [-122.22611, 38.05662], [-122.22613, 38.05652], [-122.22681, 38.05659], [-122.22681, 38.05663], [-122.22668, 38.05667], [-122.22669, 38.05698], [-122.22688, 38.05699], [-122.22694, 38.05665], [-122.22699, 38.05653], [-122.22715, 38.0566], [-122.22737, 38.05658], [-122.22752, 38.05653], [-122.2277, 38.05654], [-122.22771, 38.05665], [-122.22783, 38.05664], [-122.22788, 38.0566], [-122.22787, 38.05655], [-122.22799, 38.05656], [-122.22797, 38.05668], [-122.22845, 38.05669], [-122.22843, 38.0566], [-122.22857, 38.05661], [-122.22857, 38.05664], [-122.22876, 38.05666], [-122.22875, 38.0566], [-122.22894, 38.05661], [-122.22894, 38.0567], [-122.22916, 38.05677], [-122.22916, 38.05664], [-122.2293, 38.05665], [-122.22939, 38.05659], [-122.22967, 38.0566], [-122.23007, 38.05666], [-122.23039, 38.05671], [-122.23067, 38.05671], [-122.23157, 38.0568], [-122.2323, 38.05683], [-122.23253, 38.05686], [-122.23315, 38.05688], [-122.23336, 38.0569], [-122.2336, 38.05695], [-122.2337, 38.05696], [-122.23378, 38.05697], [-122.23421, 38.05708], [-122.23433, 38.05708], [-122.23438, 38.05695], [-122.23454, 38.05659], [-122.2346, 38.05646], [-122.23482, 38.05597], [-122.23499, 38.05557], [-122.23501, 38.05553], [-122.23517, 38.05517], [-122.23543, 38.05512], [-122.23561, 38.05508], [-122.23577, 38.05507], [-122.23594, 38.05506], [-122.23611, 38.05506], [-122.23625, 38.05508], [-122.23628, 38.05295], [-122.23628, 38.05292], [-122.23559, 38.05292], [-122.23567, 38.0525], [-122.23575, 38.0525], [-122.23591, 38.05248], [-122.23601, 38.05246], [-122.2361, 38.05243], [-122.2362, 38.05242], [-122.23698, 38.05323], [-122.23732, 38.05359], [-122.23793, 38.05323], [-122.23787, 38.05296], [-122.23802, 38.05297], [-122.23841, 38.05298], [-122.23875, 38.05299], [-122.23887, 38.053], [-122.23898, 38.05302], [-122.23908, 38.05305], [-122.23918, 38.05308], [-122.23931, 38.05314], [-122.23937, 38.05318], [-122.23942, 38.05324], [-122.23946, 38.05331], [-122.23949, 38.05338], [-122.2395, 38.05343], [-122.23952, 38.05354], [-122.23951, 38.05364], [-122.23953, 38.05369], [-122.23958, 38.05375], [-122.23961, 38.05377], [-122.23965, 38.05379], [-122.2399, 38.05347]]]}}, {"type": "Feature", "properties": {"name": "North Richmond", "kind": "cdp", "geoid": "0652162"}, "geometry": {"type": "Polygon", "coordinates": [[[-122.40311, 37.96821], [-122.40323, 37.96777], [-122.40251, 37.96777], [-122.40148, 37.96777], [-122.39728, 37.96777], [-122.39597, 37.96777], [-122.3958, 37.96777], [-122.39429, 37.96777], [-122.38627, 37.9678], [-122.38332, 37.9678], [-122.38228, 37.9678], [-122.38108, 37.9678], [-122.37875, 37.9678], [-122.37833, 37.9678], [-122.37833, 37.96729], [-122.37833, 37.96579], [-122.37626, 37.96581], [-122.37626, 37.9656], [-122.37627, 37.96532], [-122.37627, 37.96505], [-122.37627, 37.9649], [-122.37626, 37.96361], [-122.37626, 37.96318], [-122.37626, 37.96261], [-122.37628, 37.96135], [-122.37627, 37.96099], [-122.37626, 37.96092], [-122.37623, 37.96063], [-122.37622, 37.96036], [-122.37622, 37.96011], [-122.37619, 37.95938], [-122.37618, 37.95914], [-122.37622, 37.95893], [-122.3762, 37.95747], [-122.37619, 37.95733], [-122.37618, 37.9569], [-122.37598, 37.95688], [-122.37597, 37.95654], [-122.37762, 37.95646], [-122.37788, 37.95646], [-122.37788, 37.95641], [-122.37816, 37.95639], [-122.37814, 37.95405], [-122.37788, 37.95405], [-122.37775, 37.95404], [-122.37768, 37.95404], [-122.37685, 37.95404], [-122.37672, 37.95404], [-122.37587, 37.95405], [-122.37507, 37.95405], [-122.3738, 37.95405], [-122.37364, 37.95405], [-122.3735, 37.95405], [-122.37335, 37.95405], [-122.37274, 37.95406], [-122.37204, 37.95406], [-122.37175, 37.95406], [-122.37111, 37.95406], [-122.37087, 37.95406], [-122.37058, 37.95406], [-122.3703, 37.95406], [-122.37024, 37.95406], [-122.3702, 37.95405], [-122.37021, 37.95394], [-122.37062, 37.95369], [-122.3708, 37.95358], [-122.37101, 37.95283], [-122.37126, 37.95195], [-122.37147, 37.95124], [-122.37156, 37.95094], [-122.37159, 37.95085], [-122.37161, 37.95079], [-122.37173, 37.95075], [-122.37187, 37.9507], [-122.3719, 37.95069], [-122.37208, 37.95062], [-122.3722, 37.95054], [-122.37222, 37.95042], [-122.37208, 37.95042], [-122.37168, 37.95042], [-122.37154, 37.95042], [-122.37143, 37.95042], [-122.3714, 37.95041], [-122.37133, 37.95041], [-122.37075, 37.95041], [-122.37056, 37.95041], [-122.36936, 37.95039], [-122.36888, 37.95039], [-122.36887, 37.95059], [-122.36886, 37.95125], [-122.36886, 37.95139], [-122.36886, 37.95171], [-122.36886, 37.95182], [-122.36886, 37.95196], [-122.36886, 37.9521], [-122.36886, 37.95253], [-122.36886, 37.95267], [-122.36886, 37.95281], [-122.36886, 37.95322], [-122.36886, 37.95336], [-122.36886, 37.9535], [-122.36886, 37.95391], [-122.36886, 37.95404], [-122.36921, 37.95405], [-122.36946, 37.95405], [-122.36946, 37.95439], [-122.36886, 37.95439], [-122.36887, 37.95461], [-122.36889, 37.95472], [-122.36888, 37.95472], [-122.36875, 37.95475], [-122.36786, 37.95475], [-122.36693, 37.95475], [-122.36675, 37.95475], [-122.3662, 37.95475], [-122.36602, 37.95475], [-122.36584, 37.95475], [-122.36529, 37.95475], [-122.36511, 37.95475], [-122.36493, 37.95475], [-122.36439, 37.95475], [-122.36421, 37.95475], [-122.36331, 37.95475], [-122.36278, 37.95472], [-122.36248, 37.95472], [-122.36241, 37.95472], [-122.36161, 37.95475], [-122.36044, 37.95474], [-122.36006, 37.95474], [-122.35988, 37.95474], [-122.3598, 37.95563], [-122.3596, 37.95777], [-122.35925, 37.95777], [-122.35917, 37.95863], [-122.35915, 37.95882], [-122.35912, 37.95923], [-122.35909, 37.95923], [-122.35906, 37.95957], [-122.35897, 37.96064], [-122.35932, 37.96089], [-122.35932, 37.96095], [-122.35928, 37.96127], [-122.35928, 37.96131], [-122.35914, 37.96279], [-122.35907, 37.96355], [-122.35894, 37.96489], [-122.3589, 37.96544], [-122.35879, 37.96659], [-122.3587, 37.96746], [-122.35866, 37.96759], [-122.35864, 37.96768], [-122.35855, 37.96868], [-122.35842, 37.97008], [-122.35835, 37.97081], [-122.35832, 37.97116], [-122.35824, 37.97204], [-122.35818, 37.97277], [-122.35809, 37.97374], [-122.35818, 37.97375], [-122.35837, 37.97376], [-122.36023, 37.97387], [-122.36232, 37.97398], [-122.36233, 37.97379], [-122.36245, 37.97246], [-122.36249, 37.97229], [-122.36249, 37.9722], [-122.36252, 37.97155], [-122.36252, 37.97145], [-122.36251, 37.97113], [-122.36258, 37.97049], [-122.36268, 37.96934], [-122.36273, 37.96882], [-122.36272, 37.9686], [-122.36295, 37.96866], [-122.36313, 37.9687], [-122.36321, 37.96872], [-122.36332, 37.96873], [-122.36351, 37.96876], [-122.3637, 37.96877], [-122.36398, 37.96878], [-122.36417, 37.96877], [-122.36446, 37.96875], [-122.36465, 37.96872], [-122.36473, 37.9687], [-122.36523, 37.9686], [-122.36523, 37.96927], [-122.36523, 37.96977], [-122.36523, 37.96997], [-122.36523, 37.97126], [-122.36523, 37.97177], [-122.36523, 37.97185], [-122.36523, 37.97193], [-122.36522, 37.97213], [-122.36522, 37.97221], [-122.36522, 37.97248], [-122.36522, 37.97259], [-122.36539, 37.97256], [-122.36918, 37.97255], [-122.36949, 37.97255], [-122.36983, 37.97255], [-122.36995, 37.97255], [-122.37206, 37.97255], [-122.37217, 37.97255], [-122.37225, 37.97251], [-122.37227, 37.97224], [-122.37282, 37.97157], [-122.3732, 37.97143], [-122.38142, 37.97143], [-122.38193, 37.97143], [-122.38325, 37.97144], [-122.38464, 37.97148], [-122.38724, 37.97145], [-122.38778, 37.97145], [-122.38815, 37.97143], [-122.39099, 37.9714], [-122.39745, 37.97134], [-122.40033, 37.9713], [-122.40105, 37.97129], [-122.40186, 37.97024], [-122.40258, 37.96932], [-122.40311, 37.96821]], [[-122.36688, 37.96051], [-122.36688, 37.96056], [-122.36687, 37.96088], [-122.36687, 37.9609], [-122.36683, 37.96199], [-122.36683, 37.962], [-122.36512, 37.96199], [-122.36477, 37.962], [-122.36477, 37.96151], [-122.36476, 37.96128], [-122.36476, 37.96102], [-122.36476, 37.96076], [-122.36476, 37.9605], [-122.36483, 37.9605], [-122.36505, 37.96049], [-122.36512, 37.96049], [-122.36512, 37.9604], [-122.3652, 37.96042], [-122.36529, 37.96043], [-122.36592, 37.96031], [-122.36592, 37.96022], [-122.36602, 37.96022], [-122.36679, 37.96022], [-122.36679, 37.9603], [-122.36679, 37.96049], [-122.36688, 37.96051]]]}}, {"type": "Feature", "properties": {"name": "El Sobrante", "kind": "cdp", "geoid": "0622454"}, "geometry": {"type": "MultiPolygon", "coordinates": [[[[-122.31898, 37.96478], [-122.3188, 37.96418], [-122.31848, 37.96411], [-122.31837, 37.96408], [-122.31831, 37.96407], [-122.31822, 37.96399], [-122.318, 37.96331], [-122.31776, 37.96248], [-122.31739, 37.9612], [-122.31736, 37.96112], [-122.31675, 37.95908], [-122.31667, 37.9591], [-122.31666, 37.95907], [-122.31557, 37.9594], [-122.31599, 37.96085], [-122.31585, 37.96087], [-122.31583, 37.96082], [-122.31572, 37.96084], [-122.3154, 37.96091], [-122.31543, 37.96111], [-122.31542, 37.9613], [-122.31533, 37.96132], [-122.31525, 37.96105], [-122.31517, 37.96106], [-122.31491, 37.96111], [-122.31502, 37.96124], [-122.3147, 37.9614], [-122.3144, 37.96103], [-122.31428, 37.96088], [-122.31313, 37.96088], [-122.31262, 37.96088], [-122.31231, 37.96088], [-122.31231, 37.96001], [-122.31055, 37.96004], [-122.30958, 37.96003], [-122.30957, 37.95999], [-122.30881, 37.96], [-122.30871, 37.96001], [-122.30827, 37.96002], [-122.30827, 37.9601], [-122.30826, 37.96126], [-122.30826, 37.96188], [-122.30826, 37.96305], [-122.30626, 37.96347], [-122.30598, 37.96352], [-122.30598, 37.96358], [-122.30536, 37.96354], [-122.30536, 37.9636], [-122.30337, 37.96349], [-122.30337, 37.96343], [-122.30285, 37.9634], [-122.30277, 37.96247], [-122.30273, 37.9621], [-122.30225, 37.96213], [-122.30213, 37.96212], [-122.3016, 37.96217], [-122.30116, 37.96218], [-122.30004, 37.96227], [-122.29998, 37.9627], [-122.29986, 37.96305], [-122.29736, 37.9632], [-122.29721, 37.96342], [-122.29717, 37.9635], [-122.29706, 37.96346], [-122.29691, 37.96339], [-122.29677, 37.96333], [-122.29675, 37.9634], [-122.29658, 37.96415], [-122.29622, 37.96395], [-122.29604, 37.96383], [-122.29604, 37.96381], [-122.29608, 37.96374], [-122.29617, 37.96337], [-122.2962, 37.96322], [-122.29624, 37.9631], [-122.29625, 37.96302], [-122.2963, 37.96283], [-122.29641, 37.96255], [-122.29647, 37.96245], [-122.29657, 37.96227], [-122.29629, 37.96223], [-122.29584, 37.96211], [-122.29579, 37.96205], [-122.29561, 37.96197], [-122.29551, 37.96193], [-122.29543, 37.96188], [-122.29532, 37.96181], [-122.29525, 37.96176], [-122.29513, 37.96168], [-122.29505, 37.96163], [-122.29497, 37.96159], [-122.2949, 37.96156], [-122.29483, 37.96154], [-122.29473, 37.96152], [-122.29467, 37.9615], [-122.29463, 37.96149], [-122.29458, 37.96146], [-122.29452, 37.96143], [-122.29446, 37.9614], [-122.29442, 37.96136], [-122.29438, 37.96133], [-122.29433, 37.96128], [-122.29429, 37.96126], [-122.29424, 37.96123], [-122.2942, 37.96121], [-122.29415, 37.96119], [-122.29381, 37.9611], [-122.29377, 37.96151], [-122.29239, 37.96145], [-122.29202, 37.96222], [-122.29196, 37.96233], [-122.29191, 37.96244], [-122.29183, 37.96262], [-122.29182, 37.96264], [-122.29168, 37.96296], [-122.29162, 37.96304], [-122.29147, 37.96334], [-122.29161, 37.96347], [-122.29146, 37.96413], [-122.29184, 37.96412], [-122.29187, 37.96412], [-122.29207, 37.96425], [-122.29215, 37.96428], [-122.293, 37.96459], [-122.29302, 37.9646], [-122.29374, 37.96457], [-122.29391, 37.96461], [-122.29397, 37.9646], [-122.29408, 37.96459], [-122.29414, 37.96458], [-122.29427, 37.96456], [-122.29434, 37.96454], [-122.2944, 37.96452], [-122.29447, 37.9645], [-122.29458, 37.96448], [-122.2945, 37.96491], [-122.29449, 37.96493], [-122.29436, 37.9649], [-122.29429, 37.9649], [-122.29422, 37.96489], [-122.29389, 37.96494], [-122.2937, 37.96496], [-122.29371, 37.96502], [-122.29377, 37.96534], [-122.29357, 37.96536], [-122.29318, 37.96571], [-122.29286, 37.966], [-122.29314, 37.96597], [-122.29377, 37.9659], [-122.29365, 37.96608], [-122.29361, 37.96615], [-122.29356, 37.96652], [-122.29364, 37.96654], [-122.29348, 37.96759], [-122.29337, 37.96759], [-122.29373, 37.96853], [-122.29376, 37.96857], [-122.29378, 37.9686], [-122.29396, 37.96855], [-122.29409, 37.96852], [-122.29433, 37.96845], [-122.29475, 37.96833], [-122.29503, 37.96824], [-122.29532, 37.96809], [-122.29536, 37.96807], [-122.29545, 37.96803], [-122.2955, 37.96799], [-122.29568, 37.9679], [-122.29571, 37.96793], [-122.29596, 37.96822], [-122.29598, 37.96825], [-122.29614, 37.96844], [-122.2962, 37.96852], [-122.29667, 37.96827], [-122.29676, 37.96847], [-122.29688, 37.9684], [-122.2972, 37.96835], [-122.2973, 37.96834], [-122.29742, 37.96855], [-122.29754, 37.96855], [-122.29755, 37.96846], [-122.29758, 37.96832], [-122.29717, 37.9681], [-122.29705, 37.96798], [-122.29699, 37.96793], [-122.2965, 37.96747], [-122.29655, 37.96745], [-122.29672, 37.96735], [-122.29679, 37.96729], [-122.29685, 37.96721], [-122.29691, 37.96714], [-122.29698, 37.96704], [-122.29699, 37.96702], [-122.29701, 37.96697], [-122.29717, 37.96654], [-122.29719, 37.96648], [-122.29722, 37.96638], [-122.29723, 37.96634], [-122.29724, 37.9663], [-122.29723, 37.96624], [-122.29723, 37.9662], [-122.29772, 37.96628], [-122.29785, 37.96608], [-122.29809, 37.96574], [-122.29813, 37.96568], [-122.29835, 37.96577], [-122.29913, 37.96616], [-122.29946, 37.96646], [-122.29951, 37.96653], [-122.29959, 37.96665], [-122.29974, 37.96686], [-122.30003, 37.96677], [-122.30007, 37.9668], [-122.30014, 37.96683], [-122.29983, 37.9675], [-122.29979, 37.96758], [-122.29991, 37.96759], [-122.29973, 37.96782], [-122.29966, 37.96801], [-122.2997, 37.96815], [-122.30004, 37.96803], [-122.30031, 37.96803], [-122.30047, 37.9682], [-122.30072, 37.96809], [-122.30083, 37.96809], [-122.30095, 37.96809], [-122.30116, 37.96793], [-122.30118, 37.96792], [-122.30145, 37.96785], [-122.30183, 37.96762], [-122.3018, 37.96754], [-122.30182, 37.96753], [-122.30207, 37.96766], [-122.30227, 37.96763], [-122.30227, 37.96797], [-122.30227, 37.96841], [-122.3003, 37.96991], [-122.29758, 37.97199], [-122.29653, 37.97279], [-122.29692, 37.9731], [-122.29736, 37.97347], [-122.29814, 37.97409], [-122.2982, 37.97417], [-122.29802, 37.97427], [-122.29736, 37.97466], [-122.2978, 37.97513], [-122.2971, 37.97554], [-122.2969, 37.97562], [-122.29681, 37.97567], [-122.29662, 37.97577], [-122.29638, 37.97587], [-122.29622, 37.97591], [-122.29653, 37.97617], [-122.29591, 37.97637], [-122.29592, 37.97639], [-122.29594, 37.97644], [-122.29598, 37.97649], [-122.29603, 37.97653], [-122.29609, 37.97658], [-122.29597, 37.97662], [-122.29589, 37.97653], [-122.29583, 37.97644], [-122.29578, 37.97636], [-122.29577, 37.97633], [-122.29576, 37.97629], [-122.29575, 37.9762], [-122.29577, 37.9761], [-122.29551, 37.97588], [-122.2953, 37.97604], [-122.29384, 37.97484], [-122.29371, 37.97494], [-122.29368, 37.97496], [-122.29348, 37.97511], [-122.29309, 37.9754], [-122.29314, 37.97543], [-122.29332, 37.97559], [-122.29292, 37.9759], [-122.29177, 37.97679], [-122.2917, 37.97682], [-122.29154, 37.97688], [-122.29155, 37.97691], [-122.2917, 37.97706], [-122.2918, 37.97714], [-122.29193, 37.97724], [-122.29208, 37.97733], [-122.29181, 37.97752], [-122.29152, 37.97768], [-122.29146, 37.97772], [-122.29143, 37.97776], [-122.29131, 37.97795], [-122.29127, 37.97798], [-122.29122, 37.97799], [-122.29119, 37.97798], [-122.29116, 37.97796], [-122.29113, 37.97795], [-122.29072, 37.97779], [-122.29065, 37.97776], [-122.29058, 37.97774], [-122.29042, 37.97771], [-122.2904, 37.97771], [-122.29029, 37.97769], [-122.29027, 37.97769], [-122.29028, 37.97761], [-122.29028, 37.97755], [-122.29029, 37.97737], [-122.29036, 37.97738], [-122.29038, 37.97716], [-122.28973, 37.97736], [-122.28793, 37.9779], [-122.2876, 37.978], [-122.28695, 37.97819], [-122.28679, 37.97824], [-122.28603, 37.97847], [-122.28579, 37.97819], [-122.28433, 37.97652], [-122.28423, 37.97639], [-122.28335, 37.97539], [-122.28284, 37.97556], [-122.28306, 37.97589], [-122.28233, 37.97611], [-122.28222, 37.97605], [-122.28199, 37.976], [-122.28197, 37.97604], [-122.28195, 37.97608], [-122.28192, 37.9761], [-122.28188, 37.97611], [-122.28185, 37.97611], [-122.2818, 37.9761], [-122.28177, 37.97608], [-122.28175, 37.97605], [-122.28165, 37.97595], [-122.28156, 37.97598], [-122.28104, 37.97614], [-122.28088, 37.97618], [-122.28025, 37.97636], [-122.27999, 37.97643], [-122.27975, 37.97651], [-122.27813, 37.97701], [-122.27721, 37.9773], [-122.27492, 37.97801], [-122.27439, 37.97818], [-122.27719, 37.97974], [-122.27881, 37.98062], [-122.27886, 37.98062], [-122.27886, 37.9815], [-122.27886, 37.98238], [-122.27902, 37.98248], [-122.27913, 37.98254], [-122.27921, 37.98247], [-122.28067, 37.98344], [-122.28091, 37.9836], [-122.28106, 37.9836], [-122.28218, 37.98345], [-122.28232, 37.98341], [-122.28228, 37.98328], [-122.28195, 37.98204], [-122.28299, 37.9821], [-122.28341, 37.982], [-122.28365, 37.98199], [-122.28391, 37.98199], [-122.28391, 37.98278], [-122.2839, 37.98317], [-122.28457, 37.98316], [-122.28632, 37.98309], [-122.28767, 37.98336], [-122.28815, 37.98378], [-122.28804, 37.98386], [-122.28797, 37.98391], [-122.28812, 37.98402], [-122.28808, 37.98404], [-122.28848, 37.9843], [-122.28785, 37.98498], [-122.28623, 37.98675], [-122.28673, 37.98704], [-122.28838, 37.988], [-122.28864, 37.98751], [-122.28874, 37.98727], [-122.2889, 37.98735], [-122.28914, 37.98747], [-122.28953, 37.98745], [-122.28966, 37.98701], [-122.29071, 37.98724], [-122.29071, 37.98752], [-122.29073, 37.98772], [-122.29073, 37.98805], [-122.29072, 37.98905], [-122.29072, 37.98938], [-122.29084, 37.98942], [-122.29121, 37.98954], [-122.29134, 37.98958], [-122.29162, 37.98961], [-122.29199, 37.98964], [-122.292, 37.98914], [-122.29201, 37.98886], [-122.2923, 37.98897], [-122.29233, 37.9889], [-122.29339, 37.98904], [-122.29369, 37.98903], [-122.29217, 37.98814], [-122.29186, 37.98796], [-122.29185, 37.98771], [-122.29185, 37.98758], [-122.29186, 37.98733], [-122.29185, 37.98661], [-122.29184, 37.98632], [-122.29284, 37.9865], [-122.29337, 37.98668], [-122.29346, 37.98701], [-122.29352, 37.98724], [-122.29415, 37.98728], [-122.29458, 37.98735], [-122.2949, 37.9866], [-122.29558, 37.98633], [-122.29585, 37.98622], [-122.29602, 37.98667], [-122.29607, 37.98696], [-122.29805, 37.98641], [-122.29799, 37.98624], [-122.2982, 37.98618], [-122.29828, 37.98616], [-122.29827, 37.98613], [-122.29835, 37.9861], [-122.2985, 37.98606], [-122.29952, 37.98577], [-122.30015, 37.98578], [-122.30047, 37.98588], [-122.30039, 37.98603], [-122.30023, 37.98631], [-122.30047, 37.9864], [-122.30068, 37.98653], [-122.30057, 37.98706], [-122.3004, 37.98761], [-122.30038, 37.98767], [-122.30036, 37.98823], [-122.30048, 37.98855], [-122.30068, 37.98887], [-122.30088, 37.98907], [-122.30093, 37.98935], [-122.30096, 37.98956], [-122.30127, 37.98957], [-122.30693, 37.98955], [-122.30693, 37.98947], [-122.30705, 37.98948], [-122.30711, 37.98948], [-122.30758, 37.98946], [-122.30756, 37.98894], [-122.30767, 37.98894], [-122.30767, 37.98877], [-122.30767, 37.98868], [-122.30805, 37.98867], [-122.30833, 37.98852], [-122.30806, 37.98827], [-122.30806, 37.98819], [-122.30796, 37.98817], [-122.30774, 37.98795], [-122.30759, 37.98787], [-122.30745, 37.98779], [-122.30783, 37.98756], [-122.30804, 37.98743], [-122.30809, 37.98745], [-122.3082, 37.98751], [-122.30853, 37.9871], [-122.30859, 37.98687], [-122.30877, 37.98676], [-122.30936, 37.98641], [-122.30955, 37.98628], [-122.30956, 37.98619], [-122.30956, 37.9857], [-122.30998, 37.98574], [-122.31109, 37.98458], [-122.31188, 37.98379], [-122.31193, 37.98373], [-122.31002, 37.9828], [-122.30922, 37.98281], [-122.30923, 37.98329], [-122.30922, 37.98375], [-122.30753, 37.98375], [-122.30752, 37.98309], [-122.30753, 37.98286], [-122.30727, 37.98287], [-122.30729, 37.9828], [-122.30779, 37.9828], [-122.30789, 37.98243], [-122.30777, 37.98241], [-122.30742, 37.98235], [-122.30759, 37.98169], [-122.30749, 37.98143], [-122.3078, 37.98083], [-122.30784, 37.98075], [-122.30811, 37.98046], [-122.30822, 37.98037], [-122.30832, 37.98029], [-122.30869, 37.98009], [-122.30884, 37.98001], [-122.30904, 37.9799], [-122.30914, 37.97966], [-122.30897, 37.97923], [-122.30885, 37.97856], [-122.30815, 37.97774], [-122.30783, 37.97736], [-122.30788, 37.97711], [-122.30809, 37.97698], [-122.30808, 37.97688], [-122.30852, 37.97679], [-122.30879, 37.97673], [-122.30985, 37.97651], [-122.3103, 37.97643], [-122.31051, 37.97639], [-122.31053, 37.97639], [-122.31077, 37.97636], [-122.31114, 37.97634], [-122.31136, 37.97633], [-122.31156, 37.97632], [-122.31175, 37.97631], [-122.31187, 37.97631], [-122.31213, 37.97631], [-122.31216, 37.97631], [-122.31236, 37.97633], [-122.31256, 37.97634], [-122.31269, 37.97635], [-122.31317, 37.97635], [-122.31337, 37.97635], [-122.31344, 37.97635], [-122.31365, 37.97634], [-122.31372, 37.97634], [-122.31384, 37.97633], [-122.31383, 37.97603], [-122.31383, 37.976], [-122.31384, 37.9758], [-122.31384, 37.97466], [-122.31383, 37.97413], [-122.31383, 37.97354], [-122.31383, 37.97209], [-122.31385, 37.97159], [-122.31382, 37.96963], [-122.3138, 37.96826], [-122.3138, 37.96811], [-122.3121, 37.9681], [-122.31219, 37.96795], [-122.31272, 37.96796], [-122.3127, 37.96777], [-122.31296, 37.9677], [-122.31308, 37.96787], [-122.31337, 37.96754], [-122.31382, 37.96746], [-122.3139, 37.96745], [-122.31381, 37.96731], [-122.3142, 37.96648], [-122.31412, 37.96623], [-122.31431, 37.96599], [-122.314, 37.96587], [-122.31399, 37.96572], [-122.31427, 37.96556], [-122.31462, 37.96545], [-122.31488, 37.96537], [-122.31504, 37.96522], [-122.31516, 37.9652], [-122.31519, 37.96519], [-122.31536, 37.96518], [-122.31558, 37.96525], [-122.31563, 37.96528], [-122.3159, 37.96546], [-122.3161, 37.96553], [-122.31621, 37.96555], [-122.31657, 37.96545], [-122.31678, 37.96544], [-122.31698, 37.96546], [-122.31706, 37.96563], [-122.31779, 37.96549], [-122.31763, 37.96496], [-122.31843, 37.96481], [-122.31859, 37.96481], [-122.31873, 37.96482], [-122.31898, 37.96478]]], [[[-122.29078, 37.96138], [-122.29037, 37.96136], [-122.28981, 37.96133], [-122.28932, 37.96119], [-122.28882, 37.96106], [-122.2888, 37.96105], [-122.28816, 37.96075], [-122.2872, 37.95968], [-122.28673, 37.95915], [-122.28666, 37.95907], [-122.28615, 37.95882], [-122.28606, 37.95878], [-122.28551, 37.95861], [-122.28263, 37.95773], [-122.28204, 37.95707], [-122.28112, 37.95605], [-122.28032, 37.95516], [-122.28021, 37.95528], [-122.28003, 37.9552], [-122.27999, 37.95519], [-122.27994, 37.95519], [-122.27966, 37.9552], [-122.27832, 37.95647], [-122.27778, 37.95606], [-122.27759, 37.9559], [-122.27735, 37.95572], [-122.27725, 37.95565], [-122.27711, 37.95554], [-122.27717, 37.95556], [-122.27719, 37.95555], [-122.27721, 37.95554], [-122.27752, 37.95529], [-122.2777, 37.95517], [-122.27767, 37.95532], [-122.27784, 37.95521], [-122.27813, 37.95505], [-122.27822, 37.95501], [-122.27826, 37.95499], [-122.27828, 37.95498], [-122.27788, 37.9545], [-122.27805, 37.95441], [-122.27833, 37.95435], [-122.27875, 37.95413], [-122.27924, 37.95394], [-122.27913, 37.95383], [-122.2773, 37.95177], [-122.27718, 37.95178], [-122.27705, 37.95174], [-122.27688, 37.95176], [-122.27674, 37.95175], [-122.27658, 37.9517], [-122.27645, 37.95162], [-122.27633, 37.95151], [-122.27611, 37.95128], [-122.2728, 37.95351], [-122.27252, 37.95343], [-122.27232, 37.95337], [-122.27224, 37.95334], [-122.27209, 37.95328], [-122.27194, 37.95321], [-122.27184, 37.95316], [-122.27167, 37.95307], [-122.27151, 37.95296], [-122.2715, 37.95295], [-122.27142, 37.95289], [-122.27152, 37.95285], [-122.27141, 37.95271], [-122.27108, 37.95226], [-122.27096, 37.95213], [-122.27083, 37.95192], [-122.27043, 37.95129], [-122.26991, 37.95046], [-122.26978, 37.95025], [-122.26966, 37.95006], [-122.27168, 37.94908], [-122.27149, 37.94877], [-122.2714, 37.94862], [-122.26978, 37.9494], [-122.26932, 37.94962], [-122.26916, 37.94912], [-122.26901, 37.94876], [-122.26901, 37.94875], [-122.26901, 37.94873], [-122.26902, 37.94871], [-122.26904, 37.9487], [-122.26914, 37.94865], [-122.26919, 37.94864], [-122.26925, 37.94863], [-122.26917, 37.94851], [-122.26918, 37.94846], [-122.2692, 37.94839], [-122.2692, 37.94832], [-122.2692, 37.94827], [-122.27014, 37.9479], [-122.27081, 37.94764], [-122.27037, 37.94692], [-122.27023, 37.94698], [-122.27014, 37.94699], [-122.27008, 37.947], [-122.26995, 37.94699], [-122.26919, 37.94734], [-122.26915, 37.94727], [-122.26911, 37.94722], [-122.26909, 37.9472], [-122.26902, 37.94714], [-122.26899, 37.94712], [-122.26896, 37.94711], [-122.26885, 37.94716], [-122.26808, 37.94757], [-122.26774, 37.94773], [-122.26759, 37.9478], [-122.26748, 37.94786], [-122.26696, 37.94813], [-122.26413, 37.94957], [-122.26417, 37.94962], [-122.26426, 37.94972], [-122.26445, 37.95023], [-122.26471, 37.9502], [-122.26472, 37.95053], [-122.26653, 37.95054], [-122.26641, 37.95107], [-122.2655, 37.95149], [-122.26479, 37.95115], [-122.26442, 37.95164], [-122.26414, 37.95252], [-122.26485, 37.9528], [-122.26566, 37.953], [-122.26737, 37.9542], [-122.26772, 37.9546], [-122.26817, 37.95446], [-122.26895, 37.95507], [-122.2688, 37.95572], [-122.2694, 37.95609], [-122.26867, 37.95709], [-122.2688, 37.95702], [-122.26897, 37.95693], [-122.26912, 37.95681], [-122.26938, 37.9566], [-122.26958, 37.95644], [-122.26985, 37.95627], [-122.27004, 37.95615], [-122.27008, 37.95612], [-122.2701, 37.9561], [-122.27011, 37.95607], [-122.27014, 37.95593], [-122.27018, 37.95599], [-122.27031, 37.95615], [-122.27042, 37.95626], [-122.27062, 37.95637], [-122.27076, 37.95646], [-122.27121, 37.95675], [-122.27146, 37.9569], [-122.27161, 37.95697], [-122.27192, 37.95712], [-122.27195, 37.95713], [-122.27204, 37.95717], [-122.27215, 37.95721], [-122.27188, 37.95745], [-122.27159, 37.9577], [-122.2716, 37.95834], [-122.27175, 37.95842], [-122.27254, 37.95875], [-122.27244, 37.9589], [-122.27285, 37.95907], [-122.27451, 37.95975], [-122.27507, 37.95987], [-122.27575, 37.96001], [-122.27585, 37.95998], [-122.27727, 37.95949], [-122.27784, 37.96003], [-122.27833, 37.95992], [-122.27839, 37.96012], [-122.27848, 37.96012], [-122.27849, 37.96019], [-122.27903, 37.96046], [-122.27895, 37.96053], [-122.27867, 37.96077], [-122.2779, 37.96148], [-122.27806, 37.96178], [-122.27818, 37.96194], [-122.27856, 37.96244], [-122.27794, 37.96287], [-122.27726, 37.96478], [-122.27623, 37.96513], [-122.27556, 37.96521], [-122.27542, 37.96522], [-122.27543, 37.96526], [-122.2755, 37.96565], [-122.27529, 37.96565], [-122.27517, 37.96544], [-122.27474, 37.96559], [-122.2746, 37.96559], [-122.27448, 37.9656], [-122.27427, 37.96541], [-122.27415, 37.96532], [-122.27391, 37.96548], [-122.27358, 37.96543], [-122.27353, 37.96542], [-122.27335, 37.96539], [-122.27319, 37.9654], [-122.273, 37.96541], [-122.27287, 37.96544], [-122.27284, 37.96545], [-122.27249, 37.96547], [-122.27218, 37.96549], [-122.27174, 37.96548], [-122.27158, 37.96607], [-122.27215, 37.96609], [-122.27213, 37.9664], [-122.27274, 37.96644], [-122.27327, 37.96648], [-122.2739, 37.96699], [-122.27384, 37.96707], [-122.27385, 37.96712], [-122.27413, 37.96752], [-122.27438, 37.96766], [-122.27453, 37.9677], [-122.2746, 37.96756], [-122.27501, 37.96788], [-122.27681, 37.96821], [-122.27667, 37.96746], [-122.27653, 37.96672], [-122.27706, 37.96659], [-122.27714, 37.96658], [-122.27712, 37.96653], [-122.27741, 37.96647], [-122.27767, 37.96664], [-122.27811, 37.96691], [-122.27808, 37.96698], [-122.2785, 37.96709], [-122.27859, 37.96712], [-122.2786, 37.9671], [-122.27917, 37.96719], [-122.27936, 37.96722], [-122.27945, 37.96688], [-122.27945, 37.96679], [-122.27944, 37.96671], [-122.27932, 37.96664], [-122.27934, 37.96631], [-122.27934, 37.96626], [-122.27933, 37.96617], [-122.27931, 37.96609], [-122.27928, 37.96601], [-122.27923, 37.96593], [-122.2792, 37.96588], [-122.2792, 37.96587], [-122.27921, 37.96561], [-122.28092, 37.96559], [-122.28152, 37.96547], [-122.28167, 37.96543], [-122.28175, 37.96555], [-122.28193, 37.96581], [-122.28201, 37.96587], [-122.28207, 37.96597], [-122.28195, 37.96601], [-122.28193, 37.96602], [-122.28185, 37.96604], [-122.28172, 37.96617], [-122.28142, 37.96629], [-122.28107, 37.96674], [-122.28044, 37.96744], [-122.28226, 37.96853], [-122.28259, 37.96816], [-122.28316, 37.96849], [-122.28359, 37.96802], [-122.28306, 37.9677], [-122.28335, 37.96739], [-122.28367, 37.96703], [-122.28376, 37.96708], [-122.28431, 37.9674], [-122.28425, 37.96749], [-122.28383, 37.96792], [-122.28405, 37.96801], [-122.28442, 37.96824], [-122.28496, 37.96765], [-122.28807, 37.96421], [-122.28817, 37.9641], [-122.28818, 37.96412], [-122.28837, 37.96436], [-122.2885, 37.9644], [-122.28872, 37.96447], [-122.28899, 37.96477], [-122.28926, 37.96481], [-122.28941, 37.96483], [-122.28955, 37.9649], [-122.28961, 37.96482], [-122.29066, 37.96342], [-122.29031, 37.96341], [-122.29035, 37.96331], [-122.2904, 37.96316], [-122.29036, 37.96316], [-122.29, 37.96313], [-122.29078, 37.96138]]], [[[-122.32439, 37.96517], [-122.32435, 37.96509], [-122.32432, 37.96501], [-122.32415, 37.96458], [-122.32414, 37.96455], [-122.32401, 37.96428], [-122.32399, 37.96423], [-122.32394, 37.96399], [-122.32374, 37.96324], [-122.32354, 37.96328], [-122.3229, 37.96339], [-122.3229, 37.96341], [-122.3225, 37.96349], [-122.3219, 37.9636], [-122.32098, 37.96377], [-122.32024, 37.96391], [-122.32014, 37.96393], [-122.31982, 37.96399], [-122.32022, 37.96531], [-122.32019, 37.96542], [-122.32017, 37.96552], [-122.32016, 37.96555], [-122.32018, 37.96558], [-122.32021, 37.9656], [-122.32037, 37.96564], [-122.32048, 37.96566], [-122.32053, 37.96563], [-122.3206, 37.96559], [-122.32064, 37.96558], [-122.32092, 37.96552], [-122.32105, 37.96548], [-122.32112, 37.96547], [-122.3213, 37.96542], [-122.32133, 37.96541], [-122.32147, 37.9654], [-122.3215, 37.9654], [-122.32164, 37.96534], [-122.3218, 37.96526], [-122.32185, 37.96524], [-122.32199, 37.96526], [-122.32214, 37.96528], [-122.32223, 37.96529], [-122.3213, 37.9659], [-122.32116, 37.96599], [-122.32103, 37.96608], [-122.3212, 37.96612], [-122.32131, 37.96614], [-122.32134, 37.96616], [-122.32136, 37.96619], [-122.32141, 37.96624], [-122.3215, 37.96635], [-122.32172, 37.96664], [-122.32184, 37.96679], [-122.32191, 37.96687], [-122.32197, 37.96695], [-122.32255, 37.96633], [-122.32291, 37.96606], [-122.32323, 37.96584], [-122.32363, 37.96558], [-122.32405, 37.96537], [-122.32439, 37.96517]]], [[[-122.32655, 37.95678], [-122.32655, 37.95674], [-122.3265, 37.95655], [-122.32641, 37.95626], [-122.32633, 37.95593], [-122.32625, 37.95565], [-122.32607, 37.95498], [-122.32605, 37.95489], [-122.32599, 37.95486], [-122.32503, 37.9541], [-122.32498, 37.95413], [-122.32472, 37.95389], [-122.32463, 37.95391], [-122.32459, 37.95384], [-122.32457, 37.95381], [-122.3244, 37.95385], [-122.32412, 37.95391], [-122.32405, 37.95393], [-122.32394, 37.954], [-122.32382, 37.9541], [-122.32366, 37.95411], [-122.32045, 37.95412], [-122.31916, 37.95412], [-122.31893, 37.95412], [-122.31875, 37.95404], [-122.31846, 37.95442], [-122.31851, 37.95445], [-122.31854, 37.95448], [-122.31858, 37.95453], [-122.31863, 37.95464], [-122.3187, 37.95483], [-122.31857, 37.95491], [-122.31836, 37.95492], [-122.31828, 37.95492], [-122.31803, 37.95493], [-122.31809, 37.95501], [-122.31814, 37.955], [-122.31822, 37.95498], [-122.3182, 37.95511], [-122.31822, 37.9551], [-122.31825, 37.9551], [-122.31827, 37.95512], [-122.31831, 37.95518], [-122.31834, 37.95525], [-122.31841, 37.95568], [-122.31842, 37.95572], [-122.31852, 37.95626], [-122.31866, 37.95626], [-122.31867, 37.95632], [-122.31867, 37.9564], [-122.31867, 37.95648], [-122.31863, 37.95657], [-122.31861, 37.95662], [-122.3186, 37.95664], [-122.31861, 37.95667], [-122.31863, 37.95668], [-122.31866, 37.95669], [-122.31881, 37.95667], [-122.31903, 37.95667], [-122.31922, 37.95673], [-122.31929, 37.95676], [-122.3195, 37.95687], [-122.31952, 37.95687], [-122.31955, 37.95687], [-122.31958, 37.95686], [-122.31961, 37.95684], [-122.31961, 37.95681], [-122.31948, 37.9563], [-122.31946, 37.95622], [-122.31941, 37.95614], [-122.31925, 37.95596], [-122.31919, 37.95591], [-122.31921, 37.9559], [-122.31924, 37.95587], [-122.31928, 37.95582], [-122.31929, 37.95581], [-122.3196, 37.95562], [-122.31971, 37.95574], [-122.31992, 37.95609], [-122.31992, 37.95611], [-122.32022, 37.95617], [-122.32028, 37.95626], [-122.32042, 37.95644], [-122.32054, 37.95674], [-122.32016, 37.95668], [-122.32008, 37.95677], [-122.32001, 37.95685], [-122.31997, 37.95689], [-122.3201, 37.95702], [-122.32008, 37.95704], [-122.32032, 37.95731], [-122.32024, 37.95734], [-122.32016, 37.95736], [-122.32004, 37.95738], [-122.31996, 37.95739], [-122.31967, 37.95739], [-122.31944, 37.95738], [-122.31941, 37.95739], [-122.31935, 37.95739], [-122.31928, 37.95738], [-122.31924, 37.95736], [-122.31916, 37.95738], [-122.31903, 37.9574], [-122.31896, 37.95743], [-122.31887, 37.95746], [-122.31879, 37.95752], [-122.31876, 37.95755], [-122.31871, 37.9576], [-122.31861, 37.95774], [-122.31861, 37.95784], [-122.31861, 37.95795], [-122.31861, 37.95797], [-122.31861, 37.95798], [-122.31863, 37.95806], [-122.31864, 37.95808], [-122.31864, 37.95811], [-122.31872, 37.95826], [-122.31874, 37.95829], [-122.31876, 37.95833], [-122.31883, 37.95842], [-122.31793, 37.9587], [-122.3181, 37.95926], [-122.31817, 37.95947], [-122.31821, 37.95964], [-122.31839, 37.96022], [-122.31842, 37.9603], [-122.31854, 37.9603], [-122.31874, 37.96032], [-122.31902, 37.96043], [-122.3193, 37.96053], [-122.31954, 37.96057], [-122.31972, 37.96055], [-122.31993, 37.96046], [-122.32009, 37.96036], [-122.32015, 37.96031], [-122.3204, 37.96019], [-122.32052, 37.96017], [-122.32059, 37.96015], [-122.32071, 37.96011], [-122.32128, 37.95994], [-122.32147, 37.95988], [-122.32183, 37.95978], [-122.32193, 37.95975], [-122.32209, 37.95973], [-122.32227, 37.95974], [-122.32242, 37.95977], [-122.32258, 37.9598], [-122.32273, 37.95978], [-122.32291, 37.95973], [-122.32295, 37.95972], [-122.32317, 37.95967], [-122.32312, 37.95961], [-122.323, 37.95924], [-122.323, 37.95921], [-122.32289, 37.95887], [-122.32286, 37.95874], [-122.32274, 37.95835], [-122.32274, 37.95833], [-122.3229, 37.95829], [-122.323, 37.95827], [-122.32307, 37.95825], [-122.32321, 37.95822], [-122.32329, 37.95823], [-122.32335, 37.95824], [-122.32348, 37.95827], [-122.32353, 37.95828], [-122.32369, 37.9583], [-122.32372, 37.95831], [-122.32383, 37.95833], [-122.32391, 37.95834], [-122.32401, 37.95836], [-122.3241, 37.95832], [-122.3242, 37.95828], [-122.32423, 37.95827], [-122.32425, 37.95826], [-122.32434, 37.95832], [-122.32462, 37.9585], [-122.32467, 37.95853], [-122.32469, 37.95851], [-122.32471, 37.95849], [-122.32472, 37.95844], [-122.32473, 37.9584], [-122.32509, 37.95847], [-122.32515, 37.95848], [-122.32512, 37.95859], [-122.32511, 37.95865], [-122.32511, 37.95867], [-122.32511, 37.95871], [-122.32554, 37.95872], [-122.32556, 37.95868], [-122.3256, 37.95846], [-122.32605, 37.95855], [-122.32617, 37.95798], [-122.32618, 37.95793], [-122.32628, 37.95756], [-122.32634, 37.95738], [-122.32648, 37.95701], [-122.32654, 37.9568], [-122.32655, 37.95678]]]]}}, {"type": "Feature", "properties": {"name": "Rodeo", "kind": "cdp", "geoid": "0662490"}, "geometry": {"type": "Polygon", "coordinates": [[[-122.27606, 38.04349], [-122.27605, 38.04319], [-122.27578, 38.03674], [-122.27574, 38.03595], [-122.27537, 38.03551], [-122.27503, 38.03518], [-122.27484, 38.035], [-122.27477, 38.03492], [-122.27465, 38.03481], [-122.2746, 38.03475], [-122.27428, 38.03437], [-122.27408, 38.03419], [-122.27375, 38.03387], [-122.27356, 38.03369], [-122.27333, 38.03348], [-122.27314, 38.03329], [-122.27311, 38.03327], [-122.27272, 38.0329], [-122.27263, 38.03282], [-122.27235, 38.03255], [-122.27194, 38.03215], [-122.27182, 38.03203], [-122.27165, 38.03185], [-122.27141, 38.03161], [-122.27123, 38.03143], [-122.27108, 38.03129], [-122.27057, 38.03079], [-122.2705, 38.03072], [-122.27022, 38.03045], [-122.26993, 38.03016], [-122.26983, 38.02981], [-122.2674, 38.02742], [-122.26732, 38.0275], [-122.26729, 38.0275], [-122.26722, 38.02751], [-122.26641, 38.0267], [-122.26639, 38.02669], [-122.26623, 38.02653], [-122.26608, 38.02637], [-122.26571, 38.02601], [-122.26492, 38.02523], [-122.26459, 38.02491], [-122.26445, 38.02478], [-122.26424, 38.0246], [-122.26413, 38.0245], [-122.26398, 38.02437], [-122.26385, 38.02426], [-122.2638, 38.0242], [-122.26361, 38.02401], [-122.26342, 38.02382], [-122.26337, 38.02377], [-122.26313, 38.02353], [-122.26264, 38.02306], [-122.26231, 38.02273], [-122.26221, 38.02263], [-122.26212, 38.02254], [-122.26191, 38.02233], [-122.26135, 38.02182], [-122.26125, 38.02172], [-122.26104, 38.02154], [-122.26103, 38.02152], [-122.26048, 38.02099], [-122.25976, 38.02028], [-122.25925, 38.01978], [-122.25861, 38.01915], [-122.25826, 38.01884], [-122.25797, 38.01859], [-122.25771, 38.01834], [-122.25752, 38.01811], [-122.25731, 38.01787], [-122.25682, 38.01739], [-122.25636, 38.01694], [-122.25612, 38.01666], [-122.25605, 38.01656], [-122.25602, 38.01649], [-122.25575, 38.01623], [-122.25466, 38.01515], [-122.25393, 38.01444], [-122.2538, 38.01432], [-122.25367, 38.01419], [-122.25331, 38.01424], [-122.25215, 38.01445], [-122.25175, 38.01451], [-122.25141, 38.01458], [-122.25137, 38.01465], [-122.25133, 38.01473], [-122.25127, 38.01484], [-122.25111, 38.01516], [-122.25105, 38.01527], [-122.25068, 38.01597], [-122.24907, 38.01902], [-122.24896, 38.01923], [-122.24879, 38.01945], [-122.24853, 38.01971], [-122.24828, 38.01993], [-122.24799, 38.02011], [-122.24779, 38.02024], [-122.24734, 38.02044], [-122.247, 38.02056], [-122.24687, 38.02059], [-122.24639, 38.02073], [-122.24592, 38.02086], [-122.2453, 38.02102], [-122.24432, 38.02127], [-122.24409, 38.02133], [-122.2427, 38.0217], [-122.24183, 38.02192], [-122.24079, 38.0222], [-122.24033, 38.0223], [-122.24004, 38.02234], [-122.23969, 38.02237], [-122.23931, 38.02238], [-122.2391, 38.02237], [-122.2389, 38.02235], [-122.23871, 38.02233], [-122.2385, 38.0223], [-122.23829, 38.02224], [-122.23809, 38.0222], [-122.23789, 38.02212], [-122.23767, 38.02205], [-122.23752, 38.02198], [-122.23728, 38.02187], [-122.23702, 38.02172], [-122.23684, 38.0216], [-122.23666, 38.02147], [-122.2366, 38.02142], [-122.23648, 38.02164], [-122.23423, 38.02164], [-122.23419, 38.02164], [-122.23419, 38.02177], [-122.23419, 38.02338], [-122.23416, 38.02507], [-122.23416, 38.02591], [-122.23416, 38.0268], [-122.23416, 38.03268], [-122.23417, 38.03276], [-122.23417, 38.0339], [-122.23418, 38.03396], [-122.23419, 38.03788], [-122.23409, 38.04425], [-122.23451, 38.04449], [-122.23472, 38.0446], [-122.23492, 38.04468], [-122.23503, 38.04472], [-122.23525, 38.04479], [-122.23548, 38.04484], [-122.23586, 38.0449], [-122.23656, 38.04499], [-122.23676, 38.04502], [-122.23727, 38.04507], [-122.23746, 38.04508], [-122.23766, 38.04511], [-122.23788, 38.04513], [-122.23804, 38.04515], [-122.23814, 38.04516], [-122.23823, 38.04517], [-122.23895, 38.04524], [-122.23916, 38.04527], [-122.23925, 38.04529], [-122.23934, 38.04531], [-122.23957, 38.04541], [-122.23989, 38.04555], [-122.23997, 38.0456], [-122.24013, 38.04572], [-122.24037, 38.04595], [-122.24051, 38.04611], [-122.24057, 38.04619], [-122.24067, 38.04635], [-122.2407, 38.04642], [-122.24078, 38.04662], [-122.24082, 38.04677], [-122.24083, 38.04679], [-122.24085, 38.04691], [-122.2409, 38.04729], [-122.24095, 38.04776], [-122.24097, 38.04792], [-122.24101, 38.04806], [-122.24106, 38.04822], [-122.24113, 38.04837], [-122.24122, 38.04853], [-122.24184, 38.04943], [-122.242, 38.04968], [-122.24218, 38.04993], [-122.24243, 38.05031], [-122.24258, 38.05053], [-122.24268, 38.05067], [-122.2429, 38.05098], [-122.24315, 38.05087], [-122.24328, 38.05083], [-122.24346, 38.0508], [-122.24377, 38.05075], [-122.24464, 38.05065], [-122.24504, 38.05059], [-122.24529, 38.05053], [-122.2455, 38.05047], [-122.2457, 38.05041], [-122.24588, 38.05034], [-122.24605, 38.05026], [-122.24627, 38.05014], [-122.24643, 38.05005], [-122.24659, 38.04994], [-122.24672, 38.04984], [-122.2469, 38.04967], [-122.24741, 38.04917], [-122.24764, 38.04894], [-122.24773, 38.04886], [-122.24781, 38.04877], [-122.24796, 38.04892], [-122.24802, 38.04898], [-122.24829, 38.04929], [-122.24839, 38.04939], [-122.24854, 38.04955], [-122.24867, 38.04969], [-122.24907, 38.05012], [-122.2492, 38.05027], [-122.24935, 38.05042], [-122.24943, 38.05051], [-122.24952, 38.05061], [-122.25006, 38.05119], [-122.2501, 38.05124], [-122.25013, 38.05128], [-122.25017, 38.05134], [-122.25023, 38.05147], [-122.25026, 38.05153], [-122.2503, 38.05163], [-122.25031, 38.05166], [-122.25036, 38.05176], [-122.25037, 38.05181], [-122.25037, 38.05183], [-122.2503, 38.05187], [-122.25022, 38.05191], [-122.24984, 38.05212], [-122.24967, 38.05222], [-122.24934, 38.05243], [-122.24923, 38.05252], [-122.2491, 38.05264], [-122.24895, 38.0528], [-122.2488, 38.05298], [-122.24857, 38.05328], [-122.24811, 38.05388], [-122.24796, 38.05405], [-122.24758, 38.05452], [-122.24735, 38.05479], [-122.24722, 38.05492], [-122.24708, 38.05504], [-122.24679, 38.05526], [-122.24619, 38.0557], [-122.2482, 38.0562], [-122.24822, 38.05621], [-122.24823, 38.05662], [-122.2482, 38.05832], [-122.26955, 38.05826], [-122.26994, 38.05831], [-122.2701, 38.0573], [-122.27006, 38.0561], [-122.26917, 38.05318], [-122.26841, 38.05137], [-122.26837, 38.04962], [-122.26857, 38.04708], [-122.26893, 38.04543], [-122.26946, 38.04448], [-122.26962, 38.04441], [-122.27075, 38.04419], [-122.27256, 38.04406], [-122.27434, 38.04394], [-122.27606, 38.04349]]]}}]}