h3,city,city_kind,city_geoid
8928301000fffff,Port Costa,cdp,0658226
8928301002bffff,Port Costa,cdp,0658226
8928301003bffff,Port Costa,cdp,0658226
89283010047ffff,Port Costa,cdp,0658226
89283010063ffff,Port Costa,cdp,0658226
89283010067ffff,Port Costa,cdp,0658226
8928301006bffff,Port Costa,cdp,0658226
8928301006fffff,Port Costa,cdp,0658226
89283010073ffff,Port Costa,cdp,0658226
89283010077ffff,Port Costa,cdp,0658226
8928301007bffff,Port Costa,cdp,0658226
89283010103ffff,Crockett,cdp,0617274
89283010107ffff,Crockett,cdp,0617274
8928301010bffff,Crockett,cdp,0617274
8928301010fffff,Crockett,cdp,0617274
89283010117ffff,Crockett,cdp,0617274
8928301011bffff,Crockett,cdp,0617274
89283010123ffff,Crockett,cdp,0617274
89283010127ffff,Crockett,cdp,0617274
8928301012bffff,Crockett,cdp,0617274
8928301012fffff,Crockett,cdp,0617274
89283010133ffff,Crockett,cdp,0617274
89283010137ffff,Crockett,cdp,0617274
8928301013bffff,Crockett,cdp,0617274
89283010147ffff,Crockett,cdp,0617274
89283010157ffff,Crockett,cdp,0617274
89283010163ffff,Crockett,cdp,0617274
89283010167ffff,Crockett,cdp,0617274
89283010173ffff,Crockett,cdp,0617274
89283010177ffff,Crockett,cdp,0617274
8928301017bffff,Crockett,cdp,0617274
892830101abffff,Crockett,cdp,0617274
892830101afffff,Crockett,cdp,0617274
89283010c03ffff,Crockett,cdp,0617274
89283010c0bffff,Crockett,cdp,0617274
89283010c13ffff,Crockett,cdp,0617274
89283010c17ffff,Crockett,cdp,0617274
89283010c1bffff,Crockett,cdp,0617274
89283010c37ffff,Rodeo,cdp,0662490
89283010c43ffff,Crockett,cdp,0617274
89283010c53ffff,Crockett,cdp,0617274
89283010c57ffff,Crockett,cdp,0617274
89283010c5bffff,Crockett,cdp,0617274
89283010c83ffff,Rodeo,cdp,0662490
89283010c87ffff,Rodeo,cdp,0662490
89283010c8fffff,Rodeo,cdp,0662490
89283010c93ffff,Rodeo,cdp,0662490
89283010c97ffff,Rodeo,cdp,0662490
89283010c9bffff,Rodeo,cdp,0662490
89283010ca3ffff,Rodeo,cdp,0662490
89283010ca7ffff,Rodeo,cdp,0662490
89283010cabffff,Rodeo,cdp,0662490
89283010cafffff,Rodeo,cdp,0662490
89283010cb3ffff,Rodeo,cdp,0662490
89283010cb7ffff,Rodeo,cdp,0662490
89283010cbbffff,Rodeo,cdp,0662490
89283010cc3ffff,Crockett,cdp,0617274
89283010cc7ffff,Crockett,cdp,0617274
89283010ccbffff,Crockett,cdp,0617274
89283010ccfffff,Crockett,cdp,0617274
89283010cd3ffff,Crockett,cdp,0617274
89283010cdbffff,Crockett,cdp,0617274
89283010d83ffff,Rodeo,cdp,0662490
89283010d87ffff,Rodeo,cdp,0662490
89283010d8bffff,Rodeo,cdp,0662490
89283010d93ffff,Rodeo,cdp,0662490
89283010d97ffff,Rodeo,cdp,0662490
89283010d9bffff,Rodeo,cdp,0662490
89283010db7ffff,Hercules,city,0633308
89283010dc3ffff,Rodeo,cdp,0662490
89283010dd3ffff,Rodeo,cdp,0662490
89283010dd7ffff,Rodeo,cdp,0662490
89283010ddbffff,Rodeo,cdp,0662490
89283010e93ffff,Crockett,cdp,0617274
89283010e97ffff,Crockett,cdp,0617274
89283012103ffff,Hercules,city,0633308
89283012107ffff,Hercules,city,0633308
8928301210bffff,Hercules,city,0633308
8928301210fffff,Hercules,city,0633308
89283012113ffff,Hercules,city,0633308
89283012117ffff,Hercules,city,0633308
8928301211bffff,Hercules,city,0633308
89283012123ffff,Hercules,city,0633308
89283012127ffff,Hercules,city,0633308
8928301212bffff,Hercules,city,0633308
8928301212fffff,Hercules,city,0633308
89283012133ffff,Hercules,city,0633308
89283012137ffff,Hercules,city,0633308
8928301213bffff,Hercules,city,0633308
89283012147ffff,Hercules,city,0633308
8928301214fffff,Hercules,city,0633308
89283012163ffff,Hercules,city,0633308
89283012167ffff,Hercules,city,0633308
8928301216bffff,Hercules,city,0633308
8928301216fffff,Hercules,city,0633308
89283012173ffff,Hercules,city,0633308
89283012177ffff,Hercules,city,0633308
8928301217bffff,Hercules,city,0633308
89283012187ffff,Pinole,city,0657288
8928301218fffff,Hercules,city,0633308
892830121a3ffff,Pinole,city,0657288
892830121a7ffff,Pinole,city,0657288
892830121abffff,Hercules,city,0633308
892830121afffff,Hercules,city,0633308
892830121b3ffff,Pinole,city,0657288
892830121b7ffff,Pinole,city,0657288
892830121bbffff,Pinole,city,0657288
89283012303ffff,Hercules,city,0633308
89283012307ffff,Hercules,city,0633308
8928301230fffff,Hercules,city,0633308
89283012313ffff,Hercules,city,0633308
89283012317ffff,Hercules,city,0633308
89283012323ffff,Hercules,city,0633308
89283012327ffff,Hercules,city,0633308
89283012333ffff,Hercules,city,0633308
89283012337ffff,Hercules,city,0633308
8928301233bffff,Hercules,city,0633308
89283012377ffff,Hercules,city,0633308
89283012387ffff,Hercules,city,0633308
8928301238bffff,Hercules,city,0633308
8928301238fffff,Hercules,city,0633308
892830123a3ffff,Hercules,city,0633308
892830123a7ffff,Hercules,city,0633308
892830123abffff,Hercules,city,0633308
892830123afffff,Hercules,city,0633308
892830123b3ffff,Hercules,city,0633308
892830123b7ffff,Hercules,city,0633308
892830123bbffff,Hercules,city,0633308
892830125a7ffff,Richmond,city,0660620
892830125b7ffff,Richmond,city,0660620
89283012803ffff,Hercules,city,0633308
89283012807ffff,Hercules,city,0633308
8928301280bffff,Rodeo,cdp,0662490
8928301280fffff,Rodeo,cdp,0662490
89283012813ffff,Hercules,city,0633308
89283012817ffff,Hercules,city,0633308
8928301281bffff,Rodeo,cdp,0662490
89283012823ffff,Hercules,city,0633308
89283012827ffff,Hercules,city,0633308
8928301282bffff,Rodeo,cdp,0662490
8928301282fffff,Rodeo,cdp,0662490
89283012833ffff,Hercules,city,0633308
89283012837ffff,Hercules,city,0633308
8928301283bffff,Rodeo,cdp,0662490
89283012843ffff,Rodeo,cdp,0662490
89283012847ffff,Rodeo,cdp,0662490
8928301284bffff,Rodeo,cdp,0662490
8928301284fffff,Rodeo,cdp,0662490
89283012853ffff,Rodeo,cdp,0662490
89283012857ffff,Rodeo,cdp,0662490
8928301285bffff,Rodeo,cdp,0662490
89283012863ffff,Rodeo,cdp,0662490
89283012867ffff,Rodeo,cdp,0662490
8928301286bffff,Rodeo,cdp,0662490
8928301286fffff,Rodeo,cdp,0662490
89283012873ffff,Rodeo,cdp,0662490
89283012877ffff,Rodeo,cdp,0662490
8928301287bffff,Rodeo,cdp,0662490
89283012883ffff,Hercules,city,0633308
89283012887ffff,Hercules,city,0633308
8928301288bffff,Hercules,city,0633308
8928301288fffff,Hercules,city,0633308
89283012893ffff,Hercules,city,0633308
89283012897ffff,Hercules,city,0633308
8928301289bffff,Hercules,city,0633308
892830128a3ffff,Hercules,city,0633308
892830128a7ffff,Hercules,city,0633308
892830128abffff,Hercules,city,0633308
892830128afffff,Hercules,city,0633308
892830128b3ffff,Hercules,city,0633308
892830128b7ffff,Hercules,city,0633308
892830128bbffff,Hercules,city,0633308
892830128c3ffff,Rodeo,cdp,0662490
892830128c7ffff,Hercules,city,0633308
892830128cbffff,Rodeo,cdp,0662490
892830128cfffff,Rodeo,cdp,0662490
892830128d3ffff,Hercules,city,0633308
892830128d7ffff,Hercules,city,0633308
89283012903ffff,Hercules,city,0633308
89283012907ffff,Hercules,city,0633308
8928301290bffff,Hercules,city,0633308
8928301290fffff,Hercules,city,0633308
89283012913ffff,Hercules,city,0633308
89283012917ffff,Hercules,city,0633308
8928301291bffff,Hercules,city,0633308
89283012923ffff,Hercules,city,0633308
89283012927ffff,Hercules,city,0633308
8928301292bffff,Hercules,city,0633308
8928301292fffff,Hercules,city,0633308
89283012933ffff,Hercules,city,0633308
89283012937ffff,Hercules,city,0633308
8928301293bffff,Hercules,city,0633308
89283012943ffff,Hercules,city,0633308
89283012947ffff,Hercules,city,0633308
8928301294bffff,Rodeo,cdp,0662490
8928301294fffff,Hercules,city,0633308
89283012953ffff,Hercules,city,0633308
89283012957ffff,Hercules,city,0633308
8928301295bffff,Hercules,city,0633308
89283012963ffff,Hercules,city,0633308
89283012967ffff,Hercules,city,0633308
8928301296bffff,Hercules,city,0633308
8928301296fffff,Hercules,city,0633308
89283012973ffff,Hercules,city,0633308
89283012977ffff,Hercules,city,0633308
8928301297bffff,Hercules,city,0633308
89283012983ffff,Hercules,city,0633308
89283012987ffff,Hercules,city,0633308
8928301298bffff,Hercules,city,0633308
8928301298fffff,Hercules,city,0633308
89283012993ffff,Hercules,city,0633308
89283012997ffff,Hercules,city,0633308
8928301299bffff,Hercules,city,0633308
892830129a3ffff,Hercules,city,0633308
892830129a7ffff,Hercules,city,0633308
892830129abffff,Hercules,city,0633308
892830129afffff,Hercules,city,0633308
892830129b3ffff,Hercules,city,0633308
892830129b7ffff,Hercules,city,0633308
892830129bbffff,Hercules,city,0633308
892830129c3ffff,Hercules,city,0633308
892830129c7ffff,Hercules,city,0633308
892830129cbffff,Hercules,city,0633308
892830129cfffff,Hercules,city,0633308
892830129d3ffff,Hercules,city,0633308
892830129d7ffff,Hercules,city,0633308
892830129dbffff,Hercules,city,0633308
89283012a03ffff,Rodeo,cdp,0662490
89283012a07ffff,Rodeo,cdp,0662490
89283012a0bffff,Rodeo,cdp,0662490
89283012a0fffff,Rodeo,cdp,0662490
89283012a13ffff,Rodeo,cdp,0662490
89283012a17ffff,Rodeo,cdp,0662490
89283012a1bffff,Rodeo,cdp,0662490
89283012a23ffff,Rodeo,cdp,0662490
89283012a27ffff,Rodeo,cdp,0662490
89283012a2bffff,Rodeo,cdp,0662490
89283012a2fffff,Rodeo,cdp,0662490
89283012a33ffff,Rodeo,cdp,0662490
89283012a37ffff,Rodeo,cdp,0662490
89283012a3bffff,Rodeo,cdp,0662490
89283012a63ffff,Rodeo,cdp,0662490
89283012a67ffff,Rodeo,cdp,0662490
89283012a6fffff,Rodeo,cdp,0662490
89283012a73ffff,Rodeo,cdp,0662490
89283012a77ffff,Rodeo,cdp,0662490
89283012a83ffff,Rodeo,cdp,0662490
89283012a87ffff,Rodeo,cdp,0662490
89283012a8bffff,Rodeo,cdp,0662490
89283012a8fffff,Rodeo,cdp,0662490
89283012a93ffff,Rodeo,cdp,0662490
89283012a97ffff,Rodeo,cdp,0662490
89283012a9bffff,Rodeo,cdp,0662490
89283012aa3ffff,Rodeo,cdp,0662490
89283012aa7ffff,Rodeo,cdp,0662490
89283012aabffff,Rodeo,cdp,0662490
89283012aafffff,Rodeo,cdp,0662490
89283012ab3ffff,Rodeo,cdp,0662490
89283012ab7ffff,Rodeo,cdp,0662490
89283012abbffff,Rodeo,cdp,0662490
89283012ac7ffff,Rodeo,cdp,0662490
89283012ad7ffff,Rodeo,cdp,0662490
89283012b03ffff,Rodeo,cdp,0662490
89283012b07ffff,Rodeo,cdp,0662490
89283012b0bffff,Rodeo,cdp,0662490
89283012b0fffff,Rodeo,cdp,0662490
89283012b13ffff,Rodeo,cdp,0662490
89283012b17ffff,Rodeo,cdp,0662490
89283012b1bffff,Rodeo,cdp,0662490
89283012b23ffff,Rodeo,cdp,0662490
89283012b2bffff,Rodeo,cdp,0662490
89283012b2fffff,Rodeo,cdp,0662490
89283012b33ffff,Rodeo,cdp,0662490
89283012b3bffff,Rodeo,cdp,0662490
89283012b43ffff,Rodeo,cdp,0662490
89283012b47ffff,Rodeo,cdp,0662490
89283012b4bffff,Rodeo,cdp,0662490
89283012b4fffff,Rodeo,cdp,0662490
89283012b53ffff,Rodeo,cdp,0662490
89283012b57ffff,Rodeo,cdp,0662490
89283012b5bffff,Rodeo,cdp,0662490
89283012b63ffff,Rodeo,cdp,0662490
89283012b67ffff,Rodeo,cdp,0662490
89283012b6bffff,Rodeo,cdp,0662490
89283012b6fffff,Rodeo,cdp,0662490
89283012b73ffff,Rodeo,cdp,0662490
89283012b77ffff,Rodeo,cdp,0662490
89283012b7bffff,Rodeo,cdp,0662490
89283012b83ffff,Rodeo,cdp,0662490
89283012b87ffff,Rodeo,cdp,0662490
89283012b8bffff,Rodeo,cdp,0662490
89283012b8fffff,Rodeo,cdp,0662490
89283012b93ffff,Rodeo,cdp,0662490
89283012b97ffff,Rodeo,cdp,0662490
89283012b9bffff,Rodeo,cdp,0662490
89283012ba3ffff,Rodeo,cdp,0662490
89283012ba7ffff,Rodeo,cdp,0662490
89283012babffff,Rodeo,cdp,0662490
89283012bafffff,Rodeo,cdp,0662490
89283012bb3ffff,Rodeo,cdp,0662490
89283012bb7ffff,Rodeo,cdp,0662490
89283012bbbffff,Rodeo,cdp,0662490
89283012bc3ffff,Rodeo,cdp,0662490
89283012bc7ffff,Rodeo,cdp,0662490
89283012bcbffff,Rodeo,cdp,0662490
89283012bcfffff,Rodeo,cdp,0662490
89283012bd3ffff,Rodeo,cdp,0662490
89283012bd7ffff,Rodeo,cdp,0662490
89283012bdbffff,Rodeo,cdp,0662490
89283012c03ffff,Hercules,city,0633308
89283012c07ffff,Hercules,city,0633308
89283012c0bffff,Hercules,city,0633308
89283012c0fffff,Hercules,city,0633308
89283012c13ffff,Hercules,city,0633308
89283012c17ffff,Hercules,city,0633308
89283012c1bffff,Hercules,city,0633308
89283012c23ffff,Hercules,city,0633308
89283012c27ffff,Hercules,city,0633308
89283012c2bffff,Hercules,city,0633308
89283012c2fffff,Hercules,city,0633308
89283012c33ffff,Hercules,city,0633308
89283012c37ffff,Hercules,city,0633308
89283012c3bffff,Hercules,city,0633308
89283012c43ffff,Hercules,city,0633308
89283012c47ffff,Hercules,city,0633308
89283012c4bffff,Hercules,city,0633308
89283012c4fffff,Hercules,city,0633308
89283012c53ffff,Hercules,city,0633308
89283012c57ffff,Hercules,city,0633308
89283012c5bffff,Hercules,city,0633308
89283012c63ffff,Hercules,city,0633308
89283012c67ffff,Hercules,city,0633308
89283012c6bffff,Hercules,city,0633308
89283012c6fffff,Hercules,city,0633308
89283012c73ffff,Hercules,city,0633308
89283012c77ffff,Hercules,city,0633308
89283012c7bffff,Hercules,city,0633308
89283012c83ffff,Pinole,city,0657288
89283012c87ffff,Pinole,city,0657288
89283012c8bffff,Pinole,city,0657288
89283012c8fffff,Hercules,city,0633308
89283012c93ffff,Pinole,city,0657288
89283012c97ffff,Pinole,city,0657288
89283012c9bffff,Pinole,city,0657288
89283012ca3ffff,Hercules,city,0633308
89283012ca7ffff,Hercules,city,0633308
89283012cabffff,Hercules,city,0633308
89283012cafffff,Hercules,city,0633308
89283012cb3ffff,Pinole,city,0657288
89283012cb7ffff,Pinole,city,0657288
89283012cbbffff,Hercules,city,0633308
89283012cc3ffff,Pinole,city,0657288
89283012cc7ffff,Hercules,city,0633308
89283012ccbffff,Hercules,city,0633308
89283012ccfffff,Hercules,city,0633308
89283012cd3ffff,Pinole,city,0657288
89283012cd7ffff,Pinole,city,0657288
89283012cdbffff,Hercules,city,0633308
89283012d03ffff,Pinole,city,0657288
89283012d07ffff,Hercules,city,0633308
89283012d0bffff,Hercules,city,0633308
89283012d0fffff,Hercules,city,0633308
89283012d13ffff,Pinole,city,0657288
89283012d17ffff,Pinole,city,0657288
89283012d1bffff,Hercules,city,0633308
89283012d23ffff,Hercules,city,0633308
89283012d27ffff,Pinole,city,0657288
89283012d2bffff,Hercules,city,0633308
89283012d2fffff,Hercules,city,0633308
89283012d33ffff,Hercules,city,0633308
89283012d37ffff,Pinole,city,0657288
89283012d3bffff,Hercules,city,0633308
89283012d43ffff,Hercules,city,0633308
89283012d47ffff,Hercules,city,0633308
89283012d4bffff,Hercules,city,0633308
89283012d4fffff,Hercules,city,0633308
89283012d53ffff,Hercules,city,0633308
89283012d57ffff,Hercules,city,0633308
89283012d5bffff,Hercules,city,0633308
89283012d63ffff,Hercules,city,0633308
89283012d67ffff,Hercules,city,0633308
89283012d6bffff,Hercules,city,0633308
89283012d6fffff,Hercules,city,0633308
89283012d73ffff,Hercules,city,0633308
89283012d77ffff,Hercules,city,0633308
89283012d7bffff,Hercules,city,0633308
89283012d83ffff,Pinole,city,0657288
89283012d87ffff,Pinole,city,0657288
89283012d8bffff,Pinole,city,0657288
89283012d8fffff,Pinole,city,0657288
89283012d93ffff,Pinole,city,0657288
89283012d97ffff,Pinole,city,0657288
89283012d9bffff,Pinole,city,0657288
89283012da3ffff,Pinole,city,0657288
89283012da7ffff,Pinole,city,0657288
89283012dabffff,Pinole,city,0657288
89283012dafffff,Pinole,city,0657288
89283012db3ffff,Pinole,city,0657288
89283012db7ffff,Pinole,city,0657288
89283012dbbffff,Pinole,city,0657288
89283012dc3ffff,Hercules,city,0633308
89283012dc7ffff,Pinole,city,0657288
89283012dcbffff,Hercules,city,0633308
89283012dcfffff,Hercules,city,0633308
89283012dd3ffff,Hercules,city,0633308
89283012dd7ffff,Pinole,city,0657288
89283012ddbffff,Hercules,city,0633308
89283012e1bffff,Hercules,city,0633308
89283012e2fffff,Rodeo,cdp,0662490
89283012e67ffff,Rodeo,cdp,0662490
89283012e6fffff,Rodeo,cdp,0662490
89283012e83ffff,Hercules,city,0633308
89283012e87ffff,Hercules,city,0633308
89283012e8bffff,Hercules,city,0633308
89283012e8fffff,Hercules,city,0633308
89283012e93ffff,Hercules,city,0633308
89283012e97ffff,Hercules,city,0633308
89283012e9bffff,Hercules,city,0633308
89283012ea3ffff,Hercules,city,0633308
89283012ea7ffff,Hercules,city,0633308
89283012eb3ffff,Hercules,city,0633308
89283012eb7ffff,Hercules,city,0633308
89283012ebbffff,Hercules,city,0633308
89283012ec3ffff,Hercules,city,0633308
89283012ec7ffff,Hercules,city,0633308
89283012ecbffff,Hercules,city,0633308
89283012ecfffff,Hercules,city,0633308
89283012ed3ffff,Hercules,city,0633308
89283012ed7ffff,Hercules,city,0633308
89283012edbffff,Hercules,city,0633308
8928301601bffff,Pinole,city,0657288
89283016043ffff,Hercules,city,0633308
89283016047ffff,Pinole,city,0657288
8928301604bffff,Hercules,city,0633308
8928301604fffff,Hercules,city,0633308
89283016053ffff,Pinole,city,0657288
89283016057ffff,Pinole,city,0657288
8928301605bffff,Hercules,city,0633308
8928301608bffff,Pinole,city,0657288
89283016093ffff,Pinole,city,0657288
8928301609bffff,Pinole,city,0657288
892830160c3ffff,Pinole,city,0657288
892830160c7ffff,Pinole,city,0657288
892830160cbffff,Pinole,city,0657288
892830160cfffff,Pinole,city,0657288
892830160d3ffff,Pinole,city,0657288
892830160d7ffff,Pinole,city,0657288
892830160dbffff,Pinole,city,0657288
89283016203ffff,Hercules,city,0633308
89283016207ffff,Hercules,city,0633308
8928301620bffff,Hercules,city,0633308
8928301620fffff,Hercules,city,0633308
89283016213ffff,Hercules,city,0633308
89283016217ffff,Hercules,city,0633308
8928301621bffff,Hercules,city,0633308
89283016243ffff,Hercules,city,0633308
89283016247ffff,Hercules,city,0633308
8928301624bffff,Hercules,city,0633308
8928301624fffff,Hercules,city,0633308
89283016253ffff,Hercules,city,0633308
89283016257ffff,Hercules,city,0633308
8928301625bffff,Hercules,city,0633308
89283016263ffff,Hercules,city,0633308
8928301626bffff,Hercules,city,0633308
89283016273ffff,Hercules,city,0633308
8928301627bffff,Hercules,city,0633308
89283016283ffff,Hercules,city,0633308
89283016287ffff,Hercules,city,0633308
8928301628bffff,Hercules,city,0633308
8928301628fffff,Hercules,city,0633308
89283016293ffff,Hercules,city,0633308
89283016297ffff,Hercules,city,0633308
8928301629bffff,Hercules,city,0633308
892830162abffff,Hercules,city,0633308
892830162b3ffff,Hercules,city,0633308
892830162bbffff,Hercules,city,0633308
892830162c3ffff,Hercules,city,0633308
892830162c7ffff,Hercules,city,0633308
892830162cbffff,Hercules,city,0633308
892830162cfffff,Hercules,city,0633308
892830162d3ffff,Hercules,city,0633308
892830162d7ffff,Hercules,city,0633308
892830162dbffff,Hercules,city,0633308
89283016403ffff,Richmond,city,0660620
89283016407ffff,Richmond,city,0660620
8928301640bffff,Pinole,city,0657288
8928301640fffff,Richmond,city,0660620
89283016413ffff,Richmond,city,0660620
89283016417ffff,Richmond,city,0660620
8928301641bffff,Richmond,city,0660620
89283016423ffff,Pinole,city,0657288
8928301642bffff,Pinole,city,0657288
8928301642fffff,Pinole,city,0657288
89283016433ffff,Richmond,city,0660620
8928301643bffff,Richmond,city,0660620
89283016443ffff,Pinole,city,0657288
89283016447ffff,Pinole,city,0657288
8928301644bffff,Pinole,city,0657288
8928301644fffff,Pinole,city,0657288
89283016453ffff,Pinole,city,0657288
89283016457ffff,Pinole,city,0657288
8928301645bffff,Pinole,city,0657288
89283016463ffff,Pinole,city,0657288
89283016467ffff,Pinole,city,0657288
8928301646bffff,Pinole,city,0657288
8928301646fffff,Pinole,city,0657288
89283016473ffff,Pinole,city,0657288
89283016477ffff,Pinole,city,0657288
8928301647bffff,Pinole,city,0657288
89283016483ffff,Richmond,city,0660620
89283016487ffff,Richmond,city,0660620
8928301648bffff,Richmond,city,0660620
8928301648fffff,Richmond,city,0660620
89283016493ffff,Richmond,city,0660620
89283016497ffff,Richmond,city,0660620
8928301649bffff,Richmond,city,0660620
892830164a3ffff,Richmond,city,0660620
892830164a7ffff,Richmond,city,0660620
892830164abffff,Richmond,city,0660620
892830164afffff,Richmond,city,0660620
892830164b3ffff,Richmond,city,0660620
892830164b7ffff,Richmond,city,0660620
892830164bbffff,Richmond,city,0660620
892830164c3ffff,Richmond,city,0660620
892830164c7ffff,Richmond,city,0660620
892830164cbffff,Richmond,city,0660620
892830164cfffff,Richmond,city,0660620
892830164d3ffff,Richmond,city,0660620
892830164d7ffff,Richmond,city,0660620
892830164dbffff,Richmond,city,0660620
89283016603ffff,Pinole,city,0657288
89283016607ffff,Pinole,city,0657288
8928301660bffff,Pinole,city,0657288
8928301660fffff,Pinole,city,0657288
89283016613ffff,Pinole,city,0657288
89283016617ffff,Pinole,city,0657288
8928301661bffff,Pinole,city,0657288
89283016623ffff,Pinole,city,0657288
89283016627ffff,Pinole,city,0657288
8928301662bffff,Hercules,city,0633308
8928301662fffff,Hercules,city,0633308
89283016633ffff,Pinole,city,0657288
89283016637ffff,Pinole,city,0657288
8928301663bffff,Pinole,city,0657288
89283016643ffff,Hercules,city,0633308
89283016647ffff,Hercules,city,0633308
8928301664bffff,Hercules,city,0633308
8928301664fffff,Hercules,city,0633308
89283016653ffff,Pinole,city,0657288
89283016657ffff,Pinole,city,0657288
8928301665bffff,Hercules,city,0633308
89283016663ffff,Hercules,city,0633308
89283016667ffff,Hercules,city,0633308
8928301666bffff,Hercules,city,0633308
8928301666fffff,Hercules,city,0633308
89283016673ffff,Hercules,city,0633308
89283016677ffff,Hercules,city,0633308
8928301667bffff,Hercules,city,0633308
89283016683ffff,Pinole,city,0657288
89283016687ffff,Pinole,city,0657288
8928301668bffff,Pinole,city,0657288
8928301668fffff,Pinole,city,0657288
89283016693ffff,Pinole,city,0657288
89283016697ffff,Pinole,city,0657288
8928301669bffff,Pinole,city,0657288
892830166a3ffff,Pinole,city,0657288
892830166a7ffff,Pinole,city,0657288
892830166abffff,Pinole,city,0657288
892830166afffff,Pinole,city,0657288
892830166b3ffff,Pinole,city,0657288
892830166b7ffff,Pinole,city,0657288
892830166bbffff,Pinole,city,0657288
892830166c3ffff,Pinole,city,0657288
892830166c7ffff,Pinole,city,0657288
892830166cbffff,Pinole,city,0657288
892830166cfffff,Pinole,city,0657288
892830166d3ffff,Pinole,city,0657288
892830166d7ffff,Pinole,city,0657288
892830166dbffff,Pinole,city,0657288
89283017003ffff,Hercules,city,0633308
89283017007ffff,Hercules,city,0633308
8928301700bffff,Hercules,city,0633308
8928301700fffff,Hercules,city,0633308
89283017013ffff,Hercules,city,0633308
89283017017ffff,Hercules,city,0633308
8928301701bffff,Hercules,city,0633308
89283017023ffff,Hercules,city,0633308
89283017027ffff,Hercules,city,0633308
8928301702bffff,Hercules,city,0633308
89283017033ffff,Hercules,city,0633308
89283017037ffff,Hercules,city,0633308
8928301703bffff,Hercules,city,0633308
89283017043ffff,Hercules,city,0633308
89283017047ffff,Hercules,city,0633308
8928301704bffff,Hercules,city,0633308
8928301704fffff,Hercules,city,0633308
89283017053ffff,Hercules,city,0633308
89283017057ffff,Hercules,city,0633308
8928301705bffff,Hercules,city,0633308
89283017073ffff,Hercules,city,0633308
89283017077ffff,Hercules,city,0633308
89283017083ffff,Hercules,city,0633308
89283017087ffff,Hercules,city,0633308
8928301708bffff,Hercules,city,0633308
8928301708fffff,Hercules,city,0633308
89283017093ffff,Hercules,city,0633308
89283017097ffff,Hercules,city,0633308
8928301709bffff,Hercules,city,0633308
892830170a3ffff,Hercules,city,0633308
892830170a7ffff,Hercules,city,0633308
892830170abffff,Hercules,city,0633308
892830170afffff,Hercules,city,0633308
892830170b3ffff,Hercules,city,0633308
892830170b7ffff,Hercules,city,0633308
892830170bbffff,Hercules,city,0633308
892830170c3ffff,Hercules,city,0633308
892830170c7ffff,Hercules,city,0633308
892830170cbffff,Hercules,city,0633308
892830170cfffff,Hercules,city,0633308
892830170d3ffff,Hercules,city,0633308
892830170d7ffff,Hercules,city,0633308
892830170dbffff,Hercules,city,0633308
89283017103ffff,Hercules,city,0633308
89283017107ffff,Hercules,city,0633308
8928301710bffff,Hercules,city,0633308
89283017113ffff,Hercules,city,0633308
89283017117ffff,Hercules,city,0633308
8928301711bffff,Hercules,city,0633308
89283017153ffff,Hercules,city,0633308
89283017157ffff,Hercules,city,0633308
89283017183ffff,Hercules,city,0633308
89283017187ffff,Hercules,city,0633308
8928301718bffff,Hercules,city,0633308
8928301718fffff,Hercules,city,0633308
89283017193ffff,Hercules,city,0633308
89283017197ffff,Hercules,city,0633308
8928301719bffff,Hercules,city,0633308
892830171a3ffff,Hercules,city,0633308
892830171a7ffff,Hercules,city,0633308
892830171abffff,Hercules,city,0633308
892830171afffff,Hercules,city,0633308
892830171b3ffff,Hercules,city,0633308
892830171b7ffff,Hercules,city,0633308
892830171bbffff,Hercules,city,0633308
892830171c3ffff,Hercules,city,0633308
892830171c7ffff,Hercules,city,0633308
892830171cbffff,Hercules,city,0633308
892830171cfffff,Hercules,city,0633308
892830171d3ffff,Hercules,city,0633308
892830171d7ffff,Hercules,city,0633308
892830171dbffff,Hercules,city,0633308
89283017293ffff,Hercules,city,0633308
89283017297ffff,Hercules,city,0633308
89283017403ffff,Hercules,city,0633308
89283017407ffff,Hercules,city,0633308
8928301740bffff,Hercules,city,0633308
8928301740fffff,Hercules,city,0633308
89283017413ffff,Hercules,city,0633308
89283017417ffff,Hercules,city,0633308
8928301741bffff,Hercules,city,0633308
89283017423ffff,Hercules,city,0633308
89283017427ffff,Hercules,city,0633308
8928301742bffff,Hercules,city,0633308
8928301742fffff,Hercules,city,0633308
89283017433ffff,Hercules,city,0633308
89283017437ffff,Hercules,city,0633308
8928301743bffff,Hercules,city,0633308
89283017443ffff,Hercules,city,0633308
89283017447ffff,Hercules,city,0633308
8928301744bffff,Hercules,city,0633308
8928301744fffff,Hercules,city,0633308
89283017453ffff,Hercules,city,0633308
89283017457ffff,Hercules,city,0633308
8928301745bffff,Hercules,city,0633308
89283017463ffff,Hercules,city,0633308
89283017467ffff,Hercules,city,0633308
8928301746bffff,Hercules,city,0633308
8928301746fffff,Hercules,city,0633308
89283017473ffff,Hercules,city,0633308
89283017477ffff,Hercules,city,0633308
8928301747bffff,Hercules,city,0633308
89283017483ffff,Hercules,city,0633308
89283017487ffff,Hercules,city,0633308
8928301748bffff,Hercules,city,0633308
8928301748fffff,Hercules,city,0633308
89283017493ffff,Hercules,city,0633308
89283017497ffff,Hercules,city,0633308
8928301749bffff,Hercules,city,0633308
892830174a3ffff,Hercules,city,0633308
892830174a7ffff,Hercules,city,0633308
892830174abffff,Hercules,city,0633308
892830174afffff,Hercules,city,0633308
892830174b3ffff,Hercules,city,0633308
892830174b7ffff,Hercules,city,0633308
892830174bbffff,Hercules,city,0633308
892830174c3ffff,Hercules,city,0633308
892830174c7ffff,Hercules,city,0633308
892830174cbffff,Hercules,city,0633308
892830174cfffff,Hercules,city,0633308
892830174d3ffff,Hercules,city,0633308
892830174d7ffff,Hercules,city,0633308
892830174dbffff,Hercules,city,0633308
89283017503ffff,Hercules,city,0633308
89283017507ffff,Hercules,city,0633308
8928301750bffff,Hercules,city,0633308
8928301750fffff,Hercules,city,0633308
89283017513ffff,Hercules,city,0633308
89283017517ffff,Hercules,city,0633308
8928301751bffff,Hercules,city,0633308
89283017523ffff,Hercules,city,0633308
89283017527ffff,Hercules,city,0633308
8928301752bffff,Hercules,city,0633308
8928301752fffff,Hercules,city,0633308
89283017533ffff,Hercules,city,0633308
89283017537ffff,Hercules,city,0633308
8928301753bffff,Hercules,city,0633308
89283017543ffff,Hercules,city,0633308
89283017547ffff,Hercules,city,0633308
8928301754bffff,Hercules,city,0633308
8928301754fffff,Hercules,city,0633308
89283017553ffff,Hercules,city,0633308
89283017557ffff,Hercules,city,0633308
8928301755bffff,Hercules,city,0633308
89283017563ffff,Hercules,city,0633308
89283017567ffff,Hercules,city,0633308
8928301756bffff,Hercules,city,0633308
8928301756fffff,Hercules,city,0633308
89283017573ffff,Hercules,city,0633308
89283017577ffff,Hercules,city,0633308
8928301757bffff,Hercules,city,0633308
89283017583ffff,Hercules,city,0633308
89283017587ffff,Hercules,city,0633308
8928301758bffff,Hercules,city,0633308
8928301758fffff,Hercules,city,0633308
89283017593ffff,Hercules,city,0633308
89283017597ffff,Hercules,city,0633308
8928301759bffff,Hercules,city,0633308
892830175a3ffff,Hercules,city,0633308
892830175a7ffff,Hercules,city,0633308
892830175abffff,Hercules,city,0633308
892830175afffff,Hercules,city,0633308
892830175b3ffff,Hercules,city,0633308
892830175b7ffff,Hercules,city,0633308
892830175bbffff,Hercules,city,0633308
892830175c3ffff,Hercules,city,0633308
892830175c7ffff,Hercules,city,0633308
892830175cbffff,Hercules,city,0633308
892830175cfffff,Hercules,city,0633308
892830175d3ffff,Hercules,city,0633308
892830175d7ffff,Hercules,city,0633308
892830175dbffff,Hercules,city,0633308
89283017603ffff,Hercules,city,0633308
89283017607ffff,Hercules,city,0633308
8928301760bffff,Hercules,city,0633308
8928301760fffff,Hercules,city,0633308
89283017613ffff,Hercules,city,0633308
89283017617ffff,Hercules,city,0633308
8928301761bffff,Hercules,city,0633308
89283017623ffff,Hercules,city,0633308
89283017627ffff,Hercules,city,0633308
8928301762bffff,Hercules,city,0633308
8928301762fffff,Hercules,city,0633308
89283017633ffff,Hercules,city,0633308
89283017637ffff,Hercules,city,0633308
8928301763bffff,Hercules,city,0633308
89283017643ffff,Hercules,city,0633308
89283017647ffff,Hercules,city,0633308
8928301764fffff,Hercules,city,0633308
89283017653ffff,Hercules,city,0633308
89283017657ffff,Hercules,city,0633308
89283017663ffff,Hercules,city,0633308
89283017667ffff,Hercules,city,0633308
8928301766bffff,Hercules,city,0633308
8928301766fffff,Hercules,city,0633308
89283017673ffff,Hercules,city,0633308
89283017677ffff,Hercules,city,0633308
8928301767bffff,Hercules,city,0633308
89283017683ffff,Hercules,city,0633308
89283017687ffff,Hercules,city,0633308
8928301768bffff,Hercules,city,0633308
8928301768fffff,Hercules,city,0633308
89283017693ffff,Hercules,city,0633308
89283017697ffff,Hercules,city,0633308
8928301769bffff,Hercules,city,0633308
892830176a3ffff,Hercules,city,0633308
892830176a7ffff,Hercules,city,0633308
892830176abffff,Hercules,city,0633308
892830176afffff,Hercules,city,0633308
892830176b3ffff,Hercules,city,0633308
892830176b7ffff,Hercules,city,0633308
892830176bbffff,Hercules,city,0633308
892830176c3ffff,Hercules,city,0633308
892830176c7ffff,Hercules,city,0633308
892830176cbffff,Hercules,city,0633308
892830176cfffff,Hercules,city,0633308
892830176d3ffff,Hercules,city,0633308
892830176d7ffff,Hercules,city,0633308
892830176dbffff,Hercules,city,0633308
89283088937ffff,Richmond,city,0660620
89283088983ffff,Richmond,city,0660620
89283088987ffff,Richmond,city,0660620
8928308898fffff,Richmond,city,0660620
89283088993ffff,Richmond,city,0660620
89283088997ffff,Richmond,city,0660620
8928308899bffff,Richmond,city,0660620
892830889a3ffff,Richmond,city,0660620
892830889a7ffff,Richmond,city,0660620
892830889abffff,Richmond,city,0660620
892830889afffff,Richmond,city,0660620
892830889b3ffff,Richmond,city,0660620
892830889b7ffff,Richmond,city,0660620
892830889bbffff,Richmond,city,0660620
89283088da7ffff,Kensington,cdp,0638086
89283088db7ffff,Kensington,cdp,0638086
8928308c003ffff,Richmond,city,0660620
8928308c007ffff,Richmond,city,0660620
8928308c00bffff,Richmond,city,0660620
8928308c00fffff,Richmond,city,0660620
8928308c013ffff,Richmond,city,0660620
8928308c017ffff,Richmond,city,0660620
8928308c01bffff,Richmond,city,0660620
8928308c023ffff,Richmond,city,0660620
8928308c027ffff,Richmond,city,0660620
8928308c02bffff,Richmond,city,0660620
8928308c02fffff,North Richmond,cdp,0652162
8928308c033ffff,Richmond,city,0660620
8928308c037ffff,Richmond,city,0660620
8928308c03bffff,Richmond,city,0660620
8928308c043ffff,Richmond,city,0660620
8928308c047ffff,Richmond,city,0660620
8928308c04bffff,Richmond,city,0660620
8928308c04fffff,Richmond,city,0660620
8928308c053ffff,Richmond,city,0660620
8928308c057ffff,Richmond,city,0660620
8928308c05bffff,Richmond,city,0660620
8928308c063ffff,San Pablo,city,0668294
8928308c067ffff,San Pablo,city,0668294
8928308c06bffff,San Pablo,city,0668294
8928308c06fffff,San Pablo,city,0668294
8928308c073ffff,San Pablo,city,0668294
8928308c077ffff,San Pablo,city,0668294
8928308c07bffff,San Pablo,city,0668294
8928308c083ffff,Richmond,city,0660620
8928308c087ffff,Richmond,city,0660620
8928308c08bffff,Richmond,city,0660620
8928308c08fffff,Richmond,city,0660620
8928308c093ffff,Richmond,city,0660620
8928308c097ffff,Richmond,city,0660620
8928308c09bffff,Richmond,city,0660620
8928308c0a3ffff,Richmond,city,0660620
8928308c0a7ffff,Richmond,city,0660620
8928308c0abffff,Richmond,city,0660620
8928308c0afffff,Richmond,city,0660620
8928308c0b3ffff,Richmond,city,0660620
8928308c0b7ffff,Richmond,city,0660620
8928308c0bbffff,Richmond,city,0660620
8928308c0c3ffff,Richmond,city,0660620
8928308c0c7ffff,Richmond,city,0660620
8928308c0cbffff,Richmond,city,0660620
8928308c0cfffff,Richmond,city,0660620
8928308c0d3ffff,Richmond,city,0660620
8928308c0d7ffff,Richmond,city,0660620
8928308c0dbffff,Richmond,city,0660620
8928308c103ffff,Richmond,city,0660620
8928308c107ffff,Richmond,city,0660620
8928308c10bffff,North Richmond,cdp,0652162
8928308c10fffff,Richmond,city,0660620
8928308c113ffff,Richmond,city,0660620
8928308c117ffff,Richmond,city,0660620
8928308c11bffff,North Richmond,cdp,0652162
8928308c123ffff,Richmond,city,0660620
8928308c127ffff,Richmond,city,0660620
8928308c12bffff,Richmond,city,0660620
8928308c12fffff,Richmond,city,0660620
8928308c133ffff,Richmond,city,0660620
8928308c137ffff,Richmond,city,0660620
8928308c13bffff,Richmond,city,0660620
8928308c143ffff,North Richmond,cdp,0652162
8928308c147ffff,North Richmond,cdp,0652162
8928308c14bffff,North Richmond,cdp,0652162
8928308c14fffff,North Richmond,cdp,0652162
8928308c153ffff,North Richmond,cdp,0652162
8928308c157ffff,North Richmond,cdp,0652162
8928308c15bffff,North Richmond,cdp,0652162
8928308c163ffff,Richmond,city,0660620
8928308c167ffff,Richmond,city,0660620
8928308c16bffff,North Richmond,cdp,0652162
8928308c16fffff,North Richmond,cdp,0652162
8928308c173ffff,Richmond,city,0660620
8928308c177ffff,Richmond,city,0660620
8928308c17bffff,North Richmond,cdp,0652162
8928308c183ffff,Richmond,city,0660620
8928308c187ffff,Richmond,city,0660620
8928308c18bffff,Richmond,city,0660620
8928308c18fffff,Richmond,city,0660620
8928308c193ffff,Richmond,city,0660620
8928308c197ffff,Richmond,city,0660620
8928308c19bffff,Richmond,city,0660620
8928308c1a3ffff,Richmond,city,0660620
8928308c1a7ffff,Richmond,city,0660620
8928308c1abffff,Richmond,city,0660620
8928308c1afffff,Richmond,city,0660620
8928308c1b3ffff,Richmond,city,0660620
8928308c1b7ffff,Richmond,city,0660620
8928308c1bbffff,Richmond,city,0660620
8928308c1c3ffff,Richmond,city,0660620
8928308c1c7ffff,Richmond,city,0660620
8928308c1cbffff,Richmond,city,0660620
8928308c1cfffff,Richmond,city,0660620
8928308c1d3ffff,Richmond,city,0660620
8928308c1d7ffff,Richmond,city,0660620
8928308c1dbffff,Richmond,city,0660620
8928308c203ffff,San Pablo,city,0668294
8928308c207ffff,San Pablo,city,0668294
8928308c20bffff,San Pablo,city,0668294
8928308c20fffff,San Pablo,city,0668294
8928308c213ffff,San Pablo,city,0668294
8928308c217ffff,San Pablo,city,0668294
8928308c21bffff,San Pablo,city,0668294
8928308c223ffff,San Pablo,city,0668294
8928308c227ffff,San Pablo,city,0668294
8928308c22bffff,Richmond,city,0660620
8928308c22fffff,San Pablo,city,0668294
8928308c233ffff,San Pablo,city,0668294
8928308c237ffff,San Pablo,city,0668294
8928308c23bffff,Rollingwood,cdp,0662700
8928308c243ffff,San Pablo,city,0668294
8928308c247ffff,San Pablo,city,0668294
8928308c24bffff,El Sobrante,cdp,0622454
8928308c24fffff,Richmond,city,0660620
8928308c253ffff,El Sobrante,cdp,0622454
8928308c257ffff,San Pablo,city,0668294
8928308c25bffff,Richmond,city,0660620
8928308c263ffff,Richmond,city,0660620
8928308c267ffff,Richmond,city,0660620
8928308c26bffff,Richmond,city,0660620
8928308c26fffff,Richmond,city,0660620
8928308c273ffff,Rollingwood,cdp,0662700
8928308c277ffff,Rollingwood,cdp,0662700
8928308c27bffff,Rollingwood,cdp,0662700
8928308c283ffff,Richmond,city,0660620
8928308c287ffff,Richmond,city,0660620
8928308c28bffff,San Pablo,city,0668294
8928308c28fffff,San Pablo,city,0668294
8928308c293ffff,Richmond,city,0660620
8928308c297ffff,Richmond,city,0660620
8928308c29bffff,San Pablo,city,0668294
8928308c2a3ffff,San Pablo,city,0668294
8928308c2a7ffff,San Pablo,city,0668294
8928308c2abffff,San Pablo,city,0668294
8928308c2afffff,San Pablo,city,0668294
8928308c2b3ffff,San Pablo,city,0668294
8928308c2b7ffff,Richmond,city,0660620
8928308c2bbffff,San Pablo,city,0668294
8928308c2c3ffff,Richmond,city,0660620
8928308c2c7ffff,San Pablo,city,0668294
8928308c2cbffff,El Sobrante,cdp,0622454
8928308c2cfffff,El Sobrante,cdp,0622454
8928308c2d3ffff,San Pablo,city,0668294
8928308c2d7ffff,San Pablo,city,0668294
8928308c2dbffff,Richmond,city,0660620
8928308c303ffff,San Pablo,city,0668294
8928308c307ffff,North Richmond,cdp,0652162
8928308c30bffff,San Pablo,city,0668294
8928308c30fffff,Richmond,city,0660620
8928308c313ffff,San Pablo,city,0668294
8928308c317ffff,North Richmond,cdp,0652162
8928308c31bffff,San Pablo,city,0668294
8928308c323ffff,Richmond,city,0660620
8928308c327ffff,Richmond,city,0660620
8928308c32bffff,Richmond,city,0660620
8928308c32fffff,Richmond,city,0660620
8928308c333ffff,Richmond,city,0660620
8928308c337ffff,Richmond,city,0660620
8928308c33bffff,North Richmond,cdp,0652162
8928308c343ffff,San Pablo,city,0668294
8928308c347ffff,San Pablo,city,0668294
8928308c34bffff,San Pablo,city,0668294
8928308c34fffff,San Pablo,city,0668294
8928308c353ffff,San Pablo,city,0668294
8928308c357ffff,San Pablo,city,0668294
8928308c35bffff,San Pablo,city,0668294
8928308c363ffff,San Pablo,city,0668294
8928308c367ffff,Richmond,city,0660620
8928308c36bffff,San Pablo,city,0668294
8928308c36fffff,Richmond,city,0660620
8928308c373ffff,San Pablo,city,0668294
8928308c377ffff,Richmond,city,0660620
8928308c37bffff,San Pablo,city,0668294
8928308c383ffff,North Richmond,cdp,0652162
8928308c387ffff,North Richmond,cdp,0652162
8928308c38bffff,San Pablo,city,0668294
8928308c38fffff,North Richmond,cdp,0652162
8928308c393ffff,Richmond,city,0660620
8928308c397ffff,North Richmond,cdp,0652162
8928308c39bffff,San Pablo,city,0668294
8928308c3a3ffff,North Richmond,cdp,0652162
8928308c3a7ffff,North Richmond,cdp,0652162
8928308c3abffff,North Richmond,cdp,0652162
8928308c3afffff,North Richmond,cdp,0652162
8928308c3b3ffff,North Richmond,cdp,0652162
8928308c3b7ffff,North Richmond,cdp,0652162
8928308c3bbffff,North Richmond,cdp,0652162
8928308c3c3ffff,San Pablo,city,0668294
8928308c3c7ffff,San Pablo,city,0668294
8928308c3cbffff,San Pablo,city,0668294
8928308c3cfffff,San Pablo,city,0668294
8928308c3d3ffff,San Pablo,city,0668294
8928308c3d7ffff,San Pablo,city,0668294
8928308c3dbffff,San Pablo,city,0668294
8928308c403ffff,Richmond,city,0660620
8928308c407ffff,Richmond,city,0660620
8928308c40bffff,Richmond,city,0660620
8928308c40fffff,Richmond,city,0660620
8928308c413ffff,Richmond,city,0660620
8928308c417ffff,Richmond,city,0660620
8928308c41bffff,Richmond,city,0660620
8928308c423ffff,Richmond,city,0660620
8928308c427ffff,Richmond,city,0660620
8928308c42bffff,Richmond,city,0660620
8928308c42fffff,Richmond,city,0660620
8928308c433ffff,Richmond,city,0660620
8928308c437ffff,Richmond,city,0660620
8928308c43bffff,Richmond,city,0660620
8928308c443ffff,Richmond,city,0660620
8928308c447ffff,Richmond,city,0660620
8928308c44bffff,Richmond,city,0660620
8928308c44fffff,Richmond,city,0660620
8928308c453ffff,Richmond,city,0660620
8928308c457ffff,Richmond,city,0660620
8928308c45bffff,Richmond,city,0660620
8928308c463ffff,Richmond,city,0660620
8928308c467ffff,Richmond,city,0660620
8928308c46bffff,Richmond,city,0660620
8928308c46fffff,Richmond,city,0660620
8928308c473ffff,Richmond,city,0660620
8928308c477ffff,Richmond,city,0660620
8928308c47bffff,Richmond,city,0660620
8928308c483ffff,Richmond,city,0660620
8928308c487ffff,Richmond,city,0660620
8928308c48bffff,Richmond,city,0660620
8928308c48fffff,Richmond,city,0660620
8928308c493ffff,Richmond,city,0660620
8928308c497ffff,Richmond,city,0660620
8928308c49bffff,Richmond,city,0660620
8928308c4a3ffff,Richmond,city,0660620
8928308c4a7ffff,Richmond,city,0660620
8928308c4abffff,Richmond,city,0660620
8928308c4afffff,Richmond,city,0660620
8928308c4b3ffff,Richmond,city,0660620
8928308c4b7ffff,Richmond,city,0660620
8928308c4bbffff,Richmond,city,0660620
8928308c4c3ffff,Richmond,city,0660620
8928308c4c7ffff,Richmond,city,0660620
8928308c4cbffff,Richmond,city,0660620
8928308c4cfffff,Richmond,city,0660620
8928308c4d3ffff,Richmond,city,0660620
8928308c4d7ffff,Richmond,city,0660620
8928308c4dbffff,Richmond,city,0660620
8928308c503ffff,Richmond,city,0660620
8928308c507ffff,Richmond,city,0660620
8928308c50bffff,Richmond,city,0660620
8928308c50fffff,Richmond,city,0660620
8928308c513ffff,Richmond,city,0660620
8928308c517ffff,Richmond,city,0660620
8928308c51bffff,Richmond,city,0660620
8928308c523ffff,Richmond,city,0660620
8928308c527ffff,Richmond,city,0660620
8928308c52bffff,Richmond,city,0660620
8928308c52fffff,Richmond,city,0660620
8928308c533ffff,Richmond,city,0660620
8928308c537ffff,Richmond,city,0660620
8928308c53bffff,Richmond,city,0660620
8928308c543ffff,Richmond,city,0660620
8928308c547ffff,Richmond,city,0660620
8928308c54bffff,Richmond,city,0660620
8928308c54fffff,Richmond,city,0660620
8928308c553ffff,Richmond,city,0660620
8928308c557ffff,Richmond,city,0660620
8928308c55bffff,Richmond,city,0660620
8928308c563ffff,Richmond,city,0660620
8928308c567ffff,Richmond,city,0660620
8928308c56bffff,Richmond,city,0660620
8928308c56fffff,Richmond,city,0660620
8928308c573ffff,Richmond,city,0660620
8928308c577ffff,Richmond,city,0660620
8928308c57bffff,Richmond,city,0660620
8928308c583ffff,Richmond,city,0660620
8928308c587ffff,Richmond,city,0660620
8928308c58bffff,Richmond,city,0660620
8928308c58fffff,Richmond,city,0660620
8928308c593ffff,Richmond,city,0660620
8928308c597ffff,Richmond,city,0660620
8928308c59bffff,Richmond,city,0660620
8928308c5a3ffff,Richmond,city,0660620
8928308c5a7ffff,Richmond,city,0660620
8928308c5abffff,Richmond,city,0660620
8928308c5afffff,Richmond,city,0660620
8928308c5b3ffff,Richmond,city,0660620
8928308c5b7ffff,Richmond,city,0660620
8928308c5bbffff,Richmond,city,0660620
8928308c5c3ffff,Richmond,city,0660620
8928308c5c7ffff,Richmond,city,0660620
8928308c5cbffff,Richmond,city,0660620
8928308c5cfffff,Richmond,city,0660620
8928308c5d3ffff,Richmond,city,0660620
8928308c5d7ffff,Richmond,city,0660620
8928308c5dbffff,Richmond,city,0660620
8928308c603ffff,Richmond,city,0660620
8928308c607ffff,Richmond,city,0660620
8928308c60bffff,Richmond,city,0660620
8928308c60fffff,Richmond,city,0660620
8928308c613ffff,Richmond,city,0660620
8928308c617ffff,Richmond,city,0660620
8928308c61bffff,Richmond,city,0660620
8928308c623ffff,Richmond,city,0660620
8928308c627ffff,Richmond,city,0660620
8928308c62bffff,Richmond,city,0660620
8928308c62fffff,Richmond,city,0660620
8928308c633ffff,Richmond,city,0660620
8928308c637ffff,Richmond,city,0660620
8928308c63bffff,Richmond,city,0660620
8928308c643ffff,Richmond,city,0660620
8928308c647ffff,Richmond,city,0660620
8928308c64bffff,East Richmond Heights,cdp,0621061
8928308c64fffff,Richmond,city,0660620
8928308c653ffff,El Cerrito,city,0621796
8928308c657ffff,Richmond,city,0660620
8928308c65bffff,El Cerrito,city,0621796
8928308c663ffff,Richmond,city,0660620
8928308c667ffff,Richmond,city,0660620
8928308c66bffff,Richmond,city,0660620
8928308c66fffff,Richmond,city,0660620
8928308c673ffff,Richmond,city,0660620
8928308c677ffff,Richmond,city,0660620
8928308c67bffff,Richmond,city,0660620
8928308c683ffff,Richmond,city,0660620
8928308c687ffff,Richmond,city,0660620
8928308c68bffff,Richmond,city,0660620
8928308c68fffff,Richmond,city,0660620
8928308c693ffff,Richmond,city,0660620
8928308c697ffff,Richmond,city,0660620
8928308c69bffff,Richmond,city,0660620
8928308c6a3ffff,Richmond,city,0660620
8928308c6a7ffff,Richmond,city,0660620
8928308c6abffff,Richmond,city,0660620
8928308c6afffff,Richmond,city,0660620
8928308c6b3ffff,Richmond,city,0660620
8928308c6b7ffff,Richmond,city,0660620
8928308c6bbffff,Richmond,city,0660620
8928308c6c3ffff,Richmond,city,0660620
8928308c6c7ffff,Richmond,city,0660620
8928308c6cbffff,El Cerrito,city,0621796
8928308c6cfffff,Richmond,city,0660620
8928308c6d3ffff,Richmond,city,0660620
8928308c6d7ffff,Richmond,city,0660620
8928308c6dbffff,El Cerrito,city,0621796
8928308c803ffff,Richmond,city,0660620
8928308c807ffff,Richmond,city,0660620
8928308c80bffff,Richmond,city,0660620
8928308c80fffff,Richmond,city,0660620
8928308c813ffff,Richmond,city,0660620
8928308c817ffff,Richmond,city,0660620
8928308c81bffff,Richmond,city,0660620
8928308c823ffff,Richmond,city,0660620
8928308c827ffff,Richmond,city,0660620
8928308c82bffff,Richmond,city,0660620
8928308c82fffff,Richmond,city,0660620
8928308c833ffff,Richmond,city,0660620
8928308c837ffff,Richmond,city,0660620
8928308c83bffff,Richmond,city,0660620
8928308c843ffff,Richmond,city,0660620
8928308c847ffff,Richmond,city,0660620
8928308c84bffff,Richmond,city,0660620
8928308c84fffff,Richmond,city,0660620
8928308c853ffff,Richmond,city,0660620
8928308c857ffff,Richmond,city,0660620
8928308c85bffff,Richmond,city,0660620
8928308c863ffff,Richmond,city,0660620
8928308c867ffff,Richmond,city,0660620
8928308c86bffff,Richmond,city,0660620
8928308c86fffff,Richmond,city,0660620
8928308c873ffff,Richmond,city,0660620
8928308c877ffff,Richmond,city,0660620
8928308c87bffff,Richmond,city,0660620
8928308c883ffff,Richmond,city,0660620
8928308c887ffff,Richmond,city,0660620
8928308c88bffff,Richmond,city,0660620
8928308c88fffff,Richmond,city,0660620
8928308c893ffff,Richmond,city,0660620
8928308c897ffff,Richmond,city,0660620
8928308c89bffff,Richmond,city,0660620
8928308c8a3ffff,Richmond,city,0660620
8928308c8a7ffff,Richmond,city,0660620
8928308c8abffff,Richmond,city,0660620
8928308c8afffff,Richmond,city,0660620
8928308c8b3ffff,Richmond,city,0660620
8928308c8b7ffff,Richmond,city,0660620
8928308c8bbffff,Richmond,city,0660620
8928308c8c3ffff,Richmond,city,0660620
8928308c8c7ffff,Richmond,city,0660620
8928308c8cbffff,Richmond,city,0660620
8928308c8cfffff,Richmond,city,0660620
8928308c8d3ffff,Richmond,city,0660620
8928308c8d7ffff,Richmond,city,0660620
8928308c8dbffff,Richmond,city,0660620
8928308c94bffff,Richmond,city,0660620
8928308c953ffff,Richmond,city,0660620
8928308c95bffff,Richmond,city,0660620
8928308c9c3ffff,Richmond,city,0660620
8928308c9cbffff,Richmond,city,0660620
8928308c9d3ffff,Richmond,city,0660620
8928308c9d7ffff,Richmond,city,0660620
8928308c9dbffff,Richmond,city,0660620
8928308ca03ffff,Richmond,city,0660620
8928308ca07ffff,Richmond,city,0660620
8928308ca0bffff,Richmond,city,0660620
8928308ca0fffff,Richmond,city,0660620
8928308ca13ffff,Richmond,city,0660620
8928308ca17ffff,Richmond,city,0660620
8928308ca1bffff,Richmond,city,0660620
8928308ca23ffff,Richmond,city,0660620
8928308ca27ffff,Richmond,city,0660620
8928308ca2bffff,Richmond,city,0660620
8928308ca2fffff,Richmond,city,0660620
8928308ca33ffff,Richmond,city,0660620
8928308ca37ffff,Richmond,city,0660620
8928308ca3bffff,Richmond,city,0660620
8928308ca43ffff,Richmond,city,0660620
8928308ca47ffff,Richmond,city,0660620
8928308ca4bffff,Richmond,city,0660620
8928308ca4fffff,Richmond,city,0660620
8928308ca53ffff,Richmond,city,0660620
8928308ca57ffff,Richmond,city,0660620
8928308ca5bffff,Richmond,city,0660620
8928308ca63ffff,Richmond,city,0660620
8928308ca67ffff,Richmond,city,0660620
8928308ca6bffff,Richmond,city,0660620
8928308ca6fffff,Richmond,city,0660620
8928308ca73ffff,Richmond,city,0660620
8928308ca77ffff,Richmond,city,0660620
8928308ca7bffff,Richmond,city,0660620
8928308ca83ffff,Richmond,city,0660620
8928308ca87ffff,Richmond,city,0660620
8928308ca8bffff,Richmond,city,0660620
8928308ca8fffff,Richmond,city,0660620
8928308ca93ffff,Richmond,city,0660620
8928308ca97ffff,Richmond,city,0660620
8928308ca9bffff,Richmond,city,0660620
8928308caa3ffff,Richmond,city,0660620
8928308caa7ffff,Richmond,city,0660620
8928308caabffff,Richmond,city,0660620
8928308caafffff,Richmond,city,0660620
8928308cab3ffff,Richmond,city,0660620
8928308cab7ffff,Richmond,city,0660620
8928308cabbffff,Richmond,city,0660620
8928308cac3ffff,Richmond,city,0660620
8928308cac7ffff,Richmond,city,0660620
8928308cacbffff,Richmond,city,0660620
8928308cacfffff,Richmond,city,0660620
8928308cad3ffff,Richmond,city,0660620
8928308cad7ffff,Richmond,city,0660620
8928308cadbffff,Richmond,city,0660620
8928308cb03ffff,Richmond,city,0660620
8928308cb0bffff,Richmond,city,0660620
8928308cb13ffff,Richmond,city,0660620
8928308cb17ffff,Richmond,city,0660620
8928308cb1bffff,Richmond,city,0660620
8928308cb43ffff,Richmond,city,0660620
8928308cb47ffff,Richmond,city,0660620
8928308cb4bffff,Richmond,city,0660620
8928308cb4fffff,Richmond,city,0660620
8928308cb53ffff,Richmond,city,0660620
8928308cb57ffff,Richmond,city,0660620
8928308cb5bffff,Richmond,city,0660620
8928308cb73ffff,Richmond,city,0660620
8928308cb7bffff,Richmond,city,0660620
8928308cb83ffff,Richmond,city,0660620
8928308cb87ffff,Richmond,city,0660620
8928308cb8bffff,Richmond,city,0660620
8928308cb8fffff,Richmond,city,0660620
8928308cb93ffff,Richmond,city,0660620
8928308cb97ffff,Richmond,city,0660620
8928308cb9bffff,Richmond,city,0660620
8928308cbc3ffff,Richmond,city,0660620
8928308cbc7ffff,Richmond,city,0660620
8928308cbcbffff,Richmond,city,0660620
8928308cbcfffff,Richmond,city,0660620
8928308cbd3ffff,Richmond,city,0660620
8928308cbd7ffff,Richmond,city,0660620
8928308cbdbffff,Richmond,city,0660620
8928308cc03ffff,Richmond,city,0660620
8928308cc07ffff,Richmond,city,0660620
8928308cc0bffff,Richmond,city,0660620
8928308cc0fffff,Richmond,city,0660620
8928308cc13ffff,Richmond,city,0660620
8928308cc17ffff,Richmond,city,0660620
8928308cc1bffff,Richmond,city,0660620
8928308cc23ffff,Richmond,city,0660620
8928308cc27ffff,Richmond,city,0660620
8928308cc2bffff,Richmond,city,0660620
8928308cc2fffff,Richmond,city,0660620
8928308cc33ffff,Richmond,city,0660620
8928308cc37ffff,Richmond,city,0660620
8928308cc3bffff,Richmond,city,0660620
8928308cc43ffff,Richmond,city,0660620
8928308cc47ffff,North Richmond,cdp,0652162
8928308cc4bffff,North Richmond,cdp,0652162
8928308cc4fffff,North Richmond,cdp,0652162
8928308cc53ffff,Richmond,city,0660620
8928308cc57ffff,Richmond,city,0660620
8928308cc5bffff,Richmond,city,0660620
8928308cc63ffff,Richmond,city,0660620
8928308cc67ffff,Richmond,city,0660620
8928308cc6bffff,Richmond,city,0660620
8928308cc6fffff,Richmond,city,0660620
8928308cc73ffff,North Richmond,cdp,0652162
8928308cc77ffff,Richmond,city,0660620
8928308cc7bffff,Richmond,city,0660620
8928308cc83ffff,Richmond,city,0660620
8928308cc87ffff,Richmond,city,0660620
8928308cc8bffff,Richmond,city,0660620
8928308cc8fffff,Richmond,city,0660620
8928308cc93ffff,Richmond,city,0660620
8928308cc97ffff,Richmond,city,0660620
8928308cc9bffff,Richmond,city,0660620
8928308cca3ffff,Richmond,city,0660620
8928308cca7ffff,Richmond,city,0660620
8928308ccabffff,Richmond,city,0660620
8928308ccafffff,Richmond,city,0660620
8928308ccb3ffff,Richmond,city,0660620
8928308ccb7ffff,Richmond,city,0660620
8928308ccbbffff,Richmond,city,0660620
8928308ccc3ffff,Richmond,city,0660620
8928308ccc7ffff,Richmond,city,0660620
8928308cccbffff,Richmond,city,0660620
8928308cccfffff,Richmond,city,0660620
8928308ccd3ffff,Richmond,city,0660620
8928308ccd7ffff,Richmond,city,0660620
8928308ccdbffff,Richmond,city,0660620
8928308cd03ffff,Richmond,city,0660620
8928308cd07ffff,Richmond,city,0660620
8928308cd0bffff,Richmond,city,0660620
8928308cd0fffff,Richmond,city,0660620
8928308cd13ffff,Richmond,city,0660620
8928308cd17ffff,Richmond,city,0660620
8928308cd1bffff,Richmond,city,0660620
8928308cd2bffff,Richmond,city,0660620
8928308cd33ffff,Richmond,city,0660620
8928308cd3bffff,Richmond,city,0660620
8928308cd43ffff,Richmond,city,0660620
8928308cd47ffff,Richmond,city,0660620
8928308cd4bffff,Richmond,city,0660620
8928308cd4fffff,Richmond,city,0660620
8928308cd53ffff,Richmond,city,0660620
8928308cd57ffff,Richmond,city,0660620
8928308cd5bffff,Richmond,city,0660620
8928308cd63ffff,Richmond,city,0660620
8928308cd67ffff,Richmond,city,0660620
8928308cd6bffff,Richmond,city,0660620
8928308cd6fffff,Richmond,city,0660620
8928308cd73ffff,Richmond,city,0660620
8928308cd77ffff,Richmond,city,0660620
8928308cd7bffff,Richmond,city,0660620
8928308cd83ffff,Richmond,city,0660620
8928308cd87ffff,Richmond,city,0660620
8928308cd8bffff,Richmond,city,0660620
8928308cd8fffff,Richmond,city,0660620
8928308cd93ffff,Richmond,city,0660620
8928308cd97ffff,Richmond,city,0660620
8928308cd9bffff,Richmond,city,0660620
8928308cda3ffff,Richmond,city,0660620
8928308cdabffff,Richmond,city,0660620
8928308cdafffff,Richmond,city,0660620
8928308cdb3ffff,Richmond,city,0660620
8928308cdbbffff,Richmond,city,0660620
8928308cdc3ffff,Richmond,city,0660620
8928308cdc7ffff,Richmond,city,0660620
8928308cdcbffff,Richmond,city,0660620
8928308cdcfffff,Richmond,city,0660620
8928308cdd3ffff,Richmond,city,0660620
8928308cdd7ffff,Richmond,city,0660620
8928308cddbffff,Richmond,city,0660620
8928308ce03ffff,Richmond,city,0660620
8928308ce07ffff,Richmond,city,0660620
8928308ce0bffff,Richmond,city,0660620
8928308ce0fffff,Richmond,city,0660620
8928308ce13ffff,Richmond,city,0660620
8928308ce17ffff,Richmond,city,0660620
8928308ce1bffff,Richmond,city,0660620
8928308ce23ffff,Richmond,city,0660620
8928308ce27ffff,Richmond,city,0660620
8928308ce2bffff,Richmond,city,0660620
8928308ce2fffff,Richmond,city,0660620
8928308ce33ffff,Richmond,city,0660620
8928308ce37ffff,Richmond,city,0660620
8928308ce3bffff,Richmond,city,0660620
8928308ce43ffff,Richmond,city,0660620
8928308ce47ffff,Richmond,city,0660620
8928308ce4bffff,Richmond,city,0660620
8928308ce4fffff,Richmond,city,0660620
8928308ce53ffff,Richmond,city,0660620
8928308ce57ffff,Richmond,city,0660620
8928308ce5bffff,Richmond,city,0660620
8928308ce63ffff,Richmond,city,0660620
8928308ce67ffff,Richmond,city,0660620
8928308ce6bffff,Richmond,city,0660620
8928308ce6fffff,Richmond,city,0660620
8928308ce73ffff,Richmond,city,0660620
8928308ce77ffff,Richmond,city,0660620
8928308ce7bffff,Richmond,city,0660620
8928308ce83ffff,North Richmond,cdp,0652162
8928308ce87ffff,North Richmond,cdp,0652162
8928308ce8bffff,Richmond,city,0660620
8928308ce8fffff,Richmond,city,0660620
8928308ce93ffff,Richmond,city,0660620
8928308ce97ffff,North Richmond,cdp,0652162
8928308ce9bffff,North Richmond,cdp,0652162
8928308cea3ffff,Richmond,city,0660620
8928308cea7ffff,Richmond,city,0660620
8928308ceabffff,Richmond,city,0660620
8928308ceafffff,Richmond,city,0660620
8928308ceb3ffff,Richmond,city,0660620
8928308ceb7ffff,Richmond,city,0660620
8928308cebbffff,Richmond,city,0660620
8928308cec3ffff,Richmond,city,0660620
8928308cec7ffff,Richmond,city,0660620
8928308cecbffff,Richmond,city,0660620
8928308cecfffff,Richmond,city,0660620
8928308ced3ffff,North Richmond,cdp,0652162
8928308ced7ffff,North Richmond,cdp,0652162
8928308cedbffff,North Richmond,cdp,0652162
8928308d003ffff,El Sobrante,cdp,0622454
8928308d007ffff,El Sobrante,cdp,0622454
8928308d00bffff,El Sobrante,cdp,0622454
8928308d00fffff,El Sobrante,cdp,0622454
8928308d013ffff,El Sobrante,cdp,0622454
8928308d017ffff,El Sobrante,cdp,0622454
8928308d01bffff,Richmond,city,0660620
8928308d023ffff,Richmond,city,0660620
8928308d027ffff,Richmond,city,0660620
8928308d02bffff,Richmond,city,0660620
8928308d02fffff,Richmond,city,0660620
8928308d033ffff,Richmond,city,0660620
8928308d037ffff,Richmond,city,0660620
8928308d03bffff,Richmond,city,0660620
8928308d043ffff,Richmond,city,0660620
8928308d047ffff,El Sobrante,cdp,0622454
8928308d04bffff,Richmond,city,0660620
8928308d04fffff,Richmond,city,0660620
8928308d053ffff,Richmond,city,0660620
8928308d057ffff,Richmond,city,0660620
8928308d05bffff,Richmond,city,0660620
8928308d063ffff,Richmond,city,0660620
8928308d067ffff,Richmond,city,0660620
8928308d06bffff,Richmond,city,0660620
8928308d06fffff,Richmond,city,0660620
8928308d073ffff,Richmond,city,0660620
8928308d077ffff,Richmond,city,0660620
8928308d07bffff,Richmond,city,0660620
8928308d083ffff,Richmond,city,0660620
8928308d087ffff,Richmond,city,0660620
8928308d08bffff,El Sobrante,cdp,0622454
8928308d08fffff,Richmond,city,0660620
8928308d093ffff,Richmond,city,0660620
8928308d097ffff,Richmond,city,0660620
8928308d09bffff,Richmond,city,0660620
8928308d0a3ffff,Richmond,city,0660620
8928308d0a7ffff,Richmond,city,0660620
8928308d0abffff,El Sobrante,cdp,0622454
8928308d0afffff,El Sobrante,cdp,0622454
8928308d0b3ffff,Richmond,city,0660620
8928308d0b7ffff,Richmond,city,0660620
8928308d0bbffff,Richmond,city,0660620
8928308d0c3ffff,El Sobrante,cdp,0622454
8928308d0c7ffff,El Sobrante,cdp,0622454
8928308d0cbffff,Richmond,city,0660620
8928308d0cfffff,Richmond,city,0660620
8928308d0d3ffff,El Sobrante,cdp,0622454
8928308d0d7ffff,El Sobrante,cdp,0622454
8928308d0dbffff,El Sobrante,cdp,0622454
8928308d103ffff,El Sobrante,cdp,0622454
8928308d107ffff,El Sobrante,cdp,0622454
8928308d10bffff,El Sobrante,cdp,0622454
8928308d10fffff,El Sobrante,cdp,0622454
8928308d113ffff,El Sobrante,cdp,0622454
8928308d117ffff,El Sobrante,cdp,0622454
8928308d11bffff,El Sobrante,cdp,0622454
8928308d123ffff,Richmond,city,0660620
8928308d127ffff,Richmond,city,0660620
8928308d12bffff,Richmond,city,0660620
8928308d12fffff,Richmond,city,0660620
8928308d133ffff,Richmond,city,0660620
8928308d137ffff,Richmond,city,0660620
8928308d13bffff,Richmond,city,0660620
8928308d143ffff,Richmond,city,0660620
8928308d147ffff,El Sobrante,cdp,0622454
8928308d14bffff,El Sobrante,cdp,0622454
8928308d14fffff,El Sobrante,cdp,0622454
8928308d153ffff,Richmond,city,0660620
8928308d157ffff,El Sobrante,cdp,0622454
8928308d15bffff,Richmond,city,0660620
8928308d163ffff,El Sobrante,cdp,0622454
8928308d167ffff,El Sobrante,cdp,0622454
8928308d16bffff,El Sobrante,cdp,0622454
8928308d16fffff,El Sobrante,cdp,0622454
8928308d173ffff,El Sobrante,cdp,0622454
8928308d177ffff,El Sobrante,cdp,0622454
8928308d17bffff,El Sobrante,cdp,0622454
8928308d183ffff,El Sobrante,cdp,0622454
8928308d187ffff,El Sobrante,cdp,0622454
8928308d18bffff,El Sobrante,cdp,0622454
8928308d18fffff,El Sobrante,cdp,0622454
8928308d193ffff,El Sobrante,cdp,0622454
8928308d197ffff,El Sobrante,cdp,0622454
8928308d19bffff,Richmond,city,0660620
8928308d1a3ffff,Richmond,city,0660620
8928308d1a7ffff,Richmond,city,0660620
8928308d1abffff,Richmond,city,0660620
8928308d1afffff,Richmond,city,0660620
8928308d1b3ffff,Richmond,city,0660620
8928308d1b7ffff,Richmond,city,0660620
8928308d1bbffff,Richmond,city,0660620
8928308d1c3ffff,El Sobrante,cdp,0622454
8928308d1c7ffff,El Sobrante,cdp,0622454
8928308d1cbffff,Richmond,city,0660620
8928308d1cfffff,Richmond,city,0660620
8928308d1d3ffff,El Sobrante,cdp,0622454
8928308d1d7ffff,El Sobrante,cdp,0622454
8928308d1dbffff,El Sobrante,cdp,0622454
8928308d203ffff,Pinole,city,0657288
8928308d207ffff,Pinole,city,0657288
8928308d20bffff,Pinole,city,0657288
8928308d20fffff,Pinole,city,0657288
8928308d213ffff,Pinole,city,0657288
8928308d217ffff,Pinole,city,0657288
8928308d21bffff,Pinole,city,0657288
8928308d223ffff,Pinole,city,0657288
8928308d227ffff,Pinole,city,0657288
8928308d22bffff,Pinole,city,0657288
8928308d22fffff,Pinole,city,0657288
8928308d233ffff,Pinole,city,0657288
8928308d237ffff,Pinole,city,0657288
8928308d23bffff,Pinole,city,0657288
8928308d24bffff,Pinole,city,0657288
8928308d24fffff,Pinole,city,0657288
8928308d263ffff,Pinole,city,0657288
8928308d267ffff,Pinole,city,0657288
8928308d26bffff,Pinole,city,0657288
8928308d26fffff,Pinole,city,0657288
8928308d273ffff,Pinole,city,0657288
8928308d277ffff,Pinole,city,0657288
8928308d27bffff,Pinole,city,0657288
8928308d283ffff,Richmond,city,0660620
8928308d287ffff,Richmond,city,0660620
8928308d28bffff,Richmond,city,0660620
8928308d28fffff,Richmond,city,0660620
8928308d293ffff,Richmond,city,0660620
8928308d297ffff,Richmond,city,0660620
8928308d29bffff,Richmond,city,0660620
8928308d2a3ffff,Richmond,city,0660620
8928308d2a7ffff,Richmond,city,0660620
8928308d2abffff,Pinole,city,0657288
8928308d2afffff,Pinole,city,0657288
8928308d2b3ffff,Richmond,city,0660620
8928308d2b7ffff,Richmond,city,0660620
8928308d2bbffff,Richmond,city,0660620
8928308d2d3ffff,Richmond,city,0660620
8928308d2d7ffff,Richmond,city,0660620
8928308d303ffff,Pinole,city,0657288
8928308d307ffff,Pinole,city,0657288
8928308d30bffff,Pinole,city,0657288
8928308d30fffff,Pinole,city,0657288
8928308d313ffff,El Sobrante,cdp,0622454
8928308d317ffff,Pinole,city,0657288
8928308d31bffff,Pinole,city,0657288
8928308d323ffff,Pinole,city,0657288
8928308d327ffff,Pinole,city,0657288
8928308d32bffff,Pinole,city,0657288
8928308d32fffff,Pinole,city,0657288
8928308d333ffff,Pinole,city,0657288
8928308d337ffff,Pinole,city,0657288
8928308d33bffff,Pinole,city,0657288
8928308d343ffff,Pinole,city,0657288
8928308d347ffff,Pinole,city,0657288
8928308d34bffff,Pinole,city,0657288
8928308d34fffff,Pinole,city,0657288
8928308d353ffff,Pinole,city,0657288
8928308d357ffff,Pinole,city,0657288
8928308d35bffff,Pinole,city,0657288
8928308d363ffff,Pinole,city,0657288
8928308d367ffff,Pinole,city,0657288
8928308d36bffff,Pinole,city,0657288
8928308d36fffff,Pinole,city,0657288
8928308d373ffff,Pinole,city,0657288
8928308d377ffff,Pinole,city,0657288
8928308d37bffff,Pinole,city,0657288
8928308d383ffff,Richmond,city,0660620
8928308d387ffff,El Sobrante,cdp,0622454
8928308d38bffff,El Sobrante,cdp,0622454
8928308d38fffff,El Sobrante,cdp,0622454
8928308d393ffff,Richmond,city,0660620
8928308d397ffff,Richmond,city,0660620
8928308d39bffff,Richmond,city,0660620
8928308d3a3ffff,El Sobrante,cdp,0622454
8928308d3a7ffff,El Sobrante,cdp,0622454
8928308d3abffff,El Sobrante,cdp,0622454
8928308d3afffff,El Sobrante,cdp,0622454
8928308d3b3ffff,El Sobrante,cdp,0622454
8928308d3b7ffff,El Sobrante,cdp,0622454
8928308d3bbffff,El Sobrante,cdp,0622454
8928308d3c3ffff,Pinole,city,0657288
8928308d3c7ffff,El Sobrante,cdp,0622454
8928308d3cbffff,Pinole,city,0657288
8928308d3cfffff,Pinole,city,0657288
8928308d3d3ffff,Richmond,city,0660620
8928308d3d7ffff,El Sobrante,cdp,0622454
8928308d3dbffff,Pinole,city,0657288
8928308d403ffff,Richmond,city,0660620
8928308d407ffff,Richmond,city,0660620
8928308d40bffff,Richmond,city,0660620
8928308d40fffff,Richmond,city,0660620
8928308d413ffff,Richmond,city,0660620
8928308d417ffff,Richmond,city,0660620
8928308d41bffff,Richmond,city,0660620
8928308d423ffff,Richmond,city,0660620
8928308d427ffff,Richmond,city,0660620
8928308d42bffff,Richmond,city,0660620
8928308d42fffff,Richmond,city,0660620
8928308d433ffff,Richmond,city,0660620
8928308d437ffff,Richmond,city,0660620
8928308d43bffff,Richmond,city,0660620
8928308d443ffff,Richmond,city,0660620
8928308d447ffff,Richmond,city,0660620
8928308d44bffff,Richmond,city,0660620
8928308d44fffff,Richmond,city,0660620
8928308d453ffff,Richmond,city,0660620
8928308d457ffff,Richmond,city,0660620
8928308d45bffff,Richmond,city,0660620
8928308d463ffff,Richmond,city,0660620
8928308d467ffff,Richmond,city,0660620
8928308d46bffff,Richmond,city,0660620
8928308d46fffff,Richmond,city,0660620
8928308d473ffff,Richmond,city,0660620
8928308d477ffff,Richmond,city,0660620
8928308d47bffff,Richmond,city,0660620
8928308d483ffff,Richmond,city,0660620
8928308d487ffff,Richmond,city,0660620
8928308d48bffff,Richmond,city,0660620
8928308d48fffff,Richmond,city,0660620
8928308d493ffff,Richmond,city,0660620
8928308d497ffff,Richmond,city,0660620
8928308d49bffff,Richmond,city,0660620
8928308d4a3ffff,Richmond,city,0660620
8928308d4a7ffff,Richmond,city,0660620
8928308d4abffff,Richmond,city,0660620
8928308d4afffff,Richmond,city,0660620
8928308d4b3ffff,Richmond,city,0660620
8928308d4b7ffff,Richmond,city,0660620
8928308d4bbffff,Richmond,city,0660620
8928308d4c3ffff,Richmond,city,0660620
8928308d4c7ffff,Richmond,city,0660620
8928308d4cbffff,Richmond,city,0660620
8928308d4cfffff,Richmond,city,0660620
8928308d4d3ffff,Richmond,city,0660620
8928308d4d7ffff,Richmond,city,0660620
8928308d4dbffff,Richmond,city,0660620
8928308d503ffff,Richmond,city,0660620
8928308d507ffff,East Richmond Heights,cdp,0621061
8928308d50bffff,Richmond,city,0660620
8928308d50fffff,Richmond,city,0660620
8928308d513ffff,Richmond,city,0660620
8928308d517ffff,Richmond,city,0660620
8928308d51bffff,Richmond,city,0660620
8928308d523ffff,Richmond,city,0660620
8928308d527ffff,Richmond,city,0660620
8928308d52bffff,Richmond,city,0660620
8928308d52fffff,Richmond,city,0660620
8928308d533ffff,Richmond,city,0660620
8928308d537ffff,Richmond,city,0660620
8928308d53bffff,Richmond,city,0660620
8928308d543ffff,Richmond,city,0660620
8928308d547ffff,Richmond,city,0660620
8928308d54bffff,Richmond,city,0660620
8928308d54fffff,Richmond,city,0660620
8928308d553ffff,Richmond,city,0660620
8928308d557ffff,Richmond,city,0660620
8928308d55bffff,Richmond,city,0660620
8928308d563ffff,Richmond,city,0660620
8928308d567ffff,Richmond,city,0660620
8928308d56bffff,Richmond,city,0660620
8928308d56fffff,Richmond,city,0660620
8928308d573ffff,Richmond,city,0660620
8928308d577ffff,Richmond,city,0660620
8928308d57bffff,Richmond,city,0660620
8928308d583ffff,East Richmond Heights,cdp,0621061
8928308d587ffff,East Richmond Heights,cdp,0621061
8928308d58bffff,Richmond,city,0660620
8928308d58fffff,Richmond,city,0660620
8928308d593ffff,East Richmond Heights,cdp,0621061
8928308d597ffff,East Richmond Heights,cdp,0621061
8928308d59bffff,East Richmond Heights,cdp,0621061
8928308d5a3ffff,East Richmond Heights,cdp,0621061
8928308d5a7ffff,East Richmond Heights,cdp,0621061
8928308d5abffff,East Richmond Heights,cdp,0621061
8928308d5afffff,East Richmond Heights,cdp,0621061
8928308d5b3ffff,East Richmond Heights,cdp,0621061
8928308d5b7ffff,East Richmond Heights,cdp,0621061
8928308d5bbffff,East Richmond Heights,cdp,0621061
8928308d5c3ffff,Richmond,city,0660620
8928308d5c7ffff,Richmond,city,0660620
8928308d5cbffff,Richmond,city,0660620
8928308d5cfffff,Richmond,city,0660620
8928308d5d3ffff,Richmond,city,0660620
8928308d5d7ffff,Richmond,city,0660620
8928308d5dbffff,Richmond,city,0660620
8928308d607ffff,Richmond,city,0660620
8928308d623ffff,Richmond,city,0660620
8928308d627ffff,Richmond,city,0660620
8928308d62bffff,Richmond,city,0660620
8928308d62fffff,Richmond,city,0660620
8928308d633ffff,Richmond,city,0660620
8928308d637ffff,Richmond,city,0660620
8928308d63bffff,Richmond,city,0660620
8928308d643ffff,Richmond,city,0660620
8928308d647ffff,Richmond,city,0660620
8928308d64bffff,Richmond,city,0660620
8928308d64fffff,Richmond,city,0660620
8928308d657ffff,Richmond,city,0660620
8928308d663ffff,Richmond,city,0660620
8928308d667ffff,Richmond,city,0660620
8928308d66bffff,Richmond,city,0660620
8928308d66fffff,Richmond,city,0660620
8928308d673ffff,Richmond,city,0660620
8928308d67bffff,Richmond,city,0660620
8928308d683ffff,Richmond,city,0660620
8928308d687ffff,Richmond,city,0660620
8928308d697ffff,Richmond,city,0660620
8928308d6a3ffff,El Sobrante,cdp,0622454
8928308d6a7ffff,El Sobrante,cdp,0622454
8928308d6abffff,El Sobrante,cdp,0622454
8928308d6afffff,El Sobrante,cdp,0622454
8928308d6b3ffff,El Sobrante,cdp,0622454
8928308d6b7ffff,Richmond,city,0660620
8928308d6bbffff,El Sobrante,cdp,0622454
8928308d803ffff,Richmond,city,0660620
8928308d807ffff,Richmond,city,0660620
8928308d80bffff,Pinole,city,0657288
8928308d80fffff,Pinole,city,0657288
8928308d813ffff,Richmond,city,0660620
8928308d817ffff,Richmond,city,0660620
8928308d81bffff,Bayview,cdp,0604470
8928308d823ffff,Pinole,city,0657288
8928308d827ffff,Pinole,city,0657288
8928308d82bffff,Pinole,city,0657288
8928308d82fffff,Pinole,city,0657288
8928308d833ffff,Richmond,city,0660620
8928308d837ffff,Richmond,city,0660620
8928308d83bffff,Pinole,city,0657288
8928308d843ffff,Bayview,cdp,0604470
8928308d847ffff,Pinole,city,0657288
8928308d84bffff,Bayview,cdp,0604470
8928308d84fffff,Pinole,city,0657288
8928308d853ffff,Bayview,cdp,0604470
8928308d857ffff,Bayview,cdp,0604470
8928308d85bffff,Bayview,cdp,0604470
8928308d863ffff,Pinole,city,0657288
8928308d867ffff,Pinole,city,0657288
8928308d86bffff,Pinole,city,0657288
8928308d86fffff,Pinole,city,0657288
8928308d873ffff,Pinole,city,0657288
8928308d877ffff,Pinole,city,0657288
8928308d87bffff,Pinole,city,0657288
8928308d883ffff,Montalvin Manor,cdp,0648718
8928308d887ffff,Richmond,city,0660620
8928308d88bffff,Montalvin Manor,cdp,0648718
8928308d88fffff,Richmond,city,0660620
8928308d893ffff,Richmond,city,0660620
8928308d897ffff,Richmond,city,0660620
8928308d89bffff,Montalvin Manor,cdp,0648718
8928308d8a3ffff,Richmond,city,0660620
8928308d8a7ffff,Richmond,city,0660620
8928308d8abffff,Richmond,city,0660620
8928308d8afffff,Richmond,city,0660620
8928308d8b3ffff,Richmond,city,0660620
8928308d8b7ffff,Richmond,city,0660620
8928308d8bbffff,Richmond,city,0660620
8928308d8c3ffff,Montalvin Manor,cdp,0648718
8928308d8c7ffff,Montalvin Manor,cdp,0648718
8928308d8cbffff,Montalvin Manor,cdp,0648718
8928308d8cfffff,Montalvin Manor,cdp,0648718
8928308d8d3ffff,Tara Hills,cdp,0677924
8928308d8d7ffff,Montalvin Manor,cdp,0648718
8928308d8dbffff,Tara Hills,cdp,0677924
8928308d903ffff,Richmond,city,0660620
8928308d907ffff,Richmond,city,0660620
8928308d90bffff,Pinole,city,0657288
8928308d90fffff,Pinole,city,0657288
8928308d913ffff,Richmond,city,0660620
8928308d917ffff,Richmond,city,0660620
8928308d91bffff,Richmond,city,0660620
8928308d923ffff,Pinole,city,0657288
8928308d927ffff,Pinole,city,0657288
8928308d92bffff,Pinole,city,0657288
8928308d92fffff,Pinole,city,0657288
8928308d933ffff,Richmond,city,0660620
8928308d937ffff,Richmond,city,0660620
8928308d93bffff,Pinole,city,0657288
8928308d943ffff,Pinole,city,0657288
8928308d947ffff,Pinole,city,0657288
8928308d94bffff,Pinole,city,0657288
8928308d94fffff,Pinole,city,0657288
8928308d953ffff,Pinole,city,0657288
8928308d957ffff,Pinole,city,0657288
8928308d95bffff,Pinole,city,0657288
8928308d963ffff,Pinole,city,0657288
8928308d967ffff,Pinole,city,0657288
8928308d96bffff,Pinole,city,0657288
8928308d96fffff,Pinole,city,0657288
8928308d973ffff,Pinole,city,0657288
8928308d977ffff,Pinole,city,0657288
8928308d97bffff,Pinole,city,0657288
8928308d983ffff,Richmond,city,0660620
8928308d987ffff,Richmond,city,0660620
8928308d98bffff,Richmond,city,0660620
8928308d98fffff,Richmond,city,0660620
8928308d993ffff,Richmond,city,0660620
8928308d997ffff,Richmond,city,0660620
8928308d99bffff,Richmond,city,0660620
8928308d9a3ffff,Richmond,city,0660620
8928308d9a7ffff,Richmond,city,0660620
8928308d9abffff,Richmond,city,0660620
8928308d9afffff,Richmond,city,0660620
8928308d9b3ffff,Richmond,city,0660620
8928308d9b7ffff,Richmond,city,0660620
8928308d9bbffff,Richmond,city,0660620
8928308d9c3ffff,Richmond,city,0660620
8928308d9c7ffff,Richmond,city,0660620
8928308d9cbffff,Richmond,city,0660620
8928308d9cfffff,Richmond,city,0660620
8928308d9d3ffff,Richmond,city,0660620
8928308d9d7ffff,Richmond,city,0660620
8928308d9dbffff,Richmond,city,0660620
8928308da03ffff,Pinole,city,0657288
8928308da07ffff,Pinole,city,0657288
8928308da0bffff,Pinole,city,0657288
8928308da0fffff,Pinole,city,0657288
8928308da13ffff,Pinole,city,0657288
8928308da17ffff,Pinole,city,0657288
8928308da1bffff,Pinole,city,0657288
8928308da23ffff,Pinole,city,0657288
8928308da27ffff,Pinole,city,0657288
8928308da2bffff,Hercules,city,0633308
8928308da2fffff,Hercules,city,0633308
8928308da33ffff,Pinole,city,0657288
8928308da37ffff,Pinole,city,0657288
8928308da3bffff,Pinole,city,0657288
8928308da43ffff,Hercules,city,0633308
8928308da47ffff,Hercules,city,0633308
8928308da4bffff,Hercules,city,0633308
8928308da4fffff,Hercules,city,0633308
8928308da53ffff,Hercules,city,0633308
8928308da57ffff,Pinole,city,0657288
8928308da5bffff,Hercules,city,0633308
8928308da63ffff,Hercules,city,0633308
8928308da67ffff,Hercules,city,0633308
8928308da6bffff,Hercules,city,0633308
8928308da6fffff,Hercules,city,0633308
8928308da73ffff,Hercules,city,0633308
8928308da77ffff,Hercules,city,0633308
8928308da7bffff,Hercules,city,0633308
8928308da83ffff,Pinole,city,0657288
8928308da87ffff,Bayview,cdp,0604470
8928308da8bffff,Pinole,city,0657288
8928308da8fffff,Pinole,city,0657288
8928308da93ffff,Pinole,city,0657288
8928308da97ffff,Bayview,cdp,0604470
8928308da9bffff,Pinole,city,0657288
8928308daa3ffff,Pinole,city,0657288
8928308daa7ffff,Pinole,city,0657288
8928308daabffff,Pinole,city,0657288
8928308daafffff,Pinole,city,0657288
8928308dab3ffff,Pinole,city,0657288
8928308dab7ffff,Pinole,city,0657288
8928308dabbffff,Pinole,city,0657288
8928308dac3ffff,Pinole,city,0657288
8928308dac7ffff,Pinole,city,0657288
8928308dacbffff,Pinole,city,0657288
8928308dacfffff,Pinole,city,0657288
8928308dad3ffff,Pinole,city,0657288
8928308dad7ffff,Pinole,city,0657288
8928308dadbffff,Pinole,city,0657288
8928308db03ffff,Pinole,city,0657288
8928308db07ffff,Pinole,city,0657288
8928308db0bffff,Pinole,city,0657288
8928308db0fffff,Pinole,city,0657288
8928308db13ffff,Pinole,city,0657288
8928308db17ffff,Pinole,city,0657288
8928308db1bffff,Pinole,city,0657288
8928308db23ffff,Pinole,city,0657288
8928308db27ffff,Pinole,city,0657288
8928308db2bffff,Hercules,city,0633308
8928308db2fffff,Hercules,city,0633308
8928308db33ffff,Pinole,city,0657288
8928308db37ffff,Pinole,city,0657288
8928308db3bffff,Pinole,city,0657288
8928308db43ffff,Hercules,city,0633308
8928308db47ffff,Hercules,city,0633308
8928308db4bffff,Hercules,city,0633308
8928308db4fffff,Hercules,city,0633308
8928308db53ffff,Pinole,city,0657288
8928308db57ffff,Pinole,city,0657288
8928308db5bffff,Hercules,city,0633308
8928308db63ffff,Hercules,city,0633308
8928308db67ffff,Hercules,city,0633308
8928308db6bffff,Hercules,city,0633308
8928308db6fffff,Hercules,city,0633308
8928308db73ffff,Hercules,city,0633308
8928308db77ffff,Hercules,city,0633308
8928308db7bffff,Hercules,city,0633308
8928308db83ffff,Pinole,city,0657288
8928308db87ffff,Pinole,city,0657288
8928308db8bffff,Pinole,city,0657288
8928308db8fffff,Pinole,city,0657288
8928308db93ffff,Pinole,city,0657288
8928308db97ffff,Pinole,city,0657288
8928308db9bffff,Pinole,city,0657288
8928308dba3ffff,Pinole,city,0657288
8928308dba7ffff,Pinole,city,0657288
8928308dbabffff,Pinole,city,0657288
8928308dbafffff,Pinole,city,0657288
8928308dbb3ffff,Pinole,city,0657288
8928308dbb7ffff,Pinole,city,0657288
8928308dbbbffff,Pinole,city,0657288
8928308dbc3ffff,Pinole,city,0657288
8928308dbc7ffff,Pinole,city,0657288
8928308dbcbffff,Pinole,city,0657288
8928308dbcfffff,Pinole,city,0657288
8928308dbd3ffff,Pinole,city,0657288
8928308dbd7ffff,Pinole,city,0657288
8928308dbdbffff,Pinole,city,0657288
8928308dc03ffff,Richmond,city,0660620
8928308dc07ffff,Richmond,city,0660620
8928308dc0bffff,Richmond,city,0660620
8928308dc0fffff,Richmond,city,0660620
8928308dc13ffff,Richmond,city,0660620
8928308dc17ffff,Richmond,city,0660620
8928308dc1bffff,Richmond,city,0660620
8928308dc23ffff,Richmond,city,0660620
8928308dc27ffff,Richmond,city,0660620
8928308dc2bffff,Richmond,city,0660620
8928308dc2fffff,Richmond,city,0660620
8928308dc33ffff,Richmond,city,0660620
8928308dc37ffff,Richmond,city,0660620
8928308dc3bffff,Richmond,city,0660620
8928308dc43ffff,Richmond,city,0660620
8928308dc47ffff,Richmond,city,0660620
8928308dc4bffff,Richmond,city,0660620
8928308dc4fffff,Richmond,city,0660620
8928308dc53ffff,Richmond,city,0660620
8928308dc57ffff,Richmond,city,0660620
8928308dc5bffff,Richmond,city,0660620
8928308dc63ffff,Richmond,city,0660620
8928308dc67ffff,Richmond,city,0660620
8928308dc6bffff,Tara Hills,cdp,0677924
8928308dc6fffff,Tara Hills,cdp,0677924
8928308dc73ffff,Richmond,city,0660620
8928308dc77ffff,Richmond,city,0660620
8928308dc7bffff,Richmond,city,0660620
8928308dc83ffff,Richmond,city,0660620
8928308dc87ffff,Richmond,city,0660620
8928308dc8bffff,Richmond,city,0660620
8928308dc8fffff,Richmond,city,0660620
8928308dc93ffff,Richmond,city,0660620
8928308dc97ffff,Richmond,city,0660620
8928308dc9bffff,Richmond,city,0660620
8928308dca3ffff,San Pablo,city,0668294
8928308dca7ffff,San Pablo,city,0668294
8928308dcabffff,Richmond,city,0660620
8928308dcafffff,Richmond,city,0660620
8928308dcb3ffff,San Pablo,city,0668294
8928308dcb7ffff,San Pablo,city,0668294
8928308dcbbffff,Richmond,city,0660620
8928308dcc3ffff,Richmond,city,0660620
8928308dcc7ffff,Richmond,city,0660620
8928308dccbffff,Richmond,city,0660620
8928308dccfffff,Richmond,city,0660620
8928308dcd3ffff,Richmond,city,0660620
8928308dcd7ffff,Richmond,city,0660620
8928308dcdbffff,Richmond,city,0660620
8928308dd03ffff,Richmond,city,0660620
8928308dd07ffff,Richmond,city,0660620
8928308dd0bffff,Richmond,city,0660620
8928308dd0fffff,Richmond,city,0660620
8928308dd13ffff,Richmond,city,0660620
8928308dd17ffff,Richmond,city,0660620
8928308dd1bffff,Richmond,city,0660620
8928308dd23ffff,Richmond,city,0660620
8928308dd27ffff,Richmond,city,0660620
8928308dd2bffff,Richmond,city,0660620
8928308dd2fffff,Richmond,city,0660620
8928308dd33ffff,Richmond,city,0660620
8928308dd37ffff,Richmond,city,0660620
8928308dd3bffff,Richmond,city,0660620
8928308dd43ffff,Richmond,city,0660620
8928308dd47ffff,Richmond,city,0660620
8928308dd4bffff,Richmond,city,0660620
8928308dd4fffff,Richmond,city,0660620
8928308dd53ffff,Richmond,city,0660620
8928308dd57ffff,Richmond,city,0660620
8928308dd5bffff,Richmond,city,0660620
8928308dd63ffff,Richmond,city,0660620
8928308dd67ffff,Richmond,city,0660620
8928308dd6bffff,Richmond,city,0660620
8928308dd6fffff,Richmond,city,0660620
8928308dd73ffff,Richmond,city,0660620
8928308dd77ffff,Richmond,city,0660620
8928308dd7bffff,Richmond,city,0660620
8928308dd83ffff,Richmond,city,0660620
8928308dd87ffff,Richmond,city,0660620
8928308dd8bffff,Richmond,city,0660620
8928308dd8fffff,Richmond,city,0660620
8928308dd93ffff,Richmond,city,0660620
8928308dd97ffff,Richmond,city,0660620
8928308dd9bffff,Richmond,city,0660620
8928308dda3ffff,Richmond,city,0660620
8928308dda7ffff,Richmond,city,0660620
8928308ddabffff,Richmond,city,0660620
8928308ddafffff,Richmond,city,0660620
8928308ddb3ffff,Richmond,city,0660620
8928308ddb7ffff,Richmond,city,0660620
8928308ddbbffff,Richmond,city,0660620
8928308ddc3ffff,Richmond,city,0660620
8928308ddc7ffff,Richmond,city,0660620
8928308ddcbffff,Richmond,city,0660620
8928308ddcfffff,Richmond,city,0660620
8928308ddd3ffff,Richmond,city,0660620
8928308ddd7ffff,Richmond,city,0660620
8928308dddbffff,Richmond,city,0660620
8928308de03ffff,Pinole,city,0657288
8928308de07ffff,Tara Hills,cdp,0677924
8928308de0bffff,Pinole,city,0657288
8928308de0fffff,Pinole,city,0657288
8928308de13ffff,Pinole,city,0657288
8928308de17ffff,Tara Hills,cdp,0677924
8928308de1bffff,Pinole,city,0657288
8928308de23ffff,Pinole,city,0657288
8928308de27ffff,Bayview,cdp,0604470
8928308de2bffff,Pinole,city,0657288
8928308de2fffff,Pinole,city,0657288
8928308de33ffff,Tara Hills,cdp,0677924
8928308de37ffff,Tara Hills,cdp,0677924
8928308de3bffff,Pinole,city,0657288
8928308de43ffff,Pinole,city,0657288
8928308de47ffff,Pinole,city,0657288
8928308de4bffff,Pinole,city,0657288
8928308de4fffff,Pinole,city,0657288
8928308de53ffff,Pinole,city,0657288
8928308de57ffff,Pinole,city,0657288
8928308de5bffff,Pinole,city,0657288
8928308de63ffff,Pinole,city,0657288
8928308de67ffff,Pinole,city,0657288
8928308de6bffff,Pinole,city,0657288
8928308de6fffff,Pinole,city,0657288
8928308de73ffff,Pinole,city,0657288
8928308de77ffff,Pinole,city,0657288
8928308de7bffff,Pinole,city,0657288
8928308de83ffff,Pinole,city,0657288
8928308de87ffff,Tara Hills,cdp,0677924
8928308de8bffff,El Sobrante,cdp,0622454
8928308de8fffff,Pinole,city,0657288
8928308de93ffff,Richmond,city,0660620
8928308de97ffff,Richmond,city,0660620
8928308de9bffff,El Sobrante,cdp,0622454
8928308dea3ffff,Tara Hills,cdp,0677924
8928308dea7ffff,Tara Hills,cdp,0677924
8928308deabffff,Tara Hills,cdp,0677924
8928308deafffff,Tara Hills,cdp,0677924
8928308deb3ffff,Tara Hills,cdp,0677924
8928308deb7ffff,Tara Hills,cdp,0677924
8928308debbffff,Tara Hills,cdp,0677924
8928308dec3ffff,Pinole,city,0657288
8928308dec7ffff,Pinole,city,0657288
8928308decbffff,Pinole,city,0657288
8928308decfffff,Pinole,city,0657288
8928308ded3ffff,El Sobrante,cdp,0622454
8928308ded7ffff,El Sobrante,cdp,0622454
8928308dedbffff,Pinole,city,0657288
8928308e003ffff,Richmond,city,0660620
8928308e007ffff,Richmond,city,0660620
8928308e00bffff,Richmond,city,0660620
8928308e00fffff,Richmond,city,0660620
8928308e013ffff,Richmond,city,0660620
8928308e017ffff,Richmond,city,0660620
8928308e01bffff,Richmond,city,0660620
8928308e023ffff,Richmond,city,0660620
8928308e027ffff,Richmond,city,0660620
8928308e02bffff,Richmond,city,0660620
8928308e02fffff,Richmond,city,0660620
8928308e033ffff,Richmond,city,0660620
8928308e037ffff,Richmond,city,0660620
8928308e03bffff,Richmond,city,0660620
8928308e043ffff,Richmond,city,0660620
8928308e047ffff,Richmond,city,0660620
8928308e04bffff,Richmond,city,0660620
8928308e04fffff,Richmond,city,0660620
8928308e053ffff,Richmond,city,0660620
8928308e057ffff,Richmond,city,0660620
8928308e05bffff,Richmond,city,0660620
8928308e063ffff,Richmond,city,0660620
8928308e067ffff,Richmond,city,0660620
8928308e06bffff,Richmond,city,0660620
8928308e06fffff,Richmond,city,0660620
8928308e073ffff,Richmond,city,0660620
8928308e077ffff,Richmond,city,0660620
8928308e07bffff,Richmond,city,0660620
8928308e0c7ffff,Richmond,city,0660620
8928308e0cbffff,Richmond,city,0660620
8928308e0cfffff,Richmond,city,0660620
8928308e10bffff,Richmond,city,0660620
8928308e12bffff,Richmond,city,0660620
8928308e143ffff,Richmond,city,0660620
8928308e147ffff,Richmond,city,0660620
8928308e14bffff,Richmond,city,0660620
8928308e14fffff,Richmond,city,0660620
8928308e153ffff,Richmond,city,0660620
8928308e157ffff,Richmond,city,0660620
8928308e15bffff,Richmond,city,0660620
8928308e163ffff,Richmond,city,0660620
8928308e167ffff,Richmond,city,0660620
8928308e16bffff,Richmond,city,0660620
8928308e16fffff,Richmond,city,0660620
8928308e173ffff,Richmond,city,0660620
8928308e177ffff,Richmond,city,0660620
8928308e17bffff,Richmond,city,0660620
8928308e203ffff,Richmond,city,0660620
8928308e207ffff,Richmond,city,0660620
8928308e20bffff,Richmond,city,0660620
8928308e20fffff,Richmond,city,0660620
8928308e213ffff,Richmond,city,0660620
8928308e217ffff,Richmond,city,0660620
8928308e21bffff,Richmond,city,0660620
8928308e223ffff,Richmond,city,0660620
8928308e227ffff,Richmond,city,0660620
8928308e22bffff,Richmond,city,0660620
8928308e22fffff,Richmond,city,0660620
8928308e233ffff,Richmond,city,0660620
8928308e237ffff,Richmond,city,0660620
8928308e23bffff,Richmond,city,0660620
8928308e243ffff,Richmond,city,0660620
8928308e247ffff,Richmond,city,0660620
8928308e24bffff,Richmond,city,0660620
8928308e24fffff,Richmond,city,0660620
8928308e253ffff,Richmond,city,0660620
8928308e257ffff,Richmond,city,0660620
8928308e25bffff,Richmond,city,0660620
8928308e263ffff,Richmond,city,0660620
8928308e267ffff,Richmond,city,0660620
8928308e26bffff,Richmond,city,0660620
8928308e26fffff,Richmond,city,0660620
8928308e273ffff,Richmond,city,0660620
8928308e277ffff,Richmond,city,0660620
8928308e27bffff,Richmond,city,0660620
8928308e283ffff,Richmond,city,0660620
8928308e287ffff,Richmond,city,0660620
8928308e28bffff,Richmond,city,0660620
8928308e28fffff,Richmond,city,0660620
8928308e293ffff,Richmond,city,0660620
8928308e297ffff,Richmond,city,0660620
8928308e29bffff,Richmond,city,0660620
8928308e2a3ffff,Richmond,city,0660620
8928308e2a7ffff,Richmond,city,0660620
8928308e2abffff,Richmond,city,0660620
8928308e2afffff,Richmond,city,0660620
8928308e2b3ffff,Richmond,city,0660620
8928308e2b7ffff,Richmond,city,0660620
8928308e2bbffff,Richmond,city,0660620
8928308e2c3ffff,Richmond,city,0660620
8928308e2c7ffff,Richmond,city,0660620
8928308e2cbffff,Richmond,city,0660620
8928308e2cfffff,Richmond,city,0660620
8928308e2d3ffff,Richmond,city,0660620
8928308e2d7ffff,Richmond,city,0660620
8928308e2dbffff,Richmond,city,0660620
8928308e303ffff,Richmond,city,0660620
8928308e307ffff,Richmond,city,0660620
8928308e30bffff,Richmond,city,0660620
8928308e30fffff,Richmond,city,0660620
8928308e313ffff,Richmond,city,0660620
8928308e317ffff,Richmond,city,0660620
8928308e31bffff,Richmond,city,0660620
8928308e323ffff,Richmond,city,0660620
8928308e327ffff,Richmond,city,0660620
8928308e32bffff,Richmond,city,0660620
8928308e32fffff,Richmond,city,0660620
8928308e333ffff,Richmond,city,0660620
8928308e337ffff,Richmond,city,0660620
8928308e33bffff,Richmond,city,0660620
8928308e343ffff,Richmond,city,0660620
8928308e347ffff,Richmond,city,0660620
8928308e34bffff,Richmond,city,0660620
8928308e34fffff,Richmond,city,0660620
8928308e353ffff,Richmond,city,0660620
8928308e357ffff,Richmond,city,0660620
8928308e35bffff,Richmond,city,0660620
8928308e363ffff,Richmond,city,0660620
8928308e367ffff,Richmond,city,0660620
8928308e36bffff,Richmond,city,0660620
8928308e36fffff,Richmond,city,0660620
8928308e373ffff,Richmond,city,0660620
8928308e377ffff,Richmond,city,0660620
8928308e37bffff,Richmond,city,0660620
8928308e383ffff,Richmond,city,0660620
8928308e387ffff,Richmond,city,0660620
8928308e38bffff,Richmond,city,0660620
8928308e38fffff,Richmond,city,0660620
8928308e393ffff,Richmond,city,0660620
8928308e397ffff,Richmond,city,0660620
8928308e39bffff,Richmond,city,0660620
8928308e3a3ffff,Richmond,city,0660620
8928308e3a7ffff,Richmond,city,0660620
8928308e3abffff,Richmond,city,0660620
8928308e3afffff,Richmond,city,0660620
8928308e3b3ffff,Richmond,city,0660620
8928308e3b7ffff,Richmond,city,0660620
8928308e3bbffff,Richmond,city,0660620
8928308e3c3ffff,Richmond,city,0660620
8928308e3c7ffff,Richmond,city,0660620
8928308e3cbffff,Richmond,city,0660620
8928308e3cfffff,Richmond,city,0660620
8928308e3d3ffff,Richmond,city,0660620
8928308e3d7ffff,Richmond,city,0660620
8928308e3dbffff,Richmond,city,0660620
8928308e627ffff,Richmond,city,0660620
8928308e62bffff,Richmond,city,0660620
8928308e62fffff,Richmond,city,0660620
8928308e667ffff,Richmond,city,0660620
8928308e66bffff,Richmond,city,0660620
8928308e66fffff,Richmond,city,0660620
8928308e803ffff,Richmond,city,0660620
8928308e807ffff,Richmond,city,0660620
8928308e80bffff,Richmond,city,0660620
8928308e80fffff,Richmond,city,0660620
8928308e813ffff,Richmond,city,0660620
8928308e817ffff,Richmond,city,0660620
8928308e81bffff,Richmond,city,0660620
8928308e823ffff,Richmond,city,0660620
8928308e82bffff,Richmond,city,0660620
8928308e82fffff,Richmond,city,0660620
8928308e833ffff,Richmond,city,0660620
8928308e83bffff,Richmond,city,0660620
8928308e843ffff,Richmond,city,0660620
8928308e847ffff,Richmond,city,0660620
8928308e84bffff,Richmond,city,0660620
8928308e84fffff,Richmond,city,0660620
8928308e853ffff,Richmond,city,0660620
8928308e857ffff,Richmond,city,0660620
8928308e85bffff,Richmond,city,0660620
8928308e863ffff,Richmond,city,0660620
8928308e867ffff,Richmond,city,0660620
8928308e86bffff,Richmond,city,0660620
8928308e86fffff,Richmond,city,0660620
8928308e873ffff,Richmond,city,0660620
8928308e877ffff,Richmond,city,0660620
8928308e87bffff,Richmond,city,0660620
8928308e88bffff,Richmond,city,0660620
8928308e8c3ffff,Richmond,city,0660620
8928308e8c7ffff,Richmond,city,0660620
8928308e8cbffff,Richmond,city,0660620
8928308e8cfffff,Richmond,city,0660620
8928308e8d3ffff,Richmond,city,0660620
8928308e8d7ffff,Richmond,city,0660620
8928308e8dbffff,Richmond,city,0660620
8928308e94bffff,Richmond,city,0660620
8928308ea03ffff,Richmond,city,0660620
8928308ea07ffff,Richmond,city,0660620
8928308ea0bffff,Richmond,city,0660620
8928308ea0fffff,Richmond,city,0660620
8928308ea13ffff,Richmond,city,0660620
8928308ea17ffff,Richmond,city,0660620
8928308ea1bffff,Richmond,city,0660620
8928308ea23ffff,Richmond,city,0660620
8928308ea27ffff,Richmond,city,0660620
8928308ea2bffff,Richmond,city,0660620
8928308ea2fffff,Richmond,city,0660620
8928308ea33ffff,Richmond,city,0660620
8928308ea37ffff,Richmond,city,0660620
8928308ea3bffff,Richmond,city,0660620
8928308ea43ffff,Richmond,city,0660620
8928308ea47ffff,Richmond,city,0660620
8928308ea4bffff,Richmond,city,0660620
8928308ea4fffff,Richmond,city,0660620
8928308ea53ffff,Richmond,city,0660620
8928308ea57ffff,Richmond,city,0660620
8928308ea5bffff,Richmond,city,0660620
8928308ea63ffff,Richmond,city,0660620
8928308ea67ffff,Richmond,city,0660620
8928308ea6bffff,Richmond,city,0660620
8928308ea6fffff,Richmond,city,0660620
8928308ea73ffff,Richmond,city,0660620
8928308ea77ffff,Richmond,city,0660620
8928308ea7bffff,Richmond,city,0660620
8928308ea83ffff,Richmond,city,0660620
8928308ea87ffff,Richmond,city,0660620
8928308ea8bffff,Richmond,city,0660620
8928308ea8fffff,Richmond,city,0660620
8928308ea93ffff,Richmond,city,0660620
8928308ea97ffff,Richmond,city,0660620
8928308ea9bffff,Richmond,city,0660620
8928308eaa3ffff,Richmond,city,0660620
8928308eaa7ffff,Richmond,city,0660620
8928308eaabffff,Richmond,city,0660620
8928308eaafffff,Richmond,city,0660620
8928308eab3ffff,Richmond,city,0660620
8928308eab7ffff,Richmond,city,0660620
8928308eabbffff,Richmond,city,0660620
8928308eac3ffff,Richmond,city,0660620
8928308eac7ffff,Richmond,city,0660620
8928308eacbffff,Richmond,city,0660620
8928308eacfffff,Richmond,city,0660620
8928308ead3ffff,Richmond,city,0660620
8928308ead7ffff,Richmond,city,0660620
8928308eadbffff,Richmond,city,0660620
8928308eb03ffff,Richmond,city,0660620
8928308eb07ffff,Richmond,city,0660620
8928308eb0bffff,Richmond,city,0660620
8928308eb0fffff,Richmond,city,0660620
8928308eb13ffff,Richmond,city,0660620
8928308eb17ffff,Richmond,city,0660620
8928308eb1bffff,Richmond,city,0660620
8928308eb23ffff,Richmond,city,0660620
8928308eb27ffff,Richmond,city,0660620
8928308eb2bffff,Richmond,city,0660620
8928308eb2fffff,Richmond,city,0660620
8928308eb33ffff,Richmond,city,0660620
8928308eb37ffff,Richmond,city,0660620
8928308eb3bffff,Richmond,city,0660620
8928308eb43ffff,Richmond,city,0660620
8928308eb47ffff,Richmond,city,0660620
8928308eb4bffff,Richmond,city,0660620
8928308eb4fffff,Richmond,city,0660620
8928308eb53ffff,Richmond,city,0660620
8928308eb57ffff,Richmond,city,0660620
8928308eb5bffff,Richmond,city,0660620
8928308eb63ffff,Richmond,city,0660620
8928308eb67ffff,Richmond,city,0660620
8928308eb6bffff,Richmond,city,0660620
8928308eb6fffff,Richmond,city,0660620
8928308eb73ffff,Richmond,city,0660620
8928308eb77ffff,Richmond,city,0660620
8928308eb7bffff,Richmond,city,0660620
8928308eb83ffff,Richmond,city,0660620
8928308eb87ffff,Richmond,city,0660620
8928308eb8bffff,Richmond,city,0660620
8928308eb8fffff,Richmond,city,0660620
8928308eb93ffff,Richmond,city,0660620
8928308eb97ffff,Richmond,city,0660620
8928308eb9bffff,Richmond,city,0660620
8928308eba3ffff,Richmond,city,0660620
8928308ebabffff,Richmond,city,0660620
8928308ebafffff,Richmond,city,0660620
8928308ebb3ffff,Richmond,city,0660620
8928308ebbbffff,Richmond,city,0660620
8928308ebc3ffff,Richmond,city,0660620
8928308ebc7ffff,Richmond,city,0660620
8928308ebcbffff,Richmond,city,0660620
8928308ebcfffff,Richmond,city,0660620
8928308ebd3ffff,Richmond,city,0660620
8928308ebd7ffff,Richmond,city,0660620
8928308ebdbffff,Richmond,city,0660620
8928308ec4bffff,Richmond,city,0660620
8928308ec6bffff,Richmond,city,0660620
8928308ee03ffff,Richmond,city,0660620
8928308ee07ffff,Richmond,city,0660620
8928308ee0bffff,Richmond,city,0660620
8928308ee0fffff,Richmond,city,0660620
8928308ee13ffff,Richmond,city,0660620
8928308ee17ffff,Richmond,city,0660620
8928308ee1bffff,Richmond,city,0660620
8928308ee23ffff,Richmond,city,0660620
8928308ee27ffff,Richmond,city,0660620
8928308ee2bffff,Richmond,city,0660620
8928308ee2fffff,Richmond,city,0660620
8928308ee33ffff,Richmond,city,0660620
8928308ee37ffff,Richmond,city,0660620
8928308ee3bffff,Richmond,city,0660620
8928308ee43ffff,Richmond,city,0660620
8928308ee47ffff,Richmond,city,0660620
8928308ee4bffff,Richmond,city,0660620
8928308ee4fffff,Richmond,city,0660620
8928308ee53ffff,Richmond,city,0660620
8928308ee57ffff,Richmond,city,0660620
8928308ee5bffff,Richmond,city,0660620
8928308ee63ffff,Richmond,city,0660620
8928308ee67ffff,Richmond,city,0660620
8928308ee6bffff,Richmond,city,0660620
8928308ee6fffff,Richmond,city,0660620
8928308ee73ffff,Richmond,city,0660620
8928308ee77ffff,Richmond,city,0660620
8928308ee7bffff,Richmond,city,0660620
8928308ee83ffff,Richmond,city,0660620
8928308ee87ffff,Richmond,city,0660620
8928308ee8bffff,Richmond,city,0660620
8928308ee8fffff,Richmond,city,0660620
8928308ee93ffff,Richmond,city,0660620
8928308ee97ffff,Richmond,city,0660620
8928308ee9bffff,Richmond,city,0660620
8928308eea3ffff,Richmond,city,0660620
8928308eea7ffff,Richmond,city,0660620
8928308eeabffff,Richmond,city,0660620
8928308eeafffff,Richmond,city,0660620
8928308eeb3ffff,Richmond,city,0660620
8928308eeb7ffff,Richmond,city,0660620
8928308eebbffff,Richmond,city,0660620
8928308eec3ffff,Richmond,city,0660620
8928308eec7ffff,Richmond,city,0660620
8928308eecbffff,Richmond,city,0660620
8928308eecfffff,Richmond,city,0660620
8928308eed3ffff,Richmond,city,0660620
8928308eed7ffff,Richmond,city,0660620
8928308eedbffff,Richmond,city,0660620
8928308f003ffff,El Cerrito,city,0621796
8928308f007ffff,Richmond,city,0660620
8928308f00bffff,El Cerrito,city,0621796
8928308f00fffff,El Cerrito,city,0621796
8928308f013ffff,El Cerrito,city,0621796
8928308f017ffff,Richmond,city,0660620
8928308f01bffff,El Cerrito,city,0621796
8928308f023ffff,Richmond,city,0660620
8928308f027ffff,Richmond,city,0660620
8928308f02bffff,El Cerrito,city,0621796
8928308f02fffff,El Cerrito,city,0621796
8928308f033ffff,Richmond,city,0660620
8928308f037ffff,Richmond,city,0660620
8928308f03bffff,El Cerrito,city,0621796
8928308f043ffff,El Cerrito,city,0621796
8928308f047ffff,El Cerrito,city,0621796
8928308f04bffff,El Cerrito,city,0621796
8928308f04fffff,El Cerrito,city,0621796
8928308f053ffff,El Cerrito,city,0621796
8928308f057ffff,El Cerrito,city,0621796
8928308f05bffff,El Cerrito,city,0621796
8928308f063ffff,El Cerrito,city,0621796
8928308f067ffff,El Cerrito,city,0621796
8928308f06bffff,El Cerrito,city,0621796
8928308f06fffff,El Cerrito,city,0621796
8928308f073ffff,El Cerrito,city,0621796
8928308f077ffff,El Cerrito,city,0621796
8928308f07bffff,El Cerrito,city,0621796
8928308f083ffff,Richmond,city,0660620
8928308f087ffff,Richmond,city,0660620
8928308f08bffff,El Cerrito,city,0621796
8928308f08fffff,El Cerrito,city,0621796
8928308f0a3ffff,Richmond,city,0660620
8928308f0a7ffff,Richmond,city,0660620
8928308f0abffff,Richmond,city,0660620
8928308f0afffff,Richmond,city,0660620
8928308f0b3ffff,Richmond,city,0660620
8928308f0b7ffff,Richmond,city,0660620
8928308f0bbffff,Richmond,city,0660620
8928308f0c3ffff,El Cerrito,city,0621796
8928308f0c7ffff,El Cerrito,city,0621796
8928308f0cbffff,El Cerrito,city,0621796
8928308f0cfffff,El Cerrito,city,0621796
8928308f0d7ffff,El Cerrito,city,0621796
8928308f0dbffff,El Cerrito,city,0621796
8928308f103ffff,Richmond,city,0660620
8928308f107ffff,Richmond,city,0660620
8928308f10bffff,Richmond,city,0660620
8928308f10fffff,Richmond,city,0660620
8928308f113ffff,Richmond,city,0660620
8928308f117ffff,Richmond,city,0660620
8928308f11bffff,Richmond,city,0660620
8928308f123ffff,Richmond,city,0660620
8928308f127ffff,Richmond,city,0660620
8928308f12bffff,Richmond,city,0660620
8928308f12fffff,Richmond,city,0660620
8928308f133ffff,Richmond,city,0660620
8928308f137ffff,Richmond,city,0660620
8928308f13bffff,Richmond,city,0660620
8928308f143ffff,Richmond,city,0660620
8928308f147ffff,Richmond,city,0660620
8928308f14bffff,El Cerrito,city,0621796
8928308f14fffff,El Cerrito,city,0621796
8928308f153ffff,Richmond,city,0660620
8928308f157ffff,Richmond,city,0660620
8928308f15bffff,Richmond,city,0660620
8928308f163ffff,Richmond,city,0660620
8928308f167ffff,Richmond,city,0660620
8928308f16bffff,Richmond,city,0660620
8928308f16fffff,Richmond,city,0660620
8928308f173ffff,Richmond,city,0660620
8928308f177ffff,Richmond,city,0660620
8928308f17bffff,Richmond,city,0660620
8928308f183ffff,Richmond,city,0660620
8928308f187ffff,Richmond,city,0660620
8928308f18bffff,Richmond,city,0660620
8928308f18fffff,Richmond,city,0660620
8928308f193ffff,Richmond,city,0660620
8928308f197ffff,Richmond,city,0660620
8928308f19bffff,Richmond,city,0660620
8928308f1a3ffff,Richmond,city,0660620
8928308f1a7ffff,Richmond,city,0660620
8928308f1abffff,Richmond,city,0660620
8928308f1afffff,Richmond,city,0660620
8928308f1b3ffff,Richmond,city,0660620
8928308f1b7ffff,Richmond,city,0660620
8928308f1bbffff,Richmond,city,0660620
8928308f1c3ffff,Richmond,city,0660620
8928308f1c7ffff,Richmond,city,0660620
8928308f1cbffff,Richmond,city,0660620
8928308f1cfffff,Richmond,city,0660620
8928308f1d3ffff,Richmond,city,0660620
8928308f1d7ffff,Richmond,city,0660620
8928308f1dbffff,Richmond,city,0660620
8928308f203ffff,Richmond,city,0660620
8928308f207ffff,El Cerrito,city,0621796
8928308f20bffff,Richmond,city,0660620
8928308f20fffff,Richmond,city,0660620
8928308f213ffff,Kensington,cdp,0638086
8928308f217ffff,Kensington,cdp,0638086
8928308f21bffff,Richmond,city,0660620
8928308f223ffff,Richmond,city,0660620
8928308f227ffff,El Cerrito,city,0621796
8928308f22bffff,Richmond,city,0660620
8928308f22fffff,Richmond,city,0660620
8928308f233ffff,El Cerrito,city,0621796
8928308f237ffff,El Cerrito,city,0621796
8928308f23bffff,Richmond,city,0660620
8928308f243ffff,Richmond,city,0660620
8928308f247ffff,Richmond,city,0660620
8928308f24bffff,Richmond,city,0660620
8928308f24fffff,Richmond,city,0660620
8928308f25bffff,Richmond,city,0660620
8928308f263ffff,Richmond,city,0660620
8928308f267ffff,Richmond,city,0660620
8928308f26bffff,Richmond,city,0660620
8928308f26fffff,Richmond,city,0660620
8928308f273ffff,Richmond,city,0660620
8928308f277ffff,Richmond,city,0660620
8928308f27bffff,Richmond,city,0660620
8928308f283ffff,Kensington,cdp,0638086
8928308f287ffff,Kensington,cdp,0638086
8928308f28bffff,Kensington,cdp,0638086
8928308f28fffff,Kensington,cdp,0638086
8928308f293ffff,Kensington,cdp,0638086
8928308f297ffff,Kensington,cdp,0638086
8928308f29bffff,Kensington,cdp,0638086
8928308f2a3ffff,El Cerrito,city,0621796
8928308f2a7ffff,El Cerrito,city,0621796
8928308f2abffff,El Cerrito,city,0621796
8928308f2afffff,El Cerrito,city,0621796
8928308f2b3ffff,El Cerrito,city,0621796
8928308f2b7ffff,El Cerrito,city,0621796
8928308f2bbffff,Kensington,cdp,0638086
8928308f2c3ffff,Richmond,city,0660620
8928308f2c7ffff,Richmond,city,0660620
8928308f2cfffff,Richmond,city,0660620
8928308f2d3ffff,Kensington,cdp,0638086
8928308f2d7ffff,Kensington,cdp,0638086
8928308f303ffff,El Cerrito,city,0621796
8928308f307ffff,El Cerrito,city,0621796
8928308f30bffff,El Cerrito,city,0621796
8928308f30fffff,El Cerrito,city,0621796
8928308f313ffff,El Cerrito,city,0621796
8928308f317ffff,El Cerrito,city,0621796
8928308f31bffff,El Cerrito,city,0621796
8928308f323ffff,El Cerrito,city,0621796
8928308f327ffff,El Cerrito,city,0621796
8928308f32bffff,El Cerrito,city,0621796
8928308f32fffff,El Cerrito,city,0621796
8928308f333ffff,El Cerrito,city,0621796
8928308f337ffff,El Cerrito,city,0621796
8928308f33bffff,El Cerrito,city,0621796
8928308f343ffff,El Cerrito,city,0621796
8928308f347ffff,El Cerrito,city,0621796
8928308f34bffff,Richmond,city,0660620
8928308f34fffff,Richmond,city,0660620
8928308f353ffff,El Cerrito,city,0621796
8928308f357ffff,El Cerrito,city,0621796
8928308f35bffff,Richmond,city,0660620
8928308f363ffff,Richmond,city,0660620
8928308f367ffff,El Cerrito,city,0621796
8928308f36bffff,Richmond,city,0660620
8928308f36fffff,Richmond,city,0660620
8928308f373ffff,El Cerrito,city,0621796
8928308f377ffff,El Cerrito,city,0621796
8928308f37bffff,Richmond,city,0660620
8928308f383ffff,El Cerrito,city,0621796
8928308f387ffff,El Cerrito,city,0621796
8928308f38bffff,El Cerrito,city,0621796
8928308f38fffff,El Cerrito,city,0621796
8928308f393ffff,El Cerrito,city,0621796
8928308f397ffff,El Cerrito,city,0621796
8928308f39bffff,El Cerrito,city,0621796
8928308f3a3ffff,El Cerrito,city,0621796
8928308f3a7ffff,El Cerrito,city,0621796
8928308f3abffff,El Cerrito,city,0621796
8928308f3afffff,El Cerrito,city,0621796
8928308f3b3ffff,El Cerrito,city,0621796
8928308f3b7ffff,El Cerrito,city,0621796
8928308f3bbffff,El Cerrito,city,0621796
8928308f3c3ffff,El Cerrito,city,0621796
8928308f3c7ffff,El Cerrito,city,0621796
8928308f3cbffff,El Cerrito,city,0621796
8928308f3cfffff,El Cerrito,city,0621796
8928308f3d3ffff,El Cerrito,city,0621796
8928308f3d7ffff,El Cerrito,city,0621796
8928308f3dbffff,El Cerrito,city,0621796
8928308f503ffff,Richmond,city,0660620
8928308f507ffff,Richmond,city,0660620
8928308f50bffff,Richmond,city,0660620
8928308f50fffff,Richmond,city,0660620
8928308f523ffff,Richmond,city,0660620
8928308f527ffff,Richmond,city,0660620
8928308f52bffff,Richmond,city,0660620
8928308f52fffff,Richmond,city,0660620
8928308f533ffff,Richmond,city,0660620
8928308f537ffff,Richmond,city,0660620
8928308f53bffff,Richmond,city,0660620
8928308f543ffff,Richmond,city,0660620
8928308f547ffff,Richmond,city,0660620
8928308f54bffff,Richmond,city,0660620
8928308f54fffff,Richmond,city,0660620
8928308f563ffff,Richmond,city,0660620
8928308f567ffff,Richmond,city,0660620
8928308f56bffff,Richmond,city,0660620
8928308f56fffff,Richmond,city,0660620
8928308f573ffff,Richmond,city,0660620
8928308f577ffff,Richmond,city,0660620
8928308f57bffff,Richmond,city,0660620
8928308f5a7ffff,Richmond,city,0660620
8928308f5abffff,Richmond,city,0660620
8928308f5afffff,Richmond,city,0660620
8928308f60fffff,Kensington,cdp,0638086
8928308f623ffff,Kensington,cdp,0638086
8928308f627ffff,Kensington,cdp,0638086
8928308f62bffff,Kensington,cdp,0638086
8928308f62fffff,Kensington,cdp,0638086
8928308f633ffff,Kensington,cdp,0638086
8928308f637ffff,El Cerrito,city,0621796
8928308f63bffff,Kensington,cdp,0638086
8928308f663ffff,Kensington,cdp,0638086
8928308f667ffff,Kensington,cdp,0638086
8928308f66bffff,Kensington,cdp,0638086
8928308f66fffff,Kensington,cdp,0638086
8928308f677ffff,Kensington,cdp,0638086
8928308f67bffff,Kensington,cdp,0638086
8928308f6afffff,El Cerrito,city,0621796
892830bb64bffff,Richmond,city,0660620
892830bb65bffff,Richmond,city,0660620
