h3,name,holc,access_min,access_km,street_m,access_src,access_snap_m,access_quality,inside_frac
8928301000fffff,Crockett SE 10,,60.9,4.87,0.0,routed,138.0,approach-review,0.051
8928301002bffff,Crockett E 6,,46.1,3.69,214.0,routed,85.0,network-estimate,0.125
8928301003bffff,Crockett SE 9,,52.4,4.19,227.0,routed,187.0,approach-review,0.302
89283010047ffff,Hampton Bay S 7,,68.0,5.44,0.0,routed,151.0,approach-review,0.062
89283010063ffff,Hampton Bay S 3,,50.5,4.04,1030.0,routed,32.0,network-estimate,0.973
89283010067ffff,Hampton Bay S 2,,45.5,3.64,20.0,routed,161.0,approach-review,0.111
8928301006bffff,Hampton Bay S,,53.6,4.29,0.0,routed,243.0,approach-review,0.063
8928301006fffff,Hampton Bay,,48.3,3.86,95.0,routed,151.0,approach-review,0.248
89283010073ffff,Hampton Bay S 6,,55.3,4.42,0.0,routed,301.0,approach-review,0.428
89283010077ffff,Hampton Bay S 5,,50.4,4.03,426.0,routed,155.0,approach-review,0.66
8928301007bffff,Hampton Bay S 4,,54.8,4.39,0.0,routed,338.0,approach-review,0.726
89283010103ffff,Crockett SE 5,,16.0,1.28,307.0,routed,307.0,approach-review,0.65
89283010107ffff,Crockett SE 2,,11.2,0.9,970.0,routed,29.0,network-estimate,1.0
8928301010bffff,Crockett SE 6,,15.7,1.26,588.0,routed,198.0,approach-review,1.0
8928301010fffff,Crockett SE 3,,10.1,0.81,851.0,routed,104.0,approach-review,1.0
89283010117ffff,Crockett SE 4,,15.6,1.25,0.0,routed,382.0,approach-review,0.356
8928301011bffff,Crockett SE 7,,23.3,1.86,0.0,routed,256.0,approach-review,0.195
89283010123ffff,Alexander Park,,0.6,0.05,1097.0,routed,25.0,network-estimate,1.0
89283010127ffff,Valona NE,,4.8,0.38,2012.0,routed,57.0,network-estimate,1.0
8928301012bffff,Crockett NE,,6.2,0.5,2563.0,routed,56.0,network-estimate,1.0
8928301012fffff,Crockett,,0.9,0.07,1281.0,routed,53.0,network-estimate,1.0
89283010133ffff,Crockett S,,5.1,0.4,894.0,routed,186.0,approach-review,0.994
89283010137ffff,Valona,,7.1,0.57,2121.0,routed,53.0,network-estimate,1.0
8928301013bffff,Crockett SE,,5.6,0.45,721.0,routed,66.0,network-estimate,1.0
89283010147ffff,Crockett E 5,,15.9,1.27,0.0,routed,301.0,approach-review,0.426
89283010157ffff,Crockett SE 8,,24.2,1.94,181.0,routed,215.0,approach-review,0.287
89283010163ffff,Crockett E 3,,12.8,1.02,1282.0,routed,152.0,approach-review,0.735
89283010167ffff,Crockett NE 3,,8.9,0.71,1240.0,routed,62.0,network-estimate,0.608
89283010173ffff,Crockett E 2,,11.1,0.89,1519.0,routed,119.0,approach-review,1.0
89283010177ffff,Crockett E,,6.4,0.51,1863.0,routed,65.0,network-estimate,1.0
8928301017bffff,Crockett E 4,,14.8,1.18,162.0,routed,310.0,approach-review,0.454
892830101abffff,Crockett S 2,,11.0,0.88,103.0,routed,217.0,approach-review,0.25
892830101afffff,Valona S,,9.0,0.72,46.0,routed,235.0,approach-review,0.432
89283010c03ffff,Valona W 6,,19.1,1.53,7.0,routed,240.0,approach-review,0.004
89283010c0bffff,Valona NW 3,,16.7,1.33,0.0,routed,364.0,approach-review,0.113
89283010c13ffff,Valona W 5,,21.6,1.73,264.0,routed,190.0,approach-review,0.461
89283010c17ffff,Valona W 8,,26.2,2.1,22.0,routed,128.0,approach-review,0.03
89283010c1bffff,Valona W 4,,17.9,1.43,650.0,routed,184.0,approach-review,0.933
89283010c37ffff,Carquinez Highlands Mobile Home Park,,36.0,2.88,0.0,routed,774.0,approach-review,0.006
89283010c43ffff,Valona N 2,,11.7,0.94,0.0,routed,270.0,approach-review,0.006
89283010c53ffff,Valona NW,,8.2,0.65,735.0,routed,114.0,approach-review,0.974
89283010c57ffff,Valona NW 2,,12.2,0.98,734.0,routed,81.0,network-estimate,0.607
89283010c5bffff,Valona N,,4.6,0.37,0.0,routed,208.0,approach-review,0.567
89283010c83ffff,Valona W 9,,36.9,2.95,327.0,routed,414.0,approach-review,0.423
89283010c87ffff,Bayo Vista NE 14,,34.9,2.79,218.0,routed,255.0,approach-review,0.998
89283010c8fffff,Valona W 7,,31.6,2.53,187.0,routed,302.0,approach-review,0.068
89283010c93ffff,Valona SW 8,,42.1,3.37,0.0,routed,413.0,approach-review,0.923
89283010c97ffff,Bayo Vista NE 11,,38.9,3.11,0.0,routed,388.0,approach-review,1.0
89283010c9bffff,Valona SW 5,,45.9,3.67,0.0,routed,416.0,approach-review,0.063
89283010ca3ffff,Bayo Vista NE 16,,35.0,2.8,0.0,routed,231.0,approach-review,0.435
89283010ca7ffff,Bayo Vista NE 15,,45.0,3.6,0.0,routed,292.0,approach-review,1.0
89283010cabffff,Valona W 11,,30.7,2.45,0.0,routed,320.0,approach-review,0.02
89283010cafffff,Carquinez Highlands Mobile Home Park SW,,36.6,2.93,0.0,routed,357.0,approach-review,0.633
89283010cb3ffff,Bayo Vista NE 13,,37.8,3.03,423.0,routed,133.0,approach-review,0.3
89283010cb7ffff,Bayo Vista NE 12,,41.4,3.31,41.0,routed,125.0,approach-review,0.926
89283010cbbffff,Valona W 10,,34.1,2.73,10.0,routed,195.0,approach-review,0.011
89283010cc3ffff,Valona SW 2,,13.7,1.1,0.0,routed,283.0,approach-review,0.789
89283010cc7ffff,Valona W 3,,18.2,1.45,755.0,routed,139.0,approach-review,0.716
89283010ccbffff,Valona W,,8.2,0.66,2022.0,routed,73.0,network-estimate,1.0
89283010ccfffff,Valona W 2,,12.6,1.01,2537.0,routed,83.0,network-estimate,1.0
89283010cd3ffff,Valona SW 3,,17.7,1.42,0.0,straightline,236.0,detour-review,0.079
89283010cdbffff,Valona SW,,11.7,0.94,463.0,routed,197.0,approach-review,0.914
89283010d83ffff,Bayo Vista N 17,,38.0,3.04,0.0,routed,948.0,approach-review,0.93
89283010d87ffff,Bayo Vista N 20,,41.9,3.35,0.0,routed,1257.0,approach-review,0.3
89283010d8bffff,Bayo Vista N 19,,39.0,3.12,0.0,routed,1026.0,approach-review,0.288
89283010d93ffff,Bayo Vista N 12,,34.5,2.76,0.0,routed,666.0,approach-review,1.0
89283010d97ffff,Bayo Vista N 15,,35.9,2.87,0.0,routed,1053.0,approach-review,0.604
89283010d9bffff,Bayo Vista N 14,,34.7,2.77,0.0,routed,680.0,approach-review,1.0
89283010db7ffff,Bayo Vista NW 24,,47.3,3.78,0.0,routed,1968.0,approach-review,0.322
89283010dc3ffff,Bayo Vista N 21,,43.3,3.46,0.0,routed,627.0,approach-review,0.128
89283010dd3ffff,Bayo Vista N 16,,42.3,3.39,0.0,routed,547.0,approach-review,1.0
89283010dd7ffff,Bayo Vista N 18,,37.0,2.96,0.0,routed,813.0,approach-review,0.785
89283010ddbffff,Carquinez Highlands Mobile Home Park SW 2,,40.8,3.26,0.0,routed,678.0,approach-review,0.606
89283010e93ffff,Crockett NE 2,,6.2,0.49,293.0,routed,172.0,approach-review,0.497
89283010e97ffff,Crockett N,,5.3,0.42,0.0,routed,255.0,approach-review,0.089
89283012103ffff,Carriage Hills North NE 10,,26.9,2.16,827.0,routed,247.0,approach-review,1.0
89283012107ffff,Carriage Hills North NE 9,,21.3,1.7,663.0,routed,157.0,approach-review,1.0
8928301210bffff,Carriage Hills North NE 14,,26.6,2.13,1395.0,routed,156.0,approach-review,0.852
8928301210fffff,Carriage Hills North NE 13,,21.7,1.74,1331.0,routed,116.0,approach-review,1.0
89283012113ffff,Carriage Hills North NE 8,,31.5,2.52,0.0,routed,483.0,approach-review,0.558
89283012117ffff,Carriage Hills North NE 7,,26.7,2.14,0.0,routed,397.0,approach-review,1.0
8928301211bffff,Carriage Hills North NE 11,,32.7,2.61,0.0,routed,344.0,approach-review,0.312
89283012123ffff,Carriage Hills North N 26,,12.0,0.96,1892.0,routed,96.0,network-estimate,1.0
89283012127ffff,Valley Oak Villas SE 24,,8.0,0.64,2142.0,routed,73.0,network-estimate,1.0
8928301212bffff,Valley Oak Villas E 32,,17.4,1.39,664.0,routed,289.0,approach-review,1.0
8928301212fffff,Valley Oak Villas E 28,,13.1,1.05,1555.0,routed,138.0,approach-review,1.0
89283012133ffff,Carriage Hills North N 24,,16.3,1.3,223.0,routed,228.0,approach-review,1.0
89283012137ffff,Carriage Hills North N 25,,12.3,0.99,206.0,routed,194.0,approach-review,1.0
8928301213bffff,Carriage Hills North NE 12,,16.5,1.32,1667.0,routed,54.0,network-estimate,1.0
89283012147ffff,Carriage Hills North NE 17,,28.2,2.25,0.0,routed,320.0,approach-review,0.076
8928301214fffff,Carriage Hills North NE 20,,37.4,2.99,0.0,routed,210.0,approach-review,0.0
89283012163ffff,Carriage Hills North NE 18,,26.4,2.11,0.0,routed,480.0,approach-review,0.896
89283012167ffff,Valley Oak Villas E 35,,21.8,1.75,25.0,routed,402.0,approach-review,1.0
8928301216bffff,Carriage Hills North NE 21,,31.7,2.54,0.0,routed,310.0,approach-review,1.0
8928301216fffff,Valley Oak Villas E 38,,27.5,2.2,0.0,routed,526.0,approach-review,1.0
89283012173ffff,Carriage Hills North NE 16,,24.1,1.93,755.0,routed,285.0,approach-review,0.429
89283012177ffff,Carriage Hills North NE 15,,21.5,1.72,0.0,routed,239.0,approach-review,1.0
8928301217bffff,Carriage Hills North NE 19,,39.1,3.12,0.0,routed,339.0,approach-review,0.35
89283012187ffff,Carriage Hills North NE 3,,35.0,2.8,0.0,routed,553.0,approach-review,0.118
8928301218fffff,Carriage Hills North NE 5,,34.9,2.79,0.0,routed,709.0,approach-review,0.765
892830121a3ffff,Carriage Hills North N 17,,27.0,2.16,0.0,routed,126.0,approach-review,1.0
892830121a7ffff,Carriage Hills North N 18,,29.2,2.33,77.0,routed,234.0,approach-review,1.0
892830121abffff,Carriage Hills North NE 6,,21.0,1.68,0.0,routed,337.0,approach-review,1.0
892830121afffff,Carriage Hills North N 22,,18.8,1.5,0.0,routed,515.0,approach-review,1.0
892830121b3ffff,Carriage Hills North NE 2,,31.7,2.54,41.0,routed,289.0,approach-review,0.916
892830121b7ffff,Carriage Hills North N 12,,31.4,2.51,577.0,routed,300.0,approach-review,0.968
892830121bbffff,Carriage Hills North NE 4,,30.5,2.44,0.0,routed,406.0,approach-review,1.0
89283012303ffff,Carriage Hills North NE 33,,66.1,5.29,0.0,routed,505.0,approach-review,0.587
89283012307ffff,Carriage Hills North NE 32,,57.8,4.63,0.0,routed,292.0,approach-review,1.0
8928301230fffff,Crockett S 4,,68.6,5.49,0.0,routed,277.0,approach-review,0.633
89283012313ffff,Carriage Hills North NE 31,,68.2,5.46,0.0,routed,367.0,approach-review,0.537
89283012317ffff,Carriage Hills North NE 30,,60.4,4.83,0.0,routed,496.0,approach-review,1.0
89283012323ffff,Alexandria Victoria By the Bay E 17,,60.8,4.86,0.0,routed,232.0,approach-review,0.301
89283012327ffff,Alexandria Victoria By the Bay E 16,,57.0,4.56,0.0,routed,246.0,approach-review,0.043
89283012333ffff,Valley Oak Villas E 47,,55.6,4.45,0.0,routed,113.0,approach-review,1.0
89283012337ffff,Valley Oak Villas E 45,,57.9,4.63,0.0,routed,316.0,approach-review,1.0
8928301233bffff,Valley Oak Villas E 48,,60.2,4.82,0.0,routed,186.0,approach-review,0.735
89283012377ffff,Crockett S 3,,65.9,5.27,0.0,routed,167.0,approach-review,0.14
89283012387ffff,Carriage Hills North NE 24,,45.3,3.62,0.0,routed,686.0,approach-review,0.128
8928301238bffff,Carriage Hills North NE 28,,60.1,4.81,0.0,routed,393.0,approach-review,0.145
8928301238fffff,Carriage Hills North NE 27,,56.6,4.53,0.0,routed,540.0,approach-review,0.798
892830123a3ffff,Carriage Hills North NE 25,,40.1,3.21,0.0,routed,426.0,approach-review,1.0
892830123a7ffff,Valley Oak Villas E 44,,38.5,3.08,0.0,routed,297.0,approach-review,1.0
892830123abffff,Carriage Hills North NE 29,,52.3,4.18,0.0,routed,563.0,approach-review,1.0
892830123afffff,Valley Oak Villas E 46,,45.5,3.64,0.0,routed,544.0,approach-review,1.0
892830123b3ffff,Carriage Hills North NE 23,,40.7,3.26,0.0,routed,472.0,approach-review,0.587
892830123b7ffff,Carriage Hills North NE 22,,36.4,2.91,0.0,routed,125.0,approach-review,0.982
892830123bbffff,Carriage Hills North NE 26,,44.5,3.56,0.0,routed,628.0,approach-review,1.0
892830125a7ffff,Carriage Hills North E 2,,70.6,5.65,362.0,routed,192.0,approach-review,0.365
892830125b7ffff,Carriage Hills South NE,,70.3,5.63,806.0,routed,167.0,approach-review,0.522
89283012803ffff,Alexandria Victoria By the Bay E 3,,23.3,1.86,1610.0,routed,71.0,network-estimate,1.0
89283012807ffff,Alexandria Victoria By the Bay E,,20.4,1.63,734.0,routed,159.0,approach-review,1.0
8928301280bffff,Alexandria Victoria By the Bay E 4,,31.5,2.52,1585.0,routed,95.0,network-estimate,1.0
8928301280fffff,Alexandria Victoria By the Bay E 2,,21.0,1.68,324.0,routed,156.0,approach-review,1.0
89283012813ffff,Alexandria Victoria By the Bay SE 4,,26.6,2.13,1511.0,routed,163.0,approach-review,1.0
89283012817ffff,Alexandria Victoria By the Bay SE 2,,29.4,2.35,706.0,routed,179.0,approach-review,1.0
8928301281bffff,Alexandria Victoria By the Bay E 6,,26.2,2.09,2093.0,routed,116.0,approach-review,1.0
89283012823ffff,Alexandria Victoria By the Bay N,,14.3,1.14,1897.0,routed,140.0,approach-review,1.0
89283012827ffff,Alexandria Victoria By the Bay N 2,,17.0,1.36,1593.0,routed,64.0,network-estimate,1.0
8928301282bffff,Rodeo SE 2,,12.4,0.99,1476.0,routed,93.0,network-estimate,1.0
8928301282fffff,Rodeo S,,10.6,0.85,1492.0,routed,93.0,network-estimate,1.0
89283012833ffff,Alexandria Victoria By the Bay NE,,21.0,1.68,2404.0,routed,93.0,network-estimate,1.0
89283012837ffff,Alexandria Victoria By the Bay NW,,21.6,1.73,1518.0,routed,96.0,network-estimate,1.0
8928301283bffff,Alexandria Victoria By the Bay NE 2,,16.2,1.29,1405.0,routed,52.0,network-estimate,1.0
89283012843ffff,Alexandria Victoria By the Bay E 10,,34.8,2.78,1041.0,routed,85.0,network-estimate,1.0
89283012847ffff,Alexandria Victoria By the Bay E 8,,28.9,2.32,869.0,routed,259.0,approach-review,1.0
8928301284bffff,Bayo Vista SE 12,,34.4,2.75,1096.0,routed,275.0,approach-review,1.0
8928301284fffff,Bayo Vista SE 9,,28.7,2.29,1288.0,routed,237.0,approach-review,1.0
89283012853ffff,Alexandria Victoria By the Bay E 11,,36.2,2.9,783.0,routed,230.0,approach-review,0.838
89283012857ffff,Alexandria Victoria By the Bay E 7,,31.0,2.48,1116.0,routed,217.0,approach-review,1.0
8928301285bffff,Alexandria Victoria By the Bay E 13,,37.8,3.03,0.0,routed,329.0,approach-review,0.833
89283012863ffff,Bayo Vista S 3,,22.8,1.82,687.0,routed,50.0,network-estimate,1.0
89283012867ffff,Bayo Vista S 2,,14.2,1.14,1243.0,routed,184.0,approach-review,1.0
8928301286bffff,Bayo Vista SE 4,,20.9,1.67,492.0,routed,289.0,approach-review,1.0
8928301286fffff,Bayo Vista SE 2,,16.5,1.32,914.0,routed,14.0,network-estimate,1.0
89283012873ffff,Alexandria Victoria By the Bay E 5,,32.7,2.61,1130.0,routed,216.0,approach-review,1.0
89283012877ffff,Alexandria Victoria By the Bay NE 3,,17.7,1.42,1054.0,routed,233.0,approach-review,1.0
8928301287bffff,Bayo Vista SE 6,,25.8,2.06,1145.0,routed,133.0,approach-review,1.0
89283012883ffff,Valley Oak Villas NE,,17.2,1.38,405.0,routed,63.0,network-estimate,1.0
89283012887ffff,Forest Past NE 3,,18.9,1.51,464.0,routed,83.0,network-estimate,1.0
8928301288bffff,Foxboro Park,,30.5,2.44,1035.0,routed,47.0,detour-review,1.0
8928301288fffff,Alexandria Victoria By the Bay SE 3,,35.0,2.8,1152.0,routed,100.0,detour-review,1.0
89283012893ffff,Valley Oak Villas E 4,,3.6,0.29,2522.0,routed,56.0,network-estimate,1.0
89283012897ffff,Valley Oak Villas E 3,,3.0,0.24,802.0,routed,25.0,network-estimate,1.0
8928301289bffff,Valley Oak Villas E 7,,9.0,0.72,1308.0,routed,142.0,approach-review,1.0
892830128a3ffff,Alexandria Victoria By the Bay S,,22.2,1.78,1040.0,routed,136.0,approach-review,1.0
892830128a7ffff,Alexandria Victoria By the Bay SW,,23.7,1.89,530.0,routed,21.0,network-estimate,1.0
892830128abffff,Alexandria Victoria By the Bay SE,,24.2,1.93,1066.0,routed,214.0,approach-review,1.0
892830128afffff,Alexandria Victoria By the Bay,,22.4,1.79,1794.0,routed,57.0,network-estimate,1.0
892830128b3ffff,Forest Past NE 2,,16.0,1.28,17.0,routed,117.0,approach-review,1.0
892830128b7ffff,Forest Past N,,19.4,1.55,1814.0,routed,104.0,approach-review,1.0
892830128bbffff,Alexandria Victoria By the Bay S 2,,24.3,1.94,141.0,routed,300.0,approach-review,1.0
892830128c3ffff,Alexandria Victoria By the Bay SE 6,,23.3,1.87,754.0,routed,136.0,approach-review,0.77
892830128c7ffff,Alexandria Victoria By the Bay SE 5,,21.9,1.76,2600.0,routed,49.0,network-estimate,1.0
892830128cbffff,Alexandria Victoria By the Bay E 12,,27.0,2.16,232.0,routed,342.0,approach-review,0.282
892830128cfffff,Alexandria Victoria By the Bay E 9,,26.7,2.14,1125.0,routed,249.0,approach-review,1.0
892830128d3ffff,Valley Oak Villas E 14,,15.7,1.26,531.0,routed,329.0,approach-review,0.858
892830128d7ffff,Valley Oak Villas E 11,,16.8,1.35,508.0,routed,142.0,approach-review,1.0
89283012903ffff,Dylan Apartment Homes N 5,,43.1,3.45,0.0,routed,749.0,approach-review,1.0
89283012907ffff,Dylan Apartment Homes NW 5,,39.6,3.17,0.0,routed,1066.0,approach-review,1.0
8928301290bffff,Dylan Apartment Homes N 6,,19.6,1.57,0.0,routed,631.0,approach-review,1.0
8928301290fffff,Dylan Apartment Homes N 7,,24.0,1.92,0.0,routed,948.0,approach-review,1.0
89283012913ffff,Dylan Apartment Homes NW 2,,40.5,3.24,0.0,routed,541.0,approach-review,1.0
89283012917ffff,Dylan Apartment Homes NW 4,,34.8,2.78,0.0,routed,829.0,approach-review,1.0
8928301291bffff,Dylan Apartment Homes N 4,,39.1,3.13,0.0,routed,408.0,approach-review,1.0
89283012923ffff,Dylan Apartment Homes NW 9,,32.5,2.6,0.0,routed,1634.0,approach-review,1.0
89283012927ffff,Dylan Apartment Homes NW 10,,49.3,3.94,0.0,routed,1928.0,approach-review,1.0
8928301292bffff,Rodeo W 10,,23.5,1.88,0.0,routed,1460.0,approach-review,1.0
8928301292fffff,Dylan Apartment Homes NW 11,,27.7,2.22,0.0,routed,1801.0,approach-review,1.0
89283012933ffff,Dylan Apartment Homes NW 7,,41.9,3.35,0.0,routed,1396.0,approach-review,1.0
89283012937ffff,Hercules N 3,,44.8,3.58,0.0,routed,1685.0,approach-review,1.0
8928301293bffff,Dylan Apartment Homes NW 8,,28.2,2.26,0.0,routed,1289.0,approach-review,1.0
89283012943ffff,Rodeo W 2,,10.8,0.86,302.0,routed,170.0,approach-review,1.0
89283012947ffff,Rodeo W 4,,13.2,1.06,0.0,routed,446.0,approach-review,1.0
8928301294bffff,Rodeo W,,4.5,0.36,1609.0,routed,137.0,approach-review,1.0
8928301294fffff,Rodeo W 3,,7.5,0.6,0.0,routed,279.0,approach-review,1.0
89283012953ffff,Alexandria Victoria By the Bay NW 3,,15.5,1.24,1180.0,routed,102.0,approach-review,1.0
89283012957ffff,Rodeo SW 2,,16.1,1.29,0.0,routed,315.0,approach-review,1.0
8928301295bffff,Rodeo SW,,9.5,0.76,1295.0,routed,147.0,approach-review,1.0
89283012963ffff,Rodeo W 7,,16.3,1.31,0.0,routed,887.0,approach-review,1.0
89283012967ffff,Rodeo W 9,,20.7,1.65,0.0,routed,1236.0,approach-review,1.0
8928301296bffff,Rodeo NW 3,,13.6,1.09,0.0,routed,716.0,approach-review,1.0
8928301296fffff,Rodeo NW 4,,18.0,1.44,0.0,routed,1063.0,approach-review,1.0
89283012973ffff,Rodeo W 6,,15.3,1.22,0.0,routed,752.0,approach-review,1.0
89283012977ffff,Rodeo W 8,,19.3,1.54,0.0,routed,1124.0,approach-review,1.0
8928301297bffff,Rodeo W 5,,12.0,0.96,0.0,routed,539.0,approach-review,1.0
89283012983ffff,Hercules N,,25.9,2.07,0.0,routed,171.0,approach-review,1.0
89283012987ffff,Hercules NW 2,,29.8,2.38,0.0,routed,504.0,approach-review,1.0
8928301298bffff,Dylan Apartment Homes NW,,29.4,2.35,0.0,routed,334.0,approach-review,1.0
8928301298fffff,Dylan Apartment Homes NW 3,,30.2,2.42,0.0,routed,519.0,approach-review,1.0
89283012993ffff,Hercules,,21.9,1.76,754.0,routed,51.0,network-estimate,1.0
89283012997ffff,Hercules NW,,23.0,1.84,0.0,routed,237.0,approach-review,1.0
8928301299bffff,Dylan Apartment Homes W,,26.4,2.11,989.0,routed,5.0,network-estimate,1.0
892830129a3ffff,Hercules NW 6,,37.1,2.97,0.0,routed,1093.0,approach-review,1.0
892830129a7ffff,Hercules NW 9,,38.4,3.08,0.0,routed,1407.0,approach-review,1.0
892830129abffff,Dylan Apartment Homes NW 6,,37.4,2.99,0.0,routed,1093.0,approach-review,1.0
892830129afffff,Hercules NW 10,,40.8,3.26,0.0,routed,1386.0,approach-review,1.0
892830129b3ffff,Hercules NW 4,,30.7,2.45,0.0,routed,819.0,approach-review,1.0
892830129b7ffff,Hercules NW 7,,34.5,2.76,0.0,routed,1150.0,approach-review,1.0
892830129bbffff,Hercules N 2,,33.3,2.66,0.0,routed,786.0,approach-review,1.0
892830129c3ffff,Dylan Apartment Homes NE,,31.0,2.48,726.0,routed,90.0,network-estimate,1.0
892830129c7ffff,Dylan Apartment Homes N 2,,36.1,2.89,0.0,routed,246.0,approach-review,1.0
892830129cbffff,Alexandria Victoria By the Bay NW 2,,21.0,1.68,932.0,routed,95.0,network-estimate,1.0
892830129cfffff,Dylan Apartment Homes N 3,,34.8,2.78,0.0,routed,79.0,network-estimate,1.0
892830129d3ffff,Dylan Apartment Homes E,,27.8,2.22,1187.0,routed,83.0,network-estimate,1.0
892830129d7ffff,Dylan Apartment Homes N,,30.5,2.44,212.0,routed,143.0,approach-review,1.0
892830129dbffff,Alexandria Victoria By the Bay W,,27.0,2.16,999.0,routed,70.0,network-estimate,1.0
89283012a03ffff,Bayo Vista E 17,,48.2,3.86,0.0,routed,233.0,approach-review,0.999
89283012a07ffff,Bayo Vista E 14,,44.3,3.54,283.0,routed,241.0,approach-review,1.0
89283012a0bffff,Valona S 2,,51.4,4.11,0.0,routed,389.0,approach-review,0.163
89283012a0fffff,Bayo Vista E 16,,47.1,3.77,0.0,routed,253.0,approach-review,1.0
89283012a13ffff,Bayo Vista E 18,,52.2,4.17,0.0,routed,402.0,approach-review,0.991
89283012a17ffff,Bayo Vista E 15,,51.1,4.09,0.0,routed,316.0,approach-review,1.0
89283012a1bffff,Valona S 3,,52.7,4.22,0.0,routed,448.0,approach-review,0.12
89283012a23ffff,Bayo Vista E 8,,36.4,2.91,344.0,routed,283.0,approach-review,1.0
89283012a27ffff,Bayo Vista E 6,,31.4,2.51,372.0,routed,159.0,approach-review,1.0
89283012a2bffff,Bayo Vista E 13,,41.2,3.29,194.0,routed,339.0,approach-review,1.0
89283012a2fffff,Bayo Vista E 10,,35.3,2.82,0.0,routed,290.0,approach-review,1.0
89283012a33ffff,Bayo Vista E 9,,41.3,3.3,0.0,routed,204.0,approach-review,1.0
89283012a37ffff,Bayo Vista E 5,,31.7,2.53,142.0,routed,189.0,approach-review,1.0
89283012a3bffff,Bayo Vista E 12,,41.8,3.34,90.0,routed,242.0,approach-review,1.0
89283012a63ffff,Valona SW 6,,51.5,4.12,0.0,routed,205.0,approach-review,0.282
89283012a67ffff,Valona SW 7,,49.8,3.98,0.0,routed,497.0,approach-review,1.0
89283012a6fffff,Valona SW 4,,51.3,4.11,0.0,routed,194.0,approach-review,0.121
89283012a73ffff,Valona SW 9,,51.8,4.15,0.0,routed,413.0,approach-review,0.217
89283012a77ffff,Valona SW 10,,46.9,3.75,0.0,routed,265.0,approach-review,1.0
89283012a83ffff,Bayo Vista SE 16,,40.9,3.27,0.0,routed,363.0,approach-review,1.0
89283012a87ffff,Bayo Vista SE 13,,37.4,2.99,365.0,routed,83.0,network-estimate,1.0
89283012a8bffff,Bayo Vista SE 17,,45.7,3.65,0.0,routed,359.0,approach-review,0.975
89283012a8fffff,Bayo Vista SE 14,,44.0,3.52,0.0,routed,228.0,approach-review,1.0
89283012a93ffff,Bayo Vista SE 18,,44.0,3.52,0.0,routed,414.0,approach-review,0.509
89283012a97ffff,Bayo Vista SE 15,,38.7,3.1,240.0,routed,223.0,approach-review,1.0
89283012a9bffff,Bayo Vista SE 19,,46.9,3.75,0.0,routed,458.0,approach-review,0.948
89283012aa3ffff,Bayo Vista SE 8,,37.3,2.98,0.0,routed,341.0,approach-review,1.0
89283012aa7ffff,Bayo Vista SE 5,,27.4,2.19,0.0,routed,416.0,approach-review,1.0
89283012aabffff,Bayo Vista E 11,,42.2,3.37,61.0,routed,101.0,approach-review,1.0
89283012aafffff,Bayo Vista E 7,,36.5,2.92,0.0,routed,279.0,approach-review,1.0
89283012ab3ffff,Bayo Vista SE 10,,32.8,2.62,97.0,routed,340.0,approach-review,1.0
89283012ab7ffff,Bayo Vista SE 7,,26.2,2.09,0.0,routed,424.0,approach-review,1.0
89283012abbffff,Bayo Vista SE 11,,41.7,3.34,0.0,routed,400.0,approach-review,1.0
89283012ac7ffff,Bayo Vista E 19,,55.7,4.46,0.0,routed,573.0,approach-review,0.08
89283012ad7ffff,Bayo Vista SE 20,,49.6,3.97,0.0,routed,670.0,approach-review,0.048
89283012b03ffff,Bayo Vista N 2,,15.6,1.25,600.0,routed,98.0,network-estimate,1.0
89283012b07ffff,Bayo Vista NW 2,,16.7,1.34,0.0,routed,254.0,approach-review,1.0
89283012b0bffff,Bayo Vista N 3,,18.5,1.48,466.0,routed,90.0,network-estimate,1.0
89283012b0fffff,Bayo Vista N 4,,20.8,1.66,0.0,routed,24.0,network-estimate,1.0
89283012b13ffff,Bayo Vista N,,13.4,1.07,1157.0,routed,44.0,network-estimate,1.0
89283012b17ffff,Bayo Vista NW,,11.6,0.93,270.0,routed,169.0,approach-review,1.0
89283012b1bffff,Bayo Vista NE,,17.5,1.4,0.0,routed,164.0,approach-review,1.0
89283012b23ffff,Bayo Vista NW 6,,29.2,2.34,0.0,routed,702.0,approach-review,0.338
89283012b2bffff,Bayo Vista N 8,,28.1,2.25,0.0,routed,545.0,approach-review,1.0
89283012b2fffff,Bayo Vista NW 8,,32.8,2.62,0.0,routed,804.0,approach-review,0.365
89283012b33ffff,Bayo Vista NW 4,,20.5,1.64,0.0,routed,556.0,approach-review,0.573
89283012b3bffff,Bayo Vista N 5,,24.9,1.99,0.0,routed,354.0,approach-review,1.0
89283012b43ffff,Bayo Vista NE 6,,29.1,2.33,0.0,routed,280.0,approach-review,1.0
89283012b47ffff,Bayo Vista NE 5,,26.7,2.14,200.0,routed,173.0,approach-review,1.0
89283012b4bffff,Bayo Vista NE 10,,36.0,2.88,259.0,routed,134.0,approach-review,1.0
89283012b4fffff,Bayo Vista NE 9,,37.7,3.02,355.0,routed,120.0,approach-review,1.0
89283012b53ffff,Bayo Vista NE 4,,27.0,2.16,212.0,routed,155.0,approach-review,1.0
89283012b57ffff,Bayo Vista NE 3,,21.3,1.7,294.0,routed,77.0,network-estimate,1.0
89283012b5bffff,Bayo Vista NE 7,,31.4,2.52,0.0,routed,253.0,approach-review,1.0
89283012b63ffff,Bayo Vista N 9,,28.6,2.28,0.0,routed,138.0,approach-review,1.0
89283012b67ffff,Bayo Vista N 10,,30.5,2.44,0.0,routed,348.0,approach-review,1.0
89283012b6bffff,Bayo Vista N 11,,34.8,2.78,0.0,routed,357.0,approach-review,1.0
89283012b6fffff,Bayo Vista N 13,,32.7,2.62,0.0,routed,470.0,approach-review,1.0
89283012b73ffff,Bayo Vista N 6,,23.3,1.86,290.0,routed,108.0,approach-review,1.0
89283012b77ffff,Bayo Vista N 7,,24.7,1.97,0.0,routed,157.0,approach-review,1.0
89283012b7bffff,Bayo Vista NE 8,,26.9,2.15,367.0,routed,139.0,approach-review,1.0
89283012b83ffff,Rodeo E,,5.4,0.43,1803.0,routed,149.0,approach-review,1.0
89283012b87ffff,Rodeo N,,0.9,0.07,2685.0,routed,49.0,network-estimate,1.0
89283012b8bffff,Bayo Vista,,9.9,0.79,1280.0,routed,53.0,network-estimate,1.0
89283012b8fffff,Bayo Vista W,,6.8,0.55,1797.0,routed,86.0,network-estimate,1.0
89283012b93ffff,Rodeo SE,,8.5,0.68,1310.0,routed,112.0,approach-review,1.0
89283012b97ffff,Rodeo,,4.6,0.36,1563.0,routed,12.0,network-estimate,1.0
89283012b9bffff,Bayo Vista S,,10.9,0.87,1767.0,routed,107.0,approach-review,1.0
89283012ba3ffff,Bayo Vista W 3,,8.3,0.67,0.0,routed,292.0,approach-review,1.0
89283012ba7ffff,Bayo Vista W 4,,11.8,0.95,0.0,routed,640.0,approach-review,1.0
89283012babffff,Bayo Vista NW 3,,10.2,0.81,0.0,routed,453.0,approach-review,1.0
89283012bafffff,Bayo Vista NW 5,,12.2,0.97,0.0,routed,671.0,approach-review,0.644
89283012bb3ffff,Rodeo NW,,4.8,0.38,668.0,routed,83.0,network-estimate,1.0
89283012bb7ffff,Rodeo NW 2,,9.3,0.74,0.0,routed,372.0,approach-review,1.0
89283012bbbffff,Bayo Vista W 2,,5.6,0.45,669.0,routed,134.0,approach-review,1.0
89283012bc3ffff,Bayo Vista E 2,,22.1,1.77,0.0,routed,171.0,approach-review,1.0
89283012bc7ffff,Bayo Vista E,,14.1,1.13,33.0,routed,158.0,approach-review,1.0
89283012bcbffff,Bayo Vista E 3,,27.3,2.19,572.0,routed,185.0,approach-review,1.0
89283012bcfffff,Bayo Vista NE 2,,21.6,1.73,0.0,routed,165.0,approach-review,1.0
89283012bd3ffff,Bayo Vista SE 3,,19.8,1.58,0.0,routed,224.0,approach-review,1.0
89283012bd7ffff,Bayo Vista SE,,18.1,1.44,0.0,routed,126.0,approach-review,1.0
89283012bdbffff,Bayo Vista E 4,,27.7,2.22,83.0,routed,219.0,approach-review,1.0
89283012c03ffff,Valley Oak Villas SE 11,,17.7,1.42,554.0,routed,306.0,approach-review,1.0
89283012c07ffff,Valley Oak Villas SE 7,,22.6,1.81,1216.0,routed,113.0,approach-review,1.0
89283012c0bffff,Valley Oak Villas SE 12,,11.2,0.89,651.0,routed,127.0,approach-review,1.0
89283012c0fffff,Valley Oak Villas SE 8,,15.1,1.21,591.0,routed,239.0,approach-review,1.0
89283012c13ffff,Valley Oak Villas SE 14,,35.6,2.85,588.0,routed,137.0,approach-review,1.0
89283012c17ffff,Valley Oak Villas SE 9,,29.4,2.36,599.0,routed,238.0,approach-review,1.0
89283012c1bffff,Valley Oak Villas SE 15,,10.0,0.8,432.0,routed,337.0,approach-review,1.0
89283012c23ffff,Valley Oak Villas SE 3,,19.9,1.59,1067.0,routed,208.0,approach-review,1.0
89283012c27ffff,Valley Oak Villas SE,,14.8,1.18,1146.0,routed,188.0,approach-review,1.0
89283012c2bffff,Valley Oak Villas E 5,,20.0,1.6,2422.0,routed,79.0,network-estimate,1.0
89283012c2fffff,Valley Oak Villas E 2,,14.9,1.19,1820.0,routed,102.0,approach-review,1.0
89283012c33ffff,Valley Oak Villas SE 4,,25.5,2.04,1050.0,routed,185.0,approach-review,1.0
89283012c37ffff,Valley Oak Villas SE 2,,21.1,1.69,1354.0,routed,46.0,network-estimate,1.0
89283012c3bffff,Valley Oak Villas SE 5,,20.2,1.61,1180.0,routed,175.0,approach-review,1.0
89283012c43ffff,Valley Oak Villas E 20,,1.9,0.15,827.0,routed,121.0,approach-review,1.0
89283012c47ffff,Valley Oak Villas E 16,,15.0,1.2,1031.0,routed,156.0,approach-review,1.0
89283012c4bffff,Valley Oak Villas E 23,,13.3,1.06,1302.0,routed,85.0,network-estimate,1.0
89283012c4fffff,Valley Oak Villas E 19,,14.7,1.17,1165.0,routed,155.0,approach-review,1.0
89283012c53ffff,Valley Oak Villas SE 21,,2.9,0.23,1343.0,routed,81.0,network-estimate,1.0
89283012c57ffff,Valley Oak Villas SE 16,,6.2,0.49,687.0,routed,100.0,network-estimate,1.0
89283012c5bffff,Valley Oak Villas E 24,,9.5,0.76,1099.0,routed,153.0,approach-review,1.0
89283012c63ffff,Valley Oak Villas E 10,,13.5,1.08,1424.0,routed,100.0,network-estimate,1.0
89283012c67ffff,Valley Oak Villas E 6,,9.1,0.73,2077.0,routed,133.0,approach-review,1.0
89283012c6bffff,Valley Oak Villas E 13,,17.1,1.37,557.0,routed,124.0,approach-review,1.0
89283012c6fffff,Valley Oak Villas E 9,,13.7,1.09,1543.0,routed,103.0,approach-review,1.0
89283012c73ffff,Valley Oak Villas E 12,,13.9,1.12,1112.0,routed,143.0,approach-review,1.0
89283012c77ffff,Valley Oak Villas E 8,,10.8,0.86,896.0,routed,203.0,approach-review,1.0
89283012c7bffff,Valley Oak Villas E 15,,18.2,1.46,1369.0,routed,170.0,approach-review,1.0
89283012c83ffff,Valley Oak Villas SE 18,,33.6,2.69,402.0,routed,326.0,approach-review,1.0
89283012c87ffff,Westwood SE 10,,32.1,2.56,287.0,routed,92.0,network-estimate,1.0
89283012c8bffff,Valley Oak Villas SE 17,,38.4,3.07,157.0,routed,359.0,approach-review,1.0
89283012c8fffff,Valley Oak Villas SE 13,,36.7,2.94,523.0,routed,188.0,approach-review,1.0
89283012c93ffff,Carriage Hills North N 16,,31.6,2.53,160.0,routed,222.0,approach-review,1.0
89283012c97ffff,Carriage Hills North NW 22,,28.6,2.29,1105.0,routed,167.0,approach-review,1.0
89283012c9bffff,Carriage Hills North N 19,,27.2,2.18,0.0,routed,342.0,approach-review,1.0
89283012ca3ffff,Westwood SE 6,,25.9,2.08,483.0,routed,219.0,approach-review,1.0
89283012ca7ffff,Westwood SE 4,,21.9,1.76,1047.0,routed,161.0,approach-review,1.0
89283012cabffff,Valley Oak Villas SE 6,,28.8,2.3,1006.0,routed,99.0,network-estimate,1.0
89283012cafffff,Valley Oak Villas S 2,,26.1,2.09,597.0,routed,192.0,approach-review,1.0
89283012cb3ffff,Westwood SE 7,,27.2,2.18,110.0,routed,113.0,approach-review,1.0
89283012cb7ffff,Westwood SE 5,,22.6,1.81,0.0,routed,223.0,approach-review,1.0
89283012cbbffff,Valley Oak Villas SE 10,,32.0,2.56,633.0,routed,177.0,approach-review,1.0
89283012cc3ffff,Valley Oak Villas SE 22,,14.3,1.14,0.0,routed,463.0,approach-review,1.0
89283012cc7ffff,Valley Oak Villas SE 19,,14.2,1.14,0.0,routed,458.0,approach-review,1.0
89283012ccbffff,Valley Oak Villas SE 23,,7.7,0.61,28.0,routed,264.0,approach-review,1.0
89283012ccfffff,Valley Oak Villas SE 20,,6.8,0.54,338.0,routed,298.0,approach-review,1.0
89283012cd3ffff,Carriage Hills North N 20,,19.6,1.57,38.0,routed,215.0,approach-review,1.0
89283012cd7ffff,Carriage Hills North N 21,,22.1,1.77,0.0,routed,416.0,approach-review,1.0
89283012cdbffff,Carriage Hills North N 23,,17.8,1.42,0.0,routed,475.0,approach-review,1.0
89283012d03ffff,Glenwood,,16.0,1.28,1292.0,routed,129.0,approach-review,1.0
89283012d07ffff,Olympian Hills S 2,,6.9,0.55,1059.0,routed,160.0,approach-review,1.0
89283012d0bffff,Devonwood,,16.9,1.35,2696.0,routed,75.0,network-estimate,1.0
89283012d0fffff,Olympian Hills S,,14.1,1.13,1847.0,routed,31.0,network-estimate,1.0
89283012d13ffff,Glenwood SW,,11.5,0.92,1636.0,routed,89.0,network-estimate,1.0
89283012d17ffff,Glenwood W,,4.9,0.39,1003.0,routed,108.0,approach-review,1.0
89283012d1bffff,Wildwood SW,,17.4,1.4,2456.0,routed,7.0,network-estimate,1.0
89283012d23ffff,Olympian Hills W,,22.4,1.79,1573.0,routed,134.0,approach-review,1.0
89283012d27ffff,Olympian Hills W 3,,14.6,1.17,0.0,routed,125.0,approach-review,1.0
89283012d2bffff,Olympian Hills NW,,21.1,1.68,1839.0,routed,27.0,network-estimate,1.0
89283012d2fffff,Hercules W,,16.8,1.34,411.0,routed,97.0,network-estimate,1.0
89283012d33ffff,Olympian Hills SW 2,,6.8,0.55,1693.0,routed,159.0,approach-review,1.0
89283012d37ffff,Olympian Hills W 2,,8.4,0.67,916.0,routed,32.0,network-estimate,1.0
89283012d3bffff,Olympian Hills SW,,18.6,1.49,1975.0,routed,31.0,network-estimate,1.0
89283012d43ffff,Forest Past SE,,10.1,0.81,1143.0,routed,128.0,approach-review,1.0
89283012d47ffff,Forest Past,,18.3,1.46,1271.0,routed,136.0,approach-review,1.0
89283012d4bffff,Forest Past E,,7.8,0.63,398.0,routed,125.0,approach-review,1.0
89283012d4fffff,Forest Past NE,,13.5,1.08,915.0,routed,62.0,network-estimate,1.0
89283012d53ffff,Valley Oak Villas,,12.7,1.01,1230.0,routed,78.0,network-estimate,1.0
89283012d57ffff,Wildwood,,19.8,1.59,1689.0,routed,124.0,approach-review,1.0
89283012d5bffff,Valley Oak Villas E,,9.1,0.73,1715.0,routed,36.0,network-estimate,1.0
89283012d63ffff,Olympian Hills NE,,22.8,1.83,653.0,routed,143.0,approach-review,1.0
89283012d67ffff,Olympian Hills N,,24.7,1.98,1555.0,routed,1.0,network-estimate,1.0
89283012d6bffff,Dylan Apartment Homes SE,,22.6,1.81,1966.0,routed,54.0,network-estimate,1.0
89283012d6fffff,Dylan Apartment Homes,,27.8,2.22,1459.0,routed,120.0,approach-review,1.0
89283012d73ffff,Olympian Hills E,,16.6,1.33,1045.0,routed,109.0,approach-review,1.0
89283012d77ffff,Olympian Hills,,18.9,1.51,1741.0,routed,58.0,network-estimate,1.0
89283012d7bffff,Devonwood NE,,18.9,1.51,2090.0,routed,56.0,network-estimate,1.0
89283012d83ffff,Westwood SW 2,,10.2,0.81,1188.0,routed,47.0,network-estimate,1.0
89283012d87ffff,Pinole SE 3,,7.5,0.6,1234.0,routed,19.0,network-estimate,1.0
89283012d8bffff,Westwood SW,,11.3,0.9,871.0,routed,216.0,approach-review,1.0
89283012d8fffff,Glenwood SW 2,,5.5,0.44,1132.0,routed,92.0,network-estimate,1.0
89283012d93ffff,Westwood SW 3,,6.5,0.52,806.0,routed,119.0,approach-review,1.0
89283012d97ffff,Pinole SE 4,,13.1,1.04,463.0,routed,146.0,approach-review,1.0
89283012d9bffff,Westwood S 2,,9.3,0.75,286.0,routed,92.0,network-estimate,1.0
89283012da3ffff,Pinole E,,4.7,0.38,1139.0,routed,53.0,network-estimate,1.0
89283012da7ffff,Pinole N,,15.1,1.21,1277.0,routed,71.0,network-estimate,1.0
89283012dabffff,Fernandez Park,,0.9,0.07,1060.0,routed,33.0,network-estimate,1.0
89283012dafffff,Pinole NE,,5.9,0.47,1332.0,routed,150.0,approach-review,1.0
89283012db3ffff,Pinole SE,,9.5,0.76,1114.0,routed,68.0,network-estimate,1.0
89283012db7ffff,Pinole,,10.7,0.86,1517.0,routed,59.0,network-estimate,1.0
89283012dbbffff,Pinole E 2,,3.0,0.24,1585.0,routed,23.0,network-estimate,1.0
89283012dc3ffff,Westwood SE,,22.2,1.77,1382.0,routed,110.0,approach-review,1.0
89283012dc7ffff,Westwood,,15.1,1.21,538.0,routed,236.0,approach-review,1.0
89283012dcbffff,Valley Oak Villas S,,17.7,1.42,457.0,routed,138.0,approach-review,1.0
89283012dcfffff,Westwood E,,17.1,1.37,743.0,routed,200.0,approach-review,1.0
89283012dd3ffff,Westwood SE 2,,16.8,1.34,1040.0,routed,89.0,network-estimate,1.0
89283012dd7ffff,Westwood S,,16.4,1.31,286.0,routed,273.0,approach-review,1.0
89283012ddbffff,Westwood SE 3,,25.3,2.02,233.0,routed,275.0,approach-review,1.0
89283012e1bffff,Alexandria Victoria By the Bay E 15,,39.3,3.15,0.0,routed,252.0,approach-review,0.034
89283012e2fffff,Alexandria Victoria By the Bay E 14,,41.9,3.35,0.0,routed,491.0,approach-review,0.072
89283012e67ffff,Bayo Vista SE 21,,46.5,3.72,0.0,routed,567.0,approach-review,0.222
89283012e6fffff,Bayo Vista SE 22,,51.2,4.1,0.0,routed,803.0,approach-review,0.021
89283012e83ffff,Valley Oak Villas E 30,,22.0,1.76,257.0,routed,256.0,approach-review,0.977
89283012e87ffff,Valley Oak Villas E 26,,18.3,1.46,961.0,routed,189.0,approach-review,1.0
89283012e8bffff,Valley Oak Villas E 33,,24.6,1.97,0.0,routed,210.0,approach-review,0.13
89283012e8fffff,Valley Oak Villas E 29,,24.6,1.96,177.0,routed,207.0,approach-review,0.462
89283012e93ffff,Valley Oak Villas E 31,,17.5,1.4,1162.0,routed,106.0,approach-review,1.0
89283012e97ffff,Valley Oak Villas E 27,,13.0,1.04,1031.0,routed,181.0,approach-review,1.0
89283012e9bffff,Valley Oak Villas E 34,,23.3,1.87,95.0,routed,191.0,approach-review,0.927
89283012ea3ffff,Valley Oak Villas E 21,,24.4,1.95,317.0,routed,330.0,approach-review,0.248
89283012ea7ffff,Valley Oak Villas E 17,,24.5,1.96,293.0,routed,193.0,approach-review,0.37
89283012eb3ffff,Valley Oak Villas E 22,,20.3,1.63,1209.0,routed,101.0,approach-review,1.0
89283012eb7ffff,Valley Oak Villas E 18,,21.2,1.69,630.0,routed,243.0,approach-review,0.997
89283012ebbffff,Valley Oak Villas E 25,,21.2,1.7,766.0,routed,154.0,approach-review,0.512
89283012ec3ffff,Valley Oak Villas E 40,,34.8,2.78,0.0,routed,463.0,approach-review,1.0
89283012ec7ffff,Valley Oak Villas E 36,,29.3,2.34,0.0,routed,396.0,approach-review,0.207
89283012ecbffff,Valley Oak Villas E 42,,53.4,4.27,0.0,routed,289.0,approach-review,0.814
89283012ecfffff,Valley Oak Villas E 39,,49.5,3.96,0.0,routed,142.0,approach-review,0.723
89283012ed3ffff,Valley Oak Villas E 41,,33.1,2.65,0.0,routed,421.0,approach-review,1.0
89283012ed7ffff,Valley Oak Villas E 37,,28.8,2.31,0.0,routed,362.0,approach-review,0.435
89283012edbffff,Valley Oak Villas E 43,,47.8,3.83,0.0,routed,206.0,approach-review,1.0
8928301601bffff,Tara Hills Mobile Manor NW 162,,156.2,12.5,0.0,routed,3790.0,approach-review,0.139
89283016043ffff,Tara Hills Mobile Manor NW 158,,159.3,12.74,0.0,routed,4035.0,approach-review,0.999
89283016047ffff,Tara Hills Mobile Manor NW 167,,161.9,12.95,0.0,routed,4243.0,approach-review,0.015
8928301604bffff,Tara Hills Mobile Manor NW 156,,161.3,12.9,0.0,routed,4199.0,approach-review,1.0
8928301604fffff,Tara Hills Mobile Manor NW 165,,163.6,13.09,0.0,routed,4385.0,approach-review,0.291
89283016053ffff,Tara Hills Mobile Manor NW 147,,154.9,12.39,0.0,routed,3684.0,approach-review,1.0
89283016057ffff,Tara Hills Mobile Manor NW 160,,157.5,12.6,0.0,routed,3897.0,approach-review,0.623
8928301605bffff,Tara Hills Mobile Manor NW 144,,156.9,12.55,0.0,routed,3846.0,approach-review,1.0
8928301608bffff,Tara Hills Mobile Manor NW 154,,151.2,12.1,0.0,routed,3393.0,approach-review,0.297
89283016093ffff,Tara Hills Mobile Manor NW 152,,147.2,11.78,0.0,routed,3072.0,approach-review,0.486
8928301609bffff,Tara Hills Mobile Manor NW 146,,147.3,11.78,0.0,routed,3076.0,approach-review,0.935
892830160c3ffff,Tara Hills Mobile Manor NW 138,,148.9,11.92,0.0,routed,3210.0,approach-review,1.0
892830160c7ffff,Tara Hills Mobile Manor NW 153,,152.0,12.16,0.0,routed,3454.0,approach-review,0.795
892830160cbffff,Tara Hills Mobile Manor NW 135,,150.5,12.04,0.0,routed,3335.0,approach-review,1.0
892830160cfffff,Tara Hills Mobile Manor NW 150,,153.2,12.26,0.0,routed,3553.0,approach-review,1.0
892830160d3ffff,Tara Hills Mobile Manor NW 127,,144.7,11.58,0.0,routed,2870.0,approach-review,1.0
892830160d7ffff,Tara Hills Mobile Manor NW 141,,147.9,11.83,0.0,routed,3123.0,approach-review,1.0
892830160dbffff,Tara Hills Mobile Manor NW 125,,146.1,11.69,0.0,routed,2986.0,approach-review,1.0
89283016203ffff,Tara Hills Mobile Manor NW 169,,173.5,13.88,0.0,routed,5174.0,approach-review,1.0
89283016207ffff,Tara Hills Mobile Manor NW 172,,175.1,14.01,0.0,routed,5301.0,approach-review,0.286
8928301620bffff,Tara Hills Mobile Manor NW 170,,176.5,14.12,0.0,routed,5415.0,approach-review,1.0
8928301620fffff,Tara Hills Mobile Manor NW 173,,177.9,14.23,0.0,routed,5524.0,approach-review,0.57
89283016213ffff,Tara Hills Mobile Manor NW 161,,169.1,13.53,0.0,routed,4825.0,approach-review,1.0
89283016217ffff,Tara Hills Mobile Manor NW 168,,170.7,13.65,0.0,routed,4949.0,approach-review,0.999
8928301621bffff,Tara Hills Mobile Manor NW 163,,172.2,13.77,0.0,routed,5069.0,approach-review,1.0
89283016243ffff,Tara Hills Mobile Manor N 49,,178.8,14.3,0.0,routed,5595.0,approach-review,1.0
89283016247ffff,Tara Hills Mobile Manor N 50,,179.7,14.37,0.0,routed,5669.0,approach-review,1.0
8928301624bffff,Bayside Apartment Homes NW 73,,182.3,14.58,0.0,routed,5875.0,approach-review,1.0
8928301624fffff,Bayside Apartment Homes NW 76,,183.0,14.64,0.0,routed,5934.0,approach-review,1.0
89283016253ffff,Tara Hills Mobile Manor N 47,,174.6,13.96,0.0,routed,5259.0,approach-review,1.0
89283016257ffff,Tara Hills Mobile Manor N 48,,175.4,14.03,0.0,routed,5326.0,approach-review,1.0
8928301625bffff,Bayside Apartment Homes NW 69,,178.1,14.25,0.0,routed,5543.0,approach-review,1.0
89283016263ffff,Tara Hills Mobile Manor N 53,,185.2,14.82,0.0,routed,6110.0,approach-review,0.049
8928301626bffff,Bayside Apartment Homes NW 83,,188.3,15.06,0.0,routed,6357.0,approach-review,0.282
89283016273ffff,Tara Hills Mobile Manor N 51,,180.8,14.47,0.0,routed,5762.0,approach-review,0.84
8928301627bffff,Tara Hills Mobile Manor N 52,,184.0,14.72,0.0,routed,6012.0,approach-review,0.999
89283016283ffff,Tara Hills Mobile Manor NW 145,,161.9,12.95,0.0,routed,4245.0,approach-review,1.0
89283016287ffff,Tara Hills Mobile Manor NW 157,,163.7,13.09,0.0,routed,4387.0,approach-review,1.0
8928301628bffff,Tara Hills Mobile Manor NW 148,,164.8,13.18,0.0,routed,4476.0,approach-review,1.0
8928301628fffff,Tara Hills Mobile Manor NW 159,,166.3,13.3,0.0,routed,4597.0,approach-review,1.0
89283016293ffff,Tara Hills Mobile Manor NW 131,,157.5,12.6,0.0,routed,3894.0,approach-review,1.0
89283016297ffff,Tara Hills Mobile Manor NW 143,,159.2,12.74,0.0,routed,4034.0,approach-review,1.0
8928301629bffff,Tara Hills Mobile Manor NW 133,,160.4,12.83,0.0,routed,4128.0,approach-review,1.0
892830162abffff,Tara Hills Mobile Manor NW 171,,172.5,13.8,0.0,routed,5094.0,approach-review,0.052
892830162b3ffff,Tara Hills Mobile Manor NW 164,,165.7,13.26,0.0,routed,4552.0,approach-review,0.575
892830162bbffff,Tara Hills Mobile Manor NW 166,,168.1,13.45,0.0,routed,4741.0,approach-review,0.844
892830162c3ffff,Tara Hills Mobile Manor NW 139,,166.9,13.35,0.0,routed,4645.0,approach-review,1.0
892830162c7ffff,Tara Hills Mobile Manor NW 151,,167.9,13.43,0.0,routed,4723.0,approach-review,1.0
892830162cbffff,Tara Hills Mobile Manor N 45,,170.4,13.63,0.0,routed,4924.0,approach-review,1.0
892830162cfffff,Tara Hills Mobile Manor N 46,,171.1,13.69,0.0,routed,4985.0,approach-review,1.0
892830162d3ffff,Tara Hills Mobile Manor NW 124,,162.7,13.01,0.0,routed,4308.0,approach-review,1.0
892830162d7ffff,Tara Hills Mobile Manor NW 136,,163.6,13.08,0.0,routed,4379.0,approach-review,1.0
892830162dbffff,Tara Hills Mobile Manor N 43,,166.2,13.3,0.0,routed,4593.0,approach-review,1.0
89283016403ffff,Tara Hills Mobile Manor NW 113,,131.9,10.55,0.0,routed,2070.0,approach-review,1.0
89283016407ffff,Tara Hills Mobile Manor NW 126,,136.0,10.88,0.0,routed,2400.0,approach-review,1.0
8928301640bffff,Tara Hills Mobile Manor NW 105,,132.3,10.58,0.0,routed,1876.0,approach-review,1.0
8928301640fffff,Tara Hills Mobile Manor NW 117,,136.3,10.9,0.0,routed,2196.0,approach-review,1.0
89283016413ffff,San Marcos Apartments NW 56,,128.8,10.3,0.0,routed,1843.0,approach-review,1.0
89283016417ffff,San Marcos Apartments NW 62,,133.1,10.65,0.0,routed,2184.0,approach-review,1.0
8928301641bffff,Tara Hills Mobile Manor NW 100,,127.8,10.23,0.0,routed,1746.0,approach-review,1.0
89283016423ffff,Tara Hills Mobile Manor NW 149,,143.3,11.46,0.0,routed,2985.0,approach-review,0.357
8928301642bffff,Tara Hills Mobile Manor NW 142,,143.7,11.49,0.0,routed,2789.0,approach-review,1.0
8928301642fffff,Tara Hills Mobile Manor NW 155,,147.1,11.77,0.0,routed,3251.0,approach-review,0.048
89283016433ffff,Tara Hills Mobile Manor NW 140,,140.2,11.21,0.0,routed,2735.0,approach-review,0.873
8928301643bffff,Tara Hills Mobile Manor NW 134,,139.3,11.14,0.0,routed,2661.0,approach-review,1.0
89283016443ffff,Tara Hills Mobile Manor NW 89,,129.0,10.32,0.0,routed,1612.0,approach-review,1.0
89283016447ffff,Tara Hills Mobile Manor NW 101,,132.3,10.58,0.0,routed,1879.0,approach-review,1.0
8928301644bffff,Tara Hills Mobile Manor NW 83,,130.5,10.44,0.0,routed,1733.0,approach-review,1.0
8928301644fffff,Tara Hills Mobile Manor NW 94,,133.2,10.66,0.0,routed,1950.0,approach-review,1.0
89283016453ffff,Tara Hills Mobile Manor NW 82,,124.8,9.99,0.0,routed,1282.0,approach-review,1.0
89283016457ffff,Tara Hills Mobile Manor NW 93,,128.4,10.27,0.0,routed,1569.0,approach-review,1.0
8928301645bffff,Tara Hills Mobile Manor NW 75,,126.1,10.09,0.0,routed,1382.0,approach-review,1.0
89283016463ffff,Tara Hills Mobile Manor NW 123,,139.8,11.18,0.0,routed,2477.0,approach-review,1.0
89283016467ffff,Tara Hills Mobile Manor NW 137,,143.4,11.47,0.0,routed,2769.0,approach-review,1.0
8928301646bffff,Tara Hills Mobile Manor NW 116,,140.5,11.24,0.0,routed,2533.0,approach-review,1.0
8928301646fffff,Tara Hills Mobile Manor NW 129,,143.8,11.5,0.0,routed,2796.0,approach-review,1.0
89283016473ffff,Tara Hills Mobile Manor NW 114,,135.9,10.87,0.0,routed,2169.0,approach-review,1.0
89283016477ffff,Tara Hills Mobile Manor NW 128,,139.7,11.18,0.0,routed,2474.0,approach-review,1.0
8928301647bffff,Tara Hills Mobile Manor NW 108,,136.3,10.91,0.0,routed,2202.0,approach-review,1.0
89283016483ffff,San Marcos Apartments NW 55,,127.1,10.17,0.0,routed,1839.0,approach-review,1.0
89283016487ffff,San Marcos Apartments NW 61,,131.5,10.52,0.0,routed,2154.0,approach-review,1.0
8928301648bffff,San Marcos Apartments NW 53,,125.0,10.0,0.0,routed,1635.0,approach-review,1.0
8928301648fffff,San Marcos Apartments NW 59,,129.3,10.34,0.0,routed,1980.0,approach-review,1.0
89283016493ffff,San Marcos Apartments NW 52,,125.0,10.0,0.0,routed,1731.0,approach-review,1.0
89283016497ffff,San Marcos Apartments NW 57,,129.3,10.34,0.0,routed,2073.0,approach-review,1.0
8928301649bffff,San Marcos Apartments NW 49,,122.8,9.82,0.0,routed,1491.0,approach-review,1.0
892830164a3ffff,San Marcos Apartments NW 71,,138.0,11.04,0.0,routed,2674.0,approach-review,1.0
892830164a7ffff,San Marcos Apartments NW 77,,142.3,11.38,0.0,routed,3021.0,approach-review,0.086
892830164abffff,San Marcos Apartments NW 68,,136.3,10.9,0.0,routed,2537.0,approach-review,1.0
892830164afffff,San Marcos Apartments NW 74,,140.5,11.24,0.0,routed,2879.0,approach-review,0.472
892830164b3ffff,San Marcos Apartments NW 67,,135.8,10.87,0.0,routed,2502.0,approach-review,1.0
892830164b7ffff,San Marcos Apartments NW 73,,140.2,11.21,0.0,routed,2850.0,approach-review,0.789
892830164bbffff,San Marcos Apartments NW 65,,133.6,10.69,0.0,routed,2327.0,approach-review,1.0
892830164c3ffff,Tara Hills Mobile Manor NW 81,,120.4,9.63,0.0,routed,1154.0,approach-review,1.0
892830164c7ffff,San Marcos Apartments NW 50,,124.6,9.97,0.0,routed,1504.0,approach-review,1.0
892830164cbffff,Tara Hills Mobile Manor NW 73,,120.9,9.67,0.0,routed,968.0,approach-review,1.0
892830164cfffff,Tara Hills Mobile Manor NW 86,,124.8,9.99,0.0,routed,1281.0,approach-review,1.0
892830164d3ffff,San Marcos Apartments NW 42,,116.4,9.31,0.0,routed,950.0,approach-review,1.0
892830164d7ffff,San Marcos Apartments NW 47,,120.7,9.65,0.0,routed,1291.0,approach-review,1.0
892830164dbffff,Tara Hills Mobile Manor NW 69,,116.4,9.31,0.0,routed,835.0,approach-review,1.0
89283016603ffff,Tara Hills Mobile Manor NW 85,,143.2,11.45,0.0,routed,2747.0,approach-review,1.0
89283016607ffff,Tara Hills Mobile Manor NW 97,,144.3,11.55,0.0,routed,2842.0,approach-review,1.0
8928301660bffff,Tara Hills Mobile Manor NW 84,,146.6,11.73,0.0,routed,3024.0,approach-review,1.0
8928301660fffff,Tara Hills Mobile Manor NW 95,,147.4,11.79,0.0,routed,3089.0,approach-review,1.0
89283016613ffff,Tara Hills Mobile Manor NW 77,,138.9,11.11,0.0,routed,2408.0,approach-review,1.0
89283016617ffff,Tara Hills Mobile Manor NW 88,,140.0,11.2,0.0,routed,2493.0,approach-review,1.0
8928301661bffff,Tara Hills Mobile Manor NW 74,,142.5,11.4,0.0,routed,2694.0,approach-review,1.0
89283016623ffff,Tara Hills Mobile Manor NW 120,,150.4,12.03,0.0,routed,3328.0,approach-review,1.0
89283016627ffff,Tara Hills Mobile Manor NW 132,,152.5,12.2,0.0,routed,3493.0,approach-review,1.0
8928301662bffff,Tara Hills Mobile Manor NW 118,,153.1,12.25,0.0,routed,3543.0,approach-review,1.0
8928301662fffff,Tara Hills Mobile Manor NW 130,,154.8,12.39,0.0,routed,3681.0,approach-review,1.0
89283016633ffff,Tara Hills Mobile Manor NW 110,,146.0,11.68,0.0,routed,2975.0,approach-review,1.0
89283016637ffff,Tara Hills Mobile Manor NW 122,,148.1,11.85,0.0,routed,3141.0,approach-review,1.0
8928301663bffff,Tara Hills Mobile Manor NW 107,,148.7,11.9,0.0,routed,3192.0,approach-review,1.0
89283016643ffff,Tara Hills Mobile Manor NW 78,,150.2,12.02,0.0,routed,3313.0,approach-review,1.0
89283016647ffff,Tara Hills Mobile Manor NW 87,,150.3,12.02,0.0,routed,3317.0,approach-review,1.0
8928301664bffff,Tara Hills Mobile Manor N 35,,154.3,12.34,0.0,routed,3637.0,approach-review,1.0
8928301664fffff,Tara Hills Mobile Manor NW 90,,154.1,12.33,0.0,routed,3624.0,approach-review,1.0
89283016653ffff,Tara Hills Mobile Manor NW 66,,146.5,11.72,0.0,routed,3012.0,approach-review,1.0
89283016657ffff,Tara Hills Mobile Manor NW 76,,146.3,11.7,0.0,routed,2998.0,approach-review,1.0
8928301665bffff,Tara Hills Mobile Manor NW 68,,144.1,11.53,0.0,routed,3317.0,approach-review,1.0
89283016663ffff,Tara Hills Mobile Manor NW 109,,155.0,12.4,0.0,routed,3696.0,approach-review,1.0
89283016667ffff,Tara Hills Mobile Manor NW 119,,156.1,12.49,0.0,routed,3780.0,approach-review,1.0
8928301666bffff,Tara Hills Mobile Manor NW 111,,158.5,12.68,0.0,routed,3974.0,approach-review,1.0
8928301666fffff,Tara Hills Mobile Manor NW 121,,159.3,12.74,0.0,routed,4037.0,approach-review,1.0
89283016673ffff,Tara Hills Mobile Manor NW 96,,150.8,12.06,0.0,routed,3358.0,approach-review,1.0
89283016677ffff,Tara Hills Mobile Manor NW 106,,151.7,12.14,0.0,routed,3434.0,approach-review,1.0
8928301667bffff,Tara Hills Mobile Manor NW 98,,154.4,12.35,0.0,routed,3643.0,approach-review,1.0
89283016683ffff,Tara Hills Mobile Manor NW 70,,131.3,10.51,0.0,routed,1800.0,approach-review,1.0
89283016687ffff,Tara Hills Mobile Manor NW 80,,132.8,10.62,0.0,routed,1916.0,approach-review,1.0
8928301668bffff,Tara Hills Mobile Manor NW 67,,134.7,10.78,0.0,routed,2074.0,approach-review,1.0
8928301668fffff,Tara Hills Mobile Manor NW 79,,135.6,10.85,0.0,routed,2145.0,approach-review,1.0
89283016693ffff,Tara Hills Mobile Manor NW 61,,127.0,10.16,0.0,routed,1458.0,approach-review,1.0
89283016697ffff,Tara Hills Mobile Manor NW 72,,128.4,10.27,0.0,routed,1563.0,approach-review,1.0
8928301669bffff,Tara Hills Mobile Manor NW 60,,130.7,10.45,0.0,routed,1747.0,approach-review,1.0
892830166a3ffff,Tara Hills Mobile Manor NW 103,,139.3,11.14,0.0,routed,2436.0,approach-review,1.0
892830166a7ffff,Tara Hills Mobile Manor NW 115,,141.8,11.34,0.0,routed,2639.0,approach-review,1.0
892830166abffff,Tara Hills Mobile Manor NW 99,,141.6,11.33,0.0,routed,2622.0,approach-review,1.0
892830166afffff,Tara Hills Mobile Manor NW 112,,143.7,11.49,0.0,routed,2788.0,approach-review,1.0
892830166b3ffff,Tara Hills Mobile Manor NW 92,,134.9,10.79,0.0,routed,2084.0,approach-review,1.0
892830166b7ffff,Tara Hills Mobile Manor NW 104,,137.5,11.0,0.0,routed,2293.0,approach-review,1.0
892830166bbffff,Tara Hills Mobile Manor NW 91,,137.2,10.97,0.0,routed,2269.0,approach-review,1.0
892830166c3ffff,Tara Hills Mobile Manor NW 55,,138.7,11.09,0.0,routed,2386.0,approach-review,1.0
892830166c7ffff,Tara Hills Mobile Manor NW 65,,138.5,11.08,0.0,routed,2372.0,approach-review,1.0
892830166cbffff,Tara Hills Mobile Manor NW 56,,142.5,11.4,0.0,routed,2717.0,approach-review,1.0
892830166cfffff,Tara Hills Mobile Manor NW 64,,142.4,11.39,0.0,routed,2686.0,approach-review,1.0
892830166d3ffff,Tara Hills Mobile Manor NW 48,,134.6,10.77,0.0,routed,2091.0,approach-review,1.0
892830166d7ffff,Tara Hills Mobile Manor NW 57,,134.6,10.76,0.0,routed,2059.0,approach-review,1.0
892830166dbffff,Tara Hills Mobile Manor NW 47,,132.4,10.59,0.0,routed,2379.0,approach-review,1.0
89283017003ffff,Bayo Vista NW 65,,59.9,4.8,0.0,routed,4423.0,approach-review,1.0
89283017007ffff,Bayo Vista NW 70,,64.2,5.14,0.0,routed,4765.0,approach-review,1.0
8928301700bffff,Bayo Vista NW 63,,58.6,4.69,0.0,routed,4301.0,approach-review,1.0
8928301700fffff,Bayo Vista NW 68,,62.8,5.03,0.0,routed,4637.0,approach-review,1.0
89283017013ffff,Bayo Vista NW 62,,57.3,4.58,0.0,routed,4210.0,approach-review,1.0
89283017017ffff,Bayo Vista NW 67,,61.6,4.93,0.0,routed,4556.0,approach-review,1.0
8928301701bffff,Bayo Vista NW 60,,55.7,4.45,0.0,routed,4081.0,approach-review,1.0
89283017023ffff,Bayo Vista NW 78,,71.3,5.71,0.0,routed,5315.0,approach-review,0.889
89283017027ffff,Bayo Vista NW 81,,75.6,6.05,0.0,routed,5655.0,approach-review,0.659
8928301702bffff,Bayo Vista NW 76,,70.5,5.64,0.0,routed,5156.0,approach-review,0.073
89283017033ffff,Bayo Vista NW 75,,68.5,5.48,0.0,routed,5108.0,approach-review,1.0
89283017037ffff,Bayo Vista NW 79,,72.8,5.83,0.0,routed,5452.0,approach-review,1.0
8928301703bffff,Bayo Vista NW 73,,67.1,5.37,0.0,routed,4975.0,approach-review,1.0
89283017043ffff,Bayo Vista NW 55,,54.2,4.33,0.0,routed,3847.0,approach-review,0.976
89283017047ffff,Bayo Vista NW 61,,58.2,4.66,0.0,routed,4169.0,approach-review,0.792
8928301704bffff,Bayo Vista NW 54,,54.9,4.39,0.0,routed,3711.0,approach-review,0.183
8928301704fffff,Bayo Vista NW 58,,57.7,4.61,0.0,routed,4127.0,approach-review,0.014
89283017053ffff,Bayo Vista NW 51,,50.3,4.03,0.0,routed,3634.0,approach-review,1.0
89283017057ffff,Bayo Vista NW 57,,54.5,4.36,0.0,routed,3966.0,approach-review,1.0
8928301705bffff,Bayo Vista NW 49,,50.2,4.02,0.0,routed,3530.0,approach-review,1.0
89283017073ffff,Bayo Vista NW 66,,62.3,4.98,0.0,routed,4495.0,approach-review,0.543
89283017077ffff,Bayo Vista NW 71,,66.4,5.31,0.0,routed,4824.0,approach-review,0.291
89283017083ffff,Hercules NW 44,,57.2,4.58,0.0,routed,4185.0,approach-review,1.0
89283017087ffff,Hercules NW 46,,61.8,4.94,0.0,routed,4456.0,approach-review,1.0
8928301708bffff,Bayo Vista NW 59,,54.9,4.39,0.0,routed,4018.0,approach-review,1.0
8928301708fffff,Bayo Vista NW 64,,59.2,4.74,0.0,routed,4366.0,approach-review,1.0
89283017093ffff,Hercules NW 40,,55.6,4.45,0.0,routed,3960.0,approach-review,1.0
89283017097ffff,Hercules NW 43,,59.9,4.79,0.0,routed,4307.0,approach-review,1.0
8928301709bffff,Rodeo NW 12,,52.8,4.22,0.0,routed,3849.0,approach-review,1.0
892830170a3ffff,Bayo Vista NW 74,,68.0,5.44,0.0,routed,5049.0,approach-review,1.0
892830170a7ffff,Hercules NW 53,,72.4,5.79,0.0,routed,5397.0,approach-review,1.0
892830170abffff,Bayo Vista NW 72,,65.9,5.28,0.0,routed,4902.0,approach-review,1.0
892830170afffff,Bayo Vista NW 77,,70.3,5.62,0.0,routed,5249.0,approach-review,1.0
892830170b3ffff,Hercules NW 49,,66.1,5.29,0.0,routed,4804.0,approach-review,1.0
892830170b7ffff,Hercules NW 51,,70.5,5.64,0.0,routed,5153.0,approach-review,1.0
892830170bbffff,Bayo Vista NW 69,,63.6,5.09,0.0,routed,4714.0,approach-review,1.0
892830170c3ffff,Bayo Vista NW 50,,48.7,3.89,0.0,routed,3521.0,approach-review,1.0
892830170c7ffff,Bayo Vista NW 56,,53.0,4.24,0.0,routed,3865.0,approach-review,1.0
892830170cbffff,Bayo Vista NW 47,,47.2,3.78,0.0,routed,3403.0,approach-review,1.0
892830170cfffff,Bayo Vista NW 53,,51.4,4.11,0.0,routed,3741.0,approach-review,1.0
892830170d3ffff,Bayo Vista NW 46,,46.2,3.7,0.0,routed,3323.0,approach-review,1.0
892830170d7ffff,Bayo Vista NW 52,,50.5,4.04,0.0,routed,3670.0,approach-review,1.0
892830170dbffff,Bayo Vista NW 44,,44.4,3.55,0.0,routed,3177.0,approach-review,1.0
89283017103ffff,Bayo Vista NW 89,,90.1,7.21,0.0,routed,6818.0,approach-review,0.773
89283017107ffff,Bayo Vista NW 90,,95.9,7.67,0.0,routed,6991.0,approach-review,0.524
8928301710bffff,Bayo Vista NW 88,,88.4,7.07,0.0,routed,6682.0,approach-review,0.008
89283017113ffff,Hercules NW 58,,88.0,7.04,0.0,routed,6551.0,approach-review,1.0
89283017117ffff,Bayside Apartment Homes NW 79,,119.2,9.54,0.0,routed,6685.0,approach-review,1.0
8928301711bffff,Bayo Vista NW 87,,85.7,6.86,0.0,routed,6486.0,approach-review,0.966
89283017153ffff,Bayo Vista NW 84,,79.8,6.39,0.0,routed,5997.0,approach-review,0.407
89283017157ffff,Bayo Vista NW 86,,84.1,6.73,0.0,routed,6339.0,approach-review,0.165
89283017183ffff,Bayside Apartment Homes NW 71,,110.8,8.86,0.0,routed,6010.0,approach-review,1.0
89283017187ffff,Bayside Apartment Homes NW 74,,185.9,14.87,0.0,routed,6163.0,approach-review,1.0
8928301718bffff,Bayside Apartment Homes NW 72,,86.9,6.95,0.0,routed,6267.0,approach-review,1.0
8928301718fffff,Bayside Apartment Homes NW 75,,115.0,9.2,0.0,routed,6347.0,approach-review,1.0
89283017193ffff,Bayside Apartment Homes NW 67,,106.6,8.53,0.0,routed,5674.0,approach-review,1.0
89283017197ffff,Bayside Apartment Homes NW 70,,181.8,14.54,0.0,routed,5836.0,approach-review,1.0
8928301719bffff,Bayside Apartment Homes NW 68,,106.2,8.49,0.0,routed,5973.0,approach-review,1.0
892830171a3ffff,Bayside Apartment Homes NW 81,,190.6,15.25,0.0,routed,6545.0,approach-review,1.0
892830171a7ffff,Bayside Apartment Homes NW 84,,191.5,15.32,0.0,routed,6615.0,approach-review,0.566
892830171abffff,Bayside Apartment Homes NW 82,,194.1,15.53,0.0,routed,6825.0,approach-review,1.0
892830171afffff,Bayside Apartment Homes NW 85,,194.9,15.59,0.0,routed,6883.0,approach-review,0.837
892830171b3ffff,Bayside Apartment Homes NW 77,,186.4,14.91,0.0,routed,6209.0,approach-review,1.0
892830171b7ffff,Bayside Apartment Homes NW 80,,187.2,14.98,0.0,routed,6274.0,approach-review,1.0
892830171bbffff,Bayside Apartment Homes NW 78,,190.0,15.2,0.0,routed,6493.0,approach-review,1.0
892830171c3ffff,Bayo Vista NW 83,,79.0,6.32,0.0,routed,5929.0,approach-review,1.0
892830171c7ffff,Hercules NW 57,,83.3,6.67,0.0,routed,6276.0,approach-review,1.0
892830171cbffff,Bayo Vista NW 82,,77.1,6.17,0.0,routed,5796.0,approach-review,1.0
892830171cfffff,Bayo Vista NW 85,,81.4,6.51,0.0,routed,6141.0,approach-review,1.0
892830171d3ffff,Hercules NW 55,,77.0,6.16,0.0,routed,5671.0,approach-review,1.0
892830171d7ffff,Hercules NW 56,,81.3,6.51,0.0,routed,6019.0,approach-review,1.0
892830171dbffff,Bayo Vista NW 80,,74.6,5.97,0.0,routed,5595.0,approach-review,1.0
89283017293ffff,Bayo Vista NW 42,,61.2,4.9,0.0,routed,3081.0,approach-review,0.681
89283017297ffff,Bayo Vista NW 48,,51.2,4.09,0.0,routed,3410.0,approach-review,0.428
89283017403ffff,Hercules NW 27,,57.3,4.58,0.0,routed,2916.0,approach-review,1.0
89283017407ffff,Hercules NW 32,,64.1,5.13,0.0,routed,3231.0,approach-review,1.0
8928301740bffff,Hercules NW 26,,59.5,4.76,0.0,routed,2888.0,approach-review,1.0
8928301740fffff,Hercules NW 30,,63.4,5.07,0.0,routed,3198.0,approach-review,1.0
89283017413ffff,Hercules NW 25,,53.9,4.31,0.0,routed,2643.0,approach-review,1.0
89283017417ffff,Hercules NW 29,,58.0,4.64,0.0,routed,2972.0,approach-review,1.0
8928301741bffff,Hercules NW 23,,56.0,4.48,0.0,routed,2602.0,approach-review,1.0
89283017423ffff,Hercules NW 39,,71.5,5.72,0.0,routed,3819.0,approach-review,1.0
89283017427ffff,Hercules NW 42,,76.3,6.1,0.0,routed,4001.0,approach-review,1.0
8928301742bffff,Hercules NW 37,,55.4,4.43,0.0,routed,3750.0,approach-review,1.0
8928301742fffff,Hercules NW 41,,74.9,5.99,0.0,routed,4091.0,approach-review,1.0
89283017433ffff,Hercules NW 36,,69.0,5.52,0.0,routed,3417.0,approach-review,1.0
89283017437ffff,Bayside Apartment Homes N 20,,73.2,5.85,0.0,routed,3752.0,approach-review,1.0
8928301743bffff,Hercules NW 34,,64.8,5.18,0.0,routed,3514.0,approach-review,1.0
89283017443ffff,Dylan Apartment Homes NW 13,,36.5,2.92,0.0,routed,2447.0,approach-review,1.0
89283017447ffff,Hercules NW 28,,40.8,3.26,0.0,routed,2793.0,approach-review,1.0
8928301744bffff,Rodeo W 13,,33.6,2.69,0.0,routed,2309.0,approach-review,1.0
8928301744fffff,Rodeo W 14,,37.9,3.04,0.0,routed,2657.0,approach-review,1.0
89283017453ffff,Hercules NW 21,,52.2,4.18,0.0,routed,2282.0,approach-review,1.0
89283017457ffff,Hercules NW 24,,55.8,4.46,0.0,routed,2587.0,approach-review,1.0
8928301745bffff,Dylan Apartment Homes NW 12,,32.1,2.57,0.0,routed,2102.0,approach-review,1.0
89283017463ffff,Hercules NW 35,,46.9,3.75,0.0,routed,3266.0,approach-review,1.0
89283017467ffff,Hercules NW 38,,51.2,4.1,0.0,routed,3613.0,approach-review,1.0
8928301746bffff,Rodeo NW 10,,44.1,3.53,0.0,routed,3152.0,approach-review,1.0
8928301746fffff,Rodeo NW 11,,48.4,3.87,0.0,routed,3500.0,approach-review,1.0
89283017473ffff,Hercules NW 31,,45.1,3.61,0.0,routed,3139.0,approach-review,1.0
89283017477ffff,Hercules NW 33,,50.1,4.01,0.0,routed,3464.0,approach-review,1.0
8928301747bffff,Dylan Apartment Homes NW 14,,42.5,3.4,0.0,routed,2978.0,approach-review,1.0
89283017483ffff,Bayside Apartment Homes N 14,,56.7,4.54,0.0,routed,2324.0,approach-review,1.0
89283017487ffff,Bayside Apartment Homes N 15,,61.3,4.91,0.0,routed,2489.0,approach-review,1.0
8928301748bffff,Hercules NW 22,,43.1,3.44,0.0,routed,2383.0,approach-review,1.0
8928301748fffff,Bayside Apartment Homes N 16,,59.0,4.72,0.0,routed,2621.0,approach-review,1.0
89283017493ffff,Bayside Apartment Homes N 12,,54.7,4.37,0.0,routed,1956.0,approach-review,1.0
89283017497ffff,Bayside Apartment Homes NW 20,,57.0,4.56,0.0,routed,2138.0,approach-review,1.0
8928301749bffff,Bayside Apartment Homes N 13,,39.2,3.13,0.0,routed,2085.0,approach-review,1.0
892830174a3ffff,Bayside Apartment Homes NW 31,,68.3,5.47,0.0,routed,3046.0,approach-review,1.0
892830174a7ffff,Bayside Apartment Homes NW 34,,71.2,5.7,0.0,routed,3277.0,approach-review,1.0
892830174abffff,Bayside Apartment Homes N 18,,66.0,5.28,0.0,routed,3180.0,approach-review,1.0
892830174afffff,Bayside Apartment Homes N 19,,70.3,5.63,0.0,routed,3415.0,approach-review,1.0
892830174b3ffff,Bayside Apartment Homes NW 27,,64.0,5.12,0.0,routed,2701.0,approach-review,1.0
892830174b7ffff,Bayside Apartment Homes NW 29,,67.0,5.36,0.0,routed,2940.0,approach-review,1.0
892830174bbffff,Bayside Apartment Homes N 17,,63.4,5.07,0.0,routed,2858.0,approach-review,1.0
892830174c3ffff,Hercules NW 16,,45.9,3.67,0.0,routed,2006.0,approach-review,1.0
892830174c7ffff,Hercules NW 20,,49.9,3.99,0.0,routed,2320.0,approach-review,1.0
892830174cbffff,Hercules NW 17,,48.3,3.86,0.0,routed,1987.0,approach-review,1.0
892830174cfffff,Hercules NW 19,,52.1,4.16,0.0,routed,2288.0,approach-review,1.0
892830174d3ffff,Hercules NW 14,,42.4,3.4,0.0,routed,1728.0,approach-review,1.0
892830174d7ffff,Hercules NW 18,,46.2,3.7,0.0,routed,2062.0,approach-review,1.0
892830174dbffff,Hercules NW 13,,44.6,3.57,0.0,routed,1690.0,approach-review,1.0
89283017503ffff,Bayside Apartment Homes NW 51,,89.1,7.13,0.0,routed,4713.0,approach-review,1.0
89283017507ffff,Bayside Apartment Homes NW 54,,94.2,7.54,0.0,routed,4685.0,approach-review,1.0
8928301750bffff,Bayside Apartment Homes NW 52,,90.0,7.2,0.0,routed,4782.0,approach-review,1.0
8928301750fffff,Bayside Apartment Homes NW 55,,93.2,7.46,0.0,routed,5040.0,approach-review,1.0
89283017513ffff,Bayside Apartment Homes NW 46,,85.1,6.81,0.0,routed,4389.0,approach-review,1.0
89283017517ffff,Bayside Apartment Homes NW 50,,90.2,7.22,0.0,routed,4363.0,approach-review,1.0
8928301751bffff,Bayside Apartment Homes NW 48,,85.8,6.87,0.0,routed,4449.0,approach-review,1.0
89283017523ffff,Bayside Apartment Homes NW 61,,173.7,13.9,0.0,routed,5192.0,approach-review,1.0
89283017527ffff,Bayside Apartment Homes NW 65,,174.0,13.92,0.0,routed,5214.0,approach-review,1.0
8928301752bffff,Bayside Apartment Homes NW 62,,102.4,8.19,0.0,routed,5342.0,approach-review,1.0
8928301752fffff,Bayside Apartment Homes NW 66,,177.7,14.22,0.0,routed,5512.0,approach-review,1.0
89283017533ffff,Bayside Apartment Homes NW 57,,169.8,13.58,0.0,routed,4876.0,approach-review,1.0
89283017537ffff,Tara Hills Mobile Manor N 44,,169.9,13.59,0.0,routed,4888.0,approach-review,1.0
8928301753bffff,Bayside Apartment Homes NW 58,,98.3,7.86,0.0,routed,5012.0,approach-review,1.0
89283017543ffff,Hercules NW 48,,83.6,6.69,0.0,routed,4589.0,approach-review,1.0
89283017547ffff,Bayside Apartment Homes NW 53,,87.8,7.03,0.0,routed,4814.0,approach-review,1.0
8928301754bffff,Hercules NW 47,,64.7,5.17,0.0,routed,4632.0,approach-review,1.0
8928301754fffff,Hercules NW 50,,69.9,5.59,0.0,routed,4907.0,approach-review,1.0
89283017553ffff,Bayside Apartment Homes NW 45,,80.4,6.43,0.0,routed,4332.0,approach-review,1.0
89283017557ffff,Bayside Apartment Homes NW 49,,84.7,6.77,0.0,routed,4561.0,approach-review,1.0
8928301755bffff,Hercules NW 45,,79.6,6.36,0.0,routed,4264.0,approach-review,1.0
89283017563ffff,Bayside Apartment Homes NW 60,,95.2,7.62,0.0,routed,5463.0,approach-review,1.0
89283017567ffff,Bayside Apartment Homes NW 63,,102.0,8.16,0.0,routed,5637.0,approach-review,1.0
8928301756bffff,Hercules NW 54,,75.3,6.03,0.0,routed,5485.0,approach-review,1.0
8928301756fffff,Bayside Apartment Homes NW 64,,80.4,6.43,0.0,routed,5752.0,approach-review,1.0
89283017573ffff,Bayside Apartment Homes NW 56,,92.0,7.36,0.0,routed,5144.0,approach-review,1.0
89283017577ffff,Bayside Apartment Homes NW 59,,97.8,7.82,0.0,routed,5302.0,approach-review,1.0
8928301757bffff,Hercules NW 52,,91.0,7.28,0.0,routed,5179.0,approach-review,1.0
89283017583ffff,Tara Hills Mobile Manor N 34,,82.3,6.59,0.0,routed,3735.0,approach-review,1.0
89283017587ffff,Tara Hills Mobile Manor N 36,,151.6,12.13,0.0,routed,3916.0,approach-review,1.0
8928301758bffff,Bayside Apartment Homes NW 42,,81.1,6.49,0.0,routed,4071.0,approach-review,1.0
8928301758fffff,Bayside Apartment Homes NW 47,,86.2,6.9,0.0,routed,4045.0,approach-review,1.0
89283017593ffff,Tara Hills Mobile Manor N 32,,78.6,6.29,0.0,routed,3432.0,approach-review,1.0
89283017597ffff,Tara Hills Mobile Manor N 33,,147.0,11.76,0.0,routed,3619.0,approach-review,1.0
8928301759bffff,Bayside Apartment Homes NW 39,,77.5,6.2,0.0,routed,3680.0,approach-review,1.0
892830175a3ffff,Tara Hills Mobile Manor N 39,,161.9,12.96,0.0,routed,4250.0,approach-review,1.0
892830175a7ffff,Tara Hills Mobile Manor N 41,,162.1,12.97,0.0,routed,4265.0,approach-review,1.0
892830175abffff,Tara Hills Mobile Manor N 40,,165.9,13.27,0.0,routed,4566.0,approach-review,1.0
892830175afffff,Tara Hills Mobile Manor N 42,,165.9,13.27,0.0,routed,4566.0,approach-review,1.0
892830175b3ffff,Tara Hills Mobile Manor N 37,,158.1,12.65,0.0,routed,3940.0,approach-review,1.0
892830175b7ffff,Tara Hills Mobile Manor NW 102,,158.1,12.65,0.0,routed,3942.0,approach-review,1.0
892830175bbffff,Tara Hills Mobile Manor N 38,,155.9,12.47,0.0,routed,4260.0,approach-review,1.0
892830175c3ffff,Bayside Apartment Homes NW 40,,78.5,6.28,0.0,routed,3861.0,approach-review,1.0
892830175c7ffff,Bayside Apartment Homes NW 43,,81.7,6.54,0.0,routed,4119.0,approach-review,1.0
892830175cbffff,Bayside Apartment Homes NW 41,,77.5,6.2,0.0,routed,3984.0,approach-review,1.0
892830175cfffff,Bayside Apartment Homes NW 44,,82.7,6.62,0.0,routed,4197.0,approach-review,1.0
892830175d3ffff,Bayside Apartment Homes NW 36,,74.3,5.95,0.0,routed,3528.0,approach-review,1.0
892830175d7ffff,Bayside Apartment Homes NW 38,,77.6,6.21,0.0,routed,3793.0,approach-review,1.0
892830175dbffff,Bayside Apartment Homes NW 37,,75.5,6.04,0.0,routed,3618.0,approach-review,1.0
89283017603ffff,Bayo Vista NW 21,,30.7,2.46,0.0,routed,2084.0,approach-review,1.0
89283017607ffff,Bayo Vista NW 27,,34.7,2.78,0.0,routed,2406.0,approach-review,1.0
8928301760bffff,Bayo Vista NW 20,,31.2,2.5,0.0,routed,2027.0,approach-review,1.0
8928301760fffff,Bayo Vista NW 26,,34.3,2.75,0.0,routed,2355.0,approach-review,1.0
89283017613ffff,Bayo Vista NW 17,,27.3,2.19,0.0,routed,1882.0,approach-review,1.0
89283017617ffff,Bayo Vista NW 23,,31.6,2.53,0.0,routed,2154.0,approach-review,1.0
8928301761bffff,Bayo Vista NW 16,,26.8,2.15,0.0,routed,1772.0,approach-review,1.0
89283017623ffff,Bayo Vista NW 39,,42.2,3.37,0.0,routed,2982.0,approach-review,1.0
89283017627ffff,Bayo Vista NW 45,,46.2,3.7,0.0,routed,3306.0,approach-review,1.0
8928301762bffff,Bayo Vista NW 37,,43.7,3.49,0.0,routed,2810.0,approach-review,1.0
8928301762fffff,Bayo Vista NW 43,,46.3,3.71,0.0,routed,3219.0,approach-review,1.0
89283017633ffff,Bayo Vista NW 34,,38.8,3.11,0.0,routed,2734.0,approach-review,1.0
89283017637ffff,Bayo Vista NW 41,,43.0,3.44,0.0,routed,3067.0,approach-review,1.0
8928301763bffff,Bayo Vista NW 32,,38.2,3.06,0.0,routed,2664.0,approach-review,1.0
89283017643ffff,Bayo Vista NW 14,,41.4,3.31,0.0,routed,1497.0,approach-review,0.454
89283017647ffff,Bayo Vista NW 19,,45.8,3.66,0.0,routed,1844.0,approach-review,1.0
8928301764fffff,Bayo Vista NW 18,,44.1,3.53,0.0,routed,1712.0,approach-review,0.463
89283017653ffff,Bayo Vista NW 11,,38.4,3.07,0.0,routed,1394.0,approach-review,0.445
89283017657ffff,Bayo Vista NW 15,,29.3,2.34,0.0,routed,1659.0,approach-review,1.0
89283017663ffff,Bayo Vista NW 29,,52.6,4.21,0.0,routed,2393.0,approach-review,1.0
89283017667ffff,Bayo Vista NW 36,,56.9,4.55,0.0,routed,2736.0,approach-review,0.906
8928301766bffff,Bayo Vista NW 28,,51.4,4.11,0.0,routed,2294.0,approach-review,0.313
8928301766fffff,Bayo Vista NW 35,,55.5,4.44,0.0,routed,2625.0,approach-review,0.09
89283017673ffff,Bayo Vista NW 25,,50.1,4.01,0.0,routed,2192.0,approach-review,1.0
89283017677ffff,Bayo Vista NW 30,,40.0,3.2,0.0,routed,2520.0,approach-review,1.0
8928301767bffff,Bayo Vista NW 22,,48.4,3.87,0.0,routed,2051.0,approach-review,1.0
89283017683ffff,Rodeo NW 6,,26.7,2.13,0.0,routed,1759.0,approach-review,1.0
89283017687ffff,Rodeo NW 7,,31.0,2.48,0.0,routed,2107.0,approach-review,1.0
8928301768bffff,Bayo Vista W 7,,24.5,1.96,0.0,routed,1589.0,approach-review,1.0
8928301768fffff,Bayo Vista W 8,,28.8,2.31,0.0,routed,1934.0,approach-review,1.0
89283017693ffff,Rodeo W 11,,24.9,1.99,0.0,routed,1617.0,approach-review,1.0
89283017697ffff,Rodeo W 12,,29.3,2.34,0.0,routed,1963.0,approach-review,1.0
8928301769bffff,Rodeo NW 5,,22.3,1.78,0.0,routed,1411.0,approach-review,1.0
892830176a3ffff,Bayo Vista NW 33,,37.5,3.0,0.0,routed,2628.0,approach-review,1.0
892830176a7ffff,Bayo Vista NW 40,,41.9,3.35,0.0,routed,2975.0,approach-review,1.0
892830176abffff,Bayo Vista NW 31,,35.8,2.87,0.0,routed,2493.0,approach-review,1.0
892830176afffff,Bayo Vista NW 38,,40.1,3.21,0.0,routed,2834.0,approach-review,1.0
892830176b3ffff,Rodeo NW 8,,35.4,2.83,0.0,routed,2455.0,approach-review,1.0
892830176b7ffff,Rodeo NW 9,,39.7,3.18,0.0,routed,2804.0,approach-review,1.0
892830176bbffff,Bayo Vista W 9,,33.2,2.65,0.0,routed,2281.0,approach-review,1.0
892830176c3ffff,Bayo Vista NW 10,,19.3,1.54,0.0,routed,1238.0,approach-review,1.0
892830176c7ffff,Bayo Vista NW 13,,23.2,1.86,0.0,routed,1554.0,approach-review,1.0
892830176cbffff,Bayo Vista NW 9,,19.8,1.58,0.0,routed,1211.0,approach-review,0.434
892830176cfffff,Bayo Vista NW 12,,23.1,1.85,0.0,routed,1477.0,approach-review,1.0
892830176d3ffff,Bayo Vista W 5,,16.0,1.28,0.0,routed,905.0,approach-review,1.0
892830176d7ffff,Bayo Vista W 6,,20.2,1.62,0.0,routed,1245.0,approach-review,1.0
892830176dbffff,Bayo Vista NW 7,,15.7,1.25,0.0,routed,879.0,approach-review,0.449
89283088937ffff,Carriage Hills South SW 17,,77.5,6.2,0.0,routed,730.0,approach-review,0.232
89283088983ffff,Kensington NE 15,,69.9,5.59,0.0,routed,408.0,approach-review,0.802
89283088987ffff,Kensington NE 14,,73.2,5.86,0.0,routed,603.0,approach-review,1.0
8928308898fffff,Kensington NE 20,,76.3,6.1,0.0,routed,477.0,approach-review,0.221
89283088993ffff,Kensington NE 13,,62.5,5.0,0.0,routed,360.0,approach-review,0.276
89283088997ffff,Kensington NE 10,,68.7,5.5,0.0,routed,316.0,approach-review,0.692
8928308899bffff,Kensington NE 19,,66.3,5.3,0.0,routed,445.0,approach-review,0.191
892830889a3ffff,Kensington NE 17,,83.9,6.71,0.0,routed,786.0,approach-review,1.0
892830889a7ffff,Kensington NE 16,,86.3,6.9,0.0,routed,1048.0,approach-review,1.0
892830889abffff,Kensington NE 22,,87.4,6.99,0.0,routed,478.0,approach-review,0.227
892830889afffff,Kensington NE 21,,88.6,7.09,0.0,routed,725.0,approach-review,0.808
892830889b3ffff,Kensington NE 12,,78.2,6.26,0.0,routed,691.0,approach-review,1.0
892830889b7ffff,Kensington NE 11,,81.6,6.53,0.0,routed,960.0,approach-review,1.0
892830889bbffff,Kensington NE 18,,82.8,6.62,0.0,routed,717.0,approach-review,0.808
89283088da7ffff,Kensington E 4,,35.7,2.85,504.0,routed,243.0,approach-review,0.552
89283088db7ffff,Cragmont N,,32.2,2.57,657.0,routed,144.0,approach-review,0.377
8928308c003ffff,Triangle Court E 2,,20.8,1.66,1787.0,routed,92.0,network-estimate,1.0
8928308c007ffff,Triangle Court E,,20.3,1.63,1250.0,routed,132.0,approach-review,1.0
8928308c00bffff,Triangle Court E 3,,23.1,1.84,2151.0,routed,128.0,approach-review,1.0
8928308c00fffff,Triangle Court NE 2,,24.7,1.97,2174.0,routed,170.0,approach-review,1.0
8928308c013ffff,Triangle Court SE 2,,19.7,1.58,2229.0,routed,129.0,approach-review,1.0
8928308c017ffff,Triangle Court SE,,17.9,1.43,1544.0,routed,99.0,network-estimate,1.0
8928308c01bffff,Triangle Court E 4,,18.4,1.47,2008.0,routed,153.0,approach-review,1.0
8928308c023ffff,Triangle Court N,,24.9,1.99,923.0,routed,187.0,approach-review,1.0
8928308c027ffff,North Richmond S 2,,27.5,2.2,2102.0,routed,120.0,approach-review,1.0
8928308c02bffff,Triangle Court N 2,,27.2,2.18,803.0,routed,99.0,network-estimate,1.0
8928308c02fffff,North Richmond SE 2,,30.3,2.43,1507.0,routed,71.0,network-estimate,1.0
8928308c033ffff,Triangle Court,,18.9,1.52,525.0,routed,113.0,approach-review,1.0
8928308c037ffff,Triangle Court NW,,21.5,1.72,1511.0,routed,137.0,approach-review,1.0
8928308c03bffff,Triangle Court NE,,25.4,2.03,776.0,routed,120.0,approach-review,1.0
8928308c043ffff,Triangle Court E 7,,20.3,1.62,1992.0,routed,148.0,approach-review,1.0
8928308c047ffff,Triangle Court E 6,,19.4,1.55,1536.0,routed,42.0,network-estimate,1.0
8928308c04bffff,San Pablo S 6,,16.2,1.3,1716.0,routed,135.0,approach-review,1.0
8928308c04fffff,San Pablo S 5,,12.5,1.0,578.0,routed,141.0,approach-review,1.0
8928308c053ffff,Wendell Park,,16.2,1.29,2083.0,routed,112.0,approach-review,1.0
8928308c057ffff,Triangle Court E 5,,17.9,1.43,1828.0,routed,25.0,network-estimate,1.0
8928308c05bffff,Richmond NE 7,,18.9,1.51,1808.0,routed,122.0,approach-review,1.0
8928308c063ffff,Triangle Court NE 6,,18.3,1.46,1857.0,routed,47.0,network-estimate,1.0
8928308c067ffff,Triangle Court NE 5,,21.1,1.69,2009.0,routed,119.0,approach-review,1.0
8928308c06bffff,San Pablo S 2,,12.2,0.97,2142.0,routed,67.0,network-estimate,1.0
8928308c06fffff,San Pablo SW 2,,15.9,1.27,1947.0,routed,66.0,network-estimate,1.0
8928308c073ffff,Triangle Court NE 4,,21.3,1.71,1698.0,routed,116.0,approach-review,1.0
8928308c077ffff,Triangle Court NE 3,,24.5,1.96,1334.0,routed,117.0,approach-review,1.0
8928308c07bffff,San Pablo S 4,,15.9,1.27,1675.0,routed,60.0,network-estimate,1.0
8928308c083ffff,Barrett Terrace Plaza Apartments E,,9.1,0.73,1570.0,routed,52.0,network-estimate,1.0
8928308c087ffff,Barrett Terrace Plaza Apartments NE,,5.9,0.47,2504.0,routed,58.0,network-estimate,1.0
8928308c08bffff,Barrett Terrace Plaza Apartments E 2,,14.6,1.17,1914.0,routed,190.0,approach-review,1.0
8928308c08fffff,Barrett Terrace Plaza Apartments NE 2,,12.4,0.99,1626.0,routed,151.0,approach-review,1.0
8928308c093ffff,Barrett Terrace Plaza Apartments SE 2,,9.6,0.77,1685.0,routed,14.0,network-estimate,1.0
8928308c097ffff,Barrett Terrace Plaza Apartments SE,,4.3,0.34,2153.0,routed,54.0,network-estimate,1.0
8928308c09bffff,Richmond W 2,,11.6,0.93,1328.0,routed,15.0,network-estimate,1.0
8928308c0a3ffff,Triangle Court SW 2,,11.9,0.95,1295.0,routed,154.0,approach-review,1.0
8928308c0a7ffff,Triangle Court W 3,,24.3,1.94,1162.0,routed,30.0,network-estimate,1.0
8928308c0abffff,Triangle Court SW,,15.1,1.21,1921.0,routed,66.0,network-estimate,1.0
8928308c0afffff,Triangle Court W,,19.3,1.54,871.0,routed,47.0,network-estimate,1.0
8928308c0b3ffff,Iron Triangle,,7.3,0.58,1740.0,routed,87.0,network-estimate,1.0
8928308c0b7ffff,Iron Triangle NW,,12.8,1.02,852.0,routed,110.0,approach-review,1.0
8928308c0bbffff,Iron Triangle NE,,10.1,0.81,2323.0,routed,38.0,network-estimate,1.0
8928308c0c3ffff,Richmond N,,9.3,0.74,1900.0,routed,25.0,network-estimate,1.0
8928308c0c7ffff,Richmond N 2,,14.0,1.12,1966.0,routed,107.0,approach-review,1.0
8928308c0cbffff,Richmond NE 2,,9.4,0.76,2082.0,routed,103.0,approach-review,1.0
8928308c0cfffff,Richmond N 3,,13.4,1.07,2050.0,routed,83.0,network-estimate,1.0
8928308c0d3ffff,Richmond,,4.0,0.32,1958.0,routed,32.0,network-estimate,1.0
8928308c0d7ffff,Richmond NW,,9.7,0.78,2115.0,routed,25.0,network-estimate,1.0
8928308c0dbffff,Richmond NE,,5.6,0.45,1996.0,routed,118.0,approach-review,1.0
8928308c103ffff,North Richmond W 5,,45.8,3.66,0.0,routed,153.0,approach-review,1.0
8928308c107ffff,North Richmond W 7,,49.0,3.92,0.0,routed,379.0,approach-review,1.0
8928308c10bffff,North Richmond W 2,,42.1,3.37,0.0,routed,67.0,network-estimate,1.0
8928308c10fffff,North Richmond W 4,,46.3,3.71,0.0,routed,242.0,approach-review,1.0
8928308c113ffff,North Richmond SW 6,,42.0,3.36,0.0,routed,113.0,approach-review,1.0
8928308c117ffff,North Richmond W 9,,44.3,3.54,0.0,routed,330.0,approach-review,1.0
8928308c11bffff,North Richmond SW 4,,37.2,2.98,330.0,routed,33.0,network-estimate,1.0
8928308c123ffff,North Richmond W 13,,70.3,5.63,0.0,routed,519.0,approach-review,1.0
8928308c127ffff,North Richmond W 18,,72.7,5.81,0.0,routed,365.0,approach-review,1.0
8928308c12bffff,North Richmond W 10,,66.1,5.29,0.0,routed,359.0,approach-review,1.0
8928308c12fffff,North Richmond W 14,,66.8,5.35,0.0,routed,238.0,approach-review,1.0
8928308c133ffff,North Richmond W 11,,53.1,4.25,0.0,routed,715.0,approach-review,1.0
8928308c137ffff,North Richmond W 16,,57.2,4.58,0.0,routed,722.0,approach-review,1.0
8928308c13bffff,North Richmond W 8,,50.9,4.07,0.0,routed,539.0,approach-review,1.0
8928308c143ffff,North Richmond SW,,34.7,2.77,2246.0,routed,86.0,network-estimate,1.0
8928308c147ffff,North Richmond W,,41.9,3.35,183.0,routed,104.0,approach-review,1.0
8928308c14bffff,North Richmond,,33.4,2.68,1502.0,routed,132.0,approach-review,1.0
8928308c14fffff,North Richmond NW,,44.9,3.6,52.0,routed,119.0,approach-review,1.0
8928308c153ffff,North Richmond S,,30.2,2.41,1959.0,routed,92.0,network-estimate,1.0
8928308c157ffff,North Richmond SW 2,,36.3,2.9,1484.0,routed,111.0,approach-review,1.0
8928308c15bffff,North Richmond SE,,31.4,2.51,2153.0,routed,118.0,approach-review,1.0
8928308c163ffff,North Richmond NW 4,,50.1,4.01,470.0,routed,187.0,approach-review,1.0
8928308c167ffff,North Richmond NW 7,,57.4,4.59,0.0,routed,203.0,approach-review,1.0
8928308c16bffff,North Richmond NW 3,,43.9,3.51,0.0,routed,148.0,approach-review,1.0
8928308c16fffff,North Richmond NW 5,,55.1,4.41,272.0,routed,85.0,network-estimate,1.0
8928308c173ffff,North Richmond W 3,,53.0,4.24,490.0,routed,46.0,network-estimate,1.0
8928308c177ffff,North Richmond W 6,,53.9,4.31,0.0,routed,366.0,approach-review,1.0
8928308c17bffff,North Richmond NW 2,,46.3,3.71,329.0,routed,84.0,network-estimate,1.0
8928308c183ffff,Atchison Village NW 13,,35.8,2.86,0.0,routed,244.0,approach-review,1.0
8928308c187ffff,Atchison Village NW 17,,40.5,3.24,0.0,routed,307.0,approach-review,1.0
8928308c18bffff,North Richmond SW 7,,38.1,3.05,0.0,routed,204.0,approach-review,1.0
8928308c18fffff,North Richmond SW 8,,42.8,3.42,0.0,routed,211.0,approach-review,1.0
8928308c193ffff,Atchison Village NW 9,,32.4,2.6,0.0,routed,191.0,approach-review,1.0
8928308c197ffff,Atchison Village NW 14,,36.1,2.89,0.0,routed,159.0,approach-review,1.0
8928308c19bffff,Atchison Village NW 10,,33.0,2.64,400.0,routed,236.0,approach-review,1.0
8928308c1a3ffff,North Richmond W 17,,48.3,3.87,0.0,routed,198.0,approach-review,1.0
8928308c1a7ffff,North Richmond W 22,,51.6,4.13,0.0,routed,498.0,approach-review,1.0
8928308c1abffff,North Richmond W 12,,48.7,3.9,0.0,routed,476.0,approach-review,1.0
8928308c1afffff,North Richmond W 15,,51.9,4.15,0.0,routed,486.0,approach-review,1.0
8928308c1b3ffff,Atchison Village NW 20,,43.8,3.5,0.0,routed,519.0,approach-review,1.0
8928308c1b7ffff,North Richmond W 24,,46.1,3.69,0.0,routed,397.0,approach-review,1.0
8928308c1bbffff,North Richmond SW 9,,46.5,3.72,0.0,routed,507.0,approach-review,1.0
8928308c1c3ffff,Triangle Court W 5,,28.4,2.27,41.0,routed,179.0,approach-review,1.0
8928308c1c7ffff,North Richmond SW 5,,39.2,3.13,0.0,routed,75.0,network-estimate,1.0
8928308c1cbffff,Triangle Court NW 2,,25.7,2.06,1867.0,routed,121.0,approach-review,1.0
8928308c1cfffff,North Richmond SW 3,,30.7,2.46,644.0,routed,164.0,approach-review,1.0
8928308c1d3ffff,Triangle Court W 4,,28.6,2.29,184.0,routed,191.0,approach-review,1.0
8928308c1d7ffff,Triangle Court W 6,,33.6,2.69,148.0,routed,287.0,approach-review,1.0
8928308c1dbffff,Triangle Court W 2,,23.4,1.88,408.0,routed,81.0,network-estimate,1.0
8928308c203ffff,San Pablo E 7,,12.0,0.96,349.0,routed,129.0,approach-review,1.0
8928308c207ffff,San Pablo E 4,,10.0,0.8,107.0,routed,82.0,network-estimate,1.0
8928308c20bffff,San Pablo E 8,,23.1,1.85,238.0,routed,41.0,network-estimate,1.0
8928308c20fffff,San Pablo E 5,,15.0,1.2,1226.0,routed,55.0,network-estimate,1.0
8928308c213ffff,San Pablo SE 9,,13.0,1.04,195.0,routed,28.0,network-estimate,1.0
8928308c217ffff,San Pablo SE 6,,8.4,0.67,1313.0,routed,154.0,approach-review,1.0
8928308c21bffff,San Pablo E 9,,22.4,1.79,939.0,routed,127.0,approach-review,1.0
8928308c223ffff,San Pablo NE 2,,13.6,1.09,1828.0,routed,48.0,network-estimate,1.0
8928308c227ffff,San Pablo NE,,17.7,1.41,1263.0,routed,129.0,approach-review,1.0
8928308c22bffff,San Pablo NE 4,,16.5,1.32,1457.0,routed,78.0,network-estimate,1.0
8928308c22fffff,San Pablo NE 3,,18.7,1.5,916.0,routed,63.0,network-estimate,1.0
8928308c233ffff,San Pablo E 2,,7.8,0.63,959.0,routed,94.0,network-estimate,1.0
8928308c237ffff,San Pablo E,,14.3,1.14,1440.0,routed,38.0,network-estimate,1.0
8928308c23bffff,San Pablo E 3,,11.9,0.95,2092.0,routed,125.0,approach-review,1.0
8928308c243ffff,The Tides S 12,,17.4,1.39,297.0,routed,140.0,approach-review,1.0
8928308c247ffff,The Tides S 11,,18.3,1.47,144.0,routed,61.0,network-estimate,1.0
8928308c24bffff,The Tides S 9,,11.8,0.94,295.0,routed,53.0,network-estimate,1.0
8928308c24fffff,The Tides S 8,,15.2,1.22,1127.0,routed,102.0,approach-review,1.0
8928308c253ffff,East Richmond Heights N 10,,22.3,1.79,1201.0,routed,81.0,network-estimate,1.0
8928308c257ffff,East Richmond Heights NW 7,,23.7,1.9,721.0,routed,189.0,approach-review,1.0
8928308c25bffff,East Richmond Heights N 11,,15.7,1.25,773.0,routed,88.0,network-estimate,1.0
8928308c263ffff,The Tides SW 6,,22.7,1.81,1513.0,routed,121.0,approach-review,1.0
8928308c267ffff,The Tides SW 7,,22.6,1.81,941.0,routed,65.0,network-estimate,1.0
8928308c26bffff,The Tides S 4,,28.5,2.28,1011.0,routed,32.0,network-estimate,1.0
8928308c26fffff,The Tides SW 4,,28.9,2.31,794.0,routed,100.0,network-estimate,1.0
8928308c273ffff,The Tides S 10,,19.4,1.55,1545.0,routed,216.0,approach-review,1.0
8928308c277ffff,San Pablo E 6,,17.5,1.4,1798.0,routed,135.0,approach-review,1.0
8928308c27bffff,The Tides S 7,,20.0,1.6,1228.0,routed,229.0,approach-review,1.0
8928308c283ffff,East Richmond NW 9,,13.4,1.07,1187.0,routed,58.0,network-estimate,1.0
8928308c287ffff,San Pablo SE 7,,11.3,0.9,1311.0,routed,66.0,network-estimate,1.0
8928308c28bffff,East Richmond NW 8,,14.4,1.15,1134.0,routed,70.0,network-estimate,1.0
8928308c28fffff,San Pablo SE 8,,8.7,0.7,163.0,routed,29.0,network-estimate,1.0
8928308c293ffff,East Richmond NW 7,,18.6,1.49,2030.0,routed,86.0,network-estimate,1.0
8928308c297ffff,San Pablo SE 10,,17.3,1.39,2070.0,routed,85.0,network-estimate,1.0
8928308c29bffff,East Richmond NW 6,,16.8,1.34,1326.0,routed,61.0,network-estimate,1.0
8928308c2a3ffff,San Pablo SE 2,,3.1,0.25,1242.0,routed,17.0,network-estimate,1.0
8928308c2a7ffff,San Pablo S,,6.5,0.52,1606.0,routed,138.0,approach-review,1.0
8928308c2abffff,San Pablo SE 3,,3.8,0.3,728.0,routed,59.0,network-estimate,1.0
8928308c2afffff,San Pablo SE,,4.5,0.36,428.0,routed,43.0,network-estimate,1.0
8928308c2b3ffff,San Pablo SE 5,,14.2,1.13,406.0,routed,72.0,network-estimate,1.0
8928308c2b7ffff,San Pablo S 3,,8.6,0.68,2439.0,routed,123.0,approach-review,1.0
8928308c2bbffff,San Pablo SE 4,,5.0,0.4,1086.0,routed,75.0,network-estimate,1.0
8928308c2c3ffff,East Richmond Heights NW 4,,26.8,2.14,764.0,routed,128.0,approach-review,1.0
8928308c2c7ffff,East Richmond N 4,,20.3,1.62,1636.0,routed,100.0,network-estimate,1.0
8928308c2cbffff,East Richmond Heights NW 5,,28.4,2.28,806.0,routed,93.0,network-estimate,1.0
8928308c2cfffff,East Richmond Heights NW 6,,26.1,2.09,1496.0,routed,112.0,approach-review,1.0
8928308c2d3ffff,East Richmond N 3,,27.2,2.18,1801.0,routed,103.0,approach-review,1.0
8928308c2d7ffff,East Richmond NW 5,,20.2,1.61,1015.0,routed,103.0,approach-review,1.0
8928308c2dbffff,East Richmond Heights NW 3,,32.7,2.62,793.0,routed,56.0,network-estimate,1.0
8928308c303ffff,San Pablo NW 4,,27.8,2.23,1449.0,routed,54.0,network-estimate,1.0
8928308c307ffff,North Richmond NE 5,,35.3,2.83,0.0,routed,111.0,approach-review,1.0
8928308c30bffff,San Pablo NW 3,,29.8,2.38,1261.0,routed,68.0,network-estimate,1.0
8928308c30fffff,San Pablo NW 5,,33.3,2.66,550.0,routed,104.0,approach-review,1.0
8928308c313ffff,San Pablo W 6,,24.4,1.95,1291.0,routed,100.0,network-estimate,1.0
8928308c317ffff,North Richmond NE 4,,29.8,2.38,544.0,routed,14.0,network-estimate,1.0
8928308c31bffff,San Pablo NW 2,,24.1,1.93,2320.0,routed,128.0,approach-review,1.0
8928308c323ffff,North Richmond N 12,,48.2,3.85,123.0,routed,153.0,approach-review,1.0
8928308c327ffff,North Richmond N 13,,49.3,3.95,600.0,routed,232.0,approach-review,1.0
8928308c32bffff,San Pablo NW 8,,42.5,3.4,0.0,routed,330.0,approach-review,1.0
8928308c32fffff,North Richmond N 16,,53.7,4.29,190.0,routed,159.0,approach-review,1.0
8928308c333ffff,North Richmond N 8,,43.2,3.46,70.0,routed,149.0,approach-review,1.0
8928308c337ffff,North Richmond N 9,,45.8,3.66,523.0,routed,48.0,network-estimate,1.0
8928308c33bffff,North Richmond NE 6,,38.7,3.1,0.0,routed,205.0,approach-review,1.0
8928308c343ffff,San Pablo N 5,,22.6,1.81,2105.0,routed,46.0,network-estimate,1.0
8928308c347ffff,San Pablo N 6,,29.3,2.34,2347.0,routed,8.0,network-estimate,1.0
8928308c34bffff,San Pablo N 7,,24.9,1.99,1223.0,routed,81.0,network-estimate,1.0
8928308c34fffff,San Pablo N 8,,27.5,2.2,1238.0,routed,55.0,network-estimate,1.0
8928308c353ffff,San Pablo N 2,,18.0,1.44,2330.0,routed,44.0,network-estimate,1.0
8928308c357ffff,San Pablo N 3,,22.8,1.82,1614.0,routed,180.0,approach-review,1.0
8928308c35bffff,San Pablo N 4,,21.6,1.73,1702.0,routed,82.0,network-estimate,1.0
8928308c363ffff,San Marcos Apartments SW 10,,35.3,2.82,1023.0,routed,96.0,network-estimate,1.0
8928308c367ffff,San Marcos Apartments SW 12,,45.0,3.6,0.0,routed,193.0,approach-review,1.0
8928308c36bffff,San Marcos Apartments SW 8,,37.7,3.02,1774.0,routed,165.0,approach-review,1.0
8928308c36fffff,San Marcos Apartments SW 9,,41.0,3.28,1049.0,routed,75.0,network-estimate,1.0
8928308c373ffff,San Pablo NW 6,,33.0,2.64,2132.0,routed,72.0,network-estimate,1.0
8928308c377ffff,San Pablo NW 7,,38.7,3.1,117.0,routed,64.0,network-estimate,1.0
8928308c37bffff,San Pablo N 9,,32.7,2.61,1312.0,routed,51.0,network-estimate,1.0
8928308c383ffff,North Richmond E 2,,26.1,2.09,0.0,routed,83.0,network-estimate,1.0
8928308c387ffff,North Richmond NE,,32.1,2.56,464.0,routed,93.0,network-estimate,1.0
8928308c38bffff,San Pablo W 4,,22.0,1.76,1447.0,routed,17.0,network-estimate,1.0
8928308c38fffff,North Richmond NE 3,,28.9,2.31,77.0,routed,86.0,network-estimate,1.0
8928308c393ffff,North Richmond E 3,,24.1,1.93,350.0,routed,122.0,approach-review,1.0
8928308c397ffff,North Richmond E,,27.8,2.22,1833.0,routed,74.0,network-estimate,1.0
8928308c39bffff,San Pablo W 5,,19.3,1.55,2613.0,routed,65.0,network-estimate,1.0
8928308c3a3ffff,North Richmond N 3,,36.8,2.94,629.0,routed,126.0,approach-review,1.0
8928308c3a7ffff,North Richmond N 4,,44.1,3.53,372.0,routed,78.0,network-estimate,1.0
8928308c3abffff,North Richmond N 5,,36.5,2.92,368.0,routed,61.0,network-estimate,1.0
8928308c3afffff,North Richmond N 6,,43.4,3.47,577.0,routed,113.0,approach-review,1.0
8928308c3b3ffff,North Richmond N,,38.5,3.08,710.0,routed,137.0,approach-review,1.0
8928308c3b7ffff,North Richmond N 2,,40.9,3.27,751.0,routed,89.0,network-estimate,1.0
8928308c3bbffff,North Richmond NE 2,,32.1,2.57,352.0,routed,37.0,network-estimate,1.0
8928308c3c3ffff,San Pablo W,,13.8,1.11,1317.0,routed,93.0,network-estimate,1.0
8928308c3c7ffff,San Pablo W 3,,18.6,1.49,1378.0,routed,109.0,approach-review,1.0
8928308c3cbffff,San Pablo N,,12.9,1.03,1555.0,routed,32.0,network-estimate,1.0
8928308c3cfffff,San Pablo NW,,17.0,1.36,2190.0,routed,138.0,approach-review,1.0
8928308c3d3ffff,San Pablo SW,,11.2,0.89,1659.0,routed,102.0,approach-review,1.0
8928308c3d7ffff,San Pablo W 2,,16.5,1.32,1377.0,routed,134.0,approach-review,1.0
8928308c3dbffff,San Pablo,,8.8,0.7,1460.0,routed,26.0,network-estimate,1.0
8928308c403ffff,Rows/Places at NOMA N,,27.5,2.2,1866.0,routed,25.0,network-estimate,1.0
8928308c407ffff,Nystrom Village S,,24.2,1.93,1416.0,routed,101.0,approach-review,1.0
8928308c40bffff,Nystrom Village SE 2,,20.7,1.66,1574.0,routed,86.0,network-estimate,1.0
8928308c40fffff,Nystrom Village SE,,22.5,1.8,1962.0,routed,144.0,approach-review,1.0
8928308c413ffff,Rows/Places at NOMA,,30.6,2.44,1775.0,routed,33.0,network-estimate,1.0
8928308c417ffff,Rows/Places at NOMA NW,,28.2,2.25,1096.0,routed,71.0,network-estimate,1.0
8928308c41bffff,Rows/Places at NOMA NE,,25.1,2.0,1496.0,routed,137.0,approach-review,1.0
8928308c423ffff,Nystrom Village W,,13.3,1.06,1816.0,routed,108.0,approach-review,1.0
8928308c427ffff,Atchison Village E 2,,7.8,0.62,1659.0,routed,96.0,network-estimate,1.0
8928308c42bffff,Nystrom Village N,,14.6,1.17,1664.0,routed,79.0,network-estimate,1.0
8928308c42fffff,Barrett Terrace Plaza Apartments S 2,,8.8,0.71,2038.0,routed,109.0,approach-review,1.0
8928308c433ffff,Nystrom Village SW,,18.4,1.47,1349.0,routed,48.0,network-estimate,1.0
8928308c437ffff,Atchison Village SE 3,,13.2,1.06,1905.0,routed,155.0,approach-review,1.0
8928308c43bffff,Nystrom Village,,19.3,1.54,1683.0,routed,82.0,network-estimate,1.0
8928308c443ffff,Easter Hill Village N,,19.6,1.57,1800.0,routed,98.0,network-estimate,1.0
8928308c447ffff,Easter Hill Village N 2,,17.0,1.36,1799.0,routed,128.0,approach-review,1.0
8928308c44bffff,Easter Hill Village NE,,11.2,0.89,1295.0,routed,82.0,network-estimate,1.0
8928308c44fffff,Easter Hill Village N 3,,13.0,1.04,1991.0,routed,138.0,approach-review,1.0
8928308c453ffff,Easter Hill Village,,21.5,1.72,1490.0,routed,91.0,network-estimate,1.0
8928308c457ffff,Easter Hill Village NW,,22.0,1.76,1661.0,routed,62.0,network-estimate,1.0
8928308c45bffff,Easter Hill Village E,,15.6,1.24,1840.0,routed,22.0,network-estimate,1.0
8928308c463ffff,Richmond SW,,17.1,1.37,1862.0,routed,68.0,network-estimate,1.0
8928308c467ffff,Nystrom Village N 2,,14.8,1.18,2010.0,routed,129.0,approach-review,1.0
8928308c46bffff,Richmond SE,,5.7,0.46,2429.0,routed,41.0,network-estimate,1.0
8928308c46fffff,Richmond W,,8.3,0.66,2230.0,routed,72.0,network-estimate,1.0
8928308c473ffff,Nystrom Village E,,16.5,1.32,1997.0,routed,135.0,approach-review,1.0
8928308c477ffff,Nystrom Village NE,,18.7,1.49,1602.0,routed,66.0,network-estimate,1.0
8928308c47bffff,Richmond S,,9.2,0.73,1976.0,routed,56.0,network-estimate,1.0
8928308c483ffff,Rows/Places at NOMA S 2,,30.5,2.44,966.0,routed,55.0,network-estimate,1.0
8928308c487ffff,Rows/Places at NOMA SW 2,,31.9,2.55,354.0,routed,171.0,approach-review,1.0
8928308c48bffff,Rows/Places at NOMA S,,25.9,2.07,1267.0,routed,78.0,network-estimate,1.0
8928308c48fffff,Rows/Places at NOMA SW,,31.3,2.51,1054.0,routed,63.0,network-estimate,1.0
8928308c493ffff,Rows/Places at NOMA S 4,,34.9,2.79,867.0,routed,27.0,network-estimate,1.0
8928308c497ffff,Rows/Places at NOMA SW 3,,36.4,2.91,536.0,routed,62.0,network-estimate,1.0
8928308c49bffff,Rows/Places at NOMA S 3,,32.3,2.58,856.0,routed,72.0,network-estimate,1.0
8928308c4a3ffff,Rows/Places at NOMA W 3,,29.5,2.36,414.0,routed,119.0,approach-review,1.0
8928308c4a7ffff,Atchison Village S 6,,22.8,1.83,270.0,routed,40.0,network-estimate,1.0
8928308c4abffff,Nystrom Village SW 2,,24.0,1.92,1201.0,routed,158.0,approach-review,1.0
8928308c4afffff,Nystrom Village SW 3,,23.7,1.9,598.0,routed,47.0,network-estimate,1.0
8928308c4b3ffff,Rows/Places at NOMA W 2,,32.2,2.58,0.0,routed,277.0,approach-review,1.0
8928308c4b7ffff,Rows/Places at NOMA W 4,,27.2,2.18,7.0,routed,183.0,approach-review,1.0
8928308c4bbffff,Rows/Places at NOMA W,,27.5,2.2,661.0,routed,66.0,network-estimate,1.0
8928308c4c3ffff,Marina Bay N,,20.0,1.6,2341.0,routed,57.0,network-estimate,1.0
8928308c4c7ffff,Rows/Places at NOMA E,,24.9,1.99,499.0,routed,60.0,network-estimate,1.0
8928308c4cbffff,Easter Hill Village SE,,26.4,2.12,212.0,routed,78.0,network-estimate,1.0
8928308c4cfffff,Easter Hill Village SW,,24.7,1.98,783.0,routed,165.0,approach-review,1.0
8928308c4d3ffff,Marina Bay,,18.4,1.47,1805.0,routed,100.0,network-estimate,1.0
8928308c4d7ffff,Marina Bay NW,,21.8,1.74,2010.0,routed,55.0,network-estimate,1.0
8928308c4dbffff,Marina Bay NE,,10.2,0.82,262.0,routed,84.0,network-estimate,1.0
8928308c503ffff,Atchison Village W,,45.4,3.63,0.0,routed,91.0,detour-review,1.0
8928308c507ffff,Atchison Village W 3,,16.3,1.31,403.0,routed,63.0,network-estimate,1.0
8928308c50bffff,Atchison Village NW,,15.3,1.23,233.0,routed,125.0,approach-review,1.0
8928308c50fffff,Atchison Village NW 3,,21.7,1.74,214.0,routed,143.0,approach-review,1.0
8928308c513ffff,Atchison Village SW 2,,13.7,1.1,485.0,routed,30.0,network-estimate,1.0
8928308c517ffff,Atchison Village W 2,,16.7,1.33,0.0,routed,125.0,approach-review,1.0
8928308c51bffff,Atchison Village,,15.4,1.23,968.0,routed,128.0,approach-review,1.0
8928308c523ffff,Atchison Village NW 8,,26.5,2.12,0.0,routed,171.0,approach-review,1.0
8928308c527ffff,Atchison Village NW 12,,30.5,2.44,0.0,routed,124.0,approach-review,1.0
8928308c52bffff,Atchison Village NW 7,,27.1,2.17,0.0,routed,99.0,network-estimate,1.0
8928308c52fffff,Atchison Village NW 11,,32.8,2.63,0.0,routed,202.0,approach-review,1.0
8928308c533ffff,Atchison Village W 4,,19.4,1.55,22.0,routed,231.0,approach-review,1.0
8928308c537ffff,Atchison Village W 5,,21.8,1.74,159.0,routed,100.0,network-estimate,1.0
8928308c53bffff,Atchison Village NW 5,,22.9,1.83,0.0,routed,100.0,network-estimate,1.0
8928308c543ffff,Atchison Village NE,,5.2,0.41,1702.0,routed,63.0,network-estimate,1.0
8928308c547ffff,Atchison Village N,,9.1,0.73,915.0,routed,98.0,network-estimate,1.0
8928308c54bffff,Barrett Terrace Plaza Apartments,,2.1,0.16,1833.0,routed,81.0,network-estimate,1.0
8928308c54fffff,Iron Triangle W,,7.8,0.62,1663.0,routed,81.0,network-estimate,1.0
8928308c553ffff,Atchison Village E,,9.5,0.76,1728.0,routed,107.0,approach-review,1.0
8928308c557ffff,Atchison Village Park,,11.4,0.91,1267.0,routed,106.0,approach-review,1.0
8928308c55bffff,Barrett Terrace Plaza Apartments S,,3.3,0.27,1938.0,routed,89.0,network-estimate,1.0
8928308c563ffff,Atchison Village N 3,,28.0,2.24,237.0,routed,32.0,network-estimate,1.0
8928308c567ffff,Atchison Village NW 6,,28.8,2.3,186.0,routed,112.0,approach-review,1.0
8928308c56bffff,Iron Triangle NW 2,,29.7,2.38,256.0,routed,182.0,approach-review,1.0
8928308c56fffff,Atchison Village N 4,,32.4,2.59,302.0,routed,234.0,approach-review,1.0
8928308c573ffff,Atchison Village NW 2,,37.0,2.96,0.0,routed,50.0,network-estimate,1.0
8928308c577ffff,Atchison Village NW 4,,24.8,1.98,79.0,routed,81.0,network-estimate,1.0
8928308c57bffff,Atchison Village N 2,,32.5,2.6,39.0,routed,49.0,detour-review,1.0
8928308c583ffff,Point Richmond E,,7.6,0.61,1875.0,routed,74.0,network-estimate,1.0
8928308c587ffff,Point Richmond,,1.4,0.11,1972.0,routed,56.0,network-estimate,1.0
8928308c58bffff,Atchison Village SW 3,,11.5,0.92,178.0,routed,114.0,approach-review,1.0
8928308c58fffff,Point Richmond NE,,9.6,0.77,347.0,routed,74.0,network-estimate,1.0
8928308c593ffff,Point Richmond SE,,9.1,0.73,1081.0,routed,110.0,approach-review,1.0
8928308c597ffff,Point Richmond S,,5.3,0.42,2364.0,routed,73.0,network-estimate,1.0
8928308c59bffff,Point Richmond E 2,,11.8,0.95,1102.0,routed,64.0,network-estimate,1.0
8928308c5a3ffff,Point Richmond NW 2,,13.4,1.07,392.0,routed,101.0,approach-review,1.0
8928308c5a7ffff,Point Richmond NW 4,,14.8,1.18,650.0,routed,80.0,network-estimate,1.0
8928308c5abffff,Point Richmond N 2,,13.2,1.06,646.0,routed,62.0,network-estimate,1.0
8928308c5afffff,Point Richmond N 3,,16.9,1.35,205.0,routed,104.0,approach-review,1.0
8928308c5b3ffff,Point Richmond NW,,4.9,0.39,2632.0,routed,64.0,network-estimate,1.0
8928308c5b7ffff,Point Richmond NW 3,,10.2,0.82,2119.0,routed,87.0,network-estimate,1.0
8928308c5bbffff,Point Richmond N,,8.5,0.68,605.0,routed,48.0,network-estimate,1.0
8928308c5c3ffff,Atchison Village S 2,,19.6,1.57,45.0,routed,148.0,approach-review,1.0
8928308c5c7ffff,Atchison Village SW,,17.7,1.41,38.0,routed,152.0,approach-review,1.0
8928308c5cbffff,Atchison Village SE,,13.2,1.05,1989.0,routed,64.0,network-estimate,1.0
8928308c5cfffff,Atchison Village S,,15.3,1.22,620.0,routed,48.0,network-estimate,1.0
8928308c5d3ffff,Atchison Village S 4,,18.5,1.48,0.0,routed,107.0,approach-review,1.0
8928308c5d7ffff,Atchison Village S 3,,13.6,1.09,0.0,routed,126.0,approach-review,1.0
8928308c5dbffff,Atchison Village SE 2,,20.1,1.6,589.0,routed,90.0,network-estimate,1.0
8928308c603ffff,East Richmond SW 4,,11.1,0.89,2014.0,routed,59.0,network-estimate,1.0
8928308c607ffff,East Richmond W 5,,8.4,0.67,1727.0,routed,52.0,network-estimate,1.0
8928308c60bffff,East Richmond SW 2,,16.4,1.31,1055.0,routed,56.0,network-estimate,1.0
8928308c60fffff,East Richmond W 2,,14.6,1.17,1733.0,routed,38.0,network-estimate,1.0
8928308c613ffff,East Richmond SW 5,,6.7,0.53,2073.0,routed,66.0,network-estimate,1.0
8928308c617ffff,East Richmond SW 6,,4.8,0.39,2148.0,routed,104.0,approach-review,1.0
8928308c61bffff,East Richmond SW 3,,13.2,1.06,1057.0,routed,39.0,network-estimate,1.0
8928308c623ffff,Richmond NE 6,,15.6,1.25,2180.0,routed,120.0,approach-review,1.0
8928308c627ffff,Richmond NE 5,,14.0,1.12,1997.0,routed,139.0,approach-review,1.0
8928308c62bffff,East Richmond W 6,,18.2,1.46,1999.0,routed,133.0,approach-review,1.0
8928308c62fffff,Richmond NE 8,,19.1,1.53,1927.0,routed,137.0,approach-review,1.0
8928308c633ffff,Richmond NE 4,,12.4,0.99,1737.0,routed,199.0,approach-review,1.0
8928308c637ffff,Richmond NE 3,,10.7,0.86,1679.0,routed,118.0,approach-review,1.0
8928308c63bffff,East Richmond W 4,,13.3,1.06,2459.0,routed,85.0,network-estimate,1.0
8928308c643ffff,East Richmond SE,,25.5,2.04,1593.0,routed,189.0,approach-review,1.0
8928308c647ffff,East Richmond SW,,23.1,1.85,1793.0,routed,138.0,approach-review,1.0
8928308c64bffff,Mira Vista School Park,,30.5,2.44,690.0,routed,90.0,network-estimate,1.0
8928308c64fffff,East Richmond,,28.0,2.24,1806.0,routed,113.0,approach-review,1.0
8928308c653ffff,East Richmond S 2,,22.2,1.77,1972.0,routed,155.0,approach-review,1.0
8928308c657ffff,East Richmond S,,19.2,1.54,1799.0,routed,40.0,network-estimate,1.0
8928308c65bffff,East Richmond SE 2,,27.2,2.18,1827.0,routed,106.0,approach-review,1.0
8928308c663ffff,East Richmond NW 2,,21.9,1.75,1627.0,routed,118.0,approach-review,1.0
8928308c667ffff,East Richmond NW 4,,20.3,1.62,1736.0,routed,56.0,network-estimate,1.0
8928308c66bffff,East Richmond N 2,,28.1,2.25,1697.0,routed,82.0,network-estimate,1.0
8928308c66fffff,East Richmond NW 3,,22.3,1.78,1448.0,routed,31.0,network-estimate,1.0
8928308c673ffff,East Richmond W,,19.6,1.57,1621.0,routed,142.0,approach-review,1.0
8928308c677ffff,East Richmond W 3,,17.4,1.39,1793.0,routed,30.0,network-estimate,1.0
8928308c67bffff,East Richmond NW,,23.9,1.92,1552.0,routed,56.0,network-estimate,1.0
8928308c683ffff,Easter Hill Village NE 4,,8.0,0.64,1630.0,routed,75.0,network-estimate,1.0
8928308c687ffff,Easter Hill Village NE 3,,5.2,0.42,1916.0,routed,102.0,approach-review,1.0
8928308c68bffff,East Richmond SW 7,,7.8,0.63,1238.0,routed,102.0,approach-review,1.0
8928308c68fffff,Richmond E 6,,2.9,0.23,1104.0,routed,25.0,network-estimate,1.0
8928308c693ffff,Crescent Park Apartments NW 5,,12.6,1.01,1103.0,routed,45.0,network-estimate,1.0
8928308c697ffff,Easter Hill Village NE 2,,9.2,0.74,1803.0,routed,128.0,approach-review,1.0
8928308c69bffff,Crescent Park Apartments N 4,,13.3,1.06,1543.0,routed,194.0,approach-review,1.0
8928308c6a3ffff,Richmond E 2,,5.5,0.44,1512.0,routed,47.0,network-estimate,1.0
8928308c6a7ffff,Richmond E,,1.1,0.09,1756.0,routed,26.0,network-estimate,1.0
8928308c6abffff,Richmond E 4,,9.1,0.73,2059.0,routed,40.0,network-estimate,1.0
8928308c6afffff,Richmond E 3,,6.5,0.52,2049.0,routed,133.0,approach-review,1.0
8928308c6b3ffff,Nicholl Park,,7.5,0.6,919.0,routed,115.0,approach-review,1.0
8928308c6b7ffff,Richmond SE 2,,4.8,0.39,1642.0,routed,128.0,approach-review,1.0
8928308c6bbffff,Richmond E 5,,3.0,0.24,1441.0,routed,1.0,network-estimate,1.0
8928308c6c3ffff,East Richmond S 6,,14.7,1.17,1156.0,routed,52.0,network-estimate,1.0
8928308c6c7ffff,East Richmond S 5,,9.9,0.79,1163.0,routed,89.0,network-estimate,1.0
8928308c6cbffff,East Richmond S 4,,19.5,1.56,1901.0,routed,83.0,network-estimate,1.0
8928308c6cfffff,East Richmond S 3,,16.7,1.34,2011.0,routed,83.0,network-estimate,1.0
8928308c6d3ffff,Crescent Park Apartments N 5,,17.1,1.37,604.0,routed,18.0,network-estimate,1.0
8928308c6d7ffff,Crescent Park Apartments N 6,,15.0,1.2,1109.0,routed,88.0,network-estimate,1.0
8928308c6dbffff,Crescent Park Apartments N 7,,19.3,1.55,1997.0,routed,160.0,approach-review,1.0
8928308c803ffff,North Richmond NW 74,,98.3,7.87,0.0,routed,2618.0,approach-review,1.0
8928308c807ffff,North Richmond NW 84,,102.3,8.19,0.0,routed,2937.0,approach-review,1.0
8928308c80bffff,North Richmond NW 73,,96.1,7.69,0.0,routed,2697.0,approach-review,1.0
8928308c80fffff,North Richmond NW 83,,101.9,8.16,0.0,routed,2907.0,approach-review,1.0
8928308c813ffff,North Richmond NW 67,,94.9,7.6,0.0,routed,2347.0,approach-review,1.0
8928308c817ffff,North Richmond NW 77,,102.4,8.19,0.0,routed,2481.0,approach-review,1.0
8928308c81bffff,North Richmond NW 66,,94.5,7.56,0.0,routed,2307.0,approach-review,1.0
8928308c823ffff,North Richmond NW 105,,113.5,9.08,0.0,routed,3373.0,approach-review,1.0
8928308c827ffff,North Richmond NW 116,,123.8,9.91,0.0,routed,3483.0,approach-review,1.0
8928308c82bffff,North Richmond NW 102,,109.4,8.76,0.0,routed,3507.0,approach-review,1.0
8928308c82fffff,North Richmond NW 113,,117.3,9.39,0.0,routed,3678.0,approach-review,1.0
8928308c833ffff,North Richmond NW 95,,109.8,8.79,0.0,routed,3079.0,approach-review,1.0
8928308c837ffff,North Richmond NW 106,,120.2,9.61,0.0,routed,3189.0,approach-review,1.0
8928308c83bffff,North Richmond NW 94,,105.8,8.46,0.0,routed,3215.0,approach-review,1.0
8928308c843ffff,North Richmond NW 60,,89.4,7.15,0.0,routed,2418.0,approach-review,1.0
8928308c847ffff,North Richmond NW 71,,96.2,7.7,0.0,routed,2707.0,approach-review,1.0
8928308c84bffff,North Richmond NW 61,,87.7,7.01,0.0,routed,2284.0,approach-review,1.0
8928308c84fffff,North Richmond NW 70,,91.9,7.35,0.0,routed,2624.0,approach-review,1.0
8928308c853ffff,North Richmond NW 52,,88.8,7.1,0.0,routed,2109.0,approach-review,1.0
8928308c857ffff,North Richmond NW 62,,92.3,7.39,0.0,routed,2396.0,approach-review,1.0
8928308c85bffff,North Richmond NW 51,,85.0,6.8,0.0,routed,2071.0,approach-review,1.0
8928308c863ffff,North Richmond NW 89,,103.7,8.3,0.0,routed,3306.0,approach-review,1.0
8928308c867ffff,North Richmond NW 101,,107.3,8.59,0.0,routed,3596.0,approach-review,1.0
8928308c86bffff,North Richmond NW 88,,128.8,10.3,0.0,routed,3036.0,approach-review,1.0
8928308c86fffff,North Richmond NW 99,,134.4,10.75,0.0,routed,3318.0,approach-review,1.0
8928308c873ffff,North Richmond NW 81,,99.8,7.99,0.0,routed,2996.0,approach-review,1.0
8928308c877ffff,North Richmond NW 92,,105.7,8.46,0.0,routed,3209.0,approach-review,1.0
8928308c87bffff,North Richmond NW 79,,96.2,7.7,0.0,routed,2967.0,approach-review,1.0
8928308c883ffff,North Richmond NW 65,,95.1,7.61,0.0,routed,2053.0,approach-review,1.0
8928308c887ffff,North Richmond NW 76,,96.8,7.75,0.0,routed,1992.0,approach-review,1.0
8928308c88bffff,North Richmond NW 59,,91.9,7.35,0.0,routed,2101.0,approach-review,1.0
8928308c88fffff,North Richmond NW 69,,98.9,7.91,0.0,routed,2206.0,approach-review,1.0
8928308c893ffff,North Richmond NW 58,,90.7,7.26,0.0,routed,1703.0,approach-review,1.0
8928308c897ffff,North Richmond NW 68,,92.4,7.39,0.0,routed,1639.0,approach-review,1.0
8928308c89bffff,North Richmond NW 54,,89.7,7.18,0.0,routed,1882.0,approach-review,1.0
8928308c8a3ffff,North Richmond NW 93,,103.4,8.27,0.0,routed,2514.0,approach-review,1.0
8928308c8a7ffff,North Richmond NW 104,,132.0,10.56,0.0,routed,2597.0,approach-review,1.0
8928308c8abffff,North Richmond NW 87,,105.7,8.45,0.0,routed,2698.0,approach-review,1.0
8928308c8afffff,North Richmond NW 98,,135.2,10.82,0.0,routed,2855.0,approach-review,1.0
8928308c8b3ffff,North Richmond NW 85,,99.0,7.92,0.0,routed,2162.0,approach-review,1.0
8928308c8b7ffff,North Richmond NW 96,,127.7,10.21,0.0,routed,2250.0,approach-review,1.0
8928308c8bbffff,North Richmond NW 82,,101.3,8.1,0.0,routed,2345.0,approach-review,1.0
8928308c8c3ffff,North Richmond NW 48,,87.0,6.96,0.0,routed,1708.0,approach-review,1.0
8928308c8c7ffff,North Richmond NW 57,,90.9,7.27,0.0,routed,2023.0,approach-review,1.0
8928308c8cbffff,North Richmond NW 46,,84.8,6.79,0.0,routed,1795.0,approach-review,1.0
8928308c8cfffff,North Richmond NW 55,,88.6,7.09,0.0,routed,2098.0,approach-review,1.0
8928308c8d3ffff,North Richmond NW 42,,83.5,6.68,0.0,routed,1431.0,approach-review,1.0
8928308c8d7ffff,North Richmond NW 50,,87.7,7.01,0.0,routed,1763.0,approach-review,1.0
8928308c8dbffff,North Richmond NW 40,,81.1,6.49,0.0,routed,1500.0,approach-review,1.0
8928308c94bffff,North Richmond NW 132,,131.6,10.52,0.0,routed,4099.0,approach-review,0.0
8928308c953ffff,North Richmond NW 126,,145.1,11.61,0.0,routed,3644.0,approach-review,0.223
8928308c95bffff,North Richmond NW 124,,127.6,10.21,0.0,routed,3787.0,approach-review,0.628
8928308c9c3ffff,North Richmond NW 123,,137.9,11.03,0.0,routed,3072.0,approach-review,0.587
8928308c9cbffff,North Richmond NW 117,,140.7,11.26,0.0,routed,3294.0,approach-review,0.937
8928308c9d3ffff,North Richmond NW 115,,133.5,10.68,0.0,routed,2720.0,approach-review,1.0
8928308c9d7ffff,North Richmond NW 127,,135.5,10.84,0.0,routed,2880.0,approach-review,0.19
8928308c9dbffff,North Richmond NW 111,,136.3,10.91,0.0,routed,2945.0,approach-review,1.0
8928308ca03ffff,San Marcos Apartments W 49,,109.8,8.78,0.0,routed,1515.0,approach-review,1.0
8928308ca07ffff,San Marcos Apartments W 52,,119.8,9.58,0.0,routed,1762.0,approach-review,1.0
8928308ca0bffff,San Marcos Apartments NW 35,,107.8,8.62,0.0,routed,1188.0,approach-review,1.0
8928308ca0fffff,San Marcos Apartments NW 40,,116.5,9.32,0.0,routed,1424.0,approach-review,1.0
8928308ca13ffff,San Marcos Apartments W 48,,109.5,8.76,0.0,routed,1574.0,approach-review,1.0
8928308ca17ffff,San Marcos Apartments W 51,,113.3,9.07,0.0,routed,1802.0,approach-review,1.0
8928308ca1bffff,San Marcos Apartments W 46,,105.7,8.45,0.0,routed,1187.0,approach-review,1.0
8928308ca23ffff,San Marcos Apartments NW 51,,128.1,10.25,0.0,routed,1977.0,approach-review,1.0
8928308ca27ffff,San Marcos Apartments NW 58,,131.9,10.55,0.0,routed,2286.0,approach-review,1.0
8928308ca2bffff,San Marcos Apartments NW 48,,124.2,9.94,0.0,routed,1670.0,approach-review,1.0
8928308ca2fffff,San Marcos Apartments NW 54,,128.3,10.26,0.0,routed,1995.0,approach-review,1.0
8928308ca33ffff,San Marcos Apartments W 55,,124.9,9.99,0.0,routed,2024.0,approach-review,1.0
8928308ca37ffff,San Marcos Apartments W 58,,128.7,10.29,0.0,routed,2327.0,approach-review,1.0
8928308ca3bffff,San Marcos Apartments NW 45,,121.0,9.68,0.0,routed,1711.0,approach-review,1.0
8928308ca43ffff,San Marcos Apartments NW 29,,100.7,8.05,0.0,routed,617.0,approach-review,1.0
8928308ca47ffff,San Marcos Apartments NW 33,,108.8,8.71,0.0,routed,806.0,approach-review,1.0
8928308ca4bffff,San Marcos Apartments NW 27,,100.8,8.06,0.0,routed,242.0,approach-review,1.0
8928308ca4fffff,San Marcos Apartments NW 31,,105.7,8.45,0.0,routed,488.0,approach-review,1.0
8928308ca53ffff,San Marcos Apartments W 38,,98.1,7.84,0.0,routed,663.0,approach-review,1.0
8928308ca57ffff,San Marcos Apartments W 43,,102.3,8.19,0.0,routed,922.0,approach-review,1.0
8928308ca5bffff,San Marcos Apartments NW 25,,96.3,7.7,0.0,routed,309.0,approach-review,1.0
8928308ca63ffff,San Marcos Apartments NW 41,,116.6,9.33,0.0,routed,1059.0,approach-review,1.0
8928308ca67ffff,San Marcos Apartments NW 46,,120.8,9.66,0.0,routed,1392.0,approach-review,1.0
8928308ca6bffff,San Marcos Apartments NW 39,,113.6,9.09,0.0,routed,806.0,approach-review,1.0
8928308ca6fffff,San Marcos Apartments NW 44,,118.4,9.47,0.0,routed,1144.0,approach-review,1.0
8928308ca73ffff,San Marcos Apartments NW 38,,113.3,9.06,0.0,routed,1095.0,approach-review,1.0
8928308ca77ffff,San Marcos Apartments NW 43,,120.3,9.63,0.0,routed,1359.0,approach-review,1.0
8928308ca7bffff,San Marcos Apartments NW 36,,112.6,9.01,0.0,routed,740.0,approach-review,1.0
8928308ca83ffff,North Richmond NW 56,,82.7,6.61,0.0,routed,1883.0,approach-review,1.0
8928308ca87ffff,North Richmond NW 63,,86.6,6.93,0.0,routed,2201.0,approach-review,1.0
8928308ca8bffff,San Marcos Apartments W 47,,90.4,7.23,0.0,routed,1715.0,approach-review,1.0
8928308ca8fffff,San Marcos Apartments W 50,,112.7,9.01,0.0,routed,1943.0,approach-review,1.0
8928308ca93ffff,North Richmond NW 47,,78.4,6.27,0.0,routed,1944.0,approach-review,1.0
8928308ca97ffff,North Richmond NW 53,,83.0,6.64,0.0,routed,2257.0,approach-review,1.0
8928308ca9bffff,North Richmond N 27,,78.3,6.27,0.0,routed,1735.0,approach-review,1.0
8928308caa3ffff,San Marcos Apartments W 56,,121.0,9.68,0.0,routed,2418.0,approach-review,1.0
8928308caa7ffff,North Richmond NW 90,,126.7,10.14,0.0,routed,2701.0,approach-review,1.0
8928308caabffff,San Marcos Apartments W 54,,117.3,9.39,0.0,routed,2122.0,approach-review,1.0
8928308caafffff,San Marcos Apartments W 57,,128.3,10.26,0.0,routed,2363.0,approach-review,1.0
8928308cab3ffff,North Richmond NW 72,,90.7,7.26,0.0,routed,2528.0,approach-review,1.0
8928308cab7ffff,North Richmond NW 80,,125.0,10.0,0.0,routed,2731.0,approach-review,1.0
8928308cabbffff,San Marcos Apartments W 53,,117.2,9.38,0.0,routed,2113.0,approach-review,1.0
8928308cac3ffff,San Marcos Apartments W 40,,101.4,8.11,0.0,routed,1078.0,approach-review,1.0
8928308cac7ffff,San Marcos Apartments W 45,,104.9,8.39,0.0,routed,1355.0,approach-review,1.0
8928308cacbffff,San Marcos Apartments W 36,,97.2,7.77,0.0,routed,737.0,approach-review,1.0
8928308cacfffff,San Marcos Apartments W 41,,101.7,8.14,0.0,routed,956.0,approach-review,1.0
8928308cad3ffff,San Marcos Apartments W 39,,80.9,6.47,0.0,routed,1288.0,approach-review,1.0
8928308cad7ffff,San Marcos Apartments W 44,,86.0,6.88,0.0,routed,1368.0,approach-review,1.0
8928308cadbffff,San Marcos Apartments W 35,,80.6,6.45,0.0,routed,937.0,approach-review,1.0
8928308cb03ffff,San Marcos Apartments W 65,,147.6,11.81,0.0,routed,3539.0,approach-review,0.312
8928308cb0bffff,San Marcos Apartments NW 76,,144.1,11.53,0.0,routed,3260.0,approach-review,0.725
8928308cb13ffff,North Richmond NW 128,,147.3,11.79,0.0,routed,3519.0,approach-review,0.989
8928308cb17ffff,North Richmond NW 133,,151.3,12.1,0.0,routed,3832.0,approach-review,0.008
8928308cb1bffff,San Marcos Apartments W 64,,143.6,11.49,0.0,routed,3217.0,approach-review,1.0
8928308cb43ffff,San Marcos Apartments NW 66,,136.6,10.93,0.0,routed,2661.0,approach-review,1.0
8928308cb47ffff,San Marcos Apartments NW 72,,140.9,11.27,0.0,routed,3000.0,approach-review,0.999
8928308cb4bffff,San Marcos Apartments NW 63,,133.7,10.69,0.0,routed,2411.0,approach-review,1.0
8928308cb4fffff,San Marcos Apartments NW 69,,138.0,11.04,0.0,routed,2755.0,approach-review,1.0
8928308cb53ffff,San Marcos Apartments NW 64,,135.9,10.87,0.0,routed,2604.0,approach-review,1.0
8928308cb57ffff,San Marcos Apartments NW 70,,140.0,11.2,0.0,routed,2930.0,approach-review,1.0
8928308cb5bffff,San Marcos Apartments NW 60,,132.4,10.59,0.0,routed,2326.0,approach-review,1.0
8928308cb73ffff,San Marcos Apartments NW 78,,145.1,11.61,0.0,routed,3340.0,approach-review,0.029
8928308cb7bffff,San Marcos Apartments NW 75,,142.8,11.42,0.0,routed,3093.0,approach-review,0.365
8928308cb83ffff,North Richmond NW 121,,148.1,11.84,0.0,routed,3878.0,approach-review,1.0
8928308cb87ffff,North Richmond NW 130,,132.2,10.57,0.0,routed,4148.0,approach-review,0.265
8928308cb8bffff,North Richmond NW 118,,144.1,11.53,0.0,routed,3563.0,approach-review,1.0
8928308cb8fffff,North Richmond NW 129,,151.3,12.1,0.0,routed,3831.0,approach-review,0.677
8928308cb93ffff,North Richmond NW 112,,113.2,9.06,0.0,routed,3809.0,approach-review,1.0
8928308cb97ffff,North Richmond NW 122,,121.2,9.7,0.0,routed,3991.0,approach-review,0.965
8928308cb9bffff,North Richmond NW 110,,143.7,11.5,0.0,routed,3598.0,approach-review,1.0
8928308cbc3ffff,San Marcos Apartments W 61,,136.4,10.91,0.0,routed,2945.0,approach-review,1.0
8928308cbc7ffff,San Marcos Apartments W 63,,143.5,11.48,0.0,routed,3213.0,approach-review,1.0
8928308cbcbffff,San Marcos Apartments W 60,,135.8,10.86,0.0,routed,2595.0,approach-review,1.0
8928308cbcfffff,San Marcos Apartments W 62,,139.6,11.17,0.0,routed,2902.0,approach-review,1.0
8928308cbd3ffff,North Richmond NW 100,,136.0,10.88,0.0,routed,2980.0,approach-review,1.0
8928308cbd7ffff,North Richmond NW 109,,140.3,11.23,0.0,routed,3260.0,approach-review,1.0
8928308cbdbffff,San Marcos Apartments W 59,,132.6,10.61,0.0,routed,2642.0,approach-review,1.0
8928308cc03ffff,North Richmond W 41,,75.8,6.06,0.0,routed,892.0,approach-review,1.0
8928308cc07ffff,North Richmond W 47,,76.0,6.08,0.0,routed,932.0,approach-review,0.993
8928308cc0bffff,North Richmond W 36,,82.1,6.56,0.0,routed,857.0,approach-review,1.0
8928308cc0fffff,North Richmond W 42,,79.8,6.38,0.0,routed,1180.0,approach-review,0.393
8928308cc13ffff,North Richmond W 40,,68.6,5.49,0.0,routed,847.0,approach-review,1.0
8928308cc17ffff,North Richmond W 46,,71.7,5.74,0.0,routed,592.0,approach-review,1.0
8928308cc1bffff,North Richmond W 35,,77.1,6.17,0.0,routed,970.0,approach-review,1.0
8928308cc23ffff,North Richmond W 55,,83.6,6.69,0.0,routed,933.0,approach-review,0.345
8928308cc27ffff,North Richmond W 62,,85.8,6.87,0.0,routed,1112.0,approach-review,0.846
8928308cc2bffff,North Richmond W 52,,86.3,6.91,0.0,routed,1354.0,approach-review,0.96
8928308cc2fffff,North Richmond NW 64,,88.0,7.04,0.0,routed,1286.0,approach-review,1.0
8928308cc33ffff,North Richmond W 54,,77.8,6.23,0.0,routed,1079.0,approach-review,0.604
8928308cc37ffff,North Richmond W 60,,81.6,6.52,0.0,routed,769.0,approach-review,0.135
8928308cc3bffff,North Richmond W 48,,80.6,6.45,0.0,routed,1250.0,approach-review,0.003
8928308cc43ffff,North Richmond W 25,,74.4,5.95,0.0,routed,242.0,approach-review,1.0
8928308cc47ffff,North Richmond W 31,,78.3,6.26,0.0,routed,552.0,approach-review,1.0
8928308cc4bffff,North Richmond NW 19,,70.0,5.6,0.0,routed,354.0,approach-review,1.0
8928308cc4fffff,North Richmond NW 24,,76.0,6.08,0.0,routed,375.0,approach-review,1.0
8928308cc53ffff,North Richmond W 23,,76.1,6.09,0.0,routed,485.0,approach-review,1.0
8928308cc57ffff,North Richmond W 30,,78.8,6.31,0.0,routed,599.0,approach-review,1.0
8928308cc5bffff,North Richmond W 19,,71.3,5.7,0.0,routed,256.0,approach-review,1.0
8928308cc63ffff,North Richmond NW 41,,84.5,6.76,0.0,routed,1051.0,approach-review,1.0
8928308cc67ffff,North Richmond NW 49,,88.8,7.1,0.0,routed,1397.0,approach-review,1.0
8928308cc6bffff,North Richmond NW 36,,80.6,6.44,0.0,routed,1196.0,approach-review,1.0
8928308cc6fffff,North Richmond NW 43,,84.9,6.79,0.0,routed,1542.0,approach-review,1.0
8928308cc73ffff,North Richmond W 37,,82.5,6.6,0.0,routed,891.0,approach-review,0.633
8928308cc77ffff,North Richmond W 45,,85.7,6.85,0.0,routed,1299.0,approach-review,0.514
8928308cc7bffff,North Richmond NW 33,,80.2,6.42,0.0,routed,708.0,approach-review,1.0
8928308cc83ffff,North Richmond W 43,,60.8,4.86,0.0,routed,222.0,approach-review,1.0
8928308cc87ffff,North Richmond W 49,,64.3,5.14,443.0,routed,238.0,approach-review,1.0
8928308cc8bffff,North Richmond W 38,,61.1,4.89,0.0,routed,556.0,approach-review,1.0
8928308cc8fffff,North Richmond W 44,,67.8,5.42,0.0,routed,517.0,approach-review,1.0
8928308cc93ffff,Point Richmond NW 41,,56.4,4.51,315.0,routed,229.0,approach-review,1.0
8928308cc97ffff,North Richmond W 50,,60.9,4.87,359.0,routed,231.0,approach-review,1.0
8928308cc9bffff,North Richmond W 39,,55.6,4.45,0.0,routed,315.0,approach-review,1.0
8928308cca3ffff,North Richmond W 58,,72.9,5.83,0.0,routed,413.0,approach-review,1.0
8928308cca7ffff,North Richmond W 64,,102.1,8.17,0.0,routed,510.0,approach-review,1.0
8928308ccabffff,North Richmond W 53,,73.4,5.88,0.0,routed,728.0,approach-review,1.0
8928308ccafffff,North Richmond W 59,,77.1,6.17,0.0,routed,747.0,approach-review,1.0
8928308ccb3ffff,North Richmond W 57,,66.9,5.35,180.0,routed,293.0,approach-review,1.0
8928308ccb7ffff,North Richmond W 63,,101.4,8.11,261.0,routed,264.0,approach-review,1.0
8928308ccbbffff,North Richmond W 51,,69.1,5.53,0.0,routed,383.0,approach-review,1.0
8928308ccc3ffff,North Richmond W 26,,59.9,4.79,0.0,routed,741.0,approach-review,1.0
8928308ccc7ffff,North Richmond W 33,,64.8,5.18,0.0,routed,811.0,approach-review,1.0
8928308cccbffff,North Richmond W 21,,77.2,6.17,0.0,routed,701.0,approach-review,1.0
8928308cccfffff,North Richmond W 28,,81.1,6.48,0.0,routed,753.0,approach-review,1.0
8928308ccd3ffff,North Richmond W 27,,52.8,4.22,0.0,routed,587.0,approach-review,1.0
8928308ccd7ffff,North Richmond W 32,,57.4,4.59,0.0,routed,541.0,approach-review,1.0
8928308ccdbffff,North Richmond W 20,,55.6,4.45,0.0,routed,780.0,approach-review,1.0
8928308cd03ffff,North Richmond W 84,,114.6,9.17,0.0,routed,1341.0,approach-review,1.0
8928308cd07ffff,North Richmond W 91,,117.6,9.4,0.0,routed,1578.0,approach-review,1.0
8928308cd0bffff,North Richmond W 81,,117.9,9.43,0.0,routed,1469.0,approach-review,1.0
8928308cd0fffff,North Richmond W 87,,119.0,9.52,0.0,routed,1691.0,approach-review,1.0
8928308cd13ffff,North Richmond W 83,,110.3,8.82,0.0,routed,995.0,approach-review,0.546
8928308cd17ffff,North Richmond W 89,,113.5,9.08,0.0,routed,1251.0,approach-review,0.978
8928308cd1bffff,North Richmond W 78,,113.5,9.08,0.0,routed,1118.0,approach-review,1.0
8928308cd2bffff,North Richmond NW 131,,126.0,10.08,0.0,routed,2255.0,approach-review,0.153
8928308cd33ffff,North Richmond W 97,,121.0,9.68,0.0,routed,1850.0,approach-review,0.48
8928308cd3bffff,North Richmond W 94,,121.8,9.74,0.0,routed,1914.0,approach-review,0.87
8928308cd43ffff,North Richmond NW 86,,119.1,9.53,0.0,routed,1566.0,approach-review,1.0
8928308cd47ffff,North Richmond NW 97,,120.3,9.62,0.0,routed,1662.0,approach-review,1.0
8928308cd4bffff,North Richmond NW 78,,94.6,7.57,0.0,routed,1811.0,approach-review,1.0
8928308cd4fffff,North Richmond NW 91,,123.3,9.87,0.0,routed,1906.0,approach-review,1.0
8928308cd53ffff,North Richmond W 69,,114.9,9.2,0.0,routed,1234.0,approach-review,1.0
8928308cd57ffff,North Richmond W 75,,115.9,9.27,0.0,routed,1311.0,approach-review,1.0
8928308cd5bffff,North Richmond NW 75,,90.2,7.22,0.0,routed,1460.0,approach-review,1.0
8928308cd63ffff,North Richmond NW 114,,126.7,10.14,0.0,routed,2174.0,approach-review,1.0
8928308cd67ffff,North Richmond NW 125,,129.0,10.32,0.0,routed,2063.0,approach-review,0.546
8928308cd6bffff,North Richmond NW 107,,129.1,10.33,0.0,routed,2367.0,approach-review,1.0
8928308cd6fffff,North Richmond NW 119,,131.1,10.49,0.0,routed,2527.0,approach-review,0.91
8928308cd73ffff,North Richmond NW 108,,122.3,9.78,0.0,routed,1821.0,approach-review,1.0
8928308cd77ffff,North Richmond NW 120,,123.3,9.87,0.0,routed,2041.0,approach-review,1.0
8928308cd7bffff,North Richmond NW 103,,124.7,9.98,0.0,routed,2014.0,approach-review,1.0
8928308cd83ffff,North Richmond W 86,,106.4,8.51,0.0,routed,685.0,approach-review,1.0
8928308cd87ffff,North Richmond W 92,,110.7,8.86,0.0,routed,1029.0,approach-review,0.699
8928308cd8bffff,North Richmond W 82,,106.0,8.48,0.0,routed,656.0,approach-review,0.52
8928308cd8fffff,North Richmond W 88,,109.6,8.77,0.0,routed,945.0,approach-review,0.068
8928308cd93ffff,North Richmond W 85,,104.3,8.35,0.0,routed,528.0,approach-review,1.0
8928308cd97ffff,North Richmond W 90,,108.7,8.69,0.0,routed,875.0,approach-review,1.0
8928308cd9bffff,North Richmond W 80,,102.2,8.17,327.0,routed,348.0,approach-review,1.0
8928308cda3ffff,North Richmond W 99,,117.8,9.42,0.0,routed,1595.0,approach-review,0.263
8928308cdabffff,North Richmond W 95,,117.1,9.37,0.0,routed,1544.0,approach-review,1.0
8928308cdafffff,North Richmond W 100,,121.0,9.68,0.0,routed,1856.0,approach-review,0.088
8928308cdb3ffff,North Richmond W 98,,115.0,9.2,0.0,routed,1376.0,approach-review,0.18
8928308cdbbffff,North Richmond W 93,,113.6,9.09,0.0,routed,1264.0,approach-review,0.374
8928308cdc3ffff,North Richmond W 71,,107.2,8.58,0.0,routed,616.0,approach-review,0.313
8928308cdc7ffff,North Richmond W 77,,108.0,8.64,0.0,routed,810.0,approach-review,0.077
8928308cdcbffff,North Richmond W 66,,111.0,8.88,0.0,routed,917.0,approach-review,0.199
8928308cdcfffff,North Richmond W 72,,111.5,8.92,0.0,routed,962.0,approach-review,0.709
8928308cdd3ffff,North Richmond W 70,,101.6,8.13,151.0,routed,471.0,approach-review,1.0
8928308cdd7ffff,North Richmond W 76,,103.6,8.29,146.0,routed,460.0,approach-review,0.95
8928308cddbffff,North Richmond W 65,,81.4,6.51,0.0,routed,758.0,approach-review,0.8
8928308ce03ffff,North Richmond NW 21,,67.1,5.37,0.0,routed,923.0,approach-review,1.0
8928308ce07ffff,North Richmond NW 25,,71.7,5.73,0.0,routed,1113.0,approach-review,1.0
8928308ce0bffff,North Richmond N 20,,65.6,5.25,0.0,routed,918.0,approach-review,1.0
8928308ce0fffff,North Richmond NW 27,,69.9,5.59,0.0,routed,861.0,approach-review,1.0
8928308ce13ffff,North Richmond NW 15,,62.7,5.02,0.0,routed,605.0,approach-review,1.0
8928308ce17ffff,North Richmond NW 20,,67.5,5.4,0.0,routed,778.0,approach-review,1.0
8928308ce1bffff,North Richmond NW 17,,64.7,5.17,0.0,routed,673.0,approach-review,1.0
8928308ce23ffff,North Richmond NW 37,,78.5,6.28,0.0,routed,1554.0,approach-review,1.0
8928308ce27ffff,North Richmond NW 44,,85.4,6.83,0.0,routed,1843.0,approach-review,1.0
8928308ce2bffff,North Richmond NW 39,,76.4,6.11,0.0,routed,1379.0,approach-review,1.0
8928308ce2fffff,North Richmond NW 45,,80.7,6.45,0.0,routed,1725.0,approach-review,1.0
8928308ce33ffff,North Richmond NW 30,,78.2,6.25,0.0,routed,1263.0,approach-review,1.0
8928308ce37ffff,North Richmond NW 38,,81.3,6.5,0.0,routed,1513.0,approach-review,1.0
8928308ce3bffff,North Richmond NW 31,,74.2,5.94,0.0,routed,1207.0,approach-review,1.0
8928308ce43ffff,North Richmond N 19,,58.5,4.68,0.0,routed,355.0,approach-review,1.0
8928308ce47ffff,North Richmond N 21,,62.9,5.03,0.0,routed,701.0,approach-review,1.0
8928308ce4bffff,San Marcos Apartments W 29,,58.6,4.69,0.0,routed,284.0,approach-review,1.0
8928308ce4fffff,North Richmond N 22,,62.0,4.96,0.0,routed,571.0,approach-review,1.0
8928308ce53ffff,North Richmond N 15,,57.8,4.62,0.0,routed,385.0,approach-review,1.0
8928308ce57ffff,North Richmond N 18,,61.5,4.92,0.0,routed,591.0,approach-review,1.0
8928308ce5bffff,North Richmond N 17,,54.2,4.33,404.0,routed,153.0,approach-review,1.0
8928308ce63ffff,North Richmond N 25,,69.9,5.6,0.0,routed,1267.0,approach-review,1.0
8928308ce67ffff,North Richmond N 26,,74.1,5.93,0.0,routed,1604.0,approach-review,1.0
8928308ce6bffff,San Marcos Apartments W 37,,69.5,5.56,0.0,routed,1172.0,approach-review,1.0
8928308ce6fffff,San Marcos Apartments W 42,,73.4,5.87,0.0,routed,1482.0,approach-review,1.0
8928308ce73ffff,North Richmond N 23,,67.2,5.38,0.0,routed,1049.0,approach-review,1.0
8928308ce77ffff,North Richmond NW 34,,71.6,5.72,0.0,routed,1397.0,approach-review,1.0
8928308ce7bffff,North Richmond N 24,,66.0,5.28,0.0,routed,891.0,approach-review,1.0
8928308ce83ffff,North Richmond NW 13,,62.8,5.02,0.0,routed,30.0,network-estimate,1.0
8928308ce87ffff,North Richmond NW 18,,66.5,5.32,0.0,routed,329.0,approach-review,1.0
8928308ce8bffff,North Richmond NW 11,,58.6,4.68,0.0,routed,272.0,approach-review,1.0
8928308ce8fffff,North Richmond NW 16,,63.7,5.1,0.0,routed,473.0,approach-review,1.0
8928308ce93ffff,North Richmond NW 10,,61.7,4.93,0.0,routed,34.0,network-estimate,1.0
8928308ce97ffff,North Richmond NW 14,,66.1,5.29,0.0,routed,217.0,approach-review,1.0
8928308ce9bffff,North Richmond NW 9,,56.7,4.53,0.0,routed,67.0,network-estimate,1.0
8928308cea3ffff,North Richmond NW 28,,73.7,5.9,0.0,routed,905.0,approach-review,1.0
8928308cea7ffff,North Richmond NW 35,,77.8,6.23,0.0,routed,1235.0,approach-review,1.0
8928308ceabffff,North Richmond NW 26,,73.9,5.91,0.0,routed,922.0,approach-review,1.0
8928308ceafffff,North Richmond NW 32,,77.3,6.19,0.0,routed,1195.0,approach-review,1.0
8928308ceb3ffff,North Richmond NW 23,,70.9,5.67,0.0,routed,677.0,approach-review,1.0
8928308ceb7ffff,North Richmond NW 29,,76.3,6.1,0.0,routed,852.0,approach-review,1.0
8928308cebbffff,North Richmond NW 22,,69.8,5.59,0.0,routed,595.0,approach-review,1.0
8928308cec3ffff,North Richmond N 10,,55.1,4.4,0.0,routed,385.0,approach-review,1.0
8928308cec7ffff,North Richmond NW 12,,59.4,4.75,0.0,routed,424.0,approach-review,1.0
8928308cecbffff,North Richmond N 11,,50.4,4.03,203.0,routed,302.0,approach-review,1.0
8928308cecfffff,North Richmond N 14,,54.3,4.34,0.0,routed,611.0,approach-review,1.0
8928308ced3ffff,North Richmond NW 6,,49.6,3.97,153.0,routed,126.0,approach-review,1.0
8928308ced7ffff,North Richmond NW 8,,55.0,4.4,472.0,routed,73.0,network-estimate,1.0
8928308cedbffff,North Richmond N 7,,47.9,3.83,75.0,routed,182.0,approach-review,1.0
8928308d003ffff,Carriage Hills North W 21,,36.3,2.9,893.0,routed,75.0,network-estimate,1.0
8928308d007ffff,El Sobrante SE 13,,32.8,2.63,984.0,routed,122.0,approach-review,1.0
8928308d00bffff,Carriage Hills North W 18,,47.2,3.77,199.0,routed,78.0,network-estimate,1.0
8928308d00fffff,El Sobrante SE 14,,41.0,3.28,1126.0,routed,72.0,network-estimate,1.0
8928308d013ffff,Carriage Hills North W 22,,36.2,2.9,1038.0,routed,71.0,network-estimate,1.0
8928308d017ffff,El Sobrante SE 15,,31.2,2.5,361.0,routed,29.0,network-estimate,1.0
8928308d01bffff,Carriage Hills North W 20,,39.9,3.19,437.0,routed,226.0,approach-review,1.0
8928308d023ffff,El Sobrante SE 6,,28.4,2.27,483.0,routed,157.0,approach-review,1.0
8928308d027ffff,El Sobrante S 3,,23.8,1.9,1828.0,routed,154.0,approach-review,1.0
8928308d02bffff,El Sobrante SE 7,,35.1,2.81,1437.0,routed,123.0,approach-review,1.0
8928308d02fffff,El Sobrante SE 4,,28.8,2.31,2009.0,routed,121.0,approach-review,1.0
8928308d033ffff,El Sobrante SE 10,,27.4,2.19,204.0,routed,174.0,approach-review,1.0
8928308d037ffff,El Sobrante S 5,,23.2,1.86,909.0,routed,106.0,approach-review,1.0
8928308d03bffff,El Sobrante SE 9,,38.2,3.05,1056.0,routed,36.0,network-estimate,1.0
8928308d043ffff,Carriage Hills North W 9,,53.5,4.28,544.0,routed,198.0,approach-review,1.0
8928308d047ffff,Carriage Hills North W 13,,50.1,4.01,669.0,routed,92.0,network-estimate,1.0
8928308d04bffff,Carriage Hills North W 6,,54.5,4.36,30.0,routed,99.0,network-estimate,1.0
8928308d04fffff,Carriage Hills North W 10,,54.9,4.39,499.0,routed,123.0,approach-review,1.0
8928308d053ffff,Carriage Hills North W 11,,56.1,4.49,773.0,routed,215.0,approach-review,1.0
8928308d057ffff,Carriage Hills North W 14,,55.4,4.43,1302.0,routed,158.0,approach-review,1.0
8928308d05bffff,Carriage Hills North W 7,,58.0,4.64,489.0,routed,245.0,approach-review,1.0
8928308d063ffff,El Sobrante SE 12,,43.2,3.45,564.0,routed,100.0,network-estimate,1.0
8928308d067ffff,El Sobrante SE 8,,38.8,3.1,505.0,routed,200.0,approach-review,1.0
8928308d06bffff,Carriage Hills North W 17,,38.9,3.11,975.0,routed,209.0,approach-review,1.0
8928308d06fffff,El Sobrante E 7,,44.4,3.55,843.0,routed,8.0,network-estimate,1.0
8928308d073ffff,Carriage Hills North W 19,,45.9,3.67,987.0,routed,187.0,approach-review,1.0
8928308d077ffff,El Sobrante SE 11,,40.0,3.2,906.0,routed,155.0,approach-review,1.0
8928308d07bffff,Carriage Hills North W 15,,43.2,3.46,467.0,routed,271.0,approach-review,1.0
8928308d083ffff,Carriage Hills North SW 25,,43.1,3.45,0.0,routed,265.0,approach-review,1.0
8928308d087ffff,El Sobrante S 18,,41.3,3.31,0.0,routed,324.0,approach-review,1.0
8928308d08bffff,Carriage Hills North SW 20,,39.4,3.16,256.0,routed,163.0,approach-review,1.0
8928308d08fffff,El Sobrante SE 16,,37.5,3.0,1209.0,routed,100.0,network-estimate,1.0
8928308d093ffff,East Richmond Heights E 27,,49.7,3.98,0.0,routed,373.0,approach-review,1.0
8928308d097ffff,East Richmond Heights E 22,,44.1,3.52,0.0,routed,493.0,approach-review,1.0
8928308d09bffff,Carriage Hills North SW 22,,45.7,3.65,551.0,routed,253.0,approach-review,1.0
8928308d0a3ffff,El Sobrante S 12,,24.9,2.0,0.0,routed,221.0,approach-review,1.0
8928308d0a7ffff,El Sobrante S 10,,20.2,1.61,829.0,routed,142.0,approach-review,1.0
8928308d0abffff,El Sobrante S 11,,26.4,2.11,1086.0,routed,60.0,network-estimate,1.0
8928308d0afffff,El Sobrante S 8,,22.2,1.77,637.0,routed,88.0,network-estimate,1.0
8928308d0b3ffff,El Sobrante S 17,,32.9,2.63,0.0,routed,180.0,approach-review,1.0
8928308d0b7ffff,El Sobrante S 15,,25.1,2.01,0.0,routed,283.0,approach-review,1.0
8928308d0bbffff,El Sobrante S 16,,31.8,2.54,174.0,routed,225.0,approach-review,1.0
8928308d0c3ffff,Carriage Hills North SW 12,,45.6,3.65,1655.0,routed,132.0,approach-review,1.0
8928308d0c7ffff,Carriage Hills North SW 15,,40.1,3.21,522.0,routed,58.0,network-estimate,1.0
8928308d0cbffff,Carriage Hills North SW 9,,49.4,3.95,666.0,routed,178.0,approach-review,1.0
8928308d0cfffff,Carriage Hills North W 16,,45.9,3.67,378.0,routed,194.0,approach-review,1.0
8928308d0d3ffff,Carriage Hills North SW 14,,46.7,3.73,687.0,routed,84.0,network-estimate,1.0
8928308d0d7ffff,Carriage Hills North SW 17,,42.6,3.41,427.0,routed,124.0,approach-review,1.0
8928308d0dbffff,Carriage Hills North SW 11,,49.8,3.99,1659.0,routed,109.0,approach-review,0.942
8928308d103ffff,El Sobrante SW 5,,9.0,0.72,775.0,routed,98.0,network-estimate,1.0
8928308d107ffff,The Tides SE 5,,14.8,1.18,668.0,routed,196.0,approach-review,1.0
8928308d10bffff,El Sobrante SW 2,,13.4,1.07,1108.0,routed,71.0,network-estimate,1.0
8928308d10fffff,The Tides E 4,,13.8,1.1,994.0,routed,63.0,network-estimate,1.0
8928308d113ffff,El Sobrante SW 7,,4.6,0.37,713.0,routed,76.0,network-estimate,1.0
8928308d117ffff,The Tides SE 7,,5.1,0.41,832.0,routed,154.0,approach-review,1.0
8928308d11bffff,El Sobrante SW 4,,10.5,0.84,467.0,routed,86.0,network-estimate,1.0
8928308d123ffff,The Tides E,,24.1,1.92,1305.0,routed,126.0,approach-review,1.0
8928308d127ffff,The Tides NE,,38.0,3.04,80.0,routed,253.0,approach-review,1.0
8928308d12bffff,Hilltop Green Park,,29.3,2.34,1494.0,routed,56.0,network-estimate,1.0
8928308d12fffff,The Tides NE 2,,35.7,2.86,1709.0,routed,152.0,approach-review,1.0
8928308d133ffff,The Tides SE 3,,23.7,1.9,959.0,routed,76.0,network-estimate,1.0
8928308d137ffff,The Tides SE,,26.4,2.11,717.0,routed,34.0,network-estimate,1.0
8928308d13bffff,The Tides E 2,,18.6,1.48,890.0,routed,64.0,network-estimate,1.0
8928308d143ffff,El Sobrante S,,20.8,1.67,1006.0,routed,117.0,approach-review,1.0
8928308d147ffff,El Sobrante W,,17.1,1.37,1111.0,routed,86.0,network-estimate,1.0
8928308d14bffff,El Sobrante SE,,24.5,1.96,1650.0,routed,90.0,network-estimate,1.0
8928308d14fffff,El Sobrante,,21.9,1.76,1487.0,routed,68.0,network-estimate,1.0
8928308d153ffff,El Sobrante S 2,,19.3,1.55,1435.0,routed,86.0,network-estimate,1.0
8928308d157ffff,El Sobrante SW,,15.1,1.21,450.0,routed,92.0,network-estimate,1.0
8928308d15bffff,El Sobrante SE 2,,24.2,1.93,1535.0,routed,161.0,approach-review,1.0
8928308d163ffff,El Sobrante NW 3,,23.7,1.9,888.0,routed,108.0,approach-review,1.0
8928308d167ffff,The Tides E 5,,30.4,2.43,1440.0,routed,105.0,approach-review,1.0
8928308d16bffff,El Sobrante NW 2,,28.9,2.31,1175.0,routed,170.0,approach-review,1.0
8928308d16fffff,El Sobrante NW 5,,28.7,2.29,1153.0,routed,109.0,approach-review,1.0
8928308d173ffff,El Sobrante W 2,,18.5,1.48,1069.0,routed,128.0,approach-review,1.0
8928308d177ffff,The Tides E 3,,19.2,1.53,362.0,routed,198.0,approach-review,1.0
8928308d17bffff,El Sobrante NW,,25.5,2.04,1182.0,routed,91.0,network-estimate,1.0
8928308d183ffff,The Tides SE 10,,5.8,0.46,887.0,routed,166.0,approach-review,1.0
8928308d187ffff,The Tides SE 9,,6.6,0.53,419.0,routed,64.0,network-estimate,1.0
8928308d18bffff,El Sobrante SW 9,,5.0,0.4,716.0,routed,78.0,network-estimate,1.0
8928308d18fffff,The Tides SE 8,,1.2,0.1,967.0,routed,62.0,network-estimate,1.0
8928308d193ffff,East Richmond Heights N 13,,10.0,0.8,983.0,routed,132.0,approach-review,1.0
8928308d197ffff,The Tides S 13,,12.5,1.0,1129.0,routed,127.0,approach-review,1.0
8928308d19bffff,El Sobrante SW 10,,8.5,0.68,244.0,routed,265.0,approach-review,1.0
8928308d1a3ffff,The Tides S 3,,32.7,2.62,0.0,routed,228.0,detour-review,1.0
8928308d1a7ffff,The Tides S 2,,33.1,2.65,646.0,routed,178.0,approach-review,1.0
8928308d1abffff,The Tides SE 4,,28.2,2.26,376.0,routed,130.0,detour-review,1.0
8928308d1afffff,The Tides SE 2,,28.7,2.3,0.0,routed,212.0,approach-review,1.0
8928308d1b3ffff,The Tides S 6,,14.4,1.15,861.0,routed,157.0,approach-review,1.0
8928308d1b7ffff,The Tides S 5,,18.5,1.48,196.0,routed,234.0,approach-review,1.0
8928308d1bbffff,The Tides SE 6,,5.4,0.43,349.0,routed,197.0,approach-review,1.0
8928308d1c3ffff,El Sobrante S 6,,13.1,1.05,501.0,routed,152.0,approach-review,1.0
8928308d1c7ffff,El Sobrante SW 6,,9.5,0.76,256.0,routed,133.0,approach-review,1.0
8928308d1cbffff,El Sobrante S 4,,21.9,1.75,1276.0,routed,108.0,approach-review,1.0
8928308d1cfffff,El Sobrante SW 3,,16.1,1.29,926.0,routed,183.0,approach-review,1.0
8928308d1d3ffff,El Sobrante S 9,,15.8,1.27,1281.0,routed,142.0,approach-review,1.0
8928308d1d7ffff,El Sobrante SW 8,,11.7,0.94,1667.0,routed,76.0,network-estimate,1.0
8928308d1dbffff,El Sobrante S 7,,17.7,1.42,1090.0,routed,81.0,network-estimate,1.0
8928308d203ffff,Carriage Hills North N 3,,39.0,3.12,135.0,routed,280.0,approach-review,0.851
8928308d207ffff,Carriage Hills North NW 6,,36.7,2.94,347.0,routed,249.0,approach-review,1.0
8928308d20bffff,Carriage Hills North N 4,,41.5,3.32,11.0,routed,400.0,approach-review,0.035
8928308d20fffff,Carriage Hills North N 5,,38.2,3.05,647.0,routed,145.0,approach-review,0.812
8928308d213ffff,Carriage Hills North NW 2,,48.8,3.91,0.0,routed,499.0,approach-review,0.071
8928308d217ffff,Carriage Hills North NW 4,,41.0,3.28,0.0,routed,441.0,approach-review,0.979
8928308d21bffff,Carriage Hills North N 2,,43.4,3.47,0.0,routed,477.0,approach-review,0.0
8928308d223ffff,Carriage Hills North NW 13,,28.4,2.27,1608.0,routed,151.0,approach-review,1.0
8928308d227ffff,Carriage Hills North NW 17,,25.8,2.06,1217.0,routed,179.0,approach-review,1.0
8928308d22bffff,Carriage Hills North N 11,,34.7,2.78,575.0,routed,203.0,approach-review,1.0
8928308d22fffff,Carriage Hills North NW 18,,27.5,2.2,1197.0,routed,158.0,approach-review,1.0
8928308d233ffff,Carriage Hills North NW 9,,30.6,2.45,395.0,routed,223.0,approach-review,1.0
8928308d237ffff,Carriage Hills North NW 14,,24.8,1.99,484.0,routed,121.0,approach-review,1.0
8928308d23bffff,Carriage Hills North NW 10,,33.3,2.67,1395.0,routed,133.0,approach-review,1.0
8928308d24bffff,Carriage Hills North NE,,40.4,3.23,0.0,routed,615.0,approach-review,0.002
8928308d24fffff,Carriage Hills North N 7,,36.0,2.88,0.0,routed,409.0,approach-review,0.267
8928308d263ffff,Carriage Hills North N 10,,35.6,2.85,377.0,routed,166.0,approach-review,1.0
8928308d267ffff,Carriage Hills North N 13,,40.0,3.2,130.0,routed,300.0,approach-review,1.0
8928308d26bffff,Carriage Hills North N 14,,28.0,2.24,532.0,routed,145.0,approach-review,1.0
8928308d26fffff,Carriage Hills North N 15,,24.6,1.97,0.0,routed,333.0,approach-review,1.0
8928308d273ffff,Carriage Hills North N 6,,36.8,2.94,448.0,routed,198.0,approach-review,0.379
8928308d277ffff,Carriage Hills North N 8,,37.9,3.03,1616.0,routed,176.0,approach-review,1.0
8928308d27bffff,Carriage Hills North N 9,,32.3,2.58,728.0,routed,109.0,approach-review,0.8
8928308d283ffff,Carriage Hills North W 3,,55.3,4.42,203.0,routed,356.0,approach-review,1.0
8928308d287ffff,Carriage Hills North W 5,,47.4,3.79,0.0,routed,326.0,approach-review,1.0
8928308d28bffff,Carriage Hills North NW,,54.9,4.39,151.0,routed,197.0,approach-review,0.612
8928308d28fffff,Carriage Hills North NW 3,,48.3,3.86,0.0,routed,396.0,approach-review,0.917
8928308d293ffff,Carriage Hills North W 2,,61.3,4.9,0.0,routed,384.0,approach-review,1.0
8928308d297ffff,Carriage Hills North W 4,,52.7,4.21,0.0,routed,149.0,approach-review,1.0
8928308d29bffff,Carriage Hills North W,,60.7,4.85,1046.0,routed,114.0,approach-review,1.0
8928308d2a3ffff,Carriage Hills North NW 8,,38.0,3.04,253.0,routed,368.0,approach-review,1.0
8928308d2a7ffff,Carriage Hills North NW 12,,34.3,2.74,747.0,routed,155.0,approach-review,1.0
8928308d2abffff,Carriage Hills North NW 7,,35.2,2.81,0.0,routed,509.0,approach-review,1.0
8928308d2afffff,Carriage Hills North NW 11,,27.3,2.19,0.0,routed,307.0,approach-review,1.0
8928308d2b3ffff,Carriage Hills North W 8,,46.9,3.75,0.0,routed,289.0,approach-review,1.0
8928308d2b7ffff,Carriage Hills North W 12,,40.3,3.23,259.0,routed,278.0,approach-review,1.0
8928308d2bbffff,Carriage Hills North NW 5,,42.5,3.4,0.0,routed,370.0,approach-review,1.0
8928308d2d3ffff,Carriage Hills North E,,69.6,5.57,608.0,routed,131.0,approach-review,0.633
8928308d2d7ffff,Carriage Hills North N,,65.3,5.23,405.0,routed,251.0,approach-review,0.871
8928308d303ffff,El Sobrante NE 8,,7.2,0.58,631.0,routed,152.0,approach-review,1.0
8928308d307ffff,El Sobrante NE 7,,6.2,0.5,515.0,routed,156.0,approach-review,1.0
8928308d30bffff,El Sobrante NE 12,,11.9,0.95,1360.0,routed,179.0,approach-review,1.0
8928308d30fffff,El Sobrante NE 11,,0.5,0.04,1214.0,routed,22.0,network-estimate,1.0
8928308d313ffff,El Sobrante NE 6,,13.4,1.07,643.0,routed,282.0,approach-review,1.0
8928308d317ffff,El Sobrante NE 5,,18.8,1.51,634.0,routed,153.0,approach-review,1.0
8928308d31bffff,El Sobrante NE 9,,10.8,0.87,1028.0,routed,137.0,approach-review,1.0
8928308d323ffff,El Sobrante N 10,,10.7,0.86,823.0,routed,23.0,network-estimate,1.0
8928308d327ffff,Pinole S 7,,12.8,1.02,526.0,routed,175.0,approach-review,1.0
8928308d32bffff,Westwood S 7,,2.9,0.23,915.0,routed,118.0,approach-review,1.0
8928308d32fffff,Pinole SE 6,,8.3,0.66,634.0,routed,113.0,approach-review,1.0
8928308d333ffff,El Sobrante N 6,,8.8,0.71,695.0,routed,160.0,approach-review,1.0
8928308d337ffff,El Sobrante N 7,,15.1,1.21,12.0,routed,276.0,approach-review,1.0
8928308d33bffff,El Sobrante NE 10,,4.7,0.38,975.0,routed,151.0,approach-review,1.0
8928308d343ffff,Westwood S 12,,19.9,1.6,1267.0,routed,184.0,approach-review,1.0
8928308d347ffff,Westwood S 11,,13.7,1.1,1172.0,routed,178.0,approach-review,1.0
8928308d34bffff,Westwood SE 9,,28.6,2.29,966.0,routed,119.0,approach-review,1.0
8928308d34fffff,Westwood SE 8,,20.2,1.62,38.0,routed,265.0,approach-review,1.0
8928308d353ffff,Carriage Hills North NW 21,,19.7,1.57,1113.0,routed,89.0,network-estimate,1.0
8928308d357ffff,El Sobrante NE 13,,14.8,1.19,1569.0,routed,140.0,approach-review,1.0
8928308d35bffff,Carriage Hills North NW 20,,25.0,2.0,909.0,routed,91.0,network-estimate,1.0
8928308d363ffff,Westwood S 6,,11.2,0.9,529.0,routed,282.0,approach-review,1.0
8928308d367ffff,Westwood S 5,,7.2,0.58,1055.0,routed,38.0,network-estimate,1.0
8928308d36bffff,Westwood S 4,,18.3,1.47,584.0,routed,122.0,approach-review,1.0
8928308d36fffff,Westwood S 3,,12.3,0.99,1041.0,routed,176.0,approach-review,1.0
8928308d373ffff,Westwood S 10,,9.0,0.72,1410.0,routed,68.0,network-estimate,1.0
8928308d377ffff,Westwood S 9,,5.6,0.44,1187.0,routed,89.0,network-estimate,1.0
8928308d37bffff,Westwood S 8,,15.1,1.21,500.0,routed,75.0,network-estimate,1.0
8928308d383ffff,El Sobrante E 2,,35.6,2.85,905.0,routed,97.0,network-estimate,1.0
8928308d387ffff,El Sobrante E,,28.5,2.28,1057.0,routed,166.0,approach-review,1.0
8928308d38bffff,El Sobrante E 3,,41.5,3.32,1295.0,routed,186.0,detour-review,1.0
8928308d38fffff,El Sobrante NE 3,,34.2,2.74,994.0,routed,122.0,approach-review,1.0
8928308d393ffff,El Sobrante SE 5,,34.3,2.74,1731.0,routed,146.0,approach-review,1.0
8928308d397ffff,El Sobrante SE 3,,29.9,2.39,1786.0,routed,113.0,approach-review,1.0
8928308d39bffff,El Sobrante E 4,,39.8,3.19,660.0,routed,128.0,approach-review,1.0
8928308d3a3ffff,El Sobrante N 2,,32.3,2.58,1140.0,routed,136.0,approach-review,1.0
8928308d3a7ffff,El Sobrante N 3,,31.0,2.48,1251.0,routed,126.0,approach-review,1.0
8928308d3abffff,El Sobrante NE 4,,38.0,3.04,1013.0,routed,139.0,detour-review,1.0
8928308d3afffff,El Sobrante N 4,,37.4,2.99,345.0,routed,175.0,detour-review,1.0
8928308d3b3ffff,El Sobrante NE,,27.8,2.22,1116.0,routed,52.0,network-estimate,1.0
8928308d3b7ffff,El Sobrante N,,27.9,2.23,1035.0,routed,59.0,network-estimate,1.0
8928308d3bbffff,El Sobrante NE 2,,31.6,2.53,853.0,routed,82.0,network-estimate,1.0
8928308d3c3ffff,El Sobrante E 8,,19.9,1.59,360.0,routed,285.0,approach-review,1.0
8928308d3c7ffff,El Sobrante E 6,,44.1,3.53,827.0,routed,109.0,detour-review,1.0
8928308d3cbffff,Carriage Hills North NW 19,,19.9,1.59,867.0,routed,104.0,approach-review,1.0
8928308d3cfffff,El Sobrante E 9,,16.0,1.28,748.0,routed,110.0,approach-review,1.0
8928308d3d3ffff,Carriage Hills North NW 16,,39.0,3.12,699.0,routed,78.0,network-estimate,1.0
8928308d3d7ffff,El Sobrante E 5,,45.1,3.61,1225.0,routed,227.0,approach-review,1.0
8928308d3dbffff,Carriage Hills North NW 15,,25.1,2.01,0.0,routed,231.0,approach-review,1.0
8928308d403ffff,East Richmond Heights E 30,,61.0,4.88,0.0,routed,257.0,approach-review,1.0
8928308d407ffff,East Richmond Heights E 26,,54.1,4.32,0.0,routed,189.0,approach-review,1.0
8928308d40bffff,Carriage Hills North SW 28,,61.0,4.88,0.0,routed,352.0,approach-review,1.0
8928308d40fffff,East Richmond Heights E 29,,56.5,4.52,0.0,routed,245.0,approach-review,1.0
8928308d413ffff,Kensington N 26,,67.7,5.41,0.0,routed,269.0,approach-review,1.0
8928308d417ffff,East Richmond Heights E 28,,62.7,5.01,0.0,routed,456.0,approach-review,1.0
8928308d41bffff,Carriage Hills South SW 20,,64.4,5.15,0.0,routed,72.0,network-estimate,1.0
8928308d423ffff,East Richmond Heights E 18,,45.9,3.67,0.0,routed,618.0,approach-review,1.0
8928308d427ffff,East Richmond Heights E 14,,41.7,3.33,0.0,routed,475.0,approach-review,1.0
8928308d42bffff,East Richmond Heights E 25,,58.1,4.64,0.0,routed,591.0,approach-review,1.0
8928308d42fffff,East Richmond Heights E 20,,43.7,3.5,0.0,routed,439.0,approach-review,1.0
8928308d433ffff,East Richmond Heights E 19,,54.3,4.34,0.0,routed,209.0,approach-review,1.0
8928308d437ffff,East Richmond Heights E 13,,46.3,3.7,0.0,routed,647.0,approach-review,1.0
8928308d43bffff,East Richmond Heights E 24,,54.4,4.35,0.0,routed,218.0,approach-review,1.0
8928308d443ffff,Carriage Hills South SW 13,,65.0,5.2,0.0,routed,467.0,approach-review,1.0
8928308d447ffff,Carriage Hills South SW 14,,64.2,5.13,0.0,routed,499.0,approach-review,1.0
8928308d44bffff,Carriage Hills South SW 10,,62.2,4.98,349.0,routed,27.0,network-estimate,0.996
8928308d44fffff,Carriage Hills South SW 11,,59.9,4.79,658.0,routed,321.0,approach-review,1.0
8928308d453ffff,Carriage Hills South SW 15,,71.6,5.73,0.0,routed,619.0,approach-review,0.477
8928308d457ffff,Carriage Hills South SW 16,,67.9,5.43,0.0,routed,424.0,approach-review,1.0
8928308d45bffff,Carriage Hills South SW 12,,67.6,5.41,0.0,routed,307.0,approach-review,0.378
8928308d463ffff,Carriage Hills North SW 23,,53.0,4.24,0.0,routed,478.0,approach-review,1.0
8928308d467ffff,Carriage Hills North SW 24,,52.6,4.21,0.0,routed,452.0,approach-review,1.0
8928308d46bffff,Carriage Hills North SW 18,,51.6,4.13,143.0,routed,218.0,approach-review,1.0
8928308d46fffff,Carriage Hills North SW 19,,48.8,3.9,175.0,routed,143.0,approach-review,1.0
8928308d473ffff,Carriage Hills North SW 26,,57.7,4.62,0.0,routed,661.0,approach-review,1.0
8928308d477ffff,Carriage Hills North SW 27,,57.6,4.61,0.0,routed,332.0,approach-review,1.0
8928308d47bffff,Carriage Hills North SW 21,,59.1,4.73,243.0,routed,349.0,approach-review,1.0
8928308d483ffff,Kensington N 20,,46.7,3.73,0.0,routed,785.0,approach-review,1.0
8928308d487ffff,El Cerrito NE 13,,47.5,3.8,0.0,routed,230.0,approach-review,1.0
8928308d48bffff,Kensington N 22,,71.5,5.72,0.0,routed,578.0,approach-review,1.0
8928308d48fffff,El Cerrito NE 14,,52.0,4.16,0.0,routed,587.0,approach-review,1.0
8928308d493ffff,Kensington N 15,,36.7,2.93,0.0,routed,675.0,approach-review,1.0
8928308d497ffff,El Cerrito NE 12,,38.6,3.09,0.0,routed,547.0,approach-review,1.0
8928308d49bffff,Kensington N 18,,56.7,4.54,0.0,routed,857.0,approach-review,1.0
8928308d4a3ffff,East Richmond Heights E 17,,51.9,4.15,0.0,routed,579.0,approach-review,1.0
8928308d4a7ffff,East Richmond Heights E 12,,53.5,4.28,0.0,routed,727.0,approach-review,1.0
8928308d4abffff,East Richmond Heights E 21,,56.8,4.55,0.0,routed,410.0,approach-review,1.0
8928308d4afffff,East Richmond Heights E 15,,58.2,4.66,0.0,routed,693.0,approach-review,1.0
8928308d4b3ffff,East Richmond Heights SE 14,,47.6,3.81,0.0,routed,235.0,approach-review,1.0
8928308d4b7ffff,East Richmond Heights SE 13,,42.4,3.39,0.0,routed,461.0,approach-review,1.0
8928308d4bbffff,East Richmond Heights E 23,,50.5,4.04,0.0,routed,468.0,approach-review,1.0
8928308d4c3ffff,Kensington N 24,,71.8,5.74,0.0,routed,654.0,approach-review,1.0
8928308d4c7ffff,Kensington N 25,,69.0,5.52,0.0,routed,356.0,approach-review,1.0
8928308d4cbffff,Carriage Hills South SW 18,,73.1,5.85,0.0,routed,769.0,approach-review,0.806
8928308d4cfffff,Carriage Hills South SW 19,,68.7,5.5,0.0,routed,420.0,approach-review,1.0
8928308d4d3ffff,Kensington N 19,,76.5,6.12,0.0,routed,920.0,approach-review,1.0
8928308d4d7ffff,Kensington N 21,,73.3,5.86,0.0,routed,719.0,approach-review,1.0
8928308d4dbffff,Kensington N 23,,75.9,6.08,0.0,routed,913.0,approach-review,1.0
8928308d503ffff,East Richmond Heights NE 3,,39.9,3.19,0.0,routed,344.0,approach-review,1.0
8928308d507ffff,East Richmond Heights NE 2,,41.3,3.31,0.0,routed,171.0,approach-review,1.0
8928308d50bffff,East Richmond Heights NE 6,,35.2,2.81,0.0,routed,316.0,approach-review,1.0
8928308d50fffff,East Richmond Heights NE 5,,23.1,1.85,104.0,routed,183.0,approach-review,1.0
8928308d513ffff,East Richmond Heights E 3,,43.1,3.45,0.0,routed,339.0,approach-review,1.0
8928308d517ffff,East Richmond Heights NE,,43.3,3.47,0.0,routed,331.0,approach-review,1.0
8928308d51bffff,East Richmond Heights NE 4,,38.9,3.12,0.0,routed,276.0,approach-review,1.0
8928308d523ffff,East Richmond Heights N 6,,32.2,2.57,0.0,routed,116.0,approach-review,1.0
8928308d527ffff,East Richmond Heights N 7,,27.0,2.16,513.0,routed,80.0,network-estimate,1.0
8928308d52bffff,East Richmond Heights N 8,,14.1,1.13,0.0,routed,259.0,approach-review,1.0
8928308d52fffff,East Richmond Heights N 9,,17.5,1.4,294.0,routed,197.0,approach-review,1.0
8928308d533ffff,East Richmond Heights N 3,,35.2,2.81,28.0,routed,99.0,network-estimate,1.0
8928308d537ffff,East Richmond Heights N 4,,30.6,2.44,0.0,routed,236.0,approach-review,1.0
8928308d53bffff,East Richmond Heights N 5,,36.7,2.93,0.0,routed,197.0,approach-review,1.0
8928308d543ffff,East Richmond Heights NE 12,,34.9,2.79,0.0,routed,292.0,approach-review,1.0
8928308d547ffff,East Richmond Heights NE 10,,29.1,2.33,0.0,routed,17.0,network-estimate,1.0
8928308d54bffff,East Richmond Heights NE 15,,34.6,2.77,0.0,routed,320.0,approach-review,1.0
8928308d54fffff,East Richmond Heights NE 14,,33.0,2.64,0.0,routed,186.0,approach-review,1.0
8928308d553ffff,East Richmond Heights E 11,,38.4,3.07,0.0,routed,210.0,approach-review,1.0
8928308d557ffff,East Richmond Heights NE 8,,33.7,2.69,0.0,routed,207.0,approach-review,1.0
8928308d55bffff,East Richmond Heights E 16,,39.4,3.16,0.0,routed,296.0,approach-review,1.0
8928308d563ffff,East Richmond Heights NE 11,,21.8,1.74,0.0,routed,174.0,approach-review,1.0
8928308d567ffff,East Richmond Heights N 12,,12.6,1.01,313.0,routed,346.0,approach-review,1.0
8928308d56bffff,El Sobrante S 14,,24.1,1.93,381.0,routed,203.0,approach-review,1.0
8928308d56fffff,El Sobrante S 13,,17.4,1.39,297.0,routed,142.0,approach-review,1.0
8928308d573ffff,East Richmond Heights NE 9,,23.3,1.87,0.0,routed,197.0,approach-review,1.0
8928308d577ffff,East Richmond Heights NE 7,,23.9,1.91,389.0,routed,246.0,approach-review,1.0
8928308d57bffff,East Richmond Heights NE 13,,25.2,2.01,0.0,routed,349.0,approach-review,1.0
8928308d583ffff,East Richmond Heights SE 2,,39.4,3.15,863.0,routed,165.0,approach-review,1.0
8928308d587ffff,East Richmond Heights SE,,35.8,2.87,1880.0,routed,86.0,network-estimate,1.0
8928308d58bffff,East Richmond Heights E 2,,42.2,3.37,0.0,routed,314.0,approach-review,1.0
8928308d58fffff,East Richmond Heights E,,41.4,3.31,0.0,routed,264.0,approach-review,1.0
8928308d593ffff,East Richmond Heights SE 3,,33.7,2.69,1926.0,routed,92.0,network-estimate,1.0
8928308d597ffff,East Richmond Heights S,,33.1,2.65,1904.0,routed,90.0,network-estimate,1.0
8928308d59bffff,East Richmond Heights SE 4,,37.9,3.03,97.0,routed,150.0,approach-review,1.0
8928308d5a3ffff,East Richmond Heights NW,,34.9,2.79,1179.0,routed,145.0,approach-review,1.0
8928308d5a7ffff,East Richmond Heights NW 2,,31.9,2.55,1408.0,routed,97.0,network-estimate,1.0
8928308d5abffff,East Richmond Heights N,,41.2,3.29,400.0,routed,146.0,approach-review,1.0
8928308d5afffff,East Richmond Heights N 2,,35.9,2.87,1098.0,routed,181.0,approach-review,1.0
8928308d5b3ffff,East Richmond Heights W,,34.0,2.72,1496.0,routed,82.0,network-estimate,1.0
8928308d5b7ffff,East Richmond N,,28.7,2.29,1622.0,routed,108.0,approach-review,1.0
8928308d5bbffff,East Richmond Heights,,38.8,3.1,556.0,routed,232.0,approach-review,1.0
8928308d5c3ffff,East Richmond Heights E 6,,44.6,3.57,0.0,routed,743.0,approach-review,1.0
8928308d5c7ffff,East Richmond Heights E 4,,43.4,3.47,0.0,routed,630.0,approach-review,1.0
8928308d5cbffff,East Richmond Heights E 9,,42.8,3.42,0.0,routed,563.0,approach-review,1.0
8928308d5cfffff,East Richmond Heights E 7,,40.2,3.21,0.0,routed,390.0,approach-review,1.0
8928308d5d3ffff,East Richmond Heights E 8,,44.0,3.52,0.0,routed,626.0,approach-review,1.0
8928308d5d7ffff,East Richmond Heights E 5,,42.3,3.38,0.0,routed,487.0,approach-review,1.0
8928308d5dbffff,East Richmond Heights E 10,,48.8,3.91,0.0,routed,850.0,approach-review,1.0
8928308d607ffff,Carriage Hills South SW 2,,67.1,5.37,0.0,routed,258.0,approach-review,0.243
8928308d623ffff,Carriage Hills North SW 5,,58.5,4.68,389.0,routed,357.0,approach-review,0.513
8928308d627ffff,Carriage Hills North SW 6,,58.1,4.65,583.0,routed,208.0,approach-review,1.0
8928308d62bffff,Carriage Hills North SW 2,,63.4,5.07,380.0,routed,350.0,approach-review,0.571
8928308d62fffff,Carriage Hills North SW 3,,57.0,4.56,0.0,routed,498.0,approach-review,1.0
8928308d633ffff,Carriage Hills North SW 7,,59.1,4.73,0.0,routed,307.0,approach-review,0.508
8928308d637ffff,Carriage Hills North SW 8,,54.0,4.32,869.0,routed,105.0,approach-review,0.791
8928308d63bffff,Carriage Hills North SW 4,,63.2,5.05,0.0,routed,330.0,approach-review,0.003
8928308d643ffff,Carriage Hills South SE 2,,81.6,6.53,0.0,routed,548.0,approach-review,0.586
8928308d647ffff,Carriage Hills South S,,79.9,6.39,0.0,routed,465.0,approach-review,0.595
8928308d64bffff,Carriage Hills South SE 3,,77.3,6.19,0.0,routed,376.0,approach-review,0.131
8928308d64fffff,Carriage Hills South SE,,77.3,6.19,497.0,routed,260.0,approach-review,0.919
8928308d657ffff,Carriage Hills South S 2,,81.2,6.5,0.0,routed,619.0,approach-review,0.034
8928308d663ffff,Carriage Hills South W,,72.4,5.8,799.0,routed,200.0,approach-review,0.649
8928308d667ffff,Carriage Hills North SW,,63.8,5.11,813.0,routed,203.0,approach-review,0.703
8928308d66bffff,Carriage Hills South N,,71.7,5.74,1868.0,routed,115.0,approach-review,1.0
8928308d66fffff,Carriage Hills North,,69.7,5.57,1459.0,routed,92.0,network-estimate,1.0
8928308d673ffff,Carriage Hills South SW,,77.1,6.16,0.0,routed,364.0,approach-review,0.041
8928308d67bffff,Carriage Hills South,,75.3,6.03,872.0,routed,242.0,approach-review,1.0
8928308d683ffff,Carriage Hills South SW 6,,71.5,5.72,0.0,routed,208.0,approach-review,0.024
8928308d687ffff,Carriage Hills South SW 7,,66.9,5.35,0.0,routed,158.0,approach-review,0.164
8928308d697ffff,Carriage Hills South SW 9,,67.0,5.36,0.0,routed,259.0,approach-review,0.31
8928308d6a3ffff,Carriage Hills South SW 5,,56.8,4.55,643.0,routed,170.0,approach-review,0.901
8928308d6a7ffff,Carriage Hills North SW 13,,51.2,4.1,731.0,routed,52.0,network-estimate,1.0
8928308d6abffff,Carriage Hills South SW 3,,63.3,5.06,0.0,routed,176.0,approach-review,0.087
8928308d6afffff,Carriage Hills North SW 10,,55.3,4.42,212.0,routed,205.0,approach-review,0.444
8928308d6b3ffff,Carriage Hills South SW 8,,62.2,4.98,467.0,routed,48.0,network-estimate,0.656
8928308d6b7ffff,Carriage Hills North SW 16,,55.3,4.42,605.0,routed,120.0,approach-review,1.0
8928308d6bbffff,Carriage Hills South SW 4,,62.0,4.96,97.0,routed,362.0,approach-review,0.114
8928308d803ffff,Tara Hills Mobile Manor NW 3,,53.2,4.26,0.0,routed,543.0,approach-review,1.0
8928308d807ffff,Tara Hills Mobile Manor NW 5,,80.8,6.47,0.0,routed,530.0,approach-review,1.0
8928308d80bffff,Tara Hills Mobile Manor NW 2,,51.5,4.12,0.0,routed,466.0,approach-review,1.0
8928308d80fffff,Tara Hills Mobile Manor NW 4,,55.8,4.46,0.0,routed,808.0,approach-review,1.0
8928308d813ffff,Tara Hills Mobile Manor W,,64.2,5.14,24.0,routed,226.0,approach-review,1.0
8928308d817ffff,Tara Hills Mobile Manor W 4,,77.9,6.23,0.0,routed,296.0,approach-review,1.0
8928308d81bffff,Tara Hills Mobile Manor NW,,48.6,3.89,0.0,routed,254.0,approach-review,1.0
8928308d823ffff,Tara Hills Mobile Manor NW 11,,86.3,6.9,0.0,routed,965.0,approach-review,1.0
8928308d827ffff,Tara Hills Mobile Manor NW 15,,110.9,8.87,0.0,routed,819.0,approach-review,1.0
8928308d82bffff,Tara Hills Mobile Manor NW 9,,89.1,7.13,0.0,routed,1190.0,approach-review,1.0
8928308d82fffff,Tara Hills Mobile Manor NW 14,,115.3,9.23,0.0,routed,1177.0,approach-review,1.0
8928308d833ffff,Tara Hills Mobile Manor NW 8,,81.9,6.55,0.0,routed,612.0,approach-review,1.0
8928308d837ffff,Tara Hills Mobile Manor NW 12,,108.4,8.67,0.0,routed,622.0,approach-review,1.0
8928308d83bffff,Tara Hills Mobile Manor NW 7,,84.9,6.79,0.0,routed,851.0,approach-review,1.0
8928308d843ffff,Tara Hills Mobile Manor N 3,,41.2,3.3,436.0,routed,278.0,approach-review,1.0
8928308d847ffff,Tara Hills Mobile Manor N 4,,45.9,3.67,0.0,routed,458.0,approach-review,1.0
8928308d84bffff,Tara Hills Mobile Manor NE 5,,39.2,3.14,528.0,routed,199.0,approach-review,1.0
8928308d84fffff,Tara Hills Mobile Manor N 6,,42.2,3.38,0.0,routed,440.0,approach-review,1.0
8928308d853ffff,Tara Hills Mobile Manor NE,,44.5,3.56,1236.0,routed,96.0,network-estimate,1.0
8928308d857ffff,Tara Hills Mobile Manor N 2,,45.4,3.63,308.0,routed,247.0,approach-review,1.0
8928308d85bffff,Tara Hills Mobile Manor NE 3,,35.7,2.86,1494.0,routed,56.0,network-estimate,1.0
8928308d863ffff,Tara Hills Mobile Manor N 8,,50.6,4.05,0.0,routed,1109.0,approach-review,1.0
8928308d867ffff,Tara Hills Mobile Manor NW 10,,57.1,4.57,0.0,routed,1367.0,approach-review,1.0
8928308d86bffff,Tara Hills Mobile Manor N 10,,47.7,3.82,0.0,routed,967.0,approach-review,1.0
8928308d86fffff,Tara Hills Mobile Manor N 11,,52.1,4.16,0.0,routed,1311.0,approach-review,1.0
8928308d873ffff,Tara Hills Mobile Manor N 5,,50.2,4.02,0.0,routed,806.0,approach-review,1.0
8928308d877ffff,Tara Hills Mobile Manor NW 6,,55.2,4.41,0.0,routed,1121.0,approach-review,1.0
8928308d87bffff,Tara Hills Mobile Manor N 7,,46.3,3.71,0.0,routed,769.0,approach-review,1.0
8928308d883ffff,San Marcos Apartments N 3,,61.4,4.91,467.0,routed,187.0,approach-review,1.0
8928308d887ffff,San Marcos Apartments N 4,,65.4,5.23,231.0,routed,142.0,approach-review,1.0
8928308d88bffff,Tara Hills Mobile Manor W 2,,62.5,5.0,1583.0,routed,243.0,approach-review,1.0
8928308d88fffff,Tara Hills Mobile Manor W 3,,65.8,5.26,665.0,routed,58.0,network-estimate,1.0
8928308d893ffff,San Marcos Apartments N,,58.9,4.71,1971.0,routed,41.0,network-estimate,1.0
8928308d897ffff,San Marcos Apartments N 2,,60.1,4.8,1351.0,routed,98.0,network-estimate,1.0
8928308d89bffff,San Marcos Apartments NE 2,,58.9,4.71,1596.0,routed,131.0,approach-review,1.0
8928308d8a3ffff,Tara Hills Mobile Manor W 7,,76.5,6.12,0.0,routed,203.0,approach-review,1.0
8928308d8a7ffff,Tara Hills Mobile Manor W 9,,78.2,6.26,0.0,routed,248.0,approach-review,1.0
8928308d8abffff,Tara Hills Mobile Manor W 6,,77.5,6.2,0.0,routed,260.0,approach-review,1.0
8928308d8afffff,Tara Hills Mobile Manor W 8,,80.4,6.43,0.0,routed,401.0,approach-review,1.0
8928308d8b3ffff,San Marcos Apartments NW 5,,74.6,5.97,380.0,routed,5.0,network-estimate,1.0
8928308d8b7ffff,San Marcos Apartments NW 8,,71.8,5.74,288.0,routed,75.0,network-estimate,1.0
8928308d8bbffff,Tara Hills Mobile Manor W 5,,75.5,6.04,0.0,routed,100.0,network-estimate,1.0
8928308d8c3ffff,Tara Hills Mobile Manor,,43.6,3.49,1752.0,routed,158.0,approach-review,1.0
8928308d8c7ffff,Montalvin Park,,61.1,4.89,966.0,routed,79.0,network-estimate,1.0
8928308d8cbffff,Tara Hills Mobile Manor E,,38.9,3.11,1450.0,routed,17.0,network-estimate,1.0
8928308d8cfffff,Tara Hills Mobile Manor N,,43.9,3.52,1158.0,routed,125.0,approach-review,1.0
8928308d8d3ffff,Tara Hills Mobile Manor S,,51.4,4.11,1750.0,routed,112.0,approach-review,1.0
8928308d8d7ffff,Tara Hills Mobile Manor SW,,56.1,4.49,1705.0,routed,155.0,approach-review,1.0
8928308d8dbffff,Tara Hills Mobile Manor SE,,43.4,3.47,1349.0,routed,202.0,approach-review,1.0
8928308d903ffff,Tara Hills Mobile Manor NW 37,,115.8,9.26,0.0,routed,584.0,approach-review,1.0
8928308d907ffff,Tara Hills Mobile Manor NW 45,,115.7,9.26,0.0,routed,475.0,approach-review,1.0
8928308d90bffff,Tara Hills Mobile Manor NW 32,,117.6,9.41,0.0,routed,922.0,approach-review,1.0
8928308d90fffff,Tara Hills Mobile Manor NW 39,,119.0,9.52,0.0,routed,839.0,approach-review,1.0
8928308d913ffff,Tara Hills Mobile Manor W 14,,109.9,8.79,0.0,routed,436.0,approach-review,1.0
8928308d917ffff,Tara Hills Mobile Manor W 15,,111.3,8.9,0.0,routed,222.0,approach-review,1.0
8928308d91bffff,Tara Hills Mobile Manor NW 29,,110.5,8.84,0.0,routed,720.0,approach-review,1.0
8928308d923ffff,Tara Hills Mobile Manor NW 58,,119.6,9.56,0.0,routed,859.0,approach-review,1.0
8928308d927ffff,Tara Hills Mobile Manor NW 71,,121.7,9.74,0.0,routed,1034.0,approach-review,1.0
8928308d92bffff,Tara Hills Mobile Manor NW 54,,122.9,9.83,0.0,routed,1124.0,approach-review,1.0
8928308d92fffff,Tara Hills Mobile Manor NW 63,,124.0,9.92,0.0,routed,1211.0,approach-review,1.0
8928308d933ffff,Tara Hills Mobile Manor NW 53,,115.2,9.22,0.0,routed,510.0,approach-review,1.0
8928308d937ffff,Tara Hills Mobile Manor NW 62,,117.5,9.4,0.0,routed,691.0,approach-review,1.0
8928308d93bffff,Tara Hills Mobile Manor NW 49,,118.9,9.51,0.0,routed,806.0,approach-review,1.0
8928308d943ffff,Tara Hills Mobile Manor NW 25,,114.6,9.17,0.0,routed,1121.0,approach-review,1.0
8928308d947ffff,Tara Hills Mobile Manor NW 31,,116.2,9.3,0.0,routed,1247.0,approach-review,1.0
8928308d94bffff,Tara Hills Mobile Manor NW 23,,118.2,9.46,0.0,routed,1406.0,approach-review,1.0
8928308d94fffff,Tara Hills Mobile Manor NW 30,,118.9,9.51,0.0,routed,1466.0,approach-review,1.0
8928308d953ffff,Tara Hills Mobile Manor NW 20,,110.4,8.83,0.0,routed,784.0,approach-review,1.0
8928308d957ffff,Tara Hills Mobile Manor NW 26,,111.8,8.94,0.0,routed,913.0,approach-review,1.0
8928308d95bffff,Tara Hills Mobile Manor NW 19,,114.3,9.14,0.0,routed,1095.0,approach-review,1.0
8928308d963ffff,Tara Hills Mobile Manor NW 44,,126.8,10.15,0.0,routed,1465.0,approach-review,1.0
8928308d967ffff,Tara Hills Mobile Manor NW 52,,126.7,10.14,0.0,routed,1433.0,approach-review,1.0
8928308d96bffff,Tara Hills Mobile Manor NW 42,,131.0,10.48,0.0,routed,1799.0,approach-review,1.0
8928308d96fffff,Tara Hills Mobile Manor NW 51,,130.8,10.47,0.0,routed,1762.0,approach-review,1.0
8928308d973ffff,Tara Hills Mobile Manor NW 38,,123.3,9.86,0.0,routed,1182.0,approach-review,1.0
8928308d977ffff,Tara Hills Mobile Manor NW 46,,123.1,9.85,0.0,routed,1142.0,approach-review,1.0
8928308d97bffff,Tara Hills Mobile Manor NW 36,,120.7,9.65,0.0,routed,1513.0,approach-review,1.0
8928308d983ffff,San Marcos Apartments NW 22,,101.1,8.09,0.0,routed,241.0,approach-review,1.0
8928308d987ffff,San Marcos Apartments NW 26,,102.2,8.17,0.0,routed,131.0,approach-review,1.0
8928308d98bffff,San Marcos Apartments NW 21,,102.5,8.2,0.0,routed,240.0,approach-review,1.0
8928308d98fffff,San Marcos Apartments NW 24,,105.4,8.43,0.0,routed,78.0,network-estimate,1.0
8928308d993ffff,San Marcos Apartments NW 19,,93.9,7.51,0.0,routed,139.0,approach-review,1.0
8928308d997ffff,San Marcos Apartments NW 23,,97.5,7.8,0.0,routed,98.0,network-estimate,1.0
8928308d99bffff,San Marcos Apartments NW 18,,96.8,7.75,0.0,routed,351.0,approach-review,1.0
8928308d9a3ffff,San Marcos Apartments NW 32,,109.0,8.72,0.0,routed,257.0,approach-review,1.0
8928308d9a7ffff,San Marcos Apartments NW 37,,112.3,8.98,0.0,routed,617.0,approach-review,1.0
8928308d9abffff,Tara Hills Mobile Manor W 16,,111.1,8.89,0.0,routed,180.0,approach-review,1.0
8928308d9afffff,Tara Hills Mobile Manor W 17,,113.4,9.07,0.0,routed,368.0,approach-review,1.0
8928308d9b3ffff,San Marcos Apartments NW 30,,104.9,8.39,0.0,routed,124.0,approach-review,1.0
8928308d9b7ffff,San Marcos Apartments NW 34,,109.2,8.74,0.0,routed,466.0,approach-review,1.0
8928308d9bbffff,San Marcos Apartments NW 28,,107.4,8.59,0.0,routed,76.0,network-estimate,1.0
8928308d9c3ffff,Tara Hills Mobile Manor W 12,,102.9,8.24,0.0,routed,207.0,approach-review,1.0
8928308d9c7ffff,Tara Hills Mobile Manor W 13,,106.5,8.52,0.0,routed,494.0,approach-review,1.0
8928308d9cbffff,Tara Hills Mobile Manor NW 16,,106.5,8.52,0.0,routed,470.0,approach-review,1.0
8928308d9cfffff,Tara Hills Mobile Manor NW 21,,107.4,8.59,0.0,routed,560.0,approach-review,1.0
8928308d9d3ffff,Tara Hills Mobile Manor W 11,,98.5,7.88,0.0,routed,78.0,network-estimate,1.0
8928308d9d7ffff,San Marcos Apartments NW 17,,101.6,8.13,0.0,routed,329.0,approach-review,1.0
8928308d9dbffff,Tara Hills Mobile Manor W 10,,104.0,8.32,0.0,routed,290.0,approach-review,1.0
8928308da03ffff,Bayside Apartment Homes N 4,,37.5,3.0,0.0,routed,821.0,approach-review,1.0
8928308da07ffff,Bayside Apartment Homes NW 6,,41.4,3.31,0.0,routed,896.0,approach-review,1.0
8928308da0bffff,Bayside Apartment Homes N 6,,24.0,1.92,0.0,routed,994.0,approach-review,1.0
8928308da0fffff,Bayside Apartment Homes N 7,,41.9,3.35,0.0,routed,1173.0,approach-review,1.0
8928308da13ffff,Bayside Apartment Homes NW 2,,33.1,2.65,0.0,routed,472.0,approach-review,1.0
8928308da17ffff,Bayside Apartment Homes NW 4,,37.0,2.96,0.0,routed,542.0,approach-review,1.0
8928308da1bffff,Bayside Apartment Homes N 3,,31.0,2.48,0.0,routed,746.0,approach-review,1.0
8928308da23ffff,Bayside Apartment Homes NW 12,,48.3,3.86,0.0,routed,1441.0,approach-review,1.0
8928308da27ffff,Bayside Apartment Homes NW 15,,51.3,4.1,0.0,routed,1685.0,approach-review,1.0
8928308da2bffff,Bayside Apartment Homes N 10,,50.3,4.02,0.0,routed,1602.0,approach-review,1.0
8928308da2fffff,Bayside Apartment Homes NW 16,,52.6,4.21,0.0,routed,1789.0,approach-review,1.0
8928308da33ffff,Bayside Apartment Homes NW 9,,44.0,3.52,0.0,routed,1098.0,approach-review,1.0
8928308da37ffff,Bayside Apartment Homes NW 13,,47.2,3.78,0.0,routed,1361.0,approach-review,1.0
8928308da3bffff,Bayside Apartment Homes NW 10,,45.8,3.67,0.0,routed,1249.0,approach-review,1.0
8928308da43ffff,Hercules W 4,,20.8,1.66,0.0,routed,617.0,approach-review,1.0
8928308da47ffff,Hercules W 5,,24.1,1.93,0.0,routed,909.0,approach-review,1.0
8928308da4bffff,Hercules NW 3,,27.3,2.19,0.0,routed,582.0,approach-review,1.0
8928308da4fffff,Hercules NW 5,,25.6,2.05,0.0,routed,917.0,approach-review,1.0
8928308da53ffff,Hercules W 3,,16.6,1.33,0.0,routed,309.0,approach-review,1.0
8928308da57ffff,Bayside Apartment Homes N 5,,19.9,1.59,0.0,routed,660.0,approach-review,1.0
8928308da5bffff,Hercules W 2,,18.7,1.5,0.0,routed,367.0,approach-review,1.0
8928308da63ffff,Hercules NW 12,,31.6,2.53,0.0,routed,1510.0,approach-review,1.0
8928308da67ffff,Bayside Apartment Homes N 11,,35.5,2.84,0.0,routed,1791.0,approach-review,1.0
8928308da6bffff,Hercules NW 11,,38.6,3.09,0.0,routed,1486.0,approach-review,1.0
8928308da6fffff,Hercules NW 15,,35.6,2.85,0.0,routed,1798.0,approach-review,1.0
8928308da73ffff,Bayside Apartment Homes N 8,,28.0,2.24,0.0,routed,1220.0,approach-review,1.0
8928308da77ffff,Bayside Apartment Homes N 9,,32.1,2.57,0.0,routed,1521.0,approach-review,1.0
8928308da7bffff,Hercules NW 8,,28.1,2.25,0.0,routed,1203.0,approach-review,1.0
8928308da83ffff,Bayside Apartment Homes W,,29.8,2.38,2245.0,routed,82.0,network-estimate,1.0
8928308da87ffff,Pinole Shores Park,,34.1,2.73,343.0,routed,209.0,approach-review,1.0
8928308da8bffff,Bayside Apartment Homes NW,,29.0,2.32,115.0,routed,146.0,approach-review,1.0
8928308da8fffff,Bayside Apartment Homes NW 3,,32.6,2.61,0.0,routed,189.0,approach-review,1.0
8928308da93ffff,Villas At Harbor Pointe W,,26.9,2.15,672.0,routed,88.0,network-estimate,1.0
8928308da97ffff,Villas At Harbor Pointe W 2,,34.3,2.74,1529.0,routed,182.0,approach-review,1.0
8928308da9bffff,Villas At Harbor Pointe,,25.5,2.04,1026.0,routed,76.0,network-estimate,1.0
8928308daa3ffff,Bayside Apartment Homes NW 8,,40.2,3.22,0.0,routed,698.0,approach-review,1.0
8928308daa7ffff,Tara Hills Mobile Manor N 12,,44.5,3.56,0.0,routed,1038.0,approach-review,1.0
8928308daabffff,Bayside Apartment Homes NW 7,,39.8,3.18,0.0,routed,764.0,approach-review,1.0
8928308daafffff,Bayside Apartment Homes NW 11,,43.4,3.48,0.0,routed,1057.0,approach-review,1.0
8928308dab3ffff,Bayside Apartment Homes W 2,,38.1,3.05,0.0,routed,450.0,approach-review,1.0
8928308dab7ffff,Tara Hills Mobile Manor N 9,,42.4,3.39,0.0,routed,793.0,approach-review,1.0
8928308dabbffff,Bayside Apartment Homes NW 5,,36.0,2.88,0.0,routed,460.0,approach-review,1.0
8928308dac3ffff,Bayside Apartment Homes NE,,21.4,1.71,0.0,routed,292.0,approach-review,1.0
8928308dac7ffff,Bayside Apartment Homes N,,26.8,2.14,0.0,routed,409.0,approach-review,1.0
8928308dacbffff,Bayside Apartment Homes NE 2,,12.8,1.03,0.0,routed,147.0,approach-review,1.0
8928308dacfffff,Bayside Apartment Homes N 2,,17.2,1.37,0.0,routed,493.0,approach-review,1.0
8928308dad3ffff,Bayside Apartment Homes E,,18.4,1.47,1309.0,routed,83.0,network-estimate,1.0
8928308dad7ffff,Bayside Apartment Homes,,24.1,1.93,544.0,routed,103.0,approach-review,1.0
8928308dadbffff,Bayside Apartment Homes E 2,,11.0,0.88,674.0,routed,51.0,network-estimate,1.0
8928308db03ffff,Tara Hills Mobile Manor N 22,,63.1,5.05,0.0,routed,2527.0,approach-review,1.0
8928308db07ffff,Tara Hills Mobile Manor N 24,,68.2,5.46,0.0,routed,2603.0,approach-review,1.0
8928308db0bffff,Tara Hills Mobile Manor N 23,,62.5,5.0,0.0,routed,2478.0,approach-review,1.0
8928308db0fffff,Tara Hills Mobile Manor N 25,,66.4,5.31,0.0,routed,2793.0,approach-review,1.0
8928308db13ffff,Tara Hills Mobile Manor N 19,,60.2,4.82,0.0,routed,2218.0,approach-review,1.0
8928308db17ffff,Tara Hills Mobile Manor N 21,,130.0,10.4,0.0,routed,2348.0,approach-review,1.0
8928308db1bffff,Tara Hills Mobile Manor N 20,,59.0,4.72,0.0,routed,2200.0,approach-review,1.0
8928308db23ffff,Tara Hills Mobile Manor N 28,,138.4,11.07,0.0,routed,2956.0,approach-review,1.0
8928308db27ffff,Tara Hills Mobile Manor NW 59,,139.8,11.18,0.0,routed,2971.0,approach-review,1.0
8928308db2bffff,Tara Hills Mobile Manor N 29,,74.9,5.99,0.0,routed,3140.0,approach-review,1.0
8928308db2fffff,Tara Hills Mobile Manor N 31,,142.6,11.41,0.0,routed,3295.0,approach-review,1.0
8928308db33ffff,Tara Hills Mobile Manor NW 43,,134.2,10.73,0.0,routed,2684.0,approach-review,1.0
8928308db37ffff,Tara Hills Mobile Manor NW 50,,135.1,10.81,0.0,routed,2690.0,approach-review,1.0
8928308db3bffff,Tara Hills Mobile Manor N 26,,71.4,5.72,0.0,routed,2862.0,approach-review,1.0
8928308db43ffff,Bayside Apartment Homes NW 22,,58.7,4.7,0.0,routed,2279.0,approach-review,1.0
8928308db47ffff,Bayside Apartment Homes NW 26,,62.2,4.98,0.0,routed,2560.0,approach-review,1.0
8928308db4bffff,Bayside Apartment Homes NW 23,,59.7,4.78,0.0,routed,2358.0,approach-review,1.0
8928308db4fffff,Bayside Apartment Homes NW 25,,62.8,5.02,0.0,routed,2606.0,approach-review,1.0
8928308db53ffff,Bayside Apartment Homes NW 19,,54.7,4.38,0.0,routed,1960.0,approach-review,1.0
8928308db57ffff,Bayside Apartment Homes NW 24,,58.7,4.69,0.0,routed,2173.0,approach-review,1.0
8928308db5bffff,Bayside Apartment Homes NW 18,,55.5,4.44,0.0,routed,2019.0,approach-review,1.0
8928308db63ffff,Bayside Apartment Homes NW 33,,69.7,5.58,0.0,routed,3160.0,approach-review,1.0
8928308db67ffff,Tara Hills Mobile Manor N 30,,73.7,5.89,0.0,routed,3374.0,approach-review,1.0
8928308db6bffff,Bayside Apartment Homes NW 32,,70.2,5.62,0.0,routed,3198.0,approach-review,1.0
8928308db6fffff,Bayside Apartment Homes NW 35,,73.6,5.89,0.0,routed,3473.0,approach-review,1.0
8928308db73ffff,Bayside Apartment Homes NW 30,,66.2,5.29,0.0,routed,2773.0,approach-review,1.0
8928308db77ffff,Tara Hills Mobile Manor N 27,,70.0,5.6,0.0,routed,3077.0,approach-review,1.0
8928308db7bffff,Bayside Apartment Homes NW 28,,66.2,5.29,0.0,routed,2875.0,approach-review,1.0
8928308db83ffff,Tara Hills Mobile Manor NW 18,,122.9,9.83,0.0,routed,1779.0,approach-review,1.0
8928308db87ffff,Tara Hills Mobile Manor NW 22,,122.1,9.77,0.0,routed,1722.0,approach-review,1.0
8928308db8bffff,Tara Hills Mobile Manor N 17,,58.4,4.67,0.0,routed,1817.0,approach-review,1.0
8928308db8fffff,Tara Hills Mobile Manor NW 24,,126.3,10.1,0.0,routed,2053.0,approach-review,1.0
8928308db93ffff,Tara Hills Mobile Manor NW 13,,93.4,7.47,0.0,routed,1536.0,approach-review,1.0
8928308db97ffff,Tara Hills Mobile Manor NW 17,,118.5,9.48,0.0,routed,1432.0,approach-review,1.0
8928308db9bffff,Tara Hills Mobile Manor N 14,,56.4,4.51,0.0,routed,1657.0,approach-review,1.0
8928308dba3ffff,Tara Hills Mobile Manor NW 33,,126.5,10.12,0.0,routed,2070.0,approach-review,1.0
8928308dba7ffff,Tara Hills Mobile Manor NW 40,,127.7,10.22,0.0,routed,2089.0,approach-review,1.0
8928308dbabffff,Tara Hills Mobile Manor NW 35,,130.0,10.4,0.0,routed,2354.0,approach-review,1.0
8928308dbafffff,Tara Hills Mobile Manor NW 41,,130.8,10.46,0.0,routed,2347.0,approach-review,1.0
8928308dbb3ffff,Tara Hills Mobile Manor NW 27,,122.3,9.78,0.0,routed,1734.0,approach-review,1.0
8928308dbb7ffff,Tara Hills Mobile Manor NW 34,,123.3,9.86,0.0,routed,1749.0,approach-review,1.0
8928308dbbbffff,Tara Hills Mobile Manor NW 28,,126.0,10.08,0.0,routed,2032.0,approach-review,1.0
8928308dbc3ffff,Tara Hills Mobile Manor N 16,,51.7,4.13,0.0,routed,1612.0,approach-review,1.0
8928308dbc7ffff,Tara Hills Mobile Manor N 18,,55.8,4.47,0.0,routed,1947.0,approach-review,1.0
8928308dbcbffff,Bayside Apartment Homes NW 17,,51.2,4.09,0.0,routed,1573.0,approach-review,1.0
8928308dbcfffff,Bayside Apartment Homes NW 21,,55.0,4.4,0.0,routed,1880.0,approach-review,1.0
8928308dbd3ffff,Tara Hills Mobile Manor N 13,,48.9,3.91,0.0,routed,1313.0,approach-review,1.0
8928308dbd7ffff,Tara Hills Mobile Manor N 15,,54.0,4.32,0.0,routed,1470.0,approach-review,1.0
8928308dbdbffff,Bayside Apartment Homes NW 14,,47.6,3.8,0.0,routed,1285.0,approach-review,1.0
8928308dc03ffff,Heritage Park at Hilltop,,45.4,3.63,1302.0,routed,59.0,network-estimate,1.0
8928308dc07ffff,Heritage Park at Hilltop W,,45.7,3.66,2058.0,routed,43.0,network-estimate,1.0
8928308dc0bffff,Heritage Park at Hilltop E,,46.3,3.7,677.0,routed,62.0,network-estimate,1.0
8928308dc0fffff,Heritage Park at Hilltop N,,49.3,3.94,1298.0,routed,51.0,network-estimate,1.0
8928308dc13ffff,Heritage Park at Hilltop S,,41.5,3.32,1756.0,routed,41.0,network-estimate,1.0
8928308dc17ffff,Heritage Park at Hilltop SW,,41.0,3.28,1912.0,routed,100.0,network-estimate,1.0
8928308dc1bffff,Heritage Park at Hilltop SE,,42.3,3.38,0.0,routed,81.0,network-estimate,1.0
8928308dc23ffff,San Marcos Apartments W,,49.9,3.99,1126.0,routed,34.0,network-estimate,1.0
8928308dc27ffff,San Marcos Apartments W 2,,54.8,4.38,975.0,routed,105.0,approach-review,1.0
8928308dc2bffff,San Marcos Apartments,,50.9,4.07,1253.0,routed,42.0,network-estimate,1.0
8928308dc2fffff,San Marcos Apartments NW,,55.8,4.46,1245.0,routed,153.0,approach-review,1.0
8928308dc33ffff,San Marcos Apartments SW,,51.2,4.09,689.0,routed,76.0,network-estimate,1.0
8928308dc37ffff,San Marcos Apartments SW 2,,56.2,4.5,846.0,routed,91.0,network-estimate,1.0
8928308dc3bffff,San Marcos Apartments SE,,45.1,3.61,977.0,routed,31.0,network-estimate,1.0
8928308dc43ffff,Bella Vista at Hilltop SE,,44.5,3.56,1315.0,routed,74.0,network-estimate,1.0
8928308dc47ffff,Bella Vista at Hilltop SW,,48.0,3.84,1185.0,routed,78.0,network-estimate,1.0
8928308dc4bffff,Vue at 3600 Apartments,,43.6,3.49,918.0,routed,38.0,network-estimate,1.0
8928308dc4fffff,Bella Vista at Hilltop E,,47.5,3.8,1463.0,routed,106.0,approach-review,1.0
8928308dc53ffff,The Tides N,,41.7,3.34,967.0,routed,143.0,approach-review,1.0
8928308dc57ffff,Bella Vista at Hilltop S,,41.7,3.34,877.0,routed,55.0,network-estimate,1.0
8928308dc5bffff,Vue at 3600 Apartments S,,48.0,3.84,251.0,routed,71.0,network-estimate,1.0
8928308dc63ffff,Bella Vista at Hilltop NW,,56.1,4.49,383.0,routed,30.0,network-estimate,1.0
8928308dc67ffff,San Marcos Apartments NE,,52.6,4.21,494.0,routed,68.0,network-estimate,1.0
8928308dc6bffff,Bella Vista at Hilltop N,,51.9,4.15,796.0,routed,257.0,approach-review,1.0
8928308dc6fffff,Bella Vista at Hilltop NW 2,,57.8,4.62,1512.0,routed,59.0,network-estimate,1.0
8928308dc73ffff,Bella Vista at Hilltop W,,54.0,4.32,375.0,routed,106.0,approach-review,1.0
8928308dc77ffff,San Marcos Apartments E,,53.6,4.29,372.0,routed,59.0,network-estimate,1.0
8928308dc7bffff,Bella Vista at Hilltop,,51.9,4.15,1143.0,routed,133.0,approach-review,1.0
8928308dc83ffff,Heritage Park at Hilltop S 3,,30.3,2.42,1320.0,routed,47.0,network-estimate,1.0
8928308dc87ffff,Heritage Park at Hilltop SW 4,,30.8,2.46,1610.0,routed,46.0,network-estimate,1.0
8928308dc8bffff,Heritage Park at Hilltop S 2,,33.0,2.64,1743.0,routed,171.0,approach-review,1.0
8928308dc8fffff,Hilltop Park,,36.2,2.89,1703.0,routed,97.0,network-estimate,1.0
8928308dc93ffff,San Pablo NE 6,,24.5,1.96,1225.0,routed,111.0,approach-review,1.0
8928308dc97ffff,San Pablo NE 5,,25.8,2.06,558.0,routed,53.0,network-estimate,1.0
8928308dc9bffff,The Tides SW 5,,28.0,2.24,1242.0,routed,91.0,network-estimate,1.0
8928308dca3ffff,Heritage Park at Hilltop SW 3,,35.3,2.83,1200.0,routed,159.0,approach-review,1.0
8928308dca7ffff,San Marcos Apartments SW 5,,37.8,3.03,883.0,routed,154.0,approach-review,1.0
8928308dcabffff,Heritage Park at Hilltop W 2,,37.1,2.97,1197.0,routed,23.0,network-estimate,1.0
8928308dcafffff,San Marcos Apartments SW 3,,40.6,3.25,701.0,routed,163.0,approach-review,1.0
8928308dcb3ffff,Heritage Park at Hilltop SW 5,,29.1,2.33,953.0,routed,21.0,network-estimate,1.0
8928308dcb7ffff,San Marcos Apartments SW 7,,32.0,2.56,1328.0,routed,186.0,approach-review,1.0
8928308dcbbffff,Heritage Park at Hilltop SW 2,,42.4,3.39,1495.0,routed,30.0,network-estimate,1.0
8928308dcc3ffff,The Tides SW,,35.3,2.82,1993.0,routed,136.0,approach-review,1.0
8928308dcc7ffff,The Tides W 2,,36.5,2.92,1726.0,routed,35.0,network-estimate,1.0
8928308dccbffff,The Tides,,38.7,3.09,802.0,routed,55.0,network-estimate,1.0
8928308dccfffff,The Tides W,,37.6,3.01,1399.0,routed,50.0,network-estimate,1.0
8928308dcd3ffff,The Tides SW 2,,31.1,2.49,1625.0,routed,69.0,network-estimate,1.0
8928308dcd7ffff,The Tides SW 3,,33.6,2.69,938.0,routed,81.0,network-estimate,1.0
8928308dcdbffff,The Tides S,,36.6,2.93,962.0,routed,78.0,network-estimate,1.0
8928308dd03ffff,San Marcos Apartments W 14,,60.5,4.84,0.0,routed,102.0,approach-review,1.0
8928308dd07ffff,San Marcos Apartments W 19,,82.7,6.61,0.0,routed,304.0,approach-review,1.0
8928308dd0bffff,San Marcos Apartments W 11,,59.3,4.74,491.0,routed,63.0,network-estimate,1.0
8928308dd0fffff,San Marcos Apartments W 15,,64.0,5.12,0.0,routed,111.0,approach-review,1.0
8928308dd13ffff,San Marcos Apartments W 12,,55.9,4.47,619.0,routed,207.0,approach-review,1.0
8928308dd17ffff,San Marcos Apartments W 17,,60.2,4.82,0.0,routed,475.0,approach-review,1.0
8928308dd1bffff,San Marcos Apartments W 9,,54.9,4.39,853.0,routed,79.0,network-estimate,1.0
8928308dd23ffff,San Marcos Apartments W 26,,89.0,7.12,0.0,routed,263.0,approach-review,1.0
8928308dd27ffff,San Marcos Apartments W 32,,93.4,7.47,0.0,routed,436.0,approach-review,1.0
8928308dd2bffff,San Marcos Apartments NW 16,,88.8,7.1,0.0,routed,246.0,approach-review,1.0
8928308dd2fffff,San Marcos Apartments NW 20,,92.9,7.43,0.0,routed,39.0,network-estimate,1.0
8928308dd33ffff,San Marcos Apartments W 25,,87.4,6.99,0.0,routed,426.0,approach-review,1.0
8928308dd37ffff,San Marcos Apartments W 31,,93.0,7.44,0.0,routed,585.0,approach-review,1.0
8928308dd3bffff,San Marcos Apartments W 20,,84.1,6.73,0.0,routed,119.0,approach-review,1.0
8928308dd43ffff,San Marcos Apartments NW 4,,68.5,5.48,841.0,routed,117.0,approach-review,1.0
8928308dd47ffff,San Marcos Apartments NW 7,,72.2,5.77,712.0,routed,63.0,network-estimate,1.0
8928308dd4bffff,San Marcos Apartments NW 3,,65.9,5.27,1050.0,routed,90.0,network-estimate,1.0
8928308dd4fffff,San Marcos Apartments NW 6,,69.8,5.59,980.0,routed,99.0,network-estimate,1.0
8928308dd53ffff,San Marcos Apartments W 4,,59.0,4.72,150.0,routed,294.0,approach-review,1.0
8928308dd57ffff,San Marcos Apartments W 7,,61.2,4.9,37.0,routed,308.0,approach-review,1.0
8928308dd5bffff,San Marcos Apartments NW 2,,59.4,4.76,1260.0,routed,16.0,network-estimate,1.0
8928308dd63ffff,San Marcos Apartments NW 12,,74.3,5.94,391.0,routed,125.0,approach-review,1.0
8928308dd67ffff,San Marcos Apartments NW 15,,90.0,7.2,0.0,routed,157.0,approach-review,1.0
8928308dd6bffff,San Marcos Apartments NW 11,,75.2,6.01,0.0,routed,99.0,network-estimate,1.0
8928308dd6fffff,San Marcos Apartments NW 14,,76.7,6.14,0.0,routed,271.0,approach-review,1.0
8928308dd73ffff,San Marcos Apartments NW 10,,64.2,5.14,0.0,routed,249.0,approach-review,1.0
8928308dd77ffff,San Marcos Apartments NW 13,,75.8,6.06,0.0,routed,204.0,approach-review,1.0
8928308dd7bffff,San Marcos Apartments NW 9,,68.9,5.51,833.0,routed,24.0,network-estimate,1.0
8928308dd83ffff,San Marcos Apartments W 18,,50.6,4.05,0.0,routed,387.0,approach-review,1.0
8928308dd87ffff,San Marcos Apartments W 22,,60.5,4.84,0.0,routed,432.0,approach-review,1.0
8928308dd8bffff,San Marcos Apartments W 13,,51.1,4.09,966.0,routed,282.0,approach-review,1.0
8928308dd8fffff,San Marcos Apartments W 16,,55.8,4.47,0.0,routed,414.0,approach-review,1.0
8928308dd93ffff,San Marcos Apartments SW 13,,48.7,3.9,0.0,routed,258.0,approach-review,1.0
8928308dd97ffff,San Marcos Apartments W 24,,56.3,4.51,37.0,routed,181.0,approach-review,1.0
8928308dd9bffff,San Marcos Apartments SW 11,,47.0,3.76,344.0,routed,94.0,network-estimate,1.0
8928308dda3ffff,San Marcos Apartments W 28,,67.9,5.43,0.0,routed,902.0,approach-review,1.0
8928308dda7ffff,San Marcos Apartments W 34,,70.6,5.65,0.0,routed,1050.0,approach-review,1.0
8928308ddabffff,San Marcos Apartments W 23,,72.0,5.76,0.0,routed,626.0,approach-review,1.0
8928308ddafffff,San Marcos Apartments W 30,,77.0,6.16,0.0,routed,650.0,approach-review,1.0
8928308ddb3ffff,San Marcos Apartments W 27,,63.5,5.08,0.0,routed,548.0,approach-review,1.0
8928308ddb7ffff,San Marcos Apartments W 33,,66.0,5.28,0.0,routed,865.0,approach-review,1.0
8928308ddbbffff,San Marcos Apartments W 21,,61.3,4.9,0.0,routed,697.0,approach-review,1.0
8928308ddc3ffff,San Marcos Apartments W 6,,51.1,4.09,560.0,routed,41.0,network-estimate,1.0
8928308ddc7ffff,San Marcos Apartments W 8,,50.8,4.06,1816.0,routed,119.0,approach-review,1.0
8928308ddcbffff,San Marcos Apartments W 3,,55.3,4.43,0.0,routed,280.0,approach-review,1.0
8928308ddcfffff,San Marcos Apartments W 5,,54.7,4.38,72.0,routed,271.0,approach-review,1.0
8928308ddd3ffff,San Marcos Apartments SW 6,,48.4,3.87,772.0,routed,110.0,approach-review,1.0
8928308ddd7ffff,San Marcos Apartments W 10,,46.7,3.74,1995.0,routed,70.0,network-estimate,1.0
8928308dddbffff,San Marcos Apartments SW 4,,52.0,4.16,1101.0,routed,212.0,approach-review,1.0
8928308de03ffff,Vue at 3600 Apartments NE 6,,31.4,2.51,1515.0,routed,196.0,approach-review,1.0
8928308de07ffff,Tara Hills Mobile Manor E 5,,35.0,2.8,1220.0,routed,87.0,network-estimate,1.0
8928308de0bffff,Pacific Crest S 4,,25.8,2.07,716.0,routed,37.0,network-estimate,1.0
8928308de0fffff,Pacific Crest S 3,,31.3,2.5,1618.0,routed,180.0,approach-review,1.0
8928308de13ffff,Vue at 3600 Apartments NE 5,,29.2,2.34,867.0,routed,45.0,network-estimate,1.0
8928308de17ffff,Vue at 3600 Apartments NE 4,,36.0,2.88,1174.0,routed,125.0,approach-review,1.0
8928308de1bffff,Pinole S 6,,29.7,2.37,33.0,routed,104.0,approach-review,1.0
8928308de23ffff,Tara Hills Mobile Manor E 3,,32.4,2.59,1438.0,routed,60.0,network-estimate,1.0
8928308de27ffff,Tara Hills Mobile Manor NE 2,,34.3,2.75,1480.0,routed,85.0,network-estimate,1.0
8928308de2bffff,Villas At Harbor Pointe SW 2,,28.4,2.27,864.0,routed,71.0,network-estimate,1.0
8928308de2fffff,Tara Hills Mobile Manor NE 4,,30.2,2.41,502.0,routed,83.0,network-estimate,1.0
8928308de33ffff,Tara Hills Mobile Manor E 4,,35.2,2.81,1573.0,routed,61.0,network-estimate,1.0
8928308de37ffff,Tara Hills Mobile Manor E 2,,38.0,3.04,1573.0,routed,137.0,approach-review,1.0
8928308de3bffff,Villas At Harbor Pointe SW 3,,29.2,2.33,778.0,routed,123.0,approach-review,1.0
8928308de43ffff,Pinole S 3,,17.7,1.41,953.0,routed,213.0,approach-review,1.0
8928308de47ffff,Pinole S 2,,20.1,1.6,835.0,routed,56.0,network-estimate,1.0
8928308de4bffff,Pinole SE 2,,12.2,0.98,1541.0,routed,80.0,network-estimate,1.0
8928308de4fffff,Pinole S,,14.0,1.12,994.0,routed,142.0,approach-review,1.0
8928308de53ffff,Pinole S 5,,16.4,1.31,553.0,routed,232.0,approach-review,1.0
8928308de57ffff,Pinole S 4,,23.1,1.85,1505.0,routed,29.0,network-estimate,1.0
8928308de5bffff,Pinole SE 5,,16.4,1.31,486.0,routed,231.0,approach-review,1.0
8928308de63ffff,Pacific Crest S,,19.4,1.55,1533.0,routed,93.0,network-estimate,1.0
8928308de67ffff,Villas At Harbor Pointe SW,,22.5,1.8,1008.0,routed,87.0,network-estimate,1.0
8928308de6bffff,Pacific Crest SE,,14.2,1.14,973.0,routed,45.0,network-estimate,1.0
8928308de6fffff,Pacific Crest,,19.5,1.56,691.0,routed,64.0,network-estimate,1.0
8928308de73ffff,Pacific Crest S 2,,22.2,1.77,894.0,routed,200.0,approach-review,1.0
8928308de77ffff,Pacific Crest SW,,24.2,1.94,1126.0,routed,176.0,approach-review,1.0
8928308de7bffff,Pinole SW,,15.9,1.27,1313.0,routed,165.0,approach-review,1.0
8928308de83ffff,Vue at 3600 Apartments E 2,,36.8,2.94,528.0,routed,60.0,network-estimate,1.0
8928308de87ffff,Vue at 3600 Apartments E,,38.7,3.1,379.0,routed,203.0,approach-review,1.0
8928308de8bffff,Vue at 3600 Apartments E 4,,33.6,2.69,841.0,routed,94.0,network-estimate,1.0
8928308de8fffff,Vue at 3600 Apartments E 3,,33.9,2.71,695.0,routed,64.0,network-estimate,1.0
8928308de93ffff,Vue at 3600 Apartments SE 2,,35.9,2.87,1682.0,routed,50.0,network-estimate,1.0
8928308de97ffff,Vue at 3600 Apartments SE,,39.2,3.14,539.0,routed,118.0,approach-review,1.0
8928308de9bffff,Vue at 3600 Apartments E 5,,35.1,2.81,1296.0,routed,103.0,approach-review,1.0
8928308dea3ffff,Bella Vista at Hilltop NE 2,,44.3,3.54,1427.0,routed,176.0,approach-review,1.0
8928308dea7ffff,Bella Vista at Hilltop N 2,,47.7,3.81,962.0,routed,103.0,approach-review,1.0
8928308deabffff,Vue at 3600 Apartments NE 3,,39.4,3.15,1480.0,routed,121.0,approach-review,1.0
8928308deafffff,Tara Hills Mobile Manor SE 2,,40.2,3.21,1603.0,routed,128.0,approach-review,1.0
8928308deb3ffff,Vue at 3600 Apartments NE,,46.0,3.68,1343.0,routed,178.0,approach-review,1.0
8928308deb7ffff,Bella Vista at Hilltop NE,,49.6,3.97,1269.0,routed,148.0,approach-review,1.0
8928308debbffff,Vue at 3600 Apartments NE 2,,41.0,3.28,1322.0,routed,145.0,approach-review,1.0
8928308dec3ffff,El Sobrante N 8,,26.0,2.08,384.0,routed,88.0,network-estimate,1.0
8928308dec7ffff,Vue at 3600 Apartments E 7,,26.0,2.08,752.0,routed,43.0,network-estimate,1.0
8928308decbffff,El Sobrante N 9,,21.6,1.73,991.0,routed,16.0,network-estimate,1.0
8928308decfffff,Pinole S 8,,20.6,1.65,1601.0,routed,47.0,network-estimate,1.0
8928308ded3ffff,El Sobrante NW 4,,29.9,2.39,1347.0,routed,118.0,approach-review,1.0
8928308ded7ffff,Vue at 3600 Apartments E 6,,35.1,2.8,1609.0,routed,57.0,network-estimate,1.0
8928308dedbffff,El Sobrante N 5,,27.4,2.19,299.0,routed,140.0,approach-review,1.0
8928308e003ffff,Waterline S 20,,68.1,5.45,0.0,routed,1949.0,approach-review,1.0
8928308e007ffff,Waterline S 18,,66.3,5.3,0.0,routed,1927.0,approach-review,0.943
8928308e00bffff,Waterline S 15,,64.5,5.16,0.0,routed,1661.0,approach-review,1.0
8928308e00fffff,Waterline S 14,,64.2,5.13,0.0,routed,1619.0,approach-review,1.0
8928308e013ffff,Waterline S 25,,72.2,5.78,0.0,routed,2277.0,approach-review,0.596
8928308e017ffff,Waterline S 23,,72.0,5.76,0.0,routed,2246.0,approach-review,0.216
8928308e01bffff,Waterline S 21,,68.8,5.5,0.0,routed,2016.0,approach-review,1.0
8928308e023ffff,Waterline SW 12,,48.1,3.85,0.0,routed,1654.0,approach-review,1.0
8928308e027ffff,Waterline SW 13,,45.7,3.66,0.0,routed,1565.0,approach-review,0.956
8928308e02bffff,Waterline S 8,,48.3,3.86,0.0,routed,1353.0,approach-review,1.0
8928308e02fffff,Waterline SW 9,,43.8,3.5,0.0,routed,1308.0,approach-review,1.0
8928308e033ffff,Waterline S 16,,55.2,4.41,0.0,routed,1904.0,approach-review,0.616
8928308e037ffff,Waterline SW 17,,50.1,4.01,0.0,routed,1919.0,approach-review,0.233
8928308e03bffff,Waterline S 12,,58.4,4.67,0.0,routed,1614.0,approach-review,1.0
8928308e043ffff,Waterline S 17,,63.3,5.07,0.0,routed,1582.0,approach-review,1.0
8928308e047ffff,Waterline S 13,,61.4,4.91,0.0,routed,1423.0,approach-review,1.0
8928308e04bffff,Waterline SE 11,,61.6,4.93,0.0,routed,1378.0,approach-review,1.0
8928308e04fffff,Waterline SE 9,,58.9,4.71,0.0,routed,1230.0,approach-review,1.0
8928308e053ffff,Waterline S 22,,67.7,5.42,0.0,routed,1935.0,approach-review,1.0
8928308e057ffff,Waterline S 19,,65.8,5.26,0.0,routed,1775.0,approach-review,1.0
8928308e05bffff,Waterline SE 14,,66.0,5.28,0.0,routed,1765.0,approach-review,1.0
8928308e063ffff,Waterline S 7,,56.3,4.51,0.0,routed,992.0,approach-review,1.0
8928308e067ffff,Waterline S 5,,54.5,4.36,0.0,routed,985.0,approach-review,1.0
8928308e06bffff,Waterline S 6,,52.6,4.21,0.0,routed,725.0,approach-review,1.0
8928308e06fffff,Waterline S 4,,50.7,4.06,0.0,routed,685.0,approach-review,1.0
8928308e073ffff,Waterline S 11,,60.3,4.83,0.0,routed,1326.0,approach-review,1.0
8928308e077ffff,Waterline S 10,,58.5,4.68,0.0,routed,1303.0,approach-review,1.0
8928308e07bffff,Waterline S 9,,57.0,4.56,0.0,routed,1073.0,approach-review,1.0
8928308e0c7ffff,Waterline S 26,,73.1,5.85,0.0,routed,2362.0,approach-review,0.534
8928308e0cbffff,Waterline S 27,,72.2,5.77,0.0,routed,2287.0,approach-review,0.154
8928308e0cfffff,Waterline S 24,,70.2,5.61,0.0,routed,2128.0,approach-review,0.891
8928308e10bffff,Waterline SW 18,,42.8,3.42,0.0,routed,1241.0,approach-review,0.001
8928308e12bffff,Waterline W 20,,44.2,3.54,0.0,routed,1354.0,approach-review,0.001
8928308e143ffff,Waterline SW 11,,39.8,3.19,0.0,routed,1004.0,approach-review,1.0
8928308e147ffff,Waterline SW 15,,38.8,3.11,0.0,routed,922.0,approach-review,0.968
8928308e14bffff,Waterline SW 8,,36.9,2.95,0.0,routed,858.0,approach-review,1.0
8928308e14fffff,Waterline W 9,,35.4,2.83,0.0,routed,652.0,approach-review,1.0
8928308e153ffff,Waterline SW 14,,44.2,3.53,0.0,routed,1501.0,approach-review,0.636
8928308e157ffff,Waterline SW 16,,43.0,3.44,0.0,routed,1253.0,approach-review,0.251
8928308e15bffff,Waterline SW 10,,41.3,3.3,0.0,routed,1211.0,approach-review,1.0
8928308e163ffff,Waterline W 15,,36.8,2.95,0.0,routed,762.0,approach-review,1.0
8928308e167ffff,Waterline W 17,,39.9,3.19,0.0,routed,1011.0,approach-review,0.972
8928308e16bffff,Waterline W 11,,32.3,2.59,0.0,routed,403.0,approach-review,1.0
8928308e16fffff,Waterline W 14,,35.9,2.87,0.0,routed,690.0,approach-review,1.0
8928308e173ffff,Waterline W 16,,39.4,3.15,0.0,routed,967.0,approach-review,0.656
8928308e177ffff,Waterline W 18,,41.3,3.31,0.0,routed,1124.0,approach-review,0.264
8928308e17bffff,Waterline W 13,,35.0,2.8,0.0,routed,617.0,approach-review,1.0
8928308e203ffff,Marina Bay S 8,,42.9,3.43,0.0,routed,702.0,approach-review,1.0
8928308e207ffff,Marina Bay SW 7,,43.1,3.45,0.0,routed,697.0,approach-review,1.0
8928308e20bffff,Marina Bay S 6,,35.7,2.86,0.0,routed,470.0,approach-review,1.0
8928308e20fffff,Marina Bay SW 5,,38.8,3.1,0.0,routed,374.0,approach-review,1.0
8928308e213ffff,Marina Bay S 12,,47.2,3.77,0.0,routed,1047.0,approach-review,1.0
8928308e217ffff,Marina Bay SW 8,,46.8,3.75,0.0,routed,973.0,approach-review,1.0
8928308e21bffff,Marina Bay S 10,,39.9,3.19,0.0,routed,837.0,approach-review,1.0
8928308e223ffff,Waterline E 7,,45.3,3.62,0.0,routed,236.0,approach-review,1.0
8928308e227ffff,Waterline E 4,,40.5,3.24,0.0,routed,150.0,approach-review,1.0
8928308e22bffff,Marina Bay SW 4,,39.2,3.13,130.0,routed,117.0,approach-review,1.0
8928308e22fffff,Rows/Places at NOMA SW 5,,41.4,3.31,369.0,routed,27.0,network-estimate,1.0
8928308e233ffff,Waterline E 8,,48.5,3.88,0.0,routed,478.0,approach-review,1.0
8928308e237ffff,Waterline E 6,,44.3,3.54,0.0,routed,138.0,approach-review,1.0
8928308e23bffff,Marina Bay SW 6,,40.5,3.24,0.0,routed,428.0,approach-review,1.0
8928308e243ffff,Marina Bay S 5,,30.9,2.47,0.0,routed,489.0,approach-review,1.0
8928308e247ffff,Marina Bay S 4,,30.6,2.45,0.0,routed,293.0,approach-review,1.0
8928308e24bffff,Marina Bay SE 4,,29.7,2.37,0.0,routed,426.0,approach-review,1.0
8928308e24fffff,Marina Bay SE 2,,26.4,2.11,352.0,routed,162.0,approach-review,1.0
8928308e253ffff,Marina Bay S 9,,35.3,2.83,0.0,routed,821.0,approach-review,1.0
8928308e257ffff,Marina Bay S 7,,34.9,2.8,0.0,routed,639.0,approach-review,1.0
8928308e25bffff,Marina Bay SE 6,,33.5,2.68,0.0,routed,731.0,approach-review,1.0
8928308e263ffff,Marina Bay SW,,31.0,2.48,483.0,routed,205.0,approach-review,1.0
8928308e267ffff,Marina Bay SW 2,,39.3,3.14,0.0,routed,245.0,approach-review,1.0
8928308e26bffff,Marina Bay S,,19.8,1.59,791.0,routed,84.0,network-estimate,1.0
8928308e26fffff,Marina Bay W,,23.4,1.87,12.0,routed,175.0,approach-review,1.0
8928308e273ffff,Marina Bay S 3,,32.3,2.58,268.0,routed,167.0,approach-review,1.0
8928308e277ffff,Marina Bay SW 3,,35.8,2.86,0.0,routed,127.0,approach-review,1.0
8928308e27bffff,Marina Bay S 2,,26.6,2.12,1563.0,routed,63.0,network-estimate,1.0
8928308e283ffff,Waterline SE 15,,63.3,5.07,0.0,routed,1514.0,approach-review,1.0
8928308e287ffff,Waterline SE 12,,60.0,4.8,0.0,routed,1245.0,approach-review,1.0
8928308e28bffff,Marina Bay S 17,,51.5,4.12,0.0,routed,1392.0,approach-review,1.0
8928308e28fffff,Brooks Island Regional Preserve,,59.5,4.76,0.0,routed,1211.0,approach-review,1.0
8928308e293ffff,Waterline SE 17,,67.3,5.39,0.0,routed,1836.0,approach-review,1.0
8928308e297ffff,Waterline SE 13,,64.2,5.14,0.0,routed,1585.0,approach-review,1.0
8928308e29bffff,Marina Bay S 22,,55.9,4.47,0.0,routed,1743.0,approach-review,1.0
8928308e2a3ffff,Waterline SE 6,,52.8,4.22,0.0,routed,673.0,approach-review,1.0
8928308e2a7ffff,Brooks Island Regional Preserve NW,,50.2,4.02,0.0,routed,549.0,approach-review,1.0
8928308e2abffff,Waterline SE 7,,52.1,4.16,0.0,routed,613.0,approach-review,1.0
8928308e2afffff,Waterline SE 4,,48.4,3.88,0.0,routed,324.0,approach-review,1.0
8928308e2b3ffff,Waterline SE 8,,57.2,4.58,0.0,routed,1025.0,approach-review,1.0
8928308e2b7ffff,Waterline SE 5,,54.6,4.36,0.0,routed,880.0,approach-review,1.0
8928308e2bbffff,Waterline SE 10,,55.8,4.47,0.0,routed,916.0,approach-review,1.0
8928308e2c3ffff,Marina Bay S 15,,43.7,3.5,0.0,routed,1342.0,approach-review,1.0
8928308e2c7ffff,Marina Bay S 14,,44.2,3.54,0.0,routed,1186.0,approach-review,1.0
8928308e2cbffff,Marina Bay S 13,,39.8,3.18,0.0,routed,1174.0,approach-review,1.0
8928308e2cfffff,Marina Bay S 11,,39.3,3.15,0.0,routed,990.0,approach-review,1.0
8928308e2d3ffff,Marina Bay S 20,,48.2,3.85,0.0,routed,1680.0,approach-review,1.0
8928308e2d7ffff,Marina Bay S 19,,47.8,3.83,0.0,routed,1539.0,approach-review,1.0
8928308e2dbffff,Marina Bay S 18,,44.2,3.53,0.0,routed,1528.0,approach-review,1.0
8928308e303ffff,Waterline NW,,30.2,2.42,1785.0,routed,61.0,network-estimate,1.0
8928308e307ffff,Waterline NW 3,,26.1,2.09,1486.0,routed,45.0,network-estimate,1.0
8928308e30bffff,Waterline N,,30.8,2.47,176.0,routed,170.0,approach-review,1.0
8928308e30fffff,Waterline NW 2,,26.1,2.09,78.0,routed,212.0,approach-review,1.0
8928308e313ffff,Waterline SW,,33.7,2.7,458.0,routed,200.0,approach-review,1.0
8928308e317ffff,Waterline W,,29.6,2.37,425.0,routed,68.0,network-estimate,1.0
8928308e31bffff,Waterline,,35.7,2.86,2234.0,routed,81.0,network-estimate,1.0
8928308e323ffff,Point Richmond S 4,,15.5,1.24,365.0,routed,87.0,network-estimate,1.0
8928308e327ffff,Point Richmond S 3,,14.8,1.18,0.0,routed,201.0,approach-review,1.0
8928308e32bffff,Point Richmond SE 2,,18.0,1.44,0.0,routed,57.0,network-estimate,1.0
8928308e32fffff,Point Richmond S 2,,12.6,1.01,545.0,routed,53.0,network-estimate,1.0
8928308e333ffff,Waterline NW 5,,19.9,1.59,398.0,routed,54.0,network-estimate,1.0
8928308e337ffff,Waterline NW 6,,18.7,1.5,0.0,routed,146.0,approach-review,1.0
8928308e33bffff,Waterline NW 4,,19.8,1.58,0.0,routed,126.0,approach-review,1.0
8928308e343ffff,Waterline NE 3,,32.1,2.57,53.0,routed,110.0,approach-review,1.0
8928308e347ffff,Waterline NE 2,,27.6,2.2,676.0,routed,48.0,network-estimate,1.0
8928308e34bffff,Rows/Places at NOMA SW 4,,37.0,2.96,0.0,routed,200.0,approach-review,1.0
8928308e34fffff,Waterline NE 4,,29.8,2.38,0.0,routed,257.0,approach-review,1.0
8928308e353ffff,Waterline E 2,,35.4,2.83,478.0,routed,44.0,network-estimate,1.0
8928308e357ffff,Waterline NE,,33.1,2.64,571.0,routed,166.0,approach-review,1.0
8928308e35bffff,Waterline E 5,,37.6,3.01,0.0,routed,238.0,approach-review,1.0
8928308e363ffff,Waterline N 5,,20.6,1.65,960.0,routed,57.0,network-estimate,1.0
8928308e367ffff,Point Richmond SE 3,,15.6,1.25,818.0,routed,44.0,network-estimate,1.0
8928308e36bffff,Atchison Village S 7,,25.3,2.02,88.0,routed,149.0,approach-review,1.0
8928308e36fffff,Atchison Village S 5,,18.6,1.48,0.0,routed,125.0,approach-review,1.0
8928308e373ffff,Waterline N 2,,24.9,2.0,182.0,routed,103.0,approach-review,1.0
8928308e377ffff,Waterline N 3,,21.2,1.7,0.0,routed,105.0,approach-review,1.0
8928308e37bffff,Waterline N 4,,25.3,2.02,454.0,routed,142.0,approach-review,1.0
8928308e383ffff,Waterline SW 4,,38.3,3.07,0.0,routed,765.0,approach-review,1.0
8928308e387ffff,Waterline SW 5,,35.4,2.83,0.0,routed,641.0,approach-review,1.0
8928308e38bffff,Waterline SW 2,,42.6,3.41,0.0,routed,482.0,approach-review,1.0
8928308e38fffff,Waterline SW 3,,33.9,2.71,121.0,routed,412.0,approach-review,1.0
8928308e393ffff,Waterline SW 6,,43.0,3.44,0.0,routed,1069.0,approach-review,1.0
8928308e397ffff,Waterline SW 7,,39.5,3.16,0.0,routed,967.0,approach-review,1.0
8928308e39bffff,Waterline S 3,,50.8,4.06,0.0,routed,735.0,approach-review,1.0
8928308e3a3ffff,Waterline W 4,,28.0,2.24,128.0,routed,261.0,approach-review,1.0
8928308e3a7ffff,Waterline W 8,,28.5,2.28,0.0,routed,93.0,network-estimate,1.0
8928308e3abffff,Waterline W 3,,30.5,2.44,564.0,routed,54.0,network-estimate,1.0
8928308e3afffff,Waterline W 6,,24.9,1.99,277.0,routed,128.0,approach-review,1.0
8928308e3b3ffff,Waterline W 5,,32.4,2.6,0.0,routed,561.0,approach-review,1.0
8928308e3b7ffff,Waterline W 7,,31.1,2.49,0.0,routed,303.0,approach-review,1.0
8928308e3bbffff,Waterline W 2,,34.3,2.74,0.0,routed,232.0,approach-review,1.0
8928308e3c3ffff,Waterline SE,,44.7,3.58,487.0,routed,91.0,network-estimate,1.0
8928308e3c7ffff,Waterline S,,38.6,3.09,312.0,routed,164.0,approach-review,1.0
8928308e3cbffff,Waterline E 3,,40.1,3.21,448.0,routed,58.0,network-estimate,1.0
8928308e3cfffff,Waterline E,,40.4,3.23,165.0,routed,44.0,network-estimate,1.0
8928308e3d3ffff,Waterline SE 2,,48.5,3.88,0.0,routed,377.0,approach-review,1.0
8928308e3d7ffff,Waterline S 2,,46.5,3.72,0.0,routed,392.0,approach-review,1.0
8928308e3dbffff,Waterline SE 3,,46.2,3.7,51.0,routed,241.0,approach-review,1.0
8928308e627ffff,Waterline SE 18,,70.3,5.62,0.0,routed,2109.0,approach-review,0.52
8928308e62bffff,Waterline SE 19,,71.5,5.72,0.0,routed,2168.0,approach-review,0.167
8928308e62fffff,Waterline SE 16,,68.5,5.48,0.0,routed,1930.0,approach-review,0.883
8928308e667ffff,Marina Bay S 26,,56.1,4.49,0.0,routed,2087.0,approach-review,0.568
8928308e66bffff,Marina Bay S 25,,52.6,4.21,0.0,routed,2033.0,approach-review,0.211
8928308e66fffff,Marina Bay S 24,,52.2,4.18,0.0,routed,1889.0,approach-review,0.929
8928308e803ffff,Point Richmond W 46,,62.5,5.0,0.0,routed,1258.0,approach-review,1.0
8928308e807ffff,Point Richmond W 51,,66.9,5.35,0.0,routed,1604.0,approach-review,0.893
8928308e80bffff,Point Richmond W 41,,60.3,4.82,0.0,routed,1075.0,approach-review,1.0
8928308e80fffff,Point Richmond W 47,,64.6,5.17,0.0,routed,1421.0,approach-review,1.0
8928308e813ffff,Point Richmond W 45,,59.2,4.74,0.0,routed,1636.0,approach-review,0.635
8928308e817ffff,Point Richmond W 49,,63.5,5.08,0.0,routed,1980.0,approach-review,0.242
8928308e81bffff,Point Richmond W 40,,56.6,4.52,0.0,routed,1423.0,approach-review,1.0
8928308e823ffff,Point Richmond W 56,,73.3,5.86,0.0,routed,2115.0,approach-review,0.362
8928308e82bffff,Point Richmond W 53,,93.4,7.48,0.0,routed,1484.0,approach-review,1.0
8928308e82fffff,Point Richmond W 57,,95.2,7.62,0.0,routed,1625.0,approach-review,0.618
8928308e833ffff,Point Richmond W 55,,71.2,5.7,0.0,routed,1951.0,approach-review,0.096
8928308e83bffff,Point Richmond W 52,,68.9,5.51,0.0,routed,1768.0,approach-review,1.0
8928308e843ffff,Point Richmond W 29,,55.7,4.46,0.0,routed,710.0,approach-review,1.0
8928308e847ffff,Point Richmond W 36,,59.3,4.74,0.0,routed,998.0,approach-review,1.0
8928308e84bffff,Point Richmond W 24,,61.9,4.95,0.0,routed,386.0,approach-review,1.0
8928308e84fffff,Point Richmond W 30,,62.3,4.99,0.0,routed,661.0,approach-review,1.0
8928308e853ffff,Point Richmond W 27,,51.8,4.15,0.0,routed,400.0,approach-review,1.0
8928308e857ffff,Point Richmond W 34,,56.0,4.48,0.0,routed,733.0,approach-review,1.0
8928308e85bffff,Point Richmond W 22,,53.2,4.25,0.0,routed,506.0,approach-review,1.0
8928308e863ffff,Point Richmond W 43,,69.6,5.57,0.0,routed,1246.0,approach-review,1.0
8928308e867ffff,Point Richmond W 50,,89.0,7.12,0.0,routed,1131.0,approach-review,1.0
8928308e86bffff,Point Richmond NW 39,,66.3,5.3,0.0,routed,980.0,approach-review,1.0
8928308e86fffff,Point Richmond NW 46,,82.3,6.58,0.0,routed,1055.0,approach-review,1.0
8928308e873ffff,Point Richmond W 42,,63.3,5.06,0.0,routed,1315.0,approach-review,1.0
8928308e877ffff,Point Richmond W 48,,73.5,5.88,0.0,routed,1553.0,approach-review,1.0
8928308e87bffff,Point Richmond W 37,,65.3,5.22,0.0,routed,1020.0,approach-review,1.0
8928308e88bffff,Point Richmond W 44,,58.4,4.67,0.0,routed,1571.0,approach-review,0.0
8928308e8c3ffff,Point Richmond W 31,,50.8,4.06,0.0,routed,960.0,approach-review,1.0
8928308e8c7ffff,Point Richmond W 38,,55.0,4.4,0.0,routed,1296.0,approach-review,0.96
8928308e8cbffff,Point Richmond W 25,,47.8,3.83,0.0,routed,726.0,approach-review,1.0
8928308e8cfffff,Point Richmond W 32,,52.2,4.18,0.0,routed,1075.0,approach-review,1.0
8928308e8d3ffff,Point Richmond W 33,,50.9,4.07,0.0,routed,970.0,approach-review,0.64
8928308e8d7ffff,Point Richmond W 39,,54.5,4.36,0.0,routed,1258.0,approach-review,0.245
8928308e8dbffff,Point Richmond W 26,,46.8,3.74,0.0,routed,640.0,approach-review,1.0
8928308e94bffff,Point Richmond W 59,,96.3,7.71,0.0,routed,1715.0,approach-review,0.015
8928308ea03ffff,Point Richmond NW 23,,38.4,3.07,0.0,routed,325.0,approach-review,1.0
8928308ea07ffff,Point Richmond NW 27,,43.5,3.48,0.0,routed,340.0,approach-review,1.0
8928308ea0bffff,Point Richmond NW 21,,37.2,2.98,0.0,routed,229.0,approach-review,1.0
8928308ea0fffff,Point Richmond NW 26,,41.7,3.34,0.0,routed,199.0,approach-review,1.0
8928308ea13ffff,Point Richmond NW 19,,31.0,2.48,0.0,routed,324.0,approach-review,1.0
8928308ea17ffff,Point Richmond NW 24,,44.1,3.53,0.0,routed,398.0,approach-review,1.0
8928308ea1bffff,Point Richmond NW 17,,32.5,2.6,0.0,routed,149.0,approach-review,1.0
8928308ea23ffff,Point Richmond NW 37,,51.3,4.1,181.0,routed,373.0,approach-review,1.0
8928308ea27ffff,Point Richmond NW 44,,75.6,6.05,495.0,routed,136.0,approach-review,1.0
8928308ea2bffff,Point Richmond NW 36,,49.6,3.97,0.0,routed,236.0,approach-review,1.0
8928308ea2fffff,Point Richmond NW 42,,63.1,5.05,304.0,routed,409.0,approach-review,1.0
8928308ea33ffff,Point Richmond NW 32,,65.3,5.22,328.0,routed,215.0,approach-review,1.0
8928308ea37ffff,Point Richmond NW 38,,68.8,5.5,396.0,routed,67.0,network-estimate,1.0
8928308ea3bffff,Point Richmond NW 31,,45.4,3.63,0.0,routed,477.0,approach-review,1.0
8928308ea43ffff,Atchison Village NW 19,,35.9,2.87,0.0,routed,229.0,approach-review,1.0
8928308ea47ffff,Atchison Village NW 22,,41.4,3.32,0.0,routed,183.0,approach-review,1.0
8928308ea4bffff,Atchison Village NW 18,,39.7,3.18,0.0,routed,348.0,approach-review,1.0
8928308ea4fffff,Atchison Village NW 21,,41.5,3.32,0.0,routed,189.0,approach-review,1.0
8928308ea53ffff,Atchison Village NW 16,,30.8,2.46,0.0,routed,78.0,network-estimate,1.0
8928308ea57ffff,Point Richmond NW 18,,34.7,2.78,0.0,routed,184.0,approach-review,1.0
8928308ea5bffff,Atchison Village NW 15,,34.9,2.79,0.0,routed,105.0,approach-review,1.0
8928308ea63ffff,Atchison Village NW 25,,48.1,3.85,0.0,routed,28.0,network-estimate,1.0
8928308ea67ffff,Atchison Village NW 26,,51.9,4.15,0.0,routed,84.0,network-estimate,1.0
8928308ea6bffff,North Richmond W 29,,48.4,3.87,0.0,routed,236.0,approach-review,1.0
8928308ea6fffff,North Richmond W 34,,53.3,4.26,0.0,routed,214.0,approach-review,1.0
8928308ea73ffff,Atchison Village NW 24,,46.5,3.72,0.0,routed,72.0,network-estimate,1.0
8928308ea77ffff,Point Richmond NW 30,,48.4,3.87,0.0,routed,103.0,approach-review,1.0
8928308ea7bffff,Atchison Village NW 23,,43.6,3.48,0.0,routed,195.0,approach-review,1.0
8928308ea83ffff,Point Richmond NW 16,,34.6,2.77,360.0,routed,138.0,approach-review,1.0
8928308ea87ffff,Point Richmond NW 22,,41.9,3.35,349.0,routed,181.0,approach-review,1.0
8928308ea8bffff,Point Richmond NW 15,,35.9,2.87,0.0,routed,98.0,network-estimate,1.0
8928308ea8fffff,Point Richmond NW 20,,42.5,3.4,0.0,routed,236.0,approach-review,1.0
8928308ea93ffff,Point Richmond W 13,,70.3,5.62,0.0,routed,294.0,approach-review,1.0
8928308ea97ffff,Point Richmond W 18,,61.0,4.88,0.0,routed,312.0,approach-review,1.0
8928308ea9bffff,Point Richmond NW 12,,65.8,5.26,220.0,routed,50.0,detour-review,1.0
8928308eaa3ffff,Point Richmond NW 29,,58.2,4.66,0.0,routed,459.0,approach-review,1.0
8928308eaa7ffff,Point Richmond NW 35,,70.4,5.64,0.0,routed,629.0,approach-review,1.0
8928308eaabffff,Point Molate Beach Park,,49.2,3.94,361.0,routed,517.0,approach-review,1.0
8928308eaafffff,Point Richmond NW 34,,64.9,5.19,0.0,routed,492.0,approach-review,1.0
8928308eab3ffff,Point Richmond NW 28,,47.0,3.76,0.0,routed,483.0,approach-review,1.0
8928308eab7ffff,Point Richmond NW 33,,61.3,4.9,0.0,routed,702.0,approach-review,1.0
8928308eabbffff,Point Richmond NW 25,,44.9,3.59,363.0,routed,293.0,approach-review,1.0
8928308eac3ffff,Point Richmond NW 9,,23.5,1.88,0.0,routed,173.0,approach-review,1.0
8928308eac7ffff,Point Richmond NW 14,,26.6,2.13,0.0,routed,209.0,approach-review,1.0
8928308eacbffff,Point Richmond NW 10,,25.1,2.01,0.0,routed,172.0,approach-review,1.0
8928308eacfffff,Point Richmond NW 13,,30.1,2.41,0.0,routed,211.0,approach-review,1.0
8928308ead3ffff,Point Richmond NW 7,,20.1,1.61,130.0,routed,109.0,approach-review,1.0
8928308ead7ffff,Point Richmond NW 11,,25.4,2.04,0.0,routed,193.0,approach-review,1.0
8928308eadbffff,Point Richmond NW 6,,19.7,1.58,0.0,routed,17.0,network-estimate,1.0
8928308eb03ffff,Point Richmond NW 63,,87.5,7.0,0.0,routed,807.0,approach-review,1.0
8928308eb07ffff,Point Richmond NW 69,,104.3,8.34,0.0,routed,959.0,approach-review,1.0
8928308eb0bffff,Point Richmond NW 61,,90.0,7.2,0.0,routed,475.0,approach-review,1.0
8928308eb0fffff,Point Richmond NW 67,,93.5,7.48,0.0,routed,757.0,approach-review,1.0
8928308eb13ffff,Point Richmond NW 59,,84.7,6.77,0.0,routed,780.0,approach-review,1.0
8928308eb17ffff,Point Richmond NW 65,,89.0,7.12,0.0,routed,1124.0,approach-review,1.0
8928308eb1bffff,Point Richmond NW 57,,82.4,6.59,0.0,routed,600.0,approach-review,1.0
8928308eb23ffff,Point Richmond NW 78,,105.7,8.46,0.0,routed,1024.0,approach-review,1.0
8928308eb27ffff,Point Richmond NW 81,,110.8,8.86,0.0,routed,1241.0,approach-review,0.892
8928308eb2bffff,Point Richmond NW 76,,101.8,8.14,0.0,routed,708.0,approach-review,1.0
8928308eb2fffff,Point Richmond NW 80,,107.8,8.62,0.0,routed,805.0,approach-review,1.0
8928308eb33ffff,Point Richmond NW 75,,106.5,8.52,0.0,routed,1139.0,approach-review,1.0
8928308eb37ffff,Point Richmond NW 79,,109.6,8.77,0.0,routed,1386.0,approach-review,0.751
8928308eb3bffff,Point Richmond NW 73,,102.1,8.17,0.0,routed,782.0,approach-review,1.0
8928308eb43ffff,Point Richmond NW 54,,81.5,6.52,485.0,routed,213.0,approach-review,1.0
8928308eb47ffff,Point Richmond NW 60,,85.9,6.87,435.0,routed,143.0,approach-review,1.0
8928308eb4bffff,North Richmond W 56,,65.2,5.21,230.0,routed,154.0,approach-review,1.0
8928308eb4fffff,North Richmond W 61,,65.7,5.26,265.0,routed,197.0,approach-review,1.0
8928308eb53ffff,Point Richmond NW 49,,76.8,6.15,428.0,routed,226.0,approach-review,1.0
8928308eb57ffff,Point Richmond NW 55,,81.5,6.52,0.0,routed,418.0,approach-review,1.0
8928308eb5bffff,Point Richmond NW 48,,79.8,6.39,1091.0,routed,231.0,approach-review,1.0
8928308eb63ffff,North Richmond W 73,,94.5,7.56,531.0,routed,174.0,approach-review,1.0
8928308eb67ffff,North Richmond W 79,,99.3,7.94,0.0,routed,323.0,approach-review,1.0
8928308eb6bffff,North Richmond W 68,,97.2,7.77,685.0,routed,217.0,approach-review,1.0
8928308eb6fffff,North Richmond W 74,,99.4,7.95,479.0,routed,127.0,approach-review,1.0
8928308eb73ffff,Point Richmond NW 66,,95.5,7.64,216.0,routed,258.0,approach-review,1.0
8928308eb77ffff,Point Richmond NW 72,,97.7,7.82,0.0,routed,434.0,approach-review,1.0
8928308eb7bffff,North Richmond W 67,,100.7,8.06,279.0,routed,76.0,network-estimate,1.0
8928308eb83ffff,Point Richmond NW 58,,88.8,7.1,0.0,routed,1110.0,approach-review,1.0
8928308eb87ffff,Point Richmond NW 64,,92.1,7.37,0.0,routed,1379.0,approach-review,0.969
8928308eb8bffff,Point Richmond NW 56,,84.4,6.76,0.0,routed,763.0,approach-review,1.0
8928308eb8fffff,Point Richmond NW 62,,88.1,7.05,0.0,routed,1059.0,approach-review,1.0
8928308eb93ffff,Point Richmond W 54,,90.7,7.25,0.0,routed,1262.0,approach-review,1.0
8928308eb97ffff,Point Richmond W 58,,93.2,7.46,0.0,routed,1465.0,approach-review,0.819
8928308eb9bffff,Point Richmond NW 52,,86.1,6.89,0.0,routed,898.0,approach-review,1.0
8928308eba3ffff,Point Richmond NW 74,,96.3,7.7,0.0,routed,1712.0,approach-review,0.339
8928308ebabffff,Point Richmond NW 71,,94.6,7.57,0.0,routed,1375.0,approach-review,1.0
8928308ebafffff,Point Richmond NW 77,,111.0,8.88,0.0,routed,1500.0,approach-review,0.545
8928308ebb3ffff,Point Richmond NW 70,,95.9,7.67,0.0,routed,1677.0,approach-review,0.144
8928308ebbbffff,Point Richmond NW 68,,92.2,7.37,0.0,routed,1380.0,approach-review,1.0
8928308ebc3ffff,Point Richmond NW 47,,77.1,6.16,0.0,routed,172.0,approach-review,1.0
8928308ebc7ffff,Point Richmond NW 53,,80.5,6.44,0.0,routed,445.0,approach-review,1.0
8928308ebcbffff,Point Richmond NW 45,,73.6,5.89,300.0,routed,183.0,approach-review,1.0
8928308ebcfffff,Point Richmond NW 51,,78.4,6.27,0.0,routed,279.0,approach-review,1.0
8928308ebd3ffff,Point Richmond NW 43,,77.0,6.16,0.0,routed,728.0,approach-review,1.0
8928308ebd7ffff,Point Richmond NW 50,,81.6,6.53,0.0,routed,534.0,approach-review,1.0
8928308ebdbffff,Point Richmond NW 40,,72.5,5.8,0.0,routed,367.0,approach-review,1.0
8928308ec4bffff,Point Richmond SW 23,,47.1,3.77,0.0,routed,2175.0,approach-review,0.001
8928308ec6bffff,Point Richmond W 35,,52.5,4.2,0.0,routed,1099.0,approach-review,0.0
8928308ee03ffff,Point Richmond SW 10,,21.2,1.7,0.0,routed,1075.0,approach-review,1.0
8928308ee07ffff,Point Richmond W 12,,32.4,2.6,0.0,routed,1144.0,approach-review,1.0
8928308ee0bffff,Point Richmond W 6,,17.0,1.36,0.0,routed,742.0,approach-review,1.0
8928308ee0fffff,Point Richmond W 8,,27.5,2.2,0.0,routed,893.0,approach-review,1.0
8928308ee13ffff,Point Richmond SW 12,,22.8,1.82,0.0,routed,1289.0,approach-review,1.0
8928308ee17ffff,Point Richmond SW 14,,25.6,2.04,0.0,routed,1424.0,approach-review,1.0
8928308ee1bffff,Point Richmond SW 8,,18.3,1.46,0.0,routed,926.0,approach-review,1.0
8928308ee23ffff,Point Richmond W 14,,43.5,3.48,0.0,routed,375.0,approach-review,1.0
8928308ee27ffff,Point Richmond W 20,,46.6,3.73,0.0,routed,630.0,approach-review,1.0
8928308ee2bffff,Point Richmond W 11,,29.4,2.35,0.0,straightline,538.0,detour-review,1.0
8928308ee2fffff,Point Richmond W 16,,53.1,4.25,0.0,routed,501.0,approach-review,1.0
8928308ee33ffff,Point Richmond W 15,,39.1,3.13,0.0,routed,30.0,network-estimate,1.0
8928308ee37ffff,Point Richmond W 19,,43.5,3.48,0.0,routed,378.0,approach-review,1.0
8928308ee3bffff,Point Richmond W 10,,43.2,3.46,0.0,routed,357.0,approach-review,1.0
8928308ee43ffff,Point Richmond SW 3,,9.2,0.74,0.0,routed,258.0,approach-review,1.0
8928308ee47ffff,Point Richmond W 3,,13.5,1.08,0.0,routed,456.0,approach-review,1.0
8928308ee4bffff,Point Richmond SW,,5.4,0.43,2252.0,routed,62.0,network-estimate,1.0
8928308ee4fffff,Point Richmond W,,9.2,0.73,661.0,routed,120.0,approach-review,1.0
8928308ee53ffff,Point Richmond SW 4,,12.4,0.99,0.0,routed,455.0,approach-review,1.0
8928308ee57ffff,Point Richmond SW 5,,13.7,1.1,0.0,routed,618.0,approach-review,1.0
8928308ee5bffff,Point Richmond SW 2,,11.6,0.93,618.0,routed,100.0,network-estimate,1.0
8928308ee63ffff,Point Richmond W 5,,19.8,1.58,0.0,routed,273.0,approach-review,1.0
8928308ee67ffff,Point Richmond W 9,,71.2,5.69,0.0,routed,252.0,detour-review,1.0
8928308ee6bffff,Point Richmond NW 5,,15.1,1.21,688.0,routed,118.0,approach-review,1.0
8928308ee6fffff,Point Richmond NW 8,,20.3,1.62,0.0,routed,172.0,approach-review,1.0
8928308ee73ffff,Point Richmond W 4,,18.3,1.47,0.0,routed,595.0,approach-review,1.0
8928308ee77ffff,Point Richmond W 7,,24.7,1.98,0.0,routed,526.0,approach-review,1.0
8928308ee7bffff,Point Richmond W 2,,13.8,1.11,80.0,routed,279.0,approach-review,1.0
8928308ee83ffff,Point Richmond SW 19,,39.4,3.15,0.0,routed,1557.0,approach-review,1.0
8928308ee87ffff,Point Richmond SW 20,,43.2,3.45,0.0,routed,1859.0,approach-review,0.968
8928308ee8bffff,Point Richmond SW 15,,35.5,2.84,0.0,routed,1242.0,approach-review,1.0
8928308ee8fffff,Point Richmond SW 16,,27.4,2.19,0.0,routed,1567.0,approach-review,1.0
8928308ee93ffff,Waterline W 19,,43.6,3.49,0.0,routed,1307.0,approach-review,0.654
8928308ee97ffff,Point Richmond SW 22,,47.6,3.81,0.0,routed,1624.0,approach-review,0.258
8928308ee9bffff,Point Richmond SW 17,,35.9,2.87,0.0,routed,1279.0,approach-review,1.0
8928308eea3ffff,Point Richmond W 23,,46.5,3.72,0.0,routed,620.0,approach-review,1.0
8928308eea7ffff,Point Richmond W 28,,48.0,3.84,0.0,routed,736.0,approach-review,0.964
8928308eeabffff,Point Richmond W 17,,42.9,3.43,0.0,routed,333.0,approach-review,1.0
8928308eeafffff,Point Richmond W 21,,43.4,3.47,0.0,routed,372.0,approach-review,1.0
8928308eeb3ffff,Point Richmond SW 21,,50.5,4.04,0.0,routed,939.0,approach-review,0.647
8928308eeb7ffff,Point Richmond SW 24,,50.8,4.06,0.0,routed,961.0,approach-review,0.252
8928308eebbffff,Point Richmond SW 18,,40.3,3.22,0.0,routed,1769.0,approach-review,1.0
8928308eec3ffff,Point Richmond SW 9,,25.6,2.05,0.0,routed,699.0,approach-review,1.0
8928308eec7ffff,Point Richmond SW 11,,27.7,2.21,0.0,routed,1047.0,approach-review,1.0
8928308eecbffff,Point Richmond SW 6,,20.1,1.61,0.0,routed,440.0,approach-review,1.0
8928308eecfffff,Point Richmond SW 7,,16.6,1.33,0.0,routed,706.0,approach-review,1.0
8928308eed3ffff,Waterline W 12,,32.8,2.62,0.0,routed,440.0,approach-review,1.0
8928308eed7ffff,Point Richmond SW 13,,31.7,2.53,0.0,routed,940.0,approach-review,1.0
8928308eedbffff,Waterline W 10,,24.0,1.92,0.0,routed,326.0,approach-review,1.0
8928308f003ffff,Idaho Apartments NE,,18.6,1.49,1644.0,routed,120.0,approach-review,1.0
8928308f007ffff,Idaho Apartments NW,,15.9,1.27,1983.0,routed,70.0,network-estimate,1.0
8928308f00bffff,Idaho Apartments NE 2,,11.7,0.94,1933.0,routed,90.0,network-estimate,1.0
8928308f00fffff,Idaho Apartments N,,10.9,0.87,1445.0,routed,78.0,network-estimate,1.0
8928308f013ffff,Idaho Apartments SE,,20.5,1.64,1776.0,routed,40.0,network-estimate,1.0
8928308f017ffff,Idaho Apartments,,21.4,1.71,2303.0,routed,59.0,network-estimate,1.0
8928308f01bffff,Idaho Apartments E,,17.1,1.37,2049.0,routed,51.0,network-estimate,1.0
8928308f023ffff,Richmond Annex NE,,11.5,0.92,1592.0,routed,105.0,approach-review,1.0
8928308f027ffff,Richmond Annex N,,12.0,0.96,1732.0,routed,86.0,network-estimate,1.0
8928308f02bffff,Rose Park SW,,7.1,0.57,1522.0,routed,60.0,network-estimate,1.0
8928308f02fffff,Rose Park W,,7.7,0.61,1008.0,routed,37.0,network-estimate,1.0
8928308f033ffff,Richmond Annex SE,,14.7,1.18,2456.0,routed,131.0,approach-review,1.0
8928308f037ffff,Richmond Annex,,14.8,1.19,2457.0,routed,43.0,network-estimate,1.0
8928308f03bffff,Rose Park S,,10.1,0.81,1301.0,routed,80.0,network-estimate,1.0
8928308f043ffff,Kensington W 4,,15.9,1.27,1272.0,routed,194.0,approach-review,1.0
8928308f047ffff,El Cerrito SE 2,,11.3,0.91,1568.0,routed,117.0,approach-review,1.0
8928308f04bffff,Kensington W 2,,21.0,1.68,949.0,routed,141.0,approach-review,1.0
8928308f04fffff,El Cerrito SE 3,,15.4,1.23,1381.0,routed,116.0,approach-review,1.0
8928308f053ffff,Idaho Apartments E 4,,13.8,1.11,1539.0,routed,97.0,network-estimate,1.0
8928308f057ffff,Idaho Apartments E 3,,14.4,1.15,1591.0,routed,78.0,network-estimate,1.0
8928308f05bffff,Kensington SW 3,,18.2,1.46,831.0,routed,102.0,approach-review,1.0
8928308f063ffff,Cerrito Vista Park,,4.1,0.33,1276.0,routed,85.0,network-estimate,1.0
8928308f067ffff,Rose Park,,1.3,0.11,1277.0,routed,90.0,network-estimate,1.0
8928308f06bffff,El Cerrito E,,8.6,0.69,1138.0,routed,109.0,approach-review,1.0
8928308f06fffff,El Cerrito,,5.7,0.46,1066.0,routed,17.0,network-estimate,1.0
8928308f073ffff,El Cerrito S,,7.2,0.58,1796.0,routed,35.0,network-estimate,1.0
8928308f077ffff,Rose Park SE,,5.0,0.4,2091.0,routed,175.0,approach-review,1.0
8928308f07bffff,El Cerrito SE,,9.6,0.77,1516.0,routed,151.0,approach-review,1.0
8928308f083ffff,Albany Hill Park,,16.8,1.34,73.0,routed,75.0,network-estimate,0.202
8928308f087ffff,Albany Hill NW,,21.5,1.72,572.0,routed,44.0,network-estimate,0.824
8928308f08bffff,Idaho Apartments S 2,,16.3,1.3,1177.0,routed,36.0,network-estimate,0.788
8928308f08fffff,Idaho Apartments S,,21.9,1.75,1637.0,routed,38.0,network-estimate,1.0
8928308f0a3ffff,Richmond Annex S 2,,22.0,1.76,1713.0,routed,114.0,approach-review,1.0
8928308f0a7ffff,Richmond Annex SW 2,,20.8,1.66,341.0,routed,152.0,approach-review,1.0
8928308f0abffff,Idaho Apartments W,,20.6,1.65,2026.0,routed,94.0,network-estimate,1.0
8928308f0afffff,Richmond Annex S,,18.4,1.47,2012.0,routed,99.0,network-estimate,1.0
8928308f0b3ffff,Idaho Apartments SW 2,,27.3,2.19,957.0,routed,161.0,approach-review,1.0
8928308f0b7ffff,Richmond Annex S 3,,25.5,2.04,791.0,routed,401.0,approach-review,1.0
8928308f0bbffff,Idaho Apartments SW,,25.8,2.07,1643.0,routed,80.0,network-estimate,1.0
8928308f0c3ffff,Idaho Apartments SE 3,,8.5,0.68,531.0,routed,115.0,approach-review,0.805
8928308f0c7ffff,Idaho Apartments SE 2,,14.8,1.18,922.0,routed,33.0,network-estimate,1.0
8928308f0cbffff,Idaho Apartments E 5,,8.8,0.7,2219.0,routed,125.0,approach-review,1.0
8928308f0cfffff,Idaho Apartments E 2,,12.4,0.99,1691.0,routed,15.0,network-estimate,1.0
8928308f0d7ffff,Albany Hill,,11.1,0.89,109.0,routed,79.0,network-estimate,0.31
8928308f0dbffff,Thousand Oaks W 2,,4.7,0.38,1063.0,routed,88.0,network-estimate,0.572
8928308f103ffff,Crescent Park Apartments SW,,11.7,0.94,1089.0,routed,84.0,network-estimate,1.0
8928308f107ffff,Crescent Park Apartments W 2,,4.3,0.35,1265.0,routed,74.0,network-estimate,1.0
8928308f10bffff,Crescent Park Apartments,,2.3,0.18,1433.0,routed,37.0,network-estimate,1.0
8928308f10fffff,Crescent Park Apartments W,,3.2,0.25,1739.0,routed,72.0,network-estimate,1.0
8928308f113ffff,Crescent Park Apartments SW 2,,11.2,0.9,1282.0,routed,71.0,network-estimate,1.0
8928308f117ffff,Crescent Park Apartments SW 3,,8.9,0.71,10.0,routed,199.0,approach-review,1.0
8928308f11bffff,Crescent Park Apartments S,,3.0,0.24,1685.0,routed,130.0,approach-review,1.0
8928308f123ffff,Crescent Park Apartments NW 4,,4.3,0.34,771.0,routed,99.0,network-estimate,1.0
8928308f127ffff,Easter Hill Village E 2,,13.0,1.04,1145.0,routed,51.0,network-estimate,1.0
8928308f12bffff,Crescent Park Apartments NW 3,,11.5,0.92,1387.0,routed,118.0,approach-review,1.0
8928308f12fffff,Easter Hill Village E 3,,14.7,1.18,1927.0,routed,63.0,network-estimate,1.0
8928308f133ffff,Crescent Park Apartments W 4,,0.8,0.06,744.0,routed,46.0,network-estimate,1.0
8928308f137ffff,Easter Hill Village SE 2,,18.3,1.47,278.0,routed,45.0,network-estimate,1.0
8928308f13bffff,Crescent Park Apartments W 3,,5.3,0.42,1840.0,routed,78.0,network-estimate,1.0
8928308f143ffff,Crescent Park Apartments E,,6.6,0.53,1612.0,routed,106.0,approach-review,1.0
8928308f147ffff,Crescent Park Apartments NE,,7.2,0.57,1220.0,routed,109.0,approach-review,1.0
8928308f14bffff,Crescent Park Apartments E 3,,1.2,0.09,1073.0,routed,55.0,network-estimate,1.0
8928308f14fffff,Crescent Park Apartments NE 3,,6.6,0.53,1692.0,routed,74.0,network-estimate,1.0
8928308f153ffff,Crescent Park Apartments SE 3,,9.1,0.73,1740.0,routed,46.0,network-estimate,1.0
8928308f157ffff,Crescent Park Apartments SE,,3.7,0.3,1555.0,routed,109.0,approach-review,1.0
8928308f15bffff,Crescent Park Apartments E 2,,6.1,0.49,1661.0,routed,131.0,approach-review,1.0
8928308f163ffff,State Court Park,,7.1,0.57,1332.0,routed,47.0,network-estimate,1.0
8928308f167ffff,Crescent Park Apartments NW 2,,16.7,1.34,611.0,routed,121.0,approach-review,1.0
8928308f16bffff,Crescent Park Apartments N 2,,12.9,1.03,1211.0,routed,107.0,approach-review,1.0
8928308f16fffff,Crescent Park Apartments N 3,,14.4,1.15,1767.0,routed,137.0,approach-review,1.0
8928308f173ffff,Crescent Park Apartments N,,2.9,0.23,1160.0,routed,77.0,network-estimate,1.0
8928308f177ffff,Crescent Park Apartments NW,,5.3,0.43,1582.0,routed,92.0,network-estimate,1.0
8928308f17bffff,Crescent Park Apartments NE 2,,9.1,0.72,1477.0,routed,89.0,network-estimate,1.0
8928308f183ffff,Crescent Park Apartments SW 6,,18.4,1.47,0.0,routed,607.0,approach-review,1.0
8928308f187ffff,Marina Bay SE 5,,15.7,1.26,0.0,routed,463.0,approach-review,1.0
8928308f18bffff,Crescent Park Apartments S 3,,14.4,1.15,0.0,routed,328.0,approach-review,1.0
8928308f18fffff,Crescent Park Apartments SW 4,,14.1,1.13,0.0,routed,337.0,approach-review,1.0
8928308f193ffff,Crescent Park Apartments S 6,,22.3,1.78,0.0,routed,919.0,approach-review,1.0
8928308f197ffff,Marina Bay SE 7,,22.3,1.78,0.0,routed,694.0,approach-review,1.0
8928308f19bffff,Crescent Park Apartments S 5,,18.8,1.5,0.0,routed,679.0,approach-review,1.0
8928308f1a3ffff,Marina Bay E 3,,25.4,2.03,1415.0,routed,113.0,approach-review,1.0
8928308f1a7ffff,Marina Bay E,,13.2,1.06,1606.0,routed,88.0,network-estimate,1.0
8928308f1abffff,Crescent Park Apartments W 5,,5.1,0.41,1097.0,routed,68.0,network-estimate,1.0
8928308f1afffff,Marina Bay E 2,,7.3,0.59,637.0,routed,82.0,network-estimate,1.0
8928308f1b3ffff,Marina Bay SE 3,,27.9,2.23,294.0,routed,135.0,approach-review,1.0
8928308f1b7ffff,Marina Bay SE,,21.8,1.74,2877.0,routed,42.0,network-estimate,1.0
8928308f1bbffff,Crescent Park Apartments SW 5,,11.0,0.88,74.0,routed,164.0,approach-review,1.0
8928308f1c3ffff,Richmond Annex W 2,,10.3,0.83,449.0,routed,183.0,approach-review,1.0
8928308f1c7ffff,Crescent Park Apartments S 2,,13.1,1.05,393.0,routed,264.0,approach-review,1.0
8928308f1cbffff,Richmond Annex W,,10.1,0.81,2147.0,routed,112.0,approach-review,1.0
8928308f1cfffff,Crescent Park Apartments SE 2,,6.7,0.53,1323.0,routed,78.0,network-estimate,1.0
8928308f1d3ffff,Richmond Annex SW 3,,16.0,1.28,0.0,routed,314.0,approach-review,1.0
8928308f1d7ffff,Crescent Park Apartments S 4,,14.3,1.14,0.0,routed,497.0,approach-review,1.0
8928308f1dbffff,Richmond Annex SW,,15.2,1.21,860.0,routed,88.0,network-estimate,1.0
8928308f203ffff,Kensington N 3,,29.5,2.36,278.0,routed,275.0,approach-review,0.709
8928308f207ffff,Kensington N 4,,25.9,2.07,645.0,routed,150.0,approach-review,1.0
8928308f20bffff,Kensington N 5,,34.3,2.74,0.0,routed,604.0,approach-review,0.161
8928308f20fffff,Kensington N 6,,31.3,2.51,0.0,routed,462.0,approach-review,0.998
8928308f213ffff,Kensington N,,30.6,2.44,488.0,routed,67.0,network-estimate,1.0
8928308f217ffff,Kensington N 2,,25.9,2.07,1578.0,routed,142.0,approach-review,1.0
8928308f21bffff,Kensington NE 3,,35.0,2.8,0.0,routed,372.0,approach-review,0.359
8928308f223ffff,Kensington N 10,,26.4,2.11,308.0,routed,343.0,approach-review,1.0
8928308f227ffff,El Cerrito NE 8,,25.8,2.07,189.0,routed,113.0,approach-review,1.0
8928308f22bffff,Kensington N 11,,32.2,2.58,0.0,routed,552.0,approach-review,1.0
8928308f22fffff,El Cerrito NE 10,,30.5,2.44,0.0,routed,401.0,approach-review,1.0
8928308f233ffff,Kensington NW 5,,25.4,2.03,1167.0,routed,79.0,network-estimate,1.0
8928308f237ffff,El Cerrito NE 6,,20.7,1.66,1034.0,routed,148.0,approach-review,1.0
8928308f23bffff,Kensington N 7,,28.9,2.31,0.0,routed,328.0,approach-review,1.0
8928308f243ffff,Kensington NE 6,,72.1,5.77,0.0,routed,569.0,approach-review,0.3
8928308f247ffff,Kensington NE 5,,39.9,3.19,0.0,routed,904.0,approach-review,0.275
8928308f24bffff,Kensington NE 9,,73.9,5.91,0.0,routed,487.0,approach-review,0.929
8928308f24fffff,Kensington NE 8,,78.0,6.24,0.0,routed,678.0,approach-review,0.989
8928308f25bffff,Kensington NE 7,,68.3,5.46,0.0,routed,262.0,approach-review,0.0
8928308f263ffff,Kensington N 13,,38.1,3.05,0.0,routed,1004.0,approach-review,1.0
8928308f267ffff,Kensington N 14,,36.7,2.94,0.0,routed,909.0,approach-review,1.0
8928308f26bffff,Kensington N 16,,45.1,3.61,0.0,routed,935.0,approach-review,1.0
8928308f26fffff,Kensington N 17,,45.0,3.6,0.0,routed,920.0,approach-review,1.0
8928308f273ffff,Kensington N 8,,35.8,2.86,0.0,routed,817.0,approach-review,1.0
8928308f277ffff,Kensington N 9,,33.7,2.69,0.0,routed,648.0,approach-review,1.0
8928308f27bffff,Kensington N 12,,42.3,3.38,0.0,routed,706.0,approach-review,1.0
8928308f283ffff,Kensington,,33.9,2.71,1572.0,routed,139.0,approach-review,1.0
8928308f287ffff,Kensington W,,25.1,2.01,1209.0,routed,151.0,approach-review,1.0
8928308f28bffff,Kensington NE,,34.3,2.74,1115.0,routed,92.0,network-estimate,1.0
8928308f28fffff,Kensington NW,,30.1,2.41,1367.0,routed,86.0,network-estimate,1.0
8928308f293ffff,Kensington S,,23.4,1.87,1109.0,routed,92.0,network-estimate,1.0
8928308f297ffff,Kensington SW,,24.3,1.94,463.0,routed,167.0,approach-review,1.0
8928308f29bffff,Kensington SE,,32.2,2.58,2089.0,routed,99.0,network-estimate,1.0
8928308f2a3ffff,Kensington NW 4,,18.7,1.5,1525.0,routed,87.0,network-estimate,1.0
8928308f2a7ffff,El Cerrito E 3,,13.1,1.05,1705.0,routed,97.0,network-estimate,1.0
8928308f2abffff,Kensington NW 3,,21.6,1.73,1289.0,routed,129.0,approach-review,1.0
8928308f2afffff,El Cerrito NE 4,,16.8,1.35,1818.0,routed,86.0,network-estimate,1.0
8928308f2b3ffff,Kensington W 3,,19.2,1.54,1030.0,routed,122.0,approach-review,1.0
8928308f2b7ffff,El Cerrito E 2,,15.0,1.2,1129.0,routed,116.0,approach-review,1.0
8928308f2bbffff,Kensington NW 2,,24.9,2.0,1036.0,routed,26.0,network-estimate,1.0
8928308f2c3ffff,Kensington E 3,,40.7,3.26,0.0,routed,171.0,approach-review,0.506
8928308f2c7ffff,Kensington NE 2,,35.6,2.85,199.0,routed,71.0,network-estimate,1.0
8928308f2cfffff,Kensington NE 4,,40.1,3.21,0.0,routed,435.0,approach-review,0.156
8928308f2d3ffff,Kensington E 2,,37.3,2.99,993.0,routed,80.0,network-estimate,0.914
8928308f2d7ffff,Kensington E,,37.8,3.02,1484.0,routed,75.0,network-estimate,1.0
8928308f303ffff,Rose Park N 6,,20.2,1.62,766.0,routed,216.0,approach-review,1.0
8928308f307ffff,Rose Park N 8,,20.1,1.61,665.0,routed,189.0,approach-review,1.0
8928308f30bffff,Rose Park N 9,,24.3,1.94,819.0,routed,117.0,approach-review,1.0
8928308f30fffff,Rose Park N 10,,25.3,2.02,1012.0,routed,138.0,approach-review,1.0
8928308f313ffff,Rose Park N 4,,16.4,1.32,841.0,routed,101.0,approach-review,1.0
8928308f317ffff,Rose Park N 5,,14.4,1.15,708.0,routed,116.0,approach-review,1.0
8928308f31bffff,Madera Open Space,,20.2,1.62,649.0,routed,200.0,approach-review,1.0
8928308f323ffff,East Richmond SE 4,,24.1,1.93,1925.0,routed,148.0,approach-review,1.0
8928308f327ffff,East Richmond SE 3,,24.8,1.99,2186.0,routed,78.0,network-estimate,1.0
8928308f32bffff,East Richmond Heights SE 6,,28.0,2.24,1439.0,routed,22.0,network-estimate,1.0
8928308f32fffff,East Richmond Heights S 2,,29.1,2.33,1894.0,routed,48.0,network-estimate,1.0
8928308f333ffff,East Richmond SE 6,,19.4,1.55,2005.0,routed,116.0,approach-review,1.0
8928308f337ffff,East Richmond SE 5,,22.6,1.81,1607.0,routed,81.0,network-estimate,1.0
8928308f33bffff,East Richmond Heights S 3,,24.9,1.99,1515.0,routed,127.0,approach-review,1.0
8928308f343ffff,El Cerrito N 5,,30.6,2.44,914.0,routed,154.0,approach-review,1.0
8928308f347ffff,El Cerrito N 6,,35.2,2.82,598.0,routed,143.0,approach-review,1.0
8928308f34bffff,El Cerrito NE 11,,34.8,2.78,0.0,routed,403.0,approach-review,1.0
8928308f34fffff,El Cerrito N 7,,35.9,2.87,0.0,routed,238.0,approach-review,1.0
8928308f353ffff,El Cerrito NE 7,,25.8,2.07,1466.0,routed,132.0,approach-review,1.0
8928308f357ffff,El Cerrito N 4,,26.8,2.14,1011.0,routed,158.0,approach-review,1.0
8928308f35bffff,El Cerrito NE 9,,30.0,2.4,90.0,routed,304.0,approach-review,1.0
8928308f363ffff,East Richmond Heights SE 9,,36.9,2.95,363.0,routed,205.0,approach-review,1.0
8928308f367ffff,East Richmond Heights SE 5,,38.0,3.04,197.0,routed,145.0,approach-review,1.0
8928308f36bffff,East Richmond Heights SE 10,,41.0,3.28,0.0,routed,449.0,approach-review,1.0
8928308f36fffff,East Richmond Heights SE 7,,39.6,3.17,0.0,routed,273.0,approach-review,1.0
8928308f373ffff,East Richmond Heights SE 11,,32.9,2.63,780.0,routed,71.0,network-estimate,1.0
8928308f377ffff,East Richmond Heights SE 8,,34.3,2.74,169.0,routed,152.0,approach-review,1.0
8928308f37bffff,East Richmond Heights SE 12,,37.7,3.01,294.0,routed,176.0,approach-review,1.0
8928308f383ffff,Rose Park N,,13.2,1.05,1471.0,routed,59.0,network-estimate,1.0
8928308f387ffff,Rose Park NW 3,,6.8,0.54,2039.0,routed,155.0,approach-review,1.0
8928308f38bffff,Rose Park N 2,,13.3,1.07,1239.0,routed,35.0,network-estimate,1.0
8928308f38fffff,Rose Park N 3,,11.4,0.91,1591.0,routed,86.0,network-estimate,1.0
8928308f393ffff,Rose Park NW,,7.4,0.59,1927.0,routed,84.0,network-estimate,1.0
8928308f397ffff,Rose Park NW 2,,6.3,0.51,1022.0,routed,56.0,network-estimate,1.0
8928308f39bffff,Rose Park NE,,11.1,0.88,1840.0,routed,122.0,approach-review,1.0
8928308f3a3ffff,Crescent Park Apartments NE 6,,11.1,0.89,1595.0,routed,78.0,network-estimate,1.0
8928308f3a7ffff,Crescent Park Apartments NE 5,,13.3,1.07,1385.0,routed,45.0,network-estimate,1.0
8928308f3abffff,Rose Park N 7,,15.1,1.21,2073.0,routed,165.0,approach-review,1.0
8928308f3afffff,Crescent Park Apartments NE 7,,17.0,1.36,1697.0,routed,104.0,approach-review,1.0
8928308f3b3ffff,Ohlone Greenway,,5.0,0.4,1528.0,routed,73.0,network-estimate,1.0
8928308f3b7ffff,Crescent Park Apartments NE 4,,9.1,0.73,362.0,routed,46.0,network-estimate,1.0
8928308f3bbffff,Rose Park NW 4,,9.9,0.79,1830.0,routed,99.0,network-estimate,1.0
8928308f3c3ffff,El Cerrito NE 2,,16.8,1.34,709.0,routed,176.0,approach-review,1.0
8928308f3c7ffff,El Cerrito N 2,,17.5,1.4,292.0,routed,203.0,approach-review,1.0
8928308f3cbffff,El Cerrito NE 5,,20.8,1.66,1411.0,routed,61.0,network-estimate,1.0
8928308f3cfffff,El Cerrito N 3,,23.9,1.92,1384.0,routed,138.0,approach-review,1.0
8928308f3d3ffff,El Cerrito NE,,10.9,0.88,83.0,routed,87.0,network-estimate,1.0
8928308f3d7ffff,El Cerrito N,,11.0,0.88,364.0,routed,128.0,approach-review,1.0
8928308f3dbffff,El Cerrito NE 3,,15.7,1.25,1430.0,routed,59.0,network-estimate,1.0
8928308f503ffff,Albany Hill W 6,,40.2,3.22,0.0,routed,1542.0,approach-review,0.0
8928308f507ffff,Richmond Annex SW 13,,41.8,3.34,0.0,routed,1711.0,approach-review,0.638
8928308f50bffff,Albany Hill W 5,,37.9,3.03,0.0,routed,1160.0,approach-review,0.262
8928308f50fffff,Richmond Annex SW 11,,37.4,2.99,0.0,routed,1358.0,approach-review,0.967
8928308f523ffff,Marina Bay SE 10,,40.9,3.28,0.0,routed,1328.0,approach-review,1.0
8928308f527ffff,Marina Bay SE 9,,37.7,3.01,0.0,routed,1066.0,approach-review,1.0
8928308f52bffff,Crescent Park Apartments S 7,,26.5,2.12,0.0,routed,1254.0,approach-review,1.0
8928308f52fffff,Marina Bay SE 8,,37.1,2.97,0.0,routed,1023.0,approach-review,1.0
8928308f533ffff,Marina Bay SE 11,,45.0,3.6,0.0,routed,1653.0,approach-review,1.0
8928308f537ffff,Marina Bay S 16,,42.0,3.36,0.0,routed,1404.0,approach-review,1.0
8928308f53bffff,Richmond Annex SW 12,,30.8,2.47,0.0,routed,1544.0,approach-review,1.0
8928308f543ffff,Albany Hill W 2,,27.8,2.23,0.0,routed,606.0,approach-review,0.004
8928308f547ffff,Albany Hill W 4,,33.7,2.69,353.0,routed,819.0,approach-review,0.666
8928308f54bffff,Albany Hill W,,24.4,1.95,0.0,routed,278.0,approach-review,0.306
8928308f54fffff,Albany Hill W 3,,29.8,2.39,344.0,routed,513.0,approach-review,0.981
8928308f563ffff,Richmond Annex SW 7,,29.9,2.39,70.0,routed,847.0,approach-review,1.0
8928308f567ffff,Richmond Annex SW 8,,23.5,1.88,0.0,routed,1013.0,approach-review,1.0
8928308f56bffff,Richmond Annex SW 4,,25.3,2.03,308.0,routed,485.0,approach-review,1.0
8928308f56fffff,Richmond Annex SW 5,,19.7,1.57,0.0,routed,685.0,approach-review,1.0
8928308f573ffff,Richmond Annex SW 9,,33.1,2.65,389.0,routed,1013.0,approach-review,1.0
8928308f577ffff,Richmond Annex SW 10,,34.4,2.75,0.0,routed,1210.0,approach-review,1.0
8928308f57bffff,Richmond Annex SW 6,,29.0,2.32,476.0,routed,687.0,approach-review,1.0
8928308f5a7ffff,Marina Bay S 23,,50.2,4.02,0.0,routed,1873.0,approach-review,0.608
8928308f5abffff,University Village,,49.2,3.93,0.0,routed,1987.0,approach-review,0.236
8928308f5afffff,Marina Bay S 21,,46.4,3.71,0.0,routed,1741.0,approach-review,0.949
8928308f60fffff,Thousand Oaks NE,,20.4,1.63,0.0,routed,52.0,network-estimate,0.01
8928308f623ffff,Thousand Oaks NW,,14.6,1.17,1411.0,routed,108.0,approach-review,1.0
8928308f627ffff,Kensington SW 4,,14.3,1.15,1144.0,routed,110.0,approach-review,1.0
8928308f62bffff,Kensington S 3,,20.3,1.62,1574.0,routed,136.0,approach-review,1.0
8928308f62fffff,Kensington SW 2,,18.7,1.49,380.0,routed,188.0,approach-review,1.0
8928308f633ffff,Thousand Oaks,,11.4,0.91,669.0,routed,139.0,approach-review,0.405
8928308f637ffff,Thousand Oaks NW 2,,10.6,0.85,1879.0,routed,107.0,approach-review,1.0
8928308f63bffff,Thousand Oaks N,,17.7,1.42,629.0,routed,128.0,approach-review,0.608
8928308f663ffff,Kensington SE 3,,29.3,2.34,792.0,routed,94.0,network-estimate,0.571
8928308f667ffff,Kensington S 2,,27.1,2.17,1807.0,routed,92.0,network-estimate,1.0
8928308f66bffff,Kensington SE 4,,34.1,2.73,1007.0,routed,150.0,approach-review,0.888
8928308f66fffff,Kensington SE 2,,34.1,2.72,1782.0,routed,135.0,approach-review,1.0
8928308f677ffff,Thousand Oaks N 2,,25.5,2.04,1359.0,routed,79.0,network-estimate,0.71
8928308f67bffff,Cragmont,,27.9,2.23,46.0,routed,134.0,approach-review,0.026
8928308f6afffff,Thousand Oaks W,,5.3,0.43,416.0,routed,141.0,approach-review,0.196
892830bb64bffff,North Richmond W 96,,113.0,9.04,0.0,routed,1223.0,approach-review,0.867
892830bb65bffff,Point Richmond NW 82,,111.8,8.94,0.0,routed,1124.0,approach-review,0.911
