{"type": "FeatureCollection", "features": [{"type": "Feature", "geometry": {"type": "Point", "coordinates": [-122.36747, 37.95881]}, "properties": {"name": "North Richmond", "place": "village", "kind": "place"}}, {"type": "Feature", "geometry": {"type": "Point", "coordinates": [-122.31358, 37.94492]}, "properties": {"name": "East Richmond Heights", "place": "village", "kind": "place"}}, {"type": "Feature", "geometry": {"type": "Point", "coordinates": [-122.38572, 37.92629]}, "properties": {"name": "Point Richmond", "place": "neighbourhood", "kind": "place"}}, {"type": "Feature", "geometry": {"type": "Point", "coordinates": [-122.22441, 38.05214]}, "properties": {"name": "Valona", "place": "neighbourhood", "kind": "place"}}, {"type": "Feature", "geometry": {"type": "Point", "coordinates": [-122.28141, 37.89532]}, "properties": {"name": "Thousand Oaks", "place": "neighbourhood", "kind": "place"}}, {"type": "Feature", "geometry": {"type": "Point", "coordinates": [-122.28858, 38.01714]}, "properties": {"name": "Hercules", "place": "town", "kind": "place"}}, {"type": "Feature", "geometry": {"type": "Point", "coordinates": [-122.28025, 37.91048]}, "properties": {"name": "Kensington", "place": "village", "kind": "place"}}, {"type": "Feature", "geometry": {"type": "Point", "coordinates": [-122.30108, 37.88493]}, "properties": {"name": "University Village", "place": "neighbourhood", "kind": "place"}}, {"type": "Feature", "geometry": {"type": "Point", "coordinates": [-122.34553, 37.96215]}, "properties": {"name": "San Pablo", "place": "town", "kind": "place"}}, {"type": "Feature", "geometry": {"type": "Point", "coordinates": [-122.29835, 37.88716]}, "properties": {"name": "Albany", "place": "town", "kind": "place"}}, {"type": "Feature", "geometry": {"type": "Point", "coordinates": [-122.29886, 38.00437]}, "properties": {"name": "Pinole", "place": "town", "kind": "place"}}, {"type": "Feature", "geometry": {"type": "Point", "coordinates": [-122.26497, 37.8952]}, "properties": {"name": "Cragmont", "place": "neighbourhood", "kind": "place"}}, {"type": "Feature", "geometry": {"type": "Point", "coordinates": [-122.32077, 37.94189]}, "properties": {"name": "East Richmond", "place": "neighbourhood", "kind": "place"}}, {"type": "Feature", "geometry": {"type": "Point", "coordinates": [-122.37132, 37.93375]}, "properties": {"name": "Atchison Village", "place": "neighbourhood", "kind": "place"}}, {"type": "Feature", "geometry": {"type": "Point", "coordinates": [-122.30141, 37.91541]}, "properties": {"name": "El Cerrito", "place": "town", "kind": "place"}}, {"type": "Feature", "geometry": {"type": "Point", "coordinates": [-122.22026, 38.05256]}, "properties": {"name": "Crockett", "place": "village", "kind": "place"}}, {"type": "Feature", "geometry": {"type": "Point", "coordinates": [-122.26767, 38.03398]}, "properties": {"name": "Rodeo", "place": "village", "kind": "place"}}, {"type": "Feature", "geometry": {"type": "Point", "coordinates": [-122.29499, 37.97745]}, "properties": {"name": "El Sobrante", "place": "village", "kind": "place"}}, {"type": "Feature", "geometry": {"type": "Point", "coordinates": [-122.34442, 37.92354]}, "properties": {"name": "Easter Hill Village", "place": "neighbourhood", "kind": "place"}}, {"type": "Feature", "geometry": {"type": "Point", "coordinates": [-122.34775, 37.93576]}, "properties": {"name": "Richmond", "place": "city", "kind": "place"}}, {"type": "Feature", "geometry": {"type": "Point", "coordinates": [-122.27561, 37.88818]}, "properties": {"name": "Northbrae", "place": "neighbourhood", "kind": "place"}}, {"type": "Feature", "geometry": {"type": "Point", "coordinates": [-122.34567, 37.91389]}, "properties": {"name": "Marina Bay", "place": "neighbourhood", "kind": "place"}}, {"type": "Feature", "geometry": {"type": "Point", "coordinates": [-122.31343, 37.90958]}, "properties": {"name": "Richmond Annex", "place": "neighbourhood", "kind": "place"}}, {"type": "Feature", "geometry": {"type": "Point", "coordinates": [-122.25863, 37.88966]}, "properties": {"name": "Berkeley Hills", "place": "neighbourhood", "kind": "place"}}, {"type": "Feature", "geometry": {"type": "Point", "coordinates": [-122.25265, 37.88469]}, "properties": {"name": "La Loma Park", "place": "neighbourhood", "kind": "place"}}, {"type": "Feature", "geometry": {"type": "Point", "coordinates": [-122.36434, 37.94011]}, "properties": {"name": "Iron Triangle", "place": "neighbourhood", "kind": "place"}}, {"type": "Feature", "geometry": {"type": "Point", "coordinates": [-122.30417, 37.89419]}, "properties": {"name": "Albany Hill", "place": "neighbourhood", "kind": "place"}}, {"type": "Feature", "geometry": {"type": "Point", "coordinates": [-122.20698, 38.07196]}, "properties": {"name": "Glen Cove", "place": "neighbourhood", "kind": "place"}}, {"type": "Feature", "geometry": {"type": "Polygon", "coordinates": [[[-122.287, 37.88569], [-122.28657, 37.88559], [-122.28703, 37.88443], [-122.28746, 37.88454], [-122.287, 37.88569]]]}, "properties": {"name": "Terrace Park", "place": "", "kind": "park"}}, {"type": "Feature", "geometry": {"type": "Polygon", "coordinates": [[[-122.25105, 37.88389], [-122.25057, 37.8839], [-122.25057, 37.88387], [-122.25016, 37.88392], [-122.25016, 37.88405], [-122.25017, 37.88415], [-122.2502, 37.88427], [-122.25024, 37.88432], [-122.25031, 37.8844], [-122.25073, 37.88437], [-122.25105, 37.88426], [-122.25109, 37.88423], [-122.25105, 37.88419], [-122.25105, 37.88413], [-122.25106, 37.88407], [-122.2511, 37.88403], [-122.25105, 37.88389]]]}, "properties": {"name": "Terrace View Park", "place": "", "kind": "park"}}, {"type": "Feature", "geometry": {"type": "Polygon", "coordinates": [[[-122.3049, 37.89406], [-122.30526, 37.89455], [-122.30629, 37.89528], [-122.3064, 37.89556], [-122.30644, 37.89584], [-122.30652, 37.89617], [-122.30655, 37.89621], [-122.30661, 37.8963], [-122.30665, 37.89641], [-122.30666, 37.89674], [-122.30663, 37.89679], [-122.30686, 37.89697], [-122.30681, 37.89719], [-122.30659, 37.89732], [-122.30639, 37.89734], [-122.3063, 37.89754], [-122.30593, 37.8981], [-122.30557, 37.89814], [-122.30534, 37.89768], [-122.30475, 37.89775], [-122.30397, 37.89726], [-122.3043, 37.89721], [-122.30515, 37.89711], [-122.30527, 37.89709], [-122.30527, 37.89708], [-122.30525, 37.89701], [-122.30522, 37.89693], [-122.30515, 37.89692], [-122.30506, 37.89692], [-122.30495, 37.89687], [-122.30477, 37.89683], [-122.30443, 37.89678], [-122.30424, 37.89671], [-122.30386, 37.89651], [-122.30374, 37.8964], [-122.30368, 37.89633], [-122.30361, 37.89623], [-122.30357, 37.896], [-122.30351, 37.89567], [-122.30316, 37.89454], [-122.30386, 37.8944], [-122.30398, 37.89438], [-122.30397, 37.89419], [-122.30397, 37.894], [-122.30389, 37.89325], [-122.30391, 37.8931], [-122.304, 37.89269], [-122.30442, 37.89412], [-122.3049, 37.89406]]]}, "properties": {"name": "Albany Hill Park", "place": "", "kind": "park"}}, {"type": "Feature", "geometry": {"type": "Polygon", "coordinates": [[[-122.32358, 37.88817], [-122.32373, 37.88812], [-122.32393, 37.88813], [-122.32411, 37.88804], [-122.32416, 37.88798], [-122.32425, 37.88796], [-122.32432, 37.88795], [-122.32442, 37.88795], [-122.32465, 37.88796], [-122.32475, 37.88794], [-122.32486, 37.88795], [-122.32497, 37.88792], [-122.32505, 37.8879], [-122.32517, 37.88794], [-122.32532, 37.88796], [-122.32551, 37.88802], [-122.32563, 37.88809], [-122.32577, 37.88813], [-122.32588, 37.88814], [-122.32614, 37.8883], [-122.32623, 37.88837], [-122.32643, 37.88845], [-122.32653, 37.88848], [-122.32662, 37.88853], [-122.32703, 37.88863], [-122.32732, 37.88868], [-122.32748, 37.88867], [-122.32766, 37.88855], [-122.32774, 37.8885], [-122.32778, 37.8885], [-122.32782, 37.88852], [-122.32782, 37.88855], [-122.32779, 37.88859], [-122.32761, 37.88875], [-122.32758, 37.88879], [-122.32757, 37.88883], [-122.32759, 37.88889], [-122.32759, 37.88894], [-122.32778, 37.88988], [-122.3278, 37.89063], [-122.32782, 37.89097], [-122.32782, 37.89129], [-122.32783, 37.89137], [-122.32783, 37.89144], [-122.3278, 37.8915], [-122.32777, 37.89153], [-122.32774, 37.89153], [-122.3277, 37.89146], [-122.3277, 37.89112], [-122.32768, 37.89082], [-122.32764, 37.89078], [-122.32746, 37.89076], [-122.32691, 37.89075], [-122.32656, 37.89078], [-122.32643, 37.89078], [-122.32625, 37.89081], [-122.32613, 37.89082], [-122.32603, 37.89085], [-122.32602, 37.89089], [-122.32601, 37.89094], [-122.32598, 37.89095], [-122.32589, 37.89083], [-122.32584, 37.89077], [-122.32581, 37.89075], [-122.32577, 37.89075], [-122.32574, 37.89076], [-122.32571, 37.89079], [-122.3257, 37.89097], [-122.32568, 37.89114], [-122.32569, 37.89123], [-122.3257, 37.89147], [-122.32571, 37.89163], [-122.32569, 37.89169], [-122.32568, 37.89173], [-122.32569, 37.89181], [-122.3257, 37.89186], [-122.32571, 37.89207], [-122.32572, 37.89215], [-122.32577, 37.89221], [-122.32584, 37.89228], [-122.32601, 37.89225], [-122.32616, 37.89221], [-122.32618, 37.89221], [-122.3262, 37.89224], [-122.32619, 37.89227], [-122.3261, 37.89231], [-122.32592, 37.89236], [-122.32593, 37.89238], [-122.32601, 37.89244], [-122.32601, 37.89247], [-122.32599, 37.89248], [-122.32461, 37.8924], [-122.32445, 37.89239], [-122.32435, 37.89236], [-122.32425, 37.89235], [-122.32418, 37.89232], [-122.32407, 37.89222], [-122.32402, 37.89215], [-122.324, 37.89209], [-122.3239, 37.89193], [-122.32385, 37.89188], [-122.32383, 37.89186], [-122.32383, 37.89184], [-122.32383, 37.89182], [-122.32381, 37.8918], [-122.32372, 37.89164], [-122.3236, 37.89146], [-122.32358, 37.89142], [-122.3236, 37.89138], [-122.32368, 37.89135], [-122.32415, 37.89209], [-122.32425, 37.89218], [-122.32438, 37.89217], [-122.32421, 37.89171], [-122.32399, 37.89139], [-122.32372, 37.89116], [-122.3236, 37.8912], [-122.32355, 37.89125], [-122.32358, 37.88817]]]}, "properties": {"name": "Albany Bulb", "place": "", "kind": "park"}}, {"type": "Feature", "geometry": {"type": "Polygon", "coordinates": [[[-122.30135, 37.91442], [-122.29979, 37.91511], [-122.29929, 37.91534], [-122.29902, 37.91494], [-122.29897, 37.9147], [-122.29912, 37.91368], [-122.30009, 37.91315], [-122.30024, 37.91328], [-122.30048, 37.91317], [-122.30135, 37.91442]]]}, "properties": {"name": "Cerrito Vista Park", "place": "", "kind": "park"}}, {"type": "Feature", "geometry": {"type": "Polygon", "coordinates": [[[-122.25474, 37.96331], [-122.25451, 37.96306], [-122.25444, 37.963], [-122.25416, 37.96278], [-122.25394, 37.96255], [-122.25377, 37.96233], [-122.25365, 37.96216], [-122.2534, 37.96179], [-122.25323, 37.96146], [-122.25305, 37.96117], [-122.25305, 37.96096], [-122.2527, 37.96085], [-122.25246, 37.96086], [-122.25226, 37.96087], [-122.25204, 37.96123], [-122.25194, 37.96119], [-122.25184, 37.96115], [-122.25112, 37.96086], [-122.25075, 37.96102], [-122.25061, 37.96123], [-122.25057, 37.96156], [-122.25022, 37.96172], [-122.24981, 37.96176], [-122.24962, 37.96176], [-122.24937, 37.96116], [-122.24916, 37.96076], [-122.24898, 37.96073], [-122.24895, 37.96065], [-122.24944, 37.96048], [-122.24985, 37.9605], [-122.25025, 37.96025], [-122.25043, 37.96004], [-122.25072, 37.95976], [-122.25081, 37.95941], [-122.25089, 37.95906], [-122.25082, 37.95891], [-122.25067, 37.95883], [-122.25047, 37.95893], [-122.25018, 37.95909], [-122.25006, 37.9592], [-122.24978, 37.95922], [-122.24959, 37.9594], [-122.24917, 37.95958], [-122.2485, 37.95975], [-122.24831, 37.95923], [-122.24793, 37.95898], [-122.24772, 37.95889], [-122.24736, 37.95889], [-122.24697, 37.9587], [-122.24659, 37.95859], [-122.24623, 37.95868], [-122.24582, 37.95896], [-122.24549, 37.95889], [-122.24492, 37.95908], [-122.24468, 37.95948], [-122.24468, 37.95975], [-122.2451, 37.96021], [-122.24527, 37.96037], [-122.2453, 37.9608], [-122.24708, 37.9638], [-122.24709, 37.96391], [-122.2472, 37.9639], [-122.24744, 37.96387], [-122.24883, 37.96382], [-122.25133, 37.96397], [-122.25192, 37.96399], [-122.2523, 37.96397], [-122.2527, 37.96394], [-122.25309, 37.96386], [-122.2534, 37.96379], [-122.25364, 37.96371], [-122.2541, 37.96359], [-122.25476, 37.96336], [-122.25474, 37.96331]]]}, "properties": {"name": "Carriage Hills South", "place": "", "kind": "subdivision"}}, {"type": "Feature", "geometry": {"type": "Polygon", "coordinates": [[[-122.24709, 37.96401], [-122.247, 37.96425], [-122.24634, 37.96604], [-122.25006, 37.96725], [-122.25188, 37.96868], [-122.25257, 37.96922], [-122.25268, 37.96878], [-122.25319, 37.96879], [-122.25345, 37.96866], [-122.25362, 37.96866], [-122.25441, 37.96883], [-122.25508, 37.96859], [-122.25554, 37.96824], [-122.256, 37.9681], [-122.25656, 37.96835], [-122.25703, 37.96843], [-122.2572, 37.96843], [-122.25807, 37.96875], [-122.25759, 37.96917], [-122.25791, 37.96942], [-122.25833, 37.96988], [-122.25872, 37.97021], [-122.25931, 37.97018], [-122.25959, 37.96988], [-122.25953, 37.9695], [-122.25942, 37.96921], [-122.25976, 37.96911], [-122.25984, 37.96888], [-122.26025, 37.96852], [-122.26034, 37.96825], [-122.26038, 37.96813], [-122.26014, 37.96768], [-122.26, 37.96738], [-122.25989, 37.96729], [-122.2596, 37.96705], [-122.25943, 37.96674], [-122.25946, 37.96661], [-122.2595, 37.96648], [-122.25924, 37.96617], [-122.25907, 37.96596], [-122.25875, 37.96571], [-122.25847, 37.96553], [-122.25854, 37.96544], [-122.25875, 37.96515], [-122.25879, 37.9648], [-122.25835, 37.96444], [-122.25803, 37.96446], [-122.2579, 37.96446], [-122.25769, 37.96461], [-122.25733, 37.96514], [-122.25724, 37.96555], [-122.25716, 37.96558], [-122.25671, 37.96575], [-122.25664, 37.96564], [-122.25639, 37.96518], [-122.25623, 37.96473], [-122.2562, 37.96462], [-122.2564, 37.96437], [-122.2564, 37.96406], [-122.25633, 37.96381], [-122.25603, 37.96375], [-122.25572, 37.96373], [-122.2557, 37.96352], [-122.2556, 37.96324], [-122.25558, 37.96318], [-122.25523, 37.96327], [-122.25487, 37.9634], [-122.25485, 37.96355], [-122.25433, 37.96373], [-122.25372, 37.96396], [-122.25339, 37.96406], [-122.25305, 37.96415], [-122.25267, 37.96421], [-122.25232, 37.96422], [-122.25193, 37.96423], [-122.25143, 37.96423], [-122.24866, 37.96404], [-122.24741, 37.96399], [-122.24721, 37.964], [-122.24711, 37.96401], [-122.24709, 37.96401]]]}, "properties": {"name": "Carriage Hills North", "place": "", "kind": "subdivision"}}, {"type": "Feature", "geometry": {"type": "Polygon", "coordinates": [[[-122.35893, 37.93416], [-122.35803, 37.93415], [-122.35803, 37.93438], [-122.35833, 37.93463], [-122.35845, 37.93467], [-122.35854, 37.93469], [-122.35866, 37.93469], [-122.35877, 37.93465], [-122.35887, 37.93459], [-122.35892, 37.93452], [-122.35896, 37.9344], [-122.35893, 37.93416]]]}, "properties": {"name": "Memorial Park", "place": "", "kind": "park"}}, {"type": "Feature", "geometry": {"type": "Polygon", "coordinates": [[[-122.17907, 38.06297], [-122.17906, 38.06286], [-122.17901, 38.06282], [-122.17891, 38.06277], [-122.17877, 38.0627], [-122.17841, 38.06253], [-122.17824, 38.06245], [-122.17807, 38.06238], [-122.17779, 38.06222], [-122.17794, 38.06219], [-122.17805, 38.06215], [-122.17812, 38.06209], [-122.17817, 38.06203], [-122.17817, 38.06199], [-122.1781, 38.06188], [-122.17807, 38.06183], [-122.1781, 38.0618], [-122.17842, 38.06208], [-122.17852, 38.06209], [-122.17858, 38.0621], [-122.17863, 38.06209], [-122.17869, 38.06207], [-122.17876, 38.06205], [-122.17884, 38.06198], [-122.17884, 38.06194], [-122.1788, 38.06192], [-122.17879, 38.0619], [-122.1788, 38.06187], [-122.17879, 38.06184], [-122.17884, 38.06182], [-122.1789, 38.06181], [-122.17894, 38.06183], [-122.17894, 38.06187], [-122.179, 38.06187], [-122.17903, 38.06184], [-122.17905, 38.06184], [-122.17907, 38.06187], [-122.17914, 38.06191], [-122.17947, 38.06205], [-122.1795, 38.06211], [-122.17955, 38.06215], [-122.17959, 38.06217], [-122.17965, 38.06219], [-122.17962, 38.06223], [-122.17961, 38.06227], [-122.17963, 38.06231], [-122.17967, 38.06237], [-122.17974, 38.0624], [-122.17983, 38.06244], [-122.17983, 38.0625], [-122.18, 38.06262], [-122.18004, 38.06268], [-122.18, 38.0627], [-122.17993, 38.06269], [-122.1799, 38.06272], [-122.1799, 38.06276], [-122.1799, 38.0628], [-122.17992, 38.06284], [-122.17998, 38.06289], [-122.18003, 38.06293], [-122.18009, 38.06293], [-122.18016, 38.0629], [-122.18018, 38.06287], [-122.18025, 38.06312], [-122.18058, 38.06333], [-122.18058, 38.06341], [-122.18064, 38.06351], [-122.18063, 38.06364], [-122.18021, 38.06343], [-122.18014, 38.0635], [-122.17997, 38.06343], [-122.17979, 38.06365], [-122.1797, 38.06361], [-122.17993, 38.06329], [-122.17991, 38.06323], [-122.17951, 38.06305], [-122.1794, 38.06301], [-122.17934, 38.06309], [-122.17907, 38.06297]]]}, "properties": {"name": "Twelfth Street Park", "place": "", "kind": "park"}}, {"type": "Feature", "geometry": {"type": "Polygon", "coordinates": [[[-122.35586, 37.90953], [-122.35577, 37.90977], [-122.35575, 37.90982], [-122.35577, 37.90984], [-122.35578, 37.90986], [-122.3558, 37.90987], [-122.35581, 37.90989], [-122.35581, 37.90992], [-122.35581, 37.90995], [-122.35581, 37.90997], [-122.3558, 37.90999], [-122.35579, 37.91], [-122.35569, 37.91003], [-122.35559, 37.91005], [-122.35554, 37.91006], [-122.35551, 37.91007], [-122.35545, 37.91009], [-122.35542, 37.91005], [-122.35515, 37.91016], [-122.35492, 37.91026], [-122.35485, 37.9103], [-122.35482, 37.91031], [-122.35482, 37.91048], [-122.35478, 37.91047], [-122.35478, 37.91073], [-122.35479, 37.9108], [-122.35477, 37.91083], [-122.3547, 37.91089], [-122.35456, 37.91089], [-122.35455, 37.91079], [-122.35449, 37.91016], [-122.35446, 37.90961], [-122.35451, 37.90949], [-122.3546, 37.90941], [-122.35476, 37.90936], [-122.35564, 37.90938], [-122.35576, 37.90946], [-122.35586, 37.90953]]]}, "properties": {"name": "Lucretia Edwards Park", "place": "", "kind": "park"}}, {"type": "Feature", "geometry": {"type": "Polygon", "coordinates": [[[-122.32634, 37.91984], [-122.32445, 37.91978], [-122.32313, 37.91974], [-122.32252, 37.9197], [-122.32254, 37.91829], [-122.32767, 37.91757], [-122.32798, 37.91781], [-122.32634, 37.91984]]]}, "properties": {"name": "Booker Anderson Eastshore Park", "place": "", "kind": "park"}}, {"type": "Feature", "geometry": {"type": "Polygon", "coordinates": [[[-122.35992, 37.92667], [-122.35944, 37.92667], [-122.35921, 37.92656], [-122.35917, 37.92661], [-122.35911, 37.92672], [-122.35896, 37.92666], [-122.35882, 37.92657], [-122.35876, 37.92657], [-122.35876, 37.92658], [-122.35869, 37.92669], [-122.35828, 37.92669], [-122.35813, 37.92668], [-122.35812, 37.92663], [-122.35808, 37.92658], [-122.35802, 37.92655], [-122.35791, 37.92653], [-122.35761, 37.92653], [-122.35758, 37.92652], [-122.35753, 37.92649], [-122.35605, 37.92648], [-122.35603, 37.92565], [-122.3569, 37.92565], [-122.3569, 37.9256], [-122.35768, 37.9256], [-122.35768, 37.92564], [-122.35813, 37.92564], [-122.35813, 37.92568], [-122.3585, 37.92568], [-122.35858, 37.92563], [-122.35995, 37.92566], [-122.35992, 37.92667]]]}, "properties": {"name": "Martin Luther King Memorial Park", "place": "", "kind": "park"}}, {"type": "Feature", "geometry": {"type": "Polygon", "coordinates": [[[-122.34295, 37.98677], [-122.34231, 37.98663], [-122.34162, 37.98654], [-122.34109, 37.98647], [-122.34047, 37.98642], [-122.33996, 37.98709], [-122.33996, 37.98716], [-122.34003, 37.98724], [-122.34008, 37.98726], [-122.3407, 37.9875], [-122.341, 37.98757], [-122.34191, 37.98768], [-122.34281, 37.98775], [-122.34287, 37.98774], [-122.34289, 37.98772], [-122.34291, 37.98771], [-122.34293, 37.98766], [-122.34292, 37.98749], [-122.34291, 37.98705], [-122.34295, 37.98677]]]}, "properties": {"name": "Country Club Vista Park", "place": "", "kind": "park"}}, {"type": "Feature", "geometry": {"type": "Polygon", "coordinates": [[[-122.26866, 38.03026], [-122.26667, 38.03057], [-122.26708, 38.03237], [-122.26798, 38.03224], [-122.26875, 38.03213], [-122.26869, 38.03193], [-122.2692, 38.03185], [-122.26903, 38.03178], [-122.26914, 38.03164], [-122.26903, 38.0312], [-122.26903, 38.03108], [-122.26907, 38.03087], [-122.26901, 38.03075], [-122.26893, 38.03051], [-122.26888, 38.03051], [-122.26885, 38.03051], [-122.26883, 38.0305], [-122.26866, 38.03026]]]}, "properties": {"name": "Lefty Gomez Ballfield Complex", "place": "", "kind": "park"}}, {"type": "Feature", "geometry": {"type": "Polygon", "coordinates": [[[-122.29206, 37.91364], [-122.29152, 37.91384], [-122.29096, 37.91407], [-122.29092, 37.91405], [-122.29038, 37.91402], [-122.29023, 37.91343], [-122.29023, 37.91328], [-122.29061, 37.91327], [-122.2908, 37.91326], [-122.29181, 37.91321], [-122.29181, 37.91328], [-122.29181, 37.91333], [-122.29183, 37.91336], [-122.29185, 37.9134], [-122.29189, 37.91344], [-122.29197, 37.9135], [-122.292, 37.91354], [-122.29206, 37.91364]]]}, "properties": {"name": "Huber Park", "place": "", "kind": "park"}}, {"type": "Feature", "geometry": {"type": "Polygon", "coordinates": [[[-122.34388, 37.92834], [-122.34561, 37.92834], [-122.34561, 37.9289], [-122.3441, 37.92889], [-122.34298, 37.92807], [-122.343, 37.92804], [-122.34387, 37.92805], [-122.34388, 37.92834]]]}, "properties": {"name": "Boorman Park", "place": "", "kind": "park"}}, {"type": "Feature", "geometry": {"type": "Polygon", "coordinates": [[[-122.33611, 37.97472], [-122.33695, 37.97613], [-122.33579, 37.97651], [-122.33498, 37.97685], [-122.33426, 37.97732], [-122.33399, 37.97719], [-122.33371, 37.97707], [-122.33368, 37.97598], [-122.33368, 37.97541], [-122.33399, 37.9754], [-122.33412, 37.97539], [-122.33428, 37.97537], [-122.33448, 37.97532], [-122.33461, 37.97528], [-122.33492, 37.97517], [-122.33537, 37.975], [-122.33611, 37.97472]]]}, "properties": {"name": "Hilltop Park", "place": "", "kind": "park"}}, {"type": "Feature", "geometry": {"type": "Polygon", "coordinates": [[[-122.33079, 37.99984], [-122.32991, 38.00001], [-122.3295, 38.00012], [-122.32938, 37.99988], [-122.32887, 37.99936], [-122.3284, 37.99883], [-122.32851, 37.99868], [-122.32915, 37.99858], [-122.32942, 37.99859], [-122.32974, 37.99864], [-122.3301, 37.99869], [-122.3302, 37.99873], [-122.33026, 37.99881], [-122.33031, 37.99895], [-122.33047, 37.9996], [-122.3307, 37.99957], [-122.33079, 37.99984]]]}, "properties": {"name": "Montalvin Park", "place": "", "kind": "park"}}, {"type": "Feature", "geometry": {"type": "Polygon", "coordinates": [[[-122.27162, 37.96395], [-122.27116, 37.96395], [-122.27106, 37.96283], [-122.27115, 37.96265], [-122.27173, 37.96234], [-122.27215, 37.9629], [-122.27231, 37.96337], [-122.27194, 37.96344], [-122.27162, 37.96395]]]}, "properties": {"name": "Rain Cloud Park", "place": "", "kind": "park"}}, {"type": "Feature", "geometry": {"type": "Polygon", "coordinates": [[[-122.32839, 38.00234], [-122.3273, 38.00109], [-122.32745, 38.00105], [-122.32829, 38.00079], [-122.32834, 38.00078], [-122.32923, 38.00181], [-122.32839, 38.00234]]]}, "properties": {"name": "MonTara Bay Community Center", "place": "", "kind": "park"}}, {"type": "Feature", "geometry": {"type": "Polygon", "coordinates": [[[-122.32714, 37.92398], [-122.32459, 37.92397], [-122.32474, 37.92345], [-122.3248, 37.92348], [-122.32485, 37.92348], [-122.32494, 37.92346], [-122.32497, 37.92341], [-122.32498, 37.92334], [-122.32496, 37.92329], [-122.3249, 37.92325], [-122.32481, 37.92323], [-122.32471, 37.92322], [-122.32465, 37.92276], [-122.32472, 37.92274], [-122.32727, 37.9228], [-122.32726, 37.92342], [-122.32725, 37.92369], [-122.3272, 37.92373], [-122.32716, 37.92379], [-122.32714, 37.92398]]]}, "properties": {"name": "State Court Park", "place": "", "kind": "park"}}, {"type": "Feature", "geometry": {"type": "Polygon", "coordinates": [[[-122.30344, 37.90801], [-122.30338, 37.90804], [-122.30246, 37.90692], [-122.30217, 37.90656], [-122.30222, 37.90655], [-122.30232, 37.90652], [-122.30247, 37.90679], [-122.30249, 37.90683], [-122.30251, 37.90686], [-122.30254, 37.90688], [-122.30258, 37.90689], [-122.30262, 37.9069], [-122.30265, 37.9069], [-122.30269, 37.9069], [-122.30286, 37.90685], [-122.30288, 37.90688], [-122.30298, 37.9071], [-122.303, 37.90715], [-122.30314, 37.90711], [-122.30336, 37.90756], [-122.30345, 37.90752], [-122.30347, 37.90755], [-122.30352, 37.90765], [-122.30348, 37.90766], [-122.30358, 37.90781], [-122.30365, 37.90792], [-122.30344, 37.90801]]]}, "properties": {"name": "Fairmont Park", "place": "", "kind": "park"}}, {"type": "Feature", "geometry": {"type": "Polygon", "coordinates": [[[-122.31488, 37.99987], [-122.31516, 37.99996], [-122.3152, 37.99992], [-122.31543, 37.99997], [-122.31569, 38.00004], [-122.31586, 38.00006], [-122.31595, 38.00008], [-122.31605, 38.00017], [-122.31617, 38.00015], [-122.31716, 38.00041], [-122.31734, 38.00045], [-122.31746, 38.00044], [-122.31744, 38.00051], [-122.31739, 38.00057], [-122.31731, 38.00063], [-122.31721, 38.00067], [-122.31699, 38.00073], [-122.31663, 38.00073], [-122.31645, 38.00072], [-122.31631, 38.00069], [-122.31602, 38.00048], [-122.31548, 38.0004], [-122.3154, 38.00041], [-122.31527, 38.00043], [-122.3149, 38.00061], [-122.31445, 38.00023], [-122.31488, 37.99987]]]}, "properties": {"name": "Louis Francis Park", "place": "", "kind": "park"}}, {"type": "Feature", "geometry": {"type": "Polygon", "coordinates": [[[-122.3245, 37.91605], [-122.3244, 37.91587], [-122.32434, 37.91577], [-122.32428, 37.9157], [-122.3242, 37.9156], [-122.32458, 37.91542], [-122.3248, 37.91553], [-122.32522, 37.91523], [-122.32571, 37.91571], [-122.32539, 37.9159], [-122.3245, 37.91605]]]}, "properties": {"name": "Crescent Park Center", "place": "", "kind": "park"}}, {"type": "Feature", "geometry": {"type": "Polygon", "coordinates": [[[-122.3702, 37.93388], [-122.37019, 37.93386], [-122.3702, 37.93385], [-122.37029, 37.9338], [-122.3704, 37.93375], [-122.37053, 37.9337], [-122.37068, 37.93365], [-122.37085, 37.93361], [-122.37101, 37.93358], [-122.37119, 37.93356], [-122.37136, 37.93356], [-122.37153, 37.93356], [-122.37168, 37.93358], [-122.37184, 37.93361], [-122.37199, 37.93364], [-122.37213, 37.93368], [-122.37225, 37.93374], [-122.37246, 37.93384], [-122.37256, 37.93389], [-122.37257, 37.93391], [-122.37257, 37.93392], [-122.37254, 37.93394], [-122.37199, 37.93441], [-122.37197, 37.93441], [-122.37184, 37.93452], [-122.37171, 37.93464], [-122.37159, 37.93475], [-122.37133, 37.93476], [-122.37113, 37.93475], [-122.37086, 37.93449], [-122.37079, 37.93447], [-122.3702, 37.93388]]]}, "properties": {"name": "Atchison Village Park", "place": "", "kind": "park"}}, {"type": "Feature", "geometry": {"type": "Polygon", "coordinates": [[[-122.33168, 37.92609], [-122.33243, 37.9261], [-122.33244, 37.92644], [-122.33203, 37.92644], [-122.33206, 37.92787], [-122.33186, 37.92787], [-122.33185, 37.92812], [-122.33101, 37.92812], [-122.33089, 37.9278], [-122.33074, 37.92718], [-122.33072, 37.92704], [-122.33076, 37.92565], [-122.33084, 37.9256], [-122.33161, 37.92558], [-122.33168, 37.92609]]]}, "properties": {"name": "John F Kennedy Park", "place": "", "kind": "park"}}, {"type": "Feature", "geometry": {"type": "Polygon", "coordinates": [[[-122.36512, 37.9604], [-122.36521, 37.96042], [-122.36529, 37.96043], [-122.36548, 37.96047], [-122.36557, 37.96048], [-122.36583, 37.96055], [-122.36595, 37.96059], [-122.36662, 37.96047], [-122.36662, 37.96047], [-122.36679, 37.96049], [-122.36688, 37.96051], [-122.36688, 37.96056], [-122.36687, 37.96088], [-122.36687, 37.9609], [-122.36683, 37.96199], [-122.36683, 37.962], [-122.36477, 37.962], [-122.36477, 37.96151], [-122.36476, 37.96128], [-122.36476, 37.96102], [-122.36476, 37.96076], [-122.36476, 37.9605], [-122.36483, 37.9605], [-122.36505, 37.96049], [-122.36512, 37.96049], [-122.36512, 37.9604]]]}, "properties": {"name": "North Richmond Ballpark", "place": "", "kind": "park"}}, {"type": "Feature", "geometry": {"type": "Polygon", "coordinates": [[[-122.36186, 37.94101], [-122.36188, 37.94053], [-122.36228, 37.94053], [-122.36228, 37.94101], [-122.36186, 37.94101]]]}, "properties": {"name": "Elm Playlot", "place": "", "kind": "park"}}, {"type": "Feature", "geometry": {"type": "Polygon", "coordinates": [[[-122.30412, 38.00261], [-122.30386, 38.00258], [-122.304, 38.00204], [-122.3048, 38.00202], [-122.30487, 38.00208], [-122.30484, 38.00228], [-122.30479, 38.00251], [-122.30467, 38.00254], [-122.30456, 38.00256], [-122.30448, 38.00257], [-122.30441, 38.00258], [-122.30431, 38.0026], [-122.30422, 38.00261], [-122.30412, 38.00261]]]}, "properties": {"name": "Meadow Park", "place": "", "kind": "park"}}, {"type": "Feature", "geometry": {"type": "Polygon", "coordinates": [[[-122.31036, 37.98118], [-122.31, 37.981], [-122.31046, 37.98061], [-122.3105, 37.98058], [-122.31052, 37.98054], [-122.31052, 37.98047], [-122.31049, 37.98046], [-122.3104, 37.98], [-122.31155, 37.97962], [-122.31218, 37.97957], [-122.31251, 37.98004], [-122.31229, 37.98006], [-122.3124, 37.98034], [-122.31232, 37.98037], [-122.31225, 37.9804], [-122.31216, 37.98046], [-122.31207, 37.98053], [-122.31199, 37.98061], [-122.31193, 37.98071], [-122.31189, 37.98081], [-122.31189, 37.98092], [-122.31189, 37.98101], [-122.3119, 37.98111], [-122.31186, 37.98116], [-122.3118, 37.98119], [-122.31162, 37.98122], [-122.31146, 37.98125], [-122.31136, 37.98127], [-122.31117, 37.98129], [-122.31105, 37.98129], [-122.31094, 37.9813], [-122.31077, 37.98128], [-122.31067, 37.98127], [-122.31054, 37.98123], [-122.31036, 37.98118]]]}, "properties": {"name": "Hilltop Green Park", "place": "", "kind": "park"}}, {"type": "Feature", "geometry": {"type": "Polygon", "coordinates": [[[-122.32252, 37.92456], [-122.32219, 37.92456], [-122.32215, 37.92455], [-122.32213, 37.92453], [-122.32211, 37.9245], [-122.32211, 37.92447], [-122.32211, 37.92416], [-122.32211, 37.92413], [-122.32213, 37.92411], [-122.32216, 37.9241], [-122.32219, 37.92409], [-122.32222, 37.92409], [-122.32252, 37.92409], [-122.32255, 37.92409], [-122.32258, 37.92411], [-122.32261, 37.92413], [-122.32262, 37.92417], [-122.32262, 37.92449], [-122.32261, 37.92452], [-122.32259, 37.92454], [-122.32256, 37.92455], [-122.32252, 37.92456]]]}, "properties": {"name": "Abraham Braxton Park", "place": "", "kind": "park"}}, {"type": "Feature", "geometry": {"type": "Polygon", "coordinates": [[[-122.35231, 37.9618], [-122.35207, 37.96181], [-122.35187, 37.96182], [-122.35169, 37.96187], [-122.35146, 37.96193], [-122.35135, 37.962], [-122.35129, 37.96203], [-122.35124, 37.96204], [-122.35102, 37.9621], [-122.35066, 37.96219], [-122.35006, 37.96218], [-122.3497, 37.9621], [-122.34919, 37.96199], [-122.34866, 37.96183], [-122.34879, 37.96179], [-122.34878, 37.96171], [-122.34876, 37.96168], [-122.34877, 37.96164], [-122.34881, 37.96154], [-122.34882, 37.96151], [-122.34903, 37.96148], [-122.34914, 37.96146], [-122.34962, 37.96136], [-122.34984, 37.96131], [-122.35003, 37.96127], [-122.35065, 37.96116], [-122.35086, 37.96112], [-122.35121, 37.96119], [-122.35125, 37.96111], [-122.35147, 37.96116], [-122.35164, 37.96119], [-122.35174, 37.96121], [-122.35206, 37.96128], [-122.35219, 37.96133], [-122.35227, 37.96108], [-122.35233, 37.9609], [-122.35303, 37.96105], [-122.35394, 37.96125], [-122.35386, 37.96151], [-122.35382, 37.96161], [-122.35376, 37.96164], [-122.35364, 37.9617], [-122.35334, 37.96176], [-122.35314, 37.96182], [-122.35292, 37.96184], [-122.35286, 37.96184], [-122.35269, 37.96183], [-122.35253, 37.96182], [-122.35231, 37.9618]]]}, "properties": {"name": "John Hubert Davis Park", "place": "", "kind": "park"}}, {"type": "Feature", "geometry": {"type": "Polygon", "coordinates": [[[-122.32079, 37.9109], [-122.32057, 37.91062], [-122.32008, 37.91086], [-122.32038, 37.91111], [-122.32079, 37.9109]]]}, "properties": {"name": "Monterey Park", "place": "", "kind": "park"}}, {"type": "Feature", "geometry": {"type": "Polygon", "coordinates": [[[-122.31188, 37.93635], [-122.31125, 37.93646], [-122.31086, 37.93593], [-122.31077, 37.93584], [-122.31069, 37.93578], [-122.3106, 37.93573], [-122.31041, 37.93568], [-122.31029, 37.93564], [-122.30988, 37.9355], [-122.30981, 37.93546], [-122.30973, 37.93541], [-122.3097, 37.93538], [-122.30967, 37.93533], [-122.30966, 37.93531], [-122.30967, 37.93527], [-122.30974, 37.93518], [-122.30981, 37.93515], [-122.3104, 37.9348], [-122.31124, 37.93542], [-122.31102, 37.93568], [-122.31139, 37.93587], [-122.31147, 37.93586], [-122.31157, 37.93592], [-122.31176, 37.93588], [-122.31188, 37.93635]]]}, "properties": {"name": "Tassajara Park", "place": "", "kind": "park"}}, {"type": "Feature", "geometry": {"type": "Polygon", "coordinates": [[[-122.32999, 37.9687], [-122.33065, 37.9695], [-122.33146, 37.96962], [-122.33155, 37.96986], [-122.33158, 37.97006], [-122.33155, 37.97026], [-122.33124, 37.97044], [-122.33073, 37.97072], [-122.3297, 37.97096], [-122.32881, 37.96993], [-122.32824, 37.9693], [-122.32938, 37.9685], [-122.32999, 37.9687]]]}, "properties": {"name": "Fairmead Park", "place": "", "kind": "park"}}, {"type": "Feature", "geometry": {"type": "Polygon", "coordinates": [[[-122.38502, 37.92336], [-122.38493, 37.92363], [-122.38451, 37.92471], [-122.38437, 37.92506], [-122.38435, 37.92505], [-122.38434, 37.92504], [-122.3843, 37.92502], [-122.38429, 37.92501], [-122.3841, 37.92503], [-122.3841, 37.92503], [-122.38365, 37.92521], [-122.38357, 37.92523], [-122.38331, 37.92515], [-122.3822, 37.92515], [-122.3822, 37.9246], [-122.38221, 37.9242], [-122.3822, 37.92388], [-122.38261, 37.92412], [-122.38295, 37.92432], [-122.38335, 37.92458], [-122.38356, 37.92471], [-122.38452, 37.92319], [-122.38502, 37.92336]]]}, "properties": {"name": "Judge George D. Carroll Park", "place": "", "kind": "park"}}, {"type": "Feature", "geometry": {"type": "Polygon", "coordinates": [[[-122.36385, 37.93582], [-122.36558, 37.93582], [-122.36558, 37.93675], [-122.36387, 37.93675], [-122.36384, 37.93673], [-122.36385, 37.93582]]]}, "properties": {"name": "Nevin Park", "place": "", "kind": "park"}}, {"type": "Feature", "geometry": {"type": "Polygon", "coordinates": [[[-122.29033, 38.00736], [-122.29043, 38.00731], [-122.29044, 38.0073], [-122.29053, 38.00725], [-122.28992, 38.00669], [-122.28995, 38.00668], [-122.29027, 38.00658], [-122.2904, 38.00654], [-122.29049, 38.00649], [-122.29045, 38.00644], [-122.29052, 38.00641], [-122.29079, 38.00628], [-122.29084, 38.00626], [-122.29099, 38.00644], [-122.29123, 38.00674], [-122.29154, 38.0066], [-122.29167, 38.00677], [-122.29253, 38.008], [-122.29259, 38.00803], [-122.29265, 38.00815], [-122.29253, 38.00813], [-122.29205, 38.00805], [-122.29188, 38.00803], [-122.29167, 38.008], [-122.29151, 38.00799], [-122.29104, 38.00795], [-122.29089, 38.00794], [-122.29081, 38.00794], [-122.29073, 38.00793], [-122.29073, 38.00793], [-122.29065, 38.00793], [-122.29059, 38.00793], [-122.2905, 38.0079], [-122.2905, 38.00785], [-122.29049, 38.00781], [-122.29044, 38.00755], [-122.2904, 38.00746], [-122.2904, 38.00745], [-122.29035, 38.00738], [-122.29033, 38.00736]]]}, "properties": {"name": "Fernandez Park", "place": "", "kind": "park"}}, {"type": "Feature", "geometry": {"type": "Polygon", "coordinates": [[[-122.31603, 37.93049], [-122.31615, 37.93052], [-122.316, 37.93096], [-122.31637, 37.93093], [-122.31649, 37.93061], [-122.31665, 37.93065], [-122.31704, 37.93071], [-122.31711, 37.93069], [-122.31726, 37.93093], [-122.31757, 37.9309], [-122.31764, 37.93111], [-122.31759, 37.93114], [-122.31752, 37.93125], [-122.31752, 37.9314], [-122.31722, 37.9314], [-122.31723, 37.93162], [-122.31616, 37.93161], [-122.31474, 37.9309], [-122.31322, 37.93089], [-122.31323, 37.93019], [-122.31344, 37.9302], [-122.31354, 37.93013], [-122.31363, 37.9302], [-122.3137, 37.93016], [-122.31374, 37.93014], [-122.31358, 37.93003], [-122.31363, 37.92994], [-122.31379, 37.92997], [-122.31386, 37.92998], [-122.31485, 37.93017], [-122.31518, 37.93021], [-122.31547, 37.93023], [-122.31572, 37.93034], [-122.3158, 37.93042], [-122.31593, 37.93046], [-122.31603, 37.93049]]]}, "properties": {"name": "Canyon Trail Park", "place": "", "kind": "park"}}, {"type": "Feature", "geometry": {"type": "Polygon", "coordinates": [[[-122.35908, 37.94306], [-122.3592, 37.94299], [-122.35934, 37.94293], [-122.35956, 37.94284], [-122.35973, 37.94278], [-122.35978, 37.94277], [-122.35983, 37.94278], [-122.35987, 37.94281], [-122.35988, 37.94286], [-122.35987, 37.94416], [-122.35987, 37.94449], [-122.35948, 37.94447], [-122.35947, 37.94534], [-122.35908, 37.94534], [-122.35882, 37.94464], [-122.35868, 37.9443], [-122.35853, 37.94395], [-122.35844, 37.94374], [-122.35837, 37.94359], [-122.35849, 37.94347], [-122.3586, 37.94338], [-122.35873, 37.94328], [-122.35886, 37.9432], [-122.35896, 37.94313], [-122.35908, 37.94306]]]}, "properties": {"name": "Lucas Park", "place": "", "kind": "park"}}, {"type": "Feature", "geometry": {"type": "Polygon", "coordinates": [[[-122.3433, 37.94523], [-122.34429, 37.94522], [-122.34429, 37.94554], [-122.34433, 37.94554], [-122.34433, 37.94558], [-122.34431, 37.9456], [-122.3443, 37.94563], [-122.34432, 37.94568], [-122.34435, 37.94572], [-122.34439, 37.94573], [-122.34442, 37.94574], [-122.34446, 37.94573], [-122.34449, 37.94572], [-122.34454, 37.94568], [-122.34457, 37.94568], [-122.34496, 37.94568], [-122.34496, 37.94598], [-122.34477, 37.94598], [-122.34477, 37.946], [-122.34455, 37.946], [-122.34432, 37.946], [-122.34331, 37.94601], [-122.3433, 37.94523]]]}, "properties": {"name": "Wendell Park", "place": "", "kind": "park"}}, {"type": "Feature", "geometry": {"type": "Polygon", "coordinates": [[[-122.25268, 38.00663], [-122.25221, 38.00776], [-122.25214, 38.00782], [-122.25208, 38.00788], [-122.25177, 38.00808], [-122.25084, 38.00775], [-122.25141, 38.00665], [-122.2518, 38.00626], [-122.25189, 38.00631], [-122.25196, 38.00635], [-122.25223, 38.00647], [-122.25243, 38.00657], [-122.25268, 38.00663]]]}, "properties": {"name": "Woodfield Park", "place": "", "kind": "park"}}, {"type": "Feature", "geometry": {"type": "Polygon", "coordinates": [[[-122.30726, 37.92071], [-122.30744, 37.92063], [-122.3076, 37.92057], [-122.30762, 37.9206], [-122.30776, 37.92081], [-122.30812, 37.92135], [-122.30788, 37.92145], [-122.30765, 37.92156], [-122.30747, 37.92163], [-122.30733, 37.92171], [-122.30716, 37.92184], [-122.30713, 37.92188], [-122.307, 37.92202], [-122.30693, 37.92194], [-122.30688, 37.92185], [-122.30687, 37.92183], [-122.30687, 37.9218], [-122.30689, 37.92172], [-122.3069, 37.92171], [-122.30679, 37.92153], [-122.30644, 37.92166], [-122.30622, 37.92175], [-122.30617, 37.92171], [-122.30602, 37.9218], [-122.30587, 37.92194], [-122.30584, 37.92195], [-122.30581, 37.92194], [-122.30573, 37.92186], [-122.30556, 37.92164], [-122.30564, 37.92158], [-122.30589, 37.92147], [-122.30598, 37.92141], [-122.30601, 37.92131], [-122.30623, 37.9212], [-122.30693, 37.92088], [-122.30707, 37.92083], [-122.30719, 37.92079], [-122.30726, 37.92071]]]}, "properties": {"name": "Castro Park", "place": "", "kind": "park"}}, {"type": "Feature", "geometry": {"type": "Polygon", "coordinates": [[[-122.29191, 37.92328], [-122.29168, 37.92298], [-122.29203, 37.9225], [-122.292, 37.92248], [-122.29235, 37.92204], [-122.2924, 37.92207], [-122.29243, 37.92209], [-122.29245, 37.92212], [-122.29247, 37.92217], [-122.2925, 37.9223], [-122.29256, 37.92253], [-122.29278, 37.92358], [-122.29281, 37.92369], [-122.2929, 37.92388], [-122.29301, 37.92402], [-122.29325, 37.92431], [-122.29326, 37.92434], [-122.29325, 37.92438], [-122.29303, 37.92449], [-122.29269, 37.92459], [-122.29241, 37.92467], [-122.29226, 37.92476], [-122.29196, 37.92452], [-122.29209, 37.92445], [-122.29194, 37.92429], [-122.2919, 37.9241], [-122.29196, 37.92387], [-122.29199, 37.92358], [-122.29191, 37.92328]]]}, "properties": {"name": "Arlington Park", "place": "", "kind": "park"}}, {"type": "Feature", "geometry": {"type": "Polygon", "coordinates": [[[-122.3659, 37.93851], [-122.36657, 37.93851], [-122.36662, 37.93852], [-122.36662, 37.93896], [-122.36624, 37.93896], [-122.36624, 37.93903], [-122.36589, 37.93903], [-122.36589, 37.93888], [-122.3659, 37.93851]]]}, "properties": {"name": "Stewart Playlot", "place": "", "kind": "park"}}, {"type": "Feature", "geometry": {"type": "Polygon", "coordinates": [[[-122.33863, 37.94259], [-122.33868, 37.94242], [-122.3387, 37.94241], [-122.33892, 37.94235], [-122.33918, 37.94235], [-122.33968, 37.94235], [-122.33991, 37.94235], [-122.34012, 37.94235], [-122.34013, 37.94268], [-122.33991, 37.94268], [-122.3397, 37.94268], [-122.33918, 37.94268], [-122.33891, 37.94268], [-122.33891, 37.94262], [-122.33863, 37.94259]]]}, "properties": {"name": "Burg Park", "place": "", "kind": "park"}}, {"type": "Feature", "geometry": {"type": "Polygon", "coordinates": [[[-122.26763, 38.00943], [-122.26771, 38.00922], [-122.26789, 38.00878], [-122.26693, 38.00786], [-122.26652, 38.00776], [-122.26672, 38.00738], [-122.26688, 38.00709], [-122.26706, 38.00715], [-122.26726, 38.00681], [-122.26744, 38.00651], [-122.26775, 38.00672], [-122.26838, 38.00715], [-122.26902, 38.00762], [-122.26907, 38.00765], [-122.26914, 38.00772], [-122.26919, 38.00776], [-122.26924, 38.00782], [-122.26943, 38.00802], [-122.26963, 38.00836], [-122.26973, 38.00874], [-122.26977, 38.00902], [-122.26978, 38.00911], [-122.26965, 38.00913], [-122.26916, 38.0092], [-122.26793, 38.00939], [-122.26763, 38.00943]]]}, "properties": {"name": "Refugio Valley Park", "place": "", "kind": "park"}}, {"type": "Feature", "geometry": {"type": "Polygon", "coordinates": [[[-122.27319, 37.98355], [-122.27333, 37.98363], [-122.27335, 37.98364], [-122.27355, 37.98368], [-122.27387, 37.98388], [-122.27388, 37.98389], [-122.27401, 37.98401], [-122.27402, 37.98411], [-122.27402, 37.98441], [-122.27403, 37.98452], [-122.27397, 37.98451], [-122.27389, 37.98449], [-122.27375, 37.98447], [-122.27365, 37.98444], [-122.27354, 37.98441], [-122.27347, 37.98438], [-122.27333, 37.98433], [-122.27317, 37.98426], [-122.27308, 37.98421], [-122.27299, 37.98417], [-122.27291, 37.98412], [-122.27278, 37.98403], [-122.27274, 37.98399], [-122.27272, 37.98398], [-122.27263, 37.98388], [-122.27262, 37.98387], [-122.27273, 37.9838], [-122.27307, 37.98361], [-122.27319, 37.98355]]]}, "properties": {"name": "Amber Swartz Park", "place": "", "kind": "park"}}, {"type": "Feature", "geometry": {"type": "Polygon", "coordinates": [[[-122.33898, 37.93227], [-122.33895, 37.93147], [-122.3415, 37.93146], [-122.34144, 37.93222], [-122.34138, 37.93252], [-122.34138, 37.93291], [-122.34129, 37.93351], [-122.34124, 37.93403], [-122.34116, 37.93471], [-122.34008, 37.93456], [-122.33988, 37.93454], [-122.33892, 37.93439], [-122.33898, 37.93227]]]}, "properties": {"name": "Nicholl Park", "place": "", "kind": "park"}}, {"type": "Feature", "geometry": {"type": "Polygon", "coordinates": [[[-122.23709, 37.99375], [-122.23649, 37.99364], [-122.23596, 37.99353], [-122.23551, 37.99346], [-122.23551, 37.99295], [-122.23551, 37.99286], [-122.23548, 37.99259], [-122.23542, 37.99241], [-122.23534, 37.99234], [-122.23548, 37.99222], [-122.23572, 37.99223], [-122.23596, 37.99224], [-122.23596, 37.99217], [-122.2364, 37.99199], [-122.23634, 37.99192], [-122.23613, 37.99166], [-122.23608, 37.99152], [-122.23606, 37.99145], [-122.23593, 37.99139], [-122.23576, 37.99129], [-122.23527, 37.99208], [-122.2352, 37.99198], [-122.23446, 37.99166], [-122.23442, 37.99172], [-122.23422, 37.99166], [-122.23447, 37.99114], [-122.23473, 37.99057], [-122.23493, 37.99064], [-122.23587, 37.99096], [-122.23618, 37.99118], [-122.23639, 37.99143], [-122.23649, 37.99175], [-122.23667, 37.992], [-122.23711, 37.99235], [-122.23717, 37.99243], [-122.23719, 37.99254], [-122.23711, 37.99319], [-122.23709, 37.99375]]]}, "properties": {"name": "Hanna Park", "place": "", "kind": "park"}}, {"type": "Feature", "geometry": {"type": "Polygon", "coordinates": [[[-122.29149, 37.98903], [-122.29222, 37.98927], [-122.29301, 37.98962], [-122.29358, 37.99039], [-122.29395, 37.99102], [-122.29397, 37.99145], [-122.29379, 37.99181], [-122.29356, 37.99223], [-122.29342, 37.99244], [-122.29279, 37.99217], [-122.29263, 37.99194], [-122.29242, 37.9914], [-122.29234, 37.99115], [-122.29209, 37.99089], [-122.29202, 37.9907], [-122.29205, 37.99054], [-122.2921, 37.99032], [-122.29205, 37.99014], [-122.29132, 37.98971], [-122.28942, 37.98905], [-122.29, 37.98878], [-122.29062, 37.98878], [-122.29149, 37.98903]]]}, "properties": {"name": "Stewart Draw Park", "place": "", "kind": "park"}}, {"type": "Feature", "geometry": {"type": "Polygon", "coordinates": [[[-122.32579, 37.98292], [-122.32587, 37.98297], [-122.32585, 37.98325], [-122.32727, 37.98373], [-122.32722, 37.98421], [-122.32736, 37.98446], [-122.32781, 37.98479], [-122.32819, 37.98481], [-122.32839, 37.98461], [-122.32922, 37.98417], [-122.32956, 37.98413], [-122.32991, 37.98394], [-122.33012, 37.9839], [-122.3304, 37.98374], [-122.3305, 37.98371], [-122.33074, 37.98367], [-122.33109, 37.98358], [-122.33141, 37.98359], [-122.33154, 37.98354], [-122.33169, 37.98352], [-122.33178, 37.98355], [-122.33192, 37.9836], [-122.33208, 37.98369], [-122.3322, 37.98377], [-122.33228, 37.98385], [-122.33237, 37.98398], [-122.33258, 37.98447], [-122.33252, 37.98456], [-122.33225, 37.98463], [-122.33203, 37.98469], [-122.33116, 37.98493], [-122.33032, 37.98546], [-122.32966, 37.98611], [-122.32879, 37.98652], [-122.32842, 37.98723], [-122.32839, 37.98741], [-122.3284, 37.98757], [-122.32801, 37.98759], [-122.32798, 37.98763], [-122.32796, 37.98771], [-122.32804, 37.98831], [-122.32803, 37.98834], [-122.32799, 37.98838], [-122.32789, 37.98844], [-122.32787, 37.98846], [-122.32785, 37.9885], [-122.32793, 37.98905], [-122.3279, 37.98913], [-122.32786, 37.9892], [-122.32759, 37.9894], [-122.32755, 37.98944], [-122.32753, 37.9895], [-122.32762, 37.98994], [-122.32724, 37.99006], [-122.32665, 37.99025], [-122.32632, 37.99035], [-122.32606, 37.99039], [-122.32566, 37.9904], [-122.3254, 37.99037], [-122.32514, 37.99032], [-122.3255, 37.98954], [-122.32615, 37.98809], [-122.32656, 37.98719], [-122.32649, 37.98702], [-122.32646, 37.98638], [-122.32628, 37.98574], [-122.32614, 37.9851], [-122.32589, 37.98433], [-122.32549, 37.98387], [-122.32497, 37.98357], [-122.32492, 37.98353], [-122.32414, 37.98281], [-122.32359, 37.98246], [-122.32338, 37.98235], [-122.32332, 37.98233], [-122.3232, 37.98232], [-122.32292, 37.98229], [-122.32294, 37.98221], [-122.32296, 37.98218], [-122.32299, 37.98216], [-122.32307, 37.98214], [-122.32315, 37.98214], [-122.32345, 37.98215], [-122.32355, 37.98215], [-122.32367, 37.98214], [-122.32379, 37.98213], [-122.324, 37.9821], [-122.32417, 37.98207], [-122.32434, 37.98202], [-122.3245, 37.98196], [-122.32457, 37.98195], [-122.32466, 37.98198], [-122.32472, 37.98206], [-122.32481, 37.98219], [-122.32498, 37.98237], [-122.32519, 37.98254], [-122.32533, 37.98265], [-122.32544, 37.98273], [-122.32552, 37.98277], [-122.3256, 37.98282], [-122.32572, 37.98288], [-122.32579, 37.98292]]]}, "properties": {"name": "Hilltop Lake Park", "place": "", "kind": "park"}}, {"type": "Feature", "geometry": {"type": "Polygon", "coordinates": [[[-122.36247, 37.95344], [-122.36296, 37.95344], [-122.36412, 37.95344], [-122.36411, 37.95466], [-122.3641, 37.95467], [-122.36254, 37.95469], [-122.36247, 37.95465], [-122.36246, 37.95399], [-122.36247, 37.95344]]]}, "properties": {"name": "Shields-Reid Park", "place": "", "kind": "park"}}, {"type": "Feature", "geometry": {"type": "Polygon", "coordinates": [[[-122.28107, 37.97105], [-122.2811, 37.97112], [-122.28182, 37.9725], [-122.28208, 37.97301], [-122.28154, 37.9731], [-122.28139, 37.97313], [-122.2817, 37.97348], [-122.28205, 37.97344], [-122.28217, 37.97336], [-122.28213, 37.97349], [-122.28217, 37.97361], [-122.28234, 37.97412], [-122.28225, 37.97414], [-122.282, 37.97415], [-122.28186, 37.97414], [-122.28173, 37.97411], [-122.28161, 37.97407], [-122.28148, 37.97402], [-122.28137, 37.97395], [-122.28129, 37.97389], [-122.2814, 37.97379], [-122.28161, 37.9736], [-122.28139, 37.97345], [-122.28099, 37.97316], [-122.28112, 37.97306], [-122.2809, 37.97292], [-122.28079, 37.97301], [-122.2802, 37.97258], [-122.28033, 37.97244], [-122.28039, 37.97226], [-122.28018, 37.97226], [-122.28015, 37.97232], [-122.28011, 37.9723], [-122.28008, 37.97233], [-122.28006, 37.97232], [-122.28003, 37.9723], [-122.28001, 37.97232], [-122.27998, 37.9723], [-122.27999, 37.97226], [-122.27998, 37.97223], [-122.28043, 37.97214], [-122.28023, 37.97191], [-122.28006, 37.97188], [-122.28004, 37.97192], [-122.2799, 37.97189], [-122.27972, 37.97188], [-122.27955, 37.9719], [-122.27947, 37.97182], [-122.2792, 37.97154], [-122.27894, 37.97126], [-122.27844, 37.97074], [-122.27853, 37.97071], [-122.27875, 37.97064], [-122.27897, 37.9706], [-122.27915, 37.97057], [-122.27934, 37.97055], [-122.27955, 37.97055], [-122.27974, 37.97057], [-122.27996, 37.97061], [-122.28009, 37.97064], [-122.28021, 37.97065], [-122.28038, 37.97065], [-122.28055, 37.97064], [-122.28067, 37.97062], [-122.28083, 37.9706], [-122.281, 37.97061], [-122.28111, 37.97062], [-122.28107, 37.97105]]]}, "properties": {"name": "La Moine Park", "place": "", "kind": "park"}}, {"type": "Feature", "geometry": {"type": "Polygon", "coordinates": [[[-122.29997, 37.88332], [-122.29985, 37.88353], [-122.29978, 37.88376], [-122.29973, 37.884], [-122.29961, 37.88402], [-122.29914, 37.88412], [-122.2988, 37.88418], [-122.29856, 37.88423], [-122.29839, 37.88427], [-122.29836, 37.88427], [-122.29834, 37.88425], [-122.29824, 37.88393], [-122.29816, 37.88368], [-122.29811, 37.88355], [-122.29808, 37.88346], [-122.29806, 37.88337], [-122.29797, 37.88311], [-122.29866, 37.8829], [-122.30009, 37.88285], [-122.30011, 37.88291], [-122.30021, 37.88315], [-122.30008, 37.88321], [-122.29997, 37.88332]]]}, "properties": {"name": "University Park", "place": "", "kind": "park"}}, {"type": "Feature", "geometry": {"type": "Polygon", "coordinates": [[[-122.29005, 37.89582], [-122.29004, 37.89573], [-122.29007, 37.89497], [-122.29013, 37.89492], [-122.29163, 37.89496], [-122.29162, 37.89526], [-122.2916, 37.89559], [-122.29158, 37.89559], [-122.29157, 37.89588], [-122.29155, 37.8965], [-122.29154, 37.89661], [-122.29154, 37.89665], [-122.29074, 37.89662], [-122.2906, 37.89662], [-122.29, 37.8966], [-122.29001, 37.89644], [-122.29003, 37.89644], [-122.29005, 37.89582]]]}, "properties": {"name": "Memorial Park", "place": "", "kind": "park"}}, {"type": "Feature", "geometry": {"type": "Polygon", "coordinates": [[[-122.31825, 37.93456], [-122.31829, 37.93458], [-122.3183, 37.9346], [-122.31831, 37.93462], [-122.3183, 37.93465], [-122.31817, 37.93469], [-122.31811, 37.93472], [-122.31806, 37.93474], [-122.31799, 37.93479], [-122.31792, 37.93484], [-122.3175, 37.9352], [-122.31743, 37.93526], [-122.31654, 37.93578], [-122.31651, 37.93578], [-122.31649, 37.93577], [-122.31648, 37.93575], [-122.31658, 37.93565], [-122.3171, 37.93519], [-122.31729, 37.93502], [-122.31769, 37.93467], [-122.31793, 37.93447], [-122.31795, 37.93445], [-122.31798, 37.93444], [-122.31801, 37.93443], [-122.31803, 37.93443], [-122.31807, 37.93445], [-122.3181, 37.93447], [-122.31813, 37.9345], [-122.31817, 37.93453], [-122.31821, 37.93455], [-122.31825, 37.93456]]]}, "properties": {"name": "Poinsett Park", "place": "", "kind": "park"}}, {"type": "Feature", "geometry": {"type": "Polygon", "coordinates": [[[-122.32218, 37.9372], [-122.32188, 37.93762], [-122.32122, 37.93758], [-122.32088, 37.93765], [-122.32044, 37.93751], [-122.32035, 37.93738], [-122.32103, 37.93728], [-122.32143, 37.93707], [-122.32174, 37.93691], [-122.32194, 37.93706], [-122.32218, 37.9372]]]}, "properties": {"name": "Mira Vista Park", "place": "", "kind": "park"}}, {"type": "Feature", "geometry": {"type": "Polygon", "coordinates": [[[-122.25479, 37.8946], [-122.25455, 37.8947], [-122.25445, 37.8947], [-122.25433, 37.89465], [-122.25432, 37.89463], [-122.2543, 37.89461], [-122.25429, 37.89455], [-122.25433, 37.89446], [-122.25439, 37.89441], [-122.25458, 37.89432], [-122.25459, 37.89432], [-122.25479, 37.8946]]]}, "properties": {"name": "Crescent Park", "place": "", "kind": "park"}}, {"type": "Feature", "geometry": {"type": "Polygon", "coordinates": [[[-122.28033, 37.91173], [-122.28009, 37.9119], [-122.27989, 37.91204], [-122.2797, 37.91216], [-122.27964, 37.91219], [-122.27905, 37.91259], [-122.27871, 37.91284], [-122.2786, 37.91292], [-122.27862, 37.91296], [-122.27863, 37.91298], [-122.27867, 37.9131], [-122.27867, 37.91335], [-122.27869, 37.91338], [-122.2787, 37.91339], [-122.27878, 37.91347], [-122.27881, 37.9135], [-122.27898, 37.91345], [-122.2791, 37.91342], [-122.27921, 37.91344], [-122.27927, 37.91345], [-122.27953, 37.91356], [-122.27957, 37.91358], [-122.2799, 37.91372], [-122.28005, 37.91439], [-122.28, 37.91454], [-122.28039, 37.91429], [-122.28056, 37.9142], [-122.28104, 37.91393], [-122.28118, 37.91409], [-122.28132, 37.91406], [-122.2814, 37.91404], [-122.28149, 37.91402], [-122.28152, 37.914], [-122.28149, 37.91389], [-122.28144, 37.91377], [-122.28141, 37.91367], [-122.28137, 37.91353], [-122.28135, 37.91333], [-122.28134, 37.91324], [-122.28133, 37.91315], [-122.28132, 37.91302], [-122.28129, 37.91279], [-122.28118, 37.91256], [-122.28107, 37.91235], [-122.28101, 37.91226], [-122.28084, 37.91206], [-122.28062, 37.9119], [-122.2805, 37.91183], [-122.28033, 37.91173]]]}, "properties": {"name": "Kensington Park", "place": "", "kind": "park"}}, {"type": "Feature", "geometry": {"type": "Polygon", "coordinates": [[[-122.29353, 37.88459], [-122.29358, 37.88472], [-122.29376, 37.88468], [-122.29372, 37.88455], [-122.29353, 37.88459]]]}, "properties": {"name": "Dartmouth Street Tot Lot", "place": "", "kind": "park"}}, {"type": "Feature", "geometry": {"type": "Polygon", "coordinates": [[[-122.35128, 37.89386], [-122.35113, 37.89394], [-122.35111, 37.89411], [-122.35113, 37.8943], [-122.3513, 37.8946], [-122.35177, 37.89514], [-122.35185, 37.89548], [-122.35228, 37.89628], [-122.35264, 37.89653], [-122.35275, 37.89681], [-122.35312, 37.8972], [-122.35347, 37.89747], [-122.35371, 37.89765], [-122.35399, 37.89779], [-122.35427, 37.89799], [-122.35438, 37.89815], [-122.35461, 37.89842], [-122.3549, 37.89867], [-122.35518, 37.89899], [-122.35537, 37.89936], [-122.35568, 37.8995], [-122.35618, 37.89962], [-122.35652, 37.89998], [-122.35662, 37.90004], [-122.35733, 37.90044], [-122.35781, 37.90099], [-122.35786, 37.90115], [-122.35805, 37.90094], [-122.35786, 37.90079], [-122.3576, 37.90054], [-122.35763, 37.90034], [-122.35776, 37.90008], [-122.35806, 37.89981], [-122.35837, 37.89968], [-122.35905, 37.89973], [-122.35986, 37.89999], [-122.36098, 37.90015], [-122.36211, 37.9001], [-122.36366, 37.90028], [-122.3649, 37.90051], [-122.36556, 37.90068], [-122.36643, 37.90096], [-122.36725, 37.90112], [-122.36802, 37.901], [-122.36905, 37.90112], [-122.36988, 37.90124], [-122.37059, 37.90118], [-122.37145, 37.90125], [-122.37246, 37.90152], [-122.37312, 37.90167], [-122.37355, 37.90157], [-122.37368, 37.90153], [-122.37349, 37.90145], [-122.37336, 37.90147], [-122.3714, 37.90044], [-122.37093, 37.9001], [-122.37099, 37.90002], [-122.37099, 37.89994], [-122.37088, 37.89991], [-122.37079, 37.89992], [-122.37074, 37.89998], [-122.37075, 37.90005], [-122.37081, 37.9001], [-122.37089, 37.9006], [-122.37059, 37.90096], [-122.37005, 37.90096], [-122.36688, 37.90061], [-122.36581, 37.90048], [-122.36463, 37.90004], [-122.3642, 37.89984], [-122.36369, 37.89972], [-122.36347, 37.89973], [-122.36256, 37.89953], [-122.36228, 37.89971], [-122.36183, 37.89973], [-122.36156, 37.89963], [-122.35991, 37.8989], [-122.3591, 37.89846], [-122.35877, 37.89828], [-122.35843, 37.89807], [-122.35788, 37.89771], [-122.35785, 37.89756], [-122.35775, 37.89671], [-122.35787, 37.89642], [-122.35768, 37.89566], [-122.35768, 37.89539], [-122.35749, 37.89522], [-122.35648, 37.89482], [-122.35608, 37.89471], [-122.35571, 37.89466], [-122.35503, 37.89477], [-122.35431, 37.89448], [-122.35316, 37.8946], [-122.352, 37.89405], [-122.35152, 37.89388], [-122.35128, 37.89386]]]}, "properties": {"name": "Brooks Island Regional Preserve", "place": "island", "kind": "park"}}, {"type": "Feature", "geometry": {"type": "Polygon", "coordinates": [[[-122.32251, 37.93136], [-122.32134, 37.93082], [-122.32054, 37.93026], [-122.32036, 37.93002], [-122.32041, 37.92999], [-122.31941, 37.92866], [-122.31952, 37.92858], [-122.32018, 37.92925], [-122.32076, 37.92995], [-122.32081, 37.92999], [-122.32102, 37.93024], [-122.32138, 37.93052], [-122.32175, 37.93075], [-122.32202, 37.93065], [-122.32251, 37.93136]]]}, "properties": {"name": "Baxter Creek Gateway Park", "place": "", "kind": "park"}}, {"type": "Feature", "geometry": {"type": "Polygon", "coordinates": [[[-122.32336, 37.93882], [-122.32352, 37.93876], [-122.32411, 37.93856], [-122.32426, 37.93851], [-122.32427, 37.93853], [-122.3243, 37.9386], [-122.32433, 37.93868], [-122.32441, 37.93882], [-122.32452, 37.93889], [-122.32461, 37.93892], [-122.32471, 37.93896], [-122.32464, 37.93912], [-122.32439, 37.93969], [-122.32431, 37.93988], [-122.32426, 37.93997], [-122.32414, 37.94024], [-122.32409, 37.94018], [-122.3238, 37.93974], [-122.32371, 37.93959], [-122.32365, 37.93943], [-122.32361, 37.93933], [-122.32342, 37.93894], [-122.32336, 37.93882]]]}, "properties": {"name": "Tiller Park", "place": "", "kind": "park"}}, {"type": "Feature", "geometry": {"type": "Polygon", "coordinates": [[[-122.20836, 38.07275], [-122.20833, 38.0729], [-122.20781, 38.07307], [-122.20715, 38.07389], [-122.20754, 38.07416], [-122.20766, 38.07424], [-122.20785, 38.07423], [-122.20816, 38.07402], [-122.2086, 38.07388], [-122.20862, 38.07387], [-122.20899, 38.07376], [-122.20922, 38.0734], [-122.20916, 38.07335], [-122.20916, 38.07329], [-122.20922, 38.07327], [-122.20924, 38.07324], [-122.20935, 38.07299], [-122.20933, 38.0725], [-122.20907, 38.07223], [-122.20889, 38.07209], [-122.20872, 38.07233], [-122.20857, 38.07249], [-122.20836, 38.07275]]]}, "properties": {"name": "Glen Cove School Park", "place": "", "kind": "park"}}, {"type": "Feature", "geometry": {"type": "Polygon", "coordinates": [[[-122.20956, 38.06786], [-122.20832, 38.06805], [-122.20783, 38.06825], [-122.20774, 38.06847], [-122.20765, 38.0688], [-122.20737, 38.06889], [-122.20519, 38.06882], [-122.20525, 38.06702], [-122.20526, 38.06686], [-122.20545, 38.06715], [-122.2056, 38.06737], [-122.20581, 38.06758], [-122.20622, 38.06773], [-122.20659, 38.06779], [-122.20675, 38.06776], [-122.20691, 38.06771], [-122.20704, 38.06767], [-122.20715, 38.06759], [-122.20722, 38.06748], [-122.20754, 38.06704], [-122.20784, 38.06677], [-122.20788, 38.06673], [-122.20798, 38.06672], [-122.20811, 38.06677], [-122.20817, 38.06685], [-122.2083, 38.0669], [-122.2085, 38.06694], [-122.20861, 38.06695], [-122.20875, 38.06687], [-122.20887, 38.06688], [-122.209, 38.06685], [-122.20948, 38.06718], [-122.20963, 38.06728], [-122.20956, 38.06786]]]}, "properties": {"name": "Glen Cove Waterfront Park", "place": "", "kind": "park"}}, {"type": "Feature", "geometry": {"type": "Polygon", "coordinates": [[[-122.28113, 37.89245], [-122.28109, 37.89235], [-122.28109, 37.89233], [-122.2813, 37.89227], [-122.28183, 37.89211], [-122.2818, 37.89209], [-122.28178, 37.89207], [-122.28183, 37.89195], [-122.28183, 37.89193], [-122.28184, 37.89192], [-122.28227, 37.8922], [-122.28208, 37.8923], [-122.28205, 37.89232], [-122.28163, 37.89254], [-122.28162, 37.89254], [-122.28161, 37.89255], [-122.28136, 37.89268], [-122.28135, 37.89269], [-122.28133, 37.89266], [-122.28116, 37.89246], [-122.28116, 37.89245], [-122.28115, 37.89245], [-122.28113, 37.89245]]]}, "properties": {"name": "Thousand Oaks School Park", "place": "", "kind": "park"}}, {"type": "Feature", "geometry": {"type": "Polygon", "coordinates": [[[-122.33856, 37.98696], [-122.33919, 37.98724], [-122.33922, 37.98729], [-122.33891, 37.98769], [-122.33864, 37.98809], [-122.33853, 37.98814], [-122.33854, 37.98818], [-122.33836, 37.98843], [-122.33833, 37.98843], [-122.33829, 37.98848], [-122.3383, 37.98851], [-122.33813, 37.98875], [-122.33807, 37.98877], [-122.338, 37.98886], [-122.33792, 37.98887], [-122.33752, 37.98942], [-122.33748, 37.98955], [-122.33743, 37.98955], [-122.33736, 37.98954], [-122.33727, 37.98951], [-122.33643, 37.98927], [-122.3363, 37.98914], [-122.33592, 37.98903], [-122.33571, 37.98904], [-122.33552, 37.98899], [-122.3359, 37.98818], [-122.33553, 37.98807], [-122.33558, 37.98795], [-122.33562, 37.98787], [-122.33553, 37.98784], [-122.3355, 37.9879], [-122.33508, 37.98777], [-122.3351, 37.98772], [-122.33502, 37.9877], [-122.33503, 37.98768], [-122.3352, 37.9873], [-122.33541, 37.98687], [-122.33548, 37.98681], [-122.33553, 37.98678], [-122.33566, 37.98674], [-122.33597, 37.98674], [-122.33645, 37.98677], [-122.33759, 37.98687], [-122.33786, 37.98689], [-122.33856, 37.98696]]]}, "properties": {"name": "San Marcos Apartments", "place": "", "kind": "subdivision"}}, {"type": "Feature", "geometry": {"type": "Polygon", "coordinates": [[[-122.29587, 37.89784], [-122.29562, 37.89787], [-122.29612, 37.89897], [-122.29698, 37.90038], [-122.29696, 37.90039], [-122.29787, 37.90158], [-122.29774, 37.90162], [-122.29791, 37.90195], [-122.29848, 37.90177], [-122.29827, 37.90151], [-122.29796, 37.90114], [-122.29785, 37.90114], [-122.29765, 37.90089], [-122.29765, 37.90076], [-122.29761, 37.90071], [-122.29754, 37.90071], [-122.29713, 37.9002], [-122.29704, 37.90009], [-122.29637, 37.89901], [-122.29634, 37.89898], [-122.29615, 37.89863], [-122.29604, 37.89837], [-122.29592, 37.89811], [-122.29597, 37.8981], [-122.29587, 37.89784]]]}, "properties": {"name": "Ohlone Greenway", "place": "", "kind": "park"}}, {"type": "Feature", "geometry": {"type": "Polygon", "coordinates": [[[-122.29475, 37.89443], [-122.29469, 37.89445], [-122.29448, 37.89449], [-122.29401, 37.89304], [-122.29399, 37.89304], [-122.294, 37.89298], [-122.29366, 37.89208], [-122.29367, 37.89198], [-122.29338, 37.89103], [-122.29327, 37.89071], [-122.29355, 37.89069], [-122.29366, 37.89102], [-122.29421, 37.89276], [-122.29428, 37.893], [-122.29475, 37.89443]]]}, "properties": {"name": "Ohlone Greenway", "place": "", "kind": "park"}}, {"type": "Feature", "geometry": {"type": "Polygon", "coordinates": [[[-122.31408, 37.94229], [-122.31448, 37.94204], [-122.31485, 37.94179], [-122.31496, 37.94174], [-122.31497, 37.94173], [-122.31507, 37.94165], [-122.31521, 37.94149], [-122.31527, 37.94121], [-122.31531, 37.94094], [-122.31529, 37.94053], [-122.31521, 37.94021], [-122.31505, 37.93986], [-122.31486, 37.93952], [-122.31515, 37.93935], [-122.31515, 37.93936], [-122.3159, 37.94076], [-122.31605, 37.94101], [-122.31615, 37.94152], [-122.31614, 37.94196], [-122.31604, 37.94206], [-122.31557, 37.94253], [-122.31496, 37.94308], [-122.31476, 37.94288], [-122.31408, 37.94229]]]}, "properties": {"name": "Mira Vista School Park", "place": "", "kind": "park"}}, {"type": "Feature", "geometry": {"type": "Polygon", "coordinates": [[[-122.35683, 37.92671], [-122.35681, 37.92932], [-122.35411, 37.92932], [-122.3541, 37.92809], [-122.35602, 37.92808], [-122.35601, 37.92671], [-122.35683, 37.92671]]]}, "properties": {"name": "Nystrom Village", "place": "", "kind": "subdivision"}}, {"type": "Feature", "geometry": {"type": "Polygon", "coordinates": [[[-122.35937, 37.94621], [-122.36005, 37.94898], [-122.36017, 37.94971], [-122.36221, 37.94769], [-122.36221, 37.94751], [-122.36167, 37.94751], [-122.36168, 37.94623], [-122.35937, 37.94621]]]}, "properties": {"name": "Triangle Court", "place": "", "kind": "subdivision"}}, {"type": "Feature", "geometry": {"type": "Polygon", "coordinates": [[[-122.30767, 37.90186], [-122.30784, 37.90213], [-122.30748, 37.9023], [-122.30739, 37.90234], [-122.30734, 37.9024], [-122.30738, 37.90245], [-122.30729, 37.90249], [-122.30726, 37.90249], [-122.3072, 37.90249], [-122.30709, 37.90254], [-122.30706, 37.9025], [-122.30698, 37.9022], [-122.30694, 37.90207], [-122.30679, 37.90165], [-122.30783, 37.90148], [-122.30788, 37.90157], [-122.30767, 37.90186]]]}, "properties": {"name": "Central Park", "place": "", "kind": "park"}}, {"type": "Feature", "geometry": {"type": "Polygon", "coordinates": [[[-122.25847, 38.01432], [-122.25846, 38.01409], [-122.25846, 38.01404], [-122.25973, 38.01403], [-122.26005, 38.01395], [-122.26026, 38.01412], [-122.26041, 38.01423], [-122.26067, 38.01444], [-122.26057, 38.01453], [-122.2605, 38.01464], [-122.2603, 38.015], [-122.25986, 38.01493], [-122.25973, 38.01492], [-122.25946, 38.01492], [-122.259, 38.01493], [-122.25888, 38.01495], [-122.25872, 38.015], [-122.25866, 38.01503], [-122.25862, 38.01493], [-122.25873, 38.01454], [-122.25847, 38.01432]]]}, "properties": {"name": "Foxboro Park", "place": "", "kind": "park"}}, {"type": "Feature", "geometry": {"type": "Polygon", "coordinates": [[[-122.21811, 38.05256], [-122.21834, 38.05252], [-122.2185, 38.05248], [-122.2187, 38.05244], [-122.21961, 38.05238], [-122.22001, 38.05238], [-122.22, 38.0527], [-122.22, 38.05306], [-122.22, 38.05327], [-122.22, 38.05359], [-122.22, 38.05389], [-122.21928, 38.05389], [-122.21918, 38.05379], [-122.21898, 38.05373], [-122.21882, 38.05371], [-122.21866, 38.05377], [-122.21859, 38.05394], [-122.21849, 38.05395], [-122.2185, 38.05366], [-122.21846, 38.05297], [-122.21846, 38.0529], [-122.21821, 38.05279], [-122.21811, 38.05256]]]}, "properties": {"name": "Alexander Park", "place": "", "kind": "park"}}, {"type": "Feature", "geometry": {"type": "Polygon", "coordinates": [[[-122.29448, 37.89469], [-122.2947, 37.89537], [-122.29477, 37.89536], [-122.29482, 37.89535], [-122.29458, 37.89464], [-122.29449, 37.89465], [-122.29448, 37.89467], [-122.29448, 37.89469]]]}, "properties": {"name": "San Gabriel Mini-Park", "place": "", "kind": "park"}}, {"type": "Feature", "geometry": {"type": "Polygon", "coordinates": [[[-122.29458, 37.89464], [-122.2948, 37.89459], [-122.29579, 37.89769], [-122.29565, 37.89771], [-122.29552, 37.89772], [-122.29477, 37.89536], [-122.29482, 37.89535], [-122.29458, 37.89464]]]}, "properties": {"name": "Ohlone Greenway", "place": "", "kind": "park"}}, {"type": "Feature", "geometry": {"type": "Polygon", "coordinates": [[[-122.26316, 37.88428], [-122.26318, 37.88431], [-122.2634, 37.88473], [-122.26359, 37.88506], [-122.26364, 37.88514], [-122.26372, 37.88529], [-122.26379, 37.88541], [-122.26379, 37.88543], [-122.26383, 37.88559], [-122.26385, 37.88569], [-122.26388, 37.88585], [-122.26391, 37.88599], [-122.26272, 37.88615], [-122.26276, 37.88648], [-122.26257, 37.8865], [-122.26254, 37.8865], [-122.2625, 37.88648], [-122.26249, 37.88647], [-122.26249, 37.88645], [-122.2628, 37.88534], [-122.2629, 37.885], [-122.26291, 37.88483], [-122.26291, 37.88473], [-122.26288, 37.88458], [-122.26286, 37.88449], [-122.26283, 37.8844], [-122.26286, 37.88437], [-122.26316, 37.88428]]]}, "properties": {"name": "Berkeley Rose Garden", "place": "", "kind": "park"}}, {"type": "Feature", "geometry": {"type": "Polygon", "coordinates": [[[-122.26224, 37.88665], [-122.26143, 37.88675], [-122.26102, 37.88628], [-122.26065, 37.88587], [-122.25975, 37.88486], [-122.25981, 37.88477], [-122.26003, 37.88449], [-122.26012, 37.88437], [-122.26033, 37.88448], [-122.2606, 37.88455], [-122.26108, 37.88453], [-122.2612, 37.8845], [-122.26126, 37.88456], [-122.26136, 37.88463], [-122.26147, 37.88465], [-122.26155, 37.88465], [-122.26164, 37.88463], [-122.26215, 37.88436], [-122.26225, 37.88427], [-122.2625, 37.88417], [-122.26261, 37.88432], [-122.26266, 37.88444], [-122.26268, 37.8845], [-122.2627, 37.88462], [-122.26271, 37.88476], [-122.26269, 37.88499], [-122.26258, 37.88545], [-122.26234, 37.88637], [-122.26229, 37.88651], [-122.26224, 37.88665]]]}, "properties": {"name": "Codornices Park", "place": "", "kind": "park"}}, {"type": "Feature", "geometry": {"type": "Polygon", "coordinates": [[[-122.2759, 37.89229], [-122.27586, 37.89215], [-122.27622, 37.89203], [-122.27625, 37.89209], [-122.27628, 37.89215], [-122.27629, 37.8922], [-122.2763, 37.89224], [-122.2759, 37.8923], [-122.2759, 37.89229]]]}, "properties": {"name": "Contra Costa Rock Park", "place": "", "kind": "park"}}, {"type": "Feature", "geometry": {"type": "Polygon", "coordinates": [[[-122.26309, 37.89224], [-122.26325, 37.89218], [-122.26321, 37.89205], [-122.26364, 37.89139], [-122.26382, 37.8913], [-122.26421, 37.89144], [-122.26426, 37.89153], [-122.26431, 37.89232], [-122.26432, 37.89246], [-122.26431, 37.89246], [-122.26433, 37.89274], [-122.26374, 37.89276], [-122.2637, 37.8927], [-122.26365, 37.89267], [-122.26363, 37.89266], [-122.26359, 37.89264], [-122.26354, 37.89262], [-122.26349, 37.89261], [-122.26346, 37.89261], [-122.26345, 37.89261], [-122.26338, 37.89262], [-122.26327, 37.89263], [-122.26321, 37.89264], [-122.2632, 37.89262], [-122.26309, 37.89224]]]}, "properties": {"name": "Cragmont Park", "place": "", "kind": "park"}}, {"type": "Feature", "geometry": {"type": "Polygon", "coordinates": [[[-122.27011, 37.90082], [-122.27022, 37.90071], [-122.27062, 37.90093], [-122.27048, 37.90102], [-122.27066, 37.90131], [-122.27017, 37.90148], [-122.27006, 37.90152], [-122.26997, 37.90155], [-122.26988, 37.90156], [-122.2698, 37.90156], [-122.26971, 37.90152], [-122.26966, 37.90147], [-122.26964, 37.9014], [-122.26966, 37.90132], [-122.27011, 37.90082]]]}, "properties": {"name": "Dorothy Bolte Park", "place": "", "kind": "park"}}, {"type": "Feature", "geometry": {"type": "Polygon", "coordinates": [[[-122.27573, 37.89516], [-122.27555, 37.89526], [-122.2754, 37.89531], [-122.27527, 37.89499], [-122.27526, 37.89497], [-122.27527, 37.89494], [-122.2753, 37.89492], [-122.27533, 37.89491], [-122.27537, 37.89492], [-122.27554, 37.89502], [-122.27573, 37.89516]]]}, "properties": {"name": "Frederick Park", "place": "", "kind": "park"}}, {"type": "Feature", "geometry": {"type": "Polygon", "coordinates": [[[-122.25667, 37.88572], [-122.25647, 37.88571], [-122.25644, 37.8857], [-122.25627, 37.88565], [-122.25627, 37.88563], [-122.25602, 37.88557], [-122.25584, 37.88569], [-122.25571, 37.88578], [-122.25569, 37.88579], [-122.25555, 37.88587], [-122.25543, 37.88593], [-122.25532, 37.88598], [-122.25515, 37.88565], [-122.25514, 37.88562], [-122.25495, 37.88536], [-122.25537, 37.8852], [-122.25544, 37.88514], [-122.25549, 37.88507], [-122.25551, 37.88502], [-122.25552, 37.88498], [-122.25551, 37.88493], [-122.25573, 37.88494], [-122.25571, 37.88504], [-122.25585, 37.88506], [-122.25587, 37.8849], [-122.25598, 37.8849], [-122.25607, 37.88477], [-122.25615, 37.88472], [-122.25614, 37.88453], [-122.2561, 37.88432], [-122.25619, 37.88427], [-122.25664, 37.88411], [-122.25674, 37.88439], [-122.2573, 37.88446], [-122.25731, 37.88447], [-122.25736, 37.88451], [-122.25744, 37.88455], [-122.25758, 37.88459], [-122.25772, 37.88463], [-122.25774, 37.88464], [-122.25744, 37.88482], [-122.25725, 37.88493], [-122.25739, 37.88519], [-122.25691, 37.88549], [-122.25689, 37.88559], [-122.25685, 37.88573], [-122.25667, 37.88572]]]}, "properties": {"name": "Glendale - La Loma Park", "place": "", "kind": "park"}}, {"type": "Feature", "geometry": {"type": "Polygon", "coordinates": [[[-122.27814, 37.89707], [-122.27814, 37.89702], [-122.27809, 37.89696], [-122.27805, 37.89692], [-122.27802, 37.8969], [-122.27796, 37.89688], [-122.27792, 37.89685], [-122.27787, 37.89674], [-122.27789, 37.89672], [-122.27788, 37.8967], [-122.2779, 37.89667], [-122.27792, 37.89663], [-122.27795, 37.8966], [-122.27796, 37.89657], [-122.278, 37.89654], [-122.27803, 37.89652], [-122.27808, 37.8965], [-122.27814, 37.89648], [-122.27821, 37.89646], [-122.27828, 37.89645], [-122.27835, 37.89644], [-122.27843, 37.89644], [-122.27848, 37.89645], [-122.27851, 37.89645], [-122.27853, 37.89647], [-122.27855, 37.89647], [-122.27856, 37.89649], [-122.27857, 37.8965], [-122.27859, 37.89653], [-122.27859, 37.89655], [-122.2785, 37.89698], [-122.27849, 37.89701], [-122.27848, 37.89703], [-122.27846, 37.89705], [-122.27844, 37.89706], [-122.27841, 37.89707], [-122.27838, 37.89707], [-122.27835, 37.89707], [-122.27828, 37.89706], [-122.27822, 37.89706], [-122.27819, 37.89706], [-122.27814, 37.89707]]]}, "properties": {"name": "Great Stoneface Park", "place": "", "kind": "park"}}, {"type": "Feature", "geometry": {"type": "Polygon", "coordinates": [[[-122.25571, 37.89035], [-122.25553, 37.89029], [-122.25553, 37.89015], [-122.25558, 37.89005], [-122.25583, 37.89014], [-122.25604, 37.89021], [-122.25613, 37.89024], [-122.25615, 37.89026], [-122.25616, 37.89028], [-122.2561, 37.8903], [-122.25605, 37.8903], [-122.25596, 37.89031], [-122.25589, 37.89034], [-122.25585, 37.89037], [-122.25582, 37.89036], [-122.25575, 37.89037], [-122.25571, 37.89035]]]}, "properties": {"name": "Grizzly Peak Park", "place": "", "kind": "park"}}, {"type": "Feature", "geometry": {"type": "Polygon", "coordinates": [[[-122.26878, 37.89359], [-122.26858, 37.89343], [-122.26855, 37.89335], [-122.26855, 37.89329], [-122.26851, 37.89324], [-122.26884, 37.89308], [-122.26911, 37.89342], [-122.26878, 37.89359]]]}, "properties": {"name": "Grotto Rock Park", "place": "", "kind": "park"}}, {"type": "Feature", "geometry": {"type": "Polygon", "coordinates": [[[-122.27242, 37.89486], [-122.27238, 37.89478], [-122.27232, 37.89471], [-122.27223, 37.89464], [-122.27191, 37.8944], [-122.27178, 37.8943], [-122.27169, 37.8942], [-122.27166, 37.89417], [-122.27165, 37.89414], [-122.27164, 37.89408], [-122.27165, 37.89403], [-122.27212, 37.89415], [-122.27226, 37.89424], [-122.27228, 37.89427], [-122.27228, 37.89429], [-122.27229, 37.89432], [-122.27232, 37.89433], [-122.27236, 37.89434], [-122.2724, 37.89436], [-122.27242, 37.89438], [-122.27274, 37.89447], [-122.27284, 37.89454], [-122.27305, 37.89474], [-122.27315, 37.89478], [-122.27348, 37.89474], [-122.27354, 37.89478], [-122.27359, 37.89478], [-122.27366, 37.89477], [-122.27369, 37.89474], [-122.2737, 37.89471], [-122.27391, 37.89469], [-122.27397, 37.89471], [-122.27401, 37.89474], [-122.27403, 37.89479], [-122.27412, 37.89488], [-122.27433, 37.89507], [-122.27446, 37.89518], [-122.27417, 37.89539], [-122.2739, 37.89529], [-122.27371, 37.89562], [-122.27332, 37.89561], [-122.27326, 37.89558], [-122.27324, 37.89557], [-122.27308, 37.89561], [-122.27307, 37.89561], [-122.27303, 37.89565], [-122.27232, 37.89578], [-122.27227, 37.89578], [-122.27222, 37.89577], [-122.27218, 37.89573], [-122.27216, 37.8957], [-122.27217, 37.89566], [-122.2722, 37.89557], [-122.2723, 37.89543], [-122.2724, 37.89521], [-122.27244, 37.89512], [-122.27246, 37.89503], [-122.27246, 37.89497], [-122.27242, 37.89486]]]}, "properties": {"name": "John Hinkel Park", "place": "", "kind": "park"}}, {"type": "Feature", "geometry": {"type": "Polygon", "coordinates": [[[-122.27852, 37.88226], [-122.27866, 37.88243], [-122.2787, 37.88248], [-122.27864, 37.88251], [-122.27869, 37.88256], [-122.27868, 37.88257], [-122.27872, 37.88262], [-122.27873, 37.88262], [-122.27877, 37.88267], [-122.27883, 37.88264], [-122.27887, 37.88269], [-122.27873, 37.88275], [-122.27895, 37.88303], [-122.27897, 37.88305], [-122.27736, 37.88386], [-122.27694, 37.88405], [-122.27664, 37.88402], [-122.27647, 37.88396], [-122.27634, 37.88386], [-122.27626, 37.88368], [-122.27625, 37.8834], [-122.27834, 37.88235], [-122.27852, 37.88226]]]}, "properties": {"name": "King School Park", "place": "", "kind": "park"}}, {"type": "Feature", "geometry": {"type": "Polygon", "coordinates": [[[-122.27857, 37.88752], [-122.27856, 37.88752], [-122.27851, 37.88727], [-122.2785, 37.88724], [-122.27877, 37.88713], [-122.27879, 37.88715], [-122.27873, 37.88722], [-122.27869, 37.88728], [-122.27864, 37.88736], [-122.2786, 37.88744], [-122.27858, 37.88752], [-122.27857, 37.88752]]]}, "properties": {"name": "Monterey - Colusa Park", "place": "", "kind": "park"}}, {"type": "Feature", "geometry": {"type": "Polygon", "coordinates": [[[-122.27228, 37.89305], [-122.27232, 37.89305], [-122.27238, 37.89305], [-122.27245, 37.89307], [-122.27253, 37.89311], [-122.27255, 37.89311], [-122.27258, 37.8931], [-122.27262, 37.8931], [-122.27263, 37.8931], [-122.27259, 37.8933], [-122.27257, 37.89339], [-122.27253, 37.89343], [-122.27251, 37.89344], [-122.27245, 37.89346], [-122.27242, 37.89347], [-122.27239, 37.89347], [-122.27237, 37.89347], [-122.27216, 37.89343], [-122.27217, 37.89341], [-122.27209, 37.89339], [-122.2721, 37.89337], [-122.27211, 37.89335], [-122.27212, 37.89334], [-122.27212, 37.89332], [-122.27211, 37.89328], [-122.27212, 37.8932], [-122.27214, 37.89314], [-122.27216, 37.89311], [-122.2722, 37.89308], [-122.27224, 37.89306], [-122.27228, 37.89305]]]}, "properties": {"name": "Mortar Rock Park", "place": "", "kind": "park"}}, {"type": "Feature", "geometry": {"type": "Polygon", "coordinates": [[[-122.26108, 37.89242], [-122.26099, 37.8924], [-122.26089, 37.89241], [-122.26081, 37.89243], [-122.26066, 37.8925], [-122.26061, 37.89252], [-122.26057, 37.89252], [-122.26054, 37.89249], [-122.26045, 37.89238], [-122.26038, 37.89241], [-122.26031, 37.8923], [-122.26025, 37.89232], [-122.2602, 37.89226], [-122.26011, 37.89214], [-122.26024, 37.8921], [-122.2609, 37.89179], [-122.26128, 37.89144], [-122.26134, 37.89148], [-122.26111, 37.89169], [-122.26125, 37.89194], [-122.26139, 37.89201], [-122.2615, 37.89201], [-122.26168, 37.89203], [-122.26198, 37.89206], [-122.26196, 37.89219], [-122.26153, 37.89217], [-122.26147, 37.89223], [-122.2615, 37.89231], [-122.26143, 37.89235], [-122.26143, 37.89248], [-122.26129, 37.89255], [-122.26127, 37.89256], [-122.26122, 37.8925], [-122.26116, 37.89246], [-122.26111, 37.89243], [-122.26108, 37.89242]]]}, "properties": {"name": "Remillard Park", "place": "", "kind": "park"}}, {"type": "Feature", "geometry": {"type": "Polygon", "coordinates": [[[-122.28549, 37.89141], [-122.28549, 37.89139], [-122.28547, 37.89114], [-122.28566, 37.89113], [-122.28567, 37.89115], [-122.28567, 37.89117], [-122.28567, 37.89118], [-122.28567, 37.89122], [-122.28568, 37.89134], [-122.28567, 37.89137], [-122.28566, 37.89138], [-122.28565, 37.89139], [-122.28562, 37.8914], [-122.28549, 37.89141]]]}, "properties": {"name": "Solano-Peralta Park", "place": "", "kind": "park"}}, {"type": "Feature", "geometry": {"type": "Polygon", "coordinates": [[[-122.41074, 37.9435], [-122.41154, 37.94319], [-122.4116, 37.94317], [-122.41123, 37.94259], [-122.41074, 37.94142], [-122.41054, 37.94009], [-122.41057, 37.93951], [-122.41047, 37.9395], [-122.40996, 37.93946], [-122.40987, 37.9407], [-122.40986, 37.94109], [-122.40989, 37.94134], [-122.41009, 37.9421], [-122.41036, 37.94283], [-122.41074, 37.9435]]]}, "properties": {"name": "Point Molate Beach Park", "place": "", "kind": "park"}}, {"type": "Feature", "geometry": {"type": "Polygon", "coordinates": [[[-122.29346, 37.89048], [-122.2932, 37.89049], [-122.29313, 37.89024], [-122.29266, 37.88886], [-122.29236, 37.88792], [-122.29236, 37.88792], [-122.29239, 37.88793], [-122.29263, 37.88788], [-122.29342, 37.89034], [-122.29346, 37.89048]]]}, "properties": {"name": "Ohlone Greenway", "place": "", "kind": "park"}}, {"type": "Feature", "geometry": {"type": "Polygon", "coordinates": [[[-122.29228, 37.88769], [-122.29229, 37.88769], [-122.2923, 37.88767], [-122.29255, 37.88763], [-122.29169, 37.88496], [-122.29143, 37.88501], [-122.2915, 37.88521], [-122.29228, 37.88769]]]}, "properties": {"name": "Ohlone Greenway", "place": "", "kind": "park"}}, {"type": "Feature", "geometry": {"type": "Polygon", "coordinates": [[[-122.29138, 37.88489], [-122.29167, 37.88483], [-122.29111, 37.88309], [-122.29087, 37.88313], [-122.29072, 37.88316], [-122.29063, 37.88317], [-122.29092, 37.88384], [-122.29138, 37.88489]]]}, "properties": {"name": "Ohlone Greenway", "place": "", "kind": "park"}}, {"type": "Feature", "geometry": {"type": "Polygon", "coordinates": [[[-122.27245, 38.00871], [-122.27267, 38.00913], [-122.27295, 38.00935], [-122.27345, 38.00933], [-122.27393, 38.00921], [-122.27537, 38.00785], [-122.27538, 38.00777], [-122.27515, 38.00769], [-122.27492, 38.00759], [-122.27476, 38.00751], [-122.2746, 38.00743], [-122.27446, 38.00757], [-122.27436, 38.00766], [-122.27431, 38.00771], [-122.27426, 38.00774], [-122.2742, 38.00778], [-122.27417, 38.00781], [-122.27393, 38.00796], [-122.2736, 38.00766], [-122.27347, 38.00775], [-122.27276, 38.00807], [-122.27267, 38.00813], [-122.27235, 38.00815], [-122.272, 38.00817], [-122.27178, 38.00817], [-122.27171, 38.00815], [-122.27162, 38.00813], [-122.2715, 38.00842], [-122.27192, 38.00866], [-122.27201, 38.00861], [-122.27212, 38.00856], [-122.27235, 38.0085], [-122.27261, 38.00846], [-122.27279, 38.00848], [-122.27262, 38.00856], [-122.2724, 38.0086], [-122.27245, 38.00871]]]}, "properties": {"name": "Valley Oak Villas", "place": "", "kind": "subdivision"}}, {"type": "Feature", "geometry": {"type": "Polygon", "coordinates": [[[-122.27795, 38.0155], [-122.27794, 38.01553], [-122.27793, 38.01567], [-122.27792, 38.01568], [-122.27792, 38.01569], [-122.27791, 38.01584], [-122.2779, 38.01585], [-122.2779, 38.01586], [-122.27789, 38.01586], [-122.27788, 38.01586], [-122.27782, 38.01586], [-122.27751, 38.01586], [-122.27723, 38.01584], [-122.27724, 38.01578], [-122.27724, 38.01576], [-122.27727, 38.01551], [-122.27727, 38.01549], [-122.27728, 38.01543], [-122.27729, 38.01543], [-122.27787, 38.01547], [-122.27792, 38.01547], [-122.27793, 38.01547], [-122.27794, 38.01548], [-122.27795, 38.01549], [-122.27795, 38.0155]]]}, "properties": {"name": "Bayside Park", "place": "", "kind": "park"}}, {"type": "Feature", "geometry": {"type": "Polygon", "coordinates": [[[-122.26029, 38.03492], [-122.26476, 38.03932], [-122.2644, 38.03949], [-122.26371, 38.03983], [-122.26343, 38.03997], [-122.26308, 38.03957], [-122.2622, 38.04005], [-122.26178, 38.03955], [-122.26053, 38.03949], [-122.26059, 38.03843], [-122.25958, 38.03781], [-122.259, 38.03779], [-122.25899, 38.03713], [-122.25944, 38.03713], [-122.25945, 38.03589], [-122.25955, 38.03551], [-122.26004, 38.03527], [-122.26029, 38.03492]]]}, "properties": {"name": "Bayo Vista", "place": "", "kind": "subdivision"}}, {"type": "Feature", "geometry": {"type": "Polygon", "coordinates": [[[-122.33181, 37.94272], [-122.33139, 37.94265], [-122.33136, 37.94264], [-122.33134, 37.94262], [-122.33133, 37.9426], [-122.33132, 37.94258], [-122.33135, 37.9425], [-122.33135, 37.94248], [-122.3314, 37.9423], [-122.33141, 37.94228], [-122.33143, 37.94227], [-122.33146, 37.94227], [-122.33148, 37.94227], [-122.3315, 37.94227], [-122.33152, 37.94228], [-122.33166, 37.94245], [-122.33167, 37.94246], [-122.33185, 37.94261], [-122.33188, 37.94263], [-122.33189, 37.94265], [-122.33189, 37.94267], [-122.33188, 37.94268], [-122.33187, 37.9427], [-122.33186, 37.94271], [-122.33183, 37.94272], [-122.33181, 37.94272]]]}, "properties": {"name": "Solano Playlot", "place": "", "kind": "park"}}, {"type": "Feature", "geometry": {"type": "Polygon", "coordinates": [[[-122.30617, 37.88457], [-122.30604, 37.8842], [-122.30534, 37.88435], [-122.30482, 37.88292], [-122.30367, 37.88315], [-122.30343, 37.88244], [-122.30319, 37.88242], [-122.30244, 37.88254], [-122.30027, 37.88297], [-122.30032, 37.88314], [-122.30021, 37.88315], [-122.30008, 37.88321], [-122.29997, 37.88332], [-122.29985, 37.88353], [-122.29978, 37.88376], [-122.29973, 37.884], [-122.29978, 37.88435], [-122.29984, 37.88459], [-122.30039, 37.88628], [-122.30322, 37.88582], [-122.30319, 37.88537], [-122.30568, 37.88523], [-122.30554, 37.88471], [-122.30617, 37.88457]]]}, "properties": {"name": "University Village", "place": "", "kind": "subdivision"}}, {"type": "Feature", "geometry": {"type": "Polygon", "coordinates": [[[-122.36202, 37.93827], [-122.36327, 37.93826], [-122.36347, 37.938], [-122.36357, 37.93782], [-122.36364, 37.93764], [-122.36365, 37.93743], [-122.36364, 37.93692], [-122.36193, 37.93692], [-122.36194, 37.93745], [-122.3624, 37.93745], [-122.3624, 37.93793], [-122.36194, 37.93792], [-122.36195, 37.93821], [-122.36202, 37.93827]]]}, "properties": {"name": "Barrett Terrace Plaza Apartments", "place": "", "kind": "subdivision"}}, {"type": "Feature", "geometry": {"type": "Polygon", "coordinates": [[[-122.32539, 37.9159], [-122.32571, 37.91571], [-122.32761, 37.91751], [-122.32246, 37.91823], [-122.32245, 37.91625], [-122.32077, 37.91624], [-122.32079, 37.91568], [-122.32159, 37.91569], [-122.32206, 37.91562], [-122.32252, 37.91547], [-122.32291, 37.91525], [-122.32308, 37.91509], [-122.32327, 37.91519], [-122.32396, 37.91573], [-122.3242, 37.9156], [-122.32428, 37.9157], [-122.32434, 37.91577], [-122.3244, 37.91587], [-122.3245, 37.91605], [-122.32539, 37.9159]]]}, "properties": {"name": "Crescent Park Apartments", "place": "", "kind": "subdivision"}}, {"type": "Feature", "geometry": {"type": "Polygon", "coordinates": [[[-122.30425, 37.89862], [-122.30409, 37.89831], [-122.30557, 37.89814], [-122.30565, 37.89813], [-122.30583, 37.8984], [-122.30576, 37.89842], [-122.30562, 37.89846], [-122.3055, 37.89854], [-122.30516, 37.89864], [-122.30513, 37.89857], [-122.3048, 37.89867], [-122.30479, 37.89864], [-122.3048, 37.89859], [-122.3048, 37.89855], [-122.30478, 37.89852], [-122.30474, 37.89849], [-122.30468, 37.89849], [-122.30457, 37.89852], [-122.30425, 37.89862]]]}, "properties": {"name": "Creekside Park", "place": "", "kind": "park"}}, {"type": "Feature", "geometry": {"type": "Polygon", "coordinates": [[[-122.26892, 38.02309], [-122.26865, 38.02293], [-122.26882, 38.02278], [-122.2691, 38.0229], [-122.26892, 38.02309]]]}, "properties": {"name": "Alexandria Victoria By the Bay Park", "place": "", "kind": "park"}}, {"type": "Feature", "geometry": {"type": "Polygon", "coordinates": [[[-122.26917, 38.02322], [-122.26795, 38.02251], [-122.26916, 38.02135], [-122.26925, 38.02141], [-122.26942, 38.02122], [-122.26951, 38.02121], [-122.2695, 38.02119], [-122.26955, 38.02116], [-122.26961, 38.02117], [-122.26964, 38.0212], [-122.26969, 38.02119], [-122.26983, 38.0213], [-122.26984, 38.02129], [-122.27046, 38.0219], [-122.27031, 38.02204], [-122.26917, 38.02322]]]}, "properties": {"name": "Alexandria Victoria By the Bay", "place": "", "kind": "subdivision"}}, {"type": "Feature", "geometry": {"type": "Polygon", "coordinates": [[[-122.27491, 38.03117], [-122.27412, 38.03035], [-122.27417, 38.03029], [-122.2742, 38.03022], [-122.27425, 38.03004], [-122.27429, 38.02992], [-122.27432, 38.02986], [-122.27435, 38.02984], [-122.27441, 38.02983], [-122.27467, 38.02985], [-122.27472, 38.02986], [-122.27477, 38.02988], [-122.27485, 38.02989], [-122.27487, 38.03], [-122.27519, 38.03012], [-122.27552, 38.03015], [-122.27542, 38.0304], [-122.27536, 38.03049], [-122.27527, 38.03059], [-122.27514, 38.0307], [-122.27502, 38.03078], [-122.27496, 38.03086], [-122.27493, 38.03093], [-122.27491, 38.03117]]]}, "properties": {"name": "Shoreline Park", "place": "", "kind": "park"}}, {"type": "Feature", "geometry": {"type": "Polygon", "coordinates": [[[-122.28362, 38.01683], [-122.28331, 38.01703], [-122.2833, 38.01705], [-122.2833, 38.01708], [-122.28358, 38.01758], [-122.28361, 38.01757], [-122.28418, 38.01735], [-122.28434, 38.01711], [-122.28426, 38.01708], [-122.28421, 38.01708], [-122.28407, 38.01704], [-122.28401, 38.01702], [-122.28393, 38.01699], [-122.28385, 38.01695], [-122.28378, 38.01691], [-122.28366, 38.01682], [-122.28364, 38.01681], [-122.28362, 38.01683]]]}, "properties": {"name": "Frog Pad Park", "place": "", "kind": "park"}}, {"type": "Feature", "geometry": {"type": "Polygon", "coordinates": [[[-122.29122, 38.01594], [-122.29119, 38.01595], [-122.29108, 38.016], [-122.29106, 38.01598], [-122.29081, 38.0157], [-122.29093, 38.01564], [-122.29097, 38.01561], [-122.29103, 38.01556], [-122.29111, 38.01551], [-122.29116, 38.01548], [-122.29126, 38.01541], [-122.29127, 38.0154], [-122.29135, 38.01549], [-122.29135, 38.0155], [-122.29136, 38.01551], [-122.29137, 38.01552], [-122.29138, 38.01553], [-122.29139, 38.01554], [-122.2914, 38.01556], [-122.29141, 38.01557], [-122.29142, 38.01558], [-122.29143, 38.01559], [-122.29144, 38.0156], [-122.29145, 38.01561], [-122.29146, 38.01563], [-122.29147, 38.01564], [-122.29148, 38.01565], [-122.29149, 38.01566], [-122.2915, 38.01567], [-122.29151, 38.01568], [-122.29152, 38.01569], [-122.29153, 38.01571], [-122.29154, 38.01572], [-122.29156, 38.01574], [-122.29157, 38.01576], [-122.29158, 38.01577], [-122.29156, 38.0158], [-122.29128, 38.01591], [-122.29122, 38.01594]]]}, "properties": {"name": "Railroad Park", "place": "", "kind": "park"}}, {"type": "Feature", "geometry": {"type": "Polygon", "coordinates": [[[-122.28467, 38.01709], [-122.28466, 38.0171], [-122.28463, 38.01709], [-122.28431, 38.01699], [-122.28427, 38.01697], [-122.28418, 38.01694], [-122.28405, 38.01687], [-122.28393, 38.01681], [-122.28382, 38.01674], [-122.28376, 38.01669], [-122.28372, 38.01666], [-122.28361, 38.01656], [-122.28351, 38.01644], [-122.28346, 38.01636], [-122.2834, 38.01626], [-122.28335, 38.01614], [-122.28326, 38.016], [-122.28315, 38.01587], [-122.28303, 38.01576], [-122.28297, 38.01571], [-122.28291, 38.01566], [-122.28288, 38.01564], [-122.28278, 38.01557], [-122.28235, 38.01529], [-122.28087, 38.0143], [-122.28037, 38.01414], [-122.27993, 38.01409], [-122.2797, 38.01411], [-122.27981, 38.01373], [-122.28074, 38.01375], [-122.28073, 38.01352], [-122.28111, 38.0135], [-122.28111, 38.01352], [-122.28115, 38.01387], [-122.28137, 38.01413], [-122.28162, 38.01437], [-122.28188, 38.01463], [-122.28213, 38.01491], [-122.28215, 38.01492], [-122.28243, 38.01508], [-122.28264, 38.01507], [-122.28295, 38.01489], [-122.28412, 38.01426], [-122.28428, 38.01449], [-122.28437, 38.01459], [-122.28445, 38.01465], [-122.28455, 38.01471], [-122.28479, 38.01478], [-122.28483, 38.01479], [-122.28484, 38.01479], [-122.28484, 38.0148], [-122.28483, 38.01484], [-122.28482, 38.01487], [-122.28472, 38.01536], [-122.28476, 38.01552], [-122.28485, 38.01565], [-122.28503, 38.01581], [-122.28512, 38.01588], [-122.28526, 38.01596], [-122.28527, 38.01615], [-122.28518, 38.01617], [-122.2851, 38.0162], [-122.28506, 38.01625], [-122.28491, 38.01667], [-122.28488, 38.0167], [-122.28485, 38.01673], [-122.28483, 38.01673], [-122.28482, 38.01673], [-122.28479, 38.0168], [-122.28478, 38.01686], [-122.28477, 38.01692], [-122.2847, 38.01707], [-122.28467, 38.01709]]]}, "properties": {"name": "Duck Pond Park", "place": "", "kind": "park"}}, {"type": "Feature", "geometry": {"type": "Polygon", "coordinates": [[[-122.29752, 38.01261], [-122.2976, 38.01256], [-122.29762, 38.01254], [-122.29765, 38.01244], [-122.29767, 38.01237], [-122.29762, 38.0123], [-122.2976, 38.01202], [-122.29766, 38.01185], [-122.29773, 38.01171], [-122.29804, 38.01133], [-122.29839, 38.01098], [-122.29858, 38.01084], [-122.29875, 38.01083], [-122.29895, 38.01083], [-122.29904, 38.01083], [-122.29912, 38.01077], [-122.29917, 38.01067], [-122.29922, 38.01053], [-122.29927, 38.01045], [-122.29947, 38.0102], [-122.29883, 38.01027], [-122.29817, 38.01051], [-122.29761, 38.01078], [-122.29683, 38.01146], [-122.29608, 38.01208], [-122.29618, 38.01214], [-122.29649, 38.0122], [-122.29675, 38.01215], [-122.29693, 38.0122], [-122.29709, 38.01224], [-122.29722, 38.01244], [-122.29752, 38.01261]]]}, "properties": {"name": "Bayfront Park", "place": "", "kind": "park"}}, {"type": "Feature", "geometry": {"type": "Polygon", "coordinates": [[[-122.3134, 37.92107], [-122.31342, 37.92106], [-122.31346, 37.92107], [-122.31353, 37.92104], [-122.31354, 37.921], [-122.31365, 37.92095], [-122.31306, 37.9202], [-122.31242, 37.91937], [-122.31241, 37.91933], [-122.31193, 37.91872], [-122.31174, 37.91845], [-122.31162, 37.91831], [-122.31138, 37.918], [-122.31115, 37.91772], [-122.31094, 37.91745], [-122.31067, 37.9171], [-122.31025, 37.91656], [-122.31017, 37.91646], [-122.30999, 37.91654], [-122.31012, 37.91675], [-122.31078, 37.91756], [-122.3108, 37.91768], [-122.31088, 37.91777], [-122.31109, 37.91804], [-122.31114, 37.91807], [-122.31121, 37.91807], [-122.31129, 37.91807], [-122.31157, 37.91842], [-122.31202, 37.919], [-122.31243, 37.91953], [-122.31298, 37.92023], [-122.31298, 37.92023], [-122.31281, 37.9203], [-122.3134, 37.92107]]]}, "properties": {"name": "Ohlone Greenway", "place": "", "kind": "park"}}, {"type": "Feature", "geometry": {"type": "Polygon", "coordinates": [[[-122.3089, 37.91483], [-122.30866, 37.91493], [-122.30914, 37.91553], [-122.30946, 37.91595], [-122.30984, 37.91644], [-122.31008, 37.91633], [-122.3096, 37.91572], [-122.30942, 37.91549], [-122.30905, 37.91501], [-122.3089, 37.91483]]]}, "properties": {"name": "Ohlone Greenway", "place": "", "kind": "park"}}, {"type": "Feature", "geometry": {"type": "Polygon", "coordinates": [[[-122.30855, 37.9148], [-122.30879, 37.91469], [-122.30832, 37.91408], [-122.30784, 37.91348], [-122.3076, 37.91359], [-122.3079, 37.91399], [-122.30808, 37.91421], [-122.30835, 37.91456], [-122.30855, 37.9148]]]}, "properties": {"name": "Ohlone Greenway", "place": "", "kind": "park"}}, {"type": "Feature", "geometry": {"type": "Polygon", "coordinates": [[[-122.30752, 37.91347], [-122.30775, 37.91337], [-122.30718, 37.91266], [-122.30678, 37.91215], [-122.30655, 37.91225], [-122.30679, 37.91256], [-122.30704, 37.91288], [-122.30731, 37.91321], [-122.30752, 37.91347]]]}, "properties": {"name": "Ohlone Greenway", "place": "", "kind": "park"}}, {"type": "Feature", "geometry": {"type": "Polygon", "coordinates": [[[-122.30643, 37.91209], [-122.30666, 37.912], [-122.30624, 37.91148], [-122.30588, 37.91103], [-122.30544, 37.91048], [-122.30522, 37.91057], [-122.30559, 37.91106], [-122.30584, 37.91135], [-122.30623, 37.91185], [-122.30643, 37.91209]]]}, "properties": {"name": "Ohlone Greenway", "place": "", "kind": "park"}}, {"type": "Feature", "geometry": {"type": "Polygon", "coordinates": [[[-122.30511, 37.91046], [-122.30521, 37.91042], [-122.30522, 37.91044], [-122.30536, 37.91038], [-122.30533, 37.91036], [-122.30497, 37.90991], [-122.30433, 37.90912], [-122.30402, 37.90873], [-122.30381, 37.90882], [-122.30415, 37.90926], [-122.30438, 37.90956], [-122.30457, 37.9098], [-122.30472, 37.90997], [-122.30488, 37.91016], [-122.30511, 37.91046]]]}, "properties": {"name": "Ohlone Greenway", "place": "", "kind": "park"}}, {"type": "Feature", "geometry": {"type": "Polygon", "coordinates": [[[-122.30367, 37.90871], [-122.30393, 37.9086], [-122.30375, 37.90839], [-122.30363, 37.90825], [-122.30344, 37.90801], [-122.30338, 37.90804], [-122.30246, 37.90692], [-122.30217, 37.90656], [-122.30222, 37.90655], [-122.30122, 37.90529], [-122.30098, 37.90536], [-122.30144, 37.90596], [-122.30155, 37.9061], [-122.30149, 37.90612], [-122.30167, 37.90634], [-122.30159, 37.90636], [-122.30175, 37.90656], [-122.30207, 37.90695], [-122.30221, 37.90691], [-122.30242, 37.90716], [-122.30266, 37.90763], [-122.30279, 37.90764], [-122.303, 37.90784], [-122.30314, 37.90804], [-122.3032, 37.90813], [-122.30367, 37.90871]]]}, "properties": {"name": "Ohlone Greenway", "place": "", "kind": "park"}}, {"type": "Feature", "geometry": {"type": "Polygon", "coordinates": [[[-122.30085, 37.90523], [-122.30109, 37.90515], [-122.30068, 37.90452], [-122.30063, 37.90451], [-122.30057, 37.9045], [-122.30051, 37.90443], [-122.30004, 37.90387], [-122.29971, 37.90343], [-122.29968, 37.90342], [-122.2993, 37.90351], [-122.29952, 37.90368], [-122.29973, 37.90387], [-122.29988, 37.90404], [-122.30011, 37.90433], [-122.3002, 37.90444], [-122.30043, 37.90471], [-122.30085, 37.90523]]]}, "properties": {"name": "Ohlone Greenway", "place": "", "kind": "park"}}, {"type": "Feature", "geometry": {"type": "Polygon", "coordinates": [[[-122.31352, 37.92122], [-122.31379, 37.92109], [-122.31421, 37.92163], [-122.31453, 37.92204], [-122.31425, 37.92215], [-122.31412, 37.92197], [-122.31423, 37.92192], [-122.31388, 37.92149], [-122.31386, 37.92146], [-122.3137, 37.92126], [-122.3136, 37.92131], [-122.31352, 37.92122]]]}, "properties": {"name": "Ohlone Greenway", "place": "", "kind": "park"}}, {"type": "Feature", "geometry": {"type": "Polygon", "coordinates": [[[-122.31439, 37.92227], [-122.31464, 37.92215], [-122.31569, 37.92379], [-122.31575, 37.92387], [-122.3158, 37.92395], [-122.31583, 37.92403], [-122.31587, 37.92411], [-122.31575, 37.92417], [-122.31548, 37.92371], [-122.31528, 37.92339], [-122.31523, 37.92332], [-122.31504, 37.92309], [-122.31482, 37.92282], [-122.3147, 37.92266], [-122.31439, 37.92227]]]}, "properties": {"name": "Ohlone Greenway", "place": "", "kind": "park"}}, {"type": "Feature", "geometry": {"type": "Polygon", "coordinates": [[[-122.35288, 37.91468], [-122.35302, 37.91468], [-122.35312, 37.9146], [-122.35312, 37.91446], [-122.35312, 37.9144], [-122.35312, 37.91435], [-122.35315, 37.91432], [-122.35322, 37.91425], [-122.35323, 37.91426], [-122.3534, 37.91426], [-122.35341, 37.91426], [-122.3535, 37.91425], [-122.35376, 37.91446], [-122.35404, 37.91447], [-122.35408, 37.9144], [-122.3545, 37.9144], [-122.35466, 37.91424], [-122.35467, 37.91411], [-122.35467, 37.91378], [-122.35458, 37.91378], [-122.35459, 37.91358], [-122.35468, 37.91356], [-122.35468, 37.91333], [-122.35484, 37.91333], [-122.35484, 37.91312], [-122.35475, 37.91312], [-122.35476, 37.91308], [-122.35469, 37.91308], [-122.35469, 37.91244], [-122.35469, 37.91242], [-122.35479, 37.91242], [-122.35479, 37.91235], [-122.35488, 37.91235], [-122.35487, 37.9122], [-122.35482, 37.91215], [-122.35476, 37.91215], [-122.35476, 37.91211], [-122.3547, 37.91211], [-122.3547, 37.91199], [-122.35471, 37.91191], [-122.35471, 37.91182], [-122.35472, 37.91173], [-122.35471, 37.91167], [-122.35473, 37.91161], [-122.35471, 37.91156], [-122.35472, 37.91152], [-122.3547, 37.91147], [-122.35471, 37.9114], [-122.35473, 37.91093], [-122.3547, 37.91089], [-122.35456, 37.91089], [-122.35455, 37.91349], [-122.3545, 37.91354], [-122.35449, 37.91402], [-122.35448, 37.91407], [-122.35436, 37.91417], [-122.35419, 37.91428], [-122.35404, 37.91429], [-122.35376, 37.91429], [-122.35367, 37.91428], [-122.35353, 37.91419], [-122.35353, 37.91381], [-122.35352, 37.91381], [-122.35305, 37.91381], [-122.35306, 37.91413], [-122.35303, 37.91414], [-122.35301, 37.91415], [-122.35298, 37.91415], [-122.35299, 37.91441], [-122.35275, 37.91459], [-122.35235, 37.91459], [-122.35235, 37.91467], [-122.35219, 37.9148], [-122.35135, 37.9148], [-122.35134, 37.91477], [-122.35133, 37.91478], [-122.35131, 37.91478], [-122.35131, 37.9148], [-122.35131, 37.91485], [-122.35134, 37.91486], [-122.35135, 37.91498], [-122.35137, 37.91498], [-122.35137, 37.91486], [-122.35184, 37.91486], [-122.35222, 37.91486], [-122.35245, 37.91468], [-122.35288, 37.91468]]]}, "properties": {"name": "Richmond Bay Trail", "place": "", "kind": "park"}}, {"type": "Feature", "geometry": {"type": "Polygon", "coordinates": [[[-122.31138, 37.91214], [-122.31201, 37.91188], [-122.31197, 37.91183], [-122.31165, 37.91196], [-122.31144, 37.91165], [-122.31114, 37.91179], [-122.31138, 37.91214]]]}, "properties": {"name": "Mendocino Park", "place": "", "kind": "park"}}, {"type": "Feature", "geometry": {"type": "Polygon", "coordinates": [[[-122.32502, 37.90751], [-122.32485, 37.90744], [-122.32416, 37.90711], [-122.32365, 37.90678], [-122.32308, 37.90641], [-122.32264, 37.906], [-122.32202, 37.90528], [-122.32201, 37.90518], [-122.32204, 37.90504], [-122.32308, 37.90456], [-122.32346, 37.90406], [-122.3234, 37.90365], [-122.32386, 37.90296], [-122.32456, 37.90244], [-122.32468, 37.90239], [-122.32481, 37.90238], [-122.32498, 37.9024], [-122.32509, 37.90241], [-122.32508, 37.90309], [-122.32523, 37.90308], [-122.32527, 37.90161], [-122.3252, 37.90156], [-122.3251, 37.90156], [-122.32017, 37.90396], [-122.32006, 37.90397], [-122.31996, 37.90402], [-122.31982, 37.90409], [-122.31973, 37.90417], [-122.32044, 37.90507], [-122.32154, 37.90629], [-122.32281, 37.90852], [-122.32314, 37.90837], [-122.32348, 37.90867], [-122.32422, 37.90866], [-122.32499, 37.90889], [-122.32502, 37.90751]]]}, "properties": {"name": "North Point Isabel", "place": "", "kind": "park"}}, {"type": "Feature", "geometry": {"type": "Polygon", "coordinates": [[[-122.31739, 37.89095], [-122.31742, 37.88931], [-122.31901, 37.88928], [-122.31929, 37.8893], [-122.32041, 37.88927], [-122.32071, 37.88921], [-122.3209, 37.88915], [-122.32113, 37.88914], [-122.32133, 37.88916], [-122.32144, 37.88921], [-122.32154, 37.88926], [-122.32168, 37.88928], [-122.32183, 37.88926], [-122.32197, 37.88928], [-122.3221, 37.8893], [-122.32224, 37.88929], [-122.32269, 37.88925], [-122.32308, 37.88916], [-122.32316, 37.88908], [-122.32319, 37.88894], [-122.32318, 37.88851], [-122.32321, 37.88842], [-122.32319, 37.88835], [-122.32319, 37.8883], [-122.3232, 37.88824], [-122.32323, 37.8882], [-122.3233, 37.88826], [-122.32336, 37.88829], [-122.32342, 37.88828], [-122.32348, 37.88825], [-122.32358, 37.88817], [-122.32355, 37.89125], [-122.32345, 37.89124], [-122.32333, 37.89105], [-122.323, 37.8902], [-122.32291, 37.88999], [-122.32169, 37.89], [-122.32105, 37.88996], [-122.31975, 37.88999], [-122.31945, 37.89011], [-122.3193, 37.89026], [-122.31908, 37.89032], [-122.31875, 37.8905], [-122.31853, 37.89056], [-122.31739, 37.89095]]]}, "properties": {"name": "Albany Neck", "place": "", "kind": "park"}}, {"type": "Feature", "geometry": {"type": "Polygon", "coordinates": [[[-122.31739, 37.89095], [-122.31671, 37.89091], [-122.31631, 37.89097], [-122.31619, 37.89105], [-122.31622, 37.89166], [-122.31615, 37.8917], [-122.31592, 37.89167], [-122.31571, 37.89167], [-122.31556, 37.89169], [-122.31541, 37.8917], [-122.31512, 37.89169], [-122.31451, 37.89173], [-122.31415, 37.89172], [-122.31391, 37.89171], [-122.31379, 37.89158], [-122.31319, 37.89114], [-122.31202, 37.89033], [-122.31183, 37.89033], [-122.31189, 37.89026], [-122.31194, 37.8902], [-122.31194, 37.89014], [-122.3119, 37.89008], [-122.31175, 37.88977], [-122.31174, 37.88972], [-122.31169, 37.88967], [-122.31164, 37.88963], [-122.31165, 37.88961], [-122.31192, 37.88964], [-122.31204, 37.88965], [-122.31347, 37.88961], [-122.31592, 37.88956], [-122.31592, 37.88939], [-122.31592, 37.88923], [-122.31592, 37.88801], [-122.31607, 37.88786], [-122.31648, 37.8883], [-122.3168, 37.88865], [-122.31716, 37.88903], [-122.31742, 37.88931], [-122.31739, 37.89095]]]}, "properties": {"name": "Albany Plateau", "place": "", "kind": "park"}}, {"type": "Feature", "geometry": {"type": "Polygon", "coordinates": [[[-122.37315, 37.90972], [-122.37359, 37.90966], [-122.37398, 37.90961], [-122.37404, 37.9096], [-122.37467, 37.91019], [-122.3755, 37.90962], [-122.37589, 37.90947], [-122.37614, 37.90945], [-122.37579, 37.90929], [-122.37497, 37.90863], [-122.37468, 37.9084], [-122.37455, 37.90814], [-122.37438, 37.90792], [-122.37412, 37.90778], [-122.37392, 37.90774], [-122.3732, 37.90743], [-122.37319, 37.90941], [-122.37315, 37.90972]]]}, "properties": {"name": "Waterline", "place": "", "kind": "subdivision"}}, {"type": "Feature", "geometry": {"type": "Polygon", "coordinates": [[[-122.27431, 38.00771], [-122.27411, 38.00752], [-122.27396, 38.00742], [-122.27392, 38.00739], [-122.27378, 38.00688], [-122.27369, 38.00689], [-122.27368, 38.00686], [-122.27364, 38.00686], [-122.27359, 38.00665], [-122.27318, 38.00671], [-122.27315, 38.00669], [-122.27309, 38.00651], [-122.27256, 38.00633], [-122.2726, 38.006], [-122.27248, 38.00548], [-122.27235, 38.00519], [-122.27286, 38.00518], [-122.27408, 38.00515], [-122.27449, 38.00514], [-122.2746, 38.00539], [-122.27482, 38.00573], [-122.27487, 38.00581], [-122.2749, 38.00587], [-122.27494, 38.00594], [-122.27501, 38.00609], [-122.27505, 38.00624], [-122.27508, 38.0064], [-122.27506, 38.0066], [-122.27503, 38.00671], [-122.27501, 38.0068], [-122.27497, 38.00689], [-122.27494, 38.00697], [-122.27484, 38.00713], [-122.27472, 38.00728], [-122.2746, 38.00743], [-122.27446, 38.00757], [-122.27436, 38.00766], [-122.27431, 38.00771]]]}, "properties": {"name": "Ohlone Park", "place": "", "kind": "park"}}, {"type": "Feature", "geometry": {"type": "Polygon", "coordinates": [[[-122.29335, 37.90153], [-122.29437, 37.90122], [-122.29461, 37.9017], [-122.2948, 37.90206], [-122.29472, 37.90208], [-122.29463, 37.90211], [-122.29455, 37.90212], [-122.29447, 37.90212], [-122.29438, 37.90212], [-122.29429, 37.90211], [-122.29422, 37.90209], [-122.29414, 37.90206], [-122.29406, 37.90203], [-122.294, 37.90199], [-122.29394, 37.90195], [-122.2939, 37.9019], [-122.29388, 37.90185], [-122.29387, 37.90181], [-122.29347, 37.90189], [-122.29335, 37.90153]]]}, "properties": {"name": "Harding Park", "place": "", "kind": "park"}}, {"type": "Feature", "geometry": {"type": "Polygon", "coordinates": [[[-122.30666, 37.89056], [-122.3068, 37.89031], [-122.30696, 37.89035], [-122.30738, 37.89046], [-122.30715, 37.89165], [-122.30672, 37.89167], [-122.3067, 37.89167], [-122.30666, 37.89154], [-122.30669, 37.89152], [-122.30671, 37.89147], [-122.30672, 37.89147], [-122.30662, 37.89115], [-122.3066, 37.89113], [-122.30657, 37.89112], [-122.30655, 37.8911], [-122.30639, 37.89062], [-122.30666, 37.89056]]]}, "properties": {"name": "Peggy Thomsen Pierce Street Park", "place": "", "kind": "park"}}, {"type": "Feature", "geometry": {"type": "Polygon", "coordinates": [[[-122.30557, 37.89814], [-122.30534, 37.89768], [-122.30475, 37.89775], [-122.30397, 37.89726], [-122.3039, 37.89727], [-122.30331, 37.89668], [-122.30315, 37.89671], [-122.30285, 37.89677], [-122.30249, 37.89685], [-122.30269, 37.8974], [-122.30299, 37.89736], [-122.30312, 37.89753], [-122.30331, 37.8979], [-122.30349, 37.89821], [-122.30354, 37.89832], [-122.30357, 37.89836], [-122.30373, 37.89835], [-122.30409, 37.89831], [-122.30557, 37.89814]]]}, "properties": {"name": "Creekside Park", "place": "", "kind": "park"}}, {"type": "Feature", "geometry": {"type": "Polygon", "coordinates": [[[-122.25967, 38.02367], [-122.25989, 38.02358], [-122.26007, 38.02351], [-122.26029, 38.02342], [-122.26066, 38.02327], [-122.26041, 38.02285], [-122.26037, 38.0227], [-122.25999, 38.02262], [-122.25962, 38.02254], [-122.25929, 38.02247], [-122.25913, 38.02247], [-122.25876, 38.02212], [-122.25868, 38.02215], [-122.25886, 38.02251], [-122.25857, 38.0226], [-122.25796, 38.02266], [-122.25782, 38.02265], [-122.2576, 38.02265], [-122.25696, 38.02273], [-122.25692, 38.02256], [-122.25679, 38.02234], [-122.25669, 38.02226], [-122.25662, 38.02215], [-122.25642, 38.02222], [-122.25536, 38.02262], [-122.25474, 38.02283], [-122.25459, 38.02284], [-122.25433, 38.02285], [-122.25413, 38.02281], [-122.25388, 38.02262], [-122.25362, 38.02286], [-122.25323, 38.02301], [-122.25305, 38.02308], [-122.25273, 38.02319], [-122.25245, 38.0232], [-122.25187, 38.02321], [-122.25121, 38.02303], [-122.25044, 38.02268], [-122.25069, 38.02237], [-122.25076, 38.02213], [-122.25079, 38.02203], [-122.2508, 38.02198], [-122.25082, 38.02176], [-122.25083, 38.02164], [-122.25012, 38.02152], [-122.24993, 38.02143], [-122.24954, 38.0216], [-122.24931, 38.02182], [-122.24927, 38.022], [-122.24937, 38.02217], [-122.24947, 38.02237], [-122.24967, 38.02246], [-122.24997, 38.0226], [-122.25035, 38.02279], [-122.25032, 38.02283], [-122.25028, 38.02288], [-122.25024, 38.02291], [-122.25065, 38.02328], [-122.25108, 38.02333], [-122.25151, 38.0234], [-122.25179, 38.02352], [-122.25214, 38.02393], [-122.25252, 38.0238], [-122.25275, 38.02372], [-122.2531, 38.02364], [-122.25351, 38.02363], [-122.25368, 38.02369], [-122.25392, 38.02377], [-122.25427, 38.02397], [-122.2545, 38.02411], [-122.25505, 38.0239], [-122.25486, 38.02383], [-122.25473, 38.02377], [-122.25476, 38.02365], [-122.25478, 38.02352], [-122.255, 38.02346], [-122.25524, 38.0234], [-122.2555, 38.02348], [-122.2556, 38.02351], [-122.25605, 38.02325], [-122.25646, 38.02312], [-122.25704, 38.0231], [-122.25842, 38.02317], [-122.25871, 38.02319], [-122.25868, 38.02342], [-122.25866, 38.02359], [-122.25885, 38.02361], [-122.25899, 38.02369], [-122.25913, 38.02352], [-122.25924, 38.02339], [-122.25967, 38.02367]]]}, "properties": {"name": "Viewpoint Top Park", "place": "", "kind": "park"}}, {"type": "Feature", "geometry": {"type": "Polygon", "coordinates": [[[-122.24579, 37.99752], [-122.24592, 37.99705], [-122.24552, 37.99697], [-122.2451, 37.99686], [-122.24485, 37.99708], [-122.2448, 37.99712], [-122.24473, 37.99717], [-122.24483, 37.9973], [-122.2449, 37.99739], [-122.24506, 37.99759], [-122.24541, 37.9975], [-122.24572, 37.99752], [-122.24579, 37.99752]]]}, "properties": {"name": "Beechnut Mini Park", "place": "", "kind": "park"}}, {"type": "Feature", "geometry": {"type": "Polygon", "coordinates": [[[-122.35577, 37.92111], [-122.35578, 37.91971], [-122.35283, 37.91969], [-122.35282, 37.9211], [-122.35577, 37.92111]]]}, "properties": {"name": "Rows/Places at NOMA", "place": "", "kind": "subdivision"}}, {"type": "Feature", "geometry": {"type": "Polygon", "coordinates": [[[-122.21965, 38.05585], [-122.21965, 38.05546], [-122.21882, 38.05545], [-122.21882, 38.05584], [-122.21965, 38.05585]]]}, "properties": {"name": "Rithet Park", "place": "", "kind": "park"}}, {"type": "Feature", "geometry": {"type": "Polygon", "coordinates": [[[-122.23479, 38.07255], [-122.23485, 38.07238], [-122.23487, 38.07236], [-122.23485, 38.07233], [-122.23482, 38.0723], [-122.23468, 38.07224], [-122.23452, 38.07221], [-122.23433, 38.07224], [-122.23414, 38.07232], [-122.23392, 38.07244], [-122.23374, 38.07259], [-122.23351, 38.07281], [-122.23337, 38.07302], [-122.23324, 38.07313], [-122.23303, 38.07323], [-122.23279, 38.07328], [-122.23232, 38.0733], [-122.23212, 38.07332], [-122.23185, 38.07341], [-122.23155, 38.07358], [-122.23161, 38.07368], [-122.23173, 38.07386], [-122.23182, 38.07432], [-122.23241, 38.07486], [-122.23278, 38.07477], [-122.23376, 38.0761], [-122.23393, 38.07623], [-122.23416, 38.07635], [-122.23449, 38.07652], [-122.23457, 38.0766], [-122.23447, 38.07674], [-122.23604, 38.07748], [-122.23657, 38.07774], [-122.23665, 38.07756], [-122.23668, 38.07739], [-122.23668, 38.07723], [-122.23662, 38.07683], [-122.23652, 38.0762], [-122.23644, 38.07594], [-122.23633, 38.07572], [-122.23612, 38.07544], [-122.23602, 38.07529], [-122.23591, 38.07502], [-122.23587, 38.0748], [-122.23583, 38.07458], [-122.23576, 38.07436], [-122.23561, 38.07407], [-122.23494, 38.07329], [-122.23479, 38.07296], [-122.23476, 38.07277], [-122.23479, 38.07255]]]}, "properties": {"name": "Carquinez Highlands Mobile Home Park", "place": "", "kind": "subdivision"}}, {"type": "Feature", "geometry": {"type": "Polygon", "coordinates": [[[-122.2313, 38.07344], [-122.23107, 38.07326], [-122.23098, 38.07304], [-122.23113, 38.07266], [-122.23144, 38.07247], [-122.23177, 38.07232], [-122.23221, 38.07218], [-122.23233, 38.07216], [-122.23271, 38.07253], [-122.23142, 38.0734], [-122.2313, 38.07344]]]}, "properties": {"name": "Mini Park", "place": "", "kind": "park"}}, {"type": "Feature", "geometry": {"type": "Polygon", "coordinates": [[[-122.23639, 38.0716], [-122.23603, 38.07183], [-122.23604, 38.07201], [-122.23597, 38.07202], [-122.23595, 38.07201], [-122.23592, 38.07199], [-122.23587, 38.07171], [-122.23624, 38.07149], [-122.23639, 38.0716]]]}, "properties": {"name": "Crystal Pointe", "place": "", "kind": "park"}}, {"type": "Feature", "geometry": {"type": "Polygon", "coordinates": [[[-122.305, 37.90422], [-122.30471, 37.90435], [-122.30467, 37.90428], [-122.30455, 37.90432], [-122.30443, 37.90407], [-122.30487, 37.90388], [-122.30502, 37.90382], [-122.30504, 37.90385], [-122.30507, 37.9039], [-122.30518, 37.90407], [-122.30496, 37.90416], [-122.305, 37.90422]]]}, "properties": {"name": "Idaho Apartments", "place": "", "kind": "subdivision"}}, {"type": "Feature", "geometry": {"type": "Polygon", "coordinates": [[[-122.30929, 37.90755], [-122.30875, 37.90778], [-122.30888, 37.90796], [-122.30918, 37.90783], [-122.30922, 37.90789], [-122.30945, 37.90779], [-122.30929, 37.90755]]]}, "properties": {"name": "Huntington Park", "place": "", "kind": "park"}}, {"type": "Feature", "geometry": {"type": "Polygon", "coordinates": [[[-122.32401, 37.92799], [-122.32373, 37.92799], [-122.32349, 37.92799], [-122.3235, 37.92858], [-122.32522, 37.93111], [-122.3255, 37.9311], [-122.32547, 37.93056], [-122.32511, 37.93055], [-122.32512, 37.92971], [-122.32526, 37.92971], [-122.32531, 37.92968], [-122.32527, 37.92965], [-122.32523, 37.92961], [-122.32522, 37.92957], [-122.32521, 37.92953], [-122.32521, 37.92949], [-122.32523, 37.92945], [-122.32526, 37.92941], [-122.32522, 37.92939], [-122.32511, 37.92938], [-122.32511, 37.9293], [-122.32506, 37.92931], [-122.32502, 37.9293], [-122.325, 37.92928], [-122.32492, 37.92927], [-122.32487, 37.92926], [-122.32483, 37.92924], [-122.32477, 37.92919], [-122.32431, 37.9285], [-122.32405, 37.92812], [-122.32402, 37.92806], [-122.32401, 37.92799]]]}, "properties": {"name": "Miraflores Sustainable Greenbelt", "place": "", "kind": "park"}}, {"type": "Feature", "geometry": {"type": "Polygon", "coordinates": [[[-122.30274, 37.9282], [-122.3028, 37.92807], [-122.30256, 37.92794], [-122.30242, 37.92784], [-122.3022, 37.92772], [-122.30211, 37.92744], [-122.30204, 37.92723], [-122.30197, 37.927], [-122.30202, 37.92665], [-122.30181, 37.92663], [-122.30164, 37.92618], [-122.3001, 37.92645], [-122.29964, 37.92594], [-122.29871, 37.92645], [-122.29948, 37.92726], [-122.2999, 37.92712], [-122.30034, 37.92717], [-122.3007, 37.92724], [-122.30119, 37.9276], [-122.30136, 37.9278], [-122.30137, 37.92801], [-122.3018, 37.92806], [-122.30202, 37.92799], [-122.30274, 37.9282]]]}, "properties": {"name": "Madera Open Space", "place": "", "kind": "park"}}, {"type": "Feature", "geometry": {"type": "Polygon", "coordinates": [[[-122.34081, 37.95793], [-122.34073, 37.95803], [-122.34059, 37.95805], [-122.34012, 37.95771], [-122.34034, 37.95749], [-122.34038, 37.95743], [-122.34037, 37.95733], [-122.34034, 37.9573], [-122.34021, 37.95726], [-122.34008, 37.95719], [-122.33992, 37.95705], [-122.33984, 37.95695], [-122.33973, 37.95651], [-122.33978, 37.9564], [-122.33986, 37.95631], [-122.33995, 37.95625], [-122.34004, 37.95615], [-122.3401, 37.95598], [-122.34012, 37.95588], [-122.34008, 37.95576], [-122.34001, 37.95566], [-122.33999, 37.95554], [-122.33997, 37.95536], [-122.33994, 37.95527], [-122.33982, 37.95517], [-122.33971, 37.95513], [-122.33959, 37.95509], [-122.33955, 37.95506], [-122.33957, 37.95504], [-122.33949, 37.95499], [-122.33945, 37.95493], [-122.33942, 37.95485], [-122.3394, 37.95473], [-122.33937, 37.95464], [-122.33934, 37.95458], [-122.33914, 37.95441], [-122.33905, 37.9543], [-122.33895, 37.95421], [-122.33877, 37.95395], [-122.3386, 37.95357], [-122.33833, 37.95339], [-122.33859, 37.95318], [-122.33877, 37.95326], [-122.33888, 37.95341], [-122.33894, 37.9535], [-122.33906, 37.95372], [-122.33921, 37.95396], [-122.33945, 37.95426], [-122.33963, 37.95444], [-122.33973, 37.95459], [-122.33975, 37.95468], [-122.33979, 37.95479], [-122.33986, 37.95484], [-122.33996, 37.95484], [-122.34011, 37.95492], [-122.34025, 37.95505], [-122.34036, 37.95522], [-122.34044, 37.95546], [-122.34053, 37.95573], [-122.34054, 37.95589], [-122.34055, 37.95601], [-122.34051, 37.95621], [-122.34039, 37.95632], [-122.34032, 37.95637], [-122.3402, 37.95643], [-122.34015, 37.95649], [-122.34031, 37.9566], [-122.34024, 37.95669], [-122.34034, 37.95675], [-122.34015, 37.95694], [-122.34029, 37.95703], [-122.34042, 37.9569], [-122.34056, 37.95697], [-122.34066, 37.95698], [-122.34073, 37.95703], [-122.34073, 37.95716], [-122.3407, 37.95734], [-122.3406, 37.95759], [-122.3405, 37.95773], [-122.34081, 37.95793]]]}, "properties": {"name": "Wildcat Creek Restoration and Greenway Trail", "place": "", "kind": "park"}}, {"type": "Feature", "geometry": {"type": "Polygon", "coordinates": [[[-122.3435, 37.98346], [-122.34318, 37.9831], [-122.34304, 37.9832], [-122.34288, 37.98332], [-122.34272, 37.98346], [-122.34259, 37.98359], [-122.34243, 37.98375], [-122.34217, 37.98409], [-122.34212, 37.98415], [-122.34226, 37.98425], [-122.34268, 37.98431], [-122.34306, 37.98439], [-122.34304, 37.98423], [-122.34304, 37.98409], [-122.34306, 37.98399], [-122.3431, 37.98387], [-122.34317, 37.98374], [-122.34329, 37.98361], [-122.3435, 37.98346]]]}, "properties": {"name": "Bay Vista Park", "place": "", "kind": "park"}}, {"type": "Feature", "geometry": {"type": "Polygon", "coordinates": [[[-122.29877, 38.00679], [-122.29882, 38.00703], [-122.29944, 38.00694], [-122.29943, 38.00675], [-122.29942, 38.00672], [-122.29939, 38.0067], [-122.29935, 38.0067], [-122.29877, 38.00679]]]}, "properties": {"name": "Pi\u00f1on Park", "place": "", "kind": "park"}}, {"type": "Feature", "geometry": {"type": "Polygon", "coordinates": [[[-122.29034, 38.00943], [-122.29013, 38.00936], [-122.28996, 38.0093], [-122.28975, 38.00923], [-122.28965, 38.00926], [-122.28957, 38.00929], [-122.28945, 38.00932], [-122.2895, 38.00943], [-122.28954, 38.00951], [-122.28961, 38.00959], [-122.28965, 38.00967], [-122.28985, 38.0096], [-122.29005, 38.00954], [-122.2902, 38.00949], [-122.29034, 38.00943]]]}, "properties": {"name": "Parcel B", "place": "", "kind": "park"}}, {"type": "Feature", "geometry": {"type": "Polygon", "coordinates": [[[-122.32156, 37.98579], [-122.3216, 37.98604], [-122.3216, 37.98623], [-122.32099, 37.98816], [-122.32248, 37.98901], [-122.32359, 37.98964], [-122.32514, 37.99032], [-122.3255, 37.98954], [-122.32615, 37.98809], [-122.32656, 37.98719], [-122.32649, 37.98702], [-122.32646, 37.98638], [-122.32628, 37.98574], [-122.32614, 37.9851], [-122.32588, 37.98513], [-122.32548, 37.98518], [-122.32156, 37.98579]]]}, "properties": {"name": "Bella Vista at Hilltop", "place": "", "kind": "subdivision"}}, {"type": "Feature", "geometry": {"type": "Polygon", "coordinates": [[[-122.32099, 37.98816], [-122.3216, 37.98623], [-122.3216, 37.98604], [-122.32016, 37.98621], [-122.31974, 37.98621], [-122.31878, 37.98648], [-122.31816, 37.98704], [-122.32099, 37.98816]]]}, "properties": {"name": "Vue at 3600 Apartments", "place": "", "kind": "subdivision"}}, {"type": "Feature", "geometry": {"type": "Polygon", "coordinates": [[[-122.31889, 37.97789], [-122.31834, 37.97856], [-122.31871, 37.97867], [-122.31933, 37.97876], [-122.3204, 37.97866], [-122.32054, 37.97882], [-122.32159, 37.97903], [-122.32195, 37.97901], [-122.32207, 37.97825], [-122.32138, 37.9782], [-122.32123, 37.97813], [-122.32126, 37.97794], [-122.3214, 37.97698], [-122.31889, 37.97789]]]}, "properties": {"name": "The Tides", "place": "", "kind": "subdivision"}}, {"type": "Feature", "geometry": {"type": "Polygon", "coordinates": [[[-122.3325, 37.98394], [-122.33331, 37.98376], [-122.3333, 37.98342], [-122.33335, 37.98275], [-122.33253, 37.98257], [-122.33216, 37.98242], [-122.33176, 37.98275], [-122.3312, 37.98312], [-122.33145, 37.98338], [-122.33149, 37.98339], [-122.33164, 37.98337], [-122.33183, 37.98328], [-122.33195, 37.98348], [-122.33218, 37.98365], [-122.3325, 37.98394]]]}, "properties": {"name": "Heritage Park at Hilltop", "place": "", "kind": "subdivision"}}, {"type": "Feature", "geometry": {"type": "Polygon", "coordinates": [[[-122.18031, 38.07266], [-122.18081, 38.07253], [-122.18173, 38.0721], [-122.1838, 38.0728], [-122.18411, 38.07284], [-122.1848, 38.0724], [-122.18498, 38.07215], [-122.18479, 38.07188], [-122.18444, 38.07112], [-122.18427, 38.07102], [-122.18386, 38.07092], [-122.18359, 38.07091], [-122.18342, 38.07085], [-122.18307, 38.07068], [-122.18273, 38.07042], [-122.18243, 38.07014], [-122.18231, 38.06983], [-122.18223, 38.06948], [-122.18218, 38.06917], [-122.18153, 38.06908], [-122.18114, 38.06894], [-122.18078, 38.06876], [-122.18048, 38.06873], [-122.18029, 38.06874], [-122.18015, 38.06967], [-122.17977, 38.07028], [-122.17941, 38.07064], [-122.17823, 38.07098], [-122.17843, 38.07133], [-122.17869, 38.07159], [-122.17962, 38.07193], [-122.17997, 38.07213], [-122.18021, 38.0724], [-122.18031, 38.07266]]]}, "properties": {"name": "Hampton Bay", "place": "", "kind": "subdivision"}}, {"type": "Feature", "geometry": {"type": "Polygon", "coordinates": [[[-122.36924, 37.93148], [-122.37016, 37.93148], [-122.37153, 37.93148], [-122.37302, 37.93148], [-122.37396, 37.93148], [-122.37438, 37.93151], [-122.37464, 37.93155], [-122.37496, 37.93164], [-122.3752, 37.93172], [-122.37536, 37.9318], [-122.37554, 37.93192], [-122.37569, 37.93203], [-122.37603, 37.93238], [-122.37615, 37.93257], [-122.37611, 37.93265], [-122.37617, 37.93281], [-122.37299, 37.93557], [-122.37279, 37.93563], [-122.36921, 37.93563], [-122.36924, 37.93148]]]}, "properties": {"name": "Atchison Village", "place": "", "kind": "subdivision"}}, {"type": "Feature", "geometry": {"type": "Polygon", "coordinates": [[[-122.27767, 38.01041], [-122.27678, 38.01134], [-122.27632, 38.01155], [-122.27508, 38.01153], [-122.27465, 38.01145], [-122.27428, 38.01124], [-122.27399, 38.01109], [-122.2746, 38.01023], [-122.27595, 38.01007], [-122.277, 38.00979], [-122.27715, 38.01006], [-122.27739, 38.01026], [-122.27767, 38.01041]]]}, "properties": {"name": "Forest Past", "place": "", "kind": "subdivision"}}, {"type": "Feature", "geometry": {"type": "Polygon", "coordinates": [[[-122.27804, 38.0105], [-122.278, 38.01066], [-122.27834, 38.01154], [-122.2791, 38.01139], [-122.28017, 38.01086], [-122.28221, 38.00951], [-122.28169, 38.00889], [-122.28164, 38.00885], [-122.28153, 38.00883], [-122.28136, 38.00881], [-122.28127, 38.00885], [-122.28064, 38.00919], [-122.27985, 38.00974], [-122.27911, 38.01032], [-122.27888, 38.01043], [-122.27861, 38.0105], [-122.27833, 38.01054], [-122.27804, 38.0105]]]}, "properties": {"name": "Devonwood", "place": "", "kind": "subdivision"}}, {"type": "Feature", "geometry": {"type": "Polygon", "coordinates": [[[-122.28402, 38.00837], [-122.28344, 38.00773], [-122.28279, 38.00678], [-122.28231, 38.00508], [-122.28208, 38.00527], [-122.28107, 38.00632], [-122.28127, 38.00649], [-122.2815, 38.00681], [-122.28158, 38.00724], [-122.28154, 38.00755], [-122.28145, 38.00795], [-122.2815, 38.00819], [-122.28164, 38.00851], [-122.28178, 38.00871], [-122.28246, 38.00944], [-122.28288, 38.0091], [-122.28338, 38.00873], [-122.28402, 38.00837]]]}, "properties": {"name": "Glenwood", "place": "", "kind": "subdivision"}}, {"type": "Feature", "geometry": {"type": "Polygon", "coordinates": [[[-122.28057, 38.0041], [-122.28079, 38.00411], [-122.28149, 38.00424], [-122.28162, 38.00429], [-122.28214, 38.00507], [-122.28208, 38.00527], [-122.28107, 38.00632], [-122.28078, 38.00624], [-122.28055, 38.00622], [-122.28004, 38.00626], [-122.27967, 38.00642], [-122.27945, 38.00669], [-122.27944, 38.0067], [-122.27902, 38.00636], [-122.27874, 38.00614], [-122.27952, 38.00552], [-122.2801, 38.0046], [-122.2804, 38.00413], [-122.28057, 38.0041]]]}, "properties": {"name": "Westwood", "place": "", "kind": "subdivision"}}, {"type": "Feature", "geometry": {"type": "Polygon", "coordinates": [[[-122.27794, 38.01037], [-122.27765, 38.01024], [-122.27736, 38.01007], [-122.2772, 38.00985], [-122.27718, 38.00969], [-122.27728, 38.00901], [-122.2775, 38.00867], [-122.27804, 38.00836], [-122.27838, 38.00819], [-122.27868, 38.00802], [-122.27895, 38.00781], [-122.27914, 38.00759], [-122.27922, 38.00746], [-122.27955, 38.00677], [-122.2797, 38.00659], [-122.2799, 38.00646], [-122.28009, 38.00638], [-122.28033, 38.00633], [-122.28064, 38.00635], [-122.28095, 38.00644], [-122.28117, 38.00659], [-122.28131, 38.00682], [-122.28138, 38.0071], [-122.28139, 38.00741], [-122.28125, 38.00784], [-122.28124, 38.00796], [-122.28126, 38.00813], [-122.2813, 38.00829], [-122.28128, 38.0085], [-122.28119, 38.00868], [-122.28097, 38.00884], [-122.28061, 38.00902], [-122.27996, 38.00943], [-122.27944, 38.00987], [-122.27891, 38.01028], [-122.27859, 38.01039], [-122.27824, 38.01041], [-122.27794, 38.01037]]]}, "properties": {"name": "Wildwood", "place": "", "kind": "subdivision"}}, {"type": "Feature", "geometry": {"type": "Polygon", "coordinates": [[[-122.28278, 38.01246], [-122.28271, 38.01235], [-122.28325, 38.01206], [-122.28409, 38.01163], [-122.2843, 38.01143], [-122.28441, 38.01113], [-122.28549, 38.01138], [-122.28608, 38.01155], [-122.28668, 38.01164], [-122.28708, 38.01164], [-122.28704, 38.01186], [-122.28707, 38.01208], [-122.28742, 38.01282], [-122.28804, 38.01362], [-122.28809, 38.01458], [-122.28781, 38.01509], [-122.28727, 38.01523], [-122.28696, 38.01545], [-122.28638, 38.01577], [-122.28573, 38.01561], [-122.28542, 38.01534], [-122.28476, 38.01484], [-122.28447, 38.01472], [-122.28401, 38.01438], [-122.28362, 38.01389], [-122.28278, 38.01246]]]}, "properties": {"name": "Olympian Hills", "place": "", "kind": "subdivision"}}, {"type": "Feature", "geometry": {"type": "Polygon", "coordinates": [[[-122.2812, 38.01962], [-122.27998, 38.02048], [-122.28055, 38.02101], [-122.28125, 38.02056], [-122.28132, 38.02044], [-122.28191, 38.02007], [-122.28171, 38.01987], [-122.28152, 38.01976], [-122.2812, 38.01962]]]}, "properties": {"name": "Dylan Apartment Homes", "place": "", "kind": "subdivision"}}, {"type": "Feature", "geometry": {"type": "Polygon", "coordinates": [[[-122.32447, 37.94448], [-122.32476, 37.94439], [-122.32476, 37.94438], [-122.32476, 37.94435], [-122.32476, 37.94431], [-122.32473, 37.94425], [-122.32432, 37.9434], [-122.32431, 37.94339], [-122.32428, 37.94338], [-122.32424, 37.94337], [-122.32419, 37.94339], [-122.32427, 37.94384], [-122.32433, 37.9441], [-122.32441, 37.94431], [-122.32447, 37.94448]]]}, "properties": {"name": "Humboldt Park", "place": "", "kind": "park"}}, {"type": "Feature", "geometry": {"type": "Polygon", "coordinates": [[[-122.32502, 37.99808], [-122.32517, 37.99785], [-122.32581, 37.99733], [-122.32828, 37.99974], [-122.32885, 38.00032], [-122.32808, 38.00054], [-122.32605, 38.00113], [-122.3259, 38.00086], [-122.32569, 38.00069], [-122.32548, 38.00061], [-122.32355, 38.00035], [-122.32315, 38.00021], [-122.32284, 37.99988], [-122.3228, 37.99983], [-122.32281, 37.99973], [-122.32285, 37.99966], [-122.32409, 37.99887], [-122.32463, 37.99845], [-122.32502, 37.99808]]]}, "properties": {"name": "Tara Hills Mobile Manor", "place": "", "kind": "subdivision"}}, {"type": "Feature", "geometry": {"type": "Polygon", "coordinates": [[[-122.30414, 38.00667], [-122.30425, 38.00561], [-122.30433, 38.00534], [-122.30469, 38.00539], [-122.30509, 38.00538], [-122.30522, 38.00623], [-122.30447, 38.0066], [-122.30414, 38.00667]]]}, "properties": {"name": "Pacific Crest", "place": "", "kind": "subdivision"}}, {"type": "Feature", "geometry": {"type": "Polygon", "coordinates": [[[-122.30413, 38.00674], [-122.30407, 38.00742], [-122.3055, 38.00739], [-122.30535, 38.00782], [-122.3063, 38.00781], [-122.30642, 38.0061], [-122.30531, 38.00614], [-122.30529, 38.00633], [-122.30462, 38.00662], [-122.30437, 38.0067], [-122.30413, 38.00674]]]}, "properties": {"name": "Villas At Harbor Pointe", "place": "", "kind": "subdivision"}}, {"type": "Feature", "geometry": {"type": "Polygon", "coordinates": [[[-122.3055, 38.00739], [-122.30407, 38.00742], [-122.30404, 38.00742], [-122.30398, 38.00795], [-122.30403, 38.00795], [-122.30393, 38.00881], [-122.30454, 38.0088], [-122.30482, 38.00876], [-122.30505, 38.00877], [-122.30623, 38.00877], [-122.3063, 38.00781], [-122.30535, 38.00782], [-122.3055, 38.00739]]]}, "properties": {"name": "Bayside Apartment Homes", "place": "", "kind": "subdivision"}}, {"type": "Feature", "geometry": {"type": "Polygon", "coordinates": [[[-122.30524, 37.9163], [-122.30628, 37.91583], [-122.3063, 37.91582], [-122.3063, 37.91581], [-122.3063, 37.91579], [-122.306, 37.91538], [-122.30575, 37.91512], [-122.30559, 37.91496], [-122.30533, 37.91462], [-122.30531, 37.91461], [-122.30528, 37.91461], [-122.30436, 37.91502], [-122.30479, 37.91564], [-122.30524, 37.9163]]]}, "properties": {"name": "Rose Park", "place": "", "kind": "subdivision"}}, {"type": "Feature", "geometry": {"type": "Polygon", "coordinates": [[[-122.31247, 38.01021], [-122.31252, 38.01023], [-122.31256, 38.01025], [-122.31263, 38.01023], [-122.31268, 38.01021], [-122.31272, 38.01017], [-122.31275, 38.01014], [-122.31232, 38.00988], [-122.31227, 38.00992], [-122.31221, 38.00994], [-122.31217, 38.00995], [-122.31214, 38.00996], [-122.3122, 38.01003], [-122.31228, 38.01], [-122.31252, 38.01015], [-122.31252, 38.01018], [-122.31247, 38.01021]]]}, "properties": {"name": "Pinole Shores Trailhead", "place": "", "kind": "park"}}, {"type": "Feature", "geometry": {"type": "Polygon", "coordinates": [[[-122.31338, 38.01073], [-122.31341, 38.0105], [-122.31391, 38.01028], [-122.31683, 38.00899], [-122.31779, 38.00852], [-122.318, 38.00842], [-122.31804, 38.00849], [-122.31809, 38.00855], [-122.31818, 38.00863], [-122.31822, 38.00865], [-122.31833, 38.00873], [-122.31841, 38.00875], [-122.31845, 38.00874], [-122.31855, 38.00883], [-122.31864, 38.0089], [-122.31877, 38.00889], [-122.31887, 38.00892], [-122.31908, 38.00901], [-122.31848, 38.00952], [-122.31811, 38.00982], [-122.3176, 38.0102], [-122.31731, 38.01041], [-122.31693, 38.01061], [-122.31657, 38.01076], [-122.31641, 38.01081], [-122.3161, 38.01089], [-122.31562, 38.01097], [-122.31542, 38.01101], [-122.31484, 38.01101], [-122.31443, 38.01098], [-122.31394, 38.0109], [-122.31354, 38.0108], [-122.31338, 38.01073]]]}, "properties": {"name": "Pinole Shores Park", "place": "", "kind": "park"}}]}