{"type": "FeatureCollection", "features": [{"type": "Feature", "properties": {"id": 0, "h3": "8928301b493ffff", "area_m2": 109507.5, "lat": 38.053443, "lon": -121.969403}, "geometry": {"type": "Polygon", "coordinates": [[[-121.96814293443214, 38.05193572886899], [-121.96705834823973, 38.05361396594089], [-121.96831840660789, 38.055121052855014], [-121.97066305157885, 38.0549498795726], [-121.9717475689376, 38.05327164172111], [-121.97048751016175, 38.051764577931316], [-121.96814293443214, 38.05193572886899]]]}}, {"type": "Feature", "properties": {"id": 1, "h3": "8928301b49bffff", "area_m2": 109508.5, "lat": 38.055292, "lon": -121.965974}, "geometry": {"type": "Polygon", "coordinates": [[[-121.9647136747726, 38.05378506160258], [-121.96362899042828, 38.0554632665164], [-121.96488904837754, 38.05697037655346], [-121.96723379109272, 38.05679925855347], [-121.96831840660789, 38.055121052855014], [-121.96705834823973, 38.05361396594089], [-121.9647136747726, 38.05378506160258]]]}}, {"type": "Feature", "properties": {"id": 2, "h3": "8928301b4d3ffff", "area_m2": 109515.1, "lat": 38.055805, "lon": -121.958939}, "geometry": {"type": "Polygon", "coordinates": [[[-121.957679401979, 38.05429808276277], [-121.95659455066537, 38.0559762547098], [-121.95785456782123, 38.05748346470576], [-121.96019943673508, 38.057312479632266], [-121.96128421923302, 38.055634306890035], [-121.96002420163548, 38.05412712001619], [-121.957679401979, 38.05429808276277]]]}}, {"type": "Feature", "properties": {"id": 3, "h3": "892830c5027ffff", "area_m2": 109604.6, "lat": 37.995779, "lon": -121.948582}, "geometry": {"type": "Polygon", "coordinates": [[[-121.94732255489888, 37.99427102658168], [-121.94623809399467, 37.99594976039114], [-121.94749731229065, 37.99745808949087], [-121.94984099196824, 37.997287661621456], [-121.95092538415733, 37.99560892699684], [-121.94966616538663, 37.9941006210565], [-121.94732255489888, 37.99427102658168]]]}}, {"type": "Feature", "properties": {"id": 4, "h3": "892830c502fffff", "area_m2": 109605.7, "lat": 37.997628, "lon": -121.945154}, "geometry": {"type": "Polygon", "coordinates": [[[-121.9438943859566, 37.99612011071545], [-121.94280982702077, 37.99779881247701], [-121.94406904483097, 37.99930716473473], [-121.94641282206551, 37.999136792072605], [-121.94749731229065, 37.99745808949087], [-121.94623809399467, 37.99594976039114], [-121.9438943859566, 37.99612011071545]]]}}, {"type": "Feature", "properties": {"id": 5, "h3": "892830c5037ffff", "area_m2": 109609.0, "lat": 37.992592, "lon": -121.948407}, "geometry": {"type": "Polygon", "coordinates": [[[-121.94714780805857, 37.99108387888879], [-121.94606337647379, 37.99276264391697], [-121.94732255489888, 37.99427102658168], [-121.94966616538663, 37.9941006210565], [-121.95075052826088, 37.99242185521266], [-121.94949134936057, 37.99091349570938], [-121.94714780805857, 37.99108387888879]]]}}, {"type": "Feature", "properties": {"id": 6, "h3": "892830c50a7ffff", "area_m2": 109612.2, "lat": 37.987556, "lon": -121.95166}, "geometry": {"type": "Polygon", "coordinates": [[[-121.95040084813832, 37.98604745734108], [-121.94931654388911, 37.98772628559648], [-121.95057568292154, 37.98923469865526], [-121.95291912667044, 37.98906426029353], [-121.95400336220919, 37.987385431227004], [-121.95274422271211, 37.98587704133306], [-121.95040084813832, 37.98604745734108]]]}}, {"type": "Feature", "properties": {"id": 7, "h3": "892830c50afffff", "area_m2": 109613.3, "lat": 37.989405, "lon": -121.948232}, "geometry": {"type": "Polygon", "coordinates": [[[-121.94697307176885, 37.98789664642862], [-121.94588866950193, 37.98957544266655], [-121.94714780805857, 37.99108387888879], [-121.94949134936057, 37.99091349570938], [-121.95057568292154, 37.98923469865526], [-121.94931654388911, 37.98772628559648], [-121.94697307176885, 37.98789664642862]]]}}, {"type": "Feature", "properties": {"id": 8, "h3": "892830c5103ffff", "area_m2": 109587.2, "lat": 37.997943, "lon": -121.962818}, "geometry": {"type": "Polygon", "coordinates": [[[-121.96155876051405, 37.99643485861754], [-121.9604746038257, 37.9981136268752], [-121.96173394357506, 37.99962170261319], [-121.96407744044411, 37.999450986934164], [-121.9651615283858, 37.99777221788298], [-121.9639021882078, 37.99626416530405], [-121.96155876051405, 37.99643485861754]]]}}, {"type": "Feature", "properties": {"id": 9, "h3": "892830c5107ffff", "area_m2": 109581.7, "lat": 37.99928, "lon": -121.966421}, "geometry": {"type": "Polygon", "coordinates": [[[-121.9651615283858, 37.99777221788298], [-121.96407744044411, 37.999450986934164], [-121.96533682050028, 38.00095898592834], [-121.9676802889178, 38.00078819271255], [-121.96876430810376, 37.99910942287336], [-121.96750492763063, 37.99760144703765], [-121.9651615283858, 37.99777221788298]]]}}, {"type": "Feature", "properties": {"id": 10, "h3": "892830c510bffff", "area_m2": 109588.2, "lat": 37.999792, "lon": -121.95939}, "geometry": {"type": "Polygon", "coordinates": [[[-121.95813107852386, 37.998284265016785], [-121.95704682379215, 37.999963001255125], [-121.95830616310178, 38.00147110015077], [-121.96064975758557, 38.001300439650116], [-121.96173394357506, 37.99962170261319], [-121.9604746038257, 37.9981136268752], [-121.95813107852386, 37.998284265016785]]]}}, {"type": "Feature", "properties": {"id": 11, "h3": "892830c510fffff", "area_m2": 109582.8, "lat": 38.00113, "lon": -121.962993}, "geometry": {"type": "Polygon", "coordinates": [[[-121.96173394357506, 37.99962170261319], [-121.96064975758557, 38.001300439650116], [-121.96190913721372, 38.00280846180134], [-121.96425270326208, 38.002637723758305], [-121.96533682050028, 38.00095898592834], [-121.96407744044411, 37.999450986934164], [-121.96173394357506, 37.99962170261319]]]}}, {"type": "Feature", "properties": {"id": 12, "h3": "892830c5113ffff", "area_m2": 109591.5, "lat": 37.994756, "lon": -121.962643}, "geometry": {"type": "Polygon", "coordinates": [[[-121.96138358802978, 37.99324792983082], [-121.96029946064094, 37.99492672930025], [-121.96155876051405, 37.99643485861754], [-121.9639021882078, 37.99626416530405], [-121.9649862468545, 37.99458536504061], [-121.96372694655226, 37.99307725888437], [-121.96138358802978, 37.99324792983082]]]}}, {"type": "Feature", "properties": {"id": 13, "h3": "892830c5117ffff", "area_m2": 109586.1, "lat": 37.996093, "lon": -121.966246}, "geometry": {"type": "Polygon", "coordinates": [[[-121.9649862468545, 37.99458536504061], [-121.9639021882078, 37.99626416530405], [-121.9651615283858, 37.99777221788298], [-121.96750492763063, 37.99760144703765], [-121.96858891752619, 37.995922645985694], [-121.96732957693071, 37.99441461656726], [-121.9649862468545, 37.99458536504061]]]}}, {"type": "Feature", "properties": {"id": 14, "h3": "892830c511bffff", "area_m2": 109592.6, "lat": 37.996606, "lon": -121.959215}, "geometry": {"type": "Polygon", "coordinates": [[[-121.95795600451706, 37.99509734508124], [-121.956871779091, 37.99677611253981], [-121.95813107852386, 37.998284265016785], [-121.9604746038257, 37.9981136268752], [-121.96155876051405, 37.99643485861754], [-121.96029946064094, 37.99492672930025], [-121.95795600451706, 37.99509734508124]]]}}, {"type": "Feature", "properties": {"id": 15, "h3": "892830c5123ffff", "area_m2": 109571.9, "lat": 38.003804, "lon": -121.970199}, "geometry": {"type": "Polygon", "coordinates": [[[-121.96893970927115, 38.00229611495804], [-121.96785566079322, 38.003974853575514], [-121.96911512102922, 38.00548272222337], [-121.9714586301506, 38.00531182909758], [-121.97254260985918, 38.003633089698134], [-121.97128314921842, 38.00212524420616], [-121.96893970927115, 38.00229611495804]]]}}, {"type": "Feature", "properties": {"id": 16, "h3": "892830c5127ffff", "area_m2": 109566.4, "lat": 38.005141, "lon": -121.973802}, "geometry": {"type": "Polygon", "coordinates": [[[-121.97254260985918, 38.003633089698134], [-121.9714586301506, 38.00531182909758], [-121.97271813067594, 38.00681962098646], [-121.97506161130569, 38.006648650320344], [-121.97614552223592, 38.00496991014447], [-121.97488602131746, 38.00346214141087], [-121.97254260985918, 38.003633089698134]]]}}, {"type": "Feature", "properties": {"id": 17, "h3": "892830c512bffff", "area_m2": 109573.0, "lat": 38.005654, "lon": -121.966772}, "geometry": {"type": "Polygon", "coordinates": [[[-121.965512123199, 38.004145669160266], [-121.96442797666272, 38.00582437576002], [-121.96568743648282, 38.00733226756233], [-121.96803104325782, 38.00716142961012], [-121.96911512102922, 38.00548272222337], [-121.96785566079322, 38.003974853575514], [-121.965512123199, 38.004145669160266]]]}}, {"type": "Feature", "properties": {"id": 18, "h3": "892830c512fffff", "area_m2": 109567.5, "lat": 38.006991, "lon": -121.970375}, "geometry": {"type": "Polygon", "coordinates": [[[-121.96911512102922, 38.00548272222337], [-121.96803104325782, 38.00716142961012], [-121.969290543379, 38.00866924465288], [-121.97163412167848, 38.0084983291547], [-121.97271813067594, 38.00681962098646], [-121.9714586301506, 38.00531182909758], [-121.96911512102922, 38.00548272222337]]]}}, {"type": "Feature", "properties": {"id": 19, "h3": "892830c5133ffff", "area_m2": 109576.2, "lat": 38.000617, "lon": -121.970024}, "geometry": {"type": "Polygon", "coordinates": [[[-121.96876430810376, 37.99910942287336], [-121.9676802889178, 38.00078819271255], [-121.96893970927115, 38.00229611495804], [-121.97128314921842, 38.00212524420616], [-121.97236709963964, 38.0004464735845], [-121.97110767888103, 37.99893857449689], [-121.96876430810376, 37.99910942287336]]]}}, {"type": "Feature", "properties": {"id": 20, "h3": "892830c5137ffff", "area_m2": 109570.8, "lat": 38.001954, "lon": -121.973627}, "geometry": {"type": "Polygon", "coordinates": [[[-121.97236709963964, 38.0004464735845], [-121.97128314921842, 38.00212524420616], [-121.97254260985918, 38.003633089698134], [-121.97488602131746, 38.00346214141087], [-121.97596990296488, 38.00178337001225], [-121.97471044193051, 38.000275547677575], [-121.97236709963964, 38.0004464735845]]]}}, {"type": "Feature", "properties": {"id": 21, "h3": "892830c513bffff", "area_m2": 109577.3, "lat": 38.002467, "lon": -121.966596}, "geometry": {"type": "Polygon", "coordinates": [[[-121.96533682050028, 38.00095898592834], [-121.96425270326208, 38.002637723758305], [-121.965512123199, 38.004145669160266], [-121.96785566079322, 38.003974853575514], [-121.96893970927115, 38.00229611495804], [-121.9676802889178, 38.00078819271255], [-121.96533682050028, 38.00095898592834]]]}}, {"type": "Feature", "properties": {"id": 22, "h3": "892830c5143ffff", "area_m2": 109594.8, "lat": 38.000304, "lon": -121.95236}, "geometry": {"type": "Polygon", "coordinates": [[[-121.95110025061183, 37.998795913991344], [-121.95001582910639, 38.00047461738776], [-121.95127512762535, 38.00198281617977], [-121.95361884811498, 38.00181228841826], [-121.95470320089169, 38.000133584212705], [-121.95344390191025, 37.9986254085775], [-121.95110025061183, 37.998795913991344]]]}}, {"type": "Feature", "properties": {"id": 23, "h3": "892830c5147ffff", "area_m2": 109589.3, "lat": 38.001642, "lon": -121.955963}, "geometry": {"type": "Polygon", "coordinates": [[[-121.95470320089169, 38.000133584212705], [-121.95361884811498, 38.00181228841826], [-121.95487818697379, 38.00332041047013], [-121.95722187906284, 38.00314980515991], [-121.95830616310178, 38.00147110015077], [-121.95704682379215, 37.999963001255125], [-121.95470320089169, 38.000133584212705]]]}}, {"type": "Feature", "properties": {"id": 24, "h3": "892830c514bffff", "area_m2": 109595.9, "lat": 38.002153, "lon": -121.948931}, "geometry": {"type": "Polygon", "coordinates": [[[-121.94767208023494, 38.00064506759992], [-121.94658756068725, 38.00232373894501], [-121.94784685873262, 38.00383196089241], [-121.95019067680195, 38.00366148833904], [-121.95127512762535, 38.00198281617977], [-121.95001582910639, 38.00047461738776], [-121.94767208023494, 38.00064506759992]]]}}, {"type": "Feature", "properties": {"id": 25, "h3": "892830c514fffff", "area_m2": 109590.4, "lat": 38.003491, "lon": -121.952534}, "geometry": {"type": "Polygon", "coordinates": [[[-121.95127512762535, 38.00198281617977], [-121.95019067680195, 38.00366148833904], [-121.9514500151988, 38.00516963354569], [-121.95379380488372, 38.004999083438015], [-121.95487818697379, 38.00332041047013], [-121.95361884811498, 38.00181228841826], [-121.95127512762535, 38.00198281617977]]]}}, {"type": "Feature", "properties": {"id": 26, "h3": "892830c5153ffff", "area_m2": 109599.2, "lat": 37.997117, "lon": -121.952185}, "geometry": {"type": "Polygon", "coordinates": [[[-121.95092538415733, 37.99560892699684], [-121.94984099196824, 37.997287661621456], [-121.95110025061183, 37.998795913991344], [-121.95344390191025, 37.9986254085775], [-121.95452822537514, 37.99694667314326], [-121.95326896626851, 37.99543844393219], [-121.95092538415733, 37.99560892699684]]]}}, {"type": "Feature", "properties": {"id": 27, "h3": "892830c5157ffff", "area_m2": 109593.7, "lat": 37.998455, "lon": -121.955788}, "geometry": {"type": "Polygon", "coordinates": [[[-121.95452822537514, 37.99694667314326], [-121.95344390191025, 37.9986254085775], [-121.95470320089169, 38.000133584212705], [-121.95704682379215, 37.999963001255125], [-121.95813107852386, 37.998284265016785], [-121.956871779091, 37.99677611253981], [-121.95452822537514, 37.99694667314326]]]}}, {"type": "Feature", "properties": {"id": 28, "h3": "892830c515bffff", "area_m2": 109600.2, "lat": 37.998966, "lon": -121.948757}, "geometry": {"type": "Polygon", "coordinates": [[[-121.94749731229065, 37.99745808949087], [-121.94641282206551, 37.999136792072605], [-121.94767208023494, 38.00064506759992], [-121.95001582910639, 38.00047461738776], [-121.95110025061183, 37.998795913991344], [-121.94984099196824, 37.997287661621456], [-121.94749731229065, 37.99745808949087]]]}}, {"type": "Feature", "properties": {"id": 29, "h3": "892830c5163ffff", "area_m2": 109579.5, "lat": 38.006166, "lon": -121.959741}, "geometry": {"type": "Polygon", "coordinates": [[[-121.95848125825182, 38.00465785046677], [-121.95739694490408, 38.00633652423779], [-121.95865636397484, 38.00784451594842], [-121.96100009683464, 38.00767381073415], [-121.96208434143098, 38.00599513616558], [-121.96082492192158, 38.004487167608566], [-121.95848125825182, 38.00465785046677]]]}}, {"type": "Feature", "properties": {"id": 30, "h3": "892830c5167ffff", "area_m2": 109574.1, "lat": 38.007503, "lon": -121.963344}, "geometry": {"type": "Polygon", "coordinates": [[[-121.96208434143098, 38.00599513616558], [-121.96100009683464, 38.00767381073415], [-121.96225955622779, 38.00918172568947], [-121.96460326064694, 38.00901094292294], [-121.96568743648282, 38.00733226756233], [-121.96442797666272, 38.00582437576002], [-121.96208434143098, 38.00599513616558]]]}}, {"type": "Feature", "properties": {"id": 31, "h3": "892830c516bffff", "area_m2": 109580.6, "lat": 38.008015, "lon": -121.956313}, "geometry": {"type": "Polygon", "coordinates": [[[-121.95505318362238, 38.006507151899086], [-121.9539687722174, 38.00818579362036], [-121.9552281908384, 38.0096938084832], [-121.9575720213168, 38.00952315847227], [-121.95865636397484, 38.00784451594842], [-121.95739694490408, 38.00633652423779], [-121.95505318362238, 38.006507151899086]]]}}, {"type": "Feature", "properties": {"id": 32, "h3": "892830c516fffff", "area_m2": 109575.2, "lat": 38.009352, "lon": -121.959916}, "geometry": {"type": "Polygon", "coordinates": [[[-121.95865636397484, 38.00784451594842], [-121.9575720213168, 38.00952315847227], [-121.95883148027188, 38.01103109657923], [-121.96117528232574, 38.01086036901041], [-121.96225955622779, 38.00918172568947], [-121.96100009683464, 38.00767381073415], [-121.95865636397484, 38.00784451594842]]]}}, {"type": "Feature", "properties": {"id": 33, "h3": "892830c5173ffff", "area_m2": 109583.9, "lat": 38.002979, "lon": -121.959566}, "geometry": {"type": "Polygon", "coordinates": [[[-121.95830616310178, 38.00147110015077], [-121.95722187906284, 38.00314980515991], [-121.95848125825182, 38.00465785046677], [-121.96082492192158, 38.004487167608566], [-121.96190913721372, 38.00280846180134], [-121.96064975758557, 38.001300439650116], [-121.95830616310178, 38.00147110015077]]]}}, {"type": "Feature", "properties": {"id": 34, "h3": "892830c5177ffff", "area_m2": 109578.4, "lat": 38.004316, "lon": -121.963169}, "geometry": {"type": "Polygon", "coordinates": [[[-121.96190913721372, 38.00280846180134], [-121.96082492192158, 38.004487167608566], [-121.96208434143098, 38.00599513616558], [-121.96442797666272, 38.00582437576002], [-121.965512123199, 38.004145669160266], [-121.96425270326208, 38.002637723758305], [-121.96190913721372, 38.00280846180134]]]}}, {"type": "Feature", "properties": {"id": 35, "h3": "892830c517bffff", "area_m2": 109585.0, "lat": 38.004828, "lon": -121.956138}, "geometry": {"type": "Polygon", "coordinates": [[[-121.95487818697379, 38.00332041047013], [-121.95379380488372, 38.004999083438015], [-121.95505318362238, 38.006507151899086], [-121.95739694490408, 38.00633652423779], [-121.95848125825182, 38.00465785046677], [-121.95722187906284, 38.00314980515991], [-121.95487818697379, 38.00332041047013]]]}}, {"type": "Feature", "properties": {"id": 36, "h3": "892830c518bffff", "area_m2": 109595.9, "lat": 37.991569, "lon": -121.962468}, "geometry": {"type": "Polygon", "coordinates": [[[-121.96120842612119, 37.99006091626945], [-121.96012432803043, 37.991739746941676], [-121.96138358802978, 37.99324792983082], [-121.96372694655226, 37.99307725888437], [-121.96481097590551, 37.991398427417614], [-121.96355171547648, 37.989890267691564], [-121.96120842612119, 37.99006091626945]]]}}, {"type": "Feature", "properties": {"id": 37, "h3": "892830c51abffff", "area_m2": 109580.6, "lat": 37.997431, "lon": -121.969848}, "geometry": {"type": "Polygon", "coordinates": [[[-121.96858891752619, 37.995922645985694], [-121.96750492763063, 37.99760144703765], [-121.96876430810376, 37.99910942287336], [-121.97110767888103, 37.99893857449689], [-121.97219160001639, 37.997259772661955], [-121.97093221913741, 37.99575181998615], [-121.96858891752619, 37.995922645985694]]]}}, {"type": "Feature", "properties": {"id": 38, "h3": "892830c51c3ffff", "area_m2": 109602.4, "lat": 37.992081, "lon": -121.955438}, "geometry": {"type": "Polygon", "coordinates": [[[-121.95417830603483, 37.990572596633996], [-121.95309404118889, 37.99225139449873], [-121.95435326042319, 37.9937596772782], [-121.95669674495848, 37.99358913903041], [-121.9577809410804, 37.991910340360555], [-121.95652172139367, 37.990402080743344], [-121.95417830603483, 37.990572596633996]]]}}, {"type": "Feature", "properties": {"id": 39, "h3": "892830c51c7ffff", "area_m2": 109597.0, "lat": 37.993419, "lon": -121.95904}, "geometry": {"type": "Polygon", "coordinates": [[[-121.9577809410804, 37.991910340360555], [-121.95669674495848, 37.99358913903041], [-121.95795600451706, 37.99509734508124], [-121.96029946064094, 37.99492672930025], [-121.96138358802978, 37.99324792983082], [-121.96012432803043, 37.991739746941676], [-121.9577809410804, 37.991910340360555]]]}}, {"type": "Feature", "properties": {"id": 40, "h3": "892830c51cbffff", "area_m2": 109603.5, "lat": 37.99393, "lon": -121.95201}, "geometry": {"type": "Polygon", "coordinates": [[[-121.95075052826088, 37.99242185521266], [-121.94966616538663, 37.9941006210565], [-121.95092538415733, 37.99560892699684], [-121.95326896626851, 37.99543844393219], [-121.95435326042319, 37.9937596772782], [-121.95309404118889, 37.99225139449873], [-121.95075052826088, 37.99242185521266]]]}}, {"type": "Feature", "properties": {"id": 41, "h3": "892830c51cfffff", "area_m2": 109598.1, "lat": 37.995268, "lon": -121.955613}, "geometry": {"type": "Polygon", "coordinates": [[[-121.95435326042319, 37.9937596772782], [-121.95326896626851, 37.99543844393219], [-121.95452822537514, 37.99694667314326], [-121.956871779091, 37.99677611253981], [-121.95795600451706, 37.99509734508124], [-121.95669674495848, 37.99358913903041], [-121.95435326042319, 37.9937596772782]]]}}, {"type": "Feature", "properties": {"id": 42, "h3": "892830c51d3ffff", "area_m2": 109606.8, "lat": 37.988894, "lon": -121.955263}, "geometry": {"type": "Polygon", "coordinates": [[[-121.95400336220919, 37.987385431227004], [-121.95291912667044, 37.98906426029353], [-121.95417830603483, 37.990572596633996], [-121.95652172139367, 37.990402080743344], [-121.95760588821297, 37.98872325087118], [-121.95634670839556, 37.98721493769502], [-121.95400336220919, 37.987385431227004]]]}}, {"type": "Feature", "properties": {"id": 43, "h3": "892830c51d7ffff", "area_m2": 109601.3, "lat": 37.990232, "lon": -121.958865}, "geometry": {"type": "Polygon", "coordinates": [[[-121.95760588821297, 37.98872325087118], [-121.95652172139367, 37.990402080743344], [-121.9577809410804, 37.991910340360555], [-121.96012432803043, 37.991739746941676], [-121.96120842612119, 37.99006091626945], [-121.95994920599315, 37.9885526798159], [-121.95760588821297, 37.98872325087118]]]}}, {"type": "Feature", "properties": {"id": 44, "h3": "892830c51dbffff", "area_m2": 109607.9, "lat": 37.990743, "lon": -121.951835}, "geometry": {"type": "Polygon", "coordinates": [[[-121.95057568292154, 37.98923469865526], [-121.94949134936057, 37.99091349570938], [-121.95075052826088, 37.99242185521266], [-121.95309404118889, 37.99225139449873], [-121.95417830603483, 37.990572596633996], [-121.95291912667044, 37.98906426029353], [-121.95057568292154, 37.98923469865526]]]}}, {"type": "Feature", "properties": {"id": 45, "h3": "892830c5203ffff", "area_m2": 109632.9, "lat": 38.001518, "lon": -121.913596}, "geometry": {"type": "Polygon", "coordinates": [[[-121.91233708403219, 38.000009196040324], [-121.91125176025079, 38.00168773392329], [-121.91251081369799, 38.00319650883419], [-121.91485519151735, 38.0030267227087], [-121.91594044664662, 38.001348183958264], [-121.91468139261137, 37.999839432200524], [-121.91233708403219, 38.000009196040324]]]}}, {"type": "Feature", "properties": {"id": 46, "h3": "892830c5207ffff", "area_m2": 109627.5, "lat": 38.002857, "lon": -121.9172}, "geometry": {"type": "Polygon", "coordinates": [[[-121.91594044664662, 38.001348183958264], [-121.91485519151735, 38.0030267227087], [-121.91611428542085, 38.00453542090575], [-121.91845863503274, 38.00436555719951], [-121.91954382150091, 38.00268701758715], [-121.91828472702099, 38.00117834254268], [-121.91594044664662, 38.001348183958264]]]}}, {"type": "Feature", "properties": {"id": 47, "h3": "892830c520bffff", "area_m2": 109634.0, "lat": 38.003366, "lon": -121.910166}, "geometry": {"type": "Polygon", "coordinates": [[[-121.90890735424279, 38.00185744246738], [-121.90782193243783, 38.00353594820137], [-121.9090809852858, 38.00504474626401], [-121.91142546054064, 38.00487501544065], [-121.91251081369799, 38.00319650883419], [-121.91125176025079, 38.00168773392329], [-121.90890735424279, 38.00185744246738]]]}}, {"type": "Feature", "properties": {"id": 48, "h3": "892830c520fffff", "area_m2": 109628.6, "lat": 38.004705, "lon": -121.91377}, "geometry": {"type": "Polygon", "coordinates": [[[-121.91251081369799, 38.00319650883419], [-121.91142546054064, 38.00487501544065], [-121.91268455385658, 38.00638373678889], [-121.91502900092013, 38.006213928379175], [-121.91611428542085, 38.00453542090575], [-121.91485519151735, 38.0030267227087], [-121.91251081369799, 38.00319650883419]]]}}, {"type": "Feature", "properties": {"id": 49, "h3": "892830c5217ffff", "area_m2": 109631.8, "lat": 37.99967, "lon": -121.917026}, "geometry": {"type": "Polygon", "coordinates": [[[-121.9157666183708, 37.99816086218207], [-121.91468139261137, 37.999839432200524], [-121.91594044664662, 38.001348183958264], [-121.91828472702099, 38.00117834254268], [-121.91936988412384, 37.999499771661796], [-121.91811082951162, 37.997991043058654], [-121.9157666183708, 37.99816086218207]]]}}, {"type": "Feature", "properties": {"id": 50, "h3": "892830c5223ffff", "area_m2": 109617.7, "lat": 38.007383, "lon": -121.920977}, "geometry": {"type": "Polygon", "coordinates": [[[-121.91971776938287, 38.00587417867785], [-121.9186325535479, 38.007552687012705], [-121.9198917277707, 38.00906125491745], [-121.92223611839545, 38.00889129133702], [-121.92332126555566, 38.007212782146226], [-121.92206209076862, 38.005704237391505], [-121.91971776938287, 38.00587417867785]]]}}, {"type": "Feature", "properties": {"id": 51, "h3": "892830c5227ffff", "area_m2": 109612.2, "lat": 38.008721, "lon": -121.92458}, "geometry": {"type": "Polygon", "coordinates": [[[-121.92332126555566, 38.007212782146226], [-121.92223611839545, 38.00889129133702], [-121.92349533305713, 38.01039978251271], [-121.92583969543435, 38.01022974134789], [-121.92692477391076, 38.00855123130672], [-121.92566555869645, 38.007042763280474], [-121.92332126555566, 38.007212782146226]]]}}, {"type": "Feature", "properties": {"id": 52, "h3": "892830c522bffff", "area_m2": 109618.7, "lat": 38.009231, "lon": -121.917547}, "geometry": {"type": "Polygon", "coordinates": [[[-121.91628813469435, 38.0077225730081], [-121.9152028208207, 38.00940104919558], [-121.91646199446815, 38.01090964024889], [-121.91880648256733, 38.01073973196587], [-121.9198917277707, 38.00906125491745], [-121.9186325535479, 38.007552687012705], [-121.91628813469435, 38.0077225730081]]]}}, {"type": "Feature", "properties": {"id": 53, "h3": "892830c522fffff", "area_m2": 109613.3, "lat": 38.01057, "lon": -121.921151}, "geometry": {"type": "Polygon", "coordinates": [[[-121.9198917277707, 38.00906125491745], [-121.91880648256733, 38.01073973196587], [-121.92006569666535, 38.01224824628956], [-121.92241015653312, 38.012078260416516], [-121.92349533305713, 38.01039978251271], [-121.92223611839545, 38.00889129133702], [-121.9198917277707, 38.00906125491745]]]}}, {"type": "Feature", "properties": {"id": 54, "h3": "892830c5233ffff", "area_m2": 109622.0, "lat": 38.004196, "lon": -121.920803}, "geometry": {"type": "Polygon", "coordinates": [[[-121.91954382150091, 38.00268701758715], [-121.91845863503274, 38.00436555719951], [-121.91971776938287, 38.00587417867785], [-121.92206209076862, 38.005704237391505], [-121.92314720856655, 38.00402569692274], [-121.92188807365169, 38.00251709859642], [-121.91954382150091, 38.00268701758715]]]}}, {"type": "Feature", "properties": {"id": 55, "h3": "892830c5237ffff", "area_m2": 109616.6, "lat": 38.005534, "lon": -121.924406}, "geometry": {"type": "Polygon", "coordinates": [[[-121.92314720856655, 38.00402569692274], [-121.92206209076862, 38.005704237391505], [-121.92332126555566, 38.007212782146226], [-121.92566555869645, 38.007042763280474], [-121.92675060781517, 38.005364221960825], [-121.92549143247501, 38.003855700357526], [-121.92314720856655, 38.00402569692274]]]}}, {"type": "Feature", "properties": {"id": 56, "h3": "892830c523bffff", "area_m2": 109623.1, "lat": 38.006044, "lon": -121.917373}, "geometry": {"type": "Polygon", "coordinates": [[[-121.91611428542085, 38.00453542090575], [-121.91502900092013, 38.006213928379175], [-121.91628813469435, 38.0077225730081], [-121.9186325535479, 38.007552687012705], [-121.91971776938287, 38.00587417867785], [-121.91845863503274, 38.00436555719951], [-121.91611428542085, 38.00453542090575]]]}}, {"type": "Feature", "properties": {"id": 57, "h3": "892830c5243ffff", "area_m2": 109640.5, "lat": 38.003875, "lon": -121.903133}, "geometry": {"type": "Polygon", "coordinates": [[[-121.90187388505903, 38.002366302314215], [-121.90078829659485, 38.00404477500264], [-121.90204730834313, 38.005553672925714], [-121.90439190918032, 38.0053840750092], [-121.90547742901047, 38.0037056014377], [-121.90421841664016, 38.00219672666552], [-121.90187388505903, 38.002366302314215]]]}}, {"type": "Feature", "properties": {"id": 58, "h3": "892830c5247ffff", "area_m2": 109635.1, "lat": 38.005214, "lon": -121.906736}, "geometry": {"type": "Polygon", "coordinates": [[[-121.90547742901047, 38.0037056014377], [-121.90439190918032, 38.0053840750092], [-121.90565096141792, 38.006892896222155], [-121.90799553409873, 38.00672322071302], [-121.9090809852858, 38.00504474626401], [-121.90782193243783, 38.00353594820137], [-121.90547742901047, 38.0037056014377]]]}}, {"type": "Feature", "properties": {"id": 59, "h3": "892830c524bffff", "area_m2": 109641.6, "lat": 38.005723, "lon": -121.899703}, "geometry": {"type": "Polygon", "coordinates": [[[-121.89844366762003, 38.004214295325916], [-121.8973579811335, 38.00589273583335], [-121.89861699224863, 38.00740165690586], [-121.90096169048611, 38.007232114321226], [-121.90204730834313, 38.005553672925714], [-121.90078829659485, 38.00404477500264], [-121.89844366762003, 38.004214295325916]]]}}, {"type": "Feature", "properties": {"id": 60, "h3": "892830c524fffff", "area_m2": 109636.2, "lat": 38.007063, "lon": -121.903306}, "geometry": {"type": "Polygon", "coordinates": [[[-121.90204730834313, 38.005553672925714], [-121.90096169048611, 38.007232114321226], [-121.90222074210226, 38.008740958683035], [-121.90456541219956, 38.008571338500204], [-121.90565096141792, 38.006892896222155], [-121.90439190918032, 38.0053840750092], [-121.90204730834313, 38.005553672925714]]]}}, {"type": "Feature", "properties": {"id": 61, "h3": "892830c5253ffff", "area_m2": 109644.9, "lat": 38.000688, "lon": -121.902959}, "geometry": {"type": "Polygon", "coordinates": [[[-121.90170047224905, 37.99917884686496], [-121.90061491317608, 38.00085735083734], [-121.90187388505903, 38.002366302314215], [-121.90421841664016, 38.00219672666552], [-121.90530390708366, 38.00051822180956], [-121.90404493457817, 37.99900929348559], [-121.90170047224905, 37.99917884686496]]]}}, {"type": "Feature", "properties": {"id": 62, "h3": "892830c5257ffff", "area_m2": 109639.4, "lat": 38.002027, "lon": -121.906563}, "geometry": {"type": "Polygon", "coordinates": [[[-121.90530390708366, 38.00051822180956], [-121.90421841664016, 38.00219672666552], [-121.90547742901047, 38.0037056014377], [-121.90782193243783, 38.00353594820137], [-121.90890735424279, 38.00185744246738], [-121.90764834126159, 38.00034859084751], [-121.90530390708366, 38.00051822180956]]]}}, {"type": "Feature", "properties": {"id": 63, "h3": "892830c525bffff", "area_m2": 109646.0, "lat": 38.002536, "lon": -121.899529}, "geometry": {"type": "Polygon", "coordinates": [[[-121.89827035345996, 38.001026848897745], [-121.89718469637077, 38.00270532069761], [-121.89844366762003, 38.004214295325916], [-121.90078829659485, 38.00404477500264], [-121.90187388505903, 38.002366302314215], [-121.90061491317608, 38.00085735083734], [-121.89827035345996, 38.001026848897745]]]}}, {"type": "Feature", "properties": {"id": 64, "h3": "892830c5263ffff", "area_m2": 109625.3, "lat": 38.009741, "lon": -121.910514}, "geometry": {"type": "Polygon", "coordinates": [[[-121.90925462681598, 38.008231965210975], [-121.9081691462453, 38.00991040836605], [-121.90942827883433, 38.01141909929184], [-121.91177289259493, 38.01124932391454], [-121.91285830450887, 38.00957087988796], [-121.91159917132168, 38.00806221210989], [-121.90925462681598, 38.008231965210975]]]}}, {"type": "Feature", "properties": {"id": 65, "h3": "892830c5267ffff", "area_m2": 109619.8, "lat": 38.01108, "lon": -121.914117}, "geometry": {"type": "Polygon", "coordinates": [[[-121.91285830450887, 38.00957087988796], [-121.91177289259493, 38.01124932391454], [-121.91303206565587, 38.012757938115], [-121.91537665121999, 38.01258808514145], [-121.91646199446815, 38.01090964024889], [-121.9152028208207, 38.00940104919558], [-121.91285830450887, 38.00957087988796]]]}}, {"type": "Feature", "properties": {"id": 66, "h3": "892830c526bffff", "area_m2": 109626.3, "lat": 38.011589, "lon": -121.907084}, "geometry": {"type": "Polygon", "coordinates": [[[-121.90582450430696, 38.01008010614646], [-121.90473892569882, 38.011758517122125], [-121.90599805767854, 38.0132672311942], [-121.90834276887844, 38.01309751114404], [-121.90942827883433, 38.01141909929184], [-121.9081691462453, 38.00991040836605], [-121.90582450430696, 38.01008010614646]]]}}, {"type": "Feature", "properties": {"id": 67, "h3": "892830c526fffff", "area_m2": 109620.9, "lat": 38.012928, "lon": -121.910687}, "geometry": {"type": "Polygon", "coordinates": [[[-121.90942827883433, 38.01141909929184], [-121.90834276887844, 38.01309751114404], [-121.90960194134175, 38.01460614849023], [-121.91194662436129, 38.0144363508382], [-121.91303206565587, 38.012757938115], [-121.91177289259493, 38.01124932391454], [-121.90942827883433, 38.01141909929184]]]}}, {"type": "Feature", "properties": {"id": 68, "h3": "892830c5273ffff", "area_m2": 109629.6, "lat": 38.006554, "lon": -121.91034}, "geometry": {"type": "Polygon", "coordinates": [[[-121.9090809852858, 38.00504474626401], [-121.90799553409873, 38.00672322071302], [-121.90925462681598, 38.008231965210975], [-121.91159917132168, 38.00806221210989], [-121.91268455385658, 38.00638373678889], [-121.91142546054064, 38.00487501544065], [-121.9090809852858, 38.00504474626401]]]}}, {"type": "Feature", "properties": {"id": 69, "h3": "892830c5277ffff", "area_m2": 109624.2, "lat": 38.007892, "lon": -121.913944}, "geometry": {"type": "Polygon", "coordinates": [[[-121.91268455385658, 38.00638373678889], [-121.91159917132168, 38.00806221210989], [-121.91285830450887, 38.00957087988796], [-121.9152028208207, 38.00940104919558], [-121.91628813469435, 38.0077225730081], [-121.91502900092013, 38.006213928379175], [-121.91268455385658, 38.00638373678889]]]}}, {"type": "Feature", "properties": {"id": 70, "h3": "892830c527bffff", "area_m2": 109630.7, "lat": 38.008402, "lon": -121.90691}, "geometry": {"type": "Polygon", "coordinates": [[[-121.90565096141792, 38.006892896222155], [-121.90456541219956, 38.008571338500204], [-121.90582450430696, 38.01008010614646], [-121.9081691462453, 38.00991040836605], [-121.90925462681598, 38.008231965210975], [-121.90799553409873, 38.00672322071302], [-121.90565096141792, 38.006892896222155]]]}}, {"type": "Feature", "properties": {"id": 71, "h3": "892830c52a3ffff", "area_m2": 109625.3, "lat": 37.99916, "lon": -121.924058}, "geometry": {"type": "Polygon", "coordinates": [[[-121.92279912612179, 37.99765127197032], [-121.92171406704371, 37.999329874968176], [-121.92297316208892, 38.00083852685862], [-121.92531731676908, 38.000668552595485], [-121.92640230717706, 37.99898994874574], [-121.92514321157768, 37.997481320010735], [-121.92279912612179, 37.99765127197032]]]}}, {"type": "Feature", "properties": {"id": 72, "h3": "892830c52abffff", "area_m2": 109626.4, "lat": 38.001008, "lon": -121.920629}, "geometry": {"type": "Polygon", "coordinates": [[[-121.91936988412384, 37.999499771661796], [-121.91828472702099, 38.00117834254268], [-121.91954382150091, 38.00268701758715], [-121.92188807365169, 38.00251709859642], [-121.92297316208892, 38.00083852685862], [-121.92171406704371, 37.999329874968176], [-121.91936988412384, 37.999499771661796]]]}}, {"type": "Feature", "properties": {"id": 73, "h3": "892830c52afffff", "area_m2": 109620.9, "lat": 38.002347, "lon": -121.924232}, "geometry": {"type": "Polygon", "coordinates": [[[-121.92297316208892, 38.00083852685862], [-121.92188807365169, 38.00251709859642], [-121.92314720856655, 38.00402569692274], [-121.92549143247501, 38.003855700357526], [-121.9265764522376, 38.002177127768356], [-121.92531731676908, 38.000668552595485], [-121.92297316208892, 38.00083852685862]]]}}, {"type": "Feature", "properties": {"id": 74, "h3": "892830c52bbffff", "area_m2": 109630.7, "lat": 37.997821, "lon": -121.920455}, "geometry": {"type": "Polygon", "coordinates": [[[-121.91919595725078, 37.996312440918196], [-121.91811082951162, 37.997991043058654], [-121.91936988412384, 37.999499771661796], [-121.92171406704371, 37.999329874968176], [-121.92279912612179, 37.99765127197032], [-121.92154007094375, 37.996142566523204], [-121.91919595725078, 37.996312440918196]]]}}, {"type": "Feature", "properties": {"id": 75, "h3": "892830c52c3ffff", "area_m2": 109648.2, "lat": 37.995652, "lon": -121.906216}, "geometry": {"type": "Polygon", "coordinates": [[[-121.90495689466816, 37.99414320808788], [-121.90387146299338, 37.99582177548583], [-121.90513039563653, 37.99733075735414], [-121.9074747605691, 37.99716114866788], [-121.9085601236145, 37.99548258039089], [-121.90730119035942, 37.99397362167892], [-121.90495689466816, 37.99414320808788]]]}}, {"type": "Feature", "properties": {"id": 76, "h3": "892830c52cbffff", "area_m2": 109649.3, "lat": 37.9975, "lon": -121.902786}, "geometry": {"type": "Polygon", "coordinates": [[[-121.90152706991223, 37.995991306594355], [-121.90044154022895, 37.997669841841756], [-121.90170047224905, 37.99917884686496], [-121.90404493457817, 37.99900929348559], [-121.90513039563653, 37.99733075735414], [-121.90387146299338, 37.99582177548583], [-121.90152706991223, 37.995991306594355]]]}}, {"type": "Feature", "properties": {"id": 77, "h3": "892830c52cfffff", "area_m2": 109643.8, "lat": 37.99884, "lon": -121.906389}, "geometry": {"type": "Polygon", "coordinates": [[[-121.90513039563653, 37.99733075735414], [-121.90404493457817, 37.99900929348559], [-121.90530390708366, 38.00051822180956], [-121.90764834126159, 38.00034859084751], [-121.908733733686, 37.99867005383754], [-121.9074747605691, 37.99716114866788], [-121.90513039563653, 37.99733075735414]]]}}, {"type": "Feature", "properties": {"id": 78, "h3": "892830c52d3ffff", "area_m2": 109652.5, "lat": 37.992465, "lon": -121.906042}, "geometry": {"type": "Polygon", "coordinates": [[[-121.90478340417759, 37.99095557402721], [-121.90369800188482, 37.9926341726827], [-121.90495689466816, 37.99414320808788], [-121.90730119035942, 37.99397362167892], [-121.90838652402735, 37.992295022143864], [-121.90712763063156, 37.99078600989704], [-121.90478340417759, 37.99095557402721]]]}}, {"type": "Feature", "properties": {"id": 79, "h3": "892830c52dbffff", "area_m2": 109653.6, "lat": 37.994313, "lon": -121.902613}, "geometry": {"type": "Polygon", "coordinates": [[[-121.9013536780476, 37.992803681518886], [-121.90026817775247, 37.994482248032305], [-121.90152706991223, 37.995991306594355], [-121.90387146299338, 37.99582177548583], [-121.90495689466816, 37.99414320808788], [-121.90369800188482, 37.9926341726827], [-121.9013536780476, 37.992803681518886]]]}}, {"type": "Feature", "properties": {"id": 80, "h3": "892830c5303ffff", "area_m2": 109594.8, "lat": 38.010887, "lon": -121.93882}, "geometry": {"type": "Polygon", "coordinates": [[[-121.93756087837421, 38.00937887124799], [-121.93647603534757, 38.0110574150871], [-121.93773537178537, 38.01256565289876], [-121.94007955175894, 38.01239532372187], [-121.94116432607014, 38.01071677905401], [-121.93990498912589, 38.00920856439148], [-121.93756087837421, 38.00937887124799]]]}}, {"type": "Feature", "properties": {"id": 81, "h3": "892830c5307ffff", "area_m2": 109589.3, "lat": 38.012225, "lon": -121.942424}, "geometry": {"type": "Polygon", "coordinates": [[[-121.94116432607014, 38.01071677905401], [-121.94007955175894, 38.01239532372187], [-121.9413389285852, 38.01390348478558], [-121.94368308022011, 38.013733078032615], [-121.94476778580679, 38.01205453254151], [-121.94350840848577, 38.01054639462632], [-121.94116432607014, 38.01071677905401]]]}}, {"type": "Feature", "properties": {"id": 82, "h3": "892830c530bffff", "area_m2": 109595.9, "lat": 38.012736, "lon": -121.935391}, "geometry": {"type": "Polygon", "coordinates": [[[-121.93413182705406, 38.01122766668718], [-121.93304688597244, 38.01290617841252], [-121.93430622189267, 38.01441443937185], [-121.93665049941475, 38.01424416545787], [-121.93773537178537, 38.01256565289876], [-121.93647603534757, 38.0110574150871], [-121.93413182705406, 38.01122766668718]]]}}, {"type": "Feature", "properties": {"id": 83, "h3": "892830c530fffff", "area_m2": 109590.4, "lat": 38.014074, "lon": -121.938995}, "geometry": {"type": "Polygon", "coordinates": [[[-121.93773537178537, 38.01256565289876], [-121.93665049941475, 38.01424416545787], [-121.9379098757351, 38.01575234966868], [-121.94025412493461, 38.015581998172976], [-121.9413389285852, 38.01390348478558], [-121.94007955175894, 38.01239532372187], [-121.93773537178537, 38.01256565289876]]]}}, {"type": "Feature", "properties": {"id": 84, "h3": "892830c5317ffff", "area_m2": 109593.7, "lat": 38.009038, "lon": -121.942249}, "geometry": {"type": "Polygon", "coordinates": [[[-121.94098973409923, 38.00752998845208], [-121.93990498912589, 38.00920856439148], [-121.94116432607014, 38.01071677905401], [-121.94350840848577, 38.01054639462632], [-121.94459308473918, 38.008867817863205], [-121.94333374729962, 38.00735962635121], [-121.94098973409923, 38.00752998845208]]]}}, {"type": "Feature", "properties": {"id": 85, "h3": "892830c5323ffff", "area_m2": 109579.5, "lat": 38.016749, "lon": -121.946202}, "geometry": {"type": "Polygon", "coordinates": [[[-121.94494249742509, 38.01524116234353], [-121.94385776250361, 38.01691967655364], [-121.94511721959503, 38.01842770725287], [-121.94746141209326, 38.01825720059571], [-121.9485460782766, 38.0165786855684], [-121.94728662070257, 38.01507067801513], [-121.94494249742509, 38.01524116234353]]]}}, {"type": "Feature", "properties": {"id": 86, "h3": "892830c5327ffff", "area_m2": 109574.1, "lat": 38.018087, "lon": -121.949806}, "geometry": {"type": "Polygon", "coordinates": [[[-121.9485460782766, 38.0165786855684], [-121.94746141209326, 38.01825720059571], [-121.94872090955569, 38.01976515453184], [-121.9510650736751, 38.019594570295], [-121.95214967111131, 38.017916054456], [-121.95089017317792, 38.01640812366524], [-121.9485460782766, 38.0165786855684]]]}}, {"type": "Feature", "properties": {"id": 87, "h3": "892830c532bffff", "area_m2": 109580.6, "lat": 38.018598, "lon": -121.942773}, "geometry": {"type": "Polygon", "coordinates": [[[-121.94151354164536, 38.017090105630416], [-121.94042870865385, 38.01876858772836], [-121.94168816525158, 38.02027664157207], [-121.94403245533721, 38.02010619017304], [-121.94511721959503, 38.01842770725287], [-121.94385776250361, 38.01691967655364], [-121.94151354164536, 38.017090105630416]]]}}, {"type": "Feature", "properties": {"id": 88, "h3": "892830c532fffff", "area_m2": 109575.1, "lat": 38.019936, "lon": -121.946377}, "geometry": {"type": "Polygon", "coordinates": [[[-121.94511721959503, 38.01842770725287], [-121.94403245533721, 38.02010619017304], [-121.94529195231759, 38.021614167253084], [-121.94763621404056, 38.02144363826873], [-121.94872090955569, 38.01976515453184], [-121.94746141209326, 38.01825720059571], [-121.94511721959503, 38.01842770725287]]]}}, {"type": "Feature", "properties": {"id": 89, "h3": "892830c5333ffff", "area_m2": 109583.9, "lat": 38.013563, "lon": -121.946027}, "geometry": {"type": "Polygon", "coordinates": [[[-121.94476778580679, 38.01205453254151], [-121.94368308022011, 38.013733078032615], [-121.94494249742509, 38.01524116234353], [-121.94728662070257, 38.01507067801513], [-121.94837125755572, 38.013392131706325], [-121.9471118398676, 38.011884070543346], [-121.94476778580679, 38.01205453254151]]]}}, {"type": "Feature", "properties": {"id": 90, "h3": "892830c5337ffff", "area_m2": 109578.4, "lat": 38.0149, "lon": -121.949631}, "geometry": {"type": "Polygon", "coordinates": [[[-121.94837125755572, 38.013392131706325], [-121.94728662070257, 38.01507067801513], [-121.9485460782766, 38.0165786855684], [-121.95089017317792, 38.01640812366524], [-121.95197474128847, 38.01472957654427], [-121.95071528324297, 38.01322159213834], [-121.94837125755572, 38.013392131706325]]]}}, {"type": "Feature", "properties": {"id": 91, "h3": "892830c533bffff", "area_m2": 109585.0, "lat": 38.015412, "lon": -121.942598}, "geometry": {"type": "Polygon", "coordinates": [[[-121.9413389285852, 38.01390348478558], [-121.94025412493461, 38.015581998172976], [-121.94151354164536, 38.017090105630416], [-121.94385776250361, 38.01691967655364], [-121.94494249742509, 38.01524116234353], [-121.94368308022011, 38.013733078032615], [-121.9413389285852, 38.01390348478558]]]}}, {"type": "Feature", "properties": {"id": 92, "h3": "892830c5343ffff", "area_m2": 109602.4, "lat": 38.013247, "lon": -121.928358}, "geometry": {"type": "Polygon", "coordinates": [[[-121.92709895052525, 38.01173815578965], [-121.92601384268963, 38.01341663454337], [-121.92727313765968, 38.01492499539317], [-121.92961754100841, 38.01475485434216], [-121.93070258014662, 38.013076374744095], [-121.92944328463616, 38.01156803704113], [-121.92709895052525, 38.01173815578965]]]}}, {"type": "Feature", "properties": {"id": 93, "h3": "892830c5347ffff", "area_m2": 109596.9, "lat": 38.014585, "lon": -121.931962}, "geometry": {"type": "Polygon", "coordinates": [[[-121.93070258014662, 38.013076374744095], [-121.92961754100841, 38.01475485434216], [-121.93087687639994, 38.01626313844774], [-121.933221251461, 38.01609291980872], [-121.93430622189267, 38.01441443937185], [-121.93304688597244, 38.01290617841252], [-121.93070258014662, 38.013076374744095]]]}}, {"type": "Feature", "properties": {"id": 94, "h3": "892830c534bffff", "area_m2": 109603.5, "lat": 38.015095, "lon": -121.924929}, "geometry": {"type": "Polygon", "coordinates": [[[-121.92366941107198, 38.01358669800572], [-121.9225842051826, 38.01526514461363], [-121.92384349960115, 38.016773528608844], [-121.92618800046328, 38.01660344285046], [-121.92727313765968, 38.01492499539317], [-121.92601384268963, 38.01341663454337], [-121.92366941107198, 38.01358669800572]]]}}, {"type": "Feature", "properties": {"id": 95, "h3": "892830c534fffff", "area_m2": 109598.0, "lat": 38.016433, "lon": -121.928532}, "geometry": {"type": "Polygon", "coordinates": [[[-121.92727313765968, 38.01492499539317], [-121.92618800046328, 38.01660344285046], [-121.92744733531494, 38.018111750100886], [-121.92979180790553, 38.0179415867489], [-121.93087687639994, 38.01626313844774], [-121.92961754100841, 38.01475485434216], [-121.92727313765968, 38.01492499539317]]]}}, {"type": "Feature", "properties": {"id": 96, "h3": "892830c5353ffff", "area_m2": 109606.8, "lat": 38.01006, "lon": -121.928184}, "geometry": {"type": "Polygon", "coordinates": [[[-121.92692477391076, 38.00855123130672], [-121.92583969543435, 38.01022974134789], [-121.92709895052525, 38.01173815578965], [-121.92944328463616, 38.01156803704113], [-121.9305282944197, 38.00988952615511], [-121.92926903878787, 38.0083811348622], [-121.92692477391076, 38.00855123130672]]]}}, {"type": "Feature", "properties": {"id": 97, "h3": "892830c5357ffff", "area_m2": 109601.3, "lat": 38.011398, "lon": -121.931788}, "geometry": {"type": "Polygon", "coordinates": [[[-121.9305282944197, 38.00988952615511], [-121.92944328463616, 38.01156803704113], [-121.93070258014662, 38.013076374744095], [-121.93304688597244, 38.01290617841252], [-121.93413182705406, 38.01122766668718], [-121.93287253101437, 38.00971935213248], [-121.9305282944197, 38.00988952615511]]]}}, {"type": "Feature", "properties": {"id": 98, "h3": "892830c535bffff", "area_m2": 109607.8, "lat": 38.011908, "lon": -121.924755}, "geometry": {"type": "Polygon", "coordinates": [[[-121.92349533305713, 38.01039978251271], [-121.92241015653312, 38.012078260416516], [-121.92366941107198, 38.01358669800572], [-121.92601384268963, 38.01341663454337], [-121.92709895052525, 38.01173815578965], [-121.92583969543435, 38.01022974134789], [-121.92349533305713, 38.01039978251271]]]}}, {"type": "Feature", "properties": {"id": 99, "h3": "892830c5363ffff", "area_m2": 109587.1, "lat": 38.019109, "lon": -121.93574}, "geometry": {"type": "Polygon", "coordinates": [[[-121.93448062726426, 38.017601127165214], [-121.93339562748099, 38.01927957630469], [-121.9346550431698, 38.020787730050884], [-121.93699945916117, 38.020617411513655], [-121.93808439022432, 38.01893896154139], [-121.93682497401898, 38.01743083093885], [-121.93448062726426, 38.017601127165214]]]}}, {"type": "Feature", "properties": {"id": 100, "h3": "892830c5367ffff", "area_m2": 109581.7, "lat": 38.020447, "lon": -121.939344}, "geometry": {"type": "Polygon", "coordinates": [[[-121.93808439022432, 38.01893896154139], [-121.93699945916117, 38.020617411513655], [-121.93825891525402, 38.02212548850046], [-121.9406033029176, 38.02195509237161], [-121.94168816525158, 38.02027664157207], [-121.94042870865385, 38.01876858772836], [-121.93808439022432, 38.01893896154139]]]}}, {"type": "Feature", "properties": {"id": 101, "h3": "892830c536bffff", "area_m2": 109588.2, "lat": 38.020958, "lon": -121.932311}, "geometry": {"type": "Polygon", "coordinates": [[[-121.93105118318064, 38.01944981724964], [-121.92996608532852, 38.021128234244905], [-121.93122550048967, 38.022636411133355], [-121.93357001403334, 38.02246614788399], [-121.9346550431698, 38.020787730050884], [-121.93339562748099, 38.01927957630469], [-121.93105118318064, 38.01944981724964]]]}}, {"type": "Feature", "properties": {"id": 102, "h3": "892830c536fffff", "area_m2": 109582.8, "lat": 38.022296, "lon": -121.935914}, "geometry": {"type": "Polygon", "coordinates": [[[-121.9346550431698, 38.020787730050884], [-121.93357001403334, 38.02246614788399], [-121.93482946961025, 38.02397424801246], [-121.93717395484228, 38.02380390716586], [-121.93825891525402, 38.02212548850046], [-121.93699945916117, 38.020617411513655], [-121.9346550431698, 38.020787730050884]]]}}, {"type": "Feature", "properties": {"id": 103, "h3": "892830c5373ffff", "area_m2": 109591.5, "lat": 38.015923, "lon": -121.935566}, "geometry": {"type": "Polygon", "coordinates": [[[-121.93430622189267, 38.01441443937185], [-121.933221251461, 38.01609291980872], [-121.93448062726426, 38.017601127165214], [-121.93682497401898, 38.01743083093885], [-121.9379098757351, 38.01575234966868], [-121.93665049941475, 38.01424416545787], [-121.93430622189267, 38.01441443937185]]]}}, {"type": "Feature", "properties": {"id": 104, "h3": "892830c5377ffff", "area_m2": 109586.0, "lat": 38.01726, "lon": -121.939169}, "geometry": {"type": "Polygon", "coordinates": [[[-121.9379098757351, 38.01575234966868], [-121.93682497401898, 38.01743083093885], [-121.93808439022432, 38.01893896154139], [-121.94042870865385, 38.01876858772836], [-121.94151354164536, 38.017090105630416], [-121.94025412493461, 38.015581998172976], [-121.9379098757351, 38.01575234966868]]]}}, {"type": "Feature", "properties": {"id": 105, "h3": "892830c537bffff", "area_m2": 109592.6, "lat": 38.017771, "lon": -121.932136}, "geometry": {"type": "Polygon", "coordinates": [[[-121.93087687639994, 38.01626313844774], [-121.92979180790553, 38.0179415867489], [-121.93105118318064, 38.01944981724964], [-121.93339562748099, 38.01927957630469], [-121.93448062726426, 38.017601127165214], [-121.933221251461, 38.01609291980872], [-121.93087687639994, 38.01626313844774]]]}}, {"type": "Feature", "properties": {"id": 106, "h3": "892830c5387ffff", "area_m2": 109597.0, "lat": 38.004002, "lon": -121.945503}, "geometry": {"type": "Polygon", "coordinates": [[[-121.94424371425221, 38.002494133943394], [-121.9431590966607, 38.004172773223665], [-121.94441839422132, 38.00568101832503], [-121.9467623098609, 38.00551060099186], [-121.94784685873262, 38.00383196089241], [-121.94658756068725, 38.00232373894501], [-121.94424371425221, 38.002494133943394]]]}}, {"type": "Feature", "properties": {"id": 107, "h3": "892830c538fffff", "area_m2": 109598.1, "lat": 38.005851, "lon": -121.942074}, "geometry": {"type": "Polygon", "coordinates": [[[-121.94081515267152, 38.004343112996224], [-121.93973043703447, 38.00602172019817], [-121.94098973409923, 38.00752998845208], [-121.94333374729962, 38.00735962635121], [-121.94441839422132, 38.00568101832503], [-121.9431590966607, 38.004172773223665], [-121.94081515267152, 38.004343112996224]]]}}, {"type": "Feature", "properties": {"id": 108, "h3": "892830c5397ffff", "area_m2": 109601.3, "lat": 38.000815, "lon": -121.945328}, "geometry": {"type": "Polygon", "coordinates": [[[-121.94406904483097, 37.99930716473473], [-121.94298445656806, 38.000985835260124], [-121.94424371425221, 38.002494133943394], [-121.94658756068725, 38.00232373894501], [-121.94767208023494, 38.00064506759992], [-121.94641282206551, 37.999136792072605], [-121.94406904483097, 37.99930716473473]]]}}, {"type": "Feature", "properties": {"id": 109, "h3": "892830c53a3ffff", "area_m2": 109587.2, "lat": 38.008527, "lon": -121.949281}, "geometry": {"type": "Polygon", "coordinates": [[[-121.94802164778467, 38.00701876935191], [-121.94693706958738, 38.008697378196786], [-121.94819644739205, 38.01020549296203], [-121.9505404038693, 38.01003497573075], [-121.95162491333318, 38.00835636607269], [-121.95036553505592, 38.00684827445883], [-121.94802164778467, 38.00701876935191]]]}}, {"type": "Feature", "properties": {"id": 110, "h3": "892830c53a7ffff", "area_m2": 109581.7, "lat": 38.009864, "lon": -121.952884}, "geometry": {"type": "Polygon", "coordinates": [[[-121.95162491333318, 38.00835636607269], [-121.9505404038693, 38.01003497573075], [-121.9517998220294, 38.011543013744365], [-121.954143750117, 38.011372418948866], [-121.9552281908384, 38.0096938084832], [-121.9539687722174, 38.00818579362036], [-121.95162491333318, 38.00835636607269]]]}}, {"type": "Feature", "properties": {"id": 111, "h3": "892830c53abffff", "area_m2": 109588.2, "lat": 38.010376, "lon": -121.945852}, "geometry": {"type": "Polygon", "coordinates": [[[-121.94459308473918, 38.008867817863205], [-121.94350840848577, 38.01054639462632], [-121.94476778580679, 38.01205453254151], [-121.9471118398676, 38.011884070543346], [-121.94819644739205, 38.01020549296203], [-121.94693706958738, 38.008697378196786], [-121.94459308473918, 38.008867817863205]]]}}, {"type": "Feature", "properties": {"id": 112, "h3": "892830c53afffff", "area_m2": 109582.8, "lat": 38.011714, "lon": -121.949456}, "geometry": {"type": "Polygon", "coordinates": [[[-121.94819644739205, 38.01020549296203], [-121.9471118398676, 38.011884070543346], [-121.94837125755572, 38.013392131706325], [-121.95071528324297, 38.01322159213834], [-121.9517998220294, 38.011543013744365], [-121.9505404038693, 38.01003497573075], [-121.94819644739205, 38.01020549296203]]]}}, {"type": "Feature", "properties": {"id": 113, "h3": "892830c53b3ffff", "area_m2": 109591.5, "lat": 38.00534, "lon": -121.949106}, "geometry": {"type": "Polygon", "coordinates": [[[-121.94784685873262, 38.00383196089241], [-121.9467623098609, 38.00551060099186], [-121.94802164778467, 38.00701876935191], [-121.95036553505592, 38.00684827445883], [-121.9514500151988, 38.00516963354569], [-121.95019067680195, 38.00366148833904], [-121.94784685873262, 38.00383196089241]]]}}, {"type": "Feature", "properties": {"id": 114, "h3": "892830c53b7ffff", "area_m2": 109586.1, "lat": 38.006678, "lon": -121.952709}, "geometry": {"type": "Polygon", "coordinates": [[[-121.9514500151988, 38.00516963354569], [-121.95036553505592, 38.00684827445883], [-121.95162491333318, 38.00835636607269], [-121.9539687722174, 38.00818579362036], [-121.95505318362238, 38.006507151899086], [-121.95379380488372, 38.004999083438015], [-121.9514500151988, 38.00516963354569]]]}}, {"type": "Feature", "properties": {"id": 115, "h3": "892830c53bbffff", "area_m2": 109592.6, "lat": 38.007189, "lon": -121.945678}, "geometry": {"type": "Polygon", "coordinates": [[[-121.94441839422132, 38.00568101832503], [-121.94333374729962, 38.00735962635121], [-121.94459308473918, 38.008867817863205], [-121.94693706958738, 38.008697378196786], [-121.94802164778467, 38.00701876935191], [-121.9467623098609, 38.00551060099186], [-121.94441839422132, 38.00568101832503]]]}}, {"type": "Feature", "properties": {"id": 116, "h3": "892830c53c3ffff", "area_m2": 109610.0, "lat": 38.005024, "lon": -121.931439}, "geometry": {"type": "Polygon", "coordinates": [[[-121.9301797545414, 38.00351557438677], [-121.92909480346256, 38.0051941478218], [-121.93035401921829, 38.006702592697195], [-121.93269818658585, 38.006532440985005], [-121.9337830689719, 38.00485386670966], [-121.93252385268588, 38.00334544498654], [-121.9301797545414, 38.00351557438677]]]}}, {"type": "Feature", "properties": {"id": 117, "h3": "892830c53c7ffff", "area_m2": 109604.6, "lat": 38.006362, "lon": -121.935042}, "geometry": {"type": "Polygon", "coordinates": [[[-121.9337830689719, 38.00485386670966], [-121.93269818658585, 38.006532440985005], [-121.93395744274743, 38.00804080912766], [-121.93630158181642, 38.007870579842965], [-121.93738639550064, 38.00619200473283], [-121.93612713882042, 38.004683659741886], [-121.9337830689719, 38.00485386670966]]]}}, {"type": "Feature", "properties": {"id": 118, "h3": "892830c53cbffff", "area_m2": 109611.1, "lat": 38.006873, "lon": -121.92801}, "geometry": {"type": "Polygon", "coordinates": [[[-121.92675060781517, 38.005364221960825], [-121.92566555869645, 38.007042763280474], [-121.92692477391076, 38.00855123130672], [-121.92926903878787, 38.0083811348622], [-121.93035401921829, 38.006702592697195], [-121.92909480346256, 38.0051941478218], [-121.92675060781517, 38.005364221960825]]]}}, {"type": "Feature", "properties": {"id": 119, "h3": "892830c53cfffff", "area_m2": 109605.7, "lat": 38.008211, "lon": -121.931613}, "geometry": {"type": "Polygon", "coordinates": [[[-121.93035401921829, 38.006702592697195], [-121.92926903878787, 38.0083811348622], [-121.9305282944197, 38.00988952615511], [-121.93287253101437, 38.00971935213248], [-121.93395744274743, 38.00804080912766], [-121.93269818658585, 38.006532440985005], [-121.93035401921829, 38.006702592697195]]]}}, {"type": "Feature", "properties": {"id": 120, "h3": "892830c53dbffff", "area_m2": 109615.5, "lat": 38.003686, "lon": -121.927836}, "geometry": {"type": "Polygon", "coordinates": [[[-121.9265764522376, 38.002177127768356], [-121.92549143247501, 38.003855700357526], [-121.92675060781517, 38.005364221960825], [-121.92909480346256, 38.0051941478218], [-121.9301797545414, 38.00351557438677], [-121.92892057865926, 38.00200707593635], [-121.9265764522376, 38.002177127768356]]]}}, {"type": "Feature", "properties": {"id": 121, "h3": "892830c564bffff", "area_m2": 109672.1, "lat": 37.98341, "lon": -121.898489}, "geometry": {"type": "Polygon", "coordinates": [[[-121.89723068828499, 37.981900389436255], [-121.89614520754745, 37.9835790488023], [-121.89740393965396, 37.98508834460865], [-121.8997481531375, 37.984918957885185], [-121.9008335652775, 37.98324029762755], [-121.8995748325342, 37.98173102498468], [-121.89723068828499, 37.981900389436255]]]}}, {"type": "Feature", "properties": {"id": 122, "h3": "892830c564fffff", "area_m2": 109666.7, "lat": 37.98475, "lon": -121.902092}, "geometry": {"type": "Polygon", "coordinates": [[[-121.9008335652775, 37.98324029762755], [-121.8997481531375, 37.984918957885185], [-121.90100692573118, 37.98642817701905], [-121.9033511110927, 37.986258712732074], [-121.90443645462608, 37.984580051588374], [-121.90317768140724, 37.983070855617434], [-121.9008335652775, 37.98324029762755]]]}}, {"type": "Feature", "properties": {"id": 123, "h3": "892830c566bffff", "area_m2": 109656.9, "lat": 37.989277, "lon": -121.905869}, "geometry": {"type": "Polygon", "coordinates": [[[-121.90460992416388, 37.98776785518854], [-121.90352455125159, 37.98944648509263], [-121.90478340417759, 37.99095557402721], [-121.90712763063156, 37.99078600989704], [-121.90821293492363, 37.98910737911291], [-121.90695408138461, 37.98759831333871], [-121.90460992416388, 37.98776785518854]]]}}, {"type": "Feature", "properties": {"id": 124, "h3": "892830c567bffff", "area_m2": 109661.3, "lat": 37.986089, "lon": -121.905695}, "geometry": {"type": "Polygon", "coordinates": [[[-121.90443645462608, 37.984580051588374], [-121.9033511110927, 37.986258712732074], [-121.90460992416388, 37.98776785518854], [-121.90695408138461, 37.98759831333871], [-121.90803935630231, 37.98591965131447], [-121.90678054261765, 37.984410532020334], [-121.90443645462608, 37.984580051588374]]]}}, {"type": "Feature", "properties": {"id": 125, "h3": "892830c5803ffff", "area_m2": 109518.4, "lat": 38.029603, "lon": -121.98927}, "geometry": {"type": "Polygon", "coordinates": [[[-121.98801023146775, 38.02809553602855], [-121.9869263512802, 38.029774090967024], [-121.98818625227307, 38.03128125386626], [-121.99053003379935, 38.03110983868592], [-121.99161384514494, 38.02943128299613], [-121.99035394380888, 38.02792414323772], [-121.98801023146775, 38.02809553602855]]]}}, {"type": "Feature", "properties": {"id": 126, "h3": "892830c5807ffff", "area_m2": 109513.0, "lat": 38.030938, "lon": -121.992874}, "geometry": {"type": "Polygon", "coordinates": [[[-121.99161384514494, 38.02943128299613], [-121.99053003379935, 38.03110983868592], [-121.99178997504481, 38.0326169247694], [-121.99413372796998, 38.032445432022584], [-121.99521747046455, 38.030766875587], [-121.9939575288876, 38.02925981264375], [-121.99161384514494, 38.02943128299613]]]}}, {"type": "Feature", "properties": {"id": 127, "h3": "892830c580bffff", "area_m2": 109519.5, "lat": 38.031453, "lon": -121.985842}, "geometry": {"type": "Polygon", "coordinates": [[[-121.98458254117158, 38.02994542858016], [-121.98349856286667, 38.031623951475346], [-121.98475846350527, 38.033131137514], [-121.98710234280574, 38.03295977751779], [-121.98818625227307, 38.03128125386626], [-121.9869263512802, 38.029774090967024], [-121.98458254117158, 38.02994542858016]]]}}, {"type": "Feature", "properties": {"id": 128, "h3": "892830c580fffff", "area_m2": 109514.0, "lat": 38.032788, "lon": -121.989446}, "geometry": {"type": "Polygon", "coordinates": [[[-121.98818625227307, 38.03128125386626], [-121.98710234280574, 38.03295977751779], [-121.98836228370854, 38.034466886740105], [-121.99070613442399, 38.03429544917177], [-121.99178997504481, 38.0326169247694], [-121.99053003379935, 38.03110983868592], [-121.98818625227307, 38.03128125386626]]]}}, {"type": "Feature", "properties": {"id": 129, "h3": "892830c5813ffff", "area_m2": 109522.8, "lat": 38.026417, "lon": -121.989094}, "geometry": {"type": "Polygon", "coordinates": [[[-121.98783422129155, 38.024909733243376], [-121.98675037038228, 38.02658831945981], [-121.98801023146775, 38.02809553602855], [-121.99035394380888, 38.02792414323772], [-121.99143772588077, 38.02624555626945], [-121.9901778644516, 38.02473836284356], [-121.98783422129155, 38.024909733243376]]]}}, {"type": "Feature", "properties": {"id": 130, "h3": "892830c5817ffff", "area_m2": 109517.3, "lat": 38.027753, "lon": -121.992698}, "geometry": {"type": "Polygon", "coordinates": [[[-121.99143772588077, 38.02624555626945], [-121.99035394380888, 38.02792414323772], [-121.99161384514494, 38.02943128299613], [-121.9939575288876, 38.02925981264375], [-121.99504124211309, 38.0275812249292], [-121.99378134044498, 38.026074108313026], [-121.99143772588077, 38.02624555626945]]]}}, {"type": "Feature", "properties": {"id": 131, "h3": "892830c581bffff", "area_m2": 109523.9, "lat": 38.028267, "lon": -121.985666}, "geometry": {"type": "Polygon", "coordinates": [[[-121.98440662946143, 38.026759634688396], [-121.98332268044095, 38.02843818887], [-121.98458254117158, 38.02994542858016], [-121.9869263512802, 38.029774090967024], [-121.98801023146775, 38.02809553602855], [-121.98675037038228, 38.02658831945981], [-121.98440662946143, 38.026759634688396]]]}}, {"type": "Feature", "properties": {"id": 132, "h3": "892830c5833ffff", "area_m2": 109507.5, "lat": 38.032274, "lon": -121.996477}, "geometry": {"type": "Polygon", "coordinates": [[[-121.99521747046455, 38.030766875587], [-121.99413372796998, 38.032445432022584], [-121.99539370945821, 38.03395244128551], [-121.99773743376356, 38.03378087097291], [-121.99882110739813, 38.03210231379706], [-121.99756112559002, 38.0305953276738], [-121.99521747046455, 38.030766875587]]]}}, {"type": "Feature", "properties": {"id": 133, "h3": "892830c5843ffff", "area_m2": 109526.1, "lat": 38.031966, "lon": -121.978811}, "geometry": {"type": "Polygon", "coordinates": [[[-121.97755085822108, 38.030459175898436], [-121.9764667129731, 38.03213766596987], [-121.9777265729607, 38.03364495195868], [-121.98007057857605, 38.033473724737114], [-121.98115465499997, 38.03179523389874], [-121.97989479463529, 38.030287971048544], [-121.97755085822108, 38.030459175898436]]]}}, {"type": "Feature", "properties": {"id": 134, "h3": "892830c5847ffff", "area_m2": 109520.6, "lat": 38.033302, "lon": -121.982415}, "geometry": {"type": "Polygon", "coordinates": [[[-121.98115465499997, 38.03179523389874], [-121.98007057857605, 38.033473724737114], [-121.98133047884923, 38.03498093391378], [-121.98367445591444, 38.03480962911379], [-121.98475846350527, 38.033131137514], [-121.98349856286667, 38.031623951475346], [-121.98115465499997, 38.03179523389874]]]}}, {"type": "Feature", "properties": {"id": 135, "h3": "892830c584bffff", "area_m2": 109527.1, "lat": 38.033816, "lon": -121.975383}, "geometry": {"type": "Polygon", "coordinates": [[[-121.97412267882636, 38.03230881561226], [-121.97303843546213, 38.033987273608396], [-121.97429829506153, 38.035494582734394], [-121.97664239841608, 38.03532341072676], [-121.9777265729607, 38.03364495195868], [-121.9764667129731, 38.03213766596987], [-121.97412267882636, 38.03230881561226]]]}}, {"type": "Feature", "properties": {"id": 136, "h3": "892830c584fffff", "area_m2": 109521.7, "lat": 38.035152, "lon": -121.978986}, "geometry": {"type": "Polygon", "coordinates": [[[-121.9777265729607, 38.03364495195868], [-121.97664239841608, 38.03532341072676], [-121.97790229831274, 38.036830643040034], [-121.98024637313324, 38.03665939344834], [-121.98133047884923, 38.03498093391378], [-121.98007057857605, 38.033473724737114], [-121.9777265729607, 38.03364495195868]]]}}, {"type": "Feature", "properties": {"id": 137, "h3": "892830c5853ffff", "area_m2": 109530.4, "lat": 38.028781, "lon": -121.978635}, "geometry": {"type": "Polygon", "coordinates": [[[-121.97737515409291, 38.0272733148757], [-121.97629103814005, 38.02895183624154], [-121.97755085822108, 38.030459175898436], [-121.97989479463529, 38.030287971048544], [-121.98097884176867, 38.028609448915276], [-121.97971902131003, 38.02710213239901], [-121.97737515409291, 38.0272733148757]]]}}, {"type": "Feature", "properties": {"id": 138, "h3": "892830c5857ffff", "area_m2": 109525.0, "lat": 38.030117, "lon": -121.982239}, "geometry": {"type": "Polygon", "coordinates": [[[-121.98097884176867, 38.028609448915276], [-121.97989479463529, 38.030287971048544], [-121.98115465499997, 38.03179523389874], [-121.98349856286667, 38.031623951475346], [-121.98458254117158, 38.02994542858016], [-121.98332268044095, 38.02843818887], [-121.98097884176867, 38.028609448915276]]]}}, {"type": "Feature", "properties": {"id": 139, "h3": "892830c585bffff", "area_m2": 109531.5, "lat": 38.03063, "lon": -121.975207}, "geometry": {"type": "Polygon", "coordinates": [[[-121.97394707319707, 38.02912296351722], [-121.97286285913407, 38.030801452816185], [-121.97412267882636, 38.03230881561226], [-121.9764667129731, 38.03213766596987], [-121.97755085822108, 38.030459175898436], [-121.97629103814005, 38.02895183624154], [-121.97394707319707, 38.02912296351722]]]}}, {"type": "Feature", "properties": {"id": 140, "h3": "892830c5873ffff", "area_m2": 109515.1, "lat": 38.034638, "lon": -121.986018}, "geometry": {"type": "Polygon", "coordinates": [[[-121.98475846350527, 38.033131137514], [-121.98367445591444, 38.03480962911379], [-121.9849343964635, 38.036316761473515], [-121.98727834495982, 38.03614537909577], [-121.98836228370854, 38.034466886740105], [-121.98710234280574, 38.03295977751779], [-121.98475846350527, 38.033131137514]]]}}, {"type": "Feature", "properties": {"id": 141, "h3": "892830c5883ffff", "area_m2": 109526.1, "lat": 38.021381, "lon": -121.992345}, "geometry": {"type": "Polygon", "coordinates": [[[-121.99108551925563, 38.01987384802149], [-121.99000179572651, 38.02155249751984], [-121.99126161725131, 38.02305974460579], [-121.9936051626411, 38.022888319046835], [-121.994688817333, 38.02120966880119], [-121.99342899547503, 38.01970244486154], [-121.99108551925563, 38.01987384802149]]]}}, {"type": "Feature", "properties": {"id": 142, "h3": "892830c5887ffff", "area_m2": 109520.6, "lat": 38.022717, "lon": -121.995949}, "geometry": {"type": "Polygon", "coordinates": [[[-121.994688817333, 38.02120966880119], [-121.9936051626411, 38.022888319046835], [-121.99486502440288, 38.02439548932846], [-121.99720854118077, 38.02422398621853], [-121.9982921270264, 38.022545335231165], [-121.99703226494309, 38.02103818809519], [-121.994688817333, 38.02120966880119]]]}}, {"type": "Feature", "properties": {"id": 143, "h3": "892830c588bffff", "area_m2": 109527.1, "lat": 38.023231, "lon": -121.988918}, "geometry": {"type": "Polygon", "coordinates": [[[-121.98765822174356, 38.02172384552712], [-121.98657440011101, 38.02340246301257], [-121.98783422129155, 38.024909733243376], [-121.9901778644516, 38.02473836284356], [-121.99126161725131, 38.02305974460579], [-121.99000179572651, 38.02155249751984], [-121.98765822174356, 38.02172384552712]]]}}, {"type": "Feature", "properties": {"id": 144, "h3": "892830c588fffff", "area_m2": 109521.7, "lat": 38.024567, "lon": -121.992521}, "geometry": {"type": "Polygon", "coordinates": [[[-121.99126161725131, 38.02305974460579], [-121.9901778644516, 38.02473836284356], [-121.99143772588077, 38.02624555626945], [-121.99378134044498, 38.026074108313026], [-121.99486502440288, 38.02439548932846], [-121.9936051626411, 38.022888319046835], [-121.99126161725131, 38.02305974460579]]]}}, {"type": "Feature", "properties": {"id": 145, "h3": "892830c5893ffff", "area_m2": 109530.4, "lat": 38.018195, "lon": -121.992169}, "geometry": {"type": "Polygon", "coordinates": [[[-121.99090943189276, 38.01668786653299], [-121.98982573763273, 38.01836654728295], [-121.99108551925563, 38.01987384802149], [-121.99342899547503, 38.01970244486154], [-121.99451262090244, 38.0180237633638], [-121.9932528389458, 38.01651648577353], [-121.99090943189276, 38.01668786653299]]]}}, {"type": "Feature", "properties": {"id": 146, "h3": "892830c5897ffff", "area_m2": 109525.0, "lat": 38.019531, "lon": -121.995772}, "geometry": {"type": "Polygon", "coordinates": [[[-121.99451262090244, 38.0180237633638], [-121.99342899547503, 38.01970244486154], [-121.994688817333, 38.02120966880119], [-121.99703226494309, 38.02103818809519], [-121.99811582152884, 38.01935950585522], [-121.99685599934881, 38.017852305063215], [-121.99451262090244, 38.0180237633638]]]}}, {"type": "Feature", "properties": {"id": 147, "h3": "892830c589bffff", "area_m2": 109531.5, "lat": 38.020045, "lon": -121.988742}, "geometry": {"type": "Polygon", "coordinates": [[[-121.9874822328228, 38.01853787289617], [-121.98639844046545, 38.020216521641714], [-121.98765822174356, 38.02172384552712], [-121.99000179572651, 38.02155249751984], [-121.99108551925563, 38.01987384802149], [-121.98982573763273, 38.01836654728295], [-121.9874822328228, 38.01853787289617]]]}}, {"type": "Feature", "properties": {"id": 148, "h3": "892830c58a3ffff", "area_m2": 109510.8, "lat": 38.027238, "lon": -121.999728}, "geometry": {"type": "Polygon", "coordinates": [[[-121.9984684431698, 38.02573107969105], [-121.99738482806274, 38.02740969941687], [-121.99864476996005, 38.02891673921849], [-122.00098832727642, 38.028745136150945], [-122.0020718735236, 38.02706651568941], [-122.00081193131702, 38.02555949903086], [-121.9984684431698, 38.02573107969105]]]}}, {"type": "Feature", "properties": {"id": 149, "h3": "892830c58a7ffff", "area_m2": 109505.3, "lat": 38.028573, "lon": -122.003332}, "geometry": {"type": "Polygon", "coordinates": [[[-122.0020718735236, 38.02706651568941], [-122.00098832727642, 38.028745136150945], [-122.00224830939327, 38.03025209913317], [-122.00459183805759, 38.03008041851115], [-122.00567531543588, 38.02840179731943], [-122.00441533302146, 38.026894857479654], [-122.0020718735236, 38.02706651568941]]]}}, {"type": "Feature", "properties": {"id": 150, "h3": "892830c58abffff", "area_m2": 109511.9, "lat": 38.029088, "lon": -121.996301}, "geometry": {"type": "Polygon", "coordinates": [[[-121.99504124211309, 38.0275812249292], [-121.9939575288876, 38.02925981264375], [-121.99521747046455, 38.030766875587], [-121.99756112559002, 38.0305953276738], [-121.99864476996005, 38.02891673921849], [-121.99738482806274, 38.02740969941687], [-121.99504124211309, 38.0275812249292]]]}}, {"type": "Feature", "properties": {"id": 151, "h3": "892830c58afffff", "area_m2": 109506.4, "lat": 38.030424, "lon": -121.999905}, "geometry": {"type": "Polygon", "coordinates": [[[-121.99864476996005, 38.02891673921849], [-121.99756112559002, 38.0305953276738], [-121.99882110739813, 38.03210231379706], [-122.00116473388766, 38.03193068832371], [-122.00224830939327, 38.03025209913317], [-122.00098832727642, 38.028745136150945], [-121.99864476996005, 38.02891673921849]]]}}, {"type": "Feature", "properties": {"id": 152, "h3": "892830c58b3ffff", "area_m2": 109515.1, "lat": 38.024052, "lon": -121.999552}, "geometry": {"type": "Polygon", "coordinates": [[[-121.9982921270264, 38.022545335231165], [-121.99720854118077, 38.02422398621853], [-121.9984684431698, 38.02573107969105], [-122.00081193131702, 38.02555949903086], [-122.00189544830738, 38.02388084730727], [-122.00063554600845, 38.02237377697982], [-121.9982921270264, 38.022545335231165]]]}}, {"type": "Feature", "properties": {"id": 153, "h3": "892830c58b7ffff", "area_m2": 109509.7, "lat": 38.025388, "lon": -122.003155}, "geometry": {"type": "Polygon", "coordinates": [[[-122.00189544830738, 38.02388084730727], [-122.00081193131702, 38.02555949903086], [-122.0020718735236, 38.02706651568941], [-122.00441533302146, 38.026894857479654], [-122.0054987811475, 38.02521620502539], [-122.0042388386427, 38.02370921151128], [-122.00189544830738, 38.02388084730727]]]}}, {"type": "Feature", "properties": {"id": 154, "h3": "892830c58bbffff", "area_m2": 109516.2, "lat": 38.025903, "lon": -121.996125}, "geometry": {"type": "Polygon", "coordinates": [[[-121.99486502440288, 38.02439548932846], [-121.99378134044498, 38.026074108313026], [-121.99504124211309, 38.0275812249292], [-121.99738482806274, 38.02740969941687], [-121.9984684431698, 38.02573107969105], [-121.99720854118077, 38.02422398621853], [-121.99486502440288, 38.02439548932846]]]}}, {"type": "Feature", "properties": {"id": 155, "h3": "892830c58c3ffff", "area_m2": 109533.7, "lat": 38.023745, "lon": -121.981887}, "geometry": {"type": "Polygon", "coordinates": [[[-121.98062724715625, 38.022237624108705], [-121.97954325859929, 38.023916208804906], [-121.98080303915445, 38.0254235789798], [-121.98314680863628, 38.02525234131418], [-121.9842307283739, 38.02357375585508], [-121.9829709474517, 38.02206640882423], [-121.98062724715625, 38.022237624108705]]]}}, {"type": "Feature", "properties": {"id": 156, "h3": "892830c58c7ffff", "area_m2": 109528.2, "lat": 38.025081, "lon": -121.985491}, "geometry": {"type": "Polygon", "coordinates": [[[-121.9842307283739, 38.02357375585508], [-121.98314680863628, 38.02525234131418], [-121.98440662946143, 38.026759634688396], [-121.98675037038228, 38.02658831945981], [-121.98783422129155, 38.024909733243376], [-121.98657440011101, 38.02340246301257], [-121.9842307283739, 38.02357375585508]]]}}, {"type": "Feature", "properties": {"id": 157, "h3": "892830c58cbffff", "area_m2": 109534.8, "lat": 38.025595, "lon": -121.978459}, "geometry": {"type": "Polygon", "coordinates": [[[-121.97719946057522, 38.02408736890689], [-121.97611537391593, 38.02576592155818], [-121.97737515409291, 38.0272733148757], [-121.97971902131003, 38.02710213239901], [-121.98080303915445, 38.0254235789798], [-121.97954325859929, 38.023916208804906], [-121.97719946057522, 38.02408736890689]]]}}, {"type": "Feature", "properties": {"id": 158, "h3": "892830c58cfffff", "area_m2": 109529.3, "lat": 38.026931, "lon": -121.982063}, "geometry": {"type": "Polygon", "coordinates": [[[-121.98080303915445, 38.0254235789798], [-121.97971902131003, 38.02710213239901], [-121.98097884176867, 38.028609448915276], [-121.98332268044095, 38.02843818887], [-121.98440662946143, 38.026759634688396], [-121.98314680863628, 38.02525234131418], [-121.98080303915445, 38.0254235789798]]]}}, {"type": "Feature", "properties": {"id": 159, "h3": "892830c58d3ffff", "area_m2": 109538.1, "lat": 38.020559, "lon": -121.981711}, "geometry": {"type": "Polygon", "coordinates": [[[-121.9804514657732, 38.019051584318376], [-121.97936750650214, 38.020730200282614], [-121.98062724715625, 38.022237624108705], [-121.9829709474517, 38.02206640882423], [-121.98405483790802, 38.02038779209661], [-121.98279509688633, 38.01888039141655], [-121.9804514657732, 38.019051584318376]]]}}, {"type": "Feature", "properties": {"id": 160, "h3": "892830c58d7ffff", "area_m2": 109532.6, "lat": 38.021895, "lon": -121.985315}, "geometry": {"type": "Polygon", "coordinates": [[[-121.98405483790802, 38.02038779209661], [-121.9829709474517, 38.02206640882423], [-121.9842307283739, 38.02357375585508], [-121.98657440011101, 38.02340246301257], [-121.98765822174356, 38.02172384552712], [-121.98639844046545, 38.020216521641714], [-121.98405483790802, 38.02038779209661]]]}}, {"type": "Feature", "properties": {"id": 161, "h3": "892830c58dbffff", "area_m2": 109539.2, "lat": 38.022409, "lon": -121.978284}, "geometry": {"type": "Polygon", "coordinates": [[[-121.9770237776671, 38.020901338008386], [-121.97593972029983, 38.02257992193616], [-121.97719946057522, 38.02408736890689], [-121.97954325859929, 38.023916208804906], [-121.98062724715625, 38.022237624108705], [-121.97936750650214, 38.020730200282614], [-121.9770237776671, 38.020901338008386]]]}}, {"type": "Feature", "properties": {"id": 162, "h3": "892830c5a03ffff", "area_m2": 109526.0, "lat": 38.04255, "lon": -121.965272}, "geometry": {"type": "Polygon", "coordinates": [[[-121.96401228628224, 38.0410429511005], [-121.96292771923798, 38.04272128145252], [-121.96418761751733, 38.044228606298056], [-121.96653208326462, 38.04405757766036], [-121.96761658149805, 38.042379246521755], [-121.96635668279768, 38.04087194480715], [-121.96401228628224, 38.0410429511005]]]}}, {"type": "Feature", "properties": {"id": 163, "h3": "892830c5a07ffff", "area_m2": 109520.6, "lat": 38.043887, "lon": -121.968877}, "geometry": {"type": "Polygon", "coordinates": [[[-121.96761658149805, 38.042379246521755], [-121.96653208326462, 38.04405757766036], [-121.96779202187817, 38.045564825685986], [-121.9701364591372, 38.04539371944235], [-121.97122088855073, 38.04371538752268], [-121.96996094952782, 38.04220816262742], [-121.96761658149805, 38.042379246521755]]]}}, {"type": "Feature", "properties": {"id": 164, "h3": "892830c5a0bffff", "area_m2": 109527.1, "lat": 38.0444, "lon": -121.961843}, "geometry": {"type": "Polygon", "coordinates": [[[-121.96058322502115, 38.04289223248362], [-121.95949855984782, 38.044570530697854], [-121.960758457695, 38.04607787867294], [-121.96310302115036, 38.04590690530394], [-121.96418761751733, 38.044228606298056], [-121.96292771923798, 38.04272128145252], [-121.96058322502115, 38.04289223248362]]]}}, {"type": "Feature", "properties": {"id": 165, "h3": "892830c5a0fffff", "area_m2": 109521.7, "lat": 38.045736, "lon": -121.965448}, "geometry": {"type": "Polygon", "coordinates": [[[-121.96418761751733, 38.044228606298056], [-121.96310302115036, 38.04590690530394], [-121.96436295934345, 38.0474141764585], [-121.96670749432664, 38.04724312547797], [-121.96779202187817, 38.045564825685986], [-121.96653208326462, 38.04405757766036], [-121.96418761751733, 38.044228606298056]]]}}, {"type": "Feature", "properties": {"id": 166, "h3": "892830c5a13ffff", "area_m2": 109530.4, "lat": 38.039365, "lon": -121.965097}, "geometry": {"type": "Polygon", "coordinates": [[[-121.96383696563721, 38.03785721088222], [-121.96275242791415, 38.0395355725714], [-121.96401228628224, 38.0410429511005], [-121.96635668279768, 38.04087194480715], [-121.96744115171452, 38.03919358233088], [-121.96618129292487, 38.03768622693476], [-121.96383696563721, 38.03785721088222]]]}}, {"type": "Feature", "properties": {"id": 167, "h3": "892830c5a17ffff", "area_m2": 109524.9, "lat": 38.040701, "lon": -121.968701}, "geometry": {"type": "Polygon", "coordinates": [[[-121.96744115171452, 38.03919358233088], [-121.96635668279768, 38.04087194480715], [-121.96761658149805, 38.042379246521755], [-121.96996094952782, 38.04220816262742], [-121.97104534962938, 38.0405297993696], [-121.96978545051911, 38.039022520787356], [-121.96744115171452, 38.03919358233088]]]}}, {"type": "Feature", "properties": {"id": 168, "h3": "892830c5a1bffff", "area_m2": 109531.5, "lat": 38.041214, "lon": -121.961668}, "geometry": {"type": "Polygon", "coordinates": [[[-121.96040800293177, 38.03970650126308], [-121.95932336708572, 38.04138483082298], [-121.96058322502115, 38.04289223248362], [-121.96292771923798, 38.04272128145252], [-121.96401228628224, 38.0410429511005], [-121.96275242791415, 38.0395355725714], [-121.96040800293177, 38.03970650126308]]]}}, {"type": "Feature", "properties": {"id": 169, "h3": "892830c5a2bffff", "area_m2": 109511.8, "lat": 38.050257, "lon": -121.969227}, "geometry": {"type": "Polygon", "coordinates": [[[-121.96796747285592, 38.04875031980718], [-121.9668829159847, 38.0504285882436], [-121.96814293443214, 38.05193572886899], [-121.97048751016175, 38.051764577931316], [-121.9715719982039, 38.050086308714825], [-121.97031197934818, 38.048579191215794], [-121.96796747285592, 38.04875031980718]]]}}, {"type": "Feature", "properties": {"id": 170, "h3": "892830c5a3bffff", "area_m2": 109516.2, "lat": 38.047072, "lon": -121.969052}, "geometry": {"type": "Polygon", "coordinates": [[[-121.96779202187817, 38.045564825685986], [-121.96670749432664, 38.04724312547797], [-121.96796747285592, 38.04875031980718], [-121.97031197934818, 38.048579191215794], [-121.97139643807525, 38.04690089064323], [-121.9701364591372, 38.04539371944235], [-121.96779202187817, 38.045564825685986]]]}}, {"type": "Feature", "properties": {"id": 171, "h3": "892830c5a43ffff", "area_m2": 109533.6, "lat": 38.044912, "lon": -121.954809}, "geometry": {"type": "Polygon", "coordinates": [[[-121.95354949010402, 38.04340481980769], [-121.95246465800705, 38.04508308506849], [-121.95372451504367, 38.04659053298796], [-121.95606920463493, 38.046419692517624], [-121.95715396793904, 38.044741426454614], [-121.95589411044743, 38.04323400166386], [-121.95354949010402, 38.04340481980769]]]}}, {"type": "Feature", "properties": {"id": 172, "h3": "892830c5a47ffff", "area_m2": 109528.2, "lat": 38.046249, "lon": -121.958414}, "geometry": {"type": "Polygon", "coordinates": [[[-121.95715396793904, 38.044741426454614], [-121.95606920463493, 38.046419692517624], [-121.95732910203883, 38.047927063620826], [-121.95967376319282, 38.0477561455326], [-121.960758457695, 38.04607787867294], [-121.95949855984782, 38.044570530697854], [-121.95715396793904, 38.044741426454614]]]}}, {"type": "Feature", "properties": {"id": 173, "h3": "892830c5a4bffff", "area_m2": 109534.7, "lat": 38.046761, "lon": -121.95138}, "geometry": {"type": "Polygon", "coordinates": [[[-121.95011993999726, 38.04525384792029], [-121.94903500977237, 38.046932081011306], [-121.9502948663429, 38.048439552058056], [-121.95263965360716, 38.04826876688621], [-121.95372451504367, 38.04659053298796], [-121.95246465800705, 38.04508308506849], [-121.95011993999726, 38.04525384792029]]]}}, {"type": "Feature", "properties": {"id": 174, "h3": "892830c5a4fffff", "area_m2": 109529.3, "lat": 38.048098, "lon": -121.954984}, "geometry": {"type": "Polygon", "coordinates": [[[-121.95372451504367, 38.04659053298796], [-121.95263965360716, 38.04826876688621], [-121.95389955055666, 38.049776161116114], [-121.95624430939978, 38.04960529832078], [-121.95732910203883, 38.047927063620826], [-121.95606920463493, 38.046419692517624], [-121.95372451504367, 38.04659053298796]]]}}, {"type": "Feature", "properties": {"id": 175, "h3": "892830c5a53ffff", "area_m2": 109538.0, "lat": 38.041727, "lon": -121.954634}, "geometry": {"type": "Polygon", "coordinates": [[[-121.95337447573668, 38.040219021591696], [-121.95228967297773, 38.04189731820612], [-121.95354949010402, 38.04340481980769], [-121.95589411044743, 38.04323400166386], [-121.95697884441809, 38.04155570424678], [-121.95571902683632, 38.04004822577592], [-121.95337447573668, 38.040219021591696]]]}}, {"type": "Feature", "properties": {"id": 176, "h3": "892830c5a57ffff", "area_m2": 109532.6, "lat": 38.043063, "lon": -121.958239}, "geometry": {"type": "Polygon", "coordinates": [[[-121.95697884441809, 38.04155570424678], [-121.95589411044743, 38.04323400166386], [-121.95715396793904, 38.044741426454614], [-121.95949855984782, 38.044570530697854], [-121.96058322502115, 38.04289223248362], [-121.95932336708572, 38.04138483082298], [-121.95697884441809, 38.04155570424678]]]}}, {"type": "Feature", "properties": {"id": 177, "h3": "892830c5a5bffff", "area_m2": 109539.1, "lat": 38.043576, "lon": -121.951205}, "geometry": {"type": "Polygon", "coordinates": [[[-121.94994502421841, 38.04206805873633], [-121.94886012333761, 38.04374632318942], [-121.95011993999726, 38.04525384792029], [-121.95246465800705, 38.04508308506849], [-121.95354949010402, 38.04340481980769], [-121.95228967297773, 38.04189731820612], [-121.94994502421841, 38.04206805873633]]]}}, {"type": "Feature", "properties": {"id": 178, "h3": "892830c5a63ffff", "area_m2": 109518.4, "lat": 38.050771, "lon": -121.962194}, "geometry": {"type": "Polygon", "coordinates": [[[-121.96093370095427, 38.04926343981471], [-121.95984897712172, 38.05094167531084], [-121.96110895479997, 38.05244891589252], [-121.96345365674453, 38.05227789785225], [-121.96453831176156, 38.05059966156548], [-121.96327833365223, 38.04909244410932], [-121.96093370095427, 38.04926343981471]]]}}, {"type": "Feature", "properties": {"id": 179, "h3": "892830c5a67ffff", "area_m2": 109512.9, "lat": 38.052107, "lon": -121.965798}, "geometry": {"type": "Polygon", "coordinates": [[[-121.96453831176156, 38.05059966156548], [-121.96345365674453, 38.05227789785225], [-121.9647136747726, 38.05378506160258], [-121.96705834823973, 38.05361396594089], [-121.96814293443214, 38.05193572886899], [-121.9668829159847, 38.0504285882436], [-121.96453831176156, 38.05059966156548]]]}}, {"type": "Feature", "properties": {"id": 180, "h3": "892830c5a6bffff", "area_m2": 109519.4, "lat": 38.05262, "lon": -121.958764}, "geometry": {"type": "Polygon", "coordinates": [[[-121.95750424671853, 38.05111261572898], [-121.95641942474293, 38.052790819056966], [-121.957679401979, 38.05429808276277], [-121.96002420163548, 38.05412712001619], [-121.96110895479997, 38.05244891589252], [-121.95984897712172, 38.05094167531084], [-121.95750424671853, 38.05111261572898]]]}}, {"type": "Feature", "properties": {"id": 181, "h3": "892830c5a6fffff", "area_m2": 109514.0, "lat": 38.053956, "lon": -121.962369}, "geometry": {"type": "Polygon", "coordinates": [[[-121.96110895479997, 38.05244891589252], [-121.96002420163548, 38.05412712001619], [-121.96128421923302, 38.055634306890035], [-121.96362899042828, 38.0554632665164], [-121.9647136747726, 38.05378506160258], [-121.96345365674453, 38.05227789785225], [-121.96110895479997, 38.05244891589252]]]}}, {"type": "Feature", "properties": {"id": 182, "h3": "892830c5a73ffff", "area_m2": 109522.7, "lat": 38.047585, "lon": -121.962018}, "geometry": {"type": "Polygon", "coordinates": [[[-121.960758457695, 38.04607787867294], [-121.95967376319282, 38.0477561455326], [-121.96093370095427, 38.04926343981471], [-121.96327833365223, 38.04909244410932], [-121.96436295934345, 38.0474141764585], [-121.96310302115036, 38.04590690530394], [-121.960758457695, 38.04607787867294]]]}}, {"type": "Feature", "properties": {"id": 183, "h3": "892830c5a77ffff", "area_m2": 109517.3, "lat": 38.048921, "lon": -121.965623}, "geometry": {"type": "Polygon", "coordinates": [[[-121.96436295934345, 38.0474141764585], [-121.96327833365223, 38.04909244410932], [-121.96453831176156, 38.05059966156548], [-121.9668829159847, 38.0504285882436], [-121.96796747285592, 38.04875031980718], [-121.96670749432664, 38.04724312547797], [-121.96436295934345, 38.0474141764585]]]}}, {"type": "Feature", "properties": {"id": 184, "h3": "892830c5a7bffff", "area_m2": 109523.8, "lat": 38.049434, "lon": -121.958589}, "geometry": {"type": "Polygon", "coordinates": [[[-121.95732910203883, 38.047927063620826], [-121.95624430939978, 38.04960529832078], [-121.95750424671853, 38.05111261572898], [-121.95984897712172, 38.05094167531084], [-121.96093370095427, 38.04926343981471], [-121.95967376319282, 38.0477561455326], [-121.95732910203883, 38.047927063620826]]]}}, {"type": "Feature", "properties": {"id": 185, "h3": "892830c5a83ffff", "area_m2": 109533.7, "lat": 38.034329, "lon": -121.96835}, "geometry": {"type": "Polygon", "coordinates": [[[-121.9670903239335, 38.032821998934736], [-121.96600591364519, 38.03450042405951], [-121.96726573252667, 38.036007833129744], [-121.96960996211011, 38.03583679393854], [-121.97069430359231, 38.03415836803123], [-121.96943448429985, 38.03265098209738], [-121.9670903239335, 38.032821998934736]]]}}, {"type": "Feature", "properties": {"id": 186, "h3": "892830c5a87ffff", "area_m2": 109528.2, "lat": 38.035666, "lon": -121.971954}, "geometry": {"type": "Polygon", "coordinates": [[[-121.97069430359231, 38.03415836803123], [-121.96960996211011, 38.03583679393854], [-121.97086982131023, 38.03734412620032], [-121.9732140223945, 38.037173009418716], [-121.97429829506153, 38.035494582734394], [-121.97303843546213, 38.033987273608396], [-121.97069430359231, 38.03415836803123]]]}}, {"type": "Feature", "properties": {"id": 187, "h3": "892830c5a8bffff", "area_m2": 109534.8, "lat": 38.036179, "lon": -121.964921}, "geometry": {"type": "Polygon", "coordinates": [[[-121.96366165558132, 38.0346713856596], [-121.96257714717785, 38.03634977867703], [-121.96383696563721, 38.03785721088222], [-121.96618129292487, 38.03768622693476], [-121.96726573252667, 38.036007833129744], [-121.96600591364519, 38.03450042405951], [-121.96366165558132, 38.0346713856596]]]}}, {"type": "Feature", "properties": {"id": 188, "h3": "892830c5a8fffff", "area_m2": 109529.3, "lat": 38.037515, "lon": -121.968526}, "geometry": {"type": "Polygon", "coordinates": [[[-121.96726573252667, 38.036007833129744], [-121.96618129292487, 38.03768622693476], [-121.96744115171452, 38.03919358233088], [-121.96978545051911, 38.039022520787356], [-121.97086982131023, 38.03734412620032], [-121.96960996211011, 38.03583679393854], [-121.96726573252667, 38.036007833129744]]]}}, {"type": "Feature", "properties": {"id": 189, "h3": "892830c5a93ffff", "area_m2": 109538.1, "lat": 38.031144, "lon": -121.968175}, "geometry": {"type": "Polygon", "coordinates": [[[-121.96691492593408, 38.029636079762234], [-121.96583054495774, 38.03131453619783], [-121.9670903239335, 38.032821998934736], [-121.96943448429985, 38.03265098209738], [-121.97051879647466, 38.030972524878756], [-121.96925901708738, 38.02946508528022], [-121.96691492593408, 38.029636079762234]]]}}, {"type": "Feature", "properties": {"id": 190, "h3": "892830c5a97ffff", "area_m2": 109532.6, "lat": 38.03248, "lon": -121.971779}, "geometry": {"type": "Polygon", "coordinates": [[[-121.97051879647466, 38.030972524878756], [-121.96943448429985, 38.03265098209738], [-121.97069430359231, 38.03415836803123], [-121.97303843546213, 38.033987273608396], [-121.97412267882636, 38.03230881561226], [-121.97286285913407, 38.030801452816185], [-121.97051879647466, 38.030972524878756]]]}}, {"type": "Feature", "properties": {"id": 191, "h3": "892830c5a9bffff", "area_m2": 109539.1, "lat": 38.032993, "lon": -121.964746}, "geometry": {"type": "Polygon", "coordinates": [[[-121.96348635611359, 38.03148547544903], [-121.96240187702821, 38.03316389978574], [-121.96366165558132, 38.0346713856596], [-121.96600591364519, 38.03450042405951], [-121.9670903239335, 38.032821998934736], [-121.96583054495774, 38.03131453619783], [-121.96348635611359, 38.03148547544903]]]}}, {"type": "Feature", "properties": {"id": 192, "h3": "892830c5aa3ffff", "area_m2": 109518.4, "lat": 38.040187, "lon": -121.975734}, "geometry": {"type": "Polygon", "coordinates": [[[-121.97447392190354, 38.03868026486717], [-121.97338961993218, 38.04035866023073], [-121.97464955935332, 38.04186586199423], [-121.97699380113555, 38.04169464526071], [-121.97807803427814, 38.04001624912616], [-121.9768180944699, 38.038509070495834], [-121.97447392190354, 38.03868026486717]]]}}, {"type": "Feature", "properties": {"id": 193, "h3": "892830c5aa7ffff", "area_m2": 109512.9, "lat": 38.041523, "lon": -121.979338}, "geometry": {"type": "Polygon", "coordinates": [[[-121.97807803427814, 38.04001624912616], [-121.97699380113555, 38.04169464526071], [-121.97825378085786, 38.043201770200646], [-121.98059799410083, 38.04303047587316], [-121.98168215840558, 38.04135207897315], [-121.98042217830786, 38.03984497716581], [-121.97807803427814, 38.04001624912616]]]}}, {"type": "Feature", "properties": {"id": 194, "h3": "892830c5aabffff", "area_m2": 109519.5, "lat": 38.042037, "lon": -121.972305}, "geometry": {"type": "Polygon", "coordinates": [[[-121.97104534962938, 38.0405297993696], [-121.96996094952782, 38.04220816262742], [-121.97122088855073, 38.04371538752268], [-121.9735652280761, 38.04354422602808], [-121.97464955935332, 38.04186586199423], [-121.97338961993218, 38.04035866023073], [-121.97104534962938, 38.0405297993696]]]}}, {"type": "Feature", "properties": {"id": 195, "h3": "892830c5ab3ffff", "area_m2": 109522.8, "lat": 38.037002, "lon": -121.975558}, "geometry": {"type": "Polygon", "coordinates": [[[-121.97429829506153, 38.035494582734394], [-121.9732140223945, 38.037173009418716], [-121.97447392190354, 38.03868026486717], [-121.9768180944699, 38.038509070495834], [-121.97790229831274, 38.036830643040034], [-121.97664239841608, 38.03532341072676], [-121.97429829506153, 38.035494582734394]]]}}, {"type": "Feature", "properties": {"id": 196, "h3": "892830c5ab7ffff", "area_m2": 109517.3, "lat": 38.038338, "lon": -121.979162}, "geometry": {"type": "Polygon", "coordinates": [[[-121.97790229831274, 38.036830643040034], [-121.9768180944699, 38.038509070495834], [-121.97807803427814, 38.04001624912616], [-121.98042217830786, 38.03984497716581], [-121.98150631331745, 38.038166548944055], [-121.98024637313324, 38.03665939344834], [-121.97790229831274, 38.036830643040034]]]}}, {"type": "Feature", "properties": {"id": 197, "h3": "892830c5abbffff", "area_m2": 109523.9, "lat": 38.038851, "lon": -121.97213}, "geometry": {"type": "Polygon", "coordinates": [[[-121.97086982131023, 38.03734412620032], [-121.96978545051911, 38.039022520787356], [-121.97104534962938, 38.0405297993696], [-121.97338961993218, 38.04035866023073], [-121.97447392190354, 38.03868026486717], [-121.9732140223945, 38.037173009418716], [-121.97086982131023, 38.03734412620032]]]}}, {"type": "Feature", "properties": {"id": 198, "h3": "892830c5ac3ffff", "area_m2": 109541.3, "lat": 38.036692, "lon": -121.957888}, "geometry": {"type": "Polygon", "coordinates": [[[-121.95662862910916, 38.035184004771665], [-121.95554395380067, 38.0368623648701], [-121.95680373147513, 38.038369897013666], [-121.95914818490563, 38.03819904592436], [-121.96023279142594, 38.036520685027774], [-121.9589730133066, 38.03501317601834], [-121.95662862910916, 38.035184004771665]]]}}, {"type": "Feature", "properties": {"id": 199, "h3": "892830c5ac7ffff", "area_m2": 109535.9, "lat": 38.038028, "lon": -121.961493}, "geometry": {"type": "Polygon", "coordinates": [[[-121.96023279142594, 38.036520685027774], [-121.95914818490563, 38.03819904592436], [-121.96040800293177, 38.03970650126308], [-121.96275242791415, 38.0395355725714], [-121.96383696563721, 38.03785721088222], [-121.96257714717785, 38.03634977867703], [-121.96023279142594, 38.036520685027774]]]}}, {"type": "Feature", "properties": {"id": 200, "h3": "892830c5acbffff", "area_m2": 109542.4, "lat": 38.038541, "lon": -121.954459}, "geometry": {"type": "Polygon", "coordinates": [[[-121.95319947194078, 38.03703313835636], [-121.95211469851826, 38.038711466315426], [-121.95337447573668, 38.040219021591696], [-121.95571902683632, 38.04004822577592], [-121.95680373147513, 38.038369897013666], [-121.95554395380067, 38.0368623648701], [-121.95319947194078, 38.03703313835636]]]}}, {"type": "Feature", "properties": {"id": 201, "h3": "892830c5acfffff", "area_m2": 109536.9, "lat": 38.039877, "lon": -121.958064}, "geometry": {"type": "Polygon", "coordinates": [[[-121.95680373147513, 38.038369897013666], [-121.95571902683632, 38.04004822577592], [-121.95697884441809, 38.04155570424678], [-121.95932336708572, 38.04138483082298], [-121.96040800293177, 38.03970650126308], [-121.95914818490563, 38.03819904592436], [-121.95680373147513, 38.038369897013666]]]}}, {"type": "Feature", "properties": {"id": 202, "h3": "892830c5ad3ffff", "area_m2": 109545.7, "lat": 38.033506, "lon": -121.957713}, "geometry": {"type": "Polygon", "coordinates": [[[-121.9564535373192, 38.03199802753717], [-121.95536889133953, 38.03367641896287], [-121.95662862910916, 38.035184004771665], [-121.9589730133066, 38.03501317601834], [-121.96005759050269, 38.03333478379403], [-121.95879785228763, 38.03182722112136], [-121.9564535373192, 38.03199802753717]]]}}, {"type": "Feature", "properties": {"id": 203, "h3": "892830c5ad7ffff", "area_m2": 109540.2, "lat": 38.034842, "lon": -121.961317}, "geometry": {"type": "Polygon", "coordinates": [[[-121.96005759050269, 38.03333478379403], [-121.9589730133066, 38.03501317601834], [-121.96023279142594, 38.036520685027774], [-121.96257714717785, 38.03634977867703], [-121.96366165558132, 38.0346713856596], [-121.96240187702821, 38.03316389978574], [-121.96005759050269, 38.03333478379403]]]}}, {"type": "Feature", "properties": {"id": 204, "h3": "892830c5adbffff", "area_m2": 109546.8, "lat": 38.035355, "lon": -121.954284}, "geometry": {"type": "Polygon", "coordinates": [[[-121.9530244787153, 38.03384717011808], [-121.95193973462773, 38.03552552941284], [-121.95319947194078, 38.03703313835636], [-121.95554395380067, 38.0368623648701], [-121.95662862910916, 38.035184004771665], [-121.95536889133953, 38.03367641896287], [-121.9530244787153, 38.03384717011808]]]}}, {"type": "Feature", "properties": {"id": 205, "h3": "892830c5c23ffff", "area_m2": 109533.7, "lat": 38.013159, "lon": -121.99542}, "geometry": {"type": "Polygon", "coordinates": [[[-121.99416025995552, 38.01165169782416], [-121.99307669305246, 38.01333044179923], [-121.99433643511026, 38.01483777303266], [-121.99667974439696, 38.014666337139026], [-121.9977632424675, 38.012987592420714], [-121.99650350008656, 38.01148028433899], [-121.99416025995552, 38.01165169782416]]]}}, {"type": "Feature", "properties": {"id": 206, "h3": "892830c5c27ffff", "area_m2": 109528.2, "lat": 38.014495, "lon": -121.999023}, "geometry": {"type": "Polygon", "coordinates": [[[-121.9977632424675, 38.012987592420714], [-121.99667974439696, 38.014666337139026], [-121.9979395266762, 38.0161735915796], [-122.00028280734016, 38.0160020781505], [-122.0013662365692, 38.01432333269449], [-122.00010645397846, 38.01281610140501], [-121.9977632424675, 38.012987592420714]]]}}, {"type": "Feature", "properties": {"id": 207, "h3": "892830c5c2bffff", "area_m2": 109534.8, "lat": 38.015009, "lon": -121.991993}, "geometry": {"type": "Polygon", "coordinates": [[[-121.99073335516175, 38.01350180015669], [-121.98964969016923, 38.01518051214929], [-121.99090943189276, 38.01668786653299], [-121.9932528389458, 38.01651648577353], [-121.99433643511026, 38.01483777303266], [-121.99307669305246, 38.01333044179923], [-121.99073335516175, 38.01350180015669]]]}}, {"type": "Feature", "properties": {"id": 208, "h3": "892830c5c2fffff", "area_m2": 109529.3, "lat": 38.016345, "lon": -121.995596}, "geometry": {"type": "Polygon", "coordinates": [[[-121.99433643511026, 38.01483777303266], [-121.9932528389458, 38.01651648577353], [-121.99451262090244, 38.0180237633638], [-121.99685599934881, 38.017852305063215], [-121.9979395266762, 38.0161735915796], [-121.99667974439696, 38.014666337139026], [-121.99433643511026, 38.01483777303266]]]}}, {"type": "Feature", "properties": {"id": 209, "h3": "892830c5c33ffff", "area_m2": 109538.0, "lat": 38.009973, "lon": -121.995244}, "geometry": {"type": "Polygon", "coordinates": [[[-121.99398409543723, 38.00846553775474], [-121.99290055779402, 38.010144312955035], [-121.99416025995552, 38.01165169782416], [-121.99650350008656, 38.01148028433899], [-121.9975869689018, 38.00980150839496], [-121.99632726641664, 38.00829414667954], [-121.99398409543723, 38.00846553775474]]]}}, {"type": "Feature", "properties": {"id": 210, "h3": "892830c5c37ffff", "area_m2": 109532.6, "lat": 38.011309, "lon": -121.998847}, "geometry": {"type": "Polygon", "coordinates": [[[-121.9975869689018, 38.00980150839496], [-121.99650350008656, 38.01148028433899], [-121.9977632424675, 38.012987592420714], [-122.00010645397846, 38.01281610140501], [-122.0011898539568, 38.01113732472276], [-121.99993011126381, 38.00963003979416], [-121.9975869689018, 38.00980150839496]]]}}, {"type": "Feature", "properties": {"id": 211, "h3": "892830c5c3bffff", "area_m2": 109539.1, "lat": 38.011823, "lon": -121.991817}, "geometry": {"type": "Polygon", "coordinates": [[[-121.99055728906161, 38.010315648908964], [-121.98947365333507, 38.01199439213526], [-121.99073335516175, 38.01350180015669], [-121.99307669305246, 38.01333044179923], [-121.99416025995552, 38.01165169782416], [-121.99290055779402, 38.010144312955035], [-121.99055728906161, 38.010315648908964]]]}}, {"type": "Feature", "properties": {"id": 212, "h3": "892830c5c43ffff", "area_m2": 109556.6, "lat": 38.009664, "lon": -121.977581}, "geometry": {"type": "Polygon", "coordinates": [[[-121.97632115211074, 38.00815636544543], [-121.9752372118962, 38.0098350743896], [-121.9764967925903, 38.0113427358987], [-121.97884031388257, 38.011171665310655], [-121.97992418530515, 38.009492955596066], [-121.97866460423016, 38.007985317239644], [-121.97632115211074, 38.00815636544543]]]}}, {"type": "Feature", "properties": {"id": 213, "h3": "892830c5c47ffff", "area_m2": 109551.2, "lat": 38.011001, "lon": -121.981184}, "geometry": {"type": "Polygon", "coordinates": [[[-121.97992418530515, 38.009492955596066], [-121.97884031388257, 38.011171665310655], [-121.98009993484861, 38.012679250045665], [-121.98244342760916, 38.01250810191372], [-121.98352723023076, 38.01082939143426], [-121.9822676088955, 38.00932182985133], [-121.97992418530515, 38.009492955596066]]]}}, {"type": "Feature", "properties": {"id": 214, "h3": "892830c5c4bffff", "area_m2": 109557.7, "lat": 38.011514, "lon": -121.974153}, "geometry": {"type": "Polygon", "coordinates": [[[-121.97289366209097, 38.010006067433046], [-121.971809623803, 38.01168474436112], [-121.97306920410514, 38.01319242902149], [-121.97541282308988, 38.01302141360221], [-121.9764967925903, 38.0113427358987], [-121.9752372118962, 38.0098350743896], [-121.97289366209097, 38.010006067433046]]]}}, {"type": "Feature", "properties": {"id": 215, "h3": "892830c5c4fffff", "area_m2": 109552.2, "lat": 38.01285, "lon": -121.977756}, "geometry": {"type": "Polygon", "coordinates": [[[-121.9764967925903, 38.0113427358987], [-121.97541282308988, 38.01302141360221], [-121.97667244367558, 38.01452902148789], [-121.97901603414473, 38.01435792851909], [-121.98009993484861, 38.012679250045665], [-121.97884031388257, 38.011171665310655], [-121.9764967925903, 38.0113427358987]]]}}, {"type": "Feature", "properties": {"id": 216, "h3": "892830c5c53ffff", "area_m2": 109561.0, "lat": 38.006478, "lon": -121.977405}, "geometry": {"type": "Polygon", "coordinates": [[[-121.97614552223592, 38.00496991014447], [-121.97506161130569, 38.006648650320344], [-121.97632115211074, 38.00815636544543], [-121.97866460423016, 38.007985317239644], [-121.97974844637298, 38.00630657629286], [-121.9784889051865, 38.004798884322476], [-121.97614552223592, 38.00496991014447]]]}}, {"type": "Feature", "properties": {"id": 217, "h3": "892830c5c57ffff", "area_m2": 109555.5, "lat": 38.007814, "lon": -121.981008}, "geometry": {"type": "Polygon", "coordinates": [[[-121.97974844637298, 38.00630657629286], [-121.97866460423016, 38.007985317239644], [-121.97992418530515, 38.009492955596066], [-121.9822676088955, 38.00932182985133], [-121.9833513822419, 38.007643088139176], [-121.9820918007971, 38.006135472936855], [-121.97974844637298, 38.00630657629286]]]}}, {"type": "Feature", "properties": {"id": 218, "h3": "892830c5c5bffff", "area_m2": 109562.1, "lat": 38.008327, "lon": -121.973978}, "geometry": {"type": "Polygon", "coordinates": [[[-121.97271813067594, 38.00681962098646], [-121.97163412167848, 38.0084983291547], [-121.97289366209097, 38.010006067433046], [-121.9752372118962, 38.0098350743896], [-121.97632115211074, 38.00815636544543], [-121.97506161130569, 38.006648650320344], [-121.97271813067594, 38.00681962098646]]]}}, {"type": "Feature", "properties": {"id": 219, "h3": "892830c5c63ffff", "area_m2": 109541.3, "lat": 38.015523, "lon": -121.984963}, "geometry": {"type": "Polygon", "coordinates": [[[-121.9837030888374, 38.014015609869794], [-121.98261925693912, 38.01569428910761], [-121.98387895806287, 38.017201743429375], [-121.9862224914446, 38.017030495363606], [-121.98730625452826, 38.01535181536696], [-121.9860465530475, 38.01384438419464], [-121.9837030888374, 38.014015609869794]]]}}, {"type": "Feature", "properties": {"id": 220, "h3": "892830c5c67ffff", "area_m2": 109535.9, "lat": 38.016859, "lon": -121.988566}, "geometry": {"type": "Polygon", "coordinates": [[[-121.98730625452826, 38.01535181536696], [-121.9862224914446, 38.017030495363606], [-121.9874822328228, 38.01853787289617], [-121.98982573763273, 38.01836654728295], [-121.99090943189276, 38.01668786653299], [-121.98964969016923, 38.01518051214929], [-121.98730625452826, 38.01535181536696]]]}}, {"type": "Feature", "properties": {"id": 221, "h3": "892830c5c6bffff", "area_m2": 109542.4, "lat": 38.017373, "lon": -121.981535}, "geometry": {"type": "Polygon", "coordinates": [[[-121.98027569500431, 38.01586545962523], [-121.97919176501762, 38.01754410684854], [-121.9804514657732, 38.019051584318376], [-121.98279509688633, 38.01888039141655], [-121.98387895806287, 38.017201743429375], [-121.98261925693912, 38.01569428910761], [-121.98027569500431, 38.01586545962523]]]}}, {"type": "Feature", "properties": {"id": 222, "h3": "892830c5c6fffff", "area_m2": 109537.0, "lat": 38.018709, "lon": -121.985139}, "geometry": {"type": "Polygon", "coordinates": [[[-121.98387895806287, 38.017201743429375], [-121.98279509688633, 38.01888039141655], [-121.98405483790802, 38.02038779209661], [-121.98639844046545, 38.020216521641714], [-121.9874822328228, 38.01853787289617], [-121.9862224914446, 38.017030495363606], [-121.98387895806287, 38.017201743429375]]]}}, {"type": "Feature", "properties": {"id": 223, "h3": "892830c5c73ffff", "area_m2": 109545.7, "lat": 38.012337, "lon": -121.984787}, "geometry": {"type": "Polygon", "coordinates": [[[-121.98352723023076, 38.01082939143426], [-121.98244342760916, 38.01250810191372], [-121.9837030888374, 38.014015609869794], [-121.9860465530475, 38.01384438419464], [-121.98713028685911, 38.01216567295585], [-121.98587062527326, 38.01065818815125], [-121.98352723023076, 38.01082939143426]]]}}, {"type": "Feature", "properties": {"id": 224, "h3": "892830c5c77ffff", "area_m2": 109540.2, "lat": 38.013673, "lon": -121.98839}, "geometry": {"type": "Polygon", "coordinates": [[[-121.98713028685911, 38.01216567295585], [-121.9860465530475, 38.01384438419464], [-121.98730625452826, 38.01535181536696], [-121.98964969016923, 38.01518051214929], [-121.99073335516175, 38.01350180015669], [-121.98947365333507, 38.01199439213526], [-121.98713028685911, 38.01216567295585]]]}}, {"type": "Feature", "properties": {"id": 225, "h3": "892830c5c7bffff", "area_m2": 109546.8, "lat": 38.014187, "lon": -121.98136}, "geometry": {"type": "Polygon", "coordinates": [[[-121.98009993484861, 38.012679250045665], [-121.97901603414473, 38.01435792851909], [-121.98027569500431, 38.01586545962523], [-121.98261925693912, 38.01569428910761], [-121.9837030888374, 38.014015609869794], [-121.98244342760916, 38.01250810191372], [-121.98009993484861, 38.012679250045665]]]}}, {"type": "Feature", "properties": {"id": 226, "h3": "892830c5ccbffff", "area_m2": 109565.3, "lat": 38.003291, "lon": -121.977229}, "geometry": {"type": "Polygon", "coordinates": [[[-121.97596990296488, 38.00178337001225], [-121.97488602131746, 38.00346214141087], [-121.97614552223592, 38.00496991014447], [-121.9784889051865, 38.004798884322476], [-121.97957271805114, 38.003120112152466], [-121.97831321675066, 38.00161236657555], [-121.97596990296488, 38.00178337001225]]]}}, {"type": "Feature", "properties": {"id": 227, "h3": "892830c5d43ffff", "area_m2": 109518.4, "lat": 38.019016, "lon": -122.002802}, "geometry": {"type": "Polygon", "coordinates": [[[-122.0015426298311, 38.0175092557934], [-122.00045917134985, 38.01918797001422], [-122.00171903374351, 38.02069509400314], [-122.0040623549204, 38.020523480622444], [-122.00514574454658, 38.01884476566995], [-122.00388588185363, 38.01733766482952], [-122.0015426298311, 38.0175092557934]]]}}, {"type": "Feature", "properties": {"id": 228, "h3": "892830c5d47ffff", "area_m2": 109512.9, "lat": 38.020352, "lon": -122.006406}, "geometry": {"type": "Polygon", "coordinates": [[[-122.00514574454658, 38.01884476566995], [-122.0040623549204, 38.020523480622444], [-122.00532225751803, 38.022030527803416], [-122.00766555003212, 38.02185883688374], [-122.00874887079415, 38.020180121205115], [-122.0074889679089, 38.01867309717201], [-122.00514574454658, 38.01884476566995]]]}}, {"type": "Feature", "properties": {"id": 229, "h3": "892830c5d4bffff", "area_m2": 109519.5, "lat": 38.020867, "lon": -121.999376}, "geometry": {"type": "Polygon", "coordinates": [[[-121.99811582152884, 38.01935950585522], [-121.99703226494309, 38.02103818809519], [-121.9982921270264, 38.022545335231165], [-122.00063554600845, 38.02237377697982], [-122.00171903374351, 38.02069509400314], [-122.00045917134985, 38.01918797001422], [-121.99811582152884, 38.01935950585522]]]}}, {"type": "Feature", "properties": {"id": 230, "h3": "892830c5d4fffff", "area_m2": 109514.0, "lat": 38.022202, "lon": -122.002979}, "geometry": {"type": "Polygon", "coordinates": [[[-122.00171903374351, 38.02069509400314], [-122.00063554600845, 38.02237377697982], [-122.00189544830738, 38.02388084730727], [-122.0042388386427, 38.02370921151128], [-122.00532225751803, 38.022030527803416], [-122.0040623549204, 38.020523480622444], [-122.00171903374351, 38.02069509400314]]]}}, {"type": "Feature", "properties": {"id": 231, "h3": "892830c5d53ffff", "area_m2": 109522.8, "lat": 38.015831, "lon": -122.002626}, "geometry": {"type": "Polygon", "coordinates": [[[-122.0013662365692, 38.01432333269449], [-122.00028280734016, 38.0160020781505], [-122.0015426298311, 38.0175092557934], [-122.00388588185363, 38.01733766482952], [-122.00496924223214, 38.01565891864135], [-122.00370941944135, 38.01415176414894], [-122.0013662365692, 38.01432333269449]]]}}, {"type": "Feature", "properties": {"id": 232, "h3": "892830c5d57ffff", "area_m2": 109517.3, "lat": 38.017166, "lon": -122.006229}, "geometry": {"type": "Polygon", "coordinates": [[[-122.00496924223214, 38.01565891864135], [-122.00388588185363, 38.01733766482952], [-122.00514574454658, 38.01884476566995], [-122.0074889679089, 38.01867309717201], [-122.00857225942784, 38.01699435025719], [-122.00731239644672, 38.01548727256667], [-122.00496924223214, 38.01565891864135]]]}}, {"type": "Feature", "properties": {"id": 233, "h3": "892830c5d5bffff", "area_m2": 109523.9, "lat": 38.017681, "lon": -121.999199}, "geometry": {"type": "Polygon", "coordinates": [[[-121.9979395266762, 38.0161735915796], [-121.99685599934881, 38.017852305063215], [-121.99811582152884, 38.01935950585522], [-122.00045917134985, 38.01918797001422], [-122.0015426298311, 38.0175092557934], [-122.00028280734016, 38.0160020781505], [-121.9979395266762, 38.0161735915796]]]}}, {"type": "Feature", "properties": {"id": 234, "h3": "892830c5d7bffff", "area_m2": 109508.6, "lat": 38.023538, "lon": -122.006582}, "geometry": {"type": "Polygon", "coordinates": [[[-122.00532225751803, 38.022030527803416], [-122.0042388386427, 38.02370921151128], [-122.0054987811475, 38.02521620502539], [-122.00784214281735, 38.02504449168547], [-122.00892549282399, 38.02336580725197], [-122.00766555003212, 38.02185883688374], [-122.00532225751803, 38.022030527803416]]]}}, {"type": "Feature", "properties": {"id": 235, "h3": "892830c5dcbffff", "area_m2": 109527.1, "lat": 38.012645, "lon": -122.00245}, "geometry": {"type": "Polygon", "coordinates": [[[-122.0011898539568, 38.01113732472276], [-122.00010645397846, 38.01281610140501], [-122.0013662365692, 38.01432333269449], [-122.00370941944135, 38.01415176414894], [-122.00479275057374, 38.01247298673403], [-122.00353296768263, 38.01096577859706], [-122.0011898539568, 38.01113732472276]]]}}, {"type": "Feature", "properties": {"id": 236, "h3": "892830c5dcfffff", "area_m2": 109521.7, "lat": 38.01398, "lon": -122.006053}, "geometry": {"type": "Polygon", "coordinates": [[[-122.00479275057374, 38.01247298673403], [-122.00370941944135, 38.01415176414894], [-122.00496924223214, 38.01565891864135], [-122.00731239644672, 38.01548727256667], [-122.00839565872415, 38.01380849442464], [-122.00713583564465, 38.01230136308413], [-122.00479275057374, 38.01247298673403]]]}}, {"type": "Feature", "properties": {"id": 237, "h3": "892830c5e03ffff", "area_m2": 109556.6, "lat": 38.020249, "lon": -121.964045}, "geometry": {"type": "Polygon", "coordinates": [[[-121.96278526410521, 38.01874098505505], [-121.96170090227668, 38.020419534579354], [-121.96296052122986, 38.0219272350535], [-121.96530450243903, 38.02175636285808], [-121.9663887954888, 38.02007781254373], [-121.96512917611082, 38.018570135214574], [-121.96278526410521, 38.01874098505505]]]}}, {"type": "Feature", "properties": {"id": 238, "h3": "892830c5e07ffff", "area_m2": 109551.2, "lat": 38.021585, "lon": -121.967648}, "geometry": {"type": "Polygon", "coordinates": [[[-121.9663887954888, 38.02007781254373], [-121.96530450243903, 38.02175636285808], [-121.96656416171271, 38.02326398655034], [-121.96890811445198, 38.023093036783585], [-121.96999233871395, 38.02141448568471], [-121.96873267902713, 38.01990688513686], [-121.9663887954888, 38.02007781254373]]]}}, {"type": "Feature", "properties": {"id": 239, "h3": "892830c5e0bffff", "area_m2": 109557.7, "lat": 38.022098, "lon": -121.960616}, "geometry": {"type": "Polygon", "coordinates": [[[-121.95935689261636, 38.020590329202726], [-121.95827243270165, 38.022268846648466], [-121.95953205121887, 38.02377657026621], [-121.96187613008941, 38.02360575329434], [-121.96296052122986, 38.0219272350535], [-121.96170090227668, 38.020419534579354], [-121.95935689261636, 38.020590329202726]]]}}, {"type": "Feature", "properties": {"id": 240, "h3": "892830c5e0fffff", "area_m2": 109552.2, "lat": 38.023435, "lon": -121.96422}, "geometry": {"type": "Polygon", "coordinates": [[[-121.96296052122986, 38.0219272350535], [-121.96187613008941, 38.02360575329434], [-121.9631357889388, 38.02511340012959], [-121.96547983935561, 38.02494250558072], [-121.96656416171271, 38.02326398655034], [-121.96530450243903, 38.02175636285808], [-121.96296052122986, 38.0219272350535]]]}}, {"type": "Feature", "properties": {"id": 241, "h3": "892830c5e13ffff", "area_m2": 109561.0, "lat": 38.017062, "lon": -121.96387}, "geometry": {"type": "Polygon", "coordinates": [[[-121.96261001756397, 38.01555465015062], [-121.9615256850458, 38.01723323094943], [-121.96278526410521, 38.01874098505505], [-121.96512917611082, 38.018570135214574], [-121.96621343985481, 38.01689155362522], [-121.96495386037006, 38.015383822666614], [-121.96261001756397, 38.01555465015062]]]}}, {"type": "Feature", "properties": {"id": 242, "h3": "892830c5e17ffff", "area_m2": 109555.5, "lat": 38.018399, "lon": -121.967473}, "geometry": {"type": "Polygon", "coordinates": [[[-121.96621343985481, 38.01689155362522], [-121.96512917611082, 38.018570135214574], [-121.9663887954888, 38.02007781254373], [-121.96873267902713, 38.01990688513686], [-121.96981687398791, 38.0182283027625], [-121.96855725419626, 38.01672064857974], [-121.96621343985481, 38.01689155362522]]]}}, {"type": "Feature", "properties": {"id": 243, "h3": "892830c5e1bffff", "area_m2": 109562.1, "lat": 38.018912, "lon": -121.960441}, "geometry": {"type": "Polygon", "coordinates": [[[-121.95918174459169, 38.01740400322279], [-121.95809731399342, 38.01908255195152], [-121.95935689261636, 38.020590329202726], [-121.96170090227668, 38.020419534579354], [-121.96278526410521, 38.01874098505505], [-121.9615256850458, 38.01723323094943], [-121.95918174459169, 38.01740400322279]]]}}, {"type": "Feature", "properties": {"id": 244, "h3": "892830c5e23ffff", "area_m2": 109541.3, "lat": 38.026108, "lon": -121.971428}, "geometry": {"type": "Polygon", "coordinates": [[[-121.97016781403646, 38.024600583689086], [-121.96908356047173, 38.0262791035035], [-121.97034329995635, 38.027786596759235], [-121.97268729340936, 38.027615547058474], [-121.97377147817268, 38.02593702646559], [-121.9725117382871, 38.024429556351656], [-121.97016781403646, 38.024600583689086]]]}}, {"type": "Feature", "properties": {"id": 245, "h3": "892830c5e27ffff", "area_m2": 109535.9, "lat": 38.027444, "lon": -121.975031}, "geometry": {"type": "Polygon", "coordinates": [[[-121.97377147817268, 38.02593702646559], [-121.97268729340936, 38.027615547058474], [-121.97394707319707, 38.02912296351722], [-121.97629103814005, 38.02895183624154], [-121.97737515409291, 38.0272733148757], [-121.97611537391593, 38.02576592155818], [-121.97377147817268, 38.02593702646559]]]}}, {"type": "Feature", "properties": {"id": 246, "h3": "892830c5e2bffff", "area_m2": 109542.4, "lat": 38.027958, "lon": -121.967999}, "geometry": {"type": "Polygon", "coordinates": [[[-121.96673953852748, 38.026450075628645], [-121.96565518686153, 38.02812856336611], [-121.96691492593408, 38.029636079762234], [-121.96925901708738, 38.02946508528022], [-121.97034329995635, 38.027786596759235], [-121.96908356047173, 38.0262791035035], [-121.96673953852748, 38.026450075628645]]]}}, {"type": "Feature", "properties": {"id": 247, "h3": "892830c5e2fffff", "area_m2": 109537.0, "lat": 38.029294, "lon": -121.971603}, "geometry": {"type": "Polygon", "coordinates": [[[-121.97034329995635, 38.027786596759235], [-121.96925901708738, 38.02946508528022], [-121.97051879647466, 38.030972524878756], [-121.97286285913407, 38.030801452816185], [-121.97394707319707, 38.02912296351722], [-121.97268729340936, 38.027615547058474], [-121.97034329995635, 38.027786596759235]]]}}, {"type": "Feature", "properties": {"id": 248, "h3": "892830c5e33ffff", "area_m2": 109545.7, "lat": 38.022922, "lon": -121.971252}, "geometry": {"type": "Polygon", "coordinates": [[[-121.96999233871395, 38.02141448568471], [-121.96890811445198, 38.023093036783585], [-121.97016781403646, 38.024600583689086], [-121.9725117382871, 38.024429556351656], [-121.97359589375223, 38.02275100447382], [-121.97233619376628, 38.02124348071211], [-121.96999233871395, 38.02141448568471]]]}}, {"type": "Feature", "properties": {"id": 249, "h3": "892830c5e37ffff", "area_m2": 109540.2, "lat": 38.024258, "lon": -121.974856}, "geometry": {"type": "Polygon", "coordinates": [[[-121.97359589375223, 38.02275100447382], [-121.9725117382871, 38.024429556351656], [-121.97377147817268, 38.02593702646559], [-121.97611537391593, 38.02576592155818], [-121.97719946057522, 38.02408736890689], [-121.97593972029983, 38.02257992193616], [-121.97359589375223, 38.02275100447382]]]}}, {"type": "Feature", "properties": {"id": 250, "h3": "892830c5e3bffff", "area_m2": 109546.8, "lat": 38.024772, "lon": -121.967824}, "geometry": {"type": "Polygon", "coordinates": [[[-121.96656416171271, 38.02326398655034], [-121.96547983935561, 38.02494250558072], [-121.96673953852748, 38.026450075628645], [-121.96908356047173, 38.0262791035035], [-121.97016781403646, 38.024600583689086], [-121.96890811445198, 38.023093036783585], [-121.96656416171271, 38.02326398655034]]]}}, {"type": "Feature", "properties": {"id": 251, "h3": "892830c5e43ffff", "area_m2": 109564.2, "lat": 38.02261, "lon": -121.953584}, "geometry": {"type": "Polygon", "coordinates": [[[-121.95232461149884, 38.02110244746318], [-121.95123998473547, 38.02278093201124], [-121.95249956245205, 38.02428875554937], [-121.95484376739346, 38.02411807139638], [-121.95592832539604, 38.022439586042694], [-121.95466874722072, 38.020931785647306], [-121.95232461149884, 38.02110244746318]]]}}, {"type": "Feature", "properties": {"id": 252, "h3": "892830c5e47ffff", "area_m2": 109558.8, "lat": 38.023947, "lon": -121.957188}, "geometry": {"type": "Polygon", "coordinates": [[[-121.95592832539604, 38.022439586042694], [-121.95484376739346, 38.02411807139638], [-121.95610338546362, 38.0256258181563], [-121.95844756198612, 38.025455056420036], [-121.95953205121887, 38.02377657026621], [-121.95827243270165, 38.022268846648466], [-121.95592832539604, 38.022439586042694]]]}}, {"type": "Feature", "properties": {"id": 253, "h3": "892830c5e4bffff", "area_m2": 109565.3, "lat": 38.024459, "lon": -121.950155}, "geometry": {"type": "Polygon", "coordinates": [[[-121.94889575139389, 38.022951538580244], [-121.94781102654544, 38.02462999101772], [-121.94907060379218, 38.02613783769719], [-121.95141490635993, 38.02596720879753], [-121.95249956245205, 38.02428875554937], [-121.95123998473547, 38.02278093201124], [-121.94889575139389, 38.022951538580244]]]}}, {"type": "Feature", "properties": {"id": 254, "h3": "892830c5e4fffff", "area_m2": 109559.9, "lat": 38.025797, "lon": -121.953759}, "geometry": {"type": "Polygon", "coordinates": [[[-121.95249956245205, 38.02428875554937], [-121.95141490635993, 38.02596720879753], [-121.9526745239719, 38.02747497869817], [-121.95501879813686, 38.02730427220962], [-121.95610338546362, 38.0256258181563], [-121.95484376739346, 38.02411807139638], [-121.95249956245205, 38.02428875554937]]]}}, {"type": "Feature", "properties": {"id": 255, "h3": "892830c5e53ffff", "area_m2": 109568.6, "lat": 38.019424, "lon": -121.953409}, "geometry": {"type": "Polygon", "coordinates": [[[-121.95214967111131, 38.017916054456], [-121.9510650736751, 38.019594570295], [-121.95232461149884, 38.02110244746318], [-121.95466874722072, 38.020931785647306], [-121.9557532759007, 38.019253269002164], [-121.95449373761768, 38.017745414978755], [-121.95214967111131, 38.017916054456]]]}}, {"type": "Feature", "properties": {"id": 256, "h3": "892830c5e57ffff", "area_m2": 109563.2, "lat": 38.020761, "lon": -121.957013}, "geometry": {"type": "Polygon", "coordinates": [[[-121.9557532759007, 38.019253269002164], [-121.95466874722072, 38.020931785647306], [-121.95592832539604, 38.022439586042694], [-121.95827243270165, 38.022268846648466], [-121.95935689261636, 38.020590329202726], [-121.95809731399342, 38.01908255195152], [-121.9557532759007, 38.019253269002164]]]}}, {"type": "Feature", "properties": {"id": 257, "h3": "892830c5e5bffff", "area_m2": 109569.7, "lat": 38.021273, "lon": -121.94998}, "geometry": {"type": "Polygon", "coordinates": [[[-121.94872090955569, 38.01976515453184], [-121.94763621404056, 38.02144363826873], [-121.94889575139389, 38.022951538580244], [-121.95123998473547, 38.02278093201124], [-121.95232461149884, 38.02110244746318], [-121.9510650736751, 38.019594570295], [-121.94872090955569, 38.01976515453184]]]}}, {"type": "Feature", "properties": {"id": 258, "h3": "892830c5e63ffff", "area_m2": 109549.0, "lat": 38.02847, "lon": -121.960967}, "geometry": {"type": "Polygon", "coordinates": [[[-121.9597072204001, 38.02696272639686], [-121.95862270184777, 38.02864118124981], [-121.95988240016106, 38.030148797578256], [-121.96222661746422, 38.029977935913934], [-121.9633110672331, 38.02829948026689], [-121.96205136848494, 38.026791887078], [-121.9597072204001, 38.02696272639686]]]}}, {"type": "Feature", "properties": {"id": 259, "h3": "892830c5e67ffff", "area_m2": 109543.5, "lat": 38.029807, "lon": -121.964571}, "geometry": {"type": "Polygon", "coordinates": [[[-121.9633110672331, 38.02829948026689], [-121.96222661746422, 38.029977935913934], [-121.96348635611359, 38.03148547544903], [-121.96583054495774, 38.03131453619783], [-121.96691492593408, 38.029636079762234], [-121.96565518686153, 38.02812856336611], [-121.9633110672331, 38.02829948026689]]]}}, {"type": "Feature", "properties": {"id": 260, "h3": "892830c5e6bffff", "area_m2": 109550.0, "lat": 38.03032, "lon": -121.957538}, "geometry": {"type": "Polygon", "coordinates": [[[-121.95627845610436, 38.0288119653266], [-121.95519383945191, 38.03049038807057], [-121.9564535373192, 38.03199802753717], [-121.95879785228763, 38.03182722112136], [-121.95988240016106, 38.030148797578256], [-121.95862270184777, 38.02864118124981], [-121.95627845610436, 38.0288119653266]]]}}, {"type": "Feature", "properties": {"id": 261, "h3": "892830c5e6fffff", "area_m2": 109544.6, "lat": 38.031656, "lon": -121.961142}, "geometry": {"type": "Polygon", "coordinates": [[[-121.95988240016106, 38.030148797578256], [-121.95879785228763, 38.03182722112136], [-121.96005759050269, 38.03333478379403], [-121.96240187702821, 38.03316389978574], [-121.96348635611359, 38.03148547544903], [-121.96222661746422, 38.029977935913934], [-121.95988240016106, 38.030148797578256]]]}}, {"type": "Feature", "properties": {"id": 262, "h3": "892830c5e73ffff", "area_m2": 109553.3, "lat": 38.025284, "lon": -121.960792}, "geometry": {"type": "Polygon", "coordinates": [[[-121.95953205121887, 38.02377657026621], [-121.95844756198612, 38.025455056420036], [-121.9597072204001, 38.02696272639686], [-121.96205136848494, 38.026791887078], [-121.9631357889388, 38.02511340012959], [-121.96187613008941, 38.02360575329434], [-121.95953205121887, 38.02377657026621]]]}}, {"type": "Feature", "properties": {"id": 263, "h3": "892830c5e77ffff", "area_m2": 109547.9, "lat": 38.026621, "lon": -121.964395}, "geometry": {"type": "Polygon", "coordinates": [[[-121.9631357889388, 38.02511340012959], [-121.96205136848494, 38.026791887078], [-121.9633110672331, 38.02829948026689], [-121.96565518686153, 38.02812856336611], [-121.96673953852748, 38.026450075628645], [-121.96547983935561, 38.02494250558072], [-121.9631357889388, 38.02511340012959]]]}}, {"type": "Feature", "properties": {"id": 264, "h3": "892830c5e7bffff", "area_m2": 109554.4, "lat": 38.027134, "lon": -121.957363}, "geometry": {"type": "Polygon", "coordinates": [[[-121.95610338546362, 38.0256258181563], [-121.95501879813686, 38.02730427220962], [-121.95627845610436, 38.0288119653266], [-121.95862270184777, 38.02864118124981], [-121.9597072204001, 38.02696272639686], [-121.95844756198612, 38.025455056420036], [-121.95610338546362, 38.0256258181563]]]}}, {"type": "Feature", "properties": {"id": 265, "h3": "892830c5e83ffff", "area_m2": 109564.2, "lat": 38.012027, "lon": -121.967122}, "geometry": {"type": "Polygon", "coordinates": [[[-121.96586276035279, 38.01051878111812], [-121.96477855521573, 38.012197425230596], [-121.96603809480979, 38.01370520981122], [-121.9683818399584, 38.01353432712865], [-121.96946597632137, 38.01185568223018], [-121.96820643631257, 38.01034792079998], [-121.96586276035279, 38.01051878111812]]]}}, {"type": "Feature", "properties": {"id": 266, "h3": "892830c5e87ffff", "area_m2": 109558.8, "lat": 38.013363, "lon": -121.970726}, "geometry": {"type": "Polygon", "coordinates": [[[-121.96946597632137, 38.01185568223018], [-121.9683818399584, 38.01353432712865], [-121.96964141985737, 38.01504203493886], [-121.97198513652519, 38.01487107470043], [-121.97306920410514, 38.01319242902149], [-121.971809623803, 38.01168474436112], [-121.96946597632137, 38.01185568223018]]]}}, {"type": "Feature", "properties": {"id": 267, "h3": "892830c5e8bffff", "area_m2": 109565.3, "lat": 38.013876, "lon": -121.963694}, "geometry": {"type": "Polygon", "coordinates": [[[-121.96243478160515, 38.01236823035662], [-121.96135047839581, 38.014046842420974], [-121.96261001756397, 38.01555465015062], [-121.96495386037006, 38.015383822666614], [-121.96603809480979, 38.01370520981122], [-121.96477855521573, 38.012197425230596], [-121.96243478160515, 38.01236823035662]]]}}, {"type": "Feature", "properties": {"id": 268, "h3": "892830c5e8fffff", "area_m2": 109559.9, "lat": 38.015213, "lon": -121.967298}, "geometry": {"type": "Polygon", "coordinates": [[[-121.96603809480979, 38.01370520981122], [-121.96495386037006, 38.015383822666614], [-121.96621343985481, 38.01689155362522], [-121.96855725419626, 38.01672064857974], [-121.96964141985737, 38.01504203493886], [-121.9683818399584, 38.01353432712865], [-121.96603809480979, 38.01370520981122]]]}}, {"type": "Feature", "properties": {"id": 269, "h3": "892830c5e93ffff", "area_m2": 109568.6, "lat": 38.00884, "lon": -121.966947}, "geometry": {"type": "Polygon", "coordinates": [[[-121.96568743648282, 38.00733226756233], [-121.96460326064694, 38.00901094292294], [-121.96586276035279, 38.01051878111812], [-121.96820643631257, 38.01034792079998], [-121.969290543379, 38.00866924465288], [-121.96803104325782, 38.00716142961012], [-121.96568743648282, 38.00733226756233]]]}}, {"type": "Feature", "properties": {"id": 270, "h3": "892830c5e97ffff", "area_m2": 109563.2, "lat": 38.010177, "lon": -121.97055}, "geometry": {"type": "Polygon", "coordinates": [[[-121.969290543379, 38.00866924465288], [-121.96820643631257, 38.01034792079998], [-121.96946597632137, 38.01185568223018], [-121.971809623803, 38.01168474436112], [-121.97289366209097, 38.010006067433046], [-121.97163412167848, 38.0084983291547], [-121.969290543379, 38.00866924465288]]]}}, {"type": "Feature", "properties": {"id": 271, "h3": "892830c5e9bffff", "area_m2": 109569.7, "lat": 38.01069, "lon": -121.963519}, "geometry": {"type": "Polygon", "coordinates": [[[-121.96225955622779, 38.00918172568947], [-121.96117528232574, 38.01086036901041], [-121.96243478160515, 38.01236823035662], [-121.96477855521573, 38.012197425230596], [-121.96586276035279, 38.01051878111812], [-121.96460326064694, 38.00901094292294], [-121.96225955622779, 38.00918172568947]]]}}, {"type": "Feature", "properties": {"id": 272, "h3": "892830c5ea3ffff", "area_m2": 109549.0, "lat": 38.017886, "lon": -121.974504}, "geometry": {"type": "Polygon", "coordinates": [[[-121.97324475671942, 38.01637870573536], [-121.97216065984595, 38.01805732015623], [-121.9734203199348, 38.01956489755827], [-121.97576407729075, 38.01939383739191], [-121.97684810536752, 38.017715222196586], [-121.97558844488775, 38.01620766794178], [-121.97324475671942, 38.01637870573536]]]}}, {"type": "Feature", "properties": {"id": 273, "h3": "892830c5ea7ffff", "area_m2": 109543.5, "lat": 38.019223, "lon": -121.978108}, "geometry": {"type": "Polygon", "coordinates": [[[-121.97684810536752, 38.017715222196586], [-121.97576407729075, 38.01939383739191], [-121.9770237776671, 38.020901338008386], [-121.97936750650214, 38.020730200282614], [-121.9804514657732, 38.019051584318376], [-121.97919176501762, 38.01754410684854], [-121.97684810536752, 38.017715222196586]]]}}, {"type": "Feature", "properties": {"id": 274, "h3": "892830c5eabffff", "area_m2": 109550.1, "lat": 38.019736, "lon": -121.971077}, "geometry": {"type": "Polygon", "coordinates": [[[-121.96981687398791, 38.0182283027625], [-121.96873267902713, 38.01990688513686], [-121.96999233871395, 38.02141448568471], [-121.97233619376628, 38.02124348071211], [-121.9734203199348, 38.01956489755827], [-121.97216065984595, 38.01805732015623], [-121.96981687398791, 38.0182283027625]]]}}, {"type": "Feature", "properties": {"id": 275, "h3": "892830c5eafffff", "area_m2": 109544.6, "lat": 38.021072, "lon": -121.97468}, "geometry": {"type": "Polygon", "coordinates": [[[-121.9734203199348, 38.01956489755827], [-121.97233619376628, 38.02124348071211], [-121.97359589375223, 38.02275100447382], [-121.97593972029983, 38.02257992193616], [-121.9770237776671, 38.020901338008386], [-121.97576407729075, 38.01939383739191], [-121.9734203199348, 38.01956489755827]]]}}, {"type": "Feature", "properties": {"id": 276, "h3": "892830c5eb3ffff", "area_m2": 109553.3, "lat": 38.0147, "lon": -121.974329}, "geometry": {"type": "Polygon", "coordinates": [[[-121.97306920410514, 38.01319242902149], [-121.97198513652519, 38.01487107470043], [-121.97324475671942, 38.01637870573536], [-121.97558844488775, 38.01620766794178], [-121.97667244367558, 38.01452902148789], [-121.97541282308988, 38.01302141360221], [-121.97306920410514, 38.01319242902149]]]}}, {"type": "Feature", "properties": {"id": 277, "h3": "892830c5eb7ffff", "area_m2": 109547.9, "lat": 38.016037, "lon": -121.977932}, "geometry": {"type": "Polygon", "coordinates": [[[-121.97667244367558, 38.01452902148789], [-121.97558844488775, 38.01620766794178], [-121.97684810536752, 38.017715222196586], [-121.97919176501762, 38.01754410684854], [-121.98027569500431, 38.01586545962523], [-121.97901603414473, 38.01435792851909], [-121.97667244367558, 38.01452902148789]]]}}, {"type": "Feature", "properties": {"id": 278, "h3": "892830c5ebbffff", "area_m2": 109554.4, "lat": 38.01655, "lon": -121.970901}, "geometry": {"type": "Polygon", "coordinates": [[[-121.96964141985737, 38.01504203493886], [-121.96855725419626, 38.01672064857974], [-121.96981687398791, 38.0182283027625], [-121.97216065984595, 38.01805732015623], [-121.97324475671942, 38.01637870573536], [-121.97198513652519, 38.01487107470043], [-121.96964141985737, 38.01504203493886]]]}}, {"type": "Feature", "properties": {"id": 279, "h3": "892830c5ec3ffff", "area_m2": 109571.9, "lat": 38.014388, "lon": -121.956663}, "geometry": {"type": "Polygon", "coordinates": [[[-121.95540320862283, 38.012880380206006], [-121.95431873858344, 38.01455895940714], [-121.9555782369766, 38.016066867051144], [-121.95792220586054, 38.01589617234554], [-121.9590066071438, 38.01421759234283], [-121.95774710830197, 38.01270970784701], [-121.95540320862283, 38.012880380206006]]]}}, {"type": "Feature", "properties": {"id": 280, "h3": "892830c5ec7ffff", "area_m2": 109566.4, "lat": 38.015725, "lon": -121.960266}, "geometry": {"type": "Polygon", "coordinates": [[[-121.9590066071438, 38.01421759234283], [-121.95792220586054, 38.01589617234554], [-121.95918174459169, 38.01740400322279], [-121.9615256850458, 38.01723323094943], [-121.96261001756397, 38.01555465015062], [-121.96135047839581, 38.014046842420974], [-121.9590066071438, 38.01421759234283]]]}}, {"type": "Feature", "properties": {"id": 281, "h3": "892830c5ecbffff", "area_m2": 109573.0, "lat": 38.016238, "lon": -121.953234}, "geometry": {"type": "Polygon", "coordinates": [[[-121.95197474128847, 38.01472957654427], [-121.95089017317792, 38.01640812366524], [-121.95214967111131, 38.017916054456], [-121.95449373761768, 38.017745414978755], [-121.9555782369766, 38.016066867051144], [-121.95431873858344, 38.01455895940714], [-121.95197474128847, 38.01472957654427]]]}}, {"type": "Feature", "properties": {"id": 282, "h3": "892830c5ecfffff", "area_m2": 109567.5, "lat": 38.017575, "lon": -121.956838}, "geometry": {"type": "Polygon", "coordinates": [[[-121.9555782369766, 38.016066867051144], [-121.95449373761768, 38.017745414978755], [-121.9557532759007, 38.019253269002164], [-121.95809731399342, 38.01908255195152], [-121.95918174459169, 38.01740400322279], [-121.95792220586054, 38.01589617234554], [-121.9555782369766, 38.016066867051144]]]}}, {"type": "Feature", "properties": {"id": 283, "h3": "892830c5ed3ffff", "area_m2": 109576.2, "lat": 38.011202, "lon": -121.956488}, "geometry": {"type": "Polygon", "coordinates": [[[-121.9552281908384, 38.0096938084832], [-121.954143750117, 38.011372418948866], [-121.95540320862283, 38.012880380206006], [-121.95774710830197, 38.01270970784701], [-121.95883148027188, 38.01103109657923], [-121.9575720213168, 38.00952315847227], [-121.9552281908384, 38.0096938084832]]]}}, {"type": "Feature", "properties": {"id": 284, "h3": "892830c5ed7ffff", "area_m2": 109570.8, "lat": 38.012539, "lon": -121.960091}, "geometry": {"type": "Polygon", "coordinates": [[[-121.95883148027188, 38.01103109657923], [-121.95774710830197, 38.01270970784701], [-121.9590066071438, 38.01421759234283], [-121.96135047839581, 38.014046842420974], [-121.96243478160515, 38.01236823035662], [-121.96117528232574, 38.01086036901041], [-121.95883148027188, 38.01103109657923]]]}}, {"type": "Feature", "properties": {"id": 285, "h3": "892830c5edbffff", "area_m2": 109577.3, "lat": 38.013051, "lon": -121.953059}, "geometry": {"type": "Polygon", "coordinates": [[[-121.9517998220294, 38.011543013744365], [-121.95071528324297, 38.01322159213834], [-121.95197474128847, 38.01472957654427], [-121.95431873858344, 38.01455895940714], [-121.95540320862283, 38.012880380206006], [-121.954143750117, 38.011372418948866], [-121.9517998220294, 38.011543013744365]]]}}, {"type": "Feature", "properties": {"id": 286, "h3": "892830cc437ffff", "area_m2": 109639.1, "lat": 38.044334, "lon": -121.852347}, "geometry": {"type": "Polygon", "coordinates": [[[-121.85108794019054, 38.042825420568775], [-121.8500007632741, 38.04450328339167], [-121.85125992387154, 38.046012313995945], [-121.85360626217545, 38.045843458655675], [-121.85469337050733, 38.04416559487625], [-121.85343420912258, 38.04265658739334], [-121.85108794019054, 38.042825420568775]]]}}, {"type": "Feature", "properties": {"id": 287, "h3": "892830cc487ffff", "area_m2": 109657.7, "lat": 38.033433, "lon": -121.848226}, "geometry": {"type": "Polygon", "coordinates": [[[-121.84696696169064, 38.03192367397112], [-121.84587980467562, 38.033601630144005], [-121.84713880495529, 38.03511089828597], [-121.84948496305316, 38.034942187126845], [-121.85057205150636, 38.03326422999045], [-121.8493130504262, 38.0317549849764], [-121.84696696169064, 38.03192367397112]]]}}, {"type": "Feature", "properties": {"id": 288, "h3": "892830cc493ffff", "area_m2": 109667.5, "lat": 38.028905, "lon": -121.844449}, "geometry": {"type": "Polygon", "coordinates": [[[-121.84319016102457, 38.02739557850096], [-121.84210296495061, 38.02907356512375], [-121.84336188467293, 38.030582963560335], [-121.84570800128454, 38.03041435224338], [-121.84679512881036, 38.02873636465107], [-121.84553620827535, 38.02722698934494], [-121.84319016102457, 38.02739557850096]]]}}, {"type": "Feature", "properties": {"id": 289, "h3": "892830cc497ffff", "area_m2": 109662.0, "lat": 38.030246, "lon": -121.848054}, "geometry": {"type": "Polygon", "coordinates": [[[-121.84679512881036, 38.02873636465107], [-121.84570800128454, 38.03041435224338], [-121.84696696169064, 38.03192367397112], [-121.8493130504262, 38.0317549849764], [-121.85040010939478, 38.030076996420085], [-121.84914114818768, 38.02856769782221], [-121.84679512881036, 38.02873636465107]]]}}, {"type": "Feature", "properties": {"id": 290, "h3": "892830cc4a3ffff", "area_m2": 109647.9, "lat": 38.037961, "lon": -121.852003}, "geometry": {"type": "Polygon", "coordinates": [[[-121.85074400400889, 38.03645137854962], [-121.8496568860695, 38.038129304257126], [-121.85091596690329, 38.039638442081205], [-121.85326216646753, 38.039469631072095], [-121.85434921583142, 38.03779170440709], [-121.85309013420934, 38.036282589708364], [-121.85074400400889, 38.03645137854962]]]}}, {"type": "Feature", "properties": {"id": 291, "h3": "892830cc4a7ffff", "area_m2": 109642.4, "lat": 38.039301, "lon": -121.855608}, "geometry": {"type": "Polygon", "coordinates": [[[-121.85434921583142, 38.03779170440709], [-121.85326216646753, 38.039469631072095], [-121.8545212879697, 38.04097869216663], [-121.85686745961512, 38.040809803471085], [-121.8579544403945, 38.03913187585408], [-121.85669531811568, 38.03762283788434], [-121.85434921583142, 38.03779170440709]]]}}, {"type": "Feature", "properties": {"id": 292, "h3": "892830cc4afffff", "area_m2": 109643.5, "lat": 38.041148, "lon": -121.852175}, "geometry": {"type": "Polygon", "coordinates": [[[-121.85091596690329, 38.039638442081205], [-121.84982881947616, 38.041316336350874], [-121.85108794019054, 38.042825420568775], [-121.85343420912258, 38.04265658739334], [-121.8545212879697, 38.04097869216663], [-121.85326216646753, 38.039469631072095], [-121.85091596690329, 38.039638442081205]]]}}, {"type": "Feature", "properties": {"id": 293, "h3": "892830cc4b3ffff", "area_m2": 109652.2, "lat": 38.034773, "lon": -121.851831}, "geometry": {"type": "Polygon", "coordinates": [[[-121.85057205150636, 38.03326422999045], [-121.84948496305316, 38.034942187126845], [-121.85074400400889, 38.03645137854962], [-121.85309013420934, 38.036282589708364], [-121.85417715409162, 38.03460463161399], [-121.8529181123471, 38.03309546331855], [-121.85057205150636, 38.03326422999045]]]}}, {"type": "Feature", "properties": {"id": 294, "h3": "892830cc4b7ffff", "area_m2": 109646.8, "lat": 38.036114, "lon": -121.855436}, "geometry": {"type": "Polygon", "coordinates": [[[-121.85417715409162, 38.03460463161399], [-121.85309013420934, 38.036282589708364], [-121.85434921583142, 38.03779170440709], [-121.85669531811568, 38.03762283788434], [-121.85778226941798, 38.0359448788375], [-121.85652318701875, 38.03443578726555], [-121.85417715409162, 38.03460463161399]]]}}, {"type": "Feature", "properties": {"id": 295, "h3": "892830cc4bbffff", "area_m2": 109653.3, "lat": 38.03662, "lon": -121.848398}, "geometry": {"type": "Polygon", "coordinates": [[[-121.84713880495529, 38.03511089828597], [-121.84605161844954, 38.03678882303047], [-121.84731065860532, 38.038298037579146], [-121.8496568860695, 38.038129304257126], [-121.85074400400889, 38.03645137854962], [-121.84948496305316, 38.034942187126845], [-121.84713880495529, 38.03511089828597]]]}}, {"type": "Feature", "properties": {"id": 296, "h3": "892830cc503ffff", "area_m2": 109617.3, "lat": 38.049694, "lon": -121.866769}, "geometry": {"type": "Polygon", "coordinates": [[[-121.86550973777946, 38.04818519119394], [-121.86442283525601, 38.04986305780979], [-121.86568215848467, 38.05137178142302], [-121.86802838498002, 38.051202615300994], [-121.8691152188825, 38.04952474775073], [-121.86785589491328, 38.04801604725661], [-121.86550973777946, 38.04818519119394]]]}}, {"type": "Feature", "properties": {"id": 297, "h3": "892830cc507ffff", "area_m2": 109611.9, "lat": 38.051033, "lon": -121.870375}, "geometry": {"type": "Polygon", "coordinates": [[[-121.8691152188825, 38.04952474775073], [-121.86802838498002, 38.051202615300994], [-121.86928774884227, 38.05271126215427], [-121.87163394733851, 38.05254201833842], [-121.87272071261089, 38.05086414985922], [-121.87146134801978, 38.04935552612451], [-121.8691152188825, 38.04952474775073]]]}}, {"type": "Feature", "properties": {"id": 298, "h3": "892830cc50bffff", "area_m2": 109618.4, "lat": 38.051541, "lon": -121.863336}, "geometry": {"type": "Polygon", "coordinates": [[[-121.86207658078033, 38.05003214623731], [-121.8609895801678, 38.05170998045598], [-121.86224890264474, 38.053218727186895], [-121.86459522648863, 38.05304961658118], [-121.86568215848467, 38.05137178142302], [-121.86442283525601, 38.04986305780979], [-121.86207658078033, 38.05003214623731]]]}}, {"type": "Feature", "properties": {"id": 299, "h3": "892830cc50fffff", "area_m2": 109613.0, "lat": 38.05288, "lon": -121.866942}, "geometry": {"type": "Polygon", "coordinates": [[[-121.86568215848467, 38.05137178142302], [-121.86459522648863, 38.05304961658118], [-121.86585458961079, 38.054558286551554], [-121.86820088547178, 38.05438909824637], [-121.86928774884227, 38.05271126215427], [-121.86802838498002, 38.051202615300994], [-121.86568215848467, 38.05137178142302]]]}}, {"type": "Feature", "properties": {"id": 300, "h3": "892830cc513ffff", "area_m2": 109621.7, "lat": 38.046507, "lon": -121.866597}, "geometry": {"type": "Polygon", "coordinates": [[[-121.86533732749425, 38.0449985158807], [-121.86425045444184, 38.04667641394527], [-121.86550973777946, 38.04818519119394], [-121.86785589491328, 38.04801604725661], [-121.86894269934929, 38.04633814825708], [-121.86768341527058, 38.044829394129536], [-121.86533732749425, 38.0449985158807]]]}}, {"type": "Feature", "properties": {"id": 301, "h3": "892830cc517ffff", "area_m2": 109616.3, "lat": 38.047847, "lon": -121.870202}, "geometry": {"type": "Polygon", "coordinates": [[[-121.86894269934929, 38.04633814825708], [-121.86785589491328, 38.04801604725661], [-121.8691152188825, 38.04952474775073], [-121.87146134801978, 38.04935552612451], [-121.87254808383027, 38.04767762619559], [-121.87128875913167, 38.046168948822014], [-121.86894269934929, 38.04633814825708]]]}}, {"type": "Feature", "properties": {"id": 302, "h3": "892830cc51bffff", "area_m2": 109622.8, "lat": 38.048354, "lon": -121.863164}, "geometry": {"type": "Polygon", "coordinates": [[[-121.86190426933027, 38.0468454801931], [-121.86081729819492, 38.04852334586897], [-121.86207658078033, 38.05003214623731], [-121.86442283525601, 38.04986305780979], [-121.86550973777946, 38.04818519119394], [-121.86425045444184, 38.04667641394527], [-121.86190426933027, 38.0468454801931]]]}}, {"type": "Feature", "properties": {"id": 303, "h3": "892830cc533ffff", "area_m2": 109606.5, "lat": 38.052373, "lon": -121.87398}, "geometry": {"type": "Polygon", "coordinates": [[[-121.87272071261089, 38.05086414985922], [-121.87163394733851, 38.05254201833842], [-121.8728933518246, 38.05405058842683], [-121.87523952230293, 38.05388126691778], [-121.87632621893613, 38.052203397515186], [-121.87506681373286, 38.050694850544765], [-121.87272071261089, 38.05086414985922]]]}}, {"type": "Feature", "properties": {"id": 304, "h3": "892830cc53bffff", "area_m2": 109607.5, "lat": 38.05422, "lon": -121.870547}, "geometry": {"type": "Polygon", "coordinates": [[[-121.86928774884227, 38.05271126215427], [-121.86820088547178, 38.05438909824637], [-121.86946028922952, 38.05589769145133], [-121.8718065570888, 38.05572842544734], [-121.8728933518246, 38.05405058842683], [-121.87163394733851, 38.05254201833842], [-121.86928774884227, 38.05271126215427]]]}}, {"type": "Feature", "properties": {"id": 305, "h3": "892830cc583ffff", "area_m2": 109625.0, "lat": 38.041474, "lon": -121.869857}, "geometry": {"type": "Polygon", "coordinates": [[[-121.86859769155866, 38.03996469406509], [-121.86751094605096, 38.041642655936215], [-121.86877019024165, 38.04315146368975], [-121.87111618067318, 38.04298228644732], [-121.87220285756452, 38.041304323645804], [-121.87094361264342, 38.039795539016815], [-121.86859769155866, 38.03996469406509]]]}}, {"type": "Feature", "properties": {"id": 306, "h3": "892830cc587ffff", "area_m2": 109619.6, "lat": 38.042813, "lon": -121.873462}, "geometry": {"type": "Polygon", "coordinates": [[[-121.87220285756452, 38.041304323645804], [-121.87111618067318, 38.04298228644732], [-121.8723754654818, 38.04449101745231], [-121.87472142790317, 38.044321762531574], [-121.87580803616906, 38.04264379880519], [-121.87454875064171, 38.04113509092416], [-121.87220285756452, 38.041304323645804]]]}}, {"type": "Feature", "properties": {"id": 307, "h3": "892830cc58bffff", "area_m2": 109626.1, "lat": 38.043321, "lon": -121.866424}, "geometry": {"type": "Polygon", "coordinates": [[[-121.86516492762807, 38.04181175549967], [-121.8640780840451, 38.043489685004076], [-121.86533732749425, 38.0449985158807], [-121.86768341527058, 38.044829394129536], [-121.86877019024165, 38.04315146368975], [-121.86751094605096, 38.041642655936215], [-121.86516492762807, 38.04181175549967]]]}}, {"type": "Feature", "properties": {"id": 308, "h3": "892830cc58fffff", "area_m2": 109620.7, "lat": 38.04466, "lon": -121.870029}, "geometry": {"type": "Polygon", "coordinates": [[[-121.86877019024165, 38.04315146368975], [-121.86768341527058, 38.044829394129536], [-121.86894269934929, 38.04633814825708], [-121.87128875913167, 38.046168948822014], [-121.8723754654818, 38.04449101745231], [-121.87111618067318, 38.04298228644732], [-121.86877019024165, 38.04315146368975]]]}}, {"type": "Feature", "properties": {"id": 309, "h3": "892830cc593ffff", "area_m2": 109629.4, "lat": 38.038287, "lon": -121.869684}, "geometry": {"type": "Polygon", "coordinates": [[[-121.86842520329944, 38.03677783939952], [-121.8673384872535, 38.03845583269304], [-121.86859769155866, 38.03996469406509], [-121.87094361264342, 38.039795539016815], [-121.87203026007755, 38.038117544792435], [-121.87077105504143, 38.03660870654692], [-121.86842520329944, 38.03677783939952]]]}}, {"type": "Feature", "properties": {"id": 310, "h3": "892830cc597ffff", "area_m2": 109624.0, "lat": 38.039626, "lon": -121.873289}, "geometry": {"type": "Polygon", "coordinates": [[[-121.87203026007755, 38.038117544792435], [-121.87094361264342, 38.039795539016815], [-121.87220285756452, 38.041304323645804], [-121.87454875064171, 38.04113509092416], [-121.87563532945492, 38.03945709577442], [-121.87437608381457, 38.037948334271405], [-121.87203026007755, 38.038117544792435]]]}}, {"type": "Feature", "properties": {"id": 311, "h3": "892830cc59bffff", "area_m2": 109630.5, "lat": 38.040134, "lon": -121.866252}, "geometry": {"type": "Polygon", "coordinates": [[[-121.86499253818, 38.0386249100673], [-121.86390572406498, 38.040302871002524], [-121.86516492762807, 38.04181175549967], [-121.86751094605096, 38.041642655936215], [-121.86859769155866, 38.03996469406509], [-121.8673384872535, 38.03845583269304], [-121.86499253818, 38.0386249100673]]]}}, {"type": "Feature", "properties": {"id": 312, "h3": "892830cc5a3ffff", "area_m2": 109609.8, "lat": 38.047339, "lon": -121.87724}, "geometry": {"type": "Polygon", "coordinates": [[[-121.87598075331998, 38.04583041678317], [-121.8748941155999, 38.047508349077226], [-121.8761534809087, 38.049016949691975], [-121.87849948464684, 38.048847594890944], [-121.8795860537278, 38.04716966167805], [-121.87832668771246, 38.04566108418472], [-121.87598075331998, 38.04583041678317]]]}}, {"type": "Feature", "properties": {"id": 313, "h3": "892830cc5a7ffff", "area_m2": 109604.3, "lat": 38.048678, "lon": -121.880845}, "geometry": {"type": "Polygon", "coordinates": [[[-121.8795860537278, 38.04716966167805], [-121.87849948464684, 38.048847594890944], [-121.87975889055613, 38.050356118741966], [-121.88210486624396, 38.05018668625895], [-121.88319136667668, 38.04850875213271], [-121.88193196007255, 38.047000251402544], [-121.8795860537278, 38.04716966167805]]]}}, {"type": "Feature", "properties": {"id": 314, "h3": "892830cc5abffff", "area_m2": 109610.8, "lat": 38.049186, "lon": -121.873807}, "geometry": {"type": "Polygon", "coordinates": [[[-121.87254808383027, 38.04767762619559], [-121.87146134801978, 38.04935552612451], [-121.87272071261089, 38.05086414985922], [-121.87506681373286, 38.050694850544765], [-121.8761534809087, 38.049016949691975], [-121.8748941155999, 38.047508349077226], [-121.87254808383027, 38.04767762619559]]]}}, {"type": "Feature", "properties": {"id": 315, "h3": "892830cc5afffff", "area_m2": 109605.4, "lat": 38.050526, "lon": -121.877413}, "geometry": {"type": "Polygon", "coordinates": [[[-121.8761534809087, 38.049016949691975], [-121.87506681373286, 38.050694850544765], [-121.87632621893613, 38.052203397515186], [-121.87867229202399, 38.05203402051312], [-121.87975889055613, 38.050356118741966], [-121.87849948464684, 38.048847594890944], [-121.8761534809087, 38.049016949691975]]]}}, {"type": "Feature", "properties": {"id": 316, "h3": "892830cc5b3ffff", "area_m2": 109614.1, "lat": 38.044152, "lon": -121.877067}, "geometry": {"type": "Polygon", "coordinates": [[[-121.87580803616906, 38.04264379880519], [-121.87472142790317, 38.044321762531574], [-121.87598075331998, 38.04583041678317], [-121.87832668771246, 38.04566108418472], [-121.87941322734378, 38.04398311953901], [-121.87815390121989, 38.04247448841081], [-121.87580803616906, 38.04264379880519]]]}}, {"type": "Feature", "properties": {"id": 317, "h3": "892830cc5b7ffff", "area_m2": 109608.7, "lat": 38.045492, "lon": -121.880673}, "geometry": {"type": "Polygon", "coordinates": [[[-121.87941322734378, 38.04398311953901], [-121.87832668771246, 38.04566108418472], [-121.8795860537278, 38.04716966167805], [-121.88193196007255, 38.047000251402544], [-121.8830184310602, 38.04532228584303], [-121.88175906434948, 38.04381373147253], [-121.87941322734378, 38.04398311953901]]]}}, {"type": "Feature", "properties": {"id": 318, "h3": "892830cc5bbffff", "area_m2": 109615.2, "lat": 38.046, "lon": -121.873635}, "geometry": {"type": "Polygon", "coordinates": [[[-121.8723754654818, 38.04449101745231], [-121.87128875913167, 38.046168948822014], [-121.87254808383027, 38.04767762619559], [-121.8748941155999, 38.047508349077226], [-121.87598075331998, 38.04583041678317], [-121.87472142790317, 38.044321762531574], [-121.8723754654818, 38.04449101745231]]]}}, {"type": "Feature", "properties": {"id": 319, "h3": "892830cc5c3ffff", "area_m2": 109632.6, "lat": 38.043828, "lon": -121.859386}, "geometry": {"type": "Polygon", "coordinates": [[[-121.85812662177597, 38.042318787831206], [-121.85703961151799, 38.04399668400939], [-121.85829881356338, 38.04550561475243], [-121.8606450266339, 38.045336626194796], [-121.86173196829361, 38.043658729070636], [-121.8604727654838, 38.04214982144983], [-121.85812662177597, 38.042318787831206]]]}}, {"type": "Feature", "properties": {"id": 320, "h3": "892830cc5c7ffff", "area_m2": 109627.2, "lat": 38.045168, "lon": -121.862991}, "geometry": {"type": "Polygon", "coordinates": [[[-121.86173196829361, 38.043658729070636], [-121.8606450266339, 38.045336626194796], [-121.86190426933027, 38.0468454801931], [-121.86425045444184, 38.04667641394527], [-121.86533732749425, 38.0449985158807], [-121.8640780840451, 38.043489685004076], [-121.86173196829361, 38.043658729070636]]]}}, {"type": "Feature", "properties": {"id": 321, "h3": "892830cc5cbffff", "area_m2": 109633.7, "lat": 38.045675, "lon": -121.855953}, "geometry": {"type": "Polygon", "coordinates": [[[-121.85469337050733, 38.04416559487625], [-121.85360626217545, 38.045843458655675], [-121.85486546344526, 38.04735241251951], [-121.85721177382523, 38.047183479482854], [-121.85829881356338, 38.04550561475243], [-121.85703961151799, 38.04399668400939], [-121.85469337050733, 38.04416559487625]]]}}, {"type": "Feature", "properties": {"id": 322, "h3": "892830cc5cfffff", "area_m2": 109628.2, "lat": 38.047015, "lon": -121.859558}, "geometry": {"type": "Polygon", "coordinates": [[[-121.85829881356338, 38.04550561475243], [-121.85721177382523, 38.047183479482854], [-121.85847101575767, 38.048692356601386], [-121.86081729819492, 38.04852334586897], [-121.86190426933027, 38.0468454801931], [-121.8606450266339, 38.045336626194796], [-121.85829881356338, 38.04550561475243]]]}}, {"type": "Feature", "properties": {"id": 323, "h3": "892830cc5d3ffff", "area_m2": 109637.0, "lat": 38.040641, "lon": -121.859214}, "geometry": {"type": "Polygon", "coordinates": [[[-121.8579544403945, 38.03913187585408], [-121.85686745961512, 38.040809803471085], [-121.85812662177597, 38.042318787831206], [-121.8604727654838, 38.04214982144983], [-121.86155967766952, 38.04047189288637], [-121.86030051474374, 38.03896293165047], [-121.8579544403945, 38.03913187585408]]]}}, {"type": "Feature", "properties": {"id": 324, "h3": "892830cc5d7ffff", "area_m2": 109631.5, "lat": 38.041981, "lon": -121.862819}, "geometry": {"type": "Polygon", "coordinates": [[[-121.86155967766952, 38.04047189288637], [-121.8604727654838, 38.04214982144983], [-121.86173196829361, 38.043658729070636], [-121.8640780840451, 38.043489685004076], [-121.86516492762807, 38.04181175549967], [-121.86390572406498, 38.040302871002524], [-121.86155967766952, 38.04047189288637]]]}}, {"type": "Feature", "properties": {"id": 325, "h3": "892830cc5dbffff", "area_m2": 109638.0, "lat": 38.042488, "lon": -121.85578}, "geometry": {"type": "Polygon", "coordinates": [[[-121.8545212879697, 38.04097869216663], [-121.85343420912258, 38.04265658739334], [-121.85469337050733, 38.04416559487625], [-121.85703961151799, 38.04399668400939], [-121.85812662177597, 38.042318787831206], [-121.85686745961512, 38.040809803471085], [-121.8545212879697, 38.04097869216663]]]}}, {"type": "Feature", "properties": {"id": 326, "h3": "892830ce003ffff", "area_m2": 109678.6, "lat": 38.005073, "lon": -121.864356}, "geometry": {"type": "Polygon", "coordinates": [[[-121.86309694157696, 38.00356400161347], [-121.86201045150634, 38.005242307696705], [-121.86326921648796, 38.00675178152781], [-121.86561447229067, 38.006582926128296], [-121.86670089380424, 38.00490461910375], [-121.86544212807487, 38.00339516841972], [-121.86309694157696, 38.00356400161347]]]}}, {"type": "Feature", "properties": {"id": 327, "h3": "892830ce007ffff", "area_m2": 109673.1, "lat": 38.006414, "lon": -121.86796}, "geometry": {"type": "Polygon", "coordinates": [[[-121.86670089380424, 38.00490461910375], [-121.86561447229067, 38.006582926128296], [-121.8668732778781, 38.00809232327582], [-121.86921850571788, 38.00792339025189], [-121.87030485866529, 38.0062450822915], [-121.8690460523418, 38.004735708290546], [-121.86670089380424, 38.00490461910375]]]}}, {"type": "Feature", "properties": {"id": 328, "h3": "892830ce00bffff", "area_m2": 109679.6, "lat": 38.006921, "lon": -121.860924}, "geometry": {"type": "Polygon", "coordinates": [[[-121.85966516775947, 38.00541108547117], [-121.85857857968551, 38.007089359275746], [-121.85983734390825, 38.00859885625252], [-121.86218269696656, 38.00843005627876], [-121.86326921648796, 38.00675178152781], [-121.86201045150634, 38.005242307696705], [-121.85966516775947, 38.00541108547117]]]}}, {"type": "Feature", "properties": {"id": 329, "h3": "892830ce00fffff", "area_m2": 109674.2, "lat": 38.008261, "lon": -121.864528}, "geometry": {"type": "Polygon", "coordinates": [[[-121.86326921648796, 38.00675178152781], [-121.86218269696656, 38.00843005627876], [-121.86344150180675, 38.00993947657136], [-121.8657868269183, 38.00977059896761], [-121.8668732778781, 38.00809232327582], [-121.86561447229067, 38.006582926128296], [-121.86326921648796, 38.00675178152781]]]}}, {"type": "Feature", "properties": {"id": 330, "h3": "892830ce013ffff", "area_m2": 109682.9, "lat": 38.001886, "lon": -121.864183}, "geometry": {"type": "Polygon", "coordinates": [[[-121.86292467707275, 38.00037613684475], [-121.86183821645137, 38.0020544742513], [-121.86309694157696, 38.00356400161347], [-121.86544212807487, 38.00339516841972], [-121.86652852014376, 38.001716830071345], [-121.86526979426992, 38.00020732585827], [-121.86292467707275, 38.00037613684475]]]}}, {"type": "Feature", "properties": {"id": 331, "h3": "892830ce017ffff", "area_m2": 109677.5, "lat": 38.003226, "lon": -121.867787}, "geometry": {"type": "Polygon", "coordinates": [[[-121.86652852014376, 38.001716830071345], [-121.86544212807487, 38.00339516841972], [-121.86670089380424, 38.00490461910375], [-121.8690460523418, 38.004735708290546], [-121.87013237584914, 38.00305736900583], [-121.86887360938316, 38.00154794147037], [-121.86652852014376, 38.001716830071345]]]}}, {"type": "Feature", "properties": {"id": 332, "h3": "892830ce01bffff", "area_m2": 109684.0, "lat": 38.003733, "lon": -121.860752}, "geometry": {"type": "Polygon", "coordinates": [[[-121.85949300201187, 38.00222322982497], [-121.85840644339328, 38.00390153496134], [-121.85966516775947, 38.00541108547117], [-121.86201045150634, 38.005242307696705], [-121.86309694157696, 38.00356400161347], [-121.86183821645137, 38.0020544742513], [-121.85949300201187, 38.00222322982497]]]}}, {"type": "Feature", "properties": {"id": 333, "h3": "892830ce023ffff", "area_m2": 109663.3, "lat": 38.010942, "lon": -121.871736}, "geometry": {"type": "Polygon", "coordinates": [[[-121.87047735190139, 38.00943271071088], [-121.86939096951228, 38.011110987338], [-121.87064985555831, 38.012620254247544], [-121.87299512472006, 38.01245122138569], [-121.87408143852939, 38.010772943828755], [-121.87282255175946, 38.00926370006319], [-121.87047735190139, 38.00943271071088]]]}}, {"type": "Feature", "properties": {"id": 334, "h3": "892830ce027ffff", "area_m2": 109657.9, "lat": 38.012282, "lon": -121.87534}, "geometry": {"type": "Polygon", "coordinates": [[[-121.87408143852939, 38.010772943828755], [-121.87299512472006, 38.01245122138569], [-121.87425405135451, 38.013960411596344], [-121.8765992925132, 38.01379130110638], [-121.87768553773364, 38.012113022625186], [-121.87642661038699, 38.010603855557925], [-121.87408143852939, 38.010772943828755]]]}}, {"type": "Feature", "properties": {"id": 335, "h3": "892830ce02bffff", "area_m2": 109664.4, "lat": 38.012789, "lon": -121.868305}, "geometry": {"type": "Polygon", "coordinates": [[[-121.86704567236626, 38.01127994257112], [-121.86595919195867, 38.01295818692119], [-121.86721807726965, 38.01446747697324], [-121.86956344372601, 38.014298499532444], [-121.87064985555831, 38.012620254247544], [-121.86939096951228, 38.011110987338], [-121.86704567236626, 38.01127994257112]]]}}, {"type": "Feature", "properties": {"id": 336, "h3": "892830ce02fffff", "area_m2": 109658.9, "lat": 38.014129, "lon": -121.871909}, "geometry": {"type": "Polygon", "coordinates": [[[-121.87064985555831, 38.012620254247544], [-121.86956344372601, 38.014298499532444], [-121.87082236963707, 38.015807712885056], [-121.87316770810654, 38.015638657810534], [-121.87425405135451, 38.013960411596344], [-121.87299512472006, 38.01245122138569], [-121.87064985555831, 38.012620254247544]]]}}, {"type": "Feature", "properties": {"id": 337, "h3": "892830ce033ffff", "area_m2": 109667.7, "lat": 38.007754, "lon": -121.871564}, "geometry": {"type": "Polygon", "coordinates": [[[-121.87030485866529, 38.0062450822915], [-121.86921850571788, 38.00792339025189], [-121.87047735190139, 38.00943271071088], [-121.87282255175946, 38.00926370006319], [-121.87390883613165, 38.00758539117251], [-121.87264998922375, 38.0060760938595], [-121.87030485866529, 38.0062450822915]]]}}, {"type": "Feature", "properties": {"id": 338, "h3": "892830ce037ffff", "area_m2": 109662.2, "lat": 38.009095, "lon": -121.875168}, "geometry": {"type": "Polygon", "coordinates": [[[-121.87390883613165, 38.00758539117251], [-121.87282255175946, 38.00926370006319], [-121.87408143852939, 38.010772943828755], [-121.87642661038699, 38.010603855557925], [-121.87751282617492, 38.008925545742464], [-121.87625393869223, 38.00741632512231], [-121.87390883613165, 38.00758539117251]]]}}, {"type": "Feature", "properties": {"id": 339, "h3": "892830ce03bffff", "area_m2": 109668.7, "lat": 38.009602, "lon": -121.868132}, "geometry": {"type": "Polygon", "coordinates": [[[-121.8668732778781, 38.00809232327582], [-121.8657868269183, 38.00977059896761], [-121.86704567236626, 38.01127994257112], [-121.86939096951228, 38.011110987338], [-121.87047735190139, 38.00943271071088], [-121.86921850571788, 38.00792339025189], [-121.8668732778781, 38.00809232327582]]]}}, {"type": "Feature", "properties": {"id": 340, "h3": "892830ce043ffff", "area_m2": 109686.1, "lat": 38.007427, "lon": -121.853888}, "geometry": {"type": "Polygon", "coordinates": [[[-121.85262906620817, 38.005917152674726], [-121.85154231159039, 38.00759539323024], [-121.8528010344043, 38.00910499003107], [-121.85514651262038, 38.008936323131316], [-121.85623319869924, 38.00725808161888], [-121.85497447510363, 38.005748507962814], [-121.85262906620817, 38.005917152674726]]]}}, {"type": "Feature", "properties": {"id": 341, "h3": "892830ce047ffff", "area_m2": 109680.7, "lat": 38.008768, "lon": -121.857492}, "geometry": {"type": "Polygon", "coordinates": [[[-121.85623319869924, 38.00725808161888], [-121.85514651262038, 38.008936323131316], [-121.85640527607308, 38.0104458432523], [-121.85875072637741, 38.01027709871636], [-121.85983734390825, 38.00859885625252], [-121.85857857968551, 38.007089359275746], [-121.85623319869924, 38.00725808161888]]]}}, {"type": "Feature", "properties": {"id": 342, "h3": "892830ce04bffff", "area_m2": 109687.2, "lat": 38.009274, "lon": -121.850456}, "geometry": {"type": "Polygon", "coordinates": [[[-121.8491968054813, 38.007763982493145], [-121.84810995286152, 38.00944219073803], [-121.84936867488253, 38.01095181068217], [-121.8517142503189, 38.010783199237856], [-121.8528010344043, 38.00910499003107], [-121.85154231159039, 38.00759539323024], [-121.8491968054813, 38.007763982493145]]]}}, {"type": "Feature", "properties": {"id": 343, "h3": "892830ce04fffff", "area_m2": 109681.8, "lat": 38.010615, "lon": -121.85406}, "geometry": {"type": "Polygon", "coordinates": [[[-121.8528010344043, 38.00910499003107], [-121.8517142503189, 38.010783199237856], [-121.85297301299038, 38.01229274250163], [-121.85531856053117, 38.01212405341553], [-121.85640527607308, 38.0104458432523], [-121.85514651262038, 38.008936323131316], [-121.8528010344043, 38.00910499003107]]]}}, {"type": "Feature", "properties": {"id": 344, "h3": "892830ce057ffff", "area_m2": 109685.1, "lat": 38.00558, "lon": -121.85732}, "geometry": {"type": "Polygon", "coordinates": [[[-121.85606113172102, 38.00407023511016], [-121.85497447510363, 38.005748507962814], [-121.85623319869924, 38.00725808161888], [-121.85857857968551, 38.007089359275746], [-121.85966516775947, 38.00541108547117], [-121.85840644339328, 38.00390153496134], [-121.85606113172102, 38.00407023511016]]]}}, {"type": "Feature", "properties": {"id": 345, "h3": "892830ce05bffff", "area_m2": 109691.6, "lat": 38.006086, "lon": -121.850284}, "geometry": {"type": "Polygon", "coordinates": [[[-121.8490249464635, 38.00457606942432], [-121.8479381233159, 38.0062543090174], [-121.8491968054813, 38.007763982493145], [-121.85154231159039, 38.00759539323024], [-121.85262906620817, 38.005917152674726], [-121.85137038324939, 38.0044075023443], [-121.8490249464635, 38.00457606942432]]]}}, {"type": "Feature", "properties": {"id": 346, "h3": "892830ce063ffff", "area_m2": 109670.9, "lat": 38.013296, "lon": -121.861268}, "geometry": {"type": "Polygon", "coordinates": [[[-121.86000953045921, 38.0117865421526], [-121.85892288346986, 38.013464753266724], [-121.86018172741326, 38.01497414315499], [-121.86252721910655, 38.01480529878718], [-121.86361379753423, 38.01312708672767], [-121.86235495283299, 38.011617719981075], [-121.86000953045921, 38.0117865421526]]]}}, {"type": "Feature", "properties": {"id": 347, "h3": "892830ce067ffff", "area_m2": 109665.4, "lat": 38.014636, "lon": -121.864873}, "geometry": {"type": "Polygon", "coordinates": [[[-121.86361379753423, 38.01312708672767], [-121.86252721910655, 38.01480529878718], [-121.86378610367136, 38.01631461198033], [-121.86613156741274, 38.016145689972596], [-121.86721807726965, 38.01446747697324], [-121.86595919195867, 38.01295818692119], [-121.86361379753423, 38.01312708672767]]]}}, {"type": "Feature", "properties": {"id": 348, "h3": "892830ce06bffff", "area_m2": 109672.0, "lat": 38.015143, "lon": -121.857836}, "geometry": {"type": "Polygon", "coordinates": [[[-121.85657736384346, 38.01363351999399], [-121.85549061883694, 38.01531169879903], [-121.8567494620113, 38.016821111827504], [-121.85909505096387, 38.01665232291043], [-121.86018172741326, 38.01497414315499], [-121.85892288346986, 38.013464753266724], [-121.85657736384346, 38.01363351999399]]]}}, {"type": "Feature", "properties": {"id": 349, "h3": "892830ce06fffff", "area_m2": 109666.5, "lat": 38.016483, "lon": -121.861441}, "geometry": {"type": "Polygon", "coordinates": [[[-121.86018172741326, 38.01497414315499], [-121.85909505096387, 38.01665232291043], [-121.86035393477133, 38.01816165924325], [-121.86269949578818, 38.017992792680666], [-121.86378610367136, 38.01631461198033], [-121.86252721910655, 38.01480529878718], [-121.86018172741326, 38.01497414315499]]]}}, {"type": "Feature", "properties": {"id": 350, "h3": "892830ce073ffff", "area_m2": 109675.3, "lat": 38.010108, "lon": -121.861096}, "geometry": {"type": "Polygon", "coordinates": [[[-121.85983734390825, 38.00859885625252], [-121.85875072637741, 38.01027709871636], [-121.86000953045921, 38.0117865421526], [-121.86235495283299, 38.011617719981075], [-121.86344150180675, 38.00993947657136], [-121.86218269696656, 38.00843005627876], [-121.85983734390825, 38.00859885625252]]]}}, {"type": "Feature", "properties": {"id": 351, "h3": "892830ce077ffff", "area_m2": 109669.8, "lat": 38.011449, "lon": -121.8647}, "geometry": {"type": "Polygon", "coordinates": [[[-121.86344150180675, 38.00993947657136], [-121.86235495283299, 38.011617719981075], [-121.86361379753423, 38.01312708672767], [-121.86595919195867, 38.01295818692119], [-121.86704567236626, 38.01127994257112], [-121.8657868269183, 38.00977059896761], [-121.86344150180675, 38.00993947657136]]]}}, {"type": "Feature", "properties": {"id": 352, "h3": "892830ce07bffff", "area_m2": 109676.3, "lat": 38.011955, "lon": -121.857664}, "geometry": {"type": "Polygon", "coordinates": [[[-121.85640527607308, 38.0104458432523], [-121.85531856053117, 38.01212405341553], [-121.85657736384346, 38.01363351999399], [-121.85892288346986, 38.013464753266724], [-121.86000953045921, 38.0117865421526], [-121.85875072637741, 38.01027709871636], [-121.85640527607308, 38.0104458432523]]]}}, {"type": "Feature", "properties": {"id": 353, "h3": "892830ce083ffff", "area_m2": 109686.2, "lat": 37.996851, "lon": -121.867442}, "geometry": {"type": "Polygon", "coordinates": [[[-121.8661838040591, 37.995340997491304], [-121.86509747087491, 37.99701939846038], [-121.86635615689569, 37.99852895619504], [-121.86870117684099, 37.9983600898078], [-121.86978744147274, 37.99668168790139], [-121.86852875471433, 37.995172153319274], [-121.8661838040591, 37.995340997491304]]]}}, {"type": "Feature", "properties": {"id": 354, "h3": "892830ce087ffff", "area_m2": 109680.8, "lat": 37.998191, "lon": -121.871046}, "geometry": {"type": "Polygon", "coordinates": [[[-121.86978744147274, 37.99668168790139], [-121.86870117684099, 37.9983600898078], [-121.86995990345191, 37.999869570870324], [-121.87230489542327, 37.99970062687419], [-121.87339109149352, 37.99802222403598], [-121.87213236415663, 37.99651276612544], [-121.86978744147274, 37.99668168790139]]]}}, {"type": "Feature", "properties": {"id": 355, "h3": "892830ce08bffff", "area_m2": 109687.3, "lat": 37.998698, "lon": -121.864011}, "geometry": {"type": "Polygon", "coordinates": [[[-121.86275242297442, 37.997188187238116], [-121.86166599180073, 37.99886655595899], [-121.86292467707275, 38.00037613684475], [-121.86526979426992, 38.00020732585827], [-121.86635615689569, 37.99852895619504], [-121.86509747087491, 37.99701939846038], [-121.86275242297442, 37.997188187238116]]]}}, {"type": "Feature", "properties": {"id": 356, "h3": "892830ce08fffff", "area_m2": 109681.8, "lat": 38.000038, "lon": -121.867615}, "geometry": {"type": "Polygon", "coordinates": [[[-121.86635615689569, 37.99852895619504], [-121.86526979426992, 38.00020732585827], [-121.86652852014376, 38.001716830071345], [-121.86887360938316, 38.00154794147037], [-121.86995990345191, 37.999869570870324], [-121.86870117684099, 37.9983600898078], [-121.86635615689569, 37.99852895619504]]]}}, {"type": "Feature", "properties": {"id": 357, "h3": "892830ce093ffff", "area_m2": 109690.6, "lat": 37.993663, "lon": -121.86727}, "geometry": {"type": "Polygon", "coordinates": [[[-121.8660114616331, 37.992152953976536], [-121.86492515788888, 37.99383138624252], [-121.8661838040591, 37.995340997491304], [-121.86852875471433, 37.995172153319274], [-121.86961498991064, 37.99349372011548], [-121.8683563430023, 37.991984132021244], [-121.8660114616331, 37.992152953976536]]]}}, {"type": "Feature", "properties": {"id": 358, "h3": "892830ce097ffff", "area_m2": 109685.1, "lat": 37.995003, "lon": -121.870874}, "geometry": {"type": "Polygon", "coordinates": [[[-121.86961498991064, 37.99349372011548], [-121.86852875471433, 37.995172153319274], [-121.86978744147274, 37.99668168790139], [-121.87213236415663, 37.99651276612544], [-121.87321853079598, 37.99483433198934], [-121.8719598433111, 37.993324820561206], [-121.86961498991064, 37.99349372011548]]]}}, {"type": "Feature", "properties": {"id": 359, "h3": "892830ce09bffff", "area_m2": 109691.6, "lat": 37.99551, "lon": -121.863839}, "geometry": {"type": "Polygon", "coordinates": [[[-121.86258017928103, 37.99400015281], [-121.86149377755346, 37.99567855283624], [-121.86275242297442, 37.997188187238116], [-121.86509747087491, 37.99701939846038], [-121.8661838040591, 37.995340997491304], [-121.86492515788888, 37.99383138624252], [-121.86258017928103, 37.99400015281]]]}}, {"type": "Feature", "properties": {"id": 360, "h3": "892830ce0a3ffff", "area_m2": 109671.0, "lat": 38.002719, "lon": -121.874822}, "geometry": {"type": "Polygon", "coordinates": [[[-121.87356366261467, 38.001210031259674], [-121.872477437112, 38.002888402791015], [-121.87373624416041, 38.00439775364399], [-121.87608127742799, 38.00422870981594], [-121.87716743435547, 38.002550337358834], [-121.8759086265933, 38.00104100965526], [-121.87356366261467, 38.001210031259674]]]}}, {"type": "Feature", "properties": {"id": 361, "h3": "892830ce0a7ffff", "area_m2": 109665.5, "lat": 38.00406, "lon": -121.878426}, "geometry": {"type": "Polygon", "coordinates": [[[-121.87716743435547, 38.002550337358834], [-121.87608127742799, 38.00422870981594], [-121.87734012504914, 38.00573798398154], [-121.87968513030265, 38.00556886254088], [-121.88077121864593, 38.00389048916355], [-121.87951237032263, 38.0023812381468], [-121.87716743435547, 38.002550337358834]]]}}, {"type": "Feature", "properties": {"id": 362, "h3": "892830ce0abffff", "area_m2": 109672.0, "lat": 38.004567, "lon": -121.871391}, "geometry": {"type": "Polygon", "coordinates": [[[-121.87013237584914, 38.00305736900583], [-121.8690460523418, 38.004735708290546], [-121.87030485866529, 38.0062450822915], [-121.87264998922375, 38.0060760938595], [-121.87373624416041, 38.00439775364399], [-121.872477437112, 38.002888402791015], [-121.87013237584914, 38.00305736900583]]]}}, {"type": "Feature", "properties": {"id": 363, "h3": "892830ce0afffff", "area_m2": 109666.6, "lat": 38.005907, "lon": -121.874995}, "geometry": {"type": "Polygon", "coordinates": [[[-121.87373624416041, 38.00439775364399], [-121.87264998922375, 38.0060760938595], [-121.87390883613165, 38.00758539117251], [-121.87625393869223, 38.00741632512231], [-121.87734012504914, 38.00573798398154], [-121.87608127742799, 38.00422870981594], [-121.87373624416041, 38.00439775364399]]]}}, {"type": "Feature", "properties": {"id": 364, "h3": "892830ce0b3ffff", "area_m2": 109675.3, "lat": 37.999532, "lon": -121.87465}, "geometry": {"type": "Polygon", "coordinates": [[[-121.87339109149352, 37.99802222403598], [-121.87230489542327, 37.99970062687419], [-121.87356366261467, 38.001210031259674], [-121.8759086265933, 38.00104100965526], [-121.87699475409292, 37.99936260589079], [-121.87573598618724, 37.99785322465672], [-121.87339109149352, 37.99802222403598]]]}}, {"type": "Feature", "properties": {"id": 365, "h3": "892830ce0b7ffff", "area_m2": 109669.9, "lat": 38.000872, "lon": -121.878254}, "geometry": {"type": "Polygon", "coordinates": [[[-121.87699475409292, 37.99936260589079], [-121.8759086265933, 38.00104100965526], [-121.87716743435547, 38.002550337358834], [-121.87951237032263, 38.0023812381468], [-121.8805984292426, 38.00070283346157], [-121.87933962077777, 37.99919352890886], [-121.87699475409292, 37.99936260589079]]]}}, {"type": "Feature", "properties": {"id": 366, "h3": "892830ce0bbffff", "area_m2": 109676.4, "lat": 38.001379, "lon": -121.871219}, "geometry": {"type": "Polygon", "coordinates": [[[-121.86995990345191, 37.999869570870324], [-121.86887360938316, 38.00154794147037], [-121.87013237584914, 38.00305736900583], [-121.872477437112, 38.002888402791015], [-121.87356366261467, 38.001210031259674], [-121.87230489542327, 37.99970062687419], [-121.86995990345191, 37.999869570870324]]]}}, {"type": "Feature", "properties": {"id": 367, "h3": "892830ce0c3ffff", "area_m2": 109693.8, "lat": 37.999204, "lon": -121.856976}, "geometry": {"type": "Polygon", "coordinates": [[[-121.85571702894764, 37.99769428753249], [-121.85463043124852, 37.99937262303875], [-121.85588907513745, 38.000882303742536], [-121.85823431749978, 38.00071362578954], [-121.85932084666456, 37.999035289330386], [-121.85806220200402, 37.99752563177683], [-121.85571702894764, 37.99769428753249]]]}}, {"type": "Feature", "properties": {"id": 368, "h3": "892830ce0c7ffff", "area_m2": 109688.4, "lat": 38.000545, "lon": -121.86058}, "geometry": {"type": "Polygon", "coordinates": [[[-121.85932084666456, 37.999035289330386], [-121.85823431749978, 38.00071362578954], [-121.85949300201187, 38.00222322982497], [-121.86183821645137, 38.0020544742513], [-121.86292467707275, 38.00037613684475], [-121.86166599180073, 37.99886655595899], [-121.85932084666456, 37.999035289330386]]]}}, {"type": "Feature", "properties": {"id": 369, "h3": "892830ce0cfffff", "area_m2": 109689.4, "lat": 38.002392, "lon": -121.857148}, "geometry": {"type": "Polygon", "coordinates": [[[-121.85588907513745, 38.000882303742536], [-121.85480244797999, 38.00256060792649], [-121.85606113172102, 38.00407023511016], [-121.85840644339328, 38.00390153496134], [-121.85949300201187, 38.00222322982497], [-121.85823431749978, 38.00071362578954], [-121.85588907513745, 38.000882303742536]]]}}, {"type": "Feature", "properties": {"id": 370, "h3": "892830ce0d3ffff", "area_m2": 109698.2, "lat": 37.996016, "lon": -121.856804}, "geometry": {"type": "Polygon", "coordinates": [[[-121.85554499315056, 37.99450618649646], [-121.85445842490829, 37.99618455331604], [-121.85571702894764, 37.99769428753249], [-121.85806220200402, 37.99752563177683], [-121.85914870171656, 37.99584726400383], [-121.85789009690512, 37.994337552939605], [-121.85554499315056, 37.99450618649646]]]}}, {"type": "Feature", "properties": {"id": 371, "h3": "892830ce0d7ffff", "area_m2": 109692.7, "lat": 37.997357, "lon": -121.860407}, "geometry": {"type": "Polygon", "coordinates": [[[-121.85914870171656, 37.99584726400383], [-121.85806220200402, 37.99752563177683], [-121.85932084666456, 37.999035289330386], [-121.86166599180073, 37.99886655595899], [-121.86275242297442, 37.997188187238116], [-121.86149377755346, 37.99567855283624], [-121.85914870171656, 37.99584726400383]]]}}, {"type": "Feature", "properties": {"id": 372, "h3": "892830ce0dbffff", "area_m2": 109699.2, "lat": 37.997863, "lon": -121.853372}, "geometry": {"type": "Polygon", "coordinates": [[[-121.85211322395037, 37.99635313145537], [-121.85102655772607, 37.99803146600321], [-121.85228516098215, 37.99954122337044], [-121.85463043124852, 37.99937262303875], [-121.85571702894764, 37.99769428753249], [-121.85445842490829, 37.99618455331604], [-121.85211322395037, 37.99635313145537]]]}}, {"type": "Feature", "properties": {"id": 373, "h3": "892830ce103ffff", "area_m2": 109640.5, "lat": 38.014454, "lon": -121.889584}, "geometry": {"type": "Polygon", "coordinates": [[[-121.88832487148119, 38.012945083543514], [-121.88723886150066, 38.01462339610014], [-121.88849791051936, 38.01613233304314], [-121.89084297018739, 38.01596293428605], [-121.89192891154732, 38.01428462082676], [-121.89066986186253, 38.012775707026904], [-121.88832487148119, 38.012945083543514]]]}}, {"type": "Feature", "properties": {"id": 374, "h3": "892830ce107ffff", "area_m2": 109635.0, "lat": 38.015793, "lon": -121.893188}, "geometry": {"type": "Polygon", "coordinates": [[[-121.89192891154732, 38.01428462082676], [-121.89084297018739, 38.01596293428605], [-121.89210205974406, 38.017471794511174], [-121.89444709131777, 38.017302318134135], [-121.89553296404803, 38.0156240037777], [-121.89427387383692, 38.01411516669515], [-121.89192891154732, 38.01428462082676]]]}}, {"type": "Feature", "properties": {"id": 375, "h3": "892830ce10bffff", "area_m2": 109641.5, "lat": 38.016302, "lon": -121.886153}, "geometry": {"type": "Polygon", "coordinates": [[[-121.88489377375709, 38.01479271723661], [-121.88380766574161, 38.01647099754978], [-121.88506671408311, 38.01797995763447], [-121.88741187112001, 38.01781061426399], [-121.88849791051936, 38.01613233304314], [-121.88723886150066, 38.01462339610014], [-121.88489377375709, 38.01479271723661]]]}}, {"type": "Feature", "properties": {"id": 376, "h3": "892830ce10fffff", "area_m2": 109636.1, "lat": 38.017641, "lon": -121.889757}, "geometry": {"type": "Polygon", "coordinates": [[[-121.88849791051936, 38.01613233304314], [-121.88741187112001, 38.01781061426399], [-121.88867096001113, 38.019319497630256], [-121.89101608896988, 38.01915007663422], [-121.89210205974406, 38.017471794511174], [-121.89084297018739, 38.01596293428605], [-121.88849791051936, 38.01613233304314]]]}}, {"type": "Feature", "properties": {"id": 377, "h3": "892830ce113ffff", "area_m2": 109644.8, "lat": 38.011267, "lon": -121.889411}, "geometry": {"type": "Polygon", "coordinates": [[[-121.88815184289565, 38.009757749147845], [-121.88706586233239, 38.01143609303127], [-121.88832487148119, 38.012945083543514], [-121.89066986186253, 38.012775707026904], [-121.89175577380973, 38.01109736224032], [-121.89049676399438, 38.00958839487321], [-121.88815184289565, 38.009757749147845]]]}}, {"type": "Feature", "properties": {"id": 378, "h3": "892830ce117ffff", "area_m2": 109639.4, "lat": 38.012606, "lon": -121.893015}, "geometry": {"type": "Polygon", "coordinates": [[[-121.89175577380973, 38.01109736224032], [-121.89066986186253, 38.012775707026904], [-121.89192891154732, 38.01428462082676], [-121.89427387383692, 38.01411516669515], [-121.89535971715905, 38.01243682101091], [-121.89410066681936, 38.010927930355635], [-121.89175577380973, 38.01109736224032]]]}}, {"type": "Feature", "properties": {"id": 379, "h3": "892830ce11bffff", "area_m2": 109645.9, "lat": 38.013114, "lon": -121.88598}, "geometry": {"type": "Polygon", "coordinates": [[[-121.88472084387811, 38.01160539193222], [-121.88363476528603, 38.01328370358067], [-121.88489377375709, 38.01479271723661], [-121.88723886150066, 38.01462339610014], [-121.88832487148119, 38.012945083543514], [-121.88706586233239, 38.01143609303127], [-121.88472084387811, 38.01160539193222]]]}}, {"type": "Feature", "properties": {"id": 380, "h3": "892830ce123ffff", "area_m2": 109625.2, "lat": 38.02032, "lon": -121.896965}, "geometry": {"type": "Polygon", "coordinates": [[[-121.89570622140273, 38.018811101636516], [-121.89462031926278, 38.02048938465621], [-121.89587948922411, 38.021998114570955], [-121.8982245619703, 38.021828538325714], [-121.89931039546688, 38.020150254414915], [-121.89805122486337, 38.018641547640165], [-121.89570622140273, 38.018811101636516]]]}}, {"type": "Feature", "properties": {"id": 381, "h3": "892830ce127ffff", "area_m2": 109619.8, "lat": 38.021659, "lon": -121.90057}, "geometry": {"type": "Polygon", "coordinates": [[[-121.89931039546688, 38.020150254414915], [-121.8982245619703, 38.021828538325714], [-121.8994837724522, 38.02333719150738], [-121.90182881706392, 38.023167537638535], [-121.90291458190812, 38.02148925284212], [-121.90165537079568, 38.01998062279988], [-121.89931039546688, 38.020150254414915]]]}}, {"type": "Feature", "properties": {"id": 382, "h3": "892830ce12bffff", "area_m2": 109626.3, "lat": 38.022168, "lon": -121.893534}, "geometry": {"type": "Polygon", "coordinates": [[[-121.89227521840094, 38.02065888327716], [-121.89118921821093, 38.02233713405499], [-121.8924483875189, 38.023845887108294], [-121.89479355767293, 38.02367636624493], [-121.89587948922411, 38.021998114570955], [-121.89462031926278, 38.02048938465621], [-121.89227521840094, 38.02065888327716]]]}}, {"type": "Feature", "properties": {"id": 383, "h3": "892830ce12fffff", "area_m2": 109620.8, "lat": 38.023507, "lon": -121.897139}, "geometry": {"type": "Polygon", "coordinates": [[[-121.89587948922411, 38.021998114570955], [-121.89479355767293, 38.02367636624493], [-121.89605276751313, 38.025185042564594], [-121.89839790954889, 38.025015444072], [-121.8994837724522, 38.02333719150738], [-121.8982245619703, 38.021828538325714], [-121.89587948922411, 38.021998114570955]]]}}, {"type": "Feature", "properties": {"id": 384, "h3": "892830ce133ffff", "area_m2": 109629.6, "lat": 38.017133, "lon": -121.896792}, "geometry": {"type": "Polygon", "coordinates": [[[-121.89553296404803, 38.0156240037777], [-121.89444709131777, 38.017302318134135], [-121.89570622140273, 38.018811101636516], [-121.89805122486337, 38.018641547640165], [-121.89913702895485, 38.016963232392094], [-121.89787789822714, 38.01545447203173], [-121.89553296404803, 38.0156240037777]]]}}, {"type": "Feature", "properties": {"id": 385, "h3": "892830ce137ffff", "area_m2": 109624.1, "lat": 38.018472, "lon": -121.900396}, "geometry": {"type": "Polygon", "coordinates": [[[-121.89913702895485, 38.016963232392094], [-121.89805122486337, 38.018641547640165], [-121.89931039546688, 38.020150254414915], [-121.90165537079568, 38.01998062279988], [-121.90274110623936, 38.01830230666574], [-121.90148193500477, 38.01679362303241], [-121.89913702895485, 38.016963232392094]]]}}, {"type": "Feature", "properties": {"id": 386, "h3": "892830ce13bffff", "area_m2": 109630.7, "lat": 38.018981, "lon": -121.893361}, "geometry": {"type": "Polygon", "coordinates": [[[-121.89210205974406, 38.017471794511174], [-121.89101608896988, 38.01915007663422], [-121.89227521840094, 38.02065888327716], [-121.89462031926278, 38.02048938465621], [-121.89570622140273, 38.018811101636516], [-121.89444709131777, 38.017302318134135], [-121.89210205974406, 38.017471794511174]]]}}, {"type": "Feature", "properties": {"id": 387, "h3": "892830ce143ffff", "area_m2": 109648.1, "lat": 38.016809, "lon": -121.879117}, "geometry": {"type": "Polygon", "coordinates": [[[-121.87785825972634, 38.015300414613264], [-121.87677198507181, 38.016978661751246], [-121.87803099215392, 38.01848772169032], [-121.88037627459333, 38.01831851135029], [-121.88146248064535, 38.01664026329407], [-121.88020347286319, 38.01513122649583], [-121.87785825972634, 38.015300414613264]]]}}, {"type": "Feature", "properties": {"id": 388, "h3": "892830ce147ffff", "area_m2": 109642.6, "lat": 38.018149, "lon": -121.882722}, "geometry": {"type": "Polygon", "coordinates": [[[-121.88146248064535, 38.01664026329407], [-121.88037627459333, 38.01831851135029], [-121.88163532224645, 38.01982749457524], [-121.88398057664267, 38.01965820660343], [-121.88506671408311, 38.01797995763447], [-121.88380766574161, 38.01647099754978], [-121.88146248064535, 38.01664026329407]]]}}, {"type": "Feature", "properties": {"id": 389, "h3": "892830ce14bffff", "area_m2": 109649.1, "lat": 38.018657, "lon": -121.875686}, "geometry": {"type": "Polygon", "coordinates": [[[-121.87442667460799, 38.01714779445883], [-121.87334030191981, 38.018826009321316], [-121.87459930829073, 38.0203350923998], [-121.87694468806374, 38.02016593747608], [-121.87803099215392, 38.01848772169032], [-121.87677198507181, 38.016978661751246], [-121.87442667460799, 38.01714779445883]]]}}, {"type": "Feature", "properties": {"id": 390, "h3": "892830ce14fffff", "area_m2": 109643.7, "lat": 38.019997, "lon": -121.87929}, "geometry": {"type": "Polygon", "coordinates": [[[-121.87803099215392, 38.01848772169032], [-121.87694468806374, 38.02016593747608], [-121.87820373501732, 38.02167494383988], [-121.88054908676335, 38.02150571127876], [-121.88163532224645, 38.01982749457524], [-121.88037627459333, 38.01831851135029], [-121.87803099215392, 38.01848772169032]]]}}, {"type": "Feature", "properties": {"id": 391, "h3": "892830ce153ffff", "area_m2": 109652.4, "lat": 38.013622, "lon": -121.878944}, "geometry": {"type": "Polygon", "coordinates": [[[-121.87768553773364, 38.012113022625186], [-121.8765992925132, 38.01379130110638], [-121.87785825972634, 38.015300414613264], [-121.88020347286319, 38.01513122649583], [-121.88128964948571, 38.01345294709588], [-121.880030681572, 38.01194385673183], [-121.87768553773364, 38.012113022625186]]]}}, {"type": "Feature", "properties": {"id": 392, "h3": "892830ce157ffff", "area_m2": 109647.0, "lat": 38.014962, "lon": -121.882549}, "geometry": {"type": "Polygon", "coordinates": [[[-121.88128964948571, 38.01345294709588], [-121.88020347286319, 38.01513122649583], [-121.88146248064535, 38.01664026329407], [-121.88380766574161, 38.01647099754978], [-121.88489377375709, 38.01479271723661], [-121.88363476528603, 38.01328370358067], [-121.88128964948571, 38.01345294709588]]]}}, {"type": "Feature", "properties": {"id": 393, "h3": "892830ce15bffff", "area_m2": 109653.5, "lat": 38.01547, "lon": -121.875513}, "geometry": {"type": "Polygon", "coordinates": [[[-121.87425405135451, 38.013960411596344], [-121.87316770810654, 38.015638657810534], [-121.87442667460799, 38.01714779445883], [-121.87677198507181, 38.016978661751246], [-121.87785825972634, 38.015300414613264], [-121.8765992925132, 38.01379130110638], [-121.87425405135451, 38.013960411596344]]]}}, {"type": "Feature", "properties": {"id": 394, "h3": "892830ce163ffff", "area_m2": 109632.8, "lat": 38.022676, "lon": -121.886499}, "geometry": {"type": "Polygon", "coordinates": [[[-121.8852396648571, 38.0211671131094], [-121.88415349799014, 38.022845330725154], [-121.88541262608003, 38.02435418364492], [-121.8877579217157, 38.02418479581095], [-121.8888440199574, 38.02250657728848], [-121.88758489119137, 38.02099774750641], [-121.8852396648571, 38.0211671131094]]]}}, {"type": "Feature", "properties": {"id": 395, "h3": "892830ce167ffff", "area_m2": 109627.4, "lat": 38.024015, "lon": -121.890103}, "geometry": {"type": "Polygon", "coordinates": [[[-121.8888440199574, 38.02250657728848], [-121.8877579217157, 38.02418479581095], [-121.88901709035919, 38.02569357200139], [-121.89136235791152, 38.02552410653195], [-121.8924483875189, 38.023845887108294], [-121.89118921821093, 38.02233713405499], [-121.8888440199574, 38.02250657728848]]]}}, {"type": "Feature", "properties": {"id": 396, "h3": "892830ce16bffff", "area_m2": 109633.9, "lat": 38.024524, "lon": -121.883067}, "geometry": {"type": "Polygon", "coordinates": [[[-121.88180817428992, 38.02301464092301], [-121.8807219093742, 38.024692826264896], [-121.88198103677675, 38.026201702320925], [-121.88432642978503, 38.026032369898545], [-121.88541262608003, 38.02435418364492], [-121.88415349799014, 38.022845330725154], [-121.88180817428992, 38.02301464092301]]]}}, {"type": "Feature", "properties": {"id": 397, "h3": "892830ce16fffff", "area_m2": 109628.4, "lat": 38.025863, "lon": -121.886672}, "geometry": {"type": "Polygon", "coordinates": [[[-121.88541262608003, 38.02435418364492], [-121.88432642978503, 38.026032369898545], [-121.88558559775281, 38.02754116922468], [-121.88793096269399, 38.02737175916121], [-121.88901709035919, 38.02569357200139], [-121.8877579217157, 38.02418479581095], [-121.88541262608003, 38.02435418364492]]]}}, {"type": "Feature", "properties": {"id": 398, "h3": "892830ce173ffff", "area_m2": 109637.2, "lat": 38.019489, "lon": -121.886326}, "geometry": {"type": "Polygon", "coordinates": [[[-121.88506671408311, 38.01797995763447], [-121.88398057664267, 38.01965820660343], [-121.8852396648571, 38.0211671131094], [-121.88758489119137, 38.02099774750641], [-121.88867096001113, 38.019319497630256], [-121.88741187112001, 38.01781061426399], [-121.88506671408311, 38.01797995763447]]]}}, {"type": "Feature", "properties": {"id": 399, "h3": "892830ce177ffff", "area_m2": 109631.7, "lat": 38.020828, "lon": -121.88993}, "geometry": {"type": "Polygon", "coordinates": [[[-121.88867096001113, 38.019319497630256], [-121.88758489119137, 38.02099774750641], [-121.8888440199574, 38.02250657728848], [-121.89118921821093, 38.02233713405499], [-121.89227521840094, 38.02065888327716], [-121.89101608896988, 38.01915007663422], [-121.88867096001113, 38.019319497630256]]]}}, {"type": "Feature", "properties": {"id": 400, "h3": "892830ce17bffff", "area_m2": 109638.2, "lat": 38.021336, "lon": -121.882894}, "geometry": {"type": "Polygon", "coordinates": [[[-121.88163532224645, 38.01982749457524], [-121.88054908676335, 38.02150571127876], [-121.88180817428992, 38.02301464092301], [-121.88415349799014, 38.022845330725154], [-121.8852396648571, 38.0211671131094], [-121.88398057664267, 38.01965820660343], [-121.88163532224645, 38.01982749457524]]]}}, {"type": "Feature", "properties": {"id": 401, "h3": "892830ce183ffff", "area_m2": 109648.1, "lat": 38.006232, "lon": -121.892668}, "geometry": {"type": "Polygon", "coordinates": [[[-121.89140952970843, 38.00472259042709], [-121.89032367658197, 38.006400997841375], [-121.89158264653045, 38.007910018768285], [-121.89392747026405, 38.00774060913204], [-121.89501325477454, 38.00606220081912], [-121.8937542841701, 38.00455320304079], [-121.89140952970843, 38.00472259042709]]]}}, {"type": "Feature", "properties": {"id": 402, "h3": "892830ce187ffff", "area_m2": 109642.7, "lat": 38.007571, "lon": -121.896272}, "geometry": {"type": "Polygon", "coordinates": [[[-121.89501325477454, 38.00606220081912], [-121.89392747026405, 38.00774060913204], [-121.89518648073488, 38.00924955335258], [-121.89753127636318, 38.00908006611189], [-121.89861699224863, 38.00740165690586], [-121.8973579811335, 38.00589273583335], [-121.89501325477454, 38.00606220081912]]]}}, {"type": "Feature", "properties": {"id": 403, "h3": "892830ce18bffff", "area_m2": 109649.2, "lat": 38.008079, "lon": -121.889238}, "geometry": {"type": "Polygon", "coordinates": [[[-121.88797882476184, 38.00657032987253], [-121.8868928736143, 38.00824870507378], [-121.88815184289565, 38.009757749147845], [-121.89049676399438, 38.00958839487321], [-121.89158264653045, 38.007910018768285], [-121.89032367658197, 38.006400997841375], [-121.88797882476184, 38.00657032987253]]]}}, {"type": "Feature", "properties": {"id": 404, "h3": "892830ce18fffff", "area_m2": 109643.8, "lat": 38.009419, "lon": -121.892842}, "geometry": {"type": "Polygon", "coordinates": [[[-121.89158264653045, 38.007910018768285], [-121.89049676399438, 38.00958839487321], [-121.89175577380973, 38.01109736224032], [-121.89410066681936, 38.010927930355635], [-121.89518648073488, 38.00924955335258], [-121.89392747026405, 38.00774060913204], [-121.89158264653045, 38.007910018768285]]]}}, {"type": "Feature", "properties": {"id": 405, "h3": "892830ce193ffff", "area_m2": 109652.5, "lat": 38.003044, "lon": -121.892495}, "geometry": {"type": "Polygon", "coordinates": [[[-121.8912364233428, 38.001535077233136], [-121.89015059962439, 38.003213515947834], [-121.89140952970843, 38.00472259042709], [-121.8937542841701, 38.00455320304079], [-121.8948400392771, 38.00287476342697], [-121.89358110853657, 38.0013657120983], [-121.8912364233428, 38.001535077233136]]]}}, {"type": "Feature", "properties": {"id": 406, "h3": "892830ce197ffff", "area_m2": 109647.0, "lat": 38.004384, "lon": -121.896099}, "geometry": {"type": "Polygon", "coordinates": [[[-121.8948400392771, 38.00287476342697], [-121.8937542841701, 38.00455320304079], [-121.89501325477454, 38.00606220081912], [-121.8973579811335, 38.00589273583335], [-121.89844366762003, 38.004214295325916], [-121.89718469637077, 38.00270532069761], [-121.8948400392771, 38.00287476342697]]]}}, {"type": "Feature", "properties": {"id": 407, "h3": "892830ce19bffff", "area_m2": 109653.6, "lat": 38.004892, "lon": -121.889065}, "geometry": {"type": "Polygon", "coordinates": [[[-121.88780581707877, 38.00338282573398], [-121.88671989534541, 38.0050612322441], [-121.88797882476184, 38.00657032987253], [-121.89032367658197, 38.006400997841375], [-121.89140952970843, 38.00472259042709], [-121.89015059962439, 38.003213515947834], [-121.88780581707877, 38.00338282573398]]]}}, {"type": "Feature", "properties": {"id": 408, "h3": "892830ce1a3ffff", "area_m2": 109632.9, "lat": 38.012098, "lon": -121.900049}, "geometry": {"type": "Polygon", "coordinates": [[[-121.89879032734666, 38.01058893362114], [-121.89770458206075, 38.01226731151683], [-121.89896367291506, 38.01377612545538], [-121.90130850969015, 38.013606538352526], [-121.90239418633738, 38.01192815956978], [-121.90113509485091, 38.01041936877666], [-121.89879032734666, 38.01058893362114]]]}}, {"type": "Feature", "properties": {"id": 409, "h3": "892830ce1a7ffff", "area_m2": 109627.4, "lat": 38.013437, "lon": -121.903653}, "geometry": {"type": "Polygon", "coordinates": [[[-121.90239418633738, 38.01192815956978], [-121.90130850969015, 38.013606538352526], [-121.90256764104942, 38.01511527556947], [-121.90491244967907, 38.014945610858526], [-121.90599805767854, 38.0132672311942], [-121.90473892569882, 38.011758517122125], [-121.90239418633738, 38.01192815956978]]]}}, {"type": "Feature", "properties": {"id": 410, "h3": "892830ce1abffff", "area_m2": 109633.9, "lat": 38.013946, "lon": -121.896619}, "geometry": {"type": "Polygon", "coordinates": [[[-121.89535971715905, 38.01243682101091], [-121.89427387383692, 38.01411516669515], [-121.89553296404803, 38.0156240037777], [-121.89787789822714, 38.01545447203173], [-121.89896367291506, 38.01377612545538], [-121.89770458206075, 38.01226731151683], [-121.89535971715905, 38.01243682101091]]]}}, {"type": "Feature", "properties": {"id": 411, "h3": "892830ce1afffff", "area_m2": 109628.5, "lat": 38.015285, "lon": -121.900223}, "geometry": {"type": "Polygon", "coordinates": [[[-121.89896367291506, 38.01377612545538], [-121.89787789822714, 38.01545447203173], [-121.89913702895485, 38.016963232392094], [-121.90148193500477, 38.01679362303241], [-121.90256764104942, 38.01511527556947], [-121.90130850969015, 38.013606538352526], [-121.89896367291506, 38.01377612545538]]]}}, {"type": "Feature", "properties": {"id": 412, "h3": "892830ce1b3ffff", "area_m2": 109637.2, "lat": 38.008911, "lon": -121.899876}, "geometry": {"type": "Polygon", "coordinates": [[[-121.89861699224863, 38.00740165690586], [-121.89753127636318, 38.00908006611189], [-121.89879032734666, 38.01058893362114], [-121.90113509485091, 38.01041936877666], [-121.90222074210226, 38.008740958683035], [-121.90096169048611, 38.007232114321226], [-121.89861699224863, 38.00740165690586]]]}}, {"type": "Feature", "properties": {"id": 413, "h3": "892830ce1b7ffff", "area_m2": 109631.8, "lat": 38.01025, "lon": -121.90348}, "geometry": {"type": "Polygon", "coordinates": [[[-121.90222074210226, 38.008740958683035], [-121.90113509485091, 38.01041936877666], [-121.90239418633738, 38.01192815956978], [-121.90473892569882, 38.011758517122125], [-121.90582450430696, 38.01008010614646], [-121.90456541219956, 38.008571338500204], [-121.90222074210226, 38.008740958683035]]]}}, {"type": "Feature", "properties": {"id": 414, "h3": "892830ce1bbffff", "area_m2": 109638.3, "lat": 38.010758, "lon": -121.896446}, "geometry": {"type": "Polygon", "coordinates": [[[-121.89518648073488, 38.00924955335258], [-121.89410066681936, 38.010927930355635], [-121.89535971715905, 38.01243682101091], [-121.89770458206075, 38.01226731151683], [-121.89879032734666, 38.01058893362114], [-121.89753127636318, 38.00908006611189], [-121.89518648073488, 38.00924955335258]]]}}, {"type": "Feature", "properties": {"id": 415, "h3": "892830ce1c3ffff", "area_m2": 109655.7, "lat": 38.008587, "lon": -121.882203}, "geometry": {"type": "Polygon", "coordinates": [[[-121.88094401848693, 38.007078060014194], [-121.87985790071878, 38.00875640207471], [-121.88111682876651, 38.01026554599712], [-121.883461875275, 38.01009632471245], [-121.88454792444523, 38.008417981737715], [-121.88328899570757, 38.00690886096158], [-121.88094401848693, 38.007078060014194]]]}}, {"type": "Feature", "properties": {"id": 416, "h3": "892830ce1c7ffff", "area_m2": 109650.3, "lat": 38.009927, "lon": -121.885807}, "geometry": {"type": "Polygon", "coordinates": [[[-121.88454792444523, 38.008417981737715], [-121.883461875275, 38.01009632471245], [-121.88472084387811, 38.01160539193222], [-121.88706586233239, 38.01143609303127], [-121.88815184289565, 38.009757749147845], [-121.8868928736143, 38.00824870507378], [-121.88454792444523, 38.008417981737715]]]}}, {"type": "Feature", "properties": {"id": 417, "h3": "892830ce1cbffff", "area_m2": 109656.8, "lat": 38.010435, "lon": -121.878772}, "geometry": {"type": "Polygon", "coordinates": [[[-121.87751282617492, 38.008925545742464], [-121.87642661038699, 38.010603855557925], [-121.87768553773364, 38.012113022625186], [-121.880030681572, 38.01194385673183], [-121.88111682876651, 38.01026554599712], [-121.87985790071878, 38.00875640207471], [-121.87751282617492, 38.008925545742464]]]}}, {"type": "Feature", "properties": {"id": 418, "h3": "892830ce1cfffff", "area_m2": 109651.4, "lat": 38.011775, "lon": -121.882376}, "geometry": {"type": "Polygon", "coordinates": [[[-121.88111682876651, 38.01026554599712], [-121.880030681572, 38.01194385673183], [-121.88128964948571, 38.01345294709588], [-121.88363476528603, 38.01328370358067], [-121.88472084387811, 38.01160539193222], [-121.883461875275, 38.01009632471245], [-121.88111682876651, 38.01026554599712]]]}}, {"type": "Feature", "properties": {"id": 419, "h3": "892830ce1d3ffff", "area_m2": 109660.1, "lat": 38.0054, "lon": -121.88203}, "geometry": {"type": "Polygon", "coordinates": [[[-121.88077121864593, 38.00389048916355], [-121.87968513030265, 38.00556886254088], [-121.88094401848693, 38.007078060014194], [-121.88328899570757, 38.00690886096158], [-121.88437501545755, 38.00523048666951], [-121.88311612658282, 38.00372131234449], [-121.88077121864593, 38.00389048916355]]]}}, {"type": "Feature", "properties": {"id": 420, "h3": "892830ce1d7ffff", "area_m2": 109654.6, "lat": 38.00674, "lon": -121.885634}, "geometry": {"type": "Polygon", "coordinates": [[[-121.88437501545755, 38.00523048666951], [-121.88328899570757, 38.00690886096158], [-121.88454792444523, 38.008417981737715], [-121.8868928736143, 38.00824870507378], [-121.88797882476184, 38.00657032987253], [-121.88671989534541, 38.0050612322441], [-121.88437501545755, 38.00523048666951]]]}}, {"type": "Feature", "properties": {"id": 421, "h3": "892830ce1dbffff", "area_m2": 109661.2, "lat": 38.007247, "lon": -121.878599}, "geometry": {"type": "Polygon", "coordinates": [[[-121.87734012504914, 38.00573798398154], [-121.87625393869223, 38.00741632512231], [-121.87751282617492, 38.008925545742464], [-121.87985790071878, 38.00875640207471], [-121.88094401848693, 38.007078060014194], [-121.87968513030265, 38.00556886254088], [-121.87734012504914, 38.00573798398154]]]}}, {"type": "Feature", "properties": {"id": 422, "h3": "892830ce203ffff", "area_m2": 109686.0, "lat": 38.018001, "lon": -121.840329}, "geometry": {"type": "Polygon", "coordinates": [[[-121.83907042503641, 38.016491745813546], [-121.83798324890908, 38.01816982566284], [-121.8392420083441, 38.01967946148328], [-121.84158794473504, 38.01951099431712], [-121.84267505233704, 38.01783291349129], [-121.84141629207615, 38.01632330080787], [-121.83907042503641, 38.016491745813546]]]}}, {"type": "Feature", "properties": {"id": 423, "h3": "892830ce207ffff", "area_m2": 109680.6, "lat": 38.019342, "lon": -121.843934}, "geometry": {"type": "Polygon", "coordinates": [[[-121.84267505233704, 38.01783291349129], [-121.84158794473504, 38.01951099431712], [-121.84284674485755, 38.02102055345003], [-121.84519265339893, 38.02085200862038], [-121.84627969246647, 38.01917392682355], [-121.84502089152978, 38.01766439082708], [-121.84267505233704, 38.01783291349129]]]}}, {"type": "Feature", "properties": {"id": 424, "h3": "892830ce20fffff", "area_m2": 109681.7, "lat": 38.021189, "lon": -121.840501}, "geometry": {"type": "Polygon", "coordinates": [[[-121.8392420083441, 38.01967946148328], [-121.83815480272312, 38.02135750994102], [-121.83941360202024, 38.022867092208934], [-121.84175960776646, 38.02269860288381], [-121.84284674485755, 38.02102055345003], [-121.84158794473504, 38.01951099431712], [-121.8392420083441, 38.01967946148328]]]}}, {"type": "Feature", "properties": {"id": 425, "h3": "892830ce213ffff", "area_m2": 109690.4, "lat": 38.014814, "lon": -121.840158}, "geometry": {"type": "Polygon", "coordinates": [[[-121.83889885209625, 38.013303945216165], [-121.83781170546102, 38.01498205644805], [-121.83907042503641, 38.016491745813546], [-121.84141629207615, 38.01632330080787], [-121.84250337019061, 38.01464518859896], [-121.84124464978883, 38.01313552237246], [-121.83889885209625, 38.013303945216165]]]}}, {"type": "Feature", "properties": {"id": 426, "h3": "892830ce217ffff", "area_m2": 109685.0, "lat": 38.016155, "lon": -121.843762}, "geometry": {"type": "Polygon", "coordinates": [[[-121.84250337019061, 38.01464518859896], [-121.84141629207615, 38.01632330080787], [-121.84267505233704, 38.01783291349129], [-121.84502089152978, 38.01766439082708], [-121.84610790111438, 38.015986277646654], [-121.84484914003879, 38.01447668810169], [-121.84250337019061, 38.01464518859896]]]}}, {"type": "Feature", "properties": {"id": 427, "h3": "892830ce223ffff", "area_m2": 109670.8, "lat": 38.023871, "lon": -121.84771}, "geometry": {"type": "Polygon", "coordinates": [[[-121.8464514941992, 38.02236149106086], [-121.8453644256471, 38.024039541465136], [-121.84662330631353, 38.02554897034216], [-121.8489692563367, 38.02538032568072], [-121.85005625634066, 38.02370227431144], [-121.84879737487226, 38.022192868568304], [-121.8464514941992, 38.02236149106086]]]}}, {"type": "Feature", "properties": {"id": 428, "h3": "892830ce227ffff", "area_m2": 109665.3, "lat": 38.025212, "lon": -121.851315}, "geometry": {"type": "Polygon", "coordinates": [[[-121.85005625634066, 38.02370227431144], [-121.8489692563367, 38.02538032568072], [-121.85022817767317, 38.026889677854946], [-121.8525740998067, 38.02672095552627], [-121.85366103125345, 38.025042903197516], [-121.85240210912663, 38.02353357415662], [-121.85005625634066, 38.02370227431144]]]}}, {"type": "Feature", "properties": {"id": 429, "h3": "892830ce22bffff", "area_m2": 109671.8, "lat": 38.025718, "lon": -121.844277}, "geometry": {"type": "Polygon", "coordinates": [[[-121.84301844775305, 38.02420810845873], [-121.84193128117131, 38.02588612649149], [-121.84319016102457, 38.02739557850096], [-121.84553620827535, 38.02722698934494], [-121.84662330631353, 38.02554897034216], [-121.8453644256471, 38.024039541465136], [-121.84301844775305, 38.02420810845873]]]}}, {"type": "Feature", "properties": {"id": 430, "h3": "892830ce22fffff", "area_m2": 109666.4, "lat": 38.027058, "lon": -121.847882}, "geometry": {"type": "Polygon", "coordinates": [[[-121.84662330631353, 38.02554897034216], [-121.84553620827535, 38.02722698934494], [-121.84679512881036, 38.02873636465107], [-121.84914114818768, 38.02856769782221], [-121.85022817767317, 38.026889677854946], [-121.8489692563367, 38.02538032568072], [-121.84662330631353, 38.02554897034216]]]}}, {"type": "Feature", "properties": {"id": 431, "h3": "892830ce233ffff", "area_m2": 109675.2, "lat": 38.020683, "lon": -121.847539}, "geometry": {"type": "Polygon", "coordinates": [[[-121.84627969246647, 38.01917392682355], [-121.84519265339893, 38.02085200862038], [-121.8464514941992, 38.02236149106086], [-121.84879737487226, 38.022192868568304], [-121.84988434539628, 38.020514785805986], [-121.84862550379349, 38.01900532650141], [-121.84627969246647, 38.01917392682355]]]}}, {"type": "Feature", "properties": {"id": 432, "h3": "892830ce237ffff", "area_m2": 109669.7, "lat": 38.022024, "lon": -121.851143}, "geometry": {"type": "Polygon", "coordinates": [[[-121.84988434539628, 38.020514785805986], [-121.84879737487226, 38.022192868568304], [-121.85005625634066, 38.02370227431144], [-121.85240210912663, 38.02353357415662], [-121.853489011098, 38.021855490434355], [-121.85223012883877, 38.02034610782655], [-121.84988434539628, 38.020514785805986]]]}}, {"type": "Feature", "properties": {"id": 433, "h3": "892830ce23bffff", "area_m2": 109676.2, "lat": 38.02253, "lon": -121.844106}, "geometry": {"type": "Polygon", "coordinates": [[[-121.84284674485755, 38.02102055345003], [-121.84175960776646, 38.02269860288381], [-121.84301844775305, 38.02420810845873], [-121.8453644256471, 38.024039541465136], [-121.8464514941992, 38.02236149106086], [-121.84519265339893, 38.02085200862038], [-121.84284674485755, 38.02102055345003]]]}}, {"type": "Feature", "properties": {"id": 434, "h3": "892830ce263ffff", "area_m2": 109678.3, "lat": 38.026223, "lon": -121.837239}, "geometry": {"type": "Polygon", "coordinates": [[[-121.83598026396267, 38.02471354307468], [-121.83489293081979, 38.02639152774185], [-121.8361517691455, 38.027901079581355], [-121.83849794145286, 38.02773262362183], [-121.83958520606583, 38.02605463797408], [-121.83832636690408, 38.024545109266136], [-121.83598026396267, 38.02471354307468]]]}}, {"type": "Feature", "properties": {"id": 435, "h3": "892830ce267ffff", "area_m2": 109672.9, "lat": 38.027564, "lon": -121.840844}, "geometry": {"type": "Polygon", "coordinates": [[[-121.83958520606583, 38.02605463797408], [-121.83849794145286, 38.02773262362183], [-121.83975682048171, 38.02924209876231], [-121.84210296495061, 38.02907356512375], [-121.84319016102457, 38.02739557850096], [-121.84193128117131, 38.02588612649149], [-121.83958520606583, 38.02605463797408]]]}}, {"type": "Feature", "properties": {"id": 436, "h3": "892830ce26fffff", "area_m2": 109674.0, "lat": 38.029411, "lon": -121.837411}, "geometry": {"type": "Polygon", "coordinates": [[[-121.8361517691455, 38.027901079581355], [-121.83506440649973, 38.029579032830576], [-121.8363232846931, 38.03108853110063], [-121.83866952637044, 38.030920052991604], [-121.83975682048171, 38.02924209876231], [-121.83849794145286, 38.02773262362183], [-121.8361517691455, 38.027901079581355]]]}}, {"type": "Feature", "properties": {"id": 437, "h3": "892830ce273ffff", "area_m2": 109682.7, "lat": 38.023036, "lon": -121.837068}, "geometry": {"type": "Polygon", "coordinates": [[[-121.83580876914361, 38.02152592159705], [-121.83472146550206, 38.02320393767321], [-121.83598026396267, 38.02471354307468], [-121.83832636690408, 38.024545109266136], [-121.83941360202024, 38.022867092208934], [-121.83815480272312, 38.02135750994102], [-121.83580876914361, 38.02152592159705]]]}}, {"type": "Feature", "properties": {"id": 438, "h3": "892830ce277ffff", "area_m2": 109677.3, "lat": 38.024377, "lon": -121.840672}, "geometry": {"type": "Polygon", "coordinates": [[[-121.83941360202024, 38.022867092208934], [-121.83832636690408, 38.024545109266136], [-121.83958520606583, 38.02605463797408], [-121.84193128117131, 38.02588612649149], [-121.84301844775305, 38.02420810845873], [-121.84175960776646, 38.02269860288381], [-121.83941360202024, 38.022867092208934]]]}}, {"type": "Feature", "properties": {"id": 439, "h3": "892830ce283ffff", "area_m2": 109693.7, "lat": 38.009779, "lon": -121.843419}, "geometry": {"type": "Polygon", "coordinates": [[[-121.84216003701628, 38.00826948407914], [-121.84107301787219, 38.009947659027326], [-121.84233169841733, 38.011457378789416], [-121.84467739892501, 38.01128890046059], [-121.84576434954835, 38.00961072453991], [-121.8445056681875, 38.00810102792026], [-121.84216003701628, 38.00826948407914]]]}}, {"type": "Feature", "properties": {"id": 440, "h3": "892830ce287ffff", "area_m2": 109688.3, "lat": 38.01112, "lon": -121.847023}, "geometry": {"type": "Polygon", "coordinates": [[[-121.84576434954835, 38.00961072453991], [-121.84467739892501, 38.01128890046059], [-121.84593612014199, 38.012798543546644], [-121.84828179278905, 38.012629987569824], [-121.84936867488253, 38.01095181068217], [-121.84810995286152, 38.00944219073803], [-121.84576434954835, 38.00961072453991]]]}}, {"type": "Feature", "properties": {"id": 441, "h3": "892830ce28fffff", "area_m2": 109689.3, "lat": 38.012967, "lon": -121.84359}, "geometry": {"type": "Polygon", "coordinates": [[[-121.84233169841733, 38.011457378789416], [-121.84124464978883, 38.01313552237246], [-121.84250337019061, 38.01464518859896], [-121.84484914003879, 38.01447668810169], [-121.84593612014199, 38.012798543546644], [-121.84467739892501, 38.01128890046059], [-121.84233169841733, 38.011457378789416]]]}}, {"type": "Feature", "properties": {"id": 442, "h3": "892830ce293ffff", "area_m2": 109698.1, "lat": 38.006591, "lon": -121.843247}, "geometry": {"type": "Polygon", "coordinates": [[[-121.84198838598653, 38.005081504484515], [-121.84090139632528, 38.0067597107889], [-121.84216003701628, 38.00826948407914], [-121.8445056681875, 38.00810102792026], [-121.84559258933254, 38.006422820642875], [-121.8443339478253, 38.00491307049709], [-121.84198838598653, 38.005081504484515]]]}}, {"type": "Feature", "properties": {"id": 443, "h3": "892830ce297ffff", "area_m2": 109692.6, "lat": 38.007933, "lon": -121.846851}, "geometry": {"type": "Polygon", "coordinates": [[[-121.84559258933254, 38.006422820642875], [-121.8445056681875, 38.00810102792026], [-121.84576434954835, 38.00961072453991], [-121.84810995286152, 38.00944219073803], [-121.8491968054813, 38.007763982493145], [-121.8479381233159, 38.0062543090174], [-121.84559258933254, 38.006422820642875]]]}}, {"type": "Feature", "properties": {"id": 444, "h3": "892830ce29bffff", "area_m2": 109699.1, "lat": 38.008438, "lon": -121.839814}, "geometry": {"type": "Polygon", "coordinates": [[[-121.83855573731483, 38.00692808930414], [-121.83746864965907, 38.0086062632743], [-121.83872728952272, 38.01011605970755], [-121.84107301787219, 38.009947659027326], [-121.84216003701628, 38.00826948407914], [-121.84090139632528, 38.0067597107889], [-121.83855573731483, 38.00692808930414]]]}}, {"type": "Feature", "properties": {"id": 445, "h3": "892830ce2a3ffff", "area_m2": 109678.5, "lat": 38.015649, "lon": -121.850799}, "geometry": {"type": "Polygon", "coordinates": [[[-121.84954055466817, 38.01413955397493], [-121.84845364309939, 38.01581769949644], [-121.8497124448391, 38.01732721235501], [-121.85205815894216, 38.017158556552445], [-121.8531450019674, 38.01548041006998], [-121.85188619943585, 38.01397092035074], [-121.84954055466817, 38.01413955397493]]]}}, {"type": "Feature", "properties": {"id": 446, "h3": "892830ce2a7ffff", "area_m2": 109673.0, "lat": 38.01699, "lon": -121.854404}, "geometry": {"type": "Polygon", "coordinates": [[[-121.8531450019674, 38.01548041006998], [-121.85205815894216, 38.017158556552445], [-121.85331700133631, 38.018667992719685], [-121.85566268753863, 38.01849925926541], [-121.8567494620113, 38.016821111827504], [-121.85549061883694, 38.01531169879903], [-121.8531450019674, 38.01548041006998]]]}}, {"type": "Feature", "properties": {"id": 447, "h3": "892830ce2abffff", "area_m2": 109679.5, "lat": 38.017496, "lon": -121.847367}, "geometry": {"type": "Polygon", "coordinates": [[[-121.84610790111438, 38.015986277646654], [-121.84502089152978, 38.01766439082708], [-121.84627969246647, 38.01917392682355], [-121.84862550379349, 38.01900532650141], [-121.8497124448391, 38.01732721235501], [-121.84845364309939, 38.01581769949644], [-121.84610790111438, 38.015986277646654]]]}}, {"type": "Feature", "properties": {"id": 448, "h3": "892830ce2afffff", "area_m2": 109674.1, "lat": 38.018837, "lon": -121.850971}, "geometry": {"type": "Polygon", "coordinates": [[[-121.8497124448391, 38.01732721235501], [-121.84862550379349, 38.01900532650141], [-121.84988434539628, 38.020514785805986], [-121.85223012883877, 38.02034610782655], [-121.85331700133631, 38.018667992719685], [-121.85205815894216, 38.017158556552445], [-121.8497124448391, 38.01732721235501]]]}}, {"type": "Feature", "properties": {"id": 449, "h3": "892830ce2b3ffff", "area_m2": 109682.8, "lat": 38.012461, "lon": -121.850627}, "geometry": {"type": "Polygon", "coordinates": [[[-121.84936867488253, 38.01095181068217], [-121.84828179278905, 38.012629987569824], [-121.84954055466817, 38.01413955397493], [-121.85188619943585, 38.01397092035074], [-121.85297301299038, 38.01229274250163], [-121.8517142503189, 38.010783199237856], [-121.84936867488253, 38.01095181068217]]]}}, {"type": "Feature", "properties": {"id": 450, "h3": "892830ce2b7ffff", "area_m2": 109677.4, "lat": 38.013802, "lon": -121.854232}, "geometry": {"type": "Polygon", "coordinates": [[[-121.85297301299038, 38.01229274250163], [-121.85188619943585, 38.01397092035074], [-121.8531450019674, 38.01548041006998], [-121.85549061883694, 38.01531169879903], [-121.85657736384346, 38.01363351999399], [-121.85531856053117, 38.01212405341553], [-121.85297301299038, 38.01229274250163]]]}}, {"type": "Feature", "properties": {"id": 451, "h3": "892830ce2bbffff", "area_m2": 109683.9, "lat": 38.014308, "lon": -121.847195}, "geometry": {"type": "Polygon", "coordinates": [[[-121.84593612014199, 38.012798543546644], [-121.84484914003879, 38.01447668810169], [-121.84610790111438, 38.015986277646654], [-121.84845364309939, 38.01581769949644], [-121.84954055466817, 38.01413955397493], [-121.84828179278905, 38.012629987569824], [-121.84593612014199, 38.012798543546644]]]}}, {"type": "Feature", "properties": {"id": 452, "h3": "892830ce303ffff", "area_m2": 109648.0, "lat": 38.027386, "lon": -121.865562}, "geometry": {"type": "Polygon", "coordinates": [[[-121.86430308454993, 38.02587667815215], [-121.86321638829102, 38.02755476472118], [-121.86447543233497, 38.02906386362596], [-121.86682117338471, 38.02889485282832], [-121.86790780105457, 38.02721676532142], [-121.86664875626644, 38.025707689549726], [-121.86430308454993, 38.02587667815215]]]}}, {"type": "Feature", "properties": {"id": 453, "h3": "892830ce307ffff", "area_m2": 109642.5, "lat": 38.028726, "lon": -121.869167}, "geometry": {"type": "Polygon", "coordinates": [[[-121.86790780105457, 38.02721676532142], [-121.86682117338471, 38.02889485282832], [-121.86808025804832, 38.03040387501128], [-121.87042597111702, 38.0302347865545], [-121.87151253018877, 38.02855669811527], [-121.87025344479267, 38.02704769906484], [-121.86790780105457, 38.02721676532142]]]}}, {"type": "Feature", "properties": {"id": 454, "h3": "892830ce30bffff", "area_m2": 109649.0, "lat": 38.029233, "lon": -121.86213}, "geometry": {"type": "Polygon", "coordinates": [[[-121.8608706192791, 38.02772369785907], [-121.85978382497402, 38.029401752090166], [-121.86104286826266, 38.03091087412662], [-121.86338870661439, 38.03074191879999], [-121.86447543233497, 38.02906386362596], [-121.86321638829102, 38.02755476472118], [-121.8608706192791, 38.02772369785907]]]}}, {"type": "Feature", "properties": {"id": 455, "h3": "892830ce30fffff", "area_m2": 109643.6, "lat": 38.030573, "lon": -121.865735}, "geometry": {"type": "Polygon", "coordinates": [[[-121.86447543233497, 38.02906386362596], [-121.86338870661439, 38.03074191879999], [-121.86464779053438, 38.03225096411403], [-121.8669936009213, 38.03208193112269], [-121.86808025804832, 38.03040387501128], [-121.86682117338471, 38.02889485282832], [-121.86447543233497, 38.02906386362596]]]}}, {"type": "Feature", "properties": {"id": 456, "h3": "892830ce313ffff", "area_m2": 109652.3, "lat": 38.024199, "lon": -121.86539}, "geometry": {"type": "Polygon", "coordinates": [[[-121.86413074717824, 38.022689407708995], [-121.8630440803795, 38.02436752566409], [-121.86430308454993, 38.02587667815215], [-121.86664875626644, 38.025707689549726], [-121.86773535448079, 38.02402957065627], [-121.86647634956567, 38.02252044130329], [-121.86413074717824, 38.022689407708995]]]}}, {"type": "Feature", "properties": {"id": 457, "h3": "892830ce317ffff", "area_m2": 109646.9, "lat": 38.025539, "lon": -121.868994}, "geometry": {"type": "Polygon", "coordinates": [[[-121.86773535448079, 38.02402957065627], [-121.86664875626644, 38.025707689549726], [-121.86790780105457, 38.02721676532142], [-121.87025344479267, 38.02704769906484], [-121.87133997441346, 38.02536957923853], [-121.87008092889235, 38.02386052660136], [-121.86773535448079, 38.02402957065627]]]}}, {"type": "Feature", "properties": {"id": 458, "h3": "892830ce31bffff", "area_m2": 109653.4, "lat": 38.026046, "lon": -121.861957}, "geometry": {"type": "Polygon", "coordinates": [[[-121.8606983807033, 38.0245364366117], [-121.85961161586445, 38.026214522237346], [-121.8608706192791, 38.02772369785907], [-121.86321638829102, 38.02755476472118], [-121.86430308454993, 38.02587667815215], [-121.8630440803795, 38.02436752566409], [-121.8606983807033, 38.0245364366117]]]}}, {"type": "Feature", "properties": {"id": 459, "h3": "892830ce323ffff", "area_m2": 109632.7, "lat": 38.033253, "lon": -121.872944}, "geometry": {"type": "Polygon", "coordinates": [[[-121.8716850963906, 38.03174373201077], [-121.87059850786629, 38.03342178905401], [-121.87185767301989, 38.03493068090862], [-121.87420342742081, 38.03476149258972], [-121.8752899473334, 38.033083434620124], [-121.87403078145952, 38.03157456589549], [-121.8716850963906, 38.03174373201077]]]}}, {"type": "Feature", "properties": {"id": 460, "h3": "892830ce327ffff", "area_m2": 109627.3, "lat": 38.034592, "lon": -121.876549}, "geometry": {"type": "Polygon", "coordinates": [[[-121.8752899473334, 38.033083434620124], [-121.87420342742081, 38.03476149258972], [-121.87546263317668, 38.03627030770728], [-121.87780835955648, 38.036101041725544], [-121.8788948108482, 38.034422982835146], [-121.8776356043837, 38.032914190846995], [-121.8752899473334, 38.033083434620124]]]}}, {"type": "Feature", "properties": {"id": 461, "h3": "892830ce32bffff", "area_m2": 109633.8, "lat": 38.0351, "lon": -121.869512}, "geometry": {"type": "Polygon", "coordinates": [[[-121.86825272546295, 38.033590899709466], [-121.86716603887726, 38.035268924416386], [-121.86842520329944, 38.03677783939952], [-121.87077105504143, 38.03660870654692], [-121.87185767301989, 38.03493068090862], [-121.87059850786629, 38.03342178905401], [-121.86825272546295, 38.033590899709466]]]}}, {"type": "Feature", "properties": {"id": 462, "h3": "892830ce32fffff", "area_m2": 109628.3, "lat": 38.03644, "lon": -121.873117}, "geometry": {"type": "Polygon", "coordinates": [[[-121.87185767301989, 38.03493068090862], [-121.87077105504143, 38.03660870654692], [-121.87203026007755, 38.038117544792435], [-121.87437608381457, 38.037948334271405], [-121.87546263317668, 38.03627030770728], [-121.87420342742081, 38.03476149258972], [-121.87185767301989, 38.03493068090862]]]}}, {"type": "Feature", "properties": {"id": 463, "h3": "892830ce333ffff", "area_m2": 109637.1, "lat": 38.030066, "lon": -121.872772}, "geometry": {"type": "Polygon", "coordinates": [[[-121.87151253018877, 38.02855669811527], [-121.87042597111702, 38.0302347865545], [-121.8716850963906, 38.03174373201077], [-121.87403078145952, 38.03157456589549], [-121.87511727192407, 38.0298964765294], [-121.87385814592966, 38.02838755420512], [-121.87151253018877, 38.02855669811527]]]}}, {"type": "Feature", "properties": {"id": 464, "h3": "892830ce337ffff", "area_m2": 109631.6, "lat": 38.031405, "lon": -121.876376}, "geometry": {"type": "Polygon", "coordinates": [[[-121.87511727192407, 38.0298964765294], [-121.87403078145952, 38.03157456589549], [-121.8752899473334, 38.033083434620124], [-121.8776356043837, 38.032914190846995], [-121.87872202623203, 38.0312361005596], [-121.87746285964899, 38.02972725496636], [-121.87511727192407, 38.0298964765294]]]}}, {"type": "Feature", "properties": {"id": 465, "h3": "892830ce33bffff", "area_m2": 109638.2, "lat": 38.031913, "lon": -121.869339}, "geometry": {"type": "Polygon", "coordinates": [[[-121.86808025804832, 38.03040387501128], [-121.8669936009213, 38.03208193112269], [-121.86825272546295, 38.033590899709466], [-121.87059850786629, 38.03342178905401], [-121.8716850963906, 38.03174373201077], [-121.87042597111702, 38.0302347865545], [-121.86808025804832, 38.03040387501128]]]}}, {"type": "Feature", "properties": {"id": 466, "h3": "892830ce343ffff", "area_m2": 109655.5, "lat": 38.029739, "lon": -121.855092}, "geometry": {"type": "Polygon", "coordinates": [[[-121.85383306180358, 38.0282302309928], [-121.85274610087987, 38.02990825191905], [-121.85400510274931, 38.03141747380376], [-121.85635106632337, 38.03124865163115], [-121.85743795867623, 38.02957062975144], [-121.85617895602861, 38.02806143099752], [-121.85383306180358, 38.0282302309928]]]}}, {"type": "Feature", "properties": {"id": 467, "h3": "892830ce347ffff", "area_m2": 109650.1, "lat": 38.03108, "lon": -121.858697}, "geometry": {"type": "Polygon", "coordinates": [[[-121.85743795867623, 38.02957062975144], [-121.85635106632337, 38.03124865163115], [-121.85761010884555, 38.032757796797796], [-121.85995604448976, 38.03258889695425], [-121.86104286826266, 38.03091087412662], [-121.85978382497402, 38.029401752090166], [-121.85743795867623, 38.02957062975144]]]}}, {"type": "Feature", "properties": {"id": 468, "h3": "892830ce34bffff", "area_m2": 109656.6, "lat": 38.031586, "lon": -121.851659}, "geometry": {"type": "Polygon", "coordinates": [[[-121.85040010939478, 38.030076996420085], [-121.8493130504262, 38.0317549849764], [-121.85057205150636, 38.03326422999045], [-121.8529181123471, 38.03309546331855], [-121.85400510274931, 38.03141747380376], [-121.85274610087987, 38.02990825191905], [-121.85040010939478, 38.030076996420085]]]}}, {"type": "Feature", "properties": {"id": 469, "h3": "892830ce34fffff", "area_m2": 109651.2, "lat": 38.032927, "lon": -121.855264}, "geometry": {"type": "Polygon", "coordinates": [[[-121.85400510274931, 38.03141747380376], [-121.8529181123471, 38.03309546331855], [-121.85417715409162, 38.03460463161399], [-121.85652318701875, 38.03443578726555], [-121.85761010884555, 38.032757796797796], [-121.85635106632337, 38.03124865163115], [-121.85400510274931, 38.03141747380376]]]}}, {"type": "Feature", "properties": {"id": 470, "h3": "892830ce353ffff", "area_m2": 109659.9, "lat": 38.026552, "lon": -121.85492}, "geometry": {"type": "Polygon", "coordinates": [[[-121.85366103125345, 38.025042903197516], [-121.8525740998067, 38.02672095552627], [-121.85383306180358, 38.0282302309928], [-121.85617895602861, 38.02806143099752], [-121.85726581890907, 38.026383377714815], [-121.85600685613353, 38.02487412538107], [-121.85366103125345, 38.025042903197516]]]}}, {"type": "Feature", "properties": {"id": 471, "h3": "892830ce357ffff", "area_m2": 109654.5, "lat": 38.027893, "lon": -121.858525}, "geometry": {"type": "Polygon", "coordinates": [[[-121.85726581890907, 38.026383377714815], [-121.85617895602861, 38.02806143099752], [-121.85743795867623, 38.02957062975144], [-121.85978382497402, 38.029401752090166], [-121.8608706192791, 38.02772369785907], [-121.85961161586445, 38.026214522237346], [-121.85726581890907, 38.026383377714815]]]}}, {"type": "Feature", "properties": {"id": 472, "h3": "892830ce35bffff", "area_m2": 109661.0, "lat": 38.028399, "lon": -121.851487}, "geometry": {"type": "Polygon", "coordinates": [[[-121.85022817767317, 38.026889677854946], [-121.84914114818768, 38.02856769782221], [-121.85040010939478, 38.030076996420085], [-121.85274610087987, 38.02990825191905], [-121.85383306180358, 38.0282302309928], [-121.8525740998067, 38.02672095552627], [-121.85022817767317, 38.026889677854946]]]}}, {"type": "Feature", "properties": {"id": 473, "h3": "892830ce363ffff", "area_m2": 109640.3, "lat": 38.035607, "lon": -121.862474}, "geometry": {"type": "Polygon", "coordinates": [[[-121.86121512765494, 38.03409796539797], [-121.86012827441269, 38.035775956813154], [-121.86138739745694, 38.03728497165667], [-121.86373337450043, 38.037115971957064], [-121.86482015914908, 38.03543797959995], [-121.86356103535056, 38.03392898788408], [-121.86121512765494, 38.03409796539797]]]}}, {"type": "Feature", "properties": {"id": 474, "h3": "892830ce367ffff", "area_m2": 109634.8, "lat": 38.036947, "lon": -121.866079}, "geometry": {"type": "Polygon", "coordinates": [[[-121.86482015914908, 38.03543797959995], [-121.86373337450043, 38.037115971957064], [-121.86499253818, 38.0386249100673], [-121.8673384872535, 38.03845583269304], [-121.86842520329944, 38.03677783939952], [-121.86716603887726, 38.035268924416386], [-121.86482015914908, 38.03543797959995]]]}}, {"type": "Feature", "properties": {"id": 475, "h3": "892830ce36bffff", "area_m2": 109641.4, "lat": 38.037454, "lon": -121.859041}, "geometry": {"type": "Polygon", "coordinates": [[[-121.85778226941798, 38.0359448788375], [-121.85669531811568, 38.03762283788434], [-121.8579544403945, 38.03913187585408], [-121.86030051474374, 38.03896293165047], [-121.86138739745694, 38.03728497165667], [-121.86012827441269, 38.035775956813154], [-121.85778226941798, 38.0359448788375]]]}}, {"type": "Feature", "properties": {"id": 476, "h3": "892830ce36fffff", "area_m2": 109635.9, "lat": 38.038794, "lon": -121.862647}, "geometry": {"type": "Polygon", "coordinates": [[[-121.86138739745694, 38.03728497165667], [-121.86030051474374, 38.03896293165047], [-121.86155967766952, 38.04047189288637], [-121.86390572406498, 38.040302871002524], [-121.86499253818, 38.0386249100673], [-121.86373337450043, 38.037115971957064], [-121.86138739745694, 38.03728497165667]]]}}, {"type": "Feature", "properties": {"id": 477, "h3": "892830ce373ffff", "area_m2": 109644.7, "lat": 38.03242, "lon": -121.862302}, "geometry": {"type": "Polygon", "coordinates": [[[-121.86104286826266, 38.03091087412662], [-121.85995604448976, 38.03258889695425], [-121.86121512765494, 38.03409796539797], [-121.86356103535056, 38.03392898788408], [-121.86464779053438, 38.03225096411403], [-121.86338870661439, 38.03074191879999], [-121.86104286826266, 38.03091087412662]]]}}, {"type": "Feature", "properties": {"id": 478, "h3": "892830ce377ffff", "area_m2": 109639.2, "lat": 38.03376, "lon": -121.865907}, "geometry": {"type": "Polygon", "coordinates": [[[-121.86464779053438, 38.03225096411403], [-121.86356103535056, 38.03392898788408], [-121.86482015914908, 38.03543797959995], [-121.86716603887726, 38.035268924416386], [-121.86825272546295, 38.033590899709466], [-121.8669936009213, 38.03208193112269], [-121.86464779053438, 38.03225096411403]]]}}, {"type": "Feature", "properties": {"id": 479, "h3": "892830ce37bffff", "area_m2": 109645.7, "lat": 38.034267, "lon": -121.858869}, "geometry": {"type": "Polygon", "coordinates": [[[-121.85761010884555, 38.032757796797796], [-121.85652318701875, 38.03443578726555], [-121.85778226941798, 38.0359448788375], [-121.86012827441269, 38.035775956813154], [-121.86121512765494, 38.03409796539797], [-121.85995604448976, 38.03258889695425], [-121.85761010884555, 38.032757796797796]]]}}, {"type": "Feature", "properties": {"id": 480, "h3": "892830ce383ffff", "area_m2": 109655.6, "lat": 38.019164, "lon": -121.868649}, "geometry": {"type": "Polygon", "coordinates": [[[-121.86739049258925, 38.01765492646576], [-121.86630395328142, 38.01933310810545], [-121.86756291832599, 38.02084229103223], [-121.8699084234151, 38.02067326918053], [-121.87099489413853, 38.01899508660699], [-121.86973592835997, 38.01748592681874], [-121.86739049258925, 38.01765492646576]]]}}, {"type": "Feature", "properties": {"id": 481, "h3": "892830ce387ffff", "area_m2": 109650.2, "lat": 38.020504, "lon": -121.872254}, "geometry": {"type": "Polygon", "coordinates": [[[-121.87099489413853, 38.01899508660699], [-121.8699084234151, 38.02067326918053], [-121.8711674290637, 38.02218237539695], [-121.87351290616076, 38.02201327590162], [-121.87459930829073, 38.0203350923998], [-121.87334030191981, 38.018826009321316], [-121.87099489413853, 38.01899508660699]]]}}, {"type": "Feature", "properties": {"id": 482, "h3": "892830ce38bffff", "area_m2": 109656.7, "lat": 38.021011, "lon": -121.865217}, "geometry": {"type": "Polygon", "coordinates": [[[-121.86395842021903, 38.0195020523129], [-121.86287178287886, 38.0211802016451], [-121.86413074717824, 38.022689407708995], [-121.86647634956567, 38.02252044130329], [-121.86756291832599, 38.02084229103223], [-121.86630395328142, 38.01933310810545], [-121.86395842021903, 38.0195020523129]]]}}, {"type": "Feature", "properties": {"id": 483, "h3": "892830ce38fffff", "area_m2": 109651.3, "lat": 38.022351, "lon": -121.868822}, "geometry": {"type": "Polygon", "coordinates": [[[-121.86756291832599, 38.02084229103223], [-121.86647634956567, 38.02252044130329], [-121.86773535448079, 38.02402957065627], [-121.87008092889235, 38.02386052660136], [-121.8711674290637, 38.02218237539695], [-121.8699084234151, 38.02067326918053], [-121.86756291832599, 38.02084229103223]]]}}, {"type": "Feature", "properties": {"id": 484, "h3": "892830ce393ffff", "area_m2": 109660.0, "lat": 38.015977, "lon": -121.868477}, "geometry": {"type": "Polygon", "coordinates": [[[-121.86721807726965, 38.01446747697324], [-121.86613156741274, 38.016145689972596], [-121.86739049258925, 38.01765492646576], [-121.86973592835997, 38.01748592681874], [-121.87082236963707, 38.015807712885056], [-121.86956344372601, 38.014298499532444], [-121.86721807726965, 38.01446747697324]]]}}, {"type": "Feature", "properties": {"id": 485, "h3": "892830ce397ffff", "area_m2": 109654.6, "lat": 38.017317, "lon": -121.872081}, "geometry": {"type": "Polygon", "coordinates": [[[-121.87082236963707, 38.015807712885056], [-121.86973592835997, 38.01748592681874], [-121.87099489413853, 38.01899508660699], [-121.87334030191981, 38.018826009321316], [-121.87442667460799, 38.01714779445883], [-121.87316770810654, 38.015638657810534], [-121.87082236963707, 38.015807712885056]]]}}, {"type": "Feature", "properties": {"id": 486, "h3": "892830ce39bffff", "area_m2": 109661.1, "lat": 38.017824, "lon": -121.865045}, "geometry": {"type": "Polygon", "coordinates": [[[-121.86378610367136, 38.01631461198033], [-121.86269949578818, 38.017992792680666], [-121.86395842021903, 38.0195020523129], [-121.86630395328142, 38.01933310810545], [-121.86739049258925, 38.01765492646576], [-121.86613156741274, 38.016145689972596], [-121.86378610367136, 38.01631461198033]]]}}, {"type": "Feature", "properties": {"id": 487, "h3": "892830ce3a3ffff", "area_m2": 109640.4, "lat": 38.025031, "lon": -121.876031}, "geometry": {"type": "Polygon", "coordinates": [[[-121.87477195240368, 38.02352230540282], [-121.8736855208304, 38.025200457535036], [-121.87494460694785, 38.026709433451494], [-121.87729012535138, 38.026540234100075], [-121.87837648831753, 38.02486208104556], [-121.87711740148997, 38.023353128264496], [-121.87477195240368, 38.02352230540282]]]}}, {"type": "Feature", "properties": {"id": 488, "h3": "892830ce3a7ffff", "area_m2": 109634.9, "lat": 38.026371, "lon": -121.879636}, "geometry": {"type": "Polygon", "coordinates": [[[-121.87837648831753, 38.02486208104556], [-121.87729012535138, 38.026540234100075], [-121.87854925205544, 38.02804913329094], [-121.88089474242683, 38.027879856292195], [-121.88198103677675, 38.026201702320925], [-121.8807219093742, 38.024692826264896], [-121.87837648831753, 38.02486208104556]]]}}, {"type": "Feature", "properties": {"id": 489, "h3": "892830ce3abffff", "area_m2": 109641.5, "lat": 38.026879, "lon": -121.872599}, "geometry": {"type": "Polygon", "coordinates": [[[-121.87133997441346, 38.02536957923853], [-121.87025344479267, 38.02704769906484], [-121.87151253018877, 38.02855669811527], [-121.87385814592966, 38.02838755420512], [-121.87494460694785, 38.026709433451494], [-121.8736855208304, 38.025200457535036], [-121.87133997441346, 38.02536957923853]]]}}, {"type": "Feature", "properties": {"id": 490, "h3": "892830ce3afffff", "area_m2": 109636.0, "lat": 38.028218, "lon": -121.876204}, "geometry": {"type": "Polygon", "coordinates": [[[-121.87494460694785, 38.026709433451494], [-121.87385814592966, 38.02838755420512], [-121.87511727192407, 38.0298964765294], [-121.87746285964899, 38.02972725496636], [-121.87854925205544, 38.02804913329094], [-121.87729012535138, 38.026540234100075], [-121.87494460694785, 38.026709433451494]]]}}, {"type": "Feature", "properties": {"id": 491, "h3": "892830ce3b3ffff", "area_m2": 109644.8, "lat": 38.021844, "lon": -121.875858}, "geometry": {"type": "Polygon", "coordinates": [[[-121.87459930829073, 38.0203350923998], [-121.87351290616076, 38.02201327590162], [-121.87477195240368, 38.02352230540282], [-121.87711740148997, 38.023353128264496], [-121.87820373501732, 38.02167494383988], [-121.87694468806374, 38.02016593747608], [-121.87459930829073, 38.0203350923998]]]}}, {"type": "Feature", "properties": {"id": 492, "h3": "892830ce3b7ffff", "area_m2": 109639.3, "lat": 38.023184, "lon": -121.879463}, "geometry": {"type": "Polygon", "coordinates": [[[-121.87820373501732, 38.02167494383988], [-121.87711740148997, 38.023353128264496], [-121.87837648831753, 38.02486208104556], [-121.8807219093742, 38.024692826264896], [-121.88180817428992, 38.02301464092301], [-121.88054908676335, 38.02150571127876], [-121.87820373501732, 38.02167494383988]]]}}, {"type": "Feature", "properties": {"id": 493, "h3": "892830ce3bbffff", "area_m2": 109645.8, "lat": 38.023691, "lon": -121.872426}, "geometry": {"type": "Polygon", "coordinates": [[[-121.8711674290637, 38.02218237539695], [-121.87008092889235, 38.02386052660136], [-121.87133997441346, 38.02536957923853], [-121.8736855208304, 38.025200457535036], [-121.87477195240368, 38.02352230540282], [-121.87351290616076, 38.02201327590162], [-121.8711674290637, 38.02218237539695]]]}}, {"type": "Feature", "properties": {"id": 494, "h3": "892830ce3c3ffff", "area_m2": 109663.2, "lat": 38.021518, "lon": -121.85818}, "geometry": {"type": "Polygon", "coordinates": [[[-121.85692157057755, 38.02000861873643], [-121.85583476663716, 38.02168673479823], [-121.85709368954316, 38.02319604070434], [-121.85943941716025, 38.02302720741216], [-121.86052615253436, 38.021349090400946], [-121.85926722886036, 38.01983980763106], [-121.85692157057755, 38.02000861873643]]]}}, {"type": "Feature", "properties": {"id": 495, "h3": "892830ce3c7ffff", "area_m2": 109657.8, "lat": 38.022858, "lon": -121.861785}, "geometry": {"type": "Polygon", "coordinates": [[[-121.86052615253436, 38.021349090400946], [-121.85943941716025, 38.02302720741216], [-121.8606983807033, 38.0245364366117], [-121.8630440803795, 38.02436752566409], [-121.86413074717824, 38.022689407708995], [-121.86287178287886, 38.0211802016451], [-121.86052615253436, 38.021349090400946]]]}}, {"type": "Feature", "properties": {"id": 496, "h3": "892830ce3cbffff", "area_m2": 109664.3, "lat": 38.023365, "lon": -121.854748}, "geometry": {"type": "Polygon", "coordinates": [[[-121.853489011098, 38.021855490434355], [-121.85240210912663, 38.02353357415662], [-121.85366103125345, 38.025042903197516], [-121.85600685613353, 38.02487412538107], [-121.85709368954316, 38.02319604070434], [-121.85583476663716, 38.02168673479823], [-121.853489011098, 38.021855490434355]]]}}, {"type": "Feature", "properties": {"id": 497, "h3": "892830ce3cfffff", "area_m2": 109658.8, "lat": 38.024705, "lon": -121.858353}, "geometry": {"type": "Polygon", "coordinates": [[[-121.85709368954316, 38.02319604070434], [-121.85600685613353, 38.02487412538107], [-121.85726581890907, 38.026383377714815], [-121.85961161586445, 38.026214522237346], [-121.8606983807033, 38.0245364366117], [-121.85943941716025, 38.02302720741216], [-121.85709368954316, 38.02319604070434]]]}}, {"type": "Feature", "properties": {"id": 498, "h3": "892830ce3d3ffff", "area_m2": 109667.6, "lat": 38.01833, "lon": -121.858008}, "geometry": {"type": "Polygon", "coordinates": [[[-121.8567494620113, 38.016821111827504], [-121.85566268753863, 38.01849925926541], [-121.85692157057755, 38.02000861873643], [-121.85926722886036, 38.01983980763106], [-121.86035393477133, 38.01816165924325], [-121.85909505096387, 38.01665232291043], [-121.8567494620113, 38.016821111827504]]]}}, {"type": "Feature", "properties": {"id": 499, "h3": "892830ce3d7ffff", "area_m2": 109662.1, "lat": 38.019671, "lon": -121.861613}, "geometry": {"type": "Polygon", "coordinates": [[[-121.86035393477133, 38.01816165924325], [-121.85926722886036, 38.01983980763106], [-121.86052615253436, 38.021349090400946], [-121.86287178287886, 38.0211802016451], [-121.86395842021903, 38.0195020523129], [-121.86269949578818, 38.017992792680666], [-121.86035393477133, 38.01816165924325]]]}}, {"type": "Feature", "properties": {"id": 500, "h3": "892830ce3dbffff", "area_m2": 109668.7, "lat": 38.020177, "lon": -121.854576}, "geometry": {"type": "Polygon", "coordinates": [[[-121.85331700133631, 38.018667992719685], [-121.85223012883877, 38.02034610782655], [-121.853489011098, 38.021855490434355], [-121.85583476663716, 38.02168673479823], [-121.85692157057755, 38.02000861873643], [-121.85566268753863, 38.01849925926541], [-121.85331700133631, 38.018667992719685]]]}}, {"type": "Feature", "properties": {"id": 501, "h3": "892830ce407ffff", "area_m2": 109703.7, "lat": 37.984098, "lon": -121.866753}, "geometry": {"type": "Polygon", "coordinates": [[[-121.86549449680882, 37.98258831473063], [-121.86440828137533, 37.984266840833435], [-121.86566680800887, 37.98577661257976], [-121.86801155081822, 37.98560783506241], [-121.86909769771754, 37.98392930802027], [-121.86783917034433, 37.98241955943453], [-121.86549449680882, 37.98258831473063]]]}}, {"type": "Feature", "properties": {"id": 502, "h3": "892830ce40bffff", "area_m2": 109710.2, "lat": 37.984604, "lon": -121.859719}, "geometry": {"type": "Polygon", "coordinates": [[[-121.85846022589912, 37.98309431470683], [-121.85737384398003, 37.984772807645435], [-121.85863232925918, 37.986282679196805], [-121.86097719722261, 37.986114034649596], [-121.8620635106211, 37.98443554076111], [-121.86080502457948, 37.98292569236941], [-121.85846022589912, 37.98309431470683]]]}}, {"type": "Feature", "properties": {"id": 503, "h3": "892830ce40fffff", "area_m2": 109704.7, "lat": 37.985945, "lon": -121.863322}, "geometry": {"type": "Polygon", "coordinates": [[[-121.8620635106211, 37.98443554076111], [-121.86097719722261, 37.986114034649596], [-121.8622357231053, 37.98762382955504], [-121.86458056314002, 37.987455107412586], [-121.86566680800887, 37.98577661257976], [-121.86440828137533, 37.984266840833435], [-121.8620635106211, 37.98443554076111]]]}}, {"type": "Feature", "properties": {"id": 504, "h3": "892830ce423ffff", "area_m2": 109693.9, "lat": 37.988627, "lon": -121.870529}, "geometry": {"type": "Polygon", "coordinates": [[[-121.86927011803398, 37.98711753015848], [-121.86818394170392, 37.988796025930135], [-121.8694425487647, 37.99030566752903], [-121.8717873328858, 37.990136790197944], [-121.87287344066806, 37.98845829349298], [-121.87161483287974, 37.9869486750521], [-121.86927011803398, 37.98711753015848]]]}}, {"type": "Feature", "properties": {"id": 505, "h3": "892830ce427ffff", "area_m2": 109688.4, "lat": 37.989968, "lon": -121.874132}, "geometry": {"type": "Polygon", "coordinates": [[[-121.87287344066806, 37.98845829349298], [-121.8717873328858, 37.990136790197944], [-121.87304598052113, 37.9916463551362], [-121.87539073665724, 37.991477400211735], [-121.87647677588257, 37.989798902579], [-121.87521812753141, 37.9882893607982], [-121.87287344066806, 37.98845829349298]]]}}, {"type": "Feature", "properties": {"id": 506, "h3": "892830ce42bffff", "area_m2": 109694.9, "lat": 37.990475, "lon": -121.867098}, "geometry": {"type": "Polygon", "coordinates": [[[-121.86583912961665, 37.98896482566722], [-121.86475285531091, 37.990643289221104], [-121.8660114616331, 37.992152953976536], [-121.8683563430023, 37.991984132021244], [-121.8694425487647, 37.99030566752903], [-121.86818394170392, 37.988796025930135], [-121.86583912961665, 37.98896482566722]]]}}, {"type": "Feature", "properties": {"id": 507, "h3": "892830ce42fffff", "area_m2": 109689.5, "lat": 37.991815, "lon": -121.870701}, "geometry": {"type": "Polygon", "coordinates": [[[-121.8694425487647, 37.99030566752903], [-121.8683563430023, 37.991984132021244], [-121.86961498991064, 37.99349372011548], [-121.8719598433111, 37.993324820561206], [-121.87304598052113, 37.9916463551362], [-121.8717873328858, 37.990136790197944], [-121.8694425487647, 37.99030566752903]]]}}, {"type": "Feature", "properties": {"id": 508, "h3": "892830ce433ffff", "area_m2": 109698.2, "lat": 37.985439, "lon": -121.870356}, "geometry": {"type": "Polygon", "coordinates": [[[-121.86909769771754, 37.98392930802027], [-121.86801155081822, 37.98560783506241], [-121.86927011803398, 37.98711753015848], [-121.87161483287974, 37.9869486750521], [-121.87270091123578, 37.98527014707616], [-121.871442343292, 37.9837604751401], [-121.86909769771754, 37.98392930802027]]]}}, {"type": "Feature", "properties": {"id": 509, "h3": "892830ce43bffff", "area_m2": 109699.3, "lat": 37.987286, "lon": -121.866925}, "geometry": {"type": "Polygon", "coordinates": [[[-121.86566680800887, 37.98577661257976], [-121.86458056314002, 37.987455107412586], [-121.86583912961665, 37.98896482566722], [-121.86818394170392, 37.988796025930135], [-121.86927011803398, 37.98711753015848], [-121.86801155081822, 37.98560783506241], [-121.86566680800887, 37.98577661257976]]]}}, {"type": "Feature", "properties": {"id": 510, "h3": "892830ce463ffff", "area_m2": 109701.4, "lat": 37.990981, "lon": -121.860063}, "geometry": {"type": "Polygon", "coordinates": [[[-121.8588044430148, 37.9894709589206], [-121.85771800220212, 37.991149389294335], [-121.85897656716696, 37.99265915386174], [-121.86132157370866, 37.99249046489943], [-121.86240794599165, 37.99081203357681], [-121.86114938026536, 37.989302292165085], [-121.8588044430148, 37.9894709589206]]]}}, {"type": "Feature", "properties": {"id": 511, "h3": "892830ce467ffff", "area_m2": 109696.0, "lat": 37.992322, "lon": -121.863667}, "geometry": {"type": "Polygon", "coordinates": [[[-121.86240794599165, 37.99081203357681], [-121.86132157370866, 37.99249046489943], [-121.86258017928103, 37.99400015281], [-121.86492515788888, 37.99383138624252], [-121.8660114616331, 37.992152953976536], [-121.86475285531091, 37.990643289221104], [-121.86240794599165, 37.99081203357681]]]}}, {"type": "Feature", "properties": {"id": 512, "h3": "892830ce46bffff", "area_m2": 109702.5, "lat": 37.992828, "lon": -121.856632}, "geometry": {"type": "Polygon", "coordinates": [[[-121.85537296774534, 37.991318000650864], [-121.8542864289583, 37.992996398774814], [-121.85554499315056, 37.99450618649646], [-121.85789009690512, 37.994337552939605], [-121.85897656716696, 37.99265915386174], [-121.85771800220212, 37.991149389294335], [-121.85537296774534, 37.991318000650864]]]}}, {"type": "Feature", "properties": {"id": 513, "h3": "892830ce46fffff", "area_m2": 109697.1, "lat": 37.994169, "lon": -121.860235}, "geometry": {"type": "Polygon", "coordinates": [[[-121.85897656716696, 37.99265915386174], [-121.85789009690512, 37.994337552939605], [-121.85914870171656, 37.99584726400383], [-121.86149377755346, 37.99567855283624], [-121.86258017928103, 37.99400015281], [-121.86132157370866, 37.99249046489943], [-121.85897656716696, 37.99265915386174]]]}}, {"type": "Feature", "properties": {"id": 514, "h3": "892830ce473ffff", "area_m2": 109705.8, "lat": 37.987793, "lon": -121.859891}, "geometry": {"type": "Polygon", "coordinates": [[[-121.85863232925918, 37.986282679196805], [-121.85754591789407, 37.987961140857465], [-121.8588044430148, 37.9894709589206], [-121.86114938026536, 37.989302292165085], [-121.8622357231053, 37.98762382955504], [-121.86097719722261, 37.986114034649596], [-121.85863232925918, 37.986282679196805]]]}}, {"type": "Feature", "properties": {"id": 515, "h3": "892830ce477ffff", "area_m2": 109700.4, "lat": 37.989134, "lon": -121.863494}, "geometry": {"type": "Polygon", "coordinates": [[[-121.8622357231053, 37.98762382955504], [-121.86114938026536, 37.989302292165085], [-121.86240794599165, 37.99081203357681], [-121.86475285531091, 37.990643289221104], [-121.86583912961665, 37.98896482566722], [-121.86458056314002, 37.987455107412586], [-121.8622357231053, 37.98762382955504]]]}}, {"type": "Feature", "properties": {"id": 516, "h3": "892830ce47bffff", "area_m2": 109706.9, "lat": 37.98964, "lon": -121.856459}, "geometry": {"type": "Polygon", "coordinates": [[[-121.85520095273104, 37.98812973001213], [-121.8541144433977, 37.98980815943149], [-121.85537296774534, 37.991318000650864], [-121.85771800220212, 37.991149389294335], [-121.8588044430148, 37.9894709589206], [-121.85754591789407, 37.987961140857465], [-121.85520095273104, 37.98812973001213]]]}}, {"type": "Feature", "properties": {"id": 517, "h3": "892830ce503ffff", "area_m2": 109671.0, "lat": 37.992141, "lon": -121.888373}, "geometry": {"type": "Polygon", "coordinates": [[[-121.88711389083527, 37.99063196087631], [-121.88602808674304, 37.992310492532205], [-121.88728685672473, 37.99381980430338], [-121.88963143147099, 37.99365056126121], [-121.89071716697455, 37.991972028699166], [-121.88945839632316, 37.990462740085164], [-121.88711389083527, 37.99063196087631]]]}}, {"type": "Feature", "properties": {"id": 518, "h3": "892830ce507ffff", "area_m2": 109665.6, "lat": 37.993481, "lon": -121.891976}, "geometry": {"type": "Polygon", "coordinates": [[[-121.89071716697455, 37.991972028699166], [-121.88963143147099, 37.99365056126121], [-121.89089024197679, 37.99515979635275], [-121.89323478864692, 37.99499047572534], [-121.89432045555279, 37.993311942262636], [-121.89306164438892, 37.99180273032772], [-121.89071716697455, 37.991972028699166]]]}}, {"type": "Feature", "properties": {"id": 519, "h3": "892830ce50bffff", "area_m2": 109672.1, "lat": 37.993989, "lon": -121.884942}, "geometry": {"type": "Polygon", "coordinates": [[[-121.88368348393934, 37.99247965798847], [-121.88259758185504, 37.99415815746017], [-121.88385635115588, 37.9956674923871], [-121.88620102322453, 37.99549830468629], [-121.88728685672473, 37.99381980430338], [-121.88602808674304, 37.992310492532205], [-121.88368348393934, 37.99247965798847]]]}}, {"type": "Feature", "properties": {"id": 520, "h3": "892830ce50fffff", "area_m2": 109666.7, "lat": 37.995329, "lon": -121.888546}, "geometry": {"type": "Polygon", "coordinates": [[[-121.88728685672473, 37.99381980430338], [-121.88620102322453, 37.99549830468629], [-121.88745983306117, 37.997007562932986], [-121.88980447706983, 37.99683829764131], [-121.89089024197679, 37.99515979635275], [-121.88963143147099, 37.99365056126121], [-121.88728685672473, 37.99381980430338]]]}}, {"type": "Feature", "properties": {"id": 521, "h3": "892830ce517ffff", "area_m2": 109669.9, "lat": 37.990293, "lon": -121.891803}, "geometry": {"type": "Polygon", "coordinates": [[[-121.8905441024249, 37.98878417625859], [-121.88945839632316, 37.990462740085164], [-121.89071716697455, 37.991972028699166], [-121.89306164438892, 37.99180273032772], [-121.8941472818975, 37.99012416560001], [-121.89288851058757, 37.9886149001446], [-121.8905441024249, 37.98878417625859]]]}}, {"type": "Feature", "properties": {"id": 522, "h3": "892830ce51bffff", "area_m2": 109676.5, "lat": 37.990801, "lon": -121.884769}, "geometry": {"type": "Polygon", "coordinates": [[[-121.88351062716326, 37.98929173879832], [-121.88242475449151, 37.99097026954252], [-121.88368348393934, 37.99247965798847], [-121.88602808674304, 37.992310492532205], [-121.88711389083527, 37.99063196087631], [-121.88585516070601, 37.98912259558809], [-121.88351062716326, 37.98929173879832]]]}}, {"type": "Feature", "properties": {"id": 523, "h3": "892830ce523ffff", "area_m2": 109655.8, "lat": 37.998009, "lon": -121.895753}, "geometry": {"type": "Polygon", "coordinates": [[[-121.89449363966719, 37.9964996341323], [-121.89340794336248, 37.998178136320995], [-121.89466683424163, 37.999687241192554], [-121.89701142207404, 37.99951782072109], [-121.89809704976742, 37.997839317637776], [-121.89683815824239, 37.99633023592025], [-121.89449363966719, 37.9964996341323]]]}}, {"type": "Feature", "properties": {"id": 524, "h3": "892830ce527ffff", "area_m2": 109650.3, "lat": 37.999348, "lon": -121.899356}, "geometry": {"type": "Polygon", "coordinates": [[[-121.89809704976742, 37.997839317637776], [-121.89701142207404, 37.99951782072109], [-121.89827035345996, 38.001026848897745], [-121.90061491317608, 38.00085735083734], [-121.90170047224905, 37.99917884686496], [-121.90044154022895, 37.997669841841756], [-121.89809704976742, 37.997839317637776]]]}}, {"type": "Feature", "properties": {"id": 525, "h3": "892830ce52bffff", "area_m2": 109656.9, "lat": 37.999857, "lon": -121.892322}, "geometry": {"type": "Polygon", "coordinates": [[[-121.89106332743256, 37.998347479202884], [-121.88997753312064, 38.00002594920899], [-121.8912364233428, 38.001535077233136], [-121.89358110853657, 38.0013657120983], [-121.89466683424163, 37.999687241192554], [-121.89340794336248, 37.998178136320995], [-121.89106332743256, 37.998347479202884]]]}}, {"type": "Feature", "properties": {"id": 526, "h3": "892830ce52fffff", "area_m2": 109651.4, "lat": 38.001196, "lon": -121.895926}, "geometry": {"type": "Polygon", "coordinates": [[[-121.89466683424163, 37.999687241192554], [-121.89358110853657, 38.0013657120983], [-121.8948400392771, 38.00287476342697], [-121.89718469637077, 38.00270532069761], [-121.89827035345996, 38.001026848897745], [-121.89701142207404, 37.99951782072109], [-121.89466683424163, 37.999687241192554]]]}}, {"type": "Feature", "properties": {"id": 527, "h3": "892830ce533ffff", "area_m2": 109660.1, "lat": 37.994821, "lon": -121.895579}, "geometry": {"type": "Polygon", "coordinates": [[[-121.89432045555279, 37.993311942262636], [-121.89323478864692, 37.99499047572534], [-121.89449363966719, 37.9964996341323], [-121.89683815824239, 37.99633023592025], [-121.89792375654147, 37.99465170156245], [-121.89666490487483, 37.993142566311505], [-121.89432045555279, 37.993311942262636]]]}}, {"type": "Feature", "properties": {"id": 528, "h3": "892830ce537ffff", "area_m2": 109654.7, "lat": 37.996161, "lon": -121.899183}, "geometry": {"type": "Polygon", "coordinates": [[[-121.89792375654147, 37.99465170156245], [-121.89683815824239, 37.99633023592025], [-121.89809704976742, 37.997839317637776], [-121.90044154022895, 37.997669841841756], [-121.90152706991223, 37.995991306594355], [-121.90026817775247, 37.994482248032305], [-121.89792375654147, 37.99465170156245]]]}}, {"type": "Feature", "properties": {"id": 529, "h3": "892830ce53bffff", "area_m2": 109661.2, "lat": 37.996669, "lon": -121.892149}, "geometry": {"type": "Polygon", "coordinates": [[[-121.89089024197679, 37.99515979635275], [-121.88980447706983, 37.99683829764131], [-121.89106332743256, 37.998347479202884], [-121.89340794336248, 37.998178136320995], [-121.89449363966719, 37.9964996341323], [-121.89323478864692, 37.99499047572534], [-121.89089024197679, 37.99515979635275]]]}}, {"type": "Feature", "properties": {"id": 530, "h3": "892830ce543ffff", "area_m2": 109678.6, "lat": 37.994496, "lon": -121.877908}, "geometry": {"type": "Polygon", "coordinates": [[[-121.8766494248574, 37.99298688848443], [-121.87556335620889, 37.99466535483673], [-121.87682208426055, 37.99617478959386], [-121.87916688166715, 37.99600573484354], [-121.88025288174512, 37.9943272675695], [-121.87899415298982, 37.992817855967246], [-121.8766494248574, 37.99298688848443]]]}}, {"type": "Feature", "properties": {"id": 531, "h3": "892830ce547ffff", "area_m2": 109673.2, "lat": 37.995837, "lon": -121.881512}, "geometry": {"type": "Polygon", "coordinates": [[[-121.88025288174512, 37.9943272675695], [-121.87916688166715, 37.99600573484354], [-121.88042565027598, 37.99751509292474], [-121.88277041965749, 37.997345960577356], [-121.88385635115588, 37.9956674923871], [-121.88259758185504, 37.99415815746017], [-121.88025288174512, 37.9943272675695]]]}}, {"type": "Feature", "properties": {"id": 532, "h3": "892830ce54bffff", "area_m2": 109679.7, "lat": 37.996344, "lon": -121.874477}, "geometry": {"type": "Polygon", "coordinates": [[[-121.87321853079598, 37.99483433198934], [-121.87213236415663, 37.99651276612544], [-121.87339109149352, 37.99802222403598], [-121.87573598618724, 37.99785322465672], [-121.87682208426055, 37.99617478959386], [-121.87556335620889, 37.99466535483673], [-121.87321853079598, 37.99483433198934]]]}}, {"type": "Feature", "properties": {"id": 533, "h3": "892830ce54fffff", "area_m2": 109674.3, "lat": 37.997684, "lon": -121.878081}, "geometry": {"type": "Polygon", "coordinates": [[[-121.87682208426055, 37.99617478959386], [-121.87573598618724, 37.99785322465672], [-121.87699475409292, 37.99936260589079], [-121.87933962077777, 37.99919352890886], [-121.88042565027598, 37.99751509292474], [-121.87916688166715, 37.99600573484354], [-121.87682208426055, 37.99617478959386]]]}}, {"type": "Feature", "properties": {"id": 534, "h3": "892830ce553ffff", "area_m2": 109683.0, "lat": 37.991308, "lon": -121.877735}, "geometry": {"type": "Polygon", "coordinates": [[[-121.87647677588257, 37.989798902579], [-121.87539073665724, 37.991477400211735], [-121.8766494248574, 37.99298688848443], [-121.87899415298982, 37.992817855967246], [-121.88008012364914, 37.991139357412266], [-121.8788214347448, 37.98962989229642], [-121.87647677588257, 37.989798902579]]]}}, {"type": "Feature", "properties": {"id": 535, "h3": "892830ce557ffff", "area_m2": 109677.5, "lat": 37.992649, "lon": -121.881339}, "geometry": {"type": "Polygon", "coordinates": [[[-121.88008012364914, 37.991139357412266], [-121.87899415298982, 37.992817855967246], [-121.88025288174512, 37.9943272675695], [-121.88259758185504, 37.99415815746017], [-121.88368348393934, 37.99247965798847], [-121.88242475449151, 37.99097026954252], [-121.88008012364914, 37.991139357412266]]]}}, {"type": "Feature", "properties": {"id": 536, "h3": "892830ce55bffff", "area_m2": 109684.1, "lat": 37.993156, "lon": -121.874305}, "geometry": {"type": "Polygon", "coordinates": [[[-121.87304598052113, 37.9916463551362], [-121.8719598433111, 37.993324820561206], [-121.87321853079598, 37.99483433198934], [-121.87556335620889, 37.99466535483673], [-121.8766494248574, 37.99298688848443], [-121.87539073665724, 37.991477400211735], [-121.87304598052113, 37.9916463551362]]]}}, {"type": "Feature", "properties": {"id": 537, "h3": "892830ce563ffff", "area_m2": 109663.4, "lat": 38.000364, "lon": -121.885288}, "geometry": {"type": "Polygon", "coordinates": [[[-121.88402922881376, 37.99885524197778], [-121.88294326789976, 38.0005336788776], [-121.88420211691404, 38.00204290674405], [-121.88654692752479, 38.00187367455868], [-121.88763281984555, 38.00019523674865], [-121.88637397015148, 37.99868603203393], [-121.88402922881376, 37.99885524197778]]]}}, {"type": "Feature", "properties": {"id": 538, "h3": "892830ce567ffff", "area_m2": 109657.9, "lat": 38.001704, "lon": -121.888892}, "geometry": {"type": "Polygon", "coordinates": [[[-121.88763281984555, 38.00019523674865], [-121.88654692752479, 38.00187367455868], [-121.88780581707877, 38.00338282573398], [-121.89015059962439, 38.003213515947834], [-121.8912364233428, 38.001535077233136], [-121.88997753312064, 38.00002594920899], [-121.88763281984555, 38.00019523674865]]]}}, {"type": "Feature", "properties": {"id": 539, "h3": "892830ce56bffff", "area_m2": 109664.5, "lat": 38.002212, "lon": -121.881857}, "geometry": {"type": "Polygon", "coordinates": [[[-121.8805984292426, 38.00070283346157], [-121.87951237032263, 38.0023812381468], [-121.88077121864593, 38.00389048916355], [-121.88311612658282, 38.00372131234449], [-121.88420211691404, 38.00204290674405], [-121.88294326789976, 38.0005336788776], [-121.8805984292426, 38.00070283346157]]]}}, {"type": "Feature", "properties": {"id": 540, "h3": "892830ce56fffff", "area_m2": 109659.0, "lat": 38.003552, "lon": -121.885461}, "geometry": {"type": "Polygon", "coordinates": [[[-121.88420211691404, 38.00204290674405], [-121.88311612658282, 38.00372131234449], [-121.88437501545755, 38.00523048666951], [-121.88671989534541, 38.0050612322441], [-121.88780581707877, 38.00338282573398], [-121.88654692752479, 38.00187367455868], [-121.88420211691404, 38.00204290674405]]]}}, {"type": "Feature", "properties": {"id": 541, "h3": "892830ce573ffff", "area_m2": 109667.7, "lat": 37.997177, "lon": -121.885115}, "geometry": {"type": "Polygon", "coordinates": [[[-121.88385635115588, 37.9956674923871], [-121.88277041965749, 37.997345960577356], [-121.88402922881376, 37.99885524197778], [-121.88637397015148, 37.99868603203393], [-121.88745983306117, 37.997007562932986], [-121.88620102322453, 37.99549830468629], [-121.88385635115588, 37.9956674923871]]]}}, {"type": "Feature", "properties": {"id": 542, "h3": "892830ce577ffff", "area_m2": 109662.3, "lat": 37.998517, "lon": -121.888719}, "geometry": {"type": "Polygon", "coordinates": [[[-121.88745983306117, 37.997007562932986], [-121.88637397015148, 37.99868603203393], [-121.88763281984555, 38.00019523674865], [-121.88997753312064, 38.00002594920899], [-121.89106332743256, 37.998347479202884], [-121.88980447706983, 37.99683829764131], [-121.88745983306117, 37.997007562932986]]]}}, {"type": "Feature", "properties": {"id": 543, "h3": "892830ce57bffff", "area_m2": 109668.8, "lat": 37.999024, "lon": -121.881684}, "geometry": {"type": "Polygon", "coordinates": [[[-121.88042565027598, 37.99751509292474], [-121.87933962077777, 37.99919352890886], [-121.8805984292426, 38.00070283346157], [-121.88294326789976, 38.0005336788776], [-121.88402922881376, 37.99885524197778], [-121.88277041965749, 37.997345960577356], [-121.88042565027598, 37.99751509292474]]]}}, {"type": "Feature", "properties": {"id": 544, "h3": "892830ce587ffff", "area_m2": 109673.2, "lat": 37.985258, "lon": -121.89506}, "geometry": {"type": "Polygon", "coordinates": [[[-121.89380096596061, 37.98374835796161], [-121.89271538724189, 37.98542698519245], [-121.89397411870043, 37.98693630416085], [-121.8963184295283, 37.9867669727361], [-121.89740393965396, 37.98508834460865], [-121.89614520754745, 37.9835790488023], [-121.89380096596061, 37.98374835796161]]]}}, {"type": "Feature", "properties": {"id": 545, "h3": "892830ce58fffff", "area_m2": 109674.3, "lat": 37.987106, "lon": -121.89163}, "geometry": {"type": "Polygon", "coordinates": [[[-121.8903710483269, 37.985596239047446], [-121.88928537162545, 37.98727483412955], [-121.8905441024249, 37.98878417625859], [-121.89288851058757, 37.9886149001446], [-121.89397411870043, 37.98693630416085], [-121.89271538724189, 37.98542698519245], [-121.8903710483269, 37.985596239047446]]]}}, {"type": "Feature", "properties": {"id": 546, "h3": "892830ce5a3ffff", "area_m2": 109663.4, "lat": 37.989785, "lon": -121.898836}, "geometry": {"type": "Polygon", "coordinates": [[[-121.8975772014857, 37.98827621503143], [-121.89649166197047, 37.98995481191131], [-121.89775047378123, 37.99146400068819], [-121.90009482574567, 37.991294569425435], [-121.90118029665422, 37.98961597165498], [-121.8999214842077, 37.988106806037585], [-121.8975772014857, 37.98827621503143]]]}}, {"type": "Feature", "properties": {"id": 547, "h3": "892830ce5a7ffff", "area_m2": 109658.0, "lat": 37.991125, "lon": -121.902439}, "geometry": {"type": "Polygon", "coordinates": [[[-121.90118029665422, 37.98961597165498], [-121.90009482574567, 37.991294569425435], [-121.9013536780476, 37.992803681518886], [-121.90369800188482, 37.9926341726827], [-121.90478340417759, 37.99095557402721], [-121.90352455125159, 37.98944648509263], [-121.90118029665422, 37.98961597165498]]]}}, {"type": "Feature", "properties": {"id": 548, "h3": "892830ce5abffff", "area_m2": 109664.5, "lat": 37.991633, "lon": -121.895406}, "geometry": {"type": "Polygon", "coordinates": [[[-121.8941472818975, 37.99012416560001], [-121.89306164438892, 37.99180273032772], [-121.89432045555279, 37.993311942262636], [-121.89666490487483, 37.993142566311505], [-121.89775047378123, 37.99146400068819], [-121.89649166197047, 37.98995481191131], [-121.8941472818975, 37.99012416560001]]]}}, {"type": "Feature", "properties": {"id": 549, "h3": "892830ce5afffff", "area_m2": 109659.1, "lat": 37.992973, "lon": -121.899009}, "geometry": {"type": "Polygon", "coordinates": [[[-121.89775047378123, 37.99146400068819], [-121.89666490487483, 37.993142566311505], [-121.89792375654147, 37.99465170156245], [-121.90026817775247, 37.994482248032305], [-121.9013536780476, 37.992803681518886], [-121.90009482574567, 37.991294569425435], [-121.89775047378123, 37.99146400068819]]]}}, {"type": "Feature", "properties": {"id": 550, "h3": "892830ce5b3ffff", "area_m2": 109667.8, "lat": 37.986598, "lon": -121.898663}, "geometry": {"type": "Polygon", "coordinates": [[[-121.89740393965396, 37.98508834460865], [-121.8963184295283, 37.9867669727361], [-121.8975772014857, 37.98827621503143], [-121.8999214842077, 37.988106806037585], [-121.90100692573118, 37.98642817701905], [-121.8997481531375, 37.984918957885185], [-121.89740393965396, 37.98508834460865]]]}}, {"type": "Feature", "properties": {"id": 551, "h3": "892830ce5b7ffff", "area_m2": 109662.3, "lat": 37.987937, "lon": -121.902266}, "geometry": {"type": "Polygon", "coordinates": [[[-121.90100692573118, 37.98642817701905], [-121.8999214842077, 37.988106806037585], [-121.90118029665422, 37.98961597165498], [-121.90352455125159, 37.98944648509263], [-121.90460992416388, 37.98776785518854], [-121.9033511110927, 37.986258712732074], [-121.90100692573118, 37.98642817701905]]]}}, {"type": "Feature", "properties": {"id": 552, "h3": "892830ce5bbffff", "area_m2": 109668.9, "lat": 37.988446, "lon": -121.895233}, "geometry": {"type": "Polygon", "coordinates": [[[-121.89397411870043, 37.98693630416085], [-121.89288851058757, 37.9886149001446], [-121.8941472818975, 37.99012416560001], [-121.89649166197047, 37.98995481191131], [-121.8975772014857, 37.98827621503143], [-121.8963184295283, 37.9867669727361], [-121.89397411870043, 37.98693630416085]]]}}, {"type": "Feature", "properties": {"id": 553, "h3": "892830ce5cfffff", "area_m2": 109681.9, "lat": 37.989461, "lon": -121.881166}, "geometry": {"type": "Polygon", "coordinates": [[[-121.87990737598707, 37.98795136246945], [-121.8788214347448, 37.98962989229642], [-121.88008012364914, 37.991139357412266], [-121.88242475449151, 37.99097026954252], [-121.88351062716326, 37.98929173879832], [-121.88225193756588, 37.9877822968408], [-121.87990737598707, 37.98795136246945]]]}}, {"type": "Feature", "properties": {"id": 554, "h3": "892830ce663ffff", "area_m2": 109708.9, "lat": 38.003908, "lon": -121.836039}, "geometry": {"type": "Polygon", "coordinates": [[[-121.8347800178164, 38.002398409260756], [-121.83369289115006, 38.00407661360258], [-121.83495145047237, 38.00558654021925], [-121.8372971373033, 38.005418239348245], [-121.83838419547165, 38.003740034022385], [-121.83712563530977, 38.002230130551276], [-121.8347800178164, 38.002398409260756]]]}}, {"type": "Feature", "properties": {"id": 555, "h3": "892830ce667ffff", "area_m2": 109703.5, "lat": 38.00525, "lon": -121.839643}, "geometry": {"type": "Polygon", "coordinates": [[[-121.83838419547165, 38.003740034022385], [-121.8372971373033, 38.005418239348245], [-121.83855573731483, 38.00692808930414], [-121.84090139632528, 38.0067597107889], [-121.84198838598653, 38.005081504484515], [-121.8407297851471, 38.00357167767362], [-121.83838419547165, 38.003740034022385]]]}}, {"type": "Feature", "properties": {"id": 556, "h3": "892830ce66fffff", "area_m2": 109704.6, "lat": 38.007096, "lon": -121.83621}, "geometry": {"type": "Polygon", "coordinates": [[[-121.83495145047237, 38.00558654021925], [-121.83386429431407, 38.00726471320586], [-121.83512289348654, 38.00877458630533], [-121.83746864965907, 38.0086062632743], [-121.83855573731483, 38.00692808930414], [-121.8372971373033, 38.005418239348245], [-121.83495145047237, 38.00558654021925]]]}}, {"type": "Feature", "properties": {"id": 557, "h3": "892830ce6a3ffff", "area_m2": 109709.0, "lat": 37.993333, "lon": -121.849596}, "geometry": {"type": "Polygon", "coordinates": [[[-121.84833761420789, 37.9918235686796], [-121.84725090893336, 37.99350193357583], [-121.8485094317013, 37.99501182110332], [-121.85085466054191, 37.994843320580955], [-121.85194129730486, 37.99316495472027], [-121.85068277374148, 37.99165509034612], [-121.84833761420789, 37.9918235686796]]]}}, {"type": "Feature", "properties": {"id": 558, "h3": "892830ce6a7ffff", "area_m2": 109703.6, "lat": 37.994675, "lon": -121.8532}, "geometry": {"type": "Polygon", "coordinates": [[[-121.85194129730486, 37.99316495472027], [-121.85085466054191, 37.994843320580955], [-121.85211322395037, 37.99635313145537], [-121.85445842490829, 37.99618455331604], [-121.85554499315056, 37.99450618649646], [-121.8542864289583, 37.992996398774814], [-121.85194129730486, 37.99316495472027]]]}}, {"type": "Feature", "properties": {"id": 559, "h3": "892830ce6abffff", "area_m2": 109710.1, "lat": 37.99518, "lon": -121.846164}, "geometry": {"type": "Polygon", "coordinates": [[[-121.84490565222887, 37.993670356480614], [-121.84381884898136, 37.99534868909504], [-121.84507737094273, 37.996858599774434], [-121.84742269696086, 37.996690154687215], [-121.8485094317013, 37.99501182110332], [-121.84725090893336, 37.99350193357583], [-121.84490565222887, 37.993670356480614]]]}}, {"type": "Feature", "properties": {"id": 560, "h3": "892830ce6afffff", "area_m2": 109704.7, "lat": 37.996522, "lon": -121.849768}, "geometry": {"type": "Polygon", "coordinates": [[[-121.8485094317013, 37.99501182110332], [-121.84742269696086, 37.996690154687215], [-121.84868125957443, 37.998199988712976], [-121.85102655772607, 37.99803146600321], [-121.85211322395037, 37.99635313145537], [-121.85085466054191, 37.994843320580955], [-121.8485094317013, 37.99501182110332]]]}}, {"type": "Feature", "properties": {"id": 561, "h3": "892830ce6b7ffff", "area_m2": 109708.0, "lat": 37.991487, "lon": -121.853028}, "geometry": {"type": "Polygon", "coordinates": [[[-121.85176938104462, 37.98997669318159], [-121.85068277374148, 37.99165509034612], [-121.85194129730486, 37.99316495472027], [-121.8542864289583, 37.992996398774814], [-121.85537296774534, 37.991318000650864], [-121.8541144433977, 37.98980815943149], [-121.85176938104462, 37.98997669318159]]]}}, {"type": "Feature", "properties": {"id": 562, "h3": "892830ce803ffff", "area_m2": 109571.7, "lat": 38.046132, "lon": -121.91603}, "geometry": {"type": "Polygon", "coordinates": [[[-121.91477025454127, 38.0446238488129], [-121.91368451935517, 38.0463019480095], [-121.91494413119221, 38.04780997236458], [-121.91728947879876, 38.047639874397646], [-121.91837514526874, 38.0459617743405], [-121.91711553285099, 38.04445377311054], [-121.91477025454127, 38.0446238488129]]]}}, {"type": "Feature", "properties": {"id": 563, "h3": "892830ce813ffff", "area_m2": 109576.1, "lat": 38.042946, "lon": -121.915856}, "geometry": {"type": "Polygon", "coordinates": [[[-121.9145963883954, 38.04143764020875], [-121.91351068260543, 38.043115770798295], [-121.91477025454127, 38.0446238488129], [-121.91711553285099, 38.04445377311054], [-121.91820116992942, 38.04277564165996], [-121.91694159741235, 38.04126758677248], [-121.9145963883954, 38.04143764020875]]]}}, {"type": "Feature", "properties": {"id": 564, "h3": "892830ce817ffff", "area_m2": 109570.7, "lat": 38.044284, "lon": -121.919461}, "geometry": {"type": "Polygon", "coordinates": [[[-121.91820116992942, 38.04277564165996], [-121.91711553285099, 38.04445377311054], [-121.91837514526874, 38.0459617743405], [-121.92072039533717, 38.04579162099304], [-121.92180596369498, 38.044113488686975], [-121.92054635070767, 38.04260551058355], [-121.91820116992942, 38.04277564165996]]]}}, {"type": "Feature", "properties": {"id": 565, "h3": "892830ce81bffff", "area_m2": 109577.2, "lat": 38.044794, "lon": -121.912425}, "geometry": {"type": "Polygon", "coordinates": [[[-121.91116537607319, 38.04328576885491], [-121.91007957218004, 38.044963867185444], [-121.91133914352348, 38.04647196832573], [-121.91368451935517, 38.0463019480095], [-121.91477025454127, 38.0446238488129], [-121.91351068260543, 38.043115770798295], [-121.91116537607319, 38.04328576885491]]]}}, {"type": "Feature", "properties": {"id": 566, "h3": "892830ce853ffff", "area_m2": 109583.7, "lat": 38.045304, "lon": -121.905389}, "geometry": {"type": "Polygon", "coordinates": [[[-121.9041292050762, 38.0437954969425], [-121.90304323438474, 38.04547356212392], [-121.90430276460968, 38.04698176316941], [-121.906648266144, 38.04681187590834], [-121.90773416814199, 38.04513380985032], [-121.90647463730181, 38.04362563192967], [-121.9041292050762, 38.0437954969425]]]}}, {"type": "Feature", "properties": {"id": 567, "h3": "892830ce883ffff", "area_m2": 109579.4, "lat": 38.037911, "lon": -121.919113}, "geometry": {"type": "Polygon", "coordinates": [[[-121.91785325078192, 38.03640312118921], [-121.91676767248194, 38.03808131539982], [-121.9180272051008, 38.03958942393739], [-121.92037231659292, 38.03941931513353], [-121.92145782618142, 38.03774112006644], [-121.92019829299198, 38.03623303465939], [-121.91785325078192, 38.03640312118921]]]}}, {"type": "Feature", "properties": {"id": 568, "h3": "892830ce887ffff", "area_m2": 109574.0, "lat": 38.039249, "lon": -121.922717}, "geometry": {"type": "Polygon", "coordinates": [[[-121.92145782618142, 38.03774112006644], [-121.92037231659292, 38.03941931513353], [-121.92163188968006, 38.04092734689248], [-121.92397697291732, 38.040757160454085], [-121.9250624137853, 38.03907896453604], [-121.92380284013925, 38.03757095590703], [-121.92145782618142, 38.03774112006644]]]}}, {"type": "Feature", "properties": {"id": 569, "h3": "892830ce88bffff", "area_m2": 109580.5, "lat": 38.039759, "lon": -121.915682}, "geometry": {"type": "Polygon", "coordinates": [[[-121.9144225327537, 38.0382513465685], [-121.91333685635833, 38.039929508542066], [-121.9145963883954, 38.04143764020875], [-121.91694159741235, 38.04126758677248], [-121.9180272051008, 38.03958942393739], [-121.91676767248194, 38.03808131539982], [-121.9144225327537, 38.0382513465685]]]}}, {"type": "Feature", "properties": {"id": 570, "h3": "892830ce88fffff", "area_m2": 109575.0, "lat": 38.041097, "lon": -121.919287}, "geometry": {"type": "Polygon", "coordinates": [[[-121.9180272051008, 38.03958942393739], [-121.91694159741235, 38.04126758677248], [-121.91820116992942, 38.04277564165996], [-121.92054635070767, 38.04260551058355], [-121.92163188968006, 38.04092734689248], [-121.92037231659292, 38.03941931513353], [-121.9180272051008, 38.03958942393739]]]}}, {"type": "Feature", "properties": {"id": 571, "h3": "892830ce893ffff", "area_m2": 109583.8, "lat": 38.034725, "lon": -121.918939}, "geometry": {"type": "Polygon", "coordinates": [[[-121.91767930697183, 38.03321673343178], [-121.91659375805875, 38.034894959008994], [-121.91785325078192, 38.03640312118921], [-121.92019829299198, 38.03623303465939], [-121.92128377319814, 38.03455480822522], [-121.92002427990387, 38.03304666917754], [-121.91767930697183, 38.03321673343178]]]}}, {"type": "Feature", "properties": {"id": 572, "h3": "892830ce897ffff", "area_m2": 109578.3, "lat": 38.036063, "lon": -121.922543}, "geometry": {"type": "Polygon", "coordinates": [[[-121.92128377319814, 38.03455480822522], [-121.92019829299198, 38.03623303465939], [-121.92145782618142, 38.03774112006644], [-121.92380284013925, 38.03757095590703], [-121.92488825162947, 38.03589272862141], [-121.92362871788055, 38.03438466634634], [-121.92128377319814, 38.03455480822522]]]}}, {"type": "Feature", "properties": {"id": 573, "h3": "892830ce89bffff", "area_m2": 109584.9, "lat": 38.036573, "lon": -121.915508}, "geometry": {"type": "Polygon", "coordinates": [[[-121.91424868761521, 38.03506496790856], [-121.91316304061284, 38.036743161257164], [-121.9144225327537, 38.0382513465685], [-121.91676767248194, 38.03808131539982], [-121.91785325078192, 38.03640312118921], [-121.91659375805875, 38.034894959008994], [-121.91424868761521, 38.03506496790856]]]}}, {"type": "Feature", "properties": {"id": 574, "h3": "892830ce8a3ffff", "area_m2": 109564.1, "lat": 38.043773, "lon": -121.926496}, "geometry": {"type": "Polygon", "coordinates": [[[-121.92523658646303, 38.042265115429544], [-121.92415111621574, 38.04394327997108], [-121.92541076966361, 38.045451181285586], [-121.92775589390816, 38.04528089493088], [-121.92884129542126, 38.04360272954441], [-121.92758164142668, 38.042094851357284], [-121.92523658646303, 38.042265115429544]]]}}, {"type": "Feature", "properties": {"id": 575, "h3": "892830ce8a7ffff", "area_m2": 109558.7, "lat": 38.045111, "lon": -121.930101}, "geometry": {"type": "Polygon", "coordinates": [[[-121.92884129542126, 38.04360272954441], [-121.92775589390816, 38.04528089493088], [-121.92901558780686, 38.0467887194516], [-121.93136068375641, 38.04661835545876], [-121.93244601652627, 38.04494018923289], [-121.93118632209251, 38.043432387838955], [-121.92884129542126, 38.04360272954441]]]}}, {"type": "Feature", "properties": {"id": 576, "h3": "892830ce8abffff", "area_m2": 109565.2, "lat": 38.045621, "lon": -121.923066}, "geometry": {"type": "Polygon", "coordinates": [[[-121.92180596369498, 38.044113488686975], [-121.92072039533717, 38.04579162099304], [-121.92198004822716, 38.0472995454335], [-121.92432527003551, 38.04712931444162], [-121.92541076966361, 38.045451181285586], [-121.92415111621574, 38.04394327997108], [-121.92180596369498, 38.044113488686975]]]}}, {"type": "Feature", "properties": {"id": 577, "h3": "892830ce8afffff", "area_m2": 109559.8, "lat": 38.046959, "lon": -121.92667}, "geometry": {"type": "Polygon", "coordinates": [[[-121.92541076966361, 38.045451181285586], [-121.92432527003551, 38.04712931444162], [-121.92558496338799, 38.048637162087736], [-121.92793015691748, 38.04846685345211], [-121.92901558780686, 38.0467887194516], [-121.92775589390816, 38.04528089493088], [-121.92541076966361, 38.045451181285586]]]}}, {"type": "Feature", "properties": {"id": 578, "h3": "892830ce8b3ffff", "area_m2": 109568.5, "lat": 38.040587, "lon": -121.926322}, "geometry": {"type": "Polygon", "coordinates": [[[-121.9250624137853, 38.03907896453604], [-121.92397697291732, 38.040757160454085], [-121.92523658646303, 38.042265115429544], [-121.92758164142668, 38.042094851357284], [-121.92866701356506, 38.0404166545938], [-121.9274073994721, 38.03890872274773], [-121.9250624137853, 38.03907896453604]]]}}, {"type": "Feature", "properties": {"id": 579, "h3": "892830ce8b7ffff", "area_m2": 109563.1, "lat": 38.041925, "lon": -121.929927}, "geometry": {"type": "Polygon", "coordinates": [[[-121.92866701356506, 38.0404166545938], [-121.92758164142668, 38.042094851357284], [-121.92884129542126, 38.04360272954441], [-121.93118632209251, 38.043432387838955], [-121.93227162549226, 38.04175419023557], [-121.93101197096207, 38.04024633517724], [-121.92866701356506, 38.0404166545938]]]}}, {"type": "Feature", "properties": {"id": 580, "h3": "892830ce8bbffff", "area_m2": 109569.6, "lat": 38.042435, "lon": -121.922891}, "geometry": {"type": "Polygon", "coordinates": [[[-121.92163188968006, 38.04092734689248], [-121.92054635070767, 38.04260551058355], [-121.92180596369498, 38.044113488686975], [-121.92415111621574, 38.04394327997108], [-121.92523658646303, 38.042265115429544], [-121.92397697291732, 38.040757160454085], [-121.92163188968006, 38.04092734689248]]]}}, {"type": "Feature", "properties": {"id": 581, "h3": "892830ce8c3ffff", "area_m2": 109587.0, "lat": 38.040269, "lon": -121.908646}, "geometry": {"type": "Polygon", "coordinates": [[[-121.90738686213598, 38.0387611740505], [-121.9063010189501, 38.040439302901426], [-121.90756050989299, 38.04194753447072], [-121.90990584462897, 38.04177761406053], [-121.91099161912146, 38.04009948433752], [-121.90973212757399, 38.0385912758965], [-121.90738686213598, 38.0387611740505]]]}}, {"type": "Feature", "properties": {"id": 582, "h3": "892830ce8c7ffff", "area_m2": 109581.6, "lat": 38.041608, "lon": -121.912251}, "geometry": {"type": "Polygon", "coordinates": [[[-121.91099161912146, 38.04009948433752], [-121.90990584462897, 38.04177761406053], [-121.91116537607319, 38.04328576885491], [-121.91351068260543, 38.043115770798295], [-121.9145963883954, 38.04143764020875], [-121.91333685635833, 38.039929508542066], [-121.91099161912146, 38.04009948433752]]]}}, {"type": "Feature", "properties": {"id": 583, "h3": "892830ce8cbffff", "area_m2": 109588.1, "lat": 38.042117, "lon": -121.905215}, "geometry": {"type": "Polygon", "coordinates": [[[-121.90395565602914, 38.040609145664526], [-121.90286971474906, 38.04228724224638], [-121.9041292050762, 38.0437954969425], [-121.90647463730181, 38.04362563192967], [-121.90756050989299, 38.04194753447072], [-121.9063010189501, 38.040439302901426], [-121.90395565602914, 38.040609145664526]]]}}, {"type": "Feature", "properties": {"id": 584, "h3": "892830ce8cfffff", "area_m2": 109582.6, "lat": 38.043456, "lon": -121.90882}, "geometry": {"type": "Polygon", "coordinates": [[[-121.90756050989299, 38.04194753447072], [-121.90647463730181, 38.04362563192967], [-121.90773416814199, 38.04513380985032], [-121.91007957218004, 38.044963867185444], [-121.91116537607319, 38.04328576885491], [-121.90990584462897, 38.04177761406053], [-121.90756050989299, 38.04194753447072]]]}}, {"type": "Feature", "properties": {"id": 585, "h3": "892830ce8d3ffff", "area_m2": 109591.4, "lat": 38.037083, "lon": -121.908473}, "geometry": {"type": "Polygon", "coordinates": [[[-121.90721322487005, 38.03557472860604], [-121.90612741108792, 38.03725288883999], [-121.90738686213598, 38.0387611740505], [-121.90973212757399, 38.0385912758965], [-121.91081787266731, 38.03691311478999], [-121.90955842101413, 38.03540485270976], [-121.90721322487005, 38.03557472860604]]]}}, {"type": "Feature", "properties": {"id": 586, "h3": "892830ce8d7ffff", "area_m2": 109585.9, "lat": 38.038421, "lon": -121.912077}, "geometry": {"type": "Polygon", "coordinates": [[[-121.91081787266731, 38.03691311478999], [-121.90973212757399, 38.0385912758965], [-121.91099161912146, 38.04009948433752], [-121.91333685635833, 38.039929508542066], [-121.9144225327537, 38.0382513465685], [-121.91316304061284, 38.036743161257164], [-121.91081787266731, 38.03691311478999]]]}}, {"type": "Feature", "properties": {"id": 587, "h3": "892830ce8dbffff", "area_m2": 109592.5, "lat": 38.038931, "lon": -121.905042}, "geometry": {"type": "Polygon", "coordinates": [[[-121.90378211746751, 38.037422709351866], [-121.90269620559731, 38.03910083732519], [-121.90395565602914, 38.040609145664526], [-121.9063010189501, 38.040439302901426], [-121.90738686213598, 38.0387611740505], [-121.90612741108792, 38.03725288883999], [-121.90378211746751, 38.037422709351866]]]}}, {"type": "Feature", "properties": {"id": 588, "h3": "892830ce913ffff", "area_m2": 109538.0, "lat": 38.052308, "lon": -121.94109}, "geometry": {"type": "Polygon", "coordinates": [[[-121.93983011499945, 38.05080040731235], [-121.9387448903807, 38.052478543813045], [-121.94000474548618, 38.05398608423321], [-121.94234982571258, 38.0538154650293], [-121.94343498155634, 38.05213732770626], [-121.94217512595137, 38.050629810409156], [-121.93983011499945, 38.05080040731235]]]}}, {"type": "Feature", "properties": {"id": 589, "h3": "892830ce917ffff", "area_m2": 109532.5, "lat": 38.053645, "lon": -121.944695}, "geometry": {"type": "Polygon", "coordinates": [[[-121.94343498155634, 38.05213732770626], [-121.94234982571258, 38.0538154650293], [-121.94360972123204, 38.05532292863084], [-121.94595477308575, 38.05515223178658], [-121.94703986014547, 38.0534740936467], [-121.94577996413818, 38.051966653167625], [-121.94343498155634, 38.05213732770626]]]}}, {"type": "Feature", "properties": {"id": 590, "h3": "892830ce983ffff", "area_m2": 109541.3, "lat": 38.047273, "lon": -121.944345}, "geometry": {"type": "Polygon", "coordinates": [[[-121.94308553387359, 38.045765870623015], [-121.94200043674417, 38.04744407071297], [-121.94326025243717, 38.048951641698196], [-121.94560516575119, 38.048780989466714], [-121.94669019410573, 38.04710278855898], [-121.94543037792386, 38.04559524070021], [-121.94308553387359, 38.045765870623015]]]}}, {"type": "Feature", "properties": {"id": 591, "h3": "892830ce987ffff", "area_m2": 109535.8, "lat": 38.04861, "lon": -121.94795}, "geometry": {"type": "Polygon", "coordinates": [[[-121.94669019410573, 38.04710278855898], [-121.94560516575119, 38.048780989466714], [-121.94686502184453, 38.050288483639356], [-121.9492099067723, 38.05011775377808], [-121.9502948663429, 38.048439552058056], [-121.94903500977237, 38.046932081011306], [-121.94669019410573, 38.04710278855898]]]}}, {"type": "Feature", "properties": {"id": 592, "h3": "892830ce98bffff", "area_m2": 109542.3, "lat": 38.049122, "lon": -121.940915}, "geometry": {"type": "Polygon", "coordinates": [[[-121.93965549506271, 38.04761464531395], [-121.93857029980649, 38.04929281320209], [-121.93983011499945, 38.05080040731235], [-121.94217512595137, 38.050629810409156], [-121.94326025243717, 38.048951641698196], [-121.94200043674417, 38.04744407071297], [-121.93965549506271, 38.04761464531395]]]}}, {"type": "Feature", "properties": {"id": 593, "h3": "892830ce98fffff", "area_m2": 109536.9, "lat": 38.050459, "lon": -121.94452}, "geometry": {"type": "Polygon", "coordinates": [[[-121.94326025243717, 38.048951641698196], [-121.94217512595137, 38.050629810409156], [-121.94343498155634, 38.05213732770626], [-121.94577996413818, 38.051966653167625], [-121.94686502184453, 38.050288483639356], [-121.94560516575119, 38.048780989466714], [-121.94326025243717, 38.048951641698196]]]}}, {"type": "Feature", "properties": {"id": 594, "h3": "892830ce993ffff", "area_m2": 109545.6, "lat": 38.044088, "lon": -121.944171}, "geometry": {"type": "Polygon", "coordinates": [[[-121.94291082586464, 38.04258001449711], [-121.94182575809006, 38.0442582459571], [-121.94308553387359, 38.045765870623015], [-121.94543037792386, 38.04559524070021], [-121.9465153769281, 38.043917008421964], [-121.94525560065514, 38.042409406884495], [-121.94291082586464, 38.04258001449711]]]}}, {"type": "Feature", "properties": {"id": 595, "h3": "892830ce997ffff", "area_m2": 109540.2, "lat": 38.045425, "lon": -121.947775}, "geometry": {"type": "Polygon", "coordinates": [[[-121.9465153769281, 38.043917008421964], [-121.94543037792386, 38.04559524070021], [-121.94669019410573, 38.04710278855898], [-121.94903500977237, 38.046932081011306], [-121.95011993999726, 38.04525384792029], [-121.94886012333761, 38.04374632318942], [-121.9465153769281, 38.043917008421964]]]}}, {"type": "Feature", "properties": {"id": 596, "h3": "892830ce99bffff", "area_m2": 109546.7, "lat": 38.045936, "lon": -121.940741}, "geometry": {"type": "Polygon", "coordinates": [[[-121.939480885675, 38.04442879825435], [-121.93839571977973, 38.046106997520965], [-121.93965549506271, 38.04761464531395], [-121.94200043674417, 38.04744407071297], [-121.94308553387359, 38.045765870623015], [-121.94182575809006, 38.0442582459571], [-121.939480885675, 38.04442879825435]]]}}, {"type": "Feature", "properties": {"id": 597, "h3": "892830ce9a3ffff", "area_m2": 109526.0, "lat": 38.053133, "lon": -121.95173}, "geometry": {"type": "Polygon", "coordinates": [[[-121.95046980325625, 38.05162517113326], [-121.94938481433843, 38.05330334147333], [-121.95064475073828, 38.05481070512954], [-121.95298967652366, 38.0546398753221], [-121.95407459664392, 38.05296170417579], [-121.95281465977905, 38.05145436364287], [-121.95046980325625, 38.05162517113326]]]}}, {"type": "Feature", "properties": {"id": 598, "h3": "892830ce9a7ffff", "area_m2": 109520.5, "lat": 38.054469, "lon": -121.955335}, "geometry": {"type": "Polygon", "coordinates": [[[-121.95407459664392, 38.05296170417579], [-121.95298967652366, 38.0546398753221], [-121.95424965330636, 38.05614716215061], [-121.95659455066537, 38.0559762547098], [-121.957679401979, 38.05429808276277], [-121.95641942474293, 38.052790819056966], [-121.95407459664392, 38.05296170417579]]]}}, {"type": "Feature", "properties": {"id": 599, "h3": "892830ce9abffff", "area_m2": 109527.1, "lat": 38.054981, "lon": -121.9483}, "geometry": {"type": "Polygon", "coordinates": [[[-121.94703986014547, 38.0534740936467], [-121.94595477308575, 38.05515223178658], [-121.94721470900946, 38.056659618564645], [-121.9495597324717, 38.05648884408069], [-121.95064475073828, 38.05481070512954], [-121.94938481433843, 38.05330334147333], [-121.94703986014547, 38.0534740936467]]]}}, {"type": "Feature", "properties": {"id": 600, "h3": "892830ce9b3ffff", "area_m2": 109530.4, "lat": 38.049947, "lon": -121.951555}, "geometry": {"type": "Polygon", "coordinates": [[[-121.9502948663429, 38.048439552058056], [-121.9492099067723, 38.05011775377808], [-121.95046980325625, 38.05162517113326], [-121.95281465977905, 38.05145436364287], [-121.95389955055666, 38.049776161116114], [-121.95263965360716, 38.04826876688621], [-121.9502948663429, 38.048439552058056]]]}}, {"type": "Feature", "properties": {"id": 601, "h3": "892830ce9b7ffff", "area_m2": 109524.9, "lat": 38.051284, "lon": -121.955159}, "geometry": {"type": "Polygon", "coordinates": [[[-121.95389955055666, 38.049776161116114], [-121.95281465977905, 38.05145436364287], [-121.95407459664392, 38.05296170417579], [-121.95641942474293, 38.052790819056966], [-121.95750424671853, 38.05111261572898], [-121.95624430939978, 38.04960529832078], [-121.95389955055666, 38.049776161116114]]]}}, {"type": "Feature", "properties": {"id": 602, "h3": "892830ce9bbffff", "area_m2": 109531.4, "lat": 38.051796, "lon": -121.948125}, "geometry": {"type": "Polygon", "coordinates": [[[-121.94686502184453, 38.050288483639356], [-121.94577996413818, 38.051966653167625], [-121.94703986014547, 38.0534740936467], [-121.94938481433843, 38.05330334147333], [-121.95046980325625, 38.05162517113326], [-121.9492099067723, 38.05011775377808], [-121.94686502184453, 38.050288483639356]]]}}, {"type": "Feature", "properties": {"id": 603, "h3": "892830ce9c3ffff", "area_m2": 109548.9, "lat": 38.049634, "lon": -121.93388}, "geometry": {"type": "Polygon", "coordinates": [[[-121.93262041809623, 38.04812610318085], [-121.93153505595467, 38.04980423802029], [-121.9327948302031, 38.05131193206311], [-121.9351399671186, 38.051141468142], [-121.93622526050326, 38.049463332469166], [-121.93496548573201, 38.047955661550546], [-121.93262041809623, 38.04812610318085]]]}}, {"type": "Feature", "properties": {"id": 604, "h3": "892830ce9c7ffff", "area_m2": 109543.4, "lat": 38.050971, "lon": -121.937485}, "geometry": {"type": "Polygon", "coordinates": [[[-121.93622526050326, 38.049463332469166], [-121.9351399671186, 38.051141468142], [-121.93639978180038, 38.0526490853759], [-121.9387448903807, 38.052478543813045], [-121.93983011499945, 38.05080040731235], [-121.93857029980649, 38.04929281320209], [-121.93622526050326, 38.049463332469166]]]}}, {"type": "Feature", "properties": {"id": 605, "h3": "892830ce9d3ffff", "area_m2": 109553.2, "lat": 38.046448, "lon": -121.933706}, "geometry": {"type": "Polygon", "coordinates": [[[-121.93244601652627, 38.04494018923289], [-121.93136068375641, 38.04661835545876], [-121.93262041809623, 38.04812610318085], [-121.93496548573201, 38.047955661550546], [-121.93605074974957, 38.04627749449078], [-121.93479101488636, 38.04476976989491], [-121.93244601652627, 38.04494018923289]]]}}, {"type": "Feature", "properties": {"id": 606, "h3": "892830ce9d7ffff", "area_m2": 109547.8, "lat": 38.047785, "lon": -121.937311}, "geometry": {"type": "Polygon", "coordinates": [[[-121.93605074974957, 38.04627749449078], [-121.93496548573201, 38.047955661550546], [-121.93622526050326, 38.049463332469166], [-121.93857029980649, 38.04929281320209], [-121.93965549506271, 38.04761464531395], [-121.93839571977973, 38.046106997520965], [-121.93605074974957, 38.04627749449078]]]}}, {"type": "Feature", "properties": {"id": 607, "h3": "892830ce9dbffff", "area_m2": 109554.3, "lat": 38.048297, "lon": -121.930275}, "geometry": {"type": "Polygon", "coordinates": [[[-121.92901558780686, 38.0467887194516], [-121.92793015691748, 38.04846685345211], [-121.92918989072281, 38.04997462429899], [-121.93153505595467, 38.04980423802029], [-121.93262041809623, 38.04812610318085], [-121.93136068375641, 38.04661835545876], [-121.92901558780686, 38.0467887194516]]]}}, {"type": "Feature", "properties": {"id": 608, "h3": "892830cec03ffff", "area_m2": 109602.4, "lat": 38.023827, "lon": -121.914813}, "geometry": {"type": "Polygon", "coordinates": [[[-121.91355341207432, 38.022318603399775], [-121.91246788262856, 38.02399692215903], [-121.91372721520952, 38.02550532197451], [-121.91607207782327, 38.02533537989132], [-121.91715753858496, 38.02365706026808], [-121.91589820541962, 38.02214868359172], [-121.91355341207432, 38.022318603399775]]]}}, {"type": "Feature", "properties": {"id": 609, "h3": "892830cec07ffff", "area_m2": 109596.9, "lat": 38.025165, "lon": -121.918417}, "geometry": {"type": "Polygon", "coordinates": [[[-121.91715753858496, 38.02365706026808], [-121.91607207782327, 38.02533537989132], [-121.91733145087429, 38.026843702954814], [-121.91967628526241, 38.02667368325623], [-121.92076167733096, 38.02499536277454], [-121.91950230370719, 38.02348706284959], [-121.91715753858496, 38.02365706026808]]]}}, {"type": "Feature", "properties": {"id": 610, "h3": "892830cec0bffff", "area_m2": 109603.4, "lat": 38.025675, "lon": -121.911382}, "geometry": {"type": "Polygon", "coordinates": [[[-121.91012299180788, 38.024166786626154], [-121.9090373642957, 38.025845073177166], [-121.91029669628108, 38.02735349613036], [-121.91264165637688, 38.027183609394555], [-121.91372721520952, 38.02550532197451], [-121.91246788262856, 38.02399692215903], [-121.91012299180788, 38.024166786626154]]]}}, {"type": "Feature", "properties": {"id": 611, "h3": "892830cec0fffff", "area_m2": 109598.0, "lat": 38.027014, "lon": -121.914987}, "geometry": {"type": "Polygon", "coordinates": [[[-121.91372721520952, 38.02550532197451], [-121.91264165637688, 38.027183609394555], [-121.91390102884405, 38.02869195559518], [-121.91624596073036, 38.028521991238335], [-121.91733145087429, 38.026843702954814], [-121.91607207782327, 38.02533537989132], [-121.91372721520952, 38.02550532197451]]]}}, {"type": "Feature", "properties": {"id": 612, "h3": "892830cec13ffff", "area_m2": 109606.7, "lat": 38.02064, "lon": -121.914639}, "geometry": {"type": "Polygon", "coordinates": [[[-121.91337961943766, 38.01913179988732], [-121.91229411937715, 38.020810149976846], [-121.91355341207432, 38.022318603399775], [-121.91589820541962, 38.02214868359172], [-121.91698363680061, 38.02047033263771], [-121.91572434351852, 38.01896190235592], [-121.91337961943766, 38.01913179988732]]]}}, {"type": "Feature", "properties": {"id": 613, "h3": "892830cec17ffff", "area_m2": 109601.3, "lat": 38.021979, "lon": -121.918243}, "geometry": {"type": "Polygon", "coordinates": [[[-121.91698363680061, 38.02047033263771], [-121.91589820541962, 38.02214868359172], [-121.91715753858496, 38.02365706026808], [-121.91950230370719, 38.02348706284959], [-121.9205876663996, 38.02180871103662], [-121.91932833266102, 38.020300357500815], [-121.91698363680061, 38.02047033263771]]]}}, {"type": "Feature", "properties": {"id": 614, "h3": "892830cec1bffff", "area_m2": 109607.8, "lat": 38.022488, "lon": -121.911209}, "geometry": {"type": "Polygon", "coordinates": [[[-121.90994929782755, 38.020979992173785], [-121.90886369970674, 38.02265831006355], [-121.91012299180788, 38.024166786626154], [-121.91246788262856, 38.02399692215903], [-121.91355341207432, 38.022318603399775], [-121.91229411937715, 38.020810149976846], [-121.90994929782755, 38.020979992173785]]]}}, {"type": "Feature", "properties": {"id": 615, "h3": "892830cec23ffff", "area_m2": 109587.1, "lat": 38.02969, "lon": -121.922195}, "geometry": {"type": "Polygon", "coordinates": [[[-121.92093569877387, 38.02818192956286], [-121.91985027732767, 38.029860218704364], [-121.92110973072928, 38.03136841138523], [-121.92345460614031, 38.03119829178837], [-121.92453995887972, 38.029520001794445], [-121.92328050491756, 38.02801183224954], [-121.92093569877387, 38.02818192956286]]]}}, {"type": "Feature", "properties": {"id": 616, "h3": "892830cec27ffff", "area_m2": 109581.6, "lat": 38.031028, "lon": -121.925799}, "geometry": {"type": "Polygon", "coordinates": [[[-121.92453995887972, 38.029520001794445], [-121.92345460614031, 38.03119829178837], [-121.92471409999459, 38.03270640770208], [-121.92705894713981, 38.03253621048621], [-121.92814423116334, 38.030857919645385], [-121.92688473676021, 38.029349826867055], [-121.92453995887972, 38.029520001794445]]]}}, {"type": "Feature", "properties": {"id": 617, "h3": "892830cec2bffff", "area_m2": 109588.2, "lat": 38.031538, "lon": -121.918765}, "geometry": {"type": "Polygon", "coordinates": [[[-121.91750537366961, 38.03003026068152], [-121.91641985414189, 38.03170851761636], [-121.91767930697183, 38.03321673343178], [-121.92002427990387, 38.03304666917754], [-121.92110973072928, 38.03136841138523], [-121.91985027732767, 38.029860218704364], [-121.91750537366961, 38.03003026068152]]]}}, {"type": "Feature", "properties": {"id": 618, "h3": "892830cec2fffff", "area_m2": 109582.7, "lat": 38.032877, "lon": -121.922369}, "geometry": {"type": "Polygon", "coordinates": [[[-121.92110973072928, 38.03136841138523], [-121.92002427990387, 38.03304666917754], [-121.92128377319814, 38.03455480822522], [-121.92362871788055, 38.03438466634634], [-121.92471409999459, 38.03270640770208], [-121.92345460614031, 38.03119829178837], [-121.92110973072928, 38.03136841138523]]]}}, {"type": "Feature", "properties": {"id": 619, "h3": "892830cec33ffff", "area_m2": 109591.5, "lat": 38.026504, "lon": -121.922021}, "geometry": {"type": "Polygon", "coordinates": [[[-121.92076167733096, 38.02499536277454], [-121.91967628526241, 38.02667368325623], [-121.92093569877387, 38.02818192956286], [-121.92328050491756, 38.02801183224954], [-121.92436582828385, 38.02633351091492], [-121.92310641421136, 38.024825287746246], [-121.92076167733096, 38.02499536277454]]]}}, {"type": "Feature", "properties": {"id": 620, "h3": "892830cec37ffff", "area_m2": 109586.0, "lat": 38.027842, "lon": -121.925625}, "geometry": {"type": "Polygon", "coordinates": [[[-121.92436582828385, 38.02633351091492], [-121.92328050491756, 38.02801183224954], [-121.92453995887972, 38.029520001794445], [-121.92688473676021, 38.029349826867055], [-121.92796999141524, 38.02767150468502], [-121.9267105369037, 38.02616335827749], [-121.92436582828385, 38.02633351091492]]]}}, {"type": "Feature", "properties": {"id": 621, "h3": "892830cec3bffff", "area_m2": 109592.5, "lat": 38.028352, "lon": -121.918591}, "geometry": {"type": "Polygon", "coordinates": [[[-121.91733145087429, 38.026843702954814], [-121.91624596073036, 38.028521991238335], [-121.91750537366961, 38.03003026068152], [-121.91985027732767, 38.029860218704364], [-121.92093569877387, 38.02818192956286], [-121.91967628526241, 38.02667368325623], [-121.91733145087429, 38.026843702954814]]]}}, {"type": "Feature", "properties": {"id": 622, "h3": "892830cec43ffff", "area_m2": 109610.0, "lat": 38.026185, "lon": -121.904347}, "geometry": {"type": "Polygon", "coordinates": [[[-121.90308806805669, 38.024676114082254], [-121.90200227381037, 38.02635436753196], [-121.90326156468592, 38.027862890369704], [-121.90560665042885, 38.0276931366206], [-121.90669237600912, 38.026014882291314], [-121.90543308451521, 38.02450638259044], [-121.90308806805669, 38.024676114082254]]]}}, {"type": "Feature", "properties": {"id": 623, "h3": "892830cec47ffff", "area_m2": 109604.5, "lat": 38.027523, "lon": -121.907952}, "geometry": {"type": "Polygon", "coordinates": [[[-121.90669237600912, 38.026014882291314], [-121.90560665042885, 38.0276931366206], [-121.90686598180756, 38.029201582710066], [-121.90921103937592, 38.029031751333676], [-121.91029669628108, 38.02735349613036], [-121.9090373642957, 38.025845073177166], [-121.90669237600912, 38.026014882291314]]]}}, {"type": "Feature", "properties": {"id": 624, "h3": "892830cec4bffff", "area_m2": 109611.0, "lat": 38.028033, "lon": -121.900916}, "geometry": {"type": "Polygon", "coordinates": [[[-121.89965715991164, 38.02652404365314], [-121.89857126760013, 38.02820226486257], [-121.8998305578462, 38.02971081083573], [-121.90217574103599, 38.02954111246375], [-121.90326156468592, 38.027862890369704], [-121.90200227381037, 38.02635436753196], [-121.89965715991164, 38.02652404365314]]]}}, {"type": "Feature", "properties": {"id": 625, "h3": "892830cec4fffff", "area_m2": 109605.6, "lat": 38.029371, "lon": -121.904521}, "geometry": {"type": "Polygon", "coordinates": [[[-121.90326156468592, 38.027862890369704], [-121.90217574103599, 38.02954111246375], [-121.90343507179686, 38.03104958168804], [-121.90578022682821, 38.03087980568319], [-121.90686598180756, 38.029201582710066], [-121.90560665042885, 38.0276931366206], [-121.90326156468592, 38.027862890369704]]]}}, {"type": "Feature", "properties": {"id": 626, "h3": "892830cec53ffff", "area_m2": 109614.3, "lat": 38.022998, "lon": -121.904174}, "geometry": {"type": "Polygon", "coordinates": [[[-121.90291458190812, 38.02148925284212], [-121.90182881706392, 38.023167537638535], [-121.90308806805669, 38.024676114082254], [-121.90543308451521, 38.02450638259044], [-121.90651878069794, 38.02282809691395], [-121.90525952908632, 38.021319543609074], [-121.90291458190812, 38.02148925284212]]]}}, {"type": "Feature", "properties": {"id": 627, "h3": "892830cec57ffff", "area_m2": 109608.9, "lat": 38.024337, "lon": -121.907778}, "geometry": {"type": "Polygon", "coordinates": [[[-121.90651878069794, 38.02282809691395], [-121.90543308451521, 38.02450638259044], [-121.90669237600912, 38.026014882291314], [-121.9090373642957, 38.025845073177166], [-121.91012299180788, 38.024166786626154], [-121.90886369970674, 38.02265831006355], [-121.90651878069794, 38.02282809691395]]]}}, {"type": "Feature", "properties": {"id": 628, "h3": "892830cec5bffff", "area_m2": 109615.4, "lat": 38.024846, "lon": -121.900743}, "geometry": {"type": "Polygon", "coordinates": [[[-121.8994837724522, 38.02333719150738], [-121.89839790954889, 38.025015444072], [-121.89965715991164, 38.02652404365314], [-121.90200227381037, 38.02635436753196], [-121.90308806805669, 38.024676114082254], [-121.90182881706392, 38.023167537638535], [-121.8994837724522, 38.02333719150738]]]}}, {"type": "Feature", "properties": {"id": 629, "h3": "892830cec63ffff", "area_m2": 109594.7, "lat": 38.032048, "lon": -121.91173}, "geometry": {"type": "Polygon", "coordinates": [[[-121.91047041124806, 38.030540120670004], [-121.90938472494844, 38.03221834451667], [-121.91064413670983, 38.03372666022867], [-121.9129892353681, 38.03355672896001], [-121.914074852979, 38.03187850424532], [-121.91281544062309, 38.03037021166701], [-121.91047041124806, 38.030540120670004]]]}}, {"type": "Feature", "properties": {"id": 630, "h3": "892830cec67ffff", "area_m2": 109589.2, "lat": 38.033387, "lon": -121.915334}, "geometry": {"type": "Polygon", "coordinates": [[[-121.914074852979, 38.03187850424532], [-121.9129892353681, 38.03355672896001], [-121.91424868761521, 38.03506496790856], [-121.91659375805875, 38.034894959008994], [-121.91767930697183, 38.03321673343178], [-121.91641985414189, 38.03170851761636], [-121.914074852979, 38.03187850424532]]]}}, {"type": "Feature", "properties": {"id": 631, "h3": "892830cec6bffff", "area_m2": 109595.8, "lat": 38.033897, "lon": -121.908299}, "geometry": {"type": "Polygon", "coordinates": [[[-121.90703959809422, 38.03238819815376], [-121.90595381371426, 38.034066389761776], [-121.90721322487005, 38.03557472860604], [-121.90955842101413, 38.03540485270976], [-121.91064413670983, 38.03372666022867], [-121.90938472494844, 38.03221834451667], [-121.90703959809422, 38.03238819815376]]]}}, {"type": "Feature", "properties": {"id": 632, "h3": "892830cec6fffff", "area_m2": 109590.3, "lat": 38.035235, "lon": -121.911904}, "geometry": {"type": "Polygon", "coordinates": [[[-121.91064413670983, 38.03372666022867], [-121.90955842101413, 38.03540485270976], [-121.91081787266731, 38.03691311478999], [-121.91316304061284, 38.036743161257164], [-121.91424868761521, 38.03506496790856], [-121.9129892353681, 38.03355672896001], [-121.91064413670983, 38.03372666022867]]]}}, {"type": "Feature", "properties": {"id": 633, "h3": "892830cec73ffff", "area_m2": 109599.1, "lat": 38.028862, "lon": -121.911556}, "geometry": {"type": "Polygon", "coordinates": [[[-121.91029669628108, 38.02735349613036], [-121.90921103937592, 38.029031751333676], [-121.91047041124806, 38.030540120670004], [-121.91281544062309, 38.03037021166701], [-121.91390102884405, 38.02869195559518], [-121.91264165637688, 38.027183609394555], [-121.91029669628108, 38.02735349613036]]]}}, {"type": "Feature", "properties": {"id": 634, "h3": "892830cec77ffff", "area_m2": 109593.6, "lat": 38.0302, "lon": -121.91516}, "geometry": {"type": "Polygon", "coordinates": [[[-121.91390102884405, 38.02869195559518], [-121.91281544062309, 38.03037021166701], [-121.914074852979, 38.03187850424532], [-121.91641985414189, 38.03170851761636], [-121.91750537366961, 38.03003026068152], [-121.91624596073036, 38.028521991238335], [-121.91390102884405, 38.02869195559518]]]}}, {"type": "Feature", "properties": {"id": 635, "h3": "892830cec7bffff", "area_m2": 109600.1, "lat": 38.03071, "lon": -121.908125}, "geometry": {"type": "Polygon", "coordinates": [[[-121.90686598180756, 38.029201582710066], [-121.90578022682821, 38.03087980568319], [-121.90703959809422, 38.03238819815376], [-121.90938472494844, 38.03221834451667], [-121.91047041124806, 38.030540120670004], [-121.90921103937592, 38.029031751333676], [-121.90686598180756, 38.029201582710066]]]}}, {"type": "Feature", "properties": {"id": 636, "h3": "892830cec83ffff", "area_m2": 109610.0, "lat": 38.015605, "lon": -121.917895}, "geometry": {"type": "Polygon", "coordinates": [[[-121.91663586474316, 38.01409662261169], [-121.91555049211894, 38.01577503620035], [-121.91680974552034, 38.01728352008011], [-121.91915437212295, 38.01711356722633], [-121.92023967606774, 38.01543515277771], [-121.91898042209203, 38.01392669204254], [-121.91663586474316, 38.01409662261169]]]}}, {"type": "Feature", "properties": {"id": 637, "h3": "892830cec87ffff", "area_m2": 109604.6, "lat": 38.016944, "lon": -121.921499}, "geometry": {"type": "Polygon", "coordinates": [[[-121.92023967606774, 38.01543515277771], [-121.91915437212295, 38.01711356722633], [-121.92041366597881, 38.018621974365544], [-121.92275826434485, 38.01845194391188], [-121.92384349960115, 38.016773528608844], [-121.9225842051826, 38.01526514461363], [-121.92023967606774, 38.01543515277771]]]}}, {"type": "Feature", "properties": {"id": 638, "h3": "892830cec8bffff", "area_m2": 109611.1, "lat": 38.017453, "lon": -121.914465}, "geometry": {"type": "Polygon", "coordinates": [[[-121.91320583729848, 38.015944911453595], [-121.9121203666217, 38.01762329286444], [-121.91337961943766, 38.01913179988732], [-121.91572434351852, 38.01896190235592], [-121.91680974552034, 38.01728352008011], [-121.91555049211894, 38.01577503620035], [-121.91320583729848, 38.015944911453595]]]}}, {"type": "Feature", "properties": {"id": 639, "h3": "892830cec8fffff", "area_m2": 109605.6, "lat": 38.018792, "lon": -121.918069}, "geometry": {"type": "Polygon", "coordinates": [[[-121.91680974552034, 38.01728352008011], [-121.91572434351852, 38.01896190235592], [-121.91698363680061, 38.02047033263771], [-121.91932833266102, 38.020300357500815], [-121.92041366597881, 38.018621974365544], [-121.91915437212295, 38.01711356722633], [-121.91680974552034, 38.01728352008011]]]}}, {"type": "Feature", "properties": {"id": 640, "h3": "892830cec93ffff", "area_m2": 109614.4, "lat": 38.012418, "lon": -121.917721}, "geometry": {"type": "Polygon", "coordinates": [[[-121.91646199446815, 38.01090964024889], [-121.91537665121999, 38.01258808514145], [-121.91663586474316, 38.01409662261169], [-121.91898042209203, 38.01392669204254], [-121.92006569666535, 38.01224824628956], [-121.91880648256733, 38.01073973196587], [-121.91646199446815, 38.01090964024889]]]}}, {"type": "Feature", "properties": {"id": 641, "h3": "892830cec97ffff", "area_m2": 109608.9, "lat": 38.013757, "lon": -121.921325}, "geometry": {"type": "Polygon", "coordinates": [[[-121.92006569666535, 38.01224824628956], [-121.91898042209203, 38.01392669204254], [-121.92023967606774, 38.01543515277771], [-121.9225842051826, 38.01526514461363], [-121.92366941107198, 38.01358669800572], [-121.92241015653312, 38.012078260416516], [-121.92006569666535, 38.01224824628956]]]}}, {"type": "Feature", "properties": {"id": 642, "h3": "892830cec9bffff", "area_m2": 109615.5, "lat": 38.014267, "lon": -121.914291}, "geometry": {"type": "Polygon", "coordinates": [[[-121.91303206565587, 38.012757938115], [-121.91194662436129, 38.0144363508382], [-121.91320583729848, 38.015944911453595], [-121.91555049211894, 38.01577503620035], [-121.91663586474316, 38.01409662261169], [-121.91537665121999, 38.01258808514145], [-121.91303206565587, 38.012757938115]]]}}, {"type": "Feature", "properties": {"id": 643, "h3": "892830ceca3ffff", "area_m2": 109594.7, "lat": 38.021469, "lon": -121.925277}, "geometry": {"type": "Polygon", "coordinates": [[[-121.92401759864553, 38.0199602743057], [-121.92293233402077, 38.0216386582949], [-121.92419170820612, 38.02314693507985], [-121.92653634756935, 38.02297680473394], [-121.92762154349197, 38.021298419896375], [-121.92636216875617, 38.01979016625281], [-121.92401759864553, 38.0199602743057]]]}}, {"type": "Feature", "properties": {"id": 644, "h3": "892830ceca7ffff", "area_m2": 109589.3, "lat": 38.022807, "lon": -121.928881}, "geometry": {"type": "Polygon", "coordinates": [[[-121.92762154349197, 38.021298419896375], [-121.92653634756935, 38.02297680473394], [-121.92779576219176, 38.024485004763214], [-121.93014037327826, 38.02431479681379], [-121.93122550048967, 38.022636411133355], [-121.92996608532852, 38.021128234244905], [-121.92762154349197, 38.021298419896375]]]}}, {"type": "Feature", "properties": {"id": 645, "h3": "892830cecabffff", "area_m2": 109595.8, "lat": 38.023317, "lon": -121.921847}, "geometry": {"type": "Polygon", "coordinates": [[[-121.9205876663996, 38.02180871103662], [-121.91950230370719, 38.02348706284959], [-121.92076167733096, 38.02499536277454], [-121.92310641421136, 38.024825287746246], [-121.92419170820612, 38.02314693507985], [-121.92293233402077, 38.0216386582949], [-121.9205876663996, 38.02180871103662]]]}}, {"type": "Feature", "properties": {"id": 646, "h3": "892830cecafffff", "area_m2": 109590.4, "lat": 38.024655, "lon": -121.925451}, "geometry": {"type": "Polygon", "coordinates": [[[-121.92419170820612, 38.02314693507985], [-121.92310641421136, 38.024825287746246], [-121.92436582828385, 38.02633351091492], [-121.9267105369037, 38.02616335827749], [-121.92779576219176, 38.024485004763214], [-121.92653634756935, 38.02297680473394], [-121.92419170820612, 38.02314693507985]]]}}, {"type": "Feature", "properties": {"id": 647, "h3": "892830cecb3ffff", "area_m2": 109599.1, "lat": 38.018282, "lon": -121.925103}, "geometry": {"type": "Polygon", "coordinates": [[[-121.92384349960115, 38.016773528608844], [-121.92275826434485, 38.01845194391188], [-121.92401759864553, 38.0199602743057], [-121.92636216875617, 38.01979016625281], [-121.92744733531494, 38.018111750100886], [-121.92618800046328, 38.01660344285046], [-121.92384349960115, 38.016773528608844]]]}}, {"type": "Feature", "properties": {"id": 648, "h3": "892830cecb7ffff", "area_m2": 109593.7, "lat": 38.01962, "lon": -121.928707}, "geometry": {"type": "Polygon", "coordinates": [[[-121.92744733531494, 38.018111750100886], [-121.92636216875617, 38.01979016625281], [-121.92762154349197, 38.021298419896375], [-121.92996608532852, 38.021128234244905], [-121.93105118318064, 38.01944981724964], [-121.92979180790553, 38.0179415867489], [-121.92744733531494, 38.018111750100886]]]}}, {"type": "Feature", "properties": {"id": 649, "h3": "892830cecbbffff", "area_m2": 109600.2, "lat": 38.02013, "lon": -121.921673}, "geometry": {"type": "Polygon", "coordinates": [[[-121.92041366597881, 38.018621974365544], [-121.91932833266102, 38.020300357500815], [-121.9205876663996, 38.02180871103662], [-121.92293233402077, 38.0216386582949], [-121.92401759864553, 38.0199602743057], [-121.92275826434485, 38.01845194391188], [-121.92041366597881, 38.018621974365544]]]}}, {"type": "Feature", "properties": {"id": 650, "h3": "892830cecc3ffff", "area_m2": 109617.6, "lat": 38.017963, "lon": -121.907431}, "geometry": {"type": "Polygon", "coordinates": [[[-121.90617162153362, 38.01645427134897], [-121.90508598414125, 38.018132619692985], [-121.90634519587309, 38.019641226594366], [-121.9086900456082, 38.01947146200921], [-121.90977561433915, 38.01779311278967], [-121.90851640199907, 38.016284529030564], [-121.90617162153362, 38.01645427134897]]]}}, {"type": "Feature", "properties": {"id": 651, "h3": "892830cecc7ffff", "area_m2": 109612.2, "lat": 38.019302, "lon": -121.911035}, "geometry": {"type": "Polygon", "coordinates": [[[-121.90977561433915, 38.01779311278967], [-121.9086900456082, 38.01947146200921], [-121.90994929782755, 38.020979992173785], [-121.91229411937715, 38.020810149976846], [-121.91337961943766, 38.01913179988732], [-121.9121203666217, 38.01762329286444], [-121.90977561433915, 38.01779311278967]]]}}, {"type": "Feature", "properties": {"id": 652, "h3": "892830ceccbffff", "area_m2": 109618.7, "lat": 38.019811, "lon": -121.904}, "geometry": {"type": "Polygon", "coordinates": [[[-121.90274110623936, 38.01830230666574], [-121.90165537079568, 38.01998062279988], [-121.90291458190812, 38.02148925284212], [-121.90525952908632, 38.021319543609074], [-121.90634519587309, 38.019641226594366], [-121.90508598414125, 38.018132619692985], [-121.90274110623936, 38.01830230666574]]]}}, {"type": "Feature", "properties": {"id": 653, "h3": "892830ceccfffff", "area_m2": 109613.2, "lat": 38.02115, "lon": -121.907604}, "geometry": {"type": "Polygon", "coordinates": [[[-121.90634519587309, 38.019641226594366], [-121.90525952908632, 38.021319543609074], [-121.90651878069794, 38.02282809691395], [-121.90886369970674, 38.02265831006355], [-121.90994929782755, 38.020979992173785], [-121.9086900456082, 38.01947146200921], [-121.90634519587309, 38.019641226594366]]]}}, {"type": "Feature", "properties": {"id": 654, "h3": "892830cecd3ffff", "area_m2": 109622.0, "lat": 38.014776, "lon": -121.907257}, "geometry": {"type": "Polygon", "coordinates": [[[-121.90599805767854, 38.0132672311942], [-121.90491244967907, 38.014945610858526], [-121.90617162153362, 38.01645427134897], [-121.90851640199907, 38.016284529030564], [-121.90960194134175, 38.01460614849023], [-121.90834276887844, 38.01309751114404], [-121.90599805767854, 38.0132672311942]]]}}, {"type": "Feature", "properties": {"id": 655, "h3": "892830cecd7ffff", "area_m2": 109616.5, "lat": 38.016115, "lon": -121.910861}, "geometry": {"type": "Polygon", "coordinates": [[[-121.90960194134175, 38.01460614849023], [-121.90851640199907, 38.016284529030564], [-121.90977561433915, 38.01779311278967], [-121.9121203666217, 38.01762329286444], [-121.91320583729848, 38.015944911453595], [-121.91194662436129, 38.0144363508382], [-121.90960194134175, 38.01460614849023]]]}}, {"type": "Feature", "properties": {"id": 656, "h3": "892830cecdbffff", "area_m2": 109623.1, "lat": 38.016624, "lon": -121.903827}, "geometry": {"type": "Polygon", "coordinates": [[[-121.90256764104942, 38.01511527556947], [-121.90148193500477, 38.01679362303241], [-121.90274110623936, 38.01830230666574], [-121.90508598414125, 38.018132619692985], [-121.90617162153362, 38.01645427134897], [-121.90491244967907, 38.014945610858526], [-121.90256764104942, 38.01511527556947]]]}}, {"type": "Feature", "properties": {"id": 657, "h3": "892830ced03ffff", "area_m2": 109564.2, "lat": 38.033192, "lon": -121.940042}, "geometry": {"type": "Polygon", "coordinates": [[[-121.93878255359549, 38.03168455973179], [-121.93769750512863, 38.033362884422864], [-121.93895712079654, 38.034870746872286], [-121.9413017854367, 38.03470026149528], [-121.94238676515603, 38.03302193597891], [-121.94112714898543, 38.031514096664566], [-121.93878255359549, 38.03168455973179]]]}}, {"type": "Feature", "properties": {"id": 658, "h3": "892830ced07ffff", "area_m2": 109558.8, "lat": 38.03453, "lon": -121.943646}, "geometry": {"type": "Polygon", "coordinates": [[[-121.94238676515603, 38.03302193597891], [-121.9413017854367, 38.03470026149528], [-121.94256144150681, 38.036208047158674], [-121.94490607779, 38.03603748417096], [-121.94599098875277, 38.034359157834835], [-121.94473133219161, 38.0328513953059], [-121.94238676515603, 38.03302193597891]]]}}, {"type": "Feature", "properties": {"id": 659, "h3": "892830ced0bffff", "area_m2": 109565.3, "lat": 38.035041, "lon": -121.936612}, "geometry": {"type": "Polygon", "coordinates": [[[-121.93535281215026, 38.03353329218847], [-121.9342676655856, 38.03521158470654], [-121.93552728073966, 38.0367194702896], [-121.93787204297492, 38.03654904022067], [-121.93895712079654, 38.034870746872286], [-121.93769750512863, 38.033362884422864], [-121.93535281215026, 38.03353329218847]]]}}, {"type": "Feature", "properties": {"id": 660, "h3": "892830ced0fffff", "area_m2": 109559.8, "lat": 38.036379, "lon": -121.940217}, "geometry": {"type": "Polygon", "coordinates": [[[-121.93895712079654, 38.034870746872286], [-121.93787204297492, 38.03654904022067], [-121.93913169854288, 38.038056849017124], [-121.9414764324373, 38.037886341331856], [-121.94256144150681, 38.036208047158674], [-121.9413017854367, 38.03470026149528], [-121.93895712079654, 38.034870746872286]]]}}, {"type": "Feature", "properties": {"id": 661, "h3": "892830ced13ffff", "area_m2": 109568.6, "lat": 38.030006, "lon": -121.939868}, "geometry": {"type": "Polygon", "coordinates": [[[-121.93860799693864, 38.02849828761207], [-121.93752297782504, 38.03017664363687], [-121.93878255359549, 38.03168455973179], [-121.94112714898543, 38.031514096664566], [-121.9422120993561, 38.02983573981397], [-121.94095252308242, 38.028327846856115], [-121.93860799693864, 38.02849828761207]]]}}, {"type": "Feature", "properties": {"id": 662, "h3": "892830ced17ffff", "area_m2": 109563.1, "lat": 38.031344, "lon": -121.943472}, "geometry": {"type": "Polygon", "coordinates": [[[-121.9422120993561, 38.02983573981397], [-121.94112714898543, 38.031514096664566], [-121.94238676515603, 38.03302193597891], [-121.94473133219161, 38.0328513953059], [-121.94581621381032, 38.03117303763506], [-121.9445565971481, 38.029665221457186], [-121.9422120993561, 38.02983573981397]]]}}, {"type": "Feature", "properties": {"id": 663, "h3": "892830ced1bffff", "area_m2": 109569.7, "lat": 38.031855, "lon": -121.936438}, "geometry": {"type": "Polygon", "coordinates": [[[-121.93517835409949, 38.030347029097655], [-121.93409323689423, 38.0320253529579], [-121.93535281215026, 38.03353329218847], [-121.93769750512863, 38.033362884422864], [-121.93878255359549, 38.03168455973179], [-121.93752297782504, 38.03017664363687], [-121.93517835409949, 38.030347029097655]]]}}, {"type": "Feature", "properties": {"id": 664, "h3": "892830ced23ffff", "area_m2": 109548.9, "lat": 38.039053, "lon": -121.947425}, "geometry": {"type": "Polygon", "coordinates": [[[-121.94616577425258, 38.037545193043506], [-121.94508083394419, 38.03922348803594], [-121.94634057031071, 38.04073114324466], [-121.94868524746717, 38.04056048032876], [-121.94977011900536, 38.038882184522556], [-121.94851038216001, 38.037374552445726], [-121.94616577425258, 38.037545193043506]]]}}, {"type": "Feature", "properties": {"id": 665, "h3": "892830ced27ffff", "area_m2": 109543.5, "lat": 38.04039, "lon": -121.95103}, "geometry": {"type": "Polygon", "coordinates": [[[-121.94977011900536, 38.038882184522556], [-121.94868524746717, 38.04056048032876], [-121.94994502421841, 38.04206805873633], [-121.95228967297773, 38.04189731820612], [-121.95337447573668, 38.040219021591696], [-121.95211469851826, 38.038711466315426], [-121.94977011900536, 38.038882184522556]]]}}, {"type": "Feature", "properties": {"id": 666, "h3": "892830ced2bffff", "area_m2": 109550.0, "lat": 38.040902, "lon": -121.943996}, "geometry": {"type": "Polygon", "coordinates": [[[-121.94273612840938, 38.03939407333687], [-121.94165108998808, 38.04107233615793], [-121.94291082586464, 38.04258001449711], [-121.94525560065514, 38.042409406884495], [-121.94634057031071, 38.04073114324466], [-121.94508083394419, 38.03922348803594], [-121.94273612840938, 38.03939407333687]]]}}, {"type": "Feature", "properties": {"id": 667, "h3": "892830ced2fffff", "area_m2": 109544.6, "lat": 38.042239, "lon": -121.9476}, "geometry": {"type": "Polygon", "coordinates": [[[-121.94634057031071, 38.04073114324466], [-121.94525560065514, 38.042409406884495], [-121.9465153769281, 38.043917008421964], [-121.94886012333761, 38.04374632318942], [-121.94994502421841, 38.04206805873633], [-121.94868524746717, 38.04056048032876], [-121.94634057031071, 38.04073114324466]]]}}, {"type": "Feature", "properties": {"id": 668, "h3": "892830ced33ffff", "area_m2": 109553.3, "lat": 38.035867, "lon": -121.947251}, "geometry": {"type": "Polygon", "coordinates": [[[-121.94599098875277, 38.034359157834835], [-121.94490607779, 38.03603748417096], [-121.94616577425258, 38.037545193043506], [-121.94851038216001, 38.037374552445726], [-121.94959522435717, 38.03569622529537], [-121.94833552741521, 38.03418853955672], [-121.94599098875277, 38.034359157834835]]]}}, {"type": "Feature", "properties": {"id": 669, "h3": "892830ced37ffff", "area_m2": 109547.8, "lat": 38.037204, "lon": -121.950855}, "geometry": {"type": "Polygon", "coordinates": [[[-121.94959522435717, 38.03569622529537], [-121.94851038216001, 38.037374552445726], [-121.94977011900536, 38.038882184522556], [-121.95211469851826, 38.038711466315426], [-121.95319947194078, 38.03703313835636], [-121.95193973462773, 38.03552552941284], [-121.94959522435717, 38.03569622529537]]]}}, {"type": "Feature", "properties": {"id": 670, "h3": "892830ced3bffff", "area_m2": 109554.4, "lat": 38.037716, "lon": -121.943821}, "geometry": {"type": "Polygon", "coordinates": [[[-121.94256144150681, 38.036208047158674], [-121.9414764324373, 38.037886341331856], [-121.94273612840938, 38.03939407333687], [-121.94508083394419, 38.03922348803594], [-121.94616577425258, 38.037545193043506], [-121.94490607779, 38.03603748417096], [-121.94256144150681, 38.036208047158674]]]}}, {"type": "Feature", "properties": {"id": 671, "h3": "892830ced43ffff", "area_m2": 109571.8, "lat": 38.035552, "lon": -121.929578}, "geometry": {"type": "Polygon", "coordinates": [[[-121.92831848143705, 38.034044249627904], [-121.92723316804346, 38.035722509118564], [-121.92849274223734, 38.03723049461616], [-121.93083763036414, 38.03706019749002], [-121.93192287502823, 38.03538193715847], [-121.93066330029772, 38.033873974793664], [-121.92831848143705, 38.034044249627904]]]}}, {"type": "Feature", "properties": {"id": 672, "h3": "892830ced47ffff", "area_m2": 109566.4, "lat": 38.03689, "lon": -121.933182}, "geometry": {"type": "Polygon", "coordinates": [[[-121.93192287502823, 38.03538193715847], [-121.93083763036414, 38.03706019749002], [-121.93209724499323, 38.0385681062053], [-121.93444210481411, 38.03839773145651], [-121.93552728073966, 38.0367194702896], [-121.9342676655856, 38.03521158470654], [-121.93192287502823, 38.03538193715847]]]}}, {"type": "Feature", "properties": {"id": 673, "h3": "892830ced4bffff", "area_m2": 109572.9, "lat": 38.037401, "lon": -121.926148}, "geometry": {"type": "Polygon", "coordinates": [[[-121.92488825162947, 38.03589272862141], [-121.92380284013925, 38.03757095590703], [-121.9250624137853, 38.03907896453604], [-121.9274073994721, 38.03890872274773], [-121.92849274223734, 38.03723049461616], [-121.92723316804346, 38.035722509118564], [-121.92488825162947, 38.03589272862141]]]}}, {"type": "Feature", "properties": {"id": 674, "h3": "892830ced4fffff", "area_m2": 109567.4, "lat": 38.038738, "lon": -121.929752}, "geometry": {"type": "Polygon", "coordinates": [[[-121.92849274223734, 38.03723049461616], [-121.9274073994721, 38.03890872274773], [-121.92866701356506, 38.0404166545938], [-121.93101197096207, 38.04024633517724], [-121.93209724499323, 38.0385681062053], [-121.93083763036414, 38.03706019749002], [-121.92849274223734, 38.03723049461616]]]}}, {"type": "Feature", "properties": {"id": 675, "h3": "892830ced53ffff", "area_m2": 109576.2, "lat": 38.032366, "lon": -121.929404}, "geometry": {"type": "Polygon", "coordinates": [[[-121.92814423116334, 38.030857919645385], [-121.92705894713981, 38.03253621048621], [-121.92831848143705, 38.034044249627904], [-121.93066330029772, 38.033873974793664], [-121.93174851559637, 38.03219568311145], [-121.93048898076192, 38.030687667104566], [-121.92814423116334, 38.030857919645385]]]}}, {"type": "Feature", "properties": {"id": 676, "h3": "892830ced57ffff", "area_m2": 109570.7, "lat": 38.033704, "lon": -121.933008}, "geometry": {"type": "Polygon", "coordinates": [[[-121.93174851559637, 38.03219568311145], [-121.93066330029772, 38.033873974793664], [-121.93192287502823, 38.03538193715847], [-121.9342676655856, 38.03521158470654], [-121.93535281215026, 38.03353329218847], [-121.93409323689423, 38.0320253529579], [-121.93174851559637, 38.03219568311145]]]}}, {"type": "Feature", "properties": {"id": 677, "h3": "892830ced5bffff", "area_m2": 109577.3, "lat": 38.034214, "lon": -121.925974}, "geometry": {"type": "Polygon", "coordinates": [[[-121.92471409999459, 38.03270640770208], [-121.92362871788055, 38.03438466634634], [-121.92488825162947, 38.03589272862141], [-121.92723316804346, 38.035722509118564], [-121.92831848143705, 38.034044249627904], [-121.92705894713981, 38.03253621048621], [-121.92471409999459, 38.03270640770208]]]}}, {"type": "Feature", "properties": {"id": 678, "h3": "892830ced63ffff", "area_m2": 109556.5, "lat": 38.041413, "lon": -121.936961}, "geometry": {"type": "Polygon", "coordinates": [[[-121.93570175986873, 38.039905563384615], [-121.93461655458073, 38.041583793191435], [-121.93587624953838, 38.04309157145715], [-121.93822115029954, 38.04292109678611], [-121.93930628683535, 38.04124286614996], [-121.93804659136494, 38.03973511101388], [-121.93570175986873, 38.039905563384615]]]}}, {"type": "Feature", "properties": {"id": 679, "h3": "892830ced67ffff", "area_m2": 109551.1, "lat": 38.042751, "lon": -121.940566}, "geometry": {"type": "Polygon", "coordinates": [[[-121.93930628683535, 38.04124286614996], [-121.93822115029954, 38.04292109678611], [-121.939480885675, 38.04442879825435], [-121.94182575809006, 38.0442582459571], [-121.94291082586464, 38.04258001449711], [-121.94165108998808, 38.04107233615793], [-121.93930628683535, 38.04124286614996]]]}}, {"type": "Feature", "properties": {"id": 680, "h3": "892830ced6bffff", "area_m2": 109557.6, "lat": 38.043262, "lon": -121.933531}, "geometry": {"type": "Polygon", "coordinates": [[[-121.93227162549226, 38.04175419023557], [-121.93118632209251, 38.043432387838955], [-121.93244601652627, 38.04494018923289], [-121.93479101488636, 38.04476976989491], [-121.93587624953838, 38.04309157145715], [-121.93461655458073, 38.041583793191435], [-121.93227162549226, 38.04175419023557]]]}}, {"type": "Feature", "properties": {"id": 681, "h3": "892830ced6fffff", "area_m2": 109552.2, "lat": 38.044599, "lon": -121.937136}, "geometry": {"type": "Polygon", "coordinates": [[[-121.93587624953838, 38.04309157145715], [-121.93479101488636, 38.04476976989491], [-121.93605074974957, 38.04627749449078], [-121.93839571977973, 38.046106997520965], [-121.939480885675, 38.04442879825435], [-121.93822115029954, 38.04292109678611], [-121.93587624953838, 38.04309157145715]]]}}, {"type": "Feature", "properties": {"id": 682, "h3": "892830ced73ffff", "area_m2": 109560.9, "lat": 38.038227, "lon": -121.936787}, "geometry": {"type": "Polygon", "coordinates": [[[-121.93552728073966, 38.0367194702896], [-121.93444210481411, 38.03839773145651], [-121.93570175986873, 38.039905563384615], [-121.93804659136494, 38.03973511101388], [-121.93913169854288, 38.038056849017124], [-121.93787204297492, 38.03654904022067], [-121.93552728073966, 38.0367194702896]]]}}, {"type": "Feature", "properties": {"id": 683, "h3": "892830ced77ffff", "area_m2": 109555.5, "lat": 38.039565, "lon": -121.940391}, "geometry": {"type": "Polygon", "coordinates": [[[-121.93913169854288, 38.038056849017124], [-121.93804659136494, 38.03973511101388], [-121.93930628683535, 38.04124286614996], [-121.94165108998808, 38.04107233615793], [-121.94273612840938, 38.03939407333687], [-121.9414764324373, 38.037886341331856], [-121.93913169854288, 38.038056849017124]]]}}, {"type": "Feature", "properties": {"id": 684, "h3": "892830ced7bffff", "area_m2": 109562.0, "lat": 38.040076, "lon": -121.933357}, "geometry": {"type": "Polygon", "coordinates": [[[-121.93209724499323, 38.0385681062053], [-121.93101197096207, 38.04024633517724], [-121.93227162549226, 38.04175419023557], [-121.93461655458073, 38.041583793191435], [-121.93570175986873, 38.039905563384615], [-121.93444210481411, 38.03839773145651], [-121.93209724499323, 38.0385681062053]]]}}, {"type": "Feature", "properties": {"id": 685, "h3": "892830ced83ffff", "area_m2": 109571.9, "lat": 38.024971, "lon": -121.943122}, "geometry": {"type": "Polygon", "coordinates": [[[-121.94186279940479, 38.02346309259415], [-121.94077790772678, 38.02514151208632], [-121.94203744410598, 38.026649458680254], [-121.94438187265847, 38.026478962641214], [-121.94546669559365, 38.02480054232778], [-121.94420715872184, 38.02329261887437], [-121.94186279940479, 38.02346309259415]]]}}, {"type": "Feature", "properties": {"id": 686, "h3": "892830ced87ffff", "area_m2": 109566.4, "lat": 38.026308, "lon": -121.946726}, "geometry": {"type": "Polygon", "coordinates": [[[-121.94546669559365, 38.02480054232778], [-121.94438187265847, 38.026478962641214], [-121.94564144942424, 38.02798683246057], [-121.9479858496089, 38.02781625882633], [-121.94907060379218, 38.02613783769719], [-121.94781102654544, 38.02462999101772], [-121.94546669559365, 38.02480054232778]]]}}, {"type": "Feature", "properties": {"id": 687, "h3": "892830ced8bffff", "area_m2": 109572.9, "lat": 38.02682, "lon": -121.939693}, "geometry": {"type": "Polygon", "coordinates": [[[-121.93843345082516, 38.025311930529476], [-121.93734846106325, 38.02699031787906], [-121.93860799693864, 38.02849828761207], [-121.94095252308242, 38.028327846856115], [-121.94203744410598, 38.026649458680254], [-121.94077790772678, 38.02514151208632], [-121.93843345082516, 38.025311930529476]]]}}, {"type": "Feature", "properties": {"id": 688, "h3": "892830ced8fffff", "area_m2": 109567.5, "lat": 38.028157, "lon": -121.943297}, "geometry": {"type": "Polygon", "coordinates": [[[-121.94203744410598, 38.026649458680254], [-121.94095252308242, 38.028327846856115], [-121.9422120993561, 38.02983573981397], [-121.9445565971481, 38.029665221457186], [-121.94564144942424, 38.02798683246057], [-121.94438187265847, 38.026478962641214], [-121.94203744410598, 38.026649458680254]]]}}, {"type": "Feature", "properties": {"id": 689, "h3": "892830ced93ffff", "area_m2": 109576.2, "lat": 38.021785, "lon": -121.942948}, "geometry": {"type": "Polygon", "coordinates": [[[-121.94168816525158, 38.02027664157207], [-121.9406033029176, 38.02195509237161], [-121.94186279940479, 38.02346309259415], [-121.94420715872184, 38.02329261887437], [-121.94529195231759, 38.021614167253084], [-121.94403245533721, 38.02010619017304], [-121.94168816525158, 38.02027664157207]]]}}, {"type": "Feature", "properties": {"id": 690, "h3": "892830ced97ffff", "area_m2": 109570.8, "lat": 38.023122, "lon": -121.946551}, "geometry": {"type": "Polygon", "coordinates": [[[-121.94529195231759, 38.021614167253084], [-121.94420715872184, 38.02329261887437], [-121.94546669559365, 38.02480054232778], [-121.94781102654544, 38.02462999101772], [-121.94889575139389, 38.022951538580244], [-121.94763621404056, 38.02144363826873], [-121.94529195231759, 38.021614167253084]]]}}, {"type": "Feature", "properties": {"id": 691, "h3": "892830ced9bffff", "area_m2": 109577.3, "lat": 38.023634, "lon": -121.939518}, "geometry": {"type": "Polygon", "coordinates": [[[-121.93825891525402, 38.02212548850046], [-121.93717395484228, 38.02380390716586], [-121.93843345082516, 38.025311930529476], [-121.94077790772678, 38.02514151208632], [-121.94186279940479, 38.02346309259415], [-121.9406033029176, 38.02195509237161], [-121.93825891525402, 38.02212548850046]]]}}, {"type": "Feature", "properties": {"id": 692, "h3": "892830ceda3ffff", "area_m2": 109556.6, "lat": 38.030832, "lon": -121.950505}, "geometry": {"type": "Polygon", "coordinates": [[[-121.94924546675153, 38.0293240518663], [-121.94816068323182, 38.03100244167811], [-121.94942034027285, 38.03251018107115], [-121.95176478130512, 38.032339507514735], [-121.95284949605933, 38.03066111689321], [-121.9515898385495, 38.0291534006375], [-121.94924546675153, 38.0293240518663]]]}}, {"type": "Feature", "properties": {"id": 693, "h3": "892830ceda7ffff", "area_m2": 109551.1, "lat": 38.032169, "lon": -121.954109}, "geometry": {"type": "Polygon", "coordinates": [[[-121.95284949605933, 38.03066111689321], [-121.95176478130512, 38.032339507514735], [-121.9530244787153, 38.03384717011808], [-121.95536889133953, 38.03367641896287], [-121.9564535373192, 38.03199802753717], [-121.95519383945191, 38.03049038807057], [-121.95284949605933, 38.03066111689321]]]}}, {"type": "Feature", "properties": {"id": 694, "h3": "892830cedabffff", "area_m2": 109557.7, "lat": 38.032681, "lon": -121.947076}, "geometry": {"type": "Polygon", "coordinates": [[[-121.94581621381032, 38.03117303763506], [-121.94473133219161, 38.0328513953059], [-121.94599098875277, 38.034359157834835], [-121.94833552741521, 38.03418853955672], [-121.94942034027285, 38.03251018107115], [-121.94816068323182, 38.03100244167811], [-121.94581621381032, 38.03117303763506]]]}}, {"type": "Feature", "properties": {"id": 695, "h3": "892830cedafffff", "area_m2": 109552.2, "lat": 38.034018, "lon": -121.95068}, "geometry": {"type": "Polygon", "coordinates": [[[-121.94942034027285, 38.03251018107115], [-121.94833552741521, 38.03418853955672], [-121.94959522435717, 38.03569622529537], [-121.95193973462773, 38.03552552941284], [-121.9530244787153, 38.03384717011808], [-121.95176478130512, 38.032339507514735], [-121.94942034027285, 38.03251018107115]]]}}, {"type": "Feature", "properties": {"id": 696, "h3": "892830cedb3ffff", "area_m2": 109561.0, "lat": 38.027646, "lon": -121.95033}, "geometry": {"type": "Polygon", "coordinates": [[[-121.94907060379218, 38.02613783769719], [-121.9479858496089, 38.02781625882633], [-121.94924546675153, 38.0293240518663], [-121.9515898385495, 38.0291534006375], [-121.9526745239719, 38.02747497869817], [-121.95141490635993, 38.02596720879753], [-121.94907060379218, 38.02613783769719]]]}}, {"type": "Feature", "properties": {"id": 697, "h3": "892830cedb7ffff", "area_m2": 109555.5, "lat": 38.028983, "lon": -121.953934}, "geometry": {"type": "Polygon", "coordinates": [[[-121.9526745239719, 38.02747497869817], [-121.9515898385495, 38.0291534006375], [-121.95284949605933, 38.03066111689321], [-121.95519383945191, 38.03049038807057], [-121.95627845610436, 38.0288119653266], [-121.95501879813686, 38.02730427220962], [-121.9526745239719, 38.02747497869817]]]}}, {"type": "Feature", "properties": {"id": 698, "h3": "892830cedbbffff", "area_m2": 109562.0, "lat": 38.029495, "lon": -121.946901}, "geometry": {"type": "Polygon", "coordinates": [[[-121.94564144942424, 38.02798683246057], [-121.9445565971481, 38.029665221457186], [-121.94581621381032, 38.03117303763506], [-121.94816068323182, 38.03100244167811], [-121.94924546675153, 38.0293240518663], [-121.9479858496089, 38.02781625882633], [-121.94564144942424, 38.02798683246057]]]}}, {"type": "Feature", "properties": {"id": 699, "h3": "892830cedc3ffff", "area_m2": 109579.5, "lat": 38.027331, "lon": -121.932659}, "geometry": {"type": "Polygon", "coordinates": [[[-121.93139982832803, 38.0258229200825], [-121.93031467175574, 38.02750127443915], [-121.93157416669659, 38.02900934408067], [-121.93391881873902, 38.028839036227], [-121.93500390658646, 38.027160681033514], [-121.93374441111902, 38.02565263453023], [-121.93139982832803, 38.0258229200825]]]}}, {"type": "Feature", "properties": {"id": 700, "h3": "892830cedc7ffff", "area_m2": 109574.0, "lat": 38.028669, "lon": -121.936263}, "geometry": {"type": "Polygon", "coordinates": [[[-121.93500390658646, 38.027160681033514], [-121.93391881873902, 38.028839036227], [-121.93517835409949, 38.030347029097655], [-121.93752297782504, 38.03017664363687], [-121.93860799693864, 38.02849828761207], [-121.93734846106325, 38.02699031787906], [-121.93500390658646, 38.027160681033514]]]}}, {"type": "Feature", "properties": {"id": 701, "h3": "892830cedcbffff", "area_m2": 109580.6, "lat": 38.02918, "lon": -121.929229}, "geometry": {"type": "Polygon", "coordinates": [[[-121.92796999141524, 38.02767150468502], [-121.92688473676021, 38.029349826867055], [-121.92814423116334, 38.030857919645385], [-121.93048898076192, 38.030687667104566], [-121.93157416669659, 38.02900934408067], [-121.93031467175574, 38.02750127443915], [-121.92796999141524, 38.02767150468502]]]}}, {"type": "Feature", "properties": {"id": 702, "h3": "892830cedcfffff", "area_m2": 109575.1, "lat": 38.030517, "lon": -121.932834}, "geometry": {"type": "Polygon", "coordinates": [[[-121.93157416669659, 38.02900934408067], [-121.93048898076192, 38.030687667104566], [-121.93174851559637, 38.03219568311145], [-121.93409323689423, 38.0320253529579], [-121.93517835409949, 38.030347029097655], [-121.93391881873902, 38.028839036227], [-121.93157416669659, 38.02900934408067]]]}}, {"type": "Feature", "properties": {"id": 703, "h3": "892830cedd3ffff", "area_m2": 109583.8, "lat": 38.024145, "lon": -121.932485}, "geometry": {"type": "Polygon", "coordinates": [[[-121.93122550048967, 38.022636411133355], [-121.93014037327826, 38.02431479681379], [-121.93139982832803, 38.0258229200825], [-121.93374441111902, 38.02565263453023], [-121.93482946961025, 38.02397424801246], [-121.93357001403334, 38.02246614788399], [-121.93122550048967, 38.022636411133355]]]}}, {"type": "Feature", "properties": {"id": 704, "h3": "892830cedd7ffff", "area_m2": 109578.4, "lat": 38.025482, "lon": -121.936089}, "geometry": {"type": "Polygon", "coordinates": [[[-121.93482946961025, 38.02397424801246], [-121.93374441111902, 38.02565263453023], [-121.93500390658646, 38.027160681033514], [-121.93734846106325, 38.02699031787906], [-121.93843345082516, 38.025311930529476], [-121.93717395484228, 38.02380390716586], [-121.93482946961025, 38.02397424801246]]]}}, {"type": "Feature", "properties": {"id": 705, "h3": "892830ceddbffff", "area_m2": 109584.9, "lat": 38.025993, "lon": -121.929055}, "geometry": {"type": "Polygon", "coordinates": [[[-121.92779576219176, 38.024485004763214], [-121.9267105369037, 38.02616335827749], [-121.92796999141524, 38.02767150468502], [-121.93031467175574, 38.02750127443915], [-121.93139982832803, 38.0258229200825], [-121.93014037327826, 38.02431479681379], [-121.92779576219176, 38.024485004763214]]]}}, {"type": "Feature", "properties": {"id": 706, "h3": "892830cee03ffff", "area_m2": 109609.9, "lat": 38.036763, "lon": -121.890796}, "geometry": {"type": "Polygon", "coordinates": [[[-121.88953636430679, 38.035254046304125], [-121.88845014836181, 38.03693213932228], [-121.8897094765399, 38.03844070107168], [-121.89205502132809, 38.03827114667351], [-121.89314116862047, 38.03659305275614], [-121.89188183977996, 38.03508451413587], [-121.88953636430679, 38.035254046304125]]]}}, {"type": "Feature", "properties": {"id": 707, "h3": "892830cee07ffff", "area_m2": 109604.4, "lat": 38.038102, "lon": -121.894401}, "geometry": {"type": "Polygon", "coordinates": [[[-121.89314116862047, 38.03659305275614], [-121.89205502132809, 38.03827114667351], [-121.89331439005801, 38.03977963166689], [-121.89565990673371, 38.03960999961407], [-121.89674598536439, 38.03793190480303], [-121.89548661598374, 38.03642344293819], [-121.89314116862047, 38.03659305275614]]]}}, {"type": "Feature", "properties": {"id": 708, "h3": "892830cee0bffff", "area_m2": 109610.9, "lat": 38.03861, "lon": -121.887364}, "geometry": {"type": "Polygon", "coordinates": [[[-121.8861045754799, 38.03710161606516], [-121.88501826145713, 38.03877967678062], [-121.88627758896166, 38.04028826165771], [-121.88862323116524, 38.04011876269138], [-121.8897094765399, 38.03844070107168], [-121.88845014836181, 38.03693213932228], [-121.8861045754799, 38.03710161606516]]]}}, {"type": "Feature", "properties": {"id": 709, "h3": "892830cee0fffff", "area_m2": 109605.5, "lat": 38.039949, "lon": -121.890969}, "geometry": {"type": "Polygon", "coordinates": [[[-121.8897094765399, 38.03844070107168], [-121.88862323116524, 38.04011876269138], [-121.88988259923323, 38.04162727081189], [-121.8922282133405, 38.04145769418531], [-121.89331439005801, 38.03977963166689], [-121.89205502132809, 38.03827114667351], [-121.8897094765399, 38.03844070107168]]]}}, {"type": "Feature", "properties": {"id": 710, "h3": "892830cee13ffff", "area_m2": 109614.2, "lat": 38.033576, "lon": -121.890623}, "geometry": {"type": "Polygon", "coordinates": [[[-121.88936326253291, 38.03206730652561], [-121.88827707601611, 38.033745430933294], [-121.88953636430679, 38.035254046304125], [-121.89188183977996, 38.03508451413587], [-121.89296795764871, 38.033406388828496], [-121.89170866869509, 38.0318977965888], [-121.88936326253291, 38.03206730652561]]]}}, {"type": "Feature", "properties": {"id": 711, "h3": "892830cee17ffff", "area_m2": 109608.8, "lat": 38.034915, "lon": -121.894227}, "geometry": {"type": "Polygon", "coordinates": [[[-121.89296795764871, 38.033406388828496], [-121.89188183977996, 38.03508451413587], [-121.89314116862047, 38.03659305275614], [-121.89548661598374, 38.03642344293819], [-121.89657266519541, 38.03474531673664], [-121.89531333570362, 38.033236801246936], [-121.89296795764871, 38.033406388828496]]]}}, {"type": "Feature", "properties": {"id": 712, "h3": "892830cee1bffff", "area_m2": 109615.3, "lat": 38.035424, "lon": -121.887191}, "geometry": {"type": "Polygon", "coordinates": [[[-121.88593157245182, 38.03391488545121], [-121.88484528786333, 38.035592977564626], [-121.8861045754799, 38.03710161606516], [-121.88845014836181, 38.03693213932228], [-121.88953636430679, 38.035254046304125], [-121.88827707601611, 38.033745430933294], [-121.88593157245182, 38.03391488545121]]]}}, {"type": "Feature", "properties": {"id": 713, "h3": "892830cee23ffff", "area_m2": 109594.6, "lat": 38.042627, "lon": -121.898179}, "geometry": {"type": "Polygon", "coordinates": [[[-121.89691931600575, 38.04111840784658], [-121.8958332079545, 38.042796471258185], [-121.89709265712038, 38.04430482585093], [-121.89943821497874, 38.044135093905794], [-121.90052425435462, 38.04245702960653], [-121.8992648045502, 38.04094869813978], [-121.89691931600575, 38.04111840784658]]]}}, {"type": "Feature", "properties": {"id": 714, "h3": "892830cee27ffff", "area_m2": 109589.2, "lat": 38.043965, "lon": -121.901784}, "geometry": {"type": "Polygon", "coordinates": [[[-121.90052425435462, 38.04245702960653], [-121.89943821497874, 38.044135093905794], [-121.90069770467899, 38.045643371727344], [-121.90304323438474, 38.04547356212392], [-121.9041292050762, 38.0437954969425], [-121.90286971474906, 38.04228724224638], [-121.90052425435462, 38.04245702960653]]]}}, {"type": "Feature", "properties": {"id": 715, "h3": "892830cee2bffff", "area_m2": 109595.7, "lat": 38.044475, "lon": -121.894747}, "geometry": {"type": "Polygon", "coordinates": [[[-121.89348762196228, 38.04296612554438], [-121.89240141581811, 38.044644156654876], [-121.89366086433428, 38.046152534372176], [-121.89600651964702, 38.04598285785414], [-121.89709265712038, 38.04430482585093], [-121.8958332079545, 38.042796471258185], [-121.89348762196228, 38.04296612554438]]]}}, {"type": "Feature", "properties": {"id": 716, "h3": "892830cee2fffff", "area_m2": 109590.2, "lat": 38.045813, "lon": -121.898352}, "geometry": {"type": "Polygon", "coordinates": [[[-121.89709265712038, 38.04430482585093], [-121.89600651964702, 38.04598285785414], [-121.89726600870928, 38.04749115879967], [-121.89961163588556, 38.04732140461772], [-121.90069770467899, 38.045643371727344], [-121.89943821497874, 38.044135093905794], [-121.89709265712038, 38.04430482585093]]]}}, {"type": "Feature", "properties": {"id": 717, "h3": "892830cee33ffff", "area_m2": 109599.0, "lat": 38.03944, "lon": -121.898005}, "geometry": {"type": "Polygon", "coordinates": [[[-121.89674598536439, 38.03793190480303], [-121.89565990673371, 38.03960999961407], [-121.89691931600575, 38.04111840784658], [-121.8992648045502, 38.04094869813978], [-121.90035081451012, 38.03927060244057], [-121.89909140459902, 38.037762217336045], [-121.89674598536439, 38.03793190480303]]]}}, {"type": "Feature", "properties": {"id": 718, "h3": "892830cee37ffff", "area_m2": 109593.5, "lat": 38.040779, "lon": -121.90161}, "geometry": {"type": "Polygon", "coordinates": [[[-121.90035081451012, 38.03927060244057], [-121.8992648045502, 38.04094869813978], [-121.90052425435462, 38.04245702960653], [-121.90286971474906, 38.04228724224638], [-121.90395565602914, 38.040609145664526], [-121.90269620559731, 38.03910083732519], [-121.90035081451012, 38.03927060244057]]]}}, {"type": "Feature", "properties": {"id": 719, "h3": "892830cee3bffff", "area_m2": 109600.1, "lat": 38.041288, "lon": -121.894574}, "geometry": {"type": "Polygon", "coordinates": [[[-121.89331439005801, 38.03977963166689], [-121.8922282133405, 38.04145769418531], [-121.89348762196228, 38.04296612554438], [-121.8958332079545, 38.042796471258185], [-121.89691931600575, 38.04111840784658], [-121.89565990673371, 38.03960999961407], [-121.89331439005801, 38.03977963166689]]]}}, {"type": "Feature", "properties": {"id": 720, "h3": "892830cee43ffff", "area_m2": 109617.5, "lat": 38.039118, "lon": -121.880327}, "geometry": {"type": "Polygon", "coordinates": [[[-121.87906760590491, 38.037609780101164], [-121.87798112516822, 38.03928780758562], [-121.87924041140315, 38.04079649234125], [-121.88158617907386, 38.04062712648531], [-121.88267259117606, 38.03894909808605], [-121.88141330424473, 38.03744043645726], [-121.87906760590491, 38.037609780101164]]]}}, {"type": "Feature", "properties": {"id": 721, "h3": "892830cee47ffff", "area_m2": 109612.0, "lat": 38.040458, "lon": -121.883932}, "geometry": {"type": "Polygon", "coordinates": [[[-121.88267259117606, 38.03894909808605], [-121.88158617907386, 38.04062712648531], [-121.88284550589364, 38.04213573448868], [-121.88519124550304, 38.04196629096623], [-121.88627758896166, 38.04028826165771], [-121.88501826145713, 38.03877967678062], [-121.88267259117606, 38.03894909808605]]]}}, {"type": "Feature", "properties": {"id": 722, "h3": "892830cee4bffff", "area_m2": 109618.5, "lat": 38.040966, "lon": -121.876895}, "geometry": {"type": "Polygon", "coordinates": [[[-121.87563532945492, 38.03945709577442], [-121.87454875064171, 38.04113509092416], [-121.87580803616906, 38.04264379880519], [-121.87815390121989, 38.04247448841081], [-121.87924041140315, 38.04079649234125], [-121.87798112516822, 38.03928780758562], [-121.87563532945492, 38.03945709577442]]]}}, {"type": "Feature", "properties": {"id": 723, "h3": "892830cee4fffff", "area_m2": 109613.1, "lat": 38.042305, "lon": -121.8805}, "geometry": {"type": "Polygon", "coordinates": [[[-121.87924041140315, 38.04079649234125], [-121.87815390121989, 38.04247448841081], [-121.87941322734378, 38.04398311953901], [-121.88175906434948, 38.04381373147253], [-121.88284550589364, 38.04213573448868], [-121.88158617907386, 38.04062712648531], [-121.87924041140315, 38.04079649234125]]]}}, {"type": "Feature", "properties": {"id": 724, "h3": "892830cee53ffff", "area_m2": 109621.8, "lat": 38.035932, "lon": -121.880154}, "geometry": {"type": "Polygon", "coordinates": [[[-121.8788948108482, 38.034422982835146], [-121.87780835955648, 38.036101041725544], [-121.87906760590491, 38.037609780101164], [-121.88141330424473, 38.03744043645726], [-121.88249968690651, 38.035762376651576], [-121.88124043986114, 38.0342536614048], [-121.8788948108482, 38.034422982835146]]]}}, {"type": "Feature", "properties": {"id": 725, "h3": "892830cee57ffff", "area_m2": 109616.4, "lat": 38.037271, "lon": -121.883759}, "geometry": {"type": "Polygon", "coordinates": [[[-121.88249968690651, 38.035762376651576], [-121.88141330424473, 38.03744043645726], [-121.88267259117606, 38.03894909808605], [-121.88501826145713, 38.03877967678062], [-121.8861045754799, 38.03710161606516], [-121.88484528786333, 38.035592977564626], [-121.88249968690651, 38.035762376651576]]]}}, {"type": "Feature", "properties": {"id": 726, "h3": "892830cee5bffff", "area_m2": 109622.9, "lat": 38.037779, "lon": -121.876722}, "geometry": {"type": "Polygon", "coordinates": [[[-121.87546263317668, 38.03627030770728], [-121.87437608381457, 38.037948334271405], [-121.87563532945492, 38.03945709577442], [-121.87798112516822, 38.03928780758562], [-121.87906760590491, 38.037609780101164], [-121.87780835955648, 38.036101041725544], [-121.87546263317668, 38.03627030770728]]]}}, {"type": "Feature", "properties": {"id": 727, "h3": "892830cee63ffff", "area_m2": 109602.2, "lat": 38.044983, "lon": -121.88771}, "geometry": {"type": "Polygon", "coordinates": [[[-121.88645061289799, 38.04347482221245], [-121.885364240002, 38.0451528201051], [-121.88662364728985, 38.046661297713], [-121.88896942814894, 38.04649175430427], [-121.8900557323877, 38.04481375550836], [-121.88879632442729, 38.043305301024155], [-121.88645061289799, 38.04347482221245]]]}}, {"type": "Feature", "properties": {"id": 728, "h3": "892830cee67ffff", "area_m2": 109596.7, "lat": 38.046322, "lon": -121.891315}, "geometry": {"type": "Polygon", "coordinates": [[[-121.8900557323877, 38.04481375550836], [-121.88896942814894, 38.04649175430427], [-121.89022887600426, 38.0480001551447], [-121.89257462876188, 38.04783053406581], [-121.89366086433428, 38.046152534372176], [-121.89240141581811, 38.044644156654876], [-121.8900557323877, 38.04481375550836]]]}}, {"type": "Feature", "properties": {"id": 729, "h3": "892830cee6bffff", "area_m2": 109603.3, "lat": 38.046831, "lon": -121.884278}, "geometry": {"type": "Polygon", "coordinates": [[[-121.8830184310602, 38.04532228584303], [-121.88193196007255, 38.047000251402544], [-121.88319136667668, 38.04850875213271], [-121.8855372449549, 38.048339264180804], [-121.88662364728985, 38.046661297713], [-121.885364240002, 38.0451528201051], [-121.8830184310602, 38.04532228584303]]]}}, {"type": "Feature", "properties": {"id": 730, "h3": "892830cee6fffff", "area_m2": 109597.8, "lat": 38.04817, "lon": -121.887883}, "geometry": {"type": "Polygon", "coordinates": [[[-121.88662364728985, 38.046661297713], [-121.8855372449549, 38.048339264180804], [-121.88679669213819, 38.04984768814296], [-121.88914254233116, 38.04967812251528], [-121.89022887600426, 38.0480001551447], [-121.88896942814894, 38.04649175430427], [-121.88662364728985, 38.046661297713]]]}}, {"type": "Feature", "properties": {"id": 731, "h3": "892830cee73ffff", "area_m2": 109606.6, "lat": 38.041797, "lon": -121.887537}, "geometry": {"type": "Polygon", "coordinates": [[[-121.88627758896166, 38.04028826165771], [-121.88519124550304, 38.04196629096623], [-121.88645061289799, 38.04347482221245], [-121.88879632442729, 38.043305301024155], [-121.88988259923323, 38.04162727081189], [-121.88862323116524, 38.04011876269138], [-121.88627758896166, 38.04028826165771]]]}}, {"type": "Feature", "properties": {"id": 732, "h3": "892830cee77ffff", "area_m2": 109601.1, "lat": 38.043136, "lon": -121.891142}, "geometry": {"type": "Polygon", "coordinates": [[[-121.88988259923323, 38.04162727081189], [-121.88879632442729, 38.043305301024155], [-121.8900557323877, 38.04481375550836], [-121.89240141581811, 38.044644156654876], [-121.89348762196228, 38.04296612554438], [-121.8922282133405, 38.04145769418531], [-121.88988259923323, 38.04162727081189]]]}}, {"type": "Feature", "properties": {"id": 733, "h3": "892830cee7bffff", "area_m2": 109607.6, "lat": 38.043644, "lon": -121.884105}, "geometry": {"type": "Polygon", "coordinates": [[[-121.88284550589364, 38.04213573448868], [-121.88175906434948, 38.04381373147253], [-121.8830184310602, 38.04532228584303], [-121.885364240002, 38.0451528201051], [-121.88645061289799, 38.04347482221245], [-121.88519124550304, 38.04196629096623], [-121.88284550589364, 38.04213573448868]]]}}, {"type": "Feature", "properties": {"id": 734, "h3": "892830cee83ffff", "area_m2": 109617.5, "lat": 38.028541, "lon": -121.893881}, "geometry": {"type": "Polygon", "coordinates": [[[-121.89262156709889, 38.02703280598818], [-121.89153550807258, 38.028710994048694], [-121.89279475714183, 38.03021963990037], [-121.8951400658924, 38.030050074556705], [-121.89622605627072, 38.028371885601025], [-121.89496680654915, 38.0268632628839], [-121.89262156709889, 38.02703280598818]]]}}, {"type": "Feature", "properties": {"id": 735, "h3": "892830cee87ffff", "area_m2": 109612.1, "lat": 38.02988, "lon": -121.897485}, "geometry": {"type": "Polygon", "coordinates": [[[-121.89622605627072, 38.028371885601025], [-121.8951400658924, 38.030050074556705], [-121.89639935549783, 38.03155864366385], [-121.89874463612493, 38.03138900068104], [-121.8998305578462, 38.02971081083573], [-121.89857126760013, 38.02820226486257], [-121.89622605627072, 38.028371885601025]]]}}, {"type": "Feature", "properties": {"id": 736, "h3": "892830cee8bffff", "area_m2": 109618.6, "lat": 38.030389, "lon": -121.890449}, "geometry": {"type": "Polygon", "coordinates": [[[-121.88919017121735, 38.02888048175258], [-121.88810401412712, 38.030558637540814], [-121.88936326253291, 38.03206730652561], [-121.89170866869509, 38.0318977965888], [-121.89279475714183, 38.03021963990037], [-121.89153550807258, 38.028710994048694], [-121.88919017121735, 38.02888048175258]]]}}, {"type": "Feature", "properties": {"id": 737, "h3": "892830cee8fffff", "area_m2": 109613.2, "lat": 38.031728, "lon": -121.894054}, "geometry": {"type": "Polygon", "coordinates": [[[-121.89279475714183, 38.03021963990037], [-121.89170866869509, 38.0318977965888], [-121.89296795764871, 38.033406388828496], [-121.89531333570362, 38.033236801246936], [-121.89639935549783, 38.03155864366385], [-121.8951400658924, 38.030050074556705], [-121.89279475714183, 38.03021963990037]]]}}, {"type": "Feature", "properties": {"id": 738, "h3": "892830cee93ffff", "area_m2": 109621.9, "lat": 38.025355, "lon": -121.893708}, "geometry": {"type": "Polygon", "coordinates": [[[-121.8924483875189, 38.023845887108294], [-121.89136235791152, 38.02552410653195], [-121.89262156709889, 38.02703280598818], [-121.89496680654915, 38.0268632628839], [-121.89605276751313, 38.025185042564594], [-121.89479355767293, 38.02367636624493], [-121.8924483875189, 38.023845887108294]]]}}, {"type": "Feature", "properties": {"id": 739, "h3": "892830cee97ffff", "area_m2": 109616.5, "lat": 38.026694, "lon": -121.897312}, "geometry": {"type": "Polygon", "coordinates": [[[-121.89605276751313, 38.025185042564594], [-121.89496680654915, 38.0268632628839], [-121.89622605627072, 38.028371885601025], [-121.89857126760013, 38.02820226486257], [-121.89965715991164, 38.02652404365314], [-121.89839790954889, 38.025015444072], [-121.89605276751313, 38.025185042564594]]]}}, {"type": "Feature", "properties": {"id": 740, "h3": "892830cee9bffff", "area_m2": 109623.0, "lat": 38.027202, "lon": -121.890276}, "geometry": {"type": "Polygon", "coordinates": [[[-121.88901709035919, 38.02569357200139], [-121.88793096269399, 38.02737175916121], [-121.88919017121735, 38.02888048175258], [-121.89153550807258, 38.028710994048694], [-121.89262156709889, 38.02703280598818], [-121.89136235791152, 38.02552410653195], [-121.88901709035919, 38.02569357200139]]]}}, {"type": "Feature", "properties": {"id": 741, "h3": "892830ceea3ffff", "area_m2": 109602.3, "lat": 38.034406, "lon": -121.901263}, "geometry": {"type": "Polygon", "coordinates": [[[-121.90000396625685, 38.032897493038774], [-121.89891801512425, 38.03457565151099], [-121.90017738514447, 38.03608409024585], [-121.90252270692851, 38.03591434737675], [-121.90360858939042, 38.034236188020905], [-121.9023492187417, 38.03272777241747], [-121.90000396625685, 38.032897493038774]]]}}, {"type": "Feature", "properties": {"id": 742, "h3": "892830ceea7ffff", "area_m2": 109596.8, "lat": 38.035745, "lon": -121.904868}, "geometry": {"type": "Polygon", "coordinates": [[[-121.90360858939042, 38.034236188020905], [-121.90252270692851, 38.03591434737675], [-121.90378211746751, 38.037422709351866], [-121.90612741108792, 38.03725288883999], [-121.90721322487005, 38.03557472860604], [-121.90595381371426, 38.034066389761776], [-121.90360858939042, 38.034236188020905]]]}}, {"type": "Feature", "properties": {"id": 743, "h3": "892830ceeabffff", "area_m2": 109603.4, "lat": 38.036254, "lon": -121.897832}, "geometry": {"type": "Polygon", "coordinates": [[[-121.89657266519541, 38.03474531673664], [-121.89548661598374, 38.03642344293819], [-121.89674598536439, 38.03793190480303], [-121.89909140459902, 38.037762217336045], [-121.90017738514447, 38.03608409024585], [-121.89891801512425, 38.03457565151099], [-121.89657266519541, 38.03474531673664]]]}}, {"type": "Feature", "properties": {"id": 744, "h3": "892830ceeafffff", "area_m2": 109597.9, "lat": 38.037592, "lon": -121.901437}, "geometry": {"type": "Polygon", "coordinates": [[[-121.90017738514447, 38.03608409024585], [-121.89909140459902, 38.037762217336045], [-121.90035081451012, 38.03927060244057], [-121.90269620559731, 38.03910083732519], [-121.90378211746751, 38.037422709351866], [-121.90252270692851, 38.03591434737675], [-121.90017738514447, 38.03608409024585]]]}}, {"type": "Feature", "properties": {"id": 745, "h3": "892830ceeb3ffff", "area_m2": 109606.7, "lat": 38.031219, "lon": -121.90109}, "geometry": {"type": "Polygon", "coordinates": [[[-121.8998305578462, 38.02971081083573], [-121.89874463612493, 38.03138900068104], [-121.90000396625685, 38.032897493038774], [-121.9023492187417, 38.03272777241747], [-121.90343507179686, 38.03104958168804], [-121.90217574103599, 38.02954111246375], [-121.8998305578462, 38.02971081083573]]]}}, {"type": "Feature", "properties": {"id": 746, "h3": "892830ceeb7ffff", "area_m2": 109601.2, "lat": 38.032558, "lon": -121.904694}, "geometry": {"type": "Polygon", "coordinates": [[[-121.90343507179686, 38.03104958168804], [-121.9023492187417, 38.03272777241747], [-121.90360858939042, 38.034236188020905], [-121.90595381371426, 38.034066389761776], [-121.90703959809422, 38.03238819815376], [-121.90578022682821, 38.03087980568319], [-121.90343507179686, 38.03104958168804]]]}}, {"type": "Feature", "properties": {"id": 747, "h3": "892830ceebbffff", "area_m2": 109607.7, "lat": 38.033067, "lon": -121.897659}, "geometry": {"type": "Polygon", "coordinates": [[[-121.89639935549783, 38.03155864366385], [-121.89531333570362, 38.033236801246936], [-121.89657266519541, 38.03474531673664], [-121.89891801512425, 38.03457565151099], [-121.90000396625685, 38.032897493038774], [-121.89874463612493, 38.03138900068104], [-121.89639935549783, 38.03155864366385]]]}}, {"type": "Feature", "properties": {"id": 748, "h3": "892830ceec3ffff", "area_m2": 109625.1, "lat": 38.030897, "lon": -121.883413}, "geometry": {"type": "Polygon", "coordinates": [[[-121.88215390970781, 38.0293886787526], [-121.88106758592214, 38.03106680134431], [-121.88232679308408, 38.032575570201615], [-121.88467232472067, 38.032406193334694], [-121.88575857987647, 38.03072806983225], [-121.88449937202822, 38.02921932410718], [-121.88215390970781, 38.0293886787526]]]}}, {"type": "Feature", "properties": {"id": 749, "h3": "892830ceec7ffff", "area_m2": 109619.7, "lat": 38.032237, "lon": -121.887018}, "geometry": {"type": "Polygon", "coordinates": [[[-121.88575857987647, 38.03072806983225], [-121.88467232472067, 38.032406193334694], [-121.88593157245182, 38.03391488545121], [-121.88827707601611, 38.033745430933294], [-121.88936326253291, 38.03206730652561], [-121.88810401412712, 38.030558637540814], [-121.88575857987647, 38.03072806983225]]]}}, {"type": "Feature", "properties": {"id": 750, "h3": "892830ceecbffff", "area_m2": 109626.2, "lat": 38.032745, "lon": -121.879981}, "geometry": {"type": "Polygon", "coordinates": [[[-121.87872202623203, 38.0312361005596], [-121.8776356043837, 38.032914190846995], [-121.8788948108482, 38.034422982835146], [-121.88124043986114, 38.0342536614048], [-121.88232679308408, 38.032575570201615], [-121.88106758592214, 38.03106680134431], [-121.87872202623203, 38.0312361005596]]]}}, {"type": "Feature", "properties": {"id": 751, "h3": "892830ceecfffff", "area_m2": 109620.8, "lat": 38.034084, "lon": -121.883586}, "geometry": {"type": "Polygon", "coordinates": [[[-121.88232679308408, 38.032575570201615], [-121.88124043986114, 38.0342536614048], [-121.88249968690651, 38.035762376651576], [-121.88484528786333, 38.035592977564626], [-121.88593157245182, 38.03391488545121], [-121.88467232472067, 38.032406193334694], [-121.88232679308408, 38.032575570201615]]]}}, {"type": "Feature", "properties": {"id": 752, "h3": "892830ceed3ffff", "area_m2": 109629.5, "lat": 38.027711, "lon": -121.88324}, "geometry": {"type": "Polygon", "coordinates": [[[-121.88198103677675, 38.026201702320925], [-121.88089474242683, 38.027879856292195], [-121.88215390970781, 38.0293886787526], [-121.88449937202822, 38.02921932410718], [-121.88558559775281, 38.02754116922468], [-121.88432642978503, 38.026032369898545], [-121.88198103677675, 38.026201702320925]]]}}, {"type": "Feature", "properties": {"id": 753, "h3": "892830ceed7ffff", "area_m2": 109624.1, "lat": 38.02905, "lon": -121.886845}, "geometry": {"type": "Polygon", "coordinates": [[[-121.88558559775281, 38.02754116922468], [-121.88449937202822, 38.02921932410718], [-121.88575857987647, 38.03072806983225], [-121.88810401412712, 38.030558637540814], [-121.88919017121735, 38.02888048175258], [-121.88793096269399, 38.02737175916121], [-121.88558559775281, 38.02754116922468]]]}}, {"type": "Feature", "properties": {"id": 754, "h3": "892830ceedbffff", "area_m2": 109630.6, "lat": 38.029558, "lon": -121.879808}, "geometry": {"type": "Polygon", "coordinates": [[[-121.87854925205544, 38.02804913329094], [-121.87746285964899, 38.02972725496636], [-121.87872202623203, 38.0312361005596], [-121.88106758592214, 38.03106680134431], [-121.88215390970781, 38.0293886787526], [-121.88089474242683, 38.027879856292195], [-121.87854925205544, 38.02804913329094]]]}}]}