{"type": "FeatureCollection", "norm": {"lst": [38.5062, 52.79], "green": [0.0, 21.8615], "ac": [69.3, 96.3], "pct65": [6.2023, 24.1757], "pop": [1.0, 493.54]}, "metadata": {"schema_version": 3, "acs_year": 2024, "lace_year": 2023, "canopy_baseline_min_coverage": 0.99, "stability": {"draws": 300, "seed": 20260913, "top_tier_n": 57, "rank_percentiles": [5, 95], "varied": "ACS block-group population and residents 65+ within 90% MOE (overlap-weighted, correlated across cells); LACE tract A/C within 90% MOE; non-zero weights \u00b10.10 renormalised; population slope \u00b10.10", "held_fixed": "surface temperature, tree cover, walking time, within-block-group allocation", "age_share": "raw census share re-drawn, then shrink_age65 once (as 05)", "computed": "2026-09-25"}}, "features": [{"type": "Feature", "properties": {"id": 0, "name": "Shore Acres N 8", "lst": 22.26, "green": 0.0, "pop": 0, "pct65": 12.9, "ac": 65.05, "holc": null, "access_min": 117.7, "access_km": 9.42, "score": null, "rank": null, "area_m2": 109508, "street_m": 0, "canopy_m2": 0.0, "row_m2": 0.0, "row_canopy": 0.0, "veg": 0.0, "place": "empty", "land": "open water", "green_src": "canopy", "canopy_source": "chm-legacy", "canopy_year": "2009-2020", "assessed_m2": 178660.8, "coverage_frac": 1.0, "canopy_quality": "full", "scenario_ok": false, "canopy_baseline_ok": false, "ac_src": "income-model", "ac_coverage": null, "acs_year": 2024, "access_snap_m": 1249.0, "access_quality": "approach-review", "access_src": "routed", "city": "Bay Point", "city_kind": "cdp", "inside_frac": 0.579, "rank_lo": null, "rank_hi": null, "rank_top_share": null}, "geometry": {"type": "Polygon", "coordinates": [[[-121.96814, 38.05194], [-121.96706, 38.05361], [-121.96832, 38.05512], [-121.97066, 38.05495], [-121.97175, 38.05327], [-121.97049, 38.05176], [-121.96814, 38.05194]]]}}, {"type": "Feature", "properties": {"id": 1, "name": "Shore Acres N 10", "lst": 22.17, "green": 0.0, "pop": 0, "pct65": 12.9, "ac": 65.05, "holc": null, "access_min": 117.3, "access_km": 9.38, "score": null, "rank": null, "area_m2": 109508, "street_m": 0, "canopy_m2": 0.0, "row_m2": 0.0, "row_canopy": 0.0, "veg": 0.0, "place": "empty", "land": "open water", "green_src": "canopy", "canopy_source": "chm-legacy", "canopy_year": "2009-2020", "assessed_m2": 178672.32, "coverage_frac": 1.0, "canopy_quality": "full", "scenario_ok": false, "canopy_baseline_ok": false, "ac_src": "income-model", "ac_coverage": null, "acs_year": 2024, "access_snap_m": 1634.0, "access_quality": "approach-review", "access_src": "routed", "city": "Bay Point", "city_kind": "cdp", "inside_frac": 0.724, "rank_lo": null, "rank_hi": null, "rank_top_share": null}, "geometry": {"type": "Polygon", "coordinates": [[[-121.96471, 38.05379], [-121.96363, 38.05546], [-121.96489, 38.05697], [-121.96723, 38.0568], [-121.96832, 38.05512], [-121.96706, 38.05361], [-121.96471, 38.05379]]]}}, {"type": "Feature", "properties": {"id": 2, "name": "Shore Acres NE 19", "lst": 22.16, "green": 0.0, "pop": 0, "pct65": 12.9, "ac": 65.05, "holc": null, "access_min": 116.9, "access_km": 9.35, "score": null, "rank": null, "area_m2": 109515, "street_m": 0, "canopy_m2": 0.0, "row_m2": 0.0, "row_canopy": 0.0, "veg": 0.0, "place": "empty", "land": "open water", "green_src": "canopy", "canopy_source": "chm-legacy", "canopy_year": "2009-2020", "assessed_m2": 178683.84, "coverage_frac": 1.0, "canopy_quality": "full", "scenario_ok": false, "canopy_baseline_ok": false, "ac_src": "income-model", "ac_coverage": null, "acs_year": 2024, "access_snap_m": 1604.0, "access_quality": "approach-review", "access_src": "routed", "city": "Bay Point", "city_kind": "cdp", "inside_frac": 0.344, "rank_lo": null, "rank_hi": null, "rank_top_share": null}, "geometry": {"type": "Polygon", "coordinates": [[[-121.95768, 38.0543], [-121.95659, 38.05598], [-121.95785, 38.05748], [-121.9602, 38.05731], [-121.96128, 38.05563], [-121.96002, 38.05413], [-121.95768, 38.0543]]]}}, {"type": "Feature", "properties": {"id": 3, "name": "Oak Hills S 11", "lst": 42.87, "green": 3.09, "pop": 39, "pct65": 13.2, "ac": 96.22, "holc": null, "access_min": 95.2, "access_km": 7.62, "score": 42.8, "rank": 443.0, "area_m2": 109605, "street_m": 361, "canopy_m2": 616.0, "row_m2": 0.0, "row_canopy": 0.0, "veg": 16.5, "place": "res", "land": null, "green_src": "canopy", "canopy_source": "usfs-2022", "canopy_year": "2022", "assessed_m2": 19963.08, "coverage_frac": 0.1820279162796056, "canopy_quality": "partial", "scenario_ok": true, "canopy_baseline_ok": false, "ac_src": "lace", "ac_coverage": 1.0, "acs_year": 2024, "access_snap_m": 824.0, "access_quality": "approach-review", "access_src": "routed", "city": "Pittsburg", "city_kind": "city", "inside_frac": 0.64, "rank_lo": 389, "rank_hi": 478, "rank_top_share": 0.0}, "geometry": {"type": "Polygon", "coordinates": [[[-121.94732, 37.99427], [-121.94624, 37.99595], [-121.9475, 37.99746], [-121.94984, 37.99729], [-121.95093, 37.99561], [-121.94967, 37.9941], [-121.94732, 37.99427]]]}}, {"type": "Feature", "properties": {"id": 4, "name": "Oak Hills S 9", "lst": 41.57, "green": 0.0, "pop": 1, "pct65": 13.0, "ac": 79.9, "holc": null, "access_min": 96.7, "access_km": 7.74, "score": 60.0, "rank": 179.0, "area_m2": 109606, "street_m": 0, "canopy_m2": 0.0, "row_m2": 0.0, "row_canopy": 0.0, "veg": 11.6, "place": "res", "land": null, "green_src": "canopy", "canopy_source": "chm-legacy", "canopy_year": "2009-2020", "assessed_m2": 178548.48, "coverage_frac": 1.0, "canopy_quality": "full", "scenario_ok": false, "canopy_baseline_ok": false, "ac_src": "lace", "ac_coverage": 1.0, "acs_year": 2024, "access_snap_m": 461.0, "access_quality": "approach-review", "access_src": "routed", "city": "Pittsburg", "city_kind": "city", "inside_frac": 0.047, "rank_lo": 104, "rank_hi": 226, "rank_top_share": 0.0}, "geometry": {"type": "Polygon", "coordinates": [[[-121.94389, 37.99612], [-121.94281, 37.9978], [-121.94407, 37.99931], [-121.94641, 37.99914], [-121.9475, 37.99746], [-121.94624, 37.99595], [-121.94389, 37.99612]]]}}, {"type": "Feature", "properties": {"id": 5, "name": "Oak Hills S 14", "lst": 43.36, "green": 0.35, "pop": 7, "pct65": 12.8, "ac": 95.57, "holc": null, "access_min": 91.0, "access_km": 7.28, "score": 46.6, "rank": 380.0, "area_m2": 109609, "street_m": 370, "canopy_m2": 379.0, "row_m2": 0.0, "row_canopy": 0.0, "veg": 13.0, "place": "res", "land": null, "green_src": "canopy", "canopy_source": "chm-legacy", "canopy_year": "2009-2020", "assessed_m2": 178472.16, "coverage_frac": 1.0, "canopy_quality": "full", "scenario_ok": true, "canopy_baseline_ok": false, "ac_src": "lace", "ac_coverage": 1.0, "acs_year": 2024, "access_snap_m": 484.0, "access_quality": "approach-review", "access_src": "routed", "city": "Pittsburg", "city_kind": "city", "inside_frac": 0.422, "rank_lo": 287, "rank_hi": 434, "rank_top_share": 0.0}, "geometry": {"type": "Polygon", "coordinates": [[[-121.94715, 37.99108], [-121.94606, 37.99276], [-121.94732, 37.99427], [-121.94967, 37.9941], [-121.95075, 37.99242], [-121.94949, 37.99091], [-121.94715, 37.99108]]]}}, {"type": "Feature", "properties": {"id": 6, "name": "Oak Hills S 20", "lst": 46.88, "green": 0.0, "pop": 6, "pct65": 12.8, "ac": 95.67, "holc": null, "access_min": 83.1, "access_km": 6.65, "score": 47.2, "rank": 364.0, "area_m2": 109612, "street_m": 201, "canopy_m2": 0.0, "row_m2": 0.0, "row_canopy": 0.0, "veg": 13.4, "place": "res", "land": null, "green_src": "canopy", "canopy_source": "chm-legacy", "canopy_year": "2009-2020", "assessed_m2": 178452.0, "coverage_frac": 1.0, "canopy_quality": "full", "scenario_ok": true, "canopy_baseline_ok": false, "ac_src": "lace", "ac_coverage": 1.0, "acs_year": 2024, "access_snap_m": 409.0, "access_quality": "approach-review", "access_src": "routed", "city": "Pittsburg", "city_kind": "city", "inside_frac": 0.384, "rank_lo": 279, "rank_hi": 410, "rank_top_share": 0.0}, "geometry": {"type": "Polygon", "coordinates": [[[-121.9504, 37.98605], [-121.94932, 37.98773], [-121.95058, 37.98923], [-121.95292, 37.98906], [-121.954, 37.98739], [-121.95274, 37.98588], [-121.9504, 37.98605]]]}}, {"type": "Feature", "properties": {"id": 7, "name": "Oak Hills S 17", "lst": 43.76, "green": 0.0, "pop": 3, "pct65": 12.9, "ac": 94.78, "holc": null, "access_min": 87.5, "access_km": 7.0, "score": 47.7, "rank": 348.0, "area_m2": 109613, "street_m": 283, "canopy_m2": 0.0, "row_m2": 0.0, "row_canopy": 0.0, "veg": 12.7, "place": "res", "land": null, "green_src": "canopy", "canopy_source": "chm-legacy", "canopy_year": "2009-2020", "assessed_m2": 178459.2, "coverage_frac": 1.0, "canopy_quality": "full", "scenario_ok": true, "canopy_baseline_ok": false, "ac_src": "lace", "ac_coverage": 1.0, "acs_year": 2024, "access_snap_m": 201.0, "access_quality": "approach-review", "access_src": "routed", "city": "Pittsburg", "city_kind": "city", "inside_frac": 0.168, "rank_lo": 242, "rank_hi": 418, "rank_top_share": 0.0}, "geometry": {"type": "Polygon", "coordinates": [[[-121.94697, 37.9879], [-121.94589, 37.98958], [-121.94715, 37.99108], [-121.94949, 37.99091], [-121.95058, 37.98923], [-121.94932, 37.98773], [-121.94697, 37.9879]]]}}, {"type": "Feature", "properties": {"id": 8, "name": "Oak Hills SW 7", "lst": 45.3, "green": 0.0, "pop": 16, "pct65": 12.7, "ac": 95.8, "holc": null, "access_min": 108.3, "access_km": 8.67, "score": 47.9, "rank": 332.0, "area_m2": 109587, "street_m": 0, "canopy_m2": 0.0, "row_m2": 0.0, "row_canopy": 0.0, "veg": 10.9, "place": "res", "land": null, "green_src": "canopy", "canopy_source": "chm-legacy", "canopy_year": "2009-2020", "assessed_m2": 178521.12, "coverage_frac": 1.0, "canopy_quality": "full", "scenario_ok": false, "canopy_baseline_ok": false, "ac_src": "lace", "ac_coverage": 1.0, "acs_year": 2024, "access_snap_m": 283.0, "access_quality": "approach-review", "access_src": "routed", "city": "Pittsburg", "city_kind": "city", "inside_frac": 1.0, "rank_lo": 243, "rank_hi": 384, "rank_top_share": 0.0}, "geometry": {"type": "Polygon", "coordinates": [[[-121.96156, 37.99643], [-121.96047, 37.99811], [-121.96173, 37.99962], [-121.96408, 37.99945], [-121.96516, 37.99777], [-121.9639, 37.99626], [-121.96156, 37.99643]]]}}, {"type": "Feature", "properties": {"id": 9, "name": "Vista Del Mar SW 7", "lst": 46.13, "green": 0.0, "pop": 16, "pct65": 12.7, "ac": 95.8, "holc": null, "access_min": 80.8, "access_km": 6.47, "score": 47.9, "rank": 333.0, "area_m2": 109582, "street_m": 0, "canopy_m2": 0.0, "row_m2": 0.0, "row_canopy": 0.0, "veg": 12.4, "place": "res", "land": null, "green_src": "canopy", "canopy_source": "chm-legacy", "canopy_year": "2009-2020", "assessed_m2": 178524.0, "coverage_frac": 1.0, "canopy_quality": "full", "scenario_ok": false, "canopy_baseline_ok": false, "ac_src": "lace", "ac_coverage": 1.0, "acs_year": 2024, "access_snap_m": 380.0, "access_quality": "approach-review", "access_src": "routed", "city": "Pittsburg", "city_kind": "city", "inside_frac": 1.0, "rank_lo": 244, "rank_hi": 385, "rank_top_share": 0.0}, "geometry": {"type": "Polygon", "coordinates": [[[-121.96516, 37.99777], [-121.96408, 37.99945], [-121.96534, 38.00096], [-121.96768, 38.00079], [-121.96876, 37.99911], [-121.9675, 37.9976], [-121.96516, 37.99777]]]}}, {"type": "Feature", "properties": {"id": 10, "name": "Oak Hills SW 5", "lst": 44.32, "green": 0.0, "pop": 112, "pct65": 13.5, "ac": 96.28, "holc": null, "access_min": 106.9, "access_km": 8.55, "score": 57.3, "rank": 201.0, "area_m2": 109588, "street_m": 0, "canopy_m2": 0.0, "row_m2": 0.0, "row_canopy": 0.0, "veg": 13.3, "place": "res", "land": null, "green_src": "canopy", "canopy_source": "usfs-2022", "canopy_year": "2022", "assessed_m2": 15223.32, "coverage_frac": 0.1388302950289706, "canopy_quality": "partial", "scenario_ok": false, "canopy_baseline_ok": false, "ac_src": "lace", "ac_coverage": 1.0, "acs_year": 2024, "access_snap_m": 168.0, "access_quality": "approach-review", "access_src": "routed", "city": "Pittsburg", "city_kind": "city", "inside_frac": 1.0, "rank_lo": 124, "rank_hi": 246, "rank_top_share": 0.0}, "geometry": {"type": "Polygon", "coordinates": [[[-121.95813, 37.99828], [-121.95705, 37.99996], [-121.95831, 38.00147], [-121.96065, 38.0013], [-121.96173, 37.99962], [-121.96047, 37.99811], [-121.95813, 37.99828]]]}}, {"type": "Feature", "properties": {"id": 11, "name": "Vista Del Mar S 3", "lst": 44.41, "green": 0.0, "pop": 16, "pct65": 12.7, "ac": 95.8, "holc": null, "access_min": 103.4, "access_km": 8.27, "score": 47.9, "rank": 334.0, "area_m2": 109583, "street_m": 0, "canopy_m2": 0.0, "row_m2": 0.0, "row_canopy": 0.0, "veg": 11.6, "place": "res", "land": null, "green_src": "canopy", "canopy_source": "chm-legacy", "canopy_year": "2009-2020", "assessed_m2": 178532.64, "coverage_frac": 1.0, "canopy_quality": "full", "scenario_ok": false, "canopy_baseline_ok": false, "ac_src": "lace", "ac_coverage": 1.0, "acs_year": 2024, "access_snap_m": 400.0, "access_quality": "approach-review", "access_src": "routed", "city": "Pittsburg", "city_kind": "city", "inside_frac": 1.0, "rank_lo": 245, "rank_hi": 386, "rank_top_share": 0.0}, "geometry": {"type": "Polygon", "coordinates": [[[-121.96173, 37.99962], [-121.96065, 38.0013], [-121.96191, 38.00281], [-121.96425, 38.00264], [-121.96534, 38.00096], [-121.96408, 37.99945], [-121.96173, 37.99962]]]}}, {"type": "Feature", "properties": {"id": 12, "name": "Oak Hills SW 9", "lst": 46.07, "green": 0.0, "pop": 12, "pct65": 12.8, "ac": 95.8, "holc": null, "access_min": 83.6, "access_km": 6.69, "score": 47.6, "rank": 352.0, "area_m2": 109592, "street_m": 0, "canopy_m2": 0.0, "row_m2": 0.0, "row_canopy": 0.0, "veg": 12.4, "place": "res", "land": null, "green_src": "canopy", "canopy_source": "chm-legacy", "canopy_year": "2009-2020", "assessed_m2": 178464.96, "coverage_frac": 1.0, "canopy_quality": "full", "scenario_ok": false, "canopy_baseline_ok": false, "ac_src": "lace", "ac_coverage": 1.0, "acs_year": 2024, "access_snap_m": 338.0, "access_quality": "approach-review", "access_src": "routed", "city": "Pittsburg", "city_kind": "city", "inside_frac": 0.778, "rank_lo": 267, "rank_hi": 407, "rank_top_share": 0.0}, "geometry": {"type": "Polygon", "coordinates": [[[-121.96138, 37.99325], [-121.9603, 37.99493], [-121.96156, 37.99643], [-121.9639, 37.99626], [-121.96499, 37.99459], [-121.96373, 37.99308], [-121.96138, 37.99325]]]}}, {"type": "Feature", "properties": {"id": 13, "name": "Oak Hills SW 10", "lst": 45.83, "green": 0.0, "pop": 9, "pct65": 12.8, "ac": 95.8, "holc": null, "access_min": 81.4, "access_km": 6.51, "score": 47.4, "rank": 359.0, "area_m2": 109586, "street_m": 0, "canopy_m2": 0.0, "row_m2": 0.0, "row_canopy": 0.0, "veg": 13.0, "place": "res", "land": null, "green_src": "canopy", "canopy_source": "chm-legacy", "canopy_year": "2009-2020", "assessed_m2": 178476.48, "coverage_frac": 1.0, "canopy_quality": "full", "scenario_ok": false, "canopy_baseline_ok": false, "ac_src": "lace", "ac_coverage": 1.0, "acs_year": 2024, "access_snap_m": 334.0, "access_quality": "approach-review", "access_src": "routed", "city": "Pittsburg", "city_kind": "city", "inside_frac": 0.554, "rank_lo": 276, "rank_hi": 416, "rank_top_share": 0.0}, "geometry": {"type": "Polygon", "coordinates": [[[-121.96499, 37.99459], [-121.9639, 37.99626], [-121.96516, 37.99777], [-121.9675, 37.9976], [-121.96859, 37.99592], [-121.96733, 37.99441], [-121.96499, 37.99459]]]}}, {"type": "Feature", "properties": {"id": 14, "name": "Oak Hills SW 6", "lst": 45.66, "green": 0.0, "pop": 79, "pct65": 13.4, "ac": 96.26, "holc": null, "access_min": 110.5, "access_km": 8.84, "score": 54.1, "rank": 226.0, "area_m2": 109593, "street_m": 0, "canopy_m2": 0.0, "row_m2": 0.0, "row_canopy": 0.0, "veg": 11.9, "place": "res", "land": null, "green_src": "canopy", "canopy_source": "chm-legacy", "canopy_year": "2009-2020", "assessed_m2": 178505.28, "coverage_frac": 1.0, "canopy_quality": "full", "scenario_ok": false, "canopy_baseline_ok": false, "ac_src": "lace", "ac_coverage": 1.0, "acs_year": 2024, "access_snap_m": 274.0, "access_quality": "approach-review", "access_src": "routed", "city": "Pittsburg", "city_kind": "city", "inside_frac": 1.0, "rank_lo": 157, "rank_hi": 279, "rank_top_share": 0.0}, "geometry": {"type": "Polygon", "coordinates": [[[-121.95796, 37.9951], [-121.95687, 37.99678], [-121.95813, 37.99828], [-121.96047, 37.99811], [-121.96156, 37.99643], [-121.9603, 37.99493], [-121.95796, 37.9951]]]}}, {"type": "Feature", "properties": {"id": 15, "name": "Vista Del Mar SW 6", "lst": 45.21, "green": 0.0, "pop": 16, "pct65": 12.7, "ac": 95.8, "holc": null, "access_min": 90.5, "access_km": 7.24, "score": 47.9, "rank": 335.0, "area_m2": 109572, "street_m": 95, "canopy_m2": 0.0, "row_m2": 0.0, "row_canopy": 0.0, "veg": 12.9, "place": "res", "land": null, "green_src": "canopy", "canopy_source": "chm-legacy", "canopy_year": "2009-2020", "assessed_m2": 178518.24, "coverage_frac": 1.0, "canopy_quality": "full", "scenario_ok": true, "canopy_baseline_ok": false, "ac_src": "lace", "ac_coverage": 1.0, "acs_year": 2024, "access_snap_m": 168.0, "access_quality": "approach-review", "access_src": "routed", "city": "Pittsburg", "city_kind": "city", "inside_frac": 1.0, "rank_lo": 246, "rank_hi": 387, "rank_top_share": 0.0}, "geometry": {"type": "Polygon", "coordinates": [[[-121.96894, 38.0023], [-121.96786, 38.00397], [-121.96912, 38.00548], [-121.97146, 38.00531], [-121.97254, 38.00363], [-121.97128, 38.00213], [-121.96894, 38.0023]]]}}, {"type": "Feature", "properties": {"id": 16, "name": "Positano at San Marco S 7", "lst": 45.41, "green": 1.13, "pop": 16, "pct65": 12.7, "ac": 95.8, "holc": null, "access_min": 68.9, "access_km": 5.51, "score": 45.3, "rank": 411.0, "area_m2": 109566, "street_m": 0, "canopy_m2": 1238.0, "row_m2": 0.0, "row_canopy": 0.0, "veg": 14.7, "place": "res", "land": null, "green_src": "canopy", "canopy_source": "chm-legacy", "canopy_year": "2009-2020", "assessed_m2": 178524.0, "coverage_frac": 1.0, "canopy_quality": "full", "scenario_ok": false, "canopy_baseline_ok": false, "ac_src": "lace", "ac_coverage": 1.0, "acs_year": 2024, "access_snap_m": 357.0, "access_quality": "approach-review", "access_src": "routed", "city": "Pittsburg", "city_kind": "city", "inside_frac": 1.0, "rank_lo": 340, "rank_hi": 460, "rank_top_share": 0.0}, "geometry": {"type": "Polygon", "coordinates": [[[-121.97254, 38.00363], [-121.97146, 38.00531], [-121.97272, 38.00682], [-121.97506, 38.00665], [-121.97615, 38.00497], [-121.97489, 38.00346], [-121.97254, 38.00363]]]}}, {"type": "Feature", "properties": {"id": 17, "name": "Vista Del Mar SW 4", "lst": 45.96, "green": 0.71, "pop": 16, "pct65": 12.7, "ac": 95.8, "holc": null, "access_min": 91.7, "access_km": 7.33, "score": 46.3, "rank": 387.0, "area_m2": 109573, "street_m": 978, "canopy_m2": 780.0, "row_m2": 0.0, "row_canopy": 0.0, "veg": 11.2, "place": "res", "land": null, "green_src": "canopy", "canopy_source": "chm-legacy", "canopy_year": "2009-2020", "assessed_m2": 178534.08, "coverage_frac": 1.0, "canopy_quality": "full", "scenario_ok": true, "canopy_baseline_ok": false, "ac_src": "lace", "ac_coverage": 1.0, "acs_year": 2024, "access_snap_m": 257.0, "access_quality": "approach-review", "access_src": "routed", "city": "Pittsburg", "city_kind": "city", "inside_frac": 1.0, "rank_lo": 312, "rank_hi": 439, "rank_top_share": 0.0}, "geometry": {"type": "Polygon", "coordinates": [[[-121.96551, 38.00415], [-121.96443, 38.00582], [-121.96569, 38.00733], [-121.96803, 38.00716], [-121.96912, 38.00548], [-121.96786, 38.00397], [-121.96551, 38.00415]]]}}, {"type": "Feature", "properties": {"id": 18, "name": "Vista Del Mar W 4", "lst": 42.8, "green": 0.0, "pop": 16, "pct65": 12.7, "ac": 95.8, "holc": null, "access_min": 90.1, "access_km": 7.21, "score": 47.9, "rank": 336.0, "area_m2": 109568, "street_m": 0, "canopy_m2": 0.0, "row_m2": 0.0, "row_canopy": 0.0, "veg": 13.6, "place": "res", "land": null, "green_src": "canopy", "canopy_source": "lidar-2020", "canopy_year": "2020", "assessed_m2": 109567.5, "coverage_frac": 1.0, "canopy_quality": "lidar", "scenario_ok": false, "canopy_baseline_ok": false, "ac_src": "lace", "ac_coverage": 1.0, "acs_year": 2024, "access_snap_m": 212.0, "access_quality": "approach-review", "access_src": "routed", "city": "Pittsburg", "city_kind": "city", "inside_frac": 1.0, "rank_lo": 247, "rank_hi": 388, "rank_top_share": 0.0}, "geometry": {"type": "Polygon", "coordinates": [[[-121.96912, 38.00548], [-121.96803, 38.00716], [-121.96929, 38.00867], [-121.97163, 38.0085], [-121.97272, 38.00682], [-121.97146, 38.00531], [-121.96912, 38.00548]]]}}, {"type": "Feature", "properties": {"id": 19, "name": "Vista Del Mar SW 8", "lst": 46.34, "green": 0.0, "pop": 14, "pct65": 12.8, "ac": 95.8, "holc": null, "access_min": 78.1, "access_km": 6.25, "score": 47.8, "rank": 346.0, "area_m2": 109576, "street_m": 0, "canopy_m2": 0.0, "row_m2": 0.0, "row_canopy": 0.0, "veg": 14.0, "place": "res", "land": null, "green_src": "canopy", "canopy_source": "chm-legacy", "canopy_year": "2009-2020", "assessed_m2": 178525.44, "coverage_frac": 1.0, "canopy_quality": "full", "scenario_ok": false, "canopy_baseline_ok": false, "ac_src": "lace", "ac_coverage": 1.0, "acs_year": 2024, "access_snap_m": 165.0, "access_quality": "approach-review", "access_src": "routed", "city": "Pittsburg", "city_kind": "city", "inside_frac": 0.912, "rank_lo": 261, "rank_hi": 403, "rank_top_share": 0.0}, "geometry": {"type": "Polygon", "coordinates": [[[-121.96876, 37.99911], [-121.96768, 38.00079], [-121.96894, 38.0023], [-121.97128, 38.00213], [-121.97237, 38.00045], [-121.97111, 37.99894], [-121.96876, 37.99911]]]}}, {"type": "Feature", "properties": {"id": 20, "name": "Vista Del Mar SW 9", "lst": 43.71, "green": 0.25, "pop": 7, "pct65": 12.8, "ac": 95.8, "holc": null, "access_min": 68.8, "access_km": 5.51, "score": 46.6, "rank": 379.0, "area_m2": 109571, "street_m": 0, "canopy_m2": 270.0, "row_m2": 0.0, "row_canopy": 0.0, "veg": 14.1, "place": "res", "land": null, "green_src": "canopy", "canopy_source": "chm-legacy", "canopy_year": "2009-2020", "assessed_m2": 178505.28, "coverage_frac": 1.0, "canopy_quality": "full", "scenario_ok": false, "canopy_baseline_ok": false, "ac_src": "lace", "ac_coverage": 1.0, "acs_year": 2024, "access_snap_m": 354.0, "access_quality": "approach-review", "access_src": "routed", "city": "Pittsburg", "city_kind": "city", "inside_frac": 0.457, "rank_lo": 302, "rank_hi": 434, "rank_top_share": 0.0}, "geometry": {"type": "Polygon", "coordinates": [[[-121.97237, 38.00045], [-121.97128, 38.00213], [-121.97254, 38.00363], [-121.97489, 38.00346], [-121.97597, 38.00178], [-121.97471, 38.00028], [-121.97237, 38.00045]]]}}, {"type": "Feature", "properties": {"id": 21, "name": "Vista Del Mar SW 5", "lst": 45.64, "green": 0.0, "pop": 16, "pct65": 12.7, "ac": 95.8, "holc": null, "access_min": 90.8, "access_km": 7.27, "score": 47.9, "rank": 337.0, "area_m2": 109577, "street_m": 165, "canopy_m2": 0.0, "row_m2": 0.0, "row_canopy": 0.0, "veg": 12.9, "place": "res", "land": null, "green_src": "canopy", "canopy_source": "chm-legacy", "canopy_year": "2009-2020", "assessed_m2": 178528.32, "coverage_frac": 1.0, "canopy_quality": "full", "scenario_ok": true, "canopy_baseline_ok": false, "ac_src": "lace", "ac_coverage": 1.0, "acs_year": 2024, "access_snap_m": 197.0, "access_quality": "approach-review", "access_src": "routed", "city": "Pittsburg", "city_kind": "city", "inside_frac": 1.0, "rank_lo": 248, "rank_hi": 389, "rank_top_share": 0.0}, "geometry": {"type": "Polygon", "coordinates": [[[-121.96534, 38.00096], [-121.96425, 38.00264], [-121.96551, 38.00415], [-121.96786, 38.00397], [-121.96894, 38.0023], [-121.96768, 38.00079], [-121.96534, 38.00096]]]}}, {"type": "Feature", "properties": {"id": 22, "name": "Oak Hills S 6", "lst": 45.18, "green": 0.0, "pop": 178, "pct65": 13.8, "ac": 96.3, "holc": null, "access_min": 97.2, "access_km": 7.78, "score": 63.9, "rank": 133.0, "area_m2": 109595, "street_m": 0, "canopy_m2": 0.0, "row_m2": 0.0, "row_canopy": 0.0, "veg": 12.8, "place": "res", "land": null, "green_src": "canopy", "canopy_source": "usfs-2022", "canopy_year": "2022", "assessed_m2": 92193.84, "coverage_frac": 0.8407188634937592, "canopy_quality": "partial", "scenario_ok": false, "canopy_baseline_ok": false, "ac_src": "lace", "ac_coverage": 1.0, "acs_year": 2024, "access_snap_m": 499.0, "access_quality": "approach-review", "access_src": "routed", "city": "Pittsburg", "city_kind": "city", "inside_frac": 1.0, "rank_lo": 63, "rank_hi": 201, "rank_top_share": 0.027}, "geometry": {"type": "Polygon", "coordinates": [[[-121.9511, 37.9988], [-121.95002, 38.00047], [-121.95128, 38.00198], [-121.95362, 38.00181], [-121.9547, 38.00013], [-121.95344, 37.99863], [-121.9511, 37.9988]]]}}, {"type": "Feature", "properties": {"id": 23, "name": "Oak Hills SW 3", "lst": 42.61, "green": 0.03, "pop": 178, "pct65": 13.8, "ac": 96.3, "holc": null, "access_min": 99.7, "access_km": 7.98, "score": 63.8, "rank": 137.0, "area_m2": 109589, "street_m": 0, "canopy_m2": 33.0, "row_m2": 0.0, "row_canopy": 0.0, "veg": 14.4, "place": "res", "land": null, "green_src": "canopy", "canopy_source": "usfs-2022", "canopy_year": "2022", "assessed_m2": 109645.56, "coverage_frac": 0.99991115268348, "canopy_quality": "full", "scenario_ok": false, "canopy_baseline_ok": true, "ac_src": "lace", "ac_coverage": 1.0, "acs_year": 2024, "access_snap_m": 514.0, "access_quality": "approach-review", "access_src": "routed", "city": "Pittsburg", "city_kind": "city", "inside_frac": 1.0, "rank_lo": 67, "rank_hi": 205, "rank_top_share": 0.027}, "geometry": {"type": "Polygon", "coordinates": [[[-121.9547, 38.00013], [-121.95362, 38.00181], [-121.95488, 38.00332], [-121.95722, 38.00315], [-121.95831, 38.00147], [-121.95705, 37.99996], [-121.9547, 38.00013]]]}}, {"type": "Feature", "properties": {"id": 24, "name": "Oak Hills S 4", "lst": 45.15, "green": 0.0, "pop": 178, "pct65": 13.8, "ac": 96.3, "holc": null, "access_min": 93.3, "access_km": 7.47, "score": 63.9, "rank": 134.0, "area_m2": 109596, "street_m": 0, "canopy_m2": 2.0, "row_m2": 0.0, "row_canopy": 0.0, "veg": 11.6, "place": "res", "land": null, "green_src": "canopy", "canopy_source": "usfs-2022", "canopy_year": "2022", "assessed_m2": 109657.8, "coverage_frac": 0.9999629631898724, "canopy_quality": "full", "scenario_ok": false, "canopy_baseline_ok": true, "ac_src": "lace", "ac_coverage": 1.0, "acs_year": 2024, "access_snap_m": 191.0, "access_quality": "approach-review", "access_src": "routed", "city": "Pittsburg", "city_kind": "city", "inside_frac": 1.0, "rank_lo": 64, "rank_hi": 202, "rank_top_share": 0.027}, "geometry": {"type": "Polygon", "coordinates": [[[-121.94767, 38.00065], [-121.94659, 38.00232], [-121.94785, 38.00383], [-121.95019, 38.00366], [-121.95128, 38.00198], [-121.95002, 38.00047], [-121.94767, 38.00065]]]}}, {"type": "Feature", "properties": {"id": 25, "name": "Oak Hills S 3", "lst": 44.65, "green": 0.26, "pop": 178, "pct65": 13.8, "ac": 96.3, "holc": null, "access_min": 94.6, "access_km": 7.57, "score": 63.1, "rank": 147.0, "area_m2": 109590, "street_m": 0, "canopy_m2": 285.0, "row_m2": 0.0, "row_canopy": 0.0, "veg": 13.1, "place": "res", "land": null, "green_src": "canopy", "canopy_source": "usfs-2022", "canopy_year": "2022", "assessed_m2": 109650.24, "coverage_frac": 0.9999434628332042, "canopy_quality": "full", "scenario_ok": false, "canopy_baseline_ok": true, "ac_src": "lace", "ac_coverage": 1.0, "acs_year": 2024, "access_snap_m": 248.0, "access_quality": "approach-review", "access_src": "routed", "city": "Pittsburg", "city_kind": "city", "inside_frac": 1.0, "rank_lo": 74, "rank_hi": 211, "rank_top_share": 0.023}, "geometry": {"type": "Polygon", "coordinates": [[[-121.95128, 38.00198], [-121.95019, 38.00366], [-121.95145, 38.00517], [-121.95379, 38.005], [-121.95488, 38.00332], [-121.95362, 38.00181], [-121.95128, 38.00198]]]}}, {"type": "Feature", "properties": {"id": 26, "name": "Oak Hills S 10", "lst": 44.87, "green": 0.0, "pop": 136, "pct65": 13.6, "ac": 96.29, "holc": null, "access_min": 99.8, "access_km": 7.98, "score": 59.7, "rank": 181.0, "area_m2": 109599, "street_m": 0, "canopy_m2": 0.0, "row_m2": 0.0, "row_canopy": 0.0, "veg": 12.8, "place": "res", "land": null, "green_src": "canopy", "canopy_source": "usfs-2022", "canopy_year": "2022", "assessed_m2": 37584.36, "coverage_frac": 0.3427197082412156, "canopy_quality": "partial", "scenario_ok": false, "canopy_baseline_ok": false, "ac_src": "lace", "ac_coverage": 1.0, "acs_year": 2024, "access_snap_m": 419.0, "access_quality": "approach-review", "access_src": "routed", "city": "Pittsburg", "city_kind": "city", "inside_frac": 1.0, "rank_lo": 105, "rank_hi": 229, "rank_top_share": 0.0}, "geometry": {"type": "Polygon", "coordinates": [[[-121.95093, 37.99561], [-121.94984, 37.99729], [-121.9511, 37.9988], [-121.95344, 37.99863], [-121.95453, 37.99695], [-121.95327, 37.99544], [-121.95093, 37.99561]]]}}, {"type": "Feature", "properties": {"id": 27, "name": "Oak Hills S 8", "lst": 44.24, "green": 0.0, "pop": 178, "pct65": 13.8, "ac": 96.3, "holc": null, "access_min": 111.2, "access_km": 8.9, "score": 63.9, "rank": 135.0, "area_m2": 109594, "street_m": 0, "canopy_m2": 0.0, "row_m2": 0.0, "row_canopy": 0.0, "veg": 12.5, "place": "res", "land": null, "green_src": "canopy", "canopy_source": "usfs-2022", "canopy_year": "2022", "assessed_m2": 19817.28, "coverage_frac": 0.1807163468929641, "canopy_quality": "partial", "scenario_ok": false, "canopy_baseline_ok": false, "ac_src": "lace", "ac_coverage": 1.0, "acs_year": 2024, "access_snap_m": 515.0, "access_quality": "approach-review", "access_src": "routed", "city": "Pittsburg", "city_kind": "city", "inside_frac": 1.0, "rank_lo": 65, "rank_hi": 203, "rank_top_share": 0.027}, "geometry": {"type": "Polygon", "coordinates": [[[-121.95453, 37.99695], [-121.95344, 37.99863], [-121.9547, 38.00013], [-121.95705, 37.99996], [-121.95813, 37.99828], [-121.95687, 37.99678], [-121.95453, 37.99695]]]}}, {"type": "Feature", "properties": {"id": 28, "name": "Oak Hills S 7", "lst": 44.12, "green": 0.56, "pop": 170, "pct65": 13.8, "ac": 96.25, "holc": null, "access_min": 95.1, "access_km": 7.61, "score": 61.6, "rank": 161.0, "area_m2": 109600, "street_m": 287, "canopy_m2": 570.0, "row_m2": 0.0, "row_canopy": 0.0, "veg": 19.0, "place": "res", "land": null, "green_src": "canopy", "canopy_source": "usfs-2022", "canopy_year": "2022", "assessed_m2": 102369.96, "coverage_frac": 0.93346910785661, "canopy_quality": "partial", "scenario_ok": true, "canopy_baseline_ok": false, "ac_src": "lace", "ac_coverage": 1.0, "acs_year": 2024, "access_snap_m": 329.0, "access_quality": "approach-review", "access_src": "routed", "city": "Pittsburg", "city_kind": "city", "inside_frac": 0.992, "rank_lo": 89, "rank_hi": 223, "rank_top_share": 0.01}, "geometry": {"type": "Polygon", "coordinates": [[[-121.9475, 37.99746], [-121.94641, 37.99914], [-121.94767, 38.00065], [-121.95002, 38.00047], [-121.9511, 37.9988], [-121.94984, 37.99729], [-121.9475, 37.99746]]]}}, {"type": "Feature", "properties": {"id": 29, "name": "Vista Del Mar S 2", "lst": 45.69, "green": 0.0, "pop": 159, "pct65": 13.7, "ac": 96.3, "holc": null, "access_min": 98.9, "access_km": 7.91, "score": 62.0, "rank": 156.0, "area_m2": 109580, "street_m": 305, "canopy_m2": 0.0, "row_m2": 0.0, "row_canopy": 0.0, "veg": 13.2, "place": "res", "land": null, "green_src": "canopy", "canopy_source": "usfs-2022", "canopy_year": "2022", "assessed_m2": 95570.64, "coverage_frac": 0.8716322879564813, "canopy_quality": "partial", "scenario_ok": true, "canopy_baseline_ok": false, "ac_src": "lace", "ac_coverage": 1.0, "acs_year": 2024, "access_snap_m": 280.0, "access_quality": "approach-review", "access_src": "routed", "city": "Pittsburg", "city_kind": "city", "inside_frac": 1.0, "rank_lo": 83, "rank_hi": 215, "rank_top_share": 0.01}, "geometry": {"type": "Polygon", "coordinates": [[[-121.95848, 38.00466], [-121.9574, 38.00634], [-121.95866, 38.00784], [-121.961, 38.00767], [-121.96208, 38.006], [-121.96082, 38.00449], [-121.95848, 38.00466]]]}}, {"type": "Feature", "properties": {"id": 30, "name": "Vista Del Mar SW 2", "lst": 46.08, "green": 1.53, "pop": 43, "pct65": 13.1, "ac": 96.18, "holc": null, "access_min": 97.4, "access_km": 7.79, "score": 46.8, "rank": 374.0, "area_m2": 109574, "street_m": 1081, "canopy_m2": 278.0, "row_m2": 0.0, "row_canopy": 0.0, "veg": 12.7, "place": "res", "land": null, "green_src": "canopy", "canopy_source": "usfs-2022", "canopy_year": "2022", "assessed_m2": 18231.84, "coverage_frac": 0.1662879577115692, "canopy_quality": "partial", "scenario_ok": true, "canopy_baseline_ok": false, "ac_src": "lace", "ac_coverage": 1.0, "acs_year": 2024, "access_snap_m": 158.0, "access_quality": "approach-review", "access_src": "routed", "city": "Pittsburg", "city_kind": "city", "inside_frac": 1.0, "rank_lo": 309, "rank_hi": 425, "rank_top_share": 0.0}, "geometry": {"type": "Polygon", "coordinates": [[[-121.96208, 38.006], [-121.961, 38.00767], [-121.96226, 38.00918], [-121.9646, 38.00901], [-121.96569, 38.00733], [-121.96443, 38.00582], [-121.96208, 38.006]]]}}, {"type": "Feature", "properties": {"id": 31, "name": "Vista Del Mar S", "lst": 47.15, "green": 2.29, "pop": 181, "pct65": 13.6, "ac": 96.3, "holc": null, "access_min": 93.0, "access_km": 7.44, "score": 57.2, "rank": 202.0, "area_m2": 109581, "street_m": 1164, "canopy_m2": 2507.0, "row_m2": 0.0, "row_canopy": 0.0, "veg": 9.0, "place": "res", "land": null, "green_src": "canopy", "canopy_source": "usfs-2022", "canopy_year": "2022", "assessed_m2": 109647.0, "coverage_frac": 1.0, "canopy_quality": "full", "scenario_ok": true, "canopy_baseline_ok": true, "ac_src": "lace", "ac_coverage": 1.0, "acs_year": 2024, "access_snap_m": 166.0, "access_quality": "approach-review", "access_src": "routed", "city": "Pittsburg", "city_kind": "city", "inside_frac": 1.0, "rank_lo": 133, "rank_hi": 277, "rank_top_share": 0.0}, "geometry": {"type": "Polygon", "coordinates": [[[-121.95505, 38.00651], [-121.95397, 38.00819], [-121.95523, 38.00969], [-121.95757, 38.00952], [-121.95866, 38.00784], [-121.9574, 38.00634], [-121.95505, 38.00651]]]}}, {"type": "Feature", "properties": {"id": 32, "name": "Vista Del Mar SW", "lst": 48.15, "green": 0.8, "pop": 175, "pct65": 13.8, "ac": 96.3, "holc": null, "access_min": 97.2, "access_km": 7.78, "score": 61.3, "rank": 164.0, "area_m2": 109575, "street_m": 1042, "canopy_m2": 768.0, "row_m2": 0.0, "row_canopy": 0.0, "veg": 7.9, "place": "res", "land": null, "green_src": "canopy", "canopy_source": "usfs-2022", "canopy_year": "2022", "assessed_m2": 96138.0, "coverage_frac": 0.8768410561385487, "canopy_quality": "partial", "scenario_ok": true, "canopy_baseline_ok": false, "ac_src": "lace", "ac_coverage": 1.0, "acs_year": 2024, "access_snap_m": 137.0, "access_quality": "approach-review", "access_src": "routed", "city": "Pittsburg", "city_kind": "city", "inside_frac": 1.0, "rank_lo": 93, "rank_hi": 215, "rank_top_share": 0.0}, "geometry": {"type": "Polygon", "coordinates": [[[-121.95866, 38.00784], [-121.95757, 38.00952], [-121.95883, 38.01103], [-121.96118, 38.01086], [-121.96226, 38.00918], [-121.961, 38.00767], [-121.95866, 38.00784]]]}}, {"type": "Feature", "properties": {"id": 33, "name": "Oak Hills SW 4", "lst": 44.98, "green": 0.0, "pop": 144, "pct65": 13.7, "ac": 96.29, "holc": null, "access_min": 101.4, "access_km": 8.11, "score": 60.6, "rank": 174.0, "area_m2": 109584, "street_m": 0, "canopy_m2": 0.0, "row_m2": 0.0, "row_canopy": 0.0, "veg": 12.8, "place": "res", "land": null, "green_src": "canopy", "canopy_source": "usfs-2022", "canopy_year": "2022", "assessed_m2": 76343.4, "coverage_frac": 0.6962470023026599, "canopy_quality": "partial", "scenario_ok": false, "canopy_baseline_ok": false, "ac_src": "lace", "ac_coverage": 1.0, "acs_year": 2024, "access_snap_m": 243.0, "access_quality": "approach-review", "access_src": "routed", "city": "Pittsburg", "city_kind": "city", "inside_frac": 1.0, "rank_lo": 99, "rank_hi": 226, "rank_top_share": 0.007}, "geometry": {"type": "Polygon", "coordinates": [[[-121.95831, 38.00147], [-121.95722, 38.00315], [-121.95848, 38.00466], [-121.96082, 38.00449], [-121.96191, 38.00281], [-121.96065, 38.0013], [-121.95831, 38.00147]]]}}, {"type": "Feature", "properties": {"id": 34, "name": "Vista Del Mar SW 3", "lst": 44.18, "green": 0.0, "pop": 17, "pct65": 12.8, "ac": 95.84, "holc": null, "access_min": 95.4, "access_km": 7.64, "score": 48.1, "rank": 331.0, "area_m2": 109578, "street_m": 882, "canopy_m2": 0.0, "row_m2": 0.0, "row_canopy": 0.0, "veg": 10.8, "place": "res", "land": null, "green_src": "canopy", "canopy_source": "lidar-2020", "canopy_year": "2020", "assessed_m2": 109578.4, "coverage_frac": 1.0, "canopy_quality": "lidar", "scenario_ok": true, "canopy_baseline_ok": false, "ac_src": "lace", "ac_coverage": 1.0, "acs_year": 2024, "access_snap_m": 295.0, "access_quality": "approach-review", "access_src": "routed", "city": "Pittsburg", "city_kind": "city", "inside_frac": 1.0, "rank_lo": 239, "rank_hi": 382, "rank_top_share": 0.0}, "geometry": {"type": "Polygon", "coordinates": [[[-121.96191, 38.00281], [-121.96082, 38.00449], [-121.96208, 38.006], [-121.96443, 38.00582], [-121.96551, 38.00415], [-121.96425, 38.00264], [-121.96191, 38.00281]]]}}, {"type": "Feature", "properties": {"id": 35, "name": "Oak Hills SW 2", "lst": 44.61, "green": 2.97, "pop": 178, "pct65": 13.8, "ac": 96.3, "holc": null, "access_min": 95.4, "access_km": 7.63, "score": 55.2, "rank": 217.0, "area_m2": 109585, "street_m": 134, "canopy_m2": 3258.0, "row_m2": 0.0, "row_canopy": 0.0, "veg": 17.8, "place": "res", "land": null, "green_src": "canopy", "canopy_source": "usfs-2022", "canopy_year": "2022", "assessed_m2": 109647.72, "coverage_frac": 0.9999699303397066, "canopy_quality": "full", "scenario_ok": true, "canopy_baseline_ok": true, "ac_src": "lace", "ac_coverage": 1.0, "acs_year": 2024, "access_snap_m": 310.0, "access_quality": "approach-review", "access_src": "routed", "city": "Pittsburg", "city_kind": "city", "inside_frac": 1.0, "rank_lo": 153, "rank_hi": 322, "rank_top_share": 0.0}, "geometry": {"type": "Polygon", "coordinates": [[[-121.95488, 38.00332], [-121.95379, 38.005], [-121.95505, 38.00651], [-121.9574, 38.00634], [-121.95848, 38.00466], [-121.95722, 38.00315], [-121.95488, 38.00332]]]}}, {"type": "Feature", "properties": {"id": 36, "name": "Oak Hills SW 11", "lst": 44.53, "green": 0.0, "pop": 0, "pct65": 12.9, "ac": 95.8, "holc": null, "access_min": 84.2, "access_km": 6.74, "score": null, "rank": null, "area_m2": 109596, "street_m": 0, "canopy_m2": 0.0, "row_m2": 0.0, "row_canopy": 0.0, "veg": 13.2, "place": "empty", "land": "grassland", "green_src": "canopy", "canopy_source": "chm-legacy", "canopy_year": "2009-2020", "assessed_m2": 178443.36, "coverage_frac": 1.0, "canopy_quality": "full", "scenario_ok": false, "canopy_baseline_ok": false, "ac_src": "lace", "ac_coverage": 1.0, "acs_year": 2024, "access_snap_m": 410.0, "access_quality": "approach-review", "access_src": "routed", "city": "Pittsburg", "city_kind": "city", "inside_frac": 0.006, "rank_lo": null, "rank_hi": null, "rank_top_share": null}, "geometry": {"type": "Polygon", "coordinates": [[[-121.96121, 37.99006], [-121.96012, 37.99174], [-121.96138, 37.99325], [-121.96373, 37.99308], [-121.96481, 37.9914], [-121.96355, 37.98989], [-121.96121, 37.99006]]]}}, {"type": "Feature", "properties": {"id": 37, "name": "Vista Del Mar SW 10", "lst": 45.84, "green": 0.0, "pop": 4, "pct65": 12.9, "ac": 95.8, "holc": null, "access_min": 72.5, "access_km": 5.8, "score": 47.0, "rank": 369.0, "area_m2": 109581, "street_m": 0, "canopy_m2": 0.0, "row_m2": 0.0, "row_canopy": 0.0, "veg": 12.9, "place": "res", "land": null, "green_src": "canopy", "canopy_source": "chm-legacy", "canopy_year": "2009-2020", "assessed_m2": 178499.52, "coverage_frac": 1.0, "canopy_quality": "full", "scenario_ok": false, "canopy_baseline_ok": false, "ac_src": "lace", "ac_coverage": 1.0, "acs_year": 2024, "access_snap_m": 561.0, "access_quality": "approach-review", "access_src": "routed", "city": "Pittsburg", "city_kind": "city", "inside_frac": 0.253, "rank_lo": 290, "rank_hi": 429, "rank_top_share": 0.0}, "geometry": {"type": "Polygon", "coordinates": [[[-121.96859, 37.99592], [-121.9675, 37.9976], [-121.96876, 37.99911], [-121.97111, 37.99894], [-121.97219, 37.99726], [-121.97093, 37.99575], [-121.96859, 37.99592]]]}}, {"type": "Feature", "properties": {"id": 38, "name": "Oak Hills S 15", "lst": 45.44, "green": 0.0, "pop": 16, "pct65": 12.7, "ac": 95.8, "holc": null, "access_min": 92.6, "access_km": 7.41, "score": 47.9, "rank": 338.0, "area_m2": 109602, "street_m": 0, "canopy_m2": 0.0, "row_m2": 0.0, "row_canopy": 0.0, "veg": 11.6, "place": "res", "land": null, "green_src": "canopy", "canopy_source": "chm-legacy", "canopy_year": "2009-2020", "assessed_m2": 178453.44, "coverage_frac": 1.0, "canopy_quality": "full", "scenario_ok": false, "canopy_baseline_ok": false, "ac_src": "lace", "ac_coverage": 1.0, "acs_year": 2024, "access_snap_m": 611.0, "access_quality": "approach-review", "access_src": "routed", "city": "Pittsburg", "city_kind": "city", "inside_frac": 1.0, "rank_lo": 249, "rank_hi": 390, "rank_top_share": 0.0}, "geometry": {"type": "Polygon", "coordinates": [[[-121.95418, 37.99057], [-121.95309, 37.99225], [-121.95435, 37.99376], [-121.9567, 37.99359], [-121.95778, 37.99191], [-121.95652, 37.9904], [-121.95418, 37.99057]]]}}, {"type": "Feature", "properties": {"id": 39, "name": "Oak Hills SW 8", "lst": 46.58, "green": 0.0, "pop": 15, "pct65": 12.7, "ac": 95.8, "holc": null, "access_min": 92.9, "access_km": 7.43, "score": 47.8, "rank": 347.0, "area_m2": 109597, "street_m": 0, "canopy_m2": 0.0, "row_m2": 0.0, "row_canopy": 0.0, "veg": 11.9, "place": "res", "land": null, "green_src": "canopy", "canopy_source": "chm-legacy", "canopy_year": "2009-2020", "assessed_m2": 178450.56, "coverage_frac": 1.0, "canopy_quality": "full", "scenario_ok": false, "canopy_baseline_ok": false, "ac_src": "lace", "ac_coverage": 1.0, "acs_year": 2024, "access_snap_m": 320.0, "access_quality": "approach-review", "access_src": "routed", "city": "Pittsburg", "city_kind": "city", "inside_frac": 0.957, "rank_lo": 259, "rank_hi": 400, "rank_top_share": 0.0}, "geometry": {"type": "Polygon", "coordinates": [[[-121.95778, 37.99191], [-121.9567, 37.99359], [-121.95796, 37.9951], [-121.9603, 37.99493], [-121.96138, 37.99325], [-121.96012, 37.99174], [-121.95778, 37.99191]]]}}, {"type": "Feature", "properties": {"id": 40, "name": "Oak Hills S 13", "lst": 44.24, "green": 0.0, "pop": 16, "pct65": 12.7, "ac": 95.8, "holc": null, "access_min": 92.8, "access_km": 7.42, "score": 47.9, "rank": 339.0, "area_m2": 109604, "street_m": 0, "canopy_m2": 0.0, "row_m2": 0.0, "row_canopy": 0.0, "veg": 13.0, "place": "res", "land": null, "green_src": "canopy", "canopy_source": "chm-legacy", "canopy_year": "2009-2020", "assessed_m2": 178470.72, "coverage_frac": 1.0, "canopy_quality": "full", "scenario_ok": false, "canopy_baseline_ok": false, "ac_src": "lace", "ac_coverage": 1.0, "acs_year": 2024, "access_snap_m": 627.0, "access_quality": "approach-review", "access_src": "routed", "city": "Pittsburg", "city_kind": "city", "inside_frac": 1.0, "rank_lo": 250, "rank_hi": 391, "rank_top_share": 0.0}, "geometry": {"type": "Polygon", "coordinates": [[[-121.95075, 37.99242], [-121.94967, 37.9941], [-121.95093, 37.99561], [-121.95327, 37.99544], [-121.95435, 37.99376], [-121.95309, 37.99225], [-121.95075, 37.99242]]]}}, {"type": "Feature", "properties": {"id": 41, "name": "Oak Hills S 12", "lst": 45.37, "green": 0.0, "pop": 97, "pct65": 13.5, "ac": 96.27, "holc": null, "access_min": 108.6, "access_km": 8.69, "score": 55.9, "rank": 211.0, "area_m2": 109598, "street_m": 0, "canopy_m2": 0.0, "row_m2": 0.0, "row_canopy": 0.0, "veg": 12.0, "place": "res", "land": null, "green_src": "canopy", "canopy_source": "chm-legacy", "canopy_year": "2009-2020", "assessed_m2": 178488.0, "coverage_frac": 1.0, "canopy_quality": "full", "scenario_ok": false, "canopy_baseline_ok": false, "ac_src": "lace", "ac_coverage": 1.0, "acs_year": 2024, "access_snap_m": 120.0, "access_quality": "approach-review", "access_src": "routed", "city": "Pittsburg", "city_kind": "city", "inside_frac": 1.0, "rank_lo": 140, "rank_hi": 258, "rank_top_share": 0.0}, "geometry": {"type": "Polygon", "coordinates": [[[-121.95435, 37.99376], [-121.95327, 37.99544], [-121.95453, 37.99695], [-121.95687, 37.99678], [-121.95796, 37.9951], [-121.9567, 37.99359], [-121.95435, 37.99376]]]}}, {"type": "Feature", "properties": {"id": 42, "name": "Oak Hills S 19", "lst": 46.18, "green": 0.0, "pop": 6, "pct65": 12.8, "ac": 95.8, "holc": null, "access_min": 84.4, "access_km": 6.75, "score": 47.1, "rank": 367.0, "area_m2": 109607, "street_m": 0, "canopy_m2": 0.0, "row_m2": 0.0, "row_canopy": 0.0, "veg": 13.4, "place": "res", "land": null, "green_src": "canopy", "canopy_source": "chm-legacy", "canopy_year": "2009-2020", "assessed_m2": 178449.12, "coverage_frac": 1.0, "canopy_quality": "full", "scenario_ok": false, "canopy_baseline_ok": false, "ac_src": "lace", "ac_coverage": 1.0, "acs_year": 2024, "access_snap_m": 345.0, "access_quality": "approach-review", "access_src": "routed", "city": "Pittsburg", "city_kind": "city", "inside_frac": 0.348, "rank_lo": 286, "rank_hi": 422, "rank_top_share": 0.0}, "geometry": {"type": "Polygon", "coordinates": [[[-121.954, 37.98739], [-121.95292, 37.98906], [-121.95418, 37.99057], [-121.95652, 37.9904], [-121.95761, 37.98872], [-121.95635, 37.98721], [-121.954, 37.98739]]]}}, {"type": "Feature", "properties": {"id": 43, "name": "Oak Hills S 18", "lst": 44.23, "green": 0.0, "pop": 2, "pct65": 12.9, "ac": 95.8, "holc": null, "access_min": 85.2, "access_km": 6.82, "score": 46.8, "rank": 375.0, "area_m2": 109601, "street_m": 0, "canopy_m2": 0.0, "row_m2": 0.0, "row_canopy": 0.0, "veg": 12.7, "place": "res", "land": null, "green_src": "canopy", "canopy_source": "chm-legacy", "canopy_year": "2009-2020", "assessed_m2": 178453.44, "coverage_frac": 1.0, "canopy_quality": "full", "scenario_ok": false, "canopy_baseline_ok": false, "ac_src": "lace", "ac_coverage": 1.0, "acs_year": 2024, "access_snap_m": 410.0, "access_quality": "approach-review", "access_src": "routed", "city": "Pittsburg", "city_kind": "city", "inside_frac": 0.135, "rank_lo": 295, "rank_hi": 436, "rank_top_share": 0.0}, "geometry": {"type": "Polygon", "coordinates": [[[-121.95761, 37.98872], [-121.95652, 37.9904], [-121.95778, 37.99191], [-121.96012, 37.99174], [-121.96121, 37.99006], [-121.95995, 37.98855], [-121.95761, 37.98872]]]}}, {"type": "Feature", "properties": {"id": 44, "name": "Oak Hills S 16", "lst": 45.03, "green": 0.0, "pop": 16, "pct65": 12.7, "ac": 95.8, "holc": null, "access_min": 88.6, "access_km": 7.09, "score": 47.9, "rank": 340.0, "area_m2": 109608, "street_m": 0, "canopy_m2": 0.0, "row_m2": 0.0, "row_canopy": 0.0, "veg": 13.5, "place": "res", "land": null, "green_src": "canopy", "canopy_source": "chm-legacy", "canopy_year": "2009-2020", "assessed_m2": 178462.08, "coverage_frac": 1.0, "canopy_quality": "full", "scenario_ok": false, "canopy_baseline_ok": false, "ac_src": "lace", "ac_coverage": 1.0, "acs_year": 2024, "access_snap_m": 291.0, "access_quality": "approach-review", "access_src": "routed", "city": "Pittsburg", "city_kind": "city", "inside_frac": 1.0, "rank_lo": 251, "rank_hi": 392, "rank_top_share": 0.0}, "geometry": {"type": "Polygon", "coordinates": [[[-121.95058, 37.98923], [-121.94949, 37.99091], [-121.95075, 37.99242], [-121.95309, 37.99225], [-121.95418, 37.99057], [-121.95292, 37.98906], [-121.95058, 37.98923]]]}}, {"type": "Feature", "properties": {"id": 45, "name": "Woodland Hills Apartment Homes W 4", "lst": 46.72, "green": 9.03, "pop": 12, "pct65": 13.2, "ac": 87.8, "holc": null, "access_min": 32.7, "access_km": 2.61, "score": 34.1, "rank": 518.0, "area_m2": 109633, "street_m": 0, "canopy_m2": 1127.0, "row_m2": 0.0, "row_canopy": 0.0, "veg": 10.0, "place": "res", "land": null, "green_src": "canopy", "canopy_source": "usfs-2022", "canopy_year": "2022", "assessed_m2": 12488.04, "coverage_frac": 0.1138392406867738, "canopy_quality": "partial", "scenario_ok": false, "canopy_baseline_ok": false, "ac_src": "lace", "ac_coverage": 1.0, "acs_year": 2024, "access_snap_m": 217.0, "access_quality": "approach-review", "access_src": "routed", "city": "Pittsburg", "city_kind": "city", "inside_frac": 0.114, "rank_lo": 489, "rank_hi": 529, "rank_top_share": 0.0}, "geometry": {"type": "Polygon", "coordinates": [[[-121.91234, 38.00001], [-121.91125, 38.00169], [-121.91251, 38.0032], [-121.91486, 38.00303], [-121.91594, 38.00135], [-121.91468, 37.99984], [-121.91234, 38.00001]]]}}, {"type": "Feature", "properties": {"id": 46, "name": "Woodland Hills Apartment Homes W 7", "lst": 44.52, "green": 0.0, "pop": 86, "pct65": 14.3, "ac": 87.78, "holc": null, "access_min": 36.7, "access_km": 2.94, "score": 63.8, "rank": 136.0, "area_m2": 109628, "street_m": 0, "canopy_m2": 0.0, "row_m2": 0.0, "row_canopy": 0.0, "veg": 8.4, "place": "res", "land": null, "green_src": "canopy", "canopy_source": "usfs-2022", "canopy_year": "2022", "assessed_m2": 86476.32, "coverage_frac": 0.7883450635181541, "canopy_quality": "partial", "scenario_ok": false, "canopy_baseline_ok": false, "ac_src": "lace", "ac_coverage": 1.0, "acs_year": 2024, "access_snap_m": 541.0, "access_quality": "approach-review", "access_src": "routed", "city": "Pittsburg", "city_kind": "city", "inside_frac": 0.803, "rank_lo": 77, "rank_hi": 189, "rank_top_share": 0.01}, "geometry": {"type": "Polygon", "coordinates": [[[-121.91594, 38.00135], [-121.91486, 38.00303], [-121.91611, 38.00454], [-121.91846, 38.00437], [-121.91954, 38.00269], [-121.91828, 38.00118], [-121.91594, 38.00135]]]}}, {"type": "Feature", "properties": {"id": 47, "name": "Woodland Hills Apartment Homes W 3", "lst": 46.44, "green": 21.62, "pop": 39, "pct65": 13.8, "ac": 87.8, "holc": null, "access_min": 33.1, "access_km": 2.65, "score": 6.5, "rank": 567.0, "area_m2": 109634, "street_m": 0, "canopy_m2": 7743.0, "row_m2": 0.0, "row_canopy": 0.0, "veg": 11.7, "place": "res", "land": null, "green_src": "canopy", "canopy_source": "usfs-2022", "canopy_year": "2022", "assessed_m2": 35820.72, "coverage_frac": 0.3265333560511546, "canopy_quality": "partial", "scenario_ok": false, "canopy_baseline_ok": false, "ac_src": "lace", "ac_coverage": 1.0, "acs_year": 2024, "access_snap_m": 413.0, "access_quality": "approach-review", "access_src": "routed", "city": "Pittsburg", "city_kind": "city", "inside_frac": 0.361, "rank_lo": 565, "rank_hi": 568, "rank_top_share": 0.0}, "geometry": {"type": "Polygon", "coordinates": [[[-121.90891, 38.00186], [-121.90782, 38.00354], [-121.90908, 38.00504], [-121.91143, 38.00488], [-121.91251, 38.0032], [-121.91125, 38.00169], [-121.90891, 38.00186]]]}}, {"type": "Feature", "properties": {"id": 48, "name": "Woodland Hills Apartment Homes W 5", "lst": 44.67, "green": 0.41, "pop": 109, "pct65": 14.5, "ac": 87.8, "holc": null, "access_min": 36.9, "access_km": 2.95, "score": 65.4, "rank": 115.0, "area_m2": 109629, "street_m": 0, "canopy_m2": 451.0, "row_m2": 0.0, "row_canopy": 0.0, "veg": 9.0, "place": "res", "land": null, "green_src": "canopy", "canopy_source": "usfs-2022", "canopy_year": "2022", "assessed_m2": 109690.56, "coverage_frac": 0.9999630120176246, "canopy_quality": "full", "scenario_ok": false, "canopy_baseline_ok": true, "ac_src": "lace", "ac_coverage": 1.0, "acs_year": 2024, "access_snap_m": 556.0, "access_quality": "approach-review", "access_src": "routed", "city": "Pittsburg", "city_kind": "city", "inside_frac": 1.0, "rank_lo": 69, "rank_hi": 178, "rank_top_share": 0.023}, "geometry": {"type": "Polygon", "coordinates": [[[-121.91251, 38.0032], [-121.91143, 38.00488], [-121.91268, 38.00638], [-121.91503, 38.00621], [-121.91611, 38.00454], [-121.91486, 38.00303], [-121.91251, 38.0032]]]}}, {"type": "Feature", "properties": {"id": 49, "name": "Woodland Hills Apartment Homes W 6", "lst": 46.3, "green": 0.0, "pop": 2, "pct65": 13.2, "ac": 79.9, "holc": null, "access_min": 35.1, "access_km": 2.81, "score": 60.3, "rank": 176.0, "area_m2": 109632, "street_m": 0, "canopy_m2": 0.0, "row_m2": 0.0, "row_canopy": 0.0, "veg": 8.6, "place": "res", "land": null, "green_src": "canopy", "canopy_source": "chm-legacy", "canopy_year": "2009-2020", "assessed_m2": 178604.64, "coverage_frac": 1.0, "canopy_quality": "full", "scenario_ok": false, "canopy_baseline_ok": false, "ac_src": "lace", "ac_coverage": 1.0, "acs_year": 2024, "access_snap_m": 409.0, "access_quality": "approach-review", "access_src": "routed", "city": "Pittsburg", "city_kind": "city", "inside_frac": 0.123, "rank_lo": 105, "rank_hi": 222, "rank_top_share": 0.0}, "geometry": {"type": "Polygon", "coordinates": [[[-121.91577, 37.99816], [-121.91468, 37.99984], [-121.91594, 38.00135], [-121.91828, 38.00118], [-121.91937, 37.9995], [-121.91811, 37.99799], [-121.91577, 37.99816]]]}}, {"type": "Feature", "properties": {"id": 50, "name": "Woodland Hills Apartment Homes W 12", "lst": 45.51, "green": 2.33, "pop": 66, "pct65": 14.4, "ac": 87.23, "holc": null, "access_min": 53.3, "access_km": 4.27, "score": 56.5, "rank": 207.0, "area_m2": 109618, "street_m": 0, "canopy_m2": 1504.0, "row_m2": 0.0, "row_canopy": 0.0, "veg": 10.8, "place": "res", "land": null, "green_src": "canopy", "canopy_source": "usfs-2022", "canopy_year": "2022", "assessed_m2": 64656.36, "coverage_frac": 0.5894796635568622, "canopy_quality": "partial", "scenario_ok": false, "canopy_baseline_ok": false, "ac_src": "lace", "ac_coverage": 1.0, "acs_year": 2024, "access_snap_m": 257.0, "access_quality": "approach-review", "access_src": "routed", "city": "Pittsburg", "city_kind": "city", "inside_frac": 0.911, "rank_lo": 161, "rank_hi": 240, "rank_top_share": 0.0}, "geometry": {"type": "Polygon", "coordinates": [[[-121.91972, 38.00587], [-121.91863, 38.00755], [-121.91989, 38.00906], [-121.92224, 38.00889], [-121.92332, 38.00721], [-121.92206, 38.0057], [-121.91972, 38.00587]]]}}, {"type": "Feature", "properties": {"id": 51, "name": "Emerald Cove Mobile Home Park S 5", "lst": 46.17, "green": 0.65, "pop": 0, "pct65": 12.9, "ac": 82.01, "holc": null, "access_min": 54.4, "access_km": 4.35, "score": null, "rank": null, "area_m2": 109612, "street_m": 0, "canopy_m2": 111.0, "row_m2": 0.0, "row_canopy": 0.0, "veg": 9.4, "place": "empty", "land": "grassland", "green_src": "canopy", "canopy_source": "lidar-2020", "canopy_year": "2020", "assessed_m2": 109612.2, "coverage_frac": 1.0, "canopy_quality": "lidar", "scenario_ok": false, "canopy_baseline_ok": false, "ac_src": "lace", "ac_coverage": 1.0, "acs_year": 2024, "access_snap_m": 328.0, "access_quality": "approach-review", "access_src": "routed", "city": "Pittsburg", "city_kind": "city", "inside_frac": 0.017, "rank_lo": null, "rank_hi": null, "rank_top_share": null}, "geometry": {"type": "Polygon", "coordinates": [[[-121.92332, 38.00721], [-121.92224, 38.00889], [-121.9235, 38.0104], [-121.92584, 38.01023], [-121.92692, 38.00855], [-121.92567, 38.00704], [-121.92332, 38.00721]]]}}, {"type": "Feature", "properties": {"id": 52, "name": "Woodland Hills Apartment Homes NW 10", "lst": 48.92, "green": 13.52, "pop": 109, "pct65": 14.5, "ac": 87.8, "holc": null, "access_min": 53.5, "access_km": 4.28, "score": 30.6, "rank": 532.0, "area_m2": 109619, "street_m": 24, "canopy_m2": 14827.0, "row_m2": 0.0, "row_canopy": 0.0, "veg": 14.4, "place": "res", "land": null, "green_src": "canopy", "canopy_source": "usfs-2022", "canopy_year": "2022", "assessed_m2": 109679.76, "coverage_frac": 0.9999530220470296, "canopy_quality": "full", "scenario_ok": true, "canopy_baseline_ok": true, "ac_src": "lace", "ac_coverage": 1.0, "acs_year": 2024, "access_snap_m": 267.0, "access_quality": "approach-review", "access_src": "routed", "city": "Pittsburg", "city_kind": "city", "inside_frac": 1.0, "rank_lo": 514, "rank_hi": 541, "rank_top_share": 0.0}, "geometry": {"type": "Polygon", "coordinates": [[[-121.91629, 38.00772], [-121.9152, 38.0094], [-121.91646, 38.01091], [-121.91881, 38.01074], [-121.91989, 38.00906], [-121.91863, 38.00755], [-121.91629, 38.00772]]]}}, {"type": "Feature", "properties": {"id": 53, "name": "Emerald Cove Mobile Home Park SE 8", "lst": 47.63, "green": 16.48, "pop": 90, "pct65": 14.4, "ac": 87.65, "holc": null, "access_min": 51.4, "access_km": 4.11, "score": 21.9, "rank": 550.0, "area_m2": 109613, "street_m": 761, "canopy_m2": 16107.0, "row_m2": 0.0, "row_canopy": 0.0, "veg": 16.7, "place": "res", "land": null, "green_src": "canopy", "canopy_source": "usfs-2022", "canopy_year": "2022", "assessed_m2": 97743.24, "coverage_frac": 0.8911714951989331, "canopy_quality": "partial", "scenario_ok": true, "canopy_baseline_ok": false, "ac_src": "lace", "ac_coverage": 1.0, "acs_year": 2024, "access_snap_m": 89.0, "access_quality": "network-estimate", "access_src": "routed", "city": "Pittsburg", "city_kind": "city", "inside_frac": 0.933, "rank_lo": 544, "rank_hi": 556, "rank_top_share": 0.0}, "geometry": {"type": "Polygon", "coordinates": [[[-121.91989, 38.00906], [-121.91881, 38.01074], [-121.92007, 38.01225], [-121.92241, 38.01208], [-121.9235, 38.0104], [-121.92224, 38.00889], [-121.91989, 38.00906]]]}}, {"type": "Feature", "properties": {"id": 54, "name": "Woodland Hills Apartment Homes W 11", "lst": 46.3, "green": 0.0, "pop": 97, "pct65": 14.5, "ac": 87.67, "holc": null, "access_min": 57.9, "access_km": 4.63, "score": 65.4, "rank": 117.0, "area_m2": 109622, "street_m": 0, "canopy_m2": 0.0, "row_m2": 0.0, "row_canopy": 0.0, "veg": 9.1, "place": "res", "land": null, "green_src": "canopy", "canopy_source": "usfs-2022", "canopy_year": "2022", "assessed_m2": 98816.04, "coverage_frac": 0.9008822813764013, "canopy_quality": "partial", "scenario_ok": false, "canopy_baseline_ok": false, "ac_src": "lace", "ac_coverage": 1.0, "acs_year": 2024, "access_snap_m": 486.0, "access_quality": "approach-review", "access_src": "routed", "city": "Pittsburg", "city_kind": "city", "inside_frac": 1.0, "rank_lo": 68, "rank_hi": 176, "rank_top_share": 0.01}, "geometry": {"type": "Polygon", "coordinates": [[[-121.91954, 38.00269], [-121.91846, 38.00437], [-121.91972, 38.00587], [-121.92206, 38.0057], [-121.92315, 38.00403], [-121.92189, 38.00252], [-121.91954, 38.00269]]]}}, {"type": "Feature", "properties": {"id": 55, "name": "Lawlor Estates SE 3", "lst": 47.79, "green": 1.62, "pop": 5, "pct65": 13.3, "ac": 83.36, "holc": null, "access_min": 57.6, "access_km": 4.61, "score": 54.2, "rank": 225.0, "area_m2": 109617, "street_m": 0, "canopy_m2": 0.0, "row_m2": 0.0, "row_canopy": 0.0, "veg": 9.9, "place": "res", "land": null, "green_src": "canopy", "canopy_source": "lidar-2020", "canopy_year": "2020", "assessed_m2": 109616.6, "coverage_frac": 1.0, "canopy_quality": "lidar", "scenario_ok": false, "canopy_baseline_ok": false, "ac_src": "lace", "ac_coverage": 1.0, "acs_year": 2024, "access_snap_m": 509.0, "access_quality": "approach-review", "access_src": "routed", "city": "Pittsburg", "city_kind": "city", "inside_frac": 0.258, "rank_lo": 164, "rank_hi": 281, "rank_top_share": 0.0}, "geometry": {"type": "Polygon", "coordinates": [[[-121.92315, 38.00403], [-121.92206, 38.0057], [-121.92332, 38.00721], [-121.92567, 38.00704], [-121.92675, 38.00536], [-121.92549, 38.00386], [-121.92315, 38.00403]]]}}, {"type": "Feature", "properties": {"id": 56, "name": "Woodland Hills Apartment Homes W 8", "lst": 46.58, "green": 0.0, "pop": 109, "pct65": 14.5, "ac": 87.8, "holc": null, "access_min": 56.7, "access_km": 4.53, "score": 66.5, "rank": 107.0, "area_m2": 109623, "street_m": 0, "canopy_m2": 0.0, "row_m2": 0.0, "row_canopy": 0.0, "veg": 8.8, "place": "res", "land": null, "green_src": "canopy", "canopy_source": "usfs-2022", "canopy_year": "2022", "assessed_m2": 109684.8, "coverage_frac": 0.9999598781662772, "canopy_quality": "full", "scenario_ok": false, "canopy_baseline_ok": true, "ac_src": "lace", "ac_coverage": 1.0, "acs_year": 2024, "access_snap_m": 436.0, "access_quality": "approach-review", "access_src": "routed", "city": "Pittsburg", "city_kind": "city", "inside_frac": 1.0, "rank_lo": 61, "rank_hi": 166, "rank_top_share": 0.04}, "geometry": {"type": "Polygon", "coordinates": [[[-121.91611, 38.00454], [-121.91503, 38.00621], [-121.91629, 38.00772], [-121.91863, 38.00755], [-121.91972, 38.00587], [-121.91846, 38.00437], [-121.91611, 38.00454]]]}}, {"type": "Feature", "properties": {"id": 57, "name": "Woodland Hills Apartment Homes NW", "lst": 49.31, "green": 12.22, "pop": 185, "pct65": 9.7, "ac": 79.9, "holc": null, "access_min": 22.7, "access_km": 1.82, "score": 41.0, "rank": 465.0, "area_m2": 109640, "street_m": 1295, "canopy_m2": 13404.0, "row_m2": 0.0, "row_canopy": 0.0, "veg": 16.1, "place": "res", "land": null, "green_src": "canopy", "canopy_source": "usfs-2022", "canopy_year": "2022", "assessed_m2": 109704.96, "coverage_frac": 0.9999852742862432, "canopy_quality": "full", "scenario_ok": true, "canopy_baseline_ok": true, "ac_src": "lace", "ac_coverage": 1.0, "acs_year": 2024, "access_snap_m": 132.0, "access_quality": "approach-review", "access_src": "routed", "city": "Pittsburg", "city_kind": "city", "inside_frac": 1.0, "rank_lo": 298, "rank_hi": 498, "rank_top_share": 0.0}, "geometry": {"type": "Polygon", "coordinates": [[[-121.90187, 38.00237], [-121.90079, 38.00404], [-121.90205, 38.00555], [-121.90439, 38.00538], [-121.90548, 38.00371], [-121.90422, 38.0022], [-121.90187, 38.00237]]]}}, {"type": "Feature", "properties": {"id": 58, "name": "Woodland Hills Apartment Homes NW 2", "lst": 46.82, "green": 5.37, "pop": 19, "pct65": 14.0, "ac": 84.5, "holc": null, "access_min": 28.6, "access_km": 2.29, "score": 46.7, "rank": 376.0, "area_m2": 109635, "street_m": 230, "canopy_m2": 4223.0, "row_m2": 0.0, "row_canopy": 0.0, "veg": 10.7, "place": "res", "land": null, "green_src": "canopy", "canopy_source": "usfs-2022", "canopy_year": "2022", "assessed_m2": 78593.4, "coverage_frac": 0.7164317993077586, "canopy_quality": "partial", "scenario_ok": true, "canopy_baseline_ok": false, "ac_src": "lace", "ac_coverage": 1.0, "acs_year": 2024, "access_snap_m": 190.0, "access_quality": "approach-review", "access_src": "routed", "city": "Pittsburg", "city_kind": "city", "inside_frac": 0.716, "rank_lo": 290, "rank_hi": 432, "rank_top_share": 0.0}, "geometry": {"type": "Polygon", "coordinates": [[[-121.90548, 38.00371], [-121.90439, 38.00538], [-121.90565, 38.00689], [-121.908, 38.00672], [-121.90908, 38.00504], [-121.90782, 38.00354], [-121.90548, 38.00371]]]}}, {"type": "Feature", "properties": {"id": 59, "name": "Woodland Hills Apartment Homes N", "lst": 49.32, "green": 9.8, "pop": 401, "pct65": 14.4, "ac": 79.9, "holc": null, "access_min": 23.2, "access_km": 1.85, "score": 71.8, "rank": 76.0, "area_m2": 109642, "street_m": 1366, "canopy_m2": 10756.0, "row_m2": 0.0, "row_canopy": 0.0, "veg": 14.3, "place": "res", "land": null, "green_src": "canopy", "canopy_source": "usfs-2022", "canopy_year": "2022", "assessed_m2": 109702.44, "coverage_frac": 0.9999520400907224, "canopy_quality": "full", "scenario_ok": true, "canopy_baseline_ok": true, "ac_src": "lace", "ac_coverage": 1.0, "acs_year": 2024, "access_snap_m": 78.0, "access_quality": "network-estimate", "access_src": "routed", "city": "Pittsburg", "city_kind": "city", "inside_frac": 1.0, "rank_lo": 31, "rank_hi": 181, "rank_top_share": 0.203}, "geometry": {"type": "Polygon", "coordinates": [[[-121.89844, 38.00421], [-121.89736, 38.00589], [-121.89862, 38.0074], [-121.90096, 38.00723], [-121.90205, 38.00555], [-121.90079, 38.00404], [-121.89844, 38.00421]]]}}, {"type": "Feature", "properties": {"id": 60, "name": "Woodland Hills Apartment Homes N 2", "lst": 48.36, "green": 8.12, "pop": 72, "pct65": 14.5, "ac": 79.67, "holc": null, "access_min": 28.7, "access_km": 2.29, "score": 49.6, "rank": 296.0, "area_m2": 109636, "street_m": 967, "canopy_m2": 8913.0, "row_m2": 0.0, "row_canopy": 0.0, "veg": 11.1, "place": "res", "land": null, "green_src": "canopy", "canopy_source": "usfs-2022", "canopy_year": "2022", "assessed_m2": 109698.48, "coverage_frac": 0.9999652943635252, "canopy_quality": "full", "scenario_ok": true, "canopy_baseline_ok": true, "ac_src": "lace", "ac_coverage": 1.0, "acs_year": 2024, "access_snap_m": 110.0, "access_quality": "approach-review", "access_src": "routed", "city": "Pittsburg", "city_kind": "city", "inside_frac": 1.0, "rank_lo": 229, "rank_hi": 423, "rank_top_share": 0.0}, "geometry": {"type": "Polygon", "coordinates": [[[-121.90205, 38.00555], [-121.90096, 38.00723], [-121.90222, 38.00874], [-121.90457, 38.00857], [-121.90565, 38.00689], [-121.90439, 38.00538], [-121.90205, 38.00555]]]}}, {"type": "Feature", "properties": {"id": 61, "name": "Woodland Hills Apartment Homes W", "lst": 49.32, "green": 14.88, "pop": 364, "pct65": 8.1, "ac": 79.9, "holc": null, "access_min": 19.1, "access_km": 1.53, "score": 40.4, "rank": 472.0, "area_m2": 109645, "street_m": 1559, "canopy_m2": 16321.0, "row_m2": 0.0, "row_canopy": 0.0, "veg": 15.8, "place": "res", "land": null, "green_src": "canopy", "canopy_source": "usfs-2022", "canopy_year": "2022", "assessed_m2": 109709.64, "coverage_frac": 0.9999888531266202, "canopy_quality": "full", "scenario_ok": true, "canopy_baseline_ok": true, "ac_src": "lace", "ac_coverage": 1.0, "acs_year": 2024, "access_snap_m": 132.0, "access_quality": "approach-review", "access_src": "routed", "city": "Pittsburg", "city_kind": "city", "inside_frac": 1.0, "rank_lo": 251, "rank_hi": 514, "rank_top_share": 0.0}, "geometry": {"type": "Polygon", "coordinates": [[[-121.9017, 37.99918], [-121.90061, 38.00086], [-121.90187, 38.00237], [-121.90422, 38.0022], [-121.9053, 38.00052], [-121.90404, 37.99901], [-121.9017, 37.99918]]]}}, {"type": "Feature", "properties": {"id": 62, "name": "Woodland Hills Apartment Homes W 2", "lst": 46.94, "green": 8.09, "pop": 6, "pct65": 13.6, "ac": 79.9, "holc": null, "access_min": 22.3, "access_km": 1.78, "score": 42.8, "rank": 444.0, "area_m2": 109639, "street_m": 506, "canopy_m2": 4596.0, "row_m2": 0.0, "row_canopy": 0.0, "veg": 10.5, "place": "res", "land": null, "green_src": "canopy", "canopy_source": "usfs-2022", "canopy_year": "2022", "assessed_m2": 56788.56, "coverage_frac": 0.5176457581350415, "canopy_quality": "partial", "scenario_ok": true, "canopy_baseline_ok": false, "ac_src": "lace", "ac_coverage": 1.0, "acs_year": 2024, "access_snap_m": 273.0, "access_quality": "approach-review", "access_src": "routed", "city": "Pittsburg", "city_kind": "city", "inside_frac": 0.518, "rank_lo": 340, "rank_hi": 477, "rank_top_share": 0.0}, "geometry": {"type": "Polygon", "coordinates": [[[-121.9053, 38.00052], [-121.90422, 38.0022], [-121.90548, 38.00371], [-121.90782, 38.00354], [-121.90891, 38.00186], [-121.90765, 38.00035], [-121.9053, 38.00052]]]}}, {"type": "Feature", "properties": {"id": 63, "name": "Woodland Hills Apartment Homes", "lst": 49.6, "green": 19.36, "pop": 400, "pct65": 14.6, "ac": 79.9, "holc": null, "access_min": 18.8, "access_km": 1.51, "score": 36.3, "rank": 504.0, "area_m2": 109646, "street_m": 1780, "canopy_m2": 21236.0, "row_m2": 0.0, "row_canopy": 0.0, "veg": 16.6, "place": "res", "land": null, "green_src": "canopy", "canopy_source": "usfs-2022", "canopy_year": "2022", "assessed_m2": 109711.8, "coverage_frac": 0.9999982717827473, "canopy_quality": "full", "scenario_ok": true, "canopy_baseline_ok": true, "ac_src": "lace", "ac_coverage": 1.0, "acs_year": 2024, "access_snap_m": 191.0, "access_quality": "approach-review", "access_src": "routed", "city": "Pittsburg", "city_kind": "city", "inside_frac": 1.0, "rank_lo": 321, "rank_hi": 543, "rank_top_share": 0.0}, "geometry": {"type": "Polygon", "coordinates": [[[-121.89827, 38.00103], [-121.89718, 38.00271], [-121.89844, 38.00421], [-121.90079, 38.00404], [-121.90187, 38.00237], [-121.90061, 38.00086], [-121.89827, 38.00103]]]}}, {"type": "Feature", "properties": {"id": 64, "name": "Woodland Hills Apartment Homes NW 6", "lst": 46.15, "green": 6.62, "pop": 139, "pct65": 12.6, "ac": 81.54, "holc": null, "access_min": 42.6, "access_km": 3.41, "score": 55.5, "rank": 214.0, "area_m2": 109625, "street_m": 0, "canopy_m2": 7258.0, "row_m2": 0.0, "row_canopy": 0.0, "veg": 11.6, "place": "res", "land": null, "green_src": "canopy", "canopy_source": "usfs-2022", "canopy_year": "2022", "assessed_m2": 109689.84, "coverage_frac": 0.9999852603012698, "canopy_quality": "full", "scenario_ok": false, "canopy_baseline_ok": true, "ac_src": "lace", "ac_coverage": 1.0, "acs_year": 2024, "access_snap_m": 324.0, "access_quality": "approach-review", "access_src": "routed", "city": "Pittsburg", "city_kind": "city", "inside_frac": 1.0, "rank_lo": 189, "rank_hi": 304, "rank_top_share": 0.0}, "geometry": {"type": "Polygon", "coordinates": [[[-121.90925, 38.00823], [-121.90817, 38.00991], [-121.90943, 38.01142], [-121.91177, 38.01125], [-121.91286, 38.00957], [-121.9116, 38.00806], [-121.90925, 38.00823]]]}}, {"type": "Feature", "properties": {"id": 65, "name": "Woodland Hills Apartment Homes NW 9", "lst": 47.9, "green": 7.01, "pop": 123, "pct65": 13.5, "ac": 84.58, "holc": null, "access_min": 40.6, "access_km": 3.25, "score": 51.0, "rank": 273.0, "area_m2": 109620, "street_m": 0, "canopy_m2": 7685.0, "row_m2": 0.0, "row_canopy": 0.0, "veg": 11.8, "place": "res", "land": null, "green_src": "canopy", "canopy_source": "usfs-2022", "canopy_year": "2022", "assessed_m2": 109684.44, "coverage_frac": 0.9999854071196266, "canopy_quality": "full", "scenario_ok": false, "canopy_baseline_ok": true, "ac_src": "lace", "ac_coverage": 1.0, "acs_year": 2024, "access_snap_m": 212.0, "access_quality": "approach-review", "access_src": "routed", "city": "Pittsburg", "city_kind": "city", "inside_frac": 1.0, "rank_lo": 239, "rank_hi": 377, "rank_top_share": 0.0}, "geometry": {"type": "Polygon", "coordinates": [[[-121.91286, 38.00957], [-121.91177, 38.01125], [-121.91303, 38.01276], [-121.91538, 38.01259], [-121.91646, 38.01091], [-121.9152, 38.0094], [-121.91286, 38.00957]]]}}, {"type": "Feature", "properties": {"id": 66, "name": "Woodland Hills Apartment Homes NW 5", "lst": 47.62, "green": 6.48, "pop": 275, "pct65": 16.4, "ac": 72.91, "holc": null, "access_min": 30.8, "access_km": 2.47, "score": 83.8, "rank": 19.0, "area_m2": 109626, "street_m": 522, "canopy_m2": 7113.0, "row_m2": 0.0, "row_canopy": 0.0, "veg": 11.5, "place": "res", "land": null, "green_src": "canopy", "canopy_source": "usfs-2022", "canopy_year": "2022", "assessed_m2": 109691.64, "coverage_frac": 0.999991401681052, "canopy_quality": "full", "scenario_ok": true, "canopy_baseline_ok": true, "ac_src": "lace", "ac_coverage": 1.0, "acs_year": 2024, "access_snap_m": 187.0, "access_quality": "approach-review", "access_src": "routed", "city": "Pittsburg", "city_kind": "city", "inside_frac": 1.0, "rank_lo": 12, "rank_hi": 54, "rank_top_share": 0.957}, "geometry": {"type": "Polygon", "coordinates": [[[-121.90582, 38.01008], [-121.90474, 38.01176], [-121.906, 38.01327], [-121.90834, 38.0131], [-121.90943, 38.01142], [-121.90817, 38.00991], [-121.90582, 38.01008]]]}}, {"type": "Feature", "properties": {"id": 67, "name": "Woodland Hills Apartment Homes NW 8", "lst": 46.75, "green": 12.49, "pop": 151, "pct65": 12.1, "ac": 79.5, "holc": null, "access_min": 38.2, "access_km": 3.05, "score": 41.5, "rank": 458.0, "area_m2": 109621, "street_m": 336, "canopy_m2": 13698.0, "row_m2": 0.0, "row_canopy": 0.0, "veg": 14.9, "place": "res", "land": null, "green_src": "canopy", "canopy_source": "usfs-2022", "canopy_year": "2022", "assessed_m2": 109684.44, "coverage_frac": 0.9999751343979288, "canopy_quality": "full", "scenario_ok": true, "canopy_baseline_ok": true, "ac_src": "lace", "ac_coverage": 1.0, "acs_year": 2024, "access_snap_m": 67.0, "access_quality": "network-estimate", "access_src": "routed", "city": "Pittsburg", "city_kind": "city", "inside_frac": 1.0, "rank_lo": 328, "rank_hi": 495, "rank_top_share": 0.0}, "geometry": {"type": "Polygon", "coordinates": [[[-121.90943, 38.01142], [-121.90834, 38.0131], [-121.9096, 38.01461], [-121.91195, 38.01444], [-121.91303, 38.01276], [-121.91177, 38.01125], [-121.90943, 38.01142]]]}}, {"type": "Feature", "properties": {"id": 68, "name": "Woodland Hills Apartment Homes NW 4", "lst": 45.54, "green": 5.8, "pop": 108, "pct65": 14.5, "ac": 87.8, "holc": null, "access_min": 33.6, "access_km": 2.69, "score": 51.0, "rank": 274.0, "area_m2": 109630, "street_m": 0, "canopy_m2": 6277.0, "row_m2": 0.0, "row_canopy": 0.0, "veg": 12.0, "place": "res", "land": null, "green_src": "canopy", "canopy_source": "usfs-2022", "canopy_year": "2022", "assessed_m2": 108143.64, "coverage_frac": 0.9858508148885804, "canopy_quality": "partial", "scenario_ok": false, "canopy_baseline_ok": false, "ac_src": "lace", "ac_coverage": 1.0, "acs_year": 2024, "access_snap_m": 455.0, "access_quality": "approach-review", "access_src": "routed", "city": "Pittsburg", "city_kind": "city", "inside_frac": 0.993, "rank_lo": 229, "rank_hi": 379, "rank_top_share": 0.0}, "geometry": {"type": "Polygon", "coordinates": [[[-121.90908, 38.00504], [-121.908, 38.00672], [-121.90925, 38.00823], [-121.9116, 38.00806], [-121.91268, 38.00638], [-121.91143, 38.00488], [-121.90908, 38.00504]]]}}, {"type": "Feature", "properties": {"id": 69, "name": "Woodland Hills Apartment Homes NW 7", "lst": 46.28, "green": 4.95, "pop": 109, "pct65": 14.5, "ac": 87.8, "holc": null, "access_min": 49.5, "access_km": 3.96, "score": 53.4, "rank": 232.0, "area_m2": 109624, "street_m": 0, "canopy_m2": 5432.0, "row_m2": 0.0, "row_canopy": 0.0, "veg": 11.4, "place": "res", "land": null, "green_src": "canopy", "canopy_source": "usfs-2022", "canopy_year": "2022", "assessed_m2": 109687.32, "coverage_frac": 0.9999725645195928, "canopy_quality": "full", "scenario_ok": false, "canopy_baseline_ok": true, "ac_src": "lace", "ac_coverage": 1.0, "acs_year": 2024, "access_snap_m": 379.0, "access_quality": "approach-review", "access_src": "routed", "city": "Pittsburg", "city_kind": "city", "inside_frac": 1.0, "rank_lo": 198, "rank_hi": 328, "rank_top_share": 0.0}, "geometry": {"type": "Polygon", "coordinates": [[[-121.91268, 38.00638], [-121.9116, 38.00806], [-121.91286, 38.00957], [-121.9152, 38.0094], [-121.91629, 38.00772], [-121.91503, 38.00621], [-121.91268, 38.00638]]]}}, {"type": "Feature", "properties": {"id": 70, "name": "Woodland Hills Apartment Homes NW 3", "lst": 46.84, "green": 6.37, "pop": 147, "pct65": 15.9, "ac": 75.16, "holc": null, "access_min": 32.8, "access_km": 2.62, "score": 67.5, "rank": 99.0, "area_m2": 109631, "street_m": 174, "canopy_m2": 6986.0, "row_m2": 0.0, "row_canopy": 0.0, "veg": 10.0, "place": "res", "land": null, "green_src": "canopy", "canopy_source": "usfs-2022", "canopy_year": "2022", "assessed_m2": 109695.6, "coverage_frac": 0.9999884010388148, "canopy_quality": "full", "scenario_ok": true, "canopy_baseline_ok": true, "ac_src": "lace", "ac_coverage": 1.0, "acs_year": 2024, "access_snap_m": 203.0, "access_quality": "approach-review", "access_src": "routed", "city": "Pittsburg", "city_kind": "city", "inside_frac": 1.0, "rank_lo": 86, "rank_hi": 151, "rank_top_share": 0.0}, "geometry": {"type": "Polygon", "coordinates": [[[-121.90565, 38.00689], [-121.90457, 38.00857], [-121.90582, 38.01008], [-121.90817, 38.00991], [-121.90925, 38.00823], [-121.908, 38.00672], [-121.90565, 38.00689]]]}}, {"type": "Feature", "properties": {"id": 71, "name": "Woodland Hills Apartment Homes W 13", "lst": 45.68, "green": 0.04, "pop": 6, "pct65": 13.6, "ac": 79.9, "holc": null, "access_min": 66.4, "access_km": 5.31, "score": 61.1, "rank": 167.0, "area_m2": 109625, "street_m": 0, "canopy_m2": 40.0, "row_m2": 0.0, "row_canopy": 0.0, "veg": 9.0, "place": "res", "land": null, "green_src": "canopy", "canopy_source": "chm-legacy", "canopy_year": "2009-2020", "assessed_m2": 178587.36, "coverage_frac": 1.0, "canopy_quality": "full", "scenario_ok": false, "canopy_baseline_ok": false, "ac_src": "lace", "ac_coverage": 1.0, "acs_year": 2024, "access_snap_m": 454.0, "access_quality": "approach-review", "access_src": "routed", "city": "Pittsburg", "city_kind": "city", "inside_frac": 0.45, "rank_lo": 92, "rank_hi": 214, "rank_top_share": 0.0}, "geometry": {"type": "Polygon", "coordinates": [[[-121.9228, 37.99765], [-121.92171, 37.99933], [-121.92297, 38.00084], [-121.92532, 38.00067], [-121.9264, 37.99899], [-121.92514, 37.99748], [-121.9228, 37.99765]]]}}, {"type": "Feature", "properties": {"id": 72, "name": "Woodland Hills Apartment Homes W 9", "lst": 46.62, "green": 0.0, "pop": 22, "pct65": 14.3, "ac": 83.58, "holc": null, "access_min": 62.4, "access_km": 4.99, "score": 60.6, "rank": 173.0, "area_m2": 109626, "street_m": 0, "canopy_m2": 0.0, "row_m2": 0.0, "row_canopy": 0.0, "veg": 8.0, "place": "res", "land": null, "green_src": "canopy", "canopy_source": "usfs-2022", "canopy_year": "2022", "assessed_m2": 11335.68, "coverage_frac": 0.1033406537250687, "canopy_quality": "partial", "scenario_ok": false, "canopy_baseline_ok": false, "ac_src": "lace", "ac_coverage": 1.0, "acs_year": 2024, "access_snap_m": 690.0, "access_quality": "approach-review", "access_src": "routed", "city": "Pittsburg", "city_kind": "city", "inside_frac": 1.0, "rank_lo": 106, "rank_hi": 217, "rank_top_share": 0.0}, "geometry": {"type": "Polygon", "coordinates": [[[-121.91937, 37.9995], [-121.91828, 38.00118], [-121.91954, 38.00269], [-121.92189, 38.00252], [-121.92297, 38.00084], [-121.92171, 37.99933], [-121.91937, 37.9995]]]}}, {"type": "Feature", "properties": {"id": 73, "name": "Woodland Hills Apartment Homes W 14", "lst": 47.83, "green": 0.0, "pop": 5, "pct65": 13.5, "ac": 79.9, "holc": null, "access_min": 61.4, "access_km": 4.91, "score": 61.0, "rank": 169.0, "area_m2": 109621, "street_m": 0, "canopy_m2": 0.0, "row_m2": 0.0, "row_canopy": 0.0, "veg": 10.0, "place": "res", "land": null, "green_src": "canopy", "canopy_source": "chm-legacy", "canopy_year": "2009-2020", "assessed_m2": 178603.2, "coverage_frac": 1.0, "canopy_quality": "full", "scenario_ok": false, "canopy_baseline_ok": false, "ac_src": "lace", "ac_coverage": 1.0, "acs_year": 2024, "access_snap_m": 611.0, "access_quality": "approach-review", "access_src": "routed", "city": "Pittsburg", "city_kind": "city", "inside_frac": 0.405, "rank_lo": 96, "rank_hi": 215, "rank_top_share": 0.0}, "geometry": {"type": "Polygon", "coordinates": [[[-121.92297, 38.00084], [-121.92189, 38.00252], [-121.92315, 38.00403], [-121.92549, 38.00386], [-121.92658, 38.00218], [-121.92532, 38.00067], [-121.92297, 38.00084]]]}}, {"type": "Feature", "properties": {"id": 74, "name": "Woodland Hills Apartment Homes W 10", "lst": 45.38, "green": 0.0, "pop": 5, "pct65": 13.5, "ac": 79.9, "holc": null, "access_min": 67.8, "access_km": 5.43, "score": 61.0, "rank": 170.0, "area_m2": 109631, "street_m": 0, "canopy_m2": 0.0, "row_m2": 0.0, "row_canopy": 0.0, "veg": 8.9, "place": "res", "land": null, "green_src": "canopy", "canopy_source": "chm-legacy", "canopy_year": "2009-2020", "assessed_m2": 178597.44, "coverage_frac": 1.0, "canopy_quality": "full", "scenario_ok": false, "canopy_baseline_ok": false, "ac_src": "lace", "ac_coverage": 1.0, "acs_year": 2024, "access_snap_m": 571.0, "access_quality": "approach-review", "access_src": "routed", "city": "Pittsburg", "city_kind": "city", "inside_frac": 0.38, "rank_lo": 97, "rank_hi": 216, "rank_top_share": 0.0}, "geometry": {"type": "Polygon", "coordinates": [[[-121.9192, 37.99631], [-121.91811, 37.99799], [-121.91937, 37.9995], [-121.92171, 37.99933], [-121.9228, 37.99765], [-121.92154, 37.99614], [-121.9192, 37.99631]]]}}, {"type": "Feature", "properties": {"id": 75, "name": "Woodland Hills Apartment Homes SW 3", "lst": 48.68, "green": 5.45, "pop": 8, "pct65": 13.8, "ac": 79.9, "holc": null, "access_min": 16.5, "access_km": 1.32, "score": 49.2, "rank": 310.0, "area_m2": 109648, "street_m": 230, "canopy_m2": 3660.0, "row_m2": 0.0, "row_canopy": 0.0, "veg": 11.2, "place": "res", "land": null, "green_src": "canopy", "canopy_source": "usfs-2022", "canopy_year": "2022", "assessed_m2": 67137.84, "coverage_frac": 0.6119349127429269, "canopy_quality": "partial", "scenario_ok": true, "canopy_baseline_ok": false, "ac_src": "lace", "ac_coverage": 1.0, "acs_year": 2024, "access_snap_m": 245.0, "access_quality": "approach-review", "access_src": "routed", "city": "Pittsburg", "city_kind": "city", "inside_frac": 0.612, "rank_lo": 231, "rank_hi": 415, "rank_top_share": 0.0}, "geometry": {"type": "Polygon", "coordinates": [[[-121.90496, 37.99414], [-121.90387, 37.99582], [-121.90513, 37.99733], [-121.90747, 37.99716], [-121.90856, 37.99548], [-121.9073, 37.99397], [-121.90496, 37.99414]]]}}, {"type": "Feature", "properties": {"id": 76, "name": "Woodland Hills Apartment Homes SW", "lst": 49.64, "green": 12.59, "pop": 265, "pct65": 8.3, "ac": 79.9, "holc": null, "access_min": 13.1, "access_km": 1.05, "score": 43.0, "rank": 440.0, "area_m2": 109649, "street_m": 1383, "canopy_m2": 13814.0, "row_m2": 0.0, "row_canopy": 0.0, "veg": 15.3, "place": "res", "land": null, "green_src": "canopy", "canopy_source": "usfs-2022", "canopy_year": "2022", "assessed_m2": 109712.88, "coverage_frac": 0.9999793140345568, "canopy_quality": "full", "scenario_ok": true, "canopy_baseline_ok": true, "ac_src": "lace", "ac_coverage": 1.0, "acs_year": 2024, "access_snap_m": 129.0, "access_quality": "approach-review", "access_src": "routed", "city": "Pittsburg", "city_kind": "city", "inside_frac": 1.0, "rank_lo": 248, "rank_hi": 491, "rank_top_share": 0.0}, "geometry": {"type": "Polygon", "coordinates": [[[-121.90153, 37.99599], [-121.90044, 37.99767], [-121.9017, 37.99918], [-121.90404, 37.99901], [-121.90513, 37.99733], [-121.90387, 37.99582], [-121.90153, 37.99599]]]}}, {"type": "Feature", "properties": {"id": 77, "name": "Woodland Hills Apartment Homes SW 2", "lst": 47.9, "green": 14.64, "pop": 8, "pct65": 13.6, "ac": 79.9, "holc": null, "access_min": 18.0, "access_km": 1.44, "score": 28.0, "rank": 540.0, "area_m2": 109644, "street_m": 590, "canopy_m2": 9097.0, "row_m2": 0.0, "row_canopy": 0.0, "veg": 13.9, "place": "res", "land": null, "green_src": "canopy", "canopy_source": "usfs-2022", "canopy_year": "2022", "assessed_m2": 62119.08, "coverage_frac": 0.5662130155304936, "canopy_quality": "partial", "scenario_ok": true, "canopy_baseline_ok": false, "ac_src": "lace", "ac_coverage": 1.0, "acs_year": 2024, "access_snap_m": 126.0, "access_quality": "approach-review", "access_src": "routed", "city": "Pittsburg", "city_kind": "city", "inside_frac": 0.566, "rank_lo": 519, "rank_hi": 547, "rank_top_share": 0.0}, "geometry": {"type": "Polygon", "coordinates": [[[-121.90513, 37.99733], [-121.90404, 37.99901], [-121.9053, 38.00052], [-121.90765, 38.00035], [-121.90873, 37.99867], [-121.90747, 37.99716], [-121.90513, 37.99733]]]}}, {"type": "Feature", "properties": {"id": 78, "name": "Woodland Hills Apartment Homes SW 4", "lst": 48.03, "green": 4.04, "pop": 8, "pct65": 13.8, "ac": 79.9, "holc": null, "access_min": 17.6, "access_km": 1.41, "score": 52.4, "rank": 239.0, "area_m2": 109652, "street_m": 0, "canopy_m2": 2961.0, "row_m2": 0.0, "row_canopy": 0.0, "veg": 9.9, "place": "res", "land": null, "green_src": "canopy", "canopy_source": "usfs-2022", "canopy_year": "2022", "assessed_m2": 73342.44, "coverage_frac": 0.6684612839731422, "canopy_quality": "partial", "scenario_ok": false, "canopy_baseline_ok": false, "ac_src": "lace", "ac_coverage": 1.0, "acs_year": 2024, "access_snap_m": 453.0, "access_quality": "approach-review", "access_src": "routed", "city": "Pittsburg", "city_kind": "city", "inside_frac": 0.668, "rank_lo": 190, "rank_hi": 351, "rank_top_share": 0.0}, "geometry": {"type": "Polygon", "coordinates": [[[-121.90478, 37.99096], [-121.9037, 37.99263], [-121.90496, 37.99414], [-121.9073, 37.99397], [-121.90839, 37.9923], [-121.90713, 37.99079], [-121.90478, 37.99096]]]}}, {"type": "Feature", "properties": {"id": 79, "name": "Woodland Hills Apartment Homes S 2", "lst": 46.53, "green": 9.26, "pop": 12, "pct65": 14.2, "ac": 79.9, "holc": null, "access_min": 13.3, "access_km": 1.06, "score": 41.2, "rank": 462.0, "area_m2": 109654, "street_m": 290, "canopy_m2": 10157.0, "row_m2": 0.0, "row_canopy": 0.0, "veg": 13.5, "place": "res", "land": null, "green_src": "canopy", "canopy_source": "usfs-2022", "canopy_year": "2022", "assessed_m2": 109716.84, "coverage_frac": 0.999976345130792, "canopy_quality": "full", "scenario_ok": true, "canopy_baseline_ok": true, "ac_src": "lace", "ac_coverage": 1.0, "acs_year": 2024, "access_snap_m": 268.0, "access_quality": "approach-review", "access_src": "routed", "city": "Pittsburg", "city_kind": "city", "inside_frac": 1.0, "rank_lo": 372, "rank_hi": 493, "rank_top_share": 0.0}, "geometry": {"type": "Polygon", "coordinates": [[[-121.90135, 37.9928], [-121.90027, 37.99448], [-121.90153, 37.99599], [-121.90387, 37.99582], [-121.90496, 37.99414], [-121.9037, 37.99263], [-121.90135, 37.9928]]]}}, {"type": "Feature", "properties": {"id": 80, "name": "Lawlor Estates S", "lst": 42.77, "green": 9.76, "pop": 10, "pct65": 13.2, "ac": 87.8, "holc": null, "access_min": 70.8, "access_km": 5.66, "score": 32.3, "rank": 524.0, "area_m2": 109595, "street_m": 0, "canopy_m2": 1923.0, "row_m2": 0.0, "row_canopy": 0.0, "veg": 17.3, "place": "res", "land": null, "green_src": "canopy", "canopy_source": "lidar-2020", "canopy_year": "2020", "assessed_m2": 109594.8, "coverage_frac": 1.0, "canopy_quality": "lidar", "scenario_ok": false, "canopy_baseline_ok": false, "ac_src": "lace", "ac_coverage": 1.0, "acs_year": 2024, "access_snap_m": 175.0, "access_quality": "approach-review", "access_src": "routed", "city": "Pittsburg", "city_kind": "city", "inside_frac": 0.091, "rank_lo": 496, "rank_hi": 537, "rank_top_share": 0.0}, "geometry": {"type": "Polygon", "coordinates": [[[-121.93756, 38.00938], [-121.93648, 38.01106], [-121.93774, 38.01257], [-121.94008, 38.0124], [-121.94116, 38.01072], [-121.9399, 38.00921], [-121.93756, 38.00938]]]}}, {"type": "Feature", "properties": {"id": 81, "name": "Oak Hills E 3", "lst": 46.35, "green": 8.24, "pop": 154, "pct65": 11.2, "ac": 95.11, "holc": null, "access_min": 73.2, "access_km": 5.86, "score": 36.3, "rank": 503.0, "area_m2": 109589, "street_m": 972, "canopy_m2": 6699.0, "row_m2": 0.0, "row_canopy": 0.0, "veg": 13.4, "place": "res", "land": null, "green_src": "canopy", "canopy_source": "usfs-2022", "canopy_year": "2022", "assessed_m2": 81322.2, "coverage_frac": 0.7416149481974494, "canopy_quality": "partial", "scenario_ok": true, "canopy_baseline_ok": false, "ac_src": "lace", "ac_coverage": 1.0, "acs_year": 2024, "access_snap_m": 78.0, "access_quality": "network-estimate", "access_src": "routed", "city": "Pittsburg", "city_kind": "city", "inside_frac": 0.742, "rank_lo": 460, "rank_hi": 516, "rank_top_share": 0.0}, "geometry": {"type": "Polygon", "coordinates": [[[-121.94116, 38.01072], [-121.94008, 38.0124], [-121.94134, 38.0139], [-121.94368, 38.01373], [-121.94477, 38.01205], [-121.94351, 38.01055], [-121.94116, 38.01072]]]}}, {"type": "Feature", "properties": {"id": 82, "name": "Lawlor Estates E", "lst": 46.48, "green": 11.21, "pop": 79, "pct65": 14.2, "ac": 87.8, "holc": null, "access_min": 64.4, "access_km": 5.15, "score": 34.4, "rank": 514.0, "area_m2": 109596, "street_m": 352, "canopy_m2": 8935.0, "row_m2": 0.0, "row_canopy": 0.0, "veg": 14.7, "place": "res", "land": null, "green_src": "canopy", "canopy_source": "usfs-2022", "canopy_year": "2022", "assessed_m2": 79716.24, "coverage_frac": 0.7269260147986075, "canopy_quality": "partial", "scenario_ok": true, "canopy_baseline_ok": false, "ac_src": "lace", "ac_coverage": 1.0, "acs_year": 2024, "access_snap_m": 201.0, "access_quality": "approach-review", "access_src": "routed", "city": "Pittsburg", "city_kind": "city", "inside_frac": 0.727, "rank_lo": 494, "rank_hi": 525, "rank_top_share": 0.0}, "geometry": {"type": "Polygon", "coordinates": [[[-121.93413, 38.01123], [-121.93305, 38.01291], [-121.93431, 38.01441], [-121.93665, 38.01424], [-121.93774, 38.01257], [-121.93648, 38.01106], [-121.93413, 38.01123]]]}}, {"type": "Feature", "properties": {"id": 83, "name": "Lawlor Estates", "lst": 45.91, "green": 17.67, "pop": 110, "pct65": 15.0, "ac": 87.8, "holc": null, "access_min": 66.6, "access_km": 5.33, "score": 20.2, "rank": 555.0, "area_m2": 109590, "street_m": 1323, "canopy_m2": 19375.0, "row_m2": 0.0, "row_canopy": 0.0, "veg": 16.8, "place": "res", "land": null, "green_src": "canopy", "canopy_source": "usfs-2022", "canopy_year": "2022", "assessed_m2": 109656.72, "coverage_frac": 1.0, "canopy_quality": "full", "scenario_ok": true, "canopy_baseline_ok": true, "ac_src": "lace", "ac_coverage": 1.0, "acs_year": 2024, "access_snap_m": 97.0, "access_quality": "network-estimate", "access_src": "routed", "city": "Pittsburg", "city_kind": "city", "inside_frac": 1.0, "rank_lo": 547, "rank_hi": 560, "rank_top_share": 0.0}, "geometry": {"type": "Polygon", "coordinates": [[[-121.93774, 38.01257], [-121.93665, 38.01424], [-121.93791, 38.01575], [-121.94025, 38.01558], [-121.94134, 38.0139], [-121.94008, 38.0124], [-121.93774, 38.01257]]]}}, {"type": "Feature", "properties": {"id": 84, "name": "Oak Hills E 2", "lst": 45.5, "green": 5.26, "pop": 40, "pct65": 13.3, "ac": 96.3, "holc": null, "access_min": 79.6, "access_km": 6.37, "score": 37.7, "rank": 489.0, "area_m2": 109594, "street_m": 274, "canopy_m2": 1297.0, "row_m2": 0.0, "row_canopy": 0.0, "veg": 12.3, "place": "res", "land": null, "green_src": "canopy", "canopy_source": "usfs-2022", "canopy_year": "2022", "assessed_m2": 24659.28, "coverage_frac": 0.2248706452274462, "canopy_quality": "partial", "scenario_ok": true, "canopy_baseline_ok": false, "ac_src": "lace", "ac_coverage": 1.0, "acs_year": 2024, "access_snap_m": 121.0, "access_quality": "approach-review", "access_src": "routed", "city": "Pittsburg", "city_kind": "city", "inside_frac": 0.225, "rank_lo": 444, "rank_hi": 515, "rank_top_share": 0.0}, "geometry": {"type": "Polygon", "coordinates": [[[-121.94099, 38.00753], [-121.9399, 38.00921], [-121.94116, 38.01072], [-121.94351, 38.01055], [-121.94459, 38.00887], [-121.94333, 38.00736], [-121.94099, 38.00753]]]}}, {"type": "Feature", "properties": {"id": 85, "name": "Oak Hills N 2", "lst": 48.05, "green": 7.85, "pop": 208, "pct65": 13.3, "ac": 96.3, "holc": null, "access_min": 75.1, "access_km": 6.01, "score": 42.3, "rank": 446.0, "area_m2": 109580, "street_m": 258, "canopy_m2": 8610.0, "row_m2": 0.0, "row_canopy": 0.0, "veg": 7.1, "place": "res", "land": null, "green_src": "canopy", "canopy_source": "usfs-2022", "canopy_year": "2022", "assessed_m2": 109647.0, "coverage_frac": 1.0, "canopy_quality": "full", "scenario_ok": true, "canopy_baseline_ok": true, "ac_src": "lace", "ac_coverage": 1.0, "acs_year": 2024, "access_snap_m": 25.0, "access_quality": "network-estimate", "access_src": "routed", "city": "Pittsburg", "city_kind": "city", "inside_frac": 1.0, "rank_lo": 341, "rank_hi": 494, "rank_top_share": 0.0}, "geometry": {"type": "Polygon", "coordinates": [[[-121.94494, 38.01524], [-121.94386, 38.01692], [-121.94512, 38.01843], [-121.94746, 38.01826], [-121.94855, 38.01658], [-121.94729, 38.01507], [-121.94494, 38.01524]]]}}, {"type": "Feature", "properties": {"id": 86, "name": "Oak Hills N 3", "lst": 48.51, "green": 0.97, "pop": 202, "pct65": 14.2, "ac": 94.68, "holc": null, "access_min": 87.9, "access_km": 7.03, "score": 65.6, "rank": 112.0, "area_m2": 109574, "street_m": 148, "canopy_m2": 1064.0, "row_m2": 0.0, "row_canopy": 0.0, "veg": 5.8, "place": "res", "land": null, "green_src": "canopy", "canopy_source": "usfs-2022", "canopy_year": "2022", "assessed_m2": 109639.8, "coverage_frac": 0.9999943050947916, "canopy_quality": "full", "scenario_ok": true, "canopy_baseline_ok": true, "ac_src": "lace", "ac_coverage": 1.0, "acs_year": 2024, "access_snap_m": 184.0, "access_quality": "approach-review", "access_src": "routed", "city": "Pittsburg", "city_kind": "city", "inside_frac": 1.0, "rank_lo": 56, "rank_hi": 187, "rank_top_share": 0.06}, "geometry": {"type": "Polygon", "coordinates": [[[-121.94855, 38.01658], [-121.94746, 38.01826], [-121.94872, 38.01977], [-121.95107, 38.01959], [-121.95215, 38.01792], [-121.95089, 38.01641], [-121.94855, 38.01658]]]}}, {"type": "Feature", "properties": {"id": 87, "name": "Westwood Village SE", "lst": 47.24, "green": 3.57, "pop": 220, "pct65": 15.7, "ac": 84.2, "holc": null, "access_min": 64.0, "access_km": 5.12, "score": 73.2, "rank": 69.0, "area_m2": 109581, "street_m": 875, "canopy_m2": 3916.0, "row_m2": 0.0, "row_canopy": 0.0, "veg": 5.5, "place": "res", "land": null, "green_src": "canopy", "canopy_source": "usfs-2022", "canopy_year": "2022", "assessed_m2": 109646.64, "coverage_frac": 0.9999969118414253, "canopy_quality": "full", "scenario_ok": true, "canopy_baseline_ok": true, "ac_src": "lace", "ac_coverage": 1.0, "acs_year": 2024, "access_snap_m": 103.0, "access_quality": "approach-review", "access_src": "routed", "city": "Bay Point", "city_kind": "cdp", "inside_frac": 1.0, "rank_lo": 42, "rank_hi": 111, "rank_top_share": 0.237}, "geometry": {"type": "Polygon", "coordinates": [[[-121.94151, 38.01709], [-121.94043, 38.01877], [-121.94169, 38.02028], [-121.94403, 38.02011], [-121.94512, 38.01843], [-121.94386, 38.01692], [-121.94151, 38.01709]]]}}, {"type": "Feature", "properties": {"id": 88, "name": "Westwood Village", "lst": 47.08, "green": 13.61, "pop": 295, "pct65": 16.7, "ac": 72.32, "holc": null, "access_min": 68.7, "access_km": 5.5, "score": 63.2, "rank": 144.0, "area_m2": 109575, "street_m": 1571, "canopy_m2": 14924.0, "row_m2": 0.0, "row_canopy": 0.0, "veg": 11.8, "place": "res", "land": null, "green_src": "canopy", "canopy_source": "usfs-2022", "canopy_year": "2022", "assessed_m2": 109643.04, "coverage_frac": 1.0, "canopy_quality": "full", "scenario_ok": true, "canopy_baseline_ok": true, "ac_src": "lace", "ac_coverage": 1.0, "acs_year": 2024, "access_snap_m": 81.0, "access_quality": "network-estimate", "access_src": "routed", "city": "Bay Point", "city_kind": "cdp", "inside_frac": 1.0, "rank_lo": 91, "rank_hi": 376, "rank_top_share": 0.007}, "geometry": {"type": "Polygon", "coordinates": [[[-121.94512, 38.01843], [-121.94403, 38.02011], [-121.94529, 38.02161], [-121.94764, 38.02144], [-121.94872, 38.01977], [-121.94746, 38.01826], [-121.94512, 38.01843]]]}}, {"type": "Feature", "properties": {"id": 89, "name": "Oak Hills NE", "lst": 46.58, "green": 11.35, "pop": 324, "pct65": 7.2, "ac": 96.3, "holc": null, "access_min": 74.9, "access_km": 5.99, "score": 28.3, "rank": 538.0, "area_m2": 109584, "street_m": 1618, "canopy_m2": 12447.0, "row_m2": 0.0, "row_canopy": 0.0, "veg": 16.5, "place": "res", "land": null, "green_src": "canopy", "canopy_source": "usfs-2022", "canopy_year": "2022", "assessed_m2": 109648.8, "coverage_frac": 0.9999878215581358, "canopy_quality": "full", "scenario_ok": true, "canopy_baseline_ok": true, "ac_src": "lace", "ac_coverage": 1.0, "acs_year": 2024, "access_snap_m": 156.0, "access_quality": "approach-review", "access_src": "routed", "city": "Pittsburg", "city_kind": "city", "inside_frac": 1.0, "rank_lo": 473, "rank_hi": 546, "rank_top_share": 0.0}, "geometry": {"type": "Polygon", "coordinates": [[[-121.94477, 38.01205], [-121.94368, 38.01373], [-121.94494, 38.01524], [-121.94729, 38.01507], [-121.94837, 38.01339], [-121.94711, 38.01188], [-121.94477, 38.01205]]]}}, {"type": "Feature", "properties": {"id": 90, "name": "Oak Hills N", "lst": 47.34, "green": 9.08, "pop": 310, "pct65": 7.8, "ac": 96.3, "holc": null, "access_min": 77.6, "access_km": 6.21, "score": 36.4, "rank": 502.0, "area_m2": 109578, "street_m": 1594, "canopy_m2": 9953.0, "row_m2": 0.0, "row_canopy": 0.0, "veg": 12.8, "place": "res", "land": null, "green_src": "canopy", "canopy_source": "usfs-2022", "canopy_year": "2022", "assessed_m2": 109641.6, "coverage_frac": 0.9999716045989104, "canopy_quality": "full", "scenario_ok": true, "canopy_baseline_ok": true, "ac_src": "lace", "ac_coverage": 1.0, "acs_year": 2024, "access_snap_m": 139.0, "access_quality": "approach-review", "access_src": "routed", "city": "Pittsburg", "city_kind": "city", "inside_frac": 1.0, "rank_lo": 336, "rank_hi": 527, "rank_top_share": 0.0}, "geometry": {"type": "Polygon", "coordinates": [[[-121.94837, 38.01339], [-121.94729, 38.01507], [-121.94855, 38.01658], [-121.95089, 38.01641], [-121.95197, 38.01473], [-121.95072, 38.01322], [-121.94837, 38.01339]]]}}, {"type": "Feature", "properties": {"id": 91, "name": "Oak Hills Apartments", "lst": 47.82, "green": 11.53, "pop": 221, "pct65": 12.0, "ac": 94.65, "holc": null, "access_min": 69.6, "access_km": 5.57, "score": 31.9, "rank": 528.0, "area_m2": 109585, "street_m": 1588, "canopy_m2": 12644.0, "row_m2": 0.0, "row_canopy": 0.0, "veg": 13.6, "place": "res", "land": null, "green_src": "canopy", "canopy_source": "usfs-2022", "canopy_year": "2022", "assessed_m2": 109647.72, "coverage_frac": 0.99996764242728, "canopy_quality": "full", "scenario_ok": true, "canopy_baseline_ok": true, "ac_src": "lace", "ac_coverage": 1.0, "acs_year": 2024, "access_snap_m": 11.0, "access_quality": "network-estimate", "access_src": "routed", "city": "Pittsburg", "city_kind": "city", "inside_frac": 1.0, "rank_lo": 495, "rank_hi": 538, "rank_top_share": 0.0}, "geometry": {"type": "Polygon", "coordinates": [[[-121.94134, 38.0139], [-121.94025, 38.01558], [-121.94151, 38.01709], [-121.94386, 38.01692], [-121.94494, 38.01524], [-121.94368, 38.01373], [-121.94134, 38.0139]]]}}, {"type": "Feature", "properties": {"id": 92, "name": "Emerald Cove Mobile Home Park S 4", "lst": 47.89, "green": 14.01, "pop": 109, "pct65": 14.5, "ac": 87.8, "holc": null, "access_min": 55.3, "access_km": 4.43, "score": 29.3, "rank": 536.0, "area_m2": 109602, "street_m": 1152, "canopy_m2": 15361.0, "row_m2": 0.0, "row_canopy": 0.0, "veg": 19.7, "place": "res", "land": null, "green_src": "canopy", "canopy_source": "usfs-2022", "canopy_year": "2022", "assessed_m2": 109671.48, "coverage_frac": 1.0, "canopy_quality": "full", "scenario_ok": true, "canopy_baseline_ok": true, "ac_src": "lace", "ac_coverage": 1.0, "acs_year": 2024, "access_snap_m": 133.0, "access_quality": "approach-review", "access_src": "routed", "city": "Pittsburg", "city_kind": "city", "inside_frac": 1.0, "rank_lo": 521, "rank_hi": 545, "rank_top_share": 0.0}, "geometry": {"type": "Polygon", "coordinates": [[[-121.9271, 38.01174], [-121.92601, 38.01342], [-121.92727, 38.01492], [-121.92962, 38.01475], [-121.9307, 38.01308], [-121.92944, 38.01157], [-121.9271, 38.01174]]]}}, {"type": "Feature", "properties": {"id": 93, "name": "Emerald Cove Mobile Home Park S 3", "lst": 48.22, "green": 12.01, "pop": 114, "pct65": 15.9, "ac": 87.8, "holc": null, "access_min": 58.5, "access_km": 4.68, "score": 36.6, "rank": 499.0, "area_m2": 109597, "street_m": 1416, "canopy_m2": 13166.0, "row_m2": 0.0, "row_canopy": 0.0, "veg": 16.0, "place": "res", "land": null, "green_src": "canopy", "canopy_source": "usfs-2022", "canopy_year": "2022", "assessed_m2": 109660.68, "coverage_frac": 0.9999766567177618, "canopy_quality": "full", "scenario_ok": true, "canopy_baseline_ok": true, "ac_src": "lace", "ac_coverage": 1.0, "acs_year": 2024, "access_snap_m": 179.0, "access_quality": "approach-review", "access_src": "routed", "city": "Pittsburg", "city_kind": "city", "inside_frac": 1.0, "rank_lo": 474, "rank_hi": 522, "rank_top_share": 0.0}, "geometry": {"type": "Polygon", "coordinates": [[[-121.9307, 38.01308], [-121.92962, 38.01475], [-121.93088, 38.01626], [-121.93322, 38.01609], [-121.93431, 38.01441], [-121.93305, 38.01291], [-121.9307, 38.01308]]]}}, {"type": "Feature", "properties": {"id": 94, "name": "Emerald Cove Mobile Home Park SE 3", "lst": 48.65, "green": 10.26, "pop": 128, "pct65": 18.1, "ac": 87.03, "holc": null, "access_min": 50.0, "access_km": 4.0, "score": 45.7, "rank": 402.0, "area_m2": 109604, "street_m": 1288, "canopy_m2": 11249.0, "row_m2": 0.0, "row_canopy": 0.0, "veg": 14.0, "place": "res", "land": null, "green_src": "canopy", "canopy_source": "usfs-2022", "canopy_year": "2022", "assessed_m2": 109663.92, "coverage_frac": 0.9999464913560432, "canopy_quality": "full", "scenario_ok": true, "canopy_baseline_ok": true, "ac_src": "lace", "ac_coverage": 1.0, "acs_year": 2024, "access_snap_m": 106.0, "access_quality": "approach-review", "access_src": "routed", "city": "Pittsburg", "city_kind": "city", "inside_frac": 1.0, "rank_lo": 318, "rank_hi": 472, "rank_top_share": 0.0}, "geometry": {"type": "Polygon", "coordinates": [[[-121.92367, 38.01359], [-121.92258, 38.01527], [-121.92384, 38.01677], [-121.92619, 38.0166], [-121.92727, 38.01492], [-121.92601, 38.01342], [-121.92367, 38.01359]]]}}, {"type": "Feature", "properties": {"id": 95, "name": "Emerald Cove Mobile Home Park S 2", "lst": 49.24, "green": 10.31, "pop": 136, "pct65": 20.8, "ac": 87.6, "holc": null, "access_min": 55.0, "access_km": 4.4, "score": 48.9, "rank": 320.0, "area_m2": 109598, "street_m": 1808, "canopy_m2": 11310.0, "row_m2": 0.0, "row_canopy": 0.0, "veg": 14.7, "place": "res", "land": null, "green_src": "canopy", "canopy_source": "usfs-2022", "canopy_year": "2022", "assessed_m2": 109662.84, "coverage_frac": 0.9999860523173066, "canopy_quality": "full", "scenario_ok": true, "canopy_baseline_ok": true, "ac_src": "lace", "ac_coverage": 1.0, "acs_year": 2024, "access_snap_m": 111.0, "access_quality": "approach-review", "access_src": "routed", "city": "Pittsburg", "city_kind": "city", "inside_frac": 1.0, "rank_lo": 242, "rank_hi": 468, "rank_top_share": 0.0}, "geometry": {"type": "Polygon", "coordinates": [[[-121.92727, 38.01492], [-121.92619, 38.0166], [-121.92745, 38.01811], [-121.92979, 38.01794], [-121.93088, 38.01626], [-121.92962, 38.01475], [-121.92727, 38.01492]]]}}, {"type": "Feature", "properties": {"id": 96, "name": "Lawlor Estates E 3", "lst": 44.99, "green": 2.28, "pop": 106, "pct65": 14.5, "ac": 87.79, "holc": null, "access_min": 58.3, "access_km": 4.66, "score": 60.2, "rank": 177.0, "area_m2": 109607, "street_m": 249, "canopy_m2": 2451.0, "row_m2": 0.0, "row_canopy": 0.0, "veg": 10.2, "place": "res", "land": null, "green_src": "canopy", "canopy_source": "usfs-2022", "canopy_year": "2022", "assessed_m2": 107724.24, "coverage_frac": 0.9822316458308092, "canopy_quality": "partial", "scenario_ok": true, "canopy_baseline_ok": false, "ac_src": "lace", "ac_coverage": 1.0, "acs_year": 2024, "access_snap_m": 279.0, "access_quality": "approach-review", "access_src": "routed", "city": "Pittsburg", "city_kind": "city", "inside_frac": 0.982, "rank_lo": 120, "rank_hi": 219, "rank_top_share": 0.0}, "geometry": {"type": "Polygon", "coordinates": [[[-121.92692, 38.00855], [-121.92584, 38.01023], [-121.9271, 38.01174], [-121.92944, 38.01157], [-121.93053, 38.00989], [-121.92927, 38.00838], [-121.92692, 38.00855]]]}}, {"type": "Feature", "properties": {"id": 97, "name": "Lawlor Estates E 2", "lst": 48.44, "green": 10.76, "pop": 87, "pct65": 14.3, "ac": 87.8, "holc": null, "access_min": 61.7, "access_km": 4.94, "score": 36.2, "rank": 505.0, "area_m2": 109601, "street_m": 1053, "canopy_m2": 9525.0, "row_m2": 0.0, "row_canopy": 0.0, "veg": 15.2, "place": "res", "land": null, "green_src": "canopy", "canopy_source": "usfs-2022", "canopy_year": "2022", "assessed_m2": 88548.12, "coverage_frac": 0.807423318209859, "canopy_quality": "partial", "scenario_ok": true, "canopy_baseline_ok": false, "ac_src": "lace", "ac_coverage": 1.0, "acs_year": 2024, "access_snap_m": 230.0, "access_quality": "approach-review", "access_src": "routed", "city": "Pittsburg", "city_kind": "city", "inside_frac": 0.807, "rank_lo": 475, "rank_hi": 517, "rank_top_share": 0.0}, "geometry": {"type": "Polygon", "coordinates": [[[-121.93053, 38.00989], [-121.92944, 38.01157], [-121.9307, 38.01308], [-121.93305, 38.01291], [-121.93413, 38.01123], [-121.93287, 38.00972], [-121.93053, 38.00989]]]}}, {"type": "Feature", "properties": {"id": 98, "name": "Emerald Cove Mobile Home Park SE 5", "lst": 47.9, "green": 6.62, "pop": 84, "pct65": 14.3, "ac": 87.74, "holc": null, "access_min": 51.0, "access_km": 4.08, "score": 46.7, "rank": 377.0, "area_m2": 109608, "street_m": 814, "canopy_m2": 5930.0, "row_m2": 0.0, "row_canopy": 0.0, "veg": 12.0, "place": "res", "land": null, "green_src": "canopy", "canopy_source": "usfs-2022", "canopy_year": "2022", "assessed_m2": 89568.72, "coverage_frac": 0.8166808598550037, "canopy_quality": "partial", "scenario_ok": true, "canopy_baseline_ok": false, "ac_src": "lace", "ac_coverage": 1.0, "acs_year": 2024, "access_snap_m": 218.0, "access_quality": "approach-review", "access_src": "routed", "city": "Pittsburg", "city_kind": "city", "inside_frac": 0.817, "rank_lo": 309, "rank_hi": 433, "rank_top_share": 0.0}, "geometry": {"type": "Polygon", "coordinates": [[[-121.9235, 38.0104], [-121.92241, 38.01208], [-121.92367, 38.01359], [-121.92601, 38.01342], [-121.9271, 38.01174], [-121.92584, 38.01023], [-121.9235, 38.0104]]]}}, {"type": "Feature", "properties": {"id": 99, "name": "Emerald Cove Mobile Home Park SW", "lst": 46.56, "green": 9.97, "pop": 326, "pct65": 8.2, "ac": 74.22, "holc": null, "access_min": 53.6, "access_km": 4.29, "score": 62.9, "rank": 149.0, "area_m2": 109587, "street_m": 839, "canopy_m2": 10929.0, "row_m2": 0.0, "row_canopy": 0.0, "veg": 10.6, "place": "res", "land": null, "green_src": "canopy", "canopy_source": "usfs-2022", "canopy_year": "2022", "assessed_m2": 109653.48, "coverage_frac": 0.9999995418996718, "canopy_quality": "full", "scenario_ok": true, "canopy_baseline_ok": true, "ac_src": "lace", "ac_coverage": 1.0, "acs_year": 2024, "access_snap_m": 109.0, "access_quality": "approach-review", "access_src": "routed", "city": "Bay Point", "city_kind": "cdp", "inside_frac": 1.0, "rank_lo": 78, "rank_hi": 258, "rank_top_share": 0.01}, "geometry": {"type": "Polygon", "coordinates": [[[-121.93448, 38.0176], [-121.9334, 38.01928], [-121.93466, 38.02079], [-121.937, 38.02062], [-121.93808, 38.01894], [-121.93682, 38.01743], [-121.93448, 38.0176]]]}}, {"type": "Feature", "properties": {"id": 100, "name": "Fair Hill Mobile Home Park", "lst": 46.86, "green": 4.67, "pop": 326, "pct65": 11.9, "ac": 72.51, "holc": null, "access_min": 59.5, "access_km": 4.76, "score": 89.1, "rank": 5.0, "area_m2": 109582, "street_m": 419, "canopy_m2": 5124.0, "row_m2": 0.0, "row_canopy": 0.0, "veg": 9.1, "place": "res", "land": null, "green_src": "canopy", "canopy_source": "usfs-2022", "canopy_year": "2022", "assessed_m2": 109648.08, "coverage_frac": 0.9999997298802592, "canopy_quality": "full", "scenario_ok": true, "canopy_baseline_ok": true, "ac_src": "lace", "ac_coverage": 1.0, "acs_year": 2024, "access_snap_m": 102.0, "access_quality": "approach-review", "access_src": "routed", "city": "Bay Point", "city_kind": "cdp", "inside_frac": 1.0, "rank_lo": 1, "rank_hi": 41, "rank_top_share": 0.987}, "geometry": {"type": "Polygon", "coordinates": [[[-121.93808, 38.01894], [-121.937, 38.02062], [-121.93826, 38.02213], [-121.9406, 38.02196], [-121.94169, 38.02028], [-121.94043, 38.01877], [-121.93808, 38.01894]]]}}, {"type": "Feature", "properties": {"id": 101, "name": "Emerald Cove Mobile Home Park", "lst": 46.89, "green": 10.01, "pop": 613, "pct65": 4.0, "ac": 72.1, "holc": null, "access_min": 50.9, "access_km": 4.08, "score": 75.4, "rank": 57.0, "area_m2": 109588, "street_m": 1712, "canopy_m2": 10973.0, "row_m2": 0.0, "row_canopy": 0.0, "veg": 9.2, "place": "res", "land": null, "green_src": "canopy", "canopy_source": "usfs-2022", "canopy_year": "2022", "assessed_m2": 109654.56, "coverage_frac": 0.9999990904809666, "canopy_quality": "full", "scenario_ok": true, "canopy_baseline_ok": true, "ac_src": "lace", "ac_coverage": 1.0, "acs_year": 2024, "access_snap_m": 48.0, "access_quality": "network-estimate", "access_src": "routed", "city": "Bay Point", "city_kind": "cdp", "inside_frac": 1.0, "rank_lo": 13, "rank_hi": 281, "rank_top_share": 0.483}, "geometry": {"type": "Polygon", "coordinates": [[[-121.93105, 38.01945], [-121.92997, 38.02113], [-121.93123, 38.02264], [-121.93357, 38.02247], [-121.93466, 38.02079], [-121.9334, 38.01928], [-121.93105, 38.01945]]]}}, {"type": "Feature", "properties": {"id": 102, "name": "Emerald Cove Mobile Home Park W", "lst": 47.78, "green": 14.15, "pop": 339, "pct65": 11.5, "ac": 72.1, "holc": null, "access_min": 53.1, "access_km": 4.25, "score": 57.1, "rank": 203.0, "area_m2": 109583, "street_m": 1460, "canopy_m2": 15514.0, "row_m2": 0.0, "row_canopy": 0.0, "veg": 14.8, "place": "res", "land": null, "green_src": "canopy", "canopy_source": "usfs-2022", "canopy_year": "2022", "assessed_m2": 109646.28, "coverage_frac": 0.999973008773954, "canopy_quality": "full", "scenario_ok": true, "canopy_baseline_ok": true, "ac_src": "lace", "ac_coverage": 1.0, "acs_year": 2024, "access_snap_m": 189.0, "access_quality": "approach-review", "access_src": "routed", "city": "Bay Point", "city_kind": "cdp", "inside_frac": 1.0, "rank_lo": 111, "rank_hi": 430, "rank_top_share": 0.003}, "geometry": {"type": "Polygon", "coordinates": [[[-121.93466, 38.02079], [-121.93357, 38.02247], [-121.93483, 38.02397], [-121.93717, 38.0238], [-121.93826, 38.02213], [-121.937, 38.02062], [-121.93466, 38.02079]]]}}, {"type": "Feature", "properties": {"id": 103, "name": "Lawlor Estates NE", "lst": 47.68, "green": 9.08, "pop": 132, "pct65": 18.2, "ac": 86.61, "holc": null, "access_min": 61.7, "access_km": 4.94, "score": 49.8, "rank": 295.0, "area_m2": 109592, "street_m": 1223, "canopy_m2": 9961.0, "row_m2": 0.0, "row_canopy": 0.0, "veg": 14.9, "place": "res", "land": null, "green_src": "canopy", "canopy_source": "usfs-2022", "canopy_year": "2022", "assessed_m2": 109654.92, "coverage_frac": 0.999973553158864, "canopy_quality": "full", "scenario_ok": true, "canopy_baseline_ok": true, "ac_src": "lace", "ac_coverage": 1.0, "acs_year": 2024, "access_snap_m": 159.0, "access_quality": "approach-review", "access_src": "routed", "city": "Pittsburg", "city_kind": "city", "inside_frac": 1.0, "rank_lo": 249, "rank_hi": 433, "rank_top_share": 0.0}, "geometry": {"type": "Polygon", "coordinates": [[[-121.93431, 38.01441], [-121.93322, 38.01609], [-121.93448, 38.0176], [-121.93682, 38.01743], [-121.93791, 38.01575], [-121.93665, 38.01424], [-121.93431, 38.01441]]]}}, {"type": "Feature", "properties": {"id": 104, "name": "Ambrose Park", "lst": 46.28, "green": 16.12, "pop": 141, "pct65": 22.2, "ac": 87.8, "holc": null, "access_min": 73.3, "access_km": 5.87, "score": 34.7, "rank": 511.0, "area_m2": 109586, "street_m": 580, "canopy_m2": 17680.0, "row_m2": 0.0, "row_canopy": 0.0, "veg": 15.3, "place": "res", "land": null, "green_src": "canopy", "canopy_source": "usfs-2022", "canopy_year": "2022", "assessed_m2": 109649.52, "coverage_frac": 0.999973738193673, "canopy_quality": "full", "scenario_ok": true, "canopy_baseline_ok": true, "ac_src": "lace", "ac_coverage": 1.0, "acs_year": 2024, "access_snap_m": 112.0, "access_quality": "approach-review", "access_src": "routed", "city": "Pittsburg", "city_kind": "city", "inside_frac": 1.0, "rank_lo": 467, "rank_hi": 546, "rank_top_share": 0.0}, "geometry": {"type": "Polygon", "coordinates": [[[-121.93791, 38.01575], [-121.93682, 38.01743], [-121.93808, 38.01894], [-121.94043, 38.01877], [-121.94151, 38.01709], [-121.94025, 38.01558], [-121.93791, 38.01575]]]}}, {"type": "Feature", "properties": {"id": 105, "name": "Emerald Cove Mobile Home Park S", "lst": 47.57, "green": 5.44, "pop": 171, "pct65": 14.9, "ac": 82.09, "holc": null, "access_min": 52.2, "access_km": 4.17, "score": 64.0, "rank": 130.0, "area_m2": 109593, "street_m": 610, "canopy_m2": 5964.0, "row_m2": 0.0, "row_canopy": 0.0, "veg": 8.8, "place": "res", "land": null, "green_src": "canopy", "canopy_source": "usfs-2022", "canopy_year": "2022", "assessed_m2": 109655.28, "coverage_frac": 0.999966530654218, "canopy_quality": "full", "scenario_ok": true, "canopy_baseline_ok": true, "ac_src": "lace", "ac_coverage": 1.0, "acs_year": 2024, "access_snap_m": 186.0, "access_quality": "approach-review", "access_src": "routed", "city": "Pittsburg", "city_kind": "city", "inside_frac": 1.0, "rank_lo": 110, "rank_hi": 178, "rank_top_share": 0.0}, "geometry": {"type": "Polygon", "coordinates": [[[-121.93088, 38.01626], [-121.92979, 38.01794], [-121.93105, 38.01945], [-121.9334, 38.01928], [-121.93448, 38.0176], [-121.93322, 38.01609], [-121.93088, 38.01626]]]}}, {"type": "Feature", "properties": {"id": 106, "name": "Oak Hills SE 2", "lst": 44.97, "green": 0.1, "pop": 44, "pct65": 13.3, "ac": 96.3, "holc": null, "access_min": 87.9, "access_km": 7.03, "score": 50.5, "rank": 283.0, "area_m2": 109597, "street_m": 0, "canopy_m2": 27.0, "row_m2": 0.0, "row_canopy": 0.0, "veg": 14.0, "place": "res", "land": null, "green_src": "canopy", "canopy_source": "usfs-2022", "canopy_year": "2022", "assessed_m2": 27039.6, "coverage_frac": 0.2465699526282427, "canopy_quality": "partial", "scenario_ok": false, "canopy_baseline_ok": false, "ac_src": "lace", "ac_coverage": 1.0, "acs_year": 2024, "access_snap_m": 317.0, "access_quality": "approach-review", "access_src": "routed", "city": "Pittsburg", "city_kind": "city", "inside_frac": 0.247, "rank_lo": 197, "rank_hi": 343, "rank_top_share": 0.0}, "geometry": {"type": "Polygon", "coordinates": [[[-121.94424, 38.00249], [-121.94316, 38.00417], [-121.94442, 38.00568], [-121.94676, 38.00551], [-121.94785, 38.00383], [-121.94659, 38.00232], [-121.94424, 38.00249]]]}}, {"type": "Feature", "properties": {"id": 107, "name": "Oak Hills SE 3", "lst": 45.87, "green": 3.53, "pop": 36, "pct65": 13.3, "ac": 96.3, "holc": null, "access_min": 85.3, "access_km": 6.83, "score": 41.6, "rank": 457.0, "area_m2": 109598, "street_m": 117, "canopy_m2": 772.0, "row_m2": 0.0, "row_canopy": 0.0, "veg": 15.1, "place": "res", "land": null, "green_src": "canopy", "canopy_source": "usfs-2022", "canopy_year": "2022", "assessed_m2": 21848.4, "coverage_frac": 0.1992301373127119, "canopy_quality": "partial", "scenario_ok": true, "canopy_baseline_ok": false, "ac_src": "lace", "ac_coverage": 1.0, "acs_year": 2024, "access_snap_m": 315.0, "access_quality": "approach-review", "access_src": "routed", "city": "Pittsburg", "city_kind": "city", "inside_frac": 0.199, "rank_lo": 400, "rank_hi": 488, "rank_top_share": 0.0}, "geometry": {"type": "Polygon", "coordinates": [[[-121.94082, 38.00434], [-121.93973, 38.00602], [-121.94099, 38.00753], [-121.94333, 38.00736], [-121.94442, 38.00568], [-121.94316, 38.00417], [-121.94082, 38.00434]]]}}, {"type": "Feature", "properties": {"id": 108, "name": "Oak Hills S 5", "lst": 42.01, "green": 0.72, "pop": 16, "pct65": 13.2, "ac": 94.91, "holc": null, "access_min": 92.4, "access_km": 7.39, "score": 47.5, "rank": 356.0, "area_m2": 109601, "street_m": 273, "canopy_m2": 252.0, "row_m2": 0.0, "row_canopy": 0.0, "veg": 11.9, "place": "res", "land": null, "green_src": "canopy", "canopy_source": "lidar-2020", "canopy_year": "2020", "assessed_m2": 109601.3, "coverage_frac": 1.0, "canopy_quality": "lidar", "scenario_ok": true, "canopy_baseline_ok": false, "ac_src": "lace", "ac_coverage": 1.0, "acs_year": 2024, "access_snap_m": 552.0, "access_quality": "approach-review", "access_src": "routed", "city": "Pittsburg", "city_kind": "city", "inside_frac": 0.18, "rank_lo": 251, "rank_hi": 424, "rank_top_share": 0.0}, "geometry": {"type": "Polygon", "coordinates": [[[-121.94407, 37.99931], [-121.94298, 38.00099], [-121.94424, 38.00249], [-121.94659, 38.00232], [-121.94767, 38.00065], [-121.94641, 37.99914], [-121.94407, 37.99931]]]}}, {"type": "Feature", "properties": {"id": 109, "name": "Oak Hills S", "lst": 45.94, "green": 3.24, "pop": 210, "pct65": 11.8, "ac": 96.3, "holc": null, "access_min": 83.9, "access_km": 6.71, "score": 54.4, "rank": 223.0, "area_m2": 109587, "street_m": 876, "canopy_m2": 3554.0, "row_m2": 0.0, "row_canopy": 0.0, "veg": 10.5, "place": "res", "land": null, "green_src": "canopy", "canopy_source": "usfs-2022", "canopy_year": "2022", "assessed_m2": 109651.32, "coverage_frac": 0.9999820429166044, "canopy_quality": "full", "scenario_ok": true, "canopy_baseline_ok": true, "ac_src": "lace", "ac_coverage": 1.0, "acs_year": 2024, "access_snap_m": 212.0, "access_quality": "approach-review", "access_src": "routed", "city": "Pittsburg", "city_kind": "city", "inside_frac": 1.0, "rank_lo": 151, "rank_hi": 319, "rank_top_share": 0.0}, "geometry": {"type": "Polygon", "coordinates": [[[-121.94802, 38.00702], [-121.94694, 38.0087], [-121.9482, 38.01021], [-121.95054, 38.01003], [-121.95162, 38.00836], [-121.95037, 38.00685], [-121.94802, 38.00702]]]}}, {"type": "Feature", "properties": {"id": 110, "name": "Oak Hills W", "lst": 46.96, "green": 6.96, "pop": 323, "pct65": 7.3, "ac": 96.3, "holc": null, "access_min": 86.6, "access_km": 6.93, "score": 43.6, "rank": 432.0, "area_m2": 109582, "street_m": 1179, "canopy_m2": 7630.0, "row_m2": 0.0, "row_canopy": 0.0, "veg": 12.6, "place": "res", "land": null, "green_src": "canopy", "canopy_source": "usfs-2022", "canopy_year": "2022", "assessed_m2": 109648.8, "coverage_frac": 1.0, "canopy_quality": "full", "scenario_ok": true, "canopy_baseline_ok": true, "ac_src": "lace", "ac_coverage": 1.0, "acs_year": 2024, "access_snap_m": 100.0, "access_quality": "network-estimate", "access_src": "routed", "city": "Pittsburg", "city_kind": "city", "inside_frac": 1.0, "rank_lo": 193, "rank_hi": 486, "rank_top_share": 0.0}, "geometry": {"type": "Polygon", "coordinates": [[[-121.95162, 38.00836], [-121.95054, 38.01003], [-121.9518, 38.01154], [-121.95414, 38.01137], [-121.95523, 38.00969], [-121.95397, 38.00819], [-121.95162, 38.00836]]]}}, {"type": "Feature", "properties": {"id": 111, "name": "Oak Hills E", "lst": 47.04, "green": 3.35, "pop": 233, "pct65": 9.8, "ac": 96.3, "holc": null, "access_min": 78.7, "access_km": 6.29, "score": 53.1, "rank": 233.0, "area_m2": 109588, "street_m": 1032, "canopy_m2": 3366.0, "row_m2": 0.0, "row_canopy": 0.0, "veg": 10.1, "place": "res", "land": null, "green_src": "canopy", "canopy_source": "usfs-2022", "canopy_year": "2022", "assessed_m2": 100416.24, "coverage_frac": 0.915751840016389, "canopy_quality": "partial", "scenario_ok": true, "canopy_baseline_ok": false, "ac_src": "lace", "ac_coverage": 1.0, "acs_year": 2024, "access_snap_m": 50.0, "access_quality": "network-estimate", "access_src": "routed", "city": "Pittsburg", "city_kind": "city", "inside_frac": 0.916, "rank_lo": 146, "rank_hi": 351, "rank_top_share": 0.0}, "geometry": {"type": "Polygon", "coordinates": [[[-121.94459, 38.00887], [-121.94351, 38.01055], [-121.94477, 38.01205], [-121.94711, 38.01188], [-121.9482, 38.01021], [-121.94694, 38.0087], [-121.94459, 38.00887]]]}}, {"type": "Feature", "properties": {"id": 112, "name": "Oak Hills", "lst": 46.05, "green": 7.16, "pop": 323, "pct65": 7.3, "ac": 96.3, "holc": null, "access_min": 81.6, "access_km": 6.53, "score": 42.9, "rank": 442.0, "area_m2": 109583, "street_m": 759, "canopy_m2": 7849.0, "row_m2": 0.0, "row_canopy": 0.0, "veg": 14.7, "place": "res", "land": null, "green_src": "canopy", "canopy_source": "usfs-2022", "canopy_year": "2022", "assessed_m2": 109650.24, "coverage_frac": 1.0, "canopy_quality": "full", "scenario_ok": true, "canopy_baseline_ok": true, "ac_src": "lace", "ac_coverage": 1.0, "acs_year": 2024, "access_snap_m": 89.0, "access_quality": "network-estimate", "access_src": "routed", "city": "Pittsburg", "city_kind": "city", "inside_frac": 1.0, "rank_lo": 203, "rank_hi": 494, "rank_top_share": 0.0}, "geometry": {"type": "Polygon", "coordinates": [[[-121.9482, 38.01021], [-121.94711, 38.01188], [-121.94837, 38.01339], [-121.95072, 38.01322], [-121.9518, 38.01154], [-121.95054, 38.01003], [-121.9482, 38.01021]]]}}, {"type": "Feature", "properties": {"id": 113, "name": "Oak Hills S 2", "lst": 45.58, "green": 1.72, "pop": 178, "pct65": 13.8, "ac": 96.3, "holc": null, "access_min": 87.4, "access_km": 6.99, "score": 58.9, "rank": 188.0, "area_m2": 109592, "street_m": 572, "canopy_m2": 1887.0, "row_m2": 0.0, "row_canopy": 0.0, "veg": 10.6, "place": "res", "land": null, "green_src": "canopy", "canopy_source": "usfs-2022", "canopy_year": "2022", "assessed_m2": 109653.84, "coverage_frac": 0.999965933175164, "canopy_quality": "full", "scenario_ok": true, "canopy_baseline_ok": true, "ac_src": "lace", "ac_coverage": 1.0, "acs_year": 2024, "access_snap_m": 221.0, "access_quality": "approach-review", "access_src": "routed", "city": "Pittsburg", "city_kind": "city", "inside_frac": 1.0, "rank_lo": 114, "rank_hi": 249, "rank_top_share": 0.003}, "geometry": {"type": "Polygon", "coordinates": [[[-121.94785, 38.00383], [-121.94676, 38.00551], [-121.94802, 38.00702], [-121.95037, 38.00685], [-121.95145, 38.00517], [-121.95019, 38.00366], [-121.94785, 38.00383]]]}}, {"type": "Feature", "properties": {"id": 114, "name": "Oak Hills SW", "lst": 45.96, "green": 6.77, "pop": 186, "pct65": 13.3, "ac": 96.3, "holc": null, "access_min": 90.2, "access_km": 7.22, "score": 44.1, "rank": 425.0, "area_m2": 109586, "street_m": 1047, "canopy_m2": 7426.0, "row_m2": 0.0, "row_canopy": 0.0, "veg": 11.8, "place": "res", "land": null, "green_src": "canopy", "canopy_source": "usfs-2022", "canopy_year": "2022", "assessed_m2": 109653.48, "coverage_frac": 1.0, "canopy_quality": "full", "scenario_ok": true, "canopy_baseline_ok": true, "ac_src": "lace", "ac_coverage": 1.0, "acs_year": 2024, "access_snap_m": 97.0, "access_quality": "network-estimate", "access_src": "routed", "city": "Pittsburg", "city_kind": "city", "inside_frac": 1.0, "rank_lo": 298, "rank_hi": 482, "rank_top_share": 0.0}, "geometry": {"type": "Polygon", "coordinates": [[[-121.95145, 38.00517], [-121.95037, 38.00685], [-121.95162, 38.00836], [-121.95397, 38.00819], [-121.95505, 38.00651], [-121.95379, 38.005], [-121.95145, 38.00517]]]}}, {"type": "Feature", "properties": {"id": 115, "name": "Oak Hills SE", "lst": 46.04, "green": 4.7, "pop": 176, "pct65": 13.7, "ac": 96.3, "holc": null, "access_min": 83.9, "access_km": 6.72, "score": 49.9, "rank": 291.0, "area_m2": 109593, "street_m": 1419, "canopy_m2": 5062.0, "row_m2": 0.0, "row_canopy": 0.0, "veg": 10.3, "place": "res", "land": null, "green_src": "canopy", "canopy_source": "usfs-2022", "canopy_year": "2022", "assessed_m2": 107813.16, "coverage_frac": 0.9831700497097546, "canopy_quality": "partial", "scenario_ok": true, "canopy_baseline_ok": false, "ac_src": "lace", "ac_coverage": 1.0, "acs_year": 2024, "access_snap_m": 76.0, "access_quality": "network-estimate", "access_src": "routed", "city": "Pittsburg", "city_kind": "city", "inside_frac": 0.983, "rank_lo": 215, "rank_hi": 429, "rank_top_share": 0.0}, "geometry": {"type": "Polygon", "coordinates": [[[-121.94442, 38.00568], [-121.94333, 38.00736], [-121.94459, 38.00887], [-121.94694, 38.0087], [-121.94802, 38.00702], [-121.94676, 38.00551], [-121.94442, 38.00568]]]}}, {"type": "Feature", "properties": {"id": 116, "name": "Oak Hills E 5", "lst": 47.78, "green": 0.0, "pop": 47, "pct65": 13.9, "ac": 87.8, "holc": null, "access_min": 66.9, "access_km": 5.35, "score": 59.2, "rank": 184.0, "area_m2": 109610, "street_m": 0, "canopy_m2": 0.0, "row_m2": 0.0, "row_canopy": 0.0, "veg": 9.6, "place": "res", "land": null, "green_src": "canopy", "canopy_source": "usfs-2022", "canopy_year": "2022", "assessed_m2": 47078.64, "coverage_frac": 0.4292515707307444, "canopy_quality": "partial", "scenario_ok": false, "canopy_baseline_ok": false, "ac_src": "lace", "ac_coverage": 1.0, "acs_year": 2024, "access_snap_m": 286.0, "access_quality": "approach-review", "access_src": "routed", "city": "Pittsburg", "city_kind": "city", "inside_frac": 0.429, "rank_lo": 121, "rank_hi": 222, "rank_top_share": 0.0}, "geometry": {"type": "Polygon", "coordinates": [[[-121.93018, 38.00352], [-121.92909, 38.00519], [-121.93035, 38.0067], [-121.9327, 38.00653], [-121.93378, 38.00485], [-121.93252, 38.00335], [-121.93018, 38.00352]]]}}, {"type": "Feature", "properties": {"id": 117, "name": "Oak Hills E 4", "lst": 47.36, "green": 0.56, "pop": 0, "pct65": 12.9, "ac": 87.31, "holc": null, "access_min": 88.4, "access_km": 7.07, "score": null, "rank": null, "area_m2": 109605, "street_m": 0, "canopy_m2": 0.0, "row_m2": 0.0, "row_canopy": 0.0, "veg": 8.6, "place": "empty", "land": "grassland", "green_src": "canopy", "canopy_source": "lidar-2020", "canopy_year": "2020", "assessed_m2": 109604.6, "coverage_frac": 1.0, "canopy_quality": "lidar", "scenario_ok": false, "canopy_baseline_ok": false, "ac_src": "lace", "ac_coverage": 1.0, "acs_year": 2024, "access_snap_m": 307.0, "access_quality": "approach-review", "access_src": "routed", "city": "Pittsburg", "city_kind": "city", "inside_frac": 0.0, "rank_lo": null, "rank_hi": null, "rank_top_share": null}, "geometry": {"type": "Polygon", "coordinates": [[[-121.93378, 38.00485], [-121.9327, 38.00653], [-121.93396, 38.00804], [-121.9363, 38.00787], [-121.93739, 38.00619], [-121.93613, 38.00468], [-121.93378, 38.00485]]]}}, {"type": "Feature", "properties": {"id": 118, "name": "Lawlor Estates SE 2", "lst": 43.45, "green": 0.0, "pop": 69, "pct65": 14.2, "ac": 87.77, "holc": null, "access_min": 60.9, "access_km": 4.87, "score": 61.9, "rank": 157.0, "area_m2": 109611, "street_m": 0, "canopy_m2": 0.0, "row_m2": 0.0, "row_canopy": 0.0, "veg": 9.5, "place": "res", "land": null, "green_src": "canopy", "canopy_source": "usfs-2022", "canopy_year": "2022", "assessed_m2": 71134.92, "coverage_frac": 0.6485841802003813, "canopy_quality": "partial", "scenario_ok": false, "canopy_baseline_ok": false, "ac_src": "lace", "ac_coverage": 1.0, "acs_year": 2024, "access_snap_m": 305.0, "access_quality": "approach-review", "access_src": "routed", "city": "Pittsburg", "city_kind": "city", "inside_frac": 0.649, "rank_lo": 97, "rank_hi": 197, "rank_top_share": 0.003}, "geometry": {"type": "Polygon", "coordinates": [[[-121.92675, 38.00536], [-121.92567, 38.00704], [-121.92692, 38.00855], [-121.92927, 38.00838], [-121.93035, 38.0067], [-121.92909, 38.00519], [-121.92675, 38.00536]]]}}, {"type": "Feature", "properties": {"id": 119, "name": "Lawlor Estates SE", "lst": 46.42, "green": 4.29, "pop": 89, "pct65": 14.3, "ac": 87.79, "holc": null, "access_min": 62.8, "access_km": 5.02, "score": 53.1, "rank": 234.0, "area_m2": 109606, "street_m": 370, "canopy_m2": 3869.0, "row_m2": 0.0, "row_canopy": 0.0, "veg": 11.5, "place": "res", "land": null, "green_src": "canopy", "canopy_source": "usfs-2022", "canopy_year": "2022", "assessed_m2": 90273.6, "coverage_frac": 0.8231248697863165, "canopy_quality": "partial", "scenario_ok": true, "canopy_baseline_ok": false, "ac_src": "lace", "ac_coverage": 1.0, "acs_year": 2024, "access_snap_m": 170.0, "access_quality": "approach-review", "access_src": "routed", "city": "Pittsburg", "city_kind": "city", "inside_frac": 0.823, "rank_lo": 202, "rank_hi": 310, "rank_top_share": 0.0}, "geometry": {"type": "Polygon", "coordinates": [[[-121.93035, 38.0067], [-121.92927, 38.00838], [-121.93053, 38.00989], [-121.93287, 38.00972], [-121.93396, 38.00804], [-121.9327, 38.00653], [-121.93035, 38.0067]]]}}, {"type": "Feature", "properties": {"id": 120, "name": "Oak Hills E 6", "lst": 48.62, "green": 0.57, "pop": 1, "pct65": 13.0, "ac": 87.8, "holc": null, "access_min": 67.4, "access_km": 5.39, "score": 52.2, "rank": 245.0, "area_m2": 109616, "street_m": 0, "canopy_m2": 0.0, "row_m2": 0.0, "row_canopy": 0.0, "veg": 9.3, "place": "res", "land": null, "green_src": "canopy", "canopy_source": "lidar-2020", "canopy_year": "2020", "assessed_m2": 109615.5, "coverage_frac": 1.0, "canopy_quality": "lidar", "scenario_ok": false, "canopy_baseline_ok": false, "ac_src": "lace", "ac_coverage": 1.0, "acs_year": 2024, "access_snap_m": 535.0, "access_quality": "approach-review", "access_src": "routed", "city": "Pittsburg", "city_kind": "city", "inside_frac": 0.011, "rank_lo": 180, "rank_hi": 327, "rank_top_share": 0.0}, "geometry": {"type": "Polygon", "coordinates": [[[-121.92658, 38.00218], [-121.92549, 38.00386], [-121.92675, 38.00536], [-121.92909, 38.00519], [-121.93018, 38.00352], [-121.92892, 38.00201], [-121.92658, 38.00218]]]}}, {"type": "Feature", "properties": {"id": 121, "name": "Woodland Hills Apartment Homes S 11", "lst": 46.98, "green": 0.08, "pop": 8, "pct65": 13.3, "ac": 90.17, "holc": null, "access_min": 17.5, "access_km": 1.4, "score": 52.3, "rank": 241.0, "area_m2": 109672, "street_m": 115, "canopy_m2": 30.0, "row_m2": 0.0, "row_canopy": 0.0, "veg": 12.2, "place": "res", "land": null, "green_src": "canopy", "canopy_source": "usfs-2022", "canopy_year": "2022", "assessed_m2": 39253.68, "coverage_frac": 0.3577045955704964, "canopy_quality": "partial", "scenario_ok": true, "canopy_baseline_ok": false, "ac_src": "lace", "ac_coverage": 1.0, "acs_year": 2024, "access_snap_m": 63.0, "access_quality": "network-estimate", "access_src": "routed", "city": "Pittsburg", "city_kind": "city", "inside_frac": 0.358, "rank_lo": 179, "rank_hi": 293, "rank_top_share": 0.0}, "geometry": {"type": "Polygon", "coordinates": [[[-121.89723, 37.9819], [-121.89615, 37.98358], [-121.8974, 37.98509], [-121.89975, 37.98492], [-121.90083, 37.98324], [-121.89957, 37.98173], [-121.89723, 37.9819]]]}}, {"type": "Feature", "properties": {"id": 122, "name": "Woodland Hills Apartment Homes S 10", "lst": 46.46, "green": 1.7, "pop": 11, "pct65": 14.1, "ac": 79.9, "holc": null, "access_min": 21.1, "access_km": 1.69, "score": 58.4, "rank": 194.0, "area_m2": 109667, "street_m": 0, "canopy_m2": 1648.0, "row_m2": 0.0, "row_canopy": 0.0, "veg": 9.2, "place": "res", "land": null, "green_src": "canopy", "canopy_source": "usfs-2022", "canopy_year": "2022", "assessed_m2": 96733.8, "coverage_frac": 0.8815436335690153, "canopy_quality": "partial", "scenario_ok": false, "canopy_baseline_ok": false, "ac_src": "lace", "ac_coverage": 1.0, "acs_year": 2024, "access_snap_m": 352.0, "access_quality": "approach-review", "access_src": "routed", "city": "Pittsburg", "city_kind": "city", "inside_frac": 0.881, "rank_lo": 129, "rank_hi": 238, "rank_top_share": 0.0}, "geometry": {"type": "Polygon", "coordinates": [[[-121.90083, 37.98324], [-121.89975, 37.98492], [-121.90101, 37.98643], [-121.90335, 37.98626], [-121.90444, 37.98458], [-121.90318, 37.98307], [-121.90083, 37.98324]]]}}, {"type": "Feature", "properties": {"id": 123, "name": "Woodland Hills Apartment Homes S 6", "lst": 51.53, "green": 0.45, "pop": 9, "pct65": 13.9, "ac": 79.9, "holc": null, "access_min": 19.2, "access_km": 1.54, "score": 60.8, "rank": 172.0, "area_m2": 109657, "street_m": 0, "canopy_m2": 359.0, "row_m2": 0.0, "row_canopy": 0.0, "veg": 8.7, "place": "res", "land": null, "green_src": "canopy", "canopy_source": "usfs-2022", "canopy_year": "2022", "assessed_m2": 79758.0, "coverage_frac": 0.7269059121438535, "canopy_quality": "partial", "scenario_ok": false, "canopy_baseline_ok": false, "ac_src": "lace", "ac_coverage": 1.0, "acs_year": 2024, "access_snap_m": 581.0, "access_quality": "approach-review", "access_src": "routed", "city": "Pittsburg", "city_kind": "city", "inside_frac": 0.727, "rank_lo": 104, "rank_hi": 217, "rank_top_share": 0.0}, "geometry": {"type": "Polygon", "coordinates": [[[-121.90461, 37.98777], [-121.90352, 37.98945], [-121.90478, 37.99096], [-121.90713, 37.99079], [-121.90821, 37.98911], [-121.90695, 37.9876], [-121.90461, 37.98777]]]}}, {"type": "Feature", "properties": {"id": 124, "name": "Woodland Hills Apartment Homes S 9", "lst": 47.87, "green": 0.0, "pop": 10, "pct65": 14.0, "ac": 79.9, "holc": null, "access_min": 22.6, "access_km": 1.81, "score": 62.0, "rank": 154.0, "area_m2": 109661, "street_m": 0, "canopy_m2": 0.0, "row_m2": 0.0, "row_canopy": 0.0, "veg": 9.6, "place": "res", "land": null, "green_src": "canopy", "canopy_source": "usfs-2022", "canopy_year": "2022", "assessed_m2": 86154.12, "coverage_frac": 0.7851688147336724, "canopy_quality": "partial", "scenario_ok": false, "canopy_baseline_ok": false, "ac_src": "lace", "ac_coverage": 1.0, "acs_year": 2024, "access_snap_m": 849.0, "access_quality": "approach-review", "access_src": "routed", "city": "Pittsburg", "city_kind": "city", "inside_frac": 0.785, "rank_lo": 85, "rank_hi": 205, "rank_top_share": 0.0}, "geometry": {"type": "Polygon", "coordinates": [[[-121.90444, 37.98458], [-121.90335, 37.98626], [-121.90461, 37.98777], [-121.90695, 37.9876], [-121.90804, 37.98592], [-121.90678, 37.98441], [-121.90444, 37.98458]]]}}, {"type": "Feature", "properties": {"id": 125, "name": "California Skyline W 2", "lst": 43.81, "green": 0.17, "pop": 29, "pct65": 12.7, "ac": 93.3, "holc": null, "access_min": 77.3, "access_km": 6.19, "score": 50.9, "rank": 276.0, "area_m2": 109518, "street_m": 0, "canopy_m2": 191.0, "row_m2": 0.0, "row_canopy": 0.0, "veg": 11.5, "place": "res", "land": null, "green_src": "canopy", "canopy_source": "usfs-2022", "canopy_year": "2022", "assessed_m2": 109584.36, "coverage_frac": 0.999993884390162, "canopy_quality": "full", "scenario_ok": false, "canopy_baseline_ok": true, "ac_src": "lace", "ac_coverage": 1.0, "acs_year": 2024, "access_snap_m": 503.0, "access_quality": "approach-review", "access_src": "routed", "city": "Bay Point", "city_kind": "cdp", "inside_frac": 1.0, "rank_lo": 203, "rank_hi": 327, "rank_top_share": 0.0}, "geometry": {"type": "Polygon", "coordinates": [[[-121.98801, 38.0281], [-121.98693, 38.02977], [-121.98819, 38.03128], [-121.99053, 38.03111], [-121.99161, 38.02943], [-121.99035, 38.02792], [-121.98801, 38.0281]]]}}, {"type": "Feature", "properties": {"id": 126, "name": "California Skyline W 4", "lst": 48.04, "green": 8.23, "pop": 22, "pct65": 12.8, "ac": 93.3, "holc": null, "access_min": 79.3, "access_km": 6.35, "score": 31.5, "rank": 530.0, "area_m2": 109513, "street_m": 261, "canopy_m2": 1143.0, "row_m2": 0.0, "row_canopy": 0.0, "veg": 12.9, "place": "res", "land": null, "green_src": "canopy", "canopy_source": "usfs-2022", "canopy_year": "2022", "assessed_m2": 13875.48, "coverage_frac": 0.1266246629611277, "canopy_quality": "partial", "scenario_ok": true, "canopy_baseline_ok": false, "ac_src": "lace", "ac_coverage": 1.0, "acs_year": 2024, "access_snap_m": 699.0, "access_quality": "approach-review", "access_src": "routed", "city": "Bay Point", "city_kind": "cdp", "inside_frac": 0.749, "rank_lo": 499, "rank_hi": 541, "rank_top_share": 0.0}, "geometry": {"type": "Polygon", "coordinates": [[[-121.99161, 38.02943], [-121.99053, 38.03111], [-121.99179, 38.03262], [-121.99413, 38.03245], [-121.99522, 38.03077], [-121.99396, 38.02926], [-121.99161, 38.02943]]]}}, {"type": "Feature", "properties": {"id": 127, "name": "California Skyline W", "lst": 44.41, "green": 0.0, "pop": 29, "pct65": 12.7, "ac": 93.3, "holc": null, "access_min": 80.6, "access_km": 6.45, "score": 51.3, "rank": 255.0, "area_m2": 109520, "street_m": 0, "canopy_m2": 0.0, "row_m2": 0.0, "row_canopy": 0.0, "veg": 10.8, "place": "res", "land": null, "green_src": "canopy", "canopy_source": "usfs-2022", "canopy_year": "2022", "assessed_m2": 109585.08, "coverage_frac": 0.99999006950033, "canopy_quality": "full", "scenario_ok": false, "canopy_baseline_ok": true, "ac_src": "lace", "ac_coverage": 1.0, "acs_year": 2024, "access_snap_m": 336.0, "access_quality": "approach-review", "access_src": "routed", "city": "Bay Point", "city_kind": "cdp", "inside_frac": 1.0, "rank_lo": 184, "rank_hi": 307, "rank_top_share": 0.0}, "geometry": {"type": "Polygon", "coordinates": [[[-121.98458, 38.02995], [-121.9835, 38.03162], [-121.98476, 38.03313], [-121.9871, 38.03296], [-121.98819, 38.03128], [-121.98693, 38.02977], [-121.98458, 38.02995]]]}}, {"type": "Feature", "properties": {"id": 128, "name": "California Skyline W 3", "lst": 44.46, "green": 0.06, "pop": 16, "pct65": 12.8, "ac": 93.3, "holc": null, "access_min": 88.2, "access_km": 7.06, "score": 50.0, "rank": 289.0, "area_m2": 109514, "street_m": 0, "canopy_m2": 37.0, "row_m2": 0.0, "row_canopy": 0.0, "veg": 11.3, "place": "res", "land": null, "green_src": "canopy", "canopy_source": "usfs-2022", "canopy_year": "2022", "assessed_m2": 61461.36, "coverage_frac": 0.5608773993360361, "canopy_quality": "partial", "scenario_ok": false, "canopy_baseline_ok": false, "ac_src": "lace", "ac_coverage": 1.0, "acs_year": 2024, "access_snap_m": 167.0, "access_quality": "approach-review", "access_src": "routed", "city": "Bay Point", "city_kind": "cdp", "inside_frac": 0.561, "rank_lo": 216, "rank_hi": 351, "rank_top_share": 0.0}, "geometry": {"type": "Polygon", "coordinates": [[[-121.98819, 38.03128], [-121.9871, 38.03296], [-121.98836, 38.03447], [-121.99071, 38.0343], [-121.99179, 38.03262], [-121.99053, 38.03111], [-121.98819, 38.03128]]]}}, {"type": "Feature", "properties": {"id": 129, "name": "California Skyline SW 3", "lst": 45.08, "green": 0.08, "pop": 29, "pct65": 12.7, "ac": 93.3, "holc": null, "access_min": 72.8, "access_km": 5.82, "score": 51.1, "rank": 269.0, "area_m2": 109523, "street_m": 0, "canopy_m2": 85.0, "row_m2": 0.0, "row_canopy": 0.0, "veg": 12.5, "place": "res", "land": null, "green_src": "canopy", "canopy_source": "usfs-2022", "canopy_year": "2022", "assessed_m2": 109588.32, "coverage_frac": 0.9999908713329476, "canopy_quality": "full", "scenario_ok": false, "canopy_baseline_ok": true, "ac_src": "lace", "ac_coverage": 1.0, "acs_year": 2024, "access_snap_m": 430.0, "access_quality": "approach-review", "access_src": "routed", "city": "Bay Point", "city_kind": "cdp", "inside_frac": 1.0, "rank_lo": 198, "rank_hi": 321, "rank_top_share": 0.0}, "geometry": {"type": "Polygon", "coordinates": [[[-121.98783, 38.02491], [-121.98675, 38.02659], [-121.98801, 38.0281], [-121.99035, 38.02792], [-121.99144, 38.02625], [-121.99018, 38.02474], [-121.98783, 38.02491]]]}}, {"type": "Feature", "properties": {"id": 130, "name": "California Skyline W 5", "lst": 47.78, "green": 1.22, "pop": 29, "pct65": 12.7, "ac": 93.3, "holc": null, "access_min": 75.0, "access_km": 6.0, "score": 48.4, "rank": 328.0, "area_m2": 109517, "street_m": 387, "canopy_m2": 828.0, "row_m2": 0.0, "row_canopy": 0.0, "veg": 12.8, "place": "res", "land": null, "green_src": "canopy", "canopy_source": "usfs-2022", "canopy_year": "2022", "assessed_m2": 68061.24, "coverage_frac": 0.6210880024769313, "canopy_quality": "partial", "scenario_ok": true, "canopy_baseline_ok": false, "ac_src": "lace", "ac_coverage": 1.0, "acs_year": 2024, "access_snap_m": 499.0, "access_quality": "approach-review", "access_src": "routed", "city": "Bay Point", "city_kind": "cdp", "inside_frac": 1.0, "rank_lo": 263, "rank_hi": 394, "rank_top_share": 0.0}, "geometry": {"type": "Polygon", "coordinates": [[[-121.99144, 38.02625], [-121.99035, 38.02792], [-121.99161, 38.02943], [-121.99396, 38.02926], [-121.99504, 38.02758], [-121.99378, 38.02607], [-121.99144, 38.02625]]]}}, {"type": "Feature", "properties": {"id": 131, "name": "California Skyline SW", "lst": 47.55, "green": 0.0, "pop": 29, "pct65": 12.7, "ac": 93.3, "holc": null, "access_min": 75.6, "access_km": 6.05, "score": 51.3, "rank": 256.0, "area_m2": 109524, "street_m": 0, "canopy_m2": 0.0, "row_m2": 0.0, "row_canopy": 0.0, "veg": 11.3, "place": "res", "land": null, "green_src": "canopy", "canopy_source": "usfs-2022", "canopy_year": "2022", "assessed_m2": 109591.92, "coverage_frac": 1.0, "canopy_quality": "full", "scenario_ok": false, "canopy_baseline_ok": true, "ac_src": "lace", "ac_coverage": 1.0, "acs_year": 2024, "access_snap_m": 363.0, "access_quality": "approach-review", "access_src": "routed", "city": "Bay Point", "city_kind": "cdp", "inside_frac": 1.0, "rank_lo": 185, "rank_hi": 308, "rank_top_share": 0.0}, "geometry": {"type": "Polygon", "coordinates": [[[-121.98441, 38.02676], [-121.98332, 38.02844], [-121.98458, 38.02995], [-121.98693, 38.02977], [-121.98801, 38.0281], [-121.98675, 38.02659], [-121.98441, 38.02676]]]}}, {"type": "Feature", "properties": {"id": 132, "name": "California Skyline W 7", "lst": 46.86, "green": 0.06, "pop": 6, "pct65": 12.9, "ac": 93.3, "holc": null, "access_min": 84.1, "access_km": 6.73, "score": 49.1, "rank": 313.0, "area_m2": 109508, "street_m": 0, "canopy_m2": 63.0, "row_m2": 0.0, "row_canopy": 0.0, "veg": 12.8, "place": "res", "land": null, "green_src": "canopy", "canopy_source": "chm-legacy", "canopy_year": "2009-2020", "assessed_m2": 178561.44, "coverage_frac": 1.0, "canopy_quality": "full", "scenario_ok": false, "canopy_baseline_ok": false, "ac_src": "lace", "ac_coverage": 1.0, "acs_year": 2024, "access_snap_m": 597.0, "access_quality": "approach-review", "access_src": "routed", "city": "Bay Point", "city_kind": "cdp", "inside_frac": 0.211, "rank_lo": 235, "rank_hi": 378, "rank_top_share": 0.0}, "geometry": {"type": "Polygon", "coordinates": [[[-121.99522, 38.03077], [-121.99413, 38.03245], [-121.99539, 38.03395], [-121.99774, 38.03378], [-121.99882, 38.0321], [-121.99756, 38.0306], [-121.99522, 38.03077]]]}}, {"type": "Feature", "properties": {"id": 133, "name": "California Skyline NE", "lst": 45.28, "green": 7.37, "pop": 40, "pct65": 12.4, "ac": 87.9, "holc": null, "access_min": 85.7, "access_km": 6.86, "score": 39.1, "rank": 483.0, "area_m2": 109526, "street_m": 1886, "canopy_m2": 8080.0, "row_m2": 0.0, "row_canopy": 0.0, "veg": 15.6, "place": "res", "land": null, "green_src": "canopy", "canopy_source": "usfs-2022", "canopy_year": "2022", "assessed_m2": 109591.2, "coverage_frac": 0.9999860095340952, "canopy_quality": "full", "scenario_ok": true, "canopy_baseline_ok": true, "ac_src": "lace", "ac_coverage": 1.0, "acs_year": 2024, "access_snap_m": 138.0, "access_quality": "approach-review", "access_src": "routed", "city": "Bay Point", "city_kind": "cdp", "inside_frac": 1.0, "rank_lo": 448, "rank_hi": 498, "rank_top_share": 0.0}, "geometry": {"type": "Polygon", "coordinates": [[[-121.97755, 38.03046], [-121.97647, 38.03214], [-121.97773, 38.03364], [-121.98007, 38.03347], [-121.98115, 38.0318], [-121.97989, 38.03029], [-121.97755, 38.03046]]]}}, {"type": "Feature", "properties": {"id": 134, "name": "California Skyline NW", "lst": 45.68, "green": 3.41, "pop": 16, "pct65": 12.8, "ac": 93.3, "holc": null, "access_min": 86.1, "access_km": 6.89, "score": 42.3, "rank": 448.0, "area_m2": 109521, "street_m": 466, "canopy_m2": 2121.0, "row_m2": 0.0, "row_canopy": 0.0, "veg": 12.0, "place": "res", "land": null, "green_src": "canopy", "canopy_source": "usfs-2022", "canopy_year": "2022", "assessed_m2": 62259.48, "coverage_frac": 0.5681267538902982, "canopy_quality": "partial", "scenario_ok": true, "canopy_baseline_ok": false, "ac_src": "lace", "ac_coverage": 1.0, "acs_year": 2024, "access_snap_m": 115.0, "access_quality": "approach-review", "access_src": "routed", "city": "Bay Point", "city_kind": "cdp", "inside_frac": 0.568, "rank_lo": 398, "rank_hi": 483, "rank_top_share": 0.0}, "geometry": {"type": "Polygon", "coordinates": [[[-121.98115, 38.0318], [-121.98007, 38.03347], [-121.98133, 38.03498], [-121.98367, 38.03481], [-121.98476, 38.03313], [-121.9835, 38.03162], [-121.98115, 38.0318]]]}}, {"type": "Feature", "properties": {"id": 135, "name": "Shore Acres SW 2", "lst": 44.84, "green": 5.22, "pop": 163, "pct65": 10.3, "ac": 73.67, "holc": null, "access_min": 91.2, "access_km": 7.3, "score": 66.9, "rank": 103.0, "area_m2": 109527, "street_m": 575, "canopy_m2": 5724.0, "row_m2": 0.0, "row_canopy": 0.0, "veg": 13.7, "place": "res", "land": null, "green_src": "canopy", "canopy_source": "usfs-2022", "canopy_year": "2022", "assessed_m2": 109591.92, "coverage_frac": 0.9999822184220326, "canopy_quality": "full", "scenario_ok": true, "canopy_baseline_ok": true, "ac_src": "lace", "ac_coverage": 1.0, "acs_year": 2024, "access_snap_m": 45.0, "access_quality": "network-estimate", "access_src": "routed", "city": "Bay Point", "city_kind": "cdp", "inside_frac": 1.0, "rank_lo": 68, "rank_hi": 143, "rank_top_share": 0.01}, "geometry": {"type": "Polygon", "coordinates": [[[-121.97412, 38.03231], [-121.97304, 38.03399], [-121.9743, 38.03549], [-121.97664, 38.03532], [-121.97773, 38.03364], [-121.97647, 38.03214], [-121.97412, 38.03231]]]}}, {"type": "Feature", "properties": {"id": 136, "name": "Shore Acres W 3", "lst": 44.73, "green": 6.54, "pop": 36, "pct65": 11.6, "ac": 74.15, "holc": null, "access_min": 89.1, "access_km": 7.13, "score": 52.0, "rank": 248.0, "area_m2": 109522, "street_m": 301, "canopy_m2": 3551.0, "row_m2": 0.0, "row_canopy": 0.0, "veg": 11.6, "place": "res", "land": null, "green_src": "canopy", "canopy_source": "usfs-2022", "canopy_year": "2022", "assessed_m2": 54302.04, "coverage_frac": 0.495508827450251, "canopy_quality": "partial", "scenario_ok": true, "canopy_baseline_ok": false, "ac_src": "lace", "ac_coverage": 1.0, "acs_year": 2024, "access_snap_m": 133.0, "access_quality": "approach-review", "access_src": "routed", "city": "Bay Point", "city_kind": "cdp", "inside_frac": 0.496, "rank_lo": 185, "rank_hi": 378, "rank_top_share": 0.0}, "geometry": {"type": "Polygon", "coordinates": [[[-121.97773, 38.03364], [-121.97664, 38.03532], [-121.9779, 38.03683], [-121.98025, 38.03666], [-121.98133, 38.03498], [-121.98007, 38.03347], [-121.97773, 38.03364]]]}}, {"type": "Feature", "properties": {"id": 137, "name": "California Skyline SE", "lst": 45.71, "green": 7.75, "pop": 29, "pct65": 12.7, "ac": 93.3, "holc": null, "access_min": 81.9, "access_km": 6.55, "score": 33.0, "rank": 521.0, "area_m2": 109530, "street_m": 1722, "canopy_m2": 8493.0, "row_m2": 0.0, "row_canopy": 0.0, "veg": 15.0, "place": "res", "land": null, "green_src": "canopy", "canopy_source": "usfs-2022", "canopy_year": "2022", "assessed_m2": 109595.16, "coverage_frac": 0.9999829875329762, "canopy_quality": "full", "scenario_ok": true, "canopy_baseline_ok": true, "ac_src": "lace", "ac_coverage": 1.0, "acs_year": 2024, "access_snap_m": 74.0, "access_quality": "network-estimate", "access_src": "routed", "city": "Bay Point", "city_kind": "cdp", "inside_frac": 1.0, "rank_lo": 489, "rank_hi": 535, "rank_top_share": 0.0}, "geometry": {"type": "Polygon", "coordinates": [[[-121.97738, 38.02727], [-121.97629, 38.02895], [-121.97755, 38.03046], [-121.97989, 38.03029], [-121.98098, 38.02861], [-121.97972, 38.0271], [-121.97738, 38.02727]]]}}, {"type": "Feature", "properties": {"id": 138, "name": "California Skyline", "lst": 46.62, "green": 4.6, "pop": 29, "pct65": 12.7, "ac": 93.3, "holc": null, "access_min": 85.3, "access_km": 6.82, "score": 40.4, "rank": 471.0, "area_m2": 109525, "street_m": 851, "canopy_m2": 5045.0, "row_m2": 0.0, "row_canopy": 0.0, "veg": 13.0, "place": "res", "land": null, "green_src": "canopy", "canopy_source": "usfs-2022", "canopy_year": "2022", "assessed_m2": 109589.04, "coverage_frac": 0.999976670694568, "canopy_quality": "full", "scenario_ok": true, "canopy_baseline_ok": true, "ac_src": "lace", "ac_coverage": 1.0, "acs_year": 2024, "access_snap_m": 242.0, "access_quality": "approach-review", "access_src": "routed", "city": "Bay Point", "city_kind": "cdp", "inside_frac": 1.0, "rank_lo": 422, "rank_hi": 496, "rank_top_share": 0.0}, "geometry": {"type": "Polygon", "coordinates": [[[-121.98098, 38.02861], [-121.97989, 38.03029], [-121.98115, 38.0318], [-121.9835, 38.03162], [-121.98458, 38.02995], [-121.98332, 38.02844], [-121.98098, 38.02861]]]}}, {"type": "Feature", "properties": {"id": 139, "name": "Mariners Bay Mobile Home Park SW", "lst": 46.24, "green": 9.76, "pop": 75, "pct65": 11.6, "ac": 80.67, "holc": null, "access_min": 85.9, "access_km": 6.87, "score": 41.6, "rank": 456.0, "area_m2": 109532, "street_m": 1312, "canopy_m2": 10693.0, "row_m2": 0.0, "row_canopy": 0.0, "veg": 18.0, "place": "res", "land": null, "green_src": "canopy", "canopy_source": "usfs-2022", "canopy_year": "2022", "assessed_m2": 109598.4, "coverage_frac": 1.0, "canopy_quality": "full", "scenario_ok": true, "canopy_baseline_ok": true, "ac_src": "lace", "ac_coverage": 1.0, "acs_year": 2024, "access_snap_m": 161.0, "access_quality": "approach-review", "access_src": "routed", "city": "Bay Point", "city_kind": "cdp", "inside_frac": 1.0, "rank_lo": 371, "rank_hi": 477, "rank_top_share": 0.0}, "geometry": {"type": "Polygon", "coordinates": [[[-121.97395, 38.02912], [-121.97286, 38.0308], [-121.97412, 38.03231], [-121.97647, 38.03214], [-121.97755, 38.03046], [-121.97629, 38.02895], [-121.97395, 38.02912]]]}}, {"type": "Feature", "properties": {"id": 140, "name": "California Skyline NW 2", "lst": 44.65, "green": 4.98, "pop": 2, "pct65": 12.9, "ac": 93.3, "holc": null, "access_min": 87.8, "access_km": 7.02, "score": 37.6, "rank": 491.0, "area_m2": 109515, "street_m": 0, "canopy_m2": 0.0, "row_m2": 0.0, "row_canopy": 0.0, "veg": 12.4, "place": "res", "land": null, "green_src": "canopy", "canopy_source": "lidar-2020", "canopy_year": "2020", "assessed_m2": 109515.1, "coverage_frac": 1.0, "canopy_quality": "lidar", "scenario_ok": false, "canopy_baseline_ok": false, "ac_src": "lace", "ac_coverage": 1.0, "acs_year": 2024, "access_snap_m": 247.0, "access_quality": "approach-review", "access_src": "routed", "city": "Bay Point", "city_kind": "cdp", "inside_frac": 0.083, "rank_lo": 446, "rank_hi": 516, "rank_top_share": 0.0}, "geometry": {"type": "Polygon", "coordinates": [[[-121.98476, 38.03313], [-121.98367, 38.03481], [-121.98493, 38.03632], [-121.98728, 38.03615], [-121.98836, 38.03447], [-121.9871, 38.03296], [-121.98476, 38.03313]]]}}, {"type": "Feature", "properties": {"id": 141, "name": "California Skyline SW 6", "lst": 45.93, "green": 2.36, "pop": 29, "pct65": 12.7, "ac": 93.3, "holc": null, "access_min": 65.7, "access_km": 5.26, "score": 45.7, "rank": 400.0, "area_m2": 109526, "street_m": 205, "canopy_m2": 2455.0, "row_m2": 0.0, "row_canopy": 0.0, "veg": 11.7, "place": "res", "land": null, "green_src": "canopy", "canopy_source": "usfs-2022", "canopy_year": "2022", "assessed_m2": 104072.4, "coverage_frac": 0.9496309416515974, "canopy_quality": "partial", "scenario_ok": true, "canopy_baseline_ok": false, "ac_src": "lace", "ac_coverage": 1.0, "acs_year": 2024, "access_snap_m": 66.0, "access_quality": "network-estimate", "access_src": "routed", "city": "Bay Point", "city_kind": "cdp", "inside_frac": 1.0, "rank_lo": 332, "rank_hi": 446, "rank_top_share": 0.0}, "geometry": {"type": "Polygon", "coordinates": [[[-121.99109, 38.01987], [-121.99, 38.02155], [-121.99126, 38.02306], [-121.99361, 38.02289], [-121.99469, 38.02121], [-121.99343, 38.0197], [-121.99109, 38.01987]]]}}, {"type": "Feature", "properties": {"id": 142, "name": "California Skyline SW 7", "lst": 44.74, "green": 5.13, "pop": 29, "pct65": 12.7, "ac": 93.3, "holc": null, "access_min": 67.6, "access_km": 5.41, "score": 39.2, "rank": 481.0, "area_m2": 109521, "street_m": 343, "canopy_m2": 1495.0, "row_m2": 0.0, "row_canopy": 0.0, "veg": 10.6, "place": "res", "land": null, "green_src": "canopy", "canopy_source": "usfs-2022", "canopy_year": "2022", "assessed_m2": 29157.84, "coverage_frac": 0.2660701487371306, "canopy_quality": "partial", "scenario_ok": true, "canopy_baseline_ok": false, "ac_src": "lace", "ac_coverage": 1.0, "acs_year": 2024, "access_snap_m": 200.0, "access_quality": "approach-review", "access_src": "routed", "city": "Bay Point", "city_kind": "cdp", "inside_frac": 1.0, "rank_lo": 434, "rank_hi": 506, "rank_top_share": 0.0}, "geometry": {"type": "Polygon", "coordinates": [[[-121.99469, 38.02121], [-121.99361, 38.02289], [-121.99487, 38.0244], [-121.99721, 38.02422], [-121.99829, 38.02255], [-121.99703, 38.02104], [-121.99469, 38.02121]]]}}, {"type": "Feature", "properties": {"id": 143, "name": "California Skyline SW 4", "lst": 46.2, "green": 0.01, "pop": 29, "pct65": 12.7, "ac": 93.3, "holc": null, "access_min": 67.1, "access_km": 5.37, "score": 51.3, "rank": 264.0, "area_m2": 109527, "street_m": 0, "canopy_m2": 15.0, "row_m2": 0.0, "row_canopy": 0.0, "veg": 12.5, "place": "res", "land": null, "green_src": "canopy", "canopy_source": "usfs-2022", "canopy_year": "2022", "assessed_m2": 109591.56, "coverage_frac": 0.999981296037652, "canopy_quality": "full", "scenario_ok": false, "canopy_baseline_ok": true, "ac_src": "lace", "ac_coverage": 1.0, "acs_year": 2024, "access_snap_m": 247.0, "access_quality": "approach-review", "access_src": "routed", "city": "Bay Point", "city_kind": "cdp", "inside_frac": 1.0, "rank_lo": 193, "rank_hi": 317, "rank_top_share": 0.0}, "geometry": {"type": "Polygon", "coordinates": [[[-121.98766, 38.02172], [-121.98657, 38.0234], [-121.98783, 38.02491], [-121.99018, 38.02474], [-121.99126, 38.02306], [-121.99, 38.02155], [-121.98766, 38.02172]]]}}, {"type": "Feature", "properties": {"id": 144, "name": "California Skyline SW 5", "lst": 46.79, "green": 0.0, "pop": 29, "pct65": 12.7, "ac": 93.3, "holc": null, "access_min": 69.4, "access_km": 5.56, "score": 51.3, "rank": 257.0, "area_m2": 109522, "street_m": 0, "canopy_m2": 0.0, "row_m2": 0.0, "row_canopy": 0.0, "veg": 11.9, "place": "res", "land": null, "green_src": "canopy", "canopy_source": "usfs-2022", "canopy_year": "2022", "assessed_m2": 109586.88, "coverage_frac": 0.9999881312993012, "canopy_quality": "full", "scenario_ok": false, "canopy_baseline_ok": true, "ac_src": "lace", "ac_coverage": 1.0, "acs_year": 2024, "access_snap_m": 353.0, "access_quality": "approach-review", "access_src": "routed", "city": "Bay Point", "city_kind": "cdp", "inside_frac": 1.0, "rank_lo": 186, "rank_hi": 309, "rank_top_share": 0.0}, "geometry": {"type": "Polygon", "coordinates": [[[-121.99126, 38.02306], [-121.99018, 38.02474], [-121.99144, 38.02625], [-121.99378, 38.02607], [-121.99487, 38.0244], [-121.99361, 38.02289], [-121.99126, 38.02306]]]}}, {"type": "Feature", "properties": {"id": 145, "name": "Positano at San Marco W 8", "lst": 45.67, "green": 2.06, "pop": 29, "pct65": 12.7, "ac": 93.33, "holc": null, "access_min": 58.7, "access_km": 4.7, "score": 46.4, "rank": 384.0, "area_m2": 109530, "street_m": 945, "canopy_m2": 1300.0, "row_m2": 0.0, "row_canopy": 0.0, "veg": 12.9, "place": "res", "land": null, "green_src": "canopy", "canopy_source": "usfs-2022", "canopy_year": "2022", "assessed_m2": 63044.28, "coverage_frac": 0.575238551101304, "canopy_quality": "partial", "scenario_ok": true, "canopy_baseline_ok": false, "ac_src": "lace", "ac_coverage": 1.0, "acs_year": 2024, "access_snap_m": 62.0, "access_quality": "network-estimate", "access_src": "routed", "city": "Bay Point", "city_kind": "cdp", "inside_frac": 1.0, "rank_lo": 319, "rank_hi": 435, "rank_top_share": 0.0}, "geometry": {"type": "Polygon", "coordinates": [[[-121.99091, 38.01669], [-121.98983, 38.01837], [-121.99109, 38.01987], [-121.99343, 38.0197], [-121.99451, 38.01802], [-121.99325, 38.01652], [-121.99091, 38.01669]]]}}, {"type": "Feature", "properties": {"id": 146, "name": "California Skyline SW 8", "lst": 44.35, "green": 2.54, "pop": 29, "pct65": 12.7, "ac": 93.3, "holc": null, "access_min": 63.7, "access_km": 5.1, "score": 45.3, "rank": 410.0, "area_m2": 109525, "street_m": 485, "canopy_m2": 0.0, "row_m2": 0.0, "row_canopy": 0.0, "veg": 12.1, "place": "res", "land": null, "green_src": "canopy", "canopy_source": "lidar-2020", "canopy_year": "2020", "assessed_m2": 109525.0, "coverage_frac": 1.0, "canopy_quality": "lidar", "scenario_ok": true, "canopy_baseline_ok": false, "ac_src": "lace", "ac_coverage": 1.0, "acs_year": 2024, "access_snap_m": 137.0, "access_quality": "approach-review", "access_src": "routed", "city": "Bay Point", "city_kind": "cdp", "inside_frac": 1.0, "rank_lo": 345, "rank_hi": 451, "rank_top_share": 0.0}, "geometry": {"type": "Polygon", "coordinates": [[[-121.99451, 38.01802], [-121.99343, 38.0197], [-121.99469, 38.02121], [-121.99703, 38.02104], [-121.99812, 38.01936], [-121.99686, 38.01785], [-121.99451, 38.01802]]]}}, {"type": "Feature", "properties": {"id": 147, "name": "Positano at San Marco W 6", "lst": 46.3, "green": 0.14, "pop": 28, "pct65": 12.7, "ac": 93.35, "holc": null, "access_min": 65.1, "access_km": 5.21, "score": 50.8, "rank": 277.0, "area_m2": 109532, "street_m": 381, "canopy_m2": 158.0, "row_m2": 0.0, "row_canopy": 0.0, "veg": 11.4, "place": "res", "land": null, "green_src": "canopy", "canopy_source": "usfs-2022", "canopy_year": "2022", "assessed_m2": 109596.6, "coverage_frac": 0.99998815239794, "canopy_quality": "full", "scenario_ok": true, "canopy_baseline_ok": true, "ac_src": "lace", "ac_coverage": 1.0, "acs_year": 2024, "access_snap_m": 102.0, "access_quality": "approach-review", "access_src": "routed", "city": "Bay Point", "city_kind": "cdp", "inside_frac": 1.0, "rank_lo": 204, "rank_hi": 327, "rank_top_share": 0.0}, "geometry": {"type": "Polygon", "coordinates": [[[-121.98748, 38.01854], [-121.9864, 38.02022], [-121.98766, 38.02172], [-121.99, 38.02155], [-121.99109, 38.01987], [-121.98983, 38.01837], [-121.98748, 38.01854]]]}}, {"type": "Feature", "properties": {"id": 148, "name": "California Skyline W 10", "lst": 44.41, "green": 0.64, "pop": 29, "pct65": 12.7, "ac": 93.3, "holc": null, "access_min": 75.5, "access_km": 6.04, "score": 49.8, "rank": 294.0, "area_m2": 109511, "street_m": 0, "canopy_m2": 703.0, "row_m2": 0.0, "row_canopy": 0.0, "veg": 11.6, "place": "res", "land": null, "green_src": "canopy", "canopy_source": "chm-legacy", "canopy_year": "2009-2020", "assessed_m2": 178541.28, "coverage_frac": 1.0, "canopy_quality": "full", "scenario_ok": false, "canopy_baseline_ok": false, "ac_src": "lace", "ac_coverage": 1.0, "acs_year": 2024, "access_snap_m": 537.0, "access_quality": "approach-review", "access_src": "routed", "city": "Bay Point", "city_kind": "cdp", "inside_frac": 1.0, "rank_lo": 230, "rank_hi": 358, "rank_top_share": 0.0}, "geometry": {"type": "Polygon", "coordinates": [[[-121.99847, 38.02573], [-121.99738, 38.02741], [-121.99864, 38.02892], [-122.00099, 38.02875], [-122.00207, 38.02707], [-122.00081, 38.02556], [-121.99847, 38.02573]]]}}, {"type": "Feature", "properties": {"id": 149, "name": "California Skyline W 11", "lst": 40.84, "green": 0.0, "pop": 25, "pct65": 12.7, "ac": 93.3, "holc": null, "access_min": 78.2, "access_km": 6.25, "score": 50.9, "rank": 275.0, "area_m2": 109505, "street_m": 0, "canopy_m2": 0.0, "row_m2": 0.0, "row_canopy": 0.0, "veg": 11.6, "place": "res", "land": null, "green_src": "canopy", "canopy_source": "chm-legacy", "canopy_year": "2009-2020", "assessed_m2": 178534.08, "coverage_frac": 1.0, "canopy_quality": "full", "scenario_ok": false, "canopy_baseline_ok": false, "ac_src": "lace", "ac_coverage": 1.0, "acs_year": 2024, "access_snap_m": 667.0, "access_quality": "approach-review", "access_src": "routed", "city": "Bay Point", "city_kind": "cdp", "inside_frac": 0.865, "rank_lo": 200, "rank_hi": 324, "rank_top_share": 0.0}, "geometry": {"type": "Polygon", "coordinates": [[[-122.00207, 38.02707], [-122.00099, 38.02875], [-122.00225, 38.03025], [-122.00459, 38.03008], [-122.00568, 38.0284], [-122.00442, 38.02689], [-122.00207, 38.02707]]]}}, {"type": "Feature", "properties": {"id": 150, "name": "California Skyline W 6", "lst": 45.38, "green": 0.07, "pop": 29, "pct65": 12.7, "ac": 93.3, "holc": null, "access_min": 76.2, "access_km": 6.1, "score": 51.1, "rank": 268.0, "area_m2": 109512, "street_m": 0, "canopy_m2": 76.0, "row_m2": 0.0, "row_canopy": 0.0, "veg": 12.4, "place": "res", "land": null, "green_src": "canopy", "canopy_source": "chm-legacy", "canopy_year": "2009-2020", "assessed_m2": 178554.24, "coverage_frac": 1.0, "canopy_quality": "full", "scenario_ok": false, "canopy_baseline_ok": false, "ac_src": "lace", "ac_coverage": 1.0, "acs_year": 2024, "access_snap_m": 591.0, "access_quality": "approach-review", "access_src": "routed", "city": "Bay Point", "city_kind": "cdp", "inside_frac": 1.0, "rank_lo": 197, "rank_hi": 320, "rank_top_share": 0.0}, "geometry": {"type": "Polygon", "coordinates": [[[-121.99504, 38.02758], [-121.99396, 38.02926], [-121.99522, 38.03077], [-121.99756, 38.0306], [-121.99864, 38.02892], [-121.99738, 38.02741], [-121.99504, 38.02758]]]}}, {"type": "Feature", "properties": {"id": 151, "name": "California Skyline W 9", "lst": 45.75, "green": 0.0, "pop": 17, "pct65": 12.8, "ac": 93.3, "holc": null, "access_min": 79.3, "access_km": 6.35, "score": 50.2, "rank": 287.0, "area_m2": 109506, "street_m": 0, "canopy_m2": 0.0, "row_m2": 0.0, "row_canopy": 0.0, "veg": 12.0, "place": "res", "land": null, "green_src": "canopy", "canopy_source": "chm-legacy", "canopy_year": "2009-2020", "assessed_m2": 178547.04, "coverage_frac": 1.0, "canopy_quality": "full", "scenario_ok": false, "canopy_baseline_ok": false, "ac_src": "lace", "ac_coverage": 1.0, "acs_year": 2024, "access_snap_m": 697.0, "access_quality": "approach-review", "access_src": "routed", "city": "Bay Point", "city_kind": "cdp", "inside_frac": 0.582, "rank_lo": 211, "rank_hi": 346, "rank_top_share": 0.0}, "geometry": {"type": "Polygon", "coordinates": [[[-121.99864, 38.02892], [-121.99756, 38.0306], [-121.99882, 38.0321], [-122.00116, 38.03193], [-122.00225, 38.03025], [-122.00099, 38.02875], [-121.99864, 38.02892]]]}}, {"type": "Feature", "properties": {"id": 152, "name": "California Skyline SW 9", "lst": 44.35, "green": 0.0, "pop": 29, "pct65": 12.7, "ac": 93.3, "holc": null, "access_min": 71.5, "access_km": 5.72, "score": 51.3, "rank": 258.0, "area_m2": 109515, "street_m": 0, "canopy_m2": 0.0, "row_m2": 0.0, "row_canopy": 0.0, "veg": 11.0, "place": "res", "land": null, "green_src": "canopy", "canopy_source": "chm-legacy", "canopy_year": "2009-2020", "assessed_m2": 178526.88, "coverage_frac": 1.0, "canopy_quality": "full", "scenario_ok": false, "canopy_baseline_ok": false, "ac_src": "lace", "ac_coverage": 1.0, "acs_year": 2024, "access_snap_m": 374.0, "access_quality": "approach-review", "access_src": "routed", "city": "Bay Point", "city_kind": "cdp", "inside_frac": 1.0, "rank_lo": 187, "rank_hi": 310, "rank_top_share": 0.0}, "geometry": {"type": "Polygon", "coordinates": [[[-121.99829, 38.02255], [-121.99721, 38.02422], [-121.99847, 38.02573], [-122.00081, 38.02556], [-122.0019, 38.02388], [-122.00064, 38.02237], [-121.99829, 38.02255]]]}}, {"type": "Feature", "properties": {"id": 153, "name": "California Skyline W 12", "lst": 42.4, "green": 0.0, "pop": 29, "pct65": 12.7, "ac": 93.3, "holc": null, "access_min": 73.5, "access_km": 5.88, "score": 51.3, "rank": 259.0, "area_m2": 109510, "street_m": 0, "canopy_m2": 0.0, "row_m2": 0.0, "row_canopy": 0.0, "veg": 12.2, "place": "res", "land": null, "green_src": "canopy", "canopy_source": "chm-legacy", "canopy_year": "2009-2020", "assessed_m2": 178535.52, "coverage_frac": 1.0, "canopy_quality": "full", "scenario_ok": false, "canopy_baseline_ok": false, "ac_src": "lace", "ac_coverage": 1.0, "acs_year": 2024, "access_snap_m": 364.0, "access_quality": "approach-review", "access_src": "routed", "city": "Bay Point", "city_kind": "cdp", "inside_frac": 1.0, "rank_lo": 188, "rank_hi": 311, "rank_top_share": 0.0}, "geometry": {"type": "Polygon", "coordinates": [[[-122.0019, 38.02388], [-122.00081, 38.02556], [-122.00207, 38.02707], [-122.00442, 38.02689], [-122.0055, 38.02522], [-122.00424, 38.02371], [-122.0019, 38.02388]]]}}, {"type": "Feature", "properties": {"id": 154, "name": "California Skyline W 8", "lst": 46.16, "green": 2.91, "pop": 29, "pct65": 12.7, "ac": 93.3, "holc": null, "access_min": 71.8, "access_km": 5.74, "score": 44.4, "rank": 422.0, "area_m2": 109516, "street_m": 89, "canopy_m2": 520.0, "row_m2": 0.0, "row_canopy": 0.0, "veg": 11.4, "place": "res", "land": null, "green_src": "canopy", "canopy_source": "usfs-2022", "canopy_year": "2022", "assessed_m2": 17841.24, "coverage_frac": 0.1628106600499163, "canopy_quality": "partial", "scenario_ok": true, "canopy_baseline_ok": false, "ac_src": "lace", "ac_coverage": 1.0, "acs_year": 2024, "access_snap_m": 344.0, "access_quality": "approach-review", "access_src": "routed", "city": "Bay Point", "city_kind": "cdp", "inside_frac": 1.0, "rank_lo": 365, "rank_hi": 463, "rank_top_share": 0.0}, "geometry": {"type": "Polygon", "coordinates": [[[-121.99487, 38.0244], [-121.99378, 38.02607], [-121.99504, 38.02758], [-121.99738, 38.02741], [-121.99847, 38.02573], [-121.99721, 38.02422], [-121.99487, 38.0244]]]}}, {"type": "Feature", "properties": {"id": 155, "name": "California Skyline S 3", "lst": 46.31, "green": 7.06, "pop": 29, "pct65": 12.7, "ac": 93.3, "holc": null, "access_min": 73.0, "access_km": 5.84, "score": 34.6, "rank": 512.0, "area_m2": 109534, "street_m": 612, "canopy_m2": 7741.0, "row_m2": 0.0, "row_canopy": 0.0, "veg": 13.3, "place": "res", "land": null, "green_src": "canopy", "canopy_source": "usfs-2022", "canopy_year": "2022", "assessed_m2": 109600.92, "coverage_frac": 1.0, "canopy_quality": "full", "scenario_ok": true, "canopy_baseline_ok": true, "ac_src": "lace", "ac_coverage": 1.0, "acs_year": 2024, "access_snap_m": 68.0, "access_quality": "network-estimate", "access_src": "routed", "city": "Bay Point", "city_kind": "cdp", "inside_frac": 1.0, "rank_lo": 476, "rank_hi": 527, "rank_top_share": 0.0}, "geometry": {"type": "Polygon", "coordinates": [[[-121.98063, 38.02224], [-121.97954, 38.02392], [-121.9808, 38.02542], [-121.98315, 38.02525], [-121.98423, 38.02357], [-121.98297, 38.02207], [-121.98063, 38.02224]]]}}, {"type": "Feature", "properties": {"id": 156, "name": "California Skyline SW 2", "lst": 47.48, "green": 2.33, "pop": 29, "pct65": 12.7, "ac": 93.3, "holc": null, "access_min": 72.4, "access_km": 5.79, "score": 45.8, "rank": 399.0, "area_m2": 109528, "street_m": 443, "canopy_m2": 2548.0, "row_m2": 0.0, "row_canopy": 0.0, "veg": 13.1, "place": "res", "land": null, "green_src": "canopy", "canopy_source": "usfs-2022", "canopy_year": "2022", "assessed_m2": 109592.64, "coverage_frac": 0.99998075527598, "canopy_quality": "full", "scenario_ok": true, "canopy_baseline_ok": true, "ac_src": "lace", "ac_coverage": 1.0, "acs_year": 2024, "access_snap_m": 158.0, "access_quality": "approach-review", "access_src": "routed", "city": "Bay Point", "city_kind": "cdp", "inside_frac": 1.0, "rank_lo": 330, "rank_hi": 444, "rank_top_share": 0.0}, "geometry": {"type": "Polygon", "coordinates": [[[-121.98423, 38.02357], [-121.98315, 38.02525], [-121.98441, 38.02676], [-121.98675, 38.02659], [-121.98783, 38.02491], [-121.98657, 38.0234], [-121.98423, 38.02357]]]}}, {"type": "Feature", "properties": {"id": 157, "name": "California Skyline S 2", "lst": 45.97, "green": 0.57, "pop": 29, "pct65": 12.7, "ac": 93.3, "holc": null, "access_min": 76.7, "access_km": 6.14, "score": 49.9, "rank": 290.0, "area_m2": 109535, "street_m": 334, "canopy_m2": 624.0, "row_m2": 0.0, "row_canopy": 0.0, "veg": 9.2, "place": "res", "land": null, "green_src": "canopy", "canopy_source": "usfs-2022", "canopy_year": "2022", "assessed_m2": 109601.64, "coverage_frac": 1.0, "canopy_quality": "full", "scenario_ok": true, "canopy_baseline_ok": true, "ac_src": "lace", "ac_coverage": 1.0, "acs_year": 2024, "access_snap_m": 229.0, "access_quality": "approach-review", "access_src": "routed", "city": "Bay Point", "city_kind": "cdp", "inside_frac": 1.0, "rank_lo": 224, "rank_hi": 351, "rank_top_share": 0.0}, "geometry": {"type": "Polygon", "coordinates": [[[-121.9772, 38.02409], [-121.97612, 38.02577], [-121.97738, 38.02727], [-121.97972, 38.0271], [-121.9808, 38.02542], [-121.97954, 38.02392], [-121.9772, 38.02409]]]}}, {"type": "Feature", "properties": {"id": 158, "name": "California Skyline S", "lst": 45.92, "green": 7.36, "pop": 29, "pct65": 12.7, "ac": 93.3, "holc": null, "access_min": 76.0, "access_km": 6.08, "score": 33.9, "rank": 519.0, "area_m2": 109529, "street_m": 1451, "canopy_m2": 8066.0, "row_m2": 0.0, "row_canopy": 0.0, "veg": 15.3, "place": "res", "land": null, "green_src": "canopy", "canopy_source": "usfs-2022", "canopy_year": "2022", "assessed_m2": 109594.44, "coverage_frac": 0.9999867937732008, "canopy_quality": "full", "scenario_ok": true, "canopy_baseline_ok": true, "ac_src": "lace", "ac_coverage": 1.0, "acs_year": 2024, "access_snap_m": 161.0, "access_quality": "approach-review", "access_src": "routed", "city": "Bay Point", "city_kind": "cdp", "inside_frac": 1.0, "rank_lo": 483, "rank_hi": 532, "rank_top_share": 0.0}, "geometry": {"type": "Polygon", "coordinates": [[[-121.9808, 38.02542], [-121.97972, 38.0271], [-121.98098, 38.02861], [-121.98332, 38.02844], [-121.98441, 38.02676], [-121.98315, 38.02525], [-121.9808, 38.02542]]]}}, {"type": "Feature", "properties": {"id": 159, "name": "Positano at San Marco NW 2", "lst": 45.32, "green": 0.88, "pop": 19, "pct65": 11.9, "ac": 95.16, "holc": null, "access_min": 66.7, "access_km": 5.34, "score": 45.9, "rank": 396.0, "area_m2": 109538, "street_m": 0, "canopy_m2": 960.0, "row_m2": 0.0, "row_canopy": 0.0, "veg": 10.4, "place": "res", "land": null, "green_src": "canopy", "canopy_source": "usfs-2022", "canopy_year": "2022", "assessed_m2": 109602.36, "coverage_frac": 0.9999807829392554, "canopy_quality": "full", "scenario_ok": false, "canopy_baseline_ok": true, "ac_src": "lace", "ac_coverage": 1.0, "acs_year": 2024, "access_snap_m": 238.0, "access_quality": "approach-review", "access_src": "routed", "city": "Bay Point", "city_kind": "cdp", "inside_frac": 1.0, "rank_lo": 324, "rank_hi": 441, "rank_top_share": 0.0}, "geometry": {"type": "Polygon", "coordinates": [[[-121.98045, 38.01905], [-121.97937, 38.02073], [-121.98063, 38.02224], [-121.98297, 38.02207], [-121.98405, 38.02039], [-121.9828, 38.01888], [-121.98045, 38.01905]]]}}, {"type": "Feature", "properties": {"id": 160, "name": "California Skyline S 4", "lst": 48.38, "green": 1.14, "pop": 29, "pct65": 12.7, "ac": 93.3, "holc": null, "access_min": 68.1, "access_km": 5.45, "score": 48.6, "rank": 326.0, "area_m2": 109533, "street_m": 365, "canopy_m2": 1251.0, "row_m2": 0.0, "row_canopy": 0.0, "veg": 10.4, "place": "res", "land": null, "green_src": "canopy", "canopy_source": "usfs-2022", "canopy_year": "2022", "assessed_m2": 109598.4, "coverage_frac": 0.99999417539671, "canopy_quality": "full", "scenario_ok": true, "canopy_baseline_ok": true, "ac_src": "lace", "ac_coverage": 1.0, "acs_year": 2024, "access_snap_m": 135.0, "access_quality": "approach-review", "access_src": "routed", "city": "Bay Point", "city_kind": "cdp", "inside_frac": 1.0, "rank_lo": 258, "rank_hi": 390, "rank_top_share": 0.0}, "geometry": {"type": "Polygon", "coordinates": [[[-121.98405, 38.02039], [-121.98297, 38.02207], [-121.98423, 38.02357], [-121.98657, 38.0234], [-121.98766, 38.02172], [-121.9864, 38.02022], [-121.98405, 38.02039]]]}}, {"type": "Feature", "properties": {"id": 161, "name": "Positano at San Marco N 2", "lst": 45.39, "green": 1.78, "pop": 21, "pct65": 12.1, "ac": 94.75, "holc": null, "access_min": 77.0, "access_km": 6.16, "score": 44.5, "rank": 420.0, "area_m2": 109539, "street_m": 0, "canopy_m2": 1956.0, "row_m2": 0.0, "row_canopy": 0.0, "veg": 13.7, "place": "res", "land": null, "green_src": "canopy", "canopy_source": "usfs-2022", "canopy_year": "2022", "assessed_m2": 109604.16, "coverage_frac": 0.999986819425288, "canopy_quality": "full", "scenario_ok": false, "canopy_baseline_ok": true, "ac_src": "lace", "ac_coverage": 1.0, "acs_year": 2024, "access_snap_m": 368.0, "access_quality": "approach-review", "access_src": "routed", "city": "Bay Point", "city_kind": "cdp", "inside_frac": 1.0, "rank_lo": 357, "rank_hi": 460, "rank_top_share": 0.0}, "geometry": {"type": "Polygon", "coordinates": [[[-121.97702, 38.0209], [-121.97594, 38.02258], [-121.9772, 38.02409], [-121.97954, 38.02392], [-121.98063, 38.02224], [-121.97937, 38.02073], [-121.97702, 38.0209]]]}}, {"type": "Feature", "properties": {"id": 162, "name": "Shore Acres NE 2", "lst": 31.89, "green": 0.0, "pop": 0, "pct65": 12.9, "ac": 65.05, "holc": null, "access_min": 101.7, "access_km": 8.13, "score": null, "rank": null, "area_m2": 109526, "street_m": 0, "canopy_m2": 0.0, "row_m2": 0.0, "row_canopy": 0.0, "veg": 38.1, "place": "empty", "land": "wetland", "green_src": "canopy", "canopy_source": "chm-legacy", "canopy_year": "2009-2020", "assessed_m2": 178633.44, "coverage_frac": 1.0, "canopy_quality": "full", "scenario_ok": false, "canopy_baseline_ok": false, "ac_src": "income-model", "ac_coverage": null, "acs_year": 2024, "access_snap_m": 374.0, "access_quality": "approach-review", "access_src": "routed", "city": "Bay Point", "city_kind": "cdp", "inside_frac": 1.0, "rank_lo": null, "rank_hi": null, "rank_top_share": null}, "geometry": {"type": "Polygon", "coordinates": [[[-121.96401, 38.04104], [-121.96293, 38.04272], [-121.96419, 38.04423], [-121.96653, 38.04406], [-121.96762, 38.04238], [-121.96636, 38.04087], [-121.96401, 38.04104]]]}}, {"type": "Feature", "properties": {"id": 163, "name": "Shore Acres N 3", "lst": 31.1, "green": 0.0, "pop": 0, "pct65": 12.9, "ac": 65.05, "holc": null, "access_min": 106.0, "access_km": 8.48, "score": null, "rank": null, "area_m2": 109521, "street_m": 0, "canopy_m2": 0.0, "row_m2": 0.0, "row_canopy": 0.0, "veg": 37.1, "place": "empty", "land": "wetland", "green_src": "canopy", "canopy_source": "chm-legacy", "canopy_year": "2009-2020", "assessed_m2": 178642.08, "coverage_frac": 1.0, "canopy_quality": "full", "scenario_ok": false, "canopy_baseline_ok": false, "ac_src": "income-model", "ac_coverage": null, "acs_year": 2024, "access_snap_m": 494.0, "access_quality": "approach-review", "access_src": "routed", "city": "Bay Point", "city_kind": "cdp", "inside_frac": 0.749, "rank_lo": null, "rank_hi": null, "rank_top_share": null}, "geometry": {"type": "Polygon", "coordinates": [[[-121.96762, 38.04238], [-121.96653, 38.04406], [-121.96779, 38.04556], [-121.97014, 38.04539], [-121.97122, 38.04372], [-121.96996, 38.04221], [-121.96762, 38.04238]]]}}, {"type": "Feature", "properties": {"id": 164, "name": "Shore Acres NE 5", "lst": 29.94, "green": 0.23, "pop": 0, "pct65": 12.9, "ac": 65.05, "holc": null, "access_min": 101.6, "access_km": 8.13, "score": null, "rank": null, "area_m2": 109527, "street_m": 0, "canopy_m2": 248.0, "row_m2": 0.0, "row_canopy": 0.0, "veg": 21.4, "place": "empty", "land": "wetland", "green_src": "canopy", "canopy_source": "chm-legacy", "canopy_year": "2009-2020", "assessed_m2": 178655.04, "coverage_frac": 1.0, "canopy_quality": "full", "scenario_ok": false, "canopy_baseline_ok": false, "ac_src": "income-model", "ac_coverage": null, "acs_year": 2024, "access_snap_m": 377.0, "access_quality": "approach-review", "access_src": "routed", "city": "Bay Point", "city_kind": "cdp", "inside_frac": 1.0, "rank_lo": null, "rank_hi": null, "rank_top_share": null}, "geometry": {"type": "Polygon", "coordinates": [[[-121.96058, 38.04289], [-121.9595, 38.04457], [-121.96076, 38.04608], [-121.9631, 38.04591], [-121.96419, 38.04423], [-121.96293, 38.04272], [-121.96058, 38.04289]]]}}, {"type": "Feature", "properties": {"id": 165, "name": "Shore Acres NE 4", "lst": 29.3, "green": 0.0, "pop": 0, "pct65": 12.9, "ac": 65.05, "holc": null, "access_min": 105.5, "access_km": 8.44, "score": null, "rank": null, "area_m2": 109522, "street_m": 0, "canopy_m2": 0.0, "row_m2": 0.0, "row_canopy": 0.0, "veg": 39.6, "place": "empty", "land": "wetland", "green_src": "canopy", "canopy_source": "chm-legacy", "canopy_year": "2009-2020", "assessed_m2": 178643.52, "coverage_frac": 1.0, "canopy_quality": "full", "scenario_ok": false, "canopy_baseline_ok": false, "ac_src": "income-model", "ac_coverage": null, "acs_year": 2024, "access_snap_m": 622.0, "access_quality": "approach-review", "access_src": "routed", "city": "Bay Point", "city_kind": "cdp", "inside_frac": 1.0, "rank_lo": null, "rank_hi": null, "rank_top_share": null}, "geometry": {"type": "Polygon", "coordinates": [[[-121.96419, 38.04423], [-121.9631, 38.04591], [-121.96436, 38.04741], [-121.96671, 38.04724], [-121.96779, 38.04556], [-121.96653, 38.04406], [-121.96419, 38.04423]]]}}, {"type": "Feature", "properties": {"id": 166, "name": "Shore Acres NE", "lst": 42.65, "green": 3.63, "pop": 199, "pct65": 10.0, "ac": 73.6, "holc": null, "access_min": 98.9, "access_km": 7.91, "score": 75.0, "rank": 61.0, "area_m2": 109530, "street_m": 625, "canopy_m2": 2005.0, "row_m2": 0.0, "row_canopy": 0.0, "veg": 15.8, "place": "res", "land": null, "green_src": "canopy", "canopy_source": "usfs-2022", "canopy_year": "2022", "assessed_m2": 55180.44, "coverage_frac": 0.5034837141234871, "canopy_quality": "partial", "scenario_ok": true, "canopy_baseline_ok": false, "ac_src": "lace", "ac_coverage": 1.0, "acs_year": 2024, "access_snap_m": 182.0, "access_quality": "approach-review", "access_src": "routed", "city": "Bay Point", "city_kind": "cdp", "inside_frac": 1.0, "rank_lo": 26, "rank_hi": 86, "rank_top_share": 0.643}, "geometry": {"type": "Polygon", "coordinates": [[[-121.96384, 38.03786], [-121.96275, 38.03954], [-121.96401, 38.04104], [-121.96636, 38.04087], [-121.96744, 38.03919], [-121.96618, 38.03769], [-121.96384, 38.03786]]]}}, {"type": "Feature", "properties": {"id": 167, "name": "Shore Acres N", "lst": 41.09, "green": 3.77, "pop": 68, "pct65": 10.9, "ac": 73.6, "holc": null, "access_min": 106.2, "access_km": 8.5, "score": 61.8, "rank": 159.0, "area_m2": 109525, "street_m": 498, "canopy_m2": 1584.0, "row_m2": 0.0, "row_canopy": 0.0, "veg": 18.3, "place": "res", "land": null, "green_src": "canopy", "canopy_source": "usfs-2022", "canopy_year": "2022", "assessed_m2": 41955.12, "coverage_frac": 0.3828306831275312, "canopy_quality": "partial", "scenario_ok": true, "canopy_baseline_ok": false, "ac_src": "lace", "ac_coverage": 1.0, "acs_year": 2024, "access_snap_m": 113.0, "access_quality": "approach-review", "access_src": "routed", "city": "Bay Point", "city_kind": "cdp", "inside_frac": 0.853, "rank_lo": 97, "rank_hi": 194, "rank_top_share": 0.0}, "geometry": {"type": "Polygon", "coordinates": [[[-121.96744, 38.03919], [-121.96636, 38.04087], [-121.96762, 38.04238], [-121.96996, 38.04221], [-121.97105, 38.04053], [-121.96979, 38.03902], [-121.96744, 38.03919]]]}}, {"type": "Feature", "properties": {"id": 168, "name": "Shore Acres NE 3", "lst": 36.84, "green": 0.74, "pop": 53, "pct65": 10.6, "ac": 74.27, "holc": null, "access_min": 97.6, "access_km": 7.81, "score": 66.7, "rank": 106.0, "area_m2": 109532, "street_m": 0, "canopy_m2": 812.0, "row_m2": 0.0, "row_canopy": 0.0, "veg": 5.8, "place": "res", "land": null, "green_src": "canopy", "canopy_source": "chm-legacy", "canopy_year": "2009-2020", "assessed_m2": 178647.84, "coverage_frac": 1.0, "canopy_quality": "full", "scenario_ok": false, "canopy_baseline_ok": false, "ac_src": "lace", "ac_coverage": 1.0, "acs_year": 2024, "access_snap_m": 120.0, "access_quality": "approach-review", "access_src": "routed", "city": "Bay Point", "city_kind": "cdp", "inside_frac": 1.0, "rank_lo": 56, "rank_hi": 152, "rank_top_share": 0.057}, "geometry": {"type": "Polygon", "coordinates": [[[-121.96041, 38.03971], [-121.95932, 38.04138], [-121.96058, 38.04289], [-121.96293, 38.04272], [-121.96401, 38.04104], [-121.96275, 38.03954], [-121.96041, 38.03971]]]}}, {"type": "Feature", "properties": {"id": 169, "name": "Shore Acres N 6", "lst": 22.53, "green": 0.0, "pop": 0, "pct65": 12.9, "ac": 65.05, "holc": null, "access_min": 114.0, "access_km": 9.12, "score": null, "rank": null, "area_m2": 109512, "street_m": 0, "canopy_m2": 0.0, "row_m2": 0.0, "row_canopy": 0.0, "veg": 0.0, "place": "empty", "land": "open water", "green_src": "canopy", "canopy_source": "chm-legacy", "canopy_year": "2009-2020", "assessed_m2": 178655.04, "coverage_frac": 1.0, "canopy_quality": "full", "scenario_ok": false, "canopy_baseline_ok": false, "ac_src": "income-model", "ac_coverage": null, "acs_year": 2024, "access_snap_m": 952.0, "access_quality": "approach-review", "access_src": "routed", "city": "Bay Point", "city_kind": "cdp", "inside_frac": 0.639, "rank_lo": null, "rank_hi": null, "rank_top_share": null}, "geometry": {"type": "Polygon", "coordinates": [[[-121.96797, 38.04875], [-121.96688, 38.05043], [-121.96814, 38.05194], [-121.97049, 38.05176], [-121.97157, 38.05009], [-121.97031, 38.04858], [-121.96797, 38.04875]]]}}, {"type": "Feature", "properties": {"id": 170, "name": "Shore Acres N 4", "lst": 26.94, "green": 0.0, "pop": 0, "pct65": 12.9, "ac": 65.05, "holc": null, "access_min": 110.1, "access_km": 8.81, "score": null, "rank": null, "area_m2": 109516, "street_m": 0, "canopy_m2": 0.0, "row_m2": 0.0, "row_canopy": 0.0, "veg": 25.8, "place": "empty", "land": "wetland", "green_src": "canopy", "canopy_source": "chm-legacy", "canopy_year": "2009-2020", "assessed_m2": 178649.28, "coverage_frac": 1.0, "canopy_quality": "full", "scenario_ok": false, "canopy_baseline_ok": false, "ac_src": "income-model", "ac_coverage": null, "acs_year": 2024, "access_snap_m": 820.0, "access_quality": "approach-review", "access_src": "routed", "city": "Bay Point", "city_kind": "cdp", "inside_frac": 0.698, "rank_lo": null, "rank_hi": null, "rank_top_share": null}, "geometry": {"type": "Polygon", "coordinates": [[[-121.96779, 38.04556], [-121.96671, 38.04724], [-121.96797, 38.04875], [-121.97031, 38.04858], [-121.9714, 38.0469], [-121.97014, 38.04539], [-121.96779, 38.04556]]]}}, {"type": "Feature", "properties": {"id": 171, "name": "Shore Acres NE 9", "lst": 29.85, "green": 0.0, "pop": 0, "pct65": 12.9, "ac": 65.05, "holc": null, "access_min": 99.5, "access_km": 7.96, "score": null, "rank": null, "area_m2": 109534, "street_m": 0, "canopy_m2": 0.0, "row_m2": 0.0, "row_canopy": 0.0, "veg": 39.2, "place": "empty", "land": "wetland", "green_src": "canopy", "canopy_source": "chm-legacy", "canopy_year": "2009-2020", "assessed_m2": 178668.0, "coverage_frac": 1.0, "canopy_quality": "full", "scenario_ok": false, "canopy_baseline_ok": false, "ac_src": "income-model", "ac_coverage": null, "acs_year": 2024, "access_snap_m": 713.0, "access_quality": "approach-review", "access_src": "routed", "city": "Bay Point", "city_kind": "cdp", "inside_frac": 1.0, "rank_lo": null, "rank_hi": null, "rank_top_share": null}, "geometry": {"type": "Polygon", "coordinates": [[[-121.95355, 38.0434], [-121.95246, 38.04508], [-121.95372, 38.04659], [-121.95607, 38.04642], [-121.95715, 38.04474], [-121.95589, 38.04323], [-121.95355, 38.0434]]]}}, {"type": "Feature", "properties": {"id": 172, "name": "Shore Acres NE 8", "lst": 28.34, "green": 0.0, "pop": 0, "pct65": 12.9, "ac": 65.05, "holc": null, "access_min": 103.8, "access_km": 8.31, "score": null, "rank": null, "area_m2": 109528, "street_m": 0, "canopy_m2": 0.0, "row_m2": 0.0, "row_canopy": 0.0, "veg": 31.9, "place": "empty", "land": "wetland", "green_src": "canopy", "canopy_source": "chm-legacy", "canopy_year": "2009-2020", "assessed_m2": 178660.8, "coverage_frac": 1.0, "canopy_quality": "full", "scenario_ok": false, "canopy_baseline_ok": false, "ac_src": "income-model", "ac_coverage": null, "acs_year": 2024, "access_snap_m": 557.0, "access_quality": "approach-review", "access_src": "routed", "city": "Bay Point", "city_kind": "cdp", "inside_frac": 1.0, "rank_lo": null, "rank_hi": null, "rank_top_share": null}, "geometry": {"type": "Polygon", "coordinates": [[[-121.95715, 38.04474], [-121.95607, 38.04642], [-121.95733, 38.04793], [-121.95967, 38.04776], [-121.96076, 38.04608], [-121.9595, 38.04457], [-121.95715, 38.04474]]]}}, {"type": "Feature", "properties": {"id": 173, "name": "Shore Acres NE 14", "lst": 28.51, "green": 0.0, "pop": 0, "pct65": 12.9, "ac": 65.05, "holc": null, "access_min": 103.0, "access_km": 8.24, "score": null, "rank": null, "area_m2": 109535, "street_m": 0, "canopy_m2": 0.0, "row_m2": 0.0, "row_canopy": 0.0, "veg": 37.4, "place": "empty", "land": "wetland", "green_src": "canopy", "canopy_source": "chm-legacy", "canopy_year": "2009-2020", "assessed_m2": 178670.88, "coverage_frac": 1.0, "canopy_quality": "full", "scenario_ok": false, "canopy_baseline_ok": false, "ac_src": "income-model", "ac_coverage": null, "acs_year": 2024, "access_snap_m": 1046.0, "access_quality": "approach-review", "access_src": "routed", "city": "Bay Point", "city_kind": "cdp", "inside_frac": 1.0, "rank_lo": null, "rank_hi": null, "rank_top_share": null}, "geometry": {"type": "Polygon", "coordinates": [[[-121.95012, 38.04525], [-121.94904, 38.04693], [-121.95029, 38.04844], [-121.95264, 38.04827], [-121.95372, 38.04659], [-121.95246, 38.04508], [-121.95012, 38.04525]]]}}, {"type": "Feature", "properties": {"id": 174, "name": "Shore Acres NE 12", "lst": 26.27, "green": 0.0, "pop": 0, "pct65": 12.9, "ac": 65.05, "holc": null, "access_min": 104.1, "access_km": 8.33, "score": null, "rank": null, "area_m2": 109529, "street_m": 0, "canopy_m2": 0.0, "row_m2": 0.0, "row_canopy": 0.0, "veg": 16.2, "place": "empty", "land": "wetland", "green_src": "canopy", "canopy_source": "chm-legacy", "canopy_year": "2009-2020", "assessed_m2": 178670.88, "coverage_frac": 1.0, "canopy_quality": "full", "scenario_ok": false, "canopy_baseline_ok": false, "ac_src": "income-model", "ac_coverage": null, "acs_year": 2024, "access_snap_m": 1020.0, "access_quality": "approach-review", "access_src": "routed", "city": "Bay Point", "city_kind": "cdp", "inside_frac": 1.0, "rank_lo": null, "rank_hi": null, "rank_top_share": null}, "geometry": {"type": "Polygon", "coordinates": [[[-121.95372, 38.04659], [-121.95264, 38.04827], [-121.9539, 38.04978], [-121.95624, 38.04961], [-121.95733, 38.04793], [-121.95607, 38.04642], [-121.95372, 38.04659]]]}}, {"type": "Feature", "properties": {"id": 175, "name": "Shore Acres E 4", "lst": 31.71, "green": 0.0, "pop": 0, "pct65": 12.9, "ac": 65.05, "holc": null, "access_min": 91.0, "access_km": 7.28, "score": null, "rank": null, "area_m2": 109538, "street_m": 0, "canopy_m2": 0.0, "row_m2": 0.0, "row_canopy": 0.0, "veg": 22.7, "place": "empty", "land": "wetland", "green_src": "canopy", "canopy_source": "chm-legacy", "canopy_year": "2009-2020", "assessed_m2": 178653.6, "coverage_frac": 1.0, "canopy_quality": "full", "scenario_ok": false, "canopy_baseline_ok": false, "ac_src": "income-model", "ac_coverage": null, "acs_year": 2024, "access_snap_m": 548.0, "access_quality": "approach-review", "access_src": "routed", "city": "Bay Point", "city_kind": "cdp", "inside_frac": 1.0, "rank_lo": null, "rank_hi": null, "rank_top_share": null}, "geometry": {"type": "Polygon", "coordinates": [[[-121.95337, 38.04022], [-121.95229, 38.0419], [-121.95355, 38.0434], [-121.95589, 38.04323], [-121.95698, 38.04156], [-121.95572, 38.04005], [-121.95337, 38.04022]]]}}, {"type": "Feature", "properties": {"id": 176, "name": "Shore Acres NE 6", "lst": 30.36, "green": 0.0, "pop": 0, "pct65": 12.9, "ac": 65.05, "holc": null, "access_min": 99.8, "access_km": 7.99, "score": null, "rank": null, "area_m2": 109533, "street_m": 0, "canopy_m2": 0.0, "row_m2": 0.0, "row_canopy": 0.0, "veg": 26.8, "place": "empty", "land": "wetland", "green_src": "canopy", "canopy_source": "chm-legacy", "canopy_year": "2009-2020", "assessed_m2": 178646.4, "coverage_frac": 1.0, "canopy_quality": "full", "scenario_ok": false, "canopy_baseline_ok": false, "ac_src": "income-model", "ac_coverage": null, "acs_year": 2024, "access_snap_m": 239.0, "access_quality": "approach-review", "access_src": "routed", "city": "Bay Point", "city_kind": "cdp", "inside_frac": 1.0, "rank_lo": null, "rank_hi": null, "rank_top_share": null}, "geometry": {"type": "Polygon", "coordinates": [[[-121.95698, 38.04156], [-121.95589, 38.04323], [-121.95715, 38.04474], [-121.9595, 38.04457], [-121.96058, 38.04289], [-121.95932, 38.04138], [-121.95698, 38.04156]]]}}, {"type": "Feature", "properties": {"id": 177, "name": "Shore Acres NE 13", "lst": 29.86, "green": 0.0, "pop": 0, "pct65": 12.9, "ac": 65.05, "holc": null, "access_min": 91.8, "access_km": 7.35, "score": null, "rank": null, "area_m2": 109539, "street_m": 0, "canopy_m2": 0.0, "row_m2": 0.0, "row_canopy": 0.0, "veg": 40.3, "place": "empty", "land": "wetland", "green_src": "canopy", "canopy_source": "chm-legacy", "canopy_year": "2009-2020", "assessed_m2": 178666.56, "coverage_frac": 1.0, "canopy_quality": "full", "scenario_ok": false, "canopy_baseline_ok": false, "ac_src": "income-model", "ac_coverage": null, "acs_year": 2024, "access_snap_m": 784.0, "access_quality": "approach-review", "access_src": "routed", "city": "Bay Point", "city_kind": "cdp", "inside_frac": 1.0, "rank_lo": null, "rank_hi": null, "rank_top_share": null}, "geometry": {"type": "Polygon", "coordinates": [[[-121.94995, 38.04207], [-121.94886, 38.04375], [-121.95012, 38.04525], [-121.95246, 38.04508], [-121.95355, 38.0434], [-121.95229, 38.0419], [-121.94995, 38.04207]]]}}, {"type": "Feature", "properties": {"id": 178, "name": "Shore Acres NE 10", "lst": 22.45, "green": 0.0, "pop": 0, "pct65": 12.9, "ac": 65.05, "holc": null, "access_min": 110.1, "access_km": 8.81, "score": null, "rank": null, "area_m2": 109518, "street_m": 0, "canopy_m2": 0.0, "row_m2": 0.0, "row_canopy": 0.0, "veg": 0.0, "place": "empty", "land": "open water", "green_src": "canopy", "canopy_source": "chm-legacy", "canopy_year": "2009-2020", "assessed_m2": 178668.0, "coverage_frac": 1.0, "canopy_quality": "full", "scenario_ok": false, "canopy_baseline_ok": false, "ac_src": "income-model", "ac_coverage": null, "acs_year": 2024, "access_snap_m": 1062.0, "access_quality": "approach-review", "access_src": "routed", "city": "Bay Point", "city_kind": "cdp", "inside_frac": 1.0, "rank_lo": null, "rank_hi": null, "rank_top_share": null}, "geometry": {"type": "Polygon", "coordinates": [[[-121.96093, 38.04926], [-121.95985, 38.05094], [-121.96111, 38.05245], [-121.96345, 38.05228], [-121.96454, 38.0506], [-121.96328, 38.04909], [-121.96093, 38.04926]]]}}, {"type": "Feature", "properties": {"id": 179, "name": "Shore Acres N 7", "lst": 22.32, "green": 0.0, "pop": 0, "pct65": 12.9, "ac": 65.05, "holc": null, "access_min": 113.8, "access_km": 9.11, "score": null, "rank": null, "area_m2": 109513, "street_m": 0, "canopy_m2": 0.0, "row_m2": 0.0, "row_canopy": 0.0, "veg": 0.0, "place": "empty", "land": "open water", "green_src": "canopy", "canopy_source": "chm-legacy", "canopy_year": "2009-2020", "assessed_m2": 178659.36, "coverage_frac": 1.0, "canopy_quality": "full", "scenario_ok": false, "canopy_baseline_ok": false, "ac_src": "income-model", "ac_coverage": null, "acs_year": 2024, "access_snap_m": 1290.0, "access_quality": "approach-review", "access_src": "routed", "city": "Bay Point", "city_kind": "cdp", "inside_frac": 1.0, "rank_lo": null, "rank_hi": null, "rank_top_share": null}, "geometry": {"type": "Polygon", "coordinates": [[[-121.96454, 38.0506], [-121.96345, 38.05228], [-121.96471, 38.05379], [-121.96706, 38.05361], [-121.96814, 38.05194], [-121.96688, 38.05043], [-121.96454, 38.0506]]]}}, {"type": "Feature", "properties": {"id": 180, "name": "Shore Acres NE 15", "lst": 22.37, "green": 0.0, "pop": 0, "pct65": 12.9, "ac": 65.05, "holc": null, "access_min": 112.5, "access_km": 9.0, "score": null, "rank": null, "area_m2": 109519, "street_m": 0, "canopy_m2": 0.0, "row_m2": 0.0, "row_canopy": 0.0, "veg": 0.0, "place": "empty", "land": "open water", "green_src": "canopy", "canopy_source": "chm-legacy", "canopy_year": "2009-2020", "assessed_m2": 178675.2, "coverage_frac": 1.0, "canopy_quality": "full", "scenario_ok": false, "canopy_baseline_ok": false, "ac_src": "income-model", "ac_coverage": null, "acs_year": 2024, "access_snap_m": 1253.0, "access_quality": "approach-review", "access_src": "routed", "city": "Bay Point", "city_kind": "cdp", "inside_frac": 1.0, "rank_lo": null, "rank_hi": null, "rank_top_share": null}, "geometry": {"type": "Polygon", "coordinates": [[[-121.9575, 38.05111], [-121.95642, 38.05279], [-121.95768, 38.0543], [-121.96002, 38.05413], [-121.96111, 38.05245], [-121.95985, 38.05094], [-121.9575, 38.05111]]]}}, {"type": "Feature", "properties": {"id": 181, "name": "Shore Acres N 9", "lst": 22.29, "green": 0.0, "pop": 0, "pct65": 12.9, "ac": 65.05, "holc": null, "access_min": 114.5, "access_km": 9.16, "score": null, "rank": null, "area_m2": 109514, "street_m": 0, "canopy_m2": 0.0, "row_m2": 0.0, "row_canopy": 0.0, "veg": 0.0, "place": "empty", "land": "open water", "green_src": "canopy", "canopy_source": "chm-legacy", "canopy_year": "2009-2020", "assessed_m2": 178683.84, "coverage_frac": 1.0, "canopy_quality": "full", "scenario_ok": false, "canopy_baseline_ok": false, "ac_src": "income-model", "ac_coverage": null, "acs_year": 2024, "access_snap_m": 1413.0, "access_quality": "approach-review", "access_src": "routed", "city": "Bay Point", "city_kind": "cdp", "inside_frac": 0.998, "rank_lo": null, "rank_hi": null, "rank_top_share": null}, "geometry": {"type": "Polygon", "coordinates": [[[-121.96111, 38.05245], [-121.96002, 38.05413], [-121.96128, 38.05563], [-121.96363, 38.05546], [-121.96471, 38.05379], [-121.96345, 38.05228], [-121.96111, 38.05245]]]}}, {"type": "Feature", "properties": {"id": 182, "name": "Shore Acres NE 7", "lst": 25.79, "green": 0.02, "pop": 0, "pct65": 12.9, "ac": 65.05, "holc": null, "access_min": 105.8, "access_km": 8.46, "score": null, "rank": null, "area_m2": 109523, "street_m": 0, "canopy_m2": 20.0, "row_m2": 0.0, "row_canopy": 0.0, "veg": 9.5, "place": "empty", "land": "wetland", "green_src": "canopy", "canopy_source": "chm-legacy", "canopy_year": "2009-2020", "assessed_m2": 178665.12, "coverage_frac": 1.0, "canopy_quality": "full", "scenario_ok": false, "canopy_baseline_ok": false, "ac_src": "income-model", "ac_coverage": null, "acs_year": 2024, "access_snap_m": 714.0, "access_quality": "approach-review", "access_src": "routed", "city": "Bay Point", "city_kind": "cdp", "inside_frac": 1.0, "rank_lo": null, "rank_hi": null, "rank_top_share": null}, "geometry": {"type": "Polygon", "coordinates": [[[-121.96076, 38.04608], [-121.95967, 38.04776], [-121.96093, 38.04926], [-121.96328, 38.04909], [-121.96436, 38.04741], [-121.9631, 38.04591], [-121.96076, 38.04608]]]}}, {"type": "Feature", "properties": {"id": 183, "name": "Shore Acres N 5", "lst": 23.2, "green": 0.0, "pop": 0, "pct65": 12.9, "ac": 65.05, "holc": null, "access_min": 109.6, "access_km": 8.77, "score": null, "rank": null, "area_m2": 109517, "street_m": 0, "canopy_m2": 0.0, "row_m2": 0.0, "row_canopy": 0.0, "veg": 0.0, "place": "empty", "land": "open water", "green_src": "canopy", "canopy_source": "chm-legacy", "canopy_year": "2009-2020", "assessed_m2": 178655.04, "coverage_frac": 1.0, "canopy_quality": "full", "scenario_ok": false, "canopy_baseline_ok": false, "ac_src": "income-model", "ac_coverage": null, "acs_year": 2024, "access_snap_m": 949.0, "access_quality": "approach-review", "access_src": "routed", "city": "Bay Point", "city_kind": "cdp", "inside_frac": 1.0, "rank_lo": null, "rank_hi": null, "rank_top_share": null}, "geometry": {"type": "Polygon", "coordinates": [[[-121.96436, 38.04741], [-121.96328, 38.04909], [-121.96454, 38.0506], [-121.96688, 38.05043], [-121.96797, 38.04875], [-121.96671, 38.04724], [-121.96436, 38.04741]]]}}, {"type": "Feature", "properties": {"id": 184, "name": "Shore Acres NE 11", "lst": 22.97, "green": 0.0, "pop": 0, "pct65": 12.9, "ac": 65.05, "holc": null, "access_min": 108.1, "access_km": 8.65, "score": null, "rank": null, "area_m2": 109524, "street_m": 0, "canopy_m2": 0.0, "row_m2": 0.0, "row_canopy": 0.0, "veg": 0.0, "place": "empty", "land": "open water", "green_src": "canopy", "canopy_source": "chm-legacy", "canopy_year": "2009-2020", "assessed_m2": 178666.56, "coverage_frac": 1.0, "canopy_quality": "full", "scenario_ok": false, "canopy_baseline_ok": false, "ac_src": "income-model", "ac_coverage": null, "acs_year": 2024, "access_snap_m": 903.0, "access_quality": "approach-review", "access_src": "routed", "city": "Bay Point", "city_kind": "cdp", "inside_frac": 1.0, "rank_lo": null, "rank_hi": null, "rank_top_share": null}, "geometry": {"type": "Polygon", "coordinates": [[[-121.95733, 38.04793], [-121.95624, 38.04961], [-121.9575, 38.05111], [-121.95985, 38.05094], [-121.96093, 38.04926], [-121.95967, 38.04776], [-121.95733, 38.04793]]]}}, {"type": "Feature", "properties": {"id": 185, "name": "Shore Acres SE", "lst": 45.87, "green": 8.78, "pop": 424, "pct65": 9.6, "ac": 73.6, "holc": null, "access_min": 99.0, "access_km": 7.92, "score": 78.4, "rank": 38.0, "area_m2": 109534, "street_m": 1165, "canopy_m2": 9627.0, "row_m2": 0.0, "row_canopy": 0.0, "veg": 12.6, "place": "res", "land": null, "green_src": "canopy", "canopy_source": "usfs-2022", "canopy_year": "2022", "assessed_m2": 109598.4, "coverage_frac": 0.9999814812253528, "canopy_quality": "full", "scenario_ok": true, "canopy_baseline_ok": true, "ac_src": "lace", "ac_coverage": 1.0, "acs_year": 2024, "access_snap_m": 71.0, "access_quality": "network-estimate", "access_src": "routed", "city": "Bay Point", "city_kind": "cdp", "inside_frac": 1.0, "rank_lo": 11, "rank_hi": 85, "rank_top_share": 0.74}, "geometry": {"type": "Polygon", "coordinates": [[[-121.96709, 38.03282], [-121.96601, 38.0345], [-121.96727, 38.03601], [-121.96961, 38.03584], [-121.97069, 38.03416], [-121.96943, 38.03265], [-121.96709, 38.03282]]]}}, {"type": "Feature", "properties": {"id": 186, "name": "Shore Acres SW", "lst": 45.02, "green": 13.92, "pop": 46, "pct65": 11.1, "ac": 73.6, "holc": null, "access_min": 97.1, "access_km": 7.77, "score": 35.1, "rank": 510.0, "area_m2": 109528, "street_m": 940, "canopy_m2": 15259.0, "row_m2": 0.0, "row_canopy": 0.0, "veg": 16.5, "place": "res", "land": null, "green_src": "canopy", "canopy_source": "usfs-2022", "canopy_year": "2022", "assessed_m2": 109592.64, "coverage_frac": 0.9999784370556848, "canopy_quality": "full", "scenario_ok": true, "canopy_baseline_ok": true, "ac_src": "lace", "ac_coverage": 1.0, "acs_year": 2024, "access_snap_m": 69.0, "access_quality": "network-estimate", "access_src": "routed", "city": "Bay Point", "city_kind": "cdp", "inside_frac": 1.0, "rank_lo": 443, "rank_hi": 528, "rank_top_share": 0.0}, "geometry": {"type": "Polygon", "coordinates": [[[-121.97069, 38.03416], [-121.96961, 38.03584], [-121.97087, 38.03734], [-121.97321, 38.03717], [-121.9743, 38.03549], [-121.97304, 38.03399], [-121.97069, 38.03416]]]}}, {"type": "Feature", "properties": {"id": 187, "name": "Shore Acres E", "lst": 45.94, "green": 13.08, "pop": 734, "pct65": 9.3, "ac": 73.6, "holc": null, "access_min": 98.5, "access_km": 7.88, "score": 66.2, "rank": 108.0, "area_m2": 109535, "street_m": 1500, "canopy_m2": 14336.0, "row_m2": 0.0, "row_canopy": 0.0, "veg": 13.0, "place": "res", "land": null, "green_src": "canopy", "canopy_source": "usfs-2022", "canopy_year": "2022", "assessed_m2": 109599.48, "coverage_frac": 0.9999809984390174, "canopy_quality": "full", "scenario_ok": true, "canopy_baseline_ok": true, "ac_src": "lace", "ac_coverage": 1.0, "acs_year": 2024, "access_snap_m": 108.0, "access_quality": "approach-review", "access_src": "routed", "city": "Bay Point", "city_kind": "cdp", "inside_frac": 1.0, "rank_lo": 38, "rank_hi": 293, "rank_top_share": 0.16}, "geometry": {"type": "Polygon", "coordinates": [[[-121.96366, 38.03467], [-121.96258, 38.03635], [-121.96384, 38.03786], [-121.96618, 38.03769], [-121.96727, 38.03601], [-121.96601, 38.0345], [-121.96366, 38.03467]]]}}, {"type": "Feature", "properties": {"id": 188, "name": "Shore Acres", "lst": 46.12, "green": 10.69, "pop": 481, "pct65": 9.5, "ac": 73.6, "holc": null, "access_min": 102.3, "access_km": 8.19, "score": 75.3, "rank": 58.0, "area_m2": 109529, "street_m": 1680, "canopy_m2": 11716.0, "row_m2": 0.0, "row_canopy": 0.0, "veg": 13.5, "place": "res", "land": null, "green_src": "canopy", "canopy_source": "usfs-2022", "canopy_year": "2022", "assessed_m2": 109598.76, "coverage_frac": 1.0, "canopy_quality": "full", "scenario_ok": true, "canopy_baseline_ok": true, "ac_src": "lace", "ac_coverage": 1.0, "acs_year": 2024, "access_snap_m": 190.0, "access_quality": "approach-review", "access_src": "routed", "city": "Bay Point", "city_kind": "cdp", "inside_frac": 1.0, "rank_lo": 20, "rank_hi": 146, "rank_top_share": 0.45}, "geometry": {"type": "Polygon", "coordinates": [[[-121.96727, 38.03601], [-121.96618, 38.03769], [-121.96744, 38.03919], [-121.96979, 38.03902], [-121.97087, 38.03734], [-121.96961, 38.03584], [-121.96727, 38.03601]]]}}, {"type": "Feature", "properties": {"id": 189, "name": "Mariners Bay Mobile Home Park SE", "lst": 42.72, "green": 14.44, "pop": 259, "pct65": 10.0, "ac": 73.6, "holc": null, "access_min": 93.0, "access_km": 7.44, "score": 46.6, "rank": 381.0, "area_m2": 109538, "street_m": 272, "canopy_m2": 15828.0, "row_m2": 0.0, "row_canopy": 0.0, "veg": 26.0, "place": "res", "land": null, "green_src": "canopy", "canopy_source": "usfs-2022", "canopy_year": "2022", "assessed_m2": 109602.0, "coverage_frac": 0.9999751655677463, "canopy_quality": "full", "scenario_ok": true, "canopy_baseline_ok": true, "ac_src": "lace", "ac_coverage": 1.0, "acs_year": 2024, "access_snap_m": 194.0, "access_quality": "approach-review", "access_src": "routed", "city": "Bay Point", "city_kind": "cdp", "inside_frac": 1.0, "rank_lo": 201, "rank_hi": 482, "rank_top_share": 0.0}, "geometry": {"type": "Polygon", "coordinates": [[[-121.96691, 38.02964], [-121.96583, 38.03131], [-121.96709, 38.03282], [-121.96943, 38.03265], [-121.97052, 38.03097], [-121.96926, 38.02947], [-121.96691, 38.02964]]]}}, {"type": "Feature", "properties": {"id": 190, "name": "Mariners Bay Mobile Home Park", "lst": 44.24, "green": 6.43, "pop": 256, "pct65": 10.0, "ac": 73.6, "holc": null, "access_min": 93.7, "access_km": 7.5, "score": 72.0, "rank": 73.0, "area_m2": 109533, "street_m": 1885, "canopy_m2": 7047.0, "row_m2": 0.0, "row_canopy": 0.0, "veg": 12.6, "place": "res", "land": null, "green_src": "canopy", "canopy_source": "usfs-2022", "canopy_year": "2022", "assessed_m2": 109597.32, "coverage_frac": 0.9999819736355012, "canopy_quality": "full", "scenario_ok": true, "canopy_baseline_ok": true, "ac_src": "lace", "ac_coverage": 1.0, "acs_year": 2024, "access_snap_m": 85.0, "access_quality": "network-estimate", "access_src": "routed", "city": "Bay Point", "city_kind": "cdp", "inside_frac": 1.0, "rank_lo": 29, "rank_hi": 123, "rank_top_share": 0.29}, "geometry": {"type": "Polygon", "coordinates": [[[-121.97052, 38.03097], [-121.96943, 38.03265], [-121.97069, 38.03416], [-121.97304, 38.03399], [-121.97412, 38.03231], [-121.97286, 38.0308], [-121.97052, 38.03097]]]}}, {"type": "Feature", "properties": {"id": 191, "name": "Shore Acres SE 2", "lst": 44.97, "green": 10.33, "pop": 325, "pct65": 9.8, "ac": 73.6, "holc": null, "access_min": 93.9, "access_km": 7.52, "score": 64.8, "rank": 122.0, "area_m2": 109539, "street_m": 878, "canopy_m2": 11324.0, "row_m2": 0.0, "row_canopy": 0.0, "veg": 17.1, "place": "res", "land": null, "green_src": "canopy", "canopy_source": "usfs-2022", "canopy_year": "2022", "assessed_m2": 109604.88, "coverage_frac": 0.9999910998038836, "canopy_quality": "full", "scenario_ok": true, "canopy_baseline_ok": true, "ac_src": "lace", "ac_coverage": 1.0, "acs_year": 2024, "access_snap_m": 81.0, "access_quality": "network-estimate", "access_src": "routed", "city": "Bay Point", "city_kind": "cdp", "inside_frac": 1.0, "rank_lo": 67, "rank_hi": 242, "rank_top_share": 0.033}, "geometry": {"type": "Polygon", "coordinates": [[[-121.96349, 38.03149], [-121.9624, 38.03316], [-121.96366, 38.03467], [-121.96601, 38.0345], [-121.96709, 38.03282], [-121.96583, 38.03131], [-121.96349, 38.03149]]]}}, {"type": "Feature", "properties": {"id": 192, "name": "Shore Acres NW 2", "lst": 43.98, "green": 11.3, "pop": 40, "pct65": 11.3, "ac": 73.6, "holc": null, "access_min": 99.1, "access_km": 7.93, "score": 41.2, "rank": 464.0, "area_m2": 109518, "street_m": 1020, "canopy_m2": 8057.0, "row_m2": 0.0, "row_canopy": 0.0, "veg": 16.2, "place": "res", "land": null, "green_src": "canopy", "canopy_source": "usfs-2022", "canopy_year": "2022", "assessed_m2": 71303.04, "coverage_frac": 0.6506625551369601, "canopy_quality": "partial", "scenario_ok": true, "canopy_baseline_ok": false, "ac_src": "lace", "ac_coverage": 1.0, "acs_year": 2024, "access_snap_m": 31.0, "access_quality": "network-estimate", "access_src": "routed", "city": "Bay Point", "city_kind": "cdp", "inside_frac": 0.86, "rank_lo": 314, "rank_hi": 495, "rank_top_share": 0.0}, "geometry": {"type": "Polygon", "coordinates": [[[-121.97447, 38.03868], [-121.97339, 38.04036], [-121.97465, 38.04187], [-121.97699, 38.04169], [-121.97808, 38.04002], [-121.97682, 38.03851], [-121.97447, 38.03868]]]}}, {"type": "Feature", "properties": {"id": 193, "name": "Shore Acres NW 3", "lst": 43.57, "green": 1.0, "pop": 6, "pct65": 12.6, "ac": 73.6, "holc": null, "access_min": 98.0, "access_km": 7.84, "score": 63.2, "rank": 146.0, "area_m2": 109513, "street_m": 0, "canopy_m2": 0.0, "row_m2": 0.0, "row_canopy": 0.0, "veg": 19.6, "place": "res", "land": null, "green_src": "canopy", "canopy_source": "lidar-2020", "canopy_year": "2020", "assessed_m2": 109512.9, "coverage_frac": 1.0, "canopy_quality": "lidar", "scenario_ok": false, "canopy_baseline_ok": false, "ac_src": "lace", "ac_coverage": 1.0, "acs_year": 2024, "access_snap_m": 294.0, "access_quality": "approach-review", "access_src": "routed", "city": "Bay Point", "city_kind": "cdp", "inside_frac": 0.124, "rank_lo": 77, "rank_hi": 199, "rank_top_share": 0.007}, "geometry": {"type": "Polygon", "coordinates": [[[-121.97808, 38.04002], [-121.97699, 38.04169], [-121.97825, 38.0432], [-121.9806, 38.04303], [-121.98168, 38.04135], [-121.98042, 38.03984], [-121.97808, 38.04002]]]}}, {"type": "Feature", "properties": {"id": 194, "name": "Shore Acres N 2", "lst": 37.39, "green": 4.07, "pop": 0, "pct65": 12.9, "ac": 65.05, "holc": null, "access_min": 103.7, "access_km": 8.29, "score": null, "rank": null, "area_m2": 109520, "street_m": 253, "canopy_m2": 1485.0, "row_m2": 0.0, "row_canopy": 0.0, "veg": 27.3, "place": "activity", "land": null, "green_src": "canopy", "canopy_source": "usfs-2022", "canopy_year": "2022", "assessed_m2": 36511.56, "coverage_frac": 0.3331759663651681, "canopy_quality": "partial", "scenario_ok": true, "canopy_baseline_ok": false, "ac_src": "income-model", "ac_coverage": null, "acs_year": 2024, "access_snap_m": 340.0, "access_quality": "approach-review", "access_src": "routed", "city": "Bay Point", "city_kind": "cdp", "inside_frac": 0.082, "rank_lo": null, "rank_hi": null, "rank_top_share": null}, "geometry": {"type": "Polygon", "coordinates": [[[-121.97105, 38.04053], [-121.96996, 38.04221], [-121.97122, 38.04372], [-121.97357, 38.04354], [-121.97465, 38.04187], [-121.97339, 38.04036], [-121.97105, 38.04053]]]}}, {"type": "Feature", "properties": {"id": 195, "name": "Shore Acres W", "lst": 45.54, "green": 11.5, "pop": 46, "pct65": 11.1, "ac": 73.6, "holc": null, "access_min": 94.5, "access_km": 7.56, "score": 40.9, "rank": 467.0, "area_m2": 109523, "street_m": 1369, "canopy_m2": 12604.0, "row_m2": 0.0, "row_canopy": 0.0, "veg": 14.1, "place": "res", "land": null, "green_src": "canopy", "canopy_source": "usfs-2022", "canopy_year": "2022", "assessed_m2": 109586.88, "coverage_frac": 0.999975398328332, "canopy_quality": "full", "scenario_ok": true, "canopy_baseline_ok": true, "ac_src": "lace", "ac_coverage": 1.0, "acs_year": 2024, "access_snap_m": 162.0, "access_quality": "approach-review", "access_src": "routed", "city": "Bay Point", "city_kind": "cdp", "inside_frac": 1.0, "rank_lo": 317, "rank_hi": 497, "rank_top_share": 0.0}, "geometry": {"type": "Polygon", "coordinates": [[[-121.9743, 38.03549], [-121.97321, 38.03717], [-121.97447, 38.03868], [-121.97682, 38.03851], [-121.9779, 38.03683], [-121.97664, 38.03532], [-121.9743, 38.03549]]]}}, {"type": "Feature", "properties": {"id": 196, "name": "Shore Acres W 2", "lst": 45.96, "green": 3.73, "pop": 19, "pct65": 12.0, "ac": 73.6, "holc": null, "access_min": 93.6, "access_km": 7.49, "score": 57.8, "rank": 198.0, "area_m2": 109517, "street_m": 497, "canopy_m2": 995.0, "row_m2": 0.0, "row_canopy": 0.0, "veg": 10.8, "place": "res", "land": null, "green_src": "canopy", "canopy_source": "usfs-2022", "canopy_year": "2022", "assessed_m2": 26681.04, "coverage_frac": 0.2434753602759888, "canopy_quality": "partial", "scenario_ok": true, "canopy_baseline_ok": false, "ac_src": "lace", "ac_coverage": 1.0, "acs_year": 2024, "access_snap_m": 120.0, "access_quality": "approach-review", "access_src": "routed", "city": "Bay Point", "city_kind": "cdp", "inside_frac": 0.403, "rank_lo": 130, "rank_hi": 240, "rank_top_share": 0.0}, "geometry": {"type": "Polygon", "coordinates": [[[-121.9779, 38.03683], [-121.97682, 38.03851], [-121.97808, 38.04002], [-121.98042, 38.03984], [-121.98151, 38.03817], [-121.98025, 38.03666], [-121.9779, 38.03683]]]}}, {"type": "Feature", "properties": {"id": 197, "name": "Shore Acres NW", "lst": 46.04, "green": 9.6, "pop": 46, "pct65": 11.1, "ac": 73.6, "holc": null, "access_min": 101.1, "access_km": 8.09, "score": 45.5, "rank": 407.0, "area_m2": 109524, "street_m": 1710, "canopy_m2": 10520.0, "row_m2": 0.0, "row_canopy": 0.0, "veg": 13.8, "place": "res", "land": null, "green_src": "canopy", "canopy_source": "usfs-2022", "canopy_year": "2022", "assessed_m2": 109588.32, "coverage_frac": 0.999978192353288, "canopy_quality": "full", "scenario_ok": true, "canopy_baseline_ok": true, "ac_src": "lace", "ac_coverage": 1.0, "acs_year": 2024, "access_snap_m": 35.0, "access_quality": "network-estimate", "access_src": "routed", "city": "Bay Point", "city_kind": "cdp", "inside_frac": 0.998, "rank_lo": 249, "rank_hi": 459, "rank_top_share": 0.0}, "geometry": {"type": "Polygon", "coordinates": [[[-121.97087, 38.03734], [-121.96979, 38.03902], [-121.97105, 38.04053], [-121.97339, 38.04036], [-121.97447, 38.03868], [-121.97321, 38.03717], [-121.97087, 38.03734]]]}}, {"type": "Feature", "properties": {"id": 198, "name": "Anchor Square Apartments NE", "lst": 44.52, "green": 1.31, "pop": 148, "pct65": 14.5, "ac": 76.1, "holc": null, "access_min": 91.3, "access_km": 7.31, "score": 79.1, "rank": 33.0, "area_m2": 109541, "street_m": 0, "canopy_m2": 1263.0, "row_m2": 0.0, "row_canopy": 0.0, "veg": 10.8, "place": "res", "land": null, "green_src": "canopy", "canopy_source": "usfs-2022", "canopy_year": "2022", "assessed_m2": 96315.48, "coverage_frac": 0.8787257778749702, "canopy_quality": "partial", "scenario_ok": false, "canopy_baseline_ok": false, "ac_src": "lace", "ac_coverage": 1.0, "acs_year": 2024, "access_snap_m": 168.0, "access_quality": "approach-review", "access_src": "routed", "city": "Bay Point", "city_kind": "cdp", "inside_frac": 1.0, "rank_lo": 13, "rank_hi": 72, "rank_top_share": 0.877}, "geometry": {"type": "Polygon", "coordinates": [[[-121.95663, 38.03518], [-121.95554, 38.03686], [-121.9568, 38.03837], [-121.95915, 38.0382], [-121.96023, 38.03652], [-121.95897, 38.03501], [-121.95663, 38.03518]]]}}, {"type": "Feature", "properties": {"id": 199, "name": "Shore Acres E 2", "lst": 45.01, "green": 6.64, "pop": 234, "pct65": 10.3, "ac": 73.99, "holc": null, "access_min": 95.2, "access_km": 7.62, "score": 69.3, "rank": 90.0, "area_m2": 109536, "street_m": 764, "canopy_m2": 4942.0, "row_m2": 0.0, "row_canopy": 0.0, "veg": 7.2, "place": "res", "land": null, "green_src": "canopy", "canopy_source": "usfs-2022", "canopy_year": "2022", "assessed_m2": 74404.8, "coverage_frac": 0.6788592229219538, "canopy_quality": "partial", "scenario_ok": true, "canopy_baseline_ok": false, "ac_src": "lace", "ac_coverage": 1.0, "acs_year": 2024, "access_snap_m": 119.0, "access_quality": "approach-review", "access_src": "routed", "city": "Bay Point", "city_kind": "cdp", "inside_frac": 1.0, "rank_lo": 57, "rank_hi": 130, "rank_top_share": 0.053}, "geometry": {"type": "Polygon", "coordinates": [[[-121.96023, 38.03652], [-121.95915, 38.0382], [-121.96041, 38.03971], [-121.96275, 38.03954], [-121.96384, 38.03786], [-121.96258, 38.03635], [-121.96023, 38.03652]]]}}, {"type": "Feature", "properties": {"id": 200, "name": "Anchor Square Apartments NE 2", "lst": 41.19, "green": 0.36, "pop": 109, "pct65": 7.9, "ac": 76.1, "holc": null, "access_min": 87.0, "access_km": 6.96, "score": 69.2, "rank": 92.0, "area_m2": 109542, "street_m": 0, "canopy_m2": 0.0, "row_m2": 0.0, "row_canopy": 0.0, "veg": 13.8, "place": "res", "land": null, "green_src": "canopy", "canopy_source": "lidar-2020", "canopy_year": "2020", "assessed_m2": 109542.4, "coverage_frac": 1.0, "canopy_quality": "lidar", "scenario_ok": false, "canopy_baseline_ok": false, "ac_src": "lace", "ac_coverage": 1.0, "acs_year": 2024, "access_snap_m": 380.0, "access_quality": "approach-review", "access_src": "routed", "city": "Bay Point", "city_kind": "cdp", "inside_frac": 1.0, "rank_lo": 36, "rank_hi": 123, "rank_top_share": 0.193}, "geometry": {"type": "Polygon", "coordinates": [[[-121.9532, 38.03703], [-121.95211, 38.03871], [-121.95337, 38.04022], [-121.95572, 38.04005], [-121.9568, 38.03837], [-121.95554, 38.03686], [-121.9532, 38.03703]]]}}, {"type": "Feature", "properties": {"id": 201, "name": "Shore Acres E 3", "lst": 34.38, "green": 0.57, "pop": 0, "pct65": 12.9, "ac": 65.05, "holc": null, "access_min": 92.2, "access_km": 7.37, "score": null, "rank": null, "area_m2": 109537, "street_m": 0, "canopy_m2": 625.0, "row_m2": 0.0, "row_canopy": 0.0, "veg": 0.0, "place": "empty", "land": "open water", "green_src": "canopy", "canopy_source": "chm-legacy", "canopy_year": "2009-2020", "assessed_m2": 178640.64, "coverage_frac": 1.0, "canopy_quality": "full", "scenario_ok": false, "canopy_baseline_ok": false, "ac_src": "income-model", "ac_coverage": null, "acs_year": 2024, "access_snap_m": 235.0, "access_quality": "approach-review", "access_src": "routed", "city": "Bay Point", "city_kind": "cdp", "inside_frac": 1.0, "rank_lo": null, "rank_hi": null, "rank_top_share": null}, "geometry": {"type": "Polygon", "coordinates": [[[-121.9568, 38.03837], [-121.95572, 38.04005], [-121.95698, 38.04156], [-121.95932, 38.04138], [-121.96041, 38.03971], [-121.95915, 38.0382], [-121.9568, 38.03837]]]}}, {"type": "Feature", "properties": {"id": 202, "name": "Club Marina NE", "lst": 46.53, "green": 7.21, "pop": 174, "pct65": 14.2, "ac": 76.1, "holc": null, "access_min": 86.9, "access_km": 6.95, "score": 64.7, "rank": 125.0, "area_m2": 109546, "street_m": 1037, "canopy_m2": 7905.0, "row_m2": 0.0, "row_canopy": 0.0, "veg": 13.6, "place": "res", "land": null, "green_src": "canopy", "canopy_source": "usfs-2022", "canopy_year": "2022", "assessed_m2": 109608.12, "coverage_frac": 0.9999608368868989, "canopy_quality": "full", "scenario_ok": true, "canopy_baseline_ok": true, "ac_src": "lace", "ac_coverage": 1.0, "acs_year": 2024, "access_snap_m": 177.0, "access_quality": "approach-review", "access_src": "routed", "city": "Bay Point", "city_kind": "cdp", "inside_frac": 1.0, "rank_lo": 88, "rank_hi": 192, "rank_top_share": 0.003}, "geometry": {"type": "Polygon", "coordinates": [[[-121.95645, 38.032], [-121.95537, 38.03368], [-121.95663, 38.03518], [-121.95897, 38.03501], [-121.96006, 38.03333], [-121.9588, 38.03183], [-121.95645, 38.032]]]}}, {"type": "Feature", "properties": {"id": 203, "name": "Anchor Square Apartments", "lst": 46.63, "green": 13.37, "pop": 500, "pct65": 10.1, "ac": 73.85, "holc": null, "access_min": 93.0, "access_km": 7.44, "score": 66.1, "rank": 109.0, "area_m2": 109540, "street_m": 1250, "canopy_m2": 14660.0, "row_m2": 0.0, "row_canopy": 0.0, "veg": 12.6, "place": "res", "land": null, "green_src": "canopy", "canopy_source": "usfs-2022", "canopy_year": "2022", "assessed_m2": 109608.12, "coverage_frac": 1.0, "canopy_quality": "full", "scenario_ok": true, "canopy_baseline_ok": true, "ac_src": "lace", "ac_coverage": 1.0, "acs_year": 2024, "access_snap_m": 39.0, "access_quality": "network-estimate", "access_src": "routed", "city": "Bay Point", "city_kind": "cdp", "inside_frac": 1.0, "rank_lo": 55, "rank_hi": 323, "rank_top_share": 0.057}, "geometry": {"type": "Polygon", "coordinates": [[[-121.96006, 38.03333], [-121.95897, 38.03501], [-121.96023, 38.03652], [-121.96258, 38.03635], [-121.96366, 38.03467], [-121.9624, 38.03316], [-121.96006, 38.03333]]]}}, {"type": "Feature", "properties": {"id": 204, "name": "Anchor Square Apartments E", "lst": 43.2, "green": 0.94, "pop": 153, "pct65": 15.0, "ac": 76.1, "holc": null, "access_min": 86.1, "access_km": 6.89, "score": 81.4, "rank": 26.0, "area_m2": 109547, "street_m": 0, "canopy_m2": 1005.0, "row_m2": 0.0, "row_canopy": 0.0, "veg": 15.9, "place": "res", "land": null, "green_src": "canopy", "canopy_source": "usfs-2022", "canopy_year": "2022", "assessed_m2": 106441.92, "coverage_frac": 0.9710654027835528, "canopy_quality": "partial", "scenario_ok": false, "canopy_baseline_ok": false, "ac_src": "lace", "ac_coverage": 1.0, "acs_year": 2024, "access_snap_m": 325.0, "access_quality": "approach-review", "access_src": "routed", "city": "Bay Point", "city_kind": "cdp", "inside_frac": 1.0, "rank_lo": 7, "rank_hi": 60, "rank_top_share": 0.933}, "geometry": {"type": "Polygon", "coordinates": [[[-121.95302, 38.03385], [-121.95194, 38.03553], [-121.9532, 38.03703], [-121.95554, 38.03686], [-121.95663, 38.03518], [-121.95537, 38.03368], [-121.95302, 38.03385]]]}}, {"type": "Feature", "properties": {"id": 205, "name": "Positano at San Marco W 11", "lst": 45.97, "green": 3.94, "pop": 13, "pct65": 12.0, "ac": 95.63, "holc": null, "access_min": 46.8, "access_km": 3.75, "score": 38.0, "rank": 486.0, "area_m2": 109534, "street_m": 415, "canopy_m2": 3062.0, "row_m2": 0.0, "row_canopy": 0.0, "veg": 9.1, "place": "res", "land": null, "green_src": "canopy", "canopy_source": "usfs-2022", "canopy_year": "2022", "assessed_m2": 77672.52, "coverage_frac": 0.7086915087783388, "canopy_quality": "partial", "scenario_ok": true, "canopy_baseline_ok": false, "ac_src": "lace", "ac_coverage": 1.0, "acs_year": 2024, "access_snap_m": 261.0, "access_quality": "approach-review", "access_src": "routed", "city": "Bay Point", "city_kind": "cdp", "inside_frac": 0.763, "rank_lo": 434, "rank_hi": 513, "rank_top_share": 0.0}, "geometry": {"type": "Polygon", "coordinates": [[[-121.99416, 38.01165], [-121.99308, 38.01333], [-121.99434, 38.01484], [-121.99668, 38.01467], [-121.99776, 38.01299], [-121.9965, 38.01148], [-121.99416, 38.01165]]]}}, {"type": "Feature", "properties": {"id": 206, "name": "Positano at San Marco W 12", "lst": 45.83, "green": 1.83, "pop": 26, "pct65": 12.5, "ac": 93.68, "holc": null, "access_min": 49.7, "access_km": 3.98, "score": 46.2, "rank": 389.0, "area_m2": 109528, "street_m": 932, "canopy_m2": 359.0, "row_m2": 0.0, "row_canopy": 0.0, "veg": 6.8, "place": "res", "land": null, "green_src": "canopy", "canopy_source": "usfs-2022", "canopy_year": "2022", "assessed_m2": 19679.76, "coverage_frac": 0.1795689104006634, "canopy_quality": "partial", "scenario_ok": true, "canopy_baseline_ok": false, "ac_src": "lace", "ac_coverage": 1.0, "acs_year": 2024, "access_snap_m": 38.0, "access_quality": "network-estimate", "access_src": "routed", "city": "Bay Point", "city_kind": "cdp", "inside_frac": 1.0, "rank_lo": 327, "rank_hi": 432, "rank_top_share": 0.0}, "geometry": {"type": "Polygon", "coordinates": [[[-121.99776, 38.01299], [-121.99668, 38.01467], [-121.99794, 38.01617], [-122.00028, 38.016], [-122.00137, 38.01432], [-122.00011, 38.01282], [-121.99776, 38.01299]]]}}, {"type": "Feature", "properties": {"id": 207, "name": "Positano at San Marco W 7", "lst": 44.28, "green": 0.42, "pop": 14, "pct65": 12.1, "ac": 95.41, "holc": null, "access_min": 51.9, "access_km": 4.15, "score": 46.5, "rank": 383.0, "area_m2": 109535, "street_m": 374, "canopy_m2": 350.0, "row_m2": 0.0, "row_canopy": 0.0, "veg": 9.2, "place": "res", "land": null, "green_src": "canopy", "canopy_source": "usfs-2022", "canopy_year": "2022", "assessed_m2": 83780.64, "coverage_frac": 0.7644146110948465, "canopy_quality": "partial", "scenario_ok": true, "canopy_baseline_ok": false, "ac_src": "lace", "ac_coverage": 1.0, "acs_year": 2024, "access_snap_m": 206.0, "access_quality": "approach-review", "access_src": "routed", "city": "Bay Point", "city_kind": "cdp", "inside_frac": 0.764, "rank_lo": 307, "rank_hi": 433, "rank_top_share": 0.0}, "geometry": {"type": "Polygon", "coordinates": [[[-121.99073, 38.0135], [-121.98965, 38.01518], [-121.99091, 38.01669], [-121.99325, 38.01652], [-121.99434, 38.01484], [-121.99308, 38.01333], [-121.99073, 38.0135]]]}}, {"type": "Feature", "properties": {"id": 208, "name": "Positano at San Marco W 10", "lst": 46.13, "green": 0.27, "pop": 28, "pct65": 12.7, "ac": 93.34, "holc": null, "access_min": 51.3, "access_km": 4.1, "score": 50.5, "rank": 281.0, "area_m2": 109529, "street_m": 591, "canopy_m2": 122.0, "row_m2": 0.0, "row_canopy": 0.0, "veg": 10.5, "place": "res", "land": null, "green_src": "canopy", "canopy_source": "usfs-2022", "canopy_year": "2022", "assessed_m2": 44941.32, "coverage_frac": 0.4100649446072453, "canopy_quality": "partial", "scenario_ok": true, "canopy_baseline_ok": false, "ac_src": "lace", "ac_coverage": 1.0, "acs_year": 2024, "access_snap_m": 343.0, "access_quality": "approach-review", "access_src": "routed", "city": "Bay Point", "city_kind": "cdp", "inside_frac": 1.0, "rank_lo": 210, "rank_hi": 333, "rank_top_share": 0.0}, "geometry": {"type": "Polygon", "coordinates": [[[-121.99434, 38.01484], [-121.99325, 38.01652], [-121.99451, 38.01802], [-121.99686, 38.01785], [-121.99794, 38.01617], [-121.99668, 38.01467], [-121.99434, 38.01484]]]}}, {"type": "Feature", "properties": {"id": 209, "name": "Positano at San Marco SW 4", "lst": 47.05, "green": 0.0, "pop": 0, "pct65": 12.9, "ac": 95.8, "holc": null, "access_min": 46.2, "access_km": 3.7, "score": null, "rank": null, "area_m2": 109538, "street_m": 0, "canopy_m2": 0.0, "row_m2": 0.0, "row_canopy": 0.0, "veg": 11.7, "place": "empty", "land": "grassland", "green_src": "canopy", "canopy_source": "lidar-2020", "canopy_year": "2020", "assessed_m2": 109538.0, "coverage_frac": 1.0, "canopy_quality": "lidar", "scenario_ok": false, "canopy_baseline_ok": false, "ac_src": "lace", "ac_coverage": 1.0, "acs_year": 2024, "access_snap_m": 212.0, "access_quality": "approach-review", "access_src": "routed", "city": "Bay Point", "city_kind": "cdp", "inside_frac": 0.004, "rank_lo": null, "rank_hi": null, "rank_top_share": null}, "geometry": {"type": "Polygon", "coordinates": [[[-121.99398, 38.00847], [-121.9929, 38.01014], [-121.99416, 38.01165], [-121.9965, 38.01148], [-121.99759, 38.0098], [-121.99633, 38.00829], [-121.99398, 38.00847]]]}}, {"type": "Feature", "properties": {"id": 210, "name": "Positano at San Marco W 13", "lst": 45.64, "green": 0.45, "pop": 4, "pct65": 12.6, "ac": 95.8, "holc": null, "access_min": 45.5, "access_km": 3.64, "score": 45.7, "rank": 403.0, "area_m2": 109533, "street_m": 277, "canopy_m2": 0.0, "row_m2": 0.0, "row_canopy": 0.0, "veg": 14.0, "place": "res", "land": null, "green_src": "canopy", "canopy_source": "lidar-2020", "canopy_year": "2020", "assessed_m2": 109532.6, "coverage_frac": 1.0, "canopy_quality": "lidar", "scenario_ok": true, "canopy_baseline_ok": false, "ac_src": "lace", "ac_coverage": 1.0, "acs_year": 2024, "access_snap_m": 155.0, "access_quality": "approach-review", "access_src": "routed", "city": "Bay Point", "city_kind": "cdp", "inside_frac": 0.213, "rank_lo": 326, "rank_hi": 456, "rank_top_share": 0.0}, "geometry": {"type": "Polygon", "coordinates": [[[-121.99759, 38.0098], [-121.9965, 38.01148], [-121.99776, 38.01299], [-122.00011, 38.01282], [-122.00119, 38.01114], [-121.99993, 38.00963], [-121.99759, 38.0098]]]}}, {"type": "Feature", "properties": {"id": 211, "name": "Positano at San Marco W 9", "lst": 45.17, "green": 0.0, "pop": 0, "pct65": 12.9, "ac": 95.8, "holc": null, "access_min": 49.4, "access_km": 3.95, "score": null, "rank": null, "area_m2": 109539, "street_m": 0, "canopy_m2": 0.0, "row_m2": 0.0, "row_canopy": 0.0, "veg": 11.6, "place": "empty", "land": "grassland", "green_src": "canopy", "canopy_source": "lidar-2020", "canopy_year": "2020", "assessed_m2": 109539.1, "coverage_frac": 1.0, "canopy_quality": "lidar", "scenario_ok": false, "canopy_baseline_ok": false, "ac_src": "lace", "ac_coverage": 1.0, "acs_year": 2024, "access_snap_m": 468.0, "access_quality": "approach-review", "access_src": "routed", "city": "Bay Point", "city_kind": "cdp", "inside_frac": 0.0, "rank_lo": null, "rank_hi": null, "rank_top_share": null}, "geometry": {"type": "Polygon", "coordinates": [[[-121.99056, 38.01032], [-121.98947, 38.01199], [-121.99073, 38.0135], [-121.99308, 38.01333], [-121.99416, 38.01165], [-121.9929, 38.01014], [-121.99056, 38.01032]]]}}, {"type": "Feature", "properties": {"id": 212, "name": "Positano at San Marco S 3", "lst": 43.61, "green": 0.0, "pop": 16, "pct65": 12.7, "ac": 95.8, "holc": null, "access_min": 74.7, "access_km": 5.97, "score": 47.9, "rank": 341.0, "area_m2": 109557, "street_m": 0, "canopy_m2": 0.0, "row_m2": 0.0, "row_canopy": 0.0, "veg": 13.8, "place": "res", "land": null, "green_src": "canopy", "canopy_source": "usfs-2022", "canopy_year": "2022", "assessed_m2": 83710.08, "coverage_frac": 0.7636195574172981, "canopy_quality": "partial", "scenario_ok": false, "canopy_baseline_ok": false, "ac_src": "lace", "ac_coverage": 1.0, "acs_year": 2024, "access_snap_m": 391.0, "access_quality": "approach-review", "access_src": "routed", "city": "Pittsburg", "city_kind": "city", "inside_frac": 1.0, "rank_lo": 252, "rank_hi": 393, "rank_top_share": 0.0}, "geometry": {"type": "Polygon", "coordinates": [[[-121.97632, 38.00816], [-121.97524, 38.00984], [-121.9765, 38.01134], [-121.97884, 38.01117], [-121.97992, 38.00949], [-121.97866, 38.00799], [-121.97632, 38.00816]]]}}, {"type": "Feature", "properties": {"id": 213, "name": "Positano at San Marco SW 2", "lst": 43.79, "green": 0.0, "pop": 13, "pct65": 12.8, "ac": 95.8, "holc": null, "access_min": 62.3, "access_km": 4.99, "score": 47.7, "rank": 349.0, "area_m2": 109551, "street_m": 0, "canopy_m2": 0.0, "row_m2": 0.0, "row_canopy": 0.0, "veg": 13.4, "place": "res", "land": null, "green_src": "canopy", "canopy_source": "usfs-2022", "canopy_year": "2022", "assessed_m2": 22259.88, "coverage_frac": 0.2030689879013381, "canopy_quality": "partial", "scenario_ok": false, "canopy_baseline_ok": false, "ac_src": "lace", "ac_coverage": 1.0, "acs_year": 2024, "access_snap_m": 599.0, "access_quality": "approach-review", "access_src": "routed", "city": "Pittsburg", "city_kind": "city", "inside_frac": 0.833, "rank_lo": 260, "rank_hi": 406, "rank_top_share": 0.0}, "geometry": {"type": "Polygon", "coordinates": [[[-121.97992, 38.00949], [-121.97884, 38.01117], [-121.9801, 38.01268], [-121.98244, 38.01251], [-121.98353, 38.01083], [-121.98227, 38.00932], [-121.97992, 38.00949]]]}}, {"type": "Feature", "properties": {"id": 214, "name": "Positano at San Marco S 2", "lst": 45.9, "green": 0.0, "pop": 16, "pct65": 12.7, "ac": 95.8, "holc": null, "access_min": 113.0, "access_km": 9.04, "score": 47.9, "rank": 342.0, "area_m2": 109558, "street_m": 167, "canopy_m2": 0.0, "row_m2": 0.0, "row_canopy": 0.0, "veg": 10.4, "place": "res", "land": null, "green_src": "canopy", "canopy_source": "usfs-2022", "canopy_year": "2022", "assessed_m2": 109621.8, "coverage_frac": 0.99998088713444, "canopy_quality": "full", "scenario_ok": true, "canopy_baseline_ok": true, "ac_src": "lace", "ac_coverage": 1.0, "acs_year": 2024, "access_snap_m": 236.0, "access_quality": "approach-review", "access_src": "routed", "city": "Pittsburg", "city_kind": "city", "inside_frac": 1.0, "rank_lo": 253, "rank_hi": 394, "rank_top_share": 0.0}, "geometry": {"type": "Polygon", "coordinates": [[[-121.97289, 38.01001], [-121.97181, 38.01168], [-121.97307, 38.01319], [-121.97541, 38.01302], [-121.9765, 38.01134], [-121.97524, 38.00984], [-121.97289, 38.01001]]]}}, {"type": "Feature", "properties": {"id": 215, "name": "Positano at San Marco S", "lst": 44.49, "green": 0.0, "pop": 16, "pct65": 12.7, "ac": 95.8, "holc": null, "access_min": 116.2, "access_km": 9.3, "score": 47.9, "rank": 343.0, "area_m2": 109552, "street_m": 71, "canopy_m2": 0.0, "row_m2": 0.0, "row_canopy": 0.0, "veg": 12.0, "place": "res", "land": null, "green_src": "canopy", "canopy_source": "usfs-2022", "canopy_year": "2022", "assessed_m2": 106250.04, "coverage_frac": 0.9692713374243256, "canopy_quality": "partial", "scenario_ok": true, "canopy_baseline_ok": false, "ac_src": "lace", "ac_coverage": 1.0, "acs_year": 2024, "access_snap_m": 401.0, "access_quality": "approach-review", "access_src": "routed", "city": "Pittsburg", "city_kind": "city", "inside_frac": 1.0, "rank_lo": 254, "rank_hi": 395, "rank_top_share": 0.0}, "geometry": {"type": "Polygon", "coordinates": [[[-121.9765, 38.01134], [-121.97541, 38.01302], [-121.97667, 38.01453], [-121.97902, 38.01436], [-121.9801, 38.01268], [-121.97884, 38.01117], [-121.9765, 38.01134]]]}}, {"type": "Feature", "properties": {"id": 216, "name": "Positano at San Marco S 6", "lst": 43.75, "green": 0.0, "pop": 11, "pct65": 12.8, "ac": 95.8, "holc": null, "access_min": 64.2, "access_km": 5.14, "score": 47.5, "rank": 354.0, "area_m2": 109561, "street_m": 0, "canopy_m2": 0.0, "row_m2": 0.0, "row_canopy": 0.0, "veg": 13.7, "place": "res", "land": null, "green_src": "canopy", "canopy_source": "chm-legacy", "canopy_year": "2009-2020", "assessed_m2": 178524.0, "coverage_frac": 1.0, "canopy_quality": "full", "scenario_ok": false, "canopy_baseline_ok": false, "ac_src": "lace", "ac_coverage": 1.0, "acs_year": 2024, "access_snap_m": 532.0, "access_quality": "approach-review", "access_src": "routed", "city": "Pittsburg", "city_kind": "city", "inside_frac": 0.665, "rank_lo": 272, "rank_hi": 409, "rank_top_share": 0.0}, "geometry": {"type": "Polygon", "coordinates": [[[-121.97615, 38.00497], [-121.97506, 38.00665], [-121.97632, 38.00816], [-121.97866, 38.00799], [-121.97975, 38.00631], [-121.97849, 38.0048], [-121.97615, 38.00497]]]}}, {"type": "Feature", "properties": {"id": 217, "name": "Positano at San Marco S 5", "lst": 43.89, "green": 0.0, "pop": 3, "pct65": 12.9, "ac": 95.8, "holc": null, "access_min": 60.0, "access_km": 4.8, "score": 46.9, "rank": 371.0, "area_m2": 109556, "street_m": 0, "canopy_m2": 0.0, "row_m2": 0.0, "row_canopy": 0.0, "veg": 13.1, "place": "res", "land": null, "green_src": "canopy", "canopy_source": "chm-legacy", "canopy_year": "2009-2020", "assessed_m2": 178516.8, "coverage_frac": 1.0, "canopy_quality": "full", "scenario_ok": false, "canopy_baseline_ok": false, "ac_src": "lace", "ac_coverage": 1.0, "acs_year": 2024, "access_snap_m": 499.0, "access_quality": "approach-review", "access_src": "routed", "city": "Pittsburg", "city_kind": "city", "inside_frac": 0.175, "rank_lo": 290, "rank_hi": 433, "rank_top_share": 0.0}, "geometry": {"type": "Polygon", "coordinates": [[[-121.97975, 38.00631], [-121.97866, 38.00799], [-121.97992, 38.00949], [-121.98227, 38.00932], [-121.98335, 38.00764], [-121.98209, 38.00614], [-121.97975, 38.00631]]]}}, {"type": "Feature", "properties": {"id": 218, "name": "Positano at San Marco S 4", "lst": 43.55, "green": 0.0, "pop": 16, "pct65": 12.7, "ac": 95.8, "holc": null, "access_min": 87.8, "access_km": 7.02, "score": 47.9, "rank": 344.0, "area_m2": 109562, "street_m": 0, "canopy_m2": 0.0, "row_m2": 0.0, "row_canopy": 0.0, "veg": 13.7, "place": "res", "land": null, "green_src": "canopy", "canopy_source": "usfs-2022", "canopy_year": "2022", "assessed_m2": 57827.88, "coverage_frac": 0.527491008084063, "canopy_quality": "partial", "scenario_ok": false, "canopy_baseline_ok": false, "ac_src": "lace", "ac_coverage": 1.0, "acs_year": 2024, "access_snap_m": 238.0, "access_quality": "approach-review", "access_src": "routed", "city": "Pittsburg", "city_kind": "city", "inside_frac": 1.0, "rank_lo": 255, "rank_hi": 396, "rank_top_share": 0.0}, "geometry": {"type": "Polygon", "coordinates": [[[-121.97272, 38.00682], [-121.97163, 38.0085], [-121.97289, 38.01001], [-121.97524, 38.00984], [-121.97632, 38.00816], [-121.97506, 38.00665], [-121.97272, 38.00682]]]}}, {"type": "Feature", "properties": {"id": 219, "name": "Positano at San Marco W 2", "lst": 45.26, "green": 1.44, "pop": 15, "pct65": 12.7, "ac": 95.8, "holc": null, "access_min": 62.1, "access_km": 4.97, "score": 44.5, "rank": 421.0, "area_m2": 109541, "street_m": 0, "canopy_m2": 1528.0, "row_m2": 0.0, "row_canopy": 0.0, "veg": 10.0, "place": "res", "land": null, "green_src": "canopy", "canopy_source": "usfs-2022", "canopy_year": "2022", "assessed_m2": 106151.76, "coverage_frac": 0.9684706714267474, "canopy_quality": "partial", "scenario_ok": false, "canopy_baseline_ok": false, "ac_src": "lace", "ac_coverage": 1.0, "acs_year": 2024, "access_snap_m": 145.0, "access_quality": "approach-review", "access_src": "routed", "city": "Pittsburg", "city_kind": "city", "inside_frac": 0.968, "rank_lo": 356, "rank_hi": 470, "rank_top_share": 0.0}, "geometry": {"type": "Polygon", "coordinates": [[[-121.9837, 38.01402], [-121.98262, 38.01569], [-121.98388, 38.0172], [-121.98622, 38.01703], [-121.98731, 38.01535], [-121.98605, 38.01384], [-121.9837, 38.01402]]]}}, {"type": "Feature", "properties": {"id": 220, "name": "Positano at San Marco W 4", "lst": 44.26, "green": 0.73, "pop": 17, "pct65": 11.9, "ac": 95.55, "holc": null, "access_min": 61.6, "access_km": 4.93, "score": 45.7, "rank": 401.0, "area_m2": 109536, "street_m": 367, "canopy_m2": 761.0, "row_m2": 0.0, "row_canopy": 0.0, "veg": 9.8, "place": "res", "land": null, "green_src": "canopy", "canopy_source": "usfs-2022", "canopy_year": "2022", "assessed_m2": 104508.36, "coverage_frac": 0.9535244095901124, "canopy_quality": "partial", "scenario_ok": true, "canopy_baseline_ok": false, "ac_src": "lace", "ac_coverage": 1.0, "acs_year": 2024, "access_snap_m": 215.0, "access_quality": "approach-review", "access_src": "routed", "city": "Bay Point", "city_kind": "cdp", "inside_frac": 0.954, "rank_lo": 325, "rank_hi": 449, "rank_top_share": 0.0}, "geometry": {"type": "Polygon", "coordinates": [[[-121.98731, 38.01535], [-121.98622, 38.01703], [-121.98748, 38.01854], [-121.98983, 38.01837], [-121.99091, 38.01669], [-121.98965, 38.01518], [-121.98731, 38.01535]]]}}, {"type": "Feature", "properties": {"id": 221, "name": "Positano at San Marco W", "lst": 47.06, "green": 0.15, "pop": 16, "pct65": 12.4, "ac": 95.8, "holc": null, "access_min": 64.0, "access_km": 5.12, "score": 47.3, "rank": 361.0, "area_m2": 109542, "street_m": 629, "canopy_m2": 168.0, "row_m2": 0.0, "row_canopy": 0.0, "veg": 9.5, "place": "res", "land": null, "green_src": "canopy", "canopy_source": "usfs-2022", "canopy_year": "2022", "assessed_m2": 109609.2, "coverage_frac": 1.0, "canopy_quality": "full", "scenario_ok": true, "canopy_baseline_ok": true, "ac_src": "lace", "ac_coverage": 1.0, "acs_year": 2024, "access_snap_m": 163.0, "access_quality": "approach-review", "access_src": "routed", "city": "Pittsburg", "city_kind": "city", "inside_frac": 1.0, "rank_lo": 276, "rank_hi": 413, "rank_top_share": 0.0}, "geometry": {"type": "Polygon", "coordinates": [[[-121.98028, 38.01587], [-121.97919, 38.01754], [-121.98045, 38.01905], [-121.9828, 38.01888], [-121.98388, 38.0172], [-121.98262, 38.01569], [-121.98028, 38.01587]]]}}, {"type": "Feature", "properties": {"id": 222, "name": "Positano at San Marco W 3", "lst": 44.95, "green": 0.97, "pop": 18, "pct65": 11.9, "ac": 95.47, "holc": null, "access_min": 61.3, "access_km": 4.9, "score": 45.3, "rank": 409.0, "area_m2": 109537, "street_m": 235, "canopy_m2": 1065.0, "row_m2": 0.0, "row_canopy": 0.0, "veg": 9.6, "place": "res", "land": null, "green_src": "canopy", "canopy_source": "usfs-2022", "canopy_year": "2022", "assessed_m2": 109601.28, "coverage_frac": 0.9999813251402906, "canopy_quality": "full", "scenario_ok": true, "canopy_baseline_ok": true, "ac_src": "lace", "ac_coverage": 1.0, "acs_year": 2024, "access_snap_m": 190.0, "access_quality": "approach-review", "access_src": "routed", "city": "Bay Point", "city_kind": "cdp", "inside_frac": 1.0, "rank_lo": 338, "rank_hi": 458, "rank_top_share": 0.0}, "geometry": {"type": "Polygon", "coordinates": [[[-121.98388, 38.0172], [-121.9828, 38.01888], [-121.98405, 38.02039], [-121.9864, 38.02022], [-121.98748, 38.01854], [-121.98622, 38.01703], [-121.98388, 38.0172]]]}}, {"type": "Feature", "properties": {"id": 223, "name": "Positano at San Marco SW 3", "lst": 44.49, "green": 0.0, "pop": 5, "pct65": 12.9, "ac": 95.8, "holc": null, "access_min": 66.5, "access_km": 5.32, "score": 47.1, "rank": 366.0, "area_m2": 109546, "street_m": 0, "canopy_m2": 0.0, "row_m2": 0.0, "row_canopy": 0.0, "veg": 13.0, "place": "res", "land": null, "green_src": "canopy", "canopy_source": "usfs-2022", "canopy_year": "2022", "assessed_m2": 36552.6, "coverage_frac": 0.33347291257565, "canopy_quality": "partial", "scenario_ok": false, "canopy_baseline_ok": false, "ac_src": "lace", "ac_coverage": 1.0, "acs_year": 2024, "access_snap_m": 434.0, "access_quality": "approach-review", "access_src": "routed", "city": "Pittsburg", "city_kind": "city", "inside_frac": 0.344, "rank_lo": 281, "rank_hi": 429, "rank_top_share": 0.0}, "geometry": {"type": "Polygon", "coordinates": [[[-121.98353, 38.01083], [-121.98244, 38.01251], [-121.9837, 38.01402], [-121.98605, 38.01384], [-121.98713, 38.01217], [-121.98587, 38.01066], [-121.98353, 38.01083]]]}}, {"type": "Feature", "properties": {"id": 224, "name": "Positano at San Marco W 5", "lst": 44.45, "green": 0.0, "pop": 0, "pct65": 12.9, "ac": 95.8, "holc": null, "access_min": 64.7, "access_km": 5.18, "score": null, "rank": null, "area_m2": 109540, "street_m": 0, "canopy_m2": 0.0, "row_m2": 0.0, "row_canopy": 0.0, "veg": 12.4, "place": "empty", "land": "grassland", "green_src": "canopy", "canopy_source": "lidar-2020", "canopy_year": "2020", "assessed_m2": 109540.2, "coverage_frac": 1.0, "canopy_quality": "lidar", "scenario_ok": false, "canopy_baseline_ok": false, "ac_src": "lace", "ac_coverage": 1.0, "acs_year": 2024, "access_snap_m": 307.0, "access_quality": "approach-review", "access_src": "routed", "city": "Bay Point", "city_kind": "cdp", "inside_frac": 0.003, "rank_lo": null, "rank_hi": null, "rank_top_share": null}, "geometry": {"type": "Polygon", "coordinates": [[[-121.98713, 38.01217], [-121.98605, 38.01384], [-121.98731, 38.01535], [-121.98965, 38.01518], [-121.99073, 38.0135], [-121.98947, 38.01199], [-121.98713, 38.01217]]]}}, {"type": "Feature", "properties": {"id": 225, "name": "Positano at San Marco SW", "lst": 44.91, "green": 0.0, "pop": 16, "pct65": 12.7, "ac": 95.8, "holc": null, "access_min": 67.1, "access_km": 5.37, "score": 47.9, "rank": 345.0, "area_m2": 109547, "street_m": 0, "canopy_m2": 0.0, "row_m2": 0.0, "row_canopy": 0.0, "veg": 12.8, "place": "res", "land": null, "green_src": "canopy", "canopy_source": "usfs-2022", "canopy_year": "2022", "assessed_m2": 109611.36, "coverage_frac": 0.999984654815166, "canopy_quality": "full", "scenario_ok": false, "canopy_baseline_ok": true, "ac_src": "lace", "ac_coverage": 1.0, "acs_year": 2024, "access_snap_m": 412.0, "access_quality": "approach-review", "access_src": "routed", "city": "Pittsburg", "city_kind": "city", "inside_frac": 1.0, "rank_lo": 256, "rank_hi": 397, "rank_top_share": 0.0}, "geometry": {"type": "Polygon", "coordinates": [[[-121.9801, 38.01268], [-121.97902, 38.01436], [-121.98028, 38.01587], [-121.98262, 38.01569], [-121.9837, 38.01402], [-121.98244, 38.01251], [-121.9801, 38.01268]]]}}, {"type": "Feature", "properties": {"id": 226, "name": "Positano at San Marco S 8", "lst": 44.05, "green": 0.27, "pop": 1, "pct65": 12.9, "ac": 95.8, "holc": null, "access_min": 63.9, "access_km": 5.11, "score": 46.1, "rank": 392.0, "area_m2": 109565, "street_m": 0, "canopy_m2": 297.0, "row_m2": 0.0, "row_canopy": 0.0, "veg": 13.4, "place": "res", "land": null, "green_src": "canopy", "canopy_source": "chm-legacy", "canopy_year": "2009-2020", "assessed_m2": 178502.4, "coverage_frac": 1.0, "canopy_quality": "full", "scenario_ok": false, "canopy_baseline_ok": false, "ac_src": "lace", "ac_coverage": 1.0, "acs_year": 2024, "access_snap_m": 415.0, "access_quality": "approach-review", "access_src": "routed", "city": "Pittsburg", "city_kind": "city", "inside_frac": 0.036, "rank_lo": 314, "rank_hi": 450, "rank_top_share": 0.0}, "geometry": {"type": "Polygon", "coordinates": [[[-121.97597, 38.00178], [-121.97489, 38.00346], [-121.97615, 38.00497], [-121.97849, 38.0048], [-121.97957, 38.00312], [-121.97831, 38.00161], [-121.97597, 38.00178]]]}}, {"type": "Feature", "properties": {"id": 227, "name": "California Skyline SW 13", "lst": 43.31, "green": 0.0, "pop": 29, "pct65": 12.7, "ac": 93.3, "holc": null, "access_min": 58.0, "access_km": 4.64, "score": 51.3, "rank": 260.0, "area_m2": 109518, "street_m": 0, "canopy_m2": 0.0, "row_m2": 0.0, "row_canopy": 0.0, "veg": 13.0, "place": "res", "land": null, "green_src": "canopy", "canopy_source": "chm-legacy", "canopy_year": "2009-2020", "assessed_m2": 178508.16, "coverage_frac": 1.0, "canopy_quality": "full", "scenario_ok": false, "canopy_baseline_ok": false, "ac_src": "lace", "ac_coverage": 1.0, "acs_year": 2024, "access_snap_m": 258.0, "access_quality": "approach-review", "access_src": "routed", "city": "Bay Point", "city_kind": "cdp", "inside_frac": 1.0, "rank_lo": 189, "rank_hi": 312, "rank_top_share": 0.0}, "geometry": {"type": "Polygon", "coordinates": [[[-122.00154, 38.01751], [-122.00046, 38.01919], [-122.00172, 38.0207], [-122.00406, 38.02052], [-122.00515, 38.01884], [-122.00389, 38.01734], [-122.00154, 38.01751]]]}}, {"type": "Feature", "properties": {"id": 228, "name": "California Skyline SW 14", "lst": 43.05, "green": 0.0, "pop": 9, "pct65": 12.8, "ac": 93.3, "holc": null, "access_min": 61.3, "access_km": 4.91, "score": 49.5, "rank": 300.0, "area_m2": 109513, "street_m": 0, "canopy_m2": 0.0, "row_m2": 0.0, "row_canopy": 0.0, "veg": 12.8, "place": "res", "land": null, "green_src": "canopy", "canopy_source": "chm-legacy", "canopy_year": "2009-2020", "assessed_m2": 178515.36, "coverage_frac": 1.0, "canopy_quality": "full", "scenario_ok": false, "canopy_baseline_ok": false, "ac_src": "lace", "ac_coverage": 1.0, "acs_year": 2024, "access_snap_m": 421.0, "access_quality": "approach-review", "access_src": "routed", "city": "Bay Point", "city_kind": "cdp", "inside_frac": 0.325, "rank_lo": 222, "rank_hi": 364, "rank_top_share": 0.0}, "geometry": {"type": "Polygon", "coordinates": [[[-122.00515, 38.01884], [-122.00406, 38.02052], [-122.00532, 38.02203], [-122.00767, 38.02186], [-122.00875, 38.02018], [-122.00749, 38.01867], [-122.00515, 38.01884]]]}}, {"type": "Feature", "properties": {"id": 229, "name": "California Skyline SW 10", "lst": 44.44, "green": 0.0, "pop": 29, "pct65": 12.7, "ac": 93.3, "holc": null, "access_min": 64.9, "access_km": 5.19, "score": 51.3, "rank": 261.0, "area_m2": 109520, "street_m": 821, "canopy_m2": 0.0, "row_m2": 0.0, "row_canopy": 0.0, "veg": 10.6, "place": "res", "land": null, "green_src": "canopy", "canopy_source": "chm-legacy", "canopy_year": "2009-2020", "assessed_m2": 178512.48, "coverage_frac": 1.0, "canopy_quality": "full", "scenario_ok": true, "canopy_baseline_ok": false, "ac_src": "lace", "ac_coverage": 1.0, "acs_year": 2024, "access_snap_m": 253.0, "access_quality": "approach-review", "access_src": "routed", "city": "Bay Point", "city_kind": "cdp", "inside_frac": 1.0, "rank_lo": 190, "rank_hi": 313, "rank_top_share": 0.0}, "geometry": {"type": "Polygon", "coordinates": [[[-121.99812, 38.01936], [-121.99703, 38.02104], [-121.99829, 38.02255], [-122.00064, 38.02237], [-122.00172, 38.0207], [-122.00046, 38.01919], [-121.99812, 38.01936]]]}}, {"type": "Feature", "properties": {"id": 230, "name": "California Skyline SW 12", "lst": 44.32, "green": 0.0, "pop": 29, "pct65": 12.7, "ac": 93.3, "holc": null, "access_min": 69.0, "access_km": 5.52, "score": 51.3, "rank": 262.0, "area_m2": 109514, "street_m": 388, "canopy_m2": 0.0, "row_m2": 0.0, "row_canopy": 0.0, "veg": 11.5, "place": "res", "land": null, "green_src": "canopy", "canopy_source": "chm-legacy", "canopy_year": "2009-2020", "assessed_m2": 178525.44, "coverage_frac": 1.0, "canopy_quality": "full", "scenario_ok": true, "canopy_baseline_ok": false, "ac_src": "lace", "ac_coverage": 1.0, "acs_year": 2024, "access_snap_m": 241.0, "access_quality": "approach-review", "access_src": "routed", "city": "Bay Point", "city_kind": "cdp", "inside_frac": 0.999, "rank_lo": 191, "rank_hi": 314, "rank_top_share": 0.0}, "geometry": {"type": "Polygon", "coordinates": [[[-122.00172, 38.0207], [-122.00064, 38.02237], [-122.0019, 38.02388], [-122.00424, 38.02371], [-122.00532, 38.02203], [-122.00406, 38.02052], [-122.00172, 38.0207]]]}}, {"type": "Feature", "properties": {"id": 231, "name": "Positano at San Marco W 14", "lst": 44.98, "green": 0.63, "pop": 29, "pct65": 12.7, "ac": 93.3, "holc": null, "access_min": 54.0, "access_km": 4.32, "score": 49.8, "rank": 293.0, "area_m2": 109523, "street_m": 236, "canopy_m2": 690.0, "row_m2": 0.0, "row_canopy": 0.0, "veg": 8.5, "place": "res", "land": null, "green_src": "canopy", "canopy_source": "chm-legacy", "canopy_year": "2009-2020", "assessed_m2": 178499.52, "coverage_frac": 1.0, "canopy_quality": "full", "scenario_ok": true, "canopy_baseline_ok": false, "ac_src": "lace", "ac_coverage": 1.0, "acs_year": 2024, "access_snap_m": 73.0, "access_quality": "network-estimate", "access_src": "routed", "city": "Bay Point", "city_kind": "cdp", "inside_frac": 1.0, "rank_lo": 228, "rank_hi": 355, "rank_top_share": 0.0}, "geometry": {"type": "Polygon", "coordinates": [[[-122.00137, 38.01432], [-122.00028, 38.016], [-122.00154, 38.01751], [-122.00389, 38.01734], [-122.00497, 38.01566], [-122.00371, 38.01415], [-122.00137, 38.01432]]]}}, {"type": "Feature", "properties": {"id": 232, "name": "California Skyline SW 15", "lst": 43.81, "green": 0.64, "pop": 13, "pct65": 12.8, "ac": 93.3, "holc": null, "access_min": 56.5, "access_km": 4.52, "score": 48.4, "rank": 329.0, "area_m2": 109517, "street_m": 0, "canopy_m2": 178.0, "row_m2": 0.0, "row_canopy": 0.0, "veg": 7.8, "place": "res", "land": null, "green_src": "canopy", "canopy_source": "lidar-2020", "canopy_year": "2020", "assessed_m2": 106560.3329, "coverage_frac": 0.973, "canopy_quality": "lidar", "scenario_ok": false, "canopy_baseline_ok": false, "ac_src": "lace", "ac_coverage": 1.0, "acs_year": 2024, "access_snap_m": 184.0, "access_quality": "approach-review", "access_src": "routed", "city": "Bay Point", "city_kind": "cdp", "inside_frac": 0.458, "rank_lo": 256, "rank_hi": 393, "rank_top_share": 0.0}, "geometry": {"type": "Polygon", "coordinates": [[[-122.00497, 38.01566], [-122.00389, 38.01734], [-122.00515, 38.01884], [-122.00749, 38.01867], [-122.00857, 38.01699], [-122.00731, 38.01549], [-122.00497, 38.01566]]]}}, {"type": "Feature", "properties": {"id": 233, "name": "California Skyline SW 11", "lst": 43.75, "green": 0.0, "pop": 29, "pct65": 12.7, "ac": 93.3, "holc": null, "access_min": 53.6, "access_km": 4.29, "score": 51.3, "rank": 263.0, "area_m2": 109524, "street_m": 327, "canopy_m2": 0.0, "row_m2": 0.0, "row_canopy": 0.0, "veg": 12.0, "place": "res", "land": null, "green_src": "canopy", "canopy_source": "chm-legacy", "canopy_year": "2009-2020", "assessed_m2": 178511.04, "coverage_frac": 1.0, "canopy_quality": "full", "scenario_ok": true, "canopy_baseline_ok": false, "ac_src": "lace", "ac_coverage": 1.0, "acs_year": 2024, "access_snap_m": 272.0, "access_quality": "approach-review", "access_src": "routed", "city": "Bay Point", "city_kind": "cdp", "inside_frac": 1.0, "rank_lo": 192, "rank_hi": 315, "rank_top_share": 0.0}, "geometry": {"type": "Polygon", "coordinates": [[[-121.99794, 38.01617], [-121.99686, 38.01785], [-121.99812, 38.01936], [-122.00046, 38.01919], [-122.00154, 38.01751], [-122.00028, 38.016], [-121.99794, 38.01617]]]}}, {"type": "Feature", "properties": {"id": 234, "name": "California Skyline W 13", "lst": 43.67, "green": 0.0, "pop": 8, "pct65": 12.9, "ac": 93.3, "holc": null, "access_min": 73.4, "access_km": 5.87, "score": 49.5, "rank": 298.0, "area_m2": 109509, "street_m": 156, "canopy_m2": 0.0, "row_m2": 0.0, "row_canopy": 0.0, "veg": 12.6, "place": "res", "land": null, "green_src": "canopy", "canopy_source": "chm-legacy", "canopy_year": "2009-2020", "assessed_m2": 178512.48, "coverage_frac": 1.0, "canopy_quality": "full", "scenario_ok": true, "canopy_baseline_ok": false, "ac_src": "lace", "ac_coverage": 1.0, "acs_year": 2024, "access_snap_m": 351.0, "access_quality": "approach-review", "access_src": "routed", "city": "Bay Point", "city_kind": "cdp", "inside_frac": 0.263, "rank_lo": 226, "rank_hi": 367, "rank_top_share": 0.0}, "geometry": {"type": "Polygon", "coordinates": [[[-122.00532, 38.02203], [-122.00424, 38.02371], [-122.0055, 38.02522], [-122.00784, 38.02504], [-122.00893, 38.02337], [-122.00767, 38.02186], [-122.00532, 38.02203]]]}}, {"type": "Feature", "properties": {"id": 235, "name": "Positano at San Marco W 15", "lst": 45.79, "green": 0.48, "pop": 12, "pct65": 12.6, "ac": 94.28, "holc": null, "access_min": 46.9, "access_km": 3.75, "score": 47.6, "rank": 353.0, "area_m2": 109527, "street_m": 223, "canopy_m2": 0.0, "row_m2": 0.0, "row_canopy": 0.0, "veg": 7.9, "place": "res", "land": null, "green_src": "canopy", "canopy_source": "lidar-2020", "canopy_year": "2020", "assessed_m2": 109527.1, "coverage_frac": 1.0, "canopy_quality": "lidar", "scenario_ok": true, "canopy_baseline_ok": false, "ac_src": "lace", "ac_coverage": 1.0, "acs_year": 2024, "access_snap_m": 236.0, "access_quality": "approach-review", "access_src": "routed", "city": "Bay Point", "city_kind": "cdp", "inside_frac": 0.536, "rank_lo": 280, "rank_hi": 395, "rank_top_share": 0.0}, "geometry": {"type": "Polygon", "coordinates": [[[-122.00119, 38.01114], [-122.00011, 38.01282], [-122.00137, 38.01432], [-122.00371, 38.01415], [-122.00479, 38.01247], [-122.00353, 38.01097], [-122.00119, 38.01114]]]}}, {"type": "Feature", "properties": {"id": 236, "name": "Positano at San Marco W 16", "lst": 45.13, "green": 13.85, "pop": 4, "pct65": 12.9, "ac": 93.3, "holc": null, "access_min": 50.8, "access_km": 4.06, "score": 17.7, "rank": 560.0, "area_m2": 109522, "street_m": 0, "canopy_m2": 12098.0, "row_m2": 0.0, "row_canopy": 0.0, "veg": 14.6, "place": "res", "land": null, "green_src": "canopy", "canopy_source": "usfs-2022", "canopy_year": "2022", "assessed_m2": 87345.36, "coverage_frac": 0.7970347271351078, "canopy_quality": "partial", "scenario_ok": false, "canopy_baseline_ok": false, "ac_src": "lace", "ac_coverage": 1.0, "acs_year": 2024, "access_snap_m": 95.0, "access_quality": "network-estimate", "access_src": "routed", "city": "Bay Point", "city_kind": "cdp", "inside_frac": 0.124, "rank_lo": 549, "rank_hi": 562, "rank_top_share": 0.0}, "geometry": {"type": "Polygon", "coordinates": [[[-122.00479, 38.01247], [-122.00371, 38.01415], [-122.00497, 38.01566], [-122.00731, 38.01549], [-122.0084, 38.01381], [-122.00714, 38.0123], [-122.00479, 38.01247]]]}}, {"type": "Feature", "properties": {"id": 237, "name": "Toscana", "lst": 46.6, "green": 0.94, "pop": 195, "pct65": 14.0, "ac": 96.3, "holc": null, "access_min": 95.0, "access_km": 7.6, "score": 63.0, "rank": 148.0, "area_m2": 109557, "street_m": 2533, "canopy_m2": 1026.0, "row_m2": 0.0, "row_canopy": 0.0, "veg": 3.1, "place": "res", "land": null, "green_src": "canopy", "canopy_source": "usfs-2022", "canopy_year": "2022", "assessed_m2": 109623.24, "coverage_frac": 1.0, "canopy_quality": "full", "scenario_ok": true, "canopy_baseline_ok": true, "ac_src": "lace", "ac_coverage": 1.0, "acs_year": 2024, "access_snap_m": 92.0, "access_quality": "network-estimate", "access_src": "routed", "city": "Pittsburg", "city_kind": "city", "inside_frac": 1.0, "rank_lo": 71, "rank_hi": 211, "rank_top_share": 0.01}, "geometry": {"type": "Polygon", "coordinates": [[[-121.96279, 38.01874], [-121.9617, 38.02042], [-121.96296, 38.02193], [-121.9653, 38.02176], [-121.96639, 38.02008], [-121.96513, 38.01857], [-121.96279, 38.01874]]]}}, {"type": "Feature", "properties": {"id": 238, "name": "San Marco Villas", "lst": 47.12, "green": 1.84, "pop": 26, "pct65": 12.0, "ac": 95.96, "holc": null, "access_min": 103.9, "access_km": 8.31, "score": 43.7, "rank": 429.0, "area_m2": 109551, "street_m": 1219, "canopy_m2": 2015.0, "row_m2": 0.0, "row_canopy": 0.0, "veg": 7.7, "place": "res", "land": null, "green_src": "canopy", "canopy_source": "usfs-2022", "canopy_year": "2022", "assessed_m2": 109613.88, "coverage_frac": 0.9999661174485516, "canopy_quality": "full", "scenario_ok": true, "canopy_baseline_ok": true, "ac_src": "lace", "ac_coverage": 1.0, "acs_year": 2024, "access_snap_m": 68.0, "access_quality": "network-estimate", "access_src": "routed", "city": "Pittsburg", "city_kind": "city", "inside_frac": 1.0, "rank_lo": 359, "rank_hi": 477, "rank_top_share": 0.0}, "geometry": {"type": "Polygon", "coordinates": [[[-121.96639, 38.02008], [-121.9653, 38.02176], [-121.96656, 38.02326], [-121.96891, 38.02309], [-121.96999, 38.02141], [-121.96873, 38.01991], [-121.96639, 38.02008]]]}}, {"type": "Feature", "properties": {"id": 239, "name": "Crestview Mobile Home Village", "lst": 46.58, "green": 5.55, "pop": 245, "pct65": 15.6, "ac": 80.29, "holc": null, "access_min": 90.0, "access_km": 7.2, "score": 73.8, "rank": 66.0, "area_m2": 109558, "street_m": 841, "canopy_m2": 6087.0, "row_m2": 0.0, "row_canopy": 0.0, "veg": 6.8, "place": "res", "land": null, "green_src": "canopy", "canopy_source": "usfs-2022", "canopy_year": "2022", "assessed_m2": 109620.72, "coverage_frac": 0.9999686732488986, "canopy_quality": "full", "scenario_ok": true, "canopy_baseline_ok": true, "ac_src": "lace", "ac_coverage": 1.0, "acs_year": 2024, "access_snap_m": 155.0, "access_quality": "approach-review", "access_src": "routed", "city": "Bay Point", "city_kind": "cdp", "inside_frac": 1.0, "rank_lo": 36, "rank_hi": 114, "rank_top_share": 0.24}, "geometry": {"type": "Polygon", "coordinates": [[[-121.95936, 38.02059], [-121.95827, 38.02227], [-121.95953, 38.02378], [-121.96188, 38.02361], [-121.96296, 38.02193], [-121.9617, 38.02042], [-121.95936, 38.02059]]]}}, {"type": "Feature", "properties": {"id": 240, "name": "Crestview Mobile Home Village W", "lst": 46.37, "green": 3.98, "pop": 204, "pct65": 15.7, "ac": 76.89, "holc": null, "access_min": 88.3, "access_km": 7.06, "score": 78.4, "rank": 37.0, "area_m2": 109552, "street_m": 1161, "canopy_m2": 4360.0, "row_m2": 0.0, "row_canopy": 0.0, "veg": 7.2, "place": "res", "land": null, "green_src": "canopy", "canopy_source": "usfs-2022", "canopy_year": "2022", "assessed_m2": 109617.84, "coverage_frac": 0.9999918855097022, "canopy_quality": "full", "scenario_ok": true, "canopy_baseline_ok": true, "ac_src": "lace", "ac_coverage": 1.0, "acs_year": 2024, "access_snap_m": 131.0, "access_quality": "approach-review", "access_src": "routed", "city": "Bay Point", "city_kind": "cdp", "inside_frac": 1.0, "rank_lo": 22, "rank_hi": 71, "rank_top_share": 0.79}, "geometry": {"type": "Polygon", "coordinates": [[[-121.96296, 38.02193], [-121.96188, 38.02361], [-121.96314, 38.02511], [-121.96548, 38.02494], [-121.96656, 38.02326], [-121.9653, 38.02176], [-121.96296, 38.02193]]]}}, {"type": "Feature", "properties": {"id": 241, "name": "Toscana S", "lst": 44.25, "green": 4.58, "pop": 195, "pct65": 14.0, "ac": 96.3, "holc": null, "access_min": 96.0, "access_km": 7.68, "score": 52.1, "rank": 246.0, "area_m2": 109561, "street_m": 359, "canopy_m2": 5016.0, "row_m2": 0.0, "row_canopy": 0.0, "veg": 14.5, "place": "res", "land": null, "green_src": "canopy", "canopy_source": "usfs-2022", "canopy_year": "2022", "assessed_m2": 109623.96, "coverage_frac": 0.9999694584010124, "canopy_quality": "full", "scenario_ok": true, "canopy_baseline_ok": true, "ac_src": "lace", "ac_coverage": 1.0, "acs_year": 2024, "access_snap_m": 159.0, "access_quality": "approach-review", "access_src": "routed", "city": "Pittsburg", "city_kind": "city", "inside_frac": 1.0, "rank_lo": 180, "rank_hi": 387, "rank_top_share": 0.0}, "geometry": {"type": "Polygon", "coordinates": [[[-121.96261, 38.01555], [-121.96153, 38.01723], [-121.96279, 38.01874], [-121.96513, 38.01857], [-121.96621, 38.01689], [-121.96495, 38.01538], [-121.96261, 38.01555]]]}}, {"type": "Feature", "properties": {"id": 242, "name": "San Marco Villas S", "lst": 46.5, "green": 1.66, "pop": 31, "pct65": 12.9, "ac": 96.09, "holc": null, "access_min": 96.8, "access_km": 7.75, "score": 45.3, "rank": 408.0, "area_m2": 109556, "street_m": 1221, "canopy_m2": 1817.0, "row_m2": 0.0, "row_canopy": 0.0, "veg": 10.2, "place": "res", "land": null, "green_src": "canopy", "canopy_source": "usfs-2022", "canopy_year": "2022", "assessed_m2": 109623.24, "coverage_frac": 1.0, "canopy_quality": "full", "scenario_ok": true, "canopy_baseline_ok": true, "ac_src": "lace", "ac_coverage": 1.0, "acs_year": 2024, "access_snap_m": 159.0, "access_quality": "approach-review", "access_src": "routed", "city": "Pittsburg", "city_kind": "city", "inside_frac": 1.0, "rank_lo": 345, "rank_hi": 459, "rank_top_share": 0.0}, "geometry": {"type": "Polygon", "coordinates": [[[-121.96621, 38.01689], [-121.96513, 38.01857], [-121.96639, 38.02008], [-121.96873, 38.01991], [-121.96982, 38.01823], [-121.96856, 38.01672], [-121.96621, 38.01689]]]}}, {"type": "Feature", "properties": {"id": 243, "name": "Toscana SE", "lst": 47.34, "green": 0.57, "pop": 198, "pct65": 14.0, "ac": 96.3, "holc": null, "access_min": 90.1, "access_km": 7.21, "score": 64.3, "rank": 127.0, "area_m2": 109562, "street_m": 2574, "canopy_m2": 621.0, "row_m2": 0.0, "row_canopy": 0.0, "veg": 6.5, "place": "res", "land": null, "green_src": "canopy", "canopy_source": "usfs-2022", "canopy_year": "2022", "assessed_m2": 109628.64, "coverage_frac": 1.0, "canopy_quality": "full", "scenario_ok": true, "canopy_baseline_ok": true, "ac_src": "lace", "ac_coverage": 1.0, "acs_year": 2024, "access_snap_m": 74.0, "access_quality": "network-estimate", "access_src": "routed", "city": "Pittsburg", "city_kind": "city", "inside_frac": 1.0, "rank_lo": 60, "rank_hi": 199, "rank_top_share": 0.037}, "geometry": {"type": "Polygon", "coordinates": [[[-121.95918, 38.0174], [-121.9581, 38.01908], [-121.95936, 38.02059], [-121.9617, 38.02042], [-121.96279, 38.01874], [-121.96153, 38.01723], [-121.95918, 38.0174]]]}}, {"type": "Feature", "properties": {"id": 244, "name": "San Marco Villas NW 2", "lst": 45.81, "green": 7.2, "pop": 29, "pct65": 12.7, "ac": 93.3, "holc": null, "access_min": 85.3, "access_km": 6.83, "score": 34.3, "rank": 515.0, "area_m2": 109541, "street_m": 1202, "canopy_m2": 7894.0, "row_m2": 0.0, "row_canopy": 0.0, "veg": 14.7, "place": "res", "land": null, "green_src": "canopy", "canopy_source": "usfs-2022", "canopy_year": "2022", "assessed_m2": 109605.24, "coverage_frac": 0.999975929932438, "canopy_quality": "full", "scenario_ok": true, "canopy_baseline_ok": true, "ac_src": "lace", "ac_coverage": 1.0, "acs_year": 2024, "access_snap_m": 114.0, "access_quality": "approach-review", "access_src": "routed", "city": "Bay Point", "city_kind": "cdp", "inside_frac": 1.0, "rank_lo": 480, "rank_hi": 529, "rank_top_share": 0.0}, "geometry": {"type": "Polygon", "coordinates": [[[-121.97017, 38.0246], [-121.96908, 38.02628], [-121.97034, 38.02779], [-121.97269, 38.02762], [-121.97377, 38.02594], [-121.97251, 38.02443], [-121.97017, 38.0246]]]}}, {"type": "Feature", "properties": {"id": 245, "name": "California Skyline SE 2", "lst": 46.69, "green": 5.98, "pop": 29, "pct65": 12.7, "ac": 93.3, "holc": null, "access_min": 83.3, "access_km": 6.67, "score": 37.2, "rank": 494.0, "area_m2": 109536, "street_m": 1068, "canopy_m2": 6559.0, "row_m2": 0.0, "row_canopy": 0.0, "veg": 13.7, "place": "res", "land": null, "green_src": "canopy", "canopy_source": "usfs-2022", "canopy_year": "2022", "assessed_m2": 109601.64, "coverage_frac": 0.9999925940683616, "canopy_quality": "full", "scenario_ok": true, "canopy_baseline_ok": true, "ac_src": "lace", "ac_coverage": 1.0, "acs_year": 2024, "access_snap_m": 26.0, "access_quality": "network-estimate", "access_src": "routed", "city": "Bay Point", "city_kind": "cdp", "inside_frac": 1.0, "rank_lo": 455, "rank_hi": 518, "rank_top_share": 0.0}, "geometry": {"type": "Polygon", "coordinates": [[[-121.97377, 38.02594], [-121.97269, 38.02762], [-121.97395, 38.02912], [-121.97629, 38.02895], [-121.97738, 38.02727], [-121.97612, 38.02577], [-121.97377, 38.02594]]]}}, {"type": "Feature", "properties": {"id": 246, "name": "Mariners Bay Mobile Home Park SE 2", "lst": 46.48, "green": 9.95, "pop": 150, "pct65": 10.6, "ac": 75.8, "holc": null, "access_min": 93.5, "access_km": 7.48, "score": 50.5, "rank": 282.0, "area_m2": 109542, "street_m": 1091, "canopy_m2": 10906.0, "row_m2": 0.0, "row_canopy": 0.0, "veg": 14.6, "place": "res", "land": null, "green_src": "canopy", "canopy_source": "usfs-2022", "canopy_year": "2022", "assessed_m2": 109608.48, "coverage_frac": 0.9999951328785122, "canopy_quality": "full", "scenario_ok": true, "canopy_baseline_ok": true, "ac_src": "lace", "ac_coverage": 1.0, "acs_year": 2024, "access_snap_m": 41.0, "access_quality": "network-estimate", "access_src": "routed", "city": "Bay Point", "city_kind": "cdp", "inside_frac": 1.0, "rank_lo": 210, "rank_hi": 412, "rank_top_share": 0.0}, "geometry": {"type": "Polygon", "coordinates": [[[-121.96674, 38.02645], [-121.96566, 38.02813], [-121.96691, 38.02964], [-121.96926, 38.02947], [-121.97034, 38.02779], [-121.96908, 38.02628], [-121.96674, 38.02645]]]}}, {"type": "Feature", "properties": {"id": 247, "name": "Mariners Bay Mobile Home Park S", "lst": 46.37, "green": 7.58, "pop": 157, "pct65": 10.6, "ac": 75.57, "holc": null, "access_min": 87.3, "access_km": 6.99, "score": 58.0, "rank": 196.0, "area_m2": 109537, "street_m": 773, "canopy_m2": 8305.0, "row_m2": 0.0, "row_canopy": 0.0, "veg": 14.7, "place": "res", "land": null, "green_src": "canopy", "canopy_source": "usfs-2022", "canopy_year": "2022", "assessed_m2": 109602.36, "coverage_frac": 0.999988801748061, "canopy_quality": "full", "scenario_ok": true, "canopy_baseline_ok": true, "ac_src": "lace", "ac_coverage": 1.0, "acs_year": 2024, "access_snap_m": 196.0, "access_quality": "approach-review", "access_src": "routed", "city": "Bay Point", "city_kind": "cdp", "inside_frac": 1.0, "rank_lo": 147, "rank_hi": 281, "rank_top_share": 0.0}, "geometry": {"type": "Polygon", "coordinates": [[[-121.97034, 38.02779], [-121.96926, 38.02947], [-121.97052, 38.03097], [-121.97286, 38.0308], [-121.97395, 38.02912], [-121.97269, 38.02762], [-121.97034, 38.02779]]]}}, {"type": "Feature", "properties": {"id": 248, "name": "San Marco Villas NW", "lst": 47.4, "green": 0.19, "pop": 18, "pct65": 11.9, "ac": 95.31, "holc": null, "access_min": 103.4, "access_km": 8.27, "score": 47.3, "rank": 362.0, "area_m2": 109546, "street_m": 448, "canopy_m2": 208.0, "row_m2": 0.0, "row_canopy": 0.0, "veg": 7.0, "place": "res", "land": null, "green_src": "canopy", "canopy_source": "usfs-2022", "canopy_year": "2022", "assessed_m2": 109614.24, "coverage_frac": 1.0, "canopy_quality": "full", "scenario_ok": true, "canopy_baseline_ok": true, "ac_src": "lace", "ac_coverage": 1.0, "acs_year": 2024, "access_snap_m": 191.0, "access_quality": "approach-review", "access_src": "routed", "city": "Pittsburg", "city_kind": "city", "inside_frac": 1.0, "rank_lo": 272, "rank_hi": 406, "rank_top_share": 0.0}, "geometry": {"type": "Polygon", "coordinates": [[[-121.96999, 38.02141], [-121.96891, 38.02309], [-121.97017, 38.0246], [-121.97251, 38.02443], [-121.9736, 38.02275], [-121.97234, 38.02124], [-121.96999, 38.02141]]]}}, {"type": "Feature", "properties": {"id": 249, "name": "San Marco Villas NW 3", "lst": 47.29, "green": 3.03, "pop": 25, "pct65": 12.4, "ac": 93.89, "holc": null, "access_min": 80.8, "access_km": 6.46, "score": 43.0, "rank": 439.0, "area_m2": 109540, "street_m": 826, "canopy_m2": 3320.0, "row_m2": 0.0, "row_canopy": 0.0, "veg": 10.4, "place": "res", "land": null, "green_src": "canopy", "canopy_source": "usfs-2022", "canopy_year": "2022", "assessed_m2": 109605.96, "coverage_frac": 0.9999928654392374, "canopy_quality": "full", "scenario_ok": true, "canopy_baseline_ok": true, "ac_src": "lace", "ac_coverage": 1.0, "acs_year": 2024, "access_snap_m": 148.0, "access_quality": "approach-review", "access_src": "routed", "city": "Bay Point", "city_kind": "cdp", "inside_frac": 1.0, "rank_lo": 388, "rank_hi": 475, "rank_top_share": 0.0}, "geometry": {"type": "Polygon", "coordinates": [[[-121.9736, 38.02275], [-121.97251, 38.02443], [-121.97377, 38.02594], [-121.97612, 38.02577], [-121.9772, 38.02409], [-121.97594, 38.02258], [-121.9736, 38.02275]]]}}, {"type": "Feature", "properties": {"id": 250, "name": "San Marco Villas N", "lst": 47.2, "green": 8.17, "pop": 28, "pct65": 12.7, "ac": 93.43, "holc": null, "access_min": 88.3, "access_km": 7.06, "score": 31.9, "rank": 529.0, "area_m2": 109547, "street_m": 1016, "canopy_m2": 8952.0, "row_m2": 0.0, "row_canopy": 0.0, "veg": 12.1, "place": "res", "land": null, "green_src": "canopy", "canopy_source": "usfs-2022", "canopy_year": "2022", "assessed_m2": 109610.64, "coverage_frac": 0.9999756945636464, "canopy_quality": "full", "scenario_ok": true, "canopy_baseline_ok": true, "ac_src": "lace", "ac_coverage": 1.0, "acs_year": 2024, "access_snap_m": 98.0, "access_quality": "network-estimate", "access_src": "routed", "city": "Bay Point", "city_kind": "cdp", "inside_frac": 1.0, "rank_lo": 496, "rank_hi": 540, "rank_top_share": 0.0}, "geometry": {"type": "Polygon", "coordinates": [[[-121.96656, 38.02326], [-121.96548, 38.02494], [-121.96674, 38.02645], [-121.96908, 38.02628], [-121.97017, 38.0246], [-121.96891, 38.02309], [-121.96656, 38.02326]]]}}, {"type": "Feature", "properties": {"id": 251, "name": "Elaine Null Court", "lst": 47.84, "green": 11.28, "pop": 291, "pct65": 16.8, "ac": 69.3, "holc": null, "access_min": 79.8, "access_km": 6.38, "score": 74.5, "rank": 63.0, "area_m2": 109564, "street_m": 1277, "canopy_m2": 12361.0, "row_m2": 0.0, "row_canopy": 0.0, "veg": 14.4, "place": "res", "land": null, "green_src": "canopy", "canopy_source": "usfs-2022", "canopy_year": "2022", "assessed_m2": 109629.72, "coverage_frac": 0.999990954863092, "canopy_quality": "full", "scenario_ok": true, "canopy_baseline_ok": true, "ac_src": "lace", "ac_coverage": 1.0, "acs_year": 2024, "access_snap_m": 65.0, "access_quality": "network-estimate", "access_src": "routed", "city": "Bay Point", "city_kind": "cdp", "inside_frac": 1.0, "rank_lo": 25, "rank_hi": 183, "rank_top_share": 0.347}, "geometry": {"type": "Polygon", "coordinates": [[[-121.95232, 38.0211], [-121.95124, 38.02278], [-121.9525, 38.02429], [-121.95484, 38.02412], [-121.95593, 38.02244], [-121.95467, 38.02093], [-121.95232, 38.0211]]]}}, {"type": "Feature", "properties": {"id": 252, "name": "Crestview Mobile Home Village E", "lst": 47.49, "green": 14.64, "pop": 291, "pct65": 16.8, "ac": 69.3, "holc": null, "access_min": 81.7, "access_km": 6.54, "score": 63.3, "rank": 143.0, "area_m2": 109559, "street_m": 1230, "canopy_m2": 16048.0, "row_m2": 0.0, "row_canopy": 0.0, "veg": 17.6, "place": "res", "land": null, "green_src": "canopy", "canopy_source": "usfs-2022", "canopy_year": "2022", "assessed_m2": 109621.44, "coverage_frac": 0.9999648982738396, "canopy_quality": "full", "scenario_ok": true, "canopy_baseline_ok": true, "ac_src": "lace", "ac_coverage": 1.0, "acs_year": 2024, "access_snap_m": 101.0, "access_quality": "approach-review", "access_src": "routed", "city": "Bay Point", "city_kind": "cdp", "inside_frac": 1.0, "rank_lo": 86, "rank_hi": 395, "rank_top_share": 0.01}, "geometry": {"type": "Polygon", "coordinates": [[[-121.95593, 38.02244], [-121.95484, 38.02412], [-121.9561, 38.02563], [-121.95845, 38.02546], [-121.95953, 38.02378], [-121.95827, 38.02227], [-121.95593, 38.02244]]]}}, {"type": "Feature", "properties": {"id": 253, "name": "Alves Lane Mini-Park", "lst": 47.82, "green": 13.16, "pop": 321, "pct65": 17.2, "ac": 69.3, "holc": null, "access_min": 75.8, "access_km": 6.06, "score": 71.5, "rank": 79.0, "area_m2": 109565, "street_m": 1193, "canopy_m2": 14424.0, "row_m2": 0.0, "row_canopy": 0.0, "veg": 17.7, "place": "res", "land": null, "green_src": "canopy", "canopy_source": "usfs-2022", "canopy_year": "2022", "assessed_m2": 109628.28, "coverage_frac": 0.9999674913538796, "canopy_quality": "full", "scenario_ok": true, "canopy_baseline_ok": true, "ac_src": "lace", "ac_coverage": 1.0, "acs_year": 2024, "access_snap_m": 113.0, "access_quality": "approach-review", "access_src": "routed", "city": "Bay Point", "city_kind": "cdp", "inside_frac": 1.0, "rank_lo": 35, "rank_hi": 250, "rank_top_share": 0.167}, "geometry": {"type": "Polygon", "coordinates": [[[-121.9489, 38.02295], [-121.94781, 38.02463], [-121.94907, 38.02614], [-121.95141, 38.02597], [-121.9525, 38.02429], [-121.95124, 38.02278], [-121.9489, 38.02295]]]}}, {"type": "Feature", "properties": {"id": 254, "name": "Rivershore Apartments SE", "lst": 48.01, "green": 11.33, "pop": 299, "pct65": 15.5, "ac": 70.47, "holc": null, "access_min": 75.6, "access_km": 6.05, "score": 71.7, "rank": 77.0, "area_m2": 109560, "street_m": 1876, "canopy_m2": 12418.0, "row_m2": 0.0, "row_canopy": 0.0, "veg": 12.6, "place": "res", "land": null, "green_src": "canopy", "canopy_source": "usfs-2022", "canopy_year": "2022", "assessed_m2": 109622.88, "coverage_frac": 0.9999677008222906, "canopy_quality": "full", "scenario_ok": true, "canopy_baseline_ok": true, "ac_src": "lace", "ac_coverage": 1.0, "acs_year": 2024, "access_snap_m": 70.0, "access_quality": "network-estimate", "access_src": "routed", "city": "Bay Point", "city_kind": "cdp", "inside_frac": 1.0, "rank_lo": 40, "rank_hi": 190, "rank_top_share": 0.177}, "geometry": {"type": "Polygon", "coordinates": [[[-121.9525, 38.02429], [-121.95141, 38.02597], [-121.95267, 38.02747], [-121.95502, 38.0273], [-121.9561, 38.02563], [-121.95484, 38.02412], [-121.9525, 38.02429]]]}}, {"type": "Feature", "properties": {"id": 255, "name": "Oak Hills N 4", "lst": 46.46, "green": 0.58, "pop": 210, "pct65": 14.5, "ac": 91.72, "holc": null, "access_min": 85.4, "access_km": 6.84, "score": 71.2, "rank": 81.0, "area_m2": 109569, "street_m": 1202, "canopy_m2": 638.0, "row_m2": 0.0, "row_canopy": 0.0, "veg": 10.2, "place": "res", "land": null, "green_src": "canopy", "canopy_source": "usfs-2022", "canopy_year": "2022", "assessed_m2": 109629.72, "coverage_frac": 0.99995182546081, "canopy_quality": "full", "scenario_ok": true, "canopy_baseline_ok": true, "ac_src": "lace", "ac_coverage": 1.0, "acs_year": 2024, "access_snap_m": 74.0, "access_quality": "network-estimate", "access_src": "routed", "city": "Pittsburg", "city_kind": "city", "inside_frac": 1.0, "rank_lo": 32, "rank_hi": 139, "rank_top_share": 0.29}, "geometry": {"type": "Polygon", "coordinates": [[[-121.95215, 38.01792], [-121.95107, 38.01959], [-121.95232, 38.0211], [-121.95467, 38.02093], [-121.95575, 38.01925], [-121.95449, 38.01775], [-121.95215, 38.01792]]]}}, {"type": "Feature", "properties": {"id": 256, "name": "Toscana E", "lst": 47.78, "green": 0.33, "pop": 224, "pct65": 14.9, "ac": 86.7, "holc": null, "access_min": 89.5, "access_km": 7.16, "score": 79.6, "rank": 30.0, "area_m2": 109563, "street_m": 993, "canopy_m2": 363.0, "row_m2": 0.0, "row_canopy": 0.0, "veg": 6.0, "place": "res", "land": null, "green_src": "canopy", "canopy_source": "usfs-2022", "canopy_year": "2022", "assessed_m2": 109626.84, "coverage_frac": 0.99997502310327, "canopy_quality": "full", "scenario_ok": true, "canopy_baseline_ok": true, "ac_src": "lace", "ac_coverage": 1.0, "acs_year": 2024, "access_snap_m": 72.0, "access_quality": "network-estimate", "access_src": "routed", "city": "Pittsburg", "city_kind": "city", "inside_frac": 1.0, "rank_lo": 8, "rank_hi": 76, "rank_top_share": 0.83}, "geometry": {"type": "Polygon", "coordinates": [[[-121.95575, 38.01925], [-121.95467, 38.02093], [-121.95593, 38.02244], [-121.95827, 38.02227], [-121.95936, 38.02059], [-121.9581, 38.01908], [-121.95575, 38.01925]]]}}, {"type": "Feature", "properties": {"id": 257, "name": "Deanza Apartments", "lst": 47.74, "green": 9.06, "pop": 316, "pct65": 17.1, "ac": 69.54, "holc": null, "access_min": 74.1, "access_km": 5.93, "score": 84.6, "rank": 17.0, "area_m2": 109570, "street_m": 1181, "canopy_m2": 9934.0, "row_m2": 0.0, "row_canopy": 0.0, "veg": 13.9, "place": "res", "land": null, "green_src": "canopy", "canopy_source": "usfs-2022", "canopy_year": "2022", "assessed_m2": 109632.96, "coverage_frac": 0.9999710443604654, "canopy_quality": "full", "scenario_ok": true, "canopy_baseline_ok": true, "ac_src": "lace", "ac_coverage": 1.0, "acs_year": 2024, "access_snap_m": 96.0, "access_quality": "network-estimate", "access_src": "routed", "city": "Bay Point", "city_kind": "cdp", "inside_frac": 1.0, "rank_lo": 6, "rank_hi": 78, "rank_top_share": 0.84}, "geometry": {"type": "Polygon", "coordinates": [[[-121.94872, 38.01977], [-121.94764, 38.02144], [-121.9489, 38.02295], [-121.95124, 38.02278], [-121.95232, 38.0211], [-121.95107, 38.01959], [-121.94872, 38.01977]]]}}, {"type": "Feature", "properties": {"id": 258, "name": "Willow View Apartments", "lst": 47.54, "green": 12.45, "pop": 506, "pct65": 6.8, "ac": 75.37, "holc": null, "access_min": 84.1, "access_km": 6.73, "score": 61.6, "rank": 162.0, "area_m2": 109549, "street_m": 1577, "canopy_m2": 13643.0, "row_m2": 0.0, "row_canopy": 0.0, "veg": 14.7, "place": "res", "land": null, "green_src": "canopy", "canopy_source": "usfs-2022", "canopy_year": "2022", "assessed_m2": 109613.16, "coverage_frac": 0.9999779897361774, "canopy_quality": "full", "scenario_ok": true, "canopy_baseline_ok": true, "ac_src": "lace", "ac_coverage": 1.0, "acs_year": 2024, "access_snap_m": 87.0, "access_quality": "network-estimate", "access_src": "routed", "city": "Bay Point", "city_kind": "cdp", "inside_frac": 1.0, "rank_lo": 76, "rank_hi": 355, "rank_top_share": 0.01}, "geometry": {"type": "Polygon", "coordinates": [[[-121.95971, 38.02696], [-121.95862, 38.02864], [-121.95988, 38.03015], [-121.96223, 38.02998], [-121.96331, 38.0283], [-121.96205, 38.02679], [-121.95971, 38.02696]]]}}, {"type": "Feature", "properties": {"id": 259, "name": "Club Marina SW", "lst": 45.09, "green": 12.0, "pop": 259, "pct65": 10.0, "ac": 73.6, "holc": null, "access_min": 89.6, "access_km": 7.17, "score": 54.4, "rank": 222.0, "area_m2": 109544, "street_m": 857, "canopy_m2": 13157.0, "row_m2": 0.0, "row_canopy": 0.0, "veg": 19.2, "place": "res", "land": null, "green_src": "canopy", "canopy_source": "usfs-2022", "canopy_year": "2022", "assessed_m2": 109607.04, "coverage_frac": 0.9999716483008656, "canopy_quality": "full", "scenario_ok": true, "canopy_baseline_ok": true, "ac_src": "lace", "ac_coverage": 1.0, "acs_year": 2024, "access_snap_m": 164.0, "access_quality": "approach-review", "access_src": "routed", "city": "Bay Point", "city_kind": "cdp", "inside_frac": 1.0, "rank_lo": 141, "rank_hi": 411, "rank_top_share": 0.0}, "geometry": {"type": "Polygon", "coordinates": [[[-121.96331, 38.0283], [-121.96223, 38.02998], [-121.96349, 38.03149], [-121.96583, 38.03131], [-121.96691, 38.02964], [-121.96566, 38.02813], [-121.96331, 38.0283]]]}}, {"type": "Feature", "properties": {"id": 260, "name": "Mission Bay Apartments", "lst": 47.82, "green": 11.05, "pop": 948, "pct65": 4.9, "ac": 76.1, "holc": null, "access_min": 82.5, "access_km": 6.6, "score": 65.1, "rank": 120.0, "area_m2": 109550, "street_m": 1920, "canopy_m2": 12109.0, "row_m2": 0.0, "row_canopy": 0.0, "veg": 17.5, "place": "res", "land": null, "green_src": "canopy", "canopy_source": "usfs-2022", "canopy_year": "2022", "assessed_m2": 109617.12, "coverage_frac": 1.0, "canopy_quality": "full", "scenario_ok": true, "canopy_baseline_ok": true, "ac_src": "lace", "ac_coverage": 1.0, "acs_year": 2024, "access_snap_m": 25.0, "access_quality": "network-estimate", "access_src": "routed", "city": "Bay Point", "city_kind": "cdp", "inside_frac": 1.0, "rank_lo": 45, "rank_hi": 210, "rank_top_share": 0.12}, "geometry": {"type": "Polygon", "coordinates": [[[-121.95628, 38.02881], [-121.95519, 38.03049], [-121.95645, 38.032], [-121.9588, 38.03183], [-121.95988, 38.03015], [-121.95862, 38.02864], [-121.95628, 38.02881]]]}}, {"type": "Feature", "properties": {"id": 261, "name": "Club Marina", "lst": 46.91, "green": 9.79, "pop": 357, "pct65": 8.5, "ac": 74.94, "holc": null, "access_min": 88.6, "access_km": 7.09, "score": 65.5, "rank": 114.0, "area_m2": 109545, "street_m": 2366, "canopy_m2": 10732.0, "row_m2": 0.0, "row_canopy": 0.0, "veg": 9.7, "place": "res", "land": null, "green_src": "canopy", "canopy_source": "usfs-2022", "canopy_year": "2022", "assessed_m2": 109611.0, "coverage_frac": 0.99999743887977, "canopy_quality": "full", "scenario_ok": true, "canopy_baseline_ok": true, "ac_src": "lace", "ac_coverage": 1.0, "acs_year": 2024, "access_snap_m": 57.0, "access_quality": "network-estimate", "access_src": "routed", "city": "Bay Point", "city_kind": "cdp", "inside_frac": 1.0, "rank_lo": 58, "rank_hi": 209, "rank_top_share": 0.05}, "geometry": {"type": "Polygon", "coordinates": [[[-121.95988, 38.03015], [-121.9588, 38.03183], [-121.96006, 38.03333], [-121.9624, 38.03316], [-121.96349, 38.03149], [-121.96223, 38.02998], [-121.95988, 38.03015]]]}}, {"type": "Feature", "properties": {"id": 262, "name": "Crestview Mobile Home Village N", "lst": 47.15, "green": 11.84, "pop": 296, "pct65": 14.7, "ac": 70.62, "holc": null, "access_min": 84.2, "access_km": 6.73, "score": 68.4, "rank": 95.0, "area_m2": 109553, "street_m": 1645, "canopy_m2": 12978.0, "row_m2": 0.0, "row_canopy": 0.0, "veg": 12.3, "place": "res", "land": null, "green_src": "canopy", "canopy_source": "usfs-2022", "canopy_year": "2022", "assessed_m2": 109618.92, "coverage_frac": 0.9999913901114652, "canopy_quality": "full", "scenario_ok": true, "canopy_baseline_ok": true, "ac_src": "lace", "ac_coverage": 1.0, "acs_year": 2024, "access_snap_m": 78.0, "access_quality": "network-estimate", "access_src": "routed", "city": "Bay Point", "city_kind": "cdp", "inside_frac": 1.0, "rank_lo": 59, "rank_hi": 231, "rank_top_share": 0.047}, "geometry": {"type": "Polygon", "coordinates": [[[-121.95953, 38.02378], [-121.95845, 38.02546], [-121.95971, 38.02696], [-121.96205, 38.02679], [-121.96314, 38.02511], [-121.96188, 38.02361], [-121.95953, 38.02378]]]}}, {"type": "Feature", "properties": {"id": 263, "name": "Crestview Mobile Home Village NW", "lst": 45.4, "green": 22.25, "pop": 203, "pct65": 10.3, "ac": 74.45, "holc": null, "access_min": 87.6, "access_km": 7.0, "score": 20.0, "rank": 557.0, "area_m2": 109548, "street_m": 1077, "canopy_m2": 24393.0, "row_m2": 0.0, "row_canopy": 0.0, "veg": 20.7, "place": "res", "land": null, "green_src": "canopy", "canopy_source": "usfs-2022", "canopy_year": "2022", "assessed_m2": 109614.6, "coverage_frac": 1.0, "canopy_quality": "full", "scenario_ok": true, "canopy_baseline_ok": true, "ac_src": "lace", "ac_coverage": 1.0, "acs_year": 2024, "access_snap_m": 108.0, "access_quality": "approach-review", "access_src": "routed", "city": "Bay Point", "city_kind": "cdp", "inside_frac": 1.0, "rank_lo": 536, "rank_hi": 562, "rank_top_share": 0.0}, "geometry": {"type": "Polygon", "coordinates": [[[-121.96314, 38.02511], [-121.96205, 38.02679], [-121.96331, 38.0283], [-121.96566, 38.02813], [-121.96674, 38.02645], [-121.96548, 38.02494], [-121.96314, 38.02511]]]}}, {"type": "Feature", "properties": {"id": 264, "name": "Rivershore Apartments", "lst": 47.15, "green": 11.54, "pop": 714, "pct65": 7.0, "ac": 75.15, "holc": null, "access_min": 79.0, "access_km": 6.32, "score": 66.0, "rank": 111.0, "area_m2": 109554, "street_m": 1664, "canopy_m2": 12644.0, "row_m2": 0.0, "row_canopy": 0.0, "veg": 15.4, "place": "res", "land": null, "green_src": "canopy", "canopy_source": "usfs-2022", "canopy_year": "2022", "assessed_m2": 109616.4, "coverage_frac": 0.9999580639553396, "canopy_quality": "full", "scenario_ok": true, "canopy_baseline_ok": true, "ac_src": "lace", "ac_coverage": 1.0, "acs_year": 2024, "access_snap_m": 40.0, "access_quality": "network-estimate", "access_src": "routed", "city": "Bay Point", "city_kind": "cdp", "inside_frac": 1.0, "rank_lo": 41, "rank_hi": 203, "rank_top_share": 0.163}, "geometry": {"type": "Polygon", "coordinates": [[[-121.9561, 38.02563], [-121.95502, 38.0273], [-121.95628, 38.02881], [-121.95862, 38.02864], [-121.95971, 38.02696], [-121.95845, 38.02546], [-121.9561, 38.02563]]]}}, {"type": "Feature", "properties": {"id": 265, "name": "Vista Del Mar W 2", "lst": 45.89, "green": 3.09, "pop": 24, "pct65": 12.9, "ac": 96.02, "holc": null, "access_min": 104.8, "access_km": 8.38, "score": 41.4, "rank": 460.0, "area_m2": 109564, "street_m": 1344, "canopy_m2": 3386.0, "row_m2": 0.0, "row_canopy": 0.0, "veg": 11.0, "place": "res", "land": null, "green_src": "canopy", "canopy_source": "usfs-2022", "canopy_year": "2022", "assessed_m2": 109626.48, "coverage_frac": 0.9999637040340692, "canopy_quality": "full", "scenario_ok": true, "canopy_baseline_ok": true, "ac_src": "lace", "ac_coverage": 1.0, "acs_year": 2024, "access_snap_m": 116.0, "access_quality": "approach-review", "access_src": "routed", "city": "Pittsburg", "city_kind": "city", "inside_frac": 1.0, "rank_lo": 405, "rank_hi": 494, "rank_top_share": 0.0}, "geometry": {"type": "Polygon", "coordinates": [[[-121.96586, 38.01052], [-121.96478, 38.0122], [-121.96604, 38.01371], [-121.96838, 38.01353], [-121.96947, 38.01186], [-121.96821, 38.01035], [-121.96586, 38.01052]]]}}, {"type": "Feature", "properties": {"id": 266, "name": "Positano at San Marco SE 2", "lst": 46.3, "green": 1.8, "pop": 16, "pct65": 12.7, "ac": 95.8, "holc": null, "access_min": 107.4, "access_km": 8.59, "score": 43.8, "rank": 427.0, "area_m2": 109559, "street_m": 2464, "canopy_m2": 1974.0, "row_m2": 0.0, "row_canopy": 0.0, "veg": 6.7, "place": "res", "land": null, "green_src": "canopy", "canopy_source": "usfs-2022", "canopy_year": "2022", "assessed_m2": 109623.6, "coverage_frac": 0.9999869195818724, "canopy_quality": "full", "scenario_ok": true, "canopy_baseline_ok": true, "ac_src": "lace", "ac_coverage": 1.0, "acs_year": 2024, "access_snap_m": 92.0, "access_quality": "network-estimate", "access_src": "routed", "city": "Pittsburg", "city_kind": "city", "inside_frac": 1.0, "rank_lo": 369, "rank_hi": 477, "rank_top_share": 0.0}, "geometry": {"type": "Polygon", "coordinates": [[[-121.96947, 38.01186], [-121.96838, 38.01353], [-121.96964, 38.01504], [-121.97199, 38.01487], [-121.97307, 38.01319], [-121.97181, 38.01168], [-121.96947, 38.01186]]]}}, {"type": "Feature", "properties": {"id": 267, "name": "Vista Del Mar NW 3", "lst": 45.18, "green": 5.64, "pop": 192, "pct65": 14.0, "ac": 96.3, "holc": null, "access_min": 103.7, "access_km": 8.3, "score": 48.7, "rank": 322.0, "area_m2": 109565, "street_m": 1847, "canopy_m2": 6179.0, "row_m2": 0.0, "row_canopy": 0.0, "veg": 10.5, "place": "res", "land": null, "green_src": "canopy", "canopy_source": "usfs-2022", "canopy_year": "2022", "assessed_m2": 109630.08, "coverage_frac": 0.9999861686691532, "canopy_quality": "full", "scenario_ok": true, "canopy_baseline_ok": true, "ac_src": "lace", "ac_coverage": 1.0, "acs_year": 2024, "access_snap_m": 161.0, "access_quality": "approach-review", "access_src": "routed", "city": "Pittsburg", "city_kind": "city", "inside_frac": 1.0, "rank_lo": 218, "rank_hi": 441, "rank_top_share": 0.0}, "geometry": {"type": "Polygon", "coordinates": [[[-121.96243, 38.01237], [-121.96135, 38.01405], [-121.96261, 38.01555], [-121.96495, 38.01538], [-121.96604, 38.01371], [-121.96478, 38.0122], [-121.96243, 38.01237]]]}}, {"type": "Feature", "properties": {"id": 268, "name": "San Marco Villas S 2", "lst": 46.23, "green": 3.12, "pop": 27, "pct65": 12.9, "ac": 96.07, "holc": null, "access_min": 101.8, "access_km": 8.14, "score": 41.6, "rank": 455.0, "area_m2": 109560, "street_m": 2164, "canopy_m2": 3418.0, "row_m2": 0.0, "row_canopy": 0.0, "veg": 10.8, "place": "res", "land": null, "green_src": "canopy", "canopy_source": "usfs-2022", "canopy_year": "2022", "assessed_m2": 109627.2, "coverage_frac": 1.0, "canopy_quality": "full", "scenario_ok": true, "canopy_baseline_ok": true, "ac_src": "lace", "ac_coverage": 1.0, "acs_year": 2024, "access_snap_m": 103.0, "access_quality": "approach-review", "access_src": "routed", "city": "Pittsburg", "city_kind": "city", "inside_frac": 1.0, "rank_lo": 402, "rank_hi": 490, "rank_top_share": 0.0}, "geometry": {"type": "Polygon", "coordinates": [[[-121.96604, 38.01371], [-121.96495, 38.01538], [-121.96621, 38.01689], [-121.96856, 38.01672], [-121.96964, 38.01504], [-121.96838, 38.01353], [-121.96604, 38.01371]]]}}, {"type": "Feature", "properties": {"id": 269, "name": "Vista Del Mar W 3", "lst": 44.68, "green": 5.92, "pop": 16, "pct65": 12.7, "ac": 95.8, "holc": null, "access_min": 95.3, "access_km": 7.62, "score": 34.2, "rank": 517.0, "area_m2": 109569, "street_m": 155, "canopy_m2": 4622.0, "row_m2": 0.0, "row_canopy": 0.0, "veg": 13.1, "place": "res", "land": null, "green_src": "canopy", "canopy_source": "usfs-2022", "canopy_year": "2022", "assessed_m2": 78098.4, "coverage_frac": 0.7123508095955373, "canopy_quality": "partial", "scenario_ok": true, "canopy_baseline_ok": false, "ac_src": "lace", "ac_coverage": 1.0, "acs_year": 2024, "access_snap_m": 236.0, "access_quality": "approach-review", "access_src": "routed", "city": "Pittsburg", "city_kind": "city", "inside_frac": 1.0, "rank_lo": 470, "rank_hi": 534, "rank_top_share": 0.0}, "geometry": {"type": "Polygon", "coordinates": [[[-121.96569, 38.00733], [-121.9646, 38.00901], [-121.96586, 38.01052], [-121.96821, 38.01035], [-121.96929, 38.00867], [-121.96803, 38.00716], [-121.96569, 38.00733]]]}}, {"type": "Feature", "properties": {"id": 270, "name": "Positano at San Marco SE 3", "lst": 45.06, "green": 0.76, "pop": 16, "pct65": 12.7, "ac": 95.8, "holc": null, "access_min": 108.9, "access_km": 8.71, "score": 46.2, "rank": 390.0, "area_m2": 109563, "street_m": 410, "canopy_m2": 838.0, "row_m2": 0.0, "row_canopy": 0.0, "veg": 11.3, "place": "res", "land": null, "green_src": "canopy", "canopy_source": "usfs-2022", "canopy_year": "2022", "assessed_m2": 109626.48, "coverage_frac": 0.9999740865300324, "canopy_quality": "full", "scenario_ok": true, "canopy_baseline_ok": true, "ac_src": "lace", "ac_coverage": 1.0, "acs_year": 2024, "access_snap_m": 202.0, "access_quality": "approach-review", "access_src": "routed", "city": "Pittsburg", "city_kind": "city", "inside_frac": 1.0, "rank_lo": 320, "rank_hi": 444, "rank_top_share": 0.0}, "geometry": {"type": "Polygon", "coordinates": [[[-121.96929, 38.00867], [-121.96821, 38.01035], [-121.96947, 38.01186], [-121.97181, 38.01168], [-121.97289, 38.01001], [-121.97163, 38.0085], [-121.96929, 38.00867]]]}}, {"type": "Feature", "properties": {"id": 271, "name": "Vista Del Mar W", "lst": 45.99, "green": 3.3, "pop": 180, "pct65": 14.0, "ac": 96.3, "holc": null, "access_min": 100.3, "access_km": 8.02, "score": 54.7, "rank": 220.0, "area_m2": 109570, "street_m": 1932, "canopy_m2": 3616.0, "row_m2": 0.0, "row_canopy": 0.0, "veg": 9.3, "place": "res", "land": null, "green_src": "canopy", "canopy_source": "usfs-2022", "canopy_year": "2022", "assessed_m2": 109639.44, "coverage_frac": 1.0, "canopy_quality": "full", "scenario_ok": true, "canopy_baseline_ok": true, "ac_src": "lace", "ac_coverage": 1.0, "acs_year": 2024, "access_snap_m": 143.0, "access_quality": "approach-review", "access_src": "routed", "city": "Pittsburg", "city_kind": "city", "inside_frac": 1.0, "rank_lo": 155, "rank_hi": 319, "rank_top_share": 0.0}, "geometry": {"type": "Polygon", "coordinates": [[[-121.96226, 38.00918], [-121.96118, 38.01086], [-121.96243, 38.01237], [-121.96478, 38.0122], [-121.96586, 38.01052], [-121.9646, 38.00901], [-121.96226, 38.00918]]]}}, {"type": "Feature", "properties": {"id": 272, "name": "Positano at San Marco NE", "lst": 45.93, "green": 0.73, "pop": 16, "pct65": 12.6, "ac": 95.8, "holc": null, "access_min": 107.3, "access_km": 8.58, "score": 46.1, "rank": 391.0, "area_m2": 109549, "street_m": 2487, "canopy_m2": 799.0, "row_m2": 0.0, "row_canopy": 0.0, "veg": 5.8, "place": "res", "land": null, "green_src": "canopy", "canopy_source": "usfs-2022", "canopy_year": "2022", "assessed_m2": 109613.88, "coverage_frac": 0.9999868613376656, "canopy_quality": "full", "scenario_ok": true, "canopy_baseline_ok": true, "ac_src": "lace", "ac_coverage": 1.0, "acs_year": 2024, "access_snap_m": 136.0, "access_quality": "approach-review", "access_src": "routed", "city": "Pittsburg", "city_kind": "city", "inside_frac": 1.0, "rank_lo": 319, "rank_hi": 442, "rank_top_share": 0.0}, "geometry": {"type": "Polygon", "coordinates": [[[-121.97324, 38.01638], [-121.97216, 38.01806], [-121.97342, 38.01956], [-121.97576, 38.01939], [-121.97685, 38.01772], [-121.97559, 38.01621], [-121.97324, 38.01638]]]}}, {"type": "Feature", "properties": {"id": 273, "name": "Positano at San Marco NW", "lst": 47.45, "green": 0.09, "pop": 16, "pct65": 11.9, "ac": 95.8, "holc": null, "access_min": 68.4, "access_km": 5.47, "score": 46.9, "rank": 372.0, "area_m2": 109544, "street_m": 179, "canopy_m2": 103.0, "row_m2": 0.0, "row_canopy": 0.0, "veg": 10.2, "place": "res", "land": null, "green_src": "canopy", "canopy_source": "usfs-2022", "canopy_year": "2022", "assessed_m2": 109607.76, "coverage_frac": 0.9999805350420868, "canopy_quality": "full", "scenario_ok": true, "canopy_baseline_ok": true, "ac_src": "lace", "ac_coverage": 1.0, "acs_year": 2024, "access_snap_m": 215.0, "access_quality": "approach-review", "access_src": "routed", "city": "Pittsburg", "city_kind": "city", "inside_frac": 1.0, "rank_lo": 280, "rank_hi": 422, "rank_top_share": 0.0}, "geometry": {"type": "Polygon", "coordinates": [[[-121.97685, 38.01772], [-121.97576, 38.01939], [-121.97702, 38.0209], [-121.97937, 38.02073], [-121.98045, 38.01905], [-121.97919, 38.01754], [-121.97685, 38.01772]]]}}, {"type": "Feature", "properties": {"id": 274, "name": "San Marco Villas SW", "lst": 45.9, "green": 0.46, "pop": 16, "pct65": 12.1, "ac": 95.8, "holc": null, "access_min": 100.4, "access_km": 8.03, "score": 46.2, "rank": 388.0, "area_m2": 109550, "street_m": 1618, "canopy_m2": 501.0, "row_m2": 0.0, "row_canopy": 0.0, "veg": 10.8, "place": "res", "land": null, "green_src": "canopy", "canopy_source": "usfs-2022", "canopy_year": "2022", "assessed_m2": 109614.96, "coverage_frac": 0.9999863369917784, "canopy_quality": "full", "scenario_ok": true, "canopy_baseline_ok": true, "ac_src": "lace", "ac_coverage": 1.0, "acs_year": 2024, "access_snap_m": 86.0, "access_quality": "network-estimate", "access_src": "routed", "city": "Pittsburg", "city_kind": "city", "inside_frac": 1.0, "rank_lo": 308, "rank_hi": 439, "rank_top_share": 0.0}, "geometry": {"type": "Polygon", "coordinates": [[[-121.96982, 38.01823], [-121.96873, 38.01991], [-121.96999, 38.02141], [-121.97234, 38.02124], [-121.97342, 38.01956], [-121.97216, 38.01806], [-121.96982, 38.01823]]]}}, {"type": "Feature", "properties": {"id": 275, "name": "Positano at San Marco N", "lst": 48.38, "green": 0.01, "pop": 17, "pct65": 11.7, "ac": 95.8, "holc": null, "access_min": 104.2, "access_km": 8.33, "score": 47.0, "rank": 370.0, "area_m2": 109545, "street_m": 227, "canopy_m2": 15.0, "row_m2": 0.0, "row_canopy": 0.0, "veg": 9.6, "place": "res", "land": null, "green_src": "canopy", "canopy_source": "usfs-2022", "canopy_year": "2022", "assessed_m2": 109607.76, "coverage_frac": 0.9999701536186374, "canopy_quality": "full", "scenario_ok": true, "canopy_baseline_ok": true, "ac_src": "lace", "ac_coverage": 1.0, "acs_year": 2024, "access_snap_m": 373.0, "access_quality": "approach-review", "access_src": "routed", "city": "Pittsburg", "city_kind": "city", "inside_frac": 1.0, "rank_lo": 273, "rank_hi": 420, "rank_top_share": 0.0}, "geometry": {"type": "Polygon", "coordinates": [[[-121.97342, 38.01956], [-121.97234, 38.02124], [-121.9736, 38.02275], [-121.97594, 38.02258], [-121.97702, 38.0209], [-121.97576, 38.01939], [-121.97342, 38.01956]]]}}, {"type": "Feature", "properties": {"id": 276, "name": "Positano at San Marco SE", "lst": 46.16, "green": 0.23, "pop": 16, "pct65": 12.7, "ac": 95.8, "holc": null, "access_min": 111.6, "access_km": 8.93, "score": 47.4, "rank": 358.0, "area_m2": 109553, "street_m": 2272, "canopy_m2": 256.0, "row_m2": 0.0, "row_canopy": 0.0, "veg": 4.1, "place": "res", "land": null, "green_src": "canopy", "canopy_source": "usfs-2022", "canopy_year": "2022", "assessed_m2": 109617.84, "coverage_frac": 0.9999838705158464, "canopy_quality": "full", "scenario_ok": true, "canopy_baseline_ok": true, "ac_src": "lace", "ac_coverage": 1.0, "acs_year": 2024, "access_snap_m": 135.0, "access_quality": "approach-review", "access_src": "routed", "city": "Pittsburg", "city_kind": "city", "inside_frac": 1.0, "rank_lo": 278, "rank_hi": 414, "rank_top_share": 0.0}, "geometry": {"type": "Polygon", "coordinates": [[[-121.97307, 38.01319], [-121.97199, 38.01487], [-121.97324, 38.01638], [-121.97559, 38.01621], [-121.97667, 38.01453], [-121.97541, 38.01302], [-121.97307, 38.01319]]]}}, {"type": "Feature", "properties": {"id": 277, "name": "Positano at San Marco", "lst": 45.16, "green": 0.09, "pop": 16, "pct65": 12.7, "ac": 95.8, "holc": null, "access_min": 68.6, "access_km": 5.49, "score": 47.7, "rank": 350.0, "area_m2": 109548, "street_m": 1046, "canopy_m2": 96.0, "row_m2": 0.0, "row_canopy": 0.0, "veg": 9.6, "place": "res", "land": null, "green_src": "canopy", "canopy_source": "usfs-2022", "canopy_year": "2022", "assessed_m2": 109616.4, "coverage_frac": 1.0, "canopy_quality": "full", "scenario_ok": true, "canopy_baseline_ok": true, "ac_src": "lace", "ac_coverage": 1.0, "acs_year": 2024, "access_snap_m": 170.0, "access_quality": "approach-review", "access_src": "routed", "city": "Pittsburg", "city_kind": "city", "inside_frac": 1.0, "rank_lo": 263, "rank_hi": 404, "rank_top_share": 0.0}, "geometry": {"type": "Polygon", "coordinates": [[[-121.97667, 38.01453], [-121.97559, 38.01621], [-121.97685, 38.01772], [-121.97919, 38.01754], [-121.98028, 38.01587], [-121.97902, 38.01436], [-121.97667, 38.01453]]]}}, {"type": "Feature", "properties": {"id": 278, "name": "Positano at San Marco E", "lst": 46.14, "green": 0.9, "pop": 16, "pct65": 12.7, "ac": 95.8, "holc": null, "access_min": 108.1, "access_km": 8.65, "score": 45.8, "rank": 398.0, "area_m2": 109554, "street_m": 1612, "canopy_m2": 989.0, "row_m2": 0.0, "row_canopy": 0.0, "veg": 5.7, "place": "res", "land": null, "green_src": "canopy", "canopy_source": "usfs-2022", "canopy_year": "2022", "assessed_m2": 109620.36, "coverage_frac": 0.9999964768365884, "canopy_quality": "full", "scenario_ok": true, "canopy_baseline_ok": true, "ac_src": "lace", "ac_coverage": 1.0, "acs_year": 2024, "access_snap_m": 140.0, "access_quality": "approach-review", "access_src": "routed", "city": "Pittsburg", "city_kind": "city", "inside_frac": 1.0, "rank_lo": 329, "rank_hi": 451, "rank_top_share": 0.0}, "geometry": {"type": "Polygon", "coordinates": [[[-121.96964, 38.01504], [-121.96856, 38.01672], [-121.96982, 38.01823], [-121.97216, 38.01806], [-121.97324, 38.01638], [-121.97199, 38.01487], [-121.96964, 38.01504]]]}}, {"type": "Feature", "properties": {"id": 279, "name": "Vista Del Mar N", "lst": 46.69, "green": 2.44, "pop": 190, "pct65": 13.9, "ac": 96.3, "holc": null, "access_min": 87.6, "access_km": 7.01, "score": 57.9, "rank": 197.0, "area_m2": 109572, "street_m": 1389, "canopy_m2": 2670.0, "row_m2": 0.0, "row_canopy": 0.0, "veg": 8.2, "place": "res", "land": null, "green_src": "canopy", "canopy_source": "usfs-2022", "canopy_year": "2022", "assessed_m2": 109637.64, "coverage_frac": 0.9999952920330748, "canopy_quality": "full", "scenario_ok": true, "canopy_baseline_ok": true, "ac_src": "lace", "ac_coverage": 1.0, "acs_year": 2024, "access_snap_m": 205.0, "access_quality": "approach-review", "access_src": "routed", "city": "Pittsburg", "city_kind": "city", "inside_frac": 1.0, "rank_lo": 126, "rank_hi": 256, "rank_top_share": 0.0}, "geometry": {"type": "Polygon", "coordinates": [[[-121.9554, 38.01288], [-121.95432, 38.01456], [-121.95558, 38.01607], [-121.95792, 38.0159], [-121.95901, 38.01422], [-121.95775, 38.01271], [-121.9554, 38.01288]]]}}, {"type": "Feature", "properties": {"id": 280, "name": "Vista Del Mar NW 2", "lst": 45.2, "green": 0.62, "pop": 198, "pct65": 14.0, "ac": 96.3, "holc": null, "access_min": 92.4, "access_km": 7.39, "score": 64.2, "rank": 129.0, "area_m2": 109566, "street_m": 569, "canopy_m2": 684.0, "row_m2": 0.0, "row_canopy": 0.0, "veg": 9.1, "place": "res", "land": null, "green_src": "canopy", "canopy_source": "usfs-2022", "canopy_year": "2022", "assessed_m2": 109629.72, "coverage_frac": 0.9999725219080992, "canopy_quality": "full", "scenario_ok": true, "canopy_baseline_ok": true, "ac_src": "lace", "ac_coverage": 1.0, "acs_year": 2024, "access_snap_m": 313.0, "access_quality": "approach-review", "access_src": "routed", "city": "Pittsburg", "city_kind": "city", "inside_frac": 1.0, "rank_lo": 62, "rank_hi": 202, "rank_top_share": 0.033}, "geometry": {"type": "Polygon", "coordinates": [[[-121.95901, 38.01422], [-121.95792, 38.0159], [-121.95918, 38.0174], [-121.96153, 38.01723], [-121.96261, 38.01555], [-121.96135, 38.01405], [-121.95901, 38.01422]]]}}, {"type": "Feature", "properties": {"id": 281, "name": "Oak Hills NW 2", "lst": 47.47, "green": 5.16, "pop": 203, "pct65": 12.6, "ac": 96.3, "holc": null, "access_min": 81.6, "access_km": 6.53, "score": 49.1, "rank": 312.0, "area_m2": 109573, "street_m": 1967, "canopy_m2": 5653.0, "row_m2": 0.0, "row_canopy": 0.0, "veg": 9.6, "place": "res", "land": null, "green_src": "canopy", "canopy_source": "usfs-2022", "canopy_year": "2022", "assessed_m2": 109638.36, "coverage_frac": 0.9999915102429274, "canopy_quality": "full", "scenario_ok": true, "canopy_baseline_ok": true, "ac_src": "lace", "ac_coverage": 1.0, "acs_year": 2024, "access_snap_m": 125.0, "access_quality": "approach-review", "access_src": "routed", "city": "Pittsburg", "city_kind": "city", "inside_frac": 1.0, "rank_lo": 222, "rank_hi": 425, "rank_top_share": 0.0}, "geometry": {"type": "Polygon", "coordinates": [[[-121.95197, 38.01473], [-121.95089, 38.01641], [-121.95215, 38.01792], [-121.95449, 38.01775], [-121.95558, 38.01607], [-121.95432, 38.01456], [-121.95197, 38.01473]]]}}, {"type": "Feature", "properties": {"id": 282, "name": "Oak Hills NW 3", "lst": 47.96, "green": 2.22, "pop": 197, "pct65": 14.0, "ac": 96.3, "holc": null, "access_min": 85.9, "access_km": 6.87, "score": 59.3, "rank": 183.0, "area_m2": 109568, "street_m": 1692, "canopy_m2": 2439.0, "row_m2": 0.0, "row_canopy": 0.0, "veg": 6.8, "place": "res", "land": null, "green_src": "canopy", "canopy_source": "usfs-2022", "canopy_year": "2022", "assessed_m2": 109634.76, "coverage_frac": 1.0, "canopy_quality": "full", "scenario_ok": true, "canopy_baseline_ok": true, "ac_src": "lace", "ac_coverage": 1.0, "acs_year": 2024, "access_snap_m": 149.0, "access_quality": "approach-review", "access_src": "routed", "city": "Pittsburg", "city_kind": "city", "inside_frac": 1.0, "rank_lo": 109, "rank_hi": 246, "rank_top_share": 0.0}, "geometry": {"type": "Polygon", "coordinates": [[[-121.95558, 38.01607], [-121.95449, 38.01775], [-121.95575, 38.01925], [-121.9581, 38.01908], [-121.95918, 38.0174], [-121.95792, 38.0159], [-121.95558, 38.01607]]]}}, {"type": "Feature", "properties": {"id": 283, "name": "Vista Del Mar", "lst": 47.5, "green": 4.67, "pop": 181, "pct65": 13.6, "ac": 96.3, "holc": null, "access_min": 91.8, "access_km": 7.34, "score": 50.3, "rank": 286.0, "area_m2": 109576, "street_m": 1523, "canopy_m2": 5120.0, "row_m2": 0.0, "row_canopy": 0.0, "veg": 9.9, "place": "res", "land": null, "green_src": "canopy", "canopy_source": "usfs-2022", "canopy_year": "2022", "assessed_m2": 109636.56, "coverage_frac": 0.9999463349745176, "canopy_quality": "full", "scenario_ok": true, "canopy_baseline_ok": true, "ac_src": "lace", "ac_coverage": 1.0, "acs_year": 2024, "access_snap_m": 109.0, "access_quality": "approach-review", "access_src": "routed", "city": "Pittsburg", "city_kind": "city", "inside_frac": 1.0, "rank_lo": 213, "rank_hi": 420, "rank_top_share": 0.0}, "geometry": {"type": "Polygon", "coordinates": [[[-121.95523, 38.00969], [-121.95414, 38.01137], [-121.9554, 38.01288], [-121.95775, 38.01271], [-121.95883, 38.01103], [-121.95757, 38.00952], [-121.95523, 38.00969]]]}}, {"type": "Feature", "properties": {"id": 284, "name": "Vista Del Mar NW", "lst": 47.66, "green": 1.41, "pop": 198, "pct65": 14.0, "ac": 96.3, "holc": null, "access_min": 97.0, "access_km": 7.76, "score": 61.8, "rank": 158.0, "area_m2": 109571, "street_m": 1209, "canopy_m2": 1544.0, "row_m2": 0.0, "row_canopy": 0.0, "veg": 8.5, "place": "res", "land": null, "green_src": "canopy", "canopy_source": "usfs-2022", "canopy_year": "2022", "assessed_m2": 109638.36, "coverage_frac": 1.0, "canopy_quality": "full", "scenario_ok": true, "canopy_baseline_ok": true, "ac_src": "lace", "ac_coverage": 1.0, "acs_year": 2024, "access_snap_m": 107.0, "access_quality": "approach-review", "access_src": "routed", "city": "Pittsburg", "city_kind": "city", "inside_frac": 1.0, "rank_lo": 85, "rank_hi": 222, "rank_top_share": 0.0}, "geometry": {"type": "Polygon", "coordinates": [[[-121.95883, 38.01103], [-121.95775, 38.01271], [-121.95901, 38.01422], [-121.96135, 38.01405], [-121.96243, 38.01237], [-121.96118, 38.01086], [-121.95883, 38.01103]]]}}, {"type": "Feature", "properties": {"id": 285, "name": "Oak Hills NW", "lst": 46.32, "green": 8.12, "pop": 282, "pct65": 8.6, "ac": 96.3, "holc": null, "access_min": 83.9, "access_km": 6.71, "score": 39.3, "rank": 478.0, "area_m2": 109577, "street_m": 1084, "canopy_m2": 8908.0, "row_m2": 0.0, "row_canopy": 0.0, "veg": 12.9, "place": "res", "land": null, "green_src": "canopy", "canopy_source": "usfs-2022", "canopy_year": "2022", "assessed_m2": 109640.52, "coverage_frac": 0.99997209854887, "canopy_quality": "full", "scenario_ok": true, "canopy_baseline_ok": true, "ac_src": "lace", "ac_coverage": 1.0, "acs_year": 2024, "access_snap_m": 161.0, "access_quality": "approach-review", "access_src": "routed", "city": "Pittsburg", "city_kind": "city", "inside_frac": 1.0, "rank_lo": 304, "rank_hi": 508, "rank_top_share": 0.0}, "geometry": {"type": "Polygon", "coordinates": [[[-121.9518, 38.01154], [-121.95072, 38.01322], [-121.95197, 38.01473], [-121.95432, 38.01456], [-121.9554, 38.01288], [-121.95414, 38.01137], [-121.9518, 38.01154]]]}}, {"type": "Feature", "properties": {"id": 286, "name": "Pittsburg NE 40", "lst": 25.5, "green": 0.0, "pop": 0, "pct65": 12.9, "ac": 65.05, "holc": null, "access_min": 58.6, "access_km": 4.69, "score": null, "rank": null, "area_m2": 109639, "street_m": 0, "canopy_m2": 0.0, "row_m2": 0.0, "row_canopy": 0.0, "veg": 35.3, "place": "empty", "land": "wetland", "green_src": "canopy", "canopy_source": "chm-legacy", "canopy_year": "2009-2020", "assessed_m2": 178833.6, "coverage_frac": 1.0, "canopy_quality": "full", "scenario_ok": false, "canopy_baseline_ok": false, "ac_src": "income-model", "ac_coverage": null, "acs_year": 2024, "access_snap_m": 1953.0, "access_quality": "approach-review", "access_src": "routed", "city": "Pittsburg", "city_kind": "city", "inside_frac": 0.016, "rank_lo": null, "rank_hi": null, "rank_top_share": null}, "geometry": {"type": "Polygon", "coordinates": [[[-121.85109, 38.04283], [-121.85, 38.0445], [-121.85126, 38.04601], [-121.85361, 38.04584], [-121.85469, 38.04417], [-121.85343, 38.04266], [-121.85109, 38.04283]]]}}, {"type": "Feature", "properties": {"id": 287, "name": "Edgewater Apartment Homes NE 27", "lst": 25.6, "green": 0.59, "pop": 0, "pct65": 12.9, "ac": 65.05, "holc": null, "access_min": 44.3, "access_km": 3.54, "score": null, "rank": null, "area_m2": 109658, "street_m": 0, "canopy_m2": 649.0, "row_m2": 0.0, "row_canopy": 0.0, "veg": 24.7, "place": "empty", "land": "wetland", "green_src": "canopy", "canopy_source": "chm-legacy", "canopy_year": "2009-2020", "assessed_m2": 178807.68, "coverage_frac": 1.0, "canopy_quality": "full", "scenario_ok": false, "canopy_baseline_ok": false, "ac_src": "income-model", "ac_coverage": null, "acs_year": 2024, "access_snap_m": 832.0, "access_quality": "approach-review", "access_src": "routed", "city": "Pittsburg", "city_kind": "city", "inside_frac": 0.01, "rank_lo": null, "rank_hi": null, "rank_top_share": null}, "geometry": {"type": "Polygon", "coordinates": [[[-121.84697, 38.03192], [-121.84588, 38.0336], [-121.84714, 38.03511], [-121.84948, 38.03494], [-121.85057, 38.03326], [-121.84931, 38.03175], [-121.84697, 38.03192]]]}}, {"type": "Feature", "properties": {"id": 288, "name": "Edgewater Apartment Homes NE 25", "lst": 27.17, "green": 2.17, "pop": 0, "pct65": 12.9, "ac": 65.05, "holc": null, "access_min": 42.6, "access_km": 3.41, "score": null, "rank": null, "area_m2": 109668, "street_m": 0, "canopy_m2": 2380.0, "row_m2": 0.0, "row_canopy": 0.0, "veg": 6.2, "place": "empty", "land": "open water", "green_src": "canopy", "canopy_source": "chm-legacy", "canopy_year": "2009-2020", "assessed_m2": 178804.8, "coverage_frac": 1.0, "canopy_quality": "full", "scenario_ok": false, "canopy_baseline_ok": false, "ac_src": "income-model", "ac_coverage": null, "acs_year": 2024, "access_snap_m": 589.0, "access_quality": "approach-review", "access_src": "routed", "city": "Pittsburg", "city_kind": "city", "inside_frac": 0.418, "rank_lo": null, "rank_hi": null, "rank_top_share": null}, "geometry": {"type": "Polygon", "coordinates": [[[-121.84319, 38.0274], [-121.8421, 38.02907], [-121.84336, 38.03058], [-121.84571, 38.03041], [-121.8468, 38.02874], [-121.84554, 38.02723], [-121.84319, 38.0274]]]}}, {"type": "Feature", "properties": {"id": 289, "name": "Edgewater Apartment Homes NE 23", "lst": 25.43, "green": 1.35, "pop": 0, "pct65": 12.9, "ac": 65.05, "holc": null, "access_min": 40.2, "access_km": 3.22, "score": null, "rank": null, "area_m2": 109662, "street_m": 0, "canopy_m2": 1476.0, "row_m2": 0.0, "row_canopy": 0.0, "veg": 0.0, "place": "empty", "land": "open water", "green_src": "canopy", "canopy_source": "chm-legacy", "canopy_year": "2009-2020", "assessed_m2": 178804.8, "coverage_frac": 1.0, "canopy_quality": "full", "scenario_ok": false, "canopy_baseline_ok": false, "ac_src": "income-model", "ac_coverage": null, "acs_year": 2024, "access_snap_m": 528.0, "access_quality": "approach-review", "access_src": "routed", "city": "Pittsburg", "city_kind": "city", "inside_frac": 0.439, "rank_lo": null, "rank_hi": null, "rank_top_share": null}, "geometry": {"type": "Polygon", "coordinates": [[[-121.8468, 38.02874], [-121.84571, 38.03041], [-121.84697, 38.03192], [-121.84931, 38.03175], [-121.8504, 38.03008], [-121.84914, 38.02857], [-121.8468, 38.02874]]]}}, {"type": "Feature", "properties": {"id": 290, "name": "Edgewater Apartment Homes NE 28", "lst": 27.54, "green": 0.0, "pop": 0, "pct65": 12.9, "ac": 65.05, "holc": null, "access_min": 49.8, "access_km": 3.98, "score": null, "rank": null, "area_m2": 109648, "street_m": 0, "canopy_m2": 0.0, "row_m2": 0.0, "row_canopy": 0.0, "veg": 18.2, "place": "empty", "land": "wetland", "green_src": "canopy", "canopy_source": "chm-legacy", "canopy_year": "2009-2020", "assessed_m2": 178822.08, "coverage_frac": 1.0, "canopy_quality": "full", "scenario_ok": false, "canopy_baseline_ok": false, "ac_src": "income-model", "ac_coverage": null, "acs_year": 2024, "access_snap_m": 1290.0, "access_quality": "approach-review", "access_src": "routed", "city": "Pittsburg", "city_kind": "city", "inside_frac": 0.827, "rank_lo": null, "rank_hi": null, "rank_top_share": null}, "geometry": {"type": "Polygon", "coordinates": [[[-121.85074, 38.03645], [-121.84966, 38.03813], [-121.85092, 38.03964], [-121.85326, 38.03947], [-121.85435, 38.03779], [-121.85309, 38.03628], [-121.85074, 38.03645]]]}}, {"type": "Feature", "properties": {"id": 291, "name": "Edgewater Apartment Homes N 11", "lst": 28.26, "green": 0.0, "pop": 0, "pct65": 12.9, "ac": 65.05, "holc": null, "access_min": 50.8, "access_km": 4.07, "score": null, "rank": null, "area_m2": 109642, "street_m": 0, "canopy_m2": 0.0, "row_m2": 0.0, "row_canopy": 0.0, "veg": 39.3, "place": "empty", "land": "wetland", "green_src": "canopy", "canopy_source": "chm-legacy", "canopy_year": "2009-2020", "assessed_m2": 178816.32, "coverage_frac": 1.0, "canopy_quality": "full", "scenario_ok": false, "canopy_baseline_ok": false, "ac_src": "income-model", "ac_coverage": null, "acs_year": 2024, "access_snap_m": 1333.0, "access_quality": "approach-review", "access_src": "routed", "city": "Pittsburg", "city_kind": "city", "inside_frac": 1.0, "rank_lo": null, "rank_hi": null, "rank_top_share": null}, "geometry": {"type": "Polygon", "coordinates": [[[-121.85435, 38.03779], [-121.85326, 38.03947], [-121.85452, 38.04098], [-121.85687, 38.04081], [-121.85795, 38.03913], [-121.8567, 38.03762], [-121.85435, 38.03779]]]}}, {"type": "Feature", "properties": {"id": 292, "name": "Edgewater Apartment Homes NE 30", "lst": 25.93, "green": 0.0, "pop": 0, "pct65": 12.9, "ac": 65.05, "holc": null, "access_min": 54.6, "access_km": 4.36, "score": null, "rank": null, "area_m2": 109644, "street_m": 0, "canopy_m2": 0.0, "row_m2": 0.0, "row_canopy": 0.0, "veg": 12.6, "place": "empty", "land": "open water", "green_src": "canopy", "canopy_source": "chm-legacy", "canopy_year": "2009-2020", "assessed_m2": 178820.64, "coverage_frac": 1.0, "canopy_quality": "full", "scenario_ok": false, "canopy_baseline_ok": false, "ac_src": "income-model", "ac_coverage": null, "acs_year": 2024, "access_snap_m": 1632.0, "access_quality": "approach-review", "access_src": "routed", "city": "Pittsburg", "city_kind": "city", "inside_frac": 0.514, "rank_lo": null, "rank_hi": null, "rank_top_share": null}, "geometry": {"type": "Polygon", "coordinates": [[[-121.85092, 38.03964], [-121.84983, 38.04132], [-121.85109, 38.04283], [-121.85343, 38.04266], [-121.85452, 38.04098], [-121.85326, 38.03947], [-121.85092, 38.03964]]]}}, {"type": "Feature", "properties": {"id": 293, "name": "Edgewater Apartment Homes NE 26", "lst": 26.66, "green": 0.71, "pop": 0, "pct65": 12.9, "ac": 65.05, "holc": null, "access_min": 45.7, "access_km": 3.66, "score": null, "rank": null, "area_m2": 109652, "street_m": 0, "canopy_m2": 775.0, "row_m2": 0.0, "row_canopy": 0.0, "veg": 21.0, "place": "empty", "land": "wetland", "green_src": "canopy", "canopy_source": "chm-legacy", "canopy_year": "2009-2020", "assessed_m2": 178809.12, "coverage_frac": 1.0, "canopy_quality": "full", "scenario_ok": false, "canopy_baseline_ok": false, "ac_src": "income-model", "ac_coverage": null, "acs_year": 2024, "access_snap_m": 948.0, "access_quality": "approach-review", "access_src": "routed", "city": "Pittsburg", "city_kind": "city", "inside_frac": 0.984, "rank_lo": null, "rank_hi": null, "rank_top_share": null}, "geometry": {"type": "Polygon", "coordinates": [[[-121.85057, 38.03326], [-121.84948, 38.03494], [-121.85074, 38.03645], [-121.85309, 38.03628], [-121.85418, 38.0346], [-121.85292, 38.0331], [-121.85057, 38.03326]]]}}, {"type": "Feature", "properties": {"id": 294, "name": "Edgewater Apartment Homes NE 24", "lst": 29.17, "green": 5.63, "pop": 0, "pct65": 12.9, "ac": 65.05, "holc": null, "access_min": 46.7, "access_km": 3.74, "score": null, "rank": null, "area_m2": 109647, "street_m": 0, "canopy_m2": 6169.0, "row_m2": 0.0, "row_canopy": 0.0, "veg": 45.0, "place": "empty", "land": "wetland", "green_src": "canopy", "canopy_source": "chm-legacy", "canopy_year": "2009-2020", "assessed_m2": 178804.8, "coverage_frac": 1.0, "canopy_quality": "full", "scenario_ok": false, "canopy_baseline_ok": false, "ac_src": "income-model", "ac_coverage": null, "acs_year": 2024, "access_snap_m": 1005.0, "access_quality": "approach-review", "access_src": "routed", "city": "Pittsburg", "city_kind": "city", "inside_frac": 1.0, "rank_lo": null, "rank_hi": null, "rank_top_share": null}, "geometry": {"type": "Polygon", "coordinates": [[[-121.85418, 38.0346], [-121.85309, 38.03628], [-121.85435, 38.03779], [-121.8567, 38.03762], [-121.85778, 38.03594], [-121.85652, 38.03444], [-121.85418, 38.0346]]]}}, {"type": "Feature", "properties": {"id": 295, "name": "Edgewater Apartment Homes NE 29", "lst": 25.35, "green": 0.0, "pop": 0, "pct65": 12.9, "ac": 65.05, "holc": null, "access_min": 48.5, "access_km": 3.88, "score": null, "rank": null, "area_m2": 109653, "street_m": 0, "canopy_m2": 0.0, "row_m2": 0.0, "row_canopy": 0.0, "veg": 29.7, "place": "empty", "land": "wetland", "green_src": "canopy", "canopy_source": "chm-legacy", "canopy_year": "2009-2020", "assessed_m2": 178813.44, "coverage_frac": 1.0, "canopy_quality": "full", "scenario_ok": false, "canopy_baseline_ok": false, "ac_src": "income-model", "ac_coverage": null, "acs_year": 2024, "access_snap_m": 1172.0, "access_quality": "approach-review", "access_src": "routed", "city": "Pittsburg", "city_kind": "city", "inside_frac": 0.083, "rank_lo": null, "rank_hi": null, "rank_top_share": null}, "geometry": {"type": "Polygon", "coordinates": [[[-121.84714, 38.03511], [-121.84605, 38.03679], [-121.84731, 38.0383], [-121.84966, 38.03813], [-121.85074, 38.03645], [-121.84948, 38.03494], [-121.84714, 38.03511]]]}}, {"type": "Feature", "properties": {"id": 296, "name": "Pittsburg NE 33", "lst": 22.63, "green": 0.0, "pop": 0, "pct65": 12.9, "ac": 65.05, "holc": null, "access_min": 59.3, "access_km": 4.75, "score": null, "rank": null, "area_m2": 109617, "street_m": 0, "canopy_m2": 0.0, "row_m2": 0.0, "row_canopy": 0.0, "veg": 0.0, "place": "empty", "land": "open water", "green_src": "canopy", "canopy_source": "chm-legacy", "canopy_year": "2009-2020", "assessed_m2": 178826.4, "coverage_frac": 1.0, "canopy_quality": "full", "scenario_ok": false, "canopy_baseline_ok": false, "ac_src": "income-model", "ac_coverage": null, "acs_year": 2024, "access_snap_m": 1984.0, "access_quality": "approach-review", "access_src": "routed", "city": "Pittsburg", "city_kind": "city", "inside_frac": 1.0, "rank_lo": null, "rank_hi": null, "rank_top_share": null}, "geometry": {"type": "Polygon", "coordinates": [[[-121.86551, 38.04819], [-121.86442, 38.04986], [-121.86568, 38.05137], [-121.86803, 38.0512], [-121.86912, 38.04952], [-121.86786, 38.04802], [-121.86551, 38.04819]]]}}, {"type": "Feature", "properties": {"id": 297, "name": "Pittsburg NE 32", "lst": 22.51, "green": 0.0, "pop": 0, "pct65": 12.9, "ac": 65.05, "holc": null, "access_min": 57.5, "access_km": 4.6, "score": null, "rank": null, "area_m2": 109612, "street_m": 0, "canopy_m2": 0.0, "row_m2": 0.0, "row_canopy": 0.0, "veg": 0.0, "place": "empty", "land": "open water", "green_src": "canopy", "canopy_source": "chm-legacy", "canopy_year": "2009-2020", "assessed_m2": 178824.96, "coverage_frac": 1.0, "canopy_quality": "full", "scenario_ok": false, "canopy_baseline_ok": false, "ac_src": "income-model", "ac_coverage": null, "acs_year": 2024, "access_snap_m": 1867.0, "access_quality": "approach-review", "access_src": "routed", "city": "Pittsburg", "city_kind": "city", "inside_frac": 1.0, "rank_lo": null, "rank_hi": null, "rank_top_share": null}, "geometry": {"type": "Polygon", "coordinates": [[[-121.86912, 38.04952], [-121.86803, 38.0512], [-121.86929, 38.05271], [-121.87163, 38.05254], [-121.87272, 38.05086], [-121.87146, 38.04936], [-121.86912, 38.04952]]]}}, {"type": "Feature", "properties": {"id": 298, "name": "Pittsburg NE 39", "lst": 22.57, "green": 0.0, "pop": 0, "pct65": 12.9, "ac": 65.05, "holc": null, "access_min": 63.9, "access_km": 5.12, "score": null, "rank": null, "area_m2": 109618, "street_m": 0, "canopy_m2": 0.0, "row_m2": 0.0, "row_canopy": 0.0, "veg": 0.0, "place": "empty", "land": "open water", "green_src": "canopy", "canopy_source": "chm-legacy", "canopy_year": "2009-2020", "assessed_m2": 178829.28, "coverage_frac": 1.0, "canopy_quality": "full", "scenario_ok": false, "canopy_baseline_ok": false, "ac_src": "income-model", "ac_coverage": null, "acs_year": 2024, "access_snap_m": 2341.0, "access_quality": "approach-review", "access_src": "routed", "city": "Pittsburg", "city_kind": "city", "inside_frac": 0.097, "rank_lo": null, "rank_hi": null, "rank_top_share": null}, "geometry": {"type": "Polygon", "coordinates": [[[-121.86208, 38.05003], [-121.86099, 38.05171], [-121.86225, 38.05322], [-121.8646, 38.05305], [-121.86568, 38.05137], [-121.86442, 38.04986], [-121.86208, 38.05003]]]}}, {"type": "Feature", "properties": {"id": 299, "name": "Pittsburg NE 37", "lst": 22.54, "green": 0.0, "pop": 0, "pct65": 12.9, "ac": 65.05, "holc": null, "access_min": 62.0, "access_km": 4.96, "score": null, "rank": null, "area_m2": 109613, "street_m": 0, "canopy_m2": 0.0, "row_m2": 0.0, "row_canopy": 0.0, "veg": 0.0, "place": "empty", "land": "open water", "green_src": "canopy", "canopy_source": "chm-legacy", "canopy_year": "2009-2020", "assessed_m2": 178827.84, "coverage_frac": 1.0, "canopy_quality": "full", "scenario_ok": false, "canopy_baseline_ok": false, "ac_src": "income-model", "ac_coverage": null, "acs_year": 2024, "access_snap_m": 2224.0, "access_quality": "approach-review", "access_src": "routed", "city": "Pittsburg", "city_kind": "city", "inside_frac": 0.399, "rank_lo": null, "rank_hi": null, "rank_top_share": null}, "geometry": {"type": "Polygon", "coordinates": [[[-121.86568, 38.05137], [-121.8646, 38.05305], [-121.86585, 38.05456], [-121.8682, 38.05439], [-121.86929, 38.05271], [-121.86803, 38.0512], [-121.86568, 38.05137]]]}}, {"type": "Feature", "properties": {"id": 300, "name": "Pittsburg NE 28", "lst": 23.49, "green": 0.0, "pop": 0, "pct65": 12.9, "ac": 65.05, "holc": null, "access_min": 52.3, "access_km": 4.18, "score": null, "rank": null, "area_m2": 109622, "street_m": 0, "canopy_m2": 0.0, "row_m2": 0.0, "row_canopy": 0.0, "veg": 0.0, "place": "empty", "land": "open water", "green_src": "canopy", "canopy_source": "chm-legacy", "canopy_year": "2009-2020", "assessed_m2": 178810.56, "coverage_frac": 1.0, "canopy_quality": "full", "scenario_ok": false, "canopy_baseline_ok": false, "ac_src": "income-model", "ac_coverage": null, "acs_year": 2024, "access_snap_m": 1756.0, "access_quality": "approach-review", "access_src": "routed", "city": "Pittsburg", "city_kind": "city", "inside_frac": 1.0, "rank_lo": null, "rank_hi": null, "rank_top_share": null}, "geometry": {"type": "Polygon", "coordinates": [[[-121.86534, 38.045], [-121.86425, 38.04668], [-121.86551, 38.04819], [-121.86786, 38.04802], [-121.86894, 38.04634], [-121.86768, 38.04483], [-121.86534, 38.045]]]}}, {"type": "Feature", "properties": {"id": 301, "name": "Pittsburg NE 27", "lst": 22.65, "green": 0.0, "pop": 0, "pct65": 12.9, "ac": 65.05, "holc": null, "access_min": 54.8, "access_km": 4.38, "score": null, "rank": null, "area_m2": 109616, "street_m": 0, "canopy_m2": 0.0, "row_m2": 0.0, "row_canopy": 0.0, "veg": 0.0, "place": "empty", "land": "open water", "green_src": "canopy", "canopy_source": "chm-legacy", "canopy_year": "2009-2020", "assessed_m2": 178810.56, "coverage_frac": 1.0, "canopy_quality": "full", "scenario_ok": false, "canopy_baseline_ok": false, "ac_src": "income-model", "ac_coverage": null, "acs_year": 2024, "access_snap_m": 1621.0, "access_quality": "approach-review", "access_src": "routed", "city": "Pittsburg", "city_kind": "city", "inside_frac": 1.0, "rank_lo": null, "rank_hi": null, "rank_top_share": null}, "geometry": {"type": "Polygon", "coordinates": [[[-121.86894, 38.04634], [-121.86786, 38.04802], [-121.86912, 38.04952], [-121.87146, 38.04936], [-121.87255, 38.04768], [-121.87129, 38.04617], [-121.86894, 38.04634]]]}}, {"type": "Feature", "properties": {"id": 302, "name": "Pittsburg NE 34", "lst": 22.81, "green": 0.0, "pop": 0, "pct65": 12.9, "ac": 65.05, "holc": null, "access_min": 60.6, "access_km": 4.84, "score": null, "rank": null, "area_m2": 109623, "street_m": 0, "canopy_m2": 0.0, "row_m2": 0.0, "row_canopy": 0.0, "veg": 0.0, "place": "empty", "land": "open water", "green_src": "canopy", "canopy_source": "chm-legacy", "canopy_year": "2009-2020", "assessed_m2": 178829.28, "coverage_frac": 1.0, "canopy_quality": "full", "scenario_ok": false, "canopy_baseline_ok": false, "ac_src": "income-model", "ac_coverage": null, "acs_year": 2024, "access_snap_m": 2041.0, "access_quality": "approach-review", "access_src": "routed", "city": "Pittsburg", "city_kind": "city", "inside_frac": 0.862, "rank_lo": null, "rank_hi": null, "rank_top_share": null}, "geometry": {"type": "Polygon", "coordinates": [[[-121.8619, 38.04685], [-121.86082, 38.04852], [-121.86208, 38.05003], [-121.86442, 38.04986], [-121.86551, 38.04819], [-121.86425, 38.04668], [-121.8619, 38.04685]]]}}, {"type": "Feature", "properties": {"id": 303, "name": "Pittsburg N 12", "lst": 22.44, "green": 0.0, "pop": 0, "pct65": 12.9, "ac": 65.05, "holc": null, "access_min": 56.5, "access_km": 4.52, "score": null, "rank": null, "area_m2": 109606, "street_m": 0, "canopy_m2": 0.0, "row_m2": 0.0, "row_canopy": 0.0, "veg": 0.0, "place": "empty", "land": "open water", "green_src": "canopy", "canopy_source": "chm-legacy", "canopy_year": "2009-2020", "assessed_m2": 178817.76, "coverage_frac": 1.0, "canopy_quality": "full", "scenario_ok": false, "canopy_baseline_ok": false, "ac_src": "income-model", "ac_coverage": null, "acs_year": 2024, "access_snap_m": 1785.0, "access_quality": "approach-review", "access_src": "routed", "city": "Pittsburg", "city_kind": "city", "inside_frac": 0.135, "rank_lo": null, "rank_hi": null, "rank_top_share": null}, "geometry": {"type": "Polygon", "coordinates": [[[-121.87272, 38.05086], [-121.87163, 38.05254], [-121.87289, 38.05405], [-121.87524, 38.05388], [-121.87633, 38.0522], [-121.87507, 38.05069], [-121.87272, 38.05086]]]}}, {"type": "Feature", "properties": {"id": 304, "name": "Pittsburg N 13", "lst": 22.47, "green": 0.0, "pop": 0, "pct65": 12.9, "ac": 65.05, "holc": null, "access_min": 60.8, "access_km": 4.86, "score": null, "rank": null, "area_m2": 109608, "street_m": 0, "canopy_m2": 0.0, "row_m2": 0.0, "row_canopy": 0.0, "veg": 0.0, "place": "empty", "land": "open water", "green_src": "canopy", "canopy_source": "chm-legacy", "canopy_year": "2009-2020", "assessed_m2": 178824.96, "coverage_frac": 1.0, "canopy_quality": "full", "scenario_ok": false, "canopy_baseline_ok": false, "ac_src": "income-model", "ac_coverage": null, "acs_year": 2024, "access_snap_m": 2126.0, "access_quality": "approach-review", "access_src": "routed", "city": "Pittsburg", "city_kind": "city", "inside_frac": 0.245, "rank_lo": null, "rank_hi": null, "rank_top_share": null}, "geometry": {"type": "Polygon", "coordinates": [[[-121.86929, 38.05271], [-121.8682, 38.05439], [-121.86946, 38.0559], [-121.87181, 38.05573], [-121.87289, 38.05405], [-121.87163, 38.05254], [-121.86929, 38.05271]]]}}, {"type": "Feature", "properties": {"id": 305, "name": "Pittsburg NE 18", "lst": 29.09, "green": 0.0, "pop": 0, "pct65": 12.9, "ac": 65.05, "holc": null, "access_min": 44.8, "access_km": 3.58, "score": null, "rank": null, "area_m2": 109625, "street_m": 0, "canopy_m2": 0.0, "row_m2": 0.0, "row_canopy": 0.0, "veg": 36.1, "place": "empty", "land": "wetland", "green_src": "canopy", "canopy_source": "chm-legacy", "canopy_year": "2009-2020", "assessed_m2": 178794.72, "coverage_frac": 1.0, "canopy_quality": "full", "scenario_ok": false, "canopy_baseline_ok": false, "ac_src": "income-model", "ac_coverage": null, "acs_year": 2024, "access_snap_m": 1154.0, "access_quality": "approach-review", "access_src": "routed", "city": "Pittsburg", "city_kind": "city", "inside_frac": 1.0, "rank_lo": null, "rank_hi": null, "rank_top_share": null}, "geometry": {"type": "Polygon", "coordinates": [[[-121.8686, 38.03996], [-121.86751, 38.04164], [-121.86877, 38.04315], [-121.87112, 38.04298], [-121.8722, 38.0413], [-121.87094, 38.0398], [-121.8686, 38.03996]]]}}, {"type": "Feature", "properties": {"id": 306, "name": "Pittsburg NE 17", "lst": 25.43, "green": 0.0, "pop": 0, "pct65": 12.9, "ac": 65.05, "holc": null, "access_min": 43.7, "access_km": 3.5, "score": null, "rank": null, "area_m2": 109620, "street_m": 0, "canopy_m2": 0.0, "row_m2": 0.0, "row_canopy": 0.0, "veg": 15.1, "place": "empty", "land": "wetland", "green_src": "canopy", "canopy_source": "chm-legacy", "canopy_year": "2009-2020", "assessed_m2": 178791.84, "coverage_frac": 1.0, "canopy_quality": "full", "scenario_ok": false, "canopy_baseline_ok": false, "ac_src": "income-model", "ac_coverage": null, "acs_year": 2024, "access_snap_m": 1070.0, "access_quality": "approach-review", "access_src": "routed", "city": "Pittsburg", "city_kind": "city", "inside_frac": 1.0, "rank_lo": null, "rank_hi": null, "rank_top_share": null}, "geometry": {"type": "Polygon", "coordinates": [[[-121.8722, 38.0413], [-121.87112, 38.04298], [-121.87238, 38.04449], [-121.87472, 38.04432], [-121.87581, 38.04264], [-121.87455, 38.04114], [-121.8722, 38.0413]]]}}, {"type": "Feature", "properties": {"id": 307, "name": "Pittsburg NE 24", "lst": 30.14, "green": 0.0, "pop": 0, "pct65": 12.9, "ac": 65.05, "holc": null, "access_min": 52.9, "access_km": 4.23, "score": null, "rank": null, "area_m2": 109626, "street_m": 0, "canopy_m2": 0.0, "row_m2": 0.0, "row_canopy": 0.0, "veg": 39.0, "place": "empty", "land": "wetland", "green_src": "canopy", "canopy_source": "chm-legacy", "canopy_year": "2009-2020", "assessed_m2": 178809.12, "coverage_frac": 1.0, "canopy_quality": "full", "scenario_ok": false, "canopy_baseline_ok": false, "ac_src": "income-model", "ac_coverage": null, "acs_year": 2024, "access_snap_m": 1405.0, "access_quality": "approach-review", "access_src": "routed", "city": "Pittsburg", "city_kind": "city", "inside_frac": 1.0, "rank_lo": null, "rank_hi": null, "rank_top_share": null}, "geometry": {"type": "Polygon", "coordinates": [[[-121.86516, 38.04181], [-121.86408, 38.04349], [-121.86534, 38.045], [-121.86768, 38.04483], [-121.86877, 38.04315], [-121.86751, 38.04164], [-121.86516, 38.04181]]]}}, {"type": "Feature", "properties": {"id": 308, "name": "Pittsburg NE 22", "lst": 24.56, "green": 0.0, "pop": 0, "pct65": 12.9, "ac": 65.05, "holc": null, "access_min": 47.9, "access_km": 3.83, "score": null, "rank": null, "area_m2": 109621, "street_m": 0, "canopy_m2": 0.0, "row_m2": 0.0, "row_canopy": 0.0, "veg": 6.0, "place": "empty", "land": "open water", "green_src": "canopy", "canopy_source": "chm-legacy", "canopy_year": "2009-2020", "assessed_m2": 178806.24, "coverage_frac": 1.0, "canopy_quality": "full", "scenario_ok": false, "canopy_baseline_ok": false, "ac_src": "income-model", "ac_coverage": null, "acs_year": 2024, "access_snap_m": 1408.0, "access_quality": "approach-review", "access_src": "routed", "city": "Pittsburg", "city_kind": "city", "inside_frac": 1.0, "rank_lo": null, "rank_hi": null, "rank_top_share": null}, "geometry": {"type": "Polygon", "coordinates": [[[-121.86877, 38.04315], [-121.86768, 38.04483], [-121.86894, 38.04634], [-121.87129, 38.04617], [-121.87238, 38.04449], [-121.87112, 38.04298], [-121.86877, 38.04315]]]}}, {"type": "Feature", "properties": {"id": 309, "name": "Pittsburg NE 15", "lst": 28.98, "green": 0.0, "pop": 0, "pct65": 12.9, "ac": 65.05, "holc": null, "access_min": 45.1, "access_km": 3.61, "score": null, "rank": null, "area_m2": 109629, "street_m": 0, "canopy_m2": 0.0, "row_m2": 0.0, "row_canopy": 0.0, "veg": 44.6, "place": "empty", "land": "wetland", "green_src": "canopy", "canopy_source": "chm-legacy", "canopy_year": "2009-2020", "assessed_m2": 178784.64, "coverage_frac": 1.0, "canopy_quality": "full", "scenario_ok": false, "canopy_baseline_ok": false, "ac_src": "income-model", "ac_coverage": null, "acs_year": 2024, "access_snap_m": 778.0, "access_quality": "approach-review", "access_src": "routed", "city": "Pittsburg", "city_kind": "city", "inside_frac": 1.0, "rank_lo": null, "rank_hi": null, "rank_top_share": null}, "geometry": {"type": "Polygon", "coordinates": [[[-121.86843, 38.03678], [-121.86734, 38.03846], [-121.8686, 38.03996], [-121.87094, 38.0398], [-121.87203, 38.03812], [-121.87077, 38.03661], [-121.86843, 38.03678]]]}}, {"type": "Feature", "properties": {"id": 310, "name": "Pittsburg NE 13", "lst": 29.67, "green": 0.0, "pop": 0, "pct65": 12.9, "ac": 65.05, "holc": null, "access_min": 39.3, "access_km": 3.15, "score": null, "rank": null, "area_m2": 109624, "street_m": 0, "canopy_m2": 0.0, "row_m2": 0.0, "row_canopy": 0.0, "veg": 40.7, "place": "empty", "land": "wetland", "green_src": "canopy", "canopy_source": "chm-legacy", "canopy_year": "2009-2020", "assessed_m2": 178787.52, "coverage_frac": 1.0, "canopy_quality": "full", "scenario_ok": false, "canopy_baseline_ok": false, "ac_src": "income-model", "ac_coverage": null, "acs_year": 2024, "access_snap_m": 879.0, "access_quality": "approach-review", "access_src": "routed", "city": "Pittsburg", "city_kind": "city", "inside_frac": 1.0, "rank_lo": null, "rank_hi": null, "rank_top_share": null}, "geometry": {"type": "Polygon", "coordinates": [[[-121.87203, 38.03812], [-121.87094, 38.0398], [-121.8722, 38.0413], [-121.87455, 38.04114], [-121.87564, 38.03946], [-121.87438, 38.03795], [-121.87203, 38.03812]]]}}, {"type": "Feature", "properties": {"id": 311, "name": "Pittsburg NE 20", "lst": 30.15, "green": 0.0, "pop": 0, "pct65": 12.9, "ac": 65.05, "holc": null, "access_min": 49.4, "access_km": 3.95, "score": null, "rank": null, "area_m2": 109630, "street_m": 0, "canopy_m2": 0.0, "row_m2": 0.0, "row_canopy": 0.0, "veg": 37.1, "place": "empty", "land": "wetland", "green_src": "canopy", "canopy_source": "chm-legacy", "canopy_year": "2009-2020", "assessed_m2": 178796.16, "coverage_frac": 1.0, "canopy_quality": "full", "scenario_ok": false, "canopy_baseline_ok": false, "ac_src": "income-model", "ac_coverage": null, "acs_year": 2024, "access_snap_m": 1121.0, "access_quality": "approach-review", "access_src": "routed", "city": "Pittsburg", "city_kind": "city", "inside_frac": 1.0, "rank_lo": null, "rank_hi": null, "rank_top_share": null}, "geometry": {"type": "Polygon", "coordinates": [[[-121.86499, 38.03862], [-121.86391, 38.0403], [-121.86516, 38.04181], [-121.86751, 38.04164], [-121.8686, 38.03996], [-121.86734, 38.03846], [-121.86499, 38.03862]]]}}, {"type": "Feature", "properties": {"id": 312, "name": "Pittsburg N 9", "lst": 22.51, "green": 0.0, "pop": 0, "pct65": 12.9, "ac": 65.05, "holc": null, "access_min": 48.7, "access_km": 3.9, "score": null, "rank": null, "area_m2": 109610, "street_m": 0, "canopy_m2": 0.0, "row_m2": 0.0, "row_canopy": 0.0, "veg": 0.0, "place": "empty", "land": "open water", "green_src": "canopy", "canopy_source": "chm-legacy", "canopy_year": "2009-2020", "assessed_m2": 178799.04, "coverage_frac": 1.0, "canopy_quality": "full", "scenario_ok": false, "canopy_baseline_ok": false, "ac_src": "income-model", "ac_coverage": null, "acs_year": 2024, "access_snap_m": 1163.0, "access_quality": "approach-review", "access_src": "routed", "city": "Pittsburg", "city_kind": "city", "inside_frac": 1.0, "rank_lo": null, "rank_hi": null, "rank_top_share": null}, "geometry": {"type": "Polygon", "coordinates": [[[-121.87598, 38.04583], [-121.87489, 38.04751], [-121.87615, 38.04902], [-121.8785, 38.04885], [-121.87959, 38.04717], [-121.87833, 38.04566], [-121.87598, 38.04583]]]}}, {"type": "Feature", "properties": {"id": 313, "name": "Beacon Villa NE 8", "lst": 22.43, "green": 0.0, "pop": 0, "pct65": 12.9, "ac": 65.05, "holc": null, "access_min": 48.5, "access_km": 3.88, "score": null, "rank": null, "area_m2": 109604, "street_m": 0, "canopy_m2": 0.0, "row_m2": 0.0, "row_canopy": 0.0, "veg": 0.0, "place": "empty", "land": "open water", "green_src": "canopy", "canopy_source": "chm-legacy", "canopy_year": "2009-2020", "assessed_m2": 178793.28, "coverage_frac": 1.0, "canopy_quality": "full", "scenario_ok": false, "canopy_baseline_ok": false, "ac_src": "income-model", "ac_coverage": null, "acs_year": 2024, "access_snap_m": 1146.0, "access_quality": "approach-review", "access_src": "routed", "city": "Pittsburg", "city_kind": "city", "inside_frac": 0.468, "rank_lo": null, "rank_hi": null, "rank_top_share": null}, "geometry": {"type": "Polygon", "coordinates": [[[-121.87959, 38.04717], [-121.8785, 38.04885], [-121.87976, 38.05036], [-121.8821, 38.05019], [-121.88319, 38.04851], [-121.88193, 38.047], [-121.87959, 38.04717]]]}}, {"type": "Feature", "properties": {"id": 314, "name": "Pittsburg N 10", "lst": 22.46, "green": 0.0, "pop": 0, "pct65": 12.9, "ac": 65.05, "holc": null, "access_min": 53.1, "access_km": 4.25, "score": null, "rank": null, "area_m2": 109611, "street_m": 0, "canopy_m2": 0.0, "row_m2": 0.0, "row_canopy": 0.0, "veg": 0.0, "place": "empty", "land": "open water", "green_src": "canopy", "canopy_source": "chm-legacy", "canopy_year": "2009-2020", "assessed_m2": 178813.44, "coverage_frac": 1.0, "canopy_quality": "full", "scenario_ok": false, "canopy_baseline_ok": false, "ac_src": "income-model", "ac_coverage": null, "acs_year": 2024, "access_snap_m": 1512.0, "access_quality": "approach-review", "access_src": "routed", "city": "Pittsburg", "city_kind": "city", "inside_frac": 0.996, "rank_lo": null, "rank_hi": null, "rank_top_share": null}, "geometry": {"type": "Polygon", "coordinates": [[[-121.87255, 38.04768], [-121.87146, 38.04936], [-121.87272, 38.05086], [-121.87507, 38.05069], [-121.87615, 38.04902], [-121.87489, 38.04751], [-121.87255, 38.04768]]]}}, {"type": "Feature", "properties": {"id": 315, "name": "Pittsburg N 11", "lst": 22.41, "green": 0.0, "pop": 0, "pct65": 12.9, "ac": 65.05, "holc": null, "access_min": 52.4, "access_km": 4.19, "score": null, "rank": null, "area_m2": 109605, "street_m": 0, "canopy_m2": 0.0, "row_m2": 0.0, "row_canopy": 0.0, "veg": 0.0, "place": "empty", "land": "open water", "green_src": "canopy", "canopy_source": "chm-legacy", "canopy_year": "2009-2020", "assessed_m2": 178804.8, "coverage_frac": 1.0, "canopy_quality": "full", "scenario_ok": false, "canopy_baseline_ok": false, "ac_src": "income-model", "ac_coverage": null, "acs_year": 2024, "access_snap_m": 1455.0, "access_quality": "approach-review", "access_src": "routed", "city": "Pittsburg", "city_kind": "city", "inside_frac": 0.201, "rank_lo": null, "rank_hi": null, "rank_top_share": null}, "geometry": {"type": "Polygon", "coordinates": [[[-121.87615, 38.04902], [-121.87507, 38.05069], [-121.87633, 38.0522], [-121.87867, 38.05203], [-121.87976, 38.05036], [-121.8785, 38.04885], [-121.87615, 38.04902]]]}}, {"type": "Feature", "properties": {"id": 316, "name": "Pittsburg N 7", "lst": 22.83, "green": 0.0, "pop": 0, "pct65": 12.9, "ac": 65.05, "holc": null, "access_min": 45.7, "access_km": 3.66, "score": null, "rank": null, "area_m2": 109614, "street_m": 0, "canopy_m2": 0.0, "row_m2": 0.0, "row_canopy": 0.0, "veg": 0.0, "place": "empty", "land": "open water", "green_src": "canopy", "canopy_source": "chm-legacy", "canopy_year": "2009-2020", "assessed_m2": 178793.28, "coverage_frac": 1.0, "canopy_quality": "full", "scenario_ok": false, "canopy_baseline_ok": false, "ac_src": "income-model", "ac_coverage": null, "acs_year": 2024, "access_snap_m": 871.0, "access_quality": "approach-review", "access_src": "routed", "city": "Pittsburg", "city_kind": "city", "inside_frac": 1.0, "rank_lo": null, "rank_hi": null, "rank_top_share": null}, "geometry": {"type": "Polygon", "coordinates": [[[-121.87581, 38.04264], [-121.87472, 38.04432], [-121.87598, 38.04583], [-121.87833, 38.04566], [-121.87941, 38.04398], [-121.87815, 38.04247], [-121.87581, 38.04264]]]}}, {"type": "Feature", "properties": {"id": 317, "name": "Pittsburg N 8", "lst": 22.65, "green": 0.0, "pop": 0, "pct65": 12.9, "ac": 65.05, "holc": null, "access_min": 44.5, "access_km": 3.56, "score": null, "rank": null, "area_m2": 109609, "street_m": 0, "canopy_m2": 0.0, "row_m2": 0.0, "row_canopy": 0.0, "veg": 0.0, "place": "empty", "land": "open water", "green_src": "canopy", "canopy_source": "chm-legacy", "canopy_year": "2009-2020", "assessed_m2": 178788.96, "coverage_frac": 1.0, "canopy_quality": "full", "scenario_ok": false, "canopy_baseline_ok": false, "ac_src": "income-model", "ac_coverage": null, "acs_year": 2024, "access_snap_m": 828.0, "access_quality": "approach-review", "access_src": "routed", "city": "Pittsburg", "city_kind": "city", "inside_frac": 1.0, "rank_lo": null, "rank_hi": null, "rank_top_share": null}, "geometry": {"type": "Polygon", "coordinates": [[[-121.87941, 38.04398], [-121.87833, 38.04566], [-121.87959, 38.04717], [-121.88193, 38.047], [-121.88302, 38.04532], [-121.88176, 38.04381], [-121.87941, 38.04398]]]}}, {"type": "Feature", "properties": {"id": 318, "name": "Pittsburg NE 21", "lst": 22.68, "green": 0.0, "pop": 0, "pct65": 12.9, "ac": 65.05, "holc": null, "access_min": 50.3, "access_km": 4.02, "score": null, "rank": null, "area_m2": 109615, "street_m": 0, "canopy_m2": 0.0, "row_m2": 0.0, "row_canopy": 0.0, "veg": 0.0, "place": "empty", "land": "open water", "green_src": "canopy", "canopy_source": "chm-legacy", "canopy_year": "2009-2020", "assessed_m2": 178800.48, "coverage_frac": 1.0, "canopy_quality": "full", "scenario_ok": false, "canopy_baseline_ok": false, "ac_src": "income-model", "ac_coverage": null, "acs_year": 2024, "access_snap_m": 1258.0, "access_quality": "approach-review", "access_src": "routed", "city": "Pittsburg", "city_kind": "city", "inside_frac": 1.0, "rank_lo": null, "rank_hi": null, "rank_top_share": null}, "geometry": {"type": "Polygon", "coordinates": [[[-121.87238, 38.04449], [-121.87129, 38.04617], [-121.87255, 38.04768], [-121.87489, 38.04751], [-121.87598, 38.04583], [-121.87472, 38.04432], [-121.87238, 38.04449]]]}}, {"type": "Feature", "properties": {"id": 319, "name": "Pittsburg NE 31", "lst": 30.05, "green": 0.0, "pop": 0, "pct65": 12.9, "ac": 65.05, "holc": null, "access_min": 59.6, "access_km": 4.77, "score": null, "rank": null, "area_m2": 109633, "street_m": 0, "canopy_m2": 0.0, "row_m2": 0.0, "row_canopy": 0.0, "veg": 37.5, "place": "empty", "land": "wetland", "green_src": "canopy", "canopy_source": "chm-legacy", "canopy_year": "2009-2020", "assessed_m2": 178819.2, "coverage_frac": 1.0, "canopy_quality": "full", "scenario_ok": false, "canopy_baseline_ok": false, "ac_src": "income-model", "ac_coverage": null, "acs_year": 2024, "access_snap_m": 1705.0, "access_quality": "approach-review", "access_src": "routed", "city": "Pittsburg", "city_kind": "city", "inside_frac": 1.0, "rank_lo": null, "rank_hi": null, "rank_top_share": null}, "geometry": {"type": "Polygon", "coordinates": [[[-121.85813, 38.04232], [-121.85704, 38.044], [-121.8583, 38.04551], [-121.86065, 38.04534], [-121.86173, 38.04366], [-121.86047, 38.04215], [-121.85813, 38.04232]]]}}, {"type": "Feature", "properties": {"id": 320, "name": "Pittsburg NE 30", "lst": 25.98, "green": 0.0, "pop": 0, "pct65": 12.9, "ac": 65.05, "holc": null, "access_min": 57.1, "access_km": 4.57, "score": null, "rank": null, "area_m2": 109627, "street_m": 0, "canopy_m2": 0.0, "row_m2": 0.0, "row_canopy": 0.0, "veg": 19.8, "place": "empty", "land": "wetland", "green_src": "canopy", "canopy_source": "chm-legacy", "canopy_year": "2009-2020", "assessed_m2": 178812.0, "coverage_frac": 1.0, "canopy_quality": "full", "scenario_ok": false, "canopy_baseline_ok": false, "ac_src": "income-model", "ac_coverage": null, "acs_year": 2024, "access_snap_m": 1740.0, "access_quality": "approach-review", "access_src": "routed", "city": "Pittsburg", "city_kind": "city", "inside_frac": 1.0, "rank_lo": null, "rank_hi": null, "rank_top_share": null}, "geometry": {"type": "Polygon", "coordinates": [[[-121.86173, 38.04366], [-121.86065, 38.04534], [-121.8619, 38.04685], [-121.86425, 38.04668], [-121.86534, 38.045], [-121.86408, 38.04349], [-121.86173, 38.04366]]]}}, {"type": "Feature", "properties": {"id": 321, "name": "Pittsburg NE 38", "lst": 25.5, "green": 0.0, "pop": 0, "pct65": 12.9, "ac": 65.05, "holc": null, "access_min": 61.0, "access_km": 4.88, "score": null, "rank": null, "area_m2": 109634, "street_m": 0, "canopy_m2": 0.0, "row_m2": 0.0, "row_canopy": 0.0, "veg": 16.9, "place": "empty", "land": "open water", "green_src": "canopy", "canopy_source": "chm-legacy", "canopy_year": "2009-2020", "assessed_m2": 178824.96, "coverage_frac": 1.0, "canopy_quality": "full", "scenario_ok": false, "canopy_baseline_ok": false, "ac_src": "income-model", "ac_coverage": null, "acs_year": 2024, "access_snap_m": 2002.0, "access_quality": "approach-review", "access_src": "routed", "city": "Pittsburg", "city_kind": "city", "inside_frac": 0.238, "rank_lo": null, "rank_hi": null, "rank_top_share": null}, "geometry": {"type": "Polygon", "coordinates": [[[-121.85469, 38.04417], [-121.85361, 38.04584], [-121.85487, 38.04735], [-121.85721, 38.04718], [-121.8583, 38.04551], [-121.85704, 38.044], [-121.85469, 38.04417]]]}}, {"type": "Feature", "properties": {"id": 322, "name": "Pittsburg NE 36", "lst": 24.55, "green": 0.0, "pop": 0, "pct65": 12.9, "ac": 65.05, "holc": null, "access_min": 63.1, "access_km": 5.05, "score": null, "rank": null, "area_m2": 109628, "street_m": 0, "canopy_m2": 0.0, "row_m2": 0.0, "row_canopy": 0.0, "veg": 8.0, "place": "empty", "land": "open water", "green_src": "canopy", "canopy_source": "chm-legacy", "canopy_year": "2009-2020", "assessed_m2": 178829.28, "coverage_frac": 1.0, "canopy_quality": "full", "scenario_ok": false, "canopy_baseline_ok": false, "ac_src": "income-model", "ac_coverage": null, "acs_year": 2024, "access_snap_m": 1987.0, "access_quality": "approach-review", "access_src": "routed", "city": "Pittsburg", "city_kind": "city", "inside_frac": 0.547, "rank_lo": null, "rank_hi": null, "rank_top_share": null}, "geometry": {"type": "Polygon", "coordinates": [[[-121.8583, 38.04551], [-121.85721, 38.04718], [-121.85847, 38.04869], [-121.86082, 38.04852], [-121.8619, 38.04685], [-121.86065, 38.04534], [-121.8583, 38.04551]]]}}, {"type": "Feature", "properties": {"id": 323, "name": "Pittsburg NE 29", "lst": 29.37, "green": 0.0, "pop": 0, "pct65": 12.9, "ac": 65.05, "holc": null, "access_min": 54.7, "access_km": 4.38, "score": null, "rank": null, "area_m2": 109637, "street_m": 0, "canopy_m2": 0.0, "row_m2": 0.0, "row_canopy": 0.0, "veg": 43.0, "place": "empty", "land": "wetland", "green_src": "canopy", "canopy_source": "chm-legacy", "canopy_year": "2009-2020", "assessed_m2": 178809.12, "coverage_frac": 1.0, "canopy_quality": "full", "scenario_ok": false, "canopy_baseline_ok": false, "ac_src": "income-model", "ac_coverage": null, "acs_year": 2024, "access_snap_m": 1381.0, "access_quality": "approach-review", "access_src": "routed", "city": "Pittsburg", "city_kind": "city", "inside_frac": 1.0, "rank_lo": null, "rank_hi": null, "rank_top_share": null}, "geometry": {"type": "Polygon", "coordinates": [[[-121.85795, 38.03913], [-121.85687, 38.04081], [-121.85813, 38.04232], [-121.86047, 38.04215], [-121.86156, 38.04047], [-121.8603, 38.03896], [-121.85795, 38.03913]]]}}, {"type": "Feature", "properties": {"id": 324, "name": "Pittsburg NE 26", "lst": 30.67, "green": 0.0, "pop": 0, "pct65": 12.9, "ac": 65.05, "holc": null, "access_min": 55.3, "access_km": 4.42, "score": null, "rank": null, "area_m2": 109632, "street_m": 0, "canopy_m2": 0.0, "row_m2": 0.0, "row_canopy": 0.0, "veg": 38.4, "place": "empty", "land": "wetland", "green_src": "canopy", "canopy_source": "chm-legacy", "canopy_year": "2009-2020", "assessed_m2": 178814.88, "coverage_frac": 1.0, "canopy_quality": "full", "scenario_ok": false, "canopy_baseline_ok": false, "ac_src": "income-model", "ac_coverage": null, "acs_year": 2024, "access_snap_m": 1362.0, "access_quality": "approach-review", "access_src": "routed", "city": "Pittsburg", "city_kind": "city", "inside_frac": 1.0, "rank_lo": null, "rank_hi": null, "rank_top_share": null}, "geometry": {"type": "Polygon", "coordinates": [[[-121.86156, 38.04047], [-121.86047, 38.04215], [-121.86173, 38.04366], [-121.86408, 38.04349], [-121.86516, 38.04181], [-121.86391, 38.0403], [-121.86156, 38.04047]]]}}, {"type": "Feature", "properties": {"id": 325, "name": "Pittsburg NE 35", "lst": 28.95, "green": 0.0, "pop": 0, "pct65": 12.9, "ac": 65.05, "holc": null, "access_min": 55.1, "access_km": 4.4, "score": null, "rank": null, "area_m2": 109638, "street_m": 0, "canopy_m2": 0.0, "row_m2": 0.0, "row_canopy": 0.0, "veg": 29.5, "place": "empty", "land": "wetland", "green_src": "canopy", "canopy_source": "chm-legacy", "canopy_year": "2009-2020", "assessed_m2": 178823.52, "coverage_frac": 1.0, "canopy_quality": "full", "scenario_ok": false, "canopy_baseline_ok": false, "ac_src": "income-model", "ac_coverage": null, "acs_year": 2024, "access_snap_m": 1672.0, "access_quality": "approach-review", "access_src": "routed", "city": "Pittsburg", "city_kind": "city", "inside_frac": 0.987, "rank_lo": null, "rank_hi": null, "rank_top_share": null}, "geometry": {"type": "Polygon", "coordinates": [[[-121.85452, 38.04098], [-121.85343, 38.04266], [-121.85469, 38.04417], [-121.85704, 38.044], [-121.85813, 38.04232], [-121.85687, 38.04081], [-121.85452, 38.04098]]]}}, {"type": "Feature", "properties": {"id": 326, "name": "Portofino Apartments E 3", "lst": 44.57, "green": 25.83, "pop": 272, "pct65": 10.9, "ac": 91.7, "holc": null, "access_min": 9.5, "access_km": 0.76, "score": 2.7, "rank": 568.0, "area_m2": 109679, "street_m": 47, "canopy_m2": 28346.0, "row_m2": 0.0, "row_canopy": 0.0, "veg": 17.0, "place": "res", "land": null, "green_src": "canopy", "canopy_source": "usfs-2022", "canopy_year": "2022", "assessed_m2": 109745.28, "coverage_frac": 1.0, "canopy_quality": "full", "scenario_ok": true, "canopy_baseline_ok": true, "ac_src": "lace", "ac_coverage": 1.0, "acs_year": 2024, "access_snap_m": 68.0, "access_quality": "network-estimate", "access_src": "routed", "city": "Pittsburg", "city_kind": "city", "inside_frac": 1.0, "rank_lo": 567, "rank_hi": 570, "rank_top_share": 0.0}, "geometry": {"type": "Polygon", "coordinates": [[[-121.8631, 38.00356], [-121.86201, 38.00524], [-121.86327, 38.00675], [-121.86561, 38.00658], [-121.8667, 38.0049], [-121.86544, 38.0034], [-121.8631, 38.00356]]]}}, {"type": "Feature", "properties": {"id": 327, "name": "Portofino Apartments E", "lst": 48.03, "green": 16.33, "pop": 272, "pct65": 10.7, "ac": 91.7, "holc": null, "access_min": 6.5, "access_km": 0.52, "score": 20.5, "rank": 553.0, "area_m2": 109673, "street_m": 1105, "canopy_m2": 17925.0, "row_m2": 0.0, "row_canopy": 0.0, "veg": 16.5, "place": "res", "land": null, "green_src": "canopy", "canopy_source": "usfs-2022", "canopy_year": "2022", "assessed_m2": 109741.32, "coverage_frac": 1.0, "canopy_quality": "full", "scenario_ok": true, "canopy_baseline_ok": true, "ac_src": "lace", "ac_coverage": 1.0, "acs_year": 2024, "access_snap_m": 34.0, "access_quality": "network-estimate", "access_src": "routed", "city": "Pittsburg", "city_kind": "city", "inside_frac": 1.0, "rank_lo": 542, "rank_hi": 560, "rank_top_share": 0.0}, "geometry": {"type": "Polygon", "coordinates": [[[-121.8667, 38.0049], [-121.86561, 38.00658], [-121.86687, 38.00809], [-121.86922, 38.00792], [-121.8703, 38.00625], [-121.86905, 38.00474], [-121.8667, 38.0049]]]}}, {"type": "Feature", "properties": {"id": 328, "name": "Portofino Apartments E 4", "lst": 44.72, "green": 19.98, "pop": 272, "pct65": 10.7, "ac": 91.7, "holc": null, "access_min": 0.9, "access_km": 0.07, "score": 8.6, "rank": 565.0, "area_m2": 109680, "street_m": 575, "canopy_m2": 21930.0, "row_m2": 0.0, "row_canopy": 0.0, "veg": 17.2, "place": "res", "land": null, "green_src": "canopy", "canopy_source": "usfs-2022", "canopy_year": "2022", "assessed_m2": 109748.16, "coverage_frac": 1.0, "canopy_quality": "full", "scenario_ok": true, "canopy_baseline_ok": true, "ac_src": "lace", "ac_coverage": 1.0, "acs_year": 2024, "access_snap_m": 45.0, "access_quality": "network-estimate", "access_src": "routed", "city": "Pittsburg", "city_kind": "city", "inside_frac": 1.0, "rank_lo": 562, "rank_hi": 566, "rank_top_share": 0.0}, "geometry": {"type": "Polygon", "coordinates": [[[-121.85967, 38.00541], [-121.85858, 38.00709], [-121.85984, 38.0086], [-121.86218, 38.00843], [-121.86327, 38.00675], [-121.86201, 38.00524], [-121.85967, 38.00541]]]}}, {"type": "Feature", "properties": {"id": 329, "name": "Portofino Apartments E 2", "lst": 46.37, "green": 13.46, "pop": 272, "pct65": 10.7, "ac": 91.7, "holc": null, "access_min": 5.4, "access_km": 0.44, "score": 29.9, "rank": 535.0, "area_m2": 109674, "street_m": 2009, "canopy_m2": 14768.0, "row_m2": 0.0, "row_canopy": 0.0, "veg": 14.6, "place": "res", "land": null, "green_src": "canopy", "canopy_source": "usfs-2022", "canopy_year": "2022", "assessed_m2": 109742.76, "coverage_frac": 1.0, "canopy_quality": "full", "scenario_ok": true, "canopy_baseline_ok": true, "ac_src": "lace", "ac_coverage": 1.0, "acs_year": 2024, "access_snap_m": 48.0, "access_quality": "network-estimate", "access_src": "routed", "city": "Pittsburg", "city_kind": "city", "inside_frac": 1.0, "rank_lo": 500, "rank_hi": 544, "rank_top_share": 0.0}, "geometry": {"type": "Polygon", "coordinates": [[[-121.86327, 38.00675], [-121.86218, 38.00843], [-121.86344, 38.00994], [-121.86579, 38.00977], [-121.86687, 38.00809], [-121.86561, 38.00658], [-121.86327, 38.00675]]]}}, {"type": "Feature", "properties": {"id": 330, "name": "Stoneman Apartments SE 5", "lst": 48.58, "green": 14.73, "pop": 242, "pct65": 19.4, "ac": 91.7, "holc": null, "access_min": 14.0, "access_km": 1.12, "score": 36.6, "rank": 498.0, "area_m2": 109683, "street_m": 1389, "canopy_m2": 16163.0, "row_m2": 0.0, "row_canopy": 0.0, "veg": 15.4, "place": "res", "land": null, "green_src": "canopy", "canopy_source": "usfs-2022", "canopy_year": "2022", "assessed_m2": 109751.04, "coverage_frac": 1.0, "canopy_quality": "full", "scenario_ok": true, "canopy_baseline_ok": true, "ac_src": "lace", "ac_coverage": 1.0, "acs_year": 2024, "access_snap_m": 165.0, "access_quality": "approach-review", "access_src": "routed", "city": "Pittsburg", "city_kind": "city", "inside_frac": 1.0, "rank_lo": 427, "rank_hi": 542, "rank_top_share": 0.0}, "geometry": {"type": "Polygon", "coordinates": [[[-121.86292, 38.00038], [-121.86184, 38.00205], [-121.8631, 38.00356], [-121.86544, 38.0034], [-121.86653, 38.00172], [-121.86527, 38.00021], [-121.86292, 38.00038]]]}}, {"type": "Feature", "properties": {"id": 331, "name": "Stoneman Apartments SE 3", "lst": 47.96, "green": 9.46, "pop": 272, "pct65": 10.7, "ac": 91.7, "holc": null, "access_min": 12.4, "access_km": 0.99, "score": 42.9, "rank": 441.0, "area_m2": 109678, "street_m": 1426, "canopy_m2": 10382.0, "row_m2": 0.0, "row_canopy": 0.0, "veg": 16.7, "place": "res", "land": null, "green_src": "canopy", "canopy_source": "usfs-2022", "canopy_year": "2022", "assessed_m2": 109736.64, "coverage_frac": 0.999937147597802, "canopy_quality": "full", "scenario_ok": true, "canopy_baseline_ok": true, "ac_src": "lace", "ac_coverage": 1.0, "acs_year": 2024, "access_snap_m": 174.0, "access_quality": "approach-review", "access_src": "routed", "city": "Pittsburg", "city_kind": "city", "inside_frac": 1.0, "rank_lo": 289, "rank_hi": 485, "rank_top_share": 0.0}, "geometry": {"type": "Polygon", "coordinates": [[[-121.86653, 38.00172], [-121.86544, 38.0034], [-121.8667, 38.0049], [-121.86905, 38.00474], [-121.87013, 38.00306], [-121.86887, 38.00155], [-121.86653, 38.00172]]]}}, {"type": "Feature", "properties": {"id": 332, "name": "Stoneman Apartments E", "lst": 46.38, "green": 20.84, "pop": 268, "pct65": 11.8, "ac": 91.7, "holc": null, "access_min": 13.7, "access_km": 1.1, "score": 7.3, "rank": 566.0, "area_m2": 109684, "street_m": 128, "canopy_m2": 22867.0, "row_m2": 0.0, "row_canopy": 0.0, "veg": 13.9, "place": "res", "land": null, "green_src": "canopy", "canopy_source": "usfs-2022", "canopy_year": "2022", "assessed_m2": 109751.76, "coverage_frac": 1.0, "canopy_quality": "full", "scenario_ok": true, "canopy_baseline_ok": true, "ac_src": "lace", "ac_coverage": 1.0, "acs_year": 2024, "access_snap_m": 60.0, "access_quality": "network-estimate", "access_src": "routed", "city": "Pittsburg", "city_kind": "city", "inside_frac": 1.0, "rank_lo": 564, "rank_hi": 567, "rank_top_share": 0.0}, "geometry": {"type": "Polygon", "coordinates": [[[-121.85949, 38.00222], [-121.85841, 38.0039], [-121.85967, 38.00541], [-121.86201, 38.00524], [-121.8631, 38.00356], [-121.86184, 38.00205], [-121.85949, 38.00222]]]}}, {"type": "Feature", "properties": {"id": 333, "name": "Ventrua Apartments", "lst": 46.41, "green": 8.37, "pop": 218, "pct65": 4.4, "ac": 71.2, "holc": null, "access_min": 5.5, "access_km": 0.44, "score": 60.0, "rank": 178.0, "area_m2": 109663, "street_m": 671, "canopy_m2": 9185.0, "row_m2": 0.0, "row_canopy": 0.0, "veg": 6.7, "place": "res", "land": null, "green_src": "canopy", "canopy_source": "usfs-2022", "canopy_year": "2022", "assessed_m2": 109725.84, "coverage_frac": 0.999966205583998, "canopy_quality": "full", "scenario_ok": true, "canopy_baseline_ok": true, "ac_src": "lace", "ac_coverage": 1.0, "acs_year": 2024, "access_snap_m": 54.0, "access_quality": "network-estimate", "access_src": "routed", "city": "Pittsburg", "city_kind": "city", "inside_frac": 1.0, "rank_lo": 90, "rank_hi": 320, "rank_top_share": 0.007}, "geometry": {"type": "Polygon", "coordinates": [[[-121.87048, 38.00943], [-121.86939, 38.01111], [-121.87065, 38.01262], [-121.873, 38.01245], [-121.87408, 38.01077], [-121.87282, 38.00926], [-121.87048, 38.00943]]]}}, {"type": "Feature", "properties": {"id": 334, "name": "Stanford Place NE", "lst": 45.57, "green": 9.32, "pop": 219, "pct65": 4.7, "ac": 71.64, "holc": null, "access_min": 15.9, "access_km": 1.27, "score": 56.7, "rank": 206.0, "area_m2": 109658, "street_m": 341, "canopy_m2": 10227.0, "row_m2": 0.0, "row_canopy": 0.0, "veg": 9.6, "place": "res", "land": null, "green_src": "canopy", "canopy_source": "usfs-2022", "canopy_year": "2022", "assessed_m2": 109728.36, "coverage_frac": 1.0, "canopy_quality": "full", "scenario_ok": true, "canopy_baseline_ok": true, "ac_src": "lace", "ac_coverage": 1.0, "acs_year": 2024, "access_snap_m": 126.0, "access_quality": "approach-review", "access_src": "routed", "city": "Pittsburg", "city_kind": "city", "inside_frac": 1.0, "rank_lo": 111, "rank_hi": 375, "rank_top_share": 0.0}, "geometry": {"type": "Polygon", "coordinates": [[[-121.87408, 38.01077], [-121.873, 38.01245], [-121.87425, 38.01396], [-121.8766, 38.01379], [-121.87769, 38.01211], [-121.87643, 38.0106], [-121.87408, 38.01077]]]}}, {"type": "Feature", "properties": {"id": 335, "name": "Edgewater Apartment Homes S", "lst": 45.03, "green": 4.15, "pop": 235, "pct65": 9.8, "ac": 81.16, "holc": null, "access_min": 8.5, "access_km": 0.68, "score": 68.2, "rank": 96.0, "area_m2": 109664, "street_m": 1151, "canopy_m2": 4551.0, "row_m2": 0.0, "row_canopy": 0.0, "veg": 7.5, "place": "res", "land": null, "green_src": "canopy", "canopy_source": "usfs-2022", "canopy_year": "2022", "assessed_m2": 109731.24, "coverage_frac": 1.0, "canopy_quality": "full", "scenario_ok": true, "canopy_baseline_ok": true, "ac_src": "lace", "ac_coverage": 1.0, "acs_year": 2024, "access_snap_m": 33.0, "access_quality": "network-estimate", "access_src": "routed", "city": "Pittsburg", "city_kind": "city", "inside_frac": 1.0, "rank_lo": 52, "rank_hi": 130, "rank_top_share": 0.1}, "geometry": {"type": "Polygon", "coordinates": [[[-121.86705, 38.01128], [-121.86596, 38.01296], [-121.86722, 38.01447], [-121.86956, 38.0143], [-121.87065, 38.01262], [-121.86939, 38.01111], [-121.86705, 38.01128]]]}}, {"type": "Feature", "properties": {"id": 336, "name": "Edgewater Apartment Homes W", "lst": 45.07, "green": 5.57, "pop": 236, "pct65": 10.6, "ac": 82.25, "holc": null, "access_min": 13.3, "access_km": 1.07, "score": 63.7, "rank": 140.0, "area_m2": 109659, "street_m": 1054, "canopy_m2": 6116.0, "row_m2": 0.0, "row_canopy": 0.0, "veg": 14.5, "place": "res", "land": null, "green_src": "canopy", "canopy_source": "usfs-2022", "canopy_year": "2022", "assessed_m2": 109725.84, "coverage_frac": 1.0, "canopy_quality": "full", "scenario_ok": true, "canopy_baseline_ok": true, "ac_src": "lace", "ac_coverage": 1.0, "acs_year": 2024, "access_snap_m": 133.0, "access_quality": "approach-review", "access_src": "routed", "city": "Pittsburg", "city_kind": "city", "inside_frac": 1.0, "rank_lo": 91, "rank_hi": 174, "rank_top_share": 0.0}, "geometry": {"type": "Polygon", "coordinates": [[[-121.87065, 38.01262], [-121.86956, 38.0143], [-121.87082, 38.01581], [-121.87317, 38.01564], [-121.87425, 38.01396], [-121.873, 38.01245], [-121.87065, 38.01262]]]}}, {"type": "Feature", "properties": {"id": 337, "name": "Portofino Apartments", "lst": 47.16, "green": 18.35, "pop": 237, "pct65": 6.9, "ac": 79.53, "holc": null, "access_min": 7.6, "access_km": 0.61, "score": 21.7, "rank": 551.0, "area_m2": 109668, "street_m": 1946, "canopy_m2": 20135.0, "row_m2": 0.0, "row_canopy": 0.0, "veg": 15.5, "place": "res", "land": null, "green_src": "canopy", "canopy_source": "usfs-2022", "canopy_year": "2022", "assessed_m2": 109735.2, "coverage_frac": 1.0, "canopy_quality": "full", "scenario_ok": true, "canopy_baseline_ok": true, "ac_src": "lace", "ac_coverage": 1.0, "acs_year": 2024, "access_snap_m": 38.0, "access_quality": "network-estimate", "access_src": "routed", "city": "Pittsburg", "city_kind": "city", "inside_frac": 1.0, "rank_lo": 514, "rank_hi": 559, "rank_top_share": 0.0}, "geometry": {"type": "Polygon", "coordinates": [[[-121.8703, 38.00625], [-121.86922, 38.00792], [-121.87048, 38.00943], [-121.87282, 38.00926], [-121.87391, 38.00759], [-121.87265, 38.00608], [-121.8703, 38.00625]]]}}, {"type": "Feature", "properties": {"id": 338, "name": "Mosaic Apartments", "lst": 46.19, "green": 25.26, "pop": 253, "pct65": 9.6, "ac": 71.2, "holc": null, "access_min": 11.3, "access_km": 0.9, "score": 24.7, "rank": 546.0, "area_m2": 109662, "street_m": 2081, "canopy_m2": 27715.0, "row_m2": 0.0, "row_canopy": 0.0, "veg": 21.8, "place": "res", "land": null, "green_src": "canopy", "canopy_source": "usfs-2022", "canopy_year": "2022", "assessed_m2": 109725.84, "coverage_frac": 0.9999764068176068, "canopy_quality": "full", "scenario_ok": true, "canopy_baseline_ok": true, "ac_src": "lace", "ac_coverage": 1.0, "acs_year": 2024, "access_snap_m": 26.0, "access_quality": "network-estimate", "access_src": "routed", "city": "Pittsburg", "city_kind": "city", "inside_frac": 1.0, "rank_lo": 322, "rank_hi": 561, "rank_top_share": 0.0}, "geometry": {"type": "Polygon", "coordinates": [[[-121.87391, 38.00759], [-121.87282, 38.00926], [-121.87408, 38.01077], [-121.87643, 38.0106], [-121.87751, 38.00893], [-121.87625, 38.00742], [-121.87391, 38.00759]]]}}, {"type": "Feature", "properties": {"id": 339, "name": "Ventrua Apartments E", "lst": 47.95, "green": 7.61, "pop": 270, "pct65": 10.4, "ac": 90.96, "holc": null, "access_min": 2.0, "access_km": 0.16, "score": 49.3, "rank": 301.0, "area_m2": 109669, "street_m": 520, "canopy_m2": 8354.0, "row_m2": 0.0, "row_canopy": 0.0, "veg": 5.3, "place": "res", "land": null, "green_src": "canopy", "canopy_source": "usfs-2022", "canopy_year": "2022", "assessed_m2": 109734.84, "coverage_frac": 0.9999989271095092, "canopy_quality": "full", "scenario_ok": true, "canopy_baseline_ok": true, "ac_src": "lace", "ac_coverage": 1.0, "acs_year": 2024, "access_snap_m": 59.0, "access_quality": "network-estimate", "access_src": "routed", "city": "Pittsburg", "city_kind": "city", "inside_frac": 1.0, "rank_lo": 210, "rank_hi": 417, "rank_top_share": 0.0}, "geometry": {"type": "Polygon", "coordinates": [[[-121.86687, 38.00809], [-121.86579, 38.00977], [-121.86705, 38.01128], [-121.86939, 38.01111], [-121.87048, 38.00943], [-121.86922, 38.00792], [-121.86687, 38.00809]]]}}, {"type": "Feature", "properties": {"id": 340, "name": "Delta View Apartments NW", "lst": 46.88, "green": 2.03, "pop": 1, "pct65": 12.8, "ac": 88.99, "holc": null, "access_min": 10.8, "access_km": 0.86, "score": 47.7, "rank": 351.0, "area_m2": 109686, "street_m": 0, "canopy_m2": 2230.0, "row_m2": 0.0, "row_canopy": 0.0, "veg": 6.4, "place": "res", "land": null, "green_src": "canopy", "canopy_source": "usfs-2022", "canopy_year": "2022", "assessed_m2": 109748.16, "coverage_frac": 0.9999622884973512, "canopy_quality": "full", "scenario_ok": false, "canopy_baseline_ok": true, "ac_src": "lace", "ac_coverage": 1.0, "acs_year": 2024, "access_snap_m": 148.0, "access_quality": "approach-review", "access_src": "routed", "city": "Pittsburg", "city_kind": "city", "inside_frac": 0.075, "rank_lo": 267, "rank_hi": 416, "rank_top_share": 0.0}, "geometry": {"type": "Polygon", "coordinates": [[[-121.85263, 38.00592], [-121.85154, 38.0076], [-121.8528, 38.0091], [-121.85515, 38.00894], [-121.85623, 38.00726], [-121.85497, 38.00575], [-121.85263, 38.00592]]]}}, {"type": "Feature", "properties": {"id": 341, "name": "Edgewater Apartment Homes SE 3", "lst": 46.39, "green": 12.23, "pop": 251, "pct65": 10.8, "ac": 90.4, "holc": null, "access_min": 6.8, "access_km": 0.54, "score": 34.5, "rank": 513.0, "area_m2": 109681, "street_m": 1194, "canopy_m2": 13421.0, "row_m2": 0.0, "row_canopy": 0.0, "veg": 11.7, "place": "res", "land": null, "green_src": "canopy", "canopy_source": "usfs-2022", "canopy_year": "2022", "assessed_m2": 109751.04, "coverage_frac": 1.0, "canopy_quality": "full", "scenario_ok": true, "canopy_baseline_ok": true, "ac_src": "lace", "ac_coverage": 1.0, "acs_year": 2024, "access_snap_m": 59.0, "access_quality": "network-estimate", "access_src": "routed", "city": "Pittsburg", "city_kind": "city", "inside_frac": 0.945, "rank_lo": 470, "rank_hi": 530, "rank_top_share": 0.0}, "geometry": {"type": "Polygon", "coordinates": [[[-121.85623, 38.00726], [-121.85515, 38.00894], [-121.85641, 38.01045], [-121.85875, 38.01028], [-121.85984, 38.0086], [-121.85858, 38.00709], [-121.85623, 38.00726]]]}}, {"type": "Feature", "properties": {"id": 342, "name": "Delta View Apartments N 2", "lst": 46.51, "green": 2.12, "pop": 10, "pct65": 12.0, "ac": 89.0, "holc": null, "access_min": 19.1, "access_km": 1.53, "score": 47.5, "rank": 355.0, "area_m2": 109687, "street_m": 1015, "canopy_m2": 2326.0, "row_m2": 0.0, "row_canopy": 0.0, "veg": 4.9, "place": "res", "land": null, "green_src": "canopy", "canopy_source": "usfs-2022", "canopy_year": "2022", "assessed_m2": 109755.36, "coverage_frac": 1.0, "canopy_quality": "full", "scenario_ok": true, "canopy_baseline_ok": true, "ac_src": "lace", "ac_coverage": 1.0, "acs_year": 2024, "access_snap_m": 113.0, "access_quality": "approach-review", "access_src": "routed", "city": "Pittsburg", "city_kind": "city", "inside_frac": 0.956, "rank_lo": 281, "rank_hi": 408, "rank_top_share": 0.0}, "geometry": {"type": "Polygon", "coordinates": [[[-121.8492, 38.00776], [-121.84811, 38.00944], [-121.84937, 38.01095], [-121.85171, 38.01078], [-121.8528, 38.0091], [-121.85154, 38.0076], [-121.8492, 38.00776]]]}}, {"type": "Feature", "properties": {"id": 343, "name": "Delta View Apartments NW 3", "lst": 47.51, "green": 0.92, "pop": 58, "pct65": 11.7, "ac": 84.55, "holc": null, "access_min": 13.1, "access_km": 1.05, "score": 58.7, "rank": 190.0, "area_m2": 109682, "street_m": 1016, "canopy_m2": 1009.0, "row_m2": 0.0, "row_canopy": 0.0, "veg": 5.5, "place": "res", "land": null, "green_src": "canopy", "canopy_source": "usfs-2022", "canopy_year": "2022", "assessed_m2": 109751.76, "coverage_frac": 1.0, "canopy_quality": "full", "scenario_ok": true, "canopy_baseline_ok": true, "ac_src": "lace", "ac_coverage": 1.0, "acs_year": 2024, "access_snap_m": 84.0, "access_quality": "network-estimate", "access_src": "routed", "city": "Pittsburg", "city_kind": "city", "inside_frac": 0.995, "rank_lo": 97, "rank_hi": 229, "rank_top_share": 0.003}, "geometry": {"type": "Polygon", "coordinates": [[[-121.8528, 38.0091], [-121.85171, 38.01078], [-121.85297, 38.01229], [-121.85532, 38.01212], [-121.85641, 38.01045], [-121.85515, 38.00894], [-121.8528, 38.0091]]]}}, {"type": "Feature", "properties": {"id": 344, "name": "Delta View Apartments NW 2", "lst": 46.66, "green": 13.68, "pop": 196, "pct65": 10.9, "ac": 91.7, "holc": null, "access_min": 14.2, "access_km": 1.13, "score": 26.0, "rank": 542.0, "area_m2": 109685, "street_m": 0, "canopy_m2": 15015.0, "row_m2": 0.0, "row_canopy": 0.0, "veg": 16.8, "place": "res", "land": null, "green_src": "canopy", "canopy_source": "usfs-2022", "canopy_year": "2022", "assessed_m2": 109753.2, "coverage_frac": 1.0, "canopy_quality": "full", "scenario_ok": false, "canopy_baseline_ok": true, "ac_src": "lace", "ac_coverage": 1.0, "acs_year": 2024, "access_snap_m": 147.0, "access_quality": "approach-review", "access_src": "routed", "city": "Pittsburg", "city_kind": "city", "inside_frac": 0.719, "rank_lo": 527, "rank_hi": 550, "rank_top_share": 0.0}, "geometry": {"type": "Polygon", "coordinates": [[[-121.85606, 38.00407], [-121.85497, 38.00575], [-121.85623, 38.00726], [-121.85858, 38.00709], [-121.85967, 38.00541], [-121.85841, 38.0039], [-121.85606, 38.00407]]]}}, {"type": "Feature", "properties": {"id": 345, "name": "Delta View Apartments", "lst": 47.55, "green": 6.15, "pop": 0, "pct65": 12.9, "ac": 88.81, "holc": null, "access_min": 17.6, "access_km": 1.41, "score": null, "rank": null, "area_m2": 109692, "street_m": 0, "canopy_m2": 6746.0, "row_m2": 0.0, "row_canopy": 0.0, "veg": 8.1, "place": "empty", "land": "developed", "green_src": "canopy", "canopy_source": "usfs-2022", "canopy_year": "2022", "assessed_m2": 109757.88, "coverage_frac": 1.0, "canopy_quality": "full", "scenario_ok": false, "canopy_baseline_ok": true, "ac_src": "lace", "ac_coverage": 1.0, "acs_year": 2024, "access_snap_m": 44.0, "access_quality": "network-estimate", "access_src": "routed", "city": "Pittsburg", "city_kind": "city", "inside_frac": 0.018, "rank_lo": null, "rank_hi": null, "rank_top_share": null}, "geometry": {"type": "Polygon", "coordinates": [[[-121.84902, 38.00458], [-121.84794, 38.00625], [-121.8492, 38.00776], [-121.85154, 38.0076], [-121.85263, 38.00592], [-121.85137, 38.00441], [-121.84902, 38.00458]]]}}, {"type": "Feature", "properties": {"id": 346, "name": "Edgewater Apartment Homes E 2", "lst": 45.78, "green": 11.34, "pop": 239, "pct65": 11.4, "ac": 83.8, "holc": null, "access_min": 10.4, "access_km": 0.83, "score": 45.1, "rank": 413.0, "area_m2": 109671, "street_m": 683, "canopy_m2": 12439.0, "row_m2": 0.0, "row_canopy": 0.0, "veg": 8.2, "place": "res", "land": null, "green_src": "canopy", "canopy_source": "usfs-2022", "canopy_year": "2022", "assessed_m2": 109736.28, "coverage_frac": 0.9999916851101864, "canopy_quality": "full", "scenario_ok": true, "canopy_baseline_ok": true, "ac_src": "lace", "ac_coverage": 1.0, "acs_year": 2024, "access_snap_m": 88.0, "access_quality": "network-estimate", "access_src": "routed", "city": "Pittsburg", "city_kind": "city", "inside_frac": 1.0, "rank_lo": 258, "rank_hi": 468, "rank_top_share": 0.0}, "geometry": {"type": "Polygon", "coordinates": [[[-121.86001, 38.01179], [-121.85892, 38.01346], [-121.86018, 38.01497], [-121.86253, 38.01481], [-121.86361, 38.01313], [-121.86235, 38.01162], [-121.86001, 38.01179]]]}}, {"type": "Feature", "properties": {"id": 347, "name": "Edgewater Apartment Homes E", "lst": 45.01, "green": 4.34, "pop": 237, "pct65": 11.4, "ac": 83.8, "holc": null, "access_min": 10.0, "access_km": 0.8, "score": 67.0, "rank": 102.0, "area_m2": 109665, "street_m": 0, "canopy_m2": 4764.0, "row_m2": 0.0, "row_canopy": 0.0, "veg": 7.2, "place": "res", "land": null, "green_src": "canopy", "canopy_source": "usfs-2022", "canopy_year": "2022", "assessed_m2": 109734.84, "coverage_frac": 1.0, "canopy_quality": "full", "scenario_ok": false, "canopy_baseline_ok": true, "ac_src": "lace", "ac_coverage": 1.0, "acs_year": 2024, "access_snap_m": 163.0, "access_quality": "approach-review", "access_src": "routed", "city": "Pittsburg", "city_kind": "city", "inside_frac": 1.0, "rank_lo": 71, "rank_hi": 154, "rank_top_share": 0.007}, "geometry": {"type": "Polygon", "coordinates": [[[-121.86361, 38.01313], [-121.86253, 38.01481], [-121.86379, 38.01631], [-121.86613, 38.01615], [-121.86722, 38.01447], [-121.86596, 38.01296], [-121.86361, 38.01313]]]}}, {"type": "Feature", "properties": {"id": 348, "name": "Edgewater Apartment Homes E 4", "lst": 46.94, "green": 6.72, "pop": 47, "pct65": 11.8, "ac": 84.84, "holc": null, "access_min": 15.2, "access_km": 1.21, "score": 43.3, "rank": 433.0, "area_m2": 109672, "street_m": 653, "canopy_m2": 7369.0, "row_m2": 0.0, "row_canopy": 0.0, "veg": 7.2, "place": "res", "land": null, "green_src": "canopy", "canopy_source": "usfs-2022", "canopy_year": "2022", "assessed_m2": 109736.64, "coverage_frac": 0.9999847982136986, "canopy_quality": "full", "scenario_ok": true, "canopy_baseline_ok": true, "ac_src": "lace", "ac_coverage": 1.0, "acs_year": 2024, "access_snap_m": 164.0, "access_quality": "approach-review", "access_src": "routed", "city": "Pittsburg", "city_kind": "city", "inside_frac": 1.0, "rank_lo": 284, "rank_hi": 467, "rank_top_share": 0.0}, "geometry": {"type": "Polygon", "coordinates": [[[-121.85658, 38.01363], [-121.85549, 38.01531], [-121.85675, 38.01682], [-121.8591, 38.01665], [-121.86018, 38.01497], [-121.85892, 38.01346], [-121.85658, 38.01363]]]}}, {"type": "Feature", "properties": {"id": 349, "name": "Edgewater Apartment Homes E 3", "lst": 45.24, "green": 5.77, "pop": 37, "pct65": 13.3, "ac": 86.59, "holc": null, "access_min": 14.2, "access_km": 1.14, "score": 44.8, "rank": 418.0, "area_m2": 109666, "street_m": 545, "canopy_m2": 6336.0, "row_m2": 0.0, "row_canopy": 0.0, "veg": 10.7, "place": "res", "land": null, "green_src": "canopy", "canopy_source": "usfs-2022", "canopy_year": "2022", "assessed_m2": 109732.32, "coverage_frac": 0.999994713675797, "canopy_quality": "full", "scenario_ok": true, "canopy_baseline_ok": true, "ac_src": "lace", "ac_coverage": 1.0, "acs_year": 2024, "access_snap_m": 168.0, "access_quality": "approach-review", "access_src": "routed", "city": "Pittsburg", "city_kind": "city", "inside_frac": 1.0, "rank_lo": 351, "rank_hi": 443, "rank_top_share": 0.0}, "geometry": {"type": "Polygon", "coordinates": [[[-121.86018, 38.01497], [-121.8591, 38.01665], [-121.86035, 38.01816], [-121.8627, 38.01799], [-121.86379, 38.01631], [-121.86253, 38.01481], [-121.86018, 38.01497]]]}}, {"type": "Feature", "properties": {"id": 350, "name": "Edgewater Apartment Homes SE 2", "lst": 46.84, "green": 11.2, "pop": 259, "pct65": 10.9, "ac": 89.13, "holc": null, "access_min": 7.7, "access_km": 0.62, "score": 39.9, "rank": 473.0, "area_m2": 109675, "street_m": 1106, "canopy_m2": 12293.0, "row_m2": 0.0, "row_canopy": 0.0, "veg": 9.0, "place": "res", "land": null, "green_src": "canopy", "canopy_source": "usfs-2022", "canopy_year": "2022", "assessed_m2": 109739.16, "coverage_frac": 0.9999788227102928, "canopy_quality": "full", "scenario_ok": true, "canopy_baseline_ok": true, "ac_src": "lace", "ac_coverage": 1.0, "acs_year": 2024, "access_snap_m": 28.0, "access_quality": "network-estimate", "access_src": "routed", "city": "Pittsburg", "city_kind": "city", "inside_frac": 1.0, "rank_lo": 371, "rank_hi": 497, "rank_top_share": 0.0}, "geometry": {"type": "Polygon", "coordinates": [[[-121.85984, 38.0086], [-121.85875, 38.01028], [-121.86001, 38.01179], [-121.86235, 38.01162], [-121.86344, 38.00994], [-121.86218, 38.00843], [-121.85984, 38.0086]]]}}, {"type": "Feature", "properties": {"id": 351, "name": "Edgewater Apartment Homes SE", "lst": 46.58, "green": 2.19, "pop": 254, "pct65": 11.0, "ac": 87.9, "holc": null, "access_min": 6.7, "access_km": 0.54, "score": 70.0, "rank": 87.0, "area_m2": 109670, "street_m": 1399, "canopy_m2": 2404.0, "row_m2": 0.0, "row_canopy": 0.0, "veg": 3.3, "place": "res", "land": null, "green_src": "canopy", "canopy_source": "usfs-2022", "canopy_year": "2022", "assessed_m2": 109731.96, "coverage_frac": 0.9999624952489866, "canopy_quality": "full", "scenario_ok": true, "canopy_baseline_ok": true, "ac_src": "lace", "ac_coverage": 1.0, "acs_year": 2024, "access_snap_m": 38.0, "access_quality": "network-estimate", "access_src": "routed", "city": "Pittsburg", "city_kind": "city", "inside_frac": 1.0, "rank_lo": 45, "rank_hi": 127, "rank_top_share": 0.17}, "geometry": {"type": "Polygon", "coordinates": [[[-121.86344, 38.00994], [-121.86235, 38.01162], [-121.86361, 38.01313], [-121.86596, 38.01296], [-121.86705, 38.01128], [-121.86579, 38.00977], [-121.86344, 38.00994]]]}}, {"type": "Feature", "properties": {"id": 352, "name": "Edgewater Apartment Homes E 5", "lst": 48.51, "green": 3.21, "pop": 239, "pct65": 11.4, "ac": 83.8, "holc": null, "access_min": 15.3, "access_km": 1.22, "score": 70.7, "rank": 84.0, "area_m2": 109676, "street_m": 628, "canopy_m2": 3518.0, "row_m2": 0.0, "row_canopy": 0.0, "veg": 1.6, "place": "res", "land": null, "green_src": "canopy", "canopy_source": "usfs-2022", "canopy_year": "2022", "assessed_m2": 109737.36, "coverage_frac": 0.9999522482359962, "canopy_quality": "full", "scenario_ok": true, "canopy_baseline_ok": true, "ac_src": "lace", "ac_coverage": 1.0, "acs_year": 2024, "access_snap_m": 62.0, "access_quality": "network-estimate", "access_src": "routed", "city": "Pittsburg", "city_kind": "city", "inside_frac": 1.0, "rank_lo": 47, "rank_hi": 124, "rank_top_share": 0.173}, "geometry": {"type": "Polygon", "coordinates": [[[-121.85641, 38.01045], [-121.85532, 38.01212], [-121.85658, 38.01363], [-121.85892, 38.01346], [-121.86001, 38.01179], [-121.85875, 38.01028], [-121.85641, 38.01045]]]}}, {"type": "Feature", "properties": {"id": 353, "name": "Stoneman Apartments SE 6", "lst": 47.74, "green": 9.35, "pop": 378, "pct65": 12.4, "ac": 94.24, "holc": null, "access_min": 20.6, "access_km": 1.65, "score": 49.0, "rank": 316.0, "area_m2": 109686, "street_m": 1341, "canopy_m2": 10256.0, "row_m2": 0.0, "row_canopy": 0.0, "veg": 16.3, "place": "res", "land": null, "green_src": "canopy", "canopy_source": "usfs-2022", "canopy_year": "2022", "assessed_m2": 109751.4, "coverage_frac": 0.9999934910106464, "canopy_quality": "full", "scenario_ok": true, "canopy_baseline_ok": true, "ac_src": "lace", "ac_coverage": 1.0, "acs_year": 2024, "access_snap_m": 66.0, "access_quality": "network-estimate", "access_src": "routed", "city": "Pittsburg", "city_kind": "city", "inside_frac": 1.0, "rank_lo": 196, "rank_hi": 455, "rank_top_share": 0.0}, "geometry": {"type": "Polygon", "coordinates": [[[-121.86618, 37.99534], [-121.8651, 37.99702], [-121.86636, 37.99853], [-121.8687, 37.99836], [-121.86979, 37.99668], [-121.86853, 37.99517], [-121.86618, 37.99534]]]}}, {"type": "Feature", "properties": {"id": 354, "name": "Stoneman Apartments S", "lst": 49.62, "green": 10.57, "pop": 305, "pct65": 15.7, "ac": 93.0, "holc": null, "access_min": 14.4, "access_km": 1.15, "score": 47.0, "rank": 368.0, "area_m2": 109681, "street_m": 1108, "canopy_m2": 11597.0, "row_m2": 0.0, "row_canopy": 0.0, "veg": 10.7, "place": "res", "land": null, "green_src": "canopy", "canopy_source": "usfs-2022", "canopy_year": "2022", "assessed_m2": 109749.6, "coverage_frac": 1.0, "canopy_quality": "full", "scenario_ok": true, "canopy_baseline_ok": true, "ac_src": "lace", "ac_coverage": 1.0, "acs_year": 2024, "access_snap_m": 82.0, "access_quality": "network-estimate", "access_src": "routed", "city": "Pittsburg", "city_kind": "city", "inside_frac": 1.0, "rank_lo": 242, "rank_hi": 473, "rank_top_share": 0.0}, "geometry": {"type": "Polygon", "coordinates": [[[-121.86979, 37.99668], [-121.8687, 37.99836], [-121.86996, 37.99987], [-121.8723, 37.9997], [-121.87339, 37.99802], [-121.87213, 37.99651], [-121.86979, 37.99668]]]}}, {"type": "Feature", "properties": {"id": 355, "name": "Stoneman Apartments SE 7", "lst": 47.27, "green": 13.23, "pop": 278, "pct65": 17.2, "ac": 92.48, "holc": null, "access_min": 18.7, "access_km": 1.5, "score": 39.4, "rank": 476.0, "area_m2": 109687, "street_m": 1335, "canopy_m2": 14523.0, "row_m2": 0.0, "row_canopy": 0.0, "veg": 17.2, "place": "res", "land": null, "green_src": "canopy", "canopy_source": "usfs-2022", "canopy_year": "2022", "assessed_m2": 109754.28, "coverage_frac": 1.0, "canopy_quality": "full", "scenario_ok": true, "canopy_baseline_ok": true, "ac_src": "lace", "ac_coverage": 1.0, "acs_year": 2024, "access_snap_m": 180.0, "access_quality": "approach-review", "access_src": "routed", "city": "Pittsburg", "city_kind": "city", "inside_frac": 1.0, "rank_lo": 377, "rank_hi": 527, "rank_top_share": 0.0}, "geometry": {"type": "Polygon", "coordinates": [[[-121.86275, 37.99719], [-121.86167, 37.99887], [-121.86292, 38.00038], [-121.86527, 38.00021], [-121.86636, 37.99853], [-121.8651, 37.99702], [-121.86275, 37.99719]]]}}, {"type": "Feature", "properties": {"id": 356, "name": "Stoneman Apartments SE 4", "lst": 48.84, "green": 11.3, "pop": 254, "pct65": 15.9, "ac": 91.7, "holc": null, "access_min": 13.3, "access_km": 1.06, "score": 43.3, "rank": 435.0, "area_m2": 109682, "street_m": 1391, "canopy_m2": 12405.0, "row_m2": 0.0, "row_canopy": 0.0, "veg": 13.5, "place": "res", "land": null, "green_src": "canopy", "canopy_source": "usfs-2022", "canopy_year": "2022", "assessed_m2": 109747.08, "coverage_frac": 0.9999931988903654, "canopy_quality": "full", "scenario_ok": true, "canopy_baseline_ok": true, "ac_src": "lace", "ac_coverage": 1.0, "acs_year": 2024, "access_snap_m": 73.0, "access_quality": "network-estimate", "access_src": "routed", "city": "Pittsburg", "city_kind": "city", "inside_frac": 1.0, "rank_lo": 310, "rank_hi": 499, "rank_top_share": 0.0}, "geometry": {"type": "Polygon", "coordinates": [[[-121.86636, 37.99853], [-121.86527, 38.00021], [-121.86653, 38.00172], [-121.86887, 38.00155], [-121.86996, 37.99987], [-121.8687, 37.99836], [-121.86636, 37.99853]]]}}, {"type": "Feature", "properties": {"id": 357, "name": "Stoneman Apartments SE 8", "lst": 48.58, "green": 10.39, "pop": 395, "pct65": 11.8, "ac": 94.5, "holc": null, "access_min": 24.1, "access_km": 1.93, "score": 44.8, "rank": 417.0, "area_m2": 109691, "street_m": 1761, "canopy_m2": 11407.0, "row_m2": 0.0, "row_canopy": 0.0, "veg": 12.8, "place": "res", "land": null, "green_src": "canopy", "canopy_source": "usfs-2022", "canopy_year": "2022", "assessed_m2": 109761.48, "coverage_frac": 1.0, "canopy_quality": "full", "scenario_ok": true, "canopy_baseline_ok": true, "ac_src": "lace", "ac_coverage": 1.0, "acs_year": 2024, "access_snap_m": 146.0, "access_quality": "approach-review", "access_src": "routed", "city": "Pittsburg", "city_kind": "city", "inside_frac": 1.0, "rank_lo": 232, "rank_hi": 493, "rank_top_share": 0.0}, "geometry": {"type": "Polygon", "coordinates": [[[-121.86601, 37.99215], [-121.86493, 37.99383], [-121.86618, 37.99534], [-121.86853, 37.99517], [-121.86961, 37.99349], [-121.86836, 37.99198], [-121.86601, 37.99215]]]}}, {"type": "Feature", "properties": {"id": 358, "name": "Delta Hawaii SE 5", "lst": 49.61, "green": 11.28, "pop": 330, "pct65": 11.0, "ac": 91.15, "holc": null, "access_min": 20.3, "access_km": 1.62, "score": 41.2, "rank": 463.0, "area_m2": 109685, "street_m": 1418, "canopy_m2": 12383.0, "row_m2": 0.0, "row_canopy": 0.0, "veg": 14.4, "place": "res", "land": null, "green_src": "canopy", "canopy_source": "usfs-2022", "canopy_year": "2022", "assessed_m2": 109751.04, "coverage_frac": 1.0, "canopy_quality": "full", "scenario_ok": true, "canopy_baseline_ok": true, "ac_src": "lace", "ac_coverage": 1.0, "acs_year": 2024, "access_snap_m": 170.0, "access_quality": "approach-review", "access_src": "routed", "city": "Pittsburg", "city_kind": "city", "inside_frac": 1.0, "rank_lo": 293, "rank_hi": 497, "rank_top_share": 0.0}, "geometry": {"type": "Polygon", "coordinates": [[[-121.86961, 37.99349], [-121.86853, 37.99517], [-121.86979, 37.99668], [-121.87213, 37.99651], [-121.87322, 37.99483], [-121.87196, 37.99332], [-121.86961, 37.99349]]]}}, {"type": "Feature", "properties": {"id": 359, "name": "Chateau Mobile Home Park W 7", "lst": 47.65, "green": 8.28, "pop": 395, "pct65": 11.8, "ac": 94.5, "holc": null, "access_min": 25.0, "access_km": 2.0, "score": 52.7, "rank": 237.0, "area_m2": 109692, "street_m": 1997, "canopy_m2": 9090.0, "row_m2": 0.0, "row_canopy": 0.0, "veg": 11.2, "place": "res", "land": null, "green_src": "canopy", "canopy_source": "usfs-2022", "canopy_year": "2022", "assessed_m2": 109752.84, "coverage_frac": 0.9999573378746672, "canopy_quality": "full", "scenario_ok": true, "canopy_baseline_ok": true, "ac_src": "lace", "ac_coverage": 1.0, "acs_year": 2024, "access_snap_m": 99.0, "access_quality": "network-estimate", "access_src": "routed", "city": "Pittsburg", "city_kind": "city", "inside_frac": 1.0, "rank_lo": 150, "rank_hi": 423, "rank_top_share": 0.0}, "geometry": {"type": "Polygon", "coordinates": [[[-121.86258, 37.994], [-121.86149, 37.99568], [-121.86275, 37.99719], [-121.8651, 37.99702], [-121.86618, 37.99534], [-121.86493, 37.99383], [-121.86258, 37.994]]]}}, {"type": "Feature", "properties": {"id": 360, "name": "Delta Hawaii SE 2", "lst": 47.91, "green": 6.69, "pop": 282, "pct65": 16.2, "ac": 71.86, "holc": null, "access_min": 3.7, "access_km": 0.3, "score": 84.8, "rank": 16.0, "area_m2": 109671, "street_m": 1599, "canopy_m2": 7342.0, "row_m2": 0.0, "row_canopy": 0.0, "veg": 14.9, "place": "res", "land": null, "green_src": "canopy", "canopy_source": "usfs-2022", "canopy_year": "2022", "assessed_m2": 109744.2, "coverage_frac": 1.0, "canopy_quality": "full", "scenario_ok": true, "canopy_baseline_ok": true, "ac_src": "lace", "ac_coverage": 1.0, "acs_year": 2024, "access_snap_m": 83.0, "access_quality": "network-estimate", "access_src": "routed", "city": "Pittsburg", "city_kind": "city", "inside_frac": 1.0, "rank_lo": 1, "rank_hi": 61, "rank_top_share": 0.94}, "geometry": {"type": "Polygon", "coordinates": [[[-121.87356, 38.00121], [-121.87248, 38.00289], [-121.87374, 38.0044], [-121.87608, 38.00423], [-121.87717, 38.00255], [-121.87591, 38.00104], [-121.87356, 38.00121]]]}}, {"type": "Feature", "properties": {"id": 361, "name": "Delta Hawaii SE", "lst": 46.88, "green": 11.72, "pop": 325, "pct65": 19.7, "ac": 71.2, "holc": null, "access_min": 1.9, "access_km": 0.15, "score": 78.2, "rank": 39.0, "area_m2": 109666, "street_m": 1581, "canopy_m2": 12857.0, "row_m2": 0.0, "row_canopy": 0.0, "veg": 12.7, "place": "res", "land": null, "green_src": "canopy", "canopy_source": "usfs-2022", "canopy_year": "2022", "assessed_m2": 109726.56, "coverage_frac": 0.9999540907751024, "canopy_quality": "full", "scenario_ok": true, "canopy_baseline_ok": true, "ac_src": "lace", "ac_coverage": 1.0, "acs_year": 2024, "access_snap_m": 87.0, "access_quality": "network-estimate", "access_src": "routed", "city": "Pittsburg", "city_kind": "city", "inside_frac": 1.0, "rank_lo": 9, "rank_hi": 142, "rank_top_share": 0.487}, "geometry": {"type": "Polygon", "coordinates": [[[-121.87717, 38.00255], [-121.87608, 38.00423], [-121.87734, 38.00574], [-121.87969, 38.00557], [-121.88077, 38.00389], [-121.87951, 38.00238], [-121.87717, 38.00255]]]}}, {"type": "Feature", "properties": {"id": 362, "name": "Stoneman Apartments SE", "lst": 46.76, "green": 11.42, "pop": 259, "pct65": 9.3, "ac": 87.46, "holc": null, "access_min": 8.7, "access_km": 0.69, "score": 38.9, "rank": 484.0, "area_m2": 109672, "street_m": 851, "canopy_m2": 12531.0, "row_m2": 0.0, "row_canopy": 0.0, "veg": 20.4, "place": "res", "land": null, "green_src": "canopy", "canopy_source": "usfs-2022", "canopy_year": "2022", "assessed_m2": 109743.84, "coverage_frac": 1.0, "canopy_quality": "full", "scenario_ok": true, "canopy_baseline_ok": true, "ac_src": "lace", "ac_coverage": 1.0, "acs_year": 2024, "access_snap_m": 87.0, "access_quality": "network-estimate", "access_src": "routed", "city": "Pittsburg", "city_kind": "city", "inside_frac": 1.0, "rank_lo": 329, "rank_hi": 500, "rank_top_share": 0.0}, "geometry": {"type": "Polygon", "coordinates": [[[-121.87013, 38.00306], [-121.86905, 38.00474], [-121.8703, 38.00625], [-121.87265, 38.00608], [-121.87374, 38.0044], [-121.87248, 38.00289], [-121.87013, 38.00306]]]}}, {"type": "Feature", "properties": {"id": 363, "name": "Stoneman Apartments", "lst": 48.1, "green": 3.19, "pop": 220, "pct65": 4.9, "ac": 71.2, "holc": null, "access_min": 3.0, "access_km": 0.24, "score": 76.1, "rank": 53.0, "area_m2": 109667, "street_m": 0, "canopy_m2": 3502.0, "row_m2": 0.0, "row_canopy": 0.0, "veg": 5.4, "place": "res", "land": null, "green_src": "canopy", "canopy_source": "usfs-2022", "canopy_year": "2022", "assessed_m2": 109728.72, "coverage_frac": 0.9999635590118952, "canopy_quality": "full", "scenario_ok": false, "canopy_baseline_ok": true, "ac_src": "lace", "ac_coverage": 1.0, "acs_year": 2024, "access_snap_m": 108.0, "access_quality": "approach-review", "access_src": "routed", "city": "Pittsburg", "city_kind": "city", "inside_frac": 1.0, "rank_lo": 11, "rank_hi": 95, "rank_top_share": 0.747}, "geometry": {"type": "Polygon", "coordinates": [[[-121.87374, 38.0044], [-121.87265, 38.00608], [-121.87391, 38.00759], [-121.87625, 38.00742], [-121.87734, 38.00574], [-121.87608, 38.00423], [-121.87374, 38.0044]]]}}, {"type": "Feature", "properties": {"id": 364, "name": "Delta Hawaii SE 3", "lst": 49.05, "green": 9.05, "pop": 295, "pct65": 20.1, "ac": 75.55, "holc": null, "access_min": 10.2, "access_km": 0.81, "score": 79.5, "rank": 31.0, "area_m2": 109675, "street_m": 1651, "canopy_m2": 9927.0, "row_m2": 0.0, "row_canopy": 0.0, "veg": 11.7, "place": "res", "land": null, "green_src": "canopy", "canopy_source": "usfs-2022", "canopy_year": "2022", "assessed_m2": 109734.12, "coverage_frac": 0.9999346077082718, "canopy_quality": "full", "scenario_ok": true, "canopy_baseline_ok": true, "ac_src": "lace", "ac_coverage": 1.0, "acs_year": 2024, "access_snap_m": 56.0, "access_quality": "network-estimate", "access_src": "routed", "city": "Pittsburg", "city_kind": "city", "inside_frac": 1.0, "rank_lo": 15, "rank_hi": 121, "rank_top_share": 0.557}, "geometry": {"type": "Polygon", "coordinates": [[[-121.87339, 37.99802], [-121.8723, 37.9997], [-121.87356, 38.00121], [-121.87591, 38.00104], [-121.87699, 37.99936], [-121.87574, 37.99785], [-121.87339, 37.99802]]]}}, {"type": "Feature", "properties": {"id": 365, "name": "Delta Hawaii S 2", "lst": 49.45, "green": 9.36, "pop": 313, "pct65": 20.8, "ac": 71.2, "holc": null, "access_min": 6.1, "access_km": 0.49, "score": 86.8, "rank": 11.0, "area_m2": 109670, "street_m": 1313, "canopy_m2": 10272.0, "row_m2": 0.0, "row_canopy": 0.0, "veg": 12.0, "place": "res", "land": null, "green_src": "canopy", "canopy_source": "usfs-2022", "canopy_year": "2022", "assessed_m2": 109743.84, "coverage_frac": 1.0, "canopy_quality": "full", "scenario_ok": true, "canopy_baseline_ok": true, "ac_src": "lace", "ac_coverage": 1.0, "acs_year": 2024, "access_snap_m": 117.0, "access_quality": "approach-review", "access_src": "routed", "city": "Pittsburg", "city_kind": "city", "inside_frac": 1.0, "rank_lo": 2, "rank_hi": 91, "rank_top_share": 0.83}, "geometry": {"type": "Polygon", "coordinates": [[[-121.87699, 37.99936], [-121.87591, 38.00104], [-121.87717, 38.00255], [-121.87951, 38.00238], [-121.8806, 38.0007], [-121.87934, 37.99919], [-121.87699, 37.99936]]]}}, {"type": "Feature", "properties": {"id": 366, "name": "Stoneman Apartments SE 2", "lst": 47.14, "green": 17.13, "pop": 266, "pct65": 12.4, "ac": 91.7, "holc": null, "access_min": 8.3, "access_km": 0.66, "score": 20.1, "rank": 556.0, "area_m2": 109676, "street_m": 2017, "canopy_m2": 18796.0, "row_m2": 0.0, "row_canopy": 0.0, "veg": 16.8, "place": "res", "land": null, "green_src": "canopy", "canopy_source": "usfs-2022", "canopy_year": "2022", "assessed_m2": 109736.64, "coverage_frac": 0.9999473542559696, "canopy_quality": "full", "scenario_ok": true, "canopy_baseline_ok": true, "ac_src": "lace", "ac_coverage": 1.0, "acs_year": 2024, "access_snap_m": 145.0, "access_quality": "approach-review", "access_src": "routed", "city": "Pittsburg", "city_kind": "city", "inside_frac": 1.0, "rank_lo": 544, "rank_hi": 561, "rank_top_share": 0.0}, "geometry": {"type": "Polygon", "coordinates": [[[-121.86996, 37.99987], [-121.86887, 38.00155], [-121.87013, 38.00306], [-121.87248, 38.00289], [-121.87356, 38.00121], [-121.8723, 37.9997], [-121.86996, 37.99987]]]}}, {"type": "Feature", "properties": {"id": 367, "name": "Chateau Mobile Home Park W 3", "lst": 48.79, "green": 8.37, "pop": 162, "pct65": 18.7, "ac": 91.75, "holc": null, "access_min": 24.5, "access_km": 1.96, "score": 49.5, "rank": 299.0, "area_m2": 109694, "street_m": 1163, "canopy_m2": 9189.0, "row_m2": 0.0, "row_canopy": 0.0, "veg": 13.0, "place": "res", "land": null, "green_src": "canopy", "canopy_source": "usfs-2022", "canopy_year": "2022", "assessed_m2": 109758.24, "coverage_frac": 0.9999861407295548, "canopy_quality": "full", "scenario_ok": true, "canopy_baseline_ok": true, "ac_src": "lace", "ac_coverage": 1.0, "acs_year": 2024, "access_snap_m": 170.0, "access_quality": "approach-review", "access_src": "routed", "city": "Pittsburg", "city_kind": "city", "inside_frac": 0.75, "rank_lo": 233, "rank_hi": 448, "rank_top_share": 0.0}, "geometry": {"type": "Polygon", "coordinates": [[[-121.85572, 37.99769], [-121.85463, 37.99937], [-121.85589, 38.00088], [-121.85823, 38.00071], [-121.85932, 37.99904], [-121.85806, 37.99753], [-121.85572, 37.99769]]]}}, {"type": "Feature", "properties": {"id": 368, "name": "Chateau Mobile Home Park W 6", "lst": 48.4, "green": 13.2, "pop": 242, "pct65": 19.6, "ac": 91.7, "holc": null, "access_min": 19.2, "access_km": 1.54, "score": 41.7, "rank": 453.0, "area_m2": 109688, "street_m": 1404, "canopy_m2": 14492.0, "row_m2": 0.0, "row_canopy": 0.0, "veg": 15.8, "place": "res", "land": null, "green_src": "canopy", "canopy_source": "usfs-2022", "canopy_year": "2022", "assessed_m2": 109753.56, "coverage_frac": 0.9999927658673368, "canopy_quality": "full", "scenario_ok": true, "canopy_baseline_ok": true, "ac_src": "lace", "ac_coverage": 1.0, "acs_year": 2024, "access_snap_m": 90.0, "access_quality": "network-estimate", "access_src": "routed", "city": "Pittsburg", "city_kind": "city", "inside_frac": 1.0, "rank_lo": 306, "rank_hi": 525, "rank_top_share": 0.0}, "geometry": {"type": "Polygon", "coordinates": [[[-121.85932, 37.99904], [-121.85823, 38.00071], [-121.85949, 38.00222], [-121.86184, 38.00205], [-121.86292, 38.00038], [-121.86167, 37.99887], [-121.85932, 37.99904]]]}}, {"type": "Feature", "properties": {"id": 369, "name": "Chateau Mobile Home Park NW", "lst": 48.29, "green": 9.07, "pop": 186, "pct65": 13.6, "ac": 91.7, "holc": null, "access_min": 14.7, "access_km": 1.17, "score": 42.7, "rank": 445.0, "area_m2": 109689, "street_m": 219, "canopy_m2": 9957.0, "row_m2": 0.0, "row_canopy": 0.0, "veg": 13.1, "place": "res", "land": null, "green_src": "canopy", "canopy_source": "usfs-2022", "canopy_year": "2022", "assessed_m2": 109755.0, "coverage_frac": 0.9999956978342044, "canopy_quality": "full", "scenario_ok": true, "canopy_baseline_ok": true, "ac_src": "lace", "ac_coverage": 1.0, "acs_year": 2024, "access_snap_m": 134.0, "access_quality": "approach-review", "access_src": "routed", "city": "Pittsburg", "city_kind": "city", "inside_frac": 0.712, "rank_lo": 376, "rank_hi": 482, "rank_top_share": 0.0}, "geometry": {"type": "Polygon", "coordinates": [[[-121.85589, 38.00088], [-121.8548, 38.00256], [-121.85606, 38.00407], [-121.85841, 38.0039], [-121.85949, 38.00222], [-121.85823, 38.00071], [-121.85589, 38.00088]]]}}, {"type": "Feature", "properties": {"id": 370, "name": "Chateau Mobile Home Park W 2", "lst": 49.88, "green": 2.54, "pop": 32, "pct65": 13.2, "ac": 94.5, "holc": null, "access_min": 32.1, "access_km": 2.57, "score": 45.0, "rank": 415.0, "area_m2": 109698, "street_m": 828, "canopy_m2": 2793.0, "row_m2": 0.0, "row_canopy": 0.0, "veg": 2.9, "place": "res", "land": null, "green_src": "canopy", "canopy_source": "usfs-2022", "canopy_year": "2022", "assessed_m2": 109762.56, "coverage_frac": 0.9999864309184354, "canopy_quality": "full", "scenario_ok": true, "canopy_baseline_ok": true, "ac_src": "lace", "ac_coverage": 1.0, "acs_year": 2024, "access_snap_m": 117.0, "access_quality": "approach-review", "access_src": "routed", "city": "Pittsburg", "city_kind": "city", "inside_frac": 1.0, "rank_lo": 346, "rank_hi": 454, "rank_top_share": 0.0}, "geometry": {"type": "Polygon", "coordinates": [[[-121.85554, 37.99451], [-121.85446, 37.99618], [-121.85572, 37.99769], [-121.85806, 37.99753], [-121.85915, 37.99585], [-121.85789, 37.99434], [-121.85554, 37.99451]]]}}, {"type": "Feature", "properties": {"id": 371, "name": "Chateau Mobile Home Park W 4", "lst": 49.51, "green": 4.43, "pop": 194, "pct65": 14.4, "ac": 93.43, "holc": null, "access_min": 24.0, "access_km": 1.92, "score": 56.2, "rank": 209.0, "area_m2": 109693, "street_m": 1623, "canopy_m2": 4863.0, "row_m2": 0.0, "row_canopy": 0.0, "veg": 8.6, "place": "res", "land": null, "green_src": "canopy", "canopy_source": "usfs-2022", "canopy_year": "2022", "assessed_m2": 109754.64, "coverage_frac": 0.9999635348005056, "canopy_quality": "full", "scenario_ok": true, "canopy_baseline_ok": true, "ac_src": "lace", "ac_coverage": 1.0, "acs_year": 2024, "access_snap_m": 177.0, "access_quality": "approach-review", "access_src": "routed", "city": "Pittsburg", "city_kind": "city", "inside_frac": 1.0, "rank_lo": 152, "rank_hi": 277, "rank_top_share": 0.0}, "geometry": {"type": "Polygon", "coordinates": [[[-121.85915, 37.99585], [-121.85806, 37.99753], [-121.85932, 37.99904], [-121.86167, 37.99887], [-121.86275, 37.99719], [-121.86149, 37.99568], [-121.85915, 37.99585]]]}}, {"type": "Feature", "properties": {"id": 372, "name": "Chateau Mobile Home Park W", "lst": 49.33, "green": 5.27, "pop": 19, "pct65": 13.2, "ac": 94.15, "holc": null, "access_min": 23.2, "access_km": 1.85, "score": 37.9, "rank": 488.0, "area_m2": 109699, "street_m": 392, "canopy_m2": 5785.0, "row_m2": 0.0, "row_canopy": 0.0, "veg": 9.5, "place": "res", "land": null, "green_src": "canopy", "canopy_source": "usfs-2022", "canopy_year": "2022", "assessed_m2": 109761.84, "coverage_frac": 0.9999696828533636, "canopy_quality": "full", "scenario_ok": true, "canopy_baseline_ok": true, "ac_src": "lace", "ac_coverage": 1.0, "acs_year": 2024, "access_snap_m": 110.0, "access_quality": "approach-review", "access_src": "routed", "city": "Pittsburg", "city_kind": "city", "inside_frac": 0.555, "rank_lo": 443, "rank_hi": 514, "rank_top_share": 0.0}, "geometry": {"type": "Polygon", "coordinates": [[[-121.85211, 37.99635], [-121.85103, 37.99803], [-121.85229, 37.99954], [-121.85463, 37.99937], [-121.85572, 37.99769], [-121.85446, 37.99618], [-121.85211, 37.99635]]]}}, {"type": "Feature", "properties": {"id": 373, "name": "Pittsburg Park Apartments E", "lst": 47.34, "green": 12.59, "pop": 282, "pct65": 16.4, "ac": 73.21, "holc": null, "access_min": 9.4, "access_km": 0.75, "score": 64.0, "rank": 132.0, "area_m2": 109640, "street_m": 345, "canopy_m2": 13808.0, "row_m2": 0.0, "row_canopy": 0.0, "veg": 8.4, "place": "res", "land": null, "green_src": "canopy", "canopy_source": "usfs-2022", "canopy_year": "2022", "assessed_m2": 109706.04, "coverage_frac": 0.9999932298711308, "canopy_quality": "full", "scenario_ok": true, "canopy_baseline_ok": true, "ac_src": "lace", "ac_coverage": 1.0, "acs_year": 2024, "access_snap_m": 45.0, "access_quality": "network-estimate", "access_src": "routed", "city": "Pittsburg", "city_kind": "city", "inside_frac": 1.0, "rank_lo": 82, "rank_hi": 338, "rank_top_share": 0.013}, "geometry": {"type": "Polygon", "coordinates": [[[-121.88832, 38.01295], [-121.88724, 38.01462], [-121.8885, 38.01613], [-121.89084, 38.01596], [-121.89193, 38.01428], [-121.89067, 38.01278], [-121.88832, 38.01295]]]}}, {"type": "Feature", "properties": {"id": 374, "name": "Crestview Apartments", "lst": 48.05, "green": 11.4, "pop": 439, "pct65": 14.2, "ac": 70.7, "holc": null, "access_min": 10.9, "access_km": 0.87, "score": 81.5, "rank": 25.0, "area_m2": 109635, "street_m": 835, "canopy_m2": 12504.0, "row_m2": 0.0, "row_canopy": 0.0, "veg": 15.2, "place": "res", "land": null, "green_src": "canopy", "canopy_source": "usfs-2022", "canopy_year": "2022", "assessed_m2": 109697.04, "coverage_frac": 0.9999605327410598, "canopy_quality": "full", "scenario_ok": true, "canopy_baseline_ok": true, "ac_src": "lace", "ac_coverage": 1.0, "acs_year": 2024, "access_snap_m": 58.0, "access_quality": "network-estimate", "access_src": "routed", "city": "Pittsburg", "city_kind": "city", "inside_frac": 1.0, "rank_lo": 7, "rank_hi": 118, "rank_top_share": 0.727}, "geometry": {"type": "Polygon", "coordinates": [[[-121.89193, 38.01428], [-121.89084, 38.01596], [-121.8921, 38.01747], [-121.89445, 38.0173], [-121.89553, 38.01562], [-121.89427, 38.01412], [-121.89193, 38.01428]]]}}, {"type": "Feature", "properties": {"id": 375, "name": "Crestview Apartments E", "lst": 46.16, "green": 10.39, "pop": 262, "pct65": 12.9, "ac": 73.74, "holc": null, "access_min": 8.3, "access_km": 0.67, "score": 63.8, "rank": 139.0, "area_m2": 109642, "street_m": 527, "canopy_m2": 11396.0, "row_m2": 0.0, "row_canopy": 0.0, "veg": 9.3, "place": "res", "land": null, "green_src": "canopy", "canopy_source": "usfs-2022", "canopy_year": "2022", "assessed_m2": 109711.44, "coverage_frac": 1.0, "canopy_quality": "full", "scenario_ok": true, "canopy_baseline_ok": true, "ac_src": "lace", "ac_coverage": 1.0, "acs_year": 2024, "access_snap_m": 45.0, "access_quality": "network-estimate", "access_src": "routed", "city": "Pittsburg", "city_kind": "city", "inside_frac": 1.0, "rank_lo": 82, "rank_hi": 262, "rank_top_share": 0.01}, "geometry": {"type": "Polygon", "coordinates": [[[-121.88489, 38.01479], [-121.88381, 38.01647], [-121.88507, 38.01798], [-121.88741, 38.01781], [-121.8885, 38.01613], [-121.88724, 38.01462], [-121.88489, 38.01479]]]}}, {"type": "Feature", "properties": {"id": 376, "name": "Crestview Apartments NE", "lst": 45.6, "green": 7.91, "pop": 301, "pct65": 14.6, "ac": 72.3, "holc": null, "access_min": 3.2, "access_km": 0.25, "score": 79.8, "rank": 29.0, "area_m2": 109636, "street_m": 1170, "canopy_m2": 8681.0, "row_m2": 0.0, "row_canopy": 0.0, "veg": 8.0, "place": "res", "land": null, "green_src": "canopy", "canopy_source": "usfs-2022", "canopy_year": "2022", "assessed_m2": 109697.04, "coverage_frac": 0.9999503085898708, "canopy_quality": "full", "scenario_ok": true, "canopy_baseline_ok": true, "ac_src": "lace", "ac_coverage": 1.0, "acs_year": 2024, "access_snap_m": 29.0, "access_quality": "network-estimate", "access_src": "routed", "city": "Pittsburg", "city_kind": "city", "inside_frac": 1.0, "rank_lo": 17, "rank_hi": 75, "rank_top_share": 0.827}, "geometry": {"type": "Polygon", "coordinates": [[[-121.8885, 38.01613], [-121.88741, 38.01781], [-121.88867, 38.01932], [-121.89102, 38.01915], [-121.8921, 38.01747], [-121.89084, 38.01596], [-121.8885, 38.01613]]]}}, {"type": "Feature", "properties": {"id": 377, "name": "Presidio Village Senior Housing", "lst": 48.57, "green": 14.98, "pop": 241, "pct65": 15.9, "ac": 74.76, "holc": null, "access_min": 14.7, "access_km": 1.18, "score": 50.6, "rank": 280.0, "area_m2": 109645, "street_m": 897, "canopy_m2": 16439.0, "row_m2": 0.0, "row_canopy": 0.0, "veg": 12.0, "place": "res", "land": null, "green_src": "canopy", "canopy_source": "usfs-2022", "canopy_year": "2022", "assessed_m2": 109707.12, "coverage_frac": 0.9999639654386544, "canopy_quality": "full", "scenario_ok": true, "canopy_baseline_ok": true, "ac_src": "lace", "ac_coverage": 1.0, "acs_year": 2024, "access_snap_m": 49.0, "access_quality": "network-estimate", "access_src": "routed", "city": "Pittsburg", "city_kind": "city", "inside_frac": 1.0, "rank_lo": 165, "rank_hi": 475, "rank_top_share": 0.0}, "geometry": {"type": "Polygon", "coordinates": [[[-121.88815, 38.00976], [-121.88707, 38.01144], [-121.88832, 38.01295], [-121.89067, 38.01278], [-121.89176, 38.0111], [-121.8905, 38.00959], [-121.88815, 38.00976]]]}}, {"type": "Feature", "properties": {"id": 378, "name": "Pittsburg Park Apartments", "lst": 48.69, "green": 15.09, "pop": 386, "pct65": 17.1, "ac": 70.74, "holc": null, "access_min": 13.8, "access_km": 1.11, "score": 67.9, "rank": 97.0, "area_m2": 109639, "street_m": 1648, "canopy_m2": 16551.0, "row_m2": 0.0, "row_canopy": 0.0, "veg": 13.1, "place": "res", "land": null, "green_src": "canopy", "canopy_source": "usfs-2022", "canopy_year": "2022", "assessed_m2": 109699.56, "coverage_frac": 0.9999443924784852, "canopy_quality": "full", "scenario_ok": true, "canopy_baseline_ok": true, "ac_src": "lace", "ac_coverage": 1.0, "acs_year": 2024, "access_snap_m": 92.0, "access_quality": "network-estimate", "access_src": "routed", "city": "Pittsburg", "city_kind": "city", "inside_frac": 1.0, "rank_lo": 38, "rank_hi": 378, "rank_top_share": 0.13}, "geometry": {"type": "Polygon", "coordinates": [[[-121.89176, 38.0111], [-121.89067, 38.01278], [-121.89193, 38.01428], [-121.89427, 38.01412], [-121.89536, 38.01244], [-121.8941, 38.01093], [-121.89176, 38.0111]]]}}, {"type": "Feature", "properties": {"id": 379, "name": "Stoneman Village", "lst": 47.37, "green": 7.15, "pop": 234, "pct65": 13.1, "ac": 74.06, "holc": null, "access_min": 15.6, "access_km": 1.25, "score": 71.5, "rank": 80.0, "area_m2": 109646, "street_m": 1155, "canopy_m2": 7847.0, "row_m2": 0.0, "row_canopy": 0.0, "veg": 5.8, "place": "res", "land": null, "green_src": "canopy", "canopy_source": "usfs-2022", "canopy_year": "2022", "assessed_m2": 109706.4, "coverage_frac": 0.9999471780825728, "canopy_quality": "full", "scenario_ok": true, "canopy_baseline_ok": true, "ac_src": "lace", "ac_coverage": 1.0, "acs_year": 2024, "access_snap_m": 51.0, "access_quality": "network-estimate", "access_src": "routed", "city": "Pittsburg", "city_kind": "city", "inside_frac": 1.0, "rank_lo": 21, "rank_hi": 144, "rank_top_share": 0.293}, "geometry": {"type": "Polygon", "coordinates": [[[-121.88472, 38.01161], [-121.88363, 38.01328], [-121.88489, 38.01479], [-121.88724, 38.01462], [-121.88832, 38.01295], [-121.88707, 38.01144], [-121.88472, 38.01161]]]}}, {"type": "Feature", "properties": {"id": 380, "name": "Crestview Apartments NW", "lst": 46.82, "green": 14.02, "pop": 322, "pct65": 15.6, "ac": 72.37, "holc": null, "access_min": 7.9, "access_km": 0.63, "score": 62.2, "rank": 153.0, "area_m2": 109625, "street_m": 1446, "canopy_m2": 15378.0, "row_m2": 0.0, "row_canopy": 0.0, "veg": 15.4, "place": "res", "land": null, "green_src": "canopy", "canopy_source": "usfs-2022", "canopy_year": "2022", "assessed_m2": 109691.28, "coverage_frac": 0.999996498915947, "canopy_quality": "full", "scenario_ok": true, "canopy_baseline_ok": true, "ac_src": "lace", "ac_coverage": 1.0, "acs_year": 2024, "access_snap_m": 157.0, "access_quality": "approach-review", "access_src": "routed", "city": "Pittsburg", "city_kind": "city", "inside_frac": 1.0, "rank_lo": 85, "rank_hi": 395, "rank_top_share": 0.0}, "geometry": {"type": "Polygon", "coordinates": [[[-121.89571, 38.01881], [-121.89462, 38.02049], [-121.89588, 38.022], [-121.89822, 38.02183], [-121.89931, 38.02015], [-121.89805, 38.01864], [-121.89571, 38.01881]]]}}, {"type": "Feature", "properties": {"id": 381, "name": "Crestview Apartments NW 3", "lst": 45.98, "green": 7.14, "pop": 534, "pct65": 7.0, "ac": 72.5, "holc": null, "access_min": 14.0, "access_km": 1.12, "score": 88.0, "rank": 8.0, "area_m2": 109620, "street_m": 1291, "canopy_m2": 7836.0, "row_m2": 0.0, "row_canopy": 0.0, "veg": 15.2, "place": "res", "land": null, "green_src": "canopy", "canopy_source": "usfs-2022", "canopy_year": "2022", "assessed_m2": 109685.16, "coverage_frac": 0.999990067371062, "canopy_quality": "full", "scenario_ok": true, "canopy_baseline_ok": true, "ac_src": "lace", "ac_coverage": 1.0, "acs_year": 2024, "access_snap_m": 150.0, "access_quality": "approach-review", "access_src": "routed", "city": "Pittsburg", "city_kind": "city", "inside_frac": 1.0, "rank_lo": 1, "rank_hi": 35, "rank_top_share": 0.997}, "geometry": {"type": "Polygon", "coordinates": [[[-121.89931, 38.02015], [-121.89822, 38.02183], [-121.89948, 38.02334], [-121.90183, 38.02317], [-121.90291, 38.02149], [-121.90166, 38.01998], [-121.89931, 38.02015]]]}}, {"type": "Feature", "properties": {"id": 382, "name": "Crestview Apartments N 2", "lst": 45.48, "green": 13.1, "pop": 323, "pct65": 15.7, "ac": 72.5, "holc": null, "access_min": 7.2, "access_km": 0.58, "score": 65.5, "rank": 113.0, "area_m2": 109626, "street_m": 1811, "canopy_m2": 14374.0, "row_m2": 0.0, "row_canopy": 0.0, "veg": 14.7, "place": "res", "land": null, "green_src": "canopy", "canopy_source": "usfs-2022", "canopy_year": "2022", "assessed_m2": 109693.44, "coverage_frac": 1.0, "canopy_quality": "full", "scenario_ok": true, "canopy_baseline_ok": true, "ac_src": "lace", "ac_coverage": 1.0, "acs_year": 2024, "access_snap_m": 126.0, "access_quality": "approach-review", "access_src": "routed", "city": "Pittsburg", "city_kind": "city", "inside_frac": 1.0, "rank_lo": 63, "rank_hi": 350, "rank_top_share": 0.037}, "geometry": {"type": "Polygon", "coordinates": [[[-121.89228, 38.02066], [-121.89119, 38.02234], [-121.89245, 38.02385], [-121.89479, 38.02368], [-121.89588, 38.022], [-121.89462, 38.02049], [-121.89228, 38.02066]]]}}, {"type": "Feature", "properties": {"id": 383, "name": "Beacon Villa S 2", "lst": 45.49, "green": 11.48, "pop": 378, "pct65": 12.8, "ac": 72.5, "holc": null, "access_min": 11.8, "access_km": 0.94, "score": 71.2, "rank": 82.0, "area_m2": 109621, "street_m": 1959, "canopy_m2": 12587.0, "row_m2": 0.0, "row_canopy": 0.0, "veg": 12.2, "place": "res", "land": null, "green_src": "canopy", "canopy_source": "usfs-2022", "canopy_year": "2022", "assessed_m2": 109683.36, "coverage_frac": 0.9999634285932496, "canopy_quality": "full", "scenario_ok": true, "canopy_baseline_ok": true, "ac_src": "lace", "ac_coverage": 1.0, "acs_year": 2024, "access_snap_m": 177.0, "access_quality": "approach-review", "access_src": "routed", "city": "Pittsburg", "city_kind": "city", "inside_frac": 1.0, "rank_lo": 34, "rank_hi": 188, "rank_top_share": 0.227}, "geometry": {"type": "Polygon", "coordinates": [[[-121.89588, 38.022], [-121.89479, 38.02368], [-121.89605, 38.02519], [-121.8984, 38.02502], [-121.89948, 38.02334], [-121.89822, 38.02183], [-121.89588, 38.022]]]}}, {"type": "Feature", "properties": {"id": 384, "name": "Crestview Apartments W", "lst": 48.2, "green": 11.5, "pop": 649, "pct65": 6.6, "ac": 70.7, "holc": null, "access_min": 13.9, "access_km": 1.11, "score": 72.1, "rank": 72.0, "area_m2": 109630, "street_m": 1422, "canopy_m2": 12616.0, "row_m2": 0.0, "row_canopy": 0.0, "veg": 13.4, "place": "res", "land": null, "green_src": "canopy", "canopy_source": "usfs-2022", "canopy_year": "2022", "assessed_m2": 109693.8, "coverage_frac": 0.9999803469199008, "canopy_quality": "full", "scenario_ok": true, "canopy_baseline_ok": true, "ac_src": "lace", "ac_coverage": 1.0, "acs_year": 2024, "access_snap_m": 215.0, "access_quality": "approach-review", "access_src": "routed", "city": "Pittsburg", "city_kind": "city", "inside_frac": 1.0, "rank_lo": 15, "rank_hi": 151, "rank_top_share": 0.503}, "geometry": {"type": "Polygon", "coordinates": [[[-121.89553, 38.01562], [-121.89445, 38.0173], [-121.89571, 38.01881], [-121.89805, 38.01864], [-121.89914, 38.01696], [-121.89788, 38.01545], [-121.89553, 38.01562]]]}}, {"type": "Feature", "properties": {"id": 385, "name": "Crestview Apartments NW 2", "lst": 47.41, "green": 6.87, "pop": 318, "pct65": 14.0, "ac": 70.92, "holc": null, "access_min": 12.7, "access_km": 1.02, "score": 85.9, "rank": 13.0, "area_m2": 109624, "street_m": 799, "canopy_m2": 7532.0, "row_m2": 0.0, "row_canopy": 0.0, "veg": 11.3, "place": "res", "land": null, "green_src": "canopy", "canopy_source": "usfs-2022", "canopy_year": "2022", "assessed_m2": 109684.08, "coverage_frac": 0.999941093559278, "canopy_quality": "full", "scenario_ok": true, "canopy_baseline_ok": true, "ac_src": "lace", "ac_coverage": 1.0, "acs_year": 2024, "access_snap_m": 175.0, "access_quality": "approach-review", "access_src": "routed", "city": "Pittsburg", "city_kind": "city", "inside_frac": 1.0, "rank_lo": 4, "rank_hi": 46, "rank_top_share": 0.98}, "geometry": {"type": "Polygon", "coordinates": [[[-121.89914, 38.01696], [-121.89805, 38.01864], [-121.89931, 38.02015], [-121.90166, 38.01998], [-121.90274, 38.0183], [-121.90148, 38.01679], [-121.89914, 38.01696]]]}}, {"type": "Feature", "properties": {"id": 386, "name": "Crestview Apartments N", "lst": 46.41, "green": 8.4, "pop": 329, "pct65": 15.2, "ac": 72.12, "holc": null, "access_min": 3.4, "access_km": 0.27, "score": 82.0, "rank": 23.0, "area_m2": 109631, "street_m": 1294, "canopy_m2": 9217.0, "row_m2": 0.0, "row_canopy": 0.0, "veg": 11.0, "place": "res", "land": null, "green_src": "canopy", "canopy_source": "usfs-2022", "canopy_year": "2022", "assessed_m2": 109698.84, "coverage_frac": 1.0, "canopy_quality": "full", "scenario_ok": true, "canopy_baseline_ok": true, "ac_src": "lace", "ac_coverage": 1.0, "acs_year": 2024, "access_snap_m": 44.0, "access_quality": "network-estimate", "access_src": "routed", "city": "Pittsburg", "city_kind": "city", "inside_frac": 1.0, "rank_lo": 9, "rank_hi": 83, "rank_top_share": 0.823}, "geometry": {"type": "Polygon", "coordinates": [[[-121.8921, 38.01747], [-121.89102, 38.01915], [-121.89228, 38.02066], [-121.89462, 38.02049], [-121.89571, 38.01881], [-121.89445, 38.0173], [-121.8921, 38.01747]]]}}, {"type": "Feature", "properties": {"id": 387, "name": "Stanford Place N 2", "lst": 46.36, "green": 14.79, "pop": 239, "pct65": 11.4, "ac": 83.8, "holc": null, "access_min": 17.2, "access_km": 1.38, "score": 34.3, "rank": 516.0, "area_m2": 109648, "street_m": 1936, "canopy_m2": 16227.0, "row_m2": 0.0, "row_canopy": 0.0, "veg": 17.0, "place": "res", "land": null, "green_src": "canopy", "canopy_source": "usfs-2022", "canopy_year": "2022", "assessed_m2": 109711.8, "coverage_frac": 0.9999759770942322, "canopy_quality": "full", "scenario_ok": true, "canopy_baseline_ok": true, "ac_src": "lace", "ac_coverage": 1.0, "acs_year": 2024, "access_snap_m": 133.0, "access_quality": "approach-review", "access_src": "routed", "city": "Pittsburg", "city_kind": "city", "inside_frac": 1.0, "rank_lo": 465, "rank_hi": 529, "rank_top_share": 0.0}, "geometry": {"type": "Polygon", "coordinates": [[[-121.87786, 38.0153], [-121.87677, 38.01698], [-121.87803, 38.01849], [-121.88038, 38.01832], [-121.88146, 38.01664], [-121.8802, 38.01513], [-121.87786, 38.0153]]]}}, {"type": "Feature", "properties": {"id": 388, "name": "Crestview Apartments E 2", "lst": 45.68, "green": 12.19, "pop": 273, "pct65": 10.4, "ac": 74.83, "holc": null, "access_min": 13.3, "access_km": 1.07, "score": 53.9, "rank": 228.0, "area_m2": 109643, "street_m": 1520, "canopy_m2": 13378.0, "row_m2": 0.0, "row_canopy": 0.0, "veg": 11.4, "place": "res", "land": null, "green_src": "canopy", "canopy_source": "usfs-2022", "canopy_year": "2022", "assessed_m2": 109704.6, "coverage_frac": 0.999959674415321, "canopy_quality": "full", "scenario_ok": true, "canopy_baseline_ok": true, "ac_src": "lace", "ac_coverage": 1.0, "acs_year": 2024, "access_snap_m": 33.0, "access_quality": "network-estimate", "access_src": "routed", "city": "Pittsburg", "city_kind": "city", "inside_frac": 1.0, "rank_lo": 147, "rank_hi": 424, "rank_top_share": 0.0}, "geometry": {"type": "Polygon", "coordinates": [[[-121.88146, 38.01664], [-121.88038, 38.01832], [-121.88164, 38.01983], [-121.88398, 38.01966], [-121.88507, 38.01798], [-121.88381, 38.01647], [-121.88146, 38.01664]]]}}, {"type": "Feature", "properties": {"id": 389, "name": "Edgewater Apartment Homes NW 3", "lst": 45.67, "green": 17.97, "pop": 250, "pct65": 11.7, "ac": 83.25, "holc": null, "access_min": 21.2, "access_km": 1.7, "score": 25.8, "rank": 544.0, "area_m2": 109649, "street_m": 1667, "canopy_m2": 19720.0, "row_m2": 0.0, "row_canopy": 0.0, "veg": 16.9, "place": "res", "land": null, "green_src": "canopy", "canopy_source": "usfs-2022", "canopy_year": "2022", "assessed_m2": 109718.28, "coverage_frac": 1.0, "canopy_quality": "full", "scenario_ok": true, "canopy_baseline_ok": true, "ac_src": "lace", "ac_coverage": 1.0, "acs_year": 2024, "access_snap_m": 138.0, "access_quality": "approach-review", "access_src": "routed", "city": "Pittsburg", "city_kind": "city", "inside_frac": 1.0, "rank_lo": 525, "rank_hi": 552, "rank_top_share": 0.0}, "geometry": {"type": "Polygon", "coordinates": [[[-121.87443, 38.01715], [-121.87334, 38.01883], [-121.8746, 38.02034], [-121.87694, 38.02017], [-121.87803, 38.01849], [-121.87677, 38.01698], [-121.87443, 38.01715]]]}}, {"type": "Feature", "properties": {"id": 390, "name": "Pittsburg SE 3", "lst": 45.41, "green": 11.63, "pop": 254, "pct65": 11.8, "ac": 82.58, "holc": null, "access_min": 16.5, "access_km": 1.32, "score": 47.2, "rank": 363.0, "area_m2": 109644, "street_m": 2159, "canopy_m2": 12762.0, "row_m2": 0.0, "row_canopy": 0.0, "veg": 12.4, "place": "res", "land": null, "green_src": "canopy", "canopy_source": "usfs-2022", "canopy_year": "2022", "assessed_m2": 109704.24, "coverage_frac": 0.999946193077075, "canopy_quality": "full", "scenario_ok": true, "canopy_baseline_ok": true, "ac_src": "lace", "ac_coverage": 1.0, "acs_year": 2024, "access_snap_m": 85.0, "access_quality": "network-estimate", "access_src": "routed", "city": "Pittsburg", "city_kind": "city", "inside_frac": 1.0, "rank_lo": 238, "rank_hi": 454, "rank_top_share": 0.0}, "geometry": {"type": "Polygon", "coordinates": [[[-121.87803, 38.01849], [-121.87694, 38.02017], [-121.8782, 38.02167], [-121.88055, 38.02151], [-121.88164, 38.01983], [-121.88038, 38.01832], [-121.87803, 38.01849]]]}}, {"type": "Feature", "properties": {"id": 391, "name": "Stanford Place N", "lst": 46.04, "green": 2.79, "pop": 221, "pct65": 5.6, "ac": 73.19, "holc": null, "access_min": 18.4, "access_km": 1.47, "score": 75.2, "rank": 60.0, "area_m2": 109652, "street_m": 839, "canopy_m2": 3060.0, "row_m2": 0.0, "row_canopy": 0.0, "veg": 2.4, "place": "res", "land": null, "green_src": "canopy", "canopy_source": "usfs-2022", "canopy_year": "2022", "assessed_m2": 109713.24, "coverage_frac": 0.9999499870263138, "canopy_quality": "full", "scenario_ok": true, "canopy_baseline_ok": true, "ac_src": "lace", "ac_coverage": 1.0, "acs_year": 2024, "access_snap_m": 125.0, "access_quality": "approach-review", "access_src": "routed", "city": "Pittsburg", "city_kind": "city", "inside_frac": 1.0, "rank_lo": 13, "rank_hi": 90, "rank_top_share": 0.763}, "geometry": {"type": "Polygon", "coordinates": [[[-121.87769, 38.01211], [-121.8766, 38.01379], [-121.87786, 38.0153], [-121.8802, 38.01513], [-121.88129, 38.01345], [-121.88003, 38.01194], [-121.87769, 38.01211]]]}}, {"type": "Feature", "properties": {"id": 392, "name": "Villa Serena Apartments NE 2", "lst": 46.47, "green": 2.58, "pop": 232, "pct65": 8.1, "ac": 74.51, "holc": null, "access_min": 12.8, "access_km": 1.02, "score": 78.1, "rank": 41.0, "area_m2": 109647, "street_m": 1342, "canopy_m2": 2831.0, "row_m2": 0.0, "row_canopy": 0.0, "veg": 4.3, "place": "res", "land": null, "green_src": "canopy", "canopy_source": "usfs-2022", "canopy_year": "2022", "assessed_m2": 109705.68, "coverage_frac": 0.9999304007442784, "canopy_quality": "full", "scenario_ok": true, "canopy_baseline_ok": true, "ac_src": "lace", "ac_coverage": 1.0, "acs_year": 2024, "access_snap_m": 107.0, "access_quality": "approach-review", "access_src": "routed", "city": "Pittsburg", "city_kind": "city", "inside_frac": 1.0, "rank_lo": 6, "rank_hi": 67, "rank_top_share": 0.903}, "geometry": {"type": "Polygon", "coordinates": [[[-121.88129, 38.01345], [-121.8802, 38.01513], [-121.88146, 38.01664], [-121.88381, 38.01647], [-121.88489, 38.01479], [-121.88363, 38.01328], [-121.88129, 38.01345]]]}}, {"type": "Feature", "properties": {"id": 393, "name": "Edgewater Apartment Homes W 2", "lst": 46.45, "green": 11.1, "pop": 238, "pct65": 11.3, "ac": 83.61, "holc": null, "access_min": 17.5, "access_km": 1.4, "score": 45.9, "rank": 394.0, "area_m2": 109654, "street_m": 1445, "canopy_m2": 12176.0, "row_m2": 0.0, "row_canopy": 0.0, "veg": 14.4, "place": "res", "land": null, "green_src": "canopy", "canopy_source": "usfs-2022", "canopy_year": "2022", "assessed_m2": 109718.28, "coverage_frac": 0.9999857217854116, "canopy_quality": "full", "scenario_ok": true, "canopy_baseline_ok": true, "ac_src": "lace", "ac_coverage": 1.0, "acs_year": 2024, "access_snap_m": 149.0, "access_quality": "approach-review", "access_src": "routed", "city": "Pittsburg", "city_kind": "city", "inside_frac": 1.0, "rank_lo": 250, "rank_hi": 458, "rank_top_share": 0.0}, "geometry": {"type": "Polygon", "coordinates": [[[-121.87425, 38.01396], [-121.87317, 38.01564], [-121.87443, 38.01715], [-121.87677, 38.01698], [-121.87786, 38.0153], [-121.8766, 38.01379], [-121.87425, 38.01396]]]}}, {"type": "Feature", "properties": {"id": 394, "name": "Pittsburg S", "lst": 45.54, "green": 14.37, "pop": 313, "pct65": 13.5, "ac": 74.14, "holc": null, "access_min": 9.4, "access_km": 0.75, "score": 54.9, "rank": 219.0, "area_m2": 109633, "street_m": 1874, "canopy_m2": 15758.0, "row_m2": 0.0, "row_canopy": 0.0, "veg": 15.8, "place": "res", "land": null, "green_src": "canopy", "canopy_source": "usfs-2022", "canopy_year": "2022", "assessed_m2": 109694.16, "coverage_frac": 0.9999529714039744, "canopy_quality": "full", "scenario_ok": true, "canopy_baseline_ok": true, "ac_src": "lace", "ac_coverage": 1.0, "acs_year": 2024, "access_snap_m": 27.0, "access_quality": "network-estimate", "access_src": "routed", "city": "Pittsburg", "city_kind": "city", "inside_frac": 1.0, "rank_lo": 145, "rank_hi": 440, "rank_top_share": 0.0}, "geometry": {"type": "Polygon", "coordinates": [[[-121.88524, 38.02117], [-121.88415, 38.02285], [-121.88541, 38.02435], [-121.88776, 38.02418], [-121.88884, 38.02251], [-121.88758, 38.021], [-121.88524, 38.02117]]]}}, {"type": "Feature", "properties": {"id": 395, "name": "City Park", "lst": 43.49, "green": 20.78, "pop": 333, "pct65": 12.7, "ac": 74.57, "holc": null, "access_min": 8.5, "access_km": 0.68, "score": 32.2, "rank": 527.0, "area_m2": 109627, "street_m": 1075, "canopy_m2": 22797.0, "row_m2": 0.0, "row_canopy": 0.0, "veg": 21.7, "place": "res", "land": null, "green_src": "canopy", "canopy_source": "usfs-2022", "canopy_year": "2022", "assessed_m2": 109687.32, "coverage_frac": 0.9999399604417698, "canopy_quality": "full", "scenario_ok": true, "canopy_baseline_ok": true, "ac_src": "lace", "ac_coverage": 1.0, "acs_year": 2024, "access_snap_m": 130.0, "access_quality": "approach-review", "access_src": "routed", "city": "Pittsburg", "city_kind": "city", "inside_frac": 1.0, "rank_lo": 424, "rank_hi": 552, "rank_top_share": 0.0}, "geometry": {"type": "Polygon", "coordinates": [[[-121.88884, 38.02251], [-121.88776, 38.02418], [-121.88902, 38.02569], [-121.89136, 38.02552], [-121.89245, 38.02385], [-121.89119, 38.02234], [-121.88884, 38.02251]]]}}, {"type": "Feature", "properties": {"id": 396, "name": "Pittsburg SE", "lst": 44.7, "green": 6.69, "pop": 426, "pct65": 21.9, "ac": 78.88, "holc": null, "access_min": 16.4, "access_km": 1.31, "score": 100.0, "rank": 1.0, "area_m2": 109634, "street_m": 1403, "canopy_m2": 7343.0, "row_m2": 0.0, "row_canopy": 0.0, "veg": 7.5, "place": "res", "land": null, "green_src": "canopy", "canopy_source": "usfs-2022", "canopy_year": "2022", "assessed_m2": 109699.92, "coverage_frac": 0.9999952786843536, "canopy_quality": "full", "scenario_ok": true, "canopy_baseline_ok": true, "ac_src": "lace", "ac_coverage": 1.0, "acs_year": 2024, "access_snap_m": 28.0, "access_quality": "network-estimate", "access_src": "routed", "city": "Pittsburg", "city_kind": "city", "inside_frac": 1.0, "rank_lo": 1, "rank_hi": 56, "rank_top_share": 0.953}, "geometry": {"type": "Polygon", "coordinates": [[[-121.88181, 38.02301], [-121.88072, 38.02469], [-121.88198, 38.0262], [-121.88433, 38.02603], [-121.88541, 38.02435], [-121.88415, 38.02285], [-121.88181, 38.02301]]]}}, {"type": "Feature", "properties": {"id": 397, "name": "Pittsburg", "lst": 45.36, "green": 8.56, "pop": 377, "pct65": 12.0, "ac": 78.9, "holc": null, "access_min": 13.8, "access_km": 1.1, "score": 71.9, "rank": 75.0, "area_m2": 109628, "street_m": 2139, "canopy_m2": 9385.0, "row_m2": 0.0, "row_canopy": 0.0, "veg": 9.4, "place": "res", "land": null, "green_src": "canopy", "canopy_source": "usfs-2022", "canopy_year": "2022", "assessed_m2": 109694.16, "coverage_frac": 0.9999921113005882, "canopy_quality": "full", "scenario_ok": true, "canopy_baseline_ok": true, "ac_src": "lace", "ac_coverage": 1.0, "acs_year": 2024, "access_snap_m": 61.0, "access_quality": "network-estimate", "access_src": "routed", "city": "Pittsburg", "city_kind": "city", "inside_frac": 1.0, "rank_lo": 28, "rank_hi": 173, "rank_top_share": 0.29}, "geometry": {"type": "Polygon", "coordinates": [[[-121.88541, 38.02435], [-121.88433, 38.02603], [-121.88559, 38.02754], [-121.88793, 38.02737], [-121.88902, 38.02569], [-121.88776, 38.02418], [-121.88541, 38.02435]]]}}, {"type": "Feature", "properties": {"id": 398, "name": "Crestview Apartments NE 3", "lst": 46.89, "green": 11.95, "pop": 284, "pct65": 10.2, "ac": 72.5, "holc": null, "access_min": 7.1, "access_km": 0.57, "score": 58.1, "rank": 195.0, "area_m2": 109637, "street_m": 858, "canopy_m2": 13114.0, "row_m2": 0.0, "row_canopy": 0.0, "veg": 15.1, "place": "res", "land": null, "green_src": "canopy", "canopy_source": "usfs-2022", "canopy_year": "2022", "assessed_m2": 109702.44, "coverage_frac": 0.9999893178617176, "canopy_quality": "full", "scenario_ok": true, "canopy_baseline_ok": true, "ac_src": "lace", "ac_coverage": 1.0, "acs_year": 2024, "access_snap_m": 24.0, "access_quality": "network-estimate", "access_src": "routed", "city": "Pittsburg", "city_kind": "city", "inside_frac": 1.0, "rank_lo": 86, "rank_hi": 399, "rank_top_share": 0.01}, "geometry": {"type": "Polygon", "coordinates": [[[-121.88507, 38.01798], [-121.88398, 38.01966], [-121.88524, 38.02117], [-121.88758, 38.021], [-121.88867, 38.01932], [-121.88741, 38.01781], [-121.88507, 38.01798]]]}}, {"type": "Feature", "properties": {"id": 399, "name": "Crestview Apartments NE 2", "lst": 44.12, "green": 15.1, "pop": 323, "pct65": 15.7, "ac": 72.5, "holc": null, "access_min": 3.7, "access_km": 0.29, "score": 58.6, "rank": 192.0, "area_m2": 109632, "street_m": 1234, "canopy_m2": 16560.0, "row_m2": 0.0, "row_canopy": 0.0, "veg": 22.4, "place": "res", "land": null, "green_src": "canopy", "canopy_source": "usfs-2022", "canopy_year": "2022", "assessed_m2": 109693.44, "coverage_frac": 0.9999566171635422, "canopy_quality": "full", "scenario_ok": true, "canopy_baseline_ok": true, "ac_src": "lace", "ac_coverage": 1.0, "acs_year": 2024, "access_snap_m": 29.0, "access_quality": "network-estimate", "access_src": "routed", "city": "Pittsburg", "city_kind": "city", "inside_frac": 1.0, "rank_lo": 111, "rank_hi": 440, "rank_top_share": 0.0}, "geometry": {"type": "Polygon", "coordinates": [[[-121.88867, 38.01932], [-121.88758, 38.021], [-121.88884, 38.02251], [-121.89119, 38.02234], [-121.89228, 38.02066], [-121.89102, 38.01915], [-121.88867, 38.01932]]]}}, {"type": "Feature", "properties": {"id": 400, "name": "Pittsburg S 2", "lst": 46.27, "green": 5.32, "pop": 297, "pct65": 11.6, "ac": 73.63, "holc": null, "access_min": 12.7, "access_km": 1.01, "score": 82.0, "rank": 24.0, "area_m2": 109638, "street_m": 1035, "canopy_m2": 5836.0, "row_m2": 0.0, "row_canopy": 0.0, "veg": 9.4, "place": "res", "land": null, "green_src": "canopy", "canopy_source": "usfs-2022", "canopy_year": "2022", "assessed_m2": 109707.12, "coverage_frac": 1.0, "canopy_quality": "full", "scenario_ok": true, "canopy_baseline_ok": true, "ac_src": "lace", "ac_coverage": 1.0, "acs_year": 2024, "access_snap_m": 145.0, "access_quality": "approach-review", "access_src": "routed", "city": "Pittsburg", "city_kind": "city", "inside_frac": 1.0, "rank_lo": 2, "rank_hi": 74, "rank_top_share": 0.893}, "geometry": {"type": "Polygon", "coordinates": [[[-121.88164, 38.01983], [-121.88055, 38.02151], [-121.88181, 38.02301], [-121.88415, 38.02285], [-121.88524, 38.02117], [-121.88398, 38.01966], [-121.88164, 38.01983]]]}}, {"type": "Feature", "properties": {"id": 401, "name": "Woodland Hills Apartment Homes NE 3", "lst": 49.75, "green": 9.15, "pop": 281, "pct65": 14.6, "ac": 76.68, "holc": null, "access_min": 21.0, "access_km": 1.68, "score": 68.4, "rank": 94.0, "area_m2": 109648, "street_m": 1084, "canopy_m2": 10038.0, "row_m2": 0.0, "row_canopy": 0.0, "veg": 9.4, "place": "res", "land": null, "green_src": "canopy", "canopy_source": "usfs-2022", "canopy_year": "2022", "assessed_m2": 109712.16, "coverage_frac": 0.9999810437611864, "canopy_quality": "full", "scenario_ok": true, "canopy_baseline_ok": true, "ac_src": "lace", "ac_coverage": 1.0, "acs_year": 2024, "access_snap_m": 57.0, "access_quality": "network-estimate", "access_src": "routed", "city": "Pittsburg", "city_kind": "city", "inside_frac": 1.0, "rank_lo": 60, "rank_hi": 177, "rank_top_share": 0.043}, "geometry": {"type": "Polygon", "coordinates": [[[-121.89141, 38.00472], [-121.89032, 38.0064], [-121.89158, 38.00791], [-121.89393, 38.00774], [-121.89501, 38.00606], [-121.89375, 38.00455], [-121.89141, 38.00472]]]}}, {"type": "Feature", "properties": {"id": 402, "name": "Woodland Hills Apartment Homes NE 2", "lst": 48.38, "green": 13.45, "pop": 390, "pct65": 15.5, "ac": 78.2, "holc": null, "access_min": 23.2, "access_km": 1.85, "score": 61.5, "rank": 163.0, "area_m2": 109643, "street_m": 1176, "canopy_m2": 14756.0, "row_m2": 0.0, "row_canopy": 0.0, "veg": 16.3, "place": "res", "land": null, "green_src": "canopy", "canopy_source": "usfs-2022", "canopy_year": "2022", "assessed_m2": 109705.32, "coverage_frac": 0.9999680374711672, "canopy_quality": "full", "scenario_ok": true, "canopy_baseline_ok": true, "ac_src": "lace", "ac_coverage": 1.0, "acs_year": 2024, "access_snap_m": 128.0, "access_quality": "approach-review", "access_src": "routed", "city": "Pittsburg", "city_kind": "city", "inside_frac": 1.0, "rank_lo": 105, "rank_hi": 392, "rank_top_share": 0.003}, "geometry": {"type": "Polygon", "coordinates": [[[-121.89501, 38.00606], [-121.89393, 38.00774], [-121.89519, 38.00925], [-121.89753, 38.00908], [-121.89862, 38.0074], [-121.89736, 38.00589], [-121.89501, 38.00606]]]}}, {"type": "Feature", "properties": {"id": 403, "name": "Cornerstone Apartments", "lst": 50.17, "green": 4.9, "pop": 240, "pct65": 15.9, "ac": 74.79, "holc": null, "access_min": 17.9, "access_km": 1.43, "score": 82.2, "rank": 22.0, "area_m2": 109649, "street_m": 519, "canopy_m2": 5372.0, "row_m2": 0.0, "row_canopy": 0.0, "veg": 5.8, "place": "res", "land": null, "green_src": "canopy", "canopy_source": "usfs-2022", "canopy_year": "2022", "assessed_m2": 109716.48, "coverage_frac": 1.0, "canopy_quality": "full", "scenario_ok": true, "canopy_baseline_ok": true, "ac_src": "lace", "ac_coverage": 1.0, "acs_year": 2024, "access_snap_m": 24.0, "access_quality": "network-estimate", "access_src": "routed", "city": "Pittsburg", "city_kind": "city", "inside_frac": 1.0, "rank_lo": 4, "rank_hi": 77, "rank_top_share": 0.823}, "geometry": {"type": "Polygon", "coordinates": [[[-121.88798, 38.00657], [-121.88689, 38.00825], [-121.88815, 38.00976], [-121.8905, 38.00959], [-121.89158, 38.00791], [-121.89032, 38.0064], [-121.88798, 38.00657]]]}}, {"type": "Feature", "properties": {"id": 404, "name": "The Atchison", "lst": 48.87, "green": 14.6, "pop": 327, "pct65": 17.4, "ac": 72.03, "holc": null, "access_min": 16.5, "access_km": 1.32, "score": 63.8, "rank": 138.0, "area_m2": 109644, "street_m": 854, "canopy_m2": 16021.0, "row_m2": 0.0, "row_canopy": 0.0, "veg": 12.7, "place": "res", "land": null, "green_src": "canopy", "canopy_source": "usfs-2022", "canopy_year": "2022", "assessed_m2": 109709.64, "coverage_frac": 0.9999971696944544, "canopy_quality": "full", "scenario_ok": true, "canopy_baseline_ok": true, "ac_src": "lace", "ac_coverage": 1.0, "acs_year": 2024, "access_snap_m": 54.0, "access_quality": "network-estimate", "access_src": "routed", "city": "Pittsburg", "city_kind": "city", "inside_frac": 1.0, "rank_lo": 89, "rank_hi": 372, "rank_top_share": 0.01}, "geometry": {"type": "Polygon", "coordinates": [[[-121.89158, 38.00791], [-121.8905, 38.00959], [-121.89176, 38.0111], [-121.8941, 38.01093], [-121.89519, 38.00925], [-121.89393, 38.00774], [-121.89158, 38.00791]]]}}, {"type": "Feature", "properties": {"id": 405, "name": "Woodland Hills Apartment Homes E 3", "lst": 49.23, "green": 8.69, "pop": 234, "pct65": 14.2, "ac": 74.84, "holc": null, "access_min": 19.1, "access_km": 1.53, "score": 67.3, "rank": 101.0, "area_m2": 109652, "street_m": 1286, "canopy_m2": 9536.0, "row_m2": 0.0, "row_canopy": 0.0, "veg": 9.0, "place": "res", "land": null, "green_src": "canopy", "canopy_source": "usfs-2022", "canopy_year": "2022", "assessed_m2": 109714.32, "coverage_frac": 0.9999616451847588, "canopy_quality": "full", "scenario_ok": true, "canopy_baseline_ok": true, "ac_src": "lace", "ac_coverage": 1.0, "acs_year": 2024, "access_snap_m": 95.0, "access_quality": "network-estimate", "access_src": "routed", "city": "Pittsburg", "city_kind": "city", "inside_frac": 1.0, "rank_lo": 57, "rank_hi": 211, "rank_top_share": 0.06}, "geometry": {"type": "Polygon", "coordinates": [[[-121.89124, 38.00154], [-121.89015, 38.00321], [-121.89141, 38.00472], [-121.89375, 38.00455], [-121.89484, 38.00287], [-121.89358, 38.00137], [-121.89124, 38.00154]]]}}, {"type": "Feature", "properties": {"id": 406, "name": "Woodland Hills Apartment Homes NE", "lst": 49.73, "green": 13.64, "pop": 397, "pct65": 14.6, "ac": 79.85, "holc": null, "access_min": 19.2, "access_km": 1.53, "score": 57.6, "rank": 200.0, "area_m2": 109647, "street_m": 1736, "canopy_m2": 14959.0, "row_m2": 0.0, "row_canopy": 0.0, "veg": 13.7, "place": "res", "land": null, "green_src": "canopy", "canopy_source": "usfs-2022", "canopy_year": "2022", "assessed_m2": 109702.08, "coverage_frac": 0.9998994175074144, "canopy_quality": "full", "scenario_ok": true, "canopy_baseline_ok": true, "ac_src": "lace", "ac_coverage": 1.0, "acs_year": 2024, "access_snap_m": 110.0, "access_quality": "approach-review", "access_src": "routed", "city": "Pittsburg", "city_kind": "city", "inside_frac": 1.0, "rank_lo": 117, "rank_hi": 428, "rank_top_share": 0.003}, "geometry": {"type": "Polygon", "coordinates": [[[-121.89484, 38.00287], [-121.89375, 38.00455], [-121.89501, 38.00606], [-121.89736, 38.00589], [-121.89844, 38.00421], [-121.89718, 38.00271], [-121.89484, 38.00287]]]}}, {"type": "Feature", "properties": {"id": 407, "name": "Cornerstone Apartments S", "lst": 49.68, "green": 8.2, "pop": 234, "pct65": 14.5, "ac": 74.8, "holc": null, "access_min": 22.3, "access_km": 1.78, "score": 69.3, "rank": 91.0, "area_m2": 109654, "street_m": 889, "canopy_m2": 9002.0, "row_m2": 0.0, "row_canopy": 0.0, "veg": 10.7, "place": "res", "land": null, "green_src": "canopy", "canopy_source": "usfs-2022", "canopy_year": "2022", "assessed_m2": 109717.92, "coverage_frac": 0.9999842112619992, "canopy_quality": "full", "scenario_ok": true, "canopy_baseline_ok": true, "ac_src": "lace", "ac_coverage": 1.0, "acs_year": 2024, "access_snap_m": 36.0, "access_quality": "network-estimate", "access_src": "routed", "city": "Pittsburg", "city_kind": "city", "inside_frac": 1.0, "rank_lo": 47, "rank_hi": 178, "rank_top_share": 0.087}, "geometry": {"type": "Polygon", "coordinates": [[[-121.88781, 38.00338], [-121.88672, 38.00506], [-121.88798, 38.00657], [-121.89032, 38.0064], [-121.89141, 38.00472], [-121.89015, 38.00321], [-121.88781, 38.00338]]]}}, {"type": "Feature", "properties": {"id": 408, "name": "Woodland Hills Apartment Homes N 6", "lst": 48.92, "green": 8.46, "pop": 411, "pct65": 13.8, "ac": 70.7, "holc": null, "access_min": 21.2, "access_km": 1.7, "score": 89.5, "rank": 4.0, "area_m2": 109633, "street_m": 1389, "canopy_m2": 9275.0, "row_m2": 0.0, "row_canopy": 0.0, "veg": 12.3, "place": "res", "land": null, "green_src": "canopy", "canopy_source": "usfs-2022", "canopy_year": "2022", "assessed_m2": 109697.04, "coverage_frac": 0.9999810106599628, "canopy_quality": "full", "scenario_ok": true, "canopy_baseline_ok": true, "ac_src": "lace", "ac_coverage": 1.0, "acs_year": 2024, "access_snap_m": 177.0, "access_quality": "approach-review", "access_src": "routed", "city": "Pittsburg", "city_kind": "city", "inside_frac": 1.0, "rank_lo": 2, "rank_hi": 40, "rank_top_share": 0.983}, "geometry": {"type": "Polygon", "coordinates": [[[-121.89879, 38.01059], [-121.8977, 38.01227], [-121.89896, 38.01378], [-121.90131, 38.01361], [-121.90239, 38.01193], [-121.90114, 38.01042], [-121.89879, 38.01059]]]}}, {"type": "Feature", "properties": {"id": 409, "name": "Woodland Hills Apartment Homes N 7", "lst": 48.72, "green": 7.34, "pop": 311, "pct65": 16.6, "ac": 70.7, "holc": null, "access_min": 26.6, "access_km": 2.13, "score": 87.8, "rank": 9.0, "area_m2": 109627, "street_m": 1439, "canopy_m2": 8054.0, "row_m2": 0.0, "row_canopy": 0.0, "veg": 11.8, "place": "res", "land": null, "green_src": "canopy", "canopy_source": "usfs-2022", "canopy_year": "2022", "assessed_m2": 109691.64, "coverage_frac": 0.99998114328482, "canopy_quality": "full", "scenario_ok": true, "canopy_baseline_ok": true, "ac_src": "lace", "ac_coverage": 1.0, "acs_year": 2024, "access_snap_m": 160.0, "access_quality": "approach-review", "access_src": "routed", "city": "Pittsburg", "city_kind": "city", "inside_frac": 1.0, "rank_lo": 3, "rank_hi": 37, "rank_top_share": 0.99}, "geometry": {"type": "Polygon", "coordinates": [[[-121.90239, 38.01193], [-121.90131, 38.01361], [-121.90257, 38.01512], [-121.90491, 38.01495], [-121.906, 38.01327], [-121.90474, 38.01176], [-121.90239, 38.01193]]]}}, {"type": "Feature", "properties": {"id": 410, "name": "Pittsburg Park Apartments W", "lst": 48.81, "green": 12.21, "pop": 561, "pct65": 9.5, "ac": 70.7, "holc": null, "access_min": 16.3, "access_km": 1.3, "score": 74.5, "rank": 64.0, "area_m2": 109634, "street_m": 1550, "canopy_m2": 13392.0, "row_m2": 0.0, "row_canopy": 0.0, "veg": 12.6, "place": "res", "land": null, "green_src": "canopy", "canopy_source": "usfs-2022", "canopy_year": "2022", "assessed_m2": 109703.16, "coverage_frac": 1.0, "canopy_quality": "full", "scenario_ok": true, "canopy_baseline_ok": true, "ac_src": "lace", "ac_coverage": 1.0, "acs_year": 2024, "access_snap_m": 91.0, "access_quality": "network-estimate", "access_src": "routed", "city": "Pittsburg", "city_kind": "city", "inside_frac": 1.0, "rank_lo": 18, "rank_hi": 147, "rank_top_share": 0.51}, "geometry": {"type": "Polygon", "coordinates": [[[-121.89536, 38.01244], [-121.89427, 38.01412], [-121.89553, 38.01562], [-121.89788, 38.01545], [-121.89896, 38.01378], [-121.8977, 38.01227], [-121.89536, 38.01244]]]}}, {"type": "Feature", "properties": {"id": 411, "name": "Pittsburg Park Apartments W 2", "lst": 48.21, "green": 11.92, "pop": 437, "pct65": 10.3, "ac": 70.7, "holc": null, "access_min": 21.1, "access_km": 1.69, "score": 72.6, "rank": 71.0, "area_m2": 109628, "street_m": 1492, "canopy_m2": 13080.0, "row_m2": 0.0, "row_canopy": 0.0, "veg": 13.1, "place": "res", "land": null, "green_src": "canopy", "canopy_source": "usfs-2022", "canopy_year": "2022", "assessed_m2": 109689.48, "coverage_frac": 0.9999512037580572, "canopy_quality": "full", "scenario_ok": true, "canopy_baseline_ok": true, "ac_src": "lace", "ac_coverage": 1.0, "acs_year": 2024, "access_snap_m": 66.0, "access_quality": "network-estimate", "access_src": "routed", "city": "Pittsburg", "city_kind": "city", "inside_frac": 1.0, "rank_lo": 25, "rank_hi": 166, "rank_top_share": 0.373}, "geometry": {"type": "Polygon", "coordinates": [[[-121.89896, 38.01378], [-121.89788, 38.01545], [-121.89914, 38.01696], [-121.90148, 38.01679], [-121.90257, 38.01512], [-121.90131, 38.01361], [-121.89896, 38.01378]]]}}, {"type": "Feature", "properties": {"id": 412, "name": "Woodland Hills Apartment Homes N 3", "lst": 48.13, "green": 10.47, "pop": 377, "pct65": 16.6, "ac": 75.37, "holc": null, "access_min": 24.2, "access_km": 1.93, "score": 77.1, "rank": 45.0, "area_m2": 109637, "street_m": 1103, "canopy_m2": 11490.0, "row_m2": 0.0, "row_canopy": 0.0, "veg": 14.1, "place": "res", "land": null, "green_src": "canopy", "canopy_source": "usfs-2022", "canopy_year": "2022", "assessed_m2": 109707.84, "coverage_frac": 1.0, "canopy_quality": "full", "scenario_ok": true, "canopy_baseline_ok": true, "ac_src": "lace", "ac_coverage": 1.0, "acs_year": 2024, "access_snap_m": 101.0, "access_quality": "approach-review", "access_src": "routed", "city": "Pittsburg", "city_kind": "city", "inside_frac": 1.0, "rank_lo": 24, "rank_hi": 126, "rank_top_share": 0.417}, "geometry": {"type": "Polygon", "coordinates": [[[-121.89862, 38.0074], [-121.89753, 38.00908], [-121.89879, 38.01059], [-121.90114, 38.01042], [-121.90222, 38.00874], [-121.90096, 38.00723], [-121.89862, 38.0074]]]}}, {"type": "Feature", "properties": {"id": 413, "name": "Woodland Hills Apartment Homes N 4", "lst": 48.96, "green": 9.47, "pop": 339, "pct65": 18.0, "ac": 70.73, "holc": null, "access_min": 27.1, "access_km": 2.17, "score": 85.4, "rank": 15.0, "area_m2": 109632, "street_m": 1418, "canopy_m2": 10387.0, "row_m2": 0.0, "row_canopy": 0.0, "veg": 12.8, "place": "res", "land": null, "green_src": "canopy", "canopy_source": "usfs-2022", "canopy_year": "2022", "assessed_m2": 109693.44, "coverage_frac": 0.9999584470698052, "canopy_quality": "full", "scenario_ok": true, "canopy_baseline_ok": true, "ac_src": "lace", "ac_coverage": 1.0, "acs_year": 2024, "access_snap_m": 119.0, "access_quality": "approach-review", "access_src": "routed", "city": "Pittsburg", "city_kind": "city", "inside_frac": 1.0, "rank_lo": 6, "rank_hi": 79, "rank_top_share": 0.87}, "geometry": {"type": "Polygon", "coordinates": [[[-121.90222, 38.00874], [-121.90114, 38.01042], [-121.90239, 38.01193], [-121.90474, 38.01176], [-121.90582, 38.01008], [-121.90457, 38.00857], [-121.90222, 38.00874]]]}}, {"type": "Feature", "properties": {"id": 414, "name": "Woodland Hills Apartment Homes N 5", "lst": 48.2, "green": 17.85, "pop": 371, "pct65": 17.7, "ac": 70.7, "holc": null, "access_min": 19.2, "access_km": 1.54, "score": 57.7, "rank": 199.0, "area_m2": 109638, "street_m": 1383, "canopy_m2": 19583.0, "row_m2": 0.0, "row_canopy": 0.0, "veg": 18.3, "place": "res", "land": null, "green_src": "canopy", "canopy_source": "usfs-2022", "canopy_year": "2022", "assessed_m2": 109702.08, "coverage_frac": 0.9999776022865702, "canopy_quality": "full", "scenario_ok": true, "canopy_baseline_ok": true, "ac_src": "lace", "ac_coverage": 1.0, "acs_year": 2024, "access_snap_m": 203.0, "access_quality": "approach-review", "access_src": "routed", "city": "Pittsburg", "city_kind": "city", "inside_frac": 1.0, "rank_lo": 118, "rank_hi": 460, "rank_top_share": 0.003}, "geometry": {"type": "Polygon", "coordinates": [[[-121.89519, 38.00925], [-121.8941, 38.01093], [-121.89536, 38.01244], [-121.8977, 38.01227], [-121.89879, 38.01059], [-121.89753, 38.00908], [-121.89519, 38.00925]]]}}, {"type": "Feature", "properties": {"id": 415, "name": "Small World Park", "lst": 47.38, "green": 21.03, "pop": 385, "pct65": 22.2, "ac": 71.2, "holc": null, "access_min": 17.2, "access_km": 1.38, "score": 53.6, "rank": 229.0, "area_m2": 109656, "street_m": 1532, "canopy_m2": 23070.0, "row_m2": 0.0, "row_canopy": 0.0, "veg": 17.9, "place": "res", "land": null, "green_src": "canopy", "canopy_source": "usfs-2022", "canopy_year": "2022", "assessed_m2": 109720.8, "coverage_frac": 0.9999899988178848, "canopy_quality": "full", "scenario_ok": true, "canopy_baseline_ok": true, "ac_src": "lace", "ac_coverage": 1.0, "acs_year": 2024, "access_snap_m": 128.0, "access_quality": "approach-review", "access_src": "routed", "city": "Pittsburg", "city_kind": "city", "inside_frac": 1.0, "rank_lo": 125, "rank_hi": 517, "rank_top_share": 0.0}, "geometry": {"type": "Polygon", "coordinates": [[[-121.88094, 38.00708], [-121.87986, 38.00876], [-121.88112, 38.01027], [-121.88346, 38.0101], [-121.88455, 38.00842], [-121.88329, 38.00691], [-121.88094, 38.00708]]]}}, {"type": "Feature", "properties": {"id": 416, "name": "Villa Serena Apartments", "lst": 47.07, "green": 25.75, "pop": 324, "pct65": 19.4, "ac": 72.11, "holc": null, "access_min": 18.6, "access_km": 1.49, "score": 41.4, "rank": 461.0, "area_m2": 109650, "street_m": 2011, "canopy_m2": 28254.0, "row_m2": 0.0, "row_canopy": 0.0, "veg": 19.2, "place": "res", "land": null, "green_src": "canopy", "canopy_source": "usfs-2022", "canopy_year": "2022", "assessed_m2": 109718.28, "coverage_frac": 1.0, "canopy_quality": "full", "scenario_ok": true, "canopy_baseline_ok": true, "ac_src": "lace", "ac_coverage": 1.0, "acs_year": 2024, "access_snap_m": 53.0, "access_quality": "network-estimate", "access_src": "routed", "city": "Pittsburg", "city_kind": "city", "inside_frac": 1.0, "rank_lo": 230, "rank_hi": 540, "rank_top_share": 0.0}, "geometry": {"type": "Polygon", "coordinates": [[[-121.88455, 38.00842], [-121.88346, 38.0101], [-121.88472, 38.01161], [-121.88707, 38.01144], [-121.88815, 38.00976], [-121.88689, 38.00825], [-121.88455, 38.00842]]]}}, {"type": "Feature", "properties": {"id": 417, "name": "Stanford Place", "lst": 46.59, "green": 17.61, "pop": 241, "pct65": 7.9, "ac": 71.2, "holc": null, "access_min": 17.3, "access_km": 1.38, "score": 35.2, "rank": 508.0, "area_m2": 109657, "street_m": 1842, "canopy_m2": 19322.0, "row_m2": 0.0, "row_canopy": 0.0, "veg": 16.4, "place": "res", "land": null, "green_src": "canopy", "canopy_source": "usfs-2022", "canopy_year": "2022", "assessed_m2": 109722.96, "coverage_frac": 0.9999994689746552, "canopy_quality": "full", "scenario_ok": true, "canopy_baseline_ok": true, "ac_src": "lace", "ac_coverage": 1.0, "acs_year": 2024, "access_snap_m": 110.0, "access_quality": "approach-review", "access_src": "routed", "city": "Pittsburg", "city_kind": "city", "inside_frac": 1.0, "rank_lo": 226, "rank_hi": 539, "rank_top_share": 0.0}, "geometry": {"type": "Polygon", "coordinates": [[[-121.87751, 38.00893], [-121.87643, 38.0106], [-121.87769, 38.01211], [-121.88003, 38.01194], [-121.88112, 38.01027], [-121.87986, 38.00876], [-121.87751, 38.00893]]]}}, {"type": "Feature", "properties": {"id": 418, "name": "Villa Serena Apartments NE", "lst": 46.91, "green": 10.84, "pop": 220, "pct65": 4.8, "ac": 71.2, "holc": null, "access_min": 18.9, "access_km": 1.51, "score": 52.6, "rank": 238.0, "area_m2": 109651, "street_m": 1469, "canopy_m2": 11897.0, "row_m2": 0.0, "row_canopy": 0.0, "veg": 8.4, "place": "res", "land": null, "green_src": "canopy", "canopy_source": "usfs-2022", "canopy_year": "2022", "assessed_m2": 109718.28, "coverage_frac": 1.0, "canopy_quality": "full", "scenario_ok": true, "canopy_baseline_ok": true, "ac_src": "lace", "ac_coverage": 1.0, "acs_year": 2024, "access_snap_m": 45.0, "access_quality": "network-estimate", "access_src": "routed", "city": "Pittsburg", "city_kind": "city", "inside_frac": 1.0, "rank_lo": 140, "rank_hi": 429, "rank_top_share": 0.0}, "geometry": {"type": "Polygon", "coordinates": [[[-121.88112, 38.01027], [-121.88003, 38.01194], [-121.88129, 38.01345], [-121.88363, 38.01328], [-121.88472, 38.01161], [-121.88346, 38.0101], [-121.88112, 38.01027]]]}}, {"type": "Feature", "properties": {"id": 419, "name": "Delta Hawaii", "lst": 45.6, "green": 18.05, "pop": 385, "pct65": 22.6, "ac": 71.2, "holc": null, "access_min": 7.3, "access_km": 0.59, "score": 65.3, "rank": 118.0, "area_m2": 109660, "street_m": 2108, "canopy_m2": 19811.0, "row_m2": 0.0, "row_canopy": 0.0, "veg": 13.5, "place": "res", "land": null, "green_src": "canopy", "canopy_source": "usfs-2022", "canopy_year": "2022", "assessed_m2": 109726.92, "coverage_frac": 1.0, "canopy_quality": "full", "scenario_ok": true, "canopy_baseline_ok": true, "ac_src": "lace", "ac_coverage": 1.0, "acs_year": 2024, "access_snap_m": 143.0, "access_quality": "approach-review", "access_src": "routed", "city": "Pittsburg", "city_kind": "city", "inside_frac": 1.0, "rank_lo": 64, "rank_hi": 446, "rank_top_share": 0.043}, "geometry": {"type": "Polygon", "coordinates": [[[-121.88077, 38.00389], [-121.87969, 38.00557], [-121.88094, 38.00708], [-121.88329, 38.00691], [-121.88438, 38.00523], [-121.88312, 38.00372], [-121.88077, 38.00389]]]}}, {"type": "Feature", "properties": {"id": 420, "name": "Fox Creek Apartments", "lst": 48.95, "green": 9.39, "pop": 340, "pct65": 20.9, "ac": 72.17, "holc": null, "access_min": 13.2, "access_km": 1.05, "score": 88.5, "rank": 6.0, "area_m2": 109655, "street_m": 731, "canopy_m2": 10299.0, "row_m2": 0.0, "row_canopy": 0.0, "veg": 10.5, "place": "res", "land": null, "green_src": "canopy", "canopy_source": "usfs-2022", "canopy_year": "2022", "assessed_m2": 109720.44, "coverage_frac": 0.9999969433949946, "canopy_quality": "full", "scenario_ok": true, "canopy_baseline_ok": true, "ac_src": "lace", "ac_coverage": 1.0, "acs_year": 2024, "access_snap_m": 36.0, "access_quality": "network-estimate", "access_src": "routed", "city": "Pittsburg", "city_kind": "city", "inside_frac": 1.0, "rank_lo": 4, "rank_hi": 69, "rank_top_share": 0.917}, "geometry": {"type": "Polygon", "coordinates": [[[-121.88438, 38.00523], [-121.88329, 38.00691], [-121.88455, 38.00842], [-121.88689, 38.00825], [-121.88798, 38.00657], [-121.88672, 38.00506], [-121.88438, 38.00523]]]}}, {"type": "Feature", "properties": {"id": 421, "name": "Delta Hawaii NE", "lst": 47.75, "green": 12.5, "pop": 391, "pct65": 22.7, "ac": 71.2, "holc": null, "access_min": 7.1, "access_km": 0.57, "score": 86.5, "rank": 12.0, "area_m2": 109661, "street_m": 1458, "canopy_m2": 13719.0, "row_m2": 0.0, "row_canopy": 0.0, "veg": 13.8, "place": "res", "land": null, "green_src": "canopy", "canopy_source": "usfs-2022", "canopy_year": "2022", "assessed_m2": 109727.28, "coverage_frac": 0.9999997413910646, "canopy_quality": "full", "scenario_ok": true, "canopy_baseline_ok": true, "ac_src": "lace", "ac_coverage": 1.0, "acs_year": 2024, "access_snap_m": 100.0, "access_quality": "network-estimate", "access_src": "routed", "city": "Pittsburg", "city_kind": "city", "inside_frac": 1.0, "rank_lo": 2, "rank_hi": 145, "rank_top_share": 0.707}, "geometry": {"type": "Polygon", "coordinates": [[[-121.87734, 38.00574], [-121.87625, 38.00742], [-121.87751, 38.00893], [-121.87986, 38.00876], [-121.88094, 38.00708], [-121.87969, 38.00557], [-121.87734, 38.00574]]]}}, {"type": "Feature", "properties": {"id": 422, "name": "Delta View Apartments N 12", "lst": 40.88, "green": 2.62, "pop": 0, "pct65": 12.9, "ac": 89.0, "holc": null, "access_min": 41.3, "access_km": 3.31, "score": null, "rank": null, "area_m2": 109686, "street_m": 0, "canopy_m2": 2878.0, "row_m2": 0.0, "row_canopy": 0.0, "veg": 20.4, "place": "empty", "land": "developed", "green_src": "canopy", "canopy_source": "usfs-2022", "canopy_year": "2022", "assessed_m2": 109757.16, "coverage_frac": 1.0, "canopy_quality": "full", "scenario_ok": false, "canopy_baseline_ok": true, "ac_src": "lace", "ac_coverage": 1.0, "acs_year": 2024, "access_snap_m": 250.0, "access_quality": "approach-review", "access_src": "routed", "city": "Pittsburg", "city_kind": "city", "inside_frac": 0.009, "rank_lo": null, "rank_hi": null, "rank_top_share": null}, "geometry": {"type": "Polygon", "coordinates": [[[-121.83907, 38.01649], [-121.83798, 38.01817], [-121.83924, 38.01968], [-121.84159, 38.01951], [-121.84268, 38.01783], [-121.84142, 38.01632], [-121.83907, 38.01649]]]}}, {"type": "Feature", "properties": {"id": 423, "name": "Delta View Apartments N 13", "lst": 43.89, "green": 0.06, "pop": 9, "pct65": 12.1, "ac": 89.0, "holc": null, "access_min": 41.2, "access_km": 3.29, "score": 52.2, "rank": 243.0, "area_m2": 109681, "street_m": 0, "canopy_m2": 69.0, "row_m2": 0.0, "row_canopy": 0.0, "veg": 3.6, "place": "res", "land": null, "green_src": "canopy", "canopy_source": "usfs-2022", "canopy_year": "2022", "assessed_m2": 109748.52, "coverage_frac": 1.0, "canopy_quality": "full", "scenario_ok": false, "canopy_baseline_ok": true, "ac_src": "lace", "ac_coverage": 1.0, "acs_year": 2024, "access_snap_m": 111.0, "access_quality": "approach-review", "access_src": "routed", "city": "Pittsburg", "city_kind": "city", "inside_frac": 0.922, "rank_lo": 175, "rank_hi": 289, "rank_top_share": 0.0}, "geometry": {"type": "Polygon", "coordinates": [[[-121.84268, 38.01783], [-121.84159, 38.01951], [-121.84285, 38.02102], [-121.84519, 38.02085], [-121.84628, 38.01917], [-121.84502, 38.01766], [-121.84268, 38.01783]]]}}, {"type": "Feature", "properties": {"id": 424, "name": "Delta View Apartments N 14", "lst": 39.24, "green": 0.0, "pop": 3, "pct65": 12.6, "ac": 89.0, "holc": null, "access_min": 42.4, "access_km": 3.39, "score": 52.3, "rank": 242.0, "area_m2": 109682, "street_m": 0, "canopy_m2": 0.0, "row_m2": 0.0, "row_canopy": 0.0, "veg": 23.1, "place": "res", "land": null, "green_src": "canopy", "canopy_source": "usfs-2022", "canopy_year": "2022", "assessed_m2": 109744.56, "coverage_frac": 0.9999671397238336, "canopy_quality": "full", "scenario_ok": false, "canopy_baseline_ok": true, "ac_src": "lace", "ac_coverage": 1.0, "acs_year": 2024, "access_snap_m": 190.0, "access_quality": "approach-review", "access_src": "routed", "city": "Pittsburg", "city_kind": "city", "inside_frac": 0.252, "rank_lo": 174, "rank_hi": 301, "rank_top_share": 0.0}, "geometry": {"type": "Polygon", "coordinates": [[[-121.83924, 38.01968], [-121.83815, 38.02136], [-121.83941, 38.02287], [-121.84176, 38.0227], [-121.84285, 38.02102], [-121.84159, 38.01951], [-121.83924, 38.01968]]]}}, {"type": "Feature", "properties": {"id": 425, "name": "Delta View Apartments N 8", "lst": 44.62, "green": 3.3, "pop": 0, "pct65": 12.9, "ac": 89.0, "holc": null, "access_min": 38.1, "access_km": 3.05, "score": null, "rank": null, "area_m2": 109690, "street_m": 0, "canopy_m2": 3621.0, "row_m2": 0.0, "row_canopy": 0.0, "veg": 9.2, "place": "empty", "land": "grassland", "green_src": "canopy", "canopy_source": "usfs-2022", "canopy_year": "2022", "assessed_m2": 109751.76, "coverage_frac": 0.9999544953531944, "canopy_quality": "full", "scenario_ok": false, "canopy_baseline_ok": true, "ac_src": "lace", "ac_coverage": 1.0, "acs_year": 2024, "access_snap_m": 107.0, "access_quality": "approach-review", "access_src": "routed", "city": "Pittsburg", "city_kind": "city", "inside_frac": 0.001, "rank_lo": null, "rank_hi": null, "rank_top_share": null}, "geometry": {"type": "Polygon", "coordinates": [[[-121.8389, 38.0133], [-121.83781, 38.01498], [-121.83907, 38.01649], [-121.84142, 38.01632], [-121.8425, 38.01465], [-121.84124, 38.01314], [-121.8389, 38.0133]]]}}, {"type": "Feature", "properties": {"id": 426, "name": "Delta View Apartments N 10", "lst": 45.91, "green": 5.0, "pop": 9, "pct65": 12.1, "ac": 89.0, "holc": null, "access_min": 37.7, "access_km": 3.02, "score": 41.0, "rank": 466.0, "area_m2": 109685, "street_m": 0, "canopy_m2": 5488.0, "row_m2": 0.0, "row_canopy": 0.0, "veg": 4.6, "place": "res", "land": null, "green_src": "canopy", "canopy_source": "usfs-2022", "canopy_year": "2022", "assessed_m2": 109753.56, "coverage_frac": 1.0, "canopy_quality": "full", "scenario_ok": false, "canopy_baseline_ok": true, "ac_src": "lace", "ac_coverage": 1.0, "acs_year": 2024, "access_snap_m": 81.0, "access_quality": "network-estimate", "access_src": "routed", "city": "Pittsburg", "city_kind": "city", "inside_frac": 0.878, "rank_lo": 417, "rank_hi": 489, "rank_top_share": 0.0}, "geometry": {"type": "Polygon", "coordinates": [[[-121.8425, 38.01465], [-121.84142, 38.01632], [-121.84268, 38.01783], [-121.84502, 38.01766], [-121.84611, 38.01599], [-121.84485, 38.01448], [-121.8425, 38.01465]]]}}, {"type": "Feature", "properties": {"id": 427, "name": "Edgewater Apartment Homes NE 17", "lst": 40.68, "green": 0.06, "pop": 10, "pct65": 12.0, "ac": 89.06, "holc": null, "access_min": 35.6, "access_km": 2.85, "score": 52.2, "rank": 244.0, "area_m2": 109671, "street_m": 0, "canopy_m2": 68.0, "row_m2": 0.0, "row_canopy": 0.0, "veg": 16.9, "place": "res", "land": null, "green_src": "canopy", "canopy_source": "usfs-2022", "canopy_year": "2022", "assessed_m2": 109738.44, "coverage_frac": 1.0, "canopy_quality": "full", "scenario_ok": false, "canopy_baseline_ok": true, "ac_src": "lace", "ac_coverage": 1.0, "acs_year": 2024, "access_snap_m": 178.0, "access_quality": "approach-review", "access_src": "routed", "city": "Pittsburg", "city_kind": "city", "inside_frac": 1.0, "rank_lo": 174, "rank_hi": 287, "rank_top_share": 0.0}, "geometry": {"type": "Polygon", "coordinates": [[[-121.84645, 38.02236], [-121.84536, 38.02404], [-121.84662, 38.02555], [-121.84897, 38.02538], [-121.85006, 38.0237], [-121.8488, 38.02219], [-121.84645, 38.02236]]]}}, {"type": "Feature", "properties": {"id": 428, "name": "Edgewater Apartment Homes NE 14", "lst": 41.97, "green": 0.0, "pop": 9, "pct65": 14.1, "ac": 95.13, "holc": null, "access_min": 33.6, "access_km": 2.69, "score": 49.2, "rank": 307.0, "area_m2": 109665, "street_m": 42, "canopy_m2": 0.0, "row_m2": 0.0, "row_canopy": 0.0, "veg": 0.0, "place": "res", "land": null, "green_src": "canopy", "canopy_source": "usfs-2022", "canopy_year": "2022", "assessed_m2": 109733.4, "coverage_frac": 1.0, "canopy_quality": "full", "scenario_ok": true, "canopy_baseline_ok": true, "ac_src": "lace", "ac_coverage": 1.0, "acs_year": 2024, "access_snap_m": 50.0, "access_quality": "network-estimate", "access_src": "routed", "city": "Pittsburg", "city_kind": "city", "inside_frac": 1.0, "rank_lo": 219, "rank_hi": 374, "rank_top_share": 0.0}, "geometry": {"type": "Polygon", "coordinates": [[[-121.85006, 38.0237], [-121.84897, 38.02538], [-121.85023, 38.02689], [-121.85257, 38.02672], [-121.85366, 38.02504], [-121.8524, 38.02353], [-121.85006, 38.0237]]]}}, {"type": "Feature", "properties": {"id": 429, "name": "Edgewater Apartment Homes NE 22", "lst": 34.93, "green": 0.85, "pop": 0, "pct65": 12.9, "ac": 65.05, "holc": null, "access_min": 40.8, "access_km": 3.26, "score": null, "rank": null, "area_m2": 109672, "street_m": 0, "canopy_m2": 611.0, "row_m2": 0.0, "row_canopy": 0.0, "veg": 1.9, "place": "empty", "land": "open water", "green_src": "canopy", "canopy_source": "usfs-2022", "canopy_year": "2022", "assessed_m2": 71805.6, "coverage_frac": 0.6543339187519824, "canopy_quality": "partial", "scenario_ok": false, "canopy_baseline_ok": false, "ac_src": "income-model", "ac_coverage": null, "acs_year": 2024, "access_snap_m": 361.0, "access_quality": "approach-review", "access_src": "routed", "city": "Pittsburg", "city_kind": "city", "inside_frac": 1.0, "rank_lo": null, "rank_hi": null, "rank_top_share": null}, "geometry": {"type": "Polygon", "coordinates": [[[-121.84302, 38.02421], [-121.84193, 38.02589], [-121.84319, 38.0274], [-121.84554, 38.02723], [-121.84662, 38.02555], [-121.84536, 38.02404], [-121.84302, 38.02421]]]}}, {"type": "Feature", "properties": {"id": 430, "name": "Edgewater Apartment Homes NE 19", "lst": 33.58, "green": 0.17, "pop": 0, "pct65": 12.9, "ac": 65.05, "holc": null, "access_min": 37.7, "access_km": 3.02, "score": null, "rank": null, "area_m2": 109666, "street_m": 96, "canopy_m2": 111.0, "row_m2": 0.0, "row_canopy": 0.0, "veg": 0.0, "place": "activity", "land": null, "green_src": "canopy", "canopy_source": "usfs-2022", "canopy_year": "2022", "assessed_m2": 63158.76, "coverage_frac": 0.5755672969573187, "canopy_quality": "partial", "scenario_ok": true, "canopy_baseline_ok": false, "ac_src": "income-model", "ac_coverage": null, "acs_year": 2024, "access_snap_m": 259.0, "access_quality": "approach-review", "access_src": "routed", "city": "Pittsburg", "city_kind": "city", "inside_frac": 1.0, "rank_lo": null, "rank_hi": null, "rank_top_share": null}, "geometry": {"type": "Polygon", "coordinates": [[[-121.84662, 38.02555], [-121.84554, 38.02723], [-121.8468, 38.02874], [-121.84914, 38.02857], [-121.85023, 38.02689], [-121.84897, 38.02538], [-121.84662, 38.02555]]]}}, {"type": "Feature", "properties": {"id": 431, "name": "Edgewater Apartment Homes E 9", "lst": 42.58, "green": 0.29, "pop": 10, "pct65": 12.0, "ac": 89.0, "holc": null, "access_min": 35.2, "access_km": 2.82, "score": 51.7, "rank": 251.0, "area_m2": 109675, "street_m": 0, "canopy_m2": 323.0, "row_m2": 0.0, "row_canopy": 0.0, "veg": 10.4, "place": "res", "land": null, "green_src": "canopy", "canopy_source": "usfs-2022", "canopy_year": "2022", "assessed_m2": 109742.4, "coverage_frac": 1.0, "canopy_quality": "full", "scenario_ok": false, "canopy_baseline_ok": true, "ac_src": "lace", "ac_coverage": 1.0, "acs_year": 2024, "access_snap_m": 311.0, "access_quality": "approach-review", "access_src": "routed", "city": "Pittsburg", "city_kind": "city", "inside_frac": 1.0, "rank_lo": 185, "rank_hi": 304, "rank_top_share": 0.0}, "geometry": {"type": "Polygon", "coordinates": [[[-121.84628, 38.01917], [-121.84519, 38.02085], [-121.84645, 38.02236], [-121.8488, 38.02219], [-121.84988, 38.02051], [-121.84863, 38.01901], [-121.84628, 38.01917]]]}}, {"type": "Feature", "properties": {"id": 432, "name": "Edgewater Apartment Homes NE 12", "lst": 43.73, "green": 0.11, "pop": 10, "pct65": 12.4, "ac": 90.51, "holc": null, "access_min": 30.5, "access_km": 2.44, "score": 51.2, "rank": 265.0, "area_m2": 109670, "street_m": 46, "canopy_m2": 124.0, "row_m2": 0.0, "row_canopy": 0.0, "veg": 0.0, "place": "res", "land": null, "green_src": "canopy", "canopy_source": "usfs-2022", "canopy_year": "2022", "assessed_m2": 109734.12, "coverage_frac": 0.9999806593985828, "canopy_quality": "full", "scenario_ok": true, "canopy_baseline_ok": true, "ac_src": "lace", "ac_coverage": 1.0, "acs_year": 2024, "access_snap_m": 132.0, "access_quality": "approach-review", "access_src": "routed", "city": "Pittsburg", "city_kind": "city", "inside_frac": 1.0, "rank_lo": 184, "rank_hi": 309, "rank_top_share": 0.0}, "geometry": {"type": "Polygon", "coordinates": [[[-121.84988, 38.02051], [-121.8488, 38.02219], [-121.85006, 38.0237], [-121.8524, 38.02353], [-121.85349, 38.02186], [-121.85223, 38.02035], [-121.84988, 38.02051]]]}}, {"type": "Feature", "properties": {"id": 433, "name": "Delta View Apartments N 15", "lst": 40.84, "green": 1.81, "pop": 10, "pct65": 12.0, "ac": 89.0, "holc": null, "access_min": 38.9, "access_km": 3.12, "score": 48.2, "rank": 330.0, "area_m2": 109676, "street_m": 0, "canopy_m2": 1991.0, "row_m2": 0.0, "row_canopy": 0.0, "veg": 13.2, "place": "res", "land": null, "green_src": "canopy", "canopy_source": "usfs-2022", "canopy_year": "2022", "assessed_m2": 109742.76, "coverage_frac": 0.9999999939626834, "canopy_quality": "full", "scenario_ok": false, "canopy_baseline_ok": true, "ac_src": "lace", "ac_coverage": 1.0, "acs_year": 2024, "access_snap_m": 178.0, "access_quality": "approach-review", "access_src": "routed", "city": "Pittsburg", "city_kind": "city", "inside_frac": 1.0, "rank_lo": 263, "rank_hi": 394, "rank_top_share": 0.0}, "geometry": {"type": "Polygon", "coordinates": [[[-121.84285, 38.02102], [-121.84176, 38.0227], [-121.84302, 38.02421], [-121.84536, 38.02404], [-121.84645, 38.02236], [-121.84519, 38.02085], [-121.84285, 38.02102]]]}}, {"type": "Feature", "properties": {"id": 434, "name": "Mira Vista Hills N 3", "lst": 24.43, "green": 0.0, "pop": 0, "pct65": 12.9, "ac": 65.05, "holc": null, "access_min": 49.0, "access_km": 3.92, "score": null, "rank": null, "area_m2": 109678, "street_m": 0, "canopy_m2": 0.0, "row_m2": 0.0, "row_canopy": 0.0, "veg": 0.0, "place": "empty", "land": "open water", "green_src": "canopy", "canopy_source": "lidar-2020", "canopy_year": "2020", "assessed_m2": 109678.3, "coverage_frac": 1.0, "canopy_quality": "lidar", "scenario_ok": false, "canopy_baseline_ok": false, "ac_src": "income-model", "ac_coverage": null, "acs_year": 2024, "access_snap_m": 555.0, "access_quality": "approach-review", "access_src": "routed", "city": "Pittsburg", "city_kind": "city", "inside_frac": 0.205, "rank_lo": null, "rank_hi": null, "rank_top_share": null}, "geometry": {"type": "Polygon", "coordinates": [[[-121.83598, 38.02471], [-121.83489, 38.02639], [-121.83615, 38.0279], [-121.8385, 38.02773], [-121.83959, 38.02605], [-121.83833, 38.02455], [-121.83598, 38.02471]]]}}, {"type": "Feature", "properties": {"id": 435, "name": "Delta View Apartments N 17", "lst": 24.45, "green": 0.06, "pop": 0, "pct65": 12.9, "ac": 65.05, "holc": null, "access_min": 45.5, "access_km": 3.64, "score": null, "rank": null, "area_m2": 109673, "street_m": 0, "canopy_m2": 71.0, "row_m2": 0.0, "row_canopy": 0.0, "veg": 0.0, "place": "empty", "land": "open water", "green_src": "canopy", "canopy_source": "chm-legacy", "canopy_year": "2009-2020", "assessed_m2": 178810.56, "coverage_frac": 1.0, "canopy_quality": "full", "scenario_ok": false, "canopy_baseline_ok": false, "ac_src": "income-model", "ac_coverage": null, "acs_year": 2024, "access_snap_m": 558.0, "access_quality": "approach-review", "access_src": "routed", "city": "Pittsburg", "city_kind": "city", "inside_frac": 0.844, "rank_lo": null, "rank_hi": null, "rank_top_share": null}, "geometry": {"type": "Polygon", "coordinates": [[[-121.83959, 38.02605], [-121.8385, 38.02773], [-121.83976, 38.02924], [-121.8421, 38.02907], [-121.84319, 38.0274], [-121.84193, 38.02589], [-121.83959, 38.02605]]]}}, {"type": "Feature", "properties": {"id": 436, "name": "Mira Vista Hills N 4", "lst": 23.59, "green": 0.0, "pop": 0, "pct65": 12.9, "ac": 65.05, "holc": null, "access_min": 51.9, "access_km": 4.15, "score": null, "rank": null, "area_m2": 109674, "street_m": 0, "canopy_m2": 0.0, "row_m2": 0.0, "row_canopy": 0.0, "veg": 0.0, "place": "empty", "land": "open water", "green_src": "canopy", "canopy_source": "chm-legacy", "canopy_year": "2009-2020", "assessed_m2": 178817.76, "coverage_frac": 1.0, "canopy_quality": "full", "scenario_ok": false, "canopy_baseline_ok": false, "ac_src": "income-model", "ac_coverage": null, "acs_year": 2024, "access_snap_m": 789.0, "access_quality": "approach-review", "access_src": "routed", "city": "Pittsburg", "city_kind": "city", "inside_frac": 0.077, "rank_lo": null, "rank_hi": null, "rank_top_share": null}, "geometry": {"type": "Polygon", "coordinates": [[[-121.83615, 38.0279], [-121.83506, 38.02958], [-121.83632, 38.03109], [-121.83867, 38.03092], [-121.83976, 38.02924], [-121.8385, 38.02773], [-121.83615, 38.0279]]]}}, {"type": "Feature", "properties": {"id": 437, "name": "Mira Vista Hills N 2", "lst": 30.64, "green": 1.46, "pop": 0, "pct65": 12.9, "ac": 65.05, "holc": null, "access_min": 46.5, "access_km": 3.72, "score": null, "rank": null, "area_m2": 109683, "street_m": 0, "canopy_m2": 1596.0, "row_m2": 0.0, "row_canopy": 0.0, "veg": 42.2, "place": "empty", "land": "wetland", "green_src": "canopy", "canopy_source": "usfs-2022", "canopy_year": "2022", "assessed_m2": 109163.52, "coverage_frac": 0.994662777043168, "canopy_quality": "full", "scenario_ok": false, "canopy_baseline_ok": true, "ac_src": "income-model", "ac_coverage": null, "acs_year": 2024, "access_snap_m": 500.0, "access_quality": "approach-review", "access_src": "routed", "city": "Pittsburg", "city_kind": "city", "inside_frac": 0.012, "rank_lo": null, "rank_hi": null, "rank_top_share": null}, "geometry": {"type": "Polygon", "coordinates": [[[-121.83581, 38.02153], [-121.83472, 38.0232], [-121.83598, 38.02471], [-121.83833, 38.02455], [-121.83941, 38.02287], [-121.83815, 38.02136], [-121.83581, 38.02153]]]}}, {"type": "Feature", "properties": {"id": 438, "name": "Delta View Apartments N 16", "lst": 34.36, "green": 0.79, "pop": 0, "pct65": 12.9, "ac": 65.05, "holc": null, "access_min": 44.5, "access_km": 3.56, "score": null, "rank": null, "area_m2": 109677, "street_m": 0, "canopy_m2": 732.0, "row_m2": 0.0, "row_canopy": 0.0, "veg": 17.8, "place": "empty", "land": "wetland", "green_src": "canopy", "canopy_source": "usfs-2022", "canopy_year": "2022", "assessed_m2": 92898.72, "coverage_frac": 0.8465048576687849, "canopy_quality": "partial", "scenario_ok": false, "canopy_baseline_ok": false, "ac_src": "income-model", "ac_coverage": null, "acs_year": 2024, "access_snap_m": 192.0, "access_quality": "approach-review", "access_src": "routed", "city": "Pittsburg", "city_kind": "city", "inside_frac": 0.987, "rank_lo": null, "rank_hi": null, "rank_top_share": null}, "geometry": {"type": "Polygon", "coordinates": [[[-121.83941, 38.02287], [-121.83833, 38.02455], [-121.83959, 38.02605], [-121.84193, 38.02589], [-121.84302, 38.02421], [-121.84176, 38.0227], [-121.83941, 38.02287]]]}}, {"type": "Feature", "properties": {"id": 439, "name": "Delta View Apartments N 3", "lst": 47.36, "green": 5.17, "pop": 6, "pct65": 12.3, "ac": 89.0, "holc": null, "access_min": 26.6, "access_km": 2.13, "score": 40.5, "rank": 469.0, "area_m2": 109694, "street_m": 0, "canopy_m2": 5679.0, "row_m2": 0.0, "row_canopy": 0.0, "veg": 6.6, "place": "res", "land": null, "green_src": "canopy", "canopy_source": "usfs-2022", "canopy_year": "2022", "assessed_m2": 109756.44, "coverage_frac": 0.9999681632850002, "canopy_quality": "full", "scenario_ok": false, "canopy_baseline_ok": true, "ac_src": "lace", "ac_coverage": 1.0, "acs_year": 2024, "access_snap_m": 80.0, "access_quality": "network-estimate", "access_src": "routed", "city": "Pittsburg", "city_kind": "city", "inside_frac": 0.542, "rank_lo": 424, "rank_hi": 492, "rank_top_share": 0.0}, "geometry": {"type": "Polygon", "coordinates": [[[-121.84216, 38.00827], [-121.84107, 38.00995], [-121.84233, 38.01146], [-121.84468, 38.01129], [-121.84576, 38.00961], [-121.84451, 38.0081], [-121.84216, 38.00827]]]}}, {"type": "Feature", "properties": {"id": 440, "name": "Delta View Apartments N 4", "lst": 46.61, "green": 0.49, "pop": 10, "pct65": 12.0, "ac": 89.0, "holc": null, "access_min": 28.3, "access_km": 2.27, "score": 51.2, "rank": 266.0, "area_m2": 109688, "street_m": 361, "canopy_m2": 532.0, "row_m2": 0.0, "row_canopy": 0.0, "veg": 5.0, "place": "res", "land": null, "green_src": "canopy", "canopy_source": "usfs-2022", "canopy_year": "2022", "assessed_m2": 109757.52, "coverage_frac": 1.0, "canopy_quality": "full", "scenario_ok": true, "canopy_baseline_ok": true, "ac_src": "lace", "ac_coverage": 1.0, "acs_year": 2024, "access_snap_m": 227.0, "access_quality": "approach-review", "access_src": "routed", "city": "Pittsburg", "city_kind": "city", "inside_frac": 1.0, "rank_lo": 196, "rank_hi": 315, "rank_top_share": 0.0}, "geometry": {"type": "Polygon", "coordinates": [[[-121.84576, 38.00961], [-121.84468, 38.01129], [-121.84594, 38.0128], [-121.84828, 38.01263], [-121.84937, 38.01095], [-121.84811, 38.00944], [-121.84576, 38.00961]]]}}, {"type": "Feature", "properties": {"id": 441, "name": "Delta View Apartments N 6", "lst": 46.24, "green": 6.73, "pop": 7, "pct65": 12.2, "ac": 89.0, "holc": null, "access_min": 33.3, "access_km": 2.67, "score": 37.0, "rank": 495.0, "area_m2": 109689, "street_m": 247, "canopy_m2": 7389.0, "row_m2": 0.0, "row_canopy": 0.0, "veg": 11.6, "place": "res", "land": null, "green_src": "canopy", "canopy_source": "usfs-2022", "canopy_year": "2022", "assessed_m2": 109756.44, "coverage_frac": 1.0, "canopy_quality": "full", "scenario_ok": true, "canopy_baseline_ok": true, "ac_src": "lace", "ac_coverage": 1.0, "acs_year": 2024, "access_snap_m": 56.0, "access_quality": "network-estimate", "access_src": "routed", "city": "Pittsburg", "city_kind": "city", "inside_frac": 0.73, "rank_lo": 457, "rank_hi": 515, "rank_top_share": 0.0}, "geometry": {"type": "Polygon", "coordinates": [[[-121.84233, 38.01146], [-121.84124, 38.01314], [-121.8425, 38.01465], [-121.84485, 38.01448], [-121.84594, 38.0128], [-121.84468, 38.01129], [-121.84233, 38.01146]]]}}, {"type": "Feature", "properties": {"id": 442, "name": "Delta View Apartments NE", "lst": 48.27, "green": 4.08, "pop": 8, "pct65": 12.2, "ac": 88.88, "holc": null, "access_min": 26.4, "access_km": 2.11, "score": 43.2, "rank": 438.0, "area_m2": 109698, "street_m": 723, "canopy_m2": 4474.0, "row_m2": 0.0, "row_canopy": 0.0, "veg": 6.7, "place": "res", "land": null, "green_src": "canopy", "canopy_source": "usfs-2022", "canopy_year": "2022", "assessed_m2": 109769.4, "coverage_frac": 1.0, "canopy_quality": "full", "scenario_ok": true, "canopy_baseline_ok": true, "ac_src": "lace", "ac_coverage": 1.0, "acs_year": 2024, "access_snap_m": 33.0, "access_quality": "network-estimate", "access_src": "routed", "city": "Pittsburg", "city_kind": "city", "inside_frac": 0.77, "rank_lo": 384, "rank_hi": 466, "rank_top_share": 0.0}, "geometry": {"type": "Polygon", "coordinates": [[[-121.84199, 38.00508], [-121.8409, 38.00676], [-121.84216, 38.00827], [-121.84451, 38.0081], [-121.84559, 38.00642], [-121.84433, 38.00491], [-121.84199, 38.00508]]]}}, {"type": "Feature", "properties": {"id": 443, "name": "Delta View Apartments N", "lst": 45.82, "green": 6.79, "pop": 9, "pct65": 12.1, "ac": 88.99, "holc": null, "access_min": 22.7, "access_km": 1.81, "score": 36.9, "rank": 496.0, "area_m2": 109693, "street_m": 1002, "canopy_m2": 7452.0, "row_m2": 0.0, "row_canopy": 0.0, "veg": 5.4, "place": "res", "land": null, "green_src": "canopy", "canopy_source": "usfs-2022", "canopy_year": "2022", "assessed_m2": 109758.6, "coverage_frac": 0.9999979916000092, "canopy_quality": "full", "scenario_ok": true, "canopy_baseline_ok": true, "ac_src": "lace", "ac_coverage": 1.0, "acs_year": 2024, "access_snap_m": 47.0, "access_quality": "network-estimate", "access_src": "routed", "city": "Pittsburg", "city_kind": "city", "inside_frac": 0.876, "rank_lo": 459, "rank_hi": 513, "rank_top_share": 0.0}, "geometry": {"type": "Polygon", "coordinates": [[[-121.84559, 38.00642], [-121.84451, 38.0081], [-121.84576, 38.00961], [-121.84811, 38.00944], [-121.8492, 38.00776], [-121.84794, 38.00625], [-121.84559, 38.00642]]]}}, {"type": "Feature", "properties": {"id": 444, "name": "Mira Vista Hills NW 2", "lst": 48.87, "green": 4.46, "pop": 7, "pct65": 12.2, "ac": 89.0, "holc": null, "access_min": 30.4, "access_km": 2.43, "score": 42.1, "rank": 449.0, "area_m2": 109699, "street_m": 0, "canopy_m2": 4893.0, "row_m2": 0.0, "row_canopy": 0.0, "veg": 6.5, "place": "res", "land": null, "green_src": "canopy", "canopy_source": "usfs-2022", "canopy_year": "2022", "assessed_m2": 109765.08, "coverage_frac": 0.9999976372339784, "canopy_quality": "full", "scenario_ok": false, "canopy_baseline_ok": true, "ac_src": "lace", "ac_coverage": 1.0, "acs_year": 2024, "access_snap_m": 96.0, "access_quality": "network-estimate", "access_src": "routed", "city": "Pittsburg", "city_kind": "city", "inside_frac": 0.656, "rank_lo": 397, "rank_hi": 478, "rank_top_share": 0.0}, "geometry": {"type": "Polygon", "coordinates": [[[-121.83856, 38.00693], [-121.83747, 38.00861], [-121.83873, 38.01012], [-121.84107, 38.00995], [-121.84216, 38.00827], [-121.8409, 38.00676], [-121.83856, 38.00693]]]}}, {"type": "Feature", "properties": {"id": 445, "name": "Delta View Apartments N 9", "lst": 45.89, "green": 0.68, "pop": 10, "pct65": 12.0, "ac": 89.0, "holc": null, "access_min": 25.0, "access_km": 2.0, "score": 50.8, "rank": 278.0, "area_m2": 109678, "street_m": 0, "canopy_m2": 747.0, "row_m2": 0.0, "row_canopy": 0.0, "veg": 11.5, "place": "res", "land": null, "green_src": "canopy", "canopy_source": "usfs-2022", "canopy_year": "2022", "assessed_m2": 109742.76, "coverage_frac": 0.9999811383390642, "canopy_quality": "full", "scenario_ok": false, "canopy_baseline_ok": true, "ac_src": "lace", "ac_coverage": 1.0, "acs_year": 2024, "access_snap_m": 335.0, "access_quality": "approach-review", "access_src": "routed", "city": "Pittsburg", "city_kind": "city", "inside_frac": 1.0, "rank_lo": 208, "rank_hi": 326, "rank_top_share": 0.0}, "geometry": {"type": "Polygon", "coordinates": [[[-121.84954, 38.01414], [-121.84845, 38.01582], [-121.84971, 38.01733], [-121.85206, 38.01716], [-121.85315, 38.01548], [-121.85189, 38.01397], [-121.84954, 38.01414]]]}}, {"type": "Feature", "properties": {"id": 446, "name": "Edgewater Apartment Homes E 7", "lst": 47.28, "green": 0.83, "pop": 10, "pct65": 12.0, "ac": 89.0, "holc": null, "access_min": 21.4, "access_km": 1.71, "score": 50.5, "rank": 284.0, "area_m2": 109673, "street_m": 0, "canopy_m2": 906.0, "row_m2": 0.0, "row_canopy": 0.0, "veg": 5.4, "place": "res", "land": null, "green_src": "canopy", "canopy_source": "usfs-2022", "canopy_year": "2022", "assessed_m2": 109741.68, "coverage_frac": 1.0, "canopy_quality": "full", "scenario_ok": false, "canopy_baseline_ok": true, "ac_src": "lace", "ac_coverage": 1.0, "acs_year": 2024, "access_snap_m": 45.0, "access_quality": "network-estimate", "access_src": "routed", "city": "Pittsburg", "city_kind": "city", "inside_frac": 1.0, "rank_lo": 214, "rank_hi": 334, "rank_top_share": 0.0}, "geometry": {"type": "Polygon", "coordinates": [[[-121.85315, 38.01548], [-121.85206, 38.01716], [-121.85332, 38.01867], [-121.85566, 38.0185], [-121.85675, 38.01682], [-121.85549, 38.01531], [-121.85315, 38.01548]]]}}, {"type": "Feature", "properties": {"id": 447, "name": "Delta View Apartments N 11", "lst": 44.34, "green": 1.21, "pop": 10, "pct65": 12.0, "ac": 89.0, "holc": null, "access_min": 42.3, "access_km": 3.38, "score": 49.6, "rank": 297.0, "area_m2": 109680, "street_m": 0, "canopy_m2": 1333.0, "row_m2": 0.0, "row_canopy": 0.0, "veg": 9.7, "place": "res", "land": null, "green_src": "canopy", "canopy_source": "usfs-2022", "canopy_year": "2022", "assessed_m2": 109748.16, "coverage_frac": 1.0, "canopy_quality": "full", "scenario_ok": false, "canopy_baseline_ok": true, "ac_src": "lace", "ac_coverage": 1.0, "acs_year": 2024, "access_snap_m": 336.0, "access_quality": "approach-review", "access_src": "routed", "city": "Pittsburg", "city_kind": "city", "inside_frac": 1.0, "rank_lo": 232, "rank_hi": 362, "rank_top_share": 0.0}, "geometry": {"type": "Polygon", "coordinates": [[[-121.84611, 38.01599], [-121.84502, 38.01766], [-121.84628, 38.01917], [-121.84863, 38.01901], [-121.84971, 38.01733], [-121.84845, 38.01582], [-121.84611, 38.01599]]]}}, {"type": "Feature", "properties": {"id": 448, "name": "Edgewater Apartment Homes E 8", "lst": 46.28, "green": 0.5, "pop": 10, "pct65": 12.0, "ac": 89.0, "holc": null, "access_min": 27.6, "access_km": 2.21, "score": 51.2, "rank": 267.0, "area_m2": 109674, "street_m": 0, "canopy_m2": 548.0, "row_m2": 0.0, "row_canopy": 0.0, "veg": 7.6, "place": "res", "land": null, "green_src": "canopy", "canopy_source": "usfs-2022", "canopy_year": "2022", "assessed_m2": 109739.88, "coverage_frac": 0.999994017117575, "canopy_quality": "full", "scenario_ok": false, "canopy_baseline_ok": true, "ac_src": "lace", "ac_coverage": 1.0, "acs_year": 2024, "access_snap_m": 246.0, "access_quality": "approach-review", "access_src": "routed", "city": "Pittsburg", "city_kind": "city", "inside_frac": 1.0, "rank_lo": 197, "rank_hi": 317, "rank_top_share": 0.0}, "geometry": {"type": "Polygon", "coordinates": [[[-121.84971, 38.01733], [-121.84863, 38.01901], [-121.84988, 38.02051], [-121.85223, 38.02035], [-121.85332, 38.01867], [-121.85206, 38.01716], [-121.84971, 38.01733]]]}}, {"type": "Feature", "properties": {"id": 449, "name": "Delta View Apartments N 5", "lst": 45.15, "green": 4.51, "pop": 10, "pct65": 12.0, "ac": 89.0, "holc": null, "access_min": 23.6, "access_km": 1.89, "score": 42.1, "rank": 450.0, "area_m2": 109683, "street_m": 440, "canopy_m2": 4953.0, "row_m2": 0.0, "row_canopy": 0.0, "veg": 10.1, "place": "res", "land": null, "green_src": "canopy", "canopy_source": "usfs-2022", "canopy_year": "2022", "assessed_m2": 109745.64, "coverage_frac": 0.9999682678055082, "canopy_quality": "full", "scenario_ok": true, "canopy_baseline_ok": true, "ac_src": "lace", "ac_coverage": 1.0, "acs_year": 2024, "access_snap_m": 18.0, "access_quality": "network-estimate", "access_src": "routed", "city": "Pittsburg", "city_kind": "city", "inside_frac": 1.0, "rank_lo": 398, "rank_hi": 479, "rank_top_share": 0.0}, "geometry": {"type": "Polygon", "coordinates": [[[-121.84937, 38.01095], [-121.84828, 38.01263], [-121.84954, 38.01414], [-121.85189, 38.01397], [-121.85297, 38.01229], [-121.85171, 38.01078], [-121.84937, 38.01095]]]}}, {"type": "Feature", "properties": {"id": 450, "name": "Edgewater Apartment Homes E 6", "lst": 47.03, "green": 4.86, "pop": 29, "pct65": 11.8, "ac": 85.55, "holc": null, "access_min": 17.7, "access_km": 1.41, "score": 45.6, "rank": 404.0, "area_m2": 109677, "street_m": 547, "canopy_m2": 5334.0, "row_m2": 0.0, "row_canopy": 0.0, "veg": 7.8, "place": "res", "land": null, "green_src": "canopy", "canopy_source": "usfs-2022", "canopy_year": "2022", "assessed_m2": 109742.4, "coverage_frac": 0.9999880109925484, "canopy_quality": "full", "scenario_ok": true, "canopy_baseline_ok": true, "ac_src": "lace", "ac_coverage": 1.0, "acs_year": 2024, "access_snap_m": 170.0, "access_quality": "approach-review", "access_src": "routed", "city": "Pittsburg", "city_kind": "city", "inside_frac": 1.0, "rank_lo": 282, "rank_hi": 441, "rank_top_share": 0.0}, "geometry": {"type": "Polygon", "coordinates": [[[-121.85297, 38.01229], [-121.85189, 38.01397], [-121.85315, 38.01548], [-121.85549, 38.01531], [-121.85658, 38.01363], [-121.85532, 38.01212], [-121.85297, 38.01229]]]}}, {"type": "Feature", "properties": {"id": 451, "name": "Delta View Apartments N 7", "lst": 46.1, "green": 0.29, "pop": 10, "pct65": 12.0, "ac": 89.0, "holc": null, "access_min": 28.4, "access_km": 2.27, "score": 51.7, "rank": 252.0, "area_m2": 109684, "street_m": 0, "canopy_m2": 323.0, "row_m2": 0.0, "row_canopy": 0.0, "veg": 8.1, "place": "res", "land": null, "green_src": "canopy", "canopy_source": "usfs-2022", "canopy_year": "2022", "assessed_m2": 109744.92, "coverage_frac": 0.9999515592709424, "canopy_quality": "full", "scenario_ok": false, "canopy_baseline_ok": true, "ac_src": "lace", "ac_coverage": 1.0, "acs_year": 2024, "access_snap_m": 285.0, "access_quality": "approach-review", "access_src": "routed", "city": "Pittsburg", "city_kind": "city", "inside_frac": 1.0, "rank_lo": 186, "rank_hi": 305, "rank_top_share": 0.0}, "geometry": {"type": "Polygon", "coordinates": [[[-121.84594, 38.0128], [-121.84485, 38.01448], [-121.84611, 38.01599], [-121.84845, 38.01582], [-121.84954, 38.01414], [-121.84828, 38.01263], [-121.84594, 38.0128]]]}}, {"type": "Feature", "properties": {"id": 452, "name": "Edgewater Apartment Homes N 6", "lst": 41.52, "green": 0.01, "pop": 9, "pct65": 14.2, "ac": 95.2, "holc": null, "access_min": 41.9, "access_km": 3.35, "score": 49.3, "rank": 305.0, "area_m2": 109648, "street_m": 0, "canopy_m2": 8.0, "row_m2": 0.0, "row_canopy": 0.0, "veg": 0.0, "place": "res", "land": null, "green_src": "canopy", "canopy_source": "usfs-2022", "canopy_year": "2022", "assessed_m2": 109710.72, "coverage_frac": 0.9999645545153372, "canopy_quality": "full", "scenario_ok": false, "canopy_baseline_ok": true, "ac_src": "lace", "ac_coverage": 1.0, "acs_year": 2024, "access_snap_m": 186.0, "access_quality": "approach-review", "access_src": "routed", "city": "Pittsburg", "city_kind": "city", "inside_frac": 1.0, "rank_lo": 221, "rank_hi": 380, "rank_top_share": 0.0}, "geometry": {"type": "Polygon", "coordinates": [[[-121.8643, 38.02588], [-121.86322, 38.02755], [-121.86448, 38.02906], [-121.86682, 38.02889], [-121.86791, 38.02722], [-121.86665, 38.02571], [-121.8643, 38.02588]]]}}, {"type": "Feature", "properties": {"id": 453, "name": "Pittsburg E 6", "lst": 42.8, "green": 0.85, "pop": 9, "pct65": 14.2, "ac": 95.2, "holc": null, "access_min": 41.9, "access_km": 3.35, "score": 47.3, "rank": 360.0, "area_m2": 109642, "street_m": 0, "canopy_m2": 933.0, "row_m2": 0.0, "row_canopy": 0.0, "veg": 4.8, "place": "res", "land": null, "green_src": "canopy", "canopy_source": "usfs-2022", "canopy_year": "2022", "assessed_m2": 109704.6, "coverage_frac": 0.9999580807314056, "canopy_quality": "full", "scenario_ok": false, "canopy_baseline_ok": true, "ac_src": "lace", "ac_coverage": 1.0, "acs_year": 2024, "access_snap_m": 177.0, "access_quality": "approach-review", "access_src": "routed", "city": "Pittsburg", "city_kind": "city", "inside_frac": 1.0, "rank_lo": 290, "rank_hi": 423, "rank_top_share": 0.0}, "geometry": {"type": "Polygon", "coordinates": [[[-121.86791, 38.02722], [-121.86682, 38.02889], [-121.86808, 38.0304], [-121.87043, 38.03023], [-121.87151, 38.02856], [-121.87025, 38.02705], [-121.86791, 38.02722]]]}}, {"type": "Feature", "properties": {"id": 454, "name": "Edgewater Apartment Homes N 7", "lst": 38.13, "green": 0.14, "pop": 9, "pct65": 14.2, "ac": 95.2, "holc": null, "access_min": 37.3, "access_km": 2.98, "score": 49.0, "rank": 319.0, "area_m2": 109649, "street_m": 0, "canopy_m2": 132.0, "row_m2": 0.0, "row_canopy": 0.0, "veg": 0.0, "place": "res", "land": null, "green_src": "canopy", "canopy_source": "usfs-2022", "canopy_year": "2022", "assessed_m2": 96786.0, "coverage_frac": 0.8821525087717094, "canopy_quality": "partial", "scenario_ok": false, "canopy_baseline_ok": false, "ac_src": "lace", "ac_coverage": 1.0, "acs_year": 2024, "access_snap_m": 250.0, "access_quality": "approach-review", "access_src": "routed", "city": "Pittsburg", "city_kind": "city", "inside_frac": 1.0, "rank_lo": 238, "rank_hi": 391, "rank_top_share": 0.0}, "geometry": {"type": "Polygon", "coordinates": [[[-121.86087, 38.02772], [-121.85978, 38.0294], [-121.86104, 38.03091], [-121.86339, 38.03074], [-121.86448, 38.02906], [-121.86322, 38.02755], [-121.86087, 38.02772]]]}}, {"type": "Feature", "properties": {"id": 455, "name": "Edgewater Apartment Homes N 8", "lst": 33.46, "green": 1.83, "pop": 0, "pct65": 12.9, "ac": 65.05, "holc": null, "access_min": 42.3, "access_km": 3.38, "score": null, "rank": null, "area_m2": 109644, "street_m": 0, "canopy_m2": 1066.0, "row_m2": 0.0, "row_canopy": 0.0, "veg": 0.0, "place": "empty", "land": "open water", "green_src": "canopy", "canopy_source": "usfs-2022", "canopy_year": "2022", "assessed_m2": 58290.12, "coverage_frac": 0.5313093940038266, "canopy_quality": "partial", "scenario_ok": false, "canopy_baseline_ok": false, "ac_src": "income-model", "ac_coverage": null, "acs_year": 2024, "access_snap_m": 174.0, "access_quality": "approach-review", "access_src": "routed", "city": "Pittsburg", "city_kind": "city", "inside_frac": 1.0, "rank_lo": null, "rank_hi": null, "rank_top_share": null}, "geometry": {"type": "Polygon", "coordinates": [[[-121.86448, 38.02906], [-121.86339, 38.03074], [-121.86465, 38.03225], [-121.86699, 38.03208], [-121.86808, 38.0304], [-121.86682, 38.02889], [-121.86448, 38.02906]]]}}, {"type": "Feature", "properties": {"id": 456, "name": "Edgewater Apartment Homes N 4", "lst": 45.55, "green": 0.26, "pop": 9, "pct65": 14.2, "ac": 95.2, "holc": null, "access_min": 38.0, "access_km": 3.04, "score": 48.7, "rank": 325.0, "area_m2": 109652, "street_m": 0, "canopy_m2": 283.0, "row_m2": 0.0, "row_canopy": 0.0, "veg": 0.0, "place": "res", "land": null, "green_src": "canopy", "canopy_source": "usfs-2022", "canopy_year": "2022", "assessed_m2": 109719.0, "coverage_frac": 1.0, "canopy_quality": "full", "scenario_ok": false, "canopy_baseline_ok": true, "ac_src": "lace", "ac_coverage": 1.0, "acs_year": 2024, "access_snap_m": 210.0, "access_quality": "approach-review", "access_src": "routed", "city": "Pittsburg", "city_kind": "city", "inside_frac": 1.0, "rank_lo": 252, "rank_hi": 397, "rank_top_share": 0.0}, "geometry": {"type": "Polygon", "coordinates": [[[-121.86413, 38.02269], [-121.86304, 38.02437], [-121.8643, 38.02588], [-121.86665, 38.02571], [-121.86774, 38.02403], [-121.86648, 38.02252], [-121.86413, 38.02269]]]}}, {"type": "Feature", "properties": {"id": 457, "name": "Edgewater Apartment Homes N 5", "lst": 43.91, "green": 2.13, "pop": 9, "pct65": 14.2, "ac": 95.2, "holc": null, "access_min": 38.9, "access_km": 3.11, "score": 44.4, "rank": 423.0, "area_m2": 109647, "street_m": 0, "canopy_m2": 2338.0, "row_m2": 0.0, "row_canopy": 0.0, "veg": 0.1, "place": "res", "land": null, "green_src": "canopy", "canopy_source": "usfs-2022", "canopy_year": "2022", "assessed_m2": 109712.52, "coverage_frac": 0.9999911218827952, "canopy_quality": "full", "scenario_ok": false, "canopy_baseline_ok": true, "ac_src": "lace", "ac_coverage": 1.0, "acs_year": 2024, "access_snap_m": 149.0, "access_quality": "approach-review", "access_src": "routed", "city": "Pittsburg", "city_kind": "city", "inside_frac": 1.0, "rank_lo": 359, "rank_hi": 470, "rank_top_share": 0.0}, "geometry": {"type": "Polygon", "coordinates": [[[-121.86774, 38.02403], [-121.86665, 38.02571], [-121.86791, 38.02722], [-121.87025, 38.02705], [-121.87134, 38.02537], [-121.87008, 38.02386], [-121.86774, 38.02403]]]}}, {"type": "Feature", "properties": {"id": 458, "name": "Edgewater Apartment Homes NE 8", "lst": 43.07, "green": 0.0, "pop": 9, "pct65": 14.2, "ac": 95.2, "holc": null, "access_min": 32.4, "access_km": 2.59, "score": 49.3, "rank": 302.0, "area_m2": 109653, "street_m": 0, "canopy_m2": 0.0, "row_m2": 0.0, "row_canopy": 0.0, "veg": 0.0, "place": "res", "land": null, "green_src": "canopy", "canopy_source": "usfs-2022", "canopy_year": "2022", "assessed_m2": 109723.68, "coverage_frac": 1.0, "canopy_quality": "full", "scenario_ok": false, "canopy_baseline_ok": true, "ac_src": "lace", "ac_coverage": 1.0, "acs_year": 2024, "access_snap_m": 321.0, "access_quality": "approach-review", "access_src": "routed", "city": "Pittsburg", "city_kind": "city", "inside_frac": 1.0, "rank_lo": 216, "rank_hi": 376, "rank_top_share": 0.0}, "geometry": {"type": "Polygon", "coordinates": [[[-121.8607, 38.02454], [-121.85961, 38.02621], [-121.86087, 38.02772], [-121.86322, 38.02755], [-121.8643, 38.02588], [-121.86304, 38.02437], [-121.8607, 38.02454]]]}}, {"type": "Feature", "properties": {"id": 459, "name": "Pittsburg NE 7", "lst": 29.75, "green": 0.14, "pop": 0, "pct65": 12.9, "ac": 65.05, "holc": null, "access_min": 37.3, "access_km": 2.98, "score": null, "rank": null, "area_m2": 109633, "street_m": 0, "canopy_m2": 43.0, "row_m2": 0.0, "row_canopy": 0.0, "veg": 0.0, "place": "empty", "land": "open water", "green_src": "canopy", "canopy_source": "usfs-2022", "canopy_year": "2022", "assessed_m2": 31355.28, "coverage_frac": 0.2858288526207198, "canopy_quality": "partial", "scenario_ok": false, "canopy_baseline_ok": false, "ac_src": "income-model", "ac_coverage": null, "acs_year": 2024, "access_snap_m": 276.0, "access_quality": "approach-review", "access_src": "routed", "city": "Pittsburg", "city_kind": "city", "inside_frac": 1.0, "rank_lo": null, "rank_hi": null, "rank_top_share": null}, "geometry": {"type": "Polygon", "coordinates": [[[-121.87169, 38.03174], [-121.8706, 38.03342], [-121.87186, 38.03493], [-121.8742, 38.03476], [-121.87529, 38.03308], [-121.87403, 38.03157], [-121.87169, 38.03174]]]}}, {"type": "Feature", "properties": {"id": 460, "name": "Pittsburg NE 6", "lst": 29.14, "green": 1.19, "pop": 0, "pct65": 12.9, "ac": 65.05, "holc": null, "access_min": 33.1, "access_km": 2.65, "score": null, "rank": null, "area_m2": 109627, "street_m": 0, "canopy_m2": 353.0, "row_m2": 0.0, "row_canopy": 0.0, "veg": 0.0, "place": "empty", "land": "open water", "green_src": "canopy", "canopy_source": "usfs-2022", "canopy_year": "2022", "assessed_m2": 29668.32, "coverage_frac": 0.2704641834417327, "canopy_quality": "partial", "scenario_ok": false, "canopy_baseline_ok": false, "ac_src": "income-model", "ac_coverage": null, "acs_year": 2024, "access_snap_m": 302.0, "access_quality": "approach-review", "access_src": "routed", "city": "Pittsburg", "city_kind": "city", "inside_frac": 1.0, "rank_lo": null, "rank_hi": null, "rank_top_share": null}, "geometry": {"type": "Polygon", "coordinates": [[[-121.87529, 38.03308], [-121.8742, 38.03476], [-121.87546, 38.03627], [-121.87781, 38.0361], [-121.87889, 38.03442], [-121.87764, 38.03291], [-121.87529, 38.03308]]]}}, {"type": "Feature", "properties": {"id": 461, "name": "Pittsburg NE 11", "lst": 28.96, "green": 0.51, "pop": 0, "pct65": 12.9, "ac": 65.05, "holc": null, "access_min": 41.9, "access_km": 3.35, "score": null, "rank": null, "area_m2": 109634, "street_m": 0, "canopy_m2": 564.0, "row_m2": 0.0, "row_canopy": 0.0, "veg": 41.1, "place": "empty", "land": "wetland", "green_src": "canopy", "canopy_source": "chm-legacy", "canopy_year": "2009-2020", "assessed_m2": 178777.44, "coverage_frac": 1.0, "canopy_quality": "full", "scenario_ok": false, "canopy_baseline_ok": false, "ac_src": "income-model", "ac_coverage": null, "acs_year": 2024, "access_snap_m": 525.0, "access_quality": "approach-review", "access_src": "routed", "city": "Pittsburg", "city_kind": "city", "inside_frac": 1.0, "rank_lo": null, "rank_hi": null, "rank_top_share": null}, "geometry": {"type": "Polygon", "coordinates": [[[-121.86825, 38.03359], [-121.86717, 38.03527], [-121.86843, 38.03678], [-121.87077, 38.03661], [-121.87186, 38.03493], [-121.8706, 38.03342], [-121.86825, 38.03359]]]}}, {"type": "Feature", "properties": {"id": 462, "name": "Pittsburg NE 10", "lst": 27.48, "green": 0.03, "pop": 0, "pct65": 12.9, "ac": 65.05, "holc": null, "access_min": 38.0, "access_km": 3.04, "score": null, "rank": null, "area_m2": 109628, "street_m": 0, "canopy_m2": 38.0, "row_m2": 0.0, "row_canopy": 0.0, "veg": 42.3, "place": "empty", "land": "wetland", "green_src": "canopy", "canopy_source": "chm-legacy", "canopy_year": "2009-2020", "assessed_m2": 178774.56, "coverage_frac": 1.0, "canopy_quality": "full", "scenario_ok": false, "canopy_baseline_ok": false, "ac_src": "income-model", "ac_coverage": null, "acs_year": 2024, "access_snap_m": 579.0, "access_quality": "approach-review", "access_src": "routed", "city": "Pittsburg", "city_kind": "city", "inside_frac": 1.0, "rank_lo": null, "rank_hi": null, "rank_top_share": null}, "geometry": {"type": "Polygon", "coordinates": [[[-121.87186, 38.03493], [-121.87077, 38.03661], [-121.87203, 38.03812], [-121.87438, 38.03795], [-121.87546, 38.03627], [-121.8742, 38.03476], [-121.87186, 38.03493]]]}}, {"type": "Feature", "properties": {"id": 463, "name": "Pittsburg E 5", "lst": 41.3, "green": 1.27, "pop": 9, "pct65": 14.2, "ac": 95.2, "holc": null, "access_min": 37.3, "access_km": 2.98, "score": 46.4, "rank": 385.0, "area_m2": 109637, "street_m": 0, "canopy_m2": 1398.0, "row_m2": 0.0, "row_canopy": 0.0, "veg": 4.8, "place": "res", "land": null, "green_src": "canopy", "canopy_source": "usfs-2022", "canopy_year": "2022", "assessed_m2": 109701.72, "coverage_frac": 0.9999811461633016, "canopy_quality": "full", "scenario_ok": false, "canopy_baseline_ok": true, "ac_src": "lace", "ac_coverage": 1.0, "acs_year": 2024, "access_snap_m": 119.0, "access_quality": "approach-review", "access_src": "routed", "city": "Pittsburg", "city_kind": "city", "inside_frac": 1.0, "rank_lo": 315, "rank_hi": 439, "rank_top_share": 0.0}, "geometry": {"type": "Polygon", "coordinates": [[[-121.87151, 38.02856], [-121.87043, 38.03023], [-121.87169, 38.03174], [-121.87403, 38.03157], [-121.87512, 38.0299], [-121.87386, 38.02839], [-121.87151, 38.02856]]]}}, {"type": "Feature", "properties": {"id": 464, "name": "Pittsburg NE 4", "lst": 42.63, "green": 1.49, "pop": 9, "pct65": 14.2, "ac": 95.2, "holc": null, "access_min": 31.4, "access_km": 2.51, "score": 45.9, "rank": 395.0, "area_m2": 109632, "street_m": 911, "canopy_m2": 1637.0, "row_m2": 0.0, "row_canopy": 0.0, "veg": 8.3, "place": "res", "land": null, "green_src": "canopy", "canopy_source": "usfs-2022", "canopy_year": "2022", "assessed_m2": 109694.52, "coverage_frac": 0.9999648389449256, "canopy_quality": "full", "scenario_ok": true, "canopy_baseline_ok": true, "ac_src": "lace", "ac_coverage": 1.0, "acs_year": 2024, "access_snap_m": 192.0, "access_quality": "approach-review", "access_src": "routed", "city": "Pittsburg", "city_kind": "city", "inside_frac": 1.0, "rank_lo": 328, "rank_hi": 449, "rank_top_share": 0.0}, "geometry": {"type": "Polygon", "coordinates": [[[-121.87512, 38.0299], [-121.87403, 38.03157], [-121.87529, 38.03308], [-121.87764, 38.03291], [-121.87872, 38.03124], [-121.87746, 38.02973], [-121.87512, 38.0299]]]}}, {"type": "Feature", "properties": {"id": 465, "name": "Pittsburg NE 9", "lst": 29.7, "green": 1.46, "pop": 0, "pct65": 12.9, "ac": 65.05, "holc": null, "access_min": 40.5, "access_km": 3.24, "score": null, "rank": null, "area_m2": 109638, "street_m": 0, "canopy_m2": 414.0, "row_m2": 0.0, "row_canopy": 0.0, "veg": 0.0, "place": "empty", "land": "open water", "green_src": "canopy", "canopy_source": "usfs-2022", "canopy_year": "2022", "assessed_m2": 28417.68, "coverage_frac": 0.2590374652219838, "canopy_quality": "partial", "scenario_ok": false, "canopy_baseline_ok": false, "ac_src": "income-model", "ac_coverage": null, "acs_year": 2024, "access_snap_m": 181.0, "access_quality": "approach-review", "access_src": "routed", "city": "Pittsburg", "city_kind": "city", "inside_frac": 1.0, "rank_lo": null, "rank_hi": null, "rank_top_share": null}, "geometry": {"type": "Polygon", "coordinates": [[[-121.86808, 38.0304], [-121.86699, 38.03208], [-121.86825, 38.03359], [-121.8706, 38.03342], [-121.87169, 38.03174], [-121.87043, 38.03023], [-121.86808, 38.0304]]]}}, {"type": "Feature", "properties": {"id": 466, "name": "Edgewater Apartment Homes NE 16", "lst": 31.03, "green": 0.06, "pop": 0, "pct65": 12.9, "ac": 65.05, "holc": null, "access_min": 37.1, "access_km": 2.97, "score": null, "rank": null, "area_m2": 109656, "street_m": 0, "canopy_m2": 36.0, "row_m2": 0.0, "row_canopy": 0.0, "veg": 0.0, "place": "empty", "land": "open water", "green_src": "canopy", "canopy_source": "usfs-2022", "canopy_year": "2022", "assessed_m2": 61425.36, "coverage_frac": 0.5598259557337992, "canopy_quality": "partial", "scenario_ok": false, "canopy_baseline_ok": false, "ac_src": "income-model", "ac_coverage": null, "acs_year": 2024, "access_snap_m": 405.0, "access_quality": "approach-review", "access_src": "routed", "city": "Pittsburg", "city_kind": "city", "inside_frac": 1.0, "rank_lo": null, "rank_hi": null, "rank_top_share": null}, "geometry": {"type": "Polygon", "coordinates": [[[-121.85383, 38.02823], [-121.85275, 38.02991], [-121.85401, 38.03142], [-121.85635, 38.03125], [-121.85744, 38.02957], [-121.85618, 38.02806], [-121.85383, 38.02823]]]}}, {"type": "Feature", "properties": {"id": 467, "name": "Edgewater Apartment Homes NE 15", "lst": 25.86, "green": 0.0, "pop": 0, "pct65": 12.9, "ac": 65.05, "holc": null, "access_min": 38.9, "access_km": 3.11, "score": null, "rank": null, "area_m2": 109650, "street_m": 0, "canopy_m2": 0.0, "row_m2": 0.0, "row_canopy": 0.0, "veg": 0.0, "place": "empty", "land": "open water", "green_src": "canopy", "canopy_source": "lidar-2020", "canopy_year": "2020", "assessed_m2": 109650.1, "coverage_frac": 1.0, "canopy_quality": "lidar", "scenario_ok": false, "canopy_baseline_ok": false, "ac_src": "income-model", "ac_coverage": null, "acs_year": 2024, "access_snap_m": 381.0, "access_quality": "approach-review", "access_src": "routed", "city": "Pittsburg", "city_kind": "city", "inside_frac": 1.0, "rank_lo": null, "rank_hi": null, "rank_top_share": null}, "geometry": {"type": "Polygon", "coordinates": [[[-121.85744, 38.02957], [-121.85635, 38.03125], [-121.85761, 38.03276], [-121.85996, 38.03259], [-121.86104, 38.03091], [-121.85978, 38.0294], [-121.85744, 38.02957]]]}}, {"type": "Feature", "properties": {"id": 468, "name": "Edgewater Apartment Homes NE 21", "lst": 24.28, "green": 0.0, "pop": 0, "pct65": 12.9, "ac": 65.05, "holc": null, "access_min": 41.3, "access_km": 3.3, "score": null, "rank": null, "area_m2": 109657, "street_m": 0, "canopy_m2": 0.0, "row_m2": 0.0, "row_canopy": 0.0, "veg": 0.0, "place": "empty", "land": "open water", "green_src": "canopy", "canopy_source": "chm-legacy", "canopy_year": "2009-2020", "assessed_m2": 178801.92, "coverage_frac": 1.0, "canopy_quality": "full", "scenario_ok": false, "canopy_baseline_ok": false, "ac_src": "income-model", "ac_coverage": null, "acs_year": 2024, "access_snap_m": 595.0, "access_quality": "approach-review", "access_src": "routed", "city": "Pittsburg", "city_kind": "city", "inside_frac": 0.709, "rank_lo": null, "rank_hi": null, "rank_top_share": null}, "geometry": {"type": "Polygon", "coordinates": [[[-121.8504, 38.03008], [-121.84931, 38.03175], [-121.85057, 38.03326], [-121.85292, 38.0331], [-121.85401, 38.03142], [-121.85275, 38.02991], [-121.8504, 38.03008]]]}}, {"type": "Feature", "properties": {"id": 469, "name": "Edgewater Apartment Homes NE 20", "lst": 26.01, "green": 1.04, "pop": 0, "pct65": 12.9, "ac": 65.05, "holc": null, "access_min": 41.8, "access_km": 3.34, "score": null, "rank": null, "area_m2": 109651, "street_m": 0, "canopy_m2": 1139.0, "row_m2": 0.0, "row_canopy": 0.0, "veg": 13.1, "place": "empty", "land": "open water", "green_src": "canopy", "canopy_source": "chm-legacy", "canopy_year": "2009-2020", "assessed_m2": 178801.92, "coverage_frac": 1.0, "canopy_quality": "full", "scenario_ok": false, "canopy_baseline_ok": false, "ac_src": "income-model", "ac_coverage": null, "acs_year": 2024, "access_snap_m": 734.0, "access_quality": "approach-review", "access_src": "routed", "city": "Pittsburg", "city_kind": "city", "inside_frac": 1.0, "rank_lo": null, "rank_hi": null, "rank_top_share": null}, "geometry": {"type": "Polygon", "coordinates": [[[-121.85401, 38.03142], [-121.85292, 38.0331], [-121.85418, 38.0346], [-121.85652, 38.03444], [-121.85761, 38.03276], [-121.85635, 38.03125], [-121.85401, 38.03142]]]}}, {"type": "Feature", "properties": {"id": 470, "name": "Edgewater Apartment Homes NE 13", "lst": 41.46, "green": 0.0, "pop": 9, "pct65": 14.2, "ac": 95.2, "holc": null, "access_min": 33.0, "access_km": 2.64, "score": 49.3, "rank": 303.0, "area_m2": 109660, "street_m": 0, "canopy_m2": 0.0, "row_m2": 0.0, "row_canopy": 0.0, "veg": 0.0, "place": "res", "land": null, "green_src": "canopy", "canopy_source": "usfs-2022", "canopy_year": "2022", "assessed_m2": 109721.16, "coverage_frac": 0.9999509711063392, "canopy_quality": "full", "scenario_ok": false, "canopy_baseline_ok": true, "ac_src": "lace", "ac_coverage": 1.0, "acs_year": 2024, "access_snap_m": 137.0, "access_quality": "approach-review", "access_src": "routed", "city": "Pittsburg", "city_kind": "city", "inside_frac": 1.0, "rank_lo": 217, "rank_hi": 377, "rank_top_share": 0.0}, "geometry": {"type": "Polygon", "coordinates": [[[-121.85366, 38.02504], [-121.85257, 38.02672], [-121.85383, 38.02823], [-121.85618, 38.02806], [-121.85727, 38.02638], [-121.85601, 38.02487], [-121.85366, 38.02504]]]}}, {"type": "Feature", "properties": {"id": 471, "name": "Edgewater Apartment Homes NE 11", "lst": 40.37, "green": 0.01, "pop": 9, "pct65": 14.2, "ac": 95.2, "holc": null, "access_min": 35.7, "access_km": 2.86, "score": 49.3, "rank": 306.0, "area_m2": 109654, "street_m": 0, "canopy_m2": 8.0, "row_m2": 0.0, "row_canopy": 0.0, "veg": 0.5, "place": "res", "land": null, "green_src": "canopy", "canopy_source": "usfs-2022", "canopy_year": "2022", "assessed_m2": 106227.72, "coverage_frac": 0.968160996085458, "canopy_quality": "partial", "scenario_ok": false, "canopy_baseline_ok": false, "ac_src": "lace", "ac_coverage": 1.0, "acs_year": 2024, "access_snap_m": 125.0, "access_quality": "approach-review", "access_src": "routed", "city": "Pittsburg", "city_kind": "city", "inside_frac": 1.0, "rank_lo": 222, "rank_hi": 381, "rank_top_share": 0.0}, "geometry": {"type": "Polygon", "coordinates": [[[-121.85727, 38.02638], [-121.85618, 38.02806], [-121.85744, 38.02957], [-121.85978, 38.0294], [-121.86087, 38.02772], [-121.85961, 38.02621], [-121.85727, 38.02638]]]}}, {"type": "Feature", "properties": {"id": 472, "name": "Edgewater Apartment Homes NE 18", "lst": 37.68, "green": 0.08, "pop": 9, "pct65": 14.2, "ac": 95.2, "holc": null, "access_min": 36.9, "access_km": 2.95, "score": 49.1, "rank": 314.0, "area_m2": 109661, "street_m": 0, "canopy_m2": 70.0, "row_m2": 0.0, "row_canopy": 0.0, "veg": 0.0, "place": "res", "land": null, "green_src": "canopy", "canopy_source": "usfs-2022", "canopy_year": "2022", "assessed_m2": 89460.36, "coverage_frac": 0.8152945835382467, "canopy_quality": "partial", "scenario_ok": false, "canopy_baseline_ok": false, "ac_src": "lace", "ac_coverage": 1.0, "acs_year": 2024, "access_snap_m": 242.0, "access_quality": "approach-review", "access_src": "routed", "city": "Pittsburg", "city_kind": "city", "inside_frac": 1.0, "rank_lo": 230, "rank_hi": 388, "rank_top_share": 0.0}, "geometry": {"type": "Polygon", "coordinates": [[[-121.85023, 38.02689], [-121.84914, 38.02857], [-121.8504, 38.03008], [-121.85275, 38.02991], [-121.85383, 38.02823], [-121.85257, 38.02672], [-121.85023, 38.02689]]]}}, {"type": "Feature", "properties": {"id": 473, "name": "Pittsburg NE 19", "lst": 31.25, "green": 0.0, "pop": 0, "pct65": 12.9, "ac": 65.05, "holc": null, "access_min": 48.5, "access_km": 3.88, "score": null, "rank": null, "area_m2": 109640, "street_m": 0, "canopy_m2": 0.0, "row_m2": 0.0, "row_canopy": 0.0, "veg": 38.7, "place": "empty", "land": "wetland", "green_src": "canopy", "canopy_source": "chm-legacy", "canopy_year": "2009-2020", "assessed_m2": 178787.52, "coverage_frac": 1.0, "canopy_quality": "full", "scenario_ok": false, "canopy_baseline_ok": false, "ac_src": "income-model", "ac_coverage": null, "acs_year": 2024, "access_snap_m": 765.0, "access_quality": "approach-review", "access_src": "routed", "city": "Pittsburg", "city_kind": "city", "inside_frac": 1.0, "rank_lo": null, "rank_hi": null, "rank_top_share": null}, "geometry": {"type": "Polygon", "coordinates": [[[-121.86122, 38.0341], [-121.86013, 38.03578], [-121.86139, 38.03728], [-121.86373, 38.03712], [-121.86482, 38.03544], [-121.86356, 38.03393], [-121.86122, 38.0341]]]}}, {"type": "Feature", "properties": {"id": 474, "name": "Pittsburg NE 16", "lst": 31.24, "green": 0.0, "pop": 0, "pct65": 12.9, "ac": 65.05, "holc": null, "access_min": 47.6, "access_km": 3.8, "score": null, "rank": null, "area_m2": 109635, "street_m": 0, "canopy_m2": 0.0, "row_m2": 0.0, "row_canopy": 0.0, "veg": 35.7, "place": "empty", "land": "wetland", "green_src": "canopy", "canopy_source": "chm-legacy", "canopy_year": "2009-2020", "assessed_m2": 178787.52, "coverage_frac": 1.0, "canopy_quality": "full", "scenario_ok": false, "canopy_baseline_ok": false, "ac_src": "income-model", "ac_coverage": null, "acs_year": 2024, "access_snap_m": 742.0, "access_quality": "approach-review", "access_src": "routed", "city": "Pittsburg", "city_kind": "city", "inside_frac": 1.0, "rank_lo": null, "rank_hi": null, "rank_top_share": null}, "geometry": {"type": "Polygon", "coordinates": [[[-121.86482, 38.03544], [-121.86373, 38.03712], [-121.86499, 38.03862], [-121.86734, 38.03846], [-121.86843, 38.03678], [-121.86717, 38.03527], [-121.86482, 38.03544]]]}}, {"type": "Feature", "properties": {"id": 475, "name": "Pittsburg NE 25", "lst": 29.74, "green": 0.0, "pop": 0, "pct65": 12.9, "ac": 65.05, "holc": null, "access_min": 49.1, "access_km": 3.93, "score": null, "rank": null, "area_m2": 109641, "street_m": 0, "canopy_m2": 0.0, "row_m2": 0.0, "row_canopy": 0.0, "veg": 39.5, "place": "empty", "land": "wetland", "green_src": "canopy", "canopy_source": "chm-legacy", "canopy_year": "2009-2020", "assessed_m2": 178799.04, "coverage_frac": 1.0, "canopy_quality": "full", "scenario_ok": false, "canopy_baseline_ok": false, "ac_src": "income-model", "ac_coverage": null, "acs_year": 2024, "access_snap_m": 1053.0, "access_quality": "approach-review", "access_src": "routed", "city": "Pittsburg", "city_kind": "city", "inside_frac": 1.0, "rank_lo": null, "rank_hi": null, "rank_top_share": null}, "geometry": {"type": "Polygon", "coordinates": [[[-121.85778, 38.03594], [-121.8567, 38.03762], [-121.85795, 38.03913], [-121.8603, 38.03896], [-121.86139, 38.03728], [-121.86013, 38.03578], [-121.85778, 38.03594]]]}}, {"type": "Feature", "properties": {"id": 476, "name": "Pittsburg NE 23", "lst": 30.24, "green": 0.0, "pop": 0, "pct65": 12.9, "ac": 65.05, "holc": null, "access_min": 52.0, "access_km": 4.16, "score": null, "rank": null, "area_m2": 109636, "street_m": 0, "canopy_m2": 0.0, "row_m2": 0.0, "row_canopy": 0.0, "veg": 36.3, "place": "empty", "land": "wetland", "green_src": "canopy", "canopy_source": "chm-legacy", "canopy_year": "2009-2020", "assessed_m2": 178803.36, "coverage_frac": 1.0, "canopy_quality": "full", "scenario_ok": false, "canopy_baseline_ok": false, "ac_src": "income-model", "ac_coverage": null, "acs_year": 2024, "access_snap_m": 1096.0, "access_quality": "approach-review", "access_src": "routed", "city": "Pittsburg", "city_kind": "city", "inside_frac": 1.0, "rank_lo": null, "rank_hi": null, "rank_top_share": null}, "geometry": {"type": "Polygon", "coordinates": [[[-121.86139, 38.03728], [-121.8603, 38.03896], [-121.86156, 38.04047], [-121.86391, 38.0403], [-121.86499, 38.03862], [-121.86373, 38.03712], [-121.86139, 38.03728]]]}}, {"type": "Feature", "properties": {"id": 477, "name": "Edgewater Apartment Homes N 9", "lst": 26.62, "green": 1.27, "pop": 0, "pct65": 12.9, "ac": 65.05, "holc": null, "access_min": 42.9, "access_km": 3.43, "score": null, "rank": null, "area_m2": 109645, "street_m": 0, "canopy_m2": 1391.0, "row_m2": 0.0, "row_canopy": 0.0, "veg": 8.7, "place": "empty", "land": "open water", "green_src": "canopy", "canopy_source": "chm-legacy", "canopy_year": "2009-2020", "assessed_m2": 178780.32, "coverage_frac": 1.0, "canopy_quality": "full", "scenario_ok": false, "canopy_baseline_ok": false, "ac_src": "income-model", "ac_coverage": null, "acs_year": 2024, "access_snap_m": 435.0, "access_quality": "approach-review", "access_src": "routed", "city": "Pittsburg", "city_kind": "city", "inside_frac": 1.0, "rank_lo": null, "rank_hi": null, "rank_top_share": null}, "geometry": {"type": "Polygon", "coordinates": [[[-121.86104, 38.03091], [-121.85996, 38.03259], [-121.86122, 38.0341], [-121.86356, 38.03393], [-121.86465, 38.03225], [-121.86339, 38.03074], [-121.86104, 38.03091]]]}}, {"type": "Feature", "properties": {"id": 478, "name": "Pittsburg NE 14", "lst": 28.26, "green": 0.05, "pop": 0, "pct65": 12.9, "ac": 65.05, "holc": null, "access_min": 46.4, "access_km": 3.71, "score": null, "rank": null, "area_m2": 109639, "street_m": 0, "canopy_m2": 56.0, "row_m2": 0.0, "row_canopy": 0.0, "veg": 37.7, "place": "empty", "land": "wetland", "green_src": "canopy", "canopy_source": "chm-legacy", "canopy_year": "2009-2020", "assessed_m2": 178780.32, "coverage_frac": 1.0, "canopy_quality": "full", "scenario_ok": false, "canopy_baseline_ok": false, "ac_src": "income-model", "ac_coverage": null, "acs_year": 2024, "access_snap_m": 474.0, "access_quality": "approach-review", "access_src": "routed", "city": "Pittsburg", "city_kind": "city", "inside_frac": 1.0, "rank_lo": null, "rank_hi": null, "rank_top_share": null}, "geometry": {"type": "Polygon", "coordinates": [[[-121.86465, 38.03225], [-121.86356, 38.03393], [-121.86482, 38.03544], [-121.86717, 38.03527], [-121.86825, 38.03359], [-121.86699, 38.03208], [-121.86465, 38.03225]]]}}, {"type": "Feature", "properties": {"id": 479, "name": "Edgewater Apartment Homes N 10", "lst": 29.75, "green": 0.24, "pop": 0, "pct65": 12.9, "ac": 65.05, "holc": null, "access_min": 43.2, "access_km": 3.46, "score": null, "rank": null, "area_m2": 109646, "street_m": 0, "canopy_m2": 261.0, "row_m2": 0.0, "row_canopy": 0.0, "veg": 44.4, "place": "empty", "land": "wetland", "green_src": "canopy", "canopy_source": "chm-legacy", "canopy_year": "2009-2020", "assessed_m2": 178788.96, "coverage_frac": 1.0, "canopy_quality": "full", "scenario_ok": false, "canopy_baseline_ok": false, "ac_src": "income-model", "ac_coverage": null, "acs_year": 2024, "access_snap_m": 725.0, "access_quality": "approach-review", "access_src": "routed", "city": "Pittsburg", "city_kind": "city", "inside_frac": 1.0, "rank_lo": null, "rank_hi": null, "rank_top_share": null}, "geometry": {"type": "Polygon", "coordinates": [[[-121.85761, 38.03276], [-121.85652, 38.03444], [-121.85778, 38.03594], [-121.86013, 38.03578], [-121.86122, 38.0341], [-121.85996, 38.03259], [-121.85761, 38.03276]]]}}, {"type": "Feature", "properties": {"id": 480, "name": "Edgewater Apartment Homes N", "lst": 46.5, "green": 5.14, "pop": 23, "pct65": 13.6, "ac": 88.42, "holc": null, "access_min": 27.3, "access_km": 2.18, "score": 43.8, "rank": 426.0, "area_m2": 109656, "street_m": 324, "canopy_m2": 5641.0, "row_m2": 0.0, "row_canopy": 0.0, "veg": 11.4, "place": "res", "land": null, "green_src": "canopy", "canopy_source": "usfs-2022", "canopy_year": "2022", "assessed_m2": 109718.28, "coverage_frac": 0.999965349659663, "canopy_quality": "full", "scenario_ok": true, "canopy_baseline_ok": true, "ac_src": "lace", "ac_coverage": 1.0, "acs_year": 2024, "access_snap_m": 87.0, "access_quality": "network-estimate", "access_src": "routed", "city": "Pittsburg", "city_kind": "city", "inside_frac": 1.0, "rank_lo": 384, "rank_hi": 456, "rank_top_share": 0.0}, "geometry": {"type": "Polygon", "coordinates": [[[-121.86739, 38.01765], [-121.8663, 38.01933], [-121.86756, 38.02084], [-121.86991, 38.02067], [-121.87099, 38.019], [-121.86974, 38.01749], [-121.86739, 38.01765]]]}}, {"type": "Feature", "properties": {"id": 481, "name": "Edgewater Apartment Homes NW 2", "lst": 44.91, "green": 16.04, "pop": 94, "pct65": 14.8, "ac": 80.54, "holc": null, "access_min": 29.4, "access_km": 2.35, "score": 30.5, "rank": 533.0, "area_m2": 109650, "street_m": 1128, "canopy_m2": 17594.0, "row_m2": 0.0, "row_canopy": 0.0, "veg": 21.0, "place": "res", "land": null, "green_src": "canopy", "canopy_source": "usfs-2022", "canopy_year": "2022", "assessed_m2": 109717.56, "coverage_frac": 1.0, "canopy_quality": "full", "scenario_ok": true, "canopy_baseline_ok": true, "ac_src": "lace", "ac_coverage": 1.0, "acs_year": 2024, "access_snap_m": 8.0, "access_quality": "network-estimate", "access_src": "routed", "city": "Pittsburg", "city_kind": "city", "inside_frac": 1.0, "rank_lo": 508, "rank_hi": 541, "rank_top_share": 0.0}, "geometry": {"type": "Polygon", "coordinates": [[[-121.87099, 38.019], [-121.86991, 38.02067], [-121.87117, 38.02218], [-121.87351, 38.02201], [-121.8746, 38.02034], [-121.87334, 38.01883], [-121.87099, 38.019]]]}}, {"type": "Feature", "properties": {"id": 482, "name": "Edgewater Apartment Homes NE 2", "lst": 46.99, "green": 0.13, "pop": 9, "pct65": 14.2, "ac": 95.2, "holc": null, "access_min": 29.9, "access_km": 2.39, "score": 49.0, "rank": 318.0, "area_m2": 109657, "street_m": 0, "canopy_m2": 147.0, "row_m2": 0.0, "row_canopy": 0.0, "veg": 8.8, "place": "res", "land": null, "green_src": "canopy", "canopy_source": "usfs-2022", "canopy_year": "2022", "assessed_m2": 109719.36, "coverage_frac": 0.9999650213867736, "canopy_quality": "full", "scenario_ok": false, "canopy_baseline_ok": true, "ac_src": "lace", "ac_coverage": 1.0, "acs_year": 2024, "access_snap_m": 300.0, "access_quality": "approach-review", "access_src": "routed", "city": "Pittsburg", "city_kind": "city", "inside_frac": 1.0, "rank_lo": 234, "rank_hi": 390, "rank_top_share": 0.0}, "geometry": {"type": "Polygon", "coordinates": [[[-121.86396, 38.0195], [-121.86287, 38.02118], [-121.86413, 38.02269], [-121.86648, 38.02252], [-121.86756, 38.02084], [-121.8663, 38.01933], [-121.86396, 38.0195]]]}}, {"type": "Feature", "properties": {"id": 483, "name": "Edgewater Apartment Homes N 2", "lst": 44.83, "green": 1.63, "pop": 9, "pct65": 14.2, "ac": 95.2, "holc": null, "access_min": 30.5, "access_km": 2.44, "score": 45.6, "rank": 406.0, "area_m2": 109651, "street_m": 116, "canopy_m2": 1794.0, "row_m2": 0.0, "row_canopy": 0.0, "veg": 3.5, "place": "res", "land": null, "green_src": "canopy", "canopy_source": "usfs-2022", "canopy_year": "2022", "assessed_m2": 109717.92, "coverage_frac": 1.0, "canopy_quality": "full", "scenario_ok": true, "canopy_baseline_ok": true, "ac_src": "lace", "ac_coverage": 1.0, "acs_year": 2024, "access_snap_m": 87.0, "access_quality": "network-estimate", "access_src": "routed", "city": "Pittsburg", "city_kind": "city", "inside_frac": 1.0, "rank_lo": 335, "rank_hi": 453, "rank_top_share": 0.0}, "geometry": {"type": "Polygon", "coordinates": [[[-121.86756, 38.02084], [-121.86648, 38.02252], [-121.86774, 38.02403], [-121.87008, 38.02386], [-121.87117, 38.02218], [-121.86991, 38.02067], [-121.86756, 38.02084]]]}}, {"type": "Feature", "properties": {"id": 484, "name": "Edgewater Apartment Homes", "lst": 47.07, "green": 8.95, "pop": 235, "pct65": 11.4, "ac": 83.81, "holc": null, "access_min": 14.0, "access_km": 1.12, "score": 52.3, "rank": 240.0, "area_m2": 109660, "street_m": 88, "canopy_m2": 9819.0, "row_m2": 0.0, "row_canopy": 0.0, "veg": 8.9, "place": "res", "land": null, "green_src": "canopy", "canopy_source": "usfs-2022", "canopy_year": "2022", "assessed_m2": 109722.96, "coverage_frac": 0.999968880387552, "canopy_quality": "full", "scenario_ok": true, "canopy_baseline_ok": true, "ac_src": "lace", "ac_coverage": 1.0, "acs_year": 2024, "access_snap_m": 173.0, "access_quality": "approach-review", "access_src": "routed", "city": "Pittsburg", "city_kind": "city", "inside_frac": 1.0, "rank_lo": 196, "rank_hi": 395, "rank_top_share": 0.0}, "geometry": {"type": "Polygon", "coordinates": [[[-121.86722, 38.01447], [-121.86613, 38.01615], [-121.86739, 38.01765], [-121.86974, 38.01749], [-121.87082, 38.01581], [-121.86956, 38.0143], [-121.86722, 38.01447]]]}}, {"type": "Feature", "properties": {"id": 485, "name": "Edgewater Apartment Homes NW", "lst": 45.31, "green": 14.06, "pop": 231, "pct65": 11.4, "ac": 83.82, "holc": null, "access_min": 17.3, "access_km": 1.39, "score": 36.1, "rank": 506.0, "area_m2": 109655, "street_m": 1787, "canopy_m2": 15421.0, "row_m2": 0.0, "row_canopy": 0.0, "veg": 19.3, "place": "res", "land": null, "green_src": "canopy", "canopy_source": "usfs-2022", "canopy_year": "2022", "assessed_m2": 109713.24, "coverage_frac": 0.9999295960784208, "canopy_quality": "full", "scenario_ok": true, "canopy_baseline_ok": true, "ac_src": "lace", "ac_coverage": 1.0, "acs_year": 2024, "access_snap_m": 64.0, "access_quality": "network-estimate", "access_src": "routed", "city": "Pittsburg", "city_kind": "city", "inside_frac": 1.0, "rank_lo": 438, "rank_hi": 522, "rank_top_share": 0.0}, "geometry": {"type": "Polygon", "coordinates": [[[-121.87082, 38.01581], [-121.86974, 38.01749], [-121.87099, 38.019], [-121.87334, 38.01883], [-121.87443, 38.01715], [-121.87317, 38.01564], [-121.87082, 38.01581]]]}}, {"type": "Feature", "properties": {"id": 486, "name": "Edgewater Apartment Homes NE", "lst": 46.12, "green": 4.44, "pop": 30, "pct65": 13.5, "ac": 87.38, "holc": null, "access_min": 15.5, "access_km": 1.24, "score": 46.9, "rank": 373.0, "area_m2": 109661, "street_m": 340, "canopy_m2": 4868.0, "row_m2": 0.0, "row_canopy": 0.0, "veg": 11.6, "place": "res", "land": null, "green_src": "canopy", "canopy_source": "usfs-2022", "canopy_year": "2022", "assessed_m2": 109729.44, "coverage_frac": 1.0, "canopy_quality": "full", "scenario_ok": true, "canopy_baseline_ok": true, "ac_src": "lace", "ac_coverage": 1.0, "acs_year": 2024, "access_snap_m": 319.0, "access_quality": "approach-review", "access_src": "routed", "city": "Pittsburg", "city_kind": "city", "inside_frac": 1.0, "rank_lo": 313, "rank_hi": 416, "rank_top_share": 0.0}, "geometry": {"type": "Polygon", "coordinates": [[[-121.86379, 38.01631], [-121.8627, 38.01799], [-121.86396, 38.0195], [-121.8663, 38.01933], [-121.86739, 38.01765], [-121.86613, 38.01615], [-121.86379, 38.01631]]]}}, {"type": "Feature", "properties": {"id": 487, "name": "Pittsburg E 3", "lst": 44.97, "green": 6.9, "pop": 255, "pct65": 15.7, "ac": 79.15, "holc": null, "access_min": 25.4, "access_km": 2.03, "score": 72.0, "rank": 74.0, "area_m2": 109640, "street_m": 1256, "canopy_m2": 7565.0, "row_m2": 0.0, "row_canopy": 0.0, "veg": 10.1, "place": "res", "land": null, "green_src": "canopy", "canopy_source": "usfs-2022", "canopy_year": "2022", "assessed_m2": 109707.12, "coverage_frac": 1.0, "canopy_quality": "full", "scenario_ok": true, "canopy_baseline_ok": true, "ac_src": "lace", "ac_coverage": 1.0, "acs_year": 2024, "access_snap_m": 149.0, "access_quality": "approach-review", "access_src": "routed", "city": "Pittsburg", "city_kind": "city", "inside_frac": 1.0, "rank_lo": 43, "rank_hi": 139, "rank_top_share": 0.183}, "geometry": {"type": "Polygon", "coordinates": [[[-121.87477, 38.02352], [-121.87369, 38.0252], [-121.87494, 38.02671], [-121.87729, 38.02654], [-121.87838, 38.02486], [-121.87712, 38.02335], [-121.87477, 38.02352]]]}}, {"type": "Feature", "properties": {"id": 488, "name": "Pittsburg E", "lst": 44.47, "green": 10.17, "pop": 354, "pct65": 21.1, "ac": 78.96, "holc": null, "access_min": 23.3, "access_km": 1.87, "score": 78.5, "rank": 36.0, "area_m2": 109635, "street_m": 1730, "canopy_m2": 11153.0, "row_m2": 0.0, "row_canopy": 0.0, "veg": 10.4, "place": "res", "land": null, "green_src": "canopy", "canopy_source": "usfs-2022", "canopy_year": "2022", "assessed_m2": 109699.56, "coverage_frac": 0.9999818070447573, "canopy_quality": "full", "scenario_ok": true, "canopy_baseline_ok": true, "ac_src": "lace", "ac_coverage": 1.0, "acs_year": 2024, "access_snap_m": 38.0, "access_quality": "network-estimate", "access_src": "routed", "city": "Pittsburg", "city_kind": "city", "inside_frac": 1.0, "rank_lo": 13, "rank_hi": 170, "rank_top_share": 0.393}, "geometry": {"type": "Polygon", "coordinates": [[[-121.87838, 38.02486], [-121.87729, 38.02654], [-121.87855, 38.02805], [-121.88089, 38.02788], [-121.88198, 38.0262], [-121.88072, 38.02469], [-121.87838, 38.02486]]]}}, {"type": "Feature", "properties": {"id": 489, "name": "Pittsburg E 4", "lst": 44.32, "green": 0.19, "pop": 9, "pct65": 14.2, "ac": 95.2, "holc": null, "access_min": 43.6, "access_km": 3.49, "score": 48.8, "rank": 321.0, "area_m2": 109642, "street_m": 0, "canopy_m2": 204.0, "row_m2": 0.0, "row_canopy": 0.0, "veg": 1.8, "place": "res", "land": null, "green_src": "canopy", "canopy_source": "usfs-2022", "canopy_year": "2022", "assessed_m2": 109707.48, "coverage_frac": 0.9999944977542256, "canopy_quality": "full", "scenario_ok": false, "canopy_baseline_ok": true, "ac_src": "lace", "ac_coverage": 1.0, "acs_year": 2024, "access_snap_m": 208.0, "access_quality": "approach-review", "access_src": "routed", "city": "Pittsburg", "city_kind": "city", "inside_frac": 1.0, "rank_lo": 243, "rank_hi": 394, "rank_top_share": 0.0}, "geometry": {"type": "Polygon", "coordinates": [[[-121.87134, 38.02537], [-121.87025, 38.02705], [-121.87151, 38.02856], [-121.87386, 38.02839], [-121.87494, 38.02671], [-121.87369, 38.0252], [-121.87134, 38.02537]]]}}, {"type": "Feature", "properties": {"id": 490, "name": "Pittsburg E 2", "lst": 42.97, "green": 0.95, "pop": 9, "pct65": 14.2, "ac": 95.2, "holc": null, "access_min": 27.9, "access_km": 2.23, "score": 47.1, "rank": 365.0, "area_m2": 109636, "street_m": 131, "canopy_m2": 1039.0, "row_m2": 0.0, "row_canopy": 0.0, "veg": 9.5, "place": "res", "land": null, "green_src": "canopy", "canopy_source": "usfs-2022", "canopy_year": "2022", "assessed_m2": 109699.2, "coverage_frac": 0.9999683453832368, "canopy_quality": "full", "scenario_ok": true, "canopy_baseline_ok": true, "ac_src": "lace", "ac_coverage": 1.0, "acs_year": 2024, "access_snap_m": 243.0, "access_quality": "approach-review", "access_src": "routed", "city": "Pittsburg", "city_kind": "city", "inside_frac": 1.0, "rank_lo": 298, "rank_hi": 427, "rank_top_share": 0.0}, "geometry": {"type": "Polygon", "coordinates": [[[-121.87494, 38.02671], [-121.87386, 38.02839], [-121.87512, 38.0299], [-121.87746, 38.02973], [-121.87855, 38.02805], [-121.87729, 38.02654], [-121.87494, 38.02671]]]}}, {"type": "Feature", "properties": {"id": 491, "name": "Edgewater Apartment Homes NW 4", "lst": 43.86, "green": 33.96, "pop": 450, "pct65": 15.8, "ac": 78.96, "holc": null, "access_min": 24.6, "access_km": 1.97, "score": 32.2, "rank": 526.0, "area_m2": 109645, "street_m": 1799, "canopy_m2": 37259.0, "row_m2": 0.0, "row_canopy": 0.0, "veg": 23.4, "place": "res", "land": null, "green_src": "canopy", "canopy_source": "usfs-2022", "canopy_year": "2022", "assessed_m2": 109707.84, "coverage_frac": 0.9999688164333806, "canopy_quality": "full", "scenario_ok": true, "canopy_baseline_ok": true, "ac_src": "lace", "ac_coverage": 1.0, "acs_year": 2024, "access_snap_m": 117.0, "access_quality": "approach-review", "access_src": "routed", "city": "Pittsburg", "city_kind": "city", "inside_frac": 1.0, "rank_lo": 357, "rank_hi": 560, "rank_top_share": 0.0}, "geometry": {"type": "Polygon", "coordinates": [[[-121.8746, 38.02034], [-121.87351, 38.02201], [-121.87477, 38.02352], [-121.87712, 38.02335], [-121.8782, 38.02167], [-121.87694, 38.02017], [-121.8746, 38.02034]]]}}, {"type": "Feature", "properties": {"id": 492, "name": "Pittsburg SE 2", "lst": 44.4, "green": 20.67, "pop": 441, "pct65": 18.1, "ac": 78.89, "holc": null, "access_min": 19.4, "access_km": 1.55, "score": 40.5, "rank": 468.0, "area_m2": 109639, "street_m": 2300, "canopy_m2": 22675.0, "row_m2": 0.0, "row_canopy": 0.0, "veg": 17.0, "place": "res", "land": null, "green_src": "canopy", "canopy_source": "usfs-2022", "canopy_year": "2022", "assessed_m2": 109704.96, "coverage_frac": 0.9999918885166096, "canopy_quality": "full", "scenario_ok": true, "canopy_baseline_ok": true, "ac_src": "lace", "ac_coverage": 1.0, "acs_year": 2024, "access_snap_m": 61.0, "access_quality": "network-estimate", "access_src": "routed", "city": "Pittsburg", "city_kind": "city", "inside_frac": 1.0, "rank_lo": 257, "rank_hi": 543, "rank_top_share": 0.0}, "geometry": {"type": "Polygon", "coordinates": [[[-121.8782, 38.02167], [-121.87712, 38.02335], [-121.87838, 38.02486], [-121.88072, 38.02469], [-121.88181, 38.02301], [-121.88055, 38.02151], [-121.8782, 38.02167]]]}}, {"type": "Feature", "properties": {"id": 493, "name": "Edgewater Apartment Homes N 3", "lst": 45.6, "green": 9.36, "pop": 206, "pct65": 15.6, "ac": 79.29, "holc": null, "access_min": 29.5, "access_km": 2.36, "score": 59.6, "rank": 182.0, "area_m2": 109646, "street_m": 1739, "canopy_m2": 10269.0, "row_m2": 0.0, "row_canopy": 0.0, "veg": 10.5, "place": "res", "land": null, "green_src": "canopy", "canopy_source": "usfs-2022", "canopy_year": "2022", "assessed_m2": 109711.44, "coverage_frac": 0.9999914490079246, "canopy_quality": "full", "scenario_ok": true, "canopy_baseline_ok": true, "ac_src": "lace", "ac_coverage": 1.0, "acs_year": 2024, "access_snap_m": 82.0, "access_quality": "network-estimate", "access_src": "routed", "city": "Pittsburg", "city_kind": "city", "inside_frac": 1.0, "rank_lo": 131, "rank_hi": 342, "rank_top_share": 0.0}, "geometry": {"type": "Polygon", "coordinates": [[[-121.87117, 38.02218], [-121.87008, 38.02386], [-121.87134, 38.02537], [-121.87369, 38.0252], [-121.87477, 38.02352], [-121.87351, 38.02201], [-121.87117, 38.02218]]]}}, {"type": "Feature", "properties": {"id": 494, "name": "Edgewater Apartment Homes NE 6", "lst": 45.48, "green": 4.53, "pop": 9, "pct65": 14.0, "ac": 94.72, "holc": null, "access_min": 24.3, "access_km": 1.95, "score": 39.1, "rank": 482.0, "area_m2": 109663, "street_m": 749, "canopy_m2": 4965.0, "row_m2": 0.0, "row_canopy": 0.0, "veg": 6.1, "place": "res", "land": null, "green_src": "canopy", "canopy_source": "usfs-2022", "canopy_year": "2022", "assessed_m2": 109728.36, "coverage_frac": 0.999987592547923, "canopy_quality": "full", "scenario_ok": true, "canopy_baseline_ok": true, "ac_src": "lace", "ac_coverage": 1.0, "acs_year": 2024, "access_snap_m": 157.0, "access_quality": "approach-review", "access_src": "routed", "city": "Pittsburg", "city_kind": "city", "inside_frac": 1.0, "rank_lo": 431, "rank_hi": 507, "rank_top_share": 0.0}, "geometry": {"type": "Polygon", "coordinates": [[[-121.85692, 38.02001], [-121.85583, 38.02169], [-121.85709, 38.0232], [-121.85944, 38.02303], [-121.86053, 38.02135], [-121.85927, 38.01984], [-121.85692, 38.02001]]]}}, {"type": "Feature", "properties": {"id": 495, "name": "Edgewater Apartment Homes NE 5", "lst": 45.24, "green": 0.03, "pop": 9, "pct65": 14.2, "ac": 95.2, "holc": null, "access_min": 28.6, "access_km": 2.29, "score": 49.2, "rank": 309.0, "area_m2": 109658, "street_m": 0, "canopy_m2": 32.0, "row_m2": 0.0, "row_canopy": 0.0, "veg": 1.2, "place": "res", "land": null, "green_src": "canopy", "canopy_source": "usfs-2022", "canopy_year": "2022", "assessed_m2": 109721.52, "coverage_frac": 0.9999745456318972, "canopy_quality": "full", "scenario_ok": false, "canopy_baseline_ok": true, "ac_src": "lace", "ac_coverage": 1.0, "acs_year": 2024, "access_snap_m": 310.0, "access_quality": "approach-review", "access_src": "routed", "city": "Pittsburg", "city_kind": "city", "inside_frac": 1.0, "rank_lo": 224, "rank_hi": 384, "rank_top_share": 0.0}, "geometry": {"type": "Polygon", "coordinates": [[[-121.86053, 38.02135], [-121.85944, 38.02303], [-121.8607, 38.02454], [-121.86304, 38.02437], [-121.86413, 38.02269], [-121.86287, 38.02118], [-121.86053, 38.02135]]]}}, {"type": "Feature", "properties": {"id": 496, "name": "Edgewater Apartment Homes NE 10", "lst": 43.61, "green": 6.45, "pop": 9, "pct65": 13.3, "ac": 92.91, "holc": null, "access_min": 26.2, "access_km": 2.1, "score": 35.6, "rank": 507.0, "area_m2": 109664, "street_m": 529, "canopy_m2": 7073.0, "row_m2": 0.0, "row_canopy": 0.0, "veg": 4.3, "place": "res", "land": null, "green_src": "canopy", "canopy_source": "usfs-2022", "canopy_year": "2022", "assessed_m2": 109729.8, "coverage_frac": 0.999990568283468, "canopy_quality": "full", "scenario_ok": true, "canopy_baseline_ok": true, "ac_src": "lace", "ac_coverage": 1.0, "acs_year": 2024, "access_snap_m": 60.0, "access_quality": "network-estimate", "access_src": "routed", "city": "Pittsburg", "city_kind": "city", "inside_frac": 1.0, "rank_lo": 467, "rank_hi": 524, "rank_top_share": 0.0}, "geometry": {"type": "Polygon", "coordinates": [[[-121.85349, 38.02186], [-121.8524, 38.02353], [-121.85366, 38.02504], [-121.85601, 38.02487], [-121.85709, 38.0232], [-121.85583, 38.02169], [-121.85349, 38.02186]]]}}, {"type": "Feature", "properties": {"id": 497, "name": "Edgewater Apartment Homes NE 9", "lst": 42.81, "green": 1.61, "pop": 9, "pct65": 14.2, "ac": 95.2, "holc": null, "access_min": 28.7, "access_km": 2.3, "score": 45.6, "rank": 405.0, "area_m2": 109659, "street_m": 129, "canopy_m2": 1766.0, "row_m2": 0.0, "row_canopy": 0.0, "veg": 0.2, "place": "res", "land": null, "green_src": "canopy", "canopy_source": "usfs-2022", "canopy_year": "2022", "assessed_m2": 109718.28, "coverage_frac": 0.999934865617248, "canopy_quality": "full", "scenario_ok": true, "canopy_baseline_ok": true, "ac_src": "lace", "ac_coverage": 1.0, "acs_year": 2024, "access_snap_m": 136.0, "access_quality": "approach-review", "access_src": "routed", "city": "Pittsburg", "city_kind": "city", "inside_frac": 1.0, "rank_lo": 333, "rank_hi": 452, "rank_top_share": 0.0}, "geometry": {"type": "Polygon", "coordinates": [[[-121.85709, 38.0232], [-121.85601, 38.02487], [-121.85727, 38.02638], [-121.85961, 38.02621], [-121.8607, 38.02454], [-121.85944, 38.02303], [-121.85709, 38.0232]]]}}, {"type": "Feature", "properties": {"id": 498, "name": "Edgewater Apartment Homes NE 4", "lst": 47.63, "green": 2.37, "pop": 9, "pct65": 13.2, "ac": 92.58, "holc": null, "access_min": 17.9, "access_km": 1.43, "score": 45.1, "rank": 414.0, "area_m2": 109668, "street_m": 794, "canopy_m2": 2600.0, "row_m2": 0.0, "row_canopy": 0.0, "veg": 5.9, "place": "res", "land": null, "green_src": "canopy", "canopy_source": "usfs-2022", "canopy_year": "2022", "assessed_m2": 109731.96, "coverage_frac": 0.999981270713548, "canopy_quality": "full", "scenario_ok": true, "canopy_baseline_ok": true, "ac_src": "lace", "ac_coverage": 1.0, "acs_year": 2024, "access_snap_m": 96.0, "access_quality": "network-estimate", "access_src": "routed", "city": "Pittsburg", "city_kind": "city", "inside_frac": 1.0, "rank_lo": 348, "rank_hi": 445, "rank_top_share": 0.0}, "geometry": {"type": "Polygon", "coordinates": [[[-121.85675, 38.01682], [-121.85566, 38.0185], [-121.85692, 38.02001], [-121.85927, 38.01984], [-121.86035, 38.01816], [-121.8591, 38.01665], [-121.85675, 38.01682]]]}}, {"type": "Feature", "properties": {"id": 499, "name": "Edgewater Apartment Homes NE 3", "lst": 47.12, "green": 0.0, "pop": 9, "pct65": 14.2, "ac": 95.2, "holc": null, "access_min": 20.8, "access_km": 1.66, "score": 49.3, "rank": 304.0, "area_m2": 109662, "street_m": 0, "canopy_m2": 0.0, "row_m2": 0.0, "row_canopy": 0.0, "veg": 8.3, "place": "res", "land": null, "green_src": "canopy", "canopy_source": "usfs-2022", "canopy_year": "2022", "assessed_m2": 109726.2, "coverage_frac": 0.9999780648019918, "canopy_quality": "full", "scenario_ok": false, "canopy_baseline_ok": true, "ac_src": "lace", "ac_coverage": 1.0, "acs_year": 2024, "access_snap_m": 341.0, "access_quality": "approach-review", "access_src": "routed", "city": "Pittsburg", "city_kind": "city", "inside_frac": 1.0, "rank_lo": 218, "rank_hi": 378, "rank_top_share": 0.0}, "geometry": {"type": "Polygon", "coordinates": [[[-121.86035, 38.01816], [-121.85927, 38.01984], [-121.86053, 38.02135], [-121.86287, 38.02118], [-121.86396, 38.0195], [-121.8627, 38.01799], [-121.86035, 38.01816]]]}}, {"type": "Feature", "properties": {"id": 500, "name": "Edgewater Apartment Homes NE 7", "lst": 45.33, "green": 0.38, "pop": 10, "pct65": 12.0, "ac": 89.0, "holc": null, "access_min": 23.5, "access_km": 1.88, "score": 51.5, "rank": 253.0, "area_m2": 109669, "street_m": 0, "canopy_m2": 420.0, "row_m2": 0.0, "row_canopy": 0.0, "veg": 0.4, "place": "res", "land": null, "green_src": "canopy", "canopy_source": "usfs-2022", "canopy_year": "2022", "assessed_m2": 109736.64, "coverage_frac": 1.0, "canopy_quality": "full", "scenario_ok": false, "canopy_baseline_ok": true, "ac_src": "lace", "ac_coverage": 1.0, "acs_year": 2024, "access_snap_m": 102.0, "access_quality": "approach-review", "access_src": "routed", "city": "Pittsburg", "city_kind": "city", "inside_frac": 1.0, "rank_lo": 189, "rank_hi": 312, "rank_top_share": 0.0}, "geometry": {"type": "Polygon", "coordinates": [[[-121.85332, 38.01867], [-121.85223, 38.02035], [-121.85349, 38.02186], [-121.85583, 38.02169], [-121.85692, 38.02001], [-121.85566, 38.0185], [-121.85332, 38.01867]]]}}, {"type": "Feature", "properties": {"id": 501, "name": "Vista Diablo Mobile Estates SW 7", "lst": 45.02, "green": 0.24, "pop": 28, "pct65": 13.2, "ac": 94.5, "holc": null, "access_min": 46.6, "access_km": 3.73, "score": 50.1, "rank": 288.0, "area_m2": 109704, "street_m": 0, "canopy_m2": 260.0, "row_m2": 0.0, "row_canopy": 0.0, "veg": 9.0, "place": "res", "land": null, "green_src": "canopy", "canopy_source": "chm-legacy", "canopy_year": "2009-2020", "assessed_m2": 178587.36, "coverage_frac": 1.0, "canopy_quality": "full", "scenario_ok": false, "canopy_baseline_ok": false, "ac_src": "lace", "ac_coverage": 1.0, "acs_year": 2024, "access_snap_m": 76.0, "access_quality": "network-estimate", "access_src": "routed", "city": "Pittsburg", "city_kind": "city", "inside_frac": 0.869, "rank_lo": 208, "rank_hi": 355, "rank_top_share": 0.0}, "geometry": {"type": "Polygon", "coordinates": [[[-121.86549, 37.98259], [-121.86441, 37.98427], [-121.86567, 37.98578], [-121.86801, 37.98561], [-121.8691, 37.98393], [-121.86784, 37.98242], [-121.86549, 37.98259]]]}}, {"type": "Feature", "properties": {"id": 502, "name": "Vista Diablo Mobile Estates SW 5", "lst": 47.05, "green": 1.23, "pop": 9, "pct65": 13.0, "ac": 94.5, "holc": null, "access_min": 57.6, "access_km": 4.61, "score": 45.8, "rank": 397.0, "area_m2": 109710, "street_m": 0, "canopy_m2": 941.0, "row_m2": 0.0, "row_canopy": 0.0, "veg": 8.4, "place": "res", "land": null, "green_src": "canopy", "canopy_source": "usfs-2022", "canopy_year": "2022", "assessed_m2": 76585.68, "coverage_frac": 0.6976554794648105, "canopy_quality": "partial", "scenario_ok": false, "canopy_baseline_ok": false, "ac_src": "lace", "ac_coverage": 1.0, "acs_year": 2024, "access_snap_m": 232.0, "access_quality": "approach-review", "access_src": "routed", "city": "Pittsburg", "city_kind": "city", "inside_frac": 0.269, "rank_lo": 314, "rank_hi": 445, "rank_top_share": 0.0}, "geometry": {"type": "Polygon", "coordinates": [[[-121.85846, 37.98309], [-121.85737, 37.98477], [-121.85863, 37.98628], [-121.86098, 37.98611], [-121.86206, 37.98444], [-121.86081, 37.98293], [-121.85846, 37.98309]]]}}, {"type": "Feature", "properties": {"id": 503, "name": "Vista Diablo Mobile Estates SW 6", "lst": 43.75, "green": 0.0, "pop": 32, "pct65": 13.2, "ac": 94.5, "holc": null, "access_min": 50.6, "access_km": 4.04, "score": 51.1, "rank": 270.0, "area_m2": 109705, "street_m": 0, "canopy_m2": 0.0, "row_m2": 0.0, "row_canopy": 0.0, "veg": 9.2, "place": "res", "land": null, "green_src": "canopy", "canopy_source": "chm-legacy", "canopy_year": "2009-2020", "assessed_m2": 178593.12, "coverage_frac": 1.0, "canopy_quality": "full", "scenario_ok": false, "canopy_baseline_ok": false, "ac_src": "lace", "ac_coverage": 1.0, "acs_year": 2024, "access_snap_m": 390.0, "access_quality": "approach-review", "access_src": "routed", "city": "Pittsburg", "city_kind": "city", "inside_frac": 1.0, "rank_lo": 187, "rank_hi": 332, "rank_top_share": 0.0}, "geometry": {"type": "Polygon", "coordinates": [[[-121.86206, 37.98444], [-121.86098, 37.98611], [-121.86224, 37.98762], [-121.86458, 37.98746], [-121.86567, 37.98578], [-121.86441, 37.98427], [-121.86206, 37.98444]]]}}, {"type": "Feature", "properties": {"id": 504, "name": "Delta Hawaii SE 7", "lst": 47.19, "green": 0.57, "pop": 10, "pct65": 13.0, "ac": 94.5, "holc": null, "access_min": 29.4, "access_km": 2.35, "score": 47.4, "rank": 357.0, "area_m2": 109694, "street_m": 0, "canopy_m2": 0.0, "row_m2": 0.0, "row_canopy": 0.0, "veg": 9.1, "place": "res", "land": null, "green_src": "canopy", "canopy_source": "lidar-2020", "canopy_year": "2020", "assessed_m2": 109693.9, "coverage_frac": 1.0, "canopy_quality": "lidar", "scenario_ok": false, "canopy_baseline_ok": false, "ac_src": "lace", "ac_coverage": 1.0, "acs_year": 2024, "access_snap_m": 327.0, "access_quality": "approach-review", "access_src": "routed", "city": "Pittsburg", "city_kind": "city", "inside_frac": 0.29, "rank_lo": 269, "rank_hi": 417, "rank_top_share": 0.0}, "geometry": {"type": "Polygon", "coordinates": [[[-121.86927, 37.98712], [-121.86818, 37.9888], [-121.86944, 37.99031], [-121.87179, 37.99014], [-121.87287, 37.98846], [-121.87161, 37.98695], [-121.86927, 37.98712]]]}}, {"type": "Feature", "properties": {"id": 505, "name": "Delta Hawaii S 8", "lst": 48.68, "green": 12.87, "pop": 120, "pct65": 12.0, "ac": 93.96, "holc": null, "access_min": 28.1, "access_km": 2.25, "score": 23.9, "rank": 547.0, "area_m2": 109688, "street_m": 329, "canopy_m2": 4410.0, "row_m2": 0.0, "row_canopy": 0.0, "veg": 10.3, "place": "res", "land": null, "green_src": "canopy", "canopy_source": "usfs-2022", "canopy_year": "2022", "assessed_m2": 34257.24, "coverage_frac": 0.3121270401159748, "canopy_quality": "partial", "scenario_ok": true, "canopy_baseline_ok": false, "ac_src": "lace", "ac_coverage": 1.0, "acs_year": 2024, "access_snap_m": 243.0, "access_quality": "approach-review", "access_src": "routed", "city": "Pittsburg", "city_kind": "city", "inside_frac": 0.312, "rank_lo": 532, "rank_hi": 552, "rank_top_share": 0.0}, "geometry": {"type": "Polygon", "coordinates": [[[-121.87287, 37.98846], [-121.87179, 37.99014], [-121.87305, 37.99165], [-121.87539, 37.99148], [-121.87648, 37.9898], [-121.87522, 37.98829], [-121.87287, 37.98846]]]}}, {"type": "Feature", "properties": {"id": 506, "name": "Chateau Mobile Home Park SW 5", "lst": 46.33, "green": 3.65, "pop": 257, "pct65": 12.0, "ac": 94.5, "holc": null, "access_min": 29.6, "access_km": 2.37, "score": 59.2, "rank": 185.0, "area_m2": 109695, "street_m": 425, "canopy_m2": 2455.0, "row_m2": 0.0, "row_canopy": 0.0, "veg": 10.1, "place": "res", "land": null, "green_src": "canopy", "canopy_source": "usfs-2022", "canopy_year": "2022", "assessed_m2": 67185.0, "coverage_frac": 0.6121043997859188, "canopy_quality": "partial", "scenario_ok": true, "canopy_baseline_ok": false, "ac_src": "lace", "ac_coverage": 1.0, "acs_year": 2024, "access_snap_m": 321.0, "access_quality": "approach-review", "access_src": "routed", "city": "Pittsburg", "city_kind": "city", "inside_frac": 1.0, "rank_lo": 105, "rank_hi": 245, "rank_top_share": 0.003}, "geometry": {"type": "Polygon", "coordinates": [[[-121.86584, 37.98896], [-121.86475, 37.99064], [-121.86601, 37.99215], [-121.86836, 37.99198], [-121.86944, 37.99031], [-121.86818, 37.9888], [-121.86584, 37.98896]]]}}, {"type": "Feature", "properties": {"id": 507, "name": "Delta Hawaii SE 6", "lst": 49.0, "green": 11.65, "pop": 369, "pct65": 11.7, "ac": 94.08, "holc": null, "access_min": 25.6, "access_km": 2.05, "score": 39.2, "rank": 480.0, "area_m2": 109690, "street_m": 971, "canopy_m2": 12232.0, "row_m2": 0.0, "row_canopy": 0.0, "veg": 13.4, "place": "res", "land": null, "green_src": "canopy", "canopy_source": "usfs-2022", "canopy_year": "2022", "assessed_m2": 105041.88, "coverage_frac": 0.95705537300014, "canopy_quality": "partial", "scenario_ok": true, "canopy_baseline_ok": false, "ac_src": "lace", "ac_coverage": 1.0, "acs_year": 2024, "access_snap_m": 126.0, "access_quality": "approach-review", "access_src": "routed", "city": "Pittsburg", "city_kind": "city", "inside_frac": 0.957, "rank_lo": 350, "rank_hi": 520, "rank_top_share": 0.0}, "geometry": {"type": "Polygon", "coordinates": [[[-121.86944, 37.99031], [-121.86836, 37.99198], [-121.86961, 37.99349], [-121.87196, 37.99332], [-121.87305, 37.99165], [-121.87179, 37.99014], [-121.86944, 37.99031]]]}}, {"type": "Feature", "properties": {"id": 508, "name": "Kirker Creek Apartment Homes E 8", "lst": 46.06, "green": 0.02, "pop": 10, "pct65": 13.0, "ac": 94.5, "holc": null, "access_min": 33.9, "access_km": 2.71, "score": 48.7, "rank": 323.0, "area_m2": 109698, "street_m": 0, "canopy_m2": 21.0, "row_m2": 0.0, "row_canopy": 0.0, "veg": 8.5, "place": "res", "land": null, "green_src": "canopy", "canopy_source": "chm-legacy", "canopy_year": "2009-2020", "assessed_m2": 178581.6, "coverage_frac": 1.0, "canopy_quality": "full", "scenario_ok": false, "canopy_baseline_ok": false, "ac_src": "lace", "ac_coverage": 1.0, "acs_year": 2024, "access_snap_m": 570.0, "access_quality": "approach-review", "access_src": "routed", "city": "Pittsburg", "city_kind": "city", "inside_frac": 0.324, "rank_lo": 241, "rank_hi": 385, "rank_top_share": 0.0}, "geometry": {"type": "Polygon", "coordinates": [[[-121.8691, 37.98393], [-121.86801, 37.98561], [-121.86927, 37.98712], [-121.87161, 37.98695], [-121.8727, 37.98527], [-121.87144, 37.98376], [-121.8691, 37.98393]]]}}, {"type": "Feature", "properties": {"id": 509, "name": "Chateau Mobile Home Park SW 6", "lst": 44.94, "green": 0.0, "pop": 32, "pct65": 13.2, "ac": 94.5, "holc": null, "access_min": 33.0, "access_km": 2.64, "score": 51.1, "rank": 271.0, "area_m2": 109699, "street_m": 0, "canopy_m2": 0.0, "row_m2": 0.0, "row_canopy": 0.0, "veg": 9.2, "place": "res", "land": null, "green_src": "canopy", "canopy_source": "chm-legacy", "canopy_year": "2009-2020", "assessed_m2": 178594.56, "coverage_frac": 1.0, "canopy_quality": "full", "scenario_ok": false, "canopy_baseline_ok": false, "ac_src": "lace", "ac_coverage": 1.0, "acs_year": 2024, "access_snap_m": 503.0, "access_quality": "approach-review", "access_src": "routed", "city": "Pittsburg", "city_kind": "city", "inside_frac": 1.0, "rank_lo": 188, "rank_hi": 333, "rank_top_share": 0.0}, "geometry": {"type": "Polygon", "coordinates": [[[-121.86567, 37.98578], [-121.86458, 37.98746], [-121.86584, 37.98896], [-121.86818, 37.9888], [-121.86927, 37.98712], [-121.86801, 37.98561], [-121.86567, 37.98578]]]}}, {"type": "Feature", "properties": {"id": 510, "name": "Chateau Mobile Home Park SW 3", "lst": 48.91, "green": 3.32, "pop": 131, "pct65": 12.3, "ac": 94.5, "holc": null, "access_min": 33.5, "access_km": 2.68, "score": 50.4, "rank": 285.0, "area_m2": 109701, "street_m": 340, "canopy_m2": 3439.0, "row_m2": 0.0, "row_canopy": 0.0, "veg": 9.0, "place": "res", "land": null, "green_src": "canopy", "canopy_source": "usfs-2022", "canopy_year": "2022", "assessed_m2": 103614.48, "coverage_frac": 0.9439474102542256, "canopy_quality": "partial", "scenario_ok": true, "canopy_baseline_ok": false, "ac_src": "lace", "ac_coverage": 1.0, "acs_year": 2024, "access_snap_m": 214.0, "access_quality": "approach-review", "access_src": "routed", "city": "Pittsburg", "city_kind": "city", "inside_frac": 0.805, "rank_lo": 211, "rank_hi": 376, "rank_top_share": 0.0}, "geometry": {"type": "Polygon", "coordinates": [[[-121.8588, 37.98947], [-121.85772, 37.99115], [-121.85898, 37.99266], [-121.86132, 37.99249], [-121.86241, 37.99081], [-121.86115, 37.9893], [-121.8588, 37.98947]]]}}, {"type": "Feature", "properties": {"id": 511, "name": "Chateau Mobile Home Park W 8", "lst": 49.02, "green": 5.15, "pop": 395, "pct65": 11.8, "ac": 94.5, "holc": null, "access_min": 28.0, "access_km": 2.24, "score": 64.4, "rank": 126.0, "area_m2": 109696, "street_m": 1945, "canopy_m2": 5658.0, "row_m2": 0.0, "row_canopy": 0.0, "veg": 7.0, "place": "res", "land": null, "green_src": "canopy", "canopy_source": "usfs-2022", "canopy_year": "2022", "assessed_m2": 109766.16, "coverage_frac": 1.0, "canopy_quality": "full", "scenario_ok": true, "canopy_baseline_ok": true, "ac_src": "lace", "ac_coverage": 1.0, "acs_year": 2024, "access_snap_m": 129.0, "access_quality": "approach-review", "access_src": "routed", "city": "Pittsburg", "city_kind": "city", "inside_frac": 1.0, "rank_lo": 49, "rank_hi": 219, "rank_top_share": 0.077}, "geometry": {"type": "Polygon", "coordinates": [[[-121.86241, 37.99081], [-121.86132, 37.99249], [-121.86258, 37.994], [-121.86493, 37.99383], [-121.86601, 37.99215], [-121.86475, 37.99064], [-121.86241, 37.99081]]]}}, {"type": "Feature", "properties": {"id": 512, "name": "Chateau Mobile Home Park SW 2", "lst": 49.82, "green": 0.0, "pop": 32, "pct65": 13.2, "ac": 94.5, "holc": null, "access_min": 35.7, "access_km": 2.86, "score": 51.1, "rank": 272.0, "area_m2": 109702, "street_m": 0, "canopy_m2": 0.0, "row_m2": 0.0, "row_canopy": 0.0, "veg": 5.7, "place": "res", "land": null, "green_src": "canopy", "canopy_source": "usfs-2022", "canopy_year": "2022", "assessed_m2": 109771.56, "coverage_frac": 1.0, "canopy_quality": "full", "scenario_ok": false, "canopy_baseline_ok": true, "ac_src": "lace", "ac_coverage": 1.0, "acs_year": 2024, "access_snap_m": 340.0, "access_quality": "approach-review", "access_src": "routed", "city": "Pittsburg", "city_kind": "city", "inside_frac": 1.0, "rank_lo": 189, "rank_hi": 334, "rank_top_share": 0.0}, "geometry": {"type": "Polygon", "coordinates": [[[-121.85537, 37.99132], [-121.85429, 37.993], [-121.85554, 37.99451], [-121.85789, 37.99434], [-121.85898, 37.99266], [-121.85772, 37.99115], [-121.85537, 37.99132]]]}}, {"type": "Feature", "properties": {"id": 513, "name": "Chateau Mobile Home Park W 5", "lst": 49.73, "green": 2.08, "pop": 164, "pct65": 12.2, "ac": 94.5, "holc": null, "access_min": 29.6, "access_km": 2.37, "score": 56.5, "rank": 208.0, "area_m2": 109697, "street_m": 771, "canopy_m2": 2280.0, "row_m2": 0.0, "row_canopy": 0.0, "veg": 7.2, "place": "res", "land": null, "green_src": "canopy", "canopy_source": "usfs-2022", "canopy_year": "2022", "assessed_m2": 109766.52, "coverage_frac": 1.0, "canopy_quality": "full", "scenario_ok": true, "canopy_baseline_ok": true, "ac_src": "lace", "ac_coverage": 1.0, "acs_year": 2024, "access_snap_m": 185.0, "access_quality": "approach-review", "access_src": "routed", "city": "Pittsburg", "city_kind": "city", "inside_frac": 1.0, "rank_lo": 134, "rank_hi": 260, "rank_top_share": 0.0}, "geometry": {"type": "Polygon", "coordinates": [[[-121.85898, 37.99266], [-121.85789, 37.99434], [-121.85915, 37.99585], [-121.86149, 37.99568], [-121.86258, 37.994], [-121.86132, 37.99249], [-121.85898, 37.99266]]]}}, {"type": "Feature", "properties": {"id": 514, "name": "Vista Diablo Mobile Estates SW 4", "lst": 46.25, "green": 1.58, "pop": 10, "pct65": 13.0, "ac": 94.5, "holc": null, "access_min": 55.7, "access_km": 4.46, "score": 45.1, "rank": 412.0, "area_m2": 109706, "street_m": 0, "canopy_m2": 1193.0, "row_m2": 0.0, "row_canopy": 0.0, "veg": 9.1, "place": "res", "land": null, "green_src": "canopy", "canopy_source": "usfs-2022", "canopy_year": "2022", "assessed_m2": 75471.12, "coverage_frac": 0.6875292593439196, "canopy_quality": "partial", "scenario_ok": false, "canopy_baseline_ok": false, "ac_src": "lace", "ac_coverage": 1.0, "acs_year": 2024, "access_snap_m": 275.0, "access_quality": "approach-review", "access_src": "routed", "city": "Pittsburg", "city_kind": "city", "inside_frac": 0.312, "rank_lo": 335, "rank_hi": 454, "rank_top_share": 0.0}, "geometry": {"type": "Polygon", "coordinates": [[[-121.85863, 37.98628], [-121.85755, 37.98796], [-121.8588, 37.98947], [-121.86115, 37.9893], [-121.86224, 37.98762], [-121.86098, 37.98611], [-121.85863, 37.98628]]]}}, {"type": "Feature", "properties": {"id": 515, "name": "Chateau Mobile Home Park SW 4", "lst": 45.81, "green": 0.36, "pop": 93, "pct65": 12.6, "ac": 94.5, "holc": null, "access_min": 31.8, "access_km": 2.55, "score": 55.3, "rank": 216.0, "area_m2": 109700, "street_m": 29, "canopy_m2": 61.0, "row_m2": 0.0, "row_canopy": 0.0, "veg": 9.8, "place": "res", "land": null, "green_src": "canopy", "canopy_source": "usfs-2022", "canopy_year": "2022", "assessed_m2": 16777.08, "coverage_frac": 0.1528439168587655, "canopy_quality": "partial", "scenario_ok": true, "canopy_baseline_ok": false, "ac_src": "lace", "ac_coverage": 1.0, "acs_year": 2024, "access_snap_m": 216.0, "access_quality": "approach-review", "access_src": "routed", "city": "Pittsburg", "city_kind": "city", "inside_frac": 1.0, "rank_lo": 147, "rank_hi": 262, "rank_top_share": 0.0}, "geometry": {"type": "Polygon", "coordinates": [[[-121.86224, 37.98762], [-121.86115, 37.9893], [-121.86241, 37.99081], [-121.86475, 37.99064], [-121.86584, 37.98896], [-121.86458, 37.98746], [-121.86224, 37.98762]]]}}, {"type": "Feature", "properties": {"id": 516, "name": "Vista Diablo Mobile Estates SW 3", "lst": 48.62, "green": 5.83, "pop": 7, "pct65": 13.0, "ac": 94.5, "holc": null, "access_min": 50.6, "access_km": 4.05, "score": 35.2, "rank": 509.0, "area_m2": 109707, "street_m": 0, "canopy_m2": 6404.0, "row_m2": 0.0, "row_canopy": 0.0, "veg": 11.2, "place": "res", "land": null, "green_src": "canopy", "canopy_source": "usfs-2022", "canopy_year": "2022", "assessed_m2": 109772.28, "coverage_frac": 0.9999968714706596, "canopy_quality": "full", "scenario_ok": false, "canopy_baseline_ok": true, "ac_src": "lace", "ac_coverage": 1.0, "acs_year": 2024, "access_snap_m": 149.0, "access_quality": "approach-review", "access_src": "routed", "city": "Pittsburg", "city_kind": "city", "inside_frac": 0.213, "rank_lo": 464, "rank_hi": 528, "rank_top_share": 0.0}, "geometry": {"type": "Polygon", "coordinates": [[[-121.8552, 37.98813], [-121.85411, 37.98981], [-121.85537, 37.99132], [-121.85772, 37.99115], [-121.8588, 37.98947], [-121.85755, 37.98796], [-121.8552, 37.98813]]]}}, {"type": "Feature", "properties": {"id": 517, "name": "Kirker Creek Apartment Homes E 2", "lst": 48.6, "green": 14.23, "pop": 129, "pct65": 19.2, "ac": 86.56, "holc": null, "access_min": 19.9, "access_km": 1.59, "score": 36.7, "rank": 497.0, "area_m2": 109671, "street_m": 1180, "canopy_m2": 14921.0, "row_m2": 0.0, "row_canopy": 0.0, "veg": 16.2, "place": "res", "land": null, "green_src": "canopy", "canopy_source": "usfs-2022", "canopy_year": "2022", "assessed_m2": 104847.84, "coverage_frac": 0.9554483031450814, "canopy_quality": "partial", "scenario_ok": true, "canopy_baseline_ok": false, "ac_src": "lace", "ac_coverage": 1.0, "acs_year": 2024, "access_snap_m": 94.0, "access_quality": "network-estimate", "access_src": "routed", "city": "Pittsburg", "city_kind": "city", "inside_frac": 0.955, "rank_lo": 468, "rank_hi": 528, "rank_top_share": 0.0}, "geometry": {"type": "Polygon", "coordinates": [[[-121.88711, 37.99063], [-121.88603, 37.99231], [-121.88729, 37.99382], [-121.88963, 37.99365], [-121.89072, 37.99197], [-121.88946, 37.99046], [-121.88711, 37.99063]]]}}, {"type": "Feature", "properties": {"id": 518, "name": "Kirker Creek Apartment Homes E", "lst": 46.26, "green": 22.09, "pop": 130, "pct65": 19.1, "ac": 86.65, "holc": null, "access_min": 2.9, "access_km": 0.24, "score": 15.7, "rank": 562.0, "area_m2": 109666, "street_m": 1511, "canopy_m2": 24240.0, "row_m2": 0.0, "row_canopy": 0.0, "veg": 21.0, "place": "res", "land": null, "green_src": "canopy", "canopy_source": "usfs-2022", "canopy_year": "2022", "assessed_m2": 109734.12, "coverage_frac": 1.0, "canopy_quality": "full", "scenario_ok": true, "canopy_baseline_ok": true, "ac_src": "lace", "ac_coverage": 1.0, "acs_year": 2024, "access_snap_m": 121.0, "access_quality": "approach-review", "access_src": "routed", "city": "Pittsburg", "city_kind": "city", "inside_frac": 1.0, "rank_lo": 556, "rank_hi": 564, "rank_top_share": 0.0}, "geometry": {"type": "Polygon", "coordinates": [[[-121.89072, 37.99197], [-121.88963, 37.99365], [-121.89089, 37.99516], [-121.89323, 37.99499], [-121.89432, 37.99331], [-121.89306, 37.9918], [-121.89072, 37.99197]]]}}, {"type": "Feature", "properties": {"id": 519, "name": "Kirker Creek Apartment Homes E 3", "lst": 48.91, "green": 11.61, "pop": 214, "pct65": 21.3, "ac": 85.62, "holc": null, "access_min": 19.9, "access_km": 1.59, "score": 54.0, "rank": 227.0, "area_m2": 109672, "street_m": 1535, "canopy_m2": 12745.0, "row_m2": 0.0, "row_canopy": 0.0, "veg": 16.2, "place": "res", "land": null, "green_src": "canopy", "canopy_source": "usfs-2022", "canopy_year": "2022", "assessed_m2": 109739.16, "coverage_frac": 1.0, "canopy_quality": "full", "scenario_ok": true, "canopy_baseline_ok": true, "ac_src": "lace", "ac_coverage": 1.0, "acs_year": 2024, "access_snap_m": 142.0, "access_quality": "approach-review", "access_src": "routed", "city": "Pittsburg", "city_kind": "city", "inside_frac": 1.0, "rank_lo": 186, "rank_hi": 433, "rank_top_share": 0.0}, "geometry": {"type": "Polygon", "coordinates": [[[-121.88368, 37.99248], [-121.8826, 37.99416], [-121.88386, 37.99567], [-121.8862, 37.9955], [-121.88729, 37.99382], [-121.88603, 37.99231], [-121.88368, 37.99248]]]}}, {"type": "Feature", "properties": {"id": 520, "name": "Kirker Creek Apartment Homes NE 2", "lst": 48.98, "green": 16.75, "pop": 238, "pct65": 21.7, "ac": 85.46, "holc": null, "access_min": 15.3, "access_km": 1.23, "score": 40.5, "rank": 470.0, "area_m2": 109667, "street_m": 1667, "canopy_m2": 18386.0, "row_m2": 0.0, "row_canopy": 0.0, "veg": 18.9, "place": "res", "land": null, "green_src": "canopy", "canopy_source": "usfs-2022", "canopy_year": "2022", "assessed_m2": 109734.12, "coverage_frac": 1.0, "canopy_quality": "full", "scenario_ok": true, "canopy_baseline_ok": true, "ac_src": "lace", "ac_coverage": 1.0, "acs_year": 2024, "access_snap_m": 41.0, "access_quality": "network-estimate", "access_src": "routed", "city": "Pittsburg", "city_kind": "city", "inside_frac": 1.0, "rank_lo": 393, "rank_hi": 531, "rank_top_share": 0.0}, "geometry": {"type": "Polygon", "coordinates": [[[-121.88729, 37.99382], [-121.8862, 37.9955], [-121.88746, 37.99701], [-121.8898, 37.99684], [-121.89089, 37.99516], [-121.88963, 37.99365], [-121.88729, 37.99382]]]}}, {"type": "Feature", "properties": {"id": 521, "name": "Kirker Creek Apartment Homes SE", "lst": 46.43, "green": 5.66, "pop": 20, "pct65": 13.5, "ac": 92.64, "holc": null, "access_min": 3.8, "access_km": 0.3, "score": 38.7, "rank": 485.0, "area_m2": 109670, "street_m": 140, "canopy_m2": 3130.0, "row_m2": 0.0, "row_canopy": 0.0, "veg": 10.2, "place": "res", "land": null, "green_src": "canopy", "canopy_source": "usfs-2022", "canopy_year": "2022", "assessed_m2": 55319.4, "coverage_frac": 0.5041150057745429, "canopy_quality": "partial", "scenario_ok": true, "canopy_baseline_ok": false, "ac_src": "lace", "ac_coverage": 1.0, "acs_year": 2024, "access_snap_m": 228.0, "access_quality": "approach-review", "access_src": "routed", "city": "Pittsburg", "city_kind": "city", "inside_frac": 0.504, "rank_lo": 440, "rank_hi": 507, "rank_top_share": 0.0}, "geometry": {"type": "Polygon", "coordinates": [[[-121.89054, 37.98878], [-121.88946, 37.99046], [-121.89072, 37.99197], [-121.89306, 37.9918], [-121.89415, 37.99012], [-121.89289, 37.98861], [-121.89054, 37.98878]]]}}, {"type": "Feature", "properties": {"id": 522, "name": "Kirker Creek Apartment Homes E 4", "lst": 49.26, "green": 15.81, "pop": 80, "pct65": 17.9, "ac": 86.4, "holc": null, "access_min": 30.0, "access_km": 2.4, "score": 28.3, "rank": 539.0, "area_m2": 109676, "street_m": 809, "canopy_m2": 9610.0, "row_m2": 0.0, "row_canopy": 0.0, "veg": 13.7, "place": "res", "land": null, "green_src": "canopy", "canopy_source": "usfs-2022", "canopy_year": "2022", "assessed_m2": 60800.76, "coverage_frac": 0.5540325729238846, "canopy_quality": "partial", "scenario_ok": true, "canopy_baseline_ok": false, "ac_src": "lace", "ac_coverage": 1.0, "acs_year": 2024, "access_snap_m": 59.0, "access_quality": "network-estimate", "access_src": "routed", "city": "Pittsburg", "city_kind": "city", "inside_frac": 0.554, "rank_lo": 527, "rank_hi": 547, "rank_top_share": 0.0}, "geometry": {"type": "Polygon", "coordinates": [[[-121.88351, 37.98929], [-121.88242, 37.99097], [-121.88368, 37.99248], [-121.88603, 37.99231], [-121.88711, 37.99063], [-121.88586, 37.98912], [-121.88351, 37.98929]]]}}, {"type": "Feature", "properties": {"id": 523, "name": "Woodland Hills Apartment Homes SE 2", "lst": 47.54, "green": 22.01, "pop": 217, "pct65": 10.6, "ac": 79.27, "holc": null, "access_min": 10.0, "access_km": 0.8, "score": 15.5, "rank": 563.0, "area_m2": 109656, "street_m": 738, "canopy_m2": 24153.0, "row_m2": 0.0, "row_canopy": 0.0, "veg": 17.6, "place": "res", "land": null, "green_src": "canopy", "canopy_source": "usfs-2022", "canopy_year": "2022", "assessed_m2": 109725.84, "coverage_frac": 1.0, "canopy_quality": "full", "scenario_ok": true, "canopy_baseline_ok": true, "ac_src": "lace", "ac_coverage": 1.0, "acs_year": 2024, "access_snap_m": 68.0, "access_quality": "network-estimate", "access_src": "routed", "city": "Pittsburg", "city_kind": "city", "inside_frac": 1.0, "rank_lo": 551, "rank_hi": 564, "rank_top_share": 0.0}, "geometry": {"type": "Polygon", "coordinates": [[[-121.89449, 37.9965], [-121.89341, 37.99818], [-121.89467, 37.99969], [-121.89701, 37.99952], [-121.8981, 37.99784], [-121.89684, 37.99633], [-121.89449, 37.9965]]]}}, {"type": "Feature", "properties": {"id": 524, "name": "Woodland Hills Apartment Homes SE", "lst": 49.04, "green": 18.82, "pop": 479, "pct65": 8.4, "ac": 79.9, "holc": null, "access_min": 13.4, "access_km": 1.07, "score": 31.0, "rank": 531.0, "area_m2": 109650, "street_m": 1681, "canopy_m2": 20651.0, "row_m2": 0.0, "row_canopy": 0.0, "veg": 17.5, "place": "res", "land": null, "green_src": "canopy", "canopy_source": "usfs-2022", "canopy_year": "2022", "assessed_m2": 109716.84, "coverage_frac": 1.0, "canopy_quality": "full", "scenario_ok": true, "canopy_baseline_ok": true, "ac_src": "lace", "ac_coverage": 1.0, "acs_year": 2024, "access_snap_m": 148.0, "access_quality": "approach-review", "access_src": "routed", "city": "Pittsburg", "city_kind": "city", "inside_frac": 1.0, "rank_lo": 424, "rank_hi": 550, "rank_top_share": 0.0}, "geometry": {"type": "Polygon", "coordinates": [[[-121.8981, 37.99784], [-121.89701, 37.99952], [-121.89827, 38.00103], [-121.90061, 38.00086], [-121.9017, 37.99918], [-121.90044, 37.99767], [-121.8981, 37.99784]]]}}, {"type": "Feature", "properties": {"id": 525, "name": "Woodland Hills Apartment Homes E 2", "lst": 47.72, "green": 22.95, "pop": 233, "pct65": 14.1, "ac": 74.8, "holc": null, "access_min": 13.0, "access_km": 1.04, "score": 26.0, "rank": 543.0, "area_m2": 109657, "street_m": 1469, "canopy_m2": 25181.0, "row_m2": 0.0, "row_canopy": 0.0, "veg": 20.0, "place": "res", "land": null, "green_src": "canopy", "canopy_source": "usfs-2022", "canopy_year": "2022", "assessed_m2": 109727.28, "coverage_frac": 1.0, "canopy_quality": "full", "scenario_ok": true, "canopy_baseline_ok": true, "ac_src": "lace", "ac_coverage": 1.0, "acs_year": 2024, "access_snap_m": 91.0, "access_quality": "network-estimate", "access_src": "routed", "city": "Pittsburg", "city_kind": "city", "inside_frac": 1.0, "rank_lo": 500, "rank_hi": 560, "rank_top_share": 0.0}, "geometry": {"type": "Polygon", "coordinates": [[[-121.89106, 37.99835], [-121.88998, 38.00003], [-121.89124, 38.00154], [-121.89358, 38.00137], [-121.89467, 37.99969], [-121.89341, 37.99818], [-121.89106, 37.99835]]]}}, {"type": "Feature", "properties": {"id": 526, "name": "Woodland Hills Apartment Homes E", "lst": 49.14, "green": 19.65, "pop": 353, "pct65": 13.6, "ac": 78.87, "holc": null, "access_min": 14.0, "access_km": 1.12, "score": 32.9, "rank": 522.0, "area_m2": 109651, "street_m": 1533, "canopy_m2": 21556.0, "row_m2": 0.0, "row_canopy": 0.0, "veg": 15.3, "place": "res", "land": null, "green_src": "canopy", "canopy_source": "usfs-2022", "canopy_year": "2022", "assessed_m2": 109714.32, "coverage_frac": 0.9999718998851312, "canopy_quality": "full", "scenario_ok": true, "canopy_baseline_ok": true, "ac_src": "lace", "ac_coverage": 1.0, "acs_year": 2024, "access_snap_m": 51.0, "access_quality": "network-estimate", "access_src": "routed", "city": "Pittsburg", "city_kind": "city", "inside_frac": 1.0, "rank_lo": 432, "rank_hi": 545, "rank_top_share": 0.0}, "geometry": {"type": "Polygon", "coordinates": [[[-121.89467, 37.99969], [-121.89358, 38.00137], [-121.89484, 38.00287], [-121.89718, 38.00271], [-121.89827, 38.00103], [-121.89701, 37.99952], [-121.89467, 37.99969]]]}}, {"type": "Feature", "properties": {"id": 527, "name": "Kirker Creek Apartment Homes", "lst": 45.19, "green": 31.59, "pop": 30, "pct65": 13.3, "ac": 93.76, "holc": null, "access_min": 2.1, "access_km": 0.16, "score": 0.0, "rank": 570.0, "area_m2": 109660, "street_m": 912, "canopy_m2": 34656.0, "row_m2": 0.0, "row_canopy": 0.0, "veg": 23.8, "place": "res", "land": null, "green_src": "canopy", "canopy_source": "usfs-2022", "canopy_year": "2022", "assessed_m2": 109721.52, "coverage_frac": 0.9999593861815632, "canopy_quality": "full", "scenario_ok": true, "canopy_baseline_ok": true, "ac_src": "lace", "ac_coverage": 1.0, "acs_year": 2024, "access_snap_m": 70.0, "access_quality": "network-estimate", "access_src": "routed", "city": "Pittsburg", "city_kind": "city", "inside_frac": 1.0, "rank_lo": 569, "rank_hi": 570, "rank_top_share": 0.0}, "geometry": {"type": "Polygon", "coordinates": [[[-121.89432, 37.99331], [-121.89323, 37.99499], [-121.89449, 37.9965], [-121.89684, 37.99633], [-121.89792, 37.99465], [-121.89666, 37.99314], [-121.89432, 37.99331]]]}}, {"type": "Feature", "properties": {"id": 528, "name": "Woodland Hills Apartment Homes S", "lst": 47.72, "green": 14.79, "pop": 285, "pct65": 8.1, "ac": 79.93, "holc": null, "access_min": 8.1, "access_km": 0.65, "score": 36.6, "rank": 500.0, "area_m2": 109655, "street_m": 918, "canopy_m2": 16231.0, "row_m2": 0.0, "row_canopy": 0.0, "veg": 18.4, "place": "res", "land": null, "green_src": "canopy", "canopy_source": "usfs-2022", "canopy_year": "2022", "assessed_m2": 109719.72, "coverage_frac": 0.999992314162035, "canopy_quality": "full", "scenario_ok": true, "canopy_baseline_ok": true, "ac_src": "lace", "ac_coverage": 1.0, "acs_year": 2024, "access_snap_m": 109.0, "access_quality": "approach-review", "access_src": "routed", "city": "Pittsburg", "city_kind": "city", "inside_frac": 1.0, "rank_lo": 337, "rank_hi": 525, "rank_top_share": 0.0}, "geometry": {"type": "Polygon", "coordinates": [[[-121.89792, 37.99465], [-121.89684, 37.99633], [-121.8981, 37.99784], [-121.90044, 37.99767], [-121.90153, 37.99599], [-121.90027, 37.99448], [-121.89792, 37.99465]]]}}, {"type": "Feature", "properties": {"id": 529, "name": "Kirker Creek Apartment Homes NE", "lst": 44.86, "green": 28.11, "pop": 95, "pct65": 17.1, "ac": 86.6, "holc": null, "access_min": 6.3, "access_km": 0.5, "score": 12.2, "rank": 564.0, "area_m2": 109661, "street_m": 1153, "canopy_m2": 30845.0, "row_m2": 0.0, "row_canopy": 0.0, "veg": 26.0, "place": "res", "land": null, "green_src": "canopy", "canopy_source": "usfs-2022", "canopy_year": "2022", "assessed_m2": 109724.4, "coverage_frac": 0.9999753682215432, "canopy_quality": "full", "scenario_ok": true, "canopy_baseline_ok": true, "ac_src": "lace", "ac_coverage": 1.0, "acs_year": 2024, "access_snap_m": 104.0, "access_quality": "approach-review", "access_src": "routed", "city": "Pittsburg", "city_kind": "city", "inside_frac": 1.0, "rank_lo": 562, "rank_hi": 566, "rank_top_share": 0.0}, "geometry": {"type": "Polygon", "coordinates": [[[-121.89089, 37.99516], [-121.8898, 37.99684], [-121.89106, 37.99835], [-121.89341, 37.99818], [-121.89449, 37.9965], [-121.89323, 37.99499], [-121.89089, 37.99516]]]}}, {"type": "Feature", "properties": {"id": 530, "name": "Delta Hawaii S 6", "lst": 49.95, "green": 14.6, "pop": 254, "pct65": 10.1, "ac": 85.2, "holc": null, "access_min": 21.1, "access_km": 1.69, "score": 32.2, "rank": 525.0, "area_m2": 109679, "street_m": 1516, "canopy_m2": 16019.0, "row_m2": 0.0, "row_canopy": 0.0, "veg": 15.8, "place": "res", "land": null, "green_src": "canopy", "canopy_source": "usfs-2022", "canopy_year": "2022", "assessed_m2": 109737.72, "coverage_frac": 0.9999385766739148, "canopy_quality": "full", "scenario_ok": true, "canopy_baseline_ok": true, "ac_src": "lace", "ac_coverage": 1.0, "acs_year": 2024, "access_snap_m": 52.0, "access_quality": "network-estimate", "access_src": "routed", "city": "Pittsburg", "city_kind": "city", "inside_frac": 1.0, "rank_lo": 461, "rank_hi": 537, "rank_top_share": 0.0}, "geometry": {"type": "Polygon", "coordinates": [[[-121.87665, 37.99299], [-121.87556, 37.99467], [-121.87682, 37.99617], [-121.87917, 37.99601], [-121.88025, 37.99433], [-121.87899, 37.99282], [-121.87665, 37.99299]]]}}, {"type": "Feature", "properties": {"id": 531, "name": "Delta Hawaii S 5", "lst": 48.56, "green": 15.86, "pop": 282, "pct65": 21.9, "ac": 85.23, "holc": null, "access_min": 21.3, "access_km": 1.7, "score": 46.6, "rank": 378.0, "area_m2": 109673, "street_m": 1358, "canopy_m2": 17403.0, "row_m2": 0.0, "row_canopy": 0.0, "veg": 19.4, "place": "res", "land": null, "green_src": "canopy", "canopy_source": "usfs-2022", "canopy_year": "2022", "assessed_m2": 109744.2, "coverage_frac": 1.0, "canopy_quality": "full", "scenario_ok": true, "canopy_baseline_ok": true, "ac_src": "lace", "ac_coverage": 1.0, "acs_year": 2024, "access_snap_m": 141.0, "access_quality": "approach-review", "access_src": "routed", "city": "Pittsburg", "city_kind": "city", "inside_frac": 1.0, "rank_lo": 252, "rank_hi": 512, "rank_top_share": 0.0}, "geometry": {"type": "Polygon", "coordinates": [[[-121.88025, 37.99433], [-121.87917, 37.99601], [-121.88043, 37.99752], [-121.88277, 37.99735], [-121.88386, 37.99567], [-121.8826, 37.99416], [-121.88025, 37.99433]]]}}, {"type": "Feature", "properties": {"id": 532, "name": "Delta Hawaii SE 4", "lst": 49.0, "green": 15.6, "pop": 317, "pct65": 10.8, "ac": 90.34, "holc": null, "access_min": 15.5, "access_km": 1.24, "score": 26.4, "rank": 541.0, "area_m2": 109680, "street_m": 1396, "canopy_m2": 17119.0, "row_m2": 0.0, "row_canopy": 0.0, "veg": 15.7, "place": "res", "land": null, "green_src": "canopy", "canopy_source": "usfs-2022", "canopy_year": "2022", "assessed_m2": 109744.56, "coverage_frac": 0.9999906713532752, "canopy_quality": "full", "scenario_ok": true, "canopy_baseline_ok": true, "ac_src": "lace", "ac_coverage": 1.0, "acs_year": 2024, "access_snap_m": 58.0, "access_quality": "network-estimate", "access_src": "routed", "city": "Pittsburg", "city_kind": "city", "inside_frac": 1.0, "rank_lo": 519, "rank_hi": 548, "rank_top_share": 0.0}, "geometry": {"type": "Polygon", "coordinates": [[[-121.87322, 37.99483], [-121.87213, 37.99651], [-121.87339, 37.99802], [-121.87574, 37.99785], [-121.87682, 37.99617], [-121.87556, 37.99467], [-121.87322, 37.99483]]]}}, {"type": "Feature", "properties": {"id": 533, "name": "Delta Hawaii S 4", "lst": 49.37, "green": 12.36, "pop": 278, "pct65": 14.9, "ac": 77.76, "holc": null, "access_min": 17.1, "access_km": 1.37, "score": 56.7, "rank": 205.0, "area_m2": 109674, "street_m": 1781, "canopy_m2": 13559.0, "row_m2": 0.0, "row_canopy": 0.0, "veg": 13.5, "place": "res", "land": null, "green_src": "canopy", "canopy_source": "usfs-2022", "canopy_year": "2022", "assessed_m2": 109742.4, "coverage_frac": 1.0, "canopy_quality": "full", "scenario_ok": true, "canopy_baseline_ok": true, "ac_src": "lace", "ac_coverage": 1.0, "acs_year": 2024, "access_snap_m": 39.0, "access_quality": "network-estimate", "access_src": "routed", "city": "Pittsburg", "city_kind": "city", "inside_frac": 1.0, "rank_lo": 149, "rank_hi": 408, "rank_top_share": 0.0}, "geometry": {"type": "Polygon", "coordinates": [[[-121.87682, 37.99617], [-121.87574, 37.99785], [-121.87699, 37.99936], [-121.87934, 37.99919], [-121.88043, 37.99752], [-121.87917, 37.99601], [-121.87682, 37.99617]]]}}, {"type": "Feature", "properties": {"id": 534, "name": "Kirker Creek Apartment Homes E 7", "lst": 49.7, "green": 16.5, "pop": 217, "pct65": 11.0, "ac": 87.62, "holc": null, "access_min": 24.5, "access_km": 1.96, "score": 23.1, "rank": 548.0, "area_m2": 109683, "street_m": 1124, "canopy_m2": 14404.0, "row_m2": 0.0, "row_canopy": 0.0, "veg": 15.1, "place": "res", "land": null, "green_src": "canopy", "canopy_source": "usfs-2022", "canopy_year": "2022", "assessed_m2": 87273.72, "coverage_frac": 0.7952138168459725, "canopy_quality": "partial", "scenario_ok": true, "canopy_baseline_ok": false, "ac_src": "lace", "ac_coverage": 1.0, "acs_year": 2024, "access_snap_m": 230.0, "access_quality": "approach-review", "access_src": "routed", "city": "Pittsburg", "city_kind": "city", "inside_frac": 0.795, "rank_lo": 538, "rank_hi": 553, "rank_top_share": 0.0}, "geometry": {"type": "Polygon", "coordinates": [[[-121.87648, 37.9898], [-121.87539, 37.99148], [-121.87665, 37.99299], [-121.87899, 37.99282], [-121.88008, 37.99114], [-121.87882, 37.98963], [-121.87648, 37.9898]]]}}, {"type": "Feature", "properties": {"id": 535, "name": "Kirker Creek Apartment Homes E 5", "lst": 49.11, "green": 12.68, "pop": 263, "pct65": 21.2, "ac": 85.31, "holc": null, "access_min": 25.6, "access_km": 2.04, "score": 54.6, "rank": 221.0, "area_m2": 109678, "street_m": 1398, "canopy_m2": 13910.0, "row_m2": 0.0, "row_canopy": 0.0, "veg": 16.8, "place": "res", "land": null, "green_src": "canopy", "canopy_source": "usfs-2022", "canopy_year": "2022", "assessed_m2": 109744.92, "coverage_frac": 1.0, "canopy_quality": "full", "scenario_ok": true, "canopy_baseline_ok": true, "ac_src": "lace", "ac_coverage": 1.0, "acs_year": 2024, "access_snap_m": 83.0, "access_quality": "network-estimate", "access_src": "routed", "city": "Pittsburg", "city_kind": "city", "inside_frac": 1.0, "rank_lo": 175, "rank_hi": 443, "rank_top_share": 0.0}, "geometry": {"type": "Polygon", "coordinates": [[[-121.88008, 37.99114], [-121.87899, 37.99282], [-121.88025, 37.99433], [-121.8826, 37.99416], [-121.88368, 37.99248], [-121.88242, 37.99097], [-121.88008, 37.99114]]]}}, {"type": "Feature", "properties": {"id": 536, "name": "Delta Hawaii S 7", "lst": 49.75, "green": 10.42, "pop": 255, "pct65": 9.8, "ac": 85.43, "holc": null, "access_min": 22.4, "access_km": 1.79, "score": 44.9, "rank": 416.0, "area_m2": 109684, "street_m": 1539, "canopy_m2": 11439.0, "row_m2": 0.0, "row_canopy": 0.0, "veg": 16.0, "place": "res", "land": null, "green_src": "canopy", "canopy_source": "usfs-2022", "canopy_year": "2022", "assessed_m2": 109755.36, "coverage_frac": 1.0, "canopy_quality": "full", "scenario_ok": true, "canopy_baseline_ok": true, "ac_src": "lace", "ac_coverage": 1.0, "acs_year": 2024, "access_snap_m": 176.0, "access_quality": "approach-review", "access_src": "routed", "city": "Pittsburg", "city_kind": "city", "inside_frac": 1.0, "rank_lo": 229, "rank_hi": 473, "rank_top_share": 0.0}, "geometry": {"type": "Polygon", "coordinates": [[[-121.87305, 37.99165], [-121.87196, 37.99332], [-121.87322, 37.99483], [-121.87556, 37.99467], [-121.87665, 37.99299], [-121.87539, 37.99148], [-121.87305, 37.99165]]]}}, {"type": "Feature", "properties": {"id": 537, "name": "Delta Hawaii SW 2", "lst": 46.39, "green": 13.33, "pop": 254, "pct65": 16.1, "ac": 73.39, "holc": null, "access_min": 15.8, "access_km": 1.27, "score": 58.7, "rank": 191.0, "area_m2": 109663, "street_m": 983, "canopy_m2": 14627.0, "row_m2": 0.0, "row_canopy": 0.0, "veg": 23.8, "place": "res", "land": null, "green_src": "canopy", "canopy_source": "usfs-2022", "canopy_year": "2022", "assessed_m2": 109725.12, "coverage_frac": 0.9999614291247322, "canopy_quality": "full", "scenario_ok": true, "canopy_baseline_ok": true, "ac_src": "lace", "ac_coverage": 1.0, "acs_year": 2024, "access_snap_m": 85.0, "access_quality": "network-estimate", "access_src": "routed", "city": "Pittsburg", "city_kind": "city", "inside_frac": 1.0, "rank_lo": 115, "rank_hi": 408, "rank_top_share": 0.0}, "geometry": {"type": "Polygon", "coordinates": [[[-121.88403, 37.99886], [-121.88294, 38.00053], [-121.8842, 38.00204], [-121.88655, 38.00187], [-121.88763, 38.0002], [-121.88637, 37.99869], [-121.88403, 37.99886]]]}}, {"type": "Feature", "properties": {"id": 538, "name": "Fox Creek Apartments SW", "lst": 47.54, "green": 19.67, "pop": 233, "pct65": 14.1, "ac": 74.8, "holc": null, "access_min": 17.4, "access_km": 1.39, "score": 32.8, "rank": 523.0, "area_m2": 109658, "street_m": 1184, "canopy_m2": 21586.0, "row_m2": 0.0, "row_canopy": 0.0, "veg": 21.6, "place": "res", "land": null, "green_src": "canopy", "canopy_source": "usfs-2022", "canopy_year": "2022", "assessed_m2": 109722.96, "coverage_frac": 0.9999910629100924, "canopy_quality": "full", "scenario_ok": true, "canopy_baseline_ok": true, "ac_src": "lace", "ac_coverage": 1.0, "acs_year": 2024, "access_snap_m": 106.0, "access_quality": "approach-review", "access_src": "routed", "city": "Pittsburg", "city_kind": "city", "inside_frac": 1.0, "rank_lo": 419, "rank_hi": 548, "rank_top_share": 0.0}, "geometry": {"type": "Polygon", "coordinates": [[[-121.88763, 38.0002], [-121.88655, 38.00187], [-121.88781, 38.00338], [-121.89015, 38.00321], [-121.89124, 38.00154], [-121.88998, 38.00003], [-121.88763, 38.0002]]]}}, {"type": "Feature", "properties": {"id": 539, "name": "Delta Hawaii S", "lst": 48.57, "green": 12.66, "pop": 313, "pct65": 20.8, "ac": 71.2, "holc": null, "access_min": 7.4, "access_km": 0.59, "score": 75.5, "rank": 56.0, "area_m2": 109664, "street_m": 1315, "canopy_m2": 13887.0, "row_m2": 0.0, "row_canopy": 0.0, "veg": 14.9, "place": "res", "land": null, "green_src": "canopy", "canopy_source": "usfs-2022", "canopy_year": "2022", "assessed_m2": 109725.12, "coverage_frac": 0.9999511935325216, "canopy_quality": "full", "scenario_ok": true, "canopy_baseline_ok": true, "ac_src": "lace", "ac_coverage": 1.0, "acs_year": 2024, "access_snap_m": 121.0, "access_quality": "approach-review", "access_src": "routed", "city": "Pittsburg", "city_kind": "city", "inside_frac": 1.0, "rank_lo": 19, "rank_hi": 227, "rank_top_share": 0.293}, "geometry": {"type": "Polygon", "coordinates": [[[-121.8806, 38.0007], [-121.87951, 38.00238], [-121.88077, 38.00389], [-121.88312, 38.00372], [-121.8842, 38.00204], [-121.88294, 38.00053], [-121.8806, 38.0007]]]}}, {"type": "Feature", "properties": {"id": 540, "name": "Delta Hawaii SW", "lst": 47.16, "green": 19.32, "pop": 278, "pct65": 18.1, "ac": 72.67, "holc": null, "access_min": 10.4, "access_km": 0.83, "score": 44.7, "rank": 419.0, "area_m2": 109659, "street_m": 996, "canopy_m2": 21201.0, "row_m2": 0.0, "row_canopy": 0.0, "veg": 21.8, "place": "res", "land": null, "green_src": "canopy", "canopy_source": "usfs-2022", "canopy_year": "2022", "assessed_m2": 109724.4, "coverage_frac": 0.9999939461368718, "canopy_quality": "full", "scenario_ok": true, "canopy_baseline_ok": true, "ac_src": "lace", "ac_coverage": 1.0, "acs_year": 2024, "access_snap_m": 141.0, "access_quality": "approach-review", "access_src": "routed", "city": "Pittsburg", "city_kind": "city", "inside_frac": 1.0, "rank_lo": 234, "rank_hi": 521, "rank_top_share": 0.0}, "geometry": {"type": "Polygon", "coordinates": [[[-121.8842, 38.00204], [-121.88312, 38.00372], [-121.88438, 38.00523], [-121.88672, 38.00506], [-121.88781, 38.00338], [-121.88655, 38.00187], [-121.8842, 38.00204]]]}}, {"type": "Feature", "properties": {"id": 541, "name": "Kirker Creek Apartment Homes NE 3", "lst": 47.63, "green": 17.2, "pop": 244, "pct65": 20.3, "ac": 83.49, "holc": null, "access_min": 16.4, "access_km": 1.32, "score": 39.7, "rank": 474.0, "area_m2": 109668, "street_m": 1486, "canopy_m2": 18879.0, "row_m2": 0.0, "row_canopy": 0.0, "veg": 15.8, "place": "res", "land": null, "green_src": "canopy", "canopy_source": "usfs-2022", "canopy_year": "2022", "assessed_m2": 109734.48, "coverage_frac": 1.0, "canopy_quality": "full", "scenario_ok": true, "canopy_baseline_ok": true, "ac_src": "lace", "ac_coverage": 1.0, "acs_year": 2024, "access_snap_m": 169.0, "access_quality": "approach-review", "access_src": "routed", "city": "Pittsburg", "city_kind": "city", "inside_frac": 1.0, "rank_lo": 406, "rank_hi": 528, "rank_top_share": 0.0}, "geometry": {"type": "Polygon", "coordinates": [[[-121.88386, 37.99567], [-121.88277, 37.99735], [-121.88403, 37.99886], [-121.88637, 37.99869], [-121.88746, 37.99701], [-121.8862, 37.9955], [-121.88386, 37.99567]]]}}, {"type": "Feature", "properties": {"id": 542, "name": "Buchanan Park", "lst": 43.15, "green": 34.07, "pop": 234, "pct65": 16.4, "ac": 78.24, "holc": null, "access_min": 12.3, "access_km": 0.99, "score": 25.2, "rank": 545.0, "area_m2": 109662, "street_m": 925, "canopy_m2": 37383.0, "row_m2": 0.0, "row_canopy": 0.0, "veg": 32.5, "place": "res", "land": null, "green_src": "canopy", "canopy_source": "usfs-2022", "canopy_year": "2022", "assessed_m2": 109725.12, "coverage_frac": 0.9999716746083528, "canopy_quality": "full", "scenario_ok": true, "canopy_baseline_ok": true, "ac_src": "lace", "ac_coverage": 1.0, "acs_year": 2024, "access_snap_m": 60.0, "access_quality": "network-estimate", "access_src": "routed", "city": "Pittsburg", "city_kind": "city", "inside_frac": 1.0, "rank_lo": 523, "rank_hi": 560, "rank_top_share": 0.0}, "geometry": {"type": "Polygon", "coordinates": [[[-121.88746, 37.99701], [-121.88637, 37.99869], [-121.88763, 38.0002], [-121.88998, 38.00003], [-121.89106, 37.99835], [-121.8898, 37.99684], [-121.88746, 37.99701]]]}}, {"type": "Feature", "properties": {"id": 543, "name": "Delta Hawaii S 3", "lst": 48.73, "green": 11.13, "pop": 306, "pct65": 20.7, "ac": 72.83, "holc": null, "access_min": 18.0, "access_km": 1.44, "score": 77.9, "rank": 43.0, "area_m2": 109669, "street_m": 1505, "canopy_m2": 12209.0, "row_m2": 0.0, "row_canopy": 0.0, "veg": 13.3, "place": "res", "land": null, "green_src": "canopy", "canopy_source": "usfs-2022", "canopy_year": "2022", "assessed_m2": 109739.16, "coverage_frac": 1.0, "canopy_quality": "full", "scenario_ok": true, "canopy_baseline_ok": true, "ac_src": "lace", "ac_coverage": 1.0, "acs_year": 2024, "access_snap_m": 139.0, "access_quality": "approach-review", "access_src": "routed", "city": "Pittsburg", "city_kind": "city", "inside_frac": 1.0, "rank_lo": 17, "rank_hi": 159, "rank_top_share": 0.4}, "geometry": {"type": "Polygon", "coordinates": [[[-121.88043, 37.99752], [-121.87934, 37.99919], [-121.8806, 38.0007], [-121.88294, 38.00053], [-121.88403, 37.99886], [-121.88277, 37.99735], [-121.88043, 37.99752]]]}}, {"type": "Feature", "properties": {"id": 544, "name": "Kirker Creek Apartment Homes S 3", "lst": 45.06, "green": 0.55, "pop": 0, "pct65": 12.9, "ac": 94.5, "holc": null, "access_min": 8.9, "access_km": 0.71, "score": null, "rank": null, "area_m2": 109673, "street_m": 0, "canopy_m2": 8.0, "row_m2": 0.0, "row_canopy": 0.0, "veg": 10.6, "place": "empty", "land": "grassland", "green_src": "canopy", "canopy_source": "lidar-2020", "canopy_year": "2020", "assessed_m2": 109673.2, "coverage_frac": 1.0, "canopy_quality": "lidar", "scenario_ok": false, "canopy_baseline_ok": false, "ac_src": "lace", "ac_coverage": 1.0, "acs_year": 2024, "access_snap_m": 637.0, "access_quality": "approach-review", "access_src": "routed", "city": "Pittsburg", "city_kind": "city", "inside_frac": 0.012, "rank_lo": null, "rank_hi": null, "rank_top_share": null}, "geometry": {"type": "Polygon", "coordinates": [[[-121.8938, 37.98375], [-121.89272, 37.98543], [-121.89397, 37.98694], [-121.89632, 37.98677], [-121.8974, 37.98509], [-121.89615, 37.98358], [-121.8938, 37.98375]]]}}, {"type": "Feature", "properties": {"id": 545, "name": "Kirker Creek Apartment Homes S 2", "lst": 49.07, "green": 0.57, "pop": 1, "pct65": 12.9, "ac": 94.5, "holc": null, "access_min": 7.0, "access_km": 0.56, "score": 46.5, "rank": 382.0, "area_m2": 109674, "street_m": 0, "canopy_m2": 0.0, "row_m2": 0.0, "row_canopy": 0.0, "veg": 8.7, "place": "res", "land": null, "green_src": "canopy", "canopy_source": "lidar-2020", "canopy_year": "2020", "assessed_m2": 109674.3, "coverage_frac": 1.0, "canopy_quality": "lidar", "scenario_ok": false, "canopy_baseline_ok": false, "ac_src": "lace", "ac_coverage": 1.0, "acs_year": 2024, "access_snap_m": 486.0, "access_quality": "approach-review", "access_src": "routed", "city": "Pittsburg", "city_kind": "city", "inside_frac": 0.023, "rank_lo": 295, "rank_hi": 433, "rank_top_share": 0.0}, "geometry": {"type": "Polygon", "coordinates": [[[-121.89037, 37.9856], [-121.88929, 37.98727], [-121.89054, 37.98878], [-121.89289, 37.98861], [-121.89397, 37.98694], [-121.89272, 37.98543], [-121.89037, 37.9856]]]}}, {"type": "Feature", "properties": {"id": 546, "name": "Woodland Hills Apartment Homes S 5", "lst": 50.88, "green": 0.05, "pop": 12, "pct65": 14.2, "ac": 79.9, "holc": null, "access_min": 5.1, "access_km": 0.41, "score": 62.4, "rank": 151.0, "area_m2": 109663, "street_m": 0, "canopy_m2": 57.0, "row_m2": 0.0, "row_canopy": 0.0, "veg": 8.3, "place": "res", "land": null, "green_src": "canopy", "canopy_source": "usfs-2022", "canopy_year": "2022", "assessed_m2": 109732.68, "coverage_frac": 1.0, "canopy_quality": "full", "scenario_ok": false, "canopy_baseline_ok": true, "ac_src": "lace", "ac_coverage": 1.0, "acs_year": 2024, "access_snap_m": 375.0, "access_quality": "approach-review", "access_src": "routed", "city": "Pittsburg", "city_kind": "city", "inside_frac": 0.931, "rank_lo": 82, "rank_hi": 199, "rank_top_share": 0.0}, "geometry": {"type": "Polygon", "coordinates": [[[-121.89758, 37.98828], [-121.89649, 37.98995], [-121.89775, 37.99146], [-121.90009, 37.99129], [-121.90118, 37.98962], [-121.89992, 37.98811], [-121.89758, 37.98828]]]}}, {"type": "Feature", "properties": {"id": 547, "name": "Woodland Hills Apartment Homes S 4", "lst": 47.72, "green": 0.09, "pop": 12, "pct65": 14.2, "ac": 79.9, "holc": null, "access_min": 14.8, "access_km": 1.18, "score": 62.3, "rank": 152.0, "area_m2": 109658, "street_m": 0, "canopy_m2": 99.0, "row_m2": 0.0, "row_canopy": 0.0, "veg": 8.2, "place": "res", "land": null, "green_src": "canopy", "canopy_source": "usfs-2022", "canopy_year": "2022", "assessed_m2": 109727.64, "coverage_frac": 1.0, "canopy_quality": "full", "scenario_ok": false, "canopy_baseline_ok": true, "ac_src": "lace", "ac_coverage": 1.0, "acs_year": 2024, "access_snap_m": 224.0, "access_quality": "approach-review", "access_src": "routed", "city": "Pittsburg", "city_kind": "city", "inside_frac": 1.0, "rank_lo": 84, "rank_hi": 201, "rank_top_share": 0.0}, "geometry": {"type": "Polygon", "coordinates": [[[-121.90118, 37.98962], [-121.90009, 37.99129], [-121.90135, 37.9928], [-121.9037, 37.99263], [-121.90478, 37.99096], [-121.90352, 37.98945], [-121.90118, 37.98962]]]}}, {"type": "Feature", "properties": {"id": 548, "name": "Kirker Creek Apartment Homes SW", "lst": 46.88, "green": 24.26, "pop": 21, "pct65": 13.4, "ac": 92.32, "holc": null, "access_min": 0.7, "access_km": 0.06, "score": 1.2, "rank": 569.0, "area_m2": 109664, "street_m": 941, "canopy_m2": 25048.0, "row_m2": 0.0, "row_canopy": 0.0, "veg": 20.5, "place": "res", "land": null, "green_src": "canopy", "canopy_source": "usfs-2022", "canopy_year": "2022", "assessed_m2": 103229.64, "coverage_frac": 0.9407581669204474, "canopy_quality": "partial", "scenario_ok": true, "canopy_baseline_ok": false, "ac_src": "lace", "ac_coverage": 1.0, "acs_year": 2024, "access_snap_m": 46.0, "access_quality": "network-estimate", "access_src": "routed", "city": "Pittsburg", "city_kind": "city", "inside_frac": 0.809, "rank_lo": 568, "rank_hi": 569, "rank_top_share": 0.0}, "geometry": {"type": "Polygon", "coordinates": [[[-121.89415, 37.99012], [-121.89306, 37.9918], [-121.89432, 37.99331], [-121.89666, 37.99314], [-121.89775, 37.99146], [-121.89649, 37.98995], [-121.89415, 37.99012]]]}}, {"type": "Feature", "properties": {"id": 549, "name": "Woodland Hills Apartment Homes S 3", "lst": 48.66, "green": 10.7, "pop": 12, "pct65": 14.2, "ac": 79.9, "holc": null, "access_min": 5.1, "access_km": 0.4, "score": 37.9, "rank": 487.0, "area_m2": 109659, "street_m": 839, "canopy_m2": 11738.0, "row_m2": 0.0, "row_canopy": 0.0, "veg": 15.5, "place": "res", "land": null, "green_src": "canopy", "canopy_source": "usfs-2022", "canopy_year": "2022", "assessed_m2": 109731.96, "coverage_frac": 1.0, "canopy_quality": "full", "scenario_ok": true, "canopy_baseline_ok": true, "ac_src": "lace", "ac_coverage": 1.0, "acs_year": 2024, "access_snap_m": 217.0, "access_quality": "approach-review", "access_src": "routed", "city": "Pittsburg", "city_kind": "city", "inside_frac": 1.0, "rank_lo": 440, "rank_hi": 513, "rank_top_share": 0.0}, "geometry": {"type": "Polygon", "coordinates": [[[-121.89775, 37.99146], [-121.89666, 37.99314], [-121.89792, 37.99465], [-121.90027, 37.99448], [-121.90135, 37.9928], [-121.90009, 37.99129], [-121.89775, 37.99146]]]}}, {"type": "Feature", "properties": {"id": 550, "name": "Woodland Hills Apartment Homes S 8", "lst": 49.97, "green": 0.79, "pop": 15, "pct65": 14.0, "ac": 85.67, "holc": null, "access_min": 8.1, "access_km": 0.65, "score": 55.9, "rank": 212.0, "area_m2": 109668, "street_m": 0, "canopy_m2": 868.0, "row_m2": 0.0, "row_canopy": 0.0, "veg": 9.7, "place": "res", "land": null, "green_src": "canopy", "canopy_source": "usfs-2022", "canopy_year": "2022", "assessed_m2": 109641.24, "coverage_frac": 0.9991599836797028, "canopy_quality": "full", "scenario_ok": false, "canopy_baseline_ok": true, "ac_src": "lace", "ac_coverage": 1.0, "acs_year": 2024, "access_snap_m": 617.0, "access_quality": "approach-review", "access_src": "routed", "city": "Pittsburg", "city_kind": "city", "inside_frac": 0.919, "rank_lo": 153, "rank_hi": 252, "rank_top_share": 0.0}, "geometry": {"type": "Polygon", "coordinates": [[[-121.8974, 37.98509], [-121.89632, 37.98677], [-121.89758, 37.98828], [-121.89992, 37.98811], [-121.90101, 37.98643], [-121.89975, 37.98492], [-121.8974, 37.98509]]]}}, {"type": "Feature", "properties": {"id": 551, "name": "Woodland Hills Apartment Homes S 7", "lst": 52.79, "green": 0.01, "pop": 12, "pct65": 14.2, "ac": 79.9, "holc": null, "access_min": 18.8, "access_km": 1.5, "score": 62.5, "rank": 150.0, "area_m2": 109662, "street_m": 0, "canopy_m2": 7.0, "row_m2": 0.0, "row_canopy": 0.0, "veg": 9.5, "place": "res", "land": null, "green_src": "canopy", "canopy_source": "usfs-2022", "canopy_year": "2022", "assessed_m2": 109719.36, "coverage_frac": 0.999921217156819, "canopy_quality": "full", "scenario_ok": false, "canopy_baseline_ok": true, "ac_src": "lace", "ac_coverage": 1.0, "acs_year": 2024, "access_snap_m": 546.0, "access_quality": "approach-review", "access_src": "routed", "city": "Pittsburg", "city_kind": "city", "inside_frac": 1.0, "rank_lo": 81, "rank_hi": 197, "rank_top_share": 0.0}, "geometry": {"type": "Polygon", "coordinates": [[[-121.90101, 37.98643], [-121.89992, 37.98811], [-121.90118, 37.98962], [-121.90352, 37.98945], [-121.90461, 37.98777], [-121.90335, 37.98626], [-121.90101, 37.98643]]]}}, {"type": "Feature", "properties": {"id": 552, "name": "Kirker Creek Apartment Homes S", "lst": 46.18, "green": 3.9, "pop": 0, "pct65": 12.9, "ac": 80.38, "holc": null, "access_min": 4.4, "access_km": 0.35, "score": null, "rank": null, "area_m2": 109669, "street_m": 0, "canopy_m2": 1639.0, "row_m2": 0.0, "row_canopy": 0.0, "veg": 11.5, "place": "empty", "land": "grassland", "green_src": "canopy", "canopy_source": "usfs-2022", "canopy_year": "2022", "assessed_m2": 42012.72, "coverage_frac": 0.3828577355903399, "canopy_quality": "partial", "scenario_ok": false, "canopy_baseline_ok": false, "ac_src": "lace", "ac_coverage": 1.0, "acs_year": 2024, "access_snap_m": 341.0, "access_quality": "approach-review", "access_src": "routed", "city": "Pittsburg", "city_kind": "city", "inside_frac": 0.018, "rank_lo": null, "rank_hi": null, "rank_top_share": null}, "geometry": {"type": "Polygon", "coordinates": [[[-121.89397, 37.98694], [-121.89289, 37.98861], [-121.89415, 37.99012], [-121.89649, 37.98995], [-121.89758, 37.98828], [-121.89632, 37.98677], [-121.89397, 37.98694]]]}}, {"type": "Feature", "properties": {"id": 553, "name": "Kirker Creek Apartment Homes E 6", "lst": 48.19, "green": 12.04, "pop": 4, "pct65": 13.0, "ac": 94.5, "holc": null, "access_min": 29.1, "access_km": 2.33, "score": 20.9, "rank": 552.0, "area_m2": 109682, "street_m": 69, "canopy_m2": 1515.0, "row_m2": 0.0, "row_canopy": 0.0, "veg": 9.8, "place": "res", "land": null, "green_src": "canopy", "canopy_source": "usfs-2022", "canopy_year": "2022", "assessed_m2": 12578.4, "coverage_frac": 0.1146120501030885, "canopy_quality": "partial", "scenario_ok": true, "canopy_baseline_ok": false, "ac_src": "lace", "ac_coverage": 1.0, "acs_year": 2024, "access_snap_m": 235.0, "access_quality": "approach-review", "access_src": "routed", "city": "Pittsburg", "city_kind": "city", "inside_frac": 0.115, "rank_lo": 540, "rank_hi": 558, "rank_top_share": 0.0}, "geometry": {"type": "Polygon", "coordinates": [[[-121.87991, 37.98795], [-121.87882, 37.98963], [-121.88008, 37.99114], [-121.88242, 37.99097], [-121.88351, 37.98929], [-121.88225, 37.98778], [-121.87991, 37.98795]]]}}, {"type": "Feature", "properties": {"id": 554, "name": "Mira Vista Hills", "lst": 47.26, "green": 2.58, "pop": 1, "pct65": 12.8, "ac": 84.85, "holc": null, "access_min": 37.9, "access_km": 3.03, "score": 49.9, "rank": 292.0, "area_m2": 109709, "street_m": 92, "canopy_m2": 2837.0, "row_m2": 0.0, "row_canopy": 0.0, "veg": 8.9, "place": "res", "land": null, "green_src": "canopy", "canopy_source": "usfs-2022", "canopy_year": "2022", "assessed_m2": 109780.56, "coverage_frac": 1.0, "canopy_quality": "full", "scenario_ok": true, "canopy_baseline_ok": true, "ac_src": "lace", "ac_coverage": 1.0, "acs_year": 2024, "access_snap_m": 92.0, "access_quality": "network-estimate", "access_src": "routed", "city": "Pittsburg", "city_kind": "city", "inside_frac": 0.052, "rank_lo": 234, "rank_hi": 369, "rank_top_share": 0.0}, "geometry": {"type": "Polygon", "coordinates": [[[-121.83478, 38.0024], [-121.83369, 38.00408], [-121.83495, 38.00559], [-121.8373, 38.00542], [-121.83838, 38.00374], [-121.83713, 38.00223], [-121.83478, 38.0024]]]}}, {"type": "Feature", "properties": {"id": 555, "name": "Mira Vista Hills NW", "lst": 47.48, "green": 4.82, "pop": 6, "pct65": 12.4, "ac": 88.49, "holc": null, "access_min": 31.0, "access_km": 2.48, "score": 41.8, "rank": 452.0, "area_m2": 109704, "street_m": 571, "canopy_m2": 5287.0, "row_m2": 0.0, "row_canopy": 0.0, "veg": 11.5, "place": "res", "land": null, "green_src": "canopy", "canopy_source": "usfs-2022", "canopy_year": "2022", "assessed_m2": 109771.56, "coverage_frac": 1.0, "canopy_quality": "full", "scenario_ok": true, "canopy_baseline_ok": true, "ac_src": "lace", "ac_coverage": 1.0, "acs_year": 2024, "access_snap_m": 53.0, "access_quality": "network-estimate", "access_src": "routed", "city": "Pittsburg", "city_kind": "city", "inside_frac": 0.5, "rank_lo": 409, "rank_hi": 478, "rank_top_share": 0.0}, "geometry": {"type": "Polygon", "coordinates": [[[-121.83838, 38.00374], [-121.8373, 38.00542], [-121.83856, 38.00693], [-121.8409, 38.00676], [-121.84199, 38.00508], [-121.84073, 38.00357], [-121.83838, 38.00374]]]}}, {"type": "Feature", "properties": {"id": 556, "name": "Mira Vista Hills N", "lst": 47.32, "green": 4.07, "pop": 9, "pct65": 12.1, "ac": 88.33, "holc": null, "access_min": 33.5, "access_km": 2.68, "score": 43.6, "rank": 431.0, "area_m2": 109705, "street_m": 674, "canopy_m2": 4466.0, "row_m2": 0.0, "row_canopy": 0.0, "veg": 4.0, "place": "res", "land": null, "green_src": "canopy", "canopy_source": "usfs-2022", "canopy_year": "2022", "assessed_m2": 109767.24, "coverage_frac": 0.9999680819721338, "canopy_quality": "full", "scenario_ok": true, "canopy_baseline_ok": true, "ac_src": "lace", "ac_coverage": 1.0, "acs_year": 2024, "access_snap_m": 41.0, "access_quality": "network-estimate", "access_src": "routed", "city": "Pittsburg", "city_kind": "city", "inside_frac": 0.833, "rank_lo": 368, "rank_hi": 463, "rank_top_share": 0.0}, "geometry": {"type": "Polygon", "coordinates": [[[-121.83495, 38.00559], [-121.83386, 38.00726], [-121.83512, 38.00877], [-121.83747, 38.00861], [-121.83856, 38.00693], [-121.8373, 38.00542], [-121.83495, 38.00559]]]}}, {"type": "Feature", "properties": {"id": 557, "name": "Vista Diablo Mobile Estates SW", "lst": 49.72, "green": 0.0, "pop": 14, "pct65": 13.1, "ac": 94.5, "holc": null, "access_min": 39.3, "access_km": 3.14, "score": 49.2, "rank": 308.0, "area_m2": 109709, "street_m": 0, "canopy_m2": 0.0, "row_m2": 0.0, "row_canopy": 0.0, "veg": 5.5, "place": "res", "land": null, "green_src": "canopy", "canopy_source": "usfs-2022", "canopy_year": "2022", "assessed_m2": 109774.44, "coverage_frac": 0.999996159941045, "canopy_quality": "full", "scenario_ok": false, "canopy_baseline_ok": true, "ac_src": "lace", "ac_coverage": 1.0, "acs_year": 2024, "access_snap_m": 320.0, "access_quality": "approach-review", "access_src": "routed", "city": "Pittsburg", "city_kind": "city", "inside_frac": 0.433, "rank_lo": 232, "rank_hi": 370, "rank_top_share": 0.0}, "geometry": {"type": "Polygon", "coordinates": [[[-121.84834, 37.99182], [-121.84725, 37.9935], [-121.84851, 37.99501], [-121.85085, 37.99484], [-121.85194, 37.99316], [-121.85068, 37.99166], [-121.84834, 37.99182]]]}}, {"type": "Feature", "properties": {"id": 558, "name": "Chateau Mobile Home Park SW", "lst": 50.19, "green": 3.71, "pop": 32, "pct65": 13.2, "ac": 94.5, "holc": null, "access_min": 35.3, "access_km": 2.82, "score": 42.3, "rank": 447.0, "area_m2": 109704, "street_m": 0, "canopy_m2": 4071.0, "row_m2": 0.0, "row_canopy": 0.0, "veg": 7.7, "place": "res", "land": null, "green_src": "canopy", "canopy_source": "usfs-2022", "canopy_year": "2022", "assessed_m2": 109773.36, "coverage_frac": 1.0, "canopy_quality": "full", "scenario_ok": false, "canopy_baseline_ok": true, "ac_src": "lace", "ac_coverage": 1.0, "acs_year": 2024, "access_snap_m": 390.0, "access_quality": "approach-review", "access_src": "routed", "city": "Pittsburg", "city_kind": "city", "inside_frac": 1.0, "rank_lo": 397, "rank_hi": 484, "rank_top_share": 0.0}, "geometry": {"type": "Polygon", "coordinates": [[[-121.85194, 37.99316], [-121.85085, 37.99484], [-121.85211, 37.99635], [-121.85446, 37.99618], [-121.85554, 37.99451], [-121.85429, 37.993], [-121.85194, 37.99316]]]}}, {"type": "Feature", "properties": {"id": 559, "name": "Vista Diablo Mobile Estates", "lst": 46.43, "green": 12.13, "pop": 1, "pct65": 12.9, "ac": 94.5, "holc": null, "access_min": 35.5, "access_km": 2.84, "score": 20.5, "rank": 554.0, "area_m2": 109710, "street_m": 0, "canopy_m2": 13312.0, "row_m2": 0.0, "row_canopy": 0.0, "veg": 8.9, "place": "res", "land": null, "green_src": "canopy", "canopy_source": "usfs-2022", "canopy_year": "2022", "assessed_m2": 109778.76, "coverage_frac": 1.0, "canopy_quality": "full", "scenario_ok": false, "canopy_baseline_ok": true, "ac_src": "lace", "ac_coverage": 1.0, "acs_year": 2024, "access_snap_m": 105.0, "access_quality": "approach-review", "access_src": "routed", "city": "Pittsburg", "city_kind": "city", "inside_frac": 0.017, "rank_lo": 541, "rank_hi": 559, "rank_top_share": 0.0}, "geometry": {"type": "Polygon", "coordinates": [[[-121.84491, 37.99367], [-121.84382, 37.99535], [-121.84508, 37.99686], [-121.84742, 37.99669], [-121.84851, 37.99501], [-121.84725, 37.9935], [-121.84491, 37.99367]]]}}, {"type": "Feature", "properties": {"id": 560, "name": "Chateau Mobile Home Park", "lst": 48.1, "green": 2.49, "pop": 16, "pct65": 13.1, "ac": 94.5, "holc": null, "access_min": 37.8, "access_km": 3.03, "score": 43.7, "rank": 428.0, "area_m2": 109705, "street_m": 14, "canopy_m2": 2728.0, "row_m2": 0.0, "row_canopy": 0.0, "veg": 6.1, "place": "res", "land": null, "green_src": "canopy", "canopy_source": "usfs-2022", "canopy_year": "2022", "assessed_m2": 109764.36, "coverage_frac": 0.9999433937141448, "canopy_quality": "full", "scenario_ok": true, "canopy_baseline_ok": true, "ac_src": "lace", "ac_coverage": 1.0, "acs_year": 2024, "access_snap_m": 175.0, "access_quality": "approach-review", "access_src": "routed", "city": "Pittsburg", "city_kind": "city", "inside_frac": 0.514, "rank_lo": 369, "rank_hi": 472, "rank_top_share": 0.0}, "geometry": {"type": "Polygon", "coordinates": [[[-121.84851, 37.99501], [-121.84742, 37.99669], [-121.84868, 37.9982], [-121.85103, 37.99803], [-121.85211, 37.99635], [-121.85085, 37.99484], [-121.84851, 37.99501]]]}}, {"type": "Feature", "properties": {"id": 561, "name": "Vista Diablo Mobile Estates SW 2", "lst": 49.24, "green": 2.88, "pop": 25, "pct65": 13.2, "ac": 94.5, "holc": null, "access_min": 47.6, "access_km": 3.81, "score": 43.6, "rank": 430.0, "area_m2": 109708, "street_m": 0, "canopy_m2": 3156.0, "row_m2": 0.0, "row_canopy": 0.0, "veg": 9.1, "place": "res", "land": null, "green_src": "canopy", "canopy_source": "usfs-2022", "canopy_year": "2022", "assessed_m2": 109767.24, "coverage_frac": 0.9999407598184012, "canopy_quality": "full", "scenario_ok": false, "canopy_baseline_ok": true, "ac_src": "lace", "ac_coverage": 1.0, "acs_year": 2024, "access_snap_m": 198.0, "access_quality": "approach-review", "access_src": "routed", "city": "Pittsburg", "city_kind": "city", "inside_frac": 0.781, "rank_lo": 377, "rank_hi": 471, "rank_top_share": 0.0}, "geometry": {"type": "Polygon", "coordinates": [[[-121.85177, 37.98998], [-121.85068, 37.99166], [-121.85194, 37.99316], [-121.85429, 37.993], [-121.85537, 37.99132], [-121.85411, 37.98981], [-121.85177, 37.98998]]]}}, {"type": "Feature", "properties": {"id": 562, "name": "Bella Vista Mobile Home Park N 5", "lst": 22.61, "green": 0.0, "pop": 0, "pct65": 12.9, "ac": 65.05, "holc": null, "access_min": 65.8, "access_km": 5.26, "score": null, "rank": null, "area_m2": 109572, "street_m": 0, "canopy_m2": 0.0, "row_m2": 0.0, "row_canopy": 0.0, "veg": 0.0, "place": "empty", "land": "open water", "green_src": "canopy", "canopy_source": "chm-legacy", "canopy_year": "2009-2020", "assessed_m2": 178725.6, "coverage_frac": 1.0, "canopy_quality": "full", "scenario_ok": false, "canopy_baseline_ok": false, "ac_src": "income-model", "ac_coverage": null, "acs_year": 2024, "access_snap_m": 1728.0, "access_quality": "approach-review", "access_src": "routed", "city": "Pittsburg", "city_kind": "city", "inside_frac": 0.198, "rank_lo": null, "rank_hi": null, "rank_top_share": null}, "geometry": {"type": "Polygon", "coordinates": [[[-121.91477, 38.04462], [-121.91368, 38.0463], [-121.91494, 38.04781], [-121.91729, 38.04764], [-121.91838, 38.04596], [-121.91712, 38.04445], [-121.91477, 38.04462]]]}}, {"type": "Feature", "properties": {"id": 563, "name": "Bella Vista Mobile Home Park N 4", "lst": 23.82, "green": 0.0, "pop": 0, "pct65": 12.9, "ac": 65.05, "holc": null, "access_min": 60.5, "access_km": 4.84, "score": null, "rank": null, "area_m2": 109576, "street_m": 0, "canopy_m2": 0.0, "row_m2": 0.0, "row_canopy": 0.0, "veg": 0.0, "place": "empty", "land": "open water", "green_src": "canopy", "canopy_source": "chm-legacy", "canopy_year": "2009-2020", "assessed_m2": 178727.04, "coverage_frac": 1.0, "canopy_quality": "full", "scenario_ok": false, "canopy_baseline_ok": false, "ac_src": "income-model", "ac_coverage": null, "acs_year": 2024, "access_snap_m": 1490.0, "access_quality": "approach-review", "access_src": "routed", "city": "Pittsburg", "city_kind": "city", "inside_frac": 1.0, "rank_lo": null, "rank_hi": null, "rank_top_share": null}, "geometry": {"type": "Polygon", "coordinates": [[[-121.9146, 38.04144], [-121.91351, 38.04312], [-121.91477, 38.04462], [-121.91712, 38.04445], [-121.9182, 38.04278], [-121.91694, 38.04127], [-121.9146, 38.04144]]]}}, {"type": "Feature", "properties": {"id": 564, "name": "California Seasons NE 7", "lst": 22.84, "green": 0.0, "pop": 0, "pct65": 12.9, "ac": 65.05, "holc": null, "access_min": 62.8, "access_km": 5.03, "score": null, "rank": null, "area_m2": 109571, "street_m": 0, "canopy_m2": 0.0, "row_m2": 0.0, "row_canopy": 0.0, "veg": 0.0, "place": "empty", "land": "open water", "green_src": "canopy", "canopy_source": "chm-legacy", "canopy_year": "2009-2020", "assessed_m2": 178722.72, "coverage_frac": 1.0, "canopy_quality": "full", "scenario_ok": false, "canopy_baseline_ok": false, "ac_src": "income-model", "ac_coverage": null, "acs_year": 2024, "access_snap_m": 1673.0, "access_quality": "approach-review", "access_src": "routed", "city": "Pittsburg", "city_kind": "city", "inside_frac": 0.941, "rank_lo": null, "rank_hi": null, "rank_top_share": null}, "geometry": {"type": "Polygon", "coordinates": [[[-121.9182, 38.04278], [-121.91712, 38.04445], [-121.91838, 38.04596], [-121.92072, 38.04579], [-121.92181, 38.04411], [-121.92055, 38.04261], [-121.9182, 38.04278]]]}}, {"type": "Feature", "properties": {"id": 565, "name": "River View Mobile Home Park N 3", "lst": 22.7, "green": 0.0, "pop": 0, "pct65": 12.9, "ac": 65.05, "holc": null, "access_min": 61.5, "access_km": 4.92, "score": null, "rank": null, "area_m2": 109577, "street_m": 0, "canopy_m2": 0.0, "row_m2": 0.0, "row_canopy": 0.0, "veg": 0.0, "place": "empty", "land": "open water", "green_src": "canopy", "canopy_source": "chm-legacy", "canopy_year": "2009-2020", "assessed_m2": 178735.68, "coverage_frac": 1.0, "canopy_quality": "full", "scenario_ok": false, "canopy_baseline_ok": false, "ac_src": "income-model", "ac_coverage": null, "acs_year": 2024, "access_snap_m": 1382.0, "access_quality": "approach-review", "access_src": "routed", "city": "Pittsburg", "city_kind": "city", "inside_frac": 0.606, "rank_lo": null, "rank_hi": null, "rank_top_share": null}, "geometry": {"type": "Polygon", "coordinates": [[[-121.91117, 38.04329], [-121.91008, 38.04496], [-121.91134, 38.04647], [-121.91368, 38.0463], [-121.91477, 38.04462], [-121.91351, 38.04312], [-121.91117, 38.04329]]]}}, {"type": "Feature", "properties": {"id": 566, "name": "Beacon Villa NW 14", "lst": 22.63, "green": 0.0, "pop": 0, "pct65": 12.9, "ac": 65.05, "holc": null, "access_min": 55.8, "access_km": 4.47, "score": null, "rank": null, "area_m2": 109584, "street_m": 0, "canopy_m2": 0.0, "row_m2": 0.0, "row_canopy": 0.0, "veg": 0.0, "place": "empty", "land": "open water", "green_src": "canopy", "canopy_source": "chm-legacy", "canopy_year": "2009-2020", "assessed_m2": 178751.52, "coverage_frac": 1.0, "canopy_quality": "full", "scenario_ok": false, "canopy_baseline_ok": false, "ac_src": "income-model", "ac_coverage": null, "acs_year": 2024, "access_snap_m": 1165.0, "access_quality": "approach-review", "access_src": "routed", "city": "Pittsburg", "city_kind": "city", "inside_frac": 0.453, "rank_lo": null, "rank_hi": null, "rank_top_share": null}, "geometry": {"type": "Polygon", "coordinates": [[[-121.90413, 38.0438], [-121.90304, 38.04547], [-121.9043, 38.04698], [-121.90665, 38.04681], [-121.90773, 38.04513], [-121.90647, 38.04363], [-121.90413, 38.0438]]]}}, {"type": "Feature", "properties": {"id": 567, "name": "Bella Vista Mobile Home Park N 3", "lst": 31.75, "green": 0.0, "pop": 0, "pct65": 12.9, "ac": 65.05, "holc": null, "access_min": 54.2, "access_km": 4.33, "score": null, "rank": null, "area_m2": 109579, "street_m": 0, "canopy_m2": 0.0, "row_m2": 0.0, "row_canopy": 0.0, "veg": 25.3, "place": "empty", "land": "wetland", "green_src": "canopy", "canopy_source": "chm-legacy", "canopy_year": "2009-2020", "assessed_m2": 178704.0, "coverage_frac": 1.0, "canopy_quality": "full", "scenario_ok": false, "canopy_baseline_ok": false, "ac_src": "income-model", "ac_coverage": null, "acs_year": 2024, "access_snap_m": 981.0, "access_quality": "approach-review", "access_src": "routed", "city": "Pittsburg", "city_kind": "city", "inside_frac": 1.0, "rank_lo": null, "rank_hi": null, "rank_top_share": null}, "geometry": {"type": "Polygon", "coordinates": [[[-121.91785, 38.0364], [-121.91677, 38.03808], [-121.91803, 38.03959], [-121.92037, 38.03942], [-121.92146, 38.03774], [-121.9202, 38.03623], [-121.91785, 38.0364]]]}}, {"type": "Feature", "properties": {"id": 568, "name": "California Seasons NE 5", "lst": 30.57, "green": 0.0, "pop": 0, "pct65": 12.9, "ac": 65.05, "holc": null, "access_min": 59.4, "access_km": 4.75, "score": null, "rank": null, "area_m2": 109574, "street_m": 0, "canopy_m2": 0.0, "row_m2": 0.0, "row_canopy": 0.0, "veg": 21.7, "place": "empty", "land": "wetland", "green_src": "canopy", "canopy_source": "chm-legacy", "canopy_year": "2009-2020", "assessed_m2": 178698.24, "coverage_frac": 1.0, "canopy_quality": "full", "scenario_ok": false, "canopy_baseline_ok": false, "ac_src": "income-model", "ac_coverage": null, "acs_year": 2024, "access_snap_m": 1213.0, "access_quality": "approach-review", "access_src": "routed", "city": "Pittsburg", "city_kind": "city", "inside_frac": 1.0, "rank_lo": null, "rank_hi": null, "rank_top_share": null}, "geometry": {"type": "Polygon", "coordinates": [[[-121.92146, 38.03774], [-121.92037, 38.03942], [-121.92163, 38.04093], [-121.92398, 38.04076], [-121.92506, 38.03908], [-121.9238, 38.03757], [-121.92146, 38.03774]]]}}, {"type": "Feature", "properties": {"id": 569, "name": "River View Mobile Home Park N 2", "lst": 29.54, "green": 0.0, "pop": 0, "pct65": 12.9, "ac": 65.05, "holc": null, "access_min": 56.1, "access_km": 4.49, "score": null, "rank": null, "area_m2": 109580, "street_m": 0, "canopy_m2": 0.0, "row_m2": 0.0, "row_canopy": 0.0, "veg": 16.8, "place": "empty", "land": "wetland", "green_src": "canopy", "canopy_source": "chm-legacy", "canopy_year": "2009-2020", "assessed_m2": 178706.88, "coverage_frac": 1.0, "canopy_quality": "full", "scenario_ok": false, "canopy_baseline_ok": false, "ac_src": "income-model", "ac_coverage": null, "acs_year": 2024, "access_snap_m": 1137.0, "access_quality": "approach-review", "access_src": "routed", "city": "Pittsburg", "city_kind": "city", "inside_frac": 1.0, "rank_lo": null, "rank_hi": null, "rank_top_share": null}, "geometry": {"type": "Polygon", "coordinates": [[[-121.91442, 38.03825], [-121.91334, 38.03993], [-121.9146, 38.04144], [-121.91694, 38.04127], [-121.91803, 38.03959], [-121.91677, 38.03808], [-121.91442, 38.03825]]]}}, {"type": "Feature", "properties": {"id": 570, "name": "California Seasons NE 6", "lst": 28.47, "green": 0.0, "pop": 0, "pct65": 12.9, "ac": 65.05, "holc": null, "access_min": 58.5, "access_km": 4.68, "score": null, "rank": null, "area_m2": 109575, "street_m": 0, "canopy_m2": 0.0, "row_m2": 0.0, "row_canopy": 0.0, "veg": 16.6, "place": "empty", "land": "wetland", "green_src": "canopy", "canopy_source": "chm-legacy", "canopy_year": "2009-2020", "assessed_m2": 178709.76, "coverage_frac": 1.0, "canopy_quality": "full", "scenario_ok": false, "canopy_baseline_ok": false, "ac_src": "income-model", "ac_coverage": null, "acs_year": 2024, "access_snap_m": 1325.0, "access_quality": "approach-review", "access_src": "routed", "city": "Pittsburg", "city_kind": "city", "inside_frac": 1.0, "rank_lo": null, "rank_hi": null, "rank_top_share": null}, "geometry": {"type": "Polygon", "coordinates": [[[-121.91803, 38.03959], [-121.91694, 38.04127], [-121.9182, 38.04278], [-121.92055, 38.04261], [-121.92163, 38.04093], [-121.92037, 38.03942], [-121.91803, 38.03959]]]}}, {"type": "Feature", "properties": {"id": 571, "name": "Bella Vista Mobile Home Park N 2", "lst": 35.69, "green": 0.0, "pop": 130, "pct65": 14.6, "ac": 80.3, "holc": null, "access_min": 49.7, "access_km": 3.98, "score": 76.4, "rank": 47.0, "area_m2": 109584, "street_m": 0, "canopy_m2": 0.0, "row_m2": 0.0, "row_canopy": 0.0, "veg": 23.0, "place": "res", "land": null, "green_src": "canopy", "canopy_source": "lidar-2020", "canopy_year": "2020", "assessed_m2": 109583.8, "coverage_frac": 1.0, "canopy_quality": "lidar", "scenario_ok": false, "canopy_baseline_ok": false, "ac_src": "lace", "ac_coverage": 1.0, "acs_year": 2024, "access_snap_m": 773.0, "access_quality": "approach-review", "access_src": "routed", "city": "Pittsburg", "city_kind": "city", "inside_frac": 1.0, "rank_lo": 14, "rank_hi": 83, "rank_top_share": 0.687}, "geometry": {"type": "Polygon", "coordinates": [[[-121.91768, 38.03322], [-121.91659, 38.03489], [-121.91785, 38.0364], [-121.9202, 38.03623], [-121.92128, 38.03455], [-121.92002, 38.03305], [-121.91768, 38.03322]]]}}, {"type": "Feature", "properties": {"id": 572, "name": "California Seasons NE 4", "lst": 36.6, "green": 0.0, "pop": 0, "pct65": 12.9, "ac": 65.05, "holc": null, "access_min": 55.0, "access_km": 4.4, "score": null, "rank": null, "area_m2": 109578, "street_m": 0, "canopy_m2": 0.0, "row_m2": 0.0, "row_canopy": 0.0, "veg": 20.3, "place": "empty", "land": "wetland", "green_src": "canopy", "canopy_source": "chm-legacy", "canopy_year": "2009-2020", "assessed_m2": 178698.24, "coverage_frac": 1.0, "canopy_quality": "full", "scenario_ok": false, "canopy_baseline_ok": false, "ac_src": "income-model", "ac_coverage": null, "acs_year": 2024, "access_snap_m": 883.0, "access_quality": "approach-review", "access_src": "routed", "city": "Pittsburg", "city_kind": "city", "inside_frac": 1.0, "rank_lo": null, "rank_hi": null, "rank_top_share": null}, "geometry": {"type": "Polygon", "coordinates": [[[-121.92128, 38.03455], [-121.9202, 38.03623], [-121.92146, 38.03774], [-121.9238, 38.03757], [-121.92489, 38.03589], [-121.92363, 38.03438], [-121.92128, 38.03455]]]}}, {"type": "Feature", "properties": {"id": 573, "name": "River View Mobile Home Park NE 4", "lst": 33.14, "green": 0.0, "pop": 0, "pct65": 12.9, "ac": 65.05, "holc": null, "access_min": 51.7, "access_km": 4.14, "score": null, "rank": null, "area_m2": 109585, "street_m": 0, "canopy_m2": 0.0, "row_m2": 0.0, "row_canopy": 0.0, "veg": 25.1, "place": "empty", "land": "wetland", "green_src": "canopy", "canopy_source": "chm-legacy", "canopy_year": "2009-2020", "assessed_m2": 178709.76, "coverage_frac": 1.0, "canopy_quality": "full", "scenario_ok": false, "canopy_baseline_ok": false, "ac_src": "income-model", "ac_coverage": null, "acs_year": 2024, "access_snap_m": 783.0, "access_quality": "approach-review", "access_src": "routed", "city": "Pittsburg", "city_kind": "city", "inside_frac": 1.0, "rank_lo": null, "rank_hi": null, "rank_top_share": null}, "geometry": {"type": "Polygon", "coordinates": [[[-121.91425, 38.03506], [-121.91316, 38.03674], [-121.91442, 38.03825], [-121.91677, 38.03808], [-121.91785, 38.0364], [-121.91659, 38.03489], [-121.91425, 38.03506]]]}}, {"type": "Feature", "properties": {"id": 574, "name": "California Seasons N 11", "lst": 24.63, "green": 0.0, "pop": 0, "pct65": 12.9, "ac": 65.05, "holc": null, "access_min": 69.0, "access_km": 5.52, "score": null, "rank": null, "area_m2": 109564, "street_m": 0, "canopy_m2": 0.0, "row_m2": 0.0, "row_canopy": 0.0, "veg": 0.0, "place": "empty", "land": "open water", "green_src": "canopy", "canopy_source": "chm-legacy", "canopy_year": "2009-2020", "assessed_m2": 178708.32, "coverage_frac": 1.0, "canopy_quality": "full", "scenario_ok": false, "canopy_baseline_ok": false, "ac_src": "income-model", "ac_coverage": null, "acs_year": 2024, "access_snap_m": 1625.0, "access_quality": "approach-review", "access_src": "routed", "city": "Pittsburg", "city_kind": "city", "inside_frac": 1.0, "rank_lo": null, "rank_hi": null, "rank_top_share": null}, "geometry": {"type": "Polygon", "coordinates": [[[-121.92524, 38.04227], [-121.92415, 38.04394], [-121.92541, 38.04545], [-121.92776, 38.04528], [-121.92884, 38.0436], [-121.92758, 38.04209], [-121.92524, 38.04227]]]}}, {"type": "Feature", "properties": {"id": 575, "name": "California Seasons N 12", "lst": 22.94, "green": 0.0, "pop": 0, "pct65": 12.9, "ac": 65.05, "holc": null, "access_min": 80.9, "access_km": 6.47, "score": null, "rank": null, "area_m2": 109559, "street_m": 0, "canopy_m2": 0.0, "row_m2": 0.0, "row_canopy": 0.0, "veg": 0.0, "place": "empty", "land": "open water", "green_src": "canopy", "canopy_source": "chm-legacy", "canopy_year": "2009-2020", "assessed_m2": 178696.8, "coverage_frac": 1.0, "canopy_quality": "full", "scenario_ok": false, "canopy_baseline_ok": false, "ac_src": "income-model", "ac_coverage": null, "acs_year": 2024, "access_snap_m": 904.0, "access_quality": "approach-review", "access_src": "routed", "city": "Bay Point", "city_kind": "cdp", "inside_frac": 1.0, "rank_lo": null, "rank_hi": null, "rank_top_share": null}, "geometry": {"type": "Polygon", "coordinates": [[[-121.92884, 38.0436], [-121.92776, 38.04528], [-121.92902, 38.04679], [-121.93136, 38.04662], [-121.93245, 38.04494], [-121.93119, 38.04343], [-121.92884, 38.0436]]]}}, {"type": "Feature", "properties": {"id": 576, "name": "California Seasons N 13", "lst": 22.7, "green": 0.0, "pop": 0, "pct65": 12.9, "ac": 65.05, "holc": null, "access_min": 71.9, "access_km": 5.76, "score": null, "rank": null, "area_m2": 109565, "street_m": 0, "canopy_m2": 0.0, "row_m2": 0.0, "row_canopy": 0.0, "veg": 0.0, "place": "empty", "land": "open water", "green_src": "canopy", "canopy_source": "chm-legacy", "canopy_year": "2009-2020", "assessed_m2": 178709.76, "coverage_frac": 1.0, "canopy_quality": "full", "scenario_ok": false, "canopy_baseline_ok": false, "ac_src": "income-model", "ac_coverage": null, "acs_year": 2024, "access_snap_m": 1863.0, "access_quality": "approach-review", "access_src": "routed", "city": "Pittsburg", "city_kind": "city", "inside_frac": 0.66, "rank_lo": null, "rank_hi": null, "rank_top_share": null}, "geometry": {"type": "Polygon", "coordinates": [[[-121.92181, 38.04411], [-121.92072, 38.04579], [-121.92198, 38.0473], [-121.92433, 38.04713], [-121.92541, 38.04545], [-121.92415, 38.04394], [-121.92181, 38.04411]]]}}, {"type": "Feature", "properties": {"id": 577, "name": "California Seasons N 15", "lst": 22.66, "green": 0.0, "pop": 0, "pct65": 12.9, "ac": 65.05, "holc": null, "access_min": 75.7, "access_km": 6.06, "score": null, "rank": null, "area_m2": 109560, "street_m": 0, "canopy_m2": 0.0, "row_m2": 0.0, "row_canopy": 0.0, "veg": 0.0, "place": "empty", "land": "open water", "green_src": "canopy", "canopy_source": "chm-legacy", "canopy_year": "2009-2020", "assessed_m2": 178718.4, "coverage_frac": 1.0, "canopy_quality": "full", "scenario_ok": false, "canopy_baseline_ok": false, "ac_src": "income-model", "ac_coverage": null, "acs_year": 2024, "access_snap_m": 1925.0, "access_quality": "approach-review", "access_src": "routed", "city": "Pittsburg", "city_kind": "city", "inside_frac": 0.4, "rank_lo": null, "rank_hi": null, "rank_top_share": null}, "geometry": {"type": "Polygon", "coordinates": [[[-121.92541, 38.04545], [-121.92433, 38.04713], [-121.92558, 38.04864], [-121.92793, 38.04847], [-121.92902, 38.04679], [-121.92776, 38.04528], [-121.92541, 38.04545]]]}}, {"type": "Feature", "properties": {"id": 578, "name": "California Seasons N 7", "lst": 30.57, "green": 0.0, "pop": 0, "pct65": 12.9, "ac": 65.05, "holc": null, "access_min": 63.8, "access_km": 5.11, "score": null, "rank": null, "area_m2": 109568, "street_m": 0, "canopy_m2": 0.0, "row_m2": 0.0, "row_canopy": 0.0, "veg": 29.2, "place": "empty", "land": "wetland", "green_src": "canopy", "canopy_source": "chm-legacy", "canopy_year": "2009-2020", "assessed_m2": 178696.8, "coverage_frac": 1.0, "canopy_quality": "full", "scenario_ok": false, "canopy_baseline_ok": false, "ac_src": "income-model", "ac_coverage": null, "acs_year": 2024, "access_snap_m": 1296.0, "access_quality": "approach-review", "access_src": "routed", "city": "Pittsburg", "city_kind": "city", "inside_frac": 1.0, "rank_lo": null, "rank_hi": null, "rank_top_share": null}, "geometry": {"type": "Polygon", "coordinates": [[[-121.92506, 38.03908], [-121.92398, 38.04076], [-121.92524, 38.04227], [-121.92758, 38.04209], [-121.92867, 38.04042], [-121.92741, 38.03891], [-121.92506, 38.03908]]]}}, {"type": "Feature", "properties": {"id": 579, "name": "California Seasons N 8", "lst": 29.06, "green": 0.0, "pop": 0, "pct65": 12.9, "ac": 65.05, "holc": null, "access_min": 68.5, "access_km": 5.48, "score": null, "rank": null, "area_m2": 109563, "street_m": 0, "canopy_m2": 0.0, "row_m2": 0.0, "row_canopy": 0.0, "veg": 35.1, "place": "empty", "land": "wetland", "green_src": "canopy", "canopy_source": "chm-legacy", "canopy_year": "2009-2020", "assessed_m2": 178701.12, "coverage_frac": 1.0, "canopy_quality": "full", "scenario_ok": false, "canopy_baseline_ok": false, "ac_src": "income-model", "ac_coverage": null, "acs_year": 2024, "access_snap_m": 1350.0, "access_quality": "approach-review", "access_src": "routed", "city": "Bay Point", "city_kind": "cdp", "inside_frac": 1.0, "rank_lo": null, "rank_hi": null, "rank_top_share": null}, "geometry": {"type": "Polygon", "coordinates": [[[-121.92867, 38.04042], [-121.92758, 38.04209], [-121.92884, 38.0436], [-121.93119, 38.04343], [-121.93227, 38.04175], [-121.93101, 38.04025], [-121.92867, 38.04042]]]}}, {"type": "Feature", "properties": {"id": 580, "name": "California Seasons N 9", "lst": 27.46, "green": 0.0, "pop": 0, "pct65": 12.9, "ac": 65.05, "holc": null, "access_min": 66.7, "access_km": 5.34, "score": null, "rank": null, "area_m2": 109570, "street_m": 0, "canopy_m2": 0.0, "row_m2": 0.0, "row_canopy": 0.0, "veg": 17.3, "place": "empty", "land": "wetland", "green_src": "canopy", "canopy_source": "chm-legacy", "canopy_year": "2009-2020", "assessed_m2": 178716.96, "coverage_frac": 1.0, "canopy_quality": "full", "scenario_ok": false, "canopy_baseline_ok": false, "ac_src": "income-model", "ac_coverage": null, "acs_year": 2024, "access_snap_m": 1529.0, "access_quality": "approach-review", "access_src": "routed", "city": "Pittsburg", "city_kind": "city", "inside_frac": 1.0, "rank_lo": null, "rank_hi": null, "rank_top_share": null}, "geometry": {"type": "Polygon", "coordinates": [[[-121.92163, 38.04093], [-121.92055, 38.04261], [-121.92181, 38.04411], [-121.92415, 38.04394], [-121.92524, 38.04227], [-121.92398, 38.04076], [-121.92163, 38.04093]]]}}, {"type": "Feature", "properties": {"id": 581, "name": "Beacon Villa NW 12", "lst": 25.98, "green": 0.0, "pop": 0, "pct65": 12.9, "ac": 65.05, "holc": null, "access_min": 52.8, "access_km": 4.23, "score": null, "rank": null, "area_m2": 109587, "street_m": 0, "canopy_m2": 0.0, "row_m2": 0.0, "row_canopy": 0.0, "veg": 0.0, "place": "empty", "land": "open water", "green_src": "canopy", "canopy_source": "usfs-2022", "canopy_year": "2022", "assessed_m2": 12292.2, "coverage_frac": 0.1120999343648168, "canopy_quality": "partial", "scenario_ok": false, "canopy_baseline_ok": false, "ac_src": "income-model", "ac_coverage": null, "acs_year": 2024, "access_snap_m": 925.0, "access_quality": "approach-review", "access_src": "routed", "city": "Pittsburg", "city_kind": "city", "inside_frac": 1.0, "rank_lo": null, "rank_hi": null, "rank_top_share": null}, "geometry": {"type": "Polygon", "coordinates": [[[-121.90739, 38.03876], [-121.9063, 38.04044], [-121.90756, 38.04195], [-121.90991, 38.04178], [-121.91099, 38.0401], [-121.90973, 38.03859], [-121.90739, 38.03876]]]}}, {"type": "Feature", "properties": {"id": 582, "name": "River View Mobile Home Park NE 7", "lst": 25.21, "green": 0.0, "pop": 0, "pct65": 12.9, "ac": 65.05, "holc": null, "access_min": 57.2, "access_km": 4.58, "score": null, "rank": null, "area_m2": 109582, "street_m": 0, "canopy_m2": 0.0, "row_m2": 0.0, "row_canopy": 0.0, "veg": 0.0, "place": "empty", "land": "open water", "green_src": "canopy", "canopy_source": "chm-legacy", "canopy_year": "2009-2020", "assessed_m2": 178719.84, "coverage_frac": 1.0, "canopy_quality": "full", "scenario_ok": false, "canopy_baseline_ok": false, "ac_src": "income-model", "ac_coverage": null, "acs_year": 2024, "access_snap_m": 1273.0, "access_quality": "approach-review", "access_src": "routed", "city": "Pittsburg", "city_kind": "city", "inside_frac": 1.0, "rank_lo": null, "rank_hi": null, "rank_top_share": null}, "geometry": {"type": "Polygon", "coordinates": [[[-121.91099, 38.0401], [-121.90991, 38.04178], [-121.91117, 38.04329], [-121.91351, 38.04312], [-121.9146, 38.04144], [-121.91334, 38.03993], [-121.91099, 38.0401]]]}}, {"type": "Feature", "properties": {"id": 583, "name": "Beacon Villa NW 11", "lst": 23.13, "green": 0.0, "pop": 0, "pct65": 12.9, "ac": 65.05, "holc": null, "access_min": 51.9, "access_km": 4.15, "score": null, "rank": null, "area_m2": 109588, "street_m": 0, "canopy_m2": 0.0, "row_m2": 0.0, "row_canopy": 0.0, "veg": 0.0, "place": "empty", "land": "open water", "green_src": "canopy", "canopy_source": "chm-legacy", "canopy_year": "2009-2020", "assessed_m2": 178732.8, "coverage_frac": 1.0, "canopy_quality": "full", "scenario_ok": false, "canopy_baseline_ok": false, "ac_src": "income-model", "ac_coverage": null, "acs_year": 2024, "access_snap_m": 850.0, "access_quality": "approach-review", "access_src": "routed", "city": "Pittsburg", "city_kind": "city", "inside_frac": 1.0, "rank_lo": null, "rank_hi": null, "rank_top_share": null}, "geometry": {"type": "Polygon", "coordinates": [[[-121.90396, 38.04061], [-121.90287, 38.04229], [-121.90413, 38.0438], [-121.90647, 38.04363], [-121.90756, 38.04195], [-121.9063, 38.04044], [-121.90396, 38.04061]]]}}, {"type": "Feature", "properties": {"id": 584, "name": "Beacon Villa NW 13", "lst": 22.88, "green": 0.0, "pop": 0, "pct65": 12.9, "ac": 65.05, "holc": null, "access_min": 55.8, "access_km": 4.47, "score": null, "rank": null, "area_m2": 109583, "street_m": 0, "canopy_m2": 0.0, "row_m2": 0.0, "row_canopy": 0.0, "veg": 0.0, "place": "empty", "land": "open water", "green_src": "canopy", "canopy_source": "chm-legacy", "canopy_year": "2009-2020", "assessed_m2": 178737.12, "coverage_frac": 1.0, "canopy_quality": "full", "scenario_ok": false, "canopy_baseline_ok": false, "ac_src": "income-model", "ac_coverage": null, "acs_year": 2024, "access_snap_m": 1165.0, "access_quality": "approach-review", "access_src": "routed", "city": "Pittsburg", "city_kind": "city", "inside_frac": 0.989, "rank_lo": null, "rank_hi": null, "rank_top_share": null}, "geometry": {"type": "Polygon", "coordinates": [[[-121.90756, 38.04195], [-121.90647, 38.04363], [-121.90773, 38.04513], [-121.91008, 38.04496], [-121.91117, 38.04329], [-121.90991, 38.04178], [-121.90756, 38.04195]]]}}, {"type": "Feature", "properties": {"id": 585, "name": "Beacon Villa NW 10", "lst": 31.87, "green": 0.0, "pop": 130, "pct65": 14.6, "ac": 80.3, "holc": null, "access_min": 51.0, "access_km": 4.08, "score": 76.4, "rank": 48.0, "area_m2": 109591, "street_m": 0, "canopy_m2": 0.0, "row_m2": 0.0, "row_canopy": 0.0, "veg": 13.2, "place": "res", "land": null, "green_src": "canopy", "canopy_source": "chm-legacy", "canopy_year": "2009-2020", "assessed_m2": 178722.72, "coverage_frac": 1.0, "canopy_quality": "full", "scenario_ok": false, "canopy_baseline_ok": false, "ac_src": "lace", "ac_coverage": 1.0, "acs_year": 2024, "access_snap_m": 779.0, "access_quality": "approach-review", "access_src": "routed", "city": "Pittsburg", "city_kind": "city", "inside_frac": 1.0, "rank_lo": 15, "rank_hi": 84, "rank_top_share": 0.67}, "geometry": {"type": "Polygon", "coordinates": [[[-121.90721, 38.03557], [-121.90613, 38.03725], [-121.90739, 38.03876], [-121.90973, 38.03859], [-121.91082, 38.03691], [-121.90956, 38.0354], [-121.90721, 38.03557]]]}}, {"type": "Feature", "properties": {"id": 586, "name": "River View Mobile Home Park NE 6", "lst": 29.97, "green": 0.0, "pop": 130, "pct65": 14.6, "ac": 80.3, "holc": null, "access_min": 54.8, "access_km": 4.39, "score": 76.4, "rank": 49.0, "area_m2": 109586, "street_m": 0, "canopy_m2": 0.0, "row_m2": 0.0, "row_canopy": 0.0, "veg": 9.9, "place": "res", "land": null, "green_src": "canopy", "canopy_source": "chm-legacy", "canopy_year": "2009-2020", "assessed_m2": 178724.16, "coverage_frac": 1.0, "canopy_quality": "full", "scenario_ok": false, "canopy_baseline_ok": false, "ac_src": "lace", "ac_coverage": 1.0, "acs_year": 2024, "access_snap_m": 1036.0, "access_quality": "approach-review", "access_src": "routed", "city": "Pittsburg", "city_kind": "city", "inside_frac": 1.0, "rank_lo": 16, "rank_hi": 85, "rank_top_share": 0.66}, "geometry": {"type": "Polygon", "coordinates": [[[-121.91082, 38.03691], [-121.90973, 38.03859], [-121.91099, 38.0401], [-121.91334, 38.03993], [-121.91442, 38.03825], [-121.91316, 38.03674], [-121.91082, 38.03691]]]}}, {"type": "Feature", "properties": {"id": 587, "name": "Beacon Villa NW 8", "lst": 29.95, "green": 0.0, "pop": 0, "pct65": 12.9, "ac": 65.05, "holc": null, "access_min": 48.5, "access_km": 3.88, "score": null, "rank": null, "area_m2": 109592, "street_m": 0, "canopy_m2": 0.0, "row_m2": 0.0, "row_canopy": 0.0, "veg": 4.1, "place": "empty", "land": "open water", "green_src": "canopy", "canopy_source": "usfs-2022", "canopy_year": "2022", "assessed_m2": 29739.6, "coverage_frac": 0.2711998284159945, "canopy_quality": "partial", "scenario_ok": false, "canopy_baseline_ok": false, "ac_src": "income-model", "ac_coverage": null, "acs_year": 2024, "access_snap_m": 580.0, "access_quality": "approach-review", "access_src": "routed", "city": "Pittsburg", "city_kind": "city", "inside_frac": 1.0, "rank_lo": null, "rank_hi": null, "rank_top_share": null}, "geometry": {"type": "Polygon", "coordinates": [[[-121.90378, 38.03742], [-121.9027, 38.0391], [-121.90396, 38.04061], [-121.9063, 38.04044], [-121.90739, 38.03876], [-121.90613, 38.03725], [-121.90378, 38.03742]]]}}, {"type": "Feature", "properties": {"id": 588, "name": "Broadway Mobil Home Park N 15", "lst": 22.27, "green": 0.0, "pop": 0, "pct65": 12.9, "ac": 65.05, "holc": null, "access_min": 95.8, "access_km": 7.66, "score": null, "rank": null, "area_m2": 109538, "street_m": 0, "canopy_m2": 0.0, "row_m2": 0.0, "row_canopy": 0.0, "veg": 0.0, "place": "empty", "land": "open water", "green_src": "canopy", "canopy_source": "chm-legacy", "canopy_year": "2009-2020", "assessed_m2": 178701.12, "coverage_frac": 1.0, "canopy_quality": "full", "scenario_ok": false, "canopy_baseline_ok": false, "ac_src": "income-model", "ac_coverage": null, "acs_year": 2024, "access_snap_m": 1941.0, "access_quality": "approach-review", "access_src": "routed", "city": "Bay Point", "city_kind": "cdp", "inside_frac": 0.082, "rank_lo": null, "rank_hi": null, "rank_top_share": null}, "geometry": {"type": "Polygon", "coordinates": [[[-121.93983, 38.0508], [-121.93874, 38.05248], [-121.94, 38.05399], [-121.94235, 38.05382], [-121.94343, 38.05214], [-121.94218, 38.05063], [-121.93983, 38.0508]]]}}, {"type": "Feature", "properties": {"id": 589, "name": "Shore Acres NE 27", "lst": 22.19, "green": 0.0, "pop": 0, "pct65": 12.9, "ac": 65.05, "holc": null, "access_min": 97.8, "access_km": 7.83, "score": null, "rank": null, "area_m2": 109532, "street_m": 0, "canopy_m2": 0.0, "row_m2": 0.0, "row_canopy": 0.0, "veg": 0.0, "place": "empty", "land": "open water", "green_src": "canopy", "canopy_source": "chm-legacy", "canopy_year": "2009-2020", "assessed_m2": 178711.2, "coverage_frac": 1.0, "canopy_quality": "full", "scenario_ok": false, "canopy_baseline_ok": false, "ac_src": "income-model", "ac_coverage": null, "acs_year": 2024, "access_snap_m": 1676.0, "access_quality": "approach-review", "access_src": "routed", "city": "Bay Point", "city_kind": "cdp", "inside_frac": 0.064, "rank_lo": null, "rank_hi": null, "rank_top_share": null}, "geometry": {"type": "Polygon", "coordinates": [[[-121.94343, 38.05214], [-121.94235, 38.05382], [-121.94361, 38.05532], [-121.94595, 38.05515], [-121.94704, 38.05347], [-121.94578, 38.05197], [-121.94343, 38.05214]]]}}, {"type": "Feature", "properties": {"id": 590, "name": "Shore Acres NE 24", "lst": 27.49, "green": 0.0, "pop": 0, "pct65": 12.9, "ac": 65.05, "holc": null, "access_min": 89.0, "access_km": 7.12, "score": null, "rank": null, "area_m2": 109541, "street_m": 0, "canopy_m2": 0.0, "row_m2": 0.0, "row_canopy": 0.0, "veg": 29.1, "place": "empty", "land": "wetland", "green_src": "canopy", "canopy_source": "chm-legacy", "canopy_year": "2009-2020", "assessed_m2": 178683.84, "coverage_frac": 1.0, "canopy_quality": "full", "scenario_ok": false, "canopy_baseline_ok": false, "ac_src": "income-model", "ac_coverage": null, "acs_year": 2024, "access_snap_m": 1394.0, "access_quality": "approach-review", "access_src": "routed", "city": "Bay Point", "city_kind": "cdp", "inside_frac": 1.0, "rank_lo": null, "rank_hi": null, "rank_top_share": null}, "geometry": {"type": "Polygon", "coordinates": [[[-121.94309, 38.04577], [-121.942, 38.04744], [-121.94326, 38.04895], [-121.94561, 38.04878], [-121.94669, 38.0471], [-121.94543, 38.0456], [-121.94309, 38.04577]]]}}, {"type": "Feature", "properties": {"id": 591, "name": "Shore Acres NE 21", "lst": 26.51, "green": 0.0, "pop": 0, "pct65": 12.9, "ac": 65.05, "holc": null, "access_min": 92.0, "access_km": 7.36, "score": null, "rank": null, "area_m2": 109536, "street_m": 0, "canopy_m2": 0.0, "row_m2": 0.0, "row_canopy": 0.0, "veg": 25.9, "place": "empty", "land": "wetland", "green_src": "canopy", "canopy_source": "chm-legacy", "canopy_year": "2009-2020", "assessed_m2": 178686.72, "coverage_frac": 1.0, "canopy_quality": "full", "scenario_ok": false, "canopy_baseline_ok": false, "ac_src": "income-model", "ac_coverage": null, "acs_year": 2024, "access_snap_m": 1212.0, "access_quality": "approach-review", "access_src": "routed", "city": "Bay Point", "city_kind": "cdp", "inside_frac": 1.0, "rank_lo": null, "rank_hi": null, "rank_top_share": null}, "geometry": {"type": "Polygon", "coordinates": [[[-121.94669, 38.0471], [-121.94561, 38.04878], [-121.94687, 38.05029], [-121.94921, 38.05012], [-121.95029, 38.04844], [-121.94904, 38.04693], [-121.94669, 38.0471]]]}}, {"type": "Feature", "properties": {"id": 592, "name": "Broadway Mobil Home Park N 13", "lst": 22.53, "green": 0.0, "pop": 0, "pct65": 12.9, "ac": 65.05, "holc": null, "access_min": 91.4, "access_km": 7.31, "score": null, "rank": null, "area_m2": 109542, "street_m": 0, "canopy_m2": 0.0, "row_m2": 0.0, "row_canopy": 0.0, "veg": 0.0, "place": "empty", "land": "open water", "green_src": "canopy", "canopy_source": "chm-legacy", "canopy_year": "2009-2020", "assessed_m2": 178701.12, "coverage_frac": 1.0, "canopy_quality": "full", "scenario_ok": false, "canopy_baseline_ok": false, "ac_src": "income-model", "ac_coverage": null, "acs_year": 2024, "access_snap_m": 1589.0, "access_quality": "approach-review", "access_src": "routed", "city": "Bay Point", "city_kind": "cdp", "inside_frac": 0.988, "rank_lo": null, "rank_hi": null, "rank_top_share": null}, "geometry": {"type": "Polygon", "coordinates": [[[-121.93966, 38.04761], [-121.93857, 38.04929], [-121.93983, 38.0508], [-121.94218, 38.05063], [-121.94326, 38.04895], [-121.942, 38.04744], [-121.93966, 38.04761]]]}}, {"type": "Feature", "properties": {"id": 593, "name": "Shore Acres NE 25", "lst": 22.54, "green": 0.0, "pop": 0, "pct65": 12.9, "ac": 65.05, "holc": null, "access_min": 93.4, "access_km": 7.47, "score": null, "rank": null, "area_m2": 109537, "street_m": 0, "canopy_m2": 0.0, "row_m2": 0.0, "row_canopy": 0.0, "veg": 0.0, "place": "empty", "land": "open water", "green_src": "canopy", "canopy_source": "chm-legacy", "canopy_year": "2009-2020", "assessed_m2": 178699.68, "coverage_frac": 1.0, "canopy_quality": "full", "scenario_ok": false, "canopy_baseline_ok": false, "ac_src": "income-model", "ac_coverage": null, "acs_year": 2024, "access_snap_m": 1324.0, "access_quality": "approach-review", "access_src": "routed", "city": "Bay Point", "city_kind": "cdp", "inside_frac": 0.984, "rank_lo": null, "rank_hi": null, "rank_top_share": null}, "geometry": {"type": "Polygon", "coordinates": [[[-121.94326, 38.04895], [-121.94218, 38.05063], [-121.94343, 38.05214], [-121.94578, 38.05197], [-121.94687, 38.05029], [-121.94561, 38.04878], [-121.94326, 38.04895]]]}}, {"type": "Feature", "properties": {"id": 594, "name": "Broadway Mobil Home Park N 9", "lst": 29.04, "green": 0.0, "pop": 0, "pct65": 12.9, "ac": 65.05, "holc": null, "access_min": 84.6, "access_km": 6.77, "score": null, "rank": null, "area_m2": 109546, "street_m": 0, "canopy_m2": 0.0, "row_m2": 0.0, "row_canopy": 0.0, "veg": 40.0, "place": "empty", "land": "wetland", "green_src": "canopy", "canopy_source": "chm-legacy", "canopy_year": "2009-2020", "assessed_m2": 178675.2, "coverage_frac": 1.0, "canopy_quality": "full", "scenario_ok": false, "canopy_baseline_ok": false, "ac_src": "income-model", "ac_coverage": null, "acs_year": 2024, "access_snap_m": 1043.0, "access_quality": "approach-review", "access_src": "routed", "city": "Bay Point", "city_kind": "cdp", "inside_frac": 1.0, "rank_lo": null, "rank_hi": null, "rank_top_share": null}, "geometry": {"type": "Polygon", "coordinates": [[[-121.94291, 38.04258], [-121.94183, 38.04426], [-121.94309, 38.04577], [-121.94543, 38.0456], [-121.94652, 38.04392], [-121.94526, 38.04241], [-121.94291, 38.04258]]]}}, {"type": "Feature", "properties": {"id": 595, "name": "Shore Acres NE 18", "lst": 29.07, "green": 0.0, "pop": 0, "pct65": 12.9, "ac": 65.05, "holc": null, "access_min": 88.1, "access_km": 7.04, "score": null, "rank": null, "area_m2": 109540, "street_m": 0, "canopy_m2": 0.0, "row_m2": 0.0, "row_canopy": 0.0, "veg": 38.9, "place": "empty", "land": "wetland", "green_src": "canopy", "canopy_source": "chm-legacy", "canopy_year": "2009-2020", "assessed_m2": 178682.4, "coverage_frac": 1.0, "canopy_quality": "full", "scenario_ok": false, "canopy_baseline_ok": false, "ac_src": "income-model", "ac_coverage": null, "acs_year": 2024, "access_snap_m": 894.0, "access_quality": "approach-review", "access_src": "routed", "city": "Bay Point", "city_kind": "cdp", "inside_frac": 1.0, "rank_lo": null, "rank_hi": null, "rank_top_share": null}, "geometry": {"type": "Polygon", "coordinates": [[[-121.94652, 38.04392], [-121.94543, 38.0456], [-121.94669, 38.0471], [-121.94904, 38.04693], [-121.95012, 38.04525], [-121.94886, 38.04375], [-121.94652, 38.04392]]]}}, {"type": "Feature", "properties": {"id": 596, "name": "Broadway Mobil Home Park N 11", "lst": 26.32, "green": 0.0, "pop": 0, "pct65": 12.9, "ac": 65.05, "holc": null, "access_min": 87.0, "access_km": 6.96, "score": null, "rank": null, "area_m2": 109547, "street_m": 0, "canopy_m2": 0.0, "row_m2": 0.0, "row_canopy": 0.0, "veg": 14.8, "place": "empty", "land": "wetland", "green_src": "canopy", "canopy_source": "chm-legacy", "canopy_year": "2009-2020", "assessed_m2": 178689.6, "coverage_frac": 1.0, "canopy_quality": "full", "scenario_ok": false, "canopy_baseline_ok": false, "ac_src": "income-model", "ac_coverage": null, "acs_year": 2024, "access_snap_m": 1237.0, "access_quality": "approach-review", "access_src": "routed", "city": "Bay Point", "city_kind": "cdp", "inside_frac": 1.0, "rank_lo": null, "rank_hi": null, "rank_top_share": null}, "geometry": {"type": "Polygon", "coordinates": [[[-121.93948, 38.04443], [-121.9384, 38.04611], [-121.93966, 38.04761], [-121.942, 38.04744], [-121.94309, 38.04577], [-121.94183, 38.04426], [-121.93948, 38.04443]]]}}, {"type": "Feature", "properties": {"id": 597, "name": "Shore Acres NE 22", "lst": 22.37, "green": 0.0, "pop": 0, "pct65": 12.9, "ac": 65.05, "holc": null, "access_min": 111.6, "access_km": 8.93, "score": null, "rank": null, "area_m2": 109526, "street_m": 0, "canopy_m2": 0.0, "row_m2": 0.0, "row_canopy": 0.0, "veg": 0.0, "place": "empty", "land": "open water", "green_src": "canopy", "canopy_source": "chm-legacy", "canopy_year": "2009-2020", "assessed_m2": 178688.16, "coverage_frac": 1.0, "canopy_quality": "full", "scenario_ok": false, "canopy_baseline_ok": false, "ac_src": "income-model", "ac_coverage": null, "acs_year": 2024, "access_snap_m": 1617.0, "access_quality": "approach-review", "access_src": "routed", "city": "Bay Point", "city_kind": "cdp", "inside_frac": 0.822, "rank_lo": null, "rank_hi": null, "rank_top_share": null}, "geometry": {"type": "Polygon", "coordinates": [[[-121.95047, 38.05163], [-121.94938, 38.0533], [-121.95064, 38.05481], [-121.95299, 38.05464], [-121.95407, 38.05296], [-121.95281, 38.05145], [-121.95047, 38.05163]]]}}, {"type": "Feature", "properties": {"id": 598, "name": "Shore Acres NE 20", "lst": 22.27, "green": 0.0, "pop": 0, "pct65": 12.9, "ac": 65.05, "holc": null, "access_min": 115.7, "access_km": 9.26, "score": null, "rank": null, "area_m2": 109520, "street_m": 0, "canopy_m2": 0.0, "row_m2": 0.0, "row_canopy": 0.0, "veg": 0.0, "place": "empty", "land": "open water", "green_src": "canopy", "canopy_source": "chm-legacy", "canopy_year": "2009-2020", "assessed_m2": 178689.6, "coverage_frac": 1.0, "canopy_quality": "full", "scenario_ok": false, "canopy_baseline_ok": false, "ac_src": "income-model", "ac_coverage": null, "acs_year": 2024, "access_snap_m": 1508.0, "access_quality": "approach-review", "access_src": "routed", "city": "Bay Point", "city_kind": "cdp", "inside_frac": 0.618, "rank_lo": null, "rank_hi": null, "rank_top_share": null}, "geometry": {"type": "Polygon", "coordinates": [[[-121.95407, 38.05296], [-121.95299, 38.05464], [-121.95425, 38.05615], [-121.95659, 38.05598], [-121.95768, 38.0543], [-121.95642, 38.05279], [-121.95407, 38.05296]]]}}, {"type": "Feature", "properties": {"id": 599, "name": "Shore Acres NE 26", "lst": 22.15, "green": 0.0, "pop": 0, "pct65": 12.9, "ac": 65.05, "holc": null, "access_min": 100.5, "access_km": 8.04, "score": null, "rank": null, "area_m2": 109527, "street_m": 0, "canopy_m2": 0.0, "row_m2": 0.0, "row_canopy": 0.0, "veg": 0.0, "place": "empty", "land": "open water", "green_src": "canopy", "canopy_source": "chm-legacy", "canopy_year": "2009-2020", "assessed_m2": 178704.0, "coverage_frac": 1.0, "canopy_quality": "full", "scenario_ok": false, "canopy_baseline_ok": false, "ac_src": "income-model", "ac_coverage": null, "acs_year": 2024, "access_snap_m": 1887.0, "access_quality": "approach-review", "access_src": "routed", "city": "Bay Point", "city_kind": "cdp", "inside_frac": 0.01, "rank_lo": null, "rank_hi": null, "rank_top_share": null}, "geometry": {"type": "Polygon", "coordinates": [[[-121.94704, 38.05347], [-121.94595, 38.05515], [-121.94721, 38.05666], [-121.94956, 38.05649], [-121.95064, 38.05481], [-121.94938, 38.0533], [-121.94704, 38.05347]]]}}, {"type": "Feature", "properties": {"id": 600, "name": "Shore Acres NE 17", "lst": 23.09, "green": 0.0, "pop": 0, "pct65": 12.9, "ac": 65.05, "holc": null, "access_min": 107.2, "access_km": 8.57, "score": null, "rank": null, "area_m2": 109530, "street_m": 0, "canopy_m2": 0.0, "row_m2": 0.0, "row_canopy": 0.0, "veg": 0.0, "place": "empty", "land": "open water", "green_src": "canopy", "canopy_source": "chm-legacy", "canopy_year": "2009-2020", "assessed_m2": 178679.52, "coverage_frac": 1.0, "canopy_quality": "full", "scenario_ok": false, "canopy_baseline_ok": false, "ac_src": "income-model", "ac_coverage": null, "acs_year": 2024, "access_snap_m": 1329.0, "access_quality": "approach-review", "access_src": "routed", "city": "Bay Point", "city_kind": "cdp", "inside_frac": 1.0, "rank_lo": null, "rank_hi": null, "rank_top_share": null}, "geometry": {"type": "Polygon", "coordinates": [[[-121.95029, 38.04844], [-121.94921, 38.05012], [-121.95047, 38.05163], [-121.95281, 38.05145], [-121.9539, 38.04978], [-121.95264, 38.04827], [-121.95029, 38.04844]]]}}, {"type": "Feature", "properties": {"id": 601, "name": "Shore Acres NE 16", "lst": 22.48, "green": 0.0, "pop": 0, "pct65": 12.9, "ac": 65.05, "holc": null, "access_min": 111.6, "access_km": 8.93, "score": null, "rank": null, "area_m2": 109525, "street_m": 0, "canopy_m2": 0.0, "row_m2": 0.0, "row_canopy": 0.0, "veg": 0.0, "place": "empty", "land": "open water", "green_src": "canopy", "canopy_source": "chm-legacy", "canopy_year": "2009-2020", "assessed_m2": 178682.4, "coverage_frac": 1.0, "canopy_quality": "full", "scenario_ok": false, "canopy_baseline_ok": false, "ac_src": "income-model", "ac_coverage": null, "acs_year": 2024, "access_snap_m": 1177.0, "access_quality": "approach-review", "access_src": "routed", "city": "Bay Point", "city_kind": "cdp", "inside_frac": 1.0, "rank_lo": null, "rank_hi": null, "rank_top_share": null}, "geometry": {"type": "Polygon", "coordinates": [[[-121.9539, 38.04978], [-121.95281, 38.05145], [-121.95407, 38.05296], [-121.95642, 38.05279], [-121.9575, 38.05111], [-121.95624, 38.04961], [-121.9539, 38.04978]]]}}, {"type": "Feature", "properties": {"id": 602, "name": "Shore Acres NE 23", "lst": 22.42, "green": 0.0, "pop": 0, "pct65": 12.9, "ac": 65.05, "holc": null, "access_min": 96.2, "access_km": 7.7, "score": null, "rank": null, "area_m2": 109531, "street_m": 0, "canopy_m2": 0.0, "row_m2": 0.0, "row_canopy": 0.0, "veg": 0.0, "place": "empty", "land": "open water", "green_src": "canopy", "canopy_source": "chm-legacy", "canopy_year": "2009-2020", "assessed_m2": 178683.84, "coverage_frac": 1.0, "canopy_quality": "full", "scenario_ok": false, "canopy_baseline_ok": false, "ac_src": "income-model", "ac_coverage": null, "acs_year": 2024, "access_snap_m": 1546.0, "access_quality": "approach-review", "access_src": "routed", "city": "Bay Point", "city_kind": "cdp", "inside_frac": 0.949, "rank_lo": null, "rank_hi": null, "rank_top_share": null}, "geometry": {"type": "Polygon", "coordinates": [[[-121.94687, 38.05029], [-121.94578, 38.05197], [-121.94704, 38.05347], [-121.94938, 38.0533], [-121.95047, 38.05163], [-121.94921, 38.05012], [-121.94687, 38.05029]]]}}, {"type": "Feature", "properties": {"id": 603, "name": "California Seasons N 17", "lst": 22.43, "green": 0.0, "pop": 0, "pct65": 12.9, "ac": 65.05, "holc": null, "access_min": 88.2, "access_km": 7.06, "score": null, "rank": null, "area_m2": 109549, "street_m": 0, "canopy_m2": 0.0, "row_m2": 0.0, "row_canopy": 0.0, "veg": 0.0, "place": "empty", "land": "open water", "green_src": "canopy", "canopy_source": "chm-legacy", "canopy_year": "2009-2020", "assessed_m2": 178714.08, "coverage_frac": 1.0, "canopy_quality": "full", "scenario_ok": false, "canopy_baseline_ok": false, "ac_src": "income-model", "ac_coverage": null, "acs_year": 2024, "access_snap_m": 1487.0, "access_quality": "approach-review", "access_src": "routed", "city": "Bay Point", "city_kind": "cdp", "inside_frac": 0.099, "rank_lo": null, "rank_hi": null, "rank_top_share": null}, "geometry": {"type": "Polygon", "coordinates": [[[-121.93262, 38.04813], [-121.93154, 38.0498], [-121.93279, 38.05131], [-121.93514, 38.05114], [-121.93623, 38.04946], [-121.93497, 38.04796], [-121.93262, 38.04813]]]}}, {"type": "Feature", "properties": {"id": 604, "name": "Broadway Mobil Home Park N 14", "lst": 22.32, "green": 0.0, "pop": 0, "pct65": 12.9, "ac": 65.05, "holc": null, "access_min": 92.4, "access_km": 7.39, "score": null, "rank": null, "area_m2": 109543, "street_m": 0, "canopy_m2": 0.0, "row_m2": 0.0, "row_canopy": 0.0, "veg": 0.0, "place": "empty", "land": "open water", "green_src": "canopy", "canopy_source": "chm-legacy", "canopy_year": "2009-2020", "assessed_m2": 178708.32, "coverage_frac": 1.0, "canopy_quality": "full", "scenario_ok": false, "canopy_baseline_ok": false, "ac_src": "income-model", "ac_coverage": null, "acs_year": 2024, "access_snap_m": 1819.0, "access_quality": "approach-review", "access_src": "routed", "city": "Bay Point", "city_kind": "cdp", "inside_frac": 0.103, "rank_lo": null, "rank_hi": null, "rank_top_share": null}, "geometry": {"type": "Polygon", "coordinates": [[[-121.93623, 38.04946], [-121.93514, 38.05114], [-121.9364, 38.05265], [-121.93874, 38.05248], [-121.93983, 38.0508], [-121.93857, 38.04929], [-121.93623, 38.04946]]]}}, {"type": "Feature", "properties": {"id": 605, "name": "California Seasons N 14", "lst": 22.91, "green": 0.0, "pop": 0, "pct65": 12.9, "ac": 65.05, "holc": null, "access_min": 85.2, "access_km": 6.82, "score": null, "rank": null, "area_m2": 109553, "street_m": 0, "canopy_m2": 0.0, "row_m2": 0.0, "row_canopy": 0.0, "veg": 0.0, "place": "empty", "land": "open water", "green_src": "canopy", "canopy_source": "chm-legacy", "canopy_year": "2009-2020", "assessed_m2": 178701.12, "coverage_frac": 1.0, "canopy_quality": "full", "scenario_ok": false, "canopy_baseline_ok": false, "ac_src": "income-model", "ac_coverage": null, "acs_year": 2024, "access_snap_m": 1247.0, "access_quality": "approach-review", "access_src": "routed", "city": "Bay Point", "city_kind": "cdp", "inside_frac": 1.0, "rank_lo": null, "rank_hi": null, "rank_top_share": null}, "geometry": {"type": "Polygon", "coordinates": [[[-121.93245, 38.04494], [-121.93136, 38.04662], [-121.93262, 38.04813], [-121.93497, 38.04796], [-121.93605, 38.04628], [-121.93479, 38.04477], [-121.93245, 38.04494]]]}}, {"type": "Feature", "properties": {"id": 606, "name": "Broadway Mobil Home Park N 12", "lst": 22.6, "green": 0.0, "pop": 0, "pct65": 12.9, "ac": 65.05, "holc": null, "access_min": 89.5, "access_km": 7.16, "score": null, "rank": null, "area_m2": 109548, "street_m": 0, "canopy_m2": 0.0, "row_m2": 0.0, "row_canopy": 0.0, "veg": 0.0, "place": "empty", "land": "open water", "green_src": "canopy", "canopy_source": "chm-legacy", "canopy_year": "2009-2020", "assessed_m2": 178699.68, "coverage_frac": 1.0, "canopy_quality": "full", "scenario_ok": false, "canopy_baseline_ok": false, "ac_src": "income-model", "ac_coverage": null, "acs_year": 2024, "access_snap_m": 1593.0, "access_quality": "approach-review", "access_src": "routed", "city": "Bay Point", "city_kind": "cdp", "inside_frac": 0.984, "rank_lo": null, "rank_hi": null, "rank_top_share": null}, "geometry": {"type": "Polygon", "coordinates": [[[-121.93605, 38.04628], [-121.93497, 38.04796], [-121.93623, 38.04946], [-121.93857, 38.04929], [-121.93966, 38.04761], [-121.9384, 38.04611], [-121.93605, 38.04628]]]}}, {"type": "Feature", "properties": {"id": 607, "name": "California Seasons N 16", "lst": 22.56, "green": 0.0, "pop": 0, "pct65": 12.9, "ac": 65.05, "holc": null, "access_min": 84.2, "access_km": 6.74, "score": null, "rank": null, "area_m2": 109554, "street_m": 0, "canopy_m2": 0.0, "row_m2": 0.0, "row_canopy": 0.0, "veg": 0.0, "place": "empty", "land": "open water", "green_src": "canopy", "canopy_source": "chm-legacy", "canopy_year": "2009-2020", "assessed_m2": 178718.4, "coverage_frac": 1.0, "canopy_quality": "full", "scenario_ok": false, "canopy_baseline_ok": false, "ac_src": "income-model", "ac_coverage": null, "acs_year": 2024, "access_snap_m": 1166.0, "access_quality": "approach-review", "access_src": "routed", "city": "Bay Point", "city_kind": "cdp", "inside_frac": 0.213, "rank_lo": null, "rank_hi": null, "rank_top_share": null}, "geometry": {"type": "Polygon", "coordinates": [[[-121.92902, 38.04679], [-121.92793, 38.04847], [-121.92919, 38.04997], [-121.93154, 38.0498], [-121.93262, 38.04813], [-121.93136, 38.04662], [-121.92902, 38.04679]]]}}, {"type": "Feature", "properties": {"id": 608, "name": "River View Mobile Home Park SE 2", "lst": 46.07, "green": 11.43, "pop": 367, "pct65": 12.2, "ac": 80.3, "holc": null, "access_min": 28.5, "access_km": 2.28, "score": 59.1, "rank": 186.0, "area_m2": 109602, "street_m": 2342, "canopy_m2": 12534.0, "row_m2": 0.0, "row_canopy": 0.0, "veg": 12.8, "place": "res", "land": null, "green_src": "canopy", "canopy_source": "usfs-2022", "canopy_year": "2022", "assessed_m2": 109667.88, "coverage_frac": 0.9999909034405486, "canopy_quality": "full", "scenario_ok": true, "canopy_baseline_ok": true, "ac_src": "lace", "ac_coverage": 1.0, "acs_year": 2024, "access_snap_m": 64.0, "access_quality": "network-estimate", "access_src": "routed", "city": "Pittsburg", "city_kind": "city", "inside_frac": 1.0, "rank_lo": 109, "rank_hi": 359, "rank_top_share": 0.003}, "geometry": {"type": "Polygon", "coordinates": [[[-121.91355, 38.02232], [-121.91247, 38.024], [-121.91373, 38.02551], [-121.91607, 38.02534], [-121.91716, 38.02366], [-121.9159, 38.02215], [-121.91355, 38.02232]]]}}, {"type": "Feature", "properties": {"id": 609, "name": "River View Mobile Home Park SE", "lst": 46.56, "green": 13.76, "pop": 227, "pct65": 13.2, "ac": 80.3, "holc": null, "access_min": 34.1, "access_km": 2.73, "score": 43.3, "rank": 434.0, "area_m2": 109597, "street_m": 1697, "canopy_m2": 15090.0, "row_m2": 0.0, "row_canopy": 0.0, "veg": 17.1, "place": "res", "land": null, "green_src": "canopy", "canopy_source": "usfs-2022", "canopy_year": "2022", "assessed_m2": 109659.24, "coverage_frac": 0.9999615181010552, "canopy_quality": "full", "scenario_ok": true, "canopy_baseline_ok": true, "ac_src": "lace", "ac_coverage": 1.0, "acs_year": 2024, "access_snap_m": 87.0, "access_quality": "network-estimate", "access_src": "routed", "city": "Pittsburg", "city_kind": "city", "inside_frac": 1.0, "rank_lo": 266, "rank_hi": 492, "rank_top_share": 0.0}, "geometry": {"type": "Polygon", "coordinates": [[[-121.91716, 38.02366], [-121.91607, 38.02534], [-121.91733, 38.02684], [-121.91968, 38.02667], [-121.92076, 38.025], [-121.9195, 38.02349], [-121.91716, 38.02366]]]}}, {"type": "Feature", "properties": {"id": 610, "name": "River View Mobile Home Park E 3", "lst": 44.63, "green": 7.24, "pop": 353, "pct65": 12.3, "ac": 80.15, "holc": null, "access_min": 27.0, "access_km": 2.16, "score": 73.4, "rank": 67.0, "area_m2": 109603, "street_m": 1831, "canopy_m2": 7941.0, "row_m2": 0.0, "row_canopy": 0.0, "veg": 13.6, "place": "res", "land": null, "green_src": "canopy", "canopy_source": "usfs-2022", "canopy_year": "2022", "assessed_m2": 109670.04, "coverage_frac": 1.0, "canopy_quality": "full", "scenario_ok": true, "canopy_baseline_ok": true, "ac_src": "lace", "ac_coverage": 1.0, "acs_year": 2024, "access_snap_m": 144.0, "access_quality": "approach-review", "access_src": "routed", "city": "Pittsburg", "city_kind": "city", "inside_frac": 1.0, "rank_lo": 29, "rank_hi": 114, "rank_top_share": 0.367}, "geometry": {"type": "Polygon", "coordinates": [[[-121.91012, 38.02417], [-121.90904, 38.02585], [-121.9103, 38.02735], [-121.91264, 38.02718], [-121.91373, 38.02551], [-121.91247, 38.024], [-121.91012, 38.02417]]]}}, {"type": "Feature", "properties": {"id": 611, "name": "River View Mobile Home Park E", "lst": 44.92, "green": 5.04, "pop": 322, "pct65": 12.6, "ac": 79.77, "holc": null, "access_min": 32.3, "access_km": 2.58, "score": 79.3, "rank": 32.0, "area_m2": 109598, "street_m": 1357, "canopy_m2": 5525.0, "row_m2": 0.0, "row_canopy": 0.0, "veg": 12.8, "place": "res", "land": null, "green_src": "canopy", "canopy_source": "usfs-2022", "canopy_year": "2022", "assessed_m2": 109665.0, "coverage_frac": 1.0, "canopy_quality": "full", "scenario_ok": true, "canopy_baseline_ok": true, "ac_src": "lace", "ac_coverage": 1.0, "acs_year": 2024, "access_snap_m": 128.0, "access_quality": "approach-review", "access_src": "routed", "city": "Pittsburg", "city_kind": "city", "inside_frac": 1.0, "rank_lo": 15, "rank_hi": 62, "rank_top_share": 0.917}, "geometry": {"type": "Polygon", "coordinates": [[[-121.91373, 38.02551], [-121.91264, 38.02718], [-121.9139, 38.02869], [-121.91625, 38.02852], [-121.91733, 38.02684], [-121.91607, 38.02534], [-121.91373, 38.02551]]]}}, {"type": "Feature", "properties": {"id": 612, "name": "River View Mobile Home Park SE 3", "lst": 45.69, "green": 5.89, "pop": 295, "pct65": 12.2, "ac": 80.16, "holc": null, "access_min": 30.7, "access_km": 2.45, "score": 72.7, "rank": 70.0, "area_m2": 109607, "street_m": 1660, "canopy_m2": 6462.0, "row_m2": 0.0, "row_canopy": 0.0, "veg": 5.4, "place": "res", "land": null, "green_src": "canopy", "canopy_source": "usfs-2022", "canopy_year": "2022", "assessed_m2": 109670.76, "coverage_frac": 0.999978029661321, "canopy_quality": "full", "scenario_ok": true, "canopy_baseline_ok": true, "ac_src": "lace", "ac_coverage": 1.0, "acs_year": 2024, "access_snap_m": 120.0, "access_quality": "approach-review", "access_src": "routed", "city": "Pittsburg", "city_kind": "city", "inside_frac": 1.0, "rank_lo": 41, "rank_hi": 103, "rank_top_share": 0.233}, "geometry": {"type": "Polygon", "coordinates": [[[-121.91338, 38.01913], [-121.91229, 38.02081], [-121.91355, 38.02232], [-121.9159, 38.02215], [-121.91698, 38.02047], [-121.91572, 38.01896], [-121.91338, 38.01913]]]}}, {"type": "Feature", "properties": {"id": 613, "name": "River View Mobile Home Park S", "lst": 46.83, "green": 14.6, "pop": 393, "pct65": 8.6, "ac": 80.3, "holc": null, "access_min": 33.3, "access_km": 2.66, "score": 43.2, "rank": 437.0, "area_m2": 109601, "street_m": 1826, "canopy_m2": 16011.0, "row_m2": 0.0, "row_canopy": 0.0, "veg": 14.7, "place": "res", "land": null, "green_src": "canopy", "canopy_source": "usfs-2022", "canopy_year": "2022", "assessed_m2": 109665.72, "coverage_frac": 0.9999814695805987, "canopy_quality": "full", "scenario_ok": true, "canopy_baseline_ok": true, "ac_src": "lace", "ac_coverage": 1.0, "acs_year": 2024, "access_snap_m": 66.0, "access_quality": "network-estimate", "access_src": "routed", "city": "Pittsburg", "city_kind": "city", "inside_frac": 1.0, "rank_lo": 224, "rank_hi": 499, "rank_top_share": 0.0}, "geometry": {"type": "Polygon", "coordinates": [[[-121.91698, 38.02047], [-121.9159, 38.02215], [-121.91716, 38.02366], [-121.9195, 38.02349], [-121.92059, 38.02181], [-121.91933, 38.0203], [-121.91698, 38.02047]]]}}, {"type": "Feature", "properties": {"id": 614, "name": "River View Mobile Home Park SE 4", "lst": 44.58, "green": 8.7, "pop": 367, "pct65": 12.2, "ac": 80.3, "holc": null, "access_min": 24.6, "access_km": 1.97, "score": 69.0, "rank": 93.0, "area_m2": 109608, "street_m": 2783, "canopy_m2": 9545.0, "row_m2": 0.0, "row_canopy": 0.0, "veg": 11.0, "place": "res", "land": null, "green_src": "canopy", "canopy_source": "usfs-2022", "canopy_year": "2022", "assessed_m2": 109671.48, "coverage_frac": 0.9999743374073466, "canopy_quality": "full", "scenario_ok": true, "canopy_baseline_ok": true, "ac_src": "lace", "ac_coverage": 1.0, "acs_year": 2024, "access_snap_m": 87.0, "access_quality": "network-estimate", "access_src": "routed", "city": "Pittsburg", "city_kind": "city", "inside_frac": 1.0, "rank_lo": 47, "rank_hi": 167, "rank_top_share": 0.107}, "geometry": {"type": "Polygon", "coordinates": [[[-121.90995, 38.02098], [-121.90886, 38.02266], [-121.91012, 38.02417], [-121.91247, 38.024], [-121.91355, 38.02232], [-121.91229, 38.02081], [-121.90995, 38.02098]]]}}, {"type": "Feature", "properties": {"id": 615, "name": "Bella Vista Mobile Home Park N", "lst": 41.03, "green": 4.43, "pop": 130, "pct65": 14.6, "ac": 80.3, "holc": null, "access_min": 43.0, "access_km": 3.44, "score": 64.3, "rank": 128.0, "area_m2": 109587, "street_m": 0, "canopy_m2": 4858.0, "row_m2": 0.0, "row_canopy": 0.0, "veg": 10.3, "place": "res", "land": null, "green_src": "canopy", "canopy_source": "usfs-2022", "canopy_year": "2022", "assessed_m2": 109651.32, "coverage_frac": 0.9999778505560952, "canopy_quality": "full", "scenario_ok": false, "canopy_baseline_ok": true, "ac_src": "lace", "ac_coverage": 1.0, "acs_year": 2024, "access_snap_m": 253.0, "access_quality": "approach-review", "access_src": "routed", "city": "Pittsburg", "city_kind": "city", "inside_frac": 1.0, "rank_lo": 86, "rank_hi": 178, "rank_top_share": 0.003}, "geometry": {"type": "Polygon", "coordinates": [[[-121.92094, 38.02818], [-121.91985, 38.02986], [-121.92111, 38.03137], [-121.92345, 38.0312], [-121.92454, 38.02952], [-121.92328, 38.02801], [-121.92094, 38.02818]]]}}, {"type": "Feature", "properties": {"id": 616, "name": "California Seasons NE", "lst": 40.48, "green": 4.71, "pop": 130, "pct65": 14.6, "ac": 80.3, "holc": null, "access_min": 48.4, "access_km": 3.87, "score": 63.6, "rank": 142.0, "area_m2": 109582, "street_m": 0, "canopy_m2": 5167.0, "row_m2": 0.0, "row_canopy": 0.0, "veg": 13.8, "place": "res", "land": null, "green_src": "canopy", "canopy_source": "usfs-2022", "canopy_year": "2022", "assessed_m2": 109645.92, "coverage_frac": 0.9999780227209756, "canopy_quality": "full", "scenario_ok": false, "canopy_baseline_ok": true, "ac_src": "lace", "ac_coverage": 1.0, "acs_year": 2024, "access_snap_m": 354.0, "access_quality": "approach-review", "access_src": "routed", "city": "Pittsburg", "city_kind": "city", "inside_frac": 1.0, "rank_lo": 94, "rank_hi": 186, "rank_top_share": 0.0}, "geometry": {"type": "Polygon", "coordinates": [[[-121.92454, 38.02952], [-121.92345, 38.0312], [-121.92471, 38.03271], [-121.92706, 38.03254], [-121.92814, 38.03086], [-121.92688, 38.02935], [-121.92454, 38.02952]]]}}, {"type": "Feature", "properties": {"id": 617, "name": "River View Mobile Home Park N", "lst": 40.16, "green": 3.19, "pop": 130, "pct65": 14.6, "ac": 80.3, "holc": null, "access_min": 45.5, "access_km": 3.64, "score": 67.7, "rank": 98.0, "area_m2": 109588, "street_m": 0, "canopy_m2": 3503.0, "row_m2": 0.0, "row_canopy": 0.0, "veg": 22.6, "place": "res", "land": null, "green_src": "canopy", "canopy_source": "usfs-2022", "canopy_year": "2022", "assessed_m2": 109652.4, "coverage_frac": 0.9999774435861968, "canopy_quality": "full", "scenario_ok": false, "canopy_baseline_ok": true, "ac_src": "lace", "ac_coverage": 1.0, "acs_year": 2024, "access_snap_m": 456.0, "access_quality": "approach-review", "access_src": "routed", "city": "Pittsburg", "city_kind": "city", "inside_frac": 1.0, "rank_lo": 62, "rank_hi": 147, "rank_top_share": 0.033}, "geometry": {"type": "Polygon", "coordinates": [[[-121.91751, 38.03003], [-121.91642, 38.03171], [-121.91768, 38.03322], [-121.92002, 38.03305], [-121.92111, 38.03137], [-121.91985, 38.02986], [-121.91751, 38.03003]]]}}, {"type": "Feature", "properties": {"id": 618, "name": "California Seasons NE 3", "lst": 41.49, "green": 0.0, "pop": 130, "pct65": 14.6, "ac": 80.3, "holc": null, "access_min": 47.2, "access_km": 3.78, "score": 76.4, "rank": 50.0, "area_m2": 109583, "street_m": 0, "canopy_m2": 0.0, "row_m2": 0.0, "row_canopy": 0.0, "veg": 26.1, "place": "res", "land": null, "green_src": "canopy", "canopy_source": "usfs-2022", "canopy_year": "2022", "assessed_m2": 90151.92, "coverage_frac": 0.8221830204741767, "canopy_quality": "partial", "scenario_ok": false, "canopy_baseline_ok": false, "ac_src": "lace", "ac_coverage": 1.0, "acs_year": 2024, "access_snap_m": 571.0, "access_quality": "approach-review", "access_src": "routed", "city": "Pittsburg", "city_kind": "city", "inside_frac": 1.0, "rank_lo": 17, "rank_hi": 86, "rank_top_share": 0.623}, "geometry": {"type": "Polygon", "coordinates": [[[-121.92111, 38.03137], [-121.92002, 38.03305], [-121.92128, 38.03455], [-121.92363, 38.03438], [-121.92471, 38.03271], [-121.92345, 38.0312], [-121.92111, 38.03137]]]}}, {"type": "Feature", "properties": {"id": 619, "name": "Bella Vista Mobile Home Park", "lst": 45.91, "green": 12.79, "pop": 130, "pct65": 14.6, "ac": 80.3, "holc": null, "access_min": 39.9, "access_km": 3.19, "score": 41.5, "rank": 459.0, "area_m2": 109592, "street_m": 1146, "canopy_m2": 14030.0, "row_m2": 0.0, "row_canopy": 0.0, "veg": 12.2, "place": "res", "land": null, "green_src": "canopy", "canopy_source": "usfs-2022", "canopy_year": "2022", "assessed_m2": 109658.88, "coverage_frac": 1.0, "canopy_quality": "full", "scenario_ok": true, "canopy_baseline_ok": true, "ac_src": "lace", "ac_coverage": 1.0, "acs_year": 2024, "access_snap_m": 117.0, "access_quality": "approach-review", "access_src": "routed", "city": "Pittsburg", "city_kind": "city", "inside_frac": 1.0, "rank_lo": 328, "rank_hi": 503, "rank_top_share": 0.0}, "geometry": {"type": "Polygon", "coordinates": [[[-121.92076, 38.025], [-121.91968, 38.02667], [-121.92094, 38.02818], [-121.92328, 38.02801], [-121.92437, 38.02633], [-121.92311, 38.02483], [-121.92076, 38.025]]]}}, {"type": "Feature", "properties": {"id": 620, "name": "California Seasons E", "lst": 45.0, "green": 7.72, "pop": 130, "pct65": 14.6, "ac": 80.3, "holc": null, "access_min": 44.7, "access_km": 3.58, "score": 55.3, "rank": 215.0, "area_m2": 109586, "street_m": 1265, "canopy_m2": 8464.0, "row_m2": 0.0, "row_canopy": 0.0, "veg": 10.5, "place": "res", "land": null, "green_src": "canopy", "canopy_source": "usfs-2022", "canopy_year": "2022", "assessed_m2": 109651.32, "coverage_frac": 0.9999881164762058, "canopy_quality": "full", "scenario_ok": true, "canopy_baseline_ok": true, "ac_src": "lace", "ac_coverage": 1.0, "acs_year": 2024, "access_snap_m": 133.0, "access_quality": "approach-review", "access_src": "routed", "city": "Pittsburg", "city_kind": "city", "inside_frac": 1.0, "rank_lo": 169, "rank_hi": 352, "rank_top_share": 0.0}, "geometry": {"type": "Polygon", "coordinates": [[[-121.92437, 38.02633], [-121.92328, 38.02801], [-121.92454, 38.02952], [-121.92688, 38.02935], [-121.92797, 38.02767], [-121.92671, 38.02616], [-121.92437, 38.02633]]]}}, {"type": "Feature", "properties": {"id": 621, "name": "River View Mobile Home Park", "lst": 44.4, "green": 3.22, "pop": 164, "pct65": 14.1, "ac": 79.95, "holc": null, "access_min": 38.8, "access_km": 3.1, "score": 71.0, "rank": 83.0, "area_m2": 109592, "street_m": 349, "canopy_m2": 3532.0, "row_m2": 0.0, "row_canopy": 0.0, "veg": 6.5, "place": "res", "land": null, "green_src": "canopy", "canopy_source": "usfs-2022", "canopy_year": "2022", "assessed_m2": 109660.32, "coverage_frac": 1.0, "canopy_quality": "full", "scenario_ok": true, "canopy_baseline_ok": true, "ac_src": "lace", "ac_coverage": 1.0, "acs_year": 2024, "access_snap_m": 158.0, "access_quality": "approach-review", "access_src": "routed", "city": "Pittsburg", "city_kind": "city", "inside_frac": 1.0, "rank_lo": 52, "rank_hi": 118, "rank_top_share": 0.113}, "geometry": {"type": "Polygon", "coordinates": [[[-121.91733, 38.02684], [-121.91625, 38.02852], [-121.91751, 38.03003], [-121.91985, 38.02986], [-121.92094, 38.02818], [-121.91968, 38.02667], [-121.91733, 38.02684]]]}}, {"type": "Feature", "properties": {"id": 622, "name": "Beacon Villa W 4", "lst": 44.31, "green": 3.89, "pop": 382, "pct65": 9.1, "ac": 75.36, "holc": null, "access_min": 23.4, "access_km": 1.87, "score": 89.5, "rank": 3.0, "area_m2": 109610, "street_m": 663, "canopy_m2": 4263.0, "row_m2": 0.0, "row_canopy": 0.0, "veg": 12.3, "place": "res", "land": null, "green_src": "canopy", "canopy_source": "usfs-2022", "canopy_year": "2022", "assessed_m2": 109675.8, "coverage_frac": 0.9999932411477238, "canopy_quality": "full", "scenario_ok": true, "canopy_baseline_ok": true, "ac_src": "lace", "ac_coverage": 1.0, "acs_year": 2024, "access_snap_m": 146.0, "access_quality": "approach-review", "access_src": "routed", "city": "Pittsburg", "city_kind": "city", "inside_frac": 1.0, "rank_lo": 1, "rank_hi": 20, "rank_top_share": 1.0}, "geometry": {"type": "Polygon", "coordinates": [[[-121.90309, 38.02468], [-121.902, 38.02635], [-121.90326, 38.02786], [-121.90561, 38.02769], [-121.90669, 38.02601], [-121.90543, 38.02451], [-121.90309, 38.02468]]]}}, {"type": "Feature", "properties": {"id": 623, "name": "River View Mobile Home Park E 4", "lst": 42.82, "green": 2.26, "pop": 275, "pct65": 13.1, "ac": 79.06, "holc": null, "access_min": 31.4, "access_km": 2.51, "score": 85.4, "rank": 14.0, "area_m2": 109604, "street_m": 715, "canopy_m2": 2483.0, "row_m2": 0.0, "row_canopy": 0.0, "veg": 14.7, "place": "res", "land": null, "green_src": "canopy", "canopy_source": "usfs-2022", "canopy_year": "2022", "assessed_m2": 109670.04, "coverage_frac": 0.9999901043297612, "canopy_quality": "full", "scenario_ok": true, "canopy_baseline_ok": true, "ac_src": "lace", "ac_coverage": 1.0, "acs_year": 2024, "access_snap_m": 247.0, "access_quality": "approach-review", "access_src": "routed", "city": "Pittsburg", "city_kind": "city", "inside_frac": 1.0, "rank_lo": 3, "rank_hi": 44, "rank_top_share": 0.983}, "geometry": {"type": "Polygon", "coordinates": [[[-121.90669, 38.02601], [-121.90561, 38.02769], [-121.90687, 38.0292], [-121.90921, 38.02903], [-121.9103, 38.02735], [-121.90904, 38.02585], [-121.90669, 38.02601]]]}}, {"type": "Feature", "properties": {"id": 624, "name": "Beacon Villa W 2", "lst": 42.59, "green": 2.12, "pop": 269, "pct65": 12.7, "ac": 79.45, "holc": null, "access_min": 35.7, "access_km": 2.85, "score": 84.2, "rank": 18.0, "area_m2": 109611, "street_m": 229, "canopy_m2": 2321.0, "row_m2": 0.0, "row_canopy": 0.0, "veg": 1.0, "place": "res", "land": null, "green_src": "canopy", "canopy_source": "usfs-2022", "canopy_year": "2022", "assessed_m2": 109677.24, "coverage_frac": 0.9999961425566064, "canopy_quality": "full", "scenario_ok": true, "canopy_baseline_ok": true, "ac_src": "lace", "ac_coverage": 1.0, "acs_year": 2024, "access_snap_m": 232.0, "access_quality": "approach-review", "access_src": "routed", "city": "Pittsburg", "city_kind": "city", "inside_frac": 1.0, "rank_lo": 4, "rank_hi": 48, "rank_top_share": 0.967}, "geometry": {"type": "Polygon", "coordinates": [[[-121.89966, 38.02652], [-121.89857, 38.0282], [-121.89983, 38.02971], [-121.90218, 38.02954], [-121.90326, 38.02786], [-121.902, 38.02635], [-121.89966, 38.02652]]]}}, {"type": "Feature", "properties": {"id": 625, "name": "Beacon Villa W 3", "lst": 40.93, "green": 2.37, "pop": 225, "pct65": 13.8, "ac": 84.41, "holc": null, "access_min": 38.3, "access_km": 3.07, "score": 74.5, "rank": 62.0, "area_m2": 109606, "street_m": 392, "canopy_m2": 2596.0, "row_m2": 0.0, "row_canopy": 0.0, "veg": 21.6, "place": "res", "land": null, "green_src": "canopy", "canopy_source": "usfs-2022", "canopy_year": "2022", "assessed_m2": 109667.16, "coverage_frac": 0.9999536117143224, "canopy_quality": "full", "scenario_ok": true, "canopy_baseline_ok": true, "ac_src": "lace", "ac_coverage": 1.0, "acs_year": 2024, "access_snap_m": 120.0, "access_quality": "approach-review", "access_src": "routed", "city": "Pittsburg", "city_kind": "city", "inside_frac": 1.0, "rank_lo": 26, "rank_hi": 102, "rank_top_share": 0.503}, "geometry": {"type": "Polygon", "coordinates": [[[-121.90326, 38.02786], [-121.90218, 38.02954], [-121.90344, 38.03105], [-121.90578, 38.03088], [-121.90687, 38.0292], [-121.90561, 38.02769], [-121.90326, 38.02786]]]}}, {"type": "Feature", "properties": {"id": 626, "name": "Beacon Villa SW 3", "lst": 45.5, "green": 9.5, "pop": 543, "pct65": 6.8, "ac": 72.5, "holc": null, "access_min": 18.5, "access_km": 1.48, "score": 78.0, "rank": 42.0, "area_m2": 109614, "street_m": 2175, "canopy_m2": 10416.0, "row_m2": 0.0, "row_canopy": 0.0, "veg": 13.0, "place": "res", "land": null, "green_src": "canopy", "canopy_source": "usfs-2022", "canopy_year": "2022", "assessed_m2": 109681.92, "coverage_frac": 1.0, "canopy_quality": "full", "scenario_ok": true, "canopy_baseline_ok": true, "ac_src": "lace", "ac_coverage": 1.0, "acs_year": 2024, "access_snap_m": 44.0, "access_quality": "network-estimate", "access_src": "routed", "city": "Pittsburg", "city_kind": "city", "inside_frac": 1.0, "rank_lo": 7, "rank_hi": 95, "rank_top_share": 0.783}, "geometry": {"type": "Polygon", "coordinates": [[[-121.90291, 38.02149], [-121.90183, 38.02317], [-121.90309, 38.02468], [-121.90543, 38.02451], [-121.90652, 38.02283], [-121.90526, 38.02132], [-121.90291, 38.02149]]]}}, {"type": "Feature", "properties": {"id": 627, "name": "River View Mobile Home Park E 6", "lst": 45.28, "green": 5.78, "pop": 402, "pct65": 10.8, "ac": 77.97, "holc": null, "access_min": 22.3, "access_km": 1.79, "score": 83.7, "rank": 20.0, "area_m2": 109609, "street_m": 564, "canopy_m2": 6343.0, "row_m2": 0.0, "row_canopy": 0.0, "veg": 13.9, "place": "res", "land": null, "green_src": "canopy", "canopy_source": "usfs-2022", "canopy_year": "2022", "assessed_m2": 109671.84, "coverage_frac": 0.9999673724691024, "canopy_quality": "full", "scenario_ok": true, "canopy_baseline_ok": true, "ac_src": "lace", "ac_coverage": 1.0, "acs_year": 2024, "access_snap_m": 150.0, "access_quality": "approach-review", "access_src": "routed", "city": "Pittsburg", "city_kind": "city", "inside_frac": 1.0, "rank_lo": 5, "rank_hi": 45, "rank_top_share": 0.98}, "geometry": {"type": "Polygon", "coordinates": [[[-121.90652, 38.02283], [-121.90543, 38.02451], [-121.90669, 38.02601], [-121.90904, 38.02585], [-121.91012, 38.02417], [-121.90886, 38.02266], [-121.90652, 38.02283]]]}}, {"type": "Feature", "properties": {"id": 628, "name": "Beacon Villa SW 2", "lst": 43.96, "green": 6.76, "pop": 483, "pct65": 7.3, "ac": 73.45, "holc": null, "access_min": 18.6, "access_km": 1.49, "score": 87.7, "rank": 10.0, "area_m2": 109615, "street_m": 1458, "canopy_m2": 7409.0, "row_m2": 0.0, "row_canopy": 0.0, "veg": 9.3, "place": "res", "land": null, "green_src": "canopy", "canopy_source": "usfs-2022", "canopy_year": "2022", "assessed_m2": 109675.44, "coverage_frac": 0.9999405857528976, "canopy_quality": "full", "scenario_ok": true, "canopy_baseline_ok": true, "ac_src": "lace", "ac_coverage": 1.0, "acs_year": 2024, "access_snap_m": 88.0, "access_quality": "network-estimate", "access_src": "routed", "city": "Pittsburg", "city_kind": "city", "inside_frac": 1.0, "rank_lo": 2, "rank_hi": 35, "rank_top_share": 0.987}, "geometry": {"type": "Polygon", "coordinates": [[[-121.89948, 38.02334], [-121.8984, 38.02502], [-121.89966, 38.02652], [-121.902, 38.02635], [-121.90309, 38.02468], [-121.90183, 38.02317], [-121.89948, 38.02334]]]}}, {"type": "Feature", "properties": {"id": 629, "name": "River View Mobile Home Park NE 3", "lst": 40.3, "green": 0.08, "pop": 130, "pct65": 14.6, "ac": 80.3, "holc": null, "access_min": 47.8, "access_km": 3.82, "score": 76.2, "rank": 52.0, "area_m2": 109595, "street_m": 0, "canopy_m2": 72.0, "row_m2": 0.0, "row_canopy": 0.0, "veg": 21.3, "place": "res", "land": null, "green_src": "canopy", "canopy_source": "usfs-2022", "canopy_year": "2022", "assessed_m2": 86604.12, "coverage_frac": 0.7897410444145841, "canopy_quality": "partial", "scenario_ok": false, "canopy_baseline_ok": false, "ac_src": "lace", "ac_coverage": 1.0, "acs_year": 2024, "access_snap_m": 368.0, "access_quality": "approach-review", "access_src": "routed", "city": "Pittsburg", "city_kind": "city", "inside_frac": 1.0, "rank_lo": 19, "rank_hi": 88, "rank_top_share": 0.603}, "geometry": {"type": "Polygon", "coordinates": [[[-121.91047, 38.03054], [-121.90938, 38.03222], [-121.91064, 38.03373], [-121.91299, 38.03356], [-121.91407, 38.03188], [-121.91282, 38.03037], [-121.91047, 38.03054]]]}}, {"type": "Feature", "properties": {"id": 630, "name": "River View Mobile Home Park NE 2", "lst": 38.17, "green": 0.45, "pop": 130, "pct65": 14.6, "ac": 80.3, "holc": null, "access_min": 47.3, "access_km": 3.78, "score": 75.2, "rank": 59.0, "area_m2": 109589, "street_m": 0, "canopy_m2": 204.0, "row_m2": 0.0, "row_canopy": 0.0, "veg": 21.6, "place": "res", "land": null, "green_src": "canopy", "canopy_source": "usfs-2022", "canopy_year": "2022", "assessed_m2": 45678.6, "coverage_frac": 0.4165627165510785, "canopy_quality": "partial", "scenario_ok": false, "canopy_baseline_ok": false, "ac_src": "lace", "ac_coverage": 1.0, "acs_year": 2024, "access_snap_m": 430.0, "access_quality": "approach-review", "access_src": "routed", "city": "Pittsburg", "city_kind": "city", "inside_frac": 1.0, "rank_lo": 23, "rank_hi": 94, "rank_top_share": 0.523}, "geometry": {"type": "Polygon", "coordinates": [[[-121.91407, 38.03188], [-121.91299, 38.03356], [-121.91425, 38.03506], [-121.91659, 38.03489], [-121.91768, 38.03322], [-121.91642, 38.03171], [-121.91407, 38.03188]]]}}, {"type": "Feature", "properties": {"id": 631, "name": "Beacon Villa NW 7", "lst": 34.11, "green": 3.02, "pop": 0, "pct65": 12.9, "ac": 65.05, "holc": null, "access_min": 45.2, "access_km": 3.61, "score": null, "rank": null, "area_m2": 109596, "street_m": 0, "canopy_m2": 116.0, "row_m2": 0.0, "row_canopy": 0.0, "veg": 36.8, "place": "empty", "land": "wetland", "green_src": "canopy", "canopy_source": "lidar-2020", "canopy_year": "2020", "assessed_m2": 109595.8, "coverage_frac": 1.0, "canopy_quality": "lidar", "scenario_ok": false, "canopy_baseline_ok": false, "ac_src": "income-model", "ac_coverage": null, "acs_year": 2024, "access_snap_m": 666.0, "access_quality": "approach-review", "access_src": "routed", "city": "Pittsburg", "city_kind": "city", "inside_frac": 1.0, "rank_lo": null, "rank_hi": null, "rank_top_share": null}, "geometry": {"type": "Polygon", "coordinates": [[[-121.90704, 38.03239], [-121.90595, 38.03407], [-121.90721, 38.03557], [-121.90956, 38.0354], [-121.91064, 38.03373], [-121.90938, 38.03222], [-121.90704, 38.03239]]]}}, {"type": "Feature", "properties": {"id": 632, "name": "River View Mobile Home Park NE 5", "lst": 33.93, "green": 0.0, "pop": 0, "pct65": 12.9, "ac": 65.05, "holc": null, "access_min": 50.8, "access_km": 4.07, "score": null, "rank": null, "area_m2": 109590, "street_m": 0, "canopy_m2": 0.0, "row_m2": 0.0, "row_canopy": 0.0, "veg": 22.2, "place": "empty", "land": "wetland", "green_src": "canopy", "canopy_source": "chm-legacy", "canopy_year": "2009-2020", "assessed_m2": 178712.64, "coverage_frac": 1.0, "canopy_quality": "full", "scenario_ok": false, "canopy_baseline_ok": false, "ac_src": "income-model", "ac_coverage": null, "acs_year": 2024, "access_snap_m": 713.0, "access_quality": "approach-review", "access_src": "routed", "city": "Pittsburg", "city_kind": "city", "inside_frac": 1.0, "rank_lo": null, "rank_hi": null, "rank_top_share": null}, "geometry": {"type": "Polygon", "coordinates": [[[-121.91064, 38.03373], [-121.90956, 38.0354], [-121.91082, 38.03691], [-121.91316, 38.03674], [-121.91425, 38.03506], [-121.91299, 38.03356], [-121.91064, 38.03373]]]}}, {"type": "Feature", "properties": {"id": 633, "name": "River View Mobile Home Park E 2", "lst": 42.24, "green": 8.48, "pop": 229, "pct65": 13.5, "ac": 79.13, "holc": null, "access_min": 46.5, "access_km": 3.72, "score": 61.6, "rank": 160.0, "area_m2": 109599, "street_m": 1925, "canopy_m2": 9302.0, "row_m2": 0.0, "row_canopy": 0.0, "veg": 17.0, "place": "res", "land": null, "green_src": "canopy", "canopy_source": "usfs-2022", "canopy_year": "2022", "assessed_m2": 109663.2, "coverage_frac": 0.99997712486612, "canopy_quality": "full", "scenario_ok": true, "canopy_baseline_ok": true, "ac_src": "lace", "ac_coverage": 1.0, "acs_year": 2024, "access_snap_m": 86.0, "access_quality": "network-estimate", "access_src": "routed", "city": "Pittsburg", "city_kind": "city", "inside_frac": 1.0, "rank_lo": 108, "rank_hi": 239, "rank_top_share": 0.0}, "geometry": {"type": "Polygon", "coordinates": [[[-121.9103, 38.02735], [-121.90921, 38.02903], [-121.91047, 38.03054], [-121.91282, 38.03037], [-121.9139, 38.02869], [-121.91264, 38.02718], [-121.9103, 38.02735]]]}}, {"type": "Feature", "properties": {"id": 634, "name": "River View Mobile Home Park NE", "lst": 42.05, "green": 5.33, "pop": 161, "pct65": 14.1, "ac": 79.8, "holc": null, "access_min": 43.0, "access_km": 3.44, "score": 64.8, "rank": 123.0, "area_m2": 109594, "street_m": 454, "canopy_m2": 5840.0, "row_m2": 0.0, "row_canopy": 0.0, "veg": 16.3, "place": "res", "land": null, "green_src": "canopy", "canopy_source": "usfs-2022", "canopy_year": "2022", "assessed_m2": 109656.72, "coverage_frac": 0.9999674327373133, "canopy_quality": "full", "scenario_ok": true, "canopy_baseline_ok": true, "ac_src": "lace", "ac_coverage": 1.0, "acs_year": 2024, "access_snap_m": 85.0, "access_quality": "network-estimate", "access_src": "routed", "city": "Pittsburg", "city_kind": "city", "inside_frac": 1.0, "rank_lo": 91, "rank_hi": 167, "rank_top_share": 0.0}, "geometry": {"type": "Polygon", "coordinates": [[[-121.9139, 38.02869], [-121.91282, 38.03037], [-121.91407, 38.03188], [-121.91642, 38.03171], [-121.91751, 38.03003], [-121.91625, 38.02852], [-121.9139, 38.02869]]]}}, {"type": "Feature", "properties": {"id": 635, "name": "River View Mobile Home Park E 5", "lst": 40.26, "green": 1.39, "pop": 142, "pct65": 14.4, "ac": 80.09, "holc": null, "access_min": 49.0, "access_km": 3.92, "score": 74.0, "rank": 65.0, "area_m2": 109600, "street_m": 255, "canopy_m2": 1524.0, "row_m2": 0.0, "row_canopy": 0.0, "veg": 19.0, "place": "res", "land": null, "green_src": "canopy", "canopy_source": "usfs-2022", "canopy_year": "2022", "assessed_m2": 109666.8, "coverage_frac": 0.99999971451343, "canopy_quality": "full", "scenario_ok": true, "canopy_baseline_ok": true, "ac_src": "lace", "ac_coverage": 1.0, "acs_year": 2024, "access_snap_m": 286.0, "access_quality": "approach-review", "access_src": "routed", "city": "Pittsburg", "city_kind": "city", "inside_frac": 1.0, "rank_lo": 31, "rank_hi": 101, "rank_top_share": 0.393}, "geometry": {"type": "Polygon", "coordinates": [[[-121.90687, 38.0292], [-121.90578, 38.03088], [-121.90704, 38.03239], [-121.90938, 38.03222], [-121.91047, 38.03054], [-121.90921, 38.02903], [-121.90687, 38.0292]]]}}, {"type": "Feature", "properties": {"id": 636, "name": "Emerald Cove Mobile Home Park SE 7", "lst": 48.14, "green": 13.3, "pop": 150, "pct65": 13.3, "ac": 80.76, "holc": null, "access_min": 42.1, "access_km": 3.36, "score": 39.3, "rank": 477.0, "area_m2": 109610, "street_m": 973, "canopy_m2": 14589.0, "row_m2": 0.0, "row_canopy": 0.0, "veg": 16.0, "place": "res", "land": null, "green_src": "canopy", "canopy_source": "usfs-2022", "canopy_year": "2022", "assessed_m2": 109676.52, "coverage_frac": 1.0, "canopy_quality": "full", "scenario_ok": true, "canopy_baseline_ok": true, "ac_src": "lace", "ac_coverage": 1.0, "acs_year": 2024, "access_snap_m": 67.0, "access_quality": "network-estimate", "access_src": "routed", "city": "Pittsburg", "city_kind": "city", "inside_frac": 1.0, "rank_lo": 411, "rank_hi": 509, "rank_top_share": 0.0}, "geometry": {"type": "Polygon", "coordinates": [[[-121.91664, 38.0141], [-121.91555, 38.01578], [-121.91681, 38.01728], [-121.91915, 38.01711], [-121.92024, 38.01544], [-121.91898, 38.01393], [-121.91664, 38.0141]]]}}, {"type": "Feature", "properties": {"id": 637, "name": "Emerald Cove Mobile Home Park SE 4", "lst": 48.94, "green": 7.66, "pop": 151, "pct65": 12.3, "ac": 79.79, "holc": null, "access_min": 47.2, "access_km": 3.78, "score": 55.0, "rank": 218.0, "area_m2": 109605, "street_m": 1170, "canopy_m2": 8402.0, "row_m2": 0.0, "row_canopy": 0.0, "veg": 14.0, "place": "res", "land": null, "green_src": "canopy", "canopy_source": "usfs-2022", "canopy_year": "2022", "assessed_m2": 109669.32, "coverage_frac": 0.9999854434266848, "canopy_quality": "full", "scenario_ok": true, "canopy_baseline_ok": true, "ac_src": "lace", "ac_coverage": 1.0, "acs_year": 2024, "access_snap_m": 145.0, "access_quality": "approach-review", "access_src": "routed", "city": "Pittsburg", "city_kind": "city", "inside_frac": 1.0, "rank_lo": 180, "rank_hi": 342, "rank_top_share": 0.0}, "geometry": {"type": "Polygon", "coordinates": [[[-121.92024, 38.01544], [-121.91915, 38.01711], [-121.92041, 38.01862], [-121.92276, 38.01845], [-121.92384, 38.01677], [-121.92258, 38.01527], [-121.92024, 38.01544]]]}}, {"type": "Feature", "properties": {"id": 638, "name": "River View Mobile Home Park SE 5", "lst": 46.55, "green": 4.22, "pop": 151, "pct65": 12.1, "ac": 79.5, "holc": null, "access_min": 38.8, "access_km": 3.11, "score": 64.8, "rank": 124.0, "area_m2": 109611, "street_m": 372, "canopy_m2": 4628.0, "row_m2": 0.0, "row_canopy": 0.0, "veg": 15.0, "place": "res", "land": null, "green_src": "canopy", "canopy_source": "usfs-2022", "canopy_year": "2022", "assessed_m2": 109674.36, "coverage_frac": 0.9999717288222788, "canopy_quality": "full", "scenario_ok": true, "canopy_baseline_ok": true, "ac_src": "lace", "ac_coverage": 1.0, "acs_year": 2024, "access_snap_m": 211.0, "access_quality": "approach-review", "access_src": "routed", "city": "Pittsburg", "city_kind": "city", "inside_frac": 1.0, "rank_lo": 96, "rank_hi": 163, "rank_top_share": 0.0}, "geometry": {"type": "Polygon", "coordinates": [[[-121.91321, 38.01594], [-121.91212, 38.01762], [-121.91338, 38.01913], [-121.91572, 38.01896], [-121.91681, 38.01728], [-121.91555, 38.01578], [-121.91321, 38.01594]]]}}, {"type": "Feature", "properties": {"id": 639, "name": "River View Mobile Home Park S 2", "lst": 47.78, "green": 7.53, "pop": 161, "pct65": 11.8, "ac": 79.58, "holc": null, "access_min": 44.3, "access_km": 3.54, "score": 55.8, "rank": 213.0, "area_m2": 109606, "street_m": 1185, "canopy_m2": 8259.0, "row_m2": 0.0, "row_canopy": 0.0, "veg": 10.1, "place": "res", "land": null, "green_src": "canopy", "canopy_source": "usfs-2022", "canopy_year": "2022", "assessed_m2": 109671.12, "coverage_frac": 0.9999915792112902, "canopy_quality": "full", "scenario_ok": true, "canopy_baseline_ok": true, "ac_src": "lace", "ac_coverage": 1.0, "acs_year": 2024, "access_snap_m": 91.0, "access_quality": "network-estimate", "access_src": "routed", "city": "Pittsburg", "city_kind": "city", "inside_frac": 1.0, "rank_lo": 172, "rank_hi": 326, "rank_top_share": 0.0}, "geometry": {"type": "Polygon", "coordinates": [[[-121.91681, 38.01728], [-121.91572, 38.01896], [-121.91698, 38.02047], [-121.91933, 38.0203], [-121.92041, 38.01862], [-121.91915, 38.01711], [-121.91681, 38.01728]]]}}, {"type": "Feature", "properties": {"id": 640, "name": "Woodland Hills Apartment Homes NW 13", "lst": 46.24, "green": 10.61, "pop": 112, "pct65": 15.4, "ac": 87.8, "holc": null, "access_min": 42.0, "access_km": 3.36, "score": 39.6, "rank": 475.0, "area_m2": 109614, "street_m": 303, "canopy_m2": 11637.0, "row_m2": 0.0, "row_canopy": 0.0, "veg": 14.8, "place": "res", "land": null, "green_src": "canopy", "canopy_source": "usfs-2022", "canopy_year": "2022", "assessed_m2": 109677.6, "coverage_frac": 0.9999724307134692, "canopy_quality": "full", "scenario_ok": true, "canopy_baseline_ok": true, "ac_src": "lace", "ac_coverage": 1.0, "acs_year": 2024, "access_snap_m": 151.0, "access_quality": "approach-review", "access_src": "routed", "city": "Pittsburg", "city_kind": "city", "inside_frac": 1.0, "rank_lo": 443, "rank_hi": 503, "rank_top_share": 0.0}, "geometry": {"type": "Polygon", "coordinates": [[[-121.91646, 38.01091], [-121.91538, 38.01259], [-121.91664, 38.0141], [-121.91898, 38.01393], [-121.92007, 38.01225], [-121.91881, 38.01074], [-121.91646, 38.01091]]]}}, {"type": "Feature", "properties": {"id": 641, "name": "Emerald Cove Mobile Home Park SE 6", "lst": 48.56, "green": 14.94, "pop": 119, "pct65": 16.8, "ac": 87.59, "holc": null, "access_min": 45.8, "access_km": 3.67, "score": 30.3, "rank": 534.0, "area_m2": 109609, "street_m": 1606, "canopy_m2": 16380.0, "row_m2": 0.0, "row_canopy": 0.0, "veg": 16.8, "place": "res", "land": null, "green_src": "canopy", "canopy_source": "usfs-2022", "canopy_year": "2022", "assessed_m2": 109669.68, "coverage_frac": 0.9999496115265932, "canopy_quality": "full", "scenario_ok": true, "canopy_baseline_ok": true, "ac_src": "lace", "ac_coverage": 1.0, "acs_year": 2024, "access_snap_m": 137.0, "access_quality": "approach-review", "access_src": "routed", "city": "Pittsburg", "city_kind": "city", "inside_frac": 1.0, "rank_lo": 519, "rank_hi": 545, "rank_top_share": 0.0}, "geometry": {"type": "Polygon", "coordinates": [[[-121.92007, 38.01225], [-121.91898, 38.01393], [-121.92024, 38.01544], [-121.92258, 38.01527], [-121.92367, 38.01359], [-121.92241, 38.01208], [-121.92007, 38.01225]]]}}, {"type": "Feature", "properties": {"id": 642, "name": "Woodland Hills Apartment Homes NW 11", "lst": 47.21, "green": 13.91, "pop": 148, "pct65": 13.3, "ac": 80.95, "holc": null, "access_min": 37.6, "access_km": 3.01, "score": 37.3, "rank": 493.0, "area_m2": 109616, "street_m": 1224, "canopy_m2": 15260.0, "row_m2": 0.0, "row_canopy": 0.0, "veg": 14.8, "place": "res", "land": null, "green_src": "canopy", "canopy_source": "usfs-2022", "canopy_year": "2022", "assessed_m2": 109680.84, "coverage_frac": 0.9999916935278598, "canopy_quality": "full", "scenario_ok": true, "canopy_baseline_ok": true, "ac_src": "lace", "ac_coverage": 1.0, "acs_year": 2024, "access_snap_m": 34.0, "access_quality": "network-estimate", "access_src": "routed", "city": "Pittsburg", "city_kind": "city", "inside_frac": 1.0, "rank_lo": 449, "rank_hi": 518, "rank_top_share": 0.0}, "geometry": {"type": "Polygon", "coordinates": [[[-121.91303, 38.01276], [-121.91195, 38.01444], [-121.91321, 38.01594], [-121.91555, 38.01578], [-121.91664, 38.0141], [-121.91538, 38.01259], [-121.91303, 38.01276]]]}}, {"type": "Feature", "properties": {"id": 643, "name": "Emerald Cove Mobile Home Park E", "lst": 48.43, "green": 12.13, "pop": 454, "pct65": 5.3, "ac": 80.3, "holc": null, "access_min": 39.9, "access_km": 3.19, "score": 52.0, "rank": 247.0, "area_m2": 109595, "street_m": 1651, "canopy_m2": 13299.0, "row_m2": 0.0, "row_canopy": 0.0, "veg": 16.2, "place": "res", "land": null, "green_src": "canopy", "canopy_source": "usfs-2022", "canopy_year": "2022", "assessed_m2": 109662.12, "coverage_frac": 1.0, "canopy_quality": "full", "scenario_ok": true, "canopy_baseline_ok": true, "ac_src": "lace", "ac_coverage": 1.0, "acs_year": 2024, "access_snap_m": 123.0, "access_quality": "approach-review", "access_src": "routed", "city": "Pittsburg", "city_kind": "city", "inside_frac": 1.0, "rank_lo": 131, "rank_hi": 452, "rank_top_share": 0.0}, "geometry": {"type": "Polygon", "coordinates": [[[-121.92402, 38.01996], [-121.92293, 38.02164], [-121.92419, 38.02315], [-121.92654, 38.02298], [-121.92762, 38.0213], [-121.92636, 38.01979], [-121.92402, 38.01996]]]}}, {"type": "Feature", "properties": {"id": 644, "name": "Emerald Cove Mobile Home Park NE", "lst": 47.09, "green": 15.13, "pop": 531, "pct65": 4.4, "ac": 74.11, "holc": null, "access_min": 45.0, "access_km": 3.6, "score": 51.4, "rank": 254.0, "area_m2": 109589, "street_m": 1314, "canopy_m2": 16588.0, "row_m2": 0.0, "row_canopy": 0.0, "veg": 16.2, "place": "res", "land": null, "green_src": "canopy", "canopy_source": "usfs-2022", "canopy_year": "2022", "assessed_m2": 109652.76, "coverage_frac": 0.9999723847326396, "canopy_quality": "full", "scenario_ok": true, "canopy_baseline_ok": true, "ac_src": "lace", "ac_coverage": 1.0, "acs_year": 2024, "access_snap_m": 113.0, "access_quality": "approach-review", "access_src": "routed", "city": "Bay Point", "city_kind": "cdp", "inside_frac": 1.0, "rank_lo": 137, "rank_hi": 498, "rank_top_share": 0.0}, "geometry": {"type": "Polygon", "coordinates": [[[-121.92762, 38.0213], [-121.92654, 38.02298], [-121.9278, 38.02449], [-121.93014, 38.02431], [-121.93123, 38.02264], [-121.92997, 38.02113], [-121.92762, 38.0213]]]}}, {"type": "Feature", "properties": {"id": 645, "name": "Bella Vista Mobile Home Park S", "lst": 47.02, "green": 11.69, "pop": 271, "pct65": 8.5, "ac": 80.3, "holc": null, "access_min": 35.8, "access_km": 2.86, "score": 46.1, "rank": 393.0, "area_m2": 109596, "street_m": 1744, "canopy_m2": 12824.0, "row_m2": 0.0, "row_canopy": 0.0, "veg": 14.1, "place": "res", "land": null, "green_src": "canopy", "canopy_source": "usfs-2022", "canopy_year": "2022", "assessed_m2": 109662.12, "coverage_frac": 0.999998046836712, "canopy_quality": "full", "scenario_ok": true, "canopy_baseline_ok": true, "ac_src": "lace", "ac_coverage": 1.0, "acs_year": 2024, "access_snap_m": 127.0, "access_quality": "approach-review", "access_src": "routed", "city": "Pittsburg", "city_kind": "city", "inside_frac": 1.0, "rank_lo": 222, "rank_hi": 461, "rank_top_share": 0.0}, "geometry": {"type": "Polygon", "coordinates": [[[-121.92059, 38.02181], [-121.9195, 38.02349], [-121.92076, 38.025], [-121.92311, 38.02483], [-121.92419, 38.02315], [-121.92293, 38.02164], [-121.92059, 38.02181]]]}}, {"type": "Feature", "properties": {"id": 646, "name": "Willow Plaza Townhomes", "lst": 45.58, "green": 8.21, "pop": 159, "pct65": 12.8, "ac": 80.3, "holc": null, "access_min": 41.7, "access_km": 3.34, "score": 54.2, "rank": 224.0, "area_m2": 109590, "street_m": 972, "canopy_m2": 9003.0, "row_m2": 0.0, "row_canopy": 0.0, "veg": 17.7, "place": "res", "land": null, "green_src": "canopy", "canopy_source": "usfs-2022", "canopy_year": "2022", "assessed_m2": 109653.48, "coverage_frac": 0.9999686699482644, "canopy_quality": "full", "scenario_ok": true, "canopy_baseline_ok": true, "ac_src": "lace", "ac_coverage": 1.0, "acs_year": 2024, "access_snap_m": 153.0, "access_quality": "approach-review", "access_src": "routed", "city": "Pittsburg", "city_kind": "city", "inside_frac": 1.0, "rank_lo": 177, "rank_hi": 363, "rank_top_share": 0.0}, "geometry": {"type": "Polygon", "coordinates": [[[-121.92419, 38.02315], [-121.92311, 38.02483], [-121.92437, 38.02633], [-121.92671, 38.02616], [-121.9278, 38.02449], [-121.92654, 38.02298], [-121.92419, 38.02315]]]}}, {"type": "Feature", "properties": {"id": 647, "name": "Emerald Cove Mobile Home Park SE 2", "lst": 48.16, "green": 2.6, "pop": 171, "pct65": 11.9, "ac": 80.42, "holc": null, "access_min": 44.2, "access_km": 3.54, "score": 70.2, "rank": 86.0, "area_m2": 109599, "street_m": 609, "canopy_m2": 2856.0, "row_m2": 0.0, "row_canopy": 0.0, "veg": 7.8, "place": "res", "land": null, "green_src": "canopy", "canopy_source": "usfs-2022", "canopy_year": "2022", "assessed_m2": 109665.0, "coverage_frac": 0.9999954574011216, "canopy_quality": "full", "scenario_ok": true, "canopy_baseline_ok": true, "ac_src": "lace", "ac_coverage": 1.0, "acs_year": 2024, "access_snap_m": 170.0, "access_quality": "approach-review", "access_src": "routed", "city": "Pittsburg", "city_kind": "city", "inside_frac": 1.0, "rank_lo": 55, "rank_hi": 121, "rank_top_share": 0.08}, "geometry": {"type": "Polygon", "coordinates": [[[-121.92384, 38.01677], [-121.92276, 38.01845], [-121.92402, 38.01996], [-121.92636, 38.01979], [-121.92745, 38.01811], [-121.92619, 38.0166], [-121.92384, 38.01677]]]}}, {"type": "Feature", "properties": {"id": 648, "name": "Emerald Cove Mobile Home Park SE", "lst": 47.06, "green": 9.97, "pop": 426, "pct65": 5.5, "ac": 75.59, "holc": null, "access_min": 45.8, "access_km": 3.67, "score": 65.4, "rank": 116.0, "area_m2": 109594, "street_m": 1278, "canopy_m2": 10930.0, "row_m2": 0.0, "row_canopy": 0.0, "veg": 9.3, "place": "res", "land": null, "green_src": "canopy", "canopy_source": "usfs-2022", "canopy_year": "2022", "assessed_m2": 109656.72, "coverage_frac": 0.9999693665523932, "canopy_quality": "full", "scenario_ok": true, "canopy_baseline_ok": true, "ac_src": "lace", "ac_coverage": 1.0, "acs_year": 2024, "access_snap_m": 131.0, "access_quality": "approach-review", "access_src": "routed", "city": "Bay Point", "city_kind": "cdp", "inside_frac": 1.0, "rank_lo": 42, "rank_hi": 263, "rank_top_share": 0.113}, "geometry": {"type": "Polygon", "coordinates": [[[-121.92745, 38.01811], [-121.92636, 38.01979], [-121.92762, 38.0213], [-121.92997, 38.02113], [-121.93105, 38.01945], [-121.92979, 38.01794], [-121.92745, 38.01811]]]}}, {"type": "Feature", "properties": {"id": 649, "name": "Emerald Cove Mobile Home Park E 2", "lst": 47.76, "green": 8.82, "pop": 315, "pct65": 7.1, "ac": 80.12, "holc": null, "access_min": 39.4, "access_km": 3.15, "score": 56.9, "rank": 204.0, "area_m2": 109600, "street_m": 830, "canopy_m2": 9670.0, "row_m2": 0.0, "row_canopy": 0.0, "veg": 10.5, "place": "res", "land": null, "green_src": "canopy", "canopy_source": "usfs-2022", "canopy_year": "2022", "assessed_m2": 109662.12, "coverage_frac": 0.9999589145001794, "canopy_quality": "full", "scenario_ok": true, "canopy_baseline_ok": true, "ac_src": "lace", "ac_coverage": 1.0, "acs_year": 2024, "access_snap_m": 109.0, "access_quality": "approach-review", "access_src": "routed", "city": "Pittsburg", "city_kind": "city", "inside_frac": 1.0, "rank_lo": 114, "rank_hi": 332, "rank_top_share": 0.003}, "geometry": {"type": "Polygon", "coordinates": [[[-121.92041, 38.01862], [-121.91933, 38.0203], [-121.92059, 38.02181], [-121.92293, 38.02164], [-121.92402, 38.01996], [-121.92276, 38.01845], [-121.92041, 38.01862]]]}}, {"type": "Feature", "properties": {"id": 650, "name": "Woodland Hills Apartment Homes N 9", "lst": 47.25, "green": 3.21, "pop": 201, "pct65": 13.8, "ac": 74.63, "holc": null, "access_min": 26.2, "access_km": 2.1, "score": 80.4, "rank": 27.0, "area_m2": 109618, "street_m": 425, "canopy_m2": 3517.0, "row_m2": 0.0, "row_canopy": 0.0, "veg": 11.3, "place": "res", "land": null, "green_src": "canopy", "canopy_source": "usfs-2022", "canopy_year": "2022", "assessed_m2": 109685.16, "coverage_frac": 1.0, "canopy_quality": "full", "scenario_ok": true, "canopy_baseline_ok": true, "ac_src": "lace", "ac_coverage": 1.0, "acs_year": 2024, "access_snap_m": 247.0, "access_quality": "approach-review", "access_src": "routed", "city": "Pittsburg", "city_kind": "city", "inside_frac": 1.0, "rank_lo": 16, "rank_hi": 52, "rank_top_share": 0.977}, "geometry": {"type": "Polygon", "coordinates": [[[-121.90617, 38.01645], [-121.90509, 38.01813], [-121.90635, 38.01964], [-121.90869, 38.01947], [-121.90978, 38.01779], [-121.90852, 38.01628], [-121.90617, 38.01645]]]}}, {"type": "Feature", "properties": {"id": 651, "name": "River View Mobile Home Park SE 6", "lst": 46.19, "green": 6.75, "pop": 190, "pct65": 12.1, "ac": 79.78, "holc": null, "access_min": 52.6, "access_km": 4.21, "score": 60.8, "rank": 171.0, "area_m2": 109612, "street_m": 995, "canopy_m2": 7401.0, "row_m2": 0.0, "row_canopy": 0.0, "veg": 9.8, "place": "res", "land": null, "green_src": "canopy", "canopy_source": "usfs-2022", "canopy_year": "2022", "assessed_m2": 109678.32, "coverage_frac": 0.9999975720697708, "canopy_quality": "full", "scenario_ok": true, "canopy_baseline_ok": true, "ac_src": "lace", "ac_coverage": 1.0, "acs_year": 2024, "access_snap_m": 40.0, "access_quality": "network-estimate", "access_src": "routed", "city": "Pittsburg", "city_kind": "city", "inside_frac": 1.0, "rank_lo": 131, "rank_hi": 217, "rank_top_share": 0.0}, "geometry": {"type": "Polygon", "coordinates": [[[-121.90978, 38.01779], [-121.90869, 38.01947], [-121.90995, 38.02098], [-121.91229, 38.02081], [-121.91338, 38.01913], [-121.91212, 38.01762], [-121.90978, 38.01779]]]}}, {"type": "Feature", "properties": {"id": 652, "name": "Crestview Apartments NW 4", "lst": 46.94, "green": 9.22, "pop": 385, "pct65": 11.0, "ac": 71.75, "holc": null, "access_min": 16.8, "access_km": 1.34, "score": 78.2, "rank": 40.0, "area_m2": 109619, "street_m": 975, "canopy_m2": 10108.0, "row_m2": 0.0, "row_canopy": 0.0, "veg": 8.1, "place": "res", "land": null, "green_src": "canopy", "canopy_source": "usfs-2022", "canopy_year": "2022", "assessed_m2": 109680.84, "coverage_frac": 0.9999609202930954, "canopy_quality": "full", "scenario_ok": true, "canopy_baseline_ok": true, "ac_src": "lace", "ac_coverage": 1.0, "acs_year": 2024, "access_snap_m": 113.0, "access_quality": "approach-review", "access_src": "routed", "city": "Pittsburg", "city_kind": "city", "inside_frac": 1.0, "rank_lo": 15, "rank_hi": 101, "rank_top_share": 0.743}, "geometry": {"type": "Polygon", "coordinates": [[[-121.90274, 38.0183], [-121.90166, 38.01998], [-121.90291, 38.02149], [-121.90526, 38.02132], [-121.90635, 38.01964], [-121.90509, 38.01813], [-121.90274, 38.0183]]]}}, {"type": "Feature", "properties": {"id": 653, "name": "River View Mobile Home Park SE 7", "lst": 46.06, "green": 4.28, "pop": 383, "pct65": 10.5, "ac": 76.98, "holc": null, "access_min": 19.4, "access_km": 1.56, "score": 88.3, "rank": 7.0, "area_m2": 109613, "street_m": 241, "canopy_m2": 4697.0, "row_m2": 0.0, "row_canopy": 0.0, "veg": 9.9, "place": "res", "land": null, "green_src": "canopy", "canopy_source": "usfs-2022", "canopy_year": "2022", "assessed_m2": 109675.08, "coverage_frac": 0.9999577787743096, "canopy_quality": "full", "scenario_ok": true, "canopy_baseline_ok": true, "ac_src": "lace", "ac_coverage": 1.0, "acs_year": 2024, "access_snap_m": 154.0, "access_quality": "approach-review", "access_src": "routed", "city": "Pittsburg", "city_kind": "city", "inside_frac": 1.0, "rank_lo": 2, "rank_hi": 22, "rank_top_share": 1.0}, "geometry": {"type": "Polygon", "coordinates": [[[-121.90635, 38.01964], [-121.90526, 38.02132], [-121.90652, 38.02283], [-121.90886, 38.02266], [-121.90995, 38.02098], [-121.90869, 38.01947], [-121.90635, 38.01964]]]}}, {"type": "Feature", "properties": {"id": 654, "name": "Woodland Hills Apartment Homes N 8", "lst": 47.99, "green": 3.79, "pop": 219, "pct65": 14.4, "ac": 73.75, "holc": null, "access_min": 30.1, "access_km": 2.41, "score": 82.4, "rank": 21.0, "area_m2": 109622, "street_m": 647, "canopy_m2": 4160.0, "row_m2": 0.0, "row_canopy": 0.0, "veg": 10.0, "place": "res", "land": null, "green_src": "canopy", "canopy_source": "usfs-2022", "canopy_year": "2022", "assessed_m2": 109686.96, "coverage_frac": 0.9999878457494524, "canopy_quality": "full", "scenario_ok": true, "canopy_baseline_ok": true, "ac_src": "lace", "ac_coverage": 1.0, "acs_year": 2024, "access_snap_m": 203.0, "access_quality": "approach-review", "access_src": "routed", "city": "Pittsburg", "city_kind": "city", "inside_frac": 1.0, "rank_lo": 12, "rank_hi": 41, "rank_top_share": 0.997}, "geometry": {"type": "Polygon", "coordinates": [[[-121.906, 38.01327], [-121.90491, 38.01495], [-121.90617, 38.01645], [-121.90852, 38.01628], [-121.9096, 38.01461], [-121.90834, 38.0131], [-121.906, 38.01327]]]}}, {"type": "Feature", "properties": {"id": 655, "name": "Woodland Hills Apartment Homes NW 12", "lst": 43.89, "green": 3.52, "pop": 151, "pct65": 12.1, "ac": 79.5, "holc": null, "access_min": 34.3, "access_km": 2.75, "score": 66.7, "rank": 105.0, "area_m2": 109616, "street_m": 282, "canopy_m2": 3857.0, "row_m2": 0.0, "row_canopy": 0.0, "veg": 25.8, "place": "res", "land": null, "green_src": "canopy", "canopy_source": "usfs-2022", "canopy_year": "2022", "assessed_m2": 109676.88, "coverage_frac": 0.9999453218146424, "canopy_quality": "full", "scenario_ok": true, "canopy_baseline_ok": true, "ac_src": "lace", "ac_coverage": 1.0, "acs_year": 2024, "access_snap_m": 119.0, "access_quality": "approach-review", "access_src": "routed", "city": "Pittsburg", "city_kind": "city", "inside_frac": 1.0, "rank_lo": 76, "rank_hi": 146, "rank_top_share": 0.007}, "geometry": {"type": "Polygon", "coordinates": [[[-121.9096, 38.01461], [-121.90852, 38.01628], [-121.90978, 38.01779], [-121.91212, 38.01762], [-121.91321, 38.01594], [-121.91195, 38.01444], [-121.9096, 38.01461]]]}}, {"type": "Feature", "properties": {"id": 656, "name": "Pittsburg Park Apartments W 3", "lst": 48.29, "green": 12.14, "pop": 281, "pct65": 15.6, "ac": 70.7, "holc": null, "access_min": 24.3, "access_km": 1.95, "score": 67.3, "rank": 100.0, "area_m2": 109623, "street_m": 1630, "canopy_m2": 13311.0, "row_m2": 0.0, "row_canopy": 0.0, "veg": 14.2, "place": "res", "land": null, "green_src": "canopy", "canopy_source": "usfs-2022", "canopy_year": "2022", "assessed_m2": 109689.48, "coverage_frac": 1.0, "canopy_quality": "full", "scenario_ok": true, "canopy_baseline_ok": true, "ac_src": "lace", "ac_coverage": 1.0, "acs_year": 2024, "access_snap_m": 104.0, "access_quality": "approach-review", "access_src": "routed", "city": "Pittsburg", "city_kind": "city", "inside_frac": 1.0, "rank_lo": 54, "rank_hi": 284, "rank_top_share": 0.053}, "geometry": {"type": "Polygon", "coordinates": [[[-121.90257, 38.01512], [-121.90148, 38.01679], [-121.90274, 38.0183], [-121.90509, 38.01813], [-121.90617, 38.01645], [-121.90491, 38.01495], [-121.90257, 38.01512]]]}}, {"type": "Feature", "properties": {"id": 657, "name": "Broadway Mobil Home Park N", "lst": 42.69, "green": 6.47, "pop": 108, "pct65": 7.7, "ac": 76.1, "holc": null, "access_min": 67.3, "access_km": 5.38, "score": 52.7, "rank": 236.0, "area_m2": 109564, "street_m": 444, "canopy_m2": 2478.0, "row_m2": 0.0, "row_canopy": 0.0, "veg": 11.8, "place": "res", "land": null, "green_src": "canopy", "canopy_source": "usfs-2022", "canopy_year": "2022", "assessed_m2": 38304.0, "coverage_frac": 0.3493904137336444, "canopy_quality": "partial", "scenario_ok": true, "canopy_baseline_ok": false, "ac_src": "lace", "ac_coverage": 1.0, "acs_year": 2024, "access_snap_m": 179.0, "access_quality": "approach-review", "access_src": "routed", "city": "Bay Point", "city_kind": "cdp", "inside_frac": 1.0, "rank_lo": 168, "rank_hi": 350, "rank_top_share": 0.0}, "geometry": {"type": "Polygon", "coordinates": [[[-121.93878, 38.03168], [-121.9377, 38.03336], [-121.93896, 38.03487], [-121.9413, 38.0347], [-121.94239, 38.03302], [-121.94113, 38.03151], [-121.93878, 38.03168]]]}}, {"type": "Feature", "properties": {"id": 658, "name": "Broadway Mobil Home Park N 2", "lst": 43.57, "green": 7.84, "pop": 108, "pct65": 7.7, "ac": 76.1, "holc": null, "access_min": 73.3, "access_km": 5.86, "score": 49.1, "rank": 315.0, "area_m2": 109559, "street_m": 0, "canopy_m2": 1878.0, "row_m2": 0.0, "row_canopy": 0.0, "veg": 10.8, "place": "res", "land": null, "green_src": "canopy", "canopy_source": "usfs-2022", "canopy_year": "2022", "assessed_m2": 23936.76, "coverage_frac": 0.2183502537504529, "canopy_quality": "partial", "scenario_ok": false, "canopy_baseline_ok": false, "ac_src": "lace", "ac_coverage": 1.0, "acs_year": 2024, "access_snap_m": 141.0, "access_quality": "approach-review", "access_src": "routed", "city": "Bay Point", "city_kind": "cdp", "inside_frac": 1.0, "rank_lo": 204, "rank_hi": 415, "rank_top_share": 0.0}, "geometry": {"type": "Polygon", "coordinates": [[[-121.94239, 38.03302], [-121.9413, 38.0347], [-121.94256, 38.03621], [-121.94491, 38.03604], [-121.94599, 38.03436], [-121.94473, 38.03285], [-121.94239, 38.03302]]]}}, {"type": "Feature", "properties": {"id": 659, "name": "Bob's Trailer Park NE 2", "lst": 31.58, "green": 0.0, "pop": 0, "pct65": 12.9, "ac": 65.05, "holc": null, "access_min": 68.0, "access_km": 5.44, "score": null, "rank": null, "area_m2": 109565, "street_m": 0, "canopy_m2": 0.0, "row_m2": 0.0, "row_canopy": 0.0, "veg": 45.0, "place": "empty", "land": "wetland", "green_src": "canopy", "canopy_source": "chm-legacy", "canopy_year": "2009-2020", "assessed_m2": 178669.44, "coverage_frac": 1.0, "canopy_quality": "full", "scenario_ok": false, "canopy_baseline_ok": false, "ac_src": "income-model", "ac_coverage": null, "acs_year": 2024, "access_snap_m": 460.0, "access_quality": "approach-review", "access_src": "routed", "city": "Bay Point", "city_kind": "cdp", "inside_frac": 1.0, "rank_lo": null, "rank_hi": null, "rank_top_share": null}, "geometry": {"type": "Polygon", "coordinates": [[[-121.93535, 38.03353], [-121.93427, 38.03521], [-121.93553, 38.03672], [-121.93787, 38.03655], [-121.93896, 38.03487], [-121.9377, 38.03336], [-121.93535, 38.03353]]]}}, {"type": "Feature", "properties": {"id": 660, "name": "Broadway Mobil Home Park N 3", "lst": 33.1, "green": 0.0, "pop": 0, "pct65": 12.9, "ac": 65.05, "holc": null, "access_min": 71.8, "access_km": 5.74, "score": null, "rank": null, "area_m2": 109560, "street_m": 0, "canopy_m2": 0.0, "row_m2": 0.0, "row_canopy": 0.0, "veg": 41.0, "place": "empty", "land": "wetland", "green_src": "canopy", "canopy_source": "chm-legacy", "canopy_year": "2009-2020", "assessed_m2": 178659.36, "coverage_frac": 1.0, "canopy_quality": "full", "scenario_ok": false, "canopy_baseline_ok": false, "ac_src": "income-model", "ac_coverage": null, "acs_year": 2024, "access_snap_m": 433.0, "access_quality": "approach-review", "access_src": "routed", "city": "Bay Point", "city_kind": "cdp", "inside_frac": 1.0, "rank_lo": null, "rank_hi": null, "rank_top_share": null}, "geometry": {"type": "Polygon", "coordinates": [[[-121.93896, 38.03487], [-121.93787, 38.03655], [-121.93913, 38.03806], [-121.94148, 38.03789], [-121.94256, 38.03621], [-121.9413, 38.0347], [-121.93896, 38.03487]]]}}, {"type": "Feature", "properties": {"id": 661, "name": "Bob's Trailer Park", "lst": 46.98, "green": 13.77, "pop": 108, "pct65": 7.7, "ac": 76.1, "holc": null, "access_min": 63.5, "access_km": 5.08, "score": 33.3, "rank": 520.0, "area_m2": 109569, "street_m": 1547, "canopy_m2": 15095.0, "row_m2": 0.0, "row_canopy": 0.0, "veg": 11.7, "place": "res", "land": null, "green_src": "canopy", "canopy_source": "usfs-2022", "canopy_year": "2022", "assessed_m2": 109635.48, "coverage_frac": 1.0, "canopy_quality": "full", "scenario_ok": true, "canopy_baseline_ok": true, "ac_src": "lace", "ac_coverage": 1.0, "acs_year": 2024, "access_snap_m": 40.0, "access_quality": "network-estimate", "access_src": "routed", "city": "Bay Point", "city_kind": "cdp", "inside_frac": 1.0, "rank_lo": 448, "rank_hi": 531, "rank_top_share": 0.0}, "geometry": {"type": "Polygon", "coordinates": [[[-121.93861, 38.0285], [-121.93752, 38.03018], [-121.93878, 38.03168], [-121.94113, 38.03151], [-121.94221, 38.02984], [-121.94095, 38.02833], [-121.93861, 38.0285]]]}}, {"type": "Feature", "properties": {"id": 662, "name": "Broadway Mobil Home Park NW", "lst": 47.39, "green": 3.26, "pop": 108, "pct65": 7.7, "ac": 76.1, "holc": null, "access_min": 73.4, "access_km": 5.87, "score": 61.2, "rank": 166.0, "area_m2": 109563, "street_m": 0, "canopy_m2": 3569.0, "row_m2": 0.0, "row_canopy": 0.0, "veg": 3.6, "place": "res", "land": null, "green_src": "canopy", "canopy_source": "usfs-2022", "canopy_year": "2022", "assessed_m2": 109626.12, "coverage_frac": 0.9999663147598346, "canopy_quality": "full", "scenario_ok": false, "canopy_baseline_ok": true, "ac_src": "lace", "ac_coverage": 1.0, "acs_year": 2024, "access_snap_m": 47.0, "access_quality": "network-estimate", "access_src": "routed", "city": "Bay Point", "city_kind": "cdp", "inside_frac": 1.0, "rank_lo": 89, "rank_hi": 189, "rank_top_share": 0.0}, "geometry": {"type": "Polygon", "coordinates": [[[-121.94221, 38.02984], [-121.94113, 38.03151], [-121.94239, 38.03302], [-121.94473, 38.03285], [-121.94582, 38.03117], [-121.94456, 38.02967], [-121.94221, 38.02984]]]}}, {"type": "Feature", "properties": {"id": 663, "name": "Bob's Trailer Park NE", "lst": 43.36, "green": 3.75, "pop": 108, "pct65": 7.7, "ac": 76.1, "holc": null, "access_min": 61.2, "access_km": 4.9, "score": 59.9, "rank": 180.0, "area_m2": 109570, "street_m": 49, "canopy_m2": 822.0, "row_m2": 0.0, "row_canopy": 0.0, "veg": 13.1, "place": "res", "land": null, "green_src": "canopy", "canopy_source": "usfs-2022", "canopy_year": "2022", "assessed_m2": 21894.84, "coverage_frac": 0.1997041805931687, "canopy_quality": "partial", "scenario_ok": true, "canopy_baseline_ok": false, "ac_src": "lace", "ac_coverage": 1.0, "acs_year": 2024, "access_snap_m": 291.0, "access_quality": "approach-review", "access_src": "routed", "city": "Bay Point", "city_kind": "cdp", "inside_frac": 1.0, "rank_lo": 101, "rank_hi": 203, "rank_top_share": 0.0}, "geometry": {"type": "Polygon", "coordinates": [[[-121.93518, 38.03035], [-121.93409, 38.03203], [-121.93535, 38.03353], [-121.9377, 38.03336], [-121.93878, 38.03168], [-121.93752, 38.03018], [-121.93518, 38.03035]]]}}, {"type": "Feature", "properties": {"id": 664, "name": "Broadway Mobil Home Park NW 4", "lst": 32.33, "green": 0.03, "pop": 0, "pct65": 12.9, "ac": 65.05, "holc": null, "access_min": 81.5, "access_km": 6.52, "score": null, "rank": null, "area_m2": 109549, "street_m": 0, "canopy_m2": 30.0, "row_m2": 0.0, "row_canopy": 0.0, "veg": 18.0, "place": "empty", "land": "wetland", "green_src": "canopy", "canopy_source": "chm-legacy", "canopy_year": "2009-2020", "assessed_m2": 178663.68, "coverage_frac": 1.0, "canopy_quality": "full", "scenario_ok": false, "canopy_baseline_ok": false, "ac_src": "income-model", "ac_coverage": null, "acs_year": 2024, "access_snap_m": 378.0, "access_quality": "approach-review", "access_src": "routed", "city": "Bay Point", "city_kind": "cdp", "inside_frac": 1.0, "rank_lo": null, "rank_hi": null, "rank_top_share": null}, "geometry": {"type": "Polygon", "coordinates": [[[-121.94617, 38.03755], [-121.94508, 38.03922], [-121.94634, 38.04073], [-121.94869, 38.04056], [-121.94977, 38.03888], [-121.94851, 38.03737], [-121.94617, 38.03755]]]}}, {"type": "Feature", "properties": {"id": 665, "name": "Anchor Square Apartments NE 3", "lst": 31.77, "green": 0.0, "pop": 0, "pct65": 12.9, "ac": 65.05, "holc": null, "access_min": 87.4, "access_km": 6.99, "score": null, "rank": null, "area_m2": 109544, "street_m": 0, "canopy_m2": 0.0, "row_m2": 0.0, "row_canopy": 0.0, "veg": 22.9, "place": "empty", "land": "wetland", "green_src": "canopy", "canopy_source": "chm-legacy", "canopy_year": "2009-2020", "assessed_m2": 178655.04, "coverage_frac": 1.0, "canopy_quality": "full", "scenario_ok": false, "canopy_baseline_ok": false, "ac_src": "income-model", "ac_coverage": null, "acs_year": 2024, "access_snap_m": 430.0, "access_quality": "approach-review", "access_src": "routed", "city": "Bay Point", "city_kind": "cdp", "inside_frac": 1.0, "rank_lo": null, "rank_hi": null, "rank_top_share": null}, "geometry": {"type": "Polygon", "coordinates": [[[-121.94977, 38.03888], [-121.94869, 38.04056], [-121.94995, 38.04207], [-121.95229, 38.0419], [-121.95337, 38.04022], [-121.95211, 38.03871], [-121.94977, 38.03888]]]}}, {"type": "Feature", "properties": {"id": 666, "name": "Broadway Mobil Home Park N 6", "lst": 29.43, "green": 0.0, "pop": 0, "pct65": 12.9, "ac": 65.05, "holc": null, "access_min": 80.2, "access_km": 6.42, "score": null, "rank": null, "area_m2": 109550, "street_m": 0, "canopy_m2": 0.0, "row_m2": 0.0, "row_canopy": 0.0, "veg": 42.2, "place": "empty", "land": "wetland", "green_src": "canopy", "canopy_source": "chm-legacy", "canopy_year": "2009-2020", "assessed_m2": 178666.56, "coverage_frac": 1.0, "canopy_quality": "full", "scenario_ok": false, "canopy_baseline_ok": false, "ac_src": "income-model", "ac_coverage": null, "acs_year": 2024, "access_snap_m": 693.0, "access_quality": "approach-review", "access_src": "routed", "city": "Bay Point", "city_kind": "cdp", "inside_frac": 1.0, "rank_lo": null, "rank_hi": null, "rank_top_share": null}, "geometry": {"type": "Polygon", "coordinates": [[[-121.94274, 38.03939], [-121.94165, 38.04107], [-121.94291, 38.04258], [-121.94526, 38.04241], [-121.94634, 38.04073], [-121.94508, 38.03922], [-121.94274, 38.03939]]]}}, {"type": "Feature", "properties": {"id": 667, "name": "Anchor Square Apartments NE 4", "lst": 26.57, "green": 0.0, "pop": 0, "pct65": 12.9, "ac": 65.05, "holc": null, "access_min": 84.6, "access_km": 6.77, "score": null, "rank": null, "area_m2": 109545, "street_m": 0, "canopy_m2": 0.0, "row_m2": 0.0, "row_canopy": 0.0, "veg": 17.6, "place": "empty", "land": "open water", "green_src": "canopy", "canopy_source": "chm-legacy", "canopy_year": "2009-2020", "assessed_m2": 178670.88, "coverage_frac": 1.0, "canopy_quality": "full", "scenario_ok": false, "canopy_baseline_ok": false, "ac_src": "income-model", "ac_coverage": null, "acs_year": 2024, "access_snap_m": 616.0, "access_quality": "approach-review", "access_src": "routed", "city": "Bay Point", "city_kind": "cdp", "inside_frac": 1.0, "rank_lo": null, "rank_hi": null, "rank_top_share": null}, "geometry": {"type": "Polygon", "coordinates": [[[-121.94634, 38.04073], [-121.94526, 38.04241], [-121.94652, 38.04392], [-121.94886, 38.04375], [-121.94995, 38.04207], [-121.94869, 38.04056], [-121.94634, 38.04073]]]}}, {"type": "Feature", "properties": {"id": 668, "name": "Broadway Mobil Home Park NW 3", "lst": 43.54, "green": 3.3, "pop": 117, "pct65": 9.4, "ac": 76.1, "holc": null, "access_min": 77.7, "access_km": 6.22, "score": 64.0, "rank": 131.0, "area_m2": 109553, "street_m": 0, "canopy_m2": 696.0, "row_m2": 0.0, "row_canopy": 0.0, "veg": 14.6, "place": "res", "land": null, "green_src": "canopy", "canopy_source": "usfs-2022", "canopy_year": "2022", "assessed_m2": 21078.36, "coverage_frac": 0.1922855443270257, "canopy_quality": "partial", "scenario_ok": false, "canopy_baseline_ok": false, "ac_src": "lace", "ac_coverage": 1.0, "acs_year": 2024, "access_snap_m": 75.0, "access_quality": "network-estimate", "access_src": "routed", "city": "Bay Point", "city_kind": "cdp", "inside_frac": 1.0, "rank_lo": 75, "rank_hi": 169, "rank_top_share": 0.003}, "geometry": {"type": "Polygon", "coordinates": [[[-121.94599, 38.03436], [-121.94491, 38.03604], [-121.94617, 38.03755], [-121.94851, 38.03737], [-121.9496, 38.0357], [-121.94834, 38.03419], [-121.94599, 38.03436]]]}}, {"type": "Feature", "properties": {"id": 669, "name": "Anchor Square Apartments E 2", "lst": 41.01, "green": 0.0, "pop": 113, "pct65": 8.7, "ac": 76.1, "holc": null, "access_min": 82.0, "access_km": 6.56, "score": 71.6, "rank": 78.0, "area_m2": 109548, "street_m": 0, "canopy_m2": 0.0, "row_m2": 0.0, "row_canopy": 0.0, "veg": 14.7, "place": "res", "land": null, "green_src": "canopy", "canopy_source": "usfs-2022", "canopy_year": "2022", "assessed_m2": 12433.68, "coverage_frac": 0.1134307988661178, "canopy_quality": "partial", "scenario_ok": false, "canopy_baseline_ok": false, "ac_src": "lace", "ac_coverage": 1.0, "acs_year": 2024, "access_snap_m": 423.0, "access_quality": "approach-review", "access_src": "routed", "city": "Bay Point", "city_kind": "cdp", "inside_frac": 1.0, "rank_lo": 26, "rank_hi": 105, "rank_top_share": 0.42}, "geometry": {"type": "Polygon", "coordinates": [[[-121.9496, 38.0357], [-121.94851, 38.03737], [-121.94977, 38.03888], [-121.95211, 38.03871], [-121.9532, 38.03703], [-121.95194, 38.03553], [-121.9496, 38.0357]]]}}, {"type": "Feature", "properties": {"id": 670, "name": "Broadway Mobil Home Park N 4", "lst": 35.28, "green": 0.0, "pop": 0, "pct65": 12.9, "ac": 65.05, "holc": null, "access_min": 76.0, "access_km": 6.08, "score": null, "rank": null, "area_m2": 109554, "street_m": 0, "canopy_m2": 0.0, "row_m2": 0.0, "row_canopy": 0.0, "veg": 35.1, "place": "empty", "land": "wetland", "green_src": "canopy", "canopy_source": "chm-legacy", "canopy_year": "2009-2020", "assessed_m2": 178663.68, "coverage_frac": 1.0, "canopy_quality": "full", "scenario_ok": false, "canopy_baseline_ok": false, "ac_src": "income-model", "ac_coverage": null, "acs_year": 2024, "access_snap_m": 354.0, "access_quality": "approach-review", "access_src": "routed", "city": "Bay Point", "city_kind": "cdp", "inside_frac": 1.0, "rank_lo": null, "rank_hi": null, "rank_top_share": null}, "geometry": {"type": "Polygon", "coordinates": [[[-121.94256, 38.03621], [-121.94148, 38.03789], [-121.94274, 38.03939], [-121.94508, 38.03922], [-121.94617, 38.03755], [-121.94491, 38.03604], [-121.94256, 38.03621]]]}}, {"type": "Feature", "properties": {"id": 671, "name": "California Seasons N 2", "lst": 32.01, "green": 0.0, "pop": 0, "pct65": 12.9, "ac": 65.05, "holc": null, "access_min": 58.0, "access_km": 4.64, "score": null, "rank": null, "area_m2": 109572, "street_m": 0, "canopy_m2": 0.0, "row_m2": 0.0, "row_canopy": 0.0, "veg": 39.5, "place": "empty", "land": "wetland", "green_src": "canopy", "canopy_source": "chm-legacy", "canopy_year": "2009-2020", "assessed_m2": 178679.52, "coverage_frac": 1.0, "canopy_quality": "full", "scenario_ok": false, "canopy_baseline_ok": false, "ac_src": "income-model", "ac_coverage": null, "acs_year": 2024, "access_snap_m": 744.0, "access_quality": "approach-review", "access_src": "routed", "city": "Bay Point", "city_kind": "cdp", "inside_frac": 1.0, "rank_lo": null, "rank_hi": null, "rank_top_share": null}, "geometry": {"type": "Polygon", "coordinates": [[[-121.92832, 38.03404], [-121.92723, 38.03572], [-121.92849, 38.03723], [-121.93084, 38.03706], [-121.93192, 38.03538], [-121.93066, 38.03387], [-121.92832, 38.03404]]]}}, {"type": "Feature", "properties": {"id": 672, "name": "California Seasons N 3", "lst": 29.72, "green": 0.0, "pop": 0, "pct65": 12.9, "ac": 65.05, "holc": null, "access_min": 67.6, "access_km": 5.41, "score": null, "rank": null, "area_m2": 109566, "street_m": 0, "canopy_m2": 0.0, "row_m2": 0.0, "row_canopy": 0.0, "veg": 45.0, "place": "empty", "land": "wetland", "green_src": "canopy", "canopy_source": "chm-legacy", "canopy_year": "2009-2020", "assessed_m2": 178680.96, "coverage_frac": 1.0, "canopy_quality": "full", "scenario_ok": false, "canopy_baseline_ok": false, "ac_src": "income-model", "ac_coverage": null, "acs_year": 2024, "access_snap_m": 804.0, "access_quality": "approach-review", "access_src": "routed", "city": "Bay Point", "city_kind": "cdp", "inside_frac": 1.0, "rank_lo": null, "rank_hi": null, "rank_top_share": null}, "geometry": {"type": "Polygon", "coordinates": [[[-121.93192, 38.03538], [-121.93084, 38.03706], [-121.9321, 38.03857], [-121.93444, 38.0384], [-121.93553, 38.03672], [-121.93427, 38.03521], [-121.93192, 38.03538]]]}}, {"type": "Feature", "properties": {"id": 673, "name": "California Seasons N 4", "lst": 34.18, "green": 0.0, "pop": 0, "pct65": 12.9, "ac": 65.05, "holc": null, "access_min": 59.4, "access_km": 4.75, "score": null, "rank": null, "area_m2": 109573, "street_m": 0, "canopy_m2": 0.0, "row_m2": 0.0, "row_canopy": 0.0, "veg": 24.0, "place": "empty", "land": "wetland", "green_src": "canopy", "canopy_source": "chm-legacy", "canopy_year": "2009-2020", "assessed_m2": 178689.6, "coverage_frac": 1.0, "canopy_quality": "full", "scenario_ok": false, "canopy_baseline_ok": false, "ac_src": "income-model", "ac_coverage": null, "acs_year": 2024, "access_snap_m": 943.0, "access_quality": "approach-review", "access_src": "routed", "city": "Pittsburg", "city_kind": "city", "inside_frac": 1.0, "rank_lo": null, "rank_hi": null, "rank_top_share": null}, "geometry": {"type": "Polygon", "coordinates": [[[-121.92489, 38.03589], [-121.9238, 38.03757], [-121.92506, 38.03908], [-121.92741, 38.03891], [-121.92849, 38.03723], [-121.92723, 38.03572], [-121.92489, 38.03589]]]}}, {"type": "Feature", "properties": {"id": 674, "name": "California Seasons N 5", "lst": 30.05, "green": 0.0, "pop": 0, "pct65": 12.9, "ac": 65.05, "holc": null, "access_min": 63.2, "access_km": 5.06, "score": null, "rank": null, "area_m2": 109567, "street_m": 0, "canopy_m2": 0.0, "row_m2": 0.0, "row_canopy": 0.0, "veg": 39.3, "place": "empty", "land": "wetland", "green_src": "canopy", "canopy_source": "chm-legacy", "canopy_year": "2009-2020", "assessed_m2": 178683.84, "coverage_frac": 1.0, "canopy_quality": "full", "scenario_ok": false, "canopy_baseline_ok": false, "ac_src": "income-model", "ac_coverage": null, "acs_year": 2024, "access_snap_m": 1071.0, "access_quality": "approach-review", "access_src": "routed", "city": "Bay Point", "city_kind": "cdp", "inside_frac": 1.0, "rank_lo": null, "rank_hi": null, "rank_top_share": null}, "geometry": {"type": "Polygon", "coordinates": [[[-121.92849, 38.03723], [-121.92741, 38.03891], [-121.92867, 38.04042], [-121.93101, 38.04025], [-121.9321, 38.03857], [-121.93084, 38.03706], [-121.92849, 38.03723]]]}}, {"type": "Feature", "properties": {"id": 675, "name": "California Seasons N", "lst": 40.15, "green": 1.38, "pop": 111, "pct65": 8.6, "ac": 76.76, "holc": null, "access_min": 54.5, "access_km": 4.36, "score": 66.9, "rank": 104.0, "area_m2": 109576, "street_m": 0, "canopy_m2": 1125.0, "row_m2": 0.0, "row_canopy": 0.0, "veg": 10.1, "place": "res", "land": null, "green_src": "canopy", "canopy_source": "usfs-2022", "canopy_year": "2022", "assessed_m2": 81403.2, "coverage_frac": 0.7424392502446879, "canopy_quality": "partial", "scenario_ok": false, "canopy_baseline_ok": false, "ac_src": "lace", "ac_coverage": 1.0, "acs_year": 2024, "access_snap_m": 372.0, "access_quality": "approach-review", "access_src": "routed", "city": "Bay Point", "city_kind": "cdp", "inside_frac": 1.0, "rank_lo": 55, "rank_hi": 142, "rank_top_share": 0.067}, "geometry": {"type": "Polygon", "coordinates": [[[-121.92814, 38.03086], [-121.92706, 38.03254], [-121.92832, 38.03404], [-121.93066, 38.03387], [-121.93175, 38.0322], [-121.93049, 38.03069], [-121.92814, 38.03086]]]}}, {"type": "Feature", "properties": {"id": 676, "name": "California Seasons NW 2", "lst": 35.07, "green": 0.0, "pop": 0, "pct65": 12.9, "ac": 65.05, "holc": null, "access_min": 58.7, "access_km": 4.69, "score": null, "rank": null, "area_m2": 109571, "street_m": 0, "canopy_m2": 0.0, "row_m2": 0.0, "row_canopy": 0.0, "veg": 32.9, "place": "empty", "land": "wetland", "green_src": "canopy", "canopy_source": "chm-legacy", "canopy_year": "2009-2020", "assessed_m2": 178666.56, "coverage_frac": 1.0, "canopy_quality": "full", "scenario_ok": false, "canopy_baseline_ok": false, "ac_src": "income-model", "ac_coverage": null, "acs_year": 2024, "access_snap_m": 482.0, "access_quality": "approach-review", "access_src": "routed", "city": "Bay Point", "city_kind": "cdp", "inside_frac": 1.0, "rank_lo": null, "rank_hi": null, "rank_top_share": null}, "geometry": {"type": "Polygon", "coordinates": [[[-121.93175, 38.0322], [-121.93066, 38.03387], [-121.93192, 38.03538], [-121.93427, 38.03521], [-121.93535, 38.03353], [-121.93409, 38.03203], [-121.93175, 38.0322]]]}}, {"type": "Feature", "properties": {"id": 677, "name": "California Seasons NE 2", "lst": 39.67, "green": 0.0, "pop": 130, "pct65": 14.5, "ac": 80.27, "holc": null, "access_min": 55.0, "access_km": 4.4, "score": 76.4, "rank": 51.0, "area_m2": 109577, "street_m": 0, "canopy_m2": 0.0, "row_m2": 0.0, "row_canopy": 0.0, "veg": 16.8, "place": "res", "land": null, "green_src": "canopy", "canopy_source": "usfs-2022", "canopy_year": "2022", "assessed_m2": 48843.72, "coverage_frac": 0.4454753940161474, "canopy_quality": "partial", "scenario_ok": false, "canopy_baseline_ok": false, "ac_src": "lace", "ac_coverage": 1.0, "acs_year": 2024, "access_snap_m": 590.0, "access_quality": "approach-review", "access_src": "routed", "city": "Pittsburg", "city_kind": "city", "inside_frac": 1.0, "rank_lo": 15, "rank_hi": 82, "rank_top_share": 0.66}, "geometry": {"type": "Polygon", "coordinates": [[[-121.92471, 38.03271], [-121.92363, 38.03438], [-121.92489, 38.03589], [-121.92723, 38.03572], [-121.92832, 38.03404], [-121.92706, 38.03254], [-121.92471, 38.03271]]]}}, {"type": "Feature", "properties": {"id": 678, "name": "Broadway Mobil Home Park N 7", "lst": 28.92, "green": 0.0, "pop": 0, "pct65": 12.9, "ac": 65.05, "holc": null, "access_min": 78.2, "access_km": 6.25, "score": null, "rank": null, "area_m2": 109556, "street_m": 0, "canopy_m2": 0.0, "row_m2": 0.0, "row_canopy": 0.0, "veg": 42.2, "place": "empty", "land": "wetland", "green_src": "canopy", "canopy_source": "chm-legacy", "canopy_year": "2009-2020", "assessed_m2": 178685.28, "coverage_frac": 1.0, "canopy_quality": "full", "scenario_ok": false, "canopy_baseline_ok": false, "ac_src": "income-model", "ac_coverage": null, "acs_year": 2024, "access_snap_m": 1054.0, "access_quality": "approach-review", "access_src": "routed", "city": "Bay Point", "city_kind": "cdp", "inside_frac": 1.0, "rank_lo": null, "rank_hi": null, "rank_top_share": null}, "geometry": {"type": "Polygon", "coordinates": [[[-121.9357, 38.03991], [-121.93462, 38.04158], [-121.93588, 38.04309], [-121.93822, 38.04292], [-121.93931, 38.04124], [-121.93805, 38.03974], [-121.9357, 38.03991]]]}}, {"type": "Feature", "properties": {"id": 679, "name": "Broadway Mobil Home Park N 8", "lst": 28.77, "green": 0.0, "pop": 0, "pct65": 12.9, "ac": 65.05, "holc": null, "access_min": 82.6, "access_km": 6.61, "score": null, "rank": null, "area_m2": 109551, "street_m": 0, "canopy_m2": 0.0, "row_m2": 0.0, "row_canopy": 0.0, "veg": 41.6, "place": "empty", "land": "wetland", "green_src": "canopy", "canopy_source": "chm-legacy", "canopy_year": "2009-2020", "assessed_m2": 178683.84, "coverage_frac": 1.0, "canopy_quality": "full", "scenario_ok": false, "canopy_baseline_ok": false, "ac_src": "income-model", "ac_coverage": null, "acs_year": 2024, "access_snap_m": 888.0, "access_quality": "approach-review", "access_src": "routed", "city": "Bay Point", "city_kind": "cdp", "inside_frac": 1.0, "rank_lo": null, "rank_hi": null, "rank_top_share": null}, "geometry": {"type": "Polygon", "coordinates": [[[-121.93931, 38.04124], [-121.93822, 38.04292], [-121.93948, 38.04443], [-121.94183, 38.04426], [-121.94291, 38.04258], [-121.94165, 38.04107], [-121.93931, 38.04124]]]}}, {"type": "Feature", "properties": {"id": 680, "name": "California Seasons N 10", "lst": 27.99, "green": 0.0, "pop": 0, "pct65": 12.9, "ac": 65.05, "holc": null, "access_min": 81.6, "access_km": 6.53, "score": null, "rank": null, "area_m2": 109558, "street_m": 0, "canopy_m2": 0.0, "row_m2": 0.0, "row_canopy": 0.0, "veg": 30.4, "place": "empty", "land": "wetland", "green_src": "canopy", "canopy_source": "chm-legacy", "canopy_year": "2009-2020", "assessed_m2": 178698.24, "coverage_frac": 1.0, "canopy_quality": "full", "scenario_ok": false, "canopy_baseline_ok": false, "ac_src": "income-model", "ac_coverage": null, "acs_year": 2024, "access_snap_m": 1327.0, "access_quality": "approach-review", "access_src": "routed", "city": "Bay Point", "city_kind": "cdp", "inside_frac": 1.0, "rank_lo": null, "rank_hi": null, "rank_top_share": null}, "geometry": {"type": "Polygon", "coordinates": [[[-121.93227, 38.04175], [-121.93119, 38.04343], [-121.93245, 38.04494], [-121.93479, 38.04477], [-121.93588, 38.04309], [-121.93462, 38.04158], [-121.93227, 38.04175]]]}}, {"type": "Feature", "properties": {"id": 681, "name": "Broadway Mobil Home Park N 10", "lst": 27.13, "green": 0.0, "pop": 0, "pct65": 12.9, "ac": 65.05, "holc": null, "access_min": 83.4, "access_km": 6.67, "score": null, "rank": null, "area_m2": 109552, "street_m": 0, "canopy_m2": 0.0, "row_m2": 0.0, "row_canopy": 0.0, "veg": 23.5, "place": "empty", "land": "wetland", "green_src": "canopy", "canopy_source": "chm-legacy", "canopy_year": "2009-2020", "assessed_m2": 178688.16, "coverage_frac": 1.0, "canopy_quality": "full", "scenario_ok": false, "canopy_baseline_ok": false, "ac_src": "income-model", "ac_coverage": null, "acs_year": 2024, "access_snap_m": 1363.0, "access_quality": "approach-review", "access_src": "routed", "city": "Bay Point", "city_kind": "cdp", "inside_frac": 1.0, "rank_lo": null, "rank_hi": null, "rank_top_share": null}, "geometry": {"type": "Polygon", "coordinates": [[[-121.93588, 38.04309], [-121.93479, 38.04477], [-121.93605, 38.04628], [-121.9384, 38.04611], [-121.93948, 38.04443], [-121.93822, 38.04292], [-121.93588, 38.04309]]]}}, {"type": "Feature", "properties": {"id": 682, "name": "Bob's Trailer Park N", "lst": 29.9, "green": 0.0, "pop": 0, "pct65": 12.9, "ac": 65.05, "holc": null, "access_min": 73.9, "access_km": 5.91, "score": null, "rank": null, "area_m2": 109561, "street_m": 0, "canopy_m2": 0.0, "row_m2": 0.0, "row_canopy": 0.0, "veg": 42.2, "place": "empty", "land": "wetland", "green_src": "canopy", "canopy_source": "chm-legacy", "canopy_year": "2009-2020", "assessed_m2": 178680.96, "coverage_frac": 1.0, "canopy_quality": "full", "scenario_ok": false, "canopy_baseline_ok": false, "ac_src": "income-model", "ac_coverage": null, "acs_year": 2024, "access_snap_m": 709.0, "access_quality": "approach-review", "access_src": "routed", "city": "Bay Point", "city_kind": "cdp", "inside_frac": 1.0, "rank_lo": null, "rank_hi": null, "rank_top_share": null}, "geometry": {"type": "Polygon", "coordinates": [[[-121.93553, 38.03672], [-121.93444, 38.0384], [-121.9357, 38.03991], [-121.93805, 38.03974], [-121.93913, 38.03806], [-121.93787, 38.03655], [-121.93553, 38.03672]]]}}, {"type": "Feature", "properties": {"id": 683, "name": "Broadway Mobil Home Park N 5", "lst": 29.82, "green": 0.0, "pop": 0, "pct65": 12.9, "ac": 65.05, "holc": null, "access_min": 78.3, "access_km": 6.27, "score": null, "rank": null, "area_m2": 109556, "street_m": 0, "canopy_m2": 0.0, "row_m2": 0.0, "row_canopy": 0.0, "veg": 41.0, "place": "empty", "land": "wetland", "green_src": "canopy", "canopy_source": "chm-legacy", "canopy_year": "2009-2020", "assessed_m2": 178670.88, "coverage_frac": 1.0, "canopy_quality": "full", "scenario_ok": false, "canopy_baseline_ok": false, "ac_src": "income-model", "ac_coverage": null, "acs_year": 2024, "access_snap_m": 545.0, "access_quality": "approach-review", "access_src": "routed", "city": "Bay Point", "city_kind": "cdp", "inside_frac": 1.0, "rank_lo": null, "rank_hi": null, "rank_top_share": null}, "geometry": {"type": "Polygon", "coordinates": [[[-121.93913, 38.03806], [-121.93805, 38.03974], [-121.93931, 38.04124], [-121.94165, 38.04107], [-121.94274, 38.03939], [-121.94148, 38.03789], [-121.93913, 38.03806]]]}}, {"type": "Feature", "properties": {"id": 684, "name": "California Seasons N 6", "lst": 29.51, "green": 0.0, "pop": 0, "pct65": 12.9, "ac": 65.05, "holc": null, "access_min": 77.6, "access_km": 6.21, "score": null, "rank": null, "area_m2": 109562, "street_m": 0, "canopy_m2": 0.0, "row_m2": 0.0, "row_canopy": 0.0, "veg": 38.9, "place": "empty", "land": "wetland", "green_src": "canopy", "canopy_source": "chm-legacy", "canopy_year": "2009-2020", "assessed_m2": 178675.2, "coverage_frac": 1.0, "canopy_quality": "full", "scenario_ok": false, "canopy_baseline_ok": false, "ac_src": "income-model", "ac_coverage": null, "acs_year": 2024, "access_snap_m": 1008.0, "access_quality": "approach-review", "access_src": "routed", "city": "Bay Point", "city_kind": "cdp", "inside_frac": 1.0, "rank_lo": null, "rank_hi": null, "rank_top_share": null}, "geometry": {"type": "Polygon", "coordinates": [[[-121.9321, 38.03857], [-121.93101, 38.04025], [-121.93227, 38.04175], [-121.93462, 38.04158], [-121.9357, 38.03991], [-121.93444, 38.0384], [-121.9321, 38.03857]]]}}, {"type": "Feature", "properties": {"id": 685, "name": "Hidden Cove Apartments", "lst": 47.05, "green": 14.69, "pop": 330, "pct65": 16.4, "ac": 69.67, "holc": null, "access_min": 65.3, "access_km": 5.23, "score": 65.2, "rank": 119.0, "area_m2": 109572, "street_m": 1604, "canopy_m2": 16104.0, "row_m2": 0.0, "row_canopy": 0.0, "veg": 15.9, "place": "res", "land": null, "green_src": "canopy", "canopy_source": "usfs-2022", "canopy_year": "2022", "assessed_m2": 109637.64, "coverage_frac": 0.99999309236954, "canopy_quality": "full", "scenario_ok": true, "canopy_baseline_ok": true, "ac_src": "lace", "ac_coverage": 1.0, "acs_year": 2024, "access_snap_m": 51.0, "access_quality": "network-estimate", "access_src": "routed", "city": "Bay Point", "city_kind": "cdp", "inside_frac": 1.0, "rank_lo": 60, "rank_hi": 388, "rank_top_share": 0.043}, "geometry": {"type": "Polygon", "coordinates": [[[-121.94186, 38.02346], [-121.94078, 38.02514], [-121.94204, 38.02665], [-121.94438, 38.02648], [-121.94547, 38.0248], [-121.94421, 38.02329], [-121.94186, 38.02346]]]}}, {"type": "Feature", "properties": {"id": 686, "name": "Willowbrook Apartments", "lst": 46.9, "green": 7.66, "pop": 257, "pct65": 15.5, "ac": 69.95, "holc": null, "access_min": 67.4, "access_km": 5.39, "score": 80.3, "rank": 28.0, "area_m2": 109566, "street_m": 1381, "canopy_m2": 8402.0, "row_m2": 0.0, "row_canopy": 0.0, "veg": 8.3, "place": "res", "land": null, "green_src": "canopy", "canopy_source": "usfs-2022", "canopy_year": "2022", "assessed_m2": 109631.88, "coverage_frac": 0.9999900095562808, "canopy_quality": "full", "scenario_ok": true, "canopy_baseline_ok": true, "ac_src": "lace", "ac_coverage": 1.0, "acs_year": 2024, "access_snap_m": 51.0, "access_quality": "network-estimate", "access_src": "routed", "city": "Bay Point", "city_kind": "cdp", "inside_frac": 1.0, "rank_lo": 12, "rank_hi": 87, "rank_top_share": 0.757}, "geometry": {"type": "Polygon", "coordinates": [[[-121.94547, 38.0248], [-121.94438, 38.02648], [-121.94564, 38.02799], [-121.94799, 38.02782], [-121.94907, 38.02614], [-121.94781, 38.02463], [-121.94547, 38.0248]]]}}, {"type": "Feature", "properties": {"id": 687, "name": "Bella Monte Apartments W", "lst": 47.14, "green": 9.97, "pop": 216, "pct65": 10.3, "ac": 73.0, "holc": null, "access_min": 59.2, "access_km": 4.74, "score": 58.5, "rank": 193.0, "area_m2": 109573, "street_m": 1810, "canopy_m2": 10935.0, "row_m2": 0.0, "row_canopy": 0.0, "veg": 14.4, "place": "res", "land": null, "green_src": "canopy", "canopy_source": "usfs-2022", "canopy_year": "2022", "assessed_m2": 109639.44, "coverage_frac": 0.9999992052934712, "canopy_quality": "full", "scenario_ok": true, "canopy_baseline_ok": true, "ac_src": "lace", "ac_coverage": 1.0, "acs_year": 2024, "access_snap_m": 76.0, "access_quality": "network-estimate", "access_src": "routed", "city": "Bay Point", "city_kind": "cdp", "inside_frac": 1.0, "rank_lo": 126, "rank_hi": 345, "rank_top_share": 0.0}, "geometry": {"type": "Polygon", "coordinates": [[[-121.93843, 38.02531], [-121.93735, 38.02699], [-121.93861, 38.0285], [-121.94095, 38.02833], [-121.94204, 38.02665], [-121.94078, 38.02514], [-121.93843, 38.02531]]]}}, {"type": "Feature", "properties": {"id": 688, "name": "Broadway Mobil Home Park", "lst": 47.36, "green": 13.59, "pop": 118, "pct65": 8.5, "ac": 74.91, "holc": null, "access_min": 64.7, "access_km": 5.18, "score": 36.5, "rank": 501.0, "area_m2": 109568, "street_m": 425, "canopy_m2": 14898.0, "row_m2": 0.0, "row_canopy": 0.0, "veg": 9.9, "place": "res", "land": null, "green_src": "canopy", "canopy_source": "usfs-2022", "canopy_year": "2022", "assessed_m2": 109633.32, "coverage_frac": 0.999992835072124, "canopy_quality": "full", "scenario_ok": true, "canopy_baseline_ok": true, "ac_src": "lace", "ac_coverage": 1.0, "acs_year": 2024, "access_snap_m": 95.0, "access_quality": "network-estimate", "access_src": "routed", "city": "Bay Point", "city_kind": "cdp", "inside_frac": 1.0, "rank_lo": 379, "rank_hi": 522, "rank_top_share": 0.0}, "geometry": {"type": "Polygon", "coordinates": [[[-121.94204, 38.02665], [-121.94095, 38.02833], [-121.94221, 38.02984], [-121.94456, 38.02967], [-121.94564, 38.02799], [-121.94438, 38.02648], [-121.94204, 38.02665]]]}}, {"type": "Feature", "properties": {"id": 689, "name": "Westwood Village NE", "lst": 47.32, "green": 14.19, "pop": 326, "pct65": 16.1, "ac": 69.79, "holc": null, "access_min": 63.6, "access_km": 5.09, "score": 66.0, "rank": 110.0, "area_m2": 109576, "street_m": 1621, "canopy_m2": 15558.0, "row_m2": 0.0, "row_canopy": 0.0, "veg": 16.0, "place": "res", "land": null, "green_src": "canopy", "canopy_source": "usfs-2022", "canopy_year": "2022", "assessed_m2": 109641.6, "coverage_frac": 0.9999900734603476, "canopy_quality": "full", "scenario_ok": true, "canopy_baseline_ok": true, "ac_src": "lace", "ac_coverage": 1.0, "acs_year": 2024, "access_snap_m": 57.0, "access_quality": "network-estimate", "access_src": "routed", "city": "Bay Point", "city_kind": "cdp", "inside_frac": 1.0, "rank_lo": 68, "rank_hi": 352, "rank_top_share": 0.033}, "geometry": {"type": "Polygon", "coordinates": [[[-121.94169, 38.02028], [-121.9406, 38.02196], [-121.94186, 38.02346], [-121.94421, 38.02329], [-121.94529, 38.02161], [-121.94403, 38.02011], [-121.94169, 38.02028]]]}}, {"type": "Feature", "properties": {"id": 690, "name": "Casa Serena", "lst": 47.48, "green": 13.77, "pop": 329, "pct65": 17.3, "ac": 69.3, "holc": null, "access_min": 71.4, "access_km": 5.71, "score": 70.2, "rank": 85.0, "area_m2": 109571, "street_m": 1637, "canopy_m2": 15097.0, "row_m2": 0.0, "row_canopy": 0.0, "veg": 15.7, "place": "res", "land": null, "green_src": "canopy", "canopy_source": "usfs-2022", "canopy_year": "2022", "assessed_m2": 109634.76, "coverage_frac": 0.999977138302412, "canopy_quality": "full", "scenario_ok": true, "canopy_baseline_ok": true, "ac_src": "lace", "ac_coverage": 1.0, "acs_year": 2024, "access_snap_m": 71.0, "access_quality": "network-estimate", "access_src": "routed", "city": "Bay Point", "city_kind": "cdp", "inside_frac": 1.0, "rank_lo": 31, "rank_hi": 324, "rank_top_share": 0.193}, "geometry": {"type": "Polygon", "coordinates": [[[-121.94529, 38.02161], [-121.94421, 38.02329], [-121.94547, 38.0248], [-121.94781, 38.02463], [-121.9489, 38.02295], [-121.94764, 38.02144], [-121.94529, 38.02161]]]}}, {"type": "Feature", "properties": {"id": 691, "name": "Fair Hill Mobile Home Park N", "lst": 47.7, "green": 12.97, "pop": 335, "pct65": 11.7, "ac": 72.1, "holc": null, "access_min": 63.6, "access_km": 5.09, "score": 61.2, "rank": 165.0, "area_m2": 109577, "street_m": 1495, "canopy_m2": 14217.0, "row_m2": 0.0, "row_canopy": 0.0, "veg": 15.2, "place": "res", "land": null, "green_src": "canopy", "canopy_source": "usfs-2022", "canopy_year": "2022", "assessed_m2": 109639.44, "coverage_frac": 0.999960063675518, "canopy_quality": "full", "scenario_ok": true, "canopy_baseline_ok": true, "ac_src": "lace", "ac_coverage": 1.0, "acs_year": 2024, "access_snap_m": 150.0, "access_quality": "approach-review", "access_src": "routed", "city": "Bay Point", "city_kind": "cdp", "inside_frac": 1.0, "rank_lo": 81, "rank_hi": 377, "rank_top_share": 0.017}, "geometry": {"type": "Polygon", "coordinates": [[[-121.93826, 38.02213], [-121.93717, 38.0238], [-121.93843, 38.02531], [-121.94078, 38.02514], [-121.94186, 38.02346], [-121.9406, 38.02196], [-121.93826, 38.02213]]]}}, {"type": "Feature", "properties": {"id": 692, "name": "Rivershore Apartments NE 2", "lst": 44.67, "green": 2.1, "pop": 150, "pct65": 14.7, "ac": 76.1, "holc": null, "access_min": 79.3, "access_km": 6.35, "score": 77.4, "rank": 44.0, "area_m2": 109557, "street_m": 462, "canopy_m2": 2302.0, "row_m2": 0.0, "row_canopy": 0.0, "veg": 11.3, "place": "res", "land": null, "green_src": "canopy", "canopy_source": "usfs-2022", "canopy_year": "2022", "assessed_m2": 109621.08, "coverage_frac": 0.9999801100353152, "canopy_quality": "full", "scenario_ok": true, "canopy_baseline_ok": true, "ac_src": "lace", "ac_coverage": 1.0, "acs_year": 2024, "access_snap_m": 249.0, "access_quality": "approach-review", "access_src": "routed", "city": "Bay Point", "city_kind": "cdp", "inside_frac": 1.0, "rank_lo": 20, "rank_hi": 82, "rank_top_share": 0.747}, "geometry": {"type": "Polygon", "coordinates": [[[-121.94925, 38.02932], [-121.94816, 38.031], [-121.94942, 38.03251], [-121.95176, 38.03234], [-121.95285, 38.03066], [-121.95159, 38.02915], [-121.94925, 38.02932]]]}}, {"type": "Feature", "properties": {"id": 693, "name": "Rivershore Apartments N", "lst": 46.74, "green": 10.14, "pop": 247, "pct65": 11.6, "ac": 76.1, "holc": null, "access_min": 83.7, "access_km": 6.69, "score": 58.7, "rank": 189.0, "area_m2": 109551, "street_m": 1622, "canopy_m2": 11113.0, "row_m2": 0.0, "row_canopy": 0.0, "veg": 17.7, "place": "res", "land": null, "green_src": "canopy", "canopy_source": "usfs-2022", "canopy_year": "2022", "assessed_m2": 109618.56, "coverage_frac": 1.0, "canopy_quality": "full", "scenario_ok": true, "canopy_baseline_ok": true, "ac_src": "lace", "ac_coverage": 1.0, "acs_year": 2024, "access_snap_m": 138.0, "access_quality": "approach-review", "access_src": "routed", "city": "Bay Point", "city_kind": "cdp", "inside_frac": 1.0, "rank_lo": 119, "rank_hi": 341, "rank_top_share": 0.0}, "geometry": {"type": "Polygon", "coordinates": [[[-121.95285, 38.03066], [-121.95176, 38.03234], [-121.95302, 38.03385], [-121.95537, 38.03368], [-121.95645, 38.032], [-121.95519, 38.03049], [-121.95285, 38.03066]]]}}, {"type": "Feature", "properties": {"id": 694, "name": "Broadway Mobil Home Park NW 2", "lst": 45.56, "green": 6.42, "pop": 128, "pct65": 11.3, "ac": 76.1, "holc": null, "access_min": 77.8, "access_km": 6.22, "score": 58.9, "rank": 187.0, "area_m2": 109558, "street_m": 0, "canopy_m2": 7031.0, "row_m2": 0.0, "row_canopy": 0.0, "veg": 7.6, "place": "res", "land": null, "green_src": "canopy", "canopy_source": "usfs-2022", "canopy_year": "2022", "assessed_m2": 109561.68, "coverage_frac": 0.9994279513701396, "canopy_quality": "full", "scenario_ok": false, "canopy_baseline_ok": true, "ac_src": "lace", "ac_coverage": 1.0, "acs_year": 2024, "access_snap_m": 62.0, "access_quality": "network-estimate", "access_src": "routed", "city": "Bay Point", "city_kind": "cdp", "inside_frac": 1.0, "rank_lo": 128, "rank_hi": 239, "rank_top_share": 0.0}, "geometry": {"type": "Polygon", "coordinates": [[[-121.94582, 38.03117], [-121.94473, 38.03285], [-121.94599, 38.03436], [-121.94834, 38.03419], [-121.94942, 38.03251], [-121.94816, 38.031], [-121.94582, 38.03117]]]}}, {"type": "Feature", "properties": {"id": 695, "name": "Rivershore Apartments NE 3", "lst": 44.28, "green": 2.97, "pop": 154, "pct65": 15.2, "ac": 76.1, "holc": null, "access_min": 81.0, "access_km": 6.48, "score": 76.0, "rank": 54.0, "area_m2": 109552, "street_m": 216, "canopy_m2": 3259.0, "row_m2": 0.0, "row_canopy": 0.0, "veg": 13.4, "place": "res", "land": null, "green_src": "canopy", "canopy_source": "usfs-2022", "canopy_year": "2022", "assessed_m2": 109615.68, "coverage_frac": 0.9999700104257734, "canopy_quality": "full", "scenario_ok": true, "canopy_baseline_ok": true, "ac_src": "lace", "ac_coverage": 1.0, "acs_year": 2024, "access_snap_m": 317.0, "access_quality": "approach-review", "access_src": "routed", "city": "Bay Point", "city_kind": "cdp", "inside_frac": 1.0, "rank_lo": 27, "rank_hi": 95, "rank_top_share": 0.543}, "geometry": {"type": "Polygon", "coordinates": [[[-121.94942, 38.03251], [-121.94834, 38.03419], [-121.9496, 38.0357], [-121.95194, 38.03553], [-121.95302, 38.03385], [-121.95176, 38.03234], [-121.94942, 38.03251]]]}}, {"type": "Feature", "properties": {"id": 696, "name": "Rivershore Apartments E", "lst": 45.32, "green": 3.96, "pop": 170, "pct65": 13.9, "ac": 73.08, "holc": null, "access_min": 71.2, "access_km": 5.7, "score": 76.5, "rank": 46.0, "area_m2": 109561, "street_m": 697, "canopy_m2": 4343.0, "row_m2": 0.0, "row_canopy": 0.0, "veg": 11.2, "place": "res", "land": null, "green_src": "canopy", "canopy_source": "usfs-2022", "canopy_year": "2022", "assessed_m2": 109627.56, "coverage_frac": 1.0, "canopy_quality": "full", "scenario_ok": true, "canopy_baseline_ok": true, "ac_src": "lace", "ac_coverage": 1.0, "acs_year": 2024, "access_snap_m": 161.0, "access_quality": "approach-review", "access_src": "routed", "city": "Bay Point", "city_kind": "cdp", "inside_frac": 1.0, "rank_lo": 26, "rank_hi": 79, "rank_top_share": 0.677}, "geometry": {"type": "Polygon", "coordinates": [[[-121.94907, 38.02614], [-121.94799, 38.02782], [-121.94925, 38.02932], [-121.95159, 38.02915], [-121.95267, 38.02747], [-121.95141, 38.02597], [-121.94907, 38.02614]]]}}, {"type": "Feature", "properties": {"id": 697, "name": "Rivershore Apartments NE", "lst": 47.67, "green": 11.7, "pop": 471, "pct65": 7.7, "ac": 76.1, "holc": null, "access_min": 79.0, "access_km": 6.32, "score": 63.6, "rank": 141.0, "area_m2": 109556, "street_m": 2022, "canopy_m2": 12824.0, "row_m2": 0.0, "row_canopy": 0.0, "veg": 16.4, "place": "res", "land": null, "green_src": "canopy", "canopy_source": "usfs-2022", "canopy_year": "2022", "assessed_m2": 109620.0, "coverage_frac": 0.9999805762938172, "canopy_quality": "full", "scenario_ok": true, "canopy_baseline_ok": true, "ac_src": "lace", "ac_coverage": 1.0, "acs_year": 2024, "access_snap_m": 50.0, "access_quality": "network-estimate", "access_src": "routed", "city": "Bay Point", "city_kind": "cdp", "inside_frac": 1.0, "rank_lo": 64, "rank_hi": 312, "rank_top_share": 0.033}, "geometry": {"type": "Polygon", "coordinates": [[[-121.95267, 38.02747], [-121.95159, 38.02915], [-121.95285, 38.03066], [-121.95519, 38.03049], [-121.95628, 38.02881], [-121.95502, 38.0273], [-121.95267, 38.02747]]]}}, {"type": "Feature", "properties": {"id": 698, "name": "Broadway Mobil Home Park W", "lst": 45.32, "green": 6.79, "pop": 108, "pct65": 7.7, "ac": 76.1, "holc": null, "access_min": 70.3, "access_km": 5.62, "score": 51.8, "rank": 250.0, "area_m2": 109562, "street_m": 0, "canopy_m2": 7446.0, "row_m2": 0.0, "row_canopy": 0.0, "veg": 9.2, "place": "res", "land": null, "green_src": "canopy", "canopy_source": "usfs-2022", "canopy_year": "2022", "assessed_m2": 109627.56, "coverage_frac": 0.999989753796012, "canopy_quality": "full", "scenario_ok": false, "canopy_baseline_ok": true, "ac_src": "lace", "ac_coverage": 1.0, "acs_year": 2024, "access_snap_m": 131.0, "access_quality": "approach-review", "access_src": "routed", "city": "Bay Point", "city_kind": "cdp", "inside_frac": 1.0, "rank_lo": 179, "rank_hi": 370, "rank_top_share": 0.0}, "geometry": {"type": "Polygon", "coordinates": [[[-121.94564, 38.02799], [-121.94456, 38.02967], [-121.94582, 38.03117], [-121.94816, 38.031], [-121.94925, 38.02932], [-121.94799, 38.02782], [-121.94564, 38.02799]]]}}, {"type": "Feature", "properties": {"id": 699, "name": "California Seasons W", "lst": 46.3, "green": 12.22, "pop": 256, "pct65": 7.5, "ac": 74.74, "holc": null, "access_min": 51.9, "access_km": 4.15, "score": 48.6, "rank": 327.0, "area_m2": 109580, "street_m": 1689, "canopy_m2": 13398.0, "row_m2": 0.0, "row_canopy": 0.0, "veg": 12.6, "place": "res", "land": null, "green_src": "canopy", "canopy_source": "usfs-2022", "canopy_year": "2022", "assessed_m2": 109644.48, "coverage_frac": 0.9999854405136076, "canopy_quality": "full", "scenario_ok": true, "canopy_baseline_ok": true, "ac_src": "lace", "ac_coverage": 1.0, "acs_year": 2024, "access_snap_m": 77.0, "access_quality": "network-estimate", "access_src": "routed", "city": "Bay Point", "city_kind": "cdp", "inside_frac": 1.0, "rank_lo": 187, "rank_hi": 449, "rank_top_share": 0.0}, "geometry": {"type": "Polygon", "coordinates": [[[-121.9314, 38.02582], [-121.93031, 38.0275], [-121.93157, 38.02901], [-121.93392, 38.02884], [-121.935, 38.02716], [-121.93374, 38.02565], [-121.9314, 38.02582]]]}}, {"type": "Feature", "properties": {"id": 700, "name": "Emunah Estates", "lst": 47.08, "green": 10.01, "pop": 108, "pct65": 7.7, "ac": 76.1, "holc": null, "access_min": 57.6, "access_km": 4.61, "score": 43.3, "rank": 436.0, "area_m2": 109574, "street_m": 1802, "canopy_m2": 10818.0, "row_m2": 0.0, "row_canopy": 0.0, "veg": 12.8, "place": "res", "land": null, "green_src": "canopy", "canopy_source": "usfs-2022", "canopy_year": "2022", "assessed_m2": 108085.32, "coverage_frac": 0.9858142415393426, "canopy_quality": "partial", "scenario_ok": true, "canopy_baseline_ok": false, "ac_src": "lace", "ac_coverage": 1.0, "acs_year": 2024, "access_snap_m": 82.0, "access_quality": "network-estimate", "access_src": "routed", "city": "Bay Point", "city_kind": "cdp", "inside_frac": 1.0, "rank_lo": 257, "rank_hi": 472, "rank_top_share": 0.0}, "geometry": {"type": "Polygon", "coordinates": [[[-121.935, 38.02716], [-121.93392, 38.02884], [-121.93518, 38.03035], [-121.93752, 38.03018], [-121.93861, 38.0285], [-121.93735, 38.02699], [-121.935, 38.02716]]]}}, {"type": "Feature", "properties": {"id": 701, "name": "CA Seasons Park", "lst": 43.77, "green": 11.33, "pop": 125, "pct65": 13.2, "ac": 79.6, "holc": null, "access_min": 50.5, "access_km": 4.04, "score": 44.1, "rank": 424.0, "area_m2": 109581, "street_m": 1244, "canopy_m2": 12424.0, "row_m2": 0.0, "row_canopy": 0.0, "veg": 15.4, "place": "res", "land": null, "green_src": "canopy", "canopy_source": "usfs-2022", "canopy_year": "2022", "assessed_m2": 109647.36, "coverage_frac": 1.0, "canopy_quality": "full", "scenario_ok": true, "canopy_baseline_ok": true, "ac_src": "lace", "ac_coverage": 1.0, "acs_year": 2024, "access_snap_m": 173.0, "access_quality": "approach-review", "access_src": "routed", "city": "Pittsburg", "city_kind": "city", "inside_frac": 1.0, "rank_lo": 284, "rank_hi": 473, "rank_top_share": 0.0}, "geometry": {"type": "Polygon", "coordinates": [[[-121.92797, 38.02767], [-121.92688, 38.02935], [-121.92814, 38.03086], [-121.93049, 38.03069], [-121.93157, 38.02901], [-121.93031, 38.0275], [-121.92797, 38.02767]]]}}, {"type": "Feature", "properties": {"id": 702, "name": "California Seasons NW", "lst": 43.79, "green": 8.09, "pop": 111, "pct65": 8.7, "ac": 76.79, "holc": null, "access_min": 55.4, "access_km": 4.43, "score": 49.1, "rank": 311.0, "area_m2": 109575, "street_m": 508, "canopy_m2": 4845.0, "row_m2": 0.0, "row_canopy": 0.0, "veg": 11.5, "place": "res", "land": null, "green_src": "canopy", "canopy_source": "usfs-2022", "canopy_year": "2022", "assessed_m2": 59851.44, "coverage_frac": 0.5458816709491427, "canopy_quality": "partial", "scenario_ok": true, "canopy_baseline_ok": false, "ac_src": "lace", "ac_coverage": 1.0, "acs_year": 2024, "access_snap_m": 224.0, "access_quality": "approach-review", "access_src": "routed", "city": "Bay Point", "city_kind": "cdp", "inside_frac": 1.0, "rank_lo": 211, "rank_hi": 418, "rank_top_share": 0.0}, "geometry": {"type": "Polygon", "coordinates": [[[-121.93157, 38.02901], [-121.93049, 38.03069], [-121.93175, 38.0322], [-121.93409, 38.03203], [-121.93518, 38.03035], [-121.93392, 38.02884], [-121.93157, 38.02901]]]}}, {"type": "Feature", "properties": {"id": 703, "name": "Emerald Cove Mobile Home Park NW", "lst": 46.72, "green": 18.83, "pop": 601, "pct65": 4.2, "ac": 72.1, "holc": null, "access_min": 50.0, "access_km": 4.0, "score": 39.3, "rank": 479.0, "area_m2": 109584, "street_m": 1062, "canopy_m2": 20646.0, "row_m2": 0.0, "row_canopy": 0.0, "veg": 18.3, "place": "res", "land": null, "green_src": "canopy", "canopy_source": "usfs-2022", "canopy_year": "2022", "assessed_m2": 109647.36, "coverage_frac": 0.9999725631570424, "canopy_quality": "full", "scenario_ok": true, "canopy_baseline_ok": true, "ac_src": "lace", "ac_coverage": 1.0, "acs_year": 2024, "access_snap_m": 49.0, "access_quality": "network-estimate", "access_src": "routed", "city": "Bay Point", "city_kind": "cdp", "inside_frac": 1.0, "rank_lo": 231, "rank_hi": 540, "rank_top_share": 0.0}, "geometry": {"type": "Polygon", "coordinates": [[[-121.93123, 38.02264], [-121.93014, 38.02431], [-121.9314, 38.02582], [-121.93374, 38.02565], [-121.93483, 38.02397], [-121.93357, 38.02247], [-121.93123, 38.02264]]]}}, {"type": "Feature", "properties": {"id": 704, "name": "Bella Monte Apartments", "lst": 47.01, "green": 14.0, "pop": 319, "pct65": 11.5, "ac": 72.18, "holc": null, "access_min": 56.7, "access_km": 4.54, "score": 56.1, "rank": 210.0, "area_m2": 109578, "street_m": 1864, "canopy_m2": 15352.0, "row_m2": 0.0, "row_canopy": 0.0, "veg": 13.4, "place": "res", "land": null, "green_src": "canopy", "canopy_source": "usfs-2022", "canopy_year": "2022", "assessed_m2": 109642.68, "coverage_frac": 0.9999793140275252, "canopy_quality": "full", "scenario_ok": true, "canopy_baseline_ok": true, "ac_src": "lace", "ac_coverage": 1.0, "acs_year": 2024, "access_snap_m": 73.0, "access_quality": "network-estimate", "access_src": "routed", "city": "Bay Point", "city_kind": "cdp", "inside_frac": 1.0, "rank_lo": 124, "rank_hi": 428, "rank_top_share": 0.0}, "geometry": {"type": "Polygon", "coordinates": [[[-121.93483, 38.02397], [-121.93374, 38.02565], [-121.935, 38.02716], [-121.93735, 38.02699], [-121.93843, 38.02531], [-121.93717, 38.0238], [-121.93483, 38.02397]]]}}, {"type": "Feature", "properties": {"id": 705, "name": "California Seasons", "lst": 45.54, "green": 15.16, "pop": 396, "pct65": 6.0, "ac": 73.79, "holc": null, "access_min": 48.2, "access_km": 3.86, "score": 46.3, "rank": 386.0, "area_m2": 109585, "street_m": 1507, "canopy_m2": 16626.0, "row_m2": 0.0, "row_canopy": 0.0, "veg": 16.1, "place": "res", "land": null, "green_src": "canopy", "canopy_source": "usfs-2022", "canopy_year": "2022", "assessed_m2": 109649.16, "coverage_frac": 0.9999786935023264, "canopy_quality": "full", "scenario_ok": true, "canopy_baseline_ok": true, "ac_src": "lace", "ac_coverage": 1.0, "acs_year": 2024, "access_snap_m": 78.0, "access_quality": "network-estimate", "access_src": "routed", "city": "Bay Point", "city_kind": "cdp", "inside_frac": 1.0, "rank_lo": 158, "rank_hi": 499, "rank_top_share": 0.0}, "geometry": {"type": "Polygon", "coordinates": [[[-121.9278, 38.02449], [-121.92671, 38.02616], [-121.92797, 38.02767], [-121.93031, 38.0275], [-121.9314, 38.02582], [-121.93014, 38.02431], [-121.9278, 38.02449]]]}}, {"type": "Feature", "properties": {"id": 706, "name": "Beacon Villa N 4", "lst": 42.15, "green": 12.69, "pop": 182, "pct65": 24.1, "ac": 95.2, "holc": null, "access_min": 34.6, "access_km": 2.77, "score": 41.6, "rank": 454.0, "area_m2": 109610, "street_m": 1094, "canopy_m2": 13922.0, "row_m2": 0.0, "row_canopy": 0.0, "veg": 12.1, "place": "res", "land": null, "green_src": "canopy", "canopy_source": "usfs-2022", "canopy_year": "2022", "assessed_m2": 109672.56, "coverage_frac": 0.9999620169411833, "canopy_quality": "full", "scenario_ok": true, "canopy_baseline_ok": true, "ac_src": "lace", "ac_coverage": 1.0, "acs_year": 2024, "access_snap_m": 161.0, "access_quality": "approach-review", "access_src": "routed", "city": "Pittsburg", "city_kind": "city", "inside_frac": 1.0, "rank_lo": 385, "rank_hi": 532, "rank_top_share": 0.0}, "geometry": {"type": "Polygon", "coordinates": [[[-121.88954, 38.03525], [-121.88845, 38.03693], [-121.88971, 38.03844], [-121.89206, 38.03827], [-121.89314, 38.03659], [-121.89188, 38.03508], [-121.88954, 38.03525]]]}}, {"type": "Feature", "properties": {"id": 707, "name": "Beacon Villa N 5", "lst": 41.84, "green": 0.03, "pop": 182, "pct65": 24.2, "ac": 95.2, "holc": null, "access_min": 38.1, "access_km": 3.05, "score": 78.8, "rank": 34.0, "area_m2": 109604, "street_m": 0, "canopy_m2": 36.0, "row_m2": 0.0, "row_canopy": 0.0, "veg": 0.0, "place": "res", "land": null, "green_src": "canopy", "canopy_source": "usfs-2022", "canopy_year": "2022", "assessed_m2": 109670.04, "coverage_frac": 0.9999884066438158, "canopy_quality": "full", "scenario_ok": false, "canopy_baseline_ok": true, "ac_src": "lace", "ac_coverage": 1.0, "acs_year": 2024, "access_snap_m": 365.0, "access_quality": "approach-review", "access_src": "routed", "city": "Pittsburg", "city_kind": "city", "inside_frac": 1.0, "rank_lo": 6, "rank_hi": 126, "rank_top_share": 0.51}, "geometry": {"type": "Polygon", "coordinates": [[[-121.89314, 38.03659], [-121.89206, 38.03827], [-121.89331, 38.03978], [-121.89566, 38.03961], [-121.89675, 38.03793], [-121.89549, 38.03642], [-121.89314, 38.03659]]]}}, {"type": "Feature", "properties": {"id": 708, "name": "Beacon Villa NE 3", "lst": 36.72, "green": 10.31, "pop": 182, "pct65": 24.2, "ac": 95.2, "holc": null, "access_min": 37.4, "access_km": 2.99, "score": 48.7, "rank": 324.0, "area_m2": 109611, "street_m": 1226, "canopy_m2": 11242.0, "row_m2": 0.0, "row_canopy": 0.0, "veg": 8.1, "place": "res", "land": null, "green_src": "canopy", "canopy_source": "usfs-2022", "canopy_year": "2022", "assessed_m2": 109031.4, "coverage_frac": 0.9941059855269136, "canopy_quality": "full", "scenario_ok": true, "canopy_baseline_ok": true, "ac_src": "lace", "ac_coverage": 1.0, "acs_year": 2024, "access_snap_m": 80.0, "access_quality": "network-estimate", "access_src": "routed", "city": "Pittsburg", "city_kind": "city", "inside_frac": 1.0, "rank_lo": 239, "rank_hi": 498, "rank_top_share": 0.0}, "geometry": {"type": "Polygon", "coordinates": [[[-121.8861, 38.0371], [-121.88502, 38.03878], [-121.88628, 38.04029], [-121.88862, 38.04012], [-121.88971, 38.03844], [-121.88845, 38.03693], [-121.8861, 38.0371]]]}}, {"type": "Feature", "properties": {"id": 709, "name": "Beacon Villa N 7", "lst": 39.63, "green": 9.66, "pop": 182, "pct65": 24.2, "ac": 95.2, "holc": null, "access_min": 40.2, "access_km": 3.22, "score": 50.6, "rank": 279.0, "area_m2": 109606, "street_m": 249, "canopy_m2": 10102.0, "row_m2": 0.0, "row_canopy": 0.0, "veg": 6.4, "place": "res", "land": null, "green_src": "canopy", "canopy_source": "usfs-2022", "canopy_year": "2022", "assessed_m2": 104567.04, "coverage_frac": 0.953448748263716, "canopy_quality": "partial", "scenario_ok": true, "canopy_baseline_ok": false, "ac_src": "lace", "ac_coverage": 1.0, "acs_year": 2024, "access_snap_m": 198.0, "access_quality": "approach-review", "access_src": "routed", "city": "Pittsburg", "city_kind": "city", "inside_frac": 1.0, "rank_lo": 217, "rank_hi": 482, "rank_top_share": 0.0}, "geometry": {"type": "Polygon", "coordinates": [[[-121.88971, 38.03844], [-121.88862, 38.04012], [-121.88988, 38.04163], [-121.89223, 38.04146], [-121.89331, 38.03978], [-121.89206, 38.03827], [-121.88971, 38.03844]]]}}, {"type": "Feature", "properties": {"id": 710, "name": "Beacon Villa NE", "lst": 41.93, "green": 11.27, "pop": 192, "pct65": 17.2, "ac": 95.2, "holc": null, "access_min": 30.0, "access_km": 2.4, "score": 37.4, "rank": 492.0, "area_m2": 109614, "street_m": 1591, "canopy_m2": 12359.0, "row_m2": 0.0, "row_canopy": 0.0, "veg": 13.9, "place": "res", "land": null, "green_src": "canopy", "canopy_source": "usfs-2022", "canopy_year": "2022", "assessed_m2": 109679.04, "coverage_frac": 0.9999819287219488, "canopy_quality": "full", "scenario_ok": true, "canopy_baseline_ok": true, "ac_src": "lace", "ac_coverage": 1.0, "acs_year": 2024, "access_snap_m": 88.0, "access_quality": "network-estimate", "access_src": "routed", "city": "Pittsburg", "city_kind": "city", "inside_frac": 1.0, "rank_lo": 441, "rank_hi": 533, "rank_top_share": 0.0}, "geometry": {"type": "Polygon", "coordinates": [[[-121.88936, 38.03207], [-121.88828, 38.03375], [-121.88954, 38.03525], [-121.89188, 38.03508], [-121.89297, 38.03341], [-121.89171, 38.0319], [-121.88936, 38.03207]]]}}, {"type": "Feature", "properties": {"id": 711, "name": "Beacon Villa N 2", "lst": 41.92, "green": 2.45, "pop": 190, "pct65": 18.3, "ac": 95.2, "holc": null, "access_min": 33.8, "access_km": 2.71, "score": 64.9, "rank": 121.0, "area_m2": 109609, "street_m": 0, "canopy_m2": 2689.0, "row_m2": 0.0, "row_canopy": 0.0, "veg": 6.3, "place": "res", "land": null, "green_src": "canopy", "canopy_source": "usfs-2022", "canopy_year": "2022", "assessed_m2": 109674.0, "coverage_frac": 0.9999853398601738, "canopy_quality": "full", "scenario_ok": false, "canopy_baseline_ok": true, "ac_src": "lace", "ac_coverage": 1.0, "acs_year": 2024, "access_snap_m": 208.0, "access_quality": "approach-review", "access_src": "routed", "city": "Pittsburg", "city_kind": "city", "inside_frac": 1.0, "rank_lo": 57, "rank_hi": 217, "rank_top_share": 0.053}, "geometry": {"type": "Polygon", "coordinates": [[[-121.89297, 38.03341], [-121.89188, 38.03508], [-121.89314, 38.03659], [-121.89549, 38.03642], [-121.89657, 38.03475], [-121.89531, 38.03324], [-121.89297, 38.03341]]]}}, {"type": "Feature", "properties": {"id": 712, "name": "Beacon Villa NE 2", "lst": 38.85, "green": 8.85, "pop": 182, "pct65": 24.2, "ac": 95.2, "holc": null, "access_min": 30.8, "access_km": 2.46, "score": 53.0, "rank": 235.0, "area_m2": 109615, "street_m": 1095, "canopy_m2": 9706.0, "row_m2": 0.0, "row_canopy": 0.0, "veg": 10.9, "place": "res", "land": null, "green_src": "canopy", "canopy_source": "usfs-2022", "canopy_year": "2022", "assessed_m2": 109680.48, "coverage_frac": 0.9999848688136708, "canopy_quality": "full", "scenario_ok": true, "canopy_baseline_ok": true, "ac_src": "lace", "ac_coverage": 1.0, "acs_year": 2024, "access_snap_m": 127.0, "access_quality": "approach-review", "access_src": "routed", "city": "Pittsburg", "city_kind": "city", "inside_frac": 1.0, "rank_lo": 179, "rank_hi": 463, "rank_top_share": 0.0}, "geometry": {"type": "Polygon", "coordinates": [[[-121.88593, 38.03391], [-121.88485, 38.03559], [-121.8861, 38.0371], [-121.88845, 38.03693], [-121.88954, 38.03525], [-121.88828, 38.03375], [-121.88593, 38.03391]]]}}, {"type": "Feature", "properties": {"id": 713, "name": "Beacon Villa N 9", "lst": 23.27, "green": 0.0, "pop": 0, "pct65": 12.9, "ac": 65.05, "holc": null, "access_min": 47.8, "access_km": 3.83, "score": null, "rank": null, "area_m2": 109595, "street_m": 0, "canopy_m2": 0.0, "row_m2": 0.0, "row_canopy": 0.0, "veg": 0.0, "place": "empty", "land": "open water", "green_src": "canopy", "canopy_source": "chm-legacy", "canopy_year": "2009-2020", "assessed_m2": 178751.52, "coverage_frac": 1.0, "canopy_quality": "full", "scenario_ok": false, "canopy_baseline_ok": false, "ac_src": "income-model", "ac_coverage": null, "acs_year": 2024, "access_snap_m": 605.0, "access_quality": "approach-review", "access_src": "routed", "city": "Pittsburg", "city_kind": "city", "inside_frac": 1.0, "rank_lo": null, "rank_hi": null, "rank_top_share": null}, "geometry": {"type": "Polygon", "coordinates": [[[-121.89692, 38.04112], [-121.89583, 38.0428], [-121.89709, 38.0443], [-121.89944, 38.04414], [-121.90052, 38.04246], [-121.89926, 38.04095], [-121.89692, 38.04112]]]}}, {"type": "Feature", "properties": {"id": 714, "name": "Beacon Villa N 12", "lst": 22.92, "green": 0.0, "pop": 0, "pct65": 12.9, "ac": 65.05, "holc": null, "access_min": 51.7, "access_km": 4.14, "score": null, "rank": null, "area_m2": 109589, "street_m": 0, "canopy_m2": 0.0, "row_m2": 0.0, "row_canopy": 0.0, "veg": 0.0, "place": "empty", "land": "open water", "green_src": "canopy", "canopy_source": "chm-legacy", "canopy_year": "2009-2020", "assessed_m2": 178747.2, "coverage_frac": 1.0, "canopy_quality": "full", "scenario_ok": false, "canopy_baseline_ok": false, "ac_src": "income-model", "ac_coverage": null, "acs_year": 2024, "access_snap_m": 896.0, "access_quality": "approach-review", "access_src": "routed", "city": "Pittsburg", "city_kind": "city", "inside_frac": 0.955, "rank_lo": null, "rank_hi": null, "rank_top_share": null}, "geometry": {"type": "Polygon", "coordinates": [[[-121.90052, 38.04246], [-121.89944, 38.04414], [-121.9007, 38.04564], [-121.90304, 38.04547], [-121.90413, 38.0438], [-121.90287, 38.04229], [-121.90052, 38.04246]]]}}, {"type": "Feature", "properties": {"id": 715, "name": "Beacon Villa N 11", "lst": 23.01, "green": 0.0, "pop": 0, "pct65": 12.9, "ac": 65.05, "holc": null, "access_min": 48.4, "access_km": 3.87, "score": null, "rank": null, "area_m2": 109596, "street_m": 0, "canopy_m2": 0.0, "row_m2": 0.0, "row_canopy": 0.0, "veg": 0.0, "place": "empty", "land": "open water", "green_src": "canopy", "canopy_source": "chm-legacy", "canopy_year": "2009-2020", "assessed_m2": 178765.92, "coverage_frac": 1.0, "canopy_quality": "full", "scenario_ok": false, "canopy_baseline_ok": false, "ac_src": "income-model", "ac_coverage": null, "acs_year": 2024, "access_snap_m": 612.0, "access_quality": "approach-review", "access_src": "routed", "city": "Pittsburg", "city_kind": "city", "inside_frac": 0.988, "rank_lo": null, "rank_hi": null, "rank_top_share": null}, "geometry": {"type": "Polygon", "coordinates": [[[-121.89349, 38.04297], [-121.8924, 38.04464], [-121.89366, 38.04615], [-121.89601, 38.04598], [-121.89709, 38.0443], [-121.89583, 38.0428], [-121.89349, 38.04297]]]}}, {"type": "Feature", "properties": {"id": 716, "name": "Beacon Villa N 14", "lst": 22.73, "green": 0.0, "pop": 0, "pct65": 12.9, "ac": 65.05, "holc": null, "access_min": 52.7, "access_km": 4.21, "score": null, "rank": null, "area_m2": 109590, "street_m": 0, "canopy_m2": 0.0, "row_m2": 0.0, "row_canopy": 0.0, "veg": 0.0, "place": "empty", "land": "open water", "green_src": "canopy", "canopy_source": "chm-legacy", "canopy_year": "2009-2020", "assessed_m2": 178757.28, "coverage_frac": 1.0, "canopy_quality": "full", "scenario_ok": false, "canopy_baseline_ok": false, "ac_src": "income-model", "ac_coverage": null, "acs_year": 2024, "access_snap_m": 897.0, "access_quality": "approach-review", "access_src": "routed", "city": "Pittsburg", "city_kind": "city", "inside_frac": 0.427, "rank_lo": null, "rank_hi": null, "rank_top_share": null}, "geometry": {"type": "Polygon", "coordinates": [[[-121.89709, 38.0443], [-121.89601, 38.04598], [-121.89727, 38.04749], [-121.89961, 38.04732], [-121.9007, 38.04564], [-121.89944, 38.04414], [-121.89709, 38.0443]]]}}, {"type": "Feature", "properties": {"id": 717, "name": "Beacon Villa N 6", "lst": 34.81, "green": 0.08, "pop": 182, "pct65": 24.2, "ac": 95.2, "holc": null, "access_min": 44.4, "access_km": 3.55, "score": 78.7, "rank": 35.0, "area_m2": 109599, "street_m": 0, "canopy_m2": 69.0, "row_m2": 0.0, "row_canopy": 0.0, "veg": 0.0, "place": "res", "land": null, "green_src": "canopy", "canopy_source": "usfs-2022", "canopy_year": "2022", "assessed_m2": 82616.4, "coverage_frac": 0.7533463245243845, "canopy_quality": "partial", "scenario_ok": false, "canopy_baseline_ok": false, "ac_src": "lace", "ac_coverage": 1.0, "acs_year": 2024, "access_snap_m": 331.0, "access_quality": "approach-review", "access_src": "routed", "city": "Pittsburg", "city_kind": "city", "inside_frac": 1.0, "rank_lo": 7, "rank_hi": 128, "rank_top_share": 0.497}, "geometry": {"type": "Polygon", "coordinates": [[[-121.89675, 38.03793], [-121.89566, 38.03961], [-121.89692, 38.04112], [-121.89926, 38.04095], [-121.90035, 38.03927], [-121.89909, 38.03776], [-121.89675, 38.03793]]]}}, {"type": "Feature", "properties": {"id": 718, "name": "Beacon Villa NW 9", "lst": 25.17, "green": 0.33, "pop": 0, "pct65": 12.9, "ac": 65.05, "holc": null, "access_min": 48.5, "access_km": 3.88, "score": null, "rank": null, "area_m2": 109594, "street_m": 0, "canopy_m2": 66.0, "row_m2": 0.0, "row_canopy": 0.0, "veg": 0.0, "place": "empty", "land": "open water", "green_src": "canopy", "canopy_source": "usfs-2022", "canopy_year": "2022", "assessed_m2": 19871.64, "coverage_frac": 0.1812105861816518, "canopy_quality": "partial", "scenario_ok": false, "canopy_baseline_ok": false, "ac_src": "income-model", "ac_coverage": null, "acs_year": 2024, "access_snap_m": 576.0, "access_quality": "approach-review", "access_src": "routed", "city": "Pittsburg", "city_kind": "city", "inside_frac": 1.0, "rank_lo": null, "rank_hi": null, "rank_top_share": null}, "geometry": {"type": "Polygon", "coordinates": [[[-121.90035, 38.03927], [-121.89926, 38.04095], [-121.90052, 38.04246], [-121.90287, 38.04229], [-121.90396, 38.04061], [-121.9027, 38.0391], [-121.90035, 38.03927]]]}}, {"type": "Feature", "properties": {"id": 719, "name": "Beacon Villa N 8", "lst": 28.48, "green": 0.01, "pop": 0, "pct65": 12.9, "ac": 65.05, "holc": null, "access_min": 44.9, "access_km": 3.59, "score": null, "rank": null, "area_m2": 109600, "street_m": 0, "canopy_m2": 5.0, "row_m2": 0.0, "row_canopy": 0.0, "veg": 0.0, "place": "empty", "land": "open water", "green_src": "canopy", "canopy_source": "usfs-2022", "canopy_year": "2022", "assessed_m2": 42777.72, "coverage_frac": 0.3900691587795273, "canopy_quality": "partial", "scenario_ok": false, "canopy_baseline_ok": false, "ac_src": "income-model", "ac_coverage": null, "acs_year": 2024, "access_snap_m": 316.0, "access_quality": "approach-review", "access_src": "routed", "city": "Pittsburg", "city_kind": "city", "inside_frac": 1.0, "rank_lo": null, "rank_hi": null, "rank_top_share": null}, "geometry": {"type": "Polygon", "coordinates": [[[-121.89331, 38.03978], [-121.89223, 38.04146], [-121.89349, 38.04297], [-121.89583, 38.0428], [-121.89692, 38.04112], [-121.89566, 38.03961], [-121.89331, 38.03978]]]}}, {"type": "Feature", "properties": {"id": 720, "name": "Pittsburg N 5", "lst": 24.55, "green": 0.24, "pop": 0, "pct65": 12.9, "ac": 65.05, "holc": null, "access_min": 38.2, "access_km": 3.05, "score": null, "rank": null, "area_m2": 109618, "street_m": 0, "canopy_m2": 260.0, "row_m2": 0.0, "row_canopy": 0.0, "veg": 0.0, "place": "empty", "land": "open water", "green_src": "canopy", "canopy_source": "chm-legacy", "canopy_year": "2009-2020", "assessed_m2": 178771.68, "coverage_frac": 1.0, "canopy_quality": "full", "scenario_ok": false, "canopy_baseline_ok": false, "ac_src": "income-model", "ac_coverage": null, "acs_year": 2024, "access_snap_m": 398.0, "access_quality": "approach-review", "access_src": "routed", "city": "Pittsburg", "city_kind": "city", "inside_frac": 1.0, "rank_lo": null, "rank_hi": null, "rank_top_share": null}, "geometry": {"type": "Polygon", "coordinates": [[[-121.87907, 38.03761], [-121.87798, 38.03929], [-121.87924, 38.0408], [-121.88159, 38.04063], [-121.88267, 38.03895], [-121.88141, 38.03744], [-121.87907, 38.03761]]]}}, {"type": "Feature", "properties": {"id": 721, "name": "Beacon Villa NE 5", "lst": 24.77, "green": 6.66, "pop": 0, "pct65": 12.9, "ac": 65.05, "holc": null, "access_min": 36.7, "access_km": 2.93, "score": null, "rank": null, "area_m2": 109612, "street_m": 20, "canopy_m2": 850.0, "row_m2": 0.0, "row_canopy": 0.0, "veg": 0.0, "place": "empty", "land": "open water", "green_src": "canopy", "canopy_source": "usfs-2022", "canopy_year": "2022", "assessed_m2": 12756.96, "coverage_frac": 0.116311826398868, "canopy_quality": "partial", "scenario_ok": true, "canopy_baseline_ok": false, "ac_src": "income-model", "ac_coverage": null, "acs_year": 2024, "access_snap_m": 205.0, "access_quality": "approach-review", "access_src": "routed", "city": "Pittsburg", "city_kind": "city", "inside_frac": 1.0, "rank_lo": null, "rank_hi": null, "rank_top_share": null}, "geometry": {"type": "Polygon", "coordinates": [[[-121.88267, 38.03895], [-121.88159, 38.04063], [-121.88285, 38.04214], [-121.88519, 38.04197], [-121.88628, 38.04029], [-121.88502, 38.03878], [-121.88267, 38.03895]]]}}, {"type": "Feature", "properties": {"id": 722, "name": "Pittsburg NE 12", "lst": 25.85, "green": 0.0, "pop": 0, "pct65": 12.9, "ac": 65.05, "holc": null, "access_min": 43.5, "access_km": 3.48, "score": null, "rank": null, "area_m2": 109618, "street_m": 0, "canopy_m2": 0.0, "row_m2": 0.0, "row_canopy": 0.0, "veg": 24.8, "place": "empty", "land": "wetland", "green_src": "canopy", "canopy_source": "chm-legacy", "canopy_year": "2009-2020", "assessed_m2": 178783.2, "coverage_frac": 1.0, "canopy_quality": "full", "scenario_ok": false, "canopy_baseline_ok": false, "ac_src": "income-model", "ac_coverage": null, "acs_year": 2024, "access_snap_m": 733.0, "access_quality": "approach-review", "access_src": "routed", "city": "Pittsburg", "city_kind": "city", "inside_frac": 1.0, "rank_lo": null, "rank_hi": null, "rank_top_share": null}, "geometry": {"type": "Polygon", "coordinates": [[[-121.87564, 38.03946], [-121.87455, 38.04114], [-121.87581, 38.04264], [-121.87815, 38.04247], [-121.87924, 38.0408], [-121.87798, 38.03929], [-121.87564, 38.03946]]]}}, {"type": "Feature", "properties": {"id": 723, "name": "Pittsburg N 6", "lst": 23.12, "green": 0.0, "pop": 0, "pct65": 12.9, "ac": 65.05, "holc": null, "access_min": 41.1, "access_km": 3.29, "score": null, "rank": null, "area_m2": 109613, "street_m": 0, "canopy_m2": 0.0, "row_m2": 0.0, "row_canopy": 0.0, "veg": 0.0, "place": "empty", "land": "open water", "green_src": "canopy", "canopy_source": "chm-legacy", "canopy_year": "2009-2020", "assessed_m2": 178781.76, "coverage_frac": 1.0, "canopy_quality": "full", "scenario_ok": false, "canopy_baseline_ok": false, "ac_src": "income-model", "ac_coverage": null, "acs_year": 2024, "access_snap_m": 554.0, "access_quality": "approach-review", "access_src": "routed", "city": "Pittsburg", "city_kind": "city", "inside_frac": 1.0, "rank_lo": null, "rank_hi": null, "rank_top_share": null}, "geometry": {"type": "Polygon", "coordinates": [[[-121.87924, 38.0408], [-121.87815, 38.04247], [-121.87941, 38.04398], [-121.88176, 38.04381], [-121.88285, 38.04214], [-121.88159, 38.04063], [-121.87924, 38.0408]]]}}, {"type": "Feature", "properties": {"id": 724, "name": "Pittsburg NE 5", "lst": 28.05, "green": 17.84, "pop": 0, "pct65": 12.9, "ac": 65.05, "holc": null, "access_min": 30.1, "access_km": 2.41, "score": null, "rank": null, "area_m2": 109622, "street_m": 331, "canopy_m2": 4159.0, "row_m2": 0.0, "row_canopy": 0.0, "veg": 0.0, "place": "activity", "land": null, "green_src": "canopy", "canopy_source": "usfs-2022", "canopy_year": "2022", "assessed_m2": 23308.92, "coverage_frac": 0.212500710040491, "canopy_quality": "partial", "scenario_ok": true, "canopy_baseline_ok": false, "ac_src": "income-model", "ac_coverage": null, "acs_year": 2024, "access_snap_m": 238.0, "access_quality": "approach-review", "access_src": "routed", "city": "Pittsburg", "city_kind": "city", "inside_frac": 1.0, "rank_lo": null, "rank_hi": null, "rank_top_share": null}, "geometry": {"type": "Polygon", "coordinates": [[[-121.87889, 38.03442], [-121.87781, 38.0361], [-121.87907, 38.03761], [-121.88141, 38.03744], [-121.8825, 38.03576], [-121.88124, 38.03425], [-121.87889, 38.03442]]]}}, {"type": "Feature", "properties": {"id": 725, "name": "Pittsburg N 4", "lst": 33.64, "green": 17.98, "pop": 78, "pct65": 20.5, "ac": 95.2, "holc": null, "access_min": 31.5, "access_km": 2.52, "score": 17.3, "rank": 561.0, "area_m2": 109616, "street_m": 339, "canopy_m2": 8864.0, "row_m2": 0.0, "row_canopy": 0.0, "veg": 0.0, "place": "res", "land": null, "green_src": "canopy", "canopy_source": "usfs-2022", "canopy_year": "2022", "assessed_m2": 49304.52, "coverage_frac": 0.4495172896164895, "canopy_quality": "partial", "scenario_ok": true, "canopy_baseline_ok": false, "ac_src": "lace", "ac_coverage": 1.0, "acs_year": 2024, "access_snap_m": 91.0, "access_quality": "network-estimate", "access_src": "routed", "city": "Pittsburg", "city_kind": "city", "inside_frac": 1.0, "rank_lo": 552, "rank_hi": 564, "rank_top_share": 0.0}, "geometry": {"type": "Polygon", "coordinates": [[[-121.8825, 38.03576], [-121.88141, 38.03744], [-121.88267, 38.03895], [-121.88502, 38.03878], [-121.8861, 38.0371], [-121.88485, 38.03559], [-121.8825, 38.03576]]]}}, {"type": "Feature", "properties": {"id": 726, "name": "Pittsburg NE 8", "lst": 26.85, "green": 0.53, "pop": 0, "pct65": 12.9, "ac": 65.05, "holc": null, "access_min": 34.8, "access_km": 2.78, "score": null, "rank": null, "area_m2": 109623, "street_m": 0, "canopy_m2": 577.0, "row_m2": 0.0, "row_canopy": 0.0, "veg": 30.3, "place": "empty", "land": "wetland", "green_src": "canopy", "canopy_source": "chm-legacy", "canopy_year": "2009-2020", "assessed_m2": 178776.0, "coverage_frac": 1.0, "canopy_quality": "full", "scenario_ok": false, "canopy_baseline_ok": false, "ac_src": "income-model", "ac_coverage": null, "acs_year": 2024, "access_snap_m": 515.0, "access_quality": "approach-review", "access_src": "routed", "city": "Pittsburg", "city_kind": "city", "inside_frac": 1.0, "rank_lo": null, "rank_hi": null, "rank_top_share": null}, "geometry": {"type": "Polygon", "coordinates": [[[-121.87546, 38.03627], [-121.87438, 38.03795], [-121.87564, 38.03946], [-121.87798, 38.03929], [-121.87907, 38.03761], [-121.87781, 38.0361], [-121.87546, 38.03627]]]}}, {"type": "Feature", "properties": {"id": 727, "name": "Beacon Villa N 13", "lst": 22.88, "green": 0.0, "pop": 0, "pct65": 12.9, "ac": 65.05, "holc": null, "access_min": 43.3, "access_km": 3.46, "score": null, "rank": null, "area_m2": 109602, "street_m": 0, "canopy_m2": 0.0, "row_m2": 0.0, "row_canopy": 0.0, "veg": 0.0, "place": "empty", "land": "open water", "green_src": "canopy", "canopy_source": "chm-legacy", "canopy_year": "2009-2020", "assessed_m2": 178774.56, "coverage_frac": 1.0, "canopy_quality": "full", "scenario_ok": false, "canopy_baseline_ok": false, "ac_src": "income-model", "ac_coverage": null, "acs_year": 2024, "access_snap_m": 610.0, "access_quality": "approach-review", "access_src": "routed", "city": "Pittsburg", "city_kind": "city", "inside_frac": 1.0, "rank_lo": null, "rank_hi": null, "rank_top_share": null}, "geometry": {"type": "Polygon", "coordinates": [[[-121.88645, 38.04347], [-121.88536, 38.04515], [-121.88662, 38.04666], [-121.88897, 38.04649], [-121.89006, 38.04481], [-121.8888, 38.04331], [-121.88645, 38.04347]]]}}, {"type": "Feature", "properties": {"id": 728, "name": "Beacon Villa N 15", "lst": 22.7, "green": 0.0, "pop": 0, "pct65": 12.9, "ac": 65.05, "holc": null, "access_min": 48.2, "access_km": 3.86, "score": null, "rank": null, "area_m2": 109597, "street_m": 0, "canopy_m2": 0.0, "row_m2": 0.0, "row_canopy": 0.0, "veg": 0.0, "place": "empty", "land": "open water", "green_src": "canopy", "canopy_source": "chm-legacy", "canopy_year": "2009-2020", "assessed_m2": 178773.12, "coverage_frac": 1.0, "canopy_quality": "full", "scenario_ok": false, "canopy_baseline_ok": false, "ac_src": "income-model", "ac_coverage": null, "acs_year": 2024, "access_snap_m": 832.0, "access_quality": "approach-review", "access_src": "routed", "city": "Pittsburg", "city_kind": "city", "inside_frac": 0.553, "rank_lo": null, "rank_hi": null, "rank_top_share": null}, "geometry": {"type": "Polygon", "coordinates": [[[-121.89006, 38.04481], [-121.88897, 38.04649], [-121.89023, 38.048], [-121.89257, 38.04783], [-121.89366, 38.04615], [-121.8924, 38.04464], [-121.89006, 38.04481]]]}}, {"type": "Feature", "properties": {"id": 729, "name": "Beacon Villa NE 7", "lst": 22.54, "green": 0.0, "pop": 0, "pct65": 12.9, "ac": 65.05, "holc": null, "access_min": 45.3, "access_km": 3.62, "score": null, "rank": null, "area_m2": 109603, "street_m": 0, "canopy_m2": 0.0, "row_m2": 0.0, "row_canopy": 0.0, "veg": 0.0, "place": "empty", "land": "open water", "green_src": "canopy", "canopy_source": "chm-legacy", "canopy_year": "2009-2020", "assessed_m2": 178783.2, "coverage_frac": 1.0, "canopy_quality": "full", "scenario_ok": false, "canopy_baseline_ok": false, "ac_src": "income-model", "ac_coverage": null, "acs_year": 2024, "access_snap_m": 833.0, "access_quality": "approach-review", "access_src": "routed", "city": "Pittsburg", "city_kind": "city", "inside_frac": 0.837, "rank_lo": null, "rank_hi": null, "rank_top_share": null}, "geometry": {"type": "Polygon", "coordinates": [[[-121.88302, 38.04532], [-121.88193, 38.047], [-121.88319, 38.04851], [-121.88554, 38.04834], [-121.88662, 38.04666], [-121.88536, 38.04515], [-121.88302, 38.04532]]]}}, {"type": "Feature", "properties": {"id": 730, "name": "Beacon Villa N 16", "lst": 22.52, "green": 0.0, "pop": 0, "pct65": 12.9, "ac": 65.05, "holc": null, "access_min": 47.5, "access_km": 3.8, "score": null, "rank": null, "area_m2": 109598, "street_m": 0, "canopy_m2": 0.0, "row_m2": 0.0, "row_canopy": 0.0, "veg": 0.0, "place": "empty", "land": "open water", "green_src": "canopy", "canopy_source": "chm-legacy", "canopy_year": "2009-2020", "assessed_m2": 178786.08, "coverage_frac": 1.0, "canopy_quality": "full", "scenario_ok": false, "canopy_baseline_ok": false, "ac_src": "income-model", "ac_coverage": null, "acs_year": 2024, "access_snap_m": 951.0, "access_quality": "approach-review", "access_src": "routed", "city": "Pittsburg", "city_kind": "city", "inside_frac": 0.104, "rank_lo": null, "rank_hi": null, "rank_top_share": null}, "geometry": {"type": "Polygon", "coordinates": [[[-121.88662, 38.04666], [-121.88554, 38.04834], [-121.8868, 38.04985], [-121.88914, 38.04968], [-121.89023, 38.048], [-121.88897, 38.04649], [-121.88662, 38.04666]]]}}, {"type": "Feature", "properties": {"id": 731, "name": "Beacon Villa NE 4", "lst": 26.58, "green": 4.05, "pop": 0, "pct65": 12.9, "ac": 65.05, "holc": null, "access_min": 40.7, "access_km": 3.26, "score": null, "rank": null, "area_m2": 109607, "street_m": 0, "canopy_m2": 1148.0, "row_m2": 0.0, "row_canopy": 0.0, "veg": 0.0, "place": "empty", "land": "open water", "green_src": "canopy", "canopy_source": "usfs-2022", "canopy_year": "2022", "assessed_m2": 28356.12, "coverage_frac": 0.2585502270062187, "canopy_quality": "partial", "scenario_ok": false, "canopy_baseline_ok": false, "ac_src": "income-model", "ac_coverage": null, "acs_year": 2024, "access_snap_m": 297.0, "access_quality": "approach-review", "access_src": "routed", "city": "Pittsburg", "city_kind": "city", "inside_frac": 1.0, "rank_lo": null, "rank_hi": null, "rank_top_share": null}, "geometry": {"type": "Polygon", "coordinates": [[[-121.88628, 38.04029], [-121.88519, 38.04197], [-121.88645, 38.04347], [-121.8888, 38.04331], [-121.88988, 38.04163], [-121.88862, 38.04012], [-121.88628, 38.04029]]]}}, {"type": "Feature", "properties": {"id": 732, "name": "Beacon Villa N 10", "lst": 24.04, "green": 0.0, "pop": 0, "pct65": 12.9, "ac": 65.05, "holc": null, "access_min": 44.1, "access_km": 3.52, "score": null, "rank": null, "area_m2": 109601, "street_m": 0, "canopy_m2": 0.0, "row_m2": 0.0, "row_canopy": 0.0, "veg": 0.0, "place": "empty", "land": "open water", "green_src": "canopy", "canopy_source": "lidar-2020", "canopy_year": "2020", "assessed_m2": 109601.1, "coverage_frac": 1.0, "canopy_quality": "lidar", "scenario_ok": false, "canopy_baseline_ok": false, "ac_src": "income-model", "ac_coverage": null, "acs_year": 2024, "access_snap_m": 506.0, "access_quality": "approach-review", "access_src": "routed", "city": "Pittsburg", "city_kind": "city", "inside_frac": 1.0, "rank_lo": null, "rank_hi": null, "rank_top_share": null}, "geometry": {"type": "Polygon", "coordinates": [[[-121.88988, 38.04163], [-121.8888, 38.04331], [-121.89006, 38.04481], [-121.8924, 38.04464], [-121.89349, 38.04297], [-121.89223, 38.04146], [-121.88988, 38.04163]]]}}, {"type": "Feature", "properties": {"id": 733, "name": "Beacon Villa NE 6", "lst": 22.99, "green": 0.0, "pop": 0, "pct65": 12.9, "ac": 65.05, "holc": null, "access_min": 40.8, "access_km": 3.26, "score": null, "rank": null, "area_m2": 109608, "street_m": 0, "canopy_m2": 0.0, "row_m2": 0.0, "row_canopy": 0.0, "veg": 0.0, "place": "empty", "land": "open water", "green_src": "canopy", "canopy_source": "chm-legacy", "canopy_year": "2009-2020", "assessed_m2": 178777.44, "coverage_frac": 1.0, "canopy_quality": "full", "scenario_ok": false, "canopy_baseline_ok": false, "ac_src": "income-model", "ac_coverage": null, "acs_year": 2024, "access_snap_m": 543.0, "access_quality": "approach-review", "access_src": "routed", "city": "Pittsburg", "city_kind": "city", "inside_frac": 1.0, "rank_lo": null, "rank_hi": null, "rank_top_share": null}, "geometry": {"type": "Polygon", "coordinates": [[[-121.88285, 38.04214], [-121.88176, 38.04381], [-121.88302, 38.04532], [-121.88536, 38.04515], [-121.88645, 38.04347], [-121.88519, 38.04197], [-121.88285, 38.04214]]]}}, {"type": "Feature", "properties": {"id": 734, "name": "Beacon Villa", "lst": 43.13, "green": 10.52, "pop": 302, "pct65": 9.5, "ac": 80.39, "holc": null, "access_min": 27.4, "access_km": 2.19, "score": 53.4, "rank": 231.0, "area_m2": 109618, "street_m": 2150, "canopy_m2": 11543.0, "row_m2": 0.0, "row_canopy": 0.0, "veg": 12.0, "place": "res", "land": null, "green_src": "canopy", "canopy_source": "usfs-2022", "canopy_year": "2022", "assessed_m2": 109680.48, "coverage_frac": 0.999966100077044, "canopy_quality": "full", "scenario_ok": true, "canopy_baseline_ok": true, "ac_src": "lace", "ac_coverage": 1.0, "acs_year": 2024, "access_snap_m": 92.0, "access_quality": "network-estimate", "access_src": "routed", "city": "Pittsburg", "city_kind": "city", "inside_frac": 1.0, "rank_lo": 161, "rank_hi": 403, "rank_top_share": 0.0}, "geometry": {"type": "Polygon", "coordinates": [[[-121.89262, 38.02703], [-121.89154, 38.02871], [-121.89279, 38.03022], [-121.89514, 38.03005], [-121.89623, 38.02837], [-121.89497, 38.02686], [-121.89262, 38.02703]]]}}, {"type": "Feature", "properties": {"id": 735, "name": "Beacon Villa W", "lst": 42.92, "green": 5.04, "pop": 219, "pct65": 14.1, "ac": 89.42, "holc": null, "access_min": 30.9, "access_km": 2.47, "score": 60.5, "rank": 175.0, "area_m2": 109612, "street_m": 726, "canopy_m2": 5529.0, "row_m2": 0.0, "row_canopy": 0.0, "veg": 6.1, "place": "res", "land": null, "green_src": "canopy", "canopy_source": "usfs-2022", "canopy_year": "2022", "assessed_m2": 109675.8, "coverage_frac": 0.9999727950702608, "canopy_quality": "full", "scenario_ok": true, "canopy_baseline_ok": true, "ac_src": "lace", "ac_coverage": 1.0, "acs_year": 2024, "access_snap_m": 61.0, "access_quality": "network-estimate", "access_src": "routed", "city": "Pittsburg", "city_kind": "city", "inside_frac": 1.0, "rank_lo": 109, "rank_hi": 222, "rank_top_share": 0.0}, "geometry": {"type": "Polygon", "coordinates": [[[-121.89623, 38.02837], [-121.89514, 38.03005], [-121.8964, 38.03156], [-121.89874, 38.03139], [-121.89983, 38.02971], [-121.89857, 38.0282], [-121.89623, 38.02837]]]}}, {"type": "Feature", "properties": {"id": 736, "name": "Beacon Villa E", "lst": 42.13, "green": 8.71, "pop": 293, "pct65": 8.8, "ac": 83.81, "holc": null, "access_min": 25.7, "access_km": 2.05, "score": 53.6, "rank": 230.0, "area_m2": 109619, "street_m": 2453, "canopy_m2": 9553.0, "row_m2": 0.0, "row_canopy": 0.0, "veg": 13.4, "place": "res", "land": null, "green_src": "canopy", "canopy_source": "usfs-2022", "canopy_year": "2022", "assessed_m2": 109684.8, "coverage_frac": 0.9999952819397552, "canopy_quality": "full", "scenario_ok": true, "canopy_baseline_ok": true, "ac_src": "lace", "ac_coverage": 1.0, "acs_year": 2024, "access_snap_m": 59.0, "access_quality": "network-estimate", "access_src": "routed", "city": "Pittsburg", "city_kind": "city", "inside_frac": 1.0, "rank_lo": 161, "rank_hi": 382, "rank_top_share": 0.0}, "geometry": {"type": "Polygon", "coordinates": [[[-121.88919, 38.02888], [-121.8881, 38.03056], [-121.88936, 38.03207], [-121.89171, 38.0319], [-121.89279, 38.03022], [-121.89154, 38.02871], [-121.88919, 38.02888]]]}}, {"type": "Feature", "properties": {"id": 737, "name": "Beacon Villa N", "lst": 41.84, "green": 5.61, "pop": 201, "pct65": 14.3, "ac": 94.47, "holc": null, "access_min": 29.6, "access_km": 2.37, "score": 51.9, "rank": 249.0, "area_m2": 109613, "street_m": 182, "canopy_m2": 6156.0, "row_m2": 0.0, "row_canopy": 0.0, "veg": 10.0, "place": "res", "land": null, "green_src": "canopy", "canopy_source": "usfs-2022", "canopy_year": "2022", "assessed_m2": 109677.6, "coverage_frac": 0.9999789982409066, "canopy_quality": "full", "scenario_ok": true, "canopy_baseline_ok": true, "ac_src": "lace", "ac_coverage": 1.0, "acs_year": 2024, "access_snap_m": 176.0, "access_quality": "approach-review", "access_src": "routed", "city": "Pittsburg", "city_kind": "city", "inside_frac": 1.0, "rank_lo": 171, "rank_hi": 404, "rank_top_share": 0.0}, "geometry": {"type": "Polygon", "coordinates": [[[-121.89279, 38.03022], [-121.89171, 38.0319], [-121.89297, 38.03341], [-121.89531, 38.03324], [-121.8964, 38.03156], [-121.89514, 38.03005], [-121.89279, 38.03022]]]}}, {"type": "Feature", "properties": {"id": 738, "name": "Beacon Villa S", "lst": 45.24, "green": 9.95, "pop": 342, "pct65": 9.6, "ac": 76.68, "holc": null, "access_min": 12.1, "access_km": 0.97, "score": 63.2, "rank": 145.0, "area_m2": 109622, "street_m": 788, "canopy_m2": 10912.0, "row_m2": 0.0, "row_canopy": 0.0, "veg": 10.7, "place": "res", "land": null, "green_src": "canopy", "canopy_source": "usfs-2022", "canopy_year": "2022", "assessed_m2": 109688.76, "coverage_frac": 1.0, "canopy_quality": "full", "scenario_ok": true, "canopy_baseline_ok": true, "ac_src": "lace", "ac_coverage": 1.0, "acs_year": 2024, "access_snap_m": 245.0, "access_quality": "approach-review", "access_src": "routed", "city": "Pittsburg", "city_kind": "city", "inside_frac": 1.0, "rank_lo": 76, "rank_hi": 262, "rank_top_share": 0.01}, "geometry": {"type": "Polygon", "coordinates": [[[-121.89245, 38.02385], [-121.89136, 38.02552], [-121.89262, 38.02703], [-121.89497, 38.02686], [-121.89605, 38.02519], [-121.89479, 38.02368], [-121.89245, 38.02385]]]}}, {"type": "Feature", "properties": {"id": 739, "name": "Beacon Villa SW", "lst": 43.64, "green": 6.59, "pop": 317, "pct65": 9.3, "ac": 78.55, "holc": null, "access_min": 32.8, "access_km": 2.62, "score": 70.0, "rank": 88.0, "area_m2": 109616, "street_m": 1010, "canopy_m2": 7225.0, "row_m2": 0.0, "row_canopy": 0.0, "veg": 8.9, "place": "res", "land": null, "green_src": "canopy", "canopy_source": "usfs-2022", "canopy_year": "2022", "assessed_m2": 109680.48, "coverage_frac": 0.9999763134966198, "canopy_quality": "full", "scenario_ok": true, "canopy_baseline_ok": true, "ac_src": "lace", "ac_coverage": 1.0, "acs_year": 2024, "access_snap_m": 152.0, "access_quality": "approach-review", "access_src": "routed", "city": "Pittsburg", "city_kind": "city", "inside_frac": 1.0, "rank_lo": 37, "rank_hi": 142, "rank_top_share": 0.24}, "geometry": {"type": "Polygon", "coordinates": [[[-121.89605, 38.02519], [-121.89497, 38.02686], [-121.89623, 38.02837], [-121.89857, 38.0282], [-121.89966, 38.02652], [-121.8984, 38.02502], [-121.89605, 38.02519]]]}}, {"type": "Feature", "properties": {"id": 740, "name": "Beacon Villa SE", "lst": 43.93, "green": 15.14, "pop": 353, "pct65": 6.5, "ac": 78.9, "holc": null, "access_min": 21.5, "access_km": 1.72, "score": 37.7, "rank": 490.0, "area_m2": 109623, "street_m": 1670, "canopy_m2": 16609.0, "row_m2": 0.0, "row_canopy": 0.0, "veg": 12.8, "place": "res", "land": null, "green_src": "canopy", "canopy_source": "usfs-2022", "canopy_year": "2022", "assessed_m2": 109689.84, "coverage_frac": 1.0, "canopy_quality": "full", "scenario_ok": true, "canopy_baseline_ok": true, "ac_src": "lace", "ac_coverage": 1.0, "acs_year": 2024, "access_snap_m": 160.0, "access_quality": "approach-review", "access_src": "routed", "city": "Pittsburg", "city_kind": "city", "inside_frac": 1.0, "rank_lo": 255, "rank_hi": 523, "rank_top_share": 0.0}, "geometry": {"type": "Polygon", "coordinates": [[[-121.88902, 38.02569], [-121.88793, 38.02737], [-121.88919, 38.02888], [-121.89154, 38.02871], [-121.89262, 38.02703], [-121.89136, 38.02552], [-121.88902, 38.02569]]]}}, {"type": "Feature", "properties": {"id": 741, "name": "Beacon Villa NW 3", "lst": 38.32, "green": 0.04, "pop": 170, "pct65": 14.6, "ac": 91.07, "holc": null, "access_min": 39.6, "access_km": 3.17, "score": 69.6, "rank": 89.0, "area_m2": 109602, "street_m": 0, "canopy_m2": 27.0, "row_m2": 0.0, "row_canopy": 0.0, "veg": 23.0, "place": "res", "land": null, "green_src": "canopy", "canopy_source": "usfs-2022", "canopy_year": "2022", "assessed_m2": 63202.32, "coverage_frac": 0.5763003003522028, "canopy_quality": "partial", "scenario_ok": false, "canopy_baseline_ok": false, "ac_src": "lace", "ac_coverage": 1.0, "acs_year": 2024, "access_snap_m": 435.0, "access_quality": "approach-review", "access_src": "routed", "city": "Pittsburg", "city_kind": "city", "inside_frac": 1.0, "rank_lo": 39, "rank_hi": 151, "rank_top_share": 0.22}, "geometry": {"type": "Polygon", "coordinates": [[[-121.9, 38.0329], [-121.89892, 38.03458], [-121.90018, 38.03608], [-121.90252, 38.03591], [-121.90361, 38.03424], [-121.90235, 38.03273], [-121.9, 38.0329]]]}}, {"type": "Feature", "properties": {"id": 742, "name": "Beacon Villa NW 6", "lst": 34.75, "green": 0.0, "pop": 0, "pct65": 12.9, "ac": 65.05, "holc": null, "access_min": 46.9, "access_km": 3.75, "score": null, "rank": null, "area_m2": 109597, "street_m": 0, "canopy_m2": 0.0, "row_m2": 0.0, "row_canopy": 0.0, "veg": 27.8, "place": "empty", "land": "wetland", "green_src": "canopy", "canopy_source": "chm-legacy", "canopy_year": "2009-2020", "assessed_m2": 178719.84, "coverage_frac": 1.0, "canopy_quality": "full", "scenario_ok": false, "canopy_baseline_ok": false, "ac_src": "income-model", "ac_coverage": null, "acs_year": 2024, "access_snap_m": 450.0, "access_quality": "approach-review", "access_src": "routed", "city": "Pittsburg", "city_kind": "city", "inside_frac": 1.0, "rank_lo": null, "rank_hi": null, "rank_top_share": null}, "geometry": {"type": "Polygon", "coordinates": [[[-121.90361, 38.03424], [-121.90252, 38.03591], [-121.90378, 38.03742], [-121.90613, 38.03725], [-121.90721, 38.03557], [-121.90595, 38.03407], [-121.90361, 38.03424]]]}}, {"type": "Feature", "properties": {"id": 743, "name": "Beacon Villa N 3", "lst": 42.12, "green": 0.0, "pop": 186, "pct65": 21.3, "ac": 95.2, "holc": null, "access_min": 42.8, "access_km": 3.43, "score": 75.6, "rank": 55.0, "area_m2": 109603, "street_m": 0, "canopy_m2": 0.0, "row_m2": 0.0, "row_canopy": 0.0, "veg": 4.7, "place": "res", "land": null, "green_src": "canopy", "canopy_source": "usfs-2022", "canopy_year": "2022", "assessed_m2": 109671.48, "coverage_frac": 1.0, "canopy_quality": "full", "scenario_ok": false, "canopy_baseline_ok": true, "ac_src": "lace", "ac_coverage": 1.0, "acs_year": 2024, "access_snap_m": 78.0, "access_quality": "network-estimate", "access_src": "routed", "city": "Pittsburg", "city_kind": "city", "inside_frac": 1.0, "rank_lo": 14, "rank_hi": 140, "rank_top_share": 0.437}, "geometry": {"type": "Polygon", "coordinates": [[[-121.89657, 38.03475], [-121.89549, 38.03642], [-121.89675, 38.03793], [-121.89909, 38.03776], [-121.90018, 38.03608], [-121.89892, 38.03458], [-121.89657, 38.03475]]]}}, {"type": "Feature", "properties": {"id": 744, "name": "Beacon Villa NW 5", "lst": 37.13, "green": 0.3, "pop": 144, "pct65": 15.5, "ac": 85.24, "holc": null, "access_min": 44.4, "access_km": 3.55, "score": 73.3, "rank": 68.0, "area_m2": 109598, "street_m": 0, "canopy_m2": 50.0, "row_m2": 0.0, "row_canopy": 0.0, "veg": 7.2, "place": "res", "land": null, "green_src": "canopy", "canopy_source": "usfs-2022", "canopy_year": "2022", "assessed_m2": 16632.36, "coverage_frac": 0.1516654697567582, "canopy_quality": "partial", "scenario_ok": false, "canopy_baseline_ok": false, "ac_src": "lace", "ac_coverage": 1.0, "acs_year": 2024, "access_snap_m": 248.0, "access_quality": "approach-review", "access_src": "routed", "city": "Pittsburg", "city_kind": "city", "inside_frac": 1.0, "rank_lo": 32, "rank_hi": 111, "rank_top_share": 0.36}, "geometry": {"type": "Polygon", "coordinates": [[[-121.90018, 38.03608], [-121.89909, 38.03776], [-121.90035, 38.03927], [-121.9027, 38.0391], [-121.90378, 38.03742], [-121.90252, 38.03591], [-121.90018, 38.03608]]]}}, {"type": "Feature", "properties": {"id": 745, "name": "Beacon Villa NW 2", "lst": 40.55, "green": 2.37, "pop": 178, "pct65": 14.6, "ac": 92.56, "holc": null, "access_min": 35.5, "access_km": 2.84, "score": 62.0, "rank": 155.0, "area_m2": 109607, "street_m": 0, "canopy_m2": 2388.0, "row_m2": 0.0, "row_canopy": 0.0, "veg": 24.8, "place": "res", "land": null, "green_src": "canopy", "canopy_source": "usfs-2022", "canopy_year": "2022", "assessed_m2": 100643.04, "coverage_frac": 0.9176616092367764, "canopy_quality": "partial", "scenario_ok": false, "canopy_baseline_ok": false, "ac_src": "lace", "ac_coverage": 1.0, "acs_year": 2024, "access_snap_m": 297.0, "access_quality": "approach-review", "access_src": "routed", "city": "Pittsburg", "city_kind": "city", "inside_frac": 1.0, "rank_lo": 88, "rank_hi": 215, "rank_top_share": 0.007}, "geometry": {"type": "Polygon", "coordinates": [[[-121.89983, 38.02971], [-121.89874, 38.03139], [-121.9, 38.0329], [-121.90235, 38.03273], [-121.90344, 38.03105], [-121.90218, 38.02954], [-121.89983, 38.02971]]]}}, {"type": "Feature", "properties": {"id": 746, "name": "Beacon Villa NW 4", "lst": 33.66, "green": 0.57, "pop": 0, "pct65": 12.9, "ac": 65.05, "holc": null, "access_min": 41.4, "access_km": 3.31, "score": null, "rank": null, "area_m2": 109601, "street_m": 0, "canopy_m2": 236.0, "row_m2": 0.0, "row_canopy": 0.0, "veg": 44.8, "place": "empty", "land": "wetland", "green_src": "canopy", "canopy_source": "usfs-2022", "canopy_year": "2022", "assessed_m2": 41581.08, "coverage_frac": 0.3791543371298579, "canopy_quality": "partial", "scenario_ok": false, "canopy_baseline_ok": false, "ac_src": "income-model", "ac_coverage": null, "acs_year": 2024, "access_snap_m": 367.0, "access_quality": "approach-review", "access_src": "routed", "city": "Pittsburg", "city_kind": "city", "inside_frac": 1.0, "rank_lo": null, "rank_hi": null, "rank_top_share": null}, "geometry": {"type": "Polygon", "coordinates": [[[-121.90344, 38.03105], [-121.90235, 38.03273], [-121.90361, 38.03424], [-121.90595, 38.03407], [-121.90704, 38.03239], [-121.90578, 38.03088], [-121.90344, 38.03105]]]}}, {"type": "Feature", "properties": {"id": 747, "name": "Beacon Villa NW", "lst": 42.63, "green": 2.31, "pop": 196, "pct65": 14.6, "ac": 95.2, "holc": null, "access_min": 34.6, "access_km": 2.76, "score": 61.0, "rank": 168.0, "area_m2": 109608, "street_m": 0, "canopy_m2": 2534.0, "row_m2": 0.0, "row_canopy": 0.0, "veg": 5.9, "place": "res", "land": null, "green_src": "canopy", "canopy_source": "usfs-2022", "canopy_year": "2022", "assessed_m2": 109674.0, "coverage_frac": 0.9999955431320992, "canopy_quality": "full", "scenario_ok": false, "canopy_baseline_ok": true, "ac_src": "lace", "ac_coverage": 1.0, "acs_year": 2024, "access_snap_m": 276.0, "access_quality": "approach-review", "access_src": "routed", "city": "Pittsburg", "city_kind": "city", "inside_frac": 1.0, "rank_lo": 77, "rank_hi": 244, "rank_top_share": 0.01}, "geometry": {"type": "Polygon", "coordinates": [[[-121.8964, 38.03156], [-121.89531, 38.03324], [-121.89657, 38.03475], [-121.89892, 38.03458], [-121.9, 38.0329], [-121.89874, 38.03139], [-121.8964, 38.03156]]]}}, {"type": "Feature", "properties": {"id": 748, "name": "Pittsburg N", "lst": 41.85, "green": 11.98, "pop": 78, "pct65": 14.7, "ac": 92.78, "holc": null, "access_min": 22.3, "access_km": 1.78, "score": 28.3, "rank": 537.0, "area_m2": 109625, "street_m": 2494, "canopy_m2": 13144.0, "row_m2": 0.0, "row_canopy": 0.0, "veg": 12.0, "place": "res", "land": null, "green_src": "canopy", "canopy_source": "usfs-2022", "canopy_year": "2022", "assessed_m2": 109689.48, "coverage_frac": 0.9999784067302904, "canopy_quality": "full", "scenario_ok": true, "canopy_baseline_ok": true, "ac_src": "lace", "ac_coverage": 1.0, "acs_year": 2024, "access_snap_m": 55.0, "access_quality": "network-estimate", "access_src": "routed", "city": "Pittsburg", "city_kind": "city", "inside_frac": 1.0, "rank_lo": 518, "rank_hi": 547, "rank_top_share": 0.0}, "geometry": {"type": "Polygon", "coordinates": [[[-121.88215, 38.02939], [-121.88107, 38.03107], [-121.88233, 38.03258], [-121.88467, 38.03241], [-121.88576, 38.03073], [-121.8845, 38.02922], [-121.88215, 38.02939]]]}}, {"type": "Feature", "properties": {"id": 749, "name": "Pittsburg N 2", "lst": 40.9, "green": 17.49, "pop": 191, "pct65": 17.8, "ac": 95.2, "holc": null, "access_min": 25.6, "access_km": 2.05, "score": 19.7, "rank": 558.0, "area_m2": 109620, "street_m": 2503, "canopy_m2": 19180.0, "row_m2": 0.0, "row_canopy": 0.0, "veg": 19.5, "place": "res", "land": null, "green_src": "canopy", "canopy_source": "usfs-2022", "canopy_year": "2022", "assessed_m2": 109682.28, "coverage_frac": 0.9999621132969247, "canopy_quality": "full", "scenario_ok": true, "canopy_baseline_ok": true, "ac_src": "lace", "ac_coverage": 1.0, "acs_year": 2024, "access_snap_m": 60.0, "access_quality": "network-estimate", "access_src": "routed", "city": "Pittsburg", "city_kind": "city", "inside_frac": 1.0, "rank_lo": 544, "rank_hi": 563, "rank_top_share": 0.0}, "geometry": {"type": "Polygon", "coordinates": [[[-121.88576, 38.03073], [-121.88467, 38.03241], [-121.88593, 38.03391], [-121.88828, 38.03375], [-121.88936, 38.03207], [-121.8881, 38.03056], [-121.88576, 38.03073]]]}}, {"type": "Feature", "properties": {"id": 750, "name": "Pittsburg NE 3", "lst": 41.52, "green": 13.14, "pop": 9, "pct65": 14.2, "ac": 95.2, "holc": null, "access_min": 27.9, "access_km": 2.23, "score": 19.3, "rank": 559.0, "area_m2": 109626, "street_m": 1737, "canopy_m2": 14414.0, "row_m2": 0.0, "row_canopy": 0.0, "veg": 16.2, "place": "res", "land": null, "green_src": "canopy", "canopy_source": "usfs-2022", "canopy_year": "2022", "assessed_m2": 109692.0, "coverage_frac": 0.9999912004709502, "canopy_quality": "full", "scenario_ok": true, "canopy_baseline_ok": true, "ac_src": "lace", "ac_coverage": 1.0, "acs_year": 2024, "access_snap_m": 108.0, "access_quality": "approach-review", "access_src": "routed", "city": "Pittsburg", "city_kind": "city", "inside_frac": 1.0, "rank_lo": 546, "rank_hi": 560, "rank_top_share": 0.0}, "geometry": {"type": "Polygon", "coordinates": [[[-121.87872, 38.03124], [-121.87764, 38.03291], [-121.87889, 38.03442], [-121.88124, 38.03425], [-121.88233, 38.03258], [-121.88107, 38.03107], [-121.87872, 38.03124]]]}}, {"type": "Feature", "properties": {"id": 751, "name": "Pittsburg N 3", "lst": 38.81, "green": 17.96, "pop": 131, "pct65": 22.6, "ac": 95.2, "holc": null, "access_min": 25.8, "access_km": 2.06, "score": 22.0, "rank": 549.0, "area_m2": 109621, "street_m": 1693, "canopy_m2": 16347.0, "row_m2": 0.0, "row_canopy": 0.0, "veg": 12.5, "place": "res", "land": null, "green_src": "canopy", "canopy_source": "usfs-2022", "canopy_year": "2022", "assessed_m2": 91033.2, "coverage_frac": 0.829931908546944, "canopy_quality": "partial", "scenario_ok": true, "canopy_baseline_ok": false, "ac_src": "lace", "ac_coverage": 1.0, "acs_year": 2024, "access_snap_m": 66.0, "access_quality": "network-estimate", "access_src": "routed", "city": "Pittsburg", "city_kind": "city", "inside_frac": 1.0, "rank_lo": 541, "rank_hi": 562, "rank_top_share": 0.0}, "geometry": {"type": "Polygon", "coordinates": [[[-121.88233, 38.03258], [-121.88124, 38.03425], [-121.8825, 38.03576], [-121.88485, 38.03559], [-121.88593, 38.03391], [-121.88467, 38.03241], [-121.88233, 38.03258]]]}}, {"type": "Feature", "properties": {"id": 752, "name": "Pittsburg NE", "lst": 44.04, "green": 7.55, "pop": 408, "pct65": 21.5, "ac": 78.91, "holc": null, "access_min": 19.7, "access_km": 1.57, "score": 94.1, "rank": 2.0, "area_m2": 109630, "street_m": 1950, "canopy_m2": 8281.0, "row_m2": 0.0, "row_canopy": 0.0, "veg": 9.4, "place": "res", "land": null, "green_src": "canopy", "canopy_source": "usfs-2022", "canopy_year": "2022", "assessed_m2": 109693.8, "coverage_frac": 0.999978634954947, "canopy_quality": "full", "scenario_ok": true, "canopy_baseline_ok": true, "ac_src": "lace", "ac_coverage": 1.0, "acs_year": 2024, "access_snap_m": 37.0, "access_quality": "network-estimate", "access_src": "routed", "city": "Pittsburg", "city_kind": "city", "inside_frac": 1.0, "rank_lo": 2, "rank_hi": 81, "rank_top_share": 0.897}, "geometry": {"type": "Polygon", "coordinates": [[[-121.88198, 38.0262], [-121.88089, 38.02788], [-121.88215, 38.02939], [-121.8845, 38.02922], [-121.88559, 38.02754], [-121.88433, 38.02603], [-121.88198, 38.0262]]]}}, {"type": "Feature", "properties": {"id": 753, "name": "Pittsburg NW", "lst": 43.38, "green": 13.31, "pop": 329, "pct65": 7.4, "ac": 80.72, "holc": null, "access_min": 19.4, "access_km": 1.55, "score": 41.9, "rank": 451.0, "area_m2": 109624, "street_m": 2597, "canopy_m2": 14600.0, "row_m2": 0.0, "row_canopy": 0.0, "veg": 11.7, "place": "res", "land": null, "green_src": "canopy", "canopy_source": "usfs-2022", "canopy_year": "2022", "assessed_m2": 109686.96, "coverage_frac": 0.9999656224340324, "canopy_quality": "full", "scenario_ok": true, "canopy_baseline_ok": true, "ac_src": "lace", "ac_coverage": 1.0, "acs_year": 2024, "access_snap_m": 91.0, "access_quality": "network-estimate", "access_src": "routed", "city": "Pittsburg", "city_kind": "city", "inside_frac": 1.0, "rank_lo": 239, "rank_hi": 498, "rank_top_share": 0.0}, "geometry": {"type": "Polygon", "coordinates": [[[-121.88559, 38.02754], [-121.8845, 38.02922], [-121.88576, 38.03073], [-121.8881, 38.03056], [-121.88919, 38.02888], [-121.88793, 38.02737], [-121.88559, 38.02754]]]}}, {"type": "Feature", "properties": {"id": 754, "name": "Pittsburg NE 2", "lst": 43.93, "green": 6.96, "pop": 37, "pct65": 16.1, "ac": 81.93, "holc": null, "access_min": 24.9, "access_km": 1.99, "score": 49.0, "rank": 317.0, "area_m2": 109631, "street_m": 1192, "canopy_m2": 7631.0, "row_m2": 0.0, "row_canopy": 0.0, "veg": 14.0, "place": "res", "land": null, "green_src": "canopy", "canopy_source": "usfs-2022", "canopy_year": "2022", "assessed_m2": 109694.88, "coverage_frac": 0.999978295553448, "canopy_quality": "full", "scenario_ok": true, "canopy_baseline_ok": true, "ac_src": "lace", "ac_coverage": 1.0, "acs_year": 2024, "access_snap_m": 146.0, "access_quality": "approach-review", "access_src": "routed", "city": "Pittsburg", "city_kind": "city", "inside_frac": 1.0, "rank_lo": 249, "rank_hi": 420, "rank_top_share": 0.0}, "geometry": {"type": "Polygon", "coordinates": [[[-121.87855, 38.02805], [-121.87746, 38.02973], [-121.87872, 38.03124], [-121.88107, 38.03107], [-121.88215, 38.02939], [-121.88089, 38.02788], [-121.87855, 38.02805]]]}}]}