{"type": "FeatureCollection", "features": [{"type": "Feature", "properties": {"hw": "unclassified"}, "geometry": {"type": "LineString", "coordinates": [[-122.00657, 38.04136], [-122.00658, 38.04208], [-122.00671, 38.04225], [-122.007, 38.04237], [-122.00715, 38.04245], [-122.0072, 38.04257], [-122.00714, 38.04274], [-122.00665, 38.0439], [-122.00622, 38.0449], [-122.00594, 38.04556], [-122.00544, 38.04675], [-122.0054, 38.04684], [-122.00535, 38.04697], [-122.00524, 38.04729], [-122.00501, 38.04768], [-122.00485, 38.0479], [-122.00465, 38.04807], [-122.00373, 38.04877], [-122.00343, 38.04901], [-122.00334, 38.04908], [-122.00294, 38.0494], [-122.00279, 38.04961], [-122.00268, 38.04979], [-122.00262, 38.05001], [-122.00227, 38.05232], [-122.00215, 38.05317]]}}, {"type": "Feature", "properties": {"hw": "residential"}, "geometry": {"type": "LineString", "coordinates": [[-121.88731, 38.03319], [-121.88745, 38.03279], [-121.88748, 38.03272]]}}, {"type": "Feature", "properties": {"hw": "secondary"}, "geometry": {"type": "LineString", "coordinates": [[-121.91809, 38.02638], [-121.91807, 38.02687], [-121.91806, 38.02699], [-121.91799, 38.02731]]}}, {"type": "Feature", "properties": {"hw": "residential"}, "geometry": {"type": "LineString", "coordinates": [[-121.84649, 38.01251], [-121.84643, 38.01173]]}}, {"type": "Feature", "properties": {"hw": "unclassified"}, "geometry": {"type": "LineString", "coordinates": [[-122.0013, 38.02049], [-122.00119, 38.02061], [-122.00101, 38.02085], [-122.00088, 38.02105], [-122.00082, 38.02117], [-122.00081, 38.02127], [-122.00078, 38.02148], [-122.00072, 38.0216], [-122.00061, 38.02171], [-122.00046, 38.0218], [-122.00029, 38.02186], [-122.00008, 38.02193], [-121.99955, 38.02202], [-121.99916, 38.02213], [-121.99855, 38.0223], [-121.99839, 38.02234], [-121.99834, 38.02235], [-121.99828, 38.02236], [-121.99822, 38.0223], [-121.99814, 38.02225]]}}, {"type": "Feature", "properties": {"hw": "residential"}, "geometry": {"type": "LineString", "coordinates": [[-121.8815, 38.00718], [-121.88157, 38.00716], [-121.88169, 38.00697], [-121.8818, 38.00684], [-121.88185, 38.00678]]}}, {"type": "Feature", "properties": {"hw": "unclassified"}, "geometry": {"type": "LineString", "coordinates": [[-122.00746, 38.0149], [-122.00694, 38.01468], [-122.00652, 38.0145]]}}, {"type": "Feature", "properties": {"hw": "unclassified"}, "geometry": {"type": "LineString", "coordinates": [[-122.00599, 38.01471], [-122.00606, 38.01468], [-122.00652, 38.0145], [-122.00595, 38.01425], [-122.00599, 38.01471]]}}, {"type": "Feature", "properties": {"hw": "residential"}, "geometry": {"type": "LineString", "coordinates": [[-121.88048, 38.00695], [-121.88042, 38.00712]]}}, {"type": "Feature", "properties": {"hw": "residential"}, "geometry": {"type": "LineString", "coordinates": [[-121.87839, 38.00522], [-121.87848, 38.00521], [-121.87895, 38.00533], [-121.879, 38.00538]]}}, {"type": "Feature", "properties": {"hw": "unclassified"}, "geometry": {"type": "LineString", "coordinates": [[-121.87056, 38.01307], [-121.87052, 38.01316], [-121.8704, 38.01347], [-121.87016, 38.01407], [-121.87007, 38.01431], [-121.86994, 38.01464], [-121.86985, 38.01485], [-121.86978, 38.01504]]}}, {"type": "Feature", "properties": {"hw": "unclassified"}, "geometry": {"type": "LineString", "coordinates": [[-121.99138, 38.01812], [-121.99141, 38.01818], [-121.99145, 38.01827], [-121.99151, 38.0184], [-121.99163, 38.01869], [-121.9917, 38.01881], [-121.99174, 38.01888], [-121.99182, 38.01895], [-121.99194, 38.01899], [-121.99205, 38.019], [-121.99217, 38.019], [-121.99234, 38.01897], [-121.99258, 38.01893], [-121.99289, 38.01888], [-121.99304, 38.01889], [-121.99315, 38.01892], [-121.99325, 38.01897], [-121.99331, 38.01906], [-121.99338, 38.01921], [-121.99353, 38.01971], [-121.99378, 38.0205], [-121.99382, 38.02065], [-121.99384, 38.02073], [-121.99384, 38.0208], [-121.99386, 38.02092], [-121.99388, 38.02104], [-121.99392, 38.02111], [-121.99394, 38.02114], [-121.99399, 38.02118], [-121.99403, 38.02119], [-121.99421, 38.02126], [-121.99434, 38.0213], [-121.99445, 38.02135], [-121.9946, 38.02142], [-121.99471, 38.02149], [-121.99481, 38.02159], [-121.99486, 38.02172], [-121.99491, 38.02188], [-121.99506, 38.02247], [-121.99517, 38.0229], [-121.99518, 38.02291], [-121.99528, 38.02328], [-121.99542, 38.02381], [-121.99542, 38.02383], [-121.99555, 38.02423], [-121.99568, 38.02468], [-121.99575, 38.02507]]}}, {"type": "Feature", "properties": {"hw": "residential"}, "geometry": {"type": "LineString", "coordinates": [[-121.87737, 38.02997], [-121.87716, 38.03036], [-121.87698, 38.03058], [-121.87675, 38.03073]]}}, {"type": "Feature", "properties": {"hw": "residential"}, "geometry": {"type": "LineString", "coordinates": [[-121.83866, 37.99518], [-121.83885, 37.99523], [-121.83903, 37.99538], [-121.83929, 37.99566]]}}, {"type": "Feature", "properties": {"hw": "unclassified"}, "geometry": {"type": "LineString", "coordinates": [[-121.99187, 38.01769], [-121.99192, 38.01774], [-121.99198, 38.01784], [-121.99202, 38.01794], [-121.99204, 38.01799], [-121.99213, 38.01811], [-121.99224, 38.0182], [-121.99242, 38.01825], [-121.9926, 38.01826], [-121.9928, 38.01825], [-121.99304, 38.01826], [-121.99346, 38.01844], [-121.99361, 38.01848], [-121.99373, 38.01846], [-121.99381, 38.01841], [-121.99405, 38.01826], [-121.99417, 38.01823], [-121.99435, 38.01827], [-121.99461, 38.01837], [-121.99498, 38.01847]]}}, {"type": "Feature", "properties": {"hw": "residential"}, "geometry": {"type": "LineString", "coordinates": [[-121.87216, 38.00323], [-121.87233, 38.00279]]}}, {"type": "Feature", "properties": {"hw": "residential"}, "geometry": {"type": "LineString", "coordinates": [[-121.8814, 38.03003], [-121.88129, 38.02996], [-121.88088, 38.02986], [-121.88077, 38.02984], [-121.8807, 38.02985], [-121.88065, 38.02989], [-121.88062, 38.02996], [-121.88055, 38.03009], [-121.88052, 38.03021], [-121.88052, 38.03027], [-121.88056, 38.03033], [-121.88061, 38.0304]]}}, {"type": "Feature", "properties": {"hw": "residential"}, "geometry": {"type": "LineString", "coordinates": [[-121.881, 38.00463], [-121.88104, 38.00459], [-121.88149, 38.00445], [-121.88156, 38.00446]]}}, {"type": "Feature", "properties": {"hw": "residential"}, "geometry": {"type": "LineString", "coordinates": [[-121.87976, 38.00538], [-121.8803, 38.00552]]}}, {"type": "Feature", "properties": {"hw": "unclassified"}, "geometry": {"type": "LineString", "coordinates": [[-122.0198, 38.02779], [-122.01958, 38.02773], [-122.01938, 38.02768], [-122.01907, 38.02762], [-122.01888, 38.02754], [-122.01871, 38.02744], [-122.01843, 38.02722], [-122.01816, 38.02702], [-122.0179, 38.02689], [-122.01739, 38.02675], [-122.01719, 38.02673], [-122.01698, 38.02673], [-122.01674, 38.02676], [-122.01635, 38.02679], [-122.01606, 38.02678], [-122.0157, 38.02678], [-122.01547, 38.02677], [-122.01528, 38.02675], [-122.01508, 38.02671], [-122.01495, 38.02667], [-122.01482, 38.0266], [-122.01468, 38.02653], [-122.01456, 38.02643], [-122.01446, 38.02633], [-122.01439, 38.02623], [-122.01432, 38.02609], [-122.01426, 38.02595], [-122.01419, 38.02583], [-122.01408, 38.02569], [-122.01399, 38.02562], [-122.01387, 38.02555], [-122.01371, 38.02549], [-122.01353, 38.02545], [-122.01329, 38.02543], [-122.01315, 38.02543], [-122.01307, 38.02543], [-122.01288, 38.02548], [-122.01279, 38.02552], [-122.01258, 38.02564], [-122.01238, 38.02573], [-122.01222, 38.02577], [-122.01209, 38.02578], [-122.01192, 38.02577], [-122.01143, 38.02572], [-122.01114, 38.02568], [-122.01101, 38.02565], [-122.0109, 38.0256], [-122.01082, 38.02555], [-122.01074, 38.02544], [-122.01073, 38.0252], [-122.01073, 38.02507], [-122.01071, 38.02496], [-122.01068, 38.02487], [-122.01062, 38.02477], [-122.01049, 38.02461], [-122.01029, 38.02442], [-122.01021, 38.02435], [-122.01014, 38.02432], [-122.01007, 38.0243], [-122.00965, 38.02426], [-122.00942, 38.02421], [-122.00918, 38.02413], [-122.00872, 38.02391], [-122.00855, 38.02387], [-122.00841, 38.02384], [-122.00827, 38.02384], [-122.008, 38.02388], [-122.00763, 38.02395], [-122.00743, 38.02397], [-122.00673, 38.02403], [-122.00625, 38.02403], [-122.00611, 38.02402], [-122.00598, 38.02397], [-122.00589, 38.02389], [-122.00574, 38.02372], [-122.00542, 38.02339], [-122.00524, 38.02322], [-122.00512, 38.0231], [-122.00496, 38.02291], [-122.00483, 38.0227], [-122.00472, 38.02249], [-122.00463, 38.02238], [-122.00452, 38.02229], [-122.00442, 38.02225], [-122.00432, 38.02223], [-122.00418, 38.02222], [-122.00386, 38.02223], [-122.00352, 38.02219], [-122.00319, 38.02214], [-122.00302, 38.0221], [-122.00293, 38.02202], [-122.00262, 38.02161], [-122.00244, 38.02139], [-122.00214, 38.02108], [-122.00185, 38.02079], [-122.00166, 38.02066], [-122.00152, 38.02057], [-122.0013, 38.02049], [-122.00018, 38.01976], [-121.99965, 38.0193], [-121.99936, 38.01908], [-121.99921, 38.01899], [-121.99907, 38.01893], [-121.99895, 38.0189], [-121.9988, 38.01888], [-121.99861, 38.01888], [-121.99845, 38.01887], [-121.99833, 38.01884], [-121.99824, 38.01877], [-121.9982, 38.01867], [-121.99818, 38.0185], [-121.99817, 38.01839], [-121.99816, 38.01829], [-121.99811, 38.01817], [-121.99805, 38.01805], [-121.99797, 38.01793], [-121.99785, 38.01779], [-121.99774, 38.01771], [-121.99761, 38.01764], [-121.99736, 38.01756], [-121.9971, 38.01747], [-121.99695, 38.0174], [-121.9969, 38.01737], [-121.99662, 38.01728], [-121.99644, 38.01721], [-121.99628, 38.01718], [-121.99616, 38.01719], [-121.99598, 38.01722], [-121.99584, 38.01728], [-121.99578, 38.01731], [-121.99559, 38.0174], [-121.99548, 38.01749], [-121.99537, 38.01764], [-121.99534, 38.01769], [-121.99524, 38.01787], [-121.99511, 38.01821], [-121.99506, 38.01835], [-121.99498, 38.01847], [-121.99507, 38.01858], [-121.99527, 38.01868], [-121.99546, 38.01872], [-121.99567, 38.0188], [-121.99574, 38.01885], [-121.99585, 38.01901], [-121.99598, 38.01923], [-121.99609, 38.01938], [-121.99622, 38.01949], [-121.99638, 38.01966], [-121.99661, 38.01986], [-121.99679, 38.02003], [-121.99687, 38.0201], [-121.99695, 38.02019], [-121.997, 38.02031], [-121.99706, 38.02052], [-121.99715, 38.02067], [-121.99726, 38.02083], [-121.99739, 38.02098], [-121.99753, 38.02108]]}}, {"type": "Feature", "properties": {"hw": "residential"}, "geometry": {"type": "LineString", "coordinates": [[-121.85527, 38.01251], [-121.85528, 38.01237], [-121.85529, 38.01231]]}}, {"type": "Feature", "properties": {"hw": "residential"}, "geometry": {"type": "LineString", "coordinates": [[-121.92465, 38.02615], [-121.92447, 38.02628]]}}, {"type": "Feature", "properties": {"hw": "residential"}, "geometry": {"type": "LineString", "coordinates": [[-121.84497, 37.99532], [-121.84479, 37.99504], [-121.84469, 37.99487], [-121.84464, 37.99461]]}}, {"type": "Feature", "properties": {"hw": "residential"}, "geometry": {"type": "LineString", "coordinates": [[-121.87102, 38.01883], [-121.87079, 38.01952], [-121.87053, 38.02025], [-121.87047, 38.02043]]}}, {"type": "Feature", "properties": {"hw": "residential"}, "geometry": {"type": "LineString", "coordinates": [[-121.85947, 38.00847], [-121.8595, 38.00867]]}}, {"type": "Feature", "properties": {"hw": "residential"}, "geometry": {"type": "LineString", "coordinates": [[-121.85885, 38.016], [-121.85919, 38.01619], [-121.85955, 38.01635], [-121.85985, 38.01645], [-121.86053, 38.01668], [-121.86087, 38.016]]}}, {"type": "Feature", "properties": {"hw": "residential"}, "geometry": {"type": "LineString", "coordinates": [[-121.9027, 38.00955], [-121.90256, 38.00973], [-121.90247, 38.00992], [-121.90246, 38.01096]]}}, {"type": "Feature", "properties": {"hw": "residential"}, "geometry": {"type": "LineString", "coordinates": [[-121.95415, 38.03278], [-121.95468, 38.03278], [-121.95488, 38.03272], [-121.95545, 38.03227]]}}, {"type": "Feature", "properties": {"hw": "residential"}, "geometry": {"type": "LineString", "coordinates": [[-121.88954, 38.01068], [-121.88901, 38.01056], [-121.88858, 38.01045], [-121.88849, 38.01043], [-121.88842, 38.0104], [-121.88837, 38.01037]]}}, {"type": "Feature", "properties": {"hw": "residential"}, "geometry": {"type": "LineString", "coordinates": [[-121.87358, 37.99147], [-121.87341, 37.99103]]}}, {"type": "Feature", "properties": {"hw": "residential"}, "geometry": {"type": "LineString", "coordinates": [[-121.96069, 38.03072], [-121.96107, 38.03072], [-121.96148, 38.03072], [-121.96249, 38.03072]]}}, {"type": "Feature", "properties": {"hw": "residential"}, "geometry": {"type": "LineString", "coordinates": [[-121.88129, 38.00153], [-121.87997, 38.00118], [-121.87918, 38.00098]]}}, {"type": "Feature", "properties": {"hw": "residential"}, "geometry": {"type": "LineString", "coordinates": [[-121.8815, 38.00718], [-121.88135, 38.00717], [-121.88048, 38.00695]]}}, {"type": "Feature", "properties": {"hw": "residential"}, "geometry": {"type": "LineString", "coordinates": [[-121.95463, 38.00858], [-121.95491, 38.00834], [-121.95499, 38.00821], [-121.95506, 38.00807], [-121.95507, 38.008], [-121.95515, 38.00766], [-121.95526, 38.00716]]}}, {"type": "Feature", "properties": {"hw": "residential"}, "geometry": {"type": "LineString", "coordinates": [[-121.887, 37.99747], [-121.88766, 37.99746], [-121.88783, 37.99743]]}}, {"type": "Feature", "properties": {"hw": "residential"}, "geometry": {"type": "LineString", "coordinates": [[-121.96051, 38.03402], [-121.96062, 38.03402], [-121.96102, 38.03402], [-121.9611, 38.03402], [-121.96119, 38.03402], [-121.96177, 38.03402], [-121.96209, 38.03402], [-121.96242, 38.03402], [-121.9625, 38.03402], [-121.96295, 38.03402], [-121.96335, 38.03402], [-121.96383, 38.03402], [-121.96394, 38.03403], [-121.96471, 38.03403], [-121.96495, 38.03403], [-121.96557, 38.03403], [-121.96573, 38.03403], [-121.96604, 38.03403], [-121.96607, 38.03403], [-121.96643, 38.03403], [-121.96731, 38.03403], [-121.96775, 38.03404], [-121.96818, 38.03404], [-121.96849, 38.03403], [-121.96854, 38.03403], [-121.96884, 38.03403], [-121.96906, 38.03403]]}}, {"type": "Feature", "properties": {"hw": "residential"}, "geometry": {"type": "LineString", "coordinates": [[-121.8659, 38.00377], [-121.86593, 38.00367], [-121.86605, 38.00336], [-121.86618, 38.00295], [-121.86649, 38.00216], [-121.86674, 38.00147], [-121.86704, 38.00072], [-121.86725, 38.00021], [-121.8673, 38.00013], [-121.86729, 38.00005], [-121.86678, 37.9999], [-121.86657, 37.99982], [-121.86642, 37.99973], [-121.86632, 37.99964]]}}, {"type": "Feature", "properties": {"hw": "residential"}, "geometry": {"type": "LineString", "coordinates": [[-121.83099, 37.98362], [-121.83237, 37.98361], [-121.83374, 37.98363], [-121.83463, 37.98364], [-121.83469, 37.9837], [-121.83469, 37.98437]]}}, {"type": "Feature", "properties": {"hw": "residential"}, "geometry": {"type": "LineString", "coordinates": [[-121.88065, 38.02302], [-121.88086, 38.02257]]}}, {"type": "Feature", "properties": {"hw": "residential"}, "geometry": {"type": "LineString", "coordinates": [[-121.92837, 38.02726], [-121.92831, 38.02745], [-121.92819, 38.02785], [-121.92813, 38.02806], [-121.9281, 38.02889], [-121.92815, 38.02917], [-121.92839, 38.02941]]}}, {"type": "Feature", "properties": {"hw": "residential"}, "geometry": {"type": "LineString", "coordinates": [[-121.95848, 38.03128], [-121.95752, 38.03127], [-121.95733, 38.03123], [-121.95713, 38.03108], [-121.95673, 38.03076], [-121.95571, 38.02994], [-121.95556, 38.02981]]}}, {"type": "Feature", "properties": {"hw": "residential"}, "geometry": {"type": "LineString", "coordinates": [[-121.88424, 38.00045], [-121.88373, 38.00045]]}}, {"type": "Feature", "properties": {"hw": "residential"}, "geometry": {"type": "LineString", "coordinates": [[-121.89568, 38.00019], [-121.89563, 38.00018], [-121.89344, 37.9999], [-121.89269, 37.99985], [-121.89244, 37.99979], [-121.89218, 37.99962], [-121.89199, 37.99938]]}}, {"type": "Feature", "properties": {"hw": "residential"}, "geometry": {"type": "LineString", "coordinates": [[-121.86651, 38.00464], [-121.86686, 38.00473], [-121.86743, 38.00486], [-121.86809, 38.00502]]}}, {"type": "Feature", "properties": {"hw": "residential"}, "geometry": {"type": "LineString", "coordinates": [[-121.83326, 38.00044], [-121.83311, 38.00011]]}}, {"type": "Feature", "properties": {"hw": "residential"}, "geometry": {"type": "LineString", "coordinates": [[-121.87883, 38.015], [-121.87879, 38.01508], [-121.87866, 38.01536], [-121.8786, 38.01547], [-121.87855, 38.01556], [-121.87836, 38.01609], [-121.87818, 38.01656], [-121.87815, 38.01662]]}}, {"type": "Feature", "properties": {"hw": "residential"}, "geometry": {"type": "LineString", "coordinates": [[-121.87764, 38.01798], [-121.87685, 38.01779]]}}, {"type": "Feature", "properties": {"hw": "residential"}, "geometry": {"type": "LineString", "coordinates": [[-121.92207, 38.01091], [-121.92213, 38.00995], [-121.92222, 38.00981]]}}, {"type": "Feature", "properties": {"hw": "residential"}, "geometry": {"type": "LineString", "coordinates": [[-121.92995, 38.01777], [-121.92995, 38.01612], [-121.92909, 38.01606], [-121.92906, 38.0177]]}}, {"type": "Feature", "properties": {"hw": "residential"}, "geometry": {"type": "LineString", "coordinates": [[-121.91755, 38.01797], [-121.91744, 38.0176], [-121.91725, 38.01728], [-121.91693, 38.01702], [-121.91646, 38.0168]]}}, {"type": "Feature", "properties": {"hw": "residential"}, "geometry": {"type": "LineString", "coordinates": [[-121.92011, 38.01638], [-121.92115, 38.01665], [-121.92207, 38.01687], [-121.9231, 38.01711], [-121.92365, 38.01725]]}}, {"type": "Feature", "properties": {"hw": "residential"}, "geometry": {"type": "LineString", "coordinates": [[-121.83902, 37.99453], [-121.8382, 37.99424], [-121.83763, 37.99408], [-121.83688, 37.99332], [-121.83629, 37.99273], [-121.83536, 37.99171], [-121.83518, 37.99155], [-121.8351, 37.99149], [-121.83501, 37.99145], [-121.83491, 37.99142], [-121.83478, 37.99139], [-121.83376, 37.99139]]}}, {"type": "Feature", "properties": {"hw": "residential"}, "geometry": {"type": "LineString", "coordinates": [[-121.88472, 37.99133], [-121.88502, 37.9916], [-121.88533, 37.992], [-121.88546, 37.9922], [-121.88575, 37.99258], [-121.88626, 37.99316]]}}, {"type": "Feature", "properties": {"hw": "residential"}, "geometry": {"type": "LineString", "coordinates": [[-121.98043, 38.02831], [-121.98048, 38.02849], [-121.98037, 38.02869], [-121.98016, 38.02899], [-121.98005, 38.02909], [-121.9799, 38.02913], [-121.97969, 38.02914], [-121.97957, 38.02913], [-121.97945, 38.02912]]}}, {"type": "Feature", "properties": {"hw": "residential"}, "geometry": {"type": "LineString", "coordinates": [[-121.87164, 37.99749], [-121.8725, 37.99747], [-121.87318, 37.99745]]}}, {"type": "Feature", "properties": {"hw": "residential"}, "geometry": {"type": "LineString", "coordinates": [[-121.87483, 38.00323], [-121.87486, 38.00312], [-121.87506, 38.00256], [-121.87538, 38.00184], [-121.87541, 38.00157], [-121.87538, 38.00136]]}}, {"type": "Feature", "properties": {"hw": "residential"}, "geometry": {"type": "LineString", "coordinates": [[-121.95276, 38.03048], [-121.95257, 38.03031], [-121.95252, 38.03019], [-121.95252, 38.02947], [-121.95254, 38.02865]]}}, {"type": "Feature", "properties": {"hw": "residential"}, "geometry": {"type": "LineString", "coordinates": [[-122.00565, 37.98805], [-122.00537, 37.98816], [-122.00522, 37.98826], [-122.00521, 37.98827], [-122.00494, 37.98853], [-122.00454, 37.98891], [-122.00437, 37.98908], [-122.00431, 37.98914], [-122.00424, 37.98917], [-122.00408, 37.98925], [-122.00357, 37.98946], [-122.00333, 37.9896], [-122.00303, 37.98989], [-122.00272, 37.99022]]}}, {"type": "Feature", "properties": {"hw": "residential"}, "geometry": {"type": "LineString", "coordinates": [[-121.87404, 38.01669], [-121.8742, 38.01664], [-121.87439, 38.01658], [-121.87459, 38.01651]]}}, {"type": "Feature", "properties": {"hw": "residential"}, "geometry": {"type": "LineString", "coordinates": [[-121.93232, 38.01604], [-121.93135, 38.01607], [-121.93081, 38.01609], [-121.9308, 38.01715], [-121.93085, 38.01764]]}}, {"type": "Feature", "properties": {"hw": "residential"}, "geometry": {"type": "LineString", "coordinates": [[-121.83375, 38.00029], [-121.83395, 38.00016]]}}, {"type": "Feature", "properties": {"hw": "residential"}, "geometry": {"type": "LineString", "coordinates": [[-121.91592, 38.01525], [-121.91637, 38.01488]]}}, {"type": "Feature", "properties": {"hw": "residential"}, "geometry": {"type": "LineString", "coordinates": [[-121.96469, 38.03718], [-121.96544, 38.0374], [-121.96596, 38.03756], [-121.96642, 38.0376]]}}, {"type": "Feature", "properties": {"hw": "residential"}, "geometry": {"type": "LineString", "coordinates": [[-121.8385, 37.9937], [-121.83759, 37.99282]]}}, {"type": "Feature", "properties": {"hw": "residential"}, "geometry": {"type": "LineString", "coordinates": [[-121.95646, 38.03225], [-121.95625, 38.03221], [-121.95606, 38.03214], [-121.95581, 38.03195], [-121.95558, 38.03177], [-121.95553, 38.03173], [-121.95546, 38.03168], [-121.9553, 38.03155], [-121.95521, 38.03148], [-121.95461, 38.03099], [-121.95452, 38.03091], [-121.9542, 38.03065], [-121.95383, 38.03035], [-121.9538, 38.03032], [-121.95371, 38.03021], [-121.95369, 38.03013], [-121.95366, 38.03]]}}, {"type": "Feature", "properties": {"hw": "residential"}, "geometry": {"type": "LineString", "coordinates": [[-121.95366, 38.03], [-121.95373, 38.0298], [-121.95387, 38.02963], [-121.95435, 38.02924], [-121.95445, 38.02912], [-121.9545, 38.02895], [-121.9545, 38.02866], [-121.95451, 38.02814], [-121.95451, 38.02788], [-121.95451, 38.02783], [-121.95451, 38.02777], [-121.95451, 38.02749], [-121.95451, 38.02739], [-121.95445, 38.02677]]}}, {"type": "Feature", "properties": {"hw": "residential"}, "geometry": {"type": "LineString", "coordinates": [[-121.96049, 38.03168], [-121.96036, 38.03168], [-121.96034, 38.03168], [-121.95948, 38.03168], [-121.95858, 38.03168], [-121.95849, 38.03168], [-121.95817, 38.03168], [-121.95766, 38.03168], [-121.95729, 38.03181], [-121.95691, 38.03211], [-121.95672, 38.0322], [-121.95646, 38.03225]]}}, {"type": "Feature", "properties": {"hw": "residential"}, "geometry": {"type": "LineString", "coordinates": [[-121.95217, 38.03096], [-121.95177, 38.03064], [-121.95166, 38.03048], [-121.95165, 38.02934]]}}, {"type": "Feature", "properties": {"hw": "residential"}, "geometry": {"type": "LineString", "coordinates": [[-121.88581, 38.03285], [-121.88617, 38.03294], [-121.88639, 38.03297], [-121.88655, 38.033], [-121.88697, 38.03311], [-121.88731, 38.03319], [-121.88777, 38.0333], [-121.88802, 38.03337], [-121.88824, 38.03343], [-121.88858, 38.0335], [-121.88877, 38.03354], [-121.88896, 38.03361], [-121.88913, 38.03366], [-121.88952, 38.03374], [-121.88987, 38.03376]]}}, {"type": "Feature", "properties": {"hw": "residential"}, "geometry": {"type": "LineString", "coordinates": [[-121.88584, 38.02991], [-121.88707, 38.0302], [-121.88764, 38.03033], [-121.88832, 38.03049], [-121.88959, 38.03079], [-121.89022, 38.03091], [-121.89055, 38.03093], [-121.89063, 38.03094], [-121.89074, 38.03097]]}}, {"type": "Feature", "properties": {"hw": "residential"}, "geometry": {"type": "LineString", "coordinates": [[-121.893, 38.03089], [-121.89293, 38.03091], [-121.89187, 38.03081], [-121.89175, 38.03081], [-121.89169, 38.03083], [-121.89154, 38.03089], [-121.89152, 38.03089], [-121.89147, 38.0309], [-121.89139, 38.03091], [-121.89119, 38.03092]]}}, {"type": "Feature", "properties": {"hw": "residential"}, "geometry": {"type": "LineString", "coordinates": [[-121.87497, 37.99374], [-121.87399, 37.99228], [-121.87321, 37.99262], [-121.87403, 37.99396]]}}, {"type": "Feature", "properties": {"hw": "residential"}, "geometry": {"type": "LineString", "coordinates": [[-121.89622, 38.01736], [-121.89543, 38.01715], [-121.89623, 38.01488]]}}, {"type": "Feature", "properties": {"hw": "residential"}, "geometry": {"type": "LineString", "coordinates": [[-121.92837, 38.02726], [-121.92637, 38.02725], [-121.92551, 38.02725]]}}, {"type": "Feature", "properties": {"hw": "residential"}, "geometry": {"type": "LineString", "coordinates": [[-121.95393, 38.01284], [-121.95313, 38.01256], [-121.95348, 38.01189], [-121.95371, 38.01145], [-121.95395, 38.01147], [-121.95424, 38.01148]]}}, {"type": "Feature", "properties": {"hw": "residential"}, "geometry": {"type": "LineString", "coordinates": [[-121.8686, 38.00374], [-121.86853, 38.00404], [-121.86855, 38.00421]]}}, {"type": "Feature", "properties": {"hw": "residential"}, "geometry": {"type": "LineString", "coordinates": [[-121.91558, 38.02056], [-121.91558, 38.02075], [-121.91556, 38.0228], [-121.91556, 38.02304]]}}, {"type": "Feature", "properties": {"hw": "residential"}, "geometry": {"type": "LineString", "coordinates": [[-121.84015, 37.99168], [-121.84069, 37.99164], [-121.84092, 37.99162], [-121.84144, 37.99143], [-121.84179, 37.99137], [-121.8422, 37.99139], [-121.84297, 37.99142], [-121.84339, 37.99144], [-121.84378, 37.99143], [-121.84407, 37.99143], [-121.84429, 37.99143], [-121.84463, 37.99144], [-121.84479, 37.99145], [-121.84501, 37.99148], [-121.84519, 37.99149], [-121.84534, 37.99152], [-121.84553, 37.99163], [-121.84561, 37.99167], [-121.84574, 37.99175], [-121.84585, 37.99185], [-121.84596, 37.992], [-121.84607, 37.99216]]}}, {"type": "Feature", "properties": {"hw": "residential"}, "geometry": {"type": "LineString", "coordinates": [[-121.84316, 37.99653], [-121.84296, 37.99652], [-121.84265, 37.99645], [-121.84193, 37.99622], [-121.84176, 37.99621], [-121.84159, 37.99621], [-121.84091, 37.9962]]}}, {"type": "Feature", "properties": {"hw": "residential"}, "geometry": {"type": "LineString", "coordinates": [[-121.88523, 38.03152], [-121.88466, 38.03138], [-121.88455, 38.03136], [-121.88405, 38.03123], [-121.88403, 38.03123], [-121.88392, 38.0312], [-121.8838, 38.03117], [-121.88379, 38.03117], [-121.88308, 38.03099], [-121.8826, 38.03088]]}}, {"type": "Feature", "properties": {"hw": "residential"}, "geometry": {"type": "LineString", "coordinates": [[-121.83689, 37.98612], [-121.83627, 37.98662], [-121.83567, 37.98712], [-121.83504, 37.98767]]}}, {"type": "Feature", "properties": {"hw": "residential"}, "geometry": {"type": "LineString", "coordinates": [[-121.83917, 37.98758], [-121.83849, 37.9881], [-121.83768, 37.98874], [-121.83732, 37.9888], [-121.83681, 37.98862], [-121.83586, 37.98832], [-121.8356, 37.98812], [-121.83504, 37.98767], [-121.83345, 37.98654], [-121.83275, 37.98603], [-121.83206, 37.98556], [-121.83134, 37.98504], [-121.83094, 37.98443], [-121.83099, 37.98362], [-121.83106, 37.98321]]}}, {"type": "Feature", "properties": {"hw": "residential"}, "geometry": {"type": "LineString", "coordinates": [[-121.9681, 38.03796], [-121.96817, 38.03768], [-121.96818, 38.03404]]}}, {"type": "Feature", "properties": {"hw": "residential"}, "geometry": {"type": "LineString", "coordinates": [[-121.8878, 38.00179], [-121.88853, 38.00144], [-121.8891, 38.00112], [-121.88975, 38.00065], [-121.8907, 38.00032], [-121.89131, 37.99976], [-121.89199, 37.99938], [-121.89246, 37.99905], [-121.89278, 37.99818], [-121.8928, 37.99809]]}}, {"type": "Feature", "properties": {"hw": "residential"}, "geometry": {"type": "LineString", "coordinates": [[-121.8495, 37.9973], [-121.8493, 37.99744], [-121.84925, 37.99746], [-121.84907, 37.99748], [-121.84877, 37.99747], [-121.84865, 37.99746], [-121.84838, 37.99738], [-121.84803, 37.9973], [-121.84753, 37.99715], [-121.84743, 37.99711], [-121.84686, 37.99694], [-121.8463, 37.99673], [-121.84747, 37.99572]]}}, {"type": "Feature", "properties": {"hw": "residential"}, "geometry": {"type": "LineString", "coordinates": [[-121.84716, 37.99547], [-121.84721, 37.99551], [-121.84723, 37.99552], [-121.84747, 37.99572], [-121.84789, 37.99604], [-121.84831, 37.99638], [-121.84874, 37.99671], [-121.84914, 37.99702], [-121.8495, 37.9973], [-121.84996, 37.99766], [-121.85009, 37.99782]]}}, {"type": "Feature", "properties": {"hw": "residential"}, "geometry": {"type": "LineString", "coordinates": [[-121.84865, 37.99746], [-121.84914, 37.99702]]}}, {"type": "Feature", "properties": {"hw": "residential"}, "geometry": {"type": "LineString", "coordinates": [[-121.84803, 37.9973], [-121.84874, 37.99671]]}}, {"type": "Feature", "properties": {"hw": "residential"}, "geometry": {"type": "LineString", "coordinates": [[-121.84735, 37.99735], [-121.84734, 37.99723], [-121.84737, 37.99717], [-121.84743, 37.99711], [-121.84831, 37.99638]]}}, {"type": "Feature", "properties": {"hw": "residential"}, "geometry": {"type": "LineString", "coordinates": [[-121.84789, 37.99604], [-121.84686, 37.99694]]}}, {"type": "Feature", "properties": {"hw": "residential"}, "geometry": {"type": "LineString", "coordinates": [[-121.90224, 37.99722], [-121.90223, 37.99748], [-121.90197, 37.99802], [-121.90183, 37.99845], [-121.90136, 37.99857], [-121.90053, 37.9986]]}}, {"type": "Feature", "properties": {"hw": "residential"}, "geometry": {"type": "LineString", "coordinates": [[-121.91751, 38.02486], [-121.91657, 38.02485], [-121.91556, 38.02485], [-121.91465, 38.02485]]}}, {"type": "Feature", "properties": {"hw": "residential"}, "geometry": {"type": "LineString", "coordinates": [[-121.88913, 38.00203], [-121.88982, 38.00158], [-121.89004, 38.00142], [-121.89028, 38.00129], [-121.89067, 38.00114], [-121.89091, 38.00101], [-121.89119, 38.00083]]}}, {"type": "Feature", "properties": {"hw": "residential"}, "geometry": {"type": "LineString", "coordinates": [[-121.87506, 38.00256], [-121.87459, 38.00241], [-121.87432, 38.00232], [-121.87408, 38.00217], [-121.87397, 38.00204]]}}, {"type": "Feature", "properties": {"hw": "residential"}, "geometry": {"type": "LineString", "coordinates": [[-121.95236, 38.02677], [-121.95236, 38.02652], [-121.95235, 38.0262], [-121.95236, 38.0248], [-121.95235, 38.02463], [-121.95236, 38.02446], [-121.95235, 38.0229]]}}, {"type": "Feature", "properties": {"hw": "residential"}, "geometry": {"type": "LineString", "coordinates": [[-121.86043, 38.00032], [-121.86001, 38.00063], [-121.85993, 38.00071], [-121.85989, 38.00079], [-121.85981, 38.00087], [-121.85974, 38.00094], [-121.85915, 38.00131], [-121.85882, 38.00152], [-121.85869, 38.00157], [-121.85851, 38.00157], [-121.85718, 38.00125], [-121.85701, 38.00119], [-121.8569, 38.0011], [-121.85685, 38.00093], [-121.8568, 38.00038], [-121.85667, 37.99892]]}}, {"type": "Feature", "properties": {"hw": "residential"}, "geometry": {"type": "LineString", "coordinates": [[-121.89854, 37.99809], [-121.89856, 37.99855], [-121.89852, 37.99868], [-121.89832, 37.99907], [-121.89826, 37.99925], [-121.898, 37.99927], [-121.89763, 37.99929], [-121.89693, 37.99927], [-121.89681, 37.99921], [-121.89681, 37.99913], [-121.89704, 37.99854], [-121.89741, 37.99856], [-121.8976, 37.99858]]}}, {"type": "Feature", "properties": {"hw": "residential"}, "geometry": {"type": "LineString", "coordinates": [[-121.86474, 37.99933], [-121.86427, 37.99952], [-121.86399, 37.99961], [-121.86324, 37.99984], [-121.86294, 37.99998], [-121.86275, 38.00011], [-121.86264, 38.00018], [-121.86198, 38.00064], [-121.8613, 38.00112], [-121.86098, 38.0013], [-121.8604, 38.00149], [-121.85977, 38.00187]]}}, {"type": "Feature", "properties": {"hw": "residential"}, "geometry": {"type": "LineString", "coordinates": [[-121.83681, 37.98862], [-121.83712, 37.9881]]}}, {"type": "Feature", "properties": {"hw": "residential"}, "geometry": {"type": "LineString", "coordinates": [[-121.86298, 38.00093], [-121.86323, 38.00116], [-121.86335, 38.00123], [-121.86344, 38.00127], [-121.86368, 38.00135], [-121.86381, 38.00135], [-121.86403, 38.00133]]}}, {"type": "Feature", "properties": {"hw": "residential"}, "geometry": {"type": "LineString", "coordinates": [[-121.98191, 38.03167], [-121.98012, 38.0317], [-121.97998, 38.03171]]}}, {"type": "Feature", "properties": {"hw": "residential"}, "geometry": {"type": "LineString", "coordinates": [[-121.87135, 37.9915], [-121.87098, 37.99166]]}}, {"type": "Feature", "properties": {"hw": "residential"}, "geometry": {"type": "LineString", "coordinates": [[-121.8954, 38.01322], [-121.89593, 38.01175]]}}, {"type": "Feature", "properties": {"hw": "residential"}, "geometry": {"type": "LineString", "coordinates": [[-121.99729, 37.98789], [-121.99752, 37.98771]]}}, {"type": "Feature", "properties": {"hw": "residential"}, "geometry": {"type": "LineString", "coordinates": [[-121.84098, 37.99513], [-121.84111, 37.99508], [-121.84152, 37.99434], [-121.84219, 37.99335], [-121.84218, 37.99322], [-121.84217, 37.99318]]}}, {"type": "Feature", "properties": {"hw": "residential"}, "geometry": {"type": "LineString", "coordinates": [[-121.96739, 38.02674], [-121.96863, 38.02677], [-121.96886, 38.02675], [-121.96914, 38.02674]]}}, {"type": "Feature", "properties": {"hw": "residential"}, "geometry": {"type": "LineString", "coordinates": [[-121.88065, 38.00645], [-121.88168, 38.00671], [-121.88185, 38.00678]]}}, {"type": "Feature", "properties": {"hw": "residential"}, "geometry": {"type": "LineString", "coordinates": [[-121.89918, 38.00843], [-121.89951, 38.0082], [-121.89982, 38.00793], [-121.89995, 38.00773], [-121.90007, 38.00749], [-121.90009, 38.00717], [-121.90008, 38.00705], [-121.90007, 38.00699], [-121.90002, 38.00637], [-121.89995, 38.00566], [-121.89992, 38.00535], [-121.89989, 38.00504], [-121.89986, 38.00471], [-121.89987, 38.00453], [-121.89991, 38.00435], [-121.90014, 38.00368], [-121.90039, 38.00303], [-121.90057, 38.00253], [-121.90061, 38.00236], [-121.90066, 38.00217], [-121.90068, 38.00193], [-121.90065, 38.00146], [-121.90066, 38.00103], [-121.90065, 38.00093]]}}, {"type": "Feature", "properties": {"hw": "residential"}, "geometry": {"type": "LineString", "coordinates": [[-121.88554, 38.03363], [-121.88588, 38.03371], [-121.88614, 38.03374], [-121.88624, 38.03377], [-121.88633, 38.03382], [-121.88639, 38.03388], [-121.88646, 38.03396], [-121.88652, 38.03403], [-121.88659, 38.03407], [-121.88669, 38.0341], [-121.88749, 38.0343], [-121.88784, 38.03438], [-121.8882, 38.03454], [-121.88843, 38.03475], [-121.88857, 38.0349], [-121.88876, 38.03517], [-121.8888, 38.03527], [-121.88882, 38.03537], [-121.88883, 38.03554], [-121.88882, 38.03568], [-121.88877, 38.03583], [-121.88849, 38.03655], [-121.88841, 38.03675], [-121.88801, 38.03782], [-121.88786, 38.03818], [-121.88776, 38.03834], [-121.88765, 38.03845], [-121.88753, 38.03855], [-121.88741, 38.03872], [-121.88736, 38.03882], [-121.88723, 38.03913]]}}, {"type": "Feature", "properties": {"hw": "residential"}, "geometry": {"type": "LineString", "coordinates": [[-121.86188, 37.99886], [-121.86188, 37.99921], [-121.8618, 37.99931]]}}, {"type": "Feature", "properties": {"hw": "residential"}, "geometry": {"type": "LineString", "coordinates": [[-121.86606, 38.00539], [-121.86712, 38.00566], [-121.8678, 38.00581]]}}, {"type": "Feature", "properties": {"hw": "residential"}, "geometry": {"type": "LineString", "coordinates": [[-122.00181, 37.99041], [-122.00156, 37.99069]]}}, {"type": "Feature", "properties": {"hw": "residential"}, "geometry": {"type": "LineString", "coordinates": [[-122.00565, 37.98805], [-122.00582, 37.98806], [-122.00601, 37.98809], [-122.00618, 37.98814], [-122.00642, 37.98829], [-122.00694, 37.98869], [-122.00705, 37.98877]]}}, {"type": "Feature", "properties": {"hw": "residential"}, "geometry": {"type": "LineString", "coordinates": [[-121.95778, 38.02995], [-121.95812, 38.03019], [-121.95838, 38.03042], [-121.95847, 38.03055], [-121.95849, 38.03069], [-121.95848, 38.03128], [-121.95849, 38.03168]]}}, {"type": "Feature", "properties": {"hw": "residential"}, "geometry": {"type": "LineString", "coordinates": [[-121.93963, 38.02352], [-121.9397, 38.02321], [-121.9397, 38.02265], [-121.93972, 38.02248], [-121.93978, 38.02228]]}}, {"type": "Feature", "properties": {"hw": "residential"}, "geometry": {"type": "LineString", "coordinates": [[-121.91042, 38.01872], [-121.91042, 38.01801], [-121.91043, 38.01767]]}}, {"type": "Feature", "properties": {"hw": "residential"}, "geometry": {"type": "LineString", "coordinates": [[-121.89368, 38.0083], [-121.89743, 38.00924], [-121.89957, 38.00979]]}}, {"type": "Feature", "properties": {"hw": "residential"}, "geometry": {"type": "LineString", "coordinates": [[-121.8834, 38.00336], [-121.8835, 38.00302]]}}, {"type": "Feature", "properties": {"hw": "residential"}, "geometry": {"type": "LineString", "coordinates": [[-121.92252, 38.0222], [-121.92207, 38.02153]]}}, {"type": "Feature", "properties": {"hw": "residential"}, "geometry": {"type": "LineString", "coordinates": [[-121.88188, 38.02332], [-121.88177, 38.02332], [-121.88065, 38.02302]]}}, {"type": "Feature", "properties": {"hw": "residential"}, "geometry": {"type": "LineString", "coordinates": [[-121.98355, 38.02497], [-121.98346, 38.02495], [-121.98338, 38.02494], [-121.98304, 38.02487], [-121.98296, 38.02485], [-121.98291, 38.025], [-121.98284, 38.02515], [-121.98258, 38.02545], [-121.98248, 38.02552], [-121.98227, 38.02566], [-121.98185, 38.02582], [-121.9815, 38.02592], [-121.98119, 38.02595], [-121.98102, 38.02591], [-121.98092, 38.02585]]}}, {"type": "Feature", "properties": {"hw": "residential"}, "geometry": {"type": "LineString", "coordinates": [[-121.8725, 37.99747], [-121.87251, 37.99708], [-121.87259, 37.99694]]}}, {"type": "Feature", "properties": {"hw": "residential"}, "geometry": {"type": "LineString", "coordinates": [[-121.87556, 37.99674], [-121.8755, 37.99598]]}}, {"type": "Feature", "properties": {"hw": "residential"}, "geometry": {"type": "LineString", "coordinates": [[-121.84986, 37.99945], [-121.85168, 37.99989], [-121.8518, 37.99992], [-121.85275, 38.00015], [-121.85362, 38.00036], [-121.85454, 38.00058], [-121.8556, 38.00084]]}}, {"type": "Feature", "properties": {"hw": "residential"}, "geometry": {"type": "LineString", "coordinates": [[-121.91411, 38.02075], [-121.91409, 38.02281]]}}, {"type": "Feature", "properties": {"hw": "residential"}, "geometry": {"type": "LineString", "coordinates": [[-121.91713, 38.01566], [-121.91738, 38.01514]]}}, {"type": "Feature", "properties": {"hw": "residential"}, "geometry": {"type": "LineString", "coordinates": [[-121.95243, 38.02178], [-121.95219, 38.02211]]}}, {"type": "Feature", "properties": {"hw": "residential"}, "geometry": {"type": "LineString", "coordinates": [[-121.84883, 38.00179], [-121.84929, 38.00191]]}}, {"type": "Feature", "properties": {"hw": "residential"}, "geometry": {"type": "LineString", "coordinates": [[-121.89688, 37.992], [-121.8976, 37.99189]]}}, {"type": "Feature", "properties": {"hw": "residential"}, "geometry": {"type": "LineString", "coordinates": [[-121.89569, 38.00345], [-121.8957, 38.00335], [-121.89576, 38.00277], [-121.89578, 38.0026], [-121.89585, 38.00234], [-121.89595, 38.00209], [-121.8962, 38.00143], [-121.89645, 38.00075], [-121.89673, 38.00003], [-121.89686, 37.9997]]}}, {"type": "Feature", "properties": {"hw": "residential"}, "geometry": {"type": "LineString", "coordinates": [[-121.88272, 37.99143], [-121.88269, 37.99102]]}}, {"type": "Feature", "properties": {"hw": "residential"}, "geometry": {"type": "LineString", "coordinates": [[-121.9014, 38.01175], [-121.90147, 38.01168], [-121.90156, 38.01097], [-121.90159, 38.01042], [-121.90153, 38.01015], [-121.90124, 38.0096], [-121.90067, 38.00908]]}}, {"type": "Feature", "properties": {"hw": "residential"}, "geometry": {"type": "LineString", "coordinates": [[-121.83798, 37.99092], [-121.83831, 37.9909], [-121.83839, 37.9908], [-121.8384, 37.99034], [-121.8384, 37.99027]]}}, {"type": "Feature", "properties": {"hw": "residential"}, "geometry": {"type": "LineString", "coordinates": [[-121.9051, 37.99621], [-121.90551, 37.99596]]}}, {"type": "Feature", "properties": {"hw": "residential"}, "geometry": {"type": "LineString", "coordinates": [[-121.9146, 38.02075], [-121.9146, 38.02087], [-121.91458, 38.02271], [-121.91457, 38.02281]]}}, {"type": "Feature", "properties": {"hw": "residential"}, "geometry": {"type": "LineString", "coordinates": [[-121.93261, 38.01088], [-121.93266, 38.01105], [-121.93263, 38.01214], [-121.93261, 38.01249], [-121.93262, 38.0127], [-121.9327, 38.01286], [-121.93301, 38.01358], [-121.93319, 38.01395], [-121.93327, 38.01408], [-121.93342, 38.0142], [-121.93355, 38.01425], [-121.93373, 38.01428], [-121.93424, 38.01431]]}}, {"type": "Feature", "properties": {"hw": "residential"}, "geometry": {"type": "LineString", "coordinates": [[-121.93166, 38.01081], [-121.93261, 38.01088]]}}, {"type": "Feature", "properties": {"hw": "residential"}, "geometry": {"type": "LineString", "coordinates": [[-121.90338, 37.9975], [-121.90302, 37.99794], [-121.90292, 37.99813], [-121.90288, 37.99823], [-121.90294, 37.99835]]}}, {"type": "Feature", "properties": {"hw": "residential"}, "geometry": {"type": "LineString", "coordinates": [[-121.893, 38.03089], [-121.89305, 38.03083], [-121.89326, 38.03027], [-121.89345, 38.02979]]}}, {"type": "Feature", "properties": {"hw": "residential"}, "geometry": {"type": "LineString", "coordinates": [[-121.90428, 37.99911], [-121.90382, 37.99908], [-121.90317, 37.99916], [-121.90224, 37.99926], [-121.90147, 37.99934], [-121.90098, 37.99935], [-121.90038, 37.99925]]}}, {"type": "Feature", "properties": {"hw": "tertiary"}, "geometry": {"type": "LineString", "coordinates": [[-121.89143, 38.02946], [-121.89141, 38.02952], [-121.89125, 38.02995], [-121.89114, 38.03023], [-121.89113, 38.03027], [-121.89111, 38.03032], [-121.89098, 38.03068]]}}, {"type": "Feature", "properties": {"hw": "residential"}, "geometry": {"type": "LineString", "coordinates": [[-121.93877, 38.02351], [-121.93878, 38.02286]]}}, {"type": "Feature", "properties": {"hw": "residential"}, "geometry": {"type": "LineString", "coordinates": [[-121.91281, 38.02216], [-121.91237, 38.02216], [-121.91207, 38.02217], [-121.91174, 38.02226], [-121.91157, 38.02235], [-121.91094, 38.02237], [-121.91082, 38.02236]]}}, {"type": "Feature", "properties": {"hw": "residential"}, "geometry": {"type": "LineString", "coordinates": [[-121.91244, 38.02318], [-121.91243, 38.02312], [-121.91242, 38.02273], [-121.91238, 38.02266]]}}, {"type": "Feature", "properties": {"hw": "residential"}, "geometry": {"type": "LineString", "coordinates": [[-121.91179, 38.02124], [-121.91159, 38.02195], [-121.9116, 38.02205], [-121.91174, 38.02226], [-121.91191, 38.02233], [-121.91192, 38.02285], [-121.91193, 38.02307]]}}, {"type": "Feature", "properties": {"hw": "residential"}, "geometry": {"type": "LineString", "coordinates": [[-121.8337, 37.99], [-121.8339, 37.98966], [-121.83398, 37.98946], [-121.83401, 37.98924], [-121.83398, 37.98887]]}}, {"type": "Feature", "properties": {"hw": "unclassified"}, "geometry": {"type": "LineString", "coordinates": [[-121.86421, 38.00818], [-121.86417, 38.0083], [-121.86403, 38.00869], [-121.86401, 38.00874], [-121.86376, 38.00944]]}}, {"type": "Feature", "properties": {"hw": "residential"}, "geometry": {"type": "LineString", "coordinates": [[-121.88965, 37.99518], [-121.88884, 37.9952], [-121.88873, 37.9952]]}}, {"type": "Feature", "properties": {"hw": "residential"}, "geometry": {"type": "LineString", "coordinates": [[-121.91192, 38.02285], [-121.91069, 38.02285], [-121.91005, 38.02286], [-121.9094, 38.02286]]}}, {"type": "Feature", "properties": {"hw": "residential"}, "geometry": {"type": "LineString", "coordinates": [[-121.83286, 37.99065], [-121.83376, 37.99065]]}}, {"type": "Feature", "properties": {"hw": "residential"}, "geometry": {"type": "LineString", "coordinates": [[-121.92125, 38.02495], [-121.9213, 38.0254], [-121.92131, 38.02621]]}}, {"type": "Feature", "properties": {"hw": "residential"}, "geometry": {"type": "LineString", "coordinates": [[-121.89382, 38.02475], [-121.89385, 38.02466], [-121.89478, 38.02223], [-121.89595, 38.01915]]}}, {"type": "Feature", "properties": {"hw": "residential"}, "geometry": {"type": "LineString", "coordinates": [[-121.92728, 38.01471], [-121.92738, 38.0143], [-121.92734, 38.01417], [-121.92728, 38.0141]]}}, {"type": "Feature", "properties": {"hw": "residential"}, "geometry": {"type": "LineString", "coordinates": [[-121.91656, 38.02622], [-121.91654, 38.0256]]}}, {"type": "Feature", "properties": {"hw": "residential"}, "geometry": {"type": "LineString", "coordinates": [[-121.87586, 38.02449], [-121.87602, 38.02411], [-121.87631, 38.02344], [-121.87665, 38.0227], [-121.87743, 38.02095]]}}, {"type": "Feature", "properties": {"hw": "residential"}, "geometry": {"type": "LineString", "coordinates": [[-121.84064, 37.99242], [-121.84069, 37.99164]]}}, {"type": "Feature", "properties": {"hw": "residential"}, "geometry": {"type": "LineString", "coordinates": [[-121.91322, 38.01476], [-121.9129, 38.01436]]}}, {"type": "Feature", "properties": {"hw": "residential"}, "geometry": {"type": "LineString", "coordinates": [[-121.85517, 38.00356], [-121.85567, 38.00365]]}}, {"type": "Feature", "properties": {"hw": "residential"}, "geometry": {"type": "LineString", "coordinates": [[-121.96627, 38.03835], [-121.96641, 38.03788], [-121.96642, 38.0376], [-121.96643, 38.03403]]}}, {"type": "Feature", "properties": {"hw": "residential"}, "geometry": {"type": "LineString", "coordinates": [[-121.92416, 38.01154], [-121.92481, 38.01185], [-121.9249, 38.01192], [-121.92336, 38.0139], [-121.92325, 38.01417], [-121.92313, 38.01463]]}}, {"type": "Feature", "properties": {"hw": "residential"}, "geometry": {"type": "LineString", "coordinates": [[-121.9245, 38.01485], [-121.92456, 38.01458], [-121.92467, 38.01439], [-121.92487, 38.01418], [-121.92504, 38.01402], [-121.92563, 38.0134], [-121.9259, 38.01312], [-121.92616, 38.01289], [-121.92633, 38.01276], [-121.92654, 38.01267], [-121.92669, 38.01263], [-121.92681, 38.0126], [-121.92793, 38.01257], [-121.92797, 38.01257], [-121.92816, 38.01256], [-121.92827, 38.01257], [-121.92838, 38.01259], [-121.92867, 38.01266]]}}, {"type": "Feature", "properties": {"hw": "residential"}, "geometry": {"type": "LineString", "coordinates": [[-122.0077, 37.98416], [-122.00569, 37.98575]]}}, {"type": "Feature", "properties": {"hw": "residential"}, "geometry": {"type": "LineString", "coordinates": [[-121.93707, 38.0169], [-121.93685, 38.01673], [-121.93666, 38.01662], [-121.93652, 38.0165], [-121.93644, 38.01637], [-121.93642, 38.01621], [-121.9364, 38.01604], [-121.93637, 38.01573], [-121.93633, 38.01544]]}}, {"type": "Feature", "properties": {"hw": "residential"}, "geometry": {"type": "LineString", "coordinates": [[-121.91165, 38.01395], [-121.91203, 38.01365], [-121.91209, 38.01362], [-121.91214, 38.01361]]}}, {"type": "Feature", "properties": {"hw": "residential"}, "geometry": {"type": "LineString", "coordinates": [[-121.87495, 38.00925], [-121.87479, 38.00967], [-121.87463, 38.01012], [-121.87456, 38.01028], [-121.87453, 38.01037], [-121.87441, 38.01063], [-121.87433, 38.01071], [-121.87417, 38.01075], [-121.87386, 38.01076], [-121.87333, 38.01078], [-121.8727, 38.0108], [-121.87258, 38.01083], [-121.8725, 38.01089], [-121.87246, 38.01098], [-121.87231, 38.01131], [-121.87224, 38.01147], [-121.87203, 38.01195], [-121.87196, 38.0122]]}}, {"type": "Feature", "properties": {"hw": "residential"}, "geometry": {"type": "LineString", "coordinates": [[-121.91627, 38.01909], [-121.9166, 38.01917], [-121.91715, 38.01921], [-121.91735, 38.01917], [-121.91747, 38.01908], [-121.9175, 38.01898], [-121.91746, 38.01877]]}}, {"type": "Feature", "properties": {"hw": "residential"}, "geometry": {"type": "LineString", "coordinates": [[-121.88013, 38.016], [-121.88012, 38.01607], [-121.8797, 38.01715], [-121.87924, 38.01835], [-121.87845, 38.01816]]}}, {"type": "Feature", "properties": {"hw": "residential"}, "geometry": {"type": "LineString", "coordinates": [[-121.88162, 38.03467], [-121.88171, 38.0345], [-121.88174, 38.03439], [-121.88175, 38.03428], [-121.88175, 38.0342], [-121.88191, 38.03398], [-121.88197, 38.03386], [-121.88204, 38.03368], [-121.8822, 38.03328]]}}, {"type": "Feature", "properties": {"hw": "residential"}, "geometry": {"type": "LineString", "coordinates": [[-121.88232, 37.99352], [-121.88216, 37.99368], [-121.88193, 37.99387], [-121.88105, 37.99466]]}}, {"type": "Feature", "properties": {"hw": "residential"}, "geometry": {"type": "LineString", "coordinates": [[-121.88193, 37.99387], [-121.88127, 37.99339]]}}, {"type": "Feature", "properties": {"hw": "residential"}, "geometry": {"type": "LineString", "coordinates": [[-121.95876, 38.02437], [-121.95827, 38.02477]]}}, {"type": "Feature", "properties": {"hw": "residential"}, "geometry": {"type": "LineString", "coordinates": [[-121.90507, 38.01919], [-121.90509, 38.01887]]}}, {"type": "Feature", "properties": {"hw": "residential"}, "geometry": {"type": "LineString", "coordinates": [[-121.90317, 37.99916], [-121.90321, 37.99948]]}}, {"type": "Feature", "properties": {"hw": "residential"}, "geometry": {"type": "LineString", "coordinates": [[-121.92839, 38.02941], [-121.92848, 38.02947], [-121.929, 38.02962], [-121.92906, 38.02964], [-121.92955, 38.02976], [-121.93013, 38.02991]]}}, {"type": "Feature", "properties": {"hw": "residential"}, "geometry": {"type": "LineString", "coordinates": [[-121.93813, 38.02212], [-121.93791, 38.02185]]}}, {"type": "Feature", "properties": {"hw": "residential"}, "geometry": {"type": "LineString", "coordinates": [[-121.84069, 37.99164], [-121.84073, 37.99087], [-121.84077, 37.99082], [-121.84085, 37.99077], [-121.84284, 37.9908], [-121.84297, 37.99088], [-121.84297, 37.99142]]}}, {"type": "Feature", "properties": {"hw": "residential"}, "geometry": {"type": "LineString", "coordinates": [[-121.96224, 38.02315], [-121.9605, 38.02283]]}}, {"type": "Feature", "properties": {"hw": "residential"}, "geometry": {"type": "LineString", "coordinates": [[-121.89374, 38.01282], [-121.89427, 38.01138]]}}, {"type": "Feature", "properties": {"hw": "residential"}, "geometry": {"type": "LineString", "coordinates": [[-121.88184, 38.00822], [-121.88185, 38.00827], [-121.88185, 38.0083], [-121.88185, 38.00833], [-121.88184, 38.00836], [-121.88172, 38.00869], [-121.8817, 38.00873], [-121.88168, 38.00876], [-121.88166, 38.00878], [-121.88162, 38.00882], [-121.8816, 38.00885], [-121.88159, 38.00888], [-121.88158, 38.0089], [-121.88133, 38.00953], [-121.88132, 38.00955], [-121.88131, 38.00956], [-121.8813, 38.00957], [-121.88128, 38.00958], [-121.88126, 38.00958], [-121.88123, 38.00958], [-121.8812, 38.00957], [-121.88054, 38.00941]]}}, {"type": "Feature", "properties": {"hw": "residential"}, "geometry": {"type": "LineString", "coordinates": [[-121.88877, 38.03583], [-121.88928, 38.03595], [-121.88986, 38.03609], [-121.89047, 38.03624], [-121.89068, 38.0363], [-121.89084, 38.03633]]}}, {"type": "Feature", "properties": {"hw": "residential"}, "geometry": {"type": "LineString", "coordinates": [[-121.97043, 38.04026], [-121.97046, 38.0402], [-121.9705, 38.0401], [-121.97056, 38.03991], [-121.97066, 38.03953]]}}, {"type": "Feature", "properties": {"hw": "residential"}, "geometry": {"type": "LineString", "coordinates": [[-121.95987, 38.03281], [-121.95887, 38.03279]]}}, {"type": "Feature", "properties": {"hw": "residential"}, "geometry": {"type": "LineString", "coordinates": [[-121.88243, 38.02909], [-121.88247, 38.02899], [-121.88254, 38.0288], [-121.88275, 38.02823], [-121.88308, 38.02741]]}}, {"type": "Feature", "properties": {"hw": "residential"}, "geometry": {"type": "LineString", "coordinates": [[-122.00575, 37.98269], [-122.00454, 37.98366]]}}, {"type": "Feature", "properties": {"hw": "residential"}, "geometry": {"type": "LineString", "coordinates": [[-121.90124, 38.0096], [-121.90184, 38.00922]]}}, {"type": "Feature", "properties": {"hw": "residential"}, "geometry": {"type": "LineString", "coordinates": [[-121.94714, 38.02527], [-121.94775, 38.02513], [-121.94848, 38.02486]]}}, {"type": "Feature", "properties": {"hw": "residential"}, "geometry": {"type": "LineString", "coordinates": [[-121.84624, 37.99552], [-121.84578, 37.99519], [-121.84564, 37.99506], [-121.8455, 37.99495], [-121.84538, 37.99484], [-121.84532, 37.99469], [-121.84521, 37.99454], [-121.84515, 37.99432]]}}, {"type": "Feature", "properties": {"hw": "residential"}, "geometry": {"type": "LineString", "coordinates": [[-121.88866, 38.03754], [-121.88924, 38.03768], [-121.89007, 38.03787]]}}, {"type": "Feature", "properties": {"hw": "residential"}, "geometry": {"type": "LineString", "coordinates": [[-121.89007, 38.03787], [-121.89068, 38.0363], [-121.89126, 38.03473]]}}, {"type": "Feature", "properties": {"hw": "secondary"}, "geometry": {"type": "LineString", "coordinates": [[-121.84226, 38.00398], [-121.84241, 38.00402], [-121.84254, 38.00405], [-121.84267, 38.00407], [-121.84273, 38.00408], [-121.8428, 38.00409], [-121.84292, 38.0041], [-121.84306, 38.00411], [-121.84319, 38.00412], [-121.84333, 38.00412], [-121.84344, 38.00412], [-121.84354, 38.00412], [-121.84362, 38.00412], [-121.84372, 38.00411], [-121.84383, 38.0041], [-121.84393, 38.00409], [-121.84405, 38.00407], [-121.84417, 38.00405], [-121.84426, 38.00403], [-121.84436, 38.00401], [-121.84447, 38.00398], [-121.84456, 38.00396], [-121.84465, 38.00393], [-121.84474, 38.0039], [-121.84481, 38.00388], [-121.84488, 38.00385], [-121.84496, 38.00382], [-121.84505, 38.00379], [-121.84513, 38.00375]]}}, {"type": "Feature", "properties": {"hw": "residential"}, "geometry": {"type": "LineString", "coordinates": [[-121.92207, 38.01091], [-121.9222, 38.01091], [-121.92306, 38.01122], [-121.92319, 38.0113], [-121.92312, 38.01143], [-121.92259, 38.01208], [-121.92252, 38.01221], [-121.92249, 38.01233], [-121.92249, 38.01243], [-121.92264, 38.01294]]}}, {"type": "Feature", "properties": {"hw": "residential"}, "geometry": {"type": "LineString", "coordinates": [[-121.94714, 38.02461], [-121.94747, 38.02461]]}}, {"type": "Feature", "properties": {"hw": "residential"}, "geometry": {"type": "LineString", "coordinates": [[-121.89494, 38.0047], [-121.89512, 38.00475], [-121.89578, 38.00486], [-121.89637, 38.00491], [-121.89711, 38.00494], [-121.89787, 38.00491], [-121.89856, 38.00489], [-121.89923, 38.00494], [-121.89989, 38.00504]]}}, {"type": "Feature", "properties": {"hw": "residential"}, "geometry": {"type": "LineString", "coordinates": [[-121.8834, 38.00336], [-121.88253, 38.00322], [-121.88155, 38.00339]]}}, {"type": "Feature", "properties": {"hw": "residential"}, "geometry": {"type": "LineString", "coordinates": [[-121.94202, 38.01666], [-121.94189, 38.01666]]}}, {"type": "Feature", "properties": {"hw": "residential"}, "geometry": {"type": "LineString", "coordinates": [[-121.88466, 38.03291], [-121.88458, 38.03287], [-121.88445, 38.03283], [-121.88425, 38.03278], [-121.88375, 38.03266], [-121.88362, 38.03263]]}}, {"type": "Feature", "properties": {"hw": "residential"}, "geometry": {"type": "LineString", "coordinates": [[-121.83488, 37.99903], [-121.83487, 37.99893], [-121.83486, 37.99887], [-121.83486, 37.99886], [-121.83472, 37.99823], [-121.83471, 37.99779], [-121.83469, 37.99723], [-121.83469, 37.99542], [-121.83537, 37.99412], [-121.83538, 37.994]]}}, {"type": "Feature", "properties": {"hw": "residential"}, "geometry": {"type": "LineString", "coordinates": [[-121.91294, 38.0265], [-121.91304, 38.02604], [-121.91313, 38.02538], [-121.91317, 38.02469]]}}, {"type": "Feature", "properties": {"hw": "residential"}, "geometry": {"type": "LineString", "coordinates": [[-121.87655, 38.00936], [-121.87654, 38.00925], [-121.87649, 38.00879]]}}, {"type": "Feature", "properties": {"hw": "residential"}, "geometry": {"type": "LineString", "coordinates": [[-121.90597, 38.0097], [-121.90602, 38.00957], [-121.90602, 38.00948], [-121.90599, 38.00932], [-121.90601, 38.00922], [-121.9061, 38.00893]]}}, {"type": "Feature", "properties": {"hw": "tertiary"}, "geometry": {"type": "LineString", "coordinates": [[-121.92998, 38.01948], [-121.93013, 38.01948], [-121.93088, 38.01946], [-121.93233, 38.01944], [-121.93455, 38.0194], [-121.93488, 38.01939], [-121.936, 38.01937], [-121.93624, 38.01937], [-121.93696, 38.01937], [-121.93737, 38.01937], [-121.9374, 38.01937], [-121.93792, 38.01937], [-121.93796, 38.01937], [-121.93803, 38.01937], [-121.93825, 38.01938], [-121.93855, 38.01939], [-121.93886, 38.01941], [-121.93913, 38.01943], [-121.93935, 38.01946], [-121.93956, 38.01951], [-121.93967, 38.01954]]}}, {"type": "Feature", "properties": {"hw": "residential"}, "geometry": {"type": "LineString", "coordinates": [[-121.879, 38.00538], [-121.8787, 38.00622], [-121.8785, 38.00673]]}}, {"type": "Feature", "properties": {"hw": "residential"}, "geometry": {"type": "LineString", "coordinates": [[-121.94652, 38.02127], [-121.94656, 38.0211], [-121.94656, 38.02108], [-121.94655, 38.02067], [-121.94648, 38.02052]]}}, {"type": "Feature", "properties": {"hw": "residential"}, "geometry": {"type": "LineString", "coordinates": [[-121.88165, 38.02935], [-121.88171, 38.02928], [-121.88183, 38.02895]]}}, {"type": "Feature", "properties": {"hw": "residential"}, "geometry": {"type": "LineString", "coordinates": [[-121.90549, 38.02273], [-121.90506, 38.02261], [-121.90406, 38.02232], [-121.90337, 38.02188], [-121.90291, 38.02153], [-121.90268, 38.02134], [-121.90239, 38.02111], [-121.90204, 38.02092], [-121.90163, 38.02072]]}}, {"type": "Feature", "properties": {"hw": "residential"}, "geometry": {"type": "LineString", "coordinates": [[-121.95168, 38.02794], [-121.95307, 38.02795]]}}, {"type": "Feature", "properties": {"hw": "residential"}, "geometry": {"type": "LineString", "coordinates": [[-121.8801, 37.99901], [-121.88009, 37.99837], [-121.8801, 37.99796], [-121.8801, 37.9978], [-121.88003, 37.99761], [-121.88, 37.99752], [-121.8798, 37.99728], [-121.87963, 37.99701], [-121.87951, 37.99676], [-121.87948, 37.99628], [-121.87942, 37.99496], [-121.87943, 37.99455], [-121.87957, 37.99422], [-121.87955, 37.99416], [-121.87993, 37.99335], [-121.87996, 37.99318], [-121.87984, 37.99296], [-121.87948, 37.9926], [-121.87936, 37.99245], [-121.87933, 37.99228], [-121.87922, 37.99101], [-121.87922, 37.99071], [-121.87915, 37.99049]]}}, {"type": "Feature", "properties": {"hw": "residential"}, "geometry": {"type": "LineString", "coordinates": [[-121.9255, 38.02311], [-121.9255, 38.02243]]}}, {"type": "Feature", "properties": {"hw": "residential"}, "geometry": {"type": "LineString", "coordinates": [[-121.92724, 38.01753], [-121.92735, 38.01724], [-121.92735, 38.01604], [-121.92736, 38.01582], [-121.92758, 38.01584], [-121.92823, 38.01594]]}}, {"type": "Feature", "properties": {"hw": "residential"}, "geometry": {"type": "LineString", "coordinates": [[-121.99984, 37.98217], [-121.99966, 37.98222], [-121.99867, 37.98247], [-121.99806, 37.98264], [-121.99743, 37.98312], [-121.99675, 37.98364], [-121.99619, 37.98415], [-121.99534, 37.98485], [-121.99521, 37.98514]]}}, {"type": "Feature", "properties": {"hw": "residential"}, "geometry": {"type": "LineString", "coordinates": [[-121.87976, 38.00538], [-121.8797, 38.00541], [-121.87929, 38.00638], [-121.87913, 38.00684]]}}, {"type": "Feature", "properties": {"hw": "tertiary"}, "geometry": {"type": "LineString", "coordinates": [[-121.96402, 38.02454], [-121.96415, 38.02466]]}}, {"type": "Feature", "properties": {"hw": "residential"}, "geometry": {"type": "LineString", "coordinates": [[-121.89309, 38.0069], [-121.89299, 38.0069], [-121.89283, 38.00685], [-121.89232, 38.00671], [-121.89223, 38.00669], [-121.89177, 38.00657], [-121.88957, 38.00602], [-121.88883, 38.00524]]}}, {"type": "Feature", "properties": {"hw": "residential"}, "geometry": {"type": "LineString", "coordinates": [[-121.99446, 37.98428], [-121.99478, 37.98415]]}}, {"type": "Feature", "properties": {"hw": "residential"}, "geometry": {"type": "LineString", "coordinates": [[-121.93451, 38.02677], [-121.9345, 38.02688], [-121.9345, 38.02719], [-121.93451, 38.02808], [-121.93451, 38.02905], [-121.93451, 38.02972]]}}, {"type": "Feature", "properties": {"hw": "residential"}, "geometry": {"type": "LineString", "coordinates": [[-121.92256, 38.02385], [-121.92436, 38.02316], [-121.92457, 38.02313], [-121.92477, 38.02311], [-121.9255, 38.02311], [-121.92557, 38.02311], [-121.92648, 38.02311], [-121.92655, 38.02311], [-121.92765, 38.0231], [-121.92772, 38.0231], [-121.92833, 38.0231], [-121.92909, 38.02311], [-121.92925, 38.02311], [-121.9301, 38.02311], [-121.93086, 38.02312], [-121.931, 38.02312], [-121.93116, 38.02312], [-121.93142, 38.02312], [-121.93211, 38.02312], [-121.9328, 38.02312], [-121.93389, 38.02311]]}}, {"type": "Feature", "properties": {"hw": "residential"}, "geometry": {"type": "LineString", "coordinates": [[-121.84824, 38.00249], [-121.84863, 38.00259], [-121.84904, 38.00265]]}}, {"type": "Feature", "properties": {"hw": "residential"}, "geometry": {"type": "LineString", "coordinates": [[-121.91632, 38.02319], [-121.91629, 38.02278], [-121.91631, 38.0221], [-121.91632, 38.02142], [-121.91632, 38.02105], [-121.9164, 38.0209]]}}, {"type": "Feature", "properties": {"hw": "residential"}, "geometry": {"type": "LineString", "coordinates": [[-121.94547, 38.02154], [-121.94536, 38.02148], [-121.94509, 38.02145], [-121.94497, 38.02145], [-121.94476, 38.02144], [-121.94454, 38.02145], [-121.94437, 38.02142], [-121.94431, 38.02142], [-121.9442, 38.02134], [-121.9441, 38.02117], [-121.94405, 38.02107], [-121.94404, 38.02077], [-121.94408, 38.02053], [-121.94407, 38.02035], [-121.94409, 38.0202], [-121.94416, 38.02009], [-121.94424, 38.02004], [-121.94439, 38.01997], [-121.94457, 38.01989], [-121.94476, 38.01985], [-121.94499, 38.01992]]}}, {"type": "Feature", "properties": {"hw": "residential"}, "geometry": {"type": "LineString", "coordinates": [[-121.99981, 37.98891], [-121.99938, 37.98936]]}}, {"type": "Feature", "properties": {"hw": "residential"}, "geometry": {"type": "LineString", "coordinates": [[-121.89523, 38.00363], [-121.89524, 38.00392], [-121.89521, 38.00403], [-121.89494, 38.0047], [-121.89473, 38.00525], [-121.89471, 38.00543], [-121.89479, 38.00558], [-121.8948, 38.00572], [-121.89462, 38.0062], [-121.89427, 38.00707]]}}, {"type": "Feature", "properties": {"hw": "residential"}, "geometry": {"type": "LineString", "coordinates": [[-121.91459, 38.02327], [-121.9146, 38.02367], [-121.91464, 38.02397], [-121.91465, 38.02485], [-121.91466, 38.02555], [-121.91466, 38.02612], [-121.9147, 38.02621]]}}, {"type": "Feature", "properties": {"hw": "residential"}, "geometry": {"type": "LineString", "coordinates": [[-121.95137, 38.01577], [-121.95175, 38.01506], [-121.95204, 38.01464], [-121.9521, 38.0145], [-121.95215, 38.01431]]}}, {"type": "Feature", "properties": {"hw": "residential"}, "geometry": {"type": "LineString", "coordinates": [[-121.96213, 38.0253], [-121.96207, 38.02512]]}}, {"type": "Feature", "properties": {"hw": "residential"}, "geometry": {"type": "LineString", "coordinates": [[-121.88684, 37.9968], [-121.8864, 37.99676]]}}, {"type": "Feature", "properties": {"hw": "residential"}, "geometry": {"type": "LineString", "coordinates": [[-121.94077, 38.01763], [-121.94072, 38.01767], [-121.94064, 38.0177], [-121.94054, 38.01773], [-121.94031, 38.01784], [-121.94003, 38.01801], [-121.93996, 38.01804], [-121.93982, 38.01811], [-121.93964, 38.01819], [-121.93957, 38.01823], [-121.93943, 38.01828], [-121.93924, 38.01834], [-121.93912, 38.01838], [-121.93872, 38.01839], [-121.93821, 38.01825], [-121.9381, 38.01819], [-121.93767, 38.01788], [-121.93746, 38.01773]]}}, {"type": "Feature", "properties": {"hw": "residential"}, "geometry": {"type": "LineString", "coordinates": [[-121.85899, 38.00004], [-121.85866, 38.00022], [-121.85841, 38.00031], [-121.8576, 38.00036], [-121.8568, 38.00038]]}}, {"type": "Feature", "properties": {"hw": "residential"}, "geometry": {"type": "LineString", "coordinates": [[-121.87187, 38.00649], [-121.87201, 38.00657], [-121.87328, 38.00688], [-121.87311, 38.00734], [-121.87296, 38.00776], [-121.87144, 38.00741], [-121.87128, 38.00737]]}}, {"type": "Feature", "properties": {"hw": "residential"}, "geometry": {"type": "LineString", "coordinates": [[-121.96049, 38.02929], [-121.96028, 38.02928], [-121.95982, 38.02927], [-121.95978, 38.02927], [-121.95947, 38.02927], [-121.95896, 38.02927], [-121.95858, 38.02935], [-121.95828, 38.02952], [-121.95778, 38.02995], [-121.95726, 38.03034], [-121.95673, 38.03076]]}}, {"type": "Feature", "properties": {"hw": "residential"}, "geometry": {"type": "LineString", "coordinates": [[-121.97049, 38.0261], [-121.97064, 38.02565], [-121.9708, 38.02549], [-121.97094, 38.02541], [-121.97112, 38.02535], [-121.97137, 38.02534], [-121.97213, 38.02531], [-121.97231, 38.02537], [-121.97248, 38.02551], [-121.97304, 38.02607]]}}, {"type": "Feature", "properties": {"hw": "residential"}, "geometry": {"type": "LineString", "coordinates": [[-121.97304, 38.02607], [-121.97264, 38.02633], [-121.97244, 38.02641], [-121.97231, 38.02641], [-121.97215, 38.02632], [-121.97152, 38.0257], [-121.97138, 38.02553], [-121.97137, 38.02534]]}}, {"type": "Feature", "properties": {"hw": "residential"}, "geometry": {"type": "LineString", "coordinates": [[-121.84464, 37.99461], [-121.84515, 37.99432], [-121.84565, 37.99409], [-121.8457, 37.99395], [-121.84573, 37.99381], [-121.84604, 37.99363], [-121.84637, 37.99354]]}}, {"type": "Feature", "properties": {"hw": "residential"}, "geometry": {"type": "LineString", "coordinates": [[-121.88256, 37.99482], [-121.8826, 37.9945], [-121.88266, 37.99439], [-121.88287, 37.99415], [-121.88311, 37.99395], [-121.88333, 37.99385], [-121.88393, 37.99358], [-121.88425, 37.99341], [-121.88575, 37.99258]]}}, {"type": "Feature", "properties": {"hw": "residential"}, "geometry": {"type": "LineString", "coordinates": [[-121.88699, 38.02688], [-121.88835, 38.02687], [-121.88972, 38.02687], [-121.89106, 38.02686]]}}, {"type": "Feature", "properties": {"hw": "secondary"}, "geometry": {"type": "LineString", "coordinates": [[-121.84937, 37.98584], [-121.84988, 37.98593], [-121.85027, 37.98604], [-121.85064, 37.98619], [-121.85184, 37.98691], [-121.8521, 37.98703]]}}, {"type": "Feature", "properties": {"hw": "residential"}, "geometry": {"type": "LineString", "coordinates": [[-121.97926, 38.03286], [-121.97931, 38.03288]]}}, {"type": "Feature", "properties": {"hw": "residential"}, "geometry": {"type": "LineString", "coordinates": [[-122.00167, 37.98261], [-122.00099, 37.98319]]}}, {"type": "Feature", "properties": {"hw": "residential"}, "geometry": {"type": "LineString", "coordinates": [[-121.92547, 38.02629], [-121.92546, 38.02572]]}}, {"type": "Feature", "properties": {"hw": "residential"}, "geometry": {"type": "LineString", "coordinates": [[-121.92149, 38.01322], [-121.9214, 38.01309], [-121.92134, 38.01292], [-121.92136, 38.01278], [-121.92144, 38.01254], [-121.92207, 38.01091]]}}, {"type": "Feature", "properties": {"hw": "residential"}, "geometry": {"type": "LineString", "coordinates": [[-121.90163, 38.02072], [-121.90139, 38.02137], [-121.9011, 38.02213], [-121.9009, 38.02266], [-121.90093, 38.02276]]}}, {"type": "Feature", "properties": {"hw": "residential"}, "geometry": {"type": "LineString", "coordinates": [[-121.87844, 38.02712], [-121.87859, 38.02711], [-121.87867, 38.02713], [-121.88035, 38.02753], [-121.88088, 38.02777], [-121.8815, 38.02793]]}}, {"type": "Feature", "properties": {"hw": "residential"}, "geometry": {"type": "LineString", "coordinates": [[-121.9543, 38.00567], [-121.95409, 38.00586], [-121.95377, 38.00599], [-121.95369, 38.00601], [-121.95342, 38.00607], [-121.95312, 38.00606], [-121.95269, 38.00598], [-121.95228, 38.00584], [-121.95221, 38.00581], [-121.95198, 38.00571], [-121.95171, 38.00562]]}}, {"type": "Feature", "properties": {"hw": "residential"}, "geometry": {"type": "LineString", "coordinates": [[-121.98115, 38.02701], [-121.98156, 38.02692], [-121.98178, 38.02691]]}}, {"type": "Feature", "properties": {"hw": "residential"}, "geometry": {"type": "LineString", "coordinates": [[-121.89198, 38.00988], [-121.89211, 38.0099], [-121.89239, 38.00997], [-121.89243, 38.00997], [-121.89255, 38.01], [-121.89271, 38.00999], [-121.89283, 38.00995], [-121.89292, 38.00989], [-121.89302, 38.0098], [-121.89624, 38.0106], [-121.89682, 38.01075], [-121.89853, 38.01119]]}}, {"type": "Feature", "properties": {"hw": "tertiary"}, "geometry": {"type": "LineString", "coordinates": [[-121.88506, 38.00446], [-121.88496, 38.00444], [-121.88417, 38.0043], [-121.88409, 38.00429], [-121.88313, 38.00408], [-121.88293, 38.00404], [-121.88268, 38.004], [-121.88233, 38.00398], [-121.88202, 38.00406], [-121.88145, 38.0042], [-121.88114, 38.00431], [-121.88069, 38.00445], [-121.88037, 38.00451], [-121.88019, 38.0045], [-121.87981, 38.00445], [-121.8792, 38.00428], [-121.878, 38.00401], [-121.87767, 38.00393], [-121.87657, 38.00367], [-121.87648, 38.00365], [-121.87532, 38.00336], [-121.87483, 38.00323], [-121.87372, 38.00297]]}}, {"type": "Feature", "properties": {"hw": "residential"}, "geometry": {"type": "LineString", "coordinates": [[-121.95495, 38.00962], [-121.95538, 38.00972], [-121.95562, 38.00972]]}}, {"type": "Feature", "properties": {"hw": "residential"}, "geometry": {"type": "LineString", "coordinates": [[-122.00378, 37.98417], [-122.00308, 37.98476]]}}, {"type": "Feature", "properties": {"hw": "residential"}, "geometry": {"type": "LineString", "coordinates": [[-121.93387, 38.02242], [-121.93297, 38.02242]]}}, {"type": "Feature", "properties": {"hw": "residential"}, "geometry": {"type": "LineString", "coordinates": [[-121.83376, 37.99065], [-121.83376, 37.99139], [-121.83381, 37.99178], [-121.83374, 37.99259], [-121.83373, 37.99263]]}}, {"type": "Feature", "properties": {"hw": "residential"}, "geometry": {"type": "LineString", "coordinates": [[-121.88171, 38.00988], [-121.88167, 38.00998], [-121.8814, 38.0106], [-121.88129, 38.01088], [-121.88126, 38.01096], [-121.88114, 38.01128], [-121.88094, 38.0118], [-121.88062, 38.01262], [-121.88048, 38.01295], [-121.88045, 38.01309], [-121.88039, 38.01326], [-121.88033, 38.01336], [-121.88028, 38.01342], [-121.88007, 38.01397]]}}, {"type": "Feature", "properties": {"hw": "residential"}, "geometry": {"type": "LineString", "coordinates": [[-121.8827, 37.99928], [-121.88224, 37.99886]]}}, {"type": "Feature", "properties": {"hw": "residential"}, "geometry": {"type": "LineString", "coordinates": [[-121.94077, 38.02574], [-121.94048, 38.02546], [-121.94037, 38.02522], [-121.94033, 38.02506]]}}, {"type": "Feature", "properties": {"hw": "residential"}, "geometry": {"type": "LineString", "coordinates": [[-121.86361, 37.99888], [-121.86365, 37.99875], [-121.86372, 37.99853], [-121.86376, 37.99839], [-121.86381, 37.99824], [-121.86381, 37.99799]]}}, {"type": "Feature", "properties": {"hw": "residential"}, "geometry": {"type": "LineString", "coordinates": [[-121.96625, 38.0251], [-121.96657, 38.02499], [-121.96679, 38.02495], [-121.9678, 38.02499], [-121.96798, 38.02503]]}}, {"type": "Feature", "properties": {"hw": "residential"}, "geometry": {"type": "LineString", "coordinates": [[-121.89287, 38.01262], [-121.89337, 38.01117]]}}, {"type": "Feature", "properties": {"hw": "residential"}, "geometry": {"type": "LineString", "coordinates": [[-121.87022, 38.00211], [-121.87016, 38.00246], [-121.87011, 38.00273], [-121.87022, 38.00276], [-121.87045, 38.00281], [-121.87061, 38.00285], [-121.87071, 38.00288], [-121.87098, 38.00294], [-121.8711, 38.00297], [-121.87131, 38.00302], [-121.87152, 38.00307], [-121.8717, 38.00312], [-121.87183, 38.00315], [-121.87193, 38.00318], [-121.87216, 38.00323], [-121.87247, 38.00331]]}}, {"type": "Feature", "properties": {"hw": "residential"}, "geometry": {"type": "LineString", "coordinates": [[-121.94093, 38.02676], [-121.94092, 38.02704], [-121.94089, 38.02725], [-121.94089, 38.02732], [-121.94089, 38.02738], [-121.94089, 38.02791], [-121.94089, 38.02798], [-121.94089, 38.02815], [-121.94089, 38.02828], [-121.94091, 38.02876], [-121.9409, 38.02914], [-121.9409, 38.02931], [-121.9409, 38.02942], [-121.94089, 38.02955], [-121.94089, 38.02966], [-121.94089, 38.02972], [-121.94089, 38.02986], [-121.94089, 38.0299], [-121.9409, 38.03001], [-121.9409, 38.03007], [-121.9409, 38.03017], [-121.9409, 38.03027], [-121.9409, 38.03044], [-121.9409, 38.03069], [-121.94089, 38.03089], [-121.9409, 38.0317], [-121.94089, 38.03196], [-121.94088, 38.03229], [-121.94088, 38.0326], [-121.9408, 38.03268]]}}, {"type": "Feature", "properties": {"hw": "residential"}, "geometry": {"type": "LineString", "coordinates": [[-121.88811, 38.01797], [-121.8874, 38.0178], [-121.88565, 38.01738], [-121.88387, 38.01696], [-121.88321, 38.01678]]}}, {"type": "Feature", "properties": {"hw": "residential"}, "geometry": {"type": "LineString", "coordinates": [[-121.87013, 38.01763], [-121.87019, 38.0174], [-121.8702, 38.01735], [-121.87033, 38.01706], [-121.87047, 38.01687], [-121.87064, 38.01668], [-121.87092, 38.01625], [-121.87096, 38.01615]]}}, {"type": "Feature", "properties": {"hw": "residential"}, "geometry": {"type": "LineString", "coordinates": [[-121.99208, 37.98346], [-121.99175, 37.98375]]}}, {"type": "Feature", "properties": {"hw": "residential"}, "geometry": {"type": "LineString", "coordinates": [[-121.95987, 38.0321], [-121.95987, 38.03281], [-121.95986, 38.03349]]}}, {"type": "Feature", "properties": {"hw": "residential"}, "geometry": {"type": "LineString", "coordinates": [[-121.9534, 38.02676], [-121.9534, 38.02636], [-121.9534, 38.0263], [-121.95339, 38.02624], [-121.95339, 38.02504], [-121.95339, 38.0249], [-121.9534, 38.02468], [-121.95339, 38.02291]]}}, {"type": "Feature", "properties": {"hw": "residential"}, "geometry": {"type": "LineString", "coordinates": [[-121.95593, 38.02677], [-121.95594, 38.02632], [-121.95594, 38.02598], [-121.95594, 38.02565], [-121.95594, 38.02549], [-121.95595, 38.02532], [-121.95594, 38.02467], [-121.95592, 38.02338]]}}, {"type": "Feature", "properties": {"hw": "residential"}, "geometry": {"type": "LineString", "coordinates": [[-121.9628, 38.02305], [-121.96275, 38.02352], [-121.9621, 38.02423], [-121.96174, 38.02459]]}}, {"type": "Feature", "properties": {"hw": "residential"}, "geometry": {"type": "LineString", "coordinates": [[-121.94644, 38.01997], [-121.94627, 38.01989], [-121.94597, 38.01989], [-121.94546, 38.01988], [-121.94542, 38.01988], [-121.94499, 38.01992]]}}, {"type": "Feature", "properties": {"hw": "residential"}, "geometry": {"type": "LineString", "coordinates": [[-121.94437, 38.01481], [-121.94543, 38.01481], [-121.94662, 38.01492], [-121.94701, 38.01436]]}}, {"type": "Feature", "properties": {"hw": "residential"}, "geometry": {"type": "LineString", "coordinates": [[-121.93208, 38.0203], [-121.93243, 38.02036], [-121.93249, 38.02053], [-121.93249, 38.02113], [-121.93252, 38.02211], [-121.93244, 38.0222], [-121.93235, 38.02224], [-121.93212, 38.02223], [-121.93137, 38.02222], [-121.9313, 38.02214], [-121.93132, 38.02207], [-121.93159, 38.02185], [-121.93249, 38.02113]]}}, {"type": "Feature", "properties": {"hw": "residential"}, "geometry": {"type": "LineString", "coordinates": [[-121.83558, 37.99023], [-121.83559, 37.98978]]}}, {"type": "Feature", "properties": {"hw": "residential"}, "geometry": {"type": "LineString", "coordinates": [[-121.86517, 38.00315], [-121.8653, 38.00279], [-121.86531, 38.00264], [-121.86515, 38.00242], [-121.86501, 38.00208], [-121.86494, 38.00193], [-121.86491, 38.00175], [-121.8652, 38.00083], [-121.86528, 38.00063], [-121.86529, 38.0005], [-121.86521, 38.00031], [-121.86511, 38.00007]]}}, {"type": "Feature", "properties": {"hw": "residential"}, "geometry": {"type": "LineString", "coordinates": [[-121.91317, 38.02469], [-121.91315, 38.02369]]}}, {"type": "Feature", "properties": {"hw": "residential"}, "geometry": {"type": "LineString", "coordinates": [[-121.88888, 37.99152], [-121.88918, 37.99174], [-121.88939, 37.99181]]}}, {"type": "Feature", "properties": {"hw": "residential"}, "geometry": {"type": "LineString", "coordinates": [[-121.93301, 38.01358], [-121.93374, 38.01337]]}}, {"type": "Feature", "properties": {"hw": "residential"}, "geometry": {"type": "LineString", "coordinates": [[-121.90523, 38.00509], [-121.90533, 38.00509], [-121.90542, 38.00505], [-121.90575, 38.00465], [-121.90609, 38.00429], [-121.90607, 38.00377]]}}, {"type": "Feature", "properties": {"hw": "residential"}, "geometry": {"type": "LineString", "coordinates": [[-121.87839, 38.00522], [-121.87803, 38.00607], [-121.87785, 38.00657]]}}, {"type": "Feature", "properties": {"hw": "residential"}, "geometry": {"type": "LineString", "coordinates": [[-121.94277, 38.02676], [-121.94281, 38.02713], [-121.94273, 38.02743]]}}, {"type": "Feature", "properties": {"hw": "residential"}, "geometry": {"type": "LineString", "coordinates": [[-121.87415, 38.0013], [-121.87421, 38.00113], [-121.87428, 38.0009], [-121.8744, 38.00079], [-121.87457, 38.00068], [-121.87488, 38.00063], [-121.87528, 38.0006]]}}, {"type": "Feature", "properties": {"hw": "residential"}, "geometry": {"type": "LineString", "coordinates": [[-121.97306, 38.03954], [-121.97316, 38.03917], [-121.97333, 38.0389], [-121.97339, 38.03876], [-121.9734, 38.03862], [-121.9734, 38.03615]]}}, {"type": "Feature", "properties": {"hw": "residential"}, "geometry": {"type": "LineString", "coordinates": [[-121.88975, 37.99743], [-121.88965, 37.99518], [-121.88965, 37.99461], [-121.88962, 37.99417], [-121.88956, 37.994], [-121.88946, 37.99382], [-121.88933, 37.99359], [-121.88928, 37.99345], [-121.88926, 37.99338]]}}, {"type": "Feature", "properties": {"hw": "residential"}, "geometry": {"type": "LineString", "coordinates": [[-121.91523, 38.01471], [-121.91536, 38.0146]]}}, {"type": "Feature", "properties": {"hw": "residential"}, "geometry": {"type": "LineString", "coordinates": [[-121.90242, 38.0046], [-121.9033, 38.00481], [-121.90345, 38.00484], [-121.90462, 38.00489], [-121.90493, 38.00494], [-121.90507, 38.00501], [-121.90523, 38.00509]]}}, {"type": "Feature", "properties": {"hw": "residential"}, "geometry": {"type": "LineString", "coordinates": [[-121.89173, 38.01313], [-121.89418, 38.01372]]}}, {"type": "Feature", "properties": {"hw": "residential"}, "geometry": {"type": "LineString", "coordinates": [[-121.97049, 38.0261], [-121.97014, 38.02607]]}}, {"type": "Feature", "properties": {"hw": "residential"}, "geometry": {"type": "LineString", "coordinates": [[-121.99896, 37.98316], [-121.99937, 37.98308], [-121.99963, 37.98316], [-122.0022, 37.98503], [-122.00287, 37.98552], [-122.0032, 37.98577]]}}, {"type": "Feature", "properties": {"hw": "residential"}, "geometry": {"type": "LineString", "coordinates": [[-121.9061, 38.01488], [-121.90567, 38.01488]]}}, {"type": "Feature", "properties": {"hw": "secondary"}, "geometry": {"type": "LineString", "coordinates": [[-121.89403, 38.02943], [-121.89415, 38.02943], [-121.89501, 38.02944], [-121.89537, 38.02944], [-121.89557, 38.02944], [-121.89599, 38.02944], [-121.89674, 38.02944], [-121.89678, 38.02944], [-121.89701, 38.02944], [-121.89705, 38.02944], [-121.89712, 38.02945]]}}, {"type": "Feature", "properties": {"hw": "residential"}, "geometry": {"type": "LineString", "coordinates": [[-121.93236, 38.01639], [-121.93279, 38.01639], [-121.93295, 38.01632], [-121.93323, 38.01609]]}}, {"type": "Feature", "properties": {"hw": "residential"}, "geometry": {"type": "LineString", "coordinates": [[-121.92711, 38.02914], [-121.92723, 38.02889], [-121.92725, 38.02799]]}}, {"type": "Feature", "properties": {"hw": "residential"}, "geometry": {"type": "LineString", "coordinates": [[-121.95946, 38.0321], [-121.95948, 38.03168]]}}, {"type": "Feature", "properties": {"hw": "residential"}, "geometry": {"type": "LineString", "coordinates": [[-121.90424, 38.01364], [-121.90421, 38.01373], [-121.90362, 38.01526], [-121.90362, 38.01531], [-121.90362, 38.01535], [-121.90366, 38.01539], [-121.90372, 38.01542], [-121.90427, 38.01555], [-121.9044, 38.01557], [-121.90446, 38.01549], [-121.90477, 38.01469], [-121.90507, 38.01394], [-121.9051, 38.01385]]}}, {"type": "Feature", "properties": {"hw": "residential"}, "geometry": {"type": "LineString", "coordinates": [[-121.92487, 38.01418], [-121.92508, 38.01431], [-121.9253, 38.01438], [-121.92605, 38.0145], [-121.92728, 38.01471], [-121.92821, 38.01488], [-121.92907, 38.01499], [-121.92953, 38.01503], [-121.93, 38.01504]]}}, {"type": "Feature", "properties": {"hw": "residential"}, "geometry": {"type": "LineString", "coordinates": [[-121.88395, 37.9956], [-121.88333, 37.99515], [-121.88313, 37.995], [-121.88287, 37.9949], [-121.88272, 37.99484], [-121.88256, 37.99482], [-121.88191, 37.99483], [-121.88157, 37.99485], [-121.88128, 37.99481], [-121.88105, 37.99466]]}}, {"type": "Feature", "properties": {"hw": "residential"}, "geometry": {"type": "LineString", "coordinates": [[-121.96229, 38.02297], [-121.96224, 38.02315], [-121.96219, 38.02334], [-121.96169, 38.02368]]}}, {"type": "Feature", "properties": {"hw": "residential"}, "geometry": {"type": "LineString", "coordinates": [[-121.96169, 38.02368], [-121.96131, 38.02401]]}}, {"type": "Feature", "properties": {"hw": "residential"}, "geometry": {"type": "LineString", "coordinates": [[-121.83804, 37.9868], [-121.83858, 37.98612], [-121.83864, 37.98561], [-121.83865, 37.98512], [-121.83855, 37.98437], [-121.83844, 37.98368]]}}, {"type": "Feature", "properties": {"hw": "residential"}, "geometry": {"type": "LineString", "coordinates": [[-121.9258, 38.0188], [-121.9243, 38.01843], [-121.92393, 38.01838], [-121.92335, 38.01824], [-121.92247, 38.01802], [-121.92168, 38.01784], [-121.92098, 38.01767], [-121.92051, 38.0176], [-121.92008, 38.01761], [-121.9193, 38.01789], [-121.91906, 38.01796], [-121.91874, 38.018], [-121.91831, 38.01799], [-121.91815, 38.01798], [-121.91803, 38.01799], [-121.91755, 38.01797], [-121.91716, 38.01805], [-121.9168, 38.01818], [-121.91627, 38.01909], [-121.91609, 38.01928], [-121.91582, 38.0194], [-121.91471, 38.0194], [-121.91386, 38.01938], [-121.91356, 38.01939], [-121.91323, 38.01935], [-121.91285, 38.01919], [-121.91261, 38.01906], [-121.91235, 38.01899], [-121.91175, 38.01893], [-121.91042, 38.01872]]}}, {"type": "Feature", "properties": {"hw": "residential"}, "geometry": {"type": "LineString", "coordinates": [[-121.9971, 37.98536], [-121.9975, 37.98566], [-121.99884, 37.98647], [-121.99909, 37.98652], [-121.99922, 37.98651], [-121.99943, 37.98644]]}}, {"type": "Feature", "properties": {"hw": "residential"}, "geometry": {"type": "LineString", "coordinates": [[-121.88717, 37.99627], [-121.88781, 37.99666]]}}, {"type": "Feature", "properties": {"hw": "residential"}, "geometry": {"type": "LineString", "coordinates": [[-121.88158, 38.0089], [-121.88204, 38.00901], [-121.88251, 38.00912], [-121.88328, 38.00931], [-121.88392, 38.00947], [-121.88398, 38.00948], [-121.884, 38.00949], [-121.88402, 38.0095], [-121.88403, 38.00951], [-121.88403, 38.00953], [-121.88404, 38.00954], [-121.88404, 38.00955], [-121.88403, 38.00957], [-121.88375, 38.01028], [-121.88372, 38.01036]]}}, {"type": "Feature", "properties": {"hw": "residential"}, "geometry": {"type": "LineString", "coordinates": [[-121.84346, 37.98347], [-121.84386, 37.98288]]}}, {"type": "Feature", "properties": {"hw": "residential"}, "geometry": {"type": "LineString", "coordinates": [[-121.83988, 37.99669], [-121.83977, 37.99678], [-121.83966, 37.99686], [-121.83955, 37.99692], [-121.8394, 37.997], [-121.83926, 37.99707], [-121.83918, 37.99709], [-121.83909, 37.99709], [-121.83902, 37.99709], [-121.83887, 37.99707], [-121.83865, 37.997], [-121.83842, 37.99694], [-121.83818, 37.99689]]}}, {"type": "Feature", "properties": {"hw": "residential"}, "geometry": {"type": "LineString", "coordinates": [[-121.83802, 37.99763], [-121.83845, 37.99763], [-121.83926, 37.99764], [-121.83933, 37.99764], [-121.8394, 37.99762], [-121.83965, 37.9975], [-121.83997, 37.99733], [-121.84004, 37.99727], [-121.84008, 37.99719]]}}, {"type": "Feature", "properties": {"hw": "residential"}, "geometry": {"type": "LineString", "coordinates": [[-121.84008, 37.99719], [-121.84, 37.99698], [-121.83994, 37.99686], [-121.83988, 37.99669]]}}, {"type": "Feature", "properties": {"hw": "residential"}, "geometry": {"type": "LineString", "coordinates": [[-121.94033, 38.02402], [-121.93966, 38.02444], [-121.93949, 38.02466], [-121.93939, 38.02498], [-121.93942, 38.02526], [-121.93961, 38.02562], [-121.93969, 38.0258], [-121.93974, 38.02605], [-121.93973, 38.02665], [-121.93973, 38.02676]]}}, {"type": "Feature", "properties": {"hw": "residential"}, "geometry": {"type": "LineString", "coordinates": [[-121.84878, 38.02636], [-121.84923, 38.02517]]}}, {"type": "Feature", "properties": {"hw": "residential"}, "geometry": {"type": "LineString", "coordinates": [[-121.9255, 38.01578], [-121.92533, 38.01577], [-121.92484, 38.01566], [-121.92477, 38.01562], [-121.92471, 38.01557], [-121.92462, 38.01542]]}}, {"type": "Feature", "properties": {"hw": "residential"}, "geometry": {"type": "LineString", "coordinates": [[-121.96625, 38.0251], [-121.96563, 38.02534]]}}, {"type": "Feature", "properties": {"hw": "residential"}, "geometry": {"type": "LineString", "coordinates": [[-121.89218, 38.0216], [-121.8923, 38.02163], [-121.89305, 38.02181], [-121.89392, 38.02202], [-121.89478, 38.02223], [-121.89565, 38.02244], [-121.89609, 38.02255], [-121.89616, 38.02256], [-121.89651, 38.02265], [-121.89707, 38.02277], [-121.89739, 38.02281], [-121.89832, 38.02281]]}}, {"type": "Feature", "properties": {"hw": "residential"}, "geometry": {"type": "LineString", "coordinates": [[-121.89503, 37.99133], [-121.89488, 37.99125], [-121.89426, 37.99096], [-121.89412, 37.99092], [-121.894, 37.99091], [-121.89387, 37.99092], [-121.89375, 37.99096], [-121.8936, 37.99108], [-121.89336, 37.99148], [-121.89314, 37.99187], [-121.89301, 37.99212], [-121.89293, 37.99229], [-121.89279, 37.99273], [-121.89277, 37.99285], [-121.89282, 37.99318], [-121.89283, 37.9934], [-121.89284, 37.99366], [-121.89278, 37.99383], [-121.89258, 37.99413], [-121.89246, 37.99432], [-121.89239, 37.99453], [-121.89239, 37.99471], [-121.89243, 37.99486], [-121.89249, 37.99498], [-121.89254, 37.99508], [-121.89265, 37.99535], [-121.89267, 37.99551], [-121.89268, 37.99578]]}}, {"type": "Feature", "properties": {"hw": "residential"}, "geometry": {"type": "LineString", "coordinates": [[-121.88231, 38.00567], [-121.88237, 38.00587], [-121.88233, 38.00625], [-121.88221, 38.00629], [-121.88088, 38.00598]]}}, {"type": "Feature", "properties": {"hw": "residential"}, "geometry": {"type": "LineString", "coordinates": [[-121.88232, 37.99352], [-121.88518, 37.99207], [-121.88533, 37.992], [-121.88555, 37.99186], [-121.88568, 37.99174]]}}, {"type": "Feature", "properties": {"hw": "residential"}, "geometry": {"type": "LineString", "coordinates": [[-121.87948, 37.99628], [-121.88018, 37.99624], [-121.88036, 37.99621], [-121.8804, 37.9961], [-121.88038, 37.9959], [-121.88035, 37.99543], [-121.88042, 37.99525], [-121.88055, 37.99509], [-121.88105, 37.99466]]}}, {"type": "Feature", "properties": {"hw": "residential"}, "geometry": {"type": "LineString", "coordinates": [[-121.91304, 38.02604], [-121.90958, 38.02571]]}}, {"type": "Feature", "properties": {"hw": "residential"}, "geometry": {"type": "LineString", "coordinates": [[-121.88681, 38.02257], [-121.88676, 38.02254], [-121.88668, 38.02249], [-121.88575, 38.02219]]}}, {"type": "Feature", "properties": {"hw": "residential"}, "geometry": {"type": "LineString", "coordinates": [[-121.8423, 37.9927], [-121.84226, 37.99267], [-121.84217, 37.99261], [-121.8422, 37.99139]]}}, {"type": "Feature", "properties": {"hw": "residential"}, "geometry": {"type": "LineString", "coordinates": [[-121.87572, 38.02244], [-121.87653, 38.02065]]}}, {"type": "Feature", "properties": {"hw": "residential"}, "geometry": {"type": "LineString", "coordinates": [[-121.93572, 38.02676], [-121.93571, 38.02641], [-121.93571, 38.02615], [-121.93571, 38.02607], [-121.9357, 38.02541], [-121.93571, 38.02509], [-121.93571, 38.02502], [-121.93571, 38.02474]]}}, {"type": "Feature", "properties": {"hw": "residential"}, "geometry": {"type": "LineString", "coordinates": [[-121.89462, 38.0062], [-121.89521, 38.00636], [-121.89537, 38.0064], [-121.89566, 38.00651], [-121.89598, 38.00661], [-121.89689, 38.00688]]}}, {"type": "Feature", "properties": {"hw": "residential"}, "geometry": {"type": "LineString", "coordinates": [[-121.89654, 37.993], [-121.89637, 37.99308]]}}, {"type": "Feature", "properties": {"hw": "residential"}, "geometry": {"type": "LineString", "coordinates": [[-121.83968, 37.9946], [-121.84016, 37.99386]]}}, {"type": "Feature", "properties": {"hw": "residential"}, "geometry": {"type": "LineString", "coordinates": [[-121.96659, 38.02845], [-121.96681, 38.02884], [-121.96694, 38.02895], [-121.96786, 38.02939], [-121.96801, 38.02942], [-121.96831, 38.0294]]}}, {"type": "Feature", "properties": {"hw": "residential"}, "geometry": {"type": "LineString", "coordinates": [[-121.8876, 38.01927], [-121.88811, 38.01797], [-121.88834, 38.01735], [-121.88837, 38.01726]]}}, {"type": "Feature", "properties": {"hw": "residential"}, "geometry": {"type": "LineString", "coordinates": [[-121.87656, 37.99339], [-121.87574, 37.99184], [-121.87488, 37.99201], [-121.87577, 37.99356]]}}, {"type": "Feature", "properties": {"hw": "residential"}, "geometry": {"type": "LineString", "coordinates": [[-121.92081, 38.01424], [-121.92088, 38.01403], [-121.92092, 38.01392], [-121.92098, 38.01377], [-121.9211, 38.01358], [-121.92124, 38.01341], [-121.92149, 38.01322], [-121.92175, 38.01311], [-121.92204, 38.01304], [-121.92233, 38.01299], [-121.92264, 38.01294], [-121.92277, 38.01292], [-121.9229, 38.01286], [-121.92304, 38.01279], [-121.9232, 38.01271], [-121.92333, 38.01257], [-121.92416, 38.01154], [-121.92443, 38.0112], [-121.92459, 38.01102], [-121.92479, 38.01084]]}}, {"type": "Feature", "properties": {"hw": "residential"}, "geometry": {"type": "LineString", "coordinates": [[-121.84252, 37.99555], [-121.84264, 37.99559], [-121.84279, 37.99565], [-121.84298, 37.9957], [-121.84321, 37.99577], [-121.84338, 37.99582], [-121.84346, 37.99584], [-121.8437, 37.99592], [-121.84395, 37.99602], [-121.84425, 37.99609], [-121.84453, 37.99619], [-121.84479, 37.99623], [-121.84503, 37.99622], [-121.84526, 37.99622], [-121.84544, 37.9962], [-121.8456, 37.99614], [-121.84581, 37.99592]]}}, {"type": "Feature", "properties": {"hw": "residential"}, "geometry": {"type": "LineString", "coordinates": [[-121.89632, 38.00763], [-121.89644, 38.00737], [-121.89656, 38.00724], [-121.89661, 38.0072], [-121.89677, 38.00705], [-121.89689, 38.00688], [-121.897, 38.00667], [-121.89704, 38.00644], [-121.89703, 38.00563]]}}, {"type": "Feature", "properties": {"hw": "residential"}, "geometry": {"type": "LineString", "coordinates": [[-121.94801, 38.02193], [-121.948, 38.02117], [-121.94797, 38.02105], [-121.94741, 38.02059], [-121.94701, 38.02027], [-121.94677, 38.02018], [-121.94651, 38.02015]]}}, {"type": "Feature", "properties": {"hw": "residential"}, "geometry": {"type": "LineString", "coordinates": [[-121.87649, 38.00879], [-121.87608, 38.00882], [-121.87602, 38.00882], [-121.87597, 38.00881], [-121.87592, 38.00881], [-121.87588, 38.00879], [-121.87586, 38.00876], [-121.87585, 38.00872], [-121.87611, 38.00807], [-121.87617, 38.00792], [-121.87621, 38.00785], [-121.87626, 38.00778], [-121.87632, 38.00772], [-121.8764, 38.00765], [-121.8765, 38.00759], [-121.87664, 38.00754], [-121.87718, 38.00734], [-121.87742, 38.00726], [-121.8775, 38.00724], [-121.87757, 38.00724], [-121.87763, 38.00725], [-121.8777, 38.00727], [-121.87829, 38.00741]]}}, {"type": "Feature", "properties": {"hw": "residential"}, "geometry": {"type": "LineString", "coordinates": [[-121.94652, 38.02127], [-121.9464, 38.02134], [-121.94617, 38.02137], [-121.94579, 38.02135], [-121.94558, 38.02144], [-121.94554, 38.02145], [-121.94547, 38.02154]]}}, {"type": "Feature", "properties": {"hw": "residential"}, "geometry": {"type": "LineString", "coordinates": [[-121.83678, 37.98699], [-121.83683, 37.9871], [-121.83697, 37.98717], [-121.83704, 37.98716], [-121.8371, 37.9871], [-121.83706, 37.98705], [-121.83698, 37.98701], [-121.83692, 37.98699], [-121.83678, 37.98699]]}}, {"type": "Feature", "properties": {"hw": "residential"}, "geometry": {"type": "LineString", "coordinates": [[-121.88383, 37.99897], [-121.88411, 37.99866], [-121.88418, 37.99855], [-121.8842, 37.99844]]}}, {"type": "Feature", "properties": {"hw": "residential"}, "geometry": {"type": "LineString", "coordinates": [[-121.98191, 38.03167], [-121.98189, 38.031], [-121.98005, 38.03106], [-121.97991, 38.03107]]}}, {"type": "Feature", "properties": {"hw": "residential"}, "geometry": {"type": "LineString", "coordinates": [[-121.83106, 37.98321], [-121.83108, 37.98309], [-121.83109, 37.98265], [-121.83103, 37.98241], [-121.83098, 37.98231], [-121.83073, 37.98193], [-121.83036, 37.98128], [-121.83022, 37.98104], [-121.82996, 37.98063], [-121.82988, 37.9805], [-121.82985, 37.98043], [-121.82983, 37.98035], [-121.82982, 37.98028], [-121.82982, 37.9802], [-121.82983, 37.98011], [-121.82987, 37.98002], [-121.82991, 37.97994], [-121.82996, 37.97985], [-121.83011, 37.97973], [-121.83018, 37.97968], [-121.83026, 37.97964], [-121.83061, 37.97952], [-121.83139, 37.97924], [-121.83222, 37.97894], [-121.83229, 37.9789], [-121.83266, 37.97877], [-121.8327, 37.97875], [-121.83307, 37.97861], [-121.83384, 37.97834], [-121.83391, 37.97832], [-121.8341, 37.97828], [-121.83437, 37.97824], [-121.83459, 37.97822], [-121.83482, 37.97823], [-121.83487, 37.97823], [-121.83508, 37.97826], [-121.83516, 37.97827], [-121.8356, 37.97839], [-121.83607, 37.97849], [-121.83716, 37.97855], [-121.83802, 37.97861], [-121.8382, 37.97863], [-121.83844, 37.97867], [-121.83867, 37.97878], [-121.83884, 37.979], [-121.83896, 37.97932], [-121.83921, 37.97999], [-121.83934, 37.98038], [-121.83949, 37.98079], [-121.83953, 37.98091], [-121.83954, 37.98102], [-121.83954, 37.98114], [-121.83954, 37.98126], [-121.83951, 37.98143], [-121.8394, 37.98165], [-121.83926, 37.982], [-121.83917, 37.98233], [-121.83915, 37.98261], [-121.83915, 37.98317]]}}, {"type": "Feature", "properties": {"hw": "residential"}, "geometry": {"type": "LineString", "coordinates": [[-121.90153, 38.01015], [-121.90106, 38.01021], [-121.90081, 38.0102], [-121.90058, 38.0101]]}}, {"type": "Feature", "properties": {"hw": "residential"}, "geometry": {"type": "LineString", "coordinates": [[-121.93112, 38.02725], [-121.93232, 38.02726], [-121.93242, 38.02734], [-121.93241, 38.02794], [-121.93237, 38.0295], [-121.93234, 38.02969], [-121.93221, 38.02983], [-121.9319, 38.03], [-121.93158, 38.03015], [-121.9312, 38.03018], [-121.9306, 38.03003], [-121.93048, 38.02995], [-121.93042, 38.02987]]}}, {"type": "Feature", "properties": {"hw": "residential"}, "geometry": {"type": "LineString", "coordinates": [[-121.87602, 38.02411], [-121.87417, 38.0236], [-121.87324, 38.02334], [-121.87233, 38.02309], [-121.87185, 38.02295]]}}, {"type": "Feature", "properties": {"hw": "tertiary"}, "geometry": {"type": "LineString", "coordinates": [[-121.87966, 38.03254], [-121.87984, 38.03268], [-121.87992, 38.0327], [-121.8802, 38.0328], [-121.88074, 38.03293], [-121.88078, 38.03294], [-121.8822, 38.03328]]}}, {"type": "Feature", "properties": {"hw": "residential"}, "geometry": {"type": "LineString", "coordinates": [[-121.88749, 38.0343], [-121.88754, 38.03406], [-121.8876, 38.03382], [-121.88765, 38.03364], [-121.88777, 38.0333]]}}, {"type": "Feature", "properties": {"hw": "residential"}, "geometry": {"type": "LineString", "coordinates": [[-121.8803, 38.00552], [-121.8803, 38.0056], [-121.87992, 38.00652], [-121.87974, 38.00695]]}}, {"type": "Feature", "properties": {"hw": "residential"}, "geometry": {"type": "LineString", "coordinates": [[-121.83275, 37.98603], [-121.8338, 37.98505], [-121.83435, 37.98449], [-121.83469, 37.98437], [-121.83515, 37.98434], [-121.8357, 37.98427], [-121.83656, 37.98416], [-121.83766, 37.9837], [-121.83844, 37.98368]]}}, {"type": "Feature", "properties": {"hw": "residential"}, "geometry": {"type": "LineString", "coordinates": [[-121.9542, 38.03065], [-121.95471, 38.03025], [-121.95473, 38.03013], [-121.9547, 38.03006], [-121.95452, 38.02991], [-121.95441, 38.02982]]}}, {"type": "Feature", "properties": {"hw": "residential"}, "geometry": {"type": "LineString", "coordinates": [[-121.8688, 38.00188], [-121.86865, 38.00166], [-121.86843, 38.00148], [-121.86814, 38.00139], [-121.86775, 38.0013]]}}, {"type": "Feature", "properties": {"hw": "tertiary"}, "geometry": {"type": "LineString", "coordinates": [[-121.97883, 38.04124], [-121.97883, 38.04118], [-121.97883, 38.04117], [-121.97883, 38.04028], [-121.97883, 38.0389], [-121.97882, 38.03842], [-121.97882, 38.03813], [-121.97882, 38.03787], [-121.97882, 38.03729], [-121.97879, 38.03647], [-121.97879, 38.03612], [-121.9788, 38.03538], [-121.9788, 38.03505], [-121.9788, 38.03438], [-121.9788, 38.03396]]}}, {"type": "Feature", "properties": {"hw": "tertiary"}, "geometry": {"type": "LineString", "coordinates": [[-121.9788, 38.03396], [-121.97886, 38.03379], [-121.97886, 38.03378], [-121.97891, 38.03368], [-121.97895, 38.03361]]}}, {"type": "Feature", "properties": {"hw": "residential"}, "geometry": {"type": "LineString", "coordinates": [[-121.83688, 37.99332], [-121.83671, 37.99342], [-121.83652, 37.99375]]}}, {"type": "Feature", "properties": {"hw": "residential"}, "geometry": {"type": "LineString", "coordinates": [[-121.9413, 38.02324], [-121.94077, 38.02325]]}}, {"type": "Feature", "properties": {"hw": "residential"}, "geometry": {"type": "LineString", "coordinates": [[-121.87829, 38.00741], [-121.8782, 38.00763], [-121.87817, 38.00769], [-121.87812, 38.00773], [-121.87808, 38.00777], [-121.87803, 38.0078], [-121.87798, 38.00783], [-121.8779, 38.00786], [-121.87722, 38.0081], [-121.87714, 38.00813], [-121.87708, 38.00816], [-121.87702, 38.00821], [-121.87698, 38.00826], [-121.87694, 38.00832], [-121.87693, 38.00838], [-121.87693, 38.00845], [-121.87694, 38.00852], [-121.87695, 38.00862], [-121.87696, 38.00865], [-121.87695, 38.00868], [-121.87693, 38.0087], [-121.87692, 38.00872], [-121.87689, 38.00874], [-121.87685, 38.00876], [-121.87649, 38.00879]]}}, {"type": "Feature", "properties": {"hw": "residential"}, "geometry": {"type": "LineString", "coordinates": [[-121.87375, 37.99539], [-121.8735, 37.99545], [-121.87325, 37.99549], [-121.87163, 37.99549], [-121.87076, 37.99549]]}}, {"type": "Feature", "properties": {"hw": "residential"}, "geometry": {"type": "LineString", "coordinates": [[-121.91556, 38.0228], [-121.91494, 38.0228], [-121.91457, 38.02281], [-121.91409, 38.02281], [-121.9135, 38.02281], [-121.91282, 38.02281]]}}, {"type": "Feature", "properties": {"hw": "residential"}, "geometry": {"type": "LineString", "coordinates": [[-121.88, 38.02101], [-121.87907, 38.0207], [-121.87831, 38.02044], [-121.87748, 38.02017], [-121.87711, 38.02004], [-121.87665, 38.01989], [-121.87583, 38.0196], [-121.8742, 38.01905], [-121.87321, 38.01873], [-121.8723, 38.01842], [-121.87086, 38.01794], [-121.87036, 38.01777], [-121.87024, 38.01773], [-121.87013, 38.01763]]}}, {"type": "Feature", "properties": {"hw": "residential"}, "geometry": {"type": "LineString", "coordinates": [[-121.89309, 38.0069], [-121.89321, 38.00686], [-121.89333, 38.00682], [-121.8935, 38.00687], [-121.89368, 38.00692], [-121.89406, 38.00702], [-121.89427, 38.00707], [-121.89487, 38.00724], [-121.89513, 38.00731], [-121.89632, 38.00763], [-121.8965, 38.00768], [-121.89689, 38.00779], [-121.89745, 38.00794], [-121.89755, 38.00797], [-121.89813, 38.00813], [-121.89829, 38.00817], [-121.89841, 38.00821], [-121.89867, 38.00828], [-121.89909, 38.0084], [-121.89918, 38.00843]]}}, {"type": "Feature", "properties": {"hw": "residential"}, "geometry": {"type": "LineString", "coordinates": [[-121.87556, 38.01071], [-121.87539, 38.01114], [-121.87535, 38.01125], [-121.87514, 38.01179]]}}, {"type": "Feature", "properties": {"hw": "residential"}, "geometry": {"type": "LineString", "coordinates": [[-121.93685, 38.01673], [-121.93722, 38.01635], [-121.93728, 38.0162], [-121.93728, 38.01605]]}}, {"type": "Feature", "properties": {"hw": "residential"}, "geometry": {"type": "LineString", "coordinates": [[-122.00693, 37.98359], [-122.00493, 37.98521]]}}, {"type": "Feature", "properties": {"hw": "residential"}, "geometry": {"type": "LineString", "coordinates": [[-121.91313, 38.02538], [-121.90967, 38.02503]]}}, {"type": "Feature", "properties": {"hw": "residential"}, "geometry": {"type": "LineString", "coordinates": [[-121.91042, 38.01801], [-121.91402, 38.01856], [-121.91391, 38.01901], [-121.91386, 38.01938]]}}, {"type": "Feature", "properties": {"hw": "residential"}, "geometry": {"type": "LineString", "coordinates": [[-121.87822, 37.99753], [-121.87854, 37.99741]]}}, {"type": "Feature", "properties": {"hw": "residential"}, "geometry": {"type": "LineString", "coordinates": [[-122.00231, 37.98309], [-122.00162, 37.98368]]}}, {"type": "Feature", "properties": {"hw": "residential"}, "geometry": {"type": "LineString", "coordinates": [[-121.93939, 38.02498], [-121.93886, 38.02498]]}}, {"type": "Feature", "properties": {"hw": "residential"}, "geometry": {"type": "LineString", "coordinates": [[-121.8941, 38.00465], [-121.89397, 38.00462], [-121.89363, 38.00454], [-121.89356, 38.00452], [-121.89197, 38.00409], [-121.89133, 38.00374], [-121.89099, 38.00355], [-121.89029, 38.00306], [-121.88965, 38.00255], [-121.88913, 38.00203], [-121.88853, 38.00144], [-121.88833, 38.00124]]}}, {"type": "Feature", "properties": {"hw": "residential"}, "geometry": {"type": "LineString", "coordinates": [[-121.93425, 38.01502], [-121.93524, 38.015], [-121.93567, 38.01495], [-121.93632, 38.01492], [-121.93703, 38.01491], [-121.93724, 38.01488], [-121.93829, 38.01475]]}}, {"type": "Feature", "properties": {"hw": "residential"}, "geometry": {"type": "LineString", "coordinates": [[-121.89655, 38.025], [-121.89658, 38.0249], [-121.89739, 38.02281], [-121.89857, 38.01971]]}}, {"type": "Feature", "properties": {"hw": "residential"}, "geometry": {"type": "LineString", "coordinates": [[-121.87917, 38.03436], [-121.87931, 38.03441], [-121.87944, 38.03445], [-121.87958, 38.03447], [-121.87978, 38.03451], [-121.88, 38.03458], [-121.88019, 38.03465], [-121.8803, 38.03471], [-121.88045, 38.03474], [-121.88054, 38.03475], [-121.88067, 38.03474], [-121.88072, 38.03472], [-121.88074, 38.03468], [-121.88074, 38.03464], [-121.88072, 38.03458], [-121.88071, 38.03451], [-121.88071, 38.03444], [-121.88075, 38.03405]]}}, {"type": "Feature", "properties": {"hw": "residential"}, "geometry": {"type": "LineString", "coordinates": [[-121.93649, 38.01297], [-121.93718, 38.01336], [-121.93787, 38.01373]]}}, {"type": "Feature", "properties": {"hw": "residential"}, "geometry": {"type": "LineString", "coordinates": [[-121.93065, 38.02801], [-121.9302, 38.02796], [-121.93001, 38.02794], [-121.92966, 38.02794], [-121.9291, 38.02794], [-121.92862, 38.02793], [-121.92819, 38.02785]]}}, {"type": "Feature", "properties": {"hw": "residential"}, "geometry": {"type": "LineString", "coordinates": [[-121.88887, 37.99799], [-121.88886, 37.99784], [-121.88884, 37.99745], [-121.88873, 37.99567], [-121.88873, 37.9952], [-121.8887, 37.99455], [-121.88866, 37.99433], [-121.88854, 37.99405], [-121.88839, 37.99385], [-121.88833, 37.99379]]}}, {"type": "Feature", "properties": {"hw": "residential"}, "geometry": {"type": "LineString", "coordinates": [[-122.00115, 37.98567], [-122.00107, 37.98595]]}}, {"type": "Feature", "properties": {"hw": "residential"}, "geometry": {"type": "LineString", "coordinates": [[-121.87455, 37.99125], [-121.87441, 37.99082]]}}, {"type": "Feature", "properties": {"hw": "residential"}, "geometry": {"type": "LineString", "coordinates": [[-122.0004, 37.98067], [-122.00107, 37.98116], [-122.00237, 37.98214], [-122.00291, 37.98257], [-122.00353, 37.983], [-122.00431, 37.98356], [-122.00454, 37.98366], [-122.00508, 37.98409]]}}, {"type": "Feature", "properties": {"hw": "residential"}, "geometry": {"type": "LineString", "coordinates": [[-121.95663, 38.02901], [-121.95742, 38.02963]]}}, {"type": "Feature", "properties": {"hw": "residential"}, "geometry": {"type": "LineString", "coordinates": [[-121.92173, 38.02252], [-121.92152, 38.02216], [-121.92125, 38.02184], [-121.92115, 38.0217], [-121.9211, 38.02146], [-121.92116, 38.02125], [-121.92129, 38.02107], [-121.92149, 38.0209], [-121.92172, 38.02082], [-121.92332, 38.02061], [-121.92363, 38.02052], [-121.92415, 38.02021], [-121.92439, 38.02016]]}}, {"type": "Feature", "properties": {"hw": "residential"}, "geometry": {"type": "LineString", "coordinates": [[-121.93813, 38.02212], [-121.93831, 38.02204], [-121.93849, 38.02202], [-121.9387, 38.02203], [-121.93978, 38.02228], [-121.94081, 38.02252], [-121.94104, 38.0226], [-121.94114, 38.02269], [-121.94124, 38.02281], [-121.94129, 38.02294], [-121.9413, 38.02324], [-121.94132, 38.02447], [-121.94132, 38.02495], [-121.94126, 38.02517], [-121.94115, 38.02538], [-121.94099, 38.02554], [-121.94077, 38.02574], [-121.94042, 38.02592], [-121.94011, 38.026], [-121.93974, 38.02605]]}}, {"type": "Feature", "properties": {"hw": "residential"}, "geometry": {"type": "LineString", "coordinates": [[-121.93791, 38.02346], [-121.93785, 38.02334], [-121.93783, 38.02254], [-121.93789, 38.02237], [-121.93797, 38.02224], [-121.93813, 38.02212]]}}, {"type": "Feature", "properties": {"hw": "residential"}, "geometry": {"type": "LineString", "coordinates": [[-121.87807, 38.00459], [-121.87798, 38.00461], [-121.8779, 38.00466], [-121.87743, 38.00591], [-121.87722, 38.00641]]}}, {"type": "Feature", "properties": {"hw": "residential"}, "geometry": {"type": "LineString", "coordinates": [[-121.96601, 38.0246], [-121.96625, 38.0251], [-121.96653, 38.02563], [-121.96676, 38.02583], [-121.96718, 38.02619], [-121.96729, 38.02631], [-121.96736, 38.02649], [-121.96739, 38.02674], [-121.96743, 38.02697], [-121.96759, 38.02746], [-121.96761, 38.02765], [-121.96759, 38.02778]]}}, {"type": "Feature", "properties": {"hw": "residential"}, "geometry": {"type": "LineString", "coordinates": [[-121.98809, 37.98137], [-121.98823, 37.98141], [-121.98932, 37.98161], [-121.98956, 37.98166], [-121.98971, 37.98171], [-121.98981, 37.98177], [-121.99007, 37.98197], [-121.99073, 37.98244], [-121.99143, 37.98296], [-121.99208, 37.98346], [-121.99271, 37.98397], [-121.99341, 37.98446], [-121.99385, 37.98477], [-121.99404, 37.9849], [-121.99405, 37.9849], [-121.99432, 37.98495], [-121.99437, 37.98496], [-121.99487, 37.98506], [-121.99521, 37.98514], [-121.99543, 37.98528], [-121.9955, 37.98532], [-121.99577, 37.98549], [-121.9965, 37.98592], [-121.99692, 37.98619], [-121.9976, 37.98662], [-121.99767, 37.98666], [-121.99795, 37.98683], [-121.99871, 37.98729], [-121.99912, 37.98754], [-121.99956, 37.9878], [-122.00004, 37.98811], [-122.00059, 37.98845], [-122.00111, 37.98882], [-122.00178, 37.98929], [-122.00203, 37.98953], [-122.00238, 37.98996], [-122.00252, 37.99009], [-122.00272, 37.99022], [-122.00313, 37.99047], [-122.0034, 37.99064], [-122.00348, 37.99068], [-122.00355, 37.99072], [-122.00378, 37.99087], [-122.00401, 37.99105], [-122.00403, 37.99107], [-122.0043, 37.99127]]}}, {"type": "Feature", "properties": {"hw": "residential"}, "geometry": {"type": "LineString", "coordinates": [[-121.9234, 38.02511], [-121.9227, 38.02538], [-121.92242, 38.02547], [-121.92222, 38.02548]]}}, {"type": "Feature", "properties": {"hw": "residential"}, "geometry": {"type": "LineString", "coordinates": [[-121.88554, 38.03069], [-121.88752, 38.03117], [-121.88793, 38.03127], [-121.88802, 38.03129], [-121.88812, 38.03131], [-121.88853, 38.03141], [-121.89045, 38.03187], [-121.89053, 38.03189]]}}, {"type": "Feature", "properties": {"hw": "residential"}, "geometry": {"type": "LineString", "coordinates": [[-121.86649, 38.00216], [-121.86567, 38.00197], [-121.86551, 38.00196], [-121.86501, 38.00208], [-121.86458, 38.00219], [-121.8642, 38.00219], [-121.86189, 38.00165], [-121.86177, 38.00158], [-121.8613, 38.00112], [-121.86043, 38.00032], [-121.85999, 37.99987], [-121.85989, 37.99978], [-121.85983, 37.99967], [-121.85979, 37.99959], [-121.85976, 37.99934], [-121.85977, 37.99887]]}}, {"type": "Feature", "properties": {"hw": "residential"}, "geometry": {"type": "LineString", "coordinates": [[-121.89334, 37.994], [-121.89334, 37.99395], [-121.89333, 37.99369], [-121.89333, 37.99335], [-121.89323, 37.99299], [-121.89324, 37.99278], [-121.89336, 37.99243], [-121.89364, 37.99185], [-121.89369, 37.99176], [-121.89381, 37.99156], [-121.89426, 37.99096]]}}, {"type": "Feature", "properties": {"hw": "residential"}, "geometry": {"type": "LineString", "coordinates": [[-121.9989, 37.98522], [-121.99842, 37.98535]]}}, {"type": "Feature", "properties": {"hw": "residential"}, "geometry": {"type": "LineString", "coordinates": [[-121.89113, 38.00567], [-121.89123, 38.0054]]}}, {"type": "Feature", "properties": {"hw": "residential"}, "geometry": {"type": "LineString", "coordinates": [[-121.95164, 38.03208], [-121.95251, 38.03208], [-121.95302, 38.03208], [-121.9532, 38.03203], [-121.95336, 38.03196], [-121.95461, 38.03099]]}}, {"type": "Feature", "properties": {"hw": "residential"}, "geometry": {"type": "LineString", "coordinates": [[-121.96987, 38.03899], [-121.9699, 38.03887], [-121.96994, 38.03869], [-121.96993, 38.03621]]}}, {"type": "Feature", "properties": {"hw": "residential"}, "geometry": {"type": "LineString", "coordinates": [[-121.88493, 38.03234], [-121.88435, 38.0322], [-121.88391, 38.03209], [-121.88389, 38.03209], [-121.88377, 38.03209]]}}, {"type": "Feature", "properties": {"hw": "residential"}, "geometry": {"type": "LineString", "coordinates": [[-121.90342, 38.00191], [-121.90396, 38.00204]]}}, {"type": "Feature", "properties": {"hw": "residential"}, "geometry": {"type": "LineString", "coordinates": [[-121.8819, 38.01763], [-121.88204, 38.01766]]}}, {"type": "Feature", "properties": {"hw": "residential"}, "geometry": {"type": "LineString", "coordinates": [[-121.88801, 38.03782], [-121.88851, 38.03793], [-121.88923, 38.03813], [-121.88929, 38.03818], [-121.88932, 38.03824], [-121.88932, 38.0383], [-121.88932, 38.03836], [-121.88935, 38.03844], [-121.88941, 38.03851], [-121.8895, 38.03856], [-121.88961, 38.03861], [-121.88968, 38.03864], [-121.88972, 38.03868], [-121.88975, 38.03873], [-121.88977, 38.03877], [-121.88978, 38.03886], [-121.88976, 38.03893], [-121.88966, 38.03928], [-121.88913, 38.04073]]}}, {"type": "Feature", "properties": {"hw": "residential"}, "geometry": {"type": "LineString", "coordinates": [[-121.87984, 37.99296], [-121.88007, 37.99283], [-121.88027, 37.99261], [-121.88043, 37.99229], [-121.88075, 37.99174], [-121.88092, 37.99157], [-121.88112, 37.9915], [-121.88159, 37.99145], [-121.88209, 37.99146], [-121.88272, 37.99143], [-121.88304, 37.99144], [-121.88331, 37.99154], [-121.88342, 37.99161], [-121.88357, 37.99174], [-121.88375, 37.99196]]}}, {"type": "Feature", "properties": {"hw": "residential"}, "geometry": {"type": "LineString", "coordinates": [[-121.92329, 38.02194], [-121.92309, 38.02158], [-121.92305, 38.02149], [-121.92305, 38.02141]]}}, {"type": "Feature", "properties": {"hw": "residential"}, "geometry": {"type": "LineString", "coordinates": [[-121.91317, 38.02469], [-121.91231, 38.02458], [-121.91145, 38.02449], [-121.91087, 38.02444], [-121.91029, 38.0244], [-121.90977, 38.02435], [-121.90925, 38.0243]]}}, {"type": "Feature", "properties": {"hw": "residential"}, "geometry": {"type": "LineString", "coordinates": [[-121.92907, 38.01499], [-121.92912, 38.01456], [-121.92912, 38.01401], [-121.92911, 38.01369], [-121.92921, 38.01345], [-121.93014, 38.01191], [-121.9303, 38.01156], [-121.93047, 38.011], [-121.93085, 38.00998], [-121.93105, 38.0097]]}}, {"type": "Feature", "properties": {"hw": "residential"}, "geometry": {"type": "LineString", "coordinates": [[-121.93296, 38.02565], [-121.93392, 38.02563]]}}, {"type": "Feature", "properties": {"hw": "residential"}, "geometry": {"type": "LineString", "coordinates": [[-121.96175, 38.02677], [-121.96221, 38.02677], [-121.96224, 38.02677], [-121.96291, 38.02678], [-121.96318, 38.0268], [-121.96344, 38.02682], [-121.96366, 38.02682], [-121.96389, 38.02682], [-121.964, 38.02678], [-121.96405, 38.02676], [-121.9642, 38.02666], [-121.96426, 38.02644], [-121.96431, 38.02623], [-121.96448, 38.02564], [-121.96449, 38.02561]]}}, {"type": "Feature", "properties": {"hw": "residential"}, "geometry": {"type": "LineString", "coordinates": [[-121.83714, 37.99126], [-121.83672, 37.99079], [-121.83669, 37.99026]]}}, {"type": "Feature", "properties": {"hw": "residential"}, "geometry": {"type": "LineString", "coordinates": [[-121.91231, 38.02458], [-121.91232, 38.02372], [-121.91237, 38.02359]]}}, {"type": "Feature", "properties": {"hw": "residential"}, "geometry": {"type": "LineString", "coordinates": [[-121.91201, 38.01426], [-121.91278, 38.01503], [-121.91299, 38.01522], [-121.91329, 38.01543], [-121.91355, 38.01553], [-121.9137, 38.01558], [-121.9139, 38.01566], [-121.91425, 38.01574], [-121.91443, 38.01578], [-121.91602, 38.01617], [-121.91614, 38.0162], [-121.91666, 38.01635], [-121.91696, 38.01647], [-121.9172, 38.01658], [-121.91729, 38.01664], [-121.91749, 38.01679], [-121.91777, 38.01706], [-121.91796, 38.0173], [-121.91808, 38.01757], [-121.91815, 38.01798]]}}, {"type": "Feature", "properties": {"hw": "tertiary"}, "geometry": {"type": "LineString", "coordinates": [[-121.9181, 38.02595], [-121.91811, 38.0251], [-121.91812, 38.02452], [-121.91812, 38.02445], [-121.91813, 38.02324]]}}, {"type": "Feature", "properties": {"hw": "residential"}, "geometry": {"type": "LineString", "coordinates": [[-121.85015, 38.00647], [-121.85019, 38.00614], [-121.85039, 38.00582], [-121.85087, 38.00537]]}}, {"type": "Feature", "properties": {"hw": "residential"}, "geometry": {"type": "LineString", "coordinates": [[-121.97333, 38.0389], [-121.97251, 38.03874], [-121.97182, 38.0386], [-121.97167, 38.0385], [-121.97167, 38.03618]]}}, {"type": "Feature", "properties": {"hw": "residential"}, "geometry": {"type": "LineString", "coordinates": [[-121.95947, 38.02927], [-121.95946, 38.02963]]}}, {"type": "Feature", "properties": {"hw": "residential"}, "geometry": {"type": "LineString", "coordinates": [[-121.88728, 38.0261], [-121.88751, 38.02548]]}}, {"type": "Feature", "properties": {"hw": "residential"}, "geometry": {"type": "LineString", "coordinates": [[-121.88833, 37.99379], [-121.8888, 37.99354], [-121.88897, 37.99347], [-121.88914, 37.99341], [-121.88926, 37.99338], [-121.88943, 37.99336], [-121.89041, 37.99321], [-121.89096, 37.99328], [-121.89149, 37.99339], [-121.89167, 37.99337]]}}, {"type": "Feature", "properties": {"hw": "residential"}, "geometry": {"type": "LineString", "coordinates": [[-121.89566, 38.00651], [-121.89596, 38.00576], [-121.89611, 38.00565], [-121.89638, 38.00562], [-121.89703, 38.00563], [-121.89792, 38.00563]]}}, {"type": "Feature", "properties": {"hw": "residential"}, "geometry": {"type": "LineString", "coordinates": [[-121.90273, 38.01697], [-121.90204, 38.017], [-121.90177, 38.01768], [-121.90132, 38.01875], [-121.90127, 38.01908], [-121.90134, 38.01924]]}}, {"type": "Feature", "properties": {"hw": "residential"}, "geometry": {"type": "LineString", "coordinates": [[-121.92264, 38.01294], [-121.92274, 38.01325]]}}, {"type": "Feature", "properties": {"hw": "residential"}, "geometry": {"type": "LineString", "coordinates": [[-121.97219, 38.0336], [-121.97207, 38.03363], [-121.97119, 38.03363], [-121.97093, 38.03347]]}}, {"type": "Feature", "properties": {"hw": "residential"}, "geometry": {"type": "LineString", "coordinates": [[-121.97093, 38.03347], [-121.97074, 38.03323], [-121.97043, 38.03294], [-121.97019, 38.03243], [-121.97009, 38.0322], [-121.97003, 38.03189], [-121.97002, 38.03157], [-121.97002, 38.03147], [-121.97004, 38.0314], [-121.97011, 38.03133]]}}, {"type": "Feature", "properties": {"hw": "residential"}, "geometry": {"type": "LineString", "coordinates": [[-121.975, 38.03069], [-121.97502, 38.03064], [-121.97503, 38.03057], [-121.97496, 38.03038], [-121.97492, 38.03025], [-121.9749, 38.03022], [-121.97487, 38.03019], [-121.97478, 38.03013], [-121.97468, 38.03008], [-121.97462, 38.03008], [-121.9744, 38.03008], [-121.97432, 38.0301], [-121.97424, 38.03013], [-121.97415, 38.03026]]}}, {"type": "Feature", "properties": {"hw": "residential"}, "geometry": {"type": "LineString", "coordinates": [[-121.90127, 38.00711], [-121.90132, 38.00694], [-121.90132, 38.00579], [-121.9013, 38.00568]]}}, {"type": "Feature", "properties": {"hw": "residential"}, "geometry": {"type": "LineString", "coordinates": [[-122.00188, 37.98752], [-122.00136, 37.98804]]}}, {"type": "Feature", "properties": {"hw": "residential"}, "geometry": {"type": "LineString", "coordinates": [[-121.95389, 38.00814], [-121.95408, 38.00786], [-121.95416, 38.00748], [-121.95418, 38.00716]]}}, {"type": "Feature", "properties": {"hw": "residential"}, "geometry": {"type": "LineString", "coordinates": [[-121.91466, 38.02555], [-121.91555, 38.02554]]}}, {"type": "Feature", "properties": {"hw": "residential"}, "geometry": {"type": "LineString", "coordinates": [[-121.90127, 38.00313], [-121.90283, 38.00349], [-121.90301, 38.00351], [-121.90403, 38.00374]]}}, {"type": "Feature", "properties": {"hw": "residential"}, "geometry": {"type": "LineString", "coordinates": [[-121.90319, 38.00739], [-121.90314, 38.00565]]}}, {"type": "Feature", "properties": {"hw": "residential"}, "geometry": {"type": "LineString", "coordinates": [[-121.92998, 38.01948], [-121.93, 38.01984], [-121.93002, 38.01997], [-121.93004, 38.02006], [-121.93005, 38.02008], [-121.93011, 38.02017], [-121.93016, 38.02024], [-121.93019, 38.02033], [-121.9302, 38.02045]]}}, {"type": "Feature", "properties": {"hw": "residential"}, "geometry": {"type": "LineString", "coordinates": [[-121.83988, 37.99669], [-121.84049, 37.99654]]}}, {"type": "Feature", "properties": {"hw": "residential"}, "geometry": {"type": "LineString", "coordinates": [[-121.89675, 38.01844], [-121.89798, 38.01531]]}}, {"type": "Feature", "properties": {"hw": "residential"}, "geometry": {"type": "LineString", "coordinates": [[-121.88192, 37.99738], [-121.88189, 37.99708]]}}, {"type": "Feature", "properties": {"hw": "residential"}, "geometry": {"type": "LineString", "coordinates": [[-121.8882, 38.03454], [-121.88836, 38.03437], [-121.88845, 38.03425], [-121.8885, 38.03415], [-121.88852, 38.03406], [-121.88852, 38.03395], [-121.88852, 38.03383], [-121.88852, 38.0337], [-121.88858, 38.0335], [-121.88869, 38.03309], [-121.88871, 38.03301]]}}, {"type": "Feature", "properties": {"hw": "residential"}, "geometry": {"type": "LineString", "coordinates": [[-121.90147, 37.99934], [-121.90151, 37.99995], [-121.90157, 38.00013], [-121.90167, 38.00025], [-121.90206, 38.00059], [-121.90214, 38.00075], [-121.90214, 38.00091], [-121.90208, 38.00105], [-121.90174, 38.00148]]}}, {"type": "Feature", "properties": {"hw": "residential"}, "geometry": {"type": "LineString", "coordinates": [[-121.88486, 38.02261], [-121.88506, 38.0221], [-121.88527, 38.02154], [-121.88548, 38.02102], [-121.88551, 38.02093]]}}, {"type": "Feature", "properties": {"hw": "residential"}, "geometry": {"type": "LineString", "coordinates": [[-121.99951, 37.98448], [-121.99991, 37.98438], [-122.00014, 37.98443], [-122.00033, 37.98451], [-122.00047, 37.98462], [-122.00056, 37.98476], [-122.001, 37.98559], [-122.00115, 37.98567]]}}, {"type": "Feature", "properties": {"hw": "residential"}, "geometry": {"type": "LineString", "coordinates": [[-121.93617, 38.02464], [-121.93617, 38.02403], [-121.93614, 38.02077], [-121.93614, 38.01988]]}}, {"type": "Feature", "properties": {"hw": "residential"}, "geometry": {"type": "LineString", "coordinates": [[-121.83386, 37.9972], [-121.83391, 37.99721], [-121.834, 37.99722], [-121.83469, 37.99723], [-121.83558, 37.99723], [-121.83594, 37.99722], [-121.83611, 37.9972], [-121.83629, 37.99716], [-121.83643, 37.99712], [-121.83655, 37.99707], [-121.83673, 37.99697], [-121.83707, 37.99679], [-121.8375, 37.9966], [-121.8377, 37.99653], [-121.83777, 37.99651], [-121.83787, 37.9965], [-121.838, 37.9965], [-121.83828, 37.99655]]}}, {"type": "Feature", "properties": {"hw": "residential"}, "geometry": {"type": "LineString", "coordinates": [[-121.92916, 38.02105], [-121.92991, 38.02103]]}}, {"type": "Feature", "properties": {"hw": "residential"}, "geometry": {"type": "LineString", "coordinates": [[-121.89682, 38.01075], [-121.89711, 38.01001], [-121.89743, 38.00924]]}}, {"type": "Feature", "properties": {"hw": "residential"}, "geometry": {"type": "LineString", "coordinates": [[-121.87748, 37.99337], [-121.87656, 37.99339], [-121.87577, 37.99356], [-121.87497, 37.99374], [-121.87403, 37.99396], [-121.87315, 37.99427]]}}, {"type": "Feature", "properties": {"hw": "residential"}, "geometry": {"type": "LineString", "coordinates": [[-121.96295, 38.03345], [-121.96325, 38.03345], [-121.96381, 38.03299], [-121.9639, 38.03285]]}}, {"type": "Feature", "properties": {"hw": "residential"}, "geometry": {"type": "LineString", "coordinates": [[-121.8683, 37.99907], [-121.86809, 37.99912], [-121.86787, 37.99909], [-121.86759, 37.999], [-121.86744, 37.99893], [-121.86723, 37.99893], [-121.86705, 37.99898], [-121.86689, 37.99907], [-121.8667, 37.99923], [-121.86659, 37.99935], [-121.86651, 37.99944], [-121.86643, 37.99955], [-121.86632, 37.99964], [-121.86616, 37.99974], [-121.86511, 38.00007], [-121.8637, 38.00049], [-121.86342, 38.00063], [-121.86298, 38.00093], [-121.86189, 38.00165], [-121.86151, 38.00195], [-121.86138, 38.00221]]}}, {"type": "Feature", "properties": {"hw": "residential"}, "geometry": {"type": "LineString", "coordinates": [[-121.8819, 38.01763], [-121.88154, 38.01752], [-121.8815, 38.01751], [-121.88133, 38.01746], [-121.88119, 38.01739], [-121.88091, 38.01732], [-121.88068, 38.01726], [-121.8806, 38.01725]]}}, {"type": "Feature", "properties": {"hw": "residential"}, "geometry": {"type": "LineString", "coordinates": [[-121.95312, 38.01447], [-121.95215, 38.01431], [-121.94971, 38.01392], [-121.94903, 38.01378]]}}, {"type": "Feature", "properties": {"hw": "residential"}, "geometry": {"type": "LineString", "coordinates": [[-121.93571, 38.02607], [-121.93503, 38.02607]]}}, {"type": "Feature", "properties": {"hw": "residential"}, "geometry": {"type": "LineString", "coordinates": [[-121.88751, 38.02548], [-121.88785, 38.02459]]}}, {"type": "Feature", "properties": {"hw": "residential"}, "geometry": {"type": "LineString", "coordinates": [[-122.00783, 37.98201], [-122.00773, 37.98206], [-122.00711, 37.98259], [-122.00645, 37.98312], [-122.00636, 37.98315], [-122.00626, 37.98319], [-122.00508, 37.98409], [-122.00426, 37.98474], [-122.00391, 37.98501], [-122.0037, 37.98517], [-122.00342, 37.98523], [-122.0032, 37.98529], [-122.00287, 37.98552], [-122.0017, 37.98654], [-122.00116, 37.98709], [-122.00074, 37.98753], [-122.00035, 37.98782], [-122.00004, 37.98811]]}}, {"type": "Feature", "properties": {"hw": "residential"}, "geometry": {"type": "LineString", "coordinates": [[-121.88646, 38.03396], [-121.88656, 38.03393], [-121.88663, 38.03388], [-121.88671, 38.0338], [-121.88677, 38.03369], [-121.88697, 38.03311]]}}, {"type": "Feature", "properties": {"hw": "residential"}, "geometry": {"type": "LineString", "coordinates": [[-121.90332, 38.01096], [-121.90313, 38.01209], [-121.90307, 38.01224]]}}, {"type": "Feature", "properties": {"hw": "residential"}, "geometry": {"type": "LineString", "coordinates": [[-121.9128, 38.02053], [-121.9128, 38.02075], [-121.91281, 38.02124], [-121.91281, 38.02216], [-121.91282, 38.02281], [-121.91282, 38.02304]]}}, {"type": "Feature", "properties": {"hw": "residential"}, "geometry": {"type": "LineString", "coordinates": [[-121.97251, 38.03874], [-121.97253, 38.03851], [-121.97254, 38.03617]]}}, {"type": "Feature", "properties": {"hw": "residential"}, "geometry": {"type": "LineString", "coordinates": [[-121.88228, 38.03243], [-121.88222, 38.03244], [-121.88214, 38.03243], [-121.88112, 38.0322], [-121.88092, 38.03212], [-121.88079, 38.03205], [-121.88058, 38.03189], [-121.88051, 38.03183], [-121.88041, 38.03172], [-121.88034, 38.03161], [-121.88028, 38.03149], [-121.88023, 38.03137], [-121.88022, 38.03114], [-121.88023, 38.031], [-121.88028, 38.03085], [-121.88035, 38.0307], [-121.88047, 38.03055], [-121.88061, 38.0304], [-121.88072, 38.03033], [-121.88086, 38.03024], [-121.88106, 38.03016], [-121.88119, 38.03013], [-121.88137, 38.03011]]}}, {"type": "Feature", "properties": {"hw": "residential"}, "geometry": {"type": "LineString", "coordinates": [[-121.97712, 38.03173], [-121.97732, 38.03172], [-121.97752, 38.03167], [-121.97789, 38.03148], [-121.97818, 38.0313], [-121.97825, 38.0312]]}}, {"type": "Feature", "properties": {"hw": "residential"}, "geometry": {"type": "LineString", "coordinates": [[-121.88245, 38.03088], [-121.8824, 38.03089], [-121.88231, 38.03089], [-121.88188, 38.03079], [-121.88172, 38.03074], [-121.88159, 38.03073], [-121.88147, 38.03075], [-121.88144, 38.03076], [-121.8813, 38.03083], [-121.88121, 38.03089], [-121.88116, 38.03095], [-121.88111, 38.03103], [-121.88108, 38.03112], [-121.88108, 38.03119], [-121.8811, 38.03128], [-121.88116, 38.03139], [-121.88119, 38.03143], [-121.88121, 38.03146], [-121.8813, 38.0315], [-121.88142, 38.03155], [-121.88157, 38.0316], [-121.88184, 38.03166], [-121.88243, 38.03179], [-121.88248, 38.03181], [-121.88252, 38.03187], [-121.88252, 38.03193], [-121.88233, 38.0324], [-121.88228, 38.03243]]}}, {"type": "Feature", "properties": {"hw": "residential"}, "geometry": {"type": "LineString", "coordinates": [[-121.84607, 38.00559], [-121.84635, 38.00499], [-121.84749, 38.00428], [-121.84791, 38.00324]]}}, {"type": "Feature", "properties": {"hw": "residential"}, "geometry": {"type": "LineString", "coordinates": [[-121.92605, 38.0145], [-121.9261, 38.01426], [-121.92619, 38.01396], [-121.92629, 38.01382], [-121.92659, 38.01354], [-121.92672, 38.01348], [-121.92687, 38.01346]]}}, {"type": "Feature", "properties": {"hw": "residential"}, "geometry": {"type": "LineString", "coordinates": [[-121.93724, 38.01488], [-121.9372, 38.01474], [-121.93718, 38.01464], [-121.9372, 38.01451], [-121.93726, 38.01441], [-121.93787, 38.01373], [-121.93813, 38.01349], [-121.93826, 38.01342]]}}, {"type": "Feature", "properties": {"hw": "residential"}, "geometry": {"type": "LineString", "coordinates": [[-121.93961, 38.02562], [-121.93916, 38.02574], [-121.93897, 38.02575], [-121.9381, 38.02574], [-121.93795, 38.0257], [-121.93789, 38.02559], [-121.93786, 38.02438], [-121.93794, 38.02427], [-121.93811, 38.02422], [-121.93912, 38.02422], [-121.93932, 38.02425], [-121.93949, 38.02433], [-121.93966, 38.02444]]}}, {"type": "Feature", "properties": {"hw": "residential"}, "geometry": {"type": "LineString", "coordinates": [[-121.87918, 38.00249], [-121.87864, 38.00233]]}}, {"type": "Feature", "properties": {"hw": "residential"}, "geometry": {"type": "LineString", "coordinates": [[-121.88328, 38.00931], [-121.88304, 38.00994], [-121.88303, 38.00996], [-121.88302, 38.00997], [-121.883, 38.00998], [-121.88299, 38.00999], [-121.88297, 38.00999], [-121.88295, 38.00999], [-121.88293, 38.00999], [-121.88291, 38.00998], [-121.88234, 38.00985], [-121.88232, 38.00984], [-121.8823, 38.00983], [-121.88229, 38.00982], [-121.88227, 38.00981], [-121.88226, 38.0098], [-121.88226, 38.00978], [-121.88226, 38.00977], [-121.88226, 38.00976]]}}, {"type": "Feature", "properties": {"hw": "residential"}, "geometry": {"type": "LineString", "coordinates": [[-121.90414, 38.01918], [-121.90404, 38.01864], [-121.9038, 38.0182], [-121.90326, 38.01771], [-121.90273, 38.01697], [-121.9025, 38.01628], [-121.90267, 38.01566]]}}, {"type": "Feature", "properties": {"hw": "residential"}, "geometry": {"type": "LineString", "coordinates": [[-121.88621, 38.03248], [-121.88623, 38.0324], [-121.88646, 38.03181]]}}, {"type": "Feature", "properties": {"hw": "residential"}, "geometry": {"type": "LineString", "coordinates": [[-121.93059, 38.01324], [-121.93096, 38.01338], [-121.93125, 38.01346], [-121.93152, 38.01346]]}}, {"type": "Feature", "properties": {"hw": "residential"}, "geometry": {"type": "LineString", "coordinates": [[-121.87141, 38.02532], [-121.87166, 38.02468], [-121.87169, 38.0246], [-121.87173, 38.02451], [-121.87174, 38.02447], [-121.87176, 38.02442], [-121.87178, 38.02437], [-121.8718, 38.02434], [-121.87181, 38.0243], [-121.87183, 38.02427], [-121.87184, 38.02422], [-121.87186, 38.02419], [-121.8719, 38.02406], [-121.87185, 38.02398], [-121.87082, 38.02373], [-121.86898, 38.02331]]}}, {"type": "Feature", "properties": {"hw": "residential"}, "geometry": {"type": "LineString", "coordinates": [[-121.93534, 38.01993], [-121.9354, 38.01989], [-121.93546, 38.01987], [-121.93556, 38.01987], [-121.93573, 38.01987], [-121.93614, 38.01988], [-121.93696, 38.01987]]}}, {"type": "Feature", "properties": {"hw": "residential"}, "geometry": {"type": "LineString", "coordinates": [[-121.88458, 38.01056], [-121.88461, 38.01048], [-121.88483, 38.00993]]}}, {"type": "Feature", "properties": {"hw": "residential"}, "geometry": {"type": "LineString", "coordinates": [[-121.99692, 37.98619], [-121.99626, 37.98675], [-121.99605, 37.9869]]}}, {"type": "Feature", "properties": {"hw": "residential"}, "geometry": {"type": "LineString", "coordinates": [[-121.86674, 38.00147], [-121.86608, 38.0013]]}}, {"type": "Feature", "properties": {"hw": "residential"}, "geometry": {"type": "LineString", "coordinates": [[-121.85885, 37.99959], [-121.85781, 37.9996], [-121.85767, 37.99965]]}}, {"type": "Feature", "properties": {"hw": "residential"}, "geometry": {"type": "LineString", "coordinates": [[-121.9522, 38.01059], [-121.9522, 38.01031], [-121.95209, 38.01003], [-121.95196, 38.00991]]}}, {"type": "Feature", "properties": {"hw": "residential"}, "geometry": {"type": "LineString", "coordinates": [[-121.97712, 38.03173], [-121.97681, 38.03166], [-121.97625, 38.03144], [-121.97576, 38.03119], [-121.97525, 38.03083]]}}, {"type": "Feature", "properties": {"hw": "residential"}, "geometry": {"type": "LineString", "coordinates": [[-121.89101, 38.027], [-121.89225, 38.0273]]}}, {"type": "Feature", "properties": {"hw": "residential"}, "geometry": {"type": "LineString", "coordinates": [[-121.9386, 38.02676], [-121.9386, 38.02725], [-121.93861, 38.02828], [-121.9386, 38.02971], [-121.93861, 38.03068], [-121.93861, 38.03089], [-121.93862, 38.03191], [-121.93865, 38.03201]]}}, {"type": "Feature", "properties": {"hw": "residential"}, "geometry": {"type": "LineString", "coordinates": [[-121.95646, 38.03225], [-121.95643, 38.0324], [-121.95633, 38.03257], [-121.95572, 38.03306], [-121.95526, 38.03339], [-121.955, 38.03348], [-121.95416, 38.03347], [-121.95165, 38.03346]]}}, {"type": "Feature", "properties": {"hw": "residential"}, "geometry": {"type": "LineString", "coordinates": [[-121.92216, 38.02322], [-121.92407, 38.02248], [-121.92429, 38.02231]]}}, {"type": "Feature", "properties": {"hw": "residential"}, "geometry": {"type": "LineString", "coordinates": [[-121.845, 38.00171], [-121.84512, 38.00169], [-121.84549, 38.00162], [-121.84582, 38.00156]]}}, {"type": "Feature", "properties": {"hw": "residential"}, "geometry": {"type": "LineString", "coordinates": [[-121.96676, 38.02583], [-121.96707, 38.02564]]}}, {"type": "Feature", "properties": {"hw": "residential"}, "geometry": {"type": "LineString", "coordinates": [[-121.92837, 38.02726], [-121.93016, 38.02725], [-121.93038, 38.02729]]}}, {"type": "Feature", "properties": {"hw": "residential"}, "geometry": {"type": "LineString", "coordinates": [[-121.93495, 38.02474], [-121.9353, 38.02474], [-121.93571, 38.02474], [-121.93602, 38.02472], [-121.93617, 38.02464]]}}, {"type": "Feature", "properties": {"hw": "residential"}, "geometry": {"type": "LineString", "coordinates": [[-121.95171, 38.00562], [-121.95159, 38.00559], [-121.9514, 38.00554], [-121.95112, 38.00549], [-121.95083, 38.00544], [-121.95031, 38.00535], [-121.95026, 38.00535], [-121.95001, 38.00533], [-121.94966, 38.00537], [-121.94893, 38.00546]]}}, {"type": "Feature", "properties": {"hw": "residential"}, "geometry": {"type": "LineString", "coordinates": [[-121.90604, 38.01825], [-121.90545, 38.01821], [-121.90505, 38.01804], [-121.90467, 38.01777], [-121.90431, 38.01754], [-121.90399, 38.01726], [-121.90371, 38.01693], [-121.90361, 38.01673], [-121.90357, 38.01658], [-121.90347, 38.01583]]}}, {"type": "Feature", "properties": {"hw": "residential"}, "geometry": {"type": "LineString", "coordinates": [[-121.84008, 37.99719], [-121.84023, 37.99716], [-121.84092, 37.99703]]}}, {"type": "Feature", "properties": {"hw": "residential"}, "geometry": {"type": "LineString", "coordinates": [[-121.95709, 38.02796], [-121.9571, 38.02786], [-121.9571, 38.0278], [-121.9571, 38.02738], [-121.95709, 38.02704], [-121.95628, 38.02703], [-121.95604, 38.02703], [-121.9551, 38.02702], [-121.95478, 38.02705], [-121.95476, 38.02739], [-121.95477, 38.02771], [-121.95477, 38.02778], [-121.95477, 38.02783]]}}, {"type": "Feature", "properties": {"hw": "residential"}, "geometry": {"type": "LineString", "coordinates": [[-121.96729, 38.0378], [-121.96731, 38.03403]]}}, {"type": "Feature", "properties": {"hw": "residential"}, "geometry": {"type": "LineString", "coordinates": [[-121.87336, 37.99466], [-121.87283, 37.9948], [-121.87253, 37.99477]]}}, {"type": "Feature", "properties": {"hw": "residential"}, "geometry": {"type": "LineString", "coordinates": [[-121.87601, 38.0162], [-121.87626, 38.01556], [-121.87644, 38.01508], [-121.87565, 38.01488]]}}, {"type": "Feature", "properties": {"hw": "residential"}, "geometry": {"type": "LineString", "coordinates": [[-121.91558, 38.02075], [-121.91496, 38.02075], [-121.9146, 38.02075], [-121.91452, 38.02075], [-121.91411, 38.02075], [-121.91351, 38.02074]]}}, {"type": "Feature", "properties": {"hw": "residential"}, "geometry": {"type": "LineString", "coordinates": [[-121.92433, 38.02556], [-121.92465, 38.02615], [-121.92481, 38.02625], [-121.92503, 38.02629], [-121.92547, 38.02629], [-121.92637, 38.0263]]}}, {"type": "Feature", "properties": {"hw": "residential"}, "geometry": {"type": "LineString", "coordinates": [[-121.93, 38.01504], [-121.9307, 38.01507], [-121.9312, 38.01503]]}}, {"type": "Feature", "properties": {"hw": "residential"}, "geometry": {"type": "LineString", "coordinates": [[-121.94003, 38.01801], [-121.93995, 38.01793], [-121.93992, 38.01788], [-121.9399, 38.01784], [-121.93988, 38.0178], [-121.93988, 38.0177], [-121.93989, 38.01747], [-121.93991, 38.01741], [-121.93994, 38.01737], [-121.93995, 38.01728]]}}, {"type": "Feature", "properties": {"hw": "residential"}, "geometry": {"type": "LineString", "coordinates": [[-121.97229, 38.03103], [-121.97245, 38.03072], [-121.97258, 38.03065]]}}, {"type": "Feature", "properties": {"hw": "residential"}, "geometry": {"type": "LineString", "coordinates": [[-121.84378, 37.98433], [-121.84415, 37.98393], [-121.84468, 37.98328], [-121.84516, 37.9824], [-121.84604, 37.98095], [-121.84611, 37.98076], [-121.84617, 37.98064], [-121.84618, 37.98053], [-121.8462, 37.98033], [-121.84623, 37.98015], [-121.84625, 37.97998], [-121.8463, 37.97977], [-121.84634, 37.97949]]}}, {"type": "Feature", "properties": {"hw": "residential"}, "geometry": {"type": "LineString", "coordinates": [[-121.87069, 38.00158], [-121.87104, 38.00168], [-121.87128, 38.00178], [-121.8714, 38.00178], [-121.87152, 38.00176], [-121.87165, 38.00171], [-121.87178, 38.00169], [-121.87214, 38.00165], [-121.87226, 38.00165], [-121.87272, 38.00177]]}}, {"type": "Feature", "properties": {"hw": "residential"}, "geometry": {"type": "LineString", "coordinates": [[-121.92838, 38.02677], [-121.92838, 38.02665], [-121.92836, 38.02643]]}}, {"type": "Feature", "properties": {"hw": "residential"}, "geometry": {"type": "LineString", "coordinates": [[-121.9062, 37.99938], [-121.90624, 37.99928], [-121.90625, 37.99905], [-121.9062, 37.99893]]}}, {"type": "Feature", "properties": {"hw": "residential"}, "geometry": {"type": "LineString", "coordinates": [[-121.87362, 38.01768], [-121.87355, 38.01766], [-121.87296, 38.01751]]}}, {"type": "Feature", "properties": {"hw": "residential"}, "geometry": {"type": "LineString", "coordinates": [[-121.93572, 38.02676], [-121.93572, 38.02709]]}}, {"type": "Feature", "properties": {"hw": "residential"}, "geometry": {"type": "LineString", "coordinates": [[-121.91549, 38.02673], [-121.91548, 38.02625]]}}, {"type": "Feature", "properties": {"hw": "residential"}, "geometry": {"type": "LineString", "coordinates": [[-121.89595, 38.00209], [-121.89613, 38.00212], [-121.8966, 38.00217], [-121.89699, 38.00219], [-121.89744, 38.00219], [-121.89784, 38.00216], [-121.89843, 38.00215], [-121.89879, 38.00216], [-121.89924, 38.00218], [-121.89973, 38.00223], [-121.90008, 38.00227], [-121.90061, 38.00236]]}}, {"type": "Feature", "properties": {"hw": "residential"}, "geometry": {"type": "LineString", "coordinates": [[-121.84217, 37.99451], [-121.84215, 37.99475], [-121.84211, 37.99486]]}}, {"type": "Feature", "properties": {"hw": "residential"}, "geometry": {"type": "LineString", "coordinates": [[-121.88499, 38.00166], [-121.88472, 38.00147], [-121.8845, 38.00125], [-121.88438, 38.0011], [-121.88431, 38.00099], [-121.88428, 38.00087], [-121.88426, 38.00076], [-121.88424, 38.00045], [-121.88424, 37.9996], [-121.88424, 37.99947], [-121.88422, 37.99939], [-121.88418, 37.9993], [-121.88412, 37.99921], [-121.88403, 37.99912], [-121.88383, 37.99897], [-121.88336, 37.99874], [-121.88319, 37.9986], [-121.88301, 37.99841], [-121.88295, 37.99824], [-121.88293, 37.99799]]}}, {"type": "Feature", "properties": {"hw": "residential"}, "geometry": {"type": "LineString", "coordinates": [[-121.86363, 38.01294], [-121.8635, 38.01277], [-121.86342, 38.01267], [-121.86335, 38.0126], [-121.86328, 38.01257], [-121.86319, 38.01254], [-121.86307, 38.01252], [-121.8617, 38.01252], [-121.86146, 38.01251], [-121.8612, 38.01251], [-121.86114, 38.01251], [-121.85901, 38.01251], [-121.85761, 38.01251], [-121.85642, 38.01251], [-121.85527, 38.01251], [-121.85442, 38.01253], [-121.85423, 38.01246]]}}, {"type": "Feature", "properties": {"hw": "residential"}, "geometry": {"type": "LineString", "coordinates": [[-121.84998, 38.01203], [-121.85003, 38.01251]]}}, {"type": "Feature", "properties": {"hw": "residential"}, "geometry": {"type": "LineString", "coordinates": [[-121.95815, 38.02338], [-121.95737, 38.02338], [-121.95692, 38.02338], [-121.95665, 38.02338], [-121.95654, 38.02338], [-121.95592, 38.02338], [-121.95519, 38.02338], [-121.95493, 38.02338], [-121.95445, 38.02339]]}}, {"type": "Feature", "properties": {"hw": "residential"}, "geometry": {"type": "LineString", "coordinates": [[-121.95828, 38.02952], [-121.95751, 38.0289]]}}, {"type": "Feature", "properties": {"hw": "residential"}, "geometry": {"type": "LineString", "coordinates": [[-121.87769, 37.9909], [-121.87751, 37.99164]]}}, {"type": "Feature", "properties": {"hw": "residential"}, "geometry": {"type": "LineString", "coordinates": [[-121.88774, 38.02148], [-121.8876, 38.02144]]}}, {"type": "Feature", "properties": {"hw": "residential"}, "geometry": {"type": "LineString", "coordinates": [[-121.88748, 38.03272], [-121.88771, 38.03211]]}}, {"type": "Feature", "properties": {"hw": "residential"}, "geometry": {"type": "LineString", "coordinates": [[-121.87769, 38.03002], [-121.87745, 38.02998], [-121.87737, 38.02997], [-121.87701, 38.02996], [-121.87664, 38.03001], [-121.87639, 38.0301], [-121.87614, 38.03021]]}}, {"type": "Feature", "properties": {"hw": "residential"}, "geometry": {"type": "LineString", "coordinates": [[-121.9175, 38.02607], [-121.91703, 38.02622], [-121.91656, 38.02622], [-121.91548, 38.02625], [-121.9148, 38.02625], [-121.9147, 38.02621]]}}, {"type": "Feature", "properties": {"hw": "residential"}, "geometry": {"type": "LineString", "coordinates": [[-121.9053, 38.01058], [-121.90503, 38.01058], [-121.90493, 38.01057], [-121.90482, 38.01054], [-121.90468, 38.0105], [-121.90424, 38.01035]]}}, {"type": "Feature", "properties": {"hw": "residential"}, "geometry": {"type": "LineString", "coordinates": [[-121.88064, 38.00506], [-121.88079, 38.00539], [-121.88091, 38.00574], [-121.88088, 38.00598], [-121.88065, 38.00645], [-121.88056, 38.00667], [-121.88048, 38.00695]]}}, {"type": "Feature", "properties": {"hw": "residential"}, "geometry": {"type": "LineString", "coordinates": [[-121.88019, 38.0045], [-121.88018, 38.00491]]}}, {"type": "Feature", "properties": {"hw": "residential"}, "geometry": {"type": "LineString", "coordinates": [[-121.99675, 37.98364], [-121.9957, 37.98285], [-121.99549, 37.98265], [-121.99484, 37.98217]]}}, {"type": "Feature", "properties": {"hw": "residential"}, "geometry": {"type": "LineString", "coordinates": [[-121.92256, 38.02385], [-121.92186, 38.02412], [-121.92166, 38.02411]]}}, {"type": "Feature", "properties": {"hw": "residential"}, "geometry": {"type": "LineString", "coordinates": [[-121.8962, 38.00143], [-121.8963, 38.00145], [-121.89783, 38.00145], [-121.90065, 38.00146]]}}, {"type": "Feature", "properties": {"hw": "residential"}, "geometry": {"type": "LineString", "coordinates": [[-121.8686, 38.00374], [-121.86899, 38.0027], [-121.86912, 38.00259], [-121.86926, 38.00256]]}}, {"type": "Feature", "properties": {"hw": "residential"}, "geometry": {"type": "LineString", "coordinates": [[-121.94777, 38.01467], [-121.94762, 38.01506]]}}, {"type": "Feature", "properties": {"hw": "residential"}, "geometry": {"type": "LineString", "coordinates": [[-121.96049, 38.02929], [-121.96062, 38.02929], [-121.96108, 38.02929], [-121.96194, 38.02929], [-121.96282, 38.02931], [-121.96373, 38.02934], [-121.96422, 38.0293], [-121.96432, 38.02929], [-121.9646, 38.02922], [-121.96526, 38.02897], [-121.96537, 38.02893], [-121.96555, 38.02886], [-121.96659, 38.02845], [-121.96686, 38.02838], [-121.96745, 38.02843], [-121.9679, 38.0285], [-121.96813, 38.02863], [-121.96824, 38.02879], [-121.96831, 38.02897], [-121.96831, 38.0294], [-121.96843, 38.0296], [-121.96857, 38.02973], [-121.96875, 38.02982], [-121.96906, 38.02995], [-121.96949, 38.03007], [-121.97009, 38.03027], [-121.97147, 38.03075]]}}, {"type": "Feature", "properties": {"hw": "residential"}, "geometry": {"type": "LineString", "coordinates": [[-121.93427, 38.01552], [-121.93425, 38.01502], [-121.93424, 38.01431]]}}, {"type": "Feature", "properties": {"hw": "residential"}, "geometry": {"type": "LineString", "coordinates": [[-121.82452, 38.00187], [-121.82539, 38.00202], [-121.82627, 38.00215], [-121.82715, 38.00232], [-121.82862, 38.0027], [-121.82873, 38.00272], [-121.82923, 38.00279], [-121.82925, 38.0028], [-121.82939, 38.00283], [-121.83009, 38.0029], [-121.83032, 38.00296], [-121.83103, 38.00313], [-121.8315, 38.00326], [-121.83164, 38.00331], [-121.83194, 38.0034], [-121.83198, 38.00341], [-121.8323, 38.0035], [-121.83292, 38.00368], [-121.83299, 38.0037], [-121.8334, 38.00382], [-121.83366, 38.0039], [-121.83387, 38.00396], [-121.83412, 38.00403], [-121.83423, 38.00406], [-121.83461, 38.00417], [-121.83486, 38.00424], [-121.83497, 38.00428], [-121.83502, 38.00431], [-121.83506, 38.00433], [-121.83515, 38.00441], [-121.83519, 38.00451], [-121.83521, 38.00459], [-121.8352, 38.00468], [-121.83511, 38.00491], [-121.83506, 38.00504], [-121.83499, 38.00523], [-121.83498, 38.0053], [-121.83501, 38.00539], [-121.83506, 38.00545], [-121.83516, 38.00552], [-121.83526, 38.00558]]}}, {"type": "Feature", "properties": {"hw": "residential"}, "geometry": {"type": "LineString", "coordinates": [[-121.85423, 38.01246], [-121.8543, 38.01231], [-121.85431, 38.01228], [-121.85442, 38.01202]]}}, {"type": "Feature", "properties": {"hw": "residential"}, "geometry": {"type": "LineString", "coordinates": [[-122.00928, 37.98858], [-122.00899, 37.98858], [-122.00877, 37.98864], [-122.00803, 37.98915], [-122.00709, 37.99], [-122.00563, 37.99134]]}}, {"type": "Feature", "properties": {"hw": "residential"}, "geometry": {"type": "LineString", "coordinates": [[-121.89548, 38.00068], [-121.89562, 38.00072]]}}, {"type": "Feature", "properties": {"hw": "residential"}, "geometry": {"type": "LineString", "coordinates": [[-121.9023, 38.00493], [-121.90214, 38.00491], [-121.9017, 38.0049], [-121.90096, 38.00491], [-121.90071, 38.00486], [-121.90071, 38.00473], [-121.90072, 38.00463], [-121.90099, 38.00388], [-121.90127, 38.00313], [-121.90159, 38.00226], [-121.90168, 38.00207], [-121.90182, 38.00194], [-121.90207, 38.00182]]}}, {"type": "Feature", "properties": {"hw": "residential"}, "geometry": {"type": "LineString", "coordinates": [[-121.90207, 38.00182], [-121.90234, 38.00176], [-121.90255, 38.00174], [-121.90278, 38.00176], [-121.90342, 38.00191]]}}, {"type": "Feature", "properties": {"hw": "residential"}, "geometry": {"type": "LineString", "coordinates": [[-121.92593, 38.01657], [-121.92612, 38.01651], [-121.92628, 38.01643], [-121.92637, 38.01636], [-121.92642, 38.01628], [-121.92647, 38.01619], [-121.92649, 38.01612], [-121.92649, 38.01602], [-121.92649, 38.01574]]}}, {"type": "Feature", "properties": {"hw": "residential"}, "geometry": {"type": "LineString", "coordinates": [[-121.90371, 38.02163], [-121.90354, 38.02175], [-121.90337, 38.02188], [-121.90284, 38.02232], [-121.90258, 38.02256], [-121.9024, 38.02271], [-121.90231, 38.02275], [-121.9022, 38.02278], [-121.90207, 38.02279], [-121.90202, 38.02279], [-121.90103, 38.02279], [-121.90093, 38.02276]]}}, {"type": "Feature", "properties": {"hw": "residential"}, "geometry": {"type": "LineString", "coordinates": [[-121.90246, 38.01096], [-121.90226, 38.01199]]}}, {"type": "Feature", "properties": {"hw": "residential"}, "geometry": {"type": "LineString", "coordinates": [[-121.85215, 38.00412], [-121.8532, 38.00139], [-121.85342, 38.0009], [-121.85362, 38.00036], [-121.85374, 37.99997], [-121.85374, 37.99956], [-121.8536, 37.99904], [-121.85358, 37.99884]]}}, {"type": "Feature", "properties": {"hw": "tertiary"}, "geometry": {"type": "LineString", "coordinates": [[-121.90831, 38.02307], [-121.90838, 38.02313], [-121.90874, 38.02321], [-121.90898, 38.02325], [-121.90926, 38.02328], [-121.90957, 38.02329], [-121.91007, 38.02329], [-121.91036, 38.02329], [-121.91051, 38.02329]]}}, {"type": "Feature", "properties": {"hw": "residential"}, "geometry": {"type": "LineString", "coordinates": [[-121.96759, 38.02746], [-121.96788, 38.02742], [-121.96811, 38.02743], [-121.96872, 38.02753], [-121.96918, 38.0276]]}}, {"type": "Feature", "properties": {"hw": "residential"}, "geometry": {"type": "LineString", "coordinates": [[-121.92247, 38.01802], [-121.92237, 38.01863], [-121.92235, 38.01911]]}}, {"type": "Feature", "properties": {"hw": "residential"}, "geometry": {"type": "LineString", "coordinates": [[-121.95232, 38.00794], [-121.95245, 38.00822], [-121.95354, 38.00894], [-121.95369, 38.00913], [-121.95372, 38.00932], [-121.95368, 38.00952], [-121.95339, 38.00981], [-121.95291, 38.0103], [-121.95275, 38.01044], [-121.95251, 38.01055], [-121.9522, 38.01059], [-121.95138, 38.01059], [-121.95117, 38.01059], [-121.95091, 38.01052]]}}, {"type": "Feature", "properties": {"hw": "unclassified"}, "geometry": {"type": "LineString", "coordinates": [[-121.86598, 38.00911], [-121.8663, 38.00933], [-121.86644, 38.00941]]}}, {"type": "Feature", "properties": {"hw": "residential"}, "geometry": {"type": "LineString", "coordinates": [[-121.97508, 38.03991], [-121.97514, 38.0396], [-121.97522, 38.03613]]}}, {"type": "Feature", "properties": {"hw": "residential"}, "geometry": {"type": "LineString", "coordinates": [[-121.90252, 38.00255], [-121.90313, 38.00269]]}}, {"type": "Feature", "properties": {"hw": "residential"}, "geometry": {"type": "LineString", "coordinates": [[-121.98035, 38.02741], [-121.98041, 38.02748], [-121.9812, 38.02832], [-121.98129, 38.02845], [-121.9813, 38.0286], [-121.98126, 38.02874], [-121.98088, 38.02922], [-121.98064, 38.02957], [-121.98047, 38.02968], [-121.9795, 38.02988], [-121.97911, 38.02995], [-121.97902, 38.02997]]}}, {"type": "Feature", "properties": {"hw": "residential"}, "geometry": {"type": "LineString", "coordinates": [[-121.87577, 37.99356], [-121.87599, 37.99402], [-121.87624, 37.99455], [-121.87657, 37.99525], [-121.87651, 37.9955], [-121.87638, 37.99568], [-121.87607, 37.99591], [-121.8755, 37.99598]]}}, {"type": "Feature", "properties": {"hw": "residential"}, "geometry": {"type": "LineString", "coordinates": [[-121.86817, 37.99671], [-121.86881, 37.99655], [-121.87009, 37.99623], [-121.87029, 37.9962]]}}, {"type": "Feature", "properties": {"hw": "residential"}, "geometry": {"type": "LineString", "coordinates": [[-121.8768, 38.0247], [-121.87724, 38.02369]]}}, {"type": "Feature", "properties": {"hw": "residential"}, "geometry": {"type": "LineString", "coordinates": [[-121.86605, 38.00336], [-121.86517, 38.00315], [-121.86423, 38.00292], [-121.86273, 38.00261], [-121.86212, 38.00242], [-121.86138, 38.00221], [-121.86088, 38.00211]]}}, {"type": "Feature", "properties": {"hw": "residential"}, "geometry": {"type": "LineString", "coordinates": [[-121.8782, 37.9963], [-121.87847, 37.9964]]}}, {"type": "Feature", "properties": {"hw": "residential"}, "geometry": {"type": "LineString", "coordinates": [[-121.9203, 38.01918], [-121.92031, 38.01939]]}}, {"type": "Feature", "properties": {"hw": "residential"}, "geometry": {"type": "LineString", "coordinates": [[-121.88064, 38.00506], [-121.88056, 38.00492], [-121.88036, 38.00491], [-121.88018, 38.00491], [-121.87965, 38.00489], [-121.87905, 38.00485], [-121.87874, 38.00477], [-121.87826, 38.00457], [-121.87807, 38.00459]]}}, {"type": "Feature", "properties": {"hw": "residential"}, "geometry": {"type": "LineString", "coordinates": [[-121.99271, 37.98397], [-121.9924, 37.98423]]}}, {"type": "Feature", "properties": {"hw": "residential"}, "geometry": {"type": "LineString", "coordinates": [[-121.90254, 38.01324], [-121.90251, 38.01334], [-121.90187, 38.01496], [-121.9027, 38.01517], [-121.90337, 38.01352], [-121.9034, 38.01344]]}}, {"type": "Feature", "properties": {"hw": "residential"}, "geometry": {"type": "LineString", "coordinates": [[-121.90589, 38.00013], [-121.90606, 38.00006], [-121.90629, 38.00003], [-121.9064, 38.00006], [-121.90628, 38.00035], [-121.90625, 38.00048], [-121.90625, 38.00194], [-121.90623, 38.00209], [-121.90601, 38.00237], [-121.90593, 38.00245], [-121.90571, 38.00252], [-121.90554, 38.00251], [-121.90539, 38.00246], [-121.90529, 38.00234], [-121.90529, 38.00222], [-121.90539, 38.00196], [-121.90545, 38.00127], [-121.90549, 38.00102], [-121.9056, 38.00066], [-121.9058, 38.00026], [-121.90589, 38.00013]]}}, {"type": "Feature", "properties": {"hw": "residential"}, "geometry": {"type": "LineString", "coordinates": [[-121.9064, 38.00006], [-121.90645, 37.99991], [-121.90644, 37.99957], [-121.90636, 37.99945], [-121.9062, 37.99938]]}}, {"type": "Feature", "properties": {"hw": "residential"}, "geometry": {"type": "LineString", "coordinates": [[-121.90428, 37.99911], [-121.90521, 37.99916], [-121.90551, 37.99918], [-121.90575, 37.99924], [-121.90592, 37.99931], [-121.9062, 37.99938]]}}, {"type": "Feature", "properties": {"hw": "residential"}, "geometry": {"type": "LineString", "coordinates": [[-121.84098, 37.99513], [-121.84093, 37.99513], [-121.84087, 37.99512], [-121.84048, 37.99497], [-121.84047, 37.99496], [-121.84039, 37.99491], [-121.84044, 37.99478], [-121.84085, 37.99413], [-121.84145, 37.99319], [-121.84155, 37.99303], [-121.84174, 37.99299], [-121.8418, 37.99301], [-121.84207, 37.99311], [-121.84217, 37.99318]]}}, {"type": "Feature", "properties": {"hw": "residential"}, "geometry": {"type": "LineString", "coordinates": [[-121.89725, 38.0133], [-121.89784, 38.01371], [-121.90019, 38.01427]]}}, {"type": "Feature", "properties": {"hw": "residential"}, "geometry": {"type": "LineString", "coordinates": [[-121.99896, 37.98316], [-121.99857, 37.98329], [-121.99823, 37.98345], [-121.99799, 37.98363], [-121.99679, 37.98461], [-121.99577, 37.98549], [-121.9955, 37.98584], [-121.99509, 37.98619], [-121.99477, 37.98643]]}}, {"type": "Feature", "properties": {"hw": "unclassified"}, "geometry": {"type": "LineString", "coordinates": [[-121.8653, 38.01036], [-121.86542, 38.01005], [-121.86564, 38.00948], [-121.8657, 38.00933], [-121.8658, 38.00924], [-121.86598, 38.00911], [-121.86607, 38.00902], [-121.86611, 38.00888], [-121.86611, 38.0088], [-121.86611, 38.00873], [-121.8661, 38.00869], [-121.86609, 38.00857], [-121.86603, 38.00842]]}}, {"type": "Feature", "properties": {"hw": "residential"}, "geometry": {"type": "LineString", "coordinates": [[-122.00111, 37.98882], [-122.00063, 37.98924]]}}, {"type": "Feature", "properties": {"hw": "residential"}, "geometry": {"type": "LineString", "coordinates": [[-121.88454, 38.02959], [-121.88465, 38.02962], [-121.88584, 38.02991]]}}, {"type": "Feature", "properties": {"hw": "residential"}, "geometry": {"type": "LineString", "coordinates": [[-121.85231, 38.02278], [-121.85293, 38.02293], [-121.8536, 38.0231], [-121.8538, 38.02315], [-121.85387, 38.02314], [-121.85439, 38.02322], [-121.85451, 38.02317], [-121.85479, 38.02304], [-121.85519, 38.02295], [-121.85546, 38.02305], [-121.85565, 38.02311], [-121.85565, 38.02337], [-121.85587, 38.02359], [-121.85634, 38.02372], [-121.8565, 38.02376], [-121.85716, 38.02392]]}}, {"type": "Feature", "properties": {"hw": "residential"}, "geometry": {"type": "LineString", "coordinates": [[-121.98286, 38.03294], [-121.98275, 38.03234], [-121.98251, 38.03234], [-121.98021, 38.03237], [-121.98008, 38.03237]]}}, {"type": "Feature", "properties": {"hw": "residential"}, "geometry": {"type": "LineString", "coordinates": [[-121.83629, 37.99273], [-121.83601, 37.99296], [-121.83576, 37.99323], [-121.83533, 37.99309], [-121.83449, 37.99284], [-121.83413, 37.99274], [-121.83392, 37.99269], [-121.83385, 37.99266], [-121.83373, 37.99263]]}}, {"type": "Feature", "properties": {"hw": "residential"}, "geometry": {"type": "LineString", "coordinates": [[-121.87406, 37.99744], [-121.87387, 37.99721]]}}, {"type": "Feature", "properties": {"hw": "residential"}, "geometry": {"type": "LineString", "coordinates": [[-121.84261, 37.99707], [-121.84234, 37.99707], [-121.84178, 37.99702]]}}, {"type": "Feature", "properties": {"hw": "residential"}, "geometry": {"type": "LineString", "coordinates": [[-121.87441, 38.01576], [-121.87503, 38.01418], [-121.87507, 38.01408]]}}, {"type": "Feature", "properties": {"hw": "residential"}, "geometry": {"type": "LineString", "coordinates": [[-121.87347, 37.99621], [-121.87347, 37.99652]]}}, {"type": "Feature", "properties": {"hw": "residential"}, "geometry": {"type": "LineString", "coordinates": [[-121.89392, 38.01431], [-121.89403, 38.01407]]}}, {"type": "Feature", "properties": {"hw": "residential"}, "geometry": {"type": "LineString", "coordinates": [[-121.83482, 37.99903], [-121.83481, 37.99909], [-121.83479, 37.99914], [-121.83475, 37.99922]]}}, {"type": "Feature", "properties": {"hw": "residential"}, "geometry": {"type": "LineString", "coordinates": [[-121.88094, 38.0162], [-121.881, 38.01619], [-121.88167, 38.01635], [-121.88171, 38.01638], [-121.88172, 38.01642], [-121.88169, 38.01648], [-121.88133, 38.01746], [-121.88087, 38.01863], [-121.88085, 38.01869], [-121.88082, 38.01873], [-121.88076, 38.01873], [-121.8801, 38.01856], [-121.88006, 38.01854]]}}, {"type": "Feature", "properties": {"hw": "residential"}, "geometry": {"type": "LineString", "coordinates": [[-121.96113, 38.02737], [-121.96113, 38.02848], [-121.96107, 38.02866], [-121.96108, 38.02929]]}}, {"type": "Feature", "properties": {"hw": "residential"}, "geometry": {"type": "LineString", "coordinates": [[-121.87456, 38.01028], [-121.87473, 38.01032], [-121.87482, 38.01035], [-121.87487, 38.01036], [-121.87495, 38.01039], [-121.87503, 38.01042], [-121.87509, 38.01045], [-121.87517, 38.01049], [-121.87526, 38.01054], [-121.87542, 38.01063], [-121.87556, 38.01071], [-121.87562, 38.01074], [-121.87569, 38.01077], [-121.87575, 38.01079], [-121.87577, 38.0108], [-121.87583, 38.01082], [-121.87592, 38.01085], [-121.876, 38.01087], [-121.87608, 38.01088], [-121.87616, 38.01089], [-121.87625, 38.0109], [-121.87637, 38.01091], [-121.87651, 38.01092], [-121.87654, 38.01092], [-121.87688, 38.01094], [-121.87732, 38.01096], [-121.8774, 38.01097], [-121.87748, 38.01098], [-121.87758, 38.011], [-121.87813, 38.01114], [-121.87829, 38.01118], [-121.87951, 38.01146], [-121.88005, 38.01159], [-121.88094, 38.0118], [-121.88159, 38.01196], [-121.8818, 38.01201], [-121.88198, 38.01205], [-121.88249, 38.01217], [-121.88294, 38.01228], [-121.88326, 38.01236], [-121.88369, 38.01246], [-121.88425, 38.0126], [-121.88463, 38.01269], [-121.88533, 38.01286], [-121.88547, 38.01289], [-121.88595, 38.01301], [-121.88608, 38.01304], [-121.88636, 38.01311], [-121.88647, 38.01313], [-121.88659, 38.01316], [-121.88727, 38.01333], [-121.88743, 38.01336], [-121.88748, 38.01337], [-121.8879, 38.01348], [-121.88795, 38.01349], [-121.88811, 38.01353], [-121.88829, 38.01357], [-121.8884, 38.01364], [-121.88842, 38.01375], [-121.88831, 38.01402], [-121.88817, 38.01438]]}}, {"type": "Feature", "properties": {"hw": "residential"}, "geometry": {"type": "LineString", "coordinates": [[-121.87121, 37.99276], [-121.87083, 37.99249]]}}, {"type": "Feature", "properties": {"hw": "residential"}, "geometry": {"type": "LineString", "coordinates": [[-121.92637, 38.0263], [-121.92638, 38.02572]]}}, {"type": "Feature", "properties": {"hw": "residential"}, "geometry": {"type": "LineString", "coordinates": [[-121.88204, 38.00901], [-121.88175, 38.00977], [-121.88171, 38.00988]]}}, {"type": "Feature", "properties": {"hw": "residential"}, "geometry": {"type": "LineString", "coordinates": [[-121.92297, 38.02448], [-121.92257, 38.02466], [-121.9216, 38.02489], [-121.92125, 38.02495], [-121.92075, 38.02494], [-121.9206, 38.02496], [-121.92047, 38.02503], [-121.92044, 38.02517], [-121.92042, 38.02526], [-121.92038, 38.0255]]}}, {"type": "Feature", "properties": {"hw": "residential"}, "geometry": {"type": "LineString", "coordinates": [[-121.88056, 38.00667], [-121.87992, 38.00652], [-121.87929, 38.00638], [-121.8787, 38.00622], [-121.87803, 38.00607], [-121.87743, 38.00591]]}}, {"type": "Feature", "properties": {"hw": "residential"}, "geometry": {"type": "LineString", "coordinates": [[-121.88175, 38.0342], [-121.88166, 38.03416], [-121.88149, 38.03413], [-121.88119, 38.03411], [-121.88099, 38.03409], [-121.88075, 38.03405], [-121.88056, 38.03398], [-121.88039, 38.03389], [-121.88026, 38.03385], [-121.88008, 38.03382], [-121.87984, 38.03379], [-121.87975, 38.0337], [-121.87945, 38.03363]]}}, {"type": "Feature", "properties": {"hw": "residential"}, "geometry": {"type": "LineString", "coordinates": [[-121.95726, 38.03034], [-121.95769, 38.03071], [-121.95769, 38.03083]]}}, {"type": "Feature", "properties": {"hw": "residential"}, "geometry": {"type": "LineString", "coordinates": [[-121.88159, 37.99145], [-121.88158, 37.991]]}}, {"type": "Feature", "properties": {"hw": "residential"}, "geometry": {"type": "LineString", "coordinates": [[-121.90338, 37.9975], [-121.90344, 37.9974], [-121.90355, 37.99727], [-121.9037, 37.99717], [-121.90508, 37.99661], [-121.90514, 37.99653], [-121.90518, 37.99646], [-121.90518, 37.99635], [-121.9051, 37.99621]]}}, {"type": "Feature", "properties": {"hw": "residential"}, "geometry": {"type": "LineString", "coordinates": [[-121.94197, 38.02241], [-121.94206, 38.02243], [-121.94219, 38.02246], [-121.94241, 38.02251], [-121.94266, 38.02257], [-121.9427, 38.02258], [-121.94275, 38.02259], [-121.94316, 38.02268]]}}, {"type": "Feature", "properties": {"hw": "residential"}, "geometry": {"type": "LineString", "coordinates": [[-121.83981, 37.98842], [-121.84069, 37.98812], [-121.84111, 37.98797]]}}, {"type": "Feature", "properties": {"hw": "residential"}, "geometry": {"type": "LineString", "coordinates": [[-121.89769, 38.01282], [-121.89795, 38.01294], [-121.90047, 38.0136]]}}, {"type": "Feature", "properties": {"hw": "residential"}, "geometry": {"type": "LineString", "coordinates": [[-121.94439, 38.01533], [-121.94438, 38.01523], [-121.94438, 38.0152], [-121.94437, 38.01481], [-121.94437, 38.01466], [-121.94436, 38.01457], [-121.94436, 38.0145], [-121.94435, 38.01402], [-121.94435, 38.01389], [-121.94435, 38.0138], [-121.94434, 38.01324], [-121.94437, 38.01306], [-121.94442, 38.01294], [-121.94447, 38.01283], [-121.94458, 38.0127], [-121.94469, 38.01257], [-121.94481, 38.01248], [-121.94493, 38.0124], [-121.94501, 38.01235], [-121.94517, 38.0123], [-121.94543, 38.01224], [-121.94573, 38.01226], [-121.94613, 38.01234], [-121.94705, 38.01261], [-121.94783, 38.01296], [-121.9485, 38.01323], [-121.94917, 38.01339]]}}, {"type": "Feature", "properties": {"hw": "residential"}, "geometry": {"type": "LineString", "coordinates": [[-121.83472, 37.99823], [-121.83495, 37.99821], [-121.83512, 37.9982], [-121.83526, 37.99821]]}}, {"type": "Feature", "properties": {"hw": "residential"}, "geometry": {"type": "LineString", "coordinates": [[-121.89197, 38.00409], [-121.89211, 38.00392], [-121.89239, 38.00364], [-121.89252, 38.00353], [-121.89287, 38.00315]]}}, {"type": "Feature", "properties": {"hw": "residential"}, "geometry": {"type": "LineString", "coordinates": [[-121.887, 37.99747], [-121.88478, 37.99747], [-121.88374, 37.99746], [-121.88333, 37.99728], [-121.8827, 37.99677]]}}, {"type": "Feature", "properties": {"hw": "residential"}, "geometry": {"type": "LineString", "coordinates": [[-121.89029, 38.00306], [-121.89109, 38.00247], [-121.89137, 38.00228], [-121.89138, 38.00211], [-121.89131, 38.002], [-121.8912, 38.00188], [-121.891, 38.0018], [-121.89083, 38.0018], [-121.88965, 38.00255]]}}, {"type": "Feature", "properties": {"hw": "residential"}, "geometry": {"type": "LineString", "coordinates": [[-121.93391, 38.02521], [-121.93472, 38.0252]]}}, {"type": "Feature", "properties": {"hw": "residential"}, "geometry": {"type": "LineString", "coordinates": [[-121.9718, 38.03013], [-121.97156, 38.03005], [-121.97132, 38.02997], [-121.97124, 38.02991], [-121.97117, 38.02984], [-121.97109, 38.02973]]}}, {"type": "Feature", "properties": {"hw": "residential"}, "geometry": {"type": "LineString", "coordinates": [[-121.91968, 38.01919], [-121.91965, 38.01859]]}}, {"type": "Feature", "properties": {"hw": "residential"}, "geometry": {"type": "LineString", "coordinates": [[-121.89812, 37.99464], [-121.89823, 37.99463], [-121.89882, 37.99456], [-121.89919, 37.99451], [-121.89935, 37.99446], [-121.89951, 37.99439], [-121.89964, 37.99429], [-121.89975, 37.99417], [-121.89991, 37.99387], [-121.90009, 37.99366], [-121.90089, 37.99273]]}}, {"type": "Feature", "properties": {"hw": "residential"}, "geometry": {"type": "LineString", "coordinates": [[-121.87665, 38.01989], [-121.87722, 38.01842], [-121.87736, 38.01801]]}}, {"type": "Feature", "properties": {"hw": "residential"}, "geometry": {"type": "LineString", "coordinates": [[-121.91904, 38.02248], [-121.91878, 38.02269]]}}, {"type": "Feature", "properties": {"hw": "residential"}, "geometry": {"type": "LineString", "coordinates": [[-122.00178, 37.98929], [-122.00134, 37.98969]]}}, {"type": "Feature", "properties": {"hw": "residential"}, "geometry": {"type": "LineString", "coordinates": [[-121.89932, 37.99802], [-121.8995, 37.99846], [-121.89951, 37.99858], [-121.8995, 37.99869], [-121.8994, 37.9991], [-121.89932, 37.99921]]}}, {"type": "Feature", "properties": {"hw": "residential"}, "geometry": {"type": "LineString", "coordinates": [[-121.86043, 38.00032], [-121.86075, 38.00013], [-121.86094, 37.99999], [-121.86099, 37.99991], [-121.86101, 37.9998], [-121.86096, 37.99971], [-121.86087, 37.99965]]}}, {"type": "Feature", "properties": {"hw": "residential"}, "geometry": {"type": "LineString", "coordinates": [[-121.88137, 38.02572], [-121.88088, 38.0256], [-121.88071, 38.02557], [-121.88043, 38.02551], [-121.87985, 38.02538], [-121.87895, 38.02518]]}}, {"type": "Feature", "properties": {"hw": "residential"}, "geometry": {"type": "LineString", "coordinates": [[-121.91059, 38.02074], [-121.91005, 38.02286]]}}, {"type": "Feature", "properties": {"hw": "residential"}, "geometry": {"type": "LineString", "coordinates": [[-121.83293, 37.98971], [-121.83295, 37.98963], [-121.83311, 37.98842], [-121.83317, 37.98826], [-121.83332, 37.98812]]}}, {"type": "Feature", "properties": {"hw": "residential"}, "geometry": {"type": "LineString", "coordinates": [[-121.94101, 38.01666], [-121.94102, 38.01581], [-121.94103, 38.01538]]}}, {"type": "Feature", "properties": {"hw": "residential"}, "geometry": {"type": "LineString", "coordinates": [[-122.00333, 37.9896], [-122.00272, 37.98902], [-122.00199, 37.98848]]}}, {"type": "Feature", "properties": {"hw": "residential"}, "geometry": {"type": "LineString", "coordinates": [[-121.84497, 37.99222], [-121.8447, 37.99209], [-121.84439, 37.99205], [-121.84387, 37.99202], [-121.84373, 37.99202]]}}, {"type": "Feature", "properties": {"hw": "residential"}, "geometry": {"type": "LineString", "coordinates": [[-121.94923, 38.0065], [-121.94906, 38.00657], [-121.94883, 38.00686], [-121.94878, 38.00697], [-121.94886, 38.00706], [-121.94921, 38.00719], [-121.94932, 38.00717], [-121.94943, 38.00709], [-121.94967, 38.00674], [-121.94988, 38.00645], [-121.94995, 38.00624], [-121.94999, 38.00608], [-121.95015, 38.00607], [-121.95043, 38.0061], [-121.95062, 38.00606], [-121.9507, 38.00591], [-121.95083, 38.00544]]}}, {"type": "Feature", "properties": {"hw": "residential"}, "geometry": {"type": "LineString", "coordinates": [[-121.85168, 37.99989], [-121.85182, 37.99951]]}}, {"type": "Feature", "properties": {"hw": "residential"}, "geometry": {"type": "LineString", "coordinates": [[-121.95165, 38.03346], [-121.95164, 38.03208], [-121.95165, 38.03155], [-121.9517, 38.03142], [-121.95176, 38.03129], [-121.95217, 38.03096], [-121.95276, 38.03048], [-121.95333, 38.03006], [-121.95346, 38.03001], [-121.95366, 38.03]]}}, {"type": "Feature", "properties": {"hw": "residential"}, "geometry": {"type": "LineString", "coordinates": [[-121.90229, 38.02191], [-121.90214, 38.02204], [-121.90203, 38.02212], [-121.90194, 38.02216], [-121.90183, 38.02217], [-121.90131, 38.02216], [-121.9011, 38.02213]]}}, {"type": "Feature", "properties": {"hw": "tertiary"}, "geometry": {"type": "LineString", "coordinates": [[-121.8079, 37.99367], [-121.80804, 37.99367], [-121.80815, 37.99366], [-121.80833, 37.99366], [-121.80881, 37.99365], [-121.80957, 37.99365], [-121.8101, 37.99366], [-121.81048, 37.99368], [-121.81129, 37.99398], [-121.81459, 37.99413], [-121.81511, 37.99414], [-121.81586, 37.99418], [-121.81722, 37.99411], [-121.81738, 37.9941], [-121.81753, 37.99409], [-121.81765, 37.99409], [-121.81771, 37.99408], [-121.81779, 37.99407], [-121.81787, 37.99406], [-121.81796, 37.99405], [-121.8181, 37.99401], [-121.81857, 37.99393], [-121.81888, 37.99387], [-121.81903, 37.99384], [-121.81919, 37.99379], [-121.81943, 37.9937], [-121.81979, 37.99354], [-121.82041, 37.99328], [-121.8208, 37.99311], [-121.82111, 37.99298], [-121.82133, 37.99291], [-121.8216, 37.99284], [-121.82183, 37.9928], [-121.8221, 37.99276], [-121.82217, 37.99276], [-121.82224, 37.99275], [-121.82226, 37.99275], [-121.82234, 37.99274], [-121.82248, 37.99273], [-121.82257, 37.99271], [-121.82258, 37.99271], [-121.82269, 37.99269], [-121.82281, 37.99267], [-121.82294, 37.99265], [-121.82305, 37.99263], [-121.82316, 37.99259], [-121.82328, 37.99254], [-121.8234, 37.99247], [-121.8235, 37.99241], [-121.82354, 37.99236], [-121.82361, 37.99231], [-121.82469, 37.99063], [-121.82494, 37.99024], [-121.82502, 37.99011], [-121.82519, 37.98993], [-121.82538, 37.98978], [-121.82548, 37.98973], [-121.82565, 37.98965], [-121.82587, 37.98958], [-121.82611, 37.98956], [-121.8268, 37.98958], [-121.82903, 37.9896], [-121.82915, 37.98961], [-121.82924, 37.98961], [-121.83012, 37.98963], [-121.83106, 37.98964], [-121.83209, 37.98966], [-121.8322, 37.98966], [-121.83258, 37.98967], [-121.83293, 37.98971], [-121.8333, 37.98981], [-121.8337, 37.99], [-121.83395, 37.99008], [-121.83417, 37.99013], [-121.83453, 37.99016]]}}, {"type": "Feature", "properties": {"hw": "residential"}, "geometry": {"type": "LineString", "coordinates": [[-121.96906, 38.02995], [-121.9692, 38.02969], [-121.9692, 38.02881]]}}, {"type": "Feature", "properties": {"hw": "residential"}, "geometry": {"type": "LineString", "coordinates": [[-121.8837, 38.00488], [-121.88354, 38.00488], [-121.88316, 38.00495], [-121.88251, 38.00506], [-121.88186, 38.00517], [-121.88157, 38.00521], [-121.88122, 38.00528]]}}, {"type": "Feature", "properties": {"hw": "residential"}, "geometry": {"type": "LineString", "coordinates": [[-121.89162, 37.99261], [-121.89123, 37.99262], [-121.89094, 37.99258], [-121.89065, 37.99251], [-121.89039, 37.99249], [-121.88948, 37.9926], [-121.88904, 37.99264], [-121.88865, 37.99264]]}}, {"type": "Feature", "properties": {"hw": "residential"}, "geometry": {"type": "LineString", "coordinates": [[-121.93008, 38.02678], [-121.93008, 38.02668], [-121.93009, 38.0266], [-121.93009, 38.02645], [-121.93009, 38.0261], [-121.93009, 38.02608], [-121.93009, 38.02508], [-121.93009, 38.02469], [-121.93009, 38.02461], [-121.93009, 38.02386], [-121.93009, 38.02376], [-121.93009, 38.02346], [-121.93009, 38.02324], [-121.9301, 38.02311], [-121.9301, 38.02262]]}}, {"type": "Feature", "properties": {"hw": "unclassified"}, "geometry": {"type": "LineString", "coordinates": [[-121.88336, 38.01488], [-121.88293, 38.01461], [-121.88262, 38.0145], [-121.88249, 38.01445], [-121.88192, 38.01433], [-121.88154, 38.01434]]}}, {"type": "Feature", "properties": {"hw": "residential"}, "geometry": {"type": "LineString", "coordinates": [[-121.89565, 38.02492], [-121.89567, 38.02482], [-121.89651, 38.02265], [-121.89768, 38.01955]]}}, {"type": "Feature", "properties": {"hw": "residential"}, "geometry": {"type": "LineString", "coordinates": [[-121.93212, 38.0171], [-121.93181, 38.01691], [-121.93171, 38.0168]]}}, {"type": "Feature", "properties": {"hw": "residential"}, "geometry": {"type": "LineString", "coordinates": [[-121.83927, 37.9909], [-121.83927, 37.99028]]}}, {"type": "Feature", "properties": {"hw": "residential"}, "geometry": {"type": "LineString", "coordinates": [[-121.8556, 38.00084], [-121.85563, 38.00053], [-121.85546, 37.99884]]}}, {"type": "Feature", "properties": {"hw": "residential"}, "geometry": {"type": "LineString", "coordinates": [[-121.96906, 38.03621], [-121.9695, 38.03622], [-121.96993, 38.03621]]}}, {"type": "Feature", "properties": {"hw": "residential"}, "geometry": {"type": "LineString", "coordinates": [[-121.87507, 37.99797], [-121.87506, 37.99784], [-121.87505, 37.99752], [-121.87483, 37.99679]]}}, {"type": "Feature", "properties": {"hw": "residential"}, "geometry": {"type": "LineString", "coordinates": [[-121.91122, 38.02074], [-121.9111, 38.02123], [-121.91082, 38.02236], [-121.91069, 38.02285]]}}, {"type": "Feature", "properties": {"hw": "residential"}, "geometry": {"type": "LineString", "coordinates": [[-121.83558, 37.99723], [-121.8356, 37.99636], [-121.83559, 37.99572], [-121.83568, 37.99538], [-121.83637, 37.99406], [-121.83715, 37.99429], [-121.83649, 37.99572], [-121.83647, 37.99643], [-121.83647, 37.99654], [-121.8365, 37.99664], [-121.83653, 37.99672], [-121.83673, 37.99697]]}}, {"type": "Feature", "properties": {"hw": "residential"}, "geometry": {"type": "LineString", "coordinates": [[-121.8576, 38.00036], [-121.85762, 38.00057], [-121.85769, 38.00066]]}}, {"type": "Feature", "properties": {"hw": "residential"}, "geometry": {"type": "LineString", "coordinates": [[-121.83669, 37.99026], [-121.8367, 37.99013], [-121.83662, 37.98994]]}}, {"type": "Feature", "properties": {"hw": "residential"}, "geometry": {"type": "LineString", "coordinates": [[-121.95441, 38.02249], [-121.95525, 38.02249], [-121.95547, 38.02253]]}}, {"type": "Feature", "properties": {"hw": "residential"}, "geometry": {"type": "LineString", "coordinates": [[-121.91145, 38.02449], [-121.91144, 38.0237]]}}, {"type": "Feature", "properties": {"hw": "residential"}, "geometry": {"type": "LineString", "coordinates": [[-121.89613, 38.01089], [-121.89624, 38.0106]]}}, {"type": "Feature", "properties": {"hw": "residential"}, "geometry": {"type": "LineString", "coordinates": [[-121.88009, 37.99837], [-121.87597, 37.99843], [-121.87491, 37.99843], [-121.87494, 37.99878]]}}, {"type": "Feature", "properties": {"hw": "residential"}, "geometry": {"type": "LineString", "coordinates": [[-121.97268, 38.03276], [-121.97222, 38.03277], [-121.972, 38.03277]]}}, {"type": "Feature", "properties": {"hw": "residential"}, "geometry": {"type": "LineString", "coordinates": [[-121.88472, 37.99133], [-121.88375, 37.99196], [-121.8835, 37.99211], [-121.88277, 37.99241], [-121.88233, 37.99264], [-121.88199, 37.99279], [-121.88167, 37.99306], [-121.88127, 37.99339], [-121.88022, 37.99427], [-121.87955, 37.99416], [-121.87893, 37.99412], [-121.87842, 37.9941], [-121.87751, 37.99416], [-121.87715, 37.9941]]}}, {"type": "Feature", "properties": {"hw": "residential"}, "geometry": {"type": "LineString", "coordinates": [[-121.97113, 38.03295], [-121.97128, 38.03305], [-121.97152, 38.03308], [-121.97165, 38.03302], [-121.97183, 38.03287], [-121.972, 38.03277]]}}, {"type": "Feature", "properties": {"hw": "residential"}, "geometry": {"type": "LineString", "coordinates": [[-121.97113, 38.03295], [-121.97074, 38.03323]]}}, {"type": "Feature", "properties": {"hw": "residential"}, "geometry": {"type": "LineString", "coordinates": [[-121.90002, 38.00637], [-121.90037, 38.00635]]}}, {"type": "Feature", "properties": {"hw": "residential"}, "geometry": {"type": "LineString", "coordinates": [[-121.96368, 38.03761], [-121.96382, 38.03725], [-121.96383, 38.03672], [-121.96383, 38.03572], [-121.96383, 38.03402]]}}, {"type": "Feature", "properties": {"hw": "residential"}, "geometry": {"type": "LineString", "coordinates": [[-121.91565, 38.01507], [-121.91548, 38.0152]]}}, {"type": "Feature", "properties": {"hw": "residential"}, "geometry": {"type": "LineString", "coordinates": [[-121.83678, 37.99244], [-121.83794, 37.99172], [-121.83814, 37.99164], [-121.83953, 37.9917], [-121.84015, 37.99168]]}}, {"type": "Feature", "properties": {"hw": "residential"}, "geometry": {"type": "LineString", "coordinates": [[-121.97219, 38.0336], [-121.97221, 38.03354], [-121.97222, 38.03277], [-121.9722, 38.03206], [-121.97219, 38.03203], [-121.97216, 38.03199], [-121.97032, 38.03136], [-121.97021, 38.03133], [-121.97011, 38.03133]]}}, {"type": "Feature", "properties": {"hw": "residential"}, "geometry": {"type": "LineString", "coordinates": [[-121.95726, 38.03034], [-121.95607, 38.02941], [-121.95579, 38.02918], [-121.95557, 38.02902], [-121.9554, 38.02895], [-121.95525, 38.02895], [-121.9545, 38.02895]]}}, {"type": "Feature", "properties": {"hw": "residential"}, "geometry": {"type": "LineString", "coordinates": [[-121.91632, 38.02142], [-121.91756, 38.02142], [-121.91813, 38.02142]]}}, {"type": "Feature", "properties": {"hw": "residential"}, "geometry": {"type": "LineString", "coordinates": [[-121.9017, 38.0049], [-121.90173, 38.00448], [-121.90178, 38.00429], [-121.90189, 38.00408]]}}, {"type": "Feature", "properties": {"hw": "residential"}, "geometry": {"type": "LineString", "coordinates": [[-121.86427, 37.99952], [-121.86413, 37.99922], [-121.86403, 37.99907], [-121.86387, 37.99895], [-121.86361, 37.99888], [-121.86319, 37.99888], [-121.86188, 37.99886], [-121.86123, 37.99887], [-121.85977, 37.99887], [-121.85885, 37.99887], [-121.85667, 37.99892]]}}, {"type": "Feature", "properties": {"hw": "residential"}, "geometry": {"type": "LineString", "coordinates": [[-121.8792, 38.00428], [-121.87924, 38.00415], [-121.87955, 38.00334]]}}, {"type": "Feature", "properties": {"hw": "residential"}, "geometry": {"type": "LineString", "coordinates": [[-121.89845, 38.01891], [-121.89971, 38.01572], [-121.89998, 38.015]]}}, {"type": "Feature", "properties": {"hw": "residential"}, "geometry": {"type": "LineString", "coordinates": [[-121.9128, 38.02075], [-121.91122, 38.02074], [-121.91059, 38.02074], [-121.90996, 38.02074], [-121.90965, 38.02073]]}}, {"type": "Feature", "properties": {"hw": "residential"}, "geometry": {"type": "LineString", "coordinates": [[-121.9976, 37.98662], [-121.99746, 37.98674], [-121.99666, 37.98741], [-121.99729, 37.98789], [-121.99769, 37.98819], [-121.99799, 37.98834], [-121.99856, 37.98878], [-121.99867, 37.98892], [-121.99938, 37.98936], [-122.00156, 37.99069], [-122.00237, 37.99119]]}}, {"type": "Feature", "properties": {"hw": "residential"}, "geometry": {"type": "LineString", "coordinates": [[-121.91042, 38.01872], [-121.91044, 38.01939]]}}, {"type": "Feature", "properties": {"hw": "residential"}, "geometry": {"type": "LineString", "coordinates": [[-121.93536, 38.02398], [-121.93535, 38.02391], [-121.9353, 38.02056], [-121.9353, 38.02004], [-121.93532, 38.01996], [-121.93534, 38.01993]]}}, {"type": "Feature", "properties": {"hw": "residential"}, "geometry": {"type": "LineString", "coordinates": [[-121.88737, 38.02204], [-121.8873, 38.02202], [-121.88727, 38.02201], [-121.88603, 38.02172], [-121.88527, 38.02154], [-121.88341, 38.0211]]}}, {"type": "Feature", "properties": {"hw": "residential"}, "geometry": {"type": "LineString", "coordinates": [[-121.905, 38.012], [-121.90595, 38.01224], [-121.90603, 38.01225], [-121.90607, 38.01226], [-121.90612, 38.01224], [-121.90613, 38.01221], [-121.90614, 38.01217], [-121.90615, 38.0121], [-121.90617, 38.00997], [-121.90616, 38.0099], [-121.90614, 38.00984], [-121.9061, 38.00979], [-121.90605, 38.00975], [-121.90597, 38.0097], [-121.90586, 38.00968], [-121.90577, 38.00968], [-121.90558, 38.00971], [-121.90531, 38.00972], [-121.90412, 38.00961], [-121.90388, 38.00964], [-121.90367, 38.00968]]}}, {"type": "Feature", "properties": {"hw": "residential"}, "geometry": {"type": "LineString", "coordinates": [[-121.89787, 38.02945], [-121.89787, 38.02936], [-121.89787, 38.02915], [-121.89781, 38.02902]]}}, {"type": "Feature", "properties": {"hw": "residential"}, "geometry": {"type": "LineString", "coordinates": [[-121.89736, 38.02826], [-121.89759, 38.02818], [-121.89755, 38.0281], [-121.89727, 38.02766], [-121.89716, 38.02749], [-121.89708, 38.02742], [-121.89697, 38.02734], [-121.89682, 38.0273], [-121.89667, 38.02727], [-121.89603, 38.02726], [-121.8959, 38.02728], [-121.89578, 38.02734], [-121.89549, 38.02778], [-121.89535, 38.02801], [-121.89534, 38.02807], [-121.89533, 38.02813], [-121.89535, 38.02817], [-121.8955, 38.02827], [-121.89562, 38.02828], [-121.8958, 38.02828], [-121.89612, 38.02828], [-121.89645, 38.02829], [-121.89671, 38.02829], [-121.89701, 38.02829], [-121.89708, 38.02829], [-121.89722, 38.02829], [-121.89736, 38.02826]]}}, {"type": "Feature", "properties": {"hw": "residential"}, "geometry": {"type": "LineString", "coordinates": [[-121.9689, 38.03882], [-121.96903, 38.03884], [-121.96987, 38.03899], [-121.97076, 38.03915], [-121.97087, 38.03916], [-121.97306, 38.03954], [-121.97413, 38.03974], [-121.97508, 38.03991], [-121.97606, 38.04008]]}}, {"type": "Feature", "properties": {"hw": "residential"}, "geometry": {"type": "LineString", "coordinates": [[-121.90432, 38.01113], [-121.90392, 38.0124]]}}, {"type": "Feature", "properties": {"hw": "residential"}, "geometry": {"type": "LineString", "coordinates": [[-121.88313, 38.00408], [-121.88319, 38.00392], [-121.8834, 38.00336]]}}, {"type": "Feature", "properties": {"hw": "residential"}, "geometry": {"type": "LineString", "coordinates": [[-121.94655, 38.02067], [-121.94635, 38.02068], [-121.94598, 38.0207], [-121.94588, 38.02072], [-121.94564, 38.0208], [-121.94544, 38.0208], [-121.94531, 38.02078], [-121.94526, 38.02075], [-121.94515, 38.02068], [-121.94489, 38.02059]]}}, {"type": "Feature", "properties": {"hw": "secondary"}, "geometry": {"type": "LineString", "coordinates": [[-121.84369, 37.98442], [-121.84454, 37.98493], [-121.84483, 37.98509], [-121.84507, 37.98519], [-121.84536, 37.9853], [-121.84569, 37.98538], [-121.84602, 37.98545], [-121.84636, 37.98549], [-121.84876, 37.98577]]}}, {"type": "Feature", "properties": {"hw": "residential"}, "geometry": {"type": "LineString", "coordinates": [[-121.90207, 38.00182], [-121.9019, 38.00159], [-121.90174, 38.00148], [-121.90139, 38.00132], [-121.90095, 38.00108], [-121.90065, 38.00093], [-121.90047, 38.0007], [-121.90037, 38.00054], [-121.90023, 38.00023], [-121.90018, 38.00003], [-121.90023, 37.9998], [-121.90025, 37.99972], [-121.90038, 37.99925], [-121.90049, 37.99883], [-121.90053, 37.9986], [-121.9005, 37.99843], [-121.90044, 37.99824], [-121.90027, 37.99799], [-121.90006, 37.99773]]}}, {"type": "Feature", "properties": {"hw": "residential"}, "geometry": {"type": "LineString", "coordinates": [[-121.96383, 38.03672], [-121.96331, 38.03671]]}}, {"type": "Feature", "properties": {"hw": "residential"}, "geometry": {"type": "LineString", "coordinates": [[-121.86604, 38.00705], [-121.86583, 38.00696], [-121.86559, 38.00691], [-121.86515, 38.00686]]}}, {"type": "Feature", "properties": {"hw": "tertiary"}, "geometry": {"type": "LineString", "coordinates": [[-121.89368, 38.01756], [-121.89399, 38.01668], [-121.89434, 38.01571], [-121.89445, 38.01543], [-121.89448, 38.01536], [-121.89453, 38.01523], [-121.89462, 38.01502], [-121.89472, 38.01489], [-121.89489, 38.01475], [-121.89566, 38.01427], [-121.89653, 38.01373], [-121.897, 38.01345], [-121.89725, 38.0133], [-121.89747, 38.0131], [-121.89769, 38.01282]]}}, {"type": "Feature", "properties": {"hw": "residential"}, "geometry": {"type": "LineString", "coordinates": [[-121.89593, 38.01821], [-121.89622, 38.01736], [-121.89717, 38.01509], [-121.89739, 38.01437]]}}, {"type": "Feature", "properties": {"hw": "residential"}, "geometry": {"type": "LineString", "coordinates": [[-121.99394, 37.98388], [-121.99466, 37.98329], [-121.99485, 37.98324], [-121.99619, 37.98415], [-121.99679, 37.98461]]}}, {"type": "Feature", "properties": {"hw": "residential"}, "geometry": {"type": "LineString", "coordinates": [[-121.94042, 38.02592], [-121.94063, 38.02624]]}}, {"type": "Feature", "properties": {"hw": "residential"}, "geometry": {"type": "LineString", "coordinates": [[-121.97996, 38.01796], [-121.98276, 38.01761], [-121.98321, 38.01755], [-121.98338, 38.01753], [-121.98452, 38.01739], [-121.98455, 38.01739], [-121.98491, 38.01735], [-121.98511, 38.01732], [-121.98551, 38.01727], [-121.9859, 38.01723], [-121.98615, 38.01719], [-121.98625, 38.01718], [-121.98637, 38.01716], [-121.98657, 38.01713], [-121.98677, 38.01708], [-121.98696, 38.01702], [-121.98712, 38.01695], [-121.99196, 38.01468], [-121.99211, 38.01459], [-121.99226, 38.01451], [-121.99241, 38.01441], [-121.99254, 38.01429], [-121.99265, 38.01417], [-121.99274, 38.01406], [-121.99324, 38.01344], [-121.99443, 38.01193], [-121.99456, 38.01179], [-121.9947, 38.01166], [-121.99487, 38.01154], [-121.99506, 38.01142], [-121.99525, 38.01133], [-121.99547, 38.01125], [-121.9957, 38.01118], [-121.99592, 38.01114], [-121.99615, 38.01112], [-121.99639, 38.01112], [-121.99663, 38.01114], [-121.99692, 38.01118], [-121.99709, 38.01121]]}}, {"type": "Feature", "properties": {"hw": "residential"}, "geometry": {"type": "LineString", "coordinates": [[-121.92926, 38.02163], [-121.92996, 38.02163]]}}, {"type": "Feature", "properties": {"hw": "residential"}, "geometry": {"type": "LineString", "coordinates": [[-121.95464, 38.01021], [-121.9556, 38.01052]]}}, {"type": "Feature", "properties": {"hw": "residential"}, "geometry": {"type": "LineString", "coordinates": [[-121.89108, 38.0245], [-121.8911, 38.02443], [-121.89159, 38.02316], [-121.89189, 38.02236], [-121.89215, 38.02169], [-121.89218, 38.0216]]}}, {"type": "Feature", "properties": {"hw": "residential"}, "geometry": {"type": "LineString", "coordinates": [[-121.91905, 38.02523], [-121.91887, 38.02508], [-121.91875, 38.0249], [-121.91875, 38.02372]]}}, {"type": "Feature", "properties": {"hw": "residential"}, "geometry": {"type": "LineString", "coordinates": [[-121.83656, 37.98416], [-121.83654, 37.98369]]}}, {"type": "Feature", "properties": {"hw": "residential"}, "geometry": {"type": "LineString", "coordinates": [[-121.90209, 37.99604], [-121.90178, 37.99567]]}}, {"type": "Feature", "properties": {"hw": "residential"}, "geometry": {"type": "LineString", "coordinates": [[-121.88523, 38.03152], [-121.88646, 38.03181], [-121.88721, 38.03199], [-121.88762, 38.03209], [-121.88771, 38.03211], [-121.88781, 38.03213], [-121.88822, 38.03223], [-121.89022, 38.03271]]}}, {"type": "Feature", "properties": {"hw": "residential"}, "geometry": {"type": "LineString", "coordinates": [[-121.93, 38.01504], [-121.93002, 38.01453], [-121.93013, 38.01402], [-121.93059, 38.01324], [-121.93072, 38.01297], [-121.93099, 38.01252], [-121.93136, 38.01202], [-121.93155, 38.01163], [-121.93166, 38.01081], [-121.93169, 38.01063], [-121.93173, 38.01035], [-121.93171, 38.01027], [-121.93167, 38.01018], [-121.93141, 38.00993], [-121.93105, 38.0097], [-121.93062, 38.00942], [-121.93031, 38.00931], [-121.9302, 38.00926]]}}, {"type": "Feature", "properties": {"hw": "residential"}, "geometry": {"type": "LineString", "coordinates": [[-121.88293, 37.99799], [-121.88292, 37.99789], [-121.88295, 37.9977], [-121.88302, 37.99756], [-121.88333, 37.99728], [-121.88591, 37.99502], [-121.887, 37.99405], [-121.887, 37.99392]]}}, {"type": "Feature", "properties": {"hw": "residential"}, "geometry": {"type": "LineString", "coordinates": [[-121.87772, 38.0249], [-121.87814, 38.02394], [-121.87847, 38.0232], [-121.87921, 38.02156]]}}, {"type": "Feature", "properties": {"hw": "residential"}, "geometry": {"type": "LineString", "coordinates": [[-121.88156, 38.00446], [-121.88161, 38.0045], [-121.88186, 38.00517]]}}, {"type": "Feature", "properties": {"hw": "residential"}, "geometry": {"type": "LineString", "coordinates": [[-121.93386, 38.02158], [-121.93312, 38.02158]]}}, {"type": "Feature", "properties": {"hw": "residential"}, "geometry": {"type": "LineString", "coordinates": [[-121.92325, 38.01417], [-121.92202, 38.01397], [-121.92171, 38.01388], [-121.9211, 38.01358]]}}, {"type": "Feature", "properties": {"hw": "residential"}, "geometry": {"type": "LineString", "coordinates": [[-121.87107, 38.0002], [-121.87102, 38.00002], [-121.87117, 37.99846], [-121.87025, 37.99846], [-121.87015, 37.99959], [-121.86997, 38.0001]]}}, {"type": "Feature", "properties": {"hw": "tertiary"}, "geometry": {"type": "LineString", "coordinates": [[-121.87715, 38.03138], [-121.87769, 38.03002]]}}, {"type": "Feature", "properties": {"hw": "tertiary"}, "geometry": {"type": "LineString", "coordinates": [[-121.88704, 38.00104], [-121.88704, 38.00036], [-121.88704, 37.99984], [-121.88704, 37.99978], [-121.88705, 37.99831], [-121.88705, 37.998]]}}, {"type": "Feature", "properties": {"hw": "residential"}, "geometry": {"type": "LineString", "coordinates": [[-122.00693, 37.98667], [-122.00693, 37.98678], [-122.00691, 37.98691], [-122.00678, 37.98708], [-122.00673, 37.98712], [-122.00666, 37.98718], [-122.00656, 37.98725], [-122.00651, 37.98729], [-122.00643, 37.98734], [-122.0061, 37.98747]]}}, {"type": "Feature", "properties": {"hw": "residential"}, "geometry": {"type": "LineString", "coordinates": [[-122.00426, 37.98474], [-122.00493, 37.98521], [-122.00569, 37.98575], [-122.00621, 37.98619], [-122.00647, 37.98622], [-122.00664, 37.98617], [-122.00677, 37.98627], [-122.00691, 37.98646], [-122.00693, 37.98656], [-122.00693, 37.98667]]}}, {"type": "Feature", "properties": {"hw": "residential"}, "geometry": {"type": "LineString", "coordinates": [[-121.87301, 38.02386], [-121.87324, 38.02334]]}}, {"type": "Feature", "properties": {"hw": "residential"}, "geometry": {"type": "LineString", "coordinates": [[-121.95737, 38.02396], [-121.95815, 38.02396], [-121.95834, 38.02402], [-121.95876, 38.02437], [-121.96018, 38.02547], [-121.96021, 38.02559], [-121.96014, 38.02572], [-121.95997, 38.02583], [-121.95975, 38.02587], [-121.95953, 38.02586], [-121.95875, 38.02567], [-121.95787, 38.02546], [-121.95736, 38.02545]]}}, {"type": "Feature", "properties": {"hw": "residential"}, "geometry": {"type": "LineString", "coordinates": [[-121.8347, 37.99239], [-121.83477, 37.99231], [-121.8348, 37.99227], [-121.8348, 37.99218], [-121.83479, 37.99214], [-121.83476, 37.99212], [-121.83471, 37.99212], [-121.83467, 37.99213], [-121.83463, 37.99218], [-121.83463, 37.9923], [-121.83466, 37.99235], [-121.8347, 37.99239]]}}, {"type": "Feature", "properties": {"hw": "residential"}, "geometry": {"type": "LineString", "coordinates": [[-121.8918, 38.00143], [-121.89231, 38.00111]]}}, {"type": "Feature", "properties": {"hw": "residential"}, "geometry": {"type": "LineString", "coordinates": [[-121.95171, 38.00562], [-121.95163, 38.00589], [-121.95162, 38.00632], [-121.95174, 38.0068], [-121.95202, 38.00737], [-121.95232, 38.00794]]}}, {"type": "Feature", "properties": {"hw": "residential"}, "geometry": {"type": "LineString", "coordinates": [[-121.94132, 38.02447], [-121.94101, 38.02447], [-121.94079, 38.02442], [-121.94061, 38.0243], [-121.94033, 38.02402], [-121.94001, 38.02369], [-121.93985, 38.02359], [-121.93963, 38.02352], [-121.93877, 38.02351], [-121.93808, 38.02351], [-121.93791, 38.02346]]}}, {"type": "Feature", "properties": {"hw": "residential"}, "geometry": {"type": "LineString", "coordinates": [[-121.88196, 38.01036], [-121.88183, 38.0107], [-121.88438, 38.01133], [-121.88449, 38.01134], [-121.88457, 38.01132], [-121.88461, 38.01125], [-121.88468, 38.01098], [-121.88468, 38.0109], [-121.88465, 38.01085], [-121.88459, 38.01083], [-121.88451, 38.01081], [-121.88216, 38.01023], [-121.88207, 38.01023], [-121.88199, 38.01027], [-121.88196, 38.01036]]}}, {"type": "Feature", "properties": {"hw": "residential"}, "geometry": {"type": "LineString", "coordinates": [[-121.8814, 38.0106], [-121.88158, 38.01064], [-121.88183, 38.0107]]}}, {"type": "Feature", "properties": {"hw": "residential"}, "geometry": {"type": "LineString", "coordinates": [[-121.972, 38.03277], [-121.97173, 38.03256], [-121.97153, 38.03245], [-121.97143, 38.03245], [-121.9713, 38.03248], [-121.97113, 38.03258], [-121.97108, 38.03267], [-121.97106, 38.03277], [-121.97107, 38.03283], [-121.97113, 38.03295]]}}, {"type": "Feature", "properties": {"hw": "residential"}, "geometry": {"type": "LineString", "coordinates": [[-121.97113, 38.03258], [-121.97099, 38.03247], [-121.97084, 38.03216], [-121.97081, 38.03208]]}}, {"type": "Feature", "properties": {"hw": "residential"}, "geometry": {"type": "LineString", "coordinates": [[-121.89389, 38.01526], [-121.89362, 38.0152], [-121.89341, 38.01522], [-121.89335, 38.01523], [-121.8932, 38.01532], [-121.89311, 38.01544], [-121.89308, 38.0155], [-121.89307, 38.01553], [-121.89303, 38.01561], [-121.89307, 38.01586], [-121.89318, 38.01608], [-121.8932, 38.01613], [-121.89319, 38.01617], [-121.89318, 38.01624], [-121.89315, 38.01632], [-121.89311, 38.01645], [-121.89301, 38.01655], [-121.8929, 38.0166], [-121.89263, 38.01669]]}}, {"type": "Feature", "properties": {"hw": "residential"}, "geometry": {"type": "LineString", "coordinates": [[-121.87479, 38.00967], [-121.87459, 38.00963], [-121.87425, 38.00956], [-121.87399, 38.00955], [-121.87366, 38.00945], [-121.87355, 38.00939], [-121.87331, 38.00935]]}}, {"type": "Feature", "properties": {"hw": "secondary"}, "geometry": {"type": "LineString", "coordinates": [[-121.8679, 38.00794], [-121.86827, 38.00787], [-121.86838, 38.00785], [-121.8685, 38.00784], [-121.86862, 38.00784], [-121.86873, 38.00784], [-121.86884, 38.00784], [-121.86894, 38.00785], [-121.86903, 38.00786], [-121.86914, 38.00788], [-121.86922, 38.00789]]}}, {"type": "Feature", "properties": {"hw": "residential"}, "geometry": {"type": "LineString", "coordinates": [[-121.87348, 38.01805], [-121.87362, 38.01768], [-121.87369, 38.01748], [-121.87372, 38.01739], [-121.87379, 38.0172], [-121.87381, 38.01702], [-121.87379, 38.01681], [-121.87378, 38.01674]]}}, {"type": "Feature", "properties": {"hw": "residential"}, "geometry": {"type": "LineString", "coordinates": [[-121.9605, 38.03593], [-121.9606, 38.03593], [-121.96078, 38.03594], [-121.96085, 38.03593], [-121.96104, 38.03593], [-121.96115, 38.03593], [-121.96124, 38.03593], [-121.96132, 38.03593], [-121.9615, 38.03593], [-121.9616, 38.03593], [-121.96175, 38.03593], [-121.96184, 38.03593], [-121.96189, 38.03593], [-121.96202, 38.03594], [-121.96239, 38.03594]]}}, {"type": "Feature", "properties": {"hw": "residential"}, "geometry": {"type": "LineString", "coordinates": [[-121.9037, 38.02288], [-121.90348, 38.0232], [-121.90345, 38.02328], [-121.90344, 38.02337], [-121.90345, 38.02354], [-121.90343, 38.02389], [-121.90343, 38.02404]]}}, {"type": "Feature", "properties": {"hw": "residential"}, "geometry": {"type": "LineString", "coordinates": [[-122.00313, 37.99047], [-122.00237, 37.99119]]}}, {"type": "Feature", "properties": {"hw": "residential"}, "geometry": {"type": "LineString", "coordinates": [[-121.93152, 38.01346], [-121.93154, 38.01382]]}}, {"type": "Feature", "properties": {"hw": "residential"}, "geometry": {"type": "LineString", "coordinates": [[-121.88621, 38.00164], [-121.88574, 38.00128], [-121.88554, 38.0011], [-121.88533, 38.00092], [-121.88522, 38.00078]]}}, {"type": "Feature", "properties": {"hw": "residential"}, "geometry": {"type": "LineString", "coordinates": [[-121.92458, 38.02083], [-121.92498, 38.02083], [-121.92548, 38.02099], [-121.92634, 38.02098], [-121.92632, 38.01971]]}}, {"type": "Feature", "properties": {"hw": "residential"}, "geometry": {"type": "LineString", "coordinates": [[-121.91394, 38.0144], [-121.91385, 38.01403], [-121.91385, 38.01384], [-121.91388, 38.01366]]}}, {"type": "Feature", "properties": {"hw": "residential"}, "geometry": {"type": "LineString", "coordinates": [[-121.89764, 38.01871], [-121.89881, 38.01552]]}}, {"type": "Feature", "properties": {"hw": "residential"}, "geometry": {"type": "LineString", "coordinates": [[-121.91556, 38.02485], [-121.91558, 38.0244]]}}, {"type": "Feature", "properties": {"hw": "residential"}, "geometry": {"type": "LineString", "coordinates": [[-121.87245, 37.99304], [-121.87213, 37.99316], [-121.87077, 37.99407], [-121.8707, 37.99433], [-121.87076, 37.99549], [-121.87077, 37.9962]]}}, {"type": "Feature", "properties": {"hw": "residential"}, "geometry": {"type": "LineString", "coordinates": [[-121.83678, 37.99244], [-121.83711, 37.9928], [-121.83728, 37.99288], [-121.83743, 37.99288], [-121.83759, 37.99282], [-121.83811, 37.99246], [-121.83844, 37.99235], [-121.84013, 37.99239]]}}, {"type": "Feature", "properties": {"hw": "residential"}, "geometry": {"type": "LineString", "coordinates": [[-121.83586, 37.98626], [-121.83585, 37.98613], [-121.83583, 37.98611], [-121.83575, 37.98605], [-121.83565, 37.98605], [-121.83561, 37.9861], [-121.83565, 37.98615], [-121.83573, 37.98622], [-121.83586, 37.98626]]}}, {"type": "Feature", "properties": {"hw": "residential"}, "geometry": {"type": "LineString", "coordinates": [[-121.96383, 38.03572], [-121.9633, 38.03571]]}}, {"type": "Feature", "properties": {"hw": "residential"}, "geometry": {"type": "LineString", "coordinates": [[-121.88121, 38.03146], [-121.88058, 38.03189], [-121.88042, 38.03196], [-121.88032, 38.03197], [-121.88009, 38.03192], [-121.88002, 38.03188], [-121.87996, 38.03184]]}}, {"type": "Feature", "properties": {"hw": "residential"}, "geometry": {"type": "LineString", "coordinates": [[-121.87996, 38.03184], [-121.87994, 38.0318], [-121.87994, 38.03171], [-121.88002, 38.0315], [-121.88005, 38.03145], [-121.88012, 38.03141], [-121.88023, 38.03137]]}}, {"type": "Feature", "properties": {"hw": "residential"}, "geometry": {"type": "LineString", "coordinates": [[-121.95627, 38.02901], [-121.95614, 38.02889], [-121.95595, 38.02875], [-121.95581, 38.02859], [-121.95571, 38.02856], [-121.9551, 38.02856], [-121.95476, 38.02856], [-121.95477, 38.0282], [-121.95477, 38.02788], [-121.95477, 38.02783]]}}, {"type": "Feature", "properties": {"hw": "residential"}, "geometry": {"type": "LineString", "coordinates": [[-121.99964, 37.97833], [-121.99976, 37.97829], [-121.99987, 37.97829], [-122.00001, 37.97835], [-122.00086, 37.97898], [-122.00103, 37.97912], [-122.00166, 37.97958], [-122.00204, 37.97984], [-122.0024, 37.98012], [-122.00288, 37.98046], [-122.00367, 37.98105], [-122.00402, 37.98131], [-122.00464, 37.98178], [-122.00512, 37.98213], [-122.00556, 37.98246], [-122.00575, 37.98269], [-122.00636, 37.98315], [-122.00693, 37.98359], [-122.00719, 37.98378], [-122.0077, 37.98416], [-122.00848, 37.9847], [-122.00934, 37.98535], [-122.01015, 37.98595], [-122.01027, 37.98604], [-122.01043, 37.98616], [-122.01058, 37.98627]]}}, {"type": "Feature", "properties": {"hw": "residential"}, "geometry": {"type": "LineString", "coordinates": [[-121.88204, 37.99974], [-121.8827, 37.99928], [-121.88303, 37.99903], [-121.88336, 37.99874]]}}, {"type": "Feature", "properties": {"hw": "residential"}, "geometry": {"type": "LineString", "coordinates": [[-121.85529, 38.01231], [-121.85552, 38.01168], [-121.85575, 38.01103], [-121.85586, 38.01075]]}}, {"type": "Feature", "properties": {"hw": "residential"}, "geometry": {"type": "LineString", "coordinates": [[-121.90609, 38.01578], [-121.90561, 38.01578], [-121.9054, 38.0157]]}}, {"type": "Feature", "properties": {"hw": "residential"}, "geometry": {"type": "LineString", "coordinates": [[-121.91962, 38.02324], [-121.91949, 38.02284], [-121.91932, 38.02264], [-121.91904, 38.02248], [-121.91891, 38.02236], [-121.91878, 38.02218], [-121.91874, 38.02206], [-121.91873, 38.02193], [-121.91875, 38.02145], [-121.91876, 38.0213], [-121.9188, 38.02116], [-121.9189, 38.021], [-121.91915, 38.0209], [-121.9193, 38.02088], [-121.92095, 38.0209], [-121.92129, 38.02107]]}}, {"type": "Feature", "properties": {"hw": "residential"}, "geometry": {"type": "LineString", "coordinates": [[-122.00485, 37.99077], [-122.00495, 37.99084], [-122.00563, 37.99134], [-122.00616, 37.99175], [-122.00627, 37.99177]]}}, {"type": "Feature", "properties": {"hw": "residential"}, "geometry": {"type": "LineString", "coordinates": [[-121.88067, 38.02919], [-121.8809, 38.02917], [-121.88165, 38.02935]]}}, {"type": "Feature", "properties": {"hw": "residential"}, "geometry": {"type": "LineString", "coordinates": [[-121.92378, 38.02574], [-121.92257, 38.02618], [-121.92215, 38.02623], [-121.92131, 38.02621], [-121.91935, 38.0262], [-121.91904, 38.02606], [-121.91889, 38.02594], [-121.91882, 38.02577], [-121.91882, 38.02558], [-121.91889, 38.02538], [-121.91905, 38.02523], [-121.91916, 38.02519], [-121.91933, 38.02511], [-121.91943, 38.02504], [-121.91955, 38.02488], [-121.91957, 38.02486], [-121.9196, 38.02471], [-121.91971, 38.02368], [-121.91962, 38.02324]]}}, {"type": "Feature", "properties": {"hw": "residential"}, "geometry": {"type": "LineString", "coordinates": [[-121.88253, 38.00322], [-121.88279, 38.00243], [-121.88226, 38.00194], [-121.88213, 38.00185]]}}, {"type": "Feature", "properties": {"hw": "residential"}, "geometry": {"type": "LineString", "coordinates": [[-121.88588, 38.03371], [-121.88597, 38.03346], [-121.88609, 38.03317], [-121.88617, 38.03294]]}}, {"type": "Feature", "properties": {"hw": "residential"}, "geometry": {"type": "LineString", "coordinates": [[-121.83599, 38.00225], [-121.83586, 38.00231], [-121.83565, 38.00238], [-121.83555, 38.00241], [-121.83514, 38.00251], [-121.83484, 38.00254], [-121.83455, 38.00254], [-121.83425, 38.00251], [-121.83396, 38.00247], [-121.83365, 38.0024], [-121.83341, 38.00233], [-121.83296, 38.0022], [-121.83251, 38.00205], [-121.83239, 38.00201], [-121.83226, 38.00197], [-121.83182, 38.00184], [-121.83156, 38.00176], [-121.83055, 38.00148], [-121.83043, 38.00144], [-121.8303, 38.00139]]}}, {"type": "Feature", "properties": {"hw": "residential"}, "geometry": {"type": "LineString", "coordinates": [[-121.95445, 38.02677], [-121.95445, 38.02643], [-121.95445, 38.02634], [-121.95445, 38.02631], [-121.95444, 38.02598], [-121.95445, 38.02527], [-121.95443, 38.02514], [-121.95444, 38.02495], [-121.95445, 38.02339], [-121.95444, 38.02318], [-121.95444, 38.02308], [-121.9544, 38.0229], [-121.95441, 38.02249], [-121.9544, 38.02245], [-121.9544, 38.02218], [-121.95438, 38.02188], [-121.95443, 38.0217]]}}, {"type": "Feature", "properties": {"hw": "residential"}, "geometry": {"type": "LineString", "coordinates": [[-121.94841, 38.00887], [-121.94749, 38.01053], [-121.94753, 38.01054], [-121.94829, 38.01082], [-121.94923, 38.00917]]}}, {"type": "Feature", "properties": {"hw": "residential"}, "geometry": {"type": "LineString", "coordinates": [[-121.87613, 38.01878], [-121.87458, 38.01841], [-121.87449, 38.01836], [-121.87443, 38.0183], [-121.87441, 38.01822], [-121.87443, 38.01814], [-121.87448, 38.01802], [-121.87461, 38.01768]]}}, {"type": "Feature", "properties": {"hw": "residential"}, "geometry": {"type": "LineString", "coordinates": [[-121.873, 38.00101], [-121.87264, 38.00094], [-121.87236, 38.00095], [-121.87162, 38.00103], [-121.87096, 38.0012], [-121.87086, 38.00125], [-121.87081, 38.0013], [-121.87075, 38.00136], [-121.87073, 38.00143], [-121.87071, 38.00151], [-121.87069, 38.00158], [-121.87064, 38.00165], [-121.87055, 38.00173], [-121.8704, 38.0018], [-121.87026, 38.00193]]}}, {"type": "Feature", "properties": {"hw": "residential"}, "geometry": {"type": "LineString", "coordinates": [[-121.87199, 38.00253], [-121.87263, 38.00199], [-121.87272, 38.00177], [-121.87288, 38.00138], [-121.873, 38.00101]]}}, {"type": "Feature", "properties": {"hw": "residential"}, "geometry": {"type": "LineString", "coordinates": [[-121.97304, 38.02607], [-121.97323, 38.026], [-121.97343, 38.02595], [-121.9741, 38.02598], [-121.97433, 38.026], [-121.97446, 38.02604], [-121.9747, 38.02616], [-121.97491, 38.02616], [-121.97506, 38.02603], [-121.97547, 38.02563]]}}, {"type": "Feature", "properties": {"hw": "residential"}, "geometry": {"type": "LineString", "coordinates": [[-121.91629, 38.02278], [-121.91752, 38.02279]]}}, {"type": "Feature", "properties": {"hw": "residential"}, "geometry": {"type": "LineString", "coordinates": [[-121.88952, 38.03374], [-121.88947, 38.03392], [-121.88944, 38.034], [-121.88934, 38.03421], [-121.88921, 38.03458], [-121.88915, 38.03479], [-121.88908, 38.03499], [-121.88903, 38.03506], [-121.88895, 38.03511], [-121.88891, 38.03512], [-121.88885, 38.03515], [-121.88876, 38.03517]]}}, {"type": "Feature", "properties": {"hw": "residential"}, "geometry": {"type": "LineString", "coordinates": [[-121.89586, 37.99385], [-121.89594, 37.99399], [-121.89614, 37.99435]]}}, {"type": "Feature", "properties": {"hw": "residential"}, "geometry": {"type": "LineString", "coordinates": [[-121.89516, 37.99479], [-121.89513, 37.99474], [-121.89496, 37.99447], [-121.89494, 37.99444], [-121.89473, 37.99411]]}}, {"type": "Feature", "properties": {"hw": "residential"}, "geometry": {"type": "LineString", "coordinates": [[-121.92207, 38.01687], [-121.92227, 38.01638]]}}, {"type": "Feature", "properties": {"hw": "residential"}, "geometry": {"type": "LineString", "coordinates": [[-121.93112, 38.02725], [-121.93105, 38.02736], [-121.93098, 38.02746], [-121.9307, 38.0278], [-121.93065, 38.02801], [-121.93063, 38.0287], [-121.93062, 38.02906], [-121.93062, 38.02916], [-121.93062, 38.02939], [-121.93061, 38.02963], [-121.93053, 38.02977], [-121.93042, 38.02987], [-121.93033, 38.02988], [-121.93026, 38.02989], [-121.93013, 38.02991]]}}, {"type": "Feature", "properties": {"hw": "residential"}, "geometry": {"type": "LineString", "coordinates": [[-121.93329, 38.02677], [-121.93329, 38.02713], [-121.93329, 38.0272], [-121.93329, 38.02723], [-121.9333, 38.02808], [-121.93331, 38.02904], [-121.9333, 38.02972]]}}, {"type": "Feature", "properties": {"hw": "residential"}, "geometry": {"type": "LineString", "coordinates": [[-121.90996, 38.02074], [-121.9094, 38.02286], [-121.90936, 38.02301]]}}, {"type": "Feature", "properties": {"hw": "secondary"}, "geometry": {"type": "LineString", "coordinates": [[-121.89653, 37.99807], [-121.89668, 37.99807]]}}, {"type": "Feature", "properties": {"hw": "residential"}, "geometry": {"type": "LineString", "coordinates": [[-121.9245, 38.02142], [-121.92496, 38.02163], [-121.92528, 38.02171], [-121.92724, 38.02171]]}}, {"type": "Feature", "properties": {"hw": "residential"}, "geometry": {"type": "LineString", "coordinates": [[-121.89995, 38.00566], [-121.90119, 38.00565], [-121.9013, 38.00568]]}}, {"type": "Feature", "properties": {"hw": "residential"}, "geometry": {"type": "LineString", "coordinates": [[-121.93745, 38.02675], [-121.93746, 38.02708], [-121.93746, 38.02716], [-121.93746, 38.02724], [-121.93745, 38.0274], [-121.93745, 38.02828], [-121.93745, 38.02847], [-121.93744, 38.02849], [-121.93744, 38.02865], [-121.93741, 38.02971]]}}, {"type": "Feature", "properties": {"hw": "residential"}, "geometry": {"type": "LineString", "coordinates": [[-121.89745, 38.00794], [-121.89748, 38.00787], [-121.89759, 38.00763], [-121.8977, 38.0075], [-121.89789, 38.00725], [-121.89798, 38.00706], [-121.89803, 38.00687], [-121.89804, 38.00674], [-121.89796, 38.00603], [-121.89793, 38.00571], [-121.89792, 38.00563], [-121.8979, 38.00532], [-121.89787, 38.00491], [-121.89781, 38.00423], [-121.89774, 38.00355], [-121.89773, 38.00345], [-121.89775, 38.00293], [-121.89778, 38.00284], [-121.89783, 38.00273], [-121.89786, 38.00257], [-121.89784, 38.00216], [-121.89783, 38.00145], [-121.89784, 38.00074], [-121.89783, 38.00002], [-121.89783, 37.9997]]}}, {"type": "Feature", "properties": {"hw": "residential"}, "geometry": {"type": "LineString", "coordinates": [[-121.91631, 38.0221], [-121.91751, 38.0221]]}}, {"type": "Feature", "properties": {"hw": "residential"}, "geometry": {"type": "LineString", "coordinates": [[-121.99295, 37.97981], [-121.99309, 37.97994], [-121.99342, 37.9802], [-121.9941, 37.98072], [-121.99443, 37.98085], [-121.99483, 37.98115], [-121.99565, 37.98176], [-121.99592, 37.98197], [-121.99613, 37.98216], [-121.99743, 37.98312]]}}, {"type": "Feature", "properties": {"hw": "residential"}, "geometry": {"type": "LineString", "coordinates": [[-121.95986, 38.03349], [-121.958, 38.03348], [-121.9564, 38.03348], [-121.95614, 38.03341], [-121.95572, 38.03306]]}}, {"type": "Feature", "properties": {"hw": "residential"}, "geometry": {"type": "LineString", "coordinates": [[-121.90603, 38.01754], [-121.9057, 38.0175], [-121.90557, 38.01747], [-121.90535, 38.01732], [-121.90488, 38.0169], [-121.90463, 38.0167], [-121.9044, 38.01656], [-121.90416, 38.01648], [-121.90398, 38.01646], [-121.90377, 38.01651], [-121.90357, 38.01658]]}}, {"type": "Feature", "properties": {"hw": "residential"}, "geometry": {"type": "LineString", "coordinates": [[-121.88226, 38.00976], [-121.88251, 38.00912]]}}, {"type": "Feature", "properties": {"hw": "residential"}, "geometry": {"type": "LineString", "coordinates": [[-121.97547, 38.02563], [-121.97558, 38.02552], [-121.97567, 38.02537]]}}, {"type": "Feature", "properties": {"hw": "residential"}, "geometry": {"type": "LineString", "coordinates": [[-121.88421, 38.0038], [-121.88389, 38.00351], [-121.8834, 38.00336]]}}, {"type": "Feature", "properties": {"hw": "residential"}, "geometry": {"type": "LineString", "coordinates": [[-121.95125, 38.02387], [-121.95037, 38.02364], [-121.95027, 38.02362]]}}, {"type": "Feature", "properties": {"hw": "residential"}, "geometry": {"type": "LineString", "coordinates": [[-121.88643, 38.0379], [-121.88587, 38.03776], [-121.88577, 38.03774], [-121.8856, 38.0377]]}}, {"type": "Feature", "properties": {"hw": "residential"}, "geometry": {"type": "LineString", "coordinates": [[-121.87565, 38.01488], [-121.87518, 38.0161]]}}, {"type": "Feature", "properties": {"hw": "residential"}, "geometry": {"type": "LineString", "coordinates": [[-121.87268, 38.0166], [-121.8725, 38.01708], [-121.87242, 38.0173], [-121.87231, 38.01761], [-121.8723, 38.01767]]}}, {"type": "Feature", "properties": {"hw": "residential"}, "geometry": {"type": "LineString", "coordinates": [[-121.8612, 37.99512], [-121.86166, 37.99515], [-121.86197, 37.99512], [-121.86275, 37.99502], [-121.86298, 37.99501], [-121.86327, 37.99503], [-121.8635, 37.99506], [-121.86426, 37.99512], [-121.86504, 37.99516], [-121.86563, 37.99516], [-121.86603, 37.99514], [-121.86664, 37.9951], [-121.86719, 37.99503], [-121.86748, 37.99497], [-121.86814, 37.99475]]}}, {"type": "Feature", "properties": {"hw": "residential"}, "geometry": {"type": "LineString", "coordinates": [[-121.94625, 38.0246], [-121.94631, 38.0246], [-121.94714, 38.02461]]}}, {"type": "Feature", "properties": {"hw": "residential"}, "geometry": {"type": "LineString", "coordinates": [[-121.95339, 38.00981], [-121.9531, 38.00957], [-121.95249, 38.0092], [-121.95212, 38.00908]]}}, {"type": "Feature", "properties": {"hw": "residential"}, "geometry": {"type": "LineString", "coordinates": [[-121.90226, 38.00566], [-121.90314, 38.00565]]}}, {"type": "Feature", "properties": {"hw": "residential"}, "geometry": {"type": "LineString", "coordinates": [[-121.8948, 38.00241], [-121.89473, 38.00239], [-121.89261, 38.00196], [-121.8918, 38.00143], [-121.89119, 38.00083], [-121.8907, 38.00032]]}}, {"type": "Feature", "properties": {"hw": "residential"}, "geometry": {"type": "LineString", "coordinates": [[-121.87997, 38.00118], [-121.88003, 38.00084]]}}, {"type": "Feature", "properties": {"hw": "residential"}, "geometry": {"type": "LineString", "coordinates": [[-121.90313, 38.00269], [-121.90371, 38.00282], [-121.90382, 38.00288]]}}, {"type": "Feature", "properties": {"hw": "residential"}, "geometry": {"type": "LineString", "coordinates": [[-121.90513, 38.02393], [-121.90499, 38.02393], [-121.90364, 38.02355], [-121.90345, 38.02354]]}}, {"type": "Feature", "properties": {"hw": "residential"}, "geometry": {"type": "LineString", "coordinates": [[-121.92335, 38.01824], [-121.92326, 38.01858], [-121.92326, 38.01911]]}}, {"type": "Feature", "properties": {"hw": "residential"}, "geometry": {"type": "LineString", "coordinates": [[-121.83506, 37.98666], [-121.835, 37.98652], [-121.83495, 37.98648], [-121.83489, 37.98646], [-121.83481, 37.98646], [-121.83476, 37.9865], [-121.83476, 37.98656], [-121.83481, 37.9866], [-121.8349, 37.98663], [-121.83506, 37.98666]]}}, {"type": "Feature", "properties": {"hw": "residential"}, "geometry": {"type": "LineString", "coordinates": [[-121.90488, 38.0169], [-121.90511, 38.01676]]}}, {"type": "Feature", "properties": {"hw": "residential"}, "geometry": {"type": "LineString", "coordinates": [[-121.93646, 38.02676], [-121.93645, 38.02641], [-121.93645, 38.02638], [-121.93645, 38.02597], [-121.93645, 38.02563], [-121.93644, 38.0252]]}}, {"type": "Feature", "properties": {"hw": "residential"}, "geometry": {"type": "LineString", "coordinates": [[-121.88828, 38.02707], [-121.88953, 38.02736], [-121.89076, 38.02766], [-121.89202, 38.02795], [-121.89221, 38.02796], [-121.89414, 38.02796]]}}, {"type": "Feature", "properties": {"hw": "residential"}, "geometry": {"type": "LineString", "coordinates": [[-121.95126, 38.02498], [-121.95048, 38.02498], [-121.95045, 38.02498], [-121.95042, 38.025], [-121.95041, 38.02502], [-121.95041, 38.02504], [-121.9504, 38.0254], [-121.9504, 38.02541], [-121.95041, 38.02542], [-121.95044, 38.02543], [-121.95047, 38.02543], [-121.95126, 38.02542]]}}, {"type": "Feature", "properties": {"hw": "residential"}, "geometry": {"type": "LineString", "coordinates": [[-121.94083, 38.01325], [-121.94124, 38.0132]]}}, {"type": "Feature", "properties": {"hw": "residential"}, "geometry": {"type": "LineString", "coordinates": [[-121.89434, 38.00361], [-121.89448, 38.00362], [-121.89484, 38.00363], [-121.89523, 38.00363], [-121.89541, 38.00357], [-121.89553, 38.00351], [-121.89569, 38.00345], [-121.89592, 38.00347], [-121.89648, 38.00354], [-121.89693, 38.00356], [-121.89743, 38.00355], [-121.89774, 38.00355], [-121.89841, 38.00352], [-121.89891, 38.00354], [-121.8995, 38.00359], [-121.90014, 38.00368], [-121.90057, 38.00377], [-121.90099, 38.00388]]}}, {"type": "Feature", "properties": {"hw": "residential"}, "geometry": {"type": "LineString", "coordinates": [[-121.95735, 38.02677], [-121.95734, 38.02624], [-121.95735, 38.02597], [-121.95735, 38.02586], [-121.95736, 38.02566], [-121.95736, 38.02545], [-121.95737, 38.02396], [-121.95737, 38.02338]]}}, {"type": "Feature", "properties": {"hw": "residential"}, "geometry": {"type": "LineString", "coordinates": [[-121.91201, 38.01426], [-121.91192, 38.01418], [-121.91165, 38.01395], [-121.91152, 38.01386], [-121.91135, 38.01377], [-121.91116, 38.01367], [-121.91101, 38.01361], [-121.91081, 38.01353], [-121.91009, 38.01331], [-121.90998, 38.01328], [-121.90979, 38.01322]]}}, {"type": "Feature", "properties": {"hw": "residential"}, "geometry": {"type": "LineString", "coordinates": [[-121.88188, 38.03079], [-121.88185, 38.03087], [-121.88172, 38.0312], [-121.88157, 38.0316]]}}, {"type": "Feature", "properties": {"hw": "residential"}, "geometry": {"type": "LineString", "coordinates": [[-121.96067, 38.03697], [-121.96062, 38.037], [-121.96056, 38.03705], [-121.96053, 38.03709], [-121.96051, 38.03715], [-121.9605, 38.03721], [-121.96049, 38.03746], [-121.9605, 38.03772], [-121.9605, 38.03784], [-121.9605, 38.03821], [-121.96051, 38.0385], [-121.96051, 38.03877]]}}, {"type": "Feature", "properties": {"hw": "residential"}, "geometry": {"type": "LineString", "coordinates": [[-121.89198, 38.02459], [-121.89202, 38.0245], [-121.89305, 38.02181], [-121.89422, 38.01874]]}}, {"type": "Feature", "properties": {"hw": "residential"}, "geometry": {"type": "LineString", "coordinates": [[-121.88, 38.02101], [-121.88006, 38.02093], [-121.88024, 38.02043], [-121.8803, 38.02024], [-121.88039, 38.01997]]}}, {"type": "Feature", "properties": {"hw": "residential"}, "geometry": {"type": "LineString", "coordinates": [[-121.88673, 38.02533], [-121.88676, 38.02526], [-121.88717, 38.02417]]}}, {"type": "Feature", "properties": {"hw": "residential"}, "geometry": {"type": "LineString", "coordinates": [[-121.99446, 37.98428], [-121.99451, 37.98451], [-121.99432, 37.98495]]}}, {"type": "Feature", "properties": {"hw": "residential"}, "geometry": {"type": "LineString", "coordinates": [[-121.99268, 37.98295], [-121.99333, 37.98343], [-121.99394, 37.98388], [-121.99446, 37.98428]]}}, {"type": "Feature", "properties": {"hw": "residential"}, "geometry": {"type": "LineString", "coordinates": [[-121.84986, 37.99945], [-121.85002, 37.99913], [-121.85019, 37.99895], [-121.85043, 37.99882], [-121.85067, 37.99878], [-121.85358, 37.99884], [-121.85489, 37.99883], [-121.85546, 37.99884]]}}, {"type": "Feature", "properties": {"hw": "residential"}, "geometry": {"type": "LineString", "coordinates": [[-121.86798, 37.99615], [-121.86893, 37.99591], [-121.86924, 37.99583], [-121.8694, 37.99579], [-121.86952, 37.99571], [-121.86959, 37.99561], [-121.86961, 37.9955], [-121.86959, 37.99505], [-121.86958, 37.9947], [-121.86952, 37.99454], [-121.86939, 37.99436], [-121.86924, 37.9942]]}}, {"type": "Feature", "properties": {"hw": "residential"}, "geometry": {"type": "LineString", "coordinates": [[-121.94844, 38.01228], [-121.94893, 38.01243], [-121.9494, 38.01251]]}}, {"type": "Feature", "properties": {"hw": "residential"}, "geometry": {"type": "LineString", "coordinates": [[-121.97049, 38.0261], [-121.97077, 38.02619], [-121.97098, 38.02639], [-121.97099, 38.02648]]}}, {"type": "Feature", "properties": {"hw": "residential"}, "geometry": {"type": "LineString", "coordinates": [[-121.95029, 38.01083], [-121.94998, 38.01034], [-121.94992, 38.01008], [-121.94989, 38.00983], [-121.94979, 38.00962], [-121.9496, 38.00941], [-121.94947, 38.0093], [-121.94923, 38.00917], [-121.94913, 38.00913], [-121.94841, 38.00887], [-121.94794, 38.0087], [-121.94764, 38.0086], [-121.94741, 38.00855], [-121.94651, 38.00849], [-121.94547, 38.00842], [-121.94452, 38.00835]]}}, {"type": "Feature", "properties": {"hw": "residential"}, "geometry": {"type": "LineString", "coordinates": [[-121.95581, 38.03195], [-121.95647, 38.03148], [-121.95671, 38.03166]]}}, {"type": "Feature", "properties": {"hw": "residential"}, "geometry": {"type": "LineString", "coordinates": [[-121.92114, 38.01906], [-121.92135, 38.01933]]}}, {"type": "Feature", "properties": {"hw": "residential"}, "geometry": {"type": "LineString", "coordinates": [[-121.88705, 37.998], [-121.88709, 37.9979], [-121.88707, 37.9977], [-121.887, 37.99747], [-121.88694, 37.99734], [-121.88688, 37.99716], [-121.88685, 37.99703], [-121.88684, 37.9968], [-121.8869, 37.99664], [-121.88717, 37.99627], [-121.88751, 37.99589], [-121.88766, 37.99566], [-121.88769, 37.99559], [-121.88772, 37.99552], [-121.88777, 37.99532], [-121.88775, 37.99449], [-121.88777, 37.9943], [-121.88779, 37.99417], [-121.88791, 37.994], [-121.88833, 37.99379]]}}, {"type": "Feature", "properties": {"hw": "residential"}, "geometry": {"type": "LineString", "coordinates": [[-121.89302, 38.0098], [-121.89338, 38.00904], [-121.89368, 38.0083]]}}, {"type": "Feature", "properties": {"hw": "residential"}, "geometry": {"type": "LineString", "coordinates": [[-121.87831, 38.02044], [-121.87861, 38.01964], [-121.8787, 38.01955]]}}, {"type": "Feature", "properties": {"hw": "residential"}, "geometry": {"type": "LineString", "coordinates": [[-121.89673, 38.00003], [-121.89783, 38.00002], [-121.90018, 38.00003]]}}, {"type": "Feature", "properties": {"hw": "residential"}, "geometry": {"type": "LineString", "coordinates": [[-121.93036, 38.00745], [-121.93059, 38.00797], [-121.93067, 38.00819], [-121.93069, 38.00837], [-121.93065, 38.00857], [-121.93063, 38.00865], [-121.93059, 38.0087], [-121.93051, 38.00878], [-121.93028, 38.00902], [-121.9302, 38.00926], [-121.93003, 38.00971], [-121.92986, 38.01022], [-121.92938, 38.0115], [-121.92929, 38.01167], [-121.9292, 38.01182], [-121.92867, 38.01266], [-121.92831, 38.01332], [-121.92824, 38.0136], [-121.92824, 38.01468], [-121.92821, 38.01488], [-121.92821, 38.01496], [-121.92827, 38.01533], [-121.92827, 38.01545], [-121.92823, 38.01594], [-121.92821, 38.01764]]}}, {"type": "Feature", "properties": {"hw": "residential"}, "geometry": {"type": "LineString", "coordinates": [[-121.90401, 38.00122], [-121.90371, 38.00115], [-121.90324, 38.00104], [-121.90302, 38.00103]]}}, {"type": "Feature", "properties": {"hw": "residential"}, "geometry": {"type": "LineString", "coordinates": [[-121.84685, 38.00582], [-121.84708, 38.00541], [-121.84783, 38.00495], [-121.84838, 38.00441], [-121.8487, 38.00341]]}}, {"type": "Feature", "properties": {"hw": "residential"}, "geometry": {"type": "LineString", "coordinates": [[-121.91751, 38.02369], [-121.91751, 38.02486], [-121.9175, 38.02607]]}}, {"type": "Feature", "properties": {"hw": "residential"}, "geometry": {"type": "LineString", "coordinates": [[-121.91963, 38.01396], [-121.91982, 38.01345], [-121.91988, 38.01337], [-121.91998, 38.01313], [-121.92001, 38.01298], [-121.92, 38.01279], [-121.92001, 38.01264], [-121.92005, 38.01248], [-121.9202, 38.01223], [-121.92024, 38.0121], [-121.92023, 38.01196], [-121.92017, 38.01182], [-121.92004, 38.01164], [-121.92, 38.0115], [-121.92002, 38.01138], [-121.9201, 38.01109], [-121.92032, 38.01039], [-121.92045, 38.00995], [-121.92047, 38.00989], [-121.92053, 38.00967], [-121.92059, 38.00949], [-121.92059, 38.00945], [-121.92059, 38.00939], [-121.92056, 38.00933], [-121.9205, 38.00928], [-121.92043, 38.00925], [-121.92034, 38.00924], [-121.92021, 38.00925], [-121.92005, 38.00929], [-121.91994, 38.00922], [-121.91953, 38.00916]]}}, {"type": "Feature", "properties": {"hw": "residential"}, "geometry": {"type": "LineString", "coordinates": [[-121.95987, 38.0321], [-121.95946, 38.0321], [-121.958, 38.0321], [-121.95776, 38.0321], [-121.95761, 38.03217], [-121.95713, 38.03255], [-121.95701, 38.03264], [-121.95694, 38.03276]]}}, {"type": "Feature", "properties": {"hw": "residential"}, "geometry": {"type": "LineString", "coordinates": [[-121.92324, 38.01517], [-121.92191, 38.01495], [-121.92144, 38.01487], [-121.92068, 38.01469]]}}, {"type": "Feature", "properties": {"hw": "residential"}, "geometry": {"type": "LineString", "coordinates": [[-121.92191, 38.01495], [-121.92204, 38.01447]]}}, {"type": "Feature", "properties": {"hw": "residential"}, "geometry": {"type": "LineString", "coordinates": [[-121.84082, 38.01046], [-121.84099, 38.00994], [-121.84106, 38.00971]]}}, {"type": "Feature", "properties": {"hw": "residential"}, "geometry": {"type": "LineString", "coordinates": [[-121.88849, 38.0195], [-121.88835, 38.01946]]}}, {"type": "Feature", "properties": {"hw": "residential"}, "geometry": {"type": "LineString", "coordinates": [[-121.95923, 38.03128], [-121.95924, 38.03039], [-121.95918, 38.03026]]}}, {"type": "Feature", "properties": {"hw": "residential"}, "geometry": {"type": "LineString", "coordinates": [[-121.958, 38.0321], [-121.958, 38.03348]]}}, {"type": "Feature", "properties": {"hw": "residential"}, "geometry": {"type": "LineString", "coordinates": [[-121.8338, 37.99926], [-121.83382, 37.9993], [-121.83386, 37.99938], [-121.83401, 37.99946], [-121.83417, 37.99939]]}}, {"type": "Feature", "properties": {"hw": "residential"}, "geometry": {"type": "LineString", "coordinates": [[-121.98009, 38.03302], [-121.98009, 38.0329], [-121.98008, 38.03237], [-121.97998, 38.03171], [-121.97994, 38.03132], [-121.97991, 38.03107], [-121.97987, 38.03078], [-121.97977, 38.03047], [-121.97963, 38.03017], [-121.97957, 38.03007], [-121.97953, 38.02997], [-121.9795, 38.02988], [-121.97947, 38.02977], [-121.97943, 38.0294], [-121.97945, 38.02912], [-121.97946, 38.02861], [-121.97952, 38.02828], [-121.97965, 38.02802], [-121.97983, 38.02779], [-121.98006, 38.02759], [-121.98035, 38.02741], [-121.98087, 38.02711], [-121.98115, 38.02701]]}}, {"type": "Feature", "properties": {"hw": "residential"}, "geometry": {"type": "LineString", "coordinates": [[-121.94754, 38.02676], [-121.94747, 38.02646], [-121.9474, 38.02623], [-121.94736, 38.02607], [-121.94735, 38.02605], [-121.94734, 38.02602], [-121.9472, 38.02576], [-121.94714, 38.02527], [-121.94714, 38.02461], [-121.94717, 38.02391], [-121.94821, 38.02415], [-121.94839, 38.02425], [-121.9485, 38.02441], [-121.94848, 38.02486], [-121.94849, 38.02565], [-121.94835, 38.02576], [-121.9472, 38.02576]]}}, {"type": "Feature", "properties": {"hw": "residential"}, "geometry": {"type": "LineString", "coordinates": [[-121.84931, 38.0043], [-121.85017, 38.00449], [-121.85242, 38.00491], [-121.85255, 38.005], [-121.85264, 38.00515]]}}, {"type": "Feature", "properties": {"hw": "residential"}, "geometry": {"type": "LineString", "coordinates": [[-121.99984, 37.98217], [-122.00007, 37.98251], [-122.00035, 37.98273], [-122.00099, 37.98319], [-122.00162, 37.98368], [-122.00225, 37.98415], [-122.00308, 37.98476], [-122.00329, 37.98494], [-122.00336, 37.98508], [-122.00342, 37.98523]]}}, {"type": "Feature", "properties": {"hw": "residential"}, "geometry": {"type": "LineString", "coordinates": [[-121.91457, 38.01445], [-121.91447, 38.01498]]}}, {"type": "Feature", "properties": {"hw": "residential"}, "geometry": {"type": "LineString", "coordinates": [[-121.96202, 38.02781], [-121.96201, 38.02847], [-121.96194, 38.02869], [-121.96194, 38.02929]]}}, {"type": "Feature", "properties": {"hw": "residential"}, "geometry": {"type": "LineString", "coordinates": [[-121.96469, 38.03718], [-121.96471, 38.03403]]}}, {"type": "Feature", "properties": {"hw": "residential"}, "geometry": {"type": "LineString", "coordinates": [[-121.86709, 37.99445], [-121.86738, 37.99435], [-121.86777, 37.99423], [-121.86805, 37.9941], [-121.8686, 37.99382], [-121.86872, 37.99372], [-121.86876, 37.99363], [-121.86876, 37.99354], [-121.86871, 37.99342], [-121.86844, 37.99317], [-121.86823, 37.99292], [-121.86811, 37.99276], [-121.86802, 37.99259], [-121.86794, 37.99242], [-121.86776, 37.99228], [-121.86752, 37.99224], [-121.86709, 37.9922], [-121.86668, 37.99211], [-121.86634, 37.99198], [-121.86575, 37.9917], [-121.86563, 37.99166], [-121.86546, 37.99166], [-121.86525, 37.9917], [-121.86512, 37.99175], [-121.86504, 37.99181]]}}, {"type": "Feature", "properties": {"hw": "residential"}, "geometry": {"type": "LineString", "coordinates": [[-121.83802, 37.98774], [-121.83801, 37.98761], [-121.8379, 37.98754], [-121.83783, 37.98753], [-121.83779, 37.98758], [-121.83777, 37.98764], [-121.83787, 37.98772], [-121.83802, 37.98774]]}}, {"type": "Feature", "properties": {"hw": "residential"}, "geometry": {"type": "LineString", "coordinates": [[-121.83622, 37.98753], [-121.83621, 37.98761], [-121.83634, 37.98772], [-121.83643, 37.9877], [-121.83646, 37.98766], [-121.83644, 37.98761], [-121.83638, 37.98755], [-121.83629, 37.98752], [-121.83622, 37.98753]]}}, {"type": "Feature", "properties": {"hw": "residential"}, "geometry": {"type": "LineString", "coordinates": [[-121.92532, 38.01981], [-121.92548, 38.02019]]}}, {"type": "Feature", "properties": {"hw": "residential"}, "geometry": {"type": "LineString", "coordinates": [[-121.84535, 37.99558], [-121.84524, 37.9957], [-121.84509, 37.99573], [-121.84491, 37.99575], [-121.84469, 37.99572], [-121.84447, 37.99566], [-121.84422, 37.99557], [-121.84403, 37.9955], [-121.84381, 37.99542], [-121.84353, 37.99535], [-121.84307, 37.99519]]}}, {"type": "Feature", "properties": {"hw": "residential"}, "geometry": {"type": "LineString", "coordinates": [[-121.91351, 38.02124], [-121.91281, 38.02124], [-121.91179, 38.02124], [-121.9111, 38.02123]]}}, {"type": "Feature", "properties": {"hw": "residential"}, "geometry": {"type": "LineString", "coordinates": [[-121.94089, 38.02966], [-121.93974, 38.02966], [-121.93913, 38.02965], [-121.9386, 38.02971], [-121.93741, 38.02971], [-121.93661, 38.02971], [-121.93571, 38.02972], [-121.93451, 38.02972], [-121.9333, 38.02972]]}}, {"type": "Feature", "properties": {"hw": "residential"}, "geometry": {"type": "LineString", "coordinates": [[-121.84792, 38.0061], [-121.84812, 38.00566], [-121.84832, 38.00548], [-121.8487, 38.00525], [-121.8491, 38.00487], [-121.84931, 38.0043], [-121.84955, 38.00358]]}}, {"type": "Feature", "properties": {"hw": "residential"}, "geometry": {"type": "LineString", "coordinates": [[-121.99623, 37.98125], [-121.99565, 37.98176], [-121.99532, 37.98193], [-121.99499, 37.98206], [-121.99484, 37.98217], [-121.99333, 37.98343]]}}, {"type": "Feature", "properties": {"hw": "residential"}, "geometry": {"type": "LineString", "coordinates": [[-121.91351, 38.02053], [-121.91351, 38.02074], [-121.91351, 38.02124], [-121.9135, 38.02281]]}}, {"type": "Feature", "properties": {"hw": "residential"}, "geometry": {"type": "LineString", "coordinates": [[-121.90323, 38.01919], [-121.90322, 38.01886], [-121.90306, 38.01859], [-121.90289, 38.01842], [-121.90232, 38.01788], [-121.90209, 38.01777], [-121.90177, 38.01768]]}}, {"type": "Feature", "properties": {"hw": "residential"}, "geometry": {"type": "LineString", "coordinates": [[-121.87968, 38.03306], [-121.88006, 38.03316], [-121.88061, 38.03333], [-121.88084, 38.03339], [-121.88117, 38.03345], [-121.88162, 38.03353], [-121.88174, 38.03357], [-121.88204, 38.03368], [-121.88305, 38.03393]]}}, {"type": "Feature", "properties": {"hw": "residential"}, "geometry": {"type": "LineString", "coordinates": [[-121.88831, 38.02546], [-121.88849, 38.025], [-121.88859, 38.02478]]}}, {"type": "Feature", "properties": {"hw": "residential"}, "geometry": {"type": "LineString", "coordinates": [[-121.87845, 38.01816], [-121.87891, 38.01697], [-121.87932, 38.01586], [-121.87936, 38.01581], [-121.87944, 38.01582], [-121.88007, 38.01597], [-121.88013, 38.016]]}}, {"type": "Feature", "properties": {"hw": "residential"}, "geometry": {"type": "LineString", "coordinates": [[-121.83855, 37.98437], [-121.83782, 37.98447]]}}, {"type": "Feature", "properties": {"hw": "residential"}, "geometry": {"type": "LineString", "coordinates": [[-121.95416, 38.03347], [-121.95415, 38.03278], [-121.95415, 38.03247], [-121.95423, 38.03226], [-121.95521, 38.03148]]}}, {"type": "Feature", "properties": {"hw": "residential"}, "geometry": {"type": "LineString", "coordinates": [[-121.88074, 38.00221], [-121.88042, 38.00204], [-121.87889, 38.00165], [-121.8781, 38.00146]]}}, {"type": "Feature", "properties": {"hw": "residential"}, "geometry": {"type": "LineString", "coordinates": [[-121.92115, 38.01665], [-121.92126, 38.0163]]}}, {"type": "Feature", "properties": {"hw": "residential"}, "geometry": {"type": "LineString", "coordinates": [[-121.90559, 38.02237], [-121.90556, 38.0225], [-121.90555, 38.02252], [-121.90549, 38.02273], [-121.90533, 38.02335], [-121.90521, 38.02384], [-121.90513, 38.02393]]}}, {"type": "Feature", "properties": {"hw": "residential"}, "geometry": {"type": "LineString", "coordinates": [[-121.93388, 38.02287], [-121.93478, 38.02285]]}}, {"type": "Feature", "properties": {"hw": "residential"}, "geometry": {"type": "LineString", "coordinates": [[-121.95875, 38.02567], [-121.95883, 38.02543]]}}, {"type": "Feature", "properties": {"hw": "residential"}, "geometry": {"type": "LineString", "coordinates": [[-121.92925, 38.02045], [-121.9302, 38.02045], [-121.93064, 38.02056], [-121.9318, 38.02084]]}}, {"type": "Feature", "properties": {"hw": "residential"}, "geometry": {"type": "LineString", "coordinates": [[-121.87697, 37.99724], [-121.87715, 37.99745]]}}, {"type": "Feature", "properties": {"hw": "residential"}, "geometry": {"type": "LineString", "coordinates": [[-121.85993, 38.00071], [-121.85945, 38.00045], [-121.85899, 38.00004], [-121.85889, 37.99985], [-121.85885, 37.99959], [-121.85884, 37.99927], [-121.85885, 37.99887]]}}, {"type": "Feature", "properties": {"hw": "residential"}, "geometry": {"type": "LineString", "coordinates": [[-121.8595, 38.00867], [-121.85962, 38.00867], [-121.8598, 38.00871], [-121.86011, 38.0088], [-121.86016, 38.00883], [-121.86018, 38.00888], [-121.8601, 38.00902], [-121.86005, 38.00922], [-121.85984, 38.00964], [-121.85934, 38.0095], [-121.85813, 38.00918], [-121.8581, 38.00912], [-121.85813, 38.00903], [-121.85825, 38.00874], [-121.85831, 38.00868]]}}, {"type": "Feature", "properties": {"hw": "residential"}, "geometry": {"type": "LineString", "coordinates": [[-121.85831, 38.00868], [-121.85854, 38.00874], [-121.8586, 38.00875], [-121.85867, 38.00874], [-121.85873, 38.00871], [-121.85879, 38.0087], [-121.85904, 38.00874], [-121.85921, 38.00874], [-121.85932, 38.00872], [-121.8595, 38.00867]]}}, {"type": "Feature", "properties": {"hw": "residential"}, "geometry": {"type": "LineString", "coordinates": [[-121.96298, 38.03178], [-121.96353, 38.03179], [-121.96368, 38.03182], [-121.9645, 38.03229]]}}, {"type": "Feature", "properties": {"hw": "residential"}, "geometry": {"type": "LineString", "coordinates": [[-121.85915, 38.00131], [-121.85884, 38.00101], [-121.85871, 38.00099]]}}, {"type": "Feature", "properties": {"hw": "residential"}, "geometry": {"type": "LineString", "coordinates": [[-121.89769, 37.99364], [-121.89833, 37.99342], [-121.8987, 37.99325], [-121.89895, 37.99308], [-121.89915, 37.99286], [-121.89924, 37.99262], [-121.8992, 37.99238], [-121.89899, 37.99223]]}}, {"type": "Feature", "properties": {"hw": "residential"}, "geometry": {"type": "LineString", "coordinates": [[-121.89166, 38.0133], [-121.89173, 38.01313], [-121.892, 38.0124], [-121.89253, 38.011], [-121.89337, 38.01117], [-121.89427, 38.01138], [-121.89514, 38.01158], [-121.89593, 38.01175], [-121.89805, 38.01227], [-121.90075, 38.0129]]}}, {"type": "Feature", "properties": {"hw": "residential"}, "geometry": {"type": "LineString", "coordinates": [[-121.88703, 37.99268], [-121.88728, 37.99309]]}}, {"type": "Feature", "properties": {"hw": "residential"}, "geometry": {"type": "LineString", "coordinates": [[-121.9193, 38.01789], [-121.91916, 38.01755], [-121.9191, 38.0172], [-121.91844, 38.01705], [-121.91822, 38.01708]]}}, {"type": "Feature", "properties": {"hw": "residential"}, "geometry": {"type": "LineString", "coordinates": [[-121.88717, 38.02417], [-121.88754, 38.02431], [-121.88794, 38.02441], [-121.88864, 38.02457]]}}, {"type": "Feature", "properties": {"hw": "residential"}, "geometry": {"type": "LineString", "coordinates": [[-121.88873, 37.99567], [-121.8881, 37.99569], [-121.8878, 37.99562], [-121.88769, 37.99559], [-121.88761, 37.99557], [-121.88625, 37.99519], [-121.88591, 37.99502]]}}, {"type": "Feature", "properties": {"hw": "unclassified"}, "geometry": {"type": "LineString", "coordinates": [[-122.03911, 38.05536], [-122.03903, 38.0554], [-122.03886, 38.05547], [-122.03794, 38.05565], [-122.03586, 38.05608], [-122.03417, 38.05643], [-122.03336, 38.0566], [-122.03207, 38.05693], [-122.03171, 38.05703], [-122.03134, 38.05711], [-122.03079, 38.05719], [-122.02975, 38.05731], [-122.02936, 38.05732], [-122.02924, 38.05733], [-122.02754, 38.05737], [-122.02657, 38.05742], [-122.02594, 38.05746], [-122.02278, 38.05746], [-122.02191, 38.05738], [-122.02157, 38.05735], [-122.0214, 38.0573], [-122.02117, 38.05722], [-122.02108, 38.05721], [-122.02102, 38.05719], [-122.01557, 38.05625], [-122.01508, 38.05616], [-122.01182, 38.05559], [-122.01143, 38.05557], [-122.01067, 38.05561], [-122.01053, 38.05558], [-122.01045, 38.05556], [-122.01035, 38.05552], [-122.01027, 38.05548], [-122.01019, 38.05544], [-122.01006, 38.05537], [-122.00999, 38.05533], [-122.00984, 38.05528], [-122.00961, 38.05521], [-122.00472, 38.05383], [-122.00465, 38.05381], [-122.00376, 38.05354], [-122.00315, 38.05336], [-122.00263, 38.05323], [-122.00215, 38.05317], [-122.00193, 38.05315]]}}, {"type": "Feature", "properties": {"hw": "residential"}, "geometry": {"type": "LineString", "coordinates": [[-121.9146, 38.02367], [-121.91708, 38.02369], [-121.91751, 38.02369]]}}, {"type": "Feature", "properties": {"hw": "residential"}, "geometry": {"type": "LineString", "coordinates": [[-121.87955, 38.00334], [-121.87938, 38.00324], [-121.87921, 38.00323], [-121.87899, 38.00328], [-121.87874, 38.00332], [-121.87848, 38.00337], [-121.87827, 38.00328], [-121.87744, 38.0031], [-121.87662, 38.00292]]}}, {"type": "Feature", "properties": {"hw": "residential"}, "geometry": {"type": "LineString", "coordinates": [[-121.97413, 38.03974], [-121.9742, 38.03943], [-121.97428, 38.03842], [-121.97428, 38.03718], [-121.97434, 38.03696], [-121.97436, 38.03671], [-121.97433, 38.03614]]}}, {"type": "Feature", "properties": {"hw": "residential"}, "geometry": {"type": "LineString", "coordinates": [[-121.88334, 37.99614], [-121.8829, 37.99579], [-121.88268, 37.99565], [-121.88249, 37.99557], [-121.88215, 37.99555], [-121.88174, 37.99556], [-121.88135, 37.99555], [-121.88082, 37.9955], [-121.88035, 37.99543]]}}, {"type": "Feature", "properties": {"hw": "residential"}, "geometry": {"type": "LineString", "coordinates": [[-121.88703, 38.00829], [-121.88717, 38.00828]]}}, {"type": "Feature", "properties": {"hw": "residential"}, "geometry": {"type": "LineString", "coordinates": [[-122.00298, 37.98358], [-122.00285, 37.98363], [-122.00225, 37.98415]]}}, {"type": "Feature", "properties": {"hw": "residential"}, "geometry": {"type": "LineString", "coordinates": [[-121.88856, 38.00541], [-121.88865, 38.00536], [-121.88883, 38.00524], [-121.88897, 38.00516], [-121.88922, 38.005], [-121.88947, 38.00484], [-121.89028, 38.00412], [-121.89099, 38.00355], [-121.89205, 38.00263], [-121.89261, 38.00196], [-121.89302, 38.00133], [-121.8933, 38.00066], [-121.89344, 37.9999]]}}, {"type": "Feature", "properties": {"hw": "residential"}, "geometry": {"type": "LineString", "coordinates": [[-121.83648, 37.99171], [-121.83615, 37.99137], [-121.8356, 37.99053], [-121.83558, 37.99023]]}}, {"type": "Feature", "properties": {"hw": "residential"}, "geometry": {"type": "LineString", "coordinates": [[-121.8953, 37.99212], [-121.89536, 37.99218], [-121.89563, 37.99259]]}}, {"type": "Feature", "properties": {"hw": "residential"}, "geometry": {"type": "LineString", "coordinates": [[-121.93152, 38.01346], [-121.93156, 38.01331], [-121.93161, 38.01308], [-121.93175, 38.01292], [-121.93186, 38.01284]]}}, {"type": "Feature", "properties": {"hw": "residential"}, "geometry": {"type": "LineString", "coordinates": [[-121.83906, 37.99305], [-121.83951, 37.99304], [-121.83997, 37.99316]]}}, {"type": "Feature", "properties": {"hw": "tertiary"}, "geometry": {"type": "LineString", "coordinates": [[-121.96017, 38.02644], [-121.96024, 38.02657]]}}, {"type": "Feature", "properties": {"hw": "residential"}, "geometry": {"type": "LineString", "coordinates": [[-121.91175, 38.01893], [-121.91165, 38.01922], [-121.91148, 38.01938]]}}, {"type": "Feature", "properties": {"hw": "residential"}, "geometry": {"type": "LineString", "coordinates": [[-121.88717, 37.99627], [-121.88685, 37.99612], [-121.88653, 37.99604], [-121.88635, 37.99599], [-121.88615, 37.99598], [-121.88598, 37.99603], [-121.88552, 37.99642], [-121.88507, 37.99682], [-121.88486, 37.99702], [-121.88478, 37.99709], [-121.88478, 37.99747]]}}, {"type": "Feature", "properties": {"hw": "residential"}, "geometry": {"type": "LineString", "coordinates": [[-121.84553, 37.99163], [-121.84497, 37.99222], [-121.84462, 37.99262], [-121.84443, 37.99286], [-121.84422, 37.99305], [-121.84416, 37.99309], [-121.84394, 37.99322], [-121.84359, 37.99338], [-121.84307, 37.9936], [-121.84274, 37.99375], [-121.84275, 37.99387], [-121.8428, 37.99395], [-121.84302, 37.99431]]}}, {"type": "Feature", "properties": {"hw": "residential"}, "geometry": {"type": "LineString", "coordinates": [[-121.88616, 38.02908], [-121.88739, 38.02938], [-121.88863, 38.02967], [-121.88988, 38.02998], [-121.89102, 38.03025], [-121.89108, 38.03026], [-121.89113, 38.03027], [-121.89122, 38.03027], [-121.89326, 38.03027]]}}, {"type": "Feature", "properties": {"hw": "residential"}, "geometry": {"type": "LineString", "coordinates": [[-121.91399, 38.02617], [-121.91304, 38.02604]]}}, {"type": "Feature", "properties": {"hw": "residential"}, "geometry": {"type": "LineString", "coordinates": [[-121.88006, 38.01854], [-121.88006, 38.0185], [-121.88052, 38.01728]]}}, {"type": "Feature", "properties": {"hw": "residential"}, "geometry": {"type": "LineString", "coordinates": [[-121.85449, 38.00435], [-121.85429, 38.00413], [-121.85414, 38.00391], [-121.8542, 38.00362], [-121.8549, 38.0018]]}}, {"type": "Feature", "properties": {"hw": "residential"}, "geometry": {"type": "LineString", "coordinates": [[-121.96729, 38.0378], [-121.9681, 38.03796], [-121.96868, 38.03806], [-121.96882, 38.03807], [-121.96905, 38.03807]]}}, {"type": "Feature", "properties": {"hw": "residential"}, "geometry": {"type": "LineString", "coordinates": [[-121.90139, 37.99716], [-121.90115, 37.99768]]}}, {"type": "Feature", "properties": {"hw": "residential"}, "geometry": {"type": "LineString", "coordinates": [[-121.96718, 38.02619], [-121.96732, 38.02612], [-121.96748, 38.02608], [-121.96836, 38.02613], [-121.96854, 38.02611], [-121.9688, 38.02604]]}}, {"type": "Feature", "properties": {"hw": "residential"}, "geometry": {"type": "LineString", "coordinates": [[-121.89477, 37.99496], [-121.89454, 37.99505], [-121.89466, 37.99522], [-121.89489, 37.99513], [-121.89477, 37.99496]]}}, {"type": "Feature", "properties": {"hw": "residential"}, "geometry": {"type": "LineString", "coordinates": [[-122.0017, 37.98654], [-122.00488, 37.98849], [-122.00494, 37.98853]]}}, {"type": "Feature", "properties": {"hw": "unclassified"}, "geometry": {"type": "LineString", "coordinates": [[-121.9882, 38.04619], [-121.9882, 38.04594], [-121.98819, 38.04589], [-121.98818, 38.04584], [-121.98811, 38.04565], [-121.98808, 38.04555], [-121.98806, 38.04549], [-121.98805, 38.04542], [-121.98805, 38.04535]]}}, {"type": "Feature", "properties": {"hw": "residential"}, "geometry": {"type": "LineString", "coordinates": [[-121.881, 38.00463], [-121.88099, 38.00468], [-121.88113, 38.00507], [-121.88122, 38.00528], [-121.88138, 38.00574], [-121.88145, 38.00578]]}}, {"type": "Feature", "properties": {"hw": "residential"}, "geometry": {"type": "LineString", "coordinates": [[-121.96424, 38.02769], [-121.96403, 38.0276], [-121.96388, 38.02746], [-121.96368, 38.02727], [-121.96363, 38.02713], [-121.96366, 38.02682]]}}, {"type": "Feature", "properties": {"hw": "residential"}, "geometry": {"type": "LineString", "coordinates": [[-121.87748, 38.02017], [-121.87795, 38.01898], [-121.87823, 38.01824]]}}, {"type": "Feature", "properties": {"hw": "residential"}, "geometry": {"type": "LineString", "coordinates": [[-121.95397, 38.02865], [-121.95397, 38.02882], [-121.95394, 38.02892], [-121.95383, 38.02906], [-121.95343, 38.02935]]}}, {"type": "Feature", "properties": {"hw": "residential"}, "geometry": {"type": "LineString", "coordinates": [[-121.88554, 38.03069], [-121.88437, 38.03041], [-121.88435, 38.03041], [-121.88423, 38.03038], [-121.88411, 38.03035], [-121.8841, 38.03035], [-121.88364, 38.03024], [-121.88338, 38.03018]]}}, {"type": "Feature", "properties": {"hw": "residential"}, "geometry": {"type": "LineString", "coordinates": [[-121.99483, 37.98115], [-121.99268, 37.98295], [-121.99208, 37.98346]]}}, {"type": "Feature", "properties": {"hw": "residential"}, "geometry": {"type": "LineString", "coordinates": [[-121.87829, 38.00741], [-121.87853, 38.00747], [-121.8786, 38.00749], [-121.87867, 38.00752], [-121.87884, 38.0076], [-121.87892, 38.00764], [-121.87899, 38.00767], [-121.87909, 38.0077], [-121.8792, 38.00772], [-121.87998, 38.00791]]}}, {"type": "Feature", "properties": {"hw": "residential"}, "geometry": {"type": "LineString", "coordinates": [[-121.98114, 38.03011], [-121.98146, 38.03029]]}}, {"type": "Feature", "properties": {"hw": "residential"}, "geometry": {"type": "LineString", "coordinates": [[-121.99107, 37.98325], [-121.99143, 37.98296]]}}, {"type": "Feature", "properties": {"hw": "residential"}, "geometry": {"type": "LineString", "coordinates": [[-121.87282, 38.01538], [-121.87362, 38.01558], [-121.87441, 38.01576]]}}, {"type": "Feature", "properties": {"hw": "residential"}, "geometry": {"type": "LineString", "coordinates": [[-121.84265, 37.99803], [-121.84265, 37.99796], [-121.84261, 37.99707], [-121.84265, 37.99645]]}}, {"type": "Feature", "properties": {"hw": "residential"}, "geometry": {"type": "LineString", "coordinates": [[-121.95217, 38.01605], [-121.95173, 38.01589], [-121.95137, 38.01577], [-121.95094, 38.01566], [-121.95023, 38.01555], [-121.94928, 38.0154], [-121.94856, 38.01529]]}}, {"type": "Feature", "properties": {"hw": "residential"}, "geometry": {"type": "LineString", "coordinates": [[-121.9234, 38.02511], [-121.92385, 38.0249]]}}, {"type": "Feature", "properties": {"hw": "residential"}, "geometry": {"type": "LineString", "coordinates": [[-121.89623, 38.01488], [-121.89717, 38.01509], [-121.89798, 38.01531], [-121.89881, 38.01552], [-121.89971, 38.01572], [-121.90037, 38.01586], [-121.90052, 38.01594], [-121.90053, 38.01599]]}}, {"type": "Feature", "properties": {"hw": "residential"}, "geometry": {"type": "LineString", "coordinates": [[-121.89039, 37.99249], [-121.89041, 37.99143], [-121.89038, 37.99133], [-121.89031, 37.99124], [-121.89018, 37.99117], [-121.89003, 37.99115], [-121.8895, 37.99117], [-121.88905, 37.9914], [-121.88888, 37.99152], [-121.88875, 37.99165], [-121.88861, 37.99199], [-121.88865, 37.99264], [-121.88869, 37.99333], [-121.88875, 37.99347], [-121.8888, 37.99354]]}}, {"type": "Feature", "properties": {"hw": "residential"}, "geometry": {"type": "LineString", "coordinates": [[-121.92097, 38.02282], [-121.92076, 38.02253], [-121.92054, 38.02227], [-121.92029, 38.02187], [-121.92018, 38.02161]]}}, {"type": "Feature", "properties": {"hw": "residential"}, "geometry": {"type": "LineString", "coordinates": [[-121.87161, 38.01634], [-121.87261, 38.01375]]}}, {"type": "Feature", "properties": {"hw": "residential"}, "geometry": {"type": "LineString", "coordinates": [[-121.88132, 38.02881], [-121.88125, 38.02878], [-121.88124, 38.02876], [-121.88123, 38.02873], [-121.88122, 38.02868], [-121.88129, 38.0285], [-121.88139, 38.02823], [-121.8815, 38.02793]]}}, {"type": "Feature", "properties": {"hw": "residential"}, "geometry": {"type": "LineString", "coordinates": [[-121.98009, 38.03351], [-121.98009, 38.03302]]}}, {"type": "Feature", "properties": {"hw": "residential"}, "geometry": {"type": "LineString", "coordinates": [[-121.91756, 38.02142], [-121.91756, 38.02109], [-121.9175, 38.02093]]}}, {"type": "Feature", "properties": {"hw": "residential"}, "geometry": {"type": "LineString", "coordinates": [[-121.92551, 38.02725], [-121.92552, 38.02873], [-121.9262, 38.0289], [-121.92711, 38.02914], [-121.92744, 38.02923], [-121.92763, 38.02926], [-121.92778, 38.02925], [-121.92794, 38.02924], [-121.92815, 38.02917]]}}, {"type": "Feature", "properties": {"hw": "residential"}, "geometry": {"type": "LineString", "coordinates": [[-121.884, 38.03471], [-121.88415, 38.03474], [-121.88446, 38.03481], [-121.88458, 38.03484]]}}, {"type": "Feature", "properties": {"hw": "residential"}, "geometry": {"type": "LineString", "coordinates": [[-121.87598, 37.9992], [-121.87597, 37.99843]]}}, {"type": "Feature", "properties": {"hw": "residential"}, "geometry": {"type": "LineString", "coordinates": [[-121.83691, 37.98479], [-121.83656, 37.98416]]}}, {"type": "Feature", "properties": {"hw": "residential"}, "geometry": {"type": "LineString", "coordinates": [[-121.83788, 37.98574], [-121.83783, 37.98564], [-121.83778, 37.98557], [-121.83771, 37.98552], [-121.83763, 37.98551], [-121.83758, 37.98554], [-121.83757, 37.98558], [-121.8376, 37.98564], [-121.83767, 37.98568], [-121.83772, 37.9857], [-121.83788, 37.98574]]}}, {"type": "Feature", "properties": {"hw": "residential"}, "geometry": {"type": "LineString", "coordinates": [[-121.8802, 38.0328], [-121.88006, 38.03316], [-121.88, 38.03325], [-121.87998, 38.03333], [-121.87998, 38.03341], [-121.87997, 38.03347], [-121.87984, 38.03379], [-121.87958, 38.03447]]}}, {"type": "Feature", "properties": {"hw": "residential"}, "geometry": {"type": "LineString", "coordinates": [[-121.87685, 38.01779], [-121.87714, 38.01698], [-121.87734, 38.01646], [-121.87755, 38.01592], [-121.87757, 38.01583], [-121.87754, 38.01577], [-121.87747, 38.01573], [-121.87699, 38.01561], [-121.87682, 38.01561]]}}, {"type": "Feature", "properties": {"hw": "residential"}, "geometry": {"type": "LineString", "coordinates": [[-121.85454, 38.00058], [-121.85466, 38.00034], [-121.85471, 38.00015], [-121.85464, 37.99958]]}}, {"type": "Feature", "properties": {"hw": "residential"}, "geometry": {"type": "LineString", "coordinates": [[-121.9245, 38.02142], [-121.92403, 38.02121]]}}, {"type": "Feature", "properties": {"hw": "residential"}, "geometry": {"type": "LineString", "coordinates": [[-121.88199, 37.99279], [-121.88159, 37.9924]]}}, {"type": "Feature", "properties": {"hw": "residential"}, "geometry": {"type": "LineString", "coordinates": [[-121.85275, 38.00015], [-121.85284, 37.99988], [-121.85284, 37.99955]]}}, {"type": "Feature", "properties": {"hw": "residential"}, "geometry": {"type": "LineString", "coordinates": [[-121.86704, 38.00072], [-121.86641, 38.0006]]}}, {"type": "Feature", "properties": {"hw": "residential"}, "geometry": {"type": "LineString", "coordinates": [[-121.92114, 38.01906], [-121.9214, 38.01891], [-121.92151, 38.01868], [-121.92152, 38.01835], [-121.92168, 38.01784]]}}, {"type": "Feature", "properties": {"hw": "residential"}, "geometry": {"type": "LineString", "coordinates": [[-121.91874, 38.018], [-121.91878, 38.01877], [-121.91887, 38.01903], [-121.91897, 38.01917], [-121.91924, 38.01922], [-121.91968, 38.01919], [-121.9203, 38.01918], [-121.92056, 38.01916], [-121.92092, 38.01913], [-121.92114, 38.01906]]}}, {"type": "Feature", "properties": {"hw": "residential"}, "geometry": {"type": "LineString", "coordinates": [[-121.9168, 38.01818], [-121.91657, 38.01791], [-121.91649, 38.01764]]}}, {"type": "Feature", "properties": {"hw": "residential"}, "geometry": {"type": "LineString", "coordinates": [[-121.97387, 38.03614], [-121.97387, 38.03572], [-121.97335, 38.0357], [-121.97314, 38.03558], [-121.97313, 38.03526]]}}, {"type": "Feature", "properties": {"hw": "residential"}, "geometry": {"type": "LineString", "coordinates": [[-121.85304, 38.00428], [-121.85408, 38.00159]]}}, {"type": "Feature", "properties": {"hw": "residential"}, "geometry": {"type": "LineString", "coordinates": [[-121.87744, 37.99243], [-121.87713, 37.99259]]}}, {"type": "Feature", "properties": {"hw": "residential"}, "geometry": {"type": "LineString", "coordinates": [[-121.87163, 37.99549], [-121.87158, 37.99465], [-121.87162, 37.99446], [-121.87173, 37.99436], [-121.87203, 37.99413]]}}, {"type": "Feature", "properties": {"hw": "residential"}, "geometry": {"type": "LineString", "coordinates": [[-121.96373, 38.02934], [-121.96376, 38.02863]]}}, {"type": "Feature", "properties": {"hw": "residential"}, "geometry": {"type": "LineString", "coordinates": [[-121.84897, 38.00635], [-121.84897, 38.00605], [-121.84906, 38.00594], [-121.84942, 38.00568], [-121.84984, 38.00528], [-121.85, 38.00502], [-121.85017, 38.00449]]}}, {"type": "Feature", "properties": {"hw": "residential"}, "geometry": {"type": "LineString", "coordinates": [[-121.97568, 38.02986], [-121.97618, 38.02972], [-121.97645, 38.02967], [-121.97723, 38.02968], [-121.97728, 38.02974], [-121.97729, 38.03005], [-121.97716, 38.03018], [-121.97695, 38.03018]]}}, {"type": "Feature", "properties": {"hw": "residential"}, "geometry": {"type": "LineString", "coordinates": [[-121.91398, 38.02548], [-121.91313, 38.02538]]}}, {"type": "Feature", "properties": {"hw": "secondary"}, "geometry": {"type": "LineString", "coordinates": [[-121.89128, 38.01224], [-121.89145, 38.01227], [-121.892, 38.0124], [-121.89287, 38.01262], [-121.89374, 38.01282], [-121.89442, 38.01299]]}}, {"type": "Feature", "properties": {"hw": "residential"}, "geometry": {"type": "LineString", "coordinates": [[-121.89626, 37.99913], [-121.8961, 37.99911]]}}, {"type": "Feature", "properties": {"hw": "residential"}, "geometry": {"type": "LineString", "coordinates": [[-121.90008, 38.00705], [-121.90018, 38.00705], [-121.90047, 38.00703], [-121.90076, 38.00704], [-121.90127, 38.00711], [-121.90164, 38.00723], [-121.90213, 38.00741], [-121.90238, 38.00747], [-121.90269, 38.00749], [-121.90295, 38.00745], [-121.90319, 38.00739], [-121.90367, 38.00721]]}}, {"type": "Feature", "properties": {"hw": "residential"}, "geometry": {"type": "LineString", "coordinates": [[-121.96169, 38.02368], [-121.96101, 38.02324]]}}, {"type": "Feature", "properties": {"hw": "residential"}, "geometry": {"type": "LineString", "coordinates": [[-121.8808, 37.99909], [-121.88148, 37.99845]]}}, {"type": "Feature", "properties": {"hw": "residential"}, "geometry": {"type": "LineString", "coordinates": [[-121.89537, 38.00097], [-121.8953, 38.00095], [-121.89485, 38.00088], [-121.8933, 38.00066], [-121.89212, 38.0005], [-121.89184, 38.00035], [-121.89131, 37.99976]]}}, {"type": "Feature", "properties": {"hw": "residential"}, "geometry": {"type": "LineString", "coordinates": [[-121.97607, 38.04122], [-121.97606, 38.04117], [-121.97606, 38.0408], [-121.97606, 38.04048], [-121.97606, 38.04008]]}}, {"type": "Feature", "properties": {"hw": "residential"}, "geometry": {"type": "LineString", "coordinates": [[-121.9761, 38.03791], [-121.9761, 38.03637], [-121.9761, 38.03619], [-121.97609, 38.03611], [-121.97628, 38.03599], [-121.97638, 38.03583], [-121.97638, 38.0357], [-121.97638, 38.03511], [-121.97637, 38.03478], [-121.97636, 38.03397]]}}, {"type": "Feature", "properties": {"hw": "residential"}, "geometry": {"type": "LineString", "coordinates": [[-121.95415, 38.03278], [-121.95254, 38.03277]]}}, {"type": "Feature", "properties": {"hw": "residential"}, "geometry": {"type": "LineString", "coordinates": [[-121.87833, 37.99797], [-121.8783, 37.99783], [-121.87822, 37.99753], [-121.87807, 37.99718], [-121.87769, 37.99682], [-121.87703, 37.99633]]}}, {"type": "Feature", "properties": {"hw": "residential"}, "geometry": {"type": "LineString", "coordinates": [[-121.97248, 38.02551], [-121.97275, 38.02537], [-121.9732, 38.02526], [-121.97363, 38.02527], [-121.97376, 38.02528], [-121.97497, 38.02535], [-121.97547, 38.02563]]}}, {"type": "Feature", "properties": {"hw": "residential"}, "geometry": {"type": "LineString", "coordinates": [[-121.87822, 38.00036], [-121.87828, 38.00068], [-121.87826, 38.00098], [-121.8781, 38.00146], [-121.87744, 38.0031]]}}, {"type": "Feature", "properties": {"hw": "residential"}, "geometry": {"type": "LineString", "coordinates": [[-121.87282, 38.01538], [-121.87342, 38.0138], [-121.87346, 38.01369]]}}, {"type": "Feature", "properties": {"hw": "residential"}, "geometry": {"type": "LineString", "coordinates": [[-121.88306, 38.02201], [-121.8832, 38.02165], [-121.88341, 38.0211], [-121.88361, 38.02057], [-121.88365, 38.02048]]}}, {"type": "Feature", "properties": {"hw": "residential"}, "geometry": {"type": "LineString", "coordinates": [[-121.97716, 38.03096], [-121.97714, 38.03138], [-121.97712, 38.03173], [-121.97716, 38.03191], [-121.97724, 38.03204], [-121.97732, 38.03213], [-121.97765, 38.03231], [-121.97782, 38.03236], [-121.97803, 38.0324], [-121.97826, 38.03241], [-121.97837, 38.03237]]}}, {"type": "Feature", "properties": {"hw": "residential"}, "geometry": {"type": "LineString", "coordinates": [[-121.95594, 38.02598], [-121.95444, 38.02598]]}}, {"type": "Feature", "properties": {"hw": "residential"}, "geometry": {"type": "LineString", "coordinates": [[-121.86901, 37.99975], [-121.86922, 37.99956], [-121.8693, 37.9994], [-121.8693, 37.99873], [-121.86923, 37.9986]]}}, {"type": "Feature", "properties": {"hw": "residential"}, "geometry": {"type": "LineString", "coordinates": [[-121.84415, 37.98393], [-121.84346, 37.98347], [-121.84267, 37.98302], [-121.84268, 37.98227], [-121.84268, 37.98124]]}}, {"type": "Feature", "properties": {"hw": "residential"}, "geometry": {"type": "LineString", "coordinates": [[-121.92056, 38.01916], [-121.92052, 38.01861], [-121.9206, 38.01835]]}}, {"type": "Feature", "properties": {"hw": "residential"}, "geometry": {"type": "LineString", "coordinates": [[-121.93387, 38.02227], [-121.93465, 38.02228]]}}, {"type": "Feature", "properties": {"hw": "residential"}, "geometry": {"type": "LineString", "coordinates": [[-121.88444, 38.00234], [-121.88463, 38.00217], [-121.88478, 38.00203], [-121.88491, 38.0018], [-121.88499, 38.00166], [-121.88532, 38.0013], [-121.88554, 38.0011], [-121.88594, 38.00078]]}}, {"type": "Feature", "properties": {"hw": "residential"}, "geometry": {"type": "LineString", "coordinates": [[-121.93425, 38.01502], [-121.93387, 38.01503], [-121.93359, 38.01499], [-121.93316, 38.01491], [-121.93283, 38.01475], [-121.93247, 38.01454]]}}, {"type": "Feature", "properties": {"hw": "residential"}, "geometry": {"type": "LineString", "coordinates": [[-121.88809, 38.02609], [-121.88831, 38.02546]]}}, {"type": "Feature", "properties": {"hw": "residential"}, "geometry": {"type": "LineString", "coordinates": [[-122.0022, 37.98503], [-122.00149, 37.98562], [-122.00133, 37.98567], [-122.00115, 37.98567]]}}, {"type": "Feature", "properties": {"hw": "residential"}, "geometry": {"type": "LineString", "coordinates": [[-121.95027, 38.02362], [-121.95027, 38.02337], [-121.95026, 38.02332], [-121.95026, 38.0227]]}}, {"type": "Feature", "properties": {"hw": "residential"}, "geometry": {"type": "LineString", "coordinates": [[-121.99307, 37.98474], [-121.99341, 37.98446]]}}, {"type": "Feature", "properties": {"hw": "residential"}, "geometry": {"type": "LineString", "coordinates": [[-121.91708, 38.02369], [-121.91709, 38.02331]]}}, {"type": "Feature", "properties": {"hw": "residential"}, "geometry": {"type": "LineString", "coordinates": [[-121.89381, 38.00538], [-121.89369, 38.00535], [-121.89363, 38.00534], [-121.89348, 38.0053], [-121.89317, 38.00523], [-121.89292, 38.00516], [-121.89237, 38.00503], [-121.89167, 38.00487], [-121.89028, 38.00412], [-121.88968, 38.00365], [-121.88941, 38.00338], [-121.88919, 38.00317]]}}, {"type": "Feature", "properties": {"hw": "residential"}, "geometry": {"type": "LineString", "coordinates": [[-121.87755, 38.02295], [-121.87834, 38.02126]]}}, {"type": "Feature", "properties": {"hw": "residential"}, "geometry": {"type": "LineString", "coordinates": [[-121.86761, 38.00409], [-121.86745, 38.00409], [-121.86703, 38.00399], [-121.86689, 38.00394], [-121.86678, 38.00388], [-121.86726, 38.00257], [-121.86775, 38.0013], [-121.86802, 38.00061]]}}, {"type": "Feature", "properties": {"hw": "residential"}, "geometry": {"type": "LineString", "coordinates": [[-121.86802, 38.00061], [-121.86822, 38.00069], [-121.86898, 38.00092], [-121.86968, 38.00106], [-121.86998, 38.00112], [-121.87, 38.0012], [-121.86991, 38.00141], [-121.86979, 38.00182]]}}, {"type": "Feature", "properties": {"hw": "residential"}, "geometry": {"type": "LineString", "coordinates": [[-121.878, 38.00401], [-121.87805, 38.00389], [-121.87827, 38.00328], [-121.87864, 38.00233], [-121.87889, 38.00165], [-121.87918, 38.00098], [-121.87917, 38.00066], [-121.87911, 38.00018]]}}, {"type": "Feature", "properties": {"hw": "residential"}, "geometry": {"type": "LineString", "coordinates": [[-121.95251, 38.03208], [-121.95252, 38.03177], [-121.95254, 38.03169], [-121.95261, 38.03158], [-121.95361, 38.03081]]}}, {"type": "Feature", "properties": {"hw": "residential"}, "geometry": {"type": "LineString", "coordinates": [[-121.96987, 38.03899], [-121.96983, 38.03912], [-121.96976, 38.03937]]}}, {"type": "Feature", "properties": {"hw": "residential"}, "geometry": {"type": "LineString", "coordinates": [[-121.88924, 38.03768], [-121.88986, 38.03609], [-121.89044, 38.03453]]}}, {"type": "Feature", "properties": {"hw": "residential"}, "geometry": {"type": "LineString", "coordinates": [[-121.97474, 38.02743], [-121.97532, 38.02796], [-121.97588, 38.02851], [-121.976, 38.02861], [-121.9762, 38.02871], [-121.97639, 38.02879], [-121.97651, 38.02882], [-121.97667, 38.02884], [-121.97716, 38.02882], [-121.97746, 38.02886], [-121.97764, 38.02894], [-121.97783, 38.02906], [-121.97798, 38.02923], [-121.97805, 38.02933], [-121.97813, 38.02944], [-121.97816, 38.02952], [-121.9782, 38.02965], [-121.97823, 38.02989], [-121.97817, 38.0302], [-121.97811, 38.03031], [-121.97802, 38.03045], [-121.97791, 38.03059], [-121.97776, 38.03072], [-121.97758, 38.03084], [-121.97733, 38.03094], [-121.97716, 38.03096], [-121.97692, 38.03096], [-121.97674, 38.03094], [-121.97636, 38.03076], [-121.97603, 38.03055], [-121.97591, 38.03043], [-121.9758, 38.0302], [-121.97568, 38.02986], [-121.97552, 38.02963], [-121.97528, 38.02941], [-121.97501, 38.02919], [-121.97461, 38.02895], [-121.97418, 38.02878], [-121.97396, 38.02868], [-121.97374, 38.02855], [-121.97349, 38.02835]]}}, {"type": "Feature", "properties": {"hw": "tertiary"}, "geometry": {"type": "LineString", "coordinates": [[-121.83801, 37.99867], [-121.83802, 37.99857]]}}, {"type": "Feature", "properties": {"hw": "secondary"}, "geometry": {"type": "LineString", "coordinates": [[-121.84456, 38.01252], [-121.84649, 38.01251], [-121.84696, 38.0125], [-121.84776, 38.01251], [-121.84892, 38.01251], [-121.84951, 38.01251], [-121.85003, 38.01251], [-121.85046, 38.01251], [-121.85083, 38.01251], [-121.85186, 38.01251], [-121.85233, 38.01255], [-121.85267, 38.01262], [-121.85298, 38.0127], [-121.85393, 38.01302]]}}, {"type": "Feature", "properties": {"hw": "residential"}, "geometry": {"type": "LineString", "coordinates": [[-121.99799, 37.98363], [-121.99838, 37.984], [-121.99854, 37.98437], [-121.9989, 37.98522], [-121.99943, 37.98644], [-121.9997, 37.98704], [-121.99993, 37.98715], [-122.00006, 37.98704], [-122.00053, 37.98668]]}}, {"type": "Feature", "properties": {"hw": "residential"}, "geometry": {"type": "LineString", "coordinates": [[-121.88331, 37.99154], [-121.88355, 37.99122], [-121.88373, 37.99104]]}}, {"type": "Feature", "properties": {"hw": "residential"}, "geometry": {"type": "LineString", "coordinates": [[-121.83401, 37.98924], [-121.83456, 37.98927]]}}, {"type": "Feature", "properties": {"hw": "residential"}, "geometry": {"type": "LineString", "coordinates": [[-121.91949, 38.02284], [-121.91977, 38.02272]]}}, {"type": "Feature", "properties": {"hw": "residential"}, "geometry": {"type": "LineString", "coordinates": [[-121.89809, 37.99552], [-121.8981, 37.99542], [-121.89812, 37.99528], [-121.89811, 37.99488], [-121.89812, 37.99464], [-121.89792, 37.99405], [-121.89769, 37.99364], [-121.8972, 37.99281], [-121.89705, 37.99251], [-121.89697, 37.99225], [-121.89688, 37.992]]}}, {"type": "Feature", "properties": {"hw": "residential"}, "geometry": {"type": "LineString", "coordinates": [[-121.88514, 38.03259], [-121.88493, 38.03234], [-121.88508, 38.03191], [-121.88512, 38.03181], [-121.88521, 38.03158], [-121.88523, 38.03152], [-121.88554, 38.03069], [-121.88584, 38.02991], [-121.88587, 38.02985], [-121.88588, 38.02981], [-121.88588, 38.0298], [-121.88592, 38.02972], [-121.88593, 38.02968], [-121.88616, 38.02908], [-121.88631, 38.02867], [-121.88637, 38.02853], [-121.88643, 38.02837], [-121.88646, 38.02829]]}}, {"type": "Feature", "properties": {"hw": "residential"}, "geometry": {"type": "LineString", "coordinates": [[-121.91278, 38.01503], [-121.91322, 38.01476], [-121.91361, 38.01455], [-121.91394, 38.0144], [-121.91426, 38.0144], [-121.91457, 38.01445], [-121.91486, 38.01455], [-121.91523, 38.01471], [-121.91565, 38.01507], [-121.91592, 38.01525], [-121.91612, 38.01539], [-121.91629, 38.01545], [-121.91713, 38.01566], [-121.91808, 38.01589], [-121.91838, 38.0153], [-121.91935, 38.01553], [-121.92034, 38.01577], [-121.92011, 38.01638], [-121.91996, 38.01675], [-121.91992, 38.01685], [-121.91996, 38.01703], [-121.92008, 38.01761]]}}, {"type": "Feature", "properties": {"hw": "residential"}, "geometry": {"type": "LineString", "coordinates": [[-121.91401, 38.0237], [-121.91402, 38.02479], [-121.91317, 38.02469]]}}, {"type": "Feature", "properties": {"hw": "residential"}, "geometry": {"type": "LineString", "coordinates": [[-121.87831, 37.99175], [-121.87751, 37.99164], [-121.87668, 37.99166], [-121.8768, 37.99209], [-121.87713, 37.99259], [-121.87735, 37.99286], [-121.87747, 37.99308], [-121.87748, 37.99337], [-121.87751, 37.99416], [-121.87757, 37.99514], [-121.87755, 37.99545], [-121.87751, 37.99564], [-121.87738, 37.99597], [-121.87703, 37.99633], [-121.87675, 37.99651], [-121.87638, 37.99666], [-121.876, 37.99675], [-121.87556, 37.99674], [-121.87499, 37.99677], [-121.87483, 37.99679], [-121.87454, 37.99685], [-121.87426, 37.99699], [-121.87409, 37.99706], [-121.87387, 37.99721], [-121.87359, 37.99736], [-121.87344, 37.99742]]}}, {"type": "Feature", "properties": {"hw": "residential"}, "geometry": {"type": "LineString", "coordinates": [[-121.93167, 38.01018], [-121.93211, 38.01005], [-121.93222, 38.01005]]}}, {"type": "Feature", "properties": {"hw": "residential"}, "geometry": {"type": "LineString", "coordinates": [[-121.87583, 38.0196], [-121.87613, 38.01878]]}}, {"type": "Feature", "properties": {"hw": "residential"}, "geometry": {"type": "LineString", "coordinates": [[-121.97396, 38.02868], [-121.97439, 38.02834]]}}, {"type": "Feature", "properties": {"hw": "residential"}, "geometry": {"type": "LineString", "coordinates": [[-121.95812, 38.03019], [-121.95867, 38.02976], [-121.95879, 38.02969], [-121.95899, 38.02964], [-121.95946, 38.02963], [-121.95997, 38.02965], [-121.95994, 38.03128], [-121.95923, 38.03128], [-121.95848, 38.03128]]}}, {"type": "Feature", "properties": {"hw": "residential"}, "geometry": {"type": "LineString", "coordinates": [[-121.93536, 38.02398], [-121.93545, 38.02403], [-121.93617, 38.02403], [-121.93701, 38.02404]]}}, {"type": "Feature", "properties": {"hw": "residential"}, "geometry": {"type": "LineString", "coordinates": [[-121.90227, 38.01919], [-121.90227, 38.01896]]}}, {"type": "Feature", "properties": {"hw": "residential"}, "geometry": {"type": "LineString", "coordinates": [[-121.86783, 38.00354], [-121.8686, 38.00374]]}}, {"type": "Feature", "properties": {"hw": "residential"}, "geometry": {"type": "LineString", "coordinates": [[-121.8929, 38.02467], [-121.89293, 38.02458], [-121.89392, 38.02202], [-121.8951, 38.01895]]}}, {"type": "Feature", "properties": {"hw": "residential"}, "geometry": {"type": "LineString", "coordinates": [[-121.90496, 38.01143], [-121.90503, 38.01156], [-121.90505, 38.01163], [-121.90506, 38.01169], [-121.90506, 38.01175], [-121.90505, 38.01182], [-121.90503, 38.0119], [-121.905, 38.012], [-121.90494, 38.01212], [-121.90474, 38.01265], [-121.90459, 38.01301], [-121.90451, 38.01317], [-121.90439, 38.01331], [-121.90433, 38.01342], [-121.90427, 38.01357], [-121.90424, 38.01364]]}}, {"type": "Feature", "properties": {"hw": "residential"}, "geometry": {"type": "LineString", "coordinates": [[-121.89338, 38.00904], [-121.89711, 38.01001], [-121.89906, 38.01049], [-121.89938, 38.01059], [-121.90004, 38.01072], [-121.9006, 38.01086], [-121.90123, 38.01094], [-121.90156, 38.01097], [-121.90246, 38.01096], [-121.90332, 38.01096], [-121.90432, 38.01113], [-121.90465, 38.01123], [-121.90474, 38.01127], [-121.9048, 38.0113], [-121.90488, 38.01135], [-121.90496, 38.01143]]}}, {"type": "Feature", "properties": {"hw": "tertiary"}, "geometry": {"type": "LineString", "coordinates": [[-121.85565, 38.02311], [-121.85578, 38.0228], [-121.85611, 38.02203], [-121.85638, 38.02141], [-121.8564, 38.02135]]}}, {"type": "Feature", "properties": {"hw": "residential"}, "geometry": {"type": "LineString", "coordinates": [[-121.94711, 38.02139], [-121.94662, 38.02139]]}}, {"type": "Feature", "properties": {"hw": "residential"}, "geometry": {"type": "LineString", "coordinates": [[-121.83055, 38.00092], [-121.83113, 38.00107], [-121.83154, 38.00087], [-121.832, 38.00074], [-121.83275, 38.00056], [-121.83326, 38.00044], [-121.83375, 38.00029]]}}, {"type": "Feature", "properties": {"hw": "residential"}, "geometry": {"type": "LineString", "coordinates": [[-121.93063, 38.02114], [-121.93113, 38.02149], [-121.93159, 38.02185]]}}, {"type": "Feature", "properties": {"hw": "residential"}, "geometry": {"type": "LineString", "coordinates": [[-121.95498, 38.00907], [-121.95535, 38.00902], [-121.95554, 38.00896], [-121.95559, 38.00891]]}}, {"type": "Feature", "properties": {"hw": "residential"}, "geometry": {"type": "LineString", "coordinates": [[-121.88884, 37.99745], [-121.88975, 37.99743], [-121.89003, 37.99742], [-121.89023, 37.99738], [-121.89048, 37.99729], [-121.89075, 37.99715], [-121.8909, 37.99708], [-121.89134, 37.99688], [-121.89154, 37.99674], [-121.89164, 37.99658], [-121.8917, 37.99639], [-121.89167, 37.99603], [-121.89154, 37.99517], [-121.89145, 37.99459], [-121.89144, 37.99435], [-121.89146, 37.99415], [-121.89152, 37.99396], [-121.8916, 37.99377], [-121.89165, 37.9936], [-121.89167, 37.99337], [-121.89162, 37.99261], [-121.89153, 37.99195], [-121.89153, 37.99171], [-121.89163, 37.99141], [-121.89164, 37.99128]]}}, {"type": "Feature", "properties": {"hw": "residential"}, "geometry": {"type": "LineString", "coordinates": [[-121.91878, 38.02218], [-121.9191, 38.0221], [-121.91929, 38.02207]]}}, {"type": "Feature", "properties": {"hw": "residential"}, "geometry": {"type": "LineString", "coordinates": [[-121.88867, 38.02547], [-121.88831, 38.02546], [-121.88751, 38.02548], [-121.88711, 38.02543], [-121.88673, 38.02533], [-121.88668, 38.02531], [-121.88654, 38.02527]]}}, {"type": "Feature", "properties": {"hw": "residential"}, "geometry": {"type": "LineString", "coordinates": [[-121.84557, 38.00545], [-121.84607, 38.00559], [-121.84685, 38.00582], [-121.84722, 38.00595], [-121.8475, 38.00597], [-121.84792, 38.0061], [-121.84875, 38.00633], [-121.84897, 38.00635], [-121.84963, 38.00644], [-121.85015, 38.00647], [-121.8505, 38.00647], [-121.85075, 38.00643], [-121.85095, 38.00636], [-121.85113, 38.00624], [-121.85202, 38.00547], [-121.85233, 38.0053], [-121.85264, 38.00515], [-121.85366, 38.00474]]}}, {"type": "Feature", "properties": {"hw": "residential"}, "geometry": {"type": "LineString", "coordinates": [[-121.90533, 38.02335], [-121.90401, 38.02299], [-121.9037, 38.02288], [-121.90353, 38.02279], [-121.90319, 38.02258], [-121.90284, 38.02232], [-121.90266, 38.02218], [-121.90249, 38.02206], [-121.9024, 38.022], [-121.90229, 38.02191], [-121.90198, 38.02167], [-121.90183, 38.02156], [-121.90162, 38.02144], [-121.90139, 38.02137]]}}, {"type": "Feature", "properties": {"hw": "residential"}, "geometry": {"type": "LineString", "coordinates": [[-121.89075, 37.99715], [-121.89069, 37.99691], [-121.89064, 37.99578], [-121.89059, 37.99508], [-121.89049, 37.9949], [-121.89036, 37.99477], [-121.89019, 37.99468], [-121.89, 37.99461], [-121.88965, 37.99461]]}}, {"type": "Feature", "properties": {"hw": "residential"}, "geometry": {"type": "LineString", "coordinates": [[-121.84069, 37.98812], [-121.84042, 37.98761], [-121.84033, 37.98743], [-121.84031, 37.98729], [-121.84033, 37.98719], [-121.8404, 37.98704], [-121.84049, 37.98694], [-121.84063, 37.98684]]}}, {"type": "Feature", "properties": {"hw": "residential"}, "geometry": {"type": "LineString", "coordinates": [[-121.87421, 37.9965], [-121.8741, 37.99616], [-121.87391, 37.99568], [-121.87375, 37.99539], [-121.87336, 37.99466], [-121.87315, 37.99427], [-121.87245, 37.99304], [-121.87199, 37.99231], [-121.87135, 37.9915], [-121.87104, 37.99112], [-121.87092, 37.99092], [-121.87089, 37.99076], [-121.87089, 37.99056]]}}, {"type": "Feature", "properties": {"hw": "residential"}, "geometry": {"type": "LineString", "coordinates": [[-122.00629, 37.98947], [-122.00709, 37.99], [-122.00765, 37.99038], [-122.00791, 37.99061], [-122.00812, 37.99086]]}}, {"type": "Feature", "properties": {"hw": "residential"}, "geometry": {"type": "LineString", "coordinates": [[-121.84565, 37.99409], [-121.84582, 37.99442], [-121.84591, 37.99456], [-121.84602, 37.99468], [-121.84605, 37.99472], [-121.84664, 37.99517], [-121.84624, 37.99552], [-121.84597, 37.99577], [-121.84581, 37.99592]]}}, {"type": "Feature", "properties": {"hw": "residential"}, "geometry": {"type": "LineString", "coordinates": [[-121.88506, 38.0221], [-121.8832, 38.02165]]}}, {"type": "Feature", "properties": {"hw": "residential"}, "geometry": {"type": "LineString", "coordinates": [[-121.84064, 37.99242], [-121.84075, 37.99251], [-121.84105, 37.99251], [-121.84126, 37.99251], [-121.84137, 37.99251], [-121.84144, 37.99143]]}}, {"type": "Feature", "properties": {"hw": "residential"}, "geometry": {"type": "LineString", "coordinates": [[-121.88144, 38.03502], [-121.88132, 38.03509], [-121.88123, 38.03514], [-121.88119, 38.03519], [-121.88118, 38.03524], [-121.88119, 38.03529], [-121.88122, 38.03533], [-121.88128, 38.03536], [-121.88134, 38.03536], [-121.88138, 38.03532], [-121.88141, 38.03524], [-121.88143, 38.03514], [-121.88144, 38.03502]]}}, {"type": "Feature", "properties": {"hw": "tertiary"}, "geometry": {"type": "LineString", "coordinates": [[-121.84465, 38.00799], [-121.84481, 38.00817], [-121.8449, 38.00827], [-121.84497, 38.00834], [-121.8451, 38.00845], [-121.84535, 38.00862], [-121.84566, 38.00873], [-121.84656, 38.00904], [-121.84856, 38.00971]]}}, {"type": "Feature", "properties": {"hw": "residential"}, "geometry": {"type": "LineString", "coordinates": [[-121.97525, 38.03083], [-121.97537, 38.03072], [-121.97545, 38.03065], [-121.97555, 38.03058], [-121.9757, 38.03051], [-121.97591, 38.03043]]}}, {"type": "Feature", "properties": {"hw": "residential"}, "geometry": {"type": "LineString", "coordinates": [[-121.88092, 37.99157], [-121.88052, 37.99117], [-121.88043, 37.99104], [-121.88018, 37.99093], [-121.87993, 37.99084], [-121.87969, 37.99089], [-121.87922, 37.99101], [-121.87769, 37.9909], [-121.87593, 37.99091], [-121.87455, 37.99125], [-121.87358, 37.99147], [-121.87279, 37.99189], [-121.87199, 37.99231], [-121.87121, 37.99276], [-121.87025, 37.99349]]}}, {"type": "Feature", "properties": {"hw": "residential"}, "geometry": {"type": "LineString", "coordinates": [[-121.87279, 37.99189], [-121.87216, 37.99095]]}}, {"type": "Feature", "properties": {"hw": "residential"}, "geometry": {"type": "LineString", "coordinates": [[-121.95175, 38.01506], [-121.95131, 38.01496], [-121.9494, 38.01467], [-121.94878, 38.01452]]}}, {"type": "Feature", "properties": {"hw": "residential"}, "geometry": {"type": "LineString", "coordinates": [[-121.90425, 37.9985], [-121.90488, 37.9984], [-121.90507, 37.9984]]}}, {"type": "Feature", "properties": {"hw": "residential"}, "geometry": {"type": "LineString", "coordinates": [[-122.00908, 37.98731], [-122.00932, 37.98757], [-122.00937, 37.98779], [-122.00928, 37.98858], [-122.00914, 37.98995], [-122.00906, 37.99034], [-122.00891, 37.99049], [-122.00812, 37.99086], [-122.00731, 37.99128], [-122.00638, 37.99175], [-122.00627, 37.99177]]}}, {"type": "Feature", "properties": {"hw": "residential"}, "geometry": {"type": "LineString", "coordinates": [[-121.87166, 37.99797], [-121.87163, 37.99786], [-121.87164, 37.99749], [-121.87165, 37.99705], [-121.87167, 37.99693]]}}, {"type": "Feature", "properties": {"hw": "residential"}, "geometry": {"type": "LineString", "coordinates": [[-121.87264, 38.00887], [-121.87252, 38.00917], [-121.87239, 38.00951], [-121.87235, 38.00959], [-121.87228, 38.00978], [-121.87227, 38.0098], [-121.87226, 38.00982], [-121.87225, 38.00983], [-121.87221, 38.00988], [-121.87219, 38.00989], [-121.87218, 38.00991], [-121.87204, 38.0103], [-121.87203, 38.01031], [-121.87204, 38.01033], [-121.87205, 38.01035], [-121.8721, 38.0104], [-121.87289, 38.00998], [-121.8731, 38.00987], [-121.87312, 38.00985], [-121.87331, 38.00935]]}}, {"type": "Feature", "properties": {"hw": "residential"}, "geometry": {"type": "LineString", "coordinates": [[-121.87331, 38.00935], [-121.87302, 38.00928], [-121.87252, 38.00917]]}}, {"type": "Feature", "properties": {"hw": "residential"}, "geometry": {"type": "LineString", "coordinates": [[-121.83439, 37.98576], [-121.83412, 37.98526], [-121.8338, 37.98505]]}}, {"type": "Feature", "properties": {"hw": "tertiary"}, "geometry": {"type": "LineString", "coordinates": [[-121.92173, 38.02252], [-121.92252, 38.0222], [-121.92329, 38.02194], [-121.92392, 38.02173], [-121.92428, 38.02161], [-121.9245, 38.02142], [-121.92458, 38.02121], [-121.92458, 38.02083], [-121.92457, 38.02052], [-121.92439, 38.02016]]}}, {"type": "Feature", "properties": {"hw": "residential"}, "geometry": {"type": "LineString", "coordinates": [[-121.94413, 38.01462], [-121.94408, 38.01463], [-121.94402, 38.01465], [-121.9437, 38.01475], [-121.94355, 38.01476], [-121.94337, 38.01477], [-121.9432, 38.01478], [-121.94303, 38.01478], [-121.94295, 38.01474], [-121.94277, 38.01443], [-121.94254, 38.014], [-121.94252, 38.0139], [-121.94267, 38.01349], [-121.94267, 38.01327], [-121.94266, 38.01322], [-121.94257, 38.01278], [-121.94302, 38.01278], [-121.94315, 38.01276], [-121.94329, 38.01274], [-121.94355, 38.01264], [-121.94386, 38.01243], [-121.94425, 38.0122], [-121.94454, 38.01219], [-121.94468, 38.01235], [-121.94472, 38.01238], [-121.94481, 38.01248]]}}, {"type": "Feature", "properties": {"hw": "residential"}, "geometry": {"type": "LineString", "coordinates": [[-121.88145, 38.0042], [-121.88141, 38.00407], [-121.88135, 38.0038], [-121.88155, 38.00339], [-121.88204, 38.00199], [-121.88213, 38.00185]]}}, {"type": "Feature", "properties": {"hw": "residential"}, "geometry": {"type": "LineString", "coordinates": [[-121.89133, 37.99806], [-121.8915, 37.99782], [-121.89177, 37.99765], [-121.89202, 37.99755], [-121.89264, 37.99732], [-121.89282, 37.99722]]}}, {"type": "Feature", "properties": {"hw": "residential"}, "geometry": {"type": "LineString", "coordinates": [[-121.88472, 37.99133], [-121.88482, 37.99127], [-121.88519, 37.99103], [-121.88557, 37.99099], [-121.88612, 37.99113], [-121.88745, 37.99175], [-121.88752, 37.99186], [-121.88757, 37.99202], [-121.88757, 37.99218], [-121.88751, 37.99235], [-121.88734, 37.99252], [-121.88703, 37.99268], [-121.88626, 37.99316], [-121.88546, 37.99359], [-121.88462, 37.99403], [-121.88454, 37.99412], [-121.88395, 37.99461], [-121.88333, 37.99515]]}}, {"type": "Feature", "properties": {"hw": "residential"}, "geometry": {"type": "LineString", "coordinates": [[-121.8423, 37.9927], [-121.84234, 37.9927], [-121.84279, 37.99268], [-121.84284, 37.99263], [-121.8429, 37.99257], [-121.84297, 37.99142]]}}, {"type": "Feature", "properties": {"hw": "residential"}, "geometry": {"type": "LineString", "coordinates": [[-121.83466, 37.99067], [-121.83473, 37.99072], [-121.8348, 37.99073], [-121.83492, 37.99074], [-121.83497, 37.99072], [-121.83499, 37.99069], [-121.83499, 37.99065], [-121.83497, 37.99062], [-121.83492, 37.9906], [-121.83481, 37.9906], [-121.83475, 37.99061], [-121.8347, 37.99064], [-121.83466, 37.99067]]}}, {"type": "Feature", "properties": {"hw": "residential"}, "geometry": {"type": "LineString", "coordinates": [[-121.86563, 38.00614], [-121.86613, 38.00626], [-121.86631, 38.00631], [-121.86656, 38.00644], [-121.86678, 38.00656], [-121.86699, 38.00663], [-121.86704, 38.00664], [-121.8672, 38.00667], [-121.86734, 38.00668], [-121.86748, 38.00666]]}}, {"type": "Feature", "properties": {"hw": "residential"}, "geometry": {"type": "LineString", "coordinates": [[-121.96318, 38.0268], [-121.96313, 38.02731], [-121.963, 38.02768], [-121.96296, 38.02782], [-121.96289, 38.02816], [-121.96282, 38.02931], [-121.96279, 38.02965], [-121.9629, 38.03013], [-121.96299, 38.03034], [-121.96298, 38.03178], [-121.96295, 38.03345], [-121.96295, 38.0335], [-121.96295, 38.03372], [-121.96295, 38.03402], [-121.96294, 38.03462], [-121.96287, 38.03484], [-121.96248, 38.03541], [-121.9624, 38.03568], [-121.96239, 38.03594], [-121.96241, 38.03721]]}}, {"type": "Feature", "properties": {"hw": "residential"}, "geometry": {"type": "LineString", "coordinates": [[-121.86179, 38.00045], [-121.86198, 38.00064]]}}, {"type": "Feature", "properties": {"hw": "residential"}, "geometry": {"type": "LineString", "coordinates": [[-121.9544, 38.0229], [-121.95339, 38.02291], [-121.95295, 38.02291], [-121.95235, 38.0229], [-121.95187, 38.0229], [-121.95126, 38.0229]]}}, {"type": "Feature", "properties": {"hw": "residential"}, "geometry": {"type": "LineString", "coordinates": [[-121.96025, 38.02389], [-121.96006, 38.02385], [-121.95875, 38.02351]]}}, {"type": "Feature", "properties": {"hw": "residential"}, "geometry": {"type": "LineString", "coordinates": [[-121.9339, 38.02457], [-121.933, 38.02457]]}}, {"type": "Feature", "properties": {"hw": "residential"}, "geometry": {"type": "LineString", "coordinates": [[-121.88329, 37.99979], [-121.88252, 38.00035]]}}, {"type": "Feature", "properties": {"hw": "residential"}, "geometry": {"type": "LineString", "coordinates": [[-121.90474, 38.01265], [-121.90605, 38.01298]]}}, {"type": "Feature", "properties": {"hw": "residential"}, "geometry": {"type": "LineString", "coordinates": [[-121.91935, 38.01553], [-121.91915, 38.01606]]}}, {"type": "Feature", "properties": {"hw": "residential"}, "geometry": {"type": "LineString", "coordinates": [[-121.88575, 37.99258], [-121.88637, 37.99226], [-121.88648, 37.99212]]}}, {"type": "Feature", "properties": {"hw": "residential"}, "geometry": {"type": "LineString", "coordinates": [[-121.93241, 38.02794], [-121.93154, 38.02794], [-121.93153, 38.02849], [-121.93149, 38.0294], [-121.93062, 38.02939]]}}, {"type": "Feature", "properties": {"hw": "residential"}, "geometry": {"type": "LineString", "coordinates": [[-121.96544, 38.0374], [-121.96556, 38.0371], [-121.96557, 38.03403]]}}, {"type": "Feature", "properties": {"hw": "residential"}, "geometry": {"type": "LineString", "coordinates": [[-121.8464, 37.99311], [-121.84637, 37.99354], [-121.84633, 37.99399], [-121.84629, 37.99432], [-121.84622, 37.99464], [-121.84605, 37.99472]]}}, {"type": "Feature", "properties": {"hw": "residential"}, "geometry": {"type": "LineString", "coordinates": [[-121.84461, 38.00049], [-121.84471, 38.00047], [-121.84502, 38.0004], [-121.84511, 38.00038], [-121.84536, 38.00033]]}}, {"type": "Feature", "properties": {"hw": "residential"}, "geometry": {"type": "LineString", "coordinates": [[-121.89146, 37.99415], [-121.89114, 37.99411], [-121.89034, 37.99395], [-121.89003, 37.99396], [-121.88956, 37.994]]}}, {"type": "Feature", "properties": {"hw": "residential"}, "geometry": {"type": "LineString", "coordinates": [[-121.9544, 38.02218], [-121.95297, 38.02197], [-121.95278, 38.02191], [-121.95243, 38.02178], [-121.9521, 38.02162], [-121.95179, 38.02152], [-121.95125, 38.02152]]}}, {"type": "Feature", "properties": {"hw": "residential"}, "geometry": {"type": "LineString", "coordinates": [[-121.873, 38.00101], [-121.87308, 38.00083], [-121.87304, 38.00061]]}}, {"type": "Feature", "properties": {"hw": "residential"}, "geometry": {"type": "LineString", "coordinates": [[-121.88454, 37.99412], [-121.88515, 37.99459], [-121.88395, 37.9956], [-121.88334, 37.99614], [-121.88303, 37.99644], [-121.8827, 37.99677], [-121.88238, 37.99699], [-121.88214, 37.99708], [-121.88189, 37.99708], [-121.8816, 37.99707]]}}, {"type": "Feature", "properties": {"hw": "residential"}, "geometry": {"type": "LineString", "coordinates": [[-121.99854, 37.98437], [-121.99811, 37.98452], [-121.9971, 37.98536], [-121.99664, 37.98575], [-121.9965, 37.98592]]}}, {"type": "Feature", "properties": {"hw": "residential"}, "geometry": {"type": "LineString", "coordinates": [[-121.97461, 38.02752], [-121.97435, 38.02739], [-121.974, 38.02723], [-121.9738, 38.02718], [-121.9737, 38.02717], [-121.97345, 38.02715], [-121.97337, 38.02715]]}}, {"type": "Feature", "properties": {"hw": "residential"}, "geometry": {"type": "LineString", "coordinates": [[-121.90394, 37.99795], [-121.90436, 37.99778], [-121.90455, 37.99774]]}}, {"type": "Feature", "properties": {"hw": "residential"}, "geometry": {"type": "LineString", "coordinates": [[-121.88535, 38.003], [-121.88512, 38.00291], [-121.88496, 38.00285], [-121.88488, 38.0028], [-121.88476, 38.00267], [-121.88444, 38.00234], [-121.88421, 38.0021], [-121.88264, 38.00049], [-121.88252, 38.00035], [-121.88215, 37.99987], [-121.88204, 37.99974], [-121.8816, 37.99947], [-121.88115, 37.99925], [-121.8808, 37.99909], [-121.88051, 37.99902], [-121.8801, 37.99901], [-121.87878, 37.99901], [-121.87816, 37.99901], [-121.87654, 37.99911], [-121.87598, 37.9992], [-121.87566, 37.99928], [-121.87459, 37.9996], [-121.87405, 37.99971]]}}, {"type": "Feature", "properties": {"hw": "residential"}, "geometry": {"type": "LineString", "coordinates": [[-121.90607, 38.01919], [-121.90607, 38.01907], [-121.90604, 38.01825], [-121.90603, 38.01754], [-121.90608, 38.01635]]}}, {"type": "Feature", "properties": {"hw": "tertiary"}, "geometry": {"type": "LineString", "coordinates": [[-121.94843, 38.01577], [-121.94846, 38.01566], [-121.94848, 38.0156], [-121.94856, 38.01529], [-121.94861, 38.01507], [-121.94866, 38.01484], [-121.94872, 38.01466], [-121.94878, 38.01452], [-121.94883, 38.01435], [-121.94886, 38.01423], [-121.94891, 38.01413], [-121.94898, 38.01396], [-121.94903, 38.01378], [-121.9491, 38.01358], [-121.94917, 38.01339], [-121.94931, 38.01296], [-121.9494, 38.01251], [-121.94946, 38.01218], [-121.94948, 38.01207], [-121.94955, 38.01172], [-121.94956, 38.01165], [-121.94971, 38.01125], [-121.95, 38.01098], [-121.95029, 38.01083]]}}, {"type": "Feature", "properties": {"hw": "residential"}, "geometry": {"type": "LineString", "coordinates": [[-121.92637, 38.02676], [-121.92637, 38.02725], [-121.92637, 38.02835], [-121.92634, 38.02853], [-121.92629, 38.02868], [-121.9262, 38.0289]]}}, {"type": "Feature", "properties": {"hw": "tertiary"}, "geometry": {"type": "LineString", "coordinates": [[-121.92395, 38.02675], [-121.92391, 38.02666], [-121.9239, 38.02629], [-121.9239, 38.02616], [-121.92386, 38.02601], [-121.92378, 38.02574], [-121.92376, 38.02571], [-121.9234, 38.02511], [-121.92297, 38.02448], [-121.92256, 38.02385], [-121.92216, 38.02322], [-121.92192, 38.02284], [-121.92173, 38.02252]]}}, {"type": "Feature", "properties": {"hw": "residential"}, "geometry": {"type": "LineString", "coordinates": [[-121.9689, 38.03882], [-121.96897, 38.03857], [-121.96904, 38.03834], [-121.96905, 38.03822], [-121.96905, 38.03807], [-121.96906, 38.03634], [-121.96906, 38.03621], [-121.96906, 38.03403]]}}, {"type": "Feature", "properties": {"hw": "residential"}, "geometry": {"type": "LineString", "coordinates": [[-121.92392, 38.02173], [-121.92408, 38.02204], [-121.92417, 38.02218], [-121.92429, 38.02231], [-121.92453, 38.02238], [-121.92474, 38.0224], [-121.9255, 38.02243], [-121.92727, 38.0224], [-121.92724, 38.02171], [-121.92722, 38.0197]]}}, {"type": "Feature", "properties": {"hw": "residential"}, "geometry": {"type": "LineString", "coordinates": [[-121.86802, 38.00061], [-121.86812, 38.00038], [-121.8682, 38.00027]]}}, {"type": "Feature", "properties": {"hw": "residential"}, "geometry": {"type": "LineString", "coordinates": [[-121.95393, 38.01284], [-121.95438, 38.01297], [-121.95445, 38.01297], [-121.9546, 38.01295], [-121.95473, 38.01294], [-121.95483, 38.01293], [-121.95511, 38.0127], [-121.9553, 38.01207], [-121.95523, 38.01165], [-121.9552, 38.01143], [-121.95513, 38.01127], [-121.95493, 38.01111], [-121.95452, 38.011], [-121.95426, 38.01096]]}}, {"type": "Feature", "properties": {"hw": "residential"}, "geometry": {"type": "LineString", "coordinates": [[-121.88799, 38.02084], [-121.88784, 38.0208]]}}, {"type": "Feature", "properties": {"hw": "residential"}, "geometry": {"type": "LineString", "coordinates": [[-121.84016, 37.99386], [-121.84066, 37.99306], [-121.84071, 37.99284]]}}, {"type": "Feature", "properties": {"hw": "residential"}, "geometry": {"type": "LineString", "coordinates": [[-121.88293, 38.00404], [-121.8829, 38.00415], [-121.88288, 38.00423], [-121.88301, 38.00455], [-121.88316, 38.00495]]}}, {"type": "Feature", "properties": {"hw": "residential"}, "geometry": {"type": "LineString", "coordinates": [[-121.88288, 38.00423], [-121.88276, 38.00423], [-121.88263, 38.00424], [-121.88233, 38.00431], [-121.88227, 38.00434], [-121.88226, 38.00439], [-121.88251, 38.00506]]}}, {"type": "Feature", "properties": {"hw": "residential"}, "geometry": {"type": "LineString", "coordinates": [[-121.83206, 37.98556], [-121.83371, 37.98399], [-121.83374, 37.98363]]}}, {"type": "Feature", "properties": {"hw": "residential"}, "geometry": {"type": "LineString", "coordinates": [[-121.90099, 37.99636], [-121.90103, 37.99589], [-121.90103, 37.99565], [-121.90097, 37.99548], [-121.90077, 37.9952], [-121.90076, 37.99506], [-121.90078, 37.99485], [-121.90087, 37.9947], [-121.90113, 37.9943], [-121.90143, 37.99372], [-121.90152, 37.99356]]}}, {"type": "Feature", "properties": {"hw": "residential"}, "geometry": {"type": "LineString", "coordinates": [[-121.97093, 38.03347], [-121.97077, 38.03358], [-121.97058, 38.03363], [-121.97004, 38.03363], [-121.97002, 38.03305]]}}, {"type": "Feature", "properties": {"hw": "residential"}, "geometry": {"type": "LineString", "coordinates": [[-121.92433, 38.02556], [-121.92455, 38.02544], [-121.9247, 38.02531], [-121.92478, 38.02516], [-121.92479, 38.02496], [-121.92478, 38.02482], [-121.92475, 38.02426], [-121.92466, 38.0236], [-121.92457, 38.02313]]}}, {"type": "Feature", "properties": {"hw": "residential"}, "geometry": {"type": "LineString", "coordinates": [[-121.92378, 38.02574], [-121.92433, 38.02556]]}}, {"type": "Feature", "properties": {"hw": "residential"}, "geometry": {"type": "LineString", "coordinates": [[-121.89012, 38.00538], [-121.89045, 38.00504]]}}, {"type": "Feature", "properties": {"hw": "residential"}, "geometry": {"type": "LineString", "coordinates": [[-121.87362, 38.01558], [-121.87364, 38.01552], [-121.87423, 38.014], [-121.87427, 38.01389]]}}, {"type": "Feature", "properties": {"hw": "residential"}, "geometry": {"type": "LineString", "coordinates": [[-121.89521, 38.00403], [-121.89538, 38.00409], [-121.89584, 38.00416], [-121.89635, 38.00422], [-121.89681, 38.00425], [-121.89723, 38.00425], [-121.89781, 38.00423], [-121.89821, 38.00421], [-121.89869, 38.00422], [-121.89916, 38.00424], [-121.89953, 38.00429], [-121.89991, 38.00435]]}}, {"type": "Feature", "properties": {"hw": "residential"}, "geometry": {"type": "LineString", "coordinates": [[-121.90367, 38.00968], [-121.90346, 38.00988], [-121.90333, 38.01011], [-121.90332, 38.01096]]}}, {"type": "Feature", "properties": {"hw": "residential"}, "geometry": {"type": "LineString", "coordinates": [[-121.92216, 38.02322], [-121.92169, 38.02341], [-121.92151, 38.02342]]}}, {"type": "Feature", "properties": {"hw": "residential"}, "geometry": {"type": "LineString", "coordinates": [[-121.90462, 38.00489], [-121.9046, 38.00471], [-121.90464, 38.00462], [-121.90492, 38.00414], [-121.90506, 38.00403]]}}, {"type": "Feature", "properties": {"hw": "secondary"}, "geometry": {"type": "LineString", "coordinates": [[-121.86294, 37.998], [-121.85999, 37.99799], [-121.85687, 37.998], [-121.85678, 37.998], [-121.85603, 37.998], [-121.85591, 37.998], [-121.85468, 37.998], [-121.85339, 37.99799], [-121.85106, 37.99798], [-121.85081, 37.99798]]}}, {"type": "Feature", "properties": {"hw": "residential"}, "geometry": {"type": "LineString", "coordinates": [[-121.83345, 37.98654], [-121.83406, 37.98593], [-121.83439, 37.98576], [-121.83522, 37.98543], [-121.83607, 37.98516]]}}, {"type": "Feature", "properties": {"hw": "residential"}, "geometry": {"type": "LineString", "coordinates": [[-121.87831, 37.99175], [-121.87842, 37.9941], [-121.87848, 37.9952], [-121.87842, 37.99583], [-121.8783, 37.99605], [-121.8782, 37.9963], [-121.878, 37.99656], [-121.87769, 37.99682], [-121.87697, 37.99724], [-121.87634, 37.99742], [-121.87575, 37.99748], [-121.87505, 37.99752]]}}, {"type": "Feature", "properties": {"hw": "residential"}, "geometry": {"type": "LineString", "coordinates": [[-121.89727, 37.99549], [-121.89741, 37.9955], [-121.89753, 37.9955], [-121.89809, 37.99552], [-121.89874, 37.99556], [-121.89907, 37.9956], [-121.8993, 37.99565], [-121.89942, 37.99568], [-121.89976, 37.99583], [-121.9003, 37.99623], [-121.90058, 37.99631], [-121.90099, 37.99636], [-121.90135, 37.99636], [-121.9016, 37.99631], [-121.90181, 37.99621], [-121.90209, 37.99604], [-121.90241, 37.99593], [-121.90279, 37.99584], [-121.90301, 37.99582], [-121.90318, 37.99586], [-121.9033, 37.99595], [-121.9036, 37.99643]]}}, {"type": "Feature", "properties": {"hw": "residential"}, "geometry": {"type": "LineString", "coordinates": [[-121.89474, 38.02483], [-121.89476, 38.02474], [-121.89565, 38.02244], [-121.89683, 38.01936]]}}, {"type": "Feature", "properties": {"hw": "residential"}, "geometry": {"type": "LineString", "coordinates": [[-121.99956, 37.9878], [-121.99918, 37.98815], [-121.99916, 37.98816]]}}, {"type": "Feature", "properties": {"hw": "residential"}, "geometry": {"type": "LineString", "coordinates": [[-121.95092, 38.00481], [-121.95096, 38.00494], [-121.95083, 38.00544]]}}, {"type": "Feature", "properties": {"hw": "tertiary"}, "geometry": {"type": "LineString", "coordinates": [[-121.9727, 38.03399], [-121.97269, 38.03348], [-121.97268, 38.03276], [-121.97267, 38.03185], [-121.97267, 38.03171], [-121.97267, 38.03156], [-121.97268, 38.03145], [-121.97269, 38.03138], [-121.97274, 38.03127], [-121.97277, 38.03119]]}}, {"type": "Feature", "properties": {"hw": "residential"}, "geometry": {"type": "LineString", "coordinates": [[-121.88277, 37.99241], [-121.88264, 37.99221]]}}, {"type": "Feature", "properties": {"hw": "residential"}, "geometry": {"type": "LineString", "coordinates": [[-121.88518, 38.01071], [-121.8855, 38.00989]]}}, {"type": "Feature", "properties": {"hw": "residential"}, "geometry": {"type": "LineString", "coordinates": [[-121.87386, 38.02193], [-121.87472, 38.02004]]}}, {"type": "Feature", "properties": {"hw": "tertiary"}, "geometry": {"type": "LineString", "coordinates": [[-121.95974, 38.00873], [-121.95943, 38.0091], [-121.9591, 38.00946], [-121.95894, 38.00971], [-121.95872, 38.01014], [-121.95848, 38.01043], [-121.95819, 38.01075], [-121.95812, 38.01082], [-121.95792, 38.01103], [-121.95779, 38.0112], [-121.95743, 38.01188], [-121.95713, 38.0125], [-121.95686, 38.01299], [-121.95659, 38.01363], [-121.95645, 38.01396]]}}, {"type": "Feature", "properties": {"hw": "residential"}, "geometry": {"type": "LineString", "coordinates": [[-121.84096, 37.98862], [-121.84069, 37.98812]]}}, {"type": "Feature", "properties": {"hw": "residential"}, "geometry": {"type": "LineString", "coordinates": [[-121.97009, 38.03027], [-121.97012, 38.03011], [-121.97013, 38.02912]]}}, {"type": "Feature", "properties": {"hw": "residential"}, "geometry": {"type": "LineString", "coordinates": [[-121.892, 38.00589], [-121.89113, 38.00567], [-121.89012, 38.00538], [-121.88947, 38.00484]]}}, {"type": "Feature", "properties": {"hw": "residential"}, "geometry": {"type": "LineString", "coordinates": [[-121.88165, 38.02935], [-121.88304, 38.02968], [-121.88321, 38.0298]]}}, {"type": "Feature", "properties": {"hw": "residential"}, "geometry": {"type": "LineString", "coordinates": [[-121.95397, 38.02865], [-121.95397, 38.02782], [-121.95397, 38.02726], [-121.95168, 38.02725], [-121.95168, 38.02794], [-121.95168, 38.02864], [-121.95254, 38.02865], [-121.95397, 38.02865]]}}, {"type": "Feature", "properties": {"hw": "residential"}, "geometry": {"type": "LineString", "coordinates": [[-121.87538, 38.00184], [-121.87492, 38.00171], [-121.87464, 38.00156], [-121.87438, 38.00142], [-121.87415, 38.0013], [-121.87374, 38.00122], [-121.87366, 38.00119]]}}, {"type": "Feature", "properties": {"hw": "residential"}, "geometry": {"type": "LineString", "coordinates": [[-121.94435, 38.01402], [-121.94528, 38.01399], [-121.94584, 38.01399], [-121.94628, 38.01409], [-121.94701, 38.01436], [-121.9473, 38.0145], [-121.94757, 38.01461], [-121.94777, 38.01467], [-121.94802, 38.01474], [-121.94832, 38.01479], [-121.94866, 38.01484]]}}, {"type": "Feature", "properties": {"hw": "residential"}, "geometry": {"type": "LineString", "coordinates": [[-121.97525, 38.03083], [-121.97512, 38.03075], [-121.975, 38.03069], [-121.9749, 38.03067], [-121.97479, 38.03064], [-121.97459, 38.03052], [-121.97445, 38.03042], [-121.97432, 38.03035], [-121.97415, 38.03026], [-121.97385, 38.03014], [-121.97367, 38.03007], [-121.97355, 38.03003], [-121.97351, 38.02999], [-121.9735, 38.02994], [-121.97349, 38.02965], [-121.97351, 38.0296], [-121.97356, 38.02957], [-121.97361, 38.02955], [-121.97375, 38.02955], [-121.9741, 38.02955], [-121.97437, 38.02955], [-121.97462, 38.02954]]}}, {"type": "Feature", "properties": {"hw": "residential"}, "geometry": {"type": "LineString", "coordinates": [[-121.97056, 38.03991], [-121.97506, 38.04071], [-121.97566, 38.04079], [-121.97606, 38.0408]]}}, {"type": "Feature", "properties": {"hw": "residential"}, "geometry": {"type": "LineString", "coordinates": [[-121.91875, 38.02145], [-121.91922, 38.02144]]}}, {"type": "Feature", "properties": {"hw": "residential"}, "geometry": {"type": "LineString", "coordinates": [[-121.84378, 37.99143], [-121.84373, 37.99202], [-121.84372, 37.99254]]}}, {"type": "Feature", "properties": {"hw": "residential"}, "geometry": {"type": "LineString", "coordinates": [[-121.94099, 38.02554], [-121.94129, 38.02572]]}}, {"type": "Feature", "properties": {"hw": "residential"}, "geometry": {"type": "LineString", "coordinates": [[-121.9339, 38.02677], [-121.93391, 38.0262], [-121.93392, 38.02607], [-121.93392, 38.02565], [-121.93392, 38.02563], [-121.93391, 38.02521], [-121.9339, 38.02474], [-121.9339, 38.02457], [-121.93391, 38.02439], [-121.9339, 38.02374], [-121.93391, 38.0235], [-121.93389, 38.02311], [-121.93388, 38.02287], [-121.93387, 38.02242], [-121.93387, 38.02227], [-121.93386, 38.02158], [-121.93385, 38.02112], [-121.93385, 38.0209], [-121.93385, 38.02076]]}}, {"type": "Feature", "properties": {"hw": "residential"}, "geometry": {"type": "LineString", "coordinates": [[-121.93228, 38.01558], [-121.93232, 38.01604], [-121.93236, 38.01639], [-121.93233, 38.01655], [-121.9323, 38.01675], [-121.93221, 38.01695], [-121.93212, 38.0171], [-121.93193, 38.01729], [-121.93176, 38.0174], [-121.93149, 38.01751], [-121.93085, 38.01764], [-121.93056, 38.01769], [-121.93021, 38.01775], [-121.92995, 38.01777], [-121.92949, 38.01774], [-121.92906, 38.0177], [-121.92821, 38.01764], [-121.92795, 38.01761], [-121.92751, 38.01758], [-121.92724, 38.01753], [-121.92649, 38.01724], [-121.9263, 38.01713], [-121.92593, 38.01657], [-121.92556, 38.01607], [-121.92552, 38.01597], [-121.9255, 38.0159], [-121.9255, 38.01578], [-121.92571, 38.01504]]}}, {"type": "Feature", "properties": {"hw": "residential"}, "geometry": {"type": "LineString", "coordinates": [[-121.86824, 37.998], [-121.86823, 37.99737], [-121.86823, 37.99715], [-121.86817, 37.99671], [-121.86808, 37.99642], [-121.86798, 37.99615], [-121.86779, 37.99554], [-121.86764, 37.99523], [-121.86748, 37.99497], [-121.86709, 37.99445], [-121.86693, 37.99427], [-121.86667, 37.99398], [-121.86613, 37.99353], [-121.86587, 37.99332], [-121.86561, 37.99312], [-121.86505, 37.9927], [-121.86481, 37.9925], [-121.86454, 37.9923], [-121.86427, 37.99202], [-121.86414, 37.99181], [-121.86405, 37.99157], [-121.86405, 37.99153], [-121.86401, 37.99136], [-121.86399, 37.99104], [-121.86398, 37.99092], [-121.86392, 37.99044]]}}, {"type": "Feature", "properties": {"hw": "residential"}, "geometry": {"type": "LineString", "coordinates": [[-121.98115, 38.02701], [-121.9812, 38.0271], [-121.98135, 38.02731], [-121.98217, 38.02806], [-121.98228, 38.02826], [-121.9823, 38.02848], [-121.98227, 38.02862], [-121.98129, 38.02992], [-121.98114, 38.03011], [-121.98097, 38.03027], [-121.98073, 38.03036], [-121.98005, 38.03041], [-121.97988, 38.03046], [-121.97977, 38.03047]]}}, {"type": "Feature", "properties": {"hw": "residential"}, "geometry": {"type": "LineString", "coordinates": [[-121.95101, 38.00931], [-121.95075, 38.00922], [-121.95055, 38.00911], [-121.95044, 38.00899]]}}, {"type": "Feature", "properties": {"hw": "residential"}, "geometry": {"type": "LineString", "coordinates": [[-121.90224, 37.99926], [-121.90229, 37.9996], [-121.90241, 37.99986], [-121.90259, 38.00005], [-121.90285, 38.00018], [-121.90308, 38.00025], [-121.90383, 38.00038], [-121.90396, 38.00039], [-121.9041, 38.00039], [-121.9042, 38.0004]]}}, {"type": "Feature", "properties": {"hw": "residential"}, "geometry": {"type": "LineString", "coordinates": [[-121.96108, 38.02929], [-121.96106, 38.03007]]}}, {"type": "Feature", "properties": {"hw": "residential"}, "geometry": {"type": "LineString", "coordinates": [[-121.93424, 38.01431], [-121.93512, 38.01429], [-121.93517, 38.01413], [-121.93517, 38.01391]]}}, {"type": "Feature", "properties": {"hw": "residential"}, "geometry": {"type": "LineString", "coordinates": [[-121.94626, 38.02676], [-121.94625, 38.0263], [-121.94628, 38.02611], [-121.94629, 38.02602], [-121.9463, 38.02583], [-121.9463, 38.02562], [-121.94631, 38.02557], [-121.9463, 38.02535], [-121.9463, 38.02522], [-121.9463, 38.02501], [-121.94632, 38.02484], [-121.94631, 38.0246], [-121.94631, 38.02418], [-121.94631, 38.02379], [-121.94629, 38.02373]]}}, {"type": "Feature", "properties": {"hw": "residential"}, "geometry": {"type": "LineString", "coordinates": [[-121.94629, 38.02373], [-121.94592, 38.02372], [-121.94546, 38.0236], [-121.94467, 38.02341], [-121.94454, 38.02341], [-121.94443, 38.02345], [-121.94435, 38.02352], [-121.94398, 38.02442], [-121.9439, 38.02465], [-121.94388, 38.02483], [-121.94392, 38.02519], [-121.944, 38.0256], [-121.94409, 38.02568], [-121.94421, 38.02572], [-121.94449, 38.02571], [-121.94476, 38.02564], [-121.94497, 38.02546], [-121.94525, 38.02518], [-121.9454, 38.02508], [-121.9457, 38.02501], [-121.94623, 38.02501], [-121.9463, 38.02501]]}}, {"type": "Feature", "properties": {"hw": "residential"}, "geometry": {"type": "LineString", "coordinates": [[-121.88565, 38.01738], [-121.88594, 38.01667]]}}, {"type": "Feature", "properties": {"hw": "residential"}, "geometry": {"type": "LineString", "coordinates": [[-121.8837, 38.00488], [-121.88376, 38.00492], [-121.88381, 38.00497], [-121.88382, 38.00504], [-121.88378, 38.00522], [-121.88374, 38.0053], [-121.88362, 38.00537], [-121.88343, 38.00546], [-121.88305, 38.00552], [-121.88252, 38.00561], [-121.8824, 38.00565], [-121.88231, 38.00567], [-121.88204, 38.00569], [-121.88154, 38.00578], [-121.88145, 38.00578]]}}, {"type": "Feature", "properties": {"hw": "residential"}, "geometry": {"type": "LineString", "coordinates": [[-121.92297, 38.02448], [-121.92384, 38.02414]]}}, {"type": "Feature", "properties": {"hw": "residential"}, "geometry": {"type": "LineString", "coordinates": [[-121.96194, 38.02929], [-121.96195, 38.03008]]}}, {"type": "Feature", "properties": {"hw": "residential"}, "geometry": {"type": "LineString", "coordinates": [[-121.90231, 38.02275], [-121.90255, 38.02302]]}}, {"type": "Feature", "properties": {"hw": "tertiary"}, "geometry": {"type": "LineString", "coordinates": [[-121.84305, 37.99904], [-121.84314, 37.9991], [-121.84315, 37.99911], [-121.84327, 37.99919], [-121.84343, 37.99931], [-121.84347, 37.99934], [-121.84353, 37.99938], [-121.84375, 37.99954], [-121.84387, 37.99962], [-121.84396, 37.99968], [-121.84404, 37.99975], [-121.84411, 37.9998], [-121.84421, 37.99987], [-121.84427, 37.99993], [-121.84432, 37.99999], [-121.8444, 38.00009], [-121.84445, 38.00015], [-121.8445, 38.00024], [-121.84455, 38.00034], [-121.84461, 38.00049], [-121.84492, 38.00146], [-121.84496, 38.00157], [-121.845, 38.0017], [-121.845, 38.00171], [-121.84512, 38.0021], [-121.84519, 38.00234], [-121.84522, 38.00245], [-121.84526, 38.00254], [-121.8453, 38.00262], [-121.84535, 38.0027], [-121.8454, 38.00277], [-121.84542, 38.0028], [-121.84549, 38.00289], [-121.8458, 38.00324]]}}, {"type": "Feature", "properties": {"hw": "residential"}, "geometry": {"type": "LineString", "coordinates": [[-121.95556, 38.02981], [-121.95498, 38.02938]]}}, {"type": "Feature", "properties": {"hw": "residential"}, "geometry": {"type": "LineString", "coordinates": [[-121.88677, 38.02742], [-121.88802, 38.02773], [-121.88927, 38.02802], [-121.89052, 38.02831], [-121.89165, 38.02859], [-121.89178, 38.02861], [-121.89389, 38.02862]]}}, {"type": "Feature", "properties": {"hw": "residential"}, "geometry": {"type": "LineString", "coordinates": [[-121.9321, 38.02679], [-121.93211, 38.02659], [-121.93211, 38.02645], [-121.93211, 38.02639], [-121.93211, 38.0262], [-121.93212, 38.0248], [-121.93212, 38.02476], [-121.93212, 38.02432], [-121.93213, 38.02381], [-121.93211, 38.02312], [-121.93211, 38.02259], [-121.93211, 38.02255]]}}, {"type": "Feature", "properties": {"hw": "tertiary"}, "geometry": {"type": "LineString", "coordinates": [[-121.88331, 38.03344], [-121.88334, 38.03337], [-121.88334, 38.03335], [-121.8836, 38.03269], [-121.88362, 38.03263]]}}, {"type": "Feature", "properties": {"hw": "residential"}, "geometry": {"type": "LineString", "coordinates": [[-121.89746, 38.02508], [-121.89749, 38.02498], [-121.89832, 38.02281]]}}, {"type": "Feature", "properties": {"hw": "residential"}, "geometry": {"type": "LineString", "coordinates": [[-121.91657, 38.02485], [-121.91658, 38.0244]]}}, {"type": "Feature", "properties": {"hw": "residential"}, "geometry": {"type": "LineString", "coordinates": [[-121.9206, 38.024], [-121.92058, 38.0233], [-121.92045, 38.02304]]}}, {"type": "Feature", "properties": {"hw": "residential"}, "geometry": {"type": "LineString", "coordinates": [[-121.94528, 38.01399], [-121.94529, 38.01327], [-121.94539, 38.01303], [-121.9455, 38.01305], [-121.94582, 38.01314], [-121.94687, 38.01342], [-121.94735, 38.01363], [-121.94802, 38.01392], [-121.94891, 38.01413]]}}, {"type": "Feature", "properties": {"hw": "residential"}, "geometry": {"type": "LineString", "coordinates": [[-121.93063, 38.0287], [-121.93018, 38.02864], [-121.92992, 38.02862], [-121.92918, 38.02862], [-121.92905, 38.02868]]}}, {"type": "Feature", "properties": {"hw": "residential"}, "geometry": {"type": "LineString", "coordinates": [[-121.95125, 38.02193], [-121.95084, 38.02193], [-121.94933, 38.02194], [-121.94845, 38.02194], [-121.94801, 38.02193], [-121.94711, 38.02193], [-121.94711, 38.02139], [-121.94711, 38.02105], [-121.94714, 38.02083], [-121.94741, 38.02059]]}}, {"type": "Feature", "properties": {"hw": "residential"}, "geometry": {"type": "LineString", "coordinates": [[-121.88392, 38.02548], [-121.88395, 38.02541], [-121.88412, 38.0249], [-121.88418, 38.02471]]}}, {"type": "Feature", "properties": {"hw": "residential"}, "geometry": {"type": "LineString", "coordinates": [[-121.93038, 38.0222], [-121.93049, 38.02213], [-121.93059, 38.02205], [-121.93073, 38.02183], [-121.93087, 38.02168], [-121.93113, 38.02149], [-121.93144, 38.02125], [-121.93163, 38.02107], [-121.9318, 38.02084], [-121.93196, 38.02063], [-121.93205, 38.02049], [-121.93208, 38.0203]]}}, {"type": "Feature", "properties": {"hw": "residential"}, "geometry": {"type": "LineString", "coordinates": [[-121.93208, 38.0203], [-121.93054, 38.01994], [-121.93026, 38.01988], [-121.93, 38.01984], [-121.92934, 38.01987], [-121.92924, 38.01995], [-121.92923, 38.02017], [-121.92925, 38.02045], [-121.92923, 38.02062], [-121.92919, 38.02074], [-121.92916, 38.02105], [-121.92918, 38.02127], [-121.92925, 38.02148], [-121.92926, 38.02163], [-121.92928, 38.02215], [-121.92937, 38.02222], [-121.92954, 38.02222], [-121.93018, 38.02222], [-121.93038, 38.0222]]}}, {"type": "Feature", "properties": {"hw": "residential"}, "geometry": {"type": "LineString", "coordinates": [[-121.89576, 38.00277], [-121.89635, 38.00284], [-121.89684, 38.00287], [-121.89736, 38.00288], [-121.89778, 38.00284], [-121.89875, 38.00284], [-121.89919, 38.00287], [-121.89953, 38.0029], [-121.89989, 38.00294], [-121.90039, 38.00303]]}}, {"type": "Feature", "properties": {"hw": "residential"}, "geometry": {"type": "LineString", "coordinates": [[-121.90496, 38.01143], [-121.90508, 38.01137], [-121.90516, 38.01131], [-121.90522, 38.01125], [-121.90527, 38.01117], [-121.90529, 38.01108], [-121.9053, 38.01058], [-121.90531, 38.00972]]}}, {"type": "Feature", "properties": {"hw": "residential"}, "geometry": {"type": "LineString", "coordinates": [[-121.93713, 38.02676], [-121.93713, 38.02642], [-121.93711, 38.02485], [-121.93701, 38.02458], [-121.93701, 38.02404], [-121.93697, 38.02086], [-121.93696, 38.01987], [-121.93696, 38.01937]]}}, {"type": "Feature", "properties": {"hw": "residential"}, "geometry": {"type": "LineString", "coordinates": [[-121.99509, 37.98619], [-121.99535, 37.98639]]}}, {"type": "Feature", "properties": {"hw": "residential"}, "geometry": {"type": "LineString", "coordinates": [[-121.95275, 38.01506], [-121.95336, 38.01526], [-121.95388, 38.01527], [-121.95409, 38.01482], [-121.95424, 38.01443], [-121.95434, 38.01417]]}}, {"type": "Feature", "properties": {"hw": "residential"}, "geometry": {"type": "LineString", "coordinates": [[-121.89521, 38.00175], [-121.89507, 38.00171]]}}, {"type": "Feature", "properties": {"hw": "residential"}, "geometry": {"type": "LineString", "coordinates": [[-121.83969, 37.99365], [-121.84016, 37.99386], [-121.84085, 37.99413], [-121.84152, 37.99434], [-121.84182, 37.99447], [-121.84217, 37.99451], [-121.84229, 37.99452], [-121.84244, 37.99449], [-121.84263, 37.99445], [-121.84281, 37.99438], [-121.84302, 37.99431], [-121.8431, 37.99428], [-121.84345, 37.99413], [-121.84395, 37.9939], [-121.84434, 37.99372], [-121.84463, 37.99353], [-121.84467, 37.99351], [-121.84495, 37.99328], [-121.84521, 37.99302], [-121.84549, 37.99272], [-121.84578, 37.99244], [-121.84607, 37.99216]]}}, {"type": "Feature", "properties": {"hw": "residential"}, "geometry": {"type": "LineString", "coordinates": [[-121.87955, 38.00334], [-121.8799, 38.00333], [-121.88005, 38.00329], [-121.88026, 38.00318], [-121.8803, 38.00312], [-121.88036, 38.00305], [-121.88055, 38.00257], [-121.88058, 38.00249], [-121.88059, 38.00247], [-121.88074, 38.00221], [-121.88099, 38.00213], [-121.88113, 38.0019], [-121.88129, 38.00153], [-121.88138, 38.00129], [-121.88142, 38.001], [-121.88119, 38.00069], [-121.88093, 38.00048], [-121.88072, 38.00037], [-121.88038, 38.00019], [-121.88011, 38.0001], [-121.87981, 38.00012], [-121.87947, 38.00014], [-121.87911, 38.00018], [-121.87874, 38.00021], [-121.87862, 38.00024], [-121.87822, 38.00036], [-121.87778, 38.00035], [-121.87692, 38.00044], [-121.877, 38.00072], [-121.87704, 38.00104], [-121.87706, 38.00121], [-121.87705, 38.00133], [-121.87704, 38.0015], [-121.87701, 38.0017], [-121.8769, 38.00217], [-121.87662, 38.00292], [-121.87658, 38.00304], [-121.87661, 38.00327], [-121.87651, 38.00354], [-121.87648, 38.00365]]}}, {"type": "Feature", "properties": {"hw": "residential"}, "geometry": {"type": "LineString", "coordinates": [[-121.90312, 38.00828], [-121.90279, 38.00821], [-121.90269, 38.00749]]}}, {"type": "Feature", "properties": {"hw": "residential"}, "geometry": {"type": "LineString", "coordinates": [[-121.95556, 38.02981], [-121.95607, 38.02941], [-121.95638, 38.02918], [-121.95663, 38.02901], [-121.95673, 38.02891], [-121.95695, 38.02874], [-121.95709, 38.02864], [-121.95727, 38.02849], [-121.95734, 38.02829], [-121.95734, 38.02797], [-121.95734, 38.02791], [-121.95734, 38.02786], [-121.95735, 38.02728], [-121.95735, 38.02677]]}}, {"type": "Feature", "properties": {"hw": "residential"}, "geometry": {"type": "LineString", "coordinates": [[-121.88279, 38.01785], [-121.88321, 38.01678], [-121.88346, 38.01608]]}}, {"type": "Feature", "properties": {"hw": "residential"}, "geometry": {"type": "LineString", "coordinates": [[-121.83386, 37.9972], [-121.83383, 37.99717], [-121.83382, 37.99713], [-121.83381, 37.99708], [-121.8338, 37.99523], [-121.83458, 37.99379], [-121.83465, 37.99376], [-121.83473, 37.99376], [-121.8353, 37.99394], [-121.83538, 37.994]]}}, {"type": "Feature", "properties": {"hw": "residential"}, "geometry": {"type": "LineString", "coordinates": [[-121.94187, 38.01246], [-121.94075, 38.01248]]}}, {"type": "Feature", "properties": {"hw": "residential"}, "geometry": {"type": "LineString", "coordinates": [[-121.8375, 37.9966], [-121.83737, 37.99633], [-121.83735, 37.99588], [-121.83788, 37.99481]]}}, {"type": "Feature", "properties": {"hw": "residential"}, "geometry": {"type": "LineString", "coordinates": [[-121.87397, 38.02408], [-121.87417, 38.0236], [-121.87447, 38.02293], [-121.87479, 38.02219], [-121.87561, 38.02035]]}}, {"type": "Feature", "properties": {"hw": "residential"}, "geometry": {"type": "LineString", "coordinates": [[-121.83522, 37.98543], [-121.83503, 37.98515]]}}, {"type": "Feature", "properties": {"hw": "residential"}, "geometry": {"type": "LineString", "coordinates": [[-121.90191, 38.01628], [-121.9025, 38.01628]]}}, {"type": "Feature", "properties": {"hw": "unclassified"}, "geometry": {"type": "LineString", "coordinates": [[-121.866, 38.01055], [-121.8653, 38.01036]]}}, {"type": "Feature", "properties": {"hw": "residential"}, "geometry": {"type": "LineString", "coordinates": [[-121.97147, 38.03075], [-121.9718, 38.03013], [-121.97231, 38.02943], [-121.97246, 38.02924]]}}, {"type": "Feature", "properties": {"hw": "residential"}, "geometry": {"type": "LineString", "coordinates": [[-121.91471, 38.0194], [-121.91491, 38.01871], [-121.91538, 38.01879]]}}, {"type": "Feature", "properties": {"hw": "secondary"}, "geometry": {"type": "LineString", "coordinates": [[-121.8521, 37.98703], [-121.85231, 37.9871], [-121.85249, 37.98715], [-121.85282, 37.98724], [-121.85293, 37.98727]]}}, {"type": "Feature", "properties": {"hw": "residential"}, "geometry": {"type": "LineString", "coordinates": [[-121.88392, 38.02548], [-121.88331, 38.02533], [-121.88324, 38.02531], [-121.8827, 38.0252], [-121.88264, 38.02519], [-121.88229, 38.0251], [-121.88221, 38.02509], [-121.88216, 38.02507], [-121.88162, 38.02492]]}}, {"type": "Feature", "properties": {"hw": "residential"}, "geometry": {"type": "LineString", "coordinates": [[-121.9231, 38.01711], [-121.92329, 38.01659]]}}, {"type": "Feature", "properties": {"hw": "residential"}, "geometry": {"type": "LineString", "coordinates": [[-121.98268, 38.0316], [-121.9826, 38.03166], [-121.98245, 38.03167], [-121.98191, 38.03167]]}}, {"type": "Feature", "properties": {"hw": "residential"}, "geometry": {"type": "LineString", "coordinates": [[-121.8723, 38.01767], [-121.87234, 38.01771], [-121.87348, 38.01805]]}}, {"type": "Feature", "properties": {"hw": "residential"}, "geometry": {"type": "LineString", "coordinates": [[-121.96373, 38.02934], [-121.96373, 38.02968], [-121.96405, 38.03028], [-121.96392, 38.03099], [-121.964, 38.03112], [-121.9641, 38.03121], [-121.96442, 38.03138]]}}, {"type": "Feature", "properties": {"hw": "residential"}, "geometry": {"type": "LineString", "coordinates": [[-121.86275, 38.00011], [-121.86257, 37.99993]]}}, {"type": "Feature", "properties": {"hw": "residential"}, "geometry": {"type": "LineString", "coordinates": [[-121.9522, 38.01059], [-121.95221, 38.0112], [-121.95214, 38.0113]]}}, {"type": "Feature", "properties": {"hw": "residential"}, "geometry": {"type": "LineString", "coordinates": [[-121.89177, 38.00657], [-121.892, 38.00589], [-121.89237, 38.00503]]}}, {"type": "Feature", "properties": {"hw": "residential"}, "geometry": {"type": "LineString", "coordinates": [[-121.91651, 38.09221], [-121.91635, 38.09229], [-121.91634, 38.0923], [-121.9162, 38.09242], [-121.91595, 38.09269], [-121.91583, 38.09279], [-121.91564, 38.09286], [-121.91554, 38.09288], [-121.91546, 38.09289], [-121.91514, 38.09285], [-121.91481, 38.09278], [-121.91378, 38.09246], [-121.91271, 38.09208], [-121.9117, 38.09176], [-121.91153, 38.09169], [-121.91126, 38.09153], [-121.91102, 38.09136], [-121.91066, 38.09103], [-121.91036, 38.09067], [-121.91003, 38.09021], [-121.90955, 38.08948], [-121.90913, 38.08892], [-121.90856, 38.08816], [-121.90823, 38.08783], [-121.90806, 38.08768], [-121.90761, 38.08736], [-121.907, 38.08695], [-121.90691, 38.08689], [-121.90648, 38.08658], [-121.90591, 38.08609], [-121.90541, 38.08573], [-121.9053, 38.08566], [-121.90503, 38.08549], [-121.90468, 38.08535], [-121.90442, 38.08528], [-121.90353, 38.08521], [-121.90324, 38.08522], [-121.90234, 38.08537], [-121.90129, 38.08564], [-121.90065, 38.08579], [-121.90018, 38.08593], [-121.89986, 38.08604], [-121.89929, 38.08627], [-121.89869, 38.08652], [-121.89818, 38.0867], [-121.89782, 38.08689], [-121.89773, 38.08699], [-121.89757, 38.08713], [-121.89746, 38.08722], [-121.89727, 38.08736], [-121.89711, 38.08743], [-121.89607, 38.08774], [-121.89513, 38.08796], [-121.89442, 38.08814], [-121.89373, 38.08836], [-121.89292, 38.08854], [-121.89238, 38.08868], [-121.89149, 38.08893], [-121.8912, 38.08902], [-121.89051, 38.08916], [-121.88999, 38.0893], [-121.88968, 38.08942], [-121.88939, 38.08957], [-121.88896, 38.08976], [-121.88861, 38.08991], [-121.88831, 38.09001], [-121.88745, 38.09026], [-121.88677, 38.09038], [-121.88622, 38.09046], [-121.88608, 38.09047], [-121.88589, 38.09051], [-121.88586, 38.09052], [-121.88566, 38.09057], [-121.88563, 38.09055], [-121.88559, 38.09053], [-121.88539, 38.09045], [-121.88531, 38.09041], [-121.8852, 38.09031], [-121.88494, 38.09002], [-121.88441, 38.0894], [-121.8841, 38.08901], [-121.88361, 38.08832], [-121.88336, 38.08791], [-121.88322, 38.08765], [-121.88296, 38.08681], [-121.8829, 38.08655], [-121.88284, 38.08617], [-121.88284, 38.08596], [-121.88287, 38.08569], [-121.88293, 38.08547], [-121.88307, 38.08509], [-121.88316, 38.08487], [-121.88345, 38.08442], [-121.88399, 38.08366], [-121.88444, 38.08305], [-121.88483, 38.08259], [-121.8854, 38.0818], [-121.88547, 38.08169], [-121.88558, 38.08151], [-121.88587, 38.08101], [-121.88594, 38.08082], [-121.88597, 38.08064], [-121.88598, 38.08034], [-121.88595, 38.07996], [-121.88591, 38.07968], [-121.88585, 38.07945], [-121.88567, 38.07899], [-121.88545, 38.07858], [-121.88515, 38.07812], [-121.88492, 38.07783], [-121.88402, 38.07677], [-121.88363, 38.07641], [-121.8832, 38.07598], [-121.88297, 38.07569], [-121.88278, 38.07552], [-121.88246, 38.07525], [-121.88204, 38.07495], [-121.88184, 38.07477], [-121.8816, 38.07458], [-121.88119, 38.07427], [-121.88096, 38.07401], [-121.88081, 38.07381], [-121.88067, 38.07367], [-121.88051, 38.07357], [-121.88026, 38.07345], [-121.8801, 38.07341], [-121.87979, 38.07329], [-121.87955, 38.07315], [-121.87937, 38.07302], [-121.87921, 38.07291], [-121.87897, 38.07277], [-121.87876, 38.07269], [-121.87842, 38.07259], [-121.87817, 38.07254], [-121.87776, 38.07238], [-121.8776, 38.07224], [-121.87725, 38.07201], [-121.87657, 38.07159], [-121.87584, 38.07112], [-121.87553, 38.07095], [-121.87489, 38.07058], [-121.87446, 38.07032], [-121.87376, 38.06991], [-121.87325, 38.06969], [-121.87306, 38.0696], [-121.87285, 38.06948], [-121.8724, 38.06921], [-121.87197, 38.06899], [-121.87174, 38.06893], [-121.87161, 38.06888], [-121.87085, 38.06874], [-121.87074, 38.0687], [-121.8706, 38.06865], [-121.87041, 38.06854], [-121.86964, 38.06821], [-121.86949, 38.06816], [-121.86933, 38.06813], [-121.86901, 38.06809], [-121.8685, 38.06806], [-121.86778, 38.06797], [-121.86763, 38.06794], [-121.8671, 38.06776], [-121.86694, 38.06769], [-121.86674, 38.06753], [-121.86661, 38.0674], [-121.86648, 38.06724], [-121.8664, 38.06703], [-121.86637, 38.06696], [-121.86636, 38.06679], [-121.86636, 38.06658], [-121.86632, 38.06644], [-121.8663, 38.06632], [-121.86632, 38.0662], [-121.86635, 38.06611], [-121.86651, 38.06584], [-121.86673, 38.0655], [-121.86689, 38.06534], [-121.86725, 38.0651], [-121.86755, 38.06487], [-121.86774, 38.06471], [-121.8682, 38.06423], [-121.86837, 38.06399], [-121.86848, 38.06378], [-121.8686, 38.06349], [-121.86866, 38.06341], [-121.86885, 38.06318], [-121.86912, 38.06292], [-121.86921, 38.06286], [-121.86934, 38.06279], [-121.8695, 38.06275], [-121.86959, 38.06273], [-121.86965, 38.0627], [-121.86968, 38.06269], [-121.8702, 38.06239], [-121.87065, 38.06204], [-121.87084, 38.06196], [-121.87118, 38.06184], [-121.87172, 38.06169], [-121.872, 38.06162], [-121.87223, 38.06156], [-121.87274, 38.06135], [-121.87303, 38.06121], [-121.87352, 38.06099], [-121.87411, 38.06062], [-121.87444, 38.06045], [-121.87502, 38.06012], [-121.87529, 38.05989], [-121.87557, 38.05965], [-121.87575, 38.05953], [-121.87591, 38.05941], [-121.87607, 38.05931], [-121.87629, 38.0592], [-121.87641, 38.05914], [-121.8765, 38.05909], [-121.87667, 38.05903], [-121.8768, 38.05899], [-121.87695, 38.05898], [-121.87703, 38.05897], [-121.87723, 38.05892], [-121.87751, 38.05881], [-121.87771, 38.05871], [-121.87788, 38.05861], [-121.87808, 38.05848], [-121.87821, 38.05841], [-121.8783, 38.05834], [-121.8785, 38.05814], [-121.87864, 38.05804], [-121.87876, 38.05798], [-121.87891, 38.05793], [-121.87904, 38.0579], [-121.87922, 38.05788], [-121.87937, 38.05782], [-121.8795, 38.05775], [-121.87968, 38.0576], [-121.87975, 38.05755], [-121.88002, 38.05737], [-121.88013, 38.05729], [-121.8802, 38.0572], [-121.88026, 38.05712], [-121.88041, 38.05693], [-121.88057, 38.0568], [-121.8807, 38.05673], [-121.88086, 38.05667], [-121.88102, 38.05656], [-121.88156, 38.05629], [-121.88213, 38.05604], [-121.88248, 38.05594], [-121.88266, 38.05592], [-121.88283, 38.05591], [-121.88365, 38.05593], [-121.8845, 38.05598], [-121.88466, 38.05599], [-121.88517, 38.05591], [-121.88521, 38.05591], [-121.88545, 38.05584], [-121.88557, 38.05579], [-121.88617, 38.05546], [-121.8875, 38.05491], [-121.88812, 38.05469], [-121.88853, 38.05458], [-121.88955, 38.05443], [-121.88963, 38.05442], [-121.88983, 38.0544], [-121.89005, 38.05439], [-121.89032, 38.05441], [-121.89049, 38.05443], [-121.89314, 38.05474], [-121.89347, 38.05476], [-121.89396, 38.05487], [-121.89411, 38.05489], [-121.89427, 38.05494], [-121.89474, 38.05521], [-121.89492, 38.05534], [-121.89645, 38.05662], [-121.89745, 38.05733], [-121.89813, 38.0577], [-121.89878, 38.05801], [-121.89949, 38.05831], [-121.89964, 38.05835], [-121.89974, 38.05838], [-121.89999, 38.05844], [-121.90031, 38.05851], [-121.90065, 38.05859], [-121.90093, 38.05864], [-121.9012, 38.05868], [-121.90137, 38.05871], [-121.90154, 38.05876], [-121.90175, 38.0588], [-121.90192, 38.05883], [-121.9022, 38.05886], [-121.90244, 38.05888], [-121.9026, 38.0589], [-121.90272, 38.05892], [-121.90278, 38.05892], [-121.90291, 38.05892], [-121.90297, 38.05892], [-121.90308, 38.05893], [-121.90324, 38.05896], [-121.90344, 38.05898], [-121.90362, 38.05899], [-121.90407, 38.05906], [-121.90422, 38.05908], [-121.90456, 38.05911], [-121.90471, 38.05912], [-121.90491, 38.05914], [-121.90504, 38.05916], [-121.90528, 38.05925], [-121.90541, 38.05928], [-121.90559, 38.05932], [-121.90572, 38.05936], [-121.90582, 38.0594], [-121.90603, 38.05948], [-121.90637, 38.05968], [-121.90669, 38.05998], [-121.90707, 38.06034], [-121.90788, 38.06126], [-121.90814, 38.06154], [-121.90824, 38.06168], [-121.90834, 38.06186], [-121.90839, 38.06197], [-121.90842, 38.06208], [-121.90847, 38.06215], [-121.90855, 38.06218], [-121.90867, 38.06229], [-121.90892, 38.06259], [-121.90953, 38.06341], [-121.91015, 38.06436], [-121.91042, 38.06483], [-121.91067, 38.06539], [-121.91095, 38.06613], [-121.91101, 38.06636], [-121.91101, 38.06656], [-121.91098, 38.06668], [-121.91098, 38.06685], [-121.911, 38.06705], [-121.91108, 38.06737], [-121.91109, 38.06737], [-121.91111, 38.06759], [-121.91117, 38.06804], [-121.91121, 38.06853], [-121.91122, 38.06888], [-121.9112, 38.06914], [-121.91119, 38.06926], [-121.91114, 38.06954], [-121.9111, 38.0698], [-121.91107, 38.07], [-121.91095, 38.07061], [-121.91091, 38.07073], [-121.91085, 38.07081], [-121.91073, 38.07094], [-121.9105, 38.07118], [-121.91035, 38.07138], [-121.91026, 38.0716], [-121.91011, 38.07191], [-121.90933, 38.07339], [-121.90925, 38.07356], [-121.9092, 38.07379], [-121.90917, 38.074], [-121.90913, 38.07413], [-121.90902, 38.07431], [-121.90878, 38.07467], [-121.9087, 38.07478], [-121.90861, 38.07486], [-121.90852, 38.07491], [-121.90841, 38.07496], [-121.90828, 38.07499], [-121.90814, 38.07501], [-121.90793, 38.07501], [-121.9074, 38.075], [-121.90723, 38.075], [-121.90705, 38.07503], [-121.90688, 38.07509], [-121.90676, 38.07515], [-121.9067, 38.07521], [-121.90665, 38.07528], [-121.90663, 38.07533], [-121.9066, 38.07542], [-121.90658, 38.07563], [-121.90659, 38.07585], [-121.90657, 38.07599], [-121.90653, 38.07617], [-121.90652, 38.07635], [-121.90656, 38.07658], [-121.90662, 38.07672], [-121.90674, 38.07696], [-121.90692, 38.07724], [-121.90703, 38.07739], [-121.90715, 38.07754], [-121.90727, 38.07762], [-121.90742, 38.07771], [-121.90753, 38.07779], [-121.9076, 38.07785], [-121.90772, 38.07797], [-121.9078, 38.07807], [-121.90782, 38.07812], [-121.90782, 38.07816], [-121.90781, 38.0782], [-121.90777, 38.07825], [-121.90771, 38.07828], [-121.90755, 38.07836], [-121.90726, 38.07848], [-121.90696, 38.07865], [-121.90672, 38.07879], [-121.90649, 38.07888], [-121.9063, 38.07894], [-121.906, 38.07902], [-121.90592, 38.07905], [-121.90587, 38.07909], [-121.90581, 38.07917], [-121.9058, 38.07923], [-121.90581, 38.0796], [-121.90582, 38.07968], [-121.90586, 38.07979], [-121.90591, 38.07986], [-121.90605, 38.07999], [-121.9063, 38.08018], [-121.90651, 38.0803], [-121.9068, 38.08045], [-121.90712, 38.08066], [-121.90744, 38.08094], [-121.90819, 38.08148], [-121.90859, 38.08179], [-121.90875, 38.08193], [-121.90896, 38.08222], [-121.90904, 38.08235], [-121.90925, 38.08258], [-121.90961, 38.08292], [-121.90966, 38.08301], [-121.90967, 38.08304], [-121.90973, 38.08316], [-121.90976, 38.08322], [-121.90977, 38.08327], [-121.90984, 38.08333], [-121.91006, 38.08344], [-121.91015, 38.08346], [-121.91026, 38.08346], [-121.91055, 38.08345], [-121.91094, 38.08341], [-121.91103, 38.0834], [-121.91117, 38.08344], [-121.91126, 38.08353], [-121.91136, 38.08386], [-121.91151, 38.08457], [-121.91156, 38.08464], [-121.91173, 38.08474], [-121.91184, 38.08478], [-121.91199, 38.0848], [-121.91221, 38.0848], [-121.91235, 38.08478], [-121.91251, 38.08474], [-121.91261, 38.08472], [-121.91275, 38.08472]]}}, {"type": "Feature", "properties": {"hw": "tertiary"}, "geometry": {"type": "LineString", "coordinates": [[-121.88011, 38.02186], [-121.88007, 38.02185], [-121.87921, 38.02156], [-121.87834, 38.02126], [-121.87743, 38.02095], [-121.87653, 38.02065], [-121.87561, 38.02035], [-121.87472, 38.02004], [-121.8738, 38.01974]]}}, {"type": "Feature", "properties": {"hw": "tertiary"}, "geometry": {"type": "LineString", "coordinates": [[-121.88048, 38.02197], [-121.88011, 38.02186]]}}, {"type": "Feature", "properties": {"hw": "secondary"}, "geometry": {"type": "LineString", "coordinates": [[-121.84473, 37.99757], [-121.84548, 37.99692], [-121.84559, 37.99683], [-121.84593, 37.99653]]}}, {"type": "Feature", "properties": {"hw": "unclassified"}, "geometry": {"type": "LineString", "coordinates": [[-121.85392, 38.01007], [-121.85413, 38.01034], [-121.85501, 38.01055]]}}, {"type": "Feature", "properties": {"hw": "residential"}, "geometry": {"type": "LineString", "coordinates": [[-122.00301, 38.01592], [-122.00296, 38.01587], [-122.0029, 38.01582], [-122.00282, 38.01578], [-122.00246, 38.01563], [-122.00196, 38.01543], [-122.0019, 38.01541], [-122.00182, 38.01538], [-122.00175, 38.01539], [-122.00168, 38.01541], [-122.00147, 38.01551], [-122.00124, 38.01558], [-122.0011, 38.01562], [-122.00084, 38.01556], [-122.0001, 38.01544], [-121.99993, 38.0154], [-121.99977, 38.01536], [-121.99966, 38.01532], [-121.9995, 38.01526], [-121.99946, 38.01524], [-121.99935, 38.01519], [-121.9993, 38.01515], [-121.99891, 38.01486], [-121.99883, 38.01481]]}}, {"type": "Feature", "properties": {"hw": "secondary"}, "geometry": {"type": "LineString", "coordinates": [[-121.99709, 38.01121], [-121.997, 38.01132], [-121.99698, 38.01136], [-121.99692, 38.01157], [-121.99688, 38.01175], [-121.99686, 38.01191], [-121.99685, 38.01208], [-121.99686, 38.01224], [-121.99687, 38.01241], [-121.99689, 38.0126], [-121.99694, 38.0128], [-121.99702, 38.01303]]}}, {"type": "Feature", "properties": {"hw": "tertiary"}, "geometry": {"type": "LineString", "coordinates": [[-121.96539, 38.01134], [-121.96547, 38.01151], [-121.96553, 38.01189], [-121.96543, 38.01335]]}}, {"type": "Feature", "properties": {"hw": "residential"}, "geometry": {"type": "LineString", "coordinates": [[-121.95736, 38.02566], [-121.95665, 38.02549], [-121.95595, 38.02532], [-121.95513, 38.02512], [-121.95444, 38.02495], [-121.9534, 38.02468], [-121.95236, 38.02446], [-121.95182, 38.02432], [-121.9516, 38.02427], [-121.95126, 38.02418]]}}, {"type": "Feature", "properties": {"hw": "secondary"}, "geometry": {"type": "LineString", "coordinates": [[-121.95735, 38.02677], [-121.95748, 38.02682], [-121.95785, 38.02682], [-121.95802, 38.02683], [-121.95841, 38.02683], [-121.95843, 38.02683], [-121.95862, 38.02683], [-121.95901, 38.02682], [-121.95922, 38.0268], [-121.95943, 38.02677], [-121.95953, 38.02676], [-121.95963, 38.02674], [-121.95981, 38.0267], [-121.96024, 38.02657]]}}, {"type": "Feature", "properties": {"hw": "secondary"}, "geometry": {"type": "LineString", "coordinates": [[-121.90317, 38.02948], [-121.91058, 38.02949], [-121.911, 38.02949]]}}, {"type": "Feature", "properties": {"hw": "residential"}, "geometry": {"type": "LineString", "coordinates": [[-121.95443, 38.0217], [-121.95448, 38.02156]]}}, {"type": "Feature", "properties": {"hw": "residential"}, "geometry": {"type": "LineString", "coordinates": [[-121.9454, 38.02272], [-121.94549, 38.02281], [-121.94627, 38.02298], [-121.94655, 38.02302], [-121.94671, 38.02294], [-121.94673, 38.02278], [-121.94666, 38.02269]]}}, {"type": "Feature", "properties": {"hw": "residential"}, "geometry": {"type": "LineString", "coordinates": [[-121.942, 38.02446], [-121.94207, 38.02446], [-121.9421, 38.02446], [-121.94212, 38.02447], [-121.94275, 38.02447], [-121.94282, 38.02447], [-121.94289, 38.02448], [-121.94297, 38.02449], [-121.94327, 38.02455], [-121.94333, 38.02456], [-121.94343, 38.02458]]}}, {"type": "Feature", "properties": {"hw": "residential"}, "geometry": {"type": "LineString", "coordinates": [[-121.94515, 38.02068], [-121.94532, 38.02054], [-121.94545, 38.02049], [-121.94597, 38.02049], [-121.94632, 38.02049], [-121.94648, 38.02052]]}}, {"type": "Feature", "properties": {"hw": "secondary"}, "geometry": {"type": "LineString", "coordinates": [[-121.94182, 38.01939], [-121.94181, 38.01968]]}}, {"type": "Feature", "properties": {"hw": "tertiary"}, "geometry": {"type": "LineString", "coordinates": [[-121.94182, 38.02157], [-121.94197, 38.02158]]}}, {"type": "Feature", "properties": {"hw": "residential"}, "geometry": {"type": "LineString", "coordinates": [[-121.94253, 38.02154], [-121.94284, 38.02156], [-121.94296, 38.02156], [-121.94389, 38.02159]]}}, {"type": "Feature", "properties": {"hw": "secondary"}, "geometry": {"type": "LineString", "coordinates": [[-121.94181, 38.01968], [-121.94181, 38.01973], [-121.94181, 38.01979], [-121.94181, 38.01995], [-121.9418, 38.02023]]}}, {"type": "Feature", "properties": {"hw": "secondary"}, "geometry": {"type": "LineString", "coordinates": [[-121.94197, 38.02158], [-121.94197, 38.02149], [-121.94197, 38.02091]]}}, {"type": "Feature", "properties": {"hw": "secondary"}, "geometry": {"type": "LineString", "coordinates": [[-121.94195, 38.01535], [-121.94186, 38.0155], [-121.94189, 38.01659], [-121.94189, 38.01666]]}}, {"type": "Feature", "properties": {"hw": "residential"}, "geometry": {"type": "LineString", "coordinates": [[-121.9442, 38.02134], [-121.94412, 38.02138], [-121.94407, 38.02148], [-121.94405, 38.02159], [-121.94407, 38.02214], [-121.94418, 38.02225], [-121.94432, 38.02226], [-121.94453, 38.02222], [-121.94489, 38.0222], [-121.94523, 38.02221], [-121.9454, 38.02218], [-121.94553, 38.02208], [-121.94559, 38.02195], [-121.94557, 38.0217], [-121.9455, 38.02159], [-121.94547, 38.02154]]}}, {"type": "Feature", "properties": {"hw": "residential"}, "geometry": {"type": "LineString", "coordinates": [[-121.94416, 38.01385], [-121.94402, 38.01382], [-121.94385, 38.01372], [-121.94386, 38.01331], [-121.94387, 38.01318], [-121.94387, 38.013], [-121.94355, 38.01264]]}}, {"type": "Feature", "properties": {"hw": "secondary"}, "geometry": {"type": "LineString", "coordinates": [[-121.91457, 38.01294], [-121.91466, 38.01293], [-121.9148, 38.01293], [-121.915, 38.01292], [-121.91535, 38.01296], [-121.91569, 38.01302], [-121.91627, 38.01316], [-121.91713, 38.01336], [-121.91766, 38.01349], [-121.91809, 38.01359], [-121.91819, 38.01361], [-121.91883, 38.01377]]}}, {"type": "Feature", "properties": {"hw": "secondary"}, "geometry": {"type": "LineString", "coordinates": [[-121.87765, 38.0251], [-121.87725, 38.02506], [-121.87684, 38.02502], [-121.87629, 38.02493], [-121.87239, 38.02406], [-121.87216, 38.02399], [-121.87194, 38.02388], [-121.87179, 38.02377], [-121.87161, 38.02361], [-121.87149, 38.02345], [-121.87142, 38.02334], [-121.87136, 38.02312], [-121.87134, 38.02295], [-121.87134, 38.02277], [-121.87137, 38.02261], [-121.87198, 38.02123]]}}, {"type": "Feature", "properties": {"hw": "residential"}, "geometry": {"type": "LineString", "coordinates": [[-121.87812, 38.02499], [-121.87794, 38.02495], [-121.87772, 38.0249], [-121.8768, 38.0247], [-121.87673, 38.02468], [-121.87601, 38.02453], [-121.87586, 38.02449], [-121.87414, 38.02411], [-121.87397, 38.02408], [-121.87301, 38.02386], [-121.87295, 38.02385], [-121.8721, 38.02364]]}}, {"type": "Feature", "properties": {"hw": "secondary"}, "geometry": {"type": "LineString", "coordinates": [[-121.87025, 38.01856], [-121.8696, 38.01834]]}}, {"type": "Feature", "properties": {"hw": "residential"}, "geometry": {"type": "LineString", "coordinates": [[-121.87263, 38.02242], [-121.87296, 38.02168], [-121.87363, 38.02013], [-121.87377, 38.01983], [-121.8738, 38.01974]]}}, {"type": "Feature", "properties": {"hw": "tertiary"}, "geometry": {"type": "LineString", "coordinates": [[-121.88194, 38.0237], [-121.88192, 38.02351], [-121.88188, 38.02332]]}}, {"type": "Feature", "properties": {"hw": "tertiary"}, "geometry": {"type": "LineString", "coordinates": [[-121.88103, 38.01993], [-121.8799, 38.02279]]}}, {"type": "Feature", "properties": {"hw": "secondary"}, "geometry": {"type": "LineString", "coordinates": [[-121.87883, 38.02516], [-121.87857, 38.02584]]}}, {"type": "Feature", "properties": {"hw": "secondary"}, "geometry": {"type": "LineString", "coordinates": [[-121.88542, 38.02734], [-121.88525, 38.02761], [-121.8852, 38.02772], [-121.88518, 38.02778], [-121.88517, 38.0278], [-121.88516, 38.02792]]}}, {"type": "Feature", "properties": {"hw": "residential"}, "geometry": {"type": "LineString", "coordinates": [[-121.88717, 38.02417], [-121.88678, 38.02406], [-121.88669, 38.02406], [-121.88662, 38.0241], [-121.88658, 38.02416], [-121.88648, 38.02441], [-121.88623, 38.02507], [-121.88623, 38.02508], [-121.88619, 38.02519], [-121.88615, 38.02529], [-121.88598, 38.02573], [-121.8859, 38.02596], [-121.88585, 38.02603]]}}, {"type": "Feature", "properties": {"hw": "tertiary"}, "geometry": {"type": "LineString", "coordinates": [[-121.90342, 38.02561], [-121.9039, 38.02568]]}}, {"type": "Feature", "properties": {"hw": "secondary"}, "geometry": {"type": "LineString", "coordinates": [[-121.88849, 38.0195], [-121.88854, 38.01938]]}}, {"type": "Feature", "properties": {"hw": "secondary"}, "geometry": {"type": "LineString", "coordinates": [[-121.88715, 38.02344], [-121.88706, 38.02369], [-121.8868, 38.02433]]}}, {"type": "Feature", "properties": {"hw": "tertiary"}, "geometry": {"type": "LineString", "coordinates": [[-121.88498, 38.00416], [-121.88496, 38.00444], [-121.885, 38.00504], [-121.88507, 38.00551], [-121.88515, 38.00574], [-121.88522, 38.00587], [-121.88529, 38.00598], [-121.88543, 38.00616], [-121.88566, 38.00643], [-121.88603, 38.00682], [-121.88611, 38.00691], [-121.88654, 38.00737], [-121.88661, 38.00744]]}}, {"type": "Feature", "properties": {"hw": "tertiary"}, "geometry": {"type": "LineString", "coordinates": [[-121.88326, 38.01498], [-121.88304, 38.01529]]}}, {"type": "Feature", "properties": {"hw": "residential"}, "geometry": {"type": "LineString", "coordinates": [[-121.9333, 38.02808], [-121.93451, 38.02808], [-121.93571, 38.02807], [-121.93639, 38.02808], [-121.93653, 38.02811], [-121.93664, 38.02816], [-121.93679, 38.02824], [-121.93695, 38.02827], [-121.93745, 38.02828], [-121.93811, 38.02828], [-121.93861, 38.02828], [-121.93973, 38.02828], [-121.94089, 38.02828]]}}, {"type": "Feature", "properties": {"hw": "residential"}, "geometry": {"type": "LineString", "coordinates": [[-121.93661, 38.02971], [-121.93664, 38.02894], [-121.93664, 38.02816], [-121.93665, 38.02739]]}}, {"type": "Feature", "properties": {"hw": "residential"}, "geometry": {"type": "LineString", "coordinates": [[-121.9408, 38.03268], [-121.94069, 38.0327], [-121.94056, 38.03269], [-121.93974, 38.03249], [-121.93904, 38.03224], [-121.93875, 38.0321], [-121.93865, 38.03201]]}}, {"type": "Feature", "properties": {"hw": "residential"}, "geometry": {"type": "LineString", "coordinates": [[-121.93506, 38.02542], [-121.9357, 38.02541]]}}, {"type": "Feature", "properties": {"hw": "residential"}, "geometry": {"type": "LineString", "coordinates": [[-121.91029, 38.0244], [-121.9103, 38.0239], [-121.91023, 38.02374]]}}, {"type": "Feature", "properties": {"hw": "unclassified"}, "geometry": {"type": "LineString", "coordinates": [[-121.89015, 38.02107], [-121.89018, 38.021], [-121.89018, 38.02098], [-121.8902, 38.02093], [-121.89032, 38.02064], [-121.8904, 38.02041], [-121.89045, 38.02028], [-121.8906, 38.01988], [-121.89066, 38.01972]]}}, {"type": "Feature", "properties": {"hw": "unclassified"}, "geometry": {"type": "LineString", "coordinates": [[-121.8901, 38.01888], [-121.89017, 38.0189], [-121.89055, 38.019], [-121.89082, 38.01907], [-121.89089, 38.01906]]}}, {"type": "Feature", "properties": {"hw": "residential"}, "geometry": {"type": "LineString", "coordinates": [[-121.92694, 38.02676], [-121.92695, 38.02628], [-121.927, 38.0262], [-121.92706, 38.02616], [-121.92715, 38.02609], [-121.92715, 38.02606], [-121.92716, 38.02557], [-121.92768, 38.02557], [-121.92768, 38.02607], [-121.92715, 38.02606]]}}, {"type": "Feature", "properties": {"hw": "residential"}, "geometry": {"type": "LineString", "coordinates": [[-121.9051, 37.99621], [-121.90498, 37.99606], [-121.90487, 37.99602], [-121.90474, 37.996], [-121.90456, 37.99605], [-121.9036, 37.99643], [-121.90322, 37.99657], [-121.90263, 37.99669], [-121.90246, 37.99678], [-121.90233, 37.99691], [-121.90225, 37.99704], [-121.90224, 37.99722]]}}, {"type": "Feature", "properties": {"hw": "secondary"}, "geometry": {"type": "LineString", "coordinates": [[-121.83802, 37.99857], [-121.83749, 37.99857]]}}, {"type": "Feature", "properties": {"hw": "secondary"}, "geometry": {"type": "LineString", "coordinates": [[-121.8333, 37.99941], [-121.8338, 37.99926], [-121.83406, 37.99918], [-121.83431, 37.99912], [-121.83457, 37.99907], [-121.83482, 37.99903], [-121.83488, 37.99903], [-121.83497, 37.99901], [-121.83516, 37.99899], [-121.83572, 37.99891], [-121.83582, 37.9989], [-121.83589, 37.99889], [-121.8368, 37.99877], [-121.83742, 37.99869]]}}, {"type": "Feature", "properties": {"hw": "residential"}, "geometry": {"type": "LineString", "coordinates": [[-121.83352, 37.99974], [-121.83378, 37.99983], [-121.834, 37.99976], [-121.8341, 37.99982], [-121.83418, 38.0]]}}, {"type": "Feature", "properties": {"hw": "residential"}, "geometry": {"type": "LineString", "coordinates": [[-121.83375, 38.00029], [-121.83359, 37.99989], [-121.83352, 37.99974], [-121.8334, 37.99951], [-121.83335, 37.99948], [-121.83333, 37.99946], [-121.8333, 37.99941]]}}, {"type": "Feature", "properties": {"hw": "secondary"}, "geometry": {"type": "LineString", "coordinates": [[-121.83422, 38.00648], [-121.83348, 38.00714], [-121.83325, 38.00736], [-121.83305, 38.0076], [-121.83304, 38.00769]]}}, {"type": "Feature", "properties": {"hw": "secondary"}, "geometry": {"type": "LineString", "coordinates": [[-121.89116, 38.01214], [-121.89071, 38.01203], [-121.89064, 38.01201], [-121.89007, 38.01188]]}}, {"type": "Feature", "properties": {"hw": "secondary"}, "geometry": {"type": "LineString", "coordinates": [[-121.88619, 38.01107], [-121.88654, 38.01115], [-121.88669, 38.01119], [-121.88725, 38.01132], [-121.88754, 38.01139], [-121.88801, 38.0115]]}}, {"type": "Feature", "properties": {"hw": "secondary"}, "geometry": {"type": "LineString", "coordinates": [[-121.83915, 37.98328], [-121.84108, 37.98331], [-121.84134, 37.98334], [-121.8416, 37.98338]]}}, {"type": "Feature", "properties": {"hw": "residential"}, "geometry": {"type": "LineString", "coordinates": [[-121.88853, 38.03141], [-121.88822, 38.03223]]}}, {"type": "Feature", "properties": {"hw": "residential"}, "geometry": {"type": "LineString", "coordinates": [[-121.88752, 38.03117], [-121.88731, 38.03174], [-121.88721, 38.03199]]}}, {"type": "Feature", "properties": {"hw": "residential"}, "geometry": {"type": "LineString", "coordinates": [[-121.88802, 38.03129], [-121.88832, 38.03049], [-121.88835, 38.0304], [-121.88839, 38.03031], [-121.88863, 38.02967], [-121.88892, 38.02896], [-121.88895, 38.02889], [-121.88898, 38.02882], [-121.889, 38.02875], [-121.88918, 38.02828], [-121.88927, 38.02802], [-121.88953, 38.02736], [-121.88972, 38.02687]]}}, {"type": "Feature", "properties": {"hw": "residential"}, "geometry": {"type": "LineString", "coordinates": [[-121.86399, 37.99104], [-121.86422, 37.99104], [-121.86474, 37.99113], [-121.86526, 37.99106], [-121.86563, 37.99099], [-121.86576, 37.991], [-121.86589, 37.99105], [-121.86656, 37.99138], [-121.86677, 37.99146], [-121.86711, 37.99154], [-121.86745, 37.99159], [-121.86795, 37.99161], [-121.86814, 37.99162], [-121.8683, 37.99164], [-121.86844, 37.99169], [-121.86856, 37.99176], [-121.86865, 37.99192], [-121.86868, 37.99203], [-121.86869, 37.99216], [-121.86871, 37.99235], [-121.86881, 37.99254], [-121.86891, 37.99267], [-121.86903, 37.99279], [-121.86922, 37.99292], [-121.86943, 37.99302], [-121.86951, 37.99315], [-121.86955, 37.9939], [-121.86947, 37.99403], [-121.86937, 37.99412], [-121.86924, 37.9942], [-121.86856, 37.99455], [-121.86814, 37.99475]]}}, {"type": "Feature", "properties": {"hw": "residential"}, "geometry": {"type": "LineString", "coordinates": [[-121.86125, 37.99417], [-121.86131, 37.99434], [-121.86121, 37.99494], [-121.8612, 37.99512]]}}, {"type": "Feature", "properties": {"hw": "residential"}, "geometry": {"type": "LineString", "coordinates": [[-121.86561, 37.99312], [-121.86604, 37.99275], [-121.86607, 37.99271], [-121.86607, 37.99265], [-121.86603, 37.99256], [-121.86504, 37.99181], [-121.86491, 37.99169], [-121.86485, 37.9916], [-121.86482, 37.99147], [-121.86475, 37.99121], [-121.86474, 37.99113]]}}, {"type": "Feature", "properties": {"hw": "tertiary"}, "geometry": {"type": "LineString", "coordinates": [[-121.96067, 38.03697], [-121.96081, 38.03712], [-121.96105, 38.03731], [-121.96129, 38.03742], [-121.96143, 38.03747], [-121.96194, 38.03763], [-121.9637, 38.03817], [-121.96861, 38.03969], [-121.97004, 38.04014], [-121.97043, 38.04026], [-121.97092, 38.0404], [-121.97369, 38.0411], [-121.97407, 38.04118], [-121.97437, 38.04121], [-121.97447, 38.04122], [-121.97607, 38.04122], [-121.97666, 38.04123]]}}, {"type": "Feature", "properties": {"hw": "unclassified"}, "geometry": {"type": "LineString", "coordinates": [[-121.98805, 38.04535], [-121.98804, 38.04507]]}}, {"type": "Feature", "properties": {"hw": "residential"}, "geometry": {"type": "LineString", "coordinates": [[-121.85792, 37.99007], [-121.85799, 37.98996], [-121.8581, 37.98977], [-121.85816, 37.98964], [-121.85818, 37.98949], [-121.85816, 37.98928], [-121.85807, 37.98884], [-121.85795, 37.98829], [-121.85794, 37.98816], [-121.85795, 37.98805], [-121.85798, 37.98788]]}}, {"type": "Feature", "properties": {"hw": "residential"}, "geometry": {"type": "LineString", "coordinates": [[-121.85655, 37.98837], [-121.85708, 37.98876], [-121.85724, 37.98884], [-121.85741, 37.98889], [-121.85758, 37.98889], [-121.85807, 37.98884]]}}, {"type": "Feature", "properties": {"hw": "residential"}, "geometry": {"type": "LineString", "coordinates": [[-121.8603, 37.98355], [-121.85992, 37.98355], [-121.85899, 37.98355], [-121.85764, 37.98356], [-121.85725, 37.98357], [-121.8571, 37.9836], [-121.85691, 37.98368], [-121.85608, 37.98415], [-121.85606, 37.98416], [-121.8558, 37.98433], [-121.85565, 37.98446], [-121.85554, 37.98457], [-121.85519, 37.985], [-121.85508, 37.98522], [-121.85504, 37.98537], [-121.85501, 37.98555], [-121.85498, 37.98585], [-121.85488, 37.98655], [-121.85477, 37.98714], [-121.85479, 37.98719], [-121.85486, 37.98723], [-121.85537, 37.98743], [-121.85556, 37.98752], [-121.85614, 37.98795]]}}, {"type": "Feature", "properties": {"hw": "residential"}, "geometry": {"type": "LineString", "coordinates": [[-121.85992, 37.98355], [-121.85989, 37.98423], [-121.85987, 37.98443], [-121.85984, 37.98467], [-121.85982, 37.98481]]}}, {"type": "Feature", "properties": {"hw": "residential"}, "geometry": {"type": "LineString", "coordinates": [[-121.85865, 37.98458], [-121.85885, 37.98426], [-121.85891, 37.98414], [-121.85897, 37.98398], [-121.859, 37.98369], [-121.85899, 37.98355]]}}, {"type": "Feature", "properties": {"hw": "residential"}, "geometry": {"type": "LineString", "coordinates": [[-121.8565, 37.9867], [-121.85488, 37.98655]]}}, {"type": "Feature", "properties": {"hw": "residential"}, "geometry": {"type": "LineString", "coordinates": [[-121.85658, 37.98599], [-121.85498, 37.98585]]}}, {"type": "Feature", "properties": {"hw": "residential"}, "geometry": {"type": "LineString", "coordinates": [[-121.85694, 37.98542], [-121.85672, 37.98529], [-121.85662, 37.98525], [-121.85648, 37.98524], [-121.85625, 37.98525], [-121.85602, 37.98524], [-121.85575, 37.98519], [-121.8555, 37.98512], [-121.85519, 37.985]]}}, {"type": "Feature", "properties": {"hw": "residential"}, "geometry": {"type": "LineString", "coordinates": [[-121.85746, 37.98467], [-121.85729, 37.98465], [-121.85668, 37.98453], [-121.85649, 37.98448], [-121.85634, 37.9844], [-121.8562, 37.98428], [-121.85608, 37.98415]]}}, {"type": "Feature", "properties": {"hw": "secondary"}, "geometry": {"type": "LineString", "coordinates": [[-121.85293, 37.98727], [-121.85305, 37.9873]]}}, {"type": "Feature", "properties": {"hw": "tertiary"}, "geometry": {"type": "LineString", "coordinates": [[-121.85401, 37.98746], [-121.85355, 37.98732]]}}, {"type": "Feature", "properties": {"hw": "residential"}, "geometry": {"type": "LineString", "coordinates": [[-121.85614, 37.98795], [-121.85563, 37.98834], [-121.85553, 37.98842], [-121.85508, 37.98877]]}}, {"type": "Feature", "properties": {"hw": "residential"}, "geometry": {"type": "LineString", "coordinates": [[-121.86959, 37.99505], [-121.86929, 37.99505], [-121.86915, 37.99506], [-121.86903, 37.99509], [-121.86892, 37.99516], [-121.86875, 37.99527], [-121.86857, 37.9953]]}}, {"type": "Feature", "properties": {"hw": "residential"}, "geometry": {"type": "LineString", "coordinates": [[-121.86603, 37.99514], [-121.86604, 37.99488], [-121.86607, 37.99477], [-121.86614, 37.99458]]}}, {"type": "Feature", "properties": {"hw": "residential"}, "geometry": {"type": "LineString", "coordinates": [[-121.86504, 37.99516], [-121.86505, 37.99575], [-121.86507, 37.99635]]}}, {"type": "Feature", "properties": {"hw": "residential"}, "geometry": {"type": "LineString", "coordinates": [[-121.86692, 37.99568], [-121.86608, 37.99574], [-121.86559, 37.99575], [-121.86505, 37.99575]]}}, {"type": "Feature", "properties": {"hw": "residential"}, "geometry": {"type": "LineString", "coordinates": [[-121.86118, 37.99635], [-121.86193, 37.99635], [-121.86268, 37.99634], [-121.86344, 37.99635]]}}, {"type": "Feature", "properties": {"hw": "residential"}, "geometry": {"type": "LineString", "coordinates": [[-121.86381, 37.99799], [-121.86387, 37.99786], [-121.86388, 37.99775], [-121.86388, 37.99764], [-121.86387, 37.99756], [-121.86385, 37.99748], [-121.8638, 37.99736], [-121.86364, 37.997], [-121.86356, 37.99684], [-121.86353, 37.99677], [-121.8635, 37.99668], [-121.86344, 37.99635]]}}, {"type": "Feature", "properties": {"hw": "residential"}, "geometry": {"type": "LineString", "coordinates": [[-121.86561, 37.99312], [-121.8652, 37.99344], [-121.86488, 37.99377], [-121.86465, 37.99403], [-121.86451, 37.9943], [-121.86438, 37.99458], [-121.8643, 37.99485], [-121.86426, 37.99512]]}}, {"type": "Feature", "properties": {"hw": "residential"}, "geometry": {"type": "LineString", "coordinates": [[-121.86504, 37.99516], [-121.86506, 37.99489], [-121.86512, 37.99468], [-121.86526, 37.99443], [-121.86547, 37.99415], [-121.86564, 37.99395], [-121.86579, 37.99382], [-121.86599, 37.99364], [-121.86613, 37.99353]]}}, {"type": "Feature", "properties": {"hw": "residential"}, "geometry": {"type": "LineString", "coordinates": [[-121.86268, 37.99634], [-121.86272, 37.99752]]}}, {"type": "Feature", "properties": {"hw": "residential"}, "geometry": {"type": "LineString", "coordinates": [[-121.86193, 37.99635], [-121.86197, 37.99752]]}}, {"type": "Feature", "properties": {"hw": "residential"}, "geometry": {"type": "LineString", "coordinates": [[-121.86343, 37.99569], [-121.86299, 37.99569], [-121.86245, 37.99571], [-121.86165, 37.99574], [-121.86117, 37.99575]]}}, {"type": "Feature", "properties": {"hw": "residential"}, "geometry": {"type": "LineString", "coordinates": [[-121.86197, 37.99512], [-121.86197, 37.99503], [-121.86207, 37.99438], [-121.8621, 37.99429], [-121.86219, 37.99427], [-121.86294, 37.99436], [-121.86307, 37.99439]]}}, {"type": "Feature", "properties": {"hw": "residential"}, "geometry": {"type": "LineString", "coordinates": [[-121.86376, 37.99269], [-121.86329, 37.99271]]}}, {"type": "Feature", "properties": {"hw": "residential"}, "geometry": {"type": "LineString", "coordinates": [[-121.86667, 37.99398], [-121.86695, 37.99384], [-121.86747, 37.99368], [-121.86778, 37.99354], [-121.86844, 37.99317]]}}, {"type": "Feature", "properties": {"hw": "residential"}, "geometry": {"type": "LineString", "coordinates": [[-121.86015, 37.98966], [-121.85952, 37.98969], [-121.85932, 37.98969], [-121.85917, 37.98966], [-121.859, 37.98961], [-121.8588, 37.98954], [-121.85863, 37.9895], [-121.8585, 37.98948], [-121.85818, 37.98949]]}}, {"type": "Feature", "properties": {"hw": "residential"}, "geometry": {"type": "LineString", "coordinates": [[-121.857, 37.99004], [-121.85634, 37.99008], [-121.8548, 37.99009]]}}, {"type": "Feature", "properties": {"hw": "residential"}, "geometry": {"type": "LineString", "coordinates": [[-121.8548, 37.9904], [-121.8548, 37.99015], [-121.8548, 37.99009], [-121.85479, 37.98939], [-121.85485, 37.98918], [-121.85493, 37.98902], [-121.85502, 37.98888], [-121.85508, 37.98877]]}}, {"type": "Feature", "properties": {"hw": "residential"}, "geometry": {"type": "LineString", "coordinates": [[-121.85508, 37.98877], [-121.85452, 37.98849], [-121.85445, 37.98849], [-121.8544, 37.98851], [-121.85436, 37.98857], [-121.85426, 37.98872], [-121.85406, 37.98899], [-121.85401, 37.98909], [-121.85401, 37.98919], [-121.85405, 37.98939]]}}, {"type": "Feature", "properties": {"hw": "residential"}, "geometry": {"type": "LineString", "coordinates": [[-121.85333, 37.98943], [-121.85383, 37.98941], [-121.85405, 37.98939], [-121.8543, 37.98937], [-121.85448, 37.98936], [-121.85479, 37.98939]]}}, {"type": "Feature", "properties": {"hw": "residential"}, "geometry": {"type": "LineString", "coordinates": [[-121.84831, 37.98346], [-121.84732, 37.98346]]}}, {"type": "Feature", "properties": {"hw": "residential"}, "geometry": {"type": "LineString", "coordinates": [[-121.84937, 37.98584], [-121.84939, 37.98573], [-121.84944, 37.98525], [-121.84945, 37.98499], [-121.84937, 37.98473], [-121.84925, 37.98286], [-121.84922, 37.98232], [-121.84916, 37.98211], [-121.849, 37.98178], [-121.8487, 37.9814], [-121.84847, 37.98103], [-121.84843, 37.98076], [-121.84841, 37.98046], [-121.84845, 37.98025], [-121.84853, 37.98], [-121.8486, 37.97982], [-121.84857, 37.97953]]}}, {"type": "Feature", "properties": {"hw": "residential"}, "geometry": {"type": "LineString", "coordinates": [[-121.84965, 37.97948], [-121.84961, 37.97975], [-121.84952, 37.98024], [-121.8495, 37.98056], [-121.84954, 37.98077], [-121.84962, 37.98097], [-121.8501, 37.98175], [-121.85018, 37.98195], [-121.85022, 37.98213], [-121.85024, 37.98241], [-121.85035, 37.98518], [-121.85036, 37.98524]]}}, {"type": "Feature", "properties": {"hw": "residential"}, "geometry": {"type": "LineString", "coordinates": [[-121.84732, 37.98043], [-121.84708, 37.98099], [-121.84706, 37.98117], [-121.84705, 37.98127], [-121.847, 37.98142], [-121.84686, 37.98166], [-121.84684, 37.98181], [-121.84685, 37.98204], [-121.84694, 37.98224], [-121.84725, 37.98274], [-121.84732, 37.98346], [-121.84737, 37.98417], [-121.8474, 37.98474], [-121.84735, 37.98499]]}}, {"type": "Feature", "properties": {"hw": "residential"}, "geometry": {"type": "LineString", "coordinates": [[-121.84737, 37.98417], [-121.84712, 37.98417], [-121.8469, 37.98412], [-121.84661, 37.98404]]}}, {"type": "Feature", "properties": {"hw": "residential"}, "geometry": {"type": "LineString", "coordinates": [[-121.84835, 37.98511], [-121.84841, 37.9848], [-121.84831, 37.98346], [-121.8483, 37.98285]]}}, {"type": "Feature", "properties": {"hw": "tertiary"}, "geometry": {"type": "LineString", "coordinates": [[-121.91826, 38.02668], [-121.91997, 38.02672]]}}, {"type": "Feature", "properties": {"hw": "tertiary"}, "geometry": {"type": "LineString", "coordinates": [[-121.9179, 38.02668], [-121.91826, 38.02668]]}}, {"type": "Feature", "properties": {"hw": "residential"}, "geometry": {"type": "LineString", "coordinates": [[-121.91362, 38.02857], [-121.91363, 38.02808], [-121.91362, 38.02774], [-121.91361, 38.02766], [-121.91358, 38.02761], [-121.91352, 38.02758], [-121.91117, 38.0273], [-121.91109, 38.02731], [-121.91098, 38.02734], [-121.91081, 38.02741], [-121.91073, 38.02747]]}}, {"type": "Feature", "properties": {"hw": "residential"}, "geometry": {"type": "LineString", "coordinates": [[-121.90967, 38.02503], [-121.90937, 38.025], [-121.90923, 38.02501], [-121.90917, 38.02505]]}}, {"type": "Feature", "properties": {"hw": "residential"}, "geometry": {"type": "LineString", "coordinates": [[-121.90977, 38.02435], [-121.90967, 38.02503], [-121.90958, 38.02571]]}}, {"type": "Feature", "properties": {"hw": "residential"}, "geometry": {"type": "LineString", "coordinates": [[-121.90925, 38.0243], [-121.90923, 38.02426], [-121.90928, 38.02394], [-121.90923, 38.02378]]}}, {"type": "Feature", "properties": {"hw": "residential"}, "geometry": {"type": "LineString", "coordinates": [[-121.91087, 38.02444], [-121.91096, 38.02437], [-121.91092, 38.02329], [-121.91092, 38.02321]]}}, {"type": "Feature", "properties": {"hw": "residential"}, "geometry": {"type": "LineString", "coordinates": [[-121.91363, 38.02808], [-121.91156, 38.02785], [-121.91139, 38.02783], [-121.91123, 38.02779], [-121.91107, 38.02774], [-121.91104, 38.02773], [-121.91095, 38.02768], [-121.91086, 38.02761], [-121.91073, 38.02747], [-121.9106, 38.02739], [-121.91038, 38.02728], [-121.91016, 38.02722], [-121.90995, 38.02718], [-121.90838, 38.02707], [-121.90833, 38.02708], [-121.90828, 38.02711], [-121.90825, 38.02717], [-121.90816, 38.02755]]}}, {"type": "Feature", "properties": {"hw": "residential"}, "geometry": {"type": "LineString", "coordinates": [[-121.90816, 38.02755], [-121.90989, 38.02768], [-121.91002, 38.0277], [-121.91014, 38.02775], [-121.91027, 38.02785], [-121.9105, 38.02806], [-121.91055, 38.02809], [-121.91066, 38.02818], [-121.91083, 38.02824], [-121.91091, 38.02825], [-121.91104, 38.02828], [-121.91149, 38.02833], [-121.91275, 38.02849], [-121.91362, 38.02857], [-121.91493, 38.02859]]}}, {"type": "Feature", "properties": {"hw": "residential"}, "geometry": {"type": "LineString", "coordinates": [[-121.91493, 38.02859], [-121.91491, 38.02785], [-121.91492, 38.02781], [-121.91496, 38.02777], [-121.91502, 38.02775], [-121.91538, 38.02775], [-121.91546, 38.02777], [-121.9155, 38.0278], [-121.91552, 38.02785], [-121.91553, 38.02816], [-121.91556, 38.02894], [-121.91554, 38.02899], [-121.91548, 38.02902], [-121.91541, 38.02902], [-121.9151, 38.02902], [-121.91504, 38.029], [-121.91498, 38.02896], [-121.91495, 38.02889], [-121.91493, 38.02859]]}}, {"type": "Feature", "properties": {"hw": "residential"}, "geometry": {"type": "LineString", "coordinates": [[-121.9127, 38.02874], [-121.91275, 38.02849]]}}, {"type": "Feature", "properties": {"hw": "residential"}, "geometry": {"type": "LineString", "coordinates": [[-121.91145, 38.02913], [-121.91144, 38.02906], [-121.91147, 38.02845], [-121.91149, 38.02833]]}}, {"type": "Feature", "properties": {"hw": "residential"}, "geometry": {"type": "LineString", "coordinates": [[-121.91104, 38.02828], [-121.91096, 38.02839], [-121.91093, 38.02858], [-121.91094, 38.02885]]}}, {"type": "Feature", "properties": {"hw": "residential"}, "geometry": {"type": "LineString", "coordinates": [[-121.91066, 38.02818], [-121.91057, 38.02831], [-121.91056, 38.02837], [-121.91056, 38.02887], [-121.91052, 38.02891], [-121.91045, 38.02894], [-121.91036, 38.02893], [-121.91028, 38.02891], [-121.91007, 38.02881], [-121.90999, 38.02875], [-121.90994, 38.02864], [-121.90995, 38.02843], [-121.90996, 38.02825], [-121.91, 38.02815], [-121.91007, 38.02806], [-121.91027, 38.02785]]}}, {"type": "Feature", "properties": {"hw": "residential"}, "geometry": {"type": "LineString", "coordinates": [[-121.90287, 38.02557], [-121.90292, 38.02518]]}}, {"type": "Feature", "properties": {"hw": "residential"}, "geometry": {"type": "LineString", "coordinates": [[-121.90292, 38.02518], [-121.90317, 38.0252], [-121.90368, 38.02524], [-121.90373, 38.02524], [-121.90377, 38.02522], [-121.9038, 38.0252], [-121.90383, 38.02514], [-121.90383, 38.02457], [-121.9038, 38.02452], [-121.90375, 38.02449], [-121.90251, 38.02448], [-121.90194, 38.02448]]}}, {"type": "Feature", "properties": {"hw": "residential"}, "geometry": {"type": "LineString", "coordinates": [[-121.90193, 38.02478], [-121.90194, 38.02448], [-121.90194, 38.02422]]}}, {"type": "Feature", "properties": {"hw": "residential"}, "geometry": {"type": "LineString", "coordinates": [[-121.90251, 38.02448], [-121.9025, 38.02504], [-121.90251, 38.02508], [-121.90255, 38.02512], [-121.90261, 38.02514], [-121.90292, 38.02518]]}}, {"type": "Feature", "properties": {"hw": "residential"}, "geometry": {"type": "LineString", "coordinates": [[-121.90251, 38.02508], [-121.90238, 38.02511], [-121.90229, 38.02512], [-121.90198, 38.0251]]}}, {"type": "Feature", "properties": {"hw": "residential"}, "geometry": {"type": "LineString", "coordinates": [[-121.9038, 38.02452], [-121.9039, 38.02447], [-121.90396, 38.02445], [-121.90416, 38.02445]]}}, {"type": "Feature", "properties": {"hw": "residential"}, "geometry": {"type": "LineString", "coordinates": [[-121.90365, 38.02394], [-121.90343, 38.02389]]}}, {"type": "Feature", "properties": {"hw": "residential"}, "geometry": {"type": "LineString", "coordinates": [[-121.9029, 38.02339], [-121.90241, 38.02339]]}}, {"type": "Feature", "properties": {"hw": "residential"}, "geometry": {"type": "LineString", "coordinates": [[-121.89955, 38.02385], [-121.89948, 38.02394], [-121.89942, 38.02405], [-121.89936, 38.0242], [-121.89928, 38.02444], [-121.89924, 38.02462], [-121.89922, 38.02483], [-121.89921, 38.02493], [-121.89916, 38.02524]]}}, {"type": "Feature", "properties": {"hw": "residential"}, "geometry": {"type": "LineString", "coordinates": [[-121.90241, 38.02392], [-121.89974, 38.02391], [-121.89966, 38.02389], [-121.89955, 38.02385]]}}, {"type": "Feature", "properties": {"hw": "residential"}, "geometry": {"type": "LineString", "coordinates": [[-121.90241, 38.02339], [-121.90241, 38.02392]]}}, {"type": "Feature", "properties": {"hw": "residential"}, "geometry": {"type": "LineString", "coordinates": [[-121.89834, 38.02495], [-121.89845, 38.02466]]}}, {"type": "Feature", "properties": {"hw": "residential"}, "geometry": {"type": "LineString", "coordinates": [[-121.89845, 38.02466], [-121.89905, 38.02481], [-121.89922, 38.02483]]}}, {"type": "Feature", "properties": {"hw": "residential"}, "geometry": {"type": "LineString", "coordinates": [[-121.89697, 38.02734], [-121.89725, 38.02699], [-121.89726, 38.02694], [-121.89724, 38.02689], [-121.89722, 38.02686], [-121.89701, 38.02677], [-121.89686, 38.02674], [-121.89673, 38.02673], [-121.89591, 38.02673], [-121.89575, 38.02675], [-121.89563, 38.02679], [-121.89545, 38.02688], [-121.89535, 38.02696], [-121.89532, 38.02702], [-121.89532, 38.02706], [-121.89534, 38.0271], [-121.89541, 38.02716], [-121.89571, 38.0273], [-121.89578, 38.02734]]}}, {"type": "Feature", "properties": {"hw": "residential"}, "geometry": {"type": "LineString", "coordinates": [[-121.89845, 38.02902], [-121.89781, 38.02902], [-121.89727, 38.02902]]}}, {"type": "Feature", "properties": {"hw": "residential"}, "geometry": {"type": "LineString", "coordinates": [[-121.89832, 38.02844], [-121.89782, 38.02854]]}}, {"type": "Feature", "properties": {"hw": "residential"}, "geometry": {"type": "LineString", "coordinates": [[-121.898, 38.02793], [-121.89755, 38.0281]]}}, {"type": "Feature", "properties": {"hw": "residential"}, "geometry": {"type": "LineString", "coordinates": [[-121.8944, 38.02876], [-121.89461, 38.0282], [-121.89483, 38.02761], [-121.89486, 38.02758], [-121.89491, 38.02757], [-121.89497, 38.02757], [-121.89549, 38.02778]]}}, {"type": "Feature", "properties": {"hw": "residential"}, "geometry": {"type": "LineString", "coordinates": [[-121.89461, 38.0282], [-121.89469, 38.02822], [-121.89517, 38.02822], [-121.89525, 38.02821], [-121.89535, 38.02817]]}}, {"type": "Feature", "properties": {"hw": "residential"}, "geometry": {"type": "LineString", "coordinates": [[-121.89517, 38.02822], [-121.89517, 38.02868]]}}, {"type": "Feature", "properties": {"hw": "secondary"}, "geometry": {"type": "LineString", "coordinates": [[-121.942, 38.02446], [-121.942, 38.02439], [-121.94199, 38.02354], [-121.94198, 38.0235], [-121.94198, 38.02334], [-121.94198, 38.02306], [-121.94198, 38.02281], [-121.94197, 38.02241], [-121.94197, 38.02234], [-121.94197, 38.02215], [-121.94197, 38.0221], [-121.94197, 38.02205], [-121.94197, 38.02202], [-121.94197, 38.02187]]}}, {"type": "Feature", "properties": {"hw": "residential"}, "geometry": {"type": "LineString", "coordinates": [[-121.87754, 38.01268], [-121.87769, 38.0123], [-121.87774, 38.01215], [-121.87781, 38.01197], [-121.87789, 38.01175], [-121.87793, 38.01167], [-121.87813, 38.01114]]}}, {"type": "Feature", "properties": {"hw": "secondary"}, "geometry": {"type": "LineString", "coordinates": [[-121.86986, 38.01038], [-121.87015, 38.01005], [-121.87029, 38.00985], [-121.87036, 38.00977], [-121.87045, 38.00957], [-121.87055, 38.00932], [-121.87061, 38.00916]]}}, {"type": "Feature", "properties": {"hw": "secondary"}, "geometry": {"type": "LineString", "coordinates": [[-121.86617, 38.01229], [-121.8666, 38.01215]]}}, {"type": "Feature", "properties": {"hw": "secondary"}, "geometry": {"type": "LineString", "coordinates": [[-121.86629, 38.01207], [-121.8659, 38.01217]]}}, {"type": "Feature", "properties": {"hw": "secondary"}, "geometry": {"type": "LineString", "coordinates": [[-121.8678, 38.0117], [-121.86812, 38.01156]]}}, {"type": "Feature", "properties": {"hw": "secondary"}, "geometry": {"type": "LineString", "coordinates": [[-121.8666, 38.01215], [-121.86719, 38.01193], [-121.8678, 38.0117]]}}, {"type": "Feature", "properties": {"hw": "secondary"}, "geometry": {"type": "LineString", "coordinates": [[-121.87391, 37.99973], [-121.87389, 38.00008], [-121.87387, 38.00014]]}}, {"type": "Feature", "properties": {"hw": "secondary"}, "geometry": {"type": "LineString", "coordinates": [[-121.86755, 38.01161], [-121.86692, 38.01186], [-121.86629, 38.01207]]}}, {"type": "Feature", "properties": {"hw": "unclassified"}, "geometry": {"type": "LineString", "coordinates": [[-121.86056, 37.99033], [-121.86021, 37.99034], [-121.85988, 37.99034], [-121.85944, 37.99031], [-121.859, 37.99024], [-121.85871, 37.99018], [-121.85836, 37.99008], [-121.85822, 37.99004], [-121.85799, 37.98996]]}}, {"type": "Feature", "properties": {"hw": "tertiary"}, "geometry": {"type": "LineString", "coordinates": [[-121.85393, 37.98754], [-121.85422, 37.98765], [-121.85449, 37.98776], [-121.85469, 37.98787], [-121.85497, 37.98802], [-121.85543, 37.98834], [-121.85553, 37.98842], [-121.85624, 37.98904], [-121.85637, 37.98916]]}}, {"type": "Feature", "properties": {"hw": "tertiary"}, "geometry": {"type": "LineString", "coordinates": [[-121.85346, 37.9874], [-121.85393, 37.98754]]}}, {"type": "Feature", "properties": {"hw": "tertiary"}, "geometry": {"type": "LineString", "coordinates": [[-121.85355, 37.98732], [-121.8532, 37.98723], [-121.8531, 37.9872]]}}, {"type": "Feature", "properties": {"hw": "tertiary"}, "geometry": {"type": "LineString", "coordinates": [[-121.94465, 38.01951], [-121.94482, 38.01944], [-121.94498, 38.0194], [-121.94512, 38.01938], [-121.94529, 38.01937], [-121.94722, 38.01935], [-121.94743, 38.01936], [-121.94749, 38.01937], [-121.94765, 38.01938], [-121.94784, 38.01942], [-121.94873, 38.01962], [-121.94903, 38.0197], [-121.94922, 38.0198], [-121.94964, 38.02016], [-121.94967, 38.02018], [-121.94975, 38.02023], [-121.94981, 38.02025], [-121.9504, 38.02045], [-121.95048, 38.02048], [-121.95055, 38.02052], [-121.95072, 38.02062], [-121.95093, 38.02078], [-121.95099, 38.02084]]}}, {"type": "Feature", "properties": {"hw": "secondary"}, "geometry": {"type": "LineString", "coordinates": [[-121.94205, 38.01777], [-121.94205, 38.01774], [-121.94204, 38.0173], [-121.94202, 38.0171]]}}, {"type": "Feature", "properties": {"hw": "tertiary"}, "geometry": {"type": "LineString", "coordinates": [[-121.9444, 38.01962], [-121.94443, 38.01961], [-121.94449, 38.01958], [-121.94465, 38.01951]]}}, {"type": "Feature", "properties": {"hw": "secondary"}, "geometry": {"type": "LineString", "coordinates": [[-121.942, 38.01968], [-121.942, 38.01951], [-121.94201, 38.01939]]}}, {"type": "Feature", "properties": {"hw": "residential"}, "geometry": {"type": "LineString", "coordinates": [[-121.88987, 38.03439], [-121.8902, 38.03447], [-121.89021, 38.03447], [-121.89042, 38.03452], [-121.89044, 38.03453], [-121.89103, 38.03467], [-121.89124, 38.03472], [-121.89126, 38.03473], [-121.89127, 38.03473], [-121.89151, 38.03479], [-121.89151, 38.03479], [-121.89168, 38.03483]]}}, {"type": "Feature", "properties": {"hw": "secondary"}, "geometry": {"type": "LineString", "coordinates": [[-121.99813, 38.00809], [-121.99809, 38.00821], [-121.99795, 38.00863], [-121.99792, 38.00871], [-121.99787, 38.00887]]}}, {"type": "Feature", "properties": {"hw": "secondary"}, "geometry": {"type": "LineString", "coordinates": [[-121.99787, 38.00887], [-121.99719, 38.01093], [-121.99709, 38.01121]]}}, {"type": "Feature", "properties": {"hw": "secondary"}, "geometry": {"type": "LineString", "coordinates": [[-121.96146, 38.02544], [-121.96124, 38.02564], [-121.96087, 38.02601]]}}, {"type": "Feature", "properties": {"hw": "tertiary"}, "geometry": {"type": "LineString", "coordinates": [[-121.90148, 38.00834], [-121.9018, 38.00792]]}}, {"type": "Feature", "properties": {"hw": "tertiary"}, "geometry": {"type": "LineString", "coordinates": [[-121.9018, 38.00792], [-121.90213, 38.00741], [-121.90217, 38.00731], [-121.90224, 38.00712], [-121.90226, 38.00566], [-121.90227, 38.00515], [-121.9023, 38.00493], [-121.90242, 38.0046], [-121.90283, 38.00349], [-121.90313, 38.00269], [-121.90342, 38.00191], [-121.90371, 38.00115], [-121.90384, 38.00081], [-121.90396, 38.00039], [-121.9041, 37.99991], [-121.90417, 37.99964], [-121.90426, 37.99929], [-121.90428, 37.99911], [-121.90429, 37.99887], [-121.90427, 37.99864], [-121.90425, 37.9985], [-121.9041, 37.99818], [-121.90394, 37.99795], [-121.90371, 37.99773], [-121.90338, 37.9975], [-121.90315, 37.9974], [-121.90287, 37.99731], [-121.90259, 37.99725], [-121.90224, 37.99722], [-121.90185, 37.99722], [-121.90139, 37.99716], [-121.90079, 37.99698]]}}, {"type": "Feature", "properties": {"hw": "secondary"}, "geometry": {"type": "LineString", "coordinates": [[-121.85081, 37.99798], [-121.85065, 37.99798]]}}, {"type": "Feature", "properties": {"hw": "secondary"}, "geometry": {"type": "LineString", "coordinates": [[-121.84777, 37.99495], [-121.84907, 37.99382]]}}, {"type": "Feature", "properties": {"hw": "residential"}, "geometry": {"type": "LineString", "coordinates": [[-121.95875, 38.02351], [-121.95815, 38.02338]]}}, {"type": "Feature", "properties": {"hw": "residential"}, "geometry": {"type": "LineString", "coordinates": [[-121.96759, 38.02778], [-121.96754, 38.02801], [-121.96753, 38.02808]]}}, {"type": "Feature", "properties": {"hw": "tertiary"}, "geometry": {"type": "LineString", "coordinates": [[-121.88498, 38.00416], [-121.88516, 38.00358]]}}, {"type": "Feature", "properties": {"hw": "secondary"}, "geometry": {"type": "LineString", "coordinates": [[-121.84624, 37.99793], [-121.84582, 37.99793], [-121.84576, 37.99793], [-121.8456, 37.99793]]}}, {"type": "Feature", "properties": {"hw": "residential"}, "geometry": {"type": "LineString", "coordinates": [[-121.96753, 38.02808], [-121.96745, 38.02843]]}}, {"type": "Feature", "properties": {"hw": "residential"}, "geometry": {"type": "LineString", "coordinates": [[-121.97246, 38.02924], [-121.97265, 38.02904]]}}, {"type": "Feature", "properties": {"hw": "secondary"}, "geometry": {"type": "LineString", "coordinates": [[-121.96563, 38.02297], [-121.96538, 38.02341], [-121.96518, 38.02366]]}}, {"type": "Feature", "properties": {"hw": "residential"}, "geometry": {"type": "LineString", "coordinates": [[-121.97265, 38.02904], [-121.97282, 38.02889], [-121.97301, 38.02874], [-121.97317, 38.02861], [-121.97319, 38.02859], [-121.97337, 38.02845], [-121.97349, 38.02835], [-121.97403, 38.02793], [-121.97435, 38.02771], [-121.97461, 38.02752], [-121.97474, 38.02743], [-121.97507, 38.02718], [-121.9754, 38.02694], [-121.97554, 38.02681], [-121.9757, 38.0266], [-121.97572, 38.02655], [-121.97578, 38.02643], [-121.97618, 38.02562], [-121.97628, 38.02542], [-121.97632, 38.02524], [-121.97633, 38.02499], [-121.97634, 38.02489]]}}, {"type": "Feature", "properties": {"hw": "tertiary"}, "geometry": {"type": "LineString", "coordinates": [[-121.88516, 38.00358], [-121.88535, 38.003], [-121.88553, 38.00252], [-121.88564, 38.0023], [-121.8858, 38.00206], [-121.88595, 38.00187], [-121.88621, 38.00164], [-121.88704, 38.00104]]}}, {"type": "Feature", "properties": {"hw": "secondary"}, "geometry": {"type": "LineString", "coordinates": [[-121.8473, 37.99535], [-121.84743, 37.99524], [-121.84777, 37.99495]]}}, {"type": "Feature", "properties": {"hw": "residential"}, "geometry": {"type": "LineString", "coordinates": [[-121.87996, 38.01013], [-121.88013, 38.01022], [-121.88043, 38.0103], [-121.8807, 38.01037], [-121.8808, 38.01044], [-121.88103, 38.0105], [-121.88121, 38.01055], [-121.8814, 38.0106]]}}, {"type": "Feature", "properties": {"hw": "residential"}, "geometry": {"type": "LineString", "coordinates": [[-121.87953, 38.0104], [-121.87981, 38.01016], [-121.87996, 38.01013]]}}, {"type": "Feature", "properties": {"hw": "residential"}, "geometry": {"type": "LineString", "coordinates": [[-121.88032, 38.0106], [-121.88043, 38.0103]]}}, {"type": "Feature", "properties": {"hw": "residential"}, "geometry": {"type": "LineString", "coordinates": [[-121.88062, 38.00985], [-121.88043, 38.0103]]}}, {"type": "Feature", "properties": {"hw": "residential"}, "geometry": {"type": "LineString", "coordinates": [[-121.88093, 38.01075], [-121.88103, 38.0105], [-121.88122, 38.01001]]}}, {"type": "Feature", "properties": {"hw": "residential"}, "geometry": {"type": "LineString", "coordinates": [[-121.87803, 38.00938], [-121.87798, 38.01003], [-121.87803, 38.01007], [-121.87849, 38.01011], [-121.87856, 38.01009], [-121.87859, 38.01006], [-121.87866, 38.00945]]}}, {"type": "Feature", "properties": {"hw": "residential"}, "geometry": {"type": "LineString", "coordinates": [[-121.87302, 38.00928], [-121.87307, 38.00909], [-121.87317, 38.00883]]}}, {"type": "Feature", "properties": {"hw": "residential"}, "geometry": {"type": "LineString", "coordinates": [[-121.87949, 38.00969], [-121.87926, 38.00956], [-121.87908, 38.0095], [-121.87898, 38.00949], [-121.87866, 38.00945], [-121.87814, 38.00938], [-121.87803, 38.00938], [-121.87775, 38.00938], [-121.87739, 38.00942], [-121.87676, 38.00949], [-121.8765, 38.00951], [-121.8763, 38.00953], [-121.87611, 38.00953], [-121.87584, 38.00955], [-121.8757, 38.0096], [-121.8755, 38.00968], [-121.87538, 38.00972], [-121.87516, 38.00972]]}}, {"type": "Feature", "properties": {"hw": "residential"}, "geometry": {"type": "LineString", "coordinates": [[-121.87539, 38.00998], [-121.87541, 38.00977], [-121.87538, 38.00972]]}}, {"type": "Feature", "properties": {"hw": "residential"}, "geometry": {"type": "LineString", "coordinates": [[-121.87608, 38.00998], [-121.87611, 38.00953]]}}, {"type": "Feature", "properties": {"hw": "residential"}, "geometry": {"type": "LineString", "coordinates": [[-121.87676, 38.00949], [-121.87671, 38.00995], [-121.87673, 38.01001], [-121.87679, 38.01003], [-121.87697, 38.01005], [-121.87724, 38.01007], [-121.87729, 38.01006], [-121.87733, 38.01003], [-121.87733, 38.01], [-121.87739, 38.00942]]}}, {"type": "Feature", "properties": {"hw": "residential"}, "geometry": {"type": "LineString", "coordinates": [[-121.94024, 38.01539], [-121.94024, 38.01527], [-121.9402, 38.01498], [-121.93968, 38.01364], [-121.93961, 38.0133], [-121.9396, 38.01321], [-121.93955, 38.01311], [-121.93934, 38.01268], [-121.93925, 38.01249]]}}, {"type": "Feature", "properties": {"hw": "residential"}, "geometry": {"type": "LineString", "coordinates": [[-121.97376, 38.02528], [-121.97378, 38.02489], [-121.97378, 38.02488], [-121.97379, 38.02478]]}}, {"type": "Feature", "properties": {"hw": "tertiary"}, "geometry": {"type": "LineString", "coordinates": [[-121.99883, 38.01481], [-121.99882, 38.01472], [-121.9987, 38.01466], [-121.99864, 38.01462], [-121.99855, 38.01457], [-121.99835, 38.01445]]}}, {"type": "Feature", "properties": {"hw": "residential"}, "geometry": {"type": "LineString", "coordinates": [[-121.97366, 38.02478], [-121.97365, 38.02487], [-121.97364, 38.0252], [-121.97363, 38.02527]]}}, {"type": "Feature", "properties": {"hw": "unclassified"}, "geometry": {"type": "LineString", "coordinates": [[-121.99961, 38.00284], [-121.99964, 38.00293], [-121.99966, 38.00298], [-121.99984, 38.00341], [-121.99988, 38.00349], [-121.99994, 38.00359], [-121.99989, 38.00344], [-121.99985, 38.00328], [-121.99981, 38.00318], [-121.99976, 38.00305], [-121.99972, 38.00297], [-121.99967, 38.00291], [-121.99961, 38.00284]]}}, {"type": "Feature", "properties": {"hw": "unclassified"}, "geometry": {"type": "LineString", "coordinates": [[-121.99994, 38.00359], [-122.0, 38.00371], [-122.00011, 38.00386], [-122.00021, 38.00398], [-122.00034, 38.0041], [-122.00048, 38.00421], [-122.00064, 38.00431], [-122.00085, 38.00442], [-122.00117, 38.00458], [-122.0037, 38.00581], [-122.00969, 38.00872], [-122.01034, 38.00903], [-122.01048, 38.00911], [-122.01064, 38.0092], [-122.01076, 38.00929], [-122.01088, 38.0094], [-122.01098, 38.00951], [-122.01108, 38.00962], [-122.01116, 38.00975], [-122.01123, 38.0099], [-122.0113, 38.01011], [-122.01134, 38.01028], [-122.01157, 38.01116]]}}, {"type": "Feature", "properties": {"hw": "secondary"}, "geometry": {"type": "LineString", "coordinates": [[-122.00023, 38.00169], [-122.00006, 38.0022], [-121.99981, 38.00297], [-121.99931, 38.00451]]}}, {"type": "Feature", "properties": {"hw": "secondary"}, "geometry": {"type": "LineString", "coordinates": [[-121.99931, 38.00451], [-121.99813, 38.00809]]}}, {"type": "Feature", "properties": {"hw": "unclassified"}, "geometry": {"type": "LineString", "coordinates": [[-121.99961, 38.00284], [-121.99956, 38.00277], [-121.99942, 38.00253], [-121.99928, 38.00232], [-121.99916, 38.00215], [-121.99904, 38.002], [-121.9988, 38.00175], [-121.99856, 38.00153], [-121.99821, 38.00126], [-121.99797, 38.0011], [-121.99756, 38.00087], [-121.99679, 38.00049], [-121.9962, 38.00022], [-121.99601, 38.00013], [-121.99597, 38.00011], [-121.99571, 38.0], [-121.99466, 37.99956], [-121.99431, 37.9994], [-121.99396, 37.9992], [-121.99351, 37.9989], [-121.99293, 37.99844], [-121.99214, 37.99776], [-121.99114, 37.9969], [-121.99059, 37.99643], [-121.99033, 37.99623], [-121.99003, 37.99604], [-121.98973, 37.99588], [-121.98949, 37.99578], [-121.98919, 37.99569], [-121.98638, 37.99482], [-121.98595, 37.99467], [-121.98559, 37.9945], [-121.98525, 37.99429], [-121.98489, 37.99403], [-121.98465, 37.99381], [-121.9845, 37.99367], [-121.98399, 37.99319], [-121.98357, 37.99278], [-121.98278, 37.99202], [-121.98274, 37.99198], [-121.98209, 37.99135], [-121.98181, 37.99108], [-121.98062, 37.98996], [-121.98031, 37.9897], [-121.97988, 37.98942], [-121.97943, 37.98915], [-121.9781, 37.9885], [-121.97322, 37.98607], [-121.97193, 37.98542], [-121.97166, 37.98523], [-121.97137, 37.98499], [-121.97106, 37.98473], [-121.97074, 37.98435], [-121.97052, 37.98406], [-121.97031, 37.9837], [-121.97012, 37.9833], [-121.97001, 37.98289], [-121.96995, 37.9826], [-121.96991, 37.9822], [-121.96993, 37.98185], [-121.96998, 37.98141], [-121.97006, 37.98087], [-121.97009, 37.98036], [-121.97004, 37.98006], [-121.96993, 37.97975], [-121.96976, 37.97945], [-121.96955, 37.97917], [-121.9691, 37.97869], [-121.96899, 37.97857], [-121.96875, 37.97832], [-121.96815, 37.97769], [-121.96785, 37.97741], [-121.96751, 37.97709], [-121.96732, 37.97696], [-121.96699, 37.97677], [-121.96663, 37.97661], [-121.96617, 37.97644], [-121.96575, 37.97634], [-121.96535, 37.97627], [-121.96505, 37.97625], [-121.96498, 37.97624], [-121.96453, 37.97622], [-121.96427, 37.97621], [-121.96345, 37.97619], [-121.96192, 37.97626], [-121.96149, 37.97624], [-121.96099, 37.97621]]}}, {"type": "Feature", "properties": {"hw": "tertiary"}, "geometry": {"type": "LineString", "coordinates": [[-121.95127, 38.02678], [-121.95127, 38.02638], [-121.95127, 38.02608], [-121.95126, 38.02542], [-121.95126, 38.02498], [-121.95126, 38.02477], [-121.95126, 38.02453], [-121.95126, 38.02435], [-121.95126, 38.02424], [-121.95126, 38.02418], [-121.95125, 38.02387], [-121.95126, 38.02369], [-121.95126, 38.02356], [-121.95126, 38.02325], [-121.95126, 38.02318], [-121.95126, 38.0229], [-121.95125, 38.02264], [-121.95125, 38.02247], [-121.95125, 38.0223], [-121.95125, 38.02193], [-121.95125, 38.02152], [-121.95124, 38.02129], [-121.95116, 38.02109], [-121.95113, 38.02104], [-121.95107, 38.02094]]}}, {"type": "Feature", "properties": {"hw": "residential"}, "geometry": {"type": "LineString", "coordinates": [[-121.94867, 38.02351], [-121.94873, 38.0233], [-121.94871, 38.02318], [-121.9486, 38.02291], [-121.94866, 38.02269]]}}, {"type": "Feature", "properties": {"hw": "residential"}, "geometry": {"type": "LineString", "coordinates": [[-121.94947, 38.02367], [-121.94953, 38.02347], [-121.94952, 38.02337], [-121.94952, 38.0233], [-121.9495, 38.02323], [-121.94946, 38.02304], [-121.94948, 38.02274]]}}, {"type": "Feature", "properties": {"hw": "residential"}, "geometry": {"type": "LineString", "coordinates": [[-121.94786, 38.02261], [-121.94825, 38.02266], [-121.94866, 38.02269], [-121.94948, 38.02274], [-121.95026, 38.0227], [-121.95047, 38.0227], [-121.95075, 38.02268], [-121.95125, 38.02264]]}}, {"type": "Feature", "properties": {"hw": "secondary"}, "geometry": {"type": "LineString", "coordinates": [[-121.96583, 38.023], [-121.96593, 38.02264], [-121.96603, 38.02234]]}}, {"type": "Feature", "properties": {"hw": "secondary"}, "geometry": {"type": "LineString", "coordinates": [[-121.96597, 38.01938], [-121.96595, 38.0195]]}}, {"type": "Feature", "properties": {"hw": "residential"}, "geometry": {"type": "LineString", "coordinates": [[-121.96587, 38.01553], [-121.96571, 38.01558], [-121.96546, 38.01563], [-121.96509, 38.01569], [-121.96469, 38.01578], [-121.96441, 38.0158], [-121.96418, 38.01579], [-121.96385, 38.01573], [-121.96334, 38.01556], [-121.96277, 38.01539], [-121.96209, 38.01518], [-121.96151, 38.01498], [-121.96086, 38.01477], [-121.96086, 38.01415], [-121.96089, 38.01343], [-121.96088, 38.01316], [-121.96093, 38.01292], [-121.96107, 38.01254], [-121.96111, 38.01246], [-121.96132, 38.01197], [-121.96138, 38.01186], [-121.96152, 38.01158]]}}, {"type": "Feature", "properties": {"hw": "tertiary"}, "geometry": {"type": "LineString", "coordinates": [[-121.96554, 38.01336], [-121.96568, 38.01341], [-121.96587, 38.01343], [-121.96594, 38.01343], [-121.96624, 38.01347], [-121.96651, 38.01355], [-121.96685, 38.01364], [-121.96712, 38.01369], [-121.96743, 38.0137], [-121.96791, 38.01366], [-121.96809, 38.01364], [-121.96838, 38.01361], [-121.96868, 38.01352], [-121.969, 38.01339], [-121.96922, 38.01331], [-121.96946, 38.01322], [-121.96964, 38.01315], [-121.96989, 38.01305], [-121.97023, 38.01291], [-121.97049, 38.01283], [-121.97087, 38.01276]]}}, {"type": "Feature", "properties": {"hw": "tertiary"}, "geometry": {"type": "LineString", "coordinates": [[-121.97482, 38.01722], [-121.97424, 38.01588], [-121.97395, 38.01519], [-121.97379, 38.01484], [-121.97357, 38.01434], [-121.97347, 38.01411], [-121.9733, 38.01375], [-121.9731, 38.01349], [-121.97285, 38.01327], [-121.97259, 38.01309], [-121.97239, 38.01299], [-121.97218, 38.01289], [-121.97198, 38.01282], [-121.97176, 38.01277], [-121.97149, 38.01271], [-121.97131, 38.0127], [-121.97086, 38.01268], [-121.97071, 38.0127], [-121.97051, 38.01275], [-121.9702, 38.01283], [-121.96991, 38.01295], [-121.9697, 38.01304], [-121.96941, 38.01314], [-121.96919, 38.01322], [-121.96897, 38.0133], [-121.96864, 38.01345], [-121.96837, 38.01353], [-121.96807, 38.01356], [-121.96789, 38.01357], [-121.96775, 38.01358], [-121.9677, 38.01359], [-121.96742, 38.01361], [-121.96714, 38.0136], [-121.96688, 38.01355], [-121.96656, 38.01345], [-121.96628, 38.01338], [-121.96595, 38.01332], [-121.96563, 38.0133], [-121.96554, 38.01336]]}}, {"type": "Feature", "properties": {"hw": "residential"}, "geometry": {"type": "LineString", "coordinates": [[-121.96554, 38.01336], [-121.96543, 38.01335]]}}, {"type": "Feature", "properties": {"hw": "residential"}, "geometry": {"type": "LineString", "coordinates": [[-121.97087, 38.01276], [-121.97086, 38.01268], [-121.97084, 38.01212], [-121.97079, 38.01179], [-121.97072, 38.01155], [-121.97055, 38.01126], [-121.97038, 38.011], [-121.97029, 38.01067], [-121.97024, 38.01041], [-121.97021, 38.01022], [-121.97022, 38.01001]]}}, {"type": "Feature", "properties": {"hw": "residential"}, "geometry": {"type": "LineString", "coordinates": [[-121.97347, 38.01411], [-121.97353, 38.01408], [-121.97384, 38.014], [-121.97395, 38.01398], [-121.97406, 38.01398], [-121.97438, 38.01397], [-121.9745, 38.01396], [-121.97464, 38.01393], [-121.97528, 38.01377], [-121.97534, 38.01375], [-121.97538, 38.01371], [-121.97539, 38.01366], [-121.97538, 38.01362], [-121.97509, 38.01316], [-121.97505, 38.01311], [-121.97501, 38.01309], [-121.97495, 38.01308], [-121.97489, 38.01309], [-121.97456, 38.01317], [-121.97444, 38.0132], [-121.97427, 38.01322], [-121.97413, 38.01322], [-121.97398, 38.01321], [-121.97386, 38.01319], [-121.97375, 38.01317], [-121.97363, 38.01313], [-121.97352, 38.01309], [-121.97336, 38.01299], [-121.973, 38.01273], [-121.97284, 38.01263], [-121.97264, 38.01254], [-121.97245, 38.01246], [-121.97225, 38.01239], [-121.97181, 38.01227], [-121.97162, 38.01222], [-121.97134, 38.01216], [-121.9712, 38.01214], [-121.97098, 38.01212], [-121.97084, 38.01212], [-121.9707, 38.01212], [-121.97053, 38.01214], [-121.97028, 38.01218], [-121.96973, 38.01234], [-121.96958, 38.01237], [-121.96943, 38.01238], [-121.9691, 38.01238]]}}, {"type": "Feature", "properties": {"hw": "residential"}, "geometry": {"type": "LineString", "coordinates": [[-121.96893, 38.01392], [-121.96913, 38.01459], [-121.96919, 38.01477], [-121.96958, 38.01585], [-121.96977, 38.01632], [-121.96992, 38.01653], [-121.97007, 38.01668], [-121.97039, 38.01692], [-121.97055, 38.01708], [-121.97101, 38.01754], [-121.97126, 38.01766]]}}, {"type": "Feature", "properties": {"hw": "residential"}, "geometry": {"type": "LineString", "coordinates": [[-121.96879, 38.01063], [-121.96905, 38.01063], [-121.96936, 38.01058], [-121.96951, 38.01048]]}}, {"type": "Feature", "properties": {"hw": "residential"}, "geometry": {"type": "LineString", "coordinates": [[-121.96639, 38.01116], [-121.96631, 38.01076], [-121.96627, 38.0103], [-121.96628, 38.01021], [-121.96663, 38.01019], [-121.96706, 38.01027], [-121.96773, 38.0104], [-121.96845, 38.01055], [-121.96879, 38.01063]]}}, {"type": "Feature", "properties": {"hw": "residential"}, "geometry": {"type": "LineString", "coordinates": [[-121.9707, 38.01613], [-121.97035, 38.01534]]}}, {"type": "Feature", "properties": {"hw": "residential"}, "geometry": {"type": "LineString", "coordinates": [[-121.96553, 38.01131], [-121.96539, 38.01134], [-121.96516, 38.01137], [-121.96482, 38.01142], [-121.96456, 38.01145], [-121.96386, 38.01157], [-121.96308, 38.01169], [-121.96285, 38.01172], [-121.96248, 38.01177], [-121.96215, 38.01177], [-121.96185, 38.0117], [-121.96152, 38.01158], [-121.96121, 38.01138], [-121.96098, 38.01116], [-121.96086, 38.01089], [-121.96081, 38.01057], [-121.9608, 38.01023], [-121.96085, 38.01001], [-121.96096, 38.0098], [-121.96117, 38.00965], [-121.96147, 38.00955], [-121.96183, 38.00952], [-121.96221, 38.00949], [-121.96264, 38.00947], [-121.9628, 38.00946], [-121.96353, 38.0094], [-121.96409, 38.00937], [-121.96421, 38.00934]]}}, {"type": "Feature", "properties": {"hw": "residential"}, "geometry": {"type": "LineString", "coordinates": [[-121.9696, 38.01141], [-121.96899, 38.01152]]}}, {"type": "Feature", "properties": {"hw": "residential"}, "geometry": {"type": "LineString", "coordinates": [[-121.96482, 38.01142], [-121.96474, 38.01122], [-121.96463, 38.01104], [-121.96442, 38.01082], [-121.96425, 38.01065], [-121.96408, 38.01047], [-121.96396, 38.01031], [-121.96381, 38.01009], [-121.96369, 38.00989], [-121.96358, 38.00963], [-121.96353, 38.0094], [-121.96347, 38.00909], [-121.96346, 38.00886], [-121.96348, 38.00865], [-121.96353, 38.00841], [-121.96362, 38.00819]]}}, {"type": "Feature", "properties": {"hw": "residential"}, "geometry": {"type": "LineString", "coordinates": [[-121.96388, 38.01322], [-121.96387, 38.01297], [-121.96392, 38.0126], [-121.96394, 38.01221], [-121.96394, 38.01196], [-121.96386, 38.01157], [-121.96375, 38.01136], [-121.96365, 38.01121], [-121.96348, 38.01102], [-121.96326, 38.01079], [-121.96311, 38.01058], [-121.96294, 38.01034], [-121.96282, 38.0101], [-121.96272, 38.00983], [-121.96268, 38.00966], [-121.96264, 38.00947], [-121.9626, 38.00923], [-121.96259, 38.00905], [-121.9626, 38.00871]]}}, {"type": "Feature", "properties": {"hw": "residential"}, "geometry": {"type": "LineString", "coordinates": [[-121.96487, 38.01498], [-121.96466, 38.01502], [-121.96442, 38.01504], [-121.96426, 38.01503], [-121.9635, 38.01483], [-121.96266, 38.01458], [-121.96184, 38.01434], [-121.96138, 38.0142], [-121.96114, 38.01415], [-121.96086, 38.01415]]}}, {"type": "Feature", "properties": {"hw": "residential"}, "geometry": {"type": "LineString", "coordinates": [[-121.96472, 38.0142], [-121.96442, 38.01419], [-121.96418, 38.01419], [-121.96393, 38.01415], [-121.96345, 38.01403], [-121.96299, 38.0139], [-121.96255, 38.01378], [-121.96199, 38.01363], [-121.96144, 38.01347], [-121.96128, 38.01344], [-121.96107, 38.01343], [-121.96089, 38.01343]]}}, {"type": "Feature", "properties": {"hw": "residential"}, "geometry": {"type": "LineString", "coordinates": [[-121.96488, 38.01216], [-121.96484, 38.01226], [-121.96482, 38.01271]]}}, {"type": "Feature", "properties": {"hw": "residential"}, "geometry": {"type": "LineString", "coordinates": [[-121.96499, 38.01539], [-121.96487, 38.01498], [-121.96478, 38.01465], [-121.96473, 38.01428], [-121.96472, 38.0142], [-121.96472, 38.01385], [-121.96476, 38.01332], [-121.96482, 38.01271]]}}, {"type": "Feature", "properties": {"hw": "residential"}, "geometry": {"type": "LineString", "coordinates": [[-121.9652, 38.01628], [-121.96515, 38.01592], [-121.96509, 38.01569]]}}, {"type": "Feature", "properties": {"hw": "residential"}, "geometry": {"type": "LineString", "coordinates": [[-121.96285, 38.01172], [-121.96273, 38.01145], [-121.96253, 38.01125], [-121.96234, 38.011], [-121.96221, 38.0108], [-121.96209, 38.01061], [-121.96196, 38.01036], [-121.9619, 38.01016], [-121.96185, 38.00988], [-121.96183, 38.00952]]}}, {"type": "Feature", "properties": {"hw": "residential"}, "geometry": {"type": "LineString", "coordinates": [[-121.96725, 38.01414], [-121.96661, 38.01411], [-121.96608, 38.01413]]}}, {"type": "Feature", "properties": {"hw": "residential"}, "geometry": {"type": "LineString", "coordinates": [[-121.9713, 38.01329], [-121.97092, 38.01329], [-121.97037, 38.01336], [-121.96991, 38.0135], [-121.96972, 38.01358], [-121.96933, 38.01375], [-121.96893, 38.01392], [-121.96852, 38.01401], [-121.96814, 38.01405], [-121.9677, 38.01411], [-121.96725, 38.01414]]}}, {"type": "Feature", "properties": {"hw": "residential"}, "geometry": {"type": "LineString", "coordinates": [[-121.96362, 38.00819], [-121.96368, 38.00803], [-121.96391, 38.0079], [-121.96421, 38.00769], [-121.96469, 38.00755], [-121.96511, 38.00726], [-121.9664, 38.00623], [-121.9664, 38.00614], [-121.96637, 38.00611], [-121.96633, 38.00608], [-121.96613, 38.00609], [-121.96525, 38.00599], [-121.96454, 38.00597], [-121.96413, 38.00593], [-121.96401, 38.00595], [-121.96395, 38.00605], [-121.96394, 38.00616]]}}, {"type": "Feature", "properties": {"hw": "residential"}, "geometry": {"type": "LineString", "coordinates": [[-121.96791, 38.01734], [-121.96803, 38.01716], [-121.96807, 38.01696], [-121.96801, 38.01678], [-121.9678, 38.01629], [-121.96747, 38.01548], [-121.96732, 38.01511], [-121.96728, 38.01482], [-121.96725, 38.01414]]}}, {"type": "Feature", "properties": {"hw": "residential"}, "geometry": {"type": "LineString", "coordinates": [[-121.89243, 38.0171], [-121.89321, 38.01739], [-121.89357, 38.01752], [-121.89368, 38.01756], [-121.89382, 38.01761], [-121.89452, 38.01786], [-121.89593, 38.01821], [-121.89675, 38.01844], [-121.89764, 38.01871], [-121.89845, 38.01891]]}}, {"type": "Feature", "properties": {"hw": "secondary"}, "geometry": {"type": "LineString", "coordinates": [[-121.88516, 38.02792], [-121.88527, 38.02782], [-121.88527, 38.0278], [-121.8854, 38.02758], [-121.8855, 38.02745], [-121.88563, 38.02727], [-121.88574, 38.02711], [-121.8859, 38.02683], [-121.88634, 38.02576]]}}, {"type": "Feature", "properties": {"hw": "secondary"}, "geometry": {"type": "LineString", "coordinates": [[-121.88689, 38.02436], [-121.88716, 38.02372], [-121.88725, 38.02346]]}}, {"type": "Feature", "properties": {"hw": "residential"}, "geometry": {"type": "LineString", "coordinates": [[-121.96814, 38.01405], [-121.96809, 38.01364], [-121.96807, 38.01356]]}}, {"type": "Feature", "properties": {"hw": "residential"}, "geometry": {"type": "LineString", "coordinates": [[-121.96913, 38.01459], [-121.96866, 38.0147], [-121.96836, 38.01475], [-121.96825, 38.01476], [-121.96771, 38.0148], [-121.96728, 38.01482]]}}, {"type": "Feature", "properties": {"hw": "residential"}, "geometry": {"type": "LineString", "coordinates": [[-121.96996, 38.01418], [-121.97076, 38.01402], [-121.97118, 38.01394], [-121.97132, 38.01395], [-121.97149, 38.01402], [-121.97164, 38.01411], [-121.97177, 38.01429], [-121.97204, 38.01477]]}}, {"type": "Feature", "properties": {"hw": "residential"}, "geometry": {"type": "LineString", "coordinates": [[-121.95779, 38.0112], [-121.95768, 38.01116], [-121.95719, 38.01098], [-121.95693, 38.01092], [-121.9567, 38.0109], [-121.95644, 38.01089], [-121.95641, 38.01104], [-121.95633, 38.01163], [-121.95626, 38.01209], [-121.95618, 38.01244], [-121.95607, 38.01274], [-121.95559, 38.01384], [-121.95554, 38.014], [-121.95549, 38.01419], [-121.95563, 38.01434], [-121.95582, 38.01445], [-121.95604, 38.01452], [-121.95622, 38.01458], [-121.95625, 38.01458], [-121.95637, 38.01462]]}}, {"type": "Feature", "properties": {"hw": "residential"}, "geometry": {"type": "LineString", "coordinates": [[-121.95816, 38.0094], [-121.95823, 38.00923], [-121.95835, 38.00886], [-121.95833, 38.00867]]}}, {"type": "Feature", "properties": {"hw": "residential"}, "geometry": {"type": "LineString", "coordinates": [[-121.96671, 38.01566], [-121.96747, 38.01548]]}}, {"type": "Feature", "properties": {"hw": "residential"}, "geometry": {"type": "LineString", "coordinates": [[-121.96299, 38.01242], [-121.96294, 38.01296]]}}, {"type": "Feature", "properties": {"hw": "residential"}, "geometry": {"type": "LineString", "coordinates": [[-121.96825, 38.01476], [-121.9683, 38.01518], [-121.96867, 38.01605]]}}, {"type": "Feature", "properties": {"hw": "residential"}, "geometry": {"type": "LineString", "coordinates": [[-121.96708, 38.01648], [-121.9673, 38.01642], [-121.9678, 38.01629]]}}, {"type": "Feature", "properties": {"hw": "residential"}, "geometry": {"type": "LineString", "coordinates": [[-121.95974, 38.00873], [-121.95965, 38.00867], [-121.95899, 38.0083], [-121.95858, 38.00812], [-121.95805, 38.00796], [-121.95739, 38.00787], [-121.95637, 38.00773]]}}, {"type": "Feature", "properties": {"hw": "residential"}, "geometry": {"type": "LineString", "coordinates": [[-121.95894, 38.00971], [-121.95881, 38.00966], [-121.95852, 38.00956], [-121.95816, 38.0094], [-121.95779, 38.00929], [-121.95742, 38.00923], [-121.95733, 38.00859], [-121.95739, 38.00787]]}}, {"type": "Feature", "properties": {"hw": "residential"}, "geometry": {"type": "LineString", "coordinates": [[-121.95848, 38.01043], [-121.95836, 38.01038], [-121.95807, 38.01028], [-121.95705, 38.01012], [-121.95672, 38.01006], [-121.95654, 38.01003], [-121.95635, 38.01003], [-121.95629, 38.00997], [-121.95628, 38.00989], [-121.95625, 38.00973], [-121.95625, 38.00948], [-121.95628, 38.00906], [-121.95637, 38.00773], [-121.95639, 38.00726]]}}, {"type": "Feature", "properties": {"hw": "unclassified"}, "geometry": {"type": "LineString", "coordinates": [[-121.95812, 38.01082], [-121.95822, 38.01088], [-121.95871, 38.01115], [-121.95895, 38.01131], [-121.95909, 38.01144], [-121.95923, 38.01159], [-121.95934, 38.01178], [-121.9594, 38.01191], [-121.95946, 38.01224], [-121.95945, 38.01243], [-121.95942, 38.01262], [-121.95936, 38.01284], [-121.95927, 38.01309], [-121.95907, 38.0134], [-121.95875, 38.01384], [-121.95827, 38.01451]]}}, {"type": "Feature", "properties": {"hw": "residential"}, "geometry": {"type": "LineString", "coordinates": [[-121.95959, 38.01719], [-121.95948, 38.01724], [-121.95947, 38.01725], [-121.959, 38.01748], [-121.95854, 38.01772], [-121.95821, 38.01777], [-121.95589, 38.01738], [-121.95602, 38.01696], [-121.95609, 38.01682], [-121.95615, 38.01667], [-121.95583, 38.01653], [-121.95582, 38.01652], [-121.95568, 38.01648]]}}, {"type": "Feature", "properties": {"hw": "residential"}, "geometry": {"type": "LineString", "coordinates": [[-121.95837, 38.01282], [-121.95724, 38.01253], [-121.95713, 38.0125]]}}, {"type": "Feature", "properties": {"hw": "residential"}, "geometry": {"type": "LineString", "coordinates": [[-121.95693, 38.01092], [-121.95701, 38.0103], [-121.95705, 38.01012]]}}, {"type": "Feature", "properties": {"hw": "residential"}, "geometry": {"type": "LineString", "coordinates": [[-121.95633, 38.01508], [-121.95618, 38.01505], [-121.95616, 38.01505], [-121.95598, 38.01501], [-121.95531, 38.01482], [-121.95512, 38.01469]]}}, {"type": "Feature", "properties": {"hw": "residential"}, "geometry": {"type": "LineString", "coordinates": [[-121.95994, 38.01796], [-121.95982, 38.01797], [-121.95981, 38.01797], [-121.95964, 38.01797], [-121.95941, 38.01792], [-121.95929, 38.01786]]}}, {"type": "Feature", "properties": {"hw": "residential"}, "geometry": {"type": "LineString", "coordinates": [[-121.95616, 38.01576], [-121.95602, 38.01572], [-121.95491, 38.0154], [-121.95483, 38.01531]]}}, {"type": "Feature", "properties": {"hw": "residential"}, "geometry": {"type": "LineString", "coordinates": [[-121.95659, 38.01363], [-121.95673, 38.01365], [-121.95695, 38.0137], [-121.95749, 38.01386], [-121.95778, 38.01348], [-121.95816, 38.01311], [-121.95837, 38.01282]]}}, {"type": "Feature", "properties": {"hw": "secondary"}, "geometry": {"type": "LineString", "coordinates": [[-121.96616, 38.01938], [-121.96597, 38.01938]]}}, {"type": "Feature", "properties": {"hw": "secondary"}, "geometry": {"type": "LineString", "coordinates": [[-121.95523, 38.01785], [-121.95533, 38.01786], [-121.95593, 38.01797], [-121.95969, 38.01861]]}}, {"type": "Feature", "properties": {"hw": "secondary"}, "geometry": {"type": "LineString", "coordinates": [[-121.87318, 38.01362], [-121.87271, 38.01351]]}}, {"type": "Feature", "properties": {"hw": "tertiary"}, "geometry": {"type": "LineString", "coordinates": [[-121.96633, 38.02455], [-121.96645, 38.02453], [-121.96656, 38.02452], [-121.96678, 38.0245], [-121.967, 38.02449], [-121.96722, 38.02449], [-121.96811, 38.02453], [-121.96891, 38.02456], [-121.9696, 38.02459]]}}, {"type": "Feature", "properties": {"hw": "residential"}, "geometry": {"type": "LineString", "coordinates": [[-121.91813, 38.02324], [-121.91811, 38.02216], [-121.91813, 38.02142], [-121.91811, 38.02067]]}}, {"type": "Feature", "properties": {"hw": "tertiary"}, "geometry": {"type": "LineString", "coordinates": [[-121.92439, 38.02016], [-121.92532, 38.01981], [-121.92569, 38.01972], [-121.92632, 38.01971], [-121.92722, 38.0197], [-121.92766, 38.01954], [-121.92826, 38.01951]]}}, {"type": "Feature", "properties": {"hw": "secondary"}, "geometry": {"type": "LineString", "coordinates": [[-121.99803, 38.0142], [-121.99787, 38.01405], [-121.99773, 38.01389], [-121.99757, 38.0137], [-121.99747, 38.01358], [-121.99736, 38.01343], [-121.99728, 38.01329], [-121.99721, 38.01315], [-121.99714, 38.01301]]}}, {"type": "Feature", "properties": {"hw": "secondary"}, "geometry": {"type": "LineString", "coordinates": [[-121.92072, 38.02673], [-121.92109, 38.02673]]}}, {"type": "Feature", "properties": {"hw": "tertiary"}, "geometry": {"type": "LineString", "coordinates": [[-121.99789, 38.01424], [-121.99798, 38.01432], [-121.99811, 38.01443], [-121.99822, 38.0145]]}}, {"type": "Feature", "properties": {"hw": "residential"}, "geometry": {"type": "LineString", "coordinates": [[-122.00476, 37.98949], [-122.00455, 37.98967], [-122.00431, 37.98979], [-122.00403, 37.98991], [-122.00389, 37.99001], [-122.00387, 37.99008], [-122.00413, 37.99025], [-122.00439, 37.99039], [-122.00451, 37.9903], [-122.00486, 37.99012], [-122.00497, 37.99004], [-122.00522, 37.98977]]}}, {"type": "Feature", "properties": {"hw": "residential"}, "geometry": {"type": "LineString", "coordinates": [[-121.94636, 38.00572], [-121.94641, 38.00587], [-121.94636, 38.00637]]}}, {"type": "Feature", "properties": {"hw": "residential"}, "geometry": {"type": "LineString", "coordinates": [[-121.94303, 38.0067], [-121.94379, 38.00674]]}}, {"type": "Feature", "properties": {"hw": "residential"}, "geometry": {"type": "LineString", "coordinates": [[-121.95082, 38.00741], [-121.95097, 38.00754], [-121.95135, 38.00804], [-121.9516, 38.00825]]}}, {"type": "Feature", "properties": {"hw": "residential"}, "geometry": {"type": "LineString", "coordinates": [[-121.94609, 38.00986], [-121.94647, 38.01001], [-121.94664, 38.01002]]}}, {"type": "Feature", "properties": {"hw": "residential"}, "geometry": {"type": "LineString", "coordinates": [[-121.94398, 38.00626], [-121.94413, 38.00622], [-121.9443, 38.00623], [-121.94476, 38.00627], [-121.94568, 38.00633], [-121.94636, 38.00637]]}}, {"type": "Feature", "properties": {"hw": "residential"}, "geometry": {"type": "LineString", "coordinates": [[-121.94636, 38.00637], [-121.94654, 38.00639], [-121.94663, 38.00645], [-121.94668, 38.00654], [-121.94668, 38.00664], [-121.94667, 38.0067], [-121.94665, 38.00688], [-121.94664, 38.00691], [-121.94657, 38.00712], [-121.94653, 38.00725], [-121.94652, 38.00734], [-121.94648, 38.00773], [-121.94652, 38.00819], [-121.94651, 38.00849], [-121.94643, 38.00913], [-121.94632, 38.00943], [-121.94609, 38.00986], [-121.94578, 38.01035], [-121.9456, 38.01077], [-121.94553, 38.01108], [-121.94551, 38.01121], [-121.94549, 38.01133], [-121.94546, 38.01168], [-121.94545, 38.01189], [-121.94543, 38.01224]]}}, {"type": "Feature", "properties": {"hw": "residential"}, "geometry": {"type": "LineString", "coordinates": [[-121.94707, 38.00928], [-121.94688, 38.0092], [-121.94672, 38.00917], [-121.94643, 38.00913]]}}, {"type": "Feature", "properties": {"hw": "residential"}, "geometry": {"type": "LineString", "coordinates": [[-121.9429, 38.01172], [-121.94321, 38.01169], [-121.94348, 38.01162], [-121.94382, 38.01147], [-121.94391, 38.01141], [-121.94413, 38.01113], [-121.94421, 38.01102], [-121.94434, 38.01086], [-121.94442, 38.01075], [-121.94458, 38.01066], [-121.9448, 38.01062], [-121.94499, 38.01064], [-121.9456, 38.01077]]}}, {"type": "Feature", "properties": {"hw": "residential"}, "geometry": {"type": "LineString", "coordinates": [[-121.94568, 38.00633], [-121.94557, 38.00693], [-121.94551, 38.00738], [-121.94549, 38.00772], [-121.94549, 38.00818], [-121.94548, 38.00831], [-121.94547, 38.00842]]}}, {"type": "Feature", "properties": {"hw": "residential"}, "geometry": {"type": "LineString", "coordinates": [[-121.94541, 38.00888], [-121.9454, 38.00905], [-121.94536, 38.00933], [-121.94528, 38.00956]]}}, {"type": "Feature", "properties": {"hw": "residential"}, "geometry": {"type": "LineString", "coordinates": [[-121.94398, 38.00626], [-121.94387, 38.00633], [-121.94382, 38.00642], [-121.94379, 38.00674], [-121.94359, 38.00868], [-121.94361, 38.00883], [-121.94362, 38.00885], [-121.9437, 38.00894], [-121.94425, 38.00935], [-121.94438, 38.00942], [-121.94451, 38.00947], [-121.94466, 38.0095], [-121.94528, 38.00956], [-121.94552, 38.00963], [-121.94609, 38.00986]]}}, {"type": "Feature", "properties": {"hw": "residential"}, "geometry": {"type": "LineString", "coordinates": [[-121.94425, 38.00935], [-121.94433, 38.00927], [-121.9444, 38.00916], [-121.94444, 38.00904], [-121.94452, 38.00835], [-121.94476, 38.00627]]}}, {"type": "Feature", "properties": {"hw": "residential"}, "geometry": {"type": "LineString", "coordinates": [[-121.86613, 37.99353], [-121.86649, 37.99325], [-121.8666, 37.99316], [-121.86678, 37.99305], [-121.86701, 37.99293], [-121.8672, 37.9929]]}}, {"type": "Feature", "properties": {"hw": "residential"}, "geometry": {"type": "LineString", "coordinates": [[-121.86175, 37.99111], [-121.86182, 37.99306], [-121.86181, 37.99318], [-121.86175, 37.99359]]}}, {"type": "Feature", "properties": {"hw": "residential"}, "geometry": {"type": "LineString", "coordinates": [[-121.86399, 37.99104], [-121.86386, 37.99105], [-121.86324, 37.99108], [-121.86249, 37.99112], [-121.86239, 37.99113], [-121.86206, 37.99113], [-121.86175, 37.99111], [-121.86123, 37.99106], [-121.86101, 37.99108], [-121.86101, 37.99122], [-121.86108, 37.9933], [-121.86106, 37.99344], [-121.86124, 37.99348], [-121.86175, 37.99359], [-121.86205, 37.99364], [-121.86245, 37.99369], [-121.8627, 37.99372], [-121.86318, 37.99377], [-121.86344, 37.99383], [-121.86374, 37.99391], [-121.86384, 37.99394]]}}, {"type": "Feature", "properties": {"hw": "residential"}, "geometry": {"type": "LineString", "coordinates": [[-121.8612, 37.99512], [-121.86116, 37.99568], [-121.86117, 37.99575], [-121.86118, 37.99635], [-121.86123, 37.99747]]}}, {"type": "Feature", "properties": {"hw": "residential"}, "geometry": {"type": "LineString", "coordinates": [[-121.86765, 37.99748], [-121.8675, 37.99754], [-121.86731, 37.99754], [-121.86724, 37.99752], [-121.86717, 37.99749], [-121.86713, 37.99745], [-121.86711, 37.9974], [-121.86709, 37.99734], [-121.86709, 37.99683], [-121.86709, 37.9963]]}}, {"type": "Feature", "properties": {"hw": "residential"}, "geometry": {"type": "LineString", "coordinates": [[-121.86324, 37.99108], [-121.86329, 37.99271], [-121.86331, 37.99323], [-121.86318, 37.99377]]}}, {"type": "Feature", "properties": {"hw": "residential"}, "geometry": {"type": "LineString", "coordinates": [[-121.86505, 37.99575], [-121.86429, 37.99574]]}}, {"type": "Feature", "properties": {"hw": "residential"}, "geometry": {"type": "LineString", "coordinates": [[-121.86245, 37.99369], [-121.86255, 37.99306], [-121.86256, 37.99296], [-121.86249, 37.99112], [-121.86249, 37.99102], [-121.86248, 37.99095], [-121.86243, 37.99082]]}}, {"type": "Feature", "properties": {"hw": "residential"}, "geometry": {"type": "LineString", "coordinates": [[-121.86123, 37.99747], [-121.86129, 37.99753], [-121.86197, 37.99752], [-121.86272, 37.99752], [-121.86291, 37.99752], [-121.86312, 37.99747]]}}, {"type": "Feature", "properties": {"hw": "residential"}, "geometry": {"type": "LineString", "coordinates": [[-121.85798, 37.98788], [-121.85779, 37.98785], [-121.85715, 37.98766], [-121.85701, 37.98758], [-121.8569, 37.98753], [-121.85679, 37.98746], [-121.85666, 37.9873], [-121.85658, 37.98718], [-121.85654, 37.98706], [-121.8565, 37.98691], [-121.85649, 37.98679], [-121.8565, 37.9867], [-121.85658, 37.98599], [-121.85662, 37.98582], [-121.8567, 37.9857], [-121.85683, 37.98553], [-121.85694, 37.98542], [-121.85707, 37.98529], [-121.85725, 37.98509], [-121.85733, 37.98497], [-121.8574, 37.98486], [-121.85746, 37.98467], [-121.85763, 37.98404], [-121.85764, 37.98356], [-121.85763, 37.98319]]}}, {"type": "Feature", "properties": {"hw": "tertiary"}, "geometry": {"type": "LineString", "coordinates": [[-121.85799, 37.98996], [-121.85776, 37.98986], [-121.85741, 37.98969], [-121.8571, 37.98952], [-121.8569, 37.9894], [-121.85672, 37.98927], [-121.85648, 37.98908], [-121.85574, 37.98843], [-121.85563, 37.98834], [-121.85538, 37.98814], [-121.85501, 37.98791], [-121.85477, 37.98777], [-121.85452, 37.98766], [-121.85436, 37.98759], [-121.85426, 37.98755], [-121.85401, 37.98746]]}}, {"type": "Feature", "properties": {"hw": "tertiary"}, "geometry": {"type": "LineString", "coordinates": [[-121.85637, 37.98916], [-121.85676, 37.98948], [-121.85709, 37.98968], [-121.85747, 37.98987], [-121.85792, 37.99007]]}}, {"type": "Feature", "properties": {"hw": "residential"}, "geometry": {"type": "LineString", "coordinates": [[-121.85807, 37.98884], [-121.85848, 37.98877], [-121.85921, 37.98866], [-121.85965, 37.98859], [-121.85977, 37.98858], [-121.85986, 37.98859], [-121.85992, 37.98857], [-121.85995, 37.98854], [-121.85995, 37.98798], [-121.85993, 37.98792], [-121.85988, 37.98788], [-121.85976, 37.98787], [-121.85816, 37.9879], [-121.85798, 37.98788]]}}, {"type": "Feature", "properties": {"hw": "unclassified"}, "geometry": {"type": "LineString", "coordinates": [[-121.85709, 37.98968], [-121.85725, 37.98984], [-121.85734, 37.98997], [-121.8574, 37.99006], [-121.85745, 37.9902], [-121.85749, 37.99032], [-121.8575, 37.99037]]}}, {"type": "Feature", "properties": {"hw": "residential"}, "geometry": {"type": "LineString", "coordinates": [[-121.8814, 38.03003], [-121.88197, 38.0301], [-121.88253, 38.03023], [-121.88259, 38.03025], [-121.88265, 38.0303], [-121.88267, 38.03035], [-121.88267, 38.03042], [-121.88254, 38.03079], [-121.88251, 38.03084], [-121.88245, 38.03088]]}}, {"type": "Feature", "properties": {"hw": "residential"}, "geometry": {"type": "LineString", "coordinates": [[-121.88959, 38.03079], [-121.88962, 38.03069], [-121.88965, 38.0306], [-121.88988, 38.02998], [-121.89017, 38.02926], [-121.89017, 38.02924], [-121.8902, 38.02919], [-121.89022, 38.02912], [-121.89024, 38.02906], [-121.89025, 38.02904], [-121.89052, 38.02831], [-121.89076, 38.02766], [-121.89101, 38.027], [-121.89106, 38.02686]]}}, {"type": "Feature", "properties": {"hw": "residential"}, "geometry": {"type": "LineString", "coordinates": [[-121.88835, 38.02687], [-121.88828, 38.02707], [-121.88802, 38.02773], [-121.8879, 38.02806], [-121.88775, 38.02844], [-121.88772, 38.02851], [-121.88769, 38.02859]]}}, {"type": "Feature", "properties": {"hw": "unclassified"}, "geometry": {"type": "LineString", "coordinates": [[-121.89089, 38.01906], [-121.89089, 38.0191], [-121.89087, 38.01913], [-121.89086, 38.01916], [-121.89081, 38.01929], [-121.89075, 38.01945], [-121.89066, 38.01972]]}}, {"type": "Feature", "properties": {"hw": "residential"}, "geometry": {"type": "LineString", "coordinates": [[-121.93861, 38.03089], [-121.93974, 38.03089], [-121.94089, 38.03089]]}}, {"type": "Feature", "properties": {"hw": "secondary"}, "geometry": {"type": "LineString", "coordinates": [[-121.9337, 38.02677], [-121.93387, 38.02677], [-121.9339, 38.02677], [-121.93406, 38.02677], [-121.93427, 38.02677], [-121.93438, 38.02677], [-121.93451, 38.02677], [-121.93469, 38.02677], [-121.93496, 38.02677], [-121.93504, 38.02677], [-121.93523, 38.02676], [-121.93572, 38.02676]]}}, {"type": "Feature", "properties": {"hw": "secondary"}, "geometry": {"type": "LineString", "coordinates": [[-121.94626, 38.02676], [-121.94656, 38.02676], [-121.94664, 38.02676], [-121.94674, 38.02676], [-121.94679, 38.02676], [-121.94696, 38.02676], [-121.94702, 38.02676], [-121.94754, 38.02676], [-121.94797, 38.02676], [-121.94823, 38.02677], [-121.94842, 38.02677], [-121.94855, 38.02677], [-121.94886, 38.02678], [-121.94889, 38.02678], [-121.94967, 38.02678], [-121.9499, 38.02677], [-121.95004, 38.02677], [-121.9505, 38.02678], [-121.95127, 38.02678]]}}, {"type": "Feature", "properties": {"hw": "secondary"}, "geometry": {"type": "LineString", "coordinates": [[-121.93008, 38.02678], [-121.9304, 38.02679], [-121.93077, 38.02679], [-121.93095, 38.02679], [-121.93097, 38.02679], [-121.93104, 38.02679]]}}, {"type": "Feature", "properties": {"hw": "residential"}, "geometry": {"type": "LineString", "coordinates": [[-121.93745, 38.0274], [-121.93665, 38.02739], [-121.93572, 38.02739]]}}, {"type": "Feature", "properties": {"hw": "residential"}, "geometry": {"type": "LineString", "coordinates": [[-121.93973, 38.02676], [-121.93973, 38.02718], [-121.93973, 38.02722], [-121.93973, 38.02725], [-121.93973, 38.02812], [-121.93973, 38.02828], [-121.93974, 38.02897], [-121.93974, 38.02966], [-121.93974, 38.03001], [-121.93974, 38.03026], [-121.93974, 38.03041], [-121.93974, 38.03048], [-121.93974, 38.03062], [-121.93974, 38.03069], [-121.93974, 38.03089], [-121.93974, 38.03216], [-121.93974, 38.03249]]}}, {"type": "Feature", "properties": {"hw": "residential"}, "geometry": {"type": "LineString", "coordinates": [[-121.89224, 38.02736], [-121.89239, 38.02738], [-121.89346, 38.02739], [-121.89353, 38.02737], [-121.89359, 38.02733], [-121.89363, 38.02727], [-121.89367, 38.02703], [-121.89366, 38.02698], [-121.89362, 38.02694], [-121.89355, 38.02692], [-121.89249, 38.02691], [-121.89244, 38.02692], [-121.89239, 38.02695], [-121.89236, 38.02699], [-121.89227, 38.02722], [-121.89225, 38.0273]]}}, {"type": "Feature", "properties": {"hw": "residential"}, "geometry": {"type": "LineString", "coordinates": [[-121.89085, 38.0328], [-121.89087, 38.03271], [-121.89094, 38.03254], [-121.89105, 38.03224], [-121.89112, 38.03213]]}}, {"type": "Feature", "properties": {"hw": "residential"}, "geometry": {"type": "LineString", "coordinates": [[-121.88769, 38.02859], [-121.88739, 38.02938], [-121.88714, 38.03002], [-121.88711, 38.03009], [-121.88707, 38.0302]]}}, {"type": "Feature", "properties": {"hw": "residential"}, "geometry": {"type": "LineString", "coordinates": [[-121.89143, 38.02946], [-121.89146, 38.02938]]}}, {"type": "Feature", "properties": {"hw": "residential"}, "geometry": {"type": "LineString", "coordinates": [[-121.89022, 38.03271], [-121.89055, 38.03278], [-121.89085, 38.0328], [-121.89093, 38.0328], [-121.89113, 38.03283], [-121.89168, 38.03297], [-121.8919, 38.03302]]}}, {"type": "Feature", "properties": {"hw": "residential"}, "geometry": {"type": "LineString", "coordinates": [[-121.96209, 38.03402], [-121.96208, 38.0335], [-121.96201, 38.03345], [-121.96147, 38.03345], [-121.96111, 38.03345], [-121.96067, 38.03344]]}}, {"type": "Feature", "properties": {"hw": "residential"}, "geometry": {"type": "LineString", "coordinates": [[-121.96241, 38.03297], [-121.96147, 38.03297], [-121.96069, 38.03297]]}}, {"type": "Feature", "properties": {"hw": "residential"}, "geometry": {"type": "LineString", "coordinates": [[-121.9624, 38.03251], [-121.96146, 38.03252], [-121.96066, 38.03252]]}}, {"type": "Feature", "properties": {"hw": "residential"}, "geometry": {"type": "LineString", "coordinates": [[-121.96249, 38.03207], [-121.96147, 38.03208], [-121.96068, 38.03207]]}}, {"type": "Feature", "properties": {"hw": "residential"}, "geometry": {"type": "LineString", "coordinates": [[-121.96249, 38.03165], [-121.96147, 38.03164], [-121.96068, 38.03163]]}}, {"type": "Feature", "properties": {"hw": "residential"}, "geometry": {"type": "LineString", "coordinates": [[-121.96249, 38.03119], [-121.96147, 38.03119], [-121.9607, 38.03119]]}}, {"type": "Feature", "properties": {"hw": "residential"}, "geometry": {"type": "LineString", "coordinates": [[-121.96147, 38.03345], [-121.96147, 38.03297], [-121.96146, 38.03252], [-121.96147, 38.03208], [-121.96147, 38.03164], [-121.96147, 38.03119], [-121.96148, 38.03072]]}}, {"type": "Feature", "properties": {"hw": "secondary"}, "geometry": {"type": "LineString", "coordinates": [[-121.8968, 38.01403], [-121.89706, 38.01424], [-121.89739, 38.01437], [-121.89998, 38.015]]}}, {"type": "Feature", "properties": {"hw": "residential"}, "geometry": {"type": "LineString", "coordinates": [[-121.89457, 38.01302], [-121.89514, 38.01158]]}}, {"type": "Feature", "properties": {"hw": "residential"}, "geometry": {"type": "LineString", "coordinates": [[-121.96982, 38.02123], [-121.96982, 38.02121], [-121.96982, 38.0212], [-121.96982, 38.02118], [-121.96981, 38.02117], [-121.9698, 38.02115], [-121.96978, 38.02114], [-121.96975, 38.02113], [-121.96973, 38.02113], [-121.9697, 38.02113], [-121.96967, 38.02114], [-121.96965, 38.02115], [-121.96964, 38.02117], [-121.96963, 38.02118], [-121.96963, 38.02121], [-121.96963, 38.02123], [-121.96965, 38.02125], [-121.96967, 38.02127], [-121.96969, 38.02128], [-121.96971, 38.02128], [-121.96973, 38.02128], [-121.96975, 38.02128], [-121.96977, 38.02127], [-121.96978, 38.02127], [-121.9698, 38.02126], [-121.96981, 38.02124], [-121.96982, 38.02123]]}}, {"type": "Feature", "properties": {"hw": "residential"}, "geometry": {"type": "LineString", "coordinates": [[-121.97025, 38.02127], [-121.97015, 38.02124], [-121.96999, 38.02121], [-121.96982, 38.0212]]}}, {"type": "Feature", "properties": {"hw": "residential"}, "geometry": {"type": "LineString", "coordinates": [[-121.9698, 38.02126], [-121.97011, 38.02138], [-121.97021, 38.02141]]}}, {"type": "Feature", "properties": {"hw": "residential"}, "geometry": {"type": "LineString", "coordinates": [[-121.9698, 38.02115], [-121.96982, 38.02108], [-121.9698, 38.02105], [-121.96974, 38.02098]]}}, {"type": "Feature", "properties": {"hw": "residential"}, "geometry": {"type": "LineString", "coordinates": [[-121.96974, 38.02098], [-121.96974, 38.02106], [-121.96973, 38.02113]]}}, {"type": "Feature", "properties": {"hw": "residential"}, "geometry": {"type": "LineString", "coordinates": [[-121.96974, 38.02098], [-121.96973, 38.02094]]}}, {"type": "Feature", "properties": {"hw": "residential"}, "geometry": {"type": "LineString", "coordinates": [[-121.96999, 38.02121], [-121.96994, 38.02111], [-121.9699, 38.02106], [-121.9698, 38.02105]]}}, {"type": "Feature", "properties": {"hw": "residential"}, "geometry": {"type": "LineString", "coordinates": [[-121.96838, 38.0214], [-121.96846, 38.02153], [-121.9687, 38.0218], [-121.96885, 38.022], [-121.96915, 38.02242], [-121.96922, 38.02238], [-121.96931, 38.02221], [-121.96953, 38.02175], [-121.96929, 38.02167]]}}, {"type": "Feature", "properties": {"hw": "residential"}, "geometry": {"type": "LineString", "coordinates": [[-121.96206, 38.01939], [-121.96204, 38.02125]]}}, {"type": "Feature", "properties": {"hw": "residential"}, "geometry": {"type": "LineString", "coordinates": [[-121.96525, 38.02145], [-121.96456, 38.02144], [-121.96396, 38.02142], [-121.96362, 38.02144], [-121.96332, 38.02144], [-121.963, 38.02141], [-121.96268, 38.02135], [-121.96204, 38.02125], [-121.9614, 38.02117], [-121.96076, 38.02108]]}}, {"type": "Feature", "properties": {"hw": "residential"}, "geometry": {"type": "LineString", "coordinates": [[-121.96541, 38.01989], [-121.96459, 38.01979], [-121.96411, 38.01976], [-121.96409, 38.01976], [-121.96396, 38.01974], [-121.96386, 38.01972], [-121.96385, 38.01972], [-121.96334, 38.01963], [-121.96268, 38.01951], [-121.96206, 38.01939], [-121.96141, 38.01927], [-121.96112, 38.01923], [-121.96076, 38.01922]]}}, {"type": "Feature", "properties": {"hw": "residential"}, "geometry": {"type": "LineString", "coordinates": [[-121.96334, 38.01963], [-121.96332, 38.02144]]}}, {"type": "Feature", "properties": {"hw": "residential"}, "geometry": {"type": "LineString", "coordinates": [[-121.96268, 38.01951], [-121.96268, 38.02135]]}}, {"type": "Feature", "properties": {"hw": "residential"}, "geometry": {"type": "LineString", "coordinates": [[-121.96141, 38.01927], [-121.9614, 38.02117]]}}, {"type": "Feature", "properties": {"hw": "residential"}, "geometry": {"type": "LineString", "coordinates": [[-121.96076, 38.02108], [-121.96076, 38.01922]]}}, {"type": "Feature", "properties": {"hw": "residential"}, "geometry": {"type": "LineString", "coordinates": [[-121.97282, 38.01433], [-121.97293, 38.01448], [-121.9733, 38.01535], [-121.97337, 38.01565], [-121.97356, 38.01608], [-121.97384, 38.01675], [-121.97412, 38.0174], [-121.97445, 38.0181], [-121.97469, 38.01868]]}}, {"type": "Feature", "properties": {"hw": "residential"}, "geometry": {"type": "LineString", "coordinates": [[-121.93878, 38.01542], [-121.93875, 38.01519], [-121.93878, 38.01508], [-121.93893, 38.01495], [-121.93901, 38.01488], [-121.93902, 38.01481], [-121.93888, 38.01458], [-121.93884, 38.01449], [-121.93884, 38.01439], [-121.93883, 38.01413], [-121.93883, 38.01393], [-121.93883, 38.01382], [-121.93893, 38.01342]]}}, {"type": "Feature", "properties": {"hw": "residential"}, "geometry": {"type": "LineString", "coordinates": [[-121.96291, 38.02678], [-121.9629, 38.02592]]}}, {"type": "Feature", "properties": {"hw": "tertiary"}, "geometry": {"type": "LineString", "coordinates": [[-121.97896, 38.03343], [-121.97888, 38.03358]]}}, {"type": "Feature", "properties": {"hw": "tertiary"}, "geometry": {"type": "LineString", "coordinates": [[-121.97895, 38.03361], [-121.97903, 38.03345]]}}, {"type": "Feature", "properties": {"hw": "tertiary"}, "geometry": {"type": "LineString", "coordinates": [[-121.97888, 38.03358], [-121.97881, 38.03377], [-121.97879, 38.03388], [-121.9788, 38.03396]]}}, {"type": "Feature", "properties": {"hw": "tertiary"}, "geometry": {"type": "LineString", "coordinates": [[-121.97903, 38.03345], [-121.97922, 38.03309], [-121.97931, 38.03288]]}}, {"type": "Feature", "properties": {"hw": "tertiary"}, "geometry": {"type": "LineString", "coordinates": [[-121.98334, 38.02398], [-121.98341, 38.0241], [-121.98345, 38.02417], [-121.98349, 38.02431], [-121.9835, 38.02444], [-121.98352, 38.02461], [-121.9835, 38.02479], [-121.98349, 38.02481], [-121.98348, 38.02488], [-121.98346, 38.02495], [-121.98343, 38.02503], [-121.98335, 38.02524], [-121.98328, 38.02537], [-121.98316, 38.02554], [-121.98305, 38.02565], [-121.983, 38.0257], [-121.9828, 38.02586], [-121.98275, 38.0259], [-121.9825, 38.02605], [-121.98225, 38.02616], [-121.98198, 38.02625], [-121.98169, 38.02636], [-121.98074, 38.02669], [-121.98049, 38.0268], [-121.97992, 38.02711], [-121.97966, 38.02727], [-121.97948, 38.02741], [-121.97932, 38.02757], [-121.97919, 38.02773], [-121.97908, 38.0279], [-121.97899, 38.02809], [-121.97891, 38.02836], [-121.97887, 38.0287], [-121.97885, 38.02905], [-121.97885, 38.02943], [-121.97885, 38.02956], [-121.97887, 38.02977], [-121.97892, 38.02999], [-121.97892, 38.03]]}}, {"type": "Feature", "properties": {"hw": "residential"}, "geometry": {"type": "LineString", "coordinates": [[-121.9841, 38.02509], [-121.98363, 38.02498], [-121.98355, 38.02497]]}}, {"type": "Feature", "properties": {"hw": "residential"}, "geometry": {"type": "LineString", "coordinates": [[-121.9838, 38.02579], [-121.98378, 38.02566], [-121.98387, 38.02542], [-121.9841, 38.02509], [-121.98413, 38.02503], [-121.9842, 38.02487], [-121.98421, 38.02462], [-121.98434, 38.02428], [-121.98438, 38.0242]]}}, {"type": "Feature", "properties": {"hw": "residential"}, "geometry": {"type": "LineString", "coordinates": [[-121.94424, 38.02004], [-121.94408, 38.01977]]}}, {"type": "Feature", "properties": {"hw": "residential"}, "geometry": {"type": "LineString", "coordinates": [[-121.94397, 38.01982], [-121.94402, 38.01989], [-121.94416, 38.02009]]}}, {"type": "Feature", "properties": {"hw": "residential"}, "geometry": {"type": "LineString", "coordinates": [[-121.94098, 38.01517], [-121.94099, 38.01475], [-121.94094, 38.01373], [-121.94083, 38.01325], [-121.94076, 38.01281], [-121.94075, 38.01248]]}}, {"type": "Feature", "properties": {"hw": "residential"}, "geometry": {"type": "LineString", "coordinates": [[-121.90241, 38.02392], [-121.90287, 38.02392]]}}, {"type": "Feature", "properties": {"hw": "residential"}, "geometry": {"type": "LineString", "coordinates": [[-121.90608, 38.02162], [-121.90578, 38.02161], [-121.90571, 38.02187], [-121.90563, 38.02219], [-121.90561, 38.02229], [-121.90559, 38.02237]]}}, {"type": "Feature", "properties": {"hw": "residential"}, "geometry": {"type": "LineString", "coordinates": [[-121.89986, 38.02332], [-121.8999, 38.02333], [-121.90008, 38.02337], [-121.90022, 38.02339], [-121.90241, 38.02339]]}}, {"type": "Feature", "properties": {"hw": "residential"}, "geometry": {"type": "LineString", "coordinates": [[-121.90134, 38.01924], [-121.90209, 38.01919], [-121.90227, 38.01919], [-121.90315, 38.01919], [-121.90323, 38.01919], [-121.90414, 38.01918], [-121.90426, 38.01918], [-121.90507, 38.01919], [-121.90597, 38.01919], [-121.90607, 38.01919]]}}, {"type": "Feature", "properties": {"hw": "residential"}, "geometry": {"type": "LineString", "coordinates": [[-121.89974, 38.02483], [-121.89922, 38.02483]]}}, {"type": "Feature", "properties": {"hw": "residential"}, "geometry": {"type": "LineString", "coordinates": [[-121.89975, 38.02423], [-121.89955, 38.02424], [-121.89936, 38.0242]]}}, {"type": "Feature", "properties": {"hw": "residential"}, "geometry": {"type": "LineString", "coordinates": [[-121.88207, 38.02382], [-121.8825, 38.02396]]}}, {"type": "Feature", "properties": {"hw": "residential"}, "geometry": {"type": "LineString", "coordinates": [[-121.8822, 38.02334], [-121.88268, 38.0235]]}}, {"type": "Feature", "properties": {"hw": "residential"}, "geometry": {"type": "LineString", "coordinates": [[-121.8819, 38.02278], [-121.88198, 38.02274], [-121.88215, 38.02276], [-121.88286, 38.02302], [-121.88268, 38.0235], [-121.8825, 38.02396], [-121.88238, 38.02426]]}}, {"type": "Feature", "properties": {"hw": "residential"}, "geometry": {"type": "LineString", "coordinates": [[-121.88585, 38.02603], [-121.88531, 38.02591]]}}, {"type": "Feature", "properties": {"hw": "unclassified"}, "geometry": {"type": "LineString", "coordinates": [[-121.87751, 38.01276], [-121.87754, 38.01268], [-121.87913, 38.01307], [-121.87934, 38.01312], [-121.87962, 38.01319], [-121.88033, 38.01336]]}}, {"type": "Feature", "properties": {"hw": "residential"}, "geometry": {"type": "LineString", "coordinates": [[-121.87296, 38.01666], [-121.87316, 38.01615], [-121.87316, 38.01608], [-121.87311, 38.01604], [-121.8726, 38.01592], [-121.8725, 38.01595], [-121.8723, 38.0165]]}}, {"type": "Feature", "properties": {"hw": "residential"}, "geometry": {"type": "LineString", "coordinates": [[-121.87268, 38.0166], [-121.87296, 38.01666], [-121.87306, 38.01668], [-121.87328, 38.01672], [-121.87351, 38.01675], [-121.87365, 38.01675], [-121.87378, 38.01674], [-121.87384, 38.01673], [-121.87404, 38.01669]]}}, {"type": "Feature", "properties": {"hw": "residential"}, "geometry": {"type": "LineString", "coordinates": [[-121.87925, 38.01008], [-121.87926, 38.00994], [-121.87929, 38.00986], [-121.87935, 38.00978], [-121.87949, 38.00969]]}}, {"type": "Feature", "properties": {"hw": "tertiary"}, "geometry": {"type": "LineString", "coordinates": [[-121.88187, 38.01809], [-121.88204, 38.01766]]}}, {"type": "Feature", "properties": {"hw": "tertiary"}, "geometry": {"type": "LineString", "coordinates": [[-121.88287, 38.01573], [-121.88313, 38.01537]]}}, {"type": "Feature", "properties": {"hw": "tertiary"}, "geometry": {"type": "LineString", "coordinates": [[-121.88623, 38.01096], [-121.8864, 38.01051], [-121.88653, 38.01016], [-121.88657, 38.01007], [-121.8866, 38.01], [-121.88662, 38.00996], [-121.88664, 38.00993], [-121.88673, 38.00978], [-121.88692, 38.00953], [-121.88698, 38.00944], [-121.88702, 38.00935], [-121.88705, 38.00928], [-121.88708, 38.00922], [-121.88708, 38.0092], [-121.8871, 38.00915], [-121.88713, 38.00907], [-121.88716, 38.00896], [-121.88718, 38.00889], [-121.88719, 38.00882], [-121.88719, 38.00876], [-121.8872, 38.00865], [-121.88719, 38.00851], [-121.88718, 38.00841], [-121.88718, 38.00839], [-121.88717, 38.00828]]}}, {"type": "Feature", "properties": {"hw": "secondary"}, "geometry": {"type": "LineString", "coordinates": [[-121.87861, 38.02634], [-121.87869, 38.02582], [-121.87877, 38.02559]]}}, {"type": "Feature", "properties": {"hw": "tertiary"}, "geometry": {"type": "LineString", "coordinates": [[-121.87815, 38.02881], [-121.87827, 38.02859], [-121.87839, 38.02828], [-121.87853, 38.02781], [-121.87859, 38.02711], [-121.8786, 38.0265], [-121.87861, 38.02634]]}}, {"type": "Feature", "properties": {"hw": "tertiary"}, "geometry": {"type": "LineString", "coordinates": [[-121.87844, 38.02712], [-121.8784, 38.02779], [-121.87826, 38.02831], [-121.87816, 38.0286], [-121.87815, 38.02881]]}}, {"type": "Feature", "properties": {"hw": "unclassified"}, "geometry": {"type": "LineString", "coordinates": [[-121.88346, 38.01493], [-121.88336, 38.01488]]}}, {"type": "Feature", "properties": {"hw": "residential"}, "geometry": {"type": "LineString", "coordinates": [[-121.8717, 38.00312], [-121.87182, 38.0028], [-121.87183, 38.00276], [-121.87185, 38.00273]]}}, {"type": "Feature", "properties": {"hw": "secondary"}, "geometry": {"type": "LineString", "coordinates": [[-121.8541, 38.00589], [-121.85411, 38.00592], [-121.85413, 38.00609], [-121.85416, 38.00629], [-121.85424, 38.00651], [-121.85434, 38.00671], [-121.85445, 38.00689], [-121.85462, 38.00709], [-121.85481, 38.00728], [-121.85493, 38.0074], [-121.85513, 38.00753], [-121.85534, 38.00766], [-121.85555, 38.00776]]}}, {"type": "Feature", "properties": {"hw": "secondary"}, "geometry": {"type": "LineString", "coordinates": [[-121.85563, 38.00765], [-121.85543, 38.00757], [-121.85523, 38.00744], [-121.85503, 38.00729], [-121.85483, 38.00712], [-121.85466, 38.00695], [-121.85451, 38.00672], [-121.85438, 38.00648], [-121.85431, 38.00628]]}}, {"type": "Feature", "properties": {"hw": "secondary"}, "geometry": {"type": "LineString", "coordinates": [[-121.85946, 38.00835], [-121.8592, 38.00838], [-121.85882, 38.00839], [-121.85841, 38.00835], [-121.85816, 38.00832], [-121.85795, 38.00828], [-121.85761, 38.00819], [-121.85694, 38.00804]]}}, {"type": "Feature", "properties": {"hw": "tertiary"}, "geometry": {"type": "LineString", "coordinates": [[-121.86603, 38.00842], [-121.866, 38.0083], [-121.86589, 38.00797], [-121.86587, 38.00778], [-121.86588, 38.00762], [-121.86589, 38.00751], [-121.86591, 38.00741], [-121.86594, 38.00726], [-121.86604, 38.00705], [-121.8662, 38.00679], [-121.86637, 38.00663], [-121.86656, 38.00644], [-121.86666, 38.00635], [-121.86677, 38.00623], [-121.86691, 38.00608], [-121.86704, 38.00587], [-121.86712, 38.00566], [-121.86723, 38.00539], [-121.86735, 38.00508], [-121.86743, 38.00486], [-121.86749, 38.00471], [-121.86757, 38.00449], [-121.86762, 38.00435], [-121.86761, 38.00409], [-121.86783, 38.00354], [-121.86821, 38.00248], [-121.86827, 38.00233], [-121.86847, 38.0021], [-121.8688, 38.00188], [-121.86903, 38.00183], [-121.86938, 38.00179], [-121.86979, 38.00182]]}}, {"type": "Feature", "properties": {"hw": "residential"}, "geometry": {"type": "LineString", "coordinates": [[-121.88346, 38.01041], [-121.8835, 38.01039], [-121.88352, 38.01038], [-121.88353, 38.01038], [-121.88363, 38.01041], [-121.88365, 38.01041], [-121.88367, 38.01041], [-121.88369, 38.0104], [-121.8837, 38.01039], [-121.88371, 38.01038], [-121.88372, 38.01036]]}}, {"type": "Feature", "properties": {"hw": "tertiary"}, "geometry": {"type": "LineString", "coordinates": [[-121.85563, 38.00765], [-121.85555, 38.00776]]}}, {"type": "Feature", "properties": {"hw": "residential"}, "geometry": {"type": "LineString", "coordinates": [[-121.88437, 38.01063], [-121.88445, 38.0106], [-121.88446, 38.0106], [-121.88447, 38.0106], [-121.88452, 38.01061], [-121.88453, 38.01061], [-121.88454, 38.01061], [-121.88455, 38.01061], [-121.88456, 38.0106], [-121.88457, 38.01059], [-121.88458, 38.01056]]}}, {"type": "Feature", "properties": {"hw": "residential"}, "geometry": {"type": "LineString", "coordinates": [[-121.87495, 38.00925], [-121.87499, 38.00915]]}}, {"type": "Feature", "properties": {"hw": "secondary"}, "geometry": {"type": "LineString", "coordinates": [[-121.83973, 37.99866], [-121.84023, 37.99861], [-121.8407, 37.99852], [-121.84179, 37.99825], [-121.84219, 37.99817], [-121.84264, 37.99812], [-121.84278, 37.99811], [-121.84327, 37.99809]]}}, {"type": "Feature", "properties": {"hw": "secondary"}, "geometry": {"type": "LineString", "coordinates": [[-121.8443, 37.99793], [-121.84412, 37.99793]]}}, {"type": "Feature", "properties": {"hw": "residential"}, "geometry": {"type": "LineString", "coordinates": [[-121.84618, 37.99616], [-121.84613, 37.99612], [-121.84599, 37.99604], [-121.84581, 37.99592], [-121.84535, 37.99558], [-121.84497, 37.99532], [-121.84457, 37.99513], [-121.84423, 37.99502], [-121.84397, 37.99493], [-121.84369, 37.99484], [-121.84307, 37.99519], [-121.84258, 37.99546], [-121.84252, 37.99555]]}}, {"type": "Feature", "properties": {"hw": "residential"}, "geometry": {"type": "LineString", "coordinates": [[-121.84002, 37.98714], [-121.84033, 37.98719]]}}, {"type": "Feature", "properties": {"hw": "secondary"}, "geometry": {"type": "LineString", "coordinates": [[-121.84769, 37.99484], [-121.84733, 37.99515]]}}, {"type": "Feature", "properties": {"hw": "secondary"}, "geometry": {"type": "LineString", "coordinates": [[-121.84896, 37.99375], [-121.84769, 37.99484]]}}, {"type": "Feature", "properties": {"hw": "secondary"}, "geometry": {"type": "LineString", "coordinates": [[-121.85179, 37.99009], [-121.85163, 37.99045], [-121.85122, 37.99142], [-121.85113, 37.99159], [-121.85104, 37.99173], [-121.85077, 37.99212], [-121.85053, 37.99238], [-121.84986, 37.99297], [-121.84896, 37.99375]]}}, {"type": "Feature", "properties": {"hw": "secondary"}, "geometry": {"type": "LineString", "coordinates": [[-121.84412, 37.99793], [-121.84401, 37.99802]]}}, {"type": "Feature", "properties": {"hw": "residential"}, "geometry": {"type": "LineString", "coordinates": [[-121.84627, 37.99623], [-121.84618, 37.99616]]}}, {"type": "Feature", "properties": {"hw": "residential"}, "geometry": {"type": "LineString", "coordinates": [[-121.84516, 37.9824], [-121.84569, 37.98258], [-121.84596, 37.9827], [-121.84607, 37.98296], [-121.84606, 37.98327], [-121.84559, 37.9837], [-121.84516, 37.98419], [-121.84507, 37.98434], [-121.84497, 37.98441], [-121.84479, 37.98431], [-121.84415, 37.98393]]}}, {"type": "Feature", "properties": {"hw": "tertiary"}, "geometry": {"type": "LineString", "coordinates": [[-121.95242, 37.98192], [-121.95238, 37.98203], [-121.95236, 37.98215], [-121.95237, 37.98228], [-121.9524, 37.98239], [-121.95245, 37.9825], [-121.95251, 37.98261], [-121.95261, 37.98277], [-121.95267, 37.98289], [-121.95271, 37.98301], [-121.95274, 37.98313], [-121.95275, 37.98325], [-121.95274, 37.98336], [-121.95272, 37.98347], [-121.95269, 37.98357], [-121.95256, 37.98394], [-121.9525, 37.98413], [-121.95244, 37.98425], [-121.95237, 37.98437], [-121.9523, 37.98447], [-121.95206, 37.98476], [-121.95199, 37.98487], [-121.95194, 37.98497], [-121.95189, 37.98507], [-121.95187, 37.98518], [-121.95185, 37.98529], [-121.95183, 37.98541], [-121.95178, 37.98615], [-121.95176, 37.98633], [-121.95174, 37.98646], [-121.95169, 37.98659], [-121.95162, 37.98674], [-121.95153, 37.98686], [-121.95133, 37.98709], [-121.9512, 37.98721], [-121.9511, 37.98733], [-121.95091, 37.98755], [-121.95019, 37.98847], [-121.94988, 37.98885], [-121.94964, 37.98913], [-121.9494, 37.98938], [-121.9493, 37.9895], [-121.9492, 37.98964], [-121.94913, 37.98978], [-121.94908, 37.98994], [-121.94905, 37.99008], [-121.94904, 37.99024], [-121.94905, 37.99039], [-121.94909, 37.99095], [-121.94909, 37.99115], [-121.94908, 37.99134], [-121.94905, 37.99154], [-121.949, 37.99174], [-121.94895, 37.99192], [-121.94889, 37.99211], [-121.94867, 37.99263], [-121.94858, 37.99285], [-121.94851, 37.99308], [-121.94844, 37.99331], [-121.9484, 37.99354], [-121.94837, 37.99377], [-121.94821, 37.99503], [-121.94812, 37.99579], [-121.94795, 37.99712], [-121.94792, 37.99729], [-121.94788, 37.99743], [-121.94783, 37.99755], [-121.94777, 37.99767], [-121.94769, 37.99778], [-121.94761, 37.99787], [-121.94752, 37.99795], [-121.94726, 37.99816], [-121.94713, 37.99828], [-121.94701, 37.99844], [-121.94693, 37.99859], [-121.94688, 37.99873], [-121.94684, 37.99887], [-121.94684, 37.999], [-121.94685, 37.99912], [-121.94703, 38.00045], [-121.94705, 38.00065], [-121.94706, 38.00081], [-121.94705, 38.00097], [-121.94703, 38.00111], [-121.947, 38.00127], [-121.94696, 38.00141], [-121.9469, 38.00154], [-121.94683, 38.00166], [-121.94673, 38.00177], [-121.94654, 38.00196], [-121.94642, 38.00209], [-121.94634, 38.0022], [-121.94627, 38.00234], [-121.94622, 38.00248], [-121.9462, 38.00261], [-121.94617, 38.00298], [-121.94615, 38.00312], [-121.94611, 38.00322], [-121.94606, 38.00334], [-121.94598, 38.00346], [-121.9459, 38.00356], [-121.94578, 38.00368], [-121.94565, 38.0038], [-121.9455, 38.00391], [-121.94534, 38.00402], [-121.94518, 38.00413], [-121.94452, 38.00454], [-121.94435, 38.00464], [-121.94418, 38.00473], [-121.94402, 38.00479], [-121.94384, 38.00485], [-121.94343, 38.00497], [-121.94325, 38.00503], [-121.94306, 38.00511], [-121.94287, 38.0052], [-121.94254, 38.0054], [-121.94235, 38.00551], [-121.94199, 38.00571], [-121.9418, 38.00581], [-121.94164, 38.00592], [-121.94148, 38.00604], [-121.94132, 38.00619], [-121.94119, 38.00635], [-121.94107, 38.00652], [-121.94099, 38.00668], [-121.94092, 38.00684], [-121.94087, 38.007], [-121.94084, 38.00715], [-121.94082, 38.0073], [-121.94082, 38.00745], [-121.94082, 38.0076], [-121.94083, 38.00776], [-121.94086, 38.00793], [-121.94096, 38.00865], [-121.94112, 38.00964], [-121.94116, 38.00985], [-121.9412, 38.01002], [-121.94125, 38.01019], [-121.94131, 38.01037]]}}, {"type": "Feature", "properties": {"hw": "secondary"}, "geometry": {"type": "LineString", "coordinates": [[-122.01554, 37.98334], [-122.01518, 37.98351], [-122.01514, 37.98353], [-122.01504, 37.98357], [-122.01497, 37.98361], [-122.01456, 37.9838], [-122.01411, 37.984], [-122.0138, 37.98415], [-122.01357, 37.98426], [-122.01341, 37.98434], [-122.01332, 37.98438], [-122.0133, 37.98439], [-122.0132, 37.98444], [-122.01308, 37.9845], [-122.01302, 37.98454], [-122.01292, 37.98461], [-122.01208, 37.98518], [-122.01171, 37.98544], [-122.01131, 37.98572], [-122.01104, 37.98593], [-122.01071, 37.98617], [-122.01058, 37.98627], [-122.01011, 37.9866], [-122.01004, 37.98665], [-122.00998, 37.98669], [-122.00977, 37.98683], [-122.00971, 37.98687], [-122.00967, 37.9869], [-122.00937, 37.9871], [-122.00931, 37.98715], [-122.00927, 37.98718], [-122.00908, 37.98731], [-122.009, 37.98736], [-122.00863, 37.98762], [-122.00853, 37.98769], [-122.00793, 37.98811], [-122.00752, 37.9884], [-122.00731, 37.98855], [-122.00725, 37.9886], [-122.00705, 37.98877], [-122.00699, 37.98882], [-122.00688, 37.98892], [-122.00672, 37.98906], [-122.00648, 37.98928], [-122.00629, 37.98947], [-122.00596, 37.98976]]}}, {"type": "Feature", "properties": {"hw": "secondary"}, "geometry": {"type": "LineString", "coordinates": [[-122.00176, 37.99609], [-122.00173, 37.99644], [-122.00167, 37.9972], [-122.0016, 37.9975], [-122.00149, 37.99787], [-122.001, 37.99935], [-122.0007, 38.00023]]}}, {"type": "Feature", "properties": {"hw": "secondary"}, "geometry": {"type": "LineString", "coordinates": [[-122.00353, 37.99199], [-122.00335, 37.99219]]}}, {"type": "Feature", "properties": {"hw": "residential"}, "geometry": {"type": "LineString", "coordinates": [[-121.97347, 38.01411], [-121.97338, 38.01414], [-121.97282, 38.01433], [-121.97237, 38.01462], [-121.97204, 38.01477], [-121.97121, 38.01507], [-121.97035, 38.01534]]}}, {"type": "Feature", "properties": {"hw": "residential"}, "geometry": {"type": "LineString", "coordinates": [[-121.97121, 38.01507], [-121.97155, 38.01578], [-121.97159, 38.01586], [-121.97172, 38.01584], [-121.97226, 38.01567], [-121.97247, 38.0156], [-121.9724, 38.01548], [-121.97229, 38.01526], [-121.97204, 38.01477]]}}, {"type": "Feature", "properties": {"hw": "tertiary"}, "geometry": {"type": "LineString", "coordinates": [[-121.9418, 38.02023], [-121.94198, 38.02024]]}}, {"type": "Feature", "properties": {"hw": "tertiary"}, "geometry": {"type": "LineString", "coordinates": [[-121.97087, 38.01276], [-121.97125, 38.01279], [-121.97155, 38.01282], [-121.97174, 38.01285], [-121.97196, 38.01291], [-121.97226, 38.01303], [-121.97245, 38.01314], [-121.97265, 38.01325], [-121.97283, 38.01341], [-121.97304, 38.01359], [-121.97329, 38.01398], [-121.97338, 38.01414], [-121.97368, 38.01487], [-121.97371, 38.01493], [-121.97414, 38.01591], [-121.97472, 38.01725]]}}, {"type": "Feature", "properties": {"hw": "residential"}, "geometry": {"type": "LineString", "coordinates": [[-121.8556, 38.00908], [-121.85566, 38.00891]]}}, {"type": "Feature", "properties": {"hw": "residential"}, "geometry": {"type": "LineString", "coordinates": [[-121.88185, 38.02413], [-121.87969, 38.02353], [-121.87957, 38.02349], [-121.87847, 38.0232], [-121.87755, 38.02295], [-121.87665, 38.0227], [-121.87572, 38.02244], [-121.87479, 38.02219], [-121.87386, 38.02193], [-121.87296, 38.02168], [-121.8725, 38.02154]]}}, {"type": "Feature", "properties": {"hw": "secondary"}, "geometry": {"type": "LineString", "coordinates": [[-121.88105, 38.02691], [-121.88068, 38.02683], [-121.8803, 38.02674], [-121.87989, 38.02664], [-121.87961, 38.02657], [-121.87923, 38.02649], [-121.87861, 38.02634], [-121.87849, 38.02632]]}}, {"type": "Feature", "properties": {"hw": "residential"}, "geometry": {"type": "LineString", "coordinates": [[-121.88434, 38.0277], [-121.88439, 38.02756], [-121.88466, 38.0268], [-121.8847, 38.02669]]}}, {"type": "Feature", "properties": {"hw": "tertiary"}, "geometry": {"type": "LineString", "coordinates": [[-121.88273, 38.02434], [-121.88238, 38.02426]]}}, {"type": "Feature", "properties": {"hw": "residential"}, "geometry": {"type": "LineString", "coordinates": [[-121.87924, 38.02424], [-121.87814, 38.02394], [-121.87724, 38.02369], [-121.87658, 38.02351], [-121.87631, 38.02344], [-121.87612, 38.02339], [-121.87447, 38.02293], [-121.87295, 38.02251], [-121.87274, 38.02245], [-121.87263, 38.02242]]}}, {"type": "Feature", "properties": {"hw": "residential"}, "geometry": {"type": "LineString", "coordinates": [[-121.88308, 38.02741], [-121.88322, 38.02703], [-121.88327, 38.02691], [-121.88336, 38.02666]]}}, {"type": "Feature", "properties": {"hw": "secondary"}, "geometry": {"type": "LineString", "coordinates": [[-121.88308, 38.02741], [-121.88289, 38.02736], [-121.88277, 38.02733], [-121.88258, 38.02728], [-121.88215, 38.02716], [-121.88182, 38.0271], [-121.88133, 38.02698], [-121.88105, 38.02691]]}}, {"type": "Feature", "properties": {"hw": "residential"}, "geometry": {"type": "LineString", "coordinates": [[-121.95568, 38.01648], [-121.95555, 38.01644], [-121.95553, 38.01643], [-121.95529, 38.01637], [-121.95481, 38.01626], [-121.95427, 38.01609], [-121.95372, 38.01592], [-121.95342, 38.01595], [-121.95316, 38.0161], [-121.95299, 38.01638], [-121.95305, 38.0165], [-121.95326, 38.01661], [-121.95359, 38.01673], [-121.9544, 38.01697], [-121.95451, 38.01693], [-121.95457, 38.01692], [-121.95481, 38.01626]]}}, {"type": "Feature", "properties": {"hw": "residential"}, "geometry": {"type": "LineString", "coordinates": [[-121.95637, 38.01462], [-121.9565, 38.01466], [-121.95652, 38.01467], [-121.95673, 38.01473], [-121.95732, 38.01491], [-121.95779, 38.01505], [-121.95795, 38.01508], [-121.95798, 38.01508], [-121.95802, 38.01508], [-121.95809, 38.01508]]}}, {"type": "Feature", "properties": {"hw": "residential"}, "geometry": {"type": "LineString", "coordinates": [[-121.95633, 38.01163], [-121.95665, 38.01166], [-121.95688, 38.01171], [-121.95716, 38.01179], [-121.95731, 38.01184], [-121.95743, 38.01188]]}}, {"type": "Feature", "properties": {"hw": "residential"}, "geometry": {"type": "LineString", "coordinates": [[-121.95837, 38.01282], [-121.95849, 38.01261], [-121.95854, 38.01237], [-121.9585, 38.01218], [-121.95835, 38.01199], [-121.9582, 38.01187]]}}, {"type": "Feature", "properties": {"hw": "residential"}, "geometry": {"type": "LineString", "coordinates": [[-121.95451, 38.02783], [-121.95397, 38.02782]]}}, {"type": "Feature", "properties": {"hw": "residential"}, "geometry": {"type": "LineString", "coordinates": [[-121.911, 38.02949], [-121.91105, 38.02936], [-121.91105, 38.02913], [-121.91106, 38.02895], [-121.91105, 38.02885]]}}, {"type": "Feature", "properties": {"hw": "residential"}, "geometry": {"type": "LineString", "coordinates": [[-121.895, 37.99349], [-121.89506, 37.99349], [-121.89512, 37.99348], [-121.89518, 37.9935], [-121.89526, 37.99355], [-121.8953, 37.9936], [-121.89532, 37.99366], [-121.8953, 37.99371], [-121.89527, 37.99375], [-121.89519, 37.9938], [-121.89508, 37.99383]]}}, {"type": "Feature", "properties": {"hw": "residential"}, "geometry": {"type": "LineString", "coordinates": [[-121.89295, 37.99493], [-121.89312, 37.99527], [-121.89315, 37.99543], [-121.89315, 37.99551], [-121.89307, 37.99589], [-121.89305, 37.99595], [-121.89298, 37.99601]]}}, {"type": "Feature", "properties": {"hw": "residential"}, "geometry": {"type": "LineString", "coordinates": [[-121.86452, 38.00772], [-121.865, 38.00782]]}}, {"type": "Feature", "properties": {"hw": "residential"}, "geometry": {"type": "LineString", "coordinates": [[-121.86439, 38.00812], [-121.86449, 38.00778], [-121.86452, 38.00772], [-121.86455, 38.00766], [-121.86456, 38.00761], [-121.86463, 38.00748], [-121.86473, 38.00732], [-121.86476, 38.00726], [-121.86499, 38.00735]]}}, {"type": "Feature", "properties": {"hw": "residential"}, "geometry": {"type": "LineString", "coordinates": [[-121.86747, 38.00747], [-121.86731, 38.00745], [-121.86721, 38.00746], [-121.86694, 38.00753], [-121.86682, 38.00756], [-121.86659, 38.00762], [-121.86651, 38.00764], [-121.86624, 38.00771], [-121.86616, 38.00773], [-121.86597, 38.00777], [-121.86587, 38.00778], [-121.86575, 38.00779], [-121.86544, 38.00778]]}}, {"type": "Feature", "properties": {"hw": "secondary"}, "geometry": {"type": "LineString", "coordinates": [[-121.87396, 38.00038], [-121.87397, 38.00033], [-121.87401, 38.00013]]}}, {"type": "Feature", "properties": {"hw": "secondary"}, "geometry": {"type": "LineString", "coordinates": [[-121.87401, 38.00013], [-121.87402, 38.00009], [-121.87405, 37.99971]]}}, {"type": "Feature", "properties": {"hw": "secondary"}, "geometry": {"type": "LineString", "coordinates": [[-121.87387, 38.00014], [-121.87381, 38.00039]]}}, {"type": "Feature", "properties": {"hw": "secondary"}, "geometry": {"type": "LineString", "coordinates": [[-121.87287, 38.00282], [-121.87276, 38.00308], [-121.87252, 38.0037], [-121.87241, 38.004], [-121.87231, 38.00427], [-121.87225, 38.00443], [-121.87201, 38.00508], [-121.87198, 38.00516]]}}, {"type": "Feature", "properties": {"hw": "unclassified"}, "geometry": {"type": "LineString", "coordinates": [[-121.88033, 38.01336], [-121.88423, 38.01431]]}}, {"type": "Feature", "properties": {"hw": "residential"}, "geometry": {"type": "LineString", "coordinates": [[-121.88837, 38.01037], [-121.88833, 38.01035], [-121.88831, 38.01033], [-121.88829, 38.0103], [-121.88828, 38.01028], [-121.88828, 38.01025], [-121.88829, 38.01021], [-121.88832, 38.01014], [-121.88836, 38.01005], [-121.88837, 38.01002], [-121.88837, 38.00999], [-121.88837, 38.00997], [-121.88836, 38.00995], [-121.88834, 38.00992], [-121.88832, 38.0099], [-121.88828, 38.00988], [-121.88823, 38.00987], [-121.88816, 38.00985], [-121.88792, 38.00979], [-121.88786, 38.00978], [-121.88783, 38.00977], [-121.88726, 38.00964], [-121.88692, 38.00953]]}}, {"type": "Feature", "properties": {"hw": "residential"}, "geometry": {"type": "LineString", "coordinates": [[-121.88692, 38.00953], [-121.88679, 38.00948]]}}, {"type": "Feature", "properties": {"hw": "residential"}, "geometry": {"type": "LineString", "coordinates": [[-121.892, 38.01034], [-121.89211, 38.01021], [-121.89217, 38.01008], [-121.89219, 38.01004], [-121.89221, 38.01001], [-121.89226, 38.01], [-121.89231, 38.01], [-121.89255, 38.01]]}}, {"type": "Feature", "properties": {"hw": "unclassified"}, "geometry": {"type": "LineString", "coordinates": [[-121.88651, 38.01485], [-121.88681, 38.01492], [-121.88708, 38.01499], [-121.88744, 38.01507], [-121.88792, 38.01519], [-121.88813, 38.01524], [-121.88835, 38.01529], [-121.88851, 38.01533], [-121.88899, 38.01544], [-121.88911, 38.01547], [-121.88922, 38.01549], [-121.88986, 38.01564]]}}, {"type": "Feature", "properties": {"hw": "residential"}, "geometry": {"type": "LineString", "coordinates": [[-121.86544, 38.00778], [-121.86527, 38.00777], [-121.8651, 38.00777], [-121.865, 38.00782]]}}, {"type": "Feature", "properties": {"hw": "residential"}, "geometry": {"type": "LineString", "coordinates": [[-121.90077, 37.9952], [-121.90063, 37.99525]]}}, {"type": "Feature", "properties": {"hw": "secondary"}, "geometry": {"type": "LineString", "coordinates": [[-121.88793, 38.0206], [-121.88784, 38.0208]]}}, {"type": "Feature", "properties": {"hw": "tertiary"}, "geometry": {"type": "LineString", "coordinates": [[-121.99434, 37.9789], [-121.99439, 37.97894], [-121.9968, 37.98071], [-121.99685, 37.98075], [-121.99693, 37.98081], [-121.99841, 37.98193], [-121.99851, 37.98206], [-121.99867, 37.98247], [-121.99892, 37.98306], [-121.99896, 37.98316], [-121.99901, 37.98327], [-121.99951, 37.98448], [-121.99957, 37.98463], [-122.00043, 37.98655], [-122.00053, 37.98668], [-122.00067, 37.98679], [-122.00107, 37.98703], [-122.00116, 37.98709], [-122.00188, 37.98752], [-122.00403, 37.98888], [-122.00422, 37.98906], [-122.00431, 37.98914], [-122.00449, 37.98931], [-122.00454, 37.98935], [-122.00476, 37.98949], [-122.00522, 37.98977]]}}, {"type": "Feature", "properties": {"hw": "tertiary"}, "geometry": {"type": "LineString", "coordinates": [[-121.88331, 38.03344], [-121.88319, 38.03341], [-121.88225, 38.03318], [-121.88219, 38.03316], [-121.88188, 38.03309], [-121.88082, 38.03283], [-121.88078, 38.03282], [-121.88025, 38.03269], [-121.87992, 38.0326], [-121.87966, 38.03254]]}}, {"type": "Feature", "properties": {"hw": "tertiary"}, "geometry": {"type": "LineString", "coordinates": [[-121.88518, 38.03266], [-121.88537, 38.03259], [-121.88566, 38.03249], [-121.88578, 38.03248], [-121.88582, 38.03247], [-121.886, 38.03246], [-121.88621, 38.03248], [-121.88745, 38.03279], [-121.88802, 38.03292], [-121.88869, 38.03309], [-121.88941, 38.03325], [-121.8896, 38.03329], [-121.88984, 38.0333], [-121.89005, 38.0333]]}}, {"type": "Feature", "properties": {"hw": "tertiary"}, "geometry": {"type": "LineString", "coordinates": [[-121.87966, 38.03254], [-121.87876, 38.03233], [-121.87862, 38.0323], [-121.87751, 38.03203], [-121.87696, 38.0319]]}}, {"type": "Feature", "properties": {"hw": "residential"}, "geometry": {"type": "LineString", "coordinates": [[-121.881, 38.03236], [-121.88082, 38.03283], [-121.88078, 38.03294]]}}, {"type": "Feature", "properties": {"hw": "tertiary"}, "geometry": {"type": "LineString", "coordinates": [[-121.89005, 38.03323], [-121.88984, 38.03323], [-121.88962, 38.03321], [-121.88943, 38.03318], [-121.88871, 38.03301], [-121.88804, 38.03285], [-121.88748, 38.03272], [-121.88623, 38.0324], [-121.886, 38.03238], [-121.88581, 38.0324], [-121.88563, 38.03242], [-121.88558, 38.03244], [-121.88533, 38.03252], [-121.88514, 38.03259]]}}, {"type": "Feature", "properties": {"hw": "residential"}, "geometry": {"type": "LineString", "coordinates": [[-121.88368, 38.0319], [-121.88356, 38.03194], [-121.88348, 38.03195], [-121.88334, 38.03195], [-121.88276, 38.0318]]}}, {"type": "Feature", "properties": {"hw": "residential"}, "geometry": {"type": "LineString", "coordinates": [[-121.88614, 38.03824], [-121.88593, 38.03818], [-121.88575, 38.03813]]}}, {"type": "Feature", "properties": {"hw": "residential"}, "geometry": {"type": "LineString", "coordinates": [[-121.88526, 38.03884], [-121.88531, 38.03885], [-121.88571, 38.03894]]}}, {"type": "Feature", "properties": {"hw": "residential"}, "geometry": {"type": "LineString", "coordinates": [[-121.88519, 38.03874], [-121.88515, 38.03873], [-121.8851, 38.03874], [-121.88506, 38.03876], [-121.88503, 38.03879], [-121.88502, 38.03882], [-121.88503, 38.03885], [-121.88504, 38.03888], [-121.88507, 38.0389], [-121.8851, 38.03891], [-121.88513, 38.03892], [-121.88517, 38.03892], [-121.8852, 38.03891], [-121.88523, 38.03889], [-121.88525, 38.03886], [-121.88526, 38.03884], [-121.88526, 38.03881], [-121.88525, 38.03879], [-121.88523, 38.03877], [-121.88521, 38.03875], [-121.88519, 38.03874]]}}, {"type": "Feature", "properties": {"hw": "residential"}, "geometry": {"type": "LineString", "coordinates": [[-121.88593, 38.03818], [-121.88576, 38.03859], [-121.88574, 38.03865], [-121.88573, 38.0387], [-121.88574, 38.03874], [-121.88578, 38.03877], [-121.88583, 38.03877], [-121.88587, 38.03877], [-121.88591, 38.03873], [-121.886, 38.03851], [-121.88614, 38.03824]]}}, {"type": "Feature", "properties": {"hw": "residential"}, "geometry": {"type": "LineString", "coordinates": [[-121.88523, 38.03864], [-121.88528, 38.03851], [-121.88546, 38.03807], [-121.88556, 38.0378], [-121.88557, 38.03777], [-121.8856, 38.0377]]}}, {"type": "Feature", "properties": {"hw": "residential"}, "geometry": {"type": "LineString", "coordinates": [[-121.88822, 38.03868], [-121.88828, 38.03868], [-121.88833, 38.03866], [-121.88836, 38.03863], [-121.88836, 38.03859], [-121.88835, 38.03855], [-121.88833, 38.03853], [-121.88831, 38.03851], [-121.88827, 38.0385], [-121.88824, 38.0385], [-121.8882, 38.03851], [-121.88816, 38.03854], [-121.88814, 38.03857], [-121.88814, 38.03863], [-121.88816, 38.03865], [-121.8882, 38.03867], [-121.88822, 38.03868]]}}, {"type": "Feature", "properties": {"hw": "residential"}, "geometry": {"type": "LineString", "coordinates": [[-121.88458, 38.03489], [-121.8846, 38.03491], [-121.88463, 38.03492], [-121.88467, 38.03492], [-121.8847, 38.03491], [-121.88472, 38.03489], [-121.88473, 38.03487], [-121.88473, 38.03486], [-121.88473, 38.03483], [-121.88471, 38.03481], [-121.88468, 38.0348], [-121.88465, 38.0348], [-121.88462, 38.0348], [-121.88459, 38.03482], [-121.88458, 38.03484], [-121.88457, 38.03487], [-121.88458, 38.03489]]}}, {"type": "Feature", "properties": {"hw": "residential"}, "geometry": {"type": "LineString", "coordinates": [[-121.89005, 38.0333], [-121.89006, 38.03339], [-121.89006, 38.03366], [-121.89005, 38.03382], [-121.89004, 38.03387], [-121.89001, 38.03399], [-121.88987, 38.03439], [-121.88928, 38.03595], [-121.88866, 38.03754], [-121.88851, 38.03793], [-121.88827, 38.0385]]}}, {"type": "Feature", "properties": {"hw": "residential"}, "geometry": {"type": "LineString", "coordinates": [[-121.88472, 38.03489], [-121.88487, 38.03493], [-121.88529, 38.03506], [-121.88568, 38.03519], [-121.88593, 38.03525], [-121.88614, 38.03527], [-121.88651, 38.03533], [-121.88697, 38.03545], [-121.88717, 38.03553]]}}, {"type": "Feature", "properties": {"hw": "residential"}, "geometry": {"type": "LineString", "coordinates": [[-121.88728, 38.03564], [-121.88723, 38.03591], [-121.88711, 38.03616], [-121.88704, 38.03637], [-121.88693, 38.03668], [-121.8869, 38.03677], [-121.88685, 38.0369], [-121.88672, 38.03717], [-121.88663, 38.0374], [-121.88654, 38.03767], [-121.88643, 38.0379]]}}, {"type": "Feature", "properties": {"hw": "residential"}, "geometry": {"type": "LineString", "coordinates": [[-121.88177, 38.02893], [-121.88165, 38.02927], [-121.88165, 38.02935]]}}, {"type": "Feature", "properties": {"hw": "residential"}, "geometry": {"type": "LineString", "coordinates": [[-121.88132, 38.02881], [-121.88177, 38.02893], [-121.88183, 38.02895]]}}, {"type": "Feature", "properties": {"hw": "residential"}, "geometry": {"type": "LineString", "coordinates": [[-121.88183, 38.02895], [-121.88243, 38.02909], [-121.8837, 38.02938]]}}, {"type": "Feature", "properties": {"hw": "residential"}, "geometry": {"type": "LineString", "coordinates": [[-121.88454, 38.02959], [-121.88442, 38.02956], [-121.88438, 38.02955], [-121.8837, 38.02938]]}}, {"type": "Feature", "properties": {"hw": "residential"}, "geometry": {"type": "LineString", "coordinates": [[-121.89082, 38.03085], [-121.89078, 38.03083], [-121.89071, 38.03082], [-121.88965, 38.0306], [-121.88839, 38.03031], [-121.88714, 38.03002], [-121.88592, 38.02972]]}}, {"type": "Feature", "properties": {"hw": "residential"}, "geometry": {"type": "LineString", "coordinates": [[-121.88592, 38.02972], [-121.88475, 38.02944], [-121.88471, 38.02943], [-121.88462, 38.02941]]}}, {"type": "Feature", "properties": {"hw": "residential"}, "geometry": {"type": "LineString", "coordinates": [[-121.88381, 38.0291], [-121.88254, 38.0288], [-121.88129, 38.0285], [-121.88125, 38.02849], [-121.87865, 38.02784], [-121.87853, 38.02781], [-121.8784, 38.02779]]}}, {"type": "Feature", "properties": {"hw": "residential"}, "geometry": {"type": "LineString", "coordinates": [[-121.88165, 38.02935], [-121.88154, 38.02963], [-121.88147, 38.02983], [-121.8814, 38.03003], [-121.88137, 38.03011], [-121.88134, 38.03019], [-121.88133, 38.03029], [-121.88135, 38.03037], [-121.88147, 38.03075]]}}, {"type": "Feature", "properties": {"hw": "unclassified"}, "geometry": {"type": "LineString", "coordinates": [[-121.87696, 38.0319], [-121.87508, 38.03142], [-121.87439, 38.03126]]}}, {"type": "Feature", "properties": {"hw": "tertiary"}, "geometry": {"type": "LineString", "coordinates": [[-121.8856, 38.0377], [-121.88542, 38.03765], [-121.88535, 38.03761], [-121.88528, 38.03757], [-121.88519, 38.0375], [-121.88513, 38.03741], [-121.88461, 38.03671], [-121.8845, 38.03657], [-121.88438, 38.03641], [-121.8842, 38.03616], [-121.88385, 38.03569], [-121.8838, 38.03558], [-121.88377, 38.0355], [-121.88376, 38.03543], [-121.88377, 38.03532], [-121.8838, 38.03525], [-121.88391, 38.03494], [-121.884, 38.03471], [-121.88408, 38.0345], [-121.88411, 38.03444], [-121.88418, 38.03425], [-121.88425, 38.03406], [-121.88432, 38.03388], [-121.88435, 38.03378]]}}, {"type": "Feature", "properties": {"hw": "residential"}, "geometry": {"type": "LineString", "coordinates": [[-121.99946, 38.01436], [-121.99956, 38.0143], [-121.9998, 38.0142], [-122.00002, 38.01411], [-122.00025, 38.01405], [-122.0005, 38.01401], [-122.0009, 38.01394], [-122.00157, 38.01384], [-122.00221, 38.01374], [-122.00291, 38.01364], [-122.00352, 38.01354]]}}, {"type": "Feature", "properties": {"hw": "tertiary"}, "geometry": {"type": "LineString", "coordinates": [[-121.97666, 38.04123], [-121.97883, 38.04124], [-121.97948, 38.04124], [-121.98462, 38.04125], [-121.98735, 38.04126]]}}, {"type": "Feature", "properties": {"hw": "unclassified"}, "geometry": {"type": "LineString", "coordinates": [[-121.99448, 38.04128], [-121.99603, 38.04128], [-121.99606, 38.04128], [-122.003, 38.04132], [-122.00657, 38.04136], [-122.01335, 38.04133], [-122.0155, 38.04133], [-122.01656, 38.04132], [-122.01773, 38.04132], [-122.02062, 38.04135], [-122.02069, 38.04135], [-122.02144, 38.04135], [-122.02311, 38.04134], [-122.02463, 38.04134], [-122.02665, 38.04133], [-122.02744, 38.04133], [-122.02808, 38.04133], [-122.02826, 38.04131], [-122.0285, 38.04129], [-122.02887, 38.04119], [-122.0293, 38.04103], [-122.02956, 38.04087], [-122.02966, 38.0408], [-122.02985, 38.04069], [-122.02994, 38.04072], [-122.0301, 38.04077]]}}, {"type": "Feature", "properties": {"hw": "tertiary"}, "geometry": {"type": "LineString", "coordinates": [[-121.89053, 38.03189], [-121.89025, 38.03262], [-121.89022, 38.03271]]}}, {"type": "Feature", "properties": {"hw": "unclassified"}, "geometry": {"type": "LineString", "coordinates": [[-121.8901, 38.01888], [-121.89013, 38.0188], [-121.89014, 38.01876], [-121.89016, 38.01873], [-121.89018, 38.01866], [-121.89019, 38.01865], [-121.89022, 38.01859], [-121.89027, 38.01856], [-121.89035, 38.01853], [-121.89048, 38.0185], [-121.89053, 38.01849], [-121.89094, 38.01839], [-121.89108, 38.01836], [-121.89122, 38.01833], [-121.89163, 38.01824], [-121.89188, 38.01822], [-121.89193, 38.01822]]}}, {"type": "Feature", "properties": {"hw": "unclassified"}, "geometry": {"type": "LineString", "coordinates": [[-121.88886, 38.01859], [-121.88902, 38.01862], [-121.88903, 38.01863], [-121.88932, 38.0187], [-121.8896, 38.01876]]}}, {"type": "Feature", "properties": {"hw": "unclassified"}, "geometry": {"type": "LineString", "coordinates": [[-121.89013, 38.0188], [-121.89005, 38.01879], [-121.88957, 38.01868]]}}, {"type": "Feature", "properties": {"hw": "residential"}, "geometry": {"type": "LineString", "coordinates": [[-121.88716, 38.03553], [-121.88715, 38.03556], [-121.88715, 38.03557], [-121.88715, 38.03558], [-121.88716, 38.0356], [-121.88717, 38.03562], [-121.88719, 38.03564], [-121.88722, 38.03565], [-121.88724, 38.03565], [-121.88725, 38.03565], [-121.88728, 38.03564], [-121.88728, 38.03564], [-121.8873, 38.03563], [-121.88731, 38.03562], [-121.88732, 38.03561], [-121.88733, 38.03559], [-121.88733, 38.03557], [-121.88732, 38.03554], [-121.8873, 38.03552], [-121.88728, 38.03551], [-121.88725, 38.0355], [-121.88722, 38.03551], [-121.88721, 38.03551], [-121.88719, 38.03552], [-121.88717, 38.03553], [-121.88716, 38.03553]]}}, {"type": "Feature", "properties": {"hw": "residential"}, "geometry": {"type": "LineString", "coordinates": [[-121.91494, 38.0228], [-121.91496, 38.02075]]}}, {"type": "Feature", "properties": {"hw": "residential"}, "geometry": {"type": "LineString", "coordinates": [[-121.84744, 37.99976], [-121.84736, 37.99995], [-121.84728, 38.00014], [-121.84722, 38.00031]]}}, {"type": "Feature", "properties": {"hw": "residential"}, "geometry": {"type": "LineString", "coordinates": [[-121.84584, 38.00067], [-121.84556, 38.00048]]}}, {"type": "Feature", "properties": {"hw": "residential"}, "geometry": {"type": "LineString", "coordinates": [[-121.84722, 38.00031], [-121.84712, 38.00033], [-121.84649, 38.00018]]}}, {"type": "Feature", "properties": {"hw": "residential"}, "geometry": {"type": "LineString", "coordinates": [[-121.84649, 38.00018], [-121.84642, 38.00021], [-121.8459, 38.00067], [-121.84584, 38.00067]]}}, {"type": "Feature", "properties": {"hw": "unclassified"}, "geometry": {"type": "LineString", "coordinates": [[-121.85, 38.00874], [-121.84979, 38.00919], [-121.84976, 38.00926], [-121.84942, 38.00988]]}}, {"type": "Feature", "properties": {"hw": "unclassified"}, "geometry": {"type": "LineString", "coordinates": [[-121.84548, 38.0075], [-121.84582, 38.00759], [-121.8472, 38.00797], [-121.8485, 38.00833], [-121.84885, 38.00843], [-121.85, 38.00874], [-121.85142, 38.00913]]}}, {"type": "Feature", "properties": {"hw": "secondary"}, "geometry": {"type": "LineString", "coordinates": [[-121.95186, 38.01653], [-121.95194, 38.01664], [-121.95229, 38.01685], [-121.95246, 38.01696], [-121.95339, 38.01736], [-121.9538, 38.0175]]}}, {"type": "Feature", "properties": {"hw": "secondary"}, "geometry": {"type": "LineString", "coordinates": [[-121.95515, 38.01773], [-121.95505, 38.0177], [-121.95463, 38.01762], [-121.95441, 38.01756], [-121.95405, 38.01746], [-121.95367, 38.01733], [-121.95329, 38.01719], [-121.95272, 38.01693], [-121.9522, 38.01665], [-121.95202, 38.01655], [-121.95186, 38.01653]]}}, {"type": "Feature", "properties": {"hw": "secondary"}, "geometry": {"type": "LineString", "coordinates": [[-121.86712, 38.01273], [-121.86678, 38.0126], [-121.86658, 38.0125], [-121.86639, 38.01239], [-121.86636, 38.01238], [-121.86617, 38.01229]]}}, {"type": "Feature", "properties": {"hw": "secondary"}, "geometry": {"type": "LineString", "coordinates": [[-121.86594, 38.01236], [-121.86614, 38.01245], [-121.86618, 38.01247], [-121.86644, 38.0126], [-121.86666, 38.01271], [-121.86708, 38.01287], [-121.86729, 38.01294], [-121.86754, 38.013], [-121.86772, 38.01303]]}}, {"type": "Feature", "properties": {"hw": "secondary"}, "geometry": {"type": "LineString", "coordinates": [[-121.86567, 38.01224], [-121.86492, 38.01247]]}}, {"type": "Feature", "properties": {"hw": "secondary"}, "geometry": {"type": "LineString", "coordinates": [[-121.86363, 38.01294], [-121.86392, 38.01292], [-121.86446, 38.01276]]}}, {"type": "Feature", "properties": {"hw": "residential"}, "geometry": {"type": "LineString", "coordinates": [[-121.86341, 38.01131], [-121.8635, 38.01137], [-121.86405, 38.01152], [-121.86441, 38.01162], [-121.86464, 38.01168], [-121.86491, 38.01175], [-121.86499, 38.01177], [-121.86535, 38.01201], [-121.86552, 38.01213], [-121.86567, 38.01224]]}}, {"type": "Feature", "properties": {"hw": "residential"}, "geometry": {"type": "LineString", "coordinates": [[-121.8659, 38.01217], [-121.8657, 38.01205], [-121.86545, 38.0119], [-121.86503, 38.01168], [-121.86408, 38.01144], [-121.86353, 38.01131], [-121.86341, 38.01131]]}}, {"type": "Feature", "properties": {"hw": "residential"}, "geometry": {"type": "LineString", "coordinates": [[-121.85654, 38.01215], [-121.85664, 38.01178], [-121.85674, 38.01149], [-121.85684, 38.01117], [-121.85687, 38.01099], [-121.85716, 38.01023], [-121.85723, 38.01003], [-121.85729, 38.00992], [-121.85736, 38.00988], [-121.85744, 38.00984], [-121.85753, 38.00982], [-121.85767, 38.00981], [-121.85776, 38.00982], [-121.85786, 38.00986], [-121.85811, 38.00992], [-121.85833, 38.00998], [-121.85854, 38.01004], [-121.85878, 38.01011], [-121.85895, 38.01016], [-121.85917, 38.01021], [-121.85941, 38.01028], [-121.85963, 38.01033], [-121.85985, 38.01039], [-121.86004, 38.01044], [-121.8602, 38.01048], [-121.8604, 38.01053], [-121.86062, 38.01058], [-121.86082, 38.01064], [-121.86094, 38.01067], [-121.86103, 38.01069], [-121.86122, 38.01075], [-121.86144, 38.01081], [-121.86165, 38.01087], [-121.86186, 38.01092], [-121.86205, 38.01098], [-121.86215, 38.01101], [-121.86341, 38.01131]]}}, {"type": "Feature", "properties": {"hw": "residential"}, "geometry": {"type": "LineString", "coordinates": [[-121.86375, 38.0082], [-121.86367, 38.00834], [-121.86357, 38.00851], [-121.86351, 38.00856], [-121.86344, 38.00861], [-121.8629, 38.00951], [-121.86275, 38.00976], [-121.86237, 38.01036], [-121.86186, 38.01024], [-121.86104, 38.01003], [-121.86108, 38.00991], [-121.86132, 38.00931], [-121.86144, 38.009], [-121.86155, 38.00873], [-121.86167, 38.00841], [-121.86171, 38.00838], [-121.86246, 38.00834], [-121.86257, 38.00835], [-121.8627, 38.00836], [-121.86351, 38.00856]]}}, {"type": "Feature", "properties": {"hw": "residential"}, "geometry": {"type": "LineString", "coordinates": [[-121.86262, 38.00797], [-121.86257, 38.00804], [-121.86253, 38.00826], [-121.86257, 38.00835], [-121.86262, 38.00827], [-121.86266, 38.00804], [-121.86262, 38.00797]]}}, {"type": "Feature", "properties": {"hw": "residential"}, "geometry": {"type": "LineString", "coordinates": [[-121.8629, 38.00951], [-121.86255, 38.00936], [-121.86244, 38.00932], [-121.8623, 38.00923], [-121.86225, 38.00922], [-121.86192, 38.00912], [-121.86144, 38.009]]}}, {"type": "Feature", "properties": {"hw": "residential"}, "geometry": {"type": "LineString", "coordinates": [[-121.97282, 38.01433], [-121.97277, 38.01423], [-121.97258, 38.01394], [-121.97236, 38.01367], [-121.9721, 38.0135], [-121.97191, 38.01341], [-121.97164, 38.01332], [-121.9713, 38.01329]]}}, {"type": "Feature", "properties": {"hw": "residential"}, "geometry": {"type": "LineString", "coordinates": [[-121.9678, 38.01629], [-121.96867, 38.01605], [-121.96958, 38.01585]]}}, {"type": "Feature", "properties": {"hw": "residential"}, "geometry": {"type": "LineString", "coordinates": [[-121.96728, 38.01482], [-121.96673, 38.01486], [-121.96633, 38.01492]]}}, {"type": "Feature", "properties": {"hw": "residential"}, "geometry": {"type": "LineString", "coordinates": [[-121.97469, 38.01577], [-121.97424, 38.01588], [-121.97414, 38.01591], [-121.97356, 38.01608], [-121.97285, 38.01626], [-121.972, 38.01649], [-121.97136, 38.01666], [-121.97104, 38.0168], [-121.97055, 38.01708], [-121.96972, 38.0176], [-121.96954, 38.01771]]}}, {"type": "Feature", "properties": {"hw": "residential"}, "geometry": {"type": "LineString", "coordinates": [[-121.97469, 38.01868], [-121.97403, 38.01895], [-121.97357, 38.01908], [-121.97337, 38.01909], [-121.97317, 38.01907], [-121.97281, 38.01893], [-121.97187, 38.0186], [-121.97095, 38.01825], [-121.97055, 38.01813], [-121.97022, 38.018], [-121.96999, 38.01786], [-121.96972, 38.0176]]}}, {"type": "Feature", "properties": {"hw": "residential"}, "geometry": {"type": "LineString", "coordinates": [[-121.97384, 38.01675], [-121.97334, 38.01689], [-121.97262, 38.01707], [-121.972, 38.01724], [-121.97167, 38.01735], [-121.97152, 38.01742], [-121.9714, 38.01752], [-121.97126, 38.01766], [-121.97095, 38.01825]]}}, {"type": "Feature", "properties": {"hw": "residential"}, "geometry": {"type": "LineString", "coordinates": [[-121.97747, 38.01672], [-121.97735, 38.01672], [-121.9772, 38.01675], [-121.97598, 38.01702], [-121.97578, 38.01706], [-121.97546, 38.01706], [-121.97528, 38.0171], [-121.97482, 38.01722], [-121.97472, 38.01725], [-121.97412, 38.0174], [-121.97245, 38.01787], [-121.97235, 38.01792], [-121.97225, 38.01801], [-121.97216, 38.01809], [-121.97187, 38.0186]]}}, {"type": "Feature", "properties": {"hw": "residential"}, "geometry": {"type": "LineString", "coordinates": [[-121.97445, 38.0181], [-121.97409, 38.0182], [-121.97331, 38.01841], [-121.97317, 38.01848], [-121.97309, 38.01854], [-121.973, 38.01862], [-121.97281, 38.01893]]}}, {"type": "Feature", "properties": {"hw": "unclassified"}, "geometry": {"type": "LineString", "coordinates": [[-121.8889, 38.01851], [-121.88874, 38.01847]]}}, {"type": "Feature", "properties": {"hw": "unclassified"}, "geometry": {"type": "LineString", "coordinates": [[-121.88957, 38.01868], [-121.88905, 38.01854], [-121.8889, 38.01851]]}}, {"type": "Feature", "properties": {"hw": "unclassified"}, "geometry": {"type": "LineString", "coordinates": [[-121.8896, 38.01876], [-121.89004, 38.01887], [-121.8901, 38.01888]]}}, {"type": "Feature", "properties": {"hw": "tertiary"}, "geometry": {"type": "LineString", "coordinates": [[-121.8856, 38.02504], [-121.88539, 38.02499], [-121.88517, 38.02494], [-121.8846, 38.0248]]}}, {"type": "Feature", "properties": {"hw": "tertiary"}, "geometry": {"type": "LineString", "coordinates": [[-121.88584, 38.02511], [-121.8856, 38.02504]]}}, {"type": "Feature", "properties": {"hw": "tertiary"}, "geometry": {"type": "LineString", "coordinates": [[-121.88654, 38.02527], [-121.8864, 38.02524]]}}, {"type": "Feature", "properties": {"hw": "tertiary"}, "geometry": {"type": "LineString", "coordinates": [[-121.8846, 38.0248], [-121.88418, 38.02471]]}}, {"type": "Feature", "properties": {"hw": "tertiary"}, "geometry": {"type": "LineString", "coordinates": [[-121.88418, 38.02471], [-121.88339, 38.0245], [-121.88334, 38.02449], [-121.88285, 38.02437], [-121.88278, 38.02436], [-121.88273, 38.02434]]}}, {"type": "Feature", "properties": {"hw": "tertiary"}, "geometry": {"type": "LineString", "coordinates": [[-121.88238, 38.02426], [-121.88185, 38.02413]]}}, {"type": "Feature", "properties": {"hw": "tertiary"}, "geometry": {"type": "LineString", "coordinates": [[-121.8864, 38.02524], [-121.8863, 38.02521], [-121.88619, 38.02519], [-121.8861, 38.02517], [-121.88584, 38.02511]]}}, {"type": "Feature", "properties": {"hw": "secondary"}, "geometry": {"type": "LineString", "coordinates": [[-121.88332, 38.02746], [-121.88308, 38.02741]]}}, {"type": "Feature", "properties": {"hw": "secondary"}, "geometry": {"type": "LineString", "coordinates": [[-121.8847, 38.0278], [-121.88434, 38.0277]]}}, {"type": "Feature", "properties": {"hw": "secondary"}, "geometry": {"type": "LineString", "coordinates": [[-121.88405, 38.02764], [-121.88332, 38.02746]]}}, {"type": "Feature", "properties": {"hw": "secondary"}, "geometry": {"type": "LineString", "coordinates": [[-121.88516, 38.02792], [-121.88502, 38.02788], [-121.88493, 38.02786]]}}, {"type": "Feature", "properties": {"hw": "secondary"}, "geometry": {"type": "LineString", "coordinates": [[-121.88434, 38.0277], [-121.88405, 38.02764]]}}, {"type": "Feature", "properties": {"hw": "secondary"}, "geometry": {"type": "LineString", "coordinates": [[-121.88516, 38.02792], [-121.88531, 38.02799], [-121.88538, 38.02801], [-121.8857, 38.02809], [-121.88646, 38.02829]]}}, {"type": "Feature", "properties": {"hw": "secondary"}, "geometry": {"type": "LineString", "coordinates": [[-121.88619, 38.02815], [-121.88587, 38.02806], [-121.88561, 38.028]]}}, {"type": "Feature", "properties": {"hw": "tertiary"}, "geometry": {"type": "LineString", "coordinates": [[-121.88326, 38.01519], [-121.88339, 38.01501]]}}, {"type": "Feature", "properties": {"hw": "tertiary"}, "geometry": {"type": "LineString", "coordinates": [[-121.88273, 38.01592], [-121.88287, 38.01573]]}}, {"type": "Feature", "properties": {"hw": "tertiary"}, "geometry": {"type": "LineString", "coordinates": [[-121.88304, 38.01529], [-121.88274, 38.0157]]}}, {"type": "Feature", "properties": {"hw": "tertiary"}, "geometry": {"type": "LineString", "coordinates": [[-121.8847, 38.01401], [-121.88423, 38.01431]]}}, {"type": "Feature", "properties": {"hw": "tertiary"}, "geometry": {"type": "LineString", "coordinates": [[-121.88438, 38.01434], [-121.88477, 38.01408]]}}, {"type": "Feature", "properties": {"hw": "tertiary"}, "geometry": {"type": "LineString", "coordinates": [[-121.88274, 38.0157], [-121.8826, 38.01589]]}}, {"type": "Feature", "properties": {"hw": "tertiary"}, "geometry": {"type": "LineString", "coordinates": [[-121.88239, 38.01669], [-121.88255, 38.0163], [-121.88267, 38.01605], [-121.88273, 38.01592]]}}, {"type": "Feature", "properties": {"hw": "tertiary"}, "geometry": {"type": "LineString", "coordinates": [[-121.88366, 38.01477], [-121.88402, 38.01454], [-121.88438, 38.01434]]}}, {"type": "Feature", "properties": {"hw": "tertiary"}, "geometry": {"type": "LineString", "coordinates": [[-121.88498, 38.01368], [-121.88483, 38.01386], [-121.8847, 38.01401]]}}, {"type": "Feature", "properties": {"hw": "tertiary"}, "geometry": {"type": "LineString", "coordinates": [[-121.88477, 38.01408], [-121.88494, 38.01393], [-121.88512, 38.01372]]}}, {"type": "Feature", "properties": {"hw": "tertiary"}, "geometry": {"type": "LineString", "coordinates": [[-121.88346, 38.01493], [-121.8835, 38.01489], [-121.88366, 38.01477]]}}, {"type": "Feature", "properties": {"hw": "tertiary"}, "geometry": {"type": "LineString", "coordinates": [[-121.88423, 38.01431], [-121.88386, 38.01451], [-121.88352, 38.01474], [-121.88336, 38.01488], [-121.88326, 38.01498]]}}, {"type": "Feature", "properties": {"hw": "tertiary"}, "geometry": {"type": "LineString", "coordinates": [[-121.88681, 38.02257], [-121.88675, 38.02262], [-121.88673, 38.02266], [-121.88671, 38.02271], [-121.88672, 38.02278], [-121.88686, 38.02303], [-121.88689, 38.02311], [-121.8869, 38.02318], [-121.8869, 38.02323], [-121.88689, 38.02327], [-121.88689, 38.02328], [-121.88689, 38.0233], [-121.88686, 38.02338], [-121.88684, 38.02343], [-121.88682, 38.0235], [-121.88682, 38.02356], [-121.88684, 38.0236], [-121.88686, 38.02363], [-121.88689, 38.02365], [-121.8873, 38.02379], [-121.88782, 38.02392]]}}, {"type": "Feature", "properties": {"hw": "tertiary"}, "geometry": {"type": "LineString", "coordinates": [[-121.88782, 38.02392], [-121.88803, 38.02396], [-121.88817, 38.024]]}}, {"type": "Feature", "properties": {"hw": "tertiary"}, "geometry": {"type": "LineString", "coordinates": [[-121.89565, 38.02492], [-121.89655, 38.025], [-121.89746, 38.02508], [-121.89793, 38.02512]]}}, {"type": "Feature", "properties": {"hw": "tertiary"}, "geometry": {"type": "LineString", "coordinates": [[-121.88817, 38.024], [-121.88857, 38.02409]]}}, {"type": "Feature", "properties": {"hw": "tertiary"}, "geometry": {"type": "LineString", "coordinates": [[-121.89108, 38.0245], [-121.89198, 38.02459], [-121.8929, 38.02467], [-121.89382, 38.02475], [-121.89474, 38.02483], [-121.89565, 38.02492]]}}, {"type": "Feature", "properties": {"hw": "tertiary"}, "geometry": {"type": "LineString", "coordinates": [[-121.9038, 38.02156], [-121.90367, 38.02147], [-121.90354, 38.02137], [-121.90304, 38.02099]]}}, {"type": "Feature", "properties": {"hw": "tertiary"}, "geometry": {"type": "LineString", "coordinates": [[-121.90263, 38.02078], [-121.90297, 38.02105]]}}, {"type": "Feature", "properties": {"hw": "tertiary"}, "geometry": {"type": "LineString", "coordinates": [[-121.90046, 38.02008], [-121.90089, 38.02016], [-121.90117, 38.0202]]}}, {"type": "Feature", "properties": {"hw": "tertiary"}, "geometry": {"type": "LineString", "coordinates": [[-121.90297, 38.02105], [-121.90358, 38.02153], [-121.90371, 38.02163]]}}, {"type": "Feature", "properties": {"hw": "tertiary"}, "geometry": {"type": "LineString", "coordinates": [[-121.90154, 38.02026], [-121.90164, 38.02028], [-121.90181, 38.02034]]}}, {"type": "Feature", "properties": {"hw": "tertiary"}, "geometry": {"type": "LineString", "coordinates": [[-121.90181, 38.02034], [-121.90184, 38.02035], [-121.90209, 38.02046], [-121.90235, 38.0206], [-121.90263, 38.02078]]}}, {"type": "Feature", "properties": {"hw": "tertiary"}, "geometry": {"type": "LineString", "coordinates": [[-121.90371, 38.02163], [-121.90393, 38.02177], [-121.90403, 38.02184], [-121.90427, 38.02196], [-121.90459, 38.02209], [-121.90499, 38.02221]]}}, {"type": "Feature", "properties": {"hw": "secondary"}, "geometry": {"type": "LineString", "coordinates": [[-121.88654, 38.02527], [-121.88658, 38.02517], [-121.88665, 38.025], [-121.88689, 38.02436]]}}, {"type": "Feature", "properties": {"hw": "secondary"}, "geometry": {"type": "LineString", "coordinates": [[-121.88634, 38.02576], [-121.8865, 38.02538], [-121.88654, 38.02527]]}}, {"type": "Feature", "properties": {"hw": "secondary"}, "geometry": {"type": "LineString", "coordinates": [[-121.90655, 38.01629], [-121.9068, 38.01622], [-121.90994, 38.0153], [-121.9101, 38.01525], [-121.91054, 38.01507], [-121.91077, 38.01498], [-121.911, 38.01487], [-121.91131, 38.01472], [-121.91143, 38.01464], [-121.91154, 38.01457], [-121.91201, 38.01426]]}}, {"type": "Feature", "properties": {"hw": "secondary"}, "geometry": {"type": "LineString", "coordinates": [[-121.90568, 38.01635], [-121.90608, 38.01635]]}}, {"type": "Feature", "properties": {"hw": "secondary"}, "geometry": {"type": "LineString", "coordinates": [[-121.89653, 38.01373], [-121.89676, 38.01398], [-121.8968, 38.01403]]}}, {"type": "Feature", "properties": {"hw": "secondary"}, "geometry": {"type": "LineString", "coordinates": [[-121.89442, 38.01299], [-121.89457, 38.01302], [-121.8954, 38.01322], [-121.89589, 38.01333], [-121.89601, 38.01336]]}}, {"type": "Feature", "properties": {"hw": "secondary"}, "geometry": {"type": "LineString", "coordinates": [[-121.89601, 38.01336], [-121.89614, 38.01342], [-121.89634, 38.01356], [-121.89637, 38.01359], [-121.89653, 38.01373]]}}, {"type": "Feature", "properties": {"hw": "tertiary"}, "geometry": {"type": "LineString", "coordinates": [[-121.89852, 38.02518], [-121.89916, 38.02524]]}}, {"type": "Feature", "properties": {"hw": "tertiary"}, "geometry": {"type": "LineString", "coordinates": [[-121.90287, 38.02557], [-121.90342, 38.02561]]}}, {"type": "Feature", "properties": {"hw": "tertiary"}, "geometry": {"type": "LineString", "coordinates": [[-121.89793, 38.02512], [-121.89852, 38.02518]]}}, {"type": "Feature", "properties": {"hw": "tertiary"}, "geometry": {"type": "LineString", "coordinates": [[-121.90241, 38.02553], [-121.90287, 38.02557]]}}, {"type": "Feature", "properties": {"hw": "tertiary"}, "geometry": {"type": "LineString", "coordinates": [[-121.89916, 38.02524], [-121.89995, 38.02531], [-121.90148, 38.02545], [-121.90171, 38.02547], [-121.90241, 38.02553]]}}, {"type": "Feature", "properties": {"hw": "secondary"}, "geometry": {"type": "LineString", "coordinates": [[-121.88774, 38.02148], [-121.8879, 38.02106]]}}, {"type": "Feature", "properties": {"hw": "secondary"}, "geometry": {"type": "LineString", "coordinates": [[-121.88837, 38.01982], [-121.88849, 38.0195]]}}, {"type": "Feature", "properties": {"hw": "secondary"}, "geometry": {"type": "LineString", "coordinates": [[-121.8879, 38.02106], [-121.88796, 38.0209], [-121.88797, 38.02088], [-121.88799, 38.02084]]}}, {"type": "Feature", "properties": {"hw": "secondary"}, "geometry": {"type": "LineString", "coordinates": [[-121.8889, 38.01851], [-121.88892, 38.01846], [-121.889, 38.0183]]}}, {"type": "Feature", "properties": {"hw": "secondary"}, "geometry": {"type": "LineString", "coordinates": [[-121.88759, 38.02187], [-121.88761, 38.02182], [-121.88774, 38.02148]]}}, {"type": "Feature", "properties": {"hw": "tertiary"}, "geometry": {"type": "LineString", "coordinates": [[-121.88485, 38.0288], [-121.88489, 38.02869], [-121.88502, 38.0283]]}}, {"type": "Feature", "properties": {"hw": "secondary"}, "geometry": {"type": "LineString", "coordinates": [[-121.8868, 38.02433], [-121.88658, 38.02482]]}}, {"type": "Feature", "properties": {"hw": "secondary"}, "geometry": {"type": "LineString", "coordinates": [[-121.88658, 38.02482], [-121.88648, 38.02506], [-121.88645, 38.02513], [-121.8864, 38.02524]]}}, {"type": "Feature", "properties": {"hw": "secondary"}, "geometry": {"type": "LineString", "coordinates": [[-121.88815, 38.02002], [-121.88809, 38.02018], [-121.88798, 38.02045], [-121.88793, 38.0206]]}}, {"type": "Feature", "properties": {"hw": "tertiary"}, "geometry": {"type": "LineString", "coordinates": [[-121.88467, 38.02929], [-121.88475, 38.02907], [-121.88476, 38.02903], [-121.88485, 38.0288]]}}, {"type": "Feature", "properties": {"hw": "secondary"}, "geometry": {"type": "LineString", "coordinates": [[-121.88907, 38.01816], [-121.88917, 38.01794], [-121.88933, 38.0176], [-121.88936, 38.01752]]}}, {"type": "Feature", "properties": {"hw": "secondary"}, "geometry": {"type": "LineString", "coordinates": [[-121.88919, 38.01747], [-121.88915, 38.01758], [-121.88902, 38.01788]]}}, {"type": "Feature", "properties": {"hw": "tertiary"}, "geometry": {"type": "LineString", "coordinates": [[-121.88502, 38.0283], [-121.88512, 38.02802], [-121.88516, 38.02792]]}}, {"type": "Feature", "properties": {"hw": "secondary"}, "geometry": {"type": "LineString", "coordinates": [[-121.88805, 38.02068], [-121.88809, 38.02057]]}}, {"type": "Feature", "properties": {"hw": "secondary"}, "geometry": {"type": "LineString", "coordinates": [[-121.8887, 38.01855], [-121.88867, 38.01861], [-121.88856, 38.01891]]}}, {"type": "Feature", "properties": {"hw": "secondary"}, "geometry": {"type": "LineString", "coordinates": [[-121.88902, 38.01788], [-121.88876, 38.01842], [-121.88874, 38.01847]]}}, {"type": "Feature", "properties": {"hw": "secondary"}, "geometry": {"type": "LineString", "coordinates": [[-121.8864, 38.02524], [-121.88635, 38.02534], [-121.88575, 38.0268], [-121.88565, 38.02703], [-121.88542, 38.02734]]}}, {"type": "Feature", "properties": {"hw": "secondary"}, "geometry": {"type": "LineString", "coordinates": [[-121.88725, 38.02346], [-121.88728, 38.02334], [-121.8873, 38.02315], [-121.88733, 38.02257], [-121.88749, 38.02213], [-121.88749, 38.02212]]}}, {"type": "Feature", "properties": {"hw": "secondary"}, "geometry": {"type": "LineString", "coordinates": [[-121.89787, 38.02945], [-121.89805, 38.02945], [-121.89817, 38.02945], [-121.89838, 38.02945], [-121.89854, 38.02945]]}}, {"type": "Feature", "properties": {"hw": "secondary"}, "geometry": {"type": "LineString", "coordinates": [[-121.89358, 38.02943], [-121.89367, 38.02943], [-121.89384, 38.02943], [-121.89403, 38.02943]]}}, {"type": "Feature", "properties": {"hw": "secondary"}, "geometry": {"type": "LineString", "coordinates": [[-121.89712, 38.02945], [-121.89744, 38.02945], [-121.89772, 38.02945], [-121.89775, 38.02945]]}}, {"type": "Feature", "properties": {"hw": "secondary"}, "geometry": {"type": "LineString", "coordinates": [[-121.8902, 38.02919], [-121.89045, 38.02925], [-121.89094, 38.02937], [-121.89112, 38.0294], [-121.89138, 38.02945], [-121.89143, 38.02946]]}}, {"type": "Feature", "properties": {"hw": "secondary"}, "geometry": {"type": "LineString", "coordinates": [[-121.88646, 38.02829], [-121.88685, 38.02838], [-121.88732, 38.02849], [-121.88747, 38.02853]]}}, {"type": "Feature", "properties": {"hw": "secondary"}, "geometry": {"type": "LineString", "coordinates": [[-121.89143, 38.02946], [-121.89154, 38.02946], [-121.89183, 38.02947], [-121.89208, 38.02947], [-121.89305, 38.02947], [-121.89323, 38.02947]]}}, {"type": "Feature", "properties": {"hw": "secondary"}, "geometry": {"type": "LineString", "coordinates": [[-121.88898, 38.02882], [-121.88813, 38.02861], [-121.888, 38.02858]]}}, {"type": "Feature", "properties": {"hw": "secondary"}, "geometry": {"type": "LineString", "coordinates": [[-121.88895, 38.02889], [-121.88927, 38.02897], [-121.88975, 38.02909], [-121.88993, 38.02913]]}}, {"type": "Feature", "properties": {"hw": "secondary"}, "geometry": {"type": "LineString", "coordinates": [[-121.89146, 38.02938], [-121.89142, 38.02938], [-121.89122, 38.02935], [-121.89102, 38.0293], [-121.89022, 38.02912]]}}, {"type": "Feature", "properties": {"hw": "secondary"}, "geometry": {"type": "LineString", "coordinates": [[-121.88772, 38.02851], [-121.88737, 38.02843], [-121.88685, 38.02831], [-121.88648, 38.02822]]}}, {"type": "Feature", "properties": {"hw": "secondary"}, "geometry": {"type": "LineString", "coordinates": [[-121.89358, 38.02943], [-121.89351, 38.0294], [-121.8933, 38.0294], [-121.89228, 38.02939], [-121.89195, 38.02938], [-121.8918, 38.02938], [-121.89157, 38.02938], [-121.89146, 38.02938]]}}, {"type": "Feature", "properties": {"hw": "secondary"}, "geometry": {"type": "LineString", "coordinates": [[-121.88769, 38.02859], [-121.88789, 38.02863], [-121.88803, 38.02867], [-121.88851, 38.02879], [-121.88869, 38.02883]]}}, {"type": "Feature", "properties": {"hw": "secondary"}, "geometry": {"type": "LineString", "coordinates": [[-121.89022, 38.02912], [-121.89016, 38.0291], [-121.88987, 38.02902], [-121.88923, 38.02889]]}}, {"type": "Feature", "properties": {"hw": "secondary"}, "geometry": {"type": "LineString", "coordinates": [[-121.89944, 38.02945], [-121.9021, 38.02947]]}}, {"type": "Feature", "properties": {"hw": "secondary"}, "geometry": {"type": "LineString", "coordinates": [[-121.9021, 38.02947], [-121.90317, 38.02948]]}}, {"type": "Feature", "properties": {"hw": "secondary"}, "geometry": {"type": "LineString", "coordinates": [[-121.89854, 38.02945], [-121.89863, 38.02945], [-121.89871, 38.02945], [-121.89944, 38.02945]]}}, {"type": "Feature", "properties": {"hw": "secondary"}, "geometry": {"type": "LineString", "coordinates": [[-121.87271, 38.01351], [-121.87142, 38.01322]]}}, {"type": "Feature", "properties": {"hw": "secondary"}, "geometry": {"type": "LineString", "coordinates": [[-121.87925, 38.0151], [-121.87883, 38.015]]}}, {"type": "Feature", "properties": {"hw": "secondary"}, "geometry": {"type": "LineString", "coordinates": [[-121.87507, 38.01408], [-121.87471, 38.01399]]}}, {"type": "Feature", "properties": {"hw": "secondary"}, "geometry": {"type": "LineString", "coordinates": [[-121.87427, 38.01389], [-121.87394, 38.0138]]}}, {"type": "Feature", "properties": {"hw": "secondary"}, "geometry": {"type": "LineString", "coordinates": [[-121.8807, 38.01545], [-121.88021, 38.01533], [-121.87992, 38.01526], [-121.87925, 38.0151]]}}, {"type": "Feature", "properties": {"hw": "secondary"}, "geometry": {"type": "LineString", "coordinates": [[-121.87394, 38.0138], [-121.87346, 38.01369]]}}, {"type": "Feature", "properties": {"hw": "secondary"}, "geometry": {"type": "LineString", "coordinates": [[-121.87346, 38.01369], [-121.87318, 38.01362]]}}, {"type": "Feature", "properties": {"hw": "secondary"}, "geometry": {"type": "LineString", "coordinates": [[-121.87142, 38.01322], [-121.87056, 38.01307]]}}, {"type": "Feature", "properties": {"hw": "secondary"}, "geometry": {"type": "LineString", "coordinates": [[-121.87883, 38.015], [-121.8784, 38.01489], [-121.87811, 38.01482], [-121.87732, 38.01463], [-121.87547, 38.01418]]}}, {"type": "Feature", "properties": {"hw": "secondary"}, "geometry": {"type": "LineString", "coordinates": [[-121.87471, 38.01399], [-121.87427, 38.01389]]}}, {"type": "Feature", "properties": {"hw": "secondary"}, "geometry": {"type": "LineString", "coordinates": [[-121.87547, 38.01418], [-121.87507, 38.01408]]}}, {"type": "Feature", "properties": {"hw": "tertiary"}, "geometry": {"type": "LineString", "coordinates": [[-121.87328, 38.01956], [-121.8728, 38.0194]]}}, {"type": "Feature", "properties": {"hw": "tertiary"}, "geometry": {"type": "LineString", "coordinates": [[-121.87899, 38.02478], [-121.87883, 38.02516]]}}, {"type": "Feature", "properties": {"hw": "tertiary"}, "geometry": {"type": "LineString", "coordinates": [[-121.87849, 38.02632], [-121.87849, 38.02636], [-121.87845, 38.02682]]}}, {"type": "Feature", "properties": {"hw": "tertiary"}, "geometry": {"type": "LineString", "coordinates": [[-121.87845, 38.02682], [-121.87844, 38.02712]]}}, {"type": "Feature", "properties": {"hw": "tertiary"}, "geometry": {"type": "LineString", "coordinates": [[-121.87936, 38.02427], [-121.87951, 38.02395], [-121.87954, 38.02389]]}}, {"type": "Feature", "properties": {"hw": "tertiary"}, "geometry": {"type": "LineString", "coordinates": [[-121.87769, 38.03002], [-121.87815, 38.02881]]}}, {"type": "Feature", "properties": {"hw": "tertiary"}, "geometry": {"type": "LineString", "coordinates": [[-121.88117, 38.01993], [-121.88133, 38.01952], [-121.88144, 38.01924], [-121.88175, 38.0184], [-121.88187, 38.0181], [-121.88187, 38.01809]]}}, {"type": "Feature", "properties": {"hw": "secondary"}, "geometry": {"type": "LineString", "coordinates": [[-121.87857, 38.02584], [-121.87854, 38.026], [-121.87849, 38.02632]]}}, {"type": "Feature", "properties": {"hw": "tertiary"}, "geometry": {"type": "LineString", "coordinates": [[-121.87917, 38.02468], [-121.87936, 38.02427]]}}, {"type": "Feature", "properties": {"hw": "tertiary"}, "geometry": {"type": "LineString", "coordinates": [[-121.87954, 38.02389], [-121.87969, 38.02353]]}}, {"type": "Feature", "properties": {"hw": "tertiary"}, "geometry": {"type": "LineString", "coordinates": [[-121.87957, 38.02349], [-121.87942, 38.02383], [-121.87938, 38.02392]]}}, {"type": "Feature", "properties": {"hw": "tertiary"}, "geometry": {"type": "LineString", "coordinates": [[-121.88133, 38.01914], [-121.88127, 38.0193], [-121.88103, 38.01993]]}}, {"type": "Feature", "properties": {"hw": "tertiary"}, "geometry": {"type": "LineString", "coordinates": [[-121.88095, 38.02049], [-121.88117, 38.01993]]}}, {"type": "Feature", "properties": {"hw": "tertiary"}, "geometry": {"type": "LineString", "coordinates": [[-121.87938, 38.02392], [-121.87924, 38.02424]]}}, {"type": "Feature", "properties": {"hw": "tertiary"}, "geometry": {"type": "LineString", "coordinates": [[-121.88204, 38.01766], [-121.88239, 38.01669]]}}, {"type": "Feature", "properties": {"hw": "tertiary"}, "geometry": {"type": "LineString", "coordinates": [[-121.87895, 38.02518], [-121.87915, 38.02475], [-121.87917, 38.02468]]}}, {"type": "Feature", "properties": {"hw": "tertiary"}, "geometry": {"type": "LineString", "coordinates": [[-121.87977, 38.02303], [-121.87957, 38.02349]]}}, {"type": "Feature", "properties": {"hw": "tertiary"}, "geometry": {"type": "LineString", "coordinates": [[-121.88207, 38.0172], [-121.8819, 38.01763]]}}, {"type": "Feature", "properties": {"hw": "tertiary"}, "geometry": {"type": "LineString", "coordinates": [[-121.87924, 38.02424], [-121.87907, 38.0246], [-121.87899, 38.02478]]}}, {"type": "Feature", "properties": {"hw": "tertiary"}, "geometry": {"type": "LineString", "coordinates": [[-121.87696, 38.0319], [-121.87715, 38.03138]]}}, {"type": "Feature", "properties": {"hw": "secondary"}, "geometry": {"type": "LineString", "coordinates": [[-121.87877, 38.02559], [-121.87895, 38.02518]]}}, {"type": "Feature", "properties": {"hw": "tertiary"}, "geometry": {"type": "LineString", "coordinates": [[-121.8819, 38.01763], [-121.8818, 38.01789], [-121.88133, 38.01914]]}}, {"type": "Feature", "properties": {"hw": "tertiary"}, "geometry": {"type": "LineString", "coordinates": [[-121.8826, 38.01589], [-121.88254, 38.01603], [-121.88226, 38.01673], [-121.88207, 38.0172]]}}, {"type": "Feature", "properties": {"hw": "tertiary"}, "geometry": {"type": "LineString", "coordinates": [[-121.87969, 38.02353], [-121.87999, 38.02283]]}}, {"type": "Feature", "properties": {"hw": "tertiary"}, "geometry": {"type": "LineString", "coordinates": [[-121.8593, 38.01559], [-121.85969, 38.01531], [-121.86, 38.01509]]}}, {"type": "Feature", "properties": {"hw": "secondary"}, "geometry": {"type": "LineString", "coordinates": [[-121.86123, 38.01418], [-121.86159, 38.01392], [-121.86179, 38.01378], [-121.86179, 38.01377], [-121.86214, 38.01352]]}}, {"type": "Feature", "properties": {"hw": "secondary"}, "geometry": {"type": "LineString", "coordinates": [[-121.86, 38.01509], [-121.86023, 38.01492], [-121.86094, 38.0144], [-121.86123, 38.01418]]}}, {"type": "Feature", "properties": {"hw": "secondary"}, "geometry": {"type": "LineString", "coordinates": [[-121.86214, 38.01352], [-121.86224, 38.01347], [-121.86246, 38.01336]]}}, {"type": "Feature", "properties": {"hw": "secondary"}, "geometry": {"type": "LineString", "coordinates": [[-121.8728, 38.0194], [-121.87244, 38.01928]]}}, {"type": "Feature", "properties": {"hw": "secondary"}, "geometry": {"type": "LineString", "coordinates": [[-121.87198, 38.02123], [-121.87212, 38.02092]]}}, {"type": "Feature", "properties": {"hw": "secondary"}, "geometry": {"type": "LineString", "coordinates": [[-121.87212, 38.02092], [-121.87261, 38.01983]]}}, {"type": "Feature", "properties": {"hw": "secondary"}, "geometry": {"type": "LineString", "coordinates": [[-121.86, 38.01509], [-121.85928, 38.01484]]}}, {"type": "Feature", "properties": {"hw": "secondary"}, "geometry": {"type": "LineString", "coordinates": [[-121.87883, 38.02516], [-121.87765, 38.0251]]}}, {"type": "Feature", "properties": {"hw": "secondary"}, "geometry": {"type": "LineString", "coordinates": [[-121.87102, 38.01883], [-121.87025, 38.01856]]}}, {"type": "Feature", "properties": {"hw": "secondary"}, "geometry": {"type": "LineString", "coordinates": [[-121.86941, 38.01827], [-121.8637, 38.01635]]}}, {"type": "Feature", "properties": {"hw": "secondary"}, "geometry": {"type": "LineString", "coordinates": [[-121.87173, 38.01905], [-121.87102, 38.01883]]}}, {"type": "Feature", "properties": {"hw": "secondary"}, "geometry": {"type": "LineString", "coordinates": [[-121.8696, 38.01834], [-121.86941, 38.01827]]}}, {"type": "Feature", "properties": {"hw": "secondary"}, "geometry": {"type": "LineString", "coordinates": [[-121.86112, 38.01547], [-121.86057, 38.01528], [-121.86052, 38.01526], [-121.86, 38.01509]]}}, {"type": "Feature", "properties": {"hw": "secondary"}, "geometry": {"type": "LineString", "coordinates": [[-121.87261, 38.01983], [-121.87269, 38.01966]]}}, {"type": "Feature", "properties": {"hw": "tertiary"}, "geometry": {"type": "LineString", "coordinates": [[-121.88185, 38.02413], [-121.88191, 38.02388], [-121.88194, 38.0237]]}}, {"type": "Feature", "properties": {"hw": "tertiary"}, "geometry": {"type": "LineString", "coordinates": [[-121.88105, 38.02691], [-121.88126, 38.02614], [-121.88137, 38.02572], [-121.88142, 38.02557], [-121.88158, 38.02507], [-121.88162, 38.02492], [-121.88174, 38.02448], [-121.88185, 38.02413]]}}, {"type": "Feature", "properties": {"hw": "secondary"}, "geometry": {"type": "LineString", "coordinates": [[-121.8807, 37.99797], [-121.88062, 37.99797], [-121.8801, 37.99796]]}}, {"type": "Feature", "properties": {"hw": "secondary"}, "geometry": {"type": "LineString", "coordinates": [[-121.87766, 37.99797], [-121.87555, 37.99797]]}}, {"type": "Feature", "properties": {"hw": "secondary"}, "geometry": {"type": "LineString", "coordinates": [[-121.87884, 37.99797], [-121.87833, 37.99797]]}}, {"type": "Feature", "properties": {"hw": "secondary"}, "geometry": {"type": "LineString", "coordinates": [[-121.87166, 37.99797], [-121.87104, 37.99797]]}}, {"type": "Feature", "properties": {"hw": "secondary"}, "geometry": {"type": "LineString", "coordinates": [[-121.86824, 37.998], [-121.86753, 37.99799]]}}, {"type": "Feature", "properties": {"hw": "secondary"}, "geometry": {"type": "LineString", "coordinates": [[-121.87833, 37.99797], [-121.87795, 37.99797], [-121.87766, 37.99797]]}}, {"type": "Feature", "properties": {"hw": "secondary"}, "geometry": {"type": "LineString", "coordinates": [[-121.87398, 37.99798], [-121.87351, 37.99798]]}}, {"type": "Feature", "properties": {"hw": "secondary"}, "geometry": {"type": "LineString", "coordinates": [[-121.87253, 37.99797], [-121.87214, 37.99797]]}}, {"type": "Feature", "properties": {"hw": "secondary"}, "geometry": {"type": "LineString", "coordinates": [[-121.88225, 37.99798], [-121.88207, 37.99798], [-121.88125, 37.99797], [-121.8807, 37.99797]]}}, {"type": "Feature", "properties": {"hw": "secondary"}, "geometry": {"type": "LineString", "coordinates": [[-121.88293, 37.99799], [-121.88225, 37.99798]]}}, {"type": "Feature", "properties": {"hw": "secondary"}, "geometry": {"type": "LineString", "coordinates": [[-121.87555, 37.99797], [-121.87523, 37.99797], [-121.87507, 37.99797]]}}, {"type": "Feature", "properties": {"hw": "secondary"}, "geometry": {"type": "LineString", "coordinates": [[-121.87104, 37.99797], [-121.8703, 37.99798]]}}, {"type": "Feature", "properties": {"hw": "secondary"}, "geometry": {"type": "LineString", "coordinates": [[-121.8801, 37.99796], [-121.87948, 37.99797]]}}, {"type": "Feature", "properties": {"hw": "secondary"}, "geometry": {"type": "LineString", "coordinates": [[-121.86448, 37.998], [-121.86381, 37.99799]]}}, {"type": "Feature", "properties": {"hw": "secondary"}, "geometry": {"type": "LineString", "coordinates": [[-121.87294, 37.99798], [-121.87253, 37.99797]]}}, {"type": "Feature", "properties": {"hw": "secondary"}, "geometry": {"type": "LineString", "coordinates": [[-121.87507, 37.99797], [-121.87398, 37.99798]]}}, {"type": "Feature", "properties": {"hw": "secondary"}, "geometry": {"type": "LineString", "coordinates": [[-121.86896, 37.99799], [-121.86883, 37.99799], [-121.86824, 37.998]]}}, {"type": "Feature", "properties": {"hw": "secondary"}, "geometry": {"type": "LineString", "coordinates": [[-121.86381, 37.99799], [-121.863, 37.998], [-121.86294, 37.998]]}}, {"type": "Feature", "properties": {"hw": "secondary"}, "geometry": {"type": "LineString", "coordinates": [[-121.87214, 37.99797], [-121.87166, 37.99797]]}}, {"type": "Feature", "properties": {"hw": "secondary"}, "geometry": {"type": "LineString", "coordinates": [[-121.86753, 37.99799], [-121.86733, 37.99799], [-121.86453, 37.998], [-121.86448, 37.998]]}}, {"type": "Feature", "properties": {"hw": "secondary"}, "geometry": {"type": "LineString", "coordinates": [[-121.87351, 37.99798], [-121.87336, 37.99798], [-121.87314, 37.99798], [-121.87304, 37.99798], [-121.87294, 37.99798]]}}, {"type": "Feature", "properties": {"hw": "secondary"}, "geometry": {"type": "LineString", "coordinates": [[-121.87948, 37.99797], [-121.87884, 37.99797]]}}, {"type": "Feature", "properties": {"hw": "secondary"}, "geometry": {"type": "LineString", "coordinates": [[-121.8703, 37.99798], [-121.86918, 37.99798], [-121.86896, 37.99799]]}}, {"type": "Feature", "properties": {"hw": "secondary"}, "geometry": {"type": "LineString", "coordinates": [[-121.89653, 37.99807], [-121.89605, 37.99807]]}}, {"type": "Feature", "properties": {"hw": "secondary"}, "geometry": {"type": "LineString", "coordinates": [[-121.86753, 38.01285], [-121.86712, 38.01273]]}}, {"type": "Feature", "properties": {"hw": "secondary"}, "geometry": {"type": "LineString", "coordinates": [[-121.86567, 38.01224], [-121.86594, 38.01236]]}}, {"type": "Feature", "properties": {"hw": "secondary"}, "geometry": {"type": "LineString", "coordinates": [[-121.86617, 38.01229], [-121.8659, 38.01217]]}}, {"type": "Feature", "properties": {"hw": "secondary"}, "geometry": {"type": "LineString", "coordinates": [[-121.86941, 38.01293], [-121.86899, 38.01296], [-121.8686, 38.01297]]}}, {"type": "Feature", "properties": {"hw": "secondary"}, "geometry": {"type": "LineString", "coordinates": [[-121.86772, 38.01303], [-121.86795, 38.01306], [-121.86832, 38.01309], [-121.86862, 38.01308]]}}, {"type": "Feature", "properties": {"hw": "secondary"}, "geometry": {"type": "LineString", "coordinates": [[-121.87056, 38.01307], [-121.87036, 38.01299], [-121.86997, 38.01294], [-121.86966, 38.01292], [-121.86941, 38.01293]]}}, {"type": "Feature", "properties": {"hw": "secondary"}, "geometry": {"type": "LineString", "coordinates": [[-121.8686, 38.01297], [-121.86838, 38.01296], [-121.86815, 38.01295], [-121.86781, 38.01291], [-121.86753, 38.01285]]}}, {"type": "Feature", "properties": {"hw": "secondary"}, "geometry": {"type": "LineString", "coordinates": [[-121.86862, 38.01308], [-121.86897, 38.01306], [-121.86965, 38.01304], [-121.8698, 38.01304], [-121.86995, 38.01304], [-121.87035, 38.01307], [-121.87056, 38.01307]]}}, {"type": "Feature", "properties": {"hw": "secondary"}, "geometry": {"type": "LineString", "coordinates": [[-121.87971, 38.0094], [-121.8794, 38.00932], [-121.87923, 38.00928], [-121.8791, 38.00925], [-121.87909, 38.00925], [-121.87897, 38.00922], [-121.87884, 38.0092], [-121.87872, 38.00918], [-121.8786, 38.00916], [-121.87847, 38.00915], [-121.87836, 38.00914], [-121.87823, 38.00914], [-121.8781, 38.00913], [-121.87797, 38.00913], [-121.87784, 38.00914], [-121.87769, 38.00914], [-121.87757, 38.00915], [-121.8775, 38.00916], [-121.87669, 38.00924], [-121.87654, 38.00925], [-121.87638, 38.00926], [-121.87626, 38.00927], [-121.87615, 38.00927], [-121.87603, 38.00927], [-121.87591, 38.00927], [-121.87578, 38.00926], [-121.87564, 38.00925], [-121.87549, 38.00924]]}}, {"type": "Feature", "properties": {"hw": "secondary"}, "geometry": {"type": "LineString", "coordinates": [[-121.86245, 38.00795], [-121.86258, 38.00797], [-121.86262, 38.00797], [-121.8627, 38.00798], [-121.86275, 38.00798], [-121.86349, 38.00814], [-121.86375, 38.0082], [-121.8639, 38.00823], [-121.86394, 38.00824], [-121.86417, 38.0083], [-121.86463, 38.00839], [-121.86483, 38.00843], [-121.86503, 38.00846], [-121.86528, 38.00847]]}}, {"type": "Feature", "properties": {"hw": "secondary"}, "geometry": {"type": "LineString", "coordinates": [[-121.87369, 38.00884], [-121.87322, 38.00873]]}}, {"type": "Feature", "properties": {"hw": "secondary"}, "geometry": {"type": "LineString", "coordinates": [[-121.86421, 38.00818], [-121.86394, 38.00812], [-121.86382, 38.0081], [-121.86318, 38.00795]]}}, {"type": "Feature", "properties": {"hw": "secondary"}, "geometry": {"type": "LineString", "coordinates": [[-121.87725, 38.00929], [-121.87756, 38.00926]]}}, {"type": "Feature", "properties": {"hw": "secondary"}, "geometry": {"type": "LineString", "coordinates": [[-121.87499, 38.00915], [-121.87496, 38.00914], [-121.87442, 38.00902], [-121.87396, 38.00891], [-121.87369, 38.00884]]}}, {"type": "Feature", "properties": {"hw": "secondary"}, "geometry": {"type": "LineString", "coordinates": [[-121.87317, 38.00883], [-121.87418, 38.00908]]}}, {"type": "Feature", "properties": {"hw": "secondary"}, "geometry": {"type": "LineString", "coordinates": [[-121.8725, 38.00867], [-121.87273, 38.00873], [-121.87317, 38.00883]]}}, {"type": "Feature", "properties": {"hw": "secondary"}, "geometry": {"type": "LineString", "coordinates": [[-121.87934, 38.00943], [-121.8794, 38.00944]]}}, {"type": "Feature", "properties": {"hw": "secondary"}, "geometry": {"type": "LineString", "coordinates": [[-121.86739, 38.00807], [-121.8679, 38.00794]]}}, {"type": "Feature", "properties": {"hw": "secondary"}, "geometry": {"type": "LineString", "coordinates": [[-121.87, 38.00796], [-121.86926, 38.00778]]}}, {"type": "Feature", "properties": {"hw": "secondary"}, "geometry": {"type": "LineString", "coordinates": [[-121.88231, 38.01002], [-121.88171, 38.00988]]}}, {"type": "Feature", "properties": {"hw": "secondary"}, "geometry": {"type": "LineString", "coordinates": [[-121.86789, 38.00783], [-121.8666, 38.00816]]}}, {"type": "Feature", "properties": {"hw": "secondary"}, "geometry": {"type": "LineString", "coordinates": [[-121.85664, 38.00796], [-121.85638, 38.00789]]}}, {"type": "Feature", "properties": {"hw": "secondary"}, "geometry": {"type": "LineString", "coordinates": [[-121.87621, 38.00938], [-121.87632, 38.00938], [-121.87645, 38.00937], [-121.87655, 38.00936]]}}, {"type": "Feature", "properties": {"hw": "secondary"}, "geometry": {"type": "LineString", "coordinates": [[-121.87006, 38.00811], [-121.87078, 38.00828]]}}, {"type": "Feature", "properties": {"hw": "secondary"}, "geometry": {"type": "LineString", "coordinates": [[-121.87655, 38.00936], [-121.87678, 38.00934], [-121.87725, 38.00929]]}}, {"type": "Feature", "properties": {"hw": "secondary"}, "geometry": {"type": "LineString", "coordinates": [[-121.87098, 38.00817], [-121.87083, 38.00814]]}}, {"type": "Feature", "properties": {"hw": "secondary"}, "geometry": {"type": "LineString", "coordinates": [[-121.86603, 38.00842], [-121.86683, 38.00821], [-121.86739, 38.00807]]}}, {"type": "Feature", "properties": {"hw": "secondary"}, "geometry": {"type": "LineString", "coordinates": [[-121.87083, 38.00814], [-121.87025, 38.00801], [-121.87, 38.00796]]}}, {"type": "Feature", "properties": {"hw": "secondary"}, "geometry": {"type": "LineString", "coordinates": [[-121.87418, 38.00908], [-121.87443, 38.00913], [-121.87495, 38.00925]]}}, {"type": "Feature", "properties": {"hw": "secondary"}, "geometry": {"type": "LineString", "coordinates": [[-121.85991, 38.00828], [-121.85946, 38.00835]]}}, {"type": "Feature", "properties": {"hw": "secondary"}, "geometry": {"type": "LineString", "coordinates": [[-121.87093, 38.00831], [-121.87118, 38.00837], [-121.87143, 38.00842], [-121.87174, 38.00849], [-121.87213, 38.00858], [-121.8725, 38.00867]]}}, {"type": "Feature", "properties": {"hw": "secondary"}, "geometry": {"type": "LineString", "coordinates": [[-121.85694, 38.00804], [-121.85664, 38.00796]]}}, {"type": "Feature", "properties": {"hw": "secondary"}, "geometry": {"type": "LineString", "coordinates": [[-121.87078, 38.00828], [-121.87093, 38.00831]]}}, {"type": "Feature", "properties": {"hw": "secondary"}, "geometry": {"type": "LineString", "coordinates": [[-121.87199, 38.00842], [-121.87181, 38.00838], [-121.87098, 38.00817]]}}, {"type": "Feature", "properties": {"hw": "secondary"}, "geometry": {"type": "LineString", "coordinates": [[-121.88134, 38.00991], [-121.88167, 38.00998]]}}, {"type": "Feature", "properties": {"hw": "secondary"}, "geometry": {"type": "LineString", "coordinates": [[-121.87322, 38.00873], [-121.87312, 38.0087], [-121.87276, 38.00861], [-121.87269, 38.0086], [-121.87199, 38.00842]]}}, {"type": "Feature", "properties": {"hw": "secondary"}, "geometry": {"type": "LineString", "coordinates": [[-121.8794, 38.00944], [-121.88003, 38.00959], [-121.88028, 38.00965], [-121.88134, 38.00991]]}}, {"type": "Feature", "properties": {"hw": "secondary"}, "geometry": {"type": "LineString", "coordinates": [[-121.86174, 38.008], [-121.86208, 38.00795], [-121.86245, 38.00795]]}}, {"type": "Feature", "properties": {"hw": "secondary"}, "geometry": {"type": "LineString", "coordinates": [[-121.86926, 38.00778], [-121.86916, 38.00776], [-121.86905, 38.00775], [-121.86892, 38.00773], [-121.86878, 38.00773], [-121.86865, 38.00772]]}}, {"type": "Feature", "properties": {"hw": "secondary"}, "geometry": {"type": "LineString", "coordinates": [[-121.85874, 38.00849], [-121.859, 38.00849], [-121.85947, 38.00847]]}}, {"type": "Feature", "properties": {"hw": "secondary"}, "geometry": {"type": "LineString", "coordinates": [[-121.8666, 38.00816], [-121.86609, 38.00828], [-121.866, 38.0083]]}}, {"type": "Feature", "properties": {"hw": "secondary"}, "geometry": {"type": "LineString", "coordinates": [[-121.85947, 38.00847], [-121.85988, 38.0084], [-121.86098, 38.00816], [-121.86174, 38.008]]}}, {"type": "Feature", "properties": {"hw": "secondary"}, "geometry": {"type": "LineString", "coordinates": [[-121.86318, 38.00795], [-121.86281, 38.00788], [-121.86264, 38.00786], [-121.86245, 38.00784]]}}, {"type": "Feature", "properties": {"hw": "secondary"}, "geometry": {"type": "LineString", "coordinates": [[-121.87549, 38.00924], [-121.87535, 38.00922], [-121.87524, 38.0092], [-121.87515, 38.00919], [-121.87509, 38.00917], [-121.87503, 38.00916], [-121.87499, 38.00915]]}}, {"type": "Feature", "properties": {"hw": "secondary"}, "geometry": {"type": "LineString", "coordinates": [[-121.86245, 38.00784], [-121.86207, 38.00784], [-121.86168, 38.00789], [-121.86157, 38.00791], [-121.86123, 38.00799], [-121.85991, 38.00828]]}}, {"type": "Feature", "properties": {"hw": "secondary"}, "geometry": {"type": "LineString", "coordinates": [[-121.86472, 38.00829], [-121.86467, 38.00828], [-121.86448, 38.00824], [-121.86435, 38.00821], [-121.86421, 38.00818]]}}, {"type": "Feature", "properties": {"hw": "secondary"}, "geometry": {"type": "LineString", "coordinates": [[-121.85638, 38.00789], [-121.85629, 38.00787], [-121.85614, 38.00784], [-121.85586, 38.00775], [-121.85563, 38.00765]]}}, {"type": "Feature", "properties": {"hw": "secondary"}, "geometry": {"type": "LineString", "coordinates": [[-121.86528, 38.00847], [-121.86554, 38.00848], [-121.86562, 38.00847], [-121.86578, 38.00846], [-121.86603, 38.00842]]}}, {"type": "Feature", "properties": {"hw": "secondary"}, "geometry": {"type": "LineString", "coordinates": [[-121.86865, 38.00772], [-121.86848, 38.00773], [-121.86835, 38.00774], [-121.86824, 38.00776], [-121.86812, 38.00778], [-121.86802, 38.0078], [-121.86789, 38.00783]]}}, {"type": "Feature", "properties": {"hw": "secondary"}, "geometry": {"type": "LineString", "coordinates": [[-121.87756, 38.00926], [-121.87779, 38.00924], [-121.87832, 38.00925], [-121.87869, 38.00929], [-121.87934, 38.00943]]}}, {"type": "Feature", "properties": {"hw": "secondary"}, "geometry": {"type": "LineString", "coordinates": [[-121.87495, 38.00925], [-121.87511, 38.00929], [-121.87522, 38.00931], [-121.87533, 38.00933], [-121.87539, 38.00934], [-121.87545, 38.00935], [-121.87558, 38.00936], [-121.87577, 38.00937], [-121.87596, 38.00938], [-121.87608, 38.00938], [-121.87621, 38.00938]]}}, {"type": "Feature", "properties": {"hw": "secondary"}, "geometry": {"type": "LineString", "coordinates": [[-121.85602, 38.00791], [-121.85659, 38.00806]]}}, {"type": "Feature", "properties": {"hw": "secondary"}, "geometry": {"type": "LineString", "coordinates": [[-121.866, 38.0083], [-121.86584, 38.00832], [-121.86572, 38.00835], [-121.86552, 38.00837], [-121.8654, 38.00836], [-121.8653, 38.00836], [-121.86505, 38.00834], [-121.86499, 38.00834], [-121.86472, 38.00829]]}}, {"type": "Feature", "properties": {"hw": "secondary"}, "geometry": {"type": "LineString", "coordinates": [[-121.87164, 38.00602], [-121.87152, 38.00634]]}}, {"type": "Feature", "properties": {"hw": "secondary"}, "geometry": {"type": "LineString", "coordinates": [[-121.87152, 38.00634], [-121.87123, 38.00709]]}}, {"type": "Feature", "properties": {"hw": "secondary"}, "geometry": {"type": "LineString", "coordinates": [[-121.8739, 37.99924], [-121.8739, 37.99931], [-121.87391, 37.99973]]}}, {"type": "Feature", "properties": {"hw": "secondary"}, "geometry": {"type": "LineString", "coordinates": [[-121.87098, 38.00774], [-121.87083, 38.00814]]}}, {"type": "Feature", "properties": {"hw": "secondary"}, "geometry": {"type": "LineString", "coordinates": [[-121.87093, 38.00831], [-121.87098, 38.00817]]}}, {"type": "Feature", "properties": {"hw": "secondary"}, "geometry": {"type": "LineString", "coordinates": [[-121.87053, 38.00888], [-121.87038, 38.00929]]}}, {"type": "Feature", "properties": {"hw": "secondary"}, "geometry": {"type": "LineString", "coordinates": [[-121.86295, 38.01314], [-121.86331, 38.01303]]}}, {"type": "Feature", "properties": {"hw": "secondary"}, "geometry": {"type": "LineString", "coordinates": [[-121.87001, 38.01003], [-121.86977, 38.01032]]}}, {"type": "Feature", "properties": {"hw": "secondary"}, "geometry": {"type": "LineString", "coordinates": [[-121.87152, 38.00671], [-121.87165, 38.00637]]}}, {"type": "Feature", "properties": {"hw": "secondary"}, "geometry": {"type": "LineString", "coordinates": [[-121.86514, 38.01257], [-121.86594, 38.01236]]}}, {"type": "Feature", "properties": {"hw": "secondary"}, "geometry": {"type": "LineString", "coordinates": [[-121.86776, 38.01146], [-121.86755, 38.01161]]}}, {"type": "Feature", "properties": {"hw": "secondary"}, "geometry": {"type": "LineString", "coordinates": [[-121.86246, 38.01336], [-121.86268, 38.01326], [-121.86288, 38.01317], [-121.86295, 38.01314]]}}, {"type": "Feature", "properties": {"hw": "secondary"}, "geometry": {"type": "LineString", "coordinates": [[-121.86492, 38.01247], [-121.86436, 38.01264]]}}, {"type": "Feature", "properties": {"hw": "secondary"}, "geometry": {"type": "LineString", "coordinates": [[-121.87405, 37.99971], [-121.87405, 37.99929], [-121.87405, 37.9992]]}}, {"type": "Feature", "properties": {"hw": "secondary"}, "geometry": {"type": "LineString", "coordinates": [[-121.87198, 38.00516], [-121.87191, 38.00532], [-121.87187, 38.00545]]}}, {"type": "Feature", "properties": {"hw": "secondary"}, "geometry": {"type": "LineString", "coordinates": [[-121.86812, 38.01156], [-121.86889, 38.01107], [-121.86911, 38.01093]]}}, {"type": "Feature", "properties": {"hw": "secondary"}, "geometry": {"type": "LineString", "coordinates": [[-121.87061, 38.00916], [-121.87075, 38.0088], [-121.87093, 38.00831]]}}, {"type": "Feature", "properties": {"hw": "secondary"}, "geometry": {"type": "LineString", "coordinates": [[-121.87187, 38.00545], [-121.87185, 38.00547], [-121.87184, 38.00552]]}}, {"type": "Feature", "properties": {"hw": "secondary"}, "geometry": {"type": "LineString", "coordinates": [[-121.87078, 38.00828], [-121.87053, 38.00888]]}}, {"type": "Feature", "properties": {"hw": "secondary"}, "geometry": {"type": "LineString", "coordinates": [[-121.86446, 38.01276], [-121.86514, 38.01257]]}}, {"type": "Feature", "properties": {"hw": "secondary"}, "geometry": {"type": "LineString", "coordinates": [[-121.87405, 37.9992], [-121.87405, 37.99895], [-121.87406, 37.99885]]}}, {"type": "Feature", "properties": {"hw": "secondary"}, "geometry": {"type": "LineString", "coordinates": [[-121.87083, 38.00814], [-121.87078, 38.00828]]}}, {"type": "Feature", "properties": {"hw": "secondary"}, "geometry": {"type": "LineString", "coordinates": [[-121.87287, 38.00326], [-121.87295, 38.00303], [-121.87302, 38.00285]]}}, {"type": "Feature", "properties": {"hw": "secondary"}, "geometry": {"type": "LineString", "coordinates": [[-121.87311, 38.0022], [-121.8729, 38.00273]]}}, {"type": "Feature", "properties": {"hw": "secondary"}, "geometry": {"type": "LineString", "coordinates": [[-121.86911, 38.01093], [-121.86947, 38.01071], [-121.86955, 38.01066], [-121.86986, 38.01038]]}}, {"type": "Feature", "properties": {"hw": "secondary"}, "geometry": {"type": "LineString", "coordinates": [[-121.86832, 38.01116], [-121.86791, 38.01135], [-121.86776, 38.01146]]}}, {"type": "Feature", "properties": {"hw": "secondary"}, "geometry": {"type": "LineString", "coordinates": [[-121.86436, 38.01264], [-121.86422, 38.01269], [-121.86383, 38.01281], [-121.86363, 38.01294]]}}, {"type": "Feature", "properties": {"hw": "secondary"}, "geometry": {"type": "LineString", "coordinates": [[-121.87381, 38.00039], [-121.8738, 38.00042], [-121.87332, 38.00167], [-121.87311, 38.0022]]}}, {"type": "Feature", "properties": {"hw": "secondary"}, "geometry": {"type": "LineString", "coordinates": [[-121.87123, 38.00709], [-121.87109, 38.00748], [-121.87102, 38.00764], [-121.87098, 38.00774]]}}, {"type": "Feature", "properties": {"hw": "secondary"}, "geometry": {"type": "LineString", "coordinates": [[-121.87305, 38.00277], [-121.87321, 38.00235], [-121.87366, 38.00119], [-121.87396, 38.00038]]}}, {"type": "Feature", "properties": {"hw": "secondary"}, "geometry": {"type": "LineString", "coordinates": [[-121.87406, 37.99885], [-121.87406, 37.99872], [-121.87406, 37.9983], [-121.87406, 37.99808], [-121.87398, 37.99798]]}}, {"type": "Feature", "properties": {"hw": "secondary"}, "geometry": {"type": "LineString", "coordinates": [[-121.87038, 38.00929], [-121.87036, 38.00933], [-121.8702, 38.00973], [-121.87001, 38.01003]]}}, {"type": "Feature", "properties": {"hw": "secondary"}, "geometry": {"type": "LineString", "coordinates": [[-121.87398, 37.99798], [-121.87389, 37.9981], [-121.87389, 37.99839], [-121.8739, 37.99882], [-121.8739, 37.99924]]}}, {"type": "Feature", "properties": {"hw": "secondary"}, "geometry": {"type": "LineString", "coordinates": [[-121.87098, 38.00817], [-121.87113, 38.00778], [-121.87121, 38.00757], [-121.87124, 38.00748], [-121.87128, 38.00737], [-121.87152, 38.00671]]}}, {"type": "Feature", "properties": {"hw": "secondary"}, "geometry": {"type": "LineString", "coordinates": [[-121.86977, 38.01032], [-121.86941, 38.01061], [-121.86905, 38.01082], [-121.869, 38.01085], [-121.86887, 38.01091]]}}, {"type": "Feature", "properties": {"hw": "secondary"}, "geometry": {"type": "LineString", "coordinates": [[-121.87165, 38.00637], [-121.87196, 38.0056]]}}, {"type": "Feature", "properties": {"hw": "tertiary"}, "geometry": {"type": "LineString", "coordinates": [[-121.85677, 38.02055], [-121.85697, 38.0201]]}}, {"type": "Feature", "properties": {"hw": "tertiary"}, "geometry": {"type": "LineString", "coordinates": [[-121.85697, 38.0201], [-121.85714, 38.01969], [-121.85717, 38.01962], [-121.85748, 38.0189], [-121.85809, 38.01747], [-121.85822, 38.01717], [-121.85837, 38.01684]]}}, {"type": "Feature", "properties": {"hw": "tertiary"}, "geometry": {"type": "LineString", "coordinates": [[-121.85837, 38.01684], [-121.85844, 38.01669], [-121.85854, 38.01647], [-121.85869, 38.01619], [-121.85885, 38.016], [-121.85893, 38.01591], [-121.8593, 38.01559]]}}, {"type": "Feature", "properties": {"hw": "secondary"}, "geometry": {"type": "LineString", "coordinates": [[-121.85928, 38.01484], [-121.85869, 38.01464]]}}, {"type": "Feature", "properties": {"hw": "secondary"}, "geometry": {"type": "LineString", "coordinates": [[-121.85869, 38.01464], [-121.85393, 38.01302]]}}, {"type": "Feature", "properties": {"hw": "secondary"}, "geometry": {"type": "LineString", "coordinates": [[-121.84741, 37.99798], [-121.84729, 37.99795], [-121.84719, 37.99793], [-121.84647, 37.99793], [-121.84624, 37.99793]]}}, {"type": "Feature", "properties": {"hw": "secondary"}, "geometry": {"type": "LineString", "coordinates": [[-121.83886, 37.99857], [-121.83851, 37.99857], [-121.83817, 37.99857], [-121.83802, 37.99857]]}}, {"type": "Feature", "properties": {"hw": "secondary"}, "geometry": {"type": "LineString", "coordinates": [[-121.8397, 37.99855], [-121.83886, 37.99857]]}}, {"type": "Feature", "properties": {"hw": "secondary"}, "geometry": {"type": "LineString", "coordinates": [[-121.8456, 37.99793], [-121.84533, 37.99793], [-121.84444, 37.99793], [-121.84441, 37.99793], [-121.8443, 37.99793]]}}, {"type": "Feature", "properties": {"hw": "secondary"}, "geometry": {"type": "LineString", "coordinates": [[-121.84031, 37.99848], [-121.84002, 37.99851], [-121.8397, 37.99855]]}}, {"type": "Feature", "properties": {"hw": "secondary"}, "geometry": {"type": "LineString", "coordinates": [[-121.85065, 37.99798], [-121.84752, 37.99799], [-121.8475, 37.99799], [-121.84741, 37.99798]]}}, {"type": "Feature", "properties": {"hw": "tertiary"}, "geometry": {"type": "LineString", "coordinates": [[-121.85045, 38.01023], [-121.85094, 38.01027], [-121.8511, 38.01024]]}}, {"type": "Feature", "properties": {"hw": "tertiary"}, "geometry": {"type": "LineString", "coordinates": [[-121.84437, 38.00766], [-121.84465, 38.00799]]}}, {"type": "Feature", "properties": {"hw": "tertiary"}, "geometry": {"type": "LineString", "coordinates": [[-121.83882, 38.00604], [-121.83806, 38.00612]]}}, {"type": "Feature", "properties": {"hw": "tertiary"}, "geometry": {"type": "LineString", "coordinates": [[-121.84126, 38.00653], [-121.84195, 38.00669]]}}, {"type": "Feature", "properties": {"hw": "tertiary"}, "geometry": {"type": "LineString", "coordinates": [[-121.83806, 38.00612], [-121.83714, 38.00622]]}}, {"type": "Feature", "properties": {"hw": "tertiary"}, "geometry": {"type": "LineString", "coordinates": [[-121.84286, 38.0068], [-121.84198, 38.0066]]}}, {"type": "Feature", "properties": {"hw": "tertiary"}, "geometry": {"type": "LineString", "coordinates": [[-121.83964, 38.00615], [-121.84039, 38.00633], [-121.84126, 38.00653]]}}, {"type": "Feature", "properties": {"hw": "tertiary"}, "geometry": {"type": "LineString", "coordinates": [[-121.84054, 38.00625], [-121.83985, 38.00609], [-121.83968, 38.00605]]}}, {"type": "Feature", "properties": {"hw": "tertiary"}, "geometry": {"type": "LineString", "coordinates": [[-121.84856, 38.00971], [-121.84937, 38.00997]]}}, {"type": "Feature", "properties": {"hw": "tertiary"}, "geometry": {"type": "LineString", "coordinates": [[-121.84198, 38.0066], [-121.8406, 38.00627], [-121.84054, 38.00625]]}}, {"type": "Feature", "properties": {"hw": "tertiary"}, "geometry": {"type": "LineString", "coordinates": [[-121.84442, 38.00754], [-121.8442, 38.00734], [-121.844, 38.00721]]}}, {"type": "Feature", "properties": {"hw": "tertiary"}, "geometry": {"type": "LineString", "coordinates": [[-121.83901, 38.00611], [-121.83946, 38.00611], [-121.83948, 38.00612], [-121.83964, 38.00615]]}}, {"type": "Feature", "properties": {"hw": "tertiary"}, "geometry": {"type": "LineString", "coordinates": [[-121.844, 38.00721], [-121.8438, 38.00709], [-121.84358, 38.007], [-121.8431, 38.00687], [-121.84286, 38.0068]]}}, {"type": "Feature", "properties": {"hw": "tertiary"}, "geometry": {"type": "LineString", "coordinates": [[-121.83808, 38.00621], [-121.83876, 38.00614], [-121.83901, 38.00611]]}}, {"type": "Feature", "properties": {"hw": "tertiary"}, "geometry": {"type": "LineString", "coordinates": [[-121.84337, 38.00703], [-121.84352, 38.00707], [-121.84361, 38.0071], [-121.84375, 38.00716], [-121.84386, 38.00722], [-121.84394, 38.00727]]}}, {"type": "Feature", "properties": {"hw": "tertiary"}, "geometry": {"type": "LineString", "coordinates": [[-121.84475, 38.00793], [-121.84463, 38.00778], [-121.84453, 38.00766], [-121.84442, 38.00754]]}}, {"type": "Feature", "properties": {"hw": "tertiary"}, "geometry": {"type": "LineString", "coordinates": [[-121.8511, 38.01024], [-121.85245, 38.01038], [-121.85284, 38.01038]]}}, {"type": "Feature", "properties": {"hw": "tertiary"}, "geometry": {"type": "LineString", "coordinates": [[-121.83968, 38.00605], [-121.83937, 38.00601], [-121.83918, 38.00601], [-121.839, 38.00602], [-121.83882, 38.00604]]}}, {"type": "Feature", "properties": {"hw": "tertiary"}, "geometry": {"type": "LineString", "coordinates": [[-121.83732, 38.00631], [-121.83778, 38.00625], [-121.83808, 38.00621]]}}, {"type": "Feature", "properties": {"hw": "tertiary"}, "geometry": {"type": "LineString", "coordinates": [[-121.85392, 38.01007], [-121.85415, 38.00994], [-121.85433, 38.0098]]}}, {"type": "Feature", "properties": {"hw": "tertiary"}, "geometry": {"type": "LineString", "coordinates": [[-121.84195, 38.00669], [-121.84275, 38.00689], [-121.84337, 38.00703]]}}, {"type": "Feature", "properties": {"hw": "tertiary"}, "geometry": {"type": "LineString", "coordinates": [[-121.84527, 38.00844], [-121.84507, 38.00829], [-121.84488, 38.0081], [-121.84475, 38.00793]]}}, {"type": "Feature", "properties": {"hw": "tertiary"}, "geometry": {"type": "LineString", "coordinates": [[-121.85528, 38.00815], [-121.85541, 38.00793], [-121.8555, 38.00781], [-121.85555, 38.00776]]}}, {"type": "Feature", "properties": {"hw": "tertiary"}, "geometry": {"type": "LineString", "coordinates": [[-121.84394, 38.00727], [-121.84405, 38.00735], [-121.84421, 38.00748], [-121.84437, 38.00766]]}}, {"type": "Feature", "properties": {"hw": "tertiary"}, "geometry": {"type": "LineString", "coordinates": [[-121.84937, 38.00997], [-121.84965, 38.01008], [-121.84986, 38.01013], [-121.85011, 38.01018], [-121.85045, 38.01023]]}}, {"type": "Feature", "properties": {"hw": "tertiary"}, "geometry": {"type": "LineString", "coordinates": [[-121.85433, 38.0098], [-121.85447, 38.00968], [-121.85463, 38.00951], [-121.85474, 38.00937], [-121.85497, 38.00889], [-121.85528, 38.00815]]}}, {"type": "Feature", "properties": {"hw": "tertiary"}, "geometry": {"type": "LineString", "coordinates": [[-121.85284, 38.01038], [-121.85311, 38.01035], [-121.85334, 38.0103], [-121.85354, 38.01024], [-121.85376, 38.01016], [-121.85392, 38.01007]]}}, {"type": "Feature", "properties": {"hw": "tertiary"}, "geometry": {"type": "LineString", "coordinates": [[-121.83714, 38.00622], [-121.83678, 38.00621], [-121.83637, 38.00614], [-121.83601, 38.00601], [-121.8357, 38.00584], [-121.83554, 38.00573], [-121.83544, 38.00566]]}}, {"type": "Feature", "properties": {"hw": "tertiary"}, "geometry": {"type": "LineString", "coordinates": [[-121.8511, 38.01024], [-121.85083, 38.01017], [-121.85046, 38.01011], [-121.84981, 38.01], [-121.84942, 38.00988]]}}, {"type": "Feature", "properties": {"hw": "secondary"}, "geometry": {"type": "LineString", "coordinates": [[-121.85431, 38.00628], [-121.85426, 38.00614], [-121.85423, 38.0059]]}}, {"type": "Feature", "properties": {"hw": "secondary"}, "geometry": {"type": "LineString", "coordinates": [[-121.84457, 38.00383], [-121.84447, 38.00386], [-121.84436, 38.00389], [-121.84425, 38.00391], [-121.84414, 38.00394]]}}, {"type": "Feature", "properties": {"hw": "secondary"}, "geometry": {"type": "LineString", "coordinates": [[-121.84513, 38.00375], [-121.84521, 38.00371], [-121.84529, 38.00367], [-121.84538, 38.00362], [-121.8456, 38.00349], [-121.84572, 38.00342]]}}, {"type": "Feature", "properties": {"hw": "secondary"}, "geometry": {"type": "LineString", "coordinates": [[-121.84326, 38.00401], [-121.84309, 38.004], [-121.84291, 38.00398], [-121.84275, 38.00396], [-121.84258, 38.00394], [-121.84245, 38.00391], [-121.84228, 38.00387]]}}, {"type": "Feature", "properties": {"hw": "secondary"}, "geometry": {"type": "LineString", "coordinates": [[-121.8463, 38.00303], [-121.8462, 38.00306], [-121.8461, 38.0031], [-121.84602, 38.00313], [-121.8458, 38.00324]]}}, {"type": "Feature", "properties": {"hw": "secondary"}, "geometry": {"type": "LineString", "coordinates": [[-121.84414, 38.00394], [-121.844, 38.00396], [-121.84387, 38.00398], [-121.84373, 38.00399], [-121.8436, 38.004], [-121.84349, 38.00401], [-121.84337, 38.00401], [-121.84326, 38.00401]]}}, {"type": "Feature", "properties": {"hw": "secondary"}, "geometry": {"type": "LineString", "coordinates": [[-121.8534, 38.00442], [-121.85355, 38.00456], [-121.85366, 38.00474]]}}, {"type": "Feature", "properties": {"hw": "secondary"}, "geometry": {"type": "LineString", "coordinates": [[-121.8414, 38.00368], [-121.8415, 38.00372], [-121.84165, 38.00378], [-121.8418, 38.00384], [-121.84196, 38.00389], [-121.8421, 38.00394], [-121.84226, 38.00398]]}}, {"type": "Feature", "properties": {"hw": "secondary"}, "geometry": {"type": "LineString", "coordinates": [[-121.84738, 38.0032], [-121.84779, 38.00328], [-121.84791, 38.00324]]}}, {"type": "Feature", "properties": {"hw": "secondary"}, "geometry": {"type": "LineString", "coordinates": [[-121.8458, 38.00324], [-121.84556, 38.00337], [-121.84541, 38.00346], [-121.84528, 38.00354], [-121.84519, 38.00359], [-121.84509, 38.00363], [-121.845, 38.00368], [-121.84488, 38.00373], [-121.8448, 38.00376], [-121.84474, 38.00378], [-121.84466, 38.00381], [-121.84457, 38.00383]]}}, {"type": "Feature", "properties": {"hw": "secondary"}, "geometry": {"type": "LineString", "coordinates": [[-121.84228, 38.00387], [-121.84212, 38.00382], [-121.84199, 38.00378], [-121.84197, 38.00378], [-121.84184, 38.00373], [-121.84169, 38.00368], [-121.84152, 38.00361], [-121.84109, 38.0034], [-121.84087, 38.00329]]}}, {"type": "Feature", "properties": {"hw": "secondary"}, "geometry": {"type": "LineString", "coordinates": [[-121.84087, 38.00329], [-121.8407, 38.00318], [-121.84053, 38.00306], [-121.84039, 38.00297]]}}, {"type": "Feature", "properties": {"hw": "secondary"}, "geometry": {"type": "LineString", "coordinates": [[-121.85423, 38.0059], [-121.85418, 38.00548], [-121.85403, 38.00517]]}}, {"type": "Feature", "properties": {"hw": "secondary"}, "geometry": {"type": "LineString", "coordinates": [[-121.84588, 38.00333], [-121.84601, 38.00326], [-121.8461, 38.00322], [-121.84617, 38.00319], [-121.84625, 38.00316], [-121.84633, 38.00315], [-121.8464, 38.00313], [-121.84647, 38.00312], [-121.84653, 38.00311], [-121.84661, 38.0031], [-121.84669, 38.0031], [-121.84677, 38.0031], [-121.84685, 38.0031], [-121.84693, 38.00311], [-121.84701, 38.00312], [-121.8471, 38.00313], [-121.84716, 38.00315], [-121.84738, 38.0032]]}}, {"type": "Feature", "properties": {"hw": "secondary"}, "geometry": {"type": "LineString", "coordinates": [[-121.84791, 38.00324], [-121.84783, 38.00317], [-121.84717, 38.00303], [-121.84717, 38.00303], [-121.84705, 38.00301], [-121.84693, 38.00299], [-121.84682, 38.00298], [-121.84673, 38.00298], [-121.84667, 38.00298], [-121.84659, 38.00299], [-121.84649, 38.003], [-121.84641, 38.00301], [-121.8463, 38.00303]]}}, {"type": "Feature", "properties": {"hw": "secondary"}, "geometry": {"type": "LineString", "coordinates": [[-121.83931, 38.0023], [-121.83941, 38.00241], [-121.83959, 38.00253], [-121.83974, 38.00264], [-121.83998, 38.00282], [-121.84023, 38.003]]}}, {"type": "Feature", "properties": {"hw": "secondary"}, "geometry": {"type": "LineString", "coordinates": [[-121.84791, 38.00324], [-121.8487, 38.00341], [-121.84955, 38.00358], [-121.85006, 38.00368], [-121.85012, 38.0037]]}}, {"type": "Feature", "properties": {"hw": "secondary"}, "geometry": {"type": "LineString", "coordinates": [[-121.85366, 38.00474], [-121.85373, 38.0049], [-121.85382, 38.00504], [-121.85389, 38.00516], [-121.85396, 38.00531], [-121.85403, 38.00544]]}}, {"type": "Feature", "properties": {"hw": "tertiary"}, "geometry": {"type": "LineString", "coordinates": [[-121.83802, 37.99929], [-121.838, 37.9994], [-121.83798, 37.99955], [-121.83797, 37.99966], [-121.83788, 38.00027], [-121.83786, 38.00042], [-121.83789, 38.00068], [-121.83797, 38.00096], [-121.83814, 38.0013]]}}, {"type": "Feature", "properties": {"hw": "secondary"}, "geometry": {"type": "LineString", "coordinates": [[-121.84366, 38.01252], [-121.84456, 38.01252]]}}, {"type": "Feature", "properties": {"hw": "secondary"}, "geometry": {"type": "LineString", "coordinates": [[-121.843, 38.01251], [-121.84366, 38.01252]]}}, {"type": "Feature", "properties": {"hw": "secondary"}, "geometry": {"type": "LineString", "coordinates": [[-121.84182, 38.01251], [-121.84264, 38.01251], [-121.843, 38.01251]]}}, {"type": "Feature", "properties": {"hw": "secondary"}, "geometry": {"type": "LineString", "coordinates": [[-121.83042, 38.01249], [-121.83064, 38.01248], [-121.83195, 38.01246], [-121.83282, 38.01247], [-121.83291, 38.01247], [-121.83377, 38.01247], [-121.83417, 38.01248], [-121.835, 38.01248], [-121.83677, 38.01249], [-121.83813, 38.01249], [-121.83871, 38.0125], [-121.83925, 38.0125], [-121.84027, 38.0125], [-121.84104, 38.01251]]}}, {"type": "Feature", "properties": {"hw": "secondary"}, "geometry": {"type": "LineString", "coordinates": [[-121.83917, 38.00219], [-121.83872, 38.00257], [-121.83866, 38.00261]]}}, {"type": "Feature", "properties": {"hw": "secondary"}, "geometry": {"type": "LineString", "coordinates": [[-121.83926, 37.99868], [-121.83973, 37.99866]]}}, {"type": "Feature", "properties": {"hw": "secondary"}, "geometry": {"type": "LineString", "coordinates": [[-121.83801, 37.99867], [-121.83817, 37.99867], [-121.83847, 37.99868]]}}, {"type": "Feature", "properties": {"hw": "secondary"}, "geometry": {"type": "LineString", "coordinates": [[-121.84327, 37.99809], [-121.84342, 37.99805], [-121.84387, 37.99802], [-121.8439, 37.99802], [-121.84401, 37.99802]]}}, {"type": "Feature", "properties": {"hw": "secondary"}, "geometry": {"type": "LineString", "coordinates": [[-121.85403, 38.00517], [-121.85397, 38.00509], [-121.85379, 38.00483], [-121.85366, 38.00474]]}}, {"type": "Feature", "properties": {"hw": "tertiary"}, "geometry": {"type": "LineString", "coordinates": [[-121.8387, 38.00183], [-121.83876, 38.00188], [-121.83894, 38.00201], [-121.83908, 38.00212], [-121.83917, 38.00219]]}}, {"type": "Feature", "properties": {"hw": "secondary"}, "geometry": {"type": "LineString", "coordinates": [[-121.85403, 38.00544], [-121.85407, 38.00558], [-121.85409, 38.00572], [-121.8541, 38.00589]]}}, {"type": "Feature", "properties": {"hw": "secondary"}, "geometry": {"type": "LineString", "coordinates": [[-121.84294, 37.99896], [-121.84285, 37.99904], [-121.8421, 37.99966], [-121.84189, 37.99985], [-121.84178, 37.99994]]}}, {"type": "Feature", "properties": {"hw": "secondary"}, "geometry": {"type": "LineString", "coordinates": [[-121.84178, 37.99994], [-121.84155, 38.00014], [-121.84149, 38.00019], [-121.84115, 38.00048], [-121.84114, 38.0005], [-121.84104, 38.00058]]}}, {"type": "Feature", "properties": {"hw": "secondary"}, "geometry": {"type": "LineString", "coordinates": [[-121.83931, 38.0023], [-121.83958, 38.00206], [-121.83977, 38.0019], [-121.84052, 38.00123], [-121.84063, 38.00113]]}}, {"type": "Feature", "properties": {"hw": "secondary"}, "geometry": {"type": "LineString", "coordinates": [[-121.84346, 37.9985], [-121.8433, 37.99864], [-121.84303, 37.99888], [-121.84302, 37.99889], [-121.84294, 37.99896]]}}, {"type": "Feature", "properties": {"hw": "secondary"}, "geometry": {"type": "LineString", "coordinates": [[-121.84063, 38.00113], [-121.8411, 38.00072], [-121.84116, 38.00066]]}}, {"type": "Feature", "properties": {"hw": "secondary"}, "geometry": {"type": "LineString", "coordinates": [[-121.84248, 37.99951], [-121.84265, 37.99937], [-121.84283, 37.9992], [-121.84294, 37.99912], [-121.84296, 37.99911], [-121.84305, 37.99904]]}}, {"type": "Feature", "properties": {"hw": "secondary"}, "geometry": {"type": "LineString", "coordinates": [[-121.84305, 37.99904], [-121.84312, 37.99897], [-121.84344, 37.99868], [-121.84346, 37.99866], [-121.84358, 37.99856], [-121.84374, 37.99841]]}}, {"type": "Feature", "properties": {"hw": "secondary"}, "geometry": {"type": "LineString", "coordinates": [[-121.84593, 37.99653], [-121.84619, 37.9963], [-121.84627, 37.99623]]}}, {"type": "Feature", "properties": {"hw": "secondary"}, "geometry": {"type": "LineString", "coordinates": [[-121.84116, 38.00066], [-121.84125, 38.00058], [-121.84185, 38.00006], [-121.84248, 37.99951]]}}, {"type": "Feature", "properties": {"hw": "secondary"}, "geometry": {"type": "LineString", "coordinates": [[-121.83866, 38.00261], [-121.83856, 38.0027], [-121.8379, 38.00327], [-121.83779, 38.00336]]}}, {"type": "Feature", "properties": {"hw": "secondary"}, "geometry": {"type": "LineString", "coordinates": [[-121.83802, 38.00346], [-121.83844, 38.00307]]}}, {"type": "Feature", "properties": {"hw": "secondary"}, "geometry": {"type": "LineString", "coordinates": [[-121.83999, 38.0015], [-121.83966, 38.00178], [-121.83945, 38.00195], [-121.83932, 38.00207], [-121.83917, 38.00219]]}}, {"type": "Feature", "properties": {"hw": "secondary"}, "geometry": {"type": "LineString", "coordinates": [[-121.84104, 38.00058], [-121.84047, 38.00108], [-121.84003, 38.00146], [-121.83999, 38.0015]]}}, {"type": "Feature", "properties": {"hw": "secondary"}, "geometry": {"type": "LineString", "coordinates": [[-121.84719, 37.99528], [-121.84618, 37.99616], [-121.84609, 37.99624], [-121.84582, 37.99647]]}}, {"type": "Feature", "properties": {"hw": "secondary"}, "geometry": {"type": "LineString", "coordinates": [[-121.83844, 38.00307], [-121.83884, 38.00272], [-121.83892, 38.00263], [-121.83921, 38.00239], [-121.83931, 38.0023]]}}, {"type": "Feature", "properties": {"hw": "secondary"}, "geometry": {"type": "LineString", "coordinates": [[-121.84627, 37.99623], [-121.84716, 37.99547], [-121.8473, 37.99535]]}}, {"type": "Feature", "properties": {"hw": "secondary"}, "geometry": {"type": "LineString", "coordinates": [[-121.84374, 37.99841], [-121.84376, 37.9984], [-121.84379, 37.99837], [-121.84403, 37.99816], [-121.84406, 37.99814], [-121.84419, 37.99803]]}}, {"type": "Feature", "properties": {"hw": "secondary"}, "geometry": {"type": "LineString", "coordinates": [[-121.84582, 37.99647], [-121.84535, 37.99686], [-121.84425, 37.99782], [-121.84423, 37.99783], [-121.84412, 37.99793]]}}, {"type": "Feature", "properties": {"hw": "secondary"}, "geometry": {"type": "LineString", "coordinates": [[-121.83287, 37.99954], [-121.8333, 37.99941]]}}, {"type": "Feature", "properties": {"hw": "secondary"}, "geometry": {"type": "LineString", "coordinates": [[-121.83742, 37.99869], [-121.83754, 37.99867], [-121.83801, 37.99867]]}}, {"type": "Feature", "properties": {"hw": "tertiary"}, "geometry": {"type": "LineString", "coordinates": [[-121.83801, 37.99867], [-121.83802, 37.99917], [-121.83802, 37.99929]]}}, {"type": "Feature", "properties": {"hw": "tertiary"}, "geometry": {"type": "LineString", "coordinates": [[-121.83814, 38.0013], [-121.83828, 38.00148], [-121.83834, 38.00156], [-121.83857, 38.00174], [-121.8387, 38.00183]]}}, {"type": "Feature", "properties": {"hw": "secondary"}, "geometry": {"type": "LineString", "coordinates": [[-121.83473, 38.00603], [-121.83468, 38.00608], [-121.83433, 38.00639], [-121.83422, 38.00648]]}}, {"type": "Feature", "properties": {"hw": "secondary"}, "geometry": {"type": "LineString", "coordinates": [[-121.83656, 38.00475], [-121.83683, 38.00451]]}}, {"type": "Feature", "properties": {"hw": "secondary"}, "geometry": {"type": "LineString", "coordinates": [[-121.83388, 38.00698], [-121.83423, 38.00668], [-121.83435, 38.00658]]}}, {"type": "Feature", "properties": {"hw": "secondary"}, "geometry": {"type": "LineString", "coordinates": [[-121.83535, 38.00574], [-121.83544, 38.00566]]}}, {"type": "Feature", "properties": {"hw": "secondary"}, "geometry": {"type": "LineString", "coordinates": [[-121.83526, 38.00558], [-121.83481, 38.00597], [-121.83473, 38.00603]]}}, {"type": "Feature", "properties": {"hw": "secondary"}, "geometry": {"type": "LineString", "coordinates": [[-121.83683, 38.00451], [-121.83733, 38.00406]]}}, {"type": "Feature", "properties": {"hw": "secondary"}, "geometry": {"type": "LineString", "coordinates": [[-121.83642, 38.00487], [-121.83656, 38.00475]]}}, {"type": "Feature", "properties": {"hw": "secondary"}, "geometry": {"type": "LineString", "coordinates": [[-121.83435, 38.00658], [-121.83469, 38.00629], [-121.83488, 38.00614]]}}, {"type": "Feature", "properties": {"hw": "secondary"}, "geometry": {"type": "LineString", "coordinates": [[-121.83629, 38.00472], [-121.83595, 38.00499]]}}, {"type": "Feature", "properties": {"hw": "secondary"}, "geometry": {"type": "LineString", "coordinates": [[-121.83733, 38.00406], [-121.83789, 38.00357], [-121.83802, 38.00346]]}}, {"type": "Feature", "properties": {"hw": "secondary"}, "geometry": {"type": "LineString", "coordinates": [[-121.83706, 38.00402], [-121.83641, 38.00461], [-121.83629, 38.00472]]}}, {"type": "Feature", "properties": {"hw": "secondary"}, "geometry": {"type": "LineString", "coordinates": [[-121.83595, 38.00499], [-121.83537, 38.00549], [-121.83526, 38.00558]]}}, {"type": "Feature", "properties": {"hw": "secondary"}, "geometry": {"type": "LineString", "coordinates": [[-121.83779, 38.00336], [-121.83731, 38.00374]]}}, {"type": "Feature", "properties": {"hw": "secondary"}, "geometry": {"type": "LineString", "coordinates": [[-121.83488, 38.00614], [-121.83528, 38.0058], [-121.83535, 38.00574]]}}, {"type": "Feature", "properties": {"hw": "secondary"}, "geometry": {"type": "LineString", "coordinates": [[-121.83731, 38.00374], [-121.83706, 38.00402]]}}, {"type": "Feature", "properties": {"hw": "secondary"}, "geometry": {"type": "LineString", "coordinates": [[-121.8356, 38.00554], [-121.83591, 38.00527], [-121.83635, 38.00491], [-121.83642, 38.00487]]}}, {"type": "Feature", "properties": {"hw": "secondary"}, "geometry": {"type": "LineString", "coordinates": [[-121.83304, 38.00769], [-121.83314, 38.00767], [-121.83341, 38.00739], [-121.83358, 38.00724], [-121.83363, 38.00719], [-121.83388, 38.00698]]}}, {"type": "Feature", "properties": {"hw": "tertiary"}, "geometry": {"type": "LineString", "coordinates": [[-121.83337, 38.00619], [-121.83361, 38.00623], [-121.83375, 38.00626], [-121.83395, 38.00632], [-121.83398, 38.00633], [-121.83412, 38.00642], [-121.83422, 38.00648]]}}, {"type": "Feature", "properties": {"hw": "secondary"}, "geometry": {"type": "LineString", "coordinates": [[-121.84876, 37.98577], [-121.84937, 37.98584]]}}, {"type": "Feature", "properties": {"hw": "secondary"}, "geometry": {"type": "LineString", "coordinates": [[-121.84225, 37.98359], [-121.84248, 37.9837], [-121.84319, 37.98412]]}}, {"type": "Feature", "properties": {"hw": "secondary"}, "geometry": {"type": "LineString", "coordinates": [[-121.84319, 37.98412], [-121.84369, 37.98442]]}}, {"type": "Feature", "properties": {"hw": "secondary"}, "geometry": {"type": "LineString", "coordinates": [[-121.84638, 37.98538], [-121.84611, 37.98535], [-121.84584, 37.98531], [-121.84552, 37.98522], [-121.84519, 37.98511], [-121.84497, 37.98503], [-121.84468, 37.98487], [-121.84378, 37.98433], [-121.84274, 37.98372], [-121.84255, 37.98361], [-121.84235, 37.98351], [-121.84206, 37.98339]]}}, {"type": "Feature", "properties": {"hw": "secondary"}, "geometry": {"type": "LineString", "coordinates": [[-121.83637, 37.98312], [-121.83562, 37.98311]]}}, {"type": "Feature", "properties": {"hw": "secondary"}, "geometry": {"type": "LineString", "coordinates": [[-121.85005, 37.98586], [-121.84939, 37.98573]]}}, {"type": "Feature", "properties": {"hw": "secondary"}, "geometry": {"type": "LineString", "coordinates": [[-121.84939, 37.98573], [-121.847, 37.98546]]}}, {"type": "Feature", "properties": {"hw": "secondary"}, "geometry": {"type": "LineString", "coordinates": [[-121.83502, 37.98321], [-121.83562, 37.98322]]}}, {"type": "Feature", "properties": {"hw": "secondary"}, "geometry": {"type": "LineString", "coordinates": [[-121.83562, 37.98322], [-121.83844, 37.98327]]}}, {"type": "Feature", "properties": {"hw": "secondary"}, "geometry": {"type": "LineString", "coordinates": [[-121.83844, 37.98327], [-121.83879, 37.98327], [-121.83915, 37.98328]]}}, {"type": "Feature", "properties": {"hw": "secondary"}, "geometry": {"type": "LineString", "coordinates": [[-121.847, 37.98546], [-121.84638, 37.98538]]}}, {"type": "Feature", "properties": {"hw": "secondary"}, "geometry": {"type": "LineString", "coordinates": [[-121.83106, 37.98321], [-121.83147, 37.9832], [-121.83294, 37.98318], [-121.83502, 37.98321]]}}, {"type": "Feature", "properties": {"hw": "secondary"}, "geometry": {"type": "LineString", "coordinates": [[-121.84206, 37.98339], [-121.84184, 37.98333], [-121.84163, 37.98328]]}}, {"type": "Feature", "properties": {"hw": "secondary"}, "geometry": {"type": "LineString", "coordinates": [[-121.83562, 37.98311], [-121.83521, 37.9831], [-121.83273, 37.98307], [-121.8317, 37.98309]]}}, {"type": "Feature", "properties": {"hw": "secondary"}, "geometry": {"type": "LineString", "coordinates": [[-121.84163, 37.98328], [-121.84139, 37.98324], [-121.84117, 37.98321], [-121.83915, 37.98317]]}}, {"type": "Feature", "properties": {"hw": "secondary"}, "geometry": {"type": "LineString", "coordinates": [[-121.85296, 37.98717], [-121.85287, 37.98714], [-121.85228, 37.98698], [-121.85201, 37.98686], [-121.8518, 37.98674], [-121.85114, 37.98634]]}}, {"type": "Feature", "properties": {"hw": "secondary"}, "geometry": {"type": "LineString", "coordinates": [[-121.9418, 38.02072], [-121.94181, 38.02096], [-121.94181, 38.021]]}}, {"type": "Feature", "properties": {"hw": "secondary"}, "geometry": {"type": "LineString", "coordinates": [[-121.94198, 38.02024], [-121.942, 38.01968]]}}, {"type": "Feature", "properties": {"hw": "secondary"}, "geometry": {"type": "LineString", "coordinates": [[-121.94197, 38.02091], [-121.94197, 38.02086], [-121.94197, 38.02045], [-121.94197, 38.02033], [-121.94198, 38.02024]]}}, {"type": "Feature", "properties": {"hw": "secondary"}, "geometry": {"type": "LineString", "coordinates": [[-121.9418, 38.02023], [-121.9418, 38.02033], [-121.9418, 38.02044], [-121.9418, 38.02072]]}}, {"type": "Feature", "properties": {"hw": "secondary"}, "geometry": {"type": "LineString", "coordinates": [[-121.942, 38.02489], [-121.942, 38.02465], [-121.942, 38.02446]]}}, {"type": "Feature", "properties": {"hw": "secondary"}, "geometry": {"type": "LineString", "coordinates": [[-121.94186, 38.02406], [-121.94186, 38.02439], [-121.94186, 38.02447]]}}, {"type": "Feature", "properties": {"hw": "secondary"}, "geometry": {"type": "LineString", "coordinates": [[-121.94186, 38.02447], [-121.94187, 38.02479], [-121.94189, 38.02604]]}}, {"type": "Feature", "properties": {"hw": "secondary"}, "geometry": {"type": "LineString", "coordinates": [[-121.94181, 38.021], [-121.94182, 38.0215], [-121.94182, 38.02157]]}}, {"type": "Feature", "properties": {"hw": "secondary"}, "geometry": {"type": "LineString", "coordinates": [[-121.94189, 38.02624], [-121.94189, 38.02628], [-121.94189, 38.02666], [-121.94197, 38.02676]]}}, {"type": "Feature", "properties": {"hw": "secondary"}, "geometry": {"type": "LineString", "coordinates": [[-121.94197, 38.02676], [-121.94203, 38.02666], [-121.94203, 38.02634], [-121.94203, 38.02614], [-121.94203, 38.02604], [-121.94201, 38.02542], [-121.942, 38.02489]]}}, {"type": "Feature", "properties": {"hw": "secondary"}, "geometry": {"type": "LineString", "coordinates": [[-121.94182, 38.02157], [-121.94182, 38.02164], [-121.94182, 38.02198], [-121.94182, 38.02202], [-121.94182, 38.02215], [-121.94182, 38.02227], [-121.94183, 38.02238], [-121.94184, 38.02305], [-121.94186, 38.02406]]}}, {"type": "Feature", "properties": {"hw": "secondary"}, "geometry": {"type": "LineString", "coordinates": [[-121.94201, 38.01939], [-121.94202, 38.01926]]}}, {"type": "Feature", "properties": {"hw": "residential"}, "geometry": {"type": "LineString", "coordinates": [[-121.83449, 37.99284], [-121.8347, 37.99239]]}}, {"type": "Feature", "properties": {"hw": "residential"}, "geometry": {"type": "LineString", "coordinates": [[-121.83376, 37.99065], [-121.83466, 37.99067]]}}, {"type": "Feature", "properties": {"hw": "tertiary"}, "geometry": {"type": "LineString", "coordinates": [[-121.99846, 38.01507], [-121.99872, 38.01489], [-121.99883, 38.01481]]}}, {"type": "Feature", "properties": {"hw": "residential"}, "geometry": {"type": "LineString", "coordinates": [[-121.97121, 38.01507], [-121.97088, 38.01444], [-121.97076, 38.01402]]}}, {"type": "Feature", "properties": {"hw": "residential"}, "geometry": {"type": "LineString", "coordinates": [[-121.88784, 38.0208], [-121.88777, 38.02078], [-121.88774, 38.02078], [-121.88637, 38.02045]]}}, {"type": "Feature", "properties": {"hw": "tertiary"}, "geometry": {"type": "LineString", "coordinates": [[-121.88793, 38.0206], [-121.88805, 38.02068]]}}, {"type": "Feature", "properties": {"hw": "tertiary"}, "geometry": {"type": "LineString", "coordinates": [[-121.89218, 38.0216], [-121.89209, 38.02155], [-121.89208, 38.02154], [-121.89195, 38.02151], [-121.89187, 38.02148], [-121.8916, 38.02142], [-121.89157, 38.02141], [-121.89015, 38.02107]]}}, {"type": "Feature", "properties": {"hw": "tertiary"}, "geometry": {"type": "LineString", "coordinates": [[-121.88805, 38.02068], [-121.88815, 38.02071], [-121.88937, 38.02099], [-121.8895, 38.02102], [-121.89002, 38.02114], [-121.89011, 38.02116]]}}, {"type": "Feature", "properties": {"hw": "residential"}, "geometry": {"type": "LineString", "coordinates": [[-121.8876, 38.02144], [-121.88753, 38.02142], [-121.88574, 38.02098]]}}, {"type": "Feature", "properties": {"hw": "tertiary"}, "geometry": {"type": "LineString", "coordinates": [[-121.88809, 38.02057], [-121.88793, 38.0206]]}}, {"type": "Feature", "properties": {"hw": "tertiary"}, "geometry": {"type": "LineString", "coordinates": [[-121.90304, 38.02099], [-121.9026, 38.02067], [-121.90241, 38.02054], [-121.90227, 38.02045], [-121.90223, 38.02043], [-121.902, 38.02033], [-121.90188, 38.02029], [-121.90174, 38.02023], [-121.90155, 38.02018], [-121.90136, 38.02014], [-121.90088, 38.02009], [-121.90046, 38.02008]]}}, {"type": "Feature", "properties": {"hw": "residential"}, "geometry": {"type": "LineString", "coordinates": [[-121.88654, 38.02311], [-121.88641, 38.02312], [-121.88631, 38.02309], [-121.88486, 38.02261], [-121.88306, 38.02201]]}}, {"type": "Feature", "properties": {"hw": "tertiary"}, "geometry": {"type": "LineString", "coordinates": [[-121.89945, 38.01992], [-121.8999, 38.02001], [-121.89999, 38.02002], [-121.90022, 38.02005], [-121.90046, 38.02008]]}}, {"type": "Feature", "properties": {"hw": "tertiary"}, "geometry": {"type": "LineString", "coordinates": [[-121.89324, 38.0187], [-121.89328, 38.01859], [-121.89333, 38.0185]]}}, {"type": "Feature", "properties": {"hw": "tertiary"}, "geometry": {"type": "LineString", "coordinates": [[-121.90117, 38.0202], [-121.90133, 38.02022], [-121.90136, 38.02022], [-121.90154, 38.02026]]}}, {"type": "Feature", "properties": {"hw": "tertiary"}, "geometry": {"type": "LineString", "coordinates": [[-121.89228, 38.02121], [-121.89251, 38.02058], [-121.89274, 38.02], [-121.89288, 38.01963], [-121.89296, 38.01942], [-121.8931, 38.01906], [-121.89324, 38.0187]]}}, {"type": "Feature", "properties": {"hw": "tertiary"}, "geometry": {"type": "LineString", "coordinates": [[-121.89218, 38.0216], [-121.89218, 38.02153], [-121.89219, 38.02149], [-121.89222, 38.02135], [-121.89228, 38.02121]]}}, {"type": "Feature", "properties": {"hw": "tertiary"}, "geometry": {"type": "LineString", "coordinates": [[-121.89333, 38.0185], [-121.89348, 38.01855], [-121.89422, 38.01874], [-121.8951, 38.01895], [-121.89595, 38.01915], [-121.89683, 38.01936], [-121.89725, 38.01946], [-121.89768, 38.01955], [-121.89822, 38.01964], [-121.89857, 38.01971], [-121.89945, 38.01992]]}}, {"type": "Feature", "properties": {"hw": "unclassified"}, "geometry": {"type": "LineString", "coordinates": [[-121.89089, 38.01906], [-121.89088, 38.01902], [-121.89085, 38.01899], [-121.89051, 38.0189], [-121.8902, 38.01882], [-121.89013, 38.0188]]}}, {"type": "Feature", "properties": {"hw": "residential"}, "geometry": {"type": "LineString", "coordinates": [[-121.89228, 38.02121], [-121.89235, 38.02123], [-121.8926, 38.0206], [-121.89282, 38.02002], [-121.89305, 38.01944], [-121.89326, 38.01887], [-121.89328, 38.01875], [-121.89324, 38.0187]]}}, {"type": "Feature", "properties": {"hw": "residential"}, "geometry": {"type": "LineString", "coordinates": [[-121.87499, 38.01609], [-121.87498, 38.01606], [-121.87496, 38.01604], [-121.87493, 38.01603], [-121.8749, 38.01602], [-121.87487, 38.01603], [-121.87485, 38.01604], [-121.87484, 38.01605], [-121.87482, 38.01607], [-121.87482, 38.0161]]}}, {"type": "Feature", "properties": {"hw": "residential"}, "geometry": {"type": "LineString", "coordinates": [[-121.88056, 38.01719], [-121.88054, 38.01719], [-121.88052, 38.01719], [-121.8805, 38.0172], [-121.88049, 38.01721], [-121.88048, 38.01723], [-121.88048, 38.01723], [-121.88049, 38.01725], [-121.8805, 38.01726], [-121.88052, 38.01728], [-121.88054, 38.01728], [-121.88056, 38.01727], [-121.88058, 38.01727], [-121.8806, 38.01725], [-121.8806, 38.01723], [-121.88059, 38.01722], [-121.88058, 38.0172], [-121.88057, 38.01719], [-121.88056, 38.01719]]}}, {"type": "Feature", "properties": {"hw": "residential"}, "geometry": {"type": "LineString", "coordinates": [[-121.87812, 38.01671], [-121.87764, 38.01798]]}}, {"type": "Feature", "properties": {"hw": "residential"}, "geometry": {"type": "LineString", "coordinates": [[-121.87809, 38.01665], [-121.8775, 38.0165], [-121.87734, 38.01646]]}}, {"type": "Feature", "properties": {"hw": "residential"}, "geometry": {"type": "LineString", "coordinates": [[-121.87482, 38.0161], [-121.87483, 38.01612], [-121.87486, 38.01615], [-121.87488, 38.01615], [-121.87491, 38.01616], [-121.87494, 38.01615], [-121.87497, 38.01614], [-121.87498, 38.01612], [-121.87499, 38.01609]]}}, {"type": "Feature", "properties": {"hw": "residential"}, "geometry": {"type": "LineString", "coordinates": [[-121.8782, 38.01668], [-121.87821, 38.01667], [-121.8782, 38.01665], [-121.87819, 38.01664], [-121.87818, 38.01663], [-121.87815, 38.01662], [-121.87813, 38.01662], [-121.87812, 38.01663], [-121.8781, 38.01664], [-121.87809, 38.01665], [-121.87809, 38.01667], [-121.87809, 38.01668], [-121.8781, 38.0167], [-121.87812, 38.01671], [-121.87814, 38.01671], [-121.87816, 38.01671], [-121.87818, 38.01671], [-121.8782, 38.0167], [-121.8782, 38.01668]]}}, {"type": "Feature", "properties": {"hw": "residential"}, "geometry": {"type": "LineString", "coordinates": [[-121.88056, 38.01719], [-121.88091, 38.01625], [-121.88094, 38.0162]]}}, {"type": "Feature", "properties": {"hw": "residential"}, "geometry": {"type": "LineString", "coordinates": [[-121.87734, 38.01646], [-121.87711, 38.01642], [-121.87661, 38.01633], [-121.87631, 38.01627], [-121.87601, 38.0162], [-121.87574, 38.01614], [-121.87558, 38.01613], [-121.87518, 38.0161], [-121.87499, 38.01609]]}}, {"type": "Feature", "properties": {"hw": "residential"}, "geometry": {"type": "LineString", "coordinates": [[-121.88048, 38.01723], [-121.87987, 38.01717], [-121.8797, 38.01715], [-121.87942, 38.0171], [-121.87929, 38.01707], [-121.87914, 38.01704], [-121.87891, 38.01697], [-121.87853, 38.01682], [-121.8782, 38.01668]]}}, {"type": "Feature", "properties": {"hw": "residential"}, "geometry": {"type": "LineString", "coordinates": [[-121.87107, 38.01615], [-121.87122, 38.01623], [-121.87142, 38.01629], [-121.87161, 38.01634], [-121.8717, 38.01636], [-121.8723, 38.0165], [-121.87268, 38.0166]]}}, {"type": "Feature", "properties": {"hw": "unclassified"}, "geometry": {"type": "LineString", "coordinates": [[-121.86978, 38.01504], [-121.86963, 38.01526]]}}, {"type": "Feature", "properties": {"hw": "residential"}, "geometry": {"type": "LineString", "coordinates": [[-121.87113, 38.0161], [-121.87115, 38.01606], [-121.87115, 38.01602], [-121.87114, 38.016], [-121.87111, 38.01597], [-121.87108, 38.01595], [-121.87106, 38.01594], [-121.87101, 38.01593], [-121.87096, 38.01594], [-121.87091, 38.01595], [-121.87087, 38.016], [-121.87086, 38.01604], [-121.87087, 38.01608], [-121.87089, 38.01612], [-121.87094, 38.01615], [-121.87096, 38.01615], [-121.87099, 38.01616], [-121.87105, 38.01616], [-121.87107, 38.01615], [-121.8711, 38.01614], [-121.87113, 38.0161]]}}, {"type": "Feature", "properties": {"hw": "secondary"}, "geometry": {"type": "LineString", "coordinates": [[-121.91438, 38.01297], [-121.91457, 38.01294]]}}, {"type": "Feature", "properties": {"hw": "tertiary"}, "geometry": {"type": "LineString", "coordinates": [[-121.93967, 38.01954], [-121.93995, 38.01966], [-121.94001, 38.01969]]}}, {"type": "Feature", "properties": {"hw": "tertiary"}, "geometry": {"type": "LineString", "coordinates": [[-121.94001, 38.01969], [-121.94044, 38.01988], [-121.94061, 38.01996], [-121.94081, 38.02004], [-121.94087, 38.02006], [-121.94099, 38.02011], [-121.94116, 38.02016], [-121.94134, 38.0202], [-121.9415, 38.02021], [-121.9417, 38.02022], [-121.9418, 38.02023]]}}, {"type": "Feature", "properties": {"hw": "residential"}, "geometry": {"type": "LineString", "coordinates": [[-121.84369, 37.98442], [-121.84378, 37.98433]]}}, {"type": "Feature", "properties": {"hw": "secondary"}, "geometry": {"type": "LineString", "coordinates": [[-121.8531, 37.9872], [-121.85296, 37.98717]]}}, {"type": "Feature", "properties": {"hw": "tertiary"}, "geometry": {"type": "LineString", "coordinates": [[-121.85305, 37.9873], [-121.85316, 37.98733], [-121.85346, 37.9874]]}}, {"type": "Feature", "properties": {"hw": "secondary"}, "geometry": {"type": "LineString", "coordinates": [[-121.8416, 37.98338], [-121.8417, 37.9834], [-121.84205, 37.9835], [-121.84225, 37.98359]]}}, {"type": "Feature", "properties": {"hw": "secondary"}, "geometry": {"type": "LineString", "coordinates": [[-121.85114, 37.98634], [-121.85081, 37.98615], [-121.85044, 37.98599], [-121.85005, 37.98586]]}}, {"type": "Feature", "properties": {"hw": "residential"}, "geometry": {"type": "LineString", "coordinates": [[-121.85775, 37.99037], [-121.85792, 37.99007]]}}, {"type": "Feature", "properties": {"hw": "residential"}, "geometry": {"type": "LineString", "coordinates": [[-121.85569, 37.98935], [-121.85555, 37.98914], [-121.8555, 37.98906], [-121.85538, 37.98895], [-121.8552, 37.98885], [-121.85508, 37.98877]]}}, {"type": "Feature", "properties": {"hw": "tertiary"}, "geometry": {"type": "LineString", "coordinates": [[-121.85542, 37.98141], [-121.85529, 37.98165], [-121.85476, 37.98296], [-121.85468, 37.9832], [-121.85434, 37.98419], [-121.85427, 37.98429], [-121.85421, 37.98435], [-121.85405, 37.98449], [-121.85392, 37.98464], [-121.85387, 37.98476], [-121.85384, 37.98488], [-121.85377, 37.98535], [-121.85372, 37.98549]]}}, {"type": "Feature", "properties": {"hw": "secondary"}, "geometry": {"type": "LineString", "coordinates": [[-121.84907, 37.99382], [-121.84984, 37.99316], [-121.84997, 37.99304], [-121.85048, 37.9926], [-121.85069, 37.9924], [-121.85096, 37.99208], [-121.85107, 37.99193], [-121.85123, 37.99168], [-121.85137, 37.99141], [-121.85151, 37.99109], [-121.85206, 37.98979], [-121.85243, 37.98894], [-121.85274, 37.98811], [-121.85302, 37.98738], [-121.85305, 37.9873]]}}, {"type": "Feature", "properties": {"hw": "secondary"}, "geometry": {"type": "LineString", "coordinates": [[-121.8443, 37.99793], [-121.84439, 37.99785], [-121.84473, 37.99757]]}}, {"type": "Feature", "properties": {"hw": "secondary"}, "geometry": {"type": "LineString", "coordinates": [[-121.84733, 37.99515], [-121.84719, 37.99528]]}}, {"type": "Feature", "properties": {"hw": "secondary"}, "geometry": {"type": "LineString", "coordinates": [[-121.85296, 37.98717], [-121.85293, 37.98727]]}}, {"type": "Feature", "properties": {"hw": "secondary"}, "geometry": {"type": "LineString", "coordinates": [[-121.85305, 37.9873], [-121.8531, 37.9872]]}}, {"type": "Feature", "properties": {"hw": "tertiary"}, "geometry": {"type": "LineString", "coordinates": [[-121.85372, 37.98549], [-121.85366, 37.98566], [-121.85328, 37.98667]]}}, {"type": "Feature", "properties": {"hw": "tertiary"}, "geometry": {"type": "LineString", "coordinates": [[-121.85328, 37.98667], [-121.85315, 37.98683], [-121.85305, 37.98698], [-121.853, 37.98709], [-121.85296, 37.98717]]}}, {"type": "Feature", "properties": {"hw": "secondary"}, "geometry": {"type": "LineString", "coordinates": [[-121.85205, 37.98948], [-121.852, 37.98958], [-121.85193, 37.98976], [-121.85179, 37.99009]]}}, {"type": "Feature", "properties": {"hw": "tertiary"}, "geometry": {"type": "LineString", "coordinates": [[-121.8531, 37.9872], [-121.85314, 37.98712], [-121.85315, 37.98711], [-121.85324, 37.98683], [-121.85328, 37.98667]]}}, {"type": "Feature", "properties": {"hw": "secondary"}, "geometry": {"type": "LineString", "coordinates": [[-121.85293, 37.98727], [-121.8529, 37.98735], [-121.85278, 37.98765], [-121.85246, 37.98848], [-121.85235, 37.98877], [-121.85205, 37.98948]]}}, {"type": "Feature", "properties": {"hw": "residential"}, "geometry": {"type": "LineString", "coordinates": [[-121.85679, 37.98746], [-121.85614, 37.98795]]}}, {"type": "Feature", "properties": {"hw": "unclassified"}, "geometry": {"type": "LineString", "coordinates": [[-121.84163, 37.98328], [-121.8416, 37.98338]]}}, {"type": "Feature", "properties": {"hw": "unclassified"}, "geometry": {"type": "LineString", "coordinates": [[-121.84986, 37.99297], [-121.84997, 37.99304]]}}, {"type": "Feature", "properties": {"hw": "unclassified"}, "geometry": {"type": "LineString", "coordinates": [[-121.84638, 37.98538], [-121.84636, 37.98549]]}}, {"type": "Feature", "properties": {"hw": "unclassified"}, "geometry": {"type": "LineString", "coordinates": [[-121.8575, 37.99037], [-121.85775, 37.99037]]}}, {"type": "Feature", "properties": {"hw": "tertiary"}, "geometry": {"type": "LineString", "coordinates": [[-121.83526, 38.00558], [-121.83535, 38.00574]]}}, {"type": "Feature", "properties": {"hw": "unclassified"}, "geometry": {"type": "LineString", "coordinates": [[-121.98796, 38.04102], [-121.98794, 38.04017], [-121.98786, 38.03667], [-121.98786, 38.03649], [-121.98786, 38.03643], [-121.98785, 38.03626]]}}, {"type": "Feature", "properties": {"hw": "unclassified"}, "geometry": {"type": "LineString", "coordinates": [[-121.98796, 38.04102], [-121.98775, 38.04104], [-121.98743, 38.04122], [-121.98735, 38.04126]]}}, {"type": "Feature", "properties": {"hw": "unclassified"}, "geometry": {"type": "LineString", "coordinates": [[-121.98804, 38.04507], [-121.98804, 38.04504], [-121.98805, 38.0441], [-121.98805, 38.04401], [-121.98804, 38.04388], [-121.98804, 38.04331], [-121.98804, 38.04234], [-121.98805, 38.04138], [-121.98805, 38.04126], [-121.98805, 38.04121], [-121.98804, 38.04108], [-121.98796, 38.04102]]}}, {"type": "Feature", "properties": {"hw": "tertiary"}, "geometry": {"type": "LineString", "coordinates": [[-121.98735, 38.04126], [-121.98789, 38.04126], [-121.98805, 38.04126], [-121.98827, 38.04126]]}}, {"type": "Feature", "properties": {"hw": "unclassified"}, "geometry": {"type": "LineString", "coordinates": [[-121.98785, 38.03626], [-121.98785, 38.03598]]}}, {"type": "Feature", "properties": {"hw": "unclassified"}, "geometry": {"type": "LineString", "coordinates": [[-121.98785, 38.03598], [-121.98782, 38.03564], [-121.98769, 38.03538], [-121.98761, 38.03518], [-121.98763, 38.03505], [-121.98773, 38.03498], [-121.98827, 38.03498], [-121.98883, 38.0351], [-121.98952, 38.03507], [-121.98974, 38.035], [-121.99006, 38.03472], [-121.99111, 38.0335], [-121.99121, 38.03335], [-121.99124, 38.0333], [-121.99127, 38.03323], [-121.99132, 38.03254], [-121.99136, 38.03199], [-121.99138, 38.03155], [-121.99143, 38.03079], [-121.99151, 38.03047], [-121.99216, 38.02949], [-121.99262, 38.02869], [-121.99295, 38.02796], [-121.99317, 38.02752], [-121.99332, 38.02731], [-121.99379, 38.02686], [-121.99381, 38.02676], [-121.99377, 38.02664], [-121.99375, 38.02652], [-121.99397, 38.0262]]}}, {"type": "Feature", "properties": {"hw": "residential"}, "geometry": {"type": "LineString", "coordinates": [[-121.97049, 38.02685], [-121.97196, 38.02675], [-121.9721, 38.02672], [-121.97221, 38.02667], [-121.97228, 38.02657], [-121.97231, 38.02641]]}}, {"type": "Feature", "properties": {"hw": "residential"}, "geometry": {"type": "LineString", "coordinates": [[-121.97235, 38.0268], [-121.97221, 38.02667]]}}, {"type": "Feature", "properties": {"hw": "residential"}, "geometry": {"type": "LineString", "coordinates": [[-121.95451, 38.02788], [-121.95471, 38.02788], [-121.95477, 38.02788], [-121.95524, 38.02788], [-121.95533, 38.02786], [-121.95536, 38.0278], [-121.95536, 38.02775], [-121.9553, 38.02772], [-121.9552, 38.02771], [-121.95477, 38.02771]]}}, {"type": "Feature", "properties": {"hw": "unclassified"}, "geometry": {"type": "LineString", "coordinates": [[-121.96449, 38.02561], [-121.96453, 38.0255], [-121.9646, 38.02541], [-121.96469, 38.02534], [-121.96482, 38.02535], [-121.96488, 38.0254], [-121.96493, 38.02546], [-121.96493, 38.02556], [-121.96489, 38.0258], [-121.96479, 38.02607], [-121.96478, 38.02624], [-121.96481, 38.02648], [-121.96491, 38.02669], [-121.96495, 38.02674], [-121.96504, 38.02684], [-121.96535, 38.0271], [-121.9656, 38.02724], [-121.96575, 38.02734], [-121.96578, 38.02747], [-121.96576, 38.0277]]}}, {"type": "Feature", "properties": {"hw": "unclassified"}, "geometry": {"type": "LineString", "coordinates": [[-121.94091, 38.02876], [-121.94134, 38.02877], [-121.94161, 38.02854]]}}, {"type": "Feature", "properties": {"hw": "residential"}, "geometry": {"type": "LineString", "coordinates": [[-121.93312, 38.02128], [-121.93312, 38.02158], [-121.93312, 38.02191]]}}, {"type": "Feature", "properties": {"hw": "residential"}, "geometry": {"type": "LineString", "coordinates": [[-121.93385, 38.0209], [-121.93409, 38.0209], [-121.93429, 38.02086], [-121.93471, 38.02085]]}}, {"type": "Feature", "properties": {"hw": "residential"}, "geometry": {"type": "LineString", "coordinates": [[-121.93392, 38.02565], [-121.93481, 38.02565]]}}, {"type": "Feature", "properties": {"hw": "residential"}, "geometry": {"type": "LineString", "coordinates": [[-121.96403, 38.01937], [-121.96394, 38.01945], [-121.96392, 38.01964], [-121.96396, 38.01974]]}}, {"type": "Feature", "properties": {"hw": "residential"}, "geometry": {"type": "LineString", "coordinates": [[-121.96459, 38.01979], [-121.9646, 38.02131], [-121.96456, 38.02144]]}}, {"type": "Feature", "properties": {"hw": "residential"}, "geometry": {"type": "LineString", "coordinates": [[-121.96541, 38.01989], [-121.96524, 38.02033], [-121.96524, 38.02062], [-121.96525, 38.02145]]}}, {"type": "Feature", "properties": {"hw": "residential"}, "geometry": {"type": "LineString", "coordinates": [[-121.96524, 38.02062], [-121.9659, 38.02062]]}}, {"type": "Feature", "properties": {"hw": "residential"}, "geometry": {"type": "LineString", "coordinates": [[-121.96945, 38.02264], [-121.96952, 38.02248], [-121.9696, 38.02229], [-121.96974, 38.02205], [-121.96989, 38.02181], [-121.97001, 38.02171]]}}, {"type": "Feature", "properties": {"hw": "residential"}, "geometry": {"type": "LineString", "coordinates": [[-121.96915, 38.02242], [-121.96925, 38.02256], [-121.96945, 38.02264], [-121.97043, 38.0229], [-121.97049, 38.02273], [-121.97067, 38.02228], [-121.96974, 38.02205]]}}, {"type": "Feature", "properties": {"hw": "residential"}, "geometry": {"type": "LineString", "coordinates": [[-121.93909, 38.01542], [-121.93908, 38.01561]]}}, {"type": "Feature", "properties": {"hw": "residential"}, "geometry": {"type": "LineString", "coordinates": [[-121.93383, 38.01552], [-121.93382, 38.01608]]}}, {"type": "Feature", "properties": {"hw": "unclassified"}, "geometry": {"type": "LineString", "coordinates": [[-121.95995, 38.01853], [-121.95995, 38.01845], [-121.95996, 38.0183], [-121.95996, 38.01804], [-121.95994, 38.01796], [-121.9599, 38.01776], [-121.9598, 38.01752], [-121.95968, 38.01732], [-121.95959, 38.01719], [-121.95951, 38.0171], [-121.95937, 38.01696], [-121.95921, 38.01683], [-121.95898, 38.01668], [-121.9588, 38.01658], [-121.95866, 38.01649], [-121.9585, 38.01634], [-121.95837, 38.01618], [-121.95825, 38.01597], [-121.95815, 38.01574], [-121.95809, 38.01544], [-121.95809, 38.01508], [-121.95811, 38.01491], [-121.95816, 38.01471], [-121.95827, 38.01451]]}}, {"type": "Feature", "properties": {"hw": "tertiary"}, "geometry": {"type": "LineString", "coordinates": [[-121.95633, 38.01508], [-121.95634, 38.0149], [-121.95636, 38.01471], [-121.95637, 38.01462]]}}, {"type": "Feature", "properties": {"hw": "residential"}, "geometry": {"type": "LineString", "coordinates": [[-121.95029, 38.01083], [-121.95049, 38.01077], [-121.95072, 38.01066], [-121.95091, 38.01052], [-121.95096, 38.01027], [-121.95093, 38.00969], [-121.95096, 38.00952], [-121.95101, 38.00931], [-121.95138, 38.00856], [-121.9516, 38.00825], [-121.95184, 38.00812], [-121.95208, 38.00803], [-121.95232, 38.00794], [-121.95305, 38.00777], [-121.95389, 38.00814], [-121.95463, 38.00858], [-121.95483, 38.0088], [-121.95494, 38.00897], [-121.95498, 38.00907], [-121.95501, 38.00927], [-121.95502, 38.00934], [-121.95498, 38.00948], [-121.95495, 38.00962], [-121.95487, 38.00978], [-121.95476, 38.00999], [-121.95464, 38.01021], [-121.95434, 38.01073], [-121.95426, 38.01096], [-121.95423, 38.01114], [-121.95424, 38.01148], [-121.95431, 38.01179], [-121.95428, 38.01213], [-121.95418, 38.01237], [-121.95393, 38.01284]]}}, {"type": "Feature", "properties": {"hw": "tertiary"}, "geometry": {"type": "LineString", "coordinates": [[-121.95393, 38.01284], [-121.95379, 38.01314], [-121.9535, 38.01351], [-121.9533, 38.01375], [-121.95314, 38.0141], [-121.95312, 38.01447], [-121.95275, 38.01506], [-121.95217, 38.01605], [-121.95194, 38.01642], [-121.95186, 38.01653]]}}, {"type": "Feature", "properties": {"hw": "residential"}, "geometry": {"type": "LineString", "coordinates": [[-121.9533, 38.01375], [-121.95243, 38.01347]]}}, {"type": "Feature", "properties": {"hw": "residential"}, "geometry": {"type": "LineString", "coordinates": [[-121.95477, 38.02778], [-121.95472, 38.02778], [-121.95451, 38.02777]]}}, {"type": "Feature", "properties": {"hw": "tertiary"}, "geometry": {"type": "LineString", "coordinates": [[-121.95568, 38.01648], [-121.95557, 38.01654], [-121.95548, 38.01668], [-121.95535, 38.01696], [-121.95518, 38.01763], [-121.95515, 38.01773]]}}, {"type": "Feature", "properties": {"hw": "tertiary"}, "geometry": {"type": "LineString", "coordinates": [[-121.95526, 38.01774], [-121.95529, 38.01764], [-121.95544, 38.01707], [-121.95549, 38.01686], [-121.95553, 38.01677], [-121.9556, 38.01666], [-121.95567, 38.01656], [-121.95568, 38.01648]]}}, {"type": "Feature", "properties": {"hw": "tertiary"}, "geometry": {"type": "LineString", "coordinates": [[-121.96615, 38.0195], [-121.96623, 38.0195], [-121.96665, 38.01951], [-121.9669, 38.01953], [-121.96701, 38.01955]]}}, {"type": "Feature", "properties": {"hw": "residential"}, "geometry": {"type": "LineString", "coordinates": [[-121.92716, 38.02557], [-121.92716, 38.02541]]}}, {"type": "Feature", "properties": {"hw": "unclassified"}, "geometry": {"type": "LineString", "coordinates": [[-121.98276, 38.01761], [-121.9823, 38.01712], [-121.98183, 38.01685], [-121.98098, 38.01665], [-121.98091, 38.01665], [-121.98015, 38.01662], [-121.97979, 38.01646]]}}, {"type": "Feature", "properties": {"hw": "residential"}, "geometry": {"type": "LineString", "coordinates": [[-121.94627, 38.02298], [-121.94627, 38.02305], [-121.94627, 38.02318], [-121.94628, 38.02334], [-121.94629, 38.02373]]}}, {"type": "Feature", "properties": {"hw": "residential"}, "geometry": {"type": "LineString", "coordinates": [[-121.94436, 38.01457], [-121.94422, 38.01458], [-121.94413, 38.01462], [-121.9442, 38.01466], [-121.94437, 38.01466]]}}, {"type": "Feature", "properties": {"hw": "residential"}, "geometry": {"type": "LineString", "coordinates": [[-121.94273, 38.02743], [-121.94264, 38.02755], [-121.94263, 38.02763], [-121.94271, 38.02768], [-121.94279, 38.02768], [-121.94281, 38.02762], [-121.94273, 38.02743]]}}, {"type": "Feature", "properties": {"hw": "living_street"}, "geometry": {"type": "LineString", "coordinates": [[-121.94948, 38.02274], [-121.94949, 38.02236]]}}, {"type": "Feature", "properties": {"hw": "residential"}, "geometry": {"type": "LineString", "coordinates": [[-121.94786, 38.02261], [-121.94769, 38.0226], [-121.9475, 38.02264], [-121.94736, 38.02279], [-121.9473, 38.02293], [-121.94732, 38.02309], [-121.94743, 38.02323], [-121.94758, 38.02331], [-121.94776, 38.02335], [-121.94788, 38.02332], [-121.94793, 38.02327], [-121.94789, 38.02306], [-121.94784, 38.02286], [-121.94786, 38.02261]]}}, {"type": "Feature", "properties": {"hw": "residential"}, "geometry": {"type": "LineString", "coordinates": [[-121.94435, 38.0138], [-121.9442, 38.01381], [-121.94416, 38.01385], [-121.94419, 38.01388], [-121.94435, 38.01389]]}}, {"type": "Feature", "properties": {"hw": "tertiary"}, "geometry": {"type": "LineString", "coordinates": [[-121.95099, 38.02084], [-121.95107, 38.02094]]}}, {"type": "Feature", "properties": {"hw": "residential"}, "geometry": {"type": "LineString", "coordinates": [[-121.96212, 38.01893], [-121.96209, 38.01903]]}}, {"type": "Feature", "properties": {"hw": "residential"}, "geometry": {"type": "LineString", "coordinates": [[-121.96206, 38.01939], [-121.96213, 38.01928], [-121.96217, 38.01915], [-121.96218, 38.01913], [-121.9622, 38.01905]]}}, {"type": "Feature", "properties": {"hw": "residential"}, "geometry": {"type": "LineString", "coordinates": [[-121.92838, 38.02677], [-121.92834, 38.02681], [-121.92834, 38.02715], [-121.92837, 38.02726]]}}, {"type": "Feature", "properties": {"hw": "residential"}, "geometry": {"type": "LineString", "coordinates": [[-121.92837, 38.02726], [-121.92843, 38.02715], [-121.92842, 38.02681], [-121.92838, 38.02677]]}}, {"type": "Feature", "properties": {"hw": "residential"}, "geometry": {"type": "LineString", "coordinates": [[-121.93104, 38.02679], [-121.93104, 38.02695], [-121.93105, 38.02709], [-121.93112, 38.02725], [-121.93112, 38.02711], [-121.93113, 38.02679]]}}, {"type": "Feature", "properties": {"hw": "residential"}, "geometry": {"type": "LineString", "coordinates": [[-121.85837, 38.01684], [-121.8591, 38.01702], [-121.85919, 38.01707], [-121.85923, 38.01714], [-121.85924, 38.01726], [-121.85914, 38.01751], [-121.85863, 38.0188], [-121.85868, 38.01897], [-121.8582, 38.02015], [-121.85818, 38.02049], [-121.85818, 38.0207], [-121.85812, 38.0208], [-121.85794, 38.02078], [-121.85677, 38.02055]]}}, {"type": "Feature", "properties": {"hw": "residential"}, "geometry": {"type": "LineString", "coordinates": [[-122.00484, 38.04455], [-122.0051, 38.04461], [-122.00553, 38.04472], [-122.00622, 38.0449]]}}, {"type": "Feature", "properties": {"hw": "unclassified"}, "geometry": {"type": "LineString", "coordinates": [[-121.96339, 38.00672], [-121.96334, 38.00667], [-121.96265, 38.00604], [-121.96217, 38.00562], [-121.96195, 38.00543], [-121.96175, 38.00516], [-121.96163, 38.00497], [-121.96157, 38.00483], [-121.96155, 38.00474]]}}, {"type": "Feature", "properties": {"hw": "unclassified"}, "geometry": {"type": "LineString", "coordinates": [[-121.96147, 38.00873], [-121.96149, 38.00866], [-121.96152, 38.00862], [-121.96184, 38.00837], [-121.96201, 38.00823], [-121.96218, 38.00814], [-121.96229, 38.00806], [-121.96245, 38.00787], [-121.96285, 38.0074], [-121.96332, 38.00694], [-121.96338, 38.00686], [-121.96339, 38.0068], [-121.96339, 38.00672], [-121.96339, 38.00663], [-121.96341, 38.00657], [-121.96354, 38.00637], [-121.96365, 38.00617], [-121.96368, 38.00608], [-121.96375, 38.00578]]}}, {"type": "Feature", "properties": {"hw": "unclassified"}, "geometry": {"type": "LineString", "coordinates": [[-121.96137, 38.00876], [-121.96122, 38.00866], [-121.96111, 38.00853], [-121.96105, 38.00843], [-121.96103, 38.00837], [-121.961, 38.00814], [-121.96099, 38.00792], [-121.96104, 38.00764], [-121.96121, 38.00699], [-121.96129, 38.00678], [-121.96129, 38.00659], [-121.96126, 38.00644], [-121.96116, 38.00616], [-121.96115, 38.0061], [-121.96117, 38.00602], [-121.96122, 38.00574], [-121.96121, 38.00554], [-121.96118, 38.00536], [-121.96115, 38.00498], [-121.96116, 38.00485], [-121.9612, 38.00478], [-121.96126, 38.00474], [-121.96132, 38.00473], [-121.96155, 38.00474], [-121.96206, 38.00482], [-121.96262, 38.00494], [-121.96272, 38.00499], [-121.9628, 38.00503], [-121.96302, 38.00521], [-121.96315, 38.00537], [-121.96327, 38.0055], [-121.96341, 38.0056], [-121.96359, 38.0057], [-121.96375, 38.00578], [-121.96384, 38.00582]]}}, {"type": "Feature", "properties": {"hw": "unclassified"}, "geometry": {"type": "LineString", "coordinates": [[-121.96794, 38.00277], [-121.96796, 38.00309], [-121.96796, 38.00326], [-121.96799, 38.0034], [-121.96806, 38.0036], [-121.96814, 38.00371]]}}, {"type": "Feature", "properties": {"hw": "unclassified"}, "geometry": {"type": "LineString", "coordinates": [[-121.96637, 38.00611], [-121.96646, 38.00595], [-121.96651, 38.00586], [-121.96662, 38.00569], [-121.9669, 38.00526], [-121.96706, 38.00503], [-121.96738, 38.00466], [-121.96782, 38.00422], [-121.96796, 38.00406], [-121.96805, 38.00391], [-121.96808, 38.00384], [-121.96811, 38.00375], [-121.96814, 38.00371], [-121.96816, 38.00368], [-121.96821, 38.00364], [-121.96824, 38.00361], [-121.96825, 38.00356], [-121.96823, 38.00346], [-121.96816, 38.00304], [-121.96814, 38.0028]]}}, {"type": "Feature", "properties": {"hw": "unclassified"}, "geometry": {"type": "LineString", "coordinates": [[-121.96651, 38.00586], [-121.96639, 38.0058], [-121.96632, 38.00573], [-121.96623, 38.00563], [-121.96618, 38.00549], [-121.9662, 38.00542], [-121.96625, 38.00535], [-121.96627, 38.00533], [-121.96635, 38.00529], [-121.96648, 38.00524], [-121.9669, 38.00496], [-121.96697, 38.00489], [-121.96701, 38.0048], [-121.96709, 38.00459], [-121.96714, 38.00451], [-121.96725, 38.00441], [-121.96734, 38.00436], [-121.96774, 38.00419], [-121.96796, 38.00406]]}}, {"type": "Feature", "properties": {"hw": "unclassified"}, "geometry": {"type": "LineString", "coordinates": [[-121.96155, 38.00474], [-121.96151, 38.00458], [-121.96151, 38.00454], [-121.96154, 38.00449], [-121.9617, 38.00433], [-121.96186, 38.00422], [-121.96195, 38.00417], [-121.96221, 38.00406], [-121.96264, 38.00388], [-121.96326, 38.00369], [-121.96338, 38.00365], [-121.96355, 38.00364], [-121.96368, 38.00365], [-121.96382, 38.00369], [-121.96462, 38.00409], [-121.96472, 38.00415], [-121.96494, 38.00436], [-121.96528, 38.00466], [-121.96535, 38.0047], [-121.96548, 38.00474], [-121.96583, 38.00482], [-121.96591, 38.00485], [-121.96601, 38.00491], [-121.96626, 38.0052], [-121.96627, 38.00533]]}}, {"type": "Feature", "properties": {"hw": "residential"}, "geometry": {"type": "LineString", "coordinates": [[-121.85716, 38.02392], [-121.85719, 38.02384], [-121.85726, 38.02365], [-121.85732, 38.02352], [-121.85748, 38.02309], [-121.85753, 38.02293], [-121.85783, 38.02217], [-121.85782, 38.02204], [-121.85772, 38.02179], [-121.85757, 38.02164], [-121.85716, 38.02155], [-121.85691, 38.02149], [-121.8564, 38.02135]]}}, {"type": "Feature", "properties": {"hw": "residential"}, "geometry": {"type": "LineString", "coordinates": [[-121.96344, 38.02682], [-121.96348, 38.02627], [-121.96347, 38.0262]]}}, {"type": "Feature", "properties": {"hw": "residential"}, "geometry": {"type": "LineString", "coordinates": [[-122.0051, 38.04461], [-122.00529, 38.04419], [-122.00569, 38.04429]]}}, {"type": "Feature", "properties": {"hw": "unclassified"}, "geometry": {"type": "LineString", "coordinates": [[-121.89465, 37.99066], [-121.8946, 37.99067], [-121.89455, 37.99068], [-121.89444, 37.99068], [-121.89434, 37.99067], [-121.89428, 37.99067], [-121.89417, 37.99064], [-121.89413, 37.99062], [-121.8941, 37.99058], [-121.89412, 37.99046], [-121.89429, 37.99013]]}}, {"type": "Feature", "properties": {"hw": "unclassified"}, "geometry": {"type": "LineString", "coordinates": [[-121.89846, 37.98265], [-121.89834, 37.98267], [-121.89818, 37.98267], [-121.89812, 37.98266], [-121.89802, 37.98263], [-121.89793, 37.98256], [-121.8979, 37.98252], [-121.8979, 37.98248], [-121.89794, 37.98231], [-121.89794, 37.98223], [-121.89792, 37.98214], [-121.8979, 37.9821], [-121.89787, 37.98207], [-121.89782, 37.98205], [-121.89777, 37.98205], [-121.89767, 37.98208], [-121.89749, 37.98219], [-121.89712, 37.98252], [-121.8971, 37.98256], [-121.89709, 37.98265], [-121.89709, 37.98269], [-121.8971, 37.98274], [-121.89723, 37.98283], [-121.89736, 37.98291], [-121.8974, 37.98295], [-121.89742, 37.98298], [-121.89743, 37.98303], [-121.89743, 37.98328], [-121.89743, 37.98341], [-121.89744, 37.98346], [-121.89752, 37.98367], [-121.89753, 37.98373], [-121.89751, 37.98386], [-121.89748, 37.98398], [-121.89745, 37.98407], [-121.89741, 37.98415], [-121.89733, 37.98436], [-121.89719, 37.98455], [-121.89712, 37.98461], [-121.89688, 37.98479], [-121.89664, 37.98489], [-121.8965, 37.98501], [-121.8964, 37.98511], [-121.89636, 37.98514], [-121.89632, 37.98518], [-121.89617, 37.98536], [-121.89614, 37.98539], [-121.89613, 37.98543], [-121.89608, 37.98565], [-121.89603, 37.98577], [-121.89596, 37.98587], [-121.89585, 37.98596], [-121.89576, 37.98602], [-121.89566, 37.98606], [-121.89551, 37.98609], [-121.89546, 37.9861], [-121.8953, 37.98607], [-121.89525, 37.98606], [-121.89519, 37.98606], [-121.89509, 37.98609], [-121.89507, 37.98613], [-121.89511, 37.98617], [-121.89525, 37.98625], [-121.89542, 37.98644], [-121.89549, 37.9866], [-121.89551, 37.98669], [-121.89551, 37.98691], [-121.89553, 37.98713], [-121.89553, 37.98718], [-121.89545, 37.98743], [-121.89544, 37.98752], [-121.89545, 37.98756], [-121.89546, 37.9876], [-121.89551, 37.98768], [-121.89553, 37.98772], [-121.89553, 37.98776], [-121.89558, 37.98785], [-121.89559, 37.98789], [-121.89558, 37.98802], [-121.89555, 37.9881], [-121.89549, 37.98822], [-121.89545, 37.98825], [-121.8954, 37.98833], [-121.89533, 37.9884], [-121.89522, 37.9885], [-121.89505, 37.98866], [-121.89497, 37.98876], [-121.89496, 37.9888], [-121.89489, 37.98892], [-121.89476, 37.98906], [-121.89467, 37.98917], [-121.89465, 37.98921], [-121.89464, 37.98925], [-121.8946, 37.98942], [-121.89457, 37.98947], [-121.89448, 37.98954], [-121.89422, 37.98973], [-121.89419, 37.98977], [-121.89417, 37.98981], [-121.8942, 37.98989], [-121.89423, 37.98996], [-121.89424, 37.99], [-121.89429, 37.99013], [-121.89431, 37.99021], [-121.89438, 37.99034], [-121.89441, 37.99038], [-121.89445, 37.99041], [-121.8945, 37.99042], [-121.89456, 37.99044], [-121.8947, 37.99054], [-121.8947, 37.99058], [-121.89468, 37.99062], [-121.89465, 37.99066]]}}, {"type": "Feature", "properties": {"hw": "residential"}, "geometry": {"type": "LineString", "coordinates": [[-121.87614, 38.03021], [-121.8758, 38.03111]]}}, {"type": "Feature", "properties": {"hw": "residential"}, "geometry": {"type": "LineString", "coordinates": [[-121.94499, 38.01992], [-121.94492, 38.02003], [-121.94489, 38.02012], [-121.94489, 38.02022], [-121.94492, 38.02036], [-121.94489, 38.02059], [-121.94477, 38.02094], [-121.94476, 38.02144]]}}, {"type": "Feature", "properties": {"hw": "unclassified"}, "geometry": {"type": "LineString", "coordinates": [[-121.99753, 38.02108], [-121.99772, 38.02148], [-121.99805, 38.02205], [-121.99814, 38.02225]]}}, {"type": "Feature", "properties": {"hw": "unclassified"}, "geometry": {"type": "LineString", "coordinates": [[-121.84027, 38.0125], [-121.84019, 38.01282], [-121.83993, 38.01355], [-121.83955, 38.01465], [-121.83945, 38.01489], [-121.8392, 38.0156], [-121.83901, 38.0162], [-121.8389, 38.01645], [-121.83878, 38.01671], [-121.83848, 38.01726], [-121.838, 38.01816], [-121.83796, 38.01829], [-121.83795, 38.01843], [-121.83795, 38.01869], [-121.83798, 38.01879], [-121.83802, 38.01893], [-121.83802, 38.01901], [-121.83802, 38.01905], [-121.83798, 38.02028], [-121.83796, 38.02129], [-121.83791, 38.02135], [-121.83779, 38.02143], [-121.83762, 38.02148], [-121.83751, 38.02149], [-121.83738, 38.02148], [-121.83726, 38.02144], [-121.83648, 38.02124], [-121.83606, 38.02107], [-121.83571, 38.02089], [-121.83507, 38.02049], [-121.83483, 38.0204], [-121.83429, 38.02028], [-121.83396, 38.02027], [-121.83353, 38.0202], [-121.83275, 38.02001], [-121.83231, 38.01994], [-121.83182, 38.01981], [-121.83157, 38.01975], [-121.83154, 38.01971], [-121.83154, 38.01966], [-121.83162, 38.01959], [-121.83184, 38.01943], [-121.83204, 38.01924], [-121.83213, 38.0192], [-121.83226, 38.01918], [-121.83403, 38.01918], [-121.83489, 38.01918], [-121.83501, 38.01919], [-121.83513, 38.01923], [-121.83524, 38.0193], [-121.83532, 38.01938], [-121.83541, 38.01949], [-121.83548, 38.01962], [-121.83558, 38.01982], [-121.83567, 38.01993], [-121.83585, 38.02016], [-121.83614, 38.02047], [-121.83637, 38.02072], [-121.8366, 38.02086], [-121.8368, 38.02097], [-121.83697, 38.02107], [-121.8371, 38.0212], [-121.83717, 38.0213], [-121.83726, 38.02144]]}}, {"type": "Feature", "properties": {"hw": "residential"}, "geometry": {"type": "LineString", "coordinates": [[-121.89671, 38.02829], [-121.89671, 38.02823], [-121.89672, 38.02804], [-121.89669, 38.02795], [-121.89664, 38.02788], [-121.89657, 38.02783], [-121.89644, 38.02783], [-121.89629, 38.02783], [-121.8962, 38.02788], [-121.89615, 38.02795], [-121.89612, 38.02804], [-121.89612, 38.0282], [-121.89612, 38.02828]]}}, {"type": "Feature", "properties": {"hw": "residential"}, "geometry": {"type": "LineString", "coordinates": [[-121.83556, 37.99884], [-121.83556, 37.99872], [-121.83578, 37.99847], [-121.83615, 37.99804], [-121.83627, 37.998], [-121.83647, 37.99806], [-121.8374, 37.99805], [-121.83782, 37.99805]]}}, {"type": "Feature", "properties": {"hw": "unclassified"}, "geometry": {"type": "LineString", "coordinates": [[-121.99956, 38.00277], [-121.99966, 38.00263], [-121.99968, 38.00259], [-121.99981, 38.00222]]}}, {"type": "Feature", "properties": {"hw": "unclassified"}, "geometry": {"type": "LineString", "coordinates": [[-122.0007, 38.00023], [-122.00091, 38.00025], [-122.00103, 38.00033], [-122.0011, 38.00042], [-122.00111, 38.00049], [-122.00107, 38.00067], [-122.00067, 38.00166], [-122.00059, 38.00181], [-122.00048, 38.00188], [-122.00033, 38.00191], [-122.00028, 38.00191], [-122.00002, 38.00188], [-121.99993, 38.00187]]}}, {"type": "Feature", "properties": {"hw": "residential"}, "geometry": {"type": "LineString", "coordinates": [[-121.95512, 38.01783], [-121.95509, 38.01791], [-121.95507, 38.01801], [-121.95483, 38.01903]]}}, {"type": "Feature", "properties": {"hw": "residential"}, "geometry": {"type": "LineString", "coordinates": [[-121.84182, 38.01251], [-121.84182, 38.01239], [-121.84182, 38.01198], [-121.84182, 38.01195], [-121.84182, 38.01186], [-121.84182, 38.01152], [-121.84182, 38.01132], [-121.84182, 38.01129], [-121.84182, 38.011], [-121.84171, 38.01079], [-121.84152, 38.01066], [-121.84121, 38.01055], [-121.84112, 38.01053], [-121.84082, 38.01046], [-121.8406, 38.01041], [-121.83993, 38.01027], [-121.83948, 38.01018], [-121.8393, 38.01014], [-121.83913, 38.01011], [-121.83883, 38.01004], [-121.8386, 38.01], [-121.83739, 38.00975], [-121.83649, 38.00956], [-121.83643, 38.00955], [-121.83595, 38.00945], [-121.83501, 38.00925], [-121.83479, 38.0092], [-121.83432, 38.0091], [-121.83428, 38.00909], [-121.83418, 38.00909], [-121.83403, 38.00907], [-121.83393, 38.00909], [-121.83379, 38.00911], [-121.83365, 38.00917], [-121.83348, 38.00929], [-121.83295, 38.00995], [-121.83292, 38.00999], [-121.83284, 38.01009]]}}, {"type": "Feature", "properties": {"hw": "residential"}, "geometry": {"type": "LineString", "coordinates": [[-121.97882, 38.03813], [-121.97789, 38.03813], [-121.977, 38.03814], [-121.97698, 38.03731], [-121.97787, 38.0373]]}}, {"type": "Feature", "properties": {"hw": "residential"}, "geometry": {"type": "LineString", "coordinates": [[-121.97789, 38.03813], [-121.97787, 38.0373]]}}, {"type": "Feature", "properties": {"hw": "residential"}, "geometry": {"type": "LineString", "coordinates": [[-121.97698, 38.03731], [-121.97698, 38.03681]]}}, {"type": "Feature", "properties": {"hw": "residential"}, "geometry": {"type": "LineString", "coordinates": [[-121.8977, 38.02747], [-121.89727, 38.02766]]}}, {"type": "Feature", "properties": {"hw": "tertiary"}, "geometry": {"type": "LineString", "coordinates": [[-121.83453, 37.99016], [-121.83474, 37.99022], [-121.83512, 37.99024], [-121.83529, 37.99021]]}}, {"type": "Feature", "properties": {"hw": "tertiary"}, "geometry": {"type": "LineString", "coordinates": [[-121.83784, 37.99025], [-121.8384, 37.99027], [-121.83927, 37.99028], [-121.8402, 37.99031]]}}, {"type": "Feature", "properties": {"hw": "tertiary"}, "geometry": {"type": "LineString", "coordinates": [[-121.83529, 37.99021], [-121.83514, 37.99013], [-121.83504, 37.99011], [-121.83481, 37.99009], [-121.83453, 37.99016]]}}, {"type": "Feature", "properties": {"hw": "unclassified"}, "geometry": {"type": "LineString", "coordinates": [[-121.88814, 37.99061], [-121.88863, 37.99052], [-121.88901, 37.99028], [-121.88941, 37.98991], [-121.88991, 37.98913], [-121.89017, 37.98841], [-121.89021, 37.98796], [-121.8904, 37.98759], [-121.8903, 37.98703], [-121.89118, 37.98493], [-121.89179, 37.98478], [-121.89243, 37.98498], [-121.89393, 37.98565], [-121.89509, 37.98609]]}}, {"type": "Feature", "properties": {"hw": "residential"}, "geometry": {"type": "LineString", "coordinates": [[-121.84063, 37.9965], [-121.84029, 37.99616]]}}, {"type": "Feature", "properties": {"hw": "residential"}, "geometry": {"type": "LineString", "coordinates": [[-121.84106, 37.997], [-121.84092, 37.99703]]}}, {"type": "Feature", "properties": {"hw": "unclassified"}, "geometry": {"type": "LineString", "coordinates": [[-121.95651, 38.00531], [-121.95658, 38.00553], [-121.95656, 38.00566], [-121.95632, 38.00591], [-121.95615, 38.00641], [-121.9561, 38.00659], [-121.95589, 38.00679], [-121.95592, 38.00692], [-121.95634, 38.00708], [-121.95639, 38.00726]]}}, {"type": "Feature", "properties": {"hw": "residential"}, "geometry": {"type": "LineString", "coordinates": [[-121.89645, 38.02829], [-121.89646, 38.02867]]}}, {"type": "Feature", "properties": {"hw": "residential"}, "geometry": {"type": "LineString", "coordinates": [[-121.8958, 38.02828], [-121.89581, 38.02867]]}}, {"type": "Feature", "properties": {"hw": "secondary"}, "geometry": {"type": "LineString", "coordinates": [[-121.87895, 38.02518], [-121.87883, 38.02516]]}}, {"type": "Feature", "properties": {"hw": "secondary"}, "geometry": {"type": "LineString", "coordinates": [[-121.91997, 38.02672], [-121.92072, 38.02673]]}}, {"type": "Feature", "properties": {"hw": "unclassified"}, "geometry": {"type": "LineString", "coordinates": [[-121.96421, 38.00934], [-121.96419, 38.00889], [-121.96422, 38.00862], [-121.96432, 38.00829]]}}, {"type": "Feature", "properties": {"hw": "unclassified"}, "geometry": {"type": "LineString", "coordinates": [[-121.96418, 38.00829], [-121.96408, 38.00864], [-121.96404, 38.00894], [-121.96409, 38.00937]]}}, {"type": "Feature", "properties": {"hw": "residential"}, "geometry": {"type": "LineString", "coordinates": [[-121.97585, 38.01824], [-121.97594, 38.01824], [-121.97752, 38.01787], [-121.97806, 38.01775], [-121.97817, 38.01772], [-121.97823, 38.01767], [-121.97824, 38.01615], [-121.97824, 38.01604], [-121.97818, 38.01585], [-121.9781, 38.01569], [-121.97798, 38.01554], [-121.97729, 38.01489], [-121.97723, 38.01485], [-121.97713, 38.01486], [-121.97676, 38.01494], [-121.97571, 38.01514], [-121.97463, 38.0154], [-121.9746, 38.01545], [-121.9746, 38.01551], [-121.97469, 38.01577]]}}, {"type": "Feature", "properties": {"hw": "residential"}, "geometry": {"type": "LineString", "coordinates": [[-121.97676, 38.01494], [-121.97694, 38.01546], [-121.977, 38.01555], [-121.97732, 38.01585], [-121.97741, 38.01596], [-121.97746, 38.01608], [-121.97748, 38.01624], [-121.97747, 38.01672], [-121.97748, 38.01729], [-121.97752, 38.01787]]}}, {"type": "Feature", "properties": {"hw": "residential"}, "geometry": {"type": "LineString", "coordinates": [[-121.97555, 38.01771], [-121.9772, 38.01732], [-121.97738, 38.01729], [-121.97748, 38.01729]]}}, {"type": "Feature", "properties": {"hw": "residential"}, "geometry": {"type": "LineString", "coordinates": [[-121.97598, 38.01702], [-121.97551, 38.01595], [-121.97551, 38.0159], [-121.97552, 38.01587], [-121.97557, 38.01582], [-121.97665, 38.01559], [-121.97694, 38.01546]]}}, {"type": "Feature", "properties": {"hw": "tertiary"}, "geometry": {"type": "LineString", "coordinates": [[-121.96616, 38.01938], [-121.96616, 38.01931], [-121.9662, 38.01755], [-121.9662, 38.01712], [-121.96617, 38.01689], [-121.96616, 38.01676], [-121.96607, 38.01637], [-121.96599, 38.01595], [-121.96598, 38.01593]]}}, {"type": "Feature", "properties": {"hw": "secondary"}, "geometry": {"type": "LineString", "coordinates": [[-121.99714, 38.01301], [-121.99708, 38.01279], [-121.99705, 38.01266], [-121.99703, 38.0126], [-121.99701, 38.01241], [-121.99699, 38.01225], [-121.99699, 38.0121], [-121.997, 38.01194], [-121.99702, 38.01177], [-121.99706, 38.0116], [-121.99711, 38.01139], [-121.99711, 38.01134], [-121.99709, 38.01121]]}}, {"type": "Feature", "properties": {"hw": "secondary"}, "geometry": {"type": "LineString", "coordinates": [[-121.99702, 38.01303], [-121.99709, 38.01319], [-121.99715, 38.01333], [-121.99724, 38.01348], [-121.99734, 38.01363], [-121.99747, 38.0138], [-121.99761, 38.01397], [-121.99775, 38.01411], [-121.99789, 38.01424]]}}, {"type": "Feature", "properties": {"hw": "tertiary"}, "geometry": {"type": "LineString", "coordinates": [[-121.99822, 38.0145], [-121.99852, 38.01469], [-121.99869, 38.01478], [-121.99872, 38.01479], [-121.99883, 38.01481]]}}, {"type": "Feature", "properties": {"hw": "unclassified"}, "geometry": {"type": "LineString", "coordinates": [[-121.85792, 37.99007], [-121.85816, 37.99015], [-121.85827, 37.99019], [-121.85865, 37.9903], [-121.8593, 37.99041], [-121.85968, 37.99045], [-121.85999, 37.99046], [-121.8603, 37.99046], [-121.86049, 37.99046], [-121.86056, 37.99046]]}}, {"type": "Feature", "properties": {"hw": "secondary"}, "geometry": {"type": "LineString", "coordinates": [[-121.94201, 38.01604], [-121.94201, 38.01577]]}}, {"type": "Feature", "properties": {"hw": "secondary"}, "geometry": {"type": "LineString", "coordinates": [[-121.94186, 38.01802], [-121.94182, 38.01939]]}}, {"type": "Feature", "properties": {"hw": "secondary"}, "geometry": {"type": "LineString", "coordinates": [[-121.94186, 38.01784], [-121.94186, 38.01802]]}}, {"type": "Feature", "properties": {"hw": "secondary"}, "geometry": {"type": "LineString", "coordinates": [[-121.94201, 38.01577], [-121.94201, 38.01549], [-121.94195, 38.01535]]}}, {"type": "Feature", "properties": {"hw": "secondary"}, "geometry": {"type": "LineString", "coordinates": [[-121.94202, 38.01926], [-121.94204, 38.01864]]}}, {"type": "Feature", "properties": {"hw": "secondary"}, "geometry": {"type": "LineString", "coordinates": [[-121.94785, 38.01568], [-121.94801, 38.0157], [-121.94843, 38.01577]]}}, {"type": "Feature", "properties": {"hw": "unclassified"}, "geometry": {"type": "LineString", "coordinates": [[-121.88979, 38.02432], [-121.88978, 38.02413], [-121.88976, 38.0241], [-121.88965, 38.02405], [-121.88943, 38.02403], [-121.88923, 38.02404], [-121.88891, 38.02398], [-121.8887, 38.02393], [-121.88861, 38.02389], [-121.88857, 38.02382], [-121.88904, 38.0226], [-121.88913, 38.02249]]}}, {"type": "Feature", "properties": {"hw": "unclassified"}, "geometry": {"type": "LineString", "coordinates": [[-121.88976, 38.0241], [-121.8901, 38.02381]]}}, {"type": "Feature", "properties": {"hw": "tertiary"}, "geometry": {"type": "LineString", "coordinates": [[-121.84021, 37.98977], [-121.84021, 37.98964]]}}, {"type": "Feature", "properties": {"hw": "tertiary"}, "geometry": {"type": "LineString", "coordinates": [[-121.84021, 37.98947], [-121.84019, 37.9893], [-121.84014, 37.98916], [-121.84011, 37.98904], [-121.83981, 37.98842], [-121.8396, 37.98807], [-121.83954, 37.98799], [-121.83947, 37.9879], [-121.83917, 37.98758], [-121.83892, 37.98737], [-121.83877, 37.98724], [-121.83871, 37.9872], [-121.83862, 37.98715], [-121.83843, 37.98703], [-121.83804, 37.9868], [-121.83773, 37.98662], [-121.83689, 37.98612], [-121.83649, 37.98574], [-121.8363, 37.98549], [-121.83607, 37.98516], [-121.83591, 37.98488], [-121.83584, 37.98469], [-121.8358, 37.98459], [-121.83577, 37.98451], [-121.8357, 37.98427], [-121.83562, 37.98322]]}}, {"type": "Feature", "properties": {"hw": "residential"}, "geometry": {"type": "LineString", "coordinates": [[-121.84211, 37.99486], [-121.84204, 37.99488], [-121.84198, 37.99492], [-121.84194, 37.99499], [-121.84192, 37.99506], [-121.84194, 37.99508], [-121.84197, 37.9951], [-121.84201, 37.99511], [-121.84206, 37.99511], [-121.84211, 37.99507], [-121.84215, 37.99499], [-121.84215, 37.99493], [-121.84211, 37.99486]]}}, {"type": "Feature", "properties": {"hw": "secondary"}, "geometry": {"type": "LineString", "coordinates": [[-121.83847, 37.99868], [-121.83902, 37.99868], [-121.83919, 37.99868], [-121.83926, 37.99868]]}}, {"type": "Feature", "properties": {"hw": "tertiary"}, "geometry": {"type": "LineString", "coordinates": [[-121.83802, 37.99857], [-121.83803, 37.99826]]}}, {"type": "Feature", "properties": {"hw": "tertiary"}, "geometry": {"type": "LineString", "coordinates": [[-121.83803, 37.99826], [-121.83802, 37.99797]]}}, {"type": "Feature", "properties": {"hw": "tertiary"}, "geometry": {"type": "LineString", "coordinates": [[-121.83802, 37.99797], [-121.83803, 37.99784], [-121.83802, 37.99763], [-121.83804, 37.99749], [-121.83805, 37.99745], [-121.83808, 37.99727], [-121.83813, 37.99707], [-121.83818, 37.99689], [-121.83824, 37.99668], [-121.83828, 37.99655], [-121.83832, 37.9964], [-121.83834, 37.99631], [-121.83845, 37.99591], [-121.83858, 37.99541], [-121.83866, 37.99518], [-121.83888, 37.9948], [-121.83889, 37.99477], [-121.83897, 37.99459], [-121.83902, 37.99453], [-121.83944, 37.99398], [-121.83969, 37.99365], [-121.83979, 37.9935], [-121.83984, 37.99343], [-121.83985, 37.99341], [-121.83997, 37.99316], [-121.84002, 37.99299], [-121.84008, 37.99279], [-121.8401, 37.99265], [-121.84013, 37.99239], [-121.84014, 37.99198], [-121.84015, 37.99168], [-121.84016, 37.99135], [-121.84017, 37.99108], [-121.8402, 37.99031], [-121.8402, 37.98993], [-121.84021, 37.98979]]}}, {"type": "Feature", "properties": {"hw": "residential"}, "geometry": {"type": "LineString", "coordinates": [[-121.83782, 37.99805], [-121.83802, 37.99797]]}}, {"type": "Feature", "properties": {"hw": "secondary"}, "geometry": {"type": "LineString", "coordinates": [[-121.95236, 38.02677], [-121.95296, 38.02677], [-121.95311, 38.02677]]}}, {"type": "Feature", "properties": {"hw": "secondary"}, "geometry": {"type": "LineString", "coordinates": [[-121.96415, 38.02466], [-121.96437, 38.02455], [-121.96455, 38.02444], [-121.96476, 38.0243], [-121.96499, 38.02411], [-121.96533, 38.02374], [-121.96555, 38.02348], [-121.96583, 38.023]]}}, {"type": "Feature", "properties": {"hw": "secondary"}, "geometry": {"type": "LineString", "coordinates": [[-121.96402, 38.02454], [-121.9639, 38.02459], [-121.96336, 38.02478], [-121.96236, 38.02503], [-121.96207, 38.02512]]}}, {"type": "Feature", "properties": {"hw": "secondary"}, "geometry": {"type": "LineString", "coordinates": [[-121.94843, 38.01577], [-121.95057, 38.01612], [-121.95122, 38.01627], [-121.95171, 38.01645], [-121.95186, 38.01653]]}}, {"type": "Feature", "properties": {"hw": "residential"}, "geometry": {"type": "LineString", "coordinates": [[-121.96207, 38.02512], [-121.96203, 38.02506], [-121.96201, 38.02503], [-121.962, 38.02494]]}}, {"type": "Feature", "properties": {"hw": "secondary"}, "geometry": {"type": "LineString", "coordinates": [[-121.96207, 38.02512], [-121.96191, 38.0252], [-121.9619, 38.0252], [-121.9618, 38.02525], [-121.96177, 38.02527]]}}, {"type": "Feature", "properties": {"hw": "secondary"}, "geometry": {"type": "LineString", "coordinates": [[-121.96166, 38.02533], [-121.96146, 38.02544]]}}, {"type": "Feature", "properties": {"hw": "secondary"}, "geometry": {"type": "LineString", "coordinates": [[-121.96177, 38.02527], [-121.96166, 38.02533]]}}, {"type": "Feature", "properties": {"hw": "secondary"}, "geometry": {"type": "LineString", "coordinates": [[-121.96181, 38.02544], [-121.96189, 38.0254], [-121.96201, 38.02535], [-121.96204, 38.02534], [-121.96213, 38.0253]]}}, {"type": "Feature", "properties": {"hw": "residential"}, "geometry": {"type": "LineString", "coordinates": [[-121.962, 38.02494], [-121.96204, 38.02485], [-121.96241, 38.02445], [-121.9621, 38.02423], [-121.96158, 38.02417], [-121.96131, 38.02401], [-121.96053, 38.0235]]}}, {"type": "Feature", "properties": {"hw": "secondary"}, "geometry": {"type": "LineString", "coordinates": [[-121.96213, 38.0253], [-121.96246, 38.02518], [-121.96343, 38.02493], [-121.96382, 38.0248], [-121.96402, 38.02471], [-121.96415, 38.02466]]}}, {"type": "Feature", "properties": {"hw": "tertiary"}, "geometry": {"type": "LineString", "coordinates": [[-121.9604, 38.02681], [-121.96042, 38.02687], [-121.96047, 38.02708], [-121.96047, 38.02718], [-121.96047, 38.02728], [-121.96048, 38.02751], [-121.96049, 38.02776], [-121.96049, 38.02779], [-121.96049, 38.02837]]}}, {"type": "Feature", "properties": {"hw": "secondary"}, "geometry": {"type": "LineString", "coordinates": [[-121.96024, 38.02657], [-121.96034, 38.02652], [-121.96046, 38.02646], [-121.96062, 38.02639], [-121.96079, 38.02629], [-121.96101, 38.02611], [-121.96122, 38.02591], [-121.96127, 38.02585], [-121.96131, 38.02581], [-121.96161, 38.02558], [-121.96176, 38.02548], [-121.96181, 38.02544]]}}, {"type": "Feature", "properties": {"hw": "secondary"}, "geometry": {"type": "LineString", "coordinates": [[-121.96017, 38.02644], [-121.95974, 38.02658], [-121.95951, 38.02663], [-121.95927, 38.02668], [-121.95905, 38.02671], [-121.95883, 38.02673], [-121.95871, 38.02674], [-121.95824, 38.02674], [-121.958, 38.02674], [-121.95786, 38.02674], [-121.95749, 38.02674], [-121.95735, 38.02677]]}}, {"type": "Feature", "properties": {"hw": "tertiary"}, "geometry": {"type": "LineString", "coordinates": [[-121.83562, 37.98322], [-121.83562, 37.98311]]}}, {"type": "Feature", "properties": {"hw": "residential"}, "geometry": {"type": "LineString", "coordinates": [[-121.83562, 37.98311], [-121.83564, 37.98237], [-121.83578, 37.98161], [-121.83576, 37.98124], [-121.83574, 37.98117], [-121.83572, 37.98109], [-121.83552, 37.98056]]}}, {"type": "Feature", "properties": {"hw": "residential"}, "geometry": {"type": "LineString", "coordinates": [[-121.87261, 38.01375], [-121.87266, 38.01362], [-121.87271, 38.01351]]}}, {"type": "Feature", "properties": {"hw": "tertiary"}, "geometry": {"type": "LineString", "coordinates": [[-121.88188, 38.02332], [-121.88177, 38.02301], [-121.88163, 38.02276], [-121.88144, 38.02254], [-121.8812, 38.02233], [-121.88093, 38.02217], [-121.88048, 38.02197]]}}, {"type": "Feature", "properties": {"hw": "residential"}, "geometry": {"type": "LineString", "coordinates": [[-121.88117, 38.01993], [-121.88103, 38.01993]]}}, {"type": "Feature", "properties": {"hw": "residential"}, "geometry": {"type": "LineString", "coordinates": [[-121.88079, 38.01994], [-121.88039, 38.01997], [-121.88025, 38.01996], [-121.88019, 38.01996], [-121.87994, 38.01993], [-121.87988, 38.01991], [-121.87982, 38.0199], [-121.87978, 38.0199], [-121.87966, 38.01987], [-121.87937, 38.0198], [-121.87933, 38.01979], [-121.87914, 38.01974], [-121.87905, 38.01972], [-121.87881, 38.01962], [-121.8787, 38.01955], [-121.87854, 38.01945], [-121.87839, 38.01934], [-121.87824, 38.01921], [-121.87795, 38.01898], [-121.87722, 38.01842], [-121.87701, 38.01829], [-121.87674, 38.01819], [-121.87639, 38.01811]]}}, {"type": "Feature", "properties": {"hw": "residential"}, "geometry": {"type": "LineString", "coordinates": [[-121.88103, 38.01993], [-121.88079, 38.01994]]}}, {"type": "Feature", "properties": {"hw": "residential"}, "geometry": {"type": "LineString", "coordinates": [[-121.8814, 38.01995], [-121.88132, 38.01993], [-121.88117, 38.01993]]}}, {"type": "Feature", "properties": {"hw": "residential"}, "geometry": {"type": "LineString", "coordinates": [[-121.88159, 38.01999], [-121.8814, 38.01995]]}}, {"type": "Feature", "properties": {"hw": "residential"}, "geometry": {"type": "LineString", "coordinates": [[-121.88643, 38.0379], [-121.88637, 38.03798], [-121.88614, 38.03824]]}}, {"type": "Feature", "properties": {"hw": "tertiary"}, "geometry": {"type": "LineString", "coordinates": [[-121.97926, 38.03286], [-121.97914, 38.03307], [-121.97896, 38.03343]]}}, {"type": "Feature", "properties": {"hw": "residential"}, "geometry": {"type": "LineString", "coordinates": [[-121.97931, 38.03288], [-121.9794, 38.03291], [-121.97955, 38.03296], [-121.97984, 38.03301], [-121.98009, 38.03302], [-121.98214, 38.03303], [-121.98267, 38.03299], [-121.98286, 38.03294]]}}, {"type": "Feature", "properties": {"hw": "tertiary"}, "geometry": {"type": "LineString", "coordinates": [[-121.97931, 38.03288], [-121.97939, 38.03273], [-121.97946, 38.03242], [-121.97941, 38.03169], [-121.97937, 38.03115], [-121.97931, 38.03077], [-121.97921, 38.03047], [-121.97905, 38.03011], [-121.97902, 38.02997]]}}, {"type": "Feature", "properties": {"hw": "tertiary"}, "geometry": {"type": "LineString", "coordinates": [[-121.96049, 38.03629], [-121.96049, 38.03645], [-121.96049, 38.03651], [-121.96052, 38.03668], [-121.96056, 38.03678], [-121.9606, 38.03686], [-121.96067, 38.03697]]}}, {"type": "Feature", "properties": {"hw": "residential"}, "geometry": {"type": "LineString", "coordinates": [[-121.96993, 38.03621], [-121.9708, 38.03619], [-121.97124, 38.03619], [-121.97137, 38.03618], [-121.97167, 38.03618], [-121.97254, 38.03617], [-121.9734, 38.03615], [-121.97387, 38.03614], [-121.97433, 38.03614], [-121.97522, 38.03613], [-121.97597, 38.03612], [-121.97609, 38.03611]]}}, {"type": "Feature", "properties": {"hw": "tertiary"}, "geometry": {"type": "LineString", "coordinates": [[-121.98334, 38.02398], [-121.98344, 38.02392]]}}, {"type": "Feature", "properties": {"hw": "tertiary"}, "geometry": {"type": "LineString", "coordinates": [[-121.98757, 38.02177], [-121.98767, 38.02169], [-121.98778, 38.0216], [-121.98797, 38.02143], [-121.98815, 38.02126], [-121.98838, 38.02104], [-121.98848, 38.02094], [-121.98894, 38.0205], [-121.99138, 38.01812], [-121.99151, 38.018], [-121.9916, 38.01792]]}}, {"type": "Feature", "properties": {"hw": "tertiary"}, "geometry": {"type": "LineString", "coordinates": [[-121.97892, 38.03], [-121.97897, 38.03015], [-121.97913, 38.0305], [-121.97924, 38.03081], [-121.9793, 38.03118], [-121.97933, 38.03167], [-121.97937, 38.03237], [-121.97936, 38.03256], [-121.97929, 38.03277], [-121.97926, 38.03286]]}}, {"type": "Feature", "properties": {"hw": "residential"}, "geometry": {"type": "LineString", "coordinates": [[-121.97902, 38.02997], [-121.97892, 38.03]]}}, {"type": "Feature", "properties": {"hw": "tertiary"}, "geometry": {"type": "LineString", "coordinates": [[-121.97902, 38.02997], [-121.97897, 38.02981], [-121.97895, 38.02971], [-121.97893, 38.02955], [-121.97893, 38.02912], [-121.97897, 38.02837], [-121.97914, 38.02792], [-121.97936, 38.02759], [-121.9796, 38.02738], [-121.97991, 38.02718], [-121.98053, 38.02682], [-121.98077, 38.02673], [-121.98173, 38.02639], [-121.98231, 38.02619], [-121.98257, 38.02608], [-121.98284, 38.02592], [-121.98308, 38.02574], [-121.98313, 38.0257], [-121.98326, 38.02555], [-121.98336, 38.02541], [-121.98344, 38.02526], [-121.98351, 38.02509], [-121.98352, 38.02504], [-121.98355, 38.02497], [-121.98357, 38.02489], [-121.9836, 38.02475], [-121.9836, 38.02462], [-121.98361, 38.02446], [-121.98359, 38.02436], [-121.98353, 38.02413], [-121.9835, 38.02405], [-121.98344, 38.02392]]}}, {"type": "Feature", "properties": {"hw": "secondary"}, "geometry": {"type": "LineString", "coordinates": [[-121.93572, 38.02676], [-121.93646, 38.02676], [-121.93692, 38.02676], [-121.93713, 38.02676], [-121.93745, 38.02675], [-121.9378, 38.02675], [-121.9382, 38.02675], [-121.93844, 38.02675], [-121.9386, 38.02676]]}}, {"type": "Feature", "properties": {"hw": "residential"}, "geometry": {"type": "LineString", "coordinates": [[-121.93572, 38.02709], [-121.93571, 38.02719], [-121.93572, 38.02739], [-121.93571, 38.02807], [-121.93571, 38.02904], [-121.93571, 38.02972]]}}, {"type": "Feature", "properties": {"hw": "tertiary"}, "geometry": {"type": "LineString", "coordinates": [[-121.94197, 38.02158], [-121.94205, 38.02158], [-121.94229, 38.02157], [-121.94253, 38.02154], [-121.94273, 38.02142], [-121.94278, 38.02138], [-121.94289, 38.02127], [-121.94295, 38.02116], [-121.94299, 38.02109], [-121.94306, 38.02091], [-121.94326, 38.02046], [-121.94335, 38.0203], [-121.94344, 38.02017], [-121.94357, 38.02006], [-121.9437, 38.01997], [-121.94385, 38.01988], [-121.94397, 38.01982], [-121.94408, 38.01977], [-121.94419, 38.01972], [-121.9444, 38.01962]]}}, {"type": "Feature", "properties": {"hw": "secondary"}, "geometry": {"type": "LineString", "coordinates": [[-121.94197, 38.02187], [-121.94196, 38.02167], [-121.94197, 38.02158]]}}, {"type": "Feature", "properties": {"hw": "residential"}, "geometry": {"type": "LineString", "coordinates": [[-121.93633, 38.01544], [-121.93632, 38.01492], [-121.9363, 38.01434], [-121.93641, 38.01409], [-121.93718, 38.01336]]}}, {"type": "Feature", "properties": {"hw": "secondary"}, "geometry": {"type": "LineString", "coordinates": [[-121.93633, 38.01544], [-121.93663, 38.01544], [-121.93816, 38.01543], [-121.93878, 38.01542], [-121.93897, 38.01542], [-121.93909, 38.01542], [-121.93943, 38.01541], [-121.93948, 38.01541], [-121.93957, 38.01541], [-121.93964, 38.01541], [-121.94024, 38.01539], [-121.94074, 38.01539], [-121.94075, 38.01539]]}}, {"type": "Feature", "properties": {"hw": "residential"}, "geometry": {"type": "LineString", "coordinates": [[-121.92836, 38.02643], [-121.92836, 38.02638], [-121.92836, 38.0257], [-121.92836, 38.02536], [-121.92836, 38.02423], [-121.92833, 38.0231], [-121.92826, 38.01951]]}}, {"type": "Feature", "properties": {"hw": "secondary"}, "geometry": {"type": "LineString", "coordinates": [[-121.92441, 38.02675], [-121.92497, 38.02676], [-121.92501, 38.02676], [-121.9259, 38.02676]]}}, {"type": "Feature", "properties": {"hw": "tertiary"}, "geometry": {"type": "LineString", "coordinates": [[-121.88703, 38.00829], [-121.88704, 38.00842], [-121.88704, 38.00843], [-121.88705, 38.00853], [-121.88705, 38.00861], [-121.88705, 38.00869], [-121.88704, 38.00878], [-121.88703, 38.00886], [-121.88701, 38.00894], [-121.88699, 38.00903], [-121.88696, 38.00913], [-121.88692, 38.00923], [-121.88688, 38.00932], [-121.88682, 38.00942], [-121.88679, 38.00948], [-121.88673, 38.00957], [-121.88668, 38.00964], [-121.88664, 38.0097], [-121.88657, 38.00979], [-121.88652, 38.00987], [-121.88648, 38.00993], [-121.88646, 38.00997], [-121.88645, 38.01], [-121.88643, 38.01004], [-121.8864, 38.01011], [-121.88638, 38.01017], [-121.88633, 38.0103], [-121.88608, 38.01093]]}}, {"type": "Feature", "properties": {"hw": "residential"}, "geometry": {"type": "LineString", "coordinates": [[-121.88717, 38.00828], [-121.88726, 38.00828], [-121.88729, 38.00827], [-121.88779, 38.00823], [-121.88818, 38.00817], [-121.8886, 38.00808], [-121.88899, 38.00799], [-121.88972, 38.0078], [-121.88986, 38.00777], [-121.88998, 38.00775], [-121.89008, 38.00773], [-121.89016, 38.00772], [-121.89023, 38.00772], [-121.8903, 38.00772], [-121.89037, 38.00772], [-121.89045, 38.00772], [-121.89053, 38.00773], [-121.89062, 38.00774], [-121.8907, 38.00775], [-121.8908, 38.00777], [-121.89081, 38.00777], [-121.8909, 38.00779], [-121.89131, 38.0079], [-121.89165, 38.00798], [-121.8919, 38.00804], [-121.89202, 38.00806], [-121.89258, 38.00818]]}}, {"type": "Feature", "properties": {"hw": "tertiary"}, "geometry": {"type": "LineString", "coordinates": [[-121.88717, 38.00828], [-121.88715, 38.00818], [-121.88714, 38.00815], [-121.88713, 38.00809], [-121.88711, 38.00802], [-121.88708, 38.00795], [-121.88707, 38.00793], [-121.88706, 38.00789], [-121.88703, 38.00782], [-121.88699, 38.00776], [-121.88695, 38.00768], [-121.88691, 38.00761], [-121.88685, 38.00752], [-121.88679, 38.00744], [-121.88673, 38.00737]]}}, {"type": "Feature", "properties": {"hw": "residential"}, "geometry": {"type": "LineString", "coordinates": [[-121.90608, 38.01635], [-121.90609, 38.01578], [-121.90609, 38.01513], [-121.9061, 38.01488], [-121.9061, 38.01463], [-121.90609, 38.01451], [-121.90608, 38.01442], [-121.90604, 38.01434], [-121.90595, 38.01416], [-121.90581, 38.01406], [-121.90565, 38.01397], [-121.90549, 38.01392], [-121.90538, 38.0139], [-121.9051, 38.01385], [-121.90435, 38.01366], [-121.90424, 38.01364], [-121.90414, 38.01363], [-121.9034, 38.01344], [-121.90254, 38.01324], [-121.90235, 38.0132], [-121.90219, 38.0132], [-121.90201, 38.01322], [-121.90184, 38.01328], [-121.9017, 38.01336], [-121.9016, 38.01345], [-121.90149, 38.01356], [-121.90089, 38.01509], [-121.90085, 38.01521]]}}, {"type": "Feature", "properties": {"hw": "secondary"}, "geometry": {"type": "LineString", "coordinates": [[-121.92827, 38.01545], [-121.92859, 38.01549], [-121.92935, 38.01558], [-121.93012, 38.01563], [-121.9308, 38.01565], [-121.9322, 38.01558], [-121.93228, 38.01558]]}}, {"type": "Feature", "properties": {"hw": "secondary"}, "geometry": {"type": "LineString", "coordinates": [[-121.911, 38.02949], [-121.91113, 38.0295], [-121.91252, 38.02952], [-121.91301, 38.02952], [-121.91444, 38.02952], [-121.91561, 38.02952], [-121.91588, 38.02952], [-121.91634, 38.02951], [-121.9165, 38.02949], [-121.91665, 38.02945], [-121.91688, 38.02937], [-121.91704, 38.0293], [-121.91711, 38.02925], [-121.91719, 38.0292], [-121.91728, 38.02912], [-121.91736, 38.02905], [-121.91741, 38.02898], [-121.91746, 38.02892], [-121.91752, 38.02882], [-121.91757, 38.02872], [-121.91768, 38.02829], [-121.9178, 38.02792], [-121.91796, 38.02741], [-121.91799, 38.02731]]}}, {"type": "Feature", "properties": {"hw": "secondary"}, "geometry": {"type": "LineString", "coordinates": [[-121.91201, 38.01426], [-121.91244, 38.01398], [-121.91295, 38.01366], [-121.91347, 38.01332], [-121.91378, 38.01316], [-121.91415, 38.01303], [-121.91434, 38.01298], [-121.91438, 38.01297]]}}, {"type": "Feature", "properties": {"hw": "secondary"}, "geometry": {"type": "LineString", "coordinates": [[-121.86331, 38.01303], [-121.86363, 38.01294]]}}, {"type": "Feature", "properties": {"hw": "secondary"}, "geometry": {"type": "LineString", "coordinates": [[-121.85555, 38.00776], [-121.85579, 38.00785], [-121.85602, 38.00791]]}}, {"type": "Feature", "properties": {"hw": "tertiary"}, "geometry": {"type": "LineString", "coordinates": [[-121.84572, 38.00342], [-121.84588, 38.00333]]}}, {"type": "Feature", "properties": {"hw": "tertiary"}, "geometry": {"type": "LineString", "coordinates": [[-121.8458, 38.00324], [-121.84588, 38.00333]]}}, {"type": "Feature", "properties": {"hw": "residential"}, "geometry": {"type": "LineString", "coordinates": [[-121.85366, 38.00474], [-121.85408, 38.00457], [-121.85449, 38.00435], [-121.8547, 38.00424], [-121.85497, 38.00405], [-121.85517, 38.00356], [-121.85567, 38.00225], [-121.85567, 38.00209], [-121.85559, 38.002], [-121.8549, 38.0018], [-121.85408, 38.00159], [-121.8532, 38.00139], [-121.85143, 38.00096], [-121.85026, 38.00067]]}}, {"type": "Feature", "properties": {"hw": "secondary"}, "geometry": {"type": "LineString", "coordinates": [[-121.83917, 38.00219], [-121.83931, 38.0023]]}}, {"type": "Feature", "properties": {"hw": "residential"}, "geometry": {"type": "LineString", "coordinates": [[-121.89146, 38.02938], [-121.89148, 38.02935], [-121.89178, 38.02861], [-121.89202, 38.02795], [-121.89224, 38.02736], [-121.89225, 38.0273]]}}, {"type": "Feature", "properties": {"hw": "residential"}, "geometry": {"type": "LineString", "coordinates": [[-121.89998, 38.015], [-121.90019, 38.01427], [-121.90047, 38.0136], [-121.90075, 38.0129]]}}, {"type": "Feature", "properties": {"hw": "secondary"}, "geometry": {"type": "LineString", "coordinates": [[-121.89998, 38.015], [-121.90034, 38.01508], [-121.90037, 38.01509], [-121.90085, 38.01521], [-121.90091, 38.01522], [-121.90267, 38.01566], [-121.90347, 38.01583], [-121.90484, 38.01617], [-121.90517, 38.01625], [-121.90545, 38.01632], [-121.90568, 38.01635]]}}, {"type": "Feature", "properties": {"hw": "secondary"}, "geometry": {"type": "LineString", "coordinates": [[-121.8876, 38.02144], [-121.88744, 38.02187]]}}, {"type": "Feature", "properties": {"hw": "residential"}, "geometry": {"type": "LineString", "coordinates": [[-121.88835, 38.01946], [-121.88828, 38.01944], [-121.8876, 38.01927], [-121.8869, 38.01911], [-121.8874, 38.0178]]}}, {"type": "Feature", "properties": {"hw": "secondary"}, "geometry": {"type": "LineString", "coordinates": [[-121.88835, 38.01946], [-121.88818, 38.01993], [-121.88815, 38.02002]]}}, {"type": "Feature", "properties": {"hw": "secondary"}, "geometry": {"type": "LineString", "coordinates": [[-121.88854, 38.01938], [-121.88883, 38.01865], [-121.88886, 38.01859]]}}, {"type": "Feature", "properties": {"hw": "residential"}, "geometry": {"type": "LineString", "coordinates": [[-121.88352, 38.02046], [-121.88246, 38.0202], [-121.88168, 38.02002]]}}, {"type": "Feature", "properties": {"hw": "tertiary"}, "geometry": {"type": "LineString", "coordinates": [[-121.83544, 38.00566], [-121.83526, 38.00558]]}}, {"type": "Feature", "properties": {"hw": "secondary"}, "geometry": {"type": "LineString", "coordinates": [[-121.83544, 38.00566], [-121.8356, 38.00554]]}}, {"type": "Feature", "properties": {"hw": "tertiary"}, "geometry": {"type": "LineString", "coordinates": [[-121.83535, 38.00574], [-121.83545, 38.00581], [-121.83564, 38.00593], [-121.83585, 38.00604], [-121.83608, 38.00616], [-121.83633, 38.00623], [-121.8367, 38.00631], [-121.83701, 38.00632], [-121.83732, 38.00631]]}}, {"type": "Feature", "properties": {"hw": "tertiary"}, "geometry": {"type": "LineString", "coordinates": [[-121.83422, 38.00648], [-121.83435, 38.00658]]}}, {"type": "Feature", "properties": {"hw": "tertiary"}, "geometry": {"type": "LineString", "coordinates": [[-122.00522, 37.98977], [-122.00533, 37.98984], [-122.00553, 37.98997], [-122.00564, 37.99005]]}}, {"type": "Feature", "properties": {"hw": "residential"}, "geometry": {"type": "LineString", "coordinates": [[-121.96396, 38.01974], [-121.96396, 38.01982], [-121.96396, 38.02142]]}}, {"type": "Feature", "properties": {"hw": "unclassified"}, "geometry": {"type": "LineString", "coordinates": [[-121.99986, 38.00208], [-121.99993, 38.00187], [-122.0001, 38.00131], [-122.00042, 38.00036], [-122.00046, 38.00028], [-122.00054, 38.00024], [-122.0007, 38.00023]]}}, {"type": "Feature", "properties": {"hw": "unclassified"}, "geometry": {"type": "LineString", "coordinates": [[-121.99981, 38.00222], [-121.99986, 38.00208]]}}, {"type": "Feature", "properties": {"hw": "residential"}, "geometry": {"type": "LineString", "coordinates": [[-121.88288, 38.03148], [-121.88295, 38.0313], [-121.88297, 38.03127], [-121.88308, 38.03099], [-121.88317, 38.03073], [-121.88322, 38.0306], [-121.88327, 38.03049], [-121.88338, 38.03018], [-121.8837, 38.02938], [-121.88373, 38.02928], [-121.88376, 38.0292], [-121.88381, 38.0291], [-121.88382, 38.02906], [-121.88401, 38.02854], [-121.88404, 38.02845], [-121.88418, 38.02811], [-121.88434, 38.0277]]}}, {"type": "Feature", "properties": {"hw": "residential"}, "geometry": {"type": "LineString", "coordinates": [[-121.88288, 38.03148], [-121.88172, 38.0312]]}}, {"type": "Feature", "properties": {"hw": "residential"}, "geometry": {"type": "LineString", "coordinates": [[-121.89955, 38.02385], [-121.89966, 38.0237], [-121.89975, 38.02357], [-121.8998, 38.02346], [-121.89986, 38.02332]]}}, {"type": "Feature", "properties": {"hw": "residential"}, "geometry": {"type": "LineString", "coordinates": [[-121.89986, 38.02332], [-121.89967, 38.02327], [-121.89938, 38.02323], [-121.89902, 38.02318]]}}, {"type": "Feature", "properties": {"hw": "residential"}, "geometry": {"type": "LineString", "coordinates": [[-121.94349, 38.02459], [-121.9439, 38.02465], [-121.94433, 38.02475], [-121.94452, 38.02475], [-121.94468, 38.02462], [-121.94495, 38.02446], [-121.94527, 38.02436], [-121.94536, 38.02428], [-121.9454, 38.02417], [-121.94538, 38.0239], [-121.94546, 38.0236]]}}, {"type": "Feature", "properties": {"hw": "residential"}, "geometry": {"type": "LineString", "coordinates": [[-121.87321, 38.01873], [-121.87332, 38.01854], [-121.87339, 38.01836], [-121.87348, 38.01805]]}}, {"type": "Feature", "properties": {"hw": "unclassified"}, "geometry": {"type": "LineString", "coordinates": [[-121.97043, 38.02019], [-121.9704, 38.02029], [-121.97038, 38.02039], [-121.97015, 38.02124], [-121.97011, 38.02138], [-121.9701, 38.02161], [-121.97021, 38.02141], [-121.97025, 38.02127], [-121.97051, 38.02043], [-121.97051, 38.02041], [-121.97054, 38.02032], [-121.97057, 38.02022]]}}, {"type": "Feature", "properties": {"hw": "tertiary"}, "geometry": {"type": "LineString", "coordinates": [[-121.97043, 38.02019], [-121.97037, 38.02018], [-121.96746, 38.0195], [-121.96703, 38.01944]]}}, {"type": "Feature", "properties": {"hw": "residential"}, "geometry": {"type": "LineString", "coordinates": [[-121.88025, 38.01996], [-121.88035, 38.01972], [-121.88037, 38.01967], [-121.88044, 38.01956], [-121.8805, 38.01942], [-121.88054, 38.01934], [-121.88057, 38.01927], [-121.88055, 38.01921], [-121.88053, 38.0192], [-121.8805, 38.01918], [-121.88037, 38.01915], [-121.87972, 38.01899], [-121.87932, 38.01889], [-121.87923, 38.01886], [-121.8791, 38.01885], [-121.879, 38.01901], [-121.87892, 38.01918], [-121.8787, 38.01955]]}}, {"type": "Feature", "properties": {"hw": "residential"}, "geometry": {"type": "LineString", "coordinates": [[-121.88585, 38.02603], [-121.88576, 38.02624], [-121.8857, 38.02638]]}}, {"type": "Feature", "properties": {"hw": "residential"}, "geometry": {"type": "LineString", "coordinates": [[-121.84744, 37.99976], [-121.84743, 37.99973], [-121.8474, 37.99968], [-121.84735, 37.99966], [-121.84714, 37.9996], [-121.84699, 37.99956], [-121.84675, 37.9995], [-121.84672, 37.9995], [-121.84629, 37.9994], [-121.84622, 37.99939], [-121.84616, 37.99941], [-121.84608, 37.99946], [-121.84582, 37.99961], [-121.84541, 37.99984], [-121.8452, 37.99997], [-121.84518, 38.00001], [-121.84518, 38.00004], [-121.84519, 38.0001], [-121.84524, 38.00023]]}}, {"type": "Feature", "properties": {"hw": "residential"}, "geometry": {"type": "LineString", "coordinates": [[-121.84556, 38.00048], [-121.84536, 38.00033]]}}, {"type": "Feature", "properties": {"hw": "residential"}, "geometry": {"type": "LineString", "coordinates": [[-121.84524, 38.00023], [-121.84536, 38.00033]]}}, {"type": "Feature", "properties": {"hw": "secondary"}, "geometry": {"type": "LineString", "coordinates": [[-122.0043, 37.99127], [-122.00392, 37.99163], [-122.0036, 37.99192], [-122.00353, 37.99199]]}}, {"type": "Feature", "properties": {"hw": "secondary"}, "geometry": {"type": "LineString", "coordinates": [[-122.00485, 37.99077], [-122.00464, 37.99097], [-122.00456, 37.99104]]}}, {"type": "Feature", "properties": {"hw": "secondary"}, "geometry": {"type": "LineString", "coordinates": [[-122.00596, 37.98976], [-122.00564, 37.99005]]}}, {"type": "Feature", "properties": {"hw": "secondary"}, "geometry": {"type": "LineString", "coordinates": [[-122.00564, 37.99005], [-122.00557, 37.99012], [-122.00505, 37.99059]]}}, {"type": "Feature", "properties": {"hw": "tertiary"}, "geometry": {"type": "LineString", "coordinates": [[-121.88857, 38.02409], [-121.88942, 38.02425], [-121.88979, 38.02432], [-121.89016, 38.02438], [-121.89055, 38.02444], [-121.89108, 38.0245]]}}, {"type": "Feature", "properties": {"hw": "tertiary"}, "geometry": {"type": "LineString", "coordinates": [[-121.83053, 38.00559], [-121.83072, 38.00563], [-121.83091, 38.00567], [-121.83099, 38.00569], [-121.83181, 38.00586], [-121.83215, 38.00593], [-121.83224, 38.00595], [-121.83238, 38.00598], [-121.83273, 38.00605], [-121.83314, 38.00614], [-121.83337, 38.00619]]}}, {"type": "Feature", "properties": {"hw": "tertiary"}, "geometry": {"type": "LineString", "coordinates": [[-121.90091, 37.99669], [-121.90094, 37.99662], [-121.90099, 37.99636]]}}, {"type": "Feature", "properties": {"hw": "tertiary"}, "geometry": {"type": "LineString", "coordinates": [[-121.90079, 37.99698], [-121.90065, 37.99711], [-121.90057, 37.9972], [-121.90042, 37.99737], [-121.90037, 37.99742], [-121.90007, 37.99765], [-121.90006, 37.99773]]}}, {"type": "Feature", "properties": {"hw": "tertiary"}, "geometry": {"type": "LineString", "coordinates": [[-121.90006, 37.99773], [-121.90014, 37.99773], [-121.90023, 37.99767], [-121.90032, 37.99761], [-121.90053, 37.99742], [-121.90069, 37.99724], [-121.90075, 37.99715], [-121.90079, 37.99698]]}}, {"type": "Feature", "properties": {"hw": "secondary"}, "geometry": {"type": "LineString", "coordinates": [[-121.87244, 38.01928], [-121.87173, 38.01905]]}}, {"type": "Feature", "properties": {"hw": "secondary"}, "geometry": {"type": "LineString", "coordinates": [[-121.87269, 38.01966], [-121.87274, 38.01956], [-121.87278, 38.01946], [-121.8728, 38.0194]]}}, {"type": "Feature", "properties": {"hw": "secondary"}, "geometry": {"type": "LineString", "coordinates": [[-121.96584, 38.02194], [-121.96579, 38.02245], [-121.96563, 38.02297]]}}, {"type": "Feature", "properties": {"hw": "tertiary"}, "geometry": {"type": "LineString", "coordinates": [[-121.89733, 37.99808], [-121.89748, 37.99808], [-121.89759, 37.99808], [-121.89776, 37.99808], [-121.89854, 37.99809]]}}, {"type": "Feature", "properties": {"hw": "residential"}, "geometry": {"type": "LineString", "coordinates": [[-121.86344, 37.99635], [-121.86379, 37.99635], [-121.86479, 37.99635], [-121.86507, 37.99635], [-121.86596, 37.99634], [-121.86671, 37.99633], [-121.86709, 37.9963], [-121.86736, 37.99626], [-121.86798, 37.99615]]}}, {"type": "Feature", "properties": {"hw": "residential"}, "geometry": {"type": "LineString", "coordinates": [[-121.86344, 37.99635], [-121.86343, 37.99569], [-121.8635, 37.99506], [-121.86354, 37.99477], [-121.8636, 37.99452], [-121.86371, 37.99422], [-121.86384, 37.99394], [-121.8642, 37.99345], [-121.86446, 37.99318], [-121.86505, 37.9927]]}}, {"type": "Feature", "properties": {"hw": "residential"}, "geometry": {"type": "LineString", "coordinates": [[-121.86344, 37.99635], [-121.86343, 37.9967], [-121.86344, 37.99679], [-121.86345, 37.99685], [-121.86348, 37.99692], [-121.8637, 37.9974], [-121.86373, 37.99746], [-121.86374, 37.99751], [-121.86376, 37.99757], [-121.86377, 37.99761], [-121.86377, 37.9977], [-121.86378, 37.99787], [-121.86381, 37.99799]]}}, {"type": "Feature", "properties": {"hw": "secondary"}, "geometry": {"type": "LineString", "coordinates": [[-121.84401, 37.99802], [-121.84419, 37.99803]]}}, {"type": "Feature", "properties": {"hw": "secondary"}, "geometry": {"type": "LineString", "coordinates": [[-121.84666, 37.99804], [-121.84716, 37.99804], [-121.84718, 37.99804], [-121.84729, 37.99801], [-121.84741, 37.99798]]}}, {"type": "Feature", "properties": {"hw": "secondary"}, "geometry": {"type": "LineString", "coordinates": [[-121.84534, 37.99804], [-121.84666, 37.99804]]}}, {"type": "Feature", "properties": {"hw": "secondary"}, "geometry": {"type": "LineString", "coordinates": [[-121.84412, 37.99793], [-121.84398, 37.99793], [-121.84383, 37.99794], [-121.8432, 37.99799], [-121.84265, 37.99803], [-121.84241, 37.99806], [-121.84167, 37.99819]]}}, {"type": "Feature", "properties": {"hw": "secondary"}, "geometry": {"type": "LineString", "coordinates": [[-121.84464, 37.99804], [-121.84534, 37.99804]]}}, {"type": "Feature", "properties": {"hw": "secondary"}, "geometry": {"type": "LineString", "coordinates": [[-121.84419, 37.99803], [-121.8443, 37.99793]]}}, {"type": "Feature", "properties": {"hw": "tertiary"}, "geometry": {"type": "LineString", "coordinates": [[-121.87199, 38.00253], [-121.87169, 38.00242], [-121.87141, 38.00228], [-121.8712, 38.00217], [-121.87094, 38.00206], [-121.87068, 38.00199]]}}, {"type": "Feature", "properties": {"hw": "residential"}, "geometry": {"type": "LineString", "coordinates": [[-121.95491, 38.01904], [-121.95516, 38.01802], [-121.9552, 38.01792], [-121.95523, 38.01785]]}}, {"type": "Feature", "properties": {"hw": "secondary"}, "geometry": {"type": "LineString", "coordinates": [[-121.96607, 38.02174], [-121.96609, 38.02097], [-121.96613, 38.02019]]}}, {"type": "Feature", "properties": {"hw": "tertiary"}, "geometry": {"type": "LineString", "coordinates": [[-121.966, 38.01701], [-121.966, 38.01737], [-121.966, 38.01765], [-121.96601, 38.0184], [-121.966, 38.01883], [-121.96599, 38.0193], [-121.96597, 38.01938]]}}, {"type": "Feature", "properties": {"hw": "residential"}, "geometry": {"type": "LineString", "coordinates": [[-121.88362, 38.03263], [-121.8835, 38.0326], [-121.88255, 38.03236]]}}, {"type": "Feature", "properties": {"hw": "tertiary"}, "geometry": {"type": "LineString", "coordinates": [[-121.88362, 38.03263], [-121.88364, 38.03258], [-121.88376, 38.03227], [-121.88378, 38.03218], [-121.88377, 38.03209], [-121.88376, 38.03207], [-121.88374, 38.03203], [-121.88373, 38.03201], [-121.88369, 38.03194], [-121.88368, 38.0319], [-121.88368, 38.03186], [-121.88368, 38.03185], [-121.88369, 38.03179], [-121.88372, 38.0317], [-121.88375, 38.03162], [-121.88378, 38.03156], [-121.88389, 38.03126], [-121.88392, 38.0312], [-121.88394, 38.03114], [-121.8842, 38.03044], [-121.88423, 38.03038], [-121.88425, 38.03032], [-121.88451, 38.02966], [-121.88454, 38.02959], [-121.88458, 38.02951], [-121.88462, 38.02941], [-121.88467, 38.02929]]}}, {"type": "Feature", "properties": {"hw": "residential"}, "geometry": {"type": "LineString", "coordinates": [[-121.9038, 38.0252], [-121.90389, 38.02533], [-121.90391, 38.02541], [-121.9039, 38.02555]]}}, {"type": "Feature", "properties": {"hw": "residential"}, "geometry": {"type": "LineString", "coordinates": [[-121.9039, 38.02555], [-121.9039, 38.02568]]}}, {"type": "Feature", "properties": {"hw": "tertiary"}, "geometry": {"type": "LineString", "coordinates": [[-121.9039, 38.02568], [-121.90394, 38.02569], [-121.90427, 38.02572], [-121.90452, 38.02574], [-121.90539, 38.02581], [-121.90669, 38.02592], [-121.90835, 38.02607], [-121.91138, 38.02633], [-121.91235, 38.02644]]}}, {"type": "Feature", "properties": {"hw": "residential"}, "geometry": {"type": "LineString", "coordinates": [[-121.90184, 38.01328], [-121.90176, 38.01314]]}}, {"type": "Feature", "properties": {"hw": "residential"}, "geometry": {"type": "LineString", "coordinates": [[-121.90595, 38.01416], [-121.90607, 38.0141]]}}, {"type": "Feature", "properties": {"hw": "residential"}, "geometry": {"type": "LineString", "coordinates": [[-121.8815, 38.02793], [-121.88275, 38.02823], [-121.88401, 38.02854]]}}, {"type": "Feature", "properties": {"hw": "residential"}, "geometry": {"type": "LineString", "coordinates": [[-121.8815, 38.02793], [-121.88169, 38.02743], [-121.88182, 38.0271]]}}, {"type": "Feature", "properties": {"hw": "residential"}, "geometry": {"type": "LineString", "coordinates": [[-121.89781, 38.02902], [-121.89783, 38.0288], [-121.89783, 38.02865], [-121.89782, 38.02854], [-121.89778, 38.02846], [-121.89759, 38.02818]]}}, {"type": "Feature", "properties": {"hw": "residential"}, "geometry": {"type": "LineString", "coordinates": [[-121.89781, 38.02902], [-121.89776, 38.02915], [-121.89776, 38.02936], [-121.89775, 38.02945]]}}, {"type": "Feature", "properties": {"hw": "residential"}, "geometry": {"type": "LineString", "coordinates": [[-121.8822, 38.03328], [-121.88225, 38.03318], [-121.88255, 38.03236], [-121.88265, 38.0321], [-121.8827, 38.03195], [-121.88276, 38.0318], [-121.88288, 38.03148]]}}, {"type": "Feature", "properties": {"hw": "tertiary"}, "geometry": {"type": "LineString", "coordinates": [[-121.88327, 38.03354], [-121.88339, 38.03357], [-121.8842, 38.03376], [-121.88422, 38.03376], [-121.88435, 38.03378]]}}, {"type": "Feature", "properties": {"hw": "secondary"}, "geometry": {"type": "LineString", "coordinates": [[-121.94439, 38.01533], [-121.94468, 38.01533], [-121.94483, 38.01533], [-121.94536, 38.01534], [-121.94583, 38.01539], [-121.94593, 38.0154]]}}, {"type": "Feature", "properties": {"hw": "secondary"}, "geometry": {"type": "LineString", "coordinates": [[-121.8874, 38.02196], [-121.88737, 38.02204]]}}, {"type": "Feature", "properties": {"hw": "secondary"}, "geometry": {"type": "LineString", "coordinates": [[-121.88737, 38.02204], [-121.88735, 38.0221], [-121.88727, 38.02234], [-121.88726, 38.02239], [-121.88722, 38.02253], [-121.88721, 38.02269], [-121.88721, 38.02274], [-121.88721, 38.02285], [-121.8872, 38.02319], [-121.88715, 38.02344]]}}, {"type": "Feature", "properties": {"hw": "secondary"}, "geometry": {"type": "LineString", "coordinates": [[-121.8875, 38.02209], [-121.88759, 38.02187]]}}, {"type": "Feature", "properties": {"hw": "secondary"}, "geometry": {"type": "LineString", "coordinates": [[-121.88749, 38.02212], [-121.8875, 38.02209]]}}, {"type": "Feature", "properties": {"hw": "residential"}, "geometry": {"type": "LineString", "coordinates": [[-122.006, 37.98753], [-122.00585, 37.98764], [-122.00573, 37.9878], [-122.00569, 37.98792], [-122.00565, 37.98805]]}}, {"type": "Feature", "properties": {"hw": "residential"}, "geometry": {"type": "LineString", "coordinates": [[-122.0061, 37.98747], [-122.00606, 37.98749], [-122.006, 37.98753]]}}, {"type": "Feature", "properties": {"hw": "residential"}, "geometry": {"type": "LineString", "coordinates": [[-121.84924, 38.00132], [-121.84933, 38.00133], [-121.85001, 38.00151]]}}, {"type": "Feature", "properties": {"hw": "residential"}, "geometry": {"type": "LineString", "coordinates": [[-121.84883, 38.00179], [-121.84924, 38.00132]]}}, {"type": "Feature", "properties": {"hw": "residential"}, "geometry": {"type": "LineString", "coordinates": [[-121.95981, 38.02859], [-121.95975, 38.02859], [-121.95954, 38.02859], [-121.95898, 38.02858], [-121.95879, 38.02858], [-121.95819, 38.02812], [-121.95819, 38.02796], [-121.9582, 38.02751], [-121.95821, 38.02729], [-121.9575, 38.02728], [-121.95735, 38.02728]]}}, {"type": "Feature", "properties": {"hw": "residential"}, "geometry": {"type": "LineString", "coordinates": [[-121.97001, 38.02171], [-121.97007, 38.02167], [-121.9701, 38.02161]]}}, {"type": "Feature", "properties": {"hw": "residential"}, "geometry": {"type": "LineString", "coordinates": [[-121.9695, 38.02138], [-121.96965, 38.02133], [-121.96973, 38.02128]]}}, {"type": "Feature", "properties": {"hw": "residential"}, "geometry": {"type": "LineString", "coordinates": [[-121.96973, 38.02094], [-121.9697, 38.02088], [-121.96968, 38.02084], [-121.9698, 38.02058], [-121.96889, 38.02028], [-121.96815, 38.02006], [-121.96764, 38.01991], [-121.96744, 38.01987], [-121.96717, 38.02014], [-121.96712, 38.02021], [-121.96703, 38.02033], [-121.96694, 38.02053], [-121.96695, 38.0207], [-121.96695, 38.02074], [-121.96699, 38.021], [-121.9676, 38.02117], [-121.96838, 38.0214], [-121.96895, 38.02157], [-121.96929, 38.02167], [-121.96941, 38.02141], [-121.96945, 38.0214], [-121.9695, 38.02138]]}}, {"type": "Feature", "properties": {"hw": "secondary"}, "geometry": {"type": "LineString", "coordinates": [[-122.0007, 38.00023], [-122.00023, 38.00169]]}}, {"type": "Feature", "properties": {"hw": "residential"}, "geometry": {"type": "LineString", "coordinates": [[-121.96899, 38.01152], [-121.96884, 38.01154], [-121.96859, 38.01156], [-121.96847, 38.01154], [-121.96831, 38.01152], [-121.96803, 38.01141], [-121.96795, 38.01136], [-121.96775, 38.01125], [-121.96758, 38.01117], [-121.96749, 38.01112], [-121.96715, 38.01107], [-121.96662, 38.01112], [-121.96639, 38.01116], [-121.96601, 38.01121], [-121.96596, 38.01122], [-121.96593, 38.01123], [-121.96553, 38.01131]]}}, {"type": "Feature", "properties": {"hw": "residential"}, "geometry": {"type": "LineString", "coordinates": [[-121.96132, 38.01197], [-121.96091, 38.01187]]}}, {"type": "Feature", "properties": {"hw": "tertiary"}, "geometry": {"type": "LineString", "coordinates": [[-121.87999, 38.02283], [-121.88095, 38.02049]]}}, {"type": "Feature", "properties": {"hw": "residential"}, "geometry": {"type": "LineString", "coordinates": [[-121.88919, 38.00317], [-121.88856, 38.00253], [-121.88851, 38.00249], [-121.8884, 38.00238], [-121.88837, 38.00235], [-121.8878, 38.00179], [-121.88769, 38.00168], [-121.88704, 38.00104]]}}, {"type": "Feature", "properties": {"hw": "residential"}, "geometry": {"type": "LineString", "coordinates": [[-121.8755, 37.99598], [-121.8741, 37.99616], [-121.87388, 37.99619], [-121.87347, 37.99621], [-121.87176, 37.9962], [-121.87077, 37.9962], [-121.87029, 37.9962]]}}, {"type": "Feature", "properties": {"hw": "secondary"}, "geometry": {"type": "LineString", "coordinates": [[-121.85659, 38.00806], [-121.85732, 38.00825], [-121.85787, 38.00839], [-121.85815, 38.00844], [-121.8584, 38.00847], [-121.85874, 38.00849]]}}, {"type": "Feature", "properties": {"hw": "secondary"}, "geometry": {"type": "LineString", "coordinates": [[-121.85012, 38.0037], [-121.8503, 38.00373], [-121.85215, 38.00412], [-121.85304, 38.00428], [-121.8534, 38.00442]]}}, {"type": "Feature", "properties": {"hw": "secondary"}, "geometry": {"type": "LineString", "coordinates": [[-121.87184, 38.00552], [-121.87168, 38.00592], [-121.87164, 38.00602]]}}, {"type": "Feature", "properties": {"hw": "secondary"}, "geometry": {"type": "LineString", "coordinates": [[-121.87196, 38.0056], [-121.872, 38.0055], [-121.87201, 38.00548], [-121.87209, 38.00526], [-121.87212, 38.00519], [-121.87228, 38.00474], [-121.87234, 38.00461], [-121.87287, 38.00326]]}}, {"type": "Feature", "properties": {"hw": "secondary"}, "geometry": {"type": "LineString", "coordinates": [[-121.8403, 38.00305], [-121.8404, 38.00312], [-121.8405, 38.00319], [-121.84059, 38.00325], [-121.84069, 38.00331], [-121.84079, 38.00337], [-121.84087, 38.00342], [-121.84095, 38.00347], [-121.84103, 38.00351], [-121.84119, 38.00359], [-121.8414, 38.00368]]}}, {"type": "Feature", "properties": {"hw": "secondary"}, "geometry": {"type": "LineString", "coordinates": [[-121.84023, 38.003], [-121.8403, 38.00305]]}}, {"type": "Feature", "properties": {"hw": "secondary"}, "geometry": {"type": "LineString", "coordinates": [[-121.84039, 38.00297], [-121.8402, 38.00283], [-121.8401, 38.00276], [-121.8399, 38.00261], [-121.83975, 38.00251], [-121.83948, 38.00231], [-121.83931, 38.0023]]}}, {"type": "Feature", "properties": {"hw": "residential"}, "geometry": {"type": "LineString", "coordinates": [[-121.83915, 37.98317], [-121.83915, 37.98328]]}}, {"type": "Feature", "properties": {"hw": "secondary"}, "geometry": {"type": "LineString", "coordinates": [[-121.83915, 37.98317], [-121.83637, 37.98312]]}}, {"type": "Feature", "properties": {"hw": "residential"}, "geometry": {"type": "LineString", "coordinates": [[-121.89258, 38.00818], [-121.89272, 38.00822]]}}, {"type": "Feature", "properties": {"hw": "secondary"}, "geometry": {"type": "LineString", "coordinates": [[-121.89007, 38.01188], [-121.88935, 38.01171], [-121.88921, 38.01167], [-121.88813, 38.01141]]}}, {"type": "Feature", "properties": {"hw": "secondary"}, "geometry": {"type": "LineString", "coordinates": [[-121.89002, 38.01199], [-121.89035, 38.01207], [-121.89047, 38.0121], [-121.89111, 38.01225]]}}, {"type": "Feature", "properties": {"hw": "residential"}, "geometry": {"type": "LineString", "coordinates": [[-121.94189, 38.01666], [-121.94181, 38.01666], [-121.94101, 38.01666]]}}, {"type": "Feature", "properties": {"hw": "secondary"}, "geometry": {"type": "LineString", "coordinates": [[-121.94189, 38.01666], [-121.94189, 38.01697], [-121.9419, 38.01714], [-121.94188, 38.01728]]}}, {"type": "Feature", "properties": {"hw": "secondary"}, "geometry": {"type": "LineString", "coordinates": [[-121.94202, 38.01666], [-121.94202, 38.01658], [-121.94201, 38.01619], [-121.94201, 38.01604]]}}, {"type": "Feature", "properties": {"hw": "tertiary"}, "geometry": {"type": "LineString", "coordinates": [[-121.96701, 38.01955], [-121.96749, 38.01962], [-121.97032, 38.02027], [-121.97034, 38.02028], [-121.9704, 38.02029]]}}, {"type": "Feature", "properties": {"hw": "tertiary"}, "geometry": {"type": "LineString", "coordinates": [[-121.96703, 38.01944], [-121.96683, 38.01941], [-121.96623, 38.01938], [-121.96616, 38.01938]]}}, {"type": "Feature", "properties": {"hw": "tertiary"}, "geometry": {"type": "LineString", "coordinates": [[-121.88673, 38.00737], [-121.88626, 38.00686], [-121.88592, 38.0065], [-121.88578, 38.00635], [-121.88552, 38.00608], [-121.88532, 38.00581], [-121.8852, 38.0055], [-121.88519, 38.00542], [-121.88513, 38.00506], [-121.88506, 38.00446], [-121.88503, 38.00435], [-121.88498, 38.00416]]}}, {"type": "Feature", "properties": {"hw": "tertiary"}, "geometry": {"type": "LineString", "coordinates": [[-121.88661, 38.00744], [-121.88671, 38.00757], [-121.88677, 38.00765], [-121.88681, 38.00771], [-121.88684, 38.00776], [-121.88688, 38.00784], [-121.88692, 38.00792], [-121.88696, 38.00802], [-121.88699, 38.00814], [-121.88701, 38.00819], [-121.88703, 38.00829]]}}, {"type": "Feature", "properties": {"hw": "residential"}, "geometry": {"type": "LineString", "coordinates": [[-121.83988, 37.99669], [-121.83983, 37.9966], [-121.83971, 37.99646]]}}, {"type": "Feature", "properties": {"hw": "secondary"}, "geometry": {"type": "LineString", "coordinates": [[-121.88809, 38.02057], [-121.88824, 38.02016], [-121.88837, 38.01982]]}}, {"type": "Feature", "properties": {"hw": "secondary"}, "geometry": {"type": "LineString", "coordinates": [[-121.88784, 38.0208], [-121.88782, 38.02085], [-121.88765, 38.0213], [-121.8876, 38.02144]]}}, {"type": "Feature", "properties": {"hw": "secondary"}, "geometry": {"type": "LineString", "coordinates": [[-121.88799, 38.02084], [-121.88805, 38.02068]]}}, {"type": "Feature", "properties": {"hw": "residential"}, "geometry": {"type": "LineString", "coordinates": [[-121.93644, 38.0252], [-121.93643, 38.02486]]}}, {"type": "Feature", "properties": {"hw": "residential"}, "geometry": {"type": "LineString", "coordinates": [[-121.96867, 38.01605], [-121.96905, 38.01696]]}}, {"type": "Feature", "properties": {"hw": "tertiary"}, "geometry": {"type": "LineString", "coordinates": [[-121.97366, 38.02478], [-121.97379, 38.02478], [-121.97415, 38.0248], [-121.97494, 38.02483]]}}, {"type": "Feature", "properties": {"hw": "tertiary"}, "geometry": {"type": "LineString", "coordinates": [[-121.94164, 38.01133], [-121.9417, 38.01151], [-121.94174, 38.01165], [-121.94178, 38.0118], [-121.94181, 38.01195], [-121.94184, 38.0121], [-121.94184, 38.01213], [-121.94186, 38.01227], [-121.94187, 38.01246], [-121.94187, 38.0127], [-121.94187, 38.01277], [-121.94187, 38.01372], [-121.94188, 38.01383], [-121.94194, 38.01454], [-121.94194, 38.01466], [-121.94195, 38.01535]]}}, {"type": "Feature", "properties": {"hw": "tertiary"}, "geometry": {"type": "LineString", "coordinates": [[-121.94131, 38.01037], [-121.94164, 38.01133]]}}, {"type": "Feature", "properties": {"hw": "residential"}, "geometry": {"type": "LineString", "coordinates": [[-121.97035, 38.01534], [-121.97011, 38.01477], [-121.96996, 38.01418], [-121.96985, 38.01379], [-121.96972, 38.01358], [-121.96962, 38.01344], [-121.96946, 38.01322], [-121.96941, 38.01314], [-121.96918, 38.01277], [-121.96915, 38.01268], [-121.9691, 38.01258], [-121.9691, 38.01238], [-121.9691, 38.01218], [-121.9691, 38.01214], [-121.9691, 38.01194], [-121.96899, 38.01152], [-121.96885, 38.01103], [-121.96879, 38.01072], [-121.96879, 38.01063]]}}, {"type": "Feature", "properties": {"hw": "residential"}, "geometry": {"type": "LineString", "coordinates": [[-121.89418, 38.01372], [-121.89442, 38.01299]]}}, {"type": "Feature", "properties": {"hw": "residential"}, "geometry": {"type": "LineString", "coordinates": [[-121.88418, 38.02471], [-121.88422, 38.02456], [-121.88427, 38.02444], [-121.88438, 38.02415], [-121.8845, 38.02385], [-121.88451, 38.02381], [-121.88452, 38.02378], [-121.88451, 38.02373]]}}, {"type": "Feature", "properties": {"hw": "tertiary"}, "geometry": {"type": "LineString", "coordinates": [[-121.9755, 38.01883], [-121.97541, 38.01887], [-121.97514, 38.01899], [-121.97419, 38.01947], [-121.97374, 38.01969], [-121.97331, 38.01989], [-121.97297, 38.02002], [-121.97258, 38.02014], [-121.97232, 38.02019], [-121.97203, 38.02024], [-121.97176, 38.02027], [-121.97148, 38.02028], [-121.97105, 38.02027], [-121.97068, 38.02023], [-121.97065, 38.02023], [-121.97057, 38.02022]]}}, {"type": "Feature", "properties": {"hw": "tertiary"}, "geometry": {"type": "LineString", "coordinates": [[-121.97054, 38.02032], [-121.97061, 38.02033], [-121.97097, 38.02037], [-121.97139, 38.02039], [-121.97168, 38.02038], [-121.97198, 38.02035], [-121.97224, 38.02032], [-121.97248, 38.02027], [-121.97267, 38.02023], [-121.97284, 38.02018], [-121.97331, 38.02002], [-121.97374, 38.01982], [-121.9743, 38.01954], [-121.97494, 38.01921], [-121.97549, 38.01896], [-121.97557, 38.01893]]}}, {"type": "Feature", "properties": {"hw": "tertiary"}, "geometry": {"type": "LineString", "coordinates": [[-121.9756, 38.01878], [-121.9755, 38.01883]]}}, {"type": "Feature", "properties": {"hw": "tertiary"}, "geometry": {"type": "LineString", "coordinates": [[-121.9755, 38.01883], [-121.97557, 38.01893]]}}, {"type": "Feature", "properties": {"hw": "secondary"}, "geometry": {"type": "LineString", "coordinates": [[-121.83749, 37.99857], [-121.83713, 37.99862], [-121.83676, 37.99869], [-121.83662, 37.99871], [-121.83556, 37.99884], [-121.83497, 37.99892], [-121.83487, 37.99893], [-121.8343, 37.99903], [-121.83383, 37.99914], [-121.83361, 37.99921], [-121.83319, 37.99934], [-121.83263, 37.99951]]}}, {"type": "Feature", "properties": {"hw": "secondary"}, "geometry": {"type": "LineString", "coordinates": [[-121.84167, 37.99819], [-121.84076, 37.9984], [-121.84031, 37.99848]]}}, {"type": "Feature", "properties": {"hw": "tertiary"}, "geometry": {"type": "LineString", "coordinates": [[-121.92826, 38.01951], [-121.9289, 38.0195], [-121.92998, 38.01948]]}}, {"type": "Feature", "properties": {"hw": "tertiary"}, "geometry": {"type": "LineString", "coordinates": [[-121.84021, 37.98979], [-121.84021, 37.98977]]}}, {"type": "Feature", "properties": {"hw": "residential"}, "geometry": {"type": "LineString", "coordinates": [[-121.89902, 38.02318], [-121.89907, 38.02301], [-121.89908, 38.02297]]}}, {"type": "Feature", "properties": {"hw": "residential"}, "geometry": {"type": "LineString", "coordinates": [[-121.89902, 38.02318], [-121.89845, 38.02466]]}}, {"type": "Feature", "properties": {"hw": "tertiary"}, "geometry": {"type": "LineString", "coordinates": [[-121.8564, 38.02135], [-121.85659, 38.02095], [-121.85661, 38.02092], [-121.85663, 38.02088], [-121.85666, 38.0208], [-121.85677, 38.02055]]}}, {"type": "Feature", "properties": {"hw": "residential"}, "geometry": {"type": "LineString", "coordinates": [[-121.88531, 38.02591], [-121.88528, 38.02587]]}}, {"type": "Feature", "properties": {"hw": "residential"}, "geometry": {"type": "LineString", "coordinates": [[-121.88535, 38.02571], [-121.88539, 38.0256], [-121.8856, 38.02504]]}}, {"type": "Feature", "properties": {"hw": "residential"}, "geometry": {"type": "LineString", "coordinates": [[-121.88528, 38.02587], [-121.88535, 38.02571]]}}, {"type": "Feature", "properties": {"hw": "unclassified"}, "geometry": {"type": "LineString", "coordinates": [[-121.99238, 38.04161], [-121.99259, 38.04158], [-121.9927, 38.04158], [-121.99286, 38.04157], [-121.99371, 38.04158], [-121.99406, 38.04142], [-121.99448, 38.04128]]}}, {"type": "Feature", "properties": {"hw": "residential"}, "geometry": {"type": "LineString", "coordinates": [[-121.91094, 38.02885], [-121.91094, 38.02895], [-121.91095, 38.02916], [-121.91096, 38.02937], [-121.911, 38.02949]]}}, {"type": "Feature", "properties": {"hw": "residential"}, "geometry": {"type": "LineString", "coordinates": [[-121.91105, 38.02885], [-121.91105, 38.02871], [-121.91104, 38.02856], [-121.91105, 38.02838], [-121.91104, 38.02828]]}}, {"type": "Feature", "properties": {"hw": "residential"}, "geometry": {"type": "LineString", "coordinates": [[-121.85442, 38.01202], [-121.85501, 38.01055]]}}, {"type": "Feature", "properties": {"hw": "unclassified"}, "geometry": {"type": "LineString", "coordinates": [[-121.85501, 38.01055], [-121.85582, 38.01074], [-121.85586, 38.01075], [-121.85687, 38.01099]]}}, {"type": "Feature", "properties": {"hw": "residential"}, "geometry": {"type": "LineString", "coordinates": [[-121.85501, 38.01055], [-121.85517, 38.01022], [-121.85548, 38.00945], [-121.8556, 38.00908]]}}, {"type": "Feature", "properties": {"hw": "residential"}, "geometry": {"type": "LineString", "coordinates": [[-121.9108, 38.02321], [-121.91081, 38.02329], [-121.91081, 38.02336], [-121.91083, 38.02438], [-121.91087, 38.02444]]}}, {"type": "Feature", "properties": {"hw": "tertiary"}, "geometry": {"type": "LineString", "coordinates": [[-121.90831, 38.02307], [-121.90799, 38.02299], [-121.90752, 38.02286]]}}, {"type": "Feature", "properties": {"hw": "tertiary"}, "geometry": {"type": "LineString", "coordinates": [[-121.91051, 38.02329], [-121.91081, 38.02329], [-121.91092, 38.02329], [-121.91139, 38.02329], [-121.91229, 38.02327], [-121.91244, 38.02327], [-121.91459, 38.02327], [-121.91508, 38.02328], [-121.91632, 38.02329], [-121.91709, 38.02331], [-121.91762, 38.0233], [-121.91799, 38.0233], [-121.91813, 38.02324]]}}, {"type": "Feature", "properties": {"hw": "tertiary"}, "geometry": {"type": "LineString", "coordinates": [[-121.91632, 38.02319], [-121.91511, 38.02319], [-121.91462, 38.02319], [-121.91458, 38.02319], [-121.91244, 38.02318]]}}, {"type": "Feature", "properties": {"hw": "tertiary"}, "geometry": {"type": "LineString", "coordinates": [[-121.91052, 38.0232], [-121.9101, 38.02319], [-121.9096, 38.0232], [-121.90928, 38.0232], [-121.90902, 38.02318], [-121.90877, 38.02314], [-121.90842, 38.02306], [-121.90831, 38.02307]]}}, {"type": "Feature", "properties": {"hw": "tertiary"}, "geometry": {"type": "LineString", "coordinates": [[-121.91708, 38.0232], [-121.91632, 38.02319]]}}, {"type": "Feature", "properties": {"hw": "tertiary"}, "geometry": {"type": "LineString", "coordinates": [[-121.91244, 38.02318], [-121.91228, 38.02319], [-121.91145, 38.02321], [-121.91142, 38.02321], [-121.91092, 38.02321], [-121.9108, 38.02321], [-121.91052, 38.0232]]}}, {"type": "Feature", "properties": {"hw": "secondary"}, "geometry": {"type": "LineString", "coordinates": [[-121.86594, 38.01236], [-121.86617, 38.01229]]}}, {"type": "Feature", "properties": {"hw": "residential"}, "geometry": {"type": "LineString", "coordinates": [[-121.84699, 37.99956], [-121.84692, 37.99972], [-121.8469, 37.99974], [-121.84685, 37.99975], [-121.84681, 37.99975], [-121.84673, 37.99972], [-121.84671, 37.9997], [-121.84669, 37.99968], [-121.84669, 37.99965], [-121.84675, 37.9995]]}}, {"type": "Feature", "properties": {"hw": "residential"}, "geometry": {"type": "LineString", "coordinates": [[-121.89448, 38.01536], [-121.8942, 38.01529], [-121.89412, 38.01528]]}}, {"type": "Feature", "properties": {"hw": "residential"}, "geometry": {"type": "LineString", "coordinates": [[-121.89412, 38.01528], [-121.89395, 38.01524], [-121.89389, 38.01526], [-121.89393, 38.0153], [-121.89409, 38.01534]]}}, {"type": "Feature", "properties": {"hw": "residential"}, "geometry": {"type": "LineString", "coordinates": [[-121.89409, 38.01534], [-121.89417, 38.01536], [-121.89445, 38.01543]]}}, {"type": "Feature", "properties": {"hw": "residential"}, "geometry": {"type": "LineString", "coordinates": [[-121.89243, 38.0171], [-121.89245, 38.01699], [-121.89248, 38.01687]]}}, {"type": "Feature", "properties": {"hw": "residential"}, "geometry": {"type": "LineString", "coordinates": [[-121.89255, 38.01682], [-121.89257, 38.01677], [-121.89258, 38.01677], [-121.89263, 38.01673], [-121.89263, 38.01669], [-121.89258, 38.01668], [-121.89254, 38.01671], [-121.89248, 38.01677], [-121.89247, 38.01681]]}}, {"type": "Feature", "properties": {"hw": "residential"}, "geometry": {"type": "LineString", "coordinates": [[-121.89247, 38.01681], [-121.89248, 38.01687], [-121.89255, 38.01682]]}}, {"type": "Feature", "properties": {"hw": "tertiary"}, "geometry": {"type": "LineString", "coordinates": [[-121.90698, 38.02272], [-121.90752, 38.02286]]}}, {"type": "Feature", "properties": {"hw": "tertiary"}, "geometry": {"type": "LineString", "coordinates": [[-121.90698, 38.02272], [-121.90683, 38.02263], [-121.90623, 38.02247]]}}, {"type": "Feature", "properties": {"hw": "tertiary"}, "geometry": {"type": "LineString", "coordinates": [[-121.90499, 38.02221], [-121.90559, 38.02237]]}}, {"type": "Feature", "properties": {"hw": "tertiary"}, "geometry": {"type": "LineString", "coordinates": [[-121.90559, 38.02237], [-121.90628, 38.02256], [-121.9068, 38.0227], [-121.90698, 38.02272]]}}, {"type": "Feature", "properties": {"hw": "tertiary"}, "geometry": {"type": "LineString", "coordinates": [[-121.90623, 38.02247], [-121.90572, 38.02232], [-121.90561, 38.02229]]}}, {"type": "Feature", "properties": {"hw": "tertiary"}, "geometry": {"type": "LineString", "coordinates": [[-121.90561, 38.02229], [-121.90466, 38.02203], [-121.90429, 38.02188]]}}, {"type": "Feature", "properties": {"hw": "tertiary"}, "geometry": {"type": "LineString", "coordinates": [[-121.90429, 38.02188], [-121.90409, 38.02177], [-121.9038, 38.02156]]}}, {"type": "Feature", "properties": {"hw": "residential"}, "geometry": {"type": "LineString", "coordinates": [[-121.86262, 38.00797], [-121.86264, 38.00786]]}}, {"type": "Feature", "properties": {"hw": "residential"}, "geometry": {"type": "LineString", "coordinates": [[-121.83567, 37.98712], [-121.83506, 37.98666]]}}, {"type": "Feature", "properties": {"hw": "residential"}, "geometry": {"type": "LineString", "coordinates": [[-121.83622, 37.98753], [-121.83567, 37.98712]]}}, {"type": "Feature", "properties": {"hw": "residential"}, "geometry": {"type": "LineString", "coordinates": [[-121.83627, 37.98662], [-121.83586, 37.98626]]}}, {"type": "Feature", "properties": {"hw": "residential"}, "geometry": {"type": "LineString", "coordinates": [[-121.83678, 37.98699], [-121.83627, 37.98662]]}}, {"type": "Feature", "properties": {"hw": "residential"}, "geometry": {"type": "LineString", "coordinates": [[-121.83849, 37.9881], [-121.83802, 37.98774]]}}, {"type": "Feature", "properties": {"hw": "residential"}, "geometry": {"type": "LineString", "coordinates": [[-121.83858, 37.98612], [-121.83825, 37.98602], [-121.83788, 37.98574]]}}, {"type": "Feature", "properties": {"hw": "residential"}, "geometry": {"type": "LineString", "coordinates": [[-121.83691, 37.98479], [-121.83689, 37.98489], [-121.83692, 37.98495], [-121.83699, 37.98502], [-121.83709, 37.98502], [-121.83712, 37.985], [-121.83714, 37.98495], [-121.83711, 37.9849], [-121.83704, 37.98484], [-121.83691, 37.98479]]}}, {"type": "Feature", "properties": {"hw": "residential"}, "geometry": {"type": "LineString", "coordinates": [[-121.88204, 38.01766], [-121.88213, 38.0177], [-121.88279, 38.01785], [-121.88346, 38.018], [-121.88387, 38.01696]]}}, {"type": "Feature", "properties": {"hw": "secondary"}, "geometry": {"type": "LineString", "coordinates": [[-121.94188, 38.01728], [-121.94187, 38.01773], [-121.94186, 38.01784]]}}, {"type": "Feature", "properties": {"hw": "residential"}, "geometry": {"type": "LineString", "coordinates": [[-121.84791, 38.00324], [-121.84824, 38.00249], [-121.84883, 38.00179]]}}, {"type": "Feature", "properties": {"hw": "secondary"}, "geometry": {"type": "LineString", "coordinates": [[-121.94204, 38.01864], [-121.94205, 38.01837]]}}, {"type": "Feature", "properties": {"hw": "secondary"}, "geometry": {"type": "LineString", "coordinates": [[-121.94205, 38.01787], [-121.94205, 38.01777]]}}, {"type": "Feature", "properties": {"hw": "secondary"}, "geometry": {"type": "LineString", "coordinates": [[-121.94205, 38.01837], [-121.94206, 38.018], [-121.94205, 38.01787]]}}, {"type": "Feature", "properties": {"hw": "residential"}, "geometry": {"type": "LineString", "coordinates": [[-121.90317, 38.0252], [-121.90316, 38.02478]]}}, {"type": "Feature", "properties": {"hw": "secondary"}, "geometry": {"type": "LineString", "coordinates": [[-121.84401, 37.99802], [-121.8439, 37.99812], [-121.84371, 37.99828], [-121.84346, 37.9985]]}}, {"type": "Feature", "properties": {"hw": "tertiary"}, "geometry": {"type": "LineString", "coordinates": [[-121.8799, 38.02279], [-121.87989, 38.0228], [-121.87977, 38.02303]]}}, {"type": "Feature", "properties": {"hw": "secondary"}, "geometry": {"type": "LineString", "coordinates": [[-121.89104, 37.99805], [-121.88887, 37.99799]]}}, {"type": "Feature", "properties": {"hw": "residential"}, "geometry": {"type": "LineString", "coordinates": [[-121.97066, 38.03953], [-121.97076, 38.03915], [-121.97081, 38.03895], [-121.9708, 38.03619]]}}, {"type": "Feature", "properties": {"hw": "unclassified"}, "geometry": {"type": "LineString", "coordinates": [[-121.88986, 38.01564], [-121.89004, 38.01567]]}}, {"type": "Feature", "properties": {"hw": "residential"}, "geometry": {"type": "LineString", "coordinates": [[-121.97469, 38.01577], [-121.97528, 38.0171], [-121.97555, 38.01771], [-121.97559, 38.01781], [-121.9758, 38.01821], [-121.97585, 38.01824]]}}, {"type": "Feature", "properties": {"hw": "residential"}, "geometry": {"type": "LineString", "coordinates": [[-121.9038, 38.02156], [-121.90371, 38.02163]]}}, {"type": "Feature", "properties": {"hw": "secondary"}, "geometry": {"type": "LineString", "coordinates": [[-121.96502, 38.02383], [-121.96477, 38.02407], [-121.96448, 38.02428], [-121.96421, 38.02445], [-121.96402, 38.02454]]}}, {"type": "Feature", "properties": {"hw": "tertiary"}, "geometry": {"type": "LineString", "coordinates": [[-121.9756, 38.01878], [-121.97555, 38.01872], [-121.97554, 38.0187], [-121.97539, 38.01848], [-121.9753, 38.01831], [-121.9752, 38.01811], [-121.97509, 38.01783], [-121.97496, 38.01755], [-121.97482, 38.01722]]}}, {"type": "Feature", "properties": {"hw": "tertiary"}, "geometry": {"type": "LineString", "coordinates": [[-121.97472, 38.01725], [-121.97484, 38.01758], [-121.97505, 38.01804], [-121.97521, 38.0184], [-121.97544, 38.01874], [-121.97545, 38.01876], [-121.9755, 38.01883]]}}, {"type": "Feature", "properties": {"hw": "residential"}, "geometry": {"type": "LineString", "coordinates": [[-121.97368, 38.01487], [-121.97379, 38.01484], [-121.97519, 38.01451], [-121.97599, 38.01434], [-121.97663, 38.01418], [-121.97692, 38.01406], [-121.97712, 38.01392]]}}, {"type": "Feature", "properties": {"hw": "tertiary"}, "geometry": {"type": "LineString", "coordinates": [[-121.96553, 38.01131], [-121.96529, 38.01082], [-121.965, 38.01052], [-121.96458, 38.01006], [-121.96434, 38.00959], [-121.96421, 38.00934]]}}, {"type": "Feature", "properties": {"hw": "tertiary"}, "geometry": {"type": "LineString", "coordinates": [[-121.96409, 38.00937], [-121.96421, 38.00964], [-121.96437, 38.00997], [-121.96464, 38.0103], [-121.96501, 38.01068], [-121.96525, 38.01097], [-121.96539, 38.01134]]}}, {"type": "Feature", "properties": {"hw": "residential"}, "geometry": {"type": "LineString", "coordinates": [[-121.94077, 38.01763], [-121.9408, 38.01759], [-121.94081, 38.01756], [-121.94082, 38.01745], [-121.94081, 38.01701], [-121.9408, 38.01671], [-121.94081, 38.01668], [-121.94084, 38.01667], [-121.94101, 38.01666]]}}, {"type": "Feature", "properties": {"hw": "secondary"}, "geometry": {"type": "LineString", "coordinates": [[-121.94195, 38.01535], [-121.94214, 38.01535], [-121.94269, 38.01535], [-121.94308, 38.01534], [-121.94333, 38.01534], [-121.94348, 38.01534], [-121.94387, 38.01533], [-121.94397, 38.01533], [-121.94406, 38.01533], [-121.94411, 38.01533], [-121.94429, 38.01533], [-121.94439, 38.01533]]}}, {"type": "Feature", "properties": {"hw": "residential"}, "geometry": {"type": "LineString", "coordinates": [[-121.95321, 38.01878], [-121.95333, 38.01851], [-121.95345, 38.01816], [-121.95352, 38.01784]]}}, {"type": "Feature", "properties": {"hw": "residential"}, "geometry": {"type": "LineString", "coordinates": [[-121.9542, 38.01867], [-121.95388, 38.01861], [-121.95349, 38.01854], [-121.95333, 38.01851], [-121.95267, 38.01833], [-121.95214, 38.0182], [-121.95182, 38.01812]]}}, {"type": "Feature", "properties": {"hw": "residential"}, "geometry": {"type": "LineString", "coordinates": [[-121.95352, 38.01784], [-121.95346, 38.01782], [-121.95305, 38.01767], [-121.95255, 38.01746], [-121.95228, 38.01733], [-121.95208, 38.01767], [-121.95186, 38.01805], [-121.95182, 38.01812], [-121.95173, 38.01828], [-121.95172, 38.01833], [-121.95173, 38.01837]]}}, {"type": "Feature", "properties": {"hw": "residential"}, "geometry": {"type": "LineString", "coordinates": [[-121.95412, 38.01894], [-121.9542, 38.01867]]}}, {"type": "Feature", "properties": {"hw": "residential"}, "geometry": {"type": "LineString", "coordinates": [[-121.95352, 38.01784], [-121.95356, 38.01773], [-121.95361, 38.01769], [-121.95368, 38.01765], [-121.95373, 38.0176], [-121.95374, 38.01758], [-121.9538, 38.0175]]}}, {"type": "Feature", "properties": {"hw": "residential"}, "geometry": {"type": "LineString", "coordinates": [[-121.9542, 38.01867], [-121.95441, 38.01788], [-121.95435, 38.01784], [-121.95412, 38.01777], [-121.95368, 38.01765]]}}, {"type": "Feature", "properties": {"hw": "residential"}, "geometry": {"type": "LineString", "coordinates": [[-121.95354, 38.01885], [-121.95338, 38.01921], [-121.9533, 38.01924], [-121.9532, 38.01923], [-121.95305, 38.01919], [-121.95272, 38.0191], [-121.95256, 38.01905], [-121.95223, 38.01896], [-121.95207, 38.01892], [-121.95185, 38.01886], [-121.95181, 38.01884], [-121.95181, 38.01881], [-121.95181, 38.01877], [-121.95184, 38.0187], [-121.95195, 38.01845]]}}, {"type": "Feature", "properties": {"hw": "residential"}, "geometry": {"type": "LineString", "coordinates": [[-121.95173, 38.01837], [-121.9518, 38.0184], [-121.95195, 38.01845], [-121.95207, 38.01848], [-121.95292, 38.01871], [-121.95321, 38.01878], [-121.95354, 38.01885], [-121.95412, 38.01894], [-121.95483, 38.01903], [-121.95491, 38.01904], [-121.95504, 38.01906], [-121.95541, 38.01914], [-121.9557, 38.01921], [-121.95585, 38.01927], [-121.9561, 38.01946], [-121.95623, 38.01963], [-121.95626, 38.01973], [-121.95627, 38.01984], [-121.95633, 38.01996], [-121.95639, 38.02002], [-121.95652, 38.02009], [-121.95673, 38.02015], [-121.95724, 38.02026], [-121.95773, 38.02038], [-121.958, 38.02044], [-121.95825, 38.02051], [-121.95848, 38.02056], [-121.95873, 38.0206], [-121.95899, 38.02061], [-121.9592, 38.02065], [-121.95965, 38.02073], [-121.95992, 38.02079], [-121.96006, 38.02077]]}}, {"type": "Feature", "properties": {"hw": "residential"}, "geometry": {"type": "LineString", "coordinates": [[-121.95959, 38.01891], [-121.9586, 38.01874], [-121.95856, 38.01873], [-121.95853, 38.01874], [-121.9585, 38.01875]]}}, {"type": "Feature", "properties": {"hw": "residential"}, "geometry": {"type": "LineString", "coordinates": [[-121.96006, 38.01938], [-121.95952, 38.01928]]}}, {"type": "Feature", "properties": {"hw": "residential"}, "geometry": {"type": "LineString", "coordinates": [[-121.95939, 38.01925], [-121.95838, 38.01907]]}}, {"type": "Feature", "properties": {"hw": "residential"}, "geometry": {"type": "LineString", "coordinates": [[-121.96016, 38.02056], [-121.95907, 38.02037]]}}, {"type": "Feature", "properties": {"hw": "residential"}, "geometry": {"type": "LineString", "coordinates": [[-121.96017, 38.02017], [-121.96006, 38.02017], [-121.95917, 38.02001]]}}, {"type": "Feature", "properties": {"hw": "residential"}, "geometry": {"type": "LineString", "coordinates": [[-121.95992, 38.02079], [-121.95977, 38.02122]]}}, {"type": "Feature", "properties": {"hw": "residential"}, "geometry": {"type": "LineString", "coordinates": [[-121.95995, 38.01975], [-121.95928, 38.01964], [-121.95828, 38.01947]]}}, {"type": "Feature", "properties": {"hw": "residential"}, "geometry": {"type": "LineString", "coordinates": [[-121.95917, 38.02001], [-121.95817, 38.01984]]}}, {"type": "Feature", "properties": {"hw": "residential"}, "geometry": {"type": "LineString", "coordinates": [[-121.95969, 38.01861], [-121.95967, 38.01868], [-121.95966, 38.0187], [-121.95959, 38.01891], [-121.95957, 38.01895]]}}, {"type": "Feature", "properties": {"hw": "residential"}, "geometry": {"type": "LineString", "coordinates": [[-121.96006, 38.02077], [-121.9601, 38.02073], [-121.96013, 38.02067], [-121.96016, 38.02056], [-121.96023, 38.02033], [-121.96021, 38.02026], [-121.96017, 38.02017], [-121.96015, 38.02006], [-121.9602, 38.01988], [-121.96018, 38.01981], [-121.96013, 38.01978], [-121.95995, 38.01975], [-121.96006, 38.01938], [-121.96015, 38.01924], [-121.96022, 38.01902]]}}, {"type": "Feature", "properties": {"hw": "residential"}, "geometry": {"type": "LineString", "coordinates": [[-121.96037, 38.01905], [-121.96022, 38.01902], [-121.95959, 38.01891]]}}, {"type": "Feature", "properties": {"hw": "residential"}, "geometry": {"type": "LineString", "coordinates": [[-121.9585, 38.01875], [-121.95848, 38.01876], [-121.95846, 38.01878], [-121.95846, 38.0188], [-121.95838, 38.01907], [-121.95828, 38.01947], [-121.95817, 38.01984], [-121.95807, 38.0202], [-121.958, 38.02044]]}}, {"type": "Feature", "properties": {"hw": "residential"}, "geometry": {"type": "LineString", "coordinates": [[-121.95907, 38.02037], [-121.95807, 38.0202]]}}, {"type": "Feature", "properties": {"hw": "residential"}, "geometry": {"type": "LineString", "coordinates": [[-121.95957, 38.01895], [-121.95953, 38.01902], [-121.95946, 38.0191], [-121.95939, 38.01925], [-121.95928, 38.01964], [-121.95917, 38.02001], [-121.95907, 38.02037], [-121.95899, 38.02061]]}}, {"type": "Feature", "properties": {"hw": "residential"}, "geometry": {"type": "LineString", "coordinates": [[-121.9592, 38.02065], [-121.95906, 38.02105]]}}, {"type": "Feature", "properties": {"hw": "residential"}, "geometry": {"type": "LineString", "coordinates": [[-121.95965, 38.02073], [-121.9595, 38.02116]]}}, {"type": "Feature", "properties": {"hw": "residential"}, "geometry": {"type": "LineString", "coordinates": [[-121.95873, 38.0206], [-121.95862, 38.0209]]}}, {"type": "Feature", "properties": {"hw": "residential"}, "geometry": {"type": "LineString", "coordinates": [[-121.95825, 38.02051], [-121.95814, 38.02084]]}}, {"type": "Feature", "properties": {"hw": "residential"}, "geometry": {"type": "LineString", "coordinates": [[-121.95773, 38.02038], [-121.95762, 38.02072]]}}, {"type": "Feature", "properties": {"hw": "residential"}, "geometry": {"type": "LineString", "coordinates": [[-121.95724, 38.02026], [-121.95712, 38.0206]]}}, {"type": "Feature", "properties": {"hw": "residential"}, "geometry": {"type": "LineString", "coordinates": [[-121.95673, 38.02015], [-121.95661, 38.02049]]}}, {"type": "Feature", "properties": {"hw": "residential"}, "geometry": {"type": "LineString", "coordinates": [[-121.95633, 38.01996], [-121.95626, 38.02001], [-121.95621, 38.02007], [-121.95612, 38.02035]]}}, {"type": "Feature", "properties": {"hw": "residential"}, "geometry": {"type": "LineString", "coordinates": [[-121.895, 37.99349], [-121.89492, 37.99336], [-121.89483, 37.99326], [-121.89475, 37.99307], [-121.89475, 37.99302], [-121.89475, 37.99293], [-121.89484, 37.9927], [-121.89498, 37.99248], [-121.8951, 37.99236]]}}, {"type": "Feature", "properties": {"hw": "residential"}, "geometry": {"type": "LineString", "coordinates": [[-121.8951, 37.99236], [-121.89522, 37.99224], [-121.8953, 37.99212], [-121.89533, 37.992], [-121.89532, 37.99186], [-121.89529, 37.99174], [-121.89524, 37.99159], [-121.89516, 37.99147], [-121.89506, 37.99137], [-121.89503, 37.99133]]}}, {"type": "Feature", "properties": {"hw": "residential"}, "geometry": {"type": "LineString", "coordinates": [[-121.91237, 38.02216], [-121.91238, 38.02266]]}}, {"type": "Feature", "properties": {"hw": "residential"}, "geometry": {"type": "LineString", "coordinates": [[-121.91238, 38.02266], [-121.91233, 38.02273], [-121.91233, 38.02291], [-121.91229, 38.02313], [-121.91228, 38.02319]]}}, {"type": "Feature", "properties": {"hw": "secondary"}, "geometry": {"type": "LineString", "coordinates": [[-121.94202, 38.0171], [-121.94202, 38.01695], [-121.94202, 38.01666]]}}, {"type": "Feature", "properties": {"hw": "residential"}, "geometry": {"type": "LineString", "coordinates": [[-121.97162, 38.01222], [-121.97181, 38.01184], [-121.9719, 38.01171], [-121.972, 38.01161], [-121.97212, 38.01152]]}}, {"type": "Feature", "properties": {"hw": "secondary"}, "geometry": {"type": "LineString", "coordinates": [[-121.96615, 38.0195], [-121.96616, 38.01938]]}}, {"type": "Feature", "properties": {"hw": "secondary"}, "geometry": {"type": "LineString", "coordinates": [[-121.96597, 38.01938], [-121.96589, 38.01938], [-121.9651, 38.01935], [-121.96493, 38.01934], [-121.96482, 38.01934], [-121.9641, 38.01928], [-121.96402, 38.01927]]}}, {"type": "Feature", "properties": {"hw": "secondary"}, "geometry": {"type": "LineString", "coordinates": [[-121.96595, 38.0195], [-121.96615, 38.0195]]}}, {"type": "Feature", "properties": {"hw": "secondary"}, "geometry": {"type": "LineString", "coordinates": [[-121.96593, 38.01979], [-121.96592, 38.02011], [-121.9659, 38.02062], [-121.96588, 38.02099], [-121.96587, 38.02133]]}}, {"type": "Feature", "properties": {"hw": "secondary"}, "geometry": {"type": "LineString", "coordinates": [[-121.86887, 38.01091], [-121.86871, 38.01098], [-121.8686, 38.01104], [-121.86832, 38.01116]]}}, {"type": "Feature", "properties": {"hw": "secondary"}, "geometry": {"type": "LineString", "coordinates": [[-121.96087, 38.02601], [-121.9608, 38.02607], [-121.96053, 38.02627], [-121.96027, 38.0264], [-121.96026, 38.02641], [-121.96017, 38.02644]]}}, {"type": "Feature", "properties": {"hw": "residential"}, "geometry": {"type": "LineString", "coordinates": [[-121.87317, 38.00883], [-121.87322, 38.00873]]}}, {"type": "Feature", "properties": {"hw": "residential"}, "geometry": {"type": "LineString", "coordinates": [[-121.87516, 38.00972], [-121.87512, 38.00968], [-121.87506, 38.00967], [-121.87495, 38.00965], [-121.87485, 38.00964], [-121.87479, 38.00967]]}}, {"type": "Feature", "properties": {"hw": "residential"}, "geometry": {"type": "LineString", "coordinates": [[-121.87479, 38.00967], [-121.87484, 38.0097], [-121.87504, 38.00973], [-121.8751, 38.00975], [-121.87516, 38.00972]]}}, {"type": "Feature", "properties": {"hw": "secondary"}, "geometry": {"type": "LineString", "coordinates": [[-121.96603, 38.02234], [-121.96606, 38.0219], [-121.96607, 38.02174]]}}, {"type": "Feature", "properties": {"hw": "secondary"}, "geometry": {"type": "LineString", "coordinates": [[-121.88874, 38.01847], [-121.8887, 38.01855]]}}, {"type": "Feature", "properties": {"hw": "secondary"}, "geometry": {"type": "LineString", "coordinates": [[-121.96613, 38.02019], [-121.96613, 38.02005], [-121.96615, 38.01957], [-121.96615, 38.0195]]}}, {"type": "Feature", "properties": {"hw": "residential"}, "geometry": {"type": "LineString", "coordinates": [[-121.89681, 37.99547], [-121.89689, 37.99548], [-121.89727, 37.99549]]}}, {"type": "Feature", "properties": {"hw": "residential"}, "geometry": {"type": "LineString", "coordinates": [[-121.88065, 38.02302], [-121.87999, 38.02283]]}}, {"type": "Feature", "properties": {"hw": "secondary"}, "geometry": {"type": "LineString", "coordinates": [[-121.88648, 38.02822], [-121.88619, 38.02815]]}}, {"type": "Feature", "properties": {"hw": "secondary"}, "geometry": {"type": "LineString", "coordinates": [[-121.88557, 38.02799], [-121.88541, 38.02795], [-121.88533, 38.02793], [-121.88516, 38.02792]]}}, {"type": "Feature", "properties": {"hw": "secondary"}, "geometry": {"type": "LineString", "coordinates": [[-121.88561, 38.028], [-121.88557, 38.02799]]}}, {"type": "Feature", "properties": {"hw": "secondary"}, "geometry": {"type": "LineString", "coordinates": [[-121.96587, 38.02133], [-121.96584, 38.02185], [-121.96584, 38.02194]]}}, {"type": "Feature", "properties": {"hw": "residential"}, "geometry": {"type": "LineString", "coordinates": [[-121.89562, 38.00072], [-121.8957, 38.00074], [-121.89589, 38.00074]]}}, {"type": "Feature", "properties": {"hw": "residential"}, "geometry": {"type": "LineString", "coordinates": [[-121.89589, 38.00074], [-121.89645, 38.00075], [-121.89784, 38.00074], [-121.90039, 38.00074], [-121.90047, 38.0007]]}}, {"type": "Feature", "properties": {"hw": "secondary"}, "geometry": {"type": "LineString", "coordinates": [[-121.96517, 38.01947], [-121.96587, 38.01949], [-121.96595, 38.0195]]}}, {"type": "Feature", "properties": {"hw": "secondary"}, "geometry": {"type": "LineString", "coordinates": [[-121.9622, 38.01905], [-121.96255, 38.01912], [-121.96329, 38.01924], [-121.96403, 38.01937]]}}, {"type": "Feature", "properties": {"hw": "secondary"}, "geometry": {"type": "LineString", "coordinates": [[-121.96209, 38.01903], [-121.9622, 38.01905]]}}, {"type": "Feature", "properties": {"hw": "secondary"}, "geometry": {"type": "LineString", "coordinates": [[-121.96163, 38.01895], [-121.96209, 38.01903]]}}, {"type": "Feature", "properties": {"hw": "secondary"}, "geometry": {"type": "LineString", "coordinates": [[-121.95512, 38.01783], [-121.95523, 38.01785]]}}, {"type": "Feature", "properties": {"hw": "secondary"}, "geometry": {"type": "LineString", "coordinates": [[-121.88806, 38.0114], [-121.888, 38.01138]]}}, {"type": "Feature", "properties": {"hw": "secondary"}, "geometry": {"type": "LineString", "coordinates": [[-121.88801, 38.0115], [-121.88865, 38.01167], [-121.8893, 38.01182], [-121.88965, 38.0119], [-121.89002, 38.01199]]}}, {"type": "Feature", "properties": {"hw": "secondary"}, "geometry": {"type": "LineString", "coordinates": [[-121.88608, 38.01093], [-121.88548, 38.01078], [-121.88518, 38.01071], [-121.88458, 38.01056], [-121.88372, 38.01036], [-121.88231, 38.01002]]}}, {"type": "Feature", "properties": {"hw": "secondary"}, "geometry": {"type": "LineString", "coordinates": [[-121.888, 38.01138], [-121.88763, 38.01129]]}}, {"type": "Feature", "properties": {"hw": "secondary"}, "geometry": {"type": "LineString", "coordinates": [[-121.88813, 38.01141], [-121.88806, 38.0114]]}}, {"type": "Feature", "properties": {"hw": "secondary"}, "geometry": {"type": "LineString", "coordinates": [[-121.88115, 38.01556], [-121.8807, 38.01545]]}}, {"type": "Feature", "properties": {"hw": "tertiary"}, "geometry": {"type": "LineString", "coordinates": [[-121.91813, 38.02324], [-121.91802, 38.02321], [-121.91784, 38.02321], [-121.91739, 38.0232]]}}, {"type": "Feature", "properties": {"hw": "tertiary"}, "geometry": {"type": "LineString", "coordinates": [[-121.91739, 38.0232], [-121.91708, 38.0232]]}}, {"type": "Feature", "properties": {"hw": "residential"}, "geometry": {"type": "LineString", "coordinates": [[-121.89507, 38.00171], [-121.89501, 38.0017], [-121.89302, 38.00133]]}}, {"type": "Feature", "properties": {"hw": "unclassified"}, "geometry": {"type": "LineString", "coordinates": [[-122.00125, 38.05307], [-122.00098, 38.05304], [-122.00051, 38.053], [-122.00021, 38.05297], [-121.99986, 38.05297], [-121.99968, 38.05299], [-121.99947, 38.05304], [-121.99927, 38.05311], [-121.99916, 38.05317], [-121.99902, 38.05325], [-121.99891, 38.05335], [-121.99886, 38.05342], [-121.99873, 38.0536]]}}, {"type": "Feature", "properties": {"hw": "unclassified"}, "geometry": {"type": "LineString", "coordinates": [[-122.00193, 38.05315], [-122.00125, 38.05307]]}}, {"type": "Feature", "properties": {"hw": "residential"}, "geometry": {"type": "LineString", "coordinates": [[-121.8725, 38.01708], [-121.87257, 38.01709], [-121.8728, 38.01715]]}}, {"type": "Feature", "properties": {"hw": "residential"}, "geometry": {"type": "LineString", "coordinates": [[-121.84058, 37.99653], [-121.84049, 37.99654]]}}, {"type": "Feature", "properties": {"hw": "residential"}, "geometry": {"type": "LineString", "coordinates": [[-121.96509, 38.01569], [-121.96499, 38.01539]]}}, {"type": "Feature", "properties": {"hw": "residential"}, "geometry": {"type": "LineString", "coordinates": [[-121.89564, 37.9935], [-121.89581, 37.99378], [-121.89583, 37.99381], [-121.89586, 37.99385]]}}, {"type": "Feature", "properties": {"hw": "residential"}, "geometry": {"type": "LineString", "coordinates": [[-121.89614, 37.99435], [-121.89604, 37.99439], [-121.89586, 37.99452]]}}, {"type": "Feature", "properties": {"hw": "residential"}, "geometry": {"type": "LineString", "coordinates": [[-121.89586, 37.99452], [-121.89575, 37.99456], [-121.89572, 37.99458], [-121.89552, 37.99465], [-121.89516, 37.99479]]}}, {"type": "Feature", "properties": {"hw": "residential"}, "geometry": {"type": "LineString", "coordinates": [[-121.89516, 37.99479], [-121.89484, 37.99493], [-121.89477, 37.99496]]}}, {"type": "Feature", "properties": {"hw": "residential"}, "geometry": {"type": "LineString", "coordinates": [[-121.89509, 37.99368], [-121.89508, 37.99383]]}}, {"type": "Feature", "properties": {"hw": "residential"}, "geometry": {"type": "LineString", "coordinates": [[-121.89509, 37.99368], [-121.89506, 37.9936], [-121.89505, 37.99357], [-121.895, 37.99349]]}}, {"type": "Feature", "properties": {"hw": "residential"}, "geometry": {"type": "LineString", "coordinates": [[-121.89563, 37.99259], [-121.89567, 37.99266], [-121.89575, 37.99278]]}}, {"type": "Feature", "properties": {"hw": "residential"}, "geometry": {"type": "LineString", "coordinates": [[-121.89575, 37.99278], [-121.89594, 37.99305]]}}, {"type": "Feature", "properties": {"hw": "residential"}, "geometry": {"type": "LineString", "coordinates": [[-121.89268, 37.99578], [-121.8927, 37.99593], [-121.89275, 37.99598], [-121.8928, 37.99601], [-121.89298, 37.99601]]}}, {"type": "Feature", "properties": {"hw": "secondary"}, "geometry": {"type": "LineString", "coordinates": [[-121.8865, 37.998], [-121.88542, 37.99799], [-121.88354, 37.99799]]}}, {"type": "Feature", "properties": {"hw": "residential"}, "geometry": {"type": "LineString", "coordinates": [[-121.89473, 37.99411], [-121.89489, 37.99405], [-121.89501, 37.99394], [-121.89502, 37.99393], [-121.89508, 37.99383]]}}, {"type": "Feature", "properties": {"hw": "residential"}, "geometry": {"type": "LineString", "coordinates": [[-121.89473, 37.99411], [-121.89455, 37.99412], [-121.89432, 37.99409], [-121.89406, 37.99406], [-121.89387, 37.99404]]}}, {"type": "Feature", "properties": {"hw": "residential"}, "geometry": {"type": "LineString", "coordinates": [[-121.89387, 37.99404], [-121.89375, 37.99402], [-121.89361, 37.99401], [-121.89347, 37.99399], [-121.89334, 37.994]]}}, {"type": "Feature", "properties": {"hw": "residential"}, "geometry": {"type": "LineString", "coordinates": [[-121.89284, 37.99452], [-121.89284, 37.99469], [-121.89295, 37.99493]]}}, {"type": "Feature", "properties": {"hw": "residential"}, "geometry": {"type": "LineString", "coordinates": [[-121.89334, 37.994], [-121.89311, 37.99414], [-121.89292, 37.99434]]}}, {"type": "Feature", "properties": {"hw": "unclassified"}, "geometry": {"type": "LineString", "coordinates": [[-121.8887, 38.01855], [-121.88886, 38.01859]]}}, {"type": "Feature", "properties": {"hw": "secondary"}, "geometry": {"type": "LineString", "coordinates": [[-121.88886, 38.01859], [-121.8889, 38.01851]]}}, {"type": "Feature", "properties": {"hw": "residential"}, "geometry": {"type": "LineString", "coordinates": [[-121.89637, 37.99308], [-121.89623, 37.99307]]}}, {"type": "Feature", "properties": {"hw": "residential"}, "geometry": {"type": "LineString", "coordinates": [[-121.89623, 37.99307], [-121.89602, 37.99316], [-121.89587, 37.99324], [-121.8958, 37.99327], [-121.89571, 37.99332]]}}, {"type": "Feature", "properties": {"hw": "residential"}, "geometry": {"type": "LineString", "coordinates": [[-121.89571, 37.99332], [-121.89558, 37.99341], [-121.89546, 37.99346]]}}, {"type": "Feature", "properties": {"hw": "residential"}, "geometry": {"type": "LineString", "coordinates": [[-121.89564, 37.9935], [-121.89558, 37.99341]]}}, {"type": "Feature", "properties": {"hw": "residential"}, "geometry": {"type": "LineString", "coordinates": [[-121.89532, 37.99366], [-121.89564, 37.9935], [-121.89585, 37.99337], [-121.89595, 37.99332], [-121.89596, 37.99332], [-121.89607, 37.99327], [-121.89628, 37.9932], [-121.89637, 37.99308]]}}, {"type": "Feature", "properties": {"hw": "residential"}, "geometry": {"type": "LineString", "coordinates": [[-121.85946, 38.00835], [-121.85946, 38.00839], [-121.85947, 38.00847]]}}, {"type": "Feature", "properties": {"hw": "tertiary"}, "geometry": {"type": "LineString", "coordinates": [[-121.89098, 38.03068], [-121.89094, 38.03075], [-121.8909, 38.0308], [-121.89087, 38.03083]]}}, {"type": "Feature", "properties": {"hw": "tertiary"}, "geometry": {"type": "LineString", "coordinates": [[-121.89079, 38.03086], [-121.89076, 38.03089], [-121.89074, 38.03093], [-121.89074, 38.03097], [-121.89075, 38.031], [-121.89078, 38.03104], [-121.89079, 38.03105], [-121.89081, 38.03106], [-121.89086, 38.03107], [-121.89092, 38.03107], [-121.89097, 38.03106], [-121.89101, 38.03104], [-121.89103, 38.031], [-121.89105, 38.03096], [-121.89104, 38.03092], [-121.89103, 38.0309], [-121.89102, 38.03088], [-121.891, 38.03087], [-121.89098, 38.03085], [-121.89093, 38.03084], [-121.89088, 38.03083], [-121.89087, 38.03083], [-121.89083, 38.03084], [-121.89082, 38.03085], [-121.89079, 38.03086]]}}, {"type": "Feature", "properties": {"hw": "tertiary"}, "geometry": {"type": "LineString", "coordinates": [[-121.891, 38.03087], [-121.89098, 38.03079], [-121.89098, 38.03076], [-121.89098, 38.03068]]}}, {"type": "Feature", "properties": {"hw": "residential"}, "geometry": {"type": "LineString", "coordinates": [[-121.89119, 38.03092], [-121.8911, 38.03091], [-121.89103, 38.0309]]}}, {"type": "Feature", "properties": {"hw": "residential"}, "geometry": {"type": "LineString", "coordinates": [[-121.89103, 38.031], [-121.89112, 38.03096], [-121.89119, 38.03092]]}}, {"type": "Feature", "properties": {"hw": "tertiary"}, "geometry": {"type": "LineString", "coordinates": [[-121.89081, 38.03122], [-121.89085, 38.03116], [-121.89092, 38.03107]]}}, {"type": "Feature", "properties": {"hw": "tertiary"}, "geometry": {"type": "LineString", "coordinates": [[-121.89079, 38.03105], [-121.89081, 38.0311], [-121.89081, 38.03115], [-121.89081, 38.03122]]}}, {"type": "Feature", "properties": {"hw": "residential"}, "geometry": {"type": "LineString", "coordinates": [[-121.87391, 37.99973], [-121.8732, 37.99984], [-121.87195, 38.00005], [-121.87107, 38.0002], [-121.87075, 38.00024], [-121.87058, 38.00023], [-121.86997, 38.0001], [-121.86946, 38.0], [-121.86922, 37.9999], [-121.86901, 37.99975], [-121.86862, 37.99946], [-121.86848, 37.99932], [-121.8683, 37.99907], [-121.86827, 37.99888], [-121.86824, 37.998]]}}, {"type": "Feature", "properties": {"hw": "residential"}, "geometry": {"type": "LineString", "coordinates": [[-121.87405, 37.99971], [-121.87391, 37.99973]]}}, {"type": "Feature", "properties": {"hw": "residential"}, "geometry": {"type": "LineString", "coordinates": [[-121.96084, 38.01201], [-121.96091, 38.01187], [-121.96099, 38.01171]]}}, {"type": "Feature", "properties": {"hw": "residential"}, "geometry": {"type": "LineString", "coordinates": [[-121.95709, 38.02796], [-121.95716, 38.02796], [-121.95734, 38.02797]]}}, {"type": "Feature", "properties": {"hw": "residential"}, "geometry": {"type": "LineString", "coordinates": [[-121.95734, 38.02786], [-121.95715, 38.02786], [-121.9571, 38.02786]]}}, {"type": "Feature", "properties": {"hw": "residential"}, "geometry": {"type": "LineString", "coordinates": [[-121.96976, 38.03937], [-121.9697, 38.03957]]}}, {"type": "Feature", "properties": {"hw": "secondary"}, "geometry": {"type": "LineString", "coordinates": [[-121.88744, 38.02187], [-121.8874, 38.02196]]}}, {"type": "Feature", "properties": {"hw": "tertiary"}, "geometry": {"type": "LineString", "coordinates": [[-121.87026, 38.00193], [-121.86979, 38.00182]]}}, {"type": "Feature", "properties": {"hw": "tertiary"}, "geometry": {"type": "LineString", "coordinates": [[-121.87026, 38.00193], [-121.87045, 38.00201], [-121.87074, 38.00208], [-121.87096, 38.00215], [-121.87116, 38.00224], [-121.87145, 38.00239], [-121.87157, 38.00245]]}}, {"type": "Feature", "properties": {"hw": "tertiary"}, "geometry": {"type": "LineString", "coordinates": [[-121.87068, 38.00199], [-121.87047, 38.00195], [-121.87026, 38.00193]]}}, {"type": "Feature", "properties": {"hw": "tertiary"}, "geometry": {"type": "LineString", "coordinates": [[-121.87197, 38.00257], [-121.87246, 38.00272]]}}, {"type": "Feature", "properties": {"hw": "residential"}, "geometry": {"type": "LineString", "coordinates": [[-121.87197, 38.00257], [-121.87199, 38.00253]]}}, {"type": "Feature", "properties": {"hw": "tertiary"}, "geometry": {"type": "LineString", "coordinates": [[-121.87157, 38.00245], [-121.87166, 38.00249], [-121.87187, 38.00257], [-121.87197, 38.00257]]}}, {"type": "Feature", "properties": {"hw": "tertiary"}, "geometry": {"type": "LineString", "coordinates": [[-121.8729, 38.00273], [-121.87269, 38.00269], [-121.87228, 38.00259]]}}, {"type": "Feature", "properties": {"hw": "tertiary"}, "geometry": {"type": "LineString", "coordinates": [[-121.87228, 38.00259], [-121.87199, 38.00253]]}}, {"type": "Feature", "properties": {"hw": "tertiary"}, "geometry": {"type": "LineString", "coordinates": [[-121.87302, 38.00285], [-121.87349, 38.00297], [-121.87372, 38.00297]]}}, {"type": "Feature", "properties": {"hw": "secondary"}, "geometry": {"type": "LineString", "coordinates": [[-121.8729, 38.00273], [-121.87287, 38.00282]]}}, {"type": "Feature", "properties": {"hw": "tertiary"}, "geometry": {"type": "LineString", "coordinates": [[-121.87246, 38.00272], [-121.87287, 38.00282]]}}, {"type": "Feature", "properties": {"hw": "secondary"}, "geometry": {"type": "LineString", "coordinates": [[-121.87302, 38.00285], [-121.87305, 38.00277]]}}, {"type": "Feature", "properties": {"hw": "tertiary"}, "geometry": {"type": "LineString", "coordinates": [[-121.87287, 38.00282], [-121.87302, 38.00285]]}}, {"type": "Feature", "properties": {"hw": "tertiary"}, "geometry": {"type": "LineString", "coordinates": [[-121.87305, 38.00277], [-121.8729, 38.00273]]}}, {"type": "Feature", "properties": {"hw": "tertiary"}, "geometry": {"type": "LineString", "coordinates": [[-121.87372, 38.00297], [-121.87352, 38.00289], [-121.87331, 38.00284], [-121.87305, 38.00277]]}}, {"type": "Feature", "properties": {"hw": "residential"}, "geometry": {"type": "LineString", "coordinates": [[-121.87192, 38.00264], [-121.87197, 38.00257]]}}, {"type": "Feature", "properties": {"hw": "residential"}, "geometry": {"type": "LineString", "coordinates": [[-121.87192, 38.00264], [-121.87188, 38.00264], [-121.87184, 38.0027], [-121.87185, 38.00273]]}}, {"type": "Feature", "properties": {"hw": "residential"}, "geometry": {"type": "LineString", "coordinates": [[-121.87185, 38.00273], [-121.8719, 38.00273], [-121.87195, 38.00267], [-121.87192, 38.00264]]}}, {"type": "Feature", "properties": {"hw": "residential"}, "geometry": {"type": "LineString", "coordinates": [[-121.88621, 38.01006], [-121.88621, 38.01008], [-121.88621, 38.0101], [-121.88621, 38.01013], [-121.88623, 38.01017], [-121.88625, 38.01021], [-121.88627, 38.01023], [-121.88633, 38.0103]]}}, {"type": "Feature", "properties": {"hw": "residential"}, "geometry": {"type": "LineString", "coordinates": [[-121.8855, 38.00989], [-121.88621, 38.01006]]}}, {"type": "Feature", "properties": {"hw": "residential"}, "geometry": {"type": "LineString", "coordinates": [[-121.88638, 38.01017], [-121.8863, 38.01015], [-121.88629, 38.01015], [-121.88627, 38.01014], [-121.88625, 38.01013], [-121.88624, 38.01012], [-121.88623, 38.01011], [-121.88621, 38.01006]]}}, {"type": "Feature", "properties": {"hw": "residential"}, "geometry": {"type": "LineString", "coordinates": [[-121.8817, 38.00811], [-121.88169, 38.00814], [-121.88169, 38.00816], [-121.8817, 38.00819], [-121.88171, 38.00821], [-121.88174, 38.00822], [-121.88177, 38.00823], [-121.8818, 38.00823], [-121.88184, 38.00822], [-121.88186, 38.0082], [-121.88188, 38.00818], [-121.88188, 38.00816], [-121.88188, 38.00813], [-121.88186, 38.00811], [-121.88184, 38.00809], [-121.88181, 38.00808], [-121.88178, 38.00808], [-121.88175, 38.00808], [-121.88172, 38.0081], [-121.8817, 38.00811]]}}, {"type": "Feature", "properties": {"hw": "residential"}, "geometry": {"type": "LineString", "coordinates": [[-121.88054, 38.00941], [-121.88079, 38.00873], [-121.88081, 38.0087], [-121.88083, 38.00867], [-121.88085, 38.00863], [-121.88087, 38.0086], [-121.88088, 38.00857], [-121.88093, 38.00844], [-121.881, 38.00826], [-121.88101, 38.00824], [-121.88103, 38.00822], [-121.88106, 38.00822], [-121.88109, 38.00821], [-121.88163, 38.00823], [-121.88166, 38.00823], [-121.88169, 38.00822], [-121.88171, 38.00821]]}}, {"type": "Feature", "properties": {"hw": "secondary"}, "geometry": {"type": "LineString", "coordinates": [[-121.88171, 38.00988], [-121.88142, 38.00981], [-121.88009, 38.00949], [-121.87971, 38.0094]]}}, {"type": "Feature", "properties": {"hw": "residential"}, "geometry": {"type": "LineString", "coordinates": [[-121.87718, 38.00734], [-121.87709, 38.00719]]}}, {"type": "Feature", "properties": {"hw": "residential"}, "geometry": {"type": "LineString", "coordinates": [[-121.89418, 38.01372], [-121.89529, 38.01397], [-121.89549, 38.01408], [-121.89566, 38.01427]]}}, {"type": "Feature", "properties": {"hw": "residential"}, "geometry": {"type": "LineString", "coordinates": [[-121.89403, 38.01407], [-121.89418, 38.01372]]}}, {"type": "Feature", "properties": {"hw": "residential"}, "geometry": {"type": "LineString", "coordinates": [[-121.96209, 38.01903], [-121.96207, 38.01911], [-121.96203, 38.01929], [-121.96206, 38.01939]]}}, {"type": "Feature", "properties": {"hw": "residential"}, "geometry": {"type": "LineString", "coordinates": [[-121.9622, 38.01905], [-121.96223, 38.01895]]}}, {"type": "Feature", "properties": {"hw": "secondary"}, "geometry": {"type": "LineString", "coordinates": [[-121.96223, 38.01895], [-121.96212, 38.01893]]}}, {"type": "Feature", "properties": {"hw": "secondary"}, "geometry": {"type": "LineString", "coordinates": [[-121.96212, 38.01893], [-121.96044, 38.01862], [-121.95995, 38.01853], [-121.9591, 38.01839], [-121.9569, 38.01802]]}}, {"type": "Feature", "properties": {"hw": "unclassified"}, "geometry": {"type": "LineString", "coordinates": [[-121.87653, 38.01281], [-121.87662, 38.01276], [-121.87683, 38.01271], [-121.87747, 38.01286], [-121.87751, 38.01276]]}}, {"type": "Feature", "properties": {"hw": "residential"}, "geometry": {"type": "LineString", "coordinates": [[-121.89292, 37.99434], [-121.89284, 37.99452]]}}, {"type": "Feature", "properties": {"hw": "tertiary"}, "geometry": {"type": "LineString", "coordinates": [[-121.85756, 37.99629], [-121.85751, 37.99636], [-121.85748, 37.99646], [-121.85746, 37.99654], [-121.85743, 37.99662], [-121.85739, 37.99671], [-121.85735, 37.9968], [-121.8573, 37.9969], [-121.85724, 37.997], [-121.85716, 37.99711], [-121.85709, 37.99721], [-121.85688, 37.99744], [-121.85685, 37.99748], [-121.85683, 37.99753], [-121.85679, 37.99764], [-121.85678, 37.99769], [-121.85678, 37.998]]}}, {"type": "Feature", "properties": {"hw": "tertiary"}, "geometry": {"type": "LineString", "coordinates": [[-121.85687, 37.998], [-121.85686, 37.99771], [-121.85687, 37.99763], [-121.8569, 37.99755], [-121.85693, 37.9975], [-121.85697, 37.99744], [-121.8571, 37.99731], [-121.85716, 37.99724], [-121.85726, 37.99712], [-121.85735, 37.99699], [-121.85741, 37.99688], [-121.8575, 37.99663], [-121.85755, 37.9965], [-121.85757, 37.99636], [-121.85756, 37.99629]]}}, {"type": "Feature", "properties": {"hw": "tertiary"}, "geometry": {"type": "LineString", "coordinates": [[-121.85756, 37.99629], [-121.85755, 37.99539]]}}, {"type": "Feature", "properties": {"hw": "residential"}, "geometry": {"type": "LineString", "coordinates": [[-121.85756, 37.99629], [-121.85809, 37.99629], [-121.85882, 37.99629], [-121.86025, 37.9963], [-121.86033, 37.9963], [-121.86039, 37.99633], [-121.86041, 37.99638], [-121.86042, 37.99643], [-121.86043, 37.99693], [-121.86044, 37.99729], [-121.86044, 37.99734], [-121.86042, 37.99739], [-121.86039, 37.99743], [-121.86036, 37.99747]]}}, {"type": "Feature", "properties": {"hw": "residential"}, "geometry": {"type": "LineString", "coordinates": [[-121.85806, 37.99538], [-121.85807, 37.99567], [-121.85809, 37.99629], [-121.85803, 37.99674], [-121.85804, 37.99679], [-121.85807, 37.99682], [-121.85812, 37.99684], [-121.8582, 37.99685], [-121.85849, 37.99685], [-121.85864, 37.99685], [-121.85879, 37.99687], [-121.8589, 37.99689], [-121.85901, 37.99691], [-121.85912, 37.99693], [-121.85923, 37.99693], [-121.86043, 37.99693]]}}, {"type": "Feature", "properties": {"hw": "residential"}, "geometry": {"type": "LineString", "coordinates": [[-121.85879, 37.99687], [-121.85881, 37.99678], [-121.85882, 37.99674], [-121.85882, 37.9967], [-121.85882, 37.99629]]}}, {"type": "Feature", "properties": {"hw": "residential"}, "geometry": {"type": "LineString", "coordinates": [[-121.85807, 37.99567], [-121.86026, 37.99568], [-121.86033, 37.99567], [-121.86037, 37.99565], [-121.86039, 37.9956], [-121.86039, 37.99556], [-121.86038, 37.99531], [-121.86037, 37.99517]]}}, {"type": "Feature", "properties": {"hw": "residential"}, "geometry": {"type": "LineString", "coordinates": [[-121.88162, 38.03467], [-121.88151, 38.03486], [-121.88146, 38.03497], [-121.88144, 38.03502]]}}, {"type": "Feature", "properties": {"hw": "residential"}, "geometry": {"type": "LineString", "coordinates": [[-121.89536, 38.02935], [-121.89536, 38.02904]]}}, {"type": "Feature", "properties": {"hw": "residential"}, "geometry": {"type": "LineString", "coordinates": [[-121.89537, 38.02944], [-121.89536, 38.02935]]}}, {"type": "Feature", "properties": {"hw": "residential"}, "geometry": {"type": "LineString", "coordinates": [[-121.87187, 38.00649], [-121.87173, 38.00641], [-121.87165, 38.00637]]}}, {"type": "Feature", "properties": {"hw": "tertiary"}, "geometry": {"type": "LineString", "coordinates": [[-121.96554, 38.01336], [-121.96563, 38.01188], [-121.9656, 38.01156], [-121.96553, 38.01131]]}}, {"type": "Feature", "properties": {"hw": "residential"}, "geometry": {"type": "LineString", "coordinates": [[-121.96543, 38.01335], [-121.96476, 38.01332], [-121.96438, 38.01331], [-121.96411, 38.01328], [-121.96388, 38.01322], [-121.96294, 38.01296], [-121.96111, 38.01246]]}}, {"type": "Feature", "properties": {"hw": "tertiary"}, "geometry": {"type": "LineString", "coordinates": [[-121.96543, 38.01335], [-121.96537, 38.01399], [-121.96539, 38.01421], [-121.96545, 38.01463], [-121.96556, 38.01512], [-121.96571, 38.01558], [-121.96583, 38.01586], [-121.96592, 38.01629], [-121.96598, 38.01664], [-121.96599, 38.01683], [-121.966, 38.01701]]}}, {"type": "Feature", "properties": {"hw": "residential"}, "geometry": {"type": "LineString", "coordinates": [[-121.89415, 38.02943], [-121.8943, 38.02904]]}}, {"type": "Feature", "properties": {"hw": "residential"}, "geometry": {"type": "LineString", "coordinates": [[-121.8943, 38.02904], [-121.8944, 38.02876]]}}, {"type": "Feature", "properties": {"hw": "residential"}, "geometry": {"type": "LineString", "coordinates": [[-121.89536, 38.02904], [-121.8943, 38.02904]]}}, {"type": "Feature", "properties": {"hw": "unclassified"}, "geometry": {"type": "LineString", "coordinates": [[-121.98827, 38.04126], [-121.99, 38.04127], [-121.99127, 38.04127], [-121.99147, 38.04127]]}}, {"type": "Feature", "properties": {"hw": "unclassified"}, "geometry": {"type": "LineString", "coordinates": [[-121.99448, 38.04128], [-121.99434, 38.04127], [-121.99402, 38.04138], [-121.99382, 38.04146], [-121.99276, 38.04144], [-121.99239, 38.04136]]}}, {"type": "Feature", "properties": {"hw": "unclassified"}, "geometry": {"type": "LineString", "coordinates": [[-121.99147, 38.04127], [-121.99157, 38.04135], [-121.99175, 38.04147], [-121.99195, 38.04158]]}}, {"type": "Feature", "properties": {"hw": "unclassified"}, "geometry": {"type": "LineString", "coordinates": [[-121.99196, 38.04139], [-121.99193, 38.04145], [-121.99193, 38.04151], [-121.99195, 38.04158], [-121.992, 38.04163], [-121.99207, 38.04167], [-121.99215, 38.04169], [-121.99224, 38.04168], [-121.99232, 38.04166], [-121.99238, 38.04161], [-121.99243, 38.04155], [-121.99244, 38.04149], [-121.99243, 38.04142], [-121.99239, 38.04136], [-121.99232, 38.04131], [-121.99224, 38.04129], [-121.99216, 38.04128], [-121.99208, 38.0413], [-121.99201, 38.04133], [-121.99196, 38.04139]]}}, {"type": "Feature", "properties": {"hw": "unclassified"}, "geometry": {"type": "LineString", "coordinates": [[-121.99216, 38.04128], [-121.99203, 38.04126], [-121.99147, 38.04127]]}}, {"type": "Feature", "properties": {"hw": "tertiary"}, "geometry": {"type": "LineString", "coordinates": [[-121.83529, 37.99021], [-121.83558, 37.99023], [-121.83669, 37.99026], [-121.8369, 37.99026]]}}, {"type": "Feature", "properties": {"hw": "tertiary"}, "geometry": {"type": "LineString", "coordinates": [[-121.8369, 37.99026], [-121.83721, 37.99025], [-121.83784, 37.99025]]}}, {"type": "Feature", "properties": {"hw": "secondary"}, "geometry": {"type": "LineString", "coordinates": [[-122.00335, 37.99219], [-122.0033, 37.99224], [-122.00304, 37.9927], [-122.00202, 37.99469], [-122.00188, 37.99502], [-122.00182, 37.99529], [-122.00176, 37.99609]]}}, {"type": "Feature", "properties": {"hw": "secondary"}, "geometry": {"type": "LineString", "coordinates": [[-121.96518, 38.02366], [-121.96517, 38.02368], [-121.96502, 38.02383]]}}, {"type": "Feature", "properties": {"hw": "secondary"}, "geometry": {"type": "LineString", "coordinates": [[-121.96595, 38.0195], [-121.96594, 38.01956], [-121.96593, 38.01979]]}}, {"type": "Feature", "properties": {"hw": "secondary"}, "geometry": {"type": "LineString", "coordinates": [[-121.96485, 38.01945], [-121.96517, 38.01947]]}}, {"type": "Feature", "properties": {"hw": "secondary"}, "geometry": {"type": "LineString", "coordinates": [[-121.94593, 38.0154], [-121.94777, 38.01567], [-121.94785, 38.01568]]}}, {"type": "Feature", "properties": {"hw": "tertiary"}, "geometry": {"type": "LineString", "coordinates": [[-121.99835, 38.01445], [-121.99818, 38.01432], [-121.99803, 38.0142]]}}, {"type": "Feature", "properties": {"hw": "secondary"}, "geometry": {"type": "LineString", "coordinates": [[-121.94135, 38.01537], [-121.94178, 38.01536], [-121.94195, 38.01535]]}}, {"type": "Feature", "properties": {"hw": "secondary"}, "geometry": {"type": "LineString", "coordinates": [[-121.9413, 38.02676], [-121.94181, 38.02676], [-121.94197, 38.02676]]}}, {"type": "Feature", "properties": {"hw": "secondary"}, "geometry": {"type": "LineString", "coordinates": [[-121.95593, 38.02677], [-121.95735, 38.02677]]}}, {"type": "Feature", "properties": {"hw": "tertiary"}, "geometry": {"type": "LineString", "coordinates": [[-121.9605, 38.03254], [-121.96051, 38.03353], [-121.96052, 38.03372], [-121.96051, 38.03393], [-121.96051, 38.03402]]}}, {"type": "Feature", "properties": {"hw": "secondary"}, "geometry": {"type": "LineString", "coordinates": [[-121.84419, 37.99803], [-121.84431, 37.99803], [-121.84464, 37.99804]]}}, {"type": "Feature", "properties": {"hw": "residential"}, "geometry": {"type": "LineString", "coordinates": [[-121.89546, 37.99346], [-121.89526, 37.99355]]}}, {"type": "Feature", "properties": {"hw": "residential"}, "geometry": {"type": "LineString", "coordinates": [[-121.88036, 38.00491], [-121.88037, 38.00451]]}}, {"type": "Feature", "properties": {"hw": "tertiary"}, "geometry": {"type": "LineString", "coordinates": [[-121.98094, 38.02498], [-121.98114, 38.02493], [-121.98134, 38.02488], [-121.98152, 38.02483], [-121.98172, 38.02476], [-121.9819, 38.02469], [-121.98206, 38.02462]]}}, {"type": "Feature", "properties": {"hw": "residential"}, "geometry": {"type": "LineString", "coordinates": [[-121.97787, 38.0373], [-121.97882, 38.03729]]}}, {"type": "Feature", "properties": {"hw": "residential"}, "geometry": {"type": "LineString", "coordinates": [[-121.97787, 38.0373], [-121.97787, 38.03678]]}}, {"type": "Feature", "properties": {"hw": "secondary"}, "geometry": {"type": "LineString", "coordinates": [[-121.86354, 38.0163], [-121.86112, 38.01547]]}}, {"type": "Feature", "properties": {"hw": "secondary"}, "geometry": {"type": "LineString", "coordinates": [[-121.8637, 38.01635], [-121.86354, 38.0163]]}}, {"type": "Feature", "properties": {"hw": "residential"}, "geometry": {"type": "LineString", "coordinates": [[-121.9136, 38.02907], [-121.91362, 38.02857]]}}, {"type": "Feature", "properties": {"hw": "residential"}, "geometry": {"type": "LineString", "coordinates": [[-121.91149, 38.02833], [-121.91156, 38.02785]]}}, {"type": "Feature", "properties": {"hw": "residential"}, "geometry": {"type": "LineString", "coordinates": [[-121.90816, 38.02755], [-121.908, 38.02831], [-121.908, 38.02835], [-121.90803, 38.02839], [-121.90812, 38.02842], [-121.90862, 38.02846]]}}, {"type": "Feature", "properties": {"hw": "secondary"}, "geometry": {"type": "LineString", "coordinates": [[-121.86922, 38.00789], [-121.86935, 38.00792], [-121.86951, 38.00796], [-121.86967, 38.00801], [-121.86981, 38.00805], [-121.86993, 38.00808], [-121.87006, 38.00811]]}}, {"type": "Feature", "properties": {"hw": "secondary"}, "geometry": {"type": "LineString", "coordinates": [[-121.92109, 38.02673], [-121.92179, 38.02674], [-121.92224, 38.02675], [-121.92322, 38.02675], [-121.92335, 38.02675], [-121.92354, 38.02675], [-121.92395, 38.02675]]}}, {"type": "Feature", "properties": {"hw": "residential"}, "geometry": {"type": "LineString", "coordinates": [[-121.89551, 38.001], [-121.89537, 38.00097]]}}, {"type": "Feature", "properties": {"hw": "secondary"}, "geometry": {"type": "LineString", "coordinates": [[-121.95969, 38.01861], [-121.96163, 38.01895]]}}, {"type": "Feature", "properties": {"hw": "residential"}, "geometry": {"type": "LineString", "coordinates": [[-121.89494, 38.00244], [-121.8948, 38.00241]]}}, {"type": "Feature", "properties": {"hw": "unclassified"}, "geometry": {"type": "LineString", "coordinates": [[-121.99127, 38.04127], [-121.99139, 38.04135], [-121.99153, 38.04146], [-121.99166, 38.04156], [-121.99181, 38.04167], [-121.99187, 38.04168], [-121.99193, 38.04169], [-121.99215, 38.04169]]}}, {"type": "Feature", "properties": {"hw": "residential"}, "geometry": {"type": "LineString", "coordinates": [[-121.84741, 37.99798], [-121.8474, 37.99785], [-121.8474, 37.99743], [-121.84735, 37.99735]]}}, {"type": "Feature", "properties": {"hw": "residential"}, "geometry": {"type": "LineString", "coordinates": [[-121.84735, 37.99735], [-121.84729, 37.99743], [-121.84729, 37.99784], [-121.84729, 37.99785], [-121.84729, 37.99795], [-121.84729, 37.99801]]}}, {"type": "Feature", "properties": {"hw": "unclassified"}, "geometry": {"type": "LineString", "coordinates": [[-121.89011, 38.02116], [-121.89015, 38.02107]]}}, {"type": "Feature", "properties": {"hw": "tertiary"}, "geometry": {"type": "LineString", "coordinates": [[-121.89015, 38.02107], [-121.89005, 38.02104], [-121.88979, 38.02098], [-121.88941, 38.02089], [-121.88902, 38.02079], [-121.88872, 38.02072], [-121.88822, 38.0206], [-121.88819, 38.02059], [-121.88809, 38.02057]]}}, {"type": "Feature", "properties": {"hw": "secondary"}, "geometry": {"type": "LineString", "coordinates": [[-121.88167, 38.00998], [-121.88346, 38.01041], [-121.88437, 38.01063], [-121.8852, 38.01083], [-121.88532, 38.01086], [-121.88603, 38.01103]]}}, {"type": "Feature", "properties": {"hw": "tertiary"}, "geometry": {"type": "LineString", "coordinates": [[-121.88603, 38.01103], [-121.88587, 38.01145], [-121.88583, 38.01156], [-121.88533, 38.01286], [-121.88514, 38.01336], [-121.88498, 38.01368]]}}, {"type": "Feature", "properties": {"hw": "tertiary"}, "geometry": {"type": "LineString", "coordinates": [[-121.88512, 38.01372], [-121.88528, 38.01337], [-121.88547, 38.01289], [-121.88564, 38.01247], [-121.88593, 38.01173], [-121.886, 38.01154], [-121.88619, 38.01107]]}}, {"type": "Feature", "properties": {"hw": "secondary"}, "geometry": {"type": "LineString", "coordinates": [[-121.88763, 38.01129], [-121.88729, 38.01121], [-121.88716, 38.01118], [-121.88623, 38.01096]]}}, {"type": "Feature", "properties": {"hw": "residential"}, "geometry": {"type": "LineString", "coordinates": [[-121.89832, 38.02281], [-121.8989, 38.02284], [-121.8991, 38.02284]]}}, {"type": "Feature", "properties": {"hw": "residential"}, "geometry": {"type": "LineString", "coordinates": [[-121.89832, 38.02281], [-121.89843, 38.02252], [-121.89945, 38.01992]]}}, {"type": "Feature", "properties": {"hw": "tertiary"}, "geometry": {"type": "LineString", "coordinates": [[-121.91813, 38.02324], [-121.91916, 38.02326], [-121.91962, 38.02324], [-121.92, 38.02317], [-121.92045, 38.02304], [-121.92097, 38.02282], [-121.92137, 38.02266], [-121.92173, 38.02252]]}}, {"type": "Feature", "properties": {"hw": "tertiary"}, "geometry": {"type": "LineString", "coordinates": [[-121.84021, 37.98964], [-121.84021, 37.98961], [-121.84021, 37.98949], [-121.84021, 37.98947]]}}, {"type": "Feature", "properties": {"hw": "tertiary"}, "geometry": {"type": "LineString", "coordinates": [[-121.88619, 38.01107], [-121.88623, 38.01096]]}}, {"type": "Feature", "properties": {"hw": "secondary"}, "geometry": {"type": "LineString", "coordinates": [[-121.88603, 38.01103], [-121.88619, 38.01107]]}}, {"type": "Feature", "properties": {"hw": "secondary"}, "geometry": {"type": "LineString", "coordinates": [[-121.88623, 38.01096], [-121.88608, 38.01093]]}}, {"type": "Feature", "properties": {"hw": "tertiary"}, "geometry": {"type": "LineString", "coordinates": [[-121.88608, 38.01093], [-121.88603, 38.01103]]}}, {"type": "Feature", "properties": {"hw": "tertiary"}, "geometry": {"type": "LineString", "coordinates": [[-121.89011, 38.02116], [-121.89158, 38.02152], [-121.89204, 38.02164], [-121.89206, 38.02163], [-121.89218, 38.0216]]}}, {"type": "Feature", "properties": {"hw": "tertiary"}, "geometry": {"type": "LineString", "coordinates": [[-121.88327, 38.03354], [-121.88331, 38.03344]]}}, {"type": "Feature", "properties": {"hw": "tertiary"}, "geometry": {"type": "LineString", "coordinates": [[-121.88438, 38.03369], [-121.88426, 38.03366], [-121.88389, 38.03357], [-121.88345, 38.03347], [-121.88343, 38.03346], [-121.88331, 38.03344]]}}, {"type": "Feature", "properties": {"hw": "tertiary"}, "geometry": {"type": "LineString", "coordinates": [[-121.8822, 38.03328], [-121.88313, 38.03351], [-121.88315, 38.03351], [-121.88327, 38.03354]]}}, {"type": "Feature", "properties": {"hw": "tertiary"}, "geometry": {"type": "LineString", "coordinates": [[-121.88435, 38.03378], [-121.88438, 38.03369]]}}, {"type": "Feature", "properties": {"hw": "tertiary"}, "geometry": {"type": "LineString", "coordinates": [[-121.88438, 38.03369], [-121.88441, 38.0336], [-121.88442, 38.03358], [-121.88448, 38.03343], [-121.88457, 38.03322]]}}, {"type": "Feature", "properties": {"hw": "residential"}, "geometry": {"type": "LineString", "coordinates": [[-121.88519, 38.03874], [-121.88523, 38.03864]]}}, {"type": "Feature", "properties": {"hw": "secondary"}, "geometry": {"type": "LineString", "coordinates": [[-121.89775, 38.02945], [-121.89787, 38.02945]]}}, {"type": "Feature", "properties": {"hw": "tertiary"}, "geometry": {"type": "LineString", "coordinates": [[-121.88457, 38.03322], [-121.88473, 38.03303], [-121.88481, 38.03294], [-121.88495, 38.0328], [-121.88509, 38.0327], [-121.88518, 38.03266]]}}, {"type": "Feature", "properties": {"hw": "unclassified"}, "geometry": {"type": "LineString", "coordinates": [[-121.88423, 38.01431], [-121.88438, 38.01434]]}}, {"type": "Feature", "properties": {"hw": "unclassified"}, "geometry": {"type": "LineString", "coordinates": [[-121.88596, 38.01472], [-121.88624, 38.01479], [-121.88651, 38.01485]]}}, {"type": "Feature", "properties": {"hw": "unclassified"}, "geometry": {"type": "LineString", "coordinates": [[-121.8849, 38.01446], [-121.88533, 38.01457], [-121.88596, 38.01472]]}}, {"type": "Feature", "properties": {"hw": "tertiary"}, "geometry": {"type": "LineString", "coordinates": [[-121.88514, 38.03259], [-121.88502, 38.03264], [-121.88487, 38.03273], [-121.88466, 38.03291], [-121.8846, 38.03308], [-121.88457, 38.03322]]}}, {"type": "Feature", "properties": {"hw": "residential"}, "geometry": {"type": "LineString", "coordinates": [[-121.88518, 38.03266], [-121.88514, 38.03259]]}}, {"type": "Feature", "properties": {"hw": "residential"}, "geometry": {"type": "LineString", "coordinates": [[-121.88646, 38.02829], [-121.88648, 38.02822]]}}, {"type": "Feature", "properties": {"hw": "residential"}, "geometry": {"type": "LineString", "coordinates": [[-121.88648, 38.02822], [-121.88651, 38.02815], [-121.88653, 38.0281], [-121.88675, 38.02747], [-121.88677, 38.02742], [-121.88699, 38.02688]]}}, {"type": "Feature", "properties": {"hw": "secondary"}, "geometry": {"type": "LineString", "coordinates": [[-121.84104, 38.01251], [-121.84182, 38.01251]]}}, {"type": "Feature", "properties": {"hw": "residential"}, "geometry": {"type": "LineString", "coordinates": [[-121.8721, 38.02364], [-121.87233, 38.02309], [-121.87263, 38.02242]]}}, {"type": "Feature", "properties": {"hw": "tertiary"}, "geometry": {"type": "LineString", "coordinates": [[-121.8738, 38.01974], [-121.87328, 38.01956]]}}, {"type": "Feature", "properties": {"hw": "residential"}, "geometry": {"type": "LineString", "coordinates": [[-121.87263, 38.02242], [-121.8722, 38.0223]]}}, {"type": "Feature", "properties": {"hw": "residential"}, "geometry": {"type": "LineString", "coordinates": [[-121.88162, 38.02492], [-121.87936, 38.02427]]}}, {"type": "Feature", "properties": {"hw": "residential"}, "geometry": {"type": "LineString", "coordinates": [[-121.87461, 38.01768], [-121.87475, 38.01729], [-121.87481, 38.01712]]}}, {"type": "Feature", "properties": {"hw": "secondary"}, "geometry": {"type": "LineString", "coordinates": [[-121.89111, 38.01225], [-121.89128, 38.01224]]}}, {"type": "Feature", "properties": {"hw": "residential"}, "geometry": {"type": "LineString", "coordinates": [[-121.87639, 38.01811], [-121.87595, 38.018], [-121.87562, 38.01792], [-121.87519, 38.01781], [-121.87461, 38.01768]]}}, {"type": "Feature", "properties": {"hw": "residential"}, "geometry": {"type": "LineString", "coordinates": [[-121.87613, 38.01878], [-121.87639, 38.01811]]}}, {"type": "Feature", "properties": {"hw": "residential"}, "geometry": {"type": "LineString", "coordinates": [[-121.87461, 38.01768], [-121.87421, 38.01758], [-121.87417, 38.01757], [-121.87414, 38.01755], [-121.8741, 38.01753], [-121.87403, 38.01749], [-121.87399, 38.01747], [-121.87395, 38.01745], [-121.8739, 38.01743], [-121.87372, 38.01739]]}}, {"type": "Feature", "properties": {"hw": "residential"}, "geometry": {"type": "LineString", "coordinates": [[-121.87936, 38.02427], [-121.87924, 38.02424]]}}, {"type": "Feature", "properties": {"hw": "residential"}, "geometry": {"type": "LineString", "coordinates": [[-121.96906, 38.03403], [-121.96946, 38.03402], [-121.96956, 38.03402], [-121.96989, 38.03401], [-121.97138, 38.03399], [-121.97146, 38.03399], [-121.97219, 38.03399], [-121.9727, 38.03399]]}}, {"type": "Feature", "properties": {"hw": "residential"}, "geometry": {"type": "LineString", "coordinates": [[-121.96861, 38.03969], [-121.96863, 38.03964], [-121.96871, 38.03948], [-121.96879, 38.03921], [-121.9689, 38.03882]]}}, {"type": "Feature", "properties": {"hw": "residential"}, "geometry": {"type": "LineString", "coordinates": [[-121.96241, 38.03721], [-121.96368, 38.03761], [-121.96499, 38.03801], [-121.96571, 38.03824], [-121.96627, 38.03835], [-121.9689, 38.03882]]}}, {"type": "Feature", "properties": {"hw": "residential"}, "geometry": {"type": "LineString", "coordinates": [[-121.97606, 38.04008], [-121.97659, 38.04017]]}}, {"type": "Feature", "properties": {"hw": "residential"}, "geometry": {"type": "LineString", "coordinates": [[-121.97606, 38.04008], [-121.97606, 38.03986], [-121.9761, 38.03791]]}}, {"type": "Feature", "properties": {"hw": "residential"}, "geometry": {"type": "LineString", "coordinates": [[-121.97636, 38.03397], [-121.97736, 38.03397], [-121.97742, 38.03397], [-121.97788, 38.03396], [-121.97813, 38.03396], [-121.9788, 38.03396]]}}, {"type": "Feature", "properties": {"hw": "residential"}, "geometry": {"type": "LineString", "coordinates": [[-121.9727, 38.03399], [-121.97279, 38.03399], [-121.97371, 38.03398], [-121.97388, 38.03398], [-121.97444, 38.03398], [-121.97457, 38.03398], [-121.97464, 38.03398], [-121.97466, 38.03398], [-121.97496, 38.03398], [-121.97524, 38.03398], [-121.97573, 38.03398], [-121.97586, 38.03397], [-121.97611, 38.03397], [-121.9762, 38.03397], [-121.97625, 38.03397], [-121.97636, 38.03397]]}}, {"type": "Feature", "properties": {"hw": "residential"}, "geometry": {"type": "LineString", "coordinates": [[-121.97147, 38.03075], [-121.97229, 38.03103], [-121.97277, 38.03119]]}}, {"type": "Feature", "properties": {"hw": "residential"}, "geometry": {"type": "LineString", "coordinates": [[-121.97277, 38.03119], [-121.97358, 38.03145], [-121.97365, 38.03149], [-121.9737, 38.03153], [-121.9738, 38.03172], [-121.97386, 38.03177], [-121.97395, 38.0318], [-121.97517, 38.03231], [-121.97533, 38.03232]]}}, {"type": "Feature", "properties": {"hw": "tertiary"}, "geometry": {"type": "LineString", "coordinates": [[-121.97882, 38.02498], [-121.98013, 38.02503], [-121.98033, 38.02503], [-121.98055, 38.02502], [-121.98079, 38.025]]}}, {"type": "Feature", "properties": {"hw": "unclassified"}, "geometry": {"type": "LineString", "coordinates": [[-121.88438, 38.01434], [-121.8849, 38.01446]]}}, {"type": "Feature", "properties": {"hw": "secondary"}, "geometry": {"type": "LineString", "coordinates": [[-121.89128, 38.01224], [-121.89116, 38.01214]]}}, {"type": "Feature", "properties": {"hw": "residential"}, "geometry": {"type": "LineString", "coordinates": [[-121.83768, 38.00151], [-121.83735, 38.00165], [-121.83687, 38.00187], [-121.8366, 38.00198], [-121.83599, 38.00225]]}}, {"type": "Feature", "properties": {"hw": "residential"}, "geometry": {"type": "LineString", "coordinates": [[-121.83814, 38.0013], [-121.83804, 38.00135], [-121.83802, 38.00136], [-121.83777, 38.00147], [-121.83768, 38.00151]]}}, {"type": "Feature", "properties": {"hw": "residential"}, "geometry": {"type": "LineString", "coordinates": [[-121.8333, 37.99941], [-121.83319, 37.99934]]}}, {"type": "Feature", "properties": {"hw": "secondary"}, "geometry": {"type": "LineString", "coordinates": [[-121.88856, 38.01891], [-121.88835, 38.01946]]}}, {"type": "Feature", "properties": {"hw": "secondary"}, "geometry": {"type": "LineString", "coordinates": [[-121.889, 38.0183], [-121.88907, 38.01816]]}}, {"type": "Feature", "properties": {"hw": "secondary"}, "geometry": {"type": "LineString", "coordinates": [[-121.96403, 38.01937], [-121.96431, 38.01941], [-121.96485, 38.01945]]}}, {"type": "Feature", "properties": {"hw": "residential"}, "geometry": {"type": "LineString", "coordinates": [[-121.96396, 38.01974], [-121.96402, 38.01967], [-121.96405, 38.01949], [-121.96405, 38.01947], [-121.96403, 38.01937]]}}, {"type": "Feature", "properties": {"hw": "residential"}, "geometry": {"type": "LineString", "coordinates": [[-121.8961, 37.99911], [-121.896, 37.99911], [-121.89246, 37.99905]]}}, {"type": "Feature", "properties": {"hw": "residential"}, "geometry": {"type": "LineString", "coordinates": [[-121.94186, 38.02447], [-121.942, 38.02446]]}}, {"type": "Feature", "properties": {"hw": "residential"}, "geometry": {"type": "LineString", "coordinates": [[-121.94132, 38.02447], [-121.94143, 38.02452], [-121.94175, 38.02451], [-121.94177, 38.02451], [-121.94186, 38.02447]]}}, {"type": "Feature", "properties": {"hw": "residential"}, "geometry": {"type": "LineString", "coordinates": [[-121.94186, 38.02447], [-121.94177, 38.02444], [-121.94142, 38.02444], [-121.94132, 38.02447]]}}, {"type": "Feature", "properties": {"hw": "secondary"}, "geometry": {"type": "LineString", "coordinates": [[-121.94189, 38.02604], [-121.94189, 38.02624]]}}, {"type": "Feature", "properties": {"hw": "residential"}, "geometry": {"type": "LineString", "coordinates": [[-121.94629, 38.02373], [-121.94625, 38.0238], [-121.94625, 38.0246], [-121.94625, 38.02484], [-121.94623, 38.02501], [-121.94621, 38.02521], [-121.94619, 38.02537], [-121.94617, 38.02556], [-121.94617, 38.02561], [-121.94617, 38.02583], [-121.94616, 38.02611], [-121.94614, 38.02626], [-121.94615, 38.02676]]}}, {"type": "Feature", "properties": {"hw": "tertiary"}, "geometry": {"type": "LineString", "coordinates": [[-121.9605, 38.03593], [-121.96049, 38.03623], [-121.96049, 38.03629]]}}, {"type": "Feature", "properties": {"hw": "tertiary"}, "geometry": {"type": "LineString", "coordinates": [[-121.96051, 38.03402], [-121.96051, 38.03411], [-121.96051, 38.03439], [-121.96049, 38.03494], [-121.96049, 38.03515], [-121.9605, 38.03552], [-121.9605, 38.03563], [-121.9605, 38.03593]]}}, {"type": "Feature", "properties": {"hw": "tertiary"}, "geometry": {"type": "LineString", "coordinates": [[-121.96049, 38.02837], [-121.96049, 38.02844], [-121.96049, 38.02885]]}}, {"type": "Feature", "properties": {"hw": "tertiary"}, "geometry": {"type": "LineString", "coordinates": [[-121.96049, 38.02929], [-121.96049, 38.02939], [-121.96049, 38.03045], [-121.96049, 38.03168]]}}, {"type": "Feature", "properties": {"hw": "tertiary"}, "geometry": {"type": "LineString", "coordinates": [[-121.96024, 38.02657], [-121.9603, 38.02667], [-121.9604, 38.02681]]}}, {"type": "Feature", "properties": {"hw": "tertiary"}, "geometry": {"type": "LineString", "coordinates": [[-121.97852, 38.02497], [-121.97882, 38.02498]]}}, {"type": "Feature", "properties": {"hw": "tertiary"}, "geometry": {"type": "LineString", "coordinates": [[-121.98079, 38.025], [-121.98094, 38.02498]]}}, {"type": "Feature", "properties": {"hw": "tertiary"}, "geometry": {"type": "LineString", "coordinates": [[-121.97634, 38.02489], [-121.97647, 38.0249], [-121.97789, 38.02495], [-121.97852, 38.02497]]}}, {"type": "Feature", "properties": {"hw": "tertiary"}, "geometry": {"type": "LineString", "coordinates": [[-121.98206, 38.02462], [-121.98224, 38.02453], [-121.9829, 38.0242], [-121.98327, 38.02402], [-121.98334, 38.02398]]}}, {"type": "Feature", "properties": {"hw": "tertiary"}, "geometry": {"type": "LineString", "coordinates": [[-121.98625, 38.02252], [-121.9866, 38.02234]]}}, {"type": "Feature", "properties": {"hw": "tertiary"}, "geometry": {"type": "LineString", "coordinates": [[-121.98582, 38.02274], [-121.98625, 38.02252]]}}, {"type": "Feature", "properties": {"hw": "tertiary"}, "geometry": {"type": "LineString", "coordinates": [[-121.9866, 38.02234], [-121.98679, 38.02225], [-121.98718, 38.02203], [-121.98739, 38.02189], [-121.98757, 38.02177]]}}, {"type": "Feature", "properties": {"hw": "tertiary"}, "geometry": {"type": "LineString", "coordinates": [[-121.9916, 38.01792], [-121.99187, 38.01769], [-121.99209, 38.01753], [-121.99231, 38.01738], [-121.99255, 38.01724], [-121.9928, 38.01709], [-121.99308, 38.01696], [-121.99333, 38.01685], [-121.99361, 38.01674], [-121.99388, 38.01664], [-121.99483, 38.01635]]}}, {"type": "Feature", "properties": {"hw": "tertiary"}, "geometry": {"type": "LineString", "coordinates": [[-121.99483, 38.01635], [-121.99752, 38.0155], [-121.9978, 38.0154], [-121.99803, 38.0153], [-121.99829, 38.01517], [-121.99846, 38.01507]]}}, {"type": "Feature", "properties": {"hw": "tertiary"}, "geometry": {"type": "LineString", "coordinates": [[-121.98344, 38.02392], [-121.98351, 38.02389], [-121.98385, 38.02372], [-121.98413, 38.02357], [-121.98518, 38.02306], [-121.98549, 38.0229], [-121.98582, 38.02274]]}}, {"type": "Feature", "properties": {"hw": "residential"}, "geometry": {"type": "LineString", "coordinates": [[-121.99883, 38.01481], [-121.99893, 38.01473], [-121.99897, 38.0147], [-121.99909, 38.0146], [-121.99917, 38.01454], [-121.99935, 38.01442], [-121.99946, 38.01436]]}}, {"type": "Feature", "properties": {"hw": "secondary"}, "geometry": {"type": "LineString", "coordinates": [[-121.95526, 38.01774], [-121.95515, 38.01773]]}}, {"type": "Feature", "properties": {"hw": "tertiary"}, "geometry": {"type": "LineString", "coordinates": [[-121.95992, 38.00844], [-121.95989, 38.00856], [-121.95974, 38.00873]]}}, {"type": "Feature", "properties": {"hw": "tertiary"}, "geometry": {"type": "LineString", "coordinates": [[-121.95515, 38.01773], [-121.95512, 38.01783]]}}, {"type": "Feature", "properties": {"hw": "tertiary"}, "geometry": {"type": "LineString", "coordinates": [[-121.95523, 38.01785], [-121.95526, 38.01774]]}}, {"type": "Feature", "properties": {"hw": "secondary"}, "geometry": {"type": "LineString", "coordinates": [[-121.9569, 38.01802], [-121.95653, 38.01796]]}}, {"type": "Feature", "properties": {"hw": "secondary"}, "geometry": {"type": "LineString", "coordinates": [[-121.95653, 38.01796], [-121.95535, 38.01776], [-121.95526, 38.01774]]}}, {"type": "Feature", "properties": {"hw": "tertiary"}, "geometry": {"type": "LineString", "coordinates": [[-121.9704, 38.02029], [-121.97054, 38.02032]]}}, {"type": "Feature", "properties": {"hw": "tertiary"}, "geometry": {"type": "LineString", "coordinates": [[-121.97057, 38.02022], [-121.97043, 38.02019]]}}, {"type": "Feature", "properties": {"hw": "tertiary"}, "geometry": {"type": "LineString", "coordinates": [[-121.97557, 38.01893], [-121.97568, 38.01888]]}}, {"type": "Feature", "properties": {"hw": "tertiary"}, "geometry": {"type": "LineString", "coordinates": [[-121.97568, 38.01888], [-121.9756, 38.01878]]}}, {"type": "Feature", "properties": {"hw": "secondary"}, "geometry": {"type": "LineString", "coordinates": [[-121.95445, 38.02677], [-121.95508, 38.02677]]}}, {"type": "Feature", "properties": {"hw": "secondary"}, "geometry": {"type": "LineString", "coordinates": [[-121.95566, 38.02677], [-121.95571, 38.02677], [-121.9558, 38.02677], [-121.95593, 38.02677]]}}, {"type": "Feature", "properties": {"hw": "secondary"}, "geometry": {"type": "LineString", "coordinates": [[-121.96402, 38.01927], [-121.96316, 38.0191], [-121.96308, 38.01909], [-121.96223, 38.01895]]}}, {"type": "Feature", "properties": {"hw": "residential"}, "geometry": {"type": "LineString", "coordinates": [[-121.85036, 37.98524], [-121.85034, 37.98529], [-121.85028, 37.98532], [-121.84944, 37.98525], [-121.84835, 37.98511], [-121.84735, 37.98499], [-121.84655, 37.98489], [-121.84609, 37.98479]]}}, {"type": "Feature", "properties": {"hw": "secondary"}, "geometry": {"type": "LineString", "coordinates": [[-121.88993, 38.02913], [-121.89013, 38.02917], [-121.8902, 38.02919]]}}, {"type": "Feature", "properties": {"hw": "secondary"}, "geometry": {"type": "LineString", "coordinates": [[-121.94252, 38.02676], [-121.94277, 38.02676], [-121.9429, 38.02676], [-121.94333, 38.02676], [-121.9436, 38.02676]]}}, {"type": "Feature", "properties": {"hw": "secondary"}, "geometry": {"type": "LineString", "coordinates": [[-121.94197, 38.02676], [-121.94207, 38.02676], [-121.94214, 38.02676], [-121.94223, 38.02676], [-121.94252, 38.02676]]}}, {"type": "Feature", "properties": {"hw": "secondary"}, "geometry": {"type": "LineString", "coordinates": [[-121.94103, 38.01538], [-121.94135, 38.01537]]}}, {"type": "Feature", "properties": {"hw": "secondary"}, "geometry": {"type": "LineString", "coordinates": [[-121.94075, 38.01539], [-121.94103, 38.01538]]}}, {"type": "Feature", "properties": {"hw": "residential"}, "geometry": {"type": "LineString", "coordinates": [[-121.88551, 38.02093], [-121.88544, 38.02091], [-121.88429, 38.02064]]}}, {"type": "Feature", "properties": {"hw": "residential"}, "geometry": {"type": "LineString", "coordinates": [[-121.88574, 38.02098], [-121.88551, 38.02093]]}}, {"type": "Feature", "properties": {"hw": "secondary"}, "geometry": {"type": "LineString", "coordinates": [[-121.9534, 38.02676], [-121.95405, 38.02677], [-121.95427, 38.02677], [-121.95445, 38.02677]]}}, {"type": "Feature", "properties": {"hw": "secondary"}, "geometry": {"type": "LineString", "coordinates": [[-121.95311, 38.02677], [-121.9534, 38.02676]]}}, {"type": "Feature", "properties": {"hw": "secondary"}, "geometry": {"type": "LineString", "coordinates": [[-121.94093, 38.02676], [-121.9411, 38.02676], [-121.94122, 38.02676], [-121.9413, 38.02676]]}}, {"type": "Feature", "properties": {"hw": "secondary"}, "geometry": {"type": "LineString", "coordinates": [[-121.94084, 38.02676], [-121.94093, 38.02676]]}}, {"type": "Feature", "properties": {"hw": "secondary"}, "geometry": {"type": "LineString", "coordinates": [[-121.9436, 38.02676], [-121.94407, 38.02676], [-121.94422, 38.02676], [-121.94429, 38.02676], [-121.94468, 38.02676], [-121.94569, 38.02676]]}}, {"type": "Feature", "properties": {"hw": "secondary"}, "geometry": {"type": "LineString", "coordinates": [[-121.94569, 38.02676], [-121.94573, 38.02676], [-121.94583, 38.02676], [-121.94613, 38.02676], [-121.94615, 38.02676], [-121.94626, 38.02676]]}}, {"type": "Feature", "properties": {"hw": "secondary"}, "geometry": {"type": "LineString", "coordinates": [[-121.95127, 38.02678], [-121.95149, 38.02678], [-121.95191, 38.02677], [-121.95208, 38.02677]]}}, {"type": "Feature", "properties": {"hw": "secondary"}, "geometry": {"type": "LineString", "coordinates": [[-121.95208, 38.02677], [-121.95236, 38.02677]]}}, {"type": "Feature", "properties": {"hw": "secondary"}, "geometry": {"type": "LineString", "coordinates": [[-121.93973, 38.02676], [-121.93999, 38.02676], [-121.9406, 38.02676], [-121.94084, 38.02676]]}}, {"type": "Feature", "properties": {"hw": "secondary"}, "geometry": {"type": "LineString", "coordinates": [[-121.9386, 38.02676], [-121.93874, 38.02676], [-121.93883, 38.02676], [-121.93891, 38.02676], [-121.93906, 38.02676]]}}, {"type": "Feature", "properties": {"hw": "secondary"}, "geometry": {"type": "LineString", "coordinates": [[-121.93906, 38.02676], [-121.9391, 38.02676], [-121.93917, 38.02676], [-121.93928, 38.02676]]}}, {"type": "Feature", "properties": {"hw": "secondary"}, "geometry": {"type": "LineString", "coordinates": [[-121.93928, 38.02676], [-121.93932, 38.02676], [-121.93966, 38.02676], [-121.93973, 38.02676]]}}, {"type": "Feature", "properties": {"hw": "secondary"}, "geometry": {"type": "LineString", "coordinates": [[-122.00505, 37.99059], [-122.00485, 37.99077]]}}, {"type": "Feature", "properties": {"hw": "secondary"}, "geometry": {"type": "LineString", "coordinates": [[-121.9538, 38.0175], [-121.95421, 38.01762], [-121.95504, 38.01781], [-121.95512, 38.01783]]}}, {"type": "Feature", "properties": {"hw": "secondary"}, "geometry": {"type": "LineString", "coordinates": [[-121.88887, 37.99799], [-121.88875, 37.99799], [-121.88772, 37.998], [-121.88705, 37.998]]}}, {"type": "Feature", "properties": {"hw": "secondary"}, "geometry": {"type": "LineString", "coordinates": [[-121.88705, 37.998], [-121.88663, 37.998], [-121.8865, 37.998]]}}, {"type": "Feature", "properties": {"hw": "secondary"}, "geometry": {"type": "LineString", "coordinates": [[-121.9321, 38.02679], [-121.93238, 38.0268], [-121.93258, 38.02679], [-121.93286, 38.02678], [-121.93294, 38.02678], [-121.93329, 38.02677]]}}, {"type": "Feature", "properties": {"hw": "secondary"}, "geometry": {"type": "LineString", "coordinates": [[-121.93329, 38.02677], [-121.93355, 38.02677], [-121.9337, 38.02677]]}}, {"type": "Feature", "properties": {"hw": "secondary"}, "geometry": {"type": "LineString", "coordinates": [[-121.88354, 37.99799], [-121.88344, 37.99799], [-121.88293, 37.99799]]}}, {"type": "Feature", "properties": {"hw": "secondary"}, "geometry": {"type": "LineString", "coordinates": [[-121.93427, 38.01552], [-121.93476, 38.0155], [-121.93589, 38.01546]]}}, {"type": "Feature", "properties": {"hw": "secondary"}, "geometry": {"type": "LineString", "coordinates": [[-121.93383, 38.01552], [-121.93417, 38.01552], [-121.93427, 38.01552]]}}, {"type": "Feature", "properties": {"hw": "secondary"}, "geometry": {"type": "LineString", "coordinates": [[-121.89605, 37.99807], [-121.89568, 37.99808], [-121.89535, 37.99808], [-121.89442, 37.9981], [-121.89398, 37.9981], [-121.89364, 37.9981], [-121.89323, 37.99809]]}}, {"type": "Feature", "properties": {"hw": "secondary"}, "geometry": {"type": "LineString", "coordinates": [[-121.89323, 37.99809], [-121.89317, 37.99809], [-121.8928, 37.99809]]}}, {"type": "Feature", "properties": {"hw": "secondary"}, "geometry": {"type": "LineString", "coordinates": [[-121.8928, 37.99809], [-121.89244, 37.99808]]}}, {"type": "Feature", "properties": {"hw": "secondary"}, "geometry": {"type": "LineString", "coordinates": [[-121.89244, 37.99808], [-121.89233, 37.99808]]}}, {"type": "Feature", "properties": {"hw": "secondary"}, "geometry": {"type": "LineString", "coordinates": [[-121.89233, 37.99808], [-121.89173, 37.99807]]}}, {"type": "Feature", "properties": {"hw": "secondary"}, "geometry": {"type": "LineString", "coordinates": [[-121.89133, 37.99806], [-121.89104, 37.99805]]}}, {"type": "Feature", "properties": {"hw": "secondary"}, "geometry": {"type": "LineString", "coordinates": [[-121.89173, 37.99807], [-121.89133, 37.99806]]}}, {"type": "Feature", "properties": {"hw": "secondary"}, "geometry": {"type": "LineString", "coordinates": [[-121.92313, 38.01463], [-121.92376, 38.01474], [-121.9238, 38.01474], [-121.92397, 38.01477], [-121.9241, 38.01479]]}}, {"type": "Feature", "properties": {"hw": "secondary"}, "geometry": {"type": "LineString", "coordinates": [[-121.9241, 38.01479], [-121.9245, 38.01485]]}}, {"type": "Feature", "properties": {"hw": "secondary"}, "geometry": {"type": "LineString", "coordinates": [[-121.9245, 38.01485], [-121.92507, 38.01494], [-121.92571, 38.01504]]}}, {"type": "Feature", "properties": {"hw": "secondary"}, "geometry": {"type": "LineString", "coordinates": [[-121.92571, 38.01504], [-121.92579, 38.01506], [-121.92606, 38.0151], [-121.92611, 38.01511]]}}, {"type": "Feature", "properties": {"hw": "secondary"}, "geometry": {"type": "LineString", "coordinates": [[-121.91963, 38.01396], [-121.91979, 38.014], [-121.91991, 38.01402], [-121.92016, 38.01409], [-121.92033, 38.01413], [-121.92081, 38.01424]]}}, {"type": "Feature", "properties": {"hw": "secondary"}, "geometry": {"type": "LineString", "coordinates": [[-121.91883, 38.01377], [-121.91913, 38.01384], [-121.91963, 38.01396]]}}, {"type": "Feature", "properties": {"hw": "secondary"}, "geometry": {"type": "LineString", "coordinates": [[-121.88747, 38.02853], [-121.88769, 38.02859]]}}, {"type": "Feature", "properties": {"hw": "secondary"}, "geometry": {"type": "LineString", "coordinates": [[-121.93104, 38.02679], [-121.93113, 38.02679], [-121.93145, 38.02679]]}}, {"type": "Feature", "properties": {"hw": "secondary"}, "geometry": {"type": "LineString", "coordinates": [[-121.88923, 38.02889], [-121.88898, 38.02882]]}}, {"type": "Feature", "properties": {"hw": "secondary"}, "geometry": {"type": "LineString", "coordinates": [[-121.90608, 38.01635], [-121.90651, 38.0163], [-121.90655, 38.01629]]}}, {"type": "Feature", "properties": {"hw": "secondary"}, "geometry": {"type": "LineString", "coordinates": [[-121.92611, 38.01511], [-121.92679, 38.01522], [-121.92772, 38.01537]]}}, {"type": "Feature", "properties": {"hw": "secondary"}, "geometry": {"type": "LineString", "coordinates": [[-121.92772, 38.01537], [-121.92794, 38.0154], [-121.92827, 38.01545]]}}, {"type": "Feature", "properties": {"hw": "secondary"}, "geometry": {"type": "LineString", "coordinates": [[-121.888, 38.02858], [-121.88772, 38.02851]]}}, {"type": "Feature", "properties": {"hw": "secondary"}, "geometry": {"type": "LineString", "coordinates": [[-121.92081, 38.01424], [-121.92204, 38.01447]]}}, {"type": "Feature", "properties": {"hw": "secondary"}, "geometry": {"type": "LineString", "coordinates": [[-121.92204, 38.01447], [-121.92244, 38.01453]]}}, {"type": "Feature", "properties": {"hw": "secondary"}, "geometry": {"type": "LineString", "coordinates": [[-121.92244, 38.01453], [-121.92275, 38.01457]]}}, {"type": "Feature", "properties": {"hw": "secondary"}, "geometry": {"type": "LineString", "coordinates": [[-121.92275, 38.01457], [-121.92313, 38.01463]]}}, {"type": "Feature", "properties": {"hw": "secondary"}, "geometry": {"type": "LineString", "coordinates": [[-121.93589, 38.01546], [-121.93603, 38.01545], [-121.93633, 38.01544]]}}, {"type": "Feature", "properties": {"hw": "secondary"}, "geometry": {"type": "LineString", "coordinates": [[-121.88869, 38.02883], [-121.88895, 38.02889]]}}, {"type": "Feature", "properties": {"hw": "secondary"}, "geometry": {"type": "LineString", "coordinates": [[-121.89323, 38.02947], [-121.89348, 38.02947], [-121.89358, 38.02943]]}}, {"type": "Feature", "properties": {"hw": "secondary"}, "geometry": {"type": "LineString", "coordinates": [[-121.93145, 38.02679], [-121.93173, 38.02679]]}}, {"type": "Feature", "properties": {"hw": "secondary"}, "geometry": {"type": "LineString", "coordinates": [[-121.93173, 38.02679], [-121.9321, 38.02679]]}}, {"type": "Feature", "properties": {"hw": "secondary"}, "geometry": {"type": "LineString", "coordinates": [[-121.95508, 38.02677], [-121.95566, 38.02677]]}}, {"type": "Feature", "properties": {"hw": "secondary"}, "geometry": {"type": "LineString", "coordinates": [[-121.92668, 38.02676], [-121.92684, 38.02676], [-121.92694, 38.02676], [-121.92726, 38.02677], [-121.92741, 38.02676], [-121.9277, 38.02676], [-121.9278, 38.02676], [-121.92795, 38.02677]]}}, {"type": "Feature", "properties": {"hw": "secondary"}, "geometry": {"type": "LineString", "coordinates": [[-121.92637, 38.02676], [-121.92668, 38.02676]]}}, {"type": "Feature", "properties": {"hw": "secondary"}, "geometry": {"type": "LineString", "coordinates": [[-121.9259, 38.02676], [-121.92637, 38.02676]]}}, {"type": "Feature", "properties": {"hw": "secondary"}, "geometry": {"type": "LineString", "coordinates": [[-121.92888, 38.02677], [-121.92965, 38.02678]]}}, {"type": "Feature", "properties": {"hw": "secondary"}, "geometry": {"type": "LineString", "coordinates": [[-121.92965, 38.02678], [-121.93008, 38.02678]]}}, {"type": "Feature", "properties": {"hw": "secondary"}, "geometry": {"type": "LineString", "coordinates": [[-121.92838, 38.02677], [-121.92878, 38.02677], [-121.92888, 38.02677]]}}, {"type": "Feature", "properties": {"hw": "secondary"}, "geometry": {"type": "LineString", "coordinates": [[-121.88493, 38.02786], [-121.8847, 38.0278]]}}, {"type": "Feature", "properties": {"hw": "tertiary"}, "geometry": {"type": "LineString", "coordinates": [[-121.9696, 38.02459], [-121.96975, 38.0246], [-121.97109, 38.02466], [-121.97195, 38.02469]]}}, {"type": "Feature", "properties": {"hw": "tertiary"}, "geometry": {"type": "LineString", "coordinates": [[-121.97195, 38.02469], [-121.97256, 38.02472], [-121.97267, 38.02472], [-121.97346, 38.02477]]}}, {"type": "Feature", "properties": {"hw": "tertiary"}, "geometry": {"type": "LineString", "coordinates": [[-121.97346, 38.02477], [-121.97366, 38.02478]]}}, {"type": "Feature", "properties": {"hw": "residential"}, "geometry": {"type": "LineString", "coordinates": [[-121.89358, 38.02943], [-121.89361, 38.02934], [-121.89363, 38.02931], [-121.89389, 38.02862], [-121.89414, 38.02796], [-121.8945, 38.02704]]}}, {"type": "Feature", "properties": {"hw": "residential"}, "geometry": {"type": "LineString", "coordinates": [[-121.89345, 38.02979], [-121.89354, 38.02956], [-121.89355, 38.02954], [-121.89358, 38.02943]]}}, {"type": "Feature", "properties": {"hw": "tertiary"}, "geometry": {"type": "LineString", "coordinates": [[-121.96415, 38.02466], [-121.96427, 38.02472], [-121.96428, 38.02474], [-121.96435, 38.02479], [-121.96445, 38.02483], [-121.96456, 38.02486], [-121.96468, 38.02487], [-121.96479, 38.02487], [-121.9649, 38.02486], [-121.96495, 38.02484]]}}, {"type": "Feature", "properties": {"hw": "tertiary"}, "geometry": {"type": "LineString", "coordinates": [[-121.96601, 38.0246], [-121.96633, 38.02455]]}}, {"type": "Feature", "properties": {"hw": "tertiary"}, "geometry": {"type": "LineString", "coordinates": [[-121.96558, 38.02469], [-121.96576, 38.02464], [-121.96601, 38.0246]]}}, {"type": "Feature", "properties": {"hw": "tertiary"}, "geometry": {"type": "LineString", "coordinates": [[-121.96495, 38.02484], [-121.96513, 38.0248], [-121.96558, 38.02469]]}}, {"type": "Feature", "properties": {"hw": "tertiary"}, "geometry": {"type": "LineString", "coordinates": [[-121.89668, 37.99807], [-121.89733, 37.99808]]}}, {"type": "Feature", "properties": {"hw": "residential"}, "geometry": {"type": "LineString", "coordinates": [[-121.88429, 38.02064], [-121.88371, 38.0205], [-121.88365, 38.02048]]}}, {"type": "Feature", "properties": {"hw": "tertiary"}, "geometry": {"type": "LineString", "coordinates": [[-121.91672, 38.02669], [-121.91698, 38.02669], [-121.9171, 38.02668], [-121.91723, 38.02668], [-121.9179, 38.02668]]}}, {"type": "Feature", "properties": {"hw": "tertiary"}, "geometry": {"type": "LineString", "coordinates": [[-121.91639, 38.02671], [-121.91649, 38.0267], [-121.91672, 38.02669]]}}, {"type": "Feature", "properties": {"hw": "secondary"}, "geometry": {"type": "LineString", "coordinates": [[-121.93273, 38.01556], [-121.93305, 38.01554], [-121.93383, 38.01552]]}}, {"type": "Feature", "properties": {"hw": "secondary"}, "geometry": {"type": "LineString", "coordinates": [[-121.93228, 38.01558], [-121.93265, 38.01556], [-121.93273, 38.01556]]}}, {"type": "Feature", "properties": {"hw": "secondary"}, "geometry": {"type": "LineString", "coordinates": [[-121.92795, 38.02677], [-121.92838, 38.02677]]}}, {"type": "Feature", "properties": {"hw": "tertiary"}, "geometry": {"type": "LineString", "coordinates": [[-121.97529, 38.02485], [-121.97617, 38.02488], [-121.97634, 38.02489]]}}, {"type": "Feature", "properties": {"hw": "tertiary"}, "geometry": {"type": "LineString", "coordinates": [[-121.97494, 38.02483], [-121.97529, 38.02485]]}}, {"type": "Feature", "properties": {"hw": "secondary"}, "geometry": {"type": "LineString", "coordinates": [[-121.92395, 38.02675], [-121.92441, 38.02675]]}}, {"type": "Feature", "properties": {"hw": "tertiary"}, "geometry": {"type": "LineString", "coordinates": [[-121.96049, 38.03201], [-121.9605, 38.03254]]}}, {"type": "Feature", "properties": {"hw": "tertiary"}, "geometry": {"type": "LineString", "coordinates": [[-121.96049, 38.03168], [-121.96049, 38.03201]]}}, {"type": "Feature", "properties": {"hw": "tertiary"}, "geometry": {"type": "LineString", "coordinates": [[-121.88313, 38.01537], [-121.88326, 38.01519]]}}, {"type": "Feature", "properties": {"hw": "tertiary"}, "geometry": {"type": "LineString", "coordinates": [[-121.88339, 38.01501], [-121.88346, 38.01493]]}}, {"type": "Feature", "properties": {"hw": "unclassified"}, "geometry": {"type": "LineString", "coordinates": [[-121.84942, 38.00988], [-121.84937, 38.00997]]}}, {"type": "Feature", "properties": {"hw": "tertiary"}, "geometry": {"type": "LineString", "coordinates": [[-121.84942, 38.00988], [-121.84864, 38.00962], [-121.84622, 38.0088], [-121.84552, 38.00855], [-121.84527, 38.00844]]}}, {"type": "Feature", "properties": {"hw": "tertiary"}, "geometry": {"type": "LineString", "coordinates": [[-121.89957, 38.00979], [-121.89981, 38.00959], [-121.90004, 38.00943], [-121.90067, 38.00908], [-121.901, 38.00884], [-121.90132, 38.00855], [-121.90148, 38.00834]]}}, {"type": "Feature", "properties": {"hw": "residential"}, "geometry": {"type": "LineString", "coordinates": [[-121.89853, 38.01119], [-121.89917, 38.01132], [-121.89952, 38.01139], [-121.90041, 38.01159], [-121.9014, 38.01175]]}}, {"type": "Feature", "properties": {"hw": "tertiary"}, "geometry": {"type": "LineString", "coordinates": [[-121.89853, 38.01119], [-121.89869, 38.01094]]}}, {"type": "Feature", "properties": {"hw": "secondary"}, "geometry": {"type": "LineString", "coordinates": [[-121.8659, 38.01217], [-121.86567, 38.01224]]}}, {"type": "Feature", "properties": {"hw": "tertiary"}, "geometry": {"type": "LineString", "coordinates": [[-121.96049, 38.02885], [-121.96049, 38.02892], [-121.96049, 38.0292], [-121.96049, 38.02929]]}}, {"type": "Feature", "properties": {"hw": "tertiary"}, "geometry": {"type": "LineString", "coordinates": [[-121.89869, 38.01094], [-121.89875, 38.01084], [-121.89906, 38.01049], [-121.89933, 38.01009]]}}, {"type": "Feature", "properties": {"hw": "tertiary"}, "geometry": {"type": "LineString", "coordinates": [[-121.89933, 38.01009], [-121.89957, 38.00979]]}}, {"type": "Feature", "properties": {"hw": "tertiary"}, "geometry": {"type": "LineString", "coordinates": [[-121.89845, 38.0114], [-121.89853, 38.01119]]}}, {"type": "Feature", "properties": {"hw": "tertiary"}, "geometry": {"type": "LineString", "coordinates": [[-121.89782, 38.01263], [-121.89805, 38.01227], [-121.89823, 38.01195], [-121.89835, 38.01169], [-121.89845, 38.0114]]}}, {"type": "Feature", "properties": {"hw": "tertiary"}, "geometry": {"type": "LineString", "coordinates": [[-121.89769, 38.01282], [-121.89782, 38.01263]]}}, {"type": "Feature", "properties": {"hw": "tertiary"}, "geometry": {"type": "LineString", "coordinates": [[-121.89895, 37.99807], [-121.89932, 37.99802], [-121.89967, 37.99792], [-121.90006, 37.99773]]}}, {"type": "Feature", "properties": {"hw": "tertiary"}, "geometry": {"type": "LineString", "coordinates": [[-121.89854, 37.99809], [-121.89895, 37.99807]]}}, {"type": "Feature", "properties": {"hw": "tertiary"}, "geometry": {"type": "LineString", "coordinates": [[-121.90079, 37.99698], [-121.90091, 37.99669]]}}, {"type": "Feature", "properties": {"hw": "tertiary"}, "geometry": {"type": "LineString", "coordinates": [[-121.91294, 38.0265], [-121.91448, 38.02672], [-121.91514, 38.02674], [-121.91549, 38.02673], [-121.9161, 38.02671], [-121.91639, 38.02671]]}}, {"type": "Feature", "properties": {"hw": "tertiary"}, "geometry": {"type": "LineString", "coordinates": [[-121.91235, 38.02644], [-121.91294, 38.0265]]}}, {"type": "Feature", "properties": {"hw": "tertiary"}, "geometry": {"type": "LineString", "coordinates": [[-121.96587, 38.01553], [-121.96565, 38.01482], [-121.96555, 38.01432], [-121.96553, 38.01388], [-121.96554, 38.01336]]}}, {"type": "Feature", "properties": {"hw": "tertiary"}, "geometry": {"type": "LineString", "coordinates": [[-121.96598, 38.01593], [-121.96587, 38.01553]]}}, {"type": "Feature", "properties": {"hw": "tertiary"}, "geometry": {"type": "LineString", "coordinates": [[-121.91809, 38.02638], [-121.9181, 38.02595]]}}, {"type": "Feature", "properties": {"hw": "tertiary"}, "geometry": {"type": "LineString", "coordinates": [[-121.95568, 38.01648], [-121.95575, 38.01641], [-121.95589, 38.01625]]}}, {"type": "Feature", "properties": {"hw": "tertiary"}, "geometry": {"type": "LineString", "coordinates": [[-121.95606, 38.01598], [-121.95616, 38.01576]]}}, {"type": "Feature", "properties": {"hw": "tertiary"}, "geometry": {"type": "LineString", "coordinates": [[-121.95589, 38.01625], [-121.95606, 38.01598]]}}, {"type": "Feature", "properties": {"hw": "tertiary"}, "geometry": {"type": "LineString", "coordinates": [[-121.95639, 38.01436], [-121.9564, 38.01428], [-121.95642, 38.01412], [-121.95645, 38.01396]]}}, {"type": "Feature", "properties": {"hw": "tertiary"}, "geometry": {"type": "LineString", "coordinates": [[-121.95637, 38.01462], [-121.95637, 38.01458], [-121.95638, 38.01455], [-121.95639, 38.01436]]}}, {"type": "Feature", "properties": {"hw": "tertiary"}, "geometry": {"type": "LineString", "coordinates": [[-121.95616, 38.01576], [-121.95627, 38.01542], [-121.95629, 38.01531]]}}, {"type": "Feature", "properties": {"hw": "tertiary"}, "geometry": {"type": "LineString", "coordinates": [[-121.95629, 38.01531], [-121.95633, 38.01508]]}}, {"type": "Feature", "properties": {"hw": "residential"}, "geometry": {"type": "LineString", "coordinates": [[-121.88168, 38.02002], [-121.88159, 38.01999]]}}, {"type": "Feature", "properties": {"hw": "residential"}, "geometry": {"type": "LineString", "coordinates": [[-121.88365, 38.02048], [-121.88352, 38.02046]]}}, {"type": "Feature", "properties": {"hw": "tertiary"}, "geometry": {"type": "LineString", "coordinates": [[-121.89081, 38.03122], [-121.89073, 38.03139], [-121.8907, 38.03146], [-121.89057, 38.0318], [-121.89053, 38.03189]]}}, {"type": "Feature", "properties": {"hw": "tertiary"}, "geometry": {"type": "LineString", "coordinates": [[-121.89022, 38.03271], [-121.89006, 38.03313], [-121.89005, 38.03323], [-121.89005, 38.0333]]}}, {"type": "Feature", "properties": {"hw": "secondary"}, "geometry": {"type": "LineString", "coordinates": [[-122.00456, 37.99104], [-122.00437, 37.99122], [-122.0043, 37.99127]]}}]}