{"type": "FeatureCollection", "features": [{"type": "Feature", "geometry": {"type": "MultiPolygon", "coordinates": [[[[-119.2652630001271, 35.303537999862804], [-119.26531500000563, 35.30353499994875], [-119.26501899972963, 35.303291999942005], [-119.2637120003986, 35.302274999815424], [-119.26366100034492, 35.30221299986792], [-119.26351999987963, 35.3020319996903], [-119.26319900038759, 35.301782000350684], [-119.26306799996802, 35.30168000026337], [-119.26292700040104, 35.30157000008265], [-119.26249999970545, 35.30123800010993], [-119.26236499998626, 35.301134000067975], [-119.26206399968734, 35.30099499980315], [-119.26202299967947, 35.30101499985596], [-119.26191999974733, 35.301066999970125], [-119.26186600021896, 35.301093000014696], [-119.26153399995793, 35.301259000102185], [-119.26151399986645, 35.3012680000972], [-119.26135400003287, 35.30134900000727], [-119.26129600030654, 35.301378999953386], [-119.26121299956756, 35.301367999974445], [-119.26113200027504, 35.301355999995714], [-119.26106199995485, 35.30134600001207], [-119.2608279996031, 35.30131300005722], [-119.26060599984525, 35.30128100008822], [-119.2598569998327, 35.301173000099325], [-119.25871399963486, 35.300870000094214], [-119.25843699962545, 35.30079699974676], [-119.25821700041571, 35.30073800015095], [-119.2579699996452, 35.300672999738715], [-119.25730600002149, 35.30049699982677], [-119.25664499987248, 35.30049499980892], [-119.25651799965088, 35.30049499980892], [-119.25633000022822, 35.30053400014831], [-119.25591199975347, 35.300622000111886], [-119.25538799987183, 35.30073200011506], [-119.25453400027729, 35.300911000260484], [-119.25434599995636, 35.30103199989693], [-119.25381000037913, 35.30137399996312], [-119.25326600040599, 35.30172300000682], [-119.25263600021916, 35.30232299990766], [-119.25243700002751, 35.30244199966236], [-119.25243700002751, 35.30255600005789], [-119.25215099979725, 35.30252999975033], [-119.25094300020042, 35.302746000360266], [-119.2477549996313, 35.30319300021879], [-119.24759399997284, 35.30335799969023], [-119.24750799975912, 35.30344900016557], [-119.24728699982616, 35.30365799999977], [-119.24705599984749, 35.30387599973212], [-119.24665900018745, 35.304250999743786], [-119.24582300013628, 35.3050410000043], [-119.24559700018048, 35.305062999695146], [-119.24321600024855, 35.30530800014672], [-119.24272900017685, 35.305362000331954], [-119.24268800016895, 35.305366000127], [-119.23856999983737, 35.30580699978036], [-119.21854200039077, 35.30748200035378], [-119.21330900034876, 35.31039299974383], [-119.20940399955418, 35.31269999993991], [-119.20024800007255, 35.318105999919545], [-119.19882899969015, 35.31908400022432], [-119.19894400021622, 35.31075600028561], [-119.19896000010971, 35.303435999789734], [-119.19896900033058, 35.296115999797074], [-119.18127400023702, 35.296141999965975], [-119.18100999974806, 35.29614300002871], [-119.17240499991223, 35.29617699995456], [-119.1680389998835, 35.2961950003408], [-119.16356999992263, 35.296212999989855], [-119.1607279998583, 35.29621500011359], [-119.15461899958208, 35.29621900036079], [-119.14587099963116, 35.296224999998095], [-119.14591699966189, 35.288498999874996], [-119.14595799966979, 35.28171500009247], [-119.14604399988352, 35.26718899964894], [-119.12855899985223, 35.26723099969083], [-119.1283300004217, 35.26723099969083], [-119.11863799956622, 35.26720400008548], [-119.11419399971972, 35.267190000069284], [-119.110821000101, 35.26718000026581], [-119.11067799998588, 35.26718000026581], [-119.11067799998588, 35.26726000012611], [-119.11068200018383, 35.26799599968212], [-119.11068499965856, 35.268550999655886], [-119.10988899979036, 35.26854799991204], [-119.10989600036137, 35.26802999969338], [-119.10989499963814, 35.267624999861724], [-119.10989399981324, 35.26717800015824], [-119.1098079995995, 35.26717800015824], [-119.10978400020836, 35.26717800015824], [-119.10978500003328, 35.26747499981777], [-119.10978599985819, 35.267789999956], [-119.10978800040634, 35.26853299972432], [-119.10979000005617, 35.26929999994515], [-119.10981000014766, 35.2744239997847], [-119.10983799973674, 35.28168099995874], [-119.10543400007319, 35.281676000218255], [-119.10469400028147, 35.281676000218255], [-119.10116199975582, 35.28167199998569], [-119.10117199980154, 35.2780920000498], [-119.10119100006811, 35.27441900032958], [-119.10116699977866, 35.27094299964066], [-119.10116699977866, 35.270772999687054], [-119.10118100002238, 35.26715299991006], [-119.09231599989556, 35.26712799965412], [-119.09217600015347, 35.26712799965412], [-119.09217600015347, 35.26697500035485], [-119.09218200000127, 35.26422299968282], [-119.09218399965106, 35.26353499994634], [-119.09208200044213, 35.26353400021434], [-119.08999600006301, 35.26353299974884], [-119.0898699996663, 35.26353299974884], [-119.08985999962057, 35.267120999639786], [-119.07937400034334, 35.2670899997784], [-119.07697099977179, 35.26708200007251], [-119.0769799999926, 35.2653889997111], [-119.0776899996471, 35.265390999862774], [-119.07769200019524, 35.2649349999372], [-119.07769399984505, 35.26422799976719], [-119.07769899986792, 35.26368299975593], [-119.07769600039322, 35.26352100002966], [-119.0832299998358, 35.26352699988945], [-119.08323999988154, 35.25984000009718], [-119.08326099979793, 35.25266800011893], [-119.07557099965601, 35.25258699992386], [-119.07440999991482, 35.25257500005107], [-119.07440400006702, 35.25451000023088], [-119.07439999986907, 35.25575699994817], [-119.07438700034861, 35.2598709997982], [-119.07138700010049, 35.25986099982493], [-119.07039000039084, 35.25985799975935], [-119.07039899971333, 35.258758000263434], [-119.07159600033788, 35.25876399974238], [-119.07169000004917, 35.25827199991713], [-119.0717260000342, 35.25799499994482], [-119.07177000041513, 35.25782300035949], [-119.07182599959332, 35.25769800001379], [-119.07189400026368, 35.257569000253056], [-119.07201399991428, 35.25739100018354], [-119.07215700002942, 35.25720399996551], [-119.07227199965713, 35.2570649998338], [-119.07238600035828, 35.256878000330666], [-119.07248199971944, 35.25670500002568], [-119.07273500033774, 35.25621599963858], [-119.06776000003856, 35.256201999924556], [-119.06774699961977, 35.25255399990265], [-119.065552000359, 35.2525470000965], [-119.06554800016104, 35.25619499969987], [-119.06554399996308, 35.2598419996523], [-119.05668600040728, 35.25981400000752], [-119.05667399981338, 35.263364999851305], [-119.05666100029292, 35.26699400032187], [-119.05465199990667, 35.26698199964839], [-119.0541260003752, 35.26698000026939], [-119.05255100035724, 35.266971000129594], [-119.05213700008045, 35.266969000016864], [-119.04782299993028, 35.266945000127585], [-119.0433890001295, 35.26692600014901], [-119.04338599975645, 35.265943000238025], [-119.04338599975645, 35.2654559999987], [-119.04341699971859, 35.25745600013472], [-119.04342099991655, 35.256146000310785], [-119.04220099972581, 35.25615299980615], [-119.0389949996134, 35.25615299980615], [-119.03899200013863, 35.2574809997071], [-119.03898399974273, 35.25978899968777], [-119.03897100022226, 35.263411000076175], [-119.03280900024262, 35.26347199993546], [-119.0302020003549, 35.26349399992152], [-119.03014100025554, 35.263494999654064], [-119.030117999791, 35.26350700011053], [-119.03011399959301, 35.26521300010389], [-119.03155100041705, 35.26522000028313], [-119.03309899977253, 35.265177999932256], [-119.03309299992475, 35.26597000026353], [-119.03327799987268, 35.26597000026353], [-119.03364699994363, 35.26597199966744], [-119.03364799976855, 35.265835000045975], [-119.0342009999625, 35.265837999890266], [-119.03420000013757, 35.26597500024015], [-119.03477300042303, 35.265978000079215], [-119.03549999979595, 35.265982000353496], [-119.03626899989996, 35.2659859998941], [-119.03634800044101, 35.266222000312375], [-119.03641500038815, 35.266422999675925], [-119.03659799978793, 35.26641900015688], [-119.03673099985733, 35.266417999727004], [-119.0370680001412, 35.26641600033409], [-119.0370670003163, 35.26667900002263], [-119.03707399998899, 35.26689700032764], [-119.03797199996447, 35.266900999823086], [-119.0379689995914, 35.267101000014506], [-119.0379689995914, 35.26723099969083], [-119.03780200008515, 35.267230000004375], [-119.03780200008515, 35.26784700000383], [-119.03853900040212, 35.26785100018585], [-119.03883700032793, 35.267854999634196], [-119.03882599955895, 35.26886699967746], [-119.03880800001564, 35.27052899995846], [-119.03879799996987, 35.272167000069885], [-119.03878499955108, 35.274152000228725], [-119.03727900002842, 35.274145999688976], [-119.03678899958365, 35.274143999753385], [-119.03672699965935, 35.2714299999015], [-119.0345320003986, 35.27141599988216], [-119.0345320003986, 35.27135999978063], [-119.03453099967538, 35.27050899970765], [-119.03298499996971, 35.2705019999854], [-119.030378000082, 35.27049100021112], [-119.03018700028628, 35.27048900018531], [-119.03010500027051, 35.27048900018531], [-119.02812099999862, 35.27047799967584], [-119.02788199962403, 35.270477000029516], [-119.02679000037813, 35.270477000029516], [-119.02678700000509, 35.26813900030193], [-119.02678700000509, 35.268013999732986], [-119.02681999961703, 35.268013999732986], [-119.02696199990727, 35.26801500014316], [-119.02791599995922, 35.26801999999352], [-119.02784200033936, 35.266848999765784], [-119.02847599982586, 35.26685200030595], [-119.02848599987162, 35.26481999965534], [-119.02849400026754, 35.26327899993489], [-119.02681299994434, 35.263256999890395], [-119.025697000409, 35.263240999721006], [-119.0256120000202, 35.26323900024969], [-119.02564899983012, 35.263083000261936], [-119.0256839999902, 35.262868999658465], [-119.0257059997315, 35.26265400021397], [-119.02571300030253, 35.26243799972003], [-119.02571699960215, 35.261422000295326], [-119.02534800042956, 35.261416000279695], [-119.02460199989174, 35.26140400024703], [-119.02349499967892, 35.2613879997117], [-119.02349800005197, 35.26047699968791], [-119.0217980003605, 35.260455000349744], [-119.02168700003244, 35.26045399984623], [-119.02140400017521, 35.260453000076225], [-119.02170999959866, 35.26162400031906], [-119.0217549998045, 35.26179599990603], [-119.02204400040782, 35.26290400009403], [-119.02206299977608, 35.26297799987536], [-119.02186500030767, 35.26297499992517], [-119.021698999728, 35.26297400018627], [-119.02166199991808, 35.26297400018627], [-119.02164500019965, 35.2631909997212], [-119.0212689995577, 35.26318400010024], [-119.02094100039294, 35.26318400010024], [-119.01635799973096, 35.26320000028089], [-119.01502899976028, 35.26318400010024], [-119.01497000020903, 35.26318400010024], [-119.01256599981257, 35.26318799977896], [-119.01206000037261, 35.26319599986932], [-119.01205199997669, 35.26346099994017], [-119.012045000304, 35.26364799965689], [-119.01200500012102, 35.26490600013662], [-119.01197800035685, 35.26572899985329], [-119.01194200037185, 35.26683100018954], [-119.01444100030452, 35.266826000265745], [-119.0150110002169, 35.2668249998409], [-119.0153540003486, 35.2668249998409], [-119.01631900027121, 35.2668240001495], [-119.01667200044861, 35.2668240001495], [-119.01671500010632, 35.26682299972462], [-119.01671699975614, 35.268640000318165], [-119.01877800002092, 35.26863800024664], [-119.01904199961157, 35.26863200003188], [-119.02096700033223, 35.26862900029103], [-119.02097599965474, 35.27040699981858], [-119.02061900017769, 35.27041499992953], [-119.02067299970602, 35.27262999990079], [-119.02068799977464, 35.273212000209355], [-119.02081199962322, 35.273212000209355], [-119.02081199962322, 35.27392900015937], [-119.0209940000964, 35.27392900015937], [-119.0209940000964, 35.27395900000059], [-119.02114899990711, 35.27395900000059], [-119.02114899990711, 35.273999000260446], [-119.02114899990711, 35.27403800016476], [-119.02114899990711, 35.27408200025989], [-119.02125000018944, 35.27408200025989], [-119.02124699981638, 35.27771499999058], [-119.02100400014216, 35.27771000000523], [-119.01996300005156, 35.277680000086676], [-119.01984900024873, 35.277686999922025], [-119.018516999905, 35.27768899977007], [-119.01736799985939, 35.27769000006076], [-119.01535500017351, 35.27769199990878], [-119.01413499998279, 35.277693999756714], [-119.01413499998279, 35.27772100026591], [-119.01303000031808, 35.27772199982285], [-119.01192499975508, 35.27772399967009], [-119.00593699985272, 35.27772999994477], [-119.00508699955785, 35.27773100023495], [-119.00325899981989, 35.277731999791754], [-119.00325999964478, 35.27784899992281], [-119.00325700017005, 35.27818599971928], [-119.00325799999497, 35.27855700030639], [-119.0038439998009, 35.27855600002641], [-119.00434299956818, 35.278554999746426], [-119.00434699976613, 35.278967999933144], [-119.00320000026865, 35.278967999933144], [-119.00306600037435, 35.278967999933144], [-119.00306600037435, 35.27889599990836], [-119.00183199993992, 35.27889400009006], [-119.00179000010712, 35.275712999657536], [-119.0013289999747, 35.27571799976618], [-119.00116099974518, 35.27571999966285], [-119.00105500033828, 35.27572099997785], [-118.99931299991573, 35.275738999779016], [-118.99931299991573, 35.275705999651585], [-118.99740800018489, 35.27570899986375], [-118.98549400030447, 35.27572900029742], [-118.98545099974844, 35.275727999982514], [-118.98545099974844, 35.27576600020661], [-118.98545199957333, 35.27657900022857], [-118.98545199957333, 35.27671799988718], [-118.98545300029657, 35.276755000077934], [-118.98546599981704, 35.276758000251206], [-118.98553199993928, 35.276775999821915], [-118.9854900001065, 35.27683100027798], [-118.98553500031234, 35.27684199992469], [-118.98559999971134, 35.27686299964616], [-118.98566199963564, 35.27693100027817], [-118.98626800043137, 35.27802100026617], [-118.98657200020496, 35.278580000142526], [-118.98664800037294, 35.27876200024178], [-118.98678800011503, 35.27912900003202], [-118.98714100029245, 35.280216999984916], [-118.98724900024749, 35.28047400026268], [-118.98765299958022, 35.28131800025104], [-118.98542499980917, 35.28132199976782], [-118.98525699957969, 35.28132199976782], [-118.98525400010494, 35.28141600008804], [-118.973789999588, 35.281351000291664], [-118.96756499985918, 35.28147700032326], [-118.96730700011632, 35.281483000319916], [-118.96311000014201, 35.28144199984533], [-118.96310299957102, 35.274180000052596], [-118.96317799991407, 35.27363000001068], [-118.96317200006628, 35.27053200036232], [-118.96316600021852, 35.26699099978697], [-118.96316600021852, 35.26690700016604], [-118.96703799960449, 35.26690200024699], [-118.96760400021726, 35.266900999823086], [-118.96759599982134, 35.266819000225325], [-118.9675940001715, 35.26678300032199], [-118.96760500004216, 35.26446999996163], [-118.96761500008792, 35.26355399998659], [-118.96761599991282, 35.26325499968605], [-118.97604300037172, 35.26327999967003], [-118.97647400036693, 35.26325100001063], [-118.9764790003898, 35.259740000270945], [-118.9764790003898, 35.25967100009885], [-118.9764850002376, 35.25560500028165], [-118.97648400041267, 35.25485999966157], [-118.97607199978572, 35.255204000039654], [-118.97334900044534, 35.25741100000478], [-118.97317199999502, 35.2578090001895], [-118.97225300010315, 35.25781200033093], [-118.97174900031301, 35.25781399993609], [-118.96761500008792, 35.257828000105214], [-118.96761699973771, 35.25776500005874], [-118.9676229995855, 35.252382999644446], [-118.96752200020147, 35.252384000247595], [-118.96209300034086, 35.25238799972579], [-118.95436100036616, 35.25239399967625], [-118.95011699963786, 35.25239700001806], [-118.94989300023018, 35.25239700001806], [-118.94988900003221, 35.25374899997371], [-118.94987800016155, 35.25784799981861], [-118.949858999895, 35.26684699965004], [-118.94985300004721, 35.266928999952924], [-118.95897799956671, 35.26691499988921], [-118.96183800007275, 35.26690999997065], [-118.96277799988098, 35.2669090002803], [-118.96303200032422, 35.266907999856414], [-118.96303099960099, 35.26699200020977], [-118.96303200032422, 35.26765099964551], [-118.96303200032422, 35.267751999657385], [-118.96303300014911, 35.26919599994297], [-118.96303300014911, 35.27053300000803], [-118.96303499979894, 35.27363100035149], [-118.96296899967672, 35.274180000052596], [-118.96297100022484, 35.27724800017409], [-118.96297700007264, 35.281441000334254], [-118.96272400035262, 35.28143899984553], [-118.96167300021631, 35.281455000087476], [-118.95847999962433, 35.28147600007934], [-118.94985700024516, 35.281486000318026], [-118.94985499969702, 35.28875899999202], [-118.94985300004721, 35.29603299965318], [-118.94985300004721, 35.29611499973402], [-118.94985300004721, 35.2961460002168], [-118.94985200022228, 35.29894599972346], [-118.94985100039739, 35.30214299996469], [-118.94985100039739, 35.30311599986158], [-118.94985100039739, 35.30372500015155], [-118.94985100039739, 35.30393000014005], [-118.94984899984925, 35.30785000035338], [-118.94984899984925, 35.30804899992667], [-118.94984899984925, 35.30915500016473], [-118.94985800007008, 35.310055999868794], [-118.94986399991787, 35.31041799983745], [-118.94986300009295, 35.310491000301035], [-118.94986300009295, 35.31086900008139], [-118.94985399987213, 35.31785599967622], [-118.94985499969702, 35.3198459998767], [-118.94985600042025, 35.32512599998839], [-118.94837099991565, 35.325131999680764], [-118.94539999997986, 35.32514300009289], [-118.94094299971455, 35.32515899975685], [-118.94094199988963, 35.32606799974384], [-118.94081600039125, 35.32607699991031], [-118.93996000024862, 35.326067000051026], [-118.93827499972744, 35.32607699991031], [-118.93819600008473, 35.326078000335926], [-118.93654300024895, 35.32607900002861], [-118.93651399993665, 35.32884800017999], [-118.93647899977653, 35.332318999917916], [-118.93647799995162, 35.33248499968045], [-118.93202300023447, 35.33246900000073], [-118.93192199995214, 35.332470000347236], [-118.92980499961082, 35.332493000251944], [-118.92869699957309, 35.33250500000848], [-118.92647999967271, 35.332527999903284], [-118.92531899993152, 35.332539999654614], [-118.92517900018943, 35.33254200034582], [-118.92380500001292, 35.33255699966568], [-118.92329100017703, 35.332563999884755], [-118.92326900043571, 35.336146999880214], [-118.92325400036711, 35.33875200034316], [-118.92326299968964, 35.33922900034999], [-118.92326799971248, 35.33962500013838], [-118.92327100008553, 35.33978500021298], [-118.92355700031581, 35.33978399995701], [-118.9237389998907, 35.33978299970103], [-118.92415900001525, 35.33978099992183], [-118.92431200017613, 35.33978099992183], [-118.92427199999315, 35.339643999907324], [-118.92423500018323, 35.33950999970583], [-118.92423600000815, 35.339212999807025], [-118.92423500018323, 35.339084000214115], [-118.92757699983979, 35.339070000172086], [-118.92757400036506, 35.33976599974437], [-118.92760299977905, 35.33976599974437], [-118.92836699986022, 35.33976299970853], [-118.92979799993815, 35.33975699963652], [-118.93192199995214, 35.33974700000411], [-118.93201099964057, 35.33974700000411], [-118.93539300037841, 35.339770000036246], [-118.9364699995557, 35.3397770003633], [-118.93646399970794, 35.3397270000027], [-118.93646399970794, 35.33962599966351], [-118.93646600025608, 35.338817999733074], [-118.93673400004467, 35.338817999733074], [-118.94086400007181, 35.33879800023453], [-118.94091900032342, 35.33879800023453], [-118.94091900032342, 35.33887099999245], [-118.94091699977527, 35.339391999792866], [-118.94091699977527, 35.33966000036496], [-118.94091699977527, 35.33970800025321], [-118.94091699977527, 35.33975699963652], [-118.94091699977527, 35.34126000008362], [-118.94091799960019, 35.34244799967089], [-118.94091799960019, 35.34336599984467], [-118.94091799960019, 35.34545299980151], [-118.94091799960019, 35.347025000315604], [-118.94091799960019, 35.34923100004333], [-118.94091799960019, 35.34984599966299], [-118.94091799960019, 35.3499579996473], [-118.94091799960019, 35.35048700001218], [-118.94103800014912, 35.35047399987165], [-118.94103800014912, 35.35081599966073], [-118.94103899997401, 35.35188399993755], [-118.94103899997401, 35.3521250002506], [-118.9410399997989, 35.35227999997467], [-118.9410399997989, 35.35242200030695], [-118.94104099962382, 35.35262300027302], [-118.94197600030753, 35.35261600032637], [-118.94202099961505, 35.35261600032637], [-118.94398399997057, 35.35261600032637], [-118.94421199957617, 35.35261999998192], [-118.94440200044528, 35.35262300027302], [-118.94632399989457, 35.352744000197276], [-118.94640500008543, 35.352748999942015], [-118.9487910000402, 35.35289800010516], [-118.94887499970582, 35.35290899966867], [-118.94905600035409, 35.35293200034975], [-118.94910999988244, 35.35293499989651], [-118.94943299992265, 35.352955000291544], [-118.94962299989345, 35.35316599983456], [-118.94962100024361, 35.3541350001782], [-118.94962000041872, 35.354181000102784], [-118.94962100024361, 35.35421499980719], [-118.94962100024361, 35.35427500002647], [-118.94962500044159, 35.35462300027255], [-118.9492129998146, 35.35463300026167], [-118.9492260002334, 35.35418400033583], [-118.94706600023443, 35.35419699987926], [-118.94532899983477, 35.35420699992113], [-118.94532399981188, 35.35538699983094], [-118.94531399976611, 35.357571999741175], [-118.94531399976611, 35.357689000172364], [-118.94531299994122, 35.35780300033549], [-118.94386799961958, 35.35781199989809], [-118.94239399988395, 35.357790999940335], [-118.94236000044711, 35.35779900020399], [-118.9422220003548, 35.35783399988292], [-118.94100299998901, 35.35784999966828], [-118.94090400025482, 35.3578559998617], [-118.94088800036127, 35.36148000006691], [-118.94199800004884, 35.3614740001428], [-118.9431079997364, 35.361467000230746], [-118.94412600026077, 35.361461000305674], [-118.94480400012819, 35.36145700035532], [-118.94588399967853, 35.361449999709194], [-118.94643000019977, 35.361446999746114], [-118.94643799969741, 35.35967199982226], [-118.94643900042064, 35.35963700020738], [-118.94662799966818, 35.359635000187055], [-118.94678599985195, 35.359653999645445], [-118.94866700019168, 35.35961900002276], [-118.94913499999682, 35.35961599999159], [-118.94915699973814, 35.35961900002276], [-118.94977900042736, 35.359612999960355], [-118.94978799974989, 35.35780399963571], [-118.94979100012291, 35.35724799997291], [-118.94979600014581, 35.3562419998926], [-118.94979799979562, 35.35577499981197], [-118.95395299993714, 35.35573000012123], [-118.95423300031963, 35.35572699994561], [-118.95422400009879, 35.357133999758844], [-118.95422099972573, 35.35778000030913], [-118.95524300044808, 35.35777500014328], [-118.95556200029031, 35.357773000076826], [-118.95588600015539, 35.35777200004358], [-118.95589899967588, 35.3591810001548], [-118.95865000040196, 35.35920899985951], [-118.95865299987672, 35.35775800030964], [-118.96012900016045, 35.35775000004192], [-118.96148400007043, 35.35774199977341], [-118.96254199987945, 35.357735000270395], [-118.96309000005054, 35.35773200016927], [-118.96350900035017, 35.35773100013552], [-118.96438800005909, 35.35772599996658], [-118.96540099966224, 35.357720999797394], [-118.96567500019694, 35.357718999729606], [-118.96640900014086, 35.35770199988417], [-118.96751600035368, 35.35771000015665], [-118.9675170001786, 35.354624000344785], [-118.96761799956263, 35.354626999828774], [-118.96820799956652, 35.35462300027255], [-118.96820799956652, 35.354567999943946], [-118.96820799956652, 35.35419900003428], [-118.96820799956652, 35.35415600035404], [-118.96819099984808, 35.35407399977588], [-118.9719509999794, 35.35405100015271], [-118.97195000015448, 35.35683099991138], [-118.97195000015448, 35.357690000206645], [-118.97326900007941, 35.3576730003551], [-118.97543499992618, 35.3576589998713], [-118.97637200025969, 35.35763999994354], [-118.97637999975727, 35.36064099975443], [-118.97446300033087, 35.360652999726035], [-118.97453199992785, 35.36072400025426], [-118.97460700027094, 35.360791000004106], [-118.97468799956347, 35.360852999723114], [-118.97477299995226, 35.3609100001554], [-118.97486400018887, 35.36096299984002], [-118.97495799990023, 35.36101000026386], [-118.97505699963439, 35.361051999964744], [-118.97515799991673, 35.36108799969105], [-118.97526300039704, 35.36111700019146], [-118.97536999962885, 35.361140999991434], [-118.97536100030634, 35.361288000075746], [-118.97638200030543, 35.36128100014757], [-118.97859699965767, 35.36126600029944], [-118.9795840002199, 35.36125799964668], [-118.98055300034048, 35.36125199970608], [-118.98094300032781, 35.36124899973562], [-118.98093499993189, 35.361657999811136], [-118.98111400003206, 35.361656999825996], [-118.98105899978046, 35.361794999853174], [-118.98098599998553, 35.36193199966281], [-118.98091300019058, 35.36206999995259], [-118.98061500026476, 35.362632999922106], [-118.9804350003397, 35.362969999655846], [-118.98037900026323, 35.363077999883735], [-118.97951600044784, 35.36307999981877], [-118.97929799998964, 35.36308099978628], [-118.97923699989028, 35.36308199975377], [-118.97859400018297, 35.36308600035613], [-118.97859099980991, 35.36490599967558], [-118.97957400017418, 35.36489900006109], [-118.979399000272, 35.36534300004639], [-118.97920299955508, 35.36587299992342], [-118.97827199996767, 35.36849399981689], [-118.978257999724, 35.368533000319744], [-118.97637399990951, 35.368549000182526], [-118.9763589998409, 35.37035800001545], [-118.97635399981803, 35.37091699983756], [-118.975520000315, 35.37091599996713], [-118.97539800011626, 35.37091699983756], [-118.97516700013757, 35.37091799970798], [-118.97516700013757, 35.3709550000322], [-118.97515200006895, 35.372512999931836], [-118.97515100024405, 35.372625999823384], [-118.97530699987965, 35.37260000007629], [-118.97552899963753, 35.37256299977372], [-118.97557600039148, 35.37255600009071], [-118.97580700037018, 35.37251799991742], [-118.97624099984013, 35.37244599965566], [-118.97634200012246, 35.37242999983289], [-118.97633799992448, 35.37280700016916], [-118.97633700009959, 35.37298499984219], [-118.97625000006094, 35.373420000012345], [-118.97623900019029, 35.3736540001847], [-118.97623900019029, 35.37400599973571], [-118.97623400016742, 35.37450199992636], [-118.97623599981726, 35.37503599973642], [-118.97625199971077, 35.375194000344216], [-118.97625699973364, 35.37524799998966], [-118.9760490002195, 35.37510600024786], [-118.97519300007684, 35.374899000192094], [-118.97514000037339, 35.37488799996196], [-118.97511600008394, 35.37496000024249], [-118.97630600013746, 35.37574899965662], [-118.97634600032043, 35.376208000024725], [-118.97596899985356, 35.377262999678635], [-118.97559300010992, 35.37831899996656], [-118.97544099977397, 35.3787430002442], [-118.97541200035997, 35.37882400016469], [-118.97630600013746, 35.37903399971547], [-118.97630199993951, 35.37963199976688], [-118.97628699987087, 35.38045200002457], [-118.976281999848, 35.38077100020613], [-118.9762810000231, 35.38085999973099], [-118.97627699982513, 35.38110300019674], [-118.9762669997794, 35.381914000347905], [-118.97620599968002, 35.383045000106144], [-118.976718999691, 35.38299200027275], [-118.97728000028089, 35.38300000023599], [-118.97829999955678, 35.38301100009265], [-118.97895400003307, 35.38301300026613], [-118.97999699977346, 35.38301199981322], [-118.98060799969376, 35.38307699993339], [-118.98092400006124, 35.38321799984499], [-118.98135300040666, 35.38333400000826], [-118.98141899963056, 35.3831490002307], [-118.98145299996575, 35.38305500023658], [-118.98146800003438, 35.38301199981322], [-118.98230800028352, 35.38301300026613], [-118.98265700026296, 35.38301399998669], [-118.98398500040872, 35.38301499970722], [-118.98511900038572, 35.38301600016016], [-118.98528400024219, 35.38407499971022], [-118.98490699977532, 35.385129999764125], [-118.9847379997209, 35.38560399995148], [-118.98469099986525, 35.385735999730365], [-118.98447199958213, 35.3863440003615], [-118.98441100038107, 35.386479000159326], [-118.98433900041107, 35.386610000295086], [-118.98425599967206, 35.38673700005589], [-118.98413699984637, 35.38688799981692], [-118.9839979999292, 35.38703499988017], [-118.98386200038509, 35.38716500017624], [-118.98345899997895, 35.38755000002114], [-118.98340000042774, 35.38760099972958], [-118.98343999971239, 35.38761100002766], [-118.9836310004064, 35.38765600025501], [-118.98384399994342, 35.387706999896416], [-118.98397500036299, 35.38773799967709], [-118.98498999961598, 35.38798200032235], [-118.98490400030057, 35.38822299979691], [-118.98482999978242, 35.38843000008955], [-118.98488699968384, 35.3884440003626], [-118.98514799979972, 35.38850600007781], [-118.98516700006631, 35.38862600002913], [-118.98515399964752, 35.38866500032269], [-118.98515000034786, 35.38906199974086], [-118.98514899962466, 35.38925299992875], [-118.98515000034786, 35.389332000265306], [-118.98515000034786, 35.38936500016977], [-118.98515000034786, 35.38953899990881], [-118.98511400036286, 35.38964400008735], [-118.98509699974612, 35.38969000028296], [-118.9850959999212, 35.389819000325346], [-118.9850959999212, 35.38998200018038], [-118.98511500018778, 35.3900180001848], [-118.98515100017278, 35.39008600014935], [-118.98515100017278, 35.3901309997282], [-118.98640800017345, 35.39013200009287], [-118.98647599994548, 35.39013299972513], [-118.9875959996788, 35.39015600005296], [-118.9881510004209, 35.39013800008354], [-118.98829299981283, 35.390134000089795], [-118.98983299967067, 35.39012899973115], [-118.98997199958787, 35.39012899973115], [-118.98993099957997, 35.39024100022039], [-118.98991300003662, 35.39029399968495], [-118.98988999957207, 35.390360000157834], [-118.99026399966588, 35.390356999804645], [-118.99048200012409, 35.390356000175096], [-118.99048299994901, 35.390466000360426], [-118.99048399977393, 35.390743999773996], [-118.99065200000342, 35.39074300014925], [-118.99078599989772, 35.39074199979215], [-118.99132800022102, 35.39073999981031], [-118.99167100035268, 35.39073900018551], [-118.99180299969885, 35.39073799982835], [-118.99226100035656, 35.39073700020353], [-118.99225899980843, 35.39030300001893], [-118.99225899980843, 35.390229999885], [-118.99225899980843, 35.39016899966221], [-118.99225899980843, 35.39013000009585], [-118.99239400042596, 35.39012899973115], [-118.9928399995915, 35.39012800009883], [-118.99316600000473, 35.39012699973411], [-118.99336500019635, 35.39012699973411], [-118.99395000017736, 35.390124999736955], [-118.99401700012453, 35.390124999736955], [-118.99486999989412, 35.39012200010737], [-118.99650900038453, 35.390116999747974], [-118.99652000025519, 35.39022599989582], [-118.99652000025519, 35.39025500017909], [-118.99652000025519, 35.39026799977238], [-118.99652500027803, 35.390743999773996], [-118.99651799970705, 35.39082599971831], [-118.99629299957614, 35.390963999668564], [-118.99564099964799, 35.391388999746], [-118.99573199988458, 35.391462999911376], [-118.9959460001448, 35.39166400006732], [-118.99515799977422, 35.392178999944164], [-118.99500899981132, 35.392249000228084], [-118.99489599983339, 35.392292000121344], [-118.99469599981687, 35.39234699964477], [-118.994614999626, 35.392360999970165], [-118.9945169997167, 35.392368000131995], [-118.9943109998524, 35.39237000007347], [-118.99418199998097, 35.392355000144875], [-118.99409199956928, 35.39231899971898], [-118.99404800008666, 35.39250800031098], [-118.99404100041396, 35.39255600027457], [-118.99402100032248, 35.39269800006061], [-118.99401200010163, 35.39281399977248], [-118.99415600004167, 35.39281599970289], [-118.9946139998011, 35.392815000103816], [-118.99516399962198, 35.392696999727775], [-118.996261999614, 35.391978000339456], [-118.99660300009585, 35.39231800011375], [-118.9966280002102, 35.39234299976059], [-118.99663700043104, 35.39233699993397], [-118.99680599958712, 35.39250699997583], [-118.99688299958002, 35.39245100022561], [-118.99720499979529, 35.3922609998941], [-118.99730299970459, 35.39235900002847], [-118.99737700022276, 35.39243499997599], [-118.99774499957046, 35.39280600005023], [-118.9977820002787, 35.39282499975542], [-118.99793999956411, 35.392970000056174], [-118.99812399968715, 35.3931220001926], [-118.99824300041115, 35.39321400025157], [-118.99846199979596, 35.39338300031731], [-118.99855200020762, 35.39342600033818], [-118.99853299994108, 35.39346999992708], [-118.99848400043557, 35.39362699999542], [-118.99845000010038, 35.39382099984888], [-118.99843699968159, 35.39394799997206], [-118.99843099983383, 35.39403299980436], [-118.99897200033222, 35.394080000009176], [-118.99894899986768, 35.39428100023319], [-118.99893299997413, 35.394497000221456], [-118.99884599993551, 35.394973999732585], [-118.99874200017842, 35.39531400005669], [-118.99848400043557, 35.39538300024895], [-118.99843400020686, 35.39539599974795], [-118.99843400020686, 35.39548300011509], [-118.99843599985667, 35.39747300014713], [-118.99844699972734, 35.397968000050625], [-118.99847600003964, 35.39931700026705], [-118.99849100010826, 35.39998399997854], [-118.99851600022262, 35.40112799974733], [-118.99854800000968, 35.40263699981144], [-118.99857099957589, 35.40370499977183], [-118.99858900001757, 35.404544999910776], [-118.99457899964099, 35.40672200022238], [-118.99399799985795, 35.407036999852515], [-118.99288899999529, 35.407637999934174], [-118.9925879996964, 35.407785999658955], [-118.992382999657, 35.40787799982577], [-118.99206700018782, 35.40800400036139], [-118.99173699957663, 35.40811899987638], [-118.99170200031483, 35.408129999967855], [-118.99077900022503, 35.40842699967287], [-118.99002299964148, 35.4086699998156], [-118.9898279996478, 35.408727000149746], [-118.98983299967067, 35.40856500025059], [-118.98982400034818, 35.40850600026063], [-118.9898200001502, 35.408314000143335], [-118.98981900032528, 35.40827100000865], [-118.9898059999065, 35.407622999917244], [-118.98978900018804, 35.406842000156885], [-118.9897580002259, 35.40537499979234], [-118.98975200037815, 35.40507900000345], [-118.98974700035525, 35.40485499981668], [-118.98974599963204, 35.40478400004269], [-118.98942199976693, 35.40478500022553], [-118.98774600036496, 35.40478699985908], [-118.98531799967903, 35.40478900022473], [-118.98526699962542, 35.402390999880694], [-118.985249999907, 35.401576999931514], [-118.98524900008208, 35.40155900031471], [-118.98523200036365, 35.400742000052595], [-118.98521999976975, 35.400155000248745], [-118.98520200022642, 35.399331000114586], [-118.98516399969326, 35.39751199982373], [-118.98413000017368, 35.39751399963768], [-118.9836809997368, 35.397514999910776], [-118.98367599971394, 35.39728600002733], [-118.9836730002392, 35.3964860001361], [-118.98367099969107, 35.39610000018549], [-118.98121199994134, 35.39608399992764], [-118.98124499955328, 35.39677599975976], [-118.98124399972836, 35.397042999983455], [-118.98098099996265, 35.39704100015781], [-118.98076599987749, 35.3970399998789], [-118.97854300012932, 35.3970339996694], [-118.97633100025179, 35.397012999665066], [-118.97633200007671, 35.39677200009525], [-118.97633200007671, 35.39660900005083], [-118.97633399972656, 35.3957019999673], [-118.9763389997494, 35.393887999950316], [-118.9763300004269, 35.39233699993397], [-118.9763300004269, 35.392299000289114], [-118.97632799987876, 35.39198699975317], [-118.97632700005384, 35.391873999880964], [-118.97632500040403, 35.391594000007956], [-118.9763229998559, 35.39123399968431], [-118.975985999572, 35.39121399998533], [-118.97559399993482, 35.391190999959285], [-118.97521599964305, 35.39116799992667], [-118.97513199997748, 35.39162800006529], [-118.97509199979451, 35.391907999820305], [-118.97559599958467, 35.39219000001372], [-118.97355600013456, 35.39274700024331], [-118.97046499964986, 35.39358999981563], [-118.96968200020046, 35.39380299996518], [-118.96968300002537, 35.39374400015542], [-118.96968700022333, 35.39348900020815], [-118.96968300002537, 35.39272700018727], [-118.96967999965234, 35.39251499972773], [-118.96967600035268, 35.39207400013663], [-118.96747000032296, 35.39209499996262], [-118.96728600019992, 35.39209699991092], [-118.96633200014799, 35.39210600004364], [-118.96533299989018, 35.392115999783144], [-118.96525599989728, 35.392115999783144], [-118.96524599985156, 35.39175899989384], [-118.9652500000495, 35.39122300021664], [-118.96634600039167, 35.39119699987122], [-118.96657900002019, 35.391194000281445], [-118.96705600004617, 35.39118899998857], [-118.96727899962893, 35.391187000017766], [-118.96746600012499, 35.39118500004695], [-118.96746600012499, 35.39116099966073], [-118.96746100010209, 35.390277000109194], [-118.96854200037568, 35.3902690001353], [-118.96961600007823, 35.39026799977238], [-118.96966799995676, 35.39026799977238], [-118.96999099999697, 35.389422999880345], [-118.97000400041576, 35.388974999769935], [-118.97002100013418, 35.38886000004313], [-118.97005299992124, 35.3887609996694], [-118.97033099975557, 35.38788699970864], [-118.97035099984704, 35.387773999950795], [-118.97035400022013, 35.387534999928405], [-118.97035699969483, 35.386628000319476], [-118.97082799987302, 35.38662899999524], [-118.97098799970662, 35.38662899999524], [-118.97253799961022, 35.386633999838494], [-118.97274900039574, 35.38604800027975], [-118.97163799998495, 35.38550799977694], [-118.97187800018447, 35.38484200013489], [-118.97187700035956, 35.384211000081564], [-118.97187599963634, 35.383550000019376], [-118.97187499981142, 35.3831509996684], [-118.97363899997525, 35.383577000346286], [-118.97371099994528, 35.38359500031508], [-118.97408800041215, 35.38253799977601], [-118.97254299963308, 35.38216799980791], [-118.97104600033126, 35.3818090003606], [-118.96988399986682, 35.381529999709414], [-118.96945200004669, 35.38142700016757], [-118.96889899985275, 35.38129400018781], [-118.96743599998776, 35.38094299994828], [-118.96742099991914, 35.38300500030419], [-118.96742900031506, 35.38444199987993], [-118.96743400033793, 35.38527700010163], [-118.96744100001062, 35.3866209996595], [-118.96531500034683, 35.38667300036291], [-118.96522300028533, 35.386676000120765], [-118.96522400011025, 35.38705999969985], [-118.96509900043677, 35.38786299980573], [-118.9648340001229, 35.388466000054386], [-118.96424599976883, 35.38847600024517], [-118.9641789998217, 35.38847800028321], [-118.963911999858, 35.38848300001185], [-118.9635589996806, 35.38848500004967], [-118.96302099955524, 35.38848700008749], [-118.96302700030132, 35.38704199977186], [-118.96304999986756, 35.386746000054416], [-118.96255799977295, 35.3866850001261], [-118.95932400007142, 35.3867129998108], [-118.95925399975125, 35.386716000299536], [-118.95925399975125, 35.38675299997123], [-118.95881500025838, 35.387110000048395], [-118.95841000020246, 35.38738899971033], [-118.95842299972294, 35.38741000002382], [-118.95844199998949, 35.38745100023654], [-118.95847499960146, 35.38752199989462], [-118.95849999971584, 35.38759599994627], [-118.95853099967798, 35.38773200024019], [-118.95853599970084, 35.387797000218924], [-118.95854099972371, 35.38787100001828], [-118.9585320004012, 35.38799500028199], [-118.95858199973158, 35.38848000032114], [-118.9585829995565, 35.388523000026844], [-118.9585900001275, 35.38938199993775], [-118.95859400032548, 35.38997299981058], [-118.95860000017326, 35.39027799973972], [-118.95843899961646, 35.39027900010259], [-118.95638400009776, 35.39029799967077], [-118.95619499995188, 35.39030599964185], [-118.9560560000347, 35.39032499993601], [-118.95592100031551, 35.390356000175096], [-118.95582400023112, 35.390386999669985], [-118.95508400043943, 35.390392999641676], [-118.95484900026278, 35.39039500036453], [-118.95434100027467, 35.39040100033562], [-118.9541660003725, 35.3904019999646], [-118.95416700019739, 35.39043500016361], [-118.95416700019739, 35.3904729999544], [-118.95416899984721, 35.390616999731414], [-118.95417100039533, 35.39085499978584], [-118.95361599965327, 35.39086099972271], [-118.95357999966824, 35.390862000078336], [-118.95323800025977, 35.39086400005716], [-118.9520470003814, 35.390875000306124], [-118.95112900031444, 35.39089799968996], [-118.95093099994773, 35.39090300000094], [-118.95092799957466, 35.39119000034007], [-118.95093500014568, 35.39132599970017], [-118.95064300006763, 35.391329000017315], [-118.95007700035319, 35.391334000301555], [-118.95000299983504, 35.39133499991898], [-118.94985200022228, 35.39133600026867], [-118.94974500009218, 35.3913380002358], [-118.94957600003777, 35.3913380002358], [-118.94956099996918, 35.39137199966877], [-118.94956299961898, 35.391542000280154], [-118.94956500016711, 35.391722000321614], [-118.94956500016711, 35.391764000151376], [-118.9494730001056, 35.391764000151376], [-118.94945399983905, 35.391764000151376], [-118.94890900004101, 35.39176800006428], [-118.94881799980442, 35.391888000288525], [-118.94857199975709, 35.392208999864096], [-118.94821299973191, 35.392681000259266], [-118.94821399955683, 35.392756999903334], [-118.94821399955683, 35.392793999733044], [-118.94813800028716, 35.39283500013804], [-118.94766399973591, 35.39287999964766], [-118.94581300043173, 35.39284400018845], [-118.94546100007923, 35.39284400018845], [-118.94532600036001, 35.39284499978715], [-118.94533100038291, 35.39311800034686], [-118.9453599997969, 35.39613500009786], [-118.94536599964466, 35.39628599983842], [-118.94488000029618, 35.396302000056245], [-118.94384800042643, 35.396336999880916], [-118.94095500030842, 35.3963009997681], [-118.93726100029937, 35.39625599997066], [-118.9365800000589, 35.39629500023595], [-118.9361459996906, 35.396316999982965], [-118.93577199959678, 35.396330000063614], [-118.93571399987047, 35.39633199990688], [-118.93550100033345, 35.39633600032549], [-118.93517499992022, 35.39634199985459], [-118.93269899955375, 35.39637100013537], [-118.93262699958375, 35.39637199969035], [-118.93205699967133, 35.39637799994911], [-118.93205500002152, 35.39616300016327], [-118.93205300037167, 35.39593099995563], [-118.93204400015085, 35.3948809999112], [-118.93204300032593, 35.394767999700356], [-118.93203499993001, 35.39389600029754], [-118.93200999981565, 35.39103800022391], [-118.93200599961772, 35.39061299976142], [-118.93200099959482, 35.389922000137254], [-118.9319849997013, 35.38813700004274], [-118.93197999967843, 35.38760899996813], [-118.93197499965557, 35.38700100008367], [-118.93197499965557, 35.38696799994433], [-118.93244699965868, 35.38696399979337], [-118.93298700033216, 35.38695899997057], [-118.93333899978634, 35.38695400014746], [-118.93348699992436, 35.38696100004623], [-118.93358599965855, 35.3869499999958], [-118.93408799979888, 35.38694500017213], [-118.9340889996238, 35.38686700009984], [-118.93408399960093, 35.38652299987645], [-118.93408399960093, 35.38649000027397], [-118.9344710001135, 35.38648600009932], [-118.9361790002009, 35.386470999808715], [-118.93683899962666, 35.386465000277575], [-118.93690999977176, 35.38647299989647], [-118.93709800009275, 35.386497000212955], [-118.93712800022996, 35.38634299994984], [-118.93716000001702, 35.38609799979084], [-118.9371730004358, 35.386016999849595], [-118.93709399989477, 35.38600700008627], [-118.93711399998628, 35.385791000062696], [-118.93715099979617, 35.38554299989195], [-118.93758199979139, 35.38559900004439], [-118.93818100001614, 35.384710000357884], [-118.93887700032522, 35.38374199978782], [-118.93893000002868, 35.38366700015007], [-118.93896299964062, 35.38359899990071], [-118.93899899962562, 35.38352600029084], [-118.93899500032599, 35.38325100005363], [-118.93899399960276, 35.383128000272706], [-118.93867300011071, 35.38312999971088], [-118.93832400013126, 35.38313400005197], [-118.93826200020696, 35.383134999771016], [-118.93813800035844, 35.38313600022247], [-118.93813699963519, 35.383032999801415], [-118.93812999996248, 35.38246299975135], [-118.93817099997038, 35.38206600008047], [-118.93824299994041, 35.38184600008571], [-118.93913000004518, 35.380841999884346], [-118.93911400015169, 35.380806999927024], [-118.93910699958066, 35.38046499973287], [-118.93923399980227, 35.38046399998074], [-118.93922499958143, 35.380253999757315], [-118.93921999955856, 35.37962499996464], [-118.93782799983872, 35.37963600028141], [-118.93483099996364, 35.37966400021548], [-118.93210600007512, 35.37970400020904], [-118.93210400042531, 35.38026299974671], [-118.93210299970207, 35.38030900016514], [-118.93210100005226, 35.38035400007141], [-118.93209900040245, 35.380399999705475], [-118.93209500020447, 35.38044500029343], [-118.93209100000652, 35.38049000012386], [-118.9320829996106, 35.3805499998587], [-118.93207900031094, 35.38057999970935], [-118.93207199973993, 35.38062500019689], [-118.93206300041743, 35.38066999992692], [-118.93205400019659, 35.38071399988281], [-118.93204400015085, 35.38075600031769], [-118.93201800021157, 35.3808569997568], [-118.93200599961772, 35.38089600014454], [-118.93199300009722, 35.38093600025973], [-118.93197499965557, 35.380989999724584], [-118.93195700011222, 35.38103700020594], [-118.93194600024155, 35.38106600013088], [-118.93194500041663, 35.38146400006787], [-118.93194399969343, 35.38300099995671], [-118.93194399969343, 35.38320100024272], [-118.93194700006649, 35.38331800014723], [-118.93150699985043, 35.38332199974657], [-118.93020899984188, 35.38333499972483], [-118.92912300044378, 35.38334600026821], [-118.92808700037607, 35.383356000361346], [-118.92745999966394, 35.383362000123704], [-118.92715300041557, 35.383365000004744], [-118.92612499984547, 35.38337599981158], [-118.9250710002344, 35.38338599990104], [-118.92477099976045, 35.38338899978119], [-118.92476300026286, 35.381804999953815], [-118.9247759997833, 35.38092500012016], [-118.9247759997833, 35.380576999724795], [-118.92454099960668, 35.38057899995869], [-118.92454499980462, 35.38016500029641], [-118.92454499980462, 35.37937000005719], [-118.92455499985039, 35.37928699968658], [-118.92469200011772, 35.37928599991984], [-118.92470299998837, 35.37626400006492], [-118.92470399981327, 35.3761529997513], [-118.92423199981017, 35.37615800024382], [-118.92309600018336, 35.376167999763005], [-118.91865800018462, 35.37620899982959], [-118.91865200033682, 35.37981599979248], [-118.91592900009816, 35.37984299990426], [-118.91421400033808, 35.37986000021411], [-118.91421299961488, 35.38035600031078], [-118.91402799966694, 35.38035600031078], [-118.91352499970169, 35.3803609998104], [-118.91351999967884, 35.3802820002093], [-118.91327799982952, 35.38028800020028], [-118.9131020001024, 35.380288999954594], [-118.91199700043771, 35.38029400019081], [-118.9119460003841, 35.38031299991367], [-118.91194499966086, 35.38096800019108], [-118.91194499966086, 35.381688999789226], [-118.91168299972003, 35.381679999958905], [-118.91095700017203, 35.381688999789226], [-118.91078499974459, 35.38169099999555], [-118.91009199980854, 35.381699999824626], [-118.9096800000799, 35.38169800035096], [-118.9096800000799, 35.381735999863366], [-118.9096800000799, 35.38302299966819], [-118.9096800000799, 35.38312499965045], [-118.9096800000799, 35.38325300022123], [-118.9096800000799, 35.38351600021873], [-118.90874899959415, 35.38351999980827], [-118.90745700033172, 35.38352499984423], [-118.90746200035458, 35.38329599978377], [-118.90746099963135, 35.37915900014773], [-118.90709499993346, 35.37915600011034], [-118.90710900017717, 35.37802999967855], [-118.90687599965037, 35.3781750002084], [-118.90543399970178, 35.3791439999596], [-118.90538199982323, 35.37917899990594], [-118.90521199994393, 35.3792810003536], [-118.9051809999818, 35.37929800004942], [-118.90523799988318, 35.38333900005575], [-118.9052310002105, 35.383534000201124], [-118.9031900000372, 35.38354400027101], [-118.89793100005589, 35.38356500012071], [-118.89768599983353, 35.38357800005985], [-118.89763999980276, 35.38358199964632], [-118.89704099957804, 35.38357800005985], [-118.89676600011676, 35.38356899970786], [-118.89637899960415, 35.38359699974169], [-118.89636299971065, 35.382305000193824], [-118.89636799973351, 35.36901399984422], [-118.8963459999922, 35.369016000364745], [-118.89520799981722, 35.36901900004657], [-118.89415400020617, 35.36901800015262], [-118.89415400020617, 35.36884200031306], [-118.89417199974952, 35.36538299981294], [-118.89195700039727, 35.36539199999579], [-118.89194800017643, 35.3672300000271], [-118.89194099960542, 35.368728000353656], [-118.89193899995558, 35.369016000364745], [-118.88267399979567, 35.36895000001036], [-118.8789299995579, 35.369017000258715], [-118.87865500009661, 35.369017000258715], [-118.87866099994439, 35.36910800008049], [-118.87866500014236, 35.372026000144615], [-118.87867000016523, 35.37509800023431], [-118.87867000016523, 35.3752129998031], [-118.87868500023383, 35.38046199974405], [-118.87869299973147, 35.38358699967843], [-118.87776299996895, 35.38359000028346], [-118.87771600011327, 35.38359000028346], [-118.87176800039389, 35.38360699980375], [-118.87157400022512, 35.38360699980375], [-118.86993499973475, 35.38361199983433], [-118.86986000029, 35.38361199983433], [-118.86776600041324, 35.38361699986458], [-118.86142199996041, 35.38363499982445], [-118.86090700029962, 35.38363900014048], [-118.86090300010167, 35.38369299999335], [-118.86093200041398, 35.38372500029597], [-118.86095599980511, 35.38385700021993], [-118.86096199965291, 35.38399800023304], [-118.8609750000717, 35.384290999934436], [-118.86096400020104, 35.384859999821415], [-118.86092999986586, 35.38541599971606], [-118.86092099964502, 35.38594400023073], [-118.86094900013241, 35.386479000159326], [-118.86096099982798, 35.387010999723714], [-118.86096300037612, 35.387242999960364], [-118.86097800044473, 35.38902199999318], [-118.86099799963792, 35.391238999974405], [-118.86098299956927, 35.394839999814096], [-118.86095599980511, 35.39706200015492], [-118.86095099978225, 35.397479999865155], [-118.86094499993446, 35.39802000002827], [-118.86094400010957, 35.39814700012853], [-118.86104100019392, 35.39814700012853], [-118.8623209997608, 35.39814700012853], [-118.86773600027601, 35.39812699994726], [-118.86978599977184, 35.398120000285395], [-118.86988500040435, 35.39811299989066], [-118.869888999704, 35.39898199979037], [-118.86992600041225, 35.399930000049096], [-118.86988399968111, 35.40045300028533], [-118.86988000038149, 35.40070599970987], [-118.86990499959751, 35.40094400000951], [-118.86991200016854, 35.40113099969978], [-118.8698689996125, 35.40172700024304], [-118.86982199975685, 35.40191499980002], [-118.86978499994692, 35.40214099980109], [-118.86976700040358, 35.40257399976673], [-118.8697709997032, 35.402776999734485], [-118.86978499994692, 35.40347199983263], [-118.86979400016774, 35.40388499975398], [-118.86980800041145, 35.40399700017455], [-118.86980900023637, 35.40432800029239], [-118.86980900023637, 35.40438900005518], [-118.86981099988618, 35.40485300018481], [-118.86981199971108, 35.40537499979234], [-118.86974200028921, 35.40537499979234], [-118.8696850003878, 35.40537499979234], [-118.8688819999486, 35.40537899976226], [-118.86860999996205, 35.40537999993773], [-118.86796100040692, 35.40538100011322], [-118.86781400009383, 35.40538299973194], [-118.86760400003155, 35.40540399975276], [-118.86760400003155, 35.40554500016918], [-118.86760400003155, 35.405585999947924], [-118.86760599968137, 35.40629100016816], [-118.8676080002295, 35.406764000292995], [-118.8676080002295, 35.40698700014449], [-118.8676090000544, 35.40711799991405], [-118.86761400007728, 35.40901199975151], [-118.86538700013115, 35.40901400001232], [-118.86370099978511, 35.40902399985136], [-118.86100000018604, 35.40903200016096], [-118.86101600007957, 35.40722699977797], [-118.86101600007957, 35.40718299964242], [-118.86147800003693, 35.40704500035935], [-118.86213099979003, 35.406837000102186], [-118.86318500029938, 35.406508999788784], [-118.86434000019275, 35.40612899976588], [-118.86539200015402, 35.405801000232366], [-118.86539299997894, 35.40576499995228], [-118.86538600030623, 35.40345399990671], [-118.86538600030623, 35.40335700027753], [-118.86538100028336, 35.4017649998383], [-118.86537899973523, 35.40173000017319], [-118.86426499984971, 35.401726000022194], [-118.86346499978356, 35.401721999871064], [-118.8633490003309, 35.401710999637345], [-118.86328800023155, 35.40166899986281], [-118.86110200029329, 35.401760999689095], [-118.86095699963002, 35.401783000141336], [-118.86095699963002, 35.40183799978131], [-118.86096099982798, 35.40310899993992], [-118.86096699967578, 35.40453100023645], [-118.86097099987373, 35.40541299986458], [-118.85940300042677, 35.405410000071484], [-118.85933200028165, 35.405410000071484], [-118.85843099993315, 35.40542599994299], [-118.85807399955777, 35.40543299970274], [-118.85795200025734, 35.40542099980046], [-118.85795100043245, 35.40538399990741], [-118.85794700023447, 35.40500799969455], [-118.8577449996698, 35.405010000054716], [-118.85767799972264, 35.405065999869066], [-118.85739300021562, 35.40506800022781], [-118.8573229998954, 35.40507100003363], [-118.85726000014621, 35.40507500001864], [-118.85720700044277, 35.40508000018263], [-118.857153999841, 35.40508599979333], [-118.85710199996247, 35.405093999761604], [-118.85705699975662, 35.4051010002824], [-118.85635799997281, 35.405231000011], [-118.85629699987344, 35.405240000142136], [-118.8562590002386, 35.40524500029596], [-118.85618399989553, 35.40525200007143], [-118.856132000017, 35.4052549998704], [-118.8560759999405, 35.405257000224445], [-118.85082000033225, 35.40529900032621], [-118.85076199970764, 35.40529800014975], [-118.85070499980618, 35.40529599979672], [-118.85065399975258, 35.40529199982268], [-118.85060400042218, 35.40528699967177], [-118.85055300036855, 35.405281000076094], [-118.85049399991901, 35.405270999772675], [-118.85043799984251, 35.40526100020021], [-118.85038500013906, 35.40524900027234], [-118.85003500033469, 35.40516299963844], [-118.85003199996164, 35.404646000313384], [-118.84918300039, 35.40465300014087], [-118.84918099984186, 35.40443700026821], [-118.84913900000907, 35.39824499970011], [-118.84458700020751, 35.39831799990134], [-118.8434170002455, 35.39833000012874], [-118.84325800023683, 35.39833999982866], [-118.84327099975731, 35.398031000033335], [-118.84327300030546, 35.3977949997286], [-118.84327400013038, 35.39776100007457], [-118.84328099980307, 35.39743499999342], [-118.84328500000102, 35.396945999963314], [-118.84330199971946, 35.39519000006148], [-118.84333900042768, 35.39142699981962], [-118.84334399955226, 35.3909559997628], [-118.84333799970445, 35.390912999889544], [-118.84339100030623, 35.38813400033916], [-118.84339799997892, 35.387773000289236], [-118.8434120002226, 35.38702799998783], [-118.84343399996392, 35.38555699993372], [-118.84345999990319, 35.383807999762915], [-118.83140200008273, 35.38383599971384], [-118.82731100041364, 35.383845999746235], [-118.82561400019691, 35.38385000005181], [-118.82561400019691, 35.38443900003894], [-118.82562199969455, 35.38889599981606], [-118.82562800044062, 35.39263999977594], [-118.82563799958804, 35.39827599982376], [-118.82561500002183, 35.39838100034288], [-118.82469399958184, 35.398386999719825], [-118.81870999987746, 35.39849200009439], [-118.8130600000839, 35.39859199976612], [-118.81155299983799, 35.398619000183466], [-118.81068699964959, 35.39863399967915], [-118.80981799998645, 35.398650000163265], [-118.80827200028081, 35.39867800008754], [-118.80802100021063, 35.3986829999161], [-118.80789499981391, 35.39869399983071], [-118.80790999988254, 35.402755999761524], [-118.8079149999054, 35.40402999993543], [-118.80792300030136, 35.40594400029133], [-118.8079419996696, 35.40859499993104], [-118.80795500008838, 35.41022299996554], [-118.80796199976109, 35.41114100036439], [-118.80796799960886, 35.41192100010422], [-118.807970000157, 35.41266500022129], [-118.807970000157, 35.4128529998919], [-118.80798500022563, 35.417816000059496], [-118.8079900002485, 35.420183999991934], [-118.8079900002485, 35.420427999809895], [-118.80799299972323, 35.421916000057465], [-118.80800399959386, 35.42752100003267], [-118.80800100011912, 35.427713999666025], [-118.80707399983137, 35.42770800027605], [-118.80502900035843, 35.42769400023374], [-118.80483099999171, 35.42769300033518], [-118.80243099979322, 35.42768800011027], [-118.79912500012166, 35.42764899966288], [-118.79501299963786, 35.42763100001312], [-118.79030900039865, 35.42758799993884], [-118.78896199998631, 35.427575999675646], [-118.78490099955613, 35.42754000033944], [-118.78467499960031, 35.42753799980653], [-118.78265799971646, 35.427520000131956], [-118.78205799966683, 35.4275149998963], [-118.78148500027972, 35.427509999660344], [-118.77858799996375, 35.42748400003873], [-118.77839600034312, 35.42748300013755], [-118.7761969999861, 35.4274629999159], [-118.77509999981899, 35.42745300016922], [-118.77266000033583, 35.42743200003832], [-118.77268299990207, 35.42805400023526], [-118.77269200012292, 35.428564000227844], [-118.77270399981848, 35.429179999721875], [-118.7727120002144, 35.42950299987054], [-118.77273099958263, 35.43026699965744], [-118.77274900002432, 35.43097299973127], [-118.77277300031376, 35.43192800029717], [-118.77278500000932, 35.43240599991282], [-118.77284100008582, 35.43464000023324], [-118.77418199975206, 35.43465200017572], [-118.77894799981385, 35.43469800030463], [-118.7811329999272, 35.43471900000468], [-118.78626899988485, 35.43476800025944], [-118.78863700029629, 35.43479100029403], [-118.7905019998442, 35.43480899980738], [-118.7905169999128, 35.43607199977238], [-118.79052799978346, 35.43698999986394], [-118.79053700000428, 35.43771799970247], [-118.79058200021012, 35.44139700008159], [-118.79059100043096, 35.44206999963762], [-118.79097800004526, 35.442073999981424], [-118.79123800033625, 35.44207699987314], [-118.79158599959248, 35.4420799997648], [-118.79180300022576, 35.44208299965634], [-118.79227600005377, 35.44208699999944], [-118.79268799978243, 35.442091000342344], [-118.79273100033846, 35.442091000342344], [-118.79277599964598, 35.44209200006212], [-118.7928419997682, 35.44209299978185], [-118.7929399996775, 35.442094000233475], [-118.79304799963253, 35.44209499995317], [-118.79316999983128, 35.442095999672915], [-118.79326500026585, 35.44209700012445], [-118.79334200025872, 35.44209200006212], [-118.79341300040385, 35.44209900029568], [-118.79347100013014, 35.44209900029568], [-118.7935020000923, 35.44210000001535], [-118.79363000013882, 35.44196900004027], [-118.7940090002555, 35.44171099981233], [-118.79439900024285, 35.44134000017392], [-118.79486500039816, 35.44106399981906], [-118.79556900020488, 35.440520999779466], [-118.79604500040594, 35.4402800000453], [-118.79751199957055, 35.43999199983895], [-118.79776000016598, 35.440052999681484], [-118.79836400041359, 35.43993399992177], [-118.79874099998212, 35.43997100005043], [-118.79983099957819, 35.439792999671276], [-118.8001550003416, 35.4398030000813], [-118.80080200024689, 35.43967599975867], [-118.80099600041564, 35.439710999775386], [-118.80134100019714, 35.43964299995899], [-118.80209699988238, 35.43942100022321], [-118.80356499977023, 35.439132000114846], [-118.80473200025752, 35.438755000270355], [-118.80491600038053, 35.43860899987184], [-118.80600199977864, 35.438284999886605], [-118.80605299983227, 35.43822799997116], [-118.80730399998512, 35.43773399974563], [-118.80756099990309, 35.43763299983153], [-118.8080880001578, 35.43734300011311], [-118.8085250000008, 35.43714000012783], [-118.80909200043847, 35.436876000354786], [-118.80960999957398, 35.436503000081586], [-118.81021700019463, 35.435509999845095], [-118.81074500027422, 35.43518899997967], [-118.81096899968189, 35.43492900036371], [-118.81132500023237, 35.43461600034291], [-118.81190199981744, 35.43419300018678], [-118.81198600038137, 35.43412500010143], [-118.81225800036793, 35.43390699980666], [-118.81231600009423, 35.43385699993785], [-118.81237200017074, 35.43380799986064], [-118.81245300036159, 35.43375399990539], [-118.8125670001644, 35.43372099987418], [-118.81272799982287, 35.43372099987418], [-118.81344699969819, 35.433890999734885], [-118.81367500020214, 35.43397299970304], [-118.81387000019582, 35.434110999710775], [-118.81408399955772, 35.43439600028291], [-118.81418499984008, 35.43462699974455], [-118.81423900026674, 35.43478599977789], [-118.8142789995514, 35.434884999985286], [-118.81441300034402, 35.43502299989387], [-118.81461500001039, 35.435089000339374], [-118.81511799997561, 35.43521500004148], [-118.81550100029028, 35.435346999831694], [-118.8162200001656, 35.43573200011838], [-118.81657499999282, 35.43580800015701], [-118.81683100008587, 35.43584700031273], [-118.81701199983584, 35.43584700031273], [-118.8170229997065, 35.43776800010129], [-118.8170229997065, 35.438703000228955], [-118.8170379997751, 35.4408049998823], [-118.8170389996, 35.44106099988954], [-118.81704899964576, 35.44219199978662], [-118.8171280001868, 35.44219199978662], [-118.82220200022016, 35.44218000023611], [-118.82659500001306, 35.44216599978239], [-118.82772899999006, 35.44215400022796], [-118.82936799958213, 35.442133000271554], [-118.83029499986988, 35.44212199969974], [-118.83029800024296, 35.44150900032186], [-118.83030599974055, 35.440162000364914], [-118.83031599978631, 35.43836699977118], [-118.83031800033444, 35.43797700005613], [-118.83031900015936, 35.437752999838516], [-118.83033500005288, 35.43472100035922], [-118.83036400036518, 35.429147000012215], [-118.83037799971058, 35.42700699966331], [-118.83037900043381, 35.426852000010435], [-118.83038100008362, 35.426614000090346], [-118.83073300043615, 35.426729000130315], [-118.83106899999679, 35.42681199998075], [-118.83123399985324, 35.426836000000954], [-118.83148499992339, 35.4268719996518], [-118.83174699986422, 35.4268719996518], [-118.83194799970569, 35.42686700010793], [-118.83222999973798, 35.426768000291176], [-118.83277399971112, 35.42660300032615], [-118.83329799959276, 35.426531000035865], [-118.833956000267, 35.42648700019281], [-118.8346600000737, 35.42654700010595], [-118.83547299966037, 35.4266239999412], [-118.83607699990793, 35.426745000161056], [-118.83653399984242, 35.42677800012291], [-118.83714399993778, 35.426728000219775], [-118.83760800044328, 35.426662000241585], [-118.83770299997953, 35.4266630001529], [-118.83829899983121, 35.42666799970943], [-118.83863699994, 35.426729000130315], [-118.83914499992811, 35.426820999897686], [-118.84005799997217, 35.426908999926894], [-118.84063499955727, 35.426876000018716], [-118.84102500044293, 35.42689200002027], [-118.8413269996684, 35.42676599973909], [-118.84223999971246, 35.42678199976248], [-118.84240799994195, 35.426814999709165], [-118.84273000015723, 35.42680900025222], [-118.8434819996445, 35.426819999988275], [-118.84389099989842, 35.42689100011174], [-118.84432799974144, 35.42693499973412], [-118.84478399985102, 35.42700100022066], [-118.84512000030999, 35.42700699966331], [-118.84545599987065, 35.42710500001244], [-118.84586500012455, 35.427269999681016], [-118.8462409998682, 35.42740200005093], [-118.84651000038004, 35.42748400003873], [-118.84675800007716, 35.427522999834004], [-118.8471410003918, 35.42764899966288], [-118.84756999983885, 35.42770399995051], [-118.84807399962902, 35.42788999987293], [-118.84833599956983, 35.42802800005724], [-118.84897400015264, 35.42815399982809], [-118.8493030000406, 35.428301999934625], [-118.84957099982921, 35.42849400000382], [-118.84966600026374, 35.428846000283905], [-118.8498939998694, 35.42921900015981], [-118.84996800038755, 35.42931299976776], [-118.85014900013752, 35.42938399988944], [-118.85073300029362, 35.429774000235454], [-118.85131099970363, 35.430296000175304], [-118.85149200035188, 35.43052699968716], [-118.85168700034555, 35.43078499988909], [-118.85189599968461, 35.43100500029921], [-118.85210999994487, 35.43118599990984], [-118.85237899955837, 35.431361999848775], [-118.85295699986669, 35.43195499979367], [-118.85317799979963, 35.432345000132024], [-118.85338700003702, 35.43285000012862], [-118.8534780002736, 35.43318100030396], [-118.85377100017656, 35.43320000000736], [-118.85390500007087, 35.43320899994234], [-118.85414600009528, 35.433235999741335], [-118.85425900007321, 35.43324200018337], [-118.85832899982587, 35.43307000002085], [-118.85849200003251, 35.43306800035725], [-118.85865100004116, 35.43292599995973], [-118.85882799959317, 35.43277000015182], [-118.85941699977214, 35.43277999997028], [-118.86017099980756, 35.432793000025214], [-118.86043699994634, 35.43267799986075], [-118.86047700012932, 35.432662000276714], [-118.86046799990848, 35.43274200036075], [-118.86061199984852, 35.43304499983046], [-118.86092400001806, 35.43295399968676], [-118.86118400030905, 35.432891999755235], [-118.861433999656, 35.4328630001722], [-118.86179199985628, 35.43285500003304], [-118.86193499997142, 35.43286899991011], [-118.86372300042471, 35.433158999640156], [-118.86404999976456, 35.43320599972018], [-118.86539899982674, 35.433435000013404], [-118.86573000026283, 35.43348500014425], [-118.86601399994497, 35.43328699982482], [-118.86733200004498, 35.43410400024648], [-118.86745500006862, 35.43416500015861], [-118.86761499990219, 35.43421899983829], [-118.86773700010093, 35.4342420000297], [-118.86791299982802, 35.43426399966565], [-118.86857599962683, 35.43427000003108], [-118.86992600041225, 35.43425099984822], [-118.87014700034516, 35.434274999847325], [-118.87027799986643, 35.434314999829994], [-118.87037099975284, 35.43435399997693], [-118.87049399977647, 35.43443099966728], [-118.87163600014942, 35.43530400021765], [-118.8717419995563, 35.43537399964563], [-118.87184000036392, 35.435420000094], [-118.87193300025031, 35.43544600008121], [-118.87205899974872, 35.435464000180055], [-118.87435400036523, 35.435629000288586], [-118.8744859997114, 35.43561800029184], [-118.87465700031393, 35.43557000035512], [-118.87478500036048, 35.43550299977047], [-118.87487499987382, 35.43541099967422], [-118.87492400027762, 35.43533199984979], [-118.87500399974525, 35.43515899995426], [-118.87531400026495, 35.43421899983829], [-118.87541100034933, 35.43406199978814], [-118.87548400014425, 35.43397299970304], [-118.87592000016237, 35.43357599968787], [-118.87628599986026, 35.43324200018337], [-118.87710299964488, 35.43264100004022], [-118.87719399988146, 35.43258500035863], [-118.87738899987514, 35.43247899991366], [-118.87750600005101, 35.43243200014128], [-118.87768099995318, 35.43238399976924], [-118.8779570001377, 35.432322999971774], [-118.878788000166, 35.432173000249406], [-118.87948799977474, 35.43201999998124], [-118.88011499958854, 35.43183900004928], [-118.88059599981247, 35.43170700036402], [-118.88121400030376, 35.43152599972854], [-118.88138099981003, 35.43150599977894], [-118.8815470003897, 35.43149400009954], [-118.88174099966014, 35.43150900006444], [-118.88199699975318, 35.431599999645236], [-118.8825609998178, 35.4318889997072], [-118.8826749996206, 35.43193199968092], [-118.88281699991082, 35.43195499979367], [-118.88293999993446, 35.43195499979367], [-118.88371099968833, 35.431829999961124], [-118.88511199962902, 35.43161899972167], [-118.88574099999096, 35.431537000284244], [-118.88619899975035, 35.431469000151836], [-118.88625400000194, 35.43146400016136], [-118.88719499963511, 35.43137000013631], [-118.88740100039776, 35.4313650001397], [-118.88770599999629, 35.431375999985484], [-118.88810000018157, 35.43137199984208], [-118.88820499976356, 35.43135900028971], [-118.88825800036533, 35.43134000015195], [-118.88829000015238, 35.43131900030266], [-118.88835899974933, 35.43122599996302], [-118.88842700041972, 35.43099899969048], [-118.88900800020276, 35.43101299989024], [-118.88992899974444, 35.43109099970392], [-118.89037700035642, 35.43114400012543], [-118.89074600042737, 35.43121799966117], [-118.89104900037607, 35.431296000008274], [-118.89130000044622, 35.43138000012863], [-118.89260500012746, 35.43186200018852], [-118.89404700007603, 35.432417000348316], [-118.89533199966579, 35.4329240002925], [-118.89572400020128, 35.4330640002979], [-118.89648300025952, 35.43335000001254], [-118.8969939997224, 35.43351100002433], [-118.89776600019947, 35.433804999660794], [-118.89934799989013, 35.43436599996203], [-118.8997189996109, 35.43453400029763], [-118.90015299997916, 35.43475899976678], [-118.9004860000651, 35.434972999986165], [-118.90079300021176, 35.435207000135996], [-118.90109199996252, 35.43545899970572], [-118.90129299980396, 35.43564999974582], [-118.90148199994984, 35.43585400035744], [-118.90176499980707, 35.43620100024273], [-118.90194599955703, 35.43646599982289], [-118.90211499961144, 35.43675000032434], [-118.90223799963508, 35.43698699978266], [-118.90237300025261, 35.4373139999374], [-118.9024719999868, 35.4376459998348], [-118.9025270002384, 35.43790900023888], [-118.9027530001942, 35.43918799963441], [-118.90284000023283, 35.4396980001055], [-118.90292399989842, 35.4403069996688], [-118.90303400040158, 35.441427999706235], [-118.90307200003643, 35.44178799978537], [-118.90332700030456, 35.44177199981604], [-118.90351999975009, 35.441760000202876], [-118.90378500006395, 35.44176099992677], [-118.90383399956946, 35.44176099992677], [-118.90450899996213, 35.44176199965061], [-118.91022099967998, 35.44169199992168], [-118.91329299989809, 35.441654000127], [-118.91632800030631, 35.44163399976563], [-118.91648999978969, 35.44163300004015], [-118.9195159999771, 35.44161299967355], [-118.92018899982168, 35.44160800031299], [-118.92209100007778, 35.441595999943495], [-118.92209799975048, 35.44334599968008], [-118.9220989995754, 35.44342600012617], [-118.92210199994845, 35.444123000273706], [-118.92255600040819, 35.44411499978967], [-118.92431800002392, 35.44408500016297], [-118.92471999970682, 35.444078999797135], [-118.92479699969972, 35.444076999675104], [-118.92491300005065, 35.444075000284876], [-118.92498300037087, 35.44407399985792], [-118.92532499977929, 35.44406800022312], [-118.92532999980219, 35.44513799998322], [-118.92522900041814, 35.44568299969742], [-118.92554499988734, 35.445789999996144], [-118.92665600029815, 35.44611500018175], [-118.92696400026969, 35.44619599974], [-118.92732699959454, 35.44631600015542], [-118.92765499965759, 35.44645999968593], [-118.92813800042967, 35.44669499977418], [-118.92899200002421, 35.44718200010517], [-118.92942499966924, 35.44745199985889], [-118.9296749999145, 35.447571999865225], [-118.92984300014399, 35.447634999851836], [-118.93008199962028, 35.4477240002019], [-118.93063200033951, 35.447870000168294], [-118.9308780003868, 35.44791200000935], [-118.93107400020537, 35.44793499994783], [-118.93155700007914, 35.44797499972976], [-118.93189000016505, 35.44796700036043], [-118.93230299971864, 35.44793200027439], [-118.93266500011687, 35.44786299970477], [-118.93308500024143, 35.447751999905215], [-118.933429000198, 35.447636000234596], [-118.93375800008599, 35.44748700015367], [-118.93400999998107, 35.44735200008281], [-118.93424099995975, 35.44720399986423], [-118.93451600031938, 35.4469969997645], [-118.9348209999179, 35.446720999779146], [-118.93502000010952, 35.44651300023601], [-118.9352579997609, 35.44620699975504], [-118.93533099955583, 35.446088999981015], [-118.93544799973171, 35.44586899980396], [-118.93554800018912, 35.44565500000615], [-118.93565500031924, 35.44538299998902], [-118.93574900003057, 35.44503400006292], [-118.93578099981762, 35.44483099971173], [-118.9357930004115, 35.44433699975375], [-118.93576300027428, 35.44405600022042], [-118.93569200012918, 35.44369399990694], [-118.93563900042572, 35.44353499990161], [-118.93548600026485, 35.443193000151474], [-118.93544199988392, 35.4431189999116], [-118.93517900011818, 35.44271800003955], [-118.93376399993377, 35.4408129999635], [-118.93236399981798, 35.43880299977202], [-118.93220800018237, 35.43855999975897], [-118.93210299970207, 35.43835600014856], [-118.93202300023447, 35.438149999751886], [-118.93191100008147, 35.43792699978711], [-118.9318359997384, 35.437726999864374], [-118.9317179997376, 35.437210999935715], [-118.93166199966112, 35.436816999871354], [-118.93162200037645, 35.436028999813644], [-118.93163200042223, 35.43583099989458], [-118.93166900023212, 35.435505000105536], [-118.93165800036147, 35.435251000338404], [-118.93171199988983, 35.43478300034637], [-118.93196100031017, 35.433013000073174], [-118.93232500035825, 35.43159799994513], [-118.93268000018548, 35.43032900014613], [-118.93291100016415, 35.429781999948766], [-118.9331100003558, 35.429191999746024], [-118.93390899969873, 35.42810499994063], [-118.9342379995867, 35.42774999965646], [-118.93507799983584, 35.42712199987411], [-118.93595800026796, 35.42663800016954], [-118.93651999978442, 35.42648700019281], [-118.93804499957369, 35.426202000177845], [-118.93937199989452, 35.42612900034313], [-118.9394189997502, 35.4260619999553], [-118.93988900010348, 35.42594599977476], [-118.94137000041012, 35.42532999970223], [-118.94234200000543, 35.4249309996701], [-118.94454600038534, 35.423934999644764], [-118.94492499960371, 35.42362699982803], [-118.94543900033791, 35.42346299996795], [-118.94754599973514, 35.42212100029004], [-118.94875300040539, 35.42155699968252], [-118.94886600038329, 35.421697999655564], [-118.94895699972156, 35.42181000021107], [-118.95077100011414, 35.420808999742846], [-118.95105399997138, 35.42067400032431], [-118.95199299995471, 35.420149000272495], [-118.95237999956899, 35.41993800017743], [-118.95262899998933, 35.41981000000662], [-118.95288000005951, 35.4196850003584], [-118.95338999969744, 35.41944699976001], [-118.95538400001509, 35.418634000038146], [-118.95612999965458, 35.41831900034769], [-118.95605699985963, 35.41819799991611], [-118.95727000037766, 35.41765200008286], [-118.95754599966388, 35.4175429996771], [-118.95770300002273, 35.41747500017536], [-118.95785500035869, 35.417397000353276], [-118.95803500028373, 35.417288000334636], [-118.9582029996149, 35.417166999818846], [-118.95919299965189, 35.41630700011998], [-118.95938599999572, 35.416163000104056], [-118.95957599996652, 35.41604000000875], [-118.9598289996865, 35.41590299983025], [-118.95998600004533, 35.415830000179774], [-118.96021799984894, 35.415737000258474], [-118.96256699999381, 35.41490099985426], [-118.96309900027136, 35.414713999896506], [-118.96332000020429, 35.414644000082596], [-118.96354699998503, 35.41458500015038], [-118.96383700041325, 35.41453199981457], [-118.9640730004148, 35.41450500033458], [-118.96430900041634, 35.414489000069025], [-118.96513200004874, 35.41448200036365], [-118.96536300002742, 35.41446800021902], [-118.96559200035628, 35.41444099998546], [-118.96581800031208, 35.41440000031853], [-118.96604099989483, 35.41434599979681], [-118.96625900035306, 35.41428099998852], [-118.96647000024024, 35.414203000002935], [-118.96662300040111, 35.41413599994563], [-118.96685100000674, 35.414022000299255], [-118.9668610000525, 35.414015999889536], [-118.96705100002328, 35.4141920000083], [-118.96745799972906, 35.413959999704616], [-118.967614000263, 35.41387100010197], [-118.968303999826, 35.41347100034506], [-118.968347000382, 35.413445999928236], [-118.96946299991734, 35.41279899979776], [-118.96951300014607, 35.41277099965333], [-118.9695569996287, 35.41274599975154], [-118.96962299975091, 35.41270900029258], [-118.96967700017757, 35.41267899994709], [-118.96973099970594, 35.41264999967568], [-118.96979199980532, 35.41261799986905], [-118.96984600023201, 35.412589999661726], [-118.96987399982109, 35.41257499983429], [-118.96990599960814, 35.41255799983123], [-118.96994800033924, 35.41253700021013], [-118.97000500024065, 35.41250799988768], [-118.9700370000277, 35.41249300004499], [-118.97007200018778, 35.41247600002461], [-118.97011200037076, 35.41245599973772], [-118.97016300042439, 35.41243099973815], [-118.97026999965622, 35.41238099971573], [-118.97032200043307, 35.412357999870764], [-118.97038900038021, 35.41232800012674], [-118.97044100025876, 35.41230400017705], [-118.97174599993996, 35.41173000016568], [-118.97180899968917, 35.411702999746865], [-118.97184899987212, 35.411686000292], [-118.97191199962131, 35.411659999956036], [-118.97195000015448, 35.41164399985772], [-118.97204600041393, 35.41160499969635], [-118.97209300026962, 35.41158600002389], [-118.9721359999273, 35.4115689998122], [-118.97218199995807, 35.4115520003291], [-118.97222100031613, 35.41153700030841], [-118.97228499989023, 35.41151300012316], [-118.9723259998981, 35.411498000095264], [-118.97235100001248, 35.411487999831095], [-118.97239700004322, 35.41147199969864], [-118.97244999974667, 35.41145299999483], [-118.97250599982317, 35.41143300018613], [-118.97256799974744, 35.41141200027188], [-118.9726280000219, 35.411391000352154], [-118.97277600015991, 35.41134299988749], [-118.97282700021354, 35.4113269997263], [-118.9728749998941, 35.41131199966377], [-118.97358200007386, 35.411094999960014], [-118.97400899987113, 35.41096400006519], [-118.97468699973854, 35.410754000186294], [-118.9748259996557, 35.410711999998455], [-118.97493899963364, 35.41067799993493], [-118.97493899963364, 35.41074100023513], [-118.97494200000666, 35.41088900011897], [-118.97498999968725, 35.41462699978394], [-118.97499800008318, 35.41514300018899], [-118.97500300010604, 35.41552200012393], [-118.97509599999245, 35.4219880000807], [-118.97454100014866, 35.4225369996978], [-118.9744719996534, 35.42260500005132], [-118.9722460004305, 35.42480300011246], [-118.97194000010875, 35.42510700010217], [-118.97176500020655, 35.42527899970371], [-118.97166099955116, 35.42538200032771], [-118.97133099983827, 35.425709000028775], [-118.97117000017981, 35.425682999825774], [-118.97108099959301, 35.425670000087095], [-118.97092699960724, 35.425698000140976], [-118.97083799991879, 35.42571500029961], [-118.97075000005523, 35.4257409997603], [-118.97048200026663, 35.42566900016345], [-118.97014099978479, 35.42557200018801], [-118.97001399956318, 35.42553599995606], [-118.96773800011157, 35.424882999951286], [-118.96588000023638, 35.4246969996729], [-118.96575499966458, 35.424638999718645], [-118.96538099957075, 35.424593999637025], [-118.964981000436, 35.42460299980178], [-118.96404800030045, 35.42450699994475], [-118.96170099980539, 35.42428899996646], [-118.95944600027016, 35.42399499999492], [-118.95880000018981, 35.4239260001374], [-118.95880299966454, 35.42417200021839], [-118.95881100006046, 35.425129000037664], [-118.95881100006046, 35.42517199996074], [-118.95881100006046, 35.425274999989554], [-118.95881299971026, 35.42545999973898], [-118.95881500025838, 35.425671999934444], [-118.9588160000833, 35.42580300007322], [-118.95904899971183, 35.425809000337125], [-118.95913699957538, 35.42581000025903], [-118.95932999991922, 35.425809000337125], [-118.9601590002977, 35.42580599983922], [-118.9625810002375, 35.426589000091774], [-118.96264200033687, 35.42660899979844], [-118.96388099989586, 35.42701000011642], [-118.96395500041402, 35.427032000264134], [-118.9649320000322, 35.4273490000948], [-118.9664180003617, 35.42775699967304], [-118.96775400000506, 35.427777999719204], [-118.97053099977214, 35.42782200032102], [-118.97242999965519, 35.427877999654775], [-118.97273000012916, 35.427740999843394], [-118.97356700000523, 35.42736500000237], [-118.97424099967472, 35.42705700012521], [-118.97445499993495, 35.426932000010176], [-118.97512500030479, 35.42654299972269], [-118.97601599970922, 35.425998999922165], [-118.9768660000041, 35.425562000206504], [-118.97767199991804, 35.4251969996671], [-118.97832399984621, 35.42494799999062], [-118.9783499997855, 35.42465899990955], [-118.97828100018849, 35.41989499965657], [-118.9782800003636, 35.41983599990903], [-118.9782390003557, 35.417347999778805], [-118.97823599998267, 35.41683000024996], [-118.97838900014352, 35.41669700009085], [-118.97848299985488, 35.41661500010352], [-118.98014200043676, 35.41517000018726], [-118.98238600010131, 35.41456499965479], [-118.98251300032291, 35.41453099975263], [-118.98261399970694, 35.41450300021002], [-118.98321299993167, 35.414344999732556], [-118.98337600013825, 35.414301999887265], [-118.98359700007121, 35.41428099998852], [-118.98375400043005, 35.414164999682264], [-118.98413199982349, 35.41411399993656], [-118.98446599973434, 35.41402799997641], [-118.98449900024463, 35.41399399984771], [-118.98541300011361, 35.4137480001685], [-118.9877220000755, 35.412767000050316], [-118.98806900040515, 35.41262000004035], [-118.98829199998791, 35.41252499990124], [-118.98832700014799, 35.41251000006171], [-118.98873600040191, 35.41233800028666], [-118.98885799970235, 35.41233500001917], [-118.98889399968735, 35.41233500001917], [-118.98963699985211, 35.41265899971051], [-118.9897070001723, 35.41269000014825], [-118.99030800004684, 35.41293199980176], [-118.99048399977393, 35.413107000012076], [-118.9905580002921, 35.41317999993309], [-118.99092099961693, 35.41330099984709], [-118.99106600028021, 35.413290999806655], [-118.99138799959715, 35.41341200028605], [-118.99147600035903, 35.41345199964827], [-118.99151800019182, 35.41347100034506], [-118.99182799981321, 35.413605000045486], [-118.99223000039443, 35.413490999647905], [-118.99347700034936, 35.41314099978295], [-118.99354900031939, 35.41311000025084], [-118.99547199959359, 35.41257399974807], [-118.9956149997087, 35.41253500003677], [-118.99586599977887, 35.41246399970663], [-118.99664499992865, 35.412418000057436], [-118.99686900023464, 35.41240599973082], [-118.99750100007131, 35.41236800002702], [-118.99757899988911, 35.412363000315096], [-118.9979220000208, 35.412343000000156], [-118.9983250004269, 35.412319000054936], [-118.99868799975177, 35.41238500007012], [-118.99922900025018, 35.41234700035636], [-118.99963699978083, 35.412290999743725], [-118.99992800003396, 35.412255000166056], [-119.000035999989, 35.41220600012526], [-119.00015999983758, 35.412149000055216], [-119.00029299990696, 35.4120989998579], [-119.00302199999342, 35.41176399978537], [-119.00313199959828, 35.41177600020759], [-119.00319600007067, 35.41176700007413], [-119.00329599962981, 35.41175300018989], [-119.00385899986951, 35.41167499995378], [-119.00428400001694, 35.41164299975994], [-119.00466200030873, 35.41155900028893], [-119.00495299966354, 35.41151799988783], [-119.00526599965798, 35.41142999988494], [-119.00558799987327, 35.41133399970566], [-119.0062029999915, 35.41114000026036], [-119.00658799995597, 35.41101900003018], [-119.00667199962156, 35.41099300021112], [-119.0069760002935, 35.41068999978672], [-119.0071870001807, 35.41047899981383], [-119.00728500008998, 35.410381999852596], [-119.0079620001325, 35.409706000149086], [-119.00812100014114, 35.40954799978428], [-119.0082299999211, 35.409438000005444], [-119.00829900041639, 35.40941100028307], [-119.00850299973256, 35.409330000329426], [-119.00952399973168, 35.40892100027847], [-119.01011899975842, 35.40868300010088], [-119.01034800008728, 35.408591000120765], [-119.01058099971577, 35.40849699976198], [-119.01069100021896, 35.408453999724934], [-119.01081500006752, 35.40840500030173], [-119.01102799960454, 35.408651000183376], [-119.01106299976465, 35.408689000175514], [-119.01112999971178, 35.40876100030416], [-119.01120599987976, 35.408838000299404], [-119.01130100031432, 35.4089279997347], [-119.01140300042157, 35.40901799980166], [-119.01145000027725, 35.40905799988048], [-119.0115089998285, 35.40910500011248], [-119.01154700036163, 35.40913500032416], [-119.01163000020229, 35.40919700023805], [-119.01166100016442, 35.40922000025306], [-119.01171999971564, 35.409261000358974], [-119.01178800038603, 35.40930700034583], [-119.01184500028744, 35.409343999902404], [-119.0118860002953, 35.40937000025346], [-119.0119320003261, 35.40939800011521], [-119.0120029995729, 35.409440000255664], [-119.01208600031188, 35.409483999891314], [-119.01218300039625, 35.40952599998696], [-119.01227499955944, 35.40955899968071], [-119.0123490000776, 35.40958200032452], [-119.01242799972032, 35.40960299998351], [-119.0125390000484, 35.40961399987239], [-119.01262799973686, 35.40964199964943], [-119.01274400008779, 35.40965399965546], [-119.0129120003173, 35.40966099978021], [-119.01302199992216, 35.409658000145164], [-119.01308899986931, 35.409651000020204], [-119.01314900014377, 35.409646000139716], [-119.01328300003807, 35.40962599988264], [-119.0134060000617, 35.40959900022321], [-119.0134400003969, 35.40958999984662], [-119.01350800016898, 35.409570000307774], [-119.01355199965158, 35.40955499991823], [-119.01359799968236, 35.40953900013417], [-119.01364299988818, 35.40952200022283], [-119.0137070003606, 35.40949499979643], [-119.01375199966813, 35.409474000109356], [-119.01378199980537, 35.409458999701954], [-119.01384000042998, 35.409429000343046], [-119.0145879997193, 35.40868300010088], [-119.01468999982654, 35.408582999767326], [-119.01492300035338, 35.408352000294364], [-119.01578699999362, 35.40749499995193], [-119.0175949996401, 35.40569899964106], [-119.01874500040897, 35.40510900024925], [-119.0190729995737, 35.40493999986601], [-119.01923300030558, 35.40485899981236], [-119.0194810000027, 35.40471499984144], [-119.01979399999715, 35.40453400006226], [-119.02039300022187, 35.40418900032442], [-119.02058999986536, 35.40410000018215], [-119.02075300007198, 35.40402099966914], [-119.02085500017922, 35.40397000009393], [-119.0210650002415, 35.40383400009273], [-119.02130799991576, 35.40361999988462], [-119.02167500033687, 35.40345500010611], [-119.0245290000968, 35.40217799971827], [-119.02559100010379, 35.40171799971968], [-119.02597799971808, 35.40120499971194], [-119.02613300042708, 35.40099999971953], [-119.02636500023068, 35.40078400031007], [-119.02644300004847, 35.40069399983612], [-119.02647099963758, 35.40066199967594], [-119.02653500010999, 35.40053499987609], [-119.02655900039946, 35.4003979997005], [-119.02656799972196, 35.40011999988468], [-119.02655500020148, 35.399997000200216], [-119.02660100023225, 35.39989400007603], [-119.02680399972353, 35.39982099983728], [-119.02679000037813, 35.39974599977388], [-119.02707900008315, 35.39966700011981], [-119.02964699961281, 35.398969000137235], [-119.02996700017826, 35.39886199987118], [-119.03007299958513, 35.39882600015351], [-119.03040800021921, 35.398709000044704], [-119.03092299988002, 35.39843199979251], [-119.03136700029404, 35.398192999867526], [-119.03222099988855, 35.397799000074635], [-119.03248600020244, 35.39766499972487], [-119.03253999973082, 35.397638999991884], [-119.03266500030259, 35.39752400017108], [-119.03277999993031, 35.397382999638445], [-119.03291899984747, 35.39721399990085], [-119.03296499987825, 35.397170000158034], [-119.03326299980408, 35.39739600027957], [-119.03362699985213, 35.39767099988736], [-119.03409100035763, 35.398021999829616], [-119.03444500035995, 35.398289000320844], [-119.03447499959887, 35.3982929999101], [-119.0347990003623, 35.39853299979906], [-119.03510700033387, 35.398753999937675], [-119.03542100015324, 35.39897099991505], [-119.03573800034563, 35.399181999991], [-119.03606100038583, 35.39939000022994], [-119.03660600018385, 35.399721999738816], [-119.03705399989751, 35.39998399997854], [-119.03727200035571, 35.400104999933205], [-119.0377359999629, 35.400354999736344], [-119.03782700019951, 35.400401999917385], [-119.03820899979091, 35.400671000317246], [-119.04008699975758, 35.40221599983318], [-119.04013000031361, 35.40226699978582], [-119.04043499991212, 35.40263200022809], [-119.0407989999602, 35.403050000349566], [-119.04111500032771, 35.403077000006164], [-119.0411439997417, 35.40302899971554], [-119.04125900026774, 35.402868999760734], [-119.04132600021491, 35.402772999635445], [-119.04148199985049, 35.40263299970546], [-119.04153100025431, 35.402615000324424], [-119.04160400004923, 35.40260700011007], [-119.04166199977556, 35.4026140001146], [-119.04187100001295, 35.402674999709994], [-119.04192500043963, 35.40271500000776], [-119.04221599979444, 35.40283699973172], [-119.04297400002778, 35.40315300010272], [-119.04307799978487, 35.4031619997337], [-119.04321699970204, 35.40321599969494], [-119.04326199990788, 35.403218000099585], [-119.04326399955771, 35.40330399987972], [-119.04359699964365, 35.403452999707355], [-119.04386000030769, 35.4035620001341], [-119.04439099986202, 35.40378399986226], [-119.04459699972635, 35.403907999820355], [-119.04468899978787, 35.40396300020714], [-119.04489999967505, 35.40409600014876], [-119.0449819996908, 35.404149000025846], [-119.04514599972234, 35.40425499967536], [-119.04537000002836, 35.40440600031695], [-119.04548499965607, 35.40449900013497], [-119.04557400024284, 35.404550000107655], [-119.04580699987133, 35.404717000208926], [-119.04588200021442, 35.40480100022114], [-119.04590700032878, 35.404828000023436], [-119.0460150002838, 35.40491199991999], [-119.04624700008739, 35.40509099995664], [-119.04645299995173, 35.40525799966927], [-119.04665499961808, 35.40542700011793], [-119.0468539998097, 35.40559899999844], [-119.04750900011094, 35.406176999674926], [-119.04796600004542, 35.40658000023991], [-119.04809400009192, 35.406693000003955], [-119.0481409999476, 35.40660399969765], [-119.04818199995549, 35.40653099967749], [-119.04821399974254, 35.406475000148774], [-119.04822100031353, 35.40646499999348], [-119.04825899994836, 35.40640499976791], [-119.0482899999105, 35.406356999994635], [-119.0483169996747, 35.406315999875794], [-119.04833599994126, 35.40628700024349], [-119.04837100010137, 35.40623400030779], [-119.04838500034508, 35.406212999771014], [-119.048422000155, 35.40616300028404], [-119.04846800018574, 35.40610299983371], [-119.04851599986632, 35.406040999736334], [-119.04820100022204, 35.40576499995228], [-119.04794099993104, 35.40539999978407], [-119.04745600040745, 35.404599999863], [-119.04706800006996, 35.40396000036009], [-119.04677500016699, 35.40367800032557], [-119.04674300037996, 35.4036539999967], [-119.04668499975531, 35.403614000164815], [-119.04660799976241, 35.4035779996402], [-119.04659100004397, 35.403534999907784], [-119.04655500005897, 35.40352900018164], [-119.04651900007394, 35.403506000007134], [-119.04646399982238, 35.40347300003181], [-119.04641100011894, 35.40344299990937], [-119.04638400035475, 35.40342799984395], [-119.04635599986734, 35.40341200030808], [-119.04628300007239, 35.403372999824306], [-119.04624600026247, 35.40335499987628], [-119.04618699981295, 35.40332499970993], [-119.04613300028457, 35.40329900033779], [-119.0460710003603, 35.40327000035225], [-119.04597299955269, 35.40322799992553], [-119.04588300003931, 35.40303999976942], [-119.04585799992498, 35.402985999690216], [-119.04579400035087, 35.402843000241525], [-119.04578500013004, 35.40282200028575], [-119.04572800022862, 35.402687000021054], [-119.04566799995416, 35.402535999820564], [-119.04561100005274, 35.402383999856795], [-119.04559000013637, 35.40233199976485], [-119.04555699962609, 35.40223100012408], [-119.04550599957244, 35.4020750001838], [-119.04545899971679, 35.40192400030145], [-119.04541600005906, 35.40176899998736], [-119.0453959999676, 35.4016919998292], [-119.0453750000512, 35.40161400010754], [-119.04533800024127, 35.40145799970551], [-119.04530399990608, 35.40130100024002], [-119.04528800001256, 35.40122099968589], [-119.04527399976888, 35.401144999964565], [-119.04524600017977, 35.40098699965953], [-119.04522199989034, 35.400830000009066], [-119.04520199979885, 35.40067199981893], [-119.0451850000804, 35.40051400005135], [-119.04517099983671, 35.400354999736344], [-119.04516599981382, 35.40028199991494], [-119.04516099979097, 35.400195999839994], [-119.04515400011826, 35.40003799987183], [-119.04514200042271, 35.3996659998734], [-119.04513800022474, 35.39955700003687], [-119.04517500003469, 35.39951499987245], [-119.04520000014902, 35.39948900000376], [-119.04524500035487, 35.39945100006799], [-119.04513499985168, 35.399048999997035], [-119.04510499971444, 35.3985889997192], [-119.0450229996987, 35.39726500008862], [-119.04533499986822, 35.39717899972457], [-119.0450229996987, 35.39632500008919], [-119.04499199973657, 35.39620999985885], [-119.0449730003683, 35.39613699994595], [-119.04495400010173, 35.39603099987448], [-119.04493200036043, 35.39579400001196], [-119.04489800002521, 35.39422399993639], [-119.04487899975867, 35.39335500001891], [-119.04479500009305, 35.38948999997395], [-119.04473999984147, 35.38694799991993], [-119.04484899962142, 35.38571499971338], [-119.04488299995664, 35.38552500035782], [-119.04492499978943, 35.385376000357354], [-119.04499500010962, 35.38519300025547], [-119.04508499962297, 35.38501600011017], [-119.04514700044558, 35.38491299989236], [-119.04517800040772, 35.38486499977433], [-119.04529100038562, 35.38468799964172], [-119.04550399992266, 35.38468799964172], [-119.04606299996438, 35.384701999831826], [-119.0460649996142, 35.38483000009752], [-119.0460870002538, 35.385856999826096], [-119.04764200018032, 35.385861999717214], [-119.05017399972498, 35.38587099981336], [-119.05017200007512, 35.383416000161986], [-119.0520149998817, 35.38342999984049], [-119.05207699980598, 35.38342799967729], [-119.05207699980598, 35.38327999991513], [-119.05213200005758, 35.38056100004935], [-119.0521329998825, 35.38047999967542], [-119.0521689998675, 35.378751999669696], [-119.0521689998675, 35.37866900012824], [-119.05372600034212, 35.378686999727165], [-119.05395200029793, 35.37868999978204], [-119.05407699997141, 35.378692000062664], [-119.05438800031604, 35.37869500011734], [-119.05633800025274, 35.37866600007258], [-119.05656000001056, 35.378760000053425], [-119.05653599972115, 35.37951200035208], [-119.05653099969827, 35.380576999724795], [-119.05587499957213, 35.38057599997405], [-119.0558579998537, 35.38313999983084], [-119.05622600009973, 35.38314100028222], [-119.05651800017777, 35.38314100028222], [-119.05654199956894, 35.38314100028222], [-119.05756799959087, 35.38314499989036], [-119.05775900028492, 35.38314499989036], [-119.05791200044577, 35.38314600034167], [-119.0590749998368, 35.38315200011966], [-119.06038399971601, 35.38315400028965], [-119.06112500023093, 35.38315599972724], [-119.06131900039968, 35.38315700017837], [-119.06130699980581, 35.38271000014542], [-119.06132500024746, 35.38255300006554], [-119.06132600007236, 35.382177000316155], [-119.06134299979081, 35.37965699968353], [-119.06134299979081, 35.37961299988365], [-119.06453399983462, 35.3796240002021], [-119.06547299981798, 35.3796340000242], [-119.06547299981798, 35.37973299988066], [-119.06545899957426, 35.3799120001488], [-119.06546600014526, 35.38083200021197], [-119.06545000025177, 35.383321000029845], [-119.06635499989989, 35.3833230001957], [-119.06635099970197, 35.38213100023041], [-119.06992400023549, 35.382142000205555], [-119.06992699971025, 35.38085300003524], [-119.06993900030412, 35.37964300008274], [-119.0699519998246, 35.37879200011538], [-119.0699450001519, 35.37847600022894], [-119.06994699980173, 35.37824699975338], [-119.06975299963298, 35.37807999976441], [-119.06945100040748, 35.377829999757694], [-119.06971900019607, 35.37782899997292], [-119.06995000017479, 35.37783299984438], [-119.06995699984746, 35.376963000055845], [-119.06995699984746, 35.376898999933346], [-119.06996100004541, 35.376414999652496], [-119.06996100004541, 35.3763710002821], [-119.07038000034507, 35.3763720000849], [-119.07051699971413, 35.3763720000849], [-119.07064200028591, 35.3763720000849], [-119.0734850001752, 35.37637600002864], [-119.07391000032263, 35.376376999831436], [-119.07441499993769, 35.37638799985854], [-119.0744140001128, 35.376238999829454], [-119.0744140001128, 35.376101000323885], [-119.07429299973896, 35.37609999978525], [-119.07377700025324, 35.37609899997903], [-119.07008999991685, 35.37609299967655], [-119.0700859997189, 35.37599799971116], [-119.0700790000462, 35.37585599982423], [-119.0700790000462, 35.37578999993612], [-119.0700790000462, 35.37280700016916], [-119.07007700039637, 35.372707000024285], [-119.07007400002334, 35.372359999930204], [-119.07164599966825, 35.37236700036272], [-119.07258700019973, 35.37237200035734], [-119.0726559997967, 35.37237200035734], [-119.07352199998509, 35.37236099978275], [-119.0742259997918, 35.37238900004376], [-119.07440900008991, 35.37237800020399], [-119.0744529995725, 35.37237800020399], [-119.07448199988485, 35.36924499993264], [-119.07451500039511, 35.36924499993264], [-119.07458200034228, 35.3692440000415], [-119.07463500004573, 35.36924300015034], [-119.07467199985562, 35.3692399997443], [-119.07472700010723, 35.36923600017939], [-119.07477499978779, 35.36923099999049], [-119.074845000108, 35.36922200023572], [-119.07491200005514, 35.369210999964274], [-119.07498499985009, 35.36919700001627], [-119.07504900032252, 35.36918300006579], [-119.07509399963003, 35.36917099989702], [-119.075141000384, 35.36915799983426], [-119.07518999988947, 35.36914399987701], [-119.07522500004961, 35.36913199970244], [-119.07526299968443, 35.36911900036593], [-119.07531100026333, 35.36910199999075], [-119.0753520002712, 35.369085000344526], [-119.0754019996016, 35.36906500028214], [-119.07543900030984, 35.369047999895585], [-119.07547699994466, 35.36903000034413], [-119.07551999960236, 35.36900899964157], [-119.07557800022703, 35.36897700009527], [-119.07563199975537, 35.368945999698596], [-119.07567100011343, 35.36892100012619], [-119.07570999957318, 35.3688959998135], [-119.07574800010633, 35.368870000329835], [-119.07579099976402, 35.36883899989207], [-119.07580800038079, 35.36882599977583], [-119.07584099999274, 35.36879899964046], [-119.07588399965044, 35.36876299969007], [-119.0833510002096, 35.36878299982724], [-119.08432299980491, 35.36878600025032], [-119.08587199988362, 35.36879099973425], [-119.08669899971397, 35.368794000156974], [-119.08677800025498, 35.3687950000537], [-119.08698199957118, 35.36879599995041], [-119.08698499994424, 35.368823000086834], [-119.08703400034803, 35.369265999841325], [-119.08703199979989, 35.3696789998647], [-119.08702699977702, 35.37063599986711], [-119.08699800036302, 35.37146199989538], [-119.08698900014221, 35.37173500030556], [-119.08698900014221, 35.37191599971964], [-119.08698900014221, 35.37220499992965], [-119.08698900014221, 35.37248899985022], [-119.08703900037092, 35.37338899985725], [-119.08697700044662, 35.374489999816014], [-119.08697400007357, 35.37485099997595], [-119.08696599967766, 35.375790999746165], [-119.08696300020291, 35.37610500028106], [-119.08696300020291, 35.37618299977192], [-119.0869749998985, 35.37623499987891], [-119.08698099974629, 35.37626300026073], [-119.08702400030229, 35.37645899973142], [-119.08702099992924, 35.37710800030579], [-119.08702000010435, 35.37722699984139], [-119.08753099956716, 35.3776339999549], [-119.08818400021856, 35.37815399968811], [-119.08844799980923, 35.378364000250265], [-119.0885669996349, 35.3782639996671], [-119.0886860003589, 35.378359999672675], [-119.08863299975714, 35.37840499993351], [-119.08859500012233, 35.37844000020043], [-119.08878099989512, 35.37858499999348], [-119.08888399982729, 35.37866500029815], [-119.08932800024132, 35.37900900033822], [-119.08937500009698, 35.37904599988257], [-119.0895020003186, 35.37969999969788], [-119.0894400003943, 35.37970400020904], [-119.08940199986115, 35.37970199995346], [-119.08932700041643, 35.379698000174635], [-119.08925200007334, 35.379698000174635], [-119.08910499976022, 35.379698000174635], [-119.08899799963011, 35.37969699968055], [-119.08891399996453, 35.379695999918894], [-119.08864700000083, 35.379695999918894], [-119.08857199965777, 35.379451000080685], [-119.08836099977057, 35.37924400018457], [-119.08818699969332, 35.37916099968433], [-119.08802900040786, 35.3791140003074], [-119.08775400004826, 35.379058000047856], [-119.08752800009246, 35.379020000006584], [-119.0872350001895, 35.37899499989255], [-119.08707199998287, 35.378990000308285], [-119.08684600002707, 35.3789940001222], [-119.08664900038357, 35.37899700016566], [-119.08636499980314, 35.3790329999456], [-119.08620900016751, 35.37906199985845], [-119.08581199960918, 35.3791750001012], [-119.08542400016997, 35.37930499988008], [-119.08510600015265, 35.379429999892494], [-119.08475200015033, 35.37955300018443], [-119.08423499994137, 35.37972099981573], [-119.08389799965748, 35.37982600032322], [-119.08366500002899, 35.37991599991701], [-119.08337399977584, 35.380036999953205], [-119.08329199976006, 35.38008500001419], [-119.08258200010559, 35.38037200002687], [-119.08155400043378, 35.38078199963427], [-119.08065300008529, 35.381143999953025], [-119.07976099995763, 35.381503000162205], [-119.0788370000429, 35.38187399998518], [-119.07534200022546, 35.38335100031496], [-119.07883000037022, 35.38336400028854], [-119.08113500013415, 35.38337099976639], [-119.08160700013727, 35.383372999931005], [-119.08327300039183, 35.3833789996921], [-119.0843200003302, 35.383383000020835], [-119.08456300000442, 35.3833839997368], [-119.0846240001038, 35.3833839997368], [-119.08478899996025, 35.3833839997368], [-119.08488500021971, 35.3833850001851], [-119.08661500004838, 35.3833909999453], [-119.08660800037568, 35.38367500004638], [-119.08661500004838, 35.383970000338344], [-119.08661400022346, 35.38399699979229], [-119.08660800037568, 35.38420399994421], [-119.08660800037568, 35.384357999896615], [-119.0866090002006, 35.38537499993374], [-119.08681300041512, 35.38537499993374], [-119.08712800005938, 35.38537700004861], [-119.08712700023446, 35.38507999965309], [-119.08712999970919, 35.38438700009257], [-119.08712999970919, 35.38416499969086], [-119.08772899993389, 35.38416199983956], [-119.08772300008613, 35.38364499988181], [-119.08776699956874, 35.38368500009877], [-119.08776800029197, 35.38375900000849], [-119.08776999994177, 35.38388800001539], [-119.08777300031484, 35.38406699985357], [-119.08777499996467, 35.38420600008817], [-119.08777599978956, 35.384291999639146], [-119.08777900016261, 35.384525000073914], [-119.08778199963734, 35.38471899985024], [-119.08778300036057, 35.38476099966482], [-119.08778500001043, 35.38489099996384], [-119.08778599983532, 35.38498400031966], [-119.08785500033059, 35.38498400031966], [-119.08790700020914, 35.384982999891136], [-119.08800900031639, 35.384982999891136], [-119.08809100033216, 35.384982999891136], [-119.08830200021936, 35.384982000194995], [-119.08843600011366, 35.38498099976649], [-119.08860799964278, 35.384980000070314], [-119.08879199976579, 35.38497899964173], [-119.08879099994088, 35.38486999972692], [-119.08879000011599, 35.38484200013489], [-119.08879000011599, 35.384786999887915], [-119.08872499981865, 35.38472599994291], [-119.08863100010733, 35.384635000155356], [-119.08851999977924, 35.384530000047576], [-119.08842500024299, 35.38443900003894], [-119.08825899966332, 35.384280999957156], [-119.08815300025643, 35.38417899997173], [-119.08804899960103, 35.38407999971179], [-119.08797300033139, 35.3840080002454], [-119.08797199960814, 35.38393599998235], [-119.08797099978322, 35.383863999655], [-119.08796999995833, 35.38375199983191], [-119.08789600033849, 35.38368099978502], [-119.08783000021624, 35.3836190000231], [-119.087800000079, 35.38359000028346], [-119.08776200044419, 35.383552999893375], [-119.08819900028719, 35.38354299982461], [-119.08807000041574, 35.38339599998927], [-119.08958400033437, 35.38340100003291], [-119.09081899969539, 35.38340600007624], [-119.09082000041862, 35.38354200011062], [-119.09082299989335, 35.38380499989835], [-119.09083100028927, 35.38439600035329], [-119.09122499957626, 35.38439299977825], [-119.09139700000371, 35.38439400021403], [-119.09140600022452, 35.385965000188044], [-119.09140799987438, 35.38641399985087], [-119.0913950003539, 35.38652299987645], [-119.09137600008732, 35.38668999996588], [-119.09131199961489, 35.38694799991993], [-119.09128099965275, 35.387078000356205], [-119.09128800022376, 35.38756700017167], [-119.09128800022376, 35.38760899996813], [-119.0912909996985, 35.38782100014152], [-119.09129200042173, 35.38791299965645], [-119.09128999987357, 35.387955999664406], [-119.09129200042173, 35.38814700027431], [-119.09133599990435, 35.38820599978465], [-119.09138500030816, 35.38827300015684], [-119.09153599992088, 35.38848000032114], [-119.09164600042405, 35.38858199999446], [-119.09172000004389, 35.388651999738734], [-119.09179200001392, 35.38870300021511], [-119.091827000174, 35.38872699986808], [-119.09190599981672, 35.38878200035803], [-119.09182299997606, 35.38878200035803], [-119.0916149995636, 35.38878099997661], [-119.09157000025607, 35.388751999895696], [-119.09133400025452, 35.38875300027748], [-119.09091699960467, 35.38875599995798], [-119.09087300012207, 35.38875599995798], [-119.09046300004324, 35.38875799998907], [-119.09040799979164, 35.38875899963838], [-119.08993199959058, 35.3887609996694], [-119.08993199959058, 35.3887970002188], [-119.08996199972779, 35.39055999977415], [-119.09029399998884, 35.390561000133445], [-119.09219100022209, 35.39056199976045], [-119.09219100022209, 35.39065199982652], [-119.09220600029069, 35.39422300035478], [-119.09065399983895, 35.39421600035402], [-119.0896300003651, 35.394213000144276], [-119.08942100012773, 35.394213000144276], [-119.08550600018573, 35.394199000140354], [-119.08550799983557, 35.394088000337355], [-119.08550799983557, 35.394039999821004], [-119.08550600018573, 35.39293999968707], [-119.08327400021672, 35.39294200034668], [-119.08327400021672, 35.39419200013751], [-119.08327300039183, 35.39562999989093], [-119.0832719996686, 35.397479999865155], [-119.0832719996686, 35.3975430002292], [-119.0832719996686, 35.39786500026341], [-119.07991900014137, 35.397849999892394], [-119.07589299987129, 35.39783099990661], [-119.07432899972397, 35.39782400021905], [-119.0743520001885, 35.39956300005861], [-119.07437700030286, 35.4015190001756], [-119.07437800012778, 35.40160199963671], [-119.07162300010204, 35.40159100011885], [-119.0696299996093, 35.40158400002549], [-119.06887899994696, 35.4015810000899], [-119.06881600019776, 35.40157999986725], [-119.06845600034765, 35.40157999986725], [-119.06773300027439, 35.40157899964464], [-119.0665230001294, 35.4015780001542], [-119.06594700036922, 35.40157100005971], [-119.06566500033692, 35.401576999931514], [-119.06541099989369, 35.40159299983162], [-119.06545000025177, 35.39778999984497], [-119.06848599958657, 35.397802000150946], [-119.06877199981683, 35.39780299968819], [-119.07270799967525, 35.3978180000679], [-119.07323199955688, 35.39781900033722], [-119.07323499992991, 35.397506999922605], [-119.073238000303, 35.3964370000285], [-119.0732399999528, 35.39597499964232], [-119.07324199960263, 35.39508799995796], [-119.07157799989619, 35.39508100003222], [-119.06993799958092, 35.39507700028365], [-119.0698870004256, 35.39507700028365], [-119.0698870004256, 35.39492399986554], [-119.06989200044846, 35.3940360000208], [-119.0698959997481, 35.393245999706224], [-119.06989699957302, 35.39302099999897], [-119.06990099977098, 35.39232500027926], [-119.06989999994606, 35.391479000353854], [-119.06989800029625, 35.390774999852034], [-119.06989800029625, 35.390541999894886], [-119.06795400020735, 35.39053700029386], [-119.06787200019156, 35.39063700031072], [-119.06774599979488, 35.39079499965982], [-119.06738299957169, 35.39123800035579], [-119.06703299976733, 35.39166799998519], [-119.06654300022088, 35.392040999876], [-119.06596400008765, 35.39221699964556], [-119.06598400017913, 35.3923400002135], [-119.06585000028483, 35.39237799983897], [-119.06550299995519, 35.392490999737305], [-119.06232199995712, 35.39427100002988], [-119.06142700035471, 35.39428899980911], [-119.0611810003074, 35.394293999909834], [-119.06067699961895, 35.394274000237466], [-119.06066800029645, 35.39432699998083], [-119.06066099972541, 35.394367000026634], [-119.06060100034928, 35.394698999714095], [-119.06057299986186, 35.394805999646344], [-119.06054299972465, 35.39488499966951], [-119.06051400031065, 35.394999000020654], [-119.06049199967104, 35.39506299969748], [-119.0604690001048, 35.39512300030951], [-119.06044200034064, 35.39519000006148], [-119.06041600040135, 35.39525199971677], [-119.06038799991396, 35.39531500035702], [-119.06035899960163, 35.39537699991621], [-119.06032900036271, 35.395437999861166], [-119.06029699967736, 35.39549899975998], [-119.06028199960873, 35.395527000046236], [-119.06026300024047, 35.395560000344936], [-119.06022899990528, 35.39561999985487], [-119.06019299992028, 35.39568000005245], [-119.06015600011035, 35.39573899991032], [-119.0601179995772, 35.39579700016287], [-119.06007800029256, 35.395854999641465], [-119.06004099958432, 35.39590799981029], [-119.0599960002768, 35.39596999964583], [-119.05995299972076, 35.39602599988147], [-119.05990800041323, 35.3960809997874], [-119.05986300020741, 35.39613599965576], [-119.05981700017665, 35.39619699975884], [-119.05976899959778, 35.39625499968195], [-119.05972000009227, 35.39630800032016], [-119.05966999986353, 35.39635999990383], [-119.05961899980993, 35.39641200018626], [-119.05956600010647, 35.396463000149076], [-119.05951300040302, 35.39651299979411], [-119.05899600019409, 35.39698999982836], [-119.05886899997247, 35.396900999793544], [-119.05840100016734, 35.39733299980065], [-119.05814000005142, 35.39757399989048], [-119.05809999986845, 35.39761099970679], [-119.0579330003622, 35.39776100007457], [-119.05762200001756, 35.397759000266745], [-119.05737199977231, 35.39775799999673], [-119.0565959999956, 35.398484999731956], [-119.0565979996454, 35.3987169999136], [-119.05659900036865, 35.39898400030006], [-119.0562739997803, 35.399279000250154], [-119.05281300029806, 35.4024450003584], [-119.05110600003562, 35.4040620002231], [-119.05005300024946, 35.40499000011161], [-119.05002999978491, 35.40502600000563], [-119.054196999622, 35.40507100003363], [-119.05431999964567, 35.40507200021296], [-119.05442299957784, 35.40507299966003], [-119.05607799996172, 35.40509300031475], [-119.05642799976611, 35.405097999745486], [-119.05663399963044, 35.40510000010342], [-119.05669300007997, 35.4051010002824], [-119.0566820002093, 35.40556799976191], [-119.0566820002093, 35.405629000050695], [-119.0566670001407, 35.406212999771014], [-119.05660699986623, 35.406360999915776], [-119.0565759999041, 35.406515000025266], [-119.05654999996483, 35.40667000000003], [-119.05652999987335, 35.40682599983425], [-119.0565190000027, 35.40695099966191], [-119.05650800013204, 35.40713900021498], [-119.0565059995839, 35.40729600002542], [-119.05651399997983, 35.408643999970906], [-119.05648100036785, 35.408642999835884], [-119.05648399984258, 35.40915200031707], [-119.05648700021564, 35.40928599987759], [-119.0564980000863, 35.409447999791865], [-119.05651399997983, 35.40960899998966], [-119.05653700044435, 35.409768999744784], [-119.05656599985835, 35.40992899991442], [-119.05660199984338, 35.41008700026448], [-119.05686200013437, 35.411162000349265], [-119.05689200027159, 35.41128700004146], [-119.05691700038597, 35.41141200027188], [-119.05694199960199, 35.41153799967537], [-119.05711599967927, 35.41153799967537], [-119.05872900023039, 35.41153700030841], [-119.05864899986446, 35.408865000213794], [-119.05864200019174, 35.408630999679325], [-119.06093799973486, 35.408643999970906], [-119.06147900023325, 35.40864699964364], [-119.06201300016065, 35.408650000048446], [-119.0621300003365, 35.408651000183376], [-119.06222700042088, 35.40865200031823], [-119.06226800042877, 35.40865200031823], [-119.06251199992792, 35.40865299972096], [-119.06281599970153, 35.40865499999072], [-119.06295899981666, 35.40865600012554], [-119.0630800001905, 35.40865600012554], [-119.06335200017706, 35.40865799966305], [-119.06350899963758, 35.40865799966305], [-119.0636159997677, 35.40865899979782], [-119.06387900043173, 35.40865999993263], [-119.06400199955708, 35.40866100006744], [-119.06413799999952, 35.40866200020218], [-119.06439599974237, 35.40866300033695], [-119.06451799994112, 35.40866399973954], [-119.06465199983542, 35.40866399973954], [-119.06490999957828, 35.40866600000898], [-119.0651449997549, 35.40866700014371], [-119.0653470003196, 35.408668000278375], [-119.06556900007743, 35.408668999680906], [-119.06594800019413, 35.408670999950274], [-119.06631899991488, 35.40867300021954], [-119.06648399977134, 35.40867200008489], [-119.06668700016091, 35.408674000354175], [-119.06706200007964, 35.40867599989119], [-119.06736699967817, 35.408678000160336], [-119.06767600037298, 35.408699000054874], [-119.06778199977985, 35.40870699966456], [-119.06778799962767, 35.409224000032154], [-119.0677910000007, 35.409472999984644], [-119.0677919998256, 35.4095460002689], [-119.0677919998256, 35.40958999984662], [-119.06779299965052, 35.40966500026955], [-119.06780299969626, 35.4103590001692], [-119.06780199987136, 35.41049199980733], [-119.06780500024442, 35.41054999969635], [-119.06962600030968, 35.41053699971221], [-119.07000200005331, 35.41054999969635], [-119.07039500041371, 35.410567000122946], [-119.07039899971333, 35.41084800010909], [-119.0722039998851, 35.41081699969492], [-119.07220700025813, 35.41113300026408], [-119.07220899990794, 35.411281000160194], [-119.07221399993084, 35.41177000036278], [-119.07222099960353, 35.4123860001587], [-119.07294700004984, 35.41238800033575], [-119.07451799986985, 35.41239300004609], [-119.07451600022002, 35.41224600008609], [-119.07461699960405, 35.41224600008609], [-119.07461599977914, 35.412200999671136], [-119.07504000010168, 35.412201999762], [-119.07507400043687, 35.412201999762], [-119.07513700018603, 35.412201999762], [-119.07542400024123, 35.412202999852845], [-119.07555099956453, 35.41221199993761], [-119.0756269997325, 35.41221699965885], [-119.07582699974905, 35.412231000194566], [-119.0764080004304, 35.41224000027621], [-119.07644500024033, 35.412240999634456], [-119.07661799959438, 35.41224299981516], [-119.07693700033492, 35.41224600008609], [-119.07706000035856, 35.41224600008609], [-119.07787200012031, 35.412249999714966], [-119.07795499996097, 35.412250999805224], [-119.07872999991278, 35.41225299998564], [-119.0788379998678, 35.41225299998564], [-119.07897199976212, 35.41218799995338], [-119.0789700001123, 35.411950999999746], [-119.07896400026452, 35.41134700029339], [-119.07896500008941, 35.41053199988674], [-119.07461800032728, 35.41051400007306], [-119.07461999997709, 35.410381999852596], [-119.07462499999997, 35.41011700011057], [-119.07460699955833, 35.40882500003913], [-119.07459999988559, 35.408322999930235], [-119.0745580000528, 35.40685399984767], [-119.07455899987772, 35.40678200021199], [-119.07456600044875, 35.406385000170914], [-119.07456899992346, 35.40554000003397], [-119.07456800009857, 35.405366999851886], [-119.07455899987772, 35.405112000053535], [-119.07561800040999, 35.40511600003646], [-119.07869499975268, 35.405126000359104], [-119.08111300039286, 35.405127999984195], [-119.08331799969933, 35.40513800030536], [-119.08779699970597, 35.40515499967696], [-119.09221899981117, 35.40517900029118], [-119.09221899981117, 35.40532499978556], [-119.09221899981117, 35.40566800017514], [-119.09221799998627, 35.405740000073756], [-119.09221799998627, 35.406549999809464], [-119.09221799998627, 35.40746300029489], [-119.09221799998627, 35.40839099983345], [-119.09221799998627, 35.40880599971127], [-119.08996900029882, 35.40877999991045], [-119.08778400018551, 35.4087839997114], [-119.08349099995172, 35.40877499997599], [-119.08333899961576, 35.408777000242665], [-119.08334000033896, 35.408908000031566], [-119.08334399963863, 35.409435000362144], [-119.0836030001047, 35.409435000362144], [-119.08484500003674, 35.409438000005444], [-119.08556300008715, 35.40943900013059], [-119.08571500042311, 35.40943900013059], [-119.08583099987575, 35.409440000255664], [-119.08585199979213, 35.41000899988017], [-119.08582699967778, 35.410787000109394], [-119.08687299979125, 35.41082800015032], [-119.08996699975069, 35.41083500017302], [-119.09221799998627, 35.41084200019519], [-119.09221799998627, 35.41086699995554], [-119.09221799998627, 35.4113030002106], [-119.09221700016136, 35.41243299991409], [-119.09221899981117, 35.41355500001942], [-119.09222100035933, 35.414545999948096], [-119.09222300000914, 35.41558999980968], [-119.09222499965895, 35.41693900015615], [-119.09222700020709, 35.41757000033536], [-119.09222999968182, 35.41971100030121], [-119.09699800029175, 35.41974300021926], [-119.09842000014885, 35.41975200019394], [-119.1010990000066, 35.41977000014029], [-119.10328199957182, 35.419785000092446], [-119.1039209999795, 35.419789000079255], [-119.1043360000812, 35.41979100007255], [-119.10558700023407, 35.41980000004187], [-119.1055389996552, 35.419718000284355], [-119.1055389996552, 35.41937799966726], [-119.1055389996552, 35.41888000017397], [-119.10553799983028, 35.41841200021712], [-119.10553799983028, 35.41803500000336], [-119.10553799983028, 35.41798999989302], [-119.10902799962484, 35.41801000027055], [-119.10919000000654, 35.418011000289255], [-119.10971100041344, 35.418014000345416], [-119.10996699960818, 35.41800700021423], [-119.10996699960818, 35.418350000072095], [-119.10996699960818, 35.41982899993615], [-119.10997099980612, 35.42176500001315], [-119.1099750000041, 35.42299400032428], [-119.10998500004983, 35.42709999975102], [-119.113862000357, 35.427072000184516], [-119.11894999973575, 35.42703599989104], [-119.11894200023814, 35.42788999987293], [-119.11899199956854, 35.4278930002932], [-119.11894899991086, 35.43066999978487], [-119.1151579998174, 35.43069099980344], [-119.11517399971092, 35.431678000354246], [-119.11450900026229, 35.43168300033143], [-119.11251199957162, 35.431696999680355], [-119.11251300029485, 35.43155999977783], [-119.11129200027919, 35.431568000045694], [-119.11105000042986, 35.43156999974654], [-119.11006399969254, 35.43159799994513], [-119.1100620000427, 35.431577000163074], [-119.11006600024068, 35.430726000066144], [-119.10996499995835, 35.430726000066144], [-119.10109200033392, 35.430667000200025], [-119.10109399998373, 35.43010300014166], [-119.10109999983152, 35.428911000052935], [-119.10110900005236, 35.42704000024981], [-119.09808100021515, 35.42701900001123], [-119.09759599979324, 35.42701600029041], [-119.09702900025391, 35.42701199993049], [-119.09224099955249, 35.42698099987926], [-119.08949999977047, 35.42697700024962], [-119.08631299992457, 35.426972999887774], [-119.08339399986731, 35.42696900025769], [-119.08117899961675, 35.426965999803], [-119.0783440001234, 35.42696100026497], [-119.0770489995896, 35.42695899971766], [-119.07452799991559, 35.42695599999461], [-119.07453100028864, 35.43103700012246], [-119.0872999995885, 35.44068299982689], [-119.08764100007036, 35.44099400021506], [-119.08771800006326, 35.44106399981906], [-119.08789499961524, 35.44103599998475], [-119.08820299958683, 35.441003000010724], [-119.08885700006313, 35.44098699988537], [-119.089186999776, 35.44101699993483], [-119.08992400009298, 35.44108299985792], [-119.09058500024197, 35.441166000283175], [-119.09116799967485, 35.44124800016076], [-119.0921779998033, 35.44132799976448], [-119.09516700018075, 35.44141600004186], [-119.0983599998744, 35.44141999968623], [-119.0992899996369, 35.441421000146164], [-119.10073199958548, 35.44142300033419], [-119.1076810001108, 35.441440999828636], [-119.1086879998662, 35.441443999743946], [-119.10949200013034, 35.441445999931396], [-119.10990999970674, 35.4414469996592], [-119.11014999990627, 35.441448000118804], [-119.1142359995525, 35.44145699986376], [-119.11884099995582, 35.44146700006703], [-119.12260299973694, 35.44147599980982], [-119.12329400002317, 35.44147700026912], [-119.1277100002806, 35.44148800019719], [-119.12978999991361, 35.4414910001108], [-119.13582600039487, 35.44149900012376], [-119.13657700005724, 35.44150100030984], [-119.13660200017159, 35.44150100030984], [-119.14087899961356, 35.44150900032186], [-119.14139199962455, 35.44151000004883], [-119.14161299955745, 35.44151000004883], [-119.14570099975182, 35.44152000024557], [-119.14569900010201, 35.44143200008193], [-119.14565499972109, 35.43869599970004], [-119.14561999956095, 35.4365629998517], [-119.14560299984255, 35.43550400030394], [-119.14556699985754, 35.43328599999571], [-119.14554900031416, 35.43220299992346], [-119.14554199974319, 35.43175600025579], [-119.14546899994824, 35.42726300035412], [-119.14546499975029, 35.42698799996274], [-119.14549300023768, 35.42726300035412], [-119.14551800035203, 35.427397999710195], [-119.14555000013908, 35.42753400020451], [-119.14558899959883, 35.42766799993952], [-119.14563600035282, 35.42779999965715], [-119.14568900005628, 35.42793099999482], [-119.14574900033072, 35.428058999705435], [-119.14581700010278, 35.42818600005224], [-119.14588999989772, 35.42830999979415], [-119.14597100008858, 35.428430999677026], [-119.14605800012723, 35.4285489997144], [-119.14615100001363, 35.428663999919436], [-119.14624999974784, 35.42877499968792], [-119.14635400040322, 35.42888299965209], [-119.14646499983299, 35.42898699994161], [-119.14658100018394, 35.429086999839974], [-119.1501210002072, 35.431811999781914], [-119.15352599961298, 35.43443300002897], [-119.15362299969738, 35.434548999696254], [-119.15371300010905, 35.43466800009622], [-119.15379699977463, 35.43479100029403], [-119.15387399976753, 35.43491599992175], [-119.15394400008772, 35.435045000048376], [-119.15400799966183, 35.43517499977402], [-119.15406399973831, 35.43530800016571], [-119.15411200031723, 35.435442999942396], [-119.15415400015003, 35.43557900002526], [-119.15418699976195, 35.4357170002082], [-119.15421400042445, 35.43585599995184], [-119.15423299979274, 35.43599500018746], [-119.1542439996634, 35.4361349999768], [-119.15424700003642, 35.43627600004666], [-119.15423899964051, 35.44152999970919], [-119.16317499991241, 35.44154799991154], [-119.17203699966622, 35.441566999836105], [-119.18090599999097, 35.441588999666216], [-119.18179200027089, 35.44159000012405], [-119.1897710001178, 35.44160300022025], [-119.19420200044387, 35.44160900003877], [-119.19420200044387, 35.441526999797034], [-119.19421599978924, 35.43810100009156], [-119.19849700032745, 35.4416149998568], [-119.19874300037475, 35.4416149998568], [-119.19910200039996, 35.44161600031432], [-119.19962100025873, 35.441617000040004], [-119.20379499976852, 35.44162400031491], [-119.2038290001037, 35.44162400031491], [-119.20491799987485, 35.441625000040496], [-119.20549199998521, 35.44162700022345], [-119.20750399984621, 35.44163099985734], [-119.21212099994507, 35.44163699967374], [-119.21617099960629, 35.4416430002216], [-119.21637099962282, 35.4416430002216], [-119.2163489998815, 35.434150999774914], [-119.21642900024746, 35.42717499997967], [-119.21204399995217, 35.42714300008584], [-119.21210900024951, 35.42379899966175], [-119.21217399964851, 35.41978800008256], [-119.20774499987058, 35.41978200010229], [-119.19870300019177, 35.41977000014029], [-119.19871200041261, 35.41622499973573], [-119.19872199956004, 35.41251000006171], [-119.18984399991274, 35.41250300018444], [-119.18115200003831, 35.412497999748794], [-119.18098100033406, 35.412497999748794], [-119.17210699998641, 35.41248899969596], [-119.16362299962609, 35.41247999964213], [-119.16323299963877, 35.41247999964213], [-119.16323799966163, 35.41216399996195], [-119.16324600005755, 35.40912399963768], [-119.16324699988245, 35.408850999825425], [-119.1632500002555, 35.407577999849636], [-119.1632500002555, 35.40753600020319], [-119.16325100008042, 35.40707499987343], [-119.16325399955517, 35.40585700022936], [-119.16325600010329, 35.405048999746505], [-119.16325799975311, 35.4040810002049], [-119.16325799975311, 35.40383999979611], [-119.16326299977598, 35.40166100028681], [-119.1632639996009, 35.40160800023844], [-119.16239599976268, 35.40161800026404], [-119.16103699965477, 35.40161800026404], [-119.16066900030705, 35.40161700004191], [-119.16049799970452, 35.401754000342684], [-119.16049799970452, 35.402112000131204], [-119.16029699986308, 35.4021109999152], [-119.16029699986308, 35.401754000342684], [-119.16022099969507, 35.40168899989762], [-119.16013500037967, 35.40161700004191], [-119.15665999975539, 35.40161700004191], [-119.15623100030834, 35.40161700004191], [-119.1549490001933, 35.40161800026404], [-119.15478199978872, 35.40163299993402], [-119.15473499993304, 35.40164100024503], [-119.15465600029034, 35.40165499968901], [-119.1546119999094, 35.401662999997846], [-119.15456199968068, 35.401674999727305], [-119.15460600006163, 35.401750999681184], [-119.15475500002454, 35.402008999780236], [-119.1549419996223, 35.402238999643515], [-119.1549900002012, 35.40227900015762], [-119.15508499973744, 35.40236500020726], [-119.15516500010338, 35.402433000011314], [-119.15616400036117, 35.4032540000528], [-119.15621299986665, 35.40329900033779], [-119.15626200027047, 35.40335300020726], [-119.15630499992815, 35.40341100010815], [-119.15634000008826, 35.40347199983263], [-119.15637199987532, 35.40355299981556], [-119.15638699994392, 35.40360199999175], [-119.15639899963948, 35.40366799982334], [-119.15629099968447, 35.40368299984406], [-119.15618399955433, 35.403704000307755], [-119.15607800014743, 35.40373099974526], [-119.15597600004018, 35.40376300015162], [-119.15587599958276, 35.40380100025162], [-119.15577900039669, 35.40384399984221], [-119.15569300018295, 35.403888000336046], [-119.1555969999235, 35.40394499965869], [-119.15551200043299, 35.40400199967325], [-119.15544100028788, 35.40394400019758], [-119.15537000014277, 35.40399899982765], [-119.15504899975244, 35.40426100007962], [-119.15473599975796, 35.4045329998763], [-119.15410899994416, 35.40500799969455], [-119.15430399993785, 35.40516899997511], [-119.15567200026658, 35.40628799967554], [-119.15709400012366, 35.407455999979284], [-119.15779499955731, 35.40802699998465], [-119.15877100024889, 35.408828999837844], [-119.15867199961637, 35.408911999826174], [-119.1565559999983, 35.41068299975135], [-119.15644600039349, 35.41077199994638], [-119.15638000027121, 35.41071400021706], [-119.15620000034617, 35.41055699974326], [-119.15423600016577, 35.408844999762856], [-119.15355999994817, 35.40830099979853], [-119.15346700006177, 35.40820599969332], [-119.15270999965328, 35.40757600028533], [-119.15223199980238, 35.40718200022147], [-119.15176900002014, 35.40679899996906], [-119.15130500041295, 35.40647000007126], [-119.15066099998238, 35.40606600025371], [-119.14970299973248, 35.40567700025755], [-119.14924400014817, 35.40555199991853], [-119.14898399985718, 35.40548200020051], [-119.14810699979812, 35.405366999851886], [-119.1480709998131, 35.405335000082275], [-119.14549900008548, 35.40522300005626], [-119.14357599991297, 35.4052200002561], [-119.14331599962195, 35.40521900007865], [-119.14332099964484, 35.40502399964585], [-119.14332900004077, 35.40244000003095], [-119.14332599966771, 35.3995089998472], [-119.143691000439, 35.39953100018174], [-119.14405499958873, 35.39955200026256], [-119.14457000014788, 35.39954199998065], [-119.14507399993802, 35.399476999948874], [-119.14550900013121, 35.39940700008139], [-119.1455080003063, 35.398156000318295], [-119.14529999989385, 35.397985000201906], [-119.14256699960941, 35.39797900006279], [-119.1417980004037, 35.397977000260376], [-119.14157499992264, 35.397977000260376], [-119.13996800011762, 35.39797299992317], [-119.13987299968306, 35.39798700000407], [-119.13978999984238, 35.398012000090255], [-119.13975300003244, 35.39802999976669], [-119.1397079998266, 35.39805199977259], [-119.13963000000878, 35.39810999982591], [-119.13957700030535, 35.39816799983752], [-119.13947299964998, 35.39834400014765], [-119.13920999988424, 35.39824900002382], [-119.13911299979985, 35.398219999686226], [-119.13890199991268, 35.39815699985115], [-119.13858700026839, 35.398082999970384], [-119.1383470000689, 35.39803899996951], [-119.13810100002159, 35.39800700022009], [-119.13802300020377, 35.39799699974659], [-119.13777799998138, 35.397977000260376], [-119.13745900013917, 35.39796699978316], [-119.13667199959349, 35.39796600024794], [-119.1366730003167, 35.39738899982197], [-119.13667499996654, 35.39653700005206], [-119.13667599979144, 35.39609099976625], [-119.13667699961636, 35.39567699989719], [-119.13667900016452, 35.39522099989508], [-119.13672900039323, 35.39497500003719], [-119.13671000012664, 35.394648000100204], [-119.13674299973857, 35.39389499997955], [-119.13671199977644, 35.393861999731776], [-119.13669900025599, 35.39381399981322], [-119.13668699966209, 35.39377299990596], [-119.13668199963922, 35.39370399980059], [-119.13668199963922, 35.39364499991846], [-119.13668199963922, 35.39361099997911], [-119.13668300036244, 35.39351800005039], [-119.13668300036244, 35.393308000123845], [-119.13668400018736, 35.392964999873364], [-119.13668500001228, 35.392718999724124], [-119.13666300027096, 35.392329999769444], [-119.13662300008798, 35.392288999840034], [-119.13660399982143, 35.39223699982808], [-119.13660800001938, 35.392191999959664], [-119.1366299997607, 35.392150999960045], [-119.13666900011874, 35.392115999783144], [-119.1366859998372, 35.392078999642365], [-119.1366859998372, 35.39203300007702], [-119.1366859998372, 35.39195099989532], [-119.13668800038533, 35.39121900027671], [-119.13668500001228, 35.39091000028927], [-119.1365529997678, 35.39080199995759], [-119.1338710004353, 35.38859899992747], [-119.13376699977994, 35.388516000263685], [-119.13376699977994, 35.38856799974541], [-119.13376599995502, 35.38893400033194], [-119.13376299958196, 35.38933600029883], [-119.1335759999842, 35.38934400036528], [-119.13339500023424, 35.38941299980699], [-119.13334599983045, 35.38943200031154], [-119.13328700027921, 35.389461000147946], [-119.13319199984466, 35.389487999961055], [-119.13316300043066, 35.38944599967831], [-119.13312800027057, 35.38940299973234], [-119.13309399993535, 35.38936700018575], [-119.13305100027767, 35.38932499984], [-119.1330189995923, 35.38929900034736], [-119.13300699989675, 35.38928900025855], [-119.13297099991172, 35.389258999984804], [-119.1329199998581, 35.38921700031516], [-119.13287499965223, 35.38918099995321], [-119.13283000034474, 35.38914300028605], [-119.13259000014521, 35.388945999758775], [-119.13246999959631, 35.388847999871146], [-119.13244799985499, 35.38883000034215], [-119.13230100044022, 35.38870900031208], [-119.13216400017286, 35.38859600024112], [-119.13212900001277, 35.38856799974541], [-119.13207299993626, 35.38852199964221], [-119.13202100005773, 35.388478999936034], [-119.13182699988897, 35.388320000056794], [-119.13171300008615, 35.388226000229494], [-119.13169800001755, 35.388213999963185], [-119.13160099993317, 35.38813400033916], [-119.13139699971866, 35.387980000272066], [-119.1313699999545, 35.38800499979886], [-119.1313440000152, 35.388023999902714], [-119.13124699993085, 35.38810399963585], [-119.13116400009017, 35.38817199974939], [-119.13111300003654, 35.388213000307076], [-119.13097800031731, 35.388322999753406], [-119.13090999964693, 35.38837799978648], [-119.13085600011857, 35.38842300031831], [-119.13082599998135, 35.3884470000546], [-119.13077800030077, 35.388485999702404], [-119.13072700024716, 35.3885279997527], [-119.13069299991197, 35.3885619996379], [-119.13060099985044, 35.388651999738734], [-119.13054800014702, 35.38870100018265], [-119.13049100024558, 35.388718000090584], [-119.13031600034341, 35.38877099982364], [-119.13029100022905, 35.38883099999062], [-119.13026000026692, 35.38887400024154], [-119.1302870000311, 35.390116999747974], [-119.1302660001147, 35.39015299969218], [-119.13027399961231, 35.39018099963765], [-119.13033100041203, 35.39018099963765], [-119.13045000023772, 35.39018200000165], [-119.13045000023772, 35.39026399978508], [-119.13045500026058, 35.39044300012105], [-119.13045100006264, 35.39061499974642], [-119.1303380000847, 35.39060200020906], [-119.13022000008397, 35.39062099970121], [-119.13012499964938, 35.39062000007493], [-119.1299780002346, 35.39061499974642], [-119.12996900001379, 35.39055900014712], [-119.12991700013524, 35.39055399981482], [-119.12984699981504, 35.39054700022792], [-119.1297730001952, 35.39053599993427], [-119.12969700002722, 35.39052499963906], [-119.12964500014868, 35.39051600006219], [-119.12960900016368, 35.39050899973965], [-119.1295699998056, 35.39050099978878], [-119.12952200012502, 35.390490999849014], [-119.12947199989631, 35.39048099990807], [-119.12941599981983, 35.390468999977266], [-119.12936099956825, 35.39045799967298], [-119.12930899968971, 35.39044900008864], [-119.1292519997883, 35.39042100023617], [-119.12902699965738, 35.39040799993525], [-119.12840900006444, 35.390388000031436], [-119.12826299957624, 35.39037899970699], [-119.12826400029948, 35.39047099996583], [-119.12826299957624, 35.390582000353405], [-119.12826199975132, 35.390653000184734], [-119.1282600001015, 35.3906900002474], [-119.12841800028525, 35.3906909998728], [-119.12865299956358, 35.39069200023048], [-119.12888600009039, 35.39070600011089], [-119.12911600024417, 35.3907330002395], [-119.1293439998498, 35.390772999871004], [-119.12957499982846, 35.39081999977877], [-119.12980400015734, 35.39085400016246], [-119.13003599996095, 35.390875000306124], [-119.13027500033554, 35.390883000219915], [-119.13080900026293, 35.390883999842934], [-119.13080800043801, 35.39139700034114], [-119.13081099991274, 35.391690000262244], [-119.13083199982914, 35.39180700030324], [-119.1308629997913, 35.391905999867326], [-119.13088700008072, 35.39198099990001], [-119.13090399979917, 35.39208799977715], [-119.13090700017223, 35.39215499985375], [-119.13090600034731, 35.39221699964556], [-119.13045199988754, 35.392214000093716], [-119.12986799973145, 35.392208000257504], [-119.12822199956837, 35.39219300029871], [-119.12800999985625, 35.39219100035286], [-119.12797399987124, 35.39219100035286], [-119.12791000029713, 35.39219000001372], [-119.1278590002435, 35.39218899967463], [-119.12785699969537, 35.392886000166214], [-119.12785300039575, 35.393834000331985], [-119.12784900019777, 35.394727999853465], [-119.12784900019777, 35.39480699995303], [-119.12784900019777, 35.39490600022805], [-119.12784300035, 35.39606399996692], [-119.12783599977898, 35.39793800007641], [-119.12543700030369, 35.397957000036975], [-119.12450400016816, 35.397963999712985], [-119.12310700042542, 35.39797499972568], [-119.12276299957053, 35.397977999795444], [-119.12147799998077, 35.3979880002713], [-119.12021099993437, 35.397998000013644], [-119.11890500042824, 35.39800799975479], [-119.11671799976676, 35.39802499989763], [-119.11639999974943, 35.39802799996554], [-119.11483099957927, 35.39804000023609], [-119.11451500011009, 35.39804200003689], [-119.11442700024652, 35.39804300030343], [-119.11442800007141, 35.39690000024512], [-119.11442200022366, 35.39588400009743], [-119.1144310004445, 35.394870999782256], [-119.11442700024652, 35.39385400011349], [-119.11442300004857, 35.3928510003083], [-119.11440200013217, 35.39255600027457], [-119.11440700015505, 35.39155799997467], [-119.11441499965265, 35.39072900027526], [-119.11420499959037, 35.39072999990019], [-119.11386800020477, 35.39072999990019], [-119.11217500018601, 35.39073500022157], [-119.11106100030051, 35.39073900018551], [-119.11105399972949, 35.390655999794575], [-119.11100900042199, 35.390655000168735], [-119.11100500022401, 35.389713999642275], [-119.11100500022401, 35.38967000020115], [-119.11100500022401, 35.38954800032699], [-119.11138299961749, 35.38954800032699], [-119.11138299961749, 35.38934900004025], [-119.11342700016382, 35.38932400019767], [-119.11347900004235, 35.38932400019767], [-119.11356400043117, 35.38932299982297], [-119.11436600014716, 35.38932000016356], [-119.11436000029938, 35.3891319998009], [-119.11432400031435, 35.387070000065], [-119.11442100039874, 35.387070000065], [-119.1189170001238, 35.387070000065], [-119.11891799994872, 35.38607899996562], [-119.11892100032175, 35.38348699970965], [-119.11705500005066, 35.38348300011848], [-119.11441300000284, 35.38347800007991], [-119.1142849999563, 35.38347800007991], [-119.1135800003247, 35.383475999917955], [-119.11216199976722, 35.38347399975589], [-119.1115319995804, 35.38347300004104], [-119.1099049996839, 35.383470000164074], [-119.10879599982124, 35.383467000286934], [-119.10546900023328, 35.38345700020757], [-119.1016830001627, 35.38344499996413], [-119.10168700036067, 35.38329500006672], [-119.10167899996475, 35.382256000258955], [-119.10104200010521, 35.382259999910964], [-119.10104700012808, 35.38155699997997], [-119.10102500038676, 35.381060000197756], [-119.10104999960281, 35.37981400027211], [-119.10105200015094, 35.37973899991247], [-119.10633399969846, 35.37975499975091], [-119.10633600024659, 35.379288999952394], [-119.10634000044456, 35.37851999991642], [-119.10634499956912, 35.37745600028201], [-119.10647099996581, 35.37746300027247], [-119.10741699962185, 35.37746400006179], [-119.10835599960517, 35.37746599964034], [-119.10929499958851, 35.37746700016209], [-119.10983199988895, 35.37746799995136], [-119.10985000033061, 35.37636700033811], [-119.10985500035348, 35.37613299997552], [-119.1077210002938, 35.37612599986968], [-119.10550400039337, 35.37612000030168], [-119.10356000030447, 35.37611300019472], [-119.10331099988413, 35.376111999656246], [-119.10330400021142, 35.37599500028867], [-119.10329499999061, 35.37582800003365], [-119.10329900018856, 35.37514499975307], [-119.10330300038653, 35.3743610001646], [-119.10330300038653, 35.37423399996567], [-119.10345499982417, 35.374212000055095], [-119.1038509996593, 35.37420999966337], [-119.10409400023185, 35.37420899983378], [-119.10447400017345, 35.374206000344785], [-119.10466900016712, 35.374206000344785], [-119.10540300011105, 35.374200999731315], [-119.10551199989098, 35.374200999731315], [-119.10551699991387, 35.37328600017785], [-119.10552100011182, 35.37248700014829], [-119.10552199993674, 35.3720460002058], [-119.10995800028564, 35.37206499967331], [-119.10996199958531, 35.37132900033764], [-119.10996499995835, 35.370681999913636], [-119.11000699979115, 35.370681000040285], [-119.11015300027931, 35.370681000040285], [-119.1105590001602, 35.37068299978692], [-119.11077599989518, 35.370683999660244], [-119.11128999973106, 35.370685000266064], [-119.11158400035724, 35.370686000139365], [-119.11221199999596, 35.37068899975913], [-119.11279399960391, 35.370690000364895], [-119.11280199999983, 35.368956000111396], [-119.11289200041155, 35.36895700000611], [-119.11301600026007, 35.36895700000611], [-119.11308700040519, 35.36895700000611], [-119.11313900028372, 35.36895700000611], [-119.11425300016924, 35.36896100031739], [-119.11450099986637, 35.36896200021199], [-119.11450099986637, 35.369004000171145], [-119.11457299983638, 35.369004000171145], [-119.114912999595, 35.369005000065265], [-119.11494899958004, 35.369005000065265], [-119.11512799968018, 35.36900099975617], [-119.11512799968018, 35.36896499989587], [-119.11518499958157, 35.36896499989587], [-119.11525900009974, 35.36896499989587], [-119.11531099997828, 35.36896499989587], [-119.11563300019355, 35.36896699968507], [-119.11563300019355, 35.369007999747495], [-119.1167649996224, 35.369005000065265], [-119.1167649996224, 35.368970999995796], [-119.1172910000522, 35.368972999784845], [-119.1176070004197, 35.368973999679355], [-119.11841400015855, 35.3689799997786], [-119.1184590003644, 35.37071199977059], [-119.1185930002587, 35.37071199977059], [-119.11902099988089, 35.37070800027862], [-119.11907500030755, 35.370709000151635], [-119.11904199979726, 35.36904899978916], [-119.11916499982092, 35.369047999895585], [-119.11936900003543, 35.36904899978916], [-119.11941500006616, 35.36904899978916], [-119.11985600010715, 35.369051000308765], [-119.12030700019385, 35.369052000202295], [-119.12030700019385, 35.368983000194305], [-119.12041199977583, 35.36898400008868], [-119.12055900008892, 35.36898499998305], [-119.1207969997403, 35.368983000194305], [-119.12079799956523, 35.369093000221554], [-119.12079799956523, 35.369284000072625], [-119.12079500009048, 35.36970999997985], [-119.12078599986964, 35.3705350000871], [-119.12128600036016, 35.370534000211926], [-119.1212829999871, 35.37112299998424], [-119.1220010000375, 35.37108599973709], [-119.12289099961704, 35.3710699996447], [-119.12319000026608, 35.37106000022634], [-119.12354799956809, 35.37104800033664], [-119.12354099989537, 35.3725410001401], [-119.1235359998725, 35.37334899966313], [-119.12325999968799, 35.373346999982495], [-119.12325499966511, 35.374353999905054], [-119.12353099984963, 35.374354999732894], [-119.12352199962879, 35.376167999763005], [-119.12369599970609, 35.37616900030084], [-119.12505800018704, 35.376173000254596], [-119.12591299960647, 35.37617499986519], [-119.12792600019067, 35.37618000035636], [-119.13078300032363, 35.37618900006769], [-119.1323850001058, 35.376193000020464], [-119.13237900025801, 35.37511699971579], [-119.13237599988496, 35.37470900026805], [-119.13236699966414, 35.37327999966621], [-119.13236400018941, 35.37270399974697], [-119.13618000039722, 35.37259500009574], [-119.13678999959426, 35.372577999720214], [-119.13678899976937, 35.37261000003635], [-119.1387079997439, 35.37265800012043], [-119.13871000029204, 35.37321399986876], [-119.1390590002715, 35.37321499971073], [-119.13906099992131, 35.37258400028406], [-119.14033100034075, 35.37258699983333], [-119.14059199955835, 35.372587999683056], [-119.14308399981837, 35.37259400024615], [-119.14459400043732, 35.37259799964461], [-119.14553199969745, 35.372590999964636], [-119.14553199969745, 35.37281600025674], [-119.14572099984333, 35.37281999964419], [-119.14573099988907, 35.37339700004017], [-119.14573699973685, 35.376230999928225], [-119.14581200007991, 35.379238000115954], [-119.14581399972974, 35.37935499990828], [-119.1457960001864, 35.38086100021059], [-119.14578899961539, 35.381439999718765], [-119.14693900038424, 35.3814380002387], [-119.14726499989914, 35.3814380002387], [-119.1475009999007, 35.3814380002387], [-119.14792000020036, 35.381782000174375], [-119.14791900037544, 35.38195999982496], [-119.14792000020036, 35.3823510001804], [-119.14792000020036, 35.38274899963742], [-119.1479229996751, 35.383506999859826], [-119.14773799972717, 35.38350800030665], [-119.14773500025242, 35.38516299992302], [-119.14773500025242, 35.3857659998497], [-119.14712299960894, 35.38607699986815], [-119.14695600010266, 35.38617300009791], [-119.14670500003248, 35.38583099994794], [-119.14664800013108, 35.38586000034674], [-119.14688999998044, 35.38617300009791], [-119.14650400019104, 35.386390999920714], [-119.14570099975182, 35.386390999920714], [-119.14570199957674, 35.38653800015738], [-119.1457059997747, 35.38677900028458], [-119.14570699959962, 35.386894000048905], [-119.14571099979757, 35.387123999818144], [-119.14572099984333, 35.38758200025839], [-119.14662399984164, 35.38758000019819], [-119.14662200019181, 35.38712500022012], [-119.14773400042753, 35.38712799996116], [-119.14995200015282, 35.387127000291656], [-119.15439599999934, 35.38710700030662], [-119.15439599999934, 35.38689600012618], [-119.15440799969491, 35.383503999984114], [-119.15109600017557, 35.38350600014538], [-119.15109299980251, 35.38289899981768], [-119.15109199997762, 35.38262399964038], [-119.15109299980251, 35.382112000203264], [-119.15109299980251, 35.38207199993875], [-119.15181599987581, 35.38207199993875], [-119.15248899972035, 35.38207199993875], [-119.15277099975266, 35.38206300015118], [-119.15276999992774, 35.38179600013643], [-119.15277099975266, 35.381548000134934], [-119.15277099975266, 35.38125899969408], [-119.15276999992774, 35.38101100023911], [-119.15277099975266, 35.38076399977028], [-119.15277099975266, 35.38058499992752], [-119.15277099975266, 35.38036500028879], [-119.15277099975266, 35.38024600025422], [-119.15277099975266, 35.38006699999465], [-119.15277099975266, 35.37990999989838], [-119.15277099975266, 35.379869000247446], [-119.15331800009884, 35.37987000000695], [-119.15422199992209, 35.379870999766446], [-119.15440900041816, 35.37987699978798], [-119.15440900041816, 35.37975499975091], [-119.15440900041816, 35.379191999819405], [-119.15441000024308, 35.377489999706725], [-119.15440299967204, 35.3774229999004], [-119.15440799969491, 35.37692199963989], [-119.15441000024308, 35.376238000024955], [-119.15441100006797, 35.37387200014172], [-119.15441100006797, 35.3726879999754], [-119.15441199989286, 35.37085900000722], [-119.15441199989286, 35.36911300027701], [-119.15666599960318, 35.36912299993664], [-119.15671800038002, 35.36912299993664], [-119.15860399984432, 35.36913199970244], [-119.15870799960139, 35.36913199970244], [-119.15876600022602, 35.36913199970244], [-119.15881700027965, 35.36913199970244], [-119.15885200043974, 35.36913199970244], [-119.15887199963292, 35.3691330003275], [-119.15894399960293, 35.3691330003275], [-119.15915799986318, 35.3691330003275], [-119.15956600029219, 35.36913400022003], [-119.15995999957916, 35.369136000005035], [-119.16013100018169, 35.369136000005035], [-119.16013100018169, 35.36914700028666], [-119.16013100018169, 35.36957099967777], [-119.16013100018169, 35.37043199969533], [-119.1601300003568, 35.370769999706575], [-119.1601300003568, 35.37081499980498], [-119.16052500036702, 35.370802000007004], [-119.1621780002028, 35.37080299987886], [-119.16217900002772, 35.37038600023889], [-119.1621780002028, 35.368989000292885], [-119.16220599979188, 35.368989000292885], [-119.16328700006545, 35.36899199997576], [-119.16347100018847, 35.36899199997576], [-119.1634679998154, 35.370031999786434], [-119.16364299971758, 35.370030000023675], [-119.1660720002284, 35.3699970002678], [-119.16754199976606, 35.36997699969893], [-119.16757899957601, 35.37294299975725], [-119.16761100026137, 35.37541400016539], [-119.16762200013201, 35.376238000024955], [-119.16769499992697, 35.376238000024955], [-119.16998999964515, 35.37623400007437], [-119.17216600043596, 35.37623000012363], [-119.17228799973637, 35.37622900031902], [-119.17224099988071, 35.369016000364745], [-119.17213600029874, 35.36898599987741], [-119.1720779996741, 35.368969000206704], [-119.16771199964538, 35.36896499989587], [-119.16771099982046, 35.368868999701554], [-119.16771099982046, 35.365355999991], [-119.16326500032413, 35.365355999991], [-119.1632710001719, 35.366395999766205], [-119.16327399964663, 35.36679400026993], [-119.16327799984458, 35.36753500023156], [-119.16328000039272, 35.36806199991757], [-119.16328100021764, 35.368109999776365], [-119.16310200011749, 35.36808200022844], [-119.16170600019969, 35.368097000275256], [-119.1599539997314, 35.368066000273146], [-119.15921800013763, 35.368056999655884], [-119.15914000031984, 35.36805100022058], [-119.15893100008245, 35.36807300034557], [-119.15884599969365, 35.36807699996806], [-119.15883399999808, 35.365347999743555], [-119.1566179999226, 35.365344999925306], [-119.15440299967204, 35.365341000167405], [-119.15440400039526, 35.36567399984403], [-119.15440500022018, 35.366322999976205], [-119.15440799969491, 35.36710099975957], [-119.15440799969491, 35.36734499981922], [-119.15440900041816, 35.36794699968188], [-119.15425799990709, 35.36794599977465], [-119.1541750000664, 35.36794599977465], [-119.15375499994184, 35.3679449998674], [-119.15375400011692, 35.3687839997241], [-119.15205299970226, 35.3688000002696], [-119.15097999982461, 35.36881299965755], [-119.15054700017957, 35.368823000086834], [-119.14994799995488, 35.36883700009975], [-119.14752900038812, 35.36880999996802], [-119.14571599982044, 35.36880999996802], [-119.14553800044352, 35.36895099990515], [-119.14553900026844, 35.367080999938125], [-119.14553900026844, 35.36636499984339], [-119.14554099991827, 35.36247399965706], [-119.14554099991827, 35.362328000243764], [-119.14554199974319, 35.36135400010134], [-119.14554199974319, 35.36129200003445], [-119.14554199974319, 35.36121100009988], [-119.14554199974319, 35.36115699985413], [-119.14554199974319, 35.36105399994998], [-119.14554199974319, 35.36063999975672], [-119.14554199974319, 35.359682999928296], [-119.14554299956811, 35.35898099967919], [-119.14554299956811, 35.35746800035517], [-119.14554400029132, 35.35669200014499], [-119.14554500011624, 35.35658600026247], [-119.14554500011624, 35.35589500008581], [-119.14572900023926, 35.3558940000293], [-119.14672900032193, 35.3558940000293], [-119.1468189998353, 35.3558940000293], [-119.14681999966022, 35.3565870003104], [-119.14689099980534, 35.3565870003104], [-119.14688599978247, 35.354927999749926], [-119.14688599978247, 35.35480800023715], [-119.14688599978247, 35.354693000170386], [-119.14688699960739, 35.35461799991122], [-119.14688699960739, 35.35448699985805], [-119.14688699960739, 35.35444699982182], [-119.14734100006713, 35.35444699982182], [-119.14830199979178, 35.35444699982182], [-119.14849000011277, 35.35444699982182], [-119.14853399959537, 35.35444699982182], [-119.14858899984696, 35.35444699982182], [-119.14864800029649, 35.35444699982182], [-119.14891199988715, 35.35444599974739], [-119.14901599964423, 35.35444799989624], [-119.14904599978144, 35.35444799989624], [-119.14909000016239, 35.35444799989624], [-119.14919999976722, 35.354452000193795], [-119.14927000008743, 35.3544549996841], [-119.14930299969939, 35.35445599975842], [-119.14937600039265, 35.35446000005558], [-119.14942700044627, 35.35446300027827], [-119.14949699986816, 35.35446799991658], [-119.14955200011974, 35.35447200021309], [-119.14959700032558, 35.35447599977679], [-119.14965300040207, 35.35448100014691], [-119.14976200018202, 35.35449200022749], [-119.14989299970327, 35.35450599979504], [-119.150167000238, 35.35453599980215], [-119.15028699988858, 35.354547999948366], [-119.15034299996509, 35.35455300031409], [-119.1503889999958, 35.35455699987377], [-119.15045599994299, 35.35456300031187], [-119.15052600026318, 35.35456699987107], [-119.15063800041617, 35.35457399964862], [-119.15076599956438, 35.35458000008546], [-119.15083599988458, 35.35458200023099], [-119.15088699993818, 35.35458300030374], [-119.1509770003499, 35.35458499971653], [-119.15108600012982, 35.35458599978924], [-119.15148100014004, 35.35458599978924], [-119.15173399986001, 35.35458599978924], [-119.15173399986001, 35.35471099998777], [-119.15173399986001, 35.355220000164046], [-119.15173399986001, 35.35526800033181], [-119.15173399986001, 35.35542399994731], [-119.15179900015735, 35.35542399994731], [-119.15185600005876, 35.35541700024338], [-119.15190700011239, 35.35539300020737], [-119.15192300000591, 35.355380000123795], [-119.15194499974723, 35.35536299978597], [-119.15205699990021, 35.3553649999121], [-119.15207899964153, 35.35539100008192], [-119.15211399980164, 35.355409999806234], [-119.15214899996172, 35.355426000071944], [-119.15215200033478, 35.35550699994868], [-119.15216900005322, 35.355923000197315], [-119.15216999987811, 35.35616999976604], [-119.15217300025117, 35.35777700020962], [-119.152174999901, 35.358159000258794], [-119.15245199991043, 35.358159000258794], [-119.15423399961763, 35.358159000258794], [-119.15424000036374, 35.35898199969746], [-119.15438599995359, 35.35898599977036], [-119.15438599995359, 35.359161999852546], [-119.15437900028091, 35.35948700001164], [-119.15437699973278, 35.35959299974901], [-119.15437500008294, 35.359681999918706], [-119.15437199970991, 35.359836999790716], [-119.15526399983756, 35.35985199990433], [-119.1588139999066, 35.35984999988933], [-119.16323299963877, 35.35984899988182], [-119.16324400040774, 35.361720000329505], [-119.1654830000494, 35.36171399969062], [-119.16663600029301, 35.36171099973734], [-119.1688959998511, 35.361705999814866], [-119.16915500031718, 35.36170499983033], [-119.16990799962936, 35.361703999845844], [-119.17207100000138, 35.36169899992294], [-119.17212100023012, 35.36169899992294], [-119.17236300007943, 35.36169799993832], [-119.17265299960935, 35.36113500004207], [-119.17264900030972, 35.36108499971445], [-119.17266400037832, 35.36104500001613], [-119.1726769998988, 35.36101300024319], [-119.17269299979232, 35.36097499976376], [-119.17271100023399, 35.360930000040455], [-119.17272399975448, 35.360898000221944], [-119.17274100037122, 35.360858999693384], [-119.17342199971338, 35.35927100006069], [-119.17355300013294, 35.35896400009945], [-119.1735780002473, 35.35891099983529], [-119.17360099981354, 35.35886699971392], [-119.17362199972992, 35.358826000361844], [-119.17364900039242, 35.35877900013187], [-119.1736769999815, 35.358732999895956], [-119.1736979998979, 35.35869899989584], [-119.17371999963922, 35.3586659999036], [-119.17375399997441, 35.35861800029041], [-119.17378599976146, 35.35857400000939], [-119.1738159998987, 35.35853599984731], [-119.17383900036323, 35.35850699988509], [-119.17390499958715, 35.35843200023767], [-119.17394200029538, 35.35839199995767], [-119.173985999778, 35.35834700026005], [-119.17402299958792, 35.358311000044274], [-119.17405400044836, 35.35828200000123], [-119.17408799988524, 35.35825199992052], [-119.1741260004184, 35.358219999773304], [-119.17421599993175, 35.35814699991655], [-119.17426299978744, 35.358112999669686], [-119.17430200014549, 35.358084000288166], [-119.17432200023697, 35.35805600019333], [-119.17562299972025, 35.358053000104135], [-119.17654699963498, 35.35805100004457], [-119.17653999996226, 35.3563429999721], [-119.1765559998558, 35.35520199972745], [-119.17659699986369, 35.355186000150034], [-119.17669800014602, 35.355146999793185], [-119.17680000025328, 35.35511000028256], [-119.17686399982736, 35.35508700022177], [-119.17692199955368, 35.355067000354715], [-119.17696099991177, 35.35505400021872], [-119.17700000026983, 35.35504100008058], [-119.17705799999612, 35.35502200026945], [-119.17712300029346, 35.35500100031875], [-119.17718799969249, 35.3549809996978], [-119.17725399981471, 35.35496199987255], [-119.17731300026426, 35.35494400011107], [-119.17735300044724, 35.3549330000921], [-119.17739199990696, 35.3549220000716], [-119.17744499961043, 35.3549079998435], [-119.17749200036441, 35.354895999750774], [-119.17755199974054, 35.354880000112736], [-119.17761799986276, 35.3548639997389], [-119.17773199966558, 35.35483599999288], [-119.17778600009227, 35.354823999889405], [-119.17783999962064, 35.35481199978421], [-119.1778870003746, 35.35480199981725], [-119.17793500005519, 35.3547929999192], [-119.17798899958355, 35.35478199987962], [-119.17804999968293, 35.354769999768116], [-119.17811099978228, 35.354758999725405], [-119.17817299970656, 35.3547479996812], [-119.17823399980594, 35.35473699963554], [-119.17829599973024, 35.3547269996593], [-119.17837799974598, 35.3547150002723], [-119.17848099967814, 35.354699999937026], [-119.17860500042502, 35.3546840002602], [-119.17871599985479, 35.354671000062496], [-119.17884700027435, 35.35465799986275], [-119.17891000002354, 35.354653000236205], [-119.17896500027513, 35.35464799987672], [-119.17902100035163, 35.35464400032155], [-119.17907700042814, 35.354640000033555], [-119.17912500010871, 35.35463699981739], [-119.1791810001852, 35.35463400033378], [-119.17922999969068, 35.35463100011746], [-119.17927800026956, 35.35462899997314], [-119.17932000010238, 35.35462799990095], [-119.17936399958496, 35.35462599975657], [-119.17945999984445, 35.354624000344785], [-119.17958899971588, 35.35462200020035], [-119.1797100000897, 35.35462200020035], [-119.1797100000897, 35.35458000008546], [-119.18007199958963, 35.35460400036308], [-119.18021899990273, 35.35460400036308], [-119.18097700013611, 35.354409999990494], [-119.18098299998388, 35.35667700017699], [-119.18116899975674, 35.35667700017699], [-119.18209900041754, 35.35667400003651], [-119.1820969998694, 35.35622100025915], [-119.18320400008224, 35.35621900015421], [-119.18319900005937, 35.35449000007978], [-119.18319400003648, 35.35440500034859], [-119.18748999974501, 35.35439699974868], [-119.18753699960067, 35.35439699974868], [-119.18986400000423, 35.35439300018112], [-119.19233799982257, 35.354387999805496], [-119.19488399961092, 35.35438300016229], [-119.19875300042048, 35.35437599963551], [-119.19870900003956, 35.3507660002704], [-119.19866600038188, 35.34715999994164], [-119.18090900036403, 35.34711099991894], [-119.18089900031829, 35.34633399966858], [-119.18090000014321, 35.34356799983972], [-119.18090000014321, 35.34352299994259], [-119.18190299970065, 35.34352899973494], [-119.18439400013573, 35.343542999737146], [-119.18533399994398, 35.34354900026072], [-119.18532200024843, 35.341926999790516], [-119.18532100042351, 35.34188599989924], [-119.1853149996774, 35.3410629999156], [-119.18530499963167, 35.34076299986406], [-119.1853060003549, 35.33990099977579], [-119.18530499963167, 35.33985400025725], [-119.18681000022778, 35.339857000289705], [-119.19322800030042, 35.33992199998841], [-119.19416800010865, 35.33992999982372], [-119.19418900002508, 35.3397369996376], [-119.19418900002508, 35.3382649999031], [-119.19418900002508, 35.337400999709494], [-119.19423500005581, 35.332629999931335], [-119.19771599962954, 35.3326560000903], [-119.19812800025652, 35.332660000001276], [-119.19868700029828, 35.33266399991205], [-119.20085999981772, 35.33266500025615], [-119.21102100030325, 35.33267199973302], [-119.21196199993642, 35.33267199973302], [-119.2119610001115, 35.33248900033271], [-119.21200100029448, 35.32924800034734], [-119.21201899983782, 35.3276789996545], [-119.21202200021088, 35.32763900026967], [-119.21365599978007, 35.327642000022664], [-119.21412899960808, 35.32764299969601], [-119.21550199995968, 35.32764499977555], [-119.21644299959286, 35.327646999855055], [-119.2164600002096, 35.32624200034169], [-119.21646900043044, 35.325497999863394], [-119.21647000025536, 35.32540900014169], [-119.21666299970087, 35.32539799976576], [-119.21854499986551, 35.32537400033954], [-119.21864699997278, 35.32537299990521], [-119.21905000037891, 35.3253689996337], [-119.21912200034892, 35.32536799993218], [-119.21935400015252, 35.3253659997963], [-119.21948700022189, 35.325365000094806], [-119.21951399998608, 35.32145099993378], [-119.21951499981098, 35.321194999786336], [-119.21952400003184, 35.31989900011643], [-119.23031999982877, 35.319794000105645], [-119.23126200018515, 35.31978599974322], [-119.23126300001007, 35.31972199974719], [-119.23126300001007, 35.31967999981391], [-119.23125999963702, 35.319502999698294], [-119.231271000406, 35.31852599984916], [-119.23127399988073, 35.31820200034708], [-119.23127499970565, 35.31798299984659], [-119.2316599996701, 35.31796199979755], [-119.23171900011965, 35.3179610000045], [-119.2317579995794, 35.3179610000045], [-119.23337299978033, 35.317947999761856], [-119.23369099979764, 35.31794600017536], [-119.23420399980866, 35.31794200026933], [-119.23439700015248, 35.31795000008125], [-119.23463300015402, 35.317938000363114], [-119.23466199956803, 35.31453699987767], [-119.23466099974313, 35.314338000139], [-119.23466199956803, 35.31429899985655], [-119.23473299971316, 35.31429899985655], [-119.23513000027148, 35.31429899985655], [-119.24261000035114, 35.314305000352306], [-119.2435519998092, 35.314305000352306], [-119.24355500018225, 35.31376599997595], [-119.24357000025088, 35.31072100000547], [-119.24357000025088, 35.310683000061125], [-119.24499799995576, 35.31068399994413], [-119.24512000015447, 35.31068399994413], [-119.24520700019312, 35.31068399994413], [-119.24527900016314, 35.31068399994413], [-119.24594600015993, 35.31068499982714], [-119.24688900034124, 35.31068499982714], [-119.24689400036408, 35.30941499990121], [-119.24689799966373, 35.30830300007815], [-119.24690299968661, 35.307091000352735], [-119.24690299968661, 35.30705100031358], [-119.24954100043477, 35.30705699988089], [-119.25002299958533, 35.30705799980872], [-119.25018599979195, 35.30705899973653], [-119.25135499992906, 35.307061000325234], [-119.25241799976095, 35.30707999968419], [-119.25242000030909, 35.306720000037], [-119.25242299978382, 35.306026000260935], [-119.25242899963162, 35.30434299990928], [-119.25312699959053, 35.304155000352075], [-119.25449599974415, 35.30362900013569], [-119.25461200009511, 35.30354700033741], [-119.2564499998788, 35.30354800030868], [-119.25936700028625, 35.303550000251064], [-119.25994600041948, 35.303551000222235], [-119.26074899996037, 35.303552000193406], [-119.26180299957146, 35.3035540001357], [-119.26446600043398, 35.303553000164555], [-119.26503299997334, 35.303553000164555], [-119.26515000014919, 35.30353699989147], [-119.2652630001271, 35.303537999862804]], [[-119.12348200034413, 35.427102000294816], [-119.12343899978812, 35.43063899967773], [-119.12336000014541, 35.43063899967773], [-119.12329200037335, 35.43063899967773], [-119.12279799973061, 35.43064600017519], [-119.1215919997836, 35.4306560002574], [-119.12145899971419, 35.43065700011919], [-119.12132900001787, 35.43065799998096], [-119.12125700004783, 35.43065899984265], [-119.12104899963538, 35.43066100029805], [-119.12104799981049, 35.42996499985298], [-119.12104699998555, 35.42989900033146], [-119.12105200000843, 35.427486999742115], [-119.12104199996269, 35.427120000062814], [-119.12124399962904, 35.42711800025147], [-119.12139500014011, 35.42711700034576], [-119.12147899980569, 35.42711599970807], [-119.12332199961224, 35.427103000200674], [-119.12348200034413, 35.427102000294816]], [[-119.12820200037518, 35.28908900026352], [-119.12817300006289, 35.29261799984614], [-119.12339000028263, 35.29261799984614], [-119.12339899960516, 35.28908499966394], [-119.12817600043591, 35.28908800011365], [-119.12820200037518, 35.28908900026352]], [[-119.0091809996, 35.33169800032149], [-119.00914999963784, 35.33170400025899], [-119.00855399978617, 35.33170400025899], [-119.00818399989033, 35.3317049998821], [-119.00763200041963, 35.3317049998821], [-119.00757499961989, 35.3317049998821], [-119.00523899989382, 35.33170699986115], [-119.0040420001676, 35.33172699964881], [-119.00405100038844, 35.33179500035572], [-119.00302600019137, 35.33180399988458], [-119.00303200003917, 35.32502100016901], [-119.00336299957695, 35.32502199987476], [-119.00360299977646, 35.325024000019155], [-119.0043369997204, 35.32565500022893], [-119.0091809996, 35.33169800032149]], [[-119.10994700041499, 35.43435300016106], [-119.10993099962315, 35.437471000233714], [-119.1099280001484, 35.43798399991565], [-119.10110300020457, 35.43792900006194], [-119.10108099956494, 35.43430200002078], [-119.10223999965632, 35.43430900019982], [-119.1027600002383, 35.43431099983264], [-119.10769500035451, 35.43434000035797], [-119.10994700041499, 35.43435300016106]], [[-119.1437330002718, 35.428564000227844], [-119.1437330002718, 35.42920100012899], [-119.14168100022782, 35.429196999877554], [-119.14156099967894, 35.429196999877554], [-119.14101400023107, 35.42919599999771], [-119.14094800010882, 35.429220000039436], [-119.14095700032966, 35.43061000001537], [-119.13878800010986, 35.43061000001537], [-119.1367700004011, 35.43060800029063], [-119.13672799966999, 35.429866000184425], [-119.13657200003438, 35.42986500031282], [-119.1364260004445, 35.42986500031282], [-119.1337790003738, 35.42986399970928], [-119.12992600035608, 35.42986000022277], [-119.12962199968416, 35.42986000022277], [-119.128857999603, 35.42964399984196], [-119.12844500004944, 35.42936500001764], [-119.12804599984125, 35.428960000182016], [-119.12767900031847, 35.42847200025552], [-119.12771399958022, 35.426972999887774], [-119.13006899957287, 35.42697499970273], [-119.13073999976763, 35.426976000342165], [-119.13323100020271, 35.42697800015708], [-119.13537899960781, 35.426979999971905], [-119.13657399968422, 35.42698099987926], [-119.13878899993475, 35.42698299969406], [-119.1397610004284, 35.42698299969406], [-119.14373099972366, 35.42698600014808], [-119.1437330002718, 35.428564000227844]], [[-119.0896799996955, 35.345977000196605], [-119.0896229997941, 35.345970999853364], [-119.08927999966242, 35.34593300035566], [-119.08869100038176, 35.34586499982162], [-119.0880109999662, 35.34578799979434], [-119.08790200018628, 35.345775999812034], [-119.08777900016261, 35.34576200019673], [-119.08730899980934, 35.34570900006116], [-119.08723199981644, 35.34569999988262], [-119.08690999960115, 35.34566399989113], [-119.08448099998866, 35.34538900034255], [-119.08442200043744, 35.34540199983602], [-119.08420599962906, 35.345440000316195], [-119.08418999973553, 35.345502000097156], [-119.08416299997137, 35.34570600024598], [-119.08413799985699, 35.34590199990382], [-119.08336299990518, 35.34716299970282], [-119.08156100010649, 35.35008000002913], [-119.08097199992753, 35.351033999747486], [-119.0802239997399, 35.35224500008664], [-119.07915699971005, 35.353971999708904], [-119.07902600018879, 35.354182000180494], [-119.07811599961946, 35.35418000002505], [-119.07782600008954, 35.35417799986956], [-119.07755300027807, 35.35417799986956], [-119.07642599997375, 35.3541749996363], [-119.07635900002659, 35.3541749996363], [-119.0762119997135, 35.35417400029112], [-119.0761620003831, 35.35417400029112], [-119.07564699982399, 35.35416999997984], [-119.07447400038721, 35.35416300016727], [-119.07427500019563, 35.35415799977741], [-119.07380300019248, 35.354148999807585], [-119.0738040000174, 35.35378000018142], [-119.07380499984232, 35.3491349998303], [-119.07380599966724, 35.34843800022017], [-119.07380700039046, 35.34832299987577], [-119.07381099969011, 35.34807500033424], [-119.07381499988806, 35.347947999813314], [-119.07382199956078, 35.34779100025492], [-119.07383900017751, 35.34750699990991], [-119.07386199974373, 35.34722300003184], [-119.07387099996457, 35.34713299988794], [-119.0738810000103, 35.34703700011238], [-119.07389100005607, 35.34693899988803], [-119.07392700004107, 35.34665599964936], [-119.07396800004894, 35.34637299988475], [-119.07397800009468, 35.346312000214716], [-119.07398399994247, 35.3462750003203], [-119.07401599972953, 35.34608899968356], [-119.07406900033129, 35.34581000012365], [-119.0742609999519, 35.34483600005508], [-119.07440599971687, 35.34485500006416], [-119.07444000005205, 35.34486000029717], [-119.07447500021213, 35.34486400033684], [-119.07447600003705, 35.344033999955066], [-119.07447600003705, 35.34390099991161], [-119.07452000041798, 35.34388699997145], [-119.07476399991714, 35.34388800017663], [-119.07482099981856, 35.34388800017663], [-119.07489899963635, 35.34381400034879], [-119.07499200042109, 35.34372599975229], [-119.07515499972939, 35.343639000001005], [-119.07527299973017, 35.3436290001162], [-119.07670399980812, 35.34351700014985], [-119.07679400021978, 35.343511000356614], [-119.07695999990113, 35.34349799982609], [-119.0777030000659, 35.3433489999091], [-119.07841600009343, 35.34318200026568], [-119.07938500021399, 35.34295700018713], [-119.0796479999797, 35.34294400030024], [-119.07971499992686, 35.34294099964963], [-119.08034799958845, 35.342913000166924], [-119.0806329999938, 35.34280699978663], [-119.08079799985026, 35.34274699984159], [-119.08115000020275, 35.34270900029298], [-119.08162399985568, 35.34254200005945], [-119.08259499962607, 35.342202000131955], [-119.08268699968758, 35.34210500013171], [-119.08289900029799, 35.342057999696834], [-119.08299999968202, 35.34203100013629], [-119.08318600035317, 35.34198099970494], [-119.08335299985944, 35.34193699988593], [-119.08367300042488, 35.34185200013449], [-119.08376100028848, 35.3418289999622], [-119.08387099989329, 35.34179999986313], [-119.08393500036573, 35.34178300033084], [-119.08393799984046, 35.34201299969145], [-119.0839420000384, 35.34236900033547], [-119.08394399968824, 35.34251499992788], [-119.08394399968824, 35.34257699975525], [-119.08394600023638, 35.3427229997045], [-119.08394899971111, 35.3429230001403], [-119.08430799973632, 35.34303999981031], [-119.08439300012512, 35.34306799998177], [-119.0844690002931, 35.34309200001636], [-119.08472299983802, 35.343125999992075], [-119.08499099962661, 35.343158000257866], [-119.0852159997575, 35.3431839999607], [-119.08568500028588, 35.343238999980954], [-119.08601699964858, 35.34327800022572], [-119.08631600029763, 35.34331300033545], [-119.08648000032917, 35.343331999969955], [-119.08664799966034, 35.343351000332746], [-119.08700000001286, 35.343392999691844], [-119.08735200036537, 35.343434000283935], [-119.08760599991025, 35.34346400000693], [-119.08768399972804, 35.34347299970181], [-119.08800400029352, 35.34351000014677], [-119.0882579998384, 35.343539999841546], [-119.0883480002501, 35.34354999973737], [-119.08855300028954, 35.3435740003615], [-119.08864700000083, 35.3435849997292], [-119.08871099957494, 35.343592999934614], [-119.08886499956071, 35.34361100002744], [-119.08896199964511, 35.34385200011038], [-119.08946299996052, 35.34533499977502], [-119.0896799996955, 35.345977000196605]], [[-118.98543300020509, 35.31405599992856], [-118.98129099958405, 35.314086000294], [-118.98098799963535, 35.31407999978199], [-118.98098299961245, 35.31222900016744], [-118.98096000004624, 35.31053100010539], [-118.97895900005594, 35.3105440000742], [-118.97876099968921, 35.31054499995894], [-118.97708699993703, 35.3105529997694], [-118.9765339997431, 35.31055600015629], [-118.9765339997431, 35.31048399963685], [-118.97653200009326, 35.30950299973552], [-118.97653200009326, 35.309459999728524], [-118.97653100026837, 35.30900300027], [-118.97653000044345, 35.30868500018383], [-118.97651200000178, 35.30036299998709], [-118.97651000035196, 35.299579999649545], [-118.97709699998278, 35.299578000342194], [-118.98093999995476, 35.29956300003671], [-118.9853910003723, 35.299545999687076], [-118.9853920001972, 35.29968200018453], [-118.98540300006785, 35.30299700036505], [-118.98542800018222, 35.31042900005207], [-118.98542900000712, 35.31150000006114], [-118.98542999983204, 35.31215300021177], [-118.98543099965696, 35.31259199980021], [-118.98533500029582, 35.31259299965963], [-118.98409500001357, 35.312606999889276], [-118.98409500001357, 35.312880999708135], [-118.98533500029582, 35.31287599969565], [-118.98543099965696, 35.31287599969565], [-118.98543300020509, 35.31405599992856]], [[-118.99421700014105, 35.28864299964815], [-118.9899330001281, 35.288698000110045], [-118.99025799981813, 35.28944700033447], [-118.99063199991194, 35.29043199976523], [-118.9908129996619, 35.29099599965008], [-118.99088600035515, 35.29128499971168], [-118.99092599963979, 35.29147199971926], [-118.99073400001919, 35.29147199971926], [-118.99078900027077, 35.29196800001127], [-118.99082500025577, 35.29228900013988], [-118.98537499958046, 35.292297000289004], [-118.98537600030369, 35.29239899973807], [-118.98537999960332, 35.295916000136145], [-118.9820479999925, 35.2959290002538], [-118.98095800039644, 35.29593299978195], [-118.98093699958173, 35.29229999988648], [-118.97649899958299, 35.29231600018176], [-118.96870300003414, 35.292342000104966], [-118.96863899956173, 35.292343000214636], [-118.96859099988116, 35.292344000324306], [-118.96852599958383, 35.292348000029605], [-118.96797900013597, 35.292346999919985], [-118.96762500013364, 35.292348000029605], [-118.96754499976768, 35.292348000029605], [-118.96754499976768, 35.2920390000306], [-118.96849200014697, 35.29204299975103], [-118.96875900011067, 35.292029999742454], [-118.97508000009894, 35.292009999668785], [-118.97539200026847, 35.292009000288225], [-118.97539200026847, 35.29148999968546], [-118.97539100044357, 35.29050600006253], [-118.97539300009339, 35.28992500025905], [-118.97539300009339, 35.289789999638295], [-118.97538899989542, 35.28953200018836], [-118.9753880000705, 35.28872200015321], [-118.9753880000705, 35.288685999719135], [-118.97751799993225, 35.28869999968615], [-118.98536999955759, 35.288618000159076], [-118.98537799995351, 35.28759000002392], [-118.9853839998013, 35.286834999884206], [-118.98542300015933, 35.281722000312335], [-118.98542499980917, 35.28147700032326], [-118.98569599997082, 35.28147600007934], [-118.98759900005186, 35.281473000080865], [-118.98772799992328, 35.28147600007934], [-118.99199900041576, 35.28146599983947], [-118.99200199989049, 35.2850149998726], [-118.9925359998179, 35.285013999672394], [-118.99348499984697, 35.28501200000518], [-118.99375299963556, 35.28499299986473], [-118.99421499959291, 35.28501099980493], [-118.99421700014105, 35.28864299964815]], [[-119.00982300038073, 35.31434600030736], [-119.00982199965753, 35.31442400007509], [-119.00982199965753, 35.314809000091415], [-119.0098209998326, 35.3162449997467], [-119.00982000000768, 35.316392999976934], [-119.00970100018199, 35.31639399978936], [-119.0096790004407, 35.31670100026131], [-119.0096790004407, 35.316778000149114], [-119.0096790004407, 35.31707099970874], [-119.00967799971747, 35.31751999990859], [-119.00952100025695, 35.31751999990859], [-119.00874200010716, 35.317520999707085], [-119.00848900038719, 35.317520999707085], [-119.00848900038719, 35.3175590001038], [-119.00848799966396, 35.31767199992407], [-119.00848900038719, 35.31770799992445], [-119.00848799966396, 35.3191229996652], [-119.00848699983904, 35.31945299998883], [-119.00848699983904, 35.31960299975735], [-119.00848699983904, 35.31976599993314], [-119.00824400016478, 35.31976699970385], [-119.00818399989033, 35.31976699970385], [-119.00807900030834, 35.31976699970385], [-119.00755200005368, 35.31976699970385], [-119.00746699966486, 35.31976599993314], [-119.00746800038809, 35.319262000301066], [-119.00746699966486, 35.319065999799406], [-119.00746699966486, 35.31882499983282], [-119.00746699966486, 35.31844600006563], [-119.00746699966486, 35.31784700006062], [-119.00746699966486, 35.31782100026951], [-119.00746699966486, 35.317672999720685], [-119.00746699966486, 35.31751900011008], [-119.00679700019333, 35.317520999707085], [-119.00679999966808, 35.317328000252296], [-119.00679700019333, 35.317121999961415], [-119.00714000032501, 35.317121999961415], [-119.00746699966486, 35.31712000035454], [-119.00748000008365, 35.31627599984706], [-119.00746699966486, 35.31618000006517], [-119.00746599983997, 35.31585599996], [-119.0071310001042, 35.31585599996], [-119.00636000035036, 35.31585699977906], [-119.00636200000014, 35.31600000016701], [-119.00636000035036, 35.317388999810724], [-119.00636100017525, 35.317520999707085], [-119.00596600016503, 35.31752200023857], [-119.00595500029438, 35.31767500004687], [-119.00596100014216, 35.31782100026951], [-119.00595799976911, 35.31833299986096], [-119.00525300013751, 35.318333999649404], [-119.0052539999624, 35.31907599979166], [-119.0052539999624, 35.31994399997459], [-119.00514799965721, 35.32003800015131], [-119.00501999961071, 35.320146999642475], [-119.0033940004374, 35.31889800003843], [-119.0033430003838, 35.31889800003843], [-119.00330400002574, 35.31892899985479], [-119.00303899971188, 35.31893800008298], [-119.00284500044141, 35.318945999796355], [-119.00284600026633, 35.31836799977906], [-119.00284600026633, 35.318025999720525], [-119.00284700009122, 35.317751999740295], [-119.00284600026633, 35.31767899996611], [-119.00284700009122, 35.31751699978004], [-119.00284700009122, 35.31721300034679], [-119.00284700009122, 35.31714799997725], [-119.00284799991616, 35.316716000321335], [-119.00085699997156, 35.31671000000445], [-119.00084899957564, 35.31597699996789], [-119.00084199990297, 35.315436999914986], [-119.00084299972787, 35.315386000065736], [-119.00154200041, 35.31539400013043], [-119.00158800044076, 35.31539499995521], [-119.00191399995569, 35.315398999987266], [-119.00284899974108, 35.31541000025751], [-119.00284899974108, 35.31517599991634], [-119.002849999566, 35.314088999816846], [-119.0028510002892, 35.31404900030591], [-119.0020980000787, 35.31404900030591], [-119.00139199972386, 35.31405000014731], [-119.00122500021762, 35.31405000014731], [-118.9994729997493, 35.31405099998876], [-118.99864300044422, 35.31405099998876], [-118.99864400026914, 35.31200399968627], [-118.99869600014766, 35.31118800025541], [-118.99864500009406, 35.31042100022934], [-118.99424200025541, 35.31042399988805], [-118.99427999989024, 35.31182400002361], [-118.99355299961903, 35.311075000172195], [-118.99192700044573, 35.31042499977427], [-118.99062000021637, 35.310425999660474], [-118.9901230000989, 35.310425999660474], [-118.99011100040333, 35.3093799997739], [-118.99047999957595, 35.30937700007647], [-118.99058800042931, 35.30937700007647], [-118.99034499985676, 35.308843000110876], [-118.99042500022271, 35.30857200026944], [-118.99094499990636, 35.306793000172284], [-118.99095099975418, 35.30677200015018], [-118.99117400023525, 35.30676599982863], [-118.99133599971866, 35.306103000048005], [-118.99134300028963, 35.305889000220496], [-118.99140900041186, 35.304980999884], [-118.99152400003959, 35.30410100009432], [-118.99153200043554, 35.30316600014], [-118.99153200043554, 35.30304699998386], [-118.99104199999076, 35.29954799972838], [-118.99147999965867, 35.299538000254465], [-118.99411300038396, 35.299548999749014], [-118.99422899983662, 35.29954799972838], [-118.99423100038476, 35.299482999826594], [-118.99422899983662, 35.29881000018854], [-118.99428200043839, 35.298794999740636], [-118.99644099971412, 35.2988070000992], [-118.99644099971412, 35.299475999676126], [-118.99644699956193, 35.299548999749014], [-118.99864500009406, 35.299548999749014], [-118.99864599991895, 35.29952900006704], [-119.00305700015353, 35.299548999749014], [-119.00305399978048, 35.30233599972924], [-119.00305399978048, 35.30315499967085], [-119.00305299995556, 35.30496999966163], [-119.00305200013064, 35.305879000064024], [-119.0030499995825, 35.30800100029913], [-119.0030499995825, 35.30843999969599], [-119.00304899975758, 35.30859999991911], [-119.00304799993269, 35.31041799983745], [-119.00482499961703, 35.31041600006477], [-119.00526800020612, 35.310415000178445], [-119.0052589999853, 35.310943999897624], [-119.00525800016038, 35.311245999685354], [-119.0052589999853, 35.311273999875596], [-119.0052589999853, 35.31156100035009], [-119.00525800016038, 35.31168599966886], [-119.00525800016038, 35.3118180000768], [-119.004323000375, 35.31181899994578], [-119.00323999955332, 35.311819999814745], [-119.0032389997284, 35.3118589998265], [-119.0032389997284, 35.312231999759106], [-119.00525700033549, 35.31222900016744], [-119.00542499966666, 35.31222900016744], [-119.00596100014216, 35.31222900016744], [-119.00612900037167, 35.31222800030353], [-119.00646400010741, 35.31222800030353], [-119.00656500038976, 35.31222800030353], [-119.00666499994888, 35.31222800030353], [-119.00699999968461, 35.312226999706546], [-119.0073369999685, 35.312226999706546], [-119.00733600014361, 35.313134000228125], [-119.00733500031869, 35.314041999949666], [-119.00746900021299, 35.31404100010817], [-119.0096810000905, 35.31404000026666], [-119.00974300001478, 35.31404000026666], [-119.00974200018986, 35.314265000215215], [-119.00975200023562, 35.314342000223284], [-119.00982300038073, 35.31434600030736]], [[-119.0209160002786, 35.338443000250834], [-119.0209239997762, 35.338793999894534], [-119.02091299990555, 35.33944499967571], [-119.02076499976754, 35.33944499967571], [-119.01950699994197, 35.339447000196024], [-119.01917899987889, 35.339447000196024], [-119.0186709998908, 35.339447999723355], [-119.01630099982955, 35.339450000243595], [-119.01519500033994, 35.339450000243595], [-119.01437799965701, 35.3394509997709], [-119.01187299987654, 35.33945300029105], [-119.01022000004076, 35.33945399981831], [-119.0096590003492, 35.33945399981831], [-119.00744599974846, 35.33945500007837], [-119.00523200022111, 35.33945699986562], [-119.00301799979545, 35.339458000125575], [-119.00301299977258, 35.34308600019156], [-119.00420500037424, 35.343084999976455], [-119.00692199986682, 35.343083000278995], [-119.00746300036522, 35.34308799988896], [-119.00740700028872, 35.34671000006661], [-119.00691500019413, 35.34671100023684], [-119.00300799974971, 35.3467129998445], [-119.00300699992479, 35.34755800001189], [-119.00259299964803, 35.34741999983405], [-119.00029700010491, 35.34770100001118], [-118.99924799961842, 35.34768599983867], [-118.99746099988833, 35.34674699976174], [-118.99587199962667, 35.34610400015263], [-118.99582099957303, 35.34615199987627], [-118.99572000018902, 35.34623899985232], [-118.99556899967796, 35.346196000330664], [-118.99538999957781, 35.346141000125314], [-118.99420100024754, 35.34556200019442], [-118.99412699972939, 35.34556399983053], [-118.99410800036112, 35.34556399983053], [-118.99410599981299, 35.34529599979049], [-118.99407999987369, 35.34527100022258], [-118.99280299978157, 35.344004999914624], [-118.99204299989839, 35.34345400010047], [-118.99204299989839, 35.34308600019156], [-118.99150300012322, 35.343083999761404], [-118.99119799962638, 35.343083000278995], [-118.99047000042853, 35.34265699984042], [-118.99013899999244, 35.34296799963891], [-118.99007100022038, 35.34290700032883], [-118.98983900041678, 35.34307900015119], [-118.98702099974355, 35.34307900015119], [-118.98699999982715, 35.3442219998633], [-118.98541300011361, 35.34422400026532], [-118.98540999974054, 35.344443000022366], [-118.98699599962917, 35.34444199982406], [-118.98697200023807, 35.3458950001074], [-118.98695899981928, 35.3467179999625], [-118.98791700006916, 35.34671699979237], [-118.9878850002821, 35.346592999849705], [-118.98874999974731, 35.346592999849705], [-118.98895800015977, 35.346592999849705], [-118.98895999980955, 35.34671699979237], [-118.98968700008082, 35.34671699979237], [-118.99193999996622, 35.34671600035495], [-118.9921990004323, 35.34671500018486], [-118.99419299985162, 35.34671500018486], [-118.9941920000267, 35.34679600000525], [-118.99494199986415, 35.346793999666936], [-118.99418399963078, 35.347517000047375], [-118.99410499998807, 35.3475910001469], [-118.99314000006547, 35.34850800034967], [-118.99219600005927, 35.349412000088854], [-118.9912400003575, 35.35032800000909], [-118.98926199993338, 35.35222799982155], [-118.98530199978553, 35.3519519998008], [-118.98501100043069, 35.351978000336736], [-118.9850189999283, 35.35177700023079], [-118.98512299968536, 35.351583999771364], [-118.98513100008128, 35.35121299991989], [-118.98515000034786, 35.35034700019182], [-118.9851529998226, 35.35018500026424], [-118.98517700011205, 35.34845399966897], [-118.98519100035575, 35.34754699971965], [-118.98519499965539, 35.3472529998133], [-118.98519999967829, 35.346889000295945], [-118.98511500018778, 35.34675599982369], [-118.98509400027139, 35.34671900013262], [-118.98494299976035, 35.34671900013262], [-118.98139799971416, 35.34672000030273], [-118.9813850001937, 35.34700099998397], [-118.98115699968976, 35.34700499991764], [-118.98114900019212, 35.34760900008166], [-118.981739000196, 35.34760000011476], [-118.98202899972593, 35.34759600021061], [-118.98200100013685, 35.34850399975777], [-118.98158699986004, 35.34850999991285], [-118.98045000040831, 35.34852799964284], [-118.97645900029833, 35.34858899983767], [-118.9764640003212, 35.348187999995226], [-118.97648100003964, 35.34677399994445], [-118.97979699975694, 35.34673399975196], [-118.98094099977969, 35.34672000030273], [-118.98093400010697, 35.34654199987122], [-118.98097900031281, 35.34310000027053], [-118.98099199983332, 35.34222500019805], [-118.98100799972683, 35.34082899980978], [-118.98102299979546, 35.339682000164636], [-118.98102399962035, 35.33957599994223], [-118.9810269999934, 35.33949599973761], [-118.98324600044194, 35.339481000239985], [-118.98430599990077, 35.33947300036028], [-118.98427400011371, 35.339555999898494], [-118.98426800026596, 35.34001000033144], [-118.98547400021299, 35.34000199977125], [-118.98548199971057, 35.33946600000684], [-118.98558200016802, 35.339464999746916], [-118.98665599987055, 35.339464999746916], [-118.98981500012734, 35.339464999746916], [-118.98986700000586, 35.339464999746916], [-118.9942489999281, 35.339462999959856], [-118.99863400022339, 35.33946100017275], [-119.00263600020403, 35.339458000125575], [-119.00301799979545, 35.339458000125575], [-119.00301799979545, 35.339079000356385], [-119.00302500036648, 35.3331920003207], [-119.00302500036648, 35.33299700021758], [-119.00302500036648, 35.332311999677614], [-119.00449300025433, 35.33231499999007], [-119.00523899989382, 35.33231600033848], [-119.00569900020133, 35.33231499999007], [-119.00690599997328, 35.332313999641634], [-119.0081889999132, 35.33231300002606], [-119.00892500040528, 35.332311999677614], [-119.00896899988788, 35.332311999677614], [-119.00902800033744, 35.332311999677614], [-119.00902800033744, 35.33227600031677], [-119.0095320001276, 35.33227600031677], [-119.0095320001276, 35.332311999677614], [-119.0096519997782, 35.332311999677614], [-119.00967199986967, 35.33231100006201], [-119.0098710000613, 35.33231100006201], [-119.00999300026004, 35.33219400024694], [-119.01048000033175, 35.331729999982976], [-119.01051600031676, 35.33169600034223], [-119.0108219997402, 35.33140399990699], [-119.01131899985766, 35.33093000024732], [-119.01164100007296, 35.33062199993095], [-119.01203299971012, 35.33024699979364], [-119.01249499966748, 35.32980499963575], [-119.01253400002554, 35.329768999891215], [-119.0126240004372, 35.32968300015145], [-119.01264199998057, 35.3297109998211], [-119.0127220003465, 35.32983200034978], [-119.01325200007594, 35.330637999976304], [-119.01342799980303, 35.330904999899], [-119.01421799982346, 35.33210699980492], [-119.01399900043864, 35.33209399963819], [-119.01395000003485, 35.332094999989295], [-119.01390400000409, 35.33209600034043], [-119.01335099981013, 35.332112000094], [-119.01298099991426, 35.33211800000076], [-119.01251599958385, 35.332127999844396], [-119.0119819996565, 35.33212300028918], [-119.011961999565, 35.33219099993006], [-119.01195700044045, 35.33292800018111], [-119.01291099959407, 35.33293000012989], [-119.0129049997463, 35.3330989996537], [-119.01298500011224, 35.33309999999241], [-119.01446200022092, 35.33310999971455], [-119.01444899980213, 35.33305599973466], [-119.01438600005294, 35.33295899974811], [-119.01427899992282, 35.33279599978794], [-119.01420899960262, 35.3326900000601], [-119.01419199988416, 35.33266199995669], [-119.01402899967755, 35.33241300036392], [-119.01396000008059, 35.33230799974942], [-119.01406100036291, 35.33230700013377], [-119.01414000000565, 35.33230700013377], [-119.01423299989206, 35.33230700013377], [-119.01429099961841, 35.33230700013377], [-119.01435099989283, 35.33230700013377], [-119.01519899963958, 35.33230599978524], [-119.01752900041619, 35.33230300020532], [-119.01875299990655, 35.332301999856746], [-119.01945699971326, 35.332301999856746], [-119.01952200001058, 35.332301999856746], [-119.01982900015726, 35.332301999856746], [-119.01997599957203, 35.332301999856746], [-119.02076499976754, 35.332301999856746], [-119.02076399994262, 35.333274000110805], [-119.0207620002928, 35.33537499980102], [-119.0207620002928, 35.335457999884255], [-119.02032200007676, 35.335457999884255], [-119.0203249995515, 35.33581400009556], [-119.02090600023286, 35.33581400009556], [-119.02090500040794, 35.3358679996983], [-119.02090500040794, 35.335887000350624], [-119.02092299995131, 35.33626899986723], [-119.02091399973044, 35.338336999868666], [-119.0209160002786, 35.338443000250834]], [[-119.05673200043803, 35.3468850003566], [-119.05671200034652, 35.348151000227375], [-119.05670399995063, 35.34975399997842], [-119.05670399995063, 35.34990399993592], [-119.05653099969827, 35.349889000172496], [-119.05625399968883, 35.349862999696796], [-119.05623600014546, 35.34999999996771], [-119.05622699992465, 35.350042000266264], [-119.0565340000713, 35.35009499975703], [-119.05670499977552, 35.350123999809334], [-119.05670499977552, 35.35016100013878], [-119.05670499977552, 35.350399000090604], [-119.05670499977552, 35.35046400010027], [-119.05670499977552, 35.35051499980063], [-119.0566460002243, 35.35051499980063], [-119.05660100001846, 35.35051399967751], [-119.05656400020854, 35.35062500007916], [-119.05651599962964, 35.350791000335775], [-119.05648999969037, 35.35084699969215], [-119.05623399959734, 35.35117399984246], [-119.05586700007454, 35.351640000043254], [-119.05568499960134, 35.351694000059354], [-119.05553700036165, 35.35173299988575], [-119.05548899978278, 35.351746999931514], [-119.05530899985771, 35.351881000351746], [-119.05517999998628, 35.35197899970903], [-119.05512899993265, 35.352067000107226], [-119.05511200021422, 35.352097000287664], [-119.05496099970316, 35.35239599991391], [-119.05491200019769, 35.352601000333905], [-119.05486500034202, 35.35273899971961], [-119.0547749999303, 35.3530640000861], [-119.05407100012364, 35.35354400010638], [-119.0539770004123, 35.35354400010638], [-119.0532810001032, 35.35354400010638], [-119.05319300023966, 35.353545000191986], [-119.05261400010642, 35.353545000191986], [-119.05227400034781, 35.35354700036316], [-119.05227400034781, 35.35359099972], [-119.05227500017273, 35.35419900003428], [-119.05156100032026, 35.35419599980173], [-119.05094600020203, 35.3541930003018], [-119.0507040003527, 35.354192000224224], [-119.05001899991424, 35.354188999991415], [-119.04994100009645, 35.354188999991415], [-119.04901100033396, 35.35418400033583], [-119.04893500016598, 35.35418400033583], [-119.04827700039004, 35.354181000102784], [-119.04821799994049, 35.354181000102784], [-119.04793099988531, 35.35418000002505], [-119.04783499962585, 35.35417899994731], [-119.04734900027734, 35.3541769997918], [-119.04590800015369, 35.35416999997984], [-119.04505899968373, 35.354165999668375], [-119.04505899968373, 35.353636999954425], [-119.04459000005365, 35.3536410002921], [-119.04460500012227, 35.353136000051215], [-119.04460400029738, 35.353107000347755], [-119.04460000009941, 35.35286800022226], [-119.04459699972635, 35.3526729999791], [-119.04459400025162, 35.35248800025253], [-119.04459199970348, 35.352400000313104], [-119.04457699963487, 35.35132500020671], [-119.04394700034634, 35.351319999641184], [-119.04394800017123, 35.350988000228526], [-119.04394700034634, 35.350784000230355], [-119.0436639995908, 35.350780999870935], [-119.04339300032747, 35.35077499988454], [-119.04339400015238, 35.35131499980799], [-119.04339400015238, 35.352060000112395], [-119.04245900036699, 35.352075000205275], [-119.04232100027474, 35.35207699968015], [-119.0423199995515, 35.35205400022095], [-119.0423199995515, 35.3520349997071], [-119.0423189997266, 35.35169600027637], [-119.04162099976769, 35.35168800014079], [-119.04155299999563, 35.35168700003219], [-119.04117399987895, 35.351683999706324], [-119.04117399987895, 35.35138900009152], [-119.04117399987895, 35.3513529997046], [-119.04117499970384, 35.35125900004341], [-119.04104699965733, 35.35125900004341], [-119.0407989999602, 35.3512579999295], [-119.0406159996621, 35.3512579999295], [-119.04023300024578, 35.35125699981558], [-119.04021399997919, 35.35125699981558], [-119.04010500019926, 35.3512579999295], [-119.04009799962823, 35.35109899997877], [-119.04009699980334, 35.35107299989251], [-119.0400950001535, 35.35102199981178], [-119.04011799971971, 35.35102199981178], [-119.0401649995754, 35.35102299992861], [-119.04021999982697, 35.35102299992861], [-119.04046000002647, 35.35102400004543], [-119.0405949997457, 35.351025000162245], [-119.04059200027098, 35.35096900019659], [-119.040588000073, 35.35087899983027], [-119.04059599957061, 35.350792999842454], [-119.04072600016528, 35.350791999722766], [-119.0412070003892, 35.35078799997663], [-119.04164500005713, 35.35078500035008], [-119.04163699966122, 35.350377000278414], [-119.04167900039229, 35.34864700028047], [-119.04048500014085, 35.34862100013765], [-119.04022200037511, 35.3486149999908], [-119.04009099995555, 35.348612000283545], [-119.04008000008488, 35.348612000283545], [-119.0398619996267, 35.348612000283545], [-119.03970400034126, 35.348612000283545], [-119.03935799983655, 35.348582000274064], [-119.0392359996378, 35.348572000268454], [-119.03918499958417, 35.348567999679716], [-119.03909300042098, 35.34855999996699], [-119.03873699987054, 35.34852999993825], [-119.03862700026565, 35.34853299964855], [-119.03855500029562, 35.34853299964855], [-119.03854699989971, 35.348581000127005], [-119.0385240003335, 35.34872800036176], [-119.03850400024201, 35.34885900023087], [-119.03832099994392, 35.34964000017613], [-119.03826400004252, 35.3498869999108], [-119.03824899997389, 35.34995399985988], [-119.03819600027043, 35.350179000233574], [-119.0381860002247, 35.35022500021327], [-119.03817600017896, 35.3502619997638], [-119.03810000001099, 35.35025699986511], [-119.03804099956143, 35.35023600014082], [-119.03796600011668, 35.35023899978776], [-119.03788999994867, 35.350271000166764], [-119.03781700015375, 35.35027000004064], [-119.03781700015375, 35.349996000182344], [-119.03743399983912, 35.349996000182344], [-119.03729099972398, 35.349996000182344], [-119.0370720003392, 35.349996000182344], [-119.03683600033763, 35.349996000182344], [-119.03671699961362, 35.349996000182344], [-119.03661799987943, 35.349996000182344], [-119.0366170000545, 35.35035200008493], [-119.0366170000545, 35.35043400004594], [-119.03671699961362, 35.350435000170044], [-119.03671699961362, 35.350466999738686], [-119.03671499996378, 35.35097000031408], [-119.03671300031398, 35.35146499979729], [-119.03671099976586, 35.35195600022192], [-119.03671099976586, 35.352011000131355], [-119.03671099976586, 35.352097000287664], [-119.03671099976586, 35.35215499967686], [-119.03670999994094, 35.35226600002131], [-119.03670900011602, 35.35253800004219], [-119.03670900011602, 35.35278200015424], [-119.035791999874, 35.35277899986911], [-119.03559100003254, 35.35277799977402], [-119.03447100029922, 35.35277300003109], [-119.034469999576, 35.35282700002235], [-119.03446899975108, 35.353099000351946], [-119.03446700010127, 35.353597000229875], [-119.03428800000113, 35.353597000229875], [-119.03387999957212, 35.35359500005995], [-119.03378300038607, 35.35359500005995], [-119.03353200031589, 35.353593999974954], [-119.0322529996756, 35.35359600014492], [-119.03215399994141, 35.353597000229875], [-119.03215399994141, 35.35363300034918], [-119.0321530001165, 35.35368400024653], [-119.03169899965675, 35.353676999659164], [-119.03166600004478, 35.35366700028435], [-119.03132700011106, 35.353666000200256], [-119.03125000011819, 35.353666000200256], [-119.03118099962288, 35.353666000200256], [-119.0311460003611, 35.353675000223895], [-119.03114399981298, 35.35372299984462], [-119.03013600023266, 35.35372600009474], [-119.03014899975314, 35.353650000318524], [-119.03015100030127, 35.35331100033992], [-119.030153999776, 35.3527569999725], [-119.03015600032414, 35.35246400007876], [-119.03015700014903, 35.35220400030317], [-119.03015899979887, 35.35206200032028], [-119.03004300034621, 35.35204700022499], [-119.02949199980209, 35.35204500001667], [-119.0294909999772, 35.35218100014745], [-119.02933799981632, 35.35218100014745], [-119.02829900027388, 35.35218000004495], [-119.02829599990082, 35.352260000145165], [-119.0279639996398, 35.352260000145165], [-119.02796899966266, 35.352178999942446], [-119.02782899992057, 35.35217799983993], [-119.02782899992057, 35.352162999766186], [-119.02782899992057, 35.35211700015752], [-119.02783099957041, 35.35209199976993], [-119.0278380001414, 35.351778999713055], [-119.0275700003528, 35.35177700023079], [-119.0275700003528, 35.3516059999875], [-119.02745999984963, 35.351597999842944], [-119.02745099962881, 35.351547000093724], [-119.02721100032761, 35.35154299965234], [-119.02712199974084, 35.35154299965234], [-119.02705200031895, 35.35154299965234], [-119.02695600005949, 35.35154299965234], [-119.02687400004372, 35.35154299965234], [-119.0267669999136, 35.35154200027465], [-119.02660700008002, 35.35154299965234], [-119.02660600025511, 35.35145400003711], [-119.02659200001143, 35.35137899970073], [-119.02601899972598, 35.35137700020857], [-119.02561500039323, 35.35137999981313], [-119.02561500039323, 35.35129300024529], [-119.02561500039323, 35.351247000141136], [-119.02454199961728, 35.35127400028511], [-119.02434400014887, 35.35127200005764], [-119.02403899965203, 35.35129499973954], [-119.02348499963318, 35.35129400035876], [-119.02339900031775, 35.35129400035876], [-119.02339900031775, 35.35095600013358], [-119.02340000014267, 35.35033299990333], [-119.02119900013581, 35.350329000134515], [-119.02115499975488, 35.35010400017866], [-119.02113399983848, 35.34991299964607], [-119.02112999964054, 35.34976899976691], [-119.02112999964054, 35.349423000127125], [-119.02113300001356, 35.34834900011446], [-119.02114700025727, 35.34815799982828], [-119.02118099969414, 35.34789699995756], [-119.02118900009006, 35.34770499991012], [-119.02118999991498, 35.34725000005546], [-119.02118999991498, 35.346700999999584], [-119.02227299983835, 35.34670200016993], [-119.02226600016567, 35.346620000083895], [-119.02226600016567, 35.34641700021877], [-119.02226500034075, 35.346263999853356], [-119.02183699982027, 35.3462629996776], [-119.0217110003219, 35.346266999647796], [-119.02170899977376, 35.34620400027747], [-119.02170999959866, 35.34605800002428], [-119.02170999959866, 35.34588499976915], [-119.02163900035187, 35.3458769997907], [-119.0213539999465, 35.3458769997907], [-119.02118999991498, 35.34587900015176], [-119.02119099973991, 35.345795000332735], [-119.0211919995648, 35.34488799983792], [-119.0211919995648, 35.34398100015131], [-119.02119300028804, 35.343073999807906], [-119.02119300028804, 35.34303999981031], [-119.02119300028804, 35.342167000273705], [-119.02119400011294, 35.34126000008362], [-119.02119499993786, 35.33964000034202], [-119.02119499993786, 35.33959400019718], [-119.02129500039528, 35.339595999981], [-119.02135899996937, 35.339595999981], [-119.02145199985583, 35.339595999981], [-119.02217300027924, 35.339597000239294], [-119.02221199973899, 35.339597000239294], [-119.02344100015054, 35.339599000023036], [-119.02346399971678, 35.33966699996879], [-119.02340799964028, 35.340354999735915], [-119.02340699981538, 35.34126300006388], [-119.02442899963938, 35.341264000301535], [-119.02535900030021, 35.3412649998064], [-119.02556500016452, 35.341264000301535], [-119.02563799995947, 35.3412649998064], [-119.02560299979936, 35.34036000024743], [-119.02621299989472, 35.34036099976347], [-119.02677399958628, 35.34036200001228], [-119.02728599977237, 35.34036200001228], [-119.02785599968476, 35.3403630002611], [-119.02785200038511, 35.33995899986117], [-119.02811799962558, 35.33995899986117], [-119.02886300033846, 35.33996000011497], [-119.02886199961526, 35.340128000074714], [-119.02896899974537, 35.340128000074714], [-119.02936700012863, 35.340128000074714], [-119.02943499990069, 35.340128000074714], [-119.02951899956628, 35.34012900032643], [-119.02951899956628, 35.34026699976861], [-119.02951899956628, 35.34034599969367], [-119.02951799974139, 35.340467999936386], [-119.02951799974139, 35.34054300014431], [-119.03012700001182, 35.340547999911436], [-119.0301320000347, 35.340227000018274], [-119.03293899993895, 35.34023499982339], [-119.03293800011406, 35.34041199998], [-119.03293899993895, 35.3404909997633], [-119.03452099962962, 35.34052699986154], [-119.03452200035285, 35.340246999895925], [-119.03452300017776, 35.34014900022833], [-119.0355249999103, 35.34014900022833], [-119.03560299972811, 35.34014900022833], [-119.03568300009404, 35.34014999974698], [-119.03568200026912, 35.34047800021237], [-119.0356810004442, 35.34069000034988], [-119.0356810004442, 35.34090499992471], [-119.03493800027947, 35.34090499992471], [-119.0348350003473, 35.34090499992471], [-119.03474499993564, 35.34090499992471], [-119.03451999980473, 35.3409060001668], [-119.03451999980473, 35.340866000000005], [-119.03452099962962, 35.34076400010791], [-119.03441100002476, 35.34076500035175], [-119.0339919997251, 35.34076800035038], [-119.03399500009816, 35.3409450000722], [-119.03399799957289, 35.34127600022124], [-119.0339270003261, 35.34127600022124], [-119.03387100024959, 35.34127600022124], [-119.0339270003261, 35.34226599991725], [-119.03451300013201, 35.342290999682255], [-119.03450999975895, 35.34309099980133], [-119.03450800010917, 35.34339399990314], [-119.03482399957832, 35.343392999691844], [-119.03583100023205, 35.343392999691844], [-119.03583200005696, 35.34309099980133], [-119.03632499997646, 35.34309099980133], [-119.03593199961608, 35.34255699972156], [-119.03535099983301, 35.34230300018221], [-119.0351879996264, 35.34214599991181], [-119.0351109996335, 35.34189400027288], [-119.03511300018164, 35.34181199970324], [-119.03622200004429, 35.341814000164945], [-119.03646399989363, 35.341814999662994], [-119.03648499981003, 35.342076000131655], [-119.0365190001452, 35.34237899964345], [-119.0365600001531, 35.34272500014365], [-119.03672300035973, 35.343093999713616], [-119.03895799980347, 35.34309099980133], [-119.03912500020803, 35.343090000319066], [-119.03912500020803, 35.341738000172235], [-119.03912500020803, 35.34143499972214], [-119.03912500020803, 35.341394000313976], [-119.03918799995722, 35.341394000313976], [-119.03926699959993, 35.341394000313976], [-119.03931400035391, 35.34139499981729], [-119.03939100034681, 35.34139499981729], [-119.03956899972373, 35.34139499981729], [-119.03971600003682, 35.34139499981729], [-119.03974299980102, 35.34139900002845], [-119.03980899992324, 35.34139499981729], [-119.03985900015195, 35.34139499981729], [-119.03991600005338, 35.34139499981729], [-119.03998200017563, 35.34139499981729], [-119.04017899981908, 35.34139499981729], [-119.040187000215, 35.34129899981815], [-119.04019600043584, 35.341199999722484], [-119.04021999982697, 35.340906999676086], [-119.04022599967477, 35.340845000032736], [-119.04022999987272, 35.34079599984369], [-119.04179099964699, 35.34081099982994], [-119.0432760001516, 35.340824000060024], [-119.04333399987792, 35.34082500030311], [-119.04338800030457, 35.34082500030311], [-119.04349100023674, 35.340825999813404], [-119.04352600039685, 35.340825999813404], [-119.04442299964907, 35.340834000292006], [-119.04531300012692, 35.34084200003697], [-119.04537300040138, 35.34084200003697], [-119.04549600042502, 35.34084300027983], [-119.04581400044236, 35.34084600027557], [-119.04620899955425, 35.34085100002396], [-119.04620899955425, 35.340687000348346], [-119.04620899955425, 35.340466000174146], [-119.04620899955425, 35.34008700000336], [-119.04673699963385, 35.340085999751125], [-119.04688499977186, 35.34008700000336], [-119.0477469997623, 35.34009499982233], [-119.04786800013612, 35.34009600007439], [-119.04791900018972, 35.340097000326494], [-119.04807999984824, 35.34058200022491], [-119.04815099999335, 35.340795000333024], [-119.0483040001542, 35.34125500036055], [-119.04834099996415, 35.341366000295174], [-119.04835600003275, 35.34141099992817], [-119.04861100030088, 35.34214800036524], [-119.04874900039313, 35.34254999963536], [-119.04899200006739, 35.3430339999817], [-119.04894799968646, 35.34318500017457], [-119.04900299993804, 35.34318599965566], [-119.049155000274, 35.34318699986951], [-119.0493450002448, 35.343190999992025], [-119.04911000006815, 35.34394999968313], [-119.04892500012022, 35.34451700000682], [-119.0487250001037, 35.34451700000682], [-119.04851599986632, 35.34516300035917], [-119.0482759996668, 35.345903000083986], [-119.04798299976383, 35.34680699966706], [-119.04817600010769, 35.34680900000504], [-119.04851099984346, 35.346811999779256], [-119.04849499994992, 35.34685400027004], [-119.04846399998779, 35.34693399978365], [-119.04873699979926, 35.34694199965742], [-119.04904399994591, 35.34694399999205], [-119.05071400039843, 35.34695900030235], [-119.05117999965546, 35.34696200007099], [-119.05133700001429, 35.34696399967244], [-119.05138300004504, 35.34696399967244], [-119.05137399982422, 35.34775800020162], [-119.05177800005525, 35.3477620000978], [-119.05178200025321, 35.3473220000743], [-119.05197499969873, 35.3473220000743], [-119.05197999972162, 35.346967000173585], [-119.0519770002469, 35.34684199971334], [-119.05226299957883, 35.34684500021906], [-119.05298999985007, 35.34685199993313], [-119.05319900008745, 35.34685300010159], [-119.05317800017106, 35.346981999746866], [-119.05317800017106, 35.347025999749185], [-119.05316899995022, 35.34769099989644], [-119.05317399997308, 35.34777399978509], [-119.05338900005826, 35.34777700025615], [-119.0534369997388, 35.34777700025615], [-119.0534369997388, 35.34769499979595], [-119.05344500013473, 35.347153999686206], [-119.05344699978455, 35.34702900024807], [-119.05345299963234, 35.34698400008056], [-119.05347500027197, 35.34698299991372], [-119.05348000029484, 35.346855999874165], [-119.05375399993123, 35.34685899964663], [-119.05406600010075, 35.34686200015167], [-119.05510899984114, 35.34687100020081], [-119.05521099994841, 35.3468719996363], [-119.05531399988058, 35.3468719996363], [-119.05563000024807, 35.34687500014084], [-119.05562699987503, 35.34699999981734], [-119.05561799965419, 35.34771500002307], [-119.05561699982928, 35.34779600030626], [-119.05593800021963, 35.347799000043814], [-119.05594599971725, 35.347468999669324], [-119.05594800026539, 35.34735900022185], [-119.05616300035054, 35.34736199997563], [-119.05626299990968, 35.34736400029992], [-119.05626299990968, 35.347247000297514], [-119.05626299990968, 35.34688099968427], [-119.05646799994909, 35.346883000020455], [-119.05673200043803, 35.3468850003566]], [[-119.19761199987248, 35.31983399970698], [-119.19750499974236, 35.319921999933015], [-119.19734200043406, 35.32005799989413], [-119.19731599959647, 35.320076999865115], [-119.19727700013672, 35.320101000130656], [-119.19724500034967, 35.32012000009154], [-119.19720299961855, 35.320151000172366], [-119.19710300005944, 35.320164000060906], [-119.19707700012019, 35.32018999983167], [-119.19702000021879, 35.32020599974279], [-119.19696099976923, 35.320217999857306], [-119.19591200018104, 35.32036900016897], [-119.18778799967085, 35.32152900017838], [-119.18752599973004, 35.32156700015746], [-119.18746200015593, 35.32157600009208], [-119.18740199988144, 35.321585000025635], [-119.18735699967563, 35.32159300021006], [-119.18726700016225, 35.321610000324476], [-119.1872219999564, 35.32161900025425], [-119.18716300040519, 35.32163199990679], [-119.18711900002424, 35.321642000314625], [-119.18706499959755, 35.321655999710785], [-119.18696599986336, 35.321681999734764], [-119.18691300015992, 35.321697000336776], [-119.18687100032712, 35.32170999997672], [-119.18684399966465, 35.32171800014884], [-119.18681299970248, 35.32172799981307], [-119.1867559998011, 35.32174599964536], [-119.18669999972458, 35.321765999698684], [-119.18667200013547, 35.32177600008995], [-119.1866239995566, 35.32179399991156], [-119.1865879995716, 35.32180700026886], [-119.18476700040462, 35.32249699982768], [-119.18309100010433, 35.32313099989094], [-119.18206699973217, 35.32351799968144], [-119.18201099965569, 35.32353700030525], [-119.18107400022049, 35.323893999970664], [-119.18107300039557, 35.32395800032919], [-119.18107199967235, 35.32406000017743], [-119.18107000002252, 35.32419799993977], [-119.18106699964949, 35.32440899982732], [-119.18106300034982, 35.324596000240014], [-119.1810549999539, 35.325160999897854], [-119.18105400012898, 35.3251929999484], [-119.18105400012898, 35.325234999949785], [-119.18096200006748, 35.33252099968108], [-119.17656400025172, 35.332516000150164], [-119.17655699968071, 35.332680000286], [-119.1765419996121, 35.3340520002362], [-119.17651800022097, 35.33617399994126], [-119.17557800041271, 35.33617500024191], [-119.17515900011306, 35.33617599980972], [-119.17432200023697, 35.33617700011034], [-119.17413300009109, 35.33617700011034], [-119.17401900028827, 35.33617700011034], [-119.17369500042318, 35.33617700011034], [-119.17364799966919, 35.33617700011034], [-119.17311399974183, 35.336151000351244], [-119.17309000035067, 35.336095999903165], [-119.17307299973393, 35.336056999855906], [-119.17305500019059, 35.336017999789775], [-119.1730369997489, 35.335978999704814], [-119.17299999993901, 35.33590100021134], [-119.17295999975603, 35.33581700027801], [-119.1729150004485, 35.335726999886134], [-119.17286900041773, 35.33563799970131], [-119.172851999801, 35.33560600012142], [-119.17280699959512, 35.335523999766004], [-119.17277999983096, 35.33547300012862], [-119.17271500043196, 35.3353600002713], [-119.17267900044695, 35.335296999724584], [-119.16878600024624, 35.32872199987856], [-119.16672400015655, 35.325240999634076], [-119.16493400005342, 35.32221899991061], [-119.16490599956602, 35.322173000111704], [-119.16486499955815, 35.322104000364156], [-119.16482600009839, 35.322042999964715], [-119.16480699983182, 35.32201199987629], [-119.16478699974033, 35.32198099977593], [-119.16476699964885, 35.32194999966367], [-119.16474300025772, 35.32191400008592], [-119.1647149997703, 35.32187100008057], [-119.16468999965595, 35.32183499973462], [-119.16466999956448, 35.32180400029935], [-119.16464899964808, 35.32177399986521], [-119.16462400043203, 35.32173800020904], [-119.16459900031768, 35.32170199980388], [-119.16457500002824, 35.32166800034307], [-119.16454300024118, 35.32162399972622], [-119.16451899995172, 35.32159000023261], [-119.16449100036262, 35.32155300001293], [-119.16446500042338, 35.321517000258375], [-119.16443799976088, 35.32148099975486], [-119.16440699979874, 35.321439999752286], [-119.1643480002475, 35.32136399965679], [-119.16429299999592, 35.321294000200005], [-119.16423699991944, 35.32122499970241], [-119.16416099975145, 35.32113299968028], [-119.16413200033743, 35.321098999980215], [-119.16410300002515, 35.321063999778204], [-119.1640739997128, 35.32103000004913], [-119.16404699994861, 35.32100000006078], [-119.16401599998647, 35.32096499981592], [-119.16399099987211, 35.32093700004889], [-119.16396599975776, 35.32090900027223], [-119.16393599962055, 35.320874999745], [-119.16390100035873, 35.320835999683155], [-119.16386000035087, 35.32079200007946], [-119.16381799961975, 35.320747999718826], [-119.16378900020575, 35.32071699986683], [-119.16375599969548, 35.320682000232445], [-119.16372399990843, 35.32064999986237], [-119.16369799996917, 35.320622999746455], [-119.16366600018212, 35.320590000325474], [-119.16363400039506, 35.320557999919], [-119.16360400025785, 35.32053000001104], [-119.1635740001206, 35.32049699981918], [-119.16353700031068, 35.32046200008957], [-119.16351499967105, 35.320440999951316], [-119.16349299992976, 35.320419999807655], [-119.16346500034068, 35.320393000347885], [-119.16343799967818, 35.32036699990941], [-119.16342699980751, 35.31945800032765], [-119.16340800043925, 35.3194300000388], [-119.16342599998259, 35.31086700031993], [-119.16351499967105, 35.31086599970612], [-119.16803999970843, 35.31086100030212], [-119.17187000015994, 35.31086100030212], [-119.17637500010584, 35.31085500028392], [-119.18103900006038, 35.31084200036509], [-119.1826040000326, 35.31084200036509], [-119.18342199964214, 35.31084799965125], [-119.18399400010264, 35.31090000004319], [-119.1845899999543, 35.31096600018239], [-119.18516200041483, 35.31106400004538], [-119.18567100022787, 35.3111809996515], [-119.18617099982006, 35.311318000259604], [-119.18667200013547, 35.311475000301996], [-119.18709300008496, 35.3116320000396], [-119.18749800014093, 35.31180100010298], [-119.18807800009905, 35.31208800017371], [-119.18847599958403, 35.312304000188725], [-119.1889679996786, 35.31260400031151], [-119.18939700002402, 35.31291099977635], [-119.18973699978262, 35.313185999883494], [-119.19006300019585, 35.312858000088056], [-119.19668399975981, 35.31862300029595], [-119.19686299985993, 35.31877900030196], [-119.19662699985838, 35.318968999884], [-119.1969159995634, 35.3192260002595], [-119.19754099972737, 35.31976999974893], [-119.19761199987248, 35.31983399970698]]], [[[-118.96768000038522, 35.22334499994634], [-118.96768000038522, 35.22312899966265], [-118.95002200010161, 35.22314599990623], [-118.94996900039816, 35.20865399979653], [-118.9411019997232, 35.208667999644646], [-118.93217300002229, 35.20868200022428], [-118.93223400012165, 35.20873699990916], [-118.93220599963423, 35.22324300014904], [-118.93955199981959, 35.223164999872154], [-118.939648999904, 35.22846899980775], [-118.94541199967543, 35.228439000005245], [-118.94541000002559, 35.230268999944236], [-118.94541000002559, 35.23033099993539], [-118.94918000020266, 35.23031999984574], [-118.94934800043214, 35.23031999984574], [-118.9497409998942, 35.23031899970406], [-118.95001399970569, 35.23032099998735], [-118.95001399970569, 35.23051399994067], [-118.95000600020809, 35.23781399965574], [-118.96040399962176, 35.237794000135864], [-118.9605190001478, 35.237794000135864], [-118.96767299981421, 35.23778100022521], [-118.96768000038522, 35.22334499994634]]], [[[-118.96759499999642, 35.20862300033405], [-118.967614000263, 35.194043000170254], [-118.94990999994863, 35.19397899991172], [-118.94984600037449, 35.19397899991172], [-118.94996900039816, 35.20865399979653], [-118.96759499999642, 35.20862300033405]]], [[[-118.97991499975771, 35.24726400023444], [-118.97993099965124, 35.24693900017673], [-118.97980799962758, 35.24630700029178], [-118.97876700043531, 35.240065000020785], [-118.97838400012066, 35.23776800031242], [-118.9782590004472, 35.23776800031242], [-118.97303800010071, 35.23777399987733], [-118.96767299981421, 35.23778100022521], [-118.9676589995705, 35.2406520002374], [-118.96764600005005, 35.24337199998149], [-118.96763799965413, 35.24509199991387], [-118.96762900033161, 35.249476000222266], [-118.9676229995855, 35.252382999644446], [-118.97959099989261, 35.25232900006714], [-118.97970600041864, 35.25051600010535], [-118.97991499975771, 35.24726400023444]]]]}, "properties": {"GEOID": "0603526", "NAME": "Bakersfield city"}}]}