h3,canopy_pct,row_canopy_pct,canopy_m2,row_m2,assessed_m2,coverage_frac,canopy_source,canopy_year,canopy_quality
8929ac48043ffff,0.1345718318180326,0.0,156.0,1452.0,,,chm-legacy,2009-2020,coverage-unknown
8929ac48047ffff,2.4221339722340742,0.1199040767386091,2805.0,4798.0,,,chm-legacy,2009-2020,coverage-unknown
8929ac4804bffff,0.029541127814613,0.0,34.0,0.0,,,chm-legacy,2009-2020,coverage-unknown
8929ac48053ffff,0.0,0.0,0.0,910.0,,,chm-legacy,2009-2020,coverage-unknown
8929ac48057ffff,0.0,0.0,0.0,5219.0,,,chm-legacy,2009-2020,coverage-unknown
8929ac4805bffff,0.0,0.0,0.0,0.0,,,chm-legacy,2009-2020,coverage-unknown
8929ac480c3ffff,0.0,0.0,0.0,5967.0,,,chm-legacy,2009-2020,coverage-unknown
8929ac480cbffff,0.0,0.0,0.0,639.0,,,chm-legacy,2009-2020,coverage-unknown
8929ac480cfffff,0.0,0.0,0.0,5610.0,,,chm-legacy,2009-2020,coverage-unknown
8929ac480d3ffff,0.0,0.0,0.0,6261.0,,,chm-legacy,2009-2020,coverage-unknown
8929ac480dbffff,0.0065657726272939,0.0,8.0,121.0,,,chm-legacy,2009-2020,coverage-unknown
8929ac48203ffff,0.0,0.0,0.0,0.0,,,chm-legacy,2009-2020,coverage-unknown
8929ac4820bffff,0.0,0.0,0.0,0.0,,,chm-legacy,2009-2020,coverage-unknown
8929ac4820fffff,0.0,0.0,0.0,3928.0,,,chm-legacy,2009-2020,coverage-unknown
8929ac48213ffff,0.0,0.0,0.0,0.0,,,chm-legacy,2009-2020,coverage-unknown
8929ac4821bffff,0.0,0.0,0.0,0.0,,,chm-legacy,2009-2020,coverage-unknown
8929ac48223ffff,0.0,0.0,0.0,1037.0,,,chm-legacy,2009-2020,coverage-unknown
8929ac48227ffff,0.0,0.0,0.0,0.0,,,chm-legacy,2009-2020,coverage-unknown
8929ac4822bffff,0.0,0.0,0.0,0.0,,,chm-legacy,2009-2020,coverage-unknown
8929ac4822fffff,0.0,0.0,0.0,0.0,,,chm-legacy,2009-2020,coverage-unknown
8929ac48233ffff,0.0,0.0,0.0,2840.0,,,chm-legacy,2009-2020,coverage-unknown
8929ac48237ffff,0.0,0.0,0.0,7223.0,,,chm-legacy,2009-2020,coverage-unknown
8929ac4823bffff,0.0,0.0,0.0,7068.0,,,chm-legacy,2009-2020,coverage-unknown
8929ac48243ffff,0.0,0.0,0.0,0.0,,,chm-legacy,2009-2020,coverage-unknown
8929ac48247ffff,0.0,0.0,0.0,5115.0,,,chm-legacy,2009-2020,coverage-unknown
8929ac4824bffff,0.0,0.0,0.0,5558.0,,,chm-legacy,2009-2020,coverage-unknown
8929ac4824fffff,0.0,0.0,0.0,5720.0,,,chm-legacy,2009-2020,coverage-unknown
8929ac48253ffff,0.0,0.0,0.0,0.0,,,chm-legacy,2009-2020,coverage-unknown
8929ac48257ffff,0.0,0.0,0.0,0.0,,,chm-legacy,2009-2020,coverage-unknown
8929ac4825bffff,0.0492125984251968,0.0,57.0,0.0,,,chm-legacy,2009-2020,coverage-unknown
8929ac48263ffff,0.0,0.0,0.0,0.0,,,chm-legacy,2009-2020,coverage-unknown
8929ac48267ffff,0.0,0.0,0.0,0.0,,,chm-legacy,2009-2020,coverage-unknown
8929ac4826bffff,0.0,0.0,0.0,0.0,,,chm-legacy,2009-2020,coverage-unknown
8929ac4826fffff,0.0,0.0,0.0,0.0,,,chm-legacy,2009-2020,coverage-unknown
8929ac48273ffff,0.0131233595800524,0.0,15.0,6480.0,,,chm-legacy,2009-2020,coverage-unknown
8929ac48277ffff,0.0,0.0,0.0,0.0,,,chm-legacy,2009-2020,coverage-unknown
8929ac4827bffff,0.0,0.0,0.0,0.0,,,chm-legacy,2009-2020,coverage-unknown
8929ac48283ffff,0.0,0.0,0.0,0.0,,,chm-legacy,2009-2020,coverage-unknown
8929ac4828bffff,0.1805172640147039,0.0,209.0,0.0,,,chm-legacy,2009-2020,coverage-unknown
8929ac48293ffff,0.2067675342151038,0.0,239.0,0.0,,,chm-legacy,2009-2020,coverage-unknown
8929ac48297ffff,0.0,0.0,0.0,0.0,,,chm-legacy,2009-2020,coverage-unknown
8929ac4829bffff,0.1378224059854302,0.0,160.0,0.0,,,chm-legacy,2009-2020,coverage-unknown
8929ac482c3ffff,0.0,0.0,0.0,0.0,,,chm-legacy,2009-2020,coverage-unknown
8929ac482c7ffff,0.0,0.0,0.0,0.0,,,chm-legacy,2009-2020,coverage-unknown
8929ac482cbffff,0.0,0.0,0.0,0.0,,,chm-legacy,2009-2020,coverage-unknown
8929ac482cfffff,0.0,0.0,0.0,0.0,,,chm-legacy,2009-2020,coverage-unknown
8929ac482d3ffff,0.0,0.0,0.0,0.0,,,chm-legacy,2009-2020,coverage-unknown
8929ac482d7ffff,0.0,0.0,0.0,0.0,,,chm-legacy,2009-2020,coverage-unknown
8929ac482dbffff,0.0,0.0,0.0,0.0,,,chm-legacy,2009-2020,coverage-unknown
8929ac48343ffff,0.2592373826868806,0.0,300.0,4522.0,,,chm-legacy,2009-2020,coverage-unknown
8929ac48347ffff,0.0065623256882239,0.0,8.0,1555.0,,,chm-legacy,2009-2020,coverage-unknown
8929ac4834bffff,0.0,0.0,0.0,0.0,,,chm-legacy,2009-2020,coverage-unknown
8929ac4834fffff,0.0426523179894353,0.0,49.0,5161.0,,,chm-legacy,2009-2020,coverage-unknown
8929ac48353ffff,0.0,0.0,0.0,4090.0,,,chm-legacy,2009-2020,coverage-unknown
8929ac48357ffff,0.3576936960588061,0.0,414.0,2079.0,,,chm-legacy,2009-2020,coverage-unknown
8929ac4835bffff,0.0,0.0,0.0,0.0,,,chm-legacy,2009-2020,coverage-unknown
8929ac48363ffff,0.0,0.0,0.0,6538.0,,,chm-legacy,2009-2020,coverage-unknown
8929ac48367ffff,0.0,0.0,0.0,5063.0,,,chm-legacy,2009-2020,coverage-unknown
8929ac4836bffff,0.0,0.0,0.0,4890.0,,,chm-legacy,2009-2020,coverage-unknown
8929ac4836fffff,0.0,0.0,0.0,0.0,,,chm-legacy,2009-2020,coverage-unknown
8929ac4837bffff,0.0032809475376488,0.0,4.0,1094.0,,,chm-legacy,2009-2020,coverage-unknown
8929ac483c3ffff,0.0,0.0,0.0,3254.0,,,chm-legacy,2009-2020,coverage-unknown
8929ac483cbffff,0.0721855825704629,0.0,84.0,7989.0,,,chm-legacy,2009-2020,coverage-unknown
8929ac483cfffff,0.0,0.0,0.0,2310.0,,,chm-legacy,2009-2020,coverage-unknown
8929ac48603ffff,0.0,0.0,0.0,0.0,,,chm-legacy,2009-2020,coverage-unknown
8929ac48607ffff,0.0,0.0,0.0,0.0,,,chm-legacy,2009-2020,coverage-unknown
8929ac4860bffff,0.0,0.0,0.0,0.0,,,chm-legacy,2009-2020,coverage-unknown
8929ac4860fffff,0.0,0.0,0.0,0.0,,,chm-legacy,2009-2020,coverage-unknown
8929ac4861bffff,0.0,0.0,0.0,0.0,,,chm-legacy,2009-2020,coverage-unknown
8929ac48623ffff,0.0,0.0,0.0,0.0,,,chm-legacy,2009-2020,coverage-unknown
8929ac48627ffff,0.0,0.0,0.0,0.0,,,chm-legacy,2009-2020,coverage-unknown
8929ac4862bffff,0.0,0.0,0.0,0.0,,,chm-legacy,2009-2020,coverage-unknown
8929ac4862fffff,0.0,0.0,0.0,0.0,,,chm-legacy,2009-2020,coverage-unknown
8929ac48633ffff,0.0,0.0,0.0,0.0,,,chm-legacy,2009-2020,coverage-unknown
8929ac48637ffff,4.361953525009846,0.0,5052.0,0.0,,,chm-legacy,2009-2020,coverage-unknown
8929ac4863bffff,0.0,0.0,0.0,0.0,,,chm-legacy,2009-2020,coverage-unknown
8929ac48663ffff,0.0,0.0,0.0,0.0,,,chm-legacy,2009-2020,coverage-unknown
8929ac48667ffff,0.0,0.0,0.0,0.0,,,chm-legacy,2009-2020,coverage-unknown
8929ac4866fffff,0.0,0.0,0.0,0.0,,,chm-legacy,2009-2020,coverage-unknown
8929ac48673ffff,0.0,0.0,0.0,0.0,,,chm-legacy,2009-2020,coverage-unknown
8929ac48677ffff,0.0,0.0,0.0,0.0,,,chm-legacy,2009-2020,coverage-unknown
8929ac486a7ffff,0.0,0.0,0.0,0.0,,,chm-legacy,2009-2020,coverage-unknown
8929ac486abffff,0.0,0.0,0.0,0.0,,,chm-legacy,2009-2020,coverage-unknown
8929ac486afffff,0.1116108065522108,0.0,129.0,0.0,,,chm-legacy,2009-2020,coverage-unknown
8929ac48827ffff,5.358666404147798,0.0,6200.0,639.0,,,chm-legacy,2009-2020,coverage-unknown
8929ac48867ffff,12.68497555533681,3.121516164994426,14678.0,10011.0,,,chm-legacy,2009-2020,coverage-unknown
8929ac4886fffff,1.387639727611461,0.0,116.64,516.0,8405.64,0.07264525160844533,usfs-2022,2022,partial
8929ac48923ffff,10.38475573395516,0.8899095737046074,4200.48,2486.0,40448.52,0.3496829226936493,usfs-2022,2022,partial
8929ac48927ffff,7.868894229775981,1.1897404202719406,8227.08,6907.0,104551.92,0.9039022061392891,usfs-2022,2022,partial
8929ac4892bffff,1.1610963945763113,0.0,1276.56,717.0,109944.36,0.9504751069459844,usfs-2022,2022,partial
8929ac4892fffff,7.759393441398371,0.8801504773396742,8974.8,20109.0,115663.68,0.9999595701919025,usfs-2022,2022,full
8929ac48933ffff,0.0,0.0,0.0,6376.0,,,chm-legacy,2009-2020,coverage-unknown
8929ac48937ffff,12.588036290942641,0.0,1473.48,0.0,11705.4,0.10119569738161707,usfs-2022,2022,partial
8929ac4893bffff,0.0,0.0,0.0,582.0,,,chm-legacy,2009-2020,coverage-unknown
8929ac48943ffff,15.83645074489729,0.0,18322.0,5311.0,,,chm-legacy,2009-2020,coverage-unknown
8929ac48947ffff,9.461455154080928,0.0,10946.0,0.0,,,chm-legacy,2009-2020,coverage-unknown
8929ac4894bffff,0.1575164900075476,0.0,182.0,1411.0,,,chm-legacy,2009-2020,coverage-unknown
8929ac4894fffff,0.0,0.0,0.0,85.0,11704.32,0.10117124294970169,usfs-2022,2022,partial
8929ac48953ffff,28.856439704675964,0.8547008547008548,33386.0,6682.0,,,chm-legacy,2009-2020,coverage-unknown
8929ac48957ffff,15.111242370545384,0.0,17483.0,0.0,,,chm-legacy,2009-2020,coverage-unknown
8929ac4895bffff,3.035175219845124,3.5787321063394684,3512.0,5432.0,,,chm-legacy,2009-2020,coverage-unknown
8929ac48963ffff,0.8169095611095032,0.002187178758119901,945.0,16459.0,115679.88,1.0,usfs-2022,2022,full
8929ac48967ffff,1.6485585616427698,0.17309450181846472,1906.92,18478.0,115671.96,0.9999813360085571,usfs-2022,2022,full
8929ac4896bffff,3.1853615273304396,0.10396699048052242,3684.96,22138.0,115684.2,1.0,usfs-2022,2022,full
8929ac4896fffff,2.6105305090970203,0.3534376648496571,3019.68,20401.0,115673.04,0.9999814912615657,usfs-2022,2022,full
8929ac48973ffff,0.0,0.0,0.0,138.0,2671.92,0.02309702086840822,usfs-2022,2022,partial
8929ac48977ffff,0.1376197650680598,0.0,75.96,5239.0,55195.56,0.47714930517419774,usfs-2022,2022,partial
8929ac4897bffff,2.056425946079136,0.0,1442.16,4436.0,70129.44,0.6062181003396929,usfs-2022,2022,partial
8929ac489a3ffff,0.1017427549312415,0.0,118.0,3398.0,,,chm-legacy,2009-2020,coverage-unknown
8929ac489a7ffff,0.0,0.0,0.0,12977.0,,,chm-legacy,2009-2020,coverage-unknown
8929ac489abffff,0.0,0.0,0.0,11347.0,,,chm-legacy,2009-2020,coverage-unknown
8929ac489afffff,0.0,0.0,0.0,455.0,,,chm-legacy,2009-2020,coverage-unknown
8929ac489b7ffff,0.2100633472281484,3.0141843971631204,243.0,6301.0,,,chm-legacy,2009-2020,coverage-unknown
8929ac489cbffff,14.477915600183763,12.308634415186772,16751.0,8248.0,,,chm-legacy,2009-2020,coverage-unknown
8929ac489cfffff,10.156532011945,3.4865293185419968,11751.0,7016.0,,,chm-legacy,2009-2020,coverage-unknown
8929ac48a37ffff,0.7645271190057469,0.0,748.08,2375.0,97848.72,0.8456286797479358,usfs-2022,2022,partial
8929ac48a6fffff,4.416544916918904,3.0787152604426695,4548.96,6290.0,102998.16,0.8900988250446992,usfs-2022,2022,partial
8929ac48aa7ffff,0.15594345792041853,0.0,11.16,0.0,7156.44,0.06184604140334861,usfs-2022,2022,partial
8929ac48aafffff,0.004650261577213718,0.0,2.16,10317.0,46449.0,0.40140916045274666,usfs-2022,2022,partial
8929ac48b03ffff,2.6959075973314746,0.4469314341775371,3119.04,19727.0,115695.36,1.0,usfs-2022,2022,full
8929ac48b07ffff,5.134803769028741,0.4195712863043443,5940.36,21959.0,115688.16,1.0,usfs-2022,2022,full
8929ac48b0bffff,3.0465035226169435,0.047370914258645196,3524.4,6836.0,115686.72,0.999941389539235,usfs-2022,2022,full
8929ac48b0fffff,5.6162712539520525,2.6619768143692633,6497.28,16836.0,115686.72,0.9999819576286768,usfs-2022,2022,full
8929ac48b13ffff,0.043252998926454345,0.0,50.04,3906.0,115691.4,0.9999595342165215,usfs-2022,2022,full
8929ac48b17ffff,0.5607418471496141,0.012182048533281357,648.72,14774.0,115689.6,0.9999845450865592,usfs-2022,2022,full
8929ac48b1bffff,1.4726656087619403,0.2244862718010706,1703.88,2080.0,115700.4,1.0,usfs-2022,2022,full
8929ac48b23ffff,7.081551742380392,0.43845373260066245,8192.16,18720.0,115683.12,1.0,usfs-2022,2022,full
8929ac48b27ffff,5.262404416822017,0.699561029331927,6087.24,23046.0,115674.12,0.9999948002397621,usfs-2022,2022,full
8929ac48b2bffff,2.0387521629258942,0.6399811539292094,2358.36,18221.0,115676.64,0.9999668582045834,usfs-2022,2022,full
8929ac48b2fffff,8.565835623344734,2.2728334865172215,9908.64,22584.0,115676.28,1.0,usfs-2022,2022,full
8929ac48b33ffff,6.934347458049096,0.4812804297946164,8021.52,19206.0,115678.08,0.9999569858902074,usfs-2022,2022,full
8929ac48b37ffff,7.1813592764799985,0.15222678077487145,8307.0,19363.0,115674.48,0.9999664569247043,usfs-2022,2022,full
8929ac48b3bffff,7.601409178332016,1.265620922613007,8793.0,24518.0,115675.92,0.999929178793246,usfs-2022,2022,full
8929ac48b47ffff,4.177817054803898,0.15832587595511805,4833.36,15664.0,115691.04,0.9999696137363898,usfs-2022,2022,full
8929ac48b4bffff,8.005090499497484,3.168506095361754,9261.72,19330.0,115697.88,0.9999790779963684,usfs-2022,2022,full
8929ac48b4fffff,6.2385652233437465,0.4253578732106339,7218.0,17529.0,115699.68,1.0,usfs-2022,2022,full
8929ac48b57ffff,8.960652656863537,0.20921290711700843,10367.64,19060.0,115701.84,1.0,usfs-2022,2022,full
8929ac48b63ffff,0.03827483196415235,0.0,44.28,11722.0,115689.6,1.0,usfs-2022,2022,full
8929ac48b67ffff,0.0,0.0,0.0,8768.0,115677.72,0.9999670739452805,usfs-2022,2022,full
8929ac48b6bffff,4.908666562937607,0.2440288154573869,5678.64,21486.0,115686.0,0.999988965428304,usfs-2022,2022,full
8929ac48b6fffff,0.0,0.0,0.0,496.0,115684.56,1.0,usfs-2022,2022,full
8929ac48b73ffff,0.2181401760680622,0.0,252.36,1280.0,115687.08,0.9999759486285289,usfs-2022,2022,full
8929ac48b77ffff,2.734099063634864,1.2039506884867708,3162.96,9867.0,115685.64,1.0,usfs-2022,2022,full
8929ac48b7bffff,1.927110237053541,0.11814259297308403,2229.48,14000.0,115690.32,0.9999948437095894,usfs-2022,2022,full
8929ac48b83ffff,3.1287049440312873,3.614457831325301,731.52,3254.0,23380.92,0.20208462366758545,usfs-2022,2022,partial
8929ac48b87ffff,7.806227006740574,8.236458075686372,5690.88,4007.0,72901.8,0.6301262112440675,usfs-2022,2022,partial
8929ac48b8bffff,1.0487655055525718,0.0,1173.96,2911.0,111937.32,0.9674813598882487,usfs-2022,2022,partial
8929ac48b8fffff,1.0657836343153655,0.4220681338558939,1123.92,1189.0,105454.8,0.911489502995505,usfs-2022,2022,partial
8929ac48b97ffff,0.0032813781788351,0.0,4.0,0.0,,,chm-legacy,2009-2020,coverage-unknown
8929ac48b9bffff,0.43029504592025325,0.0,163.44,1055.0,37983.24,0.3282812404914465,usfs-2022,2022,partial
8929ac48ba3ffff,5.753743511868457,0.10405827263267431,6656.4,6221.0,115688.16,1.0,usfs-2022,2022,full
8929ac48ba7ffff,5.189502740079853,0.5732633492654605,6003.36,24413.0,115682.76,1.0,usfs-2022,2022,full
8929ac48babffff,0.2346234511429336,0.0,271.44,18693.0,115691.76,1.0,usfs-2022,2022,full
8929ac48bafffff,3.731343283582089,0.02996772706316275,4316.4,15612.0,115679.52,0.9999785796117291,usfs-2022,2022,full
8929ac48bb3ffff,6.673983307498803,1.4397905759162304,6370.56,4337.0,95453.64,0.825086367917963,usfs-2022,2022,partial
8929ac48bb7ffff,3.5760187965830053,0.34429645737066233,4136.76,15839.0,115680.6,0.9999656405310438,usfs-2022,2022,full
8929ac48bbbffff,3.573695806415475,0.099862688802896,4134.24,2881.0,115685.28,0.9999563504451748,usfs-2022,2022,full
8929ac48bc3ffff,0.6328700376174963,0.14869888475836432,732.24,5318.0,115701.48,0.9999655452064955,usfs-2022,2022,full
8929ac48bc7ffff,3.4596948176709357,0.0,3798.72,2387.0,109799.28,0.9489934737030813,usfs-2022,2022,partial
8929ac48bcbffff,0.0,0.0,0.0,0.0,115705.44,0.9999906483478176,usfs-2022,2022,full
8929ac48bcfffff,2.6859754864285423,0.08922817627521935,3107.52,7256.0,115694.28,0.9999347411923653,usfs-2022,2022,full
8929ac48bd3ffff,3.907344682635127,0.0,2549.88,1584.0,65258.64,0.5639888224830771,usfs-2022,2022,partial
8929ac48bd7ffff,2.2607896008354245,0.0,1044.36,3591.0,46194.48,0.3992456294446386,usfs-2022,2022,partial
8929ac48bdbffff,1.1079099982577096,0.0,1281.96,3888.0,115709.76,0.9999965625370075,usfs-2022,2022,full
8929ac49183ffff,0.006560818790185,0.0,8.0,12407.0,,,chm-legacy,2009-2020,coverage-unknown
8929ac49187ffff,21.455523837648062,0.0,24851.0,5213.0,,,chm-legacy,2009-2020,coverage-unknown
8929ac49193ffff,0.0,0.0,0.0,5674.0,,,chm-legacy,2009-2020,coverage-unknown
8929ac49197ffff,0.0,0.0,0.0,179.0,,,chm-legacy,2009-2020,coverage-unknown
8929ac491a3ffff,4.169400341162577,0.0,4829.0,0.0,,,chm-legacy,2009-2020,coverage-unknown
8929ac491b3ffff,12.945344793648712,0.0,14994.0,0.0,,,chm-legacy,2009-2020,coverage-unknown
8929ac491b7ffff,0.0820048546873974,0.0,95.0,0.0,,,chm-legacy,2009-2020,coverage-unknown
8929ac49507ffff,0.0,0.0,0.0,4499.0,,,chm-legacy,2009-2020,coverage-unknown
8929ac49523ffff,0.0,0.0,0.0,1187.0,,,chm-legacy,2009-2020,coverage-unknown
8929ac49527ffff,0.0,0.0,0.0,0.0,,,chm-legacy,2009-2020,coverage-unknown
8929ac4952bffff,0.0,0.0,0.0,5530.0,,,chm-legacy,2009-2020,coverage-unknown
8929ac4952fffff,0.0,0.0,0.0,726.0,,,chm-legacy,2009-2020,coverage-unknown
8929ac49533ffff,0.0,0.0,0.0,1757.0,,,chm-legacy,2009-2020,coverage-unknown
8929ac49537ffff,0.0,0.0,0.0,0.0,,,chm-legacy,2009-2020,coverage-unknown
8929ac4953bffff,0.0,0.0,0.0,4671.0,,,chm-legacy,2009-2020,coverage-unknown
8929ac495a7ffff,0.4069843770513325,0.0,471.0,0.0,,,chm-legacy,2009-2020,coverage-unknown
8929ac495abffff,0.0,0.0,0.0,2218.0,,,chm-legacy,2009-2020,coverage-unknown
8929ac495afffff,0.1411177841226084,0.0,163.0,0.0,,,chm-legacy,2009-2020,coverage-unknown
8929ac49803ffff,0.0,0.0,0.0,0.0,,,chm-legacy,2009-2020,coverage-unknown
8929ac49807ffff,0.0,0.0,0.0,5334.0,,,chm-legacy,2009-2020,coverage-unknown
8929ac4980bffff,0.7967474343421096,0.0,922.0,5725.0,,,chm-legacy,2009-2020,coverage-unknown
8929ac4980fffff,0.0,0.0,0.0,5553.0,,,chm-legacy,2009-2020,coverage-unknown
8929ac49813ffff,0.0,0.0,0.0,0.0,,,chm-legacy,2009-2020,coverage-unknown
8929ac49817ffff,0.0,0.0,0.0,0.0,,,chm-legacy,2009-2020,coverage-unknown
8929ac4981bffff,0.0,0.0,0.0,0.0,,,chm-legacy,2009-2020,coverage-unknown
8929ac49827ffff,0.0,0.0,0.0,0.0,,,chm-legacy,2009-2020,coverage-unknown
8929ac49833ffff,0.0,0.0,0.0,5178.0,,,chm-legacy,2009-2020,coverage-unknown
8929ac49837ffff,0.0,0.0,0.0,0.0,,,chm-legacy,2009-2020,coverage-unknown
8929ac49883ffff,0.0,0.0,0.0,0.0,,,chm-legacy,2009-2020,coverage-unknown
8929ac49887ffff,0.0,0.0,0.0,0.0,,,chm-legacy,2009-2020,coverage-unknown
8929ac4988bffff,0.0,0.0,0.0,0.0,,,chm-legacy,2009-2020,coverage-unknown
8929ac4988fffff,0.0,0.0,0.0,0.0,,,chm-legacy,2009-2020,coverage-unknown
8929ac49893ffff,2.5910134470318136,1.0628875110717448,3000.0,6434.0,,,chm-legacy,2009-2020,coverage-unknown
8929ac49897ffff,0.0,0.0,0.0,0.0,,,chm-legacy,2009-2020,coverage-unknown
8929ac4989bffff,0.0,0.0,0.0,0.0,,,chm-legacy,2009-2020,coverage-unknown
8929ac498a3ffff,0.0,0.0,0.0,0.0,,,chm-legacy,2009-2020,coverage-unknown
8929ac498a7ffff,0.0,0.0,0.0,0.0,,,chm-legacy,2009-2020,coverage-unknown
8929ac498abffff,0.0,0.0,0.0,0.0,,,chm-legacy,2009-2020,coverage-unknown
8929ac498afffff,0.0,0.0,0.0,4429.0,,,chm-legacy,2009-2020,coverage-unknown
8929ac498b3ffff,0.0,0.0,0.0,0.0,,,chm-legacy,2009-2020,coverage-unknown
8929ac498b7ffff,0.0,0.0,0.0,0.0,,,chm-legacy,2009-2020,coverage-unknown
8929ac498bbffff,0.0,0.0,0.0,0.0,,,chm-legacy,2009-2020,coverage-unknown
8929ac498c7ffff,0.0,0.0,0.0,0.0,,,chm-legacy,2009-2020,coverage-unknown
8929ac498d7ffff,0.0,0.0,0.0,0.0,,,chm-legacy,2009-2020,coverage-unknown
8929ac49923ffff,0.0,0.0,0.0,2130.0,2569.68,0.022206089340961563,usfs-2022,2022,partial
8929ac49927ffff,0.0,0.0,0.0,3549.0,9955.44,0.0860341923658872,usfs-2022,2022,partial
8929ac4992bffff,0.0,0.0,0.0,0.0,,,chm-legacy,2009-2020,coverage-unknown
8929ac4992fffff,0.0,0.0,0.0,6371.0,,,chm-legacy,2009-2020,coverage-unknown
8929ac49933ffff,0.0,0.0,0.0,4.0,17951.4,0.1551235374901165,usfs-2022,2022,partial
8929ac49937ffff,0.0,0.0,0.0,0.0,103309.56,0.8927656548680305,usfs-2022,2022,partial
8929ac4993bffff,0.0,0.0,0.0,0.0,,,chm-legacy,2009-2020,coverage-unknown
8929ac4994bffff,0.0,0.0,0.0,0.0,,,chm-legacy,2009-2020,coverage-unknown
8929ac4994fffff,0.0,0.0,0.0,0.0,,,chm-legacy,2009-2020,coverage-unknown
8929ac4995bffff,0.0,0.0,0.0,0.0,,,chm-legacy,2009-2020,coverage-unknown
8929ac49963ffff,0.0,0.0,0.0,0.0,,,chm-legacy,2009-2020,coverage-unknown
8929ac49967ffff,0.0,0.0,0.0,0.0,,,chm-legacy,2009-2020,coverage-unknown
8929ac4996bffff,0.0,0.0,0.0,0.0,,,chm-legacy,2009-2020,coverage-unknown
8929ac4996fffff,0.0,0.0,0.0,0.0,,,chm-legacy,2009-2020,coverage-unknown
8929ac49973ffff,0.0,0.0,0.0,0.0,,,chm-legacy,2009-2020,coverage-unknown
8929ac49977ffff,0.0,0.0,0.0,0.0,,,chm-legacy,2009-2020,coverage-unknown
8929ac4997bffff,0.0,0.0,0.0,0.0,,,chm-legacy,2009-2020,coverage-unknown
8929ac499a7ffff,0.2187961125527909,0.0,15.48,0.0,7075.08,0.06113903617477453,usfs-2022,2022,partial
8929ac499abffff,0.0,0.0,0.0,0.0,3654.0,0.03157433848623977,usfs-2022,2022,partial
8929ac499afffff,0.0,0.0,0.0,0.0,76234.68,0.6587731406808447,usfs-2022,2022,partial
8929ac499dbffff,0.0065595277140045,0.0,8.0,6860.0,,,chm-legacy,2009-2020,coverage-unknown
8929ac49b03ffff,0.0,0.0,0.0,0.0,,,chm-legacy,2009-2020,coverage-unknown
8929ac49b07ffff,0.0,0.0,0.0,0.0,,,chm-legacy,2009-2020,coverage-unknown
8929ac49b0bffff,0.0,0.0,0.0,0.0,,,chm-legacy,2009-2020,coverage-unknown
8929ac49b0fffff,0.0,0.0,0.0,0.0,,,chm-legacy,2009-2020,coverage-unknown
8929ac49b13ffff,0.0,0.0,0.0,0.0,,,chm-legacy,2009-2020,coverage-unknown
8929ac49b17ffff,0.0,0.0,0.0,0.0,,,chm-legacy,2009-2020,coverage-unknown
8929ac49b1bffff,0.0,0.0,0.0,0.0,,,chm-legacy,2009-2020,coverage-unknown
8929ac49b23ffff,0.7177974434611603,0.0,831.0,0.0,,,chm-legacy,2009-2020,coverage-unknown
8929ac49b27ffff,0.0589989839063882,0.0,68.0,5645.0,,,chm-legacy,2009-2020,coverage-unknown
8929ac49b2bffff,0.0,0.0,0.0,6232.0,,,chm-legacy,2009-2020,coverage-unknown
8929ac49b2fffff,0.0,0.0,0.0,5092.0,,,chm-legacy,2009-2020,coverage-unknown
8929ac49b33ffff,0.0,0.0,0.0,0.0,,,chm-legacy,2009-2020,coverage-unknown
8929ac49b37ffff,0.0,0.0,0.0,0.0,,,chm-legacy,2009-2020,coverage-unknown
8929ac49b3bffff,0.0,0.0,0.0,0.0,,,chm-legacy,2009-2020,coverage-unknown
8929ac49b63ffff,0.1901078370316955,0.0,220.0,9475.0,,,chm-legacy,2009-2020,coverage-unknown
8929ac49b67ffff,0.0,0.0,0.0,4504.0,,,chm-legacy,2009-2020,coverage-unknown
8929ac49b6fffff,0.0983123054235621,0.0,114.0,5979.0,,,chm-legacy,2009-2020,coverage-unknown
8929ac49b73ffff,0.0,0.0,0.0,0.0,,,chm-legacy,2009-2020,coverage-unknown
8929ac49b77ffff,0.0,0.0,0.0,0.0,,,chm-legacy,2009-2020,coverage-unknown
8929ac49b87ffff,0.0,0.0,0.0,0.0,,,chm-legacy,2009-2020,coverage-unknown
8929ac49b8bffff,0.0,0.0,0.0,0.0,,,chm-legacy,2009-2020,coverage-unknown
8929ac49b8fffff,0.0,0.0,0.0,0.0,,,chm-legacy,2009-2020,coverage-unknown
8929ac49ba3ffff,0.0,0.0,0.0,0.0,,,chm-legacy,2009-2020,coverage-unknown
8929ac49ba7ffff,0.0,0.0,0.0,0.0,,,chm-legacy,2009-2020,coverage-unknown
8929ac49babffff,0.0,0.0,0.0,0.0,,,chm-legacy,2009-2020,coverage-unknown
8929ac49bafffff,0.0,0.0,0.0,0.0,,,chm-legacy,2009-2020,coverage-unknown
8929ac49bb3ffff,0.0,0.0,0.0,0.0,,,chm-legacy,2009-2020,coverage-unknown
8929ac49bb7ffff,0.0,0.0,0.0,0.0,,,chm-legacy,2009-2020,coverage-unknown
8929ac49bbbffff,0.0,0.0,0.0,0.0,,,chm-legacy,2009-2020,coverage-unknown
8929ac49bc7ffff,0.0,0.0,0.0,0.0,,,chm-legacy,2009-2020,coverage-unknown
8929ac49c13ffff,0.0,0.0,0.0,6290.0,,,chm-legacy,2009-2020,coverage-unknown
8929ac49c2fffff,1.774235865144956,0.0,2054.0,4481.0,,,chm-legacy,2009-2020,coverage-unknown
8929ac49c67ffff,0.0,0.0,0.0,8778.0,,,chm-legacy,2009-2020,coverage-unknown
8929ac49c6fffff,0.0,0.0,0.0,7471.0,,,chm-legacy,2009-2020,coverage-unknown
8929ac49c83ffff,0.0,0.0,0.0,0.0,,,chm-legacy,2009-2020,coverage-unknown
8929ac49c87ffff,0.0,0.0,0.0,0.0,,,chm-legacy,2009-2020,coverage-unknown
8929ac49c8bffff,0.0,0.0,0.0,0.0,,,chm-legacy,2009-2020,coverage-unknown
8929ac49c8fffff,0.0,0.0,0.0,4314.0,,,chm-legacy,2009-2020,coverage-unknown
8929ac49c93ffff,0.0,0.0,0.0,0.0,,,chm-legacy,2009-2020,coverage-unknown
8929ac49c97ffff,0.0,0.0,0.0,0.0,,,chm-legacy,2009-2020,coverage-unknown
8929ac49c9bffff,0.0,0.0,0.0,0.0,,,chm-legacy,2009-2020,coverage-unknown
8929ac49ca3ffff,3.25744652932686,0.0,3772.0,5293.0,,,chm-legacy,2009-2020,coverage-unknown
8929ac49ca7ffff,6.590774883537826,9.82278481012658,7631.0,10259.0,,,chm-legacy,2009-2020,coverage-unknown
8929ac49cb3ffff,0.0,0.0,0.0,1843.0,,,chm-legacy,2009-2020,coverage-unknown
8929ac49cb7ffff,3.316711501869956,0.0,3840.0,12165.0,,,chm-legacy,2009-2020,coverage-unknown
8929ac49cbbffff,0.1377771945938853,0.0,160.0,12142.0,,,chm-legacy,2009-2020,coverage-unknown
8929ac49cc7ffff,0.288685496834301,0.0,334.0,5581.0,,,chm-legacy,2009-2020,coverage-unknown
8929ac49cd3ffff,0.0557742782152231,0.0,65.0,0.0,,,chm-legacy,2009-2020,coverage-unknown
8929ac49cd7ffff,1.3580449401344925,0.0,1573.0,0.0,,,chm-legacy,2009-2020,coverage-unknown
8929ac49d03ffff,1.3713460844460483,0.0,1587.0,6492.0,,,chm-legacy,2009-2020,coverage-unknown
8929ac49d07ffff,1.4137173221373045,3.0276046304541406,1636.0,6273.0,,,chm-legacy,2009-2020,coverage-unknown
8929ac49d0bffff,0.2952368455583257,0.0,342.0,4297.0,,,chm-legacy,2009-2020,coverage-unknown
8929ac49d0fffff,0.0,0.0,0.0,0.0,,,chm-legacy,2009-2020,coverage-unknown
8929ac49d13ffff,0.8890492749819565,0.0,1029.0,0.0,,,chm-legacy,2009-2020,coverage-unknown
8929ac49d17ffff,4.639107611548556,14.798488664987405,5370.0,7793.0,,,chm-legacy,2009-2020,coverage-unknown
8929ac49d1bffff,0.0,0.0,0.0,0.0,,,chm-legacy,2009-2020,coverage-unknown
8929ac49d43ffff,0.2296286576564755,0.0,266.0,720.0,,,chm-legacy,2009-2020,coverage-unknown
8929ac49d4bffff,0.0,0.0,0.0,0.0,,,chm-legacy,2009-2020,coverage-unknown
8929ac49d4fffff,0.0,0.0,0.0,0.0,,,chm-legacy,2009-2020,coverage-unknown
8929ac49d53ffff,2.2007937288858277,0.1285347043701799,2548.0,13427.0,,,chm-legacy,2009-2020,coverage-unknown
8929ac49d57ffff,0.02624327516074,0.0,30.0,7119.0,,,chm-legacy,2009-2020,coverage-unknown
8929ac49d5bffff,4.375204985241063,0.7840772014475271,5065.0,9475.0,,,chm-legacy,2009-2020,coverage-unknown
8929ac49d63ffff,0.0065595277140045,0.0,8.0,0.0,,,chm-legacy,2009-2020,coverage-unknown
8929ac49d67ffff,0.0,0.0,0.0,0.0,,,chm-legacy,2009-2020,coverage-unknown
8929ac49d6bffff,0.0,0.0,0.0,0.0,,,chm-legacy,2009-2020,coverage-unknown
8929ac49d6fffff,0.0,0.0,0.0,0.0,,,chm-legacy,2009-2020,coverage-unknown
8929ac49d73ffff,0.0262406927542887,0.0,30.0,0.0,,,chm-legacy,2009-2020,coverage-unknown
8929ac49d77ffff,0.0262389714323198,0.0,30.0,0.0,,,chm-legacy,2009-2020,coverage-unknown
8929ac49d7bffff,0.0131177647328895,0.0,15.0,0.0,,,chm-legacy,2009-2020,coverage-unknown
8929ac49d83ffff,0.3805649420950756,0.0,441.0,6019.0,,,chm-legacy,2009-2020,coverage-unknown
8929ac49d8bffff,0.075456841967127,0.0,87.0,0.0,,,chm-legacy,2009-2020,coverage-unknown
8929ac49d8fffff,1.2171117380749297,0.0,1409.0,6492.0,,,chm-legacy,2009-2020,coverage-unknown
8929ac49d93ffff,0.0,0.0,0.0,1250.0,,,chm-legacy,2009-2020,coverage-unknown
8929ac49d9bffff,0.0262475803011909,0.0,30.0,0.0,,,chm-legacy,2009-2020,coverage-unknown
8929ac49dc3ffff,0.0,0.0,0.0,0.0,,,chm-legacy,2009-2020,coverage-unknown
8929ac49dc7ffff,0.0,0.0,0.0,0.0,,,chm-legacy,2009-2020,coverage-unknown
8929ac49dcbffff,7.833360669181564,9.859154929577464,9069.0,13640.0,,,chm-legacy,2009-2020,coverage-unknown
8929ac49dcfffff,0.0,0.0,0.0,0.0,,,chm-legacy,2009-2020,coverage-unknown
8929ac49dd3ffff,0.0,0.0,0.0,58.0,,,chm-legacy,2009-2020,coverage-unknown
8929ac49dd7ffff,0.0,0.0,0.0,0.0,,,chm-legacy,2009-2020,coverage-unknown
8929ac49ddbffff,6.046786311886873,2.585901523202267,7001.0,15840.0,,,chm-legacy,2009-2020,coverage-unknown
8929ac4c00bffff,0.8601726911586066,0.0,994.0,0.0,,,chm-legacy,2009-2020,coverage-unknown
8929ac4c01bffff,3.382039074043671,0.0,3909.0,0.0,,,chm-legacy,2009-2020,coverage-unknown
8929ac4c043ffff,0.0,0.0,0.0,0.0,,,chm-legacy,2009-2020,coverage-unknown
8929ac4c047ffff,0.0,0.0,0.0,0.0,,,chm-legacy,2009-2020,coverage-unknown
8929ac4c04bffff,0.0,0.0,0.0,0.0,,,chm-legacy,2009-2020,coverage-unknown
8929ac4c04fffff,0.0,0.0,0.0,0.0,,,chm-legacy,2009-2020,coverage-unknown
8929ac4c053ffff,0.0,0.0,0.0,0.0,,,chm-legacy,2009-2020,coverage-unknown
8929ac4c057ffff,0.0,0.0,0.0,0.0,,,chm-legacy,2009-2020,coverage-unknown
8929ac4c05bffff,0.0,0.0,0.0,0.0,,,chm-legacy,2009-2020,coverage-unknown
8929ac4c063ffff,0.121458818895053,0.0,140.0,0.0,,,chm-legacy,2009-2020,coverage-unknown
8929ac4c06bffff,0.0623727923314293,0.0,72.0,0.0,,,chm-legacy,2009-2020,coverage-unknown
8929ac4c06fffff,0.0,0.0,0.0,0.0,,,chm-legacy,2009-2020,coverage-unknown
8929ac4c073ffff,0.0,0.0,0.0,0.0,,,chm-legacy,2009-2020,coverage-unknown
8929ac4c07bffff,0.0,0.0,0.0,0.0,,,chm-legacy,2009-2020,coverage-unknown
8929ac4c0c3ffff,0.0,0.0,0.0,0.0,,,chm-legacy,2009-2020,coverage-unknown
8929ac4c0c7ffff,0.0,0.0,0.0,0.0,,,chm-legacy,2009-2020,coverage-unknown
8929ac4c0cbffff,0.0,0.0,0.0,0.0,,,chm-legacy,2009-2020,coverage-unknown
8929ac4c0cfffff,0.0,0.0,0.0,0.0,,,chm-legacy,2009-2020,coverage-unknown
8929ac4c0d3ffff,0.1411872865773575,0.0,163.0,0.0,,,chm-legacy,2009-2020,coverage-unknown
8929ac4c0d7ffff,0.0,0.0,0.0,0.0,,,chm-legacy,2009-2020,coverage-unknown
8929ac4c0dbffff,0.0032838565611454,0.0,4.0,0.0,,,chm-legacy,2009-2020,coverage-unknown
8929ac4c123ffff,21.83334427736555,0.0,25225.0,6492.0,,,chm-legacy,2009-2020,coverage-unknown
8929ac4c127ffff,0.0,0.0,0.0,5017.0,,,chm-legacy,2009-2020,coverage-unknown
8929ac4c12bffff,0.8273145108338806,0.0,956.0,4257.0,,,chm-legacy,2009-2020,coverage-unknown
8929ac4c12fffff,0.0,0.0,0.0,0.0,,,chm-legacy,2009-2020,coverage-unknown
8929ac4c14fffff,27.761546794471982,0.0,32078.0,4274.0,,,chm-legacy,2009-2020,coverage-unknown
8929ac4c163ffff,0.0558145643180773,0.0,64.0,1106.0,,,chm-legacy,2009-2020,coverage-unknown
8929ac4c167ffff,0.0098489822718319,0.0,11.0,0.0,,,chm-legacy,2009-2020,coverage-unknown
8929ac4c16bffff,0.1181761481141056,0.0,137.0,0.0,,,chm-legacy,2009-2020,coverage-unknown
8929ac4c16fffff,0.026258780279656,0.0,30.0,0.0,,,chm-legacy,2009-2020,coverage-unknown
8929ac4c173ffff,91.10636900853578,0.0,105268.0,2586.0,,,chm-legacy,2009-2020,coverage-unknown
8929ac4c177ffff,36.572554169402494,0.0,42256.0,7050.0,,,chm-legacy,2009-2020,coverage-unknown
8929ac4c17bffff,35.108338804990154,0.0,40566.0,7125.0,,,chm-legacy,2009-2020,coverage-unknown
8929ac4c203ffff,18.707193515704155,0.0,1661.76,217.0,8883.0,0.07685174236240333,usfs-2022,2022,partial
8929ac4c207ffff,11.258452044902514,0.0,13013.0,6417.0,,,chm-legacy,2009-2020,coverage-unknown
8929ac4c20bffff,5.264003134826444,0.8292832752172578,5900.04,19760.0,112082.76,0.9696808837358242,usfs-2022,2022,partial
8929ac4c20fffff,0.5793086077702916,0.29881504379185986,66.24,3483.0,11434.32,0.09892773740039938,usfs-2022,2022,partial
8929ac4c213ffff,13.573407202216067,2.898550724637681,176.4,24.0,1299.6,0.0112432038454465,usfs-2022,2022,partial
8929ac4c217ffff,23.101161951027375,15.28436018957346,26702.0,8237.0,,,chm-legacy,2009-2020,coverage-unknown
8929ac4c21bffff,5.992174479073527,0.5621037071614735,6031.44,18405.0,100655.28,0.8707889357886374,usfs-2022,2022,partial
8929ac4c223ffff,7.5965764370973385,1.5351399136377546,8761.32,20851.0,115332.48,0.9979178948650221,usfs-2022,2022,full
8929ac4c227ffff,4.730279081793176,2.2518939393939394,5466.6,18580.0,115566.12,0.9999802925314164,usfs-2022,2022,full
8929ac4c22bffff,7.809886334256406,3.779300492089529,9025.92,26186.0,115570.44,0.9999675473552962,usfs-2022,2022,full
8929ac4c22fffff,4.8607563391688995,1.9186933856613346,5617.44,17814.0,115567.2,0.9999803288003544,usfs-2022,2022,full
8929ac4c233ffff,0.0,0.0,0.0,356.0,356.04,0.0030805502001158913,usfs-2022,2022,partial
8929ac4c237ffff,9.747944012529059,1.548892395815068,4996.8,12128.0,51260.04,0.4435332324903572,usfs-2022,2022,partial
8929ac4c23bffff,5.195843769263663,1.1935124427386405,3368.16,14365.0,64824.12,0.5608698371438752,usfs-2022,2022,partial
8929ac4c243ffff,0.0,0.0,0.0,22013.0,115591.32,0.9999850223920248,usfs-2022,2022,full
8929ac4c247ffff,2.3325349537635445,0.6086700636548082,2696.04,23103.0,115584.12,0.9999635132933502,usfs-2022,2022,full
8929ac4c24bffff,0.21053418377516442,0.0,243.36,13798.0,115591.68,0.9999788624175575,usfs-2022,2022,full
8929ac4c24fffff,0.0,0.0,0.0,7697.0,115590.96,1.0,usfs-2022,2022,full
8929ac4c253ffff,0.9005230196398553,0.08382961630486037,1004.76,20596.0,111575.16,0.9652106686534638,usfs-2022,2022,partial
8929ac4c257ffff,2.5412802322032526,0.0917372131200309,2937.6,22348.0,115595.28,1.0,usfs-2022,2022,full
8929ac4c25bffff,0.9056481550688891,0.06423786363219235,1046.88,23522.0,115594.56,0.9999722804303157,usfs-2022,2022,full
8929ac4c263ffff,9.115005933599749,0.9592247630583883,10535.04,21782.0,115579.08,0.9999922066089334,usfs-2022,2022,full
8929ac4c267ffff,11.663038027515363,1.1716321553249487,13480.2,22319.0,115580.52,1.0,usfs-2022,2022,full
8929ac4c26bffff,8.266110194038683,0.6944799931746438,9554.4,20951.0,115585.2,1.0,usfs-2022,2022,full
8929ac4c26fffff,9.519508107872392,0.715555489162098,11002.32,23926.0,115576.56,1.0,usfs-2022,2022,full
8929ac4c273ffff,8.992842211946538,1.931155805282781,10221.84,26892.0,113666.4,0.9834126784826288,usfs-2022,2022,partial
8929ac4c277ffff,5.609997694948198,1.0571085154251547,6483.6,11557.0,115572.24,0.9999423153552225,usfs-2022,2022,full
8929ac4c27bffff,3.054550211485632,0.5311883442100471,3530.52,7078.0,115582.32,0.9999794451778579,usfs-2022,2022,full
8929ac4c283ffff,0.9453781512605042,0.0,1093.0,9418.0,,,chm-legacy,2009-2020,coverage-unknown
8929ac4c287ffff,0.0,0.0,0.0,0.0,,,chm-legacy,2009-2020,coverage-unknown
8929ac4c28bffff,0.0,0.0,0.0,20436.0,,,chm-legacy,2009-2020,coverage-unknown
8929ac4c28fffff,0.9912364197328256,0.0,1146.0,18374.0,,,chm-legacy,2009-2020,coverage-unknown
8929ac4c293ffff,3.1810124089028955,0.0,3677.0,8611.0,,,chm-legacy,2009-2020,coverage-unknown
8929ac4c297ffff,0.013132838663077,0.0,15.0,0.0,,,chm-legacy,2009-2020,coverage-unknown
8929ac4c29bffff,0.0,0.0,0.0,11773.0,,,chm-legacy,2009-2020,coverage-unknown
8929ac4c2a3ffff,0.0,0.0,0.0,0.0,,,chm-legacy,2009-2020,coverage-unknown
8929ac4c2a7ffff,0.0459513572061574,0.0,53.0,0.0,,,chm-legacy,2009-2020,coverage-unknown
8929ac4c2abffff,0.0,0.0,0.0,0.0,,,chm-legacy,2009-2020,coverage-unknown
8929ac4c2afffff,0.0,0.0,0.0,0.0,,,chm-legacy,2009-2020,coverage-unknown
8929ac4c2b3ffff,0.0,0.0,0.0,0.0,,,chm-legacy,2009-2020,coverage-unknown
8929ac4c2b7ffff,0.0,0.0,0.0,0.0,,,chm-legacy,2009-2020,coverage-unknown
8929ac4c2bbffff,0.0,0.0,0.0,0.0,,,chm-legacy,2009-2020,coverage-unknown
8929ac4c2c3ffff,0.0,0.0,0.0,20419.0,,,chm-legacy,2009-2020,coverage-unknown
8929ac4c2c7ffff,0.0,0.0,0.0,25574.0,,,chm-legacy,2009-2020,coverage-unknown
8929ac4c2cbffff,0.0262553331145388,0.0,30.0,10074.0,,,chm-legacy,2009-2020,coverage-unknown
8929ac4c2cfffff,3.709842660691826,0.3368369790187087,1603.44,8841.0,43221.24,0.3739003333334103,usfs-2022,2022,partial
8929ac4c2d3ffff,0.7450928904352393,0.0,861.0,15667.0,,,chm-legacy,2009-2020,coverage-unknown
8929ac4c2d7ffff,0.0,0.0,0.0,6572.0,,,chm-legacy,2009-2020,coverage-unknown
8929ac4c2dbffff,0.6007090336134454,0.0,694.0,9913.0,,,chm-legacy,2009-2020,coverage-unknown
8929ac4c303ffff,0.0,0.0,0.0,0.0,,,chm-legacy,2009-2020,coverage-unknown
8929ac4c307ffff,0.0,0.0,0.0,0.0,,,chm-legacy,2009-2020,coverage-unknown
8929ac4c30bffff,0.0,0.0,0.0,3163.0,15537.96,0.1344646474080871,usfs-2022,2022,partial
8929ac4c30fffff,0.0,0.0,0.0,0.0,,,chm-legacy,2009-2020,coverage-unknown
8929ac4c313ffff,0.0,0.0,0.0,0.0,,,chm-legacy,2009-2020,coverage-unknown
8929ac4c317ffff,0.0,0.0,0.0,0.0,,,chm-legacy,2009-2020,coverage-unknown
8929ac4c31bffff,0.0,0.0,0.0,9427.0,48695.04,0.42139090333276735,usfs-2022,2022,partial
8929ac4c323ffff,0.0,0.0,0.0,0.0,,,chm-legacy,2009-2020,coverage-unknown
8929ac4c327ffff,0.0,0.0,0.0,0.0,,,chm-legacy,2009-2020,coverage-unknown
8929ac4c32bffff,0.0,0.0,0.0,0.0,,,chm-legacy,2009-2020,coverage-unknown
8929ac4c32fffff,0.0,0.0,0.0,0.0,,,chm-legacy,2009-2020,coverage-unknown
8929ac4c333ffff,0.0,0.0,0.0,0.0,,,chm-legacy,2009-2020,coverage-unknown
8929ac4c337ffff,0.0,0.0,0.0,0.0,,,chm-legacy,2009-2020,coverage-unknown
8929ac4c33bffff,0.0,0.0,0.0,0.0,,,chm-legacy,2009-2020,coverage-unknown
8929ac4c343ffff,8.816487194594528,1.0553612350741768,2531.88,5907.0,28717.56,0.2485077102599371,usfs-2022,2022,partial
8929ac4c347ffff,0.0,0.0,0.0,16428.0,,,chm-legacy,2009-2020,coverage-unknown
8929ac4c34bffff,0.0,0.0,0.0,0.0,,,chm-legacy,2009-2020,coverage-unknown
8929ac4c34fffff,0.0,0.0,0.0,0.0,,,chm-legacy,2009-2020,coverage-unknown
8929ac4c353ffff,5.48461560028286,0.6643234390239414,6338.16,19433.0,115562.52,0.9999899718746976,usfs-2022,2022,full
8929ac4c357ffff,0.5349611147692691,0.08061182306738321,541.08,17403.0,101143.8,0.8752571030549605,usfs-2022,2022,partial
8929ac4c35bffff,6.1833477374901875,0.3302544902248203,5614.92,20317.0,90807.12,0.7857682890748319,usfs-2022,2022,partial
8929ac4c363ffff,0.0,0.0,0.0,0.0,,,chm-legacy,2009-2020,coverage-unknown
8929ac4c367ffff,0.0,0.0,0.0,0.0,,,chm-legacy,2009-2020,coverage-unknown
8929ac4c36bffff,0.0,0.0,0.0,0.0,,,chm-legacy,2009-2020,coverage-unknown
8929ac4c36fffff,0.0,0.0,0.0,0.0,,,chm-legacy,2009-2020,coverage-unknown
8929ac4c373ffff,0.0,0.0,0.0,0.0,,,chm-legacy,2009-2020,coverage-unknown
8929ac4c377ffff,0.0,0.0,0.0,0.0,,,chm-legacy,2009-2020,coverage-unknown
8929ac4c37bffff,0.0,0.0,0.0,0.0,,,chm-legacy,2009-2020,coverage-unknown
8929ac4c387ffff,0.0,0.0,0.0,4257.0,,,chm-legacy,2009-2020,coverage-unknown
8929ac4c38bffff,0.0,0.0,0.0,4844.0,,,chm-legacy,2009-2020,coverage-unknown
8929ac4c38fffff,0.0,0.0,0.0,4833.0,,,chm-legacy,2009-2020,coverage-unknown
8929ac4c3a3ffff,0.0,0.0,0.0,0.0,,,chm-legacy,2009-2020,coverage-unknown
8929ac4c3a7ffff,0.0,0.0,0.0,0.0,,,chm-legacy,2009-2020,coverage-unknown
8929ac4c3abffff,0.0,0.0,0.0,0.0,,,chm-legacy,2009-2020,coverage-unknown
8929ac4c3afffff,0.0,0.0,0.0,0.0,,,chm-legacy,2009-2020,coverage-unknown
8929ac4c3b3ffff,0.0,0.0,0.0,5967.0,,,chm-legacy,2009-2020,coverage-unknown
8929ac4c3b7ffff,0.0,0.0,0.0,0.0,,,chm-legacy,2009-2020,coverage-unknown
8929ac4c3bbffff,0.0,0.0,0.0,0.0,,,chm-legacy,2009-2020,coverage-unknown
8929ac4c3c3ffff,55.345528836241634,0.0,21260.52,2539.0,38414.16,0.3323994896586377,usfs-2022,2022,partial
8929ac4c3c7ffff,0.16935945550537498,0.0,76.68,12310.0,45276.48,0.391795460469015,usfs-2022,2022,partial
8929ac4c3cbffff,15.156199506264972,1.4302076297318727,16377.48,12083.0,108057.96,0.9350217645407181,usfs-2022,2022,partial
8929ac4c3cfffff,43.79987913751534,0.0,50619.24,6564.0,115569.36,1.0,usfs-2022,2022,full
8929ac4c3d3ffff,0.042670517954441,0.0,49.0,0.0,,,chm-legacy,2009-2020,coverage-unknown
8929ac4c3d7ffff,0.0,0.0,0.0,0.0,,,chm-legacy,2009-2020,coverage-unknown
8929ac4c3dbffff,0.0,0.0,0.0,0.0,,,chm-legacy,2009-2020,coverage-unknown
8929ac4c46bffff,0.0,0.0,0.0,0.0,,,chm-legacy,2009-2020,coverage-unknown
8929ac4c46fffff,0.0,0.0,0.0,0.0,,,chm-legacy,2009-2020,coverage-unknown
8929ac4c603ffff,0.154305788108605,0.0,178.0,0.0,,,chm-legacy,2009-2020,coverage-unknown
8929ac4c607ffff,0.0196979645436638,0.0,23.0,6267.0,,,chm-legacy,2009-2020,coverage-unknown
8929ac4c60bffff,0.0820748522652659,0.0,95.0,0.0,,,chm-legacy,2009-2020,coverage-unknown
8929ac4c60fffff,0.0,0.0,0.0,0.0,,,chm-legacy,2009-2020,coverage-unknown
8929ac4c617ffff,1.2476196729923172,0.0,1442.0,6480.0,,,chm-legacy,2009-2020,coverage-unknown
8929ac4c61bffff,3.5326176171246595,0.0,4084.0,0.0,,,chm-legacy,2009-2020,coverage-unknown
8929ac4c623ffff,0.0,0.0,0.0,0.0,,,chm-legacy,2009-2020,coverage-unknown
8929ac4c627ffff,0.0,0.0,0.0,0.0,,,chm-legacy,2009-2020,coverage-unknown
8929ac4c62bffff,0.0032831018746511,0.0,4.0,6307.0,,,chm-legacy,2009-2020,coverage-unknown
8929ac4c62fffff,0.3118639616571466,0.0,361.0,0.0,,,chm-legacy,2009-2020,coverage-unknown
8929ac4c633ffff,0.0,0.0,0.0,0.0,,,chm-legacy,2009-2020,coverage-unknown
8929ac4c637ffff,0.0,0.0,0.0,0.0,,,chm-legacy,2009-2020,coverage-unknown
8929ac4c63bffff,0.1411733806100003,0.0,163.0,6451.0,,,chm-legacy,2009-2020,coverage-unknown
8929ac4c643ffff,1.1523687580025608,0.0,1332.0,0.0,,,chm-legacy,2009-2020,coverage-unknown
8929ac4c647ffff,0.1050627093046161,0.0,121.0,0.0,,,chm-legacy,2009-2020,coverage-unknown
8929ac4c64bffff,0.0951912030198588,0.0,110.0,6186.0,,,chm-legacy,2009-2020,coverage-unknown
8929ac4c64fffff,1.6215329066141475,0.0,1875.0,0.0,,,chm-legacy,2009-2020,coverage-unknown
8929ac4c653ffff,1.3624872779802355,0.0,1575.0,0.0,,,chm-legacy,2009-2020,coverage-unknown
8929ac4c657ffff,0.531810124089029,0.0,615.0,0.0,,,chm-legacy,2009-2020,coverage-unknown
8929ac4c65bffff,0.9816796900650075,0.0,1135.0,6486.0,,,chm-legacy,2009-2020,coverage-unknown
8929ac4c663ffff,0.0,0.0,0.0,0.0,,,chm-legacy,2009-2020,coverage-unknown
8929ac4c667ffff,0.0,0.0,0.0,0.0,,,chm-legacy,2009-2020,coverage-unknown
8929ac4c66bffff,0.2396113700518611,0.0,277.0,0.0,,,chm-legacy,2009-2020,coverage-unknown
8929ac4c66fffff,0.0,0.0,0.0,5190.0,,,chm-legacy,2009-2020,coverage-unknown
8929ac4c673ffff,0.449799724210388,0.0,520.0,0.0,,,chm-legacy,2009-2020,coverage-unknown
8929ac4c677ffff,0.0,0.0,0.0,0.0,,,chm-legacy,2009-2020,coverage-unknown
8929ac4c67bffff,5.764559122841574,0.0,6664.0,0.0,,,chm-legacy,2009-2020,coverage-unknown
8929ac4c6a3ffff,0.0,0.0,0.0,0.0,,,chm-legacy,2009-2020,coverage-unknown
8929ac4c6a7ffff,0.1280577901822361,0.0,148.0,0.0,,,chm-legacy,2009-2020,coverage-unknown
8929ac4c6abffff,0.1576044129235618,0.0,182.0,0.0,,,chm-legacy,2009-2020,coverage-unknown
8929ac4c6afffff,0.0,0.0,0.0,0.0,,,chm-legacy,2009-2020,coverage-unknown
8929ac4c6cfffff,0.0,0.0,0.0,0.0,,,chm-legacy,2009-2020,coverage-unknown
8929ac4c803ffff,1.437526666447865,0.0,1660.0,0.0,,,chm-legacy,2009-2020,coverage-unknown
8929ac4c807ffff,5.848951324383759,0.0,6754.0,0.0,,,chm-legacy,2009-2020,coverage-unknown
8929ac4c80bffff,0.8631157494010699,0.0,997.0,0.0,,,chm-legacy,2009-2020,coverage-unknown
8929ac4c80fffff,0.4464139176103726,0.0,516.0,0.0,,,chm-legacy,2009-2020,coverage-unknown
8929ac4c813ffff,0.4332983193277311,0.0,500.0,0.0,,,chm-legacy,2009-2020,coverage-unknown
8929ac4c817ffff,1.4277743131913216,0.0,1649.0,0.0,,,chm-legacy,2009-2020,coverage-unknown
8929ac4c81bffff,0.0262605042016806,0.0,30.0,0.0,,,chm-legacy,2009-2020,coverage-unknown
8929ac4c823ffff,0.0984639621898385,0.0,114.0,0.0,,,chm-legacy,2009-2020,coverage-unknown
8929ac4c827ffff,0.7712250992747203,0.0,891.0,0.0,,,chm-legacy,2009-2020,coverage-unknown
8929ac4c82bffff,0.4069710197249663,0.0,470.0,0.0,,,chm-legacy,2009-2020,coverage-unknown
8929ac4c82fffff,0.2494256645881194,0.0,288.0,0.0,,,chm-legacy,2009-2020,coverage-unknown
8929ac4c833ffff,0.843480258623519,0.0,974.0,0.0,,,chm-legacy,2009-2020,coverage-unknown
8929ac4c837ffff,0.98792175397138,0.0,1141.0,0.0,,,chm-legacy,2009-2020,coverage-unknown
8929ac4c83bffff,0.9254701191296644,0.0,1069.0,0.0,,,chm-legacy,2009-2020,coverage-unknown
8929ac4c843ffff,0.0262544714646713,0.0,30.0,0.0,,,chm-legacy,2009-2020,coverage-unknown
8929ac4c847ffff,0.1772002362669817,0.0,205.0,0.0,,,chm-legacy,2009-2020,coverage-unknown
8929ac4c84bffff,0.072195057920126,0.0,83.0,0.0,,,chm-legacy,2009-2020,coverage-unknown
8929ac4c84fffff,0.4562163581462518,0.0,527.0,0.0,,,chm-legacy,2009-2020,coverage-unknown
8929ac4c853ffff,0.180487644800315,0.0,208.0,0.0,,,chm-legacy,2009-2020,coverage-unknown
8929ac4c857ffff,0.0,0.0,0.0,0.0,,,chm-legacy,2009-2020,coverage-unknown
8929ac4c85bffff,0.0098463962189838,0.0,11.0,0.0,,,chm-legacy,2009-2020,coverage-unknown
8929ac4c863ffff,3.061626304390628,0.0,3536.0,0.0,,,chm-legacy,2009-2020,coverage-unknown
8929ac4c867ffff,0.4495783152298757,0.0,519.0,0.0,,,chm-legacy,2009-2020,coverage-unknown
8929ac4c86bffff,0.2362902431820419,0.0,273.0,0.0,,,chm-legacy,2009-2020,coverage-unknown
8929ac4c86fffff,0.0951724590594335,0.0,110.0,0.0,,,chm-legacy,2009-2020,coverage-unknown
8929ac4c873ffff,0.1673777486051854,0.0,193.0,0.0,,,chm-legacy,2009-2020,coverage-unknown
8929ac4c877ffff,0.1476862487692812,0.0,171.0,0.0,,,chm-legacy,2009-2020,coverage-unknown
8929ac4c87bffff,0.5907256079551049,0.0,682.0,0.0,,,chm-legacy,2009-2020,coverage-unknown
8929ac4c887ffff,0.4168991891803171,0.0,481.0,0.0,,,chm-legacy,2009-2020,coverage-unknown
8929ac4c88bffff,0.0,0.0,0.0,0.0,,,chm-legacy,2009-2020,coverage-unknown
8929ac4c88fffff,1.2244763968222705,0.0,1414.0,0.0,,,chm-legacy,2009-2020,coverage-unknown
8929ac4c897ffff,0.0,0.0,0.0,0.0,,,chm-legacy,2009-2020,coverage-unknown
8929ac4c89bffff,0.1313154525458783,0.0,152.0,0.0,,,chm-legacy,2009-2020,coverage-unknown
8929ac4c8a3ffff,0.6302314130969966,0.0,728.0,0.0,,,chm-legacy,2009-2020,coverage-unknown
8929ac4c8a7ffff,0.5482240168078262,0.0,633.0,0.0,,,chm-legacy,2009-2020,coverage-unknown
8929ac4c8abffff,0.9289653361344538,0.0,1073.0,0.0,,,chm-legacy,2009-2020,coverage-unknown
8929ac4c8afffff,1.211265756302521,0.0,1399.0,0.0,,,chm-legacy,2009-2020,coverage-unknown
8929ac4c8b3ffff,0.0,0.0,0.0,0.0,,,chm-legacy,2009-2020,coverage-unknown
8929ac4c8b7ffff,1.0767160161507403,0.0,1243.0,0.0,,,chm-legacy,2009-2020,coverage-unknown
8929ac4c8bbffff,0.5875209242787278,0.0,678.0,0.0,,,chm-legacy,2009-2020,coverage-unknown
8929ac4c8c3ffff,0.0,0.0,0.0,0.0,,,chm-legacy,2009-2020,coverage-unknown
8929ac4c8c7ffff,0.0,0.0,0.0,0.0,,,chm-legacy,2009-2020,coverage-unknown
8929ac4c8cfffff,0.0,0.0,0.0,0.0,,,chm-legacy,2009-2020,coverage-unknown
8929ac4c8d3ffff,0.0,0.0,0.0,0.0,,,chm-legacy,2009-2020,coverage-unknown
8929ac4c8d7ffff,0.0,0.0,0.0,0.0,,,chm-legacy,2009-2020,coverage-unknown
8929ac4c953ffff,0.505448339241171,0.0,584.0,0.0,,,chm-legacy,2009-2020,coverage-unknown
8929ac4c95bffff,0.3642927469642271,0.0,421.0,0.0,,,chm-legacy,2009-2020,coverage-unknown
8929ac4c9c3ffff,1.5460364352535698,0.0,1785.0,0.0,,,chm-legacy,2009-2020,coverage-unknown
8929ac4c9cbffff,0.0,0.0,0.0,0.0,,,chm-legacy,2009-2020,coverage-unknown
8929ac4c9d3ffff,1.884129328737896,0.0,2176.0,0.0,,,chm-legacy,2009-2020,coverage-unknown
8929ac4c9d7ffff,0.4792699340183173,0.0,553.0,0.0,,,chm-legacy,2009-2020,coverage-unknown
8929ac4c9dbffff,0.9978336506269284,0.0,1152.0,0.0,,,chm-legacy,2009-2020,coverage-unknown
8929ac4ca03ffff,0.0,0.0,0.0,0.0,340.92,0.002951827488114229,usfs-2022,2022,partial
8929ac4ca07ffff,2.745972901151537,0.0,3171.0,0.0,,,chm-legacy,2009-2020,coverage-unknown
8929ac4ca0bffff,0.8768576756900767,0.0,817.56,10340.0,93237.48,0.8072814394195008,usfs-2022,2022,partial
8929ac4ca0fffff,5.161777252740041,0.0,5961.0,0.0,,,chm-legacy,2009-2020,coverage-unknown
8929ac4ca13ffff,0.1706372645533897,0.0,197.0,0.0,,,chm-legacy,2009-2020,coverage-unknown
8929ac4ca17ffff,1.4601653760336002,0.0,1686.0,0.0,,,chm-legacy,2009-2020,coverage-unknown
8929ac4ca1bffff,0.033840600516838265,0.0,23.76,286.0,70211.52,0.6078957190943691,usfs-2022,2022,partial
8929ac4ca23ffff,3.0872703412073492,0.0,3565.0,0.0,,,chm-legacy,2009-2020,coverage-unknown
8929ac4ca27ffff,0.0,0.0,0.0,0.0,,,chm-legacy,2009-2020,coverage-unknown
8929ac4ca2bffff,2.13575670089564,0.0,2466.0,0.0,,,chm-legacy,2009-2020,coverage-unknown
8929ac4ca2fffff,0.7317473338802296,0.0,845.0,0.0,,,chm-legacy,2009-2020,coverage-unknown
8929ac4ca33ffff,2.4018112018899496,0.0,2774.0,0.0,,,chm-legacy,2009-2020,coverage-unknown
8929ac4ca37ffff,1.187703008628892,0.0,1372.0,0.0,,,chm-legacy,2009-2020,coverage-unknown
8929ac4ca3bffff,4.101049868766404,0.0,4736.0,0.0,,,chm-legacy,2009-2020,coverage-unknown
8929ac4ca43ffff,1.9265594658870246,3.492375119246775,2225.16,25129.0,115499.16,0.9999802888721175,usfs-2022,2022,full
8929ac4ca47ffff,0.22971953644654736,0.0,265.32,12012.0,115497.36,1.0,usfs-2022,2022,full
8929ac4ca4bffff,1.4534086375423898,1.6247453101946183,1678.68,20163.0,115499.52,0.9999741000917242,usfs-2022,2022,full
8929ac4ca4fffff,0.5791192898463994,0.0,668.88,218.0,115499.52,1.0,usfs-2022,2022,full
8929ac4ca53ffff,0.25962368590832446,0.1765968429918222,299.88,26454.0,115505.64,1.0,usfs-2022,2022,full
8929ac4ca57ffff,0.00031168863552066025,0.0,0.36,18195.0,115499.88,0.9999958384221248,usfs-2022,2022,full
8929ac4ca5bffff,3.0069189054416254,2.4065864471184293,3473.28,27183.0,115509.6,1.0,usfs-2022,2022,full
8929ac4ca63ffff,5.682295044443596,0.0,4289.76,0.0,75493.44,0.6536889284762066,usfs-2022,2022,partial
8929ac4ca67ffff,4.68847403130024,0.0,5414.0,0.0,,,chm-legacy,2009-2020,coverage-unknown
8929ac4ca6bffff,3.919490534807532,0.0,4526.64,0.0,115490.52,1.0,usfs-2022,2022,full
8929ac4ca6fffff,3.2742834822099267,0.5303576732148161,2746.08,8440.0,83868.12,0.7262272905028254,usfs-2022,2022,partial
8929ac4ca73ffff,4.893046582870557,0.0,3961.8,0.0,80967.96,0.7010699826794249,usfs-2022,2022,partial
8929ac4ca77ffff,1.8797979135227345,0.0,2171.0,0.0,,,chm-legacy,2009-2020,coverage-unknown
8929ac4ca7bffff,4.324312530001808,0.0,4994.28,0.0,115493.04,0.9999998677076493,usfs-2022,2022,full
8929ac4ca87ffff,0.2461033634126333,0.0,284.0,0.0,,,chm-legacy,2009-2020,coverage-unknown
8929ac4ca97ffff,0.0,0.0,0.0,0.0,,,chm-legacy,2009-2020,coverage-unknown
8929ac4caa3ffff,1.04019688269073,0.0,1201.0,0.0,,,chm-legacy,2009-2020,coverage-unknown
8929ac4caa7ffff,0.0721832141216615,0.0,83.0,0.0,,,chm-legacy,2009-2020,coverage-unknown
8929ac4caabffff,2.2378264864155404,0.0,2584.0,0.0,,,chm-legacy,2009-2020,coverage-unknown
8929ac4caafffff,0.5873281490960397,0.0,678.0,0.0,,,chm-legacy,2009-2020,coverage-unknown
8929ac4cab3ffff,0.8728179551122194,0.0,1008.0,0.0,,,chm-legacy,2009-2020,coverage-unknown
8929ac4cab7ffff,1.4143668165261052,0.0,1633.0,0.0,,,chm-legacy,2009-2020,coverage-unknown
8929ac4cabbffff,1.7456359102244388,0.0,2016.0,0.0,,,chm-legacy,2009-2020,coverage-unknown
8929ac4cac3ffff,0.0,0.0,0.0,0.0,48548.16,0.42030250722368484,usfs-2022,2022,partial
8929ac4cac7ffff,0.0,0.0,0.0,0.0,15956.64,0.13814921782188866,usfs-2022,2022,partial
8929ac4cacbffff,0.0013872255027536425,0.0,1.08,5678.0,77853.24,0.6740030268660314,usfs-2022,2022,partial
8929ac4cacfffff,0.0,0.0,0.0,2290.0,115506.0,1.0,usfs-2022,2022,full
8929ac4cad3ffff,0.0,0.0,0.0,0.0,,,chm-legacy,2009-2020,coverage-unknown
8929ac4cadbffff,0.0,0.0,0.0,0.0,,,chm-legacy,2009-2020,coverage-unknown
8929ac4cb03ffff,0.0,0.0,0.0,0.0,,,chm-legacy,2009-2020,coverage-unknown
8929ac4cb0bffff,0.0,0.0,0.0,0.0,,,chm-legacy,2009-2020,coverage-unknown
8929ac4cb0fffff,0.0,0.0,0.0,0.0,,,chm-legacy,2009-2020,coverage-unknown
8929ac4cb43ffff,0.0,0.0,0.0,9688.0,,,chm-legacy,2009-2020,coverage-unknown
8929ac4cb47ffff,0.0,0.0,0.0,14959.0,,,chm-legacy,2009-2020,coverage-unknown
8929ac4cb4bffff,0.0,0.0,0.0,11100.0,,,chm-legacy,2009-2020,coverage-unknown
8929ac4cb4fffff,0.0032807322594403,0.0,4.0,17741.0,,,chm-legacy,2009-2020,coverage-unknown
8929ac4cb57ffff,0.0,0.0,0.0,0.0,,,chm-legacy,2009-2020,coverage-unknown
8929ac4cb5bffff,0.0,0.0,0.0,3439.0,,,chm-legacy,2009-2020,coverage-unknown
8929ac4cb63ffff,18.58398250124717,0.0,8717.04,0.0,46906.2,0.40627188312599327,usfs-2022,2022,partial
8929ac4cb67ffff,0.6497511122858024,0.0,106.2,2177.0,16344.72,0.14157345058484178,usfs-2022,2022,partial
8929ac4cb6bffff,29.263289786676506,3.5856313970923788,33126.84,5324.0,113202.72,0.9804813110839844,usfs-2022,2022,partial
8929ac4cb73ffff,0.0,0.0,0.0,524.0,,,chm-legacy,2009-2020,coverage-unknown
8929ac4cb77ffff,0.0,0.0,0.0,0.0,,,chm-legacy,2009-2020,coverage-unknown
8929ac4cb7bffff,0.0,0.0,0.0,1475.0,,,chm-legacy,2009-2020,coverage-unknown
8929ac4cb93ffff,0.5874245208716198,0.0,678.0,0.0,,,chm-legacy,2009-2020,coverage-unknown
8929ac4cbc3ffff,0.8530743487105453,0.0,985.0,0.0,,,chm-legacy,2009-2020,coverage-unknown
8929ac4cbcbffff,0.0,0.0,0.0,0.0,,,chm-legacy,2009-2020,coverage-unknown
8929ac4cbd3ffff,0.6398687448728466,0.0,739.0,0.0,,,chm-legacy,2009-2020,coverage-unknown
8929ac4cbd7ffff,0.029532403609516,0.0,34.0,0.0,,,chm-legacy,2009-2020,coverage-unknown
8929ac4cbdbffff,1.5945405032973523,0.0,1841.0,0.0,,,chm-legacy,2009-2020,coverage-unknown
8929ac4cc03ffff,0.0820856317310218,0.0,95.0,0.0,,,chm-legacy,2009-2020,coverage-unknown
8929ac4cc0bffff,0.3217334208798424,0.0,372.0,0.0,,,chm-legacy,2009-2020,coverage-unknown
8929ac4cc0fffff,0.154310854291155,0.0,178.0,0.0,,,chm-legacy,2009-2020,coverage-unknown
8929ac4cc13ffff,0.0788073816247455,0.0,91.0,6388.0,,,chm-legacy,2009-2020,coverage-unknown
8929ac4cc1bffff,0.679624400814236,0.0,785.0,0.0,,,chm-legacy,2009-2020,coverage-unknown
8929ac4cc43ffff,0.0,0.0,0.0,0.0,,,chm-legacy,2009-2020,coverage-unknown
8929ac4cc47ffff,0.0952068286277084,0.0,110.0,0.0,,,chm-legacy,2009-2020,coverage-unknown
8929ac4cc4bffff,0.0,0.0,0.0,0.0,,,chm-legacy,2009-2020,coverage-unknown
8929ac4cc4fffff,0.0,0.0,0.0,0.0,,,chm-legacy,2009-2020,coverage-unknown
8929ac4cc53ffff,0.0,0.0,0.0,0.0,,,chm-legacy,2009-2020,coverage-unknown
8929ac4cc57ffff,0.1543007222586999,0.0,178.0,0.0,,,chm-legacy,2009-2020,coverage-unknown
8929ac4cc5bffff,0.0,0.0,0.0,0.0,,,chm-legacy,2009-2020,coverage-unknown
8929ac4cc63ffff,0.0,0.0,0.0,0.0,,,chm-legacy,2009-2020,coverage-unknown
8929ac4cc67ffff,0.0,0.0,0.0,0.0,,,chm-legacy,2009-2020,coverage-unknown
8929ac4cc6bffff,0.0,0.0,0.0,0.0,,,chm-legacy,2009-2020,coverage-unknown
8929ac4cc6fffff,0.0,0.0,0.0,0.0,,,chm-legacy,2009-2020,coverage-unknown
8929ac4cc73ffff,0.0,0.0,0.0,0.0,,,chm-legacy,2009-2020,coverage-unknown
8929ac4cc77ffff,0.0,0.0,0.0,0.0,,,chm-legacy,2009-2020,coverage-unknown
8929ac4cc7bffff,0.0,0.0,0.0,0.0,,,chm-legacy,2009-2020,coverage-unknown
8929ac4ccc7ffff,0.1773224312875579,0.0,205.0,5219.0,,,chm-legacy,2009-2020,coverage-unknown
8929ac4cccbffff,0.0098499523918967,0.0,11.0,5322.0,,,chm-legacy,2009-2020,coverage-unknown
8929ac4cccfffff,0.5286141116984601,0.0,611.0,5685.0,,,chm-legacy,2009-2020,coverage-unknown
8929ac4cd03ffff,0.0,0.0,0.0,0.0,,,chm-legacy,2009-2020,coverage-unknown
8929ac4cd07ffff,0.0,0.0,0.0,0.0,,,chm-legacy,2009-2020,coverage-unknown
8929ac4cd0bffff,0.4727666699497685,0.0,546.0,0.0,,,chm-legacy,2009-2020,coverage-unknown
8929ac4cd0fffff,0.0164160483288462,0.0,19.0,0.0,,,chm-legacy,2009-2020,coverage-unknown
8929ac4cd13ffff,0.0492497619594838,0.0,57.0,0.0,,,chm-legacy,2009-2020,coverage-unknown
8929ac4cd17ffff,1.1688993958497504,0.0,1350.0,0.0,,,chm-legacy,2009-2020,coverage-unknown
8929ac4cd1bffff,0.722424720060421,0.0,834.0,0.0,,,chm-legacy,2009-2020,coverage-unknown
8929ac4cd23ffff,1.0540141191922507,0.0,1217.0,0.0,,,chm-legacy,2009-2020,coverage-unknown
8929ac4cd27ffff,1.1885609219555435,0.0,1372.0,0.0,,,chm-legacy,2009-2020,coverage-unknown
8929ac4cd2bffff,2.4655285620485885,0.0,2847.0,0.0,,,chm-legacy,2009-2020,coverage-unknown
8929ac4cd2fffff,1.2278801011195375,0.0,1418.0,0.0,,,chm-legacy,2009-2020,coverage-unknown
8929ac4cd33ffff,0.7552126087670333,0.0,872.0,0.0,,,chm-legacy,2009-2020,coverage-unknown
8929ac4cd37ffff,0.9424049385959152,0.0,1088.0,0.0,,,chm-legacy,2009-2020,coverage-unknown
8929ac4cd3bffff,0.9915618741176084,0.0,1145.0,0.0,,,chm-legacy,2009-2020,coverage-unknown
8929ac4cd43ffff,0.1740101122857705,0.0,201.0,0.0,,,chm-legacy,2009-2020,coverage-unknown
8929ac4cd47ffff,0.0361141206211628,0.0,42.0,0.0,,,chm-legacy,2009-2020,coverage-unknown
8929ac4cd4bffff,0.0032828863136469,0.0,4.0,0.0,,,chm-legacy,2009-2020,coverage-unknown
8929ac4cd4fffff,0.1477444349596165,0.0,171.0,0.0,,,chm-legacy,2009-2020,coverage-unknown
8929ac4cd53ffff,0.0393959290873276,0.0,45.0,0.0,,,chm-legacy,2009-2020,coverage-unknown
8929ac4cd57ffff,0.2856111092872854,0.0,330.0,0.0,,,chm-legacy,2009-2020,coverage-unknown
8929ac4cd5bffff,0.4169539380806986,0.0,482.0,0.0,,,chm-legacy,2009-2020,coverage-unknown
8929ac4cd63ffff,1.4936642374105442,0.0,1725.0,0.0,,,chm-legacy,2009-2020,coverage-unknown
8929ac4cd67ffff,1.0964120408364246,0.0,1266.0,0.0,,,chm-legacy,2009-2020,coverage-unknown
8929ac4cd6bffff,1.9205515430072224,0.0,2218.0,0.0,,,chm-legacy,2009-2020,coverage-unknown
8929ac4cd6fffff,0.71238633006139,0.0,823.0,0.0,,,chm-legacy,2009-2020,coverage-unknown
8929ac4cd73ffff,0.5811090318132572,0.0,671.0,0.0,,,chm-legacy,2009-2020,coverage-unknown
8929ac4cd77ffff,0.6894740298115437,0.0,796.0,0.0,,,chm-legacy,2009-2020,coverage-unknown
8929ac4cd7bffff,0.4825842881061029,0.0,557.0,0.0,,,chm-legacy,2009-2020,coverage-unknown
8929ac4cd8fffff,0.0,0.0,0.0,0.0,,,chm-legacy,2009-2020,coverage-unknown
8929ac4cda3ffff,1.1395356474335818,0.0,1316.0,0.0,,,chm-legacy,2009-2020,coverage-unknown
8929ac4cda7ffff,0.9884083669917578,0.0,1141.0,0.0,,,chm-legacy,2009-2020,coverage-unknown
8929ac4cdabffff,0.2725690453515484,0.0,315.0,0.0,,,chm-legacy,2009-2020,coverage-unknown
8929ac4cdafffff,0.6796467150408773,0.0,785.0,0.0,,,chm-legacy,2009-2020,coverage-unknown
8929ac4cdb3ffff,0.0131358576073035,0.0,15.0,0.0,,,chm-legacy,2009-2020,coverage-unknown
8929ac4cdb7ffff,1.133116563208198,0.0,1308.0,0.0,,,chm-legacy,2009-2020,coverage-unknown
8929ac4cdbbffff,0.3185445469771107,0.0,368.0,0.0,,,chm-legacy,2009-2020,coverage-unknown
8929ac4cdcfffff,0.2200039403690812,0.0,254.0,0.0,,,chm-legacy,2009-2020,coverage-unknown
8929ac4ce03ffff,0.0,0.0,0.0,0.0,,,chm-legacy,2009-2020,coverage-unknown
8929ac4ce13ffff,0.0,0.0,0.0,0.0,,,chm-legacy,2009-2020,coverage-unknown
8929ac4ce17ffff,0.0,0.0,0.0,0.0,,,chm-legacy,2009-2020,coverage-unknown
8929ac4ce1bffff,0.0,0.0,0.0,0.0,,,chm-legacy,2009-2020,coverage-unknown
8929ac4ce2fffff,0.1903574124520004,0.0,220.0,0.0,,,chm-legacy,2009-2020,coverage-unknown
8929ac4ce43ffff,0.0,0.0,0.0,0.0,,,chm-legacy,2009-2020,coverage-unknown
8929ac4ce4bffff,0.0,0.0,0.0,0.0,,,chm-legacy,2009-2020,coverage-unknown
8929ac4ce4fffff,0.0,0.0,0.0,0.0,,,chm-legacy,2009-2020,coverage-unknown
8929ac4ce53ffff,0.0,0.0,0.0,0.0,,,chm-legacy,2009-2020,coverage-unknown
8929ac4ce5bffff,0.0,0.0,0.0,0.0,,,chm-legacy,2009-2020,coverage-unknown
8929ac4ce83ffff,0.0492449113591595,0.0,57.0,0.0,,,chm-legacy,2009-2020,coverage-unknown
8929ac4ce87ffff,0.0131306831237895,0.0,15.0,0.0,,,chm-legacy,2009-2020,coverage-unknown
8929ac4ce8bffff,0.0,0.0,0.0,0.0,,,chm-legacy,2009-2020,coverage-unknown
8929ac4ce8fffff,0.0590861344537815,0.0,68.0,0.0,,,chm-legacy,2009-2020,coverage-unknown
8929ac4ce93ffff,0.0393946357637635,0.0,46.0,0.0,,,chm-legacy,2009-2020,coverage-unknown
8929ac4ce97ffff,0.0,0.0,0.0,0.0,,,chm-legacy,2009-2020,coverage-unknown
8929ac4ce9bffff,0.0525279054497701,0.0,61.0,0.0,,,chm-legacy,2009-2020,coverage-unknown
8929ac4cea3ffff,0.1608561486442124,0.0,186.0,0.0,,,chm-legacy,2009-2020,coverage-unknown
8929ac4cea7ffff,0.0131280974104827,0.0,15.0,0.0,,,chm-legacy,2009-2020,coverage-unknown
8929ac4ceabffff,0.0,0.0,0.0,0.0,,,chm-legacy,2009-2020,coverage-unknown
8929ac4ceb3ffff,0.0,0.0,0.0,0.0,,,chm-legacy,2009-2020,coverage-unknown
8929ac4ceb7ffff,0.0,0.0,0.0,0.0,,,chm-legacy,2009-2020,coverage-unknown
8929ac4cebbffff,0.0,0.0,0.0,0.0,,,chm-legacy,2009-2020,coverage-unknown
8929ac4cec3ffff,0.0295430672268907,0.0,34.0,0.0,,,chm-legacy,2009-2020,coverage-unknown
8929ac4cec7ffff,0.0,0.0,0.0,0.0,,,chm-legacy,2009-2020,coverage-unknown
8929ac4cecbffff,0.0,0.0,0.0,0.0,,,chm-legacy,2009-2020,coverage-unknown
8929ac4cecfffff,0.0,0.0,0.0,0.0,,,chm-legacy,2009-2020,coverage-unknown
8929ac4ced3ffff,0.0328256302521008,0.0,38.0,0.0,,,chm-legacy,2009-2020,coverage-unknown
8929ac4ced7ffff,0.0,0.0,0.0,0.0,,,chm-legacy,2009-2020,coverage-unknown
8929ac4cedbffff,0.0,0.0,0.0,0.0,,,chm-legacy,2009-2020,coverage-unknown
8929ac4d003ffff,3.466117446124479,0.011196954428395476,248.4,3215.0,7166.52,0.06197982923379972,usfs-2022,2022,partial
8929ac4d007ffff,10.399609690649347,1.6359743040685226,2455.56,8268.0,23612.04,0.20421763620065986,usfs-2022,2022,partial
8929ac4d00bffff,3.8943422364889346,1.2219291579119913,4371.84,23863.0,112261.32,0.9708859346501894,usfs-2022,2022,partial
8929ac4d00fffff,9.717419594720209,7.19480241698305,9408.6,24992.0,96822.0,0.8373938920580393,usfs-2022,2022,partial
8929ac4d013ffff,4.100188711614342,0.0,344.16,3044.0,8393.76,0.07259135922070913,usfs-2022,2022,partial
8929ac4d017ffff,0.0,0.0,0.0,25834.0,,,chm-legacy,2009-2020,coverage-unknown
8929ac4d01bffff,6.664121044341559,0.580848500849821,7539.48,21690.0,113135.4,0.9784145493368881,usfs-2022,2022,partial
8929ac4d023ffff,13.36509567627322,1.455697101387528,15451.2,24980.0,115608.6,0.9999568094795576,usfs-2022,2022,full
8929ac4d027ffff,14.466104070002803,2.187813440320963,16723.8,22468.0,115606.8,0.9999819630283268,usfs-2022,2022,full
8929ac4d02bffff,11.926565511572223,0.49231488126032613,13789.08,21465.0,115616.52,1.0,usfs-2022,2022,full
8929ac4d02fffff,11.828686908947104,0.3689642265119512,13675.32,6708.0,115611.48,1.0,usfs-2022,2022,full
8929ac4d033ffff,9.817074469217827,0.5009964054904736,8298.0,19233.0,84526.2,0.7310864930133409,usfs-2022,2022,partial
8929ac4d037ffff,12.040055674398184,1.0079387581514034,13920.12,25138.0,115615.08,1.0,usfs-2022,2022,full
8929ac4d03bffff,11.934475436072761,0.9909252112235318,13798.44,20503.0,115618.32,1.0,usfs-2022,2022,full
8929ac4d043ffff,5.432542326444454,0.7415226627049287,6281.64,27419.0,115629.84,0.9999685300454864,usfs-2022,2022,full
8929ac4d047ffff,9.149895387067849,2.3898062227074237,10579.68,20600.0,115626.24,0.999978078446546,usfs-2022,2022,full
8929ac4d04bffff,12.344683513958636,4.110796107577963,14274.36,18021.0,115631.64,0.9999749272774818,usfs-2022,2022,full
8929ac4d04fffff,11.027848258900079,1.3369910482240832,12751.92,24600.0,115633.8,1.0,usfs-2022,2022,full
8929ac4d053ffff,1.0893049493484095,0.004582811402034768,1259.64,23565.0,115637.04,0.999999296025341,usfs-2022,2022,full
8929ac4d057ffff,0.9396190464329969,0.033748945345457956,1086.48,19194.0,115629.84,0.9999777093189434,usfs-2022,2022,full
8929ac4d05bffff,2.893610397696319,0.6910886867538374,3346.2,20124.0,115641.0,1.0,usfs-2022,2022,full
8929ac4d063ffff,6.986244216530603,0.8132257956561025,8077.68,21339.0,115622.64,1.0,usfs-2022,2022,full
8929ac4d067ffff,7.193503084353408,0.6355046408562589,8316.36,25667.0,115609.32,0.9999446500526326,usfs-2022,2022,full
8929ac4d06bffff,7.541606339420547,0.859106529209622,8719.56,22849.0,115619.4,0.9999819558631323,usfs-2022,2022,full
8929ac4d06fffff,10.700663517733764,1.4808474904721918,12372.12,21963.0,115620.12,1.0,usfs-2022,2022,full
8929ac4d073ffff,7.497018814936126,6.2894789234583985,8668.44,18639.0,115625.16,1.0,usfs-2022,2022,full
8929ac4d077ffff,9.782388711239253,6.765761148129165,11310.48,22919.0,115620.84,1.0,usfs-2022,2022,full
8929ac4d07bffff,9.10591077789125,2.376150137344167,10528.56,18296.0,115623.36,0.9999846831232775,usfs-2022,2022,full
8929ac4d083ffff,0.0164079677091195,0.0,19.0,0.0,,,chm-legacy,2009-2020,coverage-unknown
8929ac4d087ffff,0.0,0.0,0.0,15454.0,,,chm-legacy,2009-2020,coverage-unknown
8929ac4d08bffff,0.0,0.0,0.0,7021.0,,,chm-legacy,2009-2020,coverage-unknown
8929ac4d08fffff,0.0,0.0,0.0,5167.0,,,chm-legacy,2009-2020,coverage-unknown
8929ac4d093ffff,0.7712250992747203,0.0,892.0,6255.0,,,chm-legacy,2009-2020,coverage-unknown
8929ac4d097ffff,0.0,0.0,0.0,8853.0,,,chm-legacy,2009-2020,coverage-unknown
8929ac4d09bffff,2.22805578342904,0.0,2576.0,5247.0,,,chm-legacy,2009-2020,coverage-unknown
8929ac4d0a3ffff,0.0,0.0,0.0,28212.0,,,chm-legacy,2009-2020,coverage-unknown
8929ac4d0a7ffff,0.0,0.0,0.0,30701.0,,,chm-legacy,2009-2020,coverage-unknown
8929ac4d0abffff,0.0,0.0,0.0,25396.0,,,chm-legacy,2009-2020,coverage-unknown
8929ac4d0afffff,12.288541334184487,1.0499637943519189,1524.6,2952.0,12406.68,0.10730921004073933,usfs-2022,2022,partial
8929ac4d0b3ffff,0.0,0.0,0.0,18507.0,,,chm-legacy,2009-2020,coverage-unknown
8929ac4d0b7ffff,0.0,0.0,0.0,28564.0,,,chm-legacy,2009-2020,coverage-unknown
8929ac4d0bbffff,0.0,0.0,0.0,12148.0,,,chm-legacy,2009-2020,coverage-unknown
8929ac4d0c3ffff,1.2780332939883592,0.0,113.04,1656.0,8844.84,0.0764861893590181,usfs-2022,2022,partial
8929ac4d0c7ffff,7.573010144079531,2.032035088693335,4705.92,12705.0,62140.68,0.5373864498061109,usfs-2022,2022,partial
8929ac4d0cbffff,1.4550066336022105,0.05120889571674164,1433.16,19674.0,98498.52,0.8517629733021925,usfs-2022,2022,partial
8929ac4d0cfffff,1.172441704803711,0.027695077200027694,1355.76,20792.0,115635.6,0.9999960279689776,usfs-2022,2022,full
8929ac4d0d3ffff,0.0,0.0,0.0,27452.0,,,chm-legacy,2009-2020,coverage-unknown
8929ac4d0d7ffff,0.0,0.0,0.0,24918.0,,,chm-legacy,2009-2020,coverage-unknown
8929ac4d0dbffff,1.5891367695810672,0.03768334396196881,969.84,12415.0,61029.36,0.5277329317452967,usfs-2022,2022,partial
8929ac4d103ffff,4.428595898410128,0.0,5119.2,8691.0,115594.2,1.0,usfs-2022,2022,full
8929ac4d107ffff,9.655829655767368,1.1066948658109685,11161.44,19527.0,115592.76,1.0,usfs-2022,2022,full
8929ac4d10bffff,6.024839304399821,0.7586171783514077,6964.56,7017.0,115597.44,1.0,usfs-2022,2022,full
8929ac4d10fffff,4.066537105554933,0.4626700411262259,4700.52,9062.0,115590.24,1.0,usfs-2022,2022,full
8929ac4d113ffff,2.2535105995347227,1.425585908344529,2604.96,4755.0,115595.64,0.9999853575938122,usfs-2022,2022,full
8929ac4d117ffff,8.141465040159204,0.697592746312496,9411.12,22395.0,115594.92,1.0,usfs-2022,2022,full
8929ac4d11bffff,2.1021226767651604,0.007076389626012808,2430.0,10174.0,115597.44,0.9999916949681898,usfs-2022,2022,full
8929ac4d123ffff,4.763209941912074,0.9530909970178126,5505.48,17696.0,115583.4,1.0,usfs-2022,2022,full
8929ac4d127ffff,6.1293779045862875,0.5736835700502407,7084.08,20589.0,115575.84,0.9999994464496554,usfs-2022,2022,full
8929ac4d12bffff,11.542402601245184,1.0884432372035677,13341.6,18484.0,115587.72,1.0,usfs-2022,2022,full
8929ac4d12fffff,10.49636332487112,1.5799296226119413,12130.92,24870.0,115572.6,0.9999621752055263,usfs-2022,2022,full
8929ac4d133ffff,4.764337241319163,0.9029527686244104,5506.56,22086.0,115578.72,0.9999520379248029,usfs-2022,2022,full
8929ac4d137ffff,7.253071038796004,2.1004170048417343,8383.32,25186.0,115583.04,1.0,usfs-2022,2022,full
8929ac4d13bffff,4.391675128168391,0.2707496965736159,5076.0,23073.0,115582.32,0.9999739458264681,usfs-2022,2022,full
8929ac4d143ffff,7.518614362720827,1.2197590166367573,8691.84,26355.0,115604.28,1.0,usfs-2022,2022,full
8929ac4d147ffff,3.990370541080916,3.3098094565984475,4612.68,4932.0,115595.28,0.9999953183894468,usfs-2022,2022,full
8929ac4d14bffff,12.863464658638291,1.609566498448422,14870.16,22600.0,115599.96,0.9999858536461775,usfs-2022,2022,full
8929ac4d14fffff,6.726774424616151,0.7473725184896847,7775.64,9179.0,115592.4,0.9999611959207384,usfs-2022,2022,full
8929ac4d153ffff,13.877332403278444,1.2506474118758186,16043.04,23337.0,115606.08,1.0,usfs-2022,2022,full
8929ac4d157ffff,3.6554907102327583,0.0,4225.68,9751.0,115598.16,0.999988699708404,usfs-2022,2022,full
8929ac4d15bffff,10.148100170022483,0.5403537866224434,11732.04,25909.0,115608.24,1.0,usfs-2022,2022,full
8929ac4d163ffff,12.901748867051843,1.293696202101832,14912.28,20930.0,115583.4,0.9999648436212064,usfs-2022,2022,full
8929ac4d167ffff,14.065736239025012,1.9488259917389739,16257.96,12733.0,115585.56,1.0,usfs-2022,2022,full
8929ac4d16bffff,11.81054539678387,2.776181247076121,13651.2,26186.0,115584.84,0.9999680939885728,usfs-2022,2022,full
8929ac4d16fffff,13.050871739929365,1.3576434069638015,15085.44,22652.0,115589.52,1.0,usfs-2022,2022,full
8929ac4d173ffff,1.2771921082545663,0.7201047425080012,1476.36,9827.0,115594.2,1.0,usfs-2022,2022,full
8929ac4d177ffff,5.227699581696823,0.2577434119895125,6042.24,8080.0,115581.24,0.9999553741583418,usfs-2022,2022,full
8929ac4d17bffff,6.4282955876124275,2.420611728034288,7430.76,14425.0,115594.56,1.0,usfs-2022,2022,full
8929ac4d183ffff,4.095608844596699,2.025633470830878,4734.36,14365.0,115596.0,0.9999662087650222,usfs-2022,2022,full
8929ac4d187ffff,0.12768488615802406,0.0,147.6,8027.0,115597.08,1.0,usfs-2022,2022,full
8929ac4d18bffff,2.214831147152983,1.0376712328767124,2560.32,10403.0,115598.88,0.9999818730633545,usfs-2022,2022,full
8929ac4d18fffff,7.319777382594856,3.542097323872842,8461.08,18646.0,115592.04,0.9999634586948574,usfs-2022,2022,full
8929ac4d193ffff,0.1541441418998032,0.0921482050297562,178.2,9368.0,115606.08,1.0,usfs-2022,2022,full
8929ac4d197ffff,1.9458415733661378,0.4396563297086857,2249.28,10679.0,115594.2,0.9999598968977327,usfs-2022,2022,full
8929ac4d19bffff,0.8332897346504892,0.0,630.72,0.0,75690.36,0.6547347477701486,usfs-2022,2022,partial
8929ac4d1a3ffff,3.134723013818943,0.4891875170855934,3623.4,24899.0,115589.16,1.0,usfs-2022,2022,full
8929ac4d1a7ffff,6.201451396891644,1.4280318438026613,7167.96,24427.0,115585.2,1.0,usfs-2022,2022,full
8929ac4d1abffff,8.434943207477241,1.2187842696317273,9749.88,25618.0,115589.16,1.0,usfs-2022,2022,full
8929ac4d1afffff,7.961776495908851,2.453821386205728,9202.32,20722.0,115581.24,0.999983088559827,usfs-2022,2022,full
8929ac4d1b3ffff,0.8891864955774261,1.00119189511323,1027.8,7475.0,115588.8,0.9999854532965893,usfs-2022,2022,full
8929ac4d1b7ffff,3.0603441563497626,1.5809195590930227,3537.36,12954.0,115587.0,1.0,usfs-2022,2022,full
8929ac4d1bbffff,7.1542026385618716,1.4955113234632442,8269.56,16551.0,115590.24,0.9999886520496294,usfs-2022,2022,full
8929ac4d1c3ffff,0.23448885788667304,3.0508644953759547,271.08,6944.0,115604.64,0.9999817170572968,usfs-2022,2022,full
8929ac4d1c7ffff,0.0,0.0,0.0,4588.0,115597.44,0.9999601775670662,usfs-2022,2022,full
8929ac4d1cbffff,9.89916479300444,1.9951699795652982,11443.68,18992.0,115602.48,0.9999538092333283,usfs-2022,2022,full
8929ac4d1cfffff,0.9099572114576132,6.258692628650904,1051.92,6066.0,115601.04,0.9999820899240254,usfs-2022,2022,full
8929ac4d1d3ffff,0.0,0.0,0.0,1589.0,3036.24,0.02626269011894562,usfs-2022,2022,partial
8929ac4d1d7ffff,0.8204724528644631,0.0,780.48,8023.0,95125.68,0.8228460313726487,usfs-2022,2022,partial
8929ac4d1dbffff,2.108387727462501,0.04384042086804033,1490.76,5746.0,70706.16,0.6115843382475382,usfs-2022,2022,partial
8929ac4d203ffff,7.608056064931709,1.384706683957184,8797.32,16152.0,115631.64,0.9999790097139754,usfs-2022,2022,full
8929ac4d207ffff,7.282254699886044,1.508373692188251,8420.04,19182.0,115624.08,0.9999542960538326,usfs-2022,2022,full
8929ac4d20bffff,7.0570435010009,0.7225162331569268,8160.48,19044.0,115635.96,1.0,usfs-2022,2022,full
8929ac4d20fffff,4.275920471739821,0.7910770440251572,4944.24,14538.0,115629.84,0.9999949819687735,usfs-2022,2022,full
8929ac4d213ffff,9.367479538117164,4.016489988221437,10832.04,23469.0,115634.52,0.9999723864380878,usfs-2022,2022,full
8929ac4d217ffff,6.707470836744924,2.3470310459158044,7756.2,17495.0,115635.24,1.0,usfs-2022,2022,full
8929ac4d21bffff,9.47459194251861,1.8199579519633036,10956.24,16644.0,115638.12,0.9999943893621858,usfs-2022,2022,full
8929ac4d223ffff,1.5042299656558549,0.0,1739.16,8167.0,115617.96,0.9999735882573125,usfs-2022,2022,full
8929ac4d227ffff,1.573329679978578,0.24936545397871487,1819.08,8064.0,115619.76,1.0,usfs-2022,2022,full
8929ac4d22bffff,9.019101141086914,3.143371894557178,10428.48,14709.0,115626.6,1.0,usfs-2022,2022,full
8929ac4d22fffff,4.104039583119256,0.31942758576630675,4744.8,5617.0,115612.92,0.9999615530279046,usfs-2022,2022,full
8929ac4d233ffff,1.4714673574613295,0.0,1701.36,3241.0,115623.36,0.99998874474203,usfs-2022,2022,full
8929ac4d237ffff,1.0101198816752297,2.014262479669711,1167.84,2820.0,115614.0,0.9999484760889253,usfs-2022,2022,full
8929ac4d23bffff,0.9599128201136451,0.25663537516039714,1109.88,10634.0,115623.0,0.9999764981040359,usfs-2022,2022,full
8929ac4d243ffff,8.179981382953883,0.6116569985399155,9459.0,9067.0,115635.96,0.9999574839497752,usfs-2022,2022,full
8929ac4d247ffff,6.043672091951733,0.33796810851271347,6988.68,15818.0,115636.32,1.0,usfs-2022,2022,full
8929ac4d24bffff,2.5175500038913534,0.7145510565303848,2911.32,16357.0,115641.0,0.9999919688248369,usfs-2022,2022,full
8929ac4d24fffff,1.386956075054404,0.0,1603.8,3658.0,115634.52,0.9999765759451642,usfs-2022,2022,full
8929ac4d253ffff,9.337683198645234,4.128789681595355,10798.56,14503.0,115644.96,1.0,usfs-2022,2022,full
8929ac4d257ffff,5.61985941012023,2.1788562701510266,6498.72,10376.0,115638.48,0.999988383907322,usfs-2022,2022,full
8929ac4d25bffff,2.877509727626459,3.9450893203381505,3327.84,13376.0,115650.0,1.0,usfs-2022,2022,full
8929ac4d263ffff,5.768566171319691,2.378649719075251,6670.08,15262.0,115628.04,1.0,usfs-2022,2022,full
8929ac4d267ffff,4.593431638727676,0.5191007128495705,5311.08,9797.0,115623.36,1.0,usfs-2022,2022,full
8929ac4d26bffff,8.463727327633979,1.5821400449123626,9786.96,24297.0,115634.16,1.0,usfs-2022,2022,full
8929ac4d26fffff,8.670241253471833,1.8749310687107092,10024.2,22420.0,115616.16,0.9999306680263936,usfs-2022,2022,full
8929ac4d273ffff,0.5155794664873347,0.0,596.16,9222.0,115629.12,0.9999796370995728,usfs-2022,2022,full
8929ac4d277ffff,1.1597388486050444,0.3475842891901286,1341.0,2064.0,115629.48,1.0,usfs-2022,2022,full
8929ac4d27bffff,1.523618578557886,0.6208520659387712,1761.84,3342.0,115635.24,1.0,usfs-2022,2022,full
8929ac4d283ffff,6.973848069738481,1.2739898299524304,8064.0,19500.0,115632.0,0.9999282194999952,usfs-2022,2022,full
8929ac4d287ffff,8.038591215174977,1.0785639691154065,9295.56,20801.0,115636.68,1.0,usfs-2022,2022,full
8929ac4d28bffff,6.42616540791612,2.7003344122748976,7431.12,19587.0,115638.48,0.9999751112946191,usfs-2022,2022,full
8929ac4d28fffff,6.204352292892501,2.574134337635745,7174.44,28777.0,115635.6,0.9999908647778036,usfs-2022,2022,full
8929ac4d293ffff,5.347864932089369,1.2595287278577043,6184.44,19445.0,115643.16,0.9999932197904977,usfs-2022,2022,full
8929ac4d297ffff,6.290353711763204,0.44556059624108874,7274.16,13272.0,115639.92,1.0,usfs-2022,2022,full
8929ac4d29bffff,8.258857002331569,2.758048977214169,9551.16,15625.0,115647.48,1.0,usfs-2022,2022,full
8929ac4d2a3ffff,10.058657600269003,0.48535393239224806,11630.52,20963.0,115626.96,0.999997490267023,usfs-2022,2022,full
8929ac4d2a7ffff,8.754374385095334,1.8829225026793306,10122.48,19116.0,115627.68,1.0,usfs-2022,2022,full
8929ac4d2abffff,6.162027192373433,3.8084338689936894,7125.12,21786.0,115629.48,1.0,usfs-2022,2022,full
8929ac4d2afffff,5.547235256204678,0.659139107009801,6413.76,12479.0,115620.84,0.9999760932508579,usfs-2022,2022,full
8929ac4d2b3ffff,15.55532723723415,1.354713022628503,17986.32,11849.0,115628.04,0.999975307427009,usfs-2022,2022,full
8929ac4d2b7ffff,10.272098041230372,1.9587911013801462,11876.76,18055.0,115621.56,0.9999599469028225,usfs-2022,2022,full
8929ac4d2bbffff,8.235521211479666,0.44796316747289666,9522.72,23041.0,115629.84,0.9999817203677719,usfs-2022,2022,full
8929ac4d2c3ffff,7.689098912319368,0.4947505342376661,8892.0,15422.0,115644.24,0.9999751411175223,usfs-2022,2022,full
8929ac4d2c7ffff,9.435025434440163,0.40038021718466454,10910.52,12448.0,115638.48,0.9999659774986722,usfs-2022,2022,full
8929ac4d2cbffff,5.521657649131765,0.9155280190297063,6385.32,25793.0,115641.36,0.9999411192116648,usfs-2022,2022,full
8929ac4d2cfffff,9.022706189257674,1.2447541050401336,10434.24,17451.0,115644.24,1.0,usfs-2022,2022,full
8929ac4d2d3ffff,9.692842113126735,1.3128093280765036,11210.4,25411.0,115656.48,1.0,usfs-2022,2022,full
8929ac4d2d7ffff,6.109743152337342,0.5228442728442728,7065.72,17808.0,115646.76,1.0,usfs-2022,2022,full
8929ac4d2dbffff,8.80185020326089,5.224299468934848,10179.72,15805.0,115654.32,1.0,usfs-2022,2022,full
8929ac4d303ffff,3.2172976070356394,2.5291597238752677,3719.16,11793.0,115598.88,0.9999805206962146,usfs-2022,2022,full
8929ac4d307ffff,7.625471803879069,2.61605927718131,8814.96,23184.0,115598.88,1.0,usfs-2022,2022,full
8929ac4d30bffff,5.082866734346876,2.6361176868447753,5875.92,20729.0,115602.48,1.0,usfs-2022,2022,full
8929ac4d30fffff,12.694413473935981,6.721190957544569,14673.96,18271.0,115593.84,0.9999684897489549,usfs-2022,2022,full
8929ac4d313ffff,4.305746288874564,0.8833567556715519,4977.72,10664.0,115606.44,1.0,usfs-2022,2022,full
8929ac4d317ffff,3.122576787610592,0.5339435545385203,3609.72,7980.0,115600.68,1.0,usfs-2022,2022,full
8929ac4d31bffff,3.34220810562536,0.5794878350164046,3863.88,8400.0,115608.6,1.0,usfs-2022,2022,full
8929ac4d323ffff,10.762383515224,1.5444404462036705,12439.8,24625.0,115585.92,0.9999814514047455,usfs-2022,2022,full
8929ac4d327ffff,10.884779622690873,0.515078642922137,12580.92,22042.0,115582.68,0.9999941734175039,usfs-2022,2022,full
8929ac4d32bffff,9.390348350125356,0.9249119288569884,10854.36,27032.0,115590.6,1.0,usfs-2022,2022,full
8929ac4d32fffff,14.019640515649186,1.7979156601559805,16204.68,20489.0,115585.56,1.0,usfs-2022,2022,full
8929ac4d333ffff,10.86035704942132,1.6874680853590471,12553.2,29804.0,115587.36,0.9999623329695523,usfs-2022,2022,full
8929ac4d337ffff,15.22085801673176,2.062327362695091,17592.84,20806.0,115583.76,0.9999719363529457,usfs-2022,2022,full
8929ac4d33bffff,14.776230963281323,1.7542586579104913,17080.2,19496.0,115592.4,0.9999967672657444,usfs-2022,2022,full
8929ac4d343ffff,6.288242785834172,1.8922474232765225,7269.84,24432.0,115610.04,1.0,usfs-2022,2022,full
8929ac4d347ffff,9.184137424168815,0.8818036542867594,10616.76,18533.0,115598.88,0.9999622160075714,usfs-2022,2022,full
8929ac4d34bffff,12.04264780066139,1.2145652947455818,13922.64,14991.0,115611.12,1.0,usfs-2022,2022,full
8929ac4d34fffff,9.171817827948619,1.1354381258084607,10603.08,22287.0,115605.0,1.0,usfs-2022,2022,full
8929ac4d353ffff,1.4803558583666263,0.0,1711.44,819.0,115610.04,0.999986473413853,usfs-2022,2022,full
8929ac4d357ffff,4.365792366402705,3.5943718466986305,5047.2,11075.0,115607.88,1.0,usfs-2022,2022,full
8929ac4d35bffff,4.093516263833444,2.014691352721337,4732.56,16423.0,115611.12,0.999986677327751,usfs-2022,2022,full
8929ac4d363ffff,9.877446782004764,1.2903746118795114,11417.4,17625.0,115590.6,0.9999628914298057,usfs-2022,2022,full
8929ac4d367ffff,12.106640089697272,0.7736246672582077,13993.92,12883.0,115588.8,0.9999880533378426,usfs-2022,2022,full
8929ac4d36bffff,9.659517351130322,1.8716231518327995,11166.12,21838.0,115597.08,1.0,usfs-2022,2022,full
8929ac4d36fffff,9.768935371045755,1.9714714106252786,11291.76,17417.0,115588.44,0.9999757971712245,usfs-2022,2022,full
8929ac4d373ffff,9.261566057948627,1.1811977547146952,10706.4,17619.0,115600.32,1.0,usfs-2022,2022,full
8929ac4d377ffff,8.727133434235851,1.6005367069196856,10088.28,25873.0,115596.72,1.0,usfs-2022,2022,full
8929ac4d37bffff,9.634393198592383,1.5239096163951655,11137.32,23612.0,115599.6,1.0,usfs-2022,2022,full
8929ac4d383ffff,9.93578764457122,1.787033825458823,11486.16,23445.0,115603.92,0.9999701883332006,usfs-2022,2022,full
8929ac4d387ffff,7.293535127055306,2.0398849092171845,8431.56,17772.0,115603.2,1.0,usfs-2022,2022,full
8929ac4d38bffff,0.12580574845078318,2.67221933020996,145.44,2019.0,115606.8,0.9999859219786985,usfs-2022,2022,full
8929ac4d38fffff,1.7332922275888056,0.02652989034311992,2003.76,4070.0,115604.28,1.0,usfs-2022,2022,full
8929ac4d393ffff,14.951577242861147,2.5152712899748475,17285.04,24417.0,115606.8,0.9999635658664299,usfs-2022,2022,full
8929ac4d397ffff,12.247217603059235,1.9125062463089992,14158.44,23319.0,115605.36,0.999991832672348,usfs-2022,2022,full
8929ac4d39bffff,6.1946131091390315,5.116712611308332,7161.84,17223.0,115614.0,1.0,usfs-2022,2022,full
8929ac4d3a3ffff,3.93833216538192,1.1769352290679305,4552.2,4504.0,115587.0,0.9999368348788324,usfs-2022,2022,full
8929ac4d3a7ffff,7.375098880701601,3.5358434000529058,8525.16,15754.0,115593.84,1.0,usfs-2022,2022,full
8929ac4d3abffff,3.6054525579497785,0.536209181829136,4167.72,5943.0,115594.92,0.9999961675321326,usfs-2022,2022,full
8929ac4d3afffff,6.770603000990365,1.0893326230321287,7826.4,19384.0,115593.84,1.0,usfs-2022,2022,full
8929ac4d3b3ffff,2.191183569237477,1.8783826806749442,2532.96,2219.0,115597.8,0.9999987117029465,usfs-2022,2022,full
8929ac4d3b7ffff,6.950837439037303,1.0715642124681244,8034.84,13128.0,115595.28,1.0,usfs-2022,2022,full
8929ac4d3bbffff,1.7779009619786428,0.0,2055.24,5751.0,115599.24,1.0,usfs-2022,2022,full
8929ac4d3c3ffff,0.16908250167369882,0.0,195.48,3900.0,115612.2,0.9999827538800218,usfs-2022,2022,full
8929ac4d3c7ffff,5.204745741599975,0.0,6017.04,8511.0,115606.8,0.999976753947295,usfs-2022,2022,full
8929ac4d3cbffff,4.507579060121813,0.0,5211.36,4418.0,115613.28,0.9999829422219783,usfs-2022,2022,full
8929ac4d3cfffff,4.025048343552169,0.0,4653.36,4809.0,115610.04,0.9999956212509303,usfs-2022,2022,full
8929ac4d3d3ffff,3.4281319187760984,0.2583152360269745,3963.24,15708.0,115609.32,0.9999263039014511,usfs-2022,2022,full
8929ac4d3d7ffff,2.5505771572165674,0.6814175589991844,2948.76,13590.0,115611.48,0.9999856894330683,usfs-2022,2022,full
8929ac4d3dbffff,0.14944844184431832,0.0,172.8,15766.0,115625.16,1.0,usfs-2022,2022,full
8929ac4d403ffff,1.2518145333447186,0.5394020343162437,263.88,6970.0,21079.8,0.18226903330193756,usfs-2022,2022,partial
8929ac4d407ffff,0.2592714145060715,0.0,300.0,6399.0,,,chm-legacy,2009-2020,coverage-unknown
8929ac4d40bffff,0.9232167536138054,0.22688492621552192,1067.76,19156.0,115656.48,1.0,usfs-2022,2022,full
8929ac4d40fffff,0.6654194071016645,0.45002812675792236,124.2,3822.0,18664.92,0.1613935555985394,usfs-2022,2022,partial
8929ac4d413ffff,3.945158630797887,0.04225649693640397,930.24,1703.0,23579.28,0.2038746814237166,usfs-2022,2022,partial
8929ac4d417ffff,0.0196947316592811,0.0,23.0,13104.0,,,chm-legacy,2009-2020,coverage-unknown
8929ac4d41bffff,1.4934897170836174,0.0051347881899871635,1727.28,21032.0,115653.96,0.9999752520175234,usfs-2022,2022,full
8929ac4d423ffff,0.0,0.0,0.0,0.0,,,chm-legacy,2009-2020,coverage-unknown
8929ac4d427ffff,0.0,0.0,0.0,0.0,,,chm-legacy,2009-2020,coverage-unknown
8929ac4d42bffff,0.150948349412614,0.0,175.0,0.0,,,chm-legacy,2009-2020,coverage-unknown
8929ac4d42fffff,0.0,0.0,0.0,5962.0,,,chm-legacy,2009-2020,coverage-unknown
8929ac4d433ffff,0.0,0.0,0.0,0.0,,,chm-legacy,2009-2020,coverage-unknown
8929ac4d437ffff,0.013129390139828,0.0,15.0,0.0,,,chm-legacy,2009-2020,coverage-unknown
8929ac4d43bffff,0.2953531110527697,0.0,342.0,3047.0,,,chm-legacy,2009-2020,coverage-unknown
8929ac4d443ffff,8.548386594745343,0.8033721066854658,9887.04,24315.0,115659.72,1.0,usfs-2022,2022,full
8929ac4d447ffff,1.7071029678190546,0.2894417908319669,1974.24,25176.0,115648.56,0.9999507713938476,usfs-2022,2022,full
8929ac4d44bffff,5.739605738671913,1.4434122465288184,6638.04,14208.0,115653.24,0.999941378769843,usfs-2022,2022,full
8929ac4d44fffff,5.142499626475422,0.46645652243130514,5947.56,22508.0,115655.04,0.9999975893103507,usfs-2022,2022,full
8929ac4d453ffff,7.199594126032583,1.4762421858949901,8327.16,24170.0,115661.52,0.9999907412125861,usfs-2022,2022,full
8929ac4d457ffff,3.6290008808707857,0.15563227849233466,4197.24,20093.0,115658.28,1.0,usfs-2022,2022,full
8929ac4d45bffff,6.462305551924406,1.7240523913474897,7474.68,14262.0,115665.84,1.0,usfs-2022,2022,full
8929ac4d463ffff,0.05957876874703666,0.0,68.76,0.0,115410.24,0.9979621106145463,usfs-2022,2022,full
8929ac4d467ffff,6.075418994413408,0.0,814.32,326.0,13403.52,0.1159060860543232,usfs-2022,2022,partial
8929ac4d46bffff,0.6638684618053499,0.37927252787424603,564.84,15697.0,85083.12,0.7357141613711017,usfs-2022,2022,partial
8929ac4d46fffff,0.0,0.0,0.0,2460.0,25649.64,0.22180158523187268,usfs-2022,2022,partial
8929ac4d473ffff,0.0,0.0,0.0,2548.0,115604.64,0.9996116647942502,usfs-2022,2022,full
8929ac4d477ffff,0.03744163509822923,0.0,6.12,75.0,16345.44,0.14134170602528967,usfs-2022,2022,partial
8929ac4d47bffff,1.2062069072854897,0.371482465257728,1395.0,18634.0,115651.8,1.0,usfs-2022,2022,full
8929ac4d483ffff,0.3938687760527785,0.0,456.0,760.0,,,chm-legacy,2009-2020,coverage-unknown
8929ac4d487ffff,0.2002429176377901,0.0,232.0,0.0,,,chm-legacy,2009-2020,coverage-unknown
8929ac4d48bffff,0.0,0.0,0.0,1984.0,26631.36,0.23025679582704164,usfs-2022,2022,partial
8929ac4d48fffff,3.3116712616515684,0.0968054211035818,3830.0,5944.0,,,chm-legacy,2009-2020,coverage-unknown
8929ac4d493ffff,0.1542753979977022,0.0,178.0,0.0,,,chm-legacy,2009-2020,coverage-unknown
8929ac4d497ffff,0.210070242237248,0.0,243.0,0.0,,,chm-legacy,2009-2020,coverage-unknown
8929ac4d49bffff,0.0,0.0,0.0,2442.0,26935.2,0.23287650573382515,usfs-2022,2022,partial
8929ac4d4a3ffff,0.0,0.0,0.0,0.0,,,chm-legacy,2009-2020,coverage-unknown
8929ac4d4a7ffff,0.0,0.0,0.0,0.0,,,chm-legacy,2009-2020,coverage-unknown
8929ac4d4abffff,0.0,0.0,0.0,3767.0,,,chm-legacy,2009-2020,coverage-unknown
8929ac4d4afffff,0.0853326331681381,0.0,99.0,0.0,,,chm-legacy,2009-2020,coverage-unknown
8929ac4d4b7ffff,4.296733956999836,0.0,4969.0,0.0,,,chm-legacy,2009-2020,coverage-unknown
8929ac4d4bbffff,1.0601286595772614,0.0,1226.0,9412.0,,,chm-legacy,2009-2020,coverage-unknown
8929ac4d4c3ffff,0.027389670981577335,0.0015828795745219705,31.68,22743.0,115664.04,0.9999903322244696,usfs-2022,2022,full
8929ac4d4c7ffff,0.11890273320654525,0.0,137.52,13113.0,115657.56,0.9999749565227605,usfs-2022,2022,full
8929ac4d4cbffff,3.913970462362077,0.02919329203023128,4527.0,11095.0,115662.6,0.999968655813771,usfs-2022,2022,full
8929ac4d4cfffff,2.6441275157340374,0.04889323495421815,3058.2,16191.0,115660.08,0.9999875127194015,usfs-2022,2022,full
8929ac4d4d3ffff,0.0,0.0,0.0,0.0,46232.64,0.39969847988163865,usfs-2022,2022,partial
8929ac4d4d7ffff,0.00780313623651618,0.0,9.0,3635.0,115338.24,0.9971827917937771,usfs-2022,2022,full
8929ac4d4dbffff,0.1675836949783013,0.0,124.56,6590.0,74327.04,0.6425791525135643,usfs-2022,2022,partial
8929ac4d503ffff,0.0,0.0,0.0,10714.0,,,chm-legacy,2009-2020,coverage-unknown
8929ac4d507ffff,0.0,0.0,0.0,6924.0,40026.96,0.34621065692764313,usfs-2022,2022,partial
8929ac4d50bffff,0.0,0.0,0.0,22873.0,,,chm-legacy,2009-2020,coverage-unknown
8929ac4d50fffff,0.0,0.0,0.0,11871.0,,,chm-legacy,2009-2020,coverage-unknown
8929ac4d513ffff,0.0,0.0,0.0,0.0,,,chm-legacy,2009-2020,coverage-unknown
8929ac4d51bffff,0.0,0.0,0.0,0.0,,,chm-legacy,2009-2020,coverage-unknown
8929ac4d523ffff,3.507143835872395,0.1833878306603692,4054.32,20770.0,115601.76,0.9999623195112889,usfs-2022,2022,full
8929ac4d527ffff,2.514101104255488,0.02858134454810853,1708.92,17629.0,67973.4,0.5879980474642168,usfs-2022,2022,partial
8929ac4d52bffff,0.27841013487631927,0.0,321.84,22779.0,115599.24,0.9999312519403373,usfs-2022,2022,full
8929ac4d52fffff,4.513408816312295,0.3240147690452867,5217.84,19048.0,115607.52,1.0,usfs-2022,2022,full
8929ac4d533ffff,0.05542771198764398,0.0,64.08,4334.0,115610.04,1.0,usfs-2022,2022,full
8929ac4d537ffff,1.247789078045545,0.18793780967025456,325.08,6309.0,26052.48,0.22535764241990036,usfs-2022,2022,partial
8929ac4d53bffff,0.1784096549473969,0.0,185.04,17797.0,103716.36,0.8971163224340002,usfs-2022,2022,partial
8929ac4d543ffff,0.0,0.0,0.0,31288.0,,,chm-legacy,2009-2020,coverage-unknown
8929ac4d547ffff,0.0,0.0,0.0,26721.0,,,chm-legacy,2009-2020,coverage-unknown
8929ac4d54bffff,0.0,0.0,0.0,23190.0,,,chm-legacy,2009-2020,coverage-unknown
8929ac4d54fffff,0.0,0.0,0.0,14682.0,,,chm-legacy,2009-2020,coverage-unknown
8929ac4d553ffff,0.0,0.0,0.0,4435.0,,,chm-legacy,2009-2020,coverage-unknown
8929ac4d557ffff,0.0,0.0,0.0,15258.0,,,chm-legacy,2009-2020,coverage-unknown
8929ac4d55bffff,0.0,0.0,0.0,25165.0,,,chm-legacy,2009-2020,coverage-unknown
8929ac4d563ffff,0.0,0.0,0.0,0.0,,,chm-legacy,2009-2020,coverage-unknown
8929ac4d567ffff,0.0,0.0,0.0,5180.0,35178.12,0.30428725873122986,usfs-2022,2022,partial
8929ac4d56bffff,0.0,0.0,0.0,8122.0,,,chm-legacy,2009-2020,coverage-unknown
8929ac4d56fffff,0.0,0.0,0.0,0.0,1287.0,0.01113231973874629,usfs-2022,2022,partial
8929ac4d573ffff,0.0,0.0,0.0,28593.0,,,chm-legacy,2009-2020,coverage-unknown
8929ac4d577ffff,0.09930843044820407,0.0,29.88,3131.0,30088.08,0.2602507221697544,usfs-2022,2022,partial
8929ac4d57bffff,0.0,0.0,0.0,18680.0,,,chm-legacy,2009-2020,coverage-unknown
8929ac4d583ffff,0.0,0.0,0.0,0.0,,,chm-legacy,2009-2020,coverage-unknown
8929ac4d58bffff,0.0,0.0,0.0,13064.0,,,chm-legacy,2009-2020,coverage-unknown
8929ac4d593ffff,0.0,0.0,0.0,0.0,,,chm-legacy,2009-2020,coverage-unknown
8929ac4d59bffff,0.0,0.0,0.0,14291.0,,,chm-legacy,2009-2020,coverage-unknown
8929ac4d5a3ffff,0.9025863200735198,0.0,1044.0,6273.0,,,chm-legacy,2009-2020,coverage-unknown
8929ac4d5a7ffff,1.0141788105553369,1.0265183917878529,1172.0,6664.0,,,chm-legacy,2009-2020,coverage-unknown
8929ac4d5abffff,0.0,0.0,0.0,3046.0,25665.12,0.22199089110004394,usfs-2022,2022,partial
8929ac4d5afffff,0.0,0.0,0.0,3625.0,23232.24,0.20095584300529862,usfs-2022,2022,partial
8929ac4d5b3ffff,0.0,0.0,0.0,6474.0,,,chm-legacy,2009-2020,coverage-unknown
8929ac4d5b7ffff,0.0,0.0,0.0,0.0,,,chm-legacy,2009-2020,coverage-unknown
8929ac4d5c3ffff,0.1181683899556868,0.0,137.0,20235.0,,,chm-legacy,2009-2020,coverage-unknown
8929ac4d5c7ffff,0.0,0.0,0.0,0.0,,,chm-legacy,2009-2020,coverage-unknown
8929ac4d5cbffff,0.0065636178661678,0.0,8.0,0.0,,,chm-legacy,2009-2020,coverage-unknown
8929ac4d5cfffff,0.0,0.0,0.0,10639.0,,,chm-legacy,2009-2020,coverage-unknown
8929ac4d5d3ffff,0.7450928904352393,1.180015064022094,862.0,22671.0,,,chm-legacy,2009-2020,coverage-unknown
8929ac4d5d7ffff,0.0,0.0,0.0,27423.0,,,chm-legacy,2009-2020,coverage-unknown
8929ac4d5dbffff,0.0,0.0,0.0,0.0,,,chm-legacy,2009-2020,coverage-unknown
8929ac4d603ffff,5.143337379774022,0.20027564820397967,5948.64,16683.0,115657.2,0.9999795225301434,usfs-2022,2022,full
8929ac4d607ffff,4.594820904396223,0.4079566891093968,5313.96,23377.0,115651.08,0.9999672446621765,usfs-2022,2022,full
8929ac4d60bffff,7.509571388551685,0.19600404653515427,8685.36,22730.0,115657.2,0.999970362368157,usfs-2022,2022,full
8929ac4d60fffff,5.10620813307767,0.18742615002240964,5905.44,17638.0,115652.16,0.9999674177611134,usfs-2022,2022,full
8929ac4d613ffff,7.146814404432133,1.6624701400994253,8266.32,21933.0,115664.4,1.0,usfs-2022,2022,full
8929ac4d617ffff,2.3880225355619884,0.2771327990412703,2761.92,14379.0,115657.2,0.999988692933538,usfs-2022,2022,full
8929ac4d61bffff,7.803396245206912,0.30988704708816195,9025.92,19572.0,115666.56,1.0,usfs-2022,2022,full
8929ac4d623ffff,1.8775177291717255,0.12624744499218468,2171.16,17942.0,115639.92,0.9999428725839025,usfs-2022,2022,full
8929ac4d627ffff,2.3801592169291745,0.3660470980599504,2752.2,17638.0,115630.92,0.9999057051658985,usfs-2022,2022,full
8929ac4d62bffff,6.860141884593475,1.7116123388231714,7933.68,18606.0,115648.92,1.0,usfs-2022,2022,full
8929ac4d62fffff,0.884096229516362,0.38493925177432936,1022.4,8943.0,115643.52,1.0,usfs-2022,2022,full
8929ac4d633ffff,1.319180725891801,0.23830031581969566,1525.68,25018.0,115653.6,1.0,usfs-2022,2022,full
8929ac4d637ffff,1.3488777511440402,0.18725495933056352,1559.88,24562.0,115642.8,0.9999769508317238,usfs-2022,2022,full
8929ac4d63bffff,1.8966300808705885,0.025392741061755146,2193.48,21261.0,115651.44,1.0,usfs-2022,2022,full
8929ac4d643ffff,5.982004189270364,0.2667500643879466,6919.2,19517.0,115666.92,1.0,usfs-2022,2022,full
8929ac4d647ffff,7.026756144326303,0.944720010442501,8127.0,21855.0,115657.92,0.9999674374750733,usfs-2022,2022,full
8929ac4d64bffff,4.761978861930312,0.8476648463607467,5508.36,17518.0,115673.76,1.0,usfs-2022,2022,full
8929ac4d64fffff,6.620370658581985,0.7731073973881878,7656.84,26014.0,115655.76,0.9999396227211955,usfs-2022,2022,full
8929ac4d653ffff,3.263085489478386,0.06411258795934324,3774.24,23007.0,115664.76,0.9999544870466348,usfs-2022,2022,full
8929ac4d657ffff,6.065774280992558,0.06502185456778528,7016.4,9959.0,115671.96,1.0,usfs-2022,2022,full
8929ac4d65bffff,4.656142622379363,1.0097390277836333,5385.6,16905.0,115666.56,0.9999609083792776,usfs-2022,2022,full
8929ac4d663ffff,6.975093620717026,1.053329272880354,8066.52,19885.0,115647.48,0.9999492840757214,usfs-2022,2022,full
8929ac4d667ffff,7.091185277876348,0.4569119306804529,8201.16,19686.0,115652.88,1.0,usfs-2022,2022,full
8929ac4d66bffff,5.763699525606066,0.8368610370225364,6665.76,14589.0,115650.72,0.999968159356585,usfs-2022,2022,full
8929ac4d66fffff,7.348230877697573,0.4021832806664752,8498.52,24962.0,115653.96,1.0,usfs-2022,2022,full
8929ac4d673ffff,7.488949760318745,0.25438457892242056,8661.24,22726.0,115653.6,0.999970713575151,usfs-2022,2022,full
8929ac4d677ffff,5.652830306143096,0.7650022246781394,6537.6,24890.0,115651.8,0.9999957868715532,usfs-2022,2022,full
8929ac4d67bffff,7.775678477048971,0.22508696541845716,8993.16,15798.0,115657.56,0.999995807769836,usfs-2022,2022,full
8929ac4d683ffff,5.916975588195929,0.34849951597289447,6843.6,20382.0,115660.44,0.9999538005016723,usfs-2022,2022,full
8929ac4d687ffff,2.953205634995238,0.0,3415.68,4033.0,115660.08,0.9999913215617949,usfs-2022,2022,full
8929ac4d68bffff,6.955536604647398,0.45642835225529305,8045.28,18686.0,115667.28,1.0,usfs-2022,2022,full
8929ac4d68fffff,6.155110272834227,4.034948753030412,7119.36,14393.0,115665.84,1.0,usfs-2022,2022,full
8929ac4d693ffff,2.1446578071021754,0.25753886495598427,2480.76,7668.0,115671.6,1.0,usfs-2022,2022,full
8929ac4d697ffff,5.4329556772908365,0.7343145340353994,6283.8,22532.0,115660.8,0.9999661037895339,usfs-2022,2022,full
8929ac4d69bffff,7.830089729504293,0.7471025829315795,9056.88,22383.0,115667.64,0.9999754234420515,usfs-2022,2022,full
8929ac4d6a3ffff,7.1054376348202855,1.9060748302419908,8217.72,30996.0,115653.96,1.0,usfs-2022,2022,full
8929ac4d6a7ffff,5.30837407513922,0.4858771702513604,3654.72,16590.0,68848.2,0.5953252501054833,usfs-2022,2022,partial
8929ac4d6abffff,1.8469985495427634,0.35109099350046424,2136.24,24727.0,115660.08,1.0,usfs-2022,2022,full
8929ac4d6afffff,2.875357590888008,0.45393599663990436,3325.32,22184.0,115648.92,0.9999983946755737,usfs-2022,2022,full
8929ac4d6b3ffff,4.660304773287518,2.1724890829694323,5390.28,12904.0,115663.68,1.0,usfs-2022,2022,full
8929ac4d6b7ffff,5.687559339444972,1.394295766618344,6577.56,21793.0,115648.2,0.9999698984744374,usfs-2022,2022,full
8929ac4d6bbffff,4.710914105349661,0.9507264687302589,5448.24,11289.0,115651.44,0.9999480713157449,usfs-2022,2022,full
8929ac4d6c3ffff,12.434875165729865,1.0560924579057487,14383.44,17876.0,115670.16,0.9999788674250447,usfs-2022,2022,full
8929ac4d6c7ffff,10.450274360163464,0.39664532177011375,12087.36,21335.0,115665.48,0.9999790225272182,usfs-2022,2022,full
8929ac4d6cbffff,8.879247831540159,0.2797340880668729,10270.8,10908.0,115671.96,0.9999852727840827,usfs-2022,2022,full
8929ac4d6cfffff,10.599175868636946,0.4791824560545681,12260.16,14655.0,115670.88,1.0,usfs-2022,2022,full
8929ac4d6d3ffff,7.549459885908484,0.6705636876224456,8732.88,22450.0,115675.56,0.9999941050863823,usfs-2022,2022,full
8929ac4d6d7ffff,7.976158981621251,0.27313397692488817,9225.72,22871.0,115666.2,0.9999537984636364,usfs-2022,2022,full
8929ac4d6dbffff,11.12656770298447,0.9401341682999507,12871.08,22380.0,115678.8,1.0,usfs-2022,2022,full
8929ac4d803ffff,10.749753052951057,6.451674458544032,12419.28,17649.0,115530.84,0.9999628252902125,usfs-2022,2022,full
8929ac4d807ffff,12.201908904794697,4.328111555743728,14096.88,25218.0,115530.12,0.9999974508883629,usfs-2022,2022,full
8929ac4d80bffff,16.05056365324576,3.707715133531157,18544.68,23364.0,115539.12,1.0,usfs-2022,2022,full
8929ac4d80fffff,14.9982083041209,1.9854491907204272,17327.88,28275.0,115533.0,1.0,usfs-2022,2022,full
8929ac4d813ffff,13.266946670488677,2.3155186527891476,15328.8,12028.0,115541.28,1.0,usfs-2022,2022,full
8929ac4d817ffff,12.690380636637835,3.9883521397743227,14662.08,13294.0,115536.96,1.0,usfs-2022,2022,full
8929ac4d81bffff,13.720407056814713,1.8079013783731315,15852.24,14567.0,115537.68,0.9999811786903562,usfs-2022,2022,full
8929ac4d823ffff,11.636204989170913,0.511191266751069,13442.4,14994.0,115522.2,1.0,usfs-2022,2022,full
8929ac4d827ffff,13.027760810760276,1.8341390851617703,15049.44,23757.0,115518.24,1.0,usfs-2022,2022,full
8929ac4d82bffff,14.588527124052654,4.420001077063924,16853.04,25557.0,115522.56,0.9999952843419402,usfs-2022,2022,full
8929ac4d82fffff,14.981644571592403,1.0457017843164802,17306.64,17749.0,115518.96,1.0,usfs-2022,2022,full
8929ac4d833ffff,14.132619514308061,7.041749824071617,16326.72,29008.0,115525.08,0.9999946924087962,usfs-2022,2022,full
8929ac4d837ffff,6.358233792783219,0.4770939635640209,7345.08,19450.0,115520.76,0.9999981737724614,usfs-2022,2022,full
8929ac4d83bffff,7.740248732498824,0.9792045225116092,8942.04,14125.0,115526.52,0.9999979214990794,usfs-2022,2022,full
8929ac4d843ffff,13.974457637627472,3.44709419149831,16146.72,22315.0,115544.52,1.0,usfs-2022,2022,full
8929ac4d847ffff,17.26403953473155,2.170352876277819,19946.16,20430.0,115535.88,0.9999880067513708,usfs-2022,2022,full
8929ac4d84bffff,9.868173023296391,7.015323117921386,11401.92,10049.0,115542.36,0.9999940512462026,usfs-2022,2022,full
8929ac4d84fffff,9.329955691824487,2.2606422481656416,10779.48,23689.0,115536.24,0.9999819171054972,usfs-2022,2022,full
8929ac4d853ffff,18.45679300836566,24.915858844394283,21325.68,13412.0,115543.8,0.9999840905526182,usfs-2022,2022,full
8929ac4d857ffff,8.329724222379395,6.811509101585438,9624.24,3999.0,115540.92,0.9999999998679334,usfs-2022,2022,full
8929ac4d85bffff,16.77851512602424,5.822003633857528,19387.44,21646.0,115549.2,1.0,usfs-2022,2022,full
8929ac4d863ffff,15.206396789140914,1.7912464186718224,17567.64,15178.0,115527.96,0.9999919452039664,usfs-2022,2022,full
8929ac4d867ffff,7.375240730699474,1.4779488148078195,8520.12,15023.0,115523.28,0.9999922966367882,usfs-2022,2022,full
8929ac4d86bffff,15.844283724452115,3.1758783204798626,18304.92,19525.0,115530.12,1.0,usfs-2022,2022,full
8929ac4d86fffff,8.482857908546428,1.30067801300678,9799.92,2568.0,115526.16,1.0,usfs-2022,2022,full
8929ac4d873ffff,19.592543889716378,1.4584959883054536,22635.36,21356.0,115530.48,0.999982115664393,usfs-2022,2022,full
8929ac4d877ffff,13.44601184744775,1.6028558425304356,15534.0,24907.0,115528.68,1.0,usfs-2022,2022,full
8929ac4d87bffff,13.971626122911921,1.2350591004791034,16142.04,21447.0,115534.44,1.0,usfs-2022,2022,full
8929ac4d883ffff,12.493690684646399,8.628049537140447,14435.64,26508.0,115543.44,1.0,usfs-2022,2022,full
8929ac4d887ffff,11.759647291592017,18.593106560613755,13587.12,5195.0,115540.2,1.0,usfs-2022,2022,full
8929ac4d88bffff,18.586905381362932,6.461803175115269,21475.08,25050.0,115538.76,0.9999681490816542,usfs-2022,2022,full
8929ac4d88fffff,16.62392616435411,10.925205436432472,19206.36,18380.0,115534.44,0.999971608229857,usfs-2022,2022,full
8929ac4d893ffff,8.091687723354072,3.138755760898298,9349.56,30340.0,115545.24,1.0,usfs-2022,2022,full
8929ac4d897ffff,15.547045883679916,13.56930943494251,17962.92,22758.0,115539.12,0.9999897677806785,usfs-2022,2022,full
8929ac4d89bffff,8.894988721195428,12.971411192214111,10277.64,6181.0,115544.16,0.9999832859968056,usfs-2022,2022,full
8929ac4d8a3ffff,10.518377713030336,8.152454780361756,12151.44,10237.0,115525.8,0.9999785495453326,usfs-2022,2022,full
8929ac4d8a7ffff,18.153630414459332,10.99691257718557,20971.8,15774.0,115524.0,1.0,usfs-2022,2022,full
8929ac4d8abffff,10.675001090621281,5.746762068653202,12332.88,14985.0,115530.48,1.0,usfs-2022,2022,full
8929ac4d8afffff,17.577383679078594,15.241952332738698,20306.16,18986.0,115524.36,0.9999977057670958,usfs-2022,2022,full
8929ac4d8b3ffff,9.044056473550224,10.106786083362039,10449.0,9395.0,115534.44,1.0,usfs-2022,2022,full
8929ac4d8b7ffff,14.516440644164133,14.542064156960247,16770.6,11384.0,115528.32,1.0,usfs-2022,2022,full
8929ac4d8bbffff,11.352050355228718,10.892167193537057,13115.16,9133.0,115531.2,0.9999844230194053,usfs-2022,2022,full
8929ac4d8c3ffff,16.530153814519068,3.0310880829015545,19100.52,5390.0,115549.56,1.0,usfs-2022,2022,full
8929ac4d8c7ffff,12.948423158170227,1.1214700716119443,14961.24,5269.0,115544.88,1.0,usfs-2022,2022,full
8929ac4d8cbffff,18.37515500084121,19.55904574385274,21232.08,12649.0,115547.76,0.9999867476536556,usfs-2022,2022,full
8929ac4d8cfffff,8.589392872498863,0.0,9924.48,218.0,115543.44,0.9999901909295668,usfs-2022,2022,full
8929ac4d8d3ffff,18.035136255019797,3.740367335749749,20840.04,22754.0,115552.44,1.0,usfs-2022,2022,full
8929ac4d8d7ffff,15.971162054547833,4.211364711153148,18454.32,13855.0,115547.76,1.0,usfs-2022,2022,full
8929ac4d8dbffff,14.191671054312302,0.5561440677966102,16398.72,14870.0,115551.72,0.9999894130365212,usfs-2022,2022,full
8929ac4d903ffff,12.688839643312418,2.1720947252862146,14655.96,13474.0,115502.76,1.0,usfs-2022,2022,full
8929ac4d907ffff,13.546368102136997,1.2125610705940664,15645.6,20091.0,115496.64,0.9999938770748903,usfs-2022,2022,full
8929ac4d90bffff,15.790687599153475,1.3415566712105595,18238.68,21365.0,115502.76,0.9999966823159402,usfs-2022,2022,full
8929ac4d90fffff,15.966548950057197,1.9568427961929769,18441.0,17207.0,115497.72,0.9999939630781152,usfs-2022,2022,full
8929ac4d913ffff,5.044101605111423,0.0,5826.24,0.0,115506.0,1.0,usfs-2022,2022,full
8929ac4d917ffff,3.550991148235881,0.3067484662576687,4101.48,1170.0,115502.4,1.0,usfs-2022,2022,full
8929ac4d91bffff,4.295086565582585,1.916359860285094,4961.16,3740.0,115507.8,1.0,usfs-2022,2022,full
8929ac4d923ffff,13.779581556569662,1.553536187984763,15914.16,15444.0,115490.88,1.0,usfs-2022,2022,full
8929ac4d927ffff,11.305597466239385,1.6052379649890591,13056.12,20721.0,115483.68,0.9999952002845063,usfs-2022,2022,full
8929ac4d92bffff,15.739369776844022,1.6418872637898385,18177.48,17576.0,115490.52,1.0,usfs-2022,2022,full
8929ac4d92fffff,10.635651471839745,0.681650383750279,12282.48,20824.0,115484.04,0.9999890482978315,usfs-2022,2022,full
8929ac4d933ffff,15.294003964938968,0.6621092910271292,17663.4,16636.0,115492.32,0.9999974036207013,usfs-2022,2022,full
8929ac4d937ffff,13.677638161975805,4.7272727272727275,15796.08,21788.0,115488.36,1.0,usfs-2022,2022,full
8929ac4d93bffff,13.4607172357901,1.0962615134549394,15546.24,19715.0,115493.4,0.9999974851007589,usfs-2022,2022,full
8929ac4d943ffff,3.5527062152879507,0.0,4103.64,0.0,115507.44,0.9999870471354331,usfs-2022,2022,full
8929ac4d947ffff,6.801705491107883,2.5030902348578494,7856.28,6815.0,115504.56,1.0,usfs-2022,2022,full
8929ac4d94bffff,3.6835265114800486,0.0,4254.84,0.0,115509.96,0.9999996287168846,usfs-2022,2022,full
8929ac4d94fffff,3.9386496948691896,0.0,4549.32,0.0,115504.56,0.9999937766274708,usfs-2022,2022,full
8929ac4d953ffff,8.64952800640752,4.927936480538535,9991.44,3966.0,115514.28,1.0,usfs-2022,2022,full
8929ac4d957ffff,3.0636605601231697,0.0,3538.8,6443.0,115508.88,1.0,usfs-2022,2022,full
8929ac4d95bffff,6.066357505266963,4.323175053153792,7007.4,3402.0,115512.48,0.999989785707586,usfs-2022,2022,full
8929ac4d963ffff,18.695471929830028,2.6176736424946117,21592.44,10085.0,115495.56,0.9999976782065545,usfs-2022,2022,full
8929ac4d967ffff,19.386120219941898,1.6437091735302474,22389.48,9974.0,115492.32,1.0,usfs-2022,2022,full
8929ac4d96bffff,14.271910630684545,8.980060720439813,16483.68,19967.0,115497.36,1.0,usfs-2022,2022,full
8929ac4d96fffff,5.467688241088239,4.319895116355293,6314.76,5255.0,115492.32,1.0,usfs-2022,2022,full
8929ac4d973ffff,11.615388691312926,0.792489636673982,13415.76,17576.0,115499.88,1.0,usfs-2022,2022,full
8929ac4d977ffff,16.520944962392893,0.89946594209688,19080.72,7615.0,115494.12,0.9999944595932476,usfs-2022,2022,full
8929ac4d97bffff,5.28218730616863,0.24123512383403023,6100.92,2233.0,115499.88,0.9999941652097921,usfs-2022,2022,full
8929ac4d983ffff,1.6540027052465576,0.6736333016668106,1910.52,16561.0,115508.88,1.0,usfs-2022,2022,full
8929ac4d987ffff,0.3986447947088397,0.675603217158177,460.44,3334.0,115501.32,0.9999803886267776,usfs-2022,2022,full
8929ac4d98bffff,0.31291003213249435,4.692556634304207,361.44,424.0,115509.24,0.9999987576865278,usfs-2022,2022,full
8929ac4d98fffff,2.2683850457385963,0.0,2620.08,0.0,115504.2,0.9999960373728746,usfs-2022,2022,full
8929ac4d993ffff,0.7766729541678637,1.903248762888304,895.32,21338.0,115276.32,0.9979600007984107,usfs-2022,2022,full
8929ac4d997ffff,1.4043551840528083,1.0688963689751485,1622.16,19892.0,115509.24,1.0,usfs-2022,2022,full
8929ac4d99bffff,4.174938525931305,5.540320942514727,4822.56,26785.0,115512.12,0.9999920618781736,usfs-2022,2022,full
8929ac4d9a3ffff,6.394823297654151,0.0,7385.76,0.0,115495.92,1.0,usfs-2022,2022,full
8929ac4d9a7ffff,8.321358100504673,10.14601585314977,9610.2,11631.0,115488.36,0.9999816851151501,usfs-2022,2022,full
8929ac4d9abffff,10.631440487248382,0.5661895729148704,12278.88,12455.0,115495.92,0.9999969181161308,usfs-2022,2022,full
8929ac4d9afffff,13.457144549282912,2.0963716644269534,15541.92,18359.0,115491.96,1.0,usfs-2022,2022,full
8929ac4d9b3ffff,2.4299246025190677,0.0,2806.56,0.0,115499.88,1.0,usfs-2022,2022,full
8929ac4d9b7ffff,1.2094197590511664,0.0,1396.8,0.0,115493.4,0.9999936793756181,usfs-2022,2022,full
8929ac4d9bbffff,2.253197146178853,0.0,2602.44,0.0,115499.88,0.9999995579714424,usfs-2022,2022,full
8929ac4d9c3ffff,12.85485001947799,3.4651494542679893,14849.28,20951.0,115515.0,0.9999984525066925,usfs-2022,2022,full
8929ac4d9c7ffff,1.2189344686368255,10.827569759122346,1407.96,4038.0,115507.44,0.99997390420496,usfs-2022,2022,full
8929ac4d9cbffff,14.852154726436382,0.7630467366126176,17156.52,15731.0,115515.36,0.9999923134585259,usfs-2022,2022,full
8929ac4d9cfffff,12.108481422151304,1.960035637011582,13986.72,13865.0,115511.76,1.0,usfs-2022,2022,full
8929ac4d9d3ffff,7.59689729214257,3.9751503166137314,8775.72,17306.0,115517.16,0.9999855216250622,usfs-2022,2022,full
8929ac4d9d7ffff,2.503451478292305,0.7316081831730118,2891.88,21102.0,115515.72,1.0,usfs-2022,2022,full
8929ac4d9dbffff,11.154359153349455,4.87978304725998,12885.48,20708.0,115519.68,0.9999980754261043,usfs-2022,2022,full
8929ac4da03ffff,19.476424456374417,3.5982876316093946,22503.24,3000.0,115540.92,0.9999857018039727,usfs-2022,2022,full
8929ac4da07ffff,15.315228296701585,0.0,17695.08,0.0,115539.12,1.0,usfs-2022,2022,full
8929ac4da0bffff,7.336565364507064,2.491307015749642,8476.92,8581.0,115543.44,0.9999983569537059,usfs-2022,2022,full
8929ac4da0fffff,16.797584587725392,7.556427870461237,19407.6,4409.0,115538.04,0.9999924396317192,usfs-2022,2022,full
8929ac4da13ffff,8.59792934344048,10.458510854128626,9934.56,3178.0,115545.96,0.9999976666710365,usfs-2022,2022,full
8929ac4da17ffff,16.86238709335693,13.423895099287769,19483.2,6608.0,115542.36,1.0,usfs-2022,2022,full
8929ac4da1bffff,2.5401523530603027,0.0,2935.08,0.0,115547.4,1.0,usfs-2022,2022,full
8929ac4da23ffff,5.466279022663463,0.0,6315.12,0.0,115528.68,0.9999930901191669,usfs-2022,2022,full
8929ac4da27ffff,3.0984440781170632,0.0,3579.48,0.0,115525.08,1.0,usfs-2022,2022,full
8929ac4da2bffff,1.239888319684902,0.0,1432.44,0.0,115529.76,0.9999932789642565,usfs-2022,2022,full
8929ac4da2fffff,0.8887365419672489,0.0,1026.72,0.0,115525.8,0.9999998432250019,usfs-2022,2022,full
8929ac4da33ffff,1.1289136504138,0.06889820290520755,1304.28,6266.0,115534.08,1.0,usfs-2022,2022,full
8929ac4da37ffff,8.22818929977034,0.0,9505.8,0.0,115527.24,0.9999897952084831,usfs-2022,2022,full
8929ac4da3bffff,9.051307778117074,4.793589468412391,10457.28,4791.0,115533.36,0.9999927611662849,usfs-2022,2022,full
8929ac4da43ffff,26.767048941811307,13.11457523560138,30929.4,22935.0,115550.28,1.0,usfs-2022,2022,full
8929ac4da47ffff,11.736719115126967,15.930169121658484,13560.84,555.0,115542.0,0.9999767494993005,usfs-2022,2022,full
8929ac4da4bffff,16.59449051948133,10.446280991735538,19175.04,18530.0,115550.64,1.0,usfs-2022,2022,full
8929ac4da4fffff,7.485621350814115,1.4296437832673674,8649.36,10400.0,115546.32,1.0,usfs-2022,2022,full
8929ac4da53ffff,21.18338328483572,7.205302480024904,24477.84,25755.0,115552.08,0.9999915196881669,usfs-2022,2022,full
8929ac4da57ffff,14.855328707756824,12.951395885105335,17165.16,13998.0,115548.84,1.0,usfs-2022,2022,full
8929ac4da5bffff,19.123071554968472,7.057800536218932,22097.52,13852.0,115554.24,1.0,usfs-2022,2022,full
8929ac4da63ffff,1.4086964650162805,0.0,1627.56,0.0,115536.6,1.0,usfs-2022,2022,full
8929ac4da67ffff,1.0445003256273389,0.0,1206.72,0.0,115530.84,0.9999934778541646,usfs-2022,2022,full
8929ac4da6bffff,0.6063476434700783,0.0,700.56,0.0,115537.68,1.0,usfs-2022,2022,full
8929ac4da6fffff,1.2900290723943126,0.0,1490.4,2967.0,115532.28,0.9999968028029389,usfs-2022,2022,full
8929ac4da73ffff,6.235277988957712,0.0,7204.32,0.0,115541.28,1.0,usfs-2022,2022,full
8929ac4da77ffff,1.5377137141628574,0.0,1776.6,0.0,115535.16,0.9999991863741727,usfs-2022,2022,full
8929ac4da7bffff,0.7013640924018371,0.0,810.36,0.0,115540.56,0.9999959611438446,usfs-2022,2022,full
8929ac4da83ffff,9.501006337119819,1.6303627446648699,10978.2,8015.0,115547.76,0.9999907749045261,usfs-2022,2022,full
8929ac4da87ffff,4.67582076903184,0.006157256326580875,5402.52,5846.0,115541.64,0.9999786293290868,usfs-2022,2022,full
8929ac4da8bffff,9.64292724264809,1.0330732069862505,11142.36,9588.0,115549.56,0.9999971771026471,usfs-2022,2022,full
8929ac4da8fffff,1.6606585928956215,0.0,1918.8,839.0,115544.52,0.9999943743784122,usfs-2022,2022,full
8929ac4da93ffff,17.689630785814646,6.8698391078573255,20440.8,23630.0,115552.44,0.999999645979538,usfs-2022,2022,full
8929ac4da97ffff,14.019154557463672,9.782584206376029,16198.92,14415.0,115548.48,1.0,usfs-2022,2022,full
8929ac4da9bffff,14.266443187199362,4.676034348165495,16485.48,17584.0,115554.24,1.0,usfs-2022,2022,full
8929ac4daa3ffff,15.459038051674497,2.1440662027459094,17860.68,7492.0,115535.52,0.9999981382597763,usfs-2022,2022,full
8929ac4daa7ffff,11.070844304566629,2.0876456325034005,12790.08,23841.0,115529.4,0.9999860093443084,usfs-2022,2022,full
8929ac4daabffff,9.126770218268497,4.726287262872629,10544.76,6328.0,115536.6,0.9999983058995497,usfs-2022,2022,full
8929ac4daafffff,12.399547555020986,2.0388412155622944,14325.48,5466.0,115532.28,1.0,usfs-2022,2022,full
8929ac4dab3ffff,12.71861086098328,0.0,14695.2,7619.0,115540.92,1.0,usfs-2022,2022,full
8929ac4dab7ffff,12.389890661855665,3.382484725050917,14314.68,21348.0,115535.16,1.0,usfs-2022,2022,full
8929ac4dabbffff,3.875717797642601,4.128943758573389,4478.04,2516.0,115540.92,1.0,usfs-2022,2022,full
8929ac4dac3ffff,12.219345713742753,1.1553492916463117,14120.28,14568.0,115556.76,1.0,usfs-2022,2022,full
8929ac4dac7ffff,7.870254978689465,0.0,9093.96,0.0,115548.48,0.9999786651535572,usfs-2022,2022,full
8929ac4dacbffff,18.610686214341126,8.02101162722068,21506.04,22441.0,115557.48,1.0,usfs-2022,2022,full
8929ac4dacfffff,12.100904740541349,4.926598130050345,13982.76,16180.0,115551.36,0.9999944338881431,usfs-2022,2022,full
8929ac4dad3ffff,13.897854152128403,10.718778340110582,16059.96,10987.0,115557.12,0.9999809970787912,usfs-2022,2022,full
8929ac4dad7ffff,8.37523599454175,0.2249611862741992,9677.88,11336.0,115553.52,0.9999906407493652,usfs-2022,2022,full
8929ac4dadbffff,25.59143670677076,10.196773863520104,29573.28,18960.0,115559.28,0.9999905330912665,usfs-2022,2022,full
8929ac4db03ffff,9.203050542135067,5.4132407377076035,10630.44,20790.0,115509.96,1.0,usfs-2022,2022,full
8929ac4db07ffff,10.453055067260102,12.914411155736275,12073.68,12568.0,115503.84,0.9999915732941758,usfs-2022,2022,full
8929ac4db0bffff,11.421073791618229,0.8127428588378371,13192.56,12038.0,115510.68,1.0,usfs-2022,2022,full
8929ac4db0fffff,10.972728689418732,0.6566327283458757,12674.16,19390.0,115506.0,1.0,usfs-2022,2022,full
8929ac4db13ffff,18.66694507467152,7.096276712932364,21562.92,15181.0,115513.92,1.0,usfs-2022,2022,full
8929ac4db17ffff,20.078601504087466,15.201378883158503,23192.64,22671.0,115509.24,1.0,usfs-2022,2022,full
8929ac4db1bffff,17.37183282949481,12.043307086614172,20066.76,16086.0,115513.2,0.9999908397604427,usfs-2022,2022,full
8929ac4db23ffff,13.480102611736763,0.2542985791941768,15568.92,15391.0,115495.56,0.9999924838838752,usfs-2022,2022,full
8929ac4db27ffff,18.59979427075216,5.460279363130207,21481.2,24390.0,115491.6,0.999999106380042,usfs-2022,2022,full
8929ac4db2bffff,13.73419319446306,6.844668073364714,15862.68,20661.0,115497.72,1.0,usfs-2022,2022,full
8929ac4db2fffff,19.315121440327164,6.755064341400795,22307.76,21443.0,115493.76,1.0,usfs-2022,2022,full
8929ac4db33ffff,9.373324689249337,1.3041021584359813,10826.28,15720.0,115500.96,1.0,usfs-2022,2022,full
8929ac4db37ffff,16.25356116475803,6.0691259876872365,18772.2,20927.0,115495.92,1.0,usfs-2022,2022,full
8929ac4db3bffff,11.345013199849145,0.0,13103.64,0.0,115501.32,1.0,usfs-2022,2022,full
8929ac4db43ffff,3.5533643522947904,0.4896985689637674,4104.72,14119.0,115516.44,1.0,usfs-2022,2022,full
8929ac4db47ffff,11.782873740899571,1.8329452504627142,13610.52,17757.0,115511.04,0.9999946511369555,usfs-2022,2022,full
8929ac4db4bffff,11.188329557247435,2.3940323480200782,12924.36,25201.0,115516.44,0.9999913659459265,usfs-2022,2022,full
8929ac4db4fffff,12.296295372878028,1.8527306113185749,14203.8,17126.0,115512.84,1.0,usfs-2022,2022,full
8929ac4db53ffff,14.090542212416132,3.935344827586207,16277.4,16047.0,115520.04,1.0,usfs-2022,2022,full
8929ac4db57ffff,12.705882352941176,13.921224685058203,14677.2,7773.0,115515.0,0.9999972380389103,usfs-2022,2022,full
8929ac4db5bffff,9.838854938281223,7.081884287069238,11365.92,1058.0,115520.76,0.9999970664870048,usfs-2022,2022,full
8929ac4db63ffff,10.523248203165421,1.4178958069521483,12154.68,19899.0,115503.12,0.9999986705252185,usfs-2022,2022,full
8929ac4db67ffff,7.113491071512061,0.4940014114326041,8215.92,14720.0,115497.72,0.9999928087871274,usfs-2022,2022,full
8929ac4db6bffff,9.62174999844162,0.07565857349198707,11113.56,5230.0,115504.56,1.0,usfs-2022,2022,full
8929ac4db6fffff,12.917975763016157,1.5647541893241592,14920.2,9580.0,115499.52,0.9999992200949882,usfs-2022,2022,full
8929ac4db73ffff,14.616221337763246,1.3321820648822007,16882.56,20157.0,115505.64,0.999988779352559,usfs-2022,2022,full
8929ac4db77ffff,10.335616908010795,0.7495526863001112,11937.96,7389.0,115503.12,1.0,usfs-2022,2022,full
8929ac4db7bffff,14.677254976516018,1.6746243010661823,16953.48,25132.0,115508.52,1.0,usfs-2022,2022,full
8929ac4db83ffff,6.727230229840281,0.0,7770.96,0.0,115515.0,0.9999931513913116,usfs-2022,2022,full
8929ac4db87ffff,6.43568830699324,0.0,7434.0,0.0,115512.12,1.0,usfs-2022,2022,full
8929ac4db8bffff,14.795919957367106,0.0,17091.72,0.0,115516.44,0.9999964074788741,usfs-2022,2022,full
8929ac4db8fffff,7.2585495990500615,21.206449755254823,8384.4,1970.0,115510.68,0.999987422655612,usfs-2022,2022,full
8929ac4db93ffff,10.378387474757547,3.7978686399139865,11989.08,10952.0,115519.68,1.0,usfs-2022,2022,full
8929ac4db97ffff,7.442796861073194,6.966259453170448,8597.52,4606.0,115514.64,0.9999992547415695,usfs-2022,2022,full
8929ac4db9bffff,12.48804111053286,2.255786582973715,14426.28,3588.0,115520.76,1.0,usfs-2022,2022,full
8929ac4dba3ffff,16.28720231138206,18.91466020460541,18812.52,24453.0,115504.92,1.0,usfs-2022,2022,full
8929ac4dba7ffff,7.942138121701944,8.814146239799927,9173.16,20476.0,115499.88,1.0,usfs-2022,2022,full
8929ac4dbabffff,13.103104351078418,27.70876999448428,15134.4,11796.0,115502.4,0.9999883101967513,usfs-2022,2022,full
8929ac4dbafffff,7.449567364037603,15.301068728820924,8604.0,7019.0,115496.64,0.9999793417302141,usfs-2022,2022,full
8929ac4dbb3ffff,6.423350839190263,12.222575950518465,7419.24,13896.0,115504.2,0.9999814304108046,usfs-2022,2022,full
8929ac4dbb7ffff,10.005766203811927,16.403744361294358,11556.72,23083.0,115500.6,0.9999911645005308,usfs-2022,2022,full
8929ac4dbbbffff,12.344128381179155,21.430678466076696,14258.52,15342.0,115508.52,1.0,usfs-2022,2022,full
8929ac4dbc3ffff,6.536365251155356,0.0,7551.0,0.0,115522.92,1.0,usfs-2022,2022,full
8929ac4dbc7ffff,4.2186847501573785,19.25729442970822,4873.32,548.0,115517.52,0.9999965571646615,usfs-2022,2022,full
8929ac4dbcbffff,5.022140922844883,0.08827995338818462,5801.76,10186.0,115523.64,0.99999948468669,usfs-2022,2022,full
8929ac4dbcfffff,7.866968331432346,9.387095561985644,9087.84,8681.0,115518.96,0.9999998332635284,usfs-2022,2022,full
8929ac4dbd3ffff,9.80290117012823,3.285006423196917,11324.88,5692.0,115525.8,0.9999957000476487,usfs-2022,2022,full
8929ac4dbd7ffff,9.660631369004955,0.0,11160.0,0.0,115520.4,0.9999898174398093,usfs-2022,2022,full
8929ac4dbdbffff,8.42162337338585,1.4516447275699749,9729.36,12586.0,115528.32,1.0,usfs-2022,2022,full
8929ac4dc03ffff,9.085783176067812,2.087984654570611,10499.76,11209.0,115562.52,1.0,usfs-2022,2022,full
8929ac4dc07ffff,3.733691385562437,2.0943757361601882,4314.6,19151.0,115558.56,1.0,usfs-2022,2022,full
8929ac4dc0bffff,9.722330393497677,1.6729155168147996,11234.88,18599.0,115557.48,0.9999629956184631,usfs-2022,2022,full
8929ac4dc0fffff,10.27827452348759,1.1755427585078047,11876.76,23909.0,115552.08,0.9999570888652719,usfs-2022,2022,full
8929ac4dc13ffff,8.319860442658443,2.1178479931682324,9614.88,4126.0,115565.4,1.0,usfs-2022,2022,full
8929ac4dc17ffff,8.667321967860591,2.0480854853072126,7015.32,10296.0,80939.88,0.7004166679949889,usfs-2022,2022,partial
8929ac4dc1bffff,9.736988844688533,0.2976764697775695,11252.52,13022.0,115564.68,0.9999937425549191,usfs-2022,2022,full
8929ac4dc23ffff,0.25329391128793566,0.24780500309756257,292.68,16810.0,115549.56,1.0,usfs-2022,2022,full
8929ac4dc27ffff,1.6288227617105182,2.9314410084338443,1037.88,15413.0,63719.64,0.5514804512510946,usfs-2022,2022,partial
8929ac4dc2bffff,2.9292913557553004,0.861644856134827,3384.72,25391.0,115547.4,0.9999889941395057,usfs-2022,2022,full
8929ac4dc2fffff,2.436478634076428,0.9930220075147612,2815.2,22577.0,115543.8,0.9999986839940316,usfs-2022,2022,full
8929ac4dc33ffff,1.006639270459141,2.0052334774638627,1163.16,25211.0,115548.84,0.9999791541645907,usfs-2022,2022,full
8929ac4dc37ffff,0.4243238292936076,0.7451791471500699,250.2,11748.0,58964.4,0.5103087089608406,usfs-2022,2022,partial
8929ac4dc3bffff,2.1456299185613967,1.3681840587240053,2479.32,26653.0,115552.08,0.9999979211212474,usfs-2022,2022,full
8929ac4dc43ffff,12.121797367806247,0.16700777732296357,14009.04,21950.0,115569.0,1.0,usfs-2022,2022,full
8929ac4dc47ffff,11.62998613771942,0.6315883111684384,13440.24,24128.0,115565.4,1.0,usfs-2022,2022,full
8929ac4dc4bffff,9.107843167793764,0.21892710193307974,10526.04,23135.0,115571.16,1.0,usfs-2022,2022,full
8929ac4dc4fffff,12.829227112582823,0.442619943124484,14826.24,15628.0,115566.12,1.0,usfs-2022,2022,full
8929ac4dc53ffff,9.876177867767307,0.6922405953640295,11413.8,19264.0,115569.0,0.9999810598269125,usfs-2022,2022,full
8929ac4dc57ffff,10.223885014002548,1.0791763021693646,11815.2,19403.0,115564.68,0.9999844847476088,usfs-2022,2022,full
8929ac4dc5bffff,8.065189356890548,1.2065727699530517,9321.12,15151.0,115572.24,0.9999998515700149,usfs-2022,2022,full
8929ac4dc63ffff,9.798741354601532,0.31853859420646935,11322.72,20391.0,115552.8,0.9999856375371878,usfs-2022,2022,full
8929ac4dc67ffff,8.946463286974728,1.2998384931213638,10337.76,18260.0,115551.36,1.0,usfs-2022,2022,full
8929ac4dc6bffff,12.011476885788786,1.6341301684705034,13880.16,31508.0,115557.48,1.0,usfs-2022,2022,full
8929ac4dc6fffff,8.654729896033574,2.187836535736553,10000.44,12425.0,115548.84,0.9999829524626765,usfs-2022,2022,full
8929ac4dc73ffff,12.168657809068396,3.2844787248494365,14062.32,23067.0,115561.8,1.0,usfs-2022,2022,full
8929ac4dc77ffff,9.877654785233833,0.7824849826114447,11413.8,22595.0,115551.72,0.9999855433567351,usfs-2022,2022,full
8929ac4dc7bffff,12.03282273666109,1.248603302413848,13905.0,20044.0,115558.92,0.9999977753991174,usfs-2022,2022,full
8929ac4dc83ffff,9.429798846592545,0.34243910031909097,3184.56,4610.0,33771.24,0.2922224157564615,usfs-2022,2022,partial
8929ac4dc87ffff,0.0,0.0,0.0,0.0,,,chm-legacy,2009-2020,coverage-unknown
8929ac4dc8bffff,9.9922745765035,0.7523962732086601,11547.72,21322.0,115566.48,0.9999870438645202,usfs-2022,2022,full
8929ac4dc8fffff,9.40778180431051,0.5941329372447085,2841.12,5782.0,30199.68,0.26132596152340404,usfs-2022,2022,partial
8929ac4dc93ffff,6.812323505931789,1.590974345116452,6174.72,20976.0,90640.44,0.7842866675114032,usfs-2022,2022,partial
8929ac4dc97ffff,8.51543942992874,1.5004055150040552,1548.72,1749.0,18187.2,0.15737523741384804,usfs-2022,2022,partial
8929ac4dc9bffff,5.594856507396575,0.9040711813006037,6465.96,12469.0,115569.72,0.9999835464225424,usfs-2022,2022,full
8929ac4dca3ffff,0.0,0.0,0.0,1788.0,30257.28,0.2618457734678308,usfs-2022,2022,partial
8929ac4dca7ffff,0.0,0.0,0.0,0.0,1036.08,0.008966577660796489,usfs-2022,2022,partial
8929ac4dcabffff,0.6332539335310227,0.0,703.44,10659.0,111083.4,0.9613041436108112,usfs-2022,2022,partial
8929ac4dcafffff,0.0,0.0,0.0,0.0,101198.16,0.875794078174668,usfs-2022,2022,partial
8929ac4dcb3ffff,0.0,0.0,0.0,0.0,,,chm-legacy,2009-2020,coverage-unknown
8929ac4dcb7ffff,0.0,0.0,0.0,0.0,,,chm-legacy,2009-2020,coverage-unknown
8929ac4dcbbffff,0.0,0.0,0.0,37.0,37.08,0.000320876323823053,usfs-2022,2022,partial
8929ac4dcc3ffff,9.38042181528216,1.8091819145066659,10841.4,22352.0,115574.76,1.0,usfs-2022,2022,full
8929ac4dcc7ffff,9.162866327751196,1.4752941176470589,10589.4,15074.0,115568.64,0.9999964608332911,usfs-2022,2022,full
8929ac4dccbffff,6.885670764946469,1.8364815874833047,7957.8,14817.0,115570.44,0.9999619716841508,usfs-2022,2022,full
8929ac4dccfffff,9.602098220126217,1.8235923862749723,11097.36,19478.0,115572.24,1.0,usfs-2022,2022,full
8929ac4dcd3ffff,10.634745609608713,3.6668216111846106,12291.12,19398.0,115575.12,0.9999801894500483,usfs-2022,2022,full
8929ac4dcd7ffff,10.680667086139335,3.5053194760469837,12344.04,16946.0,115573.68,1.0,usfs-2022,2022,full
8929ac4dcdbffff,8.458679989907894,1.7404190791287566,9776.16,20528.0,115575.48,0.9999740408826886,usfs-2022,2022,full
8929ac4dd03ffff,0.0,0.0,0.0,0.0,,,chm-legacy,2009-2020,coverage-unknown
8929ac4dd07ffff,0.0,0.0,0.0,0.0,,,chm-legacy,2009-2020,coverage-unknown
8929ac4dd0bffff,13.216320529314466,3.60454213980623,2588.76,6662.0,19587.6,0.16954745830353926,usfs-2022,2022,partial
8929ac4dd0fffff,0.0,0.0,0.0,0.0,,,chm-legacy,2009-2020,coverage-unknown
8929ac4dd13ffff,0.0951568447302795,0.0,110.0,0.0,,,chm-legacy,2009-2020,coverage-unknown
8929ac4dd17ffff,0.0,0.0,0.0,0.0,,,chm-legacy,2009-2020,coverage-unknown
8929ac4dd1bffff,0.0,0.0,0.0,15483.0,,,chm-legacy,2009-2020,coverage-unknown
8929ac4dd23ffff,0.0,0.0,0.0,0.0,676.44,0.005855886107532409,usfs-2022,2022,partial
8929ac4dd27ffff,0.030937792399867197,0.0,29.52,17177.0,95417.28,0.8260534357881593,usfs-2022,2022,partial
8929ac4dd2bffff,0.0,0.0,0.0,0.0,9547.92,0.08265479870194117,usfs-2022,2022,partial
8929ac4dd2fffff,0.029990640283691684,0.0,32.76,13435.0,109234.08,0.9456604439353259,usfs-2022,2022,partial
8929ac4dd33ffff,0.0,0.0,0.0,0.0,,,chm-legacy,2009-2020,coverage-unknown
8929ac4dd37ffff,0.0,0.0,0.0,0.0,,,chm-legacy,2009-2020,coverage-unknown
8929ac4dd3bffff,0.0,0.0,0.0,0.0,,,chm-legacy,2009-2020,coverage-unknown
8929ac4dd43ffff,16.80854511236025,16.40822570099799,19419.84,24394.0,115535.52,1.0,usfs-2022,2022,full
8929ac4dd47ffff,11.793936559894007,11.89234907517817,13619.52,22876.0,115479.0,0.9995603908435365,usfs-2022,2022,full
8929ac4dd4bffff,14.204965053922592,17.03568029592918,16411.32,16633.0,115532.28,0.9999714253721723,usfs-2022,2022,full
8929ac4dd4fffff,13.376979094282945,11.186032118310042,15454.44,9815.0,115530.12,0.9999935975481943,usfs-2022,2022,full
8929ac4dd53ffff,27.294803302574067,25.281194155366343,1416.24,2559.0,5188.68,0.04490879908288127,usfs-2022,2022,partial
8929ac4dd57ffff,13.711221754117197,11.996531343419822,8248.32,13883.0,60157.44,0.5206928932757791,usfs-2022,2022,partial
8929ac4dd5bffff,12.60039462088208,8.107335084115553,12713.4,25446.0,100896.84,0.8732690935565859,usfs-2022,2022,partial
8929ac4dd63ffff,10.313561377971858,7.756337495270525,1224.36,3511.0,11871.36,0.10276328534242077,usfs-2022,2022,partial
8929ac4dd67ffff,0.5622750513616633,0.0,131.04,2319.0,23305.32,0.20174851022155801,usfs-2022,2022,partial
8929ac4dd6bffff,14.386074491878576,7.131765329697383,16417.44,17654.0,114120.36,0.9878627497567888,usfs-2022,2022,partial
8929ac4dd6fffff,5.412402999294541,6.806489908982984,2679.12,5087.0,49499.64,0.42850241669102274,usfs-2022,2022,partial
8929ac4dd73ffff,12.524910784631786,6.5979381443298974,1945.8,4729.0,15535.44,0.1344767909628521,usfs-2022,2022,partial
8929ac4dd77ffff,0.0,0.0,0.0,0.0,,,chm-legacy,2009-2020,coverage-unknown
8929ac4dd7bffff,10.764921285718756,10.195777061076395,12382.2,25662.0,115023.6,0.9956500136408994,usfs-2022,2022,full
8929ac4dd83ffff,0.0,0.0,0.0,0.0,,,chm-legacy,2009-2020,coverage-unknown
8929ac4dd87ffff,0.0,0.0,0.0,0.0,,,chm-legacy,2009-2020,coverage-unknown
8929ac4dd8bffff,0.0886059333158309,0.0,102.0,0.0,,,chm-legacy,2009-2020,coverage-unknown
8929ac4dd8fffff,0.0,0.0,0.0,0.0,,,chm-legacy,2009-2020,coverage-unknown
8929ac4dd93ffff,0.0,0.0,0.0,0.0,,,chm-legacy,2009-2020,coverage-unknown
8929ac4dd97ffff,0.0,0.0,0.0,0.0,,,chm-legacy,2009-2020,coverage-unknown
8929ac4dd9bffff,0.0,0.0,0.0,0.0,,,chm-legacy,2009-2020,coverage-unknown
8929ac4dda3ffff,0.0,0.0,0.0,0.0,,,chm-legacy,2009-2020,coverage-unknown
8929ac4dda7ffff,0.0,0.0,0.0,0.0,,,chm-legacy,2009-2020,coverage-unknown
8929ac4ddabffff,0.0,0.0,0.0,0.0,,,chm-legacy,2009-2020,coverage-unknown
8929ac4ddafffff,0.0,0.0,0.0,0.0,,,chm-legacy,2009-2020,coverage-unknown
8929ac4ddb3ffff,0.0,0.0,0.0,0.0,,,chm-legacy,2009-2020,coverage-unknown
8929ac4ddb7ffff,0.0,0.0,0.0,0.0,,,chm-legacy,2009-2020,coverage-unknown
8929ac4ddbbffff,0.0,0.0,0.0,0.0,,,chm-legacy,2009-2020,coverage-unknown
8929ac4ddc3ffff,0.0,0.0,0.0,24060.0,,,chm-legacy,2009-2020,coverage-unknown
8929ac4ddc7ffff,0.0,0.0,0.0,14746.0,,,chm-legacy,2009-2020,coverage-unknown
8929ac4ddcbffff,0.1903074449584932,0.0380589914367269,220.0,30257.0,,,chm-legacy,2009-2020,coverage-unknown
8929ac4ddcfffff,0.0,0.0,0.0,30090.0,,,chm-legacy,2009-2020,coverage-unknown
8929ac4ddd3ffff,0.0,0.0,0.0,0.0,,,chm-legacy,2009-2020,coverage-unknown
8929ac4ddd7ffff,0.072192688849511,0.0,83.0,1803.0,,,chm-legacy,2009-2020,coverage-unknown
8929ac4dddbffff,0.0,0.0,0.0,0.0,49.32,0.0004268449993469408,usfs-2022,2022,partial
8929ac4de03ffff,13.750447798389484,0.7396526397649702,15890.76,20677.0,115565.4,0.9999761664289034,usfs-2022,2022,full
8929ac4de07ffff,13.760996336631196,0.4571577847439916,15903.0,13718.0,115565.76,1.0,usfs-2022,2022,full
8929ac4de0bffff,10.157812431856554,0.5343725206515144,11738.88,15345.0,115565.04,0.9999638598673783,usfs-2022,2022,full
8929ac4de0fffff,15.637197334770406,1.938546271468947,18071.64,9743.0,115568.28,1.0,usfs-2022,2022,full
8929ac4de13ffff,14.370173782757536,1.0269351418607504,16607.88,20332.0,115571.88,1.0,usfs-2022,2022,full
8929ac4de17ffff,11.88665667726872,2.8324756517671075,13736.52,24675.0,115562.52,0.9999604476041501,usfs-2022,2022,full
8929ac4de1bffff,12.371079428466409,1.5489253650131496,14297.4,19541.0,115571.16,0.9999852211364302,usfs-2022,2022,full
8929ac4de23ffff,14.220869446019451,1.4119555399900463,16432.92,19255.0,115554.96,0.9999990289928667,usfs-2022,2022,full
8929ac4de27ffff,13.552584026020961,8.204493338772984,15660.0,23490.0,115549.92,0.9999962296615525,usfs-2022,2022,full
8929ac4de2bffff,15.432616070955701,1.948308771688477,17833.32,20527.0,115556.04,0.9999991788590767,usfs-2022,2022,full
8929ac4de2fffff,14.398227910411027,1.946062485815871,16637.4,18665.0,115551.72,1.0,usfs-2022,2022,full
8929ac4de33ffff,12.153961182591358,1.2429419298973536,14044.68,19708.0,115556.4,0.9999798841227876,usfs-2022,2022,full
8929ac4de37ffff,14.605043849401062,12.735276259866424,16876.8,20696.0,115554.6,1.0,usfs-2022,2022,full
8929ac4de3bffff,22.409281228192604,2.4511610762992997,25895.52,19055.0,115557.12,0.9999769133437196,usfs-2022,2022,full
8929ac4de43ffff,14.162012652274264,5.788617391701005,16368.12,22306.0,115577.64,1.0,usfs-2022,2022,full
8929ac4de47ffff,16.0665001152569,4.853185595567867,18567.72,12365.0,115567.92,0.9999795984614235,usfs-2022,2022,full
8929ac4de4bffff,12.162477846336897,1.8634978201319496,14057.28,18314.0,115579.08,1.0,usfs-2022,2022,full
8929ac4de4fffff,13.898822503270825,8.615082396595001,16062.48,15072.0,115567.2,0.9999641972548753,usfs-2022,2022,full
8929ac4de53ffff,11.150460670167634,5.8938190042555725,12887.64,22768.0,115579.44,1.0,usfs-2022,2022,full
8929ac4de57ffff,10.600892726428876,4.986093830051965,12251.88,18694.0,115574.04,1.0,usfs-2022,2022,full
8929ac4de5bffff,14.260573799341541,2.2013372019679576,16482.24,22327.0,115579.08,0.999994617229005,usfs-2022,2022,full
8929ac4de63ffff,15.693671690519063,3.4184366731030535,18135.72,14585.0,115560.72,0.9999896933802151,usfs-2022,2022,full
8929ac4de67ffff,20.21589457615502,3.3906003159557665,23360.76,17612.0,115556.4,0.9999931080969026,usfs-2022,2022,full
8929ac4de6bffff,11.85020887394979,18.060320753211524,13694.4,14788.0,115562.52,0.9999960982979549,usfs-2022,2022,full
8929ac4de6fffff,17.251509355198476,6.905095978744365,19935.72,22452.0,115559.28,1.0,usfs-2022,2022,full
8929ac4de73ffff,13.992231037844876,1.0390233865989986,16170.48,10389.0,115567.56,1.0,usfs-2022,2022,full
8929ac4de77ffff,19.683739302992826,4.362130951083996,22746.6,15801.0,115560.36,0.9999957593635671,usfs-2022,2022,full
8929ac4de7bffff,16.90673029598849,3.1264297697117582,19539.0,6860.0,115569.36,1.0,usfs-2022,2022,full
8929ac4de83ffff,8.639706454938777,0.8540768159744626,9985.32,21021.0,115574.76,1.0,usfs-2022,2022,full
8929ac4de87ffff,10.43214433676918,5.297035053378646,12056.4,28390.0,115569.72,1.0,usfs-2022,2022,full
8929ac4de8bffff,10.768861783046667,2.5455126157777066,12446.28,21969.0,115576.56,1.0,usfs-2022,2022,full
8929ac4de8fffff,13.142574127893395,2.4582659382915737,15189.12,23012.0,115571.88,1.0,usfs-2022,2022,full
8929ac4de93ffff,13.006818316321286,2.9608989864968307,15032.88,22818.0,115576.92,0.9999903250673091,usfs-2022,2022,full
8929ac4de97ffff,11.068540599808122,2.3369992144540457,12792.24,25064.0,115572.96,0.9999968486551222,usfs-2022,2022,full
8929ac4de9bffff,13.308684736766693,0.8886967382427823,15381.72,22283.0,115576.56,0.9999779926981248,usfs-2022,2022,full
8929ac4dea3ffff,7.923077641986423,2.187735903838337,9155.88,24256.0,115559.64,0.9999855417322402,usfs-2022,2022,full
8929ac4dea7ffff,13.629538246820813,2.382458359687961,15750.0,16668.0,115557.84,1.0,usfs-2022,2022,full
8929ac4deabffff,13.819742756659261,8.556382530543463,15971.04,23442.0,115566.84,1.0,usfs-2022,2022,full
8929ac4deafffff,12.920149414150728,10.077711748187815,14929.92,24786.0,115555.32,0.999979749702891,usfs-2022,2022,full
8929ac4deb3ffff,10.66010404660291,1.0294517444494788,12319.2,19659.0,115563.6,0.9999882267486753,usfs-2022,2022,full
8929ac4deb7ffff,11.328008174658558,1.1782304382352398,13090.32,19264.0,115557.12,0.9999729619335194,usfs-2022,2022,full
8929ac4debbffff,11.76831585702448,3.4387405886379194,13599.72,25394.0,115562.16,0.9999665442654405,usfs-2022,2022,full
8929ac4dec3ffff,9.36211300068523,3.6285840451936107,10820.88,22784.0,115581.6,1.0,usfs-2022,2022,full
8929ac4dec7ffff,10.445329753335223,2.3259211641293867,12072.24,12034.0,115575.48,0.9999910154366749,usfs-2022,2022,full
8929ac4decbffff,10.744231535931426,4.129297752367789,12418.2,21974.0,115580.16,0.9999815479392893,usfs-2022,2022,full
8929ac4decfffff,10.396446681534457,3.5245235299430946,12016.08,19225.0,115578.72,1.0,usfs-2022,2022,full
8929ac4ded3ffff,8.333956246573978,1.6852030318026723,9632.88,27177.0,115585.92,1.0,usfs-2022,2022,full
8929ac4ded7ffff,6.643554857840572,2.364041604754829,7678.44,23655.0,115577.28,0.9999750147915055,usfs-2022,2022,full
8929ac4dedbffff,8.86518306261972,2.3568080377985696,10246.68,18823.0,115583.4,0.999978004016426,usfs-2022,2022,full
8929ac4f20fffff,5.407091267235719,0.4720692368214004,6255.0,7286.0,,,chm-legacy,2009-2020,coverage-unknown
8929ac4f223ffff,0.0,0.0,0.0,0.0,,,chm-legacy,2009-2020,coverage-unknown
8929ac4f227ffff,0.0,0.0,0.0,0.0,,,chm-legacy,2009-2020,coverage-unknown
8929ac4f22bffff,0.072225869993434,0.0,84.0,0.0,,,chm-legacy,2009-2020,coverage-unknown
8929ac4f22fffff,0.0,0.0,0.0,0.0,,,chm-legacy,2009-2020,coverage-unknown
8929ac4f23bffff,0.0,0.0,0.0,0.0,,,chm-legacy,2009-2020,coverage-unknown
8929ac4f247ffff,0.1477298841141131,0.0,171.0,4637.0,,,chm-legacy,2009-2020,coverage-unknown
8929ac4f24fffff,0.7452641255458157,0.0,862.0,10126.0,,,chm-legacy,2009-2020,coverage-unknown
8929ac4f263ffff,29.11728982700325,0.0,33681.0,0.0,,,chm-legacy,2009-2020,coverage-unknown
8929ac4f267ffff,1.1194642329536129,0.0,1295.0,6186.0,,,chm-legacy,2009-2020,coverage-unknown
8929ac4f26bffff,0.0,0.0,0.0,0.0,,,chm-legacy,2009-2020,coverage-unknown
8929ac4f26fffff,0.0,0.0,0.0,1420.0,25395.84,0.21955857289790842,usfs-2022,2022,partial
8929ac4f277ffff,15.198266806722687,0.0,17580.0,6463.0,,,chm-legacy,2009-2020,coverage-unknown
8929ac4f27bffff,0.042670517954441,0.0,49.0,0.0,,,chm-legacy,2009-2020,coverage-unknown
8929ac4f327ffff,5.456515315670245,2.5547445255474455,6309.0,9228.0,,,chm-legacy,2009-2020,coverage-unknown
8929ac4f34fffff,0.0,0.0,0.0,0.0,,,chm-legacy,2009-2020,coverage-unknown
8929ac4f363ffff,0.0,0.0,0.0,0.0,,,chm-legacy,2009-2020,coverage-unknown
8929ac4f367ffff,2.6326155462184873,0.0,3044.0,0.0,,,chm-legacy,2009-2020,coverage-unknown
8929ac4f36bffff,0.7778653012997243,0.0,900.0,6405.0,,,chm-legacy,2009-2020,coverage-unknown
8929ac4f36fffff,2.533972296986805,0.0,2930.0,6440.0,,,chm-legacy,2009-2020,coverage-unknown
8929ac4f37bffff,0.1247251124167131,0.0,144.0,6497.0,,,chm-legacy,2009-2020,coverage-unknown
8929ac7b0c3ffff,1.7903485430833417,0.0,2067.0,0.0,,,chm-legacy,2009-2020,coverage-unknown
8929ac7b0cbffff,0.0229885057471264,0.0,27.0,0.0,,,chm-legacy,2009-2020,coverage-unknown
8929ac7b0cfffff,1.0446780551905388,0.0,1206.0,0.0,,,chm-legacy,2009-2020,coverage-unknown
8929ac7b0dbffff,0.1707941929974381,0.0,197.0,0.0,,,chm-legacy,2009-2020,coverage-unknown
8929ac7b29bffff,0.0,0.0,0.0,0.0,,,chm-legacy,2009-2020,coverage-unknown
8929ac7b2c3ffff,3.559817411579259,0.0,4110.0,0.0,,,chm-legacy,2009-2020,coverage-unknown
8929ac7b2c7ffff,0.3579756313836251,0.0,413.0,0.0,,,chm-legacy,2009-2020,coverage-unknown
8929ac7b2d3ffff,3.740066986274381,0.0,4318.0,0.0,,,chm-legacy,2009-2020,coverage-unknown
8929ac7b2d7ffff,0.6140610120513579,0.0,709.0,0.0,,,chm-legacy,2009-2020,coverage-unknown
8929ac7b2dbffff,3.881136102446233,0.0,4481.0,0.0,,,chm-legacy,2009-2020,coverage-unknown
8929ac7b623ffff,2.9888002102013336,0.0,3451.0,0.0,,,chm-legacy,2009-2020,coverage-unknown
8929ac7b62bffff,3.347019214977829,0.0,3864.0,0.0,,,chm-legacy,2009-2020,coverage-unknown
8929ac7b62fffff,0.0,0.0,0.0,0.0,,,chm-legacy,2009-2020,coverage-unknown
8929ac7b633ffff,1.2056108537827273,0.0,1392.0,0.0,,,chm-legacy,2009-2020,coverage-unknown
8929ac7b637ffff,2.3126704116159127,0.0,2670.0,0.0,,,chm-legacy,2009-2020,coverage-unknown
8929ac7b63bffff,1.0576449334866151,0.0,1221.0,0.0,,,chm-legacy,2009-2020,coverage-unknown
8929ac7b663ffff,6.383607526352083,0.0,7371.0,0.0,,,chm-legacy,2009-2020,coverage-unknown
8929ac7b667ffff,1.2906827810437125,0.0,1490.0,0.0,,,chm-legacy,2009-2020,coverage-unknown
8929ac7b66bffff,0.0098512461826421,0.0,11.0,0.0,,,chm-legacy,2009-2020,coverage-unknown
8929ac7b66fffff,0.955570879716284,0.0,1103.0,0.0,,,chm-legacy,2009-2020,coverage-unknown
8929ac7b677ffff,2.0920914345769837,0.0,2416.0,0.0,,,chm-legacy,2009-2020,coverage-unknown
8929ac7b67bffff,5.5668681029952705,0.0,6428.0,0.0,,,chm-legacy,2009-2020,coverage-unknown
8929ac7b6afffff,0.0,0.0,0.0,0.0,,,chm-legacy,2009-2020,coverage-unknown
8929aeb0003ffff,5.649615492387683,1.3886292626912704,6532.56,13294.0,115628.4,0.9999832730962422,usfs-2022,2022,full
8929aeb0007ffff,7.74324917570357,4.371946067085491,8953.2,18741.0,115625.88,1.0,usfs-2022,2022,full
8929aeb000bffff,4.685938448605987,1.4925373134328357,5418.36,10787.0,115630.2,0.9999899663509544,usfs-2022,2022,full
8929aeb000fffff,1.164452442703647,0.023422860712054967,1346.4,13829.0,115625.16,0.9999869679435277,usfs-2022,2022,full
8929aeb0013ffff,4.696450809464507,1.0151710416242736,5430.6,15761.0,115632.0,0.9999827002013693,usfs-2022,2022,full
8929aeb0017ffff,6.420498770198326,1.6989151976635026,7423.92,27141.0,115628.4,0.9999921567555187,usfs-2022,2022,full
8929aeb001bffff,6.716685086312905,1.1674857946759725,7767.0,19474.0,115637.4,1.0,usfs-2022,2022,full
8929aeb0023ffff,6.935064530692945,1.4355440712029859,8018.28,25953.0,115619.4,1.0,usfs-2022,2022,full
8929aeb0027ffff,5.393101687368247,0.548341989612465,6235.2,35846.0,115614.36,1.0,usfs-2022,2022,full
8929aeb002bffff,0.2870950465206073,0.0,331.92,13461.0,115613.28,0.999956546355266,usfs-2022,2022,full
8929aeb002fffff,3.1462423515857325,3.3047027290448345,3637.44,11429.0,115612.2,0.9999878160769975,usfs-2022,2022,full
8929aeb0033ffff,6.455891693963209,0.2916526449048924,7464.24,22400.0,115619.04,0.9999835191843022,usfs-2022,2022,full
8929aeb0037ffff,8.351704467610755,0.6098966367037214,9655.92,20181.0,115616.16,0.9999992221588248,usfs-2022,2022,full
8929aeb003bffff,7.968514528402934,0.6307357532561733,9213.12,22686.0,115619.04,0.9999746359533594,usfs-2022,2022,full
8929aeb0063ffff,4.70332558059886,0.4063423505342123,5438.16,12618.0,115623.72,0.999997376211966,usfs-2022,2022,full
8929aeb0067ffff,7.417348038086223,3.0949992835649804,8575.92,21912.0,115619.76,1.0,usfs-2022,2022,full
8929aeb006fffff,7.08285331755768,0.6793313069908814,8189.28,23527.0,115621.2,1.0,usfs-2022,2022,full
8929aeb0073ffff,2.227349006348287,0.1067489028584984,2575.44,9096.0,115628.04,1.0,usfs-2022,2022,full
8929aeb0077ffff,1.8534662590057975,0.05140331037318803,2143.08,14000.0,115625.52,1.0,usfs-2022,2022,full
8929aeb0083ffff,2.631562562263399,0.9258878235463561,3043.08,8667.0,115637.76,1.0,usfs-2022,2022,full
8929aeb0087ffff,5.779337227113663,1.1061376956269724,6682.68,22112.0,115630.56,0.9999880349708746,usfs-2022,2022,full
8929aeb008bffff,1.6586917877945437,3.816143203724346,1918.08,5281.0,115638.12,1.0,usfs-2022,2022,full
8929aeb008fffff,5.8764741777606195,1.6307862884597617,6795.0,22996.0,115630.56,0.9999791359336493,usfs-2022,2022,full
8929aeb0093ffff,1.193544771937689,0.0,1380.24,8191.0,115642.08,1.0,usfs-2022,2022,full
8929aeb0097ffff,6.565711599351181,1.5419128566463396,7592.04,22436.0,115631.64,0.9999656888937843,usfs-2022,2022,full
8929aeb009bffff,0.0,0.0,0.0,0.0,115638.48,0.999975353763906,usfs-2022,2022,full
8929aeb00a3ffff,10.929618512660198,0.985603305429426,12636.72,16564.0,115619.04,0.9999607035811507,usfs-2022,2022,full
8929aeb00a7ffff,10.272473370717597,0.39115390401684974,11877.12,16685.0,115620.84,1.0,usfs-2022,2022,full
8929aeb00abffff,10.773474642497984,4.531964881909237,12457.08,22235.0,115627.32,1.0,usfs-2022,2022,full
8929aeb00afffff,8.14253642344926,2.4849760377310646,9414.0,13845.0,115615.08,0.9999581624796012,usfs-2022,2022,full
8929aeb00b3ffff,9.716397510500048,1.93365233538066,11234.88,19773.0,115628.04,1.0,usfs-2022,2022,full
8929aeb00b7ffff,16.237346925431318,0.5423299056205099,18773.64,5084.0,115620.12,0.9999789529594909,usfs-2022,2022,full
8929aeb00bbffff,6.283858674670287,1.3075272858238987,7265.88,22689.0,115627.68,0.999994823808202,usfs-2022,2022,full
8929aeb00c3ffff,3.1017887272206552,1.358313817330211,3587.04,10614.0,115644.24,1.0,usfs-2022,2022,full
8929aeb00c7ffff,8.608226240286909,2.1656385352408454,9954.36,16101.0,115637.76,0.9999919307165099,usfs-2022,2022,full
8929aeb00d3ffff,0.30351422781310994,0.0,351.0,5104.0,115645.32,0.9999850442465705,usfs-2022,2022,full
8929aeb00d7ffff,0.13105874295675995,0.0,151.56,5098.0,115642.8,1.0,usfs-2022,2022,full
8929aeb0103ffff,1.8816568047337279,0.6326034063260341,2175.12,17643.0,115596.0,0.9999873790995949,usfs-2022,2022,full
8929aeb0107ffff,9.816025439380585,1.7762175473527024,11346.12,13497.0,115587.72,0.999956406891095,usfs-2022,2022,full
8929aeb010bffff,0.9931145304894569,0.07077911471661132,1148.04,13215.0,115599.96,1.0,usfs-2022,2022,full
8929aeb010fffff,2.0711155682487083,0.4160887656033287,2394.0,10339.0,115589.88,0.9999661807306747,usfs-2022,2022,full
8929aeb0113ffff,6.361762159536104,4.048734770384255,7354.08,23957.0,115598.16,0.9999743288622749,usfs-2022,2022,full
8929aeb0117ffff,9.247471224276246,2.2234914936151116,10689.84,17256.0,115597.44,1.0,usfs-2022,2022,full
8929aeb011bffff,2.8952244522990207,0.288401034747955,3346.92,20537.0,115601.4,0.9999934432044747,usfs-2022,2022,full
8929aeb0123ffff,5.0961167104787775,1.0017000566685557,5890.32,21383.0,115584.48,1.0,usfs-2022,2022,full
8929aeb0127ffff,4.560788185932638,0.6626101239360908,5271.12,19160.0,115574.76,0.9999573798756692,usfs-2022,2022,full
8929aeb012bffff,9.678012134501103,2.361255862428348,11186.28,21585.0,115584.48,0.9999918838938915,usfs-2022,2022,full
8929aeb012fffff,6.347490780424598,1.4933937334843337,7336.44,23485.0,115580.16,0.9999951836706397,usfs-2022,2022,full
8929aeb0133ffff,4.534214493042493,1.1232671317297551,5241.24,28013.0,115593.12,1.0,usfs-2022,2022,full
8929aeb0137ffff,5.3547123150285145,1.4144783422754377,6189.12,22557.0,115582.68,0.9999941455525209,usfs-2022,2022,full
8929aeb013bffff,5.219736583937787,0.37129548369675286,6033.6,10626.0,115592.04,1.0,usfs-2022,2022,full
8929aeb0143ffff,4.0206529084414715,2.1476979859365555,4647.96,22143.0,115602.12,0.9999818758786231,usfs-2022,2022,full
8929aeb0147ffff,5.708760117470095,3.7738706404373574,6599.16,22875.0,115597.08,0.9999789165674399,usfs-2022,2022,full
8929aeb014bffff,6.328747329675326,1.674229869747704,7316.28,22855.0,115603.92,0.9999885636445094,usfs-2022,2022,full
8929aeb014fffff,13.297852462692145,3.87448985000265,15372.36,19587.0,115600.32,0.9999980568166583,usfs-2022,2022,full
8929aeb0153ffff,1.904302197032216,0.5614080371690838,2201.4,22190.0,115601.4,0.9999439066098537,usfs-2022,2022,full
8929aeb0157ffff,2.2097107695373808,1.1543169193107994,2554.56,18897.0,115606.08,1.0,usfs-2022,2022,full
8929aeb015bffff,3.054704431656827,1.3689584232849923,3531.6,27960.0,115611.84,1.0,usfs-2022,2022,full
8929aeb0163ffff,9.896229118134366,6.039583758416649,11439.36,18236.0,115593.12,1.0,usfs-2022,2022,full
8929aeb0167ffff,0.8724035793152208,0.0,1008.36,4396.0,115584.12,0.9999798672563232,usfs-2022,2022,full
8929aeb016bffff,18.269161893906126,9.057511854077376,21117.96,22992.0,115593.48,1.0,usfs-2022,2022,full
8929aeb016fffff,6.294928177208567,3.3342202754978816,7275.96,17002.0,115584.48,0.9999740899657227,usfs-2022,2022,full
8929aeb0173ffff,5.998847693050343,0.8717595778848359,6934.32,23333.0,115594.2,0.999994650421424,usfs-2022,2022,full
8929aeb0177ffff,4.711407598421641,0.11190931735316413,5446.08,9961.0,115593.48,1.0,usfs-2022,2022,full
8929aeb017bffff,15.262798932423133,5.318035138042309,17643.24,23766.0,115596.36,1.0,usfs-2022,2022,full
8929aeb0183ffff,3.9534000174391806,1.5956061646267845,4570.2,14964.0,115601.76,0.9999826724489577,usfs-2022,2022,full
8929aeb0187ffff,5.4321795051462916,2.4295398413004254,6279.48,20053.0,115597.8,0.999989070965866,usfs-2022,2022,full
8929aeb018bffff,0.516916561570679,0.2830522467272084,597.6,3044.0,115608.6,1.0,usfs-2022,2022,full
8929aeb018fffff,4.8621059056540314,2.8023388476896747,5620.68,14721.0,115601.76,1.0,usfs-2022,2022,full
8929aeb0193ffff,12.469637896887184,2.299053425316862,14415.48,21923.0,115604.64,0.9999758734897027,usfs-2022,2022,full
8929aeb0197ffff,9.928779852826228,1.0491962841561342,11477.88,24887.0,115602.12,0.9999947250794554,usfs-2022,2022,full
8929aeb019bffff,7.548997016895953,2.0641151455675497,8727.48,10778.0,115611.12,1.0,usfs-2022,2022,full
8929aeb01a3ffff,3.4946044005668107,1.3026855542514497,4039.56,30576.0,115594.2,1.0,usfs-2022,2022,full
8929aeb01a7ffff,3.979817485283583,5.381638420860865,4600.08,34590.0,115585.2,0.9999931370720677,usfs-2022,2022,full
8929aeb01abffff,2.575234275001012,1.1255631346297787,2976.84,25204.0,115594.92,1.0,usfs-2022,2022,full
8929aeb01afffff,3.20270842677032,0.4709779261444505,3701.88,27692.0,115585.92,0.9999904283675032,usfs-2022,2022,full
8929aeb01b3ffff,7.487029043730653,4.965174311255736,8654.76,18715.0,115596.72,1.0,usfs-2022,2022,full
8929aeb01b7ffff,6.9181919827084135,4.023408924652524,7996.68,28339.0,115589.16,0.9999956629530258,usfs-2022,2022,full
8929aeb01bbffff,5.017363003566034,3.246858234732123,5799.6,23697.0,115590.6,0.9999585104532274,usfs-2022,2022,full
8929aeb01c3ffff,2.4499607657528615,0.07001452801456302,2832.48,20553.0,115613.28,1.0,usfs-2022,2022,full
8929aeb01c7ffff,2.561347782760339,1.3179978280185605,2961.0,21590.0,115603.2,0.999977282171885,usfs-2022,2022,full
8929aeb01cbffff,4.258022327058714,0.6622820083873776,4922.64,31211.0,115608.6,0.999974453473194,usfs-2022,2022,full
8929aeb01cfffff,4.94992775646455,0.43875685557586835,5722.56,22546.0,115608.96,1.0,usfs-2022,2022,full
8929aeb01d3ffff,6.600280863015448,0.7991636247652124,7630.92,20154.0,115615.08,1.0,usfs-2022,2022,full
8929aeb01d7ffff,5.654930586264239,3.1099605031697037,6537.24,10509.0,115602.48,0.9999393331409068,usfs-2022,2022,full
8929aeb01dbffff,5.101074893818426,0.26238721581771707,5897.52,21210.0,115613.28,0.9999832104154884,usfs-2022,2022,full
8929aeb0223ffff,10.911638333644685,4.043138390272148,12616.56,23863.0,115624.8,1.0,usfs-2022,2022,full
8929aeb0227ffff,13.955363759208403,4.002248922391354,16135.56,16596.0,115622.64,1.0,usfs-2022,2022,full
8929aeb022bffff,10.07254499034809,2.743939953242279,11646.36,19918.0,115624.8,0.9999943200760139,usfs-2022,2022,full
8929aeb022fffff,7.728809759560596,2.634150881928608,8935.92,7532.0,115618.32,0.999978853297601,usfs-2022,2022,full
8929aeb0237ffff,8.957277944010785,4.713746256347932,10356.48,23709.0,115620.84,0.9999776953986876,usfs-2022,2022,full
8929aeb0267ffff,9.29452752117912,3.435593078659199,10747.08,20794.0,115628.04,1.0,usfs-2022,2022,full
8929aeb026fffff,9.07101068881022,9.71138240067744,10488.24,23031.0,115623.72,0.9999673961974749,usfs-2022,2022,full
8929aeb02afffff,8.07356530835907,6.7232821820499975,9335.16,14749.0,115626.24,0.9999926423864113,usfs-2022,2022,full
8929aeb0307ffff,9.331917424707191,1.2951023639859744,10787.76,25132.0,115600.68,1.0,usfs-2022,2022,full
8929aeb030bffff,15.821842731337894,4.586014093137255,18291.24,17938.0,115607.52,1.0,usfs-2022,2022,full
8929aeb0317ffff,14.844479876430947,3.32409972299169,17160.48,16961.0,115601.76,0.9999839118336605,usfs-2022,2022,full
8929aeb032bffff,5.492886685270082,1.1056702638637639,6349.32,22829.0,115591.68,0.9999920717647232,usfs-2022,2022,full
8929aeb033bffff,8.76277262011168,1.7970818545434057,10129.32,25102.0,115594.92,0.9999883050559868,usfs-2022,2022,full
8929aeb0343ffff,7.283739179174193,1.5423617926071311,8420.76,21671.0,115610.4,0.9999915326511174,usfs-2022,2022,full
8929aeb0347ffff,10.156011584093669,2.6313642297650133,11741.04,8592.0,115606.8,1.0,usfs-2022,2022,full
8929aeb034bffff,6.600465834641158,1.5677491601343785,7630.92,15189.0,115611.84,0.9999951765528601,usfs-2022,2022,full
8929aeb034fffff,5.585207421201119,0.4844834359041508,6456.96,8208.0,115608.24,1.0,usfs-2022,2022,full
8929aeb0353ffff,16.021211734336415,3.4186022180372464,18522.36,13293.0,115611.48,0.9999690955413498,usfs-2022,2022,full
8929aeb0357ffff,10.461332461425881,4.714010282776349,12094.2,21350.0,115608.6,0.9999847848535252,usfs-2022,2022,full
8929aeb035bffff,9.06755675396289,0.7381446528566393,10483.92,18251.0,115620.12,1.0,usfs-2022,2022,full
8929aeb0363ffff,7.883549933198172,2.232170233641994,9113.04,28697.0,115595.64,0.9999768711700939,usfs-2022,2022,full
8929aeb0367ffff,8.679552023121387,2.3765855165357066,10032.84,18204.0,115591.68,0.999983240687891,usfs-2022,2022,full
8929aeb036bffff,10.396663998779209,3.2132193804205302,12018.24,22056.0,115597.08,0.999980512080317,usfs-2022,2022,full
8929aeb036fffff,8.536646132956294,2.1476404317340267,9867.96,22357.0,115595.28,1.0,usfs-2022,2022,full
8929aeb0373ffff,7.897539707256307,3.686524796378411,9129.24,18688.0,115596.0,0.9999481894349437,usfs-2022,2022,full
8929aeb0377ffff,7.772151425688553,2.3577777416681562,8984.52,21632.0,115598.88,1.0,usfs-2022,2022,full
8929aeb037bffff,3.8281281627289236,1.161031251818658,4425.48,12228.0,115604.28,1.0,usfs-2022,2022,full
8929aeb0383ffff,8.523822423998979,1.0438287153652392,9854.64,17679.0,115612.92,1.0,usfs-2022,2022,full
8929aeb0387ffff,8.932069067526118,4.994411583719499,10326.24,27235.0,115608.6,1.0,usfs-2022,2022,full
8929aeb038bffff,8.278269425986013,1.3054484443528684,9570.6,24141.0,115611.12,0.9999924927656481,usfs-2022,2022,full
8929aeb038fffff,9.710077229696063,1.136467575230952,11225.16,15565.0,115603.2,0.9999646011624034,usfs-2022,2022,full
8929aeb0393ffff,9.99738443239069,2.8672875600580503,11558.52,24818.0,115615.44,1.0,usfs-2022,2022,full
8929aeb0397ffff,9.209469180321744,4.305063235744607,10646.64,31489.0,115605.36,0.9999603951830475,usfs-2022,2022,full
8929aeb039bffff,8.858110801115982,1.961959436015519,10241.28,22378.0,115614.72,0.9999918771794942,usfs-2022,2022,full
8929aeb03a3ffff,12.922102391459386,3.2230493092355745,14937.48,22419.0,115596.36,0.9999866895626078,usfs-2022,2022,full
8929aeb03a7ffff,16.87543211645188,4.910359175182035,19506.96,22378.0,115593.84,1.0,usfs-2022,2022,full
8929aeb03abffff,12.420161001510362,2.3069662758195086,14357.88,19376.0,115601.4,1.0,usfs-2022,2022,full
8929aeb03afffff,8.960955237267708,0.9029217985073574,10358.28,25287.0,115593.48,0.9999935509519136,usfs-2022,2022,full
8929aeb03b3ffff,12.777791618914744,5.865663113510531,14770.8,17199.0,115597.44,0.9999642663199212,usfs-2022,2022,full
8929aeb03b7ffff,13.848204470216722,4.541004699037816,16008.12,24573.0,115597.08,1.0,usfs-2022,2022,full
8929aeb03bbffff,12.370925351568825,1.5248820120676265,14301.72,23737.0,115607.52,1.0,usfs-2022,2022,full
8929aeb03c3ffff,7.954552531121366,1.7981272813839073,9196.92,22276.0,115618.32,1.0,usfs-2022,2022,full
8929aeb03cbffff,8.562042659193523,4.400370070544698,9898.92,5952.0,115614.0,0.9999591230513512,usfs-2022,2022,full
8929aeb03cfffff,9.870623219317775,2.3947268588770867,11412.0,22230.0,115615.8,1.0,usfs-2022,2022,full
8929aeb03d7ffff,8.313119833102396,0.5113854046940849,9611.28,21501.0,115615.8,0.999992365914044,usfs-2022,2022,full
8929aeb03dbffff,6.658861772416756,3.6484245439469323,7698.96,10040.0,115619.76,0.999977181895797,usfs-2022,2022,full
8929aeb0403ffff,0.8015399665499069,0.7110208227526663,91.44,704.0,11408.04,0.09863770316108211,usfs-2022,2022,partial
8929aeb0407ffff,1.6710826375702672,0.17538429794697205,1923.12,3483.0,115082.28,0.9950799836388389,usfs-2022,2022,full
8929aeb040bffff,8.807981131563967,3.0099876864140103,1169.64,2552.0,13279.32,0.11481638853702782,usfs-2022,2022,partial
8929aeb040fffff,0.06381155536108224,0.0,50.4,982.0,78982.56,0.6829310630951784,usfs-2022,2022,partial
8929aeb0413ffff,0.18120522545301307,0.0,15.48,509.0,8542.8,0.07386154935496803,usfs-2022,2022,partial
8929aeb0417ffff,4.89398880905369,1.2753867199831632,5585.76,16887.0,114135.12,0.9868589622425579,usfs-2022,2022,partial
8929aeb041bffff,0.0,0.0,0.0,0.0,,,chm-legacy,2009-2020,coverage-unknown
8929aeb0423ffff,6.898462477158182,0.8770208462269989,7977.6,23640.0,115643.16,1.0,usfs-2022,2022,full
8929aeb0427ffff,8.068914846454634,1.2782615642725892,9330.48,8897.0,115634.88,0.999970951031699,usfs-2022,2022,full
8929aeb042bffff,5.168259502537123,1.349002974875556,5976.72,12057.0,115642.8,0.9999899372151426,usfs-2022,2022,full
8929aeb042fffff,1.9535080646416598,0.023591582523355664,2259.0,15256.0,115638.12,0.9999900496221621,usfs-2022,2022,full
8929aeb0433ffff,8.12795537251313,0.7594122063713397,9399.6,16654.0,115645.32,0.9999889849760525,usfs-2022,2022,full
8929aeb0437ffff,9.740463908700079,2.2778813687446458,11264.04,20942.0,115641.72,0.9999984381146948,usfs-2022,2022,full
8929aeb043bffff,6.161436931888931,0.0,7125.48,1081.0,115646.4,0.9999894035905911,usfs-2022,2022,full
8929aeb0443ffff,5.829864287181019,3.1255992329817834,1124.28,3637.0,19284.84,0.16673340197929587,usfs-2022,2022,partial
8929aeb0447ffff,1.7446708709021732,0.07704472649122095,1446.12,8871.0,82887.84,0.7166630324110971,usfs-2022,2022,partial
8929aeb044bffff,6.889248695300189,0.053166351606805294,6862.32,6091.0,99609.12,0.8611956271427192,usfs-2022,2022,partial
8929aeb044fffff,3.4705470391409228,0.40341130259386393,4014.0,10132.0,115659.0,0.9999994302579366,usfs-2022,2022,full
8929aeb0453ffff,0.0,0.0,0.0,5144.0,,,chm-legacy,2009-2020,coverage-unknown
8929aeb0457ffff,0.0,0.0,0.0,0.0,,,chm-legacy,2009-2020,coverage-unknown
8929aeb045bffff,1.0613555213417631,0.0,1228.0,1503.0,,,chm-legacy,2009-2020,coverage-unknown
8929aeb0463ffff,2.2964496396718914,0.20054887059320242,2655.72,6808.0,115644.6,0.9999560296569958,usfs-2022,2022,full
8929aeb0467ffff,1.6022538017339332,0.0,1852.92,5395.0,115644.6,0.9999965974083171,usfs-2022,2022,full
8929aeb046bffff,1.1778804999143981,0.0,1362.24,8167.0,115651.8,1.0,usfs-2022,2022,full
8929aeb046fffff,0.03828924881474541,0.0,44.28,8200.0,115646.04,1.0,usfs-2022,2022,full
8929aeb0473ffff,0.47657735899567,0.5395008444361044,551.16,7632.0,115649.64,0.9999679455114889,usfs-2022,2022,full
8929aeb0477ffff,3.914097787074824,1.3827086004474947,4526.64,14122.0,115649.64,1.0,usfs-2022,2022,full
8929aeb047bffff,2.324220513028023,0.0,2688.12,6936.0,115656.84,1.0,usfs-2022,2022,full
8929aeb0483ffff,3.004390275866588,0.0,3475.0,0.0,,,chm-legacy,2009-2020,coverage-unknown
8929aeb0487ffff,12.90189271840648,0.8860884119326572,11239.2,3624.0,87112.8,0.7531958264653339,usfs-2022,2022,partial
8929aeb048bffff,1.3562653562653562,0.0,1569.0,0.0,,,chm-legacy,2009-2020,coverage-unknown
8929aeb048fffff,0.598343050015342,0.0,168.48,0.0,28157.76,0.24345581587884704,usfs-2022,2022,partial
8929aeb0493ffff,2.474030868040764,2.034174125305126,2862.0,6935.0,,,chm-legacy,2009-2020,coverage-unknown
8929aeb0497ffff,9.130494002673045,0.6770582571015888,7722.36,11883.0,84577.68,0.7312535160389586,usfs-2022,2022,partial
8929aeb049bffff,3.77129750982962,0.0,4362.0,0.0,,,chm-legacy,2009-2020,coverage-unknown
8929aeb04a3ffff,11.531134436517126,4.3631659414324355,13335.84,8783.0,115650.72,1.0,usfs-2022,2022,full
8929aeb04a7ffff,17.720273711606595,5.307145842039281,20491.2,10605.0,115637.04,0.9999352571479095,usfs-2022,2022,full
8929aeb04abffff,4.658438263630563,0.9560015653826801,5387.4,12756.0,115648.2,0.9999822397248423,usfs-2022,2022,full
8929aeb04afffff,2.860816157541006,0.8085008085008085,3308.4,4638.0,115645.32,0.9999979153085293,usfs-2022,2022,full
8929aeb04b3ffff,13.430930954300532,0.39726329728536747,15532.92,8123.0,115650.36,0.9999782186007442,usfs-2022,2022,full
8929aeb04b7ffff,15.038335943020616,3.7602734744345043,17391.24,9527.0,115646.04,0.9999814436874472,usfs-2022,2022,full
8929aeb04bbffff,8.47704208359946,3.0600995202765113,9460.44,11712.0,111600.72,0.9649541202825188,usfs-2022,2022,partial
8929aeb04c3ffff,0.0,0.0,0.0,0.0,,,chm-legacy,2009-2020,coverage-unknown
8929aeb04c7ffff,0.1998361998361998,0.0,231.0,0.0,,,chm-legacy,2009-2020,coverage-unknown
8929aeb04cbffff,0.0,0.0,0.0,5576.0,,,chm-legacy,2009-2020,coverage-unknown
8929aeb04cfffff,0.0,0.0,0.0,0.0,,,chm-legacy,2009-2020,coverage-unknown
8929aeb04d3ffff,0.0,0.0,0.0,0.0,,,chm-legacy,2009-2020,coverage-unknown
8929aeb04d7ffff,0.2555282555282555,0.0,296.0,0.0,,,chm-legacy,2009-2020,coverage-unknown
8929aeb04dbffff,0.0,0.0,0.0,5864.0,,,chm-legacy,2009-2020,coverage-unknown
8929aeb0503ffff,2.153892137266257,0.8390770152831885,2490.48,15486.0,115626.96,1.0,usfs-2022,2022,full
8929aeb0507ffff,6.619524467859857,3.379301059758044,7653.24,18085.0,115616.16,0.9999804395518197,usfs-2022,2022,full
8929aeb050bffff,10.342197273256556,3.3896180636381543,11958.48,19423.0,115628.04,1.0,usfs-2022,2022,full
8929aeb050fffff,3.7049607054339835,1.4705882352941175,4283.64,17415.0,115619.04,0.9999963995324269,usfs-2022,2022,full
8929aeb0513ffff,2.2327947765492717,0.8054522924411399,2581.56,5764.0,115620.12,0.9999423930739719,usfs-2022,2022,full
8929aeb0517ffff,6.042849180971003,4.278061904646484,6986.88,14217.0,115622.28,1.0,usfs-2022,2022,full
8929aeb051bffff,6.736283648726905,2.9817201078813307,7788.96,16317.0,115626.96,0.9999925990349452,usfs-2022,2022,full
8929aeb0523ffff,12.931874729470088,1.0007167668302366,14950.08,12928.0,115606.44,0.9999686906168873,usfs-2022,2022,full
8929aeb0527ffff,10.761886374110935,2.612340017666184,12441.24,18655.0,115604.64,0.9999937711711457,usfs-2022,2022,full
8929aeb052bffff,11.079764840694518,2.024195648571226,12809.52,14898.0,115611.84,1.0,usfs-2022,2022,full
8929aeb052fffff,10.347909491215066,1.8722070059103357,11962.44,19605.0,115602.48,0.9999661331333911,usfs-2022,2022,full
8929aeb0533ffff,4.583727766429177,1.1443946188340806,5299.2,9920.0,115608.96,0.9999588011497542,usfs-2022,2022,full
8929aeb0537ffff,11.842863237084575,1.279831618970024,13691.88,20938.0,115612.92,1.0,usfs-2022,2022,full
8929aeb053bffff,6.324399896622482,4.17631109053634,7311.96,10432.0,115615.08,1.0,usfs-2022,2022,full
8929aeb0543ffff,8.87350868016638,1.8088313530767866,10260.36,21927.0,115629.12,0.9999934101977951,usfs-2022,2022,full
8929aeb0547ffff,7.567983261826628,2.5650243560476698,8750.52,19514.0,115625.52,1.0,usfs-2022,2022,full
8929aeb054bffff,7.525646414172075,1.9169427064163906,8701.92,23025.0,115630.2,0.9999938308803191,usfs-2022,2022,full
8929aeb054fffff,9.314113141754103,1.9225167491989512,10769.76,23030.0,115628.4,1.0,usfs-2022,2022,full
8929aeb0553ffff,5.664677258165448,0.7101731747205233,6550.2,15955.0,115632.36,0.9999897543550721,usfs-2022,2022,full
8929aeb0557ffff,7.814664794468089,1.0838647863708493,9036.0,11893.0,115628.76,0.9999992264110958,usfs-2022,2022,full
8929aeb055bffff,8.710379417377794,1.2088616131642838,10072.08,21094.0,115633.08,0.999987056253016,usfs-2022,2022,full
8929aeb0563ffff,9.565785991188056,2.5284939692375787,11059.56,19026.0,115615.8,0.9999911307115096,usfs-2022,2022,full
8929aeb0567ffff,10.220737285575945,2.768220617202889,11816.64,13328.0,115614.36,1.0,usfs-2022,2022,full
8929aeb056bffff,11.001855749710428,1.8405753175543493,12720.24,12825.0,115619.04,1.0,usfs-2022,2022,full
8929aeb056fffff,5.699418941389682,1.2551488842350527,6589.08,25631.0,115609.68,0.9999698992619639,usfs-2022,2022,full
8929aeb0573ffff,6.01043723027295,1.824584486194687,6949.08,18266.0,115616.88,0.9999687784038378,usfs-2022,2022,full
8929aeb0577ffff,5.7722546916305735,1.3368442373911282,6673.68,12275.0,115616.52,1.0,usfs-2022,2022,full
8929aeb057bffff,12.85940253706898,1.645332689288733,14867.64,11728.0,115616.88,0.999959849448112,usfs-2022,2022,full
8929aeb0583ffff,2.651930261519303,1.2739104713074343,3066.48,9012.0,115632.0,1.0,usfs-2022,2022,full
8929aeb0587ffff,4.427831729317221,0.8178438661710037,5119.56,12486.0,115622.28,0.9999790036238324,usfs-2022,2022,full
8929aeb058bffff,4.96212557558851,0.07235414063013879,5737.68,5469.0,115629.48,0.9999916826153312,usfs-2022,2022,full
8929aeb058fffff,6.135945425051297,1.5482349360925136,7094.52,9317.0,115622.28,0.9999700336334106,usfs-2022,2022,full
8929aeb0593ffff,8.142691689809338,2.600283990060348,9415.44,7902.0,115630.56,0.9999783426715836,usfs-2022,2022,full
8929aeb0597ffff,1.913826438638932,1.1881471584673378,2212.92,7455.0,115628.04,0.9999971697377147,usfs-2022,2022,full
8929aeb059bffff,4.332178293342798,0.7551899222315058,5009.4,11118.0,115632.36,0.9999849386533415,usfs-2022,2022,full
8929aeb05a3ffff,6.1624449253475735,1.3063711680126882,7124.76,17025.0,115615.8,0.9999952551397987,usfs-2022,2022,full
8929aeb05a7ffff,5.219056515646893,0.8047642040882023,6033.96,24405.0,115614.0,1.0,usfs-2022,2022,full
8929aeb05abffff,5.011645575926664,0.06398147583937602,5794.2,11808.0,115614.72,0.9999769442394671,usfs-2022,2022,full
8929aeb05afffff,7.275150397947364,1.0166322595723132,8411.04,18297.0,115613.28,1.0,usfs-2022,2022,full
8929aeb05b3ffff,6.689479731349697,1.267720828789531,7734.24,15645.0,115617.96,0.9999822741935316,usfs-2022,2022,full
8929aeb05b7ffff,7.843515788228188,1.7264458984399433,9068.4,28279.0,115616.52,1.0,usfs-2022,2022,full
8929aeb05bbffff,4.267535160616373,1.354101597920487,4934.16,17624.0,115620.84,0.9999982082502914,usfs-2022,2022,full
8929aeb05c3ffff,2.4961318983739966,2.0744408400204883,2886.48,4130.0,115638.12,1.0,usfs-2022,2022,full
8929aeb05c7ffff,2.8461928823384732,1.885223177155531,3291.12,10192.0,115632.36,1.0,usfs-2022,2022,full
8929aeb05cbffff,8.268319562659162,1.7334601907502376,9561.24,15245.0,115637.04,0.9999985599301092,usfs-2022,2022,full
8929aeb05cfffff,8.174346201743463,2.6827745220482275,9452.16,14587.0,115632.0,0.9999955758902694,usfs-2022,2022,full
8929aeb05d3ffff,15.894693260032438,3.4470963818789904,18381.24,9146.0,115643.88,1.0,usfs-2022,2022,full
8929aeb05d7ffff,19.719493781230053,6.73835392171454,22802.4,9023.0,115633.8,0.9999884313558981,usfs-2022,2022,full
8929aeb05dbffff,3.605384572278917,1.1500826026178677,4169.16,11201.0,115637.04,0.999966903286162,usfs-2022,2022,full
8929aeb0603ffff,1.268352200396535,0.0,1467.0,1144.0,115661.88,0.9999888715969306,usfs-2022,2022,full
8929aeb0607ffff,3.671977862925692,0.8105301939243729,4246.92,10661.0,115657.56,0.999992051588375,usfs-2022,2022,full
8929aeb060bffff,9.9108296114163,3.1114459671343337,11463.48,17129.0,115666.2,1.0,usfs-2022,2022,full
8929aeb060fffff,4.341736258742456,0.7505905661815134,5021.64,18755.0,115659.72,1.0,usfs-2022,2022,full
8929aeb0613ffff,1.8617601302723215,0.0,1843.92,4290.0,99041.76,0.8562676012717452,usfs-2022,2022,partial
8929aeb0617ffff,1.657790463502775,0.0,1917.36,8285.0,115657.56,0.9999603709565648,usfs-2022,2022,full
8929aeb061bffff,3.984774259410267,0.15277438279149352,4609.08,11764.0,115667.28,0.9999950364196449,usfs-2022,2022,full
8929aeb0633ffff,6.034788671892024,1.5083420550390938,6979.32,11519.0,115651.44,0.9999796755933849,usfs-2022,2022,full
8929aeb0643ffff,6.345120789786556,0.7607125662012518,7339.32,25971.0,115668.72,0.9999898269467127,usfs-2022,2022,full
8929aeb0647ffff,9.38177924822514,1.1772699744457082,10851.48,24085.0,115665.48,1.0,usfs-2022,2022,full
8929aeb064bffff,7.404825336752732,1.0645445451423623,8565.12,23855.0,115669.44,0.9999872374002661,usfs-2022,2022,full
8929aeb064fffff,11.551318443265854,1.4933596241953255,13360.68,24459.0,115663.68,0.9999779464427381,usfs-2022,2022,full
8929aeb0653ffff,8.751252668729032,0.7206229176805301,10122.84,19095.0,115673.04,0.9999954907817853,usfs-2022,2022,full
8929aeb0657ffff,9.23430783931078,0.8971483498878564,10680.84,27837.0,115664.76,0.9999644156385598,usfs-2022,2022,full
8929aeb065bffff,9.898977953167599,1.9555093367093184,11450.52,15613.0,115673.76,0.9999928957164046,usfs-2022,2022,full
8929aeb0683ffff,0.04833402529480657,0.0,28.08,0.0,58095.72,0.5022563032653702,usfs-2022,2022,partial
8929aeb0687ffff,0.8014541334802406,0.0,927.0,0.0,115664.76,0.999999814053123,usfs-2022,2022,full
8929aeb068bffff,0.0,0.0,0.0,472.0,937.44,0.008104400415437243,usfs-2022,2022,partial
8929aeb068fffff,0.39971224771014024,0.0,284.04,0.0,71061.12,0.6143658347919818,usfs-2022,2022,partial
8929aeb0693ffff,0.0792509123844535,0.0,42.84,0.0,54056.16,0.46731820734023577,usfs-2022,2022,partial
8929aeb0697ffff,8.677733833790967,0.040032025620496396,6200.64,3596.0,71454.6,0.617753624344567,usfs-2022,2022,partial
8929aeb069bffff,0.0,0.0,0.0,24.0,24.12,0.00020851675801109254,usfs-2022,2022,partial
8929aeb06a3ffff,1.3409365389643537,0.0,1550.88,9763.0,115656.48,1.0,usfs-2022,2022,full
8929aeb06a7ffff,0.8840577003293427,0.022619316896629722,1022.4,4774.0,115648.56,0.9999725018795955,usfs-2022,2022,full
8929aeb06abffff,2.299326419064457,0.0,2659.32,801.0,115656.48,0.9999915680932513,usfs-2022,2022,full
8929aeb06afffff,0.6580319428751078,0.0,761.04,6371.0,115653.96,1.0,usfs-2022,2022,full
8929aeb06b3ffff,2.5566722796838866,0.0,2957.04,4358.0,115659.72,0.9999967754259184,usfs-2022,2022,full
8929aeb06b7ffff,1.7042483253231069,0.29260826505807147,1971.0,7974.0,115652.16,0.9999719551450976,usfs-2022,2022,full
8929aeb06bbffff,1.093113880554276,0.0,1264.32,3533.0,115662.24,1.0,usfs-2022,2022,full
8929aeb06c3ffff,1.8439848746557117,1.0403587443946187,2133.0,13903.0,115673.4,0.9999757641849051,usfs-2022,2022,full
8929aeb06c7ffff,1.38568362750614,0.3229851426834366,1480.68,9444.0,106855.56,0.92378454177382,usfs-2022,2022,partial
8929aeb06cbffff,4.531492644610353,1.2120434796549844,5241.96,11091.0,115678.44,1.0,usfs-2022,2022,full
8929aeb06cfffff,2.7643516285149623,0.012732906073596197,3197.52,16962.0,115669.8,0.9999763103146435,usfs-2022,2022,full
8929aeb06d3ffff,7.324436493268174,2.0674960478383393,8017.92,25647.0,109468.08,0.946301927746158,usfs-2022,2022,partial
8929aeb06d7ffff,5.766493354710139,2.8858961077401215,5541.84,16536.0,96104.16,0.8308105481999299,usfs-2022,2022,partial
8929aeb06dbffff,7.338250396788348,0.42300231524935855,8488.8,28644.0,115678.8,0.9999819466648909,usfs-2022,2022,full
8929aeb0893ffff,8.461933915969528,0.0,9777.24,0.0,115543.8,0.9999565916345261,usfs-2022,2022,full
8929aeb0897ffff,12.142596764092833,0.0,14030.28,0.0,115545.96,1.0,usfs-2022,2022,full
8929aeb089bffff,15.742197601562816,8.643153993036055,18189.36,11712.0,115545.24,0.9999601231306472,usfs-2022,2022,full
8929aeb08c3ffff,9.548317953255363,0.9598346131128175,11033.28,7244.0,115552.08,1.0,usfs-2022,2022,full
8929aeb08cbffff,6.002648181322533,1.6567776467066924,6936.12,20108.0,115551.0,0.9999832393759975,usfs-2022,2022,full
8929aeb08d3ffff,6.037372579318595,0.0,6976.44,0.0,115554.24,0.9999883652773538,usfs-2022,2022,full
8929aeb08d7ffff,14.440688527143857,5.704552044070745,16686.36,4683.0,115551.0,1.0,usfs-2022,2022,full
8929aeb08dbffff,2.055878522783209,0.0,2375.64,9918.0,115553.52,0.9999732287791085,usfs-2022,2022,full
8929aeb0983ffff,3.3160363392704095,0.07998682569929659,3830.4,15290.0,115511.4,0.9999933706460001,usfs-2022,2022,full
8929aeb0993ffff,1.241624333842366,0.0,1434.24,5816.0,115513.2,0.9999771167031041,usfs-2022,2022,full
8929aeb099bffff,0.9420908620614432,0.0,1088.28,9353.0,115517.52,1.0,usfs-2022,2022,full
8929aeb0ad3ffff,5.25557955363571,3.9800995024875623,6073.0,7782.0,,,chm-legacy,2009-2020,coverage-unknown
8929aeb0c03ffff,16.51137507048089,7.466827699890649,19081.08,20411.0,115563.24,0.9999887367554905,usfs-2022,2022,full
8929aeb0c07ffff,6.282787753423634,2.4962586052080216,7260.48,5864.0,115561.44,1.0,usfs-2022,2022,full
8929aeb0c0bffff,8.587110922820045,6.964307921900262,9923.76,10773.0,115565.76,1.0,usfs-2022,2022,full
8929aeb0c0fffff,10.24062605141497,7.0591143442333495,11833.92,18950.0,115558.56,0.9999800137276258,usfs-2022,2022,full
8929aeb0c13ffff,20.824974768556014,10.956205278351645,24067.44,23430.0,115570.08,1.0,usfs-2022,2022,full
8929aeb0c17ffff,16.02988040982764,3.860539381876244,18524.88,15823.0,115564.68,1.0,usfs-2022,2022,full
8929aeb0c1bffff,10.315836035648758,5.407108887063812,11921.76,17829.0,115567.56,0.9999854054374978,usfs-2022,2022,full
8929aeb0c23ffff,6.116211761993625,0.084436938938761,7067.52,8094.0,115553.88,1.0,usfs-2022,2022,full
8929aeb0c27ffff,1.2231863287274314,0.012250022968793068,1413.36,11754.0,115547.4,1.0,usfs-2022,2022,full
8929aeb0c2bffff,5.9065617386644735,6.626074498567336,6825.24,939.0,115553.52,1.0,usfs-2022,2022,full
8929aeb0c2fffff,7.575951122091955,0.4154357459379616,8753.76,3883.0,115546.68,0.9999904573026488,usfs-2022,2022,full
8929aeb0c33ffff,9.137867114457775,0.6887854093907644,10559.16,7371.0,115553.88,0.9999891916472938,usfs-2022,2022,full
8929aeb0c37ffff,1.3303672686033325,0.0,1537.2,4800.0,115547.04,0.9999707371121652,usfs-2022,2022,full
8929aeb0c3bffff,4.1138994033989125,0.0,4753.8,0.0,115554.6,0.9999864707483138,usfs-2022,2022,full
8929aeb0c43ffff,4.655371666557642,0.896608643457383,5380.2,19020.0,115569.72,0.9999862315185329,usfs-2022,2022,full
8929aeb0c47ffff,8.342055422647528,2.7117611212675197,9640.8,5747.0,115568.64,1.0,usfs-2022,2022,full
8929aeb0c4bffff,5.687346984544271,0.782739118207668,6573.24,22862.0,115576.56,1.0,usfs-2022,2022,full
8929aeb0c4fffff,16.059847111376932,1.892392379696101,18559.8,13923.0,115566.48,0.9999899773463921,usfs-2022,2022,full
8929aeb0c53ffff,5.26553496340134,3.098163098163098,6085.8,29816.0,115578.0,1.0,usfs-2022,2022,full
8929aeb0c57ffff,6.525267187699553,0.6383342515720881,7541.28,18828.0,115570.44,1.0,usfs-2022,2022,full
8929aeb0c5bffff,2.9286708843016136,1.9183079540097965,3384.72,17229.0,115571.88,0.9999642279866664,usfs-2022,2022,full
8929aeb0c63ffff,3.8295115059796205,0.6856730422230242,4425.48,1981.0,115562.52,1.0,usfs-2022,2022,full
8929aeb0c67ffff,6.326503272758993,0.0,7310.52,127.0,115553.88,1.0,usfs-2022,2022,full
8929aeb0c6bffff,6.145985856257204,0.0,7102.08,0.0,115556.4,0.9999752534455851,usfs-2022,2022,full
8929aeb0c6fffff,9.733112770524336,47.01030927835051,11247.48,185.0,115558.92,1.0,usfs-2022,2022,full
8929aeb0c73ffff,7.049602661591035,16.925132136841494,8146.8,10298.0,115563.96,1.0,usfs-2022,2022,full
8929aeb0c77ffff,8.46295955910987,22.586466165413537,9779.4,927.0,115555.32,0.9999837599698731,usfs-2022,2022,full
8929aeb0c7bffff,6.090050124766744,1.1084984884111522,7037.64,5299.0,115559.64,0.9999714964577601,usfs-2022,2022,full
8929aeb0c83ffff,29.962152480336425,7.874833390161495,34626.96,21399.0,115569.0,0.9999840195314389,usfs-2022,2022,full
8929aeb0c87ffff,15.53694756221788,4.481245491704737,17955.0,11441.0,115563.24,0.9999748964439585,usfs-2022,2022,full
8929aeb0c8bffff,21.55755399044946,9.346073454762616,24914.16,13116.0,115570.44,0.9999875168272407,usfs-2022,2022,full
8929aeb0c8fffff,22.637630325552998,8.675530454563281,26161.92,16765.0,115568.28,1.0,usfs-2022,2022,full
8929aeb0c93ffff,26.860910979662904,10.045808032385214,31044.24,24319.0,115574.04,0.9999958874386016,usfs-2022,2022,full
8929aeb0c97ffff,30.13755809462103,7.735627204653753,34830.0,21469.0,115570.08,1.0,usfs-2022,2022,full
8929aeb0c9bffff,28.07926269003517,14.079361033222874,32454.36,25482.0,115581.24,1.0,usfs-2022,2022,full
8929aeb0ca3ffff,8.97283724465795,2.532149012329312,10368.72,5293.0,115556.76,0.9999913080049903,usfs-2022,2022,full
8929aeb0ca7ffff,2.638760810507689,0.7212017372594334,3049.2,8970.0,115554.24,1.0,usfs-2022,2022,full
8929aeb0cabffff,5.00824010642043,1.2711539934145035,5787.36,4641.0,115556.76,0.9999823409629609,usfs-2022,2022,full
8929aeb0cafffff,4.138498252260224,4.137891178085359,4782.24,11943.0,115554.96,1.0,usfs-2022,2022,full
8929aeb0cb3ffff,3.2313433765715924,0.0,3734.28,4023.0,115564.32,1.0,usfs-2022,2022,full
8929aeb0cb7ffff,5.169319916508303,0.14788038120276042,5973.48,6563.0,115556.4,0.9999971699311334,usfs-2022,2022,full
8929aeb0cbbffff,9.806823031703951,3.115095535633433,11332.8,7703.0,115560.36,0.9999817295600393,usfs-2022,2022,full
8929aeb0cc3ffff,2.5996679551832944,0.451286076129999,3004.56,20091.0,115574.76,0.9999752441284331,usfs-2022,2022,full
8929aeb0cc7ffff,12.850592471684713,5.820162134355098,14851.44,19113.0,115570.08,0.9999754495314882,usfs-2022,2022,full
8929aeb0ccbffff,7.883966060726879,5.2272074524543894,9111.96,27322.0,115575.84,0.999975651178373,usfs-2022,2022,full
8929aeb0ccfffff,1.512853178175294,0.05142073588786471,1748.52,18893.0,115577.64,1.0,usfs-2022,2022,full
8929aeb0cd3ffff,5.249747698134835,3.0582233674292705,6067.44,26817.0,115575.84,0.999952841857605,usfs-2022,2022,full
8929aeb0cd7ffff,12.821047910346417,5.9391771019677995,14818.68,21768.0,115580.88,1.0,usfs-2022,2022,full
8929aeb0cdbffff,4.49632781207368,5.324919916938976,5196.96,21173.0,115582.32,0.99999996349425,usfs-2022,2022,full
8929aeb0d07ffff,0.0,0.0,0.0,0.0,115525.44,0.9999876187306314,usfs-2022,2022,full
8929aeb0d0fffff,0.11966158208815694,0.0,138.24,0.0,115525.8,0.999981753976349,usfs-2022,2022,full
8929aeb0d17ffff,0.0,0.0,0.0,0.0,115532.64,1.0,usfs-2022,2022,full
8929aeb0d23ffff,6.724069157224237,1.6700276053801124,7767.72,18081.0,115521.12,1.0,usfs-2022,2022,full
8929aeb0d27ffff,10.42622419467438,0.6572370520046794,12043.44,16814.0,115511.04,0.9999763783196625,usfs-2022,2022,full
8929aeb0d2bffff,0.8710448486812785,0.14553216260793636,1006.2,14820.0,115516.44,0.9999733376407125,usfs-2022,2022,full
8929aeb0d2fffff,8.633649543137084,1.6796249035551072,9973.44,11928.0,115518.24,1.0,usfs-2022,2022,full
8929aeb0d33ffff,0.021502159564721502,3.6839295248264814,24.84,649.0,115523.28,1.0,usfs-2022,2022,full
8929aeb0d37ffff,10.263873869100859,3.085612451675026,11856.24,24276.0,115514.28,0.9999726103181058,usfs-2022,2022,full
8929aeb0d3bffff,0.0,0.0,0.0,0.0,115523.64,1.0,usfs-2022,2022,full
8929aeb0d43ffff,5.981143010263536,0.10449320794148381,6910.56,12390.0,115539.12,1.0,usfs-2022,2022,full
8929aeb0d47ffff,0.17979950952438822,0.0,207.72,9786.0,115528.68,0.9999569373562803,usfs-2022,2022,full
8929aeb0d4bffff,4.520159531376581,0.0,5222.52,6922.0,115538.4,0.9999913502953494,usfs-2022,2022,full
8929aeb0d4fffff,9.29735456330041,3.1719230537297234,10741.68,5781.0,115534.8,1.0,usfs-2022,2022,full
8929aeb0d53ffff,3.196739699394302,0.0,3693.6,6687.0,115542.72,1.0,usfs-2022,2022,full
8929aeb0d57ffff,1.1450988212492952,0.0,1323.0,5101.0,115535.88,0.9999874513047756,usfs-2022,2022,full
8929aeb0d5bffff,6.027891499822407,1.6875811337083515,6964.92,6543.0,115544.88,1.0,usfs-2022,2022,full
8929aeb0d63ffff,0.0,0.0,0.0,0.0,115525.8,1.0,usfs-2022,2022,full
8929aeb0d67ffff,0.0,0.0,0.0,942.0,115521.12,1.0,usfs-2022,2022,full
8929aeb0d6bffff,1.4362282259823627,0.50227957653968,1659.24,4635.0,115527.6,1.0,usfs-2022,2022,full
8929aeb0d73ffff,1.6546025058970533,3.3158497618616987,1911.6,5773.0,115532.28,1.0,usfs-2022,2022,full
8929aeb0d77ffff,0.0,0.0,0.0,0.0,115523.28,0.9999917541042644,usfs-2022,2022,full
8929aeb0d7bffff,6.793408826040621,4.96758153366158,7848.36,7018.0,115529.04,0.9999918674525995,usfs-2022,2022,full
8929aeb0da3ffff,3.7909242189106815,0.278997981716728,4379.4,12095.0,115523.28,0.9999869138849072,usfs-2022,2022,full
8929aeb0da7ffff,8.496522237734345,0.780527662502419,9815.4,16612.0,115522.56,1.0,usfs-2022,2022,full
8929aeb0dabffff,0.0,0.0,0.0,0.0,115526.52,1.0,usfs-2022,2022,full
8929aeb0dafffff,1.2608760689087781,0.0,1456.56,10291.0,115519.68,0.9999875488919375,usfs-2022,2022,full
8929aeb0db3ffff,0.9519773395115779,0.6876633200385092,1099.8,10398.0,115527.96,0.9999956357307697,usfs-2022,2022,full
8929aeb0db7ffff,8.54767439686388,1.390132703736872,9874.8,17442.0,115526.16,1.0,usfs-2022,2022,full
8929aeb0dbbffff,0.04424902854685567,0.0,51.12,0.0,115527.96,0.9999866292166223,usfs-2022,2022,full
8929aeb0dcbffff,2.478705440316038,0.5858875300619147,2864.16,13989.0,115550.64,1.0,usfs-2022,2022,full
8929aeb0ddbffff,2.3407901296111664,0.10565534115553579,2704.68,12934.0,115545.6,0.9999672414813038,usfs-2022,2022,full
8929aeb0e03ffff,4.366503021148036,2.507475213764885,4329.0,6691.0,99141.12,0.8578317731930268,usfs-2022,2022,partial
8929aeb0e07ffff,1.6422703952102522,0.26850443032310034,1897.92,8023.0,115566.84,0.9999981946211147,usfs-2022,2022,full
8929aeb0e0bffff,13.336284142318203,2.127093858016485,9328.32,6626.0,69946.92,0.6052196922101358,usfs-2022,2022,partial
8929aeb0e0fffff,25.857854082932235,6.694524244798468,28140.12,3858.0,108826.2,0.9416631760765392,usfs-2022,2022,partial
8929aeb0e13ffff,8.501141563178436,1.4345662145018054,9825.48,10908.0,115578.36,1.0,usfs-2022,2022,full
8929aeb0e17ffff,5.47870103574488,3.3583422650946764,6331.68,21424.0,115569.0,0.9999850785068473,usfs-2022,2022,full
8929aeb0e1bffff,5.555884359356942,1.0085122131754256,6420.96,3852.0,115570.44,0.9999479800085728,usfs-2022,2022,full
8929aeb0e23ffff,23.345742278157662,0.0,26978.76,0.0,115561.8,1.0,usfs-2022,2022,full
8929aeb0e27ffff,5.470745840862358,3.320190910977381,6321.6,8386.0,115552.8,0.9999899261617855,usfs-2022,2022,full
8929aeb0e2bffff,9.050599430585523,0.0,5481.72,0.0,60567.48,0.5241228830951659,usfs-2022,2022,partial
8929aeb0e2fffff,4.201149162513526,2.0810852474179127,3969.36,9147.0,94482.72,0.8176429231129444,usfs-2022,2022,partial
8929aeb0e33ffff,2.2622277741261203,0.0,2614.32,0.0,115563.96,1.0,usfs-2022,2022,full
8929aeb0e37ffff,6.164093361745611,0.0,7122.96,0.0,115555.68,0.9999830252259693,usfs-2022,2022,full
8929aeb0e3bffff,12.301251059163635,0.0,14215.68,63.0,115562.88,0.9999957441493332,usfs-2022,2022,full
8929aeb0e47ffff,26.587651391401344,10.638351155743658,22910.76,12846.0,86170.68,0.745590089112573,usfs-2022,2022,partial
8929aeb0e4bffff,19.579761786105852,6.555249828028266,22630.32,21518.0,115580.16,1.0,usfs-2022,2022,full
8929aeb0e4fffff,25.19248095667131,4.2762031576945025,22145.4,9058.0,87904.8,0.760587796025286,usfs-2022,2022,partial
8929aeb0e57ffff,19.30977558362274,6.357610457838249,22318.2,16427.0,115579.8,1.0,usfs-2022,2022,full
8929aeb0e63ffff,24.90800659814744,2.7380465876583573,14840.28,6854.0,59580.36,0.5155552546166619,usfs-2022,2022,partial
8929aeb0e67ffff,14.434050933178177,0.0,1161.0,0.0,8043.48,0.06960392860149144,usfs-2022,2022,partial
8929aeb0e6bffff,14.878575636577862,7.6923076923076925,17194.0,3110.0,,,chm-legacy,2009-2020,coverage-unknown
8929aeb0e6fffff,4.081565854935847,1.5482695810564664,4717.0,6227.0,,,chm-legacy,2009-2020,coverage-unknown
8929aeb0e73ffff,26.880116147204543,3.0441825392392334,28927.08,6249.0,107615.16,0.9311759019010902,usfs-2022,2022,partial
8929aeb0e77ffff,13.168084582771305,5.073669934036126,15217.56,5543.0,115563.96,0.9999962190506069,usfs-2022,2022,full
8929aeb0e7bffff,22.399104899497488,3.692981217342183,12323.88,4910.0,55019.52,0.47607044826965,usfs-2022,2022,partial
8929aeb0e83ffff,8.938994686252157,4.7440133991218145,10331.64,15151.0,115579.44,1.0,usfs-2022,2022,full
8929aeb0e87ffff,8.51291156589727,2.425660792951542,9838.44,12758.0,115570.8,0.9999777531153732,usfs-2022,2022,full
8929aeb0e8bffff,5.552925346357021,0.0,6418.08,14.0,115580.16,1.0,usfs-2022,2022,full
8929aeb0e8fffff,12.762968546563421,5.726489708746978,14751.0,14461.0,115576.56,1.0,usfs-2022,2022,full
8929aeb0e93ffff,8.545781304993787,3.7522656280128035,9877.32,17970.0,115581.24,0.9999956207254496,usfs-2022,2022,full
8929aeb0e97ffff,5.379736978177038,3.4600668815714157,6217.56,23072.0,115573.68,0.9999708904108129,usfs-2022,2022,full
8929aeb0e9bffff,4.914923239364237,3.7703513281919454,5680.8,9298.0,115582.68,0.999999182476575,usfs-2022,2022,full
8929aeb0ea3ffff,2.0319732849871346,0.30798291721419185,2348.28,17479.0,115566.48,1.0,usfs-2022,2022,full
8929aeb0ea7ffff,4.664942833110066,0.0,5390.64,9961.0,115556.4,0.9999663425161407,usfs-2022,2022,full
8929aeb0eabffff,1.4214377610875573,0.5815385603975454,1642.68,33419.0,115564.68,0.9999883900639237,usfs-2022,2022,full
8929aeb0eafffff,2.1152186712439294,0.5469604625722769,2444.4,2291.0,115562.52,1.0,usfs-2022,2022,full
8929aeb0eb3ffff,6.582373903508771,2.143571369052579,7607.16,16911.0,115568.64,0.999999756095945,usfs-2022,2022,full
8929aeb0eb7ffff,6.195445624746893,2.3957721667645333,7159.68,14960.0,115563.6,0.9999968470298446,usfs-2022,2022,full
8929aeb0ebbffff,5.9796711118587265,1.4830355205092962,6910.56,14707.0,115567.56,0.9999815096808289,usfs-2022,2022,full
8929aeb0ec3ffff,13.397598617102455,5.787470053493485,15485.4,20669.0,115583.4,0.99998764841416,usfs-2022,2022,full
8929aeb0ec7ffff,11.326337690815027,4.293285033876702,13091.04,15408.0,115580.52,1.0,usfs-2022,2022,full
8929aeb0ecfffff,13.941493072859561,3.241729904958373,16113.6,18912.0,115580.16,0.9999914101965619,usfs-2022,2022,full
8929aeb0ed3ffff,8.509538269874641,3.6059321366093524,9835.92,22019.0,115587.0,0.9999870098032669,usfs-2022,2022,full
8929aeb0ed7ffff,10.477169376440541,5.210205856770078,12109.68,11769.0,115581.6,0.9999809518672204,usfs-2022,2022,full
8929aeb0edbffff,8.819004073903347,3.1259677252864466,10193.4,20271.0,115584.48,0.9999563369251891,usfs-2022,2022,full
8929aeb1003ffff,4.153482789826005,0.7907346890397737,4659.48,21093.0,112182.48,0.9697875687586857,usfs-2022,2022,partial
8929aeb1007ffff,5.954686725823161,2.0821027761370345,1903.68,7161.0,31969.44,0.2763784505359226,usfs-2022,2022,partial
8929aeb100bffff,2.7716396237136185,0.0,158.04,244.0,5702.04,0.0492921837235075,usfs-2022,2022,partial
8929aeb100fffff,1.8339368856699432,0.0,255.24,3272.0,13917.6,0.12031775502112015,usfs-2022,2022,partial
8929aeb1013ffff,4.522931224653691,2.1913971576178493,4886.28,18607.0,108033.48,0.9338909199573646,usfs-2022,2022,partial
8929aeb1017ffff,5.14105186542347,1.9169329073482428,5899.32,31940.0,114749.28,0.9919855066633222,usfs-2022,2022,full
8929aeb101bffff,5.692356891589383,0.0,320.4,413.0,5628.6,0.048655774924356285,usfs-2022,2022,partial
8929aeb1023ffff,0.0,0.0,0.0,6296.0,,,chm-legacy,2009-2020,coverage-unknown
8929aeb1027ffff,0.0,0.0,0.0,0.0,,,chm-legacy,2009-2020,coverage-unknown
8929aeb102bffff,0.0,0.0,0.0,0.0,,,chm-legacy,2009-2020,coverage-unknown
8929aeb102fffff,0.0,0.0,0.0,8300.0,,,chm-legacy,2009-2020,coverage-unknown
8929aeb1033ffff,5.353269031805894,4.400274160383825,577.44,2511.0,10786.68,0.09325551406083753,usfs-2022,2022,partial
8929aeb1037ffff,0.0,0.0,0.0,0.0,,,chm-legacy,2009-2020,coverage-unknown
8929aeb103bffff,0.0,0.0,0.0,0.0,,,chm-legacy,2009-2020,coverage-unknown
8929aeb1043ffff,0.0,0.0,0.0,0.0,,,chm-legacy,2009-2020,coverage-unknown
8929aeb1047ffff,0.0,0.0,0.0,0.0,,,chm-legacy,2009-2020,coverage-unknown
8929aeb104bffff,0.0,0.0,0.0,0.0,,,chm-legacy,2009-2020,coverage-unknown
8929aeb104fffff,0.0,0.0,0.0,0.0,,,chm-legacy,2009-2020,coverage-unknown
8929aeb1053ffff,0.0,0.0,0.0,0.0,,,chm-legacy,2009-2020,coverage-unknown
8929aeb105bffff,0.0,0.0,0.0,0.0,,,chm-legacy,2009-2020,coverage-unknown
8929aeb1063ffff,0.0,0.0,0.0,0.0,,,chm-legacy,2009-2020,coverage-unknown
8929aeb1067ffff,0.0,0.0,0.0,0.0,,,chm-legacy,2009-2020,coverage-unknown
8929aeb106bffff,0.0,0.0,0.0,0.0,,,chm-legacy,2009-2020,coverage-unknown
8929aeb106fffff,0.0,0.0,0.0,0.0,,,chm-legacy,2009-2020,coverage-unknown
8929aeb1073ffff,0.0,0.0,0.0,0.0,,,chm-legacy,2009-2020,coverage-unknown
8929aeb1077ffff,0.0,0.0,0.0,0.0,,,chm-legacy,2009-2020,coverage-unknown
8929aeb107bffff,0.0,0.0,0.0,0.0,,,chm-legacy,2009-2020,coverage-unknown
8929aeb10a3ffff,4.677733316894015,0.25812411694381043,4507.2,13215.0,96354.36,0.8330059274865695,usfs-2022,2022,partial
8929aeb10a7ffff,0.0,0.0,0.0,7206.0,,,chm-legacy,2009-2020,coverage-unknown
8929aeb10abffff,8.426304781465571,2.2290960868070897,5641.92,14337.0,66956.04,0.5788455416803481,usfs-2022,2022,partial
8929aeb10afffff,12.047854305918822,2.1700174288730145,8954.64,14347.0,74325.6,0.6425825608700084,usfs-2022,2022,partial
8929aeb10b3ffff,5.620721116923864,0.5165114309906859,6165.36,8459.0,109689.84,0.9482641614132807,usfs-2022,2022,partial
8929aeb10b7ffff,0.0,0.0,0.0,1453.0,8260.92,0.071418204840823,usfs-2022,2022,partial
8929aeb10cbffff,0.0,0.0,0.0,0.0,,,chm-legacy,2009-2020,coverage-unknown
8929aeb10dbffff,0.0,0.0,0.0,0.0,,,chm-legacy,2009-2020,coverage-unknown
8929aeb1103ffff,24.715082198902355,2.297640570290867,28581.48,15369.0,115643.88,0.9999938337081893,usfs-2022,2022,full
8929aeb110bffff,10.53686720583749,1.314557868076203,12185.28,25809.0,115644.24,0.9999882151938585,usfs-2022,2022,full
8929aeb110fffff,13.570456717821305,2.6660893232710627,15690.96,5665.0,115625.88,0.999869969515881,usfs-2022,2022,full
8929aeb1113ffff,15.155241220014817,4.642148634213338,17526.6,11248.0,115647.12,0.9999900701209976,usfs-2022,2022,full
8929aeb111bffff,12.763659229006874,0.9966276423655854,14761.08,25999.0,115649.28,1.0,usfs-2022,2022,full
8929aeb1123ffff,6.286173283063043,0.6139918433200376,7268.76,15967.0,115630.92,0.9999946189002259,usfs-2022,2022,full
8929aeb1127ffff,13.561300928433992,1.718967636214666,15680.52,21591.0,115626.96,1.0,usfs-2022,2022,full
8929aeb112bffff,3.6083886474302296,2.0827698133621855,4172.4,6516.0,115630.56,0.9999827695903706,usfs-2022,2022,full
8929aeb112fffff,7.078764329703039,0.2416173570019724,8184.96,14566.0,115626.96,0.9999921790455696,usfs-2022,2022,full
8929aeb1133ffff,17.096824408468244,0.0,19769.4,0.0,115632.0,0.9999721611305861,usfs-2022,2022,full
8929aeb1137ffff,15.200470743538173,0.4892899858649559,17576.28,6589.0,115629.84,0.9999940250313808,usfs-2022,2022,full
8929aeb113bffff,9.93365731559629,0.12330456226880394,11486.88,9331.0,115635.96,0.9999976653775917,usfs-2022,2022,full
8929aeb1143ffff,0.0098167539267015,0.0,11.0,4147.0,,,chm-legacy,2009-2020,coverage-unknown
8929aeb1147ffff,5.174127131228995,0.474166121648136,3336.48,4383.0,64483.92,0.5575945476293496,usfs-2022,2022,partial
8929aeb114bffff,4.653561069932324,0.0,779.76,0.0,16756.2,0.14488427438253645,usfs-2022,2022,partial
8929aeb114fffff,9.663690871609372,0.0,8117.28,4238.0,83997.72,0.7263246818823748,usfs-2022,2022,partial
8929aeb1153ffff,0.0948859732356116,0.0,110.0,3450.0,,,chm-legacy,2009-2020,coverage-unknown
8929aeb1157ffff,5.517344684250602,0.005110906674844117,3182.4,7043.0,57679.92,0.4987442832279732,usfs-2022,2022,partial
8929aeb115bffff,0.0229042601923957,0.0,26.0,138.0,,,chm-legacy,2009-2020,coverage-unknown
8929aeb1163ffff,9.688094415336577,1.4717771571365574,11203.2,19304.0,115638.84,1.0,usfs-2022,2022,full
8929aeb1167ffff,6.855230386052304,1.2883150119234572,7926.84,12219.0,115632.0,0.9999864969769116,usfs-2022,2022,full
8929aeb116bffff,10.105396236483998,0.8798021788990825,11452.68,19914.0,113332.32,0.9800505857574175,usfs-2022,2022,partial
8929aeb116fffff,11.183131127279292,1.4765051123989517,12931.56,19218.0,115634.52,0.9999995741370388,usfs-2022,2022,full
8929aeb1173ffff,7.047998306073247,0.9564152629314624,6830.28,10774.0,96910.92,0.8380258214364013,usfs-2022,2022,partial
8929aeb1177ffff,5.797124008829088,1.3913224864413851,6703.56,17018.0,115635.96,0.9999889342575465,usfs-2022,2022,full
8929aeb117bffff,6.620821905867777,0.26949555332337016,7656.48,14655.0,115642.44,0.9999957288855089,usfs-2022,2022,full
8929aeb1183ffff,9.745490994440399,0.911896312297485,11270.52,23119.0,115648.56,0.9999795032783173,usfs-2022,2022,full
8929aeb1187ffff,19.553354356102464,4.113540403829272,22612.68,16515.0,115646.04,0.9999982353567413,usfs-2022,2022,full
8929aeb118bffff,5.7904032484360295,0.5733241986081563,6314.4,9927.0,109049.4,0.9429102311645328,usfs-2022,2022,partial
8929aeb118fffff,15.70175383983215,1.972110539976589,18158.4,13868.0,115645.68,0.9999863653660613,usfs-2022,2022,full
8929aeb1193ffff,9.93052399599081,2.123836328209569,11485.08,16275.0,115654.32,0.9999975518159895,usfs-2022,2022,full
8929aeb1197ffff,9.32921191972582,1.263709633990917,10789.2,19802.0,115649.64,0.9999976040477415,usfs-2022,2022,full
8929aeb119bffff,7.717331075402038,0.9009648127128264,8924.76,25144.0,115645.68,0.9999140898477655,usfs-2022,2022,full
8929aeb11a7ffff,20.658136421655616,3.697178667606272,23888.16,13775.0,115635.6,1.0,usfs-2022,2022,full
8929aeb11c3ffff,8.688219618884812,0.0,2488.32,0.0,28640.16,0.24762878135184255,usfs-2022,2022,partial
8929aeb11c7ffff,5.896925999577839,0.4236472174080493,3821.76,14892.0,64809.36,0.5603779057801976,usfs-2022,2022,partial
8929aeb11cbffff,0.0,0.0,0.0,0.0,,,chm-legacy,2009-2020,coverage-unknown
8929aeb11cfffff,4.086418553428562,0.010715242432360033,2270.88,6719.0,55571.4,0.4804971509275166,usfs-2022,2022,partial
8929aeb11d3ffff,7.970270748540082,1.1028478142572102,4053.6,9814.0,50859.0,0.4397235272713046,usfs-2022,2022,partial
8929aeb11d7ffff,9.594885067555712,1.606779921003183,6299.28,9237.0,65652.48,0.5676499593658061,usfs-2022,2022,partial
8929aeb11dbffff,0.0,0.0,0.0,0.0,,,chm-legacy,2009-2020,coverage-unknown
8929aeb1203ffff,4.934855480361774,0.39423198549563604,5617.8,17009.0,113839.2,0.9840497683907496,usfs-2022,2022,partial
8929aeb1207ffff,0.04574679305644594,0.0,52.92,0.0,115680.24,1.0,usfs-2022,2022,full
8929aeb120bffff,3.64975221034954,0.2281438218653039,3192.12,3936.0,87461.28,0.7560270091528123,usfs-2022,2022,partial
8929aeb120fffff,0.05883262495332989,0.0,56.16,2613.0,95457.24,0.8251785132845328,usfs-2022,2022,partial
8929aeb1213ffff,7.1801061189169495,1.2483675193977106,6810.48,18510.0,94852.08,0.81989508334048,usfs-2022,2022,partial
8929aeb1217ffff,2.25529280855987,0.19762160662899145,2203.56,10363.0,97706.16,0.8445997028485833,usfs-2022,2022,partial
8929aeb121bffff,11.298601467962706,1.4358758842894166,3280.68,5066.0,29036.16,0.2509844732670222,usfs-2022,2022,partial
8929aeb1223ffff,2.278501072148407,1.4544364058927166,1656.36,18928.0,72695.16,0.6284629180153559,usfs-2022,2022,partial
8929aeb1227ffff,9.466095645967167,5.753725873442463,4774.32,11110.0,50436.0,0.43604605767063903,usfs-2022,2022,partial
8929aeb122bffff,6.609754137875623,4.589422773630533,5923.08,19601.0,89611.2,0.7746984830528031,usfs-2022,2022,partial
8929aeb122fffff,9.536970466577653,6.323684102676193,11031.12,24686.0,115666.92,0.999993435645364,usfs-2022,2022,full
8929aeb1233ffff,3.1374660818010236,0.0,2160.36,1717.0,68856.84,0.5952610086107182,usfs-2022,2022,partial
8929aeb1237ffff,0.0,0.0,0.0,0.0,,,chm-legacy,2009-2020,coverage-unknown
8929aeb123bffff,0.23127917634770748,0.0,78.12,0.0,33777.36,0.291999629133862,usfs-2022,2022,partial
8929aeb1243ffff,0.0,0.0,0.0,0.0,,,chm-legacy,2009-2020,coverage-unknown
8929aeb1247ffff,0.0,0.0,0.0,0.0,,,chm-legacy,2009-2020,coverage-unknown
8929aeb124bffff,5.51394839258266,0.0,6379.0,2655.0,,,chm-legacy,2009-2020,coverage-unknown
8929aeb124fffff,0.0,0.0,0.0,0.0,,,chm-legacy,2009-2020,coverage-unknown
8929aeb1253ffff,0.0,0.0,0.0,0.0,,,chm-legacy,2009-2020,coverage-unknown
8929aeb1257ffff,0.0,0.0,0.0,0.0,,,chm-legacy,2009-2020,coverage-unknown
8929aeb125bffff,0.0,0.0,0.0,0.0,,,chm-legacy,2009-2020,coverage-unknown
8929aeb1263ffff,0.0,0.0,0.0,5305.0,,,chm-legacy,2009-2020,coverage-unknown
8929aeb1267ffff,0.42433988691186386,0.4287993617869964,294.48,3595.0,69397.2,0.5999411023338962,usfs-2022,2022,partial
8929aeb126bffff,0.0,0.0,0.0,0.0,,,chm-legacy,2009-2020,coverage-unknown
8929aeb126fffff,0.029570422409003747,0.0,11.88,7141.0,40175.28,0.3473136413910292,usfs-2022,2022,partial
8929aeb1273ffff,0.5332094069879784,0.0,156.96,1027.0,29436.84,0.2544640768870408,usfs-2022,2022,partial
8929aeb1277ffff,0.0,0.0,0.0,0.0,,,chm-legacy,2009-2020,coverage-unknown
8929aeb127bffff,0.0,0.0,0.0,3260.0,,,chm-legacy,2009-2020,coverage-unknown
8929aeb1283ffff,0.0,0.0,0.0,0.0,,,chm-legacy,2009-2020,coverage-unknown
8929aeb1287ffff,0.0065438602231456,0.0,8.0,0.0,,,chm-legacy,2009-2020,coverage-unknown
8929aeb128bffff,8.540419161676645,0.3418272218769422,5339.88,11545.0,62524.8,0.5404430463181079,usfs-2022,2022,partial
8929aeb128fffff,9.349755812882023,0.13432653559653193,1095.84,2944.0,11720.52,0.10131227238662663,usfs-2022,2022,partial
8929aeb1293ffff,0.0,0.0,0.0,0.0,,,chm-legacy,2009-2020,coverage-unknown
8929aeb1297ffff,0.0,0.0,0.0,0.0,,,chm-legacy,2009-2020,coverage-unknown
8929aeb129bffff,0.0,0.0,0.0,0.0,,,chm-legacy,2009-2020,coverage-unknown
8929aeb12a3ffff,0.9156089864421452,0.0,944.28,2186.0,103131.36,0.8915404270818283,usfs-2022,2022,partial
8929aeb12a7ffff,0.4404707119847479,0.0,24.12,479.0,5475.96,0.04733998645508003,usfs-2022,2022,partial
8929aeb12abffff,0.4711725786273131,0.0,545.04,7182.0,115677.36,0.9999882742505415,usfs-2022,2022,full
8929aeb12afffff,0.0,0.0,0.0,3394.0,16199.28,0.14004248707046418,usfs-2022,2022,partial
8929aeb12b3ffff,0.34711187033211505,0.1414827391058291,251.64,1270.0,72495.36,0.6266812552414374,usfs-2022,2022,partial
8929aeb12b7ffff,2.5800672550257713,0.0,632.52,1644.0,24515.64,0.21193236926289097,usfs-2022,2022,partial
8929aeb12bbffff,0.03151207115628971,0.0,22.32,3347.0,70830.0,0.6122798625789871,usfs-2022,2022,partial
8929aeb12c3ffff,0.0,0.0,0.0,0.0,,,chm-legacy,2009-2020,coverage-unknown
8929aeb12c7ffff,8.684189738931238,0.7863695937090431,3166.2,6813.0,36459.36,0.3151395511093168,usfs-2022,2022,partial
8929aeb12cbffff,0.0,0.0,0.0,0.0,,,chm-legacy,2009-2020,coverage-unknown
8929aeb12cfffff,0.0,0.0,0.0,0.0,,,chm-legacy,2009-2020,coverage-unknown
8929aeb12d3ffff,0.0,0.0,0.0,0.0,,,chm-legacy,2009-2020,coverage-unknown
8929aeb12d7ffff,8.352879854052645,2.6194144838212634,230.76,228.0,2762.64,0.02387835296540448,usfs-2022,2022,partial
8929aeb12dbffff,0.0,0.0,0.0,0.0,,,chm-legacy,2009-2020,coverage-unknown
8929aeb1303ffff,0.0,0.0,0.0,0.0,,,chm-legacy,2009-2020,coverage-unknown
8929aeb1307ffff,0.0,0.0,0.0,0.0,,,chm-legacy,2009-2020,coverage-unknown
8929aeb130bffff,0.0,0.0,0.0,15903.0,,,chm-legacy,2009-2020,coverage-unknown
8929aeb130fffff,0.0,0.0,0.0,0.0,,,chm-legacy,2009-2020,coverage-unknown
8929aeb1313ffff,0.0228982662741249,0.0,26.0,17142.0,,,chm-legacy,2009-2020,coverage-unknown
8929aeb1317ffff,0.0,0.0,0.0,6140.0,,,chm-legacy,2009-2020,coverage-unknown
8929aeb131bffff,0.0,0.0,0.0,0.0,,,chm-legacy,2009-2020,coverage-unknown
8929aeb1323ffff,0.0,0.0,0.0,6353.0,,,chm-legacy,2009-2020,coverage-unknown
8929aeb1327ffff,0.0,0.0,0.0,0.0,,,chm-legacy,2009-2020,coverage-unknown
8929aeb132bffff,0.0,0.0,0.0,6733.0,,,chm-legacy,2009-2020,coverage-unknown
8929aeb132fffff,0.0,0.0,0.0,1331.0,,,chm-legacy,2009-2020,coverage-unknown
8929aeb1333ffff,4.068091950941626,0.0,437.04,1714.0,10743.12,0.09289959428751235,usfs-2022,2022,partial
8929aeb1337ffff,8.901353493476405,0.0,262.8,0.0,2952.36,0.025531145259499025,usfs-2022,2022,partial
8929aeb133bffff,0.0,0.0,0.0,0.0,,,chm-legacy,2009-2020,coverage-unknown
8929aeb1343ffff,4.77326968973747,2.4341679526108813,1303.2,7056.0,27302.04,0.2360577259620466,usfs-2022,2022,partial
8929aeb1347ffff,1.7727152717534795,2.0033112582781456,169.2,2131.0,9544.68,0.0825281424892012,usfs-2022,2022,partial
8929aeb134bffff,2.5663452380211282,0.9532455742169769,2968.2,28279.0,115658.64,0.9999941317532215,usfs-2022,2022,full
8929aeb134fffff,2.684742993590549,1.0229139223626222,2460.96,21910.0,91664.64,0.7925721039413435,usfs-2022,2022,partial
8929aeb1353ffff,12.38970409008921,4.370790328051558,3659.76,7105.0,29538.72,0.255388285086593,usfs-2022,2022,partial
8929aeb1357ffff,0.0,0.0,0.0,0.0,,,chm-legacy,2009-2020,coverage-unknown
8929aeb135bffff,9.885304324820641,7.1847619047619045,11433.6,21928.0,115662.6,0.9999965411830828,usfs-2022,2022,full
8929aeb1363ffff,0.0,0.0,0.0,17983.0,,,chm-legacy,2009-2020,coverage-unknown
8929aeb1367ffff,0.0130817280962815,0.0,15.0,2799.0,,,chm-legacy,2009-2020,coverage-unknown
8929aeb136bffff,1.0398953564421192,0.0,1203.0,357.0,,,chm-legacy,2009-2020,coverage-unknown
8929aeb136fffff,0.0,0.0,0.0,0.0,,,chm-legacy,2009-2020,coverage-unknown
8929aeb1373ffff,0.0,0.0,0.0,26294.0,,,chm-legacy,2009-2020,coverage-unknown
8929aeb1377ffff,0.0,0.0,0.0,933.0,,,chm-legacy,2009-2020,coverage-unknown
8929aeb137bffff,5.388536106324782,0.9934990038796268,3219.84,13597.0,59753.52,0.516675678489404,usfs-2022,2022,partial
8929aeb1383ffff,0.0,0.0,0.0,939.0,,,chm-legacy,2009-2020,coverage-unknown
8929aeb1387ffff,0.06313236198102706,0.0,41.04,4342.0,65006.28,0.5620788606087237,usfs-2022,2022,partial
8929aeb138bffff,0.0,0.0,0.0,10817.0,,,chm-legacy,2009-2020,coverage-unknown
8929aeb138fffff,0.0,0.0,0.0,19296.0,,,chm-legacy,2009-2020,coverage-unknown
8929aeb1393ffff,0.0,0.0,0.0,0.0,,,chm-legacy,2009-2020,coverage-unknown
8929aeb1397ffff,0.0,0.0,0.0,12839.0,,,chm-legacy,2009-2020,coverage-unknown
8929aeb139bffff,0.0,0.0,0.0,0.0,,,chm-legacy,2009-2020,coverage-unknown
8929aeb13a3ffff,13.687700623753852,0.6134320465362242,15396.84,16915.0,112486.68,0.9726899753053497,usfs-2022,2022,partial
8929aeb13a7ffff,8.167883598819015,0.0,1663.2,2456.0,20362.68,0.17608642288503032,usfs-2022,2022,partial
8929aeb13abffff,5.0115981562416,0.0,3624.48,6049.0,72321.84,0.6253728686363363,usfs-2022,2022,partial
8929aeb13afffff,9.806147560879973,1.3810406894294753,9453.24,16273.0,96401.16,0.8336224850929503,usfs-2022,2022,partial
8929aeb13b3ffff,7.608018926659195,2.0871488302982137,8798.4,10201.0,115646.4,0.9999807593289036,usfs-2022,2022,full
8929aeb13b7ffff,7.724505804832131,0.0,4431.24,863.0,57366.0,0.4960571184720153,usfs-2022,2022,partial
8929aeb13bbffff,8.68431628654677,0.2868991419107483,6223.32,13763.0,71661.6,0.6196440043914163,usfs-2022,2022,partial
8929aeb13c3ffff,0.0,0.0,0.0,0.0,,,chm-legacy,2009-2020,coverage-unknown
8929aeb13c7ffff,0.0,0.0,0.0,3963.0,,,chm-legacy,2009-2020,coverage-unknown
8929aeb13cbffff,0.0,0.0,0.0,0.0,,,chm-legacy,2009-2020,coverage-unknown
8929aeb13cfffff,0.0,0.0,0.0,0.0,,,chm-legacy,2009-2020,coverage-unknown
8929aeb13d3ffff,0.0,0.0,0.0,0.0,,,chm-legacy,2009-2020,coverage-unknown
8929aeb13d7ffff,0.0,0.0,0.0,0.0,,,chm-legacy,2009-2020,coverage-unknown
8929aeb13dbffff,0.0,0.0,0.0,0.0,,,chm-legacy,2009-2020,coverage-unknown
8929aeb152fffff,12.205842069875738,2.8330107337673764,14116.32,15903.0,115652.16,0.9999876430081287,usfs-2022,2022,full
8929aeb1567ffff,7.822270640417088,1.064350924070363,9047.16,23993.0,115659.0,0.9999975070433986,usfs-2022,2022,full
8929aeb156bffff,11.369758785909642,3.60812743174487,5971.32,10435.0,52519.32,0.45406412533552404,usfs-2022,2022,partial
8929aeb157bffff,6.88423058599333,2.978761497661303,6346.44,15607.0,92188.08,0.7970013924998414,usfs-2022,2022,partial
8929aeb1603ffff,0.0,0.0,0.0,0.0,,,chm-legacy,2009-2020,coverage-unknown
8929aeb1607ffff,0.0,0.0,0.0,0.0,,,chm-legacy,2009-2020,coverage-unknown
8929aeb160bffff,0.0,0.0,0.0,0.0,,,chm-legacy,2009-2020,coverage-unknown
8929aeb160fffff,0.0,0.0,0.0,0.0,,,chm-legacy,2009-2020,coverage-unknown
8929aeb1613ffff,0.0,0.0,0.0,0.0,,,chm-legacy,2009-2020,coverage-unknown
8929aeb1617ffff,0.0,0.0,0.0,0.0,,,chm-legacy,2009-2020,coverage-unknown
8929aeb161bffff,0.0,0.0,0.0,0.0,,,chm-legacy,2009-2020,coverage-unknown
8929aeb1623ffff,0.0,0.0,0.0,0.0,,,chm-legacy,2009-2020,coverage-unknown
8929aeb1627ffff,0.0,0.0,0.0,0.0,,,chm-legacy,2009-2020,coverage-unknown
8929aeb162bffff,0.0,0.0,0.0,0.0,,,chm-legacy,2009-2020,coverage-unknown
8929aeb162fffff,0.0,0.0,0.0,0.0,,,chm-legacy,2009-2020,coverage-unknown
8929aeb1633ffff,0.0,0.0,0.0,0.0,,,chm-legacy,2009-2020,coverage-unknown
8929aeb1637ffff,0.0,0.0,0.0,0.0,,,chm-legacy,2009-2020,coverage-unknown
8929aeb163bffff,0.0,0.0,0.0,0.0,,,chm-legacy,2009-2020,coverage-unknown
8929aeb1663ffff,0.0,0.0,0.0,0.0,,,chm-legacy,2009-2020,coverage-unknown
8929aeb1667ffff,0.0,0.0,0.0,0.0,,,chm-legacy,2009-2020,coverage-unknown
8929aeb166fffff,0.0,0.0,0.0,0.0,,,chm-legacy,2009-2020,coverage-unknown
8929aeb1673ffff,0.0,0.0,0.0,0.0,,,chm-legacy,2009-2020,coverage-unknown
8929aeb1677ffff,0.0,0.0,0.0,0.0,,,chm-legacy,2009-2020,coverage-unknown
8929aeb16a3ffff,4.793198529411765,0.0,375.48,0.0,7833.6,0.06770412929921504,usfs-2022,2022,partial
8929aeb16a7ffff,0.0,0.0,0.0,238.0,4214.52,0.03642666718190481,usfs-2022,2022,partial
8929aeb16abffff,0.0,0.0,0.0,0.0,,,chm-legacy,2009-2020,coverage-unknown
8929aeb16afffff,0.0,0.0,0.0,0.0,,,chm-legacy,2009-2020,coverage-unknown
8929aeb16b3ffff,17.554263123883377,0.0,1662.48,0.0,9470.52,0.0818490828573343,usfs-2022,2022,partial
8929aeb16b7ffff,11.060714798335008,0.0,6935.4,1992.0,62703.0,0.5419333316144229,usfs-2022,2022,partial
8929aeb16bbffff,0.0,0.0,0.0,0.0,,,chm-legacy,2009-2020,coverage-unknown
8929aeb1803ffff,15.229621876226611,0.0,17603.0,0.0,,,chm-legacy,2009-2020,coverage-unknown
8929aeb1807ffff,0.5202028463929331,0.0,601.0,7442.0,,,chm-legacy,2009-2020,coverage-unknown
8929aeb1817ffff,3.650518465212129,0.0,4219.0,0.0,,,chm-legacy,2009-2020,coverage-unknown
8929aeb1833ffff,1.262799751365852,0.0,1459.0,6134.0,,,chm-legacy,2009-2020,coverage-unknown
8929aeb1853ffff,0.0,0.0,0.0,4700.0,,,chm-legacy,2009-2020,coverage-unknown
8929aeb185bffff,0.0261660234185909,0.0,30.0,1809.0,,,chm-legacy,2009-2020,coverage-unknown
8929aeb1883ffff,0.1570423687223949,0.0,182.0,5034.0,,,chm-legacy,2009-2020,coverage-unknown
8929aeb188bffff,0.8767625216737005,0.0,1013.0,8790.0,,,chm-legacy,2009-2020,coverage-unknown
8929aeb1893ffff,19.749385454763473,6.817920073707244,11858.4,11651.0,60044.4,0.5194330327356708,usfs-2022,2022,partial
8929aeb1897ffff,8.326101383429476,1.4454099630043877,2935.8,4124.0,35260.2,0.3050418765055664,usfs-2022,2022,partial
8929aeb189bffff,5.385200769953892,0.0,433.08,0.0,8042.04,0.06956959608105617,usfs-2022,2022,partial
8929aeb18a3ffff,0.1570372309101616,0.0,181.0,6313.0,,,chm-legacy,2009-2020,coverage-unknown
8929aeb18a7ffff,4.845411418288893,0.0,5600.0,0.0,,,chm-legacy,2009-2020,coverage-unknown
8929aeb18abffff,4.864405116294285,0.0,5622.0,0.0,,,chm-legacy,2009-2020,coverage-unknown
8929aeb18afffff,3.2782594470799933,0.9843659525188188,3789.0,9850.0,,,chm-legacy,2009-2020,coverage-unknown
8929aeb18c3ffff,0.323846908734053,0.0,374.0,2056.0,,,chm-legacy,2009-2020,coverage-unknown
8929aeb18c7ffff,0.2551938491738917,0.0,295.0,11676.0,,,chm-legacy,2009-2020,coverage-unknown
8929aeb18cbffff,0.0,0.0,0.0,9884.0,,,chm-legacy,2009-2020,coverage-unknown
8929aeb18cfffff,0.0098151480451496,0.0,11.0,11606.0,,,chm-legacy,2009-2020,coverage-unknown
8929aeb18d3ffff,0.0588966690661606,0.0,68.0,0.0,,,chm-legacy,2009-2020,coverage-unknown
8929aeb18d7ffff,0.0457950345098295,0.0,53.0,1693.0,,,chm-legacy,2009-2020,coverage-unknown
8929aeb18dbffff,0.0228990153423402,0.0,26.0,0.0,,,chm-legacy,2009-2020,coverage-unknown
8929aeb19d3ffff,0.9587068909102808,0.0,1108.0,0.0,,,chm-legacy,2009-2020,coverage-unknown
8929aeb19dbffff,2.5322253484263557,0.0,2926.0,7021.0,,,chm-legacy,2009-2020,coverage-unknown
8929aeb1a03ffff,2.4071166928309786,4.525674499564839,2782.0,6319.0,,,chm-legacy,2009-2020,coverage-unknown
8929aeb1a0bffff,0.0588600765180994,0.0,68.0,0.0,,,chm-legacy,2009-2020,coverage-unknown
8929aeb1a0fffff,2.242929540624489,6.355511420059583,2593.0,5432.0,,,chm-legacy,2009-2020,coverage-unknown
8929aeb1a13ffff,9.528169244351435,1.7806267806267806,11014.0,7943.0,,,chm-legacy,2009-2020,coverage-unknown
8929aeb1a1bffff,0.019621308741293,0.0,23.0,58.0,,,chm-legacy,2009-2020,coverage-unknown
8929aeb1a2bffff,12.600948177211052,4.5598194130925505,14564.0,12177.0,,,chm-legacy,2009-2020,coverage-unknown
8929aeb1a3bffff,16.881418012950487,13.984760197220975,19512.0,11053.0,,,chm-legacy,2009-2020,coverage-unknown
8929aeb1a43ffff,0.0,0.0,0.0,0.0,,,chm-legacy,2009-2020,coverage-unknown
8929aeb1a47ffff,0.0,0.0,0.0,0.0,,,chm-legacy,2009-2020,coverage-unknown
8929aeb1a4bffff,0.0425072752836543,0.0,49.0,0.0,,,chm-legacy,2009-2020,coverage-unknown
8929aeb1a4fffff,0.0,0.0,0.0,0.0,,,chm-legacy,2009-2020,coverage-unknown
8929aeb1a53ffff,0.0,0.0,0.0,0.0,,,chm-legacy,2009-2020,coverage-unknown
8929aeb1a57ffff,0.0163505559189012,0.0,19.0,0.0,,,chm-legacy,2009-2020,coverage-unknown
8929aeb1a5bffff,0.0,0.0,0.0,0.0,,,chm-legacy,2009-2020,coverage-unknown
8929aeb1a63ffff,0.0,0.0,0.0,0.0,,,chm-legacy,2009-2020,coverage-unknown
8929aeb1a67ffff,5.041027820458335,0.0,5826.0,6198.0,,,chm-legacy,2009-2020,coverage-unknown
8929aeb1a6bffff,7.823073653927883,6.8181818181818175,9042.0,6140.0,,,chm-legacy,2009-2020,coverage-unknown
8929aeb1a73ffff,0.0,0.0,0.0,0.0,,,chm-legacy,2009-2020,coverage-unknown
8929aeb1a77ffff,0.1242723526718555,0.0,144.0,0.0,,,chm-legacy,2009-2020,coverage-unknown
8929aeb1a7bffff,0.0,0.0,0.0,0.0,,,chm-legacy,2009-2020,coverage-unknown
8929aeb1a8bffff,6.535178098322049,5.044751830756713,7555.0,6722.0,,,chm-legacy,2009-2020,coverage-unknown
8929aeb1a93ffff,1.6156991005723629,3.016241299303944,1868.0,2408.0,,,chm-legacy,2009-2020,coverage-unknown
8929aeb1a97ffff,14.933281004709576,7.385398981324279,17262.0,6284.0,,,chm-legacy,2009-2020,coverage-unknown
8929aeb1a9bffff,0.1209980705713071,0.0,140.0,0.0,,,chm-legacy,2009-2020,coverage-unknown
8929aeb1ac3ffff,0.0,0.0,0.0,0.0,,,chm-legacy,2009-2020,coverage-unknown
8929aeb1ac7ffff,0.0,0.0,0.0,0.0,,,chm-legacy,2009-2020,coverage-unknown
8929aeb1acbffff,0.1013833927461817,0.0,117.0,0.0,,,chm-legacy,2009-2020,coverage-unknown
8929aeb1acfffff,0.0,0.0,0.0,0.0,,,chm-legacy,2009-2020,coverage-unknown
8929aeb1ad3ffff,0.0,0.0,0.0,0.0,,,chm-legacy,2009-2020,coverage-unknown
8929aeb1ad7ffff,0.0098106543706465,0.0,11.0,0.0,,,chm-legacy,2009-2020,coverage-unknown
8929aeb1adbffff,0.1373311970702678,0.0,159.0,0.0,,,chm-legacy,2009-2020,coverage-unknown
8929aeb1c03ffff,9.278311992426884,1.2065277477347562,10726.56,14798.0,115608.96,0.9999757012887162,usfs-2022,2022,full
8929aeb1c07ffff,10.619719801076826,1.2067312460739907,12277.08,21515.0,115606.44,0.9999944930133234,usfs-2022,2022,full
8929aeb1c0bffff,10.44207720548167,2.7799007927587707,12072.24,23355.0,115611.48,0.9999887326477964,usfs-2022,2022,full
8929aeb1c0fffff,10.943163558910355,3.0414699589036442,12651.12,20554.0,115607.52,0.9999950643343003,usfs-2022,2022,full
8929aeb1c13ffff,10.9171869404786,3.38540916034935,12621.6,24133.0,115612.2,0.9999719167804636,usfs-2022,2022,full
8929aeb1c17ffff,9.709040181351668,2.3545409003077364,11224.8,19647.0,115611.84,1.0,usfs-2022,2022,full
8929aeb1c1bffff,7.893548718555491,2.502519991936026,9126.36,26115.0,115617.96,1.0,usfs-2022,2022,full
8929aeb1c23ffff,10.976957980000561,3.017090238287622,12689.28,22901.0,115599.24,1.0,usfs-2022,2022,full
8929aeb1c27ffff,8.93227528387326,3.7032677622964085,10325.16,23562.0,115593.84,0.99999853540615,usfs-2022,2022,full
8929aeb1c2bffff,14.063940307431674,10.274309310785567,16257.96,19712.0,115600.32,1.0,usfs-2022,2022,full
8929aeb1c2fffff,6.103508629871627,3.5176130126733858,7055.28,20884.0,115593.84,0.9999897602545234,usfs-2022,2022,full
8929aeb1c33ffff,8.68159792722879,2.287416683498283,10036.08,20899.0,115601.76,0.9999946089802663,usfs-2022,2022,full
8929aeb1c37ffff,4.691893979265478,1.872225958305313,5423.76,13132.0,115598.52,1.0,usfs-2022,2022,full
8929aeb1c3bffff,11.715210154427771,2.7441471845869034,13543.2,21371.0,115603.56,1.0,usfs-2022,2022,full
8929aeb1c43ffff,13.256984857967549,1.5292919865948331,15327.36,16713.0,115617.24,0.9999892268230465,usfs-2022,2022,full
8929aeb1c47ffff,9.033955566626707,3.2728378464887014,10444.68,21758.0,115615.8,1.0,usfs-2022,2022,full
8929aeb1c4bffff,11.114639963632062,1.18801418975017,12850.56,23565.0,115618.32,0.9999898273401242,usfs-2022,2022,full
8929aeb1c4fffff,8.842651986000224,1.418157720344599,10223.28,21421.0,115613.28,0.9999868008106453,usfs-2022,2022,full
8929aeb1c53ffff,11.770017311596279,2.177506288178225,13608.72,19601.0,115621.92,0.9999978882882209,usfs-2022,2022,full
8929aeb1c57ffff,9.242491234843907,4.082684205740612,10685.88,22785.0,115616.88,0.9999948637834501,usfs-2022,2022,full
8929aeb1c5bffff,11.968241612827898,0.5115544143788268,13838.04,18134.0,115623.0,0.9999984831715274,usfs-2022,2022,full
8929aeb1c63ffff,14.359754601226992,4.400994311072555,15799.32,20629.0,110025.0,0.951728707784607,usfs-2022,2022,partial
8929aeb1c67ffff,19.889252493380923,10.05214748041194,18335.52,12357.0,92188.08,0.7974697015022015,usfs-2022,2022,partial
8929aeb1c6bffff,14.141341225727281,9.315580471852371,4936.68,6988.0,34909.56,0.3019690059321694,usfs-2022,2022,partial
8929aeb1c6fffff,2.1070174394381285,0.0,127.44,0.0,6048.36,0.052320664876526424,usfs-2022,2022,partial
8929aeb1c73ffff,9.385460943217028,1.2642907378027837,10850.4,21732.0,115608.6,0.9999956457111316,usfs-2022,2022,full
8929aeb1c77ffff,11.492481074230124,1.3171332981158654,13285.8,20175.0,115604.28,0.9999988667210864,usfs-2022,2022,full
8929aeb1c7bffff,9.474936321004416,1.890128459889534,10954.08,22573.0,115611.12,1.0,usfs-2022,2022,full
8929aeb1c83ffff,3.21794201165745,2.977573628748987,3720.6,6463.0,115620.48,1.0,usfs-2022,2022,full
8929aeb1c87ffff,3.661342907588303,1.147227533460803,4232.88,558.0,115610.04,0.999970806015112,usfs-2022,2022,full
8929aeb1c8bffff,8.48769612559511,1.9119608714984435,9813.24,3971.0,115617.24,0.9999837092975038,usfs-2022,2022,full
8929aeb1c8fffff,10.48614851926005,2.73131941743377,12123.72,16205.0,115616.52,1.0,usfs-2022,2022,full
8929aeb1c93ffff,6.097507815321767,8.220166355457478,7049.88,7786.0,115619.04,0.9999762788680843,usfs-2022,2022,full
8929aeb1c97ffff,4.484508796512533,2.00632536074323,5184.72,7139.0,115614.0,0.999973268689508,usfs-2022,2022,full
8929aeb1c9bffff,5.446302915571718,5.93996735183396,6297.12,10164.0,115621.92,0.9999923960010906,usfs-2022,2022,full
8929aeb1ca3ffff,11.953214771725829,5.5010320261002725,13818.6,25547.0,115605.72,1.0,usfs-2022,2022,full
8929aeb1ca7ffff,10.983217014067312,5.587324279247081,12696.12,22824.0,115595.64,0.9999592495958094,usfs-2022,2022,full
8929aeb1cabffff,10.131600254107449,2.997640422769222,11712.6,25011.0,115604.64,0.9999877037116426,usfs-2022,2022,full
8929aeb1cafffff,9.46053258510244,2.8918258275676347,10936.44,25314.0,115600.68,0.9999940522220039,usfs-2022,2022,full
8929aeb1cb3ffff,3.861963304809237,1.0976158344579399,4464.72,19787.0,115607.52,0.9999896034205316,usfs-2022,2022,full
8929aeb1cb7ffff,8.53097245923693,3.158002068433089,9862.2,23934.0,115604.64,1.0,usfs-2022,2022,full
8929aeb1cbbffff,9.018524688686208,2.0274243971894634,10426.32,22789.0,115610.04,1.0,usfs-2022,2022,full
8929aeb1cc3ffff,11.18023058505587,2.8731870327626003,12927.24,10149.0,115625.88,1.0,usfs-2022,2022,full
8929aeb1cc7ffff,9.503244448319238,2.8607277289836888,10987.56,12542.0,115619.04,0.9999905014284475,usfs-2022,2022,full
8929aeb1ccbffff,8.734490542539113,0.4482782041703457,10099.08,15830.0,115623.0,0.9999754227690699,usfs-2022,2022,full
8929aeb1ccfffff,8.345502495586409,1.8480840963038319,9649.08,22924.0,115620.12,0.9999910762317262,usfs-2022,2022,full
8929aeb1cd3ffff,8.914204941715651,1.934607457373056,10307.16,22610.0,115626.24,0.9999804137886529,usfs-2022,2022,full
8929aeb1cd7ffff,6.373121362986764,2.759315206445116,7368.84,5214.0,115623.72,0.9999991822527812,usfs-2022,2022,full
8929aeb1cdbffff,19.771293719138974,18.081837760229718,22861.8,10270.0,115631.28,1.0,usfs-2022,2022,full
8929aeb1d03ffff,18.298150875470466,0.0,21148.0,0.0,,,chm-legacy,2009-2020,coverage-unknown
8929aeb1d07ffff,4.123441437313873,0.0,4766.0,0.0,,,chm-legacy,2009-2020,coverage-unknown
8929aeb1d0bffff,26.57962762998593,0.0,30720.0,0.0,,,chm-legacy,2009-2020,coverage-unknown
8929aeb1d0fffff,9.64955335231177,0.0,11152.0,0.0,,,chm-legacy,2009-2020,coverage-unknown
8929aeb1d13ffff,22.10207428230684,9.777122694180179,14944.68,7272.0,67616.64,0.5850071711218595,usfs-2022,2022,partial
8929aeb1d17ffff,2.8536832804267434,0.0,3298.0,0.0,,,chm-legacy,2009-2020,coverage-unknown
8929aeb1d1bffff,5.2524283487228685,0.0,946.08,629.0,18012.24,0.1558373321258281,usfs-2022,2022,partial
8929aeb1d47ffff,8.647711284886956,0.0,9995.0,0.0,,,chm-legacy,2009-2020,coverage-unknown
8929aeb1d53ffff,9.06281775324521,6.765886615098404,7412.04,3428.0,81785.16,0.7075494896831107,usfs-2022,2022,partial
8929aeb1d57ffff,1.8000327278677792,0.0,2081.0,0.0,,,chm-legacy,2009-2020,coverage-unknown
8929aeb1d5bffff,7.219329496665754,2.2009718577034016,5690.16,13549.0,78818.4,0.6818771162489093,usfs-2022,2022,partial
8929aeb1d63ffff,2.3167539267015704,0.0,2677.0,0.0,,,chm-legacy,2009-2020,coverage-unknown
8929aeb1d6bffff,4.419654540696153,0.0,5108.0,0.0,,,chm-legacy,2009-2020,coverage-unknown
8929aeb1d6fffff,0.0,0.0,0.0,0.0,,,chm-legacy,2009-2020,coverage-unknown
8929aeb1d73ffff,9.87892670157068,0.0,11417.0,0.0,,,chm-legacy,2009-2020,coverage-unknown
8929aeb1d7bffff,14.62696335078534,0.0,16905.0,0.0,,,chm-legacy,2009-2020,coverage-unknown
8929aeb1d83ffff,11.294969182231275,4.103291436396537,13055.76,21177.0,115589.16,1.0,usfs-2022,2022,full
8929aeb1d87ffff,11.800158851287163,1.8718884832392966,13638.6,5322.0,115579.8,0.9999935613489173,usfs-2022,2022,full
8929aeb1d8bffff,12.105781149751774,3.521631991016563,13992.84,22270.0,115588.08,1.0,usfs-2022,2022,full
8929aeb1d8fffff,10.04636281591388,3.629988656285449,11100.6,10093.0,110493.72,0.9559804863296312,usfs-2022,2022,partial
8929aeb1d93ffff,11.867188643576352,3.385471499473605,13717.44,23126.0,115591.32,1.0,usfs-2022,2022,full
8929aeb1d9bffff,11.701481566841805,2.341425966797812,13525.56,18319.0,115588.44,0.99998702131674,usfs-2022,2022,full
8929aeb1da3ffff,5.600104736032469,0.0,6472.0,0.0,,,chm-legacy,2009-2020,coverage-unknown
8929aeb1da7ffff,8.884669525649,0.0,10268.0,0.0,,,chm-legacy,2009-2020,coverage-unknown
8929aeb1dabffff,10.540443222364072,0.0,12182.0,0.0,,,chm-legacy,2009-2020,coverage-unknown
8929aeb1dafffff,4.794632629684177,0.0,5541.0,0.0,,,chm-legacy,2009-2020,coverage-unknown
8929aeb1db3ffff,16.653687700964632,7.787240753883763,14319.72,8419.0,85985.28,0.7439727573558998,usfs-2022,2022,partial
8929aeb1db7ffff,5.586647029946,0.0,6456.0,0.0,,,chm-legacy,2009-2020,coverage-unknown
8929aeb1dbbffff,10.747161762854455,0.0,5224.32,0.0,48611.16,0.42059593675569884,usfs-2022,2022,partial
8929aeb1dc3ffff,2.992986259047477,0.0992063492063492,3459.6,3263.0,115590.24,0.9999849723119132,usfs-2022,2022,full
8929aeb1dc7ffff,15.684711144055788,4.554751415984897,18129.6,17472.0,115587.72,1.0,usfs-2022,2022,full
8929aeb1dcbffff,6.627612925729378,11.679373146971622,7661.16,3003.0,115594.56,1.0,usfs-2022,2022,full
8929aeb1dcfffff,10.790063796130513,3.5819694123960293,11172.96,5175.0,103548.6,0.8958398212146188,usfs-2022,2022,partial
8929aeb1dd3ffff,9.746154636703093,2.906316866685273,11266.2,18786.0,115596.36,1.0,usfs-2022,2022,full
8929aeb1dd7ffff,7.063238706261582,0.9738914214670534,8164.44,20645.0,115590.6,0.999996892273092,usfs-2022,2022,full
8929aeb1ddbffff,9.526908978794834,2.4596007604562735,11012.76,11821.0,115596.36,0.9999972944186469,usfs-2022,2022,full
8929aeb1e03ffff,0.0,0.0,0.0,0.0,,,chm-legacy,2009-2020,coverage-unknown
8929aeb1e07ffff,0.0,0.0,0.0,835.0,,,chm-legacy,2009-2020,coverage-unknown
8929aeb1e0bffff,0.0,0.0,0.0,0.0,,,chm-legacy,2009-2020,coverage-unknown
8929aeb1e0fffff,0.0,0.0,0.0,0.0,,,chm-legacy,2009-2020,coverage-unknown
8929aeb1e13ffff,12.757410209207515,4.9504950495049505,6162.12,10472.0,48302.28,0.41775840571359124,usfs-2022,2022,partial
8929aeb1e17ffff,11.222780569514237,0.0,168.84,749.0,1504.44,0.01301217960480184,usfs-2022,2022,partial
8929aeb1e1bffff,10.631120783460284,1.0078023407022108,351.72,1096.0,3308.4,0.028613553752319252,usfs-2022,2022,partial
8929aeb1e23ffff,0.0,0.0,0.0,0.0,,,chm-legacy,2009-2020,coverage-unknown
8929aeb1e27ffff,0.0,0.0,0.0,2316.0,,,chm-legacy,2009-2020,coverage-unknown
8929aeb1e2bffff,0.0,0.0,0.0,6780.0,,,chm-legacy,2009-2020,coverage-unknown
8929aeb1e2fffff,0.0,0.0,0.0,6388.0,,,chm-legacy,2009-2020,coverage-unknown
8929aeb1e33ffff,0.0,0.0,0.0,6595.0,,,chm-legacy,2009-2020,coverage-unknown
8929aeb1e37ffff,0.0,0.0,0.0,6417.0,,,chm-legacy,2009-2020,coverage-unknown
8929aeb1e3bffff,0.0,0.0,0.0,0.0,,,chm-legacy,2009-2020,coverage-unknown
8929aeb1e43ffff,0.0196219504218719,0.0,23.0,0.0,,,chm-legacy,2009-2020,coverage-unknown
8929aeb1e47ffff,0.2551521099116781,0.0,295.0,4199.0,,,chm-legacy,2009-2020,coverage-unknown
8929aeb1e4bffff,0.1668083992935173,0.0,193.0,0.0,,,chm-legacy,2009-2020,coverage-unknown
8929aeb1e4fffff,0.0556082561905073,0.0,64.0,1521.0,,,chm-legacy,2009-2020,coverage-unknown
8929aeb1e53ffff,0.0523440311446985,0.0,61.0,0.0,,,chm-legacy,2009-2020,coverage-unknown
8929aeb1e57ffff,0.0,0.0,0.0,0.0,,,chm-legacy,2009-2020,coverage-unknown
8929aeb1e5bffff,0.0556082561905073,0.0,64.0,0.0,,,chm-legacy,2009-2020,coverage-unknown
8929aeb1e63ffff,0.0,0.0,0.0,0.0,,,chm-legacy,2009-2020,coverage-unknown
8929aeb1e67ffff,0.0,0.0,0.0,2874.0,,,chm-legacy,2009-2020,coverage-unknown
8929aeb1e6bffff,0.0,0.0,0.0,0.0,,,chm-legacy,2009-2020,coverage-unknown
8929aeb1e6fffff,0.0,0.0,0.0,0.0,,,chm-legacy,2009-2020,coverage-unknown
8929aeb1e73ffff,0.0785032055475598,0.0,91.0,6595.0,,,chm-legacy,2009-2020,coverage-unknown
8929aeb1e77ffff,0.0,0.0,0.0,5161.0,,,chm-legacy,2009-2020,coverage-unknown
8929aeb1e7bffff,0.0,0.0,0.0,0.0,,,chm-legacy,2009-2020,coverage-unknown
8929aeb1e83ffff,10.43087285190537,2.235475664178171,6288.84,8439.0,60290.64,0.5214316858197975,usfs-2022,2022,partial
8929aeb1e87ffff,12.834883720930232,1.242201885288702,11921.04,12937.0,92880.0,0.8033177120165699,usfs-2022,2022,partial
8929aeb1e8bffff,8.890197968546385,0.39723276054452133,8964.36,16068.0,100834.2,0.8720705014211652,usfs-2022,2022,partial
8929aeb1e8fffff,18.51243085293001,2.329569353220953,13866.84,10867.0,74905.56,0.6478514034486806,usfs-2022,2022,partial
8929aeb1e93ffff,10.293804589922253,2.1525734159241043,11663.28,17117.0,113303.88,0.9798926187467345,usfs-2022,2022,partial
8929aeb1e97ffff,10.503767357867861,0.2051620230440915,12144.96,19612.0,115624.8,1.0,usfs-2022,2022,full
8929aeb1e9bffff,12.989898143102655,2.214022140221402,10040.76,10112.0,77296.68,0.6684836005904368,usfs-2022,2022,partial
8929aeb1ea3ffff,14.23500391071536,2.234980520811974,2555.28,1716.0,17950.68,0.15526640030713337,usfs-2022,2022,partial
8929aeb1ea7ffff,0.0,0.0,0.0,0.0,,,chm-legacy,2009-2020,coverage-unknown
8929aeb1eabffff,0.0327096689781499,0.0,38.0,3612.0,,,chm-legacy,2009-2020,coverage-unknown
8929aeb1eafffff,0.0817955764952231,0.0,95.0,0.0,,,chm-legacy,2009-2020,coverage-unknown
8929aeb1eb3ffff,13.121890150039281,0.6750202101859337,14791.32,17693.0,112722.48,0.9749745660903493,usfs-2022,2022,partial
8929aeb1eb7ffff,6.658309875674408,5.563633845727738,3269.88,9820.0,49109.76,0.42478403175716223,usfs-2022,2022,partial
8929aeb1ebbffff,18.455765038987888,2.267954640907182,5913.36,2513.0,32040.72,0.2771285241032596,usfs-2022,2022,partial
8929aeb1ec3ffff,0.0,0.0,0.0,0.0,,,chm-legacy,2009-2020,coverage-unknown
8929aeb1ec7ffff,9.964073026347927,3.4855880769873235,8077.32,18720.0,81064.44,0.7010844676774892,usfs-2022,2022,partial
8929aeb1ecbffff,0.0556046184541916,0.0,64.0,0.0,,,chm-legacy,2009-2020,coverage-unknown
8929aeb1ecfffff,0.0,0.0,0.0,0.0,,,chm-legacy,2009-2020,coverage-unknown
8929aeb1ed3ffff,10.262159842759461,3.1190772729734118,6672.6,12882.0,65021.4,0.5622958114908758,usfs-2022,2022,partial
8929aeb1ed7ffff,10.157839559612652,2.7087088570088147,10010.88,14185.0,98553.24,0.8523089331720041,usfs-2022,2022,partial
8929aeb1edbffff,8.709593552300893,0.0,361.8,695.0,4154.04,0.035923234226878153,usfs-2022,2022,partial
8929aeb2003ffff,7.050314484982214,1.0653565908589093,8155.44,6452.0,115674.84,1.0,usfs-2022,2022,full
8929aeb2007ffff,11.383194265920132,4.955364758059931,13167.0,12035.0,115670.52,1.0,usfs-2022,2022,full
8929aeb200bffff,12.961475976172245,1.4495062121694806,14992.56,11137.0,115670.16,0.9999552316916049,usfs-2022,2022,full
8929aeb200fffff,2.908798914413587,0.5973715651135006,3364.56,3894.0,115668.36,0.9999802342574181,usfs-2022,2022,full
8929aeb2013ffff,3.7934736940385605,3.886107634543179,4388.04,5529.0,115673.4,0.999960722942132,usfs-2022,2022,full
8929aeb2017ffff,4.247015324859636,0.0,4912.56,0.0,115670.88,0.9999795023186506,usfs-2022,2022,full
8929aeb2023ffff,9.400288837429347,2.293524621946491,10872.72,18143.0,115663.68,1.0,usfs-2022,2022,full
8929aeb2027ffff,6.795847535446919,0.988586934289649,7859.52,26140.0,115651.8,0.9999588062534214,usfs-2022,2022,full
8929aeb202bffff,8.2060076753328,1.9495649141715934,9491.4,22270.0,115664.04,1.0,usfs-2022,2022,full
8929aeb202fffff,6.477518559444695,0.663961087404136,7491.6,23968.0,115655.4,0.9999809053048715,usfs-2022,2022,full
8929aeb2033ffff,7.846237646875729,1.989898027256266,9074.88,18512.0,115659.0,0.9999489132831383,usfs-2022,2022,full
8929aeb2037ffff,6.9744062199452825,1.4392365119679829,8066.88,23051.0,115664.04,1.0,usfs-2022,2022,full
8929aeb203bffff,8.57420300590412,4.5746052477353025,9917.64,20516.0,115668.36,1.0,usfs-2022,2022,full
8929aeb2043ffff,9.149835995473579,0.4063415933919531,6316.56,5382.0,69034.68,0.596767293911965,usfs-2022,2022,partial
8929aeb2047ffff,0.19260224291825848,0.0,196.92,3188.0,102241.8,0.8838606416722651,usfs-2022,2022,partial
8929aeb204bffff,0.2917937116815842,0.0,338.0,0.0,,,chm-legacy,2009-2020,coverage-unknown
8929aeb204fffff,0.0393300776769034,0.0,45.0,0.0,,,chm-legacy,2009-2020,coverage-unknown
8929aeb2053ffff,9.44587426839465,3.3477041346353626,10411.56,13397.0,110223.36,0.9527909950231649,usfs-2022,2022,partial
8929aeb205bffff,2.350983358547655,0.0,279.72,1024.0,11898.0,0.10284757469065157,usfs-2022,2022,partial
8929aeb2063ffff,3.1320658326684683,0.0,3575.52,4077.0,114158.52,0.9869495653904445,usfs-2022,2022,partial
8929aeb2067ffff,5.26636869560887,0.022625074238524848,6091.2,12726.0,115662.24,0.9999904445241237,usfs-2022,2022,full
8929aeb206bffff,0.4746131213788594,0.13470281192119885,433.8,2135.0,91400.76,0.7901918201125862,usfs-2022,2022,partial
8929aeb206fffff,2.092534665483916,0.0,2420.28,385.0,115662.6,0.9999845545597891,usfs-2022,2022,full
8929aeb2073ffff,0.9922036694106845,0.0,1147.68,0.0,115669.8,0.9999836704348761,usfs-2022,2022,full
8929aeb2077ffff,5.174141741106165,0.0,5984.64,0.0,115664.4,0.999977554031679,usfs-2022,2022,full
8929aeb207bffff,0.2289992090790369,0.0,89.64,0.0,39144.24,0.3384050840024822,usfs-2022,2022,partial
8929aeb2083ffff,2.5936518705477045,0.5071633907495268,3000.24,15325.0,115676.28,0.9999631315777635,usfs-2022,2022,full
8929aeb2087ffff,4.883271449513074,1.2189095700873003,5648.4,23748.0,115668.36,0.9999352300303831,usfs-2022,2022,full
8929aeb208bffff,0.5642104476961666,0.0,652.68,3548.0,115680.24,0.9999883248168367,usfs-2022,2022,full
8929aeb208fffff,4.009485339424531,2.555740037950664,4638.24,11832.0,115681.68,1.0,usfs-2022,2022,full
8929aeb2093ffff,8.565275841465843,0.4125534109326654,9908.64,24332.0,115683.84,0.999996970636393,usfs-2022,2022,full
8929aeb2097ffff,8.283828485540642,1.0136006781909992,9583.2,19336.0,115685.64,1.0,usfs-2022,2022,full
8929aeb209bffff,2.1159459980953685,0.5105609176108546,2447.64,5121.0,115675.92,0.9999194647790677,usfs-2022,2022,full
8929aeb20a3ffff,7.72888973268057,1.4686372628883975,8939.88,15240.0,115668.36,1.0,usfs-2022,2022,full
8929aeb20a7ffff,5.4466447945913306,1.5083330747028336,6299.28,11425.0,115654.32,0.9999265367510283,usfs-2022,2022,full
8929aeb20abffff,7.684167608163165,0.30579384623711203,8888.04,13262.0,115666.92,0.999985841305218,usfs-2022,2022,full
8929aeb20afffff,8.73653445716082,3.417147480252933,10104.84,16331.0,115661.88,0.9999828508620868,usfs-2022,2022,full
8929aeb20b3ffff,9.522105164874496,1.0202567948443244,11014.2,21619.0,115669.8,0.9999882527284827,usfs-2022,2022,full
8929aeb20b7ffff,9.057804115882126,1.9000505095522475,10476.72,23773.0,115665.12,0.9999883764334119,usfs-2022,2022,full
8929aeb20bbffff,3.6535379156875867,0.0,4226.04,3541.0,115669.8,0.9999792041014958,usfs-2022,2022,full
8929aeb20cbffff,10.753715934929602,2.314511181162333,10368.72,16622.0,96419.88,0.8334448930452264,usfs-2022,2022,partial
8929aeb20d3ffff,3.1879539216967565,1.9431401265230326,3688.2,23381.0,115691.76,1.0,usfs-2022,2022,full
8929aeb20d7ffff,7.496359177983296,1.8602994793874748,8672.4,20834.0,115688.16,1.0,usfs-2022,2022,full
8929aeb20dbffff,7.927638741579979,2.4648085321737176,8126.28,18733.0,102505.68,0.8860220767528684,usfs-2022,2022,partial
8929aeb2103ffff,4.274004501573683,1.5001490214259694,4942.44,10708.0,115639.56,0.9999838489088645,usfs-2022,2022,full
8929aeb2107ffff,6.6346638773184905,1.7498147395596777,7672.32,14796.0,115639.92,1.0,usfs-2022,2022,full
8929aeb210bffff,4.765032766215774,2.400243788764206,5510.16,19601.0,115637.4,0.9999561183239758,usfs-2022,2022,full
8929aeb210fffff,8.597802060957006,1.9338461836572558,9942.12,18219.0,115635.6,0.9999811801583931,usfs-2022,2022,full
8929aeb2113ffff,3.3525291828793775,0.9949056038357806,3877.2,5947.0,115650.0,1.0,usfs-2022,2022,full
8929aeb2117ffff,2.6209043505331153,0.06155529717529581,3030.84,15781.0,115641.0,1.0,usfs-2022,2022,full
8929aeb211bffff,2.034304569792056,0.841715193223928,2352.6,13486.0,115646.4,1.0,usfs-2022,2022,full
8929aeb2123ffff,7.348170196337279,0.5193788797780189,8496.36,20134.0,115625.52,0.9999752906630348,usfs-2022,2022,full
8929aeb2127ffff,3.8514948283484967,1.262335320342634,4453.2,21288.0,115622.64,0.9999910380212089,usfs-2022,2022,full
8929aeb212bffff,8.234660423003994,0.6129262661329169,9521.28,21540.0,115624.44,0.9999568937270533,usfs-2022,2022,full
8929aeb212fffff,7.274250094964101,1.3327122111275393,8410.68,17537.0,115622.64,0.9999819762402081,usfs-2022,2022,full
8929aeb2133ffff,7.547222680585695,2.619322976901197,8726.76,11216.0,115628.76,0.9999717273212492,usfs-2022,2022,full
8929aeb2137ffff,9.852520415819574,0.2335337110236561,11392.56,8305.0,115630.92,1.0,usfs-2022,2022,full
8929aeb213bffff,6.655625324936103,1.4006360376209486,7696.44,15738.0,115638.12,1.0,usfs-2022,2022,full
8929aeb2143ffff,7.128893482172319,1.5811223573096964,8244.36,23664.0,115647.12,0.9999905126657872,usfs-2022,2022,full
8929aeb2147ffff,6.710208046023529,7.171881349045103,7759.8,16448.0,115641.72,0.999984432558334,usfs-2022,2022,full
8929aeb214bffff,2.769459679879472,0.03319502074688797,3202.92,4337.0,115651.44,1.0,usfs-2022,2022,full
8929aeb214fffff,8.085660117737522,1.0829511955453652,9350.28,17395.0,115640.28,0.9999629485673838,usfs-2022,2022,full
8929aeb2153ffff,6.900941957253942,0.5633032540333607,7980.84,19637.0,115648.56,0.9999713916601872,usfs-2022,2022,full
8929aeb2157ffff,4.517380286776288,2.395200599925009,5223.96,23428.0,115641.36,0.9999497434549983,usfs-2022,2022,full
8929aeb215bffff,7.181144127150141,2.1483230987246102,8305.2,18644.0,115652.88,0.9999997125032024,usfs-2022,2022,full
8929aeb2163ffff,6.334989539748954,1.5858569770881208,7325.64,15571.0,115637.76,1.0,usfs-2022,2022,full
8929aeb2167ffff,8.818712794839225,2.1605432589128415,10197.0,21992.0,115629.12,0.9999883210523486,usfs-2022,2022,full
8929aeb216bffff,9.286477028974904,7.243081173042262,10738.44,19824.0,115635.24,0.9999915785495371,usfs-2022,2022,full
8929aeb216fffff,7.591192697111972,2.7719607627025242,8777.52,12703.0,115627.68,0.9999668311118061,usfs-2022,2022,full
8929aeb2173ffff,5.052146570779241,0.761000756909355,5842.08,17464.0,115635.6,0.9999721331090886,usfs-2022,2022,full
8929aeb2177ffff,5.4101004314880425,0.408873882191564,6256.08,13591.0,115637.04,1.0,usfs-2022,2022,full
8929aeb217bffff,7.877278458353438,4.452813469206912,9109.08,18632.0,115637.4,0.9999786618619225,usfs-2022,2022,full
8929aeb2183ffff,5.972114567476957,1.2587458855054006,6906.6,21491.0,115647.48,0.9999982844793316,usfs-2022,2022,full
8929aeb2187ffff,0.5155361295564708,1.0362941738299905,596.16,7460.0,115638.84,0.9999642025224954,usfs-2022,2022,full
8929aeb218bffff,7.032699515608851,0.5942374604167481,8132.76,18307.0,115642.08,0.9999425182322706,usfs-2022,2022,full
8929aeb218fffff,2.1595589356926497,0.0,2497.32,5453.0,115640.28,0.9999675768277592,usfs-2022,2022,full
8929aeb2193ffff,8.133229571984437,2.2057884203205065,9406.08,24803.0,115650.0,0.999988532248448,usfs-2022,2022,full
8929aeb2197ffff,3.134358093174701,1.0038393856982883,3624.84,8911.0,115648.56,1.0,usfs-2022,2022,full
8929aeb219bffff,8.185811094751456,2.344954550684616,9466.92,15277.0,115650.36,0.9999825667130385,usfs-2022,2022,full
8929aeb21a3ffff,2.4855394155993746,0.8173587120955542,2874.24,15814.0,115638.48,1.0,usfs-2022,2022,full
8929aeb21a7ffff,5.549397860443105,2.261401231207337,6416.64,25206.0,115627.68,0.9999805418252083,usfs-2022,2022,full
8929aeb21abffff,3.989115781805049,0.18594366409528357,4612.68,14300.0,115631.64,0.999965059453619,usfs-2022,2022,full
8929aeb21afffff,3.977198433404108,1.1640857974346999,4599.0,9903.0,115634.16,1.0,usfs-2022,2022,full
8929aeb21b3ffff,0.9899726356620521,0.5392326304873833,1144.8,10359.0,115639.56,1.0,usfs-2022,2022,full
8929aeb21b7ffff,2.538940276528112,2.8225219189653665,2935.8,12010.0,115630.92,0.9999769979430869,usfs-2022,2022,full
8929aeb21bbffff,3.3678167718395975,0.0,3894.48,0.0,115638.12,0.9999895317502381,usfs-2022,2022,full
8929aeb21c3ffff,4.880857885480381,6.312810303887943,5644.8,14062.0,115651.8,0.9999768915767838,usfs-2022,2022,full
8929aeb21c7ffff,7.3691747346138285,0.7009612096804833,8521.92,18818.0,115642.8,0.9999396814301245,usfs-2022,2022,full
8929aeb21cbffff,6.687791030653154,0.910437009764687,7734.96,17828.0,115657.92,1.0,usfs-2022,2022,full
8929aeb21cfffff,4.841963057269326,6.434684825388892,5599.8,16175.0,115651.44,1.0,usfs-2022,2022,full
8929aeb21d3ffff,5.261224921722783,1.0351894952582763,6085.44,20512.0,115665.84,1.0,usfs-2022,2022,full
8929aeb21d7ffff,7.448785513950325,1.217104248295437,8614.44,23053.0,115648.92,0.9999610475941034,usfs-2022,2022,full
8929aeb21dbffff,6.307932693804119,0.6401593285439932,7295.76,15087.0,115660.08,1.0,usfs-2022,2022,full
8929aeb2203ffff,0.0,0.0,0.0,0.0,,,chm-legacy,2009-2020,coverage-unknown
8929aeb2207ffff,9.999084112239636,3.0933114821263956,7467.48,13624.0,74681.64,0.6456055635910702,usfs-2022,2022,partial
8929aeb220bffff,0.0,0.0,0.0,0.0,,,chm-legacy,2009-2020,coverage-unknown
8929aeb220fffff,0.0458760690762525,0.0,53.0,5437.0,,,chm-legacy,2009-2020,coverage-unknown
8929aeb2213ffff,0.0,0.0,0.0,0.0,,,chm-legacy,2009-2020,coverage-unknown
8929aeb2217ffff,0.0,0.0,0.0,0.0,,,chm-legacy,2009-2020,coverage-unknown
8929aeb221bffff,0.0,0.0,0.0,0.0,,,chm-legacy,2009-2020,coverage-unknown
8929aeb2223ffff,5.935742499445744,1.6827758848480634,4722.84,5090.0,79566.12,0.6878803869355787,usfs-2022,2022,partial
8929aeb2227ffff,5.436639971613811,0.8342122926455078,6288.12,7446.0,115661.88,0.9999829789160148,usfs-2022,2022,full
8929aeb222bffff,0.6421807935519807,0.0,743.0,0.0,,,chm-legacy,2009-2020,coverage-unknown
8929aeb222fffff,7.265238446152226,2.1051701801907905,5962.68,11970.0,82071.36,0.7095615943823221,usfs-2022,2022,partial
8929aeb2233ffff,4.470833090194706,1.1201292739358772,4964.76,19385.0,111047.76,0.9600212116319187,usfs-2022,2022,partial
8929aeb2237ffff,4.4288964484794535,2.635299853729888,5122.8,14378.0,115667.64,1.0,usfs-2022,2022,full
8929aeb223bffff,5.4286134392001175,1.1609330067099797,1329.12,3341.0,24483.6,0.21166176430209313,usfs-2022,2022,partial
8929aeb2243ffff,0.0,0.0,0.0,0.0,,,chm-legacy,2009-2020,coverage-unknown
8929aeb2247ffff,0.0819349764027267,0.0,95.0,5927.0,,,chm-legacy,2009-2020,coverage-unknown
8929aeb224bffff,0.0,0.0,0.0,0.0,,,chm-legacy,2009-2020,coverage-unknown
8929aeb224fffff,0.7404980340760158,0.0,857.0,9325.0,,,chm-legacy,2009-2020,coverage-unknown
8929aeb2253ffff,0.0,0.0,0.0,0.0,,,chm-legacy,2009-2020,coverage-unknown
8929aeb2257ffff,0.0,0.0,0.0,0.0,,,chm-legacy,2009-2020,coverage-unknown
8929aeb225bffff,0.0,0.0,0.0,0.0,,,chm-legacy,2009-2020,coverage-unknown
8929aeb2263ffff,0.0,0.0,0.0,0.0,,,chm-legacy,2009-2020,coverage-unknown
8929aeb2267ffff,0.9272608125819136,6.854838709677419,1073.0,2661.0,,,chm-legacy,2009-2020,coverage-unknown
8929aeb226bffff,0.0,0.0,0.0,0.0,,,chm-legacy,2009-2020,coverage-unknown
8929aeb226fffff,0.950227726989744,0.0,1099.0,0.0,,,chm-legacy,2009-2020,coverage-unknown
8929aeb2273ffff,0.2228266212275125,0.0,258.0,5351.0,,,chm-legacy,2009-2020,coverage-unknown
8929aeb2277ffff,0.0,0.0,0.0,0.0,,,chm-legacy,2009-2020,coverage-unknown
8929aeb227bffff,0.0425936240621211,0.0,49.0,0.0,,,chm-legacy,2009-2020,coverage-unknown
8929aeb2283ffff,0.0458896027271535,0.0,53.0,0.0,,,chm-legacy,2009-2020,coverage-unknown
8929aeb2287ffff,0.3802156740633911,0.0,440.0,6497.0,,,chm-legacy,2009-2020,coverage-unknown
8929aeb228bffff,0.2130518863286243,0.0,246.0,0.0,,,chm-legacy,2009-2020,coverage-unknown
8929aeb228fffff,0.0,0.0,0.0,0.0,,,chm-legacy,2009-2020,coverage-unknown
8929aeb2293ffff,0.0,0.0,0.0,4153.0,,,chm-legacy,2009-2020,coverage-unknown
8929aeb2297ffff,1.065259431643122,0.0,1232.0,13018.0,,,chm-legacy,2009-2020,coverage-unknown
8929aeb229bffff,0.0,0.0,0.0,0.0,,,chm-legacy,2009-2020,coverage-unknown
8929aeb22a3ffff,2.903680398518664,0.0,3359.0,4303.0,,,chm-legacy,2009-2020,coverage-unknown
8929aeb22a7ffff,2.3977296859012722,0.9969237780562835,894.24,6256.0,37295.28,0.32242795705462596,usfs-2022,2022,partial
8929aeb22abffff,5.292538344985247,1.4303300310686442,1433.52,6053.0,27085.68,0.23415155885494351,usfs-2022,2022,partial
8929aeb22afffff,7.84368283309743,1.2960286155278438,7002.36,14504.0,89273.88,0.7717903267942763,usfs-2022,2022,partial
8929aeb22b3ffff,0.2130379207498934,0.0,246.0,0.0,,,chm-legacy,2009-2020,coverage-unknown
8929aeb22b7ffff,0.0,0.0,0.0,1181.0,5803.92,0.05017490115279194,usfs-2022,2022,partial
8929aeb22bbffff,0.2261331235866679,0.0,262.0,9481.0,,,chm-legacy,2009-2020,coverage-unknown
8929aeb22c3ffff,0.0,0.0,0.0,0.0,,,chm-legacy,2009-2020,coverage-unknown
8929aeb22c7ffff,0.0262209111766633,0.0,30.0,0.0,,,chm-legacy,2009-2020,coverage-unknown
8929aeb22cbffff,0.0,0.0,0.0,0.0,,,chm-legacy,2009-2020,coverage-unknown
8929aeb22cfffff,0.0,0.0,0.0,0.0,,,chm-legacy,2009-2020,coverage-unknown
8929aeb22d3ffff,0.0,0.0,0.0,0.0,,,chm-legacy,2009-2020,coverage-unknown
8929aeb22d7ffff,0.0,0.0,0.0,0.0,,,chm-legacy,2009-2020,coverage-unknown
8929aeb22dbffff,0.0327696945864464,0.0,38.0,0.0,,,chm-legacy,2009-2020,coverage-unknown
8929aeb2303ffff,2.535735631038948,0.0,2932.56,5820.0,115649.28,1.0,usfs-2022,2022,full
8929aeb2307ffff,5.159639379373894,1.5659793254521426,5966.64,19574.0,115640.64,0.9999706333052982,usfs-2022,2022,full
8929aeb230bffff,1.892313391253459,2.265773267748557,2188.44,9084.0,115648.92,0.9999926506143215,usfs-2022,2022,full
8929aeb230fffff,3.11543741575587,1.5631784628745113,3602.88,8977.0,115646.04,1.0,usfs-2022,2022,full
8929aeb2313ffff,1.9380001805396891,0.0,2241.36,0.0,115653.24,1.0,usfs-2022,2022,full
8929aeb2317ffff,3.010322885925262,1.8412995407382209,3481.2,8310.0,115642.08,0.9999514786273105,usfs-2022,2022,full
8929aeb231bffff,0.08062081137531633,0.0,93.24,0.0,115652.52,0.9999921700480495,usfs-2022,2022,full
8929aeb2327ffff,10.49547796578509,4.21178322342533,12136.32,12707.0,115633.8,1.0,usfs-2022,2022,full
8929aeb232bffff,2.986831045110675,0.8558083471447943,3453.84,11844.0,115635.6,0.9999902925053271,usfs-2022,2022,full
8929aeb232fffff,6.741055305794593,2.6214833759590794,7794.72,14804.0,115630.56,0.999987323264567,usfs-2022,2022,full
8929aeb2333ffff,6.122169438339363,1.6243944143630662,7079.76,9942.0,115641.36,1.0,usfs-2022,2022,full
8929aeb2343ffff,7.107793545896849,0.13728618604133427,8220.24,9689.0,115651.08,0.9999617765108304,usfs-2022,2022,full
8929aeb2347ffff,0.0,0.0,0.0,0.0,115652.52,1.0,usfs-2022,2022,full
8929aeb234bffff,16.330767530822314,4.016205056289198,18888.12,8870.0,115659.72,1.0,usfs-2022,2022,full
8929aeb234fffff,5.333623869632212,0.3938104140976172,6168.24,9014.0,115648.2,0.9999684927536844,usfs-2022,2022,full
8929aeb2353ffff,2.752436355939853,1.1139896373056994,3183.48,8245.0,115660.44,1.0,usfs-2022,2022,full
8929aeb2357ffff,0.26241000084045907,0.0,303.48,4875.0,115651.08,0.9999707426740462,usfs-2022,2022,full
8929aeb235bffff,9.30264406990678,1.6727053140096617,10759.68,17586.0,115662.6,1.0,usfs-2022,2022,full
8929aeb2363ffff,7.30340576551896,1.7783149171270718,8445.6,6144.0,115639.2,0.9999718459113816,usfs-2022,2022,full
8929aeb2367ffff,3.2364414087672824,0.0,3742.56,289.0,115638.12,1.0,usfs-2022,2022,full
8929aeb2373ffff,0.7352849618349127,0.0,850.32,0.0,115644.96,0.9999900267031199,usfs-2022,2022,full
8929aeb2377ffff,0.9005896013497948,0.4891644388828849,1041.48,6298.0,115644.24,1.0,usfs-2022,2022,full
8929aeb237bffff,8.38083083005183,0.4969870162142014,9692.28,5766.0,115648.2,1.0,usfs-2022,2022,full
8929aeb2383ffff,6.070840479740519,7.272989869395671,7021.08,16179.0,115652.52,0.9999785651753669,usfs-2022,2022,full
8929aeb2387ffff,3.536520071720291,2.80069706237997,4089.96,19678.0,115649.28,0.9999911454599717,usfs-2022,2022,full
8929aeb238bffff,6.062945312718862,0.0,7012.08,5610.0,115654.68,0.9999882392971872,usfs-2022,2022,full
8929aeb238fffff,6.973609667116985,0.8597007846004862,8065.08,18059.0,115651.44,1.0,usfs-2022,2022,full
8929aeb2393ffff,4.573426007489051,0.6428811847862673,5289.48,10627.0,115656.84,0.9999843383634833,usfs-2022,2022,full
8929aeb2397ffff,5.950943161302372,1.9147202607278653,6882.48,20802.0,115653.6,0.9999969155482105,usfs-2022,2022,full
8929aeb239bffff,4.431392323111592,0.0,5125.32,0.0,115659.36,0.9999971191643501,usfs-2022,2022,full
8929aeb23a3ffff,8.271926629495765,3.3158675546857737,9565.56,22054.0,115638.84,0.9999730708553592,usfs-2022,2022,full
8929aeb23a7ffff,5.895959875841758,1.375105403126419,6817.68,21895.0,115633.08,0.9999638778631205,usfs-2022,2022,full
8929aeb23abffff,7.582011866738888,1.096092925026399,8768.16,16859.0,115644.24,1.0,usfs-2022,2022,full
8929aeb23afffff,4.638254156030135,0.6076414187042811,5363.64,24555.0,115639.2,1.0,usfs-2022,2022,full
8929aeb23b3ffff,13.802281132098965,10.235315578256111,15962.04,17715.0,115647.84,1.0,usfs-2022,2022,full
8929aeb23b7ffff,8.872423883942469,2.948546608753759,10260.0,20914.0,115639.2,0.9999852005519726,usfs-2022,2022,full
8929aeb23bbffff,7.640250773550488,6.767804124130638,8835.84,16505.0,115648.56,1.0,usfs-2022,2022,full
8929aeb23c3ffff,0.45036633114841856,7.366863905325443,520.92,2254.0,115665.84,1.0,usfs-2022,2022,full
8929aeb23c7ffff,0.5363023462838573,3.094119552891625,620.28,2154.0,115658.64,1.0,usfs-2022,2022,full
8929aeb23cbffff,0.6088128460755537,0.0,704.16,5010.0,115661.16,0.9999857206597726,usfs-2022,2022,full
8929aeb23cfffff,0.0,0.0,0.0,31.0,115659.36,1.0,usfs-2022,2022,full
8929aeb23d3ffff,0.0,0.0,0.0,481.0,115661.52,0.9999662250537684,usfs-2022,2022,full
8929aeb23d7ffff,1.6627448050897047,0.0,1923.12,5863.0,115659.36,0.9999881219354783,usfs-2022,2022,full
8929aeb23dbffff,4.98551157673262,0.782481866918953,5766.48,18122.0,115664.76,0.9999852547078183,usfs-2022,2022,full
8929aeb2403ffff,6.196014736265651,2.1251193887297037,7168.68,11805.0,115698.24,0.9999864179062848,usfs-2022,2022,full
8929aeb2407ffff,5.894159675371555,0.7122914239233187,6818.76,16259.0,115686.72,0.9999273864845688,usfs-2022,2022,full
8929aeb240bffff,1.2632509108785817,0.09930351507236913,1461.6,26438.0,115701.48,1.0,usfs-2022,2022,full
8929aeb240fffff,2.918022789079662,1.6428495064324151,3376.08,9936.0,115697.52,1.0,usfs-2022,2022,full
8929aeb2413ffff,1.7756965727531542,0.0,2054.52,5963.0,115702.2,0.9999891734638009,usfs-2022,2022,full
8929aeb2417ffff,7.696663648611228,4.245472103786305,8905.32,18919.0,115703.64,1.0,usfs-2022,2022,full
8929aeb241bffff,0.09490234393231751,0.0,109.8,15382.0,115697.88,0.999942776644225,usfs-2022,2022,full
8929aeb2423ffff,6.3241783204814634,0.2487086282762579,7316.28,18770.0,115687.44,1.0,usfs-2022,2022,full
8929aeb2427ffff,6.532617964310389,1.0497667185069983,7556.76,16492.0,115677.36,0.9999590741743364,usfs-2022,2022,full
8929aeb242bffff,6.916424719387834,0.7323351339593227,8001.36,19714.0,115686.36,0.9999872505387193,usfs-2022,2022,full
8929aeb242fffff,8.085164647087014,0.901834313482277,9353.52,24447.0,115687.44,1.0,usfs-2022,2022,full
8929aeb2433ffff,7.054836722119531,0.4064547439941762,8161.56,17730.0,115687.44,0.9999741573207752,usfs-2022,2022,full
8929aeb2437ffff,6.377900318661621,0.15701411491470535,7378.2,21976.0,115683.84,0.9999835968672632,usfs-2022,2022,full
8929aeb243bffff,4.10653273837307,0.646507631245141,4750.92,8741.0,115691.76,1.0,usfs-2022,2022,full
8929aeb2443ffff,0.0,0.0,0.0,793.0,12611.16,0.10899257808522576,usfs-2022,2022,partial
8929aeb2447ffff,2.073631013306039,0.45180292242143494,2333.88,25065.0,112550.4,0.9727618517370784,usfs-2022,2022,partial
8929aeb244bffff,0.0,0.0,0.0,426.0,6810.48,0.058859380922933274,usfs-2022,2022,partial
8929aeb244fffff,0.04211780658681404,0.13694102091892146,44.28,7613.0,105133.68,0.9086516728531427,usfs-2022,2022,partial
8929aeb2453ffff,2.5728572544730057,0.0,1185.48,0.0,46076.4,0.39820504614951163,usfs-2022,2022,partial
8929aeb2457ffff,0.030060680629736304,0.0,30.96,18901.0,102991.68,0.8901187681288233,usfs-2022,2022,partial
8929aeb2463ffff,7.639433429172423,1.2402917139037886,8838.36,21012.0,115693.92,1.0,usfs-2022,2022,full
8929aeb2467ffff,5.415834251324085,0.8,6265.44,16874.0,115687.44,0.9999875365133705,usfs-2022,2022,full
8929aeb246bffff,3.1091307378273427,0.2612787611830045,3597.12,26248.0,115695.36,1.0,usfs-2022,2022,full
8929aeb246fffff,2.2903162565776576,0.36328070420567277,2649.6,25672.0,115687.08,0.9999753854873229,usfs-2022,2022,full
8929aeb2473ffff,2.364659864263109,0.45026115146785134,2735.64,5970.0,115688.52,0.9999248357877092,usfs-2022,2022,full
8929aeb2477ffff,2.7074374404898967,1.7652349898808186,3132.36,9436.0,115694.64,1.0,usfs-2022,2022,full
8929aeb247bffff,2.270598595384122,0.14192946300112766,2626.92,18490.0,115692.84,0.9999531352231212,usfs-2022,2022,full
8929aeb2483ffff,5.949376934924314,0.6208926339555698,6883.56,8874.0,115702.2,0.9999667885319629,usfs-2022,2022,full
8929aeb2487ffff,2.839370950979233,0.0,3285.0,0.0,115694.64,0.9999419841766495,usfs-2022,2022,full
8929aeb248bffff,4.0167764979682765,2.5279318382766656,4647.6,8731.0,115704.72,0.9999794921239483,usfs-2022,2022,full
8929aeb248fffff,2.759144254583017,2.1105574880135376,3192.48,7497.0,115705.44,1.0,usfs-2022,2022,full
8929aeb249bffff,4.8158807697692865,1.4152994662976874,5572.08,8977.0,115702.2,0.9999262629969621,usfs-2022,2022,full
8929aeb24a3ffff,3.6903698771225075,0.4181579786668557,4269.6,10116.0,115695.72,1.0,usfs-2022,2022,full
8929aeb24a7ffff,5.803568650149057,0.357438646963951,6714.0,24688.0,115687.44,0.9999923174008797,usfs-2022,2022,full
8929aeb24abffff,5.35020787174189,1.062215477996965,6189.48,7276.0,115686.72,0.9999364560979901,usfs-2022,2022,full
8929aeb24afffff,7.405459569806812,1.3926643083224726,8566.92,19066.0,115683.84,0.9999521144400635,usfs-2022,2022,full
8929aeb24b3ffff,5.171496404534238,0.8232171487853842,5983.2,26500.0,115695.72,0.9999918632980752,usfs-2022,2022,full
8929aeb24b7ffff,4.966843109248143,0.7406447966464922,5745.96,30347.0,115686.36,0.9999515143070776,usfs-2022,2022,full
8929aeb24bbffff,5.559980833016995,2.7043231303250237,6432.84,11100.0,115698.96,1.0,usfs-2022,2022,full
8929aeb24c3ffff,0.3789481544167061,0.0,438.48,0.0,115709.76,0.9999734668067359,usfs-2022,2022,full
8929aeb24c7ffff,2.988659521179783,2.2506666666666666,3458.16,13196.0,115709.4,1.0,usfs-2022,2022,full
8929aeb24cbffff,1.343491894253231,3.776253447422389,1306.44,4899.0,97242.12,0.84036696449934,usfs-2022,2022,partial
8929aeb24cfffff,0.8437532084089092,0.15951790145338532,976.32,4056.0,115711.56,1.0,usfs-2022,2022,full
8929aeb24d3ffff,0.0,0.0,0.0,0.0,64184.76,0.554672641815843,usfs-2022,2022,partial
8929aeb24d7ffff,1.0696019015144915,1.2608695652173914,1237.68,10628.0,115714.08,1.0,usfs-2022,2022,full
8929aeb24dbffff,0.0,0.0,0.0,0.0,115719.12,1.0,usfs-2022,2022,full
8929aeb2503ffff,4.005738934500209,0.026993202620794583,4633.56,14666.0,115673.04,1.0,usfs-2022,2022,full
8929aeb2507ffff,5.112642476080204,0.7732409642769672,5913.36,10210.0,115661.52,0.9999935677234467,usfs-2022,2022,full
8929aeb250bffff,9.122515422588256,0.9025603241849327,10551.24,17431.0,115661.52,0.9999438758532222,usfs-2022,2022,full
8929aeb250fffff,5.201155328141827,0.8148521505376344,6015.96,8501.0,115665.84,1.0,usfs-2022,2022,full
8929aeb2513ffff,1.0544859225506857,0.0,1219.68,5509.0,115665.84,0.9999588138667155,usfs-2022,2022,full
8929aeb2517ffff,5.37386741036551,0.0,6215.4,0.0,115659.72,0.9999465018437284,usfs-2022,2022,full
8929aeb251bffff,9.012398700377188,1.619776054198648,10425.24,26348.0,115676.64,1.0,usfs-2022,2022,full
8929aeb2523ffff,1.0766711904080084,0.681901953556948,1245.24,7760.0,115656.48,1.0,usfs-2022,2022,full
8929aeb2527ffff,3.2110348777845568,1.2281884220774357,3713.4,14244.0,115644.96,0.999963139510433,usfs-2022,2022,full
8929aeb252bffff,6.718626953568794,1.1251141552511417,7770.6,19488.0,115657.56,1.0,usfs-2022,2022,full
8929aeb252fffff,2.525510362903979,5.461901550910317,2920.68,5047.0,115647.12,0.9999727181269806,usfs-2022,2022,full
8929aeb2533ffff,8.918383037267835,3.225326254155709,10314.72,14042.0,115656.84,0.9999937171305622,usfs-2022,2022,full
8929aeb2537ffff,4.405640115790456,4.119323508456144,5095.44,18409.0,115657.2,1.0,usfs-2022,2022,full
8929aeb253bffff,6.441411295970616,1.0721341492796224,7449.84,14782.0,115655.4,0.9999721676597935,usfs-2022,2022,full
8929aeb2543ffff,5.997472782615732,2.034701273459802,6937.2,17420.0,115668.72,0.9999564594900091,usfs-2022,2022,full
8929aeb2547ffff,7.494957920422289,1.749477914811458,8669.16,17953.0,115666.56,0.999978369761652,usfs-2022,2022,full
8929aeb254bffff,9.12044615681466,0.3158211349508723,10550.16,21476.0,115675.92,1.0,usfs-2022,2022,full
8929aeb254fffff,7.9227056147044825,1.6869341087832925,9164.52,21421.0,115674.12,1.0,usfs-2022,2022,full
8929aeb2553ffff,5.262568267749615,0.2797372901970323,6087.96,23613.0,115684.2,1.0,usfs-2022,2022,full
8929aeb2557ffff,6.999760356788283,1.0784329842673726,8096.76,21662.0,115671.96,0.9999935435522834,usfs-2022,2022,full
8929aeb255bffff,6.992132061847969,1.2682317608052454,8087.76,23906.0,115669.44,0.9999221101352256,usfs-2022,2022,full
8929aeb2563ffff,6.505879350376913,1.246071303850916,7525.08,22397.0,115665.84,1.0,usfs-2022,2022,full
8929aeb2567ffff,6.733385214007782,0.8927878270320627,7787.16,22979.0,115650.0,0.9999479168637216,usfs-2022,2022,full
8929aeb256bffff,4.929441570648689,0.4997468242960615,5701.68,16271.0,115665.84,1.0,usfs-2022,2022,full
8929aeb256fffff,7.35403061637397,2.5838987972971057,8505.36,24756.0,115655.76,0.9999886461973366,usfs-2022,2022,full
8929aeb2573ffff,7.464721224532989,0.6572505020663558,8634.24,21548.0,115667.28,1.0,usfs-2022,2022,full
8929aeb2577ffff,9.707601611085865,1.5897124341838802,11227.68,20993.0,115658.64,0.9999910921800684,usfs-2022,2022,full
8929aeb257bffff,5.291105750525251,0.9419039401783146,6119.64,19839.0,115659.0,0.9999445289464501,usfs-2022,2022,full
8929aeb2583ffff,5.782966049738114,0.33699408122070545,6689.52,20974.0,115676.28,1.0,usfs-2022,2022,full
8929aeb2587ffff,6.103444197526253,1.1578434900408525,7059.6,16811.0,115665.84,0.9999770330145459,usfs-2022,2022,full
8929aeb258bffff,0.394315875960114,0.0,456.12,5139.0,115673.76,0.9999957929852903,usfs-2022,2022,full
8929aeb258fffff,5.7993252328071305,1.6776884346584504,6707.88,18841.0,115666.56,0.9999741429466514,usfs-2022,2022,full
8929aeb2593ffff,8.308125132265252,3.0760359998997218,9610.56,13918.0,115676.64,0.9999983242582641,usfs-2022,2022,full
8929aeb2597ffff,6.802407733630461,1.0809161286177764,7868.16,22172.0,115667.28,0.9999580029199252,usfs-2022,2022,full
8929aeb259bffff,0.8546104146696709,0.0,988.56,1560.0,115673.76,0.9999643122644377,usfs-2022,2022,full
8929aeb25a3ffff,1.7953354893129607,0.11405901314158196,2076.48,7251.0,115659.72,0.9999962238841047,usfs-2022,2022,full
8929aeb25a7ffff,4.206561663450166,1.188444661140907,4865.04,11673.0,115653.6,0.9999839316598783,usfs-2022,2022,full
8929aeb25abffff,6.523464613986323,1.577201817958482,7544.88,14423.0,115657.56,0.9999684341811815,usfs-2022,2022,full
8929aeb25afffff,6.746640686523215,1.2220657564440092,7803.0,29040.0,115657.56,1.0,usfs-2022,2022,full
8929aeb25b3ffff,6.543559928165258,0.25549416310082673,7568.64,17287.0,115665.48,1.0,usfs-2022,2022,full
8929aeb25b7ffff,2.6594784384279695,0.6646005509641872,3075.84,10385.0,115655.76,0.9999711100344789,usfs-2022,2022,full
8929aeb25bbffff,4.9827093014931325,0.19918334827208445,5762.88,3608.0,115657.56,0.9999369364111933,usfs-2022,2022,full
8929aeb25c3ffff,0.4527914358623265,0.0034591902035733435,523.8,20813.0,115682.4,1.0,usfs-2022,2022,full
8929aeb25c7ffff,0.29348969518154033,0.0,339.48,602.0,115670.16,0.9999555715455677,usfs-2022,2022,full
8929aeb25cbffff,2.5166020426580693,0.5032470535995115,2911.32,19360.0,115684.56,1.0,usfs-2022,2022,full
8929aeb25cfffff,3.679324264181831,0.6225179778898787,4255.92,16666.0,115671.24,0.9999558186268138,usfs-2022,2022,full
8929aeb25d3ffff,4.015385620792995,0.10479983232026828,4645.08,17158.0,115682.04,0.9999862072092784,usfs-2022,2022,full
8929aeb25d7ffff,0.0,0.0,0.0,4744.0,115676.64,0.9999801039576214,usfs-2022,2022,full
8929aeb25dbffff,4.375007779727897,0.3930965357388962,5061.24,22896.0,115685.28,1.0,usfs-2022,2022,full
8929aeb2603ffff,0.0,0.0,0.0,0.0,,,chm-legacy,2009-2020,coverage-unknown
8929aeb2607ffff,0.0622787465582798,0.0,72.0,0.0,,,chm-legacy,2009-2020,coverage-unknown
8929aeb260bffff,0.0753875905470516,0.0,87.0,0.0,,,chm-legacy,2009-2020,coverage-unknown
8929aeb260fffff,0.0,0.0,0.0,0.0,,,chm-legacy,2009-2020,coverage-unknown
8929aeb2613ffff,0.0,0.0,0.0,4314.0,,,chm-legacy,2009-2020,coverage-unknown
8929aeb2617ffff,1.3769137461888994,0.0,1593.0,6589.0,,,chm-legacy,2009-2020,coverage-unknown
8929aeb261bffff,0.0,0.0,0.0,6463.0,,,chm-legacy,2009-2020,coverage-unknown
8929aeb2623ffff,1.5834508081172345,0.0,1832.0,6468.0,,,chm-legacy,2009-2020,coverage-unknown
8929aeb2627ffff,0.0,0.0,0.0,0.0,126.36,0.0010922348013163935,usfs-2022,2022,partial
8929aeb262fffff,0.0,0.0,0.0,6232.0,,,chm-legacy,2009-2020,coverage-unknown
8929aeb2633ffff,2.799541058842813,0.0,3239.0,6808.0,,,chm-legacy,2009-2020,coverage-unknown
8929aeb2637ffff,0.0,0.0,0.0,0.0,8.64,7.46803667635824e-05,usfs-2022,2022,partial
8929aeb2643ffff,0.0,0.0,0.0,0.0,,,chm-legacy,2009-2020,coverage-unknown
8929aeb2647ffff,0.0,0.0,0.0,0.0,,,chm-legacy,2009-2020,coverage-unknown
8929aeb264bffff,0.0,0.0,0.0,0.0,,,chm-legacy,2009-2020,coverage-unknown
8929aeb264fffff,0.0,0.0,0.0,0.0,,,chm-legacy,2009-2020,coverage-unknown
8929aeb2653ffff,1.0982166273275635,0.0,1271.0,5651.0,,,chm-legacy,2009-2020,coverage-unknown
8929aeb2657ffff,0.0,0.0,0.0,0.0,,,chm-legacy,2009-2020,coverage-unknown
8929aeb265bffff,0.0,0.0,0.0,0.0,,,chm-legacy,2009-2020,coverage-unknown
8929aeb2663ffff,0.0,0.0,0.0,0.0,,,chm-legacy,2009-2020,coverage-unknown
8929aeb2667ffff,0.0,0.0,0.0,0.0,,,chm-legacy,2009-2020,coverage-unknown
8929aeb266bffff,0.0,0.0,0.0,0.0,,,chm-legacy,2009-2020,coverage-unknown
8929aeb266fffff,0.0557157839538542,0.0,64.0,0.0,,,chm-legacy,2009-2020,coverage-unknown
8929aeb2673ffff,0.0,0.0,0.0,0.0,,,chm-legacy,2009-2020,coverage-unknown
8929aeb2677ffff,0.0163912929451875,0.0,19.0,0.0,,,chm-legacy,2009-2020,coverage-unknown
8929aeb267bffff,0.0,0.0,0.0,0.0,,,chm-legacy,2009-2020,coverage-unknown
8929aeb2683ffff,11.696443206031798,0.0,13534.0,0.0,,,chm-legacy,2009-2020,coverage-unknown
8929aeb2687ffff,0.3442622950819672,0.0,398.0,6474.0,,,chm-legacy,2009-2020,coverage-unknown
8929aeb268bffff,4.376331748893624,0.0,5064.0,0.0,,,chm-legacy,2009-2020,coverage-unknown
8929aeb268fffff,8.669989506820567,0.0,10032.0,0.0,,,chm-legacy,2009-2020,coverage-unknown
8929aeb2693ffff,0.0,0.0,0.0,0.0,,,chm-legacy,2009-2020,coverage-unknown
8929aeb2697ffff,1.0262295081967214,0.0,1187.0,6301.0,,,chm-legacy,2009-2020,coverage-unknown
8929aeb269bffff,1.272006032193555,0.0,1472.0,0.0,,,chm-legacy,2009-2020,coverage-unknown
8929aeb26a3ffff,0.0,0.0,0.0,251.0,1249.92,0.010803078773746859,usfs-2022,2022,partial
8929aeb26a7ffff,0.03316749585406302,0.0,35.64,30215.0,107454.6,0.9287694832250535,usfs-2022,2022,partial
8929aeb26abffff,0.0,0.0,0.0,22412.0,,,chm-legacy,2009-2020,coverage-unknown
8929aeb26afffff,0.0,0.0,0.0,0.0,2383.92,0.020604908379997757,usfs-2022,2022,partial
8929aeb26b3ffff,0.0,0.0,0.0,0.0,207.72,0.0017952707649490638,usfs-2022,2022,partial
8929aeb26b7ffff,0.0,0.0,0.0,20214.0,101888.28,0.8806299945814327,usfs-2022,2022,partial
8929aeb26bbffff,1.9276792446644593,0.6936416184971098,2230.0,9896.0,,,chm-legacy,2009-2020,coverage-unknown
8929aeb26c3ffff,0.0,0.0,0.0,0.0,,,chm-legacy,2009-2020,coverage-unknown
8929aeb26c7ffff,0.0,0.0,0.0,0.0,,,chm-legacy,2009-2020,coverage-unknown
8929aeb26cbffff,0.1376688081814606,0.0,159.0,0.0,,,chm-legacy,2009-2020,coverage-unknown
8929aeb26cfffff,0.177020160629405,0.0,205.0,4861.0,,,chm-legacy,2009-2020,coverage-unknown
8929aeb26d3ffff,0.0,0.0,0.0,0.0,,,chm-legacy,2009-2020,coverage-unknown
8929aeb26d7ffff,0.0,0.0,0.0,0.0,,,chm-legacy,2009-2020,coverage-unknown
8929aeb26dbffff,0.0,0.0,0.0,0.0,,,chm-legacy,2009-2020,coverage-unknown
8929aeb2803ffff,10.37692949780109,1.7130157447361203,11994.12,24518.0,115584.48,1.0,usfs-2022,2022,full
8929aeb2807ffff,11.000121476027173,4.887146958210853,12713.76,19919.0,115578.36,1.0,usfs-2022,2022,full
8929aeb280bffff,7.042806283113897,3.245486823023454,8139.96,27861.0,115578.36,0.9999514929720682,usfs-2022,2022,full
8929aeb280fffff,9.426810314486564,3.5526336583592775,10895.76,21970.0,115582.68,1.0,usfs-2022,2022,full
8929aeb2813ffff,11.586127419681373,4.014733557446397,13391.64,21483.0,115583.4,0.9999724854225704,usfs-2022,2022,full
8929aeb2817ffff,9.965209753727414,4.6635789089415685,11518.2,15043.0,115584.12,1.0,usfs-2022,2022,full
8929aeb2823ffff,11.116406566364514,1.7181057103586157,12847.32,5663.0,115570.8,1.0,usfs-2022,2022,full
8929aeb2827ffff,15.488039276157368,6.212593135458654,17898.48,22114.0,115563.24,0.9999836043871551,usfs-2022,2022,full
8929aeb282bffff,12.434040432358346,4.235190397070292,14370.12,10167.0,115570.8,0.9999992175453644,usfs-2022,2022,full
8929aeb282fffff,16.432100380664014,5.856639457602926,18990.0,7598.0,115566.48,1.0,usfs-2022,2022,full
8929aeb2833ffff,7.534833301664336,5.641445973827761,8708.04,12019.0,115570.44,0.9999734769612041,usfs-2022,2022,full
8929aeb2837ffff,10.984540530101267,6.1252653927813165,12695.04,6367.0,115571.88,1.0,usfs-2022,2022,full
8929aeb283bffff,9.717632033890386,3.935294937944499,11230.92,12400.0,115572.6,0.9999831068869723,usfs-2022,2022,full
8929aeb2843ffff,8.777388460640037,2.5418533364772458,10145.52,22319.0,115587.0,0.9999764963047545,usfs-2022,2022,full
8929aeb2847ffff,11.92133631094209,6.205658603299427,13779.0,11851.0,115582.68,0.9999798288450948,usfs-2022,2022,full
8929aeb284bffff,6.539349148361659,4.0711995166612445,7558.92,14862.0,115591.32,1.0,usfs-2022,2022,full
8929aeb284fffff,10.806231585242031,3.4458402704202613,12490.56,20669.0,115586.64,1.0,usfs-2022,2022,full
8929aeb2853ffff,5.25283103486938,0.5425764479679722,6071.76,13594.0,115590.24,0.99997285810639,usfs-2022,2022,full
8929aeb2857ffff,5.398570471993398,2.981659839846489,6240.24,9465.0,115590.6,1.0,usfs-2022,2022,full
8929aeb285bffff,0.771374741136353,0.04817651876475405,891.72,14938.0,115601.4,1.0,usfs-2022,2022,full
8929aeb2863ffff,10.277343433651252,4.509339770783041,11878.2,14667.0,115576.56,0.9999992815761273,usfs-2022,2022,full
8929aeb2867ffff,11.907758250110582,2.262001239452734,13761.72,14762.0,115569.36,0.9999777136438865,usfs-2022,2022,full
8929aeb286bffff,13.397142599069959,3.9277032502025753,15484.68,15366.0,115581.96,1.0,usfs-2022,2022,full
8929aeb286fffff,10.683391946572138,1.6404968361846732,12346.92,18131.0,115571.16,0.9999842544087186,usfs-2022,2022,full
8929aeb2873ffff,4.891981461178112,2.800751879699248,5654.16,16754.0,115580.16,0.999998742667396,usfs-2022,2022,full
8929aeb2877ffff,9.376314076307535,3.219743980709904,10836.72,19651.0,115575.48,0.9999989763841702,usfs-2022,2022,full
8929aeb287bffff,21.023238719363107,4.729044043028212,24298.92,8449.0,115581.24,0.999999052344803,usfs-2022,2022,full
8929aeb2883ffff,2.333715382027931,11.226783390512244,2697.48,5403.0,115587.36,0.9999841631224221,usfs-2022,2022,full
8929aeb2887ffff,11.688894149012377,5.626000699339309,13510.8,18461.0,115586.64,1.0,usfs-2022,2022,full
8929aeb288bffff,5.847618098465218,3.2378391273231983,6759.36,16062.0,115591.68,1.0,usfs-2022,2022,full
8929aeb288fffff,14.826627132316528,3.2747813237362062,17137.44,14610.0,115585.56,1.0,usfs-2022,2022,full
8929aeb2893ffff,10.778564332229804,4.7196478220574605,12459.24,29609.0,115592.76,0.9999992416068095,usfs-2022,2022,full
8929aeb2897ffff,12.288373136001795,4.422820581178352,14204.16,12906.0,115590.24,1.0,usfs-2022,2022,full
8929aeb289bffff,11.817723158950338,5.963383247543285,13660.56,11575.0,115593.84,0.9999995089394113,usfs-2022,2022,full
8929aeb28a3ffff,13.71475917406188,1.348337914224965,15850.8,13697.0,115574.76,0.9999882599578381,usfs-2022,2022,full
8929aeb28a7ffff,12.455571442366699,2.586166580928775,14394.6,14998.0,115567.56,0.999966706602507,usfs-2022,2022,full
8929aeb28abffff,11.061239873041186,6.9443204741417786,12784.32,18766.0,115577.64,1.0,usfs-2022,2022,full
8929aeb28afffff,7.666045740843421,0.6791241356601909,8859.6,8687.0,115569.36,0.9999732017159174,usfs-2022,2022,full
8929aeb28b3ffff,14.85709480084223,4.675997323013356,17171.64,11794.0,115578.72,0.9999908667864995,usfs-2022,2022,full
8929aeb28b7ffff,10.066158743606834,3.212032993692383,11634.12,10772.0,115576.56,1.0,usfs-2022,2022,full
8929aeb28bbffff,12.723710685163613,7.843029738078265,14706.36,18151.0,115582.32,1.0,usfs-2022,2022,full
8929aeb28c3ffff,10.231016935428618,3.0027054833669933,11826.72,18328.0,115596.72,1.0,usfs-2022,2022,full
8929aeb28c7ffff,7.836554183471667,2.8900933082868843,9058.32,22705.0,115590.6,0.9999940624994804,usfs-2022,2022,full
8929aeb28cbffff,8.673702962033278,1.1550023732925478,10026.36,13494.0,115594.92,0.9999816856833232,usfs-2022,2022,full
8929aeb28d7ffff,9.221033224122682,2.0766400430763707,10658.88,19641.0,115593.12,0.9999842147165982,usfs-2022,2022,full
8929aeb2903ffff,6.19830204844614,7.5018615040953085,7162.2,7155.0,115551.0,1.0,usfs-2022,2022,full
8929aeb2907ffff,1.5151467944503816,0.0,1750.68,0.0,115545.24,1.0,usfs-2022,2022,full
8929aeb290bffff,1.5521651488763781,0.0,1793.52,0.0,115549.56,0.9999875219560572,usfs-2022,2022,full
8929aeb290fffff,0.3115643333613741,0.0,360.0,0.0,115545.96,0.9999971511974598,usfs-2022,2022,full
8929aeb2913ffff,15.831482271867708,2.78235100428054,18294.12,10629.0,115555.32,1.0,usfs-2022,2022,full
8929aeb2917ffff,11.673546959948904,5.662036677788986,13488.48,13130.0,115547.4,0.9999870066026387,usfs-2022,2022,full
8929aeb291bffff,7.591462369812356,2.2429181218471093,8772.12,13604.0,115552.44,0.9999807490168574,usfs-2022,2022,full
8929aeb2923ffff,0.0,0.0,0.0,0.0,115537.32,1.0,usfs-2022,2022,full
8929aeb2927ffff,0.04424751185646356,0.0,51.12,3333.0,115531.92,0.9999980440529954,usfs-2022,2022,full
8929aeb292fffff,0.0,0.0,0.0,0.0,115532.64,0.9999951827223595,usfs-2022,2022,full
8929aeb2933ffff,0.6857787374318038,0.0,792.36,0.0,115541.64,1.0,usfs-2022,2022,full
8929aeb2937ffff,0.21001595373417092,0.0,242.64,933.0,115534.08,0.9999850261923058,usfs-2022,2022,full
8929aeb293bffff,0.019006253368936302,0.0,21.96,0.0,115540.92,0.9999943256160491,usfs-2022,2022,full
8929aeb2943ffff,13.1584358293768,1.4869498285634315,15205.32,10137.0,115555.68,0.999990639634857,usfs-2022,2022,full
8929aeb2947ffff,1.0140787149395136,0.0,1171.8,0.0,115553.16,1.0,usfs-2022,2022,full
8929aeb294bffff,10.721762536137973,9.952404024282497,12389.76,11374.0,115557.12,0.9999940422288172,usfs-2022,2022,full
8929aeb294fffff,0.6361925650835587,0.0,735.12,0.0,115549.92,0.9999725002423934,usfs-2022,2022,full
8929aeb2953ffff,13.466187337229444,2.795575896262395,15561.72,18351.0,115561.44,1.0,usfs-2022,2022,full
8929aeb2957ffff,9.940092151542245,2.292426712204714,11486.52,13595.0,115557.48,1.0,usfs-2022,2022,full
8929aeb295bffff,16.074143302180683,23.057314586240206,18575.28,10323.0,115560.0,0.9999872613011161,usfs-2022,2022,full
8929aeb2963ffff,0.0,0.0,0.0,636.0,115543.44,0.9999979787734211,usfs-2022,2022,full
8929aeb296bffff,0.0,0.0,0.0,5123.0,115544.52,0.999998262543277,usfs-2022,2022,full
8929aeb2973ffff,0.0,0.0,0.0,0.0,115547.76,1.0,usfs-2022,2022,full
8929aeb2977ffff,0.0,0.0,0.0,0.0,115540.92,0.9999852421300727,usfs-2022,2022,full
8929aeb297bffff,0.1507938486079609,0.0,174.24,0.0,115548.48,1.0,usfs-2022,2022,full
8929aeb2983ffff,19.52503637150966,5.747867298578199,22562.64,8949.0,115557.48,1.0,usfs-2022,2022,full
8929aeb2987ffff,13.670492497881462,4.780808710939715,15796.44,12089.0,115551.36,0.9999987005348422,usfs-2022,2022,full
8929aeb298bffff,17.22919717125144,8.78472898553291,19909.44,18544.0,115556.4,0.9999924252978342,usfs-2022,2022,full
8929aeb298fffff,12.6744283858345,1.6136537065644254,14645.52,19030.0,115551.72,0.9999927065195173,usfs-2022,2022,full
8929aeb2993ffff,19.387418146927434,4.675404047263344,22404.24,10107.0,115560.72,1.0,usfs-2022,2022,full
8929aeb2997ffff,22.714570112063406,7.136050820539968,26247.24,15788.0,115552.44,0.9999763754082992,usfs-2022,2022,full
8929aeb299bffff,34.286800164483935,11.114548688993734,39622.32,4137.0,115561.44,1.0,usfs-2022,2022,full
8929aeb29a3ffff,15.618505790459217,5.766181346403345,18046.44,18827.0,115545.24,1.0,usfs-2022,2022,full
8929aeb29a7ffff,2.9778708394872466,0.9657284183252856,3440.52,15136.0,115536.24,0.9999811314458443,usfs-2022,2022,full
8929aeb29abffff,8.02954958996984,7.392034786046052,9277.56,10121.0,115542.72,0.999987297951992,usfs-2022,2022,full
8929aeb29afffff,1.0528250858399857,0.9397180845746277,1216.44,7134.0,115540.56,1.0,usfs-2022,2022,full
8929aeb29b3ffff,18.00629361914257,2.2232734153263953,20805.48,19347.0,115545.6,0.9999896470784881,usfs-2022,2022,full
8929aeb29b7ffff,6.453693433204133,3.793097114307232,7456.68,18855.0,115541.28,0.9999930632961521,usfs-2022,2022,full
8929aeb29bbffff,14.569365170359664,4.741013646169135,16834.68,14148.0,115548.48,1.0,usfs-2022,2022,full
8929aeb29c3ffff,14.598033076954229,1.9062417099329216,16869.96,18636.0,115563.24,1.0,usfs-2022,2022,full
8929aeb29c7ffff,15.020576772702206,3.2702265372168284,17357.4,21520.0,115557.48,0.9999926768431932,usfs-2022,2022,full
8929aeb29cbffff,10.955767595301067,2.2078272604588394,12660.84,19565.0,115563.24,0.9999926736327704,usfs-2022,2022,full
8929aeb29cfffff,14.321362259965856,1.9531515604814036,16549.56,20764.0,115558.56,0.9999929384286758,usfs-2022,2022,full
8929aeb29d3ffff,9.227999239929849,1.124978027772895,10664.64,10125.0,115568.28,1.0,usfs-2022,2022,full
8929aeb29d7ffff,21.106213298858272,10.563267911281315,24390.72,16142.0,115561.8,0.99999838192298,usfs-2022,2022,full
8929aeb29dbffff,11.061894526991246,2.8268632646008522,12784.32,15184.0,115570.8,1.0,usfs-2022,2022,full
8929aeb2a03ffff,13.587352605908846,3.649214172788989,15705.36,18649.0,115588.08,0.9999815012086457,usfs-2022,2022,full
8929aeb2a07ffff,20.723636057843546,8.438917337234821,23953.68,22530.0,115586.28,1.0,usfs-2022,2022,full
8929aeb2a0bffff,24.072118873430693,3.4444535676163888,27824.76,16934.0,115589.16,0.9999818658331391,usfs-2022,2022,full
8929aeb2a0fffff,9.851464949901736,6.7858903679799205,11386.8,14974.0,115584.84,0.9999851788827311,usfs-2022,2022,full
8929aeb2a13ffff,14.73262948083092,3.765651626287323,17029.8,18704.0,115592.4,0.9999871752557024,usfs-2022,2022,full
8929aeb2a17ffff,14.75149959823848,4.736659134364679,17051.4,19730.0,115590.96,1.0,usfs-2022,2022,full
8929aeb2a1bffff,28.276807125727988,7.993610223642173,32685.84,15551.0,115592.4,0.9999781913223141,usfs-2022,2022,full
8929aeb2a23ffff,0.9101669573884873,1.8030794165316044,1051.92,3490.0,115574.4,0.9999762540831777,usfs-2022,2022,full
8929aeb2a27ffff,3.1333129824255375,0.35281146637265715,3621.24,17895.0,115572.24,0.9999982791895539,usfs-2022,2022,full
8929aeb2a2bffff,9.840426360331794,2.5072547881601857,11373.12,21165.0,115575.48,0.9999766153253663,usfs-2022,2022,full
8929aeb2a2fffff,20.57146061045923,4.893358646758,23775.12,20018.0,115573.32,0.9999986357315546,usfs-2022,2022,full
8929aeb2a33ffff,13.47693783540507,5.3205969568810465,15577.2,14023.0,115584.12,1.0,usfs-2022,2022,full
8929aeb2a37ffff,4.029467192050711,0.8727920439364703,4656.96,12021.0,115572.6,0.9999696732297403,usfs-2022,2022,full
8929aeb2a3bffff,1.6535489477274214,3.8624338624338623,1911.24,1962.0,115584.12,1.0,usfs-2022,2022,full
8929aeb2a43ffff,6.021319863348583,2.2821273256819117,6960.6,26452.0,115599.24,1.0,usfs-2022,2022,full
8929aeb2a47ffff,7.005462847034054,3.082471662580393,8097.48,19638.0,115588.08,0.9999635541520472,usfs-2022,2022,full
8929aeb2a4bffff,6.9369832297846505,2.6830291588000836,8019.0,16701.0,115597.8,0.9999980144348778,usfs-2022,2022,full
8929aeb2a4fffff,2.6842021669194427,1.3134382866608407,3102.84,27238.0,115596.36,1.0,usfs-2022,2022,full
8929aeb2a53ffff,6.338015010432561,1.3827671468501397,7326.72,26419.0,115599.6,0.9999908336725627,usfs-2022,2022,full
8929aeb2a57ffff,10.518022086164693,3.749492488834754,12158.64,17069.0,115598.16,1.0,usfs-2022,2022,full
8929aeb2a5bffff,9.066109448522198,2.828553419476836,10480.68,26639.0,115602.84,1.0,usfs-2022,2022,full
8929aeb2a63ffff,10.55221602765752,8.277199835253166,12196.8,24853.0,115585.2,1.0,usfs-2022,2022,full
8929aeb2a67ffff,14.053569148058049,7.938939961411871,16242.48,23361.0,115575.48,0.999967642373272,usfs-2022,2022,full
8929aeb2a6bffff,5.128836037338001,2.8208904497564293,5928.12,30881.0,115584.12,0.9999927412965034,usfs-2022,2022,full
8929aeb2a6fffff,10.844930912896675,4.743401345164754,12534.12,24269.0,115575.84,0.9999617943810022,usfs-2022,2022,full
8929aeb2a73ffff,2.0014015416958655,0.26976799952041247,2313.36,5989.0,115587.0,0.9999948926168898,usfs-2022,2022,full
8929aeb2a77ffff,3.210554839191942,2.658166947317777,3710.88,5827.0,115583.76,1.0,usfs-2022,2022,full
8929aeb2a7bffff,4.54382648182812,1.4894941634241246,5252.04,22785.0,115586.28,0.9999797002904403,usfs-2022,2022,full
8929aeb2a83ffff,19.145033508557763,5.946687652602054,22131.72,16780.0,115600.32,1.0,usfs-2022,2022,full
8929aeb2a87ffff,16.88670460101968,9.055545503889995,19519.2,18095.0,115589.16,0.9999771441362474,usfs-2022,2022,full
8929aeb2a8bffff,15.270537087903532,4.160290547020057,17652.24,16910.0,115596.72,0.9999928574159966,usfs-2022,2022,full
8929aeb2a8fffff,19.2045493474016,8.386796689548984,22199.76,20563.0,115596.36,1.0,usfs-2022,2022,full
8929aeb2a93ffff,5.584361793896814,2.021852820321255,6455.52,15108.0,115599.96,0.9999982099237004,usfs-2022,2022,full
8929aeb2a97ffff,5.377737220594052,1.9117757854290665,6216.12,18748.0,115589.88,0.9999516947405332,usfs-2022,2022,full
8929aeb2a9bffff,10.818748053565868,3.4815502355475383,12506.04,19841.0,115596.0,0.9999549495173649,usfs-2022,2022,full
8929aeb2aa3ffff,5.051813874967684,0.04621377170396779,5838.84,10901.0,115579.08,0.9999623263049794,usfs-2022,2022,full
8929aeb2aa7ffff,11.688505850949515,2.9894927729478904,13509.72,13096.0,115581.24,1.0,usfs-2022,2022,full
8929aeb2aabffff,14.714960708401206,7.107438016528926,17007.84,21244.0,115581.96,0.9999782395124448,usfs-2022,2022,full
8929aeb2aafffff,7.001052743049716,2.5875689372484723,8092.08,11764.0,115583.76,1.0,usfs-2022,2022,full
8929aeb2ab3ffff,6.941057385346102,3.827299302900832,8022.96,15396.0,115587.0,0.9999991548279772,usfs-2022,2022,full
8929aeb2ab7ffff,11.572544097080545,4.696724211780919,13375.44,18423.0,115579.08,0.9999713401533163,usfs-2022,2022,full
8929aeb2abbffff,15.367173922522534,5.011674077599156,17762.4,22994.0,115586.64,0.9999870311094391,usfs-2022,2022,full
8929aeb2ac3ffff,11.133117216767408,2.5070134033931515,12870.36,23646.0,115604.28,1.0,usfs-2022,2022,full
8929aeb2ac7ffff,14.230814746532298,7.623736029803087,16450.56,19996.0,115598.16,0.9999963250614273,usfs-2022,2022,full
8929aeb2acbffff,7.817351200022421,5.597189012655275,9037.08,23310.0,115602.84,0.9999871649981888,usfs-2022,2022,full
8929aeb2acfffff,10.58260046338972,5.4934760789561725,12233.52,25423.0,115600.32,1.0,usfs-2022,2022,full
8929aeb2ad3ffff,8.707742706957973,2.2757401679186917,10066.68,22292.0,115606.08,0.9999924845040304,usfs-2022,2022,full
8929aeb2ad7ffff,16.58870937605102,6.608032378580324,19176.84,21598.0,115601.76,0.9999957813588474,usfs-2022,2022,full
8929aeb2adbffff,4.575830992582258,0.7079409603953783,5289.84,16056.0,115603.92,0.9999648211875883,usfs-2022,2022,full
8929aeb2b03ffff,1.0439772698950727,0.0,1206.36,0.0,115554.24,0.9999737325790342,usfs-2022,2022,full
8929aeb2b07ffff,0.0,0.0,0.0,0.0,115552.08,0.9999957955523743,usfs-2022,2022,full
8929aeb2b0bffff,5.598806219372767,0.0,6469.92,2081.0,115558.92,1.0,usfs-2022,2022,full
8929aeb2b0fffff,0.43116876643363616,0.0,498.24,4742.0,115555.68,1.0,usfs-2022,2022,full
8929aeb2b13ffff,1.3311692357537164,0.0,1538.28,10151.0,115558.56,0.9999793881065597,usfs-2022,2022,full
8929aeb2b17ffff,0.16261935544167355,0.0,187.92,0.0,115558.2,1.0,usfs-2022,2022,full
8929aeb2b1bffff,5.569815834724749,0.07008575197889182,6436.8,8726.0,115565.76,1.0,usfs-2022,2022,full
8929aeb2b23ffff,0.084124728931429,0.08837825894829872,97.2,1628.0,115542.72,0.999987301533362,usfs-2022,2022,full
8929aeb2b27ffff,0.7671024589653153,0.0,886.32,5808.0,115541.28,1.0,usfs-2022,2022,full
8929aeb2b2bffff,0.44398470823194386,0.0,513.0,4127.0,115544.52,0.9999938625172798,usfs-2022,2022,full
8929aeb2b2fffff,1.6164461241747183,0.0,1867.68,1444.0,115542.36,1.0,usfs-2022,2022,full
8929aeb2b33ffff,0.1576510614963765,0.0,182.16,0.0,115546.32,0.9999867118356349,usfs-2022,2022,full
8929aeb2b37ffff,0.3068975616443478,0.0,354.6,2400.0,115543.44,1.0,usfs-2022,2022,full
8929aeb2b3bffff,0.2461373571079172,0.0,284.4,0.0,115545.24,0.999968342540091,usfs-2022,2022,full
8929aeb2b43ffff,7.765323796588204,7.785340314136126,8973.72,6341.0,115561.44,0.9999772859076194,usfs-2022,2022,full
8929aeb2b47ffff,8.625260514830265,0.0,9967.32,574.0,115559.64,1.0,usfs-2022,2022,full
8929aeb2b4bffff,9.615911781197434,0.9318391774109331,11112.84,8879.0,115567.2,1.0,usfs-2022,2022,full
8929aeb2b4fffff,3.7972199203733354,0.0,4388.04,0.0,115559.28,0.9999903386228164,usfs-2022,2022,full
8929aeb2b53ffff,8.856832248799952,1.1924257932446265,10235.88,13901.0,115570.44,1.0,usfs-2022,2022,full
8929aeb2b57ffff,9.806291627985221,0.5407255304585901,11332.08,5231.0,115559.28,0.9999675926181593,usfs-2022,2022,full
8929aeb2b5bffff,5.791101683036006,0.13730743469524448,6692.76,10735.0,115569.72,1.0,usfs-2022,2022,full
8929aeb2b63ffff,1.9207103356959263,0.0,2219.4,3134.0,115551.0,1.0,usfs-2022,2022,full
8929aeb2b6bffff,6.910410792454005,0.10993037742762918,7984.8,4907.0,115547.4,0.9999600292266428,usfs-2022,2022,full
8929aeb2b6fffff,1.704779113963487,0.0,1969.92,3568.0,115552.8,1.0,usfs-2022,2022,full
8929aeb2b73ffff,5.443086087433328,1.927215809039327,6289.56,10827.0,115551.36,0.9999715393584612,usfs-2022,2022,full
8929aeb2b77ffff,0.5922487382391426,0.975975975975976,684.36,5698.0,115552.8,1.0,usfs-2022,2022,full
8929aeb2b7bffff,9.057319721236553,4.203254888186395,10466.28,5891.0,115556.04,1.0,usfs-2022,2022,full
8929aeb2b83ffff,3.9046364052672407,0.9841639080254092,4512.24,3984.0,115561.08,0.9999785094614748,usfs-2022,2022,full
8929aeb2b87ffff,9.242794302732744,2.954000958313369,10680.84,14583.0,115558.56,0.9999974548318481,usfs-2022,2022,full
8929aeb2b8bffff,4.346769671671547,4.934583905848617,5023.44,5729.0,115567.2,1.0,usfs-2022,2022,full
8929aeb2b8fffff,2.0373831775700935,0.059598307408069616,2354.4,12074.0,115560.0,1.0,usfs-2022,2022,full
8929aeb2b93ffff,15.655234713266672,6.150978564771668,18092.88,8700.0,115570.8,1.0,usfs-2022,2022,full
8929aeb2b97ffff,13.406021713057429,4.621882868978962,15492.24,8454.0,115561.8,0.9999937835016528,usfs-2022,2022,full
8929aeb2b9bffff,5.717605427597765,0.9736363948027014,6607.8,10399.0,115569.36,1.0,usfs-2022,2022,full
8929aeb2ba3ffff,0.0,0.0,0.0,0.0,115552.8,1.0,usfs-2022,2022,full
8929aeb2ba7ffff,0.0,0.0,0.0,5187.0,115546.68,1.0,usfs-2022,2022,full
8929aeb2babffff,0.0,0.0,0.0,0.0,115548.84,0.9999767841254928,usfs-2022,2022,full
8929aeb2bafffff,0.0,0.0,0.0,127.0,115547.04,1.0,usfs-2022,2022,full
8929aeb2bb3ffff,0.4049932553046328,0.0,468.0,0.0,115557.48,1.0,usfs-2022,2022,full
8929aeb2bb7ffff,0.0,0.0,0.0,1444.0,115547.4,0.9999824081388874,usfs-2022,2022,full
8929aeb2bbbffff,0.0591942724868137,0.0,68.4,0.0,115551.72,0.9999699809064687,usfs-2022,2022,full
8929aeb2bc3ffff,5.244467703349282,1.675417990880199,6060.96,10247.0,115568.64,0.9999851363081756,usfs-2022,2022,full
8929aeb2bc7ffff,4.102936320534307,2.0894454382826475,4741.56,4926.0,115565.04,0.9999947190577493,usfs-2022,2022,full
8929aeb2bcbffff,3.9933962558016387,0.0,4615.2,0.0,115570.8,0.9999948177211331,usfs-2022,2022,full
8929aeb2bcfffff,1.9454586235685536,1.2523034109285098,2248.2,9453.0,115561.44,0.999954554929749,usfs-2022,2022,full
8929aeb2bd3ffff,7.702418998137316,5.502213354947316,8902.08,10913.0,115575.12,1.0,usfs-2022,2022,full
8929aeb2bd7ffff,9.974892217210357,2.504339201586908,11527.56,2831.0,115565.76,0.9999692347569828,usfs-2022,2022,full
8929aeb2bdbffff,6.152212036543847,2.6934689337358972,7110.36,4409.0,115574.04,0.9999911360628101,usfs-2022,2022,full
8929aeb2c03ffff,8.94548693068937,1.5066509064877553,10341.72,21298.0,115608.24,0.9999975961052374,usfs-2022,2022,full
8929aeb2c07ffff,6.795442301643898,2.2850540338476177,7855.92,25878.0,115605.72,1.0,usfs-2022,2022,full
8929aeb2c0bffff,5.947050141062609,0.6329383684255392,6875.28,16786.0,115608.24,0.9999885094938237,usfs-2022,2022,full
8929aeb2c0fffff,8.468094779881852,1.0310089721391469,9789.48,13581.0,115604.28,0.9999949475226148,usfs-2022,2022,full
8929aeb2c13ffff,9.115225568592281,1.9343125160028865,10538.28,15167.0,115611.84,0.9999971391588712,usfs-2022,2022,full
8929aeb2c17ffff,11.025340814966587,5.1140174379611,12746.52,20372.0,115611.12,1.0,usfs-2022,2022,full
8929aeb2c1bffff,6.5519507007825215,0.6486899007886033,7574.76,16872.0,115610.76,0.9999787057961859,usfs-2022,2022,full
8929aeb2c23ffff,8.18195124837666,2.4981621840857815,9457.92,27694.0,115594.92,0.9999953901639416,usfs-2022,2022,full
8929aeb2c27ffff,10.129310344827585,4.225191275550988,11708.64,15097.0,115591.68,1.0,usfs-2022,2022,full
8929aeb2c2bffff,5.228342925480231,0.6523015372572895,6043.68,16449.0,115594.56,0.9999831847947516,usfs-2022,2022,full
8929aeb2c2fffff,11.72817590083777,1.619356396371538,13556.88,20537.0,115592.4,1.0,usfs-2022,2022,full
8929aeb2c33ffff,7.52398837719913,0.8552994895141629,8697.24,26499.0,115593.48,0.999951319963449,usfs-2022,2022,full
8929aeb2c37ffff,12.018175193165929,2.483974358974359,13892.4,11829.0,115594.92,1.0,usfs-2022,2022,full
8929aeb2c3bffff,6.841333262744194,1.7483959292064593,7908.48,21444.0,115598.52,0.9999858225629227,usfs-2022,2022,full
8929aeb2c43ffff,6.083658478104497,2.1078553193412106,7033.32,15599.0,115610.04,0.9999543253240764,usfs-2022,2022,full
8929aeb2c47ffff,3.4686130841354315,1.4484537543581166,4010.04,12516.0,115609.32,0.9999887748046712,usfs-2022,2022,full
8929aeb2c4bffff,2.8208353832836157,0.7242327380021012,3261.24,15989.0,115612.56,0.9999670604907557,usfs-2022,2022,full
8929aeb2c4fffff,7.719829237078348,4.43514401139303,8925.12,11837.0,115612.92,1.0,usfs-2022,2022,full
8929aeb2c53ffff,8.837742240821003,1.6107462331718625,10218.24,23837.0,115620.48,1.0,usfs-2022,2022,full
8929aeb2c57ffff,10.737550756047131,2.819266460450729,12413.88,15834.0,115611.84,0.9999789656223799,usfs-2022,2022,full
8929aeb2c5bffff,4.801803400680634,0.8234624550919504,5551.92,20075.0,115621.56,1.0,usfs-2022,2022,full
8929aeb2c63ffff,4.490519150102298,2.403035413153457,5191.2,10834.0,115603.56,1.0,usfs-2022,2022,full
8929aeb2c67ffff,5.988533060103333,1.4155317299333527,6922.44,24495.0,115594.92,0.9999772182160112,usfs-2022,2022,full
8929aeb2c6bffff,2.3204392360083834,1.619563124451766,2682.36,16554.0,115597.08,0.999946138481191,usfs-2022,2022,full
8929aeb2c6fffff,4.21525976351446,0.6627661382340803,4872.96,14730.0,115602.84,1.0,usfs-2022,2022,full
8929aeb2c73ffff,7.816076205186014,1.234811814679443,9036.0,21596.0,115607.88,1.0,usfs-2022,2022,full
8929aeb2c77ffff,5.260896102440179,1.0079423840613853,6081.84,21178.0,115604.64,1.0,usfs-2022,2022,full
8929aeb2c7bffff,8.477278601434314,1.751291219705999,9800.28,22256.0,115606.44,0.9999954790721807,usfs-2022,2022,full
8929aeb2c83ffff,6.035373980195553,3.3005603972638258,6977.52,17456.0,115610.4,0.9999622050242404,usfs-2022,2022,full
8929aeb2c87ffff,5.48829475178895,2.573786181742932,6345.0,13559.0,115609.68,0.9999966700985403,usfs-2022,2022,full
8929aeb2c8bffff,9.660684982266687,2.0570411964196365,11169.0,19026.0,115612.92,0.9999748943763234,usfs-2022,2022,full
8929aeb2c8fffff,4.517613648748377,0.5419654543108374,5222.88,19423.0,115611.48,1.0,usfs-2022,2022,full
8929aeb2c93ffff,4.939263438801025,1.5259961850095376,5710.32,20258.0,115610.76,0.9999337485092691,usfs-2022,2022,full
8929aeb2c97ffff,7.014167834345321,1.7344180623277508,8109.36,26699.0,115614.0,1.0,usfs-2022,2022,full
8929aeb2c9bffff,8.185517642919637,1.419382438770989,9464.4,23228.0,115623.72,1.0,usfs-2022,2022,full
8929aeb2ca3ffff,9.421587465704151,2.1201962952723252,10891.08,20392.0,115597.08,0.9999599700281924,usfs-2022,2022,full
8929aeb2ca7ffff,12.058736511001417,1.1972815040650406,13939.2,11200.0,115594.2,0.9999757710757401,usfs-2022,2022,full
8929aeb2cabffff,9.484898215937294,1.3259761240375134,10964.88,16931.0,115603.56,1.0,usfs-2022,2022,full
8929aeb2cafffff,9.554802625842376,1.4161521211562682,11045.52,23106.0,115601.76,1.0,usfs-2022,2022,full
8929aeb2cb3ffff,10.480523403367494,1.8005540166204987,12116.16,19143.0,115606.44,1.0,usfs-2022,2022,full
8929aeb2cb7ffff,8.861366559435464,2.0693130947792833,10243.8,23784.0,115600.68,1.0,usfs-2022,2022,full
8929aeb2cbbffff,8.10764521422855,1.62986888799167,9372.96,16665.0,115606.44,1.0,usfs-2022,2022,full
8929aeb2cc3ffff,17.6236156387288,12.856779680602742,20377.08,13574.0,115623.72,1.0,usfs-2022,2022,full
8929aeb2cc7ffff,9.818275799791994,3.848570530945649,11351.16,22036.0,115612.56,0.9999626837086564,usfs-2022,2022,full
8929aeb2ccbffff,7.254039276495443,0.5419314593161526,8386.92,18367.0,115617.24,0.9999534063517916,usfs-2022,2022,full
8929aeb2ccfffff,9.11270460539221,1.8912627816111065,10536.12,16994.0,115620.12,1.0,usfs-2022,2022,full
8929aeb2cd3ffff,5.472751445482653,2.7222938144329896,6327.72,10870.0,115622.28,0.9999745007184014,usfs-2022,2022,full
8929aeb2cd7ffff,9.275570791183679,2.836865528260827,10724.76,17842.0,115623.72,1.0,usfs-2022,2022,full
8929aeb2cdbffff,10.93204639215381,1.9106450222669158,12639.96,14748.0,115623.0,0.9999716405177613,usfs-2022,2022,full
8929aeb2d03ffff,11.036005868592131,2.1990642998294123,12754.44,20846.0,115571.16,0.9999618778347673,usfs-2022,2022,full
8929aeb2d07ffff,17.650210414505672,2.5731752176426284,20398.68,20023.0,115571.88,1.0,usfs-2022,2022,full
8929aeb2d0bffff,11.084323839425881,2.1642024757289553,12810.96,21368.0,115577.28,1.0,usfs-2022,2022,full
8929aeb2d0fffff,17.96006728133566,6.168772070333831,20757.24,18558.0,115574.4,1.0,usfs-2022,2022,full
8929aeb2d13ffff,11.205210305990231,3.2173201079151177,12951.0,25958.0,115580.16,1.0,usfs-2022,2022,full
8929aeb2d17ffff,11.964403633146858,2.858151023288638,13827.96,14866.0,115575.84,1.0,usfs-2022,2022,full
8929aeb2d1bffff,12.334531455375664,2.2210275192365847,14256.36,10476.0,115580.88,1.0,usfs-2022,2022,full
8929aeb2d23ffff,16.49309828134589,1.6749493833977545,19059.84,7692.0,115562.52,1.0,usfs-2022,2022,full
8929aeb2d27ffff,19.89301914066394,4.225324027916251,22987.8,17291.0,115557.12,0.9999943432310273,usfs-2022,2022,full
8929aeb2d2bffff,14.414147801788724,0.0,16657.56,0.0,115563.96,1.0,usfs-2022,2022,full
8929aeb2d2fffff,20.6795142588335,3.7037037037037033,23896.8,19038.0,115557.84,0.999991443723587,usfs-2022,2022,full
8929aeb2d33ffff,21.514815460911603,7.182077182077181,24863.76,12901.0,115565.76,0.9999966821050568,usfs-2022,2022,full
8929aeb2d37ffff,17.31262285940367,2.393414299507089,20006.28,6915.0,115558.92,0.9999782724007777,usfs-2022,2022,full
8929aeb2d3bffff,23.41411750046726,18.52348671760845,27059.04,12245.0,115567.2,1.0,usfs-2022,2022,full
8929aeb2d43ffff,12.293187651060226,4.659298719885506,14208.84,17267.0,115583.04,1.0,usfs-2022,2022,full
8929aeb2d47ffff,11.648413944332312,4.425064599483204,13462.92,15979.0,115577.28,0.9999965985954404,usfs-2022,2022,full
8929aeb2d4bffff,13.44317951752815,7.814872845606846,15537.6,13767.0,115579.8,0.9999685648550509,usfs-2022,2022,full
8929aeb2d4fffff,11.835080702934707,7.492620246570585,13678.92,11507.0,115579.44,1.0,usfs-2022,2022,full
8929aeb2d53ffff,13.066891746685313,4.811983060000569,15103.44,12056.0,115585.56,0.9999958626046601,usfs-2022,2022,full
8929aeb2d57ffff,12.717798252007452,1.6412524735187988,14699.16,3042.0,115579.44,0.99998365122699,usfs-2022,2022,full
8929aeb2d5bffff,19.24134687559372,13.554772234273319,22240.08,11477.0,115584.84,0.9999805326942087,usfs-2022,2022,full
8929aeb2d63ffff,20.505144587358302,5.649391617845876,23697.0,18843.0,115566.12,0.9999724362717987,usfs-2022,2022,full
8929aeb2d6bffff,9.755436560225032,1.1460072740581468,11274.12,15558.0,115567.56,0.9999757963526782,usfs-2022,2022,full
8929aeb2d6fffff,23.775138933884914,5.99133941557583,27475.92,20476.0,115565.76,1.0,usfs-2022,2022,full
8929aeb2d73ffff,20.580164275012695,5.566609968227478,23785.92,21186.0,115576.92,1.0,usfs-2022,2022,full
8929aeb2d7bffff,9.918670823975754,4.727590348291298,11463.48,9424.0,115574.76,1.0,usfs-2022,2022,full
8929aeb2d83ffff,13.947679072563437,3.0785164550633026,16120.8,19540.0,115580.52,0.9999887627841942,usfs-2022,2022,full
8929aeb2d87ffff,18.697611831510617,6.944790961257439,21609.72,18798.0,115574.76,0.9999796835041622,usfs-2022,2022,full
8929aeb2d8bffff,18.196145364844828,8.371450259843899,21031.92,16947.0,115584.48,1.0,usfs-2022,2022,full
8929aeb2d8fffff,14.312368398101194,3.8025017306051483,16541.64,21512.0,115575.84,0.999979881686805,usfs-2022,2022,full
8929aeb2d93ffff,12.229185094746283,1.84080547112462,14135.04,18602.0,115584.48,0.9999914226417517,usfs-2022,2022,full
8929aeb2d97ffff,18.810191241512488,3.3456497362083866,21741.12,18928.0,115581.6,1.0,usfs-2022,2022,full
8929aeb2d9bffff,14.608554281033639,3.821086013346563,16885.8,17797.0,115588.44,1.0,usfs-2022,2022,full
8929aeb2da3ffff,13.998735316747085,2.6769897990348785,16178.4,22943.0,115570.44,1.0,usfs-2022,2022,full
8929aeb2da7ffff,16.456961997713446,6.38316547078314,19018.08,30718.0,115562.52,0.9999869373875627,usfs-2022,2022,full
8929aeb2dabffff,16.59346341706539,2.9719125843355823,19176.84,19052.0,115568.64,0.9999899687425524,usfs-2022,2022,full
8929aeb2dafffff,17.70360863280666,5.359909119074667,20458.8,19794.0,115562.88,0.9999809018079403,usfs-2022,2022,full
8929aeb2db3ffff,15.141462563738362,2.3202081078024266,17499.6,21764.0,115574.04,1.0,usfs-2022,2022,full
8929aeb2db7ffff,13.339189593301434,4.423446416793324,15415.92,23997.0,115568.64,1.0,usfs-2022,2022,full
8929aeb2dbbffff,14.433625506943018,3.594050357671824,16681.68,22027.0,115575.12,1.0,usfs-2022,2022,full
8929aeb2dc3ffff,13.286366991506815,2.776744343355768,15357.6,20697.0,115589.16,1.0,usfs-2022,2022,full
8929aeb2dc7ffff,13.215016554589653,8.177654084768365,15274.08,28506.0,115581.24,0.9999767195539421,usfs-2022,2022,full
8929aeb2dcbffff,12.666585690215243,3.705050137841195,14641.2,22886.0,115589.16,0.9999953854718692,usfs-2022,2022,full
8929aeb2dcfffff,11.103636222066497,2.0516259952879667,12834.36,20504.0,115587.0,1.0,usfs-2022,2022,full
8929aeb2dd3ffff,9.110982385330244,2.0149295616545997,10531.8,18855.0,115594.56,1.0,usfs-2022,2022,full
8929aeb2dd7ffff,8.697994854768682,2.409953181250117,10053.72,18835.0,115586.64,0.9999918267124119,usfs-2022,2022,full
8929aeb2ddbffff,8.5513448194242,1.4287720988100254,9884.52,17684.0,115590.24,0.9999731162713481,usfs-2022,2022,full
8929aeb2e03ffff,14.449007806150885,4.943248775041866,16705.44,16552.0,115616.52,1.0,usfs-2022,2022,full
8929aeb2e13ffff,8.093086688068054,2.6153083154240373,9357.12,21207.0,115618.68,0.9999928703166661,usfs-2022,2022,full
8929aeb2e17ffff,5.5943903525023275,2.5832280818816575,6468.12,14716.0,115617.96,1.0,usfs-2022,2022,full
8929aeb2e1bffff,7.373307760327799,2.2638328617014873,8525.16,17532.0,115621.92,1.0,usfs-2022,2022,full
8929aeb2e27ffff,2.4629882222512878,1.0458226114875233,2847.24,15090.0,115601.04,1.0,usfs-2022,2022,full
8929aeb2e2fffff,6.555692240614149,2.6765745617199337,7578.0,14569.0,115594.2,0.9999573974918577,usfs-2022,2022,full
8929aeb2e33ffff,12.479369725656277,2.6614322458372817,14427.0,12943.0,115606.8,1.0,usfs-2022,2022,full
8929aeb2e43ffff,10.728141132221165,3.701958534786528,12404.16,16922.0,115622.64,1.0,usfs-2022,2022,full
8929aeb2e47ffff,9.395034858123234,2.8764943490146475,10862.28,25708.0,115617.24,0.9999940272573172,usfs-2022,2022,full
8929aeb2e4bffff,3.961179075060638,1.6480543119988194,4579.92,7197.0,115620.12,0.9999693025302806,usfs-2022,2022,full
8929aeb2e4fffff,9.497269324897404,0.7120651991261973,10980.72,17017.0,115619.76,1.0,usfs-2022,2022,full
8929aeb2e53ffff,6.860058908144394,1.5473572766511932,7931.88,21760.0,115624.08,0.9999809029813199,usfs-2022,2022,full
8929aeb2e57ffff,7.0621240238631975,1.9864957432234074,8165.16,25240.0,115619.04,0.9999779524818405,usfs-2022,2022,full
8929aeb2e5bffff,7.639688895254344,1.5855623590074122,8833.32,5497.0,115624.08,0.9999719074156795,usfs-2022,2022,full
8929aeb2e63ffff,20.285991878627836,5.839496229040052,23451.84,18518.0,115606.08,0.9999698080347936,usfs-2022,2022,full
8929aeb2e67ffff,9.444267982038204,3.168388079918727,10918.08,16470.0,115605.36,1.0,usfs-2022,2022,full
8929aeb2e6bffff,8.153561597768007,1.8604651162790697,9426.6,19294.0,115613.28,1.0,usfs-2022,2022,full
8929aeb2e6fffff,10.290568587701515,3.2095878398129205,11896.56,17880.0,115606.44,1.0,usfs-2022,2022,full
8929aeb2e7bffff,8.21597048154318,3.0487272727272727,9498.96,23995.0,115615.8,1.0,usfs-2022,2022,full
8929aeb2e83ffff,9.438438737639176,2.572505577352104,10913.04,22796.0,115623.36,1.0,usfs-2022,2022,full
8929aeb2e87ffff,6.476242670710556,2.0903614457831328,7487.28,17553.0,115611.48,0.9999486682979827,usfs-2022,2022,full
8929aeb2e8bffff,11.851150742253662,4.1168086446352214,13703.04,20827.0,115626.24,1.0,usfs-2022,2022,full
8929aeb2e8fffff,4.59168104226738,5.92396974439228,5308.56,10388.0,115612.56,0.9999489686460021,usfs-2022,2022,full
8929aeb2e93ffff,7.648981879320008,1.312150387822579,8844.12,17085.0,115624.8,0.9999916056461107,usfs-2022,2022,full
8929aeb2e97ffff,6.000560450851574,0.5611863864291048,6937.92,16777.0,115621.2,1.0,usfs-2022,2022,full
8929aeb2e9bffff,12.466726235137719,2.6318233316617445,14415.48,18873.0,115631.64,1.0,usfs-2022,2022,full
8929aeb2ea3ffff,0.9836984445793826,0.04111753121686251,1137.24,16628.0,115608.6,0.9999960508680974,usfs-2022,2022,full
8929aeb2ea7ffff,6.944068160798198,2.230496453900709,8027.64,19851.0,115604.28,0.9999993645349925,usfs-2022,2022,full
8929aeb2eabffff,6.709348745383547,1.380991064175467,7756.56,10926.0,115608.24,0.9999838961690002,usfs-2022,2022,full
8929aeb2eafffff,2.6353648966780012,0.042351346772827377,3046.68,8497.0,115607.52,1.0,usfs-2022,2022,full
8929aeb2eb3ffff,2.56849368385327,3.082183868210069,2969.64,15101.0,115617.96,1.0,usfs-2022,2022,full
8929aeb2eb7ffff,6.700608778239681,1.9218539142843847,7746.48,22763.0,115608.6,1.0,usfs-2022,2022,full
8929aeb2ebbffff,1.6210190686146295,1.7531432619089782,1874.16,9986.0,115616.16,1.0,usfs-2022,2022,full
8929aeb2ec3ffff,8.408369138800673,4.815571187252603,9722.16,27182.0,115624.8,0.9999645118331725,usfs-2022,2022,full
8929aeb2ec7ffff,8.682101513802316,1.1073281452658885,10038.6,21959.0,115624.08,0.9999989247640814,usfs-2022,2022,full
8929aeb2ecfffff,5.590151071699899,2.02910122103988,6463.44,25621.0,115621.92,0.9999712277120384,usfs-2022,2022,full
8929aeb2ed3ffff,4.126246840093147,2.8146810082929634,4771.44,21305.0,115636.32,1.0,usfs-2022,2022,full
8929aeb2ed7ffff,6.388761757096289,2.3459930946756318,7387.2,19346.0,115628.04,1.0,usfs-2022,2022,full
8929aeb3023ffff,2.5120361575999737,1.1198208286674132,2907.0,10172.0,,,chm-legacy,2009-2020,coverage-unknown
8929aeb3027ffff,0.0,0.0,0.0,0.0,,,chm-legacy,2009-2020,coverage-unknown
8929aeb302bffff,4.048211712301848,0.0979431929480901,4684.0,11750.0,,,chm-legacy,2009-2020,coverage-unknown
8929aeb302fffff,0.0687848018342613,0.0,80.0,5432.0,,,chm-legacy,2009-2020,coverage-unknown
8929aeb3033ffff,4.448812448812449,0.0,5148.0,10892.0,,,chm-legacy,2009-2020,coverage-unknown
8929aeb3037ffff,0.1375696036685227,0.0,159.0,0.0,,,chm-legacy,2009-2020,coverage-unknown
8929aeb3063ffff,7.237833235082203,6.851164360445495,8375.0,15898.0,,,chm-legacy,2009-2020,coverage-unknown
8929aeb3067ffff,1.9027345668904536,1.2843382090617197,2202.0,15938.0,,,chm-legacy,2009-2020,coverage-unknown
8929aeb306bffff,1.4016702145079418,0.0,1622.0,3306.0,,,chm-legacy,2009-2020,coverage-unknown
8929aeb306fffff,0.0,0.0,0.0,8312.0,,,chm-legacy,2009-2020,coverage-unknown
8929aeb30afffff,6.559633027522936,1.8211920529801324,7590.0,10247.0,,,chm-legacy,2009-2020,coverage-unknown
8929aeb3103ffff,0.0,0.0,0.0,0.0,,,chm-legacy,2009-2020,coverage-unknown
8929aeb3107ffff,0.0,0.0,0.0,0.0,,,chm-legacy,2009-2020,coverage-unknown
8929aeb310bffff,0.0,0.0,0.0,0.0,,,chm-legacy,2009-2020,coverage-unknown
8929aeb310fffff,0.0,0.0,0.0,0.0,,,chm-legacy,2009-2020,coverage-unknown
8929aeb3113ffff,0.0,0.0,0.0,0.0,,,chm-legacy,2009-2020,coverage-unknown
8929aeb3117ffff,0.0,0.0,0.0,0.0,,,chm-legacy,2009-2020,coverage-unknown
8929aeb311bffff,0.0,0.0,0.0,0.0,,,chm-legacy,2009-2020,coverage-unknown
8929aeb3123ffff,0.0,0.0,0.0,0.0,,,chm-legacy,2009-2020,coverage-unknown
8929aeb3127ffff,0.0,0.0,0.0,1014.0,,,chm-legacy,2009-2020,coverage-unknown
8929aeb312bffff,0.0,0.0,0.0,0.0,,,chm-legacy,2009-2020,coverage-unknown
8929aeb312fffff,0.0,0.0,0.0,0.0,17510.04,0.15137651527025764,usfs-2022,2022,partial
8929aeb3133ffff,0.0,0.0,0.0,0.0,,,chm-legacy,2009-2020,coverage-unknown
8929aeb3137ffff,0.0,0.0,0.0,668.0,,,chm-legacy,2009-2020,coverage-unknown
8929aeb313bffff,0.0,0.0,0.0,0.0,,,chm-legacy,2009-2020,coverage-unknown
8929aeb3143ffff,0.0,0.0,0.0,0.0,,,chm-legacy,2009-2020,coverage-unknown
8929aeb3147ffff,0.0,0.0,0.0,0.0,,,chm-legacy,2009-2020,coverage-unknown
8929aeb314bffff,0.0,0.0,0.0,0.0,,,chm-legacy,2009-2020,coverage-unknown
8929aeb314fffff,2.6285625473549237,3.9782795084309805,487.08,6048.0,18530.28,0.16016924775571034,usfs-2022,2022,partial
8929aeb3153ffff,0.0,0.0,0.0,0.0,,,chm-legacy,2009-2020,coverage-unknown
8929aeb3157ffff,0.0,0.0,0.0,0.0,,,chm-legacy,2009-2020,coverage-unknown
8929aeb315bffff,0.0,0.0,0.0,0.0,,,chm-legacy,2009-2020,coverage-unknown
8929aeb3163ffff,6.05930012066885,0.11741682974559686,253.08,919.0,4176.72,0.0361050280223769,usfs-2022,2022,partial
8929aeb3167ffff,0.0,0.0,0.0,0.0,,,chm-legacy,2009-2020,coverage-unknown
8929aeb316bffff,4.358420393224619,1.1588135500465166,4771.44,26008.0,109476.36,0.9463435525598215,usfs-2022,2022,partial
8929aeb316fffff,16.767651786818348,0.0,488.16,711.0,2911.32,0.02516726438420882,usfs-2022,2022,partial
8929aeb3173ffff,0.0,0.0,0.0,0.0,,,chm-legacy,2009-2020,coverage-unknown
8929aeb3177ffff,0.0,0.0,0.0,0.0,,,chm-legacy,2009-2020,coverage-unknown
8929aeb317bffff,0.4125534109326654,2.294151997997831,312.48,12649.0,75742.92,0.6547217690388494,usfs-2022,2022,partial
8929aeb3183ffff,0.0,0.0,0.0,0.0,,,chm-legacy,2009-2020,coverage-unknown
8929aeb3187ffff,0.0,0.0,0.0,0.0,,,chm-legacy,2009-2020,coverage-unknown
8929aeb318bffff,0.0,0.0,0.0,0.0,,,chm-legacy,2009-2020,coverage-unknown
8929aeb318fffff,0.0,0.0,0.0,0.0,,,chm-legacy,2009-2020,coverage-unknown
8929aeb3193ffff,0.0,0.0,0.0,0.0,,,chm-legacy,2009-2020,coverage-unknown
8929aeb3197ffff,0.0,0.0,0.0,0.0,,,chm-legacy,2009-2020,coverage-unknown
8929aeb319bffff,0.0,0.0,0.0,0.0,,,chm-legacy,2009-2020,coverage-unknown
8929aeb31a3ffff,0.0,0.0,0.0,0.0,,,chm-legacy,2009-2020,coverage-unknown
8929aeb31a7ffff,0.0,0.0,0.0,6405.0,,,chm-legacy,2009-2020,coverage-unknown
8929aeb31abffff,0.0,0.0,0.0,0.0,,,chm-legacy,2009-2020,coverage-unknown
8929aeb31afffff,0.0,0.0,0.0,138.0,,,chm-legacy,2009-2020,coverage-unknown
8929aeb31b3ffff,0.0,0.0,0.0,0.0,,,chm-legacy,2009-2020,coverage-unknown
8929aeb31b7ffff,0.0,0.0,0.0,6261.0,,,chm-legacy,2009-2020,coverage-unknown
8929aeb31bbffff,0.0,0.0,0.0,0.0,,,chm-legacy,2009-2020,coverage-unknown
8929aeb31c3ffff,0.0,0.0,0.0,0.0,,,chm-legacy,2009-2020,coverage-unknown
8929aeb31c7ffff,0.0,0.0,0.0,0.0,,,chm-legacy,2009-2020,coverage-unknown
8929aeb31cbffff,0.0,0.0,0.0,0.0,,,chm-legacy,2009-2020,coverage-unknown
8929aeb31cfffff,0.0,0.0,0.0,0.0,,,chm-legacy,2009-2020,coverage-unknown
8929aeb31d3ffff,0.078634382883916,0.0,91.0,893.0,,,chm-legacy,2009-2020,coverage-unknown
8929aeb31d7ffff,0.0,0.0,0.0,0.0,,,chm-legacy,2009-2020,coverage-unknown
8929aeb31dbffff,0.0,0.0,0.0,2022.0,,,chm-legacy,2009-2020,coverage-unknown
8929aeb3327ffff,6.681169297991728,0.0,7728.48,9826.0,115675.56,0.9999767775766123,usfs-2022,2022,full
8929aeb3337ffff,6.930418843768381,0.926534759997609,8017.2,17900.0,115681.32,0.9999949007144895,usfs-2022,2022,full
8929aeb3383ffff,2.698631034256894,0.0,3122.0,2523.0,,,chm-legacy,2009-2020,coverage-unknown
8929aeb3387ffff,0.3471312549122347,0.0,402.0,1544.0,,,chm-legacy,2009-2020,coverage-unknown
8929aeb338bffff,13.731744956338451,9.802768720936447,5253.48,6075.0,38257.92,0.330655448880137,usfs-2022,2022,partial
8929aeb338fffff,10.300120048019208,7.7341216860576,1698.84,3483.0,16493.4,0.1425548809907597,usfs-2022,2022,partial
8929aeb3393ffff,0.9695699171279768,0.0,1122.0,2868.0,,,chm-legacy,2009-2020,coverage-unknown
8929aeb3397ffff,0.0,0.0,0.0,0.0,,,chm-legacy,2009-2020,coverage-unknown
8929aeb339bffff,0.5306082342537094,0.0,614.0,28195.0,,,chm-legacy,2009-2020,coverage-unknown
8929aeb33a3ffff,5.0765357406113285,3.8142175005273553,5727.24,18057.0,112817.88,0.9751804555941287,usfs-2022,2022,partial
8929aeb33a7ffff,6.425392873813599,0.6024760801830865,7433.28,25955.0,115686.0,1.0,usfs-2022,2022,full
8929aeb33afffff,9.0202680624753,0.8281292424653814,10434.96,21038.0,115683.48,0.9999819123624741,usfs-2022,2022,full
8929aeb33b3ffff,2.475603492552645,2.139275058718974,1127.88,11100.0,45559.8,0.39379946465166865,usfs-2022,2022,partial
8929aeb33b7ffff,2.4546291916652145,0.6861480075901328,2839.68,23552.0,115686.72,0.9999871090405317,usfs-2022,2022,full
8929aeb33c3ffff,7.480473317431365,0.0,2878.92,2377.0,38485.8,0.332608584648835,usfs-2022,2022,partial
8929aeb33c7ffff,14.840608390100341,3.723521450379277,16846.56,11012.0,113516.64,0.9810926641749517,usfs-2022,2022,partial
8929aeb33d3ffff,2.0532468808330875,0.0,2376.0,10143.0,,,chm-legacy,2009-2020,coverage-unknown
8929aeb33d7ffff,2.7372729598362753,0.0,231.12,0.0,8443.44,0.07297198894283721,usfs-2022,2022,partial
8929aeb3503ffff,0.0,0.0,0.0,0.0,,,chm-legacy,2009-2020,coverage-unknown
8929aeb3507ffff,0.0,0.0,0.0,0.0,,,chm-legacy,2009-2020,coverage-unknown
8929aeb350bffff,0.0,0.0,0.0,0.0,,,chm-legacy,2009-2020,coverage-unknown
8929aeb350fffff,0.0819188675535749,0.0,95.0,0.0,,,chm-legacy,2009-2020,coverage-unknown
8929aeb3513ffff,0.0,0.0,0.0,0.0,,,chm-legacy,2009-2020,coverage-unknown
8929aeb3517ffff,0.0,0.0,0.0,0.0,,,chm-legacy,2009-2020,coverage-unknown
8929aeb351bffff,0.5439234575182673,0.0,629.0,0.0,,,chm-legacy,2009-2020,coverage-unknown
8929aeb3523ffff,0.0,0.0,0.0,0.0,,,chm-legacy,2009-2020,coverage-unknown
8929aeb3527ffff,0.0,0.0,0.0,0.0,,,chm-legacy,2009-2020,coverage-unknown
8929aeb352bffff,0.0,0.0,0.0,0.0,,,chm-legacy,2009-2020,coverage-unknown
8929aeb352fffff,0.0,0.0,0.0,0.0,,,chm-legacy,2009-2020,coverage-unknown
8929aeb3533ffff,0.0032769694586446,0.0,4.0,0.0,,,chm-legacy,2009-2020,coverage-unknown
8929aeb3537ffff,0.0294917586918766,0.0,34.0,0.0,,,chm-legacy,2009-2020,coverage-unknown
8929aeb353bffff,0.0,0.0,0.0,0.0,,,chm-legacy,2009-2020,coverage-unknown
8929aeb3563ffff,0.0,0.0,0.0,0.0,,,chm-legacy,2009-2020,coverage-unknown
8929aeb3567ffff,0.0,0.0,0.0,0.0,,,chm-legacy,2009-2020,coverage-unknown
8929aeb356fffff,0.0,0.0,0.0,0.0,,,chm-legacy,2009-2020,coverage-unknown
8929aeb3573ffff,0.0,0.0,0.0,0.0,,,chm-legacy,2009-2020,coverage-unknown
8929aeb3577ffff,0.0,0.0,0.0,0.0,,,chm-legacy,2009-2020,coverage-unknown
8929aeb3583ffff,0.0,0.0,0.0,0.0,,,chm-legacy,2009-2020,coverage-unknown
8929aeb3587ffff,0.0,0.0,0.0,0.0,,,chm-legacy,2009-2020,coverage-unknown
8929aeb358bffff,0.0,0.0,0.0,0.0,,,chm-legacy,2009-2020,coverage-unknown
8929aeb358fffff,0.0,0.0,0.0,0.0,,,chm-legacy,2009-2020,coverage-unknown
8929aeb3593ffff,0.0,0.0,0.0,0.0,,,chm-legacy,2009-2020,coverage-unknown
8929aeb3597ffff,0.0,0.0,0.0,0.0,,,chm-legacy,2009-2020,coverage-unknown
8929aeb359bffff,0.0,0.0,0.0,0.0,,,chm-legacy,2009-2020,coverage-unknown
8929aeb35a3ffff,0.0,0.0,0.0,0.0,,,chm-legacy,2009-2020,coverage-unknown
8929aeb35a7ffff,0.0,0.0,0.0,0.0,,,chm-legacy,2009-2020,coverage-unknown
8929aeb35abffff,0.0,0.0,0.0,0.0,,,chm-legacy,2009-2020,coverage-unknown
8929aeb35afffff,0.0,0.0,0.0,0.0,,,chm-legacy,2009-2020,coverage-unknown
8929aeb35b3ffff,0.0,0.0,0.0,0.0,,,chm-legacy,2009-2020,coverage-unknown
8929aeb35b7ffff,0.0,0.0,0.0,0.0,,,chm-legacy,2009-2020,coverage-unknown
8929aeb35bbffff,0.0,0.0,0.0,0.0,,,chm-legacy,2009-2020,coverage-unknown
8929aeb35c7ffff,0.0524263573511582,0.0,61.0,4596.0,,,chm-legacy,2009-2020,coverage-unknown
8929aeb35d7ffff,0.072109869218919,0.0,83.0,6307.0,,,chm-legacy,2009-2020,coverage-unknown
8929aeb4003ffff,0.0,0.0,0.0,0.0,,,chm-legacy,2009-2020,coverage-unknown
8929aeb4007ffff,0.0,0.0,0.0,0.0,,,chm-legacy,2009-2020,coverage-unknown
8929aeb400fffff,0.0,0.0,0.0,5743.0,,,chm-legacy,2009-2020,coverage-unknown
8929aeb4013ffff,0.0,0.0,0.0,0.0,,,chm-legacy,2009-2020,coverage-unknown
8929aeb4017ffff,0.0,0.0,0.0,0.0,,,chm-legacy,2009-2020,coverage-unknown
8929aeb4033ffff,0.0,0.0,0.0,0.0,,,chm-legacy,2009-2020,coverage-unknown
8929aeb4043ffff,0.0,0.0,0.0,0.0,,,chm-legacy,2009-2020,coverage-unknown
8929aeb4053ffff,0.0,0.0,0.0,0.0,,,chm-legacy,2009-2020,coverage-unknown
8929aeb4057ffff,2.024105856150924,4.081632653061225,2336.0,5956.0,,,chm-legacy,2009-2020,coverage-unknown
8929aeb405bffff,0.0,0.0,0.0,0.0,,,chm-legacy,2009-2020,coverage-unknown
8929aeb4083ffff,0.0,0.0,0.0,0.0,,,chm-legacy,2009-2020,coverage-unknown
8929aeb4087ffff,0.0,0.0,0.0,0.0,,,chm-legacy,2009-2020,coverage-unknown
8929aeb408bffff,0.0,0.0,0.0,0.0,,,chm-legacy,2009-2020,coverage-unknown
8929aeb408fffff,0.0,0.0,0.0,0.0,,,chm-legacy,2009-2020,coverage-unknown
8929aeb4093ffff,0.0,0.0,0.0,0.0,,,chm-legacy,2009-2020,coverage-unknown
8929aeb4097ffff,0.0,0.0,0.0,0.0,,,chm-legacy,2009-2020,coverage-unknown
8929aeb409bffff,0.0,0.0,0.0,0.0,,,chm-legacy,2009-2020,coverage-unknown
8929aeb40a3ffff,0.0,0.0,0.0,0.0,,,chm-legacy,2009-2020,coverage-unknown
8929aeb40a7ffff,0.0,0.0,0.0,0.0,,,chm-legacy,2009-2020,coverage-unknown
8929aeb40abffff,0.0,0.0,0.0,0.0,,,chm-legacy,2009-2020,coverage-unknown
8929aeb40afffff,0.0,0.0,0.0,0.0,,,chm-legacy,2009-2020,coverage-unknown
8929aeb40b3ffff,1.6838105221778157,0.0,1943.0,0.0,,,chm-legacy,2009-2020,coverage-unknown
8929aeb40b7ffff,0.0425810678021618,0.0,49.0,0.0,,,chm-legacy,2009-2020,coverage-unknown
8929aeb40bbffff,0.0,0.0,0.0,0.0,,,chm-legacy,2009-2020,coverage-unknown
8929aeb40c3ffff,0.0,0.0,0.0,6186.0,,,chm-legacy,2009-2020,coverage-unknown
8929aeb40cbffff,0.0,0.0,0.0,0.0,,,chm-legacy,2009-2020,coverage-unknown
8929aeb40cfffff,0.0,0.0,0.0,6301.0,,,chm-legacy,2009-2020,coverage-unknown
8929aeb40d3ffff,0.0,0.0,0.0,714.0,,,chm-legacy,2009-2020,coverage-unknown
8929aeb40d7ffff,0.0786137770644305,0.0,91.0,0.0,,,chm-legacy,2009-2020,coverage-unknown
8929aeb40dbffff,0.029479200786112,0.0,34.0,0.0,,,chm-legacy,2009-2020,coverage-unknown
8929aeb4183ffff,25.124492202856768,13.246599645180368,28986.0,8450.0,,,chm-legacy,2009-2020,coverage-unknown
8929aeb4187ffff,1.503636244512874,0.0,1735.0,1204.0,,,chm-legacy,2009-2020,coverage-unknown
8929aeb4193ffff,73.91332831078647,54.40783615316117,85276.0,2949.0,,,chm-legacy,2009-2020,coverage-unknown
8929aeb4197ffff,65.4982637751425,0.0,75564.0,0.0,,,chm-legacy,2009-2020,coverage-unknown
8929aeb419bffff,63.935392982341185,0.0,73765.0,0.0,,,chm-legacy,2009-2020,coverage-unknown
8929aeb41d3ffff,7.213286598748649,0.0,8323.0,0.0,,,chm-legacy,2009-2020,coverage-unknown
8929aeb41d7ffff,16.130511694948567,0.0,18611.0,0.0,,,chm-legacy,2009-2020,coverage-unknown
8929aeb41dbffff,0.0,0.0,0.0,0.0,,,chm-legacy,2009-2020,coverage-unknown
8929aeb4293ffff,44.516129032258064,0.0,51378.0,0.0,,,chm-legacy,2009-2020,coverage-unknown
8929aeb4297ffff,9.04833638983495,0.0,10443.0,0.0,,,chm-legacy,2009-2020,coverage-unknown
8929aeb429bffff,6.509495743287491,0.0,7513.0,20448.0,,,chm-legacy,2009-2020,coverage-unknown
8929aeb42d3ffff,0.0,0.0,0.0,3508.0,,,chm-legacy,2009-2020,coverage-unknown
8929aeb4403ffff,6.357592745703013,0.8053932584269664,6809.76,19864.0,107112.24,0.9279806077603346,usfs-2022,2022,partial
8929aeb4407ffff,0.7707836300238576,0.0,15.12,1476.0,1961.64,0.016995616317854647,usfs-2022,2022,partial
8929aeb440bffff,2.619887969938015,4.822088275325685,2685.6,3524.0,102508.2,0.8880847920816484,usfs-2022,2022,partial
8929aeb440fffff,1.3443080010299848,0.0,545.04,7665.0,40544.28,0.3512717515715556,usfs-2022,2022,partial
8929aeb4413ffff,16.371148616909366,15.353481862541136,17816.04,16112.0,108825.84,0.9427965758755101,usfs-2022,2022,partial
8929aeb4417ffff,10.900543558101953,0.08987417615338526,267.12,1201.0,2450.52,0.02123058829023277,usfs-2022,2022,partial
8929aeb441bffff,9.023799202223048,9.597431331282715,10416.24,12062.0,115430.76,1.0,usfs-2022,2022,full
8929aeb4423ffff,0.0,0.0,0.0,0.0,,,chm-legacy,2009-2020,coverage-unknown
8929aeb4427ffff,1.8412344789175377,0.0,2125.0,0.0,,,chm-legacy,2009-2020,coverage-unknown
8929aeb442bffff,0.1081222764653845,0.0,125.0,0.0,,,chm-legacy,2009-2020,coverage-unknown
8929aeb442fffff,0.0,0.0,0.0,0.0,,,chm-legacy,2009-2020,coverage-unknown
8929aeb4433ffff,0.0,0.0,0.0,7229.0,,,chm-legacy,2009-2020,coverage-unknown
8929aeb4437ffff,11.006258396408796,0.0,12702.0,3894.0,,,chm-legacy,2009-2020,coverage-unknown
8929aeb443bffff,0.2654171308735828,0.0,306.0,0.0,,,chm-legacy,2009-2020,coverage-unknown
8929aeb4443ffff,8.291412621434919,2.079422767149913,9570.96,26480.0,115432.2,1.0,usfs-2022,2022,full
8929aeb4447ffff,8.331569743481214,2.996615000890789,5385.6,9801.0,64640.88,0.5600142995296215,usfs-2022,2022,partial
8929aeb444bffff,7.503461696792785,1.6316068369748729,8661.6,28736.0,115434.72,1.0,usfs-2022,2022,full
8929aeb444fffff,6.920061253832263,0.4592929177358984,7987.68,21924.0,115427.88,0.999996801448111,usfs-2022,2022,full
8929aeb4453ffff,8.424007110445807,2.014758812056381,9724.32,17543.0,115435.8,1.0,usfs-2022,2022,full
8929aeb4457ffff,7.6031599005747825,2.3097286565188617,8776.44,5314.0,115431.48,1.0,usfs-2022,2022,full
8929aeb445bffff,6.865924854049199,0.3526902887139108,7925.76,13121.0,115436.16,0.9999956879562408,usfs-2022,2022,full
8929aeb4463ffff,0.003275681341719,0.0,4.0,3427.0,,,chm-legacy,2009-2020,coverage-unknown
8929aeb4467ffff,0.6486486486486486,0.0,749.0,1993.0,,,chm-legacy,2009-2020,coverage-unknown
8929aeb446bffff,4.98364684411196,0.31086794329768713,992.88,2886.0,19922.76,0.17261122801764528,usfs-2022,2022,partial
8929aeb446fffff,0.2195137933294017,0.0,253.0,4349.0,,,chm-legacy,2009-2020,coverage-unknown
8929aeb4473ffff,0.0,0.0,0.0,19676.0,,,chm-legacy,2009-2020,coverage-unknown
8929aeb4477ffff,0.1769099724806709,0.0,204.0,0.0,,,chm-legacy,2009-2020,coverage-unknown
8929aeb447bffff,8.251390587060222,0.735356990166738,3449.88,4179.0,41809.68,0.36222843477796285,usfs-2022,2022,partial
8929aeb4483ffff,2.2854772871144484,0.23615074289087867,376.92,3650.0,16491.96,0.14287241880110732,usfs-2022,2022,partial
8929aeb4487ffff,0.0,0.0,0.0,4290.0,36768.96,0.3185482910666965,usfs-2022,2022,partial
8929aeb448bffff,2.4703255303356353,0.10159019758256795,2851.56,17346.0,115432.56,1.0,usfs-2022,2022,full
8929aeb448fffff,2.179575051405072,0.6974248927038627,686.88,5997.0,31514.4,0.2730228474751299,usfs-2022,2022,partial
8929aeb4493ffff,0.0,0.0,0.0,5206.0,97049.52,0.840728357248953,usfs-2022,2022,partial
8929aeb4497ffff,0.0,0.0,0.0,4995.0,115430.76,1.0,usfs-2022,2022,full
8929aeb449bffff,6.159084382819871,0.5943849591096872,2702.52,8489.0,43878.6,0.38011156384712375,usfs-2022,2022,partial
8929aeb44a3ffff,0.0,0.0,0.0,455.0,,,chm-legacy,2009-2020,coverage-unknown
8929aeb44a7ffff,0.0,0.0,0.0,5748.0,,,chm-legacy,2009-2020,coverage-unknown
8929aeb44abffff,0.0,0.0,0.0,3260.0,,,chm-legacy,2009-2020,coverage-unknown
8929aeb44afffff,0.0,0.0,0.0,0.0,,,chm-legacy,2009-2020,coverage-unknown
8929aeb44b3ffff,0.0,0.0,0.0,3055.0,28329.12,0.24543971063765077,usfs-2022,2022,partial
8929aeb44b7ffff,0.0,0.0,0.0,10195.0,,,chm-legacy,2009-2020,coverage-unknown
8929aeb44bbffff,0.0,0.0,0.0,13363.0,,,chm-legacy,2009-2020,coverage-unknown
8929aeb44c3ffff,2.624898646541508,0.33303201864979304,3030.12,7542.0,115437.6,0.9999945938860837,usfs-2022,2022,full
8929aeb44c7ffff,8.516218770174055,4.391359436323743,9830.52,22275.0,115432.92,0.9999950393117982,usfs-2022,2022,full
8929aeb44cbffff,6.967642546184839,2.0468128485478423,8043.48,17642.0,115440.48,1.0,usfs-2022,2022,full
8929aeb44cfffff,11.544123150619995,6.7881625146296605,13325.76,14049.0,115433.28,0.9999890081654202,usfs-2022,2022,full
8929aeb44d3ffff,8.883559785574622,0.440076279888514,10255.32,17103.0,115441.56,0.9999970691950405,usfs-2022,2022,full
8929aeb44d7ffff,7.130917482691948,1.058790749512399,8231.76,20454.0,115437.6,1.0,usfs-2022,2022,full
8929aeb44dbffff,5.922488742531402,1.7243780170813219,6837.12,15244.0,115443.36,1.0,usfs-2022,2022,full
8929aeb4503ffff,75.9256832033554,0.0,87610.0,0.0,,,chm-legacy,2009-2020,coverage-unknown
8929aeb4507ffff,62.865755758707685,0.0,72537.0,4476.0,,,chm-legacy,2009-2020,coverage-unknown
8929aeb450bffff,78.85837866177337,0.0,90995.0,0.0,,,chm-legacy,2009-2020,coverage-unknown
8929aeb450fffff,70.30471821756225,0.0,81121.0,0.0,,,chm-legacy,2009-2020,coverage-unknown
8929aeb4513ffff,73.62867815715316,0.0,84962.0,6509.0,,,chm-legacy,2009-2020,coverage-unknown
8929aeb4517ffff,37.876802096985585,0.0,43705.0,5270.0,,,chm-legacy,2009-2020,coverage-unknown
8929aeb451bffff,75.6840001310659,0.0,87335.0,0.0,,,chm-legacy,2009-2020,coverage-unknown
8929aeb4523ffff,66.28006028438503,0.0,76471.0,0.0,,,chm-legacy,2009-2020,coverage-unknown
8929aeb4527ffff,52.44242046980965,17.774762550881952,60503.0,6981.0,,,chm-legacy,2009-2020,coverage-unknown
8929aeb452bffff,68.48053990302712,59.33412604042806,79011.0,1970.0,,,chm-legacy,2009-2020,coverage-unknown
8929aeb452fffff,74.413499344692,0.0,85852.0,0.0,,,chm-legacy,2009-2020,coverage-unknown
8929aeb4533ffff,72.85236878317279,0.0,84057.0,11094.0,,,chm-legacy,2009-2020,coverage-unknown
8929aeb4537ffff,63.3572528588748,0.0,73098.0,10662.0,,,chm-legacy,2009-2020,coverage-unknown
8929aeb453bffff,82.13782481895338,0.0,94771.0,0.0,,,chm-legacy,2009-2020,coverage-unknown
8929aeb4543ffff,0.3145478374836173,0.0,363.0,0.0,,,chm-legacy,2009-2020,coverage-unknown
8929aeb4547ffff,8.494398217912599,0.0,9802.0,0.0,,,chm-legacy,2009-2020,coverage-unknown
8929aeb454bffff,5.041769041769042,0.0,5818.0,0.0,,,chm-legacy,2009-2020,coverage-unknown
8929aeb454fffff,5.265054714632068,0.0,6075.0,0.0,,,chm-legacy,2009-2020,coverage-unknown
8929aeb4553ffff,10.021622329969858,0.0,11565.0,0.0,,,chm-legacy,2009-2020,coverage-unknown
8929aeb4557ffff,5.621989974773122,0.0,6487.0,0.0,,,chm-legacy,2009-2020,coverage-unknown
8929aeb455bffff,2.168998394548016,0.0,2503.0,0.0,,,chm-legacy,2009-2020,coverage-unknown
8929aeb4563ffff,74.7911274204646,0.0,86296.0,0.0,,,chm-legacy,2009-2020,coverage-unknown
8929aeb4567ffff,71.59519051207286,0.0,82605.0,0.0,,,chm-legacy,2009-2020,coverage-unknown
8929aeb456bffff,8.70020964360587,0.0,10039.0,0.0,,,chm-legacy,2009-2020,coverage-unknown
8929aeb456fffff,69.03623140929044,0.0,79653.0,0.0,,,chm-legacy,2009-2020,coverage-unknown
8929aeb4573ffff,82.72777905186253,0.0,95457.0,0.0,,,chm-legacy,2009-2020,coverage-unknown
8929aeb4577ffff,64.04350817416375,0.0,73894.0,0.0,,,chm-legacy,2009-2020,coverage-unknown
8929aeb457bffff,8.07994757536042,0.0,9323.0,0.0,,,chm-legacy,2009-2020,coverage-unknown
8929aeb4583ffff,9.758815047843754,0.0,11261.0,5190.0,,,chm-legacy,2009-2020,coverage-unknown
8929aeb4587ffff,1.127129750982962,0.0,1301.0,6100.0,,,chm-legacy,2009-2020,coverage-unknown
8929aeb458bffff,77.26617290424068,0.0,89163.0,5351.0,,,chm-legacy,2009-2020,coverage-unknown
8929aeb458fffff,57.41717731100698,0.0,66255.0,0.0,,,chm-legacy,2009-2020,coverage-unknown
8929aeb4593ffff,0.0,0.0,0.0,0.0,,,chm-legacy,2009-2020,coverage-unknown
8929aeb4597ffff,0.0,0.0,0.0,0.0,,,chm-legacy,2009-2020,coverage-unknown
8929aeb459bffff,0.0196618167518678,0.0,23.0,0.0,,,chm-legacy,2009-2020,coverage-unknown
8929aeb45a3ffff,0.4128440366972477,0.0,476.0,0.0,,,chm-legacy,2009-2020,coverage-unknown
8929aeb45a7ffff,0.3309630697643936,0.0,382.0,0.0,,,chm-legacy,2009-2020,coverage-unknown
8929aeb45abffff,46.823290409253254,0.0,54026.0,0.0,,,chm-legacy,2009-2020,coverage-unknown
8929aeb45afffff,87.15512156759945,0.0,100558.0,0.0,,,chm-legacy,2009-2020,coverage-unknown
8929aeb45b3ffff,0.0131083073898082,0.0,15.0,0.0,,,chm-legacy,2009-2020,coverage-unknown
8929aeb45b7ffff,0.0,0.0,0.0,0.0,,,chm-legacy,2009-2020,coverage-unknown
8929aeb45bbffff,1.4484205007209332,0.0,1671.0,0.0,,,chm-legacy,2009-2020,coverage-unknown
8929aeb45c3ffff,5.832050063890437,0.0,6730.0,4844.0,,,chm-legacy,2009-2020,coverage-unknown
8929aeb45c7ffff,73.79579264696244,0.0,85159.0,5236.0,,,chm-legacy,2009-2020,coverage-unknown
8929aeb45cbffff,3.5882815572158866,0.0,4141.0,0.0,,,chm-legacy,2009-2020,coverage-unknown
8929aeb45cfffff,4.879247632467149,0.0,5631.0,0.0,,,chm-legacy,2009-2020,coverage-unknown
8929aeb45d3ffff,0.0,0.0,0.0,9118.0,,,chm-legacy,2009-2020,coverage-unknown
8929aeb45d7ffff,15.200078654999508,0.0,17541.0,12614.0,,,chm-legacy,2009-2020,coverage-unknown
8929aeb45dbffff,9.027755021791132,0.0,10419.0,6780.0,,,chm-legacy,2009-2020,coverage-unknown
8929aeb4603ffff,16.907405587763257,50.0,19516.0,288.0,,,chm-legacy,2009-2020,coverage-unknown
8929aeb4607ffff,3.4814790554482036,0.0,4018.0,115.0,,,chm-legacy,2009-2020,coverage-unknown
8929aeb460bffff,17.87305122494432,0.3831417624521072,20631.0,2995.0,,,chm-legacy,2009-2020,coverage-unknown
8929aeb460fffff,25.722240419259744,0.0,29690.0,0.0,,,chm-legacy,2009-2020,coverage-unknown
8929aeb4613ffff,8.770028026016604,6.2886971413516,8358.84,20487.0,95311.44,0.8256638322923079,usfs-2022,2022,partial
8929aeb4617ffff,6.629706142754753,0.021353833013025837,2264.4,5057.0,34155.36,0.29589313612422063,usfs-2022,2022,partial
8929aeb461bffff,2.534244476450219,0.0,595.44,4129.0,23495.76,0.20353719367472264,usfs-2022,2022,partial
8929aeb4623ffff,0.0,0.0,0.0,0.0,,,chm-legacy,2009-2020,coverage-unknown
8929aeb4627ffff,0.0,0.0,0.0,0.0,,,chm-legacy,2009-2020,coverage-unknown
8929aeb462bffff,1.5785164565252987,0.0,1822.0,0.0,,,chm-legacy,2009-2020,coverage-unknown
8929aeb462fffff,16.872441460618962,0.0,19473.0,0.0,,,chm-legacy,2009-2020,coverage-unknown
8929aeb4633ffff,0.0,0.0,0.0,5.0,5.04,4.366547693536262e-05,usfs-2022,2022,partial
8929aeb4637ffff,0.0,0.0,0.0,0.0,,,chm-legacy,2009-2020,coverage-unknown
8929aeb463bffff,0.0,0.0,0.0,0.0,,,chm-legacy,2009-2020,coverage-unknown
8929aeb4643ffff,2.8887114781296193,3.8934927319657655,3334.68,12734.0,115438.32,0.9999917239213013,usfs-2022,2022,full
8929aeb4647ffff,4.338259370020301,0.22635408245755861,3577.32,11108.0,82459.8,0.7143424723014636,usfs-2022,2022,partial
8929aeb464bffff,7.231801214343853,0.8369582103464347,8348.4,18383.0,115440.12,0.9999982630881441,usfs-2022,2022,full
8929aeb464fffff,8.880205328435057,1.1616633773068799,10251.0,20553.0,115436.52,1.0,usfs-2022,2022,full
8929aeb4653ffff,4.0167893750448265,2.9561745321595225,4637.16,14524.0,115444.44,1.0,usfs-2022,2022,full
8929aeb4657ffff,5.1586534235738775,0.45838790332182405,2112.84,6020.0,40957.2,0.3547975425415826,usfs-2022,2022,partial
8929aeb465bffff,1.0303138028994727,0.0,1189.44,0.0,115444.44,1.0,usfs-2022,2022,full
8929aeb4663ffff,57.5999737988406,0.0,66484.0,0.0,,,chm-legacy,2009-2020,coverage-unknown
8929aeb4667ffff,58.66631730643259,0.0,67712.0,0.0,,,chm-legacy,2009-2020,coverage-unknown
8929aeb466bffff,0.3962047753101866,0.0,13.68,0.0,3452.76,0.029912885033687425,usfs-2022,2022,partial
8929aeb466fffff,30.398192416006285,0.0,35085.0,5380.0,,,chm-legacy,2009-2020,coverage-unknown
8929aeb4673ffff,41.209798912687496,0.0,47567.0,0.0,,,chm-legacy,2009-2020,coverage-unknown
8929aeb4677ffff,40.54886036154048,0.0,46802.0,0.0,,,chm-legacy,2009-2020,coverage-unknown
8929aeb467bffff,4.991886125686796,0.4164409534127844,4363.2,10589.0,87405.84,0.7572137674212992,usfs-2022,2022,partial
8929aeb4683ffff,7.9058323094099086,0.5920043317390127,9126.36,19828.0,115438.32,0.9999961706047192,usfs-2022,2022,full
8929aeb4687ffff,6.125994074536099,0.3524248124364878,7071.48,16592.0,115434.0,0.9999997196635947,usfs-2022,2022,full
8929aeb468bffff,8.385776923988498,2.6457719930656833,9680.4,25473.0,115438.32,0.99998707146732,usfs-2022,2022,full
8929aeb468fffff,8.437443474898176,0.853915849571801,9739.8,14379.0,115435.44,1.0,usfs-2022,2022,full
8929aeb4693ffff,9.490635349295546,1.0213359835909581,10956.24,16851.0,115442.64,1.0,usfs-2022,2022,full
8929aeb4697ffff,6.358740227218153,0.5347154793977271,7340.4,26184.0,115437.96,1.0,usfs-2022,2022,full
8929aeb469bffff,8.555337613860676,1.105422082184587,9876.6,27118.0,115443.72,1.0,usfs-2022,2022,full
8929aeb46a3ffff,7.765409650466118,0.5042016806722689,8963.28,12574.0,115425.72,1.0,usfs-2022,2022,full
8929aeb46a7ffff,1.7767764990511283,0.0,1152.72,0.0,64877.04,0.5620909667824747,usfs-2022,2022,partial
8929aeb46abffff,10.937822155459338,0.1351473105685197,2673.72,3990.0,24444.72,0.21177704709366857,usfs-2022,2022,partial
8929aeb46afffff,5.492479785495831,1.4934605867797808,3303.72,4013.0,60149.88,0.5211303759322257,usfs-2022,2022,partial
8929aeb46b3ffff,8.300663990743425,0.7705588949993606,9581.4,22345.0,115429.32,1.0,usfs-2022,2022,full
8929aeb46b7ffff,6.7753103362235665,0.8543001510652706,7820.28,20556.0,115423.2,0.9999881272932414,usfs-2022,2022,full
8929aeb46bbffff,8.04190935488801,0.8789908508884993,8524.44,16888.0,106000.2,0.9183043888720522,usfs-2022,2022,partial
8929aeb46c3ffff,8.949280446544117,5.950774371827004,10331.64,10537.0,115446.6,1.0,usfs-2022,2022,full
8929aeb46c7ffff,8.855521252377834,4.274034978785057,10222.92,19980.0,115441.2,1.0,usfs-2022,2022,full
8929aeb46cbffff,14.040881238598624,2.2930487453129507,16209.72,24390.0,115446.6,0.9999996787349276,usfs-2022,2022,full
8929aeb46cfffff,6.001807530890849,0.8169498921238272,5905.08,14729.0,98388.36,0.8522759210359004,usfs-2022,2022,partial
8929aeb46d3ffff,8.401909638310014,3.9879886207986512,9699.84,19683.0,115448.04,0.9999893609257099,usfs-2022,2022,full
8929aeb46d7ffff,11.278462776208206,4.976081816682246,13020.48,12443.0,115445.52,1.0,usfs-2022,2022,full
8929aeb46dbffff,7.987963641466191,1.836560891620691,9222.12,9544.0,115450.2,0.999998991079403,usfs-2022,2022,full
8929aeb5403ffff,57.51555738461347,0.0,66412.8,0.0,115469.28,0.9999693120922806,usfs-2022,2022,full
8929aeb5407ffff,53.18802670017179,0.0,61415.64,0.0,115468.92,1.0,usfs-2022,2022,full
8929aeb540bffff,14.978566863591727,0.6285832700145058,17296.56,5179.0,115475.4,1.0,usfs-2022,2022,full
8929aeb540fffff,29.189010550470158,0.0,33703.92,4807.0,115467.84,0.9999887406808217,usfs-2022,2022,full
8929aeb5413ffff,24.491691866446363,0.0,28282.32,4012.0,115477.2,1.0,usfs-2022,2022,full
8929aeb5417ffff,10.112142364997366,0.0,11676.6,0.0,115471.08,0.999993883708897,usfs-2022,2022,full
8929aeb541bffff,59.50401371677967,11.969066032123736,68714.64,2664.0,115479.0,1.0,usfs-2022,2022,full
8929aeb5423ffff,56.89114906009235,0.0,65686.68,0.0,115460.28,1.0,usfs-2022,2022,full
8929aeb5427ffff,42.4805278222965,0.0,49046.76,2449.0,115457.04,1.0,usfs-2022,2022,full
8929aeb542bffff,4.255047158780887,0.06916692284045496,4912.92,4681.0,115461.0,1.0,usfs-2022,2022,full
8929aeb542fffff,9.410935668138393,0.0,10865.52,5368.0,115456.32,1.0,usfs-2022,2022,full
8929aeb5433ffff,22.38597957172967,0.0,25847.64,0.0,115463.52,1.0,usfs-2022,2022,full
8929aeb5437ffff,1.5783582205897484,0.0,1822.32,2026.0,115456.68,0.9999828479503147,usfs-2022,2022,full
8929aeb543bffff,49.65735059363464,0.0,57336.84,1983.0,115464.96,1.0,usfs-2022,2022,full
8929aeb5457ffff,0.8972272622410106,1.0118897040222614,1036.08,4226.0,115475.76,0.9999755913293411,usfs-2022,2022,full
8929aeb548fffff,6.572474295583641,1.2521487378992129,7589.52,19646.0,115474.32,0.9999900570999258,usfs-2022,2022,full
8929aeb54a3ffff,0.0,0.0,0.0,1090.0,115466.04,1.0,usfs-2022,2022,full
8929aeb54a7ffff,0.3049341336035545,0.0,352.08,7524.0,115461.0,0.9999973642107275,usfs-2022,2022,full
8929aeb54abffff,0.0,0.0,0.0,0.0,115467.84,1.0,usfs-2022,2022,full
8929aeb54afffff,0.0,0.0,0.0,1724.0,115462.44,1.0,usfs-2022,2022,full
8929aeb54b3ffff,9.729414588977674,1.4028019073670204,11234.52,19205.0,115469.64,0.9999994106173289,usfs-2022,2022,full
8929aeb54b7ffff,0.05830358395560197,0.0,67.32,11301.0,115464.6,0.9999966547475136,usfs-2022,2022,full
8929aeb54bbffff,2.4009053667296434,0.5068594985470027,2772.36,5300.0,115471.44,1.0,usfs-2022,2022,full
8929aeb54c7ffff,24.151593937240083,0.4933874405161591,27890.28,12270.0,115480.08,0.9999900831637979,usfs-2022,2022,full
8929aeb54cfffff,2.380707447621007,1.684437621872796,2749.32,8531.0,115483.32,1.0,usfs-2022,2022,full
8929aeb5503ffff,0.0,0.0,0.0,0.0,39202.56,0.33959320970069345,usfs-2022,2022,partial
8929aeb5513ffff,6.303480104777348,0.0,7277.04,0.0,115444.8,1.0,usfs-2022,2022,full
8929aeb5517ffff,0.000672006881350465,0.0,0.72,186.0,107141.76,0.9281266907264064,usfs-2022,2022,partial
8929aeb551bffff,26.8487486398259,0.0,26647.92,0.0,99252.0,0.8597378750126462,usfs-2022,2022,partial
8929aeb5553ffff,31.428606405856595,0.0,27726.48,2251.0,88220.52,0.7641431519770183,usfs-2022,2022,partial
8929aeb5557ffff,17.645402192807826,11.993905093600349,13082.4,1455.0,74140.56,0.6422124860030892,usfs-2022,2022,partial
8929aeb555bffff,0.4370822633037977,0.0,462.6,4895.0,105838.2,0.9167346651691981,usfs-2022,2022,partial
8929aeb5583ffff,7.0882641844800975,0.7862488691504235,8183.16,21714.0,115446.6,1.0,usfs-2022,2022,full
8929aeb5587ffff,9.641627582077637,1.1420235183165837,11130.48,24151.0,115441.92,1.0,usfs-2022,2022,full
8929aeb558bffff,16.18592642023662,3.3951091971701013,18686.16,9045.0,115446.96,0.9999985030370159,usfs-2022,2022,full
8929aeb558fffff,18.40285898719256,6.61640928053868,21244.68,9186.0,115442.28,0.999998897492366,usfs-2022,2022,full
8929aeb5593ffff,3.6586506679306,0.11352400483392536,4223.88,9819.0,115449.12,0.9999943453866514,usfs-2022,2022,full
8929aeb5597ffff,3.211592792860217,0.21750388399792853,3707.64,10405.0,115445.52,1.0,usfs-2022,2022,full
8929aeb559bffff,1.2825230124479259,0.008179624555232915,1480.68,17603.0,115450.56,0.9999977847861329,usfs-2022,2022,full
8929aeb55a3ffff,0.0,0.0,0.0,0.0,,,chm-legacy,2009-2020,coverage-unknown
8929aeb55a7ffff,0.35554480590156,0.0,105.84,3865.0,29768.4,0.2578953272812444,usfs-2022,2022,partial
8929aeb55abffff,1.3857450781432938,0.843767930068514,830.88,10576.0,59959.08,0.5194230635185881,usfs-2022,2022,partial
8929aeb55afffff,1.1531875367282332,0.017239487830488818,1314.0,22967.0,113945.04,0.9871416604460478,usfs-2022,2022,partial
8929aeb55b3ffff,6.200597904432039,1.082769590463962,6921.72,18582.0,111629.88,0.9670229691648079,usfs-2022,2022,partial
8929aeb55b7ffff,7.070149581360344,0.5113273205028052,4058.28,10086.0,57400.2,0.49726457879122404,usfs-2022,2022,partial
8929aeb55bbffff,6.343485559628627,0.9230769230769231,3332.88,8346.0,52540.2,0.4551390811007228,usfs-2022,2022,partial
8929aeb55c3ffff,66.56678255717871,0.0,76853.88,3836.0,115453.8,1.0,usfs-2022,2022,full
8929aeb55c7ffff,37.48670822328314,6.970185334407736,43277.4,3325.0,115447.32,0.9999926032250109,usfs-2022,2022,full
8929aeb55cbffff,66.69306659016925,0.0,77000.4,2873.0,115454.88,1.0,usfs-2022,2022,full
8929aeb55cfffff,70.19383084080675,0.0,81038.16,0.0,115449.12,0.9999991866142393,usfs-2022,2022,full
8929aeb55d3ffff,0.0,0.0,0.0,21101.0,115455.24,0.9999883822250542,usfs-2022,2022,full
8929aeb55d7ffff,13.814511426602516,0.2887750349324639,15949.08,19267.0,115451.64,0.9999981159997878,usfs-2022,2022,full
8929aeb55dbffff,26.043303649380128,0.5519345444459853,30068.64,12908.0,115456.32,0.9999887280652047,usfs-2022,2022,full
8929aeb60c3ffff,3.6796253336326674,1.734181452962839,4248.36,5283.0,115456.32,0.9999987031034157,usfs-2022,2022,full
8929aeb60c7ffff,11.058309946990958,0.5434249504639711,12767.04,18251.0,115452.0,1.0,usfs-2022,2022,full
8929aeb60d3ffff,1.6995868734897497,0.0,1962.36,698.0,115461.0,1.0,usfs-2022,2022,full
8929aeb60d7ffff,5.340421883038929,0.23507544281653184,6165.72,13139.0,115453.8,0.9999861394197626,usfs-2022,2022,full
8929aeb60dbffff,12.725736449577212,0.805603508145326,14693.4,17997.0,115462.08,1.0,usfs-2022,2022,full
8929aeb6223ffff,9.218429374232057,0.15752308527973927,10641.6,19851.0,115438.32,1.0,usfs-2022,2022,full
8929aeb6227ffff,4.046855702897918,0.0507704414489884,4671.36,14174.0,115431.84,0.9999905725528203,usfs-2022,2022,full
8929aeb622bffff,3.971097743141639,0.6117283082548165,4584.24,10177.0,115440.12,1.0,usfs-2022,2022,full
8929aeb622fffff,0.0,0.0,0.0,27.0,115433.64,0.9999969703548314,usfs-2022,2022,full
8929aeb6247ffff,3.1988799710638403,0.0,3693.24,6940.0,115454.16,1.0,usfs-2022,2022,full
8929aeb624bffff,10.841435048049041,1.6372775349149433,12517.2,21628.0,115457.04,0.999985602873889,usfs-2022,2022,full
8929aeb624fffff,6.279875400287489,0.0965878158860615,7250.4,20480.0,115454.52,1.0,usfs-2022,2022,full
8929aeb625bffff,9.233028506932644,0.06995452955578874,10660.68,19542.0,115462.44,1.0,usfs-2022,2022,full
8929aeb626bffff,0.9860327617336964,0.0,1138.32,3641.0,115444.44,0.9999901977414273,usfs-2022,2022,full
8929aeb626fffff,3.567976915323973,0.6915416769117285,3721.32,11632.0,104297.76,0.9034736687053072,usfs-2022,2022,partial
8929aeb627bffff,1.1490704534540714,0.0,1326.6,10056.0,115449.84,1.0,usfs-2022,2022,full
8929aeb6283ffff,1.0464217116914865,1.8148435844926207,1208.16,5005.0,115456.32,0.9999935086455212,usfs-2022,2022,full
8929aeb628bffff,7.260651980730555,0.041793539912830614,8382.96,6027.0,115457.4,0.9999936558136692,usfs-2022,2022,full
8929aeb6293ffff,2.2636073670130674,0.16969525560347876,2613.6,5083.0,115461.72,1.0,usfs-2022,2022,full
8929aeb629bffff,4.681566196691256,1.2629533678756477,5405.4,2195.0,115461.36,0.9999961925236017,usfs-2022,2022,full
8929aeb62c3ffff,9.770150780090542,3.2625714597822526,11280.96,9564.0,115463.52,0.9999965058273439,usfs-2022,2022,full
8929aeb62d7ffff,4.314492116495653,1.0601536551816688,4981.68,10617.0,115463.88,1.0,usfs-2022,2022,full
8929aeb6327ffff,0.0,0.0,0.0,6624.0,,,chm-legacy,2009-2020,coverage-unknown
8929aeb632bffff,0.2720152066332382,0.0,314.0,10489.0,,,chm-legacy,2009-2020,coverage-unknown
8929aeb632fffff,0.0,0.0,0.0,4637.0,,,chm-legacy,2009-2020,coverage-unknown
8929aeb634bffff,1.6790227377005633,0.03450154349010351,1752.12,19818.0,104353.56,0.904076523646468,usfs-2022,2022,partial
8929aeb635bffff,1.7474535145553551,0.29214289375224234,2017.08,14007.0,115429.68,1.0,usfs-2022,2022,full
8929aeb6363ffff,0.0,0.0,0.0,11295.0,,,chm-legacy,2009-2020,coverage-unknown
8929aeb6367ffff,0.0,0.0,0.0,3836.0,,,chm-legacy,2009-2020,coverage-unknown
8929aeb636bffff,0.0,0.0,0.0,2131.0,,,chm-legacy,2009-2020,coverage-unknown
8929aeb636fffff,0.0,0.0,0.0,4113.0,,,chm-legacy,2009-2020,coverage-unknown
8929aeb637bffff,0.0,0.0,0.0,5789.0,,,chm-legacy,2009-2020,coverage-unknown
8929aeb6403ffff,16.07477451356348,2.300670149332489,18561.6,6665.0,115470.36,1.0,usfs-2022,2022,full
8929aeb640bffff,7.865242102178311,0.3921190499148266,9082.08,11157.0,115471.08,1.0,usfs-2022,2022,full
8929aeb6413ffff,2.5776361692111522,0.0,2976.48,0.0,115473.24,1.0,usfs-2022,2022,full
8929aeb6417ffff,22.990054600941658,2.5420736730610805,25980.84,11925.0,113009.04,0.9787052834394997,usfs-2022,2022,partial
8929aeb641bffff,0.0,0.0,0.0,0.0,115472.16,0.9999866458906905,usfs-2022,2022,full
8929aeb6443ffff,12.273903419895875,1.4943987397164362,14173.56,16208.0,115477.2,1.0,usfs-2022,2022,full
8929aeb6447ffff,13.720116727150286,3.1201848998459165,15842.52,15392.0,115469.28,0.9999841027611331,usfs-2022,2022,full
8929aeb644bffff,10.255634878573433,12.854225172325759,11842.92,7373.0,115477.2,1.0,usfs-2022,2022,full
8929aeb644fffff,12.420148837267305,2.813873495127078,14341.68,7323.0,115471.08,0.9999904173023376,usfs-2022,2022,full
8929aeb6453ffff,9.058941258257294,1.2631028775516129,10461.24,24483.0,115479.72,1.0,usfs-2022,2022,full
8929aeb6457ffff,5.163034159389701,0.5379791933874876,5961.96,10050.0,115473.96,0.9999929446466926,usfs-2022,2022,full
8929aeb645bffff,8.777666936841449,0.6648730556328664,10136.52,11564.0,115480.8,1.0,usfs-2022,2022,full
8929aeb646bffff,0.0,0.0,0.0,0.0,115463.88,1.0,usfs-2022,2022,full
8929aeb646fffff,7.769106289306215,1.6124274899223283,8970.12,10808.0,115458.84,0.9999980721910297,usfs-2022,2022,full
8929aeb647bffff,5.144273488285086,3.0322173089071383,5940.0,553.0,115468.2,1.0,usfs-2022,2022,full
8929aeb6483ffff,0.0009674735395986921,0.0,0.36,7097.0,37210.32,0.32223643672758834,usfs-2022,2022,partial
8929aeb6487ffff,0.0,0.0,0.0,1320.0,11015.64,0.09539789111115889,usfs-2022,2022,partial
8929aeb648bffff,0.04925755152558119,0.0,56.88,21242.0,115474.68,0.9999861010068984,usfs-2022,2022,full
8929aeb648fffff,2.2392844396577587,0.0,2552.4,728.0,113982.84,0.987107532596882,usfs-2022,2022,partial
8929aeb6493ffff,1.7452923036546155,0.0,2015.0,4188.0,,,chm-legacy,2009-2020,coverage-unknown
8929aeb6497ffff,0.0,0.0,0.0,14227.0,,,chm-legacy,2009-2020,coverage-unknown
8929aeb649bffff,0.46178234199462403,0.0,24.12,1709.0,5223.24,0.045230712479535036,usfs-2022,2022,partial
8929aeb64abffff,11.723799816795468,7.224875520780409,3271.32,3287.0,27903.24,0.2416635681512648,usfs-2022,2022,partial
8929aeb64b3ffff,0.6954239790060686,0.0,803.0,3352.0,,,chm-legacy,2009-2020,coverage-unknown
8929aeb64b7ffff,16.434535300816673,1.3155783731750361,9714.96,4429.0,59113.08,0.5119743887625189,usfs-2022,2022,partial
8929aeb64bbffff,8.967802642883443,0.0,789.12,2377.0,8799.48,0.07620786606112444,usfs-2022,2022,partial
8929aeb64c3ffff,3.3745343454338577,1.9783985875999586,3897.0,20387.0,115482.6,1.0,usfs-2022,2022,full
8929aeb64c7ffff,1.024101456188098,0.09197986662919339,1182.6,14077.0,115476.84,0.9999955015073225,usfs-2022,2022,full
8929aeb64cbffff,12.013803810076034,9.469714750661096,13873.68,20829.0,115481.16,0.9999826584087335,usfs-2022,2022,full
8929aeb64cfffff,2.1999638379190594,0.23393002441008953,2540.52,10594.0,115480.08,1.0,usfs-2022,2022,full
8929aeb64d3ffff,1.8145601226955614,1.4868609305105311,2095.56,19583.0,115485.84,1.0,usfs-2022,2022,full
8929aeb64d7ffff,1.6401286139206834,0.027057322871168486,1764.72,18622.0,107596.44,0.931724051280645,usfs-2022,2022,partial
8929aeb64dbffff,19.01278054862843,16.260891390870952,21957.48,25222.0,115488.0,1.0,usfs-2022,2022,full
8929aeb6603ffff,15.411713725453518,10.050672724095753,17796.96,18532.0,115476.84,1.0,usfs-2022,2022,full
8929aeb6607ffff,11.54619569453321,1.4398601278732923,13332.6,20700.0,115471.8,1.0,usfs-2022,2022,full
8929aeb660bffff,12.88586837921252,1.896103896103896,14880.24,13597.0,115477.2,0.9999971990003231,usfs-2022,2022,full
8929aeb660fffff,11.123616172889927,1.6902535380307047,12844.8,14154.0,115473.24,1.0,usfs-2022,2022,full
8929aeb6613ffff,16.67783738960468,8.708846790509472,19259.64,14295.0,115480.44,1.0,usfs-2022,2022,full
8929aeb6617ffff,15.574641871775288,3.3310311088088866,17984.88,24186.0,115475.4,1.0,usfs-2022,2022,full
8929aeb661bffff,12.055302699669555,6.388771115524514,13921.56,15102.0,115480.8,0.9999966544602683,usfs-2022,2022,full
8929aeb662bffff,9.382541295902524,0.7613774009344177,10833.48,14452.0,115464.24,0.9999986015062864,usfs-2022,2022,full
8929aeb663bffff,13.067389982696534,0.36763994504750297,15088.68,18537.0,115468.2,1.0,usfs-2022,2022,full
8929aeb6643ffff,17.698770204342473,2.7233486681433523,20439.0,12332.0,115482.6,0.999993814912746,usfs-2022,2022,full
8929aeb6647ffff,14.595322563549415,4.0966622562847945,16854.48,13830.0,115478.64,1.0,usfs-2022,2022,full
8929aeb664bffff,17.710742719626925,1.1764968522569985,20453.4,15936.0,115485.84,1.0,usfs-2022,2022,full
8929aeb6653ffff,22.9253299584162,8.664638172058444,26475.84,22909.0,115487.28,1.0,usfs-2022,2022,full
8929aeb6657ffff,20.56554308283638,2.8370464110185702,23749.92,11885.0,115484.04,1.0,usfs-2022,2022,full
8929aeb665bffff,19.955548351298948,1.9234108228031253,23046.12,18302.0,115487.28,0.9999934162862094,usfs-2022,2022,full
8929aeb6663ffff,12.556859101665166,1.9242277770105418,14499.36,15340.0,115469.64,0.9999951958561795,usfs-2022,2022,full
8929aeb6667ffff,9.494977208812177,1.1111739425469351,10963.44,12591.0,115465.68,1.0,usfs-2022,2022,full
8929aeb666bffff,8.773160488977432,10.723694405702775,10130.4,2074.0,115470.36,0.9999922287566523,usfs-2022,2022,full
8929aeb666fffff,8.126284151812856,5.350295484278432,9383.04,7553.0,115465.32,0.999989530180597,usfs-2022,2022,full
8929aeb6673ffff,15.396078651440186,1.589268016423616,17778.24,20018.0,115472.52,0.9999883992745171,usfs-2022,2022,full
8929aeb6677ffff,12.806666936869245,0.639603858255532,14787.72,20804.0,115468.92,0.9999981730575134,usfs-2022,2022,full
8929aeb667bffff,18.331514792530474,1.1260268483269886,21168.72,17765.0,115477.2,1.0,usfs-2022,2022,full
8929aeb6687ffff,7.151207559286843,17.788845846399802,8258.04,4813.0,115477.56,0.9999963131348247,usfs-2022,2022,full
8929aeb668fffff,7.513077743208614,2.973225404732254,8676.0,11219.0,115478.64,0.9999964168658814,usfs-2022,2022,full
8929aeb6693ffff,16.08685893839075,1.4016872160934457,18578.16,8205.0,115486.56,1.0,usfs-2022,2022,full
8929aeb6697ffff,11.335665120454886,2.519866164784609,13090.68,6713.0,115482.24,1.0,usfs-2022,2022,full
8929aeb66a3ffff,9.78241553364157,0.14072218625988572,11295.72,12773.0,115469.64,1.0,usfs-2022,2022,full
8929aeb66a7ffff,7.676142847343905,3.106389060936681,8863.2,7321.0,115464.24,0.9999945937140328,usfs-2022,2022,full
8929aeb66abffff,12.613522639056466,0.9258080357954855,14564.88,19609.0,115470.36,0.9999973773485814,usfs-2022,2022,full
8929aeb66afffff,10.673887558615185,1.0651629072681703,12324.6,7958.0,115464.96,0.9999915762424518,usfs-2022,2022,full
8929aeb66b3ffff,9.357833631585184,1.057628247834777,10805.76,12831.0,115472.88,0.9999967417605707,usfs-2022,2022,full
8929aeb66b7ffff,0.013406288484621741,0.0,15.48,954.0,115468.2,0.9999971778140322,usfs-2022,2022,full
8929aeb66bbffff,16.801970320488838,2.211678651740925,19401.84,14246.0,115473.6,0.9999937234239719,usfs-2022,2022,full
8929aeb66c3ffff,13.239818581381213,9.371189287439892,15290.64,14180.0,115489.8,1.0,usfs-2022,2022,full
8929aeb66cbffff,17.844173251663783,1.9496819734631865,20608.2,18702.0,115489.8,0.9999927292808969,usfs-2022,2022,full
8929aeb66cfffff,19.49169713802982,6.12154027001033,22510.08,18975.0,115485.48,0.9999962467228588,usfs-2022,2022,full
8929aeb66d3ffff,1.2764524907188344,10.606060606060606,1474.2,446.0,115491.96,0.999988954856524,usfs-2022,2022,full
8929aeb66d7ffff,0.4644594969498415,0.0,536.4,0.0,115489.08,1.0,usfs-2022,2022,full
8929aeb66dbffff,12.52828706618706,12.432946876622253,14469.48,14574.0,115494.48,1.0,usfs-2022,2022,full
8929aeb6843ffff,25.576897862855645,0.0,29504.0,0.0,,,chm-legacy,2009-2020,coverage-unknown
8929aeb684bffff,91.220998820291,0.0,105229.0,0.0,,,chm-legacy,2009-2020,coverage-unknown
8929aeb684fffff,53.95909805977976,0.0,62243.0,0.0,,,chm-legacy,2009-2020,coverage-unknown
8929aeb685bffff,33.93424891015766,0.0,39147.0,0.0,,,chm-legacy,2009-2020,coverage-unknown
8929aeb6a03ffff,84.48004717908394,0.0,97453.0,0.0,,,chm-legacy,2009-2020,coverage-unknown
8929aeb6a07ffff,86.42723727758299,0.0,99695.0,0.0,,,chm-legacy,2009-2020,coverage-unknown
8929aeb6a0bffff,82.26292679729995,0.0,94896.0,4257.0,,,chm-legacy,2009-2020,coverage-unknown
8929aeb6a0fffff,44.47757281871498,1.1776251226692835,51306.0,5800.0,,,chm-legacy,2009-2020,coverage-unknown
8929aeb6a13ffff,39.6126875942067,0.0,45697.0,0.0,,,chm-legacy,2009-2020,coverage-unknown
8929aeb6a17ffff,81.17238441626527,0.0,93636.0,0.0,,,chm-legacy,2009-2020,coverage-unknown
8929aeb6a1bffff,95.09829619921362,0.0,109706.0,0.0,,,chm-legacy,2009-2020,coverage-unknown
8929aeb6a33ffff,65.67169069462648,0.0,75750.0,0.0,,,chm-legacy,2009-2020,coverage-unknown
8929aeb6a37ffff,26.47617799331542,0.0,30538.0,0.0,,,chm-legacy,2009-2020,coverage-unknown
8929aeb6a3bffff,14.53473132372215,0.0,16765.0,9631.0,,,chm-legacy,2009-2020,coverage-unknown
8929aeb6a43ffff,98.53220627743924,89.01098901098901,113669.0,230.0,,,chm-legacy,2009-2020,coverage-unknown
8929aeb6a47ffff,8.688814625516022,0.0,10023.0,2431.0,,,chm-legacy,2009-2020,coverage-unknown
8929aeb6a4bffff,39.25962325962326,21.76287051482059,45291.0,5777.0,,,chm-legacy,2009-2020,coverage-unknown
8929aeb6a4fffff,3.7967634147939457,0.6821282401091405,4380.0,8387.0,,,chm-legacy,2009-2020,coverage-unknown
8929aeb6a53ffff,78.80406290956749,30.649350649350648,90913.0,6152.0,,,chm-legacy,2009-2020,coverage-unknown
8929aeb6a57ffff,68.86282475510271,0.0,79441.0,6509.0,,,chm-legacy,2009-2020,coverage-unknown
8929aeb6a5bffff,72.82199141574654,91.13372093023256,84013.0,351.0,,,chm-legacy,2009-2020,coverage-unknown
8929aeb6a73ffff,0.6290544525260469,0.1582278481012658,726.0,14538.0,,,chm-legacy,2009-2020,coverage-unknown
8929aeb6a83ffff,1.1337942785988138,0.0,1308.0,0.0,,,chm-legacy,2009-2020,coverage-unknown
8929aeb6a87ffff,85.48487529905286,0.0,98613.0,0.0,,,chm-legacy,2009-2020,coverage-unknown
8929aeb6a8bffff,0.0,0.0,0.0,0.0,,,chm-legacy,2009-2020,coverage-unknown
8929aeb6a8fffff,1.785948354961332,0.0,2060.0,0.0,,,chm-legacy,2009-2020,coverage-unknown
8929aeb6a93ffff,84.18379051551797,0.0,97119.0,0.0,,,chm-legacy,2009-2020,coverage-unknown
8929aeb6a97ffff,80.7111256758971,0.0,93109.0,0.0,,,chm-legacy,2009-2020,coverage-unknown
8929aeb6a9bffff,21.549351160047188,0.0,24861.0,0.0,,,chm-legacy,2009-2020,coverage-unknown
8929aeb6aa3ffff,78.025759512339,0.0,90002.0,0.0,,,chm-legacy,2009-2020,coverage-unknown
8929aeb6aa7ffff,43.02988596146284,0.0,49632.0,0.0,,,chm-legacy,2009-2020,coverage-unknown
8929aeb6aabffff,80.84534731323723,0.0,93255.0,0.0,,,chm-legacy,2009-2020,coverage-unknown
8929aeb6aafffff,81.70587849793564,0.0,94244.0,0.0,,,chm-legacy,2009-2020,coverage-unknown
8929aeb6ab3ffff,89.45436670489923,0.0,103188.0,0.0,,,chm-legacy,2009-2020,coverage-unknown
8929aeb6ab7ffff,47.86170735703752,0.0,55207.0,0.0,,,chm-legacy,2009-2020,coverage-unknown
8929aeb6abbffff,78.69572341471408,0.0,90778.0,0.0,,,chm-legacy,2009-2020,coverage-unknown
8929aeb6ac3ffff,0.0,0.0,0.0,0.0,,,chm-legacy,2009-2020,coverage-unknown
8929aeb6ac7ffff,0.4062909567496723,0.0,469.0,0.0,,,chm-legacy,2009-2020,coverage-unknown
8929aeb6acbffff,7.430949182530061,0.0,8573.0,1693.0,,,chm-legacy,2009-2020,coverage-unknown
8929aeb6acfffff,56.37614678899082,0.0,65039.0,0.0,,,chm-legacy,2009-2020,coverage-unknown
8929aeb6ad3ffff,0.0,0.0,0.0,0.0,,,chm-legacy,2009-2020,coverage-unknown
8929aeb6ad7ffff,0.0,0.0,0.0,0.0,,,chm-legacy,2009-2020,coverage-unknown
8929aeb6adbffff,2.7850589777195283,0.0,3213.0,0.0,,,chm-legacy,2009-2020,coverage-unknown
8929aeb6bdbffff,37.09613998296087,0.0,42787.0,484.0,,,chm-legacy,2009-2020,coverage-unknown
8929aeb6e0bffff,0.1016027006653338,0.0,117.0,5996.0,,,chm-legacy,2009-2020,coverage-unknown
8929aeb6e1bffff,13.198518567074167,0.0,15229.0,11831.0,,,chm-legacy,2009-2020,coverage-unknown
8929aeb6e23ffff,84.04785316289741,0.0,96965.0,5869.0,,,chm-legacy,2009-2020,coverage-unknown
8929aeb6e27ffff,38.53162897410685,0.0,44452.0,0.0,,,chm-legacy,2009-2020,coverage-unknown
8929aeb6e2bffff,98.40062926061876,0.0,113525.0,0.0,,,chm-legacy,2009-2020,coverage-unknown
8929aeb6e2fffff,99.34454167076328,0.0,114609.0,0.0,,,chm-legacy,2009-2020,coverage-unknown
8929aeb6e37ffff,8.775035237814272,0.0,10124.0,5846.0,,,chm-legacy,2009-2020,coverage-unknown
8929aeb6e3bffff,30.32776138970829,0.0,34990.0,6515.0,,,chm-legacy,2009-2020,coverage-unknown
8929aeb6e43ffff,0.0,0.0,0.0,5380.0,,,chm-legacy,2009-2020,coverage-unknown
8929aeb6e47ffff,0.0,0.0,0.0,3652.0,,,chm-legacy,2009-2020,coverage-unknown
8929aeb6e4bffff,0.0,0.0,0.0,5852.0,,,chm-legacy,2009-2020,coverage-unknown
8929aeb6e4fffff,0.0,0.0,0.0,8709.0,,,chm-legacy,2009-2020,coverage-unknown
8929aeb6e53ffff,10.902415838987771,0.0,12581.0,11030.0,,,chm-legacy,2009-2020,coverage-unknown
8929aeb6e57ffff,0.0,0.0,0.0,0.0,,,chm-legacy,2009-2020,coverage-unknown
8929aeb6e5bffff,0.0,0.0,0.0,864.0,,,chm-legacy,2009-2020,coverage-unknown
8929aeb6e63ffff,37.08461689716196,0.0,42787.0,0.0,,,chm-legacy,2009-2020,coverage-unknown
8929aeb6e67ffff,96.31644491053288,0.0,111121.0,0.0,,,chm-legacy,2009-2020,coverage-unknown
8929aeb6e6bffff,0.0,0.0,0.0,0.0,,,chm-legacy,2009-2020,coverage-unknown
8929aeb6e6fffff,31.775578423018946,0.0,36660.0,0.0,,,chm-legacy,2009-2020,coverage-unknown
8929aeb6e73ffff,14.437416013896629,0.0,16658.0,10489.0,,,chm-legacy,2009-2020,coverage-unknown
8929aeb6e77ffff,87.33940744625066,0.0,100767.0,4314.0,,,chm-legacy,2009-2020,coverage-unknown
8929aeb6e7bffff,0.0,0.0,0.0,271.0,,,chm-legacy,2009-2020,coverage-unknown
8929aeb6ecfffff,69.28548017043592,0.0,79950.0,5270.0,,,chm-legacy,2009-2020,coverage-unknown
8929aeb7003ffff,10.892462493259229,1.1549531824971764,12579.84,19534.0,115491.24,0.9999997952156628,usfs-2022,2022,full
8929aeb7007ffff,12.656136511706926,3.1408322028736744,14616.0,25190.0,115485.48,0.999990803167258,usfs-2022,2022,full
8929aeb700bffff,4.875174948333743,1.9948242398102223,5630.4,6544.0,115491.24,0.9999907139967386,usfs-2022,2022,full
8929aeb700fffff,6.514630565366068,2.8820184790334045,7523.64,9838.0,115488.36,1.0,usfs-2022,2022,full
8929aeb7013ffff,11.853486567108352,1.3974180041870203,13690.08,20347.0,115494.12,0.9999929444304259,usfs-2022,2022,full
8929aeb7017ffff,10.72535145413173,1.0163579504450324,12386.88,17776.0,115491.6,1.0,usfs-2022,2022,full
8929aeb701bffff,6.885147792694369,1.416082652987501,7952.04,4912.0,115495.56,0.9999963259719125,usfs-2022,2022,full
8929aeb7023ffff,5.910153692676996,2.1721422753190334,6824.88,12971.0,115477.2,0.9999918007134376,usfs-2022,2022,full
8929aeb7027ffff,11.474070794804806,0.3810337462622811,13249.44,20989.0,115472.88,0.9999952953908242,usfs-2022,2022,full
8929aeb702bffff,10.725965090578073,1.730326995344663,12386.16,12615.0,115478.28,0.9999920673939211,usfs-2022,2022,full
8929aeb702fffff,13.01575920066092,3.1011045029736617,15030.0,17244.0,115475.4,1.0,usfs-2022,2022,full
8929aeb7033ffff,7.862636112262806,1.151255582399883,9079.92,19443.0,115481.88,1.0,usfs-2022,2022,full
8929aeb7037ffff,8.344348563447726,0.32996040475142985,9635.76,17943.0,115476.48,0.9999946615532644,usfs-2022,2022,full
8929aeb703bffff,9.437326599956359,2.4677164933294122,10898.64,13133.0,115484.4,1.0,usfs-2022,2022,full
8929aeb7043ffff,9.34762958576193,2.290815229081523,10796.4,19624.0,115498.8,1.0,usfs-2022,2022,full
8929aeb7047ffff,13.17561249298672,2.582025468559957,15217.2,23932.0,115495.2,1.0,usfs-2022,2022,full
8929aeb704bffff,9.179061677908413,1.7460905232574702,10601.64,12418.0,115498.08,0.9999909460090992,usfs-2022,2022,full
8929aeb704fffff,8.373880599341062,1.3380789331411065,9671.4,23651.0,115494.84,1.0,usfs-2022,2022,full
8929aeb7053ffff,7.376285301973887,1.237944775873046,8519.76,15078.0,115502.04,1.0,usfs-2022,2022,full
8929aeb7057ffff,11.131059805562568,1.7964964591874768,12855.96,9485.0,115496.28,0.9999934835862225,usfs-2022,2022,full
8929aeb705bffff,13.726639155207021,5.306052661575287,15854.4,5981.0,115500.96,0.9999840822090601,usfs-2022,2022,full
8929aeb7063ffff,10.11153644729295,2.422318743735383,11677.32,16822.0,115485.12,1.0,usfs-2022,2022,full
8929aeb7067ffff,7.423756394549552,8.504807931841961,8573.04,6611.0,115481.16,1.0,usfs-2022,2022,full
8929aeb706bffff,7.752254541033738,1.0510144362075693,8952.84,14608.0,115486.92,1.0,usfs-2022,2022,full
8929aeb706fffff,14.331896215798318,2.143812276236898,16550.64,16334.0,115481.16,0.9999988657087933,usfs-2022,2022,full
8929aeb7073ffff,8.859019398197649,5.2298511377795265,10231.2,20810.0,115489.08,1.0,usfs-2022,2022,full
8929aeb7077ffff,6.784315925981346,0.5961251862891207,7834.68,240.0,115482.24,0.9999854675896687,usfs-2022,2022,full
8929aeb707bffff,10.559194017475008,1.226340993741607,12194.64,28068.0,115488.36,0.9999885130529157,usfs-2022,2022,full
8929aeb7083ffff,8.509517531145876,0.7004264693422204,9828.36,12657.0,115498.44,1.0,usfs-2022,2022,full
8929aeb7087ffff,7.1718239087811835,1.4050713755545199,8282.88,20563.0,115491.96,0.999992445479607,usfs-2022,2022,full
8929aeb708bffff,9.264125125845855,0.6856009219144312,10699.92,24510.0,115498.44,0.9999985702086934,usfs-2022,2022,full
8929aeb708fffff,9.455546308331542,6.637691105265164,10920.6,17631.0,115494.12,1.0,usfs-2022,2022,full
8929aeb7093ffff,4.76227581864765,3.915560095335376,5500.44,1016.0,115500.24,0.9999914933913124,usfs-2022,2022,full
8929aeb7097ffff,2.540964955754419,0.4835015692594792,2934.72,12671.0,115496.28,0.9999980824806524,usfs-2022,2022,full
8929aeb709bffff,3.827129325740788,0.9124418393860656,4420.44,5903.0,115502.76,1.0,usfs-2022,2022,full
8929aeb70a3ffff,8.48556073717549,0.7742726108026812,9799.56,19238.0,115485.12,1.0,usfs-2022,2022,full
8929aeb70abffff,9.952835629206373,1.1640582906261356,11494.08,28396.0,115485.48,0.9999998994061169,usfs-2022,2022,full
8929aeb70afffff,8.779958600394044,0.9498554242138224,10139.04,23801.0,115479.36,0.9999878013951461,usfs-2022,2022,full
8929aeb70b3ffff,5.013403990024937,0.4786470244109982,5789.88,13473.0,115488.0,0.9999990453828107,usfs-2022,2022,full
8929aeb70bbffff,9.331583557510372,0.8516059813585463,10776.96,26615.0,115489.08,0.9999992852612523,usfs-2022,2022,full
8929aeb70c3ffff,4.541714456689772,1.3943691221408017,5245.92,11965.0,115505.28,1.0,usfs-2022,2022,full
8929aeb70c7ffff,10.514323829828351,1.109450635132062,12143.88,21916.0,115498.44,0.9999894784567324,usfs-2022,2022,full
8929aeb70cbffff,4.2107428485940295,0.3438235658530541,4863.6,11582.0,115504.56,0.9999925272546393,usfs-2022,2022,full
8929aeb70cfffff,1.7080324276813459,0.0,1972.8,228.0,115501.32,1.0,usfs-2022,2022,full
8929aeb70d3ffff,3.4626017197692427,0.5335977711668319,3999.6,7583.0,115508.52,1.0,usfs-2022,2022,full
8929aeb70d7ffff,8.195546135984666,0.4924600375334407,9466.2,26915.0,115504.2,1.0,usfs-2022,2022,full
8929aeb70dbffff,3.9906000860204327,3.8335893386409365,4609.44,16002.0,115507.44,0.9999856862381603,usfs-2022,2022,full
8929aeb7103ffff,10.290907957096532,4.245219225879744,11881.8,25489.0,115459.2,1.0,usfs-2022,2022,full
8929aeb7107ffff,8.977181308504468,1.1018916758649564,10364.4,18708.0,115452.72,0.9999935261945048,usfs-2022,2022,full
8929aeb710bffff,10.362868777321168,1.1028103877623623,11964.96,20016.0,115459.92,1.0,usfs-2022,2022,full
8929aeb710fffff,10.919414787467572,3.1171679197994986,12606.84,24493.0,115453.44,0.999990642265309,usfs-2022,2022,full
8929aeb7113ffff,8.502611271338374,0.8003550089544669,9817.2,22533.0,115461.0,0.9999924779525561,usfs-2022,2022,full
8929aeb7117ffff,6.072719222482406,2.614464099895942,7011.36,13477.0,115456.68,0.9999960043317861,usfs-2022,2022,full
8929aeb711bffff,8.834249475413824,0.3929745769508381,10200.24,22356.0,115462.44,0.9999958289489589,usfs-2022,2022,full
8929aeb7123ffff,8.193735889536116,0.5349417977865418,9459.36,26239.0,115446.24,1.0,usfs-2022,2022,full
8929aeb7127ffff,2.7109119429189783,0.6188511583624245,3129.48,2255.0,115440.12,0.999998143729876,usfs-2022,2022,full
8929aeb712bffff,10.931701810516337,0.5032197535076123,12620.16,16798.0,115445.52,0.9999948314325926,usfs-2022,2022,full
8929aeb712fffff,8.07847393090028,0.4299528222973199,9325.8,21426.0,115440.12,0.9999890190559362,usfs-2022,2022,full
8929aeb7133ffff,5.466338208238486,0.8756921831594827,6310.8,19397.0,115448.4,0.9999970631496273,usfs-2022,2022,full
8929aeb7137ffff,7.985293613199575,2.183795347178893,9218.52,23704.0,115443.72,0.9999974893979295,usfs-2022,2022,full
8929aeb713bffff,8.889103699453688,2.314223969234434,10262.52,20667.0,115450.56,1.0,usfs-2022,2022,full
8929aeb7143ffff,11.322707772124115,1.1038565334726211,13073.76,20448.0,115464.96,0.9999994430990371,usfs-2022,2022,full
8929aeb7147ffff,13.16934915596685,0.6463346390598769,15205.32,12783.0,115459.92,0.9999967202725509,usfs-2022,2022,full
8929aeb714bffff,12.08046367629957,0.9392023041763197,13948.92,11391.0,115466.76,1.0,usfs-2022,2022,full
8929aeb714fffff,10.650968751753856,1.4009795767489142,12297.6,19205.0,115459.92,0.9999876252258576,usfs-2022,2022,full
8929aeb7153ffff,10.865952703861323,0.5800920877256756,12546.72,23631.0,115468.2,0.9999956800225159,usfs-2022,2022,full
8929aeb7157ffff,9.254368871498277,1.43722072847554,10685.52,18343.0,115464.6,1.0,usfs-2022,2022,full
8929aeb715bffff,10.326734216679657,1.3301226923517946,11924.28,21685.0,115470.0,1.0,usfs-2022,2022,full
8929aeb7163ffff,6.918948920950799,1.682043766445725,7988.04,21253.0,115451.64,0.9999977822631643,usfs-2022,2022,full
8929aeb7167ffff,7.855946764290414,1.8223543949701932,9069.48,26028.0,115447.32,1.0,usfs-2022,2022,full
8929aeb716bffff,9.299599004683476,4.274023848491933,10736.64,22109.0,115452.72,0.9999980420723331,usfs-2022,2022,full
8929aeb716fffff,8.237836421976295,1.5009948957522277,9510.48,24593.0,115448.76,1.0,usfs-2022,2022,full
8929aeb7173ffff,14.642732420364688,0.4477944926058134,16905.96,22490.0,115456.32,1.0,usfs-2022,2022,full
8929aeb7177ffff,10.127348018060719,1.8446297930484783,11692.08,24826.0,115450.56,0.9999975325144013,usfs-2022,2022,full
8929aeb717bffff,11.052457626061688,3.741545806358277,12760.92,19162.0,115457.76,1.0,usfs-2022,2022,full
8929aeb7183ffff,8.37079947869574,0.6488648681659261,9665.28,23427.0,115464.24,0.9999978676355588,usfs-2022,2022,full
8929aeb7187ffff,4.498302262714322,0.026634310911189372,5193.72,24323.0,115459.56,0.9999982777921115,usfs-2022,2022,full
8929aeb718bffff,8.650701353445346,1.8215923301375572,9988.56,25437.0,115465.32,0.9999980850831225,usfs-2022,2022,full
8929aeb718fffff,8.142674523742711,1.5247081346255746,9401.76,20740.0,115462.8,1.0,usfs-2022,2022,full
8929aeb7193ffff,6.292167059498423,0.2217596825335071,7265.52,18465.0,115469.28,1.0,usfs-2022,2022,full
8929aeb7197ffff,6.027131601674913,0.1482163959380696,6959.16,17947.0,115463.88,1.0,usfs-2022,2022,full
8929aeb719bffff,5.587564068988739,0.09443118327518821,6451.92,13711.0,115469.28,1.0,usfs-2022,2022,full
8929aeb71a3ffff,7.56765015871828,0.3176105910916337,8736.84,23501.0,115449.84,0.9999868515906566,usfs-2022,2022,full
8929aeb71a7ffff,7.020640320815259,0.19935782082495324,8105.04,20365.0,115445.88,0.9999935156455142,usfs-2022,2022,full
8929aeb71abffff,3.4864250501245713,1.1038818627092624,4025.16,19480.0,115452.36,0.9999995383920253,usfs-2022,2022,full
8929aeb71afffff,8.814688236688163,1.8445926143024618,10176.48,19291.0,115449.12,1.0,usfs-2022,2022,full
8929aeb71b3ffff,7.454328324701525,0.27851977327513194,8606.52,22041.0,115456.68,1.0,usfs-2022,2022,full
8929aeb71b7ffff,7.704516752677779,0.512763759775712,8894.88,19418.0,115450.2,0.9999991203896536,usfs-2022,2022,full
8929aeb71bbffff,3.3980854978017527,0.0,3923.28,2467.0,115455.6,0.9999957857801584,usfs-2022,2022,full
8929aeb71c3ffff,8.345700104753828,1.5865959993161225,9636.84,10361.0,115470.72,0.999994801183209,usfs-2022,2022,full
8929aeb71c7ffff,8.318549857985104,0.24736180653912904,9605.16,18002.0,115466.76,1.0,usfs-2022,2022,full
8929aeb71cbffff,10.328379427417017,1.5027922955437243,11926.44,21779.0,115472.52,1.0,usfs-2022,2022,full
8929aeb71cfffff,12.214725762601951,2.212302822286639,14104.08,19795.0,115467.84,1.0,usfs-2022,2022,full
8929aeb71d3ffff,10.959702711634026,3.268225408127265,12655.8,21715.0,115475.76,1.0,usfs-2022,2022,full
8929aeb71d7ffff,6.598223555196678,1.4173663997917074,7619.04,21809.0,115471.08,1.0,usfs-2022,2022,full
8929aeb71dbffff,7.763219014306245,0.5449517771632832,8964.72,26543.0,115476.84,1.0,usfs-2022,2022,full
8929aeb7207ffff,12.70000093513003,1.5145930957019251,14667.48,20202.0,115491.96,0.9999835224980088,usfs-2022,2022,full
8929aeb720bffff,14.839091744977948,6.105247285886611,17139.24,22418.0,115500.6,1.0,usfs-2022,2022,full
8929aeb720fffff,12.836329858859907,4.376279220079716,14825.16,25565.0,115493.76,0.9999900925889966,usfs-2022,2022,full
8929aeb7213ffff,11.392416899125745,1.2775485790531111,13158.72,23173.0,115504.2,1.0,usfs-2022,2022,full
8929aeb7217ffff,9.2329846522124,0.9608082092583762,10663.92,20187.0,115498.08,1.0,usfs-2022,2022,full
8929aeb721bffff,8.872480878676997,0.3402087563677817,10248.12,20142.0,115504.56,1.0,usfs-2022,2022,full
8929aeb7233ffff,8.269352460575002,0.5820032062452081,9550.08,20539.0,115487.64,0.9999869745464339,usfs-2022,2022,full
8929aeb7243ffff,16.343094017360407,4.3956998588337495,18876.96,15848.0,115504.2,0.9999898086715749,usfs-2022,2022,full
8929aeb7247ffff,10.403134311610916,2.0978201993880745,12015.72,24075.0,115500.96,1.0,usfs-2022,2022,full
8929aeb7253ffff,13.954285643049037,1.4631937659366585,16118.64,14886.0,115510.32,1.0,usfs-2022,2022,full
8929aeb7257ffff,9.704434879364673,0.7527818093855829,11208.96,18463.0,115503.48,0.9999925703773516,usfs-2022,2022,full
8929aeb725bffff,12.07532233584013,2.4782358738501973,13948.2,17099.0,115509.96,0.9999988546557884,usfs-2022,2022,full
8929aeb7273ffff,12.725515865594414,2.269306622379074,14697.36,27116.0,115495.2,0.9999935556556168,usfs-2022,2022,full
8929aeb7283ffff,15.130340468502613,1.833757654992087,17476.56,20544.0,115506.72,1.0,usfs-2022,2022,full
8929aeb7287ffff,13.250383373436897,6.942830583313967,15304.32,23064.0,115500.96,1.0,usfs-2022,2022,full
8929aeb728bffff,12.478416705625682,2.1310052457449085,14413.32,28008.0,115506.0,1.0,usfs-2022,2022,full
8929aeb728fffff,15.065687970452101,0.9319649064724383,17400.96,21545.0,115500.6,0.999994682454699,usfs-2022,2022,full
8929aeb7293ffff,3.0191301962886543,0.18901489882143652,3487.32,6463.0,115507.44,0.9999902915224762,usfs-2022,2022,full
8929aeb7297ffff,12.07335583627087,0.7616998858547721,13945.32,16275.0,115504.92,1.0,usfs-2022,2022,full
8929aeb729bffff,9.994452374570683,1.164770367909642,11544.48,17137.0,115508.88,0.9999937219173574,usfs-2022,2022,full
8929aeb72a3ffff,12.794416528472214,1.9383314942433012,14776.2,16956.0,115489.44,0.999979763421745,usfs-2022,2022,full
8929aeb72a7ffff,9.787718204488778,1.668512366186785,11303.64,23974.0,115488.0,1.0,usfs-2022,2022,full
8929aeb72abffff,11.025391659964964,1.8731450360673783,12733.56,17973.0,115493.04,1.0,usfs-2022,2022,full
8929aeb72afffff,8.754309511786087,0.8454581203303186,10110.24,18155.0,115488.72,1.0,usfs-2022,2022,full
8929aeb72b3ffff,12.25979596098759,2.369288167506407,14159.52,20160.0,115495.56,1.0,usfs-2022,2022,full
8929aeb72b7ffff,13.259498011246743,2.716681282101759,15313.32,19569.0,115489.44,0.9999888088556408,usfs-2022,2022,full
8929aeb72bbffff,11.745344034909998,1.703180726399301,13565.52,19447.0,115497.0,1.0,usfs-2022,2022,full
8929aeb72c3ffff,12.033758851102025,3.160697414755647,13900.32,16236.0,115511.04,0.9999943795556359,usfs-2022,2022,full
8929aeb72c7ffff,18.817944945893384,0.4621999283410964,21735.72,10001.0,115505.28,0.9999853396305131,usfs-2022,2022,full
8929aeb72cbffff,13.140130643995112,4.664989245566333,15178.68,16914.0,115513.92,1.0,usfs-2022,2022,full
8929aeb72cfffff,7.233797198111297,0.8477536116843943,8355.6,11242.0,115507.8,0.9999981457652672,usfs-2022,2022,full
8929aeb72d3ffff,5.392442539929879,0.013474365020548407,6229.08,5343.0,115515.0,0.9999968549493203,usfs-2022,2022,full
8929aeb72d7ffff,21.802803030539135,5.002800357234761,25184.88,22593.0,115512.12,1.0,usfs-2022,2022,full
8929aeb72dbffff,7.053639321374702,5.622937763112982,8148.24,14931.0,115518.24,1.0,usfs-2022,2022,full
8929aeb7303ffff,11.61637104543598,0.6651106470350806,13412.88,20377.0,115465.32,0.9999981144258133,usfs-2022,2022,full
8929aeb7307ffff,10.586393866358197,0.9170605583161637,12223.08,17659.0,115460.28,0.999995376429894,usfs-2022,2022,full
8929aeb730bffff,13.852653239383924,0.20055201445563034,15995.16,18094.0,115466.4,0.9999984234023056,usfs-2022,2022,full
8929aeb7313ffff,12.409858298648459,1.5944747612551162,14329.44,8310.0,115468.2,0.9999912030560928,usfs-2022,2022,full
8929aeb7317ffff,8.077384756886525,0.5806614491290077,9326.52,11341.0,115464.6,1.0,usfs-2022,2022,full
8929aeb731bffff,12.348831336457252,0.3866497571839525,14259.24,11593.0,115470.36,1.0,usfs-2022,2022,full
8929aeb7323ffff,10.532617812964805,1.3741530168732325,12160.08,18707.0,115451.64,0.9999933356784939,usfs-2022,2022,full
8929aeb7327ffff,8.053310382677244,0.69399776566573,9297.36,21120.0,115447.68,0.999999969720521,usfs-2022,2022,full
8929aeb732fffff,1.1016869874333468,0.0,1271.88,20545.0,115448.4,0.9999971525136474,usfs-2022,2022,full
8929aeb7333ffff,11.994325091203892,0.72231781984073,13848.12,17862.0,115455.6,0.9999957636684809,usfs-2022,2022,full
8929aeb7337ffff,11.263868187515982,2.534514343991388,13004.28,18579.0,115451.28,0.9999992765326162,usfs-2022,2022,full
8929aeb7343ffff,12.368006734111706,0.8015333681826102,14281.56,8198.0,115471.8,0.9999952612687724,usfs-2022,2022,full
8929aeb7353ffff,8.445540449119438,0.8932981167729606,9752.4,16615.0,115473.96,0.9999821071171229,usfs-2022,2022,full
8929aeb7357ffff,13.101547593809626,2.381220174494272,15128.64,21872.0,115472.16,1.0,usfs-2022,2022,full
8929aeb7363ffff,5.421222807362162,2.0465596483048025,6259.32,21176.0,115459.56,1.0,usfs-2022,2022,full
8929aeb736bffff,0.0,0.0,0.0,23398.0,115461.0,1.0,usfs-2022,2022,full
8929aeb736fffff,3.0753544468384306,2.1637472027162588,3550.68,22821.0,115455.96,1.0,usfs-2022,2022,full
8929aeb737bffff,2.6058977220999333,0.4404660414890594,3008.88,7568.0,115464.24,1.0,usfs-2022,2022,full
8929aeb7383ffff,3.480258891604729,6.644347154262169,4018.68,5220.0,115470.72,0.9999902479127885,usfs-2022,2022,full
8929aeb7387ffff,2.692826922657222,1.011094499960658,3109.32,18116.0,115466.76,0.9999968617758179,usfs-2022,2022,full
8929aeb738bffff,11.407835092685541,9.31168271303348,13173.12,13632.0,115474.32,1.0,usfs-2022,2022,full
8929aeb738fffff,12.753393651050986,6.149229139696363,14726.16,22967.0,115468.56,1.0,usfs-2022,2022,full
8929aeb7393ffff,6.828030402224675,1.5224963194369636,7884.72,9873.0,115475.76,1.0,usfs-2022,2022,full
8929aeb7397ffff,10.30696421556707,0.8366075563589644,11901.6,23896.0,115471.44,1.0,usfs-2022,2022,full
8929aeb739bffff,10.150078250188612,29.862579281183933,11720.88,3344.0,115475.76,0.9999929945225464,usfs-2022,2022,full
8929aeb73a3ffff,6.679990895456771,3.0551278102864186,7712.64,11332.0,115458.84,1.0,usfs-2022,2022,full
8929aeb73a7ffff,10.072153311755939,5.607967987849403,11628.72,11634.0,115454.16,1.0,usfs-2022,2022,full
8929aeb73abffff,11.84518631458495,4.196734887022359,13676.4,23323.0,115459.56,0.9999981999390617,usfs-2022,2022,full
8929aeb73afffff,12.150814908126009,2.2785284406247808,14028.84,15023.0,115455.96,1.0,usfs-2022,2022,full
8929aeb73b3ffff,7.883602667672708,3.4685690201526667,9102.6,22262.0,115462.44,1.0,usfs-2022,2022,full
8929aeb73b7ffff,8.357549981915465,2.2015530335352844,9649.44,28882.0,115457.76,1.0,usfs-2022,2022,full
8929aeb73bbffff,10.422999816046369,6.375643540083353,12034.8,21997.0,115463.88,1.0,usfs-2022,2022,full
8929aeb73c3ffff,13.67331924259145,4.8346055979643765,15789.96,26793.0,115480.08,1.0,usfs-2022,2022,full
8929aeb73c7ffff,14.628473802679903,3.46125103247545,16891.92,26508.0,115472.88,0.9999908337287824,usfs-2022,2022,full
8929aeb73cbffff,10.638821864342319,1.655218770348898,12285.72,16855.0,115480.08,1.0,usfs-2022,2022,full
8929aeb73cfffff,12.265639126341322,1.7268569626241916,14163.84,17947.0,115475.76,1.0,usfs-2022,2022,full
8929aeb73d3ffff,10.473747050186574,0.8001861730693495,12095.28,19949.0,115481.88,0.9999960451401968,usfs-2022,2022,full
8929aeb73d7ffff,11.053056541894374,3.6251920122887866,12763.8,16940.0,115477.56,0.9999995218422708,usfs-2022,2022,full
8929aeb73dbffff,8.772000922745042,1.1502556123583019,10130.04,25616.0,115481.52,0.9999838826575186,usfs-2022,2022,full
8929aeb7403ffff,0.33221245391565046,0.0,383.76,0.0,115516.44,0.9999956562180468,usfs-2022,2022,full
8929aeb7407ffff,4.669506870405056,2.293453110112971,5393.88,10337.0,115512.84,1.0,usfs-2022,2022,full
8929aeb740bffff,0.0,0.0,0.0,0.0,115517.88,0.9999990037849612,usfs-2022,2022,full
8929aeb740fffff,1.2241794133413118,0.9814850058454094,1414.08,13111.0,115512.48,0.9999931055092541,usfs-2022,2022,full
8929aeb7413ffff,3.790395462619589,1.6541052491162542,4378.68,5308.0,115520.4,0.9999982152171935,usfs-2022,2022,full
8929aeb7417ffff,7.44555529238709,1.182501874108287,8600.76,14711.0,115515.36,0.9999954351036316,usfs-2022,2022,full
8929aeb741bffff,0.0,0.0,0.0,0.0,115522.92,1.0,usfs-2022,2022,full
8929aeb742bffff,7.2198621790176745,2.801511927071753,8339.4,11016.0,115506.36,1.0,usfs-2022,2022,full
8929aeb742fffff,6.086674645920606,1.1561117493217314,7030.08,14558.0,115499.52,0.9999943769290379,usfs-2022,2022,full
8929aeb7433ffff,4.924935407362159,0.6868926218987573,5688.72,25348.0,115508.52,1.0,usfs-2022,2022,full
8929aeb743bffff,7.91556152582679,0.5798927089894229,9142.92,16479.0,115505.64,0.9999747475599815,usfs-2022,2022,full
8929aeb7443ffff,0.37520528777684636,0.0,433.44,14889.0,115520.76,0.9999739921832645,usfs-2022,2022,full
8929aeb7447ffff,0.3343866669159764,0.0,386.28,3571.0,115518.96,0.9999992449709492,usfs-2022,2022,full
8929aeb744bffff,0.0,0.0,0.0,0.0,115523.64,0.999989829210981,usfs-2022,2022,full
8929aeb744fffff,0.09006145369781733,0.5311336887637058,104.04,17799.0,115521.12,1.0,usfs-2022,2022,full
8929aeb7453ffff,1.1685664961078945,0.7607900512070226,1350.0,12209.0,115526.16,0.9999890080805842,usfs-2022,2022,full
8929aeb7457ffff,0.0,0.0,0.0,0.0,115523.64,1.0,usfs-2022,2022,full
8929aeb745bffff,0.0,0.0,0.0,0.0,115528.32,0.9999986067004363,usfs-2022,2022,full
8929aeb7463ffff,1.1494037935311754,0.039042165538781884,1327.68,2765.0,115510.32,0.9999970386163707,usfs-2022,2022,full
8929aeb7467ffff,2.902290790088826,0.0,3352.32,2207.0,115506.0,1.0,usfs-2022,2022,full
8929aeb746bffff,1.084243102325248,4.183248496066636,1252.44,3727.0,115512.84,1.0,usfs-2022,2022,full
8929aeb746fffff,3.300306374649757,2.0225550009243856,3812.04,9539.0,115505.64,0.9999882768874765,usfs-2022,2022,full
8929aeb7473ffff,0.0009349609965437608,0.0,1.08,717.0,115512.84,0.99998710926647,usfs-2022,2022,full
8929aeb7477ffff,1.2107933579335795,0.28755552132275536,1398.6,13981.0,115511.04,1.0,usfs-2022,2022,full
8929aeb747bffff,0.0,0.0,0.0,0.0,115515.72,1.0,usfs-2022,2022,full
8929aeb7483ffff,11.302345293520059,1.216828205019681,13056.84,16804.0,115523.28,1.0,usfs-2022,2022,full
8929aeb7487ffff,10.462873223284209,1.1627660701048397,12086.64,16800.0,115519.32,1.0,usfs-2022,2022,full
8929aeb748bffff,12.649308963991338,2.672091671510421,14612.76,21098.0,115522.2,0.9999820851366858,usfs-2022,2022,full
8929aeb748fffff,16.089102739896784,3.2497417112801728,18586.08,25959.0,115519.68,1.0,usfs-2022,2022,full
8929aeb7493ffff,4.4756957536513235,2.112676056338028,5170.68,751.0,115527.96,1.0,usfs-2022,2022,full
8929aeb7497ffff,6.2469226598191305,0.8145611030606421,7216.56,16263.0,115521.84,0.9999972563717101,usfs-2022,2022,full
8929aeb749bffff,10.990897787860185,0.5426190984832301,12697.56,16760.0,115527.96,1.0,usfs-2022,2022,full
8929aeb74a3ffff,7.4371768460486,0.5812235247758842,8590.68,3633.0,115509.96,0.9999986887753507,usfs-2022,2022,full
8929aeb74abffff,6.579714210026023,1.1172447886627668,7600.32,21603.0,115511.4,1.0,usfs-2022,2022,full
8929aeb74b3ffff,9.850156450627672,2.0143125962251243,11378.16,24745.0,115512.48,0.9999887899918138,usfs-2022,2022,full
8929aeb74b7ffff,6.880302189753723,1.0044836814848284,7947.36,10254.0,115508.88,0.9999984922930772,usfs-2022,2022,full
8929aeb74bbffff,9.099153567110037,2.340837930520352,10510.92,18864.0,115515.36,1.0,usfs-2022,2022,full
8929aeb74c3ffff,5.194784960644152,9.476726498326741,6001.56,6427.0,115530.48,1.0,usfs-2022,2022,full
8929aeb74c7ffff,7.614186306680254,2.689414714408838,8796.24,17884.0,115524.36,0.9999916539057296,usfs-2022,2022,full
8929aeb74cbffff,0.9385370413648049,0.7496280840047141,1084.32,18494.0,115533.0,1.0,usfs-2022,2022,full
8929aeb74cfffff,0.6949183704631646,0.16406182540367845,802.8,4162.0,115524.36,0.9999825355320278,usfs-2022,2022,full
8929aeb74d3ffff,1.6112748733352862,16.01685985247629,1861.56,1722.0,115533.36,0.9999970217762424,usfs-2022,2022,full
8929aeb74d7ffff,13.037869368906172,3.446096123651638,15062.76,17046.0,115530.84,1.0,usfs-2022,2022,full
8929aeb74dbffff,0.9500602940855708,2.551974868518584,1097.64,9939.0,115533.72,0.9999910189121726,usfs-2022,2022,full
8929aeb7523ffff,10.304502218217756,3.912621139901055,11898.72,15313.0,115471.08,1.0,usfs-2022,2022,full
8929aeb7527ffff,6.007357984660473,1.9942346770001416,6936.48,7466.0,115466.4,1.0,usfs-2022,2022,full
8929aeb752bffff,8.81363541416604,0.8557117016835954,10177.2,20521.0,115471.08,0.9999935291668187,usfs-2022,2022,full
8929aeb752fffff,6.5059331915769265,1.264269406392694,7512.12,24910.0,115465.68,0.9999876978029127,usfs-2022,2022,full
8929aeb753bffff,6.757055876493713,1.5287867288300987,7802.64,19617.0,115473.96,0.9999866965198825,usfs-2022,2022,full
8929aeb7543ffff,3.2521212196779365,0.0,3755.88,1595.0,115490.16,0.9999951038632544,usfs-2022,2022,full
8929aeb7547ffff,8.391989875122352,1.7918069457938859,9691.56,15647.0,115485.84,0.9999985957150016,usfs-2022,2022,full
8929aeb754bffff,1.7798530608173608,8.185053380782918,2055.6,3529.0,115492.68,1.0,usfs-2022,2022,full
8929aeb7553ffff,9.087423671438858,1.7067759003242873,10495.44,6220.0,115494.12,0.9999976349475548,usfs-2022,2022,full
8929aeb7557ffff,8.403287999177065,4.248798270800401,9704.88,10685.0,115489.08,0.9999948895833314,usfs-2022,2022,full
8929aeb755bffff,3.407206533258525,0.10879025239338555,3935.16,3306.0,115495.2,0.9999978536687031,usfs-2022,2022,full
8929aeb7567ffff,10.520671282801105,0.5233644859813085,12148.56,18201.0,115473.24,1.0,usfs-2022,2022,full
8929aeb7577ffff,4.387879165757396,0.5858014829380197,5067.0,17473.0,115477.2,1.0,usfs-2022,2022,full
8929aeb7583ffff,16.727554970917,2.0471350294339317,19318.68,17312.0,115490.16,0.9999999775969934,usfs-2022,2022,full
8929aeb7587ffff,17.72587136172773,1.8539343893583522,20470.68,10997.0,115484.76,0.9999941329577451,usfs-2022,2022,full
8929aeb758bffff,11.598526221291241,1.1768233265872123,13395.24,14239.0,115490.88,0.9999970390128787,usfs-2022,2022,full
8929aeb7593ffff,12.609447812602278,1.4681183760931256,14563.08,12250.0,115493.4,0.9999963051231163,usfs-2022,2022,full
8929aeb7597ffff,21.630408693185537,2.6842173183636597,24980.76,13574.0,115489.08,0.9999998091333695,usfs-2022,2022,full
8929aeb759bffff,13.928812999311132,0.5693592615075461,16086.96,17100.0,115494.12,0.9999933610911201,usfs-2022,2022,full
8929aeb75d7ffff,14.34186451719484,0.8277718901268869,16564.32,12465.0,115496.28,1.0,usfs-2022,2022,full
8929aeb7613ffff,0.2302790458532633,0.0,266.04,827.0,115529.4,1.0,usfs-2022,2022,full
8929aeb7617ffff,2.5515975531089414,0.18745842655862613,2947.68,5942.0,115522.92,0.999997193969861,usfs-2022,2022,full
8929aeb761bffff,0.49047408339929083,0.0,566.64,5110.0,115529.04,1.0,usfs-2022,2022,full
8929aeb7623ffff,1.3423216211330726,0.08401008120974517,1550.52,3853.0,115510.32,0.9999924856412941,usfs-2022,2022,full
8929aeb7627ffff,4.062671420735052,1.0151410874053681,4692.6,6213.0,115505.28,0.9999896941395189,usfs-2022,2022,full
8929aeb762bffff,2.1089997911881397,0.15620459168846265,2436.12,9895.0,115510.68,0.9999865506635951,usfs-2022,2022,full
8929aeb762fffff,5.122499290965814,0.30918980818780417,5916.96,6268.0,115509.24,1.0,usfs-2022,2022,full
8929aeb7637ffff,2.1401724105690296,1.0347985347985347,2472.12,7781.0,115510.32,1.0,usfs-2022,2022,full
8929aeb764fffff,4.08965837454465,3.711356282406144,4724.64,8892.0,115526.52,0.9999921878818644,usfs-2022,2022,full
8929aeb766bffff,6.533676560415862,0.4892367906066536,7547.4,12082.0,115515.36,0.9999681749352517,usfs-2022,2022,full
8929aeb766fffff,7.80646669263732,3.548707753479125,9017.64,13972.0,115515.0,1.0,usfs-2022,2022,full
8929aeb767bffff,0.5727801652274448,0.8928571428571428,661.68,360.0,115520.76,0.9999831329821296,usfs-2022,2022,full
8929aeb7687ffff,0.0,0.0,0.0,0.0,115524.36,0.9999869788993356,usfs-2022,2022,full
8929aeb768fffff,1.3171835269481977,0.8995789205052954,1521.72,5592.0,115528.32,1.0,usfs-2022,2022,full
8929aeb7697ffff,0.0,0.0,0.0,0.0,115529.04,0.9999957508433824,usfs-2022,2022,full
8929aeb76a3ffff,1.1144179378905215,0.0,1287.36,3182.0,115518.6,1.0,usfs-2022,2022,full
8929aeb76a7ffff,3.072291409551591,3.317974939596561,3548.88,12389.0,115512.48,0.9999975533143598,usfs-2022,2022,full
8929aeb76abffff,1.163964772536041,4.092339979013642,1344.6,3290.0,115518.96,1.0,usfs-2022,2022,full
8929aeb76b3ffff,0.35308159519335347,0.0,407.88,0.0,115520.04,0.9999904085601917,usfs-2022,2022,full
8929aeb76b7ffff,1.1281475941161805,1.6942033043965274,1303.2,10110.0,115516.8,1.0,usfs-2022,2022,full
8929aeb76bbffff,1.233756115802923,0.0,1425.24,2872.0,115520.4,0.9999844474203787,usfs-2022,2022,full
8929aeb76c3ffff,0.0,0.0,0.0,0.0,115539.48,1.0,usfs-2022,2022,full
8929aeb76cbffff,0.07104043072934843,0.0,82.08,0.0,115539.84,1.0,usfs-2022,2022,full
8929aeb76cfffff,0.7039159414057753,0.0,813.24,0.0,115530.84,0.9999750805827636,usfs-2022,2022,full
8929aeb76d3ffff,0.0,0.0,0.0,0.0,115537.68,0.9999707940281345,usfs-2022,2022,full
8929aeb76d7ffff,0.7219507939277613,0.0,834.12,4325.0,115536.96,1.0,usfs-2022,2022,full
8929aeb76dbffff,0.0,0.0,0.0,2724.0,115541.64,0.999996019642461,usfs-2022,2022,full
8929aeb8403ffff,0.0,0.0,0.0,0.0,,,chm-legacy,2009-2020,coverage-unknown
8929aeb8407ffff,2.811100578563724,0.0,3252.0,0.0,,,chm-legacy,2009-2020,coverage-unknown
8929aeb840bffff,0.0,0.0,0.0,0.0,,,chm-legacy,2009-2020,coverage-unknown
8929aeb840fffff,0.3202928391672386,0.0,371.0,0.0,,,chm-legacy,2009-2020,coverage-unknown
8929aeb8413ffff,0.0,0.0,0.0,0.0,,,chm-legacy,2009-2020,coverage-unknown
8929aeb8417ffff,0.0,0.0,0.0,0.0,,,chm-legacy,2009-2020,coverage-unknown
8929aeb841bffff,0.0,0.0,0.0,0.0,,,chm-legacy,2009-2020,coverage-unknown
8929aeb8423ffff,11.456120281091682,1.9427402862985683,13253.0,5524.0,,,chm-legacy,2009-2020,coverage-unknown
8929aeb8427ffff,2.166454269189295,32.800000000000004,2506.0,1452.0,,,chm-legacy,2009-2020,coverage-unknown
8929aeb842fffff,0.0620854164624383,0.0,72.0,0.0,,,chm-legacy,2009-2020,coverage-unknown
8929aeb8433ffff,12.394209718001504,0.0,14339.0,0.0,,,chm-legacy,2009-2020,coverage-unknown
8929aeb8437ffff,19.788193763483036,12.674897119341564,22893.0,6111.0,,,chm-legacy,2009-2020,coverage-unknown
8929aeb843bffff,0.5391628271738065,0.0,624.0,2880.0,,,chm-legacy,2009-2020,coverage-unknown
8929aeb8443ffff,0.0,0.0,0.0,0.0,,,chm-legacy,2009-2020,coverage-unknown
8929aeb8447ffff,0.8266623100800523,0.0,956.0,0.0,,,chm-legacy,2009-2020,coverage-unknown
8929aeb844bffff,0.0,0.0,0.0,0.0,,,chm-legacy,2009-2020,coverage-unknown
8929aeb844fffff,0.0,0.0,0.0,0.0,,,chm-legacy,2009-2020,coverage-unknown
8929aeb8453ffff,0.0,0.0,0.0,0.0,,,chm-legacy,2009-2020,coverage-unknown
8929aeb8457ffff,0.0,0.0,0.0,0.0,,,chm-legacy,2009-2020,coverage-unknown
8929aeb845bffff,0.0,0.0,0.0,0.0,,,chm-legacy,2009-2020,coverage-unknown
8929aeb8463ffff,0.1045512464468912,0.0,121.0,0.0,,,chm-legacy,2009-2020,coverage-unknown
8929aeb8473ffff,0.7419512992319006,0.0,858.0,0.0,,,chm-legacy,2009-2020,coverage-unknown
8929aeb8477ffff,0.1372324783532102,0.0,159.0,13006.0,,,chm-legacy,2009-2020,coverage-unknown
8929aeb847bffff,1.137329237205046,0.0,1316.0,0.0,,,chm-legacy,2009-2020,coverage-unknown
8929aeb8483ffff,0.0,0.0,0.0,0.0,,,chm-legacy,2009-2020,coverage-unknown
8929aeb8487ffff,1.8762462001111364,0.0,2171.0,1112.0,,,chm-legacy,2009-2020,coverage-unknown
8929aeb848bffff,0.0,0.0,0.0,0.0,,,chm-legacy,2009-2020,coverage-unknown
8929aeb848fffff,0.0,0.0,0.0,0.0,,,chm-legacy,2009-2020,coverage-unknown
8929aeb8493ffff,1.588650627615063,0.0,1838.0,0.0,,,chm-legacy,2009-2020,coverage-unknown
8929aeb8497ffff,8.691530742326677,0.0,10057.0,0.0,,,chm-legacy,2009-2020,coverage-unknown
8929aeb849bffff,0.0,0.0,0.0,0.0,,,chm-legacy,2009-2020,coverage-unknown
8929aeb84a3ffff,2.141082635983264,0.0,2477.0,0.0,,,chm-legacy,2009-2020,coverage-unknown
8929aeb84a7ffff,13.785665261300128,0.0,15949.0,2252.0,,,chm-legacy,2009-2020,coverage-unknown
8929aeb84abffff,5.635460251046025,0.0,6520.0,0.0,,,chm-legacy,2009-2020,coverage-unknown
8929aeb84afffff,16.422105297558744,0.0,18999.0,2183.0,,,chm-legacy,2009-2020,coverage-unknown
8929aeb84b3ffff,0.2255123051279537,0.0,261.0,253.0,,,chm-legacy,2009-2020,coverage-unknown
8929aeb84b7ffff,8.571428571428571,0.0,9917.0,0.0,,,chm-legacy,2009-2020,coverage-unknown
8929aeb84bbffff,1.6342005490913845,0.0,1891.0,127.0,,,chm-legacy,2009-2020,coverage-unknown
8929aeb84c7ffff,0.0,0.0,0.0,0.0,,,chm-legacy,2009-2020,coverage-unknown
8929aeb84cbffff,0.0,0.0,0.0,0.0,,,chm-legacy,2009-2020,coverage-unknown
8929aeb84cfffff,0.0,0.0,0.0,0.0,,,chm-legacy,2009-2020,coverage-unknown
8929aeb84d7ffff,0.0,0.0,0.0,0.0,,,chm-legacy,2009-2020,coverage-unknown
8929aeb850bffff,0.0,0.0,0.0,0.0,,,chm-legacy,2009-2020,coverage-unknown
8929aeb851bffff,0.0,0.0,0.0,0.0,,,chm-legacy,2009-2020,coverage-unknown
8929aeb8553ffff,0.2222658037523697,0.0,257.0,0.0,,,chm-legacy,2009-2020,coverage-unknown
8929aeb8557ffff,0.0,0.0,0.0,0.0,,,chm-legacy,2009-2020,coverage-unknown
8929aeb855bffff,0.0,0.0,0.0,0.0,,,chm-legacy,2009-2020,coverage-unknown
8929aeb85c3ffff,3.617056036595328,0.0,4184.0,0.0,,,chm-legacy,2009-2020,coverage-unknown
8929aeb85c7ffff,0.2647145331546782,0.0,306.0,0.0,,,chm-legacy,2009-2020,coverage-unknown
8929aeb85cbffff,2.8464052287581696,0.0,3293.0,0.0,,,chm-legacy,2009-2020,coverage-unknown
8929aeb85cfffff,0.1143865612131511,0.0,132.0,0.0,,,chm-legacy,2009-2020,coverage-unknown
8929aeb85d3ffff,3.088739990194476,0.0,3573.0,2684.0,,,chm-legacy,2009-2020,coverage-unknown
8929aeb85d7ffff,0.4607090344714916,0.0,533.0,0.0,,,chm-legacy,2009-2020,coverage-unknown
8929aeb85dbffff,0.9447223039456047,0.0,1093.0,6866.0,,,chm-legacy,2009-2020,coverage-unknown
8929aeb8617ffff,0.0,0.0,0.0,0.0,,,chm-legacy,2009-2020,coverage-unknown
8929aeb8683ffff,0.0359430139850999,0.0,42.0,0.0,,,chm-legacy,2009-2020,coverage-unknown
8929aeb8687ffff,0.0130697598431628,0.0,15.0,0.0,,,chm-legacy,2009-2020,coverage-unknown
8929aeb868fffff,0.0,0.0,0.0,0.0,,,chm-legacy,2009-2020,coverage-unknown
8929aeb8693ffff,0.0,0.0,0.0,0.0,,,chm-legacy,2009-2020,coverage-unknown
8929aeb8697ffff,0.0,0.0,0.0,0.0,,,chm-legacy,2009-2020,coverage-unknown
8929aeb869bffff,0.4639461561080798,0.0,537.0,0.0,,,chm-legacy,2009-2020,coverage-unknown
8929aeb86a3ffff,2.0683570775062083,0.0,2393.0,0.0,,,chm-legacy,2009-2020,coverage-unknown
8929aeb86abffff,0.5751446031175451,0.0,665.0,0.0,,,chm-legacy,2009-2020,coverage-unknown
8929aeb86b3ffff,0.0,0.0,0.0,0.0,,,chm-legacy,2009-2020,coverage-unknown
8929aeb86b7ffff,0.0784288095160288,0.0,91.0,0.0,,,chm-legacy,2009-2020,coverage-unknown
8929aeb86bbffff,0.7449276309341,0.0,862.0,0.0,,,chm-legacy,2009-2020,coverage-unknown
8929aeb86d3ffff,0.0,0.0,0.0,0.0,,,chm-legacy,2009-2020,coverage-unknown
8929aeb86d7ffff,0.0,0.0,0.0,0.0,,,chm-legacy,2009-2020,coverage-unknown
8929aeb86dbffff,0.0,0.0,0.0,0.0,,,chm-legacy,2009-2020,coverage-unknown
8929aeba003ffff,0.0,0.0,0.0,0.0,,,chm-legacy,2009-2020,coverage-unknown
8929aeba007ffff,4.516023544800523,1.5665796344647518,5226.0,2172.0,,,chm-legacy,2009-2020,coverage-unknown
8929aeba00bffff,0.0,0.0,0.0,0.0,,,chm-legacy,2009-2020,coverage-unknown
8929aeba00fffff,3.9826047150377657,1.4500258933195236,4609.0,10961.0,,,chm-legacy,2009-2020,coverage-unknown
8929aeba013ffff,0.0,0.0,0.0,0.0,,,chm-legacy,2009-2020,coverage-unknown
8929aeba017ffff,0.0,0.0,0.0,0.0,,,chm-legacy,2009-2020,coverage-unknown
8929aeba01bffff,0.0,0.0,0.0,0.0,,,chm-legacy,2009-2020,coverage-unknown
8929aeba023ffff,7.443016449197161,6.030150753768844,8612.0,7540.0,,,chm-legacy,2009-2020,coverage-unknown
8929aeba027ffff,8.7717003955929,3.6318407960199006,10149.0,11157.0,,,chm-legacy,2009-2020,coverage-unknown
8929aeba02bffff,9.321867643212135,7.020872865275142,10786.0,8467.0,,,chm-legacy,2009-2020,coverage-unknown
8929aeba02fffff,12.11467425059658,9.887005649717514,14017.0,14700.0,,,chm-legacy,2009-2020,coverage-unknown
8929aeba033ffff,8.379376859450092,2.1654395842355996,9696.0,13012.0,,,chm-legacy,2009-2020,coverage-unknown
8929aeba037ffff,9.268101249264175,3.1060911657926584,10724.0,13836.0,,,chm-legacy,2009-2020,coverage-unknown
8929aeba03bffff,8.294373426619153,2.2437673130193905,9598.0,20327.0,,,chm-legacy,2009-2020,coverage-unknown
8929aeba043ffff,0.8634222919937204,0.0,999.0,0.0,,,chm-legacy,2009-2020,coverage-unknown
8929aeba047ffff,0.0,0.0,0.0,0.0,,,chm-legacy,2009-2020,coverage-unknown
8929aeba04bffff,0.0,0.0,0.0,0.0,,,chm-legacy,2009-2020,coverage-unknown
8929aeba04fffff,0.0,0.0,0.0,0.0,,,chm-legacy,2009-2020,coverage-unknown
8929aeba053ffff,4.9115463850103005,0.0,5684.0,0.0,,,chm-legacy,2009-2020,coverage-unknown
8929aeba057ffff,1.5305621872649378,0.0,1771.0,0.0,,,chm-legacy,2009-2020,coverage-unknown
8929aeba063ffff,3.4128800261523375,0.0842105263157894,3949.0,13668.0,,,chm-legacy,2009-2020,coverage-unknown
8929aeba067ffff,9.11884910904038,4.680851063829787,10551.0,9032.0,,,chm-legacy,2009-2020,coverage-unknown
8929aeba06bffff,0.0,0.0,0.0,4931.0,,,chm-legacy,2009-2020,coverage-unknown
8929aeba06fffff,0.0392336363041914,0.0,45.0,12833.0,,,chm-legacy,2009-2020,coverage-unknown
8929aeba073ffff,3.842003727561063,0.4016064257028112,4446.0,11428.0,,,chm-legacy,2009-2020,coverage-unknown
8929aeba077ffff,14.06106970053616,10.06365565322825,16271.0,17090.0,,,chm-legacy,2009-2020,coverage-unknown
8929aeba07bffff,0.0,0.0,0.0,7597.0,,,chm-legacy,2009-2020,coverage-unknown
8929aeba083ffff,0.0,0.0,0.0,0.0,,,chm-legacy,2009-2020,coverage-unknown
8929aeba087ffff,0.0,0.0,0.0,0.0,,,chm-legacy,2009-2020,coverage-unknown
8929aeba08bffff,0.0,0.0,0.0,0.0,,,chm-legacy,2009-2020,coverage-unknown
8929aeba08fffff,0.0,0.0,0.0,0.0,,,chm-legacy,2009-2020,coverage-unknown
8929aeba093ffff,0.0,0.0,0.0,0.0,,,chm-legacy,2009-2020,coverage-unknown
8929aeba097ffff,0.0,0.0,0.0,0.0,,,chm-legacy,2009-2020,coverage-unknown
8929aeba09bffff,0.0,0.0,0.0,0.0,,,chm-legacy,2009-2020,coverage-unknown
8929aeba0a3ffff,0.0,0.0,0.0,0.0,,,chm-legacy,2009-2020,coverage-unknown
8929aeba0abffff,0.0,0.0,0.0,0.0,,,chm-legacy,2009-2020,coverage-unknown
8929aeba0afffff,1.36986301369863,3.583617747440273,1585.0,3254.0,,,chm-legacy,2009-2020,coverage-unknown
8929aeba0b3ffff,0.0,0.0,0.0,0.0,,,chm-legacy,2009-2020,coverage-unknown
8929aeba0bbffff,0.0,0.0,0.0,0.0,,,chm-legacy,2009-2020,coverage-unknown
8929aeba0c3ffff,0.0,0.0,0.0,0.0,,,chm-legacy,2009-2020,coverage-unknown
8929aeba0c7ffff,0.0,0.0,0.0,0.0,,,chm-legacy,2009-2020,coverage-unknown
8929aeba0cbffff,1.8218093805193951,0.0,2108.0,0.0,,,chm-legacy,2009-2020,coverage-unknown
8929aeba0cfffff,0.0,0.0,0.0,0.0,,,chm-legacy,2009-2020,coverage-unknown
8929aeba0d3ffff,0.0,0.0,0.0,0.0,,,chm-legacy,2009-2020,coverage-unknown
8929aeba0d7ffff,0.0,0.0,0.0,0.0,,,chm-legacy,2009-2020,coverage-unknown
8929aeba103ffff,0.7456097321691357,0.0505816894284269,863.0,11382.0,,,chm-legacy,2009-2020,coverage-unknown
8929aeba107ffff,2.547166726612824,0.1044932079414838,2947.0,5507.0,,,chm-legacy,2009-2020,coverage-unknown
8929aeba10bffff,4.359485888085817,1.320361362056984,5043.0,16358.0,,,chm-legacy,2009-2020,coverage-unknown
8929aeba10fffff,1.637950763396214,0.0,1895.0,3197.0,,,chm-legacy,2009-2020,coverage-unknown
8929aeba117ffff,3.2928942807625647,0.0,3809.0,841.0,,,chm-legacy,2009-2020,coverage-unknown
8929aeba11bffff,1.909307875894988,1.827956989247312,2209.0,5259.0,,,chm-legacy,2009-2020,coverage-unknown
8929aeba123ffff,0.0,0.0,0.0,0.0,,,chm-legacy,2009-2020,coverage-unknown
8929aeba127ffff,0.0,0.0,0.0,10437.0,,,chm-legacy,2009-2020,coverage-unknown
8929aeba12bffff,0.0196155355041192,0.0,23.0,0.0,,,chm-legacy,2009-2020,coverage-unknown
8929aeba12fffff,0.0032696834946377,0.0,4.0,0.0,,,chm-legacy,2009-2020,coverage-unknown
8929aeba133ffff,2.9495438344069846,0.3275109170305676,3412.0,10518.0,,,chm-legacy,2009-2020,coverage-unknown
8929aeba137ffff,0.0,0.0,0.0,0.0,,,chm-legacy,2009-2020,coverage-unknown
8929aeba13bffff,0.062130080769105,0.0,72.0,2644.0,,,chm-legacy,2009-2020,coverage-unknown
8929aeba143ffff,8.264408774396024,1.0821554770318025,9562.0,25799.0,,,chm-legacy,2009-2020,coverage-unknown
8929aeba147ffff,3.0898509024326444,0.03584229390681,3575.0,16065.0,,,chm-legacy,2009-2020,coverage-unknown
8929aeba14bffff,7.452928870292887,1.1447562776957163,8623.0,30839.0,,,chm-legacy,2009-2020,coverage-unknown
8929aeba14fffff,1.5598430346631786,0.0,1805.0,5501.0,,,chm-legacy,2009-2020,coverage-unknown
8929aeba153ffff,2.1484630477436233,1.0174418604651163,2486.0,7845.0,,,chm-legacy,2009-2020,coverage-unknown
8929aeba157ffff,5.397365065873353,0.7137394850879428,6244.0,22435.0,,,chm-legacy,2009-2020,coverage-unknown
8929aeba15bffff,8.086720512736667,0.8872538411599221,9356.0,26381.0,,,chm-legacy,2009-2020,coverage-unknown
8929aeba163ffff,4.048132888627297,2.8102392877017253,4683.0,20120.0,,,chm-legacy,2009-2020,coverage-unknown
8929aeba167ffff,3.723317315550325,0.6182883176049463,4307.0,17591.0,,,chm-legacy,2009-2020,coverage-unknown
8929aeba16bffff,5.417688409350989,0.4394224733207784,6267.0,18271.0,,,chm-legacy,2009-2020,coverage-unknown
8929aeba16fffff,2.634589612002746,0.2886002886002886,3048.0,7960.0,,,chm-legacy,2009-2020,coverage-unknown
8929aeba173ffff,2.1837915590571777,0.0,2526.0,10138.0,,,chm-legacy,2009-2020,coverage-unknown
8929aeba177ffff,3.711454824891272,2.4838709677419355,4293.0,17412.0,,,chm-legacy,2009-2020,coverage-unknown
8929aeba17bffff,0.0849923180020267,0.0,98.0,0.0,,,chm-legacy,2009-2020,coverage-unknown
8929aeba183ffff,1.802125919869174,0.0,2085.0,0.0,,,chm-legacy,2009-2020,coverage-unknown
8929aeba187ffff,6.6642686635492625,3.4361233480176208,7710.0,6313.0,,,chm-legacy,2009-2020,coverage-unknown
8929aeba18fffff,2.4132631372420783,1.4866204162537164,2792.0,5725.0,,,chm-legacy,2009-2020,coverage-unknown
8929aeba193ffff,0.0,0.0,0.0,0.0,,,chm-legacy,2009-2020,coverage-unknown
8929aeba197ffff,0.0,0.0,0.0,0.0,,,chm-legacy,2009-2020,coverage-unknown
8929aeba1a3ffff,6.785924520897376,0.2216312056737588,7850.0,12966.0,,,chm-legacy,2009-2020,coverage-unknown
8929aeba1a7ffff,2.2956180510137347,1.1075949367088609,2656.0,7200.0,,,chm-legacy,2009-2020,coverage-unknown
8929aeba1abffff,8.917010005885816,6.42791551882461,10316.0,5869.0,,,chm-legacy,2009-2020,coverage-unknown
8929aeba1afffff,6.504676564850547,0.0911577028258887,7525.0,18939.0,,,chm-legacy,2009-2020,coverage-unknown
8929aeba1b3ffff,3.1134512869150015,0.0,3602.0,14596.0,,,chm-legacy,2009-2020,coverage-unknown
8929aeba1b7ffff,0.0,0.0,0.0,0.0,,,chm-legacy,2009-2020,coverage-unknown
8929aeba1bbffff,13.434056051538636,5.498721227621484,15541.0,4257.0,,,chm-legacy,2009-2020,coverage-unknown
8929aeba1cbffff,0.1830903027528934,0.0,212.0,0.0,,,chm-legacy,2009-2020,coverage-unknown
8929aeba1dbffff,0.0,0.0,0.0,0.0,,,chm-legacy,2009-2020,coverage-unknown
8929aeba203ffff,0.0,0.0,0.0,0.0,,,chm-legacy,2009-2020,coverage-unknown
8929aeba207ffff,0.3204289824744964,0.0,371.0,0.0,,,chm-legacy,2009-2020,coverage-unknown
8929aeba20bffff,0.0,0.0,0.0,0.0,,,chm-legacy,2009-2020,coverage-unknown
8929aeba20fffff,0.0,0.0,0.0,0.0,,,chm-legacy,2009-2020,coverage-unknown
8929aeba213ffff,0.0,0.0,0.0,0.0,,,chm-legacy,2009-2020,coverage-unknown
8929aeba217ffff,1.5822164105916965,0.0,1831.0,0.0,,,chm-legacy,2009-2020,coverage-unknown
8929aeba21bffff,0.0,0.0,0.0,0.0,,,chm-legacy,2009-2020,coverage-unknown
8929aeba223ffff,0.0,0.0,0.0,0.0,,,chm-legacy,2009-2020,coverage-unknown
8929aeba227ffff,0.0,0.0,0.0,0.0,,,chm-legacy,2009-2020,coverage-unknown
8929aeba22bffff,0.2124807950050668,0.0,246.0,0.0,,,chm-legacy,2009-2020,coverage-unknown
8929aeba22fffff,0.1569088947729724,0.0,182.0,0.0,,,chm-legacy,2009-2020,coverage-unknown
8929aeba233ffff,0.0,0.0,0.0,0.0,,,chm-legacy,2009-2020,coverage-unknown
8929aeba237ffff,0.0,0.0,0.0,0.0,,,chm-legacy,2009-2020,coverage-unknown
8929aeba23bffff,1.0983263598326358,0.0,1271.0,0.0,,,chm-legacy,2009-2020,coverage-unknown
8929aeba263ffff,0.0,0.0,0.0,0.0,,,chm-legacy,2009-2020,coverage-unknown
8929aeba267ffff,0.0163457452025237,0.0,19.0,0.0,,,chm-legacy,2009-2020,coverage-unknown
8929aeba26fffff,0.0,0.0,0.0,0.0,,,chm-legacy,2009-2020,coverage-unknown
8929aeba273ffff,0.0,0.0,0.0,0.0,,,chm-legacy,2009-2020,coverage-unknown
8929aeba277ffff,0.0,0.0,0.0,0.0,,,chm-legacy,2009-2020,coverage-unknown
8929aeba283ffff,3.5307963907414677,0.0,4086.0,0.0,,,chm-legacy,2009-2020,coverage-unknown
8929aeba287ffff,0.0,0.0,0.0,0.0,,,chm-legacy,2009-2020,coverage-unknown
8929aeba28bffff,0.0,0.0,0.0,0.0,,,chm-legacy,2009-2020,coverage-unknown
8929aeba28fffff,2.3511330564729738,0.0,2721.0,0.0,,,chm-legacy,2009-2020,coverage-unknown
8929aeba297ffff,0.0,0.0,0.0,0.0,,,chm-legacy,2009-2020,coverage-unknown
8929aeba29bffff,0.2616174498839073,0.0,303.0,2333.0,,,chm-legacy,2009-2020,coverage-unknown
8929aeba2a3ffff,0.0,0.0,0.0,0.0,,,chm-legacy,2009-2020,coverage-unknown
8929aeba2a7ffff,0.0,0.0,0.0,0.0,,,chm-legacy,2009-2020,coverage-unknown
8929aeba2abffff,0.0,0.0,0.0,0.0,,,chm-legacy,2009-2020,coverage-unknown
8929aeba2afffff,0.0,0.0,0.0,0.0,,,chm-legacy,2009-2020,coverage-unknown
8929aeba2b3ffff,0.0,0.0,0.0,0.0,,,chm-legacy,2009-2020,coverage-unknown
8929aeba2b7ffff,0.0,0.0,0.0,0.0,,,chm-legacy,2009-2020,coverage-unknown
8929aeba2bbffff,0.0130774512047601,0.0,15.0,0.0,,,chm-legacy,2009-2020,coverage-unknown
8929aeba2c7ffff,0.0,0.0,0.0,0.0,,,chm-legacy,2009-2020,coverage-unknown
8929aeba2d7ffff,0.0,0.0,0.0,0.0,,,chm-legacy,2009-2020,coverage-unknown
8929aeba303ffff,6.256537656903766,0.0,7239.0,0.0,,,chm-legacy,2009-2020,coverage-unknown
8929aeba307ffff,12.544943452964633,0.0,14513.0,0.0,,,chm-legacy,2009-2020,coverage-unknown
8929aeba30bffff,30.43762460371932,0.0,35215.0,0.0,,,chm-legacy,2009-2020,coverage-unknown
8929aeba30fffff,4.379657471564911,0.0,5067.0,0.0,,,chm-legacy,2009-2020,coverage-unknown
8929aeba313ffff,1.761783356213637,0.0,2038.0,0.0,,,chm-legacy,2009-2020,coverage-unknown
8929aeba317ffff,8.251332178234005,0.0,9546.0,0.0,,,chm-legacy,2009-2020,coverage-unknown
8929aeba31bffff,30.552740823064106,0.0,35350.0,0.0,,,chm-legacy,2009-2020,coverage-unknown
8929aeba323ffff,2.444764021440711,0.0,2828.0,0.0,,,chm-legacy,2009-2020,coverage-unknown
8929aeba327ffff,0.2026474914201667,0.0,234.0,0.0,,,chm-legacy,2009-2020,coverage-unknown
8929aeba32bffff,2.1474798980192196,0.0,2484.0,0.0,,,chm-legacy,2009-2020,coverage-unknown
8929aeba32fffff,0.467366081641991,0.0,541.0,0.0,,,chm-legacy,2009-2020,coverage-unknown
8929aeba333ffff,1.2094269931029975,0.0,1399.0,0.0,,,chm-legacy,2009-2020,coverage-unknown
8929aeba337ffff,0.0,0.0,0.0,0.0,,,chm-legacy,2009-2020,coverage-unknown
8929aeba33bffff,5.81178701010035,0.0,6723.0,0.0,,,chm-legacy,2009-2020,coverage-unknown
8929aeba343ffff,14.959136972866949,0.0,17308.0,0.0,,,chm-legacy,2009-2020,coverage-unknown
8929aeba347ffff,42.71051255230125,0.0,49415.0,0.0,,,chm-legacy,2009-2020,coverage-unknown
8929aeba34bffff,4.04380516508663,0.0,4679.0,0.0,,,chm-legacy,2009-2020,coverage-unknown
8929aeba34fffff,11.378419899977118,0.0,13165.0,0.0,,,chm-legacy,2009-2020,coverage-unknown
8929aeba353ffff,21.214895216922223,0.0,24547.0,0.0,,,chm-legacy,2009-2020,coverage-unknown
8929aeba357ffff,31.146415612435028,0.0,36037.0,0.0,,,chm-legacy,2009-2020,coverage-unknown
8929aeba35bffff,12.401935146443517,0.0,14350.0,0.0,,,chm-legacy,2009-2020,coverage-unknown
8929aeba363ffff,2.7419196705774698,0.0,3172.0,0.0,,,chm-legacy,2009-2020,coverage-unknown
8929aeba36bffff,2.9019607843137254,0.0,3357.0,8813.0,,,chm-legacy,2009-2020,coverage-unknown
8929aeba36fffff,0.9837887305530134,0.0,1138.0,6301.0,,,chm-legacy,2009-2020,coverage-unknown
8929aeba373ffff,6.092897067956722,0.0,7049.0,0.0,,,chm-legacy,2009-2020,coverage-unknown
8929aeba377ffff,2.31714491143212,0.0,2681.0,0.0,,,chm-legacy,2009-2020,coverage-unknown
8929aeba37bffff,14.829705170948552,3.8664323374340945,17157.0,3151.0,,,chm-legacy,2009-2020,coverage-unknown
8929aeba383ffff,16.121227972668127,2.74294670846395,18653.0,7148.0,,,chm-legacy,2009-2020,coverage-unknown
8929aeba387ffff,3.922594142259414,2.6615969581749046,4538.0,10322.0,,,chm-legacy,2009-2020,coverage-unknown
8929aeba38bffff,1.628036222171369,0.592885375494071,1884.0,2897.0,,,chm-legacy,2009-2020,coverage-unknown
8929aeba38fffff,2.386400784570121,1.7724413950829043,2761.0,9896.0,,,chm-legacy,2009-2020,coverage-unknown
8929aeba393ffff,17.731284733573062,8.055693684733964,20516.0,10650.0,,,chm-legacy,2009-2020,coverage-unknown
8929aeba397ffff,13.310011116196954,3.0586938550564895,15400.0,20264.0,,,chm-legacy,2009-2020,coverage-unknown
8929aeba39bffff,14.997384937238497,4.588910133843212,17353.0,11497.0,,,chm-legacy,2009-2020,coverage-unknown
8929aeba3a3ffff,1.330413179916318,0.5301524188204109,1539.0,8646.0,,,chm-legacy,2009-2020,coverage-unknown
8929aeba3a7ffff,3.884003007813777,1.5957446808510638,4493.0,6394.0,,,chm-legacy,2009-2020,coverage-unknown
8929aeba3abffff,3.7098777538079366,0.0,4292.0,0.0,,,chm-legacy,2009-2020,coverage-unknown
8929aeba3afffff,0.0,0.0,0.0,0.0,,,chm-legacy,2009-2020,coverage-unknown
8929aeba3b3ffff,3.874321585038907,1.3735046521931769,4482.0,12822.0,,,chm-legacy,2009-2020,coverage-unknown
8929aeba3b7ffff,1.840350418410042,0.7383966244725738,2129.0,5420.0,,,chm-legacy,2009-2020,coverage-unknown
8929aeba3bbffff,1.4220798326195692,1.3581129378127232,1645.0,7949.0,,,chm-legacy,2009-2020,coverage-unknown
8929aeba3c3ffff,0.0,0.0,0.0,0.0,,,chm-legacy,2009-2020,coverage-unknown
8929aeba3c7ffff,0.5949267782426778,0.0,688.0,0.0,,,chm-legacy,2009-2020,coverage-unknown
8929aeba3cbffff,0.0,0.0,0.0,0.0,,,chm-legacy,2009-2020,coverage-unknown
8929aeba3cfffff,7.179520711413345,0.0,8307.0,0.0,,,chm-legacy,2009-2020,coverage-unknown
8929aeba3d3ffff,0.0,0.0,0.0,0.0,,,chm-legacy,2009-2020,coverage-unknown
8929aeba3d7ffff,0.0,0.0,0.0,0.0,,,chm-legacy,2009-2020,coverage-unknown
8929aeba3dbffff,0.0,0.0,0.0,0.0,,,chm-legacy,2009-2020,coverage-unknown
8929aeba42fffff,0.0,0.0,0.0,0.0,,,chm-legacy,2009-2020,coverage-unknown
8929aeba467ffff,0.2289077828646173,0.0,265.0,0.0,,,chm-legacy,2009-2020,coverage-unknown
8929aeba46bffff,0.0,0.0,0.0,5967.0,,,chm-legacy,2009-2020,coverage-unknown
8929aeba46fffff,0.0,0.0,0.0,0.0,,,chm-legacy,2009-2020,coverage-unknown
8929aeba507ffff,0.0,0.0,0.0,0.0,,,chm-legacy,2009-2020,coverage-unknown
8929aeba523ffff,0.0,0.0,0.0,0.0,,,chm-legacy,2009-2020,coverage-unknown
8929aeba527ffff,0.0,0.0,0.0,0.0,,,chm-legacy,2009-2020,coverage-unknown
8929aeba52bffff,0.0,0.0,0.0,0.0,,,chm-legacy,2009-2020,coverage-unknown
8929aeba52fffff,0.0,0.0,0.0,0.0,,,chm-legacy,2009-2020,coverage-unknown
8929aeba533ffff,0.0,0.0,0.0,0.0,,,chm-legacy,2009-2020,coverage-unknown
8929aeba537ffff,0.0,0.0,0.0,0.0,,,chm-legacy,2009-2020,coverage-unknown
8929aeba53bffff,0.0,0.0,0.0,0.0,,,chm-legacy,2009-2020,coverage-unknown
8929aeba54bffff,0.0,0.0,0.0,0.0,,,chm-legacy,2009-2020,coverage-unknown
8929aeba55bffff,0.0,0.0,0.0,0.0,,,chm-legacy,2009-2020,coverage-unknown
8929aeba5a7ffff,0.0,0.0,0.0,0.0,,,chm-legacy,2009-2020,coverage-unknown
8929aeba5abffff,0.0,0.0,0.0,0.0,,,chm-legacy,2009-2020,coverage-unknown
8929aeba5afffff,0.0,0.0,0.0,0.0,,,chm-legacy,2009-2020,coverage-unknown
8929aeba883ffff,6.508450197770586,0.0,7526.0,0.0,,,chm-legacy,2009-2020,coverage-unknown
8929aeba887ffff,0.0588504544562871,0.0,68.0,0.0,,,chm-legacy,2009-2020,coverage-unknown
8929aeba88bffff,5.366890014708286,0.0,6206.0,0.0,,,chm-legacy,2009-2020,coverage-unknown
8929aeba893ffff,0.0,0.0,0.0,0.0,,,chm-legacy,2009-2020,coverage-unknown
8929aeba897ffff,0.0,0.0,0.0,0.0,,,chm-legacy,2009-2020,coverage-unknown
8929aeba89bffff,0.0,0.0,0.0,0.0,,,chm-legacy,2009-2020,coverage-unknown
8929aeba8b3ffff,6.689553702795488,0.0,7735.0,0.0,,,chm-legacy,2009-2020,coverage-unknown
8929aeba8b7ffff,13.183185146443517,0.0,15243.0,0.0,,,chm-legacy,2009-2020,coverage-unknown
8929aeba8c3ffff,7.005328364551666,3.933054393305439,8101.0,13225.0,,,chm-legacy,2009-2020,coverage-unknown
8929aeba8cbffff,0.0522927084354675,0.9333333333333336,60.0,8559.0,,,chm-legacy,2009-2020,coverage-unknown
8929aeba8d3ffff,1.7423994769532527,0.5390835579514826,2015.0,2125.0,,,chm-legacy,2009-2020,coverage-unknown
8929aeba8d7ffff,0.2321323481331328,0.0,268.0,4867.0,,,chm-legacy,2009-2020,coverage-unknown
8929aeba8dbffff,20.14710689767898,19.973603167619885,23300.0,10477.0,,,chm-legacy,2009-2020,coverage-unknown
8929aeba983ffff,0.0,0.0,0.0,0.0,,,chm-legacy,2009-2020,coverage-unknown
8929aeba993ffff,0.0,0.0,0.0,0.0,,,chm-legacy,2009-2020,coverage-unknown
8929aeba997ffff,0.0,0.0,0.0,0.0,,,chm-legacy,2009-2020,coverage-unknown
8929aeba99bffff,0.0,0.0,0.0,0.0,,,chm-legacy,2009-2020,coverage-unknown
8929aeba9d3ffff,9.603504069558396,0.0,11103.0,1140.0,,,chm-legacy,2009-2020,coverage-unknown
8929aeba9d7ffff,1.1149256171325812,18.028169014084508,1289.0,1676.0,,,chm-legacy,2009-2020,coverage-unknown
8929aebac03ffff,1.2589928057553956,0.0,1456.0,5524.0,,,chm-legacy,2009-2020,coverage-unknown
8929aebac07ffff,0.0,0.0,0.0,0.0,,,chm-legacy,2009-2020,coverage-unknown
8929aebac0bffff,0.0,0.0,0.0,253.0,,,chm-legacy,2009-2020,coverage-unknown
8929aebac0fffff,0.0,0.0,0.0,0.0,,,chm-legacy,2009-2020,coverage-unknown
8929aebac13ffff,0.0,0.0,0.0,1472.0,17079.12,0.14766366242603216,usfs-2022,2022,partial
8929aebac17ffff,3.175992847030773,1.577578249559453,613.8,4222.0,19326.24,0.16709870456619313,usfs-2022,2022,partial
8929aebac1bffff,1.7199097537847825,0.0,1989.0,14878.0,,,chm-legacy,2009-2020,coverage-unknown
8929aebac23ffff,0.0,0.0,0.0,0.0,,,chm-legacy,2009-2020,coverage-unknown
8929aebac27ffff,0.0,0.0,0.0,0.0,,,chm-legacy,2009-2020,coverage-unknown
8929aebac2bffff,0.0,0.0,0.0,0.0,,,chm-legacy,2009-2020,coverage-unknown
8929aebac2fffff,0.0,0.0,0.0,0.0,,,chm-legacy,2009-2020,coverage-unknown
8929aebac33ffff,0.0,0.0,0.0,3306.0,,,chm-legacy,2009-2020,coverage-unknown
8929aebac37ffff,0.0817608006017594,0.0,95.0,0.0,,,chm-legacy,2009-2020,coverage-unknown
8929aebac3bffff,0.0,0.0,0.0,0.0,,,chm-legacy,2009-2020,coverage-unknown
8929aebac43ffff,0.0,0.0,0.0,6618.0,,,chm-legacy,2009-2020,coverage-unknown
8929aebac47ffff,0.0,0.0,0.0,1924.0,,,chm-legacy,2009-2020,coverage-unknown
8929aebac4bffff,0.0,0.0,0.0,0.0,,,chm-legacy,2009-2020,coverage-unknown
8929aebac4fffff,0.0,0.0,0.0,0.0,,,chm-legacy,2009-2020,coverage-unknown
8929aebac53ffff,0.0,0.0,0.0,3565.0,,,chm-legacy,2009-2020,coverage-unknown
8929aebac57ffff,0.0,0.0,0.0,570.0,,,chm-legacy,2009-2020,coverage-unknown
8929aebac5bffff,0.0,0.0,0.0,13720.0,,,chm-legacy,2009-2020,coverage-unknown
8929aebac63ffff,0.0,0.0,0.0,0.0,,,chm-legacy,2009-2020,coverage-unknown
8929aebac67ffff,0.0,0.0,0.0,0.0,,,chm-legacy,2009-2020,coverage-unknown
8929aebac6bffff,0.0,0.0,0.0,0.0,,,chm-legacy,2009-2020,coverage-unknown
8929aebac6fffff,0.0,0.0,0.0,0.0,,,chm-legacy,2009-2020,coverage-unknown
8929aebac73ffff,0.0,0.0,0.0,0.0,,,chm-legacy,2009-2020,coverage-unknown
8929aebac77ffff,0.0,0.0,0.0,0.0,,,chm-legacy,2009-2020,coverage-unknown
8929aebac7bffff,0.0,0.0,0.0,0.0,,,chm-legacy,2009-2020,coverage-unknown
8929aebac83ffff,9.34276625810026,6.881478573626304,10806.12,31596.0,115662.96,0.9999824031454279,usfs-2022,2022,full
8929aebac87ffff,12.118674929423152,4.23009443211724,14016.6,26725.0,115661.16,1.0,usfs-2022,2022,full
8929aebac8bffff,1.542809301051675,5.312306261624303,1784.52,8797.0,115666.92,1.0,usfs-2022,2022,full
8929aebac8fffff,12.876709230977973,4.717940206228345,12299.4,16533.0,95516.64,0.8258305024626323,usfs-2022,2022,partial
8929aebac93ffff,3.2673717234467694,4.338735905362663,3779.28,19272.0,115667.28,0.999987922567006,usfs-2022,2022,full
8929aebac97ffff,9.108084385874267,10.335195530726256,10534.68,25885.0,115662.96,0.9999910232983308,usfs-2022,2022,full
8929aebac9bffff,2.064749858386918,0.0,2388.24,17653.0,115667.28,0.9999793073199268,usfs-2022,2022,full
8929aebaca3ffff,7.221425155428025,0.17467248908296942,163.08,823.0,2258.28,0.019526518483728893,usfs-2022,2022,partial
8929aebaca7ffff,3.0934240214512276,4.196428571428571,3577.0,6180.0,,,chm-legacy,2009-2020,coverage-unknown
8929aebacabffff,1.2669913304077918,0.7221182134260498,681.84,9354.0,53815.68,0.4653204286937199,usfs-2022,2022,partial
8929aebacafffff,0.0065402223675604,0.0,8.0,1912.0,,,chm-legacy,2009-2020,coverage-unknown
8929aebacb3ffff,4.370266222021253,0.642276934701845,4453.56,22722.0,101905.92,0.8811150340108755,usfs-2022,2022,partial
8929aebacb7ffff,3.8584298584298584,1.457291508814467,1618.92,14046.0,41958.0,0.36279855855417037,usfs-2022,2022,partial
8929aebacbbffff,5.7815803317088665,0.4298910090452903,6291.0,22430.0,108811.08,0.9408114074751598,usfs-2022,2022,partial
8929aebacc3ffff,0.0,0.0,0.0,0.0,,,chm-legacy,2009-2020,coverage-unknown
8929aebacc7ffff,0.0,0.0,0.0,3118.0,60400.08,0.5221894518818675,usfs-2022,2022,partial
8929aebaccbffff,0.0,0.0,0.0,6785.0,,,chm-legacy,2009-2020,coverage-unknown
8929aebaccfffff,0.0,0.0,0.0,4481.0,,,chm-legacy,2009-2020,coverage-unknown
8929aebacd3ffff,0.0,0.0,0.0,0.0,,,chm-legacy,2009-2020,coverage-unknown
8929aebacd7ffff,5.839678613576474,2.0634472930243604,5201.64,23750.0,89074.08,0.7700662653789474,usfs-2022,2022,partial
8929aebacdbffff,1.062820890153373,0.6814310051107325,1229.0,3358.0,,,chm-legacy,2009-2020,coverage-unknown
8929aebad03ffff,0.0,0.0,0.0,0.0,,,chm-legacy,2009-2020,coverage-unknown
8929aebad07ffff,0.0,0.0,0.0,0.0,,,chm-legacy,2009-2020,coverage-unknown
8929aebad0bffff,0.0,0.0,0.0,0.0,,,chm-legacy,2009-2020,coverage-unknown
8929aebad0fffff,0.0,0.0,0.0,0.0,,,chm-legacy,2009-2020,coverage-unknown
8929aebad13ffff,0.0,0.0,0.0,0.0,,,chm-legacy,2009-2020,coverage-unknown
8929aebad17ffff,0.0,0.0,0.0,0.0,,,chm-legacy,2009-2020,coverage-unknown
8929aebad1bffff,0.0,0.0,0.0,0.0,,,chm-legacy,2009-2020,coverage-unknown
8929aebad23ffff,0.0,0.0,0.0,0.0,,,chm-legacy,2009-2020,coverage-unknown
8929aebad27ffff,0.0,0.0,0.0,0.0,,,chm-legacy,2009-2020,coverage-unknown
8929aebad2bffff,0.0,0.0,0.0,0.0,,,chm-legacy,2009-2020,coverage-unknown
8929aebad2fffff,0.0,0.0,0.0,0.0,,,chm-legacy,2009-2020,coverage-unknown
8929aebad33ffff,0.0,0.0,0.0,0.0,,,chm-legacy,2009-2020,coverage-unknown
8929aebad37ffff,0.0,0.0,0.0,0.0,,,chm-legacy,2009-2020,coverage-unknown
8929aebad3bffff,0.0,0.0,0.0,0.0,,,chm-legacy,2009-2020,coverage-unknown
8929aebad43ffff,0.0,0.0,0.0,0.0,,,chm-legacy,2009-2020,coverage-unknown
8929aebad47ffff,0.0,0.0,0.0,0.0,,,chm-legacy,2009-2020,coverage-unknown
8929aebad4bffff,0.0817340700297512,0.0,95.0,0.0,,,chm-legacy,2009-2020,coverage-unknown
8929aebad4fffff,2.275922958699846,0.0,2632.0,5098.0,,,chm-legacy,2009-2020,coverage-unknown
8929aebad53ffff,0.0,0.0,0.0,0.0,,,chm-legacy,2009-2020,coverage-unknown
8929aebad57ffff,0.0,0.0,0.0,0.0,,,chm-legacy,2009-2020,coverage-unknown
8929aebad5bffff,0.0,0.0,0.0,0.0,,,chm-legacy,2009-2020,coverage-unknown
8929aebad63ffff,0.0,0.0,0.0,3462.0,,,chm-legacy,2009-2020,coverage-unknown
8929aebad67ffff,0.0,0.0,0.0,0.0,,,chm-legacy,2009-2020,coverage-unknown
8929aebad6bffff,4.296785585821262,0.0,4968.0,265.0,,,chm-legacy,2009-2020,coverage-unknown
8929aebad6fffff,0.0,0.0,0.0,5674.0,,,chm-legacy,2009-2020,coverage-unknown
8929aebad73ffff,0.0,0.0,0.0,0.0,,,chm-legacy,2009-2020,coverage-unknown
8929aebad77ffff,0.0,0.0,0.0,0.0,,,chm-legacy,2009-2020,coverage-unknown
8929aebad7bffff,2.085785275271348,0.0,2412.0,6422.0,,,chm-legacy,2009-2020,coverage-unknown
8929aebad83ffff,0.0,0.0,0.0,0.0,,,chm-legacy,2009-2020,coverage-unknown
8929aebad87ffff,0.0,0.0,0.0,0.0,,,chm-legacy,2009-2020,coverage-unknown
8929aebad8bffff,0.0,0.0,0.0,0.0,,,chm-legacy,2009-2020,coverage-unknown
8929aebad8fffff,0.0,0.0,0.0,0.0,,,chm-legacy,2009-2020,coverage-unknown
8929aebad93ffff,0.0,0.0,0.0,0.0,,,chm-legacy,2009-2020,coverage-unknown
8929aebad97ffff,0.0,0.0,0.0,0.0,,,chm-legacy,2009-2020,coverage-unknown
8929aebad9bffff,0.0,0.0,0.0,0.0,,,chm-legacy,2009-2020,coverage-unknown
8929aebada3ffff,0.0,0.0,0.0,0.0,,,chm-legacy,2009-2020,coverage-unknown
8929aebada7ffff,0.0425183973834832,0.0,49.0,0.0,,,chm-legacy,2009-2020,coverage-unknown
8929aebadabffff,0.0,0.0,0.0,0.0,,,chm-legacy,2009-2020,coverage-unknown
8929aebadafffff,0.0,0.0,0.0,0.0,,,chm-legacy,2009-2020,coverage-unknown
8929aebadb3ffff,0.0130821559392987,0.0,15.0,0.0,,,chm-legacy,2009-2020,coverage-unknown
8929aebadb7ffff,0.0,0.0,0.0,0.0,,,chm-legacy,2009-2020,coverage-unknown
8929aebadbbffff,0.0,0.0,0.0,0.0,,,chm-legacy,2009-2020,coverage-unknown
8929aebadc3ffff,0.0130791616257397,0.0,15.0,0.0,,,chm-legacy,2009-2020,coverage-unknown
8929aebadc7ffff,0.0,0.0,0.0,0.0,,,chm-legacy,2009-2020,coverage-unknown
8929aebadcbffff,0.0,0.0,0.0,0.0,,,chm-legacy,2009-2020,coverage-unknown
8929aebadcfffff,0.0130804447351209,0.0,15.0,0.0,,,chm-legacy,2009-2020,coverage-unknown
8929aebadd3ffff,0.327075292732387,0.0,378.0,104.0,,,chm-legacy,2009-2020,coverage-unknown
8929aebadd7ffff,0.0,0.0,0.0,0.0,,,chm-legacy,2009-2020,coverage-unknown
8929aebaddbffff,0.7194715154686375,4.588910133843212,832.0,2874.0,,,chm-legacy,2009-2020,coverage-unknown
8929aebae03ffff,0.5229612681810754,0.0,605.0,0.0,,,chm-legacy,2009-2020,coverage-unknown
8929aebae07ffff,20.17457826598666,4.058679706601467,23334.0,11301.0,,,chm-legacy,2009-2020,coverage-unknown
8929aebae0bffff,0.0,0.0,0.0,0.0,,,chm-legacy,2009-2020,coverage-unknown
8929aebae0fffff,3.4815299117358616,2.3485784919653896,4027.0,4550.0,,,chm-legacy,2009-2020,coverage-unknown
8929aebae13ffff,0.0,0.0,0.0,0.0,,,chm-legacy,2009-2020,coverage-unknown
8929aebae17ffff,0.2647491420166694,0.0,306.0,0.0,,,chm-legacy,2009-2020,coverage-unknown
8929aebae1bffff,0.0,0.0,0.0,0.0,,,chm-legacy,2009-2020,coverage-unknown
8929aebae23ffff,3.730099055215927,0.8551307847082495,4314.0,11353.0,,,chm-legacy,2009-2020,coverage-unknown
8929aebae33ffff,15.537470993888288,2.311006658832746,17970.0,28731.0,,,chm-legacy,2009-2020,coverage-unknown
8929aebae37ffff,0.0653872560238009,0.0,76.0,14769.0,,,chm-legacy,2009-2020,coverage-unknown
8929aebae3bffff,4.1409288492335845,0.0,4789.0,15667.0,,,chm-legacy,2009-2020,coverage-unknown
8929aebae47ffff,0.9445370461156324,0.0,1092.0,300.0,,,chm-legacy,2009-2020,coverage-unknown
8929aebae53ffff,0.6079226042619951,0.0,703.0,0.0,,,chm-legacy,2009-2020,coverage-unknown
8929aebae57ffff,3.680460220958358,0.0,4257.0,0.0,,,chm-legacy,2009-2020,coverage-unknown
8929aebae73ffff,8.236639973851936,0.0,9526.0,0.0,,,chm-legacy,2009-2020,coverage-unknown
8929aebae83ffff,0.0,0.0,0.0,0.0,,,chm-legacy,2009-2020,coverage-unknown
8929aebae87ffff,0.0,0.0,0.0,0.0,,,chm-legacy,2009-2020,coverage-unknown
8929aebae8bffff,0.179779688163959,0.0,208.0,0.0,,,chm-legacy,2009-2020,coverage-unknown
8929aebae8fffff,0.0,0.0,0.0,0.0,,,chm-legacy,2009-2020,coverage-unknown
8929aebae93ffff,0.0,0.0,0.0,0.0,,,chm-legacy,2009-2020,coverage-unknown
8929aebae97ffff,0.0,0.0,0.0,0.0,,,chm-legacy,2009-2020,coverage-unknown
8929aebae9bffff,0.1438660737640596,0.0,166.0,1238.0,,,chm-legacy,2009-2020,coverage-unknown
8929aebaea3ffff,0.0,0.0,0.0,236.0,,,chm-legacy,2009-2020,coverage-unknown
8929aebaea7ffff,0.3334423014056881,0.0,386.0,455.0,,,chm-legacy,2009-2020,coverage-unknown
8929aebaeabffff,3.7759905845429578,2.4691358024691357,4367.0,455.0,,,chm-legacy,2009-2020,coverage-unknown
8929aebaeafffff,11.479750269669532,12.754582484725052,13277.0,19740.0,,,chm-legacy,2009-2020,coverage-unknown
8929aebaeb3ffff,0.0,0.0,0.0,0.0,,,chm-legacy,2009-2020,coverage-unknown
8929aebaeb7ffff,0.0,0.0,0.0,0.0,,,chm-legacy,2009-2020,coverage-unknown
8929aebaebbffff,0.0,0.0,0.0,0.0,,,chm-legacy,2009-2020,coverage-unknown
8929aebaec3ffff,0.0,0.0,0.0,0.0,,,chm-legacy,2009-2020,coverage-unknown
8929aebaec7ffff,0.0,0.0,0.0,0.0,,,chm-legacy,2009-2020,coverage-unknown
8929aebaecbffff,0.0228810512208675,0.0,26.0,0.0,,,chm-legacy,2009-2020,coverage-unknown
8929aebaecfffff,0.0,0.0,0.0,0.0,,,chm-legacy,2009-2020,coverage-unknown
8929aebaed3ffff,2.994051121134863,0.7401315789473684,3464.0,6952.0,,,chm-legacy,2009-2020,coverage-unknown
8929aebaed7ffff,0.0,0.0,0.0,0.0,,,chm-legacy,2009-2020,coverage-unknown
8929aebaedbffff,0.0,0.0,0.0,0.0,,,chm-legacy,2009-2020,coverage-unknown
8929aebb123ffff,0.0,0.0,0.0,0.0,,,chm-legacy,2009-2020,coverage-unknown
8929aebb127ffff,0.0,0.0,0.0,0.0,,,chm-legacy,2009-2020,coverage-unknown
8929aebb12bffff,0.0,0.0,0.0,0.0,,,chm-legacy,2009-2020,coverage-unknown
8929aebb12fffff,0.0,0.0,0.0,0.0,,,chm-legacy,2009-2020,coverage-unknown
8929aebb14fffff,0.0,0.0,0.0,0.0,,,chm-legacy,2009-2020,coverage-unknown
8929aebb163ffff,0.0,0.0,0.0,0.0,,,chm-legacy,2009-2020,coverage-unknown
8929aebb167ffff,0.0,0.0,0.0,0.0,,,chm-legacy,2009-2020,coverage-unknown
8929aebb16bffff,0.0,0.0,0.0,0.0,,,chm-legacy,2009-2020,coverage-unknown
8929aebb16fffff,0.8267433501078361,0.0,957.0,0.0,,,chm-legacy,2009-2020,coverage-unknown
8929aebb173ffff,0.0,0.0,0.0,0.0,,,chm-legacy,2009-2020,coverage-unknown
8929aebb177ffff,0.0359418395686979,0.0,42.0,0.0,,,chm-legacy,2009-2020,coverage-unknown
8929aebb17bffff,0.0,0.0,0.0,0.0,,,chm-legacy,2009-2020,coverage-unknown
8929aebb3a7ffff,0.0,0.0,0.0,0.0,,,chm-legacy,2009-2020,coverage-unknown
8929aebb3b7ffff,0.0,0.0,0.0,0.0,,,chm-legacy,2009-2020,coverage-unknown
