h3,canopy_pct,row_canopy_pct,row_m2,canopy_m2
8929ac48043ffff,0.13457183181803264,0.0,1452.0,156.0
8929ac48047ffff,2.4221339722340742,0.1199040767386091,4798.0,2805.0
8929ac4804bffff,0.029541127814613013,0.0,0.0,34.0
8929ac48053ffff,0.0,0.0,910.0,0.0
8929ac48057ffff,0.0,0.0,5219.0,0.0
8929ac4805bffff,0.0,0.0,0.0,0.0
8929ac480c3ffff,0.0,0.0,5967.0,0.0
8929ac480cbffff,0.0,0.0,639.0,0.0
8929ac480cfffff,0.0,0.0,5610.0,0.0
8929ac480d3ffff,0.0,0.0,6261.0,0.0
8929ac480dbffff,0.0065657726272939166,0.0,121.0,8.0
8929ac48203ffff,0.0,0.0,0.0,0.0
8929ac4820bffff,0.0,0.0,0.0,0.0
8929ac4820fffff,0.0,0.0,3928.0,0.0
8929ac48213ffff,0.0,0.0,0.0,0.0
8929ac4821bffff,0.0,0.0,0.0,0.0
8929ac48223ffff,0.0,0.0,1037.0,0.0
8929ac48227ffff,0.0,0.0,0.0,0.0
8929ac4822bffff,0.0,0.0,0.0,0.0
8929ac4822fffff,0.0,0.0,0.0,0.0
8929ac48233ffff,0.0,0.0,2840.0,0.0
8929ac48237ffff,0.0,0.0,7223.0,0.0
8929ac4823bffff,0.0,0.0,7068.0,0.0
8929ac48243ffff,0.0,0.0,0.0,0.0
8929ac48247ffff,0.0,0.0,5115.0,0.0
8929ac4824bffff,0.0,0.0,5558.0,0.0
8929ac4824fffff,0.0,0.0,5720.0,0.0
8929ac48253ffff,0.0,0.0,0.0,0.0
8929ac48257ffff,0.0,0.0,0.0,0.0
8929ac4825bffff,0.049212598425196846,0.0,0.0,57.0
8929ac48263ffff,0.0,0.0,0.0,0.0
8929ac48267ffff,0.0,0.0,0.0,0.0
8929ac4826bffff,0.0,0.0,0.0,0.0
8929ac4826fffff,0.0,0.0,0.0,0.0
8929ac48273ffff,0.013123359580052493,0.0,6480.0,15.0
8929ac48277ffff,0.0,0.0,0.0,0.0
8929ac4827bffff,0.0,0.0,0.0,0.0
8929ac48283ffff,0.0,0.0,0.0,0.0
8929ac4828bffff,0.18051726401470397,0.0,0.0,209.0
8929ac48293ffff,0.20676753421510385,0.0,0.0,239.0
8929ac48297ffff,0.0,0.0,0.0,0.0
8929ac4829bffff,0.1378224059854302,0.0,0.0,160.0
8929ac482c3ffff,0.0,0.0,0.0,0.0
8929ac482c7ffff,0.0,0.0,0.0,0.0
8929ac482cbffff,0.0,0.0,0.0,0.0
8929ac482cfffff,0.0,0.0,0.0,0.0
8929ac482d3ffff,0.0,0.0,0.0,0.0
8929ac482d7ffff,0.0,0.0,0.0,0.0
8929ac482dbffff,0.0,0.0,0.0,0.0
8929ac48343ffff,0.2592373826868806,0.0,4522.0,300.0
8929ac48347ffff,0.006562325688223907,0.0,1555.0,8.0
8929ac4834bffff,0.0,0.0,0.0,0.0
8929ac4834fffff,0.04265231798943535,0.0,5161.0,49.0
8929ac48353ffff,0.0,0.0,4090.0,0.0
8929ac48357ffff,0.35769369605880613,0.0,2079.0,414.0
8929ac4835bffff,0.0,0.0,0.0,0.0
8929ac48363ffff,0.0,0.0,6538.0,0.0
8929ac48367ffff,0.0,0.0,5063.0,0.0
8929ac4836bffff,0.0,0.0,4890.0,0.0
8929ac4836fffff,0.0,0.0,0.0,0.0
8929ac4837bffff,0.0032809475376488735,0.0,1094.0,4.0
8929ac483c3ffff,0.0,0.0,3254.0,0.0
8929ac483cbffff,0.07218558257046298,0.0,7989.0,84.0
8929ac483cfffff,0.0,0.0,2310.0,0.0
8929ac48603ffff,0.0,0.0,0.0,0.0
8929ac48607ffff,0.0,0.0,0.0,0.0
8929ac4860bffff,0.0,0.0,0.0,0.0
8929ac4860fffff,0.0,0.0,0.0,0.0
8929ac4861bffff,0.0,0.0,0.0,0.0
8929ac48623ffff,0.0,0.0,0.0,0.0
8929ac48627ffff,0.0,0.0,0.0,0.0
8929ac4862bffff,0.0,0.0,0.0,0.0
8929ac4862fffff,0.0,0.0,0.0,0.0
8929ac48633ffff,0.0,0.0,0.0,0.0
8929ac48637ffff,4.361953525009846,0.0,0.0,5052.0
8929ac4863bffff,0.0,0.0,0.0,0.0
8929ac48663ffff,0.0,0.0,0.0,0.0
8929ac48667ffff,0.0,0.0,0.0,0.0
8929ac4866fffff,0.0,0.0,0.0,0.0
8929ac48673ffff,0.0,0.0,0.0,0.0
8929ac48677ffff,0.0,0.0,0.0,0.0
8929ac486a7ffff,0.0,0.0,0.0,0.0
8929ac486abffff,0.0,0.0,0.0,0.0
8929ac486afffff,0.11161080655221088,0.0,0.0,129.0
8929ac48827ffff,5.358666404147798,0.0,639.0,6200.0
8929ac48867ffff,12.68497555533681,3.121516164994426,10011.0,14678.0
8929ac4886fffff,1.620788083598543,0.0,2845.0,1875.0
8929ac48923ffff,3.095050544833924,0.0,6705.0,3580.0
8929ac48927ffff,6.025005742788698,0.7947019867549668,8628.0,6969.0
8929ac4892bffff,2.369310537196863,0.0,904.0,2741.0
8929ac4892fffff,5.210657566609791,0.7267771973654327,25177.0,6027.0
8929ac48933ffff,0.0,0.0,6376.0,0.0
8929ac48937ffff,1.181412444211079,0.0,0.0,1367.0
8929ac4893bffff,0.0,0.0,582.0,0.0
8929ac48943ffff,15.83645074489729,0.0,5311.0,18322.0
8929ac48947ffff,9.461455154080928,0.0,0.0,10946.0
8929ac4894bffff,0.15751649000754767,0.0,1411.0,182.0
8929ac4894fffff,27.736938829089,0.0,4838.0,32089.0
8929ac48953ffff,28.856439704675964,0.8547008547008548,6682.0,33386.0
8929ac48957ffff,15.111242370545384,0.0,0.0,17483.0
8929ac4895bffff,3.035175219845124,3.5787321063394684,5432.0,3512.0
8929ac48963ffff,0.022966632763542112,0.0,20379.0,27.0
8929ac48967ffff,1.6209476309226933,1.283987915407855,22585.0,1875.0
8929ac4896bffff,1.4502739770974833,0.04234596654668643,27193.0,1678.0
8929ac4896fffff,1.0071848036481743,0.31236055332440876,25736.0,1165.0
8929ac48973ffff,0.2297266253158741,0.0,6497.0,266.0
8929ac48977ffff,0.0065631870836478185,0.0,9780.0,8.0
8929ac4897bffff,5.9327317473338805,0.0,5581.0,6863.0
8929ac489a3ffff,0.10174275493124159,0.0,3398.0,118.0
8929ac489a7ffff,0.0,0.0,12977.0,0.0
8929ac489abffff,0.0,0.0,11347.0,0.0
8929ac489afffff,0.0,0.0,455.0,0.0
8929ac489b7ffff,0.21006334722814848,3.0141843971631204,6301.0,243.0
8929ac489cbffff,14.477915600183763,12.308634415186773,8248.0,16751.0
8929ac489cfffff,10.156532011945,3.4865293185419968,7016.0,11751.0
8929ac48a37ffff,0.5642859486237328,0.0,4113.0,653.0
8929ac48a6fffff,3.4923757993113624,0.5252790544977018,8726.0,4041.0
8929ac48aa7ffff,0.0032807322594403075,0.0,0.0,4.0
8929ac48aafffff,0.003280624630929729,0.0,18150.0,4.0
8929ac48b03ffff,1.0365413632487044,0.0,24791.0,1199.0
8929ac48b07ffff,1.705868844929961,0.458215142919485,26277.0,1974.0
8929ac48b0bffff,2.8045660303089943,0.2663115845539281,8628.0,3245.0
8929ac48b0fffff,4.268232669531839,2.0788912579957355,21162.0,4938.0
8929ac48b13ffff,0.0032808398950131233,0.0,4954.0,4.0
8929ac48b17ffff,0.17715373007020535,0.0,18294.0,205.0
8929ac48b1bffff,1.13505888528032,0.0,2569.0,1313.0
8929ac48b23ffff,4.845164676551634,0.39215686274509803,23409.0,5605.0
8929ac48b27ffff,3.886902614229016,0.32141422257934915,28581.0,4496.0
8929ac48b2bffff,0.7118488387350741,0.05053057099545225,22787.0,823.0
8929ac48b2fffff,4.857967591681427,0.4620329449578144,28541.0,5620.0
8929ac48b33ffff,3.1758530183727034,0.38323353293413176,23956.0,3674.0
8929ac48b37ffff,4.6128608923884515,0.1454898157129001,23720.0,5336.0
8929ac48b3bffff,4.222302417899675,0.9126466753585397,30643.0,4885.0
8929ac48b47ffff,4.18580238813804,0.8998200359928014,19031.0,4843.0
8929ac48b4bffff,7.088964702794909,2.4850437183617116,24411.0,8202.0
8929ac48b4fffff,5.294580763679307,0.6500260010400416,22009.0,6126.0
8929ac48b57ffff,7.938330326390028,0.6936139679502512,23916.0,9185.0
8929ac48b63ffff,0.0,0.0,14913.0,0.0
8929ac48b67ffff,0.0,0.0,10823.0,0.0
8929ac48b6bffff,3.1256149557231883,0.25418343571277274,27124.0,3616.0
8929ac48b6fffff,0.0,0.0,668.0,0.0
8929ac48b73ffff,0.3182205892001837,0.0,1613.0,368.0
8929ac48b77ffff,1.3383192284983272,0.7469654528478058,12246.0,1548.0
8929ac48b7bffff,1.6826844228687639,0.4582651391162029,17516.0,1947.0
8929ac48b83ffff,1.3322395406070549,3.678929765886288,6636.0,1541.0
8929ac48b87ffff,4.1575061525840855,7.579462102689487,6532.0,4810.0
8929ac48b8bffff,0.8563835023132198,0.0,4654.0,991.0
8929ac48b8fffff,0.5938320209973753,0.0,1503.0,687.0
8929ac48b97ffff,0.003281378178835111,0.0,0.0,4.0
8929ac48b9bffff,0.19358225605354681,0.09363295880149813,6146.0,224.0
8929ac48ba3ffff,3.3070866141732282,0.46475600309837334,7402.0,3826.0
8929ac48ba7ffff,3.0446194225721785,0.3214218188693515,30367.0,3522.0
8929ac48babffff,0.0,0.0,23086.0,0.0
8929ac48bafffff,2.7525343656704178,0.49780380673499264,19572.0,3184.0
8929ac48bb3ffff,4.911578463860363,0.646551724137931,5311.0,5682.0
8929ac48bb7ffff,1.7486302942816838,0.14547570555717193,19768.0,2023.0
8929ac48bbbffff,2.385248859870731,0.0,3548.0,2760.0
8929ac48bc3ffff,0.3674420130573144,0.088261253309797,6520.0,425.0
8929ac48bc7ffff,2.916762360969848,0.0,3036.0,3375.0
8929ac48bcbffff,0.0,0.0,0.0,0.0
8929ac48bcfffff,2.0304402020599617,0.06485084306095978,8876.0,2349.0
8929ac48bd3ffff,1.7684307227927427,0.0,2627.0,2046.0
8929ac48bd7ffff,0.984348853233586,0.0,5772.0,1139.0
8929ac48bdbffff,0.6693572201988385,0.0,4717.0,775.0
8929ac49183ffff,0.006560818790185015,0.0,12407.0,8.0
8929ac49187ffff,21.455523837648062,0.0,5213.0,24851.0
8929ac49193ffff,0.0,0.0,5674.0,0.0
8929ac49197ffff,0.0,0.0,179.0,0.0
8929ac491a3ffff,4.169400341162577,0.0,0.0,4829.0
8929ac491b3ffff,12.945344793648712,0.0,0.0,14994.0
8929ac491b7ffff,0.08200485468739749,0.0,0.0,95.0
8929ac49507ffff,0.0,0.0,4499.0,0.0
8929ac49523ffff,0.0,0.0,1187.0,0.0
8929ac49527ffff,0.0,0.0,0.0,0.0
8929ac4952bffff,0.0,0.0,5530.0,0.0
8929ac4952fffff,0.0,0.0,726.0,0.0
8929ac49533ffff,0.0,0.0,1757.0,0.0
8929ac49537ffff,0.0,0.0,0.0,0.0
8929ac4953bffff,0.0,0.0,4671.0,0.0
8929ac495a7ffff,0.4069843770513325,0.0,0.0,471.0
8929ac495abffff,0.0,0.0,2218.0,0.0
8929ac495afffff,0.1411177841226084,0.0,0.0,163.0
8929ac49803ffff,0.0,0.0,0.0,0.0
8929ac49807ffff,0.0,0.0,5334.0,0.0
8929ac4980bffff,0.7967474343421096,0.0,5725.0,922.0
8929ac4980fffff,0.0,0.0,5553.0,0.0
8929ac49813ffff,0.0,0.0,0.0,0.0
8929ac49817ffff,0.0,0.0,0.0,0.0
8929ac4981bffff,0.0,0.0,0.0,0.0
8929ac49827ffff,0.0,0.0,0.0,0.0
8929ac49833ffff,0.0,0.0,5178.0,0.0
8929ac49837ffff,0.0,0.0,0.0,0.0
8929ac49883ffff,0.0,0.0,0.0,0.0
8929ac49887ffff,0.0,0.0,0.0,0.0
8929ac4988bffff,0.0,0.0,0.0,0.0
8929ac4988fffff,0.0,0.0,0.0,0.0
8929ac49893ffff,2.5910134470318136,1.0628875110717448,6434.0,3000.0
8929ac49897ffff,0.0,0.0,0.0,0.0
8929ac4989bffff,0.0,0.0,0.0,0.0
8929ac498a3ffff,0.0,0.0,0.0,0.0
8929ac498a7ffff,0.0,0.0,0.0,0.0
8929ac498abffff,0.0,0.0,0.0,0.0
8929ac498afffff,0.0,0.0,4429.0,0.0
8929ac498b3ffff,0.0,0.0,0.0,0.0
8929ac498b7ffff,0.0,0.0,0.0,0.0
8929ac498bbffff,0.0,0.0,0.0,0.0
8929ac498c7ffff,0.0,0.0,0.0,0.0
8929ac498d7ffff,0.0,0.0,0.0,0.0
8929ac49923ffff,0.0,0.0,8836.0,0.0
8929ac49927ffff,0.0,0.0,4504.0,0.0
8929ac4992bffff,0.0,0.0,0.0,0.0
8929ac4992fffff,0.0,0.0,6371.0,0.0
8929ac49933ffff,0.04590615470374135,0.0,6353.0,53.0
8929ac49937ffff,0.0,0.0,0.0,0.0
8929ac4993bffff,0.0,0.0,0.0,0.0
8929ac4994bffff,0.0,0.0,0.0,0.0
8929ac4994fffff,0.0,0.0,0.0,0.0
8929ac4995bffff,0.0,0.0,0.0,0.0
8929ac49963ffff,0.0,0.0,0.0,0.0
8929ac49967ffff,0.0,0.0,0.0,0.0
8929ac4996bffff,0.0,0.0,0.0,0.0
8929ac4996fffff,0.0,0.0,0.0,0.0
8929ac49973ffff,0.0,0.0,0.0,0.0
8929ac49977ffff,0.0,0.0,0.0,0.0
8929ac4997bffff,0.0,0.0,0.0,0.0
8929ac499a7ffff,0.0032790110502672392,0.0,0.0,4.0
8929ac499abffff,0.0,0.0,6336.0,0.0
8929ac499afffff,0.0,0.0,0.0,0.0
8929ac499dbffff,0.006559527714004592,0.0,6860.0,8.0
8929ac49b03ffff,0.0,0.0,0.0,0.0
8929ac49b07ffff,0.0,0.0,0.0,0.0
8929ac49b0bffff,0.0,0.0,0.0,0.0
8929ac49b0fffff,0.0,0.0,0.0,0.0
8929ac49b13ffff,0.0,0.0,0.0,0.0
8929ac49b17ffff,0.0,0.0,0.0,0.0
8929ac49b1bffff,0.0,0.0,0.0,0.0
8929ac49b23ffff,0.7177974434611603,0.0,0.0,831.0
8929ac49b27ffff,0.05899898390638828,0.0,5645.0,68.0
8929ac49b2bffff,0.0,0.0,6232.0,0.0
8929ac49b2fffff,0.0,0.0,5092.0,0.0
8929ac49b33ffff,0.0,0.0,0.0,0.0
8929ac49b37ffff,0.0,0.0,0.0,0.0
8929ac49b3bffff,0.0,0.0,0.0,0.0
8929ac49b63ffff,0.19010783703169556,0.0,9475.0,220.0
8929ac49b67ffff,0.0,0.0,4504.0,0.0
8929ac49b6fffff,0.09831230542356219,0.0,5979.0,114.0
8929ac49b73ffff,0.0,0.0,0.0,0.0
8929ac49b77ffff,0.0,0.0,0.0,0.0
8929ac49b87ffff,0.0,0.0,0.0,0.0
8929ac49b8bffff,0.0,0.0,0.0,0.0
8929ac49b8fffff,0.0,0.0,0.0,0.0
8929ac49ba3ffff,0.0,0.0,0.0,0.0
8929ac49ba7ffff,0.0,0.0,0.0,0.0
8929ac49babffff,0.0,0.0,0.0,0.0
8929ac49bafffff,0.0,0.0,0.0,0.0
8929ac49bb3ffff,0.0,0.0,0.0,0.0
8929ac49bb7ffff,0.0,0.0,0.0,0.0
8929ac49bbbffff,0.0,0.0,0.0,0.0
8929ac49bc7ffff,0.0,0.0,0.0,0.0
8929ac49c13ffff,0.0,0.0,6290.0,0.0
8929ac49c2fffff,1.7742358651449561,0.0,4481.0,2054.0
8929ac49c67ffff,0.0,0.0,8778.0,0.0
8929ac49c6fffff,0.0,0.0,7471.0,0.0
8929ac49c83ffff,0.0,0.0,0.0,0.0
8929ac49c87ffff,0.0,0.0,0.0,0.0
8929ac49c8bffff,0.0,0.0,0.0,0.0
8929ac49c8fffff,0.0,0.0,4314.0,0.0
8929ac49c93ffff,0.0,0.0,0.0,0.0
8929ac49c97ffff,0.0,0.0,0.0,0.0
8929ac49c9bffff,0.0,0.0,0.0,0.0
8929ac49ca3ffff,3.25744652932686,0.0,5293.0,3772.0
8929ac49ca7ffff,6.590774883537826,9.822784810126581,10259.0,7631.0
8929ac49cb3ffff,0.0,0.0,1843.0,0.0
8929ac49cb7ffff,3.316711501869956,0.0,12165.0,3840.0
8929ac49cbbffff,0.13777719459388532,0.0,12142.0,160.0
8929ac49cc7ffff,0.28868549683430106,0.0,5581.0,334.0
8929ac49cd3ffff,0.0557742782152231,0.0,0.0,65.0
8929ac49cd7ffff,1.3580449401344925,0.0,0.0,1573.0
8929ac49d03ffff,1.3713460844460483,0.0,6492.0,1587.0
8929ac49d07ffff,1.4137173221373045,3.0276046304541406,6273.0,1636.0
8929ac49d0bffff,0.2952368455583257,0.0,4297.0,342.0
8929ac49d0fffff,0.0,0.0,0.0,0.0
8929ac49d13ffff,0.8890492749819565,0.0,0.0,1029.0
8929ac49d17ffff,4.639107611548556,14.798488664987405,7793.0,5370.0
8929ac49d1bffff,0.0,0.0,0.0,0.0
8929ac49d43ffff,0.22962865765647553,0.0,720.0,266.0
8929ac49d4bffff,0.0,0.0,0.0,0.0
8929ac49d4fffff,0.0,0.0,0.0,0.0
8929ac49d53ffff,2.2007937288858277,0.12853470437017994,13427.0,2548.0
8929ac49d57ffff,0.02624327516074006,0.0,7119.0,30.0
8929ac49d5bffff,4.375204985241063,0.7840772014475271,9475.0,5065.0
8929ac49d63ffff,0.006559527714004592,0.0,0.0,8.0
8929ac49d67ffff,0.0,0.0,0.0,0.0
8929ac49d6bffff,0.0,0.0,0.0,0.0
8929ac49d6fffff,0.0,0.0,0.0,0.0
8929ac49d73ffff,0.026240692754288714,0.0,0.0,30.0
8929ac49d77ffff,0.026238971432319853,0.0,0.0,30.0
8929ac49d7bffff,0.013117764732889517,0.0,0.0,15.0
8929ac49d83ffff,0.38056494209507563,0.0,6019.0,441.0
8929ac49d8bffff,0.07545684196712707,0.0,0.0,87.0
8929ac49d8fffff,1.2171117380749295,0.0,6492.0,1409.0
8929ac49d93ffff,0.0,0.0,1250.0,0.0
8929ac49d9bffff,0.02624758030119099,0.0,0.0,30.0
8929ac49dc3ffff,0.0,0.0,0.0,0.0
8929ac49dc7ffff,0.0,0.0,0.0,0.0
8929ac49dcbffff,7.833360669181564,9.859154929577464,13640.0,9069.0
8929ac49dcfffff,0.0,0.0,0.0,0.0
8929ac49dd3ffff,0.0,0.0,58.0,0.0
8929ac49dd7ffff,0.0,0.0,0.0,0.0
8929ac49ddbffff,6.046786311886873,2.585901523202267,15840.0,7001.0
8929ac4c00bffff,0.8601726911586066,0.0,0.0,994.0
8929ac4c01bffff,3.382039074043671,0.0,0.0,3909.0
8929ac4c043ffff,0.0,0.0,0.0,0.0
8929ac4c047ffff,0.0,0.0,0.0,0.0
8929ac4c04bffff,0.0,0.0,0.0,0.0
8929ac4c04fffff,0.0,0.0,0.0,0.0
8929ac4c053ffff,0.0,0.0,0.0,0.0
8929ac4c057ffff,0.0,0.0,0.0,0.0
8929ac4c05bffff,0.0,0.0,0.0,0.0
8929ac4c063ffff,0.12145881889505301,0.0,0.0,140.0
8929ac4c06bffff,0.062372792331429325,0.0,0.0,72.0
8929ac4c06fffff,0.0,0.0,0.0,0.0
8929ac4c073ffff,0.0,0.0,0.0,0.0
8929ac4c07bffff,0.0,0.0,0.0,0.0
8929ac4c0c3ffff,0.0,0.0,0.0,0.0
8929ac4c0c7ffff,0.0,0.0,0.0,0.0
8929ac4c0cbffff,0.0,0.0,0.0,0.0
8929ac4c0cfffff,0.0,0.0,0.0,0.0
8929ac4c0d3ffff,0.1411872865773575,0.0,0.0,163.0
8929ac4c0d7ffff,0.0,0.0,0.0,0.0
8929ac4c0dbffff,0.0032838565611454087,0.0,0.0,4.0
8929ac4c123ffff,21.83334427736555,0.0,6492.0,25225.0
8929ac4c127ffff,0.0,0.0,5017.0,0.0
8929ac4c12bffff,0.8273145108338806,0.0,4257.0,956.0
8929ac4c12fffff,0.0,0.0,0.0,0.0
8929ac4c14fffff,27.761546794471982,0.0,4274.0,32078.0
8929ac4c163ffff,0.05581456431807735,0.0,1106.0,64.0
8929ac4c167ffff,0.00984898227183191,0.0,0.0,11.0
8929ac4c16bffff,0.11817614811410564,0.0,0.0,137.0
8929ac4c16fffff,0.02625878027965601,0.0,0.0,30.0
8929ac4c173ffff,91.10636900853578,0.0,2586.0,105268.0
8929ac4c177ffff,36.572554169402494,0.0,7050.0,42256.0
8929ac4c17bffff,35.108338804990154,0.0,7125.0,40566.0
8929ac4c203ffff,28.879480110279637,0.0,248.0,33381.0
8929ac4c207ffff,11.258452044902514,0.0,6417.0,13013.0
8929ac4c20bffff,2.3957205211512584,0.7428040854224698,24630.0,2769.0
8929ac4c20fffff,0.16079808354937158,0.0,8928.0,186.0
8929ac4c213ffff,15.558327315696186,11.751326762699014,20114.0,17984.0
8929ac4c217ffff,23.101161951027375,15.284360189573459,8237.0,26702.0
8929ac4c21bffff,3.016378376604195,0.45454545454545453,26490.0,3487.0
8929ac4c223ffff,3.9283252929014476,0.7341826819261499,26479.0,4540.0
8929ac4c227ffff,1.8838201509681654,0.19631901840490798,23426.0,2177.0
8929ac4c22bffff,4.253224377276755,0.7196710075394105,33373.0,4916.0
8929ac4c22fffff,3.065108952480966,0.30840400925212025,22343.0,3542.0
8929ac4c233ffff,1.677334646315444,0.0,1935.0,1939.0
8929ac4c237ffff,1.7167804621848741,0.26650873556411014,19400.0,1984.0
8929ac4c23bffff,7.5814762545538095,0.18235696375655347,25223.0,8763.0
8929ac4c243ffff,0.0,0.0,27325.0,0.0
8929ac4c247ffff,1.4373851404568128,0.2743484224965706,29313.0,1661.0
8929ac4c24bffff,0.006563617866167831,0.0,16623.0,8.0
8929ac4c24fffff,0.0,0.0,9481.0,0.0
8929ac4c253ffff,0.03938299967180833,0.0,27590.0,46.0
8929ac4c257ffff,0.40363600564434093,0.0,27671.0,467.0
8929ac4c25bffff,0.6202008269344359,0.0,29779.0,717.0
8929ac4c263ffff,5.805901079786012,1.0317961676142346,27072.0,6710.0
8929ac4c267ffff,8.187844578629562,0.6490787269681741,27331.0,9463.0
8929ac4c26bffff,3.9047119044494023,0.08820286659316429,26099.0,4513.0
8929ac4c26fffff,5.516358743805992,0.6399069226294357,29514.0,6376.0
8929ac4c273ffff,5.5787090211006465,0.6820396232543033,35228.0,6448.0
8929ac4c277ffff,3.8524643958784535,1.653225806451613,14049.0,4453.0
8929ac4c27bffff,1.844437151296357,2.1681997371879107,8577.0,2132.0
8929ac4c283ffff,0.9453781512605042,0.0,9418.0,1093.0
8929ac4c287ffff,0.0,0.0,0.0,0.0
8929ac4c28bffff,0.0,0.0,20436.0,0.0
8929ac4c28fffff,0.9912364197328256,0.0,18374.0,1146.0
8929ac4c293ffff,3.1810124089028955,0.0,8611.0,3677.0
8929ac4c297ffff,0.013132838663077023,0.0,0.0,15.0
8929ac4c29bffff,0.0,0.0,11773.0,0.0
8929ac4c2a3ffff,0.0,0.0,0.0,0.0
8929ac4c2a7ffff,0.04595135720615748,0.0,0.0,53.0
8929ac4c2abffff,0.0,0.0,0.0,0.0
8929ac4c2afffff,0.0,0.0,0.0,0.0
8929ac4c2b3ffff,0.0,0.0,0.0,0.0
8929ac4c2b7ffff,0.0,0.0,0.0,0.0
8929ac4c2bbffff,0.0,0.0,0.0,0.0
8929ac4c2c3ffff,0.0,0.0,20419.0,0.0
8929ac4c2c7ffff,0.0,0.0,25574.0,0.0
8929ac4c2cbffff,0.02625533311453889,0.0,10074.0,30.0
8929ac4c2cfffff,0.09189366590088612,0.0,30799.0,106.0
8929ac4c2d3ffff,0.7450928904352393,0.0,15667.0,861.0
8929ac4c2d7ffff,0.0,0.0,6572.0,0.0
8929ac4c2dbffff,0.6007090336134454,0.0,9913.0,694.0
8929ac4c303ffff,0.0,0.0,0.0,0.0
8929ac4c307ffff,0.0,0.0,0.0,0.0
8929ac4c30bffff,0.003282563025210084,0.0,9757.0,4.0
8929ac4c30fffff,0.0,0.0,0.0,0.0
8929ac4c313ffff,0.0,0.0,0.0,0.0
8929ac4c317ffff,0.0,0.0,0.0,0.0
8929ac4c31bffff,0.0,0.0,14705.0,0.0
8929ac4c323ffff,0.0,0.0,0.0,0.0
8929ac4c327ffff,0.0,0.0,0.0,0.0
8929ac4c32bffff,0.0,0.0,0.0,0.0
8929ac4c32fffff,0.0,0.0,0.0,0.0
8929ac4c333ffff,0.0,0.0,0.0,0.0
8929ac4c337ffff,0.0,0.0,0.0,0.0
8929ac4c33bffff,0.0,0.0,0.0,0.0
8929ac4c343ffff,0.9583196586806696,0.13901760889712697,12413.0,1107.0
8929ac4c347ffff,0.0,0.0,16428.0,0.0
8929ac4c34bffff,0.0,0.0,0.0,0.0
8929ac4c34fffff,0.0,0.0,0.0,0.0
8929ac4c353ffff,0.14768624876928127,0.0,23437.0,171.0
8929ac4c357ffff,0.19692792437967704,0.0,25718.0,228.0
8929ac4c35bffff,2.6811499081123658,0.0,29854.0,3098.0
8929ac4c363ffff,0.0,0.0,0.0,0.0
8929ac4c367ffff,0.0,0.0,0.0,0.0
8929ac4c36bffff,0.0,0.0,0.0,0.0
8929ac4c36fffff,0.0,0.0,0.0,0.0
8929ac4c373ffff,0.0,0.0,0.0,0.0
8929ac4c377ffff,0.0,0.0,0.0,0.0
8929ac4c37bffff,0.0,0.0,0.0,0.0
8929ac4c387ffff,0.0,0.0,4257.0,0.0
8929ac4c38bffff,0.0,0.0,4844.0,0.0
8929ac4c38fffff,0.0,0.0,4833.0,0.0
8929ac4c3a3ffff,0.0,0.0,0.0,0.0
8929ac4c3a7ffff,0.0,0.0,0.0,0.0
8929ac4c3abffff,0.0,0.0,0.0,0.0
8929ac4c3afffff,0.0,0.0,0.0,0.0
8929ac4c3b3ffff,0.0,0.0,5967.0,0.0
8929ac4c3b7ffff,0.0,0.0,0.0,0.0
8929ac4c3bbffff,0.0,0.0,0.0,0.0
8929ac4c3c3ffff,0.04266911740571767,0.0,6486.0,49.0
8929ac4c3c7ffff,0.0,0.0,21208.0,0.0
8929ac4c3cbffff,1.3752584763842846,0.10270455323519344,16808.0,1589.0
8929ac4c3cfffff,0.0,0.0,8110.0,0.0
8929ac4c3d3ffff,0.04267051795444102,0.0,0.0,49.0
8929ac4c3d7ffff,0.0,0.0,0.0,0.0
8929ac4c3dbffff,0.0,0.0,0.0,0.0
8929ac4c46bffff,0.0,0.0,0.0,0.0
8929ac4c46fffff,0.0,0.0,0.0,0.0
8929ac4c603ffff,0.154305788108605,0.0,0.0,178.0
8929ac4c607ffff,0.01969796454366382,0.0,6267.0,23.0
8929ac4c60bffff,0.08207485226526592,0.0,0.0,95.0
8929ac4c60fffff,0.0,0.0,0.0,0.0
8929ac4c617ffff,1.2476196729923172,0.0,6480.0,1442.0
8929ac4c61bffff,3.5326176171246595,0.0,0.0,4084.0
8929ac4c623ffff,0.0,0.0,0.0,0.0
8929ac4c627ffff,0.0,0.0,0.0,0.0
8929ac4c62bffff,0.0032831018746511706,0.0,6307.0,4.0
8929ac4c62fffff,0.3118639616571466,0.0,0.0,361.0
8929ac4c633ffff,0.0,0.0,0.0,0.0
8929ac4c637ffff,0.0,0.0,0.0,0.0
8929ac4c63bffff,0.14117338061000032,0.0,6451.0,163.0
8929ac4c643ffff,1.1523687580025608,0.0,0.0,1332.0
8929ac4c647ffff,0.10506270930461618,0.0,0.0,121.0
8929ac4c64bffff,0.09519120301985885,0.0,6186.0,110.0
8929ac4c64fffff,1.6215329066141475,0.0,0.0,1875.0
8929ac4c653ffff,1.3624872779802357,0.0,0.0,1575.0
8929ac4c657ffff,0.531810124089029,0.0,0.0,615.0
8929ac4c65bffff,0.9816796900650077,0.0,6486.0,1135.0
8929ac4c663ffff,0.0,0.0,0.0,0.0
8929ac4c667ffff,0.0,0.0,0.0,0.0
8929ac4c66bffff,0.23961137005186112,0.0,0.0,277.0
8929ac4c66fffff,0.0,0.0,5190.0,0.0
8929ac4c673ffff,0.44979972421038805,0.0,0.0,520.0
8929ac4c677ffff,0.0,0.0,0.0,0.0
8929ac4c67bffff,5.764559122841574,0.0,0.0,6664.0
8929ac4c6a3ffff,0.0,0.0,0.0,0.0
8929ac4c6a7ffff,0.1280577901822361,0.0,0.0,148.0
8929ac4c6abffff,0.15760441292356187,0.0,0.0,182.0
8929ac4c6afffff,0.0,0.0,0.0,0.0
8929ac4c6cfffff,0.0,0.0,0.0,0.0
8929ac4c803ffff,1.437526666447865,0.0,0.0,1660.0
8929ac4c807ffff,5.848951324383759,0.0,0.0,6754.0
8929ac4c80bffff,0.8631157494010699,0.0,0.0,997.0
8929ac4c80fffff,0.4464139176103726,0.0,0.0,516.0
8929ac4c813ffff,0.4332983193277311,0.0,0.0,500.0
8929ac4c817ffff,1.4277743131913216,0.0,0.0,1649.0
8929ac4c81bffff,0.026260504201680673,0.0,0.0,30.0
8929ac4c823ffff,0.09846396218983852,0.0,0.0,114.0
8929ac4c827ffff,0.7712250992747203,0.0,0.0,891.0
8929ac4c82bffff,0.40697101972496635,0.0,0.0,470.0
8929ac4c82fffff,0.24942566458811946,0.0,0.0,288.0
8929ac4c833ffff,0.843480258623519,0.0,0.0,974.0
8929ac4c837ffff,0.9879217539713799,0.0,0.0,1141.0
8929ac4c83bffff,0.9254701191296643,0.0,0.0,1069.0
8929ac4c843ffff,0.026254471464671324,0.0,0.0,30.0
8929ac4c847ffff,0.1772002362669817,0.0,0.0,205.0
8929ac4c84bffff,0.07219505792012601,0.0,0.0,83.0
8929ac4c84fffff,0.45621635814625183,0.0,0.0,527.0
8929ac4c853ffff,0.18048764480031504,0.0,0.0,208.0
8929ac4c857ffff,0.0,0.0,0.0,0.0
8929ac4c85bffff,0.009846396218983852,0.0,0.0,11.0
8929ac4c863ffff,3.0616263043906278,0.0,0.0,3536.0
8929ac4c867ffff,0.4495783152298757,0.0,0.0,519.0
8929ac4c86bffff,0.23629024318204192,0.0,0.0,273.0
8929ac4c86fffff,0.09517245905943356,0.0,0.0,110.0
8929ac4c873ffff,0.16737774860518542,0.0,0.0,193.0
8929ac4c877ffff,0.14768624876928127,0.0,0.0,171.0
8929ac4c87bffff,0.5907256079551049,0.0,0.0,682.0
8929ac4c887ffff,0.4168991891803171,0.0,0.0,481.0
8929ac4c88bffff,0.0,0.0,0.0,0.0
8929ac4c88fffff,1.2244763968222705,0.0,0.0,1414.0
8929ac4c897ffff,0.0,0.0,0.0,0.0
8929ac4c89bffff,0.13131545254587834,0.0,0.0,152.0
8929ac4c8a3ffff,0.6302314130969966,0.0,0.0,728.0
8929ac4c8a7ffff,0.5482240168078262,0.0,0.0,633.0
8929ac4c8abffff,0.9289653361344538,0.0,0.0,1073.0
8929ac4c8afffff,1.211265756302521,0.0,0.0,1399.0
8929ac4c8b3ffff,0.0,0.0,0.0,0.0
8929ac4c8b7ffff,1.0767160161507403,0.0,0.0,1243.0
8929ac4c8bbffff,0.5875209242787278,0.0,0.0,678.0
8929ac4c8c3ffff,0.0,0.0,0.0,0.0
8929ac4c8c7ffff,0.0,0.0,0.0,0.0
8929ac4c8cfffff,0.0,0.0,0.0,0.0
8929ac4c8d3ffff,0.0,0.0,0.0,0.0
8929ac4c8d7ffff,0.0,0.0,0.0,0.0
8929ac4c953ffff,0.505448339241171,0.0,0.0,584.0
8929ac4c95bffff,0.3642927469642271,0.0,0.0,421.0
8929ac4c9c3ffff,1.5460364352535698,0.0,0.0,1785.0
8929ac4c9cbffff,0.0,0.0,0.0,0.0
8929ac4c9d3ffff,1.884129328737896,0.0,0.0,2176.0
8929ac4c9d7ffff,0.47926993401831736,0.0,0.0,553.0
8929ac4c9dbffff,0.9978336506269284,0.0,0.0,1152.0
8929ac4ca03ffff,2.6312335958005253,0.0,0.0,3039.0
8929ac4ca07ffff,2.745972901151537,0.0,0.0,3171.0
8929ac4ca0bffff,0.8038848968074285,0.0,12730.0,928.0
8929ac4ca0fffff,5.161777252740041,0.0,0.0,5961.0
8929ac4ca13ffff,0.17063726455338976,0.0,0.0,197.0
8929ac4ca17ffff,1.4601653760336002,0.0,0.0,1686.0
8929ac4ca1bffff,0.03281162844111953,0.0,363.0,38.0
8929ac4ca23ffff,3.0872703412073492,0.0,0.0,3565.0
8929ac4ca27ffff,0.0,0.0,0.0,0.0
8929ac4ca2bffff,2.13575670089564,0.0,0.0,2466.0
8929ac4ca2fffff,0.7317473338802296,0.0,0.0,845.0
8929ac4ca33ffff,2.4018112018899496,0.0,0.0,2774.0
8929ac4ca37ffff,1.187703008628892,0.0,0.0,1372.0
8929ac4ca3bffff,4.101049868766404,0.0,0.0,4736.0
8929ac4ca43ffff,0.0032807322594403075,0.0,33368.0,4.0
8929ac4ca47ffff,0.06889311724952431,0.0,14999.0,80.0
8929ac4ca4bffff,0.006561464518880615,0.0,25880.0,8.0
8929ac4ca4fffff,0.0,0.0,253.0,0.0
8929ac4ca53ffff,0.0,0.0,34358.0,0.0
8929ac4ca57ffff,0.0,0.0,22804.0,0.0
8929ac4ca5bffff,0.07217610970768674,0.0,35297.0,83.0
8929ac4ca63ffff,2.8901354853524914,0.0,0.0,3338.0
8929ac4ca67ffff,4.68847403130024,0.0,0.0,5414.0
8929ac4ca6bffff,2.7035007710226715,0.0,0.0,3122.0
8929ac4ca6fffff,1.3253288718302005,0.0,10529.0,1531.0
8929ac4ca73ffff,3.0216535433070866,0.0,0.0,3490.0
8929ac4ca77ffff,1.8797979135227345,0.0,0.0,2171.0
8929ac4ca7bffff,2.165141226257258,0.0,0.0,2501.0
8929ac4ca87ffff,0.2461033634126333,0.0,0.0,284.0
8929ac4ca97ffff,0.0,0.0,0.0,0.0
8929ac4caa3ffff,1.04019688269073,0.0,0.0,1201.0
8929ac4caa7ffff,0.07218321412166152,0.0,0.0,83.0
8929ac4caabffff,2.2378264864155404,0.0,0.0,2584.0
8929ac4caafffff,0.5873281490960397,0.0,0.0,678.0
8929ac4cab3ffff,0.8728179551122194,0.0,0.0,1008.0
8929ac4cab7ffff,1.4143668165261052,0.0,0.0,1633.0
8929ac4cabbffff,1.7456359102244388,0.0,0.0,2016.0
8929ac4cac3ffff,0.0,0.0,0.0,0.0
8929ac4cac7ffff,0.0,0.0,0.0,0.0
8929ac4cacbffff,0.0,0.0,7672.0,0.0
8929ac4cacfffff,0.0,0.0,2845.0,0.0
8929ac4cad3ffff,0.0,0.0,0.0,0.0
8929ac4cadbffff,0.0,0.0,0.0,0.0
8929ac4cb03ffff,0.0,0.0,0.0,0.0
8929ac4cb0bffff,0.0,0.0,0.0,0.0
8929ac4cb0fffff,0.0,0.0,0.0,0.0
8929ac4cb43ffff,0.0,0.0,9688.0,0.0
8929ac4cb47ffff,0.0,0.0,14959.0,0.0
8929ac4cb4bffff,0.0,0.0,11100.0,0.0
8929ac4cb4fffff,0.0032807322594403075,0.0,17741.0,4.0
8929ac4cb57ffff,0.0,0.0,0.0,0.0
8929ac4cb5bffff,0.0,0.0,3439.0,0.0
8929ac4cb63ffff,5.041989240257184,0.0,0.0,5821.0
8929ac4cb67ffff,0.08856524306238929,0.0,5276.0,102.0
8929ac4cb6bffff,19.200866056490504,3.9864291772688722,6520.0,22168.0
8929ac4cb73ffff,0.0,0.0,524.0,0.0
8929ac4cb77ffff,0.0,0.0,0.0,0.0
8929ac4cb7bffff,0.0,0.0,1475.0,0.0
8929ac4cb93ffff,0.5874245208716198,0.0,0.0,678.0
8929ac4cbc3ffff,0.8530743487105453,0.0,0.0,985.0
8929ac4cbcbffff,0.0,0.0,0.0,0.0
8929ac4cbd3ffff,0.6398687448728466,0.0,0.0,739.0
8929ac4cbd7ffff,0.029532403609516,0.0,0.0,34.0
8929ac4cbdbffff,1.5945405032973523,0.0,0.0,1841.0
8929ac4cc03ffff,0.0820856317310218,0.0,0.0,95.0
8929ac4cc0bffff,0.3217334208798424,0.0,0.0,372.0
8929ac4cc0fffff,0.15431085429115504,0.0,0.0,178.0
8929ac4cc13ffff,0.07880738162474552,0.0,6388.0,91.0
8929ac4cc1bffff,0.679624400814236,0.0,0.0,785.0
8929ac4cc43ffff,0.0,0.0,0.0,0.0
8929ac4cc47ffff,0.09520682862770848,0.0,0.0,110.0
8929ac4cc4bffff,0.0,0.0,0.0,0.0
8929ac4cc4fffff,0.0,0.0,0.0,0.0
8929ac4cc53ffff,0.0,0.0,0.0,0.0
8929ac4cc57ffff,0.15430072225869992,0.0,0.0,178.0
8929ac4cc5bffff,0.0,0.0,0.0,0.0
8929ac4cc63ffff,0.0,0.0,0.0,0.0
8929ac4cc67ffff,0.0,0.0,0.0,0.0
8929ac4cc6bffff,0.0,0.0,0.0,0.0
8929ac4cc6fffff,0.0,0.0,0.0,0.0
8929ac4cc73ffff,0.0,0.0,0.0,0.0
8929ac4cc77ffff,0.0,0.0,0.0,0.0
8929ac4cc7bffff,0.0,0.0,0.0,0.0
8929ac4ccc7ffff,0.1773224312875579,0.0,5219.0,205.0
8929ac4cccbffff,0.009849952391896772,0.0,5322.0,11.0
8929ac4cccfffff,0.5286141116984601,0.0,5685.0,611.0
8929ac4cd03ffff,0.0,0.0,0.0,0.0
8929ac4cd07ffff,0.0,0.0,0.0,0.0
8929ac4cd0bffff,0.47276666994976857,0.0,0.0,546.0
8929ac4cd0fffff,0.01641604832884628,0.0,0.0,19.0
8929ac4cd13ffff,0.049249761959483856,0.0,0.0,57.0
8929ac4cd17ffff,1.1688993958497504,0.0,0.0,1350.0
8929ac4cd1bffff,0.722424720060421,0.0,0.0,834.0
8929ac4cd23ffff,1.0540141191922507,0.0,0.0,1217.0
8929ac4cd27ffff,1.1885609219555437,0.0,0.0,1372.0
8929ac4cd2bffff,2.4655285620485885,0.0,0.0,2847.0
8929ac4cd2fffff,1.2278801011195377,0.0,0.0,1418.0
8929ac4cd33ffff,0.7552126087670333,0.0,0.0,872.0
8929ac4cd37ffff,0.9424049385959152,0.0,0.0,1088.0
8929ac4cd3bffff,0.9915618741176085,0.0,0.0,1145.0
8929ac4cd43ffff,0.17401011228577057,0.0,0.0,201.0
8929ac4cd47ffff,0.03611412062116288,0.0,0.0,42.0
8929ac4cd4bffff,0.0032828863136469583,0.0,0.0,4.0
8929ac4cd4fffff,0.14774443495961653,0.0,0.0,171.0
8929ac4cd53ffff,0.03939592908732764,0.0,0.0,45.0
8929ac4cd57ffff,0.2856111092872854,0.0,0.0,330.0
8929ac4cd5bffff,0.41695393808069864,0.0,0.0,482.0
8929ac4cd63ffff,1.4936642374105442,0.0,0.0,1725.0
8929ac4cd67ffff,1.0964120408364246,0.0,0.0,1266.0
8929ac4cd6bffff,1.9205515430072226,0.0,0.0,2218.0
8929ac4cd6fffff,0.71238633006139,0.0,0.0,823.0
8929ac4cd73ffff,0.5811090318132572,0.0,0.0,671.0
8929ac4cd77ffff,0.6894740298115437,0.0,0.0,796.0
8929ac4cd7bffff,0.48258428810610293,0.0,0.0,557.0
8929ac4cd8fffff,0.0,0.0,0.0,0.0
8929ac4cda3ffff,1.1395356474335818,0.0,0.0,1316.0
8929ac4cda7ffff,0.9884083669917578,0.0,0.0,1141.0
8929ac4cdabffff,0.2725690453515484,0.0,0.0,315.0
8929ac4cdafffff,0.6796467150408773,0.0,0.0,785.0
8929ac4cdb3ffff,0.013135857607303536,0.0,0.0,15.0
8929ac4cdb7ffff,1.1331165632081979,0.0,0.0,1308.0
8929ac4cdbbffff,0.31854454697711077,0.0,0.0,368.0
8929ac4cdcfffff,0.22000394036908125,0.0,0.0,254.0
8929ac4ce03ffff,0.0,0.0,0.0,0.0
8929ac4ce13ffff,0.0,0.0,0.0,0.0
8929ac4ce17ffff,0.0,0.0,0.0,0.0
8929ac4ce1bffff,0.0,0.0,0.0,0.0
8929ac4ce2fffff,0.1903574124520004,0.0,0.0,220.0
8929ac4ce43ffff,0.0,0.0,0.0,0.0
8929ac4ce4bffff,0.0,0.0,0.0,0.0
8929ac4ce4fffff,0.0,0.0,0.0,0.0
8929ac4ce53ffff,0.0,0.0,0.0,0.0
8929ac4ce5bffff,0.0,0.0,0.0,0.0
8929ac4ce83ffff,0.04924491135915955,0.0,0.0,57.0
8929ac4ce87ffff,0.013130683123789514,0.0,0.0,15.0
8929ac4ce8bffff,0.0,0.0,0.0,0.0
8929ac4ce8fffff,0.05908613445378151,0.0,0.0,68.0
8929ac4ce93ffff,0.0393946357637635,0.0,0.0,46.0
8929ac4ce97ffff,0.0,0.0,0.0,0.0
8929ac4ce9bffff,0.05252790544977019,0.0,0.0,61.0
8929ac4cea3ffff,0.16085614864421247,0.0,0.0,186.0
8929ac4cea7ffff,0.013128097410482787,0.0,0.0,15.0
8929ac4ceabffff,0.0,0.0,0.0,0.0
8929ac4ceb3ffff,0.0,0.0,0.0,0.0
8929ac4ceb7ffff,0.0,0.0,0.0,0.0
8929ac4cebbffff,0.0,0.0,0.0,0.0
8929ac4cec3ffff,0.029543067226890755,0.0,0.0,34.0
8929ac4cec7ffff,0.0,0.0,0.0,0.0
8929ac4cecbffff,0.0,0.0,0.0,0.0
8929ac4cecfffff,0.0,0.0,0.0,0.0
8929ac4ced3ffff,0.03282563025210084,0.0,0.0,38.0
8929ac4ced7ffff,0.0,0.0,0.0,0.0
8929ac4cedbffff,0.0,0.0,0.0,0.0
8929ac4d003ffff,0.8727606798346348,0.10914647456887142,26358.0,1009.0
8929ac4d007ffff,1.699475065616798,0.6930869024346898,32187.0,1965.0
8929ac4d00bffff,1.3288273508760418,0.4104943780117794,32141.0,1537.0
8929ac4d00fffff,7.203542725930785,4.838946903956464,37267.0,8329.0
8929ac4d013ffff,0.029526590334962764,0.0,35810.0,34.0
8929ac4d017ffff,0.0,0.0,25834.0,0.0
8929ac4d01bffff,4.770497719741462,0.47761194029850745,28806.0,5516.0
8929ac4d023ffff,12.872748745202244,1.0200364298724955,31300.0,14883.0
8929ac4d027ffff,12.310164988355693,1.6151827175449223,28068.0,14232.0
8929ac4d02bffff,11.133709486943971,0.5164622336991607,26628.0,12872.0
8929ac4d02fffff,10.158761398674802,0.27739251040221913,8283.0,11745.0
8929ac4d033ffff,5.798004987531172,0.47732696897374705,36029.0,6704.0
8929ac4d037ffff,12.927357438152109,0.9234111895708854,31519.0,14946.0
8929ac4d03bffff,9.103434701308927,1.1290679654638034,25724.0,10525.0
8929ac4d043ffff,2.5159914712153517,0.0332667997338656,34618.0,2909.0
8929ac4d047ffff,7.1697989438814,2.232142857142857,25229.0,8290.0
8929ac4d04bffff,9.030078394069603,2.9404557706444496,22815.0,10442.0
8929ac4d04fffff,9.158602591438413,1.3751375137513753,30983.0,10590.0
8929ac4d053ffff,0.09185447626545944,0.0,29733.0,106.0
8929ac4d057ffff,0.31167979002624674,0.024113817217265493,23881.0,360.0
8929ac4d05bffff,0.5904543217976054,0.02280501710376283,25252.0,683.0
8929ac4d063ffff,3.8409814019090103,0.19409100711667027,26657.0,4441.0
8929ac4d067ffff,5.665081187469247,1.188575483413163,32083.0,6550.0
8929ac4d06bffff,5.038543546006233,0.8522727272727272,28143.0,5826.0
8929ac4d06fffff,9.894039300593773,3.541105819010147,26830.0,11439.0
8929ac4d073ffff,4.7500328040939515,1.4375144910734987,24486.0,5492.0
8929ac4d077ffff,6.140926387613174,2.607561929595828,30119.0,7100.0
8929ac4d07bffff,7.406921436772183,3.221010901883053,22499.0,8564.0
8929ac4d083ffff,0.016407967709119547,0.0,0.0,19.0
8929ac4d087ffff,0.0,0.0,15454.0,0.0
8929ac4d08bffff,0.0,0.0,7021.0,0.0
8929ac4d08fffff,0.0,0.0,5167.0,0.0
8929ac4d093ffff,0.7712250992747203,0.0,6255.0,892.0
8929ac4d097ffff,0.0,0.0,8853.0,0.0
8929ac4d09bffff,2.22805578342904,0.0,5247.0,2576.0
8929ac4d0a3ffff,0.0,0.0,28212.0,0.0
8929ac4d0a7ffff,0.0,0.0,30701.0,0.0
8929ac4d0abffff,0.0,0.0,25396.0,0.0
8929ac4d0afffff,1.2073886938547853,0.07209805335255948,23950.0,1396.0
8929ac4d0b3ffff,0.0,0.0,18507.0,0.0
8929ac4d0b7ffff,0.0,0.0,28564.0,0.0
8929ac4d0bbffff,0.0,0.0,12148.0,0.0
8929ac4d0c3ffff,0.3904327569802159,0.0,24198.0,451.0
8929ac4d0c7ffff,2.332524112591037,0.8745845723281442,32642.0,2697.0
8929ac4d0cbffff,0.8464566929133858,0.0,26749.0,979.0
8929ac4d0cfffff,0.6561679790026247,0.06665185514330149,25908.0,759.0
8929ac4d0d3ffff,0.0,0.0,27452.0,0.0
8929ac4d0d7ffff,0.0,0.0,24918.0,0.0
8929ac4d0dbffff,0.6003740034775762,0.0,20039.0,694.0
8929ac4d103ffff,1.8734210439975065,0.0,10541.0,2166.0
8929ac4d107ffff,7.49015748031496,0.6597549481621112,24284.0,8658.0
8929ac4d10bffff,3.2214677033100414,1.5584415584415585,8732.0,3724.0
8929ac4d10fffff,2.5752903352798375,0.25380710659898476,11318.0,2977.0
8929ac4d113ffff,1.2960167990025593,2.075098814229249,5708.0,1498.0
8929ac4d117ffff,5.115500721879512,0.8244023083264632,27717.0,5913.0
8929ac4d11bffff,0.6102962890048234,0.0,12655.0,705.0
8929ac4d123ffff,1.801062922380421,0.2587991718426501,22199.0,2082.0
8929ac4d127ffff,3.7694377009382585,1.1436111722014515,25891.0,4357.0
8929ac4d12bffff,13.108515942789662,0.9054325955734407,22694.0,15151.0
8929ac4d12fffff,7.682718803306653,1.38863511785127,31087.0,8879.0
8929ac4d133ffff,4.140691646433494,0.6040408248281608,27487.0,4786.0
8929ac4d137ffff,3.8225547133904256,0.7995638742504089,31444.0,4418.0
8929ac4d13bffff,1.2958042187448742,0.05918327086210298,29180.0,1498.0
8929ac4d143ffff,5.186327253641254,0.08622176237282289,33373.0,5995.0
8929ac4d147ffff,1.9977037887485647,2.0353982300884956,6376.0,2309.0
8929ac4d14bffff,13.5284083453615,2.719707732900345,27608.0,15639.0
8929ac4d14fffff,2.6312335958005253,0.39370078740157477,11658.0,3042.0
8929ac4d153ffff,13.027787802237459,1.809242871189774,28760.0,15061.0
8929ac4d157ffff,0.2755634287963783,0.0,12309.0,319.0
8929ac4d15bffff,10.640949944236699,1.0867628719045075,31980.0,12302.0
8929ac4d163ffff,12.141990092188577,1.4221073044602457,26352.0,14035.0
8929ac4d167ffff,15.396981627296588,2.3877405559515323,15777.0,17796.0
8929ac4d16bffff,11.467558879485667,2.56993006993007,32100.0,13255.0
8929ac4d16fffff,13.257240316179605,1.9588247051768939,28253.0,15323.0
8929ac4d173ffff,0.08528784648187633,0.0,12482.0,99.0
8929ac4d177ffff,4.753625090217177,0.0,9999.0,5495.0
8929ac4d17bffff,3.8088051965094154,0.4365450576863112,18392.0,4403.0
8929ac4d183ffff,2.7069593463923614,1.349654739485248,18104.0,3129.0
8929ac4d187ffff,0.2100082034454471,0.0,10040.0,243.0
8929ac4d18bffff,1.591311765863902,0.6962576153176675,13144.0,1840.0
8929ac4d18fffff,4.6755036419712575,3.2104637336504163,23443.0,5405.0
8929ac4d193ffff,0.0,0.0,11618.0,0.0
8929ac4d197ffff,0.48573960418786305,0.0,13329.0,562.0
8929ac4d19bffff,0.39376538146021334,0.0,0.0,455.0
8929ac4d1a3ffff,0.4724874495521213,0.12855831037649218,31323.0,546.0
8929ac4d1a7ffff,3.5994356399908125,1.4476818764889134,30977.0,4160.0
8929ac4d1abffff,5.249860550579125,0.37954093620097595,31749.0,6068.0
8929ac4d1afffff,4.459100305148144,0.892468437091859,26225.0,5154.0
8929ac4d1b3ffff,0.15749064899271606,0.0,9354.0,182.0
8929ac4d1b7ffff,1.611050956458969,1.282051282051282,15967.0,1862.0
8929ac4d1bbffff,4.941431243232602,0.7000840100812098,20425.0,5712.0
8929ac4d1c3ffff,0.2559055118110236,3.450439146800502,8865.0,296.0
8929ac4d1c7ffff,0.05577610814003084,0.0,5714.0,64.0
8929ac4d1cbffff,8.291498507070907,0.8807426803142109,23985.0,9586.0
8929ac4d1cfffff,0.8400052500328128,4.015151515151516,7298.0,971.0
8929ac4d1d3ffff,0.0,0.0,8940.0,0.0
8929ac4d1d7ffff,0.4429279175825978,0.0,11359.0,512.0
8929ac4d1dbffff,1.3091410197519522,0.0,13375.0,1514.0
8929ac4d203ffff,8.362849271940181,2.16474557211133,20045.0,9670.0
8929ac4d207ffff,7.90267576075551,2.092148566055477,23990.0,9138.0
8929ac4d20bffff,6.94234931461927,1.1070998796630565,23668.0,8028.0
8929ac4d20fffff,4.4072798819478605,0.8894536213468869,17971.0,5096.0
8929ac4d213ffff,9.726822549437577,3.275926619243729,29762.0,11248.0
8929ac4d217ffff,7.798255394503836,3.8363171355498724,21658.0,9017.0
8929ac4d21bffff,9.047681511116942,2.685284640171858,20874.0,10463.0
8929ac4d223ffff,0.5575415696435013,0.055772448410485224,10322.0,645.0
8929ac4d227ffff,1.3872491145218417,0.0,9014.0,1604.0
8929ac4d22bffff,8.376791629768112,3.046594982078853,18697.0,9685.0
8929ac4d22fffff,4.4202518363064005,4.006541291905151,6762.0,5111.0
8929ac4d233ffff,1.2985309548793285,0.708215297450425,4038.0,1501.0
8929ac4d237ffff,0.5673805385195632,0.6349206349206349,3606.0,656.0
8929ac4d23bffff,0.35744736669508753,0.08561643835616438,13444.0,413.0
8929ac4d243ffff,6.739030628976192,0.7541478129713424,11370.0,7793.0
8929ac4d247ffff,5.922476552764478,0.183206106870229,18829.0,6849.0
8929ac4d24bffff,1.2626262626262625,0.3351019268360793,20557.0,1460.0
8929ac4d24fffff,0.1705253492490326,0.0,4568.0,197.0
8929ac4d253ffff,8.67355304148221,4.785276073619632,17879.0,10031.0
8929ac4d257ffff,6.2832032530989705,2.6206896551724137,12200.0,7266.0
8929ac4d25bffff,1.564036986031871,1.0873258579680598,16767.0,1809.0
8929ac4d263ffff,4.678995343956981,2.052349791790601,18968.0,5410.0
8929ac4d267ffff,5.433143156928323,0.4259346900141978,12119.0,6282.0
8929ac4d26bffff,9.295386733991279,1.056338028169014,30753.0,10748.0
8929ac4d26fffff,10.511130782597291,1.656231064431428,28045.0,12153.0
8929ac4d273ffff,0.9707782624380965,0.0,11532.0,1123.0
8929ac4d277ffff,1.3412474585164293,1.4962593516209477,2275.0,1551.0
8929ac4d27bffff,1.1672896583382517,0.2890173410404624,3974.0,1350.0
8929ac4d283ffff,7.926669290305655,2.475478748248482,24054.0,9166.0
8929ac4d287ffff,6.90605017215937,1.0556410820321092,25914.0,7986.0
8929ac4d28bffff,7.243143944364257,3.330312641594925,24578.0,8376.0
8929ac4d28fffff,5.8727034120734904,2.1075468774213544,36386.0,6791.0
8929ac4d293ffff,3.7790316231465684,0.4391033048301364,24814.0,4370.0
8929ac4d297ffff,3.6740585225036084,0.5860048259220959,16612.0,4249.0
8929ac4d29bffff,7.442028272491719,3.8549400342661335,19394.0,8606.0
8929ac4d2a3ffff,7.690289574656478,0.6535947712418301,26266.0,8892.0
8929ac4d2a7ffff,7.382990586768999,2.5961765400047203,23772.0,8536.0
8929ac4d2abffff,3.8148658400577315,1.9874264854998986,27838.0,4411.0
8929ac4d2afffff,4.238010890244703,0.8458992276572269,15529.0,4900.0
8929ac4d2b3ffff,14.017649181511004,1.095890410958904,14556.0,16209.0
8929ac4d2b7ffff,9.207807118254879,2.255825483391175,22712.0,10647.0
8929ac4d2bbffff,5.995998294354972,0.7738095238095238,28806.0,6933.0
8929ac4d2c3ffff,8.787640228301516,0.4742145820983995,19342.0,10163.0
8929ac4d2c7ffff,10.040674407924948,1.391941391941392,15506.0,11611.0
8929ac4d2cbffff,6.856861780619774,1.3321647677475899,32423.0,7930.0
8929ac4d2cfffff,7.197901295294311,1.5720756727950973,21277.0,8324.0
8929ac4d2d3ffff,10.670121691212648,0.9255962976148095,32060.0,12340.0
8929ac4d2d7ffff,7.116153997507707,1.9269776876267748,22280.0,8230.0
8929ac4d2dbffff,8.688379415526912,6.371342630571506,19722.0,10048.0
8929ac4d303ffff,3.693135229099019,1.9417475728155338,15126.0,4269.0
8929ac4d307ffff,8.25242718446602,3.5810550635348477,28846.0,9540.0
8929ac4d30bffff,8.234676811071393,4.430650684931506,25718.0,9519.0
8929ac4d30fffff,15.304148221019839,8.524970963995354,22683.0,17691.0
8929ac4d313ffff,2.840275500163988,1.4647137150466045,12787.0,3283.0
8929ac4d317ffff,3.817645129550672,2.3028209556706964,9775.0,4413.0
8929ac4d31bffff,3.4211303178403907,0.6489994591671173,10581.0,3955.0
8929ac4d323ffff,12.5836284927194,2.310109037146553,30447.0,14545.0
8929ac4d327ffff,13.01239588115695,0.916857678683059,27389.0,15040.0
8929ac4d32bffff,10.87683630640084,1.7600270773396516,33437.0,12572.0
8929ac4d32fffff,14.789309722905394,1.7613386173491854,25701.0,17094.0
8929ac4d333ffff,11.343283582089553,2.829903147699758,36985.0,13112.0
8929ac4d337ffff,14.808133814365366,0.8793141349747198,25972.0,17116.0
8929ac4d33bffff,16.953598950647645,2.4441340782122905,24140.0,19597.0
8929ac4d343ffff,5.640453859775694,0.9084167593622544,30787.0,6521.0
8929ac4d347ffff,9.36188352570829,0.8669804310131285,23052.0,10823.0
8929ac4d34bffff,10.748950682056662,1.039119804400978,18651.0,12427.0
8929ac4d34fffff,8.026492671890882,0.7395234182415776,27832.0,9279.0
8929ac4d353ffff,2.7253049980322706,0.0,1020.0,3151.0
8929ac4d357ffff,5.476846385937295,2.5902335456475587,13213.0,6332.0
8929ac4d35bffff,3.770739064856712,0.5935556811758056,20258.0,4359.0
8929ac4d363ffff,10.601042725513985,2.0741508944775733,21756.0,12254.0
8929ac4d367ffff,11.891643709825528,1.0276399716513112,16088.0,13746.0
8929ac4d36bffff,11.093985702105332,1.9554247266610598,26859.0,12824.0
8929ac4d36fffff,12.35612395474668,2.153047989623865,21727.0,14283.0
8929ac4d373ffff,12.395068205666316,0.845936939246347,22280.0,14329.0
8929ac4d377ffff,9.86063289063781,1.6523235800344231,32913.0,11398.0
8929ac4d37bffff,8.85689926547744,1.1213850088530395,28950.0,10239.0
8929ac4d383ffff,10.72729062100187,2.045188936501753,28967.0,12402.0
8929ac4d387ffff,7.140982746178574,3.64741641337386,21911.0,8255.0
8929ac4d38bffff,0.0,0.0,2638.0,0.0
8929ac4d38fffff,2.8665136110200065,0.6586169045005488,5213.0,3314.0
8929ac4d393ffff,14.828423331802377,2.4916943521594686,30430.0,17143.0
8929ac4d397ffff,11.574423411305403,1.1673151750972763,29261.0,13381.0
8929ac4d39bffff,4.704107072562656,1.4522292993630572,22280.0,5439.0
8929ac4d3a3ffff,4.1622933613224875,0.10080645161290322,5708.0,4811.0
8929ac4d3a7ffff,5.870969857981567,2.892445942151081,19918.0,6786.0
8929ac4d3abffff,3.791282673575809,0.6870229007633588,7494.0,4383.0
8929ac4d3afffff,5.805372429400768,1.5482054890921886,24175.0,6710.0
8929ac4d3b3ffff,2.0892781002984684,4.480651731160896,2701.0,2415.0
8929ac4d3b7ffff,4.952930757371995,0.6856359273225917,16687.0,5725.0
8929ac4d3bbffff,2.076294814183094,0.0,7200.0,2400.0
8929ac4d3c3ffff,0.026234669115235785,0.0,4827.0,30.0
8929ac4d3c7ffff,5.739775000819968,0.0,10529.0,6636.0
8929ac4d3cbffff,3.4633170443737495,0.0,5553.0,4004.0
8929ac4d3cfffff,3.2465403030104283,0.0,6025.0,3753.0
8929ac4d3d3ffff,3.093121658411782,0.11890606420927466,19354.0,3576.0
8929ac4d3d7ffff,0.9511003246859729,0.23217247097844113,17326.0,1100.0
8929ac4d3dbffff,0.0,0.0,19716.0,0.0
8929ac4d403ffff,1.2996389891696751,0.0,19860.0,1503.0
8929ac4d407ffff,0.25927141450607155,0.0,6399.0,300.0
8929ac4d40bffff,0.0525003281270508,0.0,23795.0,61.0
8929ac4d40fffff,0.5020508613617719,0.0,16220.0,581.0
8929ac4d413ffff,0.7449461800997638,0.0,7920.0,862.0
8929ac4d417ffff,0.019694731659281144,0.0,13104.0,23.0
8929ac4d41bffff,0.26258780279656013,0.0,26513.0,304.0
8929ac4d423ffff,0.0,0.0,0.0,0.0
8929ac4d427ffff,0.0,0.0,0.0,0.0
8929ac4d42bffff,0.15094834941261404,0.0,0.0,175.0
8929ac4d42fffff,0.0,0.0,5962.0,0.0
8929ac4d433ffff,0.0,0.0,0.0,0.0
8929ac4d437ffff,0.013129390139828005,0.0,0.0,15.0
8929ac4d43bffff,0.29535311105276973,0.0,3047.0,342.0
8929ac4d443ffff,3.547169811320755,0.28398333964407424,30338.0,4103.0
8929ac4d447ffff,0.1968956125094346,0.0,31715.0,228.0
8929ac4d44bffff,3.559828078349027,0.4826254826254826,17816.0,4117.0
8929ac4d44fffff,2.9695498096863107,0.6906655504395145,27331.0,3434.0
8929ac4d453ffff,4.581104584386178,0.3235014272121789,30171.0,5299.0
8929ac4d457ffff,1.5128642688369651,0.0,25131.0,1750.0
8929ac4d45bffff,3.671741698385615,1.1734855692990802,17948.0,4247.0
8929ac4d463ffff,0.029533372711163616,0.0,190.0,34.0
8929ac4d467ffff,1.7851868867522067,0.0,10644.0,2064.0
8929ac4d46bffff,0.03609634442475553,0.0,29301.0,42.0
8929ac4d46fffff,0.0,0.0,6751.0,0.0
8929ac4d473ffff,0.0,0.0,3214.0,0.0
8929ac4d477ffff,1.06969418558866,0.0,6198.0,1237.0
8929ac4d47bffff,0.4594230958553474,0.7918831972284088,23092.0,531.0
8929ac4d483ffff,0.3938687760527785,0.0,760.0,456.0
8929ac4d487ffff,0.2002429176377901,0.0,0.0,232.0
8929ac4d48bffff,0.0,0.0,6399.0,0.0
8929ac4d48fffff,3.3116712616515684,0.0968054211035818,5944.0,3830.0
8929ac4d493ffff,0.15427539799770226,0.0,0.0,178.0
8929ac4d497ffff,0.21007024223724807,0.0,0.0,243.0
8929ac4d49bffff,0.08861174926156876,0.0,7419.0,102.0
8929ac4d4a3ffff,0.0,0.0,0.0,0.0
8929ac4d4a7ffff,0.0,0.0,0.0,0.0
8929ac4d4abffff,0.0,0.0,3767.0,0.0
8929ac4d4afffff,0.0853326331681381,0.0,0.0,99.0
8929ac4d4b7ffff,4.296733956999836,0.0,0.0,4969.0
8929ac4d4bbffff,1.0601286595772614,0.0,9412.0,1226.0
8929ac4d4c3ffff,0.0,0.0,28293.0,0.0
8929ac4d4c7ffff,0.05579441399455184,0.0,16497.0,65.0
8929ac4d4cbffff,3.229299990154573,0.0,13565.0,3735.0
8929ac4d4cfffff,1.5722444692444035,0.028498147620404674,20206.0,1819.0
8929ac4d4d3ffff,0.0,0.0,4026.0,0.0
8929ac4d4d7ffff,0.0,0.0,4579.0,0.0
8929ac4d4dbffff,0.009844457570387872,0.0,8790.0,11.0
8929ac4d503ffff,0.0,0.0,10714.0,0.0
8929ac4d507ffff,0.3478831637676403,0.0,13087.0,402.0
8929ac4d50bffff,0.0,0.0,22873.0,0.0
8929ac4d50fffff,0.0,0.0,11871.0,0.0
8929ac4d513ffff,0.0,0.0,0.0,0.0
8929ac4d51bffff,0.0,0.0,0.0,0.0
8929ac4d523ffff,2.188822892396548,0.0664451827242525,25989.0,2530.0
8929ac4d527ffff,0.6727708312822027,0.0,29416.0,778.0
8929ac4d52bffff,0.02297266253158741,0.0,28385.0,27.0
8929ac4d52fffff,1.7818468202402047,0.02416626389560174,23829.0,2060.0
8929ac4d533ffff,0.0,0.0,5507.0,0.0
8929ac4d537ffff,1.6738324198365553,0.0,15270.0,1935.0
8929ac4d53bffff,0.05579075186242657,0.0,22020.0,65.0
8929ac4d543ffff,0.0,0.0,31288.0,0.0
8929ac4d547ffff,0.0,0.0,26721.0,0.0
8929ac4d54bffff,0.0,0.0,23190.0,0.0
8929ac4d54fffff,0.0,0.0,14682.0,0.0
8929ac4d553ffff,0.0,0.0,4435.0,0.0
8929ac4d557ffff,0.0,0.0,15258.0,0.0
8929ac4d55bffff,0.0,0.0,25165.0,0.0
8929ac4d563ffff,0.0,0.0,0.0,0.0
8929ac4d567ffff,0.0,0.0,6578.0,0.0
8929ac4d56bffff,0.0,0.0,8122.0,0.0
8929ac4d56fffff,0.0,0.0,0.0,0.0
8929ac4d573ffff,0.0,0.0,28593.0,0.0
8929ac4d577ffff,0.0,0.0,7021.0,0.0
8929ac4d57bffff,0.0,0.0,18680.0,0.0
8929ac4d583ffff,0.0,0.0,0.0,0.0
8929ac4d58bffff,0.0,0.0,13064.0,0.0
8929ac4d593ffff,0.0,0.0,0.0,0.0
8929ac4d59bffff,0.0,0.0,14291.0,0.0
8929ac4d5a3ffff,0.9025863200735198,0.0,6273.0,1044.0
8929ac4d5a7ffff,1.0141788105553367,1.0265183917878529,6664.0,1172.0
8929ac4d5abffff,0.0,0.0,5587.0,0.0
8929ac4d5afffff,2.1435840199586385,0.028074115665356544,20511.0,2478.0
8929ac4d5b3ffff,0.0,0.0,6474.0,0.0
8929ac4d5b7ffff,0.0,0.0,0.0,0.0
8929ac4d5c3ffff,0.11816838995568685,0.0,20235.0,137.0
8929ac4d5c7ffff,0.0,0.0,0.0,0.0
8929ac4d5cbffff,0.006563617866167831,0.0,0.0,8.0
8929ac4d5cfffff,0.0,0.0,10639.0,0.0
8929ac4d5d3ffff,0.7450928904352393,1.1800150640220939,22671.0,862.0
8929ac4d5d7ffff,0.0,0.0,27423.0,0.0
8929ac4d5dbffff,0.0,0.0,0.0,0.0
8929ac4d603ffff,3.8744176891280095,1.1804384485666104,20252.0,4481.0
8929ac4d607ffff,3.82836335006397,0.617652918908149,28731.0,4428.0
8929ac4d60bffff,6.534146821491832,0.9045226130653266,28397.0,7557.0
8929ac4d60fffff,4.300898891148875,0.735873850197109,21756.0,4974.0
8929ac4d613ffff,5.605667989634926,1.2901904566864633,27763.0,6484.0
8929ac4d617ffff,2.3129162429054166,0.1278772378516624,17994.0,2675.0
8929ac4d61bffff,4.91125619238214,0.0,24762.0,5681.0
8929ac4d623ffff,0.32476053011415823,0.13175230566534915,21830.0,376.0
8929ac4d627ffff,0.49863858544106554,0.0,21732.0,577.0
8929ac4d62bffff,7.721323842949454,1.0091065714988923,23167.0,8930.0
8929ac4d62fffff,0.4330566582461205,0.05089058524173028,11313.0,501.0
8929ac4d633ffff,0.1640258504740347,0.0,31242.0,190.0
8929ac4d637ffff,0.11155221628006168,0.03766478342749529,30574.0,129.0
8929ac4d63bffff,2.99878604941107,0.022026431718061675,26145.0,3468.0
8929ac4d643ffff,5.45150391970348,1.104063894761569,24250.0,6306.0
8929ac4d647ffff,6.573293534949324,0.6029285099052542,26588.0,7603.0
8929ac4d64bffff,3.8640687528701703,1.0542555926973516,22164.0,4469.0
8929ac4d64fffff,6.262712420444854,0.30056577086280056,32481.0,7244.0
8929ac4d653ffff,4.234591793223341,0.20185708518368994,28477.0,4898.0
8929ac4d657ffff,4.215464357182692,0.13986013986013987,12338.0,4876.0
8929ac4d65bffff,3.168875475659362,0.5926724137931034,21254.0,3666.0
8929ac4d663ffff,6.024926205313218,1.336405529953917,24664.0,6968.0
8929ac4d667ffff,5.061671696627739,0.6976744186046512,24595.0,5854.0
8929ac4d66bffff,3.151542977076706,0.6896551724137931,18248.0,3645.0
8929ac4d66fffff,6.297353143756765,0.2638522427440633,30482.0,7283.0
8929ac4d673ffff,5.230001968633113,0.10379904504878555,27717.0,6049.0
8929ac4d677ffff,5.055110877837555,0.2740727206285401,31438.0,5846.0
8929ac4d67bffff,6.012990421204567,0.7903981264637002,19521.0,6955.0
8929ac4d683ffff,3.126537843246613,0.20197486535008974,25615.0,3616.0
8929ac4d687ffff,1.2666119770303528,0.0,5138.0,1465.0
8929ac4d68bffff,5.3847415914684165,0.34627751669552315,23207.0,6228.0
8929ac4d68fffff,4.216847701243724,1.6546987199500467,18144.0,4877.0
8929ac4d693ffff,1.5061031631447697,0.6093845216331505,9395.0,1742.0
8929ac4d697ffff,2.388764929780811,0.28653295128939826,28063.0,2763.0
8929ac4d69bffff,5.338451947370148,0.9595753368721927,27942.0,6175.0
8929ac4d6a3ffff,3.2943955899724378,1.0190711894016597,39162.0,3810.0
8929ac4d6a7ffff,1.197624438100863,0.032932652725177015,34969.0,1385.0
8929ac4d6abffff,0.53475935828877,0.037257824143070044,30908.0,618.0
8929ac4d6afffff,1.0169602729390153,0.10561892691170256,27239.0,1176.0
8929ac4d6b3ffff,2.0279582594999015,0.34746351633078526,16520.0,2345.0
8929ac4d6b7ffff,1.844316093462851,0.7796038769490097,27124.0,2133.0
8929ac4d6bbffff,3.2782043709391613,0.6114961271911945,14043.0,3792.0
8929ac4d6c3ffff,11.385261500098432,1.332267519317879,21329.0,13170.0
8929ac4d6c7ffff,9.1681706316653,0.6959547629404089,26300.0,10605.0
8929ac4d6cbffff,6.115485564304461,0.0,13697.0,7074.0
8929ac4d6cfffff,9.21169176262179,1.0094637223974765,18075.0,10655.0
8929ac4d6d3ffff,5.216364292510088,0.9313626240129581,28184.0,6034.0
8929ac4d6d7ffff,5.777748613799665,0.186219739292365,27786.0,6683.0
8929ac4d6dbffff,8.891951307543392,1.0900863842040314,27700.0,10286.0
8929ac4d803ffff,6.192803490012136,1.3653483992467044,24134.0,7155.0
8929ac4d807ffff,11.667268015875619,2.7724162133707666,31916.0,13479.0
8929ac4d80bffff,12.380702502377751,0.8425890463423975,29825.0,14304.0
8929ac4d80fffff,11.832611832611832,1.393507521773555,35868.0,13670.0
8929ac4d813ffff,10.068875040997048,0.33987915407854985,15201.0,11633.0
8929ac4d817ffff,10.469006231551328,2.489213408562894,16923.0,12095.0
8929ac4d81bffff,9.952435624077415,0.6546134663341646,18357.0,11499.0
8929ac4d823ffff,9.209878972744269,0.2771789344009855,18651.0,10639.0
8929ac4d827ffff,9.77137796437826,1.0689062798243938,29854.0,11288.0
8929ac4d82bffff,12.534024202275932,2.1305841924398625,32809.0,14480.0
8929ac4d82fffff,11.896642182581322,0.23340248962655602,22159.0,13743.0
8929ac4d833ffff,13.805431645237471,8.379643170517696,36086.0,15949.0
8929ac4d837ffff,3.269924565431289,0.4490664145592059,24261.0,3777.0
8929ac4d83bffff,5.680178407451135,0.3555268261150614,17758.0,6562.0
8929ac4d843ffff,11.283817019183473,2.605927988860155,28201.0,13037.0
8929ac4d847ffff,12.20200032792261,0.5103172842245396,25828.0,14098.0
8929ac4d84bffff,9.910796274432638,9.35344827586207,12113.0,11451.0
8929ac4d84fffff,6.546623372363804,2.8112449799196786,29272.0,7564.0
8929ac4d853ffff,12.314705496523679,10.59190031152648,19837.0,14229.0
8929ac4d857ffff,5.489964580873672,0.7518796992481203,5322.0,6343.0
8929ac4d85bffff,18.36694540088539,7.492969063881076,26525.0,21222.0
8929ac4d863ffff,11.826052735143644,2.0908004778972518,18881.0,13662.0
8929ac4d867ffff,4.680069528713391,1.2727272727272727,18766.0,5407.0
8929ac4d86bffff,13.758730366921338,0.9704142011834319,24100.0,15895.0
8929ac4d86fffff,6.039938354592255,0.5405405405405406,3180.0,6978.0
8929ac4d873ffff,14.687653713723561,0.8561643835616438,26680.0,16969.0
8929ac4d877ffff,11.49696671585506,1.2720334363074686,31294.0,13282.0
8929ac4d87bffff,10.458480913026367,0.6354585892819318,27020.0,12083.0
8929ac4d883ffff,8.768821966341896,2.650865429596133,35960.0,10132.0
8929ac4d887ffff,10.124007611049143,12.606837606837606,7068.0,11697.0
8929ac4d88bffff,13.605799193098697,1.488294314381271,33932.0,15720.0
8929ac4d88fffff,12.999409565046252,5.759395152323772,24411.0,15019.0
8929ac4d893ffff,4.382770724666207,0.6459189665296535,38984.0,5064.0
8929ac4d897ffff,10.759389863867476,8.072739632902787,31156.0,12431.0
8929ac4d89bffff,5.032313092543385,3.4127495170637476,8640.0,5815.0
8929ac4d8a3ffff,5.012136718493735,1.1335012594458438,13565.0,5790.0
8929ac4d8a7ffff,12.04894370817478,4.060110730292645,20961.0,13919.0
8929ac4d8abffff,9.118341642613487,4.866109991361935,19031.0,10534.0
8929ac4d8afffff,11.643543573091934,5.88235294117647,26173.0,13451.0
8929ac4d8b3ffff,4.179378670078404,3.43158820941487,12643.0,4829.0
8929ac4d8b7ffff,8.483695295584278,4.124432016777351,15800.0,9801.0
8929ac4d8bbffff,7.8588297034898975,2.7576853526220613,12390.0,9080.0
8929ac4d8c3ffff,13.454032601922005,2.259414225941423,6728.0,15546.0
8929ac4d8c7ffff,10.201069308229737,0.35056967572305,6549.0,11787.0
8929ac4d8cbffff,11.86446237617267,3.967087863649721,18824.0,13709.0
8929ac4d8cfffff,6.376070058053725,0.0,253.0,7367.0
8929ac4d8d3ffff,15.415395716487915,0.8366533864541833,28673.0,17813.0
8929ac4d8d7ffff,11.663605352925742,0.3819223424570337,18029.0,13477.0
8929ac4d8dbffff,11.623864344517695,0.5801526717557252,18755.0,13432.0
8929ac4d903ffff,11.721876024926205,0.9475218658892128,15656.0,13539.0
8929ac4d907ffff,10.957331671640812,2.264685067232838,23864.0,12655.0
8929ac4d90bffff,13.967139999344111,2.1566164154103853,26916.0,16132.0
8929ac4d90fffff,12.620945258945849,1.312910284463895,20782.0,14577.0
8929ac4d913ffff,2.7849762178120385,0.0,0.0,3217.0
8929ac4d917ffff,2.3029984909126697,0.0,1463.0,2660.0
8929ac4d91bffff,3.6109015775146767,0.0,4608.0,4171.0
8929ac4d923ffff,9.638909842248532,1.0866372980910426,19400.0,11132.0
8929ac4d927ffff,6.979108589419829,2.599956303255407,25678.0,8060.0
8929ac4d92bffff,11.210600544458657,1.670092497430627,22044.0,12947.0
8929ac4d92fffff,5.71972057328392,0.5478851632697787,26139.0,6605.0
8929ac4d933ffff,11.000688773000098,0.0,20483.0,12705.0
8929ac4d937ffff,11.293338144127004,10.117506472814181,25995.0,13042.0
8929ac4d93bffff,12.623811085601835,1.1502185415228894,24751.0,14580.0
8929ac4d943ffff,1.3774104683195594,0.0,0.0,1591.0
8929ac4d947ffff,4.886367363001344,2.0499679692504804,8807.0,5644.0
8929ac4d94bffff,1.64950482062045,0.0,0.0,1905.0
8929ac4d94fffff,1.4920478767010985,0.0,0.0,1723.0
8929ac4d953ffff,5.336175795342736,1.1198208286674132,5086.0,6164.0
8929ac4d957ffff,2.0141713685867995,0.0,8680.0,2327.0
8929ac4d95bffff,4.1057257165344,1.1842105263157896,4326.0,4743.0
8929ac4d963ffff,14.248704663212436,0.7759456838021339,11785.0,16457.0
8929ac4d967ffff,14.298832480650661,1.811248808388942,11866.0,16514.0
8929ac4d96bffff,7.381537957042138,1.8594196975888841,27665.0,8525.0
8929ac4d96fffff,3.8989998360386946,2.104300091491308,6163.0,4503.0
8929ac4d973ffff,9.550672351590686,0.8681925808997633,21704.0,11031.0
8929ac4d977ffff,12.148245326336504,0.7807807807807807,9516.0,14030.0
8929ac4d97bffff,1.879058175378763,0.0,2632.0,2170.0
8929ac4d983ffff,0.0,0.0,21110.0,0.0
8929ac4d987ffff,0.0,0.0,4136.0,0.0
8929ac4d98bffff,0.0,0.0,392.0,0.0
8929ac4d98fffff,2.1026044741848717,0.0,0.0,2429.0
8929ac4d993ffff,0.0065603883749918,0.020885547201336674,27573.0,8.0
8929ac4d997ffff,0.013123359580052493,0.0,25770.0,15.0
8929ac4d99bffff,0.20993931441692634,0.0155448468832582,37048.0,243.0
8929ac4d9a3ffff,2.407741512219124,0.0,0.0,2781.0
8929ac4d9a7ffff,3.6116122683286864,1.1256354393609296,15684.0,4171.0
8929ac4d9abffff,6.121043135968509,0.9376126938333935,15823.0,7070.0
8929ac4d9afffff,11.398300915144159,1.7402269861286255,22441.0,13164.0
8929ac4d9b3ffff,1.3547201994358067,0.0,0.0,1565.0
8929ac4d9b7ffff,0.5478463405832759,0.0,0.0,633.0
8929ac4d9bbffff,0.32144848624003675,0.0,0.0,371.0
8929ac4d9c3ffff,6.471398583049069,0.6818666098444491,26847.0,7475.0
8929ac4d9c7ffff,0.32798714290399816,0.6692160611854685,5985.0,379.0
8929ac4d9cbffff,12.475403384494294,0.7042253521126761,19492.0,14411.0
8929ac4d9cfffff,6.694437155602204,0.09493670886075949,18184.0,7733.0
8929ac4d9d3ffff,4.179515779804475,2.798270160264564,22009.0,4828.0
8929ac4d9d7ffff,0.0,0.0,27009.0,0.0
8929ac4d9dbffff,5.946406900849486,2.6697498423376076,26669.0,6869.0
8929ac4da03ffff,15.518032786885247,2.658788774002954,3796.0,17930.0
8929ac4da07ffff,14.07264144758408,0.0,0.0,16259.0
8929ac4da0bffff,3.8945712037765543,1.5552099533437014,10938.0,4500.0
8929ac4da0fffff,13.11389417087404,11.549566891241577,5293.0,15152.0
8929ac4da13ffff,6.403698603187094,2.242744063324538,4268.0,7399.0
8929ac4da17ffff,13.723111227701992,16.214511041009462,7649.0,15856.0
8929ac4da1bffff,0.7605809264662492,0.0,0.0,879.0
8929ac4da23ffff,4.84214667409763,0.0,0.0,5594.0
8929ac4da27ffff,3.3701603121004493,0.0,0.0,3893.0
8929ac4da2bffff,1.124516425152449,0.0,0.0,1299.0
8929ac4da2fffff,1.1966428430922562,0.0,0.0,1382.0
8929ac4da33ffff,1.160541586073501,0.0,7862.0,1341.0
8929ac4da37ffff,7.022720566538802,0.0,0.0,8113.0
8929ac4da3bffff,8.215854698052587,6.008583690987124,6307.0,9492.0
8929ac4da43ffff,25.70735385725058,7.726152763111581,30200.0,29704.0
8929ac4da47ffff,12.268450214747057,10.56338028169014,732.0,14175.0
8929ac4da4bffff,16.112112768398624,9.571844877830083,23236.0,18617.0
8929ac4da4fffff,6.906385210436607,0.5183585313174947,13265.0,7980.0
8929ac4da53ffff,19.891821012948697,3.832116788321168,33391.0,22985.0
8929ac4da57ffff,16.15250958922073,12.42791234140715,17493.0,18664.0
8929ac4da5bffff,18.654514458068324,8.221737776393647,16975.0,21556.0
8929ac4da63ffff,1.2424192755286019,0.0,0.0,1435.0
8929ac4da67ffff,0.7015013439979021,0.0,0.0,810.0
8929ac4da6bffff,0.898125081945719,0.0,0.0,1038.0
8929ac4da6fffff,1.1963682847684292,0.0,3744.0,1382.0
8929ac4da73ffff,3.4391187463117174,0.0,0.0,3974.0
8929ac4da77ffff,1.0327191659563308,0.0,0.0,1193.0
8929ac4da7bffff,0.6490313698495428,0.0,0.0,750.0
8929ac4da83ffff,8.729013641133264,7.367829021372328,9487.0,10086.0
8929ac4da87ffff,5.046232539838678,0.07886435331230283,7298.0,5831.0
8929ac4da8bffff,7.048949214779842,0.0,12223.0,8145.0
8929ac4da8fffff,1.9607843137254901,0.0,1106.0,2266.0
8929ac4da93ffff,17.418254566921387,5.85357013410656,29923.0,20127.0
8929ac4da97ffff,11.990030171848353,7.80701754385965,18161.0,13854.0
8929ac4da9bffff,15.410341322666318,2.4801587301587302,22648.0,17807.0
8929ac4daa3ffff,8.40683301091839,2.877697841726619,9331.0,9713.0
8929ac4daa7ffff,8.547540983606558,1.8631178707224332,29733.0,9875.0
8929ac4daabffff,8.667563047256747,3.5175879396984926,7741.0,10014.0
8929ac4daafffff,14.726521511017838,4.702970297029703,6653.0,17014.0
8929ac4dab3ffff,9.944262295081966,0.8393285371702638,9527.0,11489.0
8929ac4dab7ffff,10.742744712247909,2.916314454775993,26461.0,12412.0
8929ac4dabbffff,1.196760549526214,0.0,3306.0,1383.0
8929ac4dac3ffff,11.886415057218743,0.34998409163219857,18040.0,13735.0
8929ac4dac7ffff,7.811628898435706,0.0,0.0,9026.0
8929ac4dacbffff,17.265007704665422,3.5906976744186045,29848.0,19951.0
8929ac4dacfffff,10.85759244689221,3.364485981308411,20845.0,12546.0
8929ac4dad3ffff,12.623364700481984,4.25531914893617,14515.0,14587.0
8929ac4dad7ffff,5.774149124532756,0.7317073170731708,14066.0,6672.0
8929ac4dadbffff,22.091803278688523,5.55431131019037,24290.0,25529.0
8929ac4db03ffff,3.8783070517654,0.9140008309098464,27475.0,4480.0
8929ac4db07ffff,5.63006197330885,4.186795491143317,17136.0,6503.0
8929ac4db0bffff,5.586152635719905,0.0382262996941896,15062.0,6453.0
8929ac4db0fffff,9.22295081967213,1.7705382436260624,23967.0,10653.0
8929ac4db13ffff,9.850149195002787,0.05673758865248227,20292.0,11378.0
8929ac4db17ffff,13.181192209325202,4.630872483221476,32740.0,15225.0
8929ac4db1bffff,9.955077548611339,2.112676056338028,22418.0,11499.0
8929ac4db23ffff,10.346523292790872,0.08915304606240713,19365.0,11950.0
8929ac4db27ffff,14.514278220386217,3.6301859799713876,31041.0,16763.0
8929ac4db2bffff,12.162738091335278,4.156275976724855,26565.0,14048.0
8929ac4db2fffff,13.817859952793077,2.3064580826313676,28057.0,15958.0
8929ac4db33ffff,5.469031771533493,0.030358227079538558,18968.0,6317.0
8929ac4db37ffff,10.492491310905633,1.3897662665824384,26974.0,12118.0
8929ac4db3bffff,7.324350021310777,0.0,0.0,8460.0
8929ac4db43ffff,2.340906855512934,0.22928267278087125,17545.0,2704.0
8929ac4db47ffff,9.458086089892797,0.7122869498855253,22481.0,10925.0
8929ac4db4bffff,9.407676926607008,2.0543051089674886,31582.0,10867.0
8929ac4db4fffff,9.53317597692106,2.1033013844515445,21180.0,11012.0
8929ac4db53ffff,8.481411055012785,0.3321339606974813,20742.0,9798.0
8929ac4db57ffff,5.756810805494542,0.878099173553719,11053.0,6650.0
8929ac4db5bffff,6.2456968623979545,5.327868852459016,1331.0,7215.0
8929ac4db63ffff,6.868176900632725,0.4462188821042743,24417.0,7933.0
8929ac4db67ffff,5.078355517670972,0.03075030750307503,18726.0,5865.0
8929ac4db6bffff,7.473939552874845,0.0,6578.0,8633.0
8929ac4db6fffff,9.866911427260211,1.0926365795724466,11992.0,11396.0
8929ac4db73ffff,12.497950886856168,1.3477088948787064,25298.0,14436.0
8929ac4db77ffff,6.953186467348544,0.49535603715170284,9256.0,8031.0
8929ac4db7bffff,13.026518503949912,0.43010752688172044,32003.0,15047.0
8929ac4db83ffff,10.995245122151172,0.0,0.0,12701.0
8929ac4db87ffff,4.154915721125467,0.0,0.0,4799.0
8929ac4db8bffff,20.181651255820054,0.0,0.0,23313.0
8929ac4db8fffff,3.8952096790058692,0.18796992481203006,3059.0,4499.0
8929ac4db93ffff,7.080313514577116,0.4882017900732303,14089.0,8179.0
8929ac4db97ffff,5.158730158730158,1.4967259120673526,6065.0,5959.0
8929ac4db9bffff,7.057125991998426,1.2594458438287155,4516.0,8152.0
8929ac4dba3ffff,10.482998327704363,12.123974475843209,33316.0,12108.0
8929ac4dba7ffff,2.0493147091612562,0.30605998775760046,28143.0,2367.0
8929ac4dbabffff,7.9445227712384,12.314709236031927,17718.0,9176.0
8929ac4dbafffff,3.157377049180328,5.014084507042253,9711.0,3647.0
8929ac4dbb3ffff,2.6566087241718597,0.5393130854385467,20183.0,3069.0
8929ac4dbb7ffff,1.6659561210769687,1.7647058823529411,34629.0,1924.0
8929ac4dbbbffff,6.961340459717349,9.73731884057971,22959.0,8041.0
8929ac4dbc3ffff,5.561385099685205,0.0,0.0,6425.0
8929ac4dbc7ffff,4.77064821797436,0.0,852.0,5511.0
8929ac4dbcbffff,3.822700150809783,0.8115419296663661,12672.0,4416.0
8929ac4dbcfffff,2.9473477149039407,0.24084778420038533,11929.0,3405.0
8929ac4dbd3ffff,6.954326371356438,1.4229249011857708,7183.0,8034.0
8929ac4dbd7ffff,16.516378660196086,0.0,0.0,19080.0
8929ac4dbdbffff,6.404328578455484,1.6745540589734254,15558.0,7399.0
8929ac4dc03ffff,6.310090237899918,2.943548387096774,13864.0,7292.0
8929ac4dc07ffff,1.7848940219174487,0.825082508250825,24232.0,2063.0
8929ac4dc0bffff,6.7576433538905665,0.17102369899828976,23535.0,7809.0
8929ac4dc0fffff,9.38976377952756,0.7797641688855078,30050.0,10851.0
8929ac4dc13ffff,5.23328302382046,0.11025358324145534,5219.0,6048.0
8929ac4dc17ffff,3.9961941008563278,0.3694994961370507,17084.0,4618.0
8929ac4dc1bffff,8.17967058205919,0.6634078212290503,16387.0,9453.0
8929ac4dc23ffff,0.01968439355664184,0.0,20834.0,23.0
8929ac4dc27ffff,0.09515372247924664,0.06583278472679394,34975.0,110.0
8929ac4dc2bffff,1.318811101633751,0.39014009576165987,32354.0,1524.0
8929ac4dc2fffff,0.45266679787443415,0.0,28322.0,523.0
8929ac4dc33ffff,0.049214213064733094,0.0,32918.0,57.0
8929ac4dc37ffff,0.049217442661679295,0.0,28829.0,57.0
8929ac4dc3bffff,0.7874274090357295,0.1333777925975325,34502.0,910.0
8929ac4dc43ffff,10.799816285020668,0.2517834662190516,27383.0,12481.0
8929ac4dc47ffff,10.025588872121252,0.44035994639096304,29952.0,11586.0
8929ac4dc4bffff,7.542403464453266,0.18112296236667338,28570.0,8717.0
8929ac4dc4fffff,10.455007709214973,0.5877167205406993,19486.0,12082.0
8929ac4dc53ffff,6.537855924419368,0.8049242424242424,24134.0,7556.0
8929ac4dc57ffff,6.902660673862406,0.47427080863172877,24175.0,7977.0
8929ac4dc5bffff,6.281983991602153,0.3052503052503053,18812.0,7260.0
8929ac4dc63ffff,7.322113965160909,0.6268188941123797,25569.0,8461.0
8929ac4dc67ffff,8.076367930717755,1.1439940313354886,22896.0,9332.0
8929ac4dc6bffff,8.571990945773054,0.8189655172413793,39761.0,9905.0
8929ac4dc6fffff,5.8489699514499405,0.8289374529012812,15160.0,6759.0
8929ac4dc73ffff,10.582253567328195,3.0198776758409784,29226.0,12229.0
8929ac4dc77ffff,7.597677393957287,0.7450331125827815,27625.0,8779.0
8929ac4dc7bffff,8.824590755503067,0.9541540609727718,24515.0,10198.0
8929ac4dc83ffff,2.3298549583251296,0.26367831245880025,8715.0,2693.0
8929ac4dc87ffff,0.0,0.0,0.0,0.0
8929ac4dc8bffff,7.004822992880344,0.5604656175899978,26571.0,8095.0
8929ac4dc8fffff,2.5265782911143195,1.110523532522475,10771.0,2920.0
8929ac4dc93ffff,4.157779017490894,0.37425149700598803,30666.0,4805.0
8929ac4dc97ffff,0.7744560758704426,0.0,6399.0,895.0
8929ac4dc9bffff,3.6917927345518984,1.130974097044874,15610.0,4267.0
8929ac4dca3ffff,0.0,0.0,5403.0,0.0
8929ac4dca7ffff,0.0,0.0,0.0,0.0
8929ac4dcabffff,0.04593929450369155,0.0,15114.0,53.0
8929ac4dcafffff,0.2690288713910761,0.0,0.0,311.0
8929ac4dcb3ffff,0.0,0.0,0.0,0.0
8929ac4dcb7ffff,0.0,0.0,0.0,0.0
8929ac4dcbbffff,0.41998884404633,0.0,2851.0,485.0
8929ac4dcc3ffff,6.013976836510384,0.2635313196837624,28339.0,6951.0
8929ac4dcc7ffff,6.149100931880824,0.939963614311704,18818.0,7106.0
8929ac4dccbffff,4.045541046000394,0.9314903846153846,18991.0,4676.0
8929ac4dccfffff,7.422721008072456,1.3463324048282266,24480.0,8578.0
8929ac4dcd3ffff,7.832135708895232,1.5542857142857143,24808.0,9052.0
8929ac4dcd7ffff,7.6448585865214245,3.122519184969569,21087.0,8835.0
8929ac4dcdbffff,6.18171079830692,1.7314095449500557,25500.0,7145.0
8929ac4dd03ffff,0.0,0.0,0.0,0.0
8929ac4dd07ffff,0.0,0.0,0.0,0.0
8929ac4dd0bffff,1.2860892388451444,8.752904725019365,13571.0,1486.0
8929ac4dd0fffff,0.0,0.0,0.0,0.0
8929ac4dd13ffff,0.09515684473027956,0.0,0.0,110.0
8929ac4dd17ffff,0.0,0.0,0.0,0.0
8929ac4dd1bffff,0.0,0.0,15483.0,0.0
8929ac4dd23ffff,0.0,0.0,0.0,0.0
8929ac4dd27ffff,0.0,0.0,21542.0,0.0
8929ac4dd2bffff,0.0,0.0,0.0,0.0
8929ac4dd2fffff,0.0,0.0,16629.0,0.0
8929ac4dd33ffff,0.0,0.0,0.0,0.0
8929ac4dd37ffff,0.0,0.0,0.0,0.0
8929ac4dd3bffff,0.0,0.0,0.0,0.0
8929ac4dd43ffff,7.246899809723771,4.336379123431934,35580.0,8373.0
8929ac4dd47ffff,4.674736738509989,4.662126767941331,31450.0,5401.0
8929ac4dd4bffff,10.65218817662883,12.150776053215077,22821.0,12307.0
8929ac4dd4fffff,6.488436936198131,2.8955098615190935,13329.0,7496.0
8929ac4dd53ffff,1.059746054660586,2.032193158953722,28045.0,1224.0
8929ac4dd57ffff,2.336111293391955,3.309422888816433,34163.0,2699.0
8929ac4dd5bffff,5.892195137954792,2.7777777777777777,39917.0,6808.0
8929ac4dd63ffff,0.8266360505166475,9.414893617021276,9809.0,955.0
8929ac4dd67ffff,0.0,0.0,2897.0,0.0
8929ac4dd6bffff,7.131142163616086,6.189599631845375,23484.0,8238.0
8929ac4dd6fffff,2.781604670996523,25.77059120768065,8461.0,3213.0
8929ac4dd73ffff,1.273091183515438,11.531531531531531,11313.0,1471.0
8929ac4dd77ffff,0.0,0.0,0.0,0.0
8929ac4dd7bffff,1.8305284912902273,0.8796296296296297,36996.0,2115.0
8929ac4dd83ffff,0.0,0.0,0.0,0.0
8929ac4dd87ffff,0.0,0.0,0.0,0.0
8929ac4dd8bffff,0.08860593331583093,0.0,0.0,102.0
8929ac4dd8fffff,0.0,0.0,0.0,0.0
8929ac4dd93ffff,0.0,0.0,0.0,0.0
8929ac4dd97ffff,0.0,0.0,0.0,0.0
8929ac4dd9bffff,0.0,0.0,0.0,0.0
8929ac4dda3ffff,0.0,0.0,0.0,0.0
8929ac4dda7ffff,0.0,0.0,0.0,0.0
8929ac4ddabffff,0.0,0.0,0.0,0.0
8929ac4ddafffff,0.0,0.0,0.0,0.0
8929ac4ddb3ffff,0.0,0.0,0.0,0.0
8929ac4ddb7ffff,0.0,0.0,0.0,0.0
8929ac4ddbbffff,0.0,0.0,0.0,0.0
8929ac4ddc3ffff,0.0,0.0,24060.0,0.0
8929ac4ddc7ffff,0.0,0.0,14746.0,0.0
8929ac4ddcbffff,0.19030744495849328,0.038058991436726926,30257.0,220.0
8929ac4ddcfffff,0.0,0.0,30090.0,0.0
8929ac4ddd3ffff,0.0,0.0,0.0,0.0
8929ac4ddd7ffff,0.07219268884951106,0.0,1803.0,83.0
8929ac4dddbffff,0.0,0.0,5069.0,0.0
8929ac4de03ffff,13.221161730460166,0.6437291897891232,25782.0,15279.0
8929ac4de07ffff,11.545526108632904,0.5994358251057829,16237.0,13342.0
8929ac4de0bffff,10.074112940250542,0.26517383618149676,19498.0,11643.0
8929ac4de0fffff,14.960810677860492,1.2470023980815348,11860.0,17289.0
8929ac4de13ffff,13.820924893407675,1.3360507246376812,25096.0,15973.0
8929ac4de17ffff,9.987208501426743,1.8912529550827424,31075.0,11542.0
8929ac4de1bffff,10.6563022729509,1.2380952380952381,23892.0,12316.0
8929ac4de23ffff,14.325538683545963,2.6931254429482636,23725.0,16554.0
8929ac4de27ffff,12.563539172924933,9.138334232775678,29094.0,14517.0
8929ac4de2bffff,15.294812094182461,1.7936226749335693,25546.0,17674.0
8929ac4de2fffff,13.278021905948712,0.5071238831200193,23731.0,15343.0
8929ac4de33ffff,11.69891767792719,1.5675426463808206,24595.0,13519.0
8929ac4de37ffff,14.753829501098828,16.27363087117521,24745.0,17049.0
8929ac4de3bffff,21.09008624930312,2.263083451202263,23881.0,24372.0
8929ac4de43ffff,13.363722821631194,2.1928973413545507,29030.0,15445.0
8929ac4de47ffff,12.444254984260231,3.4359341445955622,15540.0,14382.0
8929ac4de4bffff,11.678856055885344,2.2244191794364805,22787.0,13498.0
8929ac4de4fffff,12.219999344068741,3.359244863964464,20051.0,14123.0
8929ac4de53ffff,10.267930344669269,2.350265352539803,29676.0,11868.0
8929ac4de57ffff,7.017543859649122,6.857942617214835,23000.0,8110.0
8929ac4de5bffff,16.288450186922017,3.121175030599755,27354.0,18826.0
8929ac4de63ffff,15.726467694326008,2.8658536585365857,18351.0,18174.0
8929ac4de67ffff,19.35526186337848,2.0558375634517767,22228.0,22366.0
8929ac4de6bffff,5.426407423194203,1.8660531697341511,22113.0,6271.0
8929ac4de6fffff,17.10004262714365,3.6530572377417463,28408.0,19760.0
8929ac4de73ffff,11.765477439664219,0.21978021978021978,13075.0,13597.0
8929ac4de77ffff,17.626418311799043,1.7241379310344827,20356.0,20369.0
8929ac4de7bffff,14.140022954582717,0.13080444735120994,8796.0,16341.0
8929ac4de83ffff,9.574886833300532,1.9349164467897977,25690.0,11066.0
8929ac4de87ffff,9.305300446077146,6.411818458726774,35395.0,10754.0
8929ac4de8bffff,11.155208606664917,4.149632052330335,27009.0,12893.0
8929ac4de8fffff,13.329397487618486,0.21409108602569094,29532.0,15405.0
8929ac4de93ffff,14.532690351999475,2.9133858267716537,28408.0,16797.0
8929ac4de97ffff,8.838582677165356,2.2520107238605895,31501.0,10215.0
8929ac4de9bffff,15.534490110538918,1.3980263157894737,27625.0,17955.0
8929ac4dea3ffff,7.1533995867362,2.5545403691963453,30102.0,8267.0
8929ac4dea7ffff,10.092164387156023,0.6406833956219967,21439.0,11662.0
8929ac4deabffff,12.591839412227761,10.83619288423334,28437.0,14551.0
8929ac4deafffff,10.109226883589727,8.293408227325292,31974.0,11682.0
8929ac4deb3ffff,10.263727612674671,0.7256894049346879,23639.0,11861.0
8929ac4deb7ffff,10.526833748851857,1.9704433497536946,22925.0,12165.0
8929ac4debbffff,13.335957230476566,3.0920590302178494,31772.0,15412.0
8929ac4dec3ffff,6.4289697248007345,0.6858710562414266,29192.0,7431.0
8929ac4dec7ffff,7.638570022958346,5.590756615728662,14590.0,8828.0
8929ac4decbffff,10.796628513331804,1.9706414639050873,28080.0,12479.0
8929ac4decfffff,9.118341642613487,1.0321369927281256,24301.0,10539.0
8929ac4ded3ffff,6.871556022041458,0.9481037924151697,34301.0,7942.0
8929ac4ded7ffff,6.274599842561007,0.4733951903048665,30275.0,7252.0
8929ac4dedbffff,6.988947558295891,0.16714422158548234,24083.0,8078.0
8929ac4f20fffff,5.407091267235719,0.47206923682140045,7286.0,6255.0
8929ac4f223ffff,0.0,0.0,0.0,0.0
8929ac4f227ffff,0.0,0.0,0.0,0.0
8929ac4f22bffff,0.07222586999343401,0.0,0.0,84.0
8929ac4f22fffff,0.0,0.0,0.0,0.0
8929ac4f23bffff,0.0,0.0,0.0,0.0
8929ac4f247ffff,0.14772988411411314,0.0,4637.0,171.0
8929ac4f24fffff,0.7452641255458157,0.0,10126.0,862.0
8929ac4f263ffff,29.11728982700325,0.0,0.0,33681.0
8929ac4f267ffff,1.1194642329536129,0.0,6186.0,1295.0
8929ac4f26bffff,0.0,0.0,0.0,0.0
8929ac4f26fffff,1.9959293546057384,0.0,6382.0,2309.0
8929ac4f277ffff,15.198266806722687,0.0,6463.0,17580.0
8929ac4f27bffff,0.04267051795444102,0.0,0.0,49.0
8929ac4f327ffff,5.456515315670245,2.5547445255474455,9228.0,6309.0
8929ac4f34fffff,0.0,0.0,0.0,0.0
8929ac4f363ffff,0.0,0.0,0.0,0.0
8929ac4f367ffff,2.6326155462184873,0.0,0.0,3044.0
8929ac4f36bffff,0.7778653012997243,0.0,6405.0,900.0
8929ac4f36fffff,2.533972296986805,0.0,6440.0,2930.0
8929ac4f37bffff,0.12472511241671316,0.0,6497.0,144.0
8929ac7b0c3ffff,1.7903485430833415,0.0,0.0,2067.0
8929ac7b0cbffff,0.022988505747126436,0.0,0.0,27.0
8929ac7b0cfffff,1.0446780551905388,0.0,0.0,1206.0
8929ac7b0dbffff,0.1707941929974381,0.0,0.0,197.0
8929ac7b29bffff,0.0,0.0,0.0,0.0
8929ac7b2c3ffff,3.559817411579259,0.0,0.0,4110.0
8929ac7b2c7ffff,0.3579756313836251,0.0,0.0,413.0
8929ac7b2d3ffff,3.740066986274381,0.0,0.0,4318.0
8929ac7b2d7ffff,0.6140610120513579,0.0,0.0,709.0
8929ac7b2dbffff,3.8811361024462325,0.0,0.0,4481.0
8929ac7b623ffff,2.9888002102013336,0.0,0.0,3451.0
8929ac7b62bffff,3.347019214977829,0.0,0.0,3864.0
8929ac7b62fffff,0.0,0.0,0.0,0.0
8929ac7b633ffff,1.2056108537827273,0.0,0.0,1392.0
8929ac7b637ffff,2.3126704116159127,0.0,0.0,2670.0
8929ac7b63bffff,1.0576449334866151,0.0,0.0,1221.0
8929ac7b663ffff,6.383607526352083,0.0,0.0,7371.0
8929ac7b667ffff,1.2906827810437125,0.0,0.0,1490.0
8929ac7b66bffff,0.009851246182642104,0.0,0.0,11.0
8929ac7b66fffff,0.9555708797162841,0.0,0.0,1103.0
8929ac7b677ffff,2.0920914345769837,0.0,0.0,2416.0
8929ac7b67bffff,5.5668681029952705,0.0,0.0,6428.0
8929ac7b6afffff,0.0,0.0,0.0,0.0
8929aeb0003ffff,4.107300776260195,0.5790190735694822,16813.0,4749.0
8929aeb0007ffff,6.80813439434129,2.82021151586369,23818.0,7872.0
8929aeb000bffff,3.35297969875573,0.8246527777777778,13162.0,3877.0
8929aeb000fffff,0.7596594629993452,0.0,17274.0,878.0
8929aeb0013ffff,2.9013032942563366,0.02881014116969173,19987.0,3355.0
8929aeb0017ffff,4.152883765106606,2.076067098488623,33961.0,4802.0
8929aeb001bffff,4.060913705583756,0.7984969469234382,24330.0,4696.0
8929aeb0023ffff,4.879646307515966,1.4109040236892527,32602.0,5642.0
8929aeb0027ffff,5.30556101395166,0.47613234037358076,46956.0,6134.0
8929aeb002bffff,0.36023054755043227,0.0,16796.0,416.0
8929aeb002fffff,3.402207013982121,3.631393986723936,14216.0,3933.0
8929aeb0033ffff,4.993778243499902,0.2864157119476268,28074.0,5774.0
8929aeb0037ffff,6.84743098536202,0.3412969283276451,25229.0,7917.0
8929aeb003bffff,6.78149251776417,0.9041591320072333,28408.0,7841.0
8929aeb0063ffff,3.743245456034059,0.03641660597232338,15811.0,4328.0
8929aeb0067ffff,5.346735642721498,2.1592992462823384,27665.0,6182.0
8929aeb006fffff,4.629084004452301,0.11503067484662577,30010.0,5352.0
8929aeb0073ffff,0.8284217419777341,0.0,11422.0,958.0
8929aeb0077ffff,1.152700003274716,0.19743336623889435,17470.0,1333.0
8929aeb0083ffff,1.693416311824435,1.726844583987441,10817.0,1958.0
8929aeb0087ffff,3.5701418230650814,1.9845414664716943,27026.0,4128.0
8929aeb008bffff,1.1626383703412588,0.5102040816326531,6739.0,1344.0
8929aeb008fffff,2.7511217371368684,1.7174835970667695,29336.0,3181.0
8929aeb0093ffff,1.1037238397799103,0.0,10270.0,1276.0
8929aeb0097ffff,5.110397693769246,1.309691718718517,28212.0,5909.0
8929aeb009bffff,0.0,0.0,0.0,0.0
8929aeb00a3ffff,6.940259399973798,0.24549918166939444,21064.0,8024.0
8929aeb00a7ffff,8.594261758155378,0.7874015748031495,21047.0,9936.0
8929aeb00abffff,5.767719114371807,2.973977695167286,28564.0,6669.0
8929aeb00afffff,6.683695189442315,1.3924870466321242,17539.0,7728.0
8929aeb00b3ffff,6.461226093790935,2.1689497716894977,24682.0,7471.0
8929aeb00b7ffff,10.612164685074186,0.0,5386.0,12270.0
8929aeb00bbffff,4.977731202515065,1.0848126232741617,28886.0,5756.0
8929aeb00c3ffff,2.587279753717168,0.4708904109589041,13392.0,2992.0
8929aeb00c7ffff,5.871565641680585,1.0364145658263304,20350.0,6790.0
8929aeb00d3ffff,0.20304568527918782,0.0,6497.0,235.0
8929aeb00d7ffff,0.09498853586636095,0.3593890386343217,6388.0,110.0
8929aeb0103ffff,1.0872056849068343,0.0,21514.0,1257.0
8929aeb0107ffff,9.224270604800418,1.163177135260884,17130.0,10662.0
8929aeb010bffff,0.6549217368524461,0.10515247108307045,16416.0,757.0
8929aeb010fffff,1.6147522190560415,0.0,12943.0,1867.0
8929aeb0113ffff,5.341761372940752,4.355749954437762,30228.0,6175.0
8929aeb0117ffff,7.997641972882688,1.6129032258064515,21784.0,9245.0
8929aeb011bffff,1.9322089405600131,0.5160421808391294,25540.0,2234.0
8929aeb0123ffff,5.959982971477224,1.806451612903226,26300.0,6889.0
8929aeb0127ffff,3.9134136756615145,0.5228136882129277,24111.0,4523.0
8929aeb012bffff,8.532791984545366,1.6258445945945947,26836.0,9863.0
8929aeb012fffff,5.690710847712911,2.2906641000962464,29238.0,6577.0
8929aeb0133ffff,3.4613747257425422,0.016361256544502618,35199.0,4001.0
8929aeb0137ffff,5.168517244767614,1.9607843137254901,27936.0,5974.0
8929aeb013bffff,5.495873182235032,1.03048518677544,13277.0,6353.0
8929aeb0143ffff,3.0747568682668063,1.8259281801582472,27873.0,3555.0
8929aeb0147ffff,4.974619289340102,2.264370040642539,29088.0,5751.0
8929aeb014bffff,4.460309143306262,2.0759193357058123,28529.0,5156.0
8929aeb014fffff,13.991944726415403,5.375368564300295,24031.0,16175.0
8929aeb0153ffff,1.0576986050167003,0.20622808826562178,27873.0,1223.0
8929aeb0157ffff,1.5191696951838392,0.8674698795180723,23697.0,1756.0
8929aeb015bffff,2.8189765248993224,0.7361002349256068,36507.0,3259.0
8929aeb0163ffff,8.154913900347017,5.119047619047619,22954.0,9426.0
8929aeb0167ffff,0.5959202383680954,0.0,5391.0,689.0
8929aeb016bffff,19.27635887360838,7.242990654205607,29727.0,22282.0
8929aeb016fffff,6.182866125229237,3.9568345323741005,21531.0,7147.0
8929aeb0173ffff,4.407623289016962,0.03922337713277113,29359.0,5095.0
8929aeb0177ffff,4.056974459724951,0.0,12396.0,4689.0
8929aeb017bffff,15.510297632690481,6.340480117280557,29439.0,17929.0
8929aeb0183ffff,3.543938947299466,0.877989706327581,18858.0,4097.0
8929aeb0187ffff,7.22193108869383,0.43168573278653144,26571.0,8348.0
8929aeb018bffff,0.330800471636316,0.0,3784.0,382.0
8929aeb018fffff,3.897294818890417,3.1384615384615384,18132.0,4505.0
8929aeb0193ffff,13.2562481574896,3.8174273858921164,26703.0,15325.0
8929aeb0197ffff,8.519209983295667,1.1822480902146235,31294.0,9848.0
8929aeb019bffff,8.036942424837886,5.621805792163544,12764.0,9291.0
8929aeb01a3ffff,2.508843180924931,2.18334081052789,37676.0,2900.0
8929aeb01a7ffff,1.4150943396226416,2.1123321123321124,46178.0,1636.0
8929aeb01abffff,2.2629769117406258,1.3637179257132603,31663.0,2616.0
8929aeb01afffff,1.859916827662988,0.39094315035021987,35222.0,2150.0
8929aeb01b3ffff,6.432806000458551,4.212707182320442,23967.0,7436.0
8929aeb01b7ffff,5.450555209800517,2.5378382510319524,36720.0,6300.0
8929aeb01bbffff,4.097877358490567,4.51310861423221,29370.0,4737.0
8929aeb01c3ffff,2.138459523185748,0.13452914798206278,25655.0,2472.0
8929aeb01c7ffff,2.1519816573861776,0.6783144912641316,27832.0,2488.0
8929aeb01cbffff,4.244170814776002,0.5553119976618442,39197.0,4907.0
8929aeb01cfffff,2.511953887469706,0.0,28368.0,2904.0
8929aeb01d3ffff,4.788418708240535,0.7751937984496124,25068.0,5536.0
8929aeb01d7ffff,3.749549726561221,2.1294718909710393,13236.0,4335.0
8929aeb01dbffff,4.862953138815207,0.4539559014267186,26525.0,5622.0
8929aeb0223ffff,10.275295427018888,4.3478260869565215,29779.0,11881.0
8929aeb0227ffff,12.592059179732251,5.225653206650831,20684.0,14559.0
8929aeb022bffff,8.31969627544675,3.222898354744196,24733.0,9620.0
8929aeb022fffff,8.61752961968973,3.6385688295936935,9153.0,9964.0
8929aeb0237ffff,6.9246635890384045,5.430640243902439,28587.0,8006.0
8929aeb0267ffff,8.682419164812147,4.03520068684267,25753.0,10039.0
8929aeb026fffff,7.219767632138765,5.4742547425474255,30136.0,8348.0
8929aeb02afffff,7.103342171593178,8.488914819136523,18069.0,8213.0
8929aeb0307ffff,6.282122630700232,0.6797853309481217,31980.0,7262.0
8929aeb030bffff,12.10593511637804,5.009920634920635,22061.0,13995.0
8929aeb0317ffff,12.679237870752308,1.7071908949818935,21888.0,14657.0
8929aeb032bffff,3.6173765017841357,1.0999999999999999,28483.0,4181.0
8929aeb033bffff,6.176759410801964,1.327997089321448,31242.0,7140.0
8929aeb0343ffff,5.1883858718779665,0.9757110234585842,27475.0,5998.0
8929aeb0347ffff,8.63090367558014,2.645228215767635,10812.0,9978.0
8929aeb034bffff,6.601210931107839,1.8862363689949895,19175.0,7632.0
8929aeb034fffff,5.315179681874714,2.294348069390039,10057.0,6145.0
8929aeb0353ffff,14.25905921634096,2.0006668889629875,16929.0,16485.0
8929aeb0357ffff,7.192431087540103,2.4603497356649044,27631.0,8315.0
8929aeb035bffff,7.755008511195495,1.8709995076317085,22959.0,8966.0
8929aeb0363ffff,5.374971357491243,1.7388604253997824,36455.0,6213.0
8929aeb0367ffff,5.685388845247448,2.3497402918624783,22740.0,6572.0
8929aeb036bffff,8.064674500049094,2.63477908390758,27671.0,9323.0
8929aeb036fffff,7.0362612907448625,1.0847730012053034,28362.0,8133.0
8929aeb0373ffff,5.40372467515465,3.3854166666666665,23507.0,6247.0
8929aeb0377ffff,5.8301689144952205,2.492789451998352,27262.0,6739.0
8929aeb037bffff,2.0980623199790522,0.8418740849194729,15604.0,2425.0
8929aeb0383ffff,4.780928679022857,1.1917098445595855,21969.0,5527.0
8929aeb0387ffff,6.313032089063523,3.8086093775004,34623.0,7298.0
8929aeb038bffff,6.240382411681892,3.1197143394098856,29693.0,7215.0
8929aeb038fffff,7.95874938615158,0.7355104442483084,19434.0,9201.0
8929aeb0393ffff,7.982189044953017,1.5681326604181687,31455.0,9228.0
8929aeb0397ffff,7.251358606691547,2.764358561460011,41737.0,8383.0
8929aeb039bffff,7.12064167621542,1.0471204188481675,28305.0,8232.0
8929aeb03a3ffff,12.14601407759044,4.213036565977743,27763.0,14040.0
8929aeb03a7ffff,17.722182199227195,4.0298800864949875,28120.0,20485.0
8929aeb03abffff,10.835325321719768,2.524901552003706,24238.0,12525.0
8929aeb03afffff,6.390780513357779,1.0873504893077202,31438.0,7387.0
8929aeb03b3ffff,13.102838620960613,4.29618397776093,21813.0,15147.0
8929aeb03b7ffff,13.448129112515142,7.448325017818959,29917.0,15545.0
8929aeb03bbffff,13.841419498461338,3.611004967520061,29059.0,16001.0
8929aeb03c3ffff,5.301244269810086,0.8917713822456425,28166.0,6129.0
8929aeb03cbffff,6.625638339662171,1.914580265095729,7672.0,7660.0
8929aeb03cfffff,6.962356792144027,1.9651092841387607,28161.0,8049.0
8929aeb03d7ffff,4.891784813856782,0.2981260647359455,26968.0,5656.0
8929aeb03dbffff,5.775085938778851,2.564102564102564,12695.0,6677.0
8929aeb0403ffff,0.01637894323058276,0.0,881.0,19.0
8929aeb0407ffff,1.3823375262054507,0.0,4366.0,1599.0
8929aeb040bffff,0.4847373247740076,0.0,3692.0,561.0
8929aeb040fffff,0.03275466754012447,0.0,1210.0,38.0
8929aeb0413ffff,0.1638216310081583,0.0,593.0,189.0
8929aeb0417ffff,2.873431407883097,0.6700616456714018,21347.0,3323.0
8929aeb041bffff,0.0,0.0,0.0,0.0
8929aeb0423ffff,4.707308284469486,0.43859649122807015,30073.0,5444.0
8929aeb0427ffff,6.128799790356394,0.8749356664951106,11094.0,7087.0
8929aeb042bffff,2.54839660650529,0.22753128555176336,15155.0,2947.0
8929aeb042fffff,0.910490289195297,0.23675643681562594,19417.0,1053.0
8929aeb0433ffff,6.191849036823483,0.4406499586890664,20822.0,7161.0
8929aeb0437ffff,7.162281707676682,1.8534670737025731,25926.0,8283.0
8929aeb043bffff,4.835222433335518,0.0,1279.0,5592.0
8929aeb0443ffff,1.771969473649733,0.0,9631.0,2049.0
8929aeb0447ffff,0.3406150722169456,0.04835589941972921,11906.0,394.0
8929aeb044bffff,5.285737678074341,0.0,9297.0,6114.0
8929aeb044fffff,1.7850709115325407,0.0,13208.0,2065.0
8929aeb0453ffff,0.0,0.0,5144.0,0.0
8929aeb0457ffff,0.0,0.0,0.0,0.0
8929aeb045bffff,1.0613555213417631,0.0,1503.0,1228.0
8929aeb0463ffff,1.0350135927418034,1.2509197939661516,7730.0,1197.0
8929aeb0467ffff,1.5361435917591955,0.0,6693.0,1776.0
8929aeb046bffff,0.40937970786664046,0.0,10287.0,473.0
8929aeb046fffff,0.0032750376629331235,0.0,10282.0,4.0
8929aeb0473ffff,0.18999574147476006,0.30731407498463426,9343.0,220.0
8929aeb0477ffff,2.1063320994529433,0.5128205128205128,17879.0,2436.0
8929aeb047bffff,1.6248443949420166,0.9186351706036745,8698.0,1879.0
8929aeb0483ffff,3.004390275866588,0.0,0.0,3475.0
8929aeb0487ffff,7.882322107194339,0.3968253968253968,7229.0,9116.0
8929aeb048bffff,1.3562653562653562,0.0,0.0,1569.0
8929aeb048fffff,1.6151225265364957,0.0,0.0,1868.0
8929aeb0493ffff,2.474030868040764,2.034174125305126,6935.0,2862.0
8929aeb0497ffff,6.434913666000459,0.4091910607491344,18225.0,7443.0
8929aeb049bffff,3.77129750982962,0.0,0.0,4362.0
8929aeb04a3ffff,11.159529504275746,3.5822401614530777,11007.0,12906.0
8929aeb04a7ffff,17.78811504946603,3.6213991769547325,13490.0,20571.0
8929aeb04abffff,4.238870508074819,0.7099751508697196,16111.0,4902.0
8929aeb04afffff,2.5093363034790017,0.7135575942915392,5610.0,2902.0
8929aeb04b3ffff,10.386631716906948,0.0,9873.0,12012.0
8929aeb04b7ffff,14.436908155575216,4.145555043758637,11987.0,16696.0
8929aeb04bbffff,7.204875331738803,2.4542124542124544,15339.0,8333.0
8929aeb04c3ffff,0.0,0.0,0.0,0.0
8929aeb04c7ffff,0.19983619983619982,0.0,0.0,231.0
8929aeb04cbffff,0.0,0.0,5576.0,0.0
8929aeb04cfffff,0.0,0.0,0.0,0.0
8929aeb04d3ffff,0.0,0.0,0.0,0.0
8929aeb04d7ffff,0.25552825552825553,0.0,0.0,296.0
8929aeb04dbffff,0.0,0.0,5864.0,0.0
8929aeb0503ffff,1.2086868223656198,1.4736842105263157,18870.0,1398.0
8929aeb0507ffff,5.271261957803695,5.3039779834876155,21802.0,6095.0
8929aeb050bffff,6.7741090146750516,1.302857142857143,24872.0,7832.0
8929aeb050fffff,2.814271205320578,1.1734028683181226,21830.0,3254.0
8929aeb0513ffff,3.0433073445587366,0.9025270758122743,6324.0,3519.0
8929aeb0517ffff,3.406931795846164,3.257745129351645,17447.0,3939.0
8929aeb051bffff,4.605607966457023,2.0879120879120876,20529.0,5325.0
8929aeb0523ffff,11.432502374946768,3.4241788958770094,15921.0,13217.0
8929aeb0527ffff,10.491663664057125,3.3487017714147056,22942.0,12129.0
8929aeb052bffff,10.21979101837597,3.9843042559613644,18323.0,11815.0
8929aeb052fffff,9.647513594968224,1.3062747842313973,24371.0,11153.0
8929aeb0533ffff,4.3184796854521625,2.1927820922795798,12332.0,4993.0
8929aeb0537ffff,11.75352966226619,0.7943323314727351,26617.0,13588.0
8929aeb053bffff,5.768852781235668,6.192080876158382,12828.0,6670.0
8929aeb0543ffff,7.456183456183456,1.3112067199344397,27746.0,8622.0
8929aeb0547ffff,6.8230207343837,1.5398550724637683,25044.0,7889.0
8929aeb054bffff,4.86438679245283,0.9843310566492567,28391.0,5625.0
8929aeb054fffff,8.329511955453652,1.0353584684508694,29180.0,9631.0
8929aeb0553ffff,4.854559748427674,0.22870211549456831,20102.0,5613.0
8929aeb0557ffff,6.8103645952763125,1.1481056257175661,14878.0,7875.0
8929aeb055bffff,7.596056208850602,0.9844672938087946,26070.0,8784.0
8929aeb0563ffff,6.144574367036782,1.874703369719981,23818.0,7104.0
8929aeb0567ffff,8.297300838574422,3.28654570352619,16272.0,9593.0
8929aeb056bffff,6.727808712741566,2.1913043478260867,16197.0,7778.0
8929aeb056fffff,3.0596868243464588,1.0268420104485678,31645.0,3537.0
8929aeb0573ffff,4.684531219288476,0.9357301157350407,23172.0,5416.0
8929aeb0577ffff,4.611857189649525,2.4479356960175376,15379.0,5332.0
8929aeb057bffff,7.807689788432567,0.4963726613211149,15011.0,9027.0
8929aeb0583ffff,2.1298207673908056,1.0598834128245893,10754.0,2463.0
8929aeb0587ffff,3.201179554390564,0.1794043774668102,16024.0,3701.0
8929aeb058bffff,4.010484927916121,0.0,6895.0,4637.0
8929aeb058fffff,5.206422018348624,1.3457556935817805,10979.0,6020.0
8929aeb0593ffff,5.5013106159895155,2.5102159953298306,9619.0,6361.0
8929aeb0597ffff,1.117336741046561,1.033434650455927,9377.0,1292.0
8929aeb059bffff,3.079443079443079,0.32854209445585214,13980.0,3561.0
8929aeb05a3ffff,6.151931077406886,2.1935837674801206,20546.0,7113.0
8929aeb05a7ffff,4.4855832241153335,1.207022677395757,31116.0,5186.0
8929aeb05abffff,3.3742833742833747,0.15866719555731854,14498.0,3901.0
8929aeb05afffff,8.216754578514562,1.0455563853622107,22896.0,9500.0
8929aeb05b3ffff,6.720844119671003,2.1405843216661844,19486.0,7771.0
8929aeb05b7ffff,9.036105104514776,2.0408163265306123,35942.0,10447.0
8929aeb05bbffff,4.518200583205006,2.4648820567187912,21197.0,5224.0
8929aeb05c3ffff,2.031521347357384,1.4689265536723164,5023.0,2349.0
8929aeb05c7ffff,2.385164799161261,0.7507507507507507,11422.0,2758.0
8929aeb05cbffff,7.73162101952562,0.8244274809160306,18708.0,8941.0
8929aeb05cfffff,6.764281970649895,1.3568949195329758,18006.0,7822.0
8929aeb05d3ffff,16.04744118996134,2.5201612903225805,11140.0,18557.0
8929aeb05d7ffff,15.476346481457215,6.053384175405148,11353.0,17896.0
8929aeb05dbffff,2.561918490368235,1.017087062652563,14014.0,2963.0
8929aeb0603ffff,1.080656253070046,0.0,1140.0,1250.0
8929aeb0607ffff,2.5475621336651497,0.7636826474331778,13473.0,2946.0
8929aeb060bffff,8.457483382993352,4.103103629668595,21001.0,9782.0
8929aeb060fffff,2.888015717092338,0.45893719806763283,23737.0,3340.0
8929aeb0613ffff,1.1724634833300582,0.0,5708.0,1356.0
8929aeb0617ffff,0.9792683326237186,0.0,10195.0,1133.0
8929aeb061bffff,2.8427326914259514,0.9411764705882352,14550.0,3288.0
8929aeb0633ffff,4.774535809018567,2.9219530949634756,14544.0,5522.0
8929aeb0643ffff,4.037328094302554,0.9082813891362421,32049.0,4670.0
8929aeb0647ffff,6.62017483547785,2.1569001717885095,29526.0,7657.0
8929aeb064bffff,4.662126767941331,1.3669618790912592,29508.0,5393.0
8929aeb064fffff,8.37807752750131,2.955755461722049,30447.0,9691.0
8929aeb0653ffff,7.499099453122442,1.5880772049841192,23201.0,8674.0
8929aeb0657ffff,5.478420328770712,3.0384421688769514,33270.0,6337.0
8929aeb065bffff,8.111736966203825,1.8452380952380953,18996.0,9383.0
8929aeb0683ffff,1.5458177769044343,0.0,0.0,1788.0
8929aeb0687ffff,0.25871102960440134,0.0,0.0,299.0
8929aeb068bffff,4.532355252816348,0.0,1457.0,5243.0
8929aeb068fffff,0.31440361564157987,0.0,0.0,364.0
8929aeb0693ffff,0.0,0.0,0.0,0.0
8929aeb0697ffff,3.0625614150016376,0.0,5835.0,3542.0
8929aeb069bffff,5.427803983228512,0.0,1866.0,6279.0
8929aeb06a3ffff,1.2149196057242035,0.0,12223.0,1405.0
8929aeb06a7ffff,0.5305387260520714,0.8858267716535433,5800.0,614.0
8929aeb06abffff,1.6600635211682657,0.0,887.0,1920.0
8929aeb06afffff,0.35694403510495465,0.48951048951048953,8196.0,413.0
8929aeb06b3ffff,1.0775932658609282,0.31217481789802287,5518.0,1246.0
8929aeb06b7ffff,0.38978054372748117,1.044689495066744,9821.0,451.0
8929aeb06bbffff,0.23255813953488372,0.0,4464.0,269.0
8929aeb06c3ffff,1.2444328006287662,0.8444300097434233,17585.0,1440.0
8929aeb06c7ffff,1.7222185842446467,0.0,13876.0,1992.0
8929aeb06cbffff,2.6519988213338572,0.0,14100.0,3068.0
8929aeb06cfffff,1.2410766913353855,0.0,21064.0,1436.0
8929aeb06d3ffff,3.727481166066164,0.4491017964071856,34474.0,4312.0
8929aeb06d7ffff,1.8503356803667923,0.11205737337516809,25672.0,2140.0
8929aeb06dbffff,3.4421773163462484,0.1764800256698219,35839.0,3982.0
8929aeb0893ffff,9.28648613248633,0.0,0.0,10730.0
8929aeb0897ffff,11.986637846335233,0.0,0.0,13850.0
8929aeb089bffff,13.18357456283974,4.612084376117268,15368.0,15233.0
8929aeb08c3ffff,6.789759706671905,0.3099814011159331,9262.0,7846.0
8929aeb08cbffff,5.375499247037255,0.7777777777777778,25718.0,6211.0
8929aeb08d3ffff,5.028975542677537,0.0,0.0,5811.0
8929aeb08d7ffff,14.670639078051337,1.572617946345976,6129.0,16952.0
8929aeb08dbffff,1.132569558101473,0.0,13133.0,1309.0
8929aeb0983ffff,2.4855907780979827,0.0,18311.0,2871.0
8929aeb0993ffff,1.2246234446627373,0.0,7212.0,1415.0
8929aeb099bffff,1.2574497347566966,0.0,11635.0,1453.0
8929aeb0ad3ffff,5.25557955363571,3.9800995024875623,7782.0,6073.0
8929aeb0c03ffff,18.04755043227666,8.5690341504295,25137.0,20856.0
8929aeb0c07ffff,5.848068107400131,3.3846153846153846,7235.0,6758.0
8929aeb0c0bffff,8.497887808232637,3.6667995217218015,13922.0,9820.0
8929aeb0c0fffff,9.565929565929567,6.872306645497845,23651.0,11054.0
8929aeb0c13ffff,20.428487191246806,9.720767888307154,29796.0,23608.0
8929aeb0c17ffff,14.918285134117184,3.1750491711154822,19849.0,17240.0
8929aeb0c1bffff,11.063077225388092,5.199901888643611,22262.0,12785.0
8929aeb0c23ffff,5.84498510101837,0.05747126436781609,10017.0,6754.0
8929aeb0c27ffff,0.4944659113235968,0.0,14446.0,571.0
8929aeb0c2bffff,5.501883084984445,2.8301886792452833,1187.0,6357.0
8929aeb0c2fffff,7.531106745252128,0.2352941176470588,4884.0,8702.0
8929aeb0c33ffff,9.5821325648415,1.675977653631285,9124.0,11072.0
8929aeb0c37ffff,0.9825434775488815,0.0,6060.0,1135.0
8929aeb0c3bffff,2.9801866710332403,0.0,0.0,3444.0
8929aeb0c43ffff,4.552302351477041,0.41831280501975365,24682.0,5261.0
8929aeb0c47ffff,8.486178435739552,4.895104895104895,7050.0,9807.0
8929aeb0c4bffff,4.6660117878192535,0.850811238622873,28863.0,5393.0
8929aeb0c4fffff,12.77584964966276,0.21426385062748698,18778.0,14765.0
8929aeb0c53ffff,5.1802613052162805,3.119402985074627,37388.0,5987.0
8929aeb0c57ffff,6.983825551699299,0.25316455696202533,22694.0,8071.0
8929aeb0c5bffff,3.0126399895212526,2.7472527472527473,21410.0,3482.0
8929aeb0c63ffff,3.4838413935365575,0.7058823529411765,2431.0,4026.0
8929aeb0c67ffff,8.827766863130321,0.0,127.0,10201.0
8929aeb0c6bffff,5.488244154823499,0.0,0.0,6342.0
8929aeb0c6fffff,8.14722640644443,37.5,259.0,9414.0
8929aeb0c73ffff,8.107134671425296,22.13235294117647,12200.0,9369.0
8929aeb0c77ffff,9.348089453521496,5.905511811023622,1377.0,10802.0
8929aeb0c7bffff,5.513357778941854,1.1274934952298352,6566.0,6371.0
8929aeb0c83ffff,30.109076615676898,6.862936244882044,27516.0,34797.0
8929aeb0c87ffff,14.317534147859412,1.968351987649556,14630.0,16546.0
8929aeb0c8bffff,21.596305636524416,7.005364468286526,16975.0,24959.0
8929aeb0c8fffff,22.241509186781517,8.093797276853252,20995.0,25704.0
8929aeb0c93ffff,23.780507780507783,7.201225740551584,31398.0,27484.0
8929aeb0c97ffff,28.37209302325581,5.631599530700039,27798.0,32789.0
8929aeb0c9bffff,27.4895178197065,13.952059004302397,32256.0,31771.0
8929aeb0ca3ffff,8.967346805096126,3.7383177570093453,6526.0,10362.0
8929aeb0ca7ffff,2.309128426844846,0.6266318537859008,10961.0,2668.0
8929aeb0cabffff,5.397085311937121,4.790419161676647,5495.0,6237.0
8929aeb0cafffff,3.5566909019453723,1.9904165130851457,15316.0,4110.0
8929aeb0cb3ffff,2.7087222822704793,0.0,5034.0,3130.0
8929aeb0cb7ffff,5.388495807127883,0.211118930330753,8168.0,6227.0
8929aeb0cbbffff,7.760089098532495,2.047981275599766,9642.0,8968.0
8929aeb0cc3ffff,1.9426063028238225,0.773921200750469,24371.0,2245.0
8929aeb0cc7ffff,12.964600320922159,6.955142727684639,23656.0,14983.0
8929aeb0ccbffff,5.81741950276786,3.6403577592970344,35372.0,6724.0
8929aeb0ccfffff,0.9823826052786693,0.0,23553.0,1135.0
8929aeb0cd3ffff,4.198460782708367,2.0657742521897204,34134.0,4853.0
8929aeb0cd7ffff,11.433156481299536,5.160390516039052,27418.0,13214.0
8929aeb0cdbffff,4.676141201126465,3.5455278001611608,27579.0,5405.0
8929aeb0d07ffff,0.0,0.0,0.0,0.0
8929aeb0d0fffff,0.1703019584725224,0.0,0.0,197.0
8929aeb0d17ffff,0.0,0.0,0.0,0.0
8929aeb0d23ffff,3.419139320102181,0.24906600249066002,23069.0,3950.0
8929aeb0d27ffff,8.666601159477253,0.8964955175224123,21012.0,10011.0
8929aeb0d2bffff,0.4748649091206812,0.46511627906976744,18490.0,549.0
8929aeb0d2fffff,6.005239030779306,2.0510835913312695,14579.0,6937.0
8929aeb0d33ffff,0.0,0.0,893.0,0.0
8929aeb0d37ffff,6.045719525774547,0.7699194270367055,31922.0,6984.0
8929aeb0d3bffff,0.0,0.0,0.0,0.0
8929aeb0d43ffff,5.633064780244973,0.6240822320117474,15592.0,6508.0
8929aeb0d47ffff,0.3471539922709111,0.0,12102.0,401.0
8929aeb0d4bffff,4.388263033796175,0.0,8565.0,5070.0
8929aeb0d4fffff,9.724950884086445,3.088803088803089,7229.0,11235.0
8929aeb0d53ffff,3.189364419267167,0.0,8196.0,3685.0
8929aeb0d57ffff,1.3820206320615687,0.0,6336.0,1597.0
8929aeb0d5bffff,5.773513230285564,1.2430939226519337,8237.0,6671.0
8929aeb0d63ffff,0.0,0.0,0.0,0.0
8929aeb0d67ffff,0.0,0.0,1187.0,0.0
8929aeb0d6bffff,1.3784297033593085,0.4008016032064128,5725.0,1592.0
8929aeb0d73ffff,1.1266129560489946,1.233616037008481,7379.0,1302.0
8929aeb0d77ffff,0.0,0.0,0.0,0.0
8929aeb0d7bffff,7.644959565203156,4.606879606879607,8945.0,8832.0
8929aeb0da3ffff,2.4238453979692105,0.319375443577005,16180.0,2800.0
8929aeb0da7ffff,6.836794863395139,1.6698603887215988,20690.0,7898.0
8929aeb0dabffff,0.15394189512298975,0.0,0.0,178.0
8929aeb0dafffff,1.0055353575054862,0.0,13617.0,1162.0
8929aeb0db3ffff,0.39631849595493107,0.0,13887.0,458.0
8929aeb0db7ffff,6.668195067631742,1.059705350219695,22049.0,7703.0
8929aeb0dbbffff,0.009825756583256911,0.0,0.0,11.0
8929aeb0dcbffff,2.8168091448036425,0.6965174129353234,17245.0,3255.0
8929aeb0ddbffff,2.243474273736613,0.0,16237.0,2592.0
8929aeb0e03ffff,5.3329404832056575,5.409060175794456,8058.0,6163.0
8929aeb0e07ffff,2.2030902186722536,0.5777007510109763,9913.0,2546.0
8929aeb0e0bffff,9.158156585493584,0.631578947368421,13594.0,10584.0
8929aeb0e0fffff,23.353959990832596,4.23634336677815,4948.0,26989.0
8929aeb0e13ffff,7.993058056910836,2.6337792642140467,13415.0,9238.0
8929aeb0e17ffff,2.573336825563122,2.7967681789931635,27026.0,2974.0
8929aeb0e1bffff,3.761293701715333,0.0,4810.0,4347.0
8929aeb0e23ffff,22.902887826599436,0.0,0.0,26466.0
8929aeb0e27ffff,5.978065149779015,2.6955602536997887,10604.0,6908.0
8929aeb0e2bffff,8.55590468709086,0.9433962264150944,1210.0,9887.0
8929aeb0e2fffff,3.1651991751497492,2.3787740164684354,12292.0,3657.0
8929aeb0e33ffff,2.1510657106374618,0.0,0.0,2486.0
8929aeb0e37ffff,3.7386237150527073,0.0,0.0,4320.0
8929aeb0e3bffff,12.604766893661603,0.0,58.0,14566.0
8929aeb0e47ffff,17.20570904805552,8.169727675744141,16704.0,19885.0
8929aeb0e4bffff,17.237880127009067,5.712579617834395,27285.0,19923.0
8929aeb0e4fffff,17.744100029458938,2.922855773838045,11670.0,20507.0
8929aeb0e57ffff,16.20896206343491,4.214963119072708,20943.0,18734.0
8929aeb0e63ffff,21.44797564887245,0.15052684395383845,11462.0,24786.0
8929aeb0e67ffff,6.382351978529114,0.0,0.0,7375.0
8929aeb0e6bffff,14.878575636577862,7.6923076923076925,3110.0,17194.0
8929aeb0e6fffff,4.081565854935847,1.5482695810564664,6227.0,4717.0
8929aeb0e73ffff,24.062070320172854,4.666188083273511,7649.0,27808.0
8929aeb0e77ffff,11.144213455557374,2.00160128102482,7050.0,12878.0
8929aeb0e7bffff,12.906287846551667,1.592115238817286,7476.0,14916.0
8929aeb0e83ffff,7.591828717344333,4.101123595505618,19665.0,8774.0
8929aeb0e87ffff,9.524277248469371,2.82033426183844,16076.0,11007.0
8929aeb0e8bffff,4.095730749083289,0.0,6.0,4734.0
8929aeb0e8fffff,15.05499541704858,14.243146603098927,16577.0,17399.0
8929aeb0e93ffff,8.507433361713275,5.300613496932515,22228.0,9833.0
8929aeb0e97ffff,4.404204459870985,3.4567434831885153,29439.0,5090.0
8929aeb0e9bffff,4.194361677744672,4.513274336283186,12430.0,4848.0
8929aeb0ea3ffff,1.8404506156667542,0.49530761209593327,21986.0,2127.0
8929aeb0ea7ffff,3.2745014571531486,0.0,13605.0,3784.0
8929aeb0eabffff,0.8446277745040267,0.3852504127682994,41702.0,976.0
8929aeb0eafffff,2.288202173628388,0.0,2828.0,2644.0
8929aeb0eb3ffff,5.2545424783106895,1.8399999999999999,21203.0,6073.0
8929aeb0eb7ffff,5.147684851660227,1.2897678417884781,19837.0,5949.0
8929aeb0ebbffff,5.982318271119843,0.8863080684596576,18680.0,6914.0
8929aeb0ec3ffff,14.43676956820637,6.835814636192074,25592.0,16686.0
8929aeb0ec7ffff,8.577508593877885,2.905155226431216,19636.0,9914.0
8929aeb0ecfffff,13.449890318567265,3.2491818606825618,23841.0,15545.0
8929aeb0ed3ffff,9.071564198258365,3.671575549727658,27504.0,10486.0
8929aeb0ed7ffff,8.925121959205056,6.2739097169089515,14112.0,10316.0
8929aeb0edbffff,8.962650168581623,3.3909429008969596,25436.0,10360.0
8929aeb1003ffff,1.9080971394907376,0.3246050638389959,26531.0,2207.0
8929aeb1007ffff,1.9404450261780104,0.311332503113325,9222.0,2245.0
8929aeb100bffff,0.4843565911768556,0.0,317.0,560.0
8929aeb100fffff,0.04907734589713388,0.1310615989515072,4389.0,57.0
8929aeb1013ffff,3.3145736535567045,1.2876579203109815,23403.0,3834.0
8929aeb1017ffff,2.9354015315138424,0.776287932251235,40493.0,3396.0
8929aeb101bffff,13.862714304410417,0.0,530.0,16036.0
8929aeb1023ffff,0.0,0.0,6296.0,0.0
8929aeb1027ffff,0.0,0.0,0.0,0.0
8929aeb102bffff,0.0,0.0,0.0,0.0
8929aeb102fffff,0.0,0.0,8300.0,0.0
8929aeb1033ffff,1.0110594856357569,3.7583892617449663,8260.0,1169.0
8929aeb1037ffff,0.0,0.0,0.0,0.0
8929aeb103bffff,0.0,0.0,0.0,0.0
8929aeb1043ffff,0.0,0.0,0.0,0.0
8929aeb1047ffff,0.0,0.0,0.0,0.0
8929aeb104bffff,0.0,0.0,0.0,0.0
8929aeb104fffff,0.0,0.0,0.0,0.0
8929aeb1053ffff,0.0,0.0,0.0,0.0
8929aeb105bffff,0.0,0.0,0.0,0.0
8929aeb1063ffff,0.0,0.0,0.0,0.0
8929aeb1067ffff,0.0,0.0,0.0,0.0
8929aeb106bffff,0.0,0.0,0.0,0.0
8929aeb106fffff,0.0,0.0,0.0,0.0
8929aeb1073ffff,0.0,0.0,0.0,0.0
8929aeb1077ffff,0.0,0.0,0.0,0.0
8929aeb107bffff,0.0,0.0,0.0,0.0
8929aeb10a3ffff,3.8425031911759895,1.6188149053146001,18553.0,4445.0
8929aeb10a7ffff,0.0,0.0,7206.0,0.0
8929aeb10abffff,4.339431226887456,1.1457109283196238,19382.0,5019.0
8929aeb10afffff,6.275767292716446,3.9169295478443744,21053.0,7259.0
8929aeb10b3ffff,4.044634968421742,0.40816326530612246,12649.0,4679.0
8929aeb10b7ffff,0.0,0.0,14780.0,0.0
8929aeb10cbffff,0.0,0.0,0.0,0.0
8929aeb10dbffff,0.0,0.0,0.0,0.0
8929aeb1103ffff,19.54970875057268,4.239549362585236,18605.0,22608.0
8929aeb110bffff,8.342875838377228,1.8725936296814842,32296.0,9648.0
8929aeb110fffff,11.017670157068062,8.64,6578.0,12741.0
8929aeb1113ffff,12.115063651536474,5.748031496062992,13789.0,14011.0
8929aeb111bffff,10.875826405707926,3.0477185649599443,32066.0,12578.0
8929aeb1123ffff,4.312544990511092,2.472113355441664,18634.0,4987.0
8929aeb1127ffff,10.189123748445782,5.025125628140704,26127.0,11781.0
8929aeb112bffff,3.0296090299362017,4.0201005025125625,7701.0,3503.0
8929aeb112fffff,4.620267661398515,0.672645739910314,17862.0,5342.0
8929aeb1133ffff,13.184763400746121,0.0,0.0,15246.0
8929aeb1137ffff,11.775101453069773,4.058782365290413,7897.0,13615.0
8929aeb113bffff,7.284984945673517,0.0,11491.0,8424.0
8929aeb1143ffff,0.00981675392670157,0.0,4147.0,11.0
8929aeb1147ffff,2.15278913790283,0.10672358591248667,5391.0,2490.0
8929aeb114bffff,0.07524454477050413,0.0,1607.0,87.0
8929aeb114fffff,3.3729185068865117,0.0,5121.0,3901.0
8929aeb1153ffff,0.09488597323561168,0.0,3450.0,110.0
8929aeb1157ffff,1.5838732901367891,0.0,12522.0,1832.0
8929aeb115bffff,0.022904260192395786,0.0,138.0,26.0
8929aeb1163ffff,9.075146399712109,3.8461538461538463,23904.0,10494.0
8929aeb1167ffff,6.08172211862466,0.4847129008202834,15373.0,7032.0
8929aeb116bffff,10.206752159120649,2.103073723133811,24399.0,11803.0
8929aeb116fffff,9.661377392442336,3.161122906345836,23645.0,11172.0
8929aeb1173ffff,4.4535340314136125,2.2527279127067934,15996.0,5150.0
8929aeb1177ffff,4.62681194987075,2.562733582487987,21024.0,5350.0
8929aeb117bffff,5.255407572237311,0.25340513145391197,18138.0,6077.0
8929aeb1183ffff,7.678209072461871,1.804123711340206,28529.0,8880.0
8929aeb1187ffff,14.76863669088291,3.869047619047619,20465.0,17079.0
8929aeb118bffff,4.5517015706806285,0.7483962936564506,16042.0,5264.0
8929aeb118fffff,12.995385672677292,1.7394158188382014,17245.0,15029.0
8929aeb1193ffff,8.80081167768541,3.9832869080779947,19855.0,10178.0
8929aeb1197ffff,8.531674578490751,2.2988505747126435,24480.0,9867.0
8929aeb119bffff,7.325455795227652,2.2986392055902907,30603.0,8472.0
8929aeb11a7ffff,17.032068062827225,3.875968992248062,17142.0,19694.0
8929aeb11c3ffff,2.451156854403246,0.0,0.0,2835.0
8929aeb11c7ffff,2.473821989528796,0.7555315704263357,21185.0,2861.0
8929aeb11cbffff,0.0,0.0,0.0,0.0
8929aeb11cfffff,1.3089005235602094,0.0,8300.0,1514.0
8929aeb11d3ffff,2.8373204175802598,3.5697728326379226,11981.0,3282.0
8929aeb11d7ffff,5.688475763427487,2.471412762818148,15229.0,6579.0
8929aeb11dbffff,0.0,0.0,0.0,0.0
8929aeb1203ffff,1.8382232688973932,0.8333333333333334,21934.0,2127.0
8929aeb1207ffff,0.0,0.0,0.0,0.0
8929aeb120bffff,1.9851522386107205,0.46511627906976744,4931.0,2296.0
8929aeb120fffff,0.013085151624194446,0.0,3226.0,15.0
8929aeb1213ffff,2.568213047176602,1.474558670820353,27325.0,2971.0
8929aeb1217ffff,1.2200307460831454,0.0,14550.0,1411.0
8929aeb121bffff,3.9093169327401203,0.06648936170212766,8657.0,4523.0
8929aeb1223ffff,0.6770901478477037,0.17857142857142858,28979.0,783.0
8929aeb1227ffff,1.4720314033366046,0.9444444444444444,20540.0,1703.0
8929aeb122bffff,1.3902064047626834,0.35842293906810035,25620.0,1608.0
8929aeb122fffff,2.822567457072772,1.2826919873396636,34134.0,3265.0
8929aeb1233ffff,0.11447635245633546,0.0,8173.0,132.0
8929aeb1237ffff,0.0,0.0,0.0,0.0
8929aeb123bffff,0.0,0.0,0.0,0.0
8929aeb1243ffff,0.0,0.0,0.0,0.0
8929aeb1247ffff,0.0,0.0,0.0,0.0
8929aeb124bffff,5.51394839258266,0.0,2655.0,6379.0
8929aeb124fffff,0.0,0.0,0.0,0.0
8929aeb1253ffff,0.0,0.0,0.0,0.0
8929aeb1257ffff,0.0,0.0,0.0,0.0
8929aeb125bffff,0.0,0.0,0.0,0.0
8929aeb1263ffff,0.0,0.0,5305.0,0.0
8929aeb1267ffff,0.1602773779929347,0.516795865633075,4435.0,185.0
8929aeb126bffff,0.0,0.0,0.0,0.0
8929aeb126fffff,0.0327075292732387,0.03843197540353574,14982.0,38.0
8929aeb1273ffff,0.013085151624194446,0.0,1227.0,15.0
8929aeb1277ffff,0.0,0.0,0.0,0.0
8929aeb127bffff,0.0,0.0,3260.0,0.0
8929aeb1283ffff,0.0,0.0,0.0,0.0
8929aeb1287ffff,0.006543860223145633,0.0,0.0,8.0
8929aeb128bffff,2.0312704435431113,0.0,14803.0,2350.0
8929aeb128fffff,1.2792409618845084,0.0,7033.0,1480.0
8929aeb1293ffff,0.0,0.0,0.0,0.0
8929aeb1297ffff,0.0,0.0,0.0,0.0
8929aeb129bffff,0.0,0.0,0.0,0.0
8929aeb12a3ffff,0.035984166966534725,0.0,8640.0,42.0
8929aeb12a7ffff,0.0,0.0,8761.0,0.0
8929aeb12abffff,0.0,0.0,8986.0,0.0
8929aeb12afffff,0.0,0.0,28454.0,0.0
8929aeb12b3ffff,0.0556191722558482,0.0,2938.0,64.0
8929aeb12b7ffff,0.0032713949227950795,0.0,5437.0,4.0
8929aeb12bbffff,0.6836991723641598,0.0,4107.0,791.0
8929aeb12c3ffff,0.0,0.0,0.0,0.0
8929aeb12c7ffff,3.405076540625409,0.0,16692.0,3939.0
8929aeb12cbffff,0.0,0.0,0.0,0.0
8929aeb12cfffff,0.0,0.0,0.0,0.0
8929aeb12d3ffff,0.0,0.0,0.0,0.0
8929aeb12d7ffff,0.1995746769180435,7.608695652173914,490.0,231.0
8929aeb12dbffff,0.0,0.0,0.0,0.0
8929aeb1303ffff,0.0,0.0,0.0,0.0
8929aeb1307ffff,0.0,0.0,0.0,0.0
8929aeb130bffff,0.0,0.0,15903.0,0.0
8929aeb130fffff,0.0,0.0,0.0,0.0
8929aeb1313ffff,0.02289826627412496,0.0,17142.0,26.0
8929aeb1317ffff,0.0,0.0,6140.0,0.0
8929aeb131bffff,0.0,0.0,0.0,0.0
8929aeb1323ffff,0.0,0.0,6353.0,0.0
8929aeb1327ffff,0.0,0.0,0.0,0.0
8929aeb132bffff,0.0,0.0,6733.0,0.0
8929aeb132fffff,0.0,0.0,1331.0,0.0
8929aeb1333ffff,0.18973469855081945,0.0,9579.0,219.0
8929aeb1337ffff,0.2159120649044753,0.0,0.0,250.0
8929aeb133bffff,0.0,0.0,0.0,0.0
8929aeb1343ffff,0.4874218980012431,0.4191114836546521,13686.0,564.0
8929aeb1347ffff,0.13408332788279154,0.37654653039268426,10668.0,155.0
8929aeb134bffff,0.19952898076671466,0.0,35942.0,231.0
8929aeb134fffff,0.4022368291965074,0.0,30102.0,465.0
8929aeb1353ffff,1.8772893772893773,2.155741311042675,12810.0,2171.0
8929aeb1357ffff,0.0,0.0,0.0,0.0
8929aeb135bffff,4.2780049059689285,2.4263431542461005,29186.0,4948.0
8929aeb1363ffff,0.0,0.0,17983.0,0.0
8929aeb1367ffff,0.01308172809628152,0.0,2799.0,15.0
8929aeb136bffff,1.0398953564421192,0.0,357.0,1203.0
8929aeb136fffff,0.0,0.0,0.0,0.0
8929aeb1373ffff,0.0,0.0,26294.0,0.0
8929aeb1377ffff,0.0,0.0,933.0,0.0
8929aeb137bffff,0.7491004252535165,0.4386677497969131,35297.0,866.0
8929aeb1383ffff,0.0,0.0,939.0,0.0
8929aeb1387ffff,0.003271501946543658,0.0,13150.0,4.0
8929aeb138bffff,0.0,0.0,10817.0,0.0
8929aeb138fffff,0.0,0.0,19296.0,0.0
8929aeb1393ffff,0.0,0.0,0.0,0.0
8929aeb1397ffff,0.0,0.0,12839.0,0.0
8929aeb139bffff,0.0,0.0,0.0,0.0
8929aeb13a3ffff,9.468036380291828,1.0520636633396279,21128.0,10949.0
8929aeb13a7ffff,0.9126594700686947,0.0,12367.0,1055.0
8929aeb13abffff,2.126267582597318,0.0,11388.0,2459.0
8929aeb13afffff,5.764009290457653,2.8289298105150786,20972.0,6665.0
8929aeb13b3ffff,2.4767700562753565,0.0,13012.0,2864.0
8929aeb13b7ffff,3.0623261900867007,0.0,11457.0,3541.0
8929aeb13bbffff,4.29903484377556,0.04134794293983874,27850.0,4972.0
8929aeb13c3ffff,0.0,0.0,0.0,0.0
8929aeb13c7ffff,0.0,0.0,3963.0,0.0
8929aeb13cbffff,0.0,0.0,0.0,0.0
8929aeb13cfffff,0.0,0.0,0.0,0.0
8929aeb13d3ffff,0.0,0.0,0.0,0.0
8929aeb13d7ffff,0.0,0.0,0.0,0.0
8929aeb13dbffff,0.0,0.0,0.0,0.0
8929aeb152fffff,8.781461722253134,3.813926610806125,19175.0,10156.0
8929aeb1567ffff,6.581358816599031,0.450281425891182,30563.0,7612.0
8929aeb156bffff,3.8914708385154153,3.100454733360893,13501.0,4501.0
8929aeb157bffff,4.300723333224233,4.017400204708291,21606.0,4975.0
8929aeb1603ffff,0.0,0.0,0.0,0.0
8929aeb1607ffff,0.0,0.0,0.0,0.0
8929aeb160bffff,0.0,0.0,0.0,0.0
8929aeb160fffff,0.0,0.0,0.0,0.0
8929aeb1613ffff,0.0,0.0,0.0,0.0
8929aeb1617ffff,0.0,0.0,0.0,0.0
8929aeb161bffff,0.0,0.0,0.0,0.0
8929aeb1623ffff,0.0,0.0,0.0,0.0
8929aeb1627ffff,0.0,0.0,0.0,0.0
8929aeb162bffff,0.0,0.0,0.0,0.0
8929aeb162fffff,0.0,0.0,0.0,0.0
8929aeb1633ffff,0.0,0.0,0.0,0.0
8929aeb1637ffff,0.0,0.0,0.0,0.0
8929aeb163bffff,0.0,0.0,0.0,0.0
8929aeb1663ffff,0.0,0.0,0.0,0.0
8929aeb1667ffff,0.0,0.0,0.0,0.0
8929aeb166fffff,0.0,0.0,0.0,0.0
8929aeb1673ffff,0.0,0.0,0.0,0.0
8929aeb1677ffff,0.0,0.0,0.0,0.0
8929aeb16a3ffff,1.8389450606982758,0.0,0.0,2128.0
8929aeb16a7ffff,0.022908757690797223,0.0,2667.0,27.0
8929aeb16abffff,0.0,0.0,0.0,0.0
8929aeb16afffff,0.0,0.0,0.0,0.0
8929aeb16b3ffff,5.757774140752865,0.0,0.0,6662.0
8929aeb16b7ffff,5.31086387434555,0.6562756357670222,6975.0,6145.0
8929aeb16bbffff,0.0,0.0,0.0,0.0
8929aeb1803ffff,15.229621876226613,0.0,0.0,17603.0
8929aeb1807ffff,0.5202028463929331,0.0,7442.0,601.0
8929aeb1817ffff,3.650518465212129,0.0,0.0,4219.0
8929aeb1833ffff,1.262799751365852,0.0,6134.0,1459.0
8929aeb1853ffff,0.0,0.0,4700.0,0.0
8929aeb185bffff,0.026166023418590957,0.0,1809.0,30.0
8929aeb1883ffff,0.1570423687223949,0.0,5034.0,182.0
8929aeb188bffff,0.8767625216737005,0.0,8790.0,1013.0
8929aeb1893ffff,12.558489578220607,7.888220728687655,14999.0,14517.0
8929aeb1897ffff,2.8170396544954848,2.5136612021857925,5138.0,3256.0
8929aeb189bffff,0.4580552283732496,0.0,0.0,529.0
8929aeb18a3ffff,0.15703723091016164,0.0,6313.0,181.0
8929aeb18a7ffff,4.845411418288893,0.0,0.0,5600.0
8929aeb18abffff,4.864405116294285,0.0,0.0,5622.0
8929aeb18afffff,3.2782594470799933,0.9843659525188188,9850.0,3789.0
8929aeb18c3ffff,0.32384690873405303,0.0,2056.0,374.0
8929aeb18c7ffff,0.2551938491738917,0.0,11676.0,295.0
8929aeb18cbffff,0.0,0.0,9884.0,0.0
8929aeb18cfffff,0.009815148045149682,0.0,11606.0,11.0
8929aeb18d3ffff,0.0588966690661606,0.0,0.0,68.0
8929aeb18d7ffff,0.04579503450982958,0.0,1693.0,53.0
8929aeb18dbffff,0.02289901534234028,0.0,0.0,26.0
8929aeb19d3ffff,0.9587068909102807,0.0,0.0,1108.0
8929aeb19dbffff,2.5322253484263557,0.0,7021.0,2926.0
8929aeb1a03ffff,2.4071166928309786,4.525674499564839,6319.0,2782.0
8929aeb1a0bffff,0.05886007651809947,0.0,0.0,68.0
8929aeb1a0fffff,2.242929540624489,6.355511420059583,5432.0,2593.0
8929aeb1a13ffff,9.528169244351437,1.7806267806267806,7943.0,11014.0
8929aeb1a1bffff,0.019621308741293045,0.0,58.0,23.0
8929aeb1a2bffff,12.600948177211052,4.5598194130925505,12177.0,14564.0
8929aeb1a3bffff,16.881418012950487,13.984760197220977,11053.0,19512.0
8929aeb1a43ffff,0.0,0.0,0.0,0.0
8929aeb1a47ffff,0.0,0.0,0.0,0.0
8929aeb1a4bffff,0.04250727528365432,0.0,0.0,49.0
8929aeb1a4fffff,0.0,0.0,0.0,0.0
8929aeb1a53ffff,0.0,0.0,0.0,0.0
8929aeb1a57ffff,0.016350555918901243,0.0,0.0,19.0
8929aeb1a5bffff,0.0,0.0,0.0,0.0
8929aeb1a63ffff,0.0,0.0,0.0,0.0
8929aeb1a67ffff,5.041027820458335,0.0,6198.0,5826.0
8929aeb1a6bffff,7.8230736539278825,6.8181818181818175,6140.0,9042.0
8929aeb1a73ffff,0.0,0.0,0.0,0.0
8929aeb1a77ffff,0.12427235267185557,0.0,0.0,144.0
8929aeb1a7bffff,0.0,0.0,0.0,0.0
8929aeb1a8bffff,6.535178098322049,5.044751830756713,6722.0,7555.0
8929aeb1a93ffff,1.6156991005723629,3.0162412993039442,2408.0,1868.0
8929aeb1a97ffff,14.933281004709576,7.385398981324279,6284.0,17262.0
8929aeb1a9bffff,0.12099807057130711,0.0,0.0,140.0
8929aeb1ac3ffff,0.0,0.0,0.0,0.0
8929aeb1ac7ffff,0.0,0.0,0.0,0.0
8929aeb1acbffff,0.10138339274618176,0.0,0.0,117.0
8929aeb1acfffff,0.0,0.0,0.0,0.0
8929aeb1ad3ffff,0.0,0.0,0.0,0.0
8929aeb1ad7ffff,0.009810654370646522,0.0,0.0,11.0
8929aeb1adbffff,0.1373311970702678,0.0,0.0,159.0
8929aeb1c03ffff,7.978009751627998,1.8570102135561743,18265.0,9223.0
8929aeb1c07ffff,8.003402918657155,2.431740614334471,26346.0,9252.0
8929aeb1c0bffff,7.548342767398489,5.974074769866617,28829.0,8727.0
8929aeb1c0fffff,8.115448803953008,4.425550468715937,25252.0,9382.0
8929aeb1c13ffff,8.574140131557417,2.2913561847988078,30211.0,9913.0
8929aeb1c17ffff,7.485108332787852,3.0814882446929923,24457.0,8653.0
8929aeb1c1bffff,6.591608300058913,5.809556548642146,31565.0,7621.0
8929aeb1c23ffff,9.643324607329843,5.129705480787986,28017.0,11147.0
8929aeb1c27ffff,8.307702375498986,4.21358517980385,30378.0,9603.0
8929aeb1c2bffff,11.138014527845035,6.762380357885976,25811.0,12875.0
8929aeb1c2fffff,3.792415169660679,2.450072060942969,27291.0,4384.0
8929aeb1c33ffff,8.174886278103218,5.144694533762058,25488.0,9450.0
8929aeb1c37ffff,2.801413797617489,1.1206328279499012,17280.0,3238.0
8929aeb1c3bffff,8.20160366552119,5.1698670605613,25885.0,9481.0
8929aeb1c43ffff,10.701783085228202,3.575268817204301,20661.0,12373.0
8929aeb1c47ffff,7.358570820927265,2.927328556806551,27314.0,8507.0
8929aeb1c4bffff,8.895504809265196,2.2001557632398754,28932.0,10285.0
8929aeb1c4fffff,7.725532541474428,5.3964300539643,26254.0,8932.0
8929aeb1c53ffff,10.547846576777065,5.241187384044527,23535.0,12195.0
8929aeb1c57ffff,7.539020320015706,5.535268114549298,28310.0,8716.0
8929aeb1c5bffff,10.242146596858639,1.5511633725293972,22666.0,11842.0
8929aeb1c63ffff,12.09147119442536,6.997695369788392,25569.0,13978.0
8929aeb1c67ffff,13.931422588666406,7.732593961799138,17251.0,16104.0
8929aeb1c6bffff,3.2649589426505705,6.7918277194919945,9723.0,3774.0
8929aeb1c6fffff,0.7362083633270073,0.0,0.0,851.0
8929aeb1c73ffff,7.176751644467716,1.193217500523341,27187.0,8297.0
8929aeb1c77ffff,9.427664517817991,1.7146776406035666,24762.0,10899.0
8929aeb1c7bffff,7.937702450675653,3.47985347985348,27320.0,9177.0
8929aeb1c83ffff,4.120573411010016,8.543417366946779,7523.0,4764.0
8929aeb1c87ffff,4.068073964981181,2.459016393442623,685.0,4703.0
8929aeb1c8bffff,8.498870962463592,4.114285714285714,4833.0,9826.0
8929aeb1c8fffff,10.152184585174275,1.355463347164592,20540.0,11737.0
8929aeb1c93ffff,5.217846738027431,5.821545157780196,9971.0,6033.0
8929aeb1c97ffff,2.9887390336519575,2.480916030534351,8830.0,3455.0
8929aeb1c9bffff,3.4108019639934533,2.369868810833686,13288.0,3944.0
8929aeb1ca3ffff,11.042743994239707,6.1053337806105334,32244.0,12766.0
8929aeb1ca7ffff,8.763949340576627,4.075414206817749,29013.0,10131.0
8929aeb1cabffff,8.986484275288804,2.5489140190271047,31271.0,10389.0
8929aeb1cafffff,8.275794364998855,2.7642559109874827,32216.0,9567.0
8929aeb1cb3ffff,2.9948939512961505,1.487754634927901,24791.0,3462.0
8929aeb1cb7ffff,7.18821603927987,3.1901161718605935,30240.0,8310.0
8929aeb1cbbffff,7.741154135707505,4.462151394422311,27625.0,8949.0
8929aeb1cc3ffff,9.162603488334042,3.2815964523281593,12563.0,10594.0
8929aeb1cc7ffff,6.557591623036648,2.697905573304934,15788.0,7582.0
8929aeb1ccbffff,6.965711294333203,0.6754772393538914,19480.0,8054.0
8929aeb1ccfffff,7.500981803901034,1.6862745098039214,28881.0,8673.0
8929aeb1cd3ffff,7.049813445048112,2.046191247974068,27850.0,8151.0
8929aeb1cd7ffff,6.133403155069712,1.1294526498696786,6555.0,7092.0
8929aeb1cdbffff,17.093289689034368,16.937269372693727,12966.0,19765.0
8929aeb1d03ffff,18.298150875470462,0.0,0.0,21148.0
8929aeb1d07ffff,4.123441437313873,0.0,0.0,4766.0
8929aeb1d0bffff,26.57962762998593,0.0,0.0,30720.0
8929aeb1d0fffff,9.64955335231177,0.0,0.0,11152.0
8929aeb1d13ffff,12.059429917858429,9.220261809903244,9187.0,13938.0
8929aeb1d17ffff,2.8536832804267434,0.0,0.0,3298.0
8929aeb1d1bffff,7.690545537847301,0.0,783.0,8889.0
8929aeb1d47ffff,8.647711284886956,0.0,0.0,9995.0
8929aeb1d53ffff,4.100399240788009,5.626598465473146,4251.0,4740.0
8929aeb1d57ffff,1.8000327278677792,0.0,0.0,2081.0
8929aeb1d5bffff,3.6946135218273444,1.2392755004766445,17902.0,4271.0
8929aeb1d63ffff,2.3167539267015704,0.0,0.0,2677.0
8929aeb1d6bffff,4.419654540696153,0.0,0.0,5108.0
8929aeb1d6fffff,0.0,0.0,0.0,0.0
8929aeb1d73ffff,9.87892670157068,0.0,0.0,11417.0
8929aeb1d7bffff,14.62696335078534,0.0,0.0,16905.0
8929aeb1d83ffff,8.602009754181532,2.9289572081429167,26916.0,9942.0
8929aeb1d87ffff,8.7951294556643,1.1864406779661016,6716.0,10165.0
8929aeb1d8bffff,9.455390456241409,4.4799999999999995,27510.0,10929.0
8929aeb1d8fffff,6.840124365897562,3.4980323567993,12712.0,7906.0
8929aeb1d93ffff,9.819003043890943,3.0216102505259133,29209.0,11349.0
8929aeb1d9bffff,8.729093706019048,3.4746180384425824,22562.0,10090.0
8929aeb1da3ffff,5.600104736032469,0.0,0.0,6472.0
8929aeb1da7ffff,8.884669525649,0.0,0.0,10268.0
8929aeb1dabffff,10.540443222364072,0.0,0.0,12182.0
8929aeb1dafffff,4.794632629684177,0.0,0.0,5541.0
8929aeb1db3ffff,12.090861482063367,6.134663341645885,10840.0,13974.0
8929aeb1db7ffff,5.586647029946,0.0,0.0,6456.0
8929aeb1dbbffff,5.491017376223044,0.0,0.0,6346.0
8929aeb1dc3ffff,2.7360497463590248,0.0,4101.0,3163.0
8929aeb1dc7ffff,12.84769945677073,4.581872809213821,21951.0,14850.0
8929aeb1dcbffff,6.95003435751448,11.627906976744185,3721.0,8034.0
8929aeb1dcfffff,7.451160051048792,4.844290657439446,6336.0,8612.0
8929aeb1dd3ffff,8.378059955491556,3.3057851239669422,22913.0,9684.0
8929aeb1dd7ffff,5.702127659574468,0.7037607213547393,26006.0,6591.0
8929aeb1ddbffff,8.94838477399928,0.7996953541507997,15005.0,10344.0
8929aeb1e03ffff,0.0,0.0,0.0,0.0
8929aeb1e07ffff,0.0,0.0,835.0,0.0
8929aeb1e0bffff,0.0,0.0,0.0,0.0
8929aeb1e0fffff,0.0,0.0,0.0,0.0
8929aeb1e13ffff,4.583674137084901,4.306598182536547,13951.0,5300.0
8929aeb1e17ffff,1.7761931242026758,1.1618900077459333,7350.0,2054.0
8929aeb1e1bffff,0.15374550212626759,0.0,1970.0,178.0
8929aeb1e23ffff,0.0,0.0,0.0,0.0
8929aeb1e27ffff,0.0,0.0,2316.0,0.0
8929aeb1e2bffff,0.0,0.0,6780.0,0.0
8929aeb1e2fffff,0.0,0.0,6388.0,0.0
8929aeb1e33ffff,0.0,0.0,6595.0,0.0
8929aeb1e37ffff,0.0,0.0,6417.0,0.0
8929aeb1e3bffff,0.0,0.0,0.0,0.0
8929aeb1e43ffff,0.019621950421871936,0.0,0.0,23.0
8929aeb1e47ffff,0.25515210991167814,0.0,4199.0,295.0
8929aeb1e4bffff,0.16680839929351737,0.0,0.0,193.0
8929aeb1e4fffff,0.05560825619050734,0.0,1521.0,64.0
8929aeb1e53ffff,0.05234403114469853,0.0,0.0,61.0
8929aeb1e57ffff,0.0,0.0,0.0,0.0
8929aeb1e5bffff,0.05560825619050734,0.0,0.0,64.0
8929aeb1e63ffff,0.0,0.0,0.0,0.0
8929aeb1e67ffff,0.0,0.0,2874.0,0.0
8929aeb1e6bffff,0.0,0.0,0.0,0.0
8929aeb1e6fffff,0.0,0.0,0.0,0.0
8929aeb1e73ffff,0.07850320554755985,0.0,6595.0,91.0
8929aeb1e77ffff,0.0,0.0,5161.0,0.0
8929aeb1e7bffff,0.0,0.0,0.0,0.0
8929aeb1e83ffff,5.162430071645892,3.9479210415791686,13173.0,5969.0
8929aeb1e87ffff,7.632913463111402,1.4064697609001406,16151.0,8825.0
8929aeb1e8bffff,7.9753999149465145,1.2708498808578237,21479.0,9221.0
8929aeb1e8fffff,8.654538315555264,2.645113886847906,15264.0,10006.0
8929aeb1e93ffff,8.077237767959417,2.023779408044523,22308.0,9339.0
8929aeb1e97ffff,8.296528936434717,0.16420361247947454,24515.0,9593.0
8929aeb1e9bffff,9.403527140660275,1.6350555918901242,17326.0,10873.0
8929aeb1ea3ffff,1.8941376602983513,5.2493438320209975,2079.0,2190.0
8929aeb1ea7ffff,0.0,0.0,0.0,0.0
8929aeb1eabffff,0.03270966897814994,0.0,3612.0,38.0
8929aeb1eafffff,0.08179557649522315,0.0,0.0,95.0
8929aeb1eb3ffff,10.274869109947645,1.1520737327188941,22239.0,11879.0
8929aeb1eb7ffff,2.123343693767381,2.7061855670103094,17395.0,2455.0
8929aeb1ebbffff,2.839756592292089,4.078014184397164,3116.0,3283.0
8929aeb1ec3ffff,0.0,0.0,0.0,0.0
8929aeb1ec7ffff,6.074980371630463,5.0568055246157275,24549.0,7024.0
8929aeb1ecbffff,0.05560461845419161,0.0,0.0,64.0
8929aeb1ecfffff,0.0,0.0,0.0,0.0
8929aeb1ed3ffff,4.547982855086215,1.7561298873426108,17078.0,5259.0
8929aeb1ed7ffff,8.639753991101806,4.150823827629911,17424.0,9990.0
8929aeb1edbffff,0.09487976443644691,0.0,1256.0,110.0
8929aeb2003ffff,5.454485855705248,1.1228070175438596,8116.0,6309.0
8929aeb2007ffff,8.01639344262295,2.4853801169590644,15368.0,9273.0
8929aeb200bffff,8.637361916937095,0.9607686148919135,14250.0,9991.0
8929aeb200fffff,2.5309815749786897,0.11655011655011654,4936.0,2928.0
8929aeb2013ffff,2.973478018555552,2.677165354330709,7119.0,3440.0
8929aeb2017ffff,3.4521194636593124,0.0,0.0,3993.0
8929aeb2023ffff,7.8143437786810015,2.1568129916264906,22211.0,9038.0
8929aeb2027ffff,6.546253196092572,1.0246613407433136,32826.0,7571.0
8929aeb202bffff,7.499918051594716,2.088772845953003,28080.0,8675.0
8929aeb202fffff,6.466944180405782,1.4323407463249151,30125.0,7480.0
8929aeb2033ffff,4.79344262295082,1.123876123876124,22804.0,5544.0
8929aeb2037ffff,6.42210857592447,1.7634854771784232,27274.0,7428.0
8929aeb203bffff,7.909660078014882,4.287245444801715,25718.0,9149.0
8929aeb2043ffff,4.825122103123873,0.315059861373661,9112.0,5582.0
8929aeb2047ffff,0.12128761555103913,0.0,4020.0,140.0
8929aeb204bffff,0.2917937116815842,0.0,0.0,338.0
8929aeb204fffff,0.039330077676903406,0.0,0.0,45.0
8929aeb2053ffff,6.807604064241232,1.6257465162574651,17078.0,7875.0
8929aeb205bffff,0.2556455048998722,0.0,5005.0,296.0
8929aeb2063ffff,1.5666480941299858,0.0,5282.0,1812.0
8929aeb2067ffff,3.146818762906874,0.0,16376.0,3640.0
8929aeb206bffff,1.4191603028415982,0.10214504596527069,5633.0,1642.0
8929aeb206fffff,1.2588100311424357,0.0,455.0,1456.0
8929aeb2073ffff,0.5441552481479053,0.0,0.0,629.0
8929aeb2077ffff,3.755899318300996,0.0,0.0,4344.0
8929aeb207bffff,2.281219272369715,0.0,0.0,2639.0
8929aeb2083ffff,1.4329748163693599,0.21478981282602025,18732.0,1658.0
8929aeb2087ffff,5.12492622467047,0.7269944518844462,29889.0,5928.0
8929aeb208bffff,0.8819093829912793,0.0,4458.0,1020.0
8929aeb208fffff,3.1406746877356326,1.8045112781954888,15045.0,3633.0
8929aeb2093ffff,6.9606557377049185,0.9230769230769231,29676.0,8052.0
8929aeb2097ffff,6.253279118572927,0.8437801350048216,23691.0,7234.0
8929aeb209bffff,1.803219566571588,0.18099547511312217,6353.0,2086.0
8929aeb20a3ffff,8.20575025407337,2.2356495468277946,18639.0,9491.0
8929aeb20a7ffff,5.334601134463425,2.1969399764613575,14360.0,6170.0
8929aeb20abffff,6.3305248664065825,0.6983240223463687,16381.0,7322.0
8929aeb20afffff,6.714974261451196,2.418010005558644,20223.0,7767.0
8929aeb20b3ffff,10.130815383102194,0.9603072983354672,26732.0,11718.0
8929aeb20b7ffff,8.180059670174748,2.1973858685357075,29739.0,9462.0
8929aeb20bbffff,3.530684500393391,0.0,4061.0,4084.0
8929aeb20cbffff,6.540554717723428,1.6517736257785,20920.0,7567.0
8929aeb20d3ffff,2.999704947054388,0.8785942492012779,28593.0,3470.0
8929aeb20d7ffff,6.397140796117778,2.2777047744196235,25701.0,7401.0
8929aeb20dbffff,6.275204091669126,2.4726581074655254,23628.0,7260.0
8929aeb2103ffff,5.911475409836066,0.997920997920998,13715.0,6836.0
8929aeb2107ffff,7.826486114298829,3.287671232876712,18300.0,9050.0
8929aeb210bffff,4.491067038190461,1.8767377201112143,24394.0,5194.0
8929aeb210fffff,9.254827394026817,1.5920398009950247,22787.0,10702.0
8929aeb2113ffff,1.9012653248541271,0.6314127861089187,7252.0,2199.0
8929aeb2117ffff,1.9178441464773957,0.0,19964.0,2218.0
8929aeb211bffff,1.7275856416980824,1.0111223458038423,16917.0,1998.0
8929aeb2123ffff,6.719989510260277,2.500573526038082,24480.0,7770.0
8929aeb2127ffff,3.3043763317488937,1.5090329436769394,26692.0,3821.0
8929aeb212bffff,8.209884635553225,0.3407880724174654,26951.0,9493.0
8929aeb212fffff,6.97826870759448,2.520790020790021,21606.0,8069.0
8929aeb2133ffff,7.468117890043602,1.4711892112791174,13887.0,8636.0
8929aeb2137ffff,9.864926890039998,0.3294892915980231,10454.0,11407.0
8929aeb213bffff,6.356543404143719,1.4109347442680775,19319.0,7350.0
8929aeb2143ffff,8.290987771694587,2.4003024003024,29745.0,9588.0
8929aeb2147ffff,7.702645121111804,8.538130225487713,20794.0,8908.0
8929aeb214bffff,1.1373693008620407,3.371970495258166,5282.0,1315.0
8929aeb214fffff,8.37047718930257,0.8609444299504304,21888.0,9680.0
8929aeb2153ffff,7.6277575638378075,0.6126616746085772,25229.0,8822.0
8929aeb2157ffff,4.989673146903583,2.72173582032737,29439.0,5770.0
8929aeb215bffff,8.268310274736084,3.131991051454139,22447.0,9563.0
8929aeb2163ffff,6.342182890855458,1.3032145960034751,19630.0,7334.0
8929aeb2167ffff,9.702691185629527,3.1262939958592133,26951.0,11219.0
8929aeb216bffff,8.89304094142328,4.808331486815865,24745.0,10284.0
8929aeb216fffff,7.008687100475332,1.518361581920904,16065.0,8104.0
8929aeb2173ffff,4.553202648659281,0.47493403693931396,21727.0,5265.0
8929aeb2177ffff,6.168873738035925,0.1719986240110079,16716.0,7133.0
8929aeb217bffff,9.81349765642925,5.758918162741898,23282.0,11348.0
8929aeb2183ffff,4.180876180482686,1.412608053974278,26934.0,4835.0
8929aeb2187ffff,0.26559118630729883,0.0,9314.0,307.0
8929aeb218bffff,5.560473427100751,0.5739955078612428,22948.0,6431.0
8929aeb218fffff,1.4162077104642015,0.0,6722.0,1638.0
8929aeb2193ffff,7.105383959603909,2.3043160204828093,30770.0,8217.0
8929aeb2197ffff,1.6690713536201467,0.45988758303525806,11220.0,1930.0
8929aeb219bffff,7.158315844700944,1.3599537037037037,19636.0,8279.0
8929aeb21a3ffff,2.8096518261097634,0.0,20131.0,3249.0
8929aeb21a7ffff,5.494001180095719,1.0244428468727533,31720.0,6353.0
8929aeb21abffff,4.163797908265303,1.1693952555963916,17038.0,4815.0
8929aeb21afffff,4.5681117596904315,1.8022181146025877,12240.0,5282.0
8929aeb21b3ffff,0.5901445854234287,0.7502206531332745,12954.0,682.0
8929aeb21b7ffff,2.501803396944062,4.339550818424058,14475.0,2893.0
8929aeb21bbffff,3.0525591002983705,0.0,0.0,3530.0
8929aeb21c3ffff,3.3078713569157134,1.4475271411338964,18824.0,3826.0
8929aeb21c7ffff,5.179648570679255,0.2204261572373255,23466.0,5990.0
8929aeb21cbffff,5.74313249852488,1.1036339165545088,21162.0,6642.0
8929aeb21cfffff,4.438616620226193,4.297994269340974,21162.0,5133.0
8929aeb21d3ffff,4.075677093579907,0.6804214223002634,26064.0,4714.0
8929aeb21d7ffff,5.702200216414729,0.5850234009360374,29364.0,6595.0
8929aeb21dbffff,5.8424313956919445,0.7784431137724551,19089.0,6757.0
8929aeb2203ffff,0.0,0.0,0.0,0.0
8929aeb2207ffff,5.535527005768222,1.335930976899527,20419.0,6403.0
8929aeb220bffff,0.0,0.0,0.0,0.0
8929aeb220fffff,0.04587606907625258,0.0,5437.0,53.0
8929aeb2213ffff,0.0,0.0,0.0,0.0
8929aeb2217ffff,0.0,0.0,0.0,0.0
8929aeb221bffff,0.0,0.0,0.0,0.0
8929aeb2223ffff,3.3192437497952096,1.9975031210986267,9043.0,3839.0
8929aeb2227ffff,5.249705072748722,0.18094089264173704,9533.0,6072.0
8929aeb222bffff,0.6421807935519807,0.0,0.0,743.0
8929aeb222fffff,3.578450648839953,3.3675432969852466,17355.0,4139.0
8929aeb2233ffff,2.7988070658407893,1.393188854489164,25684.0,3237.0
8929aeb2237ffff,3.5060126478587113,1.100975149418056,18109.0,4055.0
8929aeb223bffff,0.8290732730370953,0.0,8312.0,959.0
8929aeb2243ffff,0.0,0.0,0.0,0.0
8929aeb2247ffff,0.08193497640272679,0.0,5927.0,95.0
8929aeb224bffff,0.0,0.0,0.0,0.0
8929aeb224fffff,0.7404980340760158,0.0,9325.0,857.0
8929aeb2253ffff,0.0,0.0,0.0,0.0
8929aeb2257ffff,0.0,0.0,0.0,0.0
8929aeb225bffff,0.0,0.0,0.0,0.0
8929aeb2263ffff,0.0,0.0,0.0,0.0
8929aeb2267ffff,0.9272608125819135,6.854838709677419,2661.0,1073.0
8929aeb226bffff,0.0,0.0,0.0,0.0
8929aeb226fffff,0.9502277269897441,0.0,0.0,1099.0
8929aeb2273ffff,0.22282662122751254,0.0,5351.0,258.0
8929aeb2277ffff,0.0,0.0,0.0,0.0
8929aeb227bffff,0.04259362406212116,0.0,0.0,49.0
8929aeb2283ffff,0.04588960272715353,0.0,0.0,53.0
8929aeb2287ffff,0.38021567406339113,0.0,6497.0,440.0
8929aeb228bffff,0.21305188632862435,0.0,0.0,246.0
8929aeb228fffff,0.0,0.0,0.0,0.0
8929aeb2293ffff,0.0,0.0,4153.0,0.0
8929aeb2297ffff,1.0652594316431219,0.0,13018.0,1232.0
8929aeb229bffff,0.0,0.0,0.0,0.0
8929aeb22a3ffff,2.903680398518664,0.0,4303.0,3359.0
8929aeb22a7ffff,1.910786273802891,1.335113484646195,12770.0,2210.0
8929aeb22abffff,1.3928489496280274,0.16116035455278002,14273.0,1611.0
8929aeb22afffff,4.028319512275067,0.08462623413258111,20402.0,4660.0
8929aeb22b3ffff,0.21303792074989347,0.0,0.0,246.0
8929aeb22b7ffff,1.7238554058925704,0.0,7695.0,1994.0
8929aeb22bbffff,0.22613312358666796,0.0,9481.0,262.0
8929aeb22c3ffff,0.0,0.0,0.0,0.0
8929aeb22c7ffff,0.02622091117666339,0.0,0.0,30.0
8929aeb22cbffff,0.0,0.0,0.0,0.0
8929aeb22cfffff,0.0,0.0,0.0,0.0
8929aeb22d3ffff,0.0,0.0,0.0,0.0
8929aeb22d7ffff,0.0,0.0,0.0,0.0
8929aeb22dbffff,0.032769694586446456,0.0,0.0,38.0
8929aeb2303ffff,1.438731032674598,0.0,7194.0,1664.0
8929aeb2307ffff,3.217984008389042,0.398406374501992,24480.0,3721.0
8929aeb230bffff,1.3336391637722,0.5859375,11727.0,1542.0
8929aeb230fffff,2.254185642672258,1.7742730409068506,11480.0,2607.0
8929aeb2313ffff,0.8357367593078133,0.0,0.0,967.0
8929aeb2317ffff,3.2184058730991087,2.1252796420581657,10080.0,3722.0
8929aeb231bffff,0.0491593746927539,0.0,0.0,57.0
8929aeb2327ffff,9.242265338227583,3.2634833390587428,16220.0,10687.0
8929aeb232bffff,1.7369645724773046,0.7179896290386917,14337.0,2009.0
8929aeb232fffff,4.62692925254776,0.27010804321728693,19140.0,5350.0
8929aeb2333ffff,4.220874979518269,0.7204610951008645,11906.0,4881.0
8929aeb2343ffff,5.311793426614673,0.0946073793755913,12165.0,6143.0
8929aeb2347ffff,0.0,0.0,0.0,0.0
8929aeb234bffff,10.45905829155608,3.5852178709321567,10068.0,12097.0
8929aeb234fffff,3.3713387065067817,0.3293084522502744,10460.0,3899.0
8929aeb2353ffff,2.6118302474193023,0.9642654566080544,10057.0,3021.0
8929aeb2357ffff,0.016385921216490792,0.0,5892.0,19.0
8929aeb235bffff,8.211816364649211,0.9553317841466563,22095.0,9498.0
8929aeb2363ffff,6.623189355705578,2.1538461538461537,7327.0,7659.0
8929aeb2367ffff,4.527881528078108,0.0,294.0,5236.0
8929aeb2373ffff,0.13107877834578582,0.0,0.0,152.0
8929aeb2377ffff,0.6979258822372948,0.0,8076.0,807.0
8929aeb237bffff,7.385563091844424,0.9607686148919135,7125.0,8541.0
8929aeb2383ffff,4.388437336130047,4.556166535742341,20995.0,5075.0
8929aeb2387ffff,3.1266386995280544,1.962110960757781,25039.0,3616.0
8929aeb238bffff,4.7747009667376705,0.0,5927.0,5522.0
8929aeb238fffff,6.82987579064661,1.0531723606473156,22188.0,7899.0
8929aeb2393ffff,3.7764300934273067,0.0,13830.0,4368.0
8929aeb2397ffff,6.1524845942047985,2.038189229779017,26300.0,7116.0
8929aeb239bffff,2.9795463484987543,0.0,0.0,3446.0
8929aeb23a3ffff,7.3978170375954635,2.4654239326518343,28028.0,8555.0
8929aeb23a7ffff,4.988855382194835,1.7769607843137254,27700.0,5769.0
8929aeb23abffff,5.912621677427813,1.739618406285073,20172.0,6838.0
8929aeb23afffff,2.916789565103399,0.2724795640326975,31622.0,3373.0
8929aeb23b3ffff,13.2583827722967,11.321626617375232,22107.0,15333.0
8929aeb23b7ffff,8.203598702107437,2.5449101796407185,26248.0,9487.0
8929aeb23bbffff,7.3711120579463145,3.4067085953878404,21231.0,8524.0
8929aeb23c3ffff,0.4260199901687694,2.97951582867784,3001.0,493.0
8929aeb23c7ffff,0.4358512207111257,1.3215859030837005,2580.0,504.0
8929aeb23cbffff,0.5144673460694039,0.0,6255.0,595.0
8929aeb23cfffff,0.0,0.0,29.0,0.0
8929aeb23d3ffff,0.0,0.0,662.0,0.0
8929aeb23d7ffff,0.62266500622665,0.0,7235.0,720.0
8929aeb23dbffff,4.472770168425192,0.8424182358771061,23052.0,5173.0
8929aeb2403ffff,4.410703744999016,1.974933535890619,14867.0,5103.0
8929aeb2407ffff,3.9350713231677323,0.41703902293714623,19256.0,4553.0
8929aeb240bffff,0.1573822092527624,0.0,32423.0,182.0
8929aeb240fffff,1.771014397691122,0.40964952207555755,12603.0,2049.0
8929aeb2413ffff,1.1511216056670601,0.0,7476.0,1332.0
8929aeb2417ffff,6.0472895418620665,2.2407022407022406,24376.0,6997.0
8929aeb241bffff,0.0,0.0,19244.0,0.0
8929aeb2423ffff,5.44023610427939,0.5134474327628362,23437.0,6294.0
8929aeb2427ffff,4.701947668699587,1.0342950462710943,20943.0,5439.0
8929aeb242bffff,5.994228751311647,3.1376277632517233,23472.0,6935.0
8929aeb242fffff,6.423161415128364,1.1411182959300115,29940.0,7431.0
8929aeb2433ffff,5.529319165682802,0.26219192448872575,21911.0,6397.0
8929aeb2437ffff,5.5626619436518085,0.12725344644750797,27124.0,6435.0
8929aeb243bffff,3.8171443562668066,0.15503875968992248,11128.0,4416.0
8929aeb2443ffff,0.029511099452405154,0.0,1002.0,34.0
8929aeb2447ffff,0.8984490277732236,0.3853918150119288,31265.0,1040.0
8929aeb244bffff,1.6818569274145958,0.0,518.0,1946.0
8929aeb244fffff,0.06230529595015576,0.30102347983142685,9539.0,72.0
8929aeb2453ffff,0.7016853564168142,0.0,0.0,812.0
8929aeb2457ffff,0.0,0.0,23783.0,0.0
8929aeb2463ffff,3.0983606557377046,0.9492988133764834,26444.0,3585.0
8929aeb2467ffff,2.114684764433953,0.73449401523395,21018.0,2446.0
8929aeb246bffff,1.803219566571588,0.5102040816326531,32573.0,2086.0
8929aeb246fffff,1.491705461936922,0.09137426900584794,31490.0,1726.0
8929aeb2473ffff,0.5509280514199515,0.39154267815191857,7327.0,637.0
8929aeb2477ffff,1.4363010329562225,1.1853959222380275,12004.0,1662.0
8929aeb247bffff,1.013214414532577,0.15011258443832876,22988.0,1172.0
8929aeb2483ffff,5.454426186493489,0.7828810020876826,10950.0,6311.0
8929aeb2487ffff,1.8894538297523373,0.0,0.0,2186.0
8929aeb248bffff,1.6268695880346364,2.38961038961039,10823.0,1882.0
8929aeb248fffff,1.7122613658728598,0.29832935560859186,9625.0,1981.0
8929aeb249bffff,4.794857498934111,0.8238928939237898,11094.0,5548.0
8929aeb24a3ffff,2.1349862258953167,0.45558086560364464,12586.0,2470.0
8929aeb24a7ffff,4.2371769644496915,0.7805240661587065,30753.0,4902.0
8929aeb24abffff,3.3907197901295296,0.75,9147.0,3923.0
8929aeb24afffff,6.578559013544092,1.0,23380.0,7611.0
8929aeb24b3ffff,2.8143142978974645,0.8563110121596165,33345.0,3256.0
8929aeb24b7ffff,2.810665442261651,0.1492091912861832,38546.0,3252.0
8929aeb24bbffff,2.7744982290436835,0.48212133386902367,14268.0,3210.0
8929aeb24c3ffff,1.5546590573649512,0.0,0.0,1799.0
8929aeb24c7ffff,1.2365115287480732,0.47473719905052564,16906.0,1431.0
8929aeb24cbffff,0.7314353188139596,0.0,6353.0,846.0
8929aeb24cfffff,0.7575509133243695,0.0,5144.0,877.0
8929aeb24d3ffff,0.19350606756313546,0.0,0.0,224.0
8929aeb24d7ffff,0.05246933823047157,0.0,13323.0,61.0
8929aeb24dbffff,0.0,0.0,0.0,0.0
8929aeb2503ffff,3.803652818309998,0.25039123630672927,18357.0,4400.0
8929aeb2507ffff,2.7647502541733626,0.7107952021323856,12874.0,3198.0
8929aeb250bffff,7.4047353577753,0.7014809041309431,22015.0,8565.0
8929aeb250fffff,5.060177745712131,1.87018701870187,10276.0,5853.0
8929aeb2513ffff,0.7542714721411471,0.0,6900.0,872.0
8929aeb2517ffff,3.9980321416857985,0.0,0.0,4624.0
8929aeb251bffff,12.3171771496032,4.10403648032427,32705.0,14248.0
8929aeb2523ffff,0.7279165846940783,0.9286128845037724,9832.0,842.0
8929aeb2527ffff,2.0756139948191628,0.7987711213517665,18599.0,2400.0
8929aeb252bffff,5.656108597285068,1.0937863625785431,24480.0,6542.0
8929aeb252fffff,1.3607895858609043,1.9591141396933562,6630.0,1574.0
8929aeb2533ffff,9.173800387024828,2.6399491094147582,17631.0,10610.0
8929aeb2537ffff,3.7061331584125945,2.6359932901988974,23403.0,4286.0
8929aeb253bffff,4.905883124549091,1.5142150803461063,18357.0,5674.0
8929aeb2543ffff,4.899324457270283,1.671018276762402,21692.0,5667.0
8929aeb2547ffff,6.467482207864615,1.4850239114019632,22545.0,7481.0
8929aeb254bffff,8.070175438596491,0.36637931034482757,26628.0,9335.0
8929aeb254fffff,8.216932257852974,2.361546499477534,26911.0,9505.0
8929aeb2553ffff,4.374200741056497,0.43273753527751646,30482.0,5060.0
8929aeb2557ffff,4.912119622245541,0.51440329218107,27850.0,5682.0
8929aeb255bffff,5.371020100337738,0.8704061895551257,29520.0,6213.0
8929aeb2563ffff,5.695081967213115,1.221498371335505,27948.0,6587.0
8929aeb2567ffff,6.849629483900584,1.023219205037387,28973.0,7922.0
8929aeb256bffff,4.272271222007279,0.6162464985994398,20436.0,4941.0
8929aeb256fffff,6.291803278688525,2.0795660036166366,31190.0,7277.0
8929aeb2573ffff,7.79144121987211,0.629458665547629,27279.0,9012.0
8929aeb2577ffff,8.328961175236097,1.0920770877944324,26605.0,9633.0
8929aeb257bffff,5.039839984260746,0.8294930875576038,24791.0,5829.0
8929aeb2583ffff,2.7720368730111864,0.21929824561403508,26208.0,3207.0
8929aeb2587ffff,4.169537119049963,0.7023230686115614,21174.0,4823.0
8929aeb258bffff,0.4001836908744998,0.0,6313.0,463.0
8929aeb258fffff,3.4237365952841636,1.0,23950.0,3960.0
8929aeb2593ffff,4.0110196451411895,0.7412181759587496,17741.0,4640.0
8929aeb2597ffff,5.054116103640538,0.34616167786601504,28189.0,5846.0
8929aeb259bffff,0.49529307573719944,0.0,1878.0,573.0
8929aeb25a3ffff,1.423324150596878,0.0,9337.0,1646.0
8929aeb25a7ffff,2.7912621359223304,3.4482758620689653,14193.0,3228.0
8929aeb25abffff,4.998032270759543,0.5513016845329249,18703.0,5781.0
8929aeb25afffff,6.828692315261242,0.9371029224904702,35925.0,7898.0
8929aeb25b3ffff,4.339839265212399,0.10692328254477412,21525.0,5020.0
8929aeb25b7ffff,1.9119769119769119,0.3133393017009848,12828.0,2211.0
8929aeb25bbffff,3.115366957434249,1.1435832274459974,4481.0,3603.0
8929aeb25c3ffff,1.65966937811598,0.0,25949.0,1920.0
8929aeb25c7ffff,0.3345030006886826,0.0,680.0,387.0
8929aeb25cbffff,2.0789611752360964,0.145985401459854,23639.0,2405.0
8929aeb25cfffff,2.6726569161146454,0.5154639175257731,21122.0,3092.0
8929aeb25d3ffff,2.5778943916038046,0.05386479935362241,21375.0,2982.0
8929aeb25d7ffff,0.0,0.0,5725.0,0.0
8929aeb25dbffff,3.299658882183154,0.4904966278356836,28045.0,3817.0
8929aeb2603ffff,0.0,0.0,0.0,0.0
8929aeb2607ffff,0.0622787465582798,0.0,0.0,72.0
8929aeb260bffff,0.07538759054705169,0.0,0.0,87.0
8929aeb260fffff,0.0,0.0,0.0,0.0
8929aeb2613ffff,0.0,0.0,4314.0,0.0
8929aeb2617ffff,1.3769137461888994,0.0,6589.0,1593.0
8929aeb261bffff,0.0,0.0,6463.0,0.0
8929aeb2623ffff,1.5834508081172345,0.0,6468.0,1832.0
8929aeb2627ffff,0.0,0.0,0.0,0.0
8929aeb262fffff,0.0,0.0,6232.0,0.0
8929aeb2633ffff,2.799541058842813,0.0,6808.0,3239.0
8929aeb2637ffff,0.0,0.0,0.0,0.0
8929aeb2643ffff,0.0,0.0,0.0,0.0
8929aeb2647ffff,0.0,0.0,0.0,0.0
8929aeb264bffff,0.0,0.0,0.0,0.0
8929aeb264fffff,0.0,0.0,0.0,0.0
8929aeb2653ffff,1.0982166273275635,0.0,5651.0,1271.0
8929aeb2657ffff,0.0,0.0,0.0,0.0
8929aeb265bffff,0.0,0.0,0.0,0.0
8929aeb2663ffff,0.0,0.0,0.0,0.0
8929aeb2667ffff,0.0,0.0,0.0,0.0
8929aeb266bffff,0.0,0.0,0.0,0.0
8929aeb266fffff,0.055715783953854216,0.0,0.0,64.0
8929aeb2673ffff,0.0,0.0,0.0,0.0
8929aeb2677ffff,0.016391292945187517,0.0,0.0,19.0
8929aeb267bffff,0.0,0.0,0.0,0.0
8929aeb2683ffff,11.696443206031798,0.0,0.0,13534.0
8929aeb2687ffff,0.34426229508196726,0.0,6474.0,398.0
8929aeb268bffff,4.376331748893624,0.0,0.0,5064.0
8929aeb268fffff,8.669989506820567,0.0,0.0,10032.0
8929aeb2693ffff,0.0,0.0,0.0,0.0
8929aeb2697ffff,1.0262295081967214,0.0,6301.0,1187.0
8929aeb269bffff,1.2720060321935547,0.0,0.0,1472.0
8929aeb26a3ffff,0.1770317673671442,0.0,16934.0,205.0
8929aeb26a7ffff,0.3114345659585628,0.0,37734.0,360.0
8929aeb26abffff,0.0,0.0,22412.0,0.0
8929aeb26afffff,0.0,0.0,16664.0,0.0
8929aeb26b3ffff,0.0,0.0,4285.0,0.0
8929aeb26b7ffff,1.0984326841104335,0.45464878381450324,25223.0,1271.0
8929aeb26bbffff,1.9276792446644593,0.6936416184971098,9896.0,2230.0
8929aeb26c3ffff,0.0,0.0,0.0,0.0
8929aeb26c7ffff,0.0,0.0,0.0,0.0
8929aeb26cbffff,0.1376688081814606,0.0,0.0,159.0
8929aeb26cfffff,0.177020160629405,0.0,4861.0,205.0
8929aeb26d3ffff,0.0,0.0,0.0,0.0
8929aeb26d7ffff,0.0,0.0,0.0,0.0
8929aeb26dbffff,0.0,0.0,0.0,0.0
8929aeb2803ffff,10.549601809064988,2.45607406007935,29739.0,12193.0
8929aeb2807ffff,11.596197967879384,4.0579074358411935,25194.0,13403.0
8929aeb280bffff,6.8849128326124,1.9093078758949882,35510.0,7958.0
8929aeb280fffff,10.206756446803631,2.8380295965943643,27608.0,11797.0
8929aeb2813ffff,12.842533106070539,3.9852095316351686,26922.0,14844.0
8929aeb2817ffff,11.138062147633407,7.678983833718245,18420.0,12873.0
8929aeb2823ffff,10.77139861056495,3.9452495974235107,6872.0,12448.0
8929aeb2827ffff,16.494068296519632,6.00547730829421,27677.0,19061.0
8929aeb282bffff,13.674793550924106,6.611208406304729,12286.0,15804.0
8929aeb282fffff,18.240209732918235,3.434225844004657,9556.0,21079.0
8929aeb2833ffff,8.141059255374934,6.163384390955507,14820.0,9409.0
8929aeb2837ffff,7.688526201946712,2.6863666890530555,8346.0,8885.0
8929aeb283bffff,12.364005767466248,7.171606293450421,14613.0,14290.0
8929aeb2843ffff,10.164160031455815,2.5891256721768574,28172.0,11749.0
8929aeb2847ffff,13.907914140586596,6.002182611858857,14884.0,16075.0
8929aeb284bffff,7.5357950263752835,4.5877061469265366,18328.0,8711.0
8929aeb284fffff,11.436623410669812,2.71948608137045,26168.0,13219.0
8929aeb2853ffff,4.509257742094052,1.6246684350132625,17090.0,5212.0
8929aeb2857ffff,4.482894219425875,3.3255269320843093,11889.0,5182.0
8929aeb285bffff,1.1140235910878113,0.061595318755774564,18691.0,1288.0
8929aeb2863ffff,10.142220474505176,5.83054965077437,17862.0,11722.0
8929aeb2867ffff,11.240373586760608,0.15451174289245984,18611.0,12991.0
8929aeb286bffff,14.073200301451555,3.7697841726618706,19261.0,16265.0
8929aeb286fffff,10.804612763726903,1.1317907444668007,22643.0,12487.0
8929aeb2873ffff,4.993610537697828,1.6120365394948952,21093.0,5772.0
8929aeb2877ffff,10.512862526626249,5.540479421076435,24060.0,12150.0
8929aeb287bffff,21.214604090194022,5.198147195059187,10610.0,24520.0
8929aeb2883ffff,2.0097042816864468,14.68777484608619,5587.0,2323.0
8929aeb2887ffff,9.843319784974433,4.997620180866255,22994.0,11377.0
8929aeb288bffff,6.910902120129764,4.432523997741389,19498.0,7988.0
8929aeb288fffff,16.814130292305677,3.23874151758174,18069.0,19435.0
8929aeb2893ffff,12.2476402726796,5.284738041002278,35925.0,14157.0
8929aeb2897ffff,13.506425386834515,3.0518819938962363,16468.0,15612.0
8929aeb289bffff,14.319433516915813,6.456571867794005,14020.0,16552.0
8929aeb28a3ffff,13.813223194676633,1.0956175298804782,17159.0,15965.0
8929aeb28a7ffff,12.140679799403454,1.478129713423831,18812.0,14031.0
8929aeb28abffff,11.365647428964703,10.874490258269145,22660.0,13136.0
8929aeb28afffff,7.400609616203992,0.0,10765.0,8553.0
8929aeb28b3ffff,15.545722713864308,3.717472118959108,14918.0,17968.0
8929aeb28b7ffff,9.419862340216323,3.1679866611087952,13380.0,10887.0
8929aeb28bbffff,14.250131095962246,14.867994441871238,21174.0,16470.0
8929aeb28c3ffff,9.124278972207655,2.2977267171840623,23023.0,10547.0
8929aeb28c7ffff,9.304535920293656,3.3555729984301412,28368.0,10755.0
8929aeb28cbffff,8.517401848331914,0.823045267489712,16658.0,9846.0
8929aeb28d7ffff,11.39157515161449,3.180129990714949,24025.0,13168.0
8929aeb2903ffff,4.644074462506555,6.05515587529976,9026.0,5366.0
8929aeb2907ffff,1.9794192829520874,0.0,0.0,2287.0
8929aeb290bffff,1.753236113386859,0.0,0.0,2026.0
8929aeb290fffff,0.3375721027792344,0.0,0.0,390.0
8929aeb2913ffff,15.71667376839621,2.7836355967946016,13277.0,18161.0
8929aeb2917ffff,10.16749155986758,1.001001001001001,17090.0,11748.0
8929aeb291bffff,7.6983580768852615,1.453104359313078,17188.0,8896.0
8929aeb2923ffff,0.07866015535380681,0.0,0.0,91.0
8929aeb2927ffff,0.06227058206607236,0.0,4078.0,72.0
8929aeb292fffff,0.1573048436783116,0.0,0.0,182.0
8929aeb2933ffff,0.6750778305751269,0.0,0.0,780.0
8929aeb2937ffff,0.08521237545883587,0.0,1146.0,98.0
8929aeb293bffff,0.0,0.0,0.0,0.0
8929aeb2943ffff,10.827816739857115,0.444247001332741,12908.0,12512.0
8929aeb2947ffff,0.9372439783712928,0.0,0.0,1083.0
8929aeb294bffff,11.41471725312889,10.895084372707263,13991.0,13190.0
8929aeb294fffff,0.5176933158584535,0.0,0.0,598.0
8929aeb2953ffff,14.383561643835616,1.9141104294478528,23023.0,16622.0
8929aeb2957ffff,9.775840597758407,1.1345218800648298,17568.0,11296.0
8929aeb295bffff,15.397725410507684,20.199244245963584,13380.0,17794.0
8929aeb2963ffff,0.03604312067892133,0.0,783.0,42.0
8929aeb296bffff,0.0,0.0,6388.0,0.0
8929aeb2973ffff,0.04915776364947238,0.0,0.0,57.0
8929aeb2977ffff,0.0,0.0,0.0,0.0
8929aeb297bffff,0.1867811383818855,0.0,0.0,216.0
8929aeb2983ffff,21.675571142941426,8.321024126046282,10725.0,25047.0
8929aeb2987ffff,15.05178969450636,10.361182050346589,14152.0,17392.0
8929aeb298bffff,18.578124487856044,9.03384891279982,23374.0,21468.0
8929aeb298fffff,15.00917792054543,2.6165556612749765,23581.0,17343.0
8929aeb2993ffff,18.101950499918047,4.925893635571055,12563.0,20918.0
8929aeb2997ffff,22.617759858393153,8.679142934635205,19394.0,26136.0
8929aeb299bffff,35.66465652857892,11.099899091826437,5075.0,41214.0
8929aeb29a3ffff,15.086051466972627,6.965980097199723,23155.0,17431.0
8929aeb29a7ffff,2.642276422764228,0.7651559741024131,19423.0,3053.0
8929aeb29abffff,6.712333256858183,2.3008095440988496,13208.0,7756.0
8929aeb29afffff,0.7046407970634504,0.12698412698412698,9060.0,814.0
8929aeb29b3ffff,17.751556866601113,2.806122448979592,24140.0,20511.0
8929aeb29b7ffff,7.371836895240593,4.349870679520339,23432.0,8518.0
8929aeb29bbffff,14.537170578208993,2.34375,18000.0,16797.0
8929aeb29c3ffff,15.365453949524746,2.729284484878289,22787.0,17757.0
8929aeb29c7ffff,14.038940605742756,2.9742936052687488,26306.0,16223.0
8929aeb29cbffff,12.11575014747329,1.9931271477663228,24641.0,14001.0
8929aeb29cfffff,14.242175979026708,1.880192391779624,25851.0,16458.0
8929aeb29d3ffff,9.369776816438895,1.4453477868112015,12568.0,10828.0
8929aeb29d7ffff,20.351371726375824,9.241094475993805,20252.0,23518.0
8929aeb29dbffff,10.679516176615204,3.2400589101620034,18922.0,12342.0
8929aeb2a03ffff,14.726599613406282,3.7443357977581684,23247.0,17022.0
8929aeb2a07ffff,20.76534958390669,8.144542220557947,28259.0,24001.0
8929aeb2a0bffff,22.90683962264151,3.224087396749267,20920.0,26478.0
8929aeb2a0fffff,10.686322686322686,6.474396703943497,18305.0,12352.0
8929aeb2a13ffff,15.03030303030303,3.7180106228874936,22971.0,17374.0
8929aeb2a17ffff,14.130790904921039,4.954656049546561,24751.0,16334.0
8929aeb2a1bffff,31.325340670859536,9.275834011391375,19267.0,36210.0
8929aeb2a23ffff,0.6813640383922429,0.544959128065395,4205.0,787.0
8929aeb2a27ffff,2.0244373833000293,0.12893243940175347,22308.0,2340.0
8929aeb2a2bffff,7.906717762274409,2.4586689275116576,26508.0,9138.0
8929aeb2a2fffff,17.46208523043663,3.2981826340587843,24826.0,20181.0
8929aeb2a33ffff,12.742046459814555,3.3813400125234816,17775.0,14727.0
8929aeb2a37ffff,4.3610747051114025,1.1406844106463878,14976.0,5040.0
8929aeb2a3bffff,2.8139024470141183,7.834101382488479,2304.0,3252.0
8929aeb2a43ffff,5.077638734193802,1.8141742963716516,33356.0,5870.0
8929aeb2a47ffff,6.924109921063836,3.1718061674008813,25321.0,8004.0
8929aeb2a4bffff,6.101794838202541,2.1768341843590435,20966.0,7053.0
8929aeb2a4fffff,2.993972746331237,2.186421173762946,34272.0,3461.0
8929aeb2a53ffff,4.743497346524275,0.938566552901024,33437.0,5483.0
8929aeb2a57ffff,8.410602535958848,2.699195432130807,21594.0,9722.0
8929aeb2a5bffff,9.255618897844178,3.27896138482024,33471.0,10700.0
8929aeb2a63ffff,9.974776427424903,6.983005216220764,31841.0,11529.0
8929aeb2a67ffff,11.388797903701278,6.15188024826579,29612.0,13163.0
8929aeb2a6bffff,4.1835932381077185,2.542130819765781,39306.0,4836.0
8929aeb2a6fffff,11.046340265269363,4.973389612772986,29825.0,12767.0
8929aeb2a73ffff,1.98172229683252,0.8429118773946359,7453.0,2291.0
8929aeb2a77ffff,2.194706498951782,1.5337423312883436,7396.0,2537.0
8929aeb2a7bffff,4.159842777595808,2.143559488692232,28662.0,4808.0
8929aeb2a83ffff,16.322050004915294,3.4491769009668145,21283.0,18868.0
8929aeb2a87ffff,16.149963950973323,11.439029970258522,22297.0,18668.0
8929aeb2a8bffff,14.819790301441676,2.3696682464454977,21358.0,17131.0
8929aeb2a8fffff,18.530288634799987,7.8700811992504685,25488.0,21419.0
8929aeb2a93ffff,5.340410195924251,2.9779630732578917,18766.0,6173.0
8929aeb2a97ffff,4.374180865006553,1.5217391304347827,23484.0,5056.0
8929aeb2a9bffff,9.698240555682974,3.085867620751342,24964.0,11211.0
8929aeb2aa3ffff,4.868140868140868,0.8966695132365499,13369.0,5627.0
8929aeb2aa7ffff,12.89318479685452,2.9540114132259148,16652.0,14902.0
8929aeb2aabffff,14.285714285714285,7.29767349373633,26853.0,16512.0
8929aeb2aafffff,6.26085247190643,1.6481410502108087,14780.0,7236.0
8929aeb2ab3ffff,8.490349641183602,4.169046259280411,19331.0,9814.0
8929aeb2ab7ffff,11.897506471378486,8.961593172119487,22118.0,13751.0
8929aeb2abbffff,15.354627354627354,5.937794533459001,28742.0,17748.0
8929aeb2ac3ffff,12.632682479360502,5.248146035367941,28702.0,14604.0
8929aeb2ac7ffff,15.88258419604246,7.40975300823306,25263.0,18360.0
8929aeb2acbffff,7.8525798525798525,5.28642475594032,29618.0,9078.0
8929aeb2acfffff,9.932516543274586,4.850555081127242,32089.0,11482.0
8929aeb2ad3ffff,10.958589961997117,2.77164089174533,27884.0,12669.0
8929aeb2ad7ffff,17.64050466983451,6.64384940608013,26709.0,20393.0
8929aeb2adbffff,4.947575360419397,1.900709219858156,19918.0,5720.0
8929aeb2b03ffff,1.4937596226291479,0.0,0.0,1726.0
8929aeb2b07ffff,0.0,0.0,0.0,0.0
8929aeb2b0bffff,4.0657864561150605,0.0,2586.0,4698.0
8929aeb2b0fffff,0.2391717449708407,0.0,5869.0,276.0
8929aeb2b13ffff,1.2679378808728132,0.04349717268377556,13236.0,1465.0
8929aeb2b17ffff,0.21952817824377455,0.0,0.0,254.0
8929aeb2b1bffff,3.121928847539802,0.2612330198537095,10996.0,3608.0
8929aeb2b23ffff,0.02293202293202293,0.0,2079.0,26.0
8929aeb2b27ffff,0.35707265937233834,0.0,7177.0,413.0
8929aeb2b2bffff,0.13757410986275345,0.0,5172.0,159.0
8929aeb2b2fffff,0.9925314465408804,0.0,1872.0,1147.0
8929aeb2b33ffff,0.1441630352871793,0.0,0.0,167.0
8929aeb2b37ffff,0.19984929397503523,0.0,2984.0,231.0
8929aeb2b3bffff,0.0,0.0,0.0,0.0
8929aeb2b43ffff,6.368967663728991,6.084656084656085,8179.0,7360.0
8929aeb2b47ffff,7.407286069977722,0.0,697.0,8560.0
8929aeb2b4bffff,11.169707491237839,2.494908350305499,11030.0,12908.0
8929aeb2b4fffff,3.3702345080571203,0.0,0.0,3895.0
8929aeb2b53ffff,8.030010156275596,0.7213114754098361,17441.0,9280.0
8929aeb2b57ffff,8.334698424139173,0.9666080843585236,6492.0,9632.0
8929aeb2b5bffff,4.147148425983556,0.0,13081.0,4793.0
8929aeb2b63ffff,2.8661272888073634,0.0,3969.0,3312.0
8929aeb2b6bffff,6.911914043305926,0.09416195856873823,6111.0,7987.0
8929aeb2b6fffff,2.0866090146750524,0.0,4452.0,2411.0
8929aeb2b73ffff,4.366197183098591,0.9162848812994586,13703.0,5045.0
8929aeb2b77ffff,0.23913257116650832,0.0,7114.0,276.0
8929aeb2b7bffff,9.85523385300668,0.0,7638.0,11388.0
8929aeb2b83ffff,2.319486305857686,0.0,4959.0,2680.0
8929aeb2b87ffff,8.211278220125168,2.2761760242792106,18547.0,9489.0
8929aeb2b8bffff,4.273168174072618,5.641421947449768,7033.0,4938.0
8929aeb2b8fffff,1.6809751621993576,0.0,15863.0,1943.0
8929aeb2b93ffff,15.63769825665225,5.224248398225726,11076.0,18072.0
8929aeb2b97ffff,14.512746575791336,9.59119496855346,9936.0,16771.0
8929aeb2b9bffff,6.225833934071695,0.8351648351648353,12995.0,7195.0
8929aeb2ba3ffff,0.0,0.0,0.0,0.0
8929aeb2ba7ffff,0.0,0.0,6445.0,0.0
8929aeb2babffff,0.0,0.0,0.0,0.0
8929aeb2bafffff,0.0,0.0,132.0,0.0
8929aeb2bb3ffff,0.11140965987286192,0.0,0.0,129.0
8929aeb2bb7ffff,0.07864468984500443,0.0,1826.0,91.0
8929aeb2bbbffff,0.0,0.0,0.0,0.0
8929aeb2bc3ffff,5.924566634990333,3.4530386740331496,12079.0,6847.0
8929aeb2bc7ffff,4.875172007076863,5.7534246575342465,5944.0,5634.0
8929aeb2bcbffff,3.4037674037674033,0.0,0.0,3934.0
8929aeb2bcfffff,0.9073637316561846,1.2071463061323033,11785.0,1049.0
8929aeb2bd3ffff,7.224770642201834,7.10295291300878,13409.0,8350.0
8929aeb2bd7ffff,14.690079937098677,1.9138755980861244,3542.0,16977.0
8929aeb2bdbffff,5.802752293577982,0.0,5628.0,6706.0
8929aeb2c03ffff,9.731873606922774,1.1904761904761905,26772.0,11251.0
8929aeb2c07ffff,7.781093222284159,4.1390150192106185,31617.0,8995.0
8929aeb2c0bffff,6.5473263171699285,0.7713498622589532,20748.0,7569.0
8929aeb2c0fffff,9.59609205953708,1.5835579514824796,16825.0,11094.0
8929aeb2c13ffff,8.960949539329158,2.254283137962128,18732.0,10360.0
8929aeb2c17ffff,10.19732529172676,6.832694763729247,25212.0,11789.0
8929aeb2c1bffff,8.72016784683976,0.4471771939631079,20517.0,10082.0
8929aeb2c23ffff,6.740762597947608,3.160123798664278,34243.0,7792.0
8929aeb2c27ffff,10.47731445056386,1.98482194979568,19342.0,12111.0
8929aeb2c2bffff,6.631264955583964,2.825698988697204,18818.0,7665.0
8929aeb2c2fffff,14.572749024877904,1.2011356191308145,26058.0,16845.0
8929aeb2c33ffff,7.8292514999508205,0.8477508650519031,33011.0,9051.0
8929aeb2c37ffff,8.990753492032265,3.021032504780115,14607.0,10393.0
8929aeb2c3bffff,8.911183239893775,1.5559938636861714,25874.0,10301.0
8929aeb2c43ffff,8.888524590163934,4.822485207100591,18530.0,10276.0
8929aeb2c47ffff,4.442331650383581,1.2968299711815563,15782.0,5136.0
8929aeb2c4bffff,3.2354290959155576,1.3783403656821378,20195.0,3741.0
8929aeb2c4fffff,8.514682747771369,5.251560778553067,14861.0,9844.0
8929aeb2c53ffff,9.55549727922376,2.0549224733794134,30200.0,11048.0
8929aeb2c57ffff,15.6935383404911,4.684885666480758,19688.0,18144.0
8929aeb2c5bffff,5.375639176609414,2.176901924839597,24589.0,6215.0
8929aeb2c63ffff,3.9628949783663305,3.1799163179916317,13329.0,4581.0
8929aeb2c67ffff,5.375462978137599,0.6963533076782115,31213.0,6214.0
8929aeb2c6bffff,2.501311303435615,1.494602823138666,20500.0,2892.0
8929aeb2c6fffff,5.0766911379129525,2.23995090518564,18351.0,5869.0
8929aeb2c73ffff,7.8892166502785965,1.2410601598653765,27043.0,9120.0
8929aeb2c77ffff,6.536419065101947,1.4461472048348802,26300.0,7556.0
8929aeb2c7bffff,10.455245649110157,2.203182374541004,27613.0,12087.0
8929aeb2c83ffff,7.262056981738303,5.092118730808598,21364.0,8396.0
8929aeb2c87ffff,4.689293326774881,2.13404468156052,16906.0,5421.0
8929aeb2c8bffff,9.181833087391375,1.8575851393188854,23737.0,10616.0
8929aeb2c8fffff,6.055737704918033,2.4073637007316497,23818.0,7001.0
8929aeb2c93ffff,7.403764181257786,2.432492747154653,25183.0,8560.0
8929aeb2c97ffff,7.069779643231899,2.2191874359849777,32993.0,8174.0
8929aeb2c9bffff,8.133892859484625,1.3306852035749752,28616.0,9404.0
8929aeb2ca3ffff,9.0,1.9327915660004393,25718.0,10404.0
8929aeb2ca7ffff,10.924231992393691,0.08087343307723413,14233.0,12628.0
8929aeb2cabffff,9.379097823236297,1.272678039534254,21001.0,10842.0
8929aeb2cafffff,8.259016393442623,0.7306477093206951,28956.0,9547.0
8929aeb2cb3ffff,9.654358234406768,1.3895543842836608,23708.0,11161.0
8929aeb2cb7ffff,10.142978946678035,1.4708655478031303,30096.0,11725.0
8929aeb2cbbffff,9.003869106170896,0.9914624070503993,20707.0,10409.0
8929aeb2cc3ffff,17.881967213114756,12.731549544251692,17096.0,20675.0
8929aeb2cc7ffff,13.143400432758506,7.252135903039937,26888.0,15196.0
8929aeb2ccbffff,6.894855906363725,0.5953857603572315,23080.0,7972.0
8929aeb2ccfffff,8.735127339473598,1.203530355710083,21277.0,10099.0
8929aeb2cd3ffff,6.056134828513345,3.3306255077173033,13709.0,7002.0
8929aeb2cd7ffff,9.739301524840139,3.007518796992481,22291.0,11261.0
8929aeb2cdbffff,11.087797521474002,1.6413750387116752,18294.0,12820.0
8929aeb2d03ffff,12.050365609732106,1.4867485455720748,26335.0,13927.0
8929aeb2d07ffff,19.700347518195528,3.5328532853285326,24693.0,22768.0
8929aeb2d0bffff,12.977349460779495,2.443133951137321,26680.0,14999.0
8929aeb2d0fffff,18.244107137002917,3.686529098075585,23927.0,21085.0
8929aeb2d13ffff,12.203278688524591,2.9517762141753905,32573.0,14104.0
8929aeb2d17ffff,13.920398662382794,2.2316043425814236,18674.0,16088.0
8929aeb2d1bffff,15.139990820274079,3.221649484536082,12977.0,17499.0
8929aeb2d23ffff,14.07684238132704,2.1479713603818613,9446.0,16267.0
8929aeb2d27ffff,16.19131917125623,1.7898235745333675,22124.0,18710.0
8929aeb2d2bffff,11.201809598741148,0.0,0.0,12945.0
8929aeb2d2fffff,20.34948527965379,4.40354147250699,23633.0,23515.0
8929aeb2d33ffff,20.29503360104901,8.67686170212766,15823.0,23454.0
8929aeb2d37ffff,15.071142875876992,2.495075508864084,8554.0,17416.0
8929aeb2d3bffff,21.48828060973611,19.091751621872106,15085.0,24833.0
8929aeb2d43ffff,12.681503818545348,5.376344086021505,21289.0,14658.0
8929aeb2d47ffff,13.081814606004983,3.817632518538863,20172.0,15120.0
8929aeb2d4bffff,13.320438004065307,7.68521364893944,17297.0,15396.0
8929aeb2d4fffff,10.612418857779819,6.855879100626612,14556.0,12266.0
8929aeb2d53ffff,13.801921122512539,5.460502366217692,14959.0,15953.0
8929aeb2d57ffff,12.49057469757073,1.954887218045113,3756.0,14437.0
8929aeb2d5bffff,19.373975745657162,6.796116504854369,15483.0,22394.0
8929aeb2d63ffff,21.918436926304746,4.324196597353497,23322.0,25331.0
8929aeb2d6bffff,9.98656222346039,1.263219741480611,19359.0,11541.0
8929aeb2d6fffff,25.186836239674836,5.381944444444445,25114.0,29107.0
8929aeb2d73ffff,21.3454414319903,6.07245780156443,26283.0,24669.0
8929aeb2d7bffff,8.530028848675583,3.920642418516769,11716.0,9858.0
8929aeb2d83ffff,15.787920519378321,5.46448087431694,23916.0,18248.0
8929aeb2d87ffff,19.65573770491803,9.369287020109688,22844.0,22717.0
8929aeb2d8bffff,19.358011738089772,7.093425605536333,21652.0,22374.0
8929aeb2d8fffff,14.957377049180328,2.061005770816158,27372.0,17287.0
8929aeb2d93ffff,15.098547207555832,2.0273571079628723,23103.0,17452.0
8929aeb2d97ffff,20.636951031519565,4.12833215380986,23409.0,23852.0
8929aeb2d9bffff,14.77425489360307,2.9250000000000003,22366.0,17077.0
8929aeb2da3ffff,13.19474046627537,3.1935736677115987,28460.0,15249.0
8929aeb2da7ffff,12.373364807711223,4.665088427795572,39433.0,14299.0
8929aeb2dabffff,16.12014690451207,5.979673835972584,22913.0,18630.0
8929aeb2dafffff,16.98694825211517,4.010695187165775,24814.0,19631.0
8929aeb2db3ffff,14.873106433208735,2.528497409326425,27089.0,17189.0
8929aeb2db7ffff,12.036854875729556,3.787179013486052,29998.0,13911.0
8929aeb2dbbffff,14.287119299741008,2.453365774533658,27711.0,16512.0
8929aeb2dc3ffff,13.968201934109162,3.3050663187649487,25615.0,16146.0
8929aeb2dc7ffff,14.947050916363397,12.24849463944779,34416.0,17276.0
8929aeb2dcbffff,11.03495769659605,3.2350689127105667,29117.0,12755.0
8929aeb2dcfffff,9.659333092888293,0.9874917709019092,25989.0,11165.0
8929aeb2dd3ffff,7.726855494361395,1.661049590755898,23530.0,8932.0
8929aeb2dd7ffff,9.528181251844323,3.05036651690707,23616.0,11013.0
8929aeb2ddbffff,8.914461820923904,2.241690286008761,21853.0,10304.0
8929aeb2e03ffff,12.990332623300016,5.785123966942149,20356.0,15019.0
8929aeb2e13ffff,8.564966566146584,2.1546261089987326,26680.0,9903.0
8929aeb2e17ffff,5.128961426277325,0.9850651414045123,17948.0,5930.0
8929aeb2e1bffff,7.514337211207603,1.7419843473870236,22418.0,8688.0
8929aeb2e27ffff,2.592422653382276,1.1208724628900333,18801.0,2997.0
8929aeb2e2fffff,6.910902120129764,3.1181789834736513,17896.0,7989.0
8929aeb2e33ffff,11.123127847147117,1.6365496079099897,16618.0,12859.0
8929aeb2e43ffff,10.918146667540467,2.1294718909710393,19855.0,12624.0
8929aeb2e47ffff,10.327992398178184,3.0913266207383856,31599.0,11941.0
8929aeb2e4bffff,4.3379967890960325,1.542257865515114,9193.0,5016.0
8929aeb2e4fffff,10.401101061738105,2.224725429456491,19999.0,12026.0
8929aeb2e53ffff,7.4064363898538375,1.5254237288135595,26772.0,8564.0
8929aeb2e57ffff,7.907068191499819,2.6154116201509567,31956.0,9142.0
8929aeb2e5bffff,7.2285208729274535,3.597710547833197,6791.0,8358.0
8929aeb2e63ffff,20.0262123197903,4.946911196911197,22689.0,23152.0
8929aeb2e67ffff,9.888921655362234,2.038536721586149,20206.0,11432.0
8929aeb2e6bffff,7.722551685724582,1.4613778705636742,24468.0,8928.0
8929aeb2e6fffff,12.122403512220693,5.529027393817542,21652.0,14014.0
8929aeb2e7bffff,10.276239473080578,3.0849284519606024,30038.0,11881.0
8929aeb2e83ffff,8.259587020648967,1.7902315625608094,29071.0,9550.0
8929aeb2e87ffff,6.056633455689565,3.1664411366711773,20609.0,7002.0
8929aeb2e8bffff,12.02241300216266,4.15694591728526,26029.0,13901.0
8929aeb2e8fffff,4.158883099006981,4.257060990585345,13473.0,4808.0
8929aeb2e93ffff,7.202806373352567,1.199890919007363,20868.0,8328.0
8929aeb2e97ffff,5.815630736952531,0.7719878687620623,20730.0,6724.0
8929aeb2e9bffff,11.36132690857836,2.025435704192181,23962.0,13137.0
8929aeb2ea3ffff,1.6947485740510064,0.05557099194220616,20719.0,1959.0
8929aeb2ea7ffff,6.3120637105496025,1.3013237603769352,25338.0,7297.0
8929aeb2eabffff,6.256144720456184,0.16963528413910092,13559.0,7233.0
8929aeb2eafffff,3.808212892865336,2.583423035522067,10426.0,4402.0
8929aeb2eb3ffff,1.982891416210547,1.1467215524845633,19365.0,2292.0
8929aeb2eb7ffff,6.263520157325467,1.6881827209533267,28512.0,7241.0
8929aeb2ebbffff,1.2686028977905985,1.10803324099723,12338.0,1467.0
8929aeb2ec3ffff,8.766180566934295,5.1143583227446,34410.0,10136.0
8929aeb2ec7ffff,9.832519419225854,1.5772870662460567,26957.0,11369.0
8929aeb2ecfffff,6.486823128359774,1.5671251958906496,32561.0,7500.0
8929aeb2ed3ffff,3.9786320584668826,2.086882453151618,26484.0,4601.0
8929aeb2ed7ffff,8.337429947891064,3.5880708294501398,23835.0,9640.0
8929aeb3023ffff,2.5120361575999737,1.1198208286674132,10172.0,2907.0
8929aeb3027ffff,0.0,0.0,0.0,0.0
8929aeb302bffff,4.048211712301848,0.0979431929480901,11750.0,4684.0
8929aeb302fffff,0.06878480183426137,0.0,5432.0,80.0
8929aeb3033ffff,4.448812448812449,0.0,10892.0,5148.0
8929aeb3037ffff,0.13756960366852275,0.0,0.0,159.0
8929aeb3063ffff,7.237833235082203,6.851164360445495,15898.0,8375.0
8929aeb3067ffff,1.9027345668904536,1.2843382090617197,15938.0,2202.0
8929aeb306bffff,1.4016702145079418,0.0,3306.0,1622.0
8929aeb306fffff,0.0,0.0,8312.0,0.0
8929aeb30afffff,6.559633027522936,1.8211920529801324,10247.0,7590.0
8929aeb3103ffff,0.0,0.0,0.0,0.0
8929aeb3107ffff,0.0,0.0,0.0,0.0
8929aeb310bffff,0.0,0.0,0.0,0.0
8929aeb310fffff,0.0,0.0,0.0,0.0
8929aeb3113ffff,0.0,0.0,0.0,0.0
8929aeb3117ffff,0.0,0.0,0.0,0.0
8929aeb311bffff,0.0,0.0,0.0,0.0
8929aeb3123ffff,0.0,0.0,0.0,0.0
8929aeb3127ffff,0.0,0.0,1014.0,0.0
8929aeb312bffff,0.0,0.0,0.0,0.0
8929aeb312fffff,0.0,0.0,0.0,0.0
8929aeb3133ffff,0.0,0.0,0.0,0.0
8929aeb3137ffff,0.0,0.0,668.0,0.0
8929aeb313bffff,0.0,0.0,0.0,0.0
8929aeb3143ffff,0.0,0.0,0.0,0.0
8929aeb3147ffff,0.0,0.0,0.0,0.0
8929aeb314bffff,0.0,0.0,0.0,0.0
8929aeb314fffff,0.2718637405830331,3.089887640449438,9936.0,315.0
8929aeb3153ffff,0.0,0.0,0.0,0.0
8929aeb3157ffff,0.0,0.0,0.0,0.0
8929aeb315bffff,0.0,0.0,0.0,0.0
8929aeb3163ffff,0.07204610951008646,0.0,3404.0,83.0
8929aeb3167ffff,0.0,0.0,0.0,0.0
8929aeb316bffff,1.8731375053214132,0.3784139519578809,34877.0,2167.0
8929aeb316fffff,0.3897933112778014,3.10077519379845,2880.0,451.0
8929aeb3173ffff,0.0,0.0,0.0,0.0
8929aeb3177ffff,0.0,0.0,0.0,0.0
8929aeb317bffff,0.10154279537488944,0.7821901323706378,18996.0,117.0
8929aeb3183ffff,0.0,0.0,0.0,0.0
8929aeb3187ffff,0.0,0.0,0.0,0.0
8929aeb318bffff,0.0,0.0,0.0,0.0
8929aeb318fffff,0.0,0.0,0.0,0.0
8929aeb3193ffff,0.0,0.0,0.0,0.0
8929aeb3197ffff,0.0,0.0,0.0,0.0
8929aeb319bffff,0.0,0.0,0.0,0.0
8929aeb31a3ffff,0.0,0.0,0.0,0.0
8929aeb31a7ffff,0.0,0.0,6405.0,0.0
8929aeb31abffff,0.0,0.0,0.0,0.0
8929aeb31afffff,0.0,0.0,138.0,0.0
8929aeb31b3ffff,0.0,0.0,0.0,0.0
8929aeb31b7ffff,0.0,0.0,6261.0,0.0
8929aeb31bbffff,0.0,0.0,0.0,0.0
8929aeb31c3ffff,0.0,0.0,0.0,0.0
8929aeb31c7ffff,0.0,0.0,0.0,0.0
8929aeb31cbffff,0.0,0.0,0.0,0.0
8929aeb31cfffff,0.0,0.0,0.0,0.0
8929aeb31d3ffff,0.078634382883916,0.0,893.0,91.0
8929aeb31d7ffff,0.0,0.0,0.0,0.0
8929aeb31dbffff,0.0,0.0,2022.0,0.0
8929aeb3327ffff,3.8831772640953446,0.0,12355.0,4492.0
8929aeb3337ffff,4.1197275347131255,0.5358509823934677,22452.0,4766.0
8929aeb3383ffff,2.698631034256894,0.0,2523.0,3122.0
8929aeb3387ffff,0.34713125491223473,0.0,1544.0,402.0
8929aeb338bffff,4.142244343298733,3.2956458984844836,23155.0,4793.0
8929aeb338fffff,5.498248026983659,3.439922480620155,11480.0,6361.0
8929aeb3393ffff,0.9695699171279767,0.0,2868.0,1122.0
8929aeb3397ffff,0.0,0.0,0.0,0.0
8929aeb339bffff,0.5306082342537094,0.0,28195.0,614.0
8929aeb33a3ffff,4.289877853096244,0.727016885553471,24382.0,4963.0
8929aeb33a7ffff,2.7411167512690358,0.17777777777777778,32342.0,3171.0
8929aeb33afffff,5.714566413413675,0.5219660722053067,26346.0,6611.0
8929aeb33b3ffff,1.9554536521454309,0.031466331025802395,18300.0,2262.0
8929aeb33b7ffff,0.8056592650815484,0.039085401602501464,29462.0,932.0
8929aeb33c3ffff,3.880919630575751,0.0,13317.0,4491.0
8929aeb33c7ffff,12.413635024067586,2.547770700636943,14100.0,14363.0
8929aeb33d3ffff,2.0532468808330875,0.0,10143.0,2376.0
8929aeb33d7ffff,0.19650869550977632,0.0,19774.0,227.0
8929aeb3503ffff,0.0,0.0,0.0,0.0
8929aeb3507ffff,0.0,0.0,0.0,0.0
8929aeb350bffff,0.0,0.0,0.0,0.0
8929aeb350fffff,0.08191886755357494,0.0,0.0,95.0
8929aeb3513ffff,0.0,0.0,0.0,0.0
8929aeb3517ffff,0.0,0.0,0.0,0.0
8929aeb351bffff,0.5439234575182673,0.0,0.0,629.0
8929aeb3523ffff,0.0,0.0,0.0,0.0
8929aeb3527ffff,0.0,0.0,0.0,0.0
8929aeb352bffff,0.0,0.0,0.0,0.0
8929aeb352fffff,0.0,0.0,0.0,0.0
8929aeb3533ffff,0.0032769694586446455,0.0,0.0,4.0
8929aeb3537ffff,0.029491758691876657,0.0,0.0,34.0
8929aeb353bffff,0.0,0.0,0.0,0.0
8929aeb3563ffff,0.0,0.0,0.0,0.0
8929aeb3567ffff,0.0,0.0,0.0,0.0
8929aeb356fffff,0.0,0.0,0.0,0.0
8929aeb3573ffff,0.0,0.0,0.0,0.0
8929aeb3577ffff,0.0,0.0,0.0,0.0
8929aeb3583ffff,0.0,0.0,0.0,0.0
8929aeb3587ffff,0.0,0.0,0.0,0.0
8929aeb358bffff,0.0,0.0,0.0,0.0
8929aeb358fffff,0.0,0.0,0.0,0.0
8929aeb3593ffff,0.0,0.0,0.0,0.0
8929aeb3597ffff,0.0,0.0,0.0,0.0
8929aeb359bffff,0.0,0.0,0.0,0.0
8929aeb35a3ffff,0.0,0.0,0.0,0.0
8929aeb35a7ffff,0.0,0.0,0.0,0.0
8929aeb35abffff,0.0,0.0,0.0,0.0
8929aeb35afffff,0.0,0.0,0.0,0.0
8929aeb35b3ffff,0.0,0.0,0.0,0.0
8929aeb35b7ffff,0.0,0.0,0.0,0.0
8929aeb35bbffff,0.0,0.0,0.0,0.0
8929aeb35c7ffff,0.05242635735115829,0.0,4596.0,61.0
8929aeb35d7ffff,0.072109869218919,0.0,6307.0,83.0
8929aeb4003ffff,0.0,0.0,0.0,0.0
8929aeb4007ffff,0.0,0.0,0.0,0.0
8929aeb400fffff,0.0,0.0,5743.0,0.0
8929aeb4013ffff,0.0,0.0,0.0,0.0
8929aeb4017ffff,0.0,0.0,0.0,0.0
8929aeb4033ffff,0.0,0.0,0.0,0.0
8929aeb4043ffff,0.0,0.0,0.0,0.0
8929aeb4053ffff,0.0,0.0,0.0,0.0
8929aeb4057ffff,2.024105856150924,4.081632653061225,5956.0,2336.0
8929aeb405bffff,0.0,0.0,0.0,0.0
8929aeb4083ffff,0.0,0.0,0.0,0.0
8929aeb4087ffff,0.0,0.0,0.0,0.0
8929aeb408bffff,0.0,0.0,0.0,0.0
8929aeb408fffff,0.0,0.0,0.0,0.0
8929aeb4093ffff,0.0,0.0,0.0,0.0
8929aeb4097ffff,0.0,0.0,0.0,0.0
8929aeb409bffff,0.0,0.0,0.0,0.0
8929aeb40a3ffff,0.0,0.0,0.0,0.0
8929aeb40a7ffff,0.0,0.0,0.0,0.0
8929aeb40abffff,0.0,0.0,0.0,0.0
8929aeb40afffff,0.0,0.0,0.0,0.0
8929aeb40b3ffff,1.6838105221778157,0.0,0.0,1943.0
8929aeb40b7ffff,0.04258106780216181,0.0,0.0,49.0
8929aeb40bbffff,0.0,0.0,0.0,0.0
8929aeb40c3ffff,0.0,0.0,6186.0,0.0
8929aeb40cbffff,0.0,0.0,0.0,0.0
8929aeb40cfffff,0.0,0.0,6301.0,0.0
8929aeb40d3ffff,0.0,0.0,714.0,0.0
8929aeb40d7ffff,0.07861377706443054,0.0,0.0,91.0
8929aeb40dbffff,0.029479200786112023,0.0,0.0,34.0
8929aeb4183ffff,25.124492202856768,13.246599645180368,8450.0,28986.0
8929aeb4187ffff,1.5036362445128741,0.0,1204.0,1735.0
8929aeb4193ffff,73.91332831078647,54.40783615316117,2949.0,85276.0
8929aeb4197ffff,65.4982637751425,0.0,0.0,75564.0
8929aeb419bffff,63.935392982341185,0.0,0.0,73765.0
8929aeb41d3ffff,7.213286598748649,0.0,0.0,8323.0
8929aeb41d7ffff,16.130511694948567,0.0,0.0,18611.0
8929aeb41dbffff,0.0,0.0,0.0,0.0
8929aeb4293ffff,44.516129032258064,0.0,0.0,51378.0
8929aeb4297ffff,9.04833638983495,0.0,0.0,10443.0
8929aeb429bffff,6.509495743287491,0.0,20448.0,7513.0
8929aeb42d3ffff,0.0,0.0,3508.0,0.0
8929aeb4403ffff,3.1650339110776184,0.6662225183211192,25764.0,3653.0
8929aeb4407ffff,0.0,0.0,5967.0,0.0
8929aeb440bffff,0.3964613368283093,0.0,9366.0,458.0
8929aeb440fffff,0.12123197903014415,0.0,12908.0,140.0
8929aeb4413ffff,5.426661423515533,2.8045574057844,25551.0,6264.0
8929aeb4417ffff,0.13435574780443046,0.0,28979.0,155.0
8929aeb441bffff,1.8937780544543104,1.3755158184319118,16520.0,2186.0
8929aeb4423ffff,0.0,0.0,0.0,0.0
8929aeb4427ffff,1.8412344789175374,0.0,0.0,2125.0
8929aeb442bffff,0.1081222764653845,0.0,0.0,125.0
8929aeb442fffff,0.0,0.0,0.0,0.0
8929aeb4433ffff,0.0,0.0,7229.0,0.0
8929aeb4437ffff,11.006258396408795,0.0,3894.0,12702.0
8929aeb443bffff,0.2654171308735828,0.0,0.0,306.0
8929aeb4443ffff,5.988926383383022,0.6679225894845008,33408.0,6913.0
8929aeb4447ffff,1.9393939393939394,0.3415467187118809,23530.0,2239.0
8929aeb444bffff,5.065364830772255,0.48130916091769615,35729.0,5847.0
8929aeb444fffff,4.458640458640459,0.41963911036508605,27337.0,5146.0
8929aeb4453ffff,5.059143484386775,1.709626512361915,21525.0,5840.0
8929aeb4457ffff,3.840230675972345,0.0,6497.0,4433.0
8929aeb445bffff,5.771939594457366,0.035174111853675694,16370.0,6663.0
8929aeb4463ffff,0.003275681341719078,0.0,3427.0,4.0
8929aeb4467ffff,0.6486486486486486,0.0,1993.0,749.0
8929aeb446bffff,0.41928721174004197,0.0,8669.0,484.0
8929aeb446fffff,0.21951379332940174,0.0,4349.0,253.0
8929aeb4473ffff,0.0,0.0,19676.0,0.0
8929aeb4477ffff,0.17690997248067095,0.0,0.0,204.0
8929aeb447bffff,1.474346373107922,0.0,20056.0,1702.0
8929aeb4483ffff,0.026213178675579145,0.0,7465.0,30.0
8929aeb4487ffff,0.0,0.0,7713.0,0.0
8929aeb448bffff,0.5504587155963303,0.0,21767.0,635.0
8929aeb448fffff,0.029490792319286977,0.0,18357.0,34.0
8929aeb4493ffff,0.0,0.0,6336.0,0.0
8929aeb4497ffff,0.0,0.0,6215.0,0.0
8929aeb449bffff,1.097856721504883,0.04106776180698152,14020.0,1267.0
8929aeb44a3ffff,0.0,0.0,455.0,0.0
8929aeb44a7ffff,0.0,0.0,5748.0,0.0
8929aeb44abffff,0.0,0.0,3260.0,0.0
8929aeb44afffff,0.0,0.0,0.0,0.0
8929aeb44b3ffff,0.0,0.0,14187.0,0.0
8929aeb44b7ffff,0.0,0.0,10195.0,0.0
8929aeb44bbffff,0.0,0.0,13363.0,0.0
8929aeb44c3ffff,0.7437014710218524,0.0,9130.0,858.0
8929aeb44c7ffff,1.7892253244199765,0.543267365153279,29526.0,2065.0
8929aeb44cbffff,3.748238917466663,1.1550308008213552,22182.0,4327.0
8929aeb44cfffff,4.649105563200314,1.462077368260737,18634.0,5367.0
8929aeb44d3ffff,4.528920203178764,0.08034279592929834,21491.0,5228.0
8929aeb44d7ffff,3.1359570075695515,0.11143302874972141,25816.0,3620.0
8929aeb44dbffff,3.1358542499508486,1.4050822122571,18996.0,3620.0
8929aeb4503ffff,75.9256832033554,0.0,0.0,87610.0
8929aeb4507ffff,62.865755758707685,0.0,4476.0,72537.0
8929aeb450bffff,78.85837866177337,0.0,0.0,90995.0
8929aeb450fffff,70.30471821756225,0.0,0.0,81121.0
8929aeb4513ffff,73.62867815715316,0.0,6509.0,84962.0
8929aeb4517ffff,37.876802096985585,0.0,5270.0,43705.0
8929aeb451bffff,75.6840001310659,0.0,0.0,87335.0
8929aeb4523ffff,66.28006028438503,0.0,0.0,76471.0
8929aeb4527ffff,52.44242046980965,17.774762550881952,6981.0,60503.0
8929aeb452bffff,68.48053990302712,59.33412604042806,1970.0,79011.0
8929aeb452fffff,74.413499344692,0.0,0.0,85852.0
8929aeb4533ffff,72.85236878317279,0.0,11094.0,84057.0
8929aeb4537ffff,63.3572528588748,0.0,10662.0,73098.0
8929aeb453bffff,82.13782481895338,0.0,0.0,94771.0
8929aeb4543ffff,0.3145478374836173,0.0,0.0,363.0
8929aeb4547ffff,8.494398217912599,0.0,0.0,9802.0
8929aeb454bffff,5.041769041769042,0.0,0.0,5818.0
8929aeb454fffff,5.265054714632068,0.0,0.0,6075.0
8929aeb4553ffff,10.021622329969858,0.0,0.0,11565.0
8929aeb4557ffff,5.621989974773122,0.0,0.0,6487.0
8929aeb455bffff,2.1689983945480162,0.0,0.0,2503.0
8929aeb4563ffff,74.7911274204646,0.0,0.0,86296.0
8929aeb4567ffff,71.59519051207286,0.0,0.0,82605.0
8929aeb456bffff,8.70020964360587,0.0,0.0,10039.0
8929aeb456fffff,69.03623140929044,0.0,0.0,79653.0
8929aeb4573ffff,82.72777905186253,0.0,0.0,95457.0
8929aeb4577ffff,64.04350817416375,0.0,0.0,73894.0
8929aeb457bffff,8.07994757536042,0.0,0.0,9323.0
8929aeb4583ffff,9.758815047843754,0.0,5190.0,11261.0
8929aeb4587ffff,1.1271297509829619,0.0,6100.0,1301.0
8929aeb458bffff,77.26617290424068,0.0,5351.0,89163.0
8929aeb458fffff,57.41717731100698,0.0,0.0,66255.0
8929aeb4593ffff,0.0,0.0,0.0,0.0
8929aeb4597ffff,0.0,0.0,0.0,0.0
8929aeb459bffff,0.019661816751867872,0.0,0.0,23.0
8929aeb45a3ffff,0.41284403669724773,0.0,0.0,476.0
8929aeb45a7ffff,0.3309630697643936,0.0,0.0,382.0
8929aeb45abffff,46.823290409253254,0.0,0.0,54026.0
8929aeb45afffff,87.15512156759945,0.0,0.0,100558.0
8929aeb45b3ffff,0.01310830738980829,0.0,0.0,15.0
8929aeb45b7ffff,0.0,0.0,0.0,0.0
8929aeb45bbffff,1.4484205007209332,0.0,0.0,1671.0
8929aeb45c3ffff,5.832050063890437,0.0,4844.0,6730.0
8929aeb45c7ffff,73.79579264696244,0.0,5236.0,85159.0
8929aeb45cbffff,3.5882815572158866,0.0,0.0,4141.0
8929aeb45cfffff,4.879247632467149,0.0,0.0,5631.0
8929aeb45d3ffff,0.0,0.0,9118.0,0.0
8929aeb45d7ffff,15.200078654999508,0.0,12614.0,17541.0
8929aeb45dbffff,9.027755021791133,0.0,6780.0,10419.0
8929aeb4603ffff,16.907405587763257,50.0,288.0,19516.0
8929aeb4607ffff,3.4814790554482036,0.0,115.0,4018.0
8929aeb460bffff,17.87305122494432,0.38314176245210724,2995.0,20631.0
8929aeb460fffff,25.722240419259744,0.0,0.0,29690.0
8929aeb4613ffff,8.240534521158128,2.7073403241182077,29393.0,9512.0
8929aeb4617ffff,7.170231583084935,4.306061609804571,16641.0,8276.0
8929aeb461bffff,0.7172332481823541,0.0,14388.0,828.0
8929aeb4623ffff,0.0,0.0,0.0,0.0
8929aeb4627ffff,0.0,0.0,0.0,0.0
8929aeb462bffff,1.5785164565252987,0.0,0.0,1822.0
8929aeb462fffff,16.872441460618962,0.0,0.0,19473.0
8929aeb4633ffff,0.0,0.0,248.0,0.0
8929aeb4637ffff,0.0,0.0,0.0,0.0
8929aeb463bffff,0.0,0.0,0.0,0.0
8929aeb4643ffff,0.5829376125757328,0.0,16508.0,673.0
8929aeb4647ffff,1.3034223022760767,0.2184200946487077,15788.0,1505.0
8929aeb464bffff,4.074146852688806,0.050327126321087066,22879.0,4703.0
8929aeb464fffff,3.202986834348595,0.477815699658703,25194.0,3697.0
8929aeb4653ffff,2.197622244784332,0.6352087114337568,18922.0,2537.0
8929aeb4657ffff,3.9105230406445486,0.0,10449.0,4514.0
8929aeb465bffff,0.7400857975570619,0.0,0.0,854.0
8929aeb4663ffff,57.5999737988406,0.0,0.0,66484.0
8929aeb4667ffff,58.66631730643259,0.0,0.0,67712.0
8929aeb466bffff,8.477684272569501,0.0,0.0,9785.0
8929aeb466fffff,30.398192416006285,0.0,5380.0,35085.0
8929aeb4673ffff,41.209798912687496,0.0,0.0,47567.0
8929aeb4677ffff,40.54886036154048,0.0,0.0,46802.0
8929aeb467bffff,8.727689536597346,0.0,13300.0,10074.0
8929aeb4683ffff,4.127223295882603,0.4110527517698105,25119.0,4764.0
8929aeb4687ffff,4.055559195439953,1.140994295028525,20961.0,4681.0
8929aeb468bffff,6.32247919806067,1.954569466455362,32072.0,7298.0
8929aeb468fffff,5.985257985257985,0.4381846635367762,18323.0,6909.0
8929aeb4693ffff,7.824121096949642,0.35694673256452497,20903.0,9032.0
8929aeb4697ffff,4.596232596232596,0.3518648838845883,32625.0,5306.0
8929aeb469bffff,7.80241737364473,0.7155932767515394,34364.0,9007.0
8929aeb46a3ffff,6.341511349864064,0.22002200220022,15673.0,7320.0
8929aeb46a7ffff,0.933569182389937,0.0,0.0,1078.0
8929aeb46abffff,2.682519406504864,0.8014796547472256,9268.0,3096.0
8929aeb46afffff,0.9794608051888491,0.0,10063.0,1130.0
8929aeb46b3ffff,4.838022863506829,0.2882437718756434,27896.0,5584.0
8929aeb46b7ffff,3.131859131859132,0.06688963210702341,25816.0,3615.0
8929aeb46bbffff,4.003276003276003,0.4707631318136769,23138.0,4621.0
8929aeb46c3ffff,5.5415452133756915,2.1443298969072164,13668.0,6397.0
8929aeb46c7ffff,6.574077107013005,0.5982512655315232,24883.0,7589.0
8929aeb46cbffff,9.455653085287567,0.6805223468824719,31104.0,10916.0
8929aeb46cfffff,3.3509122473713515,0.7117437722419928,19284.0,3868.0
8929aeb46d3ffff,4.242146296720936,0.8075370121130552,25471.0,4897.0
8929aeb46d7ffff,6.377960493988928,0.3203987184051264,16128.0,7363.0
8929aeb46dbffff,5.873296645702307,1.5333013895543843,11837.0,6781.0
8929aeb5403ffff,22.793347302252485,0.0,0.0,26319.0
8929aeb5407ffff,27.198323839455245,0.0,0.0,31405.0
8929aeb540bffff,3.6243983891562714,0.8912655971479502,6405.0,4185.0
8929aeb540fffff,8.336061816514963,0.0,5967.0,9625.0
8929aeb5413ffff,39.59990832596667,0.11507479861910241,5000.0,45727.0
8929aeb5417ffff,51.49788822316079,0.0,0.0,59464.0
8929aeb541bffff,19.2267399986905,0.0,3853.0,22202.0
8929aeb5423ffff,6.859182136659792,0.0,0.0,7919.0
8929aeb5427ffff,3.231509674884589,0.0,3093.0,3731.0
8929aeb542bffff,0.5303129501113003,0.0,5795.0,612.0
8929aeb542fffff,0.2651477953451832,0.0,6641.0,306.0
8929aeb5433ffff,32.56933302773321,0.0,0.0,37605.0
8929aeb5437ffff,68.47498690413829,0.0,2402.0,79058.0
8929aeb543bffff,20.66526977475118,0.0,2460.0,23860.0
8929aeb5457ffff,0.913496169209613,0.6557377049180327,5236.0,1055.0
8929aeb548fffff,29.096267190569748,1.2577123872804936,23967.0,33598.0
8929aeb54a3ffff,0.14408278210753814,0.0,1405.0,166.0
8929aeb54a7ffff,37.81314470969643,0.0,9429.0,43658.0
8929aeb54abffff,61.81246726034573,0.0,0.0,71371.0
8929aeb54afffff,0.36995809324253537,2.610966057441253,2148.0,427.0
8929aeb54b3ffff,6.489424399188004,0.27926460321154295,24682.0,7493.0
8929aeb54b7ffff,23.48626256672234,0.0,14054.0,27118.0
8929aeb54bbffff,60.70668369518945,3.912647861692448,6083.0,70097.0
8929aeb54c7ffff,11.427261713761828,0.14765596160944996,15581.0,13196.0
8929aeb54cfffff,1.3095432967752496,0.9052183173588925,10719.0,1512.0
8929aeb5503ffff,5.716530792652981,43.47826086956522,75.0,6599.0
8929aeb5513ffff,6.679326828629428,0.0,0.0,7711.0
8929aeb5517ffff,0.01637036309465344,0.0,2592.0,19.0
8929aeb551bffff,26.244966113348394,0.0,0.0,30298.0
8929aeb5553ffff,29.658852802514406,0.18214936247723132,3156.0,34240.0
8929aeb5557ffff,12.788527649543266,0.28653295128939826,2004.0,14763.0
8929aeb555bffff,0.21606049693914295,0.0,9579.0,249.0
8929aeb5583ffff,4.888670595939751,0.31295639474233256,27521.0,5644.0
8929aeb5587ffff,5.5404564655031265,0.28206092515983455,30545.0,6396.0
8929aeb558bffff,16.01833660772757,1.8128368446839782,11543.0,18492.0
8929aeb558fffff,14.06582610119535,2.489431658055425,11958.0,16238.0
8929aeb5593ffff,2.0961614044281407,0.1411764705882353,12223.0,2420.0
8929aeb5597ffff,2.0404821171230187,0.0,12701.0,2356.0
8929aeb559bffff,0.39948917777268406,0.07936507936507936,21756.0,461.0
8929aeb55a3ffff,0.0,0.0,0.0,0.0
8929aeb55a7ffff,0.3569323465845831,0.0,8047.0,412.0
8929aeb55abffff,0.05566287940800891,0.0,16946.0,64.0
8929aeb55afffff,0.022917757988475642,0.0,29007.0,26.0
8929aeb55b3ffff,1.5291921804905204,0.2197265625,23541.0,1765.0
8929aeb55b7ffff,0.7466107800117886,0.0,12787.0,862.0
8929aeb55bbffff,0.6942397746995449,0.08413967185527976,13680.0,801.0
8929aeb55c3ffff,73.30735987427973,0.0,4861.0,84633.0
8929aeb55c7ffff,42.267771192822764,3.651685393258427,3951.0,48796.0
8929aeb55cbffff,83.23347411845596,3.1645569620253164,3525.0,96094.0
8929aeb55cfffff,80.01637197118534,0.0,0.0,92376.0
8929aeb55d3ffff,0.0,0.0,25920.0,0.0
8929aeb55d7ffff,15.027179252079376,0.0949667616334283,24238.0,17349.0
8929aeb55dbffff,35.382902792783945,3.433628318584071,15713.0,40851.0
8929aeb60c3ffff,1.3575550891920252,0.08481764206955046,6785.0,1567.0
8929aeb60c7ffff,6.06944945404466,0.0,22458.0,7007.0
8929aeb60d3ffff,1.9674066301603437,0.0,904.0,2272.0
8929aeb60d7ffff,4.603580562659847,0.17624250969333805,16312.0,5315.0
8929aeb60dbffff,8.78803777544596,0.7308467741935484,22689.0,10147.0
8929aeb6223ffff,4.7526959257923895,0.3106332138590203,24031.0,5486.0
8929aeb6227ffff,2.415680618833787,0.0,17073.0,2788.0
8929aeb622bffff,3.427934718489874,1.2379642365887207,12407.0,3957.0
8929aeb622fffff,0.0,0.0,0.0,0.0
8929aeb6247ffff,2.078007210750574,0.0,8801.0,2399.0
8929aeb624bffff,9.139467820159917,1.2107051826677995,26790.0,10552.0
8929aeb624fffff,3.457429376679557,0.044662795891022775,25782.0,3992.0
8929aeb625bffff,7.442973256423702,0.0,23633.0,8594.0
8929aeb626bffff,0.5341110164493086,0.0,4522.0,617.0
8929aeb626fffff,1.9268580416830514,0.2363268062120189,17021.0,2224.0
8929aeb627bffff,0.448959528100934,0.0,12436.0,518.0
8929aeb6283ffff,1.7210857592446893,0.0,6388.0,1987.0
8929aeb628bffff,5.795391221686827,0.8270676691729323,7597.0,6691.0
8929aeb6293ffff,2.5373721479150277,0.9216589861751152,6192.0,2930.0
8929aeb629bffff,2.69145030159979,0.0,2799.0,3108.0
8929aeb62c3ffff,7.273025237627008,3.349056603773585,11802.0,8398.0
8929aeb62d7ffff,1.635797410260613,0.38944180008654267,13260.0,1889.0
8929aeb6327ffff,0.0,0.0,6624.0,0.0
8929aeb632bffff,0.27201520663323825,0.0,10489.0,314.0
8929aeb632fffff,0.0,0.0,4637.0,0.0
8929aeb634bffff,0.029495624815652346,0.0,25914.0,34.0
8929aeb635bffff,0.23268008127416925,0.0,17568.0,269.0
8929aeb6363ffff,0.0,0.0,11295.0,0.0
8929aeb6367ffff,0.0,0.0,3836.0,0.0
8929aeb636bffff,0.0,0.0,2131.0,0.0
8929aeb636fffff,0.0,0.0,4113.0,0.0
8929aeb637bffff,0.0,0.0,5789.0,0.0
8929aeb6403ffff,10.997408901571058,1.3633265167007498,8335.0,12698.0
8929aeb640bffff,3.1321744834371925,0.6326444538169549,13571.0,3617.0
8929aeb6413ffff,0.6593406593406593,0.0,0.0,761.0
8929aeb6417ffff,14.968351316782002,1.6778523489932886,16877.0,17283.0
8929aeb641bffff,0.0,0.0,0.0,0.0
8929aeb6443ffff,9.606428337159723,1.1934499028587289,20506.0,11093.0
8929aeb6447ffff,9.70386646115502,3.734195824757424,18858.0,11205.0
8929aeb644bffff,7.59543486816214,11.451612903225806,9487.0,8771.0
8929aeb644fffff,12.476221712036734,6.469165659008465,8911.0,14406.0
8929aeb6453ffff,5.509822570594602,0.5905148551393246,31029.0,6363.0
8929aeb6457ffff,2.522221128931746,0.4037685060565276,12787.0,2913.0
8929aeb645bffff,4.581529581529582,1.7800632911392407,14302.0,5291.0
8929aeb646bffff,0.0,0.0,0.0,0.0
8929aeb646fffff,3.7486471417795415,0.0,13478.0,4328.0
8929aeb647bffff,3.7617657669476237,1.8867924528301887,599.0,4344.0
8929aeb6483ffff,0.0,0.0,25713.0,0.0
8929aeb6487ffff,0.0,0.0,9694.0,0.0
8929aeb648bffff,0.0,0.0,26392.0,0.0
8929aeb648fffff,1.6927467768920381,0.0,1722.0,1955.0
8929aeb6493ffff,1.7452923036546157,0.0,4188.0,2015.0
8929aeb6497ffff,0.0,0.0,14227.0,0.0
8929aeb649bffff,0.0,0.0,21128.0,0.0
8929aeb64abffff,3.756068757380921,1.8472906403940887,9181.0,4337.0
8929aeb64b3ffff,0.6954239790060686,0.0,3352.0,803.0
8929aeb64b7ffff,4.385619628682018,1.0862619808306708,8916.0,5064.0
8929aeb64bbffff,0.852850488748934,0.0,7142.0,985.0
8929aeb64c3ffff,0.43951718709000265,0.0,25724.0,508.0
8929aeb64c7ffff,0.0787246604999016,0.0,16721.0,91.0
8929aeb64cbffff,5.799763810523554,3.6103947629438604,27988.0,6698.0
8929aeb64cfffff,1.3874766293830156,0.08722197993894462,13196.0,1602.0
8929aeb64d3ffff,0.1377681558748278,0.0,24682.0,159.0
8929aeb64d7ffff,0.12137912935078568,0.0,24336.0,140.0
8929aeb64dbffff,9.51193912358961,7.5560266505148395,35165.0,10985.0
8929aeb6603ffff,4.6129635093931345,3.7037037037037033,25160.0,5327.0
8929aeb6607ffff,7.091803278688524,1.2540540540540541,26306.0,8189.0
8929aeb660bffff,6.111475409836065,0.0,17090.0,7057.0
8929aeb660fffff,4.233203265895006,0.1306762495916367,17608.0,4888.0
8929aeb6613ffff,11.955274289274355,4.839185600472116,18576.0,13806.0
8929aeb6617ffff,11.014559286463799,0.50423194669548,31824.0,12719.0
8929aeb661bffff,5.468673158257106,1.1396843950905904,19486.0,6315.0
8929aeb662bffff,7.111475409836066,0.15659254619480112,18363.0,8211.0
8929aeb663bffff,8.869724890972883,0.0,23466.0,10242.0
8929aeb6643ffff,16.52897980592709,2.7492668621700878,15281.0,19088.0
8929aeb6647ffff,10.402937608602997,1.4412053717654767,17332.0,12013.0
8929aeb664bffff,14.77231747696948,1.1376564277588168,20022.0,17060.0
8929aeb6653ffff,19.219041998622995,4.796249549224666,30413.0,22195.0
8929aeb6657ffff,17.633365028361585,0.6369426751592357,15276.0,20363.0
8929aeb665bffff,17.102114407474183,2.6837220968146474,22349.0,19751.0
8929aeb6663ffff,6.641316462335278,1.056228642435539,18346.0,7669.0
8929aeb6667ffff,6.490526453812365,0.0,15996.0,7494.0
8929aeb666bffff,7.644899029635457,11.38211382113821,2511.0,8828.0
8929aeb666fffff,4.760499655748992,0.9753298909925416,9942.0,5497.0
8929aeb6673ffff,9.258105760089173,0.26899798251513113,25626.0,10691.0
8929aeb6677ffff,7.4482035142932075,0.8967629046369203,26099.0,8600.0
8929aeb667bffff,13.641728411251721,0.3981948500132732,21612.0,15753.0
8929aeb6687ffff,5.731899265477439,12.849162011173185,6290.0,6619.0
8929aeb668fffff,3.669333683105981,2.785406041584935,14273.0,4237.0
8929aeb6693ffff,12.759468765371373,0.4291845493562232,10691.0,14735.0
8929aeb6697ffff,10.18661244301597,3.169251517194875,8271.0,11764.0
8929aeb66a3ffff,7.787906610703043,0.03698224852071006,15569.0,8993.0
8929aeb66a7ffff,6.262705751196799,1.3872135102533172,9418.0,7231.0
8929aeb66abffff,9.873102272354657,0.7163323782234957,23950.0,11400.0
8929aeb66afffff,8.536105463369843,0.6214689265536724,10132.0,9856.0
8929aeb66b3ffff,6.804394162977537,0.5003573981415297,16036.0,7857.0
8929aeb66b7ffff,0.006558452205279554,0.0,1192.0,8.0
8929aeb66bbffff,11.765863256271519,1.8037974683544302,17873.0,13586.0
8929aeb66c3ffff,7.351060690514444,1.4207980652962515,18783.0,8490.0
8929aeb66cbffff,13.309942287513115,0.5246839971380873,24025.0,15372.0
8929aeb66cfffff,15.78360655737705,4.492099322799097,24371.0,18228.0
8929aeb66d3ffff,0.6656610703043022,1.8018018018018018,628.0,769.0
8929aeb66d7ffff,0.05902606984751599,0.0,0.0,68.0
8929aeb66dbffff,7.44942457129742,2.2894521668029433,20650.0,8604.0
8929aeb6843ffff,25.576897862855645,0.0,0.0,29504.0
8929aeb684bffff,91.220998820291,0.0,0.0,105229.0
8929aeb684fffff,53.95909805977976,0.0,0.0,62243.0
8929aeb685bffff,33.93424891015766,0.0,0.0,39147.0
8929aeb6a03ffff,84.48004717908394,0.0,0.0,97453.0
8929aeb6a07ffff,86.42723727758299,0.0,0.0,99695.0
8929aeb6a0bffff,82.26292679729995,0.0,4257.0,94896.0
8929aeb6a0fffff,44.47757281871498,1.1776251226692835,5800.0,51306.0
8929aeb6a13ffff,39.6126875942067,0.0,0.0,45697.0
8929aeb6a17ffff,81.17238441626527,0.0,0.0,93636.0
8929aeb6a1bffff,95.09829619921362,0.0,0.0,109706.0
8929aeb6a33ffff,65.67169069462648,0.0,0.0,75750.0
8929aeb6a37ffff,26.47617799331542,0.0,0.0,30538.0
8929aeb6a3bffff,14.53473132372215,0.0,9631.0,16765.0
8929aeb6a43ffff,98.53220627743923,89.01098901098901,230.0,113669.0
8929aeb6a47ffff,8.688814625516022,0.0,2431.0,10023.0
8929aeb6a4bffff,39.25962325962326,21.76287051482059,5777.0,45291.0
8929aeb6a4fffff,3.7967634147939457,0.6821282401091405,8387.0,4380.0
8929aeb6a53ffff,78.80406290956749,30.649350649350648,6152.0,90913.0
8929aeb6a57ffff,68.86282475510271,0.0,6509.0,79441.0
8929aeb6a5bffff,72.82199141574654,91.13372093023256,351.0,84013.0
8929aeb6a73ffff,0.6290544525260469,0.15822784810126583,14538.0,726.0
8929aeb6a83ffff,1.1337942785988138,0.0,0.0,1308.0
8929aeb6a87ffff,85.48487529905286,0.0,0.0,98613.0
8929aeb6a8bffff,0.0,0.0,0.0,0.0
8929aeb6a8fffff,1.785948354961332,0.0,0.0,2060.0
8929aeb6a93ffff,84.18379051551797,0.0,0.0,97119.0
8929aeb6a97ffff,80.7111256758971,0.0,0.0,93109.0
8929aeb6a9bffff,21.549351160047188,0.0,0.0,24861.0
8929aeb6aa3ffff,78.025759512339,0.0,0.0,90002.0
8929aeb6aa7ffff,43.02988596146284,0.0,0.0,49632.0
8929aeb6aabffff,80.84534731323723,0.0,0.0,93255.0
8929aeb6aafffff,81.70587849793564,0.0,0.0,94244.0
8929aeb6ab3ffff,89.45436670489923,0.0,0.0,103188.0
8929aeb6ab7ffff,47.861707357037524,0.0,0.0,55207.0
8929aeb6abbffff,78.69572341471408,0.0,0.0,90778.0
8929aeb6ac3ffff,0.0,0.0,0.0,0.0
8929aeb6ac7ffff,0.4062909567496723,0.0,0.0,469.0
8929aeb6acbffff,7.430949182530061,0.0,1693.0,8573.0
8929aeb6acfffff,56.37614678899082,0.0,0.0,65039.0
8929aeb6ad3ffff,0.0,0.0,0.0,0.0
8929aeb6ad7ffff,0.0,0.0,0.0,0.0
8929aeb6adbffff,2.7850589777195283,0.0,0.0,3213.0
8929aeb6bdbffff,37.09613998296087,0.0,484.0,42787.0
8929aeb6e0bffff,0.1016027006653338,0.0,5996.0,117.0
8929aeb6e1bffff,13.198518567074169,0.0,11831.0,15229.0
8929aeb6e23ffff,84.04785316289741,0.0,5869.0,96965.0
8929aeb6e27ffff,38.53162897410685,0.0,0.0,44452.0
8929aeb6e2bffff,98.40062926061877,0.0,0.0,113525.0
8929aeb6e2fffff,99.34454167076329,0.0,0.0,114609.0
8929aeb6e37ffff,8.775035237814272,0.0,5846.0,10124.0
8929aeb6e3bffff,30.32776138970829,0.0,6515.0,34990.0
8929aeb6e43ffff,0.0,0.0,5380.0,0.0
8929aeb6e47ffff,0.0,0.0,3652.0,0.0
8929aeb6e4bffff,0.0,0.0,5852.0,0.0
8929aeb6e4fffff,0.0,0.0,8709.0,0.0
8929aeb6e53ffff,10.902415838987773,0.0,11030.0,12581.0
8929aeb6e57ffff,0.0,0.0,0.0,0.0
8929aeb6e5bffff,0.0,0.0,864.0,0.0
8929aeb6e63ffff,37.08461689716196,0.0,0.0,42787.0
8929aeb6e67ffff,96.31644491053287,0.0,0.0,111121.0
8929aeb6e6bffff,0.0,0.0,0.0,0.0
8929aeb6e6fffff,31.775578423018942,0.0,0.0,36660.0
8929aeb6e73ffff,14.437416013896629,0.0,10489.0,16658.0
8929aeb6e77ffff,87.33940744625066,0.0,4314.0,100767.0
8929aeb6e7bffff,0.0,0.0,271.0,0.0
8929aeb6ecfffff,69.28548017043592,0.0,5270.0,79950.0
8929aeb7003ffff,9.318174371744044,1.2394761459307764,24324.0,10761.0
8929aeb7007ffff,12.128558791730825,2.1337126600284493,31703.0,14007.0
8929aeb700bffff,3.522165066675404,4.748795595320027,7972.0,4068.0
8929aeb700fffff,5.077805077805078,1.4625228519195612,12419.0,5864.0
8929aeb7013ffff,11.965531928835883,1.1188185276348177,25453.0,13819.0
8929aeb7017ffff,12.264490972836594,2.093692750588851,21548.0,14164.0
8929aeb701bffff,5.972740973723871,1.4084507042253522,6048.0,6898.0
8929aeb7023ffff,3.2302450530729914,3.969883641341547,16163.0,3730.0
8929aeb7027ffff,9.143924253841366,0.4856512141280353,25966.0,10559.0
8929aeb702bffff,8.317772317772318,0.5005362888809438,16030.0,9605.0
8929aeb702fffff,11.362668326725862,2.776349614395887,21784.0,13121.0
8929aeb7033ffff,4.777195281782438,0.4978662873399715,24175.0,5517.0
8929aeb7037ffff,5.121064185315029,0.0,22366.0,5914.0
8929aeb703bffff,6.3589306774996714,1.2741046831955922,16514.0,7343.0
8929aeb7043ffff,7.521457118521916,0.119019281123542,24169.0,8687.0
8929aeb7047ffff,10.3895678385374,1.8779342723004695,30096.0,11999.0
8929aeb704bffff,10.354089554194372,2.127659574468085,15368.0,11959.0
8929aeb704fffff,5.9553837586398926,0.2301937464032227,29958.0,6878.0
8929aeb7053ffff,2.96507437258371,0.03002101471029721,19181.0,3425.0
8929aeb7057ffff,6.292789989189898,0.6161137440758294,12079.0,7268.0
8929aeb705bffff,12.111780893722973,3.8517441860465116,7620.0,13989.0
8929aeb7063ffff,7.353904612159329,2.842720510095643,21064.0,8492.0
8929aeb7067ffff,6.806642864161945,6.9435833849969,8646.0,7860.0
8929aeb706bffff,4.805424528301887,1.1232449297971918,18253.0,5549.0
8929aeb706fffff,11.614805109728136,0.27800945232137897,20661.0,13413.0
8929aeb7073ffff,6.133079972479769,4.0327662255828605,26317.0,7083.0
8929aeb7077ffff,6.002424560138921,7.6923076923076925,276.0,6932.0
8929aeb707bffff,8.045600471729019,2.173560421735604,34739.0,9292.0
8929aeb7083ffff,7.737178436834344,1.9202898550724639,15592.0,8936.0
8929aeb7087ffff,6.436389853837583,2.9768467475192946,25344.0,7433.0
8929aeb708bffff,8.538942953569908,0.931098696461825,30643.0,9862.0
8929aeb708fffff,9.285410045542413,7.509025270758123,22136.0,10724.0
8929aeb7093ffff,2.9688370416489174,1.2987012987012987,1313.0,3429.0
8929aeb7097ffff,2.359418010224145,1.214574898785425,15460.0,2725.0
8929aeb709bffff,2.6545192370715083,1.244167962674961,7315.0,3066.0
8929aeb70a3ffff,7.916379960024902,0.6521739130434783,23691.0,9142.0
8929aeb70abffff,8.541939711664483,0.3815580286168521,36092.0,9865.0
8929aeb70afffff,6.9692005242463955,1.056879323597233,29658.0,8048.0
8929aeb70b3ffff,5.420107484598244,0.0,15650.0,6259.0
8929aeb70bbffff,7.42791612057667,2.5030418911872068,32308.0,8578.0
8929aeb70c3ffff,3.1586880304072875,0.6118546845124283,14970.0,3648.0
8929aeb70c7ffff,9.44002097054294,0.6282722513089005,27331.0,10903.0
8929aeb70cbffff,1.4676975494692701,0.0,14216.0,1695.0
8929aeb70cfffff,0.16383236672236967,0.0,271.0,189.0
8929aeb70d3ffff,2.260738507912585,0.24405125076266015,9418.0,2611.0
8929aeb70d7ffff,6.517038007863696,0.8478887569950821,33679.0,7527.0
8929aeb70dbffff,1.7366230872571184,4.952120383036935,20010.0,2006.0
8929aeb7103ffff,8.509731961465365,1.2789491876944348,32901.0,9825.0
8929aeb7107ffff,5.969855832241153,0.17135862913096694,23489.0,6892.0
8929aeb710bffff,8.678416983357359,0.5471956224350205,25125.0,10020.0
8929aeb710fffff,9.50758444451725,0.9976419372392527,31438.0,10977.0
8929aeb7113ffff,7.509337527029683,0.42407108239095315,28403.0,8670.0
8929aeb7117ffff,4.079559604168033,0.8600727753886867,17263.0,4710.0
8929aeb711bffff,7.0976832585116485,1.1841567986933441,27878.0,8195.0
8929aeb7123ffff,7.161108563192033,1.06951871657754,33034.0,8267.0
8929aeb7127ffff,1.5039318479685453,1.7543859649122806,2580.0,1736.0
8929aeb712bffff,8.07862407862408,0.38791909116098644,20707.0,9326.0
8929aeb712fffff,5.422140680798087,0.6533192834562698,27153.0,6259.0
8929aeb7133ffff,3.807838510945078,0.9274673008323424,23996.0,4396.0
8929aeb7137ffff,5.160550458715597,0.6038875259482921,30338.0,5957.0
8929aeb713bffff,5.694066769321495,1.4886164623467601,25920.0,6574.0
8929aeb7143ffff,10.064541493300135,0.8560486596080198,25350.0,11621.0
8929aeb7147ffff,9.478098483111097,0.9618810117563236,16013.0,10943.0
8929aeb714bffff,9.493546484963638,0.48622366288492713,14147.0,10962.0
8929aeb714fffff,8.99859141088217,0.8765695332859511,24100.0,10390.0
8929aeb7153ffff,8.979819158694797,0.38857586943850786,29532.0,10369.0
8929aeb7157ffff,9.687141687141686,0.819672131147541,23000.0,11185.0
8929aeb715bffff,9.396808754627962,1.3713080168776373,26928.0,10850.0
8929aeb7163ffff,4.386568386568387,0.4476657429119591,26899.0,5064.0
8929aeb7167ffff,5.693693693693694,0.6597222222222222,32959.0,6573.0
8929aeb716bffff,5.322807822070818,0.7221664994984954,28506.0,6145.0
8929aeb716fffff,5.8407311560258135,0.07363770250368189,31265.0,6743.0
8929aeb7173ffff,11.754684838160136,0.42953569237062794,28040.0,13571.0
8929aeb7177ffff,8.72784457622121,2.294489611562782,31150.0,10076.0
8929aeb717bffff,7.423666622985192,1.6503951650395163,24371.0,8571.0
8929aeb7183ffff,7.520644907589462,0.7717538105344395,29624.0,8684.0
8929aeb7187ffff,4.66968147856862,0.11370096645821488,30361.0,5392.0
8929aeb718bffff,8.90651112494675,1.4817491868449586,31404.0,10284.0
8929aeb718fffff,4.94134609083164,1.1516731855714906,26202.0,5705.0
8929aeb7193ffff,4.53249434667191,0.842627013630731,23046.0,5233.0
8929aeb7197ffff,6.269048009175815,0.39370078740157477,21859.0,7238.0
8929aeb719bffff,5.737973522086774,0.13249420337860218,17366.0,6625.0
8929aeb71a3ffff,4.227567673854624,0.21679148600709497,29163.0,4881.0
8929aeb71a7ffff,3.1654487662614277,0.08944543828264759,25736.0,3654.0
8929aeb71abffff,1.569308390394129,0.41763341067285387,24722.0,1812.0
8929aeb71afffff,4.593859562895246,1.048462255358807,24463.0,5303.0
8929aeb71b3ffff,5.812962841601678,0.29978586723768735,26819.0,6711.0
8929aeb71b7ffff,4.715713583483533,1.0201660735468565,24031.0,5444.0
8929aeb71bbffff,0.5734696552628129,0.0,3053.0,662.0
8929aeb71c3ffff,6.82175622542595,1.6335540838852098,12833.0,7877.0
8929aeb71c7ffff,8.197903014416775,0.5686223830447144,22159.0,9466.0
8929aeb71cbffff,8.44336686216048,1.3986013986013985,27613.0,9750.0
8929aeb71cfffff,10.645827189619581,0.705186533212011,25142.0,12292.0
8929aeb71d3ffff,9.902352709876139,2.0074503311258276,27274.0,11435.0
8929aeb71d7ffff,4.371047544152823,0.7701661937576003,28201.0,5047.0
8929aeb71dbffff,4.960681520314548,0.17397355601948505,33051.0,5728.0
8929aeb7207ffff,12.88198879827061,1.6666666666666667,24808.0,14878.0
8929aeb720bffff,15.501768636184988,5.7000765110941085,28397.0,17904.0
8929aeb720fffff,12.111089277526691,3.5628227194492252,32273.0,13987.0
8929aeb7213ffff,12.255592309959717,1.264322402212564,28788.0,14155.0
8929aeb7217ffff,9.936789702944356,0.6209751609935602,24889.0,11477.0
8929aeb721bffff,10.513215209773033,0.593201003878622,25096.0,12143.0
8929aeb7233ffff,8.685684341532113,1.753576372865713,24526.0,10031.0
8929aeb7243ffff,16.15417362543799,4.030655691172296,19475.0,18659.0
8929aeb7247ffff,11.080912931006253,2.341262408690766,30033.0,12798.0
8929aeb7253ffff,11.996462959324033,2.7447392497712717,18369.0,13857.0
8929aeb7257ffff,10.948809484819703,0.48792388387411567,23495.0,12646.0
8929aeb725bffff,11.081638667845564,2.5073352894105096,21053.0,12800.0
8929aeb7273ffff,12.643678160919542,2.1044045676998366,34566.0,14603.0
8929aeb7283ffff,14.29039337067243,1.63680601636806,25615.0,16506.0
8929aeb7287ffff,12.919287211740041,6.405228758169934,28869.0,14922.0
8929aeb728bffff,11.831373448196796,1.6989520482692917,35660.0,13666.0
8929aeb728fffff,15.652230885147086,2.0583190394511153,26312.0,18078.0
8929aeb7293ffff,2.5910639412997902,0.9803921568627451,8145.0,2993.0
8929aeb7297ffff,12.103642557651991,0.697350069735007,20506.0,13980.0
8929aeb729bffff,9.410107759326586,1.440384102427314,21283.0,10869.0
8929aeb72a3ffff,14.717636268343814,1.4278159703860391,21473.0,16997.0
8929aeb72a7ffff,8.628709952171919,0.5747126436781609,30891.0,9965.0
8929aeb72abffff,11.178801873505616,1.8334985133795838,22821.0,12910.0
8929aeb72afffff,8.957228008122094,1.842374616171955,22095.0,10344.0
8929aeb72b3ffff,12.152777777777777,1.8779342723004695,25281.0,14036.0
8929aeb72b7ffff,10.675095810540796,2.674897119341564,24520.0,12329.0
8929aeb72bbffff,11.959512578616351,3.5822284252151664,23875.0,13813.0
8929aeb72c3ffff,10.124136123939602,2.3055555555555554,20258.0,11694.0
8929aeb72c7ffff,19.290603609209708,0.0,12424.0,22282.0
8929aeb72cbffff,9.369575896512199,3.4046943513025534,21571.0,10823.0
8929aeb72cfffff,6.929752742754217,1.1841567986933441,13939.0,8004.0
8929aeb72d3ffff,4.1173965737495495,0.0,6641.0,4756.0
8929aeb72d7ffff,21.10332175850095,1.6252202858821225,28938.0,24376.0
8929aeb72dbffff,5.0371728949006,1.5050651230101302,19601.0,5819.0
8929aeb7303ffff,8.165203720686492,0.31839890834659995,25246.0,9428.0
8929aeb7307ffff,9.8041142557652,0.3909304143862392,22015.0,11320.0
8929aeb730bffff,10.557684120902513,0.15337423312883436,22499.0,12190.0
8929aeb7313ffff,10.42908614477563,0.8781558726673985,10403.0,12042.0
8929aeb7317ffff,6.278658456701167,0.0,14256.0,7249.0
8929aeb731bffff,11.955845261882144,0.03969829297340214,14504.0,13805.0
8929aeb7323ffff,8.852136892091043,0.8687258687258688,23662.0,10220.0
8929aeb7327ffff,6.238742426723432,0.6141465480728505,27032.0,7202.0
8929aeb732fffff,0.8284759971183444,0.0,25753.0,956.0
8929aeb7333ffff,10.055682934818213,1.1145671332296527,21974.0,11610.0
8929aeb7337ffff,9.597431949949229,2.302158273381295,23466.0,11080.0
8929aeb7343ffff,12.389061732438186,0.0,10489.0,14306.0
8929aeb7353ffff,5.528082528246275,0.05517241379310345,20868.0,6383.0
8929aeb7357ffff,10.767265939679731,2.2140970952671135,27729.0,12433.0
8929aeb7363ffff,4.797458820447327,2.1841541755888647,26312.0,5539.0
8929aeb736bffff,0.0,0.0,28408.0,0.0
8929aeb736fffff,2.760223961232442,1.315265045834994,28524.0,3187.0
8929aeb737bffff,1.8602213925460143,0.0,9423.0,2148.0
8929aeb7383ffff,1.6737635113003604,1.8852459016393444,6895.0,1933.0
8929aeb7387ffff,0.6813640383922429,0.5007511266900351,22890.0,787.0
8929aeb738bffff,8.087392315503292,1.8159433671899046,18374.0,9339.0
8929aeb738fffff,9.650789490925767,1.7540550735571485,30004.0,11143.0
8929aeb7393ffff,5.287469287469287,0.5497022446174988,12505.0,6106.0
8929aeb7397ffff,8.758884994595304,2.1801491681009755,29462.0,10114.0
8929aeb739bffff,8.726415094339622,29.49852507374631,4130.0,10077.0
8929aeb73a3ffff,4.884520884520885,0.9062253743104807,14486.0,5639.0
8929aeb73a7ffff,8.127497870667627,3.129713423831071,14797.0,9383.0
8929aeb73abffff,10.618367614306301,2.6568682871678915,29756.0,12260.0
8929aeb73afffff,10.159832307087646,1.6857314870559903,18812.0,11730.0
8929aeb73b3ffff,5.358488094068324,2.1869983948635636,28080.0,6187.0
8929aeb73b7ffff,5.3950471698113205,0.4187994416007445,36979.0,6229.0
8929aeb73bbffff,7.249082809224319,1.312910284463895,28575.0,8370.0
8929aeb73c3ffff,11.326193049687202,2.6143790849673203,34330.0,13079.0
8929aeb73c7ffff,13.374815785164564,3.0484757621189407,33523.0,15444.0
8929aeb73cbffff,8.470911949685535,1.7287234042553192,21283.0,9782.0
8929aeb73cfffff,9.580426451803085,0.4340056165432729,22464.0,11063.0
8929aeb73d3ffff,7.756813417190776,0.7572280862781092,24912.0,8958.0
8929aeb73d7ffff,9.04772824057392,2.8848675583530032,21329.0,10448.0
8929aeb73dbffff,7.366283449608595,0.8251404494382022,32538.0,8507.0
8929aeb7403ffff,0.2228558319404844,0.0,0.0,257.0
8929aeb7407ffff,5.043751843476551,0.5491990846681922,12516.0,5826.0
8929aeb740bffff,0.0,0.0,0.0,0.0
8929aeb740fffff,1.2487708947885938,1.858345021037868,16122.0,1442.0
8929aeb7413ffff,3.2252777868825593,1.7948717948717947,6618.0,3726.0
8929aeb7417ffff,7.145198295640774,0.2803738317757009,18438.0,8254.0
8929aeb741bffff,0.0,0.0,0.0,0.0
8929aeb742bffff,7.091129534357899,2.7974947807933193,13409.0,8190.0
8929aeb742fffff,5.643496214728148,0.6043256997455471,18000.0,6518.0
8929aeb7433ffff,3.569087572102779,0.10822510822510822,31899.0,4123.0
8929aeb743bffff,5.716345996263398,0.0,20396.0,6603.0
8929aeb7443ffff,0.049156152711781094,0.0,18887.0,57.0
8929aeb7447ffff,0.26543452615021623,0.0,4683.0,307.0
8929aeb744bffff,0.0,0.0,0.0,0.0
8929aeb744fffff,0.009831230542356217,0.0,22118.0,11.0
8929aeb7453ffff,0.9472925134390979,0.037509377344336084,15350.0,1094.0
8929aeb7457ffff,0.049164208456243856,0.0,0.0,57.0
8929aeb745bffff,0.0,0.0,0.0,0.0
8929aeb7463ffff,1.248443541516482,0.0,3433.0,1442.0
8929aeb7467ffff,1.3467020544578787,0.0,2771.0,1555.0
8929aeb746bffff,0.5833005636387469,0.6402048655569782,4470.0,674.0
8929aeb746fffff,1.514059120403749,1.5514809590973202,12061.0,1749.0
8929aeb7473ffff,0.10813999213527331,0.0,899.0,125.0
8929aeb7477ffff,0.8455135347709247,0.0,17372.0,977.0
8929aeb747bffff,0.2752564144575155,0.0,0.0,318.0
8929aeb7483ffff,10.095712599973778,0.6211180124223602,19354.0,11663.0
8929aeb7487ffff,9.33822806385001,0.39727582292849034,20218.0,10787.0
8929aeb748bffff,12.588512981904012,1.4059753954305798,25851.0,14543.0
8929aeb748fffff,15.442357491723211,2.5440976933514245,33097.0,17839.0
8929aeb7493ffff,3.517340850980135,0.0,927.0,4063.0
8929aeb7497ffff,4.622496147919876,0.20057306590257878,20062.0,5340.0
8929aeb749bffff,9.960668633235006,0.7765314926660914,19872.0,11507.0
8929aeb74a3ffff,5.251598098672349,0.0,4746.0,6066.0
8929aeb74abffff,6.102517042475092,0.42381860563678747,27066.0,7049.0
8929aeb74b3ffff,7.9361437094342095,1.6633520159103237,31329.0,9167.0
8929aeb74b7ffff,5.759145142257768,1.158129175946548,12781.0,6652.0
8929aeb74bbffff,5.533337704058218,2.087332053742802,23507.0,6392.0
8929aeb74c3ffff,2.887577843330056,3.647214854111406,8369.0,3336.0
8929aeb74c7ffff,6.456476140534871,4.1316180108857,22320.0,7459.0
8929aeb74cbffff,0.32118510749868906,0.0,23610.0,371.0
8929aeb74cfffff,0.13436455397522448,0.0,5230.0,155.0
8929aeb74d3ffff,0.8883207132789195,8.390022675736962,2327.0,1026.0
8929aeb74d7ffff,11.768562530732666,2.506063055780113,20840.0,13596.0
8929aeb74dbffff,0.8619559517566859,0.8636363636363636,12563.0,996.0
8929aeb7523ffff,6.658801939965919,1.8404907975460123,19354.0,7689.0
8929aeb7527ffff,4.594762887949399,0.6748466257668712,9325.0,5305.0
8929aeb752bffff,6.305715783953854,1.0451412052479432,25632.0,7281.0
8929aeb752fffff,3.231833229538825,0.7851934941110488,30568.0,3732.0
8929aeb753bffff,6.0799737790888235,1.6385875836602817,24549.0,7021.0
8929aeb7543ffff,1.9695231853186956,0.0,1981.0,2275.0
8929aeb7547ffff,6.557430771751598,2.703488372093023,19279.0,7573.0
8929aeb754bffff,1.6614779616582007,10.70154577883472,4326.0,1919.0
8929aeb7553ffff,9.102232128224458,4.492753623188406,7592.0,10512.0
8929aeb7557ffff,8.010750925956275,2.7697395618023974,13548.0,9251.0
8929aeb755bffff,3.201494249107055,0.0,4118.0,3698.0
8929aeb7567ffff,9.559233164017696,0.4829689883070666,22550.0,11038.0
8929aeb7577ffff,4.56824512534819,1.2506513809275663,21830.0,5275.0
8929aeb7583ffff,15.343516454700406,1.7914438502673797,21156.0,17720.0
8929aeb7587ffff,16.970432046154855,1.7937219730941705,13876.0,19598.0
8929aeb758bffff,9.768570117353963,0.390625,17626.0,11282.0
8929aeb7593ffff,9.966559569864271,0.07686395080707148,14976.0,11511.0
8929aeb7597ffff,17.23877905642438,2.308214528173795,16577.0,19909.0
8929aeb759bffff,11.846461467859836,0.9636563876651982,20719.0,13682.0
8929aeb75d7ffff,11.276100567082963,1.6560030109145654,15051.0,13023.0
8929aeb7613ffff,0.09829619921363039,0.0,1031.0,114.0
8929aeb7617ffff,1.9722831962782164,0.0,7367.0,2278.0
8929aeb761bffff,0.33749467544808154,0.0,6359.0,390.0
8929aeb7623ffff,0.6257166257166257,0.0,4596.0,723.0
8929aeb7627ffff,2.3454646706194513,0.9478672985781991,7223.0,2709.0
8929aeb762bffff,2.047636208760607,0.9735744089012517,12303.0,2365.0
8929aeb762fffff,4.786868058058387,0.0,7868.0,5529.0
8929aeb7637ffff,1.648099606815203,1.2925969447708578,9677.0,1904.0
8929aeb764fffff,2.6504603086197296,1.1022044088176353,11370.0,3062.0
8929aeb766bffff,6.1740526022730995,1.3219284603421462,14619.0,7132.0
8929aeb766fffff,6.701604978709466,0.7322508755173511,17960.0,7741.0
8929aeb767bffff,0.36366019067588373,0.0,438.0,420.0
8929aeb7687ffff,0.03604902667627974,0.0,0.0,42.0
8929aeb768fffff,1.1565807149175977,0.5733005733005733,6993.0,1336.0
8929aeb7697ffff,0.0,0.0,0.0,0.0
8929aeb76a3ffff,0.9763769208086236,0.1443001443001443,3986.0,1128.0
8929aeb76a7ffff,1.9593067068575734,5.109489051094891,14976.0,2263.0
8929aeb76abffff,2.2345270469512792,3.7786774628879893,4107.0,2581.0
8929aeb76b3ffff,0.5308690523004325,0.0,0.0,613.0
8929aeb76b7ffff,0.7046177039294726,0.0,12879.0,814.0
8929aeb76bbffff,0.5864622239695958,0.0,3485.0,677.0
8929aeb76c3ffff,0.7338728172198015,0.0,0.0,848.0
8929aeb76cbffff,0.01310615989515072,0.0,0.0,15.0
8929aeb76cfffff,0.6750114686414576,0.0,0.0,780.0
8929aeb76d3ffff,0.01310615989515072,0.0,0.0,15.0
8929aeb76d7ffff,1.3597640891218872,0.0,5368.0,1571.0
8929aeb76dbffff,0.0,0.0,3341.0,0.0
8929aeb8403ffff,0.0,0.0,0.0,0.0
8929aeb8407ffff,2.8111005785637238,0.0,0.0,3252.0
8929aeb840bffff,0.0,0.0,0.0,0.0
8929aeb840fffff,0.3202928391672386,0.0,0.0,371.0
8929aeb8413ffff,0.0,0.0,0.0,0.0
8929aeb8417ffff,0.0,0.0,0.0,0.0
8929aeb841bffff,0.0,0.0,0.0,0.0
8929aeb8423ffff,11.456120281091682,1.9427402862985685,5524.0,13253.0
8929aeb8427ffff,2.166454269189295,32.800000000000004,1452.0,2506.0
8929aeb842fffff,0.06208541646243833,0.0,0.0,72.0
8929aeb8433ffff,12.394209718001504,0.0,0.0,14339.0
8929aeb8437ffff,19.788193763483036,12.674897119341564,6111.0,22893.0
8929aeb843bffff,0.5391628271738065,0.0,2880.0,624.0
8929aeb8443ffff,0.0,0.0,0.0,0.0
8929aeb8447ffff,0.8266623100800523,0.0,0.0,956.0
8929aeb844bffff,0.0,0.0,0.0,0.0
8929aeb844fffff,0.0,0.0,0.0,0.0
8929aeb8453ffff,0.0,0.0,0.0,0.0
8929aeb8457ffff,0.0,0.0,0.0,0.0
8929aeb845bffff,0.0,0.0,0.0,0.0
8929aeb8463ffff,0.10455124644689123,0.0,0.0,121.0
8929aeb8473ffff,0.7419512992319006,0.0,0.0,858.0
8929aeb8477ffff,0.13723247835321026,0.0,13006.0,159.0
8929aeb847bffff,1.137329237205046,0.0,0.0,1316.0
8929aeb8483ffff,0.0,0.0,0.0,0.0
8929aeb8487ffff,1.8762462001111364,0.0,1112.0,2171.0
8929aeb848bffff,0.0,0.0,0.0,0.0
8929aeb848fffff,0.0,0.0,0.0,0.0
8929aeb8493ffff,1.588650627615063,0.0,0.0,1838.0
8929aeb8497ffff,8.691530742326677,0.0,0.0,10057.0
8929aeb849bffff,0.0,0.0,0.0,0.0
8929aeb84a3ffff,2.1410826359832638,0.0,0.0,2477.0
8929aeb84a7ffff,13.785665261300128,0.0,2252.0,15949.0
8929aeb84abffff,5.635460251046025,0.0,0.0,6520.0
8929aeb84afffff,16.422105297558744,0.0,2183.0,18999.0
8929aeb84b3ffff,0.22551230512795373,0.0,253.0,261.0
8929aeb84b7ffff,8.571428571428571,0.0,0.0,9917.0
8929aeb84bbffff,1.6342005490913845,0.0,127.0,1891.0
8929aeb84c7ffff,0.0,0.0,0.0,0.0
8929aeb84cbffff,0.0,0.0,0.0,0.0
8929aeb84cfffff,0.0,0.0,0.0,0.0
8929aeb84d7ffff,0.0,0.0,0.0,0.0
8929aeb850bffff,0.0,0.0,0.0,0.0
8929aeb851bffff,0.0,0.0,0.0,0.0
8929aeb8553ffff,0.22226580375236973,0.0,0.0,257.0
8929aeb8557ffff,0.0,0.0,0.0,0.0
8929aeb855bffff,0.0,0.0,0.0,0.0
8929aeb85c3ffff,3.617056036595328,0.0,0.0,4184.0
8929aeb85c7ffff,0.26471453315467824,0.0,0.0,306.0
8929aeb85cbffff,2.8464052287581696,0.0,0.0,3293.0
8929aeb85cfffff,0.11438656121315119,0.0,0.0,132.0
8929aeb85d3ffff,3.088739990194476,0.0,2684.0,3573.0
8929aeb85d7ffff,0.4607090344714916,0.0,0.0,533.0
8929aeb85dbffff,0.9447223039456049,0.0,6866.0,1093.0
8929aeb8617ffff,0.0,0.0,0.0,0.0
8929aeb8683ffff,0.035943013985099984,0.0,0.0,42.0
8929aeb8687ffff,0.01306975984316288,0.0,0.0,15.0
8929aeb868fffff,0.0,0.0,0.0,0.0
8929aeb8693ffff,0.0,0.0,0.0,0.0
8929aeb8697ffff,0.0,0.0,0.0,0.0
8929aeb869bffff,0.4639461561080798,0.0,0.0,537.0
8929aeb86a3ffff,2.0683570775062083,0.0,0.0,2393.0
8929aeb86abffff,0.5751446031175451,0.0,0.0,665.0
8929aeb86b3ffff,0.0,0.0,0.0,0.0
8929aeb86b7ffff,0.07842880951602889,0.0,0.0,91.0
8929aeb86bbffff,0.7449276309341,0.0,0.0,862.0
8929aeb86d3ffff,0.0,0.0,0.0,0.0
8929aeb86d7ffff,0.0,0.0,0.0,0.0
8929aeb86dbffff,0.0,0.0,0.0,0.0
8929aeba003ffff,0.0,0.0,0.0,0.0
8929aeba007ffff,4.516023544800523,1.5665796344647518,2172.0,5226.0
8929aeba00bffff,0.0,0.0,0.0,0.0
8929aeba00fffff,3.9826047150377657,1.4500258933195236,10961.0,4609.0
8929aeba013ffff,0.0,0.0,0.0,0.0
8929aeba017ffff,0.0,0.0,0.0,0.0
8929aeba01bffff,0.0,0.0,0.0,0.0
8929aeba023ffff,7.443016449197161,6.030150753768844,7540.0,8612.0
8929aeba027ffff,8.7717003955929,3.6318407960199006,11157.0,10149.0
8929aeba02bffff,9.321867643212137,7.020872865275142,8467.0,10786.0
8929aeba02fffff,12.11467425059658,9.887005649717514,14700.0,14017.0
8929aeba033ffff,8.379376859450092,2.1654395842355996,13012.0,9696.0
8929aeba037ffff,9.268101249264177,3.1060911657926584,13836.0,10724.0
8929aeba03bffff,8.294373426619153,2.2437673130193905,20327.0,9598.0
8929aeba043ffff,0.8634222919937204,0.0,0.0,999.0
8929aeba047ffff,0.0,0.0,0.0,0.0
8929aeba04bffff,0.0,0.0,0.0,0.0
8929aeba04fffff,0.0,0.0,0.0,0.0
8929aeba053ffff,4.9115463850103005,0.0,0.0,5684.0
8929aeba057ffff,1.5305621872649378,0.0,0.0,1771.0
8929aeba063ffff,3.4128800261523375,0.08421052631578947,13668.0,3949.0
8929aeba067ffff,9.11884910904038,4.680851063829787,9032.0,10551.0
8929aeba06bffff,0.0,0.0,4931.0,0.0
8929aeba06fffff,0.03923363630419146,0.0,12833.0,45.0
8929aeba073ffff,3.8420037275610635,0.4016064257028112,11428.0,4446.0
8929aeba077ffff,14.061069700536159,10.06365565322825,17090.0,16271.0
8929aeba07bffff,0.0,0.0,7597.0,0.0
8929aeba083ffff,0.0,0.0,0.0,0.0
8929aeba087ffff,0.0,0.0,0.0,0.0
8929aeba08bffff,0.0,0.0,0.0,0.0
8929aeba08fffff,0.0,0.0,0.0,0.0
8929aeba093ffff,0.0,0.0,0.0,0.0
8929aeba097ffff,0.0,0.0,0.0,0.0
8929aeba09bffff,0.0,0.0,0.0,0.0
8929aeba0a3ffff,0.0,0.0,0.0,0.0
8929aeba0abffff,0.0,0.0,0.0,0.0
8929aeba0afffff,1.36986301369863,3.583617747440273,3254.0,1585.0
8929aeba0b3ffff,0.0,0.0,0.0,0.0
8929aeba0bbffff,0.0,0.0,0.0,0.0
8929aeba0c3ffff,0.0,0.0,0.0,0.0
8929aeba0c7ffff,0.0,0.0,0.0,0.0
8929aeba0cbffff,1.8218093805193953,0.0,0.0,2108.0
8929aeba0cfffff,0.0,0.0,0.0,0.0
8929aeba0d3ffff,0.0,0.0,0.0,0.0
8929aeba0d7ffff,0.0,0.0,0.0,0.0
8929aeba103ffff,0.7456097321691357,0.05058168942842691,11382.0,863.0
8929aeba107ffff,2.547166726612824,0.10449320794148381,5507.0,2947.0
8929aeba10bffff,4.359485888085817,1.320361362056984,16358.0,5043.0
8929aeba10fffff,1.637950763396214,0.0,3197.0,1895.0
8929aeba117ffff,3.2928942807625647,0.0,841.0,3809.0
8929aeba11bffff,1.9093078758949882,1.827956989247312,5259.0,2209.0
8929aeba123ffff,0.0,0.0,0.0,0.0
8929aeba127ffff,0.0,0.0,10437.0,0.0
8929aeba12bffff,0.019615535504119264,0.0,0.0,23.0
8929aeba12fffff,0.0032696834946377186,0.0,0.0,4.0
8929aeba133ffff,2.9495438344069846,0.32751091703056767,10518.0,3412.0
8929aeba137ffff,0.0,0.0,0.0,0.0
8929aeba13bffff,0.062130080769105,0.0,2644.0,72.0
8929aeba143ffff,8.264408774396024,1.0821554770318023,25799.0,9562.0
8929aeba147ffff,3.0898509024326444,0.035842293906810034,16065.0,3575.0
8929aeba14bffff,7.452928870292887,1.1447562776957163,30839.0,8623.0
8929aeba14fffff,1.5598430346631786,0.0,5501.0,1805.0
8929aeba153ffff,2.1484630477436233,1.0174418604651163,7845.0,2486.0
8929aeba157ffff,5.397365065873353,0.7137394850879428,22435.0,6244.0
8929aeba15bffff,8.086720512736667,0.8872538411599221,26381.0,9356.0
8929aeba163ffff,4.048132888627297,2.8102392877017253,20120.0,4683.0
8929aeba167ffff,3.723317315550325,0.6182883176049463,17591.0,4307.0
8929aeba16bffff,5.417688409350989,0.4394224733207784,18271.0,6267.0
8929aeba16fffff,2.634589612002746,0.2886002886002886,7960.0,3048.0
8929aeba173ffff,2.1837915590571777,0.0,10138.0,2526.0
8929aeba177ffff,3.711454824891272,2.4838709677419355,17412.0,4293.0
8929aeba17bffff,0.08499231800202674,0.0,0.0,98.0
8929aeba183ffff,1.8021259198691741,0.0,0.0,2085.0
8929aeba187ffff,6.6642686635492625,3.4361233480176208,6313.0,7710.0
8929aeba18fffff,2.4132631372420783,1.4866204162537164,5725.0,2792.0
8929aeba193ffff,0.0,0.0,0.0,0.0
8929aeba197ffff,0.0,0.0,0.0,0.0
8929aeba1a3ffff,6.785924520897376,0.22163120567375888,12966.0,7850.0
8929aeba1a7ffff,2.2956180510137347,1.1075949367088607,7200.0,2656.0
8929aeba1abffff,8.917010005885816,6.42791551882461,5869.0,10316.0
8929aeba1afffff,6.504676564850547,0.09115770282588878,18939.0,7525.0
8929aeba1b3ffff,3.1134512869150015,0.0,14596.0,3602.0
8929aeba1b7ffff,0.0,0.0,0.0,0.0
8929aeba1bbffff,13.434056051538636,5.498721227621484,4257.0,15541.0
8929aeba1cbffff,0.18309030275289348,0.0,0.0,212.0
8929aeba1dbffff,0.0,0.0,0.0,0.0
8929aeba203ffff,0.0,0.0,0.0,0.0
8929aeba207ffff,0.32042898247449647,0.0,0.0,371.0
8929aeba20bffff,0.0,0.0,0.0,0.0
8929aeba20fffff,0.0,0.0,0.0,0.0
8929aeba213ffff,0.0,0.0,0.0,0.0
8929aeba217ffff,1.5822164105916965,0.0,0.0,1831.0
8929aeba21bffff,0.0,0.0,0.0,0.0
8929aeba223ffff,0.0,0.0,0.0,0.0
8929aeba227ffff,0.0,0.0,0.0,0.0
8929aeba22bffff,0.21248079500506686,0.0,0.0,246.0
8929aeba22fffff,0.15690889477297246,0.0,0.0,182.0
8929aeba233ffff,0.0,0.0,0.0,0.0
8929aeba237ffff,0.0,0.0,0.0,0.0
8929aeba23bffff,1.0983263598326358,0.0,0.0,1271.0
8929aeba263ffff,0.0,0.0,0.0,0.0
8929aeba267ffff,0.016345745202523784,0.0,0.0,19.0
8929aeba26fffff,0.0,0.0,0.0,0.0
8929aeba273ffff,0.0,0.0,0.0,0.0
8929aeba277ffff,0.0,0.0,0.0,0.0
8929aeba283ffff,3.5307963907414677,0.0,0.0,4086.0
8929aeba287ffff,0.0,0.0,0.0,0.0
8929aeba28bffff,0.0,0.0,0.0,0.0
8929aeba28fffff,2.3511330564729738,0.0,0.0,2721.0
8929aeba297ffff,0.0,0.0,0.0,0.0
8929aeba29bffff,0.2616174498839073,0.0,2333.0,303.0
8929aeba2a3ffff,0.0,0.0,0.0,0.0
8929aeba2a7ffff,0.0,0.0,0.0,0.0
8929aeba2abffff,0.0,0.0,0.0,0.0
8929aeba2afffff,0.0,0.0,0.0,0.0
8929aeba2b3ffff,0.0,0.0,0.0,0.0
8929aeba2b7ffff,0.0,0.0,0.0,0.0
8929aeba2bbffff,0.013077451204760192,0.0,0.0,15.0
8929aeba2c7ffff,0.0,0.0,0.0,0.0
8929aeba2d7ffff,0.0,0.0,0.0,0.0
8929aeba303ffff,6.256537656903766,0.0,0.0,7239.0
8929aeba307ffff,12.544943452964633,0.0,0.0,14513.0
8929aeba30bffff,30.43762460371932,0.0,0.0,35215.0
8929aeba30fffff,4.379657471564911,0.0,0.0,5067.0
8929aeba313ffff,1.761783356213637,0.0,0.0,2038.0
8929aeba317ffff,8.251332178234005,0.0,0.0,9546.0
8929aeba31bffff,30.552740823064102,0.0,0.0,35350.0
8929aeba323ffff,2.444764021440711,0.0,0.0,2828.0
8929aeba327ffff,0.2026474914201667,0.0,0.0,234.0
8929aeba32bffff,2.1474798980192196,0.0,0.0,2484.0
8929aeba32fffff,0.46736608164199106,0.0,0.0,541.0
8929aeba333ffff,1.2094269931029975,0.0,0.0,1399.0
8929aeba337ffff,0.0,0.0,0.0,0.0
8929aeba33bffff,5.81178701010035,0.0,0.0,6723.0
8929aeba343ffff,14.959136972866949,0.0,0.0,17308.0
8929aeba347ffff,42.71051255230125,0.0,0.0,49415.0
8929aeba34bffff,4.04380516508663,0.0,0.0,4679.0
8929aeba34fffff,11.378419899977118,0.0,0.0,13165.0
8929aeba353ffff,21.214895216922223,0.0,0.0,24547.0
8929aeba357ffff,31.146415612435028,0.0,0.0,36037.0
8929aeba35bffff,12.401935146443515,0.0,0.0,14350.0
8929aeba363ffff,2.7419196705774698,0.0,0.0,3172.0
8929aeba36bffff,2.9019607843137254,0.0,8813.0,3357.0
8929aeba36fffff,0.9837887305530134,0.0,6301.0,1138.0
8929aeba373ffff,6.092897067956722,0.0,0.0,7049.0
8929aeba377ffff,2.31714491143212,0.0,0.0,2681.0
8929aeba37bffff,14.829705170948552,3.8664323374340945,3151.0,17157.0
8929aeba383ffff,16.121227972668127,2.74294670846395,7148.0,18653.0
8929aeba387ffff,3.922594142259414,2.6615969581749046,10322.0,4538.0
8929aeba38bffff,1.628036222171369,0.592885375494071,2897.0,1884.0
8929aeba38fffff,2.386400784570121,1.7724413950829045,9896.0,2761.0
8929aeba393ffff,17.731284733573062,8.055693684733964,10650.0,20516.0
8929aeba397ffff,13.310011116196954,3.0586938550564895,20264.0,15400.0
8929aeba39bffff,14.997384937238495,4.588910133843212,11497.0,17353.0
8929aeba3a3ffff,1.3304131799163181,0.5301524188204109,8646.0,1539.0
8929aeba3a7ffff,3.884003007813777,1.5957446808510638,6394.0,4493.0
8929aeba3abffff,3.7098777538079366,0.0,0.0,4292.0
8929aeba3afffff,0.0,0.0,0.0,0.0
8929aeba3b3ffff,3.874321585038907,1.3735046521931769,12822.0,4482.0
8929aeba3b7ffff,1.840350418410042,0.7383966244725738,5420.0,2129.0
8929aeba3bbffff,1.4220798326195692,1.3581129378127232,7949.0,1645.0
8929aeba3c3ffff,0.0,0.0,0.0,0.0
8929aeba3c7ffff,0.5949267782426778,0.0,0.0,688.0
8929aeba3cbffff,0.0,0.0,0.0,0.0
8929aeba3cfffff,7.179520711413345,0.0,0.0,8307.0
8929aeba3d3ffff,0.0,0.0,0.0,0.0
8929aeba3d7ffff,0.0,0.0,0.0,0.0
8929aeba3dbffff,0.0,0.0,0.0,0.0
8929aeba42fffff,0.0,0.0,0.0,0.0
8929aeba467ffff,0.22890778286461738,0.0,0.0,265.0
8929aeba46bffff,0.0,0.0,5967.0,0.0
8929aeba46fffff,0.0,0.0,0.0,0.0
8929aeba507ffff,0.0,0.0,0.0,0.0
8929aeba523ffff,0.0,0.0,0.0,0.0
8929aeba527ffff,0.0,0.0,0.0,0.0
8929aeba52bffff,0.0,0.0,0.0,0.0
8929aeba52fffff,0.0,0.0,0.0,0.0
8929aeba533ffff,0.0,0.0,0.0,0.0
8929aeba537ffff,0.0,0.0,0.0,0.0
8929aeba53bffff,0.0,0.0,0.0,0.0
8929aeba54bffff,0.0,0.0,0.0,0.0
8929aeba55bffff,0.0,0.0,0.0,0.0
8929aeba5a7ffff,0.0,0.0,0.0,0.0
8929aeba5abffff,0.0,0.0,0.0,0.0
8929aeba5afffff,0.0,0.0,0.0,0.0
8929aeba883ffff,6.508450197770586,0.0,0.0,7526.0
8929aeba887ffff,0.05885045445628719,0.0,0.0,68.0
8929aeba88bffff,5.366890014708286,0.0,0.0,6206.0
8929aeba893ffff,0.0,0.0,0.0,0.0
8929aeba897ffff,0.0,0.0,0.0,0.0
8929aeba89bffff,0.0,0.0,0.0,0.0
8929aeba8b3ffff,6.689553702795488,0.0,0.0,7735.0
8929aeba8b7ffff,13.183185146443515,0.0,0.0,15243.0
8929aeba8c3ffff,7.005328364551666,3.933054393305439,13225.0,8101.0
8929aeba8cbffff,0.05229270843546753,0.9333333333333335,8559.0,60.0
8929aeba8d3ffff,1.7423994769532527,0.5390835579514826,2125.0,2015.0
8929aeba8d7ffff,0.23213234813313283,0.0,4867.0,268.0
8929aeba8dbffff,20.14710689767898,19.973603167619885,10477.0,23300.0
8929aeba983ffff,0.0,0.0,0.0,0.0
8929aeba993ffff,0.0,0.0,0.0,0.0
8929aeba997ffff,0.0,0.0,0.0,0.0
8929aeba99bffff,0.0,0.0,0.0,0.0
8929aeba9d3ffff,9.603504069558396,0.0,1140.0,11103.0
8929aeba9d7ffff,1.1149256171325812,18.028169014084508,1676.0,1289.0
8929aebac03ffff,1.2589928057553956,0.0,5524.0,1456.0
8929aebac07ffff,0.0,0.0,0.0,0.0
8929aebac0bffff,0.0,0.0,253.0,0.0
8929aebac0fffff,0.0,0.0,0.0,0.0
8929aebac13ffff,4.829322521579911,0.0,10236.0,5586.0
8929aebac17ffff,1.1184877522320698,0.36656891495601174,7828.0,1294.0
8929aebac1bffff,1.7199097537847825,0.0,14878.0,1989.0
8929aebac23ffff,0.0,0.0,0.0,0.0
8929aebac27ffff,0.0,0.0,0.0,0.0
8929aebac2bffff,0.0,0.0,0.0,0.0
8929aebac2fffff,0.0,0.0,0.0,0.0
8929aebac33ffff,0.0,0.0,3306.0,0.0
8929aebac37ffff,0.08176080060175948,0.0,0.0,95.0
8929aebac3bffff,0.0,0.0,0.0,0.0
8929aebac43ffff,0.0,0.0,6618.0,0.0
8929aebac47ffff,0.0,0.0,1924.0,0.0
8929aebac4bffff,0.0,0.0,0.0,0.0
8929aebac4fffff,0.0,0.0,0.0,0.0
8929aebac53ffff,0.0,0.0,3565.0,0.0
8929aebac57ffff,0.0,0.0,570.0,0.0
8929aebac5bffff,0.0,0.0,13720.0,0.0
8929aebac63ffff,0.0,0.0,0.0,0.0
8929aebac67ffff,0.0,0.0,0.0,0.0
8929aebac6bffff,0.0,0.0,0.0,0.0
8929aebac6fffff,0.0,0.0,0.0,0.0
8929aebac73ffff,0.0,0.0,0.0,0.0
8929aebac77ffff,0.0,0.0,0.0,0.0
8929aebac7bffff,0.0,0.0,0.0,0.0
8929aebac83ffff,2.8224751439037155,1.7177097203728362,42515.0,3265.0
8929aebac87ffff,2.5248560962846676,0.36490296898324764,34600.0,2920.0
8929aebac8bffff,0.6475667189952904,0.9013282732447818,12033.0,749.0
8929aebac8fffff,4.518998103459551,0.978607191624943,25062.0,5227.0
8929aebac93ffff,0.9810654370646522,0.46439628482972134,25926.0,1135.0
8929aebac97ffff,2.8779801811819343,1.9350811485642945,36196.0,3329.0
8929aebac9bffff,0.4316546762589928,0.0790722192936215,21836.0,499.0
8929aebaca3ffff,0.5428739616717901,0.7692307692307693,2229.0,628.0
8929aebaca7ffff,3.0934240214512276,4.196428571428571,6180.0,3577.0
8929aebacabffff,0.14716462816403952,0.2986188876446435,15385.0,170.0
8929aebacafffff,0.006540222367560497,0.0,1912.0,8.0
8929aebacb3ffff,0.595179698485889,0.0411522633744856,27982.0,688.0
8929aebacb7ffff,0.1602773779929347,0.09462976105985332,24324.0,185.0
8929aebacbbffff,1.1642357250310682,0.24975984630163303,29906.0,1346.0
8929aebacc3ffff,0.0,0.0,0.0,0.0
8929aebacc7ffff,1.5110384300899429,0.13686131386861314,12609.0,1748.0
8929aebaccbffff,0.0,0.0,6785.0,0.0
8929aebaccfffff,0.0,0.0,4481.0,0.0
8929aebacd3ffff,0.0,0.0,0.0,0.0
8929aebacd7ffff,2.014125032696835,0.4032258064516129,32723.0,2330.0
8929aebacdbffff,1.062820890153373,0.6814310051107325,3358.0,1229.0
8929aebad03ffff,0.0,0.0,0.0,0.0
8929aebad07ffff,0.0,0.0,0.0,0.0
8929aebad0bffff,0.0,0.0,0.0,0.0
8929aebad0fffff,0.0,0.0,0.0,0.0
8929aebad13ffff,0.0,0.0,0.0,0.0
8929aebad17ffff,0.0,0.0,0.0,0.0
8929aebad1bffff,0.0,0.0,0.0,0.0
8929aebad23ffff,0.0,0.0,0.0,0.0
8929aebad27ffff,0.0,0.0,0.0,0.0
8929aebad2bffff,0.0,0.0,0.0,0.0
8929aebad2fffff,0.0,0.0,0.0,0.0
8929aebad33ffff,0.0,0.0,0.0,0.0
8929aebad37ffff,0.0,0.0,0.0,0.0
8929aebad3bffff,0.0,0.0,0.0,0.0
8929aebad43ffff,0.0,0.0,0.0,0.0
8929aebad47ffff,0.0,0.0,0.0,0.0
8929aebad4bffff,0.0817340700297512,0.0,0.0,95.0
8929aebad4fffff,2.275922958699846,0.0,5098.0,2632.0
8929aebad53ffff,0.0,0.0,0.0,0.0
8929aebad57ffff,0.0,0.0,0.0,0.0
8929aebad5bffff,0.0,0.0,0.0,0.0
8929aebad63ffff,0.0,0.0,3462.0,0.0
8929aebad67ffff,0.0,0.0,0.0,0.0
8929aebad6bffff,4.296785585821262,0.0,265.0,4968.0
8929aebad6fffff,0.0,0.0,5674.0,0.0
8929aebad73ffff,0.0,0.0,0.0,0.0
8929aebad77ffff,0.0,0.0,0.0,0.0
8929aebad7bffff,2.085785275271348,0.0,6422.0,2412.0
8929aebad83ffff,0.0,0.0,0.0,0.0
8929aebad87ffff,0.0,0.0,0.0,0.0
8929aebad8bffff,0.0,0.0,0.0,0.0
8929aebad8fffff,0.0,0.0,0.0,0.0
8929aebad93ffff,0.0,0.0,0.0,0.0
8929aebad97ffff,0.0,0.0,0.0,0.0
8929aebad9bffff,0.0,0.0,0.0,0.0
8929aebada3ffff,0.0,0.0,0.0,0.0
8929aebada7ffff,0.04251839738348324,0.0,0.0,49.0
8929aebadabffff,0.0,0.0,0.0,0.0
8929aebadafffff,0.0,0.0,0.0,0.0
8929aebadb3ffff,0.013082155939298797,0.0,0.0,15.0
8929aebadb7ffff,0.0,0.0,0.0,0.0
8929aebadbbffff,0.0,0.0,0.0,0.0
8929aebadc3ffff,0.01307916162573979,0.0,0.0,15.0
8929aebadc7ffff,0.0,0.0,0.0,0.0
8929aebadcbffff,0.0,0.0,0.0,0.0
8929aebadcfffff,0.013080444735120994,0.0,0.0,15.0
8929aebadd3ffff,0.327075292732387,0.0,104.0,378.0
8929aebadd7ffff,0.0,0.0,0.0,0.0
8929aebaddbffff,0.7194715154686375,4.588910133843212,2874.0,832.0
8929aebae03ffff,0.5229612681810754,0.0,0.0,605.0
8929aebae07ffff,20.17457826598666,4.058679706601467,11301.0,23334.0
8929aebae0bffff,0.0,0.0,0.0,0.0
8929aebae0fffff,3.4815299117358616,2.3485784919653896,4550.0,4027.0
8929aebae13ffff,0.0,0.0,0.0,0.0
8929aebae17ffff,0.2647491420166694,0.0,0.0,306.0
8929aebae1bffff,0.0,0.0,0.0,0.0
8929aebae23ffff,3.7300990552159274,0.8551307847082495,11353.0,4314.0
8929aebae33ffff,15.537470993888288,2.311006658832746,28731.0,17970.0
8929aebae37ffff,0.06538725602380097,0.0,14769.0,76.0
8929aebae3bffff,4.1409288492335845,0.0,15667.0,4789.0
8929aebae47ffff,0.9445370461156323,0.0,300.0,1092.0
8929aebae53ffff,0.6079226042619951,0.0,0.0,703.0
8929aebae57ffff,3.680460220958358,0.0,0.0,4257.0
8929aebae73ffff,8.236639973851936,0.0,0.0,9526.0
8929aebae83ffff,0.0,0.0,0.0,0.0
8929aebae87ffff,0.0,0.0,0.0,0.0
8929aebae8bffff,0.17977968816395906,0.0,0.0,208.0
8929aebae8fffff,0.0,0.0,0.0,0.0
8929aebae93ffff,0.0,0.0,0.0,0.0
8929aebae97ffff,0.0,0.0,0.0,0.0
8929aebae9bffff,0.14386607376405963,0.0,1238.0,166.0
8929aebaea3ffff,0.0,0.0,236.0,0.0
8929aebaea7ffff,0.33344230140568815,0.0,455.0,386.0
8929aebaeabffff,3.7759905845429578,2.4691358024691357,455.0,4367.0
8929aebaeafffff,11.479750269669532,12.754582484725052,19740.0,13277.0
8929aebaeb3ffff,0.0,0.0,0.0,0.0
8929aebaeb7ffff,0.0,0.0,0.0,0.0
8929aebaebbffff,0.0,0.0,0.0,0.0
8929aebaec3ffff,0.0,0.0,0.0,0.0
8929aebaec7ffff,0.0,0.0,0.0,0.0
8929aebaecbffff,0.022881051220867518,0.0,0.0,26.0
8929aebaecfffff,0.0,0.0,0.0,0.0
8929aebaed3ffff,2.994051121134863,0.7401315789473684,6952.0,3464.0
8929aebaed7ffff,0.0,0.0,0.0,0.0
8929aebaedbffff,0.0,0.0,0.0,0.0
8929aebb123ffff,0.0,0.0,0.0,0.0
8929aebb127ffff,0.0,0.0,0.0,0.0
8929aebb12bffff,0.0,0.0,0.0,0.0
8929aebb12fffff,0.0,0.0,0.0,0.0
8929aebb14fffff,0.0,0.0,0.0,0.0
8929aebb163ffff,0.0,0.0,0.0,0.0
8929aebb167ffff,0.0,0.0,0.0,0.0
8929aebb16bffff,0.0,0.0,0.0,0.0
8929aebb16fffff,0.8267433501078361,0.0,0.0,957.0
8929aebb173ffff,0.0,0.0,0.0,0.0
8929aebb177ffff,0.035941839568697925,0.0,0.0,42.0
8929aebb17bffff,0.0,0.0,0.0,0.0
8929aebb3a7ffff,0.0,0.0,0.0,0.0
8929aebb3b7ffff,0.0,0.0,0.0,0.0
