h3,pop,pct65,income,ac_est,ac_src,occupied,ac_homes,ac_covered_homes,ac_coverage,acs_year
8929ac48043ffff,0.0,12.06,41528.0158191362,99.5,lace,0.0753030137647601,0.0749264982773673,0.0753030137647601,1.0,2024
8929ac48047ffff,0.0,12.06,41528.776875043935,99.5,lace,3.1603800183325066e-05,3.144577255534534e-05,3.1603800183325066e-05,1.0,2024
8929ac4804bffff,0.0,12.06,41528.055926277484,99.5,lace,0.009731411192798406,0.009682753945601032,0.009731411192798406,1.0,2024
8929ac48053ffff,0.0,12.06,41528.0,99.5,lace,0.1095214830117518,0.10897387559669303,0.1095214830117518,1.0,2024
8929ac48057ffff,0.0,12.06,41528.0,99.5,lace,0.010098568991818055,0.010048076146858964,0.010098568991818055,1.0,2024
8929ac4805bffff,0.0,12.06,41528.0,99.5,lace,0.11043304398479546,0.10988087876487147,0.11043304398479546,1.0,2024
8929ac480c3ffff,0.0,12.06,41528.0,99.5,lace,0.0146180096142104,0.014544919566139349,0.0146180096142104,1.0,2024
8929ac480cbffff,0.0,12.06,41528.0,99.5,lace,0.11003649182165495,0.10948630936254668,0.11003649182165495,1.0,2024
8929ac480cfffff,0.0,12.06,41528.0,99.5,lace,0.012254249437316454,0.01219297819012987,0.012254249437316454,1.0,2024
8929ac480d3ffff,0.0,12.06,41528.0,99.5,lace,0.0171896715335458,0.01710372317587807,0.0171896715335458,1.0,2024
8929ac480dbffff,0.0,12.06,41528.0,99.5,lace,0.11034320910389006,0.10979149305837062,0.11034320910389006,1.0,2024
8929ac48203ffff,0.0,12.38,63456.0,98.7,lace,0.01229512446502322,0.01213528784697792,0.01229512446502322,1.0,2024
8929ac4820bffff,2.0,12.38,63456.0,98.7,lace,0.5209641155323826,0.5141915820304617,0.5209641155323826,1.0,2024
8929ac4820fffff,0.0,12.38,63456.0,98.7,lace,0.04801638667410843,0.04739217364734502,0.04801638667410843,1.0,2024
8929ac48213ffff,0.0,12.38,63456.0,98.7,lace,0.0167662443477741,0.016548283171253036,0.0167662443477741,1.0,2024
8929ac4821bffff,2.0,12.38,63456.0,98.7,lace,0.5282560342685199,0.5213887058230291,0.5282560342685199,1.0,2024
8929ac48223ffff,2.0,12.38,63456.0,98.7,lace,0.5626126494975273,0.5552986850540595,0.5626126494975273,1.0,2024
8929ac48227ffff,2.0,12.38,63456.00000000001,98.7,lace,0.5628279098927192,0.5555111470641139,0.5628279098927192,1.0,2024
8929ac4822bffff,2.0,12.38,63456.0,98.7,lace,0.5628622048575683,0.55554499619442,0.5628622048575683,1.0,2024
8929ac4822fffff,2.0,12.38,63456.0,98.7,lace,0.5628361319887492,0.5555192622728954,0.5628361319887492,1.0,2024
8929ac48233ffff,0.0,12.38,63456.0,98.7,lace,0.0035331612499821283,0.0034872301537323606,0.0035331612499821283,1.0,2024
8929ac48237ffff,1.0,12.38,63456.0,98.7,lace,0.25582606118760487,0.252500322392166,0.25582606118760487,1.0,2024
8929ac4823bffff,1.0,12.38,63456.00000000001,98.7,lace,0.3192720434836014,0.3151215069183146,0.3192720434836014,1.0,2024
8929ac48243ffff,2.0,12.38,63456.0,98.7,lace,0.5629664879153792,0.5556479235724793,0.5629664879153792,1.0,2024
8929ac48247ffff,2.0,12.38,63456.00000000001,98.7,lace,0.5629404184193889,0.5556221929799369,0.5629404184193889,1.0,2024
8929ac4824bffff,2.0,12.38,63456.0,98.7,lace,0.4404311960145408,0.4347055904663517,0.4404311960145408,1.0,2024
8929ac4824fffff,2.0,12.38,63456.0,98.7,lace,0.5555870024466394,0.5483643714148331,0.5555870024466394,1.0,2024
8929ac48253ffff,2.0,12.38,63456.00000000001,98.7,lace,0.5629843316507285,0.555665535339269,0.5629843316507285,1.0,2024
8929ac48257ffff,2.0,12.38,63455.99999999999,98.7,lace,0.5629582634665595,0.5556398060414943,0.5629582634665595,1.0,2024
8929ac4825bffff,2.0,12.38,63455.99999999999,98.7,lace,0.562992556578715,0.5556736533431917,0.562992556578715,1.0,2024
8929ac48263ffff,2.0,12.38,63455.99999999999,98.7,lace,0.562896496937021,0.5555788424768398,0.562896496937021,1.0,2024
8929ac48267ffff,2.0,12.38,63456.00000000001,98.7,lace,0.5628704244344289,0.5555531089167813,0.5628704244344289,1.0,2024
8929ac4826bffff,1.0,12.38,63456.0,98.7,lace,0.37252614576219717,0.36768330586728865,0.37252614576219717,1.0,2024
8929ac4826fffff,1.0,12.38,63455.99999999999,98.7,lace,0.34234252829625494,0.33789207542840366,0.34234252829625494,1.0,2024
8929ac48273ffff,2.0,12.38,63455.99999999999,98.7,lace,0.5520908471159578,0.5449136661034504,0.5520908471159578,1.0,2024
8929ac48277ffff,2.0,12.38,63456.0,98.7,lace,0.5628882768839302,0.5555707292844391,0.5628882768839302,1.0,2024
8929ac4827bffff,2.0,12.38,63456.00000000001,98.7,lace,0.5629225685937375,0.5556045752020189,0.5629225685937375,1.0,2024
8929ac48283ffff,0.0,12.06,41528.0,99.5,lace,0.0024845095252156594,0.002472086977589581,0.0024845095252156594,1.0,2024
8929ac4828bffff,0.0,12.38,63456.0,98.7,lace,0.021928505672758343,0.021643435099012485,0.021928505672758343,1.0,2024
8929ac48293ffff,0.0,12.06,41528.0,99.5,lace,0.1104397742789743,0.10988757540757943,0.1104397742789743,1.0,2024
8929ac48297ffff,0.0,12.06,41528.004372072886,99.5,lace,0.0658244286400308,0.06549530639570847,0.0658244286400308,1.0,2024
8929ac4829bffff,0.0,12.14,47058.92724928448,99.3,lace,0.06836588995504236,0.06788994837870256,0.06836588995504236,1.0,2024
8929ac482c3ffff,2.0,12.38,63456.00000000001,98.7,lace,0.5629939392343053,0.5556750180242593,0.5629939392343053,1.0,2024
8929ac482c7ffff,2.0,12.38,63456.0,98.7,lace,0.5348552094102347,0.5279020916879016,0.5348552094102347,1.0,2024
8929ac482cbffff,2.0,12.38,63456.00000000001,98.7,lace,0.5630021706052961,0.5556831423874273,0.5630021706052961,1.0,2024
8929ac482cfffff,2.0,12.38,63456.0,98.7,lace,0.5629761037362633,0.5556574143876919,0.5629761037362633,1.0,2024
8929ac482d3ffff,1.0,12.38,63455.59543068452,98.7,lace,0.34976439976001406,0.34521751616479357,0.34976439976001406,1.0,2024
8929ac482d7ffff,2.0,12.38,63456.0,98.7,lace,0.5407619661184353,0.5337320605588957,0.5407619661184353,1.0,2024
8929ac482dbffff,2.0,12.38,63456.0,98.7,lace,0.5630200047868608,0.5557007447246316,0.5630200047868608,1.0,2024
8929ac48343ffff,2.0,12.38,63456.0,98.7,lace,0.5129411026646669,0.5062728683300262,0.5129411026646669,1.0,2024
8929ac48347ffff,0.0,12.38,63456.0,98.7,lace,0.005190530082686571,0.005123053191611645,0.005190530082686571,1.0,2024
8929ac4834bffff,2.0,12.38,63456.0,98.7,lace,0.5627922018851969,0.5554759032606893,0.5627922018851969,1.0,2024
8929ac4834fffff,2.0,12.38,63456.0,98.7,lace,0.5024567831642309,0.49592484498309597,0.5024567831642309,1.0,2024
8929ac48353ffff,2.0,12.38,63456.0,98.7,lace,0.5224275374599815,0.5156359794730018,0.5224275374599815,1.0,2024
8929ac48357ffff,0.0,12.38,63456.0,98.7,lace,0.008906279249487012,0.008790497619243682,0.008906279249487012,1.0,2024
8929ac4835bffff,2.0,12.38,63456.0,98.7,lace,0.562810058276203,0.5554935275186124,0.562810058276203,1.0,2024
8929ac48363ffff,1.0,12.38,63456.0,98.7,lace,0.19098952736382943,0.18850666350809966,0.19098952736382943,1.0,2024
8929ac48367ffff,2.0,12.38,63456.0,98.7,lace,0.45659551868624226,0.4506597769433211,0.45659551868624226,1.0,2024
8929ac4836bffff,2.0,12.38,63456.0,98.7,lace,0.5270719417285906,0.5202200064861189,0.5270719417285906,1.0,2024
8929ac4836fffff,2.0,12.38,63455.99999999999,98.7,lace,0.5626961066903788,0.5553810573034039,0.5626961066903788,1.0,2024
8929ac4837bffff,0.0,12.38,63456.0,98.7,lace,0.0024715604356889374,0.0024394301500249814,0.0024715604356889374,1.0,2024
8929ac483c3ffff,0.0,12.38,63456.0,98.7,lace,0.0028407247700410693,0.0028037953480305354,0.0028407247700410693,1.0,2024
8929ac483cbffff,2.0,12.38,63456.0,98.7,lace,0.49893461100622566,0.49244846106314477,0.49893461100622566,1.0,2024
8929ac483cfffff,0.0,12.38,63456.0,98.7,lace,0.01361843391173939,0.013441394270886777,0.01361843391173939,1.0,2024
8929ac48603ffff,0.0,12.06,41528.0,99.5,lace,0.0988149496334586,0.09832087488529132,0.0988149496334586,1.0,2024
8929ac48607ffff,0.0,12.06,41528.0,99.5,lace,0.11045025911489495,0.10989800781932046,0.11045025911489495,1.0,2024
8929ac4860bffff,0.0,12.06,41528.0,99.5,lace,0.0015491325879485784,0.0015413869250088354,0.0015491325879485784,1.0,2024
8929ac4860fffff,0.0,12.06,41528.0,99.5,lace,0.10177546665097421,0.10126658931771935,0.10177546665097421,1.0,2024
8929ac4861bffff,0.0,12.06,41528.0,99.5,lace,0.0005161330609660107,0.0005135523956611806,0.0005161330609660107,1.0,2024
8929ac48623ffff,0.0,12.06,41528.0,99.5,lace,0.11044165235934296,0.10988944409754625,0.11044165235934296,1.0,2024
8929ac48627ffff,0.0,12.06,41528.0,99.5,lace,0.11043653944701985,0.10988435674978475,0.11043653944701985,1.0,2024
8929ac4862bffff,0.0,12.06,41528.0,99.5,lace,0.1104432701619576,0.1098910538111478,0.1104432701619576,1.0,2024
8929ac4862fffff,0.0,12.06,41528.0,99.5,lace,0.11043815715584256,0.10988596637006336,0.11043815715584256,1.0,2024
8929ac48633ffff,0.0,12.06,41528.0,99.5,lace,0.11044514662574378,0.10989292089261507,0.11044514662574378,1.0,2024
8929ac48637ffff,0.0,12.06,41528.0,99.5,lace,0.1104400339720019,0.10988783380214188,0.1104400339720019,1.0,2024
8929ac4863bffff,0.0,12.06,41528.0,99.5,lace,0.1104467651069469,0.10989453128141216,0.1104467651069469,1.0,2024
8929ac48663ffff,0.0,12.06,41528.0,99.5,lace,0.0027254302711597813,0.0027118031198039823,0.0027254302711597813,1.0,2024
8929ac48667ffff,0.0,12.06,41528.0,99.5,lace,0.10399759116110138,0.10347760320529588,0.10399759116110138,1.0,2024
8929ac4866fffff,0.0,12.34,60476.49991250693,98.81,lace,0.02450342728184449,0.02421239500403706,0.02450342728184449,1.0,2024
8929ac48673ffff,0.0,12.06,41528.0,99.5,lace,0.0020959608059758447,0.0020854810019459657,0.0020959608059758447,1.0,2024
8929ac48677ffff,0.0,12.06,41528.0,99.5,lace,0.10292770732656528,0.10241306878993246,0.10292770732656528,1.0,2024
8929ac486a7ffff,0.0,12.06,41528.0,99.5,lace,0.09102759845755641,0.09057246046526864,0.09102759845755641,1.0,2024
8929ac486abffff,0.0,12.06,41528.0,99.5,lace,0.10056929127237481,0.10006644481601294,0.10056929127237481,1.0,2024
8929ac486afffff,0.0,12.06,41528.0,99.5,lace,0.11044352755958706,0.10989130992178912,0.11044352755958706,1.0,2024
8929ac48827ffff,0.0,5.94,150962.0,100.0,lace,0.0008653697059517061,0.0008653697059517061,0.0008653697059517061,1.0,2024
8929ac48867ffff,0.0,5.94,150962.0,100.0,lace,0.0006642241834568789,0.000664224183456879,0.0006642241834568789,1.0,2024
8929ac4886fffff,6.0,6.0,148143.29956316677,99.97,lace,1.0821326260719046,1.0817723441238905,1.0821326260719046,1.0,2024
8929ac48923ffff,111.0,7.32,148482.36349423215,99.91,lace,29.934967034400557,29.908960662565235,29.934967034400557,1.0,2024
8929ac48927ffff,278.0,7.12,154390.61874671388,99.9,lace,73.41713586630492,73.34395489730053,73.41713586630492,1.0,2024
8929ac4892bffff,170.0,10.8,69350.3230085661,100.0,lace,67.07783745333394,67.07764943555644,67.07783745333394,1.0,2024
8929ac4892fffff,303.0,7.38,148344.66620871663,99.91,lace,82.80275696713896,82.72843200160801,82.80275696713896,1.0,2024
8929ac48933ffff,8.0,5.94,150962.0,100.0,lace,1.4685994697455622,1.468599469745562,1.4685994697455622,1.0,2024
8929ac48937ffff,9.0,5.94,150962.0,100.0,lace,1.7663440945277653,1.7663440945277653,1.7663440945277653,1.0,2024
8929ac4893bffff,0.0,5.94,150962.0,100.0,lace,0.00039054671909969735,0.0003905467190996974,0.00039054671909969735,1.0,2024
8929ac48943ffff,8.0,5.94,150962.0,100.0,lace,1.576040406258848,1.576040406258848,1.576040406258848,1.0,2024
8929ac48947ffff,3.0,5.94,150962.0,100.0,lace,0.6378180340747664,0.6378180340747664,0.6378180340747664,1.0,2024
8929ac4894bffff,7.0,5.94,150962.0,100.0,lace,1.3810497847880583,1.3810497847880583,1.3810497847880583,1.0,2024
8929ac4894fffff,39.0,8.29,142961.1340388767,100.0,lace,9.38932736708058,9.389318210575235,9.38932736708058,1.0,2024
8929ac48953ffff,8.0,5.94,150962.0,100.0,lace,1.5255774761259222,1.525577476125922,1.5255774761259222,1.0,2024
8929ac48957ffff,4.0,5.94,150962.0,100.0,lace,0.6875285643986325,0.6875285643986325,0.6875285643986325,1.0,2024
8929ac4895bffff,0.0,5.94,150962.0,100.0,lace,0.005567820458463438,0.005567820458463438,0.005567820458463438,1.0,2024
8929ac48963ffff,250.0,9.48,119982.89613373445,100.0,lace,74.35654420218466,74.35654420218466,74.35654420218466,1.0,2024
8929ac48967ffff,179.0,10.81,68993.0,100.0,lace,70.54756278404396,70.54756278404396,70.54756278404396,1.0,2024
8929ac4896bffff,299.0,8.94,140766.0,100.0,lace,76.956760691494,76.956760691494,76.956760691494,1.0,2024
8929ac4896fffff,247.0,9.52,118431.40796235704,100.0,lace,74.19386026484364,74.19386026484365,74.19386026484364,1.0,2024
8929ac48973ffff,6.0,9.21,130368.58803784694,100.0,lace,1.7602640870576591,1.7602640870576591,1.7602640870576591,1.0,2024
8929ac48977ffff,85.0,10.81,68993.0,100.0,lace,33.6591936721496,33.6591936721496,33.6591936721496,1.0,2024
8929ac4897bffff,183.0,8.92,140829.5273151906,100.0,lace,46.873222248466554,46.873222248466554,46.873222248466554,1.0,2024
8929ac489a3ffff,0.0,5.94,150962.0,100.0,lace,0.02387568205732522,0.02387568205732522,0.02387568205732522,1.0,2024
8929ac489a7ffff,6.0,5.94,150962.0,100.0,lace,1.080526381666959,1.080526381666959,1.080526381666959,1.0,2024
8929ac489abffff,4.0,5.94,150962.0,100.0,lace,0.817404771369786,0.817404771369786,0.817404771369786,1.0,2024
8929ac489afffff,9.0,5.94,150962.0,100.0,lace,1.7664002750706644,1.7664002750706644,1.7664002750706644,1.0,2024
8929ac489b7ffff,2.0,5.94,150962.0,100.0,lace,0.4207428428465527,0.4207428428465527,0.4207428428465527,1.0,2024
8929ac489cbffff,3.0,5.94,150962.0,100.0,lace,0.5859482688794379,0.5859482688794379,0.5859482688794379,1.0,2024
8929ac489cfffff,4.0,5.94,150962.0,100.0,lace,0.6726997696632427,0.6726997696632427,0.6726997696632427,1.0,2024
8929ac48a37ffff,6.0,8.09,53630.00000267621,99.3,lace,1.837795755637298,1.8249311853478365,1.837795755637298,1.0,2024
8929ac48a6fffff,0.0,8.09,53630.0,99.3,lace,0.010183464254336036,0.010112180004555684,0.010183464254336036,1.0,2024
8929ac48aa7ffff,1.0,8.09,53630.0,99.3,lace,0.3592136144990641,0.35669911919757064,0.3592136144990641,1.0,2024
8929ac48aafffff,7.0,8.09,53630.0,99.3,lace,2.3289842362504767,2.3126813465967233,2.3289842362504767,1.0,2024
8929ac48b03ffff,370.0,4.69,71048.0,99.6,lace,67.9572282122128,67.68311086290389,67.9572282122128,1.0,2024
8929ac48b07ffff,357.0,4.82,125060.0,99.6,lace,68.92346919457005,68.64777531779177,68.92346919457005,1.0,2024
8929ac48b0bffff,119.0,13.96,92077.0030952137,99.61,lace,31.337894252693694,31.216061933652522,31.337894252693694,1.0,2024
8929ac48b0fffff,327.0,5.07,107888.0,99.61,lace,61.525508270837534,61.287888151752256,61.525508270837534,1.0,2024
8929ac48b13ffff,243.0,4.6,125060.0,99.6,lace,44.40884450224112,44.231209124232144,44.40884450224112,1.0,2024
8929ac48b17ffff,242.0,5.12,125060.0,99.6,lace,50.01163421527389,49.81158767841279,50.01163421527389,1.0,2024
8929ac48b1bffff,221.0,11.3,71048.0,99.38,lace,48.692353232608845,48.388595026153354,48.692353232608845,1.0,2024
8929ac48b23ffff,302.0,5.74,125059.99999999999,99.6,lace,70.81464700550974,70.53138841748769,70.81464700550974,1.0,2024
8929ac48b27ffff,290.0,6.12,124717.5601819014,99.71,lace,70.21841320427578,70.01454519421301,70.21841320427578,1.0,2024
8929ac48b2bffff,330.0,5.16,120654.10756509508,99.73,lace,67.81646637605762,67.63098289258531,67.81646637605762,1.0,2024
8929ac48b2fffff,272.0,6.14,119892.09969248957,99.94,lace,66.50807814463815,66.46623550321432,66.50807814463815,1.0,2024
8929ac48b33ffff,329.0,5.26,125060.0,99.6,lace,69.89648117691206,69.6168952522044,69.89648117691206,1.0,2024
8929ac48b37ffff,296.0,6.01,125783.22259859083,99.62,lace,71.29485251765004,71.02368227459068,71.29485251765004,1.0,2024
8929ac48b3bffff,372.0,4.62,125060.0,99.6,lace,68.40939205619881,68.13575448797401,68.40939205619881,1.0,2024
8929ac48b47ffff,38.0,8.42,70103.61522835653,99.8,lace,9.528197017447383,9.509140623412488,9.528197017447383,1.0,2024
8929ac48b4bffff,49.0,7.13,62917.8974239345,99.8,lace,11.770325369333401,11.746784718594734,11.770325369333401,1.0,2024
8929ac48b4fffff,247.0,6.63,60080.01475364103,99.8,lace,58.76449535883431,58.64696636811664,58.76449535883431,1.0,2024
8929ac48b57ffff,32.0,14.25,71083.11432996012,99.3,lace,7.677682729162444,7.623984551484026,7.677682729162444,1.0,2024
8929ac48b63ffff,98.0,8.59,88909.09116652851,99.8,lace,28.501403489503303,28.444400682524297,28.501403489503303,1.0,2024
8929ac48b67ffff,176.0,4.68,100330.46169358127,99.89,lace,44.98584342304426,44.93799331170122,44.98584342304426,1.0,2024
8929ac48b6bffff,381.0,7.8,96789.83367851164,99.8,lace,89.73818278022723,89.55870641466679,89.73818278022723,1.0,2024
8929ac48b6fffff,107.0,1.69,69420.95377330379,99.8,lace,30.875093519146564,30.813343332108268,30.875093519146564,1.0,2024
8929ac48b73ffff,91.0,14.83,106031.16156115045,99.8,lace,26.731946966285772,26.6784830723532,26.731946966285772,1.0,2024
8929ac48b77ffff,267.0,5.91,107888.0,99.64,lace,52.62956007904349,52.43854793846085,52.62956007904349,1.0,2024
8929ac48b7bffff,327.0,6.85,61546.326514125685,99.8,lace,78.39050127688758,78.23372027433382,78.39050127688758,1.0,2024
8929ac48b83ffff,3.0,5.94,150962.0,100.0,lace,0.6580809198555473,0.6580809198555473,0.6580809198555473,1.0,2024
8929ac48b87ffff,3.0,5.94,150962.0,100.0,lace,0.6532517323928331,0.6532517323928331,0.6532517323928331,1.0,2024
8929ac48b8bffff,111.0,4.68,150961.97939111313,99.62,lace,20.290443099319866,20.214165951903272,20.290443099319866,1.0,2024
8929ac48b8fffff,2.0,4.61,150957.38997633985,99.6,lace,0.3470650403855167,0.34568154524135686,0.3470650403855167,1.0,2024
8929ac48b97ffff,2.0,5.94,150962.0,100.0,lace,0.413922743047208,0.413922743047208,0.413922743047208,1.0,2024
8929ac48b9bffff,5.0,5.94,150962.0,100.0,lace,1.0359676454688806,1.0359676454688806,1.0359676454688806,1.0,2024
8929ac48ba3ffff,44.0,6.35,127549.81537226973,99.67,lace,10.796598626662053,10.760658734515431,10.796598626662053,1.0,2024
8929ac48ba7ffff,289.0,8.86,140378.97754292816,99.99,lace,74.23245089678421,74.22560332039302,74.23245089678421,1.0,2024
8929ac48babffff,290.0,5.86,125059.99999999999,99.6,lace,69.65725921037297,69.37863017353148,69.65725921037297,1.0,2024
8929ac48bafffff,209.0,6.01,125816.0867525568,99.62,lace,50.398013855664296,50.206773306748524,50.398013855664296,1.0,2024
8929ac48bb3ffff,34.0,6.29,128449.60836531839,99.67,lace,8.05991429227013,8.033605515042936,8.05991429227013,1.0,2024
8929ac48bb7ffff,284.0,8.86,140385.15247684345,99.99,lace,73.00360389897284,72.99697729329286,73.00360389897284,1.0,2024
8929ac48bbbffff,26.0,5.86,125060.0,99.6,lace,6.206423532878321,6.181597838746808,6.206423532878321,1.0,2024
8929ac48bc3ffff,88.0,13.5,68938.75607386568,99.3,lace,21.725454168135844,21.57337598895889,21.725454168135844,1.0,2024
8929ac48bc7ffff,235.0,8.95,71268.17605077273,99.45,lace,48.82439493671017,48.553803562551025,48.82439493671017,1.0,2024
8929ac48bcbffff,36.0,14.2,70916.76183280059,99.3,lace,8.428395613923762,8.369396844626294,8.428395613923762,1.0,2024
8929ac48bcfffff,42.0,14.25,71048.0,99.3,lace,10.001423152176757,9.93141319011152,10.001423152176757,1.0,2024
8929ac48bd3ffff,10.0,8.09,53630.0,99.3,lace,3.2080568189960452,3.185600421263073,3.2080568189960452,1.0,2024
8929ac48bd7ffff,13.0,7.12,97167.14229961124,99.53,lace,3.326196437607682,3.3104997915297543,3.326196437607682,1.0,2024
8929ac48bdbffff,18.0,8.09,53630.0,99.3,lace,5.8002853105651475,5.759683313391191,5.8002853105651475,1.0,2024
8929ac49183ffff,0.0,12.38,63455.999999984524,98.7,lace,0.07532549327011838,0.07434626185760658,0.07532549327011838,1.0,2024
8929ac49187ffff,0.0,12.38,63456.0,98.7,lace,0.09232203849604305,0.0911218519955945,0.09232203849604305,1.0,2024
8929ac49193ffff,0.0,12.38,63456.0,98.7,lace,0.0823832569356983,0.08131227459553422,0.0823832569356983,1.0,2024
8929ac49197ffff,2.0,12.38,63456.00000000001,98.7,lace,0.5629388390984535,0.5556206341901736,0.5629388390984535,1.0,2024
8929ac491a3ffff,0.0,12.38,63456.0,98.7,lace,0.010960464806416792,0.010817978763933374,0.010960464806416792,1.0,2024
8929ac491b3ffff,0.0,12.38,63456.0,98.7,lace,0.04993038504277357,0.04928129003721751,0.04993038504277357,1.0,2024
8929ac491b7ffff,2.0,12.38,63456.0,98.7,lace,0.510304648064797,0.5036706876399547,0.510304648064797,1.0,2024
8929ac49507ffff,0.0,12.38,63455.99430988259,98.7,lace,0.04549653455942969,0.04490507970822109,0.04549653455942969,1.0,2024
8929ac49523ffff,2.0,12.38,63455.99999999999,98.7,lace,0.5600680827038161,0.5527871976286666,0.5600680827038161,1.0,2024
8929ac49527ffff,2.0,12.38,63456.0,98.7,lace,0.563010398992803,0.5556912638058966,0.563010398992803,1.0,2024
8929ac4952bffff,0.0,12.38,63456.0,98.7,lace,0.0695499297430185,0.06864578065635926,0.0695499297430185,1.0,2024
8929ac4952fffff,2.0,12.38,63456.0,98.7,lace,0.5620465622352401,0.5547399569261819,0.5620465622352401,1.0,2024
8929ac49533ffff,2.0,12.38,63456.0,98.7,lace,0.5570037915468488,0.5497627422567397,0.5570037915468488,1.0,2024
8929ac49537ffff,2.0,12.38,63455.99999999999,98.7,lace,0.5630282366360246,0.5557088695597563,0.5630282366360246,1.0,2024
8929ac4953bffff,0.0,12.38,63456.0,98.7,lace,0.05780387834773548,0.05705242792921492,0.05780387834773548,1.0,2024
8929ac495a7ffff,0.0,12.38,63453.38704514418,98.7,lace,0.05938532705888517,0.05861337658569799,0.05938532705888517,1.0,2024
8929ac495abffff,0.0,12.38,63455.588605353536,98.7,lace,0.10320199628228627,0.10186038641322254,0.10320199628228627,1.0,2024
8929ac495afffff,2.0,12.38,63455.66573187161,98.7,lace,0.40517184202485823,0.3999046593816781,0.40517184202485823,1.0,2024
8929ac49803ffff,2.0,12.38,63456.0,98.7,lace,0.562673732719512,0.5553589741941584,0.562673732719512,1.0,2024
8929ac49807ffff,2.0,12.38,63456.0,98.7,lace,0.4644686215125214,0.4584305294328586,0.4644686215125214,1.0,2024
8929ac4980bffff,1.0,12.38,63455.99999999999,98.7,lace,0.18246406318513936,0.18009203036373253,0.18246406318513936,1.0,2024
8929ac4980fffff,0.0,12.38,63456.0,98.7,lace,0.11281978143915129,0.11135312428044233,0.11281978143915129,1.0,2024
8929ac49813ffff,2.0,12.38,63455.99999999999,98.7,lace,0.5626916376137308,0.5553766463247523,0.5626916376137308,1.0,2024
8929ac49817ffff,2.0,12.38,63455.99999999999,98.7,lace,0.5626655511759273,0.5553508990106403,0.5626655511759273,1.0,2024
8929ac4981bffff,1.0,12.38,63456.00000000001,98.7,lace,0.22804818686425396,0.22508356043501865,0.22804818686425396,1.0,2024
8929ac49827ffff,0.0,12.38,63456.00000000001,98.7,lace,0.02273960139088065,0.022443986572799203,0.02273960139088065,1.0,2024
8929ac49833ffff,1.0,12.38,63456.0,98.7,lace,0.1635761460481712,0.16144965614954498,0.1635761460481712,1.0,2024
8929ac49837ffff,0.0,12.38,63456.0,98.7,lace,0.022043439551453894,0.021756874837284994,0.022043439551453894,1.0,2024
8929ac49883ffff,2.0,12.38,63456.00000000001,98.7,lace,0.5627013492874089,0.5553862317466726,0.5627013492874089,1.0,2024
8929ac49887ffff,2.0,12.38,63455.99999999999,98.7,lace,0.5626752646240909,0.5553604861839777,0.5626752646240909,1.0,2024
8929ac4988bffff,2.0,12.38,63456.0,98.7,lace,0.5627095377471216,0.5553943137564091,0.5627095377471216,1.0,2024
8929ac4988fffff,2.0,12.38,63456.0,98.7,lace,0.562683452614599,0.5553685677306092,0.562683452614599,1.0,2024
8929ac49893ffff,1.0,12.38,63456.0,98.7,lace,0.37941310326206185,0.37448073291965506,0.37941310326206185,1.0,2024
8929ac49897ffff,2.0,12.38,63455.99999999999,98.7,lace,0.5626931578433605,0.5553781467913967,0.5626931578433605,1.0,2024
8929ac4989bffff,2.0,12.38,63456.00000000001,98.7,lace,0.5627274331158696,0.5554119764853633,0.5627274331158696,1.0,2024
8929ac498a3ffff,2.0,12.38,63456.0,98.7,lace,0.5626312798349228,0.5553170731970688,0.5626312798349228,1.0,2024
8929ac498a7ffff,2.0,12.38,63456.00000000001,98.7,lace,0.42242860291827156,0.41693703108033403,0.42242860291827156,1.0,2024
8929ac498abffff,2.0,12.38,63455.99999999999,98.7,lace,0.562639463896532,0.5553251508658771,0.562639463896532,1.0,2024
8929ac498afffff,2.0,12.38,63456.0,98.7,lace,0.5107663891770566,0.5041264261177549,0.5107663891770566,1.0,2024
8929ac498b3ffff,2.0,12.38,63456.0,98.7,lace,0.5626491791252668,0.5553347397966383,0.5626491791252668,1.0,2024
8929ac498b7ffff,2.0,12.38,63456.00000000001,98.7,lace,0.5626230927881244,0.5553089925818788,0.5626230927881244,1.0,2024
8929ac498bbffff,2.0,12.38,63456.00000000001,98.7,lace,0.5626573666399443,0.555342820873625,0.5626573666399443,1.0,2024
8929ac498c7ffff,1.0,12.38,63456.0,98.7,lace,0.21361618355528833,0.21083917316906958,0.21361618355528833,1.0,2024
8929ac498d7ffff,1.0,12.38,63456.0,98.7,lace,0.19905012381932272,0.1964624722096715,0.19905012381932272,1.0,2024
8929ac49923ffff,3.0,7.43,81414.53903655846,99.53,lace,0.6062217079913741,0.6033665951895474,0.6062217079913741,1.0,2024
8929ac49927ffff,4.0,6.34,80348.00306460446,99.69,lace,1.0690872065095172,1.0657564265183799,1.0690872065095172,1.0,2024
8929ac4992bffff,2.0,12.38,63455.99999999999,98.7,lace,0.5581938477656032,0.5509373277446504,0.5581938477656032,1.0,2024
8929ac4992fffff,1.0,12.36,63535.102900745755,98.7,lace,0.3433371341486702,0.3388839124404915,0.3433371341486702,1.0,2024
8929ac49933ffff,3.0,8.09,53629.99999999999,99.3,lace,0.9001690206664059,0.8938678375217411,0.9001690206664059,1.0,2024
8929ac49937ffff,16.0,8.09,53630.0,99.3,lace,5.179197652560452,5.1429432689925285,5.179197652560452,1.0,2024
8929ac4993bffff,0.0,12.38,63456.0,98.7,lace,0.0002617590193861537,0.0002583561521341337,0.0002617590193861537,1.0,2024
8929ac4994bffff,0.0,12.38,63456.0,98.7,lace,0.021628947950114503,0.021347771626763015,0.021628947950114503,1.0,2024
8929ac4994fffff,0.0,12.38,63456.0,98.7,lace,0.06307712303835447,0.06225712043885587,0.06307712303835447,1.0,2024
8929ac4995bffff,0.0,12.38,63456.0,98.7,lace,0.021702317169938326,0.021420187046729128,0.021702317169938326,1.0,2024
8929ac49963ffff,2.0,12.38,63456.0,98.7,lace,0.5624634269587718,0.5551514024083078,0.5624634269587718,1.0,2024
8929ac49967ffff,2.0,12.38,63456.00000000001,98.7,lace,0.5624373302894268,0.5551256449956642,0.5624373302894268,1.0,2024
8929ac4996bffff,2.0,12.38,63456.0,98.7,lace,0.5624715923355649,0.5551594616352026,0.5624715923355649,1.0,2024
8929ac4996fffff,2.0,12.38,63456.0,98.7,lace,0.5624454952002985,0.5551337037626947,0.5624454952002985,1.0,2024
8929ac49973ffff,0.0,12.38,63456.0,98.7,lace,0.03738861072249928,0.03690255878310679,0.03738861072249928,1.0,2024
8929ac49977ffff,1.0,12.38,63455.99999999999,98.7,lace,0.3107959181077352,0.30675557117233465,0.3107959181077352,1.0,2024
8929ac4997bffff,1.0,12.38,63456.0,98.7,lace,0.3660999870305302,0.3613406871991333,0.3660999870305302,1.0,2024
8929ac499a7ffff,1.0,8.09,53630.0,99.3,lace,0.3547939913329092,0.3523104333935788,0.3547939913329092,1.0,2024
8929ac499abffff,1.0,8.09,53630.0,99.3,lace,0.18345975707695072,0.18217553877741208,0.18345975707695072,1.0,2024
8929ac499afffff,12.0,8.09,53630.0,99.3,lace,3.8223652284156002,3.795608671816691,3.8223652284156002,1.0,2024
8929ac499dbffff,1.0,12.38,63455.99999999999,98.7,lace,0.13971661272862226,0.13790029676315016,0.13971661272862226,1.0,2024
8929ac49b03ffff,2.0,12.38,63456.0,98.7,lace,0.5625482651401804,0.5552351376933581,0.5625482651401804,1.0,2024
8929ac49b07ffff,2.0,12.38,63456.0,98.7,lace,0.5625221682666735,0.5552093800792067,0.5625221682666735,1.0,2024
8929ac49b0bffff,1.0,12.38,63456.0,98.7,lace,0.33651458081792957,0.3321398912672965,0.33651458081792957,1.0,2024
8929ac49b0fffff,2.0,12.38,63456.00000000001,98.7,lace,0.5625303221614827,0.5552174279733834,0.5625303221614827,1.0,2024
8929ac49b13ffff,2.0,12.38,63455.99999999999,98.7,lace,0.5625662033547465,0.5552528427111347,0.5625662033547465,1.0,2024
8929ac49b17ffff,2.0,12.38,63455.99999999999,98.7,lace,0.5625401077802082,0.5552270863790656,0.5625401077802082,1.0,2024
8929ac49b1bffff,1.0,12.38,63456.0,98.7,lace,0.32306108827598007,0.31886129412839237,0.32306108827598007,1.0,2024
8929ac49b23ffff,2.0,12.38,63455.99999999999,98.7,lace,0.5624781249753631,0.5551659093506833,0.5624781249753631,1.0,2024
8929ac49b27ffff,4.0,6.48,53209.13191479846,99.34,lace,1.20306754250573,1.1950987082455171,1.20306754250573,1.0,2024
8929ac49b2bffff,5.0,5.54,51592.07351394224,99.44,lace,1.459737535645257,1.4515050734902755,1.459737535645257,1.0,2024
8929ac49b2fffff,11.0,3.3,47689.91705401236,99.67,lace,2.9753824003099023,2.965595940984144,2.9753824003099023,1.0,2024
8929ac49b33ffff,2.0,12.38,63456.00000000001,98.7,lace,0.5624960705532355,0.5551836216360434,0.5624960705532355,1.0,2024
8929ac49b37ffff,2.0,12.38,63456.00000000001,98.7,lace,0.5624699720109115,0.5551578623747697,0.5624699720109115,1.0,2024
8929ac49b3bffff,2.0,12.38,63456.00000000001,98.7,lace,0.5625042239865772,0.5551916690747517,0.5625042239865772,1.0,2024
8929ac49b63ffff,4.0,4.85,50385.40272839669,99.51,lace,1.1205233696669152,1.115022501359313,1.1205233696669152,1.0,2024
8929ac49b67ffff,12.0,3.15,47444.08453259482,99.69,lace,3.1821423309226784,3.1721434270250626,3.1821423309226784,1.0,2024
8929ac49b6fffff,8.0,3.02,47206.0,99.7,lace,2.285741584373094,2.278884359619975,2.285741584373094,1.0,2024
8929ac49b73ffff,1.0,12.38,63456.00000000001,98.7,lace,0.3499658411498283,0.34541628521488055,0.3499658411498283,1.0,2024
8929ac49b77ffff,2.0,12.38,63456.0,98.7,lace,0.5625123744310692,0.5551997135634653,0.5625123744310692,1.0,2024
8929ac49b87ffff,0.0,12.38,63456.0,98.7,lace,0.11094115836392944,0.10949892330519835,0.11094115836392944,1.0,2024
8929ac49b8bffff,1.0,12.38,63456.0,98.7,lace,0.16003003709006294,0.15794964660789212,0.16003003709006294,1.0,2024
8929ac49b8fffff,2.0,12.38,63455.99999999999,98.7,lace,0.46105122598924614,0.4550575600513859,0.46105122598924614,1.0,2024
8929ac49ba3ffff,2.0,12.38,63456.0,98.7,lace,0.5625058514992319,0.555193275429742,0.5625058514992319,1.0,2024
8929ac49ba7ffff,2.0,12.38,63456.0,98.7,lace,0.5624797547291779,0.5551675179176986,0.5624797547291779,1.0,2024
8929ac49babffff,2.0,12.38,63456.0,98.7,lace,0.5625140113755187,0.555201329227637,0.5625140113755187,1.0,2024
8929ac49bafffff,2.0,12.38,63455.99999999999,98.7,lace,0.5624879141305419,0.5551755712468449,0.5624879141305419,1.0,2024
8929ac49bb3ffff,2.0,12.38,63456.0,98.7,lace,0.42032740465294194,0.41486314839245375,0.42032740465294194,1.0,2024
8929ac49bb7ffff,2.0,12.38,63455.99999999999,98.7,lace,0.5624976886386799,0.555185218686377,0.5624976886386799,1.0,2024
8929ac49bbbffff,2.0,12.38,63455.99999999999,98.7,lace,0.5625319474411488,0.5552190321244139,0.5625319474411488,1.0,2024
8929ac49bc7ffff,1.0,12.38,63455.99999999999,98.7,lace,0.27581254440683833,0.2722269813295495,0.27581254440683833,1.0,2024
8929ac49c13ffff,1.0,12.38,63455.99999999999,98.7,lace,0.19146975593179852,0.18898064910468512,0.19146975593179852,1.0,2024
8929ac49c2fffff,0.0,12.38,63456.00000000001,98.7,lace,0.040047212715095926,0.03952659894979968,0.040047212715095926,1.0,2024
8929ac49c67ffff,0.0,12.38,63456.0,98.7,lace,0.08231887321976593,0.08124872786790897,0.08231887321976593,1.0,2024
8929ac49c6fffff,1.0,12.38,63456.0,98.7,lace,0.14443512521656549,0.14255746858875015,0.14443512521656549,1.0,2024
8929ac49c83ffff,2.0,12.38,63456.0,98.7,lace,0.5628264925604398,0.5555097481571541,0.5628264925604398,1.0,2024
8929ac49c87ffff,2.0,12.38,63455.99999999999,98.7,lace,0.5628004170621136,0.5554840116403061,0.5628004170621136,1.0,2024
8929ac49c8bffff,2.0,12.38,63456.0,98.7,lace,0.5628256736130514,0.5555089398560817,0.5628256736130514,1.0,2024
8929ac49c8fffff,2.0,12.38,63456.0,98.7,lace,0.5277568935386273,0.5208960539226252,0.5277568935386273,1.0,2024
8929ac49c93ffff,2.0,12.38,63455.99999999999,98.7,lace,0.5628443510939499,0.5555273745297286,0.5628443510939499,1.0,2024
8929ac49c97ffff,2.0,12.38,63456.00000000001,98.7,lace,0.5628182769135346,0.5555016393136587,0.5628182769135346,1.0,2024
8929ac49c9bffff,2.0,12.38,63455.99999999999,98.7,lace,0.5621909494689635,0.554882467125867,0.5621909494689635,1.0,2024
8929ac49ca3ffff,0.0,12.38,63456.00000000001,98.7,lace,0.0013108819961960858,0.0012938405302455366,0.0013108819961960858,1.0,2024
8929ac49ca7ffff,0.0,12.38,63456.0,98.7,lace,0.08635715923557472,0.08523451616551224,0.08635715923557472,1.0,2024
8929ac49cb3ffff,2.0,12.38,63455.99999999999,98.7,lace,0.5613280647825124,0.5540307999403398,0.5613280647825124,1.0,2024
8929ac49cb7ffff,1.0,12.38,63455.99999999999,98.7,lace,0.29561681262033884,0.29177379405627446,0.29561681262033884,1.0,2024
8929ac49cbbffff,1.0,12.38,63456.0,98.7,lace,0.24999783408521792,0.2467478622421101,0.24999783408521792,1.0,2024
8929ac49cc7ffff,0.0,12.38,63456.0,98.7,lace,0.09271298781483753,0.09150771897324464,0.09271298781483753,1.0,2024
8929ac49cd3ffff,0.0,12.38,63456.0,98.7,lace,0.0020212735670983506,0.001994997010726072,0.0020212735670983506,1.0,2024
8929ac49cd7ffff,0.0,12.38,63456.0,98.7,lace,0.08533938190781318,0.0842299699430116,0.08533938190781318,1.0,2024
8929ac49d03ffff,1.0,12.38,63455.99999999999,98.7,lace,0.3602883282922161,0.35560458002441725,0.3602883282922161,1.0,2024
8929ac49d07ffff,0.0,12.38,63456.0,98.7,lace,0.005009400178932644,0.004944277976606519,0.005009400178932644,1.0,2024
8929ac49d0bffff,0.0,12.38,63456.00000000001,98.7,lace,0.028932223839642855,0.0285561049297275,0.028932223839642855,1.0,2024
8929ac49d0fffff,0.0,12.38,63456.0,98.7,lace,0.06826842950857555,0.06738093992496406,0.06826842950857555,1.0,2024
8929ac49d13ffff,2.0,12.38,63455.99999999999,98.7,lace,0.5626342798916703,0.5553200342530785,0.5626342798916703,1.0,2024
8929ac49d17ffff,0.0,12.38,63456.0,98.7,lace,0.13153740243381581,0.12982741620217622,0.13153740243381581,1.0,2024
8929ac49d1bffff,2.0,12.38,63455.99999999999,98.7,lace,0.5626424828094472,0.5553281305329244,0.5626424828094472,1.0,2024
8929ac49d43ffff,2.0,12.38,63456.0,98.7,lace,0.41720541129283384,0.41178174094602704,0.41720541129283384,1.0,2024
8929ac49d4bffff,2.0,12.38,63456.0,98.7,lace,0.5626670736507741,0.555352401693314,0.5626670736507741,1.0,2024
8929ac49d4fffff,2.0,12.38,63456.0,98.7,lace,0.4475224107046421,0.4417046193654818,0.4475224107046421,1.0,2024
8929ac49d53ffff,1.0,12.38,63456.0,98.7,lace,0.13505893686954878,0.13330317069024467,0.13505893686954878,1.0,2024
8929ac49d57ffff,1.0,12.38,63456.0,98.7,lace,0.3044728080323059,0.300514661527886,0.3044728080323059,1.0,2024
8929ac49d5bffff,1.0,12.38,63456.0,98.7,lace,0.31982615699727357,0.31566841695630904,0.31982615699727357,1.0,2024
8929ac49d63ffff,2.0,12.38,63456.0,98.7,lace,0.562588816047769,0.555275161439148,0.562588816047769,1.0,2024
8929ac49d67ffff,0.0,12.38,63456.0,98.7,lace,0.1204111014801416,0.11884575716089976,0.1204111014801416,1.0,2024
8929ac49d6bffff,2.0,12.38,63456.0,98.7,lace,0.49797218220926937,0.4914985438405489,0.49797218220926937,1.0,2024
8929ac49d6fffff,1.0,12.38,63456.0,98.7,lace,0.20931729794515505,0.20659617307186803,0.20931729794515505,1.0,2024
8929ac49d73ffff,1.0,12.38,63456.0,98.7,lace,0.2913822866550641,0.2875943169285483,0.2913822866550641,1.0,2024
8929ac49d77ffff,1.0,12.38,63455.99999999999,98.7,lace,0.13740680132217514,0.13562051290498686,0.13740680132217514,1.0,2024
8929ac49d7bffff,2.0,12.38,63456.0,98.7,lace,0.47693698405301754,0.47073680326032835,0.47693698405301754,1.0,2024
8929ac49d83ffff,0.0,12.38,63456.0,98.7,lace,0.10186775034484118,0.10054346959035824,0.10186775034484118,1.0,2024
8929ac49d8bffff,2.0,12.38,63456.0,98.7,lace,0.5626521558293737,0.5553376778035919,0.5626521558293737,1.0,2024
8929ac49d8fffff,1.0,12.38,63456.00000000001,98.7,lace,0.1621128511901315,0.16000538412465978,0.1621128511901315,1.0,2024
8929ac49d93ffff,0.0,12.38,63456.0,98.7,lace,0.04019230645279915,0.03966980646891276,0.04019230645279915,1.0,2024
8929ac49d9bffff,2.0,12.38,63456.0,98.7,lace,0.5601634063600068,0.5528812820773268,0.5601634063600068,1.0,2024
8929ac49dc3ffff,2.0,12.38,63456.0,98.7,lace,0.5626864436704904,0.555371519902774,0.5626864436704904,1.0,2024
8929ac49dc7ffff,2.0,12.38,63456.00000000001,98.7,lace,0.562660362199172,0.5553457774905828,0.562660362199172,1.0,2024
8929ac49dcbffff,0.0,12.38,63456.0,98.7,lace,0.11684759282399888,0.1153285741172869,0.11684759282399888,1.0,2024
8929ac49dcfffff,2.0,12.38,63455.99999999999,98.7,lace,0.5626685655896733,0.5553538742370075,0.5626685655896733,1.0,2024
8929ac49dd3ffff,2.0,12.38,63456.0,98.7,lace,0.5627043169908141,0.5553891608699335,0.5627043169908141,1.0,2024
8929ac49dd7ffff,2.0,12.38,63455.99999999999,98.7,lace,0.5626782368286668,0.5553634197498941,0.5626782368286668,1.0,2024
8929ac49ddbffff,0.0,12.38,63456.0,98.7,lace,0.10193210644622389,0.10060698906242298,0.10193210644622389,1.0,2024
8929ac4c00bffff,3.0,4.3,131250.0,100.0,lace,0.7066690576457599,0.70666905764576,0.7066690576457599,1.0,2024
8929ac4c01bffff,3.0,4.3,131250.0,100.0,lace,0.7427065153639493,0.7427065153639493,0.7427065153639493,1.0,2024
8929ac4c043ffff,4.0,4.3,131250.0,100.0,lace,1.1637958405291,1.1637958405291,1.1637958405291,1.0,2024
8929ac4c047ffff,4.0,4.3,131250.0,100.0,lace,1.163741742355728,1.163741742355728,1.163741742355728,1.0,2024
8929ac4c04bffff,4.0,4.3,131250.0,100.0,lace,1.1638128720428083,1.1638128720428083,1.1638128720428083,1.0,2024
8929ac4c04fffff,4.0,4.3,131250.0,100.0,lace,1.163758772890566,1.163758772890566,1.163758772890566,1.0,2024
8929ac4c053ffff,4.0,4.3,131250.0,100.0,lace,1.163832898335686,1.163832898335686,1.163832898335686,1.0,2024
8929ac4c057ffff,4.0,4.3,131250.0,100.0,lace,1.1637788028406701,1.1637788028406701,1.1637788028406701,1.0,2024
8929ac4c05bffff,4.0,4.3,131250.0,100.0,lace,1.163849936995932,1.163849936995932,1.163849936995932,1.0,2024
8929ac4c063ffff,2.0,4.3,131250.0,100.0,lace,0.6343920349949785,0.6343920349949785,0.6343920349949785,1.0,2024
8929ac4c06bffff,4.0,4.3,131250.0,100.0,lace,1.1636675918809531,1.1636675918809531,1.1636675918809531,1.0,2024
8929ac4c06fffff,2.0,4.3,131250.0,100.0,lace,0.5983040029305697,0.5983040029305697,0.5983040029305697,1.0,2024
8929ac4c073ffff,2.0,4.3,131250.0,100.0,lace,0.6705480779207061,0.6705480779207061,0.6705480779207061,1.0,2024
8929ac4c07bffff,4.0,4.3,131250.0,100.0,lace,1.163704672029055,1.163704672029055,1.163704672029055,1.0,2024
8929ac4c0c3ffff,4.0,4.3,131250.0,100.0,lace,1.1638528943288646,1.1638528943288646,1.1638528943288646,1.0,2024
8929ac4c0c7ffff,3.0,4.3,131250.0,100.0,lace,0.7787386195540308,0.7787386195540307,0.7787386195540308,1.0,2024
8929ac4c0cbffff,4.0,4.3,131250.0,100.0,lace,1.163869946299868,1.163869946299868,1.163869946299868,1.0,2024
8929ac4c0cfffff,4.0,4.3,131250.0,100.0,lace,1.1638158535062804,1.1638158535062804,1.1638158535062804,1.0,2024
8929ac4c0d3ffff,4.0,4.3,131250.0,100.0,lace,1.1638899253062471,1.1638899253062471,1.1638899253062471,1.0,2024
8929ac4c0d7ffff,3.0,4.3,131250.0,100.0,lace,0.8147687629475703,0.8147687629475704,0.8147687629475703,1.0,2024
8929ac4c0dbffff,4.0,4.3,131250.0,100.0,lace,1.163906984436021,1.163906984436021,1.163906984436021,1.0,2024
8929ac4c123ffff,1.0,4.3,131250.0,100.0,lace,0.4028236556791485,0.4028236556791485,0.4028236556791485,1.0,2024
8929ac4c127ffff,4.0,4.3,131250.0,100.0,lace,1.0107147287239626,1.0107147287239626,1.0107147287239626,1.0,2024
8929ac4c12bffff,4.0,4.3,131250.0,100.0,lace,1.0956828088464736,1.0956828088464736,1.0956828088464736,1.0,2024
8929ac4c12fffff,4.0,4.3,131250.0,100.0,lace,1.1631465502338418,1.1631465502338418,1.1631465502338418,1.0,2024
8929ac4c14fffff,0.0,4.3,131250.0,100.0,lace,0.07609201674093433,0.07609201674093433,0.07609201674093433,1.0,2024
8929ac4c163ffff,4.0,4.3,131250.0,100.0,lace,1.1620034701869082,1.1620034701869082,1.1620034701869082,1.0,2024
8929ac4c167ffff,4.0,4.3,131250.0,100.0,lace,1.1632176878074911,1.1632176878074911,1.1632176878074911,1.0,2024
8929ac4c16bffff,4.0,4.3,131250.0,100.0,lace,1.16328881947984,1.16328881947984,1.16328881947984,1.0,2024
8929ac4c16fffff,4.0,4.3,131250.0,100.0,lace,1.163234702353137,1.163234702353137,1.163234702353137,1.0,2024
8929ac4c173ffff,0.0,4.3,131250.0,100.0,lace,0.004967890241948764,0.004967890241948764,0.004967890241948764,1.0,2024
8929ac4c177ffff,2.0,4.3,131250.0,100.0,lace,0.5246975773667639,0.5246975773667639,0.5246975773667639,1.0,2024
8929ac4c17bffff,2.0,4.3,131250.0,100.0,lace,0.6522464147932958,0.6522464147932958,0.6522464147932958,1.0,2024
8929ac4c203ffff,15.0,5.9,143493.99999999997,100.0,lace,3.725851482272724,3.725851482272724,3.725851482272724,1.0,2024
8929ac4c207ffff,21.0,5.71,142018.45822662112,100.0,lace,5.333959782473709,5.333959782473709,5.333959782473709,1.0,2024
8929ac4c20bffff,63.0,5.9,143494.0,100.0,lace,15.950370083314503,15.950370083314503,15.950370083314503,1.0,2024
8929ac4c20fffff,86.0,8.89,136132.55980981418,100.0,lace,23.737377194376364,23.737377194376364,23.737377194376364,1.0,2024
8929ac4c213ffff,49.0,5.9,143494.0,100.0,lace,12.382175853546046,12.382175853546046,12.382175853546046,1.0,2024
8929ac4c217ffff,9.0,5.46,140124.51729408946,100.0,lace,2.2262789761498674,2.2262789761498674,2.2262789761498674,1.0,2024
8929ac4c21bffff,62.0,5.9,143494.0,100.0,lace,15.742361816403317,15.742361816403317,15.742361816403317,1.0,2024
8929ac4c223ffff,4.0,4.3,131250.0,100.0,lace,1.1636815106843712,1.1636815106843712,1.1636815106843712,1.0,2024
8929ac4c227ffff,4.0,4.3,131250.0,100.0,lace,1.1636273998145683,1.1636273998145683,1.1636273998145683,1.0,2024
8929ac4c22bffff,142.0,14.93,120909.44844645086,100.0,lace,45.367742823745395,45.367742823745395,45.367742823745395,1.0,2024
8929ac4c22fffff,4.0,4.3,131250.0,100.0,lace,1.1636443894330093,1.1636443894330093,1.1636443894330093,1.0,2024
8929ac4c233ffff,4.0,4.3,131250.0,100.0,lace,1.1637186221022715,1.1637186221022715,1.1637186221022715,1.0,2024
8929ac4c237ffff,4.0,4.3,131250.0,100.0,lace,1.1636645139135027,1.1636645139135027,1.1636645139135027,1.0,2024
8929ac4c23bffff,101.0,13.92,123286.99365375596,100.0,lace,31.36631432411793,31.36631432411793,31.36631432411793,1.0,2024
8929ac4c243ffff,63.0,5.9,143494.0,100.0,lace,15.951344482559621,15.951344482559621,15.951344482559621,1.0,2024
8929ac4c247ffff,106.0,7.69,123392.50644618012,100.0,lace,28.638512574342357,28.638512574342357,28.638512574342357,1.0,2024
8929ac4c24bffff,122.0,7.08,114262.87619827813,100.0,lace,32.25127198808395,32.25127198808395,32.25127198808395,1.0,2024
8929ac4c24fffff,263.0,7.0,98251.9112094796,100.0,lace,71.50321338618681,71.50321338618681,71.50321338618681,1.0,2024
8929ac4c253ffff,63.0,5.9,143494.0,100.0,lace,15.951853042015196,15.951853042015195,15.951853042015196,1.0,2024
8929ac4c257ffff,63.0,5.9,143494.0,100.0,lace,15.951111574231613,15.951111574231613,15.951111574231613,1.0,2024
8929ac4c25bffff,58.0,6.1,145030.84695870127,100.0,lace,14.515861010772005,14.515861010772005,14.515861010772005,1.0,2024
8929ac4c263ffff,394.0,15.14,120703.0,100.0,lace,126.18495424284961,126.18495424284961,126.18495424284961,1.0,2024
8929ac4c267ffff,394.0,15.14,120703.0,100.0,lace,126.17908709266865,126.17908709266865,126.17908709266865,1.0,2024
8929ac4c26bffff,345.0,10.37,106035.65819891752,100.0,lace,100.71749633924546,100.71749633924546,100.71749633924546,1.0,2024
8929ac4c26fffff,357.0,12.53,129803.50036668708,100.0,lace,108.11141249609311,108.11141249609311,108.11141249609311,1.0,2024
8929ac4c273ffff,289.0,14.5,122288.91182730177,100.0,lace,90.97285189521635,90.97285189521637,90.97285189521635,1.0,2024
8929ac4c277ffff,394.0,15.14,120703.0,100.0,lace,126.18311255232004,126.18311255232004,126.18311255232004,1.0,2024
8929ac4c27bffff,343.0,10.21,105539.08678799345,100.0,lace,99.97017846847686,99.97017846847686,99.97017846847686,1.0,2024
8929ac4c283ffff,34.0,5.8,142749.51595060728,100.0,lace,8.768444370198921,8.768444370198921,8.768444370198921,1.0,2024
8929ac4c287ffff,4.0,4.3,131250.0,100.0,lace,1.163829897398601,1.163829897398601,1.163829897398601,1.0,2024
8929ac4c28bffff,63.0,5.9,143494.0,100.0,lace,15.951153769712327,15.951153769712327,15.951153769712327,1.0,2024
8929ac4c28fffff,33.0,5.79,142653.6519068317,100.0,lace,8.289638640366249,8.289638640366249,8.289638640366249,1.0,2024
8929ac4c293ffff,36.0,5.81,142832.74807652878,100.0,lace,9.231853295969037,9.231853295969037,9.231853295969037,1.0,2024
8929ac4c297ffff,4.0,4.3,131250.0,100.0,lace,1.1638669694973214,1.1638669694973214,1.1638669694973214,1.0,2024
8929ac4c29bffff,63.0,5.9,143494.0,100.0,lace,15.951661900556536,15.951661900556536,15.951661900556536,1.0,2024
8929ac4c2a3ffff,4.0,4.3,131250.0,100.0,lace,1.1637387126357506,1.1637387126357506,1.1637387126357506,1.0,2024
8929ac4c2a7ffff,4.0,4.3,131250.0,100.0,lace,1.163684608113299,1.163684608113299,1.163684608113299,1.0,2024
8929ac4c2abffff,4.0,4.3,131250.0,100.0,lace,1.1637557236996676,1.1637557236996676,1.1637557236996676,1.0,2024
8929ac4c2afffff,4.0,4.3,131250.0,100.0,lace,1.1637016181976483,1.1637016181976483,1.1637016181976483,1.0,2024
8929ac4c2b3ffff,4.0,4.3,131250.0,100.0,lace,1.1637757972606637,1.1637757972606637,1.1637757972606637,1.0,2024
8929ac4c2b7ffff,4.0,4.3,131250.0,100.0,lace,1.1637216954212648,1.1637216954212648,1.1637216954212648,1.0,2024
8929ac4c2bbffff,4.0,4.3,131250.0,100.0,lace,1.1637928154616632,1.1637928154616632,1.1637928154616632,1.0,2024
8929ac4c2c3ffff,63.0,5.9,143494.0,100.0,lace,15.952128362554458,15.952128362554458,15.952128362554458,1.0,2024
8929ac4c2c7ffff,63.0,5.9,143494.0,100.0,lace,15.951386944999815,15.951386944999815,15.951386944999815,1.0,2024
8929ac4c2cbffff,63.0,5.9,143494.0,100.0,lace,15.952361466635566,15.952361466635566,15.952361466635566,1.0,2024
8929ac4c2cfffff,63.0,5.9,143494.0,100.0,lace,15.95162003566605,15.951620035666048,15.95162003566605,1.0,2024
8929ac4c2d3ffff,63.0,5.9,143494.0,100.0,lace,15.952636554419309,15.952636554419309,15.952636554419309,1.0,2024
8929ac4c2d7ffff,63.0,5.9,143494.0,100.0,lace,15.951895173731378,15.951895173731378,15.951895173731378,1.0,2024
8929ac4c2dbffff,63.0,5.9,143494.0,100.0,lace,15.952869756553476,15.952869756553476,15.952869756553476,1.0,2024
8929ac4c303ffff,4.0,4.3,131250.0,100.0,lace,1.1634480641718945,1.1634480641718945,1.1634480641718945,1.0,2024
8929ac4c307ffff,4.0,4.3,131250.0,100.0,lace,1.1633939474941275,1.1633939474941275,1.1633939474941275,1.0,2024
8929ac4c30bffff,4.0,4.3,131250.0,100.0,lace,1.1634650570155887,1.1634650570155887,1.1634650570155887,1.0,2024
8929ac4c30fffff,4.0,4.3,131250.0,100.0,lace,1.1634109393547203,1.1634109393547203,1.1634109393547203,1.0,2024
8929ac4c313ffff,4.0,4.3,131250.0,100.0,lace,1.163485179171421,1.163485179171421,1.163485179171421,1.0,2024
8929ac4c317ffff,4.0,4.3,131250.0,100.0,lace,1.1634310651618696,1.1634310651618696,1.1634310651618696,1.0,2024
8929ac4c31bffff,4.0,4.3,131250.0,100.0,lace,1.1635021791470679,1.1635021791470679,1.1635021791470679,1.0,2024
8929ac4c323ffff,4.0,4.3,131250.0,100.0,lace,1.163302698945087,1.163302698945087,1.163302698945087,1.0,2024
8929ac4c327ffff,6.0,6.43,157745.82723175053,100.0,lace,1.6743736982045936,1.6743736982045936,1.6743736982045936,1.0,2024
8929ac4c32bffff,7.0,7.34,169018.40835331733,100.0,lace,2.0178159713574217,2.0178159713574217,2.0178159713574217,1.0,2024
8929ac4c32fffff,13.0,9.83,199983.43436549444,100.0,lace,4.122519238026729,4.122519238026729,4.122519238026729,1.0,2024
8929ac4c333ffff,4.0,4.3,131250.0,100.0,lace,1.1633398291087742,1.1633398291087742,1.1633398291087742,1.0,2024
8929ac4c337ffff,4.0,4.3,131250.0,100.0,lace,1.1632857090442956,1.1632857090442956,1.1632857090442956,1.0,2024
8929ac4c33bffff,4.0,4.3,131250.0,100.0,lace,1.1633568199987472,1.1633568199987472,1.1633568199987472,1.0,2024
8929ac4c343ffff,4.0,4.3,131250.0,100.0,lace,1.1635361606388503,1.1635361606388503,1.1635361606388503,1.0,2024
8929ac4c347ffff,4.0,4.3,131250.0,100.0,lace,1.1634820436995326,1.1634820436995326,1.1634820436995326,1.0,2024
8929ac4c34bffff,4.0,4.3,131250.0,100.0,lace,1.1635531421334266,1.1635531421334266,1.1635531421334266,1.0,2024
8929ac4c34fffff,4.0,4.3,131250.0,100.0,lace,1.1634990242094092,1.1634990242094092,1.1634990242094092,1.0,2024
8929ac4c353ffff,4.0,4.3,131250.0,100.0,lace,1.163573287238194,1.163573287238194,1.163573287238194,1.0,2024
8929ac4c357ffff,4.0,4.3,131250.0,100.0,lace,1.163519172983646,1.163519172983646,1.163519172983646,1.0,2024
8929ac4c35bffff,4.0,4.3,131250.0,100.0,lace,1.1635902758883634,1.1635902758883634,1.1635902758883634,1.0,2024
8929ac4c363ffff,8.0,8.08,178322.2024914938,100.0,lace,2.4055522376010923,2.4055522376010923,2.4055522376010923,1.0,2024
8929ac4c367ffff,14.0,10.03,202537.97466680728,100.0,lace,4.479842341535663,4.479842341535663,4.479842341535663,1.0,2024
8929ac4c36bffff,15.0,10.19,204482.3585558631,100.0,lace,4.792964461403779,4.792964461403779,4.792964461403779,1.0,2024
8929ac4c36fffff,16.0,10.32,206136.0,100.0,lace,5.092820164607796,5.092820164607796,5.092820164607796,1.0,2024
8929ac4c373ffff,4.0,4.3,131250.0,100.0,lace,1.1634279250498547,1.1634279250498547,1.1634279250498547,1.0,2024
8929ac4c377ffff,4.0,4.3,131250.0,100.0,lace,1.1633738047214963,1.1633738047214963,1.1633738047214963,1.0,2024
8929ac4c37bffff,4.0,4.3,131250.0,100.0,lace,1.1634449045893427,1.1634449045893427,1.1634449045893427,1.0,2024
8929ac4c387ffff,1.0,4.3,131250.0,100.0,lace,0.1663933548902241,0.1663933548902241,0.1663933548902241,1.0,2024
8929ac4c38bffff,1.0,4.3,131250.0,100.0,lace,0.2698752605188137,0.2698752605188137,0.2698752605188137,1.0,2024
8929ac4c38fffff,3.0,4.3,131250.0,100.0,lace,0.893587950507977,0.8935879505079769,0.893587950507977,1.0,2024
8929ac4c3a3ffff,4.0,4.3,131250.0,100.0,lace,1.1633599452677088,1.1633599452677088,1.1633599452677088,1.0,2024
8929ac4c3a7ffff,4.0,4.3,131250.0,100.0,lace,1.1633058288571065,1.1633058288571065,1.1633058288571065,1.0,2024
8929ac4c3abffff,4.0,4.3,131250.0,100.0,lace,1.1633769494634885,1.1633769494634885,1.1633769494634885,1.0,2024
8929ac4c3afffff,4.0,4.3,131250.0,100.0,lace,1.1633228320608957,1.1633228320608957,1.1633228320608957,1.0,2024
8929ac4c3b3ffff,3.0,4.3,131250.0,100.0,lace,0.7768936347788449,0.7768936347788449,0.7768936347788449,1.0,2024
8929ac4c3b7ffff,4.0,4.3,131250.0,100.0,lace,1.1633429349216176,1.1633429349216176,1.1633429349216176,1.0,2024
8929ac4c3bbffff,4.0,4.3,131250.0,100.0,lace,1.163414059985505,1.163414059985505,1.163414059985505,1.0,2024
8929ac4c3c3ffff,4.0,4.3,131250.0,100.0,lace,1.1635934020797591,1.1635934020797591,1.1635934020797591,1.0,2024
8929ac4c3c7ffff,4.0,4.3,131250.0,100.0,lace,1.0674370662833732,1.0674370662833732,1.0674370662833732,1.0,2024
8929ac4c3cbffff,4.0,4.3,131250.0,100.0,lace,1.1636104040202897,1.1636104040202897,1.1636104040202897,1.0,2024
8929ac4c3cfffff,4.0,4.3,131250.0,100.0,lace,1.16355629244588,1.16355629244588,1.16355629244588,1.0,2024
8929ac4c3d3ffff,4.0,4.3,131250.0,100.0,lace,1.1636305018881232,1.1636305018881232,1.1636305018881232,1.0,2024
8929ac4c3d7ffff,2.0,4.3,131250.0,100.0,lace,0.5622512543350835,0.5622512543350835,0.5622512543350835,1.0,2024
8929ac4c3dbffff,4.0,4.3,131250.0,100.0,lace,1.1636475109834232,1.1636475109834232,1.1636475109834232,1.0,2024
8929ac4c46bffff,1.0,4.3,131250.0,100.0,lace,0.20243281199076904,0.20243281199076904,0.20243281199076904,1.0,2024
8929ac4c46fffff,2.0,4.3,131249.99999573157,100.0,lace,0.5945853664367655,0.5945853664361613,0.5945853664367655,1.0,2024
8929ac4c603ffff,60.0,5.9,143494.0,100.0,lace,15.271296974862837,15.271296974862837,15.271296974862837,1.0,2024
8929ac4c607ffff,41.0,5.84,143030.00995824896,100.0,lace,10.556037118095666,10.556037118095666,10.556037118095666,1.0,2024
8929ac4c60bffff,63.0,5.9,143494.0,100.0,lace,15.953926740735493,15.953926740735493,15.953926740735493,1.0,2024
8929ac4c60fffff,63.0,5.9,143494.0,100.0,lace,15.953185483997306,15.953185483997306,15.953185483997306,1.0,2024
8929ac4c617ffff,16.0,5.85,143126.85611836362,100.0,lace,4.1236749147772205,4.123674914777064,4.1236749147772205,1.0,2024
8929ac4c61bffff,31.0,5.9,143494.00000000003,100.0,lace,7.7502709515218315,7.7502709515218315,7.7502709515218315,1.0,2024
8929ac4c623ffff,4.0,4.3,131250.0,100.0,lace,1.1639410841928381,1.1639410841928381,1.1639410841928381,1.0,2024
8929ac4c627ffff,4.0,4.3,131250.0,100.0,lace,1.16388699211757,1.16388699211757,1.16388699211757,1.0,2024
8929ac4c62bffff,38.0,5.82,142904.57097246687,100.0,lace,9.673382297981023,9.673382297981023,9.673382297981023,1.0,2024
8929ac4c62fffff,4.0,4.3,131250.0,100.0,lace,1.1639040317658822,1.1639040317658822,1.1639040317658822,1.0,2024
8929ac4c633ffff,4.0,4.3,131250.0,100.0,lace,1.163978126790179,1.163978126790179,1.163978126790179,1.0,2024
8929ac4c637ffff,4.0,4.3,131250.0,100.0,lace,1.1639240373988038,1.1639240373988038,1.1639240373988038,1.0,2024
8929ac4c63bffff,40.0,5.83,142970.04953605318,100.0,lace,10.114722794378707,10.114722794378707,10.114722794378707,1.0,2024
8929ac4c643ffff,63.0,5.9,143494.0,100.0,lace,15.95490156804432,15.95490156804432,15.95490156804432,1.0,2024
8929ac4c647ffff,63.0,5.9,143494.0,100.0,lace,15.95416032134106,15.95416032134106,15.95416032134106,1.0,2024
8929ac4c64bffff,43.0,5.9,143498.4629922538,100.0,lace,10.944053592166208,10.944053592166208,10.944053592166208,1.0,2024
8929ac4c64fffff,63.0,5.9,143494.00000000003,100.0,lace,15.954393817473939,15.954393817473937,15.954393817473939,1.0,2024
8929ac4c653ffff,38.0,5.9,143493.99502480292,100.0,lace,9.752886676988693,9.75288666642987,9.752886676988693,1.0,2024
8929ac4c657ffff,63.0,5.9,143494.0,100.0,lace,15.954667973869462,15.954667973869462,15.954667973869462,1.0,2024
8929ac4c65bffff,38.0,5.9,143499.3034798426,100.0,lace,9.590040590776637,9.590040590776637,9.590040590776637,1.0,2024
8929ac4c663ffff,63.0,5.9,143494.0,100.0,lace,15.952911226910224,15.952911226910224,15.952911226910224,1.0,2024
8929ac4c667ffff,63.0,5.9,143494.0,100.0,lace,15.952169896537015,15.952169896537017,15.952169896537015,1.0,2024
8929ac4c66bffff,63.0,5.9,143494.00000000003,100.0,lace,15.953144611608522,15.953144611608522,15.953144611608522,1.0,2024
8929ac4c66fffff,63.0,5.9,143494.0,100.0,lace,15.952403267730167,15.952403267730167,15.952403267730167,1.0,2024
8929ac4c673ffff,63.0,5.9,143494.0,100.0,lace,15.953419051170888,15.953419051170888,15.953419051170888,1.0,2024
8929ac4c677ffff,63.0,5.9,143494.0,100.0,lace,15.95267775771153,15.95267775771153,15.95267775771153,1.0,2024
8929ac4c67bffff,63.0,5.9,143494.0,100.0,lace,15.953652533903766,15.953652533903767,15.953652533903766,1.0,2024
8929ac4c6a3ffff,1.0,4.3,131250.0,100.0,lace,0.30557580802584416,0.30557580802584416,0.30557580802584416,1.0,2024
8929ac4c6a7ffff,3.0,4.3,131250.0,100.0,lace,0.9306275481975003,0.9306275481975003,0.9306275481975003,1.0,2024
8929ac4c6abffff,4.0,4.3,131250.0,100.0,lace,1.0256219897441146,1.0256219897441146,1.0256219897441146,1.0,2024
8929ac4c6afffff,4.0,4.3,131250.0,100.0,lace,1.1639610728437348,1.1639610728437348,1.1639610728437348,1.0,2024
8929ac4c6cfffff,2.0,5.9,143494.0,100.0,lace,0.4262526944238067,0.4262526944238067,0.4262526944238067,1.0,2024
8929ac4c803ffff,14.0,10.05,202819.39453307772,100.0,lace,4.520212762040229,4.520212762040229,4.520212762040229,1.0,2024
8929ac4c807ffff,10.0,8.98,189451.2405608914,100.0,lace,3.0785790207122803,3.0785790207122803,3.0785790207122803,1.0,2024
8929ac4c80bffff,16.0,10.32,206136.0,100.0,lace,5.089990520770222,5.089990520770222,5.089990520770222,1.0,2024
8929ac4c80fffff,15.0,9.91,197144.95249849686,99.99,lace,4.940653791964746,4.940157853052985,4.940653791964746,1.0,2024
8929ac4c813ffff,5.0,6.11,153799.57067818017,100.0,lace,1.3832624767891257,1.3832624767891257,1.3832624767891257,1.0,2024
8929ac4c817ffff,4.0,4.3,131250.0,100.0,lace,1.1626732913382556,1.1626732913382556,1.1626732913382556,1.0,2024
8929ac4c81bffff,13.0,10.32,206136.0,100.0,lace,4.19776805595974,4.19776805595974,4.19776805595974,1.0,2024
8929ac4c823ffff,12.0,6.28,116811.99999999999,99.9,lace,3.912900117068834,3.908987216951765,3.912900117068834,1.0,2024
8929ac4c827ffff,12.0,6.28,116811.99999999999,99.9,lace,3.9044741549218602,3.9005696807669388,3.9044741549218602,1.0,2024
8929ac4c82bffff,12.0,6.28,116812.0,99.9,lace,3.9129572348287454,3.909044277593917,3.9129572348287454,1.0,2024
8929ac4c82fffff,7.0,6.28,116812.0,99.9,lace,2.4098066653515513,2.4073968586862,2.4098066653515513,1.0,2024
8929ac4c833ffff,8.0,5.91,128288.34146681464,99.94,lace,2.3210697590165643,2.3196220899795987,2.3210697590165643,1.0,2024
8929ac4c837ffff,12.0,6.28,116812.0,99.9,lace,3.9128429785105188,3.9089301355320085,3.9128429785105188,1.0,2024
8929ac4c83bffff,13.0,7.25,138394.59655021902,99.92,lace,4.145128650389461,4.141987405769564,4.145128650389461,1.0,2024
8929ac4c843ffff,16.0,10.32,206135.99999999997,100.0,lace,5.090301835140222,5.090301835140222,5.090301835140222,1.0,2024
8929ac4c847ffff,16.0,10.32,206136.0,100.0,lace,5.090064823391186,5.090064823391186,5.090064823391186,1.0,2024
8929ac4c84bffff,16.0,10.32,206136.0,100.0,lace,5.090376115105354,5.090376115105354,5.090376115105354,1.0,2024
8929ac4c84fffff,16.0,10.32,206136.0,100.0,lace,5.090139099114578,5.090139099114578,5.090139099114578,1.0,2024
8929ac4c853ffff,9.0,10.32,206136.0,100.0,lace,2.9983870693822405,2.9983870693822405,2.9983870693822405,1.0,2024
8929ac4c857ffff,16.0,10.32,206136.0,100.0,lace,5.0902275281847436,5.0902275281847436,5.0902275281847436,1.0,2024
8929ac4c85bffff,13.0,10.32,206136.0,100.0,lace,4.347511704566269,4.347511704566269,4.347511704566269,1.0,2024
8929ac4c863ffff,12.0,6.28,116812.0,99.9,lace,3.752554293679738,3.7488017393860584,3.752554293679738,1.0,2024
8929ac4c867ffff,6.0,6.28,116812.0,99.9,lace,1.9329596229794879,1.9310266633565083,1.9329596229794879,1.0,2024
8929ac4c86bffff,12.0,6.28,116812.0,99.9,lace,3.8162215899089,3.8124053683189913,3.8162215899089,1.0,2024
8929ac4c86fffff,1.0,6.28,116812.0,99.9,lace,0.18067533524898272,0.18049465991373373,0.18067533524898272,1.0,2024
8929ac4c873ffff,15.0,9.22,181941.16205132613,99.97,lace,4.707348684624852,4.706076473744419,4.707348684624852,1.0,2024
8929ac4c877ffff,12.0,6.35,118510.70076178096,99.9,lace,3.930469181437551,3.926613684416373,3.930469181437551,1.0,2024
8929ac4c87bffff,15.0,9.16,180446.5158093456,99.97,lace,4.685646663470683,4.684302019783176,4.685646663470683,1.0,2024
8929ac4c887ffff,4.0,4.3,131250.0,100.0,lace,0.9856201781699222,0.9856201781699222,0.9856201781699222,1.0,2024
8929ac4c88bffff,2.0,4.3,131250.0,100.0,lace,0.5628261946058676,0.5628261946058676,0.5628261946058676,1.0,2024
8929ac4c88fffff,3.0,4.3,131250.0,100.0,lace,0.9072672949021453,0.9072672949021452,0.9072672949021453,1.0,2024
8929ac4c897ffff,0.0,4.3,131250.0,100.0,lace,0.004530706704419713,0.004530706704419713,0.004530706704419713,1.0,2024
8929ac4c89bffff,2.0,4.3,131250.0,100.0,lace,0.6079889050396604,0.6079889050396604,0.6079889050396604,1.0,2024
8929ac4c8a3ffff,4.0,4.3,131250.0,100.0,lace,1.1626021615192186,1.1626021615192186,1.1626021615192186,1.0,2024
8929ac4c8a7ffff,6.0,5.03,125889.7685369385,99.96,lace,1.6382028539512992,1.6375261450706995,1.6382028539512992,1.0,2024
8929ac4c8abffff,4.0,4.3,131250.0,100.0,lace,1.162619151975145,1.162619151975145,1.162619151975145,1.0,2024
8929ac4c8afffff,7.0,5.55,122125.53169962659,99.93,lace,2.2026413014106794,2.201161596351091,2.2026413014106794,1.0,2024
8929ac4c8b3ffff,4.0,4.3,131250.0,100.0,lace,1.162639302309236,1.162639302309236,1.162639302309236,1.0,2024
8929ac4c8b7ffff,4.0,4.3,131250.0,100.0,lace,1.1625851649071852,1.1625851649071852,1.1625851649071852,1.0,2024
8929ac4c8bbffff,4.0,4.3,131250.0,100.0,lace,1.1626562998972334,1.1626562998972334,1.1626562998972334,1.0,2024
8929ac4c8c3ffff,0.0,4.3,131250.0,100.0,lace,0.05513583375021801,0.05513583375021801,0.05513583375021801,1.0,2024
8929ac4c8c7ffff,2.0,4.3,131250.0,100.0,lace,0.44707811038141787,0.44707811038141787,0.44707811038141787,1.0,2024
8929ac4c8cfffff,2.0,10.32,206136.0,100.0,lace,0.7324994671843683,0.7324994671843683,0.7324994671843683,1.0,2024
8929ac4c8d3ffff,3.0,4.3,131250.00000000003,100.0,lace,0.8967668126429241,0.8967668126429241,0.8967668126429241,1.0,2024
8929ac4c8d7ffff,4.0,4.3,131250.0,100.0,lace,1.162818704939871,1.162818704939871,1.162818704939871,1.0,2024
8929ac4c953ffff,1.0,6.28,116812.0,99.9,lace,0.37987768286262524,0.37949780517976267,0.37987768286262524,1.0,2024
8929ac4c95bffff,1.0,6.28,116812.00000000001,99.9,lace,0.4152648182367852,0.4148495534185484,0.4152648182367852,1.0,2024
8929ac4c9c3ffff,4.0,6.28,116812.0,99.9,lace,1.2920318271524776,1.2907397953253252,1.2920318271524776,1.0,2024
8929ac4c9cbffff,3.0,6.28,116812.0,99.9,lace,1.0192402014680493,1.0182209612665813,1.0192402014680493,1.0,2024
8929ac4c9d3ffff,12.0,6.28,116813.48482016951,99.9,lace,3.911930105485583,3.9080185129115343,3.911930105485583,1.0,2024
8929ac4c9d7ffff,2.0,6.28,116812.0,99.9,lace,0.7060976209117236,0.7053915232908119,0.7060976209117236,1.0,2024
8929ac4c9dbffff,12.0,6.28,116812.0,99.9,lace,3.9127858192873357,3.9088730334680486,3.9127858192873357,1.0,2024
8929ac4ca03ffff,5.0,10.32,206136.0,100.0,lace,1.5248572233869218,1.5248572233869218,1.5248572233869218,1.0,2024
8929ac4ca07ffff,13.0,7.71,148546.89827111023,99.94,lace,4.2645105386487145,4.26176411498142,4.2645105386487145,1.0,2024
8929ac4ca0bffff,16.0,10.32,206136.0,100.0,lace,5.08796118153608,5.08796118153608,5.08796118153608,1.0,2024
8929ac4ca0fffff,14.0,8.7,170437.1133798874,99.96,lace,4.545162881653029,4.54334972369536,4.545162881653029,1.0,2024
8929ac4ca13ffff,0.0,10.32,206136.0,100.0,lace,0.0409350539669582,0.0409350539669582,0.0409350539669582,1.0,2024
8929ac4ca17ffff,13.0,10.32,206136.0,100.0,lace,4.301705449894257,4.301705449894257,4.301705449894257,1.0,2024
8929ac4ca1bffff,10.0,10.32,206136.0,100.0,lace,3.0945369889985135,3.0945369889985135,3.0945369889985135,1.0,2024
8929ac4ca23ffff,12.0,6.28,116812.00000000001,99.9,lace,3.91329950643231,3.909386206925878,3.91329950643231,1.0,2024
8929ac4ca27ffff,3.0,6.28,116812.0,99.9,lace,1.0118167761996686,1.010804959423469,1.0118167761996686,1.0,2024
8929ac4ca2bffff,12.0,6.28,116812.0,99.9,lace,3.913300335510293,3.909387035174783,3.913300335510293,1.0,2024
8929ac4ca2fffff,2.0,6.28,116812.0,99.9,lace,0.6750863428015078,0.6744112564587063,0.6750863428015078,1.0,2024
8929ac4ca33ffff,12.0,6.28,116812.0,99.9,lace,3.9134247732962715,3.9095113485229755,3.9134247732962715,1.0,2024
8929ac4ca37ffff,9.0,6.28,116812.0,99.9,lace,2.804173174114533,2.801369000940419,2.804173174114533,1.0,2024
8929ac4ca3bffff,12.0,6.28,116812.0,99.9,lace,3.9134817700219626,3.9095682882519407,3.9134817700219626,1.0,2024
8929ac4ca43ffff,16.0,10.32,206136.0,100.0,lace,5.090821228672457,5.090821228672457,5.090821228672457,1.0,2024
8929ac4ca47ffff,16.0,10.32,206136.0,100.0,lace,5.090584186986184,5.090584186986184,5.090584186986184,1.0,2024
8929ac4ca4bffff,16.0,10.32,206136.0,100.0,lace,5.090895319887268,5.090895319887268,5.090895319887268,1.0,2024
8929ac4ca4fffff,16.0,10.32,206136.0,100.0,lace,5.090658273861658,5.090658273861658,5.090658273861658,1.0,2024
8929ac4ca53ffff,16.0,10.32,206136.0,100.0,lace,5.090984140545484,5.090984140545484,5.090984140545484,1.0,2024
8929ac4ca57ffff,16.0,10.32,206136.0,100.0,lace,5.0907471105202955,5.0907471105202955,5.0907471105202955,1.0,2024
8929ac4ca5bffff,16.0,10.32,206136.0,100.0,lace,5.0910582629939265,5.0910582629939265,5.0910582629939265,1.0,2024
8929ac4ca63ffff,12.0,6.34,118248.88674796707,99.9,lace,3.9282462872642685,3.9243814226804172,3.9282462872642685,1.0,2024
8929ac4ca67ffff,12.0,6.28,116812.0,99.9,lace,3.913413431152084,3.9095000177209323,3.913413431152084,1.0,2024
8929ac4ca6bffff,12.0,6.7,126105.71152114234,99.91,lace,4.010366709712103,4.006774749662213,4.010366709712103,1.0,2024
8929ac4ca6fffff,12.0,6.28,116812.0,99.9,lace,3.913470362409665,3.9095568920472554,3.913470362409665,1.0,2024
8929ac4ca73ffff,14.0,8.87,174176.01365815106,99.96,lace,4.596843148565553,4.59520164419986,4.596843148565553,1.0,2024
8929ac4ca77ffff,12.0,6.28,116812.0,99.9,lace,3.9135387460312976,3.909625207285267,3.9135387460312976,1.0,2024
8929ac4ca7bffff,16.0,10.28,205351.65845799723,100.0,lace,5.0770590414158985,5.077014595827093,5.0770590414158985,1.0,2024
8929ac4ca87ffff,11.0,10.32,206136.0,100.0,lace,3.6944982543117404,3.6944982543117404,3.6944982543117404,1.0,2024
8929ac4ca97ffff,11.0,10.32,206135.99999999997,100.0,lace,3.4591254180152338,3.4591254180152338,3.4591254180152338,1.0,2024
8929ac4caa3ffff,12.0,6.33,118034.99510794002,99.9,lace,3.9259555192150954,3.9220834794828097,3.9259555192150954,1.0,2024
8929ac4caa7ffff,12.0,6.28,116812.0,99.9,lace,3.913310717633066,3.909397406915433,3.913310717633066,1.0,2024
8929ac4caabffff,14.0,8.23,159936.7829875025,99.95,lace,4.40602651078811,4.4037510474999015,4.40602651078811,1.0,2024
8929ac4caafffff,12.0,6.28,116812.0,99.9,lace,3.9133677558097832,3.9094543880539736,3.9133677558097832,1.0,2024
8929ac4cab3ffff,16.0,10.23,204098.60179956214,100.0,lace,5.055648763977647,5.055533794460679,5.055648763977647,1.0,2024
8929ac4cab7ffff,14.0,8.08,156579.42833471985,99.94,lace,4.363210866669657,4.360793482635356,4.363210866669657,1.0,2024
8929ac4cabbffff,13.0,10.17,202897.12525758738,100.0,lace,4.083088396763273,4.082940781684089,4.083088396763273,1.0,2024
8929ac4cac3ffff,13.0,10.32,206136.0,100.0,lace,4.094024829271617,4.094024829271617,4.094024829271617,1.0,2024
8929ac4cac7ffff,2.0,10.32,206136.0,100.0,lace,0.7033575836820275,0.7033575836820275,0.7033575836820275,1.0,2024
8929ac4cacbffff,16.0,10.32,206136.0,100.0,lace,5.091147009513441,5.091147009513441,5.091147009513441,1.0,2024
8929ac4cacfffff,16.0,10.32,206136.0,100.0,lace,5.090909991111984,5.090909991111984,5.090909991111984,1.0,2024
8929ac4cad3ffff,5.0,10.32,206136.0,100.0,lace,1.627568162511709,1.627568162511709,1.627568162511709,1.0,2024
8929ac4cadbffff,16.0,10.32,206136.0,100.0,lace,5.091309835548076,5.091309835548076,5.091309835548076,1.0,2024
8929ac4cb03ffff,0.0,6.28,116812.0,99.9,lace,0.019094429061388432,0.019075334632327044,0.019094429061388432,1.0,2024
8929ac4cb0bffff,8.0,6.28,116812.0,99.9,lace,2.5939320566968527,2.591338124640156,2.5939320566968527,1.0,2024
8929ac4cb0fffff,2.0,6.28,116812.0,99.9,lace,0.6837400126271866,0.6830562726145595,0.6837400126271866,1.0,2024
8929ac4cb43ffff,9.0,6.28,116812.0,99.9,lace,3.0213382429499864,3.018316904707037,3.0213382429499864,1.0,2024
8929ac4cb47ffff,12.0,6.28,116812.0,99.9,lace,3.912627355093608,3.9087147277385146,3.912627355093608,1.0,2024
8929ac4cb4bffff,12.0,6.28,116812.0,99.9,lace,3.912866586724844,3.9089537201381193,3.912866586724844,1.0,2024
8929ac4cb4fffff,12.0,6.28,116812.0,99.9,lace,3.9126842939434066,3.908771609649463,3.9126842939434066,1.0,2024
8929ac4cb57ffff,2.0,6.28,116812.0,99.9,lace,0.5597191976437899,0.5591594784461461,0.5597191976437899,1.0,2024
8929ac4cb5bffff,3.0,6.28,116812.0,99.9,lace,0.9413032713800854,0.9403619681087053,0.9413032713800854,1.0,2024
8929ac4cb63ffff,7.0,6.28,116812.0,99.9,lace,2.321422139932804,2.3191007177928715,2.321422139932804,1.0,2024
8929ac4cb67ffff,0.0,6.28,116812.0,99.9,lace,0.008322133433353508,0.008313811299920155,0.008322133433353508,1.0,2024
8929ac4cb6bffff,0.0,6.28,116812.0,99.9,lace,0.0763891026791494,0.07631271357647025,0.0763891026791494,1.0,2024
8929ac4cb73ffff,12.0,6.28,116812.0,99.9,lace,3.9124450599505587,3.9085326148906088,3.9124450599505587,1.0,2024
8929ac4cb77ffff,2.0,6.28,116812.0,99.9,lace,0.6275991585795443,0.6269715594209648,0.6275991585795443,1.0,2024
8929ac4cb7bffff,12.0,6.28,116812.0,99.9,lace,3.9125019954847495,3.908589493489265,3.9125019954847495,1.0,2024
8929ac4cb93ffff,0.0,6.28,116812.0,99.9,lace,0.11966773577790314,0.11954806804212524,0.11966773577790314,1.0,2024
8929ac4cbc3ffff,7.0,6.28,116812.0,99.9,lace,2.304726974806057,2.302422247831251,2.304726974806057,1.0,2024
8929ac4cbcbffff,0.0,6.28,116812.0,99.9,lace,0.15532486891594682,0.1551695440470309,0.15532486891594682,1.0,2024
8929ac4cbd3ffff,12.0,6.28,116812.00000000001,99.9,lace,3.7317334557669652,3.7280017223111988,3.7317334557669652,1.0,2024
8929ac4cbd7ffff,0.0,6.28,116812.00000000001,99.9,lace,0.11790547523395811,0.11778756975872415,0.11790547523395811,1.0,2024
8929ac4cbdbffff,12.0,6.28,116812.0,99.9,lace,3.9131854988332972,3.909272313334464,3.9131854988332972,1.0,2024
8929ac4cc03ffff,3.0,4.3,131250.0,100.0,lace,0.745310650751089,0.7453106507510889,0.745310650751089,1.0,2024
8929ac4cc0bffff,4.0,4.3,131250.0,100.0,lace,1.1629671665588646,1.1629671665588646,1.1629671665588646,1.0,2024
8929ac4cc0fffff,3.0,4.3,131250.0,100.0,lace,0.7138256166551239,0.7138256166551238,0.7138256166551239,1.0,2024
8929ac4cc13ffff,2.0,4.3,131250.0,100.0,lace,0.5297461940913737,0.5297461940913737,0.5297461940913737,1.0,2024
8929ac4cc1bffff,4.0,4.3,131250.0,100.0,lace,1.1630042574395731,1.1630042574395731,1.1630042574395731,1.0,2024
8929ac4cc43ffff,4.0,4.3,131250.0,100.0,lace,1.1630383114393803,1.1630383114393803,1.1630383114393803,1.0,2024
8929ac4cc47ffff,4.0,4.3,131250.0,100.0,lace,1.1629841895019561,1.1629841895019561,1.1629841895019561,1.0,2024
8929ac4cc4bffff,4.0,4.3,131250.0,100.0,lace,1.1630553292015133,1.1630553292015133,1.1630553292015133,1.0,2024
8929ac4cc4fffff,4.0,4.3,131250.0,100.0,lace,1.163001206289216,1.163001206289216,1.163001206289216,1.0,2024
8929ac4cc53ffff,4.0,4.3,131250.0,100.0,lace,1.1630754067742002,1.1630754067742002,1.1630754067742002,1.0,2024
8929ac4cc57ffff,4.0,4.3,131250.0,100.0,lace,1.1630212875186536,1.1630212875186536,1.1630212875186536,1.0,2024
8929ac4cc5bffff,4.0,4.3,131250.0,100.0,lace,1.1630924316827675,1.1630924316827675,1.1630924316827675,1.0,2024
8929ac4cc63ffff,4.0,4.3,131250.0,100.0,lace,1.1628929553759944,1.1628929553759944,1.1628929553759944,1.0,2024
8929ac4cc67ffff,2.0,4.3,131250.0,100.0,lace,0.6489145939248222,0.6489145939248222,0.6489145939248222,1.0,2024
8929ac4cc6bffff,4.0,4.3,131250.0,100.0,lace,1.1629099640372602,1.1629099640372602,1.1629099640372602,1.0,2024
8929ac4cc6fffff,4.0,4.3,131250.0,100.0,lace,1.1628558350634055,1.1628558350634055,1.1628558350634055,1.0,2024
8929ac4cc73ffff,4.0,4.3,131250.0,100.0,lace,1.1629300658821005,1.1629300658821005,1.1629300658821005,1.0,2024
8929ac4cc77ffff,3.0,4.3,131250.0,100.0,lace,0.6815680202926274,0.6815680202926273,0.6815680202926274,1.0,2024
8929ac4cc7bffff,4.0,4.3,131250.0,100.0,lace,1.1629470816708065,1.1629470816708065,1.1629470816708065,1.0,2024
8929ac4ccc7ffff,1.0,4.3,131250.0,100.0,lace,0.18222021865530286,0.18222021865530288,0.18222021865530286,1.0,2024
8929ac4cccbffff,1.0,4.3,131250.0,100.0,lace,0.2865326236937519,0.2865326236937519,0.2865326236937519,1.0,2024
8929ac4cccfffff,3.0,4.3,131250.0,100.0,lace,0.9103170281450825,0.9103170281450825,0.9103170281450825,1.0,2024
8929ac4cd03ffff,4.0,4.3,131250.0,100.0,lace,1.1625712503846637,1.1625712503846637,1.1625712503846637,1.0,2024
8929ac4cd07ffff,4.0,4.3,131250.0,100.0,lace,1.162517116919332,1.162517116919332,1.162517116919332,1.0,2024
8929ac4cd0bffff,4.0,4.3,131250.0,100.0,lace,1.1625882726047858,1.1625882726047858,1.1625882726047858,1.0,2024
8929ac4cd0fffff,4.0,4.3,131250.0,100.0,lace,1.1625341381548737,1.1625341381548737,1.1625341381548737,1.0,2024
8929ac4cd13ffff,2.0,4.3,131250.0,100.0,lace,0.5383757371114104,0.5383757371114104,0.5383757371114104,1.0,2024
8929ac4cd17ffff,4.0,4.3,131250.0,100.0,lace,1.1625465346192314,1.1625465346192314,1.1625465346192314,1.0,2024
8929ac4cd1bffff,4.0,4.3,131250.0,100.0,lace,1.1015608169533058,1.1015608169533058,1.1015608169533058,1.0,2024
8929ac4cd23ffff,12.0,6.28,116812.0,99.9,lace,3.895029572723569,3.891134543150846,3.895029572723569,1.0,2024
8929ac4cd27ffff,4.0,6.28,116812.0,99.9,lace,1.3118198452543843,1.31050802540913,1.3118198452543843,1.0,2024
8929ac4cd2bffff,12.0,6.28,116812.0,99.9,lace,3.796348761202818,3.7925524124416152,3.796348761202818,1.0,2024
8929ac4cd2fffff,4.0,6.28,116812.0,99.9,lace,1.4067265763598629,1.4053198497835029,1.4067265763598629,1.0,2024
8929ac4cd33ffff,9.0,5.84,120015.4969085509,99.92,lace,2.685921844372038,2.683754436261969,2.685921844372038,1.0,2024
8929ac4cd37ffff,10.0,6.28,116812.00000000001,99.9,lace,3.2362180947185712,3.2329818766238527,3.2362180947185712,1.0,2024
8929ac4cd3bffff,10.0,5.98,118978.83456731596,99.91,lace,2.9976244411916593,2.995013601451763,2.9976244411916593,1.0,2024
8929ac4cd43ffff,4.0,4.3,131250.0,100.0,lace,1.1063277991344123,1.1063277991344123,1.1063277991344123,1.0,2024
8929ac4cd47ffff,4.0,4.3,131250.0,100.0,lace,1.1626052886571066,1.1626052886571066,1.1626052886571066,1.0,2024
8929ac4cd4bffff,4.0,4.3,131250.0,100.0,lace,1.054188047897066,1.054188047897066,1.054188047897066,1.0,2024
8929ac4cd4fffff,4.0,4.3,131250.0,100.0,lace,1.1626222985591406,1.1626222985591406,1.1626222985591406,1.0,2024
8929ac4cd53ffff,0.0,4.3,131250.0,100.0,lace,0.06031479660054598,0.06031479660054598,0.06031479660054598,1.0,2024
8929ac4cd57ffff,4.0,4.3,131250.0,100.0,lace,1.1336278928615215,1.1336278928615215,1.1336278928615215,1.0,2024
8929ac4cd5bffff,0.0,4.3,131250.0,100.0,lace,0.025346653846536202,0.025346653846536206,0.025346653846536202,1.0,2024
8929ac4cd63ffff,8.0,5.78,120415.73060960548,99.92,lace,2.436981745387771,2.435076458247771,2.436981745387771,1.0,2024
8929ac4cd67ffff,5.0,6.28,116812.0,99.9,lace,1.5596140746157094,1.5580544605410938,1.5596140746157094,1.0,2024
8929ac4cd6bffff,8.0,5.75,120650.68064710447,99.92,lace,2.522269032600284,2.520334548344901,2.522269032600284,1.0,2024
8929ac4cd6fffff,4.0,6.28,116812.0,99.9,lace,1.3768659665468799,1.375489100580333,1.3768659665468799,1.0,2024
8929ac4cd73ffff,4.0,4.3,131250.0,100.0,lace,1.1625511532188786,1.1625511532188786,1.1625511532188786,1.0,2024
8929ac4cd77ffff,9.0,5.93,119339.01280162914,99.92,lace,2.882367959163857,2.879921117754651,2.882367959163857,1.0,2024
8929ac4cd7bffff,4.0,4.3,131250.0,100.0,lace,1.1625681621412416,1.1625681621412416,1.1625681621412416,1.0,2024
8929ac4cd8fffff,0.0,4.3,131250.0,100.0,lace,0.010476168511325447,0.010476168511325445,0.010476168511325447,1.0,2024
8929ac4cda3ffff,4.0,4.3,131250.0,100.0,lace,1.16248305600407,1.16248305600407,1.16248305600407,1.0,2024
8929ac4cda7ffff,4.0,4.3,131250.0,100.0,lace,1.1624289228144036,1.1624289228144036,1.1624289228144036,1.0,2024
8929ac4cdabffff,4.0,4.3,131250.0,100.0,lace,1.1625000895409954,1.1625000895409954,1.1625000895409954,1.0,2024
8929ac4cdafffff,7.0,5.34,123654.14028540351,99.94,lace,1.9385215149753279,1.937417400841895,1.9385215149753279,1.0,2024
8929ac4cdb3ffff,0.0,4.3,131250.0,100.0,lace,0.08204618229160551,0.08204618229160551,0.08204618229160551,1.0,2024
8929ac4cdb7ffff,3.0,4.3,131250.0,100.0,lace,0.7799994677059336,0.7799994677059336,0.7799994677059336,1.0,2024
8929ac4cdbbffff,2.0,4.3,131250.0,100.0,lace,0.663235036996715,0.663235036996715,0.663235036996715,1.0,2024
8929ac4cdcfffff,0.0,4.3,131250.0,100.0,lace,0.08643371963887846,0.08643371963887846,0.08643371963887846,1.0,2024
8929ac4ce03ffff,0.0,4.57,134583.71441743575,100.0,lace,0.01377936911745565,0.013779369117455652,0.01377936911745565,1.0,2024
8929ac4ce13ffff,4.0,4.3,131250.0,100.0,lace,1.163106345537639,1.163106345537639,1.163106345537639,1.0,2024
8929ac4ce17ffff,2.0,4.3,131252.84070451677,100.0,lace,0.6730158350647227,0.6730158350647227,0.6730158350647227,1.0,2024
8929ac4ce1bffff,2.0,4.31,131415.89806360428,100.0,lace,0.5385834117384678,0.5385834117384678,0.5385834117384678,1.0,2024
8929ac4ce2fffff,0.0,10.32,206136.0,100.0,lace,0.09416775993744048,0.09416775993744048,0.09416775993744048,1.0,2024
8929ac4ce43ffff,5.0,10.32,206135.99999999997,100.0,lace,1.7577864388515505,1.7577864388515505,1.7577864388515505,1.0,2024
8929ac4ce4bffff,16.0,10.32,206136.0,100.0,lace,5.092035020339748,5.092035020339748,5.092035020339748,1.0,2024
8929ac4ce4fffff,5.0,10.32,206136.0,100.0,lace,1.6181451640561058,1.6181451640561055,1.6181451640561058,1.0,2024
8929ac4ce53ffff,5.0,8.66,185525.41412428097,100.0,lace,1.6825258460987458,1.6825258460987458,1.6825258460987458,1.0,2024
8929ac4ce5bffff,16.0,10.32,206136.0,100.0,lace,5.092197662985601,5.092197662985601,5.092197662985601,1.0,2024
8929ac4ce83ffff,4.0,4.3,131250.0,100.0,lace,1.163126463011386,1.163126463011386,1.163126463011386,1.0,2024
8929ac4ce87ffff,4.0,4.3,131250.0,100.0,lace,1.1630723408059034,1.1630723408059034,1.1630723408059034,1.0,2024
8929ac4ce8bffff,4.0,4.3,131250.0,100.0,lace,1.1631434694428813,1.1631434694428813,1.1631434694428813,1.0,2024
8929ac4ce8fffff,4.0,4.3,131250.0,100.0,lace,1.1630893462539544,1.1630893462539544,1.1630893462539544,1.0,2024
8929ac4ce93ffff,4.0,4.3,131250.0,100.0,lace,1.1631635699622584,1.1631635699622584,1.1631635699622584,1.0,2024
8929ac4ce97ffff,4.0,4.3,131250.0,100.0,lace,1.163109450432792,1.163109450432792,1.163109450432792,1.0,2024
8929ac4ce9bffff,4.0,4.3,131250.0,100.0,lace,1.1631805835324227,1.1631805835324227,1.1631805835324227,1.0,2024
8929ac4cea3ffff,3.0,4.3,131250.0,100.0,lace,0.8716250946016781,0.8716250946016781,0.8716250946016781,1.0,2024
8929ac4cea7ffff,3.0,4.3,131250.00000000003,100.0,lace,0.7363507911305921,0.7363507911305921,0.7363507911305921,1.0,2024
8929ac4ceabffff,0.0,4.3,131250.0,100.0,lace,0.09074706441286362,0.09074706441286363,0.09074706441286362,1.0,2024
8929ac4ceb3ffff,4.0,4.3,131250.0,100.0,lace,1.1630182169019847,1.1630182169019847,1.1630182169019847,1.0,2024
8929ac4ceb7ffff,4.0,4.3,131250.0,100.0,lace,1.1629640913132158,1.1629640913132158,1.1629640913132158,1.0,2024
8929ac4cebbffff,4.0,4.3,131250.0,100.0,lace,1.1630352213661357,1.1630352213661357,1.1630352213661357,1.0,2024
8929ac4cec3ffff,4.0,4.3,131250.0,100.0,lace,1.1632145921880008,1.1632145921880008,1.1632145921880008,1.0,2024
8929ac4cec7ffff,4.0,4.3,131250.0,100.0,lace,1.1631604697077145,1.1631604697077145,1.1631604697077145,1.0,2024
8929ac4cecbffff,4.0,4.3,131250.0,100.0,lace,1.1632315872740853,1.1632315872740853,1.1632315872740853,1.0,2024
8929ac4cecfffff,4.0,4.3,131250.0,100.0,lace,1.0997824085218542,1.0997824085218542,1.0997824085218542,1.0,2024
8929ac4ced3ffff,4.0,4.3,131250.0,100.0,lace,1.1632517107492837,1.1632517107492837,1.1632517107492837,1.0,2024
8929ac4ced7ffff,4.0,4.3,131250.0,100.0,lace,1.1631975909378458,1.1631975909378458,1.1631975909378458,1.0,2024
8929ac4cedbffff,4.0,4.3,131250.0,100.0,lace,1.1632687129664006,1.1632687129664006,1.1632687129664006,1.0,2024
8929ac4d003ffff,44.0,8.07,146997.77687629327,99.97,lace,10.670516092975875,10.667245360954277,10.670516092975875,1.0,2024
8929ac4d007ffff,128.0,9.46,85644.99598188669,99.84,lace,33.22651212608833,33.17261544336556,33.22651212608833,1.0,2024
8929ac4d00bffff,196.0,7.59,92541.77056485874,99.85,lace,66.01853462389037,65.92154193411166,66.01853462389037,1.0,2024
8929ac4d00fffff,402.0,9.8,66118.49214752203,99.8,lace,110.2160823291972,109.99821342135802,110.2160823291972,1.0,2024
8929ac4d013ffff,45.0,8.14,145234.7174960502,99.96,lace,11.266431682373787,11.262460403795018,11.266431682373787,1.0,2024
8929ac4d017ffff,37.0,7.65,157067.0,100.0,lace,7.889347737726669,7.889347737726669,7.889347737726669,1.0,2024
8929ac4d01bffff,144.0,9.67,108838.58608808497,99.9,lace,51.7355894322833,51.684023456143386,51.7355894322833,1.0,2024
8929ac4d023ffff,400.0,8.64,105584.96781168874,99.8,lace,113.93353100864687,113.70566394662958,113.93353100864687,1.0,2024
8929ac4d027ffff,371.0,8.0,124852.0,99.8,lace,107.47217142727446,107.2572270844199,107.47217142727446,1.0,2024
8929ac4d02bffff,466.0,9.77,71404.70381109539,99.8,lace,128.34135478710004,128.08467207752585,128.34135478710004,1.0,2024
8929ac4d02fffff,370.0,8.27,123565.12731554377,99.8,lace,107.71632679346065,107.50484076042925,107.71632679346065,1.0,2024
8929ac4d033ffff,324.0,9.13,91388.9333311987,99.8,lace,90.13341830795244,89.95738043326806,90.13341830795244,1.0,2024
8929ac4d037ffff,371.0,8.0,124852.00000000001,99.8,lace,107.47560069272714,107.26064949134168,107.47560069272714,1.0,2024
8929ac4d03bffff,483.0,10.0,64279.0,99.8,lace,131.96841817807132,131.70448134171517,131.96841817807132,1.0,2024
8929ac4d043ffff,301.0,7.21,98130.25646360648,99.86,lace,90.23305430076047,90.10629845276155,90.23305430076047,1.0,2024
8929ac4d047ffff,300.0,5.69,77342.85315548709,99.8,lace,95.69726381149977,95.50976478367423,95.69726381149977,1.0,2024
8929ac4d04bffff,248.0,17.83,95635.3625802256,99.8,lace,73.97914326494306,73.83157987801681,73.97914326494306,1.0,2024
8929ac4d04fffff,291.0,9.06,81681.80425622343,99.8,lace,90.6640733839948,90.48274523722681,90.6640733839948,1.0,2024
8929ac4d053ffff,330.0,3.77,105494.46116980362,99.9,lace,97.16876444321571,97.07159567877251,97.16876444321571,1.0,2024
8929ac4d057ffff,147.0,9.68,108571.0,99.9,lace,52.69964940961597,52.64694976020636,52.69964940961597,1.0,2024
8929ac4d05bffff,506.0,2.15,104627.92616362628,99.9,lace,139.53353029191004,139.39377858825574,139.53353029191004,1.0,2024
8929ac4d063ffff,343.0,5.65,77502.78433020804,99.8,lace,105.19902468122065,104.98862663185821,105.19902468122065,1.0,2024
8929ac4d067ffff,385.0,11.22,68899.07157029764,99.85,lace,113.40155519756284,113.2287776252224,113.40155519756284,1.0,2024
8929ac4d06bffff,466.0,4.13,88729.38175291104,99.8,lace,130.12675626617792,129.86650275364556,130.12675626617792,1.0,2024
8929ac4d06fffff,482.0,3.8,91667.0,99.8,lace,130.20518841474887,129.94477803791938,130.20518841474887,1.0,2024
8929ac4d073ffff,320.0,5.82,75413.69190641741,99.8,lace,100.51157344071191,100.31055029383049,100.51157344071191,1.0,2024
8929ac4d077ffff,477.0,9.9,64547.46268192782,99.8,lace,130.83834195320853,130.5766652693021,130.83834195320853,1.0,2024
8929ac4d07bffff,312.0,5.54,76172.0,99.8,lace,99.1263810455972,98.928128283506,99.1263810455972,1.0,2024
8929ac4d083ffff,37.0,7.65,157067.0,100.0,lace,7.8898507256919075,7.8898507256919075,7.8898507256919075,1.0,2024
8929ac4d087ffff,37.0,7.65,157067.0,100.0,lace,7.889484189191086,7.889484189191085,7.889484189191086,1.0,2024
8929ac4d08bffff,47.0,8.22,143427.063455912,99.96,lace,11.920003558579161,11.915263925150235,11.920003558579161,1.0,2024
8929ac4d08fffff,37.0,7.65,157067.0,100.0,lace,7.889599265042225,7.889599265042225,7.889599265042225,1.0,2024
8929ac4d093ffff,37.0,7.65,157067.0,100.0,lace,7.890102119660071,7.890102119660071,7.890102119660071,1.0,2024
8929ac4d097ffff,37.0,7.65,157067.0,100.0,lace,7.889735601427294,7.889735601427294,7.889735601427294,1.0,2024
8929ac4d09bffff,49.0,8.3,141595.00425339752,99.96,lace,12.631206338031772,12.625630571312756,12.631206338031772,1.0,2024
8929ac4d0a3ffff,37.0,7.65,157067.0,100.0,lace,7.888866144030145,7.888866144030145,7.888866144030145,1.0,2024
8929ac4d0a7ffff,37.0,7.65,157067.0,100.0,lace,7.888499566181934,7.888499566181934,7.888499566181934,1.0,2024
8929ac4d0abffff,37.0,7.65,157067.0,100.0,lace,7.888981164813429,7.888981164813429,7.888981164813429,1.0,2024
8929ac4d0afffff,73.0,7.84,139483.5490028703,99.88,lace,18.570992491354854,18.54793542081372,18.570992491354854,1.0,2024
8929ac4d0b3ffff,37.0,7.65,157067.0,100.0,lace,7.8891176410658215,7.8891176410658215,7.8891176410658215,1.0,2024
8929ac4d0b7ffff,37.0,7.65,157067.0,100.0,lace,7.888751081440159,7.888751081440159,7.888751081440159,1.0,2024
8929ac4d0bbffff,37.0,7.65,157067.0,100.0,lace,7.889232710332113,7.889232710332113,7.889232710332113,1.0,2024
8929ac4d0c3ffff,147.0,9.68,108571.0,99.9,lace,52.703010090439236,52.6503070803488,52.703010090439236,1.0,2024
8929ac4d0c7ffff,145.0,9.67,108753.02544733894,99.9,lace,52.04187711942206,51.98995122132606,52.04187711942206,1.0,2024
8929ac4d0cbffff,318.0,4.48,108293.61479955833,99.9,lace,90.84321992402604,90.75237670410203,90.84321992402604,1.0,2024
8929ac4d0cfffff,147.0,9.68,108571.0,99.9,lace,52.70132997289574,52.64862864292285,52.70132997289574,1.0,2024
8929ac4d0d3ffff,147.0,9.68,108571.0,99.9,lace,52.70468976250323,52.65198507274073,52.70468976250323,1.0,2024
8929ac4d0d7ffff,146.0,9.67,108684.33186586006,99.9,lace,52.290413649230786,52.238195748889844,52.290413649230786,1.0,2024
8929ac4d0dbffff,285.0,6.7,116921.83053936987,99.9,lace,73.69247100153818,73.61877853053664,73.69247100153818,1.0,2024
8929ac4d103ffff,169.0,7.75,114545.0,100.0,lace,48.957113912118544,48.957113912118544,48.957113912118544,1.0,2024
8929ac4d107ffff,159.0,4.96,114545.0,100.0,lace,45.75263615119156,45.75263615119157,45.75263615119156,1.0,2024
8929ac4d10bffff,159.0,4.96,114544.99999999999,100.0,lace,45.755429844003096,45.75542984400309,45.755429844003096,1.0,2024
8929ac4d10fffff,159.0,4.96,114544.99999999999,100.0,lace,45.753302674623804,45.753302674623804,45.753302674623804,1.0,2024
8929ac4d113ffff,205.0,14.93,,100.0,lace,59.565230167383945,59.565230167383945,59.565230167383945,1.0,2024
8929ac4d117ffff,198.0,13.8,114545.0,100.0,lace,57.61212815099085,57.61212815099085,57.61212815099085,1.0,2024
8929ac4d11bffff,194.0,13.02,114545.00000000001,100.0,lace,56.33118443342578,56.33118443342578,56.33118443342578,1.0,2024
8929ac4d123ffff,183.0,6.09,109554.3938187051,99.95,lace,58.16829827991039,58.140380823337274,58.16829827991039,1.0,2024
8929ac4d127ffff,275.0,7.91,160147.7655302207,99.99,lace,68.08674647304652,68.08068557228083,68.08674647304652,1.0,2024
8929ac4d12bffff,220.0,7.42,104147.9894782014,99.9,lace,78.13351681741645,78.05772203653329,78.13351681741645,1.0,2024
8929ac4d12fffff,267.0,9.45,101210.31253572661,99.9,lace,96.69124340000809,96.59748474253422,96.69124340000809,1.0,2024
8929ac4d133ffff,160.0,4.99,114229.28110460301,100.0,lace,46.097099469698634,46.097099469698634,46.097099469698634,1.0,2024
8929ac4d137ffff,302.0,6.95,96760.44686011976,100.0,lace,82.63209914335967,82.63209914335967,82.63209914335967,1.0,2024
8929ac4d13bffff,159.0,4.96,114545.0,100.0,lace,45.75117543821856,45.75117543821856,45.75117543821856,1.0,2024
8929ac4d143ffff,334.0,14.15,78599.88889643255,99.9,lace,107.09349704768846,106.98817749083173,107.09349704768846,1.0,2024
8929ac4d147ffff,165.0,5.59,111344.54198688731,99.99,lace,48.10944689878454,48.105332674585476,48.10944689878454,1.0,2024
8929ac4d14bffff,340.0,14.23,77540.79849533398,99.9,lace,109.35241661621725,109.24306419960104,109.35241661621725,1.0,2024
8929ac4d14fffff,291.0,12.98,74260.80372736887,99.9,lace,93.57843131482659,93.4872282149809,93.57843131482659,1.0,2024
8929ac4d153ffff,362.0,10.38,113991.94570897796,99.83,lace,108.11630174398964,107.93541785861161,108.11630174398964,1.0,2024
8929ac4d157ffff,175.0,7.77,110979.42079526995,99.99,lace,51.23182905922731,51.22591237278826,51.23182905922731,1.0,2024
8929ac4d15bffff,361.0,14.24,95590.90019678361,99.88,lace,112.84813382115505,112.70995311739311,112.84813382115505,1.0,2024
8929ac4d163ffff,223.0,7.52,103750.0,99.9,lace,79.88304852790951,79.8031654793816,79.88304852790951,1.0,2024
8929ac4d167ffff,252.0,8.91,99356.41756272709,99.9,lace,92.02771629680757,91.93568858051077,92.02771629680757,1.0,2024
8929ac4d16bffff,219.0,7.52,103750.0,99.9,lace,78.45035501239306,78.37190465738067,78.45035501239306,1.0,2024
8929ac4d16fffff,269.0,9.59,97229.63628102813,99.9,lace,99.10867777210989,99.00956909433778,99.10867777210989,1.0,2024
8929ac4d173ffff,160.0,5.02,114259.48132621162,100.0,lace,46.400349503430576,46.39883663995454,46.400349503430576,1.0,2024
8929ac4d177ffff,189.0,6.38,108534.06180658861,99.94,lace,61.849841862881384,61.81216424928863,61.849841862881384,1.0,2024
8929ac4d17bffff,193.0,6.71,107106.12223491394,99.93,lace,64.48049969889567,64.43426307180472,64.48049969889567,1.0,2024
8929ac4d183ffff,98.0,13.19,157067.0,100.0,lace,26.779079504969957,26.779079504969957,26.779079504969957,1.0,2024
8929ac4d187ffff,185.0,14.74,153843.93627673804,100.0,lace,53.39132312564846,53.39132312564846,53.39132312564846,1.0,2024
8929ac4d18bffff,198.0,14.87,157067.0,100.0,lace,57.41764907182333,57.41764907182333,57.41764907182333,1.0,2024
8929ac4d18fffff,205.0,14.93,,100.0,lace,59.56436175861726,59.56436175861726,59.56436175861726,1.0,2024
8929ac4d193ffff,37.0,7.65,157067.0,100.0,lace,7.88753624845343,7.88753624845343,7.88753624845343,1.0,2024
8929ac4d197ffff,37.0,7.65,157066.9934846776,100.0,lace,7.887171930681135,7.887171930681135,7.887171930681135,1.0,2024
8929ac4d19bffff,37.0,7.65,157067.0,100.0,lace,7.887651333012692,7.887651333012692,7.887651333012692,1.0,2024
8929ac4d1a3ffff,304.0,7.69,95833.608081712,100.0,lace,83.27895763045191,83.27895763045191,83.27895763045191,1.0,2024
8929ac4d1a7ffff,317.0,7.06,95833.0,100.0,lace,86.48004615248473,86.48004615248473,86.48004615248473,1.0,2024
8929ac4d1abffff,175.0,8.91,114233.06004475059,100.0,lace,50.63076162541529,50.63076162541529,50.63076162541529,1.0,2024
8929ac4d1afffff,300.0,6.94,96875.71319097994,100.0,lace,82.18190020631206,82.18190020631206,82.18190020631206,1.0,2024
8929ac4d1b3ffff,302.0,7.78,95833.0,100.0,lace,82.82689207040598,82.82689207040598,82.82689207040598,1.0,2024
8929ac4d1b7ffff,317.0,7.06,95833.0,100.0,lace,86.48280575729842,86.48280575729842,86.48280575729842,1.0,2024
8929ac4d1bbffff,205.0,14.89,95833.0,100.0,lace,59.63326994558395,59.63326994558394,59.63326994558395,1.0,2024
8929ac4d1c3ffff,219.0,13.94,124852.0,99.97,lace,63.600608532180914,63.582525077528516,63.600608532180914,1.0,2024
8929ac4d1c7ffff,205.0,14.93,,100.0,lace,59.567999031538626,59.567999031538626,59.567999031538626,1.0,2024
8929ac4d1cbffff,368.0,8.07,124852.0,99.8,lace,106.60865249468067,106.397579200914,106.60865249468067,1.0,2024
8929ac4d1cfffff,216.0,14.13,124852.0,99.98,lace,62.77555985575356,62.76117018487933,62.77555985575356,1.0,2024
8929ac4d1d3ffff,41.0,8.59,157067.0,100.0,lace,9.24712147276044,9.24712147276044,9.24712147276044,1.0,2024
8929ac4d1d7ffff,119.0,13.76,157067.0,100.0,lace,33.039192947202196,33.0391929472022,33.039192947202196,1.0,2024
8929ac4d1dbffff,240.0,8.03,126801.08337777667,99.81,lace,68.37817687899692,68.2486326585236,68.37817687899692,1.0,2024
8929ac4d203ffff,224.0,11.89,85089.00000000001,99.7,lace,56.84373884809246,56.67320763154819,56.84373884809246,1.0,2024
8929ac4d207ffff,193.0,11.92,85089.0,99.7,lace,49.7818824617344,49.634778780953695,49.7818824617344,1.0,2024
8929ac4d20bffff,189.0,12.6,85801.68773644077,99.7,lace,49.42323802371203,49.274968309640904,49.42323802371203,1.0,2024
8929ac4d20fffff,199.0,13.73,83174.21332298084,99.67,lace,52.17694498134658,52.00535636720959,52.17694498134658,1.0,2024
8929ac4d213ffff,348.0,10.49,62336.120981448825,99.62,lace,100.5975249964356,100.218740664266,100.5975249964356,1.0,2024
8929ac4d217ffff,247.0,11.77,79667.70980547938,99.7,lace,68.8035418809692,68.59954391240493,68.8035418809692,1.0,2024
8929ac4d21bffff,188.0,12.61,85098.91227901295,99.7,lace,49.636572568623784,49.48622130272558,49.636572568623784,1.0,2024
8929ac4d223ffff,1.0,0.0,,99.8,lace-pop,0.0,0.0,0.0,,2024
8929ac4d227ffff,1.0,0.0,,99.8,lace-pop,0.0,0.0,0.0,,2024
8929ac4d22bffff,86.0,27.52,68750.0,99.5,lace,27.62050151806363,27.482399010473316,27.62050151806363,1.0,2024
8929ac4d22fffff,1.0,0.0,,99.8,lace-pop,0.0,0.0,0.0,,2024
8929ac4d233ffff,1.0,0.0,,99.8,lace-pop,0.0,0.0,0.0,,2024
8929ac4d237ffff,1.0,0.0,,99.8,lace-pop,0.0,0.0,0.0,,2024
8929ac4d23bffff,114.0,20.63,75960.257294951,99.58,lace,33.39001822841013,33.24867127927722,33.39001822841013,1.0,2024
8929ac4d243ffff,106.0,16.14,89352.0,99.7,lace,31.948422374155676,31.852577107033213,31.948422374155676,1.0,2024
8929ac4d247ffff,107.0,20.07,82266.96152827915,99.63,lace,33.010968415977196,32.88823345867063,33.010968415977196,1.0,2024
8929ac4d24bffff,107.0,21.21,80215.2141924777,99.61,lace,33.32492576471553,33.1942987064064,33.32492576471553,1.0,2024
8929ac4d24fffff,109.0,26.91,69910.14893045949,99.51,lace,34.9165251473886,34.745636190244426,34.9165251473886,1.0,2024
8929ac4d253ffff,106.0,16.14,89352.0,99.7,lace,31.94944264279225,31.853594314863873,31.94944264279225,1.0,2024
8929ac4d257ffff,106.0,16.14,89352.00000000001,99.7,lace,31.947958319970972,31.85211444501106,31.947958319970972,1.0,2024
8929ac4d25bffff,106.0,16.14,89352.0,99.7,lace,31.949906723481735,31.85405700331129,31.949906723481735,1.0,2024
8929ac4d263ffff,109.0,27.56,68750.0,99.5,lace,35.09543523835792,34.91995806216613,35.09543523835792,1.0,2024
8929ac4d267ffff,109.0,27.56,68750.0,99.5,lace,35.09380423754109,34.91833521635339,35.09380423754109,1.0,2024
8929ac4d26bffff,129.0,23.86,68691.71828195846,99.5,lace,43.98034639796242,43.760444665972614,43.98034639796242,1.0,2024
8929ac4d26fffff,263.0,16.08,69819.77748011216,99.5,lace,93.64253718539491,93.17432449946794,93.64253718539491,1.0,2024
8929ac4d273ffff,122.0,23.91,72768.28440913459,99.54,lace,37.560064387126886,37.38742024419549,37.560064387126886,1.0,2024
8929ac4d277ffff,109.0,27.56,68750.0,99.5,lace,35.094925684087116,34.919451055666684,35.094925684087116,1.0,2024
8929ac4d27bffff,109.0,27.56,68750.0,99.5,lace,35.09706618820114,34.92158085726013,35.09706618820114,1.0,2024
8929ac4d283ffff,418.0,10.44,56465.090790188224,99.61,lace,125.98952362778886,125.50005488397589,125.98952362778886,1.0,2024
8929ac4d287ffff,248.0,17.84,95115.19597189286,99.8,lace,74.1640813799071,74.01406867972665,74.1640813799071,1.0,2024
8929ac4d28bffff,437.0,9.98,54059.0,99.6,lace,131.67289267765557,131.14620110694494,131.67289267765557,1.0,2024
8929ac4d28fffff,414.0,10.54,56982.196835734845,99.61,lace,124.82727473427029,124.34540834131363,124.82727473427029,1.0,2024
8929ac4d293ffff,508.0,4.64,75000.18809214002,99.79,lace,138.03425062569562,137.74992368432873,138.03425062569562,1.0,2024
8929ac4d297ffff,362.0,8.2,100493.86823574892,99.86,lace,103.11952675739826,102.97101175692933,103.11952675739826,1.0,2024
8929ac4d29bffff,461.0,8.04,61000.79039807012,99.67,lace,133.8083340119447,133.3604703432612,133.8083340119447,1.0,2024
8929ac4d2a3ffff,299.0,11.24,93061.36312046736,99.8,lace,99.90027544448851,99.70047489359953,99.90027544448851,1.0,2024
8929ac4d2a7ffff,407.0,5.38,91667.0,99.8,lace,117.01667724222692,116.78264388774245,117.01667724222692,1.0,2024
8929ac4d2abffff,220.0,12.93,85089.0,99.8,lace,81.77623899707855,81.61266584441016,81.77623899707855,1.0,2024
8929ac4d2afffff,79.0,12.87,,99.8,lace,29.20240903238964,29.14400421432486,29.20240903238964,1.0,2024
8929ac4d2b3ffff,247.0,17.92,95583.0,99.8,lace,73.79044834838653,73.64286745168977,73.79044834838653,1.0,2024
8929ac4d2b7ffff,331.0,8.17,85793.96629363831,99.8,lace,98.67535153176618,98.47800082870263,98.67535153176618,1.0,2024
8929ac4d2bbffff,252.0,16.35,95327.59431976089,99.8,lace,80.89664871885292,80.73420965891981,80.89664871885292,1.0,2024
8929ac4d2c3ffff,273.0,8.08,78305.0,99.6,lace,97.93693199176813,97.54518426380106,97.93693199176813,1.0,2024
8929ac4d2c7ffff,380.0,9.5,60116.136821887994,99.6,lace,119.95363047771494,119.47381608460364,119.95363047771494,1.0,2024
8929ac4d2cbffff,263.0,8.28,78576.6773017993,99.6,lace,93.90252315872121,93.52886716266252,93.90252315872121,1.0,2024
8929ac4d2cfffff,182.0,10.63,81794.12630641751,99.63,lace,62.040422435933806,61.80963984646345,62.040422435933806,1.0,2024
8929ac4d2d3ffff,249.0,7.89,84173.4809578788,99.63,lace,86.2004823449091,85.88208014012423,86.2004823449091,1.0,2024
8929ac4d2d7ffff,376.0,9.47,60615.45433251725,99.6,lace,119.12607262211228,118.64956833162381,119.12607262211228,1.0,2024
8929ac4d2dbffff,273.0,8.08,78305.0,99.6,lace,97.9414814631031,97.54971553725069,97.9414814631031,1.0,2024
8929ac4d303ffff,9.0,14.82,62417.0,99.7,lace,3.7117576390876086,3.700622366170346,3.7117576390876086,1.0,2024
8929ac4d307ffff,158.0,14.82,62417.00000000001,99.7,lace,63.49023970558533,63.29976898646858,63.49023970558533,1.0,2024
8929ac4d30bffff,244.0,9.6,62417.0,99.27,lace,99.72888282998647,98.99644836336847,99.72888282998647,1.0,2024
8929ac4d30fffff,323.0,14.82,62417.00000000001,99.7,lace,129.5129014686637,129.1243627642577,129.5129014686637,1.0,2024
8929ac4d313ffff,0.0,0.0,,99.8,lace-pop,0.0,0.0,0.0,,2024
8929ac4d317ffff,0.0,0.0,,65.01,income-model,0.0,0.0,0.0,,2024
8929ac4d31bffff,0.0,0.0,,99.8,lace-pop,0.0,0.0,0.0,,2024
8929ac4d323ffff,298.0,15.14,82662.14843093223,99.7,lace,111.27100955512827,110.93719652646288,111.27100955512827,1.0,2024
8929ac4d327ffff,294.0,14.97,88265.1884526968,99.71,lace,105.89604603741668,105.58592420089545,105.89604603741668,1.0,2024
8929ac4d32bffff,315.0,14.92,68777.09351529478,99.7,lace,123.4583112448602,123.08793631112563,123.4583112448602,1.0,2024
8929ac4d32fffff,309.0,14.52,95382.68263575081,99.77,lace,108.9920180249654,108.7420609655315,108.9920180249654,1.0,2024
8929ac4d333ffff,293.0,15.05,77032.35186529605,99.7,lace,111.44736351138589,111.11302142085174,111.44736351138589,1.0,2024
8929ac4d337ffff,292.0,15.24,88542.0,99.7,lace,106.48659092717854,106.16713115439701,106.48659092717854,1.0,2024
8929ac4d33bffff,323.0,14.82,62416.99999999999,99.7,lace,129.50687980048377,129.1183591610823,129.50687980048377,1.0,2024
8929ac4d343ffff,237.0,8.04,95799.77174908946,99.4,lace,62.95881976299295,62.581066844415005,62.95881976299295,1.0,2024
8929ac4d347ffff,399.0,8.73,94615.64772544162,99.21,lace,158.53554135081242,157.2849233429149,158.53554135081242,1.0,2024
8929ac4d34bffff,423.0,12.53,76171.68551105139,99.4,lace,117.9570813179083,117.24933883000085,117.9570813179083,1.0,2024
8929ac4d34fffff,302.0,9.1,87552.72193403852,99.33,lace,80.54981308892772,80.0110572929269,80.54981308892772,1.0,2024
8929ac4d353ffff,1.0,0.0,,99.8,lace-pop,0.0,0.0,0.0,,2024
8929ac4d357ffff,43.0,8.48,97167.0,99.23,lace,16.053731808278165,15.9300361049815,16.053731808278165,1.0,2024
8929ac4d35bffff,110.0,15.38,63490.0,99.4,lace,31.595512880065314,31.405939802784925,31.595512880065314,1.0,2024
8929ac4d363ffff,369.0,10.25,65046.68974450173,99.29,lace,144.1539261861186,143.1313077486899,144.1539261861186,1.0,2024
8929ac4d367ffff,323.0,14.82,62417.00000000001,99.7,lace,129.50461887758735,129.1161050209546,129.50461887758735,1.0,2024
8929ac4d36bffff,280.0,11.72,67627.54474402536,99.2,lace,74.36797422174965,73.77303042797566,74.36797422174965,1.0,2024
8929ac4d36fffff,374.0,10.7,53642.34210137787,99.32,lace,123.88750359171004,123.04176249912297,123.88750359171004,1.0,2024
8929ac4d373ffff,394.0,9.68,62417.0,99.27,lace,161.5477401069508,160.37138841349315,161.5477401069508,1.0,2024
8929ac4d377ffff,323.0,14.82,62417.0,99.7,lace,129.50876071979172,129.12023443763235,129.50876071979172,1.0,2024
8929ac4d37bffff,310.0,10.78,68625.0,99.2,lace,97.76870552755366,96.98655588333324,97.76870552755366,1.0,2024
8929ac4d383ffff,337.0,13.95,76319.72825637103,99.9,lace,108.60407467053003,108.4954705958595,108.60407467053003,1.0,2024
8929ac4d387ffff,271.0,13.33,73577.64111285769,99.9,lace,87.38482215639485,87.29743733423847,87.38482215639485,1.0,2024
8929ac4d38bffff,12.0,13.21,73088.0,99.9,lace,3.881546639594272,3.877665092954678,3.881546639594272,1.0,2024
8929ac4d38fffff,47.0,13.21,73088.0,99.9,lace,15.015235528012198,15.000220292484187,15.015235528012198,1.0,2024
8929ac4d393ffff,357.0,13.61,86520.22058173652,99.88,lace,111.74889254142025,111.61496903747516,111.74889254142025,1.0,2024
8929ac4d397ffff,358.0,16.22,86255.8287069131,99.9,lace,114.49592820813936,114.38137631839916,114.49592820813936,1.0,2024
8929ac4d39bffff,179.0,13.0,73507.2398946765,99.9,lace,57.657604936198894,57.59885339480111,57.657604936198894,1.0,2024
8929ac4d3a3ffff,0.0,0.0,,65.01,income-model,0.0,0.0,0.0,,2024
8929ac4d3a7ffff,19.0,7.52,103750.0,99.9,lace,6.726910578162782,6.72018366758462,6.726910578162782,1.0,2024
8929ac4d3abffff,0.0,0.0,,65.01,income-model,0.0,0.0,0.0,,2024
8929ac4d3afffff,107.0,15.24,88542.0,99.7,lace,39.22744034480952,39.10975802377509,39.22744034480952,1.0,2024
8929ac4d3b3ffff,95.0,13.21,73088.0,99.9,lace,30.64512908021063,30.61448395113042,30.64512908021063,1.0,2024
8929ac4d3b7ffff,15.0,7.52,103750.0,99.9,lace,5.357275650401787,5.351918374751385,5.357275650401787,1.0,2024
8929ac4d3bbffff,0.0,0.0,,65.01,income-model,0.0,0.0,0.0,,2024
8929ac4d3c3ffff,1.0,0.0,,99.8,lace-pop,0.0,0.0,0.0,,2024
8929ac4d3c7ffff,0.0,0.0,,99.8,lace-pop,0.0,0.0,0.0,,2024
8929ac4d3cbffff,1.0,0.0,,99.8,lace-pop,0.0,0.0,0.0,,2024
8929ac4d3cfffff,1.0,0.0,,99.8,lace-pop,0.0,0.0,0.0,,2024
8929ac4d3d3ffff,218.0,3.79,91667.0,99.8,lace,58.71047287354034,58.593051927793255,58.71047287354034,1.0,2024
8929ac4d3d7ffff,1.0,0.85,91667.0,99.8,lace,0.03672346078194836,0.03665001386038446,0.03672346078194836,1.0,2024
8929ac4d3dbffff,1.0,0.0,,99.8,lace-pop,0.0,0.0,0.0,,2024
8929ac4d403ffff,89.0,7.3,155316.81767618092,99.93,lace,21.853733640447956,21.83833220298029,21.853733640447956,1.0,2024
8929ac4d407ffff,37.0,7.65,157067.0,100.0,lace,7.890855901457673,7.890855901457673,7.890855901457673,1.0,2024
8929ac4d40bffff,319.0,7.12,154406.0,99.9,lace,84.4643351314018,84.37987079627041,84.4643351314018,1.0,2024
8929ac4d40fffff,75.0,6.73,143441.8304572469,99.94,lace,18.097178407692986,18.085698302097157,18.097178407692986,1.0,2024
8929ac4d413ffff,69.0,7.21,154986.7306056408,99.93,lace,17.021242393768294,17.008833666747005,17.021242393768294,1.0,2024
8929ac4d417ffff,37.0,7.65,157067.0,100.0,lace,7.8911070285417235,7.8911070285417235,7.8911070285417235,1.0,2024
8929ac4d41bffff,319.0,7.12,154406.0,99.9,lace,84.4670233751372,84.38255635176206,84.4670233751372,1.0,2024
8929ac4d423ffff,37.0,7.65,157067.0,100.0,lace,7.890238225744697,7.890238225744697,7.890238225744697,1.0,2024
8929ac4d427ffff,37.0,7.65,157067.0,100.0,lace,7.88987173231233,7.88987173231233,7.88987173231233,1.0,2024
8929ac4d42bffff,37.0,7.65,157067.0,100.0,lace,7.890353446960772,7.890353446960771,7.890353446960772,1.0,2024
8929ac4d42fffff,37.0,7.65,157067.0,100.0,lace,7.889986946887484,7.889986946887484,7.889986946887484,1.0,2024
8929ac4d433ffff,37.0,7.65,157067.0,100.0,lace,7.890489437840097,7.890489437840097,7.890489437840097,1.0,2024
8929ac4d437ffff,37.0,7.65,157067.0,100.0,lace,7.8901229626562355,7.890122962656235,7.8901229626562355,1.0,2024
8929ac4d43bffff,37.0,7.65,157067.0,100.0,lace,7.890604707508482,7.890604707508482,7.890604707508482,1.0,2024
8929ac4d443ffff,313.0,7.0,152004.4648910484,99.9,lace,82.68661986046567,82.60393324060522,82.68661986046567,1.0,2024
8929ac4d447ffff,256.0,5.54,123040.05507762046,99.9,lace,65.45557944022698,65.39012386078676,65.45557944022698,1.0,2024
8929ac4d44bffff,240.0,5.02,112719.9723419705,99.9,lace,60.75570390233319,60.69494819843086,60.75570390233319,1.0,2024
8929ac4d44fffff,198.0,3.2,76422.0,99.9,lace,47.98244687355869,47.93446442668514,47.98244687355869,1.0,2024
8929ac4d453ffff,319.0,7.12,154406.0,99.9,lace,84.47217948175808,84.38770730227633,84.47217948175808,1.0,2024
8929ac4d457ffff,319.0,7.12,154406.0,99.9,lace,84.468257368755,84.38378911138625,84.468257368755,1.0,2024
8929ac4d45bffff,319.0,7.12,154406.0,99.9,lace,84.47341309851289,84.38893968541439,84.47341309851289,1.0,2024
8929ac4d463ffff,197.0,3.2,76452.68690890331,99.9,lace,47.89683739794784,47.84895653485709,47.89683739794784,1.0,2024
8929ac4d467ffff,56.0,5.88,123451.73982055223,99.95,lace,12.853312451359852,12.84737921805604,12.853312451359852,1.0,2024
8929ac4d46bffff,184.0,4.55,83125.1859799423,99.9,lace,49.21605505300008,49.16683899794709,49.21605505300008,1.0,2024
8929ac4d46fffff,157.0,7.9,99839.18690069571,99.9,lace,51.452205064634846,51.40079207125645,51.452205064634846,1.0,2024
8929ac4d473ffff,200.0,3.35,79507.46274103959,99.9,lace,48.86876212739789,48.819896352710735,48.86876212739789,1.0,2024
8929ac4d477ffff,60.0,5.57,119349.06524509798,99.95,lace,13.56479086825555,13.557999901949392,13.56479086825555,1.0,2024
8929ac4d47bffff,198.0,3.2,76422.0,99.9,lace,47.980218645027115,47.93223842638209,47.980218645027115,1.0,2024
8929ac4d483ffff,8.0,5.94,150962.0,100.0,lace,1.564923022905934,1.564923022905934,1.564923022905934,1.0,2024
8929ac4d487ffff,3.0,5.94,150962.0,100.0,lace,0.48713928330052847,0.48713928330052847,0.48713928330052847,1.0,2024
8929ac4d48bffff,9.0,5.94,150962.0,100.0,lace,1.7661284589871962,1.7661284589871962,1.7661284589871962,1.0,2024
8929ac4d48fffff,3.0,7.21,155517.9808861188,100.0,lace,0.5808369711001141,0.5808369711001141,0.5808369711001141,1.0,2024
8929ac4d493ffff,9.0,5.94,150962.0,100.0,lace,1.7661587843767865,1.7661587843767865,1.7661587843767865,1.0,2024
8929ac4d497ffff,7.0,5.94,150962.0,100.0,lace,1.4071194824266124,1.4071194824266124,1.4071194824266124,1.0,2024
8929ac4d49bffff,9.0,5.94,150962.0,100.0,lace,1.7218222126681204,1.7218222126681204,1.7218222126681204,1.0,2024
8929ac4d4a3ffff,37.0,7.65,157067.0,100.0,lace,7.782315996950887,7.782315996950887,7.782315996950887,1.0,2024
8929ac4d4a7ffff,37.0,7.65,157067.0,100.0,lace,7.890258773009108,7.890258773009108,7.890258773009108,1.0,2024
8929ac4d4abffff,37.0,7.65,157067.0,100.0,lace,7.890740583217528,7.890740583217528,7.890740583217528,1.0,2024
8929ac4d4afffff,37.0,7.65,157067.0,100.0,lace,7.890374126344451,7.890374126344451,7.890374126344451,1.0,2024
8929ac4d4b7ffff,17.0,7.45,156356.337377595,100.0,lace,3.632285357237126,3.632285357237126,3.632285357237126,1.0,2024
8929ac4d4bbffff,20.0,7.65,157067.0,100.0,lace,4.2421450645985574,4.2421450645985574,4.2421450645985574,1.0,2024
8929ac4d4c3ffff,9.0,5.94,150962.0,100.0,lace,1.766236281254371,1.766236281254371,1.766236281254371,1.0,2024
8929ac4d4c7ffff,53.0,6.94,153882.39631145072,99.91,lace,13.30318879952993,13.291405388872613,13.30318879952993,1.0,2024
8929ac4d4cbffff,83.0,7.02,154112.67237020898,99.91,lace,21.444267213756987,21.424168980120808,21.444267213756987,1.0,2024
8929ac4d4cfffff,248.0,7.11,154376.1614735265,99.9,lace,65.35165132180806,65.28670796759565,65.35165132180806,1.0,2024
8929ac4d4d3ffff,9.0,5.94,150962.0,100.0,lace,1.7662924550434314,1.7662924550434314,1.7662924550434314,1.0,2024
8929ac4d4d7ffff,9.0,5.94,150962.0,100.0,lace,1.7662104583278744,1.7662104583278744,1.7662104583278744,1.0,2024
8929ac4d4dbffff,9.0,5.94,150962.0,100.0,lace,1.7663182794759777,1.7663182794759777,1.7663182794759777,1.0,2024
8929ac4d503ffff,31.0,7.65,157067.0,100.0,lace,6.5902392319141585,6.5902392319141585,6.5902392319141585,1.0,2024
8929ac4d507ffff,31.0,7.65,157067.0,100.0,lace,6.698205281849014,6.698205281849014,6.698205281849014,1.0,2024
8929ac4d50bffff,37.0,7.65,157067.0,100.0,lace,7.888772182486703,7.888772182486703,7.888772182486703,1.0,2024
8929ac4d50fffff,37.0,7.65,157067.0,100.0,lace,7.888405642752452,7.888405642752451,7.888405642752452,1.0,2024
8929ac4d513ffff,30.0,7.65,157067.0,100.0,lace,6.329065926367839,6.329065926367839,6.329065926367839,1.0,2024
8929ac4d51bffff,37.0,7.65,157067.0,100.0,lace,7.889023467573913,7.889023467573912,7.889023467573913,1.0,2024
8929ac4d523ffff,37.0,7.65,157067.0,100.0,lace,7.887672528481411,7.887672528481411,7.887672528481411,1.0,2024
8929ac4d527ffff,58.0,6.13,145253.74953725428,100.0,lace,14.32526987461867,14.32526987461867,14.32526987461867,1.0,2024
8929ac4d52bffff,37.0,7.65,157067.0,100.0,lace,7.887787703224269,7.887787703224269,7.887787703224269,1.0,2024
8929ac4d52fffff,37.0,7.65,157067.0,100.0,lace,7.887421122166031,7.887421122166031,7.887421122166031,1.0,2024
8929ac4d533ffff,37.0,7.65,157067.0,100.0,lace,7.887923868193263,7.887923868193264,7.887923868193263,1.0,2024
8929ac4d537ffff,57.0,6.16,145481.39726250301,100.0,lace,14.134694884290392,14.134694884290392,14.134694884290392,1.0,2024
8929ac4d53bffff,37.0,7.65,157067.0,100.0,lace,7.888039091411971,7.888039091411971,7.888039091411971,1.0,2024
8929ac4d543ffff,37.0,7.65,157067.0,100.0,lace,7.889253911976388,7.889253911976388,7.889253911976388,1.0,2024
8929ac4d547ffff,37.0,7.65,157067.0,100.0,lace,7.888887377219726,7.888887377219726,7.888887377219726,1.0,2024
8929ac4d54bffff,37.0,7.65,157067.0,100.0,lace,7.889369071540757,7.889369071540757,7.889369071540757,1.0,2024
8929ac4d54fffff,37.0,7.65,157067.0,100.0,lace,7.889002530059609,7.88900253005961,7.889002530059609,1.0,2024
8929ac4d553ffff,37.0,7.65,157067.0,100.0,lace,7.889505227282894,7.889505227282894,7.889505227282894,1.0,2024
8929ac4d557ffff,37.0,7.65,157067.0,100.0,lace,7.8891387106940964,7.8891387106940964,7.8891387106940964,1.0,2024
8929ac4d55bffff,37.0,7.65,157067.0,100.0,lace,7.889620435258483,7.889620435258483,7.889620435258483,1.0,2024
8929ac4d563ffff,37.0,7.65,157067.0,100.0,lace,7.888269412372433,7.888269412372433,7.888269412372433,1.0,2024
8929ac4d567ffff,37.0,7.65,157067.0,100.0,lace,7.887902836240869,7.887902836240869,7.887902836240869,1.0,2024
8929ac4d56bffff,37.0,7.65,157067.0,100.0,lace,7.888384510151144,7.888384510151144,7.888384510151144,1.0,2024
8929ac4d56fffff,37.0,7.65,157067.0,100.0,lace,7.888017927370387,7.888017927370387,7.888017927370387,1.0,2024
8929ac4d573ffff,37.0,7.65,157067.0,100.0,lace,7.888520830772473,7.888520830772473,7.888520830772473,1.0,2024
8929ac4d577ffff,37.0,7.65,157067.0,100.0,lace,7.888154272803677,7.888154272803677,7.888154272803677,1.0,2024
8929ac4d57bffff,37.0,7.65,157067.0,100.0,lace,7.888635977019227,7.888635977019227,7.888635977019227,1.0,2024
8929ac4d583ffff,0.0,7.65,157067.0,100.0,lace,0.0008380991301205606,0.0008380991301205606,0.0008380991301205606,1.0,2024
8929ac4d58bffff,31.0,7.65,157067.0,100.0,lace,6.553689180398637,6.553689180398638,6.553689180398637,1.0,2024
8929ac4d593ffff,0.0,7.65,157067.0,100.0,lace,0.011130855356442435,0.011130855356442435,0.011130855356442435,1.0,2024
8929ac4d59bffff,32.0,7.65,157067.0,100.0,lace,6.713517073131348,6.713517073131348,6.713517073131348,1.0,2024
8929ac4d5a3ffff,46.0,5.9,143495.10908911203,100.0,lace,11.628635496603458,11.628635496603458,11.628635496603458,1.0,2024
8929ac4d5a7ffff,63.0,5.9,143494.0,100.0,lace,15.953377911755627,15.953377911755627,15.953377911755627,1.0,2024
8929ac4d5abffff,8.0,7.65,157067.0,100.0,lace,1.7508219994493213,1.750821999449321,1.7508219994493213,1.0,2024
8929ac4d5afffff,55.0,6.14,145344.99030651778,100.0,lace,13.567389167999492,13.567389167999492,13.567389167999492,1.0,2024
8929ac4d5b3ffff,44.0,5.9,143496.62156086176,100.0,lace,11.286247032892263,11.286247032892264,11.286247032892263,1.0,2024
8929ac4d5b7ffff,63.0,5.9,143494.0,100.0,lace,15.953885931991028,15.953885931991028,15.953885931991028,1.0,2024
8929ac4d5c3ffff,37.0,7.65,157067.0,100.0,lace,7.889641177674963,7.889641177674963,7.889641177674963,1.0,2024
8929ac4d5c7ffff,37.0,7.65,157067.0,100.0,lace,7.88927468597941,7.8892746859794105,7.88927468597941,1.0,2024
8929ac4d5cbffff,37.0,7.65,157067.0,100.0,lace,7.88975647591339,7.88975647591339,7.88975647591339,1.0,2024
8929ac4d5cfffff,37.0,7.65,157067.0,100.0,lace,7.889389977552993,7.889389977552993,7.889389977552993,1.0,2024
8929ac4d5d3ffff,37.0,7.65,157067.0,100.0,lace,7.889892311159232,7.889892311159232,7.889892311159232,1.0,2024
8929ac4d5d7ffff,37.0,7.65,157067.0,100.0,lace,7.889525837619698,7.889525837619698,7.889525837619698,1.0,2024
8929ac4d5dbffff,37.0,7.65,157067.0,100.0,lace,7.8900076578263105,7.890007657826311,7.8900076578263105,1.0,2024
8929ac4d603ffff,329.0,4.34,113603.00000000001,99.8,lace,64.14544996535338,64.01715906542266,64.14544996535338,1.0,2024
8929ac4d607ffff,332.0,4.4,113879.9522257042,99.81,lace,65.20625929088516,65.07934240207172,65.20625929088516,1.0,2024
8929ac4d60bffff,378.0,8.41,111843.44798174931,99.86,lace,85.93981273244351,85.81984947603988,85.93981273244351,1.0,2024
8929ac4d60fffff,329.0,4.34,113603.0,99.8,lace,64.14340568294904,64.01511887158314,64.14340568294904,1.0,2024
8929ac4d613ffff,186.0,10.27,72707.85592628547,99.99,lace,70.24074732435201,70.23472568309609,70.24074732435201,1.0,2024
8929ac4d617ffff,258.0,6.43,98951.58083500437,99.9,lace,67.21852765110202,67.15152271772985,67.21852765110202,1.0,2024
8929ac4d61bffff,329.0,8.91,112009.30904002226,99.91,lace,82.43991424537595,82.36334489283102,82.43991424537595,1.0,2024
8929ac4d623ffff,487.0,2.8,106173.05760796725,99.9,lace,130.29511802747447,130.16085950813113,130.29511802747447,1.0,2024
8929ac4d627ffff,506.0,2.13,104641.0,99.9,lace,139.73291642776562,139.59318351133786,139.73291642776562,1.0,2024
8929ac4d62bffff,514.0,4.33,75747.08401046535,99.81,lace,138.51746727181683,138.24944609870448,138.51746727181683,1.0,2024
8929ac4d62fffff,507.0,2.17,104028.00185403181,99.9,lace,139.70935800932597,139.5669407077701,139.70935800932597,1.0,2024
8929ac4d633ffff,403.0,5.71,119389.58721564978,99.9,lace,91.08681762998334,90.99319345867055,91.08681762998334,1.0,2024
8929ac4d637ffff,424.0,4.99,116447.80599705444,99.9,lace,100.53772612415105,100.4371883980269,100.53772612415105,1.0,2024
8929ac4d63bffff,383.0,4.46,99579.60865404039,99.81,lace,85.51248855752294,85.34618338621289,85.51248855752294,1.0,2024
8929ac4d643ffff,430.0,11.86,110406.00215375713,99.9,lace,109.91509712326203,109.80613009390264,109.91509712326203,1.0,2024
8929ac4d647ffff,432.0,11.92,110329.0,99.9,lace,110.55679755626508,110.44624075870883,110.55679755626508,1.0,2024
8929ac4d64bffff,283.0,7.0,117698.22462271719,99.99,lace,69.8526923731666,69.842509729272,69.8526923731666,1.0,2024
8929ac4d64fffff,293.0,10.45,113664.85502959657,99.9,lace,75.69322334128763,75.61806234086723,75.69322334128763,1.0,2024
8929ac4d653ffff,396.0,11.28,116100.7480378448,99.92,lace,101.3103417892768,101.22938481430339,101.3103417892768,1.0,2024
8929ac4d657ffff,432.0,11.92,110329.0,99.9,lace,110.56032126473279,110.44976094346806,110.56032126473279,1.0,2024
8929ac4d65bffff,280.0,6.85,117916.00067802668,99.99,lace,69.07599960469868,69.06773722049671,69.07599960469868,1.0,2024
8929ac4d663ffff,364.0,4.88,82665.54222174079,99.82,lace,97.82688470618506,97.64889554805833,97.82688470618506,1.0,2024
8929ac4d667ffff,514.0,4.48,73786.0,99.8,lace,138.4350887851122,138.15821860754198,138.4350887851122,1.0,2024
8929ac4d66bffff,158.0,6.66,122383.0,99.9,lace,41.96264359086092,41.920680947270064,41.96264359086092,1.0,2024
8929ac4d66fffff,373.0,5.58,78631.24183659986,99.78,lace,103.01431946209432,102.78442093776219,103.01431946209432,1.0,2024
8929ac4d673ffff,366.0,6.97,101580.2729784305,99.84,lace,88.21875990269021,88.07951881157219,88.21875990269021,1.0,2024
8929ac4d677ffff,494.0,4.47,76663.73155490427,99.8,lace,130.3814676069406,130.1207046717267,130.3814676069406,1.0,2024
8929ac4d67bffff,166.0,7.07,121450.56412843397,99.9,lace,44.00557366054803,43.96156808688748,44.00557366054803,1.0,2024
8929ac4d683ffff,179.0,10.72,69085.01757776212,100.0,lace,70.28913715156246,70.28859906270253,70.28913715156246,1.0,2024
8929ac4d687ffff,196.0,3.77,75860.86533560515,99.91,lace,49.854414174615684,49.810405431208515,49.854414174615684,1.0,2024
8929ac4d68bffff,179.0,10.81,68993.0,100.0,lace,70.54307090257416,70.54307090257416,70.54307090257416,1.0,2024
8929ac4d68fffff,179.0,10.66,69143.31508477067,100.0,lace,70.12636559738178,70.12548596965736,70.12636559738178,1.0,2024
8929ac4d693ffff,179.0,10.77,69883.13826302049,100.0,lace,70.62587020795922,70.62537560229515,70.62587020795922,1.0,2024
8929ac4d697ffff,289.0,6.99,141993.60389550953,99.91,lace,78.21361357422808,78.14250305249277,78.21361357422808,1.0,2024
8929ac4d69bffff,179.0,10.81,68993.0,100.0,lace,70.54531714162401,70.54531714162401,70.54531714162401,1.0,2024
8929ac4d6a3ffff,279.0,4.65,100936.97505919651,99.9,lace,65.2317610583982,65.16652929733982,65.2317610583982,1.0,2024
8929ac4d6a7ffff,280.0,6.39,114027.83425377024,99.9,lace,71.62278006971326,71.55115728964356,71.62278006971326,1.0,2024
8929ac4d6abffff,397.0,5.66,118797.61040956358,99.9,lace,89.64979891111676,89.55679376221434,89.64979891111676,1.0,2024
8929ac4d6afffff,406.0,5.75,119583.0,99.9,lace,92.19541736417865,92.10322194681449,92.19541736417865,1.0,2024
8929ac4d6b3ffff,198.0,3.2,76422.0,99.9,lace,47.98314705592211,47.93516390886619,47.98314705592211,1.0,2024
8929ac4d6b7ffff,198.0,3.2,76422.0,99.9,lace,47.98091878705233,47.93293786826528,47.98091878705233,1.0,2024
8929ac4d6bbffff,196.0,3.66,75970.68808967614,99.91,lace,49.48937721289248,49.44459658409133,49.48937721289248,1.0,2024
8929ac4d6c3ffff,299.0,8.94,140766.0,100.0,lace,76.95186043623565,76.95186043623565,76.95186043623565,1.0,2024
8929ac4d6c7ffff,241.0,9.6,115211.14828165066,100.0,lace,73.86844954855245,73.86844954855245,73.86844954855245,1.0,2024
8929ac4d6cbffff,299.0,8.84,140261.959537599,99.99,lace,76.76035071245643,76.75112452880576,76.76035071245643,1.0,2024
8929ac4d6cfffff,316.0,9.45,135544.15318405454,99.98,lace,81.1639717623004,81.1501093181661,81.1639717623004,1.0,2024
8929ac4d6d3ffff,299.0,8.94,140766.0,100.0,lace,76.95431088931618,76.95431088931618,76.95431088931618,1.0,2024
8929ac4d6d7ffff,244.0,9.56,116841.31174472508,100.0,lace,74.03116204372958,74.03116204372958,74.03116204372958,1.0,2024
8929ac4d6dbffff,299.0,8.8,140080.35590410916,99.98,lace,76.69342651314088,76.68087757094747,76.69342651314088,1.0,2024
8929ac4d803ffff,100.0,40.39,172103.73426911328,99.9,lace,39.527150603588105,39.488884911757715,39.527150603588105,1.0,2024
8929ac4d807ffff,145.0,13.12,176242.5235410101,100.0,lace,46.07186607114211,46.07037628439063,46.07186607114211,1.0,2024
8929ac4d80bffff,116.0,31.57,189589.13251193907,99.9,lace,43.44559768037904,43.40215208269866,43.44559768037904,1.0,2024
8929ac4d80fffff,152.0,19.03,201127.3022986166,99.91,lace,51.89137800777617,51.844728261195854,51.89137800777617,1.0,2024
8929ac4d813ffff,100.0,40.7,171318.9683275188,99.9,lace,39.623607127043556,39.58484748876405,39.623607127043556,1.0,2024
8929ac4d817ffff,98.0,16.94,231062.41894742163,99.99,lace,32.532391588312414,32.53032916530423,32.532391588312414,1.0,2024
8929ac4d81bffff,100.0,41.38,169615.0,99.9,lace,39.83106931280998,39.791238243497176,39.83106931280998,1.0,2024
8929ac4d823ffff,321.0,8.9,113454.21686990684,100.0,lace,96.75417764578413,96.75417764578413,96.75417764578413,1.0,2024
8929ac4d827ffff,120.0,11.02,129065.38052280292,100.0,lace,39.216203473853156,39.216203473853156,39.216203473853156,1.0,2024
8929ac4d82bffff,298.0,9.02,114274.18184429426,100.0,lace,90.39196610047385,90.3914233763703,90.39196610047385,1.0,2024
8929ac4d82fffff,128.0,10.82,127600.65873532929,100.0,lace,41.36460946397473,41.36460946397473,41.36460946397473,1.0,2024
8929ac4d833ffff,262.0,9.55,125312.51942445632,100.0,lace,79.78543790548821,79.78543790548821,79.78543790548821,1.0,2024
8929ac4d837ffff,319.0,8.91,113497.18008545061,100.0,lace,96.33193415634344,96.33193415634344,96.33193415634344,1.0,2024
8929ac4d83bffff,316.0,9.0,114695.89512615291,100.0,lace,95.64110929580312,95.63982914971523,95.64110929580312,1.0,2024
8929ac4d843ffff,120.0,27.95,188565.68776962298,99.9,lace,44.34717300547877,44.302200804807484,44.34717300547877,1.0,2024
8929ac4d847ffff,147.0,18.75,215694.56850809933,99.9,lace,50.37482820204811,50.32445337384606,50.37482820204811,1.0,2024
8929ac4d84bffff,40.0,14.9,94115.46100616411,99.81,lace,15.215795980718502,15.18613996385338,15.215795980718502,1.0,2024
8929ac4d84fffff,141.0,17.49,215101.17908731007,99.9,lace,48.044587656164516,47.99527413200783,48.044587656164516,1.0,2024
8929ac4d853ffff,102.0,40.18,166548.28022357184,99.9,lace,40.64861366787798,40.60796505421011,40.64861366787798,1.0,2024
8929ac4d857ffff,100.0,41.38,169615.0,99.9,lace,39.83164795706314,39.79181630910608,39.83164795706314,1.0,2024
8929ac4d85bffff,162.0,21.36,118606.1244621654,99.9,lace,61.19219078721346,61.13097091148374,61.19219078721346,1.0,2024
8929ac4d863ffff,99.0,16.91,161530.86160855184,99.9,lace,42.91571490880469,42.872799193895894,42.91571490880469,1.0,2024
8929ac4d867ffff,101.0,15.78,154107.27918391535,99.91,lace,41.85282031656688,41.81667393454472,41.85282031656688,1.0,2024
8929ac4d86bffff,99.0,16.9,160729.0,99.9,lace,42.839037031795876,42.79619799476408,42.839037031795876,1.0,2024
8929ac4d86fffff,72.0,16.38,143536.73524582223,99.88,lace,30.169403412607846,30.132651561208778,30.169403412607846,1.0,2024
8929ac4d873ffff,147.0,17.53,215902.05052361957,99.9,lace,50.72555249162558,50.67482693913396,50.72555249162558,1.0,2024
8929ac4d877ffff,127.0,15.57,166816.24275725306,99.91,lace,48.67785046184373,48.636352756837454,48.67785046184373,1.0,2024
8929ac4d87bffff,144.0,17.51,213496.77654004554,99.9,lace,50.2248488612331,50.174624012371865,50.2248488612331,1.0,2024
8929ac4d883ffff,305.0,8.6,243409.8851180856,100.0,lace,73.91317286431952,73.90966845202836,73.91317286431952,1.0,2024
8929ac4d887ffff,100.0,15.37,234791.53852768737,100.0,lace,32.49743240199211,32.49743240199211,32.49743240199211,1.0,2024
8929ac4d88bffff,102.0,40.1,172542.43243212844,99.9,lace,40.177666768186434,40.138505445935294,40.177666768186434,1.0,2024
8929ac4d88fffff,98.0,17.38,229954.70188635163,99.99,lace,32.66206458909535,32.65933636776092,32.66206458909535,1.0,2024
8929ac4d893ffff,317.0,9.13,211053.4406879346,100.0,lace,86.86804097572424,86.86415592600966,86.86804097572424,1.0,2024
8929ac4d897ffff,303.0,7.86,245272.82145766518,100.0,lace,72.99913779005482,72.99913779005482,72.99913779005482,1.0,2024
8929ac4d89bffff,102.0,40.36,171907.0004932287,99.9,lace,40.20294286857001,40.163463750037,40.20294286857001,1.0,2024
8929ac4d8a3ffff,98.0,15.58,234500.0,100.0,lace,32.13197898826936,32.13197898826936,32.13197898826936,1.0,2024
8929ac4d8a7ffff,98.0,15.58,234500.0,100.0,lace,32.13048340661704,32.13048340661704,32.13048340661704,1.0,2024
8929ac4d8abffff,98.0,15.58,234500.0,100.0,lace,32.13244612790875,32.13244612790875,32.13244612790875,1.0,2024
8929ac4d8afffff,122.0,13.65,199652.32269115275,100.0,lace,39.21889274276336,39.218892742763366,39.21889274276336,1.0,2024
8929ac4d8b3ffff,98.0,15.58,234500.0,100.0,lace,32.13300718636792,32.13300718636792,32.13300718636792,1.0,2024
8929ac4d8b7ffff,98.0,15.58,234500.0,100.0,lace,32.13151167836775,32.13151167836775,32.13151167836775,1.0,2024
8929ac4d8bbffff,98.0,15.58,234500.0,100.0,lace,32.13347452321241,32.13347452321241,32.13347452321241,1.0,2024
8929ac4d8c3ffff,100.0,41.38,169615.0,99.9,lace,39.83419753756506,39.7943633400275,39.83419753756506,1.0,2024
8929ac4d8c7ffff,100.0,41.38,169615.0,99.9,lace,39.8323440268649,39.79251168283804,39.8323440268649,1.0,2024
8929ac4d8cbffff,100.0,41.38,169615.0,99.9,lace,39.83477645933164,39.79494168287231,39.83477645933164,1.0,2024
8929ac4d8cfffff,100.0,41.38,169615.00000000003,99.9,lace,39.832922915358395,39.793089992443036,39.832922915358395,1.0,2024
8929ac4d8d3ffff,100.0,41.38,169615.0,99.9,lace,39.83547182403014,39.79563635220611,39.83547182403014,1.0,2024
8929ac4d8d7ffff,100.0,41.38,169615.0,99.9,lace,39.833618404495475,39.79378478609098,39.833618404495475,1.0,2024
8929ac4d8dbffff,100.0,41.38,169615.0,99.9,lace,39.836050990508475,39.79621493951797,39.836050990508475,1.0,2024
8929ac4d903ffff,139.0,12.88,106177.8695081524,100.0,lace,44.23003729583966,44.22937719816853,44.23003729583966,1.0,2024
8929ac4d907ffff,165.0,12.98,106019.0,100.0,lace,52.4057346983264,52.4057346983264,52.4057346983264,1.0,2024
8929ac4d90bffff,165.0,12.98,106019.0,100.0,lace,52.40893647902905,52.40893647902905,52.40893647902905,1.0,2024
8929ac4d90fffff,165.0,12.98,106019.0,100.0,lace,52.406495944432734,52.406495944432734,52.406495944432734,1.0,2024
8929ac4d913ffff,14.0,9.12,179650.8445162762,99.97,lace,4.675254187284741,4.673870933358176,4.675254187284741,1.0,2024
8929ac4d917ffff,45.0,11.57,108290.08830659515,99.98,lace,14.438025364765217,14.434961299400857,14.438025364765217,1.0,2024
8929ac4d91bffff,45.0,11.64,112372.40913390744,99.98,lace,14.207161753642835,14.204539452143791,14.207161753642835,1.0,2024
8929ac4d923ffff,152.0,17.17,111674.99190236954,99.96,lace,50.28630761238709,50.26654065897817,50.28630761238709,1.0,2024
8929ac4d927ffff,136.0,22.23,120256.62366983731,99.91,lace,47.01117919552951,46.968896093422785,47.01117919552951,1.0,2024
8929ac4d92bffff,134.0,24.27,121272.98984267827,99.9,lace,47.37179207862771,47.32478268139552,47.37179207862771,1.0,2024
8929ac4d92fffff,134.0,24.37,121404.0,99.9,lace,47.33455535554193,47.28722080018639,47.33455535554193,1.0,2024
8929ac4d933ffff,165.0,12.98,106019.0,100.0,lace,52.40329413136873,52.40329413136873,52.40329413136873,1.0,2024
8929ac4d937ffff,157.0,12.95,106064.25211156835,100.0,lace,49.77878410272612,49.778572462629356,49.77878410272612,1.0,2024
8929ac4d93bffff,165.0,12.99,106030.50538623484,100.0,lace,52.3993838942945,52.399340241001376,52.3993838942945,1.0,2024
8929ac4d943ffff,120.0,12.6,120201.04156570796,100.0,lace,39.30872892294441,39.30872892294441,39.30872892294441,1.0,2024
8929ac4d947ffff,165.0,12.98,106018.99999999999,100.0,lace,52.40969749088639,52.40969749088638,52.40969749088639,1.0,2024
8929ac4d94bffff,136.0,12.76,114063.84243287583,100.0,lace,43.99017805054349,43.99017257012358,43.99017805054349,1.0,2024
8929ac4d94fffff,152.0,19.52,103291.63895861119,99.98,lace,52.913137815172966,52.90195611050064,52.913137815172966,1.0,2024
8929ac4d953ffff,90.0,12.13,137294.0,100.0,lace,30.672888425851312,30.672888425851312,30.672888425851312,1.0,2024
8929ac4d957ffff,98.0,12.34,127958.08580650653,100.0,lace,32.80463013790853,32.80438537205312,32.80463013790853,1.0,2024
8929ac4d95bffff,90.0,12.13,137294.0,100.0,lace,30.67333382604611,30.67333382604611,30.67333382604611,1.0,2024
8929ac4d963ffff,13.0,26.45,119379.45787899294,99.9,lace,4.8891694595817725,4.884280290122191,4.8891694595817725,1.0,2024
8929ac4d967ffff,20.0,24.37,121404.0,99.9,lace,6.955321490607105,6.948366169116498,6.955321490607105,1.0,2024
8929ac4d96bffff,91.0,60.54,86181.0,99.9,lace,48.60433385516378,48.55572952130862,48.60433385516378,1.0,2024
8929ac4d96fffff,0.0,60.54,86181.0,99.9,lace,0.16393615017354962,0.16377221402337608,0.16393615017354962,1.0,2024
8929ac4d973ffff,158.0,13.4,106588.61841784146,100.0,lace,50.49348305562582,50.49140902465566,50.49348305562582,1.0,2024
8929ac4d977ffff,98.0,15.95,110026.468357625,99.97,lace,32.06388373398806,32.05484737475169,32.06388373398806,1.0,2024
8929ac4d97bffff,124.0,38.78,96893.11171061301,99.93,lace,53.55445557097017,53.51642071102347,53.55445557097017,1.0,2024
8929ac4d983ffff,16.0,10.32,206136.0,100.0,lace,5.091206426934364,5.091206426934364,5.091206426934364,1.0,2024
8929ac4d987ffff,16.0,10.32,206136.0,100.0,lace,5.090969384076568,5.090969384076568,5.090969384076568,1.0,2024
8929ac4d98bffff,16.0,10.32,206136.0,100.0,lace,5.091280468449215,5.091280468449215,5.091280468449215,1.0,2024
8929ac4d98fffff,15.0,10.01,199256.73360975718,99.99,lace,4.976152310143108,4.975770156675943,4.976152310143108,1.0,2024
8929ac4d993ffff,16.0,10.32,206136.0,100.0,lace,5.09136938965553,5.09136938965553,5.09136938965553,1.0,2024
8929ac4d997ffff,16.0,10.32,206136.0,100.0,lace,5.09113235846634,5.09113235846634,5.09113235846634,1.0,2024
8929ac4d99bffff,16.0,10.32,206136.0,100.0,lace,5.091443462407321,5.091443462407321,5.091443462407321,1.0,2024
8929ac4d9a3ffff,36.0,11.05,109162.49156318241,99.97,lace,11.384453155180722,11.38114560429111,11.384453155180722,1.0,2024
8929ac4d9a7ffff,17.0,8.44,113334.43416158551,99.93,lace,5.553866376934232,5.550085052496744,5.553866376934232,1.0,2024
8929ac4d9abffff,129.0,12.83,106255.14612698334,100.0,lace,41.108044817589,41.107132987023554,41.108044817589,1.0,2024
8929ac4d9afffff,157.0,12.95,106061.40480817114,100.0,lace,49.93759797844582,49.937399021463364,49.93759797844582,1.0,2024
8929ac4d9b3ffff,16.0,10.1,201180.0745323,99.99,lace,5.007448021315218,5.00717099911164,5.007448021315218,1.0,2024
8929ac4d9b7ffff,15.0,9.43,186465.01869304312,99.98,lace,4.775103722591947,4.774054659923122,4.775103722591947,1.0,2024
8929ac4d9bbffff,13.0,7.68,147871.01374746396,99.93,lace,4.256899109708592,4.25412534813287,4.256899109708592,1.0,2024
8929ac4d9c3ffff,88.0,12.12,137756.70405101113,100.0,lace,29.719081334125512,29.719081334125512,29.719081334125512,1.0,2024
8929ac4d9c7ffff,19.0,10.67,192740.77970624724,100.0,lace,6.126815459043923,6.126815459043923,6.126815459043923,1.0,2024
8929ac4d9cbffff,101.0,11.67,133845.6440683227,100.0,lace,33.67807989204015,33.67807989204015,33.67807989204015,1.0,2024
8929ac4d9cfffff,86.0,12.11,138078.04763067036,100.0,lace,29.089223970249424,29.089223970249424,29.089223970249424,1.0,2024
8929ac4d9d3ffff,95.0,15.48,232136.60511954894,100.0,lace,31.43179688738623,31.43179688738623,31.43179688738623,1.0,2024
8929ac4d9d7ffff,20.0,11.21,201094.84260754645,100.0,lace,6.491181635877416,6.491181635877416,6.491181635877416,1.0,2024
8929ac4d9dbffff,146.0,11.41,150598.57588240792,100.0,lace,46.285290695909445,46.285290695909445,46.285290695909445,1.0,2024
8929ac4da03ffff,38.0,14.68,88500.0,99.8,lace,14.650543919576926,14.62124283173777,14.650543919576926,1.0,2024
8929ac4da07ffff,38.0,14.68,88500.0,99.8,lace,14.649862042430478,14.620562318345616,14.649862042430478,1.0,2024
8929ac4da0bffff,38.0,14.68,88500.0,99.8,lace,14.650756186948628,14.621454674574732,14.650756186948628,1.0,2024
8929ac4da0fffff,38.0,14.68,88500.0,99.8,lace,14.650074297592429,14.620774148997244,14.650074297592429,1.0,2024
8929ac4da13ffff,38.0,14.68,88500.0,99.8,lace,14.651013418195038,14.62171139135865,14.651013418195038,1.0,2024
8929ac4da17ffff,38.0,14.68,88500.0,99.8,lace,14.650331574601747,14.621030911452543,14.650331574601747,1.0,2024
8929ac4da1bffff,38.0,14.68,88500.0,99.8,lace,14.651225775424097,14.621923323873247,14.651225775424097,1.0,2024
8929ac4da23ffff,38.0,14.68,88500.0,99.8,lace,14.648710455022266,14.619413034112222,14.648710455022266,1.0,2024
8929ac4da27ffff,89.0,31.44,98295.64176268224,99.8,lace,36.168121582362865,36.09578533919814,36.168121582362865,1.0,2024
8929ac4da2bffff,39.0,15.68,89082.25388612902,99.8,lace,15.21284864551275,15.182422948221724,15.21284864551275,1.0,2024
8929ac4da2fffff,111.0,33.93,99749.39457204685,99.8,lace,45.54655898826078,45.45546587028425,45.54655898826078,1.0,2024
8929ac4da33ffff,38.0,14.68,88500.0,99.8,lace,14.649180144028314,14.619881783740256,14.649180144028314,1.0,2024
8929ac4da37ffff,38.0,14.68,88500.0,99.8,lace,14.64849822426954,14.619201227821,14.64849822426954,1.0,2024
8929ac4da3bffff,38.0,14.68,88500.0,99.8,lace,14.649392386873242,14.620093602099494,14.649392386873242,1.0,2024
8929ac4da43ffff,108.0,23.96,169262.06883839527,99.89,lace,36.01907540808935,35.978353583554934,36.01907540808935,1.0,2024
8929ac4da47ffff,38.0,14.68,88500.0,99.8,lace,14.650968376578188,14.621666439825031,14.650968376578188,1.0,2024
8929ac4da4bffff,180.0,16.55,133601.8365984692,99.78,lace,72.33674281367735,72.17986747719314,72.33674281367735,1.0,2024
8929ac4da4fffff,189.0,9.29,83785.12307003528,99.72,lace,89.06977428299315,88.81608152889187,89.06977428299315,1.0,2024
8929ac4da53ffff,107.0,24.2,171781.51108779432,99.89,lace,35.651904022905725,35.611871026418726,35.651904022905725,1.0,2024
8929ac4da57ffff,38.0,14.68,88500.0,99.8,lace,14.651438055058732,14.622135178948612,14.651438055058732,1.0,2024
8929ac4da5bffff,141.0,25.14,179500.0,99.9,lace,46.12139645433904,46.07527505788471,46.12139645433904,1.0,2024
8929ac4da63ffff,41.0,16.91,89800.14665710318,99.8,lace,15.966481426533212,15.934548463680144,15.966481426533212,1.0,2024
8929ac4da67ffff,117.0,32.2,99874.6171241759,99.8,lace,47.70764698875463,47.61223169477712,47.70764698875463,1.0,2024
8929ac4da6bffff,54.0,23.55,93682.9249169493,99.8,lace,21.61491682575824,21.571686992106724,21.61491682575824,1.0,2024
8929ac4da6fffff,200.0,18.19,100912.63445039831,99.8,lace,79.58315220137268,79.42398589696995,79.58315220137268,1.0,2024
8929ac4da73ffff,38.0,14.68,88500.0,99.8,lace,14.650286474975145,14.620985902025195,14.650286474975145,1.0,2024
8929ac4da77ffff,38.0,14.68,88500.0,99.8,lace,14.649604552099388,14.620305342995188,14.649604552099388,1.0,2024
8929ac4da7bffff,38.0,14.68,88500.0,99.8,lace,14.650498574775153,14.621197577625601,14.650498574775153,1.0,2024
8929ac4da83ffff,38.0,14.68,88500.0,99.8,lace,14.651270268375729,14.621967727838978,14.651270268375729,1.0,2024
8929ac4da87ffff,38.0,14.68,88500.0,99.8,lace,14.650588470586413,14.621287293645238,14.650588470586413,1.0,2024
8929ac4da8bffff,38.0,14.68,88500.0,99.8,lace,14.651482793222428,14.622179827635982,14.651482793222428,1.0,2024
8929ac4da8fffff,38.0,14.68,88500.0,99.8,lace,14.650800983278213,14.621499381311656,14.650800983278213,1.0,2024
8929ac4da93ffff,162.0,23.25,131627.79446313262,99.9,lace,56.897606714006244,56.83968725536583,56.897606714006244,1.0,2024
8929ac4da97ffff,93.0,19.68,111357.19637238268,99.88,lace,35.35551217765093,35.31196131157041,35.35551217765093,1.0,2024
8929ac4da9bffff,82.0,21.27,122501.04353589864,99.87,lace,29.050289407924982,29.01130284855553,29.050289407924982,1.0,2024
8929ac4daa3ffff,40.0,14.92,99391.35634877456,99.81,lace,15.475034613685452,15.445240944369269,15.475034613685452,1.0,2024
8929ac4daa7ffff,100.0,16.94,167698.91852678458,99.9,lace,41.617270724428685,41.57456555927048,41.617270724428685,1.0,2024
8929ac4daabffff,38.0,14.68,88500.0,99.8,lace,14.649649709585963,14.620350410166791,14.649649709585963,1.0,2024
8929ac4daafffff,38.0,14.73,90170.77364997321,99.8,lace,14.902181064391792,14.872761491950468,14.902181064391792,1.0,2024
8929ac4dab3ffff,40.0,14.86,96322.68974681165,99.81,lace,15.231909588120187,15.20226097041388,15.231909588120187,1.0,2024
8929ac4dab7ffff,127.0,17.35,202548.31717065218,99.9,lace,46.143679216873466,46.09646595705097,46.143679216873466,1.0,2024
8929ac4dabbffff,38.0,14.68,88500.0,99.8,lace,14.65011915175597,14.620818913452458,14.65011915175597,1.0,2024
8929ac4dac3ffff,262.0,1.42,76128.60277349132,99.8,lace,123.0825625448869,122.83639741979712,123.0825625448869,1.0,2024
8929ac4dac7ffff,38.0,14.68,88500.0,99.8,lace,14.651695240515071,14.622391850034042,14.651695240515071,1.0,2024
8929ac4dacbffff,71.0,23.69,190580.4191271042,99.87,lace,27.16983337870294,27.134245590428037,27.16983337870294,1.0,2024
8929ac4dacfffff,38.0,14.68,88500.0,99.8,lace,14.651907610038958,14.622603794818879,14.651907610038958,1.0,2024
8929ac4dad3ffff,718.0,0.34,81574.39416422955,99.78,lace,324.18869625317274,323.47761630201813,324.18869625317274,1.0,2024
8929ac4dad7ffff,81.0,6.4,80775.90680389668,99.8,lace,35.66289799330002,35.59157219731341,35.66289799330002,1.0,2024
8929ac4dadbffff,236.0,6.83,110806.22881956794,99.82,lace,107.08503355880192,106.89071075365749,107.08503355880192,1.0,2024
8929ac4db03ffff,104.0,5.86,181944.29247704006,99.91,lace,30.68325352393074,30.656452200820716,30.68325352393074,1.0,2024
8929ac4db07ffff,130.0,30.47,120547.67871291575,99.95,lace,50.20453148763018,50.17870827267981,50.20453148763018,1.0,2024
8929ac4db0bffff,193.0,10.61,125733.81336190284,99.98,lace,55.12300550765681,55.11398281662784,55.12300550765681,1.0,2024
8929ac4db0fffff,223.0,12.12,116064.07375841425,100.0,lace,64.09217848635028,64.09217848635028,64.09217848635028,1.0,2024
8929ac4db13ffff,96.0,3.13,195854.99999999997,99.9,lace,27.62715278723882,27.599525634451584,27.62715278723882,1.0,2024
8929ac4db17ffff,98.0,27.06,150142.3960686205,99.9,lace,38.502759645828036,38.464256886182206,38.502759645828036,1.0,2024
8929ac4db1bffff,96.0,3.13,195855.0,99.9,lace,27.627553194732855,27.599925641538125,27.627553194732855,1.0,2024
8929ac4db23ffff,153.0,12.53,141042.0,100.0,lace,46.04645838280749,46.04645838280749,46.04645838280749,1.0,2024
8929ac4db27ffff,143.0,13.06,145139.13487533914,100.0,lace,43.9740678129033,43.9740678129033,43.9740678129033,1.0,2024
8929ac4db2bffff,140.0,13.14,131281.04884219245,100.0,lace,44.88667892074515,44.88667892074515,44.88667892074515,1.0,2024
8929ac4db2fffff,119.0,14.33,112469.53989038148,100.0,lace,43.147228800125916,43.147228800125916,43.147228800125916,1.0,2024
8929ac4db33ffff,152.0,13.2,140279.72340519473,100.0,lace,46.229512816949594,46.22838407474015,46.229512816949594,1.0,2024
8929ac4db37ffff,153.0,12.53,141042.0,100.0,lace,46.0457913126038,46.0457913126038,46.0457913126038,1.0,2024
8929ac4db3bffff,153.0,12.53,141042.0,100.0,lace,46.048603120371084,46.048603120371084,46.048603120371084,1.0,2024
8929ac4db43ffff,193.0,16.52,115109.4264500177,99.94,lace,60.29385304323429,60.256947904395616,60.29385304323429,1.0,2024
8929ac4db47ffff,240.0,12.05,112212.0,100.0,lace,68.45937038968226,68.45937038968226,68.45937038968226,1.0,2024
8929ac4db4bffff,148.0,33.41,102202.7875030777,99.82,lace,58.79009276518506,58.68169101243848,58.79009276518506,1.0,2024
8929ac4db4fffff,240.0,12.05,112212.0,100.0,lace,68.46036144575989,68.46036144575989,68.46036144575989,1.0,2024
8929ac4db53ffff,115.0,20.33,146239.10931849296,99.84,lace,40.61578739078894,40.550408048909176,40.61578739078894,1.0,2024
8929ac4db57ffff,119.0,6.06,168367.8776428076,99.93,lace,34.28033475040401,34.25720778683042,34.28033475040401,1.0,2024
8929ac4db5bffff,141.0,36.03,100977.0,99.8,lace,58.09694234107964,57.98074845639748,58.09694234107964,1.0,2024
8929ac4db63ffff,178.0,11.78,103583.57044110748,99.83,lace,54.926278154755295,54.83323942206443,54.926278154755295,1.0,2024
8929ac4db67ffff,116.0,12.03,91010.13247217331,99.66,lace,41.69592526463262,41.55417773814186,41.69592526463262,1.0,2024
8929ac4db6bffff,29.0,11.11,81961.0,99.5,lace,10.622069487827623,10.568959140388486,10.622069487827623,1.0,2024
8929ac4db6fffff,64.0,11.11,81961.0,99.5,lace,23.40839765951963,23.291355671222032,23.40839765951963,1.0,2024
8929ac4db73ffff,240.0,12.05,112212.0,100.0,lace,68.45618234391456,68.45618234391456,68.45618234391456,1.0,2024
8929ac4db77ffff,221.0,12.12,116528.5659227927,100.0,lace,63.60527736351532,63.60527736351532,63.60527736351532,1.0,2024
8929ac4db7bffff,238.0,12.04,111957.50287296524,99.99,lace,67.92505470366123,67.92139498188098,67.92505470366123,1.0,2024
8929ac4db83ffff,63.0,7.36,157549.10543441807,99.86,lace,20.446945829266646,20.4191366445324,20.446945829266646,1.0,2024
8929ac4db87ffff,101.0,5.01,180072.68216350302,99.92,lace,29.902531252250288,29.879067197684755,29.902531252250288,1.0,2024
8929ac4db8bffff,63.0,6.99,159949.40550823853,99.86,lace,20.3704820165889,20.341922902659597,20.3704820165889,1.0,2024
8929ac4db8fffff,96.0,3.13,195855.0,99.9,lace,27.62675223362626,27.599125481392633,27.62675223362626,1.0,2024
8929ac4db93ffff,83.0,12.3,134194.99572533116,99.99,lace,28.44453881438305,28.44046194453012,28.44453881438305,1.0,2024
8929ac4db97ffff,90.0,12.08,137464.3596582974,100.0,lace,30.479777127454987,30.479282885365176,30.479777127454987,1.0,2024
8929ac4db9bffff,38.0,14.68,88508.17134958577,99.8,lace,14.648305277538679,14.619012977353991,14.648305277538679,1.0,2024
8929ac4dba3ffff,103.0,60.54,86181.0,99.9,lace,54.87654285665552,54.82166631379887,54.87654285665552,1.0,2024
8929ac4dba7ffff,103.0,60.54,86181.0,99.9,lace,54.87398717873698,54.819113191558245,54.87398717873698,1.0,2024
8929ac4dbabffff,103.0,60.54,86181.0,99.9,lace,54.87733848115444,54.82246114267329,54.87733848115444,1.0,2024
8929ac4dbafffff,123.0,36.83,113276.93751131669,99.94,lace,51.38185317169267,51.34869160854318,51.38185317169267,1.0,2024
8929ac4dbb3ffff,107.0,44.05,108358.40973002937,99.91,lace,49.24043575058411,49.19564799052152,49.24043575058411,1.0,2024
8929ac4dbb7ffff,103.0,60.54,86181.0,99.9,lace,54.87574694128423,54.82087119434294,54.87574694128423,1.0,2024
8929ac4dbbbffff,99.0,32.29,140140.79351572093,99.9,lace,40.97062977312399,40.92965914335087,40.97062977312399,1.0,2024
8929ac4dbc3ffff,43.0,12.4,109709.97842161878,99.82,lace,15.801786628626688,15.77263949128147,15.801786628626688,1.0,2024
8929ac4dbc7ffff,86.0,3.98,187918.9122201008,99.89,lace,25.452152658612782,25.42424502261218,25.452152658612782,1.0,2024
8929ac4dbcbffff,66.0,13.6,140547.1698418402,99.84,lace,22.809413534873975,22.772576380474373,22.809413534873975,1.0,2024
8929ac4dbcfffff,96.0,3.13,195855.00000000003,99.9,lace,27.62883961770046,27.601210778082763,27.62883961770046,1.0,2024
8929ac4dbd3ffff,71.0,16.37,143483.15927932426,99.88,lace,30.141339033120293,30.1046003402247,30.141339033120293,1.0,2024
8929ac4dbd7ffff,38.0,14.68,88500.0,99.8,lace,14.647391613426832,14.618096830199978,14.647391613426832,1.0,2024
8929ac4dbdbffff,66.0,16.23,138715.98980254013,99.87,lace,27.788662552796513,27.75305369932208,27.788662552796513,1.0,2024
8929ac4dc03ffff,386.0,3.81,103982.0,100.0,lace,110.33950132925297,110.33950132925297,110.33950132925297,1.0,2024
8929ac4dc07ffff,90.0,4.76,118437.31482336973,100.0,lace,26.09850584463083,26.09850584463083,26.09850584463083,1.0,2024
8929ac4dc0bffff,376.0,4.48,103180.69980368031,100.0,lace,108.80560060785166,108.80560060785166,108.80560060785166,1.0,2024
8929ac4dc0fffff,298.0,11.08,95258.50136091752,100.0,lace,97.0815766138283,97.08157661382829,97.0815766138283,1.0,2024
8929ac4dc13ffff,359.0,4.98,116127.03414070983,100.0,lace,101.10074761077341,101.10074761077341,101.10074761077341,1.0,2024
8929ac4dc17ffff,101.0,4.59,116263.64213413125,100.0,lace,29.296785229631446,29.296785229631446,29.296785229631446,1.0,2024
8929ac4dc1bffff,386.0,3.81,103982.00000000001,100.0,lace,110.3446336311885,110.3446336311885,110.3446336311885,1.0,2024
8929ac4dc23ffff,324.0,9.78,123918.08593306817,100.0,lace,118.14219985917815,118.14219985917815,118.14219985917815,1.0,2024
8929ac4dc27ffff,173.0,9.8,127582.6913870646,100.0,lace,62.814301651747336,62.81430165174733,62.814301651747336,1.0,2024
8929ac4dc2bffff,332.0,10.25,122060.36978091605,100.0,lace,118.57000783392013,118.57000783392013,118.57000783392013,1.0,2024
8929ac4dc2fffff,327.0,9.48,139542.66689921205,100.0,lace,113.72652538057666,113.72652538057667,113.72652538057666,1.0,2024
8929ac4dc33ffff,71.0,9.88,138804.7930852416,100.0,lace,25.49113879231983,25.49113879231983,25.49113879231983,1.0,2024
8929ac4dc37ffff,28.0,10.07,167654.80034451853,100.0,lace,9.735525758992216,9.735525758992216,9.735525758992216,1.0,2024
8929ac4dc3bffff,304.0,11.17,118909.0152906914,100.0,lace,111.34924018156505,111.34924018156507,111.34924018156505,1.0,2024
8929ac4dc43ffff,269.0,8.74,174254.7772027802,100.0,lace,64.31649074449926,64.31649074449926,64.31649074449926,1.0,2024
8929ac4dc47ffff,262.0,13.26,119169.33646991402,100.0,lace,81.33732038324864,81.33732038324864,81.33732038324864,1.0,2024
8929ac4dc4bffff,229.0,16.33,139476.88108491126,100.0,lace,68.98556717976057,68.9855645739502,68.98556717976057,1.0,2024
8929ac4dc4fffff,211.0,20.69,119545.0,100.0,lace,71.07571084330657,71.07571084330657,71.07571084330657,1.0,2024
8929ac4dc53ffff,273.0,8.11,177115.0,100.0,lace,63.86031749061117,63.860317490611166,63.86031749061117,1.0,2024
8929ac4dc57ffff,324.0,5.81,137944.82601716122,100.0,lace,84.74250902702273,84.74250902702273,84.74250902702273,1.0,2024
8929ac4dc5bffff,273.0,8.11,176666.66041211275,100.0,lace,63.99934113320543,63.99875101591005,63.99934113320543,1.0,2024
8929ac4dc63ffff,384.0,12.72,112245.12779711609,100.0,lace,121.17222921824704,121.17222921824704,121.17222921824704,1.0,2024
8929ac4dc67ffff,325.0,14.55,116028.01378915172,99.99,lace,104.17019315247997,104.1618416935979,104.17019315247997,1.0,2024
8929ac4dc6bffff,242.0,18.58,121669.5003765018,99.98,lace,80.19404349189816,80.18161603099543,80.19404349189816,1.0,2024
8929ac4dc6fffff,146.0,29.19,145242.30172093763,99.94,lace,52.97142318904754,52.93801564899475,52.97142318904754,1.0,2024
8929ac4dc73ffff,229.0,20.77,83752.02960407216,100.0,lace,86.71135570153717,86.71135570153717,86.71135570153717,1.0,2024
8929ac4dc77ffff,290.0,16.57,98603.97910188301,100.0,lace,100.26702903193677,100.26702903193677,100.26702903193677,1.0,2024
8929ac4dc7bffff,264.0,17.43,109417.86722116022,100.0,lace,88.79531302013481,88.79531302013481,88.79531302013481,1.0,2024
8929ac4dc83ffff,92.0,7.75,145587.61415416672,100.0,lace,25.106227027015674,25.10622702701567,25.106227027015674,1.0,2024
8929ac4dc87ffff,4.0,4.3,131250.0,100.0,lace,1.163570117466944,1.163570117466944,1.163570117466944,1.0,2024
8929ac4dc8bffff,305.0,7.87,146078.0,100.0,lace,83.1092024647842,83.10920246478422,83.1092024647842,1.0,2024
8929ac4dc8fffff,84.0,7.56,144015.61886193728,100.0,lace,23.050012975026398,23.050012975026398,23.050012975026398,1.0,2024
8929ac4dc93ffff,122.0,13.12,127097.29005002322,100.0,lace,37.386682790178604,37.3866827901786,37.386682790178604,1.0,2024
8929ac4dc97ffff,4.0,4.3,131250.0,100.0,lace,1.1636072583575316,1.1636072583575316,1.1636072583575316,1.0,2024
8929ac4dc9bffff,312.0,8.61,143475.80618164223,100.0,lace,86.60906365834379,86.60906365834379,86.60906365834379,1.0,2024
8929ac4dca3ffff,16.0,10.31,205968.20086158364,100.0,lace,5.061316653091424,5.061316653091424,5.061316653091424,1.0,2024
8929ac4dca7ffff,16.0,10.32,206136.0,100.0,lace,5.093131376689168,5.093131376689168,5.093131376689168,1.0,2024
8929ac4dcabffff,16.0,10.32,206136.0,100.0,lace,5.093442562911747,5.093442562911747,5.093442562911747,1.0,2024
8929ac4dcafffff,16.0,10.32,206136.0,100.0,lace,5.0932056228555815,5.0932056228555815,5.0932056228555815,1.0,2024
8929ac4dcb3ffff,4.0,4.3,131291.46468242697,100.0,lace,1.1641105416215158,1.1641105416215158,1.1641105416215158,1.0,2024
8929ac4dcb7ffff,9.0,8.7,185991.86663004555,100.0,lace,2.8375922218570775,2.8375922218570775,2.8375922218570775,1.0,2024
8929ac4dcbbffff,11.0,9.2,192201.8753426112,100.0,lace,3.3028612856746653,3.3028612856746657,3.3028612856746653,1.0,2024
8929ac4dcc3ffff,312.0,7.37,115290.7216164697,100.0,lace,85.14185205336,85.14185205336,85.14185205336,1.0,2024
8929ac4dcc7ffff,317.0,7.17,138812.460553145,100.0,lace,86.96176641550512,86.96176641550512,86.96176641550512,1.0,2024
8929ac4dccbffff,307.0,7.28,113155.21333107442,100.0,lace,81.06967568157458,81.06967568157458,81.06967568157458,1.0,2024
8929ac4dccfffff,319.0,6.27,134915.68771348993,100.0,lace,83.70007315167166,83.70007315167166,83.70007315167166,1.0,2024
8929ac4dcd3ffff,313.0,7.41,114218.31193905763,100.0,lace,85.45549729247705,85.45549729247705,85.45549729247705,1.0,2024
8929ac4dcd7ffff,305.0,7.87,146078.0,100.0,lace,83.11306755433398,83.11306755433398,83.11306755433398,1.0,2024
8929ac4dcdbffff,317.0,7.06,95833.0,100.0,lace,86.47728581758945,86.47728581758946,86.47728581758945,1.0,2024
8929ac4dd03ffff,16.0,10.32,206136.0,100.0,lace,5.0920950091320405,5.0920950091320405,5.0920950091320405,1.0,2024
8929ac4dd07ffff,16.0,10.32,206136.0,100.0,lace,5.091858020335126,5.091858020335126,5.091858020335126,1.0,2024
8929ac4dd0bffff,65.0,8.01,237692.91723666608,100.0,lace,16.48144927959016,16.48144927959016,16.48144927959016,1.0,2024
8929ac4dd0fffff,16.0,10.32,206136.0,100.0,lace,5.091932186842071,5.091932186842071,5.091932186842071,1.0,2024
8929ac4dd13ffff,16.0,10.32,206136.0,100.0,lace,5.092257788469167,5.092257788469167,5.092257788469167,1.0,2024
8929ac4dd17ffff,16.0,10.32,206136.0,100.0,lace,5.092020811327595,5.092020811327595,5.092020811327595,1.0,2024
8929ac4dd1bffff,16.0,10.32,206136.0,100.0,lace,5.092331990534589,5.092331990534589,5.092331990534589,1.0,2024
8929ac4dd23ffff,16.0,10.32,206136.0,100.0,lace,5.091458178486633,5.091458178486633,5.091458178486633,1.0,2024
8929ac4dd27ffff,16.0,10.32,206136.0,100.0,lace,5.091221163201038,5.091221163201038,5.091221163201038,1.0,2024
8929ac4dd2bffff,16.0,10.32,206136.0,100.0,lace,5.091532309475462,5.091532309475462,5.091532309475462,1.0,2024
8929ac4dd2fffff,16.0,10.32,206136.0,100.0,lace,5.091295289924907,5.091295289924907,5.091295289924907,1.0,2024
8929ac4dd33ffff,16.0,10.32,206136.0,100.0,lace,5.091621024086371,5.091621024086371,5.091621024086371,1.0,2024
8929ac4dd37ffff,16.0,10.32,206136.0,100.0,lace,5.091384020490727,5.091384020490727,5.091384020490727,1.0,2024
8929ac4dd3bffff,16.0,10.32,206136.0,100.0,lace,5.091695186353139,5.091695186353139,5.091695186353139,1.0,2024
8929ac4dd43ffff,291.0,8.02,245050.54161074798,100.0,lace,70.4866480187306,70.4866480187306,70.4866480187306,1.0,2024
8929ac4dd47ffff,335.0,7.51,245768.6716353162,100.0,lace,79.38676440592994,79.38676440592994,79.38676440592994,1.0,2024
8929ac4dd4bffff,107.0,14.57,235905.321671598,100.0,lace,34.017953247648784,34.017953247648784,34.017953247648784,1.0,2024
8929ac4dd4fffff,98.0,15.58,234500.0,100.0,lace,32.13253967916423,32.13253967916423,32.13253967916423,1.0,2024
8929ac4dd53ffff,31.0,8.85,226293.66665976442,100.0,lace,8.512586853749985,8.512586853749985,8.512586853749985,1.0,2024
8929ac4dd57ffff,188.0,7.53,244300.78861996462,100.0,lace,44.8541802581932,44.8541802581932,44.8541802581932,1.0,2024
8929ac4dd5bffff,295.0,8.01,215756.53888702297,100.0,lace,78.97850719876736,78.97850719876736,78.97850719876736,1.0,2024
8929ac4dd63ffff,26.0,11.93,220168.84025969126,100.0,lace,8.23205954989913,8.23205954989913,8.23205954989913,1.0,2024
8929ac4dd67ffff,16.0,10.32,206136.0,100.0,lace,5.091606413495576,5.091606413495576,5.091606413495576,1.0,2024
8929ac4dd6bffff,97.0,15.57,234443.28936220598,100.0,lace,31.79858223406868,31.79858223406868,31.79858223406868,1.0,2024
8929ac4dd6fffff,22.0,12.09,215691.63913542367,100.0,lace,7.141049145207047,7.141049145207047,7.141049145207047,1.0,2024
8929ac4dd73ffff,57.0,8.11,236361.4743279491,100.0,lace,14.731043280904995,14.731043280904995,14.731043280904995,1.0,2024
8929ac4dd77ffff,16.0,10.32,206136.0,100.0,lace,5.0917693216124995,5.0917693216124995,5.0917693216124995,1.0,2024
8929ac4dd7bffff,199.0,9.75,242621.15098892132,100.0,lace,52.26941929779571,52.26941929779571,52.26941929779571,1.0,2024
8929ac4dd83ffff,16.0,10.32,206136.0,100.0,lace,5.09234626455319,5.09234626455319,5.09234626455319,1.0,2024
8929ac4dd87ffff,16.0,10.32,206136.0,100.0,lace,5.092109303393328,5.092109303393328,5.092109303393328,1.0,2024
8929ac4dd8bffff,16.0,10.32,206136.0,100.0,lace,5.092420524841507,5.092420524841507,5.092420524841507,1.0,2024
8929ac4dd8fffff,16.0,10.32,206136.0,100.0,lace,5.092183559421621,5.092183559421621,5.092183559421621,1.0,2024
8929ac4dd93ffff,16.0,10.32,206136.0,100.0,lace,5.092508926684463,5.092508926684463,5.092508926684463,1.0,2024
8929ac4dd97ffff,16.0,10.32,206136.0,100.0,lace,5.092271977237088,5.092271977237088,5.092271977237088,1.0,2024
8929ac4dd9bffff,16.0,10.32,206136.0,100.0,lace,5.092583218286448,5.092583218286448,5.092583218286448,1.0,2024
8929ac4dda3ffff,16.0,10.32,206136.0,100.0,lace,5.091709606345926,5.091709606345926,5.091709606345926,1.0,2024
8929ac4dda7ffff,15.0,10.32,206136.0,100.0,lace,4.876925411804408,4.876925411804408,4.876925411804408,1.0,2024
8929ac4ddabffff,16.0,10.32,206136.0,100.0,lace,5.091783826784066,5.091783826784066,5.091783826784066,1.0,2024
8929ac4ddafffff,16.0,10.32,206136.0,100.0,lace,5.091546834860311,5.091546834860311,5.091546834860311,1.0,2024
8929ac4ddb3ffff,16.0,10.32,206136.0,100.0,lace,5.0918723348076,5.0918723348076,5.0918723348076,1.0,2024
8929ac4ddb7ffff,8.0,10.32,206136.0,100.0,lace,2.575709617066107,2.5757096170661073,2.575709617066107,1.0,2024
8929ac4ddbbffff,16.0,10.32,206136.0,100.0,lace,5.091946586542972,5.091946586542972,5.091946586542972,1.0,2024
8929ac4ddc3ffff,16.0,10.32,206136.0,100.0,lace,5.092731720461698,5.092731720461698,5.092731720461698,1.0,2024
8929ac4ddc7ffff,16.0,10.32,206136.0,100.0,lace,5.0924947581820525,5.0924947581820525,5.0924947581820525,1.0,2024
8929ac4ddcbffff,16.0,10.32,206136.0,100.0,lace,5.092805931105052,5.092805931105052,5.092805931105052,1.0,2024
8929ac4ddcfffff,16.0,10.32,206136.0,100.0,lace,5.092568964541802,5.092568964541802,5.092568964541802,1.0,2024
8929ac4ddd3ffff,16.0,10.32,206136.0,100.0,lace,5.0928944334764035,5.0928944334764035,5.0928944334764035,1.0,2024
8929ac4ddd7ffff,16.0,10.32,206136.0,100.0,lace,5.0926574828960485,5.0926574828960485,5.0926574828960485,1.0,2024
8929ac4dddbffff,16.0,10.32,206136.0,100.0,lace,5.092968675409261,5.092968675409261,5.092968675409261,1.0,2024
8929ac4de03ffff,172.0,13.11,130607.41962037685,99.88,lace,54.612027766593016,54.548402982062264,54.612027766593016,1.0,2024
8929ac4de07ffff,167.0,17.16,137076.8906999002,99.9,lace,54.884630828347156,54.829746197518816,54.884630828347156,1.0,2024
8929ac4de0bffff,187.0,22.5,110865.56928129871,99.82,lace,76.16331520296029,76.02255954442087,76.16331520296029,1.0,2024
8929ac4de0fffff,174.0,24.06,138033.62751154916,99.9,lace,59.24979064379588,59.19054085315209,59.24979064379588,1.0,2024
8929ac4de13ffff,334.0,12.22,74697.39673746588,99.71,lace,94.66933061576243,94.39167483903793,94.66933061576243,1.0,2024
8929ac4de17ffff,217.0,11.47,113519.46371578152,99.86,lace,65.46204479996848,65.37303276356339,65.46204479996848,1.0,2024
8929ac4de1bffff,219.0,13.67,103338.61568591409,99.8,lace,69.6493199812861,69.51084564326882,69.6493199812861,1.0,2024
8929ac4de23ffff,163.0,21.2,118357.91348281714,99.9,lace,61.61566874540969,61.55405307666428,61.61566874540969,1.0,2024
8929ac4de27ffff,149.0,24.25,125983.08705658151,99.9,lace,56.6787147436855,56.622036028941814,56.6787147436855,1.0,2024
8929ac4de2bffff,171.0,23.3,131788.2729558923,99.9,lace,60.1311617792901,60.071030617510814,60.1311617792901,1.0,2024
8929ac4de2fffff,163.0,21.16,118097.0,99.9,lace,61.64127100225906,61.5796297312568,61.64127100225906,1.0,2024
8929ac4de33ffff,163.0,17.05,127615.86380618076,99.9,lace,56.943830691541734,56.88688686085019,56.943830691541734,1.0,2024
8929ac4de37ffff,125.0,30.94,143031.39911388757,99.9,lace,48.459875156976715,48.41141528181974,48.459875156976715,1.0,2024
8929ac4de3bffff,174.0,24.1,137019.43732211573,99.9,lace,59.50393493611221,59.444431001176106,59.50393493611221,1.0,2024
8929ac4de43ffff,335.0,12.39,78342.32476251964,99.85,lace,101.62327459478392,101.47181087150767,101.62327459478392,1.0,2024
8929ac4de47ffff,249.0,30.89,46250.0,99.7,lace,148.49552438903896,148.05003781587186,148.49552438903896,1.0,2024
8929ac4de4bffff,352.0,9.94,84110.54772278875,99.9,lace,93.28913881238866,93.19584967357626,93.28913881238866,1.0,2024
8929ac4de4fffff,337.0,12.46,78314.44830277188,99.84,lace,103.8816840200852,103.71941160065018,103.8816840200852,1.0,2024
8929ac4de53ffff,324.0,13.11,80446.00103886864,99.81,lace,103.00635520895922,102.80752192443272,103.00635520895922,1.0,2024
8929ac4de57ffff,249.0,30.88,46257.6133912492,99.7,lace,148.4920061892088,148.0465572292978,148.4920061892088,1.0,2024
8929ac4de5bffff,348.0,10.17,83939.23376234098,99.88,lace,93.79895264112795,93.69063323548393,93.79895264112795,1.0,2024
8929ac4de63ffff,250.0,15.44,124555.16251000839,99.82,lace,87.31003011504174,87.15253983498302,87.31003011504174,1.0,2024
8929ac4de67ffff,174.0,24.28,138064.0,99.9,lace,59.390488646958474,59.33109815831151,59.390488646958474,1.0,2024
8929ac4de6bffff,792.0,1.39,103089.72014166473,99.7,lace,288.6622422699434,287.7972207351635,288.6622422699434,1.0,2024
8929ac4de6fffff,206.0,16.52,125135.66682622397,99.83,lace,72.09692549506921,71.97367632416567,72.09692549506921,1.0,2024
8929ac4de73ffff,187.0,25.75,117691.39809584102,99.83,lace,74.21410049782057,74.09049006779553,74.21410049782057,1.0,2024
8929ac4de77ffff,174.0,24.28,138064.0,99.9,lace,59.392389657786666,59.332997268128885,59.392389657786666,1.0,2024
8929ac4de7bffff,578.0,6.43,93279.68706021673,99.7,lace,233.6887501931026,232.987815432991,233.6887501931026,1.0,2024
8929ac4de83ffff,373.0,9.4,92768.32073344133,99.9,lace,117.84001720716586,117.7221771899587,117.84001720716586,1.0,2024
8929ac4de87ffff,339.0,8.88,98561.53442196864,99.91,lace,94.98444933263646,94.9021598914135,94.98444933263646,1.0,2024
8929ac4de8bffff,358.0,10.42,83603.1169026713,99.81,lace,104.61977973793732,104.41699086498082,104.61977973793732,1.0,2024
8929ac4de8fffff,366.0,7.51,95404.87731717851,99.9,lace,100.11498538120664,100.01010733604141,100.11498538120664,1.0,2024
8929ac4de93ffff,378.0,12.53,87976.70534054372,99.9,lace,145.3219152477591,145.17659333251137,145.3219152477591,1.0,2024
8929ac4de97ffff,362.0,11.14,98258.55091226219,99.91,lace,125.14229266685282,125.02650370806674,125.14229266685282,1.0,2024
8929ac4de9bffff,383.0,12.63,87656.0,99.9,lace,147.61042170699602,147.46281128528904,147.61042170699602,1.0,2024
8929ac4dea3ffff,164.0,26.08,132602.2445318959,99.97,lace,57.757457592150345,57.74047235309467,57.757457592150345,1.0,2024
8929ac4dea7ffff,109.0,38.26,162061.03639316562,99.91,lace,42.26658110871347,42.22984218753291,42.26658110871347,1.0,2024
8929ac4deabffff,154.0,16.06,139703.54702943092,99.9,lace,50.6526378435875,50.60210413559744,50.6526378435875,1.0,2024
8929ac4deafffff,105.0,38.34,165860.86279111824,99.9,lace,40.76779418877695,40.72702639458818,40.76779418877695,1.0,2024
8929ac4deb3ffff,211.0,20.69,119545.0,100.0,lace,71.07674502847475,71.07674502847475,71.07674502847475,1.0,2024
8929ac4deb7ffff,211.0,20.69,119545.0,100.0,lace,71.07343883453544,71.07343883453544,71.07343883453544,1.0,2024
8929ac4debbffff,330.0,9.25,99508.54930369754,99.92,lace,93.12049968100088,93.04235951580544,93.12049968100088,1.0,2024
8929ac4dec3ffff,345.0,12.21,72880.83205976567,99.7,lace,97.43555423353443,97.14324757083384,97.43555423353443,1.0,2024
8929ac4dec7ffff,345.0,12.19,72813.0,99.7,lace,97.38465581431905,97.09250184687609,97.38465581431905,1.0,2024
8929ac4decbffff,298.0,14.8,86277.50807837499,99.7,lace,105.35064033737194,105.03458841635982,105.35064033737194,1.0,2024
8929ac4decfffff,332.0,14.13,70157.69587359659,99.7,lace,104.33246943343859,104.01970704553676,104.33246943343859,1.0,2024
8929ac4ded3ffff,340.0,11.9,86093.05437771181,99.86,lace,121.58006471830478,121.41271073774975,121.58006471830478,1.0,2024
8929ac4ded7ffff,358.0,12.35,78221.86634623991,99.79,lace,114.48863443972431,114.24568870555667,114.48863443972431,1.0,2024
8929ac4dedbffff,263.0,14.82,86427.66328833127,99.7,lace,93.13407592270566,92.85496974223926,93.13407592270566,1.0,2024
8929ac4f20fffff,0.0,9.84,136143.0131463497,99.65,lace,0.01426891734105696,0.014218709289395823,0.01426891734105696,1.0,2024
8929ac4f223ffff,7.0,5.94,150962.0,100.0,lace,1.4176971350046348,1.4176971350046346,1.4176971350046348,1.0,2024
8929ac4f227ffff,0.0,5.94,150962.0,100.0,lace,5.936863729957355e-05,5.936863729957356e-05,5.936863729957355e-05,1.0,2024
8929ac4f22bffff,9.0,5.94,150962.0,100.0,lace,1.7662149256112198,1.7662149256112198,1.7662149256112198,1.0,2024
8929ac4f22fffff,8.0,5.94,150962.0,100.0,lace,1.4557516194183273,1.4557516194183273,1.4557516194183273,1.0,2024
8929ac4f23bffff,5.0,5.94,150962.0,100.0,lace,0.857206381219934,0.857206381219934,0.857206381219934,1.0,2024
8929ac4f247ffff,0.0,5.94,150961.99931299215,100.0,lace,0.08504423440596431,0.08504423439035085,0.08504423440596431,1.0,2024
8929ac4f24fffff,2.0,5.94,150962.0,100.0,lace,0.29106981679326005,0.29106981679326005,0.29106981679326005,1.0,2024
8929ac4f263ffff,3.0,5.94,150962.0,100.0,lace,0.599100077981151,0.599100077981151,0.599100077981151,1.0,2024
8929ac4f267ffff,7.0,5.94,150962.0,100.0,lace,1.2615269279196009,1.2615269279196009,1.2615269279196009,1.0,2024
8929ac4f26bffff,9.0,5.94,150962.0,100.0,lace,1.7663486138941564,1.7663486138941564,1.7663486138941564,1.0,2024
8929ac4f26fffff,5.0,5.94,150962.0,100.0,lace,0.9522911005016655,0.9522911005016655,0.9522911005016655,1.0,2024
8929ac4f277ffff,6.0,6.2,149985.8862634968,99.97,lace,1.0857318168301187,1.0854509235240484,1.0857318168301187,1.0,2024
8929ac4f27bffff,4.0,5.94,150962.0,100.0,lace,0.7401398967416483,0.7401398967416484,0.7401398967416483,1.0,2024
8929ac4f327ffff,2.0,5.9,143494.79519202808,100.0,lace,0.6082946221651379,0.6082946213926949,0.6082946221651379,1.0,2024
8929ac4f34fffff,2.0,5.94,150962.0,100.0,lace,0.2986936733613981,0.2986936733613981,0.2986936733613981,1.0,2024
8929ac4f363ffff,11.0,7.65,157066.6188892935,100.0,lace,2.339261716914633,2.339261716914633,2.339261716914633,1.0,2024
8929ac4f367ffff,26.0,7.65,157066.96319004853,100.0,lace,5.583586352499246,5.583586352499247,5.583586352499246,1.0,2024
8929ac4f36bffff,34.0,7.64,157036.42483953462,100.0,lace,7.226217692899932,7.226217692899932,7.226217692899932,1.0,2024
8929ac4f36fffff,37.0,7.65,157067.0,100.0,lace,7.889776922644198,7.889776922644199,7.889776922644198,1.0,2024
8929ac4f37bffff,3.0,5.94,150962.0,100.0,lace,0.5678250750645507,0.5678250750645507,0.5678250750645507,1.0,2024
8929ac7b0c3ffff,0.0,8.13,93438.0,98.8,lace,0.021406504507205,0.02114962645311854,0.021406504507205,1.0,2024
8929ac7b0cbffff,0.0,8.13,93438.0,98.8,lace,0.05328514736114315,0.052645725592809424,0.05328514736114315,1.0,2024
8929ac7b0cfffff,0.0,8.13,93438.0,98.8,lace,0.00047496246097756314,0.00046926291144583235,0.00047496246097756314,1.0,2024
8929ac7b0dbffff,0.0,8.13,93438.0,98.8,lace,0.023178307398194334,0.022900167709416,0.023178307398194334,1.0,2024
8929ac7b29bffff,1.0,6.28,116812.0,99.9,lace,0.4553978187257668,0.45494242090704107,0.4553978187257668,1.0,2024
8929ac7b2c3ffff,5.0,6.28,116812.00000000001,99.9,lace,1.7638491886069023,1.7620853394182956,1.7638491886069023,1.0,2024
8929ac7b2c7ffff,0.0,6.28,116812.0,99.9,lace,2.777215019247097e-06,2.7744378042278506e-06,2.777215019247097e-06,1.0,2024
8929ac7b2d3ffff,10.0,6.02,118657.5590568371,99.91,lace,3.107367861616158,3.104600741436327,3.107367861616158,1.0,2024
8929ac7b2d7ffff,4.0,6.28,116812.0,99.9,lace,1.2302291220578998,1.228998892935842,1.2302291220578998,1.0,2024
8929ac7b2dbffff,10.0,6.09,118139.99140878017,99.91,lace,3.0937494359560858,3.090898014124394,3.0937494359560858,1.0,2024
8929ac7b623ffff,0.0,7.3,103844.67388979223,99.35,lace,0.09858377471235448,0.09794277869870827,0.09858377471235448,1.0,2024
8929ac7b62bffff,10.0,6.28,116811.89062741912,99.9,lace,3.2227175072952137,3.2194946565662064,3.2227175072952137,1.0,2024
8929ac7b62fffff,0.0,6.28,116809.95508000883,99.9,lace,0.000309025555082611,0.000308716290679253,0.000309025555082611,1.0,2024
8929ac7b633ffff,0.0,8.13,93438.0,98.8,lace,0.03965324088471516,0.039177401994098575,0.03965324088471516,1.0,2024
8929ac7b637ffff,0.0,8.13,93438.0,98.8,lace,0.10509784742669256,0.10383667325757225,0.10509784742669256,1.0,2024
8929ac7b63bffff,3.0,5.81,120134.37356942368,99.91,lace,0.9627198212356958,0.9618946984027098,0.9627198212356958,1.0,2024
8929ac7b663ffff,4.0,4.52,129677.25164048084,99.99,lace,1.0209539223086008,1.0208240779902704,1.0209539223086008,1.0,2024
8929ac7b667ffff,6.0,6.26,116959.41575597368,99.9,lace,2.054220618411222,2.0521840235463467,2.054220618411222,1.0,2024
8929ac7b66bffff,4.0,4.37,130784.82440839577,100.0,lace,1.194455646945807,1.1944100586380757,1.194455646945807,1.0,2024
8929ac7b66fffff,11.0,6.23,117164.95947206978,99.9,lace,3.552900868419817,3.5494211257491552,3.552900868419817,1.0,2024
8929ac7b677ffff,7.0,6.13,117895.69007325839,99.91,lace,2.2619385501560716,2.2598207929101046,2.2619385501560716,1.0,2024
8929ac7b67bffff,1.0,4.3,131250.0,100.0,lace,0.17954360735669725,0.17954360735669725,0.17954360735669725,1.0,2024
8929ac7b6afffff,0.0,8.13,93438.0,98.8,lace,0.0006118775656096357,0.0006045350348223201,0.0006118775656096357,1.0,2024
8929aeb0003ffff,294.0,15.02,31382.192686961247,99.07,lace,75.30910877387907,74.61239207817611,75.30910877387907,1.0,2024
8929aeb0007ffff,254.0,13.9,32735.41080683919,98.84,lace,64.29754141514691,63.553269543825415,64.29754141514691,1.0,2024
8929aeb000bffff,52.0,7.09,44796.411402859296,98.11,lace,12.321506450390881,12.088368835017102,12.321506450390881,1.0,2024
8929aeb000fffff,143.0,6.92,44450.902565428165,97.95,lace,33.77064880562128,33.078768246392826,33.77064880562128,1.0,2024
8929aeb0013ffff,256.0,3.17,41989.08890614783,99.07,lace,64.90924678200173,64.3025934273482,64.90924678200173,1.0,2024
8929aeb0017ffff,461.0,7.62,36796.061018338194,99.1,lace,117.89510318922498,116.83404726052194,117.89510318922498,1.0,2024
8929aeb001bffff,0.0,7.92,45357.0,98.8,lace,0.01380235731118701,0.013636729023452764,0.01380235731118701,1.0,2024
8929aeb0023ffff,200.0,13.54,50962.54491914404,97.9,lace,61.42122057542788,60.13137494334389,61.42122057542788,1.0,2024
8929aeb0027ffff,166.0,11.16,51451.775797640665,97.9,lace,46.39734010324352,45.42243781373156,46.39734010324352,1.0,2024
8929aeb002bffff,261.0,8.13,46330.68677704274,98.04,lace,62.87163825884079,61.64218697658311,62.87163825884079,1.0,2024
8929aeb002fffff,337.0,8.2,44049.80789876354,97.94,lace,83.69877049070597,81.97296701241041,83.69877049070597,1.0,2024
8929aeb0033ffff,190.0,11.61,47679.388453245265,98.04,lace,53.379864184959885,52.3318820189818,53.379864184959885,1.0,2024
8929aeb0037ffff,187.0,12.83,51500.0,97.9,lace,55.68950736374249,54.5200277091039,55.68950736374249,1.0,2024
8929aeb003bffff,140.0,6.54,45078.0,97.9,lace,32.8718196552804,32.18151144251951,32.8718196552804,1.0,2024
8929aeb0063ffff,238.0,7.85,46065.00000000001,98.1,lace,55.90275567981712,54.84060332190059,55.90275567981712,1.0,2024
8929aeb0067ffff,420.0,6.53,39834.119827926406,97.82,lace,100.10761164419614,97.92142154621646,100.10761164419614,1.0,2024
8929aeb006fffff,376.0,7.09,40580.16739214759,98.1,lace,119.04690973826024,116.78501845323328,119.04690973826024,1.0,2024
8929aeb0073ffff,125.0,6.81,45279.654062773356,97.94,lace,29.443232339910814,28.836936452705004,29.443232339910814,1.0,2024
8929aeb0077ffff,245.0,7.5,45800.189374682916,98.05,lace,57.68793661065085,56.56086538502655,57.68793661065085,1.0,2024
8929aeb0083ffff,211.0,5.4,52379.50068782606,99.03,lace,56.713776518707824,56.163593285183964,56.713776518707824,1.0,2024
8929aeb0087ffff,371.0,4.09,52958.49295884437,99.1,lace,100.60169701059525,99.69628173749989,100.60169701059525,1.0,2024
8929aeb008bffff,85.0,7.92,45357.0,98.8,lace,20.854980094450017,20.604720333316617,20.854980094450017,1.0,2024
8929aeb008fffff,529.0,2.38,44701.11217668018,99.1,lace,136.9944748230605,135.76098526352786,136.9944748230605,1.0,2024
8929aeb0093ffff,103.0,7.71,45937.72795887624,98.82,lace,25.355660151068594,25.05664943525733,25.355660151068594,1.0,2024
8929aeb0097ffff,348.0,4.79,54111.74804394397,99.1,lace,96.01806500151464,95.15203928705125,96.01806500151464,1.0,2024
8929aeb009bffff,98.0,7.92,45357.0,98.8,lace,24.038441468740142,23.74998017111526,24.038441468740142,1.0,2024
8929aeb00a3ffff,321.0,2.51,54456.08932491854,99.1,lace,71.60773155872415,70.96326197469563,71.60773155872415,1.0,2024
8929aeb00a7ffff,175.0,5.5,54808.0,98.76,lace,47.38885825442138,46.800384923297315,47.38885825442138,1.0,2024
8929aeb00abffff,336.0,14.94,31201.307005057963,99.1,lace,85.68842473269953,84.91722891010522,85.68842473269953,1.0,2024
8929aeb00afffff,283.0,5.24,54018.75589217576,98.73,lace,69.02315841243359,68.14828128509345,69.02315841243359,1.0,2024
8929aeb00b3ffff,324.0,2.42,54355.475476123975,99.1,lace,72.50980031651265,71.85721211366403,72.50980031651265,1.0,2024
8929aeb00b7ffff,186.0,5.11,54808.00000000001,98.8,lace,49.162478870877166,48.57028313907045,49.162478870877166,1.0,2024
8929aeb00bbffff,591.0,1.87,42600.17186746753,99.1,lace,149.5284056994428,148.1826500481478,149.5284056994428,1.0,2024
8929aeb00c3ffff,1.0,7.92,45357.0,98.8,lace,0.2794619079129941,0.27610836501803815,0.2794619079129941,1.0,2024
8929aeb00c7ffff,19.0,7.92,45357.0,98.8,lace,4.7389008980792955,4.682034087302344,4.7389008980792955,1.0,2024
8929aeb00d3ffff,49.0,7.92,45357.0,98.8,lace,12.04439711007614,11.899864344755226,12.04439711007614,1.0,2024
8929aeb00d7ffff,57.0,7.92,45357.00000000001,98.8,lace,13.797372318976524,13.631803851148806,13.797372318976524,1.0,2024
8929aeb0103ffff,109.0,17.58,16316.0,97.8,lace,56.926593223592526,55.67460058883754,56.926593223592526,1.0,2024
8929aeb0107ffff,109.0,17.75,16315.999999999998,97.8,lace,57.28733225192531,56.02701094238295,57.28733225192531,1.0,2024
8929aeb010bffff,157.0,8.39,33541.43257606064,97.29,lace,53.164960291855415,51.72232038692165,53.164960291855415,1.0,2024
8929aeb010fffff,88.0,20.25,29403.631370174542,97.72,lace,38.297600753855164,37.42458920480441,38.297600753855164,1.0,2024
8929aeb0113ffff,93.0,16.92,16316.0,97.8,lace,47.66108123926336,46.61327486310684,47.66108123926336,1.0,2024
8929aeb0117ffff,109.0,17.75,16316.0,97.8,lace,57.289173636840616,56.02881181683012,57.289173636840616,1.0,2024
8929aeb011bffff,127.0,7.56,16316.0,97.89,lace,31.732176832811145,31.061670020433198,31.732176832811145,1.0,2024
8929aeb0123ffff,87.0,20.37,30047.447378657147,97.72,lace,37.550778201674504,36.6930072598628,37.550778201674504,1.0,2024
8929aeb0127ffff,92.0,19.64,26250.166169437514,97.74,lace,42.15063133972241,41.19904691270138,42.15063133972241,1.0,2024
8929aeb012bffff,99.0,20.27,42552.0,97.6,lace,34.00049720371125,33.18448527082218,34.00049720371125,1.0,2024
8929aeb012fffff,219.0,16.45,42552.0,97.6,lace,73.1044114022862,71.34990552863133,73.1044114022862,1.0,2024
8929aeb0133ffff,109.0,17.75,16316.000000000002,97.8,lace,57.28466699343439,56.024404319578835,57.28466699343439,1.0,2024
8929aeb0137ffff,109.0,17.75,16316.0,97.8,lace,57.28200165147592,56.02179761514345,57.28200165147592,1.0,2024
8929aeb013bffff,86.0,20.51,30784.95200296647,97.71,lace,36.71837730544131,35.877579583896726,36.71837730544131,1.0,2024
8929aeb0143ffff,211.0,7.85,36094.0,96.9,lace,81.86017159909133,79.32250813952709,81.86017159909133,1.0,2024
8929aeb0147ffff,211.0,7.85,36094.0,96.9,lace,81.85668951358868,79.31913213866743,81.85668951358868,1.0,2024
8929aeb014bffff,335.0,4.61,34821.88964261617,96.9,lace,97.0252831686849,94.01749939045567,97.0252831686849,1.0,2024
8929aeb014fffff,368.0,5.23,34847.44735105744,97.09,lace,102.71324640311369,99.72908595013877,102.71324640311369,1.0,2024
8929aeb0153ffff,136.0,7.02,36094.0,97.69,lace,34.3738933033097,33.579373456651496,34.3738933033097,1.0,2024
8929aeb0157ffff,150.0,7.24,36094.0,97.4,lace,43.49575447106447,42.366367170254186,43.49575447106447,1.0,2024
8929aeb015bffff,217.0,7.72,36742.16440243036,97.0,lace,79.06663078696727,76.69110661243218,79.06663078696727,1.0,2024
8929aeb0163ffff,203.0,12.68,62486.10073599957,98.37,lace,90.07080561239934,88.6017826350655,90.07080561239934,1.0,2024
8929aeb0167ffff,182.0,17.1,42615.932959128375,97.6,lace,60.81243128342792,59.353378049561314,60.81243128342792,1.0,2024
8929aeb016bffff,223.0,12.15,63522.836601467236,98.4,lace,100.29953614555022,98.69474400019149,100.29953614555022,1.0,2024
8929aeb016fffff,207.0,12.51,61118.99086523903,98.36,lace,87.98899814765832,86.54818961993831,87.98899814765832,1.0,2024
8929aeb0173ffff,190.0,9.42,40556.32249323765,97.19,lace,75.01040035612569,72.9041481206381,75.01040035612569,1.0,2024
8929aeb0177ffff,74.0,22.67,42736.89467531407,97.61,lace,25.715401589142637,25.10056913445696,25.715401589142637,1.0,2024
8929aeb017bffff,266.0,10.38,49829.84525340391,98.05,lace,100.93584535543388,98.96756669690585,100.93584535543388,1.0,2024
8929aeb0183ffff,138.0,9.41,20650.0,97.5,lace,56.47222317399242,55.063230383313396,56.47222317399242,1.0,2024
8929aeb0187ffff,45.0,14.04,,97.8,lace,22.1866173074413,21.698511726677587,22.1866173074413,1.0,2024
8929aeb018bffff,48.0,13.34,,97.8,lace,22.46782816004056,21.974637330440107,22.46782816004056,1.0,2024
8929aeb018fffff,53.0,14.96,16316.0,97.8,lace,26.41696908919636,25.83579576923404,26.41696908919636,1.0,2024
8929aeb0193ffff,322.0,8.25,20526.306730119763,97.4,lace,124.11212276082429,120.88520756904286,124.11212276082429,1.0,2024
8929aeb0197ffff,445.0,11.07,25325.058351033076,97.35,lace,152.95939345384895,148.9022201801946,152.95939345384895,1.0,2024
8929aeb019bffff,295.0,7.82,20650.0,97.45,lace,112.09099538851456,109.23088300775784,112.09099538851456,1.0,2024
8929aeb01a3ffff,109.0,17.75,16316.0,97.8,lace,57.28568446244512,56.02539940427132,57.28568446244512,1.0,2024
8929aeb01a7ffff,76.0,16.61,16316.0,97.8,lace,39.1712337526304,38.309466610072526,39.1712337526304,1.0,2024
8929aeb01abffff,109.0,17.75,16316.0,97.8,lace,57.28650850902988,56.02620532183122,57.28650850902988,1.0,2024
8929aeb01afffff,109.0,17.75,16316.0,97.8,lace,57.28384329814966,56.02359874559037,57.28384329814966,1.0,2024
8929aeb01b3ffff,48.0,14.38,16316.0,97.8,lace,23.614242816946582,23.094729474973757,23.614242816946582,1.0,2024
8929aeb01b7ffff,62.0,15.78,16316.0,97.8,lace,31.60224729422253,30.90699785374963,31.60224729422253,1.0,2024
8929aeb01bbffff,86.0,17.03,16316.000000000002,97.8,lace,44.44393636478726,43.466169764761936,44.44393636478726,1.0,2024
8929aeb01c3ffff,128.0,6.89,,97.9,lace,29.748252426502184,29.12353912554564,29.748252426502184,1.0,2024
8929aeb01c7ffff,124.0,7.03,16316.0,97.9,lace,29.34389095783581,28.72644724733613,29.34389095783581,1.0,2024
8929aeb01cbffff,128.0,6.89,,97.9,lace,29.748680205652988,29.123957921334277,29.748680205652988,1.0,2024
8929aeb01cfffff,128.0,6.89,,97.9,lace,29.74729659741758,29.122603368871815,29.74729659741758,1.0,2024
8929aeb01d3ffff,87.0,12.91,,97.9,lace,32.97871783834866,32.286164763743336,32.97871783834866,1.0,2024
8929aeb01d7ffff,221.0,5.13,20650.0,97.9,lace,59.10499550862378,57.86279197799952,59.10499550862378,1.0,2024
8929aeb01dbffff,134.0,6.94,54364.92713988558,98.06,lace,32.40724954097871,31.778048032782806,32.40724954097871,1.0,2024
8929aeb0223ffff,19.0,24.08,43641.0,99.0,lace,6.757036373017747,6.689466009287568,6.757036373017747,1.0,2024
8929aeb0227ffff,124.0,15.43,47498.18232759206,98.86,lace,43.10917681424391,42.618445905004094,43.10917681424391,1.0,2024
8929aeb022bffff,161.0,23.7,43365.678945906126,99.0,lace,58.53527509045158,57.94992233954706,58.53527509045158,1.0,2024
8929aeb022fffff,134.0,21.23,41565.17191607393,99.0,lace,54.48743875582028,53.94256436826208,54.48743875582028,1.0,2024
8929aeb0237ffff,81.0,8.96,29459.797091385317,98.7,lace,24.45469252463421,24.13678619146818,24.45469252463421,1.0,2024
8929aeb0267ffff,15.0,20.03,40695.268928722755,99.0,lace,6.344793551777299,6.281345616259526,6.344793551777299,1.0,2024
8929aeb026fffff,71.0,19.59,40375.00000000002,99.0,lace,30.952911187883412,30.64338207600458,30.952911187883412,1.0,2024
8929aeb02afffff,18.0,8.96,29458.002142207835,98.7,lace,5.383031711880143,5.313052300943968,5.383031711880143,1.0,2024
8929aeb0307ffff,9.0,14.64,36709.0,98.5,lace,2.759285275529696,2.717895996396751,2.759285275529696,1.0,2024
8929aeb030bffff,40.0,13.36,56638.247116657316,98.91,lace,11.692839881406893,11.565488438186051,11.692839881406893,1.0,2024
8929aeb0317ffff,138.0,12.04,42183.20285075864,98.66,lace,42.87714156577515,42.301957474011246,42.87714156577515,1.0,2024
8929aeb032bffff,195.0,6.46,90725.07236588998,99.42,lace,49.6968404811946,49.40953010854035,49.6968404811946,1.0,2024
8929aeb033bffff,1.0,12.72,36737.0,99.1,lace,0.45853785246293965,0.45441101179077314,0.45853785246293965,1.0,2024
8929aeb0343ffff,33.0,14.39,67169.32434733334,98.72,lace,8.79112962660732,8.67817272460317,8.79112962660732,1.0,2024
8929aeb0347ffff,210.0,12.36,42237.49198810708,99.1,lace,72.9056803820684,72.24949125574958,72.9056803820684,1.0,2024
8929aeb034bffff,174.0,16.41,50597.989619005115,99.04,lace,62.435270328431834,61.83686822120121,62.435270328431834,1.0,2024
8929aeb034fffff,239.0,12.66,38985.29228063628,99.09,lace,94.10434129186329,93.25183432711412,94.10434129186329,1.0,2024
8929aeb0353ffff,110.0,14.46,67917.0,98.7,lace,29.435037541612367,29.052382053571407,29.435037541612367,1.0,2024
8929aeb0357ffff,0.0,14.46,67917.0,98.7,lace,0.0062760065010591184,0.00619441841654535,0.0062760065010591184,1.0,2024
8929aeb035bffff,106.0,18.0,48920.879425092186,98.94,lace,40.59272508662012,40.160550012033205,40.59272508662012,1.0,2024
8929aeb0363ffff,337.0,7.18,82390.90238814462,99.43,lace,89.79914843429918,89.28706881600561,89.79914843429918,1.0,2024
8929aeb0367ffff,391.0,5.61,98018.0,99.5,lace,90.91260190312313,90.45803889360752,90.91260190312313,1.0,2024
8929aeb036bffff,444.0,12.52,66942.74996769604,99.5,lace,132.72835607576602,132.0647142953872,132.72835607576602,1.0,2024
8929aeb036fffff,361.0,8.44,96583.9946441292,99.5,lace,90.89367134360506,90.43920298688704,90.89367134360506,1.0,2024
8929aeb0373ffff,50.0,12.64,37978.117443569776,99.1,lace,20.27831062573206,20.09580583010047,20.27831062573206,1.0,2024
8929aeb0377ffff,103.0,10.03,59925.333469366255,99.2,lace,35.97218776068062,35.68484958969306,35.97218776068062,1.0,2024
8929aeb037bffff,284.0,11.28,44586.10969191452,99.2,lace,106.0144763891577,105.1711166829729,106.0144763891577,1.0,2024
8929aeb0383ffff,601.0,6.0,33371.645482483545,97.3,lace,178.06366848044456,173.25594943147252,178.06366848044456,1.0,2024
8929aeb0387ffff,599.0,4.41,34348.33328003324,97.15,lace,161.50920133660856,156.90762202787772,161.50920133660856,1.0,2024
8929aeb038bffff,446.0,4.61,35140.96344336673,97.37,lace,124.13407865525608,120.86743082705732,124.13407865525608,1.0,2024
8929aeb038fffff,201.0,4.72,37227.77807383377,97.3,lace,54.76837846177958,53.28963224331153,54.76837846177958,1.0,2024
8929aeb0393ffff,635.0,4.66,28854.86609199504,97.34,lace,160.4868981806271,156.21512182152588,160.4868981806271,1.0,2024
8929aeb0397ffff,503.0,5.3,28599.595151062058,97.25,lace,137.57981540018312,133.7940980756239,137.57981540018312,1.0,2024
8929aeb039bffff,538.0,6.86,34130.64190511343,97.72,lace,183.25121796441056,179.06450210542056,183.25121796441056,1.0,2024
8929aeb03a3ffff,364.0,14.64,36709.0,98.5,lace,116.05178286846966,114.31100612544262,116.05178286846966,1.0,2024
8929aeb03a7ffff,265.0,14.08,42807.6356448397,98.47,lace,92.4016639138444,90.98851145416707,92.4016639138444,1.0,2024
8929aeb03abffff,272.0,14.64,36709.0,98.5,lace,86.66537243138265,85.36539184491193,86.66537243138265,1.0,2024
8929aeb03afffff,139.0,10.18,37830.27347703907,98.5,lace,41.056379531139754,40.44053383817266,41.056379531139754,1.0,2024
8929aeb03b3ffff,405.0,7.46,35194.39365450842,97.57,lace,111.89261504984866,109.17532527338906,111.89261504984866,1.0,2024
8929aeb03b7ffff,358.0,14.57,37510.4485406725,98.5,lace,115.29572843296482,113.56148693918884,115.29572843296482,1.0,2024
8929aeb03bbffff,407.0,10.44,36712.977111836735,98.03,lace,120.3692133467648,117.9940136308561,120.3692133467648,1.0,2024
8929aeb03c3ffff,77.0,8.96,29458.000005026617,98.7,lace,23.3291329251213,23.025854197067005,23.3291329251213,1.0,2024
8929aeb03cbffff,293.0,9.14,30727.66869635184,98.7,lace,87.85439686527737,86.71228970602877,87.85439686527737,1.0,2024
8929aeb03cfffff,20.0,8.96,29458.002988709795,98.7,lace,5.953135019769589,5.875744264512584,5.953135019769589,1.0,2024
8929aeb03d7ffff,457.0,6.53,36530.99999999998,98.1,lace,172.09711031606798,168.82726522006269,172.09711031606798,1.0,2024
8929aeb03dbffff,207.0,8.96,29458.479245068804,98.7,lace,62.20504615041113,61.3963586813852,62.20504615041113,1.0,2024
8929aeb0403ffff,11.0,3.02,47206.0,99.7,lace,3.0667145163966065,3.0575143728474163,3.0667145163966065,1.0,2024
8929aeb0407ffff,1.0,3.02,47205.99999999999,99.7,lace,0.2080362484735574,0.2074121397281367,0.2080362484735574,1.0,2024
8929aeb040bffff,12.0,3.02,47206.00000000001,99.7,lace,3.273354871230158,3.2635348066164678,3.273354871230158,1.0,2024
8929aeb040fffff,5.0,3.02,47206.0,99.7,lace,1.3935091780247437,1.3893286504906694,1.3935091780247437,1.0,2024
8929aeb0413ffff,12.0,3.02,47206.0,99.7,lace,3.155935155820758,3.146467350353296,3.155935155820758,1.0,2024
8929aeb0417ffff,0.0,3.02,47206.0,99.7,lace,0.04475556932024522,0.04462130261228449,0.04475556932024522,1.0,2024
8929aeb041bffff,12.0,3.02,47206.00000000001,99.7,lace,3.4091539320787265,3.39892647028249,3.4091539320787265,1.0,2024
8929aeb0423ffff,9.0,7.53,47732.52076285302,98.59,lace,2.2667043161741,2.2347695619033163,2.2667043161741,1.0,2024
8929aeb0427ffff,223.0,8.09,46319.40689365296,98.79,lace,57.94079953695384,57.2391089223875,57.94079953695384,1.0,2024
8929aeb042bffff,232.0,7.87,47420.11620995161,98.54,lace,59.15657639859108,58.295027937058606,59.15657639859108,1.0,2024
8929aeb042fffff,311.0,5.37,52703.44645132139,99.05,lace,84.94699910050544,84.14291636946318,84.94699910050544,1.0,2024
8929aeb0433ffff,39.0,15.81,45881.71320510632,98.53,lace,9.671192148561575,9.528650253595677,9.671192148561575,1.0,2024
8929aeb0437ffff,2.0,16.06,45855.00000000001,98.5,lace,0.43997906438841133,0.43337937842258517,0.43997906438841133,1.0,2024
8929aeb043bffff,12.0,3.02,47206.0,99.7,lace,3.165462821000981,3.155966432537978,3.165462821000981,1.0,2024
8929aeb0443ffff,12.0,3.02,47205.99999999999,99.7,lace,3.4092521997019856,3.39902444310288,3.4092521997019856,1.0,2024
8929aeb0447ffff,12.0,3.02,47206.0,99.7,lace,3.4090937867005553,3.398866505340454,3.4090937867005553,1.0,2024
8929aeb044bffff,12.0,3.02,47205.99999999999,99.7,lace,3.409301306332495,3.3990734024134976,3.409301306332495,1.0,2024
8929aeb044fffff,12.0,3.02,47206.0,99.7,lace,3.409142890527331,3.398915461855749,3.409142890527331,1.0,2024
8929aeb0453ffff,12.0,3.02,47206.0,99.7,lace,3.4093614801257215,3.399133395685345,3.4093614801257215,1.0,2024
8929aeb0457ffff,12.0,3.02,47206.0,99.7,lace,3.409203074937004,3.3989754657121933,3.409203074937004,1.0,2024
8929aeb045bffff,12.0,3.02,47206.0,99.7,lace,3.4094106076781108,3.3991823758550765,3.4094106076781108,1.0,2024
8929aeb0463ffff,129.0,7.75,46930.71456297063,98.64,lace,32.5524177675437,32.10876835305393,32.5524177675437,1.0,2024
8929aeb0467ffff,111.0,7.91,45745.22832416174,98.75,lace,27.28123835713256,26.940172802842756,27.28123835713256,1.0,2024
8929aeb046bffff,83.0,7.89,45367.20940717318,98.81,lace,20.32341051583228,20.08066168797061,20.32341051583228,1.0,2024
8929aeb046fffff,98.0,7.92,45357.0,98.8,lace,24.03955883804165,23.75108413198515,24.03955883804165,1.0,2024
8929aeb0473ffff,13.0,3.9,47309.59713640593,99.49,lace,3.4434965463649814,3.426019433894744,3.4434965463649814,1.0,2024
8929aeb0477ffff,168.0,7.69,47751.92454885764,98.55,lace,43.11101621486347,42.484855554802174,43.11101621486347,1.0,2024
8929aeb047bffff,12.0,3.02,47206.0,99.7,lace,3.408984469699095,3.3987575162899977,3.408984469699095,1.0,2024
8929aeb0483ffff,12.0,3.02,47206.0,99.7,lace,3.4091647887405303,3.3989372943743086,3.4091647887405303,1.0,2024
8929aeb0487ffff,319.0,10.22,50275.1824439553,99.7,lace,99.98899794444061,99.68903095060729,99.98899794444061,1.0,2024
8929aeb048bffff,12.0,3.02,47206.0,99.7,lace,3.4092139887376,3.398986346771387,3.4092139887376,1.0,2024
8929aeb048fffff,10.0,3.02,47206.0,99.7,lace,2.6202533421533674,2.6123925821269074,2.6202533421533674,1.0,2024
8929aeb0493ffff,12.0,3.02,47206.0,99.7,lace,3.4092739566963046,3.3990461348262158,3.4092739566963046,1.0,2024
8929aeb0497ffff,125.0,8.56,46009.21634552692,99.52,lace,34.09078200191698,33.92790779406,34.09078200191698,1.0,2024
8929aeb049bffff,12.0,3.02,47206.0,99.7,lace,3.4093231776252773,3.399095208092402,3.4093231776252773,1.0,2024
8929aeb04a3ffff,21.0,16.06,45855.0,98.5,lace,5.102776739237235,5.0262350881486775,5.102776739237235,1.0,2024
8929aeb04a7ffff,36.0,16.06,45855.0,98.5,lace,9.056935594570897,8.921081560652333,9.056935594570897,1.0,2024
8929aeb04abffff,60.0,16.06,45855.000000477485,98.5,lace,14.898095341413782,14.674623911362271,14.898095341413782,1.0,2024
8929aeb04afffff,216.0,16.06,45855.0,98.5,lace,53.71128170239067,52.90561247685481,53.71128170239067,1.0,2024
8929aeb04b3ffff,353.0,10.29,50304.99281294851,99.7,lace,110.61752297103641,110.28566870485028,110.61752297103641,1.0,2024
8929aeb04b7ffff,104.0,10.02,49572.04073767951,99.67,lace,31.788248272891092,31.684165808655717,31.788248272891092,1.0,2024
8929aeb04bbffff,76.0,10.19,50264.94847973718,99.7,lace,23.898952795084444,23.82725593537162,23.898952795084444,1.0,2024
8929aeb04c3ffff,12.0,3.02,47206.0,99.7,lace,3.409421565182777,3.399193300487229,3.409421565182777,1.0,2024
8929aeb04c7ffff,12.0,3.02,47206.0,99.7,lace,3.4092631706210113,3.3990353811091483,3.4092631706210113,1.0,2024
8929aeb04cbffff,12.0,3.02,47205.99999999999,99.7,lace,3.4094707317462114,3.399242319550973,3.4094707317462114,1.0,2024
8929aeb04cfffff,12.0,3.02,47206.0,99.7,lace,3.4093123344348353,3.399084397431531,3.4093123344348353,1.0,2024
8929aeb04d3ffff,12.0,3.02,47206.0,99.7,lace,3.4095307671292763,3.3993021748278887,3.4095307671292763,1.0,2024
8929aeb04d7ffff,12.0,3.02,47206.0,99.7,lace,3.409372380422484,3.399144263281217,3.409372380422484,1.0,2024
8929aeb04dbffff,12.0,3.02,47206.0,99.7,lace,3.409579954657613,3.39935121479364,3.409579954657613,1.0,2024
8929aeb0503ffff,224.0,15.24,14310.0,97.47,lace,77.82632760718752,75.86000881483584,77.82632760718752,1.0,2024
8929aeb0507ffff,229.0,15.19,14310.0,97.4,lace,76.48666550522678,74.49801220209089,76.48666550522678,1.0,2024
8929aeb050bffff,200.0,15.16,28534.48038411471,97.9,lace,86.8421987485402,85.01703019180177,86.8421987485402,1.0,2024
8929aeb050fffff,225.0,15.23,14310.0,97.46,lace,77.58575618235656,75.615504310749,77.58575618235656,1.0,2024
8929aeb0513ffff,106.0,16.34,30290.64280607492,98.27,lace,29.81633758024613,29.30169520198917,29.81633758024613,1.0,2024
8929aeb0517ffff,164.0,16.23,14310.0,97.61,lace,52.30355770743918,51.05305843855523,52.30355770743918,1.0,2024
8929aeb051bffff,182.0,13.43,39026.77439738352,98.02,lace,71.65498915820086,70.23624392009367,71.65498915820086,1.0,2024
8929aeb0523ffff,291.0,15.14,21251.446757779104,97.35,lace,102.62772767474576,99.90410112628605,102.62772767474576,1.0,2024
8929aeb0527ffff,620.0,13.1,28208.166691341394,97.3,lace,198.62205990789877,193.25926429038552,198.62205990789877,1.0,2024
8929aeb052bffff,254.0,12.82,16439.97165950285,97.4,lace,89.35464190034392,87.031421210935,89.35464190034392,1.0,2024
8929aeb052fffff,455.0,11.2,24948.184174815942,97.35,lace,155.8586455264909,151.72097218447718,155.8586455264909,1.0,2024
8929aeb0533ffff,226.0,16.62,18730.83132510627,97.36,lace,86.52641565585688,84.23944483707024,86.52641565585688,1.0,2024
8929aeb0537ffff,223.0,19.27,26929.0,97.3,lace,104.67660507496268,101.85033673793869,104.67660507496268,1.0,2024
8929aeb053bffff,229.0,15.19,14310.0,97.4,lace,76.48421141457275,74.49562191779387,76.48421141457275,1.0,2024
8929aeb0543ffff,350.0,9.9,43568.73641833122,98.68,lace,106.16587178437013,104.76844859491553,106.16587178437013,1.0,2024
8929aeb0547ffff,261.0,7.85,30215.999999999996,97.9,lace,93.32576957407892,91.36592841302327,93.32576957407892,1.0,2024
8929aeb054bffff,437.0,7.99,45211.64269064202,99.1,lace,114.13731426992766,113.11007844149829,114.13731426992766,1.0,2024
8929aeb054fffff,333.0,5.16,42296.9308812224,98.55,lace,91.49436365219003,90.16560370772635,91.49436365219003,1.0,2024
8929aeb0553ffff,330.0,9.68,44544.5579291708,98.68,lace,97.53802438606596,96.25273913050547,97.53802438606596,1.0,2024
8929aeb0557ffff,197.0,15.57,,97.9,lace,86.61717949867194,84.79821872919983,86.61717949867194,1.0,2024
8929aeb055bffff,448.0,8.38,44562.20681539935,99.1,lace,118.55812841483295,117.49110525909944,118.55812841483295,1.0,2024
8929aeb0563ffff,474.0,4.36,14310.0,97.9,lace,141.94377614282527,138.95646747992166,141.94377614282527,1.0,2024
8929aeb0567ffff,281.0,11.04,17023.216386396172,97.46,lace,97.92567809737866,95.43414956302527,97.92567809737866,1.0,2024
8929aeb056bffff,74.0,15.99,,97.9,lace,34.028419909119705,33.31382309102819,34.028419909119705,1.0,2024
8929aeb056fffff,526.0,3.81,20650.0,97.89,lace,154.68849394417092,151.42307540315934,154.68849394417092,1.0,2024
8929aeb0573ffff,239.0,9.62,29967.781959054624,97.9,lace,89.89086943721921,87.99962065100688,89.89086943721921,1.0,2024
8929aeb0577ffff,228.0,15.03,14310.000000000002,97.45,lace,77.88496502478604,75.90032533260921,77.88496502478604,1.0,2024
8929aeb057bffff,144.0,8.73,30216.0,97.9,lace,53.98425530361234,52.85058594223649,53.98425530361234,1.0,2024
8929aeb0583ffff,56.0,19.41,,98.4,lace,15.339824859371518,15.094387661621575,15.339824859371518,1.0,2024
8929aeb0587ffff,155.0,17.17,67821.23866537893,98.4,lace,44.55859567059842,43.84565813986885,44.55859567059842,1.0,2024
8929aeb058bffff,78.0,16.75,39115.0,98.42,lace,21.25801604707373,20.92295370238773,21.25801604707373,1.0,2024
8929aeb058fffff,88.0,19.41,,98.4,lace,23.822598597797406,23.441437020232648,23.822598597797406,1.0,2024
8929aeb0593ffff,73.0,19.41,,98.4,lace,19.75710387604241,19.44099021402573,19.75710387604241,1.0,2024
8929aeb0597ffff,110.0,16.09,47500.0,98.4,lace,28.912113114822553,28.449519304985394,28.912113114822553,1.0,2024
8929aeb059bffff,5.0,19.41,39115.0,98.4,lace,1.354139163573425,1.3324729371580495,1.354139163573425,1.0,2024
8929aeb05a3ffff,310.0,17.13,57490.48067848324,97.96,lace,109.26175672582687,107.0358963913892,109.26175672582687,1.0,2024
8929aeb05a7ffff,263.0,15.96,54885.97563565832,97.6,lace,98.19752770586487,95.84206049813595,98.19752770586487,1.0,2024
8929aeb05abffff,226.0,16.53,18847.163764562833,97.37,lace,85.51658703735052,83.26626447414327,85.51658703735052,1.0,2024
8929aeb05afffff,223.0,19.27,26929.0,97.3,lace,104.67996355488523,101.85360453890333,104.67996355488523,1.0,2024
8929aeb05b3ffff,371.0,16.22,70494.0,98.4,lace,112.51090857476837,110.71073403757208,112.51090857476837,1.0,2024
8929aeb05b7ffff,365.0,13.94,67963.3282240886,98.5,lace,108.77076989561269,107.14052476059021,108.77076989561269,1.0,2024
8929aeb05bbffff,175.0,17.33,70494.0,98.4,lace,51.05421212853193,50.23734473447543,51.05421212853193,1.0,2024
8929aeb05c3ffff,137.0,7.99,39115.0,98.5,lace,38.47906476288939,37.901878791446045,38.47906476288939,1.0,2024
8929aeb05c7ffff,151.0,7.99,39115.0,98.5,lace,42.47258138900431,41.835492668169245,42.47258138900431,1.0,2024
8929aeb05cbffff,229.0,7.9,45710.75518447491,98.5,lace,60.11431112672054,59.212596459819736,60.11431112672054,1.0,2024
8929aeb05cfffff,158.0,9.33,39115.0,98.35,lace,48.68873594114042,47.88523215533238,48.68873594114042,1.0,2024
8929aeb05d3ffff,2.0,7.99,39115.0,98.5,lace,0.4959481242498046,0.4885089023860576,0.4959481242498046,1.0,2024
8929aeb05d7ffff,8.0,7.99,39115.0,98.5,lace,2.2010078811687155,2.167992762951185,2.2010078811687155,1.0,2024
8929aeb05dbffff,118.0,13.36,44053.22675591592,98.5,lace,30.45267253033708,29.995882442382026,30.45267253033708,1.0,2024
8929aeb0603ffff,161.0,7.95,39342.0,99.2,lace,37.97223523498194,37.668457353102085,37.97223523498194,1.0,2024
8929aeb0607ffff,126.0,9.21,45259.94455524838,99.2,lace,31.627941074522234,31.374917545926056,31.627941074522234,1.0,2024
8929aeb060bffff,1.0,8.16,77720.99999756765,99.2,lace,0.30706198340257335,0.3046054875353527,0.30706198340257335,1.0,2024
8929aeb060fffff,24.0,7.95,39342.0,99.2,lace,5.752413360993223,5.706394054105277,5.752413360993223,1.0,2024
8929aeb0613ffff,148.0,7.85,39507.98763722326,99.21,lace,35.17114401966601,34.89406264306615,35.17114401966601,1.0,2024
8929aeb0617ffff,187.0,9.56,46875.48627855833,99.2,lace,47.71849198078769,47.33674404494138,47.71849198078769,1.0,2024
8929aeb061bffff,157.0,8.03,39628.05794290277,99.2,lace,37.143169915378614,36.84602455605558,37.143169915378614,1.0,2024
8929aeb0633ffff,1.0,11.26,54837.0,99.2,lace,0.3495986658254995,0.3468018764988955,0.3495986658254995,1.0,2024
8929aeb0643ffff,247.0,8.7,77399.08966320376,99.2,lace,60.22644413057967,59.744632577535036,60.22644413057967,1.0,2024
8929aeb0647ffff,111.0,8.16,77720.99857931084,99.2,lace,26.796528745870223,26.58215651590326,26.796528745870223,1.0,2024
8929aeb064bffff,194.0,8.16,77720.5361026004,99.2,lace,46.72875583278276,46.354925786120496,46.72875583278276,1.0,2024
8929aeb064fffff,115.0,8.16,77720.42686167377,99.2,lace,27.715873225933223,27.494146240125758,27.715873225933223,1.0,2024
8929aeb0653ffff,44.0,16.89,72532.99999994862,99.2,lace,12.108780985547254,12.011910737662877,12.108780985547254,1.0,2024
8929aeb0657ffff,147.0,14.7,73501.35442080366,99.2,lace,39.427475285036095,39.11205548275581,39.427475285036095,1.0,2024
8929aeb065bffff,40.0,8.26,77659.6987039765,99.2,lace,9.619973235162563,9.543013449281263,9.619973235162563,1.0,2024
8929aeb0683ffff,12.0,3.02,47206.0,99.7,lace,3.4095088085091056,3.3992802820835784,3.4095088085091056,1.0,2024
8929aeb0687ffff,12.0,3.02,47206.0,99.7,lace,3.409350394875637,3.3991223436910105,3.409350394875637,1.0,2024
8929aeb068bffff,12.0,3.02,47206.0,99.7,lace,3.4095578817573884,3.3993292081121167,3.4095578817573884,1.0,2024
8929aeb068fffff,27.0,6.46,45615.759323376515,99.43,lace,6.94856124847634,6.9086396733875715,6.94856124847634,1.0,2024
8929aeb0693ffff,12.0,3.02,47205.99999999999,99.7,lace,3.409618122963324,3.3993892685944345,3.409618122963324,1.0,2024
8929aeb0697ffff,12.0,3.02,47205.99999999999,99.7,lace,3.409459717146479,3.39923133799504,3.409459717146479,1.0,2024
8929aeb069bffff,12.0,3.02,47206.0,99.7,lace,3.4096672171395803,3.399438215488162,3.4096672171395803,1.0,2024
8929aeb06a3ffff,167.0,11.15,54578.144851613455,99.19,lace,45.99536056485758,45.62416732769368,45.99536056485758,1.0,2024
8929aeb06a7ffff,6.0,10.82,53602.958211694386,99.15,lace,1.637461137913502,1.6235943122993601,1.637461137913502,1.0,2024
8929aeb06abffff,180.0,11.26,54836.99999999999,99.2,lace,49.550193931796876,49.1537923803425,49.550193931796876,1.0,2024
8929aeb06afffff,93.0,11.26,54836.99966528154,99.2,lace,25.73760211615665,25.531701296005203,25.73760211615665,1.0,2024
8929aeb06b3ffff,12.0,3.02,47206.0,99.7,lace,3.4091919762405705,3.398964400311849,3.4091919762405705,1.0,2024
8929aeb06b7ffff,47.0,7.26,45963.32647880432,98.97,lace,11.698641696071885,11.578224347886138,11.698641696071885,1.0,2024
8929aeb06bbffff,96.0,10.72,54341.42537419335,99.23,lace,26.438827541789518,26.23585629200551,26.438827541789518,1.0,2024
8929aeb06c3ffff,258.0,9.58,63464.09057132421,99.9,lace,87.69692827098223,87.60869547662142,87.69692827098223,1.0,2024
8929aeb06c7ffff,66.0,7.4,42001.241814237954,99.34,lace,16.44365938997269,16.334711053525897,16.44365938997269,1.0,2024
8929aeb06cbffff,177.0,9.55,62980.48548233913,99.86,lace,59.445226450039584,59.36287997148686,59.445226450039584,1.0,2024
8929aeb06cfffff,82.0,11.49,60080.29059032192,99.44,lace,23.491751586357374,23.36032765947993,23.491751586357374,1.0,2024
8929aeb06d3ffff,473.0,4.28,90967.22871414594,99.9,lace,124.21829284740292,124.0935641359518,124.21829284740292,1.0,2024
8929aeb06d7ffff,17.0,4.84,51723.68328904385,99.76,lace,4.946911224576553,4.935259479680257,4.946911224576553,1.0,2024
8929aeb06dbffff,284.0,9.38,64710.145632834654,99.9,lace,95.82631876035963,95.73049244159927,95.82631876035963,1.0,2024
8929aeb0893ffff,5.0,9.83,47265.949375860284,97.41,lace,1.8941323024375198,1.8450578832133087,1.8941323024375198,1.0,2024
8929aeb0897ffff,7.0,9.97,64998.50840042316,98.27,lace,2.511517849902718,2.468096066535255,2.511517849902718,1.0,2024
8929aeb089bffff,0.0,10.02,30601.0,96.5,lace,0.004478358436937633,0.004321615891644815,0.004478358436937633,1.0,2024
8929aeb08c3ffff,9.0,10.02,30601.0,96.5,lace,3.263556634682453,3.1493321524685673,3.263556634682453,1.0,2024
8929aeb08cbffff,12.0,10.02,30601.0,96.5,lace,4.230832915983811,4.082753763924377,4.230832915983811,1.0,2024
8929aeb08d3ffff,116.0,14.3,34611.68164963861,96.87,lace,40.66185854437884,39.38751754607755,40.66185854437884,1.0,2024
8929aeb08d7ffff,12.0,10.02,30600.999999999996,96.5,lace,4.159468104737335,4.013886721071528,4.159468104737335,1.0,2024
8929aeb08dbffff,133.0,26.01,32937.10573592365,97.05,lace,51.35055094105215,49.833621899433666,51.35055094105215,1.0,2024
8929aeb0983ffff,1.0,8.06,87164.00844604975,99.9,lace,0.29212720931883374,0.29183508210951487,0.29212720931883374,1.0,2024
8929aeb0993ffff,20.0,18.33,114095.88708704508,99.9,lace,7.198527014977107,7.191328487962131,7.198527014977107,1.0,2024
8929aeb099bffff,0.0,8.06,87164.0,99.9,lace,0.019689563852265585,0.01966987428841332,0.019689563852265585,1.0,2024
8929aeb0ad3ffff,0.0,42.41,140966.0,98.9,lace,0.01021664213399486,0.010104259070520918,0.01021664213399486,1.0,2024
8929aeb0c03ffff,181.0,15.75,73626.99022667199,99.0,lace,80.28464046727704,79.48179406260428,80.28464046727704,1.0,2024
8929aeb0c07ffff,104.0,19.44,71605.88869218348,99.02,lace,40.45235684518751,40.05793722268767,40.45235684518751,1.0,2024
8929aeb0c0bffff,107.0,17.73,71927.04055737444,98.76,lace,45.17602406787623,44.61445194520422,45.17602406787623,1.0,2024
8929aeb0c0fffff,140.0,19.77,71146.0,99.0,lace,54.556958143452235,54.01138856201771,54.556958143452235,1.0,2024
8929aeb0c13ffff,299.0,10.2,77048.80653678824,99.0,lace,155.83528539496274,154.2769325410131,155.83528539496274,1.0,2024
8929aeb0c17ffff,140.0,19.77,71146.0,99.0,lace,54.557929062922746,54.01234977229352,54.557929062922746,1.0,2024
8929aeb0c1bffff,184.0,10.41,77212.0,98.87,lace,96.00629781898971,94.92061645160027,96.00629781898971,1.0,2024
8929aeb0c23ffff,11.0,8.06,87164.0,99.9,lace,4.022154631338927,4.0181324767075886,4.022154631338927,1.0,2024
8929aeb0c27ffff,11.0,8.06,87164.0,99.9,lace,4.0219673713525355,4.017945403981184,4.0219673713525355,1.0,2024
8929aeb0c2bffff,24.0,9.21,54081.820536235435,97.96,lace,8.555881703915215,8.381539894579607,8.555881703915215,1.0,2024
8929aeb0c2fffff,11.0,8.06,87164.0,99.9,lace,4.022025153947284,4.018003128793337,4.022025153947284,1.0,2024
8929aeb0c33ffff,11.0,8.06,87164.0,99.9,lace,4.022284074872095,4.018261790797223,4.022284074872095,1.0,2024
8929aeb0c37ffff,11.0,8.06,87164.0,99.9,lace,4.022096824082313,4.018074727258231,4.022096824082313,1.0,2024
8929aeb0c3bffff,41.0,17.39,74408.41403038302,99.18,lace,15.639387873660926,15.510872643765861,15.639387873660926,1.0,2024
8929aeb0c43ffff,135.0,15.55,42354.49323593235,97.66,lace,42.69780565242325,41.700373338149504,42.69780565242325,1.0,2024
8929aeb0c47ffff,72.0,22.39,42857.61826682757,97.63,lace,25.43778518195298,24.83405892028121,25.43778518195298,1.0,2024
8929aeb0c4bffff,432.0,5.87,40487.00184931622,97.86,lace,120.8298584142774,118.24707894689442,120.8298584142774,1.0,2024
8929aeb0c4fffff,202.0,8.69,42164.83490752521,97.81,lace,54.91017358354023,53.70684054082004,54.91017358354023,1.0,2024
8929aeb0c53ffff,65.0,18.22,30735.92555942758,97.74,lace,29.34658651965951,28.684800686282184,29.34658651965951,1.0,2024
8929aeb0c57ffff,49.0,15.83,42552.0,97.77,lace,22.636008246243232,22.131006032072737,22.636008246243232,1.0,2024
8929aeb0c5bffff,117.0,19.22,42552.0,97.6,lace,39.74724590869542,38.79331200688673,39.74724590869542,1.0,2024
8929aeb0c63ffff,73.0,22.76,42552.0,97.6,lace,25.489584648402374,24.877834616840715,25.489584648402374,1.0,2024
8929aeb0c67ffff,134.0,11.62,32172.66836426346,96.64,lace,47.06766489859274,45.48427751285584,47.06766489859274,1.0,2024
8929aeb0c6bffff,73.0,22.76,42552.0,97.6,lace,25.4899505776685,24.878191763804452,25.4899505776685,1.0,2024
8929aeb0c6fffff,84.0,16.19,36388.122792738504,97.03,lace,29.575038982935403,28.696402183273346,29.575038982935403,1.0,2024
8929aeb0c73ffff,95.0,21.31,56487.345220314586,98.32,lace,35.12663921421576,34.53681317709912,35.12663921421576,1.0,2024
8929aeb0c77ffff,106.0,20.19,63670.46107378466,98.65,lace,39.956524147585014,39.41909504363306,39.956524147585014,1.0,2024
8929aeb0c7bffff,73.0,22.76,42552.0,97.6,lace,25.49077124908109,24.87899273910314,25.49077124908109,1.0,2024
8929aeb0c83ffff,191.0,16.17,81960.76271629086,99.0,lace,73.91466121096181,73.1755145988522,73.91466121096181,1.0,2024
8929aeb0c87ffff,140.0,19.77,71145.11876740512,99.0,lace,54.48810848349046,53.94322739865556,54.48810848349046,1.0,2024
8929aeb0c8bffff,280.0,11.6,82011.37876114568,99.0,lace,130.50477992508684,129.19973212583594,130.50477992508684,1.0,2024
8929aeb0c8fffff,196.0,14.65,74397.55773189529,99.0,lace,90.06123370441793,89.16062136737375,90.06123370441793,1.0,2024
8929aeb0c93ffff,147.0,15.64,83234.79034447494,99.0,lace,60.17516411106968,59.57341246995898,60.17516411106968,1.0,2024
8929aeb0c97ffff,81.0,19.6,70765.18061076706,99.0,lace,36.86347569705039,36.49484094007988,36.86347569705039,1.0,2024
8929aeb0c9bffff,247.0,13.92,88716.0,99.0,lace,95.2271105615115,94.27483945589638,95.2271105615115,1.0,2024
8929aeb0ca3ffff,11.0,8.06,87164.0,99.9,lace,4.022355627989874,4.018333272361883,4.022355627989874,1.0,2024
8929aeb0ca7ffff,9.0,8.06,87164.0,99.9,lace,3.3786323454187945,3.3752537130733757,3.3786323454187945,1.0,2024
8929aeb0cabffff,35.0,16.85,75149.36049206811,99.22,lace,13.44296148347474,13.337984728567434,13.44296148347474,1.0,2024
8929aeb0cafffff,11.0,8.06,87164.0,99.9,lace,4.022226242947594,4.018204016704647,4.022226242947594,1.0,2024
8929aeb0cb3ffff,60.0,18.76,72233.65758738261,99.06,lace,25.370980010947584,25.133513507849607,25.370980010947584,1.0,2024
8929aeb0cb7ffff,11.0,8.06,87164.0,99.9,lace,4.022297750036113,4.018275452286077,4.022297750036113,1.0,2024
8929aeb0cbbffff,119.0,19.6,71384.5351371306,99.01,lace,46.205369519808215,45.749299019095034,46.205369519808215,1.0,2024
8929aeb0cc3ffff,46.0,14.01,77212.0,97.81,lace,22.33791048509941,21.84864287316124,22.33791048509941,1.0,2024
8929aeb0cc7ffff,248.0,10.11,77212.0,98.95,lace,129.87761543763236,128.51769333796386,129.87761543763236,1.0,2024
8929aeb0ccbffff,73.0,16.43,16316.0,97.8,lace,37.223984286309786,36.40505663201097,37.223984286309786,1.0,2024
8929aeb0ccfffff,45.0,14.04,,97.8,lace,22.18138169549359,21.693391298192733,22.18138169549359,1.0,2024
8929aeb0cd3ffff,45.0,14.04,88716.0,97.8,lace,22.19442976642728,21.706334120304106,22.19442976642728,1.0,2024
8929aeb0cd7ffff,222.0,13.64,87880.92378670514,98.96,lace,88.16540022332586,87.24569086250139,88.16540022332586,1.0,2024
8929aeb0cdbffff,74.0,16.52,16316.0,97.8,lace,38.19764374409978,37.35729558172959,38.19764374409978,1.0,2024
8929aeb0d07ffff,10.0,8.06,87164.0,99.9,lace,3.7872595529232935,3.7834722933703704,3.7872595529232935,1.0,2024
8929aeb0d0fffff,6.0,8.06,87164.0,99.9,lace,2.4342085502260664,2.4317743416758404,2.4342085502260664,1.0,2024
8929aeb0d17ffff,1.0,8.06,87164.0,99.9,lace,0.524678056113527,0.5241533780574135,0.524678056113527,1.0,2024
8929aeb0d23ffff,125.0,22.5,125027.06174182046,99.9,lace,43.4619610980252,43.41849913692718,43.4619610980252,1.0,2024
8929aeb0d27ffff,178.0,22.9,126090.00000000001,99.9,lace,61.8637598888519,61.80189612896305,61.8637598888519,1.0,2024
8929aeb0d2bffff,58.0,21.19,121599.88861177077,99.9,lace,20.227714300585617,20.207486586285032,20.227714300585617,1.0,2024
8929aeb0d2fffff,152.0,22.9,126090.0,99.9,lace,52.65073247771174,52.59808174523403,52.65073247771174,1.0,2024
8929aeb0d33ffff,11.0,8.06,87164.0,99.9,lace,4.020973196669875,4.016952223473205,4.020973196669875,1.0,2024
8929aeb0d37ffff,138.0,22.7,125552.00452634932,99.9,lace,47.97925935482618,47.93128009547136,47.97925935482618,1.0,2024
8929aeb0d3bffff,11.0,8.06,87164.0,99.9,lace,4.0210309839905705,4.01700995300658,4.0210309839905705,1.0,2024
8929aeb0d43ffff,9.0,8.06,87164.0,99.9,lace,3.4585631733229674,3.4551046101496445,3.4585631733229674,1.0,2024
8929aeb0d47ffff,0.0,8.06,87164.0,99.9,lace,0.043915557891220966,0.04387164233332975,0.043915557891220966,1.0,2024
8929aeb0d4bffff,45.0,11.93,45612.92165396779,96.86,lace,15.437315449067185,14.952931913451973,15.437315449067185,1.0,2024
8929aeb0d4fffff,10.0,11.57,57785.56290210814,98.2,lace,4.119187323509543,4.045200856200605,4.119187323509543,1.0,2024
8929aeb0d53ffff,9.0,8.06,87164.0,99.9,lace,3.401904800414693,3.398502895614278,3.401904800414693,1.0,2024
8929aeb0d57ffff,0.0,8.06,87164.0,99.9,lace,0.0009935909084391335,0.0009925973175306945,0.0009935909084391335,1.0,2024
8929aeb0d5bffff,11.0,8.06,87164.0,99.9,lace,4.021837884811164,4.017816046926353,4.021837884811164,1.0,2024
8929aeb0d63ffff,1.0,8.06,87164.0,99.9,lace,0.19181944025047715,0.19162762081022666,0.19181944025047715,1.0,2024
8929aeb0d67ffff,0.0,8.06,87164.0,99.9,lace,0.09792634303424015,0.09782841669120591,0.09792634303424015,1.0,2024
8929aeb0d6bffff,0.0,15.9,21611.0,96.5,lace,0.06544323850826209,0.06315272516047292,0.06544323850826209,1.0,2024
8929aeb0d73ffff,3.0,8.06,87164.0,99.9,lace,1.0545295372907992,1.0534750077535084,1.0545295372907992,1.0,2024
8929aeb0d77ffff,7.0,8.06,87164.0,99.9,lace,2.661296245261173,2.658634949015912,2.661296245261173,1.0,2024
8929aeb0d7bffff,22.0,15.3,26647.417093404434,96.72,lace,10.073442712940524,9.74264789246089,10.073442712940524,1.0,2024
8929aeb0da3ffff,11.0,8.06,87164.0,99.9,lace,4.021044837123054,4.017023792285931,4.021044837123054,1.0,2024
8929aeb0da7ffff,7.0,8.06,87164.0,99.9,lace,2.4961672017601306,2.4936710345583704,2.4961672017601306,1.0,2024
8929aeb0dabffff,11.0,8.06,87164.0,99.9,lace,4.02110267046014,4.017081567789679,4.02110267046014,1.0,2024
8929aeb0dafffff,7.0,8.06,87164.0,99.9,lace,2.6823162364085205,2.679633920172112,2.6823162364085205,1.0,2024
8929aeb0db3ffff,5.0,8.06,87164.0,99.9,lace,1.7410397030981706,1.7392986633950724,1.7410397030981706,1.0,2024
8929aeb0db7ffff,10.0,8.06,87164.0,99.9,lace,3.786743404918225,3.782956661513307,3.786743404918225,1.0,2024
8929aeb0dbbffff,5.0,8.06,87164.0,99.9,lace,1.8483293764204831,1.8464810470440627,1.8483293764204831,1.0,2024
8929aeb0dcbffff,9.0,8.06,87164.0,99.9,lace,3.303266123890713,3.2999628577668227,3.303266123890713,1.0,2024
8929aeb0ddbffff,9.0,8.06,87164.0,99.9,lace,3.3197746236816394,3.316454849057958,3.3197746236816394,1.0,2024
8929aeb0e03ffff,261.0,5.56,35251.39030577891,97.7,lace,87.57628268390819,85.56225845671732,87.57628268390819,1.0,2024
8929aeb0e07ffff,118.0,55.18,34899.0,97.7,lace,53.76790496518323,52.53124315098402,53.76790496518323,1.0,2024
8929aeb0e0bffff,107.0,19.92,69654.4513285298,98.6,lace,37.015070509968474,36.497030599355085,37.015070509968474,1.0,2024
8929aeb0e0fffff,36.0,55.05,35650.89895429458,97.71,lace,16.499252470695048,16.12081140591985,16.499252470695048,1.0,2024
8929aeb0e13ffff,304.0,5.89,34899.0,97.7,lace,102.5721472388992,100.21298785240452,102.5721472388992,1.0,2024
8929aeb0e17ffff,133.0,46.91,34401.2989545284,97.72,lace,59.415792555192496,58.05900674945,59.415792555192496,1.0,2024
8929aeb0e1bffff,223.0,13.87,66596.0636315568,98.34,lace,73.88004227040992,72.65384134879405,73.88004227040992,1.0,2024
8929aeb0e23ffff,145.0,27.81,32294.25649468602,97.05,lace,56.98475961098666,55.30270423085754,56.98475961098666,1.0,2024
8929aeb0e27ffff,52.0,10.02,30601.000000000004,96.5,lace,18.446781347279995,17.801144000125195,18.446781347279995,1.0,2024
8929aeb0e2bffff,32.0,24.65,32692.225094773643,96.97,lace,12.41317055553232,12.03669313926589,12.41317055553232,1.0,2024
8929aeb0e2fffff,59.0,10.02,30601.0,96.5,lace,20.6896560638696,19.965518101634164,20.6896560638696,1.0,2024
8929aeb0e33ffff,118.0,55.18,34899.0,97.7,lace,53.76540202431399,52.52879777775477,53.76540202431399,1.0,2024
8929aeb0e37ffff,136.0,34.9,32968.719370677114,97.24,lace,55.617229835084146,54.080067978907735,55.617229835084146,1.0,2024
8929aeb0e3bffff,102.0,55.17,34950.54964119607,97.7,lace,46.56312353541767,45.49237300823535,46.56312353541767,1.0,2024
8929aeb0e47ffff,57.0,19.92,69664.35371329282,98.6,lace,19.828668003515208,19.551166366178677,19.828668003515208,1.0,2024
8929aeb0e4bffff,0.0,26.46,74271.0,98.6,lace,0.004395200952371657,0.004333668139038454,0.004395200952371657,1.0,2024
8929aeb0e4fffff,0.0,42.41,140965.48022210525,98.9,lace,0.02991601228298806,0.029586935480387797,0.02991601228298806,1.0,2024
8929aeb0e57ffff,97.0,19.89,69542.0,98.6,lace,33.51262001287933,33.04344333269902,33.51262001287933,1.0,2024
8929aeb0e63ffff,0.0,42.41,140966.0,98.9,lace,0.12493608475864185,0.1235617878262968,0.12493608475864185,1.0,2024
8929aeb0e67ffff,0.0,42.41,140966.0,98.9,lace,0.1075975726542915,0.1064139993550943,0.1075975726542915,1.0,2024
8929aeb0e6bffff,0.0,42.41,140966.0,98.9,lace,0.12493787351973673,0.12356355691101964,0.12493787351973673,1.0,2024
8929aeb0e6fffff,0.0,42.41,140966.0,98.9,lace,0.06483396942653348,0.06412079576284162,0.06483396942653348,1.0,2024
8929aeb0e73ffff,0.0,42.41,140966.0,98.9,lace,0.12494011143848334,0.12356577021266003,0.12494011143848334,1.0,2024
8929aeb0e77ffff,0.0,42.41,140966.0,98.9,lace,0.12493429533294227,0.12356001808427992,0.12493429533294227,1.0,2024
8929aeb0e7bffff,0.0,42.41,140966.0,98.9,lace,0.12494190096635979,0.12356754005572984,0.12494190096635979,1.0,2024
8929aeb0e83ffff,144.0,43.66,34038.61624956092,97.72,lace,63.42990812476526,61.98181518565269,63.42990812476526,1.0,2024
8929aeb0e87ffff,461.0,8.33,29375.355637997716,97.9,lace,211.73125148552535,207.2808482141556,211.73125148552535,1.0,2024
8929aeb0e8bffff,228.0,16.35,34899.0,97.7,lace,82.55038255229123,80.65172375358853,82.55038255229123,1.0,2024
8929aeb0e8fffff,137.0,46.45,33839.989036409155,97.74,lace,62.58225190000269,61.16620676083181,62.58225190000269,1.0,2024
8929aeb0e93ffff,315.0,15.48,,97.6,lace,104.39585985565925,101.89035921912343,104.39585985565925,1.0,2024
8929aeb0e97ffff,365.0,12.4,29204.312029411856,97.75,lace,141.22294525923104,138.04742490167087,141.22294525923104,1.0,2024
8929aeb0e9bffff,223.0,18.31,36949.92691749919,97.65,lace,77.94728704658692,76.11204030770722,77.94728704658692,1.0,2024
8929aeb0ea3ffff,294.0,14.1,40075.000093030736,97.84,lace,87.30754390636889,85.42338771138552,87.30754390636889,1.0,2024
8929aeb0ea7ffff,90.0,34.78,39494.345303937625,97.66,lace,34.84680689879618,34.02982292696581,34.84680689879618,1.0,2024
8929aeb0eabffff,118.0,55.18,34899.0,97.7,lace,53.76713396400122,52.53048988282919,53.76713396400122,1.0,2024
8929aeb0eafffff,118.0,55.18,34899.0,97.7,lace,53.764631067544414,52.5280445529909,53.764631067544414,1.0,2024
8929aeb0eb3ffff,451.0,4.59,40978.391774174575,97.9,lace,119.66901708227479,117.15596772354704,119.66901708227479,1.0,2024
8929aeb0eb7ffff,191.0,9.14,42177.46312403419,97.8,lace,52.40336181564719,51.250437623591374,52.40336181564719,1.0,2024
8929aeb0ebbffff,457.0,8.43,29508.189681311793,97.9,lace,209.01258519302473,204.61815473797637,209.01258519302473,1.0,2024
8929aeb0ec3ffff,162.0,9.88,51705.0,98.4,lace,44.09835005817152,43.39277645724078,44.09835005817152,1.0,2024
8929aeb0ec7ffff,346.0,8.26,51705.0,98.23,lace,98.20074747453054,96.46392788434707,98.20074747453054,1.0,2024
8929aeb0ecfffff,140.0,12.51,56387.29748614753,98.46,lace,40.860657232997525,40.23231601952507,40.860657232997525,1.0,2024
8929aeb0ed3ffff,292.0,10.47,54777.939394229026,98.4,lace,93.09633476934171,91.60679341303225,93.09633476934171,1.0,2024
8929aeb0ed7ffff,346.0,8.44,51705.0,98.25,lace,97.73238827734116,96.02225773908738,97.73238827734116,1.0,2024
8929aeb0edbffff,52.0,9.86,51660.6168832056,98.4,lace,14.221648798642796,13.994152310335924,14.221648798642796,1.0,2024
8929aeb1003ffff,434.0,12.38,,98.4,lace,109.10933629068204,107.36358691003113,109.10933629068204,1.0,2024
8929aeb1007ffff,20.0,17.31,64028.0,98.4,lace,8.679064258776796,8.540199230636368,8.679064258776796,1.0,2024
8929aeb100bffff,46.0,13.45,64028.00000000001,98.4,lace,13.33602980394687,13.122653327083718,13.33602980394687,1.0,2024
8929aeb100fffff,78.0,13.94,64028.0,98.4,lace,23.92890751329947,23.546044993086678,23.92890751329947,1.0,2024
8929aeb1013ffff,133.0,12.38,69271.0,98.4,lace,33.31286454110313,32.78007152423882,33.31286454110313,1.0,2024
8929aeb1017ffff,1.0,13.88,64028.0,98.4,lace,0.2059967681114166,0.2027008198216339,0.2059967681114166,1.0,2024
8929aeb101bffff,36.0,12.38,64028.0,98.4,lace,9.019787325793615,8.875470728580916,9.019787325793615,1.0,2024
8929aeb1023ffff,27.0,17.43,64028.0,98.4,lace,11.84017984383501,11.65073696633365,11.84017984383501,1.0,2024
8929aeb1027ffff,27.0,17.43,64028.0,98.4,lace,11.839629473946172,11.650195402363034,11.839629473946172,1.0,2024
8929aeb102bffff,27.0,17.43,64028.0,98.4,lace,11.840349074530513,11.650903489338026,11.840349074530513,1.0,2024
8929aeb102fffff,27.0,17.43,64028.0,98.4,lace,11.839798694882807,11.650361915764684,11.839798694882807,1.0,2024
8929aeb1033ffff,47.0,14.22,68528.4245526311,98.86,lace,16.557438487587834,16.368200156846807,16.557438487587834,1.0,2024
8929aeb1037ffff,27.0,17.43,64027.99999999999,98.4,lace,11.840010550220624,11.650570381417094,11.840010550220624,1.0,2024
8929aeb103bffff,27.0,17.43,64028.0,98.4,lace,11.840730196556837,11.651278513411928,11.840730196556837,1.0,2024
8929aeb1043ffff,11.0,10.65,99709.44919614607,98.85,lace,3.7717897202432513,3.728324271324886,3.7717897202432513,1.0,2024
8929aeb1047ffff,26.0,17.43,64028.0,98.4,lace,11.19684452728355,11.017695014847016,11.19684452728355,1.0,2024
8929aeb104bffff,12.0,6.08,124523.22983752671,99.3,lace,3.4944860999815033,3.4699368009524454,3.4944860999815033,1.0,2024
8929aeb104fffff,27.0,17.36,64371.43405246291,98.4,lace,11.738795135426647,11.5513627672993,11.738795135426647,1.0,2024
8929aeb1053ffff,5.0,5.28,128828.0,99.4,lace,1.4726612563052601,1.4638252887674286,1.4726612563052601,1.0,2024
8929aeb105bffff,12.0,5.28,128828.0,99.4,lace,3.2341816744436764,3.2147765843970144,3.2341816744436764,1.0,2024
8929aeb1063ffff,27.0,17.43,64028.0,98.4,lace,11.84106861421512,11.65161151638768,11.84106861421512,1.0,2024
8929aeb1067ffff,27.0,17.43,64028.0,98.4,lace,11.840518242187471,11.651069950312472,11.840518242187471,1.0,2024
8929aeb106bffff,27.0,17.43,64028.0,98.4,lace,11.841237728666105,11.651777925007448,11.841237728666105,1.0,2024
8929aeb106fffff,27.0,17.43,64028.0,98.4,lace,11.84068734703183,11.651236349479321,11.84068734703183,1.0,2024
8929aeb1073ffff,27.0,17.43,64028.0,98.4,lace,11.841449781724435,11.651986585216846,11.841449781724435,1.0,2024
8929aeb1077ffff,27.0,17.43,64028.0,98.4,lace,11.840899436833698,11.65144504584436,11.840899436833698,1.0,2024
8929aeb107bffff,27.0,17.43,64028.0,98.4,lace,11.84161896879943,11.65215306529864,11.84161896879943,1.0,2024
8929aeb10a3ffff,101.0,10.59,73630.0,99.7,lace,26.899085455443245,26.818388199076917,26.899085455443245,1.0,2024
8929aeb10a7ffff,235.0,10.59,73629.99999999999,99.7,lace,62.39529822390179,62.20811232923009,62.39529822390179,1.0,2024
8929aeb10abffff,110.0,11.35,72603.78148906396,99.46,lace,31.11421262517952,30.945837930895372,31.11421262517952,1.0,2024
8929aeb10afffff,196.0,10.77,73376.79271466487,99.65,lace,52.869384705934785,52.68177069017963,52.869384705934785,1.0,2024
8929aeb10b3ffff,12.0,10.59,73629.99994226001,99.7,lace,3.2290931352125107,3.219405855770973,3.2290931352125107,1.0,2024
8929aeb10b7ffff,218.0,10.59,73630.0,99.7,lace,57.93825610995646,57.7644413416266,57.93825610995646,1.0,2024
8929aeb10cbffff,6.0,5.28,128828.0,99.4,lace,1.5489396181040929,1.5396459803954685,1.5489396181040929,1.0,2024
8929aeb10dbffff,6.0,5.28,128828.0,99.4,lace,1.6252103979030312,1.6154591355156132,1.6252103979030312,1.0,2024
8929aeb1103ffff,48.0,17.8,133438.0,100.0,lace,15.252006569518626,15.252006569518626,15.252006569518626,1.0,2024
8929aeb110bffff,45.0,17.65,104136.36264160162,99.21,lace,16.521540774584032,16.390365725849065,16.521540774584032,1.0,2024
8929aeb110fffff,57.0,13.38,116606.66248637422,99.93,lace,17.952214198093802,17.938985929175104,17.952214198093802,1.0,2024
8929aeb1113ffff,49.0,17.8,133438.0,100.0,lace,15.85712653474125,15.857126534741248,15.85712653474125,1.0,2024
8929aeb111bffff,51.0,17.69,111405.26963485366,99.38,lace,18.09749660813735,17.98590521013905,18.09749660813735,1.0,2024
8929aeb1123ffff,176.0,18.24,98244.19869318986,99.7,lace,64.53196633787095,64.33837043885734,64.53196633787095,1.0,2024
8929aeb1127ffff,226.0,31.05,73746.05413978017,99.7,lace,90.81065703425408,90.53822506315133,90.81065703425408,1.0,2024
8929aeb112bffff,170.0,30.91,120803.99999999999,99.7,lace,71.4917298621971,71.27725467261051,71.4917298621971,1.0,2024
8929aeb112fffff,171.0,30.92,119353.97603587864,99.7,lace,71.93526950041156,71.71946369191033,71.93526950041156,1.0,2024
8929aeb1133ffff,7.0,0.89,69130.0,99.7,lace,2.0393187092175267,2.033200753089874,2.0393187092175267,1.0,2024
8929aeb1137ffff,92.0,3.0,69237.98106230918,99.7,lace,27.70254025401608,27.61943263325403,27.70254025401608,1.0,2024
8929aeb113bffff,110.0,4.57,75476.3050219338,99.7,lace,34.02772752851134,33.92564434592581,34.02772752851134,1.0,2024
8929aeb1143ffff,27.0,17.43,64028.0,98.4,lace,11.838697883584597,11.649278717447244,11.838697883584597,1.0,2024
8929aeb1147ffff,65.0,14.01,42208.27344734984,99.09,lace,28.334233722886527,28.07630980681354,28.334233722886527,1.0,2024
8929aeb114bffff,71.0,13.78,40708.05981397676,99.14,lace,31.295763903667336,31.025531274834243,31.295763903667336,1.0,2024
8929aeb114fffff,267.0,12.12,30098.951670106897,99.47,lace,117.54442480508142,116.91598024253044,117.54442480508142,1.0,2024
8929aeb1153ffff,27.0,17.43,64028.0,98.4,lace,11.839079086648644,11.649653821262266,11.839079086648644,1.0,2024
8929aeb1157ffff,27.0,17.43,64028.0,98.4,lace,11.838528681878286,11.649112222968233,11.838528681878286,1.0,2024
8929aeb115bffff,27.0,17.43,64028.0,98.4,lace,11.839248297819106,11.649820325054002,11.839248297819106,1.0,2024
8929aeb1163ffff,163.0,6.41,36562.39276209814,99.51,lace,53.530707683851475,53.27007432389099,53.530707683851475,1.0,2024
8929aeb1167ffff,163.0,24.38,109803.9567840758,99.71,lace,63.296494656883375,63.113046637509015,63.296494656883375,1.0,2024
8929aeb116bffff,104.0,4.33,107039.0,99.51,lace,28.543052847653914,28.40291716387163,28.543052847653914,1.0,2024
8929aeb116fffff,47.0,6.79,99308.14813561384,99.64,lace,12.899903853375102,12.853106871272868,12.899903853375102,1.0,2024
8929aeb1173ffff,246.0,11.62,33443.71251707022,99.47,lace,106.2991571683487,105.74004603649841,106.2991571683487,1.0,2024
8929aeb1177ffff,180.0,15.13,91133.8069702826,99.69,lace,64.68545809820573,64.48465143708917,64.68545809820573,1.0,2024
8929aeb117bffff,299.0,10.96,28974.0,99.5,lace,125.61810819886026,124.99001765786595,125.61810819886026,1.0,2024
8929aeb1183ffff,188.0,11.25,103245.90116203472,99.85,lace,63.6377589815783,63.54164781984859,63.6377589815783,1.0,2024
8929aeb1187ffff,27.0,17.8,133438.0,100.0,lace,8.626312495614277,8.626312495614277,8.626312495614277,1.0,2024
8929aeb118bffff,81.0,17.8,132158.96280446558,99.96,lace,26.23951259295771,26.22914811358869,26.23951259295771,1.0,2024
8929aeb118fffff,37.0,17.8,133438.0,100.0,lace,11.766818396136452,11.766818396136452,11.766818396136452,1.0,2024
8929aeb1193ffff,231.0,8.97,92749.99999999999,99.8,lace,79.27045574539535,79.11191483390456,79.27045574539535,1.0,2024
8929aeb1197ffff,158.0,9.33,91173.38625592095,99.8,lace,54.65288703149781,54.5442801942659,54.65288703149781,1.0,2024
8929aeb119bffff,124.0,9.38,94642.18360426217,99.81,lace,42.39753592090983,42.316415686731546,42.39753592090983,1.0,2024
8929aeb11a7ffff,0.0,22.9,92852.1906497823,100.0,lace,0.1409080352705831,0.1409080352705831,0.1409080352705831,1.0,2024
8929aeb11c3ffff,27.0,17.43,64028.0,98.4,lace,11.839290843148808,11.649862189658426,11.839290843148808,1.0,2024
8929aeb11c7ffff,37.0,17.58,91055.99270664256,98.91,lace,14.449670901004126,14.292713794228135,14.449670901004126,1.0,2024
8929aeb11cbffff,27.0,17.43,64028.0,98.4,lace,11.83946018993621,11.65002882689723,11.83946018993621,1.0,2024
8929aeb11cfffff,27.0,17.43,64027.99999999999,98.4,lace,11.83890981248191,11.6494872554822,11.83890981248191,1.0,2024
8929aeb11d3ffff,118.0,10.79,73348.8546734778,99.64,lace,31.788031997252045,31.67333837012197,31.788031997252045,1.0,2024
8929aeb11d7ffff,18.0,17.44,66453.93237920139,98.44,lace,7.921408516070944,7.797982401012109,7.921408516070944,1.0,2024
8929aeb11dbffff,82.0,12.26,71280.08590914006,99.25,lace,25.22101689013874,25.03217699972275,25.22101689013874,1.0,2024
8929aeb1203ffff,14.0,8.98,109092.65480178827,98.99,lace,4.620590676534055,4.573793649626665,4.620590676534055,1.0,2024
8929aeb1207ffff,27.0,17.43,64028.0,98.4,lace,11.842295087475001,11.652818366075403,11.842295087475001,1.0,2024
8929aeb120bffff,12.0,5.61,127021.65762870785,99.36,lace,3.3410279802739766,3.3195116267846863,3.3410279802739766,1.0,2024
8929aeb120fffff,31.0,13.34,91717.03737571542,98.7,lace,11.840704941228246,11.687130160077848,11.840704941228246,1.0,2024
8929aeb1213ffff,12.0,5.28,128828.0,99.4,lace,3.2342161256378974,3.21481082888407,3.2342161256378974,1.0,2024
8929aeb1217ffff,18.0,12.41,90764.58646906939,98.7,lace,6.5420372309891865,6.457277972115093,6.5420372309891865,1.0,2024
8929aeb121bffff,12.0,5.28,128828.0,99.4,lace,3.2342622647299373,3.2148566911415575,3.2342622647299373,1.0,2024
8929aeb1223ffff,52.0,2.97,162656.0,100.0,lace,13.39553493964925,13.39553493964925,13.39553493964925,1.0,2024
8929aeb1227ffff,144.0,7.79,139903.39289390686,100.0,lace,35.90883927122802,35.90883927122802,35.90883927122802,1.0,2024
8929aeb122bffff,52.0,2.97,162656.0,100.0,lace,13.395725883158907,13.395725883158907,13.395725883158907,1.0,2024
8929aeb122fffff,202.0,8.57,136252.2698748046,100.0,lace,49.96197119217747,49.96197119217747,49.96197119217747,1.0,2024
8929aeb1233ffff,30.0,14.41,84606.10802066875,98.62,lace,12.03174870028942,11.865443284254797,12.03174870028942,1.0,2024
8929aeb1237ffff,46.0,4.9,149504.4864322543,99.67,lace,13.04478438065573,13.002049307416973,13.04478438065573,1.0,2024
8929aeb123bffff,45.0,5.47,145565.58402808162,99.58,lace,12.954647791443156,12.900825396900569,12.954647791443156,1.0,2024
8929aeb1243ffff,12.0,5.28,128828.0,99.4,lace,3.234354491274636,3.2149483643269883,3.234354491274636,1.0,2024
8929aeb1247ffff,12.0,5.28,128828.0,99.4,lace,3.234204190902971,3.2147989657575535,3.234204190902971,1.0,2024
8929aeb124bffff,9.0,5.28,128828.0,99.4,lace,2.3228480158639693,2.308910927768786,2.3228480158639693,1.0,2024
8929aeb124fffff,12.0,5.28,128827.99999999999,99.4,lace,3.234250275738424,3.2148447740839936,3.234250275738424,1.0,2024
8929aeb1253ffff,12.0,5.28,128828.0,99.4,lace,3.234458679549436,3.2150519274721394,3.234458679549436,1.0,2024
8929aeb1257ffff,12.0,5.28,128828.0,99.4,lace,3.2343083866021827,3.21490253628257,3.2343083866021827,1.0,2024
8929aeb125bffff,12.0,5.28,128827.99999999999,99.4,lace,3.23450478686065,3.2150977581394864,3.23450478686065,1.0,2024
8929aeb1263ffff,45.0,3.23,160493.48362318275,100.0,lace,11.663664185291296,11.663664185291296,11.663664185291296,1.0,2024
8929aeb1267ffff,52.0,2.97,162656.0,100.0,lace,13.395916755386772,13.395916755386772,13.395916755386772,1.0,2024
8929aeb126bffff,11.0,9.57,107039.0,100.0,lace,2.785485766806678,2.785485766806678,2.785485766806678,1.0,2024
8929aeb126fffff,42.0,3.39,159122.04107193754,100.0,lace,10.77920608585455,10.77920608585455,10.77920608585455,1.0,2024
8929aeb1273ffff,38.0,4.17,152871.99315874727,99.77,lace,10.382698562556405,10.358999025719761,10.382698562556405,1.0,2024
8929aeb1277ffff,52.0,2.97,162656.0,100.0,lace,13.39634855673864,13.396348556738639,13.39634855673864,1.0,2024
8929aeb127bffff,16.0,5.76,134109.51137057776,99.78,lace,4.11119701594084,4.102339605780678,4.11119701594084,1.0,2024
8929aeb1283ffff,12.0,5.28,128828.0,99.4,lace,3.2342740782940482,3.214868433824284,3.2342740782940482,1.0,2024
8929aeb1287ffff,12.0,5.28,128828.0,99.4,lace,3.2341237958961275,3.214719053120751,3.2341237958961275,1.0,2024
8929aeb128bffff,12.0,5.28,128828.0,99.4,lace,3.234320254423851,3.214914332897308,3.234320254423851,1.0,2024
8929aeb128fffff,12.0,5.28,128828.0,99.4,lace,3.234169969376705,3.214764949560445,3.234169969376705,1.0,2024
8929aeb1293ffff,12.0,5.28,128828.0,99.4,lace,3.234378159973835,3.214971891013992,3.234378159973835,1.0,2024
8929aeb1297ffff,12.0,5.28,128828.00000000001,99.4,lace,3.2342278849709976,3.214822517661172,3.2342278849709976,1.0,2024
8929aeb129bffff,12.0,5.28,128828.00000000001,99.4,lace,3.2344243559368504,3.215017809801229,3.2344243559368504,1.0,2024
8929aeb12a3ffff,27.0,17.43,64028.0,98.4,lace,11.841957154049714,11.65248583958492,11.841957154049714,1.0,2024
8929aeb12a7ffff,27.0,17.43,64028.0,98.4,lace,11.841406780171956,11.651944271689207,11.841406780171956,1.0,2024
8929aeb12abffff,27.0,17.43,64028.0,98.4,lace,11.842126152239949,11.65265213380411,11.842126152239949,1.0,2024
8929aeb12afffff,27.0,17.43,64028.0,98.4,lace,11.841575768627504,11.652110556329465,11.841575768627504,1.0,2024
8929aeb12b3ffff,25.0,16.49,69017.33555449167,98.45,lace,10.466087500103606,10.303800372408512,10.466087500103606,1.0,2024
8929aeb12b7ffff,27.0,17.43,64028.0,98.4,lace,11.841788092995346,11.652319483507421,11.841788092995346,1.0,2024
8929aeb12bbffff,22.0,14.83,77883.81277465048,98.54,lace,8.546430730796242,8.422070475149354,8.546430730796242,1.0,2024
8929aeb12c3ffff,12.0,5.28,128827.99999999999,99.4,lace,3.2345166962548846,3.215109596077356,3.2345166962548846,1.0,2024
8929aeb12c7ffff,12.0,5.28,128828.0,99.4,lace,3.234366413324038,3.214960214844094,3.234366413324038,1.0,2024
8929aeb12cbffff,12.0,5.28,128828.0,99.4,lace,3.234562840638879,3.2151554635950457,3.234562840638879,1.0,2024
8929aeb12cfffff,12.0,5.28,128828.00000000001,99.4,lace,3.2344125550368683,3.215006079706647,3.2344125550368683,1.0,2024
8929aeb12d3ffff,9.0,5.28,128828.0,99.4,lace,2.4720989685682633,2.4572663747568537,2.4720989685682633,1.0,2024
8929aeb12d7ffff,12.0,5.28,128828.0,99.4,lace,3.2344705347159257,3.2150637115076304,3.2344705347159257,1.0,2024
8929aeb12dbffff,12.0,5.28,128828.0,99.4,lace,3.234666974425638,3.2152589725790848,3.234666974425638,1.0,2024
8929aeb1303ffff,52.0,2.97,162656.0,100.0,lace,13.392853121625137,13.392853121625137,13.392853121625137,1.0,2024
8929aeb1307ffff,52.0,2.97,162656.0,100.0,lace,13.392230371776995,13.392230371776996,13.392230371776995,1.0,2024
8929aeb130bffff,52.0,2.97,162655.99999999997,100.0,lace,13.393044092629863,13.39304409262986,13.393044092629863,1.0,2024
8929aeb130fffff,52.0,2.97,162656.0,100.0,lace,13.392421331837431,13.392421331837431,13.392421331837431,1.0,2024
8929aeb1313ffff,52.0,2.97,162655.99999999997,100.0,lace,13.393284798733724,13.393284798733724,13.393284798733724,1.0,2024
8929aeb1317ffff,52.0,2.97,162656.0,100.0,lace,13.392662079480248,13.39266207948025,13.392662079480248,1.0,2024
8929aeb131bffff,52.0,2.97,162656.0,100.0,lace,13.393475851822414,13.393475851822414,13.393475851822414,1.0,2024
8929aeb1323ffff,24.0,4.96,145858.8366764528,100.0,lace,6.219628648046668,6.219628648046668,6.219628648046668,1.0,2024
8929aeb1327ffff,11.0,9.57,107038.99999999999,100.0,lace,2.7842013611221126,2.7842013611221126,2.7842013611221126,1.0,2024
8929aeb132bffff,34.0,3.87,155074.75515383802,100.0,lace,8.806107367603973,8.806107367603973,8.806107367603973,1.0,2024
8929aeb132fffff,11.0,9.15,110575.63272554732,100.0,lace,2.931455959646191,2.931455959646191,2.931455959646191,1.0,2024
8929aeb1333ffff,25.0,4.81,147165.82623788482,100.0,lace,6.490035772140519,6.490035772140519,6.490035772140519,1.0,2024
8929aeb1337ffff,11.0,9.57,107039.0,100.0,lace,2.784291159111988,2.7842911591119885,2.784291159111988,1.0,2024
8929aeb133bffff,52.0,2.97,162656.0,100.0,lace,13.3917985514569,13.3917985514569,13.3917985514569,1.0,2024
8929aeb1343ffff,94.0,13.59,140950.68205961527,100.0,lace,27.8887865909439,27.8887865909439,27.8887865909439,1.0,2024
8929aeb1347ffff,52.0,2.97,162656.0,100.0,lace,13.393234992372673,13.393234992372673,13.393234992372673,1.0,2024
8929aeb134bffff,155.0,51.03,104554.10335983841,100.0,lace,80.33853249956653,80.33853249956653,80.33853249956653,1.0,2024
8929aeb134fffff,73.0,27.75,134229.8574101021,100.0,lace,28.913512421318707,28.913512421318707,28.913512421318707,1.0,2024
8929aeb1353ffff,112.0,7.01,143598.7984935835,100.0,lace,28.023455178460505,28.023455178460505,28.023455178460505,1.0,2024
8929aeb1357ffff,52.0,2.97,162656.0,100.0,lace,13.393666833803254,13.393666833803254,13.393666833803254,1.0,2024
8929aeb135bffff,288.0,9.15,133516.0,100.0,lace,70.99885910147331,70.99885910147331,70.99885910147331,1.0,2024
8929aeb1363ffff,30.0,4.25,151867.0141480699,100.0,lace,7.692816389872216,7.692816389872216,7.692816389872216,1.0,2024
8929aeb1367ffff,11.0,9.32,109166.3520463841,100.0,lace,2.8711336832899312,2.8711336832899312,2.8711336832899312,1.0,2024
8929aeb136bffff,11.0,9.57,107039.00000000001,100.0,lace,2.784579372972403,2.7845793729724035,2.784579372972403,1.0,2024
8929aeb136fffff,11.0,9.57,107038.99999999999,100.0,lace,2.784449871847902,2.784449871847902,2.784449871847902,1.0,2024
8929aeb1373ffff,52.0,2.97,162656.0,100.0,lace,13.392612220609797,13.392612220609797,13.392612220609797,1.0,2024
8929aeb1377ffff,52.0,2.97,162655.60040462317,100.0,lace,13.391621741038096,13.391621741038096,13.391621741038096,1.0,2024
8929aeb137bffff,50.0,3.04,162060.98675487915,100.0,lace,12.86677621291486,12.866776212914862,12.86677621291486,1.0,2024
8929aeb1383ffff,32.0,13.22,92749.71662031807,98.72,lace,12.116707267785499,11.961056375158396,12.116707267785499,1.0,2024
8929aeb1387ffff,222.0,11.75,35756.65273401209,99.48,lace,96.13941659409305,95.63500020929668,96.13941659409305,1.0,2024
8929aeb138bffff,47.0,4.72,150710.8883745084,99.7,lace,13.072214546751793,13.033021765118884,13.072214546751793,1.0,2024
8929aeb138fffff,52.0,2.97,162656.0,100.0,lace,13.393093674427009,13.393093674427009,13.393093674427009,1.0,2024
8929aeb1393ffff,27.0,17.43,64028.0,98.4,lace,11.83996785292204,11.650528367275287,11.83996785292204,1.0,2024
8929aeb1397ffff,27.0,17.43,64028.0,98.4,lace,11.839417446249785,11.64998676710979,11.839417446249785,1.0,2024
8929aeb139bffff,27.0,17.43,64028.0,98.4,lace,11.840136947914903,11.650694756748264,11.840136947914903,1.0,2024
8929aeb13a3ffff,187.0,8.73,29650.197442854907,99.5,lace,69.62812012031611,69.28121230061231,69.62812012031611,1.0,2024
8929aeb13a7ffff,43.0,5.17,107039.0,99.58,lace,11.81981577781589,11.770659963206356,11.81981577781589,1.0,2024
8929aeb13abffff,43.0,4.29,151084.02889410497,99.78,lace,11.503792647413094,11.477988756292179,11.503792647413094,1.0,2024
8929aeb13afffff,11.0,9.57,107039.00000000001,100.0,lace,2.7843809336556578,2.7843809336556573,2.7843809336556578,1.0,2024
8929aeb13b3ffff,376.0,11.94,28974.0,99.5,lace,165.64351082643898,164.81529327230677,165.64351082643898,1.0,2024
8929aeb13b7ffff,222.0,9.28,28973.999999999996,99.5,lace,85.13527276302034,84.70959639920524,85.13527276302034,1.0,2024
8929aeb13bbffff,227.0,10.7,41181.84510142201,99.53,lace,94.03908309528667,93.59398194684668,94.03908309528667,1.0,2024
8929aeb13c3ffff,48.0,4.16,154547.674120193,99.79,lace,13.169218591295678,13.141751910271235,13.169218591295678,1.0,2024
8929aeb13c7ffff,52.0,2.97,162656.0,100.0,lace,13.393907498409423,13.393907498409424,13.393907498409423,1.0,2024
8929aeb13cbffff,52.0,2.97,162656.0,100.0,lace,13.394721253611532,13.394721253611532,13.394721253611532,1.0,2024
8929aeb13cfffff,52.0,2.97,162655.99999999997,100.0,lace,13.394098562439225,13.394098562439225,13.394098562439225,1.0,2024
8929aeb13d3ffff,27.0,17.43,64028.0,98.4,lace,11.840856388782932,11.651402686562406,11.840856388782932,1.0,2024
8929aeb13d7ffff,33.0,11.96,101348.28253514375,98.83,lace,12.218439962112544,12.075091610310984,12.218439962112544,1.0,2024
8929aeb13dbffff,34.0,11.17,106695.32516857651,98.9,lace,12.287254757295983,12.152196087723407,12.287254757295983,1.0,2024
8929aeb152fffff,15.0,12.2,73192.63939208908,99.8,lace,5.453946117247796,5.4430382250133,5.453946117247796,1.0,2024
8929aeb1567ffff,13.0,8.97,92749.99999999999,99.8,lace,4.6345619955237884,4.625292871532741,4.6345619955237884,1.0,2024
8929aeb156bffff,128.0,10.59,73630.0,99.7,lace,34.050272815111605,33.94812199666627,34.050272815111605,1.0,2024
8929aeb157bffff,48.0,10.59,73629.99999957306,99.7,lace,12.666928668666714,12.628927882659672,12.666928668666714,1.0,2024
8929aeb1603ffff,12.0,5.28,128828.00000000001,99.4,lace,3.2348404895472527,3.215431446609969,3.2348404895472527,1.0,2024
8929aeb1607ffff,12.0,5.28,128828.0,99.4,lace,3.2346902415038588,3.2152821000548357,3.2346902415038588,1.0,2024
8929aeb160bffff,7.0,5.28,128828.0,99.4,lace,1.7805620188888203,1.7698786467754875,1.7805620188888203,1.0,2024
8929aeb160fffff,12.0,5.28,128828.0,99.4,lace,3.2347364970257333,3.215328078043579,3.2347364970257333,1.0,2024
8929aeb1613ffff,1.0,5.28,128828.0,99.4,lace,0.22711704484943337,0.22575434258033678,0.22711704484943337,1.0,2024
8929aeb1617ffff,7.0,5.28,128828.0,99.4,lace,1.8188750822400583,1.8079618317466182,1.8188750822400583,1.0,2024
8929aeb161bffff,4.0,5.28,128828.00000000001,99.4,lace,1.1088618485946726,1.1022086775031046,1.1088618485946726,1.0,2024
8929aeb1623ffff,12.0,5.28,128827.99999999999,99.4,lace,3.234435981391983,3.2150293655036313,3.234435981391983,1.0,2024
8929aeb1627ffff,12.0,5.28,128828.00000000001,99.4,lace,3.234285716459543,3.214880002160786,3.234285716459543,1.0,2024
8929aeb162bffff,12.0,5.28,128827.99999999999,99.4,lace,3.2344822144100944,3.2150753211236336,3.2344822144100944,1.0,2024
8929aeb162fffff,12.0,5.28,128828.0,99.4,lace,3.2343319468273526,3.2149259551463887,3.2343319468273526,1.0,2024
8929aeb1633ffff,12.0,5.28,128827.99999999999,99.4,lace,3.2345399887337716,3.215132748801369,3.2345399887337716,1.0,2024
8929aeb1637ffff,12.0,5.28,128827.99999999999,99.4,lace,3.2343897311913863,3.214983392804238,3.2343897311913863,1.0,2024
8929aeb163bffff,12.0,5.28,128828.0,99.4,lace,3.2345862415831808,3.2151787241336818,3.2345862415831808,1.0,2024
8929aeb1663ffff,7.0,5.28,128828.0,99.4,lace,1.9153343720591514,1.9038423658267964,1.9153343720591514,1.0,2024
8929aeb1667ffff,12.0,5.28,128828.00000000001,99.4,lace,3.23452843020407,3.215121259622846,3.23452843020407,1.0,2024
8929aeb166fffff,8.0,5.28,128828.0,99.4,lace,2.155732661805982,2.1427982658351463,2.155732661805982,1.0,2024
8929aeb1673ffff,7.0,5.28,128828.0,99.4,lace,1.8493022525429108,1.8382064390276533,1.8493022525429108,1.0,2024
8929aeb1677ffff,12.0,5.28,128828.0,99.4,lace,3.234632477256915,3.2152246823933734,3.234632477256915,1.0,2024
8929aeb16a3ffff,9.0,5.28,128828.0,99.4,lace,2.5208621752137623,2.50573700216248,2.5208621752137623,1.0,2024
8929aeb16a7ffff,6.0,5.28,128828.0,99.4,lace,1.5836612824254899,1.5741593147309372,1.5836612824254899,1.0,2024
8929aeb16abffff,12.0,5.28,128828.0,99.4,lace,3.220547746522944,3.2012244600438065,3.220547746522944,1.0,2024
8929aeb16afffff,12.0,5.28,128828.00000000001,99.4,lace,3.2344937186733067,3.2150867563612673,3.2344937186733067,1.0,2024
8929aeb16b3ffff,4.0,5.28,128828.0,99.4,lace,1.1033916754077404,1.0967713253552942,1.1033916754077404,1.0,2024
8929aeb16b7ffff,0.0,5.28,128828.0,99.4,lace,0.03516302846801049,0.03495205029720243,0.03516302846801049,1.0,2024
8929aeb16bbffff,0.0,5.28,128828.0,99.4,lace,0.006096229302967469,0.0060596519271496644,0.006096229302967469,1.0,2024
8929aeb1803ffff,0.0,42.41,140966.0,98.9,lace,0.006136166894537749,0.006068669058697834,0.006136166894537749,1.0,2024
8929aeb1807ffff,0.0,42.41,140966.0,98.9,lace,0.03418843104256078,0.03381235830109261,0.03418843104256078,1.0,2024
8929aeb1817ffff,0.0,42.41,140966.0,98.9,lace,0.030563255289649646,0.0302270594814635,0.030563255289649646,1.0,2024
8929aeb1833ffff,0.0,42.41,140966.0,98.9,lace,0.018140150640484614,0.017940608983439285,0.018140150640484614,1.0,2024
8929aeb1853ffff,1.0,9.57,107039.00000000001,100.0,lace,0.3516098682640526,0.35160986826405266,0.3516098682640526,1.0,2024
8929aeb185bffff,1.0,9.57,107039.0,100.0,lace,0.31707796677862876,0.31707796677862876,0.31707796677862876,1.0,2024
8929aeb1883ffff,15.0,20.96,98742.00000000004,100.0,lace,4.08457487343558,4.084574873435579,4.08457487343558,1.0,2024
8929aeb188bffff,22.0,20.96,98748.99564432466,100.0,lace,6.025495707682178,6.025482441129191,6.025495707682178,1.0,2024
8929aeb1893ffff,102.0,21.53,89714.74614412499,99.83,lace,32.48523424908438,32.42975729954201,32.48523424908438,1.0,2024
8929aeb1897ffff,30.0,20.96,98751.0677828839,100.0,lace,8.320805766254482,8.32078201975191,8.320805766254482,1.0,2024
8929aeb189bffff,93.0,20.96,98742.00000000001,100.0,lace,25.93230795040968,25.93230795040968,25.93230795040968,1.0,2024
8929aeb18a3ffff,0.0,42.41,140966.0,98.9,lace,0.00023478861336868496,0.00023220593862162943,0.00023478861336868496,1.0,2024
8929aeb18a7ffff,0.0,42.41,140966.0,98.9,lace,0.036127955427828935,0.03573054791812282,0.036127955427828935,1.0,2024
8929aeb18abffff,0.0,42.41,140966.0,98.9,lace,0.08164138093758194,0.08074332574726854,0.08164138093758194,1.0,2024
8929aeb18afffff,1.0,44.03,69472.52406700146,98.9,lace,0.45345402172963,0.44846602749060416,0.45345402172963,1.0,2024
8929aeb18c3ffff,93.0,20.96,98742.0,100.0,lace,25.933048130252303,25.9330481302523,25.933048130252303,1.0,2024
8929aeb18c7ffff,17.0,20.96,98742.0,100.0,lace,4.762770444799774,4.762770444799774,4.762770444799774,1.0,2024
8929aeb18cbffff,32.0,18.19,100758.4076988166,100.0,lace,8.823071064180798,8.823071064180798,8.823071064180798,1.0,2024
8929aeb18cfffff,14.0,20.83,98835.81474061374,100.0,lace,3.7865153670098404,3.78651536700984,3.7865153670098404,1.0,2024
8929aeb18d3ffff,93.0,20.96,98742.00000000001,100.0,lace,25.93388493194242,25.93388493194242,25.93388493194242,1.0,2024
8929aeb18d7ffff,93.0,20.96,98742.0,100.0,lace,25.932678109156726,25.932678109156726,25.932678109156726,1.0,2024
8929aeb18dbffff,93.0,20.96,98742.0,100.0,lace,25.934254973861155,25.93425497386115,25.934254973861155,1.0,2024
8929aeb19d3ffff,2.0,44.5,48282.15661849136,98.9,lace,1.0459028710069977,1.0343979394259208,1.0459028710069977,1.0,2024
8929aeb19dbffff,3.0,44.63,42480.28056623504,98.9,lace,1.3621877055901883,1.3472036408286965,1.3621877055901883,1.0,2024
8929aeb1a03ffff,2.0,9.57,107039.0,100.0,lace,0.6265306513780005,0.6265306513780005,0.6265306513780005,1.0,2024
8929aeb1a0bffff,11.0,9.57,107039.0,100.0,lace,2.783183467428616,2.783183467428616,2.783183467428616,1.0,2024
8929aeb1a0fffff,8.0,9.57,107039.0,100.0,lace,2.0247041790889657,2.0247041790889657,2.0247041790889657,1.0,2024
8929aeb1a13ffff,2.0,9.57,107039.0,100.0,lace,0.5228575225805349,0.5228575225805349,0.5228575225805349,1.0,2024
8929aeb1a1bffff,11.0,9.57,107039.0,100.0,lace,2.7790160225027636,2.7790160225027636,2.7790160225027636,1.0,2024
8929aeb1a2bffff,2.0,9.57,107039.0,100.0,lace,0.44539265530695993,0.44539265530695993,0.44539265530695993,1.0,2024
8929aeb1a3bffff,1.0,9.57,107039.0,100.0,lace,0.32881355430608816,0.32881355430608816,0.32881355430608816,1.0,2024
8929aeb1a43ffff,11.0,9.57,107039.00000000001,100.0,lace,2.7833525815279323,2.7833525815279323,2.7833525815279323,1.0,2024
8929aeb1a47ffff,11.0,9.57,107039.0,100.0,lace,2.7832230244192955,2.7832230244192955,2.7832230244192955,1.0,2024
8929aeb1a4bffff,5.0,9.57,107039.0,100.0,lace,1.4083859748130878,1.4083859748130876,1.4083859748130878,1.0,2024
8929aeb1a4fffff,6.0,9.57,107039.0,100.0,lace,1.5186422855808988,1.5186422855808988,1.5186422855808988,1.0,2024
8929aeb1a53ffff,11.0,9.57,107039.0,100.0,lace,2.7834425730453356,2.783442573045336,2.7834425730453356,1.0,2024
8929aeb1a57ffff,11.0,9.57,107039.0,100.0,lace,2.7833130222613205,2.7833130222613205,2.7833130222613205,1.0,2024
8929aeb1a5bffff,11.0,9.57,107038.99999999999,100.0,lace,2.7834821345800242,2.7834821345800242,2.7834821345800242,1.0,2024
8929aeb1a63ffff,10.0,9.57,107039.0,100.0,lace,2.5305379024191907,2.5305379024191907,2.5305379024191907,1.0,2024
8929aeb1a67ffff,5.0,9.57,107039.0,100.0,lace,1.3798403564839103,1.3798403564839103,1.3798403564839103,1.0,2024
8929aeb1a6bffff,0.0,9.57,107039.0,100.0,lace,0.009116615823737842,0.009116615823737842,0.009116615823737842,1.0,2024
8929aeb1a73ffff,11.0,9.57,107039.0,100.0,lace,2.7830934632830315,2.7830934632830315,2.7830934632830315,1.0,2024
8929aeb1a77ffff,11.0,9.57,107038.99999999999,100.0,lace,2.782963898100219,2.782963898100219,2.782963898100219,1.0,2024
8929aeb1a7bffff,8.0,9.57,107039.0,100.0,lace,2.12908869166212,2.12908869166212,2.12908869166212,1.0,2024
8929aeb1a8bffff,4.0,9.57,107039.0,100.0,lace,1.1334490160835187,1.1334490160835187,1.1334490160835187,1.0,2024
8929aeb1a93ffff,8.0,9.57,107039.0,100.0,lace,1.9597280920929263,1.9597280920929263,1.9597280920929263,1.0,2024
8929aeb1a97ffff,0.0,9.57,107039.0,100.0,lace,0.04291285707296305,0.04291285707296305,0.04291285707296305,1.0,2024
8929aeb1a9bffff,9.0,9.57,107039.0,100.0,lace,2.3521682008575713,2.3521682008575713,2.3521682008575713,1.0,2024
8929aeb1ac3ffff,11.0,9.57,107038.99999999999,100.0,lace,2.78349294777913,2.78349294777913,2.78349294777913,1.0,2024
8929aeb1ac7ffff,11.0,9.57,107039.0,100.0,lace,2.7833634055693133,2.783363405569313,2.7833634055693133,1.0,2024
8929aeb1acbffff,11.0,9.57,107039.0,100.0,lace,2.7835325412057337,2.7835325412057337,2.7835325412057337,1.0,2024
8929aeb1acfffff,11.0,9.57,107039.00000000001,100.0,lace,2.7834029967123497,2.7834029967123497,2.7834029967123497,1.0,2024
8929aeb1ad3ffff,11.0,9.57,107039.0,100.0,lace,2.7835828754502554,2.7835828754502554,2.7835828754502554,1.0,2024
8929aeb1ad7ffff,11.0,9.57,107039.0,100.0,lace,2.783453339586563,2.783453339586563,2.783453339586563,1.0,2024
8929aeb1adbffff,11.0,9.57,107039.0,100.0,lace,2.7836224859372747,2.7836224859372747,2.7836224859372747,1.0,2024
8929aeb1c03ffff,168.0,20.94,69318.46583755288,99.7,lace,60.2092453385375,60.02686182252883,60.2092453385375,1.0,2024
8929aeb1c07ffff,338.0,10.62,77798.03689606662,99.42,lace,104.14818483980264,103.5421300604887,104.14818483980264,1.0,2024
8929aeb1c0bffff,212.0,16.11,75273.67755537623,99.7,lace,69.16720612114705,68.95970450278361,69.16720612114705,1.0,2024
8929aeb1c0fffff,368.0,8.37,84650.32117922035,99.7,lace,101.14981018796648,100.84383057839244,101.14981018796648,1.0,2024
8929aeb1c13ffff,173.0,20.3,69252.85132737228,99.7,lace,61.73178997064206,61.545843043367114,61.73178997064206,1.0,2024
8929aeb1c17ffff,352.0,10.0,79141.88292717803,99.42,lace,105.26097591901409,104.65125198532081,105.26097591901409,1.0,2024
8929aeb1c1bffff,208.0,16.57,69194.0,99.7,lace,72.40210787662893,72.18490155299905,72.40210787662893,1.0,2024
8929aeb1c23ffff,182.0,24.02,50156.0,99.4,lace,89.04100388013929,88.50675785685846,89.04100388013929,1.0,2024
8929aeb1c27ffff,107.0,24.02,50156.0,99.4,lace,52.390003162998944,52.07566314402096,52.390003162998944,1.0,2024
8929aeb1c2bffff,204.0,20.95,56563.98858261164,99.43,lace,91.39050211020704,90.86946466295348,91.39050211020704,1.0,2024
8929aeb1c2fffff,157.0,23.52,58171.2500513503,99.46,lace,71.36253889876163,70.97794288866078,71.36253889876163,1.0,2024
8929aeb1c33ffff,260.0,15.56,67194.03216508788,99.4,lace,97.94348436690379,97.35582346070237,97.94348436690379,1.0,2024
8929aeb1c37ffff,112.0,24.02,50156.0,99.4,lace,54.55593513082238,54.22859952003744,54.55593513082238,1.0,2024
8929aeb1c3bffff,207.0,20.47,57579.87035686428,99.44,lace,91.81687226120177,91.29820111449158,91.81687226120177,1.0,2024
8929aeb1c43ffff,312.0,14.81,86777.78199897574,99.7,lace,102.05563419923557,101.74946729663786,102.05563419923557,1.0,2024
8929aeb1c47ffff,356.0,11.0,89770.69723118223,99.7,lace,104.00808627320548,103.69606201438586,104.00808627320548,1.0,2024
8929aeb1c4bffff,239.0,26.96,97060.02507842539,99.7,lace,90.20988377315541,89.93925412183596,90.20988377315541,1.0,2024
8929aeb1c4fffff,244.0,25.96,101042.0,99.7,lace,90.93100838757806,90.65821536241532,90.93100838757806,1.0,2024
8929aeb1c53ffff,366.0,8.38,86530.22408348629,99.7,lace,109.70398244401446,109.37487049668242,109.70398244401446,1.0,2024
8929aeb1c57ffff,318.0,7.73,85323.17206561977,99.7,lace,94.65146774045313,94.36751333723177,94.65146774045313,1.0,2024
8929aeb1c5bffff,234.0,29.17,74404.37048383048,99.7,lace,92.03647507162984,91.76036564641497,92.03647507162984,1.0,2024
8929aeb1c63ffff,369.0,7.14,88090.80501135984,99.72,lace,96.2816617308399,96.01244035557878,96.2816617308399,1.0,2024
8929aeb1c67ffff,252.0,9.48,89167.78008287915,99.76,lace,67.14747060100187,66.98400084728253,67.14747060100187,1.0,2024
8929aeb1c6bffff,131.0,15.59,94602.76762778858,99.9,lace,35.61334590670192,35.57630550602928,35.61334590670192,1.0,2024
8929aeb1c6fffff,93.0,20.96,98742.00000000001,100.0,lace,25.93351475199193,25.93351475199193,25.93351475199193,1.0,2024
8929aeb1c73ffff,462.0,6.2,87371.0,99.7,lace,120.01329650406632,119.65325661455412,120.01329650406632,1.0,2024
8929aeb1c77ffff,458.0,6.31,87153.66370503114,99.7,lace,119.55352655782639,119.19094718384702,119.55352655782639,1.0,2024
8929aeb1c7bffff,461.0,6.25,87401.17802588665,99.7,lace,119.89379868898077,119.53411729291383,119.89379868898077,1.0,2024
8929aeb1c83ffff,130.0,19.59,40375.0,99.0,lace,57.03291421586783,56.46258507370915,57.03291421586783,1.0,2024
8929aeb1c87ffff,180.0,16.63,40375.0,99.41,lace,67.93585150431574,67.53816963960196,67.93585150431574,1.0,2024
8929aeb1c8bffff,164.0,17.37,40375.0,99.3,lace,64.50098760658575,64.04884688432278,64.50098760658575,1.0,2024
8929aeb1c8fffff,260.0,12.9,75286.47486883489,99.53,lace,85.41250690702736,85.01406900246415,85.41250690702736,1.0,2024
8929aeb1c93ffff,124.0,19.6,40381.99468125032,99.0,lace,54.308561423506696,53.76547580927163,54.308561423506696,1.0,2024
8929aeb1c97ffff,129.0,19.59,40375.0,99.0,lace,56.463897850316584,55.899258871813416,56.463897850316584,1.0,2024
8929aeb1c9bffff,130.0,19.59,40375.0,99.0,lace,57.03556703264269,56.46521136231626,57.03556703264269,1.0,2024
8929aeb1ca3ffff,433.0,9.06,71297.21899334065,99.44,lace,126.4344762909068,125.72963174996197,126.4344762909068,1.0,2024
8929aeb1ca7ffff,469.0,11.35,64868.99859306237,99.5,lace,138.5201952263127,137.8275942501811,138.5201952263127,1.0,2024
8929aeb1cabffff,378.0,9.32,79750.0,99.4,lace,111.52243067797268,110.85329609390485,111.52243067797268,1.0,2024
8929aeb1cafffff,332.0,14.55,82913.84386125435,99.43,lace,103.30759418587056,102.72088102797416,103.30759418587056,1.0,2024
8929aeb1cb3ffff,280.0,12.13,60193.186856550616,99.46,lace,94.72044175582536,94.20537563204518,94.72044175582536,1.0,2024
8929aeb1cb7ffff,482.0,8.89,57641.69492428089,99.45,lace,143.92117858735662,143.12640939387182,143.92117858735662,1.0,2024
8929aeb1cbbffff,359.0,9.77,79750.0,99.43,lace,107.31092390949249,106.69676900613135,107.31092390949249,1.0,2024
8929aeb1cc3ffff,174.0,14.99,71361.94755723172,99.65,lace,60.23873426905378,60.028429115786935,60.23873426905378,1.0,2024
8929aeb1cc7ffff,214.0,15.66,58744.51345739458,99.66,lace,75.04174650794941,74.78907787892709,75.04174650794941,1.0,2024
8929aeb1ccbffff,277.0,5.94,81436.61283469251,99.7,lace,82.26507495915135,82.02192059932325,82.26507495915135,1.0,2024
8929aeb1ccfffff,345.0,6.75,89013.99941427083,99.7,lace,102.25470989616544,101.94794576647695,102.25470989616544,1.0,2024
8929aeb1cd3ffff,118.0,21.97,69691.91263680407,99.55,lace,44.774725534559295,44.57404411660993,44.774725534559295,1.0,2024
8929aeb1cd7ffff,130.0,19.59,40375.0,99.0,lace,57.036383425986166,56.46601959172631,57.036383425986166,1.0,2024
8929aeb1cdbffff,112.0,23.48,88282.13717699076,100.0,lace,38.269339341877334,38.269339341877334,38.269339341877334,1.0,2024
8929aeb1d03ffff,0.0,42.41,140966.0,98.9,lace,0.12495486887501421,0.12358036531738906,0.12495486887501421,1.0,2024
8929aeb1d07ffff,0.0,42.41,140966.0,98.9,lace,0.048560615257442645,0.04802644848961078,0.048560615257442645,1.0,2024
8929aeb1d0bffff,0.0,42.41,140966.0,98.9,lace,0.12495665518637623,0.1235821319793261,0.12495665518637623,1.0,2024
8929aeb1d0fffff,0.0,42.41,140891.17388976234,98.9,lace,0.01755769416939305,0.01736455953352973,0.01755769416939305,1.0,2024
8929aeb1d13ffff,203.0,10.59,118766.3327986297,99.5,lace,54.83774042872417,54.56324828185668,54.83774042872417,1.0,2024
8929aeb1d17ffff,0.0,42.15,140784.07899518512,98.9,lace,0.12577420001673073,0.12439561722335149,0.12577420001673073,1.0,2024
8929aeb1d1bffff,34.0,10.88,118966.60269829018,99.49,lace,9.184197320308218,9.137603901162095,9.184197320308218,1.0,2024
8929aeb1d47ffff,0.0,42.41,140966.0,98.9,lace,0.040342169081790606,0.03989840522189091,0.040342169081790606,1.0,2024
8929aeb1d53ffff,0.0,42.41,140966.0,98.9,lace,0.007359695361456775,0.007278738712480751,0.007359695361456775,1.0,2024
8929aeb1d57ffff,0.0,42.41,140966.0,98.9,lace,0.03896078512912443,0.038532216492704066,0.03896078512912443,1.0,2024
8929aeb1d5bffff,49.0,22.49,74869.35536556243,99.62,lace,18.584017003978143,18.513745392277915,18.584017003978143,1.0,2024
8929aeb1d63ffff,2.0,44.56,45639.887377317136,98.9,lace,1.1295675215144723,1.1171422787778131,1.1295675215144723,1.0,2024
8929aeb1d6bffff,0.0,42.41,140966.0,98.9,lace,0.0758478675537594,0.07501354101066805,0.0758478675537594,1.0,2024
8929aeb1d6fffff,3.0,44.62,43137.955939596744,98.9,lace,1.2644312059315412,1.2505224626662945,1.2644312059315412,1.0,2024
8929aeb1d73ffff,1.0,44.3,57340.33820410958,98.9,lace,0.5099478881272015,0.5043384613578024,0.5099478881272015,1.0,2024
8929aeb1d7bffff,0.0,42.41,140966.0,98.9,lace,0.04164095598210515,0.04118290546630199,0.04164095598210515,1.0,2024
8929aeb1d83ffff,230.0,8.93,93151.2343016609,99.42,lace,68.4723855525508,68.07454973896314,68.4723855525508,1.0,2024
8929aeb1d87ffff,148.0,26.46,74271.0,98.6,lace,56.86949319832166,56.07332029354516,56.86949319832166,1.0,2024
8929aeb1d8bffff,318.0,8.81,104321.34420221297,99.5,lace,89.65843259958828,89.21014043659034,89.65843259958828,1.0,2024
8929aeb1d8fffff,286.0,13.6,110285.90307758581,99.27,lace,83.29758864396612,82.6926427923493,83.29758864396612,1.0,2024
8929aeb1d93ffff,260.0,5.91,96138.64350041184,99.5,lace,63.99333400167979,63.673366791597765,63.99333400167979,1.0,2024
8929aeb1d9bffff,332.0,6.38,93176.70205777591,99.5,lace,88.79305440414292,88.3490891321222,88.79305440414292,1.0,2024
8929aeb1da3ffff,0.0,42.41,140966.0,98.9,lace,0.12494547803004,0.12357107777170956,0.12494547803004,1.0,2024
8929aeb1da7ffff,0.0,42.41,140966.0,98.9,lace,0.08789195330407112,0.08692514181772636,0.08789195330407112,1.0,2024
8929aeb1dabffff,0.0,42.41,140966.0,98.9,lace,0.07863855209378237,0.07777352802075077,0.07863855209378237,1.0,2024
8929aeb1dafffff,0.0,43.99,71007.24768572826,98.9,lace,0.13407368886665763,0.1325988782891244,0.13407368886665763,1.0,2024
8929aeb1db3ffff,5.0,26.76,75496.91885197445,98.6,lace,1.977080641041798,1.949497483318565,1.977080641041798,1.0,2024
8929aeb1db7ffff,0.0,42.41,140966.0,98.9,lace,0.12494368983001498,0.12356930924188482,0.12494368983001498,1.0,2024
8929aeb1dbbffff,74.0,26.51,74464.74210192042,98.6,lace,28.62270181096428,28.222203150417254,28.62270181096428,1.0,2024
8929aeb1dc3ffff,5.0,26.25,91835.0369499776,99.5,lace,1.6549043116397029,1.6466297900815043,1.6549043116397029,1.0,2024
8929aeb1dc7ffff,289.0,10.42,117537.93040683068,99.5,lace,78.29214403730114,77.90068331711463,78.29214403730114,1.0,2024
8929aeb1dcbffff,0.0,0.0,,65.01,income-model,0.0,0.0,0.0,,2024
8929aeb1dcfffff,0.0,13.24,120614.40343577327,99.44,lace,0.11046978545194176,0.1098491052602335,0.11046978545194176,1.0,2024
8929aeb1dd3ffff,289.0,24.37,87991.7520459604,99.5,lace,96.59720399981975,96.11421797982064,96.59720399981975,1.0,2024
8929aeb1dd7ffff,274.0,8.83,89559.25254800984,99.5,lace,82.30421176563917,81.89269070681098,82.30421176563917,1.0,2024
8929aeb1ddbffff,132.0,26.56,91875.0,99.5,lace,45.12296972320295,44.89735487458694,45.12296972320295,1.0,2024
8929aeb1e03ffff,11.0,9.57,107039.0,100.0,lace,2.7837731503066308,2.7837731503066308,2.7837731503066308,1.0,2024
8929aeb1e07ffff,11.0,9.57,107039.0,100.0,lace,2.7836436379623053,2.7836436379623053,2.7836436379623053,1.0,2024
8929aeb1e0bffff,11.0,9.57,107039.0,100.0,lace,2.7838128416076673,2.7838128416076673,2.7838128416076673,1.0,2024
8929aeb1e0fffff,11.0,9.57,107039.0,100.0,lace,2.783683326989308,2.7836833269893075,2.783683326989308,1.0,2024
8929aeb1e13ffff,113.0,23.5,94440.0125588588,100.0,lace,45.80031774351737,45.80031774351737,45.80031774351737,1.0,2024
8929aeb1e17ffff,35.0,18.52,100518.31439535569,100.0,lace,9.6981425148738,9.6981425148738,9.6981425148738,1.0,2024
8929aeb1e1bffff,15.0,13.68,103323.42401285659,100.0,lace,4.425230680399214,4.425230680399214,4.425230680399214,1.0,2024
8929aeb1e23ffff,11.0,9.57,107039.0,100.0,lace,2.78342428554356,2.78342428554356,2.78342428554356,1.0,2024
8929aeb1e27ffff,11.0,9.57,107038.99999999999,100.0,lace,2.7814705066196383,2.7814705066196383,2.7814705066196383,1.0,2024
8929aeb1e2bffff,11.0,9.57,107039.0,100.0,lace,2.783463955238412,2.783463955238412,2.783463955238412,1.0,2024
8929aeb1e2fffff,11.0,9.57,107039.0,100.0,lace,2.7290252043940773,2.7290252043940773,2.7290252043940773,1.0,2024
8929aeb1e33ffff,41.0,19.07,100119.65529170768,100.0,lace,11.306002574871455,11.306002574871455,11.306002574871455,1.0,2024
8929aeb1e37ffff,41.0,19.06,100128.65087523077,100.0,lace,11.263466297414896,11.263466297414896,11.263466297414896,1.0,2024
8929aeb1e3bffff,11.0,9.57,107039.0,100.0,lace,2.7835538082911326,2.7835538082911326,2.7835538082911326,1.0,2024
8929aeb1e43ffff,11.0,9.57,107039.00000000001,100.0,lace,2.783982030956534,2.783982030956534,2.783982030956534,1.0,2024
8929aeb1e47ffff,11.0,9.57,107039.0,100.0,lace,2.7838525181072176,2.7838525181072176,2.7838525181072176,1.0,2024
8929aeb1e4bffff,11.0,9.57,107039.0,100.0,lace,2.7840216949063525,2.784021694906352,2.7840216949063525,1.0,2024
8929aeb1e4fffff,11.0,9.57,107038.99999999999,100.0,lace,2.7838921798020224,2.7838921798020224,2.7838921798020224,1.0,2024
8929aeb1e53ffff,11.0,9.57,107039.0,100.0,lace,2.784071858688848,2.7840718586888484,2.784071858688848,1.0,2024
8929aeb1e57ffff,11.0,9.57,107039.0,100.0,lace,2.7839423521698414,2.7839423521698414,2.7839423521698414,1.0,2024
8929aeb1e5bffff,11.0,9.57,107038.99999999999,100.0,lace,2.7841115397272174,2.784111539727218,2.7841115397272174,1.0,2024
8929aeb1e63ffff,11.0,9.57,107039.0,100.0,lace,2.7836331373873917,2.7836331373873917,2.7836331373873917,1.0,2024
8929aeb1e67ffff,11.0,9.57,107039.0,100.0,lace,2.783503610102702,2.783503610102702,2.783503610102702,1.0,2024
8929aeb1e6bffff,11.0,9.57,107038.99999999999,100.0,lace,2.783672779745163,2.783672779745163,2.783672779745163,1.0,2024
8929aeb1e6fffff,11.0,9.57,107038.99999999999,100.0,lace,2.783543250187822,2.7835432501878214,2.783543250187822,1.0,2024
8929aeb1e73ffff,11.0,9.57,107039.0,100.0,lace,2.783723001210188,2.7837230012101886,2.783723001210188,1.0,2024
8929aeb1e77ffff,11.0,9.57,107039.0,100.0,lace,2.7835934802511875,2.783593480251187,2.7835934802511875,1.0,2024
8929aeb1e7bffff,11.0,9.57,107039.0,100.0,lace,2.78376266061987,2.7837626606198698,2.78376266061987,1.0,2024
8929aeb1e83ffff,93.0,20.96,98742.00000000001,100.0,lace,25.939548192523993,25.939548192523993,25.939548192523993,1.0,2024
8929aeb1e87ffff,141.0,25.87,106945.50263064691,99.78,lace,50.337698675815105,50.22869136032913,50.337698675815105,1.0,2024
8929aeb1e8bffff,173.0,23.49,94928.05087551322,100.0,lace,66.01666073086804,66.01666073086804,66.01666073086804,1.0,2024
8929aeb1e8fffff,87.0,20.9,98752.161704858,100.0,lace,24.600374275200313,24.600374275200313,24.600374275200313,1.0,2024
8929aeb1e93ffff,146.0,28.94,116448.22729915263,99.74,lace,57.353117627787626,57.20521034890006,57.353117627787626,1.0,2024
8929aeb1e97ffff,167.0,30.62,118051.08075591305,99.71,lace,69.62213944560877,69.41754420341537,69.62213944560877,1.0,2024
8929aeb1e9bffff,99.0,21.43,97988.57986114545,100.0,lace,29.75883207855894,29.75883207855894,29.75883207855894,1.0,2024
8929aeb1ea3ffff,93.0,20.96,98742.00000000001,100.0,lace,25.936298464133753,25.936298464133753,25.936298464133753,1.0,2024
8929aeb1ea7ffff,93.0,20.96,98742.0,100.0,lace,25.935091716883736,25.935091716883736,25.935091716883736,1.0,2024
8929aeb1eabffff,87.0,20.86,98815.7935271437,100.0,lace,24.273953638694458,24.273953638694458,24.273953638694458,1.0,2024
8929aeb1eafffff,93.0,20.96,98742.0,100.0,lace,25.935461780089586,25.935461780089586,25.935461780089586,1.0,2024
8929aeb1eb3ffff,203.0,25.35,100758.76092460891,99.73,lace,73.35828454115772,73.15924908670704,73.35828454115772,1.0,2024
8929aeb1eb7ffff,198.0,16.24,94621.74812535812,99.77,lace,59.286163466921295,59.152515625827846,59.286163466921295,1.0,2024
8929aeb1ebbffff,93.0,20.96,98742.0,100.0,lace,25.937505173190885,25.937505173190885,25.937505173190885,1.0,2024
8929aeb1ec3ffff,11.0,9.57,107039.0,100.0,lace,2.7841219500665866,2.784121950066586,2.7841219500665866,1.0,2024
8929aeb1ec7ffff,170.0,23.99,94002.1306632386,100.0,lace,69.39092315705899,69.39092315705899,69.39092315705899,1.0,2024
8929aeb1ecbffff,11.0,9.57,107038.99999999999,100.0,lace,2.784161663012208,2.784161663012208,2.784161663012208,1.0,2024
8929aeb1ecfffff,11.0,9.57,107039.0,100.0,lace,2.7840321628372107,2.7840321628372107,2.7840321628372107,1.0,2024
8929aeb1ed3ffff,11.0,9.57,107039.0,100.0,lace,2.784211713898314,2.784211713898314,2.784211713898314,1.0,2024
8929aeb1ed7ffff,59.0,22.18,95639.14352558112,100.0,lace,23.181499307689204,23.181499307689204,23.181499307689204,1.0,2024
8929aeb1edbffff,11.0,9.57,107039.00000000001,100.0,lace,2.7842514439019563,2.7842514439019563,2.7842514439019563,1.0,2024
8929aeb2003ffff,171.0,10.36,70693.9999999945,99.3,lace,43.57918648556772,43.27413217899216,43.57918648556772,1.0,2024
8929aeb2007ffff,355.0,9.47,66275.9501520416,99.19,lace,93.81301562974878,93.05442864827049,93.81301562974878,1.0,2024
8929aeb200bffff,4.0,10.42,,99.0,lace,1.5311377359349876,1.5158263585756375,1.5311377359349876,1.0,2024
8929aeb200fffff,53.0,8.64,62166.693084826504,99.1,lace,14.451614806985228,14.321141362440683,14.451614806985228,1.0,2024
8929aeb2013ffff,163.0,10.36,70694.0,99.3,lace,41.46593302060801,41.17567148946376,41.46593302060801,1.0,2024
8929aeb2017ffff,332.0,10.36,70694.0,99.3,lace,84.53339637851586,83.94166260386625,84.53339637851586,1.0,2024
8929aeb2023ffff,321.0,7.98,56500.957317210676,99.0,lace,93.36631665029735,92.43265348379437,93.36631665029735,1.0,2024
8929aeb2027ffff,422.0,11.46,41225.19647594638,99.0,lace,164.80704796080985,163.1668651544755,164.80704796080985,1.0,2024
8929aeb202bffff,84.0,8.1,58943.24701298991,99.11,lace,24.32506306690075,24.109078623473263,24.32506306690075,1.0,2024
8929aeb202fffff,293.0,9.07,61851.38329739913,99.34,lace,89.06986533799197,88.47861037185703,89.06986533799197,1.0,2024
8929aeb2033ffff,432.0,7.99,59773.754329114774,99.04,lace,121.7146792800136,120.54175294983617,121.7146792800136,1.0,2024
8929aeb2037ffff,607.0,6.75,61885.3305252752,99.0,lace,199.87720411665845,197.8784320754919,199.87720411665845,1.0,2024
8929aeb203bffff,179.0,7.73,57628.99999999999,99.0,lace,50.48111883724952,49.97630764887702,50.48111883724952,1.0,2024
8929aeb2043ffff,19.0,10.42,,99.0,lace,7.361117270277436,7.287506097574661,7.361117270277436,1.0,2024
8929aeb2047ffff,45.0,10.42,,99.0,lace,17.773206420842037,17.595474356633616,17.773206420842037,1.0,2024
8929aeb204bffff,47.0,10.42,,99.0,lace,18.302989625436265,18.119959729181904,18.302989625436265,1.0,2024
8929aeb204fffff,47.0,10.42,,99.0,lace,18.30213966827105,18.119118271588338,18.30213966827105,1.0,2024
8929aeb2053ffff,10.0,2.06,72155.0,99.0,lace,2.8307284720963657,2.8024211873754017,2.8307284720963657,1.0,2024
8929aeb205bffff,132.0,2.19,72155.0,99.0,lace,36.41105404964067,36.04694350914426,36.41105404964067,1.0,2024
8929aeb2063ffff,42.0,10.42,,99.0,lace,16.4624289590038,16.297804669413765,16.4624289590038,1.0,2024
8929aeb2067ffff,40.0,10.14,65468.99999999999,99.32,lace,13.948739371271401,13.853213475999953,13.948739371271401,1.0,2024
8929aeb206bffff,47.0,10.42,,99.0,lace,18.300704595961268,18.117697550001655,18.300704595961268,1.0,2024
8929aeb206fffff,47.0,10.42,,99.0,lace,18.299854542746548,18.11685599731908,18.299854542746548,1.0,2024
8929aeb2073ffff,20.0,10.42,,99.0,lace,7.652446270205591,7.575921807503534,7.652446270205591,1.0,2024
8929aeb2077ffff,9.0,10.42,,99.0,lace,3.520109658680979,3.484908562094169,3.520109658680979,1.0,2024
8929aeb207bffff,47.0,10.42,,99.0,lace,18.30128968420069,18.11827678735868,18.30128968420069,1.0,2024
8929aeb2083ffff,503.0,4.4,83654.0,99.6,lace,114.1679362831583,113.71126453802566,114.1679362831583,1.0,2024
8929aeb2087ffff,500.0,4.47,83392.7465503832,99.6,lace,113.94326007651871,113.48694246619772,113.94326007651871,1.0,2024
8929aeb208bffff,230.0,4.62,83162.26944984474,99.59,lace,52.39411655421271,52.17786644514028,52.39411655421271,1.0,2024
8929aeb208fffff,408.0,7.09,77796.24097175484,99.46,lace,97.70918962159477,97.17750222609357,97.70918962159477,1.0,2024
8929aeb2093ffff,457.0,5.23,86381.58263361549,99.64,lace,103.99357193738001,103.61639282755762,103.99357193738001,1.0,2024
8929aeb2097ffff,502.0,4.43,83520.30847013967,99.6,lace,114.08022539854996,113.62390449695576,114.08022539854996,1.0,2024
8929aeb209bffff,298.0,3.8,80712.58798765785,99.42,lace,71.12543627334001,70.71606544482464,71.12543627334001,1.0,2024
8929aeb20a3ffff,380.0,10.4,45813.59187195799,99.3,lace,111.08111090300717,110.30354312668611,111.08111090300717,1.0,2024
8929aeb20a7ffff,383.0,10.4,44444.0,99.3,lace,112.75938394749078,111.97006825985835,112.75938394749078,1.0,2024
8929aeb20abffff,334.0,10.36,69723.64000473756,99.3,lace,85.44015712524603,84.84207602536931,85.44015712524603,1.0,2024
8929aeb20afffff,431.0,9.2,51037.66648931345,99.2,lace,130.2088652559842,129.17361326259066,130.2088652559842,1.0,2024
8929aeb20b3ffff,347.0,10.66,52755.44006537847,99.46,lace,106.95505365437751,106.38048293394648,106.95505365437751,1.0,2024
8929aeb20b7ffff,378.0,10.47,45027.09294273009,99.32,lace,112.13531537306002,111.37044066214946,112.13531537306002,1.0,2024
8929aeb20bbffff,334.0,10.33,70081.83736320976,99.3,lace,85.24651406656234,84.65078692879673,85.24651406656234,1.0,2024
8929aeb20cbffff,33.0,2.06,72155.0,99.0,lace,9.04727017745331,8.956797475678776,9.04727017745331,1.0,2024
8929aeb20d3ffff,100.0,2.06,72155.0,99.0,lace,27.392523828957724,27.11859859066815,27.392523828957724,1.0,2024
8929aeb20d7ffff,36.0,2.06,72155.0,99.0,lace,9.91732550767793,9.81815225260115,9.91732550767793,1.0,2024
8929aeb20dbffff,47.0,2.06,72155.0,99.0,lace,12.794838158461026,12.666889776876417,12.794838158461026,1.0,2024
8929aeb2103ffff,324.0,7.75,74959.65245480128,99.1,lace,77.07877370340707,76.38506474007642,77.07877370340707,1.0,2024
8929aeb2107ffff,240.0,12.37,61475.02612184176,99.1,lace,73.08192936056892,72.4241919963238,73.08192936056892,1.0,2024
8929aeb210bffff,337.0,7.22,76505.0,99.1,lace,77.72434107762021,77.02482200792161,77.72434107762021,1.0,2024
8929aeb210fffff,337.0,7.24,76464.08950990984,99.1,lace,77.70297332969679,77.00364656972951,77.70297332969679,1.0,2024
8929aeb2113ffff,224.0,13.56,57975.99999999999,99.1,lace,72.36934370692752,71.71801961356518,72.36934370692752,1.0,2024
8929aeb2117ffff,228.0,13.3,58757.91673391691,99.1,lace,72.51850225845632,71.86583573813022,72.51850225845632,1.0,2024
8929aeb211bffff,266.0,10.63,66559.2092082846,99.1,lace,74.32401842091845,73.65510225513017,74.32401842091845,1.0,2024
8929aeb2123ffff,266.0,19.01,44095.401575555945,98.7,lace,96.47014598348184,95.22081341506804,96.47014598348184,1.0,2024
8929aeb2127ffff,447.0,12.43,37666.22219630065,98.95,lace,146.063596018002,144.53687968599183,146.063596018002,1.0,2024
8929aeb212bffff,308.0,20.3,38395.35520532457,98.5,lace,116.7050499669558,114.95447421745146,116.7050499669558,1.0,2024
8929aeb212fffff,301.0,22.4,35455.0,98.5,lace,116.63086091899874,114.88139800521375,116.63086091899874,1.0,2024
8929aeb2133ffff,224.0,13.56,57975.99999999999,99.1,lace,72.36030492708983,71.70906218274602,72.36030492708983,1.0,2024
8929aeb2137ffff,329.0,11.38,66108.90980951668,99.42,lace,127.11376997112251,126.38233891793777,127.11376997112251,1.0,2024
8929aeb213bffff,242.0,13.22,59215.54649988037,99.04,lace,75.60464056994222,74.88247754831387,75.60464056994222,1.0,2024
8929aeb2143ffff,289.0,10.11,78641.0,99.6,lace,69.53042374878196,69.25230205378682,69.53042374878196,1.0,2024
8929aeb2147ffff,310.0,8.78,77658.16559376953,99.38,lace,72.98870130562273,72.53265870412702,72.98870130562273,1.0,2024
8929aeb214bffff,289.0,10.11,78641.0,99.6,lace,69.53143063109044,69.25330490856608,69.53143063109044,1.0,2024
8929aeb214fffff,315.0,10.75,72572.27426874125,99.49,lace,74.25722292784057,73.87776627526593,74.25722292784057,1.0,2024
8929aeb2153ffff,360.0,11.01,55055.64717895054,99.17,lace,120.7047576785268,119.69729603376027,120.7047576785268,1.0,2024
8929aeb2157ffff,310.0,9.01,76145.59624165854,99.36,lace,75.21543630110436,74.73485699742126,75.21543630110436,1.0,2024
8929aeb215bffff,289.0,10.11,78454.53058239326,99.6,lace,69.82914926059057,69.5498326635482,69.82914926059057,1.0,2024
8929aeb2163ffff,373.0,3.72,61543.99999999999,98.5,lace,117.38119199682295,115.62047411687061,117.38119199682295,1.0,2024
8929aeb2167ffff,372.0,3.94,61247.27490040555,98.5,lace,117.3653958747432,115.60491493662205,117.3653958747432,1.0,2024
8929aeb216bffff,373.0,7.71,58884.18264879051,98.79,lace,95.05207307582596,93.90345110573745,95.05207307582596,1.0,2024
8929aeb216fffff,373.0,3.72,61544.0,98.5,lace,117.37743579012553,115.61677425327365,117.37743579012553,1.0,2024
8929aeb2173ffff,342.0,6.69,74225.02147490575,98.98,lace,83.27494648316485,82.42686402314992,83.27494648316485,1.0,2024
8929aeb2177ffff,360.0,4.95,66116.59450581206,98.65,lace,103.95515416214451,102.55359347343226,103.95515416214451,1.0,2024
8929aeb217bffff,358.0,8.07,62576.00850507654,98.92,lace,89.07852139082144,88.11278632006378,89.07852139082144,1.0,2024
8929aeb2183ffff,251.0,11.27,51531.649888230255,98.77,lace,84.22808869983169,83.18931708693137,84.22808869983169,1.0,2024
8929aeb2187ffff,174.0,17.21,60954.68037677141,99.2,lace,56.25431772671629,55.80578876071055,56.25431772671629,1.0,2024
8929aeb218bffff,224.0,13.56,57975.99999999999,99.1,lace,72.37165645580052,71.72031154769832,72.37165645580052,1.0,2024
8929aeb218fffff,224.0,13.56,57976.0,99.1,lace,72.36829413120843,71.71697948402755,72.36829413120843,1.0,2024
8929aeb2193ffff,280.0,9.29,46000.0,98.5,lace,96.94164086720431,95.48751625419625,96.94164086720431,1.0,2024
8929aeb2197ffff,166.0,12.15,64097.0394547625,98.96,lace,54.369651636972904,53.805243581185835,54.369651636972904,1.0,2024
8929aeb219bffff,392.0,5.53,87505.09779862523,99.15,lace,98.41976929564277,97.57920750271782,98.41976929564277,1.0,2024
8929aeb21a3ffff,154.0,20.65,68549.65866133162,99.5,lace,54.76308378027951,54.48755010599582,54.76308378027951,1.0,2024
8929aeb21a7ffff,295.0,12.68,68515.48661221586,99.5,lace,116.97260860057416,116.38774555757131,116.97260860057416,1.0,2024
8929aeb21abffff,230.0,13.4,58711.03455391753,99.13,lace,75.56182126051769,74.90771251127373,75.56182126051769,1.0,2024
8929aeb21afffff,361.0,10.97,67653.55520767762,99.47,lace,143.80043467214182,143.04464187666264,143.80043467214182,1.0,2024
8929aeb21b3ffff,109.0,27.56,68750.0,99.5,lace,35.09920651329053,34.92371048072408,35.09920651329053,1.0,2024
8929aeb21b7ffff,109.0,27.56,68750.0,99.5,lace,35.097575586062106,34.92208770813179,35.097575586062106,1.0,2024
8929aeb21bbffff,199.0,15.24,59263.404158524354,99.15,lace,64.2121133197415,63.66492051610024,64.2121133197415,1.0,2024
8929aeb21c3ffff,488.0,7.61,62270.67536005256,99.02,lace,159.07126824296662,157.5056382057468,159.07126824296662,1.0,2024
8929aeb21c7ffff,224.0,13.56,57976.0,99.1,lace,72.37270609189007,71.72135173706305,72.37270609189007,1.0,2024
8929aeb21cbffff,506.0,9.04,51638.10687706148,99.0,lace,182.6498202811407,180.8233220783293,182.6498202811407,1.0,2024
8929aeb21cfffff,350.0,12.05,44519.45788692054,99.02,lace,132.22091504146303,130.92561185563497,132.22091504146303,1.0,2024
8929aeb21d3ffff,425.0,7.85,65863.21515905604,99.3,lace,116.43530050642484,115.6202324027731,116.43530050642484,1.0,2024
8929aeb21d7ffff,313.0,8.34,82314.43240379098,99.28,lace,82.86731380671156,82.26913282806285,82.86731380671156,1.0,2024
8929aeb21dbffff,569.0,7.06,60284.5002628092,99.05,lace,181.8534517662072,180.12401220171174,181.8534517662072,1.0,2024
8929aeb2203ffff,12.0,3.02,47206.0,99.7,lace,3.409759645417018,3.399530366480767,3.409759645417018,1.0,2024
8929aeb2207ffff,347.0,2.26,50846.11672980538,98.91,lace,78.20595786948704,77.35536003851806,78.20595786948704,1.0,2024
8929aeb220bffff,12.0,3.02,47206.0,99.7,lace,3.4098089319406992,3.399579505144877,3.4098089319406992,1.0,2024
8929aeb220fffff,12.0,3.02,47206.0,99.7,lace,3.409650571630772,3.3994216199158798,3.409650571630772,1.0,2024
8929aeb2213ffff,12.0,3.02,47206.0,99.7,lace,3.4098686903760003,3.399639084304872,3.4098686903760003,1.0,2024
8929aeb2217ffff,12.0,3.02,47206.0,99.7,lace,3.4097103407621643,3.3994812097398777,3.4097103407621643,1.0,2024
8929aeb221bffff,12.0,3.02,47206.0,99.7,lace,3.4099179978955574,3.399688243901871,3.4099179978955574,1.0,2024
8929aeb2223ffff,56.0,5.36,37944.0035280287,98.98,lace,10.769647930927743,10.659697748049538,10.769647930927743,1.0,2024
8929aeb2227ffff,75.0,5.53,37250.0,98.9,lace,14.11037201685679,13.955157924671367,14.11037201685679,1.0,2024
8929aeb222bffff,12.0,3.02,47205.99999999999,99.7,lace,3.409383095864257,3.3991549465766644,3.409383095864257,1.0,2024
8929aeb222fffff,57.0,5.37,37880.08551457986,98.97,lace,11.002408604140275,10.889303681688865,11.002408604140275,1.0,2024
8929aeb2233ffff,468.0,2.3,50687.166734531136,98.9,lace,104.97512002597153,103.82148386755829,104.97512002597153,1.0,2024
8929aeb2237ffff,232.0,2.95,47991.601326431395,98.9,lace,50.3637002577191,49.80969955488419,50.3637002577191,1.0,2024
8929aeb223bffff,122.0,2.31,50596.91847561186,98.98,lace,27.945052000454865,27.659156025363522,27.945052000454865,1.0,2024
8929aeb2243ffff,12.0,3.02,47206.0,99.7,lace,3.4100165585298696,3.3997865088542802,3.4100165585298696,1.0,2024
8929aeb2247ffff,12.0,3.02,47206.00000000001,99.7,lace,3.4098582003872506,3.399628625786089,3.4098582003872506,1.0,2024
8929aeb224bffff,12.0,3.02,47206.0,99.7,lace,3.4100658116898397,3.3998356142547705,3.4100658116898397,1.0,2024
8929aeb224fffff,12.0,3.02,47206.0,99.7,lace,3.4099074507560854,3.3996777284038173,3.4099074507560854,1.0,2024
8929aeb2253ffff,12.0,3.02,47206.00000000001,99.7,lace,3.4101256375400943,3.399895260627474,3.4101256375400943,1.0,2024
8929aeb2257ffff,12.0,3.02,47206.00000000001,99.7,lace,3.4099672872584184,3.3997373853966435,3.4099672872584184,1.0,2024
8929aeb225bffff,12.0,3.02,47205.99999999999,99.7,lace,3.410174911631225,3.3999443868963315,3.410174911631225,1.0,2024
8929aeb2263ffff,12.0,3.02,47205.99999999999,99.7,lace,3.409590713762628,3.39936194162134,3.409590713762628,1.0,2024
8929aeb2267ffff,12.0,3.02,47206.0,99.7,lace,3.409432337725819,3.3992040407126414,3.409432337725819,1.0,2024
8929aeb226bffff,12.0,3.02,47206.0,99.7,lace,3.409639940326185,3.399411020505206,3.409639940326185,1.0,2024
8929aeb226fffff,12.0,3.02,47206.0,99.7,lace,3.409481561474587,3.399253116790163,3.409481561474587,1.0,2024
8929aeb2273ffff,12.0,3.02,47206.0,99.7,lace,3.4096998372369103,3.3994707377251996,3.4096998372369103,1.0,2024
8929aeb2277ffff,12.0,3.02,47206.0,99.7,lace,3.4095414690508585,3.399312844643706,3.4095414690508585,1.0,2024
8929aeb227bffff,12.0,3.02,47206.0,99.7,lace,3.4097490847426903,3.3995198374884628,3.4097490847426903,1.0,2024
8929aeb2283ffff,2.0,3.02,47206.0,99.7,lace,0.5670477779749715,0.5653466346410466,0.5670477779749715,1.0,2024
8929aeb2287ffff,31.0,9.74,47206.0,99.05,lace,11.718242488747991,11.60648121331045,11.718242488747991,1.0,2024
8929aeb228bffff,12.0,3.02,47206.0,99.7,lace,3.4098512982937232,3.3996217443988423,3.4098512982937232,1.0,2024
8929aeb228fffff,12.0,3.02,47206.0,99.7,lace,3.409819364815741,3.3995899067212942,3.409819364815741,1.0,2024
8929aeb2293ffff,0.0,3.02,47206.0,99.7,lace,0.010859796367735411,0.010827216978632205,0.010859796367735411,1.0,2024
8929aeb2297ffff,53.0,4.65,72154.55332278996,99.0,lace,16.360094694137516,16.196494998536153,16.360094694137516,1.0,2024
8929aeb229bffff,9.0,3.02,47206.0,99.7,lace,2.334905908164121,2.3279011904396283,2.334905908164121,1.0,2024
8929aeb22a3ffff,47.0,10.42,,99.0,lace,18.301819462986582,18.118801268356716,18.301819462986582,1.0,2024
8929aeb22a7ffff,116.0,5.08,50893.0,98.95,lace,32.739950856674064,32.39549503267656,32.739950856674064,1.0,2024
8929aeb22abffff,151.0,3.51,50793.78355223847,98.94,lace,37.84612983283962,37.44631488964506,37.84612983283962,1.0,2024
8929aeb22afffff,420.0,2.46,50893.0,98.9,lace,96.24202418209339,95.18753493210333,96.24202418209339,1.0,2024
8929aeb22b3ffff,47.0,10.42,,99.0,lace,18.302404621451913,18.119380575237393,18.302404621451913,1.0,2024
8929aeb22b7ffff,47.0,10.42,,99.0,lace,18.301554622206048,18.11853907598399,18.301554622206048,1.0,2024
8929aeb22bbffff,34.0,9.38,47206.0,99.07,lace,12.650553066754883,12.533105652674664,12.650553066754883,1.0,2024
8929aeb22c3ffff,12.0,3.02,47206.0,99.7,lace,3.4101853746140702,3.399954818490228,3.4101853746140702,1.0,2024
8929aeb22c7ffff,12.0,3.02,47206.0,99.7,lace,3.410027035013439,3.3997969539083988,3.410027035013439,1.0,2024
8929aeb22cbffff,12.0,3.02,47206.0,99.7,lace,3.410234687750808,3.4000039836875557,3.410234687750808,1.0,2024
8929aeb22cfffff,12.0,3.02,47206.0,99.7,lace,3.4100763453324054,3.399846116296408,3.4100763453324054,1.0,2024
8929aeb22d3ffff,12.0,3.02,47206.0,99.7,lace,3.410294375104259,3.4000634919789463,3.410294375104259,1.0,2024
8929aeb22d7ffff,12.0,3.02,47205.99999999999,99.7,lace,3.41013604336908,3.3999056352389725,3.41013604336908,1.0,2024
8929aeb22dbffff,12.0,3.02,47206.0,99.7,lace,3.4103437091760265,3.4001126780484987,3.4103437091760265,1.0,2024
8929aeb2303ffff,71.0,9.67,50455.34934525752,99.05,lace,15.40418909767292,15.257194527711068,15.40418909767292,1.0,2024
8929aeb2307ffff,72.0,11.6,56807.274080105984,99.09,lace,16.777488828884504,16.625348262924554,16.777488828884504,1.0,2024
8929aeb230bffff,75.0,5.53,37250.0,98.9,lace,14.10840537400638,13.95321291489231,14.10840537400638,1.0,2024
8929aeb230fffff,21.0,5.53,37250.661382801954,98.9,lace,4.005265245735414,3.9612061715185174,4.005265245735414,1.0,2024
8929aeb2313ffff,25.0,5.53,37250.010664019675,98.9,lace,4.710579937763304,4.658763567379637,4.710579937763304,1.0,2024
8929aeb2317ffff,174.0,12.72,58302.0,99.2,lace,40.54580915122727,40.22144267801745,40.54580915122727,1.0,2024
8929aeb231bffff,75.0,5.53,37250.0,98.9,lace,14.108857018667909,13.953659591462563,14.108857018667909,1.0,2024
8929aeb2327ffff,63.0,11.28,47500.0,98.4,lace,15.615297118235885,15.365452364344112,15.615297118235885,1.0,2024
8929aeb232bffff,41.0,19.39,48580.0,98.4,lace,11.163129547939398,10.984527824790554,11.163129547939398,1.0,2024
8929aeb232fffff,103.0,16.31,47500.067920381036,98.4,lace,27.0916414658565,26.65817577427771,27.0916414658565,1.0,2024
8929aeb2333ffff,0.0,5.48,48580.0,98.5,lace,0.09800109748770891,0.09653108102539328,0.09800109748770891,1.0,2024
8929aeb2343ffff,315.0,9.94,49352.101243044024,99.66,lace,95.81765836713168,95.49581463776268,95.81765836713168,1.0,2024
8929aeb2347ffff,75.0,5.53,37250.0,98.9,lace,14.108609211267344,13.953414509943405,14.108609211267344,1.0,2024
8929aeb234bffff,384.0,10.19,50040.41308602994,99.69,lace,119.49159366185117,119.12146582596972,119.49159366185117,1.0,2024
8929aeb234fffff,337.0,10.03,49598.889546051316,99.67,lace,103.25088924161584,102.91388970947256,103.25088924161584,1.0,2024
8929aeb2353ffff,75.0,5.53,37250.0,98.9,lace,14.109716490038199,13.95450960864778,14.109716490038199,1.0,2024
8929aeb2357ffff,75.0,5.53,37250.0,98.9,lace,14.109060942393906,13.953861272027575,14.109060942393906,1.0,2024
8929aeb235bffff,135.0,8.1,44292.023439433164,99.43,lace,34.54093419152696,34.34405662806667,34.54093419152696,1.0,2024
8929aeb2363ffff,31.0,5.53,37250.53465951231,98.9,lace,5.881121018050719,5.816418579559577,5.881121018050719,1.0,2024
8929aeb2367ffff,67.0,19.41,39115.0,98.4,lace,18.263788021745302,17.97156741601696,18.263788021745302,1.0,2024
8929aeb2373ffff,75.0,5.53,37250.0,98.9,lace,14.107953610457006,13.95276612074198,14.107953610457006,1.0,2024
8929aeb2377ffff,20.0,6.18,37250.000027150105,98.87,lace,3.8630009164433328,3.8192191598996295,3.8630009164433328,1.0,2024
8929aeb237bffff,69.0,5.53,37250.254195242946,98.9,lace,12.963050635688262,12.820446486045238,12.963050635688262,1.0,2024
8929aeb2383ffff,278.0,9.92,65468.99999999999,99.6,lace,89.59849457534966,89.24010059704825,89.59849457534966,1.0,2024
8929aeb2387ffff,325.0,11.12,65936.25150599168,99.45,lace,86.00989955442076,85.54053900420816,86.00989955442076,1.0,2024
8929aeb238bffff,173.0,10.45,61249.97133042419,99.43,lace,50.48014336250685,50.19417146382894,50.48014336250685,1.0,2024
8929aeb238fffff,392.0,12.57,58667.76213932967,99.23,lace,93.35661009694742,92.63557044766772,93.35661009694742,1.0,2024
8929aeb2393ffff,224.0,9.92,65469.0,99.6,lace,72.2055243734636,71.91670227596974,72.2055243734636,1.0,2024
8929aeb2397ffff,281.0,9.97,68606.54779272705,99.6,lace,84.96321026453609,84.62335742347793,84.96321026453609,1.0,2024
8929aeb239bffff,189.0,9.97,65468.99999999999,99.53,lace,62.20890534861584,61.91788866229919,62.20890534861584,1.0,2024
8929aeb23a3ffff,385.0,12.37,57867.37655834393,99.2,lace,86.76344091562116,86.06933338829619,86.76344091562116,1.0,2024
8929aeb23a7ffff,367.0,11.21,56218.86546207264,99.18,lace,74.30201212356125,73.69230572237417,74.30201212356125,1.0,2024
8929aeb23abffff,245.0,12.64,58197.90470268244,99.19,lace,57.268606836081055,56.80620335318728,57.268606836081055,1.0,2024
8929aeb23afffff,152.0,9.96,54397.43581349224,98.95,lace,34.30053286035824,33.93977520850959,34.30053286035824,1.0,2024
8929aeb23b3ffff,395.0,12.43,60500.25978243742,99.24,lace,92.61590152813197,91.91606027625434,92.61590152813197,1.0,2024
8929aeb23b7ffff,380.0,11.53,56817.29522196808,99.2,lace,78.48495463866077,77.85707500155148,78.48495463866077,1.0,2024
8929aeb23bbffff,414.0,12.72,58302.0,99.2,lace,96.61905285476928,95.84610043193113,96.61905285476928,1.0,2024
8929aeb23c3ffff,62.0,7.2,37250.0,98.95,lace,16.013522070405816,15.84568783853285,16.013522070405816,1.0,2024
8929aeb23c7ffff,75.0,5.55,37250.0,98.9,lace,14.13782797611482,13.982436437801969,14.13782797611482,1.0,2024
8929aeb23cbffff,75.0,5.53,37250.0,98.9,lace,14.110168069758233,13.954956220990894,14.110168069758233,1.0,2024
8929aeb23cfffff,75.0,5.53,37250.0,98.9,lace,14.109512554543123,13.954307916443149,14.109512554543123,1.0,2024
8929aeb23d3ffff,48.0,10.28,50893.0,99.0,lace,18.45299644994172,18.268285896527757,18.45299644994172,1.0,2024
8929aeb23d7ffff,47.0,10.42,37250.0,99.0,lace,18.297812964817794,18.114829930550787,18.297812964817794,1.0,2024
8929aeb23dbffff,433.0,2.42,50753.65702842309,98.9,lace,98.33884367844936,97.25980795907587,98.33884367844936,1.0,2024
8929aeb2403ffff,246.0,3.57,81062.36613000506,99.9,lace,65.84083171876532,65.77499088704656,65.84083171876532,1.0,2024
8929aeb2407ffff,438.0,2.24,74947.0,99.9,lace,129.3086705859603,129.17936191537433,129.3086705859603,1.0,2024
8929aeb240bffff,146.0,5.66,90625.0,99.9,lace,32.81780375316082,32.78498594940766,32.81780375316082,1.0,2024
8929aeb240fffff,223.0,5.7,88519.17132152377,99.9,lace,56.128621648426076,56.07249302677765,56.128621648426076,1.0,2024
8929aeb2413ffff,194.0,4.07,81780.00626980823,99.89,lace,51.98740424597379,51.92794459822833,51.98740424597379,1.0,2024
8929aeb2417ffff,438.0,2.24,74947.0,99.9,lace,129.31279269101213,129.18347989832114,129.31279269101213,1.0,2024
8929aeb241bffff,146.0,5.66,90625.0,99.9,lace,32.81884998214252,32.786031132160375,32.81884998214252,1.0,2024
8929aeb2423ffff,274.0,11.25,106075.72357979744,99.9,lace,63.860590845480765,63.79670372925835,63.860590845480765,1.0,2024
8929aeb2427ffff,128.0,4.38,79713.23983446207,99.82,lace,35.169810083750264,35.107968020089444,35.169810083750264,1.0,2024
8929aeb242bffff,274.0,11.25,106088.0,99.9,lace,63.89007719790389,63.82618712070599,63.89007719790389,1.0,2024
8929aeb242fffff,313.0,9.34,99850.32617338942,99.82,lace,72.41747623045215,72.2860832346768,72.41747623045215,1.0,2024
8929aeb2433ffff,372.0,4.93,84263.85947170232,99.9,lace,102.78446718423967,102.68168271608108,102.78446718423967,1.0,2024
8929aeb2437ffff,159.0,5.59,85305.5621821332,99.82,lace,41.82842923443038,41.75488630973098,41.82842923443038,1.0,2024
8929aeb243bffff,278.0,10.95,105063.95292542594,99.9,lace,65.2557028571672,65.19044715431004,65.2557028571672,1.0,2024
8929aeb2443ffff,16.0,5.66,90625.0,99.9,lace,3.5766860064660495,3.5731093204595834,3.5766860064660495,1.0,2024
8929aeb2447ffff,142.0,5.66,90625.0,99.9,lace,31.923489875158765,31.89156638528361,31.923489875158765,1.0,2024
8929aeb244bffff,9.0,5.66,90625.0,99.9,lace,1.9314166461065587,1.929485229460452,1.9314166461065587,1.0,2024
8929aeb244fffff,133.0,5.66,90625.0,99.9,lace,29.822483320848708,29.792660837527862,29.822483320848708,1.0,2024
8929aeb2453ffff,58.0,5.66,90625.0,99.9,lace,13.070496242087946,13.05742574584586,13.070496242087946,1.0,2024
8929aeb2457ffff,130.0,5.66,90625.0,99.9,lace,29.213434976971687,29.184221541994717,29.213434976971687,1.0,2024
8929aeb2463ffff,146.0,5.66,90625.0,99.9,lace,32.81571046363337,32.78289475316974,32.81571046363337,1.0,2024
8929aeb2467ffff,225.0,7.1,92856.65078506882,99.71,lace,52.64093334161612,52.4902916500801,52.64093334161612,1.0,2024
8929aeb246bffff,152.0,4.28,83544.10749023658,99.51,lace,36.89506987192024,36.715380686462176,36.89506987192024,1.0,2024
8929aeb246fffff,160.0,2.46,74185.37962633846,99.08,lace,42.80186225341868,42.409427119456545,42.80186225341868,1.0,2024
8929aeb2473ffff,146.0,5.66,90625.0,99.9,lace,32.816757246941656,32.783940489694714,32.816757246941656,1.0,2024
8929aeb2477ffff,196.0,8.72,99087.69160591706,99.9,lace,44.970786231460295,44.925815445228835,44.970786231460295,1.0,2024
8929aeb247bffff,146.0,5.66,90625.0,99.9,lace,32.81723380317759,32.784416569374415,32.81723380317759,1.0,2024
8929aeb2483ffff,22.0,15.16,107887.99999999999,99.8,lace,6.5547159311186185,6.541606499256382,6.5547159311186185,1.0,2024
8929aeb2487ffff,70.0,15.16,107888.0,99.8,lace,20.61332333044098,20.572096683780096,20.61332333044098,1.0,2024
8929aeb248bffff,27.0,12.72,89136.89349465667,99.62,lace,8.306993268792146,8.275278083548432,8.306993268792146,1.0,2024
8929aeb248fffff,140.0,9.27,92878.75962336823,99.85,lace,41.123930572943756,41.06043754341892,41.123930572943756,1.0,2024
8929aeb249bffff,3.0,8.09,53630.0,99.3,lace,0.9439114123584689,0.9373040324719595,0.9439114123584689,1.0,2024
8929aeb24a3ffff,424.0,6.78,92913.67917834525,99.83,lace,104.56470479453625,104.38228892277826,104.56470479453625,1.0,2024
8929aeb24a7ffff,420.0,8.02,97798.0,99.8,lace,98.11810343556168,97.92186722869056,98.11810343556168,1.0,2024
8929aeb24abffff,438.0,2.24,74947.0,99.9,lace,129.30679068730075,129.17748389661344,129.30679068730075,1.0,2024
8929aeb24afffff,423.0,6.94,93539.25242523412,99.82,lace,103.72977753071315,103.54558225101756,103.72977753071315,1.0,2024
8929aeb24b3ffff,300.0,7.21,66474.66494483035,99.8,lace,72.69540267971374,72.55132690856472,72.69540267971374,1.0,2024
8929aeb24b7ffff,391.0,7.46,82940.13322015021,99.8,lace,92.15092942272551,91.96662756388005,92.15092942272551,1.0,2024
8929aeb24bbffff,324.0,3.4,77902.16416482568,99.89,lace,95.56244262584238,95.45832028622608,95.56244262584238,1.0,2024
8929aeb24c3ffff,18.0,8.09,53630.0,99.3,lace,5.800607387176693,5.760003135466455,5.800607387176693,1.0,2024
8929aeb24c7ffff,48.0,6.38,79710.47198241278,99.68,lace,12.007813096163657,11.96899867415129,12.007813096163657,1.0,2024
8929aeb24cbffff,36.0,6.48,78098.77353881377,99.65,lace,9.325687409629491,9.292847997339145,9.325687409629491,1.0,2024
8929aeb24cfffff,127.0,5.71,89845.84800295088,99.88,lace,28.847923206823594,28.813958644816747,28.847923206823594,1.0,2024
8929aeb24d3ffff,10.0,8.09,53630.0,99.3,lace,3.208370030982956,3.185911440766075,3.208370030982956,1.0,2024
8929aeb24d7ffff,18.0,8.09,53630.0,99.3,lace,5.770866673200419,5.730470606488016,5.770866673200419,1.0,2024
8929aeb24dbffff,18.0,8.09,53630.0,99.3,lace,5.800876548279318,5.760270412441361,5.800876548279318,1.0,2024
8929aeb2503ffff,187.0,9.15,56052.76256280758,99.57,lace,67.88240875598741,67.58912174726575,67.88240875598741,1.0,2024
8929aeb2507ffff,201.0,12.76,60805.91906654618,99.54,lace,74.0260988904316,73.68880919319437,74.0260988904316,1.0,2024
8929aeb250bffff,269.0,12.11,50855.0,99.5,lace,104.98398175823601,104.45906184944482,104.98398175823601,1.0,2024
8929aeb250fffff,270.0,11.66,50082.254643812346,99.36,lace,103.74693246075066,103.07936820041327,103.74693246075066,1.0,2024
8929aeb2513ffff,106.0,1.65,69235.0,99.8,lace,30.760479536526283,30.698958577453233,30.760479536526283,1.0,2024
8929aeb2517ffff,210.0,5.37,109896.66474012713,99.96,lace,53.17758517613729,53.15551209312293,53.17758517613729,1.0,2024
8929aeb251bffff,110.0,2.36,67996.28614270885,99.77,lace,32.818577445655805,32.74420914205929,32.818577445655805,1.0,2024
8929aeb2523ffff,107.0,15.98,88332.59870368005,99.67,lace,32.53773785080818,32.429647446673044,32.53773785080818,1.0,2024
8929aeb2527ffff,116.0,14.98,87750.81985122553,99.68,lace,36.013675812228726,35.89960490676618,36.013675812228726,1.0,2024
8929aeb252bffff,274.0,9.39,46638.74666395679,98.52,lace,94.4676336965235,93.06523343147092,94.4676336965235,1.0,2024
8929aeb252fffff,130.0,14.1,76398.64824312109,99.31,lace,40.954808436281574,40.67078526055721,40.954808436281574,1.0,2024
8929aeb2533ffff,106.0,16.14,89352.0,99.7,lace,31.95343099883693,31.857570705840416,31.95343099883693,1.0,2024
8929aeb2537ffff,136.0,13.24,85370.31570739807,99.66,lace,43.76814885942686,43.619306962528505,43.76814885942686,1.0,2024
8929aeb253bffff,243.0,10.21,50414.43502040688,98.72,lace,84.33991789450913,83.25705286386224,84.33991789450913,1.0,2024
8929aeb2543ffff,306.0,11.82,55518.99999999999,99.6,lace,103.09847405299703,102.68608015678505,103.09847405299703,1.0,2024
8929aeb2547ffff,297.0,11.89,54480.43049590176,99.58,lace,103.55964067984799,103.11954425017787,103.55964067984799,1.0,2024
8929aeb254bffff,325.0,10.75,59577.26448841537,99.6,lace,104.12960358050032,103.7130851661783,104.12960358050032,1.0,2024
8929aeb254fffff,306.0,11.82,55519.0,99.6,lace,103.09518348098743,102.68280274706348,103.09518348098743,1.0,2024
8929aeb2553ffff,125.0,3.99,66082.21900747955,99.75,lace,37.53158024400931,37.437222558274996,37.53158024400931,1.0,2024
8929aeb2557ffff,222.0,9.94,57352.243789146836,99.61,lace,74.63500806164103,74.34658681066598,74.63500806164103,1.0,2024
8929aeb255bffff,269.0,9.39,62920.25738306767,99.62,lace,83.4236751777035,83.1104745320997,83.4236751777035,1.0,2024
8929aeb2563ffff,439.0,4.66,98299.69489273394,99.5,lace,101.62563801293703,101.11750982287235,101.62563801293703,1.0,2024
8929aeb2567ffff,405.0,5.19,89699.52684911905,99.18,lace,99.71796285582572,98.89898611388368,99.71796285582572,1.0,2024
8929aeb256bffff,408.0,8.22,64205.18253719307,99.35,lace,109.29977541343025,108.5946103501947,109.29977541343025,1.0,2024
8929aeb256fffff,467.0,3.97,102656.0,99.5,lace,101.08761580747347,100.58217772843611,101.08761580747347,1.0,2024
8929aeb2573ffff,269.0,12.11,50855.0,99.5,lace,104.98063120419553,104.45572804817455,104.98063120419553,1.0,2024
8929aeb2577ffff,301.0,9.13,59656.238429432866,99.04,lace,100.58671185325053,99.61783591049368,100.58671185325053,1.0,2024
8929aeb257bffff,331.0,10.56,56871.9949238211,99.49,lace,105.75375153419037,105.2164377303315,105.75375153419037,1.0,2024
8929aeb2583ffff,266.0,6.17,118651.96267737563,100.0,lace,65.27883511514108,65.27804659451617,65.27883511514108,1.0,2024
8929aeb2587ffff,268.0,6.19,118906.0,100.0,lace,65.72393809500215,65.72393809500215,65.72393809500215,1.0,2024
8929aeb258bffff,111.0,2.0,72985.57621581269,99.81,lace,31.856824509348087,31.797228862092005,31.856824509348087,1.0,2024
8929aeb258fffff,243.0,5.89,115656.3324735333,99.98,lace,60.471822031426754,60.46257934251881,60.471822031426754,1.0,2024
8929aeb2593ffff,268.0,6.19,118906.0,100.0,lace,65.72908508356697,65.72908508356697,65.72908508356697,1.0,2024
8929aeb2597ffff,268.0,6.19,118906.0,100.0,lace,65.72603337078,65.72603337078,65.72603337078,1.0,2024
8929aeb259bffff,137.0,3.36,87954.99253623714,99.87,lace,37.51851322528956,37.46887553343725,37.51851322528956,1.0,2024
8929aeb25a3ffff,253.0,6.23,119193.45641181186,99.99,lace,62.57672080544393,62.57116974582091,62.57672080544393,1.0,2024
8929aeb25a7ffff,188.0,7.19,105792.86814511193,99.77,lace,56.48126680409596,56.348752364370064,56.48126680409596,1.0,2024
8929aeb25abffff,206.0,8.13,113137.988174898,99.93,lace,52.882733006240194,52.84628732823568,52.882733006240194,1.0,2024
8929aeb25afffff,149.0,11.92,92351.00209158911,99.72,lace,45.49870024586759,45.36964903894978,45.49870024586759,1.0,2024
8929aeb25b3ffff,255.0,6.22,119145.65311869507,99.99,lace,63.07748091509616,63.072810839943074,63.07748091509616,1.0,2024
8929aeb25b7ffff,159.0,6.66,122361.9639323646,99.9,lace,42.049764373751415,42.007950253287035,42.049764373751415,1.0,2024
8929aeb25bbffff,268.0,6.19,118906.0,100.0,lace,65.72184226324246,65.72184226324246,65.72184226324246,1.0,2024
8929aeb25c3ffff,153.0,4.28,81001.61519371659,99.8,lace,40.8835183010767,40.80175126447455,40.8835183010767,1.0,2024
8929aeb25c7ffff,106.0,1.65,69235.0,99.8,lace,30.76190789685936,30.70038408106564,30.76190789685936,1.0,2024
8929aeb25cbffff,106.0,1.65,69235.0,99.8,lace,30.763783443133764,30.702255876247495,30.763783443133764,1.0,2024
8929aeb25cfffff,106.0,1.65,69235.0,99.8,lace,30.762355102244108,30.70083039203962,30.762355102244108,1.0,2024
8929aeb25d3ffff,374.0,7.75,96608.25945958737,99.8,lace,88.22088829115015,88.04444651456784,88.22088829115015,1.0,2024
8929aeb25d7ffff,106.0,1.66,69246.12279904677,99.8,lace,30.769511006160577,30.707971984148255,30.769511006160577,1.0,2024
8929aeb25dbffff,325.0,7.39,94986.33195385236,99.8,lace,77.77977265432928,77.62421310902062,77.77977265432928,1.0,2024
8929aeb2603ffff,12.0,3.02,47206.0,99.7,lace,3.407557532829192,3.3973348602307043,3.407557532829192,1.0,2024
8929aeb2607ffff,7.0,3.02,47206.0,99.7,lace,1.9090216916173506,1.9032946265424986,1.9090216916173506,1.0,2024
8929aeb260bffff,12.0,3.02,47206.0,99.7,lace,3.281804423656631,3.271959010385661,3.281804423656631,1.0,2024
8929aeb260fffff,0.0,3.02,47206.0,99.7,lace,0.07704189743850517,0.07681077174618967,0.07704189743850517,1.0,2024
8929aeb2613ffff,3.0,9.38,58244.63196476512,99.03,lace,0.7739664507459921,0.766438484508657,0.7739664507459921,1.0,2024
8929aeb2617ffff,7.0,3.28,47661.572521792754,99.67,lace,2.023356780077822,2.0167359659163733,2.023356780077822,1.0,2024
8929aeb261bffff,9.0,3.72,48432.467779284656,99.63,lace,2.486546710486342,2.477262377580186,2.486546710486342,1.0,2024
8929aeb2623ffff,86.0,2.06,72155.0,99.0,lace,23.563086008988073,23.327455148898192,23.563086008988073,1.0,2024
8929aeb2627ffff,162.0,2.06,72155.0,99.0,lace,44.16874692027695,43.72705945107418,44.16874692027695,1.0,2024
8929aeb262fffff,90.0,2.06,72155.0,99.0,lace,24.481730927146216,24.23691361787475,24.481730927146216,1.0,2024
8929aeb2633ffff,83.0,2.07,72049.5525064978,99.0,lace,22.740346275907548,22.51361779274032,22.740346275907548,1.0,2024
8929aeb2637ffff,162.0,2.06,72155.0,99.0,lace,44.1719516082306,43.73023209214829,44.1719516082306,1.0,2024
8929aeb2643ffff,12.0,3.02,47206.0,99.7,lace,3.410779506787875,3.4005471682675115,3.410779506787875,1.0,2024
8929aeb2647ffff,12.0,3.02,47206.0,99.7,lace,3.4106212036853027,3.400389340074247,3.4106212036853027,1.0,2024
8929aeb264bffff,12.0,3.02,47206.0,99.7,lace,3.4108289064967936,3.4005964197773033,3.4108289064967936,1.0,2024
8929aeb264fffff,12.0,3.02,47206.00000000001,99.7,lace,3.410670600606936,3.4004385888051147,3.410670600606936,1.0,2024
8929aeb2653ffff,10.0,3.48,48010.971281054204,99.65,lace,2.742447238814416,2.732900067068903,2.742447238814416,1.0,2024
8929aeb2657ffff,12.0,3.02,47206.0,99.7,lace,3.41073008891594,3.400497898649192,3.41073008891594,1.0,2024
8929aeb265bffff,12.0,3.02,47206.0,99.7,lace,3.410937804836192,3.400704991421683,3.410937804836192,1.0,2024
8929aeb2663ffff,11.0,3.02,47206.0,99.7,lace,3.073683103364295,3.064462054054202,3.073683103364295,1.0,2024
8929aeb2667ffff,0.0,3.02,47206.0,99.7,lace,0.022301805565622352,0.022234900148925485,0.022301805565622352,1.0,2024
8929aeb266bffff,12.0,3.02,47206.0,99.7,lace,3.4104033467705985,3.4001721367302866,3.4104033467705985,1.0,2024
8929aeb266fffff,11.0,3.02,47206.0,99.7,lace,3.025992728800781,3.0169147506143785,3.025992728800781,1.0,2024
8929aeb2673ffff,11.0,3.02,47206.0,99.7,lace,3.1287614858073143,3.1193752013498925,3.1287614858073143,1.0,2024
8929aeb2677ffff,0.0,3.02,47206.0,99.7,lace,0.03953380564046266,0.03941520422354127,0.03953380564046266,1.0,2024
8929aeb267bffff,12.0,3.02,47206.0,99.7,lace,3.4105122896597524,3.4002807527907732,3.4105122896597524,1.0,2024
8929aeb2683ffff,0.0,12.38,63456.0,98.7,lace,0.10264252647790735,0.10130817363369456,0.10264252647790735,1.0,2024
8929aeb2687ffff,5.0,5.66,90624.99999999022,99.9,lace,1.2073974454718428,1.2061900480263648,1.2073974454718428,1.0,2024
8929aeb268bffff,0.0,12.38,63455.99999999999,98.7,lace,0.09449970961375176,0.09327121338877299,0.09449970961375176,1.0,2024
8929aeb268fffff,0.0,12.38,63456.0,98.7,lace,0.1137770969740719,0.11229799471340897,0.1137770969740719,1.0,2024
8929aeb2693ffff,2.0,12.38,63456.00000000001,98.7,lace,0.5624112327933444,0.5550998867670309,0.5624112327933444,1.0,2024
8929aeb2697ffff,1.0,12.35,63575.0642747099,98.7,lace,0.25803852464308596,0.25469552093574455,0.25803852464308596,1.0,2024
8929aeb269bffff,2.0,12.38,63455.99999999999,98.7,lace,0.40907432452503945,0.4037563583062139,0.40907432452503945,1.0,2024
8929aeb26a3ffff,153.0,3.89,81503.12026445805,99.41,lace,38.133171075781675,37.90897016822467,38.133171075781675,1.0,2024
8929aeb26a7ffff,161.0,2.22,72974.11508986968,99.03,lace,43.61679439632458,43.19508507246948,43.61679439632458,1.0,2024
8929aeb26abffff,86.0,2.13,70316.87309831391,99.05,lace,23.455831172025853,23.233406328887945,23.455831172025853,1.0,2024
8929aeb26afffff,162.0,2.06,72155.0,99.0,lace,44.173361813339824,43.73162819520642,44.173361813339824,1.0,2024
8929aeb26b3ffff,88.0,5.66,90625.0,99.9,lace,19.716113919689082,19.696397805769394,19.716113919689082,1.0,2024
8929aeb26b7ffff,146.0,5.66,90625.0,99.9,lace,32.81771018487967,32.78489247469479,32.81771018487967,1.0,2024
8929aeb26bbffff,69.0,5.63,90395.7377468842,99.89,lace,15.489448291701772,15.47247131473204,15.489448291701772,1.0,2024
8929aeb26c3ffff,2.0,12.38,63456.0,98.7,lace,0.5027219661052829,0.4961865805459142,0.5027219661052829,1.0,2024
8929aeb26c7ffff,2.0,12.38,63456.0,98.7,lace,0.4935904303840437,0.48717375478905117,0.4935904303840437,1.0,2024
8929aeb26cbffff,2.0,12.38,63456.0,98.7,lace,0.53695840423885,0.529977944983745,0.53695840423885,1.0,2024
8929aeb26cfffff,4.0,7.71,55349.016800730074,99.21,lace,0.9746761419559669,0.9669419356316182,0.9746761419559669,1.0,2024
8929aeb26d3ffff,2.0,12.38,63456.0,98.7,lace,0.562453657122274,0.5551417595796845,0.562453657122274,1.0,2024
8929aeb26d7ffff,2.0,12.38,63456.0,98.7,lace,0.4116484706829565,0.4062970405640781,0.4116484706829565,1.0,2024
8929aeb26dbffff,2.0,12.38,63456.0,98.7,lace,0.5624618160573073,0.5551498124485623,0.5624618160573073,1.0,2024
8929aeb2803ffff,61.0,2.46,34205.7157732552,98.72,lace,23.946155480875298,23.640560710339752,23.946155480875298,1.0,2024
8929aeb2807ffff,543.0,4.02,36053.96381419802,98.75,lace,220.24380059233886,217.48437509826985,220.24380059233886,1.0,2024
8929aeb280bffff,62.0,25.39,55835.58332856606,99.3,lace,24.357443605952646,24.18693759710388,24.357443605952646,1.0,2024
8929aeb280fffff,177.0,18.12,47788.83959305366,99.12,lace,74.82035038718215,74.16532607913689,74.82035038718215,1.0,2024
8929aeb2813ffff,5.0,8.4,48849.926141166135,99.2,lace,1.5652640059202907,1.5527418938729285,1.5652640059202907,1.0,2024
8929aeb2817ffff,447.0,1.43,37235.03837094718,98.7,lace,169.35037430280235,167.1560567575742,169.35037430280235,1.0,2024
8929aeb2823ffff,109.0,24.35,62693.72167318632,99.36,lace,46.74319128120601,46.446314895379025,46.74319128120601,1.0,2024
8929aeb2827ffff,58.0,19.72,103516.98430410854,99.7,lace,23.608319198652985,23.53749424105703,23.608319198652985,1.0,2024
8929aeb282bffff,133.0,25.28,54313.0,99.3,lace,57.86751499956388,57.462442394566935,57.86751499956388,1.0,2024
8929aeb282fffff,77.0,22.29,81196.73325605344,99.51,lace,32.509656681537635,32.35121484648893,32.509656681537635,1.0,2024
8929aeb2833ffff,240.0,14.23,65723.76649753297,99.14,lace,105.72581610989023,104.82158273713928,105.72581610989023,1.0,2024
8929aeb2837ffff,226.0,10.23,98702.60349035419,99.7,lace,91.91963730904422,91.64387839711708,91.91963730904422,1.0,2024
8929aeb283bffff,133.0,25.28,54313.0,99.3,lace,57.869371530941756,57.46428593022516,57.869371530941756,1.0,2024
8929aeb2843ffff,346.0,12.35,53280.66097474372,99.27,lace,102.8698208201035,102.12033705391056,102.8698208201035,1.0,2024
8929aeb2847ffff,301.0,32.38,43205.72058296709,99.3,lace,92.63384182900144,91.98540441307013,92.63384182900144,1.0,2024
8929aeb284bffff,322.0,5.66,65744.42985017096,99.09,lace,85.3461596557836,84.5691268077778,85.3461596557836,1.0,2024
8929aeb284fffff,444.0,11.97,57644.87176939847,99.3,lace,132.14150810082822,131.21651754412238,132.14150810082822,1.0,2024
8929aeb2853ffff,84.0,15.31,40882.0,99.2,lace,24.811442986524437,24.612951442632244,24.811442986524437,1.0,2024
8929aeb2857ffff,17.0,15.36,40884.240393210515,99.2,lace,4.980578774353052,4.940749295903539,4.980578774353052,1.0,2024
8929aeb285bffff,237.0,11.01,64867.96624500148,98.93,lace,62.34181334724852,61.67739378994456,62.34181334724852,1.0,2024
8929aeb2863ffff,190.0,25.79,58297.65844454612,99.3,lace,59.669332829205594,59.251647499401145,59.669332829205594,1.0,2024
8929aeb2867ffff,148.0,25.39,55815.383008584526,99.3,lace,58.205382742478555,57.7979450632812,58.205382742478555,1.0,2024
8929aeb286bffff,242.0,29.49,49888.19940397878,99.3,lace,74.78947074419901,74.26594444898961,74.78947074419901,1.0,2024
8929aeb286fffff,190.0,25.62,58806.00000000001,99.3,lace,59.16122985904052,58.747101250027235,59.16122985904052,1.0,2024
8929aeb2873ffff,170.0,25.61,57311.46245405884,99.3,lace,58.95044977849015,58.537796630040724,58.95044977849015,1.0,2024
8929aeb2877ffff,133.0,25.28,54314.016358109286,99.3,lace,57.8704128169213,57.46531992720284,57.8704128169213,1.0,2024
8929aeb287bffff,312.0,32.7,42474.87616352657,99.3,lace,96.13072099070847,95.45780594377352,96.13072099070847,1.0,2024
8929aeb2883ffff,240.0,6.6,56338.89209545976,99.1,lace,104.41030775010168,103.47061498035077,104.41030775010168,1.0,2024
8929aeb2887ffff,184.0,12.86,55732.89297717707,99.06,lace,86.05064004796441,85.24494339273633,86.05064004796441,1.0,2024
8929aeb288bffff,549.0,6.52,51356.43236697722,99.1,lace,228.35799647663254,226.30467392183988,228.35799647663254,1.0,2024
8929aeb288fffff,354.0,1.98,47510.395267511485,98.84,lace,129.84999020758463,128.34225493701507,129.84999020758463,1.0,2024
8929aeb2893ffff,274.0,7.41,55663.81911115521,98.98,lace,113.21495594488329,112.05455009081027,113.21495594488329,1.0,2024
8929aeb2897ffff,179.0,10.87,58160.39199800455,99.09,lace,80.49486588912174,79.76132489442554,80.49486588912174,1.0,2024
8929aeb289bffff,602.0,6.47,51407.157387126004,99.1,lace,251.22316541707485,248.96215692832118,251.22316541707485,1.0,2024
8929aeb28a3ffff,107.0,72.94,32009.0,99.0,lace,75.24454615508832,74.49210069353744,75.24454615508832,1.0,2024
8929aeb28a7ffff,107.0,72.94,32008.999999999996,99.0,lace,75.24104563822037,74.48863518183816,75.24104563822037,1.0,2024
8929aeb28abffff,555.0,7.15,47674.38305444214,98.72,lace,249.1138832000657,245.92364211166617,249.1138832000657,1.0,2024
8929aeb28afffff,147.0,46.74,59277.28709500947,99.2,lace,85.47076984425155,84.78889590085373,85.47076984425155,1.0,2024
8929aeb28b3ffff,107.0,72.94,32009.0,99.0,lace,75.24695790661313,74.494488327547,75.24695790661313,1.0,2024
8929aeb28b7ffff,107.0,72.94,32008.999999999996,99.0,lace,75.2434575619343,74.49102298631496,75.2434575619343,1.0,2024
8929aeb28bbffff,606.0,6.11,51067.528193886734,98.72,lace,262.3239626454718,258.95672109914983,262.3239626454718,1.0,2024
8929aeb28c3ffff,0.0,6.47,51402.0,99.1,lace,0.07235508315508363,0.07170388740668787,0.07235508315508363,1.0,2024
8929aeb28c7ffff,175.0,7.12,50633.15101008432,99.11,lace,71.34433160964849,70.70602647926944,71.34433160964849,1.0,2024
8929aeb28cbffff,8.0,15.31,40882.0,99.2,lace,2.270622169023898,2.2524571916717067,2.270622169023898,1.0,2024
8929aeb28d7ffff,400.0,6.47,51583.38545594685,99.1,lace,166.10438862103052,164.60944912344127,166.10438862103052,1.0,2024
8929aeb2903ffff,49.0,19.38,102962.15903013862,99.71,lace,20.179982210412607,20.120796048805992,20.179982210412607,1.0,2024
8929aeb2907ffff,26.0,16.56,99033.68219480854,99.75,lace,10.413846552887318,10.388001792890353,10.413846552887318,1.0,2024
8929aeb290bffff,33.0,17.81,100774.2311001817,99.73,lace,13.297570892573773,13.261881611211647,13.297570892573773,1.0,2024
8929aeb290fffff,11.0,8.06,87164.0,99.9,lace,4.021717796167717,4.01769607837155,4.021717796167717,1.0,2024
8929aeb2913ffff,344.0,20.61,72589.88740247369,99.7,lace,98.2715205972423,97.97670603545059,98.2715205972423,1.0,2024
8929aeb2917ffff,195.0,18.64,87230.34683928285,99.7,lace,61.52714789967674,61.34256645597772,61.52714789967674,1.0,2024
8929aeb291bffff,159.0,15.75,90192.97795013143,99.7,lace,57.71650612898541,57.54335661059846,57.71650612898541,1.0,2024
8929aeb2923ffff,5.0,8.06,87164.0,99.9,lace,1.9226166067432524,1.9206939901365092,1.9226166067432524,1.0,2024
8929aeb2927ffff,10.0,8.06,87164.0,99.9,lace,3.7384806589017563,3.7347421782428545,3.7384806589017563,1.0,2024
8929aeb292fffff,0.0,8.06,87164.0,99.9,lace,0.11606433783837289,0.11594827350053452,0.11606433783837289,1.0,2024
8929aeb2933ffff,11.0,8.21,87368.40304077312,99.9,lace,4.067224417998348,4.063046747166482,4.067224417998348,1.0,2024
8929aeb2937ffff,11.0,8.06,87164.0,99.9,lace,4.021285280946178,4.017263995665233,4.021285280946178,1.0,2024
8929aeb293bffff,10.0,8.06,87164.0,99.9,lace,3.8112582899319776,3.8074470316420457,3.8112582899319776,1.0,2024
8929aeb2943ffff,73.0,17.09,102180.55797474897,99.7,lace,29.71349110112517,29.624350627821798,29.71349110112517,1.0,2024
8929aeb2947ffff,28.0,17.04,99699.93099771661,99.74,lace,11.36288138538932,11.333797327014038,11.36288138538932,1.0,2024
8929aeb294bffff,55.0,19.72,103436.1281373292,99.7,lace,22.69188343429102,22.624122446021087,22.69188343429102,1.0,2024
8929aeb294fffff,21.0,15.16,97066.31061415018,99.78,lace,8.333056211008856,8.31431619860549,8.333056211008856,1.0,2024
8929aeb2953ffff,281.0,9.6,98379.92844754527,99.7,lace,114.17517722714824,113.83265169546681,114.17517722714824,1.0,2024
8929aeb2957ffff,100.0,14.34,100787.9181734255,99.7,lace,40.723244807568626,40.60107507314592,40.723244807568626,1.0,2024
8929aeb295bffff,58.0,19.61,103462.36875814048,99.7,lace,23.80725596388544,23.73583419599378,23.80725596388544,1.0,2024
8929aeb2963ffff,5.0,8.06,87164.0,99.9,lace,1.7268300922174253,1.725103262125208,1.7268300922174253,1.0,2024
8929aeb296bffff,5.0,8.06,87164.0,99.9,lace,1.9495125520643615,1.9475630395122971,1.9495125520643615,1.0,2024
8929aeb2973ffff,10.0,8.06,87164.0,99.9,lace,3.9202138063044494,3.9162935924981452,3.9202138063044494,1.0,2024
8929aeb2977ffff,4.0,8.06,87164.0,99.9,lace,1.3999416783654877,1.3985417366871224,1.3999416783654877,1.0,2024
8929aeb297bffff,11.0,8.06,87164.0,99.9,lace,4.0218339576497675,4.017812123692118,4.0218339576497675,1.0,2024
8929aeb2983ffff,240.0,21.81,106758.04652117542,99.77,lace,71.68907704663191,71.52254148336955,71.68907704663191,1.0,2024
8929aeb2987ffff,145.0,8.86,145590.83737603627,99.71,lace,58.05498300531107,57.88562301437718,58.05498300531107,1.0,2024
8929aeb298bffff,365.0,20.61,72250.0,99.7,lace,103.49875443367738,103.18825817037634,103.49875443367738,1.0,2024
8929aeb298fffff,341.0,20.06,75572.020447717,99.7,lace,98.46283357705845,98.16744507632727,98.46283357705845,1.0,2024
8929aeb2993ffff,74.0,25.14,179500.0,99.9,lace,24.296469539336737,24.2721730697974,24.296469539336737,1.0,2024
8929aeb2997ffff,141.0,25.14,179500.0,99.9,lace,46.12206419969495,46.075942135495254,46.12206419969495,1.0,2024
8929aeb299bffff,12.0,22.35,113355.00014522273,99.78,lace,3.518772906869648,3.5111495168596156,3.518772906869648,1.0,2024
8929aeb29a3ffff,177.0,7.54,118705.46990522524,99.7,lace,78.29844203711892,78.06354671100758,78.29844203711892,1.0,2024
8929aeb29a7ffff,114.0,11.15,81913.68770282877,99.72,lace,52.727212440447026,52.577603711590235,52.727212440447026,1.0,2024
8929aeb29abffff,84.0,12.9,129986.35880218673,99.7,lace,34.13687393187027,34.0345866137977,34.13687393187027,1.0,2024
8929aeb29afffff,44.0,16.07,106784.94068943991,99.72,lace,17.93873507763876,17.88828119585075,17.93873507763876,1.0,2024
8929aeb29b3ffff,163.0,7.53,127950.95002131579,99.7,lace,70.51447894295083,70.30293550612198,70.51447894295083,1.0,2024
8929aeb29b7ffff,192.0,8.14,76773.03193287693,99.71,lace,92.744724975526,92.47219619904051,92.744724975526,1.0,2024
8929aeb29bbffff,137.0,7.5,150893.0,99.7,lace,55.57001112494553,55.40330109157069,55.57001112494553,1.0,2024
8929aeb29c3ffff,316.0,9.31,98232.0,99.7,lace,128.44755727809977,128.06221460626546,128.44755727809977,1.0,2024
8929aeb29c7ffff,337.0,14.75,85717.39949895507,99.7,lace,117.32168354122383,116.96971849060016,117.32168354122383,1.0,2024
8929aeb29cbffff,285.0,9.55,98356.92501043883,99.7,lace,116.18583237951128,115.83727488237274,116.18583237951128,1.0,2024
8929aeb29cfffff,316.0,9.31,98232.0,99.7,lace,128.44343698478534,128.058106673831,128.44343698478534,1.0,2024
8929aeb29d3ffff,128.0,57.39,48188.473731724844,99.11,lace,80.50652264617156,79.7904875878626,80.50652264617156,1.0,2024
8929aeb29d7ffff,220.0,18.22,85909.0733989037,99.62,lace,81.94362295011697,81.63569733619549,81.94362295011697,1.0,2024
8929aeb29dbffff,257.0,16.73,90505.76781694347,99.57,lace,113.56212471500318,113.07405734668846,113.56212471500318,1.0,2024
8929aeb2a03ffff,350.0,6.64,54320.45474300183,98.32,lace,154.1509771256914,151.5613430688075,154.1509771256914,1.0,2024
8929aeb2a07ffff,446.0,3.59,60890.48140494763,98.7,lace,145.84896300773045,143.95292648862994,145.84896300773045,1.0,2024
8929aeb2a0bffff,301.0,12.57,47903.199012076504,98.1,lace,135.85332510553036,133.27211192852528,135.85332510553036,1.0,2024
8929aeb2a0fffff,267.0,6.87,55175.07790279479,98.36,lace,116.28839358289855,114.38249516331315,116.28839358289855,1.0,2024
8929aeb2a13ffff,301.0,7.9,58327.832656387676,98.27,lace,143.57609743066593,141.0960029349441,143.57609743066593,1.0,2024
8929aeb2a17ffff,448.0,2.82,58931.10991880639,98.7,lace,141.49090492723195,139.65152316317796,141.49090492723195,1.0,2024
8929aeb2a1bffff,294.0,11.22,49901.60365879754,98.1,lace,139.74963592562355,137.0943928430367,139.74963592562355,1.0,2024
8929aeb2a23ffff,45.0,19.28,70034.0,99.0,lace,26.030937523599356,25.77062814836336,26.030937523599356,1.0,2024
8929aeb2a27ffff,45.0,19.28,70034.0,99.0,lace,26.02972628616382,25.76942902330218,26.02972628616382,1.0,2024
8929aeb2a2bffff,54.0,18.18,73840.38241675466,99.0,lace,29.092560182154248,28.80163458033271,29.092560182154248,1.0,2024
8929aeb2a2fffff,45.0,19.28,70034.0,99.0,lace,26.03010128225877,25.769800269436182,26.03010128225877,1.0,2024
8929aeb2a33ffff,317.0,14.56,91249.29347220028,98.71,lace,154.30804366292185,152.31645743095712,154.30804366292185,1.0,2024
8929aeb2a37ffff,99.0,12.16,75282.476087865,98.84,lace,39.95022493004053,39.488287513166654,39.95022493004053,1.0,2024
8929aeb2a3bffff,120.0,7.99,62646.11950344029,98.83,lace,47.88925177000448,47.33028486253424,47.88925177000448,1.0,2024
8929aeb2a43ffff,514.0,13.33,32987.63874532454,97.52,lace,163.86056748347784,159.7963853510019,163.86056748347784,1.0,2024
8929aeb2a47ffff,208.0,14.48,45926.00000000001,98.06,lace,70.81128081476805,69.43827402328647,70.81128081476805,1.0,2024
8929aeb2a4bffff,323.0,12.98,28250.0,97.36,lace,106.18702234676778,103.38067067842961,106.18702234676778,1.0,2024
8929aeb2a4fffff,49.0,14.02,38347.729147825325,97.8,lace,23.210346191652327,22.699270234591022,23.210346191652327,1.0,2024
8929aeb2a53ffff,522.0,12.93,32953.60233745806,97.51,lace,169.6396615987017,165.41140482950874,169.6396615987017,1.0,2024
8929aeb2a57ffff,322.0,14.53,45926.0,98.1,lace,105.25095215464584,103.25118406370757,105.25095215464584,1.0,2024
8929aeb2a5bffff,658.0,12.89,28250.0,97.3,lace,207.69298960302442,202.08527888374275,207.69298960302442,1.0,2024
8929aeb2a63ffff,123.0,15.12,84530.6656318263,99.0,lace,52.63713583399787,52.110306129176415,52.63713583399787,1.0,2024
8929aeb2a67ffff,226.0,14.04,88317.66294140564,99.0,lace,87.79185807592684,86.91393949516757,87.79185807592684,1.0,2024
8929aeb2a6bffff,75.0,13.98,88715.00362625679,98.31,lace,32.96325495668634,32.406712346032954,32.96325495668634,1.0,2024
8929aeb2a6fffff,228.0,13.92,88715.99999999999,98.97,lace,88.12334348242432,87.21620785873222,88.12334348242432,1.0,2024
8929aeb2a73ffff,68.0,14.35,55420.55565743287,98.18,lace,34.07539197910356,33.45660900443479,34.07539197910356,1.0,2024
8929aeb2a77ffff,45.0,19.28,70034.0,99.0,lace,26.032523762431918,25.7721985248076,26.032523762431918,1.0,2024
8929aeb2a7bffff,45.0,14.66,70034.0,97.96,lace,22.643811793138156,22.182941716702935,22.643811793138156,1.0,2024
8929aeb2a83ffff,200.0,6.22,100476.0,98.7,lace,79.86200412879451,78.82379807512018,79.86200412879451,1.0,2024
8929aeb2a87ffff,211.0,5.73,77942.45930565648,98.7,lace,56.36572831122568,55.63297384317974,56.36572831122568,1.0,2024
8929aeb2a8bffff,255.0,9.5,63279.91921608822,98.22,lace,134.05770401741046,131.67278492000864,134.05770401741046,1.0,2024
8929aeb2a8fffff,200.0,6.22,100476.0,98.7,lace,79.85944189170881,78.8212691471166,79.85944189170881,1.0,2024
8929aeb2a93ffff,61.0,6.22,100476.0,98.7,lace,24.164366056265198,23.85022929753375,24.164366056265198,1.0,2024
8929aeb2a97ffff,209.0,5.76,79340.50978674006,98.7,lace,57.49500641961329,56.747571336158316,57.49500641961329,1.0,2024
8929aeb2a9bffff,283.0,10.36,91167.6291020463,98.26,lace,86.7259887135605,85.22039350980089,86.7259887135605,1.0,2024
8929aeb2aa3ffff,327.0,6.52,68245.15596179075,99.03,lace,93.83675824878559,92.92522500912257,93.83675824878559,1.0,2024
8929aeb2aa7ffff,397.0,8.73,61142.70629674923,99.3,lace,121.26677170579018,120.41790430384967,121.26677170579018,1.0,2024
8929aeb2aabffff,369.0,12.92,87710.97514985794,98.7,lace,167.94507767458904,165.76179166481938,167.94507767458904,1.0,2024
8929aeb2aafffff,290.0,8.93,77100.64195486408,98.79,lace,96.58108223576365,95.4161985235466,96.58108223576365,1.0,2024
8929aeb2ab3ffff,323.0,5.66,65717.34406510812,99.09,lace,85.6650159457273,84.88669140359089,85.6650159457273,1.0,2024
8929aeb2ab7ffff,438.0,12.66,57121.75014036478,99.3,lace,130.68042811111508,129.76566511433725,130.68042811111508,1.0,2024
8929aeb2abbffff,235.0,5.15,71920.4121224854,98.7,lace,61.32377995200545,60.52657081262938,61.32377995200545,1.0,2024
8929aeb2ac3ffff,300.0,9.45,69466.26586405131,98.1,lace,112.36929622690694,110.2342795985957,112.36929622690694,1.0,2024
8929aeb2ac7ffff,286.0,9.38,52601.1010076934,98.1,lace,145.12098174995123,142.36368309670212,145.12098174995123,1.0,2024
8929aeb2acbffff,332.0,13.29,36838.69344573809,97.58,lace,133.46368963632537,130.2360767197603,133.46368963632537,1.0,2024
8929aeb2acfffff,290.0,8.52,54653.104981660676,98.1,lace,128.4060619645275,125.9663467872015,128.4060619645275,1.0,2024
8929aeb2ad3ffff,322.0,11.55,93045.0,98.1,lace,80.60738662826628,79.07584628232922,80.60738662826628,1.0,2024
8929aeb2ad7ffff,308.0,11.15,78459.48873730122,98.1,lace,109.30636137848435,107.22954051229316,109.30636137848435,1.0,2024
8929aeb2adbffff,256.0,16.01,54829.27543779086,97.52,lace,96.60271480266513,94.21074272335996,96.60271480266513,1.0,2024
8929aeb2b03ffff,13.0,10.42,90462.36196190979,99.86,lace,4.8961100353006355,4.88910441112884,4.8961100353006355,1.0,2024
8929aeb2b07ffff,11.0,8.06,87164.0,99.9,lace,4.022066024604135,4.018043958579531,4.022066024604135,1.0,2024
8929aeb2b0bffff,13.0,10.16,90087.7808011738,99.86,lace,4.78011172734056,4.77350226448917,4.78011172734056,1.0,2024
8929aeb2b0fffff,7.0,8.06,87164.0,99.9,lace,2.4818703997315072,2.479388529331776,2.4818703997315072,1.0,2024
8929aeb2b13ffff,56.0,19.76,103496.89646563395,99.7,lace,23.059583639482774,22.990567732971154,23.059583639482774,1.0,2024
8929aeb2b17ffff,21.0,15.22,97151.69796755473,99.77,lace,8.407066927890229,8.388074661144286,8.407066927890229,1.0,2024
8929aeb2b1bffff,57.0,19.77,103510.0307135712,99.7,lace,23.14071123067902,23.0714184923512,23.14071123067902,1.0,2024
8929aeb2b23ffff,7.0,8.06,87164.00000000001,99.9,lace,2.479721857040152,2.4772421351831118,2.479721857040152,1.0,2024
8929aeb2b27ffff,1.0,8.06,87164.0,99.9,lace,0.5298602995048372,0.5293304392053324,0.5298602995048372,1.0,2024
8929aeb2b2bffff,5.0,8.06,87164.0,99.9,lace,1.8430308737292773,1.8411878428555482,1.8430308737292773,1.0,2024
8929aeb2b2fffff,0.0,8.06,87164.0,99.9,lace,0.053639568966711335,0.053585929397744626,0.053639568966711335,1.0,2024
8929aeb2b33ffff,11.0,8.06,87164.0,99.9,lace,3.9939934652188214,3.9899994717536025,3.9939934652188214,1.0,2024
8929aeb2b37ffff,6.0,8.06,87164.0,99.9,lace,2.386036720782846,2.3836506840620633,2.386036720782846,1.0,2024
8929aeb2b3bffff,9.0,8.06,87164.0,99.9,lace,3.252730552707409,3.249477822154702,3.252730552707409,1.0,2024
8929aeb2b43ffff,47.0,19.37,76048.77253962409,99.09,lace,25.652326832354017,25.419746829451864,25.652326832354017,1.0,2024
8929aeb2b47ffff,18.0,13.79,95117.43334265401,99.8,lace,6.958579572887064,6.944451289523812,6.958579572887064,1.0,2024
8929aeb2b4bffff,57.0,19.43,70382.5287641912,99.0,lace,29.653149702599475,29.35661820557348,29.653149702599475,1.0,2024
8929aeb2b4fffff,22.0,15.64,75612.16215748782,99.21,lace,11.341367852321037,11.252151471847005,11.341367852321037,1.0,2024
8929aeb2b53ffff,48.0,19.43,79691.03410397374,99.16,lace,25.4105402767276,25.19585477914776,25.4105402767276,1.0,2024
8929aeb2b57ffff,56.0,19.77,103500.78029015161,99.7,lace,23.091771620764785,23.022637714384516,23.091771620764785,1.0,2024
8929aeb2b5bffff,45.0,19.28,70034.0,99.0,lace,26.028889985296583,25.768601085443617,26.028889985296583,1.0,2024
8929aeb2b63ffff,7.0,8.06,87163.99999999999,99.9,lace,2.667682409783191,2.665014727373408,2.667682409783191,1.0,2024
8929aeb2b6bffff,7.0,8.06,87164.00000000001,99.9,lace,2.4483025860976233,2.445854283511526,2.4483025860976233,1.0,2024
8929aeb2b6fffff,1.0,8.06,87164.0,99.9,lace,0.25545425886777184,0.2551988046089041,0.25545425886777184,1.0,2024
8929aeb2b73ffff,10.0,8.06,87164.0,99.9,lace,3.8482231764656047,3.8443749532891394,3.8482231764656047,1.0,2024
8929aeb2b77ffff,1.0,8.06,87164.0,99.9,lace,0.201369426946105,0.2011680575191589,0.201369426946105,1.0,2024
8929aeb2b7bffff,11.0,8.06,87164.0,99.9,lace,4.022239850679997,4.018217610829317,4.022239850679997,1.0,2024
8929aeb2b83ffff,57.0,19.81,103560.0,99.7,lace,23.45331653730923,23.382956587697304,23.45331653730923,1.0,2024
8929aeb2b87ffff,57.0,19.81,103560.0,99.7,lace,23.452225083376337,23.38186840812621,23.452225083376337,1.0,2024
8929aeb2b8bffff,57.0,19.81,103560.0,99.7,lace,23.4536549303104,23.38329396551947,23.4536549303104,1.0,2024
8929aeb2b8fffff,57.0,19.81,103560.0,99.7,lace,23.452563456822094,23.38220576645163,23.452563456822094,1.0,2024
8929aeb2b93ffff,103.0,24.04,65489.541333562185,99.39,lace,43.89151481806441,43.622371906138405,43.89151481806441,1.0,2024
8929aeb2b97ffff,57.0,19.81,103560.0,99.7,lace,23.45297802000813,23.382619085948104,23.45297802000813,1.0,2024
8929aeb2b9bffff,186.0,13.46,59462.52209256407,99.35,lace,74.97621121099667,74.48615719325255,74.97621121099667,1.0,2024
8929aeb2ba3ffff,11.0,8.06,87164.0,99.9,lace,4.021950033808312,4.017928083774504,4.021950033808312,1.0,2024
8929aeb2ba7ffff,11.0,8.06,87164.0,99.9,lace,4.021762818825387,4.017741056006562,4.021762818825387,1.0,2024
8929aeb2babffff,11.0,8.06,87164.0,99.9,lace,4.0220080398782985,4.01798603183842,4.0220080398782985,1.0,2024
8929aeb2bafffff,11.0,8.06,87164.0,99.9,lace,4.021820821530181,4.017799000708651,4.021820821530181,1.0,2024
8929aeb2bb3ffff,15.0,12.17,92905.38299341193,99.83,lace,5.8007013750976135,5.790607031311044,5.8007013750976135,1.0,2024
8929aeb2bb7ffff,11.0,8.06,87164.0,99.9,lace,4.0218920064135615,4.017870114407148,4.0218920064135615,1.0,2024
8929aeb2bbbffff,21.0,15.2,97127.30435038655,99.77,lace,8.385779741674671,8.366860009926743,8.385779741674671,1.0,2024
8929aeb2bc3ffff,89.0,12.7,82503.24588604212,99.53,lace,37.46480160415299,37.28976218383842,37.46480160415299,1.0,2024
8929aeb2bc7ffff,57.0,19.81,103560.0,99.7,lace,23.453993198952887,23.38363121935603,23.453993198952887,1.0,2024
8929aeb2bcbffff,52.0,19.6,90562.84163123633,99.37,lace,24.60784607314232,24.45244380406906,24.60784607314232,1.0,2024
8929aeb2bcfffff,57.0,19.81,103560.0,99.7,lace,23.454331342679563,23.383968348651525,23.454331342679563,1.0,2024
8929aeb2bd3ffff,368.0,7.32,52679.25195121994,99.3,lace,151.568113243981,150.50713645127314,151.568113243981,1.0,2024
8929aeb2bd7ffff,256.0,5.09,57298.48559317558,99.34,lace,110.68574448047254,109.95915121121006,110.68574448047254,1.0,2024
8929aeb2bdbffff,358.0,4.84,59887.88886256324,99.29,lace,126.40989862307109,125.51658725316807,126.40989862307109,1.0,2024
8929aeb2c03ffff,284.0,17.61,42162.0,99.3,lace,102.39383147844,101.67707465809092,102.39383147844,1.0,2024
8929aeb2c07ffff,265.0,16.54,90906.33068963252,99.3,lace,75.30041392707346,74.77291728907208,75.30041392707346,1.0,2024
8929aeb2c0bffff,263.0,16.18,64204.54875693271,99.18,lace,76.15792824283783,75.53069149449901,76.15792824283783,1.0,2024
8929aeb2c0fffff,286.0,13.9,40781.0,98.61,lace,91.61739077575498,90.34028529201544,91.61739077575498,1.0,2024
8929aeb2c13ffff,380.0,13.48,48985.98444421928,99.33,lace,170.15297438830646,169.01135011040094,170.15297438830646,1.0,2024
8929aeb2c17ffff,444.0,8.37,57422.05078524651,99.32,lace,206.62150001064566,205.21256005404075,206.62150001064566,1.0,2024
8929aeb2c1bffff,260.0,16.57,77361.0,99.3,lace,73.50767998672123,72.99312622681417,73.50767998672123,1.0,2024
8929aeb2c23ffff,476.0,8.74,74044.820143523,98.9,lace,142.98082709274863,141.40573190370355,142.98082709274863,1.0,2024
8929aeb2c27ffff,363.0,12.56,83886.0908258373,99.32,lace,112.5799171356008,111.81069392364644,112.5799171356008,1.0,2024
8929aeb2c2bffff,423.0,10.76,54600.0,98.3,lace,138.0465282203666,135.69973724062038,138.0465282203666,1.0,2024
8929aeb2c2fffff,285.0,11.21,59510.32079628309,98.73,lace,104.35663295926149,103.03532270028671,104.35663295926149,1.0,2024
8929aeb2c33ffff,466.0,5.99,87276.81429811704,99.29,lace,135.99767507291256,135.0368308157123,135.99767507291256,1.0,2024
8929aeb2c37ffff,532.0,7.33,87209.5868379187,99.39,lace,151.59966365004738,150.67430492773133,151.59966365004738,1.0,2024
8929aeb2c3bffff,413.0,10.71,53552.65458935013,98.3,lace,135.29853334220863,132.9984582753911,135.29853334220863,1.0,2024
8929aeb2c43ffff,532.0,7.03,44953.55927368192,99.15,lace,163.55608161119832,162.17340218342187,163.55608161119832,1.0,2024
8929aeb2c47ffff,318.0,10.76,69811.62345975915,98.56,lace,125.95125494959856,124.14286423702049,125.95125494959856,1.0,2024
8929aeb2c4bffff,229.0,13.91,63892.029225497674,99.0,lace,77.63721994494799,76.85967012713304,77.63721994494799,1.0,2024
8929aeb2c4fffff,293.0,15.92,65913.0,98.3,lace,131.6914558924665,129.4527011422946,131.6914558924665,1.0,2024
8929aeb2c53ffff,595.0,6.2,41575.652857266905,99.3,lace,173.38696396885754,172.17325522107552,173.38696396885754,1.0,2024
8929aeb2c57ffff,377.0,1.26,77231.11149838271,99.3,lace,112.66945215357994,111.88076598850488,112.66945215357994,1.0,2024
8929aeb2c5bffff,384.0,15.86,36755.99296042115,98.78,lace,133.19219283541477,131.5639855271425,133.19219283541477,1.0,2024
8929aeb2c63ffff,318.0,10.59,42867.87316203069,98.3,lace,111.8246820685213,109.92366247335642,111.8246820685213,1.0,2024
8929aeb2c67ffff,474.0,9.06,52927.17695309302,98.66,lace,171.72664240283308,169.42665105993038,171.72664240283308,1.0,2024
8929aeb2c6bffff,232.0,13.11,65872.87870336427,98.45,lace,90.82724314780732,89.42113924234451,90.82724314780732,1.0,2024
8929aeb2c6fffff,312.0,6.78,55086.25043581539,99.04,lace,114.29397262513369,113.19803280175175,114.29397262513369,1.0,2024
8929aeb2c73ffff,318.0,10.69,43301.00654367096,98.3,lace,112.23227316953015,110.32432452564814,112.23227316953015,1.0,2024
8929aeb2c77ffff,359.0,10.4,46930.06917616341,98.3,lace,120.51585509180828,118.46708555524752,120.51585509180828,1.0,2024
8929aeb2c7bffff,294.0,15.86,65671.87780663688,98.3,lace,131.49358703303983,129.25819605347814,131.49358703303983,1.0,2024
8929aeb2c83ffff,429.0,14.67,68274.02433676952,99.47,lace,141.6066598109859,140.85864795016084,141.6066598109859,1.0,2024
8929aeb2c87ffff,530.0,15.44,63490.0,99.4,lace,152.27833919941943,151.36466916422293,152.27833919941943,1.0,2024
8929aeb2c8bffff,394.0,14.3,70568.0,99.5,lace,137.80727585852742,137.11823947923477,137.80727585852742,1.0,2024
8929aeb2c8fffff,441.0,13.52,64891.860337420316,99.43,lace,158.9886855146857,158.07475310776107,158.9886855146857,1.0,2024
8929aeb2c93ffff,194.0,18.13,68833.30418799295,99.48,lace,64.37162503832329,64.0400382474576,64.37162503832329,1.0,2024
8929aeb2c97ffff,447.0,15.43,63490.0,99.4,lace,128.22235385491868,127.45301973178917,128.22235385491868,1.0,2024
8929aeb2c9bffff,384.0,14.43,70550.59432262531,99.5,lace,134.33882477137908,133.66713064752219,134.33882477137908,1.0,2024
8929aeb2ca3ffff,408.0,1.73,94634.99999999999,99.4,lace,123.12663767580271,122.38787784974791,123.12663767580271,1.0,2024
8929aeb2ca7ffff,315.0,8.49,75276.19707022265,99.27,lace,87.17229046130612,86.53496208978393,87.17229046130612,1.0,2024
8929aeb2cabffff,408.0,1.73,94635.00000000001,99.4,lace,123.12842323456964,122.38965269516223,123.12842323456964,1.0,2024
8929aeb2cafffff,444.0,3.5,91315.82814928025,99.39,lace,132.8459110883503,132.03154495889413,132.8459110883503,1.0,2024
8929aeb2cb3ffff,339.0,7.88,93332.97036175015,99.4,lace,92.25078814077176,91.69728341192715,92.25078814077176,1.0,2024
8929aeb2cb7ffff,305.0,8.79,78866.31356914436,99.28,lace,83.89123911408365,83.28712972479678,83.89123911408365,1.0,2024
8929aeb2cbbffff,428.0,5.73,86372.25115912438,99.4,lace,126.76671658005637,126.00611628057604,126.76671658005637,1.0,2024
8929aeb2cc3ffff,380.0,10.75,68485.0,99.5,lace,154.18943760438611,153.4184904163642,154.18943760438611,1.0,2024
8929aeb2cc7ffff,352.0,14.33,70576.87151225033,99.46,lace,120.88236254394603,120.23477120496244,120.88236254394603,1.0,2024
8929aeb2ccbffff,475.0,8.41,53524.20101929339,99.41,lace,163.51971918076322,162.55477029968853,163.51971918076322,1.0,2024
8929aeb2ccfffff,378.0,2.11,76226.91471812976,99.32,lace,116.58742916703056,115.79810133387748,116.58742916703056,1.0,2024
8929aeb2cd3ffff,380.0,10.75,68485.0,99.5,lace,154.19436804408565,153.42339620386522,154.19436804408565,1.0,2024
8929aeb2cd7ffff,391.0,13.61,70163.74756779915,99.5,lace,141.0802132854409,140.37481221901368,141.0802132854409,1.0,2024
8929aeb2cdbffff,380.0,10.75,68485.0,99.5,lace,154.19660426475195,153.4256212434282,154.19660426475195,1.0,2024
8929aeb2d03ffff,260.0,15.67,88785.38894528434,99.9,lace,84.75749449768978,84.67273700319208,84.75749449768978,1.0,2024
8929aeb2d07ffff,391.0,13.4,89627.8944702334,99.9,lace,101.78137238747416,101.6795910150867,101.78137238747416,1.0,2024
8929aeb2d0bffff,171.0,30.6,73241.78922233003,99.38,lace,68.51180977254181,68.08547142237957,68.51180977254181,1.0,2024
8929aeb2d0fffff,191.0,14.92,91620.71684537693,99.9,lace,57.09696874877748,57.039871780028705,57.09696874877748,1.0,2024
8929aeb2d13ffff,252.0,15.82,89939.87851114702,99.9,lace,84.4892030053301,84.40471380232478,84.4892030053301,1.0,2024
8929aeb2d17ffff,406.0,13.33,89323.4032666923,99.9,lace,106.07741429927722,105.97133688497794,106.07741429927722,1.0,2024
8929aeb2d1bffff,156.0,33.27,70894.27185263192,99.33,lace,66.18282010136191,65.74198308514538,66.18282010136191,1.0,2024
8929aeb2d23ffff,35.0,29.43,227300.9082498122,99.9,lace,12.554414889098075,12.541860474208978,12.554414889098075,1.0,2024
8929aeb2d27ffff,98.0,27.29,203461.16922616927,99.9,lace,33.630615326585556,33.59698471125897,33.630615326585556,1.0,2024
8929aeb2d2bffff,5.0,25.14,179500.0,99.9,lace,1.4879633635672092,1.486475400203642,1.4879633635672092,1.0,2024
8929aeb2d2fffff,132.0,25.5,183575.43723612616,99.9,lace,43.38943516291321,43.346045727750294,43.38943516291321,1.0,2024
8929aeb2d33ffff,92.0,18.08,130247.80669227027,99.9,lace,26.608408717068283,26.581800308351216,26.608408717068283,1.0,2024
8929aeb2d37ffff,28.0,29.86,232083.0,99.9,lace,10.175640943977735,10.165465303033757,10.175640943977735,1.0,2024
8929aeb2d3bffff,1.0,29.86,232083.0,99.9,lace,0.20223121700809976,0.20202898579109166,0.20223121700809976,1.0,2024
8929aeb2d43ffff,112.0,61.34,42953.31919779068,99.0,lace,68.16718218716522,67.48551036529358,68.16718218716522,1.0,2024
8929aeb2d47ffff,116.0,54.33,49575.603826592596,99.0,lace,63.549118884148605,62.91362769530712,63.549118884148605,1.0,2024
8929aeb2d4bffff,111.0,63.74,40683.59871773782,99.0,lace,69.69458080236099,68.99764476036137,69.69458080236099,1.0,2024
8929aeb2d4fffff,107.0,72.94,32009.000000000004,99.0,lace,75.24586885228952,74.49341016376663,75.24586885228952,1.0,2024
8929aeb2d53ffff,119.0,48.2,55357.0,99.0,lace,59.29978766187413,58.70678978525539,59.29978766187413,1.0,2024
8929aeb2d57ffff,119.0,48.2,55357.0,99.0,lace,59.297029607553156,58.70405931147762,59.297029607553156,1.0,2024
8929aeb2d5bffff,119.0,48.37,55166.17148059437,99.0,lace,59.459765771115094,58.86521237091828,59.459765771115094,1.0,2024
8929aeb2d63ffff,46.0,69.87,46291.193587651316,99.03,lace,31.39069179363284,31.087706663717626,31.39069179363284,1.0,2024
8929aeb2d6bffff,107.0,72.94,32009.0,99.0,lace,75.2399571086915,74.48755753760457,75.2399571086915,1.0,2024
8929aeb2d6fffff,42.0,69.36,48642.740518866754,99.04,lace,28.611992271654827,28.337534086575275,28.611992271654827,1.0,2024
8929aeb2d73ffff,90.0,45.83,64299.36237877222,99.16,lace,44.549943656850814,44.17486860104524,44.549943656850814,1.0,2024
8929aeb2d7bffff,107.0,72.94,32009.0,99.0,lace,75.24236857062421,74.48994488491797,75.24236857062421,1.0,2024
8929aeb2d83ffff,342.0,13.33,106806.00000000001,99.9,lace,113.89860890734005,113.78471029843271,113.89860890734005,1.0,2024
8929aeb2d87ffff,342.0,13.33,106806.00000000001,99.9,lace,113.8933115155917,113.77941820407612,113.8933115155917,1.0,2024
8929aeb2d8bffff,342.0,13.33,106806.0,99.9,lace,113.90026119875198,113.78636093755324,113.90026119875198,1.0,2024
8929aeb2d8fffff,343.0,13.37,105517.38195530907,99.9,lace,112.8788056373196,112.7659268316823,112.8788056373196,1.0,2024
8929aeb2d93ffff,331.0,14.18,81599.33369018548,99.78,lace,122.95676139725683,122.68295835564192,122.95676139725683,1.0,2024
8929aeb2d97ffff,343.0,12.9,103934.55832776282,99.9,lace,111.35658793035971,111.24523134242935,111.35658793035971,1.0,2024
8929aeb2d9bffff,331.0,14.16,82045.06167968547,99.78,lace,122.82388787798767,122.5529363062174,122.82388787798767,1.0,2024
8929aeb2da3ffff,336.0,10.02,84893.6834939614,99.9,lace,88.15675894813836,88.06860218919023,88.15675894813836,1.0,2024
8929aeb2da7ffff,388.0,6.56,96511.97778456833,99.8,lace,125.59193758541768,125.34150359818717,125.59193758541768,1.0,2024
8929aeb2dabffff,261.0,15.17,106063.80457154998,99.9,lace,71.29178967518968,71.2204978855145,71.29178967518968,1.0,2024
8929aeb2dafffff,78.0,28.17,219593.4507099113,99.9,lace,27.865806821592223,27.837941014770628,27.865806821592223,1.0,2024
8929aeb2db3ffff,351.0,10.21,85955.87526299834,99.9,lace,95.00718998157265,94.91218279159108,95.00718998157265,1.0,2024
8929aeb2db7ffff,447.0,6.58,90507.74255344836,99.81,lace,134.14100108283358,133.88390497153202,134.14100108283358,1.0,2024
8929aeb2dbbffff,348.0,12.76,101738.84560158815,99.9,lace,110.0094946792444,109.89948518456515,110.0094946792444,1.0,2024
8929aeb2dc3ffff,648.0,9.04,61811.90820544765,99.2,lace,214.10521930954712,212.39214593369556,214.10521930954712,1.0,2024
8929aeb2dc7ffff,258.0,18.42,66489.71861970217,99.36,lace,84.69159145237512,84.15279590363947,84.69159145237512,1.0,2024
8929aeb2dcbffff,679.0,9.82,68274.03903122517,99.21,lace,240.97123469733168,239.06132118659016,240.97123469733168,1.0,2024
8929aeb2dcfffff,132.0,43.56,56637.86201597629,99.02,lace,63.79745723039315,63.17055971098687,63.79745723039315,1.0,2024
8929aeb2dd3ffff,388.0,10.19,51253.986592431575,99.2,lace,101.34205765366677,100.53132119243743,101.34205765366677,1.0,2024
8929aeb2dd7ffff,370.0,10.96,62590.69279482331,99.4,lace,101.1398134038712,100.52796931714157,101.1398134038712,1.0,2024
8929aeb2ddbffff,726.0,8.8,64257.368352502715,99.2,lace,247.55323501606864,245.58153993357718,247.55323501606864,1.0,2024
8929aeb2e03ffff,6.0,8.37,38042.0,98.6,lace,1.5440528834933105,1.522436143124404,1.5440528834933105,1.0,2024
8929aeb2e13ffff,321.0,7.8,53428.649372775915,99.57,lace,80.27392670670335,79.92622026304822,80.27392670670335,1.0,2024
8929aeb2e17ffff,144.0,9.18,53546.60219486979,99.07,lace,36.73537319551386,36.39278269265351,36.73537319551386,1.0,2024
8929aeb2e1bffff,236.0,7.53,41870.41343877367,99.11,lace,56.32013905719007,55.82011301260349,56.32013905719007,1.0,2024
8929aeb2e27ffff,165.0,14.07,68126.68392694031,98.96,lace,45.839900375155466,45.36122196666343,45.839900375155466,1.0,2024
8929aeb2e2fffff,61.0,12.31,83671.54915873952,98.78,lace,16.620041203367926,16.418072126412184,16.620041203367926,1.0,2024
8929aeb2e33ffff,9.0,8.37,38042.0,98.6,lace,2.1603185357100636,2.1300740762101227,2.1603185357100636,1.0,2024
8929aeb2e43ffff,176.0,11.28,47500.0,98.4,lace,43.721465287570574,43.02192184296945,43.721465287570574,1.0,2024
8929aeb2e47ffff,92.0,12.39,53836.125359583646,98.48,lace,24.309138039393567,23.938698358045322,24.309138039393567,1.0,2024
8929aeb2e4bffff,202.0,12.52,53254.010168464585,98.4,lace,53.1096377601331,52.25988355597098,53.1096377601331,1.0,2024
8929aeb2e4fffff,305.0,15.09,65813.0213922347,98.41,lace,88.95937914860615,87.54261189761984,88.95937914860615,1.0,2024
8929aeb2e53ffff,154.0,11.28,47500.0,98.4,lace,38.35047298320853,37.7368654154772,38.35047298320853,1.0,2024
8929aeb2e57ffff,75.0,11.28,47504.439165017895,98.4,lace,18.69038967973463,18.391351375168384,18.69038967973463,1.0,2024
8929aeb2e5bffff,176.0,11.28,47500.0,98.4,lace,43.723497829491556,43.023921864219695,43.723497829491556,1.0,2024
8929aeb2e63ffff,39.0,7.25,59085.341730385706,98.8,lace,11.848203570431693,11.706025127586514,11.848203570431693,1.0,2024
8929aeb2e67ffff,108.0,8.83,74893.32741118832,98.49,lace,33.672588045363696,33.16518741514481,33.672588045363696,1.0,2024
8929aeb2e6bffff,336.0,8.77,70187.56806000178,98.62,lace,91.90507536345326,90.63342866695699,91.90507536345326,1.0,2024
8929aeb2e6fffff,324.0,10.73,86743.27708644485,98.25,lace,84.96969364088477,83.48355811711258,84.96969364088477,1.0,2024
8929aeb2e7bffff,128.0,7.64,60982.0,98.8,lace,36.387282018471986,35.95063463425032,36.387282018471986,1.0,2024
8929aeb2e83ffff,191.0,12.34,71559.23552291945,99.46,lace,57.09304231764044,56.782781846106744,57.09304231764044,1.0,2024
8929aeb2e87ffff,179.0,10.48,78250.0,99.7,lace,50.5266800584495,50.37510001827415,50.5266800584495,1.0,2024
8929aeb2e8bffff,345.0,7.64,54974.384095871676,99.7,lace,86.2609009493202,86.00211824647224,86.2609009493202,1.0,2024
8929aeb2e8fffff,179.0,10.48,78250.0,99.7,lace,50.52741113090226,50.37582889750956,50.52741113090226,1.0,2024
8929aeb2e93ffff,307.0,20.69,37849.781571350955,98.5,lace,116.68832896987195,114.93800403532387,116.68832896987195,1.0,2024
8929aeb2e97ffff,267.0,20.14,43590.09838974854,98.68,lace,97.92750998083685,96.63013317370995,97.92750998083685,1.0,2024
8929aeb2e9bffff,366.0,5.5,58202.694024575256,98.9,lace,106.28013710661006,105.10735414900682,106.28013710661006,1.0,2024
8929aeb2ea3ffff,235.0,9.64,54994.161619834675,98.86,lace,65.60545683992544,64.86045615520743,65.60545683992544,1.0,2024
8929aeb2ea7ffff,76.0,6.57,67368.73605283923,99.09,lace,19.652408412190173,19.47436841546744,19.652408412190173,1.0,2024
8929aeb2eabffff,188.0,8.37,38042.0,98.6,lace,45.10055432104399,44.46914656054937,45.10055432104399,1.0,2024
8929aeb2eafffff,84.0,8.35,38342.61395728353,98.61,lace,20.113704255814618,19.833222597585454,20.113704255814618,1.0,2024
8929aeb2eb3ffff,204.0,12.16,74438.0325632155,99.12,lace,67.94774790700298,67.3481419404111,67.94774790700298,1.0,2024
8929aeb2eb7ffff,293.0,15.88,65919.43891102052,98.3,lace,131.19188014060535,128.9642797968412,131.19188014060535,1.0,2024
8929aeb2ebbffff,187.0,10.23,73544.41236211504,99.59,lace,51.70710783262116,51.494430065035324,51.70710783262116,1.0,2024
8929aeb2ec3ffff,316.0,6.82,46004.20576834092,99.54,lace,75.93042883108228,75.57898174227336,75.93042883108228,1.0,2024
8929aeb2ec7ffff,527.0,6.57,46250.0,99.7,lace,125.57413296776029,125.19741056885701,125.57413296776029,1.0,2024
8929aeb2ecfffff,262.0,7.13,45994.028777101885,99.47,lace,62.95502350073904,62.62345625286117,62.95502350073904,1.0,2024
8929aeb2ed3ffff,341.0,7.18,52922.717207686896,99.09,lace,85.41007555434342,84.6287258942909,85.41007555434342,1.0,2024
8929aeb2ed7ffff,523.0,6.52,46526.260090360665,99.67,lace,125.37026794549865,124.95846881346928,125.37026794549865,1.0,2024
8929aeb3023ffff,6.0,5.19,67833.0,99.7,lace,1.4749478841156458,1.4705230404632987,1.4749478841156458,1.0,2024
8929aeb3027ffff,9.0,5.19,67833.0,99.7,lace,2.097299516259467,2.0910076177106887,2.097299516259467,1.0,2024
8929aeb302bffff,0.0,5.19,67833.0,99.7,lace,0.0732415405817716,0.07302181596002628,0.0732415405817716,1.0,2024
8929aeb302fffff,8.0,5.19,67833.0,99.7,lace,1.8321003037088377,1.8266040027977113,1.8321003037088377,1.0,2024
8929aeb3033ffff,3.0,5.19,67833.0,99.7,lace,0.6169142622076896,0.6150635194210666,0.6169142622076896,1.0,2024
8929aeb3037ffff,9.0,5.19,67833.0,99.7,lace,2.021035665637987,2.014972558641073,2.021035665637987,1.0,2024
8929aeb3063ffff,2.0,10.08,44609.00000000001,99.4,lace,0.5235865921914082,0.5204450726382599,0.5235865921914082,1.0,2024
8929aeb3067ffff,12.0,9.94,45245.07337295023,99.41,lace,3.3334819518192416,3.313705701507347,3.3334819518192416,1.0,2024
8929aeb306bffff,7.0,10.08,44608.99999999999,99.4,lace,1.9833990335943459,1.97149863939278,1.9833990335943459,1.0,2024
8929aeb306fffff,20.0,10.08,44609.0,99.4,lace,5.625556964203587,5.591803622418365,5.625556964203587,1.0,2024
8929aeb30afffff,0.0,5.19,67833.0,99.7,lace,0.11292166185746912,0.11258289687189672,0.11292166185746912,1.0,2024
8929aeb3103ffff,12.0,3.02,47206.0,99.7,lace,3.410104271009857,3.399873958196827,3.410104271009857,1.0,2024
8929aeb3107ffff,12.0,3.02,47206.0,99.7,lace,3.409945893724004,3.3997160560428323,3.409945893724004,1.0,2024
8929aeb310bffff,12.0,3.16,48529.88577942108,99.7,lace,3.2960239689136674,3.2861358970069268,3.2960239689136674,1.0,2024
8929aeb310fffff,12.0,3.02,47206.0,99.7,lace,3.4099950506794854,3.399765065527447,3.4099950506794854,1.0,2024
8929aeb3113ffff,12.0,3.02,47206.0,99.7,lace,3.410213462541045,3.3999828221534223,3.410213462541045,1.0,2024
8929aeb3117ffff,12.0,3.02,47206.00000000001,99.7,lace,3.4100550930772675,3.399824927798036,3.4100550930772675,1.0,2024
8929aeb311bffff,12.0,3.19,48798.60261401951,99.7,lace,3.2736368585315656,3.2638159479559707,3.2736368585315656,1.0,2024
8929aeb3123ffff,12.0,3.02,47206.00000000001,99.7,lace,3.4096782754412347,3.3994492406149113,3.4096782754412347,1.0,2024
8929aeb3127ffff,12.0,3.02,47206.0,99.7,lace,3.409519880281629,3.3992913206407844,3.409519880281629,1.0,2024
8929aeb312bffff,12.0,3.02,47206.0,99.7,lace,3.409727408647869,3.3994982264219256,3.409727408647869,1.0,2024
8929aeb312fffff,12.0,3.02,47206.0,99.7,lace,3.409569010666968,3.3993403036349674,3.409569010666968,1.0,2024
8929aeb3133ffff,12.0,3.02,47206.0,99.7,lace,3.4097875114208103,3.399558148886548,3.4097875114208103,1.0,2024
8929aeb3137ffff,12.0,3.02,47206.0,99.7,lace,3.4096291240902055,3.399400236717935,3.4096291240902055,1.0,2024
8929aeb313bffff,12.0,3.02,47206.0,99.7,lace,3.4098366655749848,3.39960715557826,3.4098366655749848,1.0,2024
8929aeb3143ffff,9.0,5.19,67833.0,99.7,lace,2.0971349666478423,2.090843561747899,2.0971349666478423,1.0,2024
8929aeb3147ffff,9.0,5.15,67370.18696281909,99.7,lace,2.1184010178762627,2.1120458148226335,2.1184010178762627,1.0,2024
8929aeb314bffff,9.0,5.19,67833.0,99.7,lace,2.0687593691066253,2.0625530909993053,2.0687593691066253,1.0,2024
8929aeb314fffff,116.0,2.82,97396.87371263029,99.89,lace,27.73601743223798,27.704754566024263,27.73601743223798,1.0,2024
8929aeb3153ffff,9.0,5.19,67833.0,99.7,lace,2.0972021327830297,2.090910526384681,2.0972021327830297,1.0,2024
8929aeb3157ffff,9.0,5.16,67548.9513036715,99.7,lace,2.11018496869088,2.103854413784807,2.11018496869088,1.0,2024
8929aeb315bffff,9.0,5.19,67833.0,99.7,lace,2.0972323549637757,2.0909406578988845,2.0972323549637757,1.0,2024
8929aeb3163ffff,34.0,2.79,80748.38404394867,99.82,lace,8.46533878532169,8.450269299277766,8.46533878532169,1.0,2024
8929aeb3167ffff,12.0,3.02,47206.0,99.7,lace,3.4097765237709443,3.3995471941996316,3.4097765237709443,1.0,2024
8929aeb316bffff,643.0,2.66,99386.1113751114,99.9,lace,153.6091250905824,153.45510524727013,153.6091250905824,1.0,2024
8929aeb316fffff,27.0,2.82,76084.2759138867,99.8,lace,6.927841202884158,6.914243830078073,6.927841202884158,1.0,2024
8929aeb3173ffff,12.0,3.13,48223.29296237923,99.7,lace,3.321852176658979,3.3118866201290023,3.321852176658979,1.0,2024
8929aeb3177ffff,12.0,3.02,47206.00000000001,99.7,lace,3.4098858015975195,3.399656144192727,3.4098858015975195,1.0,2024
8929aeb317bffff,448.0,2.67,99188.52967438978,99.9,lace,107.00292292190444,106.89433484095957,107.00292292190444,1.0,2024
8929aeb3183ffff,12.0,3.02,47206.0,99.7,lace,3.4102734055163415,3.4000425852997926,3.4102734055163415,1.0,2024
8929aeb3187ffff,12.0,3.02,47206.0,99.7,lace,3.4101150467522876,3.3998847016120313,3.4101150467522876,1.0,2024
8929aeb318bffff,12.0,3.02,47206.00000000001,99.7,lace,3.4103226252990466,3.4000916574231494,3.4103226252990466,1.0,2024
8929aeb318fffff,12.0,3.02,47206.0,99.7,lace,3.410164263693636,3.399933770902555,3.410164263693636,1.0,2024
8929aeb3193ffff,12.0,3.02,47205.99999999999,99.7,lace,3.410382518533896,3.4001513709782945,3.410382518533896,1.0,2024
8929aeb3197ffff,12.0,3.02,47206.0,99.7,lace,3.410224167650268,3.399993495147317,3.410224167650268,1.0,2024
8929aeb319bffff,12.0,3.02,47206.0,99.7,lace,3.4104317592640347,3.400200463986243,3.4104317592640347,1.0,2024
8929aeb31a3ffff,12.0,3.02,47206.0,99.7,lace,3.409847525460898,3.399617982884515,3.409847525460898,1.0,2024
8929aeb31a7ffff,12.0,3.02,47206.0,99.7,lace,3.409689148811541,3.3994600813651066,3.409689148811541,1.0,2024
8929aeb31abffff,12.0,3.02,47206.0,99.7,lace,3.4098967186457125,3.3996670284897754,3.4098967186457125,1.0,2024
8929aeb31afffff,12.0,3.02,47206.0,99.7,lace,3.409738339160433,3.399509124142952,3.409738339160433,1.0,2024
8929aeb31b3ffff,12.0,3.02,47205.99999999999,99.7,lace,3.4099566829790406,3.3997268129301035,3.4099566829790406,1.0,2024
8929aeb31b7ffff,12.0,3.02,47206.00000000001,99.7,lace,3.4097983141366175,3.399568919194208,3.4097983141366175,1.0,2024
8929aeb31bbffff,12.0,3.02,47205.99999999999,99.7,lace,3.4100058970952043,3.3997758794039186,3.4100058970952043,1.0,2024
8929aeb31c3ffff,9.0,5.19,67776.80091574728,99.7,lace,2.099819129241195,2.0935196718534717,2.099819129241195,1.0,2024
8929aeb31c7ffff,12.0,3.22,49094.453371707634,99.7,lace,3.249230880546621,3.239483187904981,3.249230880546621,1.0,2024
8929aeb31cbffff,9.0,5.19,67833.0,99.7,lace,2.0972692811932467,2.090977473349667,2.0972692811932467,1.0,2024
8929aeb31cfffff,9.0,5.18,67684.64248739435,99.7,lace,2.103991281178102,2.0976793073345674,2.103991281178102,1.0,2024
8929aeb31d3ffff,1.0,5.19,67743.7177152249,99.7,lace,0.16849931562342915,0.16799381767655885,0.16849931562342915,1.0,2024
8929aeb31d7ffff,12.0,3.18,48708.52297150334,99.7,lace,3.1186694996754802,3.109313491176454,3.1186694996754802,1.0,2024
8929aeb31dbffff,6.0,5.19,67833.0,99.7,lace,1.433209591727784,1.4289099629526008,1.433209591727784,1.0,2024
8929aeb3327ffff,9.0,9.13,59239.33214799435,99.57,lace,2.7055191347761456,2.6937706350172093,2.7055191347761456,1.0,2024
8929aeb3337ffff,161.0,9.61,63526.0000552509,99.9,lace,54.86255104202953,54.80768849002071,54.86255104202953,1.0,2024
8929aeb3383ffff,9.0,5.41,66804.68121150152,99.68,lace,2.1704211816920127,2.1635601052442146,2.1704211816920127,1.0,2024
8929aeb3387ffff,4.0,5.19,67833.0,99.7,lace,1.0512717017295976,1.048117886624409,1.0512717017295976,1.0,2024
8929aeb338bffff,12.0,9.85,45705.42572581053,99.41,lace,3.4587134173600536,3.4383643855310577,3.4587134173600536,1.0,2024
8929aeb338fffff,1.0,5.19,67833.0,99.7,lace,0.2807189071371293,0.27987675041571797,0.2807189071371293,1.0,2024
8929aeb3393ffff,9.0,5.51,66335.94486420606,99.68,lace,2.2050351004299147,2.1979049264582162,2.2050351004299147,1.0,2024
8929aeb3397ffff,9.0,5.19,67833.0,99.7,lace,2.097262565998655,2.090970778300659,2.097262565998655,1.0,2024
8929aeb339bffff,19.0,9.93,45290.93662212034,99.41,lace,5.406218575468527,5.374171997559187,5.406218575468527,1.0,2024
8929aeb33a3ffff,373.0,2.66,99446.13696289704,99.9,lace,89.16920811900545,89.08003414419073,89.16920811900545,1.0,2024
8929aeb33a7ffff,684.0,2.66,99447.00000000001,99.9,lace,163.2365517815522,163.07331522977066,163.2365517815522,1.0,2024
8929aeb33afffff,270.0,4.79,88436.67149886832,99.9,lace,72.90514972098086,72.832244569791,72.90514972098086,1.0,2024
8929aeb33b3ffff,272.0,2.67,99313.47906813778,99.9,lace,64.90979126249815,64.84434459926862,64.90979126249815,1.0,2024
8929aeb33b7ffff,684.0,2.66,99447.0,99.9,lace,163.24178448726994,163.07854270278267,163.24178448726994,1.0,2024
8929aeb33c3ffff,5.0,10.08,44609.0,99.4,lace,1.3123954712444776,1.3045210984170108,1.3123954712444776,1.0,2024
8929aeb33c7ffff,0.0,10.08,44609.0,99.4,lace,0.10639392258656305,0.10575555905104368,0.10639392258656305,1.0,2024
8929aeb33d3ffff,11.0,10.08,44609.0,99.4,lace,3.046007751414229,3.0277317049057437,3.046007751414229,1.0,2024
8929aeb33d7ffff,18.0,10.08,44609.0,99.4,lace,5.214763646354819,5.18347506447669,5.214763646354819,1.0,2024
8929aeb3503ffff,12.0,3.02,47206.00000000001,99.7,lace,3.410868007134394,3.4006354031129913,3.410868007134394,1.0,2024
8929aeb3507ffff,12.0,3.02,47206.0,99.7,lace,3.410709684842002,3.4004775557874765,3.410709684842002,1.0,2024
8929aeb350bffff,9.0,3.02,47211.47363542983,99.7,lace,2.599044897930803,2.591247763237011,2.599044897930803,1.0,2024
8929aeb350fffff,12.0,3.02,47206.0,99.7,lace,3.410758988390739,3.4005267114255666,3.410758988390739,1.0,2024
8929aeb3513ffff,12.0,3.02,47206.0,99.7,lace,3.4109769971053314,3.4007440661140156,3.4109769971053314,1.0,2024
8929aeb3517ffff,12.0,3.02,47206.0,99.7,lace,3.410818682667898,3.4005862266198945,3.410818682667898,1.0,2024
8929aeb351bffff,9.0,3.02,47206.00000250419,99.7,lace,2.5273188014808374,2.519736845076395,2.5273188014808374,1.0,2024
8929aeb3523ffff,12.0,3.02,47206.00000000001,99.7,lace,3.410442323022341,3.4002109960532745,3.410442323022341,1.0,2024
8929aeb3527ffff,12.0,3.02,47206.0,99.7,lace,3.4102839828115212,3.400053130863087,3.4102839828115212,1.0,2024
8929aeb352bffff,12.0,3.02,47206.0,99.7,lace,3.410491602782975,3.4002601279746263,3.410491602782975,1.0,2024
8929aeb352fffff,12.0,3.02,47206.0,99.7,lace,3.4103332597369684,3.400102259957758,3.4103332597369684,1.0,2024
8929aeb3533ffff,12.0,3.02,47206.0,99.7,lace,3.410551357531772,3.400319703459177,3.410551357531772,1.0,2024
8929aeb3537ffff,12.0,3.02,47206.00000000001,99.7,lace,3.410393025164184,3.4001618460886913,3.410393025164184,1.0,2024
8929aeb353bffff,12.0,3.02,47205.99999999999,99.7,lace,3.4106006582063917,3.400368856231773,3.4106006582063917,1.0,2024
8929aeb3563ffff,10.0,3.02,47229.36861347491,99.7,lace,2.765516560471677,2.757220010790262,2.765516560471677,1.0,2024
8929aeb3567ffff,12.0,3.02,47206.0,99.7,lace,3.4105408644450437,3.400309241851709,3.4105408644450437,1.0,2024
8929aeb356fffff,10.0,3.02,47216.26801623828,99.7,lace,2.84583699645281,2.8372994854634515,2.84583699645281,1.0,2024
8929aeb3573ffff,10.0,3.02,47225.61981873667,99.7,lace,2.6828308592408265,2.674782366663104,2.6828308592408265,1.0,2024
8929aeb3577ffff,12.0,3.02,47206.0,99.7,lace,3.4106499408152375,3.4004179909927923,3.4106499408152375,1.0,2024
8929aeb3583ffff,12.0,3.02,47206.0,99.7,lace,3.4110365918812797,3.400803482105636,3.4110365918812797,1.0,2024
8929aeb3587ffff,12.0,3.02,47206.0,99.7,lace,3.4108782881508053,3.400645653286353,3.4108782881508053,1.0,2024
8929aeb358bffff,12.0,3.02,47206.0,99.7,lace,3.41108595823933,3.400852700364612,3.41108595823933,1.0,2024
8929aeb358fffff,12.0,3.02,47206.0,99.7,lace,3.4109276516788607,3.400694868723824,3.4109276516788607,1.0,2024
8929aeb3593ffff,12.0,3.02,47206.0,99.7,lace,3.4111455032522824,3.400912066742526,3.4111455032522824,1.0,2024
8929aeb3597ffff,12.0,3.02,47206.0,99.7,lace,3.410987207383832,3.400754245761681,3.410987207383832,1.0,2024
8929aeb359bffff,12.0,3.02,47206.0,99.7,lace,3.4111948905414073,3.4009613058697834,3.4111948905414073,1.0,2024
8929aeb35a3ffff,12.0,3.02,47206.0,99.7,lace,3.4106110234668763,3.400379190396476,3.4106110234668763,1.0,2024
8929aeb35a7ffff,12.0,3.02,47206.0,99.7,lace,3.410452701786709,3.4002213436813493,3.410452701786709,1.0,2024
8929aeb35abffff,12.0,3.02,47206.0,99.7,lace,3.410660363223988,3.400428382134316,3.410660363223988,1.0,2024
8929aeb35afffff,12.0,3.02,47206.0,99.7,lace,3.4105020387242937,3.4002705326081206,3.4105020387242937,1.0,2024
8929aeb35b3ffff,12.0,3.02,47206.0,99.7,lace,3.4107199794061325,3.400487819467914,3.4107199794061325,1.0,2024
8929aeb35b7ffff,12.0,3.02,47206.0,99.7,lace,3.410561665588201,3.4003299805914367,3.410561665588201,1.0,2024
8929aeb35bbffff,12.0,3.02,47205.99999999999,99.7,lace,3.4107693400875694,3.400537032067307,3.4107693400875694,1.0,2024
8929aeb35c7ffff,9.0,3.02,47206.0,99.7,lace,2.448915894370112,2.441569146687002,2.448915894370112,1.0,2024
8929aeb35d7ffff,9.0,3.02,47206.0,99.7,lace,2.3672753165715728,2.3601734906218583,2.3672753165715728,1.0,2024
8929aeb4003ffff,5.0,9.93,148000.0,100.0,lace,1.722442000897779,1.722442000897779,1.722442000897779,1.0,2024
8929aeb4007ffff,12.0,9.93,148000.0,100.0,lace,4.306764620634469,4.306764620634469,4.306764620634469,1.0,2024
8929aeb400fffff,0.0,9.93,147999.99999425994,100.0,lace,0.058407623704912835,0.05840762370491284,0.058407623704912835,1.0,2024
8929aeb4013ffff,5.0,9.93,147999.99999999537,100.0,lace,1.6771237546618893,1.6771237546618893,1.6771237546618893,1.0,2024
8929aeb4017ffff,18.0,9.93,148000.0,100.0,lace,6.832142924240791,6.832142924240791,6.832142924240791,1.0,2024
8929aeb4033ffff,2.0,9.93,148000.0,100.0,lace,0.803939062729683,0.803939062729683,0.803939062729683,1.0,2024
8929aeb4043ffff,21.0,6.02,140455.0,100.0,lace,5.690488571246701,5.690488571246701,5.690488571246701,1.0,2024
8929aeb4053ffff,55.0,6.02,140455.0,100.0,lace,14.78179132258666,14.78179132258666,14.78179132258666,1.0,2024
8929aeb4057ffff,16.0,6.02,140454.9999996223,100.0,lace,4.2465821652739715,4.246582165273895,4.2465821652739715,1.0,2024
8929aeb405bffff,49.0,6.02,140455.0,100.0,lace,13.207078578264234,13.207078578264234,13.207078578264234,1.0,2024
8929aeb4083ffff,18.0,9.93,148000.0,100.0,lace,6.832584113633471,6.832584113633471,6.832584113633471,1.0,2024
8929aeb4087ffff,18.0,9.93,148000.0,100.0,lace,6.83226527172369,6.83226527172369,6.83226527172369,1.0,2024
8929aeb408bffff,14.0,9.93,148000.0,100.0,lace,5.227213220606703,5.227213220606703,5.227213220606703,1.0,2024
8929aeb408fffff,18.0,9.93,148000.0,100.0,lace,6.83236354765306,6.832363547653061,6.83236354765306,1.0,2024
8929aeb4093ffff,18.0,9.93,148000.0,100.0,lace,6.832804622306811,6.832804622306811,6.832804622306811,1.0,2024
8929aeb4097ffff,18.0,9.93,148000.0,100.0,lace,6.832485795829198,6.832485795829197,6.832485795829198,1.0,2024
8929aeb409bffff,18.0,9.93,148000.0,100.0,lace,6.832902945731495,6.832902945731495,6.832902945731495,1.0,2024
8929aeb40a3ffff,18.0,9.93,148000.0,100.0,lace,6.831725823213902,6.831725823213902,6.831725823213902,1.0,2024
8929aeb40a7ffff,18.0,9.93,148000.0,100.0,lace,6.83140694639422,6.83140694639422,6.83140694639422,1.0,2024
8929aeb40abffff,18.0,9.93,148000.0,100.0,lace,6.831824051550528,6.831824051550528,6.831824051550528,1.0,2024
8929aeb40afffff,14.0,9.93,147999.84024296683,100.0,lace,5.066110654103246,5.066110652881817,5.066110654103246,1.0,2024
8929aeb40b3ffff,18.0,9.93,148000.0,100.0,lace,6.8319464200870845,6.8319464200870845,6.8319464200870845,1.0,2024
8929aeb40b7ffff,18.0,9.93,148000.0,100.0,lace,6.831627558683093,6.831627558683093,6.831627558683093,1.0,2024
8929aeb40bbffff,18.0,9.93,148000.0,100.0,lace,6.832044690287399,6.832044690287399,6.832044690287399,1.0,2024
8929aeb40c3ffff,17.0,6.02,140455.0,100.0,lace,4.663033361290152,4.663033361290152,4.663033361290152,1.0,2024
8929aeb40cbffff,55.0,6.02,140455.0,100.0,lace,14.78226871198224,14.78226871198224,14.78226871198224,1.0,2024
8929aeb40cfffff,17.0,6.02,140455.0,100.0,lace,4.513522841810274,4.513522841810274,4.513522841810274,1.0,2024
8929aeb40d3ffff,21.0,6.45,141275.36373798005,100.0,lace,5.877486270548552,5.877486270548552,5.877486270548552,1.0,2024
8929aeb40d7ffff,8.0,9.9,147935.11822499457,100.0,lace,3.042743509643328,3.042743509643328,3.042743509643328,1.0,2024
8929aeb40dbffff,55.0,6.02,140455.0,100.0,lace,14.782745977252787,14.782745977252787,14.782745977252787,1.0,2024
8929aeb4183ffff,8.0,9.93,147980.27242756978,100.0,lace,2.9606859049063763,2.960685816744583,2.9606859049063763,1.0,2024
8929aeb4187ffff,0.0,9.87,147250.94794527825,100.0,lace,0.013967285683686607,0.013967269781479918,0.013967285683686607,1.0,2024
8929aeb4193ffff,18.0,9.93,148000.0,100.0,lace,6.830572632050209,6.830572632050209,6.830572632050209,1.0,2024
8929aeb4197ffff,18.0,9.93,147997.84564131233,100.0,lace,6.804690847506041,6.804690825381802,6.804690847506041,1.0,2024
8929aeb419bffff,17.0,9.93,147995.2785765498,100.0,lace,6.3224980485027995,6.322498003450787,6.3224980485027995,1.0,2024
8929aeb41d3ffff,15.0,9.93,147998.88305302488,100.0,lace,5.738578274064585,5.738578264391288,5.738578274064585,1.0,2024
8929aeb41d7ffff,6.0,9.93,147989.4104474569,100.0,lace,2.1531139870212352,2.153113952608327,2.1531139870212352,1.0,2024
8929aeb41dbffff,4.0,9.93,147997.36629580532,100.0,lace,1.4339998649092118,1.4339998592094063,1.4339998649092118,1.0,2024
8929aeb4293ffff,44.0,6.02,140454.76855096268,100.0,lace,11.887965800189725,11.887965670311912,11.887965800189725,1.0,2024
8929aeb4297ffff,15.0,6.02,140455.0,100.0,lace,4.0302821643410525,4.0302821643410525,4.0302821643410525,1.0,2024
8929aeb429bffff,10.0,6.02,140403.82409545235,100.0,lace,2.5775637935845266,2.5775575682707337,2.5775637935845266,1.0,2024
8929aeb42d3ffff,11.0,10.69,140421.699612263,99.91,lace,2.5966183080898224,2.5943911832204294,2.5966183080898224,1.0,2024
8929aeb4403ffff,169.0,7.52,120577.52793257599,100.0,lace,50.26125496097122,50.26125496097123,50.26125496097122,1.0,2024
8929aeb4407ffff,21.0,9.6,144219.44349381042,100.0,lace,7.575923196972507,7.575923196972506,7.575923196972507,1.0,2024
8929aeb440bffff,163.0,7.53,120691.73359920832,100.0,lace,48.65416145437459,48.65416145437459,48.65416145437459,1.0,2024
8929aeb440fffff,76.0,7.88,124700.88379790675,100.0,lace,23.364702028140456,23.364702028140456,23.364702028140456,1.0,2024
8929aeb4413ffff,173.0,7.52,120506.2826390411,100.0,lace,51.322686379504944,51.322686379504944,51.322686379504944,1.0,2024
8929aeb4417ffff,21.0,9.57,143844.62060628078,100.0,lace,7.661274184041819,7.661274184041819,7.661274184041819,1.0,2024
8929aeb441bffff,182.0,7.5,120343.0,100.0,lace,53.93539652696099,53.93539652696099,53.93539652696099,1.0,2024
8929aeb4423ffff,18.0,9.93,148000.0,100.0,lace,6.832926672019225,6.832926672019224,6.832926672019225,1.0,2024
8929aeb4427ffff,18.0,9.93,148000.0,100.0,lace,6.832607866698039,6.832607866698039,6.832607866698039,1.0,2024
8929aeb442bffff,18.0,9.93,148000.0,100.0,lace,6.833025073564444,6.833025073564445,6.833025073564444,1.0,2024
8929aeb442fffff,18.0,9.93,148000.0,100.0,lace,6.832706262626818,6.832706262626818,6.832706262626818,1.0,2024
8929aeb4433ffff,18.0,9.93,148000.0,100.0,lace,6.833147024062494,6.833147024062494,6.833147024062494,1.0,2024
8929aeb4437ffff,18.0,9.93,148000.0,100.0,lace,6.832828234174813,6.832828234174813,6.832828234174813,1.0,2024
8929aeb443bffff,18.0,9.93,148000.0,100.0,lace,6.833245467525419,6.833245467525419,6.833245467525419,1.0,2024
8929aeb4443ffff,232.0,2.52,149765.43401813216,100.0,lace,64.24885567875755,64.24885567875755,64.24885567875755,1.0,2024
8929aeb4447ffff,82.0,5.78,136732.74965652125,100.0,lace,23.880585282780856,23.880585282780856,23.880585282780856,1.0,2024
8929aeb444bffff,93.0,4.17,145351.15332759745,100.0,lace,25.331352664095622,25.331352664095622,25.331352664095622,1.0,2024
8929aeb444fffff,55.0,6.02,140455.0,100.0,lace,14.784177028890978,14.784177028890978,14.784177028890978,1.0,2024
8929aeb4453ffff,277.0,2.35,150234.0,100.0,lace,76.69962010088564,76.69962010088564,76.69962010088564,1.0,2024
8929aeb4457ffff,221.0,4.82,135908.92511195518,100.0,lace,63.413539214122245,63.41353921412224,63.413539214122245,1.0,2024
8929aeb445bffff,277.0,2.35,150234.0,100.0,lace,76.70072471958406,76.70072471958406,76.70072471958406,1.0,2024
8929aeb4463ffff,18.0,9.93,148000.0,100.0,lace,6.833442245829129,6.833442245829129,6.833442245829129,1.0,2024
8929aeb4467ffff,18.0,9.93,148000.0,100.0,lace,6.833123438944289,6.833123438944289,6.833123438944289,1.0,2024
8929aeb446bffff,31.0,7.47,143255.65865395658,100.0,lace,9.433093872016244,9.433093872016244,9.433093872016244,1.0,2024
8929aeb446fffff,18.0,9.93,148000.0,100.0,lace,6.833221768090732,6.833221768090732,6.833221768090732,1.0,2024
8929aeb4473ffff,18.0,9.93,148000.0,100.0,lace,6.8336626661991335,6.833662666199134,6.8336626661991335,1.0,2024
8929aeb4477ffff,18.0,9.93,148000.0,100.0,lace,6.833343874814322,6.833343874814322,6.833343874814322,1.0,2024
8929aeb447bffff,32.0,7.46,143235.69919934493,100.0,lace,9.7170556523986,9.7170556523986,9.7170556523986,1.0,2024
8929aeb4483ffff,17.0,11.07,126368.29742424253,100.0,lace,5.32618609129562,5.32618609129562,5.32618609129562,1.0,2024
8929aeb4487ffff,18.0,10.86,147426.69204483967,100.0,lace,6.869249528309498,6.869249528309498,6.869249528309498,1.0,2024
8929aeb448bffff,182.0,7.5,120343.0,100.0,lace,53.93635707028327,53.93635707028327,53.93635707028327,1.0,2024
8929aeb448fffff,64.0,7.96,125613.77079848388,100.0,lace,19.86889711555591,19.86889711555591,19.86889711555591,1.0,2024
8929aeb4493ffff,44.0,20.13,141703.9795322474,100.0,lace,16.364183045504667,16.364183045504667,16.364183045504667,1.0,2024
8929aeb4497ffff,56.0,19.72,141964.47781059396,100.0,lace,20.85907251847054,20.85907251847054,20.85907251847054,1.0,2024
8929aeb449bffff,69.0,7.5,120343.0,100.0,lace,20.439957344122913,20.439957344122913,20.439957344122913,1.0,2024
8929aeb44a3ffff,18.0,9.93,148000.0,100.0,lace,6.833268797052007,6.833268797052007,6.833268797052007,1.0,2024
8929aeb44a7ffff,18.0,9.93,148000.0,100.0,lace,6.832950028366346,6.832950028366346,6.832950028366346,1.0,2024
8929aeb44abffff,18.0,9.93,148000.0,100.0,lace,6.833367318676296,6.833367318676296,6.833367318676296,1.0,2024
8929aeb44afffff,18.0,9.93,148000.0,100.0,lace,6.833048544339232,6.833048544339232,6.833048544339232,1.0,2024
8929aeb44b3ffff,11.0,9.93,148000.0,100.0,lace,4.086865484716399,4.086865484716399,4.086865484716399,1.0,2024
8929aeb44b7ffff,12.0,9.93,148000.0,100.0,lace,4.455292416884037,4.455292416884037,4.455292416884037,1.0,2024
8929aeb44bbffff,18.0,9.93,148000.0,100.0,lace,6.833587555988274,6.833587555988275,6.833587555988274,1.0,2024
8929aeb44c3ffff,259.0,7.27,149558.4748147143,99.94,lace,69.54451886146433,69.50353840765136,69.54451886146433,1.0,2024
8929aeb44c7ffff,182.0,7.5,120343.0,100.0,lace,53.93713474657386,53.93713474657387,53.93713474657386,1.0,2024
8929aeb44cbffff,315.0,5.26,160328.67726957425,99.94,lace,82.46974713264692,82.42147997120088,82.46974713264692,1.0,2024
8929aeb44cfffff,226.0,4.84,137476.6936761599,100.0,lace,64.29530548482572,64.29311805313995,64.29530548482572,1.0,2024
8929aeb44d3ffff,263.0,7.26,150700.32614280665,99.94,lace,70.43098601004583,70.38768213926305,70.43098601004583,1.0,2024
8929aeb44d7ffff,182.0,7.5,120343.0,100.0,lace,53.9388725136735,53.9388725136735,53.9388725136735,1.0,2024
8929aeb44dbffff,346.0,7.13,166824.0,99.9,lace,87.11422462206174,87.02711039743969,87.11422462206174,1.0,2024
8929aeb4503ffff,18.0,9.93,148000.0,100.0,lace,6.831552976911295,6.831552976911294,6.831552976911295,1.0,2024
8929aeb4507ffff,17.0,9.9,148424.26330594922,100.0,lace,6.244384345134613,6.2443843451346135,6.244384345134613,1.0,2024
8929aeb450bffff,18.0,9.93,148000.0,100.0,lace,6.831651392064265,6.8316513920642645,6.831651392064265,1.0,2024
8929aeb450fffff,18.0,9.93,148000.0,100.0,lace,6.831332547632843,6.831332547632843,6.831332547632843,1.0,2024
8929aeb4513ffff,10.0,9.67,151653.95395083484,100.0,lace,3.760495041027267,3.760495041027267,3.760495041027267,1.0,2024
8929aeb4517ffff,4.0,8.89,162315.37598577497,100.0,lace,1.5893837843955585,1.5893837843955585,1.5893837843955585,1.0,2024
8929aeb451bffff,18.0,9.93,148000.0,100.0,lace,6.8318718059081975,6.831871805908197,6.8318718059081975,1.0,2024
8929aeb4523ffff,18.0,9.93,148000.0,100.0,lace,6.830694829555165,6.830694829555165,6.830694829555165,1.0,2024
8929aeb4527ffff,18.0,9.92,148197.61589722804,100.0,lace,6.544090038857919,6.544090038857919,6.544090038857919,1.0,2024
8929aeb452bffff,18.0,9.93,148000.0,100.0,lace,6.830793191455334,6.830793191455334,6.830793191455334,1.0,2024
8929aeb452fffff,18.0,9.93,148000.0,100.0,lace,6.830474312059747,6.830474312059747,6.830474312059747,1.0,2024
8929aeb4533ffff,11.0,9.73,150799.38700227623,100.0,lace,4.205664303461449,4.205664303461449,4.205664303461449,1.0,2024
8929aeb4537ffff,5.0,9.14,158915.20618023758,100.0,lace,1.9569872280958125,1.9569872280958125,1.9569872280958125,1.0,2024
8929aeb453bffff,18.0,9.93,148000.0,100.0,lace,6.831013693435563,6.831013693435563,6.831013693435563,1.0,2024
8929aeb4543ffff,18.0,9.93,148000.0,100.0,lace,6.832068611274113,6.832068611274113,6.832068611274113,1.0,2024
8929aeb4547ffff,18.0,9.93,148000.0,100.0,lace,6.831749770937019,6.831749770937019,6.831749770937019,1.0,2024
8929aeb454bffff,18.0,9.93,148000.0,100.0,lace,6.8321669596550025,6.832166959655002,6.8321669596550025,1.0,2024
8929aeb454fffff,18.0,9.93,148000.0,100.0,lace,6.831848113684668,6.831848113684668,6.831848113684668,1.0,2024
8929aeb4553ffff,18.0,9.93,148000.0,100.0,lace,6.832289051565176,6.832289051565176,6.832289051565176,1.0,2024
8929aeb4557ffff,18.0,9.93,148000.0,100.0,lace,6.8319702267507205,6.8319702267507205,6.8319702267507205,1.0,2024
8929aeb455bffff,18.0,9.93,148000.0,100.0,lace,6.832387441853845,6.832387441853845,6.832387441853845,1.0,2024
8929aeb4563ffff,18.0,9.93,148000.0,100.0,lace,6.831210392366568,6.831210392366568,6.831210392366568,1.0,2024
8929aeb4567ffff,18.0,9.93,148000.0,100.0,lace,6.830891517084908,6.8308915170849085,6.830891517084908,1.0,2024
8929aeb456bffff,18.0,9.93,148000.0,100.0,lace,6.831308687438181,6.831308687438182,6.831308687438181,1.0,2024
8929aeb456fffff,18.0,9.93,148000.0,100.0,lace,6.830989806510191,6.830989806510192,6.830989806510191,1.0,2024
8929aeb4573ffff,18.0,9.93,148000.0,100.0,lace,6.831430920881883,6.831430920881883,6.831430920881883,1.0,2024
8929aeb4577ffff,18.0,9.93,148000.0,100.0,lace,6.831112061041935,6.831112061041936,6.831112061041935,1.0,2024
8929aeb457bffff,18.0,9.93,148000.0,100.0,lace,6.831529257869266,6.831529257869266,6.831529257869266,1.0,2024
8929aeb4583ffff,2.0,6.94,189177.0,100.0,lace,0.6054429617416128,0.6054429617416128,0.6054429617416128,1.0,2024
8929aeb4587ffff,2.0,6.94,189177.0,100.0,lace,0.6054147094719883,0.6054147094719883,0.6054147094719883,1.0,2024
8929aeb458bffff,2.0,6.94,189176.99999999997,100.0,lace,0.6054516939309051,0.6054516939309051,0.6054516939309051,1.0,2024
8929aeb458fffff,2.0,6.94,189177.0,100.0,lace,0.605423441159666,0.605423441159666,0.605423441159666,1.0,2024
8929aeb4593ffff,2.0,6.94,189177.0,100.0,lace,0.6054624772338786,0.6054624772338786,0.6054624772338786,1.0,2024
8929aeb4597ffff,2.0,6.94,189177.0,100.0,lace,0.6054342263361832,0.6054342263361832,0.6054342263361832,1.0,2024
8929aeb459bffff,2.0,6.94,189177.0,100.0,lace,0.6054712131419089,0.6054712131419089,0.6054712131419089,1.0,2024
8929aeb45a3ffff,2.0,6.94,189177.0,100.0,lace,0.6053669330176115,0.6053669330176115,0.6053669330176115,1.0,2024
8929aeb45a7ffff,2.0,6.94,189177.0,100.0,lace,0.6053386776529401,0.6053386776529401,0.6053386776529401,1.0,2024
8929aeb45abffff,2.0,6.94,189177.0,100.0,lace,0.6053756604924511,0.6053756604924511,0.6053756604924511,1.0,2024
8929aeb45afffff,2.0,6.94,189177.0,100.0,lace,0.6053474046224114,0.6053474046224114,0.6053474046224114,1.0,2024
8929aeb45b3ffff,2.0,6.94,189177.0,100.0,lace,0.6053864563371901,0.6053864563371901,0.6053864563371901,1.0,2024
8929aeb45b7ffff,2.0,6.94,189177.00000000003,100.0,lace,0.6053582023409713,0.6053582023409713,0.6053582023409713,1.0,2024
8929aeb45bbffff,2.0,6.94,189177.0,100.0,lace,0.6053951875263957,0.6053951875263957,0.6053951875263957,1.0,2024
8929aeb45c3ffff,18.0,9.93,148000.0,100.0,lace,6.832410966181176,6.832410966181175,6.832410966181176,1.0,2024
8929aeb45c7ffff,16.0,9.88,148700.5037854945,100.0,lace,5.913743098120742,5.913743098120742,5.913743098120742,1.0,2024
8929aeb45cbffff,18.0,9.93,148000.0,100.0,lace,6.832509434515234,6.832509434515234,6.832509434515234,1.0,2024
8929aeb45cfffff,18.0,9.93,148000.0,100.0,lace,6.832190625149246,6.832190625149247,6.832190625149246,1.0,2024
8929aeb45d3ffff,18.0,9.92,148122.3458857441,100.0,lace,6.65249055066517,6.652490550665169,6.65249055066517,1.0,2024
8929aeb45d7ffff,4.0,8.72,164618.9873394255,100.0,lace,1.4074066781807417,1.4074066781807417,1.4074066781807417,1.0,2024
8929aeb45dbffff,18.0,9.93,148000.0,100.0,lace,6.832729760114055,6.832729760114055,6.832729760114055,1.0,2024
8929aeb4603ffff,30.0,6.02,140455.0,100.0,lace,8.103651728334528,8.103651728334528,8.103651728334528,1.0,2024
8929aeb4607ffff,46.0,6.02,140455.0,100.0,lace,12.231842245039898,12.231842245039898,12.231842245039898,1.0,2024
8929aeb460bffff,55.0,6.02,140455.0,100.0,lace,14.739457662273958,14.739457662273958,14.739457662273958,1.0,2024
8929aeb460fffff,55.0,6.02,140455.0,100.0,lace,14.7845503116506,14.7845503116506,14.7845503116506,1.0,2024
8929aeb4613ffff,274.0,10.89,94753.39833273187,99.98,lace,84.10005104743837,84.0831032708685,84.10005104743837,1.0,2024
8929aeb4617ffff,102.0,11.95,96650.45512887869,100.0,lace,32.96820234887175,32.96820234887175,32.96820234887175,1.0,2024
8929aeb461bffff,98.0,6.99,109270.23164742273,99.94,lace,25.93931325871001,25.924264235699734,25.93931325871001,1.0,2024
8929aeb4623ffff,55.0,6.02,140455.0,100.0,lace,14.783170859483148,14.783170859483148,14.783170859483148,1.0,2024
8929aeb4627ffff,55.0,6.02,140455.0,100.0,lace,14.782481101621757,14.782481101621757,14.782481101621757,1.0,2024
8929aeb462bffff,55.0,6.02,140455.0,100.0,lace,14.783383182952305,14.783383182952305,14.783383182952305,1.0,2024
8929aeb462fffff,55.0,6.02,140455.0,100.0,lace,14.782693412839324,14.782693412839324,14.782693412839324,1.0,2024
8929aeb4633ffff,55.0,6.02,140455.0,100.0,lace,14.783100675110614,14.783100675110614,14.783100675110614,1.0,2024
8929aeb4637ffff,55.0,6.02,140455.0,100.0,lace,14.7829584576007,14.782958457600698,14.7829584576007,1.0,2024
8929aeb463bffff,55.0,6.02,140455.0,100.0,lace,14.78386059618331,14.78386059618331,14.78386059618331,1.0,2024
8929aeb4643ffff,130.0,11.34,140417.0,99.9,lace,29.57919752061401,29.549618323093394,29.57919752061401,1.0,2024
8929aeb4647ffff,129.0,10.69,140421.63578707463,99.91,lace,29.874450185642885,29.84877028526639,29.874450185642885,1.0,2024
8929aeb464bffff,155.0,11.34,140417.0,99.9,lace,35.32377089999434,35.288447129094344,35.32377089999434,1.0,2024
8929aeb464fffff,158.0,11.34,140417.0,99.9,lace,35.85099505075058,35.81514405569983,35.85099505075058,1.0,2024
8929aeb4653ffff,77.0,11.14,132849.7325959903,99.9,lace,18.801574418387908,18.782772843969525,18.801574418387908,1.0,2024
8929aeb4657ffff,63.0,10.86,140420.44041469874,99.91,lace,14.565548587121905,14.552509037655405,14.565548587121905,1.0,2024
8929aeb465bffff,11.0,11.34,140417.0,99.9,lace,2.548395267526917,2.54584687225939,2.548395267526917,1.0,2024
8929aeb4663ffff,55.0,6.02,140455.0,100.0,lace,14.78428518906732,14.78428518906732,14.78428518906732,1.0,2024
8929aeb4667ffff,55.0,6.02,140455.0,100.0,lace,14.78359542802563,14.783595428025627,14.78359542802563,1.0,2024
8929aeb466bffff,127.0,10.66,140421.87113312216,99.91,lace,29.627316566211654,29.602055636169872,29.627316566211654,1.0,2024
8929aeb466fffff,39.0,6.02,140446.12700116928,100.0,lace,10.382598981672318,10.382594633227152,10.382598981672318,1.0,2024
8929aeb4673ffff,55.0,6.02,140455.0,100.0,lace,14.78476265961088,14.78476265961088,14.78476265961088,1.0,2024
8929aeb4677ffff,55.0,6.02,140455.0,100.0,lace,14.784072931922857,14.784072931922857,14.784072931922857,1.0,2024
8929aeb467bffff,131.0,10.75,140421.25640273863,99.91,lace,30.278575228146536,30.252206736553298,30.278575228146536,1.0,2024
8929aeb4683ffff,340.0,11.27,100401.95427671986,100.0,lace,108.43596746483766,108.43596746483766,108.43596746483766,1.0,2024
8929aeb4687ffff,297.0,11.76,98017.06823567154,100.0,lace,95.2295895545662,95.2295895545662,95.2295895545662,1.0,2024
8929aeb468bffff,328.0,10.85,94236.06817251413,99.98,lace,100.47465027025557,100.45269816250897,100.47465027025557,1.0,2024
8929aeb468fffff,346.0,11.95,96650.0,100.0,lace,111.41661672113555,111.41661672113555,111.41661672113555,1.0,2024
8929aeb4693ffff,277.0,2.35,150234.0,100.0,lace,76.70540615521747,76.70540615521747,76.70540615521747,1.0,2024
8929aeb4697ffff,289.0,5.5,132681.1936361302,100.0,lace,84.48424864467393,84.48424864467393,84.48424864467393,1.0,2024
8929aeb469bffff,324.0,5.53,115840.02227526062,99.97,lace,90.50841390165262,90.47938627373956,90.50841390165262,1.0,2024
8929aeb46a3ffff,23.0,6.02,140455.0,100.0,lace,6.0295360021498565,6.0295360021498565,6.0295360021498565,1.0,2024
8929aeb46a7ffff,24.0,6.02,140455.0,100.0,lace,6.4730257894557655,6.4730257894557655,6.4730257894557655,1.0,2024
8929aeb46abffff,10.0,6.02,140455.0,100.0,lace,2.6387392466829875,2.6387392466829875,2.6387392466829875,1.0,2024
8929aeb46afffff,26.0,6.02,140455.0,100.0,lace,7.079551650088155,7.079551650088154,7.079551650088155,1.0,2024
8929aeb46b3ffff,55.0,6.02,140455.0,100.0,lace,14.784389781063746,14.784389781063746,14.784389781063746,1.0,2024
8929aeb46b7ffff,54.0,6.02,140455.0,100.0,lace,14.532010271635698,14.5320102716357,14.532010271635698,1.0,2024
8929aeb46bbffff,260.0,11.71,98404.75702405287,100.0,lace,83.23694226335847,83.23694226335847,83.23694226335847,1.0,2024
8929aeb46c3ffff,276.0,8.91,90611.58222745608,99.9,lace,72.6282879581505,72.55565967019236,72.6282879581505,1.0,2024
8929aeb46c7ffff,285.0,7.67,87254.0,99.9,lace,74.3475086103107,74.2731611017004,74.3475086103107,1.0,2024
8929aeb46cbffff,283.0,13.51,126666.82346577736,99.9,lace,75.32882269552441,75.2534938728289,75.32882269552441,1.0,2024
8929aeb46cfffff,199.0,13.03,105127.37192722096,99.9,lace,53.78670181288322,53.73315080710154,53.78670181288322,1.0,2024
8929aeb46d3ffff,285.0,7.66,87285.97086846108,99.9,lace,74.38504565554408,74.31066060988853,74.38504565554408,1.0,2024
8929aeb46d7ffff,285.0,7.67,87254.0,99.9,lace,74.34990691690486,74.27555700998796,74.34990691690486,1.0,2024
8929aeb46dbffff,245.0,14.88,112631.7889222831,99.9,lace,67.48582087932867,67.41833505844934,67.48582087932867,1.0,2024
8929aeb5403ffff,33.0,16.63,129107.00000000001,99.8,lace,13.008715187068608,12.98269775669447,13.008715187068608,1.0,2024
8929aeb5407ffff,33.0,16.63,129107.0,99.8,lace,13.008108679802326,12.982092462442722,13.008108679802326,1.0,2024
8929aeb540bffff,9.0,16.63,129107.0,99.8,lace,3.4932491092302205,3.48626261101176,3.4932491092302205,1.0,2024
8929aeb540fffff,19.0,16.63,129107.0,99.8,lace,7.523993533640756,7.508945546573475,7.523993533640756,1.0,2024
8929aeb5413ffff,29.0,16.63,129107.0,99.8,lace,11.720795805441933,11.69735421383105,11.720795805441933,1.0,2024
8929aeb5417ffff,33.0,16.63,129107.0,99.8,lace,13.008528690105548,12.982511632725336,13.008528690105548,1.0,2024
8929aeb541bffff,31.0,16.63,129107.0,99.8,lace,12.209807051167056,12.18538743706472,12.209807051167056,1.0,2024
8929aeb5423ffff,33.0,16.63,129107.0,99.8,lace,13.007082004917251,12.981067840907418,13.007082004917251,1.0,2024
8929aeb5427ffff,35.0,15.88,129253.93648946637,99.81,lace,13.403696809908556,13.378693546718461,13.403696809908556,1.0,2024
8929aeb542bffff,3.0,16.63,129107.0,99.8,lace,1.102242330823568,1.100037846161921,1.102242330823568,1.0,2024
8929aeb542fffff,10.0,16.63,129107.0,99.8,lace,4.033098214616772,4.025032018187538,4.033098214616772,1.0,2024
8929aeb5433ffff,33.0,16.63,129107.00000000001,99.8,lace,13.007502153769956,12.981487149462417,13.007502153769956,1.0,2024
8929aeb5437ffff,34.0,16.12,129207.60166010362,99.81,lace,13.273592070714264,13.24825618895219,13.273592070714264,1.0,2024
8929aeb543bffff,28.0,16.63,129107.0,99.8,lace,11.275308088885938,11.252757472708165,11.275308088885938,1.0,2024
8929aeb5457ffff,0.0,16.63,129107.0,99.8,lace,0.00794577406427016,0.007929882516141618,0.00794577406427016,1.0,2024
8929aeb548fffff,9.0,16.63,129108.19458944646,99.8,lace,3.6848887791903557,3.677519001631975,3.6848887791903557,1.0,2024
8929aeb54a3ffff,33.0,16.46,129139.35871223256,99.8,lace,13.091142332898427,13.065338871134827,13.091142332898427,1.0,2024
8929aeb54a7ffff,81.0,9.12,130588.73859408431,99.99,lace,22.316779401694532,22.314429124251426,22.316779401694532,1.0,2024
8929aeb54abffff,33.0,16.63,129107.0,99.8,lace,13.007922193581,12.981906349193839,13.007922193581,1.0,2024
8929aeb54afffff,34.0,16.31,129169.12674693929,99.81,lace,13.16940969597901,13.14380708758907,13.16940969597901,1.0,2024
8929aeb54b3ffff,6.0,16.64,129221.71056230973,99.8,lace,2.405409813861531,2.400598994233808,2.405409813861531,1.0,2024
8929aeb54b7ffff,56.0,9.28,130558.81053691504,99.98,lace,15.587710713554195,15.585210867488813,15.587710713554195,1.0,2024
8929aeb54bbffff,27.0,16.63,129116.87524680987,99.8,lace,10.59369975282648,10.572512353320827,10.59369975282648,1.0,2024
8929aeb54c7ffff,12.0,16.63,129106.99999999997,99.8,lace,4.836091480092026,4.826419297131842,4.836091480092026,1.0,2024
8929aeb54cfffff,1.0,16.63,129107.0,99.8,lace,0.325020417986124,0.3243703771501518,0.325020417986124,1.0,2024
8929aeb5503ffff,29.0,8.84,130645.0,100.0,lace,7.891619105613246,7.891619105613246,7.891619105613246,1.0,2024
8929aeb5513ffff,63.0,8.84,130645.0,100.0,lace,16.983264190137422,16.983264190137422,16.983264190137422,1.0,2024
8929aeb5517ffff,82.0,8.91,130914.35876314876,100.0,lace,22.077990233025247,22.077478320423978,22.077990233025247,1.0,2024
8929aeb551bffff,74.0,8.84,130644.99967186645,100.0,lace,19.977780746378166,19.97778074584849,19.977780746378166,1.0,2024
8929aeb5553ffff,63.0,8.99,130615.64589775862,99.99,lace,17.174019390272516,17.17306906617083,17.174019390272516,1.0,2024
8929aeb5557ffff,20.0,8.84,130644.1769152962,100.0,lace,5.411891847113952,5.411891487196284,5.411891847113952,1.0,2024
8929aeb555bffff,2.0,16.62,129058.3663129572,99.8,lace,0.9737468457785308,0.9717994365587682,0.9737468457785308,1.0,2024
8929aeb5583ffff,68.0,8.85,130693.11154873548,100.0,lace,18.48713299618574,18.487056734141998,18.48713299618574,1.0,2024
8929aeb5587ffff,140.0,11.32,140322.52923704204,99.9,lace,31.972073631849895,31.940470064001865,31.972073631849895,1.0,2024
8929aeb558bffff,14.0,8.84,130645.0,100.0,lace,3.7370814772760514,3.7370814772760514,3.7370814772760514,1.0,2024
8929aeb558fffff,10.0,9.11,131685.59203824884,99.99,lace,2.702017386488435,2.7017722514893663,2.702017386488435,1.0,2024
8929aeb5593ffff,27.0,8.84,130645.0,100.0,lace,7.44991575905019,7.44991575905019,7.44991575905019,1.0,2024
8929aeb5597ffff,85.0,11.0,139079.13369797176,99.92,lace,19.876838369819225,19.86012774489319,19.876838369819225,1.0,2024
8929aeb559bffff,80.0,8.84,130645.0,100.0,lace,21.674856409805567,21.674856409805567,21.674856409805567,1.0,2024
8929aeb55a3ffff,158.0,11.34,140417.0,99.9,lace,35.85035149521736,35.81450114372215,35.85035149521736,1.0,2024
8929aeb55a7ffff,92.0,11.34,140417.0,99.9,lace,21.021363625184822,21.00034226155964,21.021363625184822,1.0,2024
8929aeb55abffff,71.0,11.26,140098.48245517645,99.9,lace,16.17871460549884,16.16315880109681,16.17871460549884,1.0,2024
8929aeb55afffff,2.0,11.34,140416.91931543293,99.9,lace,0.45879922366504783,0.4583404244413828,0.45879922366504783,1.0,2024
8929aeb55b3ffff,158.0,11.34,140417.0,99.9,lace,35.85150958299408,35.81565807341109,35.85150958299408,1.0,2024
8929aeb55b7ffff,158.0,11.34,140417.0,99.9,lace,35.849837183068495,35.81398734588543,35.849837183068495,1.0,2024
8929aeb55bbffff,149.0,11.24,140027.25335455465,99.9,lace,34.07139409047587,34.03893337389931,34.07139409047587,1.0,2024
8929aeb55c3ffff,86.0,8.84,130645.0,100.0,lace,23.239568159247877,23.239568159247877,23.239568159247877,1.0,2024
8929aeb55c7ffff,56.0,8.84,130645.0,100.0,lace,15.09443819354091,15.09443819354091,15.09443819354091,1.0,2024
8929aeb55cbffff,83.0,9.0,130613.0140854554,99.99,lace,22.701296510104342,22.699927443221725,22.701296510104342,1.0,2024
8929aeb55cfffff,86.0,8.84,130645.0,100.0,lace,23.238817465938507,23.238817465938507,23.238817465938507,1.0,2024
8929aeb55d3ffff,86.0,8.84,130645.0,100.0,lace,23.24031865745884,23.24031865745884,23.24031865745884,1.0,2024
8929aeb55d7ffff,75.0,8.84,130645.0,100.0,lace,20.411240052002032,20.411240052002032,20.411240052002032,1.0,2024
8929aeb55dbffff,82.0,9.06,130601.83755993766,99.99,lace,22.52198802924983,22.52016127432539,22.52198802924983,1.0,2024
8929aeb60c3ffff,58.0,9.09,147500.0,99.9,lace,16.681510569085354,16.664829058516272,16.681510569085354,1.0,2024
8929aeb60c7ffff,13.0,9.68,150846.81935652316,99.93,lace,3.8450339988948627,3.842268511749805,3.8450339988948627,1.0,2024
8929aeb60d3ffff,64.0,9.09,147500.0,99.9,lace,18.582469014024234,18.563886545010213,18.582469014024234,1.0,2024
8929aeb60d7ffff,34.0,9.45,149543.72491904447,99.92,lace,9.988751397406963,9.980491090678159,9.988751397406963,1.0,2024
8929aeb60dbffff,1.0,9.09,147500.0,99.9,lace,0.23067215810358513,0.23044148594548156,0.23067215810358513,1.0,2024
8929aeb6223ffff,1.0,20.14,141708.0,100.0,lace,0.4593830136659856,0.4593830136659856,0.4593830136659856,1.0,2024
8929aeb6227ffff,19.0,20.14,141708.0,100.0,lace,6.998380055718509,6.998380055718509,6.998380055718509,1.0,2024
8929aeb622bffff,23.0,20.14,141708.0,100.0,lace,8.496942952870834,8.496942952870834,8.496942952870834,1.0,2024
8929aeb622fffff,61.0,20.14,141708.0,100.0,lace,22.67590170741493,22.675901707414926,22.67590170741493,1.0,2024
8929aeb6247ffff,16.0,6.31,175000.0,99.9,lace,4.260112015976258,4.2558519039602825,4.260112015976258,1.0,2024
8929aeb624bffff,75.0,7.4,104262.61047445182,99.9,lace,27.832196487015715,27.804364290528703,27.832196487015715,1.0,2024
8929aeb624fffff,125.0,6.99,121494.29602033026,99.9,lace,44.06294324398064,44.01888030073667,44.06294324398064,1.0,2024
8929aeb625bffff,16.0,8.31,118088.91220479399,99.9,lace,4.966685991145209,4.961719305154064,4.966685991145209,1.0,2024
8929aeb626bffff,25.0,7.23,151561.27699816605,99.93,lace,6.729350228259463,6.7245392787694795,6.729350228259463,1.0,2024
8929aeb626fffff,83.0,7.5,120343.0,100.0,lace,24.76991684020369,24.76991684020369,24.76991684020369,1.0,2024
8929aeb627bffff,8.0,6.76,139205.74145020178,99.9,lace,2.6982105950867528,2.695512384491666,2.6982105950867528,1.0,2024
8929aeb6283ffff,77.0,6.82,88317.0,99.9,lace,26.84607308811052,26.81922701502241,26.84607308811052,1.0,2024
8929aeb628bffff,158.0,6.84,88317.0,99.9,lace,55.02593332078798,54.970907387467186,55.02593332078798,1.0,2024
8929aeb6293ffff,5.0,6.82,88317.00016675987,99.9,lace,1.5720349625080692,1.5704629274755717,1.5720349625080692,1.0,2024
8929aeb629bffff,261.0,6.99,89266.99058305785,99.87,lace,90.60534826178133,90.49163120131023,90.60534826178133,1.0,2024
8929aeb62c3ffff,27.0,8.81,88317.0,99.9,lace,9.552698663181756,9.543145964518574,9.552698663181756,1.0,2024
8929aeb62d7ffff,270.0,6.83,88317.0,99.9,lace,94.081658263857,93.98757660559313,94.081658263857,1.0,2024
8929aeb6327ffff,1.0,6.94,189177.0,100.0,lace,0.17991977536464457,0.17991977536464457,0.17991977536464457,1.0,2024
8929aeb632bffff,1.0,6.94,189177.0,100.0,lace,0.248034495851081,0.248034495851081,0.248034495851081,1.0,2024
8929aeb632fffff,2.0,6.94,189177.0,100.0,lace,0.5517802480442018,0.5517802480442018,0.5517802480442018,1.0,2024
8929aeb634bffff,10.0,9.93,148000.0,100.0,lace,3.8919903009374677,3.8919903009374677,3.8919903009374677,1.0,2024
8929aeb635bffff,31.0,19.32,142213.60346092144,100.0,lace,11.48113883828049,11.48113883828049,11.48113883828049,1.0,2024
8929aeb6363ffff,2.0,8.48,167984.23879608646,100.0,lace,0.6410929079598386,0.6410929079598386,0.6410929079598386,1.0,2024
8929aeb6367ffff,2.0,6.94,189177.0,100.0,lace,0.5960478741903861,0.5960478741903861,0.5960478741903861,1.0,2024
8929aeb636bffff,18.0,9.93,148078.32488594073,100.0,lace,6.716432536343155,6.716432536343155,6.716432536343155,1.0,2024
8929aeb636fffff,3.0,8.17,172274.6205819305,100.0,lace,1.0109957520128923,1.0109957520128923,1.0109957520128923,1.0,2024
8929aeb637bffff,1.0,9.93,148000.0,100.0,lace,0.3620042957960957,0.36200429579609567,0.3620042957960957,1.0,2024
8929aeb6403ffff,38.0,7.15,131989.0,99.9,lace,11.407305821657264,11.395898515835606,11.407305821657264,1.0,2024
8929aeb640bffff,84.0,7.15,131989.0,99.9,lace,25.26869977808023,25.24343107830215,25.26869977808023,1.0,2024
8929aeb6413ffff,57.0,7.07,130565.3794533913,99.9,lace,17.230382024232167,17.213151642207936,17.230382024232167,1.0,2024
8929aeb6417ffff,0.0,20.41,142472.99865266428,100.0,lace,0.04699639874224247,0.046996398736092244,0.04699639874224247,1.0,2024
8929aeb641bffff,115.0,7.15,131989.0,99.9,lace,34.43426978262334,34.39983551284072,34.43426978262334,1.0,2024
8929aeb6443ffff,104.0,7.15,131989.0001994862,99.9,lace,31.02640606306624,30.995379657170087,31.02640606306624,1.0,2024
8929aeb6447ffff,48.0,7.15,131989.0,99.9,lace,14.238128050614002,14.223889922563387,14.238128050614002,1.0,2024
8929aeb644bffff,2.0,7.15,131989.00000865763,99.9,lace,0.554845372937877,0.5542905275649391,0.554845372937877,1.0,2024
8929aeb644fffff,0.0,9.09,147500.0,99.9,lace,0.06280234388422218,0.06273954154033796,0.06280234388422218,1.0,2024
8929aeb6453ffff,115.0,7.6,131712.0581610449,99.9,lace,34.72754168194068,34.69281414025874,34.72754168194068,1.0,2024
8929aeb6457ffff,115.0,7.15,131989.0,99.9,lace,34.43476994719242,34.40033517724523,34.43476994719242,1.0,2024
8929aeb645bffff,101.0,23.76,124236.26550758268,99.9,lace,35.40137790388842,35.36730738598304,35.40137790388842,1.0,2024
8929aeb646bffff,31.0,9.09,147500.0,99.9,lace,8.923241026213782,8.914317785187569,8.923241026213782,1.0,2024
8929aeb646fffff,28.0,9.19,148106.76951342047,99.91,lace,8.10021735116348,8.092537580261988,8.10021735116348,1.0,2024
8929aeb647bffff,6.0,9.09,147500.0,99.9,lace,1.6253404717152238,1.6237151312435085,1.6253404717152238,1.0,2024
8929aeb6483ffff,12.0,6.28,116812.0,99.9,lace,3.913105798508746,3.9091926927102376,3.913105798508746,1.0,2024
8929aeb6487ffff,12.0,6.28,116812.0,99.9,lace,3.9129235081123195,3.9090105846042076,3.9129235081123195,1.0,2024
8929aeb648bffff,12.0,6.28,116811.99999999999,99.9,lace,3.9131627024798363,3.909249539777357,3.9131627024798363,1.0,2024
8929aeb648fffff,17.0,6.57,121955.8310887278,99.9,lace,5.190205727384684,5.1850155216572995,5.190205727384684,1.0,2024
8929aeb6493ffff,12.0,6.28,116812.0,99.9,lace,3.8884943250997197,3.8846058307746203,3.8884943250997197,1.0,2024
8929aeb6497ffff,11.0,6.28,116812.00000000001,99.9,lace,3.399701671937387,3.3963019702654496,3.399701671937387,1.0,2024
8929aeb649bffff,12.0,6.28,116812.0,99.9,lace,3.9132880832673274,3.90937479518406,3.9132880832673274,1.0,2024
8929aeb64abffff,0.0,20.41,142473.0,100.0,lace,0.04611858085317879,0.04611858085317879,0.04611858085317879,1.0,2024
8929aeb64b3ffff,12.0,6.28,116812.0,99.9,lace,3.7407124120214923,3.7369716996094713,3.7407124120214923,1.0,2024
8929aeb64b7ffff,6.0,6.28,116812.91342953927,99.9,lace,1.8715017597520942,1.8696303188063874,1.8715017597520942,1.0,2024
8929aeb64bbffff,8.0,12.25,128207.76772050545,99.94,lace,2.551140944750269,2.549608072271094,2.551140944750269,1.0,2024
8929aeb64c3ffff,12.0,6.28,116811.99999999999,99.9,lace,3.91340187700541,3.9094884751284047,3.91340187700541,1.0,2024
8929aeb64c7ffff,30.0,6.86,126987.84264706084,99.9,lace,9.31302453221606,9.303711507683845,9.31302453221606,1.0,2024
8929aeb64cbffff,47.0,7.64,126663.60828424875,99.91,lace,14.240332277312694,14.227574227400408,14.240332277312694,1.0,2024
8929aeb64cfffff,97.0,7.13,131658.4329728918,99.9,lace,29.122413786167595,29.093291372381426,29.122413786167595,1.0,2024
8929aeb64d3ffff,12.0,6.28,116812.0,99.9,lace,3.9135272728844037,3.9096137456115194,3.9135272728844037,1.0,2024
8929aeb64d7ffff,12.0,6.28,116812.0,99.9,lace,3.9133449904916344,3.9094316455011433,3.9133449904916344,1.0,2024
8929aeb64dbffff,17.0,8.36,113458.36367822507,99.93,lace,5.4716168654347515,5.4678290377427885,5.4716168654347515,1.0,2024
8929aeb6603ffff,181.0,12.32,127222.0,99.3,lace,62.436574401742575,61.999518380930375,62.436574401742575,1.0,2024
8929aeb6607ffff,58.0,12.32,127225.15692278792,99.3,lace,19.842447626812838,19.703550493425148,19.842447626812838,1.0,2024
8929aeb660bffff,181.0,12.32,127222.0,99.3,lace,62.437478886676324,62.000416534469586,62.437478886676324,1.0,2024
8929aeb660fffff,181.0,12.32,127222.0,99.3,lace,62.434569700571934,61.997527712667925,62.434569700571934,1.0,2024
8929aeb6613ffff,13.0,17.06,134343.81900589034,99.4,lace,4.652282608477038,4.624550050433067,4.652282608477038,1.0,2024
8929aeb6617ffff,55.0,24.96,145605.8696007749,99.53,lace,20.849894242223094,20.751302750037,20.849894242223094,1.0,2024
8929aeb661bffff,123.0,12.93,128149.31184182876,99.31,lace,42.62171527444326,42.32932030437677,42.62171527444326,1.0,2024
8929aeb662bffff,37.0,10.46,108122.97881377964,99.3,lace,11.515394426994824,11.43478666600586,11.515394426994824,1.0,2024
8929aeb663bffff,52.0,11.86,122477.73293249687,99.3,lace,17.293554207720266,17.172499328266227,17.293554207720266,1.0,2024
8929aeb6643ffff,40.0,15.58,184042.0,100.0,lace,12.653282517051007,12.653282517051007,12.653282517051007,1.0,2024
8929aeb6647ffff,33.0,12.32,127222.0001157932,99.3,lace,11.37333290819528,11.293719577986716,11.37333290819528,1.0,2024
8929aeb664bffff,0.0,15.58,184042.0,100.0,lace,0.037310766231565054,0.037310766231565054,0.037310766231565054,1.0,2024
8929aeb6653ffff,122.0,14.71,171816.20485383298,100.0,lace,37.85354471007739,37.85354471007739,37.85354471007739,1.0,2024
8929aeb6657ffff,122.0,14.54,165994.31821299484,99.76,lace,39.51064122129927,39.417529442361776,39.51064122129927,1.0,2024
8929aeb665bffff,100.0,15.33,162236.8933794155,100.0,lace,33.19361050709516,33.19361050709515,33.19361050709516,1.0,2024
8929aeb6663ffff,164.0,10.46,108125.0,99.3,lace,50.517873805425296,50.16424868878732,50.517873805425296,1.0,2024
8929aeb6667ffff,127.0,10.46,108125.0,99.3,lace,39.1346903577901,38.86074752528557,39.1346903577901,1.0,2024
8929aeb666bffff,25.0,10.46,108125.0,99.3,lace,7.6419811375495845,7.588487269586738,7.6419811375495845,1.0,2024
8929aeb666fffff,134.0,9.37,102183.24555755491,99.5,lace,42.709188608741506,42.49405246754558,42.709188608741506,1.0,2024
8929aeb6673ffff,175.0,11.63,120142.26106060146,99.3,lace,57.73888429456848,57.334712104506494,57.73888429456848,1.0,2024
8929aeb6677ffff,166.0,10.66,110190.30877830715,99.3,lace,51.696148648548025,51.33427560800819,51.696148648548025,1.0,2024
8929aeb667bffff,32.0,10.49,108372.27788592319,99.3,lace,9.885499081911655,9.816300588338272,9.885499081911655,1.0,2024
8929aeb6687ffff,2.0,53.28,188738.0,100.0,lace,0.9399379135320572,0.9399379135320572,0.9399379135320572,1.0,2024
8929aeb668fffff,16.0,53.28,188738.0,100.0,lace,7.544666790257663,7.544666790257663,7.544666790257663,1.0,2024
8929aeb6693ffff,59.0,25.33,123649.68136657389,99.9,lace,21.198827415490417,21.178535193500327,21.198827415490417,1.0,2024
8929aeb6697ffff,18.0,28.85,131831.42553464562,99.92,lace,6.655482411732778,6.650103281059923,6.655482411732778,1.0,2024
8929aeb66a3ffff,48.0,33.36,157952.8804724899,99.54,lace,19.168120738776608,19.080369665148044,19.168120738776608,1.0,2024
8929aeb66a7ffff,29.0,9.09,147500.0,99.9,lace,8.254419581163784,8.24616516158262,8.254419581163784,1.0,2024
8929aeb66abffff,10.0,32.92,151014.33361114966,99.33,lace,3.9922943891278,3.965348662969801,3.9922943891278,1.0,2024
8929aeb66afffff,6.0,32.25,149787.0,99.3,lace,2.263805138120469,2.2479585021536255,2.263805138120469,1.0,2024
8929aeb66b3ffff,4.0,9.09,147500.76732924223,99.9,lace,1.200426446909605,1.1992260558955412,1.200426446909605,1.0,2024
8929aeb66b7ffff,71.0,9.09,147500.0,99.9,lace,20.401234642889452,20.380833408246566,20.401234642889452,1.0,2024
8929aeb66bbffff,27.0,53.26,188686.7486987951,100.0,lace,12.58962079475116,12.58951915561443,12.58962079475116,1.0,2024
8929aeb66c3ffff,129.0,12.53,141042.0,100.0,lace,38.63067373273294,38.63067373273294,38.63067373273294,1.0,2024
8929aeb66cbffff,153.0,12.53,141042.0,100.0,lace,46.04364654777508,46.043646547775076,46.04364654777508,1.0,2024
8929aeb66cfffff,122.0,12.97,146064.5478038873,99.98,lace,37.05556381074885,37.04924603769511,37.05556381074885,1.0,2024
8929aeb66d3ffff,111.0,31.31,119583.69327796262,99.95,lace,43.48305042907872,43.45987669182831,43.48305042907872,1.0,2024
8929aeb66d7ffff,0.0,12.53,141042.0,100.0,lace,0.024589865488546112,0.024589865488546116,0.024589865488546112,1.0,2024
8929aeb66dbffff,150.0,14.8,138443.44561083533,99.99,lace,46.654140531560316,46.65035468091559,46.654140531560316,1.0,2024
8929aeb6843ffff,1.0,6.94,189177.0,100.0,lace,0.18644767155259778,0.18644767155259778,0.18644767155259778,1.0,2024
8929aeb684bffff,2.0,6.94,189177.0,100.0,lace,0.6052081880059053,0.6052081880059053,0.6052081880059053,1.0,2024
8929aeb684fffff,1.0,6.94,189177.0,100.0,lace,0.36360050925988024,0.36360050925988024,0.36360050925988024,1.0,2024
8929aeb685bffff,1.0,6.94,189177.0,100.0,lace,0.25099722417338177,0.25099722417338177,0.25099722417338177,1.0,2024
8929aeb6a03ffff,2.0,6.94,189177.0,100.0,lace,0.6052148335519251,0.6052148335519251,0.6052148335519251,1.0,2024
8929aeb6a07ffff,2.0,6.94,189177.0,100.0,lace,0.6051865719960454,0.6051865719960454,0.6051865719960454,1.0,2024
8929aeb6a0bffff,2.0,7.24,185042.81711543154,100.0,lace,0.6734013118331789,0.6734013118331789,0.6734013118331789,1.0,2024
8929aeb6a0fffff,1.0,6.94,189160.7828237097,100.0,lace,0.4746520644950599,0.47465205547037387,0.4746520644950599,1.0,2024
8929aeb6a13ffff,2.0,6.94,189177.0,100.0,lace,0.6052343724966287,0.6052343724966287,0.6052343724966287,1.0,2024
8929aeb6a17ffff,2.0,6.94,189177.0,100.0,lace,0.605206112305218,0.605206112305218,0.605206112305218,1.0,2024
8929aeb6a1bffff,2.0,6.94,189177.0,100.0,lace,0.6052430942439601,0.6052430942439601,0.6052430942439601,1.0,2024
8929aeb6a33ffff,2.0,6.94,189153.29030475038,100.0,lace,0.5308177345403642,0.5308177197841919,0.5308177345403642,1.0,2024
8929aeb6a37ffff,1.0,6.94,189157.89968060653,100.0,lace,0.21938526771628258,0.21938526280338627,0.21938526771628258,1.0,2024
8929aeb6a3bffff,0.0,6.94,189097.88115560927,100.0,lace,0.15261504435329176,0.15261503019099493,0.15261504435329176,1.0,2024
8929aeb6a43ffff,18.0,9.93,148000.0,100.0,lace,6.829836524109475,6.829836524109476,6.829836524109475,1.0,2024
8929aeb6a47ffff,3.0,9.91,148326.15561273805,100.0,lace,1.0206387192273527,1.0206387183665615,1.0206387192273527,1.0,2024
8929aeb6a4bffff,10.0,9.93,147991.13413608892,100.0,lace,3.826779362250928,3.8267793110445436,3.826779362250928,1.0,2024
8929aeb6a4fffff,1.0,9.93,147980.74404584005,100.0,lace,0.4811976540005689,0.48119764001432713,0.4811976540005689,1.0,2024
8929aeb6a53ffff,13.0,9.78,150105.73877365352,100.0,lace,4.650607211294002,4.650607211294002,4.650607211294002,1.0,2024
8929aeb6a57ffff,5.0,9.06,159973.8114692353,100.0,lace,1.6329640438957145,1.6329640438957145,1.6329640438957145,1.0,2024
8929aeb6a5bffff,18.0,9.93,148000.0,100.0,lace,6.830155422949385,6.830155422949385,6.830155422949385,1.0,2024
8929aeb6a73ffff,0.0,8.56,166791.88958284297,100.0,lace,0.15476424291487814,0.15476423933635364,0.15476424291487814,1.0,2024
8929aeb6a83ffff,2.0,6.94,189177.0,100.0,lace,0.6052451776974294,0.6052451776974294,0.6052451776974294,1.0,2024
8929aeb6a87ffff,2.0,6.94,189177.0,100.0,lace,0.6052169193815579,0.6052169193815579,0.6052169193815579,1.0,2024
8929aeb6a8bffff,2.0,6.94,189177.0,100.0,lace,0.6052539063637171,0.6052539063637171,0.6052539063637171,1.0,2024
8929aeb6a8fffff,2.0,6.94,189177.0,100.0,lace,0.6052256475421358,0.6052256475421358,0.6052256475421358,1.0,2024
8929aeb6a93ffff,2.0,6.94,189177.0,100.0,lace,0.6052647027781343,0.6052647027781343,0.6052647027781343,1.0,2024
8929aeb6a97ffff,2.0,6.94,189177.0,100.0,lace,0.6052364458242618,0.6052364458242618,0.6052364458242618,1.0,2024
8929aeb6a9bffff,2.0,6.94,189177.0,100.0,lace,0.6052734351558848,0.6052734351558848,0.6052734351558848,1.0,2024
8929aeb6aa3ffff,2.0,6.94,189177.0,100.0,lace,0.605169127304824,0.605169127304824,0.605169127304824,1.0,2024
8929aeb6aa7ffff,1.0,6.94,189177.0,100.0,lace,0.32602050027940443,0.32602050027940443,0.32602050027940443,1.0,2024
8929aeb6aabffff,2.0,6.94,189177.0,100.0,lace,0.6051778512525581,0.6051778512525581,0.6051778512525581,1.0,2024
8929aeb6aafffff,2.0,6.94,189177.0,100.0,lace,0.6051495893402032,0.6051495893402032,0.6051495893402032,1.0,2024
8929aeb6ab3ffff,2.0,6.94,189177.0,100.0,lace,0.6051886601982505,0.6051886601982505,0.6051886601982505,1.0,2024
8929aeb6ab7ffff,1.0,6.94,189177.0,100.0,lace,0.3418351874277179,0.3418351874277179,0.3418351874277179,1.0,2024
8929aeb6abbffff,2.0,6.94,189177.0,100.0,lace,0.6051973878569735,0.6051973878569735,0.6051973878569735,1.0,2024
8929aeb6ac3ffff,2.0,6.94,189177.0,100.0,lace,0.605290890284371,0.605290890284371,0.605290890284371,1.0,2024
8929aeb6ac7ffff,2.0,6.94,189177.0,100.0,lace,0.6052626318207827,0.6052626318207827,0.6052626318207827,1.0,2024
8929aeb6acbffff,2.0,6.94,189172.5412847265,100.0,lace,0.6053670486005843,0.6053670486005843,0.6053670486005843,1.0,2024
8929aeb6acfffff,2.0,6.94,189177.0,100.0,lace,0.6052713540739859,0.6052713540739859,0.6052713540739859,1.0,2024
8929aeb6ad3ffff,2.0,6.94,189177.0,100.0,lace,0.6053104214234404,0.6053104214234404,0.6053104214234404,1.0,2024
8929aeb6ad7ffff,2.0,6.94,189177.0,100.0,lace,0.6052821643249121,0.6052821643249121,0.6052821643249121,1.0,2024
8929aeb6adbffff,2.0,6.94,189177.0,100.0,lace,0.6053191478820511,0.6053191478820511,0.6053191478820511,1.0,2024
8929aeb6bdbffff,1.0,6.94,189176.3951440001,100.0,lace,0.2967339194973625,0.2967339192869569,0.2967339194973625,1.0,2024
8929aeb6e0bffff,1.0,6.94,189177.0,100.0,lace,0.39465227364871514,0.3946522736487152,0.39465227364871514,1.0,2024
8929aeb6e1bffff,1.0,6.94,189177.0,100.0,lace,0.2976726388723727,0.2976726388723727,0.2976726388723727,1.0,2024
8929aeb6e23ffff,2.0,6.94,189177.0,100.0,lace,0.5235890089631474,0.5235890089631474,0.5235890089631474,1.0,2024
8929aeb6e27ffff,1.0,6.94,189177.0,100.0,lace,0.2694719622081792,0.2694719622081792,0.2694719622081792,1.0,2024
8929aeb6e2bffff,2.0,6.94,189177.0,100.0,lace,0.605284222778284,0.605284222778284,0.605284222778284,1.0,2024
8929aeb6e2fffff,2.0,6.94,189177.0,100.0,lace,0.6052559671899944,0.6052559671899944,0.6052559671899944,1.0,2024
8929aeb6e37ffff,0.0,6.94,189177.0,100.0,lace,0.07127015844456669,0.07127015844456669,0.07127015844456669,1.0,2024
8929aeb6e3bffff,1.0,6.94,189177.0,100.0,lace,0.20945638581694287,0.20945638581694287,0.20945638581694287,1.0,2024
8929aeb6e43ffff,2.0,6.94,189177.0,100.0,lace,0.6053972364678294,0.6053972364678294,0.6053972364678294,1.0,2024
8929aeb6e47ffff,2.0,6.94,189177.0,100.0,lace,0.6053689843443467,0.6053689843443467,0.6053689843443467,1.0,2024
8929aeb6e4bffff,2.0,6.94,189177.0,100.0,lace,0.6054059745733171,0.6054059745733171,0.6054059745733171,1.0,2024
8929aeb6e4fffff,2.0,6.94,189177.0,100.0,lace,0.6053777219459582,0.6053777219459582,0.6053777219459582,1.0,2024
8929aeb6e53ffff,2.0,6.94,189177.0,100.0,lace,0.5002442786290726,0.5002442786290726,0.5002442786290726,1.0,2024
8929aeb6e57ffff,2.0,6.94,189177.0,100.0,lace,0.6053884951512472,0.6053884951512472,0.6053884951512472,1.0,2024
8929aeb6e5bffff,2.0,6.94,189177.00000000003,100.0,lace,0.6054254877287956,0.6054254877287956,0.6054254877287956,1.0,2024
8929aeb6e63ffff,2.0,6.94,189177.0,100.0,lace,0.6053212140897049,0.6053212140897049,0.6053212140897049,1.0,2024
8929aeb6e67ffff,2.0,6.94,189177.0,100.0,lace,0.6052929588628434,0.6052929588628434,0.6052929588628434,1.0,2024
8929aeb6e6bffff,2.0,6.94,189177.0,100.0,lace,0.6053299474749075,0.6053299474749075,0.6053299474749075,1.0,2024
8929aeb6e6fffff,2.0,6.94,189177.0,100.0,lace,0.605301691746553,0.605301691746553,0.605301691746553,1.0,2024
8929aeb6e73ffff,1.0,6.94,189177.0,100.0,lace,0.47936185292375805,0.47936185292375805,0.47936185292375805,1.0,2024
8929aeb6e77ffff,2.0,6.94,189177.0,100.0,lace,0.5727472615857728,0.5727472615857728,0.5727472615857728,1.0,2024
8929aeb6e7bffff,2.0,6.94,189177.0,100.0,lace,0.6053494684544695,0.6053494684544695,0.6053494684544695,1.0,2024
8929aeb6ecfffff,0.0,6.94,189177.0,100.0,lace,0.11899622900181887,0.11899622900181887,0.11899622900181887,1.0,2024
8929aeb7003ffff,189.0,8.46,102639.86239884624,99.9,lace,58.806033752087174,58.74722771833509,58.806033752087174,1.0,2024
8929aeb7007ffff,157.0,13.79,105972.42252598223,99.92,lace,55.487383189011524,55.44079160923687,55.487383189011524,1.0,2024
8929aeb700bffff,189.0,5.05,114003.05596959365,99.9,lace,67.86996020406994,67.80435764874997,67.86996020406994,1.0,2024
8929aeb700fffff,110.0,15.77,131060.69709262652,99.98,lace,35.37879452517877,35.370439405971545,35.37879452517877,1.0,2024
8929aeb7013ffff,184.0,10.86,100523.91673329411,99.9,lace,62.23150362678934,62.16927212316256,62.23150362678934,1.0,2024
8929aeb7017ffff,179.0,13.54,98158.0,99.9,lace,65.85574731554442,65.78989156822888,65.85574731554442,1.0,2024
8929aeb701bffff,192.0,6.97,103105.0,99.9,lace,61.55669553501993,61.49513883948491,61.55669553501993,1.0,2024
8929aeb7023ffff,155.0,6.98,152709.42451264642,100.0,lace,55.67939458007111,55.67939458007111,55.67939458007111,1.0,2024
8929aeb7027ffff,189.0,3.74,156351.3071224776,100.0,lace,69.80313158999337,69.80313158999337,69.80313158999337,1.0,2024
8929aeb702bffff,97.0,18.36,139948.0,100.0,lace,31.53147769958339,31.53147769958339,31.53147769958339,1.0,2024
8929aeb702fffff,184.0,12.87,146555.96876151257,100.0,lace,57.70330428073221,57.70330428073221,57.70330428073221,1.0,2024
8929aeb7033ffff,171.0,11.66,136470.48123792306,99.95,lace,61.682042868165105,61.651083865112014,61.682042868165105,1.0,2024
8929aeb7037ffff,189.0,3.56,156542.0,100.0,lace,69.7743483072216,69.7743483072216,69.7743483072216,1.0,2024
8929aeb703bffff,97.0,18.36,139948.0,100.0,lace,31.532493058946027,31.53249305894603,31.532493058946027,1.0,2024
8929aeb7043ffff,180.0,4.5,173293.0,99.85,lace,64.38566960425,64.28978493657425,64.38566960425,1.0,2024
8929aeb7047ffff,207.0,5.51,105218.41967643352,99.92,lace,74.34112636776675,74.27883431474876,74.34112636776675,1.0,2024
8929aeb704bffff,147.0,5.39,173178.89012491022,99.7,lace,48.565621878048994,48.41992501241485,48.565621878048994,1.0,2024
8929aeb704fffff,254.0,10.54,109076.11180514382,99.89,lace,86.08090499539749,85.98944875007359,86.08090499539749,1.0,2024
8929aeb7053ffff,169.0,4.69,164526.45847965442,99.85,lace,61.28341037126188,61.1935243460989,61.28341037126188,1.0,2024
8929aeb7057ffff,196.0,4.19,,99.9,lace,72.0032614603371,71.93125819887676,72.0032614603371,1.0,2024
8929aeb705bffff,446.0,13.53,93166.83074963545,99.7,lace,232.0965671672021,231.4002774657005,232.0965671672021,1.0,2024
8929aeb7063ffff,194.0,13.07,113121.32041770521,100.0,lace,62.98898688804999,62.98898688804999,62.98898688804999,1.0,2024
8929aeb7067ffff,97.0,18.36,139948.0,100.0,lace,31.53193168292314,31.53193168292314,31.53193168292314,1.0,2024
8929aeb706bffff,365.0,10.61,100625.00000000001,100.0,lace,118.12194235001645,118.12194235001645,118.12194235001645,1.0,2024
8929aeb706fffff,288.0,11.36,104424.87499042101,100.0,lace,93.26882761729841,93.26882761729841,93.26882761729841,1.0,2024
8929aeb7073ffff,99.0,18.04,139393.2760785623,100.0,lace,32.17598585951441,32.175423434323285,32.17598585951441,1.0,2024
8929aeb7077ffff,97.0,18.36,139948.0,100.0,lace,31.532947235840247,31.532947235840247,31.532947235840247,1.0,2024
8929aeb707bffff,363.0,10.62,100720.18656702645,100.0,lace,117.34233263973152,117.34233263973154,117.34233263973152,1.0,2024
8929aeb7083ffff,179.0,13.54,98158.00000000001,99.9,lace,65.85998433090761,65.7941243465767,65.85998433090761,1.0,2024
8929aeb7087ffff,108.0,16.21,91015.05051871658,99.88,lace,40.13952203007619,40.08947119088083,40.13952203007619,1.0,2024
8929aeb708bffff,180.0,13.15,98503.82560786075,99.9,lace,65.34329545057854,65.27795215512796,65.34329545057854,1.0,2024
8929aeb708fffff,179.0,13.54,98158.0,99.9,lace,65.8578661002023,65.7920082341021,65.8578661002023,1.0,2024
8929aeb7093ffff,145.0,13.54,98158.0,99.9,lace,53.460691523615615,53.407230832092,53.460691523615615,1.0,2024
8929aeb7097ffff,115.0,16.34,90636.27320334832,99.87,lace,42.762037437722995,42.70819662252351,42.762037437722995,1.0,2024
8929aeb709bffff,179.0,13.4,98283.87083912449,99.9,lace,65.67512590579979,65.60945077989399,65.67512590579979,1.0,2024
8929aeb70a3ffff,207.0,25.62,95755.41575722612,99.8,lace,75.81521515877785,75.66358472846028,75.81521515877785,1.0,2024
8929aeb70abffff,245.0,21.96,96434.19911353412,99.83,lace,89.81539261186597,89.66310305050342,89.81539261186597,1.0,2024
8929aeb70afffff,195.0,21.65,106659.0953064182,99.84,lace,71.62595635390828,71.50870873181348,71.62595635390828,1.0,2024
8929aeb70b3ffff,101.0,25.6,94702.21136610862,99.8,lace,37.143169851571024,37.06888351186788,37.143169851571024,1.0,2024
8929aeb70bbffff,242.0,21.72,96477.3855861354,99.83,lace,88.77316732041746,88.62440189977556,88.77316732041746,1.0,2024
8929aeb70c3ffff,191.0,7.69,103105.00000000001,99.9,lace,58.9256610607522,58.86673539969145,58.9256610607522,1.0,2024
8929aeb70c7ffff,190.0,7.94,103104.99999999999,99.9,lace,58.03392088051755,57.97588695963704,58.03392088051755,1.0,2024
8929aeb70cbffff,126.0,4.25,95909.0,99.9,lace,46.28038319894553,46.23226829469722,46.28038319894553,1.0,2024
8929aeb70cfffff,195.0,5.19,103105.00000000001,99.9,lace,68.19150647586112,68.12331496938526,68.19150647586112,1.0,2024
8929aeb70d3ffff,190.0,7.94,103105.0,99.9,lace,58.0384910581009,57.9804525670428,58.0384910581009,1.0,2024
8929aeb70d7ffff,190.0,8.28,102806.01881182937,99.9,lace,58.53610626157704,58.47757015531546,58.53610626157704,1.0,2024
8929aeb70dbffff,124.0,7.3,102192.98572880185,99.88,lace,39.831262614441535,39.781482458695486,39.831262614441535,1.0,2024
8929aeb7103ffff,270.0,11.21,155532.50679440045,99.9,lace,85.36035405097434,85.27833449662764,85.36035405097434,1.0,2024
8929aeb7107ffff,379.0,10.26,183929.0,99.9,lace,110.23804874530946,110.12781069656415,110.23804874530946,1.0,2024
8929aeb710bffff,154.0,14.9,84871.0,99.9,lace,57.61819183333037,57.56057364149704,57.61819183333037,1.0,2024
8929aeb710fffff,287.0,11.28,162015.2546623434,99.9,lace,88.62461148374199,88.53598687225825,88.62461148374199,1.0,2024
8929aeb7113ffff,194.0,9.15,107186.41719029156,99.95,lace,73.54604170505337,73.50940994404357,73.54604170505337,1.0,2024
8929aeb7117ffff,235.0,8.58,137509.9599009411,99.9,lace,80.34934389043495,80.26899454654452,80.34934389043495,1.0,2024
8929aeb711bffff,189.0,12.21,104700.81911299186,99.97,lace,70.76967025893796,70.74812641987039,70.76967025893796,1.0,2024
8929aeb7123ffff,320.0,6.23,166630.92243969874,99.95,lace,90.28797042232135,90.24134371816176,90.28797042232135,1.0,2024
8929aeb7127ffff,277.0,2.35,150256.4352358994,100.0,lace,76.71445527132593,76.71436105707657,76.71445527132593,1.0,2024
8929aeb712bffff,277.0,2.35,150234.0,100.0,lace,76.70787892939535,76.70787892939535,76.70787892939535,1.0,2024
8929aeb712fffff,277.0,2.35,150234.0,100.0,lace,76.70430187949447,76.70430187949447,76.70430187949447,1.0,2024
8929aeb7133ffff,377.0,10.06,182816.4122894019,99.9,lace,108.59679642576083,108.48819962933507,108.59679642576083,1.0,2024
8929aeb7137ffff,346.0,7.16,167043.0102442184,99.9,lace,87.41665740318459,87.32963742202496,87.41665740318459,1.0,2024
8929aeb713bffff,371.0,9.82,182047.35733439418,99.91,lace,107.72238626588802,107.6204121217533,107.72238626588802,1.0,2024
8929aeb7143ffff,248.0,16.14,138368.77737082628,99.99,lace,70.76786854323726,70.76024085146574,70.76786854323726,1.0,2024
8929aeb7147ffff,155.0,14.9,84930.20080053639,99.9,lace,57.62809634013114,57.57051182876494,57.62809634013114,1.0,2024
8929aeb714bffff,262.0,16.25,143182.0,100.0,lace,72.77465356051805,72.77465356051805,72.77465356051805,1.0,2024
8929aeb714fffff,265.0,13.58,132607.96219778902,99.98,lace,73.84552525761345,73.82755200064203,73.84552525761345,1.0,2024
8929aeb7153ffff,220.0,10.79,145042.40531023723,100.0,lace,71.05485730923064,71.05232436593488,71.05485730923064,1.0,2024
8929aeb7157ffff,157.0,14.68,86946.69408826466,99.91,lace,58.604373230976854,58.549519190102245,58.604373230976854,1.0,2024
8929aeb715bffff,262.0,16.25,143182.0,100.0,lace,72.77699824592823,72.77699824592823,72.77699824592823,1.0,2024
8929aeb7163ffff,429.0,0.82,106005.0,99.9,lace,102.24354080090177,102.14129726010087,102.24354080090177,1.0,2024
8929aeb7167ffff,330.0,1.65,129985.26084359731,99.96,lace,85.71856274175833,85.68248221185166,85.71856274175833,1.0,2024
8929aeb716bffff,402.0,1.73,103529.38635010918,99.9,lace,97.05765827956492,96.96060062128537,97.05765827956492,1.0,2024
8929aeb716fffff,412.0,1.35,104545.49871570469,99.9,lace,99.10208160175205,99.0029795201503,99.10208160175205,1.0,2024
8929aeb7173ffff,197.0,10.12,92040.82249310373,99.9,lace,64.58658754648293,64.52200095893645,64.58658754648293,1.0,2024
8929aeb7177ffff,325.0,4.36,139034.70861359203,99.94,lace,88.25409820856441,88.19766387482758,88.25409820856441,1.0,2024
8929aeb717bffff,371.0,2.05,104154.26093634343,99.9,lace,92.86382392658413,92.77096010265755,92.86382392658413,1.0,2024
8929aeb7183ffff,199.0,8.0,103839.74373616152,99.9,lace,69.00366386309284,68.93466019922975,69.00366386309284,1.0,2024
8929aeb7187ffff,182.0,7.28,100908.5670041766,99.9,lace,69.05018717599374,68.98113698881775,69.05018717599374,1.0,2024
8929aeb718bffff,195.0,9.26,107563.0500175236,99.95,lace,73.8329509028818,73.7983717515115,73.8329509028818,1.0,2024
8929aeb718fffff,181.0,7.25,100784.00000000001,99.9,lace,69.05310652533217,68.98405341880684,69.05310652533217,1.0,2024
8929aeb7193ffff,219.0,8.71,106707.0,99.9,lace,68.94714146241603,68.87819432095361,68.94714146241603,1.0,2024
8929aeb7197ffff,216.0,8.71,106707.0,99.9,lace,67.74735807392481,67.6796107158509,67.74735807392481,1.0,2024
8929aeb719bffff,109.0,8.79,106890.44041625812,99.91,lace,34.91866354873829,34.88616010118819,34.91866354873829,1.0,2024
8929aeb71a3ffff,210.0,7.21,119856.38220497438,99.9,lace,72.21341984855344,72.14120642870489,72.21341984855344,1.0,2024
8929aeb71a7ffff,293.0,7.15,155696.03416213515,99.9,lace,80.1401105505451,80.05997043999456,80.1401105505451,1.0,2024
8929aeb71abffff,339.0,9.78,174373.28704993715,99.9,lace,101.01938794054493,100.9183685526044,101.01938794054493,1.0,2024
8929aeb71afffff,347.0,7.22,167310.0935272717,99.9,lace,87.71961508528688,87.63189547020158,87.71961508528688,1.0,2024
8929aeb71b3ffff,181.0,7.25,100784.0,99.9,lace,69.04889146439497,68.97984257293058,69.04889146439497,1.0,2024
8929aeb71b7ffff,164.0,7.25,100784.0,99.9,lace,62.4225838308082,62.3601612469774,62.4225838308082,1.0,2024
8929aeb71bbffff,181.0,7.25,100784.00000000001,99.9,lace,69.04988747465526,68.98083758718062,69.04988747465526,1.0,2024
8929aeb71c3ffff,209.0,10.9,114158.59729768883,100.0,lace,78.46876852821539,78.46876852821539,78.46876852821539,1.0,2024
8929aeb71c7ffff,209.0,11.02,113456.0,100.0,lace,78.62483844280197,78.62483844280197,78.62483844280197,1.0,2024
8929aeb71cbffff,190.0,4.25,152548.84971494126,100.0,lace,70.51898743316364,70.51898743316364,70.51898743316364,1.0,2024
8929aeb71cfffff,209.0,10.95,113858.97956269002,100.0,lace,78.53428912939812,78.53428912939812,78.53428912939812,1.0,2024
8929aeb71d3ffff,24.0,11.02,113456.00000000001,100.0,lace,9.128654251460857,9.128654251460857,9.128654251460857,1.0,2024
8929aeb71d7ffff,134.0,11.02,113457.15080429924,100.0,lace,50.45279201473292,50.45278904791298,50.45279201473292,1.0,2024
8929aeb71dbffff,139.0,4.24,152620.07334667185,100.0,lace,51.34302212615287,51.343022122467374,51.34302212615287,1.0,2024
8929aeb7207ffff,18.0,26.2,92301.0,99.7,lace,5.966494064610187,5.948594582416357,5.966494064610187,1.0,2024
8929aeb720bffff,104.0,29.5,126090.0,99.75,lace,40.93760358069076,40.834971599688494,40.93760358069076,1.0,2024
8929aeb720fffff,52.0,32.05,,99.7,lace,21.425995290851674,21.36171730497912,21.425995290851674,1.0,2024
8929aeb7213ffff,93.0,32.05,,99.7,lace,38.43738692258719,38.32207476181943,38.43738692258719,1.0,2024
8929aeb7217ffff,3.0,29.71,92301.0,99.7,lace,1.0584947117340142,1.0553192275988121,1.0584947117340142,1.0,2024
8929aeb721bffff,39.0,24.65,126090.0,99.86,lace,13.905989864659325,13.886007614425692,13.905989864659325,1.0,2024
8929aeb7233ffff,48.0,26.2,92301.0,99.7,lace,16.165351198251646,16.116855144656892,16.165351198251646,1.0,2024
8929aeb7243ffff,68.0,22.9,126090.0,99.9,lace,23.518290406383223,23.49477211597684,23.518290406383223,1.0,2024
8929aeb7247ffff,63.0,22.91,126089.99999994415,99.9,lace,21.97885446376339,21.95685083015207,21.97885446376339,1.0,2024
8929aeb7253ffff,176.0,22.9,126090.00000000001,99.9,lace,61.1215376172188,61.06041607960158,61.1215376172188,1.0,2024
8929aeb7257ffff,178.0,22.9,126090.0,99.9,lace,61.857995820870194,61.79613782504933,61.857995820870194,1.0,2024
8929aeb725bffff,59.0,22.9,126090.0,99.9,lace,20.520964940240574,20.500443975300335,20.520964940240574,1.0,2024
8929aeb7273ffff,14.0,31.61,126089.99999902265,99.71,lace,5.514868604172166,5.498783177524825,5.514868604172166,1.0,2024
8929aeb7283ffff,80.0,10.57,135036.16294595992,99.7,lace,28.65428637967779,28.56832352053876,28.65428637967779,1.0,2024
8929aeb7287ffff,229.0,20.21,115573.65207484245,99.7,lace,76.7277146049984,76.49753146118341,76.7277146049984,1.0,2024
8929aeb728bffff,151.0,29.58,95909.0,99.7,lace,61.35646638775394,61.17239698859068,61.35646638775394,1.0,2024
8929aeb728fffff,227.0,30.06,92301.0,99.7,lace,87.86141654727939,87.59783229763755,87.86141654727939,1.0,2024
8929aeb7293ffff,122.0,13.72,88210.24989725261,99.7,lace,63.758739562761576,63.567463344073296,63.758739562761576,1.0,2024
8929aeb7297ffff,277.0,11.05,117415.05278596889,99.7,lace,127.85489783706724,127.47133314355604,127.85489783706724,1.0,2024
8929aeb729bffff,36.0,7.06,95909.0,99.7,lace,13.132697530585265,13.09329943799351,13.132697530585265,1.0,2024
8929aeb72a3ffff,26.0,26.2,92301.0,99.7,lace,8.854197842822114,8.827635249293648,8.854197842822114,1.0,2024
8929aeb72a7ffff,285.0,11.22,100298.77912721776,99.99,lace,92.21667284814778,92.20536514939353,92.21667284814778,1.0,2024
8929aeb72abffff,73.0,26.2,92301.0,99.7,lace,24.56625481772608,24.492556053272903,24.56625481772608,1.0,2024
8929aeb72afffff,206.0,26.2,92301.00000000001,99.7,lace,69.71561719160677,69.50647034003195,69.71561719160677,1.0,2024
8929aeb72b3ffff,293.0,26.13,92567.97409673585,99.7,lace,99.09629372894202,98.7990048477552,99.09629372894202,1.0,2024
8929aeb72b7ffff,323.0,13.45,99108.19845748847,99.94,lace,105.37892406904744,105.31922499573912,105.37892406904744,1.0,2024
8929aeb72bbffff,173.0,26.2,92301.0,99.7,lace,58.3337594839043,58.158758205452585,58.3337594839043,1.0,2024
8929aeb72c3ffff,132.0,22.9,126082.76945065234,99.9,lace,45.73298759261783,45.687254605025224,45.73298759261783,1.0,2024
8929aeb72c7ffff,189.0,30.43,126090.0,99.73,lace,75.4368617628175,75.23384070726858,75.4368617628175,1.0,2024
8929aeb72cbffff,178.0,22.9,126090.0,99.9,lace,61.86287084716087,61.80100797631371,61.86287084716087,1.0,2024
8929aeb72cfffff,178.0,22.9,126090.0,99.9,lace,61.85998890908951,61.798128920180424,61.85998890908951,1.0,2024
8929aeb72d3ffff,1.0,8.06,87164.0,99.9,lace,0.44253255907388317,0.4420900265148093,0.44253255907388317,1.0,2024
8929aeb72d7ffff,58.0,18.54,98288.2409845658,99.71,lace,22.334290473895287,22.269088827122786,22.334290473895287,1.0,2024
8929aeb72dbffff,37.0,22.88,126036.6946186776,99.9,lace,12.729869710176613,12.717139840466437,12.729869710176613,1.0,2024
8929aeb7303ffff,129.0,7.77,106860.38799630369,100.0,lace,39.33374469085022,39.33374469085022,39.33374469085022,1.0,2024
8929aeb7307ffff,0.0,7.77,106860.99997815545,100.0,lace,0.003456512001976905,0.003456512001976905,0.003456512001976905,1.0,2024
8929aeb730bffff,30.0,7.77,106860.50142312402,100.0,lace,8.996777059164684,8.996777059164684,8.996777059164684,1.0,2024
8929aeb7313ffff,171.0,7.77,106861.00000000001,100.0,lace,52.156625992013524,52.156625992013524,52.156625992013524,1.0,2024
8929aeb7317ffff,138.0,7.77,106861.0,100.0,lace,42.15204811281236,42.152048112812366,42.15204811281236,1.0,2024
8929aeb731bffff,171.0,7.77,106860.99999999999,100.0,lace,52.15737575740326,52.15737575740326,52.15737575740326,1.0,2024
8929aeb7323ffff,281.0,9.2,125990.00000000001,99.9,lace,70.83195718239801,70.76112522521562,70.83195718239801,1.0,2024
8929aeb7327ffff,231.0,9.2,125990.0,99.9,lace,58.25043517813172,58.192184742953586,58.25043517813172,1.0,2024
8929aeb732fffff,21.0,9.2,125990.0,99.9,lace,5.356058156438695,5.350702098282256,5.356058156438695,1.0,2024
8929aeb7333ffff,273.0,9.2,125988.52214430441,99.9,lace,68.82694069502949,68.75811741109568,68.82694069502949,1.0,2024
8929aeb7337ffff,351.0,9.2,125990.00000000001,99.9,lace,88.52857973714241,88.44005115740526,88.52857973714241,1.0,2024
8929aeb7343ffff,13.0,7.77,106863.00408676015,100.0,lace,3.9582033504472265,3.9582033504399403,3.9582033504472265,1.0,2024
8929aeb7353ffff,141.0,7.77,106860.98753387979,100.0,lace,42.8233460695297,42.823345722768394,42.8233460695297,1.0,2024
8929aeb7357ffff,119.0,7.77,106861.59108578526,100.0,lace,36.24574552569505,36.24574552569505,36.24574552569505,1.0,2024
8929aeb7363ffff,33.0,8.84,130645.0,100.0,lace,8.9140559874572,8.9140559874572,8.9140559874572,1.0,2024
8929aeb736bffff,86.0,8.84,130645.0,100.0,lace,23.24106896077184,23.24106896077184,23.24106896077184,1.0,2024
8929aeb736fffff,67.0,8.84,130645.0,100.0,lace,18.16303342258659,18.16303342258659,18.16303342258659,1.0,2024
8929aeb737bffff,8.0,8.84,130645.0,100.0,lace,2.13403320556298,2.13403320556298,2.13403320556298,1.0,2024
8929aeb7383ffff,97.0,18.36,139948.0,100.0,lace,31.529446186139737,31.529446186139737,31.529446186139737,1.0,2024
8929aeb7387ffff,211.0,16.48,137068.46888873697,99.98,lace,60.124338837451305,60.114899775989414,60.124338837451305,1.0,2024
8929aeb738bffff,101.0,17.43,137034.75466870054,100.0,lace,32.599916457459344,32.599916457459344,32.599916457459344,1.0,2024
8929aeb738fffff,151.0,9.68,112831.6989912218,100.0,lace,46.38345115647071,46.38345115647071,46.38345115647071,1.0,2024
8929aeb7393ffff,97.0,18.36,139948.0,100.0,lace,31.53046207516584,31.530462075165836,31.53046207516584,1.0,2024
8929aeb7397ffff,209.0,16.57,142701.519247282,100.0,lace,59.56973508989576,59.56973508989576,59.56973508989576,1.0,2024
8929aeb739bffff,97.0,18.36,139948.0,100.0,lace,31.530915865522083,31.530915865522083,31.530915865522083,1.0,2024
8929aeb73a3ffff,236.0,14.98,107013.13730569536,99.9,lace,65.66411517650889,65.59845106133237,65.66411517650889,1.0,2024
8929aeb73a7ffff,276.0,8.9,90579.99320382073,99.9,lace,72.64968058874864,72.57703090815988,72.64968058874864,1.0,2024
8929aeb73abffff,169.0,20.22,126646.82537302673,99.91,lace,49.32107346196036,49.2746831183914,49.32107346196036,1.0,2024
8929aeb73afffff,264.0,15.15,126923.94770146122,99.9,lace,71.56890477005359,71.49733586528353,71.56890477005359,1.0,2024
8929aeb73b3ffff,271.0,12.87,121149.3733588714,99.96,lace,73.36678093265833,73.33898498888195,73.36678093265833,1.0,2024
8929aeb73b7ffff,363.0,4.07,106119.32512400488,99.91,lace,89.8745849960924,89.79612651426703,89.8745849960924,1.0,2024
8929aeb73bbffff,195.0,18.53,121208.54843957114,99.92,lace,57.72754753516179,57.683965422417614,57.72754753516179,1.0,2024
8929aeb73c3ffff,299.0,10.05,101837.84474049087,100.0,lace,95.7009875195675,95.7009875195675,95.7009875195675,1.0,2024
8929aeb73c7ffff,219.0,9.6,105389.87598264386,100.0,lace,68.89455572214544,68.89455572214544,68.89455572214544,1.0,2024
8929aeb73cbffff,137.0,7.77,106860.99173744599,100.0,lace,41.61622122382101,41.616221000466,41.61622122382101,1.0,2024
8929aeb73cfffff,171.0,7.77,106861.0,100.0,lace,52.15980717781575,52.15980717781574,52.15980717781575,1.0,2024
8929aeb73d3ffff,365.0,10.61,100625.00000000001,100.0,lace,118.11813676472865,118.11813676472865,118.11813676472865,1.0,2024
8929aeb73d7ffff,299.0,11.22,103751.49349008054,100.0,lace,96.875999194912,96.87599919491201,96.875999194912,1.0,2024
8929aeb73dbffff,293.0,11.65,100227.56103792303,99.98,lace,94.81575508633895,94.79403425563535,94.81575508633895,1.0,2024
8929aeb7403ffff,72.0,9.52,81506.0,99.8,lace,20.723765965376412,20.68231843344566,20.723765965376412,1.0,2024
8929aeb7407ffff,9.0,9.52,81506.0,99.8,lace,2.4497348206451988,2.4448353510039085,2.4497348206451988,1.0,2024
8929aeb740bffff,74.0,9.52,81506.0,99.8,lace,21.245885723430845,21.203393951983983,21.245885723430845,1.0,2024
8929aeb740fffff,63.0,9.52,81506.0,99.8,lace,18.124466689590086,18.088217756210906,18.124466689590086,1.0,2024
8929aeb7413ffff,103.0,10.59,89547.23619255624,99.8,lace,34.21253889962169,34.144113821822444,34.21253889962169,1.0,2024
8929aeb7417ffff,63.0,9.52,81506.0,99.8,lace,18.202002825282133,18.16559881963157,18.202002825282133,1.0,2024
8929aeb741bffff,74.0,9.52,81506.0,99.8,lace,21.246568105689757,21.20407496947838,21.246568105689757,1.0,2024
8929aeb742bffff,2.0,9.52,81506.0,99.8,lace,0.700715395757082,0.6993139649655677,0.700715395757082,1.0,2024
8929aeb742fffff,22.0,15.99,91575.3737126665,99.88,lace,8.072484559004884,8.062579394771975,8.072484559004884,1.0,2024
8929aeb7433ffff,17.0,9.52,81506.0,99.8,lace,4.774080700032674,4.764532538632609,4.774080700032674,1.0,2024
8929aeb743bffff,52.0,9.52,81506.0,99.8,lace,14.958197247371203,14.92828085287646,14.958197247371203,1.0,2024
8929aeb7443ffff,21.0,8.88,83994.2385836538,99.85,lace,6.700767221029613,6.690760998423185,6.700767221029613,1.0,2024
8929aeb7447ffff,74.0,9.52,81506.0,99.8,lace,21.246192587955157,21.203700202779245,21.246192587955157,1.0,2024
8929aeb744bffff,9.0,8.06,87164.0,99.9,lace,3.531996401353762,3.5284644049524085,3.531996401353762,1.0,2024
8929aeb744fffff,33.0,9.21,82695.43610686994,99.83,lace,10.08501796572538,10.067453156609808,10.08501796572538,1.0,2024
8929aeb7453ffff,36.0,9.25,82544.35478938615,99.82,lace,10.765527028466927,10.746442680686785,10.765527028466927,1.0,2024
8929aeb7457ffff,74.0,9.52,81506.0,99.8,lace,21.24687510057597,21.204381350374817,21.24687510057597,1.0,2024
8929aeb745bffff,10.0,8.06,87164.0,99.9,lace,3.807916518068514,3.8041086015504457,3.807916518068514,1.0,2024
8929aeb7463ffff,70.0,9.52,81506.0,99.8,lace,20.090945516954573,20.050763625920663,20.090945516954573,1.0,2024
8929aeb7467ffff,57.0,13.06,96190.19540618909,99.89,lace,20.56045285477557,20.537937726929997,20.56045285477557,1.0,2024
8929aeb746bffff,120.0,8.52,95120.4609375554,99.86,lace,35.92620004212,35.87750567592172,35.92620004212,1.0,2024
8929aeb746fffff,178.0,8.36,101905.0677220049,99.9,lace,54.93880509611482,54.88178597388004,54.93880509611482,1.0,2024
8929aeb7473ffff,74.0,9.52,81506.0,99.8,lace,21.245203162183838,21.20271275585947,21.245203162183838,1.0,2024
8929aeb7477ffff,43.0,9.52,81506.0,99.8,lace,12.292376563895143,12.267791810767353,12.292376563895143,1.0,2024
8929aeb747bffff,74.0,9.52,81506.0,99.8,lace,21.245509896426327,21.20301887663347,21.245509896426327,1.0,2024
8929aeb7483ffff,142.0,35.63,100975.72091255763,99.8,lace,58.43804990175149,58.32117380194799,58.43804990175149,1.0,2024
8929aeb7487ffff,141.0,36.03,100977.0,99.8,lace,58.095918997062235,57.979727159068105,58.095918997062235,1.0,2024
8929aeb748bffff,229.0,12.95,100902.17545521545,99.8,lace,90.07865296146466,89.89849565554172,90.07865296146466,1.0,2024
8929aeb748fffff,127.0,32.47,98527.67225987499,99.8,lace,50.316487002741525,50.21585402873605,50.316487002741525,1.0,2024
8929aeb7493ffff,141.0,36.02,100971.20590706308,99.8,lace,58.02546054830086,57.90940962720426,58.02546054830086,1.0,2024
8929aeb7497ffff,141.0,36.03,100977.0,99.8,lace,58.097783403078445,57.98158783627228,58.097783403078445,1.0,2024
8929aeb749bffff,221.0,14.31,100906.5892602237,99.8,lace,87.13136549175964,86.95710276077611,87.13136549175964,1.0,2024
8929aeb74a3ffff,18.0,11.11,81961.0,99.5,lace,6.464500741757604,6.432178238048817,6.464500741757604,1.0,2024
8929aeb74abffff,11.0,9.52,81506.05979030441,99.8,lace,3.271150690384107,3.26460674490829,3.271150690384107,1.0,2024
8929aeb74b3ffff,205.0,15.13,109863.27210577465,99.95,lace,62.14709568244799,62.11420742542764,62.14709568244799,1.0,2024
8929aeb74b7ffff,102.0,12.0,110545.22929166457,99.97,lace,29.572717044946934,29.562418000366982,29.572717044946934,1.0,2024
8929aeb74bbffff,98.0,17.89,89480.7392003445,99.73,lace,33.67880641016018,33.58844824679969,33.67880641016018,1.0,2024
8929aeb74c3ffff,239.0,11.36,100897.00000000001,99.8,lace,93.83126293487672,93.64360040900696,93.83126293487672,1.0,2024
8929aeb74c7ffff,191.0,11.15,98740.42474018023,99.8,lace,72.95868890384264,72.81277152603495,72.95868890384264,1.0,2024
8929aeb74cbffff,87.0,10.87,97152.63300894001,99.81,lace,32.85125743053236,32.78772495590864,32.85125743053236,1.0,2024
8929aeb74cfffff,90.0,9.98,86395.98178275333,99.8,lace,28.11837950100282,28.062142742000812,28.11837950100282,1.0,2024
8929aeb74d3ffff,207.0,15.82,100839.18714415305,99.8,lace,81.89025686218494,81.72647634846057,81.89025686218494,1.0,2024
8929aeb74d7ffff,239.0,11.36,100897.0,99.8,lace,93.82990610846018,93.64224629624324,93.82990610846018,1.0,2024
8929aeb74dbffff,104.0,19.75,100276.28187778722,99.8,lace,41.28380668612325,41.202615877184876,41.28380668612325,1.0,2024
8929aeb7523ffff,51.0,6.43,171774.2983420095,99.9,lace,14.205438949590775,14.191233510641185,14.205438949590775,1.0,2024
8929aeb7527ffff,8.0,6.31,175000.0,99.9,lace,2.0940395040313002,2.091945464527269,2.0940395040313002,1.0,2024
8929aeb752bffff,130.0,8.28,118785.00955878937,99.9,lace,39.836160025051676,39.79632386502663,39.836160025051676,1.0,2024
8929aeb752fffff,194.0,8.51,112424.3783851858,99.9,lace,60.255201184952995,60.19494598376805,60.255201184952995,1.0,2024
8929aeb753bffff,24.0,6.31,174999.99999999997,99.9,lace,6.67100361593976,6.664332612323821,6.67100361593976,1.0,2024
8929aeb7543ffff,54.0,24.68,68226.0,99.8,lace,20.544065839402467,20.502977707723662,20.544065839402467,1.0,2024
8929aeb7547ffff,2.0,24.68,68226.0,99.8,lace,0.7237469779665354,0.7222994840106023,0.7237469779665354,1.0,2024
8929aeb754bffff,47.0,24.68,68226.0,99.8,lace,17.97852457554612,17.942567526395027,17.97852457554612,1.0,2024
8929aeb7553ffff,5.0,24.67,68242.14601053794,99.8,lace,1.9981457537335108,1.9941436578155989,1.9981457537335108,1.0,2024
8929aeb7557ffff,3.0,24.68,68227.2074679594,99.8,lace,1.3397272934801496,1.3370475478936945,1.3397272934801496,1.0,2024
8929aeb755bffff,40.0,24.68,68228.14877855813,99.8,lace,15.162240323065557,15.131909981585983,15.162240323065557,1.0,2024
8929aeb7567ffff,84.0,8.71,106707.0,99.9,lace,26.323510635332823,26.297187124697494,26.323510635332823,1.0,2024
8929aeb7577ffff,3.0,6.31,174999.99999986784,99.9,lace,0.7581412530403705,0.7573831117873302,0.7581412530403705,1.0,2024
8929aeb7583ffff,94.0,14.7,106538.0,100.0,lace,35.316938204179586,35.316938204179586,35.316938204179586,1.0,2024
8929aeb7587ffff,0.0,14.7,106538.0,100.0,lace,0.11018069376603479,0.11018069376603477,0.11018069376603479,1.0,2024
8929aeb758bffff,27.0,12.13,88954.55134729855,99.64,lace,9.975951509728853,9.94052938252011,9.975951509728853,1.0,2024
8929aeb7593ffff,114.0,14.7,106538.00000000001,100.0,lace,42.70119404188563,42.70119404188563,42.70119404188563,1.0,2024
8929aeb7597ffff,35.0,14.7,106538.0,100.0,lace,13.108956771310275,13.108956771310275,13.108956771310275,1.0,2024
8929aeb759bffff,110.0,12.11,88789.65151059901,99.64,lace,40.45714255257166,40.31211678637759,40.45714255257166,1.0,2024
8929aeb75d7ffff,48.0,11.11,81961.0,99.5,lace,17.41543951599088,17.328362318410925,17.41543951599088,1.0,2024
8929aeb7613ffff,5.0,8.06,87171.09425790697,99.9,lace,1.7683569761887765,1.7665857925507,1.7683569761887765,1.0,2024
8929aeb7617ffff,4.0,8.06,87164.0,99.9,lace,1.404536791604253,1.4031322548126488,1.404536791604253,1.0,2024
8929aeb761bffff,0.0,8.06,87180.64219157047,99.9,lace,0.12639495217564076,0.126268083260707,0.12639495217564076,1.0,2024
8929aeb7623ffff,2.0,7.06,95909.0,99.7,lace,0.9241718564163977,0.9213993408471485,0.9241718564163977,1.0,2024
8929aeb7627ffff,100.0,14.31,85515.05886602626,99.7,lace,54.09465375306957,53.93236979181036,54.09465375306957,1.0,2024
8929aeb762bffff,29.0,13.04,87074.82784993883,99.7,lace,14.696541792444968,14.652452167067633,14.696541792444968,1.0,2024
8929aeb762fffff,458.0,14.29,85238.25323889563,99.7,lace,246.607113493561,245.86729215308034,246.607113493561,1.0,2024
8929aeb7637ffff,8.0,7.06,95909.0,99.7,lace,2.9587168378449222,2.949840687331388,2.9587168378449222,1.0,2024
8929aeb764fffff,5.0,8.06,87164.0,99.9,lace,1.8520469846899648,1.850194937705275,1.8520469846899648,1.0,2024
8929aeb766bffff,7.0,8.06,87164.00000000001,99.9,lace,2.595675660921484,2.593079985260563,2.595675660921484,1.0,2024
8929aeb766fffff,10.0,7.07,95839.90546070298,99.7,lace,3.594135554583245,3.5834107894151295,3.594135554583245,1.0,2024
8929aeb767bffff,0.0,8.06,87164.0,99.9,lace,0.13736185360273154,0.13722449174912882,0.13736185360273154,1.0,2024
8929aeb7687ffff,3.0,8.06,87164.0,99.9,lace,1.056804092924424,1.0557472888314996,1.056804092924424,1.0,2024
8929aeb768fffff,5.0,8.06,87164.0,99.9,lace,1.8027285992866466,1.80092587068736,1.8027285992866466,1.0,2024
8929aeb7697ffff,0.0,8.06,87164.0,99.9,lace,0.17426464512906864,0.1740903804839396,0.17426464512906864,1.0,2024
8929aeb76a3ffff,12.0,7.5,92061.02860821213,99.79,lace,4.287879011859236,4.278820425365952,4.287879011859236,1.0,2024
8929aeb76a7ffff,119.0,7.86,102164.39162217111,99.88,lace,37.13973152996761,37.093347868345084,37.13973152996761,1.0,2024
8929aeb76abffff,3.0,7.06,95909.0,99.7,lace,1.10459275874464,1.1012789804684062,1.10459275874464,1.0,2024
8929aeb76b3ffff,9.0,8.06,87164.0,99.9,lace,3.5297808539953266,3.526251073141332,3.5297808539953266,1.0,2024
8929aeb76b7ffff,46.0,9.37,82098.56464842055,99.81,lace,13.543155246592175,13.517866831828503,13.543155246592175,1.0,2024
8929aeb76bbffff,10.0,8.06,87200.77910137502,99.9,lace,3.8328038229136743,3.8289392549959302,3.8328038229136743,1.0,2024
8929aeb76c3ffff,1.0,8.06,87164.0,99.9,lace,0.41023878170169237,0.40982854291999066,0.41023878170169237,1.0,2024
8929aeb76cbffff,9.0,8.06,87164.0,99.9,lace,3.394146264400483,3.390752118136083,3.394146264400483,1.0,2024
8929aeb76cfffff,0.0,8.06,87164.0,99.9,lace,0.05357586223262463,0.05352228637039201,0.05357586223262463,1.0,2024
8929aeb76d3ffff,2.0,8.06,87164.0,99.9,lace,0.9143156271166953,0.9134013114895787,0.9143156271166953,1.0,2024
8929aeb76d7ffff,0.0,8.06,87164.0,99.9,lace,0.1005639000182382,0.10046333611821996,0.1005639000182382,1.0,2024
8929aeb76dbffff,11.0,8.06,87164.0,99.9,lace,3.9699925009556467,3.9660225084546914,3.9699925009556467,1.0,2024
8929aeb8403ffff,1.0,42.47,46932.0,98.9,lace,0.24817591878831882,0.2454459836816473,0.24817591878831882,1.0,2024
8929aeb8407ffff,1.0,42.47,46932.0,98.9,lace,0.2257211608840261,0.22323822811430183,0.2257211608840261,1.0,2024
8929aeb840bffff,1.0,42.47,46932.0,98.9,lace,0.24817942904948834,0.24544945532994397,0.24817942904948834,1.0,2024
8929aeb840fffff,1.0,42.47,46932.0,98.9,lace,0.17989164262767143,0.17791283455876705,0.17989164262767143,1.0,2024
8929aeb8413ffff,1.0,42.47,46932.0,98.9,lace,0.24818394098460447,0.24545391763377386,0.24818394098460447,1.0,2024
8929aeb8417ffff,1.0,42.47,46932.0,98.9,lace,0.24817240720594194,0.24544251072667658,0.24817240720594194,1.0,2024
8929aeb841bffff,1.0,42.47,46932.0,98.9,lace,0.24818745276760157,0.24545739078715798,0.24818745276760157,1.0,2024
8929aeb8423ffff,0.0,42.47,46932.0,98.9,lace,0.15212876331823152,0.150455346921731,0.15212876331823152,1.0,2024
8929aeb8427ffff,1.0,42.47,46932.0,98.9,lace,0.2481332886902617,0.24540382251466883,0.2481332886902617,1.0,2024
8929aeb842fffff,0.0,42.47,46932.0,98.9,lace,0.1434597024064481,0.14188164567997716,0.1434597024064481,1.0,2024
8929aeb8433ffff,1.0,42.47,46932.0,98.9,lace,0.2431014191298453,0.240427303519417,0.2431014191298453,1.0,2024
8929aeb8437ffff,1.0,42.47,46932.0,98.9,lace,0.2481413146650285,0.24541176020371322,0.2481413146650285,1.0,2024
8929aeb843bffff,0.0,42.47,46932.0,98.9,lace,0.0165127057556905,0.016331065992377904,0.0165127057556905,1.0,2024
8929aeb8443ffff,1.0,42.47,46932.0,98.9,lace,0.2481944723685205,0.24546433317246677,0.2481944723685205,1.0,2024
8929aeb8447ffff,1.0,42.47,46932.0,98.9,lace,0.24818293798794178,0.24545292567007443,0.24818293798794178,1.0,2024
8929aeb844bffff,1.0,42.47,46932.0,98.9,lace,0.24819798018885497,0.2454678024067776,0.24819798018885497,1.0,2024
8929aeb844fffff,1.0,42.47,46932.0,98.9,lace,0.24818644560675107,0.24545639470507685,0.24818644560675107,1.0,2024
8929aeb8453ffff,1.0,42.47,46932.0,98.9,lace,0.24820249704498587,0.24547226957749102,0.24820249704498587,1.0,2024
8929aeb8457ffff,1.0,42.47,46932.0,98.9,lace,0.24819096322883272,0.24546086263331557,0.24819096322883272,1.0,2024
8929aeb845bffff,1.0,42.47,46932.0,98.9,lace,0.2482060063864161,0.2454757403161655,0.2482060063864161,1.0,2024
8929aeb8463ffff,0.0,42.47,46932.0,98.9,lace,0.002427840597630506,0.0024011343510565706,0.002427840597630506,1.0,2024
8929aeb8473ffff,1.0,42.47,46932.0,98.9,lace,0.23245515236768902,0.22989814569164443,0.23245515236768902,1.0,2024
8929aeb8477ffff,0.0,42.47,46932.0,98.9,lace,0.00557946370043974,0.0055180895997349036,0.00557946370043974,1.0,2024
8929aeb847bffff,1.0,42.47,46932.0,98.9,lace,0.1993573665644976,0.19716443553228813,0.1993573665644976,1.0,2024
8929aeb8483ffff,1.0,42.47,46932.0,98.9,lace,0.24818844646734786,0.24545837355620706,0.24818844646734786,1.0,2024
8929aeb8487ffff,1.0,42.47,46932.0,98.9,lace,0.24817691345336806,0.24544696740538105,0.24817691345336806,1.0,2024
8929aeb848bffff,1.0,42.47,46932.0,98.9,lace,0.24663758185637852,0.2439245684559584,0.24663758185637852,1.0,2024
8929aeb848fffff,1.0,42.47,46932.0,98.9,lace,0.24818042787837483,0.24545044317171272,0.24818042787837483,1.0,2024
8929aeb8493ffff,1.0,42.47,46932.0,98.9,lace,0.24819646296605663,0.24546630187343002,0.24819646296605663,1.0,2024
8929aeb8497ffff,1.0,42.47,46932.0,98.9,lace,0.24818493051782797,0.24545489628213185,0.24818493051782797,1.0,2024
8929aeb849bffff,1.0,42.47,46932.0,98.9,lace,0.24549547153314136,0.2427950213462768,0.24549547153314136,1.0,2024
8929aeb84a3ffff,1.0,42.47,46932.0,98.9,lace,0.24815736035941016,0.24542762939545668,0.24815736035941016,1.0,2024
8929aeb84a7ffff,1.0,42.47,46932.0,98.9,lace,0.24814582605350785,0.24541622196691928,0.24814582605350785,1.0,2024
8929aeb84abffff,1.0,42.47,46932.0,98.9,lace,0.2481608730628902,0.2454311034591984,0.2481608730628902,1.0,2024
8929aeb84afffff,1.0,42.47,46932.0,98.9,lace,0.2481493385543016,0.2454196958302043,0.2481493385543016,1.0,2024
8929aeb84b3ffff,1.0,42.47,46932.0,98.9,lace,0.24816538007522823,0.24543556089440074,0.24816538007522823,1.0,2024
8929aeb84b7ffff,1.0,42.47,46932.0,98.9,lace,0.24815384633474077,0.24542415402505863,0.24815384633474077,1.0,2024
8929aeb84bbffff,1.0,42.47,46932.0,98.9,lace,0.2481688943013537,0.2454390364640388,0.2481688943013537,1.0,2024
8929aeb84c7ffff,0.0,42.47,46932.0,98.9,lace,0.058903874513265946,0.05825593189362002,0.058903874513265946,1.0,2024
8929aeb84cbffff,0.0,42.47,46932.0,98.9,lace,0.054307176075861885,0.053709797139027404,0.054307176075861885,1.0,2024
8929aeb84cfffff,1.0,42.47,46932.0,98.9,lace,0.1853099372958295,0.1832715279855754,0.1853099372958295,1.0,2024
8929aeb84d7ffff,0.0,42.47,46932.0,98.9,lace,0.02489085978612137,0.02461706032847404,0.02489085978612137,1.0,2024
8929aeb850bffff,0.0,42.47,46932.0,98.9,lace,1.0359721434336341e-07,1.0245764498558642e-07,1.0359721434336341e-07,1.0,2024
8929aeb851bffff,0.0,42.47,46932.0,98.9,lace,0.040174422166024695,0.039732503522198426,0.040174422166024695,1.0,2024
8929aeb8553ffff,1.0,42.47,46932.0,98.9,lace,0.24360701160325937,0.24092733447562353,0.24360701160325937,1.0,2024
8929aeb8557ffff,0.0,42.47,46932.0,98.9,lace,0.1272848361748604,0.12588470297693694,0.1272848361748604,1.0,2024
8929aeb855bffff,0.0,42.47,46932.0,98.9,lace,0.10263985813207786,0.10151081969262502,0.10263985813207786,1.0,2024
8929aeb85c3ffff,1.0,42.47,46932.0,98.9,lace,0.248126268449397,0.24539687949645367,0.248126268449397,1.0,2024
8929aeb85c7ffff,0.0,42.47,46932.0,98.9,lace,0.04699866338896827,0.04648167809168962,0.04699866338896827,1.0,2024
8929aeb85cbffff,1.0,42.47,46932.0,98.9,lace,0.24812977923059734,0.2454003516590608,0.24812977923059734,1.0,2024
8929aeb85cfffff,1.0,42.47,46932.0,98.9,lace,0.2481182434319141,0.24538894275416306,0.2481182434319141,1.0,2024
8929aeb85d3ffff,1.0,42.47,46932.0,98.9,lace,0.24813429138194715,0.24540481417674573,0.24813429138194715,1.0,2024
8929aeb85d7ffff,0.0,42.47,46932.0,98.9,lace,0.05383930608134618,0.05324707371445138,0.05383930608134618,1.0,2024
8929aeb85dbffff,1.0,42.47,46932.0,98.9,lace,0.24813780368416843,0.24540828784364258,0.24813780368416843,1.0,2024
8929aeb8617ffff,0.0,42.47,46932.0,98.9,lace,0.02550930473353165,0.0252287023814628,0.02550930473353165,1.0,2024
8929aeb8683ffff,0.0,42.47,46932.0,98.9,lace,0.09500853091194549,0.0939634370719141,0.09500853091194549,1.0,2024
8929aeb8687ffff,1.0,42.47,46932.0,98.9,lace,0.24820148668159528,0.24547127032809776,0.24820148668159528,1.0,2024
8929aeb868fffff,0.0,42.47,46932.0,98.9,lace,0.044507502548234434,0.04401792002020386,0.044507502548234434,1.0,2024
8929aeb8693ffff,1.0,42.47,46932.0,98.9,lace,0.248221048254494,0.24549061672369457,0.248221048254494,1.0,2024
8929aeb8697ffff,1.0,42.47,46932.0,98.9,lace,0.24820951440270705,0.24547920974427728,0.24820951440270705,1.0,2024
8929aeb869bffff,1.0,42.47,46932.0,98.9,lace,0.19184320347599906,0.18973292823776308,0.19184320347599906,1.0,2024
8929aeb86a3ffff,0.0,42.47,46932.0,98.9,lace,0.010648820543289826,0.01053168351731364,0.010648820543289826,1.0,2024
8929aeb86abffff,0.0,42.47,46932.0,98.9,lace,0.006405747525688959,0.006335284302906381,0.006405747525688959,1.0,2024
8929aeb86b3ffff,1.0,42.47,46932.0,98.9,lace,0.24730249450920105,0.24458216706959984,0.24730249450920105,1.0,2024
8929aeb86b7ffff,0.0,42.47,46932.0,98.9,lace,0.10500477479799628,0.10384972227521833,0.10500477479799628,1.0,2024
8929aeb86bbffff,1.0,42.47,46932.0,98.9,lace,0.24527696426921067,0.24257891766224937,0.24527696426921067,1.0,2024
8929aeb86d3ffff,0.0,42.47,46931.99999999999,98.9,lace,0.1624939223678296,0.1607064892217835,0.1624939223678296,1.0,2024
8929aeb86d7ffff,0.0,42.47,46932.0,98.9,lace,0.03480634386988832,0.03442347408731955,0.03480634386988832,1.0,2024
8929aeb86dbffff,0.0,42.47,46932.0,98.9,lace,0.012506298161251646,0.01236872888147788,0.012506298161251646,1.0,2024
8929aeba003ffff,18.0,31.46,141103.0,98.9,lace,7.270936381166466,7.190956080973636,7.270936381166466,1.0,2024
8929aeba007ffff,18.0,31.46,141103.0,98.9,lace,7.2705986537285625,7.190622068537549,7.2705986537285625,1.0,2024
8929aeba00bffff,18.0,31.46,141103.0,98.9,lace,7.271039793143193,7.191058355418618,7.271039793143193,1.0,2024
8929aeba00fffff,18.0,31.46,141103.0,98.9,lace,7.270702059815544,7.190724337157572,7.270702059815544,1.0,2024
8929aeba013ffff,18.0,31.46,141103.0,98.9,lace,7.271170641313505,7.191187764259057,7.271170641313505,1.0,2024
8929aeba017ffff,18.0,31.46,141103.0,98.9,lace,7.270832930470782,7.190853768235604,7.270832930470782,1.0,2024
8929aeba01bffff,18.0,31.46,141103.0,98.9,lace,7.271274097915267,7.1912900828382,7.271274097915267,1.0,2024
8929aeba023ffff,18.0,31.46,141103.0,98.9,lace,7.27002656100242,7.190056268831394,7.27002656100242,1.0,2024
8929aeba027ffff,18.0,31.46,141103.0,98.9,lace,7.269688795558186,7.189722218807046,7.269688795558186,1.0,2024
8929aeba02bffff,18.0,31.46,141103.0,98.9,lace,7.2701299165729685,7.190158487490667,7.2701299165729685,1.0,2024
8929aeba02fffff,18.0,31.46,141103.0,98.9,lace,7.269792145243141,7.189824431645467,7.269792145243141,1.0,2024
8929aeba033ffff,18.0,31.46,141103.0,98.9,lace,7.270260915588674,7.190288045517199,7.270260915588674,1.0,2024
8929aeba037ffff,18.0,31.46,141103.0,98.9,lace,7.269923166783483,7.189954011948865,7.269923166783483,1.0,2024
8929aeba03bffff,18.0,31.46,141103.0,98.9,lace,7.270364315738526,7.190390308265403,7.270364315738526,1.0,2024
8929aeba043ffff,0.0,40.34,65161.56787351978,98.9,lace,0.10624872977586025,0.10507999374832579,0.10624872977586025,1.0,2024
8929aeba047ffff,16.0,31.52,140656.30784310665,98.9,lace,6.477936055978684,6.406678759362919,6.477936055978684,1.0,2024
8929aeba04bffff,1.0,42.47,46932.0,98.9,lace,0.2290245355364729,0.22650526564557172,0.2290245355364729,1.0,2024
8929aeba04fffff,1.0,40.85,60772.08600749969,98.9,lace,0.29399258724159055,0.29075866878193307,0.29399258724159055,1.0,2024
8929aeba053ffff,0.0,31.46,141103.0,98.9,lace,0.00649865759417266,0.006427172360636762,0.00649865759417266,1.0,2024
8929aeba057ffff,16.0,31.46,141103.0,98.9,lace,6.298777736114176,6.229491181016921,6.298777736114176,1.0,2024
8929aeba063ffff,18.0,31.46,141103.0,98.9,lace,7.27057100004768,7.190594719047157,7.27057100004768,1.0,2024
8929aeba067ffff,18.0,31.46,141103.0,98.9,lace,7.270233233425936,7.190260667858251,7.270233233425936,1.0,2024
8929aeba06bffff,17.0,31.51,140738.70150827302,98.9,lace,6.620764062963052,6.547935658270459,6.620764062963052,1.0,2024
8929aeba06fffff,18.0,31.46,141103.0,98.9,lace,7.270336511660752,7.190362810032484,7.270336511660752,1.0,2024
8929aeba073ffff,18.0,31.46,141103.0,98.9,lace,7.27080542723848,7.190826567538858,7.27080542723848,1.0,2024
8929aeba077ffff,18.0,31.46,141103.0,98.9,lace,7.270467677256775,7.190492532806951,7.270467677256775,1.0,2024
8929aeba07bffff,17.0,31.51,140696.24246637264,98.9,lace,6.552680092983808,6.480600611960986,6.552680092983808,1.0,2024
8929aeba083ffff,18.0,31.46,141103.0,98.9,lace,7.271301300249805,7.191316985947058,7.271301300249805,1.0,2024
8929aeba087ffff,18.0,31.46,141103.0,98.9,lace,7.270963611993689,7.190983012261759,7.270963611993689,1.0,2024
8929aeba08bffff,18.0,31.46,141103.0,98.9,lace,7.271404840137555,7.191419386896042,7.271404840137555,1.0,2024
8929aeba08fffff,18.0,31.46,141103.0,98.9,lace,7.271067145941402,7.191085407336046,7.271067145941402,1.0,2024
8929aeba093ffff,12.0,31.46,141103.0,98.9,lace,4.897420040771147,4.843548420322665,4.897420040771147,1.0,2024
8929aeba097ffff,18.0,31.46,141103.0,98.9,lace,7.271197721603923,7.191214546666281,7.271197721603923,1.0,2024
8929aeba09bffff,18.0,31.46,141103.0,98.9,lace,7.2716389778143755,7.191650949058418,7.2716389778143755,1.0,2024
8929aeba0a3ffff,4.0,31.46,141103.0,98.9,lace,1.4508743084081852,1.4349146910156951,1.4508743084081852,1.0,2024
8929aeba0abffff,18.0,31.46,141103.0,98.9,lace,7.270495208898926,7.1905197616010375,7.270495208898926,1.0,2024
8929aeba0afffff,5.0,31.46,141103.0,98.9,lace,1.9120352101293814,1.8910028228179585,1.9120352101293814,1.0,2024
8929aeba0b3ffff,4.0,31.46,141103.0,98.9,lace,1.6872576572016307,1.6686978229724128,1.6872576572016307,1.0,2024
8929aeba0bbffff,18.0,31.46,141103.0,98.9,lace,7.270729441055651,7.19075141720404,7.270729441055651,1.0,2024
8929aeba0c3ffff,15.0,31.46,141103.0,98.9,lace,6.007805803021528,5.9417199391882916,6.007805803021528,1.0,2024
8929aeba0c7ffff,18.0,31.46,141103.0,98.9,lace,7.2715083413853705,7.191521749630132,7.2715083413853705,1.0,2024
8929aeba0cbffff,0.0,31.46,141103.0,98.9,lace,0.0001258007822985254,0.00012441697369324162,0.0001258007822985254,1.0,2024
8929aeba0cfffff,16.0,31.46,141103.0,98.9,lace,6.15763638503679,6.089902384801386,6.15763638503679,1.0,2024
8929aeba0d3ffff,15.0,31.46,141103.0,98.9,lace,5.855570466512257,5.791159191380623,5.855570466512257,1.0,2024
8929aeba0d7ffff,18.0,31.46,141103.0,98.9,lace,7.271742523647863,7.191753355887737,7.271742523647863,1.0,2024
8929aeba103ffff,88.0,66.14,94728.89682588083,98.91,lace,47.4664889285589,46.94806851739425,47.4664889285589,1.0,2024
8929aeba107ffff,4.0,7.77,116186.00375292673,99.74,lace,1.1447764664551778,1.141828507384707,1.1447764664551778,1.0,2024
8929aeba10bffff,133.0,62.25,104852.78097248866,98.9,lace,69.00023932088283,68.24123668835313,69.00023932088283,1.0,2024
8929aeba10fffff,80.0,21.99,179425.80323039368,98.92,lace,26.79029532212762,26.5009854380336,26.79029532212762,1.0,2024
8929aeba117ffff,10.0,5.28,128828.0,99.4,lace,2.7627903395821773,2.746213597544685,2.7627903395821773,1.0,2024
8929aeba11bffff,44.0,68.53,92288.86221596911,98.9,lace,24.254560194801435,23.987760032658624,24.254560194801435,1.0,2024
8929aeba123ffff,11.0,9.57,107039.0,100.0,lace,2.785514833534063,2.785514833534063,2.785514833534063,1.0,2024
8929aeba127ffff,11.0,9.57,107039.0,100.0,lace,2.7853853477542785,2.785385347754278,2.7853853477542785,1.0,2024
8929aeba12bffff,11.0,9.57,107039.0,100.0,lace,2.7855544312764042,2.7855544312764042,2.7855544312764042,1.0,2024
8929aeba12fffff,11.0,9.57,107039.0,100.0,lace,2.785424943273657,2.7854249432736564,2.785424943273657,1.0,2024
8929aeba133ffff,7.0,9.57,107039.00000000001,100.0,lace,1.777295530584054,1.777295530584054,1.777295530584054,1.0,2024
8929aeba137ffff,11.0,9.57,107039.0,100.0,lace,2.785475220929734,2.785475220929734,2.785475220929734,1.0,2024
8929aeba13bffff,11.0,9.72,107999.31379810533,99.98,lace,2.8273943710057248,2.8268903750412018,2.8273943710057248,1.0,2024
8929aeba143ffff,143.0,69.48,91048.0,98.9,lace,79.10091427115512,78.23080421417242,79.10091427115512,1.0,2024
8929aeba147ffff,122.0,53.13,122272.8856442364,98.9,lace,58.15739269025341,57.51766137066063,58.15739269025341,1.0,2024
8929aeba14bffff,124.0,68.6,92200.02668919427,98.9,lace,67.93918180799771,67.19185080810975,67.93918180799771,1.0,2024
8929aeba14fffff,111.0,42.03,143464.75893246848,98.9,lace,47.17155235237167,46.65266527649558,47.17155235237167,1.0,2024
8929aeba153ffff,64.0,63.42,99027.75264371365,98.9,lace,33.734406345578286,33.363327875776925,33.734406345578286,1.0,2024
8929aeba157ffff,130.0,69.26,91335.00286887008,98.9,lace,71.60498294617484,70.81732813376692,71.60498294617484,1.0,2024
8929aeba15bffff,117.0,68.23,92684.85304789637,98.9,lace,64.09908257749275,63.39399266914034,64.09908257749275,1.0,2024
8929aeba163ffff,95.0,21.49,182697.0,98.9,lace,31.37741436002155,31.032262802061314,31.37741436002155,1.0,2024
8929aeba167ffff,51.0,20.22,174627.26479362193,98.99,lace,16.663164236592653,16.495476190477085,16.663164236592653,1.0,2024
8929aeba16bffff,95.0,21.49,182697.0,98.9,lace,31.377860067289394,31.032703606549212,31.377860067289394,1.0,2024
8929aeba16fffff,39.0,21.72,181240.6537966847,98.9,lace,12.852029317559191,12.710656995066039,12.852029317559191,1.0,2024
8929aeba173ffff,95.0,21.49,182697.0,98.9,lace,31.378426901716985,31.0332642057981,31.378426901716985,1.0,2024
8929aeba177ffff,76.0,21.12,180325.1015745108,98.93,lace,25.043985775861234,24.775289265309492,25.043985775861234,1.0,2024
8929aeba17bffff,95.0,21.49,182697.00000000003,98.9,lace,31.378872801284707,31.03370520047058,31.378872801284707,1.0,2024
8929aeba183ffff,5.0,5.28,128828.0,99.4,lace,1.397823798515511,1.389436855724418,1.397823798515511,1.0,2024
8929aeba187ffff,1.0,5.28,128828.0,99.4,lace,0.17762334808163266,0.17655760799314288,0.17762334808163266,1.0,2024
8929aeba18fffff,3.0,5.28,128828.00000000001,99.4,lace,0.9268025915262761,0.9212417759771185,0.9268025915262761,1.0,2024
8929aeba193ffff,9.0,5.28,128828.0,99.4,lace,2.4560901125816024,2.441353571906113,2.4560901125816024,1.0,2024
8929aeba197ffff,12.0,5.28,128828.0,99.4,lace,3.2345508769648057,3.2151435717030172,3.2345508769648057,1.0,2024
8929aeba1a3ffff,5.0,8.24,113776.5405990991,99.81,lace,1.1885707206940184,1.1863065775291104,1.1885707206940184,1.0,2024
8929aeba1a7ffff,11.0,9.57,107039.0,100.0,lace,2.7855254261372706,2.7855254261372706,2.7855254261372706,1.0,2024
8929aeba1abffff,3.0,5.59,127210.68361277616,99.44,lace,0.7297298990879852,0.7256651324970476,0.7297298990879852,1.0,2024
8929aeba1afffff,10.0,9.57,107039.0,100.0,lace,2.597654611896324,2.5976546118963246,2.597654611896324,1.0,2024
8929aeba1b3ffff,3.0,5.28,128828.00000000001,99.4,lace,0.8470282691660007,0.8419460995510047,0.8470282691660007,1.0,2024
8929aeba1b7ffff,12.0,6.83,120955.58139570942,99.61,lace,3.0604497028701605,3.0485594851960567,3.0604497028701605,1.0,2024
8929aeba1bbffff,5.0,5.28,128828.0,99.4,lace,1.2570520366640956,1.2495097244441111,1.2570520366640956,1.0,2024
8929aeba1cbffff,15.0,31.46,141103.0,98.9,lace,5.926709157537079,5.861515356804172,5.926709157537079,1.0,2024
8929aeba1dbffff,10.0,31.46,141103.0,98.9,lace,3.772363884932938,3.730867882198676,3.772363884932938,1.0,2024
8929aeba203ffff,1.0,42.47,46932.0,98.9,lace,0.23864922051950174,0.23602407909378723,0.23864922051950174,1.0,2024
8929aeba207ffff,1.0,42.47,46932.0,98.9,lace,0.24822049993298892,0.24549007443372606,0.24822049993298892,1.0,2024
8929aeba20bffff,0.0,42.47,46932.0,98.9,lace,0.01213894422062753,0.012005415834200627,0.01213894422062753,1.0,2024
8929aeba20fffff,1.0,42.47,46932.0,98.9,lace,0.24038345692759056,0.23773923890138707,0.24038345692759056,1.0,2024
8929aeba213ffff,1.0,42.47,46932.0,98.9,lace,0.23660186179218562,0.23399924131247157,0.23660186179218562,1.0,2024
8929aeba217ffff,1.0,42.47,46932.0,98.9,lace,0.24822850807757588,0.24549799448872256,0.24822850807757588,1.0,2024
8929aeba21bffff,0.0,42.47,46931.99999999999,98.9,lace,0.010158133107193018,0.010046393643013896,0.010158133107193018,1.0,2024
8929aeba223ffff,1.0,42.47,46932.0,98.9,lace,0.2482009583840488,0.24547074784182427,0.2482009583840488,1.0,2024
8929aeba227ffff,1.0,42.47,46932.0,98.9,lace,0.24818942670240582,0.2454593430086794,0.24818942670240582,1.0,2024
8929aeba22bffff,1.0,42.47,46932.0,98.9,lace,0.24820447737656934,0.2454742281254271,0.24820447737656934,1.0,2024
8929aeba22fffff,1.0,42.47,46932.0,98.9,lace,0.24819294549557006,0.2454628230951188,0.24819294549557006,1.0,2024
8929aeba233ffff,1.0,42.47,46932.0,98.9,lace,0.24820896918464125,0.2454786705236102,0.24820896918464125,1.0,2024
8929aeba237ffff,1.0,42.47,46932.0,98.9,lace,0.24819743806804734,0.24546726624929882,0.24819743806804734,1.0,2024
8929aeba23bffff,1.0,42.47,46932.0,98.9,lace,0.24821248969917725,0.2454821523124863,0.24821248969917725,1.0,2024
8929aeba263ffff,0.0,42.47,46932.0,98.9,lace,0.017637047798235213,0.017443040272454625,0.017637047798235213,1.0,2024
8929aeba267ffff,1.0,42.47,46932.0,98.9,lace,0.2440332575677944,0.24134889173454865,0.2440332575677944,1.0,2024
8929aeba26fffff,0.0,42.47,46932.0,98.9,lace,0.02107113725979108,0.02083935474993338,0.02107113725979108,1.0,2024
8929aeba273ffff,0.0,42.47,46932.0,98.9,lace,0.014596346337944406,0.014435786528227018,0.014596346337944406,1.0,2024
8929aeba277ffff,1.0,42.47,46932.0,98.9,lace,0.24233828699894483,0.23967256584195645,0.24233828699894483,1.0,2024
8929aeba283ffff,1.0,42.47,46932.0,98.9,lace,0.23864391717234615,0.23601883408345034,0.23864391717234615,1.0,2024
8929aeba287ffff,1.0,42.47,46932.0,98.9,lace,0.24823298905006308,0.2455024261705124,0.24823298905006308,1.0,2024
8929aeba28bffff,1.0,42.47,46932.0,98.9,lace,0.23400988924083094,0.23143578045918184,0.23400988924083094,1.0,2024
8929aeba28fffff,1.0,42.47,46932.0,98.9,lace,0.24823651413272713,0.24550591247726714,0.24823651413272713,1.0,2024
8929aeba297ffff,0.0,42.47,46932.0,98.9,lace,0.09877816901766323,0.09769160915846894,0.09877816901766323,1.0,2024
8929aeba29bffff,0.0,42.47,46932.0,98.9,lace,0.10685220649058363,0.10567683221918722,0.10685220649058363,1.0,2024
8929aeba2a3ffff,1.0,42.47,46932.0,98.9,lace,0.24821345453478194,0.24548310653489935,0.24821345453478194,1.0,2024
8929aeba2a7ffff,1.0,39.72,70458.01586451585,98.9,lace,0.3361396641944134,0.3324421278882749,0.3361396641944134,1.0,2024
8929aeba2abffff,1.0,42.47,46932.0,98.9,lace,0.2482169778958947,0.24548659113903987,0.2482169778958947,1.0,2024
8929aeba2afffff,1.0,42.47,46932.0,98.9,lace,0.2482054473478793,0.24547518742705265,0.2482054473478793,1.0,2024
8929aeba2b3ffff,1.0,42.47,46932.0,98.9,lace,0.2482214596353103,0.24549102357932193,0.2482214596353103,1.0,2024
8929aeba2b7ffff,1.0,40.3,65518.09873024141,98.9,lace,0.3133578402084411,0.30991090396614823,0.3133578402084411,1.0,2024
8929aeba2bbffff,1.0,42.47,46932.0,98.9,lace,0.2482249845174958,0.24549450968780337,0.2482249845174958,1.0,2024
8929aeba2c7ffff,0.0,42.47,46932.0,98.9,lace,0.00808720820178323,0.007998248911563614,0.00808720820178323,1.0,2024
8929aeba2d7ffff,0.0,42.47,46932.0,98.9,lace,0.00614237645007416,0.006074810309123344,0.00614237645007416,1.0,2024
8929aeba303ffff,1.0,42.47,46932.0,98.9,lace,0.2481513099640223,0.2454216455544181,0.2481513099640223,1.0,2024
8929aeba307ffff,1.0,42.47,46932.0,98.9,lace,0.24813977702471915,0.24541023947744725,0.24813977702471915,1.0,2024
8929aeba30bffff,1.0,42.47,46932.0,98.9,lace,0.24815482947308687,0.24542512634888294,0.24815482947308687,1.0,2024
8929aeba30fffff,1.0,42.47,46932.0,98.9,lace,0.2481432963331267,0.24541372007346232,0.2481432963331267,1.0,2024
8929aeba313ffff,4.0,33.18,126433.4680667996,98.9,lace,1.4492761308739028,1.43333409343429,1.4492761308739028,1.0,2024
8929aeba317ffff,1.0,42.47,46932.0,98.9,lace,0.2481477891314482,0.24541816345100226,0.2481477891314482,1.0,2024
8929aeba31bffff,1.0,42.47,46932.0,98.9,lace,0.24816284253640689,0.24543305126850645,0.24816284253640689,1.0,2024
8929aeba323ffff,1.0,42.47,46932.0,98.9,lace,0.24797303846409546,0.24524533504099044,0.24797303846409546,1.0,2024
8929aeba327ffff,0.0,42.47,46932.0,98.9,lace,0.1673333232775853,0.16549265672153188,0.1673333232775853,1.0,2024
8929aeba32bffff,0.0,42.47,46932.0,98.9,lace,0.1089911863487945,0.10779228329895776,0.1089911863487945,1.0,2024
8929aeba32fffff,0.0,42.47,46932.0,98.9,lace,0.002033797025837407,0.0020114252585531956,0.002033797025837407,1.0,2024
8929aeba333ffff,1.0,42.47,46932.0,98.9,lace,0.24812824372518347,0.24539883304420645,0.24812824372518347,1.0,2024
8929aeba337ffff,1.0,42.47,46932.0,98.9,lace,0.2481167100583375,0.2453874262476958,0.2481167100583375,1.0,2024
8929aeba33bffff,1.0,42.47,46932.0,98.9,lace,0.2481317628307757,0.24540231343963717,0.2481317628307757,1.0,2024
8929aeba343ffff,1.0,42.47,46932.0,98.9,lace,0.24816988063750434,0.2454400119504918,0.24816988063750434,1.0,2024
8929aeba347ffff,1.0,42.47,46932.0,98.9,lace,0.2481583476633214,0.24542860583902487,0.2481583476633214,1.0,2024
8929aeba34bffff,1.0,42.47,46932.0,98.9,lace,0.24817339770694677,0.2454434903321704,0.24817339770694677,1.0,2024
8929aeba34fffff,1.0,42.47,46932.0,98.9,lace,0.24816186452975558,0.24543208401992828,0.24816186452975558,1.0,2024
8929aeba353ffff,1.0,42.47,46932.0,98.9,lace,0.24817789465742787,0.24544793781619617,0.24817789465742787,1.0,2024
8929aeba357ffff,1.0,42.47,46932.0,98.9,lace,0.2481663622462438,0.24543653226153514,0.2481663622462438,1.0,2024
8929aeba35bffff,1.0,42.47,46932.0,98.9,lace,0.24818141324724313,0.24545141770152348,0.24818141324724313,1.0,2024
8929aeba363ffff,0.0,42.47,46932.0,98.9,lace,0.12885987283888134,0.12744241423765365,0.12885987283888134,1.0,2024
8929aeba36bffff,1.0,42.47,46932.0,98.9,lace,0.24814231222961391,0.24541274679508818,0.24814231222961391,1.0,2024
8929aeba36fffff,0.0,42.47,46932.0,98.9,lace,0.060673424757711945,0.06000601708537712,0.060673424757711945,1.0,2024
8929aeba373ffff,1.0,42.47,46932.0,98.9,lace,0.2481468143226725,0.24541719936512313,0.2481468143226725,1.0,2024
8929aeba377ffff,1.0,42.47,46932.0,98.9,lace,0.2191347753751498,0.21672429284602315,0.2191347753751498,1.0,2024
8929aeba37bffff,1.0,42.47,46932.0,98.9,lace,0.2481503309867707,0.24542067734591622,0.2481503309867707,1.0,2024
8929aeba383ffff,18.0,31.46,141103.0,98.9,lace,7.26966093465783,7.189694664376594,7.26966093465783,1.0,2024
8929aeba387ffff,22.0,29.26,150310.75670372247,98.9,lace,8.528231104586503,8.434420562436053,8.528231104586503,1.0,2024
8929aeba38bffff,16.0,31.54,140430.86919556643,98.9,lace,6.154709213352206,6.087007412005332,6.154709213352206,1.0,2024
8929aeba38fffff,21.0,28.18,154518.39458288666,98.9,lace,7.94002517267941,7.8526848957799364,7.94002517267941,1.0,2024
8929aeba393ffff,18.0,31.46,141103.0,98.9,lace,7.269895456200043,7.189926606181843,7.269895456200043,1.0,2024
8929aeba397ffff,18.0,31.78,140683.35992700828,98.9,lace,7.347233277681296,7.266413711626802,7.347233277681296,1.0,2024
8929aeba39bffff,18.0,31.46,141103.0,98.9,lace,7.269998728520591,7.190028742506865,7.269998728520591,1.0,2024
8929aeba3a3ffff,60.0,21.58,182121.97659349145,98.9,lace,19.99512767971994,19.775181275243018,19.99512767971994,1.0,2024
8929aeba3a7ffff,63.0,21.57,182203.47178167838,98.9,lace,21.077690110660814,20.845835519443547,21.077690110660814,1.0,2024
8929aeba3abffff,1.0,42.47,46932.0,98.9,lace,0.24813625639712986,0.24540675757676145,0.24813625639712986,1.0,2024
8929aeba3afffff,1.0,42.47,46932.0,98.9,lace,0.24812472329488441,0.2453953513386407,0.24812472329488441,1.0,2024
8929aeba3b3ffff,94.0,26.4,173079.07155403585,98.9,lace,33.171206350504995,32.80632308064944,33.171206350504995,1.0,2024
8929aeba3b7ffff,95.0,21.49,182697.0,98.9,lace,31.379318534131933,31.034146030256483,31.379318534131933,1.0,2024
8929aeba3bbffff,58.0,21.6,182023.47394093493,98.9,lace,19.30230631047853,19.089980941063267,19.30230631047853,1.0,2024
8929aeba3c3ffff,11.0,31.77,138492.8333093527,98.9,lace,4.263883569393634,4.216980850130304,4.263883569393634,1.0,2024
8929aeba3c7ffff,3.0,33.98,119561.75767466881,98.9,lace,1.0471058817983763,1.035587717098594,1.0471058817983763,1.0,2024
8929aeba3cbffff,1.0,42.47,46932.0,98.9,lace,0.24818590658905762,0.24545586161657798,0.24818590658905762,1.0,2024
8929aeba3cfffff,1.0,42.47,46932.0,98.9,lace,0.24817437474553214,0.24544445662333128,0.24817437474553214,1.0,2024
8929aeba3d3ffff,17.0,31.5,140778.2514147039,98.9,lace,6.6854516734909195,6.6119117050825205,6.6854516734909195,1.0,2024
8929aeba3d7ffff,18.0,31.46,141103.0,98.9,lace,7.270101962097562,7.190130840514489,7.270101962097562,1.0,2024
8929aeba3dbffff,1.0,39.14,75429.41819340056,98.9,lace,0.3623408649150165,0.3583551154009513,0.3623408649150165,1.0,2024
8929aeba42fffff,1.0,31.46,141103.0,98.9,lace,0.5270694257164973,0.5212716620336159,0.5270694257164973,1.0,2024
8929aeba467ffff,3.0,31.46,141103.0,98.9,lace,1.0432348902316264,1.0317593064390786,1.0432348902316264,1.0,2024
8929aeba46bffff,3.0,31.46,141103.0,98.9,lace,1.3473726758587472,1.332551576424301,1.3473726758587472,1.0,2024
8929aeba46fffff,14.0,31.46,141103.0,98.9,lace,5.55678051780211,5.4956559321062874,5.55678051780211,1.0,2024
8929aeba507ffff,8.0,5.28,128828.0,99.4,lace,2.0541436541835516,2.0418187922584505,2.0541436541835516,1.0,2024
8929aeba523ffff,12.0,5.28,128828.0,99.4,lace,3.234759251221619,3.2153506957142897,3.234759251221619,1.0,2024
8929aeba527ffff,12.0,5.28,128828.0,99.4,lace,3.2346089677423575,3.2152013139359035,3.2346089677423575,1.0,2024
8929aeba52bffff,9.0,5.28,128828.0,99.4,lace,2.3700823470458245,2.35586185296355,2.3700823470458245,1.0,2024
8929aeba52fffff,12.0,5.28,128827.99999999999,99.4,lace,3.2346550777054484,3.215247147239216,3.2346550777054484,1.0,2024
8929aeba533ffff,12.0,5.28,128828.0,99.4,lace,3.2348633974930956,3.2154542171081375,3.2348633974930956,1.0,2024
8929aeba537ffff,12.0,5.28,128828.0,99.4,lace,3.234713121421885,3.2153048426933544,3.234713121421885,1.0,2024
8929aeba53bffff,9.0,5.28,128828.0,99.4,lace,2.316576822927845,2.3026773619902783,2.316576822927845,1.0,2024
8929aeba54bffff,5.0,31.46,141103.0,98.9,lace,1.9704542378676413,1.9487792412510974,1.9704542378676413,1.0,2024
8929aeba55bffff,3.0,31.46,141103.0,98.9,lace,1.3305555685843282,1.3159194573299007,1.3305555685843282,1.0,2024
8929aeba5a7ffff,3.0,5.28,128828.00000000001,99.4,lace,0.7229463537826568,0.7186086756599609,0.7229463537826568,1.0,2024
8929aeba5abffff,4.0,5.28,128828.0,99.4,lace,1.0113960272318754,1.005327651068484,1.0113960272318754,1.0,2024
8929aeba5afffff,10.0,5.28,128828.0,99.4,lace,2.735169616658854,2.7187585989589014,2.735169616658854,1.0,2024
8929aeba883ffff,3.0,10.54,105277.94414281067,99.96,lace,0.9067872946302918,0.9063903119884159,0.9067872946302918,1.0,2024
8929aeba887ffff,0.0,9.57,107039.0,100.0,lace,0.05814245290412961,0.05814245290412961,0.05814245290412961,1.0,2024
8929aeba88bffff,0.0,42.47,46932.0,98.9,lace,0.01181026220655903,0.011680349322286883,0.01181026220655903,1.0,2024
8929aeba893ffff,11.0,9.57,107039.0,100.0,lace,2.784557977886569,2.7845579778865694,2.784557977886569,1.0,2024
8929aeba897ffff,11.0,9.57,107038.99999999996,100.0,lace,2.71999124082189,2.7199912408218894,2.71999124082189,1.0,2024
8929aeba89bffff,9.0,10.13,106020.17330671572,99.97,lace,2.2518734281608843,2.2513004714584723,2.2518734281608843,1.0,2024
8929aeba8b3ffff,0.0,9.57,107038.24700918759,100.0,lace,0.0232020844724657,0.02320208008179236,0.0232020844724657,1.0,2024
8929aeba8b7ffff,0.0,10.06,106144.863065881,99.98,lace,8.141693950256168e-05,8.139874540143602e-05,8.141693950256168e-05,1.0,2024
8929aeba8c3ffff,0.0,42.47,46932.0,98.9,lace,0.08620182018090553,0.08525360015891557,0.08620182018090553,1.0,2024
8929aeba8cbffff,0.0,42.47,46932.0,98.9,lace,0.1314132266447655,0.1299676811516731,0.1314132266447655,1.0,2024
8929aeba8d3ffff,6.0,11.11,104239.22595887254,99.93,lace,1.6948922634648371,1.6937200792170677,1.6948922634648371,1.0,2024
8929aeba8d7ffff,2.0,15.75,95760.41207088783,99.74,lace,0.4358413927849259,0.4346868741660622,0.4358413927849259,1.0,2024
8929aeba8dbffff,1.0,42.47,46932.0,98.9,lace,0.24803244541278818,0.24530408851324753,0.24803244541278818,1.0,2024
8929aeba983ffff,4.0,9.57,107039.0,100.0,lace,1.1466070745257242,1.1466070745257242,1.1466070745257242,1.0,2024
8929aeba993ffff,11.0,9.57,107039.0,100.0,lace,2.783651232570699,2.783651232570699,2.783651232570699,1.0,2024
8929aeba997ffff,10.0,9.57,107039.00000000001,100.0,lace,2.7195480300191375,2.719548030019138,2.7195480300191375,1.0,2024
8929aeba99bffff,10.0,9.57,107039.0,100.0,lace,2.578228459569594,2.5782284595695946,2.578228459569594,1.0,2024
8929aeba9d3ffff,1.0,9.57,107039.0,100.0,lace,0.2824820838395299,0.2824820838395299,0.2824820838395299,1.0,2024
8929aeba9d7ffff,4.0,9.57,107039.0,100.0,lace,0.9323982079750691,0.9323982079750691,0.9323982079750691,1.0,2024
8929aebac03ffff,11.0,9.57,107039.0,100.0,lace,2.784957262509295,2.784957262509295,2.784957262509295,1.0,2024
8929aebac07ffff,11.0,9.57,107038.99999999999,100.0,lace,2.784827762704983,2.7848277627049836,2.784827762704983,1.0,2024
8929aebac0bffff,11.0,9.57,107039.0,100.0,lace,2.7849968660539153,2.784996866053915,2.7849968660539153,1.0,2024
8929aebac0fffff,11.0,9.57,107039.00000000001,100.0,lace,2.784867364005724,2.784867364005724,2.784867364005724,1.0,2024
8929aebac13ffff,31.0,43.41,102096.37391339045,100.0,lace,14.572883245733204,14.572883245733204,14.572883245733204,1.0,2024
8929aebac17ffff,11.0,9.57,107039.0,100.0,lace,2.784917644167065,2.784917644167065,2.784917644167065,1.0,2024
8929aebac1bffff,11.0,9.57,107039.0,100.0,lace,2.7850867582210315,2.7850867582210315,2.7850867582210315,1.0,2024
8929aebac23ffff,11.0,9.57,107038.99999999999,100.0,lace,2.784608347650489,2.784608347650489,2.784608347650489,1.0,2024
8929aebac27ffff,11.0,9.57,107039.0,100.0,lace,2.7844788333975017,2.7844788333975017,2.7844788333975017,1.0,2024
8929aebac2bffff,11.0,9.57,107039.0,100.0,lace,2.784647929578704,2.784647929578704,2.784647929578704,1.0,2024
8929aebac2fffff,11.0,9.57,107039.0,100.0,lace,2.784518413042977,2.784518413042977,2.784518413042977,1.0,2024
8929aebac33ffff,11.0,9.57,107039.00000000001,100.0,lace,2.784698258854342,2.784698258854342,2.784698258854342,1.0,2024
8929aebac37ffff,11.0,9.57,107039.0,100.0,lace,2.784568750937314,2.7845687509373134,2.784568750937314,1.0,2024
8929aebac3bffff,11.0,9.57,107039.0,100.0,lace,2.7847378578647444,2.7847378578647444,2.7847378578647444,1.0,2024
8929aebac43ffff,11.0,9.57,107039.0,100.0,lace,2.7851659550231087,2.7851659550231087,2.7851659550231087,1.0,2024
8929aebac47ffff,11.0,9.57,107039.0,100.0,lace,2.7850364547606565,2.785036454760656,2.7850364547606565,1.0,2024
8929aebac4bffff,11.0,9.57,107039.0,100.0,lace,2.785205531172697,2.785205531172697,2.785205531172697,1.0,2024
8929aebac4fffff,11.0,9.57,107039.00000000001,100.0,lace,2.785076028657233,2.785076028657233,2.785076028657233,1.0,2024
8929aebac53ffff,11.0,9.57,107039.0,100.0,lace,2.7852558579308906,2.7852558579308906,2.7852558579308906,1.0,2024
8929aebac57ffff,11.0,9.57,107039.0,100.0,lace,2.785126364033588,2.7851263640335886,2.785126364033588,1.0,2024
8929aebac5bffff,11.0,9.57,107039.0,100.0,lace,2.785295451179213,2.785295451179213,2.785295451179213,1.0,2024
8929aebac63ffff,11.0,9.57,107039.00000000001,100.0,lace,2.7848170114013167,2.784817011401317,2.7848170114013167,1.0,2024
8929aebac67ffff,11.0,9.57,107039.0,100.0,lace,2.7846874966738437,2.7846874966738437,2.7846874966738437,1.0,2024
8929aebac6bffff,11.0,9.57,107039.0,100.0,lace,2.784856565965721,2.784856565965721,2.784856565965721,1.0,2024
8929aebac6fffff,11.0,9.57,107038.99999999999,100.0,lace,2.784727048968848,2.7847270489688483,2.784727048968848,1.0,2024
8929aebac73ffff,11.0,9.57,107039.00000000001,100.0,lace,2.7849069504269077,2.7849069504269077,2.7849069504269077,1.0,2024
8929aebac77ffff,11.0,9.57,107038.99999999999,100.0,lace,2.784777442028741,2.784777442028741,2.784777442028741,1.0,2024
8929aebac7bffff,11.0,9.57,107038.99999999999,100.0,lace,2.7849465220736938,2.7849465220736938,2.7849465220736938,1.0,2024
8929aebac83ffff,160.0,24.55,125474.52250426743,100.0,lace,56.093711922047014,56.093711922047014,56.093711922047014,1.0,2024
8929aebac87ffff,145.0,57.35,100181.89363170252,100.0,lace,81.05074876204857,81.05074876204857,81.05074876204857,1.0,2024
8929aebac8bffff,136.0,55.65,102229.86222282615,100.0,lace,74.82451675944198,74.82451675944198,74.82451675944198,1.0,2024
8929aebac8fffff,116.0,56.6,100169.58386101766,100.0,lace,63.964073780371116,63.964073780371116,63.964073780371116,1.0,2024
8929aebac93ffff,111.0,6.99,143684.15015470432,100.0,lace,27.885006740876612,27.885006740876612,27.885006740876612,1.0,2024
8929aebac97ffff,278.0,11.0,132232.19564425483,100.0,lace,71.73979536239192,71.73979536239192,71.73979536239192,1.0,2024
8929aebac9bffff,52.0,2.97,162656.0,100.0,lace,13.395484841194298,13.395484841194298,13.395484841194298,1.0,2024
8929aebaca3ffff,11.0,9.57,107038.99999999999,100.0,lace,2.7847485157463856,2.784748515746385,2.7847485157463856,1.0,2024
8929aebaca7ffff,11.0,9.57,107039.00000000001,100.0,lace,2.7846190164117486,2.7846190164117486,2.7846190164117486,1.0,2024
8929aebacabffff,11.0,9.57,107039.0,100.0,lace,2.784788146657767,2.784788146657767,2.784788146657767,1.0,2024
8929aebacafffff,11.0,9.57,107039.00000000001,100.0,lace,2.7846586450455866,2.784658645045587,2.7846586450455866,1.0,2024
8929aebacb3ffff,128.0,57.08,100098.77730636466,100.0,lace,71.49491117498317,71.49491117498317,71.49491117498317,1.0,2024
8929aebacb7ffff,32.0,21.36,131250.10237435088,100.0,lace,11.265364413095265,11.265364413095265,11.265364413095265,1.0,2024
8929aebacbbffff,44.0,48.87,101297.86487561936,100.0,lace,22.44082386171289,22.44082386171289,22.44082386171289,1.0,2024
8929aebacc3ffff,11.0,9.57,107038.99999999999,100.0,lace,2.7853061122910647,2.7853061122910647,2.7853061122910647,1.0,2024
8929aebacc7ffff,81.0,54.53,100471.41123976989,100.0,lace,43.73836425984758,43.73836425984758,43.73836425984758,1.0,2024
8929aebaccbffff,11.0,9.57,107039.00000000001,100.0,lace,2.785345737430564,2.785345737430564,2.785345737430564,1.0,2024
8929aebaccfffff,11.0,9.57,107039.0,100.0,lace,2.78521624987473,2.78521624987473,2.78521624987473,1.0,2024
8929aebacd3ffff,11.0,9.57,107039.0,100.0,lace,2.7853959512579833,2.7853959512579833,2.7853959512579833,1.0,2024
8929aebacd7ffff,59.0,27.2,132861.18253393474,100.0,lace,23.09120066199373,23.09120066199373,23.09120066199373,1.0,2024
8929aebacdbffff,11.0,9.57,107039.0,100.0,lace,2.785435593496566,2.785435593496566,2.785435593496566,1.0,2024
8929aebad03ffff,11.0,9.57,107039.0,100.0,lace,2.7840506785235,2.7840506785235006,2.7840506785235,1.0,2024
8929aebad07ffff,11.0,9.57,107038.99999999999,100.0,lace,2.783921150287171,2.783921150287171,2.783921150287171,1.0,2024
8929aebad0bffff,11.0,9.57,107039.0,100.0,lace,2.7840902662011486,2.7840902662011486,2.7840902662011486,1.0,2024
8929aebad0fffff,11.0,9.57,107039.0,100.0,lace,2.7839607356857075,2.7839607356857075,2.7839607356857075,1.0,2024
8929aebad13ffff,11.0,9.57,107038.99999999999,100.0,lace,2.7841405979836438,2.784140597983644,2.7841405979836438,1.0,2024
8929aebad17ffff,11.0,9.57,107039.00000000001,100.0,lace,2.7840110760570806,2.784011076057081,2.7840110760570806,1.0,2024
8929aebad1bffff,11.0,9.57,107039.0,100.0,lace,2.7841802027200555,2.7841802027200555,2.7841802027200555,1.0,2024
8929aebad23ffff,11.0,9.57,107039.0,100.0,lace,2.783701662470464,2.7837016624704645,2.783701662470464,1.0,2024
8929aebad27ffff,11.0,9.57,107039.0,100.0,lace,2.7835721197739427,2.7835721197739427,2.7835721197739427,1.0,2024
8929aebad2bffff,11.0,9.57,107039.0,100.0,lace,2.7837412285374263,2.7837412285374263,2.7837412285374263,1.0,2024
8929aebad2fffff,11.0,9.57,107038.99999999999,100.0,lace,2.7836116835689912,2.783611683568991,2.7836116835689912,1.0,2024
8929aebad33ffff,11.0,9.57,107039.0,100.0,lace,2.783791617954988,2.783791617954988,2.783791617954988,1.0,2024
8929aebad37ffff,11.0,9.57,107039.0,100.0,lace,2.783662081605579,2.783662081605579,2.783662081605579,1.0,2024
8929aebad3bffff,11.0,9.57,107038.99999999999,100.0,lace,2.78383120109179,2.78383120109179,2.78383120109179,1.0,2024
8929aebad43ffff,11.0,9.57,107039.0,100.0,lace,2.784259367789144,2.7842593677891445,2.784259367789144,1.0,2024
8929aebad47ffff,11.0,9.57,107039.0,100.0,lace,2.7841298390481124,2.7841298390481124,2.7841298390481124,1.0,2024
8929aebad4bffff,10.0,9.57,107038.99999999999,100.0,lace,2.5419396338647977,2.5419396338647977,2.5419396338647977,1.0,2024
8929aebad4fffff,9.0,9.58,107033.88165980043,100.0,lace,2.4197514256643466,2.4197483132129585,2.4197514256643466,1.0,2024
8929aebad53ffff,11.0,9.57,107039.0,100.0,lace,2.7843493150494325,2.784349315049433,2.7843493150494325,1.0,2024
8929aebad57ffff,11.0,9.57,107039.0,100.0,lace,2.784219792670076,2.784219792670076,2.784219792670076,1.0,2024
8929aebad5bffff,11.0,9.57,107038.99999999999,100.0,lace,2.784388892443062,2.784388892443062,2.784388892443062,1.0,2024
8929aebad63ffff,11.0,9.57,107039.00000000001,100.0,lace,2.7839103229279782,2.7839103229279782,2.7839103229279782,1.0,2024
8929aebad67ffff,11.0,9.57,107039.0,100.0,lace,2.783780779763007,2.7837807797630076,2.783780779763007,1.0,2024
8929aebad6bffff,3.0,9.57,107038.99999999962,100.0,lace,0.7270153035330423,0.7270153035330423,0.7270153035330423,1.0,2024
8929aebad6fffff,11.0,9.57,107039.0,100.0,lace,2.781696484667864,2.781696484667864,2.781696484667864,1.0,2024
8929aebad73ffff,11.0,9.57,107039.00000000001,100.0,lace,2.784000306246103,2.784000306246103,2.784000306246103,1.0,2024
8929aebad77ffff,11.0,9.57,107039.0,100.0,lace,2.7838707694410862,2.7838707694410862,2.7838707694410862,1.0,2024
8929aebad7bffff,10.0,9.57,107038.91819233926,100.0,lace,2.471712277875357,2.4717122270584597,2.471712277875357,1.0,2024
8929aebad83ffff,11.0,9.57,107038.99999999999,100.0,lace,2.7841908574079186,2.7841908574079186,2.7841908574079186,1.0,2024
8929aebad87ffff,11.0,9.57,107039.0,100.0,lace,2.784061344073021,2.784061344073021,2.784061344073021,1.0,2024
8929aebad8bffff,11.0,9.57,107039.00000000001,100.0,lace,2.784230494016852,2.784230494016852,2.784230494016852,1.0,2024
8929aebad8fffff,11.0,9.57,107039.0,100.0,lace,2.784100978426443,2.784100978426443,2.784100978426443,1.0,2024
8929aebad93ffff,11.0,9.57,107038.99999999999,100.0,lace,2.7842807129515554,2.784280712951555,2.7842807129515554,1.0,2024
8929aebad97ffff,11.0,9.57,107039.0,100.0,lace,2.784151205971282,2.784151205971282,2.784151205971282,1.0,2024
8929aebad9bffff,11.0,9.57,107038.99999999999,100.0,lace,2.7843203666673495,2.78432036666735,2.7843203666673495,1.0,2024
8929aebada3ffff,11.0,9.57,107039.0,100.0,lace,2.783841935049912,2.783841935049912,2.783841935049912,1.0,2024
8929aebada7ffff,11.0,9.57,107039.0,100.0,lace,2.7837124072979624,2.7837124072979624,2.7837124072979624,1.0,2024
8929aebadabffff,11.0,9.57,107038.99999999999,100.0,lace,2.783881550061687,2.783881550061687,2.783881550061687,1.0,2024
8929aebadafffff,11.0,9.57,107039.0,100.0,lace,2.783752020029064,2.783752020029064,2.783752020029064,1.0,2024
8929aebadb3ffff,11.0,9.57,107038.99999999999,100.0,lace,2.7839318266815978,2.7839318266815978,2.7839318266815978,1.0,2024
8929aebadb7ffff,11.0,9.57,107039.00000000001,100.0,lace,2.7838023052337495,2.7838023052337495,2.7838023052337495,1.0,2024
8929aebadbbffff,11.0,9.57,107039.0,100.0,lace,2.783971458777907,2.783971458777907,2.783971458777907,1.0,2024
8929aebadc3ffff,11.0,9.57,107039.0,100.0,lace,2.7843996296440476,2.7843996296440476,2.7843996296440476,1.0,2024
8929aebadc7ffff,11.0,9.57,107039.0,100.0,lace,2.7842701158447833,2.7842701158447833,2.7842701158447833,1.0,2024
8929aebadcbffff,11.0,9.57,107039.0,100.0,lace,2.7844392389192967,2.7844392389192967,2.7844392389192967,1.0,2024
8929aebadcfffff,11.0,9.57,107039.00000000001,100.0,lace,2.7843097228456837,2.7843097228456837,2.7843097228456837,1.0,2024
8929aebadd3ffff,11.0,9.57,107038.99999999999,100.0,lace,2.7844895130183476,2.7844895130183476,2.7844895130183476,1.0,2024
8929aebadd7ffff,11.0,9.57,107039.0,100.0,lace,2.784360005566889,2.784360005566889,2.784360005566889,1.0,2024
8929aebaddbffff,11.0,9.57,107038.99999999999,100.0,lace,2.7845291393754183,2.7845291393754183,2.7845291393754183,1.0,2024
8929aebae03ffff,1.0,42.47,46932.0,98.9,lace,0.24807057176229141,0.24534179547290624,0.24807057176229141,1.0,2024
8929aebae07ffff,1.0,40.2,51069.907929190675,98.96,lace,0.26016635624166606,0.25745072853639966,0.26016635624166606,1.0,2024
8929aebae0bffff,1.0,42.47,46932.0,98.9,lace,0.24807408986593296,0.2453452748774077,0.24807408986593296,1.0,2024
8929aebae0fffff,0.0,42.47,46932.0,98.9,lace,0.1532961827083715,0.15160992469857942,0.1532961827083715,1.0,2024
8929aebae13ffff,3.0,14.46,98104.47817515332,99.79,lace,0.9353121640189515,0.9333224346650726,0.9353121640189515,1.0,2024
8929aebae17ffff,9.0,10.0,106262.63848673718,99.98,lace,2.3592557305758164,2.3587976237145627,2.3592557305758164,1.0,2024
8929aebae1bffff,1.0,42.47,46932.0,98.9,lace,0.24808210688030383,0.2453532037046205,0.24808210688030383,1.0,2024
8929aebae23ffff,0.0,42.47,46932.0,98.9,lace,0.0022316264698984847,0.0022070785787296015,0.0022316264698984847,1.0,2024
8929aebae33ffff,1.0,42.47,46932.0,98.9,lace,0.22659954654157058,0.22410695152961332,0.22659954654157058,1.0,2024
8929aebae37ffff,1.0,42.47,46932.0,98.9,lace,0.1791060242504368,0.177135857983682,0.1791060242504368,1.0,2024
8929aebae3bffff,0.0,42.47,46932.0,98.9,lace,0.03402743196047795,0.033653130208912696,0.03402743196047795,1.0,2024
8929aebae47ffff,0.0,42.47,46932.0,98.9,lace,0.04807649744698919,0.04754765597507231,0.04807649744698919,1.0,2024
8929aebae53ffff,0.0,42.47,46932.0,98.9,lace,0.1338911768425199,0.13241837389725217,0.1338911768425199,1.0,2024
8929aebae57ffff,1.0,42.47,46932.0,98.9,lace,0.21284917480357385,0.21050783388073455,0.21284917480357385,1.0,2024
8929aebae73ffff,0.0,42.47,46932.0,98.9,lace,0.02383039003217196,0.02356825574181807,0.02383039003217196,1.0,2024
8929aebae83ffff,11.0,9.57,107039.0,100.0,lace,2.7853745932151797,2.7853745932151797,2.7853745932151797,1.0,2024
8929aebae87ffff,11.0,9.57,107039.0,100.0,lace,2.785245092514676,2.7852450925146766,2.785245092514676,1.0,2024
8929aebae8bffff,8.0,10.32,105672.04761173815,99.97,lace,2.1154140213458477,2.1146934212079387,2.1154140213458477,1.0,2024
8929aebae8fffff,11.0,9.57,107039.0,100.0,lace,2.785284639037004,2.785284639037004,2.785284639037004,1.0,2024
8929aebae93ffff,11.0,9.57,107038.99999999999,100.0,lace,2.7854645239603677,2.7854645239603677,2.7854645239603677,1.0,2024
8929aebae97ffff,11.0,9.57,107039.0,100.0,lace,2.785335029629672,2.785335029629672,2.785335029629672,1.0,2024
8929aebae9bffff,8.0,10.22,106055.32382418554,99.97,lace,2.2086338731441812,2.207945524542781,2.2086338731441812,1.0,2024
8929aebaea3ffff,11.0,9.57,107039.0,100.0,lace,2.7850256208891784,2.7850256208891784,2.7850256208891784,1.0,2024
8929aebaea7ffff,10.0,9.64,106922.64670017811,100.0,lace,2.711236489968108,2.711157267401379,2.711236489968108,1.0,2024
8929aebaeabffff,9.0,10.16,105968.58677724781,99.97,lace,2.230785321932173,2.230189181563178,2.230785321932173,1.0,2024
8929aebaeafffff,4.0,13.38,100081.64546067231,99.83,lace,1.0885560589315806,1.0867315647029914,1.0885560589315806,1.0,2024
8929aebaeb3ffff,11.0,9.57,107039.0,100.0,lace,2.7851155877393863,2.7851155877393863,2.7851155877393863,1.0,2024
8929aebaeb7ffff,11.0,9.57,107038.99999999999,100.0,lace,2.784986078881891,2.784986078881891,2.784986078881891,1.0,2024
8929aebaebbffff,11.0,9.57,107039.0,100.0,lace,2.7851551320035277,2.7851551320035277,2.7851551320035277,1.0,2024
8929aebaec3ffff,1.0,42.47,46932.0,98.9,lace,0.24810165600474618,0.245372537788694,0.24810165600474618,1.0,2024
8929aebaec7ffff,1.0,42.47,46932.0,98.9,lace,0.24809012181259735,0.24536113047265878,0.24809012181259735,1.0,2024
8929aebaecbffff,1.0,42.47,46932.0,98.9,lace,0.2481051760276335,0.24537601909132953,0.2481051760276335,1.0,2024
8929aebaecfffff,1.0,42.47,46932.0,98.9,lace,0.24809364163719477,0.24536461157918563,0.24809364163719477,1.0,2024
8929aebaed3ffff,43.0,21.68,181499.7917906335,98.9,lace,14.35979079639193,14.201833097631619,14.35979079639193,1.0,2024
8929aebaed7ffff,1.0,35.07,88726.71061692826,98.93,lace,0.35657418731269597,0.3527688036671819,0.35657418731269597,1.0,2024
8929aebaedbffff,1.0,42.47,46932.0,98.9,lace,0.24811318983187247,0.2453839447437219,0.24811318983187247,1.0,2024
8929aebb123ffff,0.0,42.47,46932.0,98.9,lace,0.08172252114866632,0.080823573416031,0.08172252114866632,1.0,2024
8929aebb127ffff,1.0,42.47,46932.0,98.9,lace,0.21074342877835145,0.2084252510617896,0.21074342877835145,1.0,2024
8929aebb12bffff,1.0,42.47,46932.0,98.9,lace,0.23295754282342826,0.23039500985237055,0.23295754282342826,1.0,2024
8929aebb12fffff,1.0,42.47,46932.0,98.9,lace,0.24821754003673677,0.24548714709633265,0.24821754003673677,1.0,2024
8929aebb14fffff,0.0,42.47,46932.0,98.9,lace,0.023927643072509233,0.023664438998711634,0.023927643072509233,1.0,2024
8929aebb163ffff,1.0,42.47,46932.0,98.9,lace,0.24824411486309547,0.24551342959960146,0.24824411486309547,1.0,2024
8929aebb167ffff,1.0,42.47,46932.0,98.9,lace,0.24823258174256171,0.24550202334339358,0.24823258174256171,1.0,2024
8929aebb16bffff,1.0,42.47,46932.0,98.9,lace,0.24824762216086693,0.24551689831709742,0.24824762216086693,1.0,2024
8929aebb16fffff,1.0,42.47,46932.0,98.9,lace,0.24823608883839254,0.24550549186117024,0.24823608883839254,1.0,2024
8929aebb173ffff,0.0,42.47,46932.0,98.9,lace,0.0037055952974020994,0.0036648337491306765,0.0037055952974020994,1.0,2024
8929aebb177ffff,0.0,42.47,46932.0,98.9,lace,0.1140455123023425,0.11279101166701673,0.1140455123023425,1.0,2024
8929aebb17bffff,0.0,42.47,46932.0,98.9,lace,0.14773091417449621,0.14610587411857676,0.14773091417449621,1.0,2024
8929aebb3a7ffff,1.0,42.47,46932.0,98.9,lace,0.24825112813623512,0.24552036572673652,0.24825112813623512,1.0,2024
8929aebb3b7ffff,1.0,42.47,46932.0,98.9,lace,0.2482591551187482,0.24552830441244197,0.2482591551187482,1.0,2024
