{"type": "FeatureCollection", "properties": {"source": "Census TIGERweb Places_CouSub_ConCity_SubMCD layers 4 and 5", "fetched": "2026-09-25", "assignment": "place covering most of the cell's land inside the study boundary; cities before CDPs"}, "features": [{"type": "Feature", "properties": {"name": "Bakersfield", "kind": "city", "geoid": "0603526"}, "geometry": {"type": "MultiPolygon", "coordinates": [[[[-119.26526, 35.30354], [-119.26532, 35.30353], [-119.26502, 35.30329], [-119.26371, 35.30227], [-119.26366, 35.30221], [-119.26352, 35.30203], [-119.2632, 35.30178], [-119.26307, 35.30168], [-119.26293, 35.30157], [-119.2625, 35.30124], [-119.26236, 35.30113], [-119.26206, 35.30099], [-119.26202, 35.30101], [-119.26192, 35.30107], [-119.26187, 35.30109], [-119.26153, 35.30126], [-119.26151, 35.30127], [-119.26135, 35.30135], [-119.2613, 35.30138], [-119.26121, 35.30137], [-119.26113, 35.30136], [-119.26106, 35.30135], [-119.26083, 35.30131], [-119.26061, 35.30128], [-119.25986, 35.30117], [-119.25871, 35.30087], [-119.25844, 35.3008], [-119.25822, 35.30074], [-119.25797, 35.30067], [-119.25731, 35.3005], [-119.25664, 35.30049], [-119.25652, 35.30049], [-119.25633, 35.30053], [-119.25591, 35.30062], [-119.25539, 35.30073], [-119.25453, 35.30091], [-119.25435, 35.30103], [-119.25381, 35.30137], [-119.25327, 35.30172], [-119.25264, 35.30232], [-119.25244, 35.30244], [-119.25244, 35.30256], [-119.25215, 35.30253], [-119.25094, 35.30275], [-119.24775, 35.30319], [-119.24759, 35.30336], [-119.24751, 35.30345], [-119.24729, 35.30366], [-119.24706, 35.30388], [-119.24666, 35.30425], [-119.24582, 35.30504], [-119.2456, 35.30506], [-119.24322, 35.30531], [-119.24273, 35.30536], [-119.24269, 35.30537], [-119.23857, 35.30581], [-119.21854, 35.30748], [-119.21331, 35.31039], [-119.2094, 35.3127], [-119.20025, 35.31811], [-119.19883, 35.31908], [-119.19894, 35.31076], [-119.19896, 35.30344], [-119.19897, 35.29612], [-119.18127, 35.29614], [-119.18101, 35.29614], [-119.1724, 35.29618], [-119.16804, 35.2962], [-119.16357, 35.29621], [-119.16073, 35.29622], [-119.15462, 35.29622], [-119.14587, 35.29622], [-119.14592, 35.2885], [-119.14596, 35.28172], [-119.14604, 35.26719], [-119.12856, 35.26723], [-119.12833, 35.26723], [-119.11864, 35.2672], [-119.11419, 35.26719], [-119.11082, 35.26718], [-119.11068, 35.26718], [-119.11068, 35.26726], [-119.11068, 35.268], [-119.11068, 35.26855], [-119.10989, 35.26855], [-119.1099, 35.26803], [-119.10989, 35.26762], [-119.10989, 35.26718], [-119.10981, 35.26718], [-119.10978, 35.26718], [-119.10979, 35.26747], [-119.10979, 35.26779], [-119.10979, 35.26853], [-119.10979, 35.2693], [-119.10981, 35.27442], [-119.10984, 35.28168], [-119.10543, 35.28168], [-119.10469, 35.28168], [-119.10116, 35.28167], [-119.10117, 35.27809], [-119.10119, 35.27442], [-119.10117, 35.27094], [-119.10117, 35.27077], [-119.10118, 35.26715], [-119.09232, 35.26713], [-119.09218, 35.26713], [-119.09218, 35.26698], [-119.09218, 35.26422], [-119.09218, 35.26353], [-119.09208, 35.26353], [-119.09, 35.26353], [-119.08987, 35.26353], [-119.08986, 35.26712], [-119.07937, 35.26709], [-119.07697, 35.26708], [-119.07698, 35.26539], [-119.07769, 35.26539], [-119.07769, 35.26493], [-119.07769, 35.26423], [-119.0777, 35.26368], [-119.0777, 35.26352], [-119.08323, 35.26353], [-119.08324, 35.25984], [-119.08326, 35.25267], [-119.07557, 35.25259], [-119.07441, 35.25258], [-119.0744, 35.25451], [-119.0744, 35.25576], [-119.07439, 35.25987], [-119.07139, 35.25986], [-119.07039, 35.25986], [-119.0704, 35.25876], [-119.0716, 35.25876], [-119.07169, 35.25827], [-119.07173, 35.25799], [-119.07177, 35.25782], [-119.07183, 35.2577], [-119.07189, 35.25757], [-119.07201, 35.25739], [-119.07216, 35.2572], [-119.07227, 35.25706], [-119.07239, 35.25688], [-119.07248, 35.25671], [-119.07274, 35.25622], [-119.06776, 35.2562], [-119.06775, 35.25255], [-119.06555, 35.25255], [-119.06555, 35.25619], [-119.06554, 35.25984], [-119.05669, 35.25981], [-119.05667, 35.26336], [-119.05666, 35.26699], [-119.05465, 35.26698], [-119.05413, 35.26698], [-119.05255, 35.26697], [-119.05214, 35.26697], [-119.04782, 35.26695], [-119.04339, 35.26693], [-119.04339, 35.26594], [-119.04339, 35.26546], [-119.04342, 35.25746], [-119.04342, 35.25615], [-119.0422, 35.25615], [-119.03899, 35.25615], [-119.03899, 35.25748], [-119.03898, 35.25979], [-119.03897, 35.26341], [-119.03281, 35.26347], [-119.0302, 35.26349], [-119.03014, 35.26349], [-119.03012, 35.26351], [-119.03011, 35.26521], [-119.03155, 35.26522], [-119.0331, 35.26518], [-119.03309, 35.26597], [-119.03328, 35.26597], [-119.03365, 35.26597], [-119.03365, 35.26584], [-119.0342, 35.26584], [-119.0342, 35.26598], [-119.03477, 35.26598], [-119.0355, 35.26598], [-119.03627, 35.26599], [-119.03635, 35.26622], [-119.03642, 35.26642], [-119.0366, 35.26642], [-119.03673, 35.26642], [-119.03707, 35.26642], [-119.03707, 35.26668], [-119.03707, 35.2669], [-119.03797, 35.2669], [-119.03797, 35.2671], [-119.03797, 35.26723], [-119.0378, 35.26723], [-119.0378, 35.26785], [-119.03854, 35.26785], [-119.03884, 35.26785], [-119.03883, 35.26887], [-119.03881, 35.27053], [-119.0388, 35.27217], [-119.03878, 35.27415], [-119.03728, 35.27415], [-119.03679, 35.27414], [-119.03673, 35.27143], [-119.03453, 35.27142], [-119.03453, 35.27136], [-119.03453, 35.27051], [-119.03298, 35.2705], [-119.03038, 35.27049], [-119.03019, 35.27049], [-119.03011, 35.27049], [-119.02812, 35.27048], [-119.02788, 35.27048], [-119.02679, 35.27048], [-119.02679, 35.26814], [-119.02679, 35.26801], [-119.02682, 35.26801], [-119.02696, 35.26802], [-119.02792, 35.26802], [-119.02784, 35.26685], [-119.02848, 35.26685], [-119.02849, 35.26482], [-119.02849, 35.26328], [-119.02681, 35.26326], [-119.0257, 35.26324], [-119.02561, 35.26324], [-119.02565, 35.26308], [-119.02568, 35.26287], [-119.02571, 35.26265], [-119.02571, 35.26244], [-119.02572, 35.26142], [-119.02535, 35.26142], [-119.0246, 35.2614], [-119.02349, 35.26139], [-119.0235, 35.26048], [-119.0218, 35.26046], [-119.02169, 35.26045], [-119.0214, 35.26045], [-119.02171, 35.26162], [-119.02175, 35.2618], [-119.02204, 35.2629], [-119.02206, 35.26298], [-119.02187, 35.26297], [-119.0217, 35.26297], [-119.02166, 35.26297], [-119.02165, 35.26319], [-119.02127, 35.26318], [-119.02094, 35.26318], [-119.01636, 35.2632], [-119.01503, 35.26318], [-119.01497, 35.26318], [-119.01257, 35.26319], [-119.01206, 35.2632], [-119.01205, 35.26346], [-119.01205, 35.26365], [-119.01201, 35.26491], [-119.01198, 35.26573], [-119.01194, 35.26683], [-119.01444, 35.26683], [-119.01501, 35.26682], [-119.01535, 35.26682], [-119.01632, 35.26682], [-119.01667, 35.26682], [-119.01672, 35.26682], [-119.01672, 35.26864], [-119.01878, 35.26864], [-119.01904, 35.26863], [-119.02097, 35.26863], [-119.02098, 35.27041], [-119.02062, 35.27041], [-119.02067, 35.27263], [-119.02069, 35.27321], [-119.02081, 35.27321], [-119.02081, 35.27393], [-119.02099, 35.27393], [-119.02099, 35.27396], [-119.02115, 35.27396], [-119.02115, 35.274], [-119.02115, 35.27404], [-119.02115, 35.27408], [-119.02125, 35.27408], [-119.02125, 35.27771], [-119.021, 35.27771], [-119.01996, 35.27768], [-119.01985, 35.27769], [-119.01852, 35.27769], [-119.01737, 35.27769], [-119.01536, 35.27769], [-119.01413, 35.27769], [-119.01413, 35.27772], [-119.01303, 35.27772], [-119.01192, 35.27772], [-119.00594, 35.27773], [-119.00509, 35.27773], [-119.00326, 35.27773], [-119.00326, 35.27785], [-119.00326, 35.27819], [-119.00326, 35.27856], [-119.00384, 35.27856], [-119.00434, 35.27855], [-119.00435, 35.27897], [-119.0032, 35.27897], [-119.00307, 35.27897], [-119.00307, 35.2789], [-119.00183, 35.27889], [-119.00179, 35.27571], [-119.00133, 35.27572], [-119.00116, 35.27572], [-119.00106, 35.27572], [-118.99931, 35.27574], [-118.99931, 35.27571], [-118.99741, 35.27571], [-118.98549, 35.27573], [-118.98545, 35.27573], [-118.98545, 35.27577], [-118.98545, 35.27658], [-118.98545, 35.27672], [-118.98545, 35.27676], [-118.98547, 35.27676], [-118.98553, 35.27678], [-118.98549, 35.27683], [-118.98554, 35.27684], [-118.9856, 35.27686], [-118.98566, 35.27693], [-118.98627, 35.27802], [-118.98657, 35.27858], [-118.98665, 35.27876], [-118.98679, 35.27913], [-118.98714, 35.28022], [-118.98725, 35.28047], [-118.98765, 35.28132], [-118.98542, 35.28132], [-118.98526, 35.28132], [-118.98525, 35.28142], [-118.97379, 35.28135], [-118.96756, 35.28148], [-118.96731, 35.28148], [-118.96311, 35.28144], [-118.9631, 35.27418], [-118.96318, 35.27363], [-118.96317, 35.27053], [-118.96317, 35.26699], [-118.96317, 35.26691], [-118.96704, 35.2669], [-118.9676, 35.2669], [-118.9676, 35.26682], [-118.96759, 35.26678], [-118.96761, 35.26447], [-118.96762, 35.26355], [-118.96762, 35.26325], [-118.97604, 35.26328], [-118.97647, 35.26325], [-118.97648, 35.25974], [-118.97648, 35.25967], [-118.97649, 35.25561], [-118.97648, 35.25486], [-118.97607, 35.2552], [-118.97335, 35.25741], [-118.97317, 35.25781], [-118.97225, 35.25781], [-118.97175, 35.25781], [-118.96762, 35.25783], [-118.96762, 35.25777], [-118.96762, 35.25238], [-118.96752, 35.25238], [-118.96209, 35.25239], [-118.95436, 35.25239], [-118.95012, 35.2524], [-118.94989, 35.2524], [-118.94989, 35.25375], [-118.94988, 35.25785], [-118.94986, 35.26685], [-118.94985, 35.26693], [-118.95898, 35.26691], [-118.96184, 35.26691], [-118.96278, 35.26691], [-118.96303, 35.26691], [-118.96303, 35.26699], [-118.96303, 35.26765], [-118.96303, 35.26775], [-118.96303, 35.2692], [-118.96303, 35.27053], [-118.96303, 35.27363], [-118.96297, 35.27418], [-118.96297, 35.27725], [-118.96298, 35.28144], [-118.96272, 35.28144], [-118.96167, 35.28146], [-118.95848, 35.28148], [-118.94986, 35.28149], [-118.94985, 35.28876], [-118.94985, 35.29603], [-118.94985, 35.29611], [-118.94985, 35.29615], [-118.94985, 35.29895], [-118.94985, 35.30214], [-118.94985, 35.30312], [-118.94985, 35.30373], [-118.94985, 35.30393], [-118.94985, 35.30785], [-118.94985, 35.30805], [-118.94985, 35.30916], [-118.94986, 35.31006], [-118.94986, 35.31042], [-118.94986, 35.31049], [-118.94986, 35.31087], [-118.94985, 35.31786], [-118.94985, 35.31985], [-118.94986, 35.32513], [-118.94837, 35.32513], [-118.9454, 35.32514], [-118.94094, 35.32516], [-118.94094, 35.32607], [-118.94082, 35.32608], [-118.93996, 35.32607], [-118.93827, 35.32608], [-118.9382, 35.32608], [-118.93654, 35.32608], [-118.93651, 35.32885], [-118.93648, 35.33232], [-118.93648, 35.33248], [-118.93202, 35.33247], [-118.93192, 35.33247], [-118.9298, 35.33249], [-118.9287, 35.33251], [-118.92648, 35.33253], [-118.92532, 35.33254], [-118.92518, 35.33254], [-118.92381, 35.33256], [-118.92329, 35.33256], [-118.92327, 35.33615], [-118.92325, 35.33875], [-118.92326, 35.33923], [-118.92327, 35.33963], [-118.92327, 35.33979], [-118.92356, 35.33978], [-118.92374, 35.33978], [-118.92416, 35.33978], [-118.92431, 35.33978], [-118.92427, 35.33964], [-118.92424, 35.33951], [-118.92424, 35.33921], [-118.92424, 35.33908], [-118.92758, 35.33907], [-118.92757, 35.33977], [-118.9276, 35.33977], [-118.92837, 35.33976], [-118.9298, 35.33976], [-118.93192, 35.33975], [-118.93201, 35.33975], [-118.93539, 35.33977], [-118.93647, 35.33978], [-118.93646, 35.33973], [-118.93646, 35.33963], [-118.93647, 35.33882], [-118.93673, 35.33882], [-118.94086, 35.3388], [-118.94092, 35.3388], [-118.94092, 35.33887], [-118.94092, 35.33939], [-118.94092, 35.33966], [-118.94092, 35.33971], [-118.94092, 35.33976], [-118.94092, 35.34126], [-118.94092, 35.34245], [-118.94092, 35.34337], [-118.94092, 35.34545], [-118.94092, 35.34703], [-118.94092, 35.34923], [-118.94092, 35.34985], [-118.94092, 35.34996], [-118.94092, 35.35049], [-118.94104, 35.35047], [-118.94104, 35.35082], [-118.94104, 35.35188], [-118.94104, 35.35213], [-118.94104, 35.35228], [-118.94104, 35.35242], [-118.94104, 35.35262], [-118.94198, 35.35262], [-118.94202, 35.35262], [-118.94398, 35.35262], [-118.94421, 35.35262], [-118.9444, 35.35262], [-118.94632, 35.35274], [-118.94641, 35.35275], [-118.94879, 35.3529], [-118.94887, 35.35291], [-118.94906, 35.35293], [-118.94911, 35.35293], [-118.94943, 35.35296], [-118.94962, 35.35317], [-118.94962, 35.35414], [-118.94962, 35.35418], [-118.94962, 35.35421], [-118.94962, 35.35428], [-118.94963, 35.35462], [-118.94921, 35.35463], [-118.94923, 35.35418], [-118.94707, 35.3542], [-118.94533, 35.35421], [-118.94532, 35.35539], [-118.94531, 35.35757], [-118.94531, 35.35769], [-118.94531, 35.3578], [-118.94387, 35.35781], [-118.94239, 35.35779], [-118.94236, 35.3578], [-118.94222, 35.35783], [-118.941, 35.35785], [-118.9409, 35.35786], [-118.94089, 35.36148], [-118.942, 35.36147], [-118.94311, 35.36147], [-118.94413, 35.36146], [-118.9448, 35.36146], [-118.94588, 35.36145], [-118.94643, 35.36145], [-118.94644, 35.35967], [-118.94644, 35.35964], [-118.94663, 35.35964], [-118.94679, 35.35965], [-118.94867, 35.35962], [-118.94913, 35.35962], [-118.94916, 35.35962], [-118.94978, 35.35961], [-118.94979, 35.3578], [-118.94979, 35.35725], [-118.9498, 35.35624], [-118.9498, 35.35577], [-118.95395, 35.35573], [-118.95423, 35.35573], [-118.95422, 35.35713], [-118.95422, 35.35778], [-118.95524, 35.35778], [-118.95556, 35.35777], [-118.95589, 35.35777], [-118.9559, 35.35918], [-118.95865, 35.35921], [-118.95865, 35.35776], [-118.96013, 35.35775], [-118.96148, 35.35774], [-118.96254, 35.35774], [-118.96309, 35.35773], [-118.96351, 35.35773], [-118.96439, 35.35773], [-118.9654, 35.35772], [-118.96568, 35.35772], [-118.96641, 35.3577], [-118.96752, 35.35771], [-118.96752, 35.35462], [-118.96762, 35.35463], [-118.96821, 35.35462], [-118.96821, 35.35457], [-118.96821, 35.3542], [-118.96821, 35.35416], [-118.96819, 35.35407], [-118.97195, 35.35405], [-118.97195, 35.35683], [-118.97195, 35.35769], [-118.97327, 35.35767], [-118.97543, 35.35766], [-118.97637, 35.35764], [-118.97638, 35.36064], [-118.97446, 35.36065], [-118.97453, 35.36072], [-118.97461, 35.36079], [-118.97469, 35.36085], [-118.97477, 35.36091], [-118.97486, 35.36096], [-118.97496, 35.36101], [-118.97506, 35.36105], [-118.97516, 35.36109], [-118.97526, 35.36112], [-118.97537, 35.36114], [-118.97536, 35.36129], [-118.97638, 35.36128], [-118.9786, 35.36127], [-118.97958, 35.36126], [-118.98055, 35.36125], [-118.98094, 35.36125], [-118.98093, 35.36166], [-118.98111, 35.36166], [-118.98106, 35.36179], [-118.98099, 35.36193], [-118.98091, 35.36207], [-118.98062, 35.36263], [-118.98044, 35.36297], [-118.98038, 35.36308], [-118.97952, 35.36308], [-118.9793, 35.36308], [-118.97924, 35.36308], [-118.97859, 35.36309], [-118.97859, 35.36491], [-118.97957, 35.3649], [-118.9794, 35.36534], [-118.9792, 35.36587], [-118.97827, 35.36849], [-118.97826, 35.36853], [-118.97637, 35.36855], [-118.97636, 35.37036], [-118.97635, 35.37092], [-118.97552, 35.37092], [-118.9754, 35.37092], [-118.97517, 35.37092], [-118.97517, 35.37096], [-118.97515, 35.37251], [-118.97515, 35.37263], [-118.97531, 35.3726], [-118.97553, 35.37256], [-118.97558, 35.37256], [-118.97581, 35.37252], [-118.97624, 35.37245], [-118.97634, 35.37243], [-118.97634, 35.37281], [-118.97634, 35.37298], [-118.97625, 35.37342], [-118.97624, 35.37365], [-118.97624, 35.37401], [-118.97623, 35.3745], [-118.97624, 35.37504], [-118.97625, 35.37519], [-118.97626, 35.37525], [-118.97605, 35.37511], [-118.97519, 35.3749], [-118.97514, 35.37489], [-118.97512, 35.37496], [-118.97631, 35.37575], [-118.97635, 35.37621], [-118.97597, 35.37726], [-118.97559, 35.37832], [-118.97544, 35.37874], [-118.97541, 35.37882], [-118.97631, 35.37903], [-118.9763, 35.37963], [-118.97629, 35.38045], [-118.97628, 35.38077], [-118.97628, 35.38086], [-118.97628, 35.3811], [-118.97627, 35.38191], [-118.97621, 35.38305], [-118.97672, 35.38299], [-118.97728, 35.383], [-118.9783, 35.38301], [-118.97895, 35.38301], [-118.98, 35.38301], [-118.98061, 35.38308], [-118.98092, 35.38322], [-118.98135, 35.38333], [-118.98142, 35.38315], [-118.98145, 35.38306], [-118.98147, 35.38301], [-118.98231, 35.38301], [-118.98266, 35.38301], [-118.98399, 35.38301], [-118.98512, 35.38302], [-118.98528, 35.38407], [-118.98491, 35.38513], [-118.98474, 35.3856], [-118.98469, 35.38574], [-118.98447, 35.38634], [-118.98441, 35.38648], [-118.98434, 35.38661], [-118.98426, 35.38674], [-118.98414, 35.38689], [-118.984, 35.38703], [-118.98386, 35.38717], [-118.98346, 35.38755], [-118.9834, 35.3876], [-118.98344, 35.38761], [-118.98363, 35.38766], [-118.98384, 35.38771], [-118.98398, 35.38774], [-118.98499, 35.38798], [-118.9849, 35.38822], [-118.98483, 35.38843], [-118.98489, 35.38844], [-118.98515, 35.38851], [-118.98517, 35.38863], [-118.98515, 35.38867], [-118.98515, 35.38906], [-118.98515, 35.38925], [-118.98515, 35.38933], [-118.98515, 35.38937], [-118.98515, 35.38954], [-118.98511, 35.38964], [-118.9851, 35.38969], [-118.9851, 35.38982], [-118.9851, 35.38998], [-118.98512, 35.39002], [-118.98515, 35.39009], [-118.98515, 35.39013], [-118.98641, 35.39013], [-118.98648, 35.39013], [-118.9876, 35.39016], [-118.98815, 35.39014], [-118.98829, 35.39013], [-118.98983, 35.39013], [-118.98997, 35.39013], [-118.98993, 35.39024], [-118.98991, 35.39029], [-118.98989, 35.39036], [-118.99026, 35.39036], [-118.99048, 35.39036], [-118.99048, 35.39047], [-118.99048, 35.39074], [-118.99065, 35.39074], [-118.99079, 35.39074], [-118.99133, 35.39074], [-118.99167, 35.39074], [-118.9918, 35.39074], [-118.99226, 35.39074], [-118.99226, 35.3903], [-118.99226, 35.39023], [-118.99226, 35.39017], [-118.99226, 35.39013], [-118.99239, 35.39013], [-118.99284, 35.39013], [-118.99317, 35.39013], [-118.99337, 35.39013], [-118.99395, 35.39012], [-118.99402, 35.39012], [-118.99487, 35.39012], [-118.99651, 35.39012], [-118.99652, 35.39023], [-118.99652, 35.39026], [-118.99652, 35.39027], [-118.99653, 35.39074], [-118.99652, 35.39083], [-118.99629, 35.39096], [-118.99564, 35.39139], [-118.99573, 35.39146], [-118.99595, 35.39166], [-118.99516, 35.39218], [-118.99501, 35.39225], [-118.9949, 35.39229], [-118.9947, 35.39235], [-118.99461, 35.39236], [-118.99452, 35.39237], [-118.99431, 35.39237], [-118.99418, 35.39236], [-118.99409, 35.39232], [-118.99405, 35.39251], [-118.99404, 35.39256], [-118.99402, 35.3927], [-118.99401, 35.39281], [-118.99416, 35.39282], [-118.99461, 35.39282], [-118.99516, 35.3927], [-118.99626, 35.39198], [-118.9966, 35.39232], [-118.99663, 35.39234], [-118.99664, 35.39234], [-118.99681, 35.39251], [-118.99688, 35.39245], [-118.9972, 35.39226], [-118.9973, 35.39236], [-118.99738, 35.39243], [-118.99774, 35.39281], [-118.99778, 35.39282], [-118.99794, 35.39297], [-118.99812, 35.39312], [-118.99824, 35.39321], [-118.99846, 35.39338], [-118.99855, 35.39343], [-118.99853, 35.39347], [-118.99848, 35.39363], [-118.99845, 35.39382], [-118.99844, 35.39395], [-118.99843, 35.39403], [-118.99897, 35.39408], [-118.99895, 35.39428], [-118.99893, 35.3945], [-118.99885, 35.39497], [-118.99874, 35.39531], [-118.99848, 35.39538], [-118.99843, 35.3954], [-118.99843, 35.39548], [-118.99844, 35.39747], [-118.99845, 35.39797], [-118.99848, 35.39932], [-118.99849, 35.39998], [-118.99852, 35.40113], [-118.99855, 35.40264], [-118.99857, 35.4037], [-118.99859, 35.40454], [-118.99458, 35.40672], [-118.994, 35.40704], [-118.99289, 35.40764], [-118.99259, 35.40779], [-118.99238, 35.40788], [-118.99207, 35.408], [-118.99174, 35.40812], [-118.9917, 35.40813], [-118.99078, 35.40843], [-118.99002, 35.40867], [-118.98983, 35.40873], [-118.98983, 35.40857], [-118.98982, 35.40851], [-118.98982, 35.40831], [-118.98982, 35.40827], [-118.98981, 35.40762], [-118.98979, 35.40684], [-118.98976, 35.40537], [-118.98975, 35.40508], [-118.98975, 35.40485], [-118.98975, 35.40478], [-118.98942, 35.40479], [-118.98775, 35.40479], [-118.98532, 35.40479], [-118.98527, 35.40239], [-118.98525, 35.40158], [-118.98525, 35.40156], [-118.98523, 35.40074], [-118.98522, 35.40016], [-118.9852, 35.39933], [-118.98516, 35.39751], [-118.98413, 35.39751], [-118.98368, 35.39751], [-118.98368, 35.39729], [-118.98367, 35.39649], [-118.98367, 35.3961], [-118.98121, 35.39608], [-118.98124, 35.39678], [-118.98124, 35.39704], [-118.98098, 35.39704], [-118.98077, 35.39704], [-118.97854, 35.39703], [-118.97633, 35.39701], [-118.97633, 35.39677], [-118.97633, 35.39661], [-118.97633, 35.3957], [-118.97634, 35.39389], [-118.97633, 35.39234], [-118.97633, 35.3923], [-118.97633, 35.39199], [-118.97633, 35.39187], [-118.97633, 35.39159], [-118.97632, 35.39123], [-118.97599, 35.39121], [-118.97559, 35.39119], [-118.97522, 35.39117], [-118.97513, 35.39163], [-118.97509, 35.39191], [-118.9756, 35.39219], [-118.97356, 35.39275], [-118.97046, 35.39359], [-118.96968, 35.3938], [-118.96968, 35.39374], [-118.96969, 35.39349], [-118.96968, 35.39273], [-118.96968, 35.39251], [-118.96968, 35.39207], [-118.96747, 35.39209], [-118.96729, 35.3921], [-118.96633, 35.39211], [-118.96533, 35.39212], [-118.96526, 35.39212], [-118.96525, 35.39176], [-118.96525, 35.39122], [-118.96635, 35.3912], [-118.96658, 35.39119], [-118.96706, 35.39119], [-118.96728, 35.39119], [-118.96747, 35.39119], [-118.96747, 35.39116], [-118.96746, 35.39028], [-118.96854, 35.39027], [-118.96962, 35.39027], [-118.96967, 35.39027], [-118.96999, 35.38942], [-118.97, 35.38897], [-118.97002, 35.38886], [-118.97005, 35.38876], [-118.97033, 35.38789], [-118.97035, 35.38777], [-118.97035, 35.38753], [-118.97036, 35.38663], [-118.97083, 35.38663], [-118.97099, 35.38663], [-118.97254, 35.38663], [-118.97275, 35.38605], [-118.97164, 35.38551], [-118.97188, 35.38484], [-118.97188, 35.38421], [-118.97188, 35.38355], [-118.97187, 35.38315], [-118.97364, 35.38358], [-118.97371, 35.3836], [-118.97409, 35.38254], [-118.97254, 35.38217], [-118.97105, 35.38181], [-118.96988, 35.38153], [-118.96945, 35.38143], [-118.9689, 35.38129], [-118.96744, 35.38094], [-118.96742, 35.38301], [-118.96743, 35.38444], [-118.96743, 35.38528], [-118.96744, 35.38662], [-118.96532, 35.38667], [-118.96522, 35.38668], [-118.96522, 35.38706], [-118.9651, 35.38786], [-118.96483, 35.38847], [-118.96425, 35.38848], [-118.96418, 35.38848], [-118.96391, 35.38848], [-118.96356, 35.38849], [-118.96302, 35.38849], [-118.96303, 35.38704], [-118.96305, 35.38675], [-118.96256, 35.38669], [-118.95932, 35.38671], [-118.95925, 35.38672], [-118.95925, 35.38675], [-118.95882, 35.38711], [-118.95841, 35.38739], [-118.95842, 35.38741], [-118.95844, 35.38745], [-118.95847, 35.38752], [-118.9585, 35.3876], [-118.95853, 35.38773], [-118.95854, 35.3878], [-118.95854, 35.38787], [-118.95853, 35.388], [-118.95858, 35.38848], [-118.95858, 35.38852], [-118.95859, 35.38938], [-118.95859, 35.38997], [-118.9586, 35.39028], [-118.95844, 35.39028], [-118.95638, 35.3903], [-118.95619, 35.39031], [-118.95606, 35.39032], [-118.95592, 35.39036], [-118.95582, 35.39039], [-118.95508, 35.39039], [-118.95485, 35.3904], [-118.95434, 35.3904], [-118.95417, 35.3904], [-118.95417, 35.39044], [-118.95417, 35.39047], [-118.95417, 35.39062], [-118.95417, 35.39085], [-118.95362, 35.39086], [-118.95358, 35.39086], [-118.95324, 35.39086], [-118.95205, 35.39088], [-118.95113, 35.3909], [-118.95093, 35.3909], [-118.95093, 35.39119], [-118.95094, 35.39133], [-118.95064, 35.39133], [-118.95008, 35.39133], [-118.95, 35.39133], [-118.94985, 35.39134], [-118.94975, 35.39134], [-118.94958, 35.39134], [-118.94956, 35.39137], [-118.94956, 35.39154], [-118.94957, 35.39172], [-118.94957, 35.39176], [-118.94947, 35.39176], [-118.94945, 35.39176], [-118.94891, 35.39177], [-118.94882, 35.39189], [-118.94857, 35.39221], [-118.94821, 35.39268], [-118.94821, 35.39276], [-118.94821, 35.39279], [-118.94814, 35.39284], [-118.94766, 35.39288], [-118.94581, 35.39284], [-118.94546, 35.39284], [-118.94533, 35.39284], [-118.94533, 35.39312], [-118.94536, 35.39614], [-118.94537, 35.39629], [-118.94488, 35.3963], [-118.94385, 35.39634], [-118.94096, 35.3963], [-118.93726, 35.39626], [-118.93658, 35.3963], [-118.93615, 35.39632], [-118.93577, 35.39633], [-118.93571, 35.39633], [-118.9355, 35.39634], [-118.93517, 35.39634], [-118.9327, 35.39637], [-118.93263, 35.39637], [-118.93206, 35.39638], [-118.93206, 35.39616], [-118.93205, 35.39593], [-118.93204, 35.39488], [-118.93204, 35.39477], [-118.93203, 35.3939], [-118.93201, 35.39104], [-118.93201, 35.39061], [-118.932, 35.38992], [-118.93198, 35.38814], [-118.93198, 35.38761], [-118.93197, 35.387], [-118.93197, 35.38697], [-118.93245, 35.38696], [-118.93299, 35.38696], [-118.93334, 35.38695], [-118.93349, 35.38696], [-118.93359, 35.38695], [-118.93409, 35.38695], [-118.93409, 35.38687], [-118.93408, 35.38652], [-118.93408, 35.38649], [-118.93447, 35.38649], [-118.93618, 35.38647], [-118.93684, 35.38647], [-118.93691, 35.38647], [-118.9371, 35.3865], [-118.93713, 35.38634], [-118.93716, 35.3861], [-118.93717, 35.38602], [-118.93709, 35.38601], [-118.93711, 35.38579], [-118.93715, 35.38554], [-118.93758, 35.3856], [-118.93818, 35.38471], [-118.93888, 35.38374], [-118.93893, 35.38367], [-118.93896, 35.3836], [-118.939, 35.38353], [-118.939, 35.38325], [-118.93899, 35.38313], [-118.93867, 35.38313], [-118.93832, 35.38313], [-118.93826, 35.38313], [-118.93814, 35.38314], [-118.93814, 35.38303], [-118.93813, 35.38246], [-118.93817, 35.38207], [-118.93824, 35.38185], [-118.93913, 35.38084], [-118.93911, 35.38081], [-118.93911, 35.38046], [-118.93923, 35.38046], [-118.93922, 35.38025], [-118.93922, 35.37962], [-118.93783, 35.37964], [-118.93483, 35.37966], [-118.93211, 35.3797], [-118.9321, 35.38026], [-118.9321, 35.38031], [-118.9321, 35.38035], [-118.9321, 35.3804], [-118.9321, 35.38045], [-118.93209, 35.38049], [-118.93208, 35.38055], [-118.93208, 35.38058], [-118.93207, 35.38063], [-118.93206, 35.38067], [-118.93205, 35.38071], [-118.93204, 35.38076], [-118.93202, 35.38086], [-118.93201, 35.3809], [-118.93199, 35.38094], [-118.93197, 35.38099], [-118.93196, 35.38104], [-118.93195, 35.38107], [-118.93195, 35.38146], [-118.93194, 35.383], [-118.93194, 35.3832], [-118.93195, 35.38332], [-118.93151, 35.38332], [-118.93021, 35.38333], [-118.92912, 35.38335], [-118.92809, 35.38336], [-118.92746, 35.38336], [-118.92715, 35.38337], [-118.92612, 35.38338], [-118.92507, 35.38339], [-118.92477, 35.38339], [-118.92476, 35.3818], [-118.92478, 35.38093], [-118.92478, 35.38058], [-118.92454, 35.38058], [-118.92454, 35.38017], [-118.92454, 35.37937], [-118.92455, 35.37929], [-118.92469, 35.37929], [-118.9247, 35.37626], [-118.9247, 35.37615], [-118.92423, 35.37616], [-118.9231, 35.37617], [-118.91866, 35.37621], [-118.91865, 35.37982], [-118.91593, 35.37984], [-118.91421, 35.37986], [-118.91421, 35.38036], [-118.91403, 35.38036], [-118.91352, 35.38036], [-118.91352, 35.38028], [-118.91328, 35.38029], [-118.9131, 35.38029], [-118.912, 35.38029], [-118.91195, 35.38031], [-118.91194, 35.38097], [-118.91194, 35.38169], [-118.91168, 35.38168], [-118.91096, 35.38169], [-118.91078, 35.38169], [-118.91009, 35.3817], [-118.90968, 35.3817], [-118.90968, 35.38174], [-118.90968, 35.38302], [-118.90968, 35.38312], [-118.90968, 35.38325], [-118.90968, 35.38352], [-118.90875, 35.38352], [-118.90746, 35.38352], [-118.90746, 35.3833], [-118.90746, 35.37916], [-118.90709, 35.37916], [-118.90711, 35.37803], [-118.90688, 35.37818], [-118.90543, 35.37914], [-118.90538, 35.37918], [-118.90521, 35.37928], [-118.90518, 35.3793], [-118.90524, 35.38334], [-118.90523, 35.38353], [-118.90319, 35.38354], [-118.89793, 35.38357], [-118.89769, 35.38358], [-118.89764, 35.38358], [-118.89704, 35.38358], [-118.89677, 35.38357], [-118.89638, 35.3836], [-118.89636, 35.38231], [-118.89637, 35.36901], [-118.89635, 35.36902], [-118.89521, 35.36902], [-118.89415, 35.36902], [-118.89415, 35.36884], [-118.89417, 35.36538], [-118.89196, 35.36539], [-118.89195, 35.36723], [-118.89194, 35.36873], [-118.89194, 35.36902], [-118.88267, 35.36895], [-118.87893, 35.36902], [-118.87866, 35.36902], [-118.87866, 35.36911], [-118.87867, 35.37203], [-118.87867, 35.3751], [-118.87867, 35.37521], [-118.87869, 35.38046], [-118.87869, 35.38359], [-118.87776, 35.38359], [-118.87772, 35.38359], [-118.87177, 35.38361], [-118.87157, 35.38361], [-118.86993, 35.38361], [-118.86986, 35.38361], [-118.86777, 35.38362], [-118.86142, 35.38363], [-118.86091, 35.38364], [-118.8609, 35.38369], [-118.86093, 35.38373], [-118.86096, 35.38386], [-118.86096, 35.384], [-118.86098, 35.38429], [-118.86096, 35.38486], [-118.86093, 35.38542], [-118.86092, 35.38594], [-118.86095, 35.38648], [-118.86096, 35.38701], [-118.86096, 35.38724], [-118.86098, 35.38902], [-118.861, 35.39124], [-118.86098, 35.39484], [-118.86096, 35.39706], [-118.86095, 35.39748], [-118.86094, 35.39802], [-118.86094, 35.39815], [-118.86104, 35.39815], [-118.86232, 35.39815], [-118.86774, 35.39813], [-118.86979, 35.39812], [-118.86989, 35.39811], [-118.86989, 35.39898], [-118.86993, 35.39993], [-118.86988, 35.40045], [-118.86988, 35.40071], [-118.8699, 35.40094], [-118.86991, 35.40113], [-118.86987, 35.40173], [-118.86982, 35.40191], [-118.86978, 35.40214], [-118.86977, 35.40257], [-118.86977, 35.40278], [-118.86978, 35.40347], [-118.86979, 35.40388], [-118.86981, 35.404], [-118.86981, 35.40433], [-118.86981, 35.40439], [-118.86981, 35.40485], [-118.86981, 35.40537], [-118.86974, 35.40537], [-118.86969, 35.40537], [-118.86888, 35.40538], [-118.86861, 35.40538], [-118.86796, 35.40538], [-118.86781, 35.40538], [-118.8676, 35.4054], [-118.8676, 35.40555], [-118.8676, 35.40559], [-118.86761, 35.40629], [-118.86761, 35.40676], [-118.86761, 35.40699], [-118.86761, 35.40712], [-118.86761, 35.40901], [-118.86539, 35.40901], [-118.8637, 35.40902], [-118.861, 35.40903], [-118.86102, 35.40723], [-118.86102, 35.40718], [-118.86148, 35.40705], [-118.86213, 35.40684], [-118.86319, 35.40651], [-118.86434, 35.40613], [-118.86539, 35.4058], [-118.86539, 35.40576], [-118.86539, 35.40345], [-118.86539, 35.40336], [-118.86538, 35.40176], [-118.86538, 35.40173], [-118.86426, 35.40173], [-118.86346, 35.40172], [-118.86335, 35.40171], [-118.86329, 35.40167], [-118.8611, 35.40176], [-118.86096, 35.40178], [-118.86096, 35.40184], [-118.86096, 35.40311], [-118.86097, 35.40453], [-118.86097, 35.40541], [-118.8594, 35.40541], [-118.85933, 35.40541], [-118.85843, 35.40543], [-118.85807, 35.40543], [-118.85795, 35.40542], [-118.85795, 35.40538], [-118.85795, 35.40501], [-118.85774, 35.40501], [-118.85768, 35.40507], [-118.85739, 35.40507], [-118.85732, 35.40507], [-118.85726, 35.40508], [-118.85721, 35.40508], [-118.85715, 35.40509], [-118.8571, 35.40509], [-118.85706, 35.4051], [-118.85636, 35.40523], [-118.8563, 35.40524], [-118.85626, 35.40525], [-118.85618, 35.40525], [-118.85613, 35.40525], [-118.85608, 35.40526], [-118.85082, 35.4053], [-118.85076, 35.4053], [-118.8507, 35.4053], [-118.85065, 35.40529], [-118.8506, 35.40529], [-118.85055, 35.40528], [-118.85049, 35.40527], [-118.85044, 35.40526], [-118.85039, 35.40525], [-118.85004, 35.40516], [-118.85003, 35.40465], [-118.84918, 35.40465], [-118.84918, 35.40444], [-118.84914, 35.39824], [-118.84459, 35.39832], [-118.84342, 35.39833], [-118.84326, 35.39834], [-118.84327, 35.39803], [-118.84327, 35.39779], [-118.84327, 35.39776], [-118.84328, 35.39743], [-118.84329, 35.39695], [-118.8433, 35.39519], [-118.84334, 35.39143], [-118.84334, 35.39096], [-118.84334, 35.39091], [-118.84339, 35.38813], [-118.8434, 35.38777], [-118.84341, 35.38703], [-118.84343, 35.38556], [-118.84346, 35.38381], [-118.8314, 35.38384], [-118.82731, 35.38385], [-118.82561, 35.38385], [-118.82561, 35.38444], [-118.82562, 35.3889], [-118.82563, 35.39264], [-118.82564, 35.39828], [-118.82562, 35.39838], [-118.82469, 35.39839], [-118.81871, 35.39849], [-118.81306, 35.39859], [-118.81155, 35.39862], [-118.81069, 35.39863], [-118.80982, 35.39865], [-118.80827, 35.39868], [-118.80802, 35.39868], [-118.80789, 35.39869], [-118.80791, 35.40276], [-118.80791, 35.40403], [-118.80792, 35.40594], [-118.80794, 35.40859], [-118.80796, 35.41022], [-118.80796, 35.41114], [-118.80797, 35.41192], [-118.80797, 35.41267], [-118.80797, 35.41285], [-118.80799, 35.41782], [-118.80799, 35.42018], [-118.80799, 35.42043], [-118.80799, 35.42192], [-118.808, 35.42752], [-118.808, 35.42771], [-118.80707, 35.42771], [-118.80503, 35.42769], [-118.80483, 35.42769], [-118.80243, 35.42769], [-118.79913, 35.42765], [-118.79501, 35.42763], [-118.79031, 35.42759], [-118.78896, 35.42758], [-118.7849, 35.42754], [-118.78467, 35.42754], [-118.78266, 35.42752], [-118.78206, 35.42751], [-118.78149, 35.42751], [-118.77859, 35.42748], [-118.7784, 35.42748], [-118.7762, 35.42746], [-118.7751, 35.42745], [-118.77266, 35.42743], [-118.77268, 35.42805], [-118.77269, 35.42856], [-118.7727, 35.42918], [-118.77271, 35.4295], [-118.77273, 35.43027], [-118.77275, 35.43097], [-118.77277, 35.43193], [-118.77279, 35.43241], [-118.77284, 35.43464], [-118.77418, 35.43465], [-118.77895, 35.4347], [-118.78113, 35.43472], [-118.78627, 35.43477], [-118.78864, 35.43479], [-118.7905, 35.43481], [-118.79052, 35.43607], [-118.79053, 35.43699], [-118.79054, 35.43772], [-118.79058, 35.4414], [-118.79059, 35.44207], [-118.79098, 35.44207], [-118.79124, 35.44208], [-118.79159, 35.44208], [-118.7918, 35.44208], [-118.79228, 35.44209], [-118.79269, 35.44209], [-118.79273, 35.44209], [-118.79278, 35.44209], [-118.79284, 35.44209], [-118.79294, 35.44209], [-118.79305, 35.44209], [-118.79317, 35.4421], [-118.79327, 35.4421], [-118.79334, 35.44209], [-118.79341, 35.4421], [-118.79347, 35.4421], [-118.7935, 35.4421], [-118.79363, 35.44197], [-118.79401, 35.44171], [-118.7944, 35.44134], [-118.79487, 35.44106], [-118.79557, 35.44052], [-118.79605, 35.44028], [-118.79751, 35.43999], [-118.79776, 35.44005], [-118.79836, 35.43993], [-118.79874, 35.43997], [-118.79983, 35.43979], [-118.80016, 35.4398], [-118.8008, 35.43968], [-118.801, 35.43971], [-118.80134, 35.43964], [-118.8021, 35.43942], [-118.80356, 35.43913], [-118.80473, 35.43876], [-118.80492, 35.43861], [-118.806, 35.43828], [-118.80605, 35.43823], [-118.8073, 35.43773], [-118.80756, 35.43763], [-118.80809, 35.43734], [-118.80853, 35.43714], [-118.80909, 35.43688], [-118.80961, 35.4365], [-118.81022, 35.43551], [-118.81075, 35.43519], [-118.81097, 35.43493], [-118.81133, 35.43462], [-118.8119, 35.43419], [-118.81199, 35.43413], [-118.81226, 35.43391], [-118.81232, 35.43386], [-118.81237, 35.43381], [-118.81245, 35.43375], [-118.81257, 35.43372], [-118.81273, 35.43372], [-118.81345, 35.43389], [-118.81368, 35.43397], [-118.81387, 35.43411], [-118.81408, 35.4344], [-118.81418, 35.43463], [-118.81424, 35.43479], [-118.81428, 35.43488], [-118.81441, 35.43502], [-118.81462, 35.43509], [-118.81512, 35.43522], [-118.8155, 35.43535], [-118.81622, 35.43573], [-118.81657, 35.43581], [-118.81683, 35.43585], [-118.81701, 35.43585], [-118.81702, 35.43777], [-118.81702, 35.4387], [-118.81704, 35.4408], [-118.81704, 35.44106], [-118.81705, 35.44219], [-118.81713, 35.44219], [-118.8222, 35.44218], [-118.8266, 35.44217], [-118.82773, 35.44215], [-118.82937, 35.44213], [-118.83029, 35.44212], [-118.8303, 35.44151], [-118.83031, 35.44016], [-118.83032, 35.43837], [-118.83032, 35.43798], [-118.83032, 35.43775], [-118.83034, 35.43472], [-118.83036, 35.42915], [-118.83038, 35.42701], [-118.83038, 35.42685], [-118.83038, 35.42661], [-118.83073, 35.42673], [-118.83107, 35.42681], [-118.83123, 35.42684], [-118.83148, 35.42687], [-118.83175, 35.42687], [-118.83195, 35.42687], [-118.83223, 35.42677], [-118.83277, 35.4266], [-118.8333, 35.42653], [-118.83396, 35.42649], [-118.83466, 35.42655], [-118.83547, 35.42662], [-118.83608, 35.42675], [-118.83653, 35.42678], [-118.83714, 35.42673], [-118.83761, 35.42666], [-118.8377, 35.42666], [-118.8383, 35.42667], [-118.83864, 35.42673], [-118.83914, 35.42682], [-118.84006, 35.42691], [-118.84063, 35.42688], [-118.84103, 35.42689], [-118.84133, 35.42677], [-118.84224, 35.42678], [-118.84241, 35.42681], [-118.84273, 35.42681], [-118.84348, 35.42682], [-118.84389, 35.42689], [-118.84433, 35.42693], [-118.84478, 35.427], [-118.84512, 35.42701], [-118.84546, 35.42711], [-118.84587, 35.42727], [-118.84624, 35.4274], [-118.84651, 35.42748], [-118.84676, 35.42752], [-118.84714, 35.42765], [-118.84757, 35.4277], [-118.84807, 35.42789], [-118.84834, 35.42803], [-118.84897, 35.42815], [-118.8493, 35.4283], [-118.84957, 35.42849], [-118.84967, 35.42885], [-118.84989, 35.42922], [-118.84997, 35.42931], [-118.85015, 35.42938], [-118.85073, 35.42977], [-118.85131, 35.4303], [-118.85149, 35.43053], [-118.85169, 35.43078], [-118.8519, 35.43101], [-118.85211, 35.43119], [-118.85238, 35.43136], [-118.85296, 35.43195], [-118.85318, 35.43235], [-118.85339, 35.43285], [-118.85348, 35.43318], [-118.85377, 35.4332], [-118.85391, 35.43321], [-118.85415, 35.43324], [-118.85426, 35.43324], [-118.85833, 35.43307], [-118.85849, 35.43307], [-118.85865, 35.43293], [-118.85883, 35.43277], [-118.85942, 35.43278], [-118.86017, 35.43279], [-118.86044, 35.43268], [-118.86048, 35.43266], [-118.86047, 35.43274], [-118.86061, 35.43304], [-118.86092, 35.43295], [-118.86118, 35.43289], [-118.86143, 35.43286], [-118.86179, 35.43286], [-118.86193, 35.43287], [-118.86372, 35.43316], [-118.86405, 35.43321], [-118.8654, 35.43344], [-118.86573, 35.43349], [-118.86601, 35.43329], [-118.86733, 35.4341], [-118.86746, 35.43417], [-118.86761, 35.43422], [-118.86774, 35.43424], [-118.86791, 35.43426], [-118.86858, 35.43427], [-118.86993, 35.43425], [-118.87015, 35.43427], [-118.87028, 35.43431], [-118.87037, 35.43435], [-118.87049, 35.43443], [-118.87164, 35.4353], [-118.87174, 35.43537], [-118.87184, 35.43542], [-118.87193, 35.43545], [-118.87206, 35.43546], [-118.87435, 35.43563], [-118.87449, 35.43562], [-118.87466, 35.43557], [-118.87479, 35.4355], [-118.87487, 35.43541], [-118.87492, 35.43533], [-118.875, 35.43516], [-118.87531, 35.43422], [-118.87541, 35.43406], [-118.87548, 35.43397], [-118.87592, 35.43358], [-118.87629, 35.43324], [-118.8771, 35.43264], [-118.87719, 35.43259], [-118.87739, 35.43248], [-118.87751, 35.43243], [-118.87768, 35.43238], [-118.87796, 35.43232], [-118.87879, 35.43217], [-118.87949, 35.43202], [-118.88011, 35.43184], [-118.8806, 35.43171], [-118.88121, 35.43153], [-118.88138, 35.43151], [-118.88155, 35.43149], [-118.88174, 35.43151], [-118.882, 35.4316], [-118.88256, 35.43189], [-118.88267, 35.43193], [-118.88282, 35.43195], [-118.88294, 35.43195], [-118.88371, 35.43183], [-118.88511, 35.43162], [-118.88574, 35.43154], [-118.8862, 35.43147], [-118.88625, 35.43146], [-118.88719, 35.43137], [-118.8874, 35.43137], [-118.88771, 35.43138], [-118.8881, 35.43137], [-118.8882, 35.43136], [-118.88826, 35.43134], [-118.88829, 35.43132], [-118.88836, 35.43123], [-118.88843, 35.431], [-118.88901, 35.43101], [-118.88993, 35.43109], [-118.89038, 35.43114], [-118.89075, 35.43122], [-118.89105, 35.4313], [-118.8913, 35.43138], [-118.89261, 35.43186], [-118.89405, 35.43242], [-118.89533, 35.43292], [-118.89572, 35.43306], [-118.89648, 35.43335], [-118.89699, 35.43351], [-118.89777, 35.4338], [-118.89935, 35.43437], [-118.89972, 35.43453], [-118.90015, 35.43476], [-118.90049, 35.43497], [-118.90079, 35.43521], [-118.90109, 35.43546], [-118.90129, 35.43565], [-118.90148, 35.43585], [-118.90176, 35.4362], [-118.90195, 35.43647], [-118.90211, 35.43675], [-118.90224, 35.43699], [-118.90237, 35.43731], [-118.90247, 35.43765], [-118.90253, 35.43791], [-118.90275, 35.43919], [-118.90284, 35.4397], [-118.90292, 35.44031], [-118.90303, 35.44143], [-118.90307, 35.44179], [-118.90333, 35.44177], [-118.90352, 35.44176], [-118.90379, 35.44176], [-118.90383, 35.44176], [-118.90451, 35.44176], [-118.91022, 35.44169], [-118.91329, 35.44165], [-118.91633, 35.44163], [-118.91649, 35.44163], [-118.91952, 35.44161], [-118.92019, 35.44161], [-118.92209, 35.4416], [-118.9221, 35.44335], [-118.9221, 35.44343], [-118.9221, 35.44412], [-118.92256, 35.44411], [-118.92432, 35.44409], [-118.92472, 35.44408], [-118.9248, 35.44408], [-118.92491, 35.44408], [-118.92498, 35.44407], [-118.92532, 35.44407], [-118.92533, 35.44514], [-118.92523, 35.44568], [-118.92554, 35.44579], [-118.92666, 35.44612], [-118.92696, 35.4462], [-118.92733, 35.44632], [-118.92765, 35.44646], [-118.92814, 35.44669], [-118.92899, 35.44718], [-118.92942, 35.44745], [-118.92967, 35.44757], [-118.92984, 35.44763], [-118.93008, 35.44772], [-118.93063, 35.44787], [-118.93088, 35.44791], [-118.93107, 35.44793], [-118.93156, 35.44797], [-118.93189, 35.44797], [-118.9323, 35.44793], [-118.93267, 35.44786], [-118.93309, 35.44775], [-118.93343, 35.44764], [-118.93376, 35.44749], [-118.93401, 35.44735], [-118.93424, 35.4472], [-118.93452, 35.447], [-118.93482, 35.44672], [-118.93502, 35.44651], [-118.93526, 35.44621], [-118.93533, 35.44609], [-118.93545, 35.44587], [-118.93555, 35.44566], [-118.93566, 35.44538], [-118.93575, 35.44503], [-118.93578, 35.44483], [-118.93579, 35.44434], [-118.93576, 35.44406], [-118.93569, 35.44369], [-118.93564, 35.44353], [-118.93549, 35.44319], [-118.93544, 35.44312], [-118.93518, 35.44272], [-118.93376, 35.44081], [-118.93236, 35.4388], [-118.93221, 35.43856], [-118.9321, 35.43836], [-118.93202, 35.43815], [-118.93191, 35.43793], [-118.93184, 35.43773], [-118.93172, 35.43721], [-118.93166, 35.43682], [-118.93162, 35.43603], [-118.93163, 35.43583], [-118.93167, 35.43551], [-118.93166, 35.43525], [-118.93171, 35.43478], [-118.93196, 35.43301], [-118.93233, 35.4316], [-118.93268, 35.43033], [-118.93291, 35.42978], [-118.93311, 35.42919], [-118.93391, 35.4281], [-118.93424, 35.42775], [-118.93508, 35.42712], [-118.93596, 35.42664], [-118.93652, 35.42649], [-118.93804, 35.4262], [-118.93937, 35.42613], [-118.93942, 35.42606], [-118.93989, 35.42595], [-118.94137, 35.42533], [-118.94234, 35.42493], [-118.94455, 35.42393], [-118.94492, 35.42363], [-118.94544, 35.42346], [-118.94755, 35.42212], [-118.94875, 35.42156], [-118.94887, 35.4217], [-118.94896, 35.42181], [-118.95077, 35.42081], [-118.95105, 35.42067], [-118.95199, 35.42015], [-118.95238, 35.41994], [-118.95263, 35.41981], [-118.95288, 35.41969], [-118.95339, 35.41945], [-118.95538, 35.41863], [-118.95613, 35.41832], [-118.95606, 35.4182], [-118.95727, 35.41765], [-118.95755, 35.41754], [-118.9577, 35.41748], [-118.95786, 35.4174], [-118.95804, 35.41729], [-118.9582, 35.41717], [-118.95919, 35.41631], [-118.95939, 35.41616], [-118.95958, 35.41604], [-118.95983, 35.4159], [-118.95999, 35.41583], [-118.96022, 35.41574], [-118.96257, 35.4149], [-118.9631, 35.41471], [-118.96332, 35.41464], [-118.96355, 35.41459], [-118.96384, 35.41453], [-118.96407, 35.41451], [-118.96431, 35.41449], [-118.96513, 35.41448], [-118.96536, 35.41447], [-118.96559, 35.41444], [-118.96582, 35.4144], [-118.96604, 35.41435], [-118.96626, 35.41428], [-118.96647, 35.4142], [-118.96662, 35.41414], [-118.96685, 35.41402], [-118.96686, 35.41402], [-118.96705, 35.41419], [-118.96746, 35.41396], [-118.96761, 35.41387], [-118.9683, 35.41347], [-118.96835, 35.41345], [-118.96946, 35.4128], [-118.96951, 35.41277], [-118.96956, 35.41275], [-118.96962, 35.41271], [-118.96968, 35.41268], [-118.96973, 35.41265], [-118.96979, 35.41262], [-118.96985, 35.41259], [-118.96987, 35.41257], [-118.96991, 35.41256], [-118.96995, 35.41254], [-118.97001, 35.41251], [-118.97004, 35.41249], [-118.97007, 35.41248], [-118.97011, 35.41246], [-118.97016, 35.41243], [-118.97027, 35.41238], [-118.97032, 35.41236], [-118.97039, 35.41233], [-118.97044, 35.4123], [-118.97175, 35.41173], [-118.97181, 35.4117], [-118.97185, 35.41169], [-118.97191, 35.41166], [-118.97195, 35.41164], [-118.97205, 35.4116], [-118.97209, 35.41159], [-118.97214, 35.41157], [-118.97218, 35.41155], [-118.97222, 35.41154], [-118.97228, 35.41151], [-118.97233, 35.4115], [-118.97235, 35.41149], [-118.9724, 35.41147], [-118.97245, 35.41145], [-118.97251, 35.41143], [-118.97257, 35.41141], [-118.97263, 35.41139], [-118.97278, 35.41134], [-118.97283, 35.41133], [-118.97287, 35.41131], [-118.97358, 35.41109], [-118.97401, 35.41096], [-118.97469, 35.41075], [-118.97483, 35.41071], [-118.97494, 35.41068], [-118.97494, 35.41074], [-118.97494, 35.41089], [-118.97499, 35.41463], [-118.975, 35.41514], [-118.975, 35.41552], [-118.9751, 35.42199], [-118.97454, 35.42254], [-118.97447, 35.42261], [-118.97225, 35.4248], [-118.97194, 35.42511], [-118.97177, 35.42528], [-118.97166, 35.42538], [-118.97133, 35.42571], [-118.97117, 35.42568], [-118.97108, 35.42567], [-118.97093, 35.4257], [-118.97084, 35.42572], [-118.97075, 35.42574], [-118.97048, 35.42567], [-118.97014, 35.42557], [-118.97001, 35.42554], [-118.96774, 35.42488], [-118.96588, 35.4247], [-118.96575, 35.42464], [-118.96538, 35.42459], [-118.96498, 35.4246], [-118.96405, 35.42451], [-118.9617, 35.42429], [-118.95945, 35.42399], [-118.9588, 35.42393], [-118.9588, 35.42417], [-118.95881, 35.42513], [-118.95881, 35.42517], [-118.95881, 35.42527], [-118.95881, 35.42546], [-118.95882, 35.42567], [-118.95882, 35.4258], [-118.95905, 35.42581], [-118.95914, 35.42581], [-118.95933, 35.42581], [-118.96016, 35.42581], [-118.96258, 35.42659], [-118.96264, 35.42661], [-118.96388, 35.42701], [-118.96396, 35.42703], [-118.96493, 35.42735], [-118.96642, 35.42776], [-118.96775, 35.42778], [-118.97053, 35.42782], [-118.97243, 35.42788], [-118.97273, 35.42774], [-118.97357, 35.42737], [-118.97424, 35.42706], [-118.97445, 35.42693], [-118.97513, 35.42654], [-118.97602, 35.426], [-118.97687, 35.42556], [-118.97767, 35.4252], [-118.97832, 35.42495], [-118.97835, 35.42466], [-118.97828, 35.41989], [-118.97828, 35.41984], [-118.97824, 35.41735], [-118.97824, 35.41683], [-118.97839, 35.4167], [-118.97848, 35.41662], [-118.98014, 35.41517], [-118.98239, 35.41456], [-118.98251, 35.41453], [-118.98261, 35.4145], [-118.98321, 35.41434], [-118.98338, 35.4143], [-118.9836, 35.41428], [-118.98375, 35.41416], [-118.98413, 35.41411], [-118.98447, 35.41403], [-118.9845, 35.41399], [-118.98541, 35.41375], [-118.98772, 35.41277], [-118.98807, 35.41262], [-118.98829, 35.41252], [-118.98833, 35.41251], [-118.98874, 35.41234], [-118.98886, 35.41234], [-118.98889, 35.41234], [-118.98964, 35.41266], [-118.98971, 35.41269], [-118.99031, 35.41293], [-118.99048, 35.41311], [-118.99056, 35.41318], [-118.99092, 35.4133], [-118.99107, 35.41329], [-118.99139, 35.41341], [-118.99148, 35.41345], [-118.99152, 35.41347], [-118.99183, 35.41361], [-118.99223, 35.41349], [-118.99348, 35.41314], [-118.99355, 35.41311], [-118.99547, 35.41257], [-118.99561, 35.41254], [-118.99587, 35.41246], [-118.99664, 35.41242], [-118.99687, 35.41241], [-118.9975, 35.41237], [-118.99758, 35.41236], [-118.99792, 35.41234], [-118.99833, 35.41232], [-118.99869, 35.41239], [-118.99923, 35.41235], [-118.99964, 35.41229], [-118.99993, 35.41226], [-119.00004, 35.41221], [-119.00016, 35.41215], [-119.00029, 35.4121], [-119.00302, 35.41176], [-119.00313, 35.41178], [-119.0032, 35.41177], [-119.0033, 35.41175], [-119.00386, 35.41167], [-119.00428, 35.41164], [-119.00466, 35.41156], [-119.00495, 35.41152], [-119.00527, 35.41143], [-119.00559, 35.41133], [-119.0062, 35.41114], [-119.00659, 35.41102], [-119.00667, 35.41099], [-119.00698, 35.41069], [-119.00719, 35.41048], [-119.00729, 35.41038], [-119.00796, 35.40971], [-119.00812, 35.40955], [-119.00823, 35.40944], [-119.0083, 35.40941], [-119.0085, 35.40933], [-119.00952, 35.40892], [-119.01012, 35.40868], [-119.01035, 35.40859], [-119.01058, 35.4085], [-119.01069, 35.40845], [-119.01082, 35.40841], [-119.01103, 35.40865], [-119.01106, 35.40869], [-119.01113, 35.40876], [-119.01121, 35.40884], [-119.0113, 35.40893], [-119.0114, 35.40902], [-119.01145, 35.40906], [-119.01151, 35.40911], [-119.01155, 35.40914], [-119.01163, 35.4092], [-119.01166, 35.40922], [-119.01172, 35.40926], [-119.01179, 35.40931], [-119.01185, 35.40934], [-119.01189, 35.40937], [-119.01193, 35.4094], [-119.012, 35.40944], [-119.01209, 35.40948], [-119.01218, 35.40953], [-119.01227, 35.40956], [-119.01235, 35.40958], [-119.01243, 35.4096], [-119.01254, 35.40961], [-119.01263, 35.40964], [-119.01274, 35.40965], [-119.01291, 35.40966], [-119.01302, 35.40966], [-119.01309, 35.40965], [-119.01315, 35.40965], [-119.01328, 35.40963], [-119.01341, 35.4096], [-119.01344, 35.40959], [-119.01351, 35.40957], [-119.01355, 35.40955], [-119.0136, 35.40954], [-119.01364, 35.40952], [-119.01371, 35.40949], [-119.01375, 35.40947], [-119.01378, 35.40946], [-119.01384, 35.40943], [-119.01459, 35.40868], [-119.01469, 35.40858], [-119.01492, 35.40835], [-119.01579, 35.40749], [-119.01759, 35.4057], [-119.01875, 35.40511], [-119.01907, 35.40494], [-119.01923, 35.40486], [-119.01948, 35.40471], [-119.01979, 35.40453], [-119.02039, 35.40419], [-119.02059, 35.4041], [-119.02075, 35.40402], [-119.02086, 35.40397], [-119.02107, 35.40383], [-119.02131, 35.40362], [-119.02168, 35.40346], [-119.02453, 35.40218], [-119.02559, 35.40172], [-119.02598, 35.4012], [-119.02613, 35.401], [-119.02637, 35.40078], [-119.02644, 35.40069], [-119.02647, 35.40066], [-119.02654, 35.40053], [-119.02656, 35.4004], [-119.02657, 35.40012], [-119.02656, 35.4], [-119.0266, 35.39989], [-119.0268, 35.39982], [-119.02679, 35.39975], [-119.02708, 35.39967], [-119.02965, 35.39897], [-119.02997, 35.39886], [-119.03007, 35.39883], [-119.03041, 35.39871], [-119.03092, 35.39843], [-119.03137, 35.39819], [-119.03222, 35.3978], [-119.03249, 35.39766], [-119.03254, 35.39764], [-119.03267, 35.39752], [-119.03278, 35.39738], [-119.03292, 35.39721], [-119.03296, 35.39717], [-119.03326, 35.3974], [-119.03363, 35.39767], [-119.03409, 35.39802], [-119.03445, 35.39829], [-119.03447, 35.39829], [-119.0348, 35.39853], [-119.03511, 35.39875], [-119.03542, 35.39897], [-119.03574, 35.39918], [-119.03606, 35.39939], [-119.03661, 35.39972], [-119.03705, 35.39998], [-119.03727, 35.4001], [-119.03774, 35.40035], [-119.03783, 35.4004], [-119.03821, 35.40067], [-119.04009, 35.40222], [-119.04013, 35.40227], [-119.04043, 35.40263], [-119.0408, 35.40305], [-119.04112, 35.40308], [-119.04114, 35.40303], [-119.04126, 35.40287], [-119.04133, 35.40277], [-119.04148, 35.40263], [-119.04153, 35.40262], [-119.0416, 35.40261], [-119.04166, 35.40261], [-119.04187, 35.40267], [-119.04193, 35.40272], [-119.04222, 35.40284], [-119.04297, 35.40315], [-119.04308, 35.40316], [-119.04322, 35.40322], [-119.04326, 35.40322], [-119.04326, 35.4033], [-119.0436, 35.40345], [-119.04386, 35.40356], [-119.04439, 35.40378], [-119.0446, 35.40391], [-119.04469, 35.40396], [-119.0449, 35.4041], [-119.04498, 35.40415], [-119.04515, 35.40425], [-119.04537, 35.40441], [-119.04548, 35.4045], [-119.04557, 35.40455], [-119.04581, 35.40472], [-119.04588, 35.4048], [-119.04591, 35.40483], [-119.04602, 35.40491], [-119.04625, 35.40509], [-119.04645, 35.40526], [-119.04665, 35.40543], [-119.04685, 35.4056], [-119.04751, 35.40618], [-119.04797, 35.40658], [-119.04809, 35.40669], [-119.04814, 35.4066], [-119.04818, 35.40653], [-119.04821, 35.40648], [-119.04822, 35.40646], [-119.04826, 35.4064], [-119.04829, 35.40636], [-119.04832, 35.40632], [-119.04834, 35.40629], [-119.04837, 35.40623], [-119.04839, 35.40621], [-119.04842, 35.40616], [-119.04847, 35.4061], [-119.04852, 35.40604], [-119.0482, 35.40576], [-119.04794, 35.4054], [-119.04746, 35.4046], [-119.04707, 35.40396], [-119.04678, 35.40368], [-119.04674, 35.40365], [-119.04668, 35.40361], [-119.04661, 35.40358], [-119.04659, 35.40353], [-119.04656, 35.40353], [-119.04652, 35.40351], [-119.04646, 35.40347], [-119.04641, 35.40344], [-119.04638, 35.40343], [-119.04636, 35.40341], [-119.04628, 35.40337], [-119.04625, 35.40335], [-119.04619, 35.40332], [-119.04613, 35.4033], [-119.04607, 35.40327], [-119.04597, 35.40323], [-119.04588, 35.40304], [-119.04586, 35.40299], [-119.04579, 35.40284], [-119.04579, 35.40282], [-119.04573, 35.40269], [-119.04567, 35.40254], [-119.04561, 35.40238], [-119.04559, 35.40233], [-119.04556, 35.40223], [-119.04551, 35.40208], [-119.04546, 35.40192], [-119.04542, 35.40177], [-119.0454, 35.40169], [-119.04538, 35.40161], [-119.04534, 35.40146], [-119.0453, 35.4013], [-119.04529, 35.40122], [-119.04527, 35.40114], [-119.04525, 35.40099], [-119.04522, 35.40083], [-119.0452, 35.40067], [-119.04519, 35.40051], [-119.04517, 35.40035], [-119.04517, 35.40028], [-119.04516, 35.4002], [-119.04515, 35.40004], [-119.04514, 35.39967], [-119.04514, 35.39956], [-119.04518, 35.39951], [-119.0452, 35.39949], [-119.04525, 35.39945], [-119.04513, 35.39905], [-119.0451, 35.39859], [-119.04502, 35.39727], [-119.04533, 35.39718], [-119.04502, 35.39633], [-119.04499, 35.39621], [-119.04497, 35.39614], [-119.04495, 35.39603], [-119.04493, 35.39579], [-119.0449, 35.39422], [-119.04488, 35.39336], [-119.0448, 35.38949], [-119.04474, 35.38695], [-119.04485, 35.38571], [-119.04488, 35.38553], [-119.04492, 35.38538], [-119.045, 35.38519], [-119.04508, 35.38502], [-119.04515, 35.38491], [-119.04518, 35.38486], [-119.04529, 35.38469], [-119.0455, 35.38469], [-119.04606, 35.3847], [-119.04606, 35.38483], [-119.04609, 35.38586], [-119.04764, 35.38586], [-119.05017, 35.38587], [-119.05017, 35.38342], [-119.05201, 35.38343], [-119.05208, 35.38343], [-119.05208, 35.38328], [-119.05213, 35.38056], [-119.05213, 35.38048], [-119.05217, 35.37875], [-119.05217, 35.37867], [-119.05373, 35.37869], [-119.05395, 35.37869], [-119.05408, 35.37869], [-119.05439, 35.3787], [-119.05634, 35.37867], [-119.05656, 35.37876], [-119.05654, 35.37951], [-119.05653, 35.38058], [-119.05587, 35.38058], [-119.05586, 35.38314], [-119.05623, 35.38314], [-119.05652, 35.38314], [-119.05654, 35.38314], [-119.05757, 35.38314], [-119.05776, 35.38314], [-119.05791, 35.38315], [-119.05907, 35.38315], [-119.06038, 35.38315], [-119.06113, 35.38316], [-119.06132, 35.38316], [-119.06131, 35.38271], [-119.06133, 35.38255], [-119.06133, 35.38218], [-119.06134, 35.37966], [-119.06134, 35.37961], [-119.06453, 35.37962], [-119.06547, 35.37963], [-119.06547, 35.37973], [-119.06546, 35.37991], [-119.06547, 35.38083], [-119.06545, 35.38332], [-119.06635, 35.38332], [-119.06635, 35.38213], [-119.06992, 35.38214], [-119.06993, 35.38085], [-119.06994, 35.37964], [-119.06995, 35.37879], [-119.06995, 35.37848], [-119.06995, 35.37825], [-119.06975, 35.37808], [-119.06945, 35.37783], [-119.06972, 35.37783], [-119.06995, 35.37783], [-119.06996, 35.37696], [-119.06996, 35.3769], [-119.06996, 35.37641], [-119.06996, 35.37637], [-119.07038, 35.37637], [-119.07052, 35.37637], [-119.07064, 35.37637], [-119.07349, 35.37638], [-119.07391, 35.37638], [-119.07441, 35.37639], [-119.07441, 35.37624], [-119.07441, 35.3761], [-119.07429, 35.3761], [-119.07378, 35.3761], [-119.07009, 35.37609], [-119.07009, 35.376], [-119.07008, 35.37586], [-119.07008, 35.37579], [-119.07008, 35.37281], [-119.07008, 35.37271], [-119.07007, 35.37236], [-119.07165, 35.37237], [-119.07259, 35.37237], [-119.07266, 35.37237], [-119.07352, 35.37236], [-119.07423, 35.37239], [-119.07441, 35.37238], [-119.07445, 35.37238], [-119.07448, 35.36924], [-119.07452, 35.36924], [-119.07458, 35.36924], [-119.07464, 35.36924], [-119.07467, 35.36924], [-119.07473, 35.36924], [-119.07477, 35.36923], [-119.07485, 35.36922], [-119.07491, 35.36921], [-119.07498, 35.3692], [-119.07505, 35.36918], [-119.07509, 35.36917], [-119.07514, 35.36916], [-119.07519, 35.36914], [-119.07523, 35.36913], [-119.07526, 35.36912], [-119.07531, 35.3691], [-119.07535, 35.36909], [-119.0754, 35.36907], [-119.07544, 35.36905], [-119.07548, 35.36903], [-119.07552, 35.36901], [-119.07558, 35.36898], [-119.07563, 35.36895], [-119.07567, 35.36892], [-119.07571, 35.3689], [-119.07575, 35.36887], [-119.07579, 35.36884], [-119.07581, 35.36883], [-119.07584, 35.3688], [-119.07588, 35.36876], [-119.08335, 35.36878], [-119.08432, 35.36879], [-119.08587, 35.36879], [-119.0867, 35.36879], [-119.08678, 35.3688], [-119.08698, 35.3688], [-119.08698, 35.36882], [-119.08703, 35.36927], [-119.08703, 35.36968], [-119.08703, 35.37064], [-119.087, 35.37146], [-119.08699, 35.37174], [-119.08699, 35.37192], [-119.08699, 35.3722], [-119.08699, 35.37249], [-119.08704, 35.37339], [-119.08698, 35.37449], [-119.08697, 35.37485], [-119.08697, 35.37579], [-119.08696, 35.37611], [-119.08696, 35.37618], [-119.08697, 35.37623], [-119.08698, 35.37626], [-119.08702, 35.37646], [-119.08702, 35.37711], [-119.08702, 35.37723], [-119.08753, 35.37763], [-119.08818, 35.37815], [-119.08845, 35.37836], [-119.08857, 35.37826], [-119.08869, 35.37836], [-119.08863, 35.3784], [-119.0886, 35.37844], [-119.08878, 35.37858], [-119.08888, 35.37867], [-119.08933, 35.37901], [-119.08938, 35.37905], [-119.0895, 35.3797], [-119.08944, 35.3797], [-119.0894, 35.3797], [-119.08933, 35.3797], [-119.08925, 35.3797], [-119.0891, 35.3797], [-119.089, 35.3797], [-119.08891, 35.3797], [-119.08865, 35.3797], [-119.08857, 35.37945], [-119.08836, 35.37924], [-119.08819, 35.37916], [-119.08803, 35.37911], [-119.08775, 35.37906], [-119.08753, 35.37902], [-119.08724, 35.37899], [-119.08707, 35.37899], [-119.08685, 35.37899], [-119.08665, 35.379], [-119.08636, 35.37903], [-119.08621, 35.37906], [-119.08581, 35.37918], [-119.08542, 35.3793], [-119.08511, 35.37943], [-119.08475, 35.37955], [-119.08423, 35.37972], [-119.0839, 35.37983], [-119.08367, 35.37992], [-119.08337, 35.38004], [-119.08329, 35.38009], [-119.08258, 35.38037], [-119.08155, 35.38078], [-119.08065, 35.38114], [-119.07976, 35.3815], [-119.07884, 35.38187], [-119.07534, 35.38335], [-119.07883, 35.38336], [-119.08114, 35.38337], [-119.08161, 35.38337], [-119.08327, 35.38338], [-119.08432, 35.38338], [-119.08456, 35.38338], [-119.08462, 35.38338], [-119.08479, 35.38338], [-119.08489, 35.38339], [-119.08662, 35.38339], [-119.08661, 35.38368], [-119.08662, 35.38397], [-119.08661, 35.384], [-119.08661, 35.3842], [-119.08661, 35.38436], [-119.08661, 35.38537], [-119.08681, 35.38537], [-119.08713, 35.38538], [-119.08713, 35.38508], [-119.08713, 35.38439], [-119.08713, 35.38416], [-119.08773, 35.38416], [-119.08772, 35.38364], [-119.08777, 35.38369], [-119.08777, 35.38376], [-119.08777, 35.38389], [-119.08777, 35.38407], [-119.08777, 35.38421], [-119.08778, 35.38429], [-119.08778, 35.38453], [-119.08778, 35.38472], [-119.08778, 35.38476], [-119.08779, 35.38489], [-119.08779, 35.38498], [-119.08786, 35.38498], [-119.08791, 35.38498], [-119.08801, 35.38498], [-119.08809, 35.38498], [-119.0883, 35.38498], [-119.08844, 35.38498], [-119.08861, 35.38498], [-119.08879, 35.38498], [-119.08879, 35.38487], [-119.08879, 35.38484], [-119.08879, 35.38479], [-119.08872, 35.38473], [-119.08863, 35.38464], [-119.08852, 35.38453], [-119.08843, 35.38444], [-119.08826, 35.38428], [-119.08815, 35.38418], [-119.08805, 35.38408], [-119.08797, 35.38401], [-119.08797, 35.38394], [-119.08797, 35.38386], [-119.08797, 35.38375], [-119.0879, 35.38368], [-119.08783, 35.38362], [-119.0878, 35.38359], [-119.08776, 35.38355], [-119.0882, 35.38354], [-119.08807, 35.3834], [-119.08958, 35.3834], [-119.09082, 35.38341], [-119.09082, 35.38354], [-119.09082, 35.3838], [-119.09083, 35.3844], [-119.09122, 35.38439], [-119.0914, 35.38439], [-119.09141, 35.38597], [-119.09141, 35.38641], [-119.0914, 35.38652], [-119.09138, 35.38669], [-119.09131, 35.38695], [-119.09128, 35.38708], [-119.09129, 35.38757], [-119.09129, 35.38761], [-119.09129, 35.38782], [-119.09129, 35.38791], [-119.09129, 35.38796], [-119.09129, 35.38815], [-119.09134, 35.38821], [-119.09139, 35.38827], [-119.09154, 35.38848], [-119.09165, 35.38858], [-119.09172, 35.38865], [-119.09179, 35.3887], [-119.09183, 35.38873], [-119.09191, 35.38878], [-119.09182, 35.38878], [-119.09161, 35.38878], [-119.09157, 35.38875], [-119.09133, 35.38875], [-119.09092, 35.38876], [-119.09087, 35.38876], [-119.09046, 35.38876], [-119.09041, 35.38876], [-119.08993, 35.38876], [-119.08993, 35.3888], [-119.08996, 35.39056], [-119.09029, 35.39056], [-119.09219, 35.39056], [-119.09219, 35.39065], [-119.09221, 35.39422], [-119.09065, 35.39422], [-119.08963, 35.39421], [-119.08942, 35.39421], [-119.08551, 35.3942], [-119.08551, 35.39409], [-119.08551, 35.39404], [-119.08551, 35.39294], [-119.08327, 35.39294], [-119.08327, 35.39419], [-119.08327, 35.39563], [-119.08327, 35.39748], [-119.08327, 35.39754], [-119.08327, 35.39787], [-119.07992, 35.39785], [-119.07589, 35.39783], [-119.07433, 35.39782], [-119.07435, 35.39956], [-119.07438, 35.40152], [-119.07438, 35.4016], [-119.07162, 35.40159], [-119.06963, 35.40158], [-119.06888, 35.40158], [-119.06882, 35.40158], [-119.06846, 35.40158], [-119.06773, 35.40158], [-119.06652, 35.40158], [-119.06595, 35.40157], [-119.06567, 35.40158], [-119.06541, 35.40159], [-119.06545, 35.39779], [-119.06849, 35.3978], [-119.06877, 35.3978], [-119.07271, 35.39782], [-119.07323, 35.39782], [-119.07323, 35.39751], [-119.07324, 35.39644], [-119.07324, 35.39597], [-119.07324, 35.39509], [-119.07158, 35.39508], [-119.06994, 35.39508], [-119.06989, 35.39508], [-119.06989, 35.39492], [-119.06989, 35.39404], [-119.0699, 35.39325], [-119.0699, 35.39302], [-119.0699, 35.39233], [-119.0699, 35.39148], [-119.0699, 35.39077], [-119.0699, 35.39054], [-119.06795, 35.39054], [-119.06787, 35.39064], [-119.06775, 35.39079], [-119.06738, 35.39124], [-119.06703, 35.39167], [-119.06654, 35.39204], [-119.06596, 35.39222], [-119.06598, 35.39234], [-119.06585, 35.39238], [-119.0655, 35.39249], [-119.06232, 35.39427], [-119.06143, 35.39429], [-119.06118, 35.39429], [-119.06068, 35.39427], [-119.06067, 35.39433], [-119.06066, 35.39437], [-119.0606, 35.3947], [-119.06057, 35.39481], [-119.06054, 35.39488], [-119.06051, 35.395], [-119.06049, 35.39506], [-119.06047, 35.39512], [-119.06044, 35.39519], [-119.06042, 35.39525], [-119.06039, 35.39532], [-119.06036, 35.39538], [-119.06033, 35.39544], [-119.0603, 35.3955], [-119.06028, 35.39553], [-119.06026, 35.39556], [-119.06023, 35.39562], [-119.06019, 35.39568], [-119.06016, 35.39574], [-119.06012, 35.3958], [-119.06008, 35.39585], [-119.06004, 35.39591], [-119.06, 35.39597], [-119.05995, 35.39603], [-119.05991, 35.39608], [-119.05986, 35.39614], [-119.05982, 35.3962], [-119.05977, 35.39625], [-119.05972, 35.39631], [-119.05967, 35.39636], [-119.05962, 35.39641], [-119.05957, 35.39646], [-119.05951, 35.39651], [-119.059, 35.39699], [-119.05887, 35.3969], [-119.0584, 35.39733], [-119.05814, 35.39757], [-119.0581, 35.39761], [-119.05793, 35.39776], [-119.05762, 35.39776], [-119.05737, 35.39776], [-119.0566, 35.39848], [-119.0566, 35.39872], [-119.0566, 35.39898], [-119.05627, 35.39928], [-119.05281, 35.40245], [-119.05111, 35.40406], [-119.05005, 35.40499], [-119.05003, 35.40503], [-119.0542, 35.40507], [-119.05432, 35.40507], [-119.05442, 35.40507], [-119.05608, 35.40509], [-119.05643, 35.4051], [-119.05663, 35.4051], [-119.05669, 35.4051], [-119.05668, 35.40557], [-119.05668, 35.40563], [-119.05667, 35.40621], [-119.05661, 35.40636], [-119.05658, 35.40652], [-119.05655, 35.40667], [-119.05653, 35.40683], [-119.05652, 35.40695], [-119.05651, 35.40714], [-119.05651, 35.4073], [-119.05651, 35.40864], [-119.05648, 35.40864], [-119.05648, 35.40915], [-119.05649, 35.40929], [-119.0565, 35.40945], [-119.05651, 35.40961], [-119.05654, 35.40977], [-119.05657, 35.40993], [-119.0566, 35.41009], [-119.05686, 35.41116], [-119.05689, 35.41129], [-119.05692, 35.41141], [-119.05694, 35.41154], [-119.05712, 35.41154], [-119.05873, 35.41154], [-119.05865, 35.40887], [-119.05864, 35.40863], [-119.06094, 35.40864], [-119.06148, 35.40865], [-119.06201, 35.40865], [-119.06213, 35.40865], [-119.06223, 35.40865], [-119.06227, 35.40865], [-119.06251, 35.40865], [-119.06282, 35.40865], [-119.06296, 35.40866], [-119.06308, 35.40866], [-119.06335, 35.40866], [-119.06351, 35.40866], [-119.06362, 35.40866], [-119.06388, 35.40866], [-119.064, 35.40866], [-119.06414, 35.40866], [-119.0644, 35.40866], [-119.06452, 35.40866], [-119.06465, 35.40866], [-119.06491, 35.40867], [-119.06514, 35.40867], [-119.06535, 35.40867], [-119.06557, 35.40867], [-119.06595, 35.40867], [-119.06632, 35.40867], [-119.06648, 35.40867], [-119.06669, 35.40867], [-119.06706, 35.40868], [-119.06737, 35.40868], [-119.06768, 35.4087], [-119.06778, 35.40871], [-119.06779, 35.40922], [-119.06779, 35.40947], [-119.06779, 35.40955], [-119.06779, 35.40959], [-119.06779, 35.40967], [-119.0678, 35.41036], [-119.0678, 35.41049], [-119.06781, 35.41055], [-119.06963, 35.41054], [-119.07, 35.41055], [-119.0704, 35.41057], [-119.0704, 35.41085], [-119.0722, 35.41082], [-119.07221, 35.41113], [-119.07221, 35.41128], [-119.07221, 35.41177], [-119.07222, 35.41239], [-119.07295, 35.41239], [-119.07452, 35.41239], [-119.07452, 35.41225], [-119.07462, 35.41225], [-119.07462, 35.4122], [-119.07504, 35.4122], [-119.07507, 35.4122], [-119.07514, 35.4122], [-119.07542, 35.4122], [-119.07555, 35.41221], [-119.07563, 35.41222], [-119.07583, 35.41223], [-119.07641, 35.41224], [-119.07645, 35.41224], [-119.07662, 35.41224], [-119.07694, 35.41225], [-119.07706, 35.41225], [-119.07787, 35.41225], [-119.07795, 35.41225], [-119.07873, 35.41225], [-119.07884, 35.41225], [-119.07897, 35.41219], [-119.07897, 35.41195], [-119.07896, 35.41135], [-119.07897, 35.41053], [-119.07462, 35.41051], [-119.07462, 35.41038], [-119.07462, 35.41012], [-119.07461, 35.40883], [-119.0746, 35.40832], [-119.07456, 35.40685], [-119.07456, 35.40678], [-119.07457, 35.40639], [-119.07457, 35.40554], [-119.07457, 35.40537], [-119.07456, 35.40511], [-119.07562, 35.40512], [-119.07869, 35.40513], [-119.08111, 35.40513], [-119.08332, 35.40514], [-119.0878, 35.40515], [-119.09222, 35.40518], [-119.09222, 35.40532], [-119.09222, 35.40567], [-119.09222, 35.40574], [-119.09222, 35.40655], [-119.09222, 35.40746], [-119.09222, 35.40839], [-119.09222, 35.40881], [-119.08997, 35.40878], [-119.08778, 35.40878], [-119.08349, 35.40877], [-119.08334, 35.40878], [-119.08334, 35.40891], [-119.08334, 35.40944], [-119.0836, 35.40944], [-119.08485, 35.40944], [-119.08556, 35.40944], [-119.08572, 35.40944], [-119.08583, 35.40944], [-119.08585, 35.41001], [-119.08583, 35.41079], [-119.08687, 35.41083], [-119.08997, 35.41084], [-119.09222, 35.41084], [-119.09222, 35.41087], [-119.09222, 35.4113], [-119.09222, 35.41243], [-119.09222, 35.41356], [-119.09222, 35.41455], [-119.09222, 35.41559], [-119.09222, 35.41694], [-119.09223, 35.41757], [-119.09223, 35.41971], [-119.097, 35.41974], [-119.09842, 35.41975], [-119.1011, 35.41977], [-119.10328, 35.41979], [-119.10392, 35.41979], [-119.10434, 35.41979], [-119.10559, 35.4198], [-119.10554, 35.41972], [-119.10554, 35.41938], [-119.10554, 35.41888], [-119.10554, 35.41841], [-119.10554, 35.41804], [-119.10554, 35.41799], [-119.10903, 35.41801], [-119.10919, 35.41801], [-119.10971, 35.41801], [-119.10997, 35.41801], [-119.10997, 35.41835], [-119.10997, 35.41983], [-119.10997, 35.42177], [-119.10998, 35.42299], [-119.10999, 35.4271], [-119.11386, 35.42707], [-119.11895, 35.42704], [-119.11894, 35.42789], [-119.11899, 35.42789], [-119.11895, 35.43067], [-119.11516, 35.43069], [-119.11517, 35.43168], [-119.11451, 35.43168], [-119.11251, 35.4317], [-119.11251, 35.43156], [-119.11129, 35.43157], [-119.11105, 35.43157], [-119.11006, 35.4316], [-119.11006, 35.43158], [-119.11007, 35.43073], [-119.10996, 35.43073], [-119.10109, 35.43067], [-119.10109, 35.4301], [-119.1011, 35.42891], [-119.10111, 35.42704], [-119.09808, 35.42702], [-119.0976, 35.42702], [-119.09703, 35.42701], [-119.09224, 35.42698], [-119.0895, 35.42698], [-119.08631, 35.42697], [-119.08339, 35.42697], [-119.08118, 35.42697], [-119.07834, 35.42696], [-119.07705, 35.42696], [-119.07453, 35.42696], [-119.07453, 35.43104], [-119.0873, 35.44068], [-119.08764, 35.44099], [-119.08772, 35.44106], [-119.08789, 35.44104], [-119.0882, 35.441], [-119.08886, 35.44099], [-119.08919, 35.44102], [-119.08992, 35.44108], [-119.09059, 35.44117], [-119.09117, 35.44125], [-119.09218, 35.44133], [-119.09517, 35.44142], [-119.09836, 35.44142], [-119.09929, 35.44142], [-119.10073, 35.44142], [-119.10768, 35.44144], [-119.10869, 35.44144], [-119.10949, 35.44145], [-119.10991, 35.44145], [-119.11015, 35.44145], [-119.11424, 35.44146], [-119.11884, 35.44147], [-119.1226, 35.44148], [-119.12329, 35.44148], [-119.12771, 35.44149], [-119.12979, 35.44149], [-119.13583, 35.4415], [-119.13658, 35.4415], [-119.1366, 35.4415], [-119.14088, 35.44151], [-119.14139, 35.44151], [-119.14161, 35.44151], [-119.1457, 35.44152], [-119.1457, 35.44143], [-119.14565, 35.4387], [-119.14562, 35.43656], [-119.1456, 35.4355], [-119.14557, 35.43329], [-119.14555, 35.4322], [-119.14554, 35.43176], [-119.14547, 35.42726], [-119.14546, 35.42699], [-119.14549, 35.42726], [-119.14552, 35.4274], [-119.14555, 35.42753], [-119.14559, 35.42767], [-119.14564, 35.4278], [-119.14569, 35.42793], [-119.14575, 35.42806], [-119.14582, 35.42819], [-119.14589, 35.42831], [-119.14597, 35.42843], [-119.14606, 35.42855], [-119.14615, 35.42866], [-119.14625, 35.42877], [-119.14635, 35.42888], [-119.14646, 35.42899], [-119.14658, 35.42909], [-119.15012, 35.43181], [-119.15353, 35.43443], [-119.15362, 35.43455], [-119.15371, 35.43467], [-119.1538, 35.43479], [-119.15387, 35.43492], [-119.15394, 35.43505], [-119.15401, 35.43517], [-119.15406, 35.43531], [-119.15411, 35.43544], [-119.15415, 35.43558], [-119.15419, 35.43572], [-119.15421, 35.43586], [-119.15423, 35.436], [-119.15424, 35.43613], [-119.15425, 35.43628], [-119.15424, 35.44153], [-119.16317, 35.44155], [-119.17204, 35.44157], [-119.18091, 35.44159], [-119.18179, 35.44159], [-119.18977, 35.4416], [-119.1942, 35.44161], [-119.1942, 35.44153], [-119.19422, 35.4381], [-119.1985, 35.44161], [-119.19874, 35.44161], [-119.1991, 35.44162], [-119.19962, 35.44162], [-119.20379, 35.44162], [-119.20383, 35.44162], [-119.20492, 35.44163], [-119.20549, 35.44163], [-119.2075, 35.44163], [-119.21212, 35.44164], [-119.21617, 35.44164], [-119.21637, 35.44164], [-119.21635, 35.43415], [-119.21643, 35.42717], [-119.21204, 35.42714], [-119.21211, 35.4238], [-119.21217, 35.41979], [-119.20774, 35.41978], [-119.1987, 35.41977], [-119.19871, 35.41622], [-119.19872, 35.41251], [-119.18984, 35.4125], [-119.18115, 35.4125], [-119.18098, 35.4125], [-119.17211, 35.41249], [-119.16362, 35.41248], [-119.16323, 35.41248], [-119.16324, 35.41216], [-119.16325, 35.40912], [-119.16325, 35.40885], [-119.16325, 35.40758], [-119.16325, 35.40754], [-119.16325, 35.40707], [-119.16325, 35.40586], [-119.16326, 35.40505], [-119.16326, 35.40408], [-119.16326, 35.40384], [-119.16326, 35.40166], [-119.16326, 35.40161], [-119.1624, 35.40162], [-119.16104, 35.40162], [-119.16067, 35.40162], [-119.1605, 35.40175], [-119.1605, 35.40211], [-119.1603, 35.40211], [-119.1603, 35.40175], [-119.16022, 35.40169], [-119.16014, 35.40162], [-119.15666, 35.40162], [-119.15623, 35.40162], [-119.15495, 35.40162], [-119.15478, 35.40163], [-119.15473, 35.40164], [-119.15466, 35.40165], [-119.15461, 35.40166], [-119.15456, 35.40167], [-119.15461, 35.40175], [-119.15476, 35.40201], [-119.15494, 35.40224], [-119.15499, 35.40228], [-119.15508, 35.40237], [-119.15517, 35.40243], [-119.15616, 35.40325], [-119.15621, 35.4033], [-119.15626, 35.40335], [-119.1563, 35.40341], [-119.15634, 35.40347], [-119.15637, 35.40355], [-119.15639, 35.4036], [-119.1564, 35.40367], [-119.15629, 35.40368], [-119.15618, 35.4037], [-119.15608, 35.40373], [-119.15598, 35.40376], [-119.15588, 35.4038], [-119.15578, 35.40384], [-119.15569, 35.40389], [-119.1556, 35.40394], [-119.15551, 35.404], [-119.15544, 35.40394], [-119.15537, 35.404], [-119.15505, 35.40426], [-119.15474, 35.40453], [-119.15411, 35.40501], [-119.1543, 35.40517], [-119.15567, 35.40629], [-119.15709, 35.40746], [-119.15779, 35.40803], [-119.15877, 35.40883], [-119.15867, 35.40891], [-119.15656, 35.41068], [-119.15645, 35.41077], [-119.15638, 35.41071], [-119.1562, 35.41056], [-119.15424, 35.40884], [-119.15356, 35.4083], [-119.15347, 35.40821], [-119.15271, 35.40758], [-119.15223, 35.40718], [-119.15177, 35.4068], [-119.15131, 35.40647], [-119.15066, 35.40607], [-119.1497, 35.40568], [-119.14924, 35.40555], [-119.14898, 35.40548], [-119.14811, 35.40537], [-119.14807, 35.40534], [-119.1455, 35.40522], [-119.14358, 35.40522], [-119.14332, 35.40522], [-119.14332, 35.40502], [-119.14333, 35.40244], [-119.14333, 35.39951], [-119.14369, 35.39953], [-119.14405, 35.39955], [-119.14457, 35.39954], [-119.14507, 35.39948], [-119.14551, 35.39941], [-119.14551, 35.39816], [-119.1453, 35.39799], [-119.14257, 35.39798], [-119.1418, 35.39798], [-119.14157, 35.39798], [-119.13997, 35.39797], [-119.13987, 35.39799], [-119.13979, 35.39801], [-119.13975, 35.39803], [-119.13971, 35.39805], [-119.13963, 35.39811], [-119.13958, 35.39817], [-119.13947, 35.39834], [-119.13921, 35.39825], [-119.13911, 35.39822], [-119.1389, 35.39816], [-119.13859, 35.39808], [-119.13835, 35.39804], [-119.1381, 35.39801], [-119.13802, 35.398], [-119.13778, 35.39798], [-119.13746, 35.39797], [-119.13667, 35.39797], [-119.13667, 35.39739], [-119.13667, 35.39654], [-119.13668, 35.39609], [-119.13668, 35.39568], [-119.13668, 35.39522], [-119.13673, 35.39498], [-119.13671, 35.39465], [-119.13674, 35.39389], [-119.13671, 35.39386], [-119.1367, 35.39381], [-119.13669, 35.39377], [-119.13668, 35.3937], [-119.13668, 35.39364], [-119.13668, 35.39361], [-119.13668, 35.39352], [-119.13668, 35.39331], [-119.13668, 35.39296], [-119.13669, 35.39272], [-119.13666, 35.39233], [-119.13662, 35.39229], [-119.1366, 35.39224], [-119.13661, 35.39219], [-119.13663, 35.39215], [-119.13667, 35.39212], [-119.13669, 35.39208], [-119.13669, 35.39203], [-119.13669, 35.39195], [-119.13669, 35.39122], [-119.13669, 35.39091], [-119.13655, 35.3908], [-119.13387, 35.3886], [-119.13377, 35.38852], [-119.13377, 35.38857], [-119.13377, 35.38893], [-119.13376, 35.38934], [-119.13358, 35.38934], [-119.1334, 35.38941], [-119.13335, 35.38943], [-119.13329, 35.38946], [-119.13319, 35.38949], [-119.13316, 35.38945], [-119.13313, 35.3894], [-119.13309, 35.38937], [-119.13305, 35.38932], [-119.13302, 35.3893], [-119.13301, 35.38929], [-119.13297, 35.38926], [-119.13292, 35.38922], [-119.13287, 35.38918], [-119.13283, 35.38914], [-119.13259, 35.38895], [-119.13247, 35.38885], [-119.13245, 35.38883], [-119.1323, 35.38871], [-119.13216, 35.3886], [-119.13213, 35.38857], [-119.13207, 35.38852], [-119.13202, 35.38848], [-119.13183, 35.38832], [-119.13171, 35.38823], [-119.1317, 35.38821], [-119.1316, 35.38813], [-119.1314, 35.38798], [-119.13137, 35.388], [-119.13134, 35.38802], [-119.13125, 35.3881], [-119.13116, 35.38817], [-119.13111, 35.38821], [-119.13098, 35.38832], [-119.13091, 35.38838], [-119.13086, 35.38842], [-119.13083, 35.38845], [-119.13078, 35.38849], [-119.13073, 35.38853], [-119.13069, 35.38856], [-119.1306, 35.38865], [-119.13055, 35.3887], [-119.13049, 35.38872], [-119.13032, 35.38877], [-119.13029, 35.38883], [-119.13026, 35.38887], [-119.13029, 35.39012], [-119.13027, 35.39015], [-119.13027, 35.39018], [-119.13033, 35.39018], [-119.13045, 35.39018], [-119.13045, 35.39026], [-119.13046, 35.39044], [-119.13045, 35.39061], [-119.13034, 35.3906], [-119.13022, 35.39062], [-119.13012, 35.39062], [-119.12998, 35.39061], [-119.12997, 35.39056], [-119.12992, 35.39055], [-119.12985, 35.39055], [-119.12977, 35.39054], [-119.1297, 35.39052], [-119.12965, 35.39052], [-119.12961, 35.39051], [-119.12957, 35.3905], [-119.12952, 35.39049], [-119.12947, 35.39048], [-119.12942, 35.39047], [-119.12936, 35.39046], [-119.12931, 35.39045], [-119.12925, 35.39042], [-119.12903, 35.39041], [-119.12841, 35.39039], [-119.12826, 35.39038], [-119.12826, 35.39047], [-119.12826, 35.39058], [-119.12826, 35.39065], [-119.12826, 35.39069], [-119.12842, 35.39069], [-119.12865, 35.39069], [-119.12889, 35.39071], [-119.12912, 35.39073], [-119.12934, 35.39077], [-119.12957, 35.39082], [-119.1298, 35.39085], [-119.13004, 35.39088], [-119.13028, 35.39088], [-119.13081, 35.39088], [-119.13081, 35.3914], [-119.13081, 35.39169], [-119.13083, 35.39181], [-119.13086, 35.39191], [-119.13089, 35.39198], [-119.1309, 35.39209], [-119.13091, 35.39215], [-119.13091, 35.39222], [-119.13045, 35.39221], [-119.12987, 35.39221], [-119.12822, 35.39219], [-119.12801, 35.39219], [-119.12797, 35.39219], [-119.12791, 35.39219], [-119.12786, 35.39219], [-119.12786, 35.39289], [-119.12785, 35.39383], [-119.12785, 35.39473], [-119.12785, 35.39481], [-119.12785, 35.39491], [-119.12784, 35.39606], [-119.12784, 35.39794], [-119.12544, 35.39796], [-119.1245, 35.39796], [-119.12311, 35.39797], [-119.12276, 35.39798], [-119.12148, 35.39799], [-119.12021, 35.398], [-119.11891, 35.39801], [-119.11672, 35.39802], [-119.1164, 35.39803], [-119.11483, 35.39804], [-119.11452, 35.39804], [-119.11443, 35.39804], [-119.11443, 35.3969], [-119.11442, 35.39588], [-119.11443, 35.39487], [-119.11443, 35.39385], [-119.11442, 35.39285], [-119.1144, 35.39256], [-119.11441, 35.39156], [-119.11441, 35.39073], [-119.1142, 35.39073], [-119.11387, 35.39073], [-119.11218, 35.39074], [-119.11106, 35.39074], [-119.11105, 35.39066], [-119.11101, 35.39066], [-119.11101, 35.38971], [-119.11101, 35.38967], [-119.11101, 35.38955], [-119.11138, 35.38955], [-119.11138, 35.38935], [-119.11343, 35.38932], [-119.11348, 35.38932], [-119.11356, 35.38932], [-119.11437, 35.38932], [-119.11436, 35.38913], [-119.11432, 35.38707], [-119.11442, 35.38707], [-119.11892, 35.38707], [-119.11892, 35.38608], [-119.11892, 35.38349], [-119.11706, 35.38348], [-119.11441, 35.38348], [-119.11428, 35.38348], [-119.11358, 35.38348], [-119.11216, 35.38347], [-119.11153, 35.38347], [-119.1099, 35.38347], [-119.1088, 35.38347], [-119.10547, 35.38346], [-119.10168, 35.38344], [-119.10169, 35.3833], [-119.10168, 35.38226], [-119.10104, 35.38226], [-119.10105, 35.38156], [-119.10103, 35.38106], [-119.10105, 35.37981], [-119.10105, 35.37974], [-119.10633, 35.37975], [-119.10634, 35.37929], [-119.10634, 35.37852], [-119.10634, 35.37746], [-119.10647, 35.37746], [-119.10742, 35.37746], [-119.10836, 35.37747], [-119.10929, 35.37747], [-119.10983, 35.37747], [-119.10985, 35.37637], [-119.10986, 35.37613], [-119.10772, 35.37613], [-119.1055, 35.37612], [-119.10356, 35.37611], [-119.10331, 35.37611], [-119.1033, 35.376], [-119.10329, 35.37583], [-119.1033, 35.37514], [-119.1033, 35.37436], [-119.1033, 35.37423], [-119.10345, 35.37421], [-119.10385, 35.37421], [-119.10409, 35.37421], [-119.10447, 35.37421], [-119.10467, 35.37421], [-119.1054, 35.3742], [-119.10551, 35.3742], [-119.10552, 35.37329], [-119.10552, 35.37249], [-119.10552, 35.37205], [-119.10996, 35.37206], [-119.10996, 35.37133], [-119.10996, 35.37068], [-119.11001, 35.37068], [-119.11015, 35.37068], [-119.11056, 35.37068], [-119.11078, 35.37068], [-119.11129, 35.37069], [-119.11158, 35.37069], [-119.11221, 35.37069], [-119.11279, 35.37069], [-119.1128, 35.36896], [-119.11289, 35.36896], [-119.11302, 35.36896], [-119.11309, 35.36896], [-119.11314, 35.36896], [-119.11425, 35.36896], [-119.1145, 35.36896], [-119.1145, 35.369], [-119.11457, 35.369], [-119.11491, 35.36901], [-119.11495, 35.36901], [-119.11513, 35.369], [-119.11513, 35.36896], [-119.11518, 35.36896], [-119.11526, 35.36896], [-119.11531, 35.36896], [-119.11563, 35.36897], [-119.11563, 35.36901], [-119.11676, 35.36901], [-119.11676, 35.36897], [-119.11729, 35.36897], [-119.11761, 35.36897], [-119.11841, 35.36898], [-119.11846, 35.37071], [-119.11859, 35.37071], [-119.11902, 35.37071], [-119.11908, 35.37071], [-119.11904, 35.36905], [-119.11916, 35.36905], [-119.11937, 35.36905], [-119.11942, 35.36905], [-119.11986, 35.36905], [-119.12031, 35.36905], [-119.12031, 35.36898], [-119.12041, 35.36898], [-119.12056, 35.36898], [-119.1208, 35.36898], [-119.1208, 35.36909], [-119.1208, 35.36928], [-119.1208, 35.36971], [-119.12079, 35.37054], [-119.12129, 35.37053], [-119.12128, 35.37112], [-119.122, 35.37109], [-119.12289, 35.37107], [-119.12319, 35.37106], [-119.12355, 35.37105], [-119.12354, 35.37254], [-119.12354, 35.37335], [-119.12326, 35.37335], [-119.12325, 35.37435], [-119.12353, 35.37435], [-119.12352, 35.37617], [-119.1237, 35.37617], [-119.12506, 35.37617], [-119.12591, 35.37617], [-119.12793, 35.37618], [-119.13078, 35.37619], [-119.13239, 35.37619], [-119.13238, 35.37512], [-119.13238, 35.37471], [-119.13237, 35.37328], [-119.13236, 35.3727], [-119.13618, 35.3726], [-119.13679, 35.37258], [-119.13679, 35.37261], [-119.13871, 35.37266], [-119.13871, 35.37321], [-119.13906, 35.37321], [-119.13906, 35.37258], [-119.14033, 35.37259], [-119.14059, 35.37259], [-119.14308, 35.37259], [-119.14459, 35.3726], [-119.14553, 35.37259], [-119.14553, 35.37282], [-119.14572, 35.37282], [-119.14573, 35.3734], [-119.14574, 35.37623], [-119.14581, 35.37924], [-119.14581, 35.37935], [-119.1458, 35.38086], [-119.14579, 35.38144], [-119.14694, 35.38144], [-119.14726, 35.38144], [-119.1475, 35.38144], [-119.14792, 35.38178], [-119.14792, 35.38196], [-119.14792, 35.38235], [-119.14792, 35.38275], [-119.14792, 35.38351], [-119.14774, 35.38351], [-119.14774, 35.38516], [-119.14774, 35.38577], [-119.14712, 35.38608], [-119.14696, 35.38617], [-119.14671, 35.38583], [-119.14665, 35.38586], [-119.14689, 35.38617], [-119.1465, 35.38639], [-119.1457, 35.38639], [-119.1457, 35.38654], [-119.14571, 35.38678], [-119.14571, 35.38689], [-119.14571, 35.38712], [-119.14572, 35.38758], [-119.14662, 35.38758], [-119.14662, 35.38713], [-119.14773, 35.38713], [-119.14995, 35.38713], [-119.1544, 35.38711], [-119.1544, 35.3869], [-119.15441, 35.3835], [-119.1511, 35.38351], [-119.15109, 35.3829], [-119.15109, 35.38262], [-119.15109, 35.38211], [-119.15109, 35.38207], [-119.15182, 35.38207], [-119.15249, 35.38207], [-119.15277, 35.38206], [-119.15277, 35.3818], [-119.15277, 35.38155], [-119.15277, 35.38126], [-119.15277, 35.38101], [-119.15277, 35.38076], [-119.15277, 35.38058], [-119.15277, 35.38037], [-119.15277, 35.38025], [-119.15277, 35.38007], [-119.15277, 35.37991], [-119.15277, 35.37987], [-119.15332, 35.37987], [-119.15422, 35.37987], [-119.15441, 35.37988], [-119.15441, 35.37975], [-119.15441, 35.37919], [-119.15441, 35.37749], [-119.1544, 35.37742], [-119.15441, 35.37692], [-119.15441, 35.37624], [-119.15441, 35.37387], [-119.15441, 35.37269], [-119.15441, 35.37086], [-119.15441, 35.36911], [-119.15667, 35.36912], [-119.15672, 35.36912], [-119.1586, 35.36913], [-119.15871, 35.36913], [-119.15877, 35.36913], [-119.15882, 35.36913], [-119.15885, 35.36913], [-119.15887, 35.36913], [-119.15894, 35.36913], [-119.15916, 35.36913], [-119.15957, 35.36913], [-119.15996, 35.36914], [-119.16013, 35.36914], [-119.16013, 35.36915], [-119.16013, 35.36957], [-119.16013, 35.37043], [-119.16013, 35.37077], [-119.16013, 35.37081], [-119.16053, 35.3708], [-119.16218, 35.3708], [-119.16218, 35.37039], [-119.16218, 35.36899], [-119.16221, 35.36899], [-119.16329, 35.36899], [-119.16347, 35.36899], [-119.16347, 35.37003], [-119.16364, 35.37003], [-119.16607, 35.37], [-119.16754, 35.36998], [-119.16758, 35.37294], [-119.16761, 35.37541], [-119.16762, 35.37624], [-119.16769, 35.37624], [-119.16999, 35.37623], [-119.17217, 35.37623], [-119.17229, 35.37623], [-119.17224, 35.36902], [-119.17214, 35.36899], [-119.17208, 35.36897], [-119.16771, 35.36896], [-119.16771, 35.36887], [-119.16771, 35.36536], [-119.16327, 35.36536], [-119.16327, 35.3664], [-119.16327, 35.36679], [-119.16328, 35.36754], [-119.16328, 35.36806], [-119.16328, 35.36811], [-119.1631, 35.36808], [-119.16171, 35.3681], [-119.15995, 35.36807], [-119.15922, 35.36806], [-119.15914, 35.36805], [-119.15893, 35.36807], [-119.15885, 35.36808], [-119.15883, 35.36535], [-119.15662, 35.36534], [-119.1544, 35.36534], [-119.1544, 35.36567], [-119.15441, 35.36632], [-119.15441, 35.3671], [-119.15441, 35.36734], [-119.15441, 35.36795], [-119.15426, 35.36795], [-119.15418, 35.36795], [-119.15375, 35.36794], [-119.15375, 35.36878], [-119.15205, 35.3688], [-119.15098, 35.36881], [-119.15055, 35.36882], [-119.14995, 35.36884], [-119.14753, 35.36881], [-119.14572, 35.36881], [-119.14554, 35.36895], [-119.14554, 35.36708], [-119.14554, 35.36636], [-119.14554, 35.36247], [-119.14554, 35.36233], [-119.14554, 35.36135], [-119.14554, 35.36129], [-119.14554, 35.36121], [-119.14554, 35.36116], [-119.14554, 35.36105], [-119.14554, 35.36064], [-119.14554, 35.35968], [-119.14554, 35.35898], [-119.14554, 35.35747], [-119.14554, 35.35669], [-119.14555, 35.35659], [-119.14555, 35.3559], [-119.14573, 35.35589], [-119.14673, 35.35589], [-119.14682, 35.35589], [-119.14682, 35.35659], [-119.14689, 35.35659], [-119.14689, 35.35493], [-119.14689, 35.35481], [-119.14689, 35.35469], [-119.14689, 35.35462], [-119.14689, 35.35449], [-119.14689, 35.35445], [-119.14734, 35.35445], [-119.1483, 35.35445], [-119.14849, 35.35445], [-119.14853, 35.35445], [-119.14859, 35.35445], [-119.14865, 35.35445], [-119.14891, 35.35445], [-119.14902, 35.35445], [-119.14905, 35.35445], [-119.14909, 35.35445], [-119.1492, 35.35445], [-119.14927, 35.35445], [-119.1493, 35.35446], [-119.14938, 35.35446], [-119.14943, 35.35446], [-119.1495, 35.35447], [-119.14955, 35.35447], [-119.1496, 35.35448], [-119.14965, 35.35448], [-119.14976, 35.35449], [-119.14989, 35.35451], [-119.15017, 35.35454], [-119.15029, 35.35455], [-119.15034, 35.35455], [-119.15039, 35.35456], [-119.15046, 35.35456], [-119.15053, 35.35457], [-119.15064, 35.35457], [-119.15077, 35.35458], [-119.15084, 35.35458], [-119.15089, 35.35458], [-119.15098, 35.35458], [-119.15109, 35.35459], [-119.15148, 35.35459], [-119.15173, 35.35459], [-119.15173, 35.35471], [-119.15173, 35.35522], [-119.15173, 35.35527], [-119.15173, 35.35542], [-119.1518, 35.35542], [-119.15186, 35.35542], [-119.15191, 35.35539], [-119.15192, 35.35538], [-119.15194, 35.35536], [-119.15206, 35.35536], [-119.15208, 35.35539], [-119.15211, 35.35541], [-119.15215, 35.35543], [-119.15215, 35.35551], [-119.15217, 35.35592], [-119.15217, 35.35617], [-119.15217, 35.35778], [-119.15217, 35.35816], [-119.15245, 35.35816], [-119.15423, 35.35816], [-119.15424, 35.35898], [-119.15439, 35.35899], [-119.15439, 35.35916], [-119.15438, 35.35949], [-119.15438, 35.35959], [-119.15438, 35.35968], [-119.15437, 35.35984], [-119.15526, 35.35985], [-119.15881, 35.35985], [-119.16323, 35.35985], [-119.16324, 35.36172], [-119.16548, 35.36171], [-119.16664, 35.36171], [-119.1689, 35.36171], [-119.16916, 35.3617], [-119.16991, 35.3617], [-119.17207, 35.3617], [-119.17212, 35.3617], [-119.17236, 35.3617], [-119.17265, 35.36114], [-119.17265, 35.36108], [-119.17266, 35.36105], [-119.17268, 35.36101], [-119.17269, 35.36097], [-119.17271, 35.36093], [-119.17272, 35.3609], [-119.17274, 35.36086], [-119.17342, 35.35927], [-119.17355, 35.35896], [-119.17358, 35.35891], [-119.1736, 35.35887], [-119.17362, 35.35883], [-119.17365, 35.35878], [-119.17368, 35.35873], [-119.1737, 35.3587], [-119.17372, 35.35867], [-119.17375, 35.35862], [-119.17379, 35.35857], [-119.17382, 35.35854], [-119.17384, 35.35851], [-119.1739, 35.35843], [-119.17394, 35.35839], [-119.17399, 35.35835], [-119.17402, 35.35831], [-119.17405, 35.35828], [-119.17409, 35.35825], [-119.17413, 35.35822], [-119.17422, 35.35815], [-119.17426, 35.35811], [-119.1743, 35.35808], [-119.17432, 35.35806], [-119.17562, 35.35805], [-119.17655, 35.35805], [-119.17654, 35.35634], [-119.17656, 35.3552], [-119.1766, 35.35519], [-119.1767, 35.35515], [-119.1768, 35.35511], [-119.17686, 35.35509], [-119.17692, 35.35507], [-119.17696, 35.35505], [-119.177, 35.35504], [-119.17706, 35.35502], [-119.17712, 35.355], [-119.17719, 35.35498], [-119.17725, 35.35496], [-119.17731, 35.35494], [-119.17735, 35.35493], [-119.17739, 35.35492], [-119.17744, 35.35491], [-119.17749, 35.3549], [-119.17755, 35.35488], [-119.17762, 35.35486], [-119.17773, 35.35484], [-119.17779, 35.35482], [-119.17784, 35.35481], [-119.17789, 35.3548], [-119.17794, 35.35479], [-119.17799, 35.35478], [-119.17805, 35.35477], [-119.17811, 35.35476], [-119.17817, 35.35475], [-119.17823, 35.35474], [-119.1783, 35.35473], [-119.17838, 35.35472], [-119.17848, 35.3547], [-119.17861, 35.35468], [-119.17872, 35.35467], [-119.17885, 35.35466], [-119.17891, 35.35465], [-119.17897, 35.35465], [-119.17902, 35.35464], [-119.17908, 35.35464], [-119.17913, 35.35464], [-119.17918, 35.35463], [-119.17923, 35.35463], [-119.17928, 35.35463], [-119.17932, 35.35463], [-119.17936, 35.35463], [-119.17946, 35.35462], [-119.17959, 35.35462], [-119.17971, 35.35462], [-119.17971, 35.35458], [-119.18007, 35.3546], [-119.18022, 35.3546], [-119.18098, 35.35441], [-119.18098, 35.35668], [-119.18117, 35.35668], [-119.1821, 35.35667], [-119.1821, 35.35622], [-119.1832, 35.35622], [-119.1832, 35.35449], [-119.18319, 35.35441], [-119.18749, 35.3544], [-119.18754, 35.3544], [-119.18986, 35.35439], [-119.19234, 35.35439], [-119.19488, 35.35438], [-119.19875, 35.35438], [-119.19871, 35.35077], [-119.19867, 35.34716], [-119.18091, 35.34711], [-119.1809, 35.34633], [-119.1809, 35.34357], [-119.1809, 35.34352], [-119.1819, 35.34353], [-119.18439, 35.34354], [-119.18533, 35.34355], [-119.18532, 35.34193], [-119.18532, 35.34189], [-119.18531, 35.34106], [-119.1853, 35.34076], [-119.18531, 35.3399], [-119.1853, 35.33985], [-119.18681, 35.33986], [-119.19323, 35.33992], [-119.19417, 35.33993], [-119.19419, 35.33974], [-119.19419, 35.33826], [-119.19419, 35.3374], [-119.19424, 35.33263], [-119.19772, 35.33266], [-119.19813, 35.33266], [-119.19869, 35.33266], [-119.20086, 35.33267], [-119.21102, 35.33267], [-119.21196, 35.33267], [-119.21196, 35.33249], [-119.212, 35.32925], [-119.21202, 35.32768], [-119.21202, 35.32764], [-119.21366, 35.32764], [-119.21413, 35.32764], [-119.2155, 35.32764], [-119.21644, 35.32765], [-119.21646, 35.32624], [-119.21647, 35.3255], [-119.21647, 35.32541], [-119.21666, 35.3254], [-119.21854, 35.32537], [-119.21865, 35.32537], [-119.21905, 35.32537], [-119.21912, 35.32537], [-119.21935, 35.32537], [-119.21949, 35.32537], [-119.21951, 35.32145], [-119.21951, 35.32119], [-119.21952, 35.3199], [-119.23032, 35.31979], [-119.23126, 35.31979], [-119.23126, 35.31972], [-119.23126, 35.31968], [-119.23126, 35.3195], [-119.23127, 35.31853], [-119.23127, 35.3182], [-119.23127, 35.31798], [-119.23166, 35.31796], [-119.23172, 35.31796], [-119.23176, 35.31796], [-119.23337, 35.31795], [-119.23369, 35.31795], [-119.2342, 35.31794], [-119.2344, 35.31795], [-119.23463, 35.31794], [-119.23466, 35.31454], [-119.23466, 35.31434], [-119.23466, 35.3143], [-119.23473, 35.3143], [-119.23513, 35.3143], [-119.24261, 35.31431], [-119.24355, 35.31431], [-119.24356, 35.31377], [-119.24357, 35.31072], [-119.24357, 35.31068], [-119.245, 35.31068], [-119.24512, 35.31068], [-119.24521, 35.31068], [-119.24528, 35.31068], [-119.24595, 35.31068], [-119.24689, 35.31068], [-119.24689, 35.30941], [-119.2469, 35.3083], [-119.2469, 35.30709], [-119.2469, 35.30705], [-119.24954, 35.30706], [-119.25002, 35.30706], [-119.25019, 35.30706], [-119.25135, 35.30706], [-119.25242, 35.30708], [-119.25242, 35.30672], [-119.25242, 35.30603], [-119.25243, 35.30434], [-119.25313, 35.30416], [-119.2545, 35.30363], [-119.25461, 35.30355], [-119.25645, 35.30355], [-119.25937, 35.30355], [-119.25995, 35.30355], [-119.26075, 35.30355], [-119.2618, 35.30355], [-119.26447, 35.30355], [-119.26503, 35.30355], [-119.26515, 35.30354], [-119.26526, 35.30354]], [[-119.12348, 35.4271], [-119.12344, 35.43064], [-119.12336, 35.43064], [-119.12329, 35.43064], [-119.1228, 35.43065], [-119.12159, 35.43066], [-119.12146, 35.43066], [-119.12133, 35.43066], [-119.12126, 35.43066], [-119.12105, 35.43066], [-119.12105, 35.42996], [-119.12105, 35.4299], [-119.12105, 35.42749], [-119.12104, 35.42712], [-119.12124, 35.42712], [-119.1214, 35.42712], [-119.12148, 35.42712], [-119.12332, 35.4271], [-119.12348, 35.4271]], [[-119.1282, 35.28909], [-119.12817, 35.29262], [-119.12339, 35.29262], [-119.1234, 35.28908], [-119.12818, 35.28909], [-119.1282, 35.28909]], [[-119.00918, 35.3317], [-119.00915, 35.3317], [-119.00855, 35.3317], [-119.00818, 35.3317], [-119.00763, 35.3317], [-119.00757, 35.3317], [-119.00524, 35.33171], [-119.00404, 35.33173], [-119.00405, 35.3318], [-119.00303, 35.3318], [-119.00303, 35.32502], [-119.00336, 35.32502], [-119.0036, 35.32502], [-119.00434, 35.32566], [-119.00918, 35.3317]], [[-119.10995, 35.43435], [-119.10993, 35.43747], [-119.10993, 35.43798], [-119.1011, 35.43793], [-119.10108, 35.4343], [-119.10224, 35.43431], [-119.10276, 35.43431], [-119.1077, 35.43434], [-119.10995, 35.43435]], [[-119.14373, 35.42856], [-119.14373, 35.4292], [-119.14168, 35.4292], [-119.14156, 35.4292], [-119.14101, 35.4292], [-119.14095, 35.42922], [-119.14096, 35.43061], [-119.13879, 35.43061], [-119.13677, 35.43061], [-119.13673, 35.42987], [-119.13657, 35.42987], [-119.13643, 35.42987], [-119.13378, 35.42986], [-119.12993, 35.42986], [-119.12962, 35.42986], [-119.12886, 35.42964], [-119.12845, 35.42937], [-119.12805, 35.42896], [-119.12768, 35.42847], [-119.12771, 35.42697], [-119.13007, 35.42697], [-119.13074, 35.42698], [-119.13323, 35.42698], [-119.13538, 35.42698], [-119.13657, 35.42698], [-119.13879, 35.42698], [-119.13976, 35.42698], [-119.14373, 35.42699], [-119.14373, 35.42856]], [[-119.08968, 35.34598], [-119.08962, 35.34597], [-119.08928, 35.34593], [-119.08869, 35.34586], [-119.08801, 35.34579], [-119.0879, 35.34578], [-119.08778, 35.34576], [-119.08731, 35.34571], [-119.08723, 35.3457], [-119.08691, 35.34566], [-119.08448, 35.34539], [-119.08442, 35.3454], [-119.08421, 35.34544], [-119.08419, 35.3455], [-119.08416, 35.34571], [-119.08414, 35.3459], [-119.08336, 35.34716], [-119.08156, 35.35008], [-119.08097, 35.35103], [-119.08022, 35.35225], [-119.07916, 35.35397], [-119.07903, 35.35418], [-119.07812, 35.35418], [-119.07783, 35.35418], [-119.07755, 35.35418], [-119.07643, 35.35417], [-119.07636, 35.35417], [-119.07621, 35.35417], [-119.07616, 35.35417], [-119.07565, 35.35417], [-119.07447, 35.35416], [-119.07428, 35.35416], [-119.0738, 35.35415], [-119.0738, 35.35378], [-119.0738, 35.34913], [-119.07381, 35.34844], [-119.07381, 35.34832], [-119.07381, 35.34808], [-119.07381, 35.34795], [-119.07382, 35.34779], [-119.07384, 35.34751], [-119.07386, 35.34722], [-119.07387, 35.34713], [-119.07388, 35.34704], [-119.07389, 35.34694], [-119.07393, 35.34666], [-119.07397, 35.34637], [-119.07398, 35.34631], [-119.07398, 35.34628], [-119.07402, 35.34609], [-119.07407, 35.34581], [-119.07426, 35.34484], [-119.07441, 35.34486], [-119.07444, 35.34486], [-119.07448, 35.34486], [-119.07448, 35.34403], [-119.07448, 35.3439], [-119.07452, 35.34389], [-119.07476, 35.34389], [-119.07482, 35.34389], [-119.0749, 35.34381], [-119.07499, 35.34373], [-119.07515, 35.34364], [-119.07527, 35.34363], [-119.0767, 35.34352], [-119.07679, 35.34351], [-119.07696, 35.3435], [-119.0777, 35.34335], [-119.07842, 35.34318], [-119.07939, 35.34296], [-119.07965, 35.34294], [-119.07971, 35.34294], [-119.08035, 35.34291], [-119.08063, 35.34281], [-119.0808, 35.34275], [-119.08115, 35.34271], [-119.08162, 35.34254], [-119.08259, 35.3422], [-119.08269, 35.34211], [-119.0829, 35.34206], [-119.083, 35.34203], [-119.08319, 35.34198], [-119.08335, 35.34194], [-119.08367, 35.34185], [-119.08376, 35.34183], [-119.08387, 35.3418], [-119.08394, 35.34178], [-119.08394, 35.34201], [-119.08394, 35.34237], [-119.08394, 35.34251], [-119.08394, 35.34258], [-119.08395, 35.34272], [-119.08395, 35.34292], [-119.08431, 35.34304], [-119.08439, 35.34307], [-119.08447, 35.34309], [-119.08472, 35.34313], [-119.08499, 35.34316], [-119.08522, 35.34318], [-119.08569, 35.34324], [-119.08602, 35.34328], [-119.08632, 35.34331], [-119.08648, 35.34333], [-119.08665, 35.34335], [-119.087, 35.34339], [-119.08735, 35.34343], [-119.08761, 35.34346], [-119.08768, 35.34347], [-119.088, 35.34351], [-119.08826, 35.34354], [-119.08835, 35.34355], [-119.08855, 35.34357], [-119.08865, 35.34358], [-119.08871, 35.34359], [-119.08886, 35.34361], [-119.08896, 35.34385], [-119.08946, 35.34533], [-119.08968, 35.34598]], [[-118.98543, 35.31406], [-118.98129, 35.31409], [-118.98099, 35.31408], [-118.98098, 35.31223], [-118.98096, 35.31053], [-118.97896, 35.31054], [-118.97876, 35.31054], [-118.97709, 35.31055], [-118.97653, 35.31056], [-118.97653, 35.31048], [-118.97653, 35.3095], [-118.97653, 35.30946], [-118.97653, 35.309], [-118.97653, 35.30869], [-118.97651, 35.30036], [-118.97651, 35.29958], [-118.9771, 35.29958], [-118.98094, 35.29956], [-118.98539, 35.29955], [-118.98539, 35.29968], [-118.9854, 35.303], [-118.98543, 35.31043], [-118.98543, 35.3115], [-118.98543, 35.31215], [-118.98543, 35.31259], [-118.98534, 35.31259], [-118.9841, 35.31261], [-118.9841, 35.31288], [-118.98534, 35.31288], [-118.98543, 35.31288], [-118.98543, 35.31406]], [[-118.99422, 35.28864], [-118.98993, 35.2887], [-118.99026, 35.28945], [-118.99063, 35.29043], [-118.99081, 35.291], [-118.99089, 35.29128], [-118.99093, 35.29147], [-118.99073, 35.29147], [-118.99079, 35.29197], [-118.99083, 35.29229], [-118.98537, 35.2923], [-118.98538, 35.2924], [-118.98538, 35.29592], [-118.98205, 35.29593], [-118.98096, 35.29593], [-118.98094, 35.2923], [-118.9765, 35.29232], [-118.9687, 35.29234], [-118.96864, 35.29234], [-118.96859, 35.29234], [-118.96853, 35.29235], [-118.96798, 35.29235], [-118.96763, 35.29235], [-118.96754, 35.29235], [-118.96754, 35.29204], [-118.96849, 35.29204], [-118.96876, 35.29203], [-118.97508, 35.29201], [-118.97539, 35.29201], [-118.97539, 35.29149], [-118.97539, 35.29051], [-118.97539, 35.28993], [-118.97539, 35.28979], [-118.97539, 35.28953], [-118.97539, 35.28872], [-118.97539, 35.28869], [-118.97752, 35.2887], [-118.98537, 35.28862], [-118.98538, 35.28759], [-118.98538, 35.28683], [-118.98542, 35.28172], [-118.98542, 35.28148], [-118.9857, 35.28148], [-118.9876, 35.28147], [-118.98773, 35.28148], [-118.992, 35.28147], [-118.992, 35.28501], [-118.99254, 35.28501], [-118.99348, 35.28501], [-118.99375, 35.28499], [-118.99421, 35.28501], [-118.99422, 35.28864]], [[-119.00982, 35.31435], [-119.00982, 35.31442], [-119.00982, 35.31481], [-119.00982, 35.31624], [-119.00982, 35.31639], [-119.0097, 35.31639], [-119.00968, 35.3167], [-119.00968, 35.31678], [-119.00968, 35.31707], [-119.00968, 35.31752], [-119.00952, 35.31752], [-119.00874, 35.31752], [-119.00849, 35.31752], [-119.00849, 35.31756], [-119.00849, 35.31767], [-119.00849, 35.31771], [-119.00849, 35.31912], [-119.00849, 35.31945], [-119.00849, 35.3196], [-119.00849, 35.31977], [-119.00824, 35.31977], [-119.00818, 35.31977], [-119.00808, 35.31977], [-119.00755, 35.31977], [-119.00747, 35.31977], [-119.00747, 35.31926], [-119.00747, 35.31907], [-119.00747, 35.31882], [-119.00747, 35.31845], [-119.00747, 35.31785], [-119.00747, 35.31782], [-119.00747, 35.31767], [-119.00747, 35.31752], [-119.0068, 35.31752], [-119.0068, 35.31733], [-119.0068, 35.31712], [-119.00714, 35.31712], [-119.00747, 35.31712], [-119.00748, 35.31628], [-119.00747, 35.31618], [-119.00747, 35.31586], [-119.00713, 35.31586], [-119.00636, 35.31586], [-119.00636, 35.316], [-119.00636, 35.31739], [-119.00636, 35.31752], [-119.00597, 35.31752], [-119.00596, 35.31768], [-119.00596, 35.31782], [-119.00596, 35.31833], [-119.00525, 35.31833], [-119.00525, 35.31908], [-119.00525, 35.31994], [-119.00515, 35.32004], [-119.00502, 35.32015], [-119.00339, 35.3189], [-119.00334, 35.3189], [-119.0033, 35.31893], [-119.00304, 35.31894], [-119.00285, 35.31895], [-119.00285, 35.31837], [-119.00285, 35.31803], [-119.00285, 35.31775], [-119.00285, 35.31768], [-119.00285, 35.31752], [-119.00285, 35.31721], [-119.00285, 35.31715], [-119.00285, 35.31672], [-119.00086, 35.31671], [-119.00085, 35.31598], [-119.00084, 35.31544], [-119.00084, 35.31539], [-119.00154, 35.31539], [-119.00159, 35.31539], [-119.00191, 35.3154], [-119.00285, 35.31541], [-119.00285, 35.31518], [-119.00285, 35.31409], [-119.00285, 35.31405], [-119.0021, 35.31405], [-119.00139, 35.31405], [-119.00123, 35.31405], [-118.99947, 35.31405], [-118.99864, 35.31405], [-118.99864, 35.312], [-118.9987, 35.31119], [-118.99865, 35.31042], [-118.99424, 35.31042], [-118.99428, 35.31182], [-118.99355, 35.31108], [-118.99193, 35.31042], [-118.99062, 35.31043], [-118.99012, 35.31043], [-118.99011, 35.30938], [-118.99048, 35.30938], [-118.99059, 35.30938], [-118.99034, 35.30884], [-118.99043, 35.30857], [-118.99094, 35.30679], [-118.99095, 35.30677], [-118.99117, 35.30677], [-118.99134, 35.3061], [-118.99134, 35.30589], [-118.99141, 35.30498], [-118.99152, 35.3041], [-118.99153, 35.30317], [-118.99153, 35.30305], [-118.99104, 35.29955], [-118.99148, 35.29954], [-118.99411, 35.29955], [-118.99423, 35.29955], [-118.99423, 35.29948], [-118.99423, 35.29881], [-118.99428, 35.29879], [-118.99644, 35.29881], [-118.99644, 35.29948], [-118.99645, 35.29955], [-118.99865, 35.29955], [-118.99865, 35.29953], [-119.00306, 35.29955], [-119.00305, 35.30234], [-119.00305, 35.30315], [-119.00305, 35.30497], [-119.00305, 35.30588], [-119.00305, 35.308], [-119.00305, 35.30844], [-119.00305, 35.3086], [-119.00305, 35.31042], [-119.00482, 35.31042], [-119.00527, 35.31042], [-119.00526, 35.31094], [-119.00526, 35.31125], [-119.00526, 35.31127], [-119.00526, 35.31156], [-119.00526, 35.31169], [-119.00526, 35.31182], [-119.00432, 35.31182], [-119.00324, 35.31182], [-119.00324, 35.31186], [-119.00324, 35.31223], [-119.00526, 35.31223], [-119.00542, 35.31223], [-119.00596, 35.31223], [-119.00613, 35.31223], [-119.00646, 35.31223], [-119.00657, 35.31223], [-119.00666, 35.31223], [-119.007, 35.31223], [-119.00734, 35.31223], [-119.00734, 35.31313], [-119.00734, 35.31404], [-119.00747, 35.31404], [-119.00968, 35.31404], [-119.00974, 35.31404], [-119.00974, 35.31427], [-119.00975, 35.31434], [-119.00982, 35.31435]], [[-119.02092, 35.33844], [-119.02092, 35.33879], [-119.02091, 35.33944], [-119.02076, 35.33944], [-119.01951, 35.33945], [-119.01918, 35.33945], [-119.01867, 35.33945], [-119.0163, 35.33945], [-119.0152, 35.33945], [-119.01438, 35.33945], [-119.01187, 35.33945], [-119.01022, 35.33945], [-119.00966, 35.33945], [-119.00745, 35.33946], [-119.00523, 35.33946], [-119.00302, 35.33946], [-119.00301, 35.34309], [-119.00421, 35.34308], [-119.00692, 35.34308], [-119.00746, 35.34309], [-119.00741, 35.34671], [-119.00692, 35.34671], [-119.00301, 35.34671], [-119.00301, 35.34756], [-119.00259, 35.34742], [-119.0003, 35.3477], [-118.99925, 35.34769], [-118.99746, 35.34675], [-118.99587, 35.3461], [-118.99582, 35.34615], [-118.99572, 35.34624], [-118.99557, 35.3462], [-118.99539, 35.34614], [-118.9942, 35.34556], [-118.99413, 35.34556], [-118.99411, 35.34556], [-118.99411, 35.3453], [-118.99408, 35.34527], [-118.9928, 35.344], [-118.99204, 35.34345], [-118.99204, 35.34309], [-118.9915, 35.34308], [-118.9912, 35.34308], [-118.99047, 35.34266], [-118.99014, 35.34297], [-118.99007, 35.34291], [-118.98984, 35.34308], [-118.98702, 35.34308], [-118.987, 35.34422], [-118.98541, 35.34422], [-118.98541, 35.34444], [-118.987, 35.34444], [-118.98697, 35.3459], [-118.98696, 35.34672], [-118.98792, 35.34672], [-118.98789, 35.34659], [-118.98875, 35.34659], [-118.98896, 35.34659], [-118.98896, 35.34672], [-118.98969, 35.34672], [-118.99194, 35.34672], [-118.9922, 35.34672], [-118.99419, 35.34672], [-118.99419, 35.3468], [-118.99494, 35.34679], [-118.99418, 35.34752], [-118.9941, 35.34759], [-118.99314, 35.34851], [-118.9922, 35.34941], [-118.99124, 35.35033], [-118.98926, 35.35223], [-118.9853, 35.35195], [-118.98501, 35.35198], [-118.98502, 35.35178], [-118.98512, 35.35158], [-118.98513, 35.35121], [-118.98515, 35.35035], [-118.98515, 35.35019], [-118.98518, 35.34845], [-118.98519, 35.34755], [-118.98519, 35.34725], [-118.9852, 35.34689], [-118.98512, 35.34676], [-118.98509, 35.34672], [-118.98494, 35.34672], [-118.9814, 35.34672], [-118.98139, 35.347], [-118.98116, 35.347], [-118.98115, 35.34761], [-118.98174, 35.3476], [-118.98203, 35.3476], [-118.982, 35.3485], [-118.98159, 35.34851], [-118.98045, 35.34853], [-118.97646, 35.34859], [-118.97646, 35.34819], [-118.97648, 35.34677], [-118.9798, 35.34673], [-118.98094, 35.34672], [-118.98093, 35.34654], [-118.98098, 35.3431], [-118.98099, 35.34223], [-118.98101, 35.34083], [-118.98102, 35.33968], [-118.98102, 35.33958], [-118.98103, 35.3395], [-118.98325, 35.33948], [-118.98431, 35.33947], [-118.98427, 35.33956], [-118.98427, 35.34001], [-118.98547, 35.34], [-118.98548, 35.33947], [-118.98558, 35.33946], [-118.98666, 35.33946], [-118.98982, 35.33946], [-118.98987, 35.33946], [-118.99425, 35.33946], [-118.99863, 35.33946], [-119.00264, 35.33946], [-119.00302, 35.33946], [-119.00302, 35.33908], [-119.00303, 35.33319], [-119.00303, 35.333], [-119.00303, 35.33231], [-119.00449, 35.33231], [-119.00524, 35.33232], [-119.0057, 35.33231], [-119.00691, 35.33231], [-119.00819, 35.33231], [-119.00893, 35.33231], [-119.00897, 35.33231], [-119.00903, 35.33231], [-119.00903, 35.33228], [-119.00953, 35.33228], [-119.00953, 35.33231], [-119.00965, 35.33231], [-119.00967, 35.33231], [-119.00987, 35.33231], [-119.00999, 35.33219], [-119.01048, 35.33173], [-119.01052, 35.3317], [-119.01082, 35.3314], [-119.01132, 35.33093], [-119.01164, 35.33062], [-119.01203, 35.33025], [-119.01249, 35.3298], [-119.01253, 35.32977], [-119.01262, 35.32968], [-119.01264, 35.32971], [-119.01272, 35.32983], [-119.01325, 35.33064], [-119.01343, 35.3309], [-119.01422, 35.33211], [-119.014, 35.33209], [-119.01395, 35.33209], [-119.0139, 35.3321], [-119.01335, 35.33211], [-119.01298, 35.33212], [-119.01252, 35.33213], [-119.01198, 35.33212], [-119.01196, 35.33219], [-119.01196, 35.33293], [-119.01291, 35.33293], [-119.0129, 35.3331], [-119.01299, 35.3331], [-119.01446, 35.33311], [-119.01445, 35.33306], [-119.01439, 35.33296], [-119.01428, 35.3328], [-119.01421, 35.33269], [-119.01419, 35.33266], [-119.01403, 35.33241], [-119.01396, 35.33231], [-119.01406, 35.33231], [-119.01414, 35.33231], [-119.01423, 35.33231], [-119.01429, 35.33231], [-119.01435, 35.33231], [-119.0152, 35.33231], [-119.01753, 35.3323], [-119.01875, 35.3323], [-119.01946, 35.3323], [-119.01952, 35.3323], [-119.01983, 35.3323], [-119.01998, 35.3323], [-119.02076, 35.3323], [-119.02076, 35.33327], [-119.02076, 35.33537], [-119.02076, 35.33546], [-119.02032, 35.33546], [-119.02032, 35.33581], [-119.02091, 35.33581], [-119.02091, 35.33587], [-119.02091, 35.33589], [-119.02092, 35.33627], [-119.02091, 35.33834], [-119.02092, 35.33844]], [[-119.05673, 35.34689], [-119.05671, 35.34815], [-119.0567, 35.34975], [-119.0567, 35.3499], [-119.05653, 35.34989], [-119.05625, 35.34986], [-119.05624, 35.35], [-119.05623, 35.35004], [-119.05653, 35.35009], [-119.0567, 35.35012], [-119.0567, 35.35016], [-119.0567, 35.3504], [-119.0567, 35.35046], [-119.0567, 35.35051], [-119.05665, 35.35051], [-119.0566, 35.35051], [-119.05656, 35.35063], [-119.05652, 35.35079], [-119.05649, 35.35085], [-119.05623, 35.35117], [-119.05587, 35.35164], [-119.05568, 35.35169], [-119.05554, 35.35173], [-119.05549, 35.35175], [-119.05531, 35.35188], [-119.05518, 35.35198], [-119.05513, 35.35207], [-119.05511, 35.3521], [-119.05496, 35.3524], [-119.05491, 35.3526], [-119.05487, 35.35274], [-119.05477, 35.35306], [-119.05407, 35.35354], [-119.05398, 35.35354], [-119.05328, 35.35354], [-119.05319, 35.35355], [-119.05261, 35.35355], [-119.05227, 35.35355], [-119.05227, 35.35359], [-119.05228, 35.3542], [-119.05156, 35.3542], [-119.05095, 35.35419], [-119.0507, 35.35419], [-119.05002, 35.35419], [-119.04994, 35.35419], [-119.04901, 35.35418], [-119.04894, 35.35418], [-119.04828, 35.35418], [-119.04822, 35.35418], [-119.04793, 35.35418], [-119.04783, 35.35418], [-119.04735, 35.35418], [-119.04591, 35.35417], [-119.04506, 35.35417], [-119.04506, 35.35364], [-119.04459, 35.35364], [-119.04461, 35.35314], [-119.0446, 35.35311], [-119.0446, 35.35287], [-119.0446, 35.35267], [-119.04459, 35.35249], [-119.04459, 35.3524], [-119.04458, 35.35133], [-119.04395, 35.35132], [-119.04395, 35.35099], [-119.04395, 35.35078], [-119.04366, 35.35078], [-119.04339, 35.35077], [-119.04339, 35.35131], [-119.04339, 35.35206], [-119.04246, 35.35208], [-119.04232, 35.35208], [-119.04232, 35.35205], [-119.04232, 35.35203], [-119.04232, 35.3517], [-119.04162, 35.35169], [-119.04155, 35.35169], [-119.04117, 35.35168], [-119.04117, 35.35139], [-119.04117, 35.35135], [-119.04117, 35.35126], [-119.04105, 35.35126], [-119.0408, 35.35126], [-119.04062, 35.35126], [-119.04023, 35.35126], [-119.04021, 35.35126], [-119.04011, 35.35126], [-119.0401, 35.3511], [-119.0401, 35.35107], [-119.0401, 35.35102], [-119.04012, 35.35102], [-119.04016, 35.35102], [-119.04022, 35.35102], [-119.04046, 35.35102], [-119.04059, 35.35103], [-119.04059, 35.35097], [-119.04059, 35.35088], [-119.0406, 35.35079], [-119.04073, 35.35079], [-119.04121, 35.35079], [-119.04165, 35.35079], [-119.04164, 35.35038], [-119.04168, 35.34865], [-119.04049, 35.34862], [-119.04022, 35.34861], [-119.04009, 35.34861], [-119.04008, 35.34861], [-119.03986, 35.34861], [-119.0397, 35.34861], [-119.03936, 35.34858], [-119.03924, 35.34857], [-119.03918, 35.34857], [-119.03909, 35.34856], [-119.03874, 35.34853], [-119.03863, 35.34853], [-119.03856, 35.34853], [-119.03855, 35.34858], [-119.03852, 35.34873], [-119.0385, 35.34886], [-119.03832, 35.34964], [-119.03826, 35.34989], [-119.03825, 35.34995], [-119.0382, 35.35018], [-119.03819, 35.35023], [-119.03818, 35.35026], [-119.0381, 35.35026], [-119.03804, 35.35024], [-119.03797, 35.35024], [-119.03789, 35.35027], [-119.03782, 35.35027], [-119.03782, 35.35], [-119.03743, 35.35], [-119.03729, 35.35], [-119.03707, 35.35], [-119.03684, 35.35], [-119.03672, 35.35], [-119.03662, 35.35], [-119.03662, 35.35035], [-119.03662, 35.35043], [-119.03672, 35.35044], [-119.03672, 35.35047], [-119.03671, 35.35097], [-119.03671, 35.35146], [-119.03671, 35.35196], [-119.03671, 35.35201], [-119.03671, 35.3521], [-119.03671, 35.35215], [-119.03671, 35.35227], [-119.03671, 35.35254], [-119.03671, 35.35278], [-119.03579, 35.35278], [-119.03559, 35.35278], [-119.03447, 35.35277], [-119.03447, 35.35283], [-119.03447, 35.3531], [-119.03447, 35.3536], [-119.03429, 35.3536], [-119.03388, 35.3536], [-119.03378, 35.3536], [-119.03353, 35.35359], [-119.03225, 35.3536], [-119.03215, 35.3536], [-119.03215, 35.35363], [-119.03215, 35.35368], [-119.0317, 35.35368], [-119.03167, 35.35367], [-119.03133, 35.35367], [-119.03125, 35.35367], [-119.03118, 35.35367], [-119.03115, 35.35368], [-119.03114, 35.35372], [-119.03014, 35.35373], [-119.03015, 35.35365], [-119.03015, 35.35331], [-119.03015, 35.35276], [-119.03016, 35.35246], [-119.03016, 35.3522], [-119.03016, 35.35206], [-119.03004, 35.35205], [-119.02949, 35.35205], [-119.02949, 35.35218], [-119.02934, 35.35218], [-119.0283, 35.35218], [-119.0283, 35.35226], [-119.02796, 35.35226], [-119.02797, 35.35218], [-119.02783, 35.35218], [-119.02783, 35.35216], [-119.02783, 35.35212], [-119.02783, 35.35209], [-119.02784, 35.35178], [-119.02757, 35.35178], [-119.02757, 35.35161], [-119.02746, 35.3516], [-119.02745, 35.35155], [-119.02721, 35.35154], [-119.02712, 35.35154], [-119.02705, 35.35154], [-119.02696, 35.35154], [-119.02687, 35.35154], [-119.02677, 35.35154], [-119.02661, 35.35154], [-119.02661, 35.35145], [-119.02659, 35.35138], [-119.02602, 35.35138], [-119.02562, 35.35138], [-119.02562, 35.35129], [-119.02562, 35.35125], [-119.02454, 35.35127], [-119.02434, 35.35127], [-119.02404, 35.35129], [-119.02348, 35.35129], [-119.0234, 35.35129], [-119.0234, 35.35096], [-119.0234, 35.35033], [-119.0212, 35.35033], [-119.02115, 35.3501], [-119.02113, 35.34991], [-119.02113, 35.34977], [-119.02113, 35.34942], [-119.02113, 35.34835], [-119.02115, 35.34816], [-119.02118, 35.3479], [-119.02119, 35.3477], [-119.02119, 35.34725], [-119.02119, 35.3467], [-119.02227, 35.3467], [-119.02227, 35.34662], [-119.02227, 35.34642], [-119.02227, 35.34626], [-119.02184, 35.34626], [-119.02171, 35.34627], [-119.02171, 35.3462], [-119.02171, 35.34606], [-119.02171, 35.34588], [-119.02164, 35.34588], [-119.02135, 35.34588], [-119.02119, 35.34588], [-119.02119, 35.3458], [-119.02119, 35.34489], [-119.02119, 35.34398], [-119.02119, 35.34307], [-119.02119, 35.34304], [-119.02119, 35.34217], [-119.02119, 35.34126], [-119.02119, 35.33964], [-119.02119, 35.33959], [-119.0213, 35.3396], [-119.02136, 35.3396], [-119.02145, 35.3396], [-119.02217, 35.3396], [-119.02221, 35.3396], [-119.02344, 35.3396], [-119.02346, 35.33967], [-119.02341, 35.34035], [-119.02341, 35.34126], [-119.02443, 35.34126], [-119.02536, 35.34126], [-119.02557, 35.34126], [-119.02564, 35.34126], [-119.0256, 35.34036], [-119.02621, 35.34036], [-119.02677, 35.34036], [-119.02729, 35.34036], [-119.02786, 35.34036], [-119.02785, 35.33996], [-119.02812, 35.33996], [-119.02886, 35.33996], [-119.02886, 35.34013], [-119.02897, 35.34013], [-119.02937, 35.34013], [-119.02943, 35.34013], [-119.02952, 35.34013], [-119.02952, 35.34027], [-119.02952, 35.34035], [-119.02952, 35.34047], [-119.02952, 35.34054], [-119.03013, 35.34055], [-119.03013, 35.34023], [-119.03294, 35.34023], [-119.03294, 35.34041], [-119.03294, 35.34049], [-119.03452, 35.34053], [-119.03452, 35.34025], [-119.03452, 35.34015], [-119.03552, 35.34015], [-119.0356, 35.34015], [-119.03568, 35.34015], [-119.03568, 35.34048], [-119.03568, 35.34069], [-119.03568, 35.3409], [-119.03494, 35.3409], [-119.03484, 35.3409], [-119.03474, 35.3409], [-119.03452, 35.34091], [-119.03452, 35.34087], [-119.03452, 35.34076], [-119.03441, 35.34077], [-119.03399, 35.34077], [-119.034, 35.34095], [-119.034, 35.34128], [-119.03393, 35.34128], [-119.03387, 35.34128], [-119.03393, 35.34227], [-119.03451, 35.34229], [-119.03451, 35.34309], [-119.03451, 35.34339], [-119.03482, 35.34339], [-119.03583, 35.34339], [-119.03583, 35.34309], [-119.03632, 35.34309], [-119.03593, 35.34256], [-119.03535, 35.3423], [-119.03519, 35.34215], [-119.03511, 35.34189], [-119.03511, 35.34181], [-119.03622, 35.34181], [-119.03646, 35.34181], [-119.03648, 35.34208], [-119.03652, 35.34238], [-119.03656, 35.34273], [-119.03672, 35.34309], [-119.03896, 35.34309], [-119.03913, 35.34309], [-119.03913, 35.34174], [-119.03913, 35.34143], [-119.03913, 35.34139], [-119.03919, 35.34139], [-119.03927, 35.34139], [-119.03931, 35.34139], [-119.03939, 35.34139], [-119.03957, 35.34139], [-119.03972, 35.34139], [-119.03974, 35.3414], [-119.03981, 35.34139], [-119.03986, 35.34139], [-119.03992, 35.34139], [-119.03998, 35.34139], [-119.04018, 35.34139], [-119.04019, 35.3413], [-119.0402, 35.3412], [-119.04022, 35.34091], [-119.04023, 35.34085], [-119.04023, 35.3408], [-119.04179, 35.34081], [-119.04328, 35.34082], [-119.04333, 35.34083], [-119.04339, 35.34083], [-119.04349, 35.34083], [-119.04353, 35.34083], [-119.04442, 35.34083], [-119.04531, 35.34084], [-119.04537, 35.34084], [-119.0455, 35.34084], [-119.04581, 35.34085], [-119.04621, 35.34085], [-119.04621, 35.34069], [-119.04621, 35.34047], [-119.04621, 35.34009], [-119.04674, 35.34009], [-119.04688, 35.34009], [-119.04775, 35.34009], [-119.04787, 35.3401], [-119.04792, 35.3401], [-119.04808, 35.34058], [-119.04815, 35.3408], [-119.0483, 35.34126], [-119.04834, 35.34137], [-119.04836, 35.34141], [-119.04861, 35.34215], [-119.04875, 35.34255], [-119.04899, 35.34303], [-119.04895, 35.34319], [-119.049, 35.34319], [-119.04916, 35.34319], [-119.04935, 35.34319], [-119.04911, 35.34395], [-119.04893, 35.34452], [-119.04873, 35.34452], [-119.04852, 35.34516], [-119.04828, 35.3459], [-119.04798, 35.34681], [-119.04818, 35.34681], [-119.04851, 35.34681], [-119.04849, 35.34685], [-119.04846, 35.34693], [-119.04874, 35.34694], [-119.04904, 35.34694], [-119.05071, 35.34696], [-119.05118, 35.34696], [-119.05134, 35.34696], [-119.05138, 35.34696], [-119.05137, 35.34776], [-119.05178, 35.34776], [-119.05178, 35.34732], [-119.05197, 35.34732], [-119.05198, 35.34697], [-119.05198, 35.34684], [-119.05226, 35.34685], [-119.05299, 35.34685], [-119.0532, 35.34685], [-119.05318, 35.34698], [-119.05318, 35.34703], [-119.05317, 35.34769], [-119.05317, 35.34777], [-119.05339, 35.34778], [-119.05344, 35.34778], [-119.05344, 35.34769], [-119.05345, 35.34715], [-119.05345, 35.34703], [-119.05345, 35.34698], [-119.05348, 35.34698], [-119.05348, 35.34686], [-119.05375, 35.34686], [-119.05407, 35.34686], [-119.05511, 35.34687], [-119.05521, 35.34687], [-119.05531, 35.34687], [-119.05563, 35.34688], [-119.05563, 35.347], [-119.05562, 35.34772], [-119.05562, 35.3478], [-119.05594, 35.3478], [-119.05595, 35.34747], [-119.05595, 35.34736], [-119.05616, 35.34736], [-119.05626, 35.34736], [-119.05626, 35.34725], [-119.05626, 35.34688], [-119.05647, 35.34688], [-119.05673, 35.34689]], [[-119.19761, 35.31983], [-119.1975, 35.31992], [-119.19734, 35.32006], [-119.19732, 35.32008], [-119.19728, 35.3201], [-119.19725, 35.32012], [-119.1972, 35.32015], [-119.1971, 35.32016], [-119.19708, 35.32019], [-119.19702, 35.32021], [-119.19696, 35.32022], [-119.19591, 35.32037], [-119.18779, 35.32153], [-119.18753, 35.32157], [-119.18746, 35.32158], [-119.1874, 35.32159], [-119.18736, 35.32159], [-119.18727, 35.32161], [-119.18722, 35.32162], [-119.18716, 35.32163], [-119.18712, 35.32164], [-119.18706, 35.32166], [-119.18697, 35.32168], [-119.18691, 35.3217], [-119.18687, 35.32171], [-119.18684, 35.32172], [-119.18681, 35.32173], [-119.18676, 35.32175], [-119.1867, 35.32177], [-119.18667, 35.32178], [-119.18662, 35.32179], [-119.18659, 35.32181], [-119.18477, 35.3225], [-119.18309, 35.32313], [-119.18207, 35.32352], [-119.18201, 35.32354], [-119.18107, 35.32389], [-119.18107, 35.32396], [-119.18107, 35.32406], [-119.18107, 35.3242], [-119.18107, 35.32441], [-119.18106, 35.3246], [-119.18105, 35.32516], [-119.18105, 35.32519], [-119.18105, 35.32523], [-119.18096, 35.33252], [-119.17656, 35.33252], [-119.17656, 35.33268], [-119.17654, 35.33405], [-119.17652, 35.33617], [-119.17558, 35.33618], [-119.17516, 35.33618], [-119.17432, 35.33618], [-119.17413, 35.33618], [-119.17402, 35.33618], [-119.1737, 35.33618], [-119.17365, 35.33618], [-119.17311, 35.33615], [-119.17309, 35.3361], [-119.17307, 35.33606], [-119.17306, 35.33602], [-119.17304, 35.33598], [-119.173, 35.3359], [-119.17296, 35.33582], [-119.17292, 35.33573], [-119.17287, 35.33564], [-119.17285, 35.33561], [-119.17281, 35.33552], [-119.17278, 35.33547], [-119.17272, 35.33536], [-119.17268, 35.3353], [-119.16879, 35.32872], [-119.16672, 35.32524], [-119.16493, 35.32222], [-119.16491, 35.32217], [-119.16486, 35.3221], [-119.16483, 35.32204], [-119.16481, 35.32201], [-119.16479, 35.32198], [-119.16477, 35.32195], [-119.16474, 35.32191], [-119.16471, 35.32187], [-119.16469, 35.32183], [-119.16467, 35.3218], [-119.16465, 35.32177], [-119.16462, 35.32174], [-119.1646, 35.3217], [-119.16458, 35.32167], [-119.16454, 35.32162], [-119.16452, 35.32159], [-119.16449, 35.32155], [-119.16447, 35.32152], [-119.16444, 35.32148], [-119.16441, 35.32144], [-119.16435, 35.32136], [-119.16429, 35.32129], [-119.16424, 35.32122], [-119.16416, 35.32113], [-119.16413, 35.3211], [-119.1641, 35.32106], [-119.16407, 35.32103], [-119.16405, 35.321], [-119.16402, 35.32096], [-119.16399, 35.32094], [-119.16397, 35.32091], [-119.16394, 35.32087], [-119.1639, 35.32084], [-119.16386, 35.32079], [-119.16382, 35.32075], [-119.16379, 35.32072], [-119.16376, 35.32068], [-119.16372, 35.32065], [-119.1637, 35.32062], [-119.16367, 35.32059], [-119.16363, 35.32056], [-119.1636, 35.32053], [-119.16357, 35.3205], [-119.16354, 35.32046], [-119.16351, 35.32044], [-119.16349, 35.32042], [-119.16347, 35.32039], [-119.16344, 35.32037], [-119.16343, 35.31946], [-119.16341, 35.31943], [-119.16343, 35.31087], [-119.16351, 35.31087], [-119.16804, 35.31086], [-119.17187, 35.31086], [-119.17638, 35.31086], [-119.18104, 35.31084], [-119.1826, 35.31084], [-119.18342, 35.31085], [-119.18399, 35.3109], [-119.18459, 35.31097], [-119.18516, 35.31106], [-119.18567, 35.31118], [-119.18617, 35.31132], [-119.18667, 35.31148], [-119.18709, 35.31163], [-119.1875, 35.3118], [-119.18808, 35.31209], [-119.18848, 35.3123], [-119.18897, 35.3126], [-119.1894, 35.31291], [-119.18974, 35.31319], [-119.19006, 35.31286], [-119.19668, 35.31862], [-119.19686, 35.31878], [-119.19663, 35.31897], [-119.19692, 35.31923], [-119.19754, 35.31977], [-119.19761, 35.31983]]], [[[-118.96768, 35.22334], [-118.96768, 35.22313], [-118.95002, 35.22315], [-118.94997, 35.20865], [-118.9411, 35.20867], [-118.93217, 35.20868], [-118.93223, 35.20874], [-118.93221, 35.22324], [-118.93955, 35.22316], [-118.93965, 35.22847], [-118.94541, 35.22844], [-118.94541, 35.23027], [-118.94541, 35.23033], [-118.94918, 35.23032], [-118.94935, 35.23032], [-118.94974, 35.23032], [-118.95001, 35.23032], [-118.95001, 35.23051], [-118.95001, 35.23781], [-118.9604, 35.23779], [-118.96052, 35.23779], [-118.96767, 35.23778], [-118.96768, 35.22334]]], [[[-118.96759, 35.20862], [-118.96761, 35.19404], [-118.94991, 35.19398], [-118.94985, 35.19398], [-118.94997, 35.20865], [-118.96759, 35.20862]]], [[[-118.97991, 35.24726], [-118.97993, 35.24694], [-118.97981, 35.24631], [-118.97877, 35.24007], [-118.97838, 35.23777], [-118.97826, 35.23777], [-118.97304, 35.23777], [-118.96767, 35.23778], [-118.96766, 35.24065], [-118.96765, 35.24337], [-118.96764, 35.24509], [-118.96763, 35.24948], [-118.96762, 35.25238], [-118.97959, 35.25233], [-118.97971, 35.25052], [-118.97991, 35.24726]]]]}}]}