h3,name,holc,access_min,access_km,street_m,access_src,access_snap_m,access_quality
8929ac48043ffff,Weedpatch SW 62,,127.2,10.18,80.0,routed,1256.0,approach-review
8929ac48047ffff,Weedpatch SW 67,,128.2,10.25,273.0,routed,1509.0,approach-review
8929ac4804bffff,Weedpatch SW 55,,123.4,9.87,0.0,routed,950.0,approach-review
8929ac48053ffff,Weedpatch SW 68,,135.2,10.82,59.0,routed,566.0,approach-review
8929ac48057ffff,Weedpatch SW 71,,132.9,10.63,296.0,routed,386.0,approach-review
8929ac4805bffff,Weedpatch SW 59,,123.5,9.88,0.0,routed,960.0,approach-review
8929ac480c3ffff,Weedpatch SW 77,,142.4,11.39,345.0,routed,165.0,approach-review
8929ac480cbffff,Weedpatch SW 72,,139.6,11.17,38.0,routed,842.0,approach-review
8929ac480cfffff,Weedpatch SW 75,,137.4,10.99,317.0,routed,739.0,approach-review
8929ac480d3ffff,Weedpatch SW 79,,153.4,12.27,364.0,routed,291.0,approach-review
8929ac480dbffff,Weedpatch SW 76,,144.7,11.58,3.0,routed,353.0,approach-review
8929ac48203ffff,Weedpatch SW 35,,93.8,7.51,0.0,routed,781.0,approach-review
8929ac4820bffff,Weedpatch SW 26,,84.5,6.76,0.0,routed,1611.0,approach-review
8929ac4820fffff,Weedpatch SW 31,,91.3,7.31,253.0,routed,1786.0,approach-review
8929ac48213ffff,Weedpatch SW 39,,97.2,7.78,0.0,routed,1053.0,approach-review
8929ac4821bffff,Weedpatch SW 32,,93.2,7.45,0.0,routed,730.0,approach-review
8929ac48223ffff,Weedpatch W 17,,98.9,7.91,51.0,routed,1448.0,approach-review
8929ac48227ffff,Weedpatch W 22,,96.9,7.76,0.0,routed,1292.0,approach-review
8929ac4822bffff,Weedpatch W 12,,85.8,6.87,0.0,routed,1347.0,approach-review
8929ac4822fffff,Weedpatch W 16,,94.3,7.55,0.0,routed,1084.0,approach-review
8929ac48233ffff,Weedpatch SW 42,,99.6,7.97,168.0,routed,1246.0,approach-review
8929ac48237ffff,Weedpatch SW 45,,103.5,8.28,410.0,routed,1151.0,approach-review
8929ac4823bffff,Weedpatch SW 36,,95.5,7.64,403.0,routed,515.0,approach-review
8929ac48243ffff,Weedpatch SW 14,,77.2,6.18,0.0,routed,1162.0,approach-review
8929ac48247ffff,Weedpatch SW 18,,79.5,6.36,290.0,routed,1317.0,approach-review
8929ac4824bffff,Weedpatch SW 7,,72.7,5.82,323.0,routed,800.0,approach-review
8929ac4824fffff,Weedpatch SW 10,,74.7,5.97,330.0,routed,957.0,approach-review
8929ac48253ffff,Weedpatch SW 20,,82.3,6.59,0.0,routed,1065.0,approach-review
8929ac48257ffff,Weedpatch SW 22,,84.8,6.78,0.0,routed,1260.0,approach-review
8929ac4825bffff,Weedpatch SW 12,,76.4,6.11,0.0,routed,1096.0,approach-review
8929ac48263ffff,Weedpatch SW 19,,76.0,6.08,0.0,routed,1287.0,approach-review
8929ac48267ffff,Weedpatch W 8,,80.5,6.44,0.0,routed,1121.0,approach-review
8929ac4826bffff,Weedpatch SW 11,,70.9,5.67,0.0,routed,1169.0,approach-review
8929ac4826fffff,Weedpatch W 4,,71.8,5.74,0.0,routed,1238.0,approach-review
8929ac48273ffff,Weedpatch SW 21,,82.4,6.59,366.0,routed,1554.0,approach-review
8929ac48277ffff,Weedpatch SW 27,,84.8,6.78,0.0,routed,1466.0,approach-review
8929ac4827bffff,Weedpatch SW 13,,77.8,6.22,0.0,routed,1206.0,approach-review
8929ac48283ffff,Weedpatch SW 47,,108.1,8.65,0.0,routed,1520.0,approach-review
8929ac4828bffff,Weedpatch SW 43,,101.2,8.09,0.0,routed,1369.0,approach-review
8929ac48293ffff,Weedpatch SW 50,,115.5,9.24,0.0,routed,1292.0,approach-review
8929ac48297ffff,Weedpatch SW 52,,119.3,9.54,0.0,routed,619.0,approach-review
8929ac4829bffff,Weedpatch SW 46,,111.3,8.91,0.0,routed,963.0,approach-review
8929ac482c3ffff,Weedpatch SW 34,,99.2,7.94,0.0,routed,1212.0,approach-review
8929ac482c7ffff,Weedpatch SW 37,,97.5,7.8,0.0,routed,1076.0,approach-review
8929ac482cbffff,Weedpatch SW 25,,97.5,7.8,0.0,routed,1079.0,approach-review
8929ac482cfffff,Weedpatch SW 28,,94.6,7.57,0.0,routed,847.0,approach-review
8929ac482d3ffff,Weedpatch SW 40,,103.4,8.27,0.0,routed,329.0,approach-review
8929ac482d7ffff,Weedpatch SW 41,,101.9,8.16,0.0,routed,1431.0,approach-review
8929ac482dbffff,Weedpatch SW 33,,99.8,7.99,0.0,routed,1275.0,approach-review
8929ac48343ffff,Weedpatch W 26,,93.2,7.45,263.0,routed,832.0,approach-review
8929ac48347ffff,Weedpatch W 30,,94.0,7.52,87.0,routed,902.0,approach-review
8929ac4834bffff,Weedpatch W 20,,88.1,7.05,0.0,routed,588.0,approach-review
8929ac4834fffff,Weedpatch W 24,,89.5,7.16,292.0,routed,536.0,approach-review
8929ac48353ffff,Weedpatch W 27,,97.4,7.79,234.0,routed,1168.0,approach-review
8929ac48357ffff,Weedpatch W 31,,98.8,7.91,119.0,routed,1040.0,approach-review
8929ac4835bffff,Weedpatch W 21,,92.5,7.4,0.0,routed,935.0,approach-review
8929ac48363ffff,Southland R.V. Park SE 15,,92.3,7.38,370.0,routed,773.0,approach-review
8929ac48367ffff,Southland R.V. Park SE 11,,96.0,7.68,286.0,routed,863.0,approach-review
8929ac4836bffff,Southland R.V. Park SE 16,,87.9,7.04,279.0,routed,427.0,approach-review
8929ac4836fffff,Southland R.V. Park SE 13,,89.0,7.12,0.0,routed,608.0,approach-review
8929ac4837bffff,Weedpatch W 29,,91.9,7.35,59.0,routed,731.0,approach-review
8929ac483c3ffff,Weedpatch W 33,,110.1,8.81,193.0,routed,1084.0,approach-review
8929ac483cbffff,Weedpatch W 28,,101.7,8.14,457.0,routed,1517.0,approach-review
8929ac483cfffff,Weedpatch W 32,,103.1,8.24,143.0,routed,1377.0,approach-review
8929ac48603ffff,Weedpatch SW 65,,131.1,10.49,0.0,routed,966.0,approach-review
8929ac48607ffff,Weedpatch SW 66,,156.4,12.51,0.0,routed,858.0,approach-review
8929ac4860bffff,Weedpatch SW 57,,127.9,10.23,0.0,routed,1308.0,approach-review
8929ac4860fffff,Weedpatch SW 58,,125.2,10.01,0.0,routed,1091.0,approach-review
8929ac4861bffff,Weedpatch SW 63,,126.9,10.15,0.0,routed,631.0,approach-review
8929ac48623ffff,Weedpatch SW 61,,123.6,9.89,0.0,routed,969.0,approach-review
8929ac48627ffff,Weedpatch SW 64,,125.3,10.02,0.0,routed,1099.0,approach-review
8929ac4862bffff,Weedpatch SW 54,,119.4,9.55,0.0,routed,630.0,approach-review
8929ac4862fffff,Weedpatch SW 56,,120.6,9.65,0.0,routed,727.0,approach-review
8929ac48633ffff,Weedpatch SW 69,,151.3,12.11,0.0,routed,881.0,approach-review
8929ac48637ffff,Weedpatch SW 70,,146.9,11.75,0.0,routed,529.0,approach-review
8929ac4863bffff,Weedpatch SW 60,,123.6,9.89,0.0,routed,966.0,approach-review
8929ac48663ffff,Weedpatch SW 48,,109.1,8.73,0.0,routed,1026.0,approach-review
8929ac48667ffff,Weedpatch SW 49,,111.9,8.95,0.0,routed,1255.0,approach-review
8929ac4866fffff,Weedpatch SW 44,,107.5,8.6,0.0,routed,1458.0,approach-review
8929ac48673ffff,Weedpatch SW 51,,111.9,8.95,0.0,routed,1249.0,approach-review
8929ac48677ffff,Weedpatch SW 53,,114.2,9.14,0.0,routed,1195.0,approach-review
8929ac486a7ffff,Weedpatch SW 78,,152.9,12.23,0.0,routed,248.0,approach-review
8929ac486abffff,Weedpatch SW 73,,155.2,12.41,0.0,routed,763.0,approach-review
8929ac486afffff,Weedpatch SW 74,,149.0,11.92,0.0,routed,696.0,approach-review
8929ac48827ffff,Southland R.V. Park SW 4,,120.7,9.66,37.0,routed,313.0,approach-review
8929ac48867ffff,Southland R.V. Park SW 3,,107.3,8.58,607.0,routed,482.0,approach-review
8929ac4886fffff,Southland R.V. Park SW 2,,105.7,8.46,164.0,routed,356.0,approach-review
8929ac48923ffff,Southland R.V. Park W 37,,109.5,8.76,388.0,routed,121.0,approach-review
8929ac48927ffff,Southland R.V. Park W 45,,111.1,8.89,509.0,routed,176.0,approach-review
8929ac4892bffff,Southland R.V. Park W 33,,107.3,8.58,43.0,routed,243.0,approach-review
8929ac4892fffff,Southland R.V. Park W 40,,104.9,8.39,1486.0,routed,143.0,approach-review
8929ac48933ffff,Southland R.V. Park W 36,,113.6,9.09,359.0,routed,173.0,approach-review
8929ac48937ffff,Southland R.V. Park W 43,,116.6,9.32,0.0,routed,42.0,network-estimate
8929ac4893bffff,Southland R.V. Park W 32,,111.7,8.94,36.0,routed,295.0,approach-review
8929ac48943ffff,Southland R.V. Park W 14,,113.3,9.07,300.0,routed,474.0,approach-review
8929ac48947ffff,Southland R.V. Park W 18,,114.5,9.16,0.0,routed,516.0,approach-review
8929ac4894bffff,Southland R.V. Park W 9,,111.4,8.91,80.0,routed,320.0,approach-review
8929ac4894fffff,Southland R.V. Park W 13,,109.3,8.74,272.0,routed,188.0,approach-review
8929ac48953ffff,Southland R.V. Park W 16,,118.5,9.48,388.0,routed,136.0,approach-review
8929ac48957ffff,Southland R.V. Park W 20,,119.3,9.54,0.0,routed,403.0,approach-review
8929ac4895bffff,Southland R.V. Park W 11,,115.9,9.27,323.0,routed,378.0,approach-review
8929ac48963ffff,Southland R.V. Park W 25,,114.0,9.12,1195.0,routed,167.0,approach-review
8929ac48967ffff,Southland R.V. Park W 29,,110.6,8.85,1292.0,routed,122.0,approach-review
8929ac4896bffff,Southland R.V. Park W 21,,107.4,8.59,1632.0,routed,80.0,network-estimate
8929ac4896fffff,Southland R.V. Park W 26,,108.4,8.68,1475.0,routed,158.0,approach-review
8929ac48973ffff,Southland R.V. Park W 24,,116.6,9.33,365.0,routed,392.0,approach-review
8929ac48977ffff,Southland R.V. Park W 28,,114.6,9.16,563.0,routed,112.0,approach-review
8929ac4897bffff,Southland R.V. Park W 19,,110.5,8.84,318.0,routed,303.0,approach-review
8929ac489a3ffff,Southland R.V. Park W 46,,122.5,9.8,209.0,routed,665.0,approach-review
8929ac489a7ffff,Southland R.V. Park W 52,,124.8,9.98,775.0,routed,535.0,approach-review
8929ac489abffff,Southland R.V. Park W 38,,117.8,9.43,665.0,routed,403.0,approach-review
8929ac489afffff,Southland R.V. Park W 44,,121.1,9.69,11.0,routed,336.0,approach-review
8929ac489b7ffff,Southland R.V. Park W 54,,128.2,10.25,365.0,routed,814.0,approach-review
8929ac489cbffff,Southland R.V. Park SW 5,,122.6,9.81,575.0,routed,206.0,approach-review
8929ac489cfffff,Southland R.V. Park W 22,,123.1,9.85,412.0,routed,508.0,approach-review
8929ac48a37ffff,Southland R.V. Park NE,,103.3,8.27,226.0,routed,156.0,approach-review
8929ac48a6fffff,Southland R.V. Park NE 5,,106.1,8.49,501.0,routed,134.0,approach-review
8929ac48aa7ffff,Southland R.V. Park SE,,104.7,8.38,0.0,routed,345.0,approach-review
8929ac48aafffff,Southland R.V. Park E,,106.8,8.54,1074.0,routed,200.0,approach-review
8929ac48b03ffff,Southland R.V. Park NW 6,,99.8,7.98,1465.0,routed,131.0,approach-review
8929ac48b07ffff,Southland R.V. Park NW 9,,94.4,7.55,1599.0,routed,121.0,approach-review
8929ac48b0bffff,Southland R.V. Park NW 5,,84.6,6.77,503.0,routed,26.0,network-estimate
8929ac48b0fffff,Southland R.V. Park NW 8,,95.0,7.6,1276.0,routed,146.0,approach-review
8929ac48b13ffff,Southland R.V. Park NW 4,,102.5,8.2,292.0,routed,275.0,approach-review
8929ac48b17ffff,Southland R.V. Park NW 7,,99.0,7.92,1059.0,routed,44.0,network-estimate
8929ac48b1bffff,Southland R.V. Park NW 3,,88.2,7.05,149.0,routed,198.0,approach-review
8929ac48b23ffff,Southland R.V. Park NW 15,,91.1,7.29,1367.0,routed,153.0,approach-review
8929ac48b27ffff,Village at Lakeside SW 17,,89.0,7.12,1741.0,routed,170.0,approach-review
8929ac48b2bffff,Village at Lakeside S 10,,85.0,6.8,1331.0,routed,66.0,network-estimate
8929ac48b2fffff,Village at Lakeside SW 13,,90.2,7.21,1710.0,routed,138.0,approach-review
8929ac48b33ffff,Southland R.V. Park NW 13,,96.9,7.75,1395.0,routed,50.0,network-estimate
8929ac48b37ffff,Southland R.V. Park NW 16,,93.5,7.48,1394.0,routed,185.0,approach-review
8929ac48b3bffff,Southland R.V. Park NW 12,,89.8,7.19,1863.0,routed,97.0,network-estimate
8929ac48b47ffff,Southland R.V. Park N 4,,82.5,6.6,1139.0,routed,147.0,approach-review
8929ac48b4bffff,Southland R.V. Park N 5,,89.0,7.12,1490.0,routed,111.0,approach-review
8929ac48b4fffff,Southland R.V. Park N 6,,82.4,6.59,1282.0,routed,146.0,approach-review
8929ac48b57ffff,Southland R.V. Park N 3,,86.1,6.89,1416.0,routed,107.0,approach-review
8929ac48b63ffff,Village at Lakeside S 9,,75.6,6.04,870.0,routed,195.0,approach-review
8929ac48b67ffff,Village at Lakeside S 8,,87.1,6.96,625.0,routed,317.0,approach-review
8929ac48b6bffff,Village at Lakeside S 7,,75.8,6.06,1584.0,routed,213.0,approach-review
8929ac48b6fffff,Village at Lakeside S 6,,78.1,6.25,36.0,routed,397.0,approach-review
8929ac48b73ffff,Southland R.V. Park N 7,,86.2,6.9,92.0,routed,152.0,approach-review
8929ac48b77ffff,Southland R.V. Park NW 11,,92.9,7.43,713.0,routed,194.0,approach-review
8929ac48b7bffff,Southland R.V. Park N 8,,76.7,6.14,975.0,routed,133.0,approach-review
8929ac48b83ffff,Southland R.V. Park W 4,,106.9,8.55,381.0,routed,262.0,approach-review
8929ac48b87ffff,Southland R.V. Park W 7,,107.8,8.62,394.0,routed,140.0,approach-review
8929ac48b8bffff,Southland R.V. Park W 3,,99.7,7.97,257.0,routed,87.0,network-estimate
8929ac48b8fffff,Southland R.V. Park W 5,,104.9,8.39,80.0,routed,105.0,approach-review
8929ac48b97ffff,Southland R.V. Park W 6,,110.7,8.86,0.0,routed,429.0,approach-review
8929ac48b9bffff,Southland R.V. Park W 2,,103.0,8.24,352.0,routed,242.0,approach-review
8929ac48ba3ffff,Southland R.V. Park W 12,,102.5,8.2,446.0,routed,236.0,approach-review
8929ac48ba7ffff,Southland R.V. Park W 17,,101.4,8.11,1818.0,routed,144.0,approach-review
8929ac48babffff,Southland R.V. Park NW 10,,102.8,8.22,1407.0,routed,92.0,network-estimate
8929ac48bafffff,Southland R.V. Park NW 14,,98.9,7.91,1151.0,routed,75.0,network-estimate
8929ac48bb3ffff,Southland R.V. Park W 10,,108.1,8.65,305.0,routed,155.0,approach-review
8929ac48bb7ffff,Southland R.V. Park W 15,,104.9,8.39,1143.0,routed,168.0,approach-review
8929ac48bbbffff,Southland R.V. Park W 8,,104.9,8.39,171.0,routed,144.0,approach-review
8929ac48bc3ffff,Southland R.V. Park NW,,95.5,7.64,369.0,routed,45.0,network-estimate
8929ac48bc7ffff,Southland R.V. Park NW 2,,92.8,7.42,170.0,routed,189.0,approach-review
8929ac48bcbffff,Southland R.V. Park N,,100.5,8.04,0.0,routed,196.0,approach-review
8929ac48bcfffff,Southland R.V. Park N 2,,91.0,7.28,521.0,routed,152.0,approach-review
8929ac48bd3ffff,Southland R.V. Park SW,,100.6,8.05,148.0,routed,198.0,approach-review
8929ac48bd7ffff,Southland R.V. Park W,,100.7,8.06,333.0,routed,212.0,approach-review
8929ac48bdbffff,Southland R.V. Park,,101.7,8.14,269.0,routed,69.0,network-estimate
8929ac49183ffff,Weedpatch,,69.9,5.59,714.0,routed,575.0,approach-review
8929ac49187ffff,Weedpatch SW 2,,68.4,5.47,299.0,routed,455.0,approach-review
8929ac49193ffff,Weedpatch SW 4,,69.2,5.53,340.0,routed,818.0,approach-review
8929ac49197ffff,Weedpatch SW 5,,72.6,5.81,11.0,routed,792.0,approach-review
8929ac491a3ffff,Weedpatch SW,,68.6,5.49,0.0,routed,698.0,approach-review
8929ac491b3ffff,Weedpatch SW 3,,70.1,5.61,0.0,routed,588.0,approach-review
8929ac491b7ffff,Weedpatch SW 6,,71.5,5.72,0.0,routed,930.0,approach-review
8929ac49507ffff,Weedpatch S,,87.7,7.02,254.0,routed,678.0,approach-review
8929ac49523ffff,Weedpatch SW 16,,78.9,6.31,69.0,routed,966.0,approach-review
8929ac49527ffff,Weedpatch SW 17,,80.8,6.46,0.0,routed,1118.0,approach-review
8929ac4952bffff,Weedpatch SW 8,,72.1,5.77,311.0,routed,1051.0,approach-review
8929ac4952fffff,Weedpatch SW 9,,75.8,6.07,40.0,routed,1068.0,approach-review
8929ac49533ffff,Weedpatch SW 23,,92.1,7.36,97.0,routed,1027.0,approach-review
8929ac49537ffff,Weedpatch SW 24,,85.2,6.81,0.0,routed,1292.0,approach-review
8929ac4953bffff,Weedpatch SW 15,,78.5,6.28,283.0,routed,937.0,approach-review
8929ac495a7ffff,Weedpatch SW 38,,99.5,7.96,0.0,routed,823.0,approach-review
8929ac495abffff,Weedpatch SW 29,,91.6,7.33,125.0,routed,990.0,approach-review
8929ac495afffff,Weedpatch SW 30,,95.5,7.64,0.0,routed,502.0,approach-review
8929ac49803ffff,Historic Vineyard Apartments W 7,,62.8,5.02,0.0,routed,1134.0,approach-review
8929ac49807ffff,Historic Vineyard Apartments W 14,,66.4,5.32,304.0,routed,1122.0,approach-review
8929ac4980bffff,Historic Vineyard Apartments W 3,,58.5,4.68,340.0,routed,790.0,approach-review
8929ac4980fffff,Historic Vineyard Apartments W 9,,62.5,5.0,315.0,routed,1113.0,approach-review
8929ac49813ffff,Historic Vineyard Apartments W 5,,61.5,4.92,0.0,routed,1018.0,approach-review
8929ac49817ffff,Historic Vineyard Apartments W 12,,67.5,5.4,0.0,routed,1205.0,approach-review
8929ac4981bffff,Historic Vineyard Apartments W,,59.8,4.78,0.0,routed,894.0,approach-review
8929ac49827ffff,Historic Vineyard Apartments W 28,,95.9,7.67,0.0,routed,962.0,approach-review
8929ac49833ffff,Historic Vineyard Apartments W 20,,70.4,5.63,351.0,routed,932.0,approach-review
8929ac49837ffff,Historic Vineyard Apartments W 27,,93.8,7.5,0.0,routed,797.0,approach-review
8929ac49883ffff,Historic Vineyard Apartments W 13,,57.8,4.62,0.0,routed,719.0,approach-review
8929ac49887ffff,Historic Vineyard Apartments W 17,,70.3,5.63,0.0,routed,616.0,approach-review
8929ac4988bffff,Historic Vineyard Apartments W 6,,55.2,4.41,0.0,routed,913.0,approach-review
8929ac4988fffff,Historic Vineyard Apartments W 11,,61.0,4.88,0.0,routed,981.0,approach-review
8929ac49893ffff,Historic Vineyard Apartments W 15,,56.1,4.48,372.0,routed,582.0,approach-review
8929ac49897ffff,Historic Vineyard Apartments W 19,,66.4,5.31,0.0,routed,302.0,approach-review
8929ac4989bffff,Historic Vineyard Apartments W 8,,52.7,4.21,0.0,routed,713.0,approach-review
8929ac498a3ffff,Historic Vineyard Apartments W 23,,77.6,6.21,0.0,routed,1114.0,approach-review
8929ac498a7ffff,Southland R.V. Park E 15,,86.5,6.92,0.0,routed,760.0,approach-review
8929ac498abffff,Historic Vineyard Apartments W 18,,70.9,5.67,0.0,routed,972.0,approach-review
8929ac498afffff,Historic Vineyard Apartments W 25,,90.2,7.21,267.0,routed,1057.0,approach-review
8929ac498b3ffff,Historic Vineyard Apartments W 22,,72.1,5.77,0.0,routed,758.0,approach-review
8929ac498b7ffff,Historic Vineyard Apartments W 29,,78.4,6.27,0.0,routed,920.0,approach-review
8929ac498bbffff,Historic Vineyard Apartments W 16,,74.7,5.98,0.0,routed,967.0,approach-review
8929ac498c7ffff,Historic Vineyard Apartments,,54.9,4.39,0.0,routed,889.0,approach-review
8929ac498d7ffff,Historic Vineyard Apartments W 2,,50.9,4.07,0.0,routed,571.0,approach-review
8929ac49923ffff,Southland R.V. Park NE 24,,109.7,8.77,515.0,routed,49.0,network-estimate
8929ac49927ffff,Southland R.V. Park NE 23,,108.1,8.65,254.0,routed,353.0,approach-review
8929ac4992bffff,Southland R.V. Park NE 27,,108.0,8.64,0.0,routed,719.0,approach-review
8929ac4992fffff,Southland R.V. Park NE 26,,104.5,8.36,365.0,routed,618.0,approach-review
8929ac49933ffff,Southland R.V. Park NE 22,,112.9,9.03,365.0,routed,877.0,approach-review
8929ac49937ffff,Southland R.V. Park NE 19,,108.4,8.67,0.0,routed,515.0,approach-review
8929ac4993bffff,Southland R.V. Park NE 25,,107.9,8.63,0.0,routed,1053.0,approach-review
8929ac4994bffff,Historic Vineyard Apartments NW 11,,107.8,8.63,0.0,routed,1315.0,approach-review
8929ac4994fffff,Southland R.V. Park NE 36,,107.0,8.56,0.0,routed,1248.0,approach-review
8929ac4995bffff,Historic Vineyard Apartments W 31,,99.1,7.92,0.0,routed,1217.0,approach-review
8929ac49963ffff,Southland R.V. Park NE 32,,113.0,9.04,0.0,routed,1197.0,approach-review
8929ac49967ffff,Southland R.V. Park NE 30,,108.9,8.71,0.0,routed,793.0,approach-review
8929ac4996bffff,Southland R.V. Park NE 35,,113.7,9.1,0.0,routed,1256.0,approach-review
8929ac4996fffff,Southland R.V. Park NE 33,,108.4,8.67,0.0,routed,1101.0,approach-review
8929ac49973ffff,Southland R.V. Park NE 31,,104.5,8.36,0.0,routed,1049.0,approach-review
8929ac49977ffff,Southland R.V. Park NE 28,,109.2,8.74,0.0,routed,1159.0,approach-review
8929ac4997bffff,Southland R.V. Park NE 34,,107.4,8.6,0.0,routed,1283.0,approach-review
8929ac499a7ffff,Southland R.V. Park NE 13,,110.1,8.81,0.0,routed,790.0,approach-review
8929ac499abffff,Southland R.V. Park NE 20,,104.9,8.4,365.0,routed,882.0,approach-review
8929ac499afffff,Southland R.V. Park NE 18,,111.1,8.89,0.0,routed,788.0,approach-review
8929ac499dbffff,Southland R.V. Park E 16,,89.5,7.16,388.0,routed,450.0,approach-review
8929ac49b03ffff,Historic Vineyard Apartments NW 7,,92.3,7.38,0.0,routed,1351.0,approach-review
8929ac49b07ffff,Historic Vineyard Apartments NW 14,,111.1,8.89,0.0,routed,1191.0,approach-review
8929ac49b0bffff,Historic Vineyard Apartments NW 6,,88.7,7.1,0.0,routed,1064.0,approach-review
8929ac49b0fffff,Historic Vineyard Apartments NW 13,,106.3,8.5,0.0,routed,881.0,approach-review
8929ac49b13ffff,Historic Vineyard Apartments NW 4,,92.6,7.41,0.0,routed,1380.0,approach-review
8929ac49b17ffff,Historic Vineyard Apartments NW 9,,114.0,9.12,0.0,routed,1501.0,approach-review
8929ac49b1bffff,Historic Vineyard Apartments NW 3,,88.3,7.07,0.0,routed,1036.0,approach-review
8929ac49b23ffff,Historic Vineyard Apartments NW 26,,111.8,8.94,0.0,routed,1248.0,approach-review
8929ac49b27ffff,Village at Lakeside E 74,,112.9,9.03,325.0,routed,325.0,approach-review
8929ac49b2bffff,Historic Vineyard Apartments NW 25,,107.6,8.6,358.0,routed,695.0,approach-review
8929ac49b2fffff,Village at Lakeside E 80,,111.6,8.93,295.0,routed,1233.0,approach-review
8929ac49b33ffff,Historic Vineyard Apartments NW 21,,113.2,9.06,0.0,routed,1365.0,approach-review
8929ac49b37ffff,Village at Lakeside E 76,,115.7,9.26,0.0,routed,552.0,approach-review
8929ac49b3bffff,Historic Vineyard Apartments NW 19,,108.6,8.69,0.0,routed,995.0,approach-review
8929ac49b63ffff,Historic Vineyard Apartments NW 17,,99.6,7.97,549.0,routed,348.0,approach-review
8929ac49b67ffff,Historic Vineyard Apartments NW 23,,103.8,8.3,262.0,routed,683.0,approach-review
8929ac49b6fffff,Historic Vineyard Apartments NW 22,,101.4,8.11,365.0,routed,489.0,approach-review
8929ac49b73ffff,Historic Vineyard Apartments NW 10,,100.6,8.05,0.0,routed,933.0,approach-review
8929ac49b77ffff,Historic Vineyard Apartments NW 18,,104.0,8.32,0.0,routed,699.0,approach-review
8929ac49b87ffff,Historic Vineyard Apartments NW 8,,81.2,6.5,0.0,routed,1797.0,approach-review
8929ac49b8bffff,Historic Vineyard Apartments NW 2,,74.4,5.95,0.0,routed,1760.0,approach-review
8929ac49b8fffff,Historic Vineyard Apartments NW 5,,97.1,7.77,0.0,routed,1736.0,approach-review
8929ac49ba3ffff,Historic Vineyard Apartments NW 20,,123.8,9.9,0.0,routed,1376.0,approach-review
8929ac49ba7ffff,Southland R.V. Park NE 38,,114.2,9.13,0.0,routed,1444.0,approach-review
8929ac49babffff,Historic Vineyard Apartments NW 16,,116.4,9.31,0.0,routed,1400.0,approach-review
8929ac49bafffff,Historic Vineyard Apartments NW 24,,118.3,9.46,0.0,routed,1534.0,approach-review
8929ac49bb3ffff,Historic Vineyard Apartments NW 15,,111.2,8.9,0.0,routed,1586.0,approach-review
8929ac49bb7ffff,Southland R.V. Park NE 37,,115.4,9.23,0.0,routed,1545.0,approach-review
8929ac49bbbffff,Historic Vineyard Apartments NW 12,,119.8,9.58,0.0,routed,1673.0,approach-review
8929ac49bc7ffff,Historic Vineyard Apartments NW,,89.5,7.16,0.0,routed,1131.0,approach-review
8929ac49c13ffff,Weedpatch W 5,,69.0,5.52,370.0,routed,560.0,approach-review
8929ac49c2fffff,Historic Vineyard Apartments W 21,,65.9,5.27,254.0,routed,262.0,approach-review
8929ac49c67ffff,Historic Vineyard Apartments W 10,,52.3,4.19,511.0,routed,282.0,approach-review
8929ac49c6fffff,Historic Vineyard Apartments W 4,,48.2,3.86,430.0,routed,356.0,approach-review
8929ac49c83ffff,Weedpatch W 10,,77.6,6.21,0.0,routed,893.0,approach-review
8929ac49c87ffff,Weedpatch W 14,,85.3,6.83,0.0,routed,363.0,approach-review
8929ac49c8bffff,Weedpatch W 6,,73.0,5.84,0.0,routed,522.0,approach-review
8929ac49c8fffff,Weedpatch W 9,,75.9,6.07,249.0,routed,751.0,approach-review
8929ac49c93ffff,Weedpatch W 11,,81.8,6.54,0.0,routed,1023.0,approach-review
8929ac49c97ffff,Weedpatch W 15,,89.8,7.19,0.0,routed,721.0,approach-review
8929ac49c9bffff,Weedpatch W 7,,76.4,6.11,0.0,routed,795.0,approach-review
8929ac49ca3ffff,Weedpatch W 19,,83.1,6.65,303.0,routed,167.0,approach-review
8929ac49ca7ffff,Weedpatch W 25,,82.8,6.63,650.0,routed,167.0,approach-review
8929ac49cb3ffff,Weedpatch W 18,,84.4,6.75,111.0,routed,287.0,approach-review
8929ac49cb7ffff,Weedpatch W 23,,87.6,7.01,727.0,routed,138.0,approach-review
8929ac49cbbffff,Weedpatch W 13,,82.0,6.56,700.0,routed,94.0,network-estimate
8929ac49cc7ffff,Weedpatch W 2,,66.2,5.29,343.0,routed,986.0,approach-review
8929ac49cd3ffff,Weedpatch W,,67.3,5.38,0.0,routed,876.0,approach-review
8929ac49cd7ffff,Weedpatch W 3,,69.2,5.53,0.0,routed,1030.0,approach-review
8929ac49d03ffff,Southland R.V. Park E 6,,79.8,6.39,377.0,routed,176.0,approach-review
8929ac49d07ffff,Southland R.V. Park E 2,,84.1,6.73,384.0,routed,369.0,approach-review
8929ac49d0bffff,Southland R.V. Park E 10,,76.2,6.1,243.0,routed,460.0,approach-review
8929ac49d0fffff,Southland R.V. Park E 5,,82.3,6.58,0.0,routed,369.0,approach-review
8929ac49d13ffff,Southland R.V. Park SE 4,,83.1,6.65,0.0,routed,438.0,approach-review
8929ac49d17ffff,Southland R.V. Park SE 2,,84.6,6.77,515.0,routed,415.0,approach-review
8929ac49d1bffff,Southland R.V. Park E 11,,76.4,6.11,0.0,routed,475.0,approach-review
8929ac49d43ffff,Historic Vineyard Apartments W 32,,69.2,5.54,33.0,routed,217.0,approach-review
8929ac49d4bffff,Historic Vineyard Apartments W 24,,67.6,5.41,0.0,routed,400.0,approach-review
8929ac49d4fffff,Historic Vineyard Apartments W 30,,73.6,5.89,0.0,routed,563.0,approach-review
8929ac49d53ffff,Historic Vineyard Apartments W 33,,69.1,5.53,799.0,routed,208.0,approach-review
8929ac49d57ffff,Southland R.V. Park E 14,,71.9,5.75,411.0,routed,168.0,approach-review
8929ac49d5bffff,Historic Vineyard Apartments W 26,,64.0,5.12,560.0,routed,107.0,approach-review
8929ac49d63ffff,Southland R.V. Park E 8,,84.1,6.73,0.0,routed,572.0,approach-review
8929ac49d67ffff,Southland R.V. Park E 3,,92.2,7.37,0.0,routed,849.0,approach-review
8929ac49d6bffff,Southland R.V. Park E 12,,84.0,6.72,0.0,routed,560.0,approach-review
8929ac49d6fffff,Southland R.V. Park E 7,,88.9,7.11,0.0,routed,407.0,approach-review
8929ac49d73ffff,Southland R.V. Park E 9,,79.6,6.37,0.0,routed,664.0,approach-review
8929ac49d77ffff,Southland R.V. Park E 4,,86.5,6.92,0.0,routed,712.0,approach-review
8929ac49d7bffff,Southland R.V. Park E 13,,78.4,6.27,0.0,routed,760.0,approach-review
8929ac49d83ffff,Southland R.V. Park SE 5,,94.6,7.57,365.0,routed,769.0,approach-review
8929ac49d8bffff,Southland R.V. Park SE 6,,87.5,7.0,0.0,routed,786.0,approach-review
8929ac49d8fffff,Southland R.V. Park SE 3,,88.1,7.05,365.0,routed,689.0,approach-review
8929ac49d93ffff,Southland R.V. Park SE 7,,100.8,8.06,65.0,routed,124.0,approach-review
8929ac49d9bffff,Southland R.V. Park SE 9,,92.2,7.37,0.0,routed,860.0,approach-review
8929ac49dc3ffff,Southland R.V. Park SE 12,,79.2,6.34,0.0,routed,420.0,approach-review
8929ac49dc7ffff,Southland R.V. Park SE 8,,80.4,6.43,0.0,routed,599.0,approach-review
8929ac49dcbffff,Historic Vineyard Apartments W 34,,73.8,5.91,857.0,routed,231.0,approach-review
8929ac49dcfffff,Southland R.V. Park E 17,,74.4,5.95,0.0,routed,442.0,approach-review
8929ac49dd3ffff,Southland R.V. Park SE 14,,83.6,6.69,0.0,routed,365.0,approach-review
8929ac49dd7ffff,Southland R.V. Park SE 10,,85.9,6.87,0.0,routed,707.0,approach-review
8929ac49ddbffff,Historic Vineyard Apartments SW,,78.5,6.28,970.0,routed,114.0,approach-review
8929ac4c00bffff,Park Square Apartments S 75,,134.3,10.75,0.0,routed,939.0,approach-review
8929ac4c01bffff,Park Square Apartments S 86,,138.8,11.1,0.0,routed,1292.0,approach-review
8929ac4c043ffff,Park Square Apartments S 70,,128.1,10.25,0.0,routed,943.0,approach-review
8929ac4c047ffff,Park Square Apartments S 68,,131.4,10.52,0.0,routed,707.0,approach-review
8929ac4c04bffff,Park Square Apartments S 63,,124.4,9.95,0.0,routed,647.0,approach-review
8929ac4c04fffff,Park Square Apartments S 60,,121.0,9.68,0.0,routed,1002.0,approach-review
8929ac4c053ffff,Park Square Apartments S 80,,131.4,10.52,0.0,routed,944.0,approach-review
8929ac4c057ffff,Park Square Apartments S 78,,135.3,10.83,0.0,routed,1231.0,approach-review
8929ac4c05bffff,Park Square Apartments S 73,,124.8,9.98,0.0,routed,647.0,approach-review
8929ac4c063ffff,Park Square Apartments S 56,,123.4,9.88,0.0,routed,1083.0,approach-review
8929ac4c06bffff,Park Square Apartments S 48,,119.1,9.53,0.0,routed,811.0,approach-review
8929ac4c06fffff,Park Square Apartments S 47,,119.6,9.57,0.0,routed,775.0,approach-review
8929ac4c073ffff,Park Square Apartments S 65,,127.6,10.21,0.0,routed,1417.0,approach-review
8929ac4c07bffff,Park Square Apartments S 58,,123.5,9.88,0.0,routed,1163.0,approach-review
8929ac4c0c3ffff,Park Square Apartments S 99,,137.6,11.01,0.0,routed,1361.0,approach-review
8929ac4c0c7ffff,Park Square Apartments S 96,,140.4,11.23,0.0,routed,1583.0,approach-review
8929ac4c0cbffff,Park Square Apartments S 91,,132.9,10.63,0.0,routed,1035.0,approach-review
8929ac4c0cfffff,Park Square Apartments S 88,,135.8,10.87,0.0,routed,1270.0,approach-review
8929ac4c0d3ffff,Park Square Apartments S 109,,140.7,11.25,0.0,routed,1507.0,approach-review
8929ac4c0d7ffff,Park Square Apartments S 107,,142.2,11.38,0.0,routed,1732.0,approach-review
8929ac4c0dbffff,Park Square Apartments S 102,,135.7,10.86,0.0,routed,1208.0,approach-review
8929ac4c123ffff,Highgate - West Ming Village A S 56,,107.1,8.57,372.0,routed,2348.0,approach-review
8929ac4c127ffff,Highgate - West Ming Village A SW 38,,108.7,8.7,283.0,routed,2475.0,approach-review
8929ac4c12bffff,Highgate - West Ming Village A S 52,,100.5,8.04,246.0,routed,2610.0,approach-review
8929ac4c12fffff,Highgate - West Ming Village A S 51,,101.0,8.08,0.0,routed,2648.0,approach-review
8929ac4c14fffff,Highgate - West Ming Village A S 53,,133.3,10.66,252.0,routed,1646.0,approach-review
8929ac4c163ffff,Highgate - West Ming Village A S 48,,97.0,7.76,64.0,routed,2051.0,approach-review
8929ac4c167ffff,Highgate - West Ming Village A S 47,,96.5,7.72,0.0,routed,2290.0,approach-review
8929ac4c16bffff,Highgate - West Ming Village A S 44,,92.5,7.4,0.0,routed,1692.0,approach-review
8929ac4c16fffff,Highgate - West Ming Village A S 42,,92.7,7.42,0.0,routed,1988.0,approach-review
8929ac4c173ffff,Highgate - West Ming Village A S 55,,102.1,8.17,154.0,routed,1947.0,approach-review
8929ac4c177ffff,Highgate - West Ming Village A S 54,,101.5,8.12,409.0,routed,2415.0,approach-review
8929ac4c17bffff,Highgate - West Ming Village A S 50,,96.0,7.68,403.0,routed,1974.0,approach-review
8929ac4c203ffff,Park Square Apartments S 37,,104.0,8.32,5.0,routed,239.0,approach-review
8929ac4c207ffff,Park Square Apartments S 34,,100.3,8.02,365.0,routed,348.0,approach-review
8929ac4c20bffff,Park Square Apartments S 35,,98.5,7.88,1466.0,routed,75.0,network-estimate
8929ac4c20fffff,Park Square Apartments S 29,,99.6,7.97,506.0,routed,242.0,approach-review
8929ac4c213ffff,Park Square Apartments S 45,,110.2,8.81,1377.0,routed,120.0,approach-review
8929ac4c217ffff,Park Square Apartments S 42,,105.4,8.43,559.0,routed,23.0,network-estimate
8929ac4c21bffff,Park Square Apartments S 43,,102.7,8.22,1608.0,routed,145.0,approach-review
8929ac4c223ffff,Park Square Apartments S 24,,98.5,7.88,1572.0,routed,20.0,network-estimate
8929ac4c227ffff,Park Square Apartments S 22,,100.9,8.07,1375.0,routed,121.0,approach-review
8929ac4c22bffff,Park Square Apartments S 19,,91.5,7.32,1999.0,routed,37.0,network-estimate
8929ac4c22fffff,Park Square Apartments S 18,,93.3,7.46,1327.0,routed,90.0,network-estimate
8929ac4c233ffff,Park Square Apartments S 30,,101.2,8.1,121.0,routed,263.0,approach-review
8929ac4c237ffff,Park Square Apartments S 28,,104.2,8.34,1142.0,routed,126.0,approach-review
8929ac4c23bffff,Park Square Apartments S 25,,95.8,7.66,1505.0,routed,190.0,approach-review
8929ac4c243ffff,Park Square Apartments SE 40,,90.2,7.21,1632.0,routed,114.0,approach-review
8929ac4c247ffff,Park Square Apartments S 31,,92.6,7.41,1761.0,routed,108.0,approach-review
8929ac4c24bffff,Park Square Apartments SE 37,,84.0,6.72,993.0,routed,27.0,network-estimate
8929ac4c24fffff,Park Square Apartments SE 32,,87.5,7.0,557.0,routed,214.0,approach-review
8929ac4c253ffff,Park Square Apartments SE 48,,95.2,7.61,1624.0,routed,58.0,network-estimate
8929ac4c257ffff,Park Square Apartments S 39,,96.8,7.74,1622.0,routed,92.0,network-estimate
8929ac4c25bffff,Park Square Apartments SE 46,,89.3,7.14,1761.0,routed,106.0,approach-review
8929ac4c263ffff,Park Square Apartments S 21,,86.6,6.93,1620.0,routed,135.0,approach-review
8929ac4c267ffff,Park Square Apartments S 17,,88.0,7.04,1676.0,routed,74.0,network-estimate
8929ac4c26bffff,Park Square Apartments SE 19,,80.8,6.46,1515.0,routed,109.0,approach-review
8929ac4c26fffff,Greystone Park,,82.1,6.57,1811.0,routed,25.0,network-estimate
8929ac4c273ffff,Park Square Apartments S 27,,95.2,7.62,2065.0,routed,114.0,approach-review
8929ac4c277ffff,Park Square Apartments S 23,,92.5,7.4,867.0,routed,237.0,approach-review
8929ac4c27bffff,Park Square Apartments SE 26,,85.3,6.82,521.0,routed,204.0,approach-review
8929ac4c283ffff,Park Square Apartments S 61,,114.9,9.19,538.0,routed,397.0,approach-review
8929ac4c287ffff,Park Square Apartments S 57,,113.8,9.1,0.0,routed,418.0,approach-review
8929ac4c28bffff,Park Square Apartments S 55,,113.1,9.05,1198.0,routed,190.0,approach-review
8929ac4c28fffff,Park Square Apartments S 51,,109.4,8.75,1080.0,routed,268.0,approach-review
8929ac4c293ffff,Park Square Apartments S 71,,118.5,9.48,506.0,routed,177.0,approach-review
8929ac4c297ffff,Park Square Apartments S 67,,120.2,9.61,0.0,routed,307.0,approach-review
8929ac4c29bffff,Park Square Apartments S 66,,118.4,9.47,713.0,routed,160.0,approach-review
8929ac4c2a3ffff,Park Square Apartments S 44,,112.0,8.96,0.0,routed,753.0,approach-review
8929ac4c2a7ffff,Park Square Apartments S 41,,113.3,9.07,0.0,routed,603.0,approach-review
8929ac4c2abffff,Park Square Apartments S 38,,105.5,8.44,0.0,routed,537.0,approach-review
8929ac4c2afffff,Park Square Apartments S 36,,107.6,8.61,0.0,routed,398.0,approach-review
8929ac4c2b3ffff,Park Square Apartments S 53,,114.4,9.15,0.0,routed,746.0,approach-review
8929ac4c2b7ffff,Park Square Apartments S 50,,117.8,9.42,0.0,routed,957.0,approach-review
8929ac4c2bbffff,Park Square Apartments S 46,,109.8,8.78,0.0,routed,375.0,approach-review
8929ac4c2c3ffff,Park Square Apartments S 59,,105.3,8.42,1211.0,routed,98.0,network-estimate
8929ac4c2c7ffff,Park Square Apartments S 52,,107.9,8.64,1537.0,routed,176.0,approach-review
8929ac4c2cbffff,Park Square Apartments S 54,,98.8,7.9,568.0,routed,132.0,approach-review
8929ac4c2cfffff,Park Square Apartments S 49,,101.1,8.09,1778.0,routed,83.0,network-estimate
8929ac4c2d3ffff,Park Square Apartments S 69,,110.7,8.85,935.0,routed,126.0,approach-review
8929ac4c2d7ffff,Park Square Apartments S 62,,112.6,9.01,388.0,routed,273.0,approach-review
8929ac4c2dbffff,Park Square Apartments S 64,,103.5,8.28,592.0,routed,221.0,approach-review
8929ac4c303ffff,Park Square Apartments SW 27,,112.2,8.97,0.0,routed,348.0,approach-review
8929ac4c307ffff,Park Square Apartments SW 28,,81.9,6.55,0.0,routed,843.0,approach-review
8929ac4c30bffff,Park Square Apartments SW 21,,106.4,8.51,554.0,routed,218.0,approach-review
8929ac4c30fffff,Park Square Apartments SW 23,,110.9,8.87,0.0,routed,573.0,approach-review
8929ac4c313ffff,Park Square Apartments SW 30,,117.0,9.36,0.0,routed,341.0,approach-review
8929ac4c317ffff,Park Square Apartments SW 31,,116.4,9.31,0.0,routed,746.0,approach-review
8929ac4c31bffff,Park Square Apartments SW 26,,109.0,8.72,868.0,routed,200.0,approach-review
8929ac4c323ffff,Highgate - West Ming Village A S 26,,75.3,6.03,0.0,routed,1099.0,approach-review
8929ac4c327ffff,Highgate - West Ming Village A S 24,,74.7,5.98,0.0,routed,1052.0,approach-review
8929ac4c32bffff,Park Square Apartments SW 22,,69.3,5.54,0.0,routed,1107.0,approach-review
8929ac4c32fffff,Highgate - West Ming Village A S 20,,70.9,5.67,0.0,routed,1233.0,approach-review
8929ac4c333ffff,Highgate - West Ming Village A S 32,,80.0,6.4,0.0,routed,692.0,approach-review
8929ac4c337ffff,Highgate - West Ming Village A S 30,,78.8,6.31,0.0,routed,1378.0,approach-review
8929ac4c33bffff,Park Square Apartments SW 24,,77.4,6.19,0.0,routed,485.0,approach-review
8929ac4c343ffff,Park Square Apartments SW 15,,98.6,7.89,716.0,routed,220.0,approach-review
8929ac4c347ffff,Park Square Apartments SW 16,,106.9,8.55,954.0,routed,258.0,approach-review
8929ac4c34bffff,Park Square Apartments S 12,,96.6,7.73,0.0,routed,310.0,approach-review
8929ac4c34fffff,Park Square Apartments SW 11,,102.0,8.16,0.0,routed,487.0,approach-review
8929ac4c353ffff,Park Square Apartments S 20,,101.5,8.12,1443.0,routed,112.0,approach-review
8929ac4c357ffff,Park Square Apartments SW 20,,103.3,8.26,1551.0,routed,182.0,approach-review
8929ac4c35bffff,Park Square Apartments S 16,,94.8,7.58,1766.0,routed,169.0,approach-review
8929ac4c363ffff,Park Square Apartments SW 13,,80.8,6.47,0.0,routed,760.0,approach-review
8929ac4c367ffff,Park Square Apartments SW 17,,65.0,5.2,0.0,routed,764.0,approach-review
8929ac4c36bffff,Park Square Apartments SW 9,,63.9,5.11,0.0,routed,674.0,approach-review
8929ac4c36fffff,Park Square Apartments SW 10,,61.3,4.9,0.0,routed,466.0,approach-review
8929ac4c373ffff,Park Square Apartments SW 18,,109.5,8.76,0.0,routed,460.0,approach-review
8929ac4c377ffff,Park Square Apartments SW 19,,77.8,6.23,0.0,routed,518.0,approach-review
8929ac4c37bffff,Park Square Apartments SW 12,,111.3,8.91,0.0,routed,609.0,approach-review
8929ac4c387ffff,Park Square Apartments SW 37,,125.6,10.05,289.0,routed,1028.0,approach-review
8929ac4c38bffff,Park Square Apartments SW 34,,118.5,9.48,328.0,routed,459.0,approach-review
8929ac4c38fffff,Park Square Apartments SW 35,,121.1,9.69,328.0,routed,669.0,approach-review
8929ac4c3a3ffff,Highgate - West Ming Village A S 43,,87.9,7.03,0.0,routed,1324.0,approach-review
8929ac4c3a7ffff,Highgate - West Ming Village A S 40,,88.1,7.05,0.0,routed,1339.0,approach-review
8929ac4c3abffff,Park Square Apartments SW 32,,84.4,6.75,0.0,routed,1046.0,approach-review
8929ac4c3afffff,Highgate - West Ming Village A S 37,,83.8,6.71,0.0,routed,999.0,approach-review
8929ac4c3b3ffff,Highgate - West Ming Village A S 49,,129.0,10.32,366.0,routed,1300.0,approach-review
8929ac4c3b7ffff,Highgate - West Ming Village A S 46,,91.8,7.35,0.0,routed,1639.0,approach-review
8929ac4c3bbffff,Park Square Apartments SW 36,,124.9,9.99,0.0,routed,973.0,approach-review
8929ac4c3c3ffff,Park Square Apartments S 32,,112.1,8.97,367.0,routed,249.0,approach-review
8929ac4c3c7ffff,Park Square Apartments SW 29,,114.2,9.14,1288.0,routed,122.0,approach-review
8929ac4c3cbffff,Park Square Apartments S 26,,105.6,8.44,1012.0,routed,152.0,approach-review
8929ac4c3cfffff,Park Square Apartments SW 25,,107.0,8.56,486.0,routed,236.0,approach-review
8929ac4c3d3ffff,Park Square Apartments S 40,,114.9,9.19,0.0,routed,476.0,approach-review
8929ac4c3d7ffff,Park Square Apartments SW 33,,118.8,9.5,0.0,routed,485.0,approach-review
8929ac4c3dbffff,Park Square Apartments S 33,,109.3,8.74,0.0,routed,278.0,approach-review
8929ac4c46bffff,Park Square Apartments S 120,,151.6,12.12,0.0,routed,1222.0,approach-review
8929ac4c46fffff,Park Square Apartments S 118,,147.8,11.82,0.0,routed,1620.0,approach-review
8929ac4c603ffff,Park Square Apartments S 110,,135.5,10.84,0.0,routed,737.0,approach-review
8929ac4c607ffff,Park Square Apartments S 104,,132.2,10.58,365.0,routed,886.0,approach-review
8929ac4c60bffff,Park Square Apartments S 105,,127.1,10.16,0.0,routed,507.0,approach-review
8929ac4c60fffff,Park Square Apartments S 98,,128.2,10.26,0.0,routed,602.0,approach-review
8929ac4c617ffff,Park Square Apartments S 115,,137.1,10.97,365.0,routed,67.0,network-estimate
8929ac4c61bffff,Park Square Apartments S 116,,133.5,10.68,0.0,routed,195.0,approach-review
8929ac4c623ffff,Park Square Apartments S 89,,126.7,10.14,0.0,routed,544.0,approach-review
8929ac4c627ffff,Park Square Apartments S 84,,128.2,10.26,0.0,routed,664.0,approach-review
8929ac4c62bffff,Park Square Apartments S 81,,123.1,9.85,365.0,routed,277.0,approach-review
8929ac4c62fffff,Park Square Apartments S 77,,122.4,9.79,0.0,routed,458.0,approach-review
8929ac4c633ffff,Park Square Apartments S 100,,130.8,10.46,0.0,routed,772.0,approach-review
8929ac4c637ffff,Park Square Apartments S 95,,131.2,10.5,0.0,routed,850.0,approach-review
8929ac4c63bffff,Park Square Apartments S 92,,127.7,10.21,365.0,routed,641.0,approach-review
8929ac4c643ffff,Park Square Apartments S 108,,120.9,9.67,0.0,routed,385.0,approach-review
8929ac4c647ffff,Park Square Apartments S 101,,124.2,9.94,0.0,routed,460.0,approach-review
8929ac4c64bffff,Park Square Apartments S 103,,114.9,9.19,365.0,routed,584.0,approach-review
8929ac4c64fffff,Park Square Apartments S 97,,114.6,9.17,0.0,routed,561.0,approach-review
8929ac4c653ffff,Park Square Apartments S 119,,126.9,10.15,0.0,routed,41.0,network-estimate
8929ac4c657ffff,Park Square Apartments S 112,,131.3,10.51,0.0,routed,399.0,approach-review
8929ac4c65bffff,Park Square Apartments S 114,,119.5,9.56,367.0,routed,272.0,approach-review
8929ac4c663ffff,Park Square Apartments S 82,,118.0,9.44,0.0,routed,518.0,approach-review
8929ac4c667ffff,Park Square Apartments S 76,,120.6,9.65,0.0,routed,343.0,approach-review
8929ac4c66bffff,Park Square Apartments S 79,,112.0,8.96,0.0,routed,420.0,approach-review
8929ac4c66fffff,Park Square Apartments S 72,,114.6,9.17,294.0,routed,247.0,approach-review
8929ac4c673ffff,Park Square Apartments S 94,,122.5,9.8,0.0,routed,525.0,approach-review
8929ac4c677ffff,Park Square Apartments S 87,,125.2,10.02,0.0,routed,347.0,approach-review
8929ac4c67bffff,Park Square Apartments S 90,,119.6,9.57,0.0,routed,650.0,approach-review
8929ac4c6a3ffff,Park Square Apartments S 117,,143.6,11.49,0.0,routed,587.0,approach-review
8929ac4c6a7ffff,Park Square Apartments S 113,,140.7,11.25,0.0,routed,1150.0,approach-review
8929ac4c6abffff,Park Square Apartments S 111,,135.4,10.83,0.0,routed,726.0,approach-review
8929ac4c6afffff,Park Square Apartments S 106,,134.8,10.79,0.0,routed,1094.0,approach-review
8929ac4c6cfffff,Park Square Apartments S 121,,131.1,10.49,0.0,routed,325.0,approach-review
8929ac4c803ffff,2800 Acre Water Bank SE,,52.7,4.22,0.0,straightline,1247.0,detour-review
8929ac4c807ffff,2800 Acre Water Bank,,56.5,4.52,0.0,straightline,1195.0,detour-review
8929ac4c80bffff,2800 Acre Water Bank E 2,,46.9,3.75,0.0,straightline,889.0,detour-review
8929ac4c80fffff,2800 Acre Water Bank E,,50.7,4.06,0.0,straightline,848.0,detour-review
8929ac4c813ffff,Highgate - West Ming Village A SW 19,,55.3,4.43,0.0,straightline,1528.0,detour-review
8929ac4c817ffff,2800 Acre Water Bank S,,58.6,4.69,0.0,straightline,902.0,detour-review
8929ac4c81bffff,2800 Acre Water Bank SE 2,,49.4,3.95,0.0,straightline,1369.0,detour-review
8929ac4c823ffff,2800 Acre Water Bank NW,,59.3,4.74,0.0,straightline,1166.0,detour-review
8929ac4c827ffff,2800 Acre Water Bank NW 3,,63.9,5.11,0.0,straightline,1440.0,detour-review
8929ac4c82bffff,2800 Acre Water Bank N 2,,53.8,4.31,0.0,straightline,809.0,detour-review
8929ac4c82fffff,2800 Acre Water Bank NW 2,,58.6,4.69,0.0,straightline,589.0,detour-review
8929ac4c833ffff,2800 Acre Water Bank W,,60.5,4.84,0.0,straightline,1305.0,detour-review
8929ac4c837ffff,2800 Acre Water Bank W 3,,64.8,5.18,0.0,straightline,1472.0,detour-review
8929ac4c83bffff,2800 Acre Water Bank N,,54.9,4.39,0.0,straightline,954.0,detour-review
8929ac4c843ffff,2800 Acre Water Bank E 5,,37.6,3.01,0.0,straightline,980.0,detour-review
8929ac4c847ffff,2800 Acre Water Bank E 3,,41.1,3.29,0.0,straightline,702.0,detour-review
8929ac4c84bffff,2800 Acre Water Bank E 7,,41.0,3.28,0.0,routed,1591.0,approach-review
8929ac4c84fffff,2800 Acre Water Bank E 6,,35.3,2.82,0.0,straightline,686.0,detour-review
8929ac4c853ffff,Highgate - West Ming Village A SW 7,,40.7,3.25,0.0,straightline,1310.0,detour-review
8929ac4c857ffff,2800 Acre Water Bank E 4,,43.5,3.48,0.0,straightline,1060.0,detour-review
8929ac4c85bffff,2800 Acre Water Bank E 8,,44.1,3.53,0.0,routed,1843.0,approach-review
8929ac4c863ffff,2800 Acre Water Bank NE 3,,43.8,3.5,0.0,straightline,215.0,detour-review
8929ac4c867ffff,Highgate - West Ming Village A W 7,,48.5,3.88,0.0,straightline,475.0,detour-review
8929ac4c86bffff,2800 Acre Water Bank NE 5,,38.4,3.07,0.0,straightline,167.0,detour-review
8929ac4c86fffff,Highgate - West Ming Village A W 6,,43.3,3.46,0.0,straightline,268.0,detour-review
8929ac4c873ffff,2800 Acre Water Bank NE 2,,45.0,3.6,0.0,straightline,535.0,detour-review
8929ac4c877ffff,2800 Acre Water Bank NE,,49.3,3.94,0.0,straightline,583.0,detour-review
8929ac4c87bffff,2800 Acre Water Bank NE 4,,39.3,3.15,0.0,straightline,358.0,detour-review
8929ac4c887ffff,2800 Acre Water Bank S 2,,91.5,7.32,0.0,routed,1172.0,approach-review
8929ac4c88bffff,Highgate - West Ming Village A SW 23,,98.5,7.88,0.0,routed,1736.0,approach-review
8929ac4c88fffff,Highgate - West Ming Village A SW 28,,96.1,7.69,0.0,routed,1542.0,approach-review
8929ac4c897ffff,Highgate - West Ming Village A SW 39,,89.4,7.15,0.0,routed,1003.0,approach-review
8929ac4c89bffff,Highgate - West Ming Village A SW 29,,97.1,7.77,0.0,routed,1622.0,approach-review
8929ac4c8a3ffff,2800 Acre Water Bank SW 3,,101.7,8.14,0.0,routed,1147.0,approach-review
8929ac4c8a7ffff,2800 Acre Water Bank SW 4,,99.7,7.97,0.0,routed,983.0,approach-review
8929ac4c8abffff,2800 Acre Water Bank SW,,62.3,4.98,0.0,straightline,945.0,detour-review
8929ac4c8afffff,2800 Acre Water Bank W 2,,66.2,5.3,0.0,straightline,1110.0,detour-review
8929ac4c8b3ffff,2800 Acre Water Bank SW 5,,90.2,7.21,0.0,routed,1066.0,approach-review
8929ac4c8b7ffff,2800 Acre Water Bank SW 6,,90.3,7.23,0.0,routed,1078.0,approach-review
8929ac4c8bbffff,2800 Acre Water Bank SW 2,,104.7,8.38,0.0,routed,1387.0,approach-review
8929ac4c8c3ffff,Highgate - West Ming Village A SW 11,,50.1,4.01,0.0,straightline,1734.0,detour-review
8929ac4c8c7ffff,Highgate - West Ming Village A SW 15,,52.5,4.2,0.0,straightline,1594.0,detour-review
8929ac4c8cfffff,Highgate - West Ming Village A SW 10,,46.6,3.73,0.0,straightline,1566.0,detour-review
8929ac4c8d3ffff,Highgate - West Ming Village A SW 16,,54.0,4.32,0.0,straightline,2139.0,detour-review
8929ac4c8d7ffff,Highgate - West Ming Village A SW 20,,56.0,4.48,0.0,straightline,1363.0,detour-review
8929ac4c953ffff,Park West at Stockdale River Ranch SW 14,,68.7,5.5,0.0,straightline,1225.0,detour-review
8929ac4c95bffff,Park West at Stockdale River Ranch SW 13,,63.5,5.08,0.0,straightline,1438.0,detour-review
8929ac4c9c3ffff,Highgate - West Ming Village A W 9,,103.4,8.27,0.0,routed,1278.0,approach-review
8929ac4c9cbffff,Highgate - West Ming Village A W 8,,107.1,8.57,0.0,routed,1577.0,approach-review
8929ac4c9d3ffff,2800 Acre Water Bank W 5,,99.1,7.93,0.0,routed,938.0,approach-review
8929ac4c9d7ffff,Highgate - West Ming Village A W 10,,100.2,8.02,0.0,routed,1027.0,approach-review
8929ac4c9dbffff,2800 Acre Water Bank W 4,,103.2,8.25,0.0,routed,1263.0,approach-review
8929ac4ca03ffff,Highgate - West Ming Village A W 4,,10.8,0.87,0.0,routed,435.0,approach-review
8929ac4ca07ffff,2800 Acre Water Bank NE 18,,16.2,1.3,0.0,routed,625.0,approach-review
8929ac4ca0bffff,Highgate - West Ming Village A W 2,,8.3,0.66,739.0,routed,102.0,approach-review
8929ac4ca0fffff,2800 Acre Water Bank NE 21,,12.7,1.02,0.0,routed,345.0,approach-review
8929ac4ca13ffff,Highgate - West Ming Village A W 5,,11.5,0.92,0.0,routed,634.0,approach-review
8929ac4ca17ffff,2800 Acre Water Bank NE 17,,17.7,1.41,0.0,routed,740.0,approach-review
8929ac4ca1bffff,Highgate - West Ming Village A W 3,,6.7,0.53,20.0,routed,349.0,approach-review
8929ac4ca23ffff,2800 Acre Water Bank NE 19,,25.8,2.06,0.0,straightline,744.0,detour-review
8929ac4ca27ffff,Park West at Stockdale River Ranch SW 6,,68.6,5.49,0.0,routed,678.0,approach-review
8929ac4ca2bffff,2800 Acre Water Bank NE 22,,23.2,1.85,0.0,straightline,579.0,detour-review
8929ac4ca2fffff,Park West at Stockdale River Ranch S 3,,63.7,5.1,0.0,routed,450.0,approach-review
8929ac4ca33ffff,2800 Acre Water Bank NE 16,,30.3,2.42,0.0,routed,926.0,approach-review
8929ac4ca37ffff,2800 Acre Water Bank NE 15,,29.4,2.35,0.0,straightline,881.0,detour-review
8929ac4ca3bffff,2800 Acre Water Bank NE 20,,17.2,1.38,0.0,routed,706.0,approach-review
8929ac4ca43ffff,Highgate - West Ming Village A NW,,4.7,0.38,2050.0,routed,12.0,network-estimate
8929ac4ca47ffff,Highgate - West Ming Village A NW 3,,5.9,0.47,857.0,routed,243.0,approach-review
8929ac4ca4bffff,Highgate - West Ming Village A N,,9.2,0.74,1547.0,routed,150.0,approach-review
8929ac4ca4fffff,Highgate - West Ming Village A NW 2,,8.7,0.7,9.0,routed,203.0,approach-review
8929ac4ca53ffff,Highgate - West Ming Village A SW,,2.8,0.23,2055.0,routed,146.0,approach-review
8929ac4ca57ffff,Highgate - West Ming Village A W,,2.3,0.18,1330.0,routed,107.0,approach-review
8929ac4ca5bffff,Highgate - West Ming Village A,,1.6,0.13,2175.0,routed,76.0,network-estimate
8929ac4ca63ffff,2800 Acre Water Bank NE 26,,21.3,1.7,0.0,routed,527.0,approach-review
8929ac4ca67ffff,2800 Acre Water Bank NE 25,,56.1,4.49,0.0,routed,442.0,detour-review
8929ac4ca6bffff,2800 Acre Water Bank NE 27,,50.7,4.05,0.0,routed,397.0,detour-review
8929ac4ca6fffff,Village Greens Gated Neighborhood SW 2,,51.9,4.15,627.0,routed,310.0,approach-review
8929ac4ca73ffff,2800 Acre Water Bank NE 24,,12.8,1.02,0.0,routed,351.0,approach-review
8929ac4ca77ffff,2800 Acre Water Bank NE 23,,16.0,1.28,0.0,routed,606.0,approach-review
8929ac4ca7bffff,Highgate - West Ming Village A NW 4,,10.1,0.81,0.0,routed,410.0,approach-review
8929ac4ca87ffff,2800 Acre Water Bank E 11,,35.9,2.87,0.0,routed,1280.0,approach-review
8929ac4ca97ffff,2800 Acre Water Bank E 10,,39.4,3.15,0.0,routed,1560.0,approach-review
8929ac4caa3ffff,2800 Acre Water Bank NE 9,,35.8,2.86,0.0,routed,1272.0,approach-review
8929ac4caa7ffff,2800 Acre Water Bank NE 8,,33.2,2.65,0.0,straightline,1445.0,detour-review
8929ac4caabffff,2800 Acre Water Bank NE 14,,31.0,2.48,0.0,routed,934.0,approach-review
8929ac4caafffff,2800 Acre Water Bank NE 12,,34.6,2.77,0.0,routed,1225.0,approach-review
8929ac4cab3ffff,2800 Acre Water Bank E 9,,37.7,3.01,0.0,routed,1423.0,approach-review
8929ac4cab7ffff,2800 Acre Water Bank NE 6,,41.3,3.31,0.0,routed,1620.0,approach-review
8929ac4cabbffff,2800 Acre Water Bank NE 13,,32.8,2.63,0.0,routed,1082.0,approach-review
8929ac4cac3ffff,Highgate - West Ming Village A SW 3,,9.0,0.72,0.0,routed,445.0,approach-review
8929ac4cac7ffff,Highgate - West Ming Village A SW 4,,9.3,0.74,0.0,routed,637.0,approach-review
8929ac4cacbffff,Highgate - West Ming Village A S 2,,8.3,0.67,487.0,routed,174.0,approach-review
8929ac4cacfffff,Highgate - West Ming Village A SW 2,,4.7,0.37,171.0,routed,330.0,approach-review
8929ac4cad3ffff,Highgate - West Ming Village A SW 5,,13.6,1.08,0.0,routed,807.0,approach-review
8929ac4cadbffff,Highgate - West Ming Village A S 4,,12.8,1.02,0.0,routed,522.0,approach-review
8929ac4cb03ffff,Park West at Stockdale River Ranch SW 10,,82.5,6.6,0.0,routed,930.0,approach-review
8929ac4cb0bffff,Park West at Stockdale River Ranch SW 9,,77.9,6.23,0.0,routed,559.0,approach-review
8929ac4cb0fffff,Park West at Stockdale River Ranch W 11,,80.3,6.43,0.0,routed,692.0,approach-review
8929ac4cb43ffff,Park West at Stockdale River Ranch SW 5,,69.5,5.56,554.0,routed,266.0,approach-review
8929ac4cb47ffff,Park West at Stockdale River Ranch W 6,,73.2,5.86,898.0,routed,191.0,approach-review
8929ac4cb4bffff,Park West at Stockdale River Ranch SW 3,,69.1,5.53,627.0,routed,235.0,approach-review
8929ac4cb4fffff,Park West at Stockdale River Ranch W 3,,67.6,5.4,1037.0,routed,49.0,network-estimate
8929ac4cb57ffff,Park West at Stockdale River Ranch SW 7,,76.6,6.13,0.0,routed,462.0,approach-review
8929ac4cb5bffff,Park West at Stockdale River Ranch SW 4,,66.0,5.28,191.0,routed,226.0,approach-review
8929ac4cb63ffff,Park West at Stockdale River Ranch W 7,,72.3,5.79,0.0,routed,156.0,approach-review
8929ac4cb67ffff,Park West at Stockdale River Ranch W 10,,77.1,6.17,304.0,routed,177.0,approach-review
8929ac4cb6bffff,Park West at Stockdale River Ranch W 5,,71.1,5.68,385.0,routed,69.0,network-estimate
8929ac4cb73ffff,Park West at Stockdale River Ranch W 8,,75.6,6.05,26.0,routed,422.0,approach-review
8929ac4cb77ffff,Park West at Stockdale River Ranch W 9,,76.9,6.15,0.0,routed,492.0,approach-review
8929ac4cb7bffff,Park West at Stockdale River Ranch W 4,,73.6,5.89,79.0,routed,260.0,approach-review
8929ac4cb93ffff,Park West at Stockdale River Ranch SW 12,,53.4,4.27,0.0,straightline,816.0,detour-review
8929ac4cbc3ffff,2800 Acre Water Bank NE 10,,79.4,6.35,0.0,routed,1058.0,approach-review
8929ac4cbcbffff,Park West at Stockdale River Ranch SW 8,,73.8,5.91,0.0,routed,852.0,approach-review
8929ac4cbd3ffff,2800 Acre Water Bank NE 7,,38.3,3.06,0.0,straightline,1349.0,detour-review
8929ac4cbd7ffff,Park West at Stockdale River Ranch SW 11,,92.8,7.42,0.0,routed,1286.0,approach-review
8929ac4cbdbffff,2800 Acre Water Bank NE 11,,33.6,2.69,0.0,straightline,1089.0,detour-review
8929ac4cc03ffff,Highgate - West Ming Village A SW 48,,176.1,14.09,0.0,routed,1624.0,approach-review
8929ac4cc0bffff,Highgate - West Ming Village A SW 42,,103.3,8.26,0.0,routed,2115.0,approach-review
8929ac4cc0fffff,Highgate - West Ming Village A SW 43,,98.8,7.9,0.0,routed,1754.0,approach-review
8929ac4cc13ffff,Highgate - West Ming Village A SW 50,,175.3,14.03,361.0,routed,1563.0,approach-review
8929ac4cc1bffff,Highgate - West Ming Village A SW 47,,171.7,13.74,0.0,routed,1274.0,approach-review
8929ac4cc43ffff,Highgate - West Ming Village A SW 34,,108.8,8.71,0.0,routed,2484.0,approach-review
8929ac4cc47ffff,Highgate - West Ming Village A SW 35,,106.1,8.49,0.0,routed,2338.0,approach-review
8929ac4cc4bffff,Highgate - West Ming Village A SW 26,,99.1,7.92,0.0,routed,2493.0,approach-review
8929ac4cc4fffff,Highgate - West Ming Village A SW 27,,107.4,8.59,0.0,routed,2368.0,approach-review
8929ac4cc53ffff,Highgate - West Ming Village A SW 40,,163.8,13.1,0.0,routed,2228.0,approach-review
8929ac4cc57ffff,Highgate - West Ming Village A SW 41,,168.8,13.5,0.0,routed,1038.0,approach-review
8929ac4cc5bffff,Highgate - West Ming Village A SW 32,,106.2,8.5,0.0,routed,2274.0,approach-review
8929ac4cc63ffff,Highgate - West Ming Village A SW 31,,100.8,8.06,0.0,routed,1913.0,approach-review
8929ac4cc67ffff,Highgate - West Ming Village A SW 33,,96.7,7.73,0.0,routed,1585.0,approach-review
8929ac4cc6bffff,Highgate - West Ming Village A SW 22,,104.6,8.37,0.0,routed,2221.0,approach-review
8929ac4cc6fffff,Highgate - West Ming Village A SW 24,,100.7,8.06,0.0,routed,1911.0,approach-review
8929ac4cc73ffff,Highgate - West Ming Village A SW 36,,101.6,8.13,0.0,routed,1983.0,approach-review
8929ac4cc77ffff,Highgate - West Ming Village A SW 37,,97.2,7.78,0.0,routed,1631.0,approach-review
8929ac4cc7bffff,Highgate - West Ming Village A SW 30,,105.0,8.4,0.0,routed,2251.0,approach-review
8929ac4ccc7ffff,Highgate - West Ming Village A SW 49,,171.4,13.71,295.0,routed,1245.0,approach-review
8929ac4cccbffff,Highgate - West Ming Village A SW 44,,163.4,13.08,334.0,routed,610.0,approach-review
8929ac4cccfffff,Highgate - West Ming Village A SW 45,,167.4,13.4,322.0,routed,931.0,approach-review
8929ac4cd03ffff,2800 Acre Water Bank SW 21,,84.9,6.79,0.0,routed,645.0,approach-review
8929ac4cd07ffff,2800 Acre Water Bank SW 22,,89.2,7.14,0.0,routed,992.0,approach-review
8929ac4cd0bffff,2800 Acre Water Bank SW 17,,82.2,6.58,0.0,routed,428.0,approach-review
8929ac4cd0fffff,2800 Acre Water Bank SW 18,,86.6,6.93,0.0,routed,784.0,approach-review
8929ac4cd13ffff,Highgate - West Ming Village A SW 53,,85.5,6.84,0.0,routed,695.0,approach-review
8929ac4cd17ffff,2800 Acre Water Bank SW 25,,88.9,7.11,0.0,routed,962.0,approach-review
8929ac4cd1bffff,2800 Acre Water Bank SW 19,,81.0,6.48,0.0,routed,331.0,approach-review
8929ac4cd23ffff,2800 Acre Water Bank SW 23,,95.6,7.65,0.0,routed,1504.0,approach-review
8929ac4cd27ffff,Highgate - West Ming Village A W 14,,102.1,8.17,0.0,routed,1768.0,approach-review
8929ac4cd2bffff,2800 Acre Water Bank W 6,,94.1,7.52,0.0,routed,1378.0,approach-review
8929ac4cd2fffff,Highgate - West Ming Village A W 13,,98.4,7.87,0.0,routed,1725.0,approach-review
8929ac4cd33ffff,2800 Acre Water Bank SW 24,,93.7,7.49,0.0,routed,1347.0,approach-review
8929ac4cd37ffff,2800 Acre Water Bank SW 27,,99.6,7.97,0.0,routed,1566.0,approach-review
8929ac4cd3bffff,2800 Acre Water Bank SW 20,,91.1,7.29,0.0,routed,1144.0,approach-review
8929ac4cd43ffff,2800 Acre Water Bank SW 11,,82.3,6.58,0.0,routed,436.0,approach-review
8929ac4cd47ffff,2800 Acre Water Bank SW 13,,82.8,6.62,0.0,routed,475.0,approach-review
8929ac4cd4bffff,2800 Acre Water Bank SW 7,,86.9,6.95,0.0,routed,803.0,approach-review
8929ac4cd4fffff,2800 Acre Water Bank SW 9,,86.1,6.88,0.0,routed,737.0,approach-review
8929ac4cd53ffff,Highgate - West Ming Village A SW 51,,80.8,6.47,0.0,routed,320.0,approach-review
8929ac4cd57ffff,2800 Acre Water Bank SW 15,,78.2,6.26,0.0,routed,111.0,approach-review
8929ac4cd5bffff,Highgate - West Ming Village A SW 46,,84.9,6.79,0.0,routed,645.0,approach-review
8929ac4cd63ffff,2800 Acre Water Bank SW 12,,90.1,7.21,0.0,routed,1061.0,approach-review
8929ac4cd67ffff,Highgate - West Ming Village A W 12,,93.7,7.49,0.0,routed,1345.0,approach-review
8929ac4cd6bffff,2800 Acre Water Bank SW 8,,91.9,7.35,0.0,routed,1203.0,approach-review
8929ac4cd6fffff,Highgate - West Ming Village A W 11,,94.5,7.56,0.0,routed,1412.0,approach-review
8929ac4cd73ffff,2800 Acre Water Bank SW 14,,85.9,6.87,0.0,routed,722.0,approach-review
8929ac4cd77ffff,2800 Acre Water Bank SW 16,,89.8,7.19,0.0,routed,1004.0,approach-review
8929ac4cd7bffff,2800 Acre Water Bank SW 10,,87.3,6.99,0.0,routed,839.0,approach-review
8929ac4cd8fffff,Highgate - West Ming Village A SW 54,,90.1,7.21,0.0,routed,1064.0,approach-review
8929ac4cda3ffff,2800 Acre Water Bank SW 29,,97.4,7.79,0.0,routed,1351.0,approach-review
8929ac4cda7ffff,2800 Acre Water Bank SW 31,,103.6,8.29,0.0,routed,443.0,approach-review
8929ac4cdabffff,2800 Acre Water Bank SW 26,,92.8,7.42,0.0,routed,1276.0,approach-review
8929ac4cdafffff,2800 Acre Water Bank SW 28,,97.9,7.83,0.0,routed,1429.0,approach-review
8929ac4cdb3ffff,Highgate - West Ming Village A SW 56,,107.6,8.61,0.0,routed,765.0,approach-review
8929ac4cdb7ffff,Highgate - West Ming Village A SW 57,,106.8,8.55,0.0,routed,703.0,approach-review
8929ac4cdbbffff,Highgate - West Ming Village A SW 55,,93.2,7.46,0.0,routed,1308.0,approach-review
8929ac4cdcfffff,Highgate - West Ming Village A SW 52,,80.0,6.4,0.0,routed,254.0,approach-review
8929ac4ce03ffff,Highgate - West Ming Village A S 22,,78.6,6.28,0.0,routed,2259.0,approach-review
8929ac4ce13ffff,Highgate - West Ming Village A S 28,,82.7,6.61,0.0,routed,2588.0,approach-review
8929ac4ce17ffff,Highgate - West Ming Village A SW 8,,85.5,6.84,0.0,routed,1745.0,approach-review
8929ac4ce1bffff,Highgate - West Ming Village A S 23,,79.0,6.32,0.0,routed,2294.0,approach-review
8929ac4ce2fffff,Highgate - West Ming Village A SW 6,,43.5,3.48,0.0,routed,1793.0,approach-review
8929ac4ce43ffff,Highgate - West Ming Village A S 17,,72.8,5.82,0.0,routed,729.0,approach-review
8929ac4ce4bffff,Highgate - West Ming Village A S 14,,68.7,5.49,0.0,routed,566.0,approach-review
8929ac4ce4fffff,Highgate - West Ming Village A S 12,,27.1,2.17,0.0,routed,1508.0,approach-review
8929ac4ce53ffff,Highgate - West Ming Village A S 21,,75.7,6.05,0.0,routed,1126.0,approach-review
8929ac4ce5bffff,Highgate - West Ming Village A S 18,,71.1,5.69,0.0,routed,762.0,approach-review
8929ac4ce83ffff,Highgate - West Ming Village A S 39,,92.2,7.38,0.0,routed,2286.0,approach-review
8929ac4ce87ffff,Highgate - West Ming Village A SW 17,,93.1,7.45,0.0,routed,2358.0,approach-review
8929ac4ce8bffff,Highgate - West Ming Village A S 35,,88.0,7.04,0.0,routed,1950.0,approach-review
8929ac4ce8fffff,Highgate - West Ming Village A S 34,,88.7,7.09,0.0,routed,2001.0,approach-review
8929ac4ce93ffff,Highgate - West Ming Village A S 45,,96.0,7.68,0.0,routed,2591.0,approach-review
8929ac4ce97ffff,Highgate - West Ming Village A SW 25,,97.6,7.8,0.0,routed,2373.0,approach-review
8929ac4ce9bffff,Highgate - West Ming Village A S 41,,92.0,7.36,0.0,routed,2269.0,approach-review
8929ac4cea3ffff,Highgate - West Ming Village A SW 13,,92.1,7.37,0.0,routed,2277.0,approach-review
8929ac4cea7ffff,Highgate - West Ming Village A SW 14,,106.5,8.52,0.0,routed,2297.0,approach-review
8929ac4ceabffff,Highgate - West Ming Village A SW 9,,87.5,7.0,0.0,routed,1906.0,approach-review
8929ac4ceb3ffff,Highgate - West Ming Village A SW 18,,96.5,7.72,0.0,routed,2286.0,approach-review
8929ac4ceb7ffff,Highgate - West Ming Village A SW 21,,99.0,7.92,0.0,routed,2489.0,approach-review
8929ac4cebbffff,Highgate - West Ming Village A SW 12,,90.1,7.2,0.0,routed,2113.0,approach-review
8929ac4cec3ffff,Highgate - West Ming Village A S 31,,83.4,6.67,0.0,routed,1743.0,approach-review
8929ac4cec7ffff,Highgate - West Ming Village A S 29,,84.0,6.72,0.0,routed,1630.0,approach-review
8929ac4cecbffff,Highgate - West Ming Village A S 27,,79.0,6.32,0.0,routed,1391.0,approach-review
8929ac4cecfffff,Highgate - West Ming Village A S 25,,80.3,6.42,0.0,routed,1494.0,approach-review
8929ac4ced3ffff,Highgate - West Ming Village A S 38,,89.3,7.15,0.0,routed,1714.0,approach-review
8929ac4ced7ffff,Highgate - West Ming Village A S 36,,87.9,7.03,0.0,routed,2102.0,approach-review
8929ac4cedbffff,Highgate - West Ming Village A S 33,,82.8,6.62,0.0,routed,1693.0,approach-review
8929ac4d003ffff,Village at Lakeside W 61,,82.4,6.59,1589.0,routed,109.0,approach-review
8929ac4d007ffff,The Springs Apartment Homes S 47,,84.3,6.74,1893.0,routed,106.0,approach-review
8929ac4d00bffff,Village at Lakeside W 54,,80.0,6.4,1923.0,routed,124.0,approach-review
8929ac4d00fffff,Village at Lakeside W 60,,77.8,6.23,2285.0,routed,136.0,approach-review
8929ac4d013ffff,Village at Lakeside W 62,,87.3,6.99,2167.0,routed,131.0,approach-review
8929ac4d017ffff,Village at Lakeside W 65,,88.9,7.12,1553.0,routed,123.0,approach-review
8929ac4d01bffff,Village at Lakeside W 56,,84.5,6.76,1706.0,routed,181.0,approach-review
8929ac4d023ffff,The Springs Apartment Homes S 44,,81.1,6.49,1887.0,routed,109.0,approach-review
8929ac4d027ffff,The Springs Apartment Homes S 42,,83.1,6.65,1707.0,routed,140.0,approach-review
8929ac4d02bffff,The Springs Apartment Homes S 43,,76.4,6.11,1573.0,routed,82.0,network-estimate
8929ac4d02fffff,The Springs Apartment Homes S 41,,79.6,6.37,471.0,routed,149.0,approach-review
8929ac4d033ffff,Park Square Apartments SE 82,,85.2,6.82,2149.0,routed,81.0,network-estimate
8929ac4d037ffff,Park Square Apartments SE 72,,86.4,6.92,1910.0,routed,121.0,approach-review
8929ac4d03bffff,The Springs Apartment Homes S 46,,79.9,6.39,1534.0,routed,142.0,approach-review
8929ac4d043ffff,Village at Lakeside W 44,,76.5,6.12,2031.0,routed,108.0,approach-review
8929ac4d047ffff,Village at Lakeside W 49,,77.5,6.2,1530.0,routed,166.0,approach-review
8929ac4d04bffff,Village at Lakeside W 39,,69.1,5.53,1398.0,routed,105.0,approach-review
8929ac4d04fffff,Village at Lakeside W 45,,71.1,5.69,1866.0,routed,146.0,approach-review
8929ac4d053ffff,Village at Lakeside W 46,,81.0,6.48,1752.0,routed,96.0,network-estimate
8929ac4d057ffff,Village at Lakeside W 50,,82.2,6.57,1386.0,routed,215.0,approach-review
8929ac4d05bffff,Village at Lakeside W 40,,75.3,6.02,1483.0,routed,110.0,approach-review
8929ac4d063ffff,Coventry Place Apartments SW 46,,71.7,5.73,1550.0,routed,175.0,approach-review
8929ac4d067ffff,The Springs Apartment Homes SE 42,,70.1,5.6,1961.0,routed,167.0,approach-review
8929ac4d06bffff,Coventry Place Apartments SW 43,,72.1,5.77,1700.0,routed,145.0,approach-review
8929ac4d06fffff,Coventry Place Apartments SW 44,,66.2,5.3,1624.0,routed,108.0,approach-review
8929ac4d073ffff,Village at Lakeside W 55,,75.4,6.03,1460.0,routed,125.0,approach-review
8929ac4d077ffff,The Springs Apartment Homes S 45,,73.3,5.86,1797.0,routed,161.0,approach-review
8929ac4d07bffff,Coventry Place Apartments SW 45,,75.0,6.0,1392.0,routed,130.0,approach-review
8929ac4d083ffff,Village at Lakeside W 67,,106.9,8.55,0.0,routed,378.0,approach-review
8929ac4d087ffff,Park Square Apartments SE 97,,99.0,7.92,915.0,routed,225.0,approach-review
8929ac4d08bffff,Village at Lakeside W 63,,90.8,7.27,369.0,routed,219.0,approach-review
8929ac4d08fffff,Village at Lakeside W 66,,92.8,7.42,280.0,routed,265.0,approach-review
8929ac4d093ffff,Village at Lakeside W 68,,104.1,8.33,357.0,routed,70.0,network-estimate
8929ac4d097ffff,Village at Lakeside W 69,,103.6,8.29,498.0,routed,115.0,approach-review
8929ac4d09bffff,Village at Lakeside W 64,,97.1,7.77,294.0,routed,132.0,approach-review
8929ac4d0a3ffff,Park Square Apartments SE 84,,95.4,7.63,1659.0,routed,107.0,approach-review
8929ac4d0a7ffff,Park Square Apartments SE 75,,91.6,7.33,1813.0,routed,105.0,approach-review
8929ac4d0abffff,Park Square Apartments SE 87,,89.8,7.18,1505.0,routed,105.0,approach-review
8929ac4d0afffff,Park Square Apartments SE 76,,90.8,7.27,1398.0,routed,140.0,approach-review
8929ac4d0b3ffff,Park Square Apartments SE 90,,100.1,8.01,1104.0,routed,204.0,approach-review
8929ac4d0b7ffff,Park Square Apartments SE 83,,96.6,7.73,1738.0,routed,130.0,approach-review
8929ac4d0bbffff,Park Square Apartments SE 91,,94.4,7.55,700.0,routed,261.0,approach-review
8929ac4d0c3ffff,Village at Lakeside W 52,,91.3,7.3,1470.0,routed,139.0,approach-review
8929ac4d0c7ffff,Village at Lakeside W 57,,89.8,7.18,2003.0,routed,134.0,approach-review
8929ac4d0cbffff,Village at Lakeside W 47,,87.1,6.97,1548.0,routed,61.0,network-estimate
8929ac4d0cfffff,Village at Lakeside W 51,,87.3,6.98,1538.0,routed,135.0,approach-review
8929ac4d0d3ffff,Village at Lakeside W 53,,98.5,7.88,1631.0,routed,107.0,approach-review
8929ac4d0d7ffff,Village at Lakeside W 58,,94.1,7.53,1441.0,routed,140.0,approach-review
8929ac4d0dbffff,Village at Lakeside W 48,,90.2,7.21,1190.0,routed,66.0,network-estimate
8929ac4d103ffff,Park Square Apartments SE 36,,81.2,6.5,606.0,routed,72.0,network-estimate
8929ac4d107ffff,Park Square Apartments SE 29,,74.2,5.94,1444.0,routed,164.0,approach-review
8929ac4d10bffff,Park Square Apartments SE 39,,79.8,6.39,522.0,routed,122.0,approach-review
8929ac4d10fffff,Park Square Apartments SE 30,,77.2,6.18,621.0,routed,81.0,network-estimate
8929ac4d113ffff,Park Square Apartments SE 42,,84.9,6.79,315.0,routed,162.0,approach-review
8929ac4d117ffff,Park Square Apartments SE 34,,79.1,6.33,1667.0,routed,123.0,approach-review
8929ac4d11bffff,Park Square Apartments SE 44,,80.6,6.45,750.0,routed,120.0,approach-review
8929ac4d123ffff,Park Square Apartments SE 17,,63.8,5.1,1286.0,routed,132.0,approach-review
8929ac4d127ffff,Park Square Apartments SE 12,,61.5,4.92,1537.0,routed,147.0,approach-review
8929ac4d12bffff,Park Square Apartments SE 21,,62.0,4.96,1367.0,routed,121.0,approach-review
8929ac4d12fffff,Park Square Apartments SE 15,,58.5,4.68,1864.0,routed,132.0,approach-review
8929ac4d133ffff,Park Square Apartments SE 22,,69.2,5.54,1631.0,routed,132.0,approach-review
8929ac4d137ffff,Park Square Apartments SE 16,,66.0,5.28,1888.0,routed,63.0,network-estimate
8929ac4d13bffff,Park Square Apartments SE 23,,71.0,5.68,1717.0,routed,126.0,approach-review
8929ac4d143ffff,The Springs Apartment Homes S 37,,82.4,6.6,1950.0,routed,137.0,approach-review
8929ac4d147ffff,Park Square Apartments SE 43,,70.5,5.64,365.0,routed,66.0,network-estimate
8929ac4d14bffff,The Springs Apartment Homes S 35,,85.2,6.81,1682.0,routed,166.0,approach-review
8929ac4d14fffff,The Springs Apartment Homes S 33,,67.8,5.42,663.0,routed,89.0,network-estimate
8929ac4d153ffff,Park Square Apartments SE 58,,76.9,6.15,1727.0,routed,167.0,approach-review
8929ac4d157ffff,Park Square Apartments SE 50,,74.8,5.98,702.0,routed,60.0,network-estimate
8929ac4d15bffff,The Springs Apartment Homes S 39,,81.6,6.53,1917.0,routed,90.0,network-estimate
8929ac4d163ffff,Park Square Apartments E 20,,61.9,4.95,1547.0,routed,181.0,approach-review
8929ac4d167ffff,Campus Park S.,,59.5,4.76,948.0,routed,182.0,approach-review
8929ac4d16bffff,The Springs Apartment Homes S 27,,63.5,5.08,1978.0,routed,128.0,approach-review
8929ac4d16fffff,The Springs Apartment Homes S 25,,57.6,4.61,1705.0,routed,126.0,approach-review
8929ac4d173ffff,Park Square Apartments SE 35,,75.4,6.04,721.0,routed,74.0,network-estimate
8929ac4d177ffff,Park Square Apartments SE 28,,65.6,5.25,554.0,routed,171.0,approach-review
8929ac4d17bffff,The Springs Apartment Homes S 31,,65.5,5.24,1075.0,routed,100.0,network-estimate
8929ac4d183ffff,Park Square Apartments SE 47,,88.7,7.1,1147.0,routed,148.0,approach-review
8929ac4d187ffff,Park Square Apartments SE 38,,85.7,6.86,592.0,routed,118.0,approach-review
8929ac4d18bffff,Park Square Apartments SE 49,,89.4,7.16,754.0,routed,186.0,approach-review
8929ac4d18fffff,Park Square Apartments SE 41,,83.7,6.7,1432.0,routed,135.0,approach-review
8929ac4d193ffff,Park Square Apartments SE 54,,95.1,7.61,676.0,routed,136.0,approach-review
8929ac4d197ffff,Park Square Apartments SE 45,,89.1,7.13,779.0,routed,120.0,approach-review
8929ac4d19bffff,Park Square Apartments SE 56,,94.6,7.57,0.0,routed,95.0,network-estimate
8929ac4d1a3ffff,Park Square Apartments SE 25,,75.9,6.07,1821.0,routed,119.0,approach-review
8929ac4d1a7ffff,Park Square Apartments SE 18,,77.4,6.19,1862.0,routed,131.0,approach-review
8929ac4d1abffff,Park Square Apartments SE 27,,73.6,5.89,1942.0,routed,101.0,approach-review
8929ac4d1afffff,Park Square Apartments SE 20,,70.5,5.64,1525.0,routed,123.0,approach-review
8929ac4d1b3ffff,Park Square Apartments SE 31,,78.8,6.3,548.0,routed,217.0,approach-review
8929ac4d1b7ffff,Park Square Apartments SE 24,,81.8,6.54,937.0,routed,101.0,approach-review
8929ac4d1bbffff,Park Square Apartments SE 33,,77.7,6.21,1232.0,routed,145.0,approach-review
8929ac4d1c3ffff,Park Square Apartments SE 59,,83.8,6.7,514.0,routed,58.0,network-estimate
8929ac4d1c7ffff,Park Square Apartments SE 51,,88.4,7.07,333.0,routed,226.0,approach-review
8929ac4d1cbffff,Park Square Apartments SE 63,,83.2,6.66,1408.0,routed,186.0,approach-review
8929ac4d1cfffff,Park Square Apartments SE 52,,85.2,6.82,463.0,routed,206.0,approach-review
8929ac4d1d3ffff,Park Square Apartments SE 66,,87.5,7.0,515.0,routed,212.0,approach-review
8929ac4d1d7ffff,Park Square Apartments SE 57,,90.3,7.22,705.0,routed,39.0,network-estimate
8929ac4d1dbffff,Park Square Apartments SE 67,,87.3,6.98,791.0,routed,84.0,network-estimate
8929ac4d203ffff,Coventry Place Apartments SW 25,,62.6,5.01,1208.0,routed,197.0,approach-review
8929ac4d207ffff,Coventry Place Apartments SW 27,,52.1,4.17,1461.0,routed,122.0,approach-review
8929ac4d20bffff,Coventry Place Apartments SW 20,,59.4,4.75,1404.0,routed,256.0,approach-review
8929ac4d20fffff,Coventry Place Apartments SW 21,,52.6,4.21,1070.0,routed,332.0,approach-review
8929ac4d213ffff,Village at Lakeside W 26,,63.0,5.04,1832.0,routed,113.0,approach-review
8929ac4d217ffff,Village at Lakeside W 32,,57.0,4.56,1323.0,routed,117.0,approach-review
8929ac4d21bffff,Village at Lakeside W 21,,64.0,5.12,1286.0,routed,156.0,approach-review
8929ac4d223ffff,Coventry Place Apartments SW 24,,46.7,3.74,592.0,routed,85.0,network-estimate
8929ac4d227ffff,Coventry Place Apartments SW 26,,47.5,3.8,590.0,routed,96.0,network-estimate
8929ac4d22bffff,Coventry Place Apartments SW 18,,43.2,3.45,1132.0,routed,19.0,network-estimate
8929ac4d22fffff,Coventry Place Apartments SW 19,,42.4,3.39,403.0,routed,81.0,network-estimate
8929ac4d233ffff,Coventry Place Apartments SW 29,,51.8,4.14,230.0,routed,139.0,approach-review
8929ac4d237ffff,Coventry Place Apartments SW 31,,51.6,4.13,195.0,routed,260.0,approach-review
8929ac4d23bffff,Coventry Place Apartments SW 22,,47.5,3.8,749.0,routed,92.0,network-estimate
8929ac4d243ffff,Village at Lakeside NW 14,,51.8,4.15,658.0,routed,69.0,network-estimate
8929ac4d247ffff,Coventry Place Apartments S 15,,54.1,4.33,1129.0,routed,43.0,network-estimate
8929ac4d24bffff,Coventry Place Apartments S 14,,46.5,3.72,1228.0,routed,16.0,network-estimate
8929ac4d24fffff,Coventry Place Apartments S 13,,47.0,3.76,270.0,routed,125.0,approach-review
8929ac4d253ffff,Village at Lakeside NW 13,,60.0,4.8,1112.0,routed,110.0,approach-review
8929ac4d257ffff,Village at Lakeside NW 15,,58.6,4.69,747.0,routed,192.0,approach-review
8929ac4d25bffff,Village at Lakeside NW 12,,50.8,4.07,1006.0,routed,68.0,network-estimate
8929ac4d263ffff,Coventry Place Apartments SW 11,,50.5,4.04,1151.0,routed,127.0,approach-review
8929ac4d267ffff,Coventry Place Apartments SW 13,,44.2,3.53,716.0,routed,12.0,network-estimate
8929ac4d26bffff,Coventry Place Apartments SW 7,,44.3,3.55,1819.0,routed,154.0,approach-review
8929ac4d26fffff,Coventry Place Apartments SW 9,,45.6,3.65,1641.0,routed,19.0,network-estimate
8929ac4d273ffff,Coventry Place Apartments SW 15,,54.8,4.38,691.0,routed,361.0,approach-review
8929ac4d277ffff,Coventry Place Apartments SW 16,,48.1,3.85,121.0,routed,221.0,approach-review
8929ac4d27bffff,Coventry Place Apartments S 12,,49.0,3.92,238.0,routed,209.0,approach-review
8929ac4d283ffff,Village at Lakeside W 28,,66.6,5.33,1448.0,routed,126.0,approach-review
8929ac4d287ffff,Village at Lakeside W 34,,64.9,5.19,1523.0,routed,134.0,approach-review
8929ac4d28bffff,Village at Lakeside W 24,,66.9,5.35,1490.0,routed,210.0,approach-review
8929ac4d28fffff,Village at Lakeside W 30,,61.7,4.94,2180.0,routed,117.0,approach-review
8929ac4d293ffff,Village at Lakeside W 27,,71.0,5.68,1428.0,routed,66.0,network-estimate
8929ac4d297ffff,Village at Lakeside W 33,,69.2,5.53,999.0,routed,63.0,network-estimate
8929ac4d29bffff,Village at Lakeside W 22,,72.2,5.78,1202.0,routed,109.0,approach-review
8929ac4d2a3ffff,Coventry Place Apartments SW 38,,64.8,5.18,1544.0,routed,122.0,approach-review
8929ac4d2a7ffff,Coventry Place Apartments SW 40,,71.0,5.68,1442.0,routed,106.0,approach-review
8929ac4d2abffff,Coventry Place Apartments SW 32,,56.0,4.48,1672.0,routed,40.0,network-estimate
8929ac4d2afffff,Coventry Place Apartments SW 35,,58.9,4.71,902.0,routed,18.0,network-estimate
8929ac4d2b3ffff,Village at Lakeside W 41,,65.7,5.26,853.0,routed,181.0,approach-review
8929ac4d2b7ffff,Coventry Place Apartments SW 42,,68.9,5.51,1359.0,routed,101.0,approach-review
8929ac4d2bbffff,Village at Lakeside W 36,,60.3,4.82,1708.0,routed,108.0,approach-review
8929ac4d2c3ffff,Village at Lakeside W 14,,67.7,5.42,1106.0,routed,85.0,network-estimate
8929ac4d2c7ffff,Village at Lakeside W 20,,68.3,5.47,860.0,routed,220.0,approach-review
8929ac4d2cbffff,Village at Lakeside W 11,,60.5,4.84,1931.0,routed,110.0,approach-review
8929ac4d2cfffff,Village at Lakeside W 16,,63.2,5.05,1311.0,routed,189.0,approach-review
8929ac4d2d3ffff,Village at Lakeside W 12,,73.2,5.85,1900.0,routed,139.0,approach-review
8929ac4d2d7ffff,Village at Lakeside W 18,,73.0,5.84,1334.0,routed,112.0,approach-review
8929ac4d2dbffff,Village at Lakeside W 9,,66.7,5.33,1247.0,routed,70.0,network-estimate
8929ac4d303ffff,The Springs Apartment Homes SE 31,,51.9,4.15,896.0,routed,21.0,network-estimate
8929ac4d307ffff,The Springs Apartment Homes SE 28,,53.7,4.3,1752.0,routed,42.0,network-estimate
8929ac4d30bffff,The Springs Apartment Homes SE 32,,46.0,3.68,1592.0,routed,42.0,network-estimate
8929ac4d30fffff,The Springs Apartment Homes SE 26,,46.8,3.75,1426.0,routed,116.0,approach-review
8929ac4d313ffff,The Springs Apartment Homes SE 36,,56.0,4.48,777.0,routed,54.0,network-estimate
8929ac4d317ffff,The Springs Apartment Homes SE 33,,59.3,4.74,557.0,routed,99.0,network-estimate
8929ac4d31bffff,The Springs Apartment Homes SE 35,,49.7,3.97,635.0,routed,99.0,network-estimate
8929ac4d323ffff,The Springs Apartment Homes SE 18,,49.0,3.92,1840.0,routed,41.0,network-estimate
8929ac4d327ffff,The Springs Apartment Homes S 13,,50.9,4.07,1646.0,routed,93.0,network-estimate
8929ac4d32bffff,The Springs Apartment Homes SE 17,,43.4,3.47,2026.0,routed,140.0,approach-review
8929ac4d32fffff,The Springs Apartment Homes SE 13,,44.8,3.58,1540.0,routed,134.0,approach-review
8929ac4d333ffff,The Springs Apartment Homes SE 23,,53.1,4.25,2260.0,routed,31.0,network-estimate
8929ac4d337ffff,The Springs Apartment Homes S 18,,55.7,4.46,1547.0,routed,47.0,network-estimate
8929ac4d33bffff,The Springs Apartment Homes SE 21,,48.5,3.88,1436.0,routed,164.0,approach-review
8929ac4d343ffff,Coventry Place Apartments SW 28,,40.9,3.27,1827.0,routed,146.0,approach-review
8929ac4d347ffff,The Springs Apartment Homes SE 34,,39.9,3.19,1364.0,routed,31.0,network-estimate
8929ac4d34bffff,Coventry Place Apartments W 23,,39.0,3.12,1103.0,routed,64.0,network-estimate
8929ac4d34fffff,Coventry Place Apartments W 26,,35.0,2.8,1660.0,routed,130.0,approach-review
8929ac4d353ffff,Coventry Place Apartments SW 30,,49.3,3.95,53.0,routed,139.0,approach-review
8929ac4d357ffff,Coventry Place Apartments SW 34,,43.9,3.51,842.0,routed,93.0,network-estimate
8929ac4d35bffff,Coventry Place Apartments SW 23,,43.0,3.44,1239.0,routed,68.0,network-estimate
8929ac4d363ffff,The Springs Apartment Homes SE 24,,36.3,2.91,1306.0,routed,128.0,approach-review
8929ac4d367ffff,Corvallis Park,,37.9,3.03,935.0,routed,161.0,approach-review
8929ac4d36bffff,The Springs Apartment Homes SE 25,,32.8,2.62,1695.0,routed,49.0,network-estimate
8929ac4d36fffff,The Springs Apartment Homes SE 19,,33.7,2.7,1306.0,routed,105.0,approach-review
8929ac4d373ffff,The Springs Apartment Homes SE 29,,42.4,3.39,1302.0,routed,142.0,approach-review
8929ac4d377ffff,The Springs Apartment Homes SE 22,,45.9,3.67,1995.0,routed,88.0,network-estimate
8929ac4d37bffff,The Springs Apartment Homes SE 30,,37.2,2.97,1758.0,routed,99.0,network-estimate
8929ac4d383ffff,The Springs Apartment Homes S 36,,80.3,6.42,1772.0,routed,58.0,network-estimate
8929ac4d387ffff,The Springs Apartment Homes S 34,,68.2,5.45,1336.0,routed,148.0,approach-review
8929ac4d38bffff,The Springs Apartment Homes SE 39,,59.9,4.79,151.0,routed,218.0,approach-review
8929ac4d38fffff,The Springs Apartment Homes SE 37,,61.8,4.94,311.0,routed,161.0,approach-review
8929ac4d393ffff,The Springs Apartment Homes S 40,,75.5,6.04,1852.0,routed,115.0,approach-review
8929ac4d397ffff,The Springs Apartment Homes S 38,,80.1,6.41,1757.0,routed,176.0,approach-review
8929ac4d39bffff,The Springs Apartment Homes SE 41,,64.4,5.15,1329.0,routed,158.0,approach-review
8929ac4d3a3ffff,The Springs Apartment Homes S 28,,63.4,5.07,321.0,routed,114.0,approach-review
8929ac4d3a7ffff,The Springs Apartment Homes S 24,,58.6,4.68,1182.0,routed,44.0,network-estimate
8929ac4d3abffff,The Springs Apartment Homes S 26,,58.7,4.69,436.0,routed,25.0,network-estimate
8929ac4d3afffff,The Springs Apartment Homes S 23,,58.1,4.65,1447.0,routed,60.0,network-estimate
8929ac4d3b3ffff,The Springs Apartment Homes S 32,,69.7,5.57,169.0,routed,139.0,approach-review
8929ac4d3b7ffff,The Springs Apartment Homes S 29,,63.1,5.05,982.0,routed,70.0,network-estimate
8929ac4d3bbffff,The Springs Apartment Homes S 30,,64.5,5.16,411.0,routed,12.0,network-estimate
8929ac4d3c3ffff,Coventry Place Apartments SW 39,,59.5,4.76,282.0,routed,257.0,approach-review
8929ac4d3c7ffff,The Springs Apartment Homes SE 38,,57.1,4.57,638.0,routed,92.0,network-estimate
8929ac4d3cbffff,Coventry Place Apartments SW 33,,53.7,4.3,316.0,routed,102.0,approach-review
8929ac4d3cfffff,Coventry Place Apartments SW 36,,57.5,4.6,343.0,routed,83.0,network-estimate
8929ac4d3d3ffff,Coventry Place Apartments SW 41,,67.8,5.42,1148.0,routed,152.0,approach-review
8929ac4d3d7ffff,The Springs Apartment Homes SE 40,,61.3,4.9,1011.0,routed,198.0,approach-review
8929ac4d3dbffff,Coventry Place Apartments SW 37,,59.8,4.78,1155.0,routed,237.0,approach-review
8929ac4d403ffff,Southland R.V. Park W 78,,114.0,9.12,1180.0,routed,121.0,approach-review
8929ac4d407ffff,Southland R.V. Park W 88,,115.5,9.24,370.0,routed,177.0,approach-review
8929ac4d40bffff,Southland R.V. Park W 72,,113.8,9.11,1383.0,routed,136.0,approach-review
8929ac4d40fffff,Southland R.V. Park W 80,,109.7,8.77,957.0,routed,107.0,approach-review
8929ac4d413ffff,Southland R.V. Park W 76,,118.3,9.46,470.0,routed,123.0,approach-review
8929ac4d417ffff,Southland R.V. Park W 86,,121.0,9.68,770.0,routed,59.0,network-estimate
8929ac4d41bffff,Southland R.V. Park W 70,,117.7,9.41,1583.0,routed,136.0,approach-review
8929ac4d423ffff,Southland R.V. Park W 98,,111.5,8.92,0.0,routed,422.0,approach-review
8929ac4d427ffff,Park Square Apartments SE 107,,111.6,8.93,0.0,routed,425.0,approach-review
8929ac4d42bffff,Village at Lakeside SW 39,,106.4,8.52,0.0,routed,261.0,approach-review
8929ac4d42fffff,Village at Lakeside W 70,,108.0,8.64,354.0,routed,304.0,approach-review
8929ac4d433ffff,Southland R.V. Park W 97,,118.0,9.44,0.0,routed,361.0,approach-review
8929ac4d437ffff,Southland R.V. Park W 102,,118.5,9.48,0.0,routed,590.0,approach-review
8929ac4d43bffff,Southland R.V. Park W 90,,114.7,9.17,176.0,routed,134.0,approach-review
8929ac4d443ffff,Southland R.V. Park W 55,,107.4,8.59,1811.0,routed,128.0,approach-review
8929ac4d447ffff,Southland R.V. Park W 64,,109.2,8.74,1876.0,routed,146.0,approach-review
8929ac4d44bffff,Southland R.V. Park W 48,,103.6,8.29,1057.0,routed,137.0,approach-review
8929ac4d44fffff,Southland R.V. Park W 57,,103.9,8.31,1670.0,routed,104.0,approach-review
8929ac4d453ffff,Southland R.V. Park W 53,,113.1,9.05,1839.0,routed,93.0,network-estimate
8929ac4d457ffff,Southland R.V. Park W 62,,113.9,9.11,1478.0,routed,118.0,approach-review
8929ac4d45bffff,Southland R.V. Park W 47,,107.4,8.59,1058.0,routed,55.0,network-estimate
8929ac4d463ffff,Village at Lakeside SW 37,,102.9,8.23,11.0,routed,260.0,approach-review
8929ac4d467ffff,Village at Lakeside SW 38,,100.2,8.01,634.0,routed,154.0,approach-review
8929ac4d46bffff,Village at Lakeside SW 36,,100.3,8.02,1762.0,routed,109.0,approach-review
8929ac4d46fffff,Village at Lakeside W 59,,98.3,7.87,386.0,routed,233.0,approach-review
8929ac4d473ffff,Southland R.V. Park W 73,,107.6,8.61,207.0,routed,253.0,approach-review
8929ac4d477ffff,Southland R.V. Park W 82,,105.8,8.47,359.0,routed,112.0,approach-review
8929ac4d47bffff,Southland R.V. Park W 66,,105.2,8.41,1366.0,routed,137.0,approach-review
8929ac4d483ffff,Southland R.V. Park W 83,,128.6,10.29,38.0,routed,416.0,approach-review
8929ac4d487ffff,Southland R.V. Park W 91,,129.6,10.37,0.0,routed,395.0,approach-review
8929ac4d48bffff,Southland R.V. Park W 74,,122.5,9.8,365.0,routed,331.0,approach-review
8929ac4d48fffff,Southland R.V. Park W 84,,124.5,9.96,339.0,routed,161.0,approach-review
8929ac4d493ffff,Southland R.V. Park W 85,,131.1,10.49,0.0,routed,620.0,approach-review
8929ac4d497ffff,Southland R.V. Park W 92,,133.5,10.68,0.0,routed,706.0,approach-review
8929ac4d49bffff,Southland R.V. Park W 75,,127.0,10.16,430.0,routed,293.0,approach-review
8929ac4d4a3ffff,Southland R.V. Park W 99,,129.2,10.34,0.0,routed,214.0,approach-review
8929ac4d4a7ffff,Southland R.V. Park W 105,,122.5,9.8,0.0,routed,330.0,approach-review
8929ac4d4abffff,Southland R.V. Park W 95,,123.8,9.9,223.0,routed,130.0,approach-review
8929ac4d4afffff,Southland R.V. Park W 101,,128.5,10.28,0.0,routed,454.0,approach-review
8929ac4d4b7ffff,Southland R.V. Park W 104,,128.4,10.27,0.0,routed,250.0,approach-review
8929ac4d4bbffff,Southland R.V. Park W 93,,126.3,10.1,625.0,routed,78.0,network-estimate
8929ac4d4c3ffff,Southland R.V. Park W 58,,122.7,9.82,1700.0,routed,93.0,network-estimate
8929ac4d4c7ffff,Southland R.V. Park W 68,,126.2,10.09,973.0,routed,156.0,approach-review
8929ac4d4cbffff,Southland R.V. Park W 51,,117.7,9.42,806.0,routed,99.0,network-estimate
8929ac4d4cfffff,Southland R.V. Park W 60,,118.5,9.48,1174.0,routed,128.0,approach-review
8929ac4d4d3ffff,Southland R.V. Park W 59,,125.9,10.07,248.0,routed,380.0,approach-review
8929ac4d4d7ffff,Southland R.V. Park W 67,,126.5,10.12,264.0,routed,250.0,approach-review
8929ac4d4dbffff,Southland R.V. Park W 50,,120.9,9.67,519.0,routed,244.0,approach-review
8929ac4d503ffff,Park Square Apartments SE 86,,114.3,9.14,646.0,routed,152.0,approach-review
8929ac4d507ffff,Park Square Apartments SE 79,,106.6,8.53,798.0,routed,197.0,approach-review
8929ac4d50bffff,Park Square Apartments SE 85,,107.8,8.62,1321.0,routed,119.0,approach-review
8929ac4d50fffff,Park Square Apartments SE 77,,109.5,8.76,679.0,routed,222.0,approach-review
8929ac4d513ffff,Park Square Apartments SE 94,,117.9,9.43,0.0,routed,437.0,approach-review
8929ac4d51bffff,Park Square Apartments SE 92,,111.2,8.89,0.0,routed,331.0,approach-review
8929ac4d523ffff,Park Square Apartments SE 61,,97.7,7.82,1509.0,routed,153.0,approach-review
8929ac4d527ffff,Park Square Apartments SE 55,,93.1,7.45,1716.0,routed,84.0,network-estimate
8929ac4d52bffff,Park Square Apartments SE 60,,97.2,7.78,1639.0,routed,117.0,approach-review
8929ac4d52fffff,Park Square Apartments SE 53,,93.6,7.49,1406.0,routed,86.0,network-estimate
8929ac4d533ffff,Park Square Apartments SE 71,,101.6,8.13,336.0,routed,244.0,approach-review
8929ac4d537ffff,Park Square Apartments SE 64,,97.1,7.77,896.0,routed,129.0,approach-review
8929ac4d53bffff,Park Square Apartments SE 69,,102.9,8.23,1333.0,routed,146.0,approach-review
8929ac4d543ffff,Park Square Apartments SE 95,,105.0,8.4,1959.0,routed,79.0,network-estimate
8929ac4d547ffff,Park Square Apartments SE 88,,101.5,8.12,1544.0,routed,114.0,approach-review
8929ac4d54bffff,Park Square Apartments SE 96,,104.5,8.36,1393.0,routed,110.0,approach-review
8929ac4d54fffff,Park Square Apartments SE 89,,101.5,8.12,834.0,routed,94.0,network-estimate
8929ac4d553ffff,Park Square Apartments SE 100,,109.0,8.72,223.0,routed,250.0,approach-review
8929ac4d557ffff,Park Square Apartments SE 93,,106.3,8.5,890.0,routed,99.0,network-estimate
8929ac4d55bffff,Park Square Apartments SE 102,,109.0,8.72,1465.0,routed,132.0,approach-review
8929ac4d563ffff,Park Square Apartments SE 70,,111.3,8.9,0.0,routed,227.0,approach-review
8929ac4d567ffff,Park Square Apartments SE 62,,98.7,7.89,388.0,routed,240.0,approach-review
8929ac4d56bffff,Park Square Apartments SE 73,,92.1,7.37,481.0,routed,179.0,approach-review
8929ac4d56fffff,Park Square Apartments SE 65,,95.1,7.61,0.0,routed,341.0,approach-review
8929ac4d573ffff,Park Square Apartments SE 78,,106.7,8.54,1656.0,routed,119.0,approach-review
8929ac4d577ffff,Park Square Apartments SE 68,,102.3,8.19,392.0,routed,181.0,approach-review
8929ac4d57bffff,Park Square Apartments SE 80,,96.8,7.74,1073.0,routed,146.0,approach-review
8929ac4d583ffff,Park Square Apartments SE 103,,128.7,10.29,0.0,routed,270.0,approach-review
8929ac4d58bffff,Park Square Apartments SE 101,,124.0,9.92,770.0,routed,148.0,approach-review
8929ac4d593ffff,Park Square Apartments SE 109,,131.4,10.51,0.0,routed,474.0,approach-review
8929ac4d59bffff,Park Square Apartments SE 108,,127.2,10.17,854.0,routed,183.0,approach-review
8929ac4d5a3ffff,Park Square Apartments S 83,,105.9,8.47,365.0,routed,298.0,approach-review
8929ac4d5a7ffff,Park Square Apartments S 74,,106.8,8.54,440.0,routed,218.0,approach-review
8929ac4d5abffff,Park Square Apartments SE 81,,104.7,8.37,321.0,routed,334.0,approach-review
8929ac4d5afffff,Park Square Apartments SE 74,,101.7,8.14,1314.0,routed,69.0,network-estimate
8929ac4d5b3ffff,Park Square Apartments S 93,,110.3,8.83,365.0,routed,657.0,approach-review
8929ac4d5b7ffff,Park Square Apartments S 85,,111.1,8.89,0.0,routed,490.0,approach-review
8929ac4d5c3ffff,Park Square Apartments SE 104,,114.5,9.16,1194.0,routed,200.0,approach-review
8929ac4d5c7ffff,Park Square Apartments SE 99,,115.7,9.26,0.0,routed,327.0,approach-review
8929ac4d5cbffff,Park Square Apartments SE 105,,113.7,9.09,0.0,routed,272.0,approach-review
8929ac4d5cfffff,Park Square Apartments SE 98,,110.3,8.83,614.0,routed,111.0,approach-review
8929ac4d5d3ffff,Park Square Apartments SE 111,,119.4,9.55,1377.0,routed,83.0,network-estimate
8929ac4d5d7ffff,Park Square Apartments SE 106,,120.9,9.67,1613.0,routed,167.0,approach-review
8929ac4d5dbffff,Park Square Apartments SE 110,,117.4,9.39,0.0,routed,429.0,approach-review
8929ac4d603ffff,Village at Lakeside SW 26,,90.8,7.26,1199.0,routed,117.0,approach-review
8929ac4d607ffff,Village at Lakeside SW 28,,85.9,6.87,1726.0,routed,162.0,approach-review
8929ac4d60bffff,Village at Lakeside SW 22,,91.2,7.3,1678.0,routed,40.0,network-estimate
8929ac4d60fffff,Village at Lakeside SW 25,,86.8,6.94,1269.0,routed,92.0,network-estimate
8929ac4d613ffff,Village at Lakeside SW 27,,95.5,7.64,1640.0,routed,92.0,network-estimate
8929ac4d617ffff,Village at Lakeside SW 29,,90.1,7.21,1079.0,routed,33.0,network-estimate
8929ac4d61bffff,Village at Lakeside SW 24,,95.7,7.66,1433.0,routed,79.0,network-estimate
8929ac4d623ffff,Village at Lakeside W 37,,78.3,6.26,1283.0,routed,113.0,approach-review
8929ac4d627ffff,Village at Lakeside W 42,,81.0,6.48,1285.0,routed,178.0,approach-review
8929ac4d62bffff,Village at Lakeside W 29,,76.3,6.11,1378.0,routed,91.0,network-estimate
8929ac4d62fffff,Village at Lakeside W 35,,78.3,6.27,655.0,routed,96.0,network-estimate
8929ac4d633ffff,Village at Lakeside W 38,,83.0,6.64,1837.0,routed,167.0,approach-review
8929ac4d637ffff,Village at Lakeside W 43,,85.6,6.85,1806.0,routed,115.0,approach-review
8929ac4d63bffff,Village at Lakeside W 31,,80.2,6.42,1569.0,routed,106.0,approach-review
8929ac4d643ffff,Village at Lakeside SW 16,,82.7,6.61,1439.0,routed,152.0,approach-review
8929ac4d647ffff,Village at Lakeside SW 18,,85.0,6.8,1628.0,routed,97.0,network-estimate
8929ac4d64bffff,Village at Lakeside SW 12,,84.9,6.79,1294.0,routed,104.0,approach-review
8929ac4d64fffff,Village at Lakeside SW 14,,78.0,6.24,1929.0,routed,197.0,approach-review
8929ac4d653ffff,Village at Lakeside SW 19,,87.8,7.03,1670.0,routed,18.0,network-estimate
8929ac4d657ffff,Village at Lakeside SW 20,,88.8,7.1,730.0,routed,177.0,approach-review
8929ac4d65bffff,Village at Lakeside SW 15,,84.4,6.75,1239.0,routed,154.0,approach-review
8929ac4d663ffff,Village at Lakeside W 19,,82.1,6.57,1471.0,routed,155.0,approach-review
8929ac4d667ffff,Village at Lakeside W 23,,76.5,6.12,1452.0,routed,157.0,approach-review
8929ac4d66bffff,Village at Lakeside W 13,,79.4,6.35,1069.0,routed,140.0,approach-review
8929ac4d66fffff,Village at Lakeside W 17,,77.5,6.2,1863.0,routed,159.0,approach-review
8929ac4d673ffff,Village at Lakeside SW 21,,86.7,6.93,1673.0,routed,38.0,network-estimate
8929ac4d677ffff,Village at Lakeside W 25,,81.5,6.52,1874.0,routed,131.0,approach-review
8929ac4d67bffff,Village at Lakeside W 15,,83.2,6.66,1178.0,routed,162.0,approach-review
8929ac4d683ffff,Southland R.V. Park W 35,,100.4,8.03,1493.0,routed,195.0,approach-review
8929ac4d687ffff,Southland R.V. Park W 42,,95.7,7.66,290.0,routed,178.0,approach-review
8929ac4d68bffff,Southland R.V. Park W 31,,100.9,8.08,1373.0,routed,84.0,network-estimate
8929ac4d68fffff,Southland R.V. Park W 39,,94.5,7.56,1059.0,routed,81.0,network-estimate
8929ac4d693ffff,Southland R.V. Park W 34,,106.0,8.48,551.0,routed,204.0,approach-review
8929ac4d697ffff,Southland R.V. Park W 41,,102.1,8.17,1688.0,routed,147.0,approach-review
8929ac4d69bffff,Southland R.V. Park W 30,,105.1,8.41,1673.0,routed,101.0,approach-review
8929ac4d6a3ffff,Village at Lakeside SW 33,,93.2,7.45,2360.0,routed,124.0,approach-review
8929ac4d6a7ffff,Village at Lakeside SW 34,,94.8,7.58,2082.0,routed,61.0,network-estimate
8929ac4d6abffff,Village at Lakeside SW 30,,87.1,6.97,1873.0,routed,86.0,network-estimate
8929ac4d6afffff,Village at Lakeside SW 32,,89.3,7.15,1645.0,routed,157.0,approach-review
8929ac4d6b3ffff,Southland R.V. Park W 49,,97.5,7.8,956.0,routed,165.0,approach-review
8929ac4d6b7ffff,Village at Lakeside SW 35,,99.3,7.95,1577.0,routed,83.0,network-estimate
8929ac4d6bbffff,Village at Lakeside SW 31,,92.2,7.37,791.0,routed,86.0,network-estimate
8929ac4d6c3ffff,Southland R.V. Park NW 19,,99.0,7.92,1311.0,routed,132.0,approach-review
8929ac4d6c7ffff,Southland R.V. Park NW 20,,100.1,8.01,1586.0,routed,147.0,approach-review
8929ac4d6cbffff,Southland R.V. Park NW 18,,91.7,7.33,789.0,routed,181.0,approach-review
8929ac4d6cfffff,Village at Lakeside SW 23,,93.3,7.46,1089.0,routed,150.0,approach-review
8929ac4d6d3ffff,Southland R.V. Park W 23,,102.8,8.22,1664.0,routed,82.0,network-estimate
8929ac4d6d7ffff,Southland R.V. Park W 27,,104.3,8.35,1703.0,routed,145.0,approach-review
8929ac4d6dbffff,Southland R.V. Park NW 17,,96.4,7.71,1671.0,routed,164.0,approach-review
8929ac4d803ffff,Park Square Apartments N 10,,40.4,3.23,1616.0,routed,109.0,approach-review
8929ac4d807ffff,Highgate - West Ming Village A E 25,,38.1,3.05,1919.0,routed,144.0,approach-review
8929ac4d80bffff,Park Square Apartments N 11,,33.4,2.67,1775.0,routed,148.0,approach-review
8929ac4d80fffff,Highgate - West Ming Village A E 27,,35.9,2.87,2116.0,routed,145.0,approach-review
8929ac4d813ffff,Park Square Apartments N 7,,42.1,3.37,881.0,routed,195.0,approach-review
8929ac4d817ffff,Park Square Apartments N 8,,41.9,3.35,1007.0,routed,220.0,approach-review
8929ac4d81bffff,Park Square Apartments N 9,,37.3,2.98,1085.0,routed,44.0,network-estimate
8929ac4d823ffff,Highgate - West Ming Village A E 24,,37.0,2.96,1091.0,routed,177.0,approach-review
8929ac4d827ffff,Highgate - West Ming Village A NE 13,,34.8,2.78,1803.0,routed,103.0,approach-review
8929ac4d82bffff,Highgate - West Ming Village A NE 20,,31.3,2.51,1986.0,routed,132.0,approach-review
8929ac4d82fffff,Highgate - West Ming Village A NE 17,,29.9,2.39,1284.0,routed,150.0,approach-review
8929ac4d833ffff,Highgate - West Ming Village A E 23,,39.1,3.13,2365.0,routed,112.0,approach-review
8929ac4d837ffff,Highgate - West Ming Village A E 20,,38.4,3.07,1432.0,routed,113.0,approach-review
8929ac4d83bffff,Highgate - West Ming Village A E 26,,33.3,2.66,1041.0,routed,113.0,approach-review
8929ac4d843ffff,The Springs Apartment Homes W 15,,25.4,2.03,1713.0,routed,139.0,approach-review
8929ac4d847ffff,The Springs Apartment Homes W 17,,30.6,2.45,1506.0,routed,144.0,approach-review
8929ac4d84bffff,The Springs Apartment Homes W 10,,19.6,1.57,772.0,routed,59.0,network-estimate
8929ac4d84fffff,The Springs Apartment Homes W 14,,23.4,1.87,1778.0,routed,184.0,approach-review
8929ac4d853ffff,Park Square Apartments NE 14,,33.1,2.65,1290.0,routed,221.0,approach-review
8929ac4d857ffff,Park Square Apartments NE 13,,35.8,2.87,310.0,routed,217.0,approach-review
8929ac4d85bffff,The Springs Apartment Homes W 12,,24.0,1.92,1689.0,routed,192.0,approach-review
8929ac4d863ffff,Highgate - West Ming Village A E 30,,29.3,2.34,1142.0,routed,47.0,network-estimate
8929ac4d867ffff,Highgate - West Ming Village A NE 23,,27.3,2.18,1129.0,routed,66.0,network-estimate
8929ac4d86bffff,The Springs Apartment Homes W 19,,23.6,1.89,1496.0,routed,99.0,network-estimate
8929ac4d86fffff,Highgate - West Ming Village A NE 27,,21.2,1.7,183.0,routed,74.0,network-estimate
8929ac4d873ffff,Highgate - West Ming Village A E 29,,32.9,2.63,1589.0,routed,90.0,network-estimate
8929ac4d877ffff,Highgate - West Ming Village A E 28,,30.4,2.43,1937.0,routed,171.0,approach-review
8929ac4d87bffff,The Springs Apartment Homes W 18,,26.7,2.13,1629.0,routed,124.0,approach-review
8929ac4d883ffff,Park Square Apartments N 3,,52.3,4.18,2172.0,routed,132.0,approach-review
8929ac4d887ffff,Park Square Apartments N 4,,52.9,4.23,476.0,routed,227.0,approach-review
8929ac4d88bffff,Park Square Apartments N 5,,45.4,3.63,2114.0,routed,153.0,approach-review
8929ac4d88fffff,Park Square Apartments N 6,,51.2,4.1,1516.0,routed,92.0,network-estimate
8929ac4d893ffff,Park Square Apartments N,,57.9,4.63,2334.0,routed,66.0,network-estimate
8929ac4d897ffff,Park Square Apartments NW 2,,53.2,4.25,2064.0,routed,163.0,approach-review
8929ac4d89bffff,Park Square Apartments N 2,,53.1,4.25,516.0,routed,123.0,approach-review
8929ac4d8a3ffff,Highgate - West Ming Village A E 17,,40.7,3.26,800.0,routed,290.0,approach-review
8929ac4d8a7ffff,Highgate - West Ming Village A E 13,,38.0,3.04,1302.0,routed,75.0,network-estimate
8929ac4d8abffff,Highgate - West Ming Village A E 21,,41.8,3.34,1230.0,routed,163.0,approach-review
8929ac4d8afffff,Highgate - West Ming Village A E 18,,36.7,2.93,1620.0,routed,169.0,approach-review
8929ac4d8b3ffff,Highgate - West Ming Village A E 19,,49.3,3.94,758.0,routed,261.0,approach-review
8929ac4d8b7ffff,Highgate - West Ming Village A E 14,,43.4,3.47,953.0,routed,148.0,approach-review
8929ac4d8bbffff,Highgate - West Ming Village A E 22,,46.1,3.69,749.0,routed,289.0,approach-review
8929ac4d8c3ffff,Park Square Apartments NE 7,,41.7,3.34,396.0,routed,288.0,approach-review
8929ac4d8c7ffff,Park Square Apartments NE 6,,42.7,3.42,379.0,routed,239.0,approach-review
8929ac4d8cbffff,Park Square Apartments NE 11,,34.3,2.75,1160.0,routed,138.0,approach-review
8929ac4d8cfffff,Park Square Apartments NE 9,,41.6,3.32,15.0,routed,259.0,approach-review
8929ac4d8d3ffff,Park Square Apartments NE 4,,43.5,3.48,1763.0,routed,137.0,approach-review
8929ac4d8d7ffff,Park Square Apartments NE 3,,47.6,3.81,1070.0,routed,219.0,approach-review
8929ac4d8dbffff,Park Square Apartments NE 8,,38.5,3.08,1100.0,routed,180.0,approach-review
8929ac4d903ffff,Highgate - West Ming Village A NE 8,,28.1,2.25,1004.0,routed,224.0,approach-review
8929ac4d907ffff,Village Greens Gated Neighborhood E 3,,30.8,2.47,1500.0,routed,149.0,approach-review
8929ac4d90bffff,Highgate - West Ming Village A NE 10,,22.5,1.8,1612.0,routed,170.0,approach-review
8929ac4d90fffff,Village Greens Gated Neighborhood E 5,,24.5,1.96,1287.0,routed,67.0,network-estimate
8929ac4d913ffff,Highgate - West Ming Village A NE 6,,32.3,2.59,0.0,routed,460.0,approach-review
8929ac4d917ffff,2800 Acre Water Bank NE 30,,33.7,2.7,80.0,routed,375.0,approach-review
8929ac4d91bffff,2800 Acre Water Bank NE 31,,27.4,2.2,292.0,routed,200.0,approach-review
8929ac4d923ffff,Village Greens Gated Neighborhood NE 3,,28.5,2.28,1134.0,routed,84.0,network-estimate
8929ac4d927ffff,Village Greens Gated Neighborhood NE 2,,34.1,2.73,1542.0,routed,128.0,approach-review
8929ac4d92bffff,Village Greens Gated Neighborhood NE 5,,23.3,1.86,1288.0,routed,91.0,network-estimate
8929ac4d92fffff,Village Greens Gated Neighborhood NE 4,,28.4,2.28,1559.0,routed,102.0,approach-review
8929ac4d933ffff,Village Greens Gated Neighborhood E 2,,32.7,2.62,1212.0,routed,96.0,network-estimate
8929ac4d937ffff,Village Greens Gated Neighborhood NE,,35.0,2.8,1673.0,routed,72.0,network-estimate
8929ac4d93bffff,Village Greens Gated Neighborhood E 4,,26.7,2.13,1463.0,routed,92.0,network-estimate
8929ac4d943ffff,Highgate - West Ming Village A NE 14,,17.0,1.36,0.0,routed,235.0,approach-review
8929ac4d947ffff,Highgate - West Ming Village A NE 12,,20.5,1.64,517.0,routed,39.0,network-estimate
8929ac4d94bffff,Highgate - West Ming Village A NE 18,,13.8,1.1,0.0,routed,101.0,approach-review
8929ac4d94fffff,Highgate - West Ming Village A NE 16,,16.4,1.31,0.0,routed,52.0,network-estimate
8929ac4d953ffff,2800 Acre Water Bank NE 34,,36.2,2.9,303.0,routed,223.0,approach-review
8929ac4d957ffff,2800 Acre Water Bank NE 33,,23.5,1.88,566.0,routed,186.0,approach-review
8929ac4d95bffff,2800 Acre Water Bank NE 35,,31.5,2.52,245.0,routed,147.0,approach-review
8929ac4d963ffff,Village Greens Gated Neighborhood NE 9,,13.7,1.09,757.0,routed,96.0,network-estimate
8929ac4d967ffff,Village Greens Gated Neighborhood NE 8,,18.2,1.46,739.0,routed,200.0,approach-review
8929ac4d96bffff,Masterpiece Parke SE 11,,10.5,0.84,1714.0,routed,101.0,approach-review
8929ac4d96fffff,Masterpiece Parke S 5,,15.4,1.23,396.0,routed,338.0,approach-review
8929ac4d973ffff,Village Greens Gated Neighborhood E 7,,17.8,1.42,1306.0,routed,118.0,approach-review
8929ac4d977ffff,Village Greens Gated Neighborhood E 6,,19.4,1.55,529.0,routed,189.0,approach-review
8929ac4d97bffff,Highgate - West Ming Village A NE 15,,12.6,1.01,149.0,routed,41.0,network-estimate
8929ac4d983ffff,Highgate - West Ming Village A NE 3,,14.3,1.15,1287.0,routed,188.0,approach-review
8929ac4d987ffff,Highgate - West Ming Village A NE 2,,12.0,0.96,240.0,routed,374.0,approach-review
8929ac4d98bffff,Highgate - West Ming Village A NE 5,,20.6,1.65,0.0,routed,336.0,approach-review
8929ac4d98fffff,Highgate - West Ming Village A NE 4,,18.2,1.45,0.0,routed,463.0,approach-review
8929ac4d993ffff,Highgate - West Ming Village A E 2,,13.1,1.05,1795.0,routed,169.0,approach-review
8929ac4d997ffff,Highgate - West Ming Village A NE,,6.3,0.51,1593.0,routed,137.0,approach-review
8929ac4d99bffff,Highgate - West Ming Village A E 5,,16.6,1.33,2300.0,routed,43.0,network-estimate
8929ac4d9a3ffff,2800 Acre Water Bank NE 28,,42.3,3.39,0.0,routed,342.0,approach-review
8929ac4d9a7ffff,Village Greens Gated Neighborhood S,,45.6,3.65,941.0,routed,214.0,approach-review
8929ac4d9abffff,Village Greens Gated Neighborhood SE,,36.5,2.92,917.0,routed,213.0,approach-review
8929ac4d9afffff,Village Greens Gated Neighborhood E,,39.9,3.2,1368.0,routed,97.0,network-estimate
8929ac4d9b3ffff,Highgate - West Ming Village A N 2,,13.1,1.05,0.0,routed,442.0,approach-review
8929ac4d9b7ffff,Village Greens Gated Neighborhood S 2,,15.2,1.22,0.0,routed,511.0,approach-review
8929ac4d9bbffff,2800 Acre Water Bank NE 29,,40.5,3.24,0.0,routed,394.0,detour-review
8929ac4d9c3ffff,Highgate - West Ming Village A NE 9,,38.5,3.08,1591.0,routed,58.0,network-estimate
8929ac4d9c7ffff,Highgate - West Ming Village A NE 7,,31.2,2.5,370.0,routed,169.0,approach-review
8929ac4d9cbffff,Highgate - West Ming Village A NE 11,,37.3,2.99,1130.0,routed,144.0,approach-review
8929ac4d9cfffff,2800 Acre Water Bank NE 32,,40.6,3.25,1088.0,routed,141.0,approach-review
8929ac4d9d3ffff,Highgate - West Ming Village A E 11,,29.6,2.37,1319.0,routed,166.0,approach-review
8929ac4d9d7ffff,Highgate - West Ming Village A E 9,,21.4,1.71,1623.0,routed,141.0,approach-review
8929ac4d9dbffff,Highgate - West Ming Village A E 15,,32.0,2.56,1582.0,routed,44.0,network-estimate
8929ac4da03ffff,The Springs Apartment Homes NW 5,,3.0,0.24,223.0,routed,31.0,network-estimate
8929ac4da07ffff,The Springs Apartment Homes NW 9,,3.5,0.28,0.0,routed,41.0,network-estimate
8929ac4da0bffff,The Springs Apartment Homes NW 6,,7.3,0.58,638.0,routed,108.0,approach-review
8929ac4da0fffff,The Springs Apartment Homes NW 8,,4.6,0.37,337.0,routed,96.0,network-estimate
8929ac4da13ffff,The Springs Apartment Homes NW 4,,1.1,0.09,257.0,routed,31.0,network-estimate
8929ac4da17ffff,The Springs Apartment Homes NW 7,,12.6,1.01,563.0,routed,75.0,network-estimate
8929ac4da1bffff,The Springs Apartment Homes NW 3,,6.4,0.52,0.0,routed,237.0,approach-review
8929ac4da23ffff,Kern River Parkway Park SW,,13.4,1.07,0.0,routed,96.0,network-estimate
8929ac4da27ffff,Kern River Parkway Park W 2,,3.5,0.28,0.0,routed,208.0,approach-review
8929ac4da2bffff,Kern River Parkway Park,,13.1,1.05,0.0,routed,331.0,approach-review
8929ac4da2fffff,Kern River Parkway Park W,,4.9,0.4,0.0,routed,266.0,approach-review
8929ac4da33ffff,The Springs Apartment Homes NW 12,,13.3,1.07,448.0,routed,165.0,approach-review
8929ac4da37ffff,The Springs Apartment Homes NW 14,,11.8,0.95,0.0,routed,43.0,network-estimate
8929ac4da3bffff,The Springs Apartment Homes NW 11,,9.2,0.74,386.0,routed,40.0,network-estimate
8929ac4da43ffff,The Springs Apartment Homes N 4,,8.8,0.7,1903.0,routed,65.0,network-estimate
8929ac4da47ffff,The Springs Apartment Homes N 5,,8.5,0.68,42.0,routed,95.0,network-estimate
8929ac4da4bffff,The Springs Apartment Homes N 6,,9.8,0.78,1531.0,routed,92.0,network-estimate
8929ac4da4fffff,The Springs Apartment Homes N 7,,3.1,0.25,750.0,routed,70.0,network-estimate
8929ac4da53ffff,The Springs Apartment Homes N 2,,13.2,1.06,2060.0,routed,114.0,approach-review
8929ac4da57ffff,The Springs Apartment Homes N 3,,10.7,0.85,1152.0,routed,81.0,network-estimate
8929ac4da5bffff,The Springs Apartment Homes NE 5,,14.8,1.18,1091.0,routed,137.0,approach-review
8929ac4da63ffff,Kern River Parkway Park E,,14.3,1.14,0.0,routed,455.0,approach-review
8929ac4da67ffff,Kern River Parkway Park NE,,36.1,2.89,0.0,routed,439.0,detour-review
8929ac4da6bffff,Kern River Parkway Park E 2,,6.7,0.54,0.0,routed,327.0,approach-review
8929ac4da6fffff,The Springs Apartment Homes N 13,,34.9,2.79,209.0,routed,312.0,detour-review
8929ac4da73ffff,Kern River Parkway Park SE 2,,10.9,0.87,0.0,routed,201.0,approach-review
8929ac4da77ffff,Kern River Parkway Park SE,,8.8,0.7,0.0,routed,278.0,approach-review
8929ac4da7bffff,Kern River Parkway Park E 3,,6.2,0.49,0.0,routed,175.0,approach-review
8929ac4da83ffff,The Springs Apartment Homes W 4,,11.9,0.95,590.0,routed,69.0,network-estimate
8929ac4da87ffff,The Springs Apartment Homes W 8,,14.4,1.15,426.0,routed,36.0,network-estimate
8929ac4da8bffff,The Springs Apartment Homes W 3,,10.0,0.8,713.0,routed,70.0,network-estimate
8929ac4da8fffff,The Springs Apartment Homes W 6,,6.8,0.55,60.0,routed,125.0,approach-review
8929ac4da93ffff,The Springs Apartment Homes W 5,,17.5,1.4,1873.0,routed,178.0,approach-review
8929ac4da97ffff,The Springs Apartment Homes W 7,,17.8,1.42,1141.0,routed,55.0,network-estimate
8929ac4da9bffff,The Springs Apartment Homes W 2,,14.2,1.14,1359.0,routed,64.0,network-estimate
8929ac4daa3ffff,The Springs Apartment Homes W 13,,19.9,1.59,548.0,routed,27.0,network-estimate
8929ac4daa7ffff,Windsor Park,,18.6,1.49,1832.0,routed,156.0,approach-review
8929ac4daabffff,The Springs Apartment Homes NW 10,,7.8,0.62,475.0,routed,45.0,network-estimate
8929ac4daafffff,The Springs Apartment Homes NW 13,,14.9,1.19,393.0,routed,80.0,network-estimate
8929ac4dab3ffff,The Springs Apartment Homes W 11,,20.2,1.62,572.0,routed,75.0,network-estimate
8929ac4dab7ffff,The Springs Apartment Homes W 16,,21.3,1.71,1603.0,routed,145.0,approach-review
8929ac4dabbffff,The Springs Apartment Homes W 9,,9.0,0.72,183.0,routed,33.0,network-estimate
8929ac4dac3ffff,The Springs Apartment Homes NW,,18.0,1.44,1075.0,routed,87.0,network-estimate
8929ac4dac7ffff,The Springs Apartment Homes NW 2,,7.2,0.58,0.0,routed,282.0,approach-review
8929ac4dacbffff,The Springs Apartment Homes NE,,19.2,1.53,1792.0,routed,134.0,approach-review
8929ac4dacfffff,The Springs Apartment Homes N,,17.0,1.36,1260.0,routed,144.0,approach-review
8929ac4dad3ffff,The Springs Apartment Homes,,21.2,1.7,895.0,routed,127.0,approach-review
8929ac4dad7ffff,The Springs Apartment Homes W,,14.3,1.14,826.0,routed,61.0,network-estimate
8929ac4dadbffff,The Springs Apartment Homes E,,23.1,1.85,1548.0,routed,72.0,network-estimate
8929ac4db03ffff,Masterpiece Parke SE 17,,15.4,1.23,1775.0,routed,119.0,approach-review
8929ac4db07ffff,Masterpiece Parke SE 16,,15.7,1.26,1035.0,routed,194.0,approach-review
8929ac4db0bffff,Masterpiece Parke E 18,,14.4,1.15,895.0,routed,199.0,approach-review
8929ac4db0fffff,Masterpiece Parke E 15,,18.4,1.47,1437.0,routed,123.0,approach-review
8929ac4db13ffff,Highgate - West Ming Village A NE 29,,15.1,1.21,1202.0,routed,126.0,approach-review
8929ac4db17ffff,Highgate - West Ming Village A NE 28,,10.1,0.81,2182.0,routed,55.0,network-estimate
8929ac4db1bffff,Highgate - West Ming Village A NE 30,,12.4,0.99,1322.0,routed,105.0,approach-review
8929ac4db23ffff,Masterpiece Parke E 10,,27.9,2.23,1116.0,routed,98.0,network-estimate
8929ac4db27ffff,Masterpiece Parke E 7,,35.2,2.82,1901.0,routed,97.0,network-estimate
8929ac4db2bffff,Masterpiece Parke E 12,,26.1,2.09,1592.0,routed,136.0,approach-review
8929ac4db2fffff,Masterpiece Parke E 9,,31.6,2.53,1685.0,routed,190.0,approach-review
8929ac4db33ffff,Masterpiece Parke SE 13,,24.6,1.97,1165.0,routed,228.0,approach-review
8929ac4db37ffff,Masterpiece Parke SE 9,,31.3,2.5,1649.0,routed,157.0,detour-review
8929ac4db3bffff,Masterpiece Parke E 13,,24.1,1.93,0.0,routed,67.0,network-estimate
8929ac4db43ffff,The Springs Apartment Homes NW 24,,4.1,0.32,1017.0,routed,243.0,approach-review
8929ac4db47ffff,Masterpiece Parke E 20,,18.0,1.44,1320.0,routed,82.0,network-estimate
8929ac4db4bffff,The Springs Apartment Homes NW 22,,12.0,0.96,1937.0,routed,157.0,approach-review
8929ac4db4fffff,The Springs Apartment Homes NW 28,,12.6,1.01,1259.0,routed,135.0,approach-review
8929ac4db53ffff,The Springs Apartment Homes NW 20,,1.9,0.15,1237.0,routed,79.0,network-estimate
8929ac4db57ffff,The Springs Apartment Homes NW 26,,7.3,0.59,650.0,routed,104.0,approach-review
8929ac4db5bffff,The Springs Apartment Homes NW 18,,2.0,0.16,82.0,routed,70.0,network-estimate
8929ac4db63ffff,Masterpiece Parke E 16,,25.0,2.0,1516.0,routed,50.0,network-estimate
8929ac4db67ffff,Masterpiece Parke E 14,,27.6,2.21,1092.0,routed,88.0,network-estimate
8929ac4db6bffff,Sablewood Gardens Apartments SE 8,,25.1,2.0,367.0,routed,64.0,network-estimate
8929ac4db6fffff,Sablewood Gardens Apartments SE 7,,29.9,2.39,680.0,routed,158.0,approach-review
8929ac4db73ffff,Masterpiece Parke E 17,,24.7,1.98,1506.0,routed,151.0,approach-review
8929ac4db77ffff,Liberty Park,,22.8,1.82,534.0,routed,154.0,approach-review
8929ac4db7bffff,Masterpiece Parke E 19,,18.1,1.45,1908.0,routed,151.0,approach-review
8929ac4db83ffff,Kern River Parkway Park W 6,,19.7,1.57,0.0,routed,154.0,approach-review
8929ac4db87ffff,Aera Park,,11.1,0.89,0.0,routed,139.0,approach-review
8929ac4db8bffff,Kern River Parkway Park W 5,,19.3,1.55,0.0,routed,231.0,approach-review
8929ac4db8fffff,Highgate - West Ming Village A NE 26,,10.8,0.86,179.0,routed,332.0,approach-review
8929ac4db93ffff,Highgate - West Ming Village A NE 22,,21.8,1.74,826.0,routed,34.0,network-estimate
8929ac4db97ffff,2800 Acre Water Bank NE 36,,27.1,2.17,364.0,routed,156.0,approach-review
8929ac4db9bffff,Highgate - West Ming Village A NE 25,,23.4,1.87,278.0,routed,67.0,network-estimate
8929ac4dba3ffff,Masterpiece Parke SE 14,,0.5,0.04,2316.0,routed,12.0,network-estimate
8929ac4dba7ffff,Masterpiece Parke SE 10,,5.3,0.42,1719.0,routed,124.0,approach-review
8929ac4dbabffff,Masterpiece Parke SE 15,,4.9,0.39,1204.0,routed,242.0,approach-review
8929ac4dbafffff,Masterpiece Parke SE 12,,6.1,0.49,603.0,routed,213.0,approach-review
8929ac4dbb3ffff,Highgate - West Ming Village A NE 21,,4.7,0.38,1219.0,routed,94.0,network-estimate
8929ac4dbb7ffff,Highgate - West Ming Village A NE 19,,4.8,0.38,2131.0,routed,117.0,approach-review
8929ac4dbbbffff,Highgate - West Ming Village A NE 24,,5.4,0.43,1564.0,routed,138.0,approach-review
8929ac4dbc3ffff,Kern River Parkway Park SW 2,,15.2,1.22,0.0,routed,172.0,approach-review
8929ac4dbc7ffff,Kern River Parkway Park W 4,,12.8,1.03,49.0,routed,260.0,approach-review
8929ac4dbcbffff,Kern River Parkway Park W 3,,10.3,0.82,737.0,routed,169.0,approach-review
8929ac4dbcfffff,The Springs Apartment Homes NW 21,,7.5,0.6,704.0,routed,246.0,approach-review
8929ac4dbd3ffff,The Springs Apartment Homes W 20,,17.2,1.38,399.0,routed,120.0,approach-review
8929ac4dbd7ffff,The Park at River Walk,,19.3,1.55,0.0,routed,74.0,network-estimate
8929ac4dbdbffff,The Springs Apartment Homes NW 15,,11.7,0.94,913.0,routed,95.0,network-estimate
8929ac4dc03ffff,Park Square Apartments SE 2,,69.4,5.55,827.0,routed,136.0,approach-review
8929ac4dc07ffff,Park Square Apartments S 2,,68.9,5.51,1457.0,routed,109.0,approach-review
8929ac4dc0bffff,Park Square Apartments SE 3,,63.0,5.04,1359.0,routed,169.0,approach-review
8929ac4dc0fffff,Park Square Apartments SE,,65.6,5.25,1775.0,routed,159.0,approach-review
8929ac4dc13ffff,Park Square Apartments S 5,,77.4,6.19,298.0,routed,95.0,network-estimate
8929ac4dc17ffff,Park Square Apartments S 4,,73.7,5.89,1017.0,routed,47.0,network-estimate
8929ac4dc1bffff,Park Square Apartments SE 4,,68.8,5.5,964.0,routed,175.0,approach-review
8929ac4dc23ffff,Park Square Apartments W,,61.4,4.91,1186.0,routed,89.0,network-estimate
8929ac4dc27ffff,Park Square Apartments W 2,,56.3,4.51,2221.0,routed,33.0,network-estimate
8929ac4dc2bffff,Park Square Apartments,,60.2,4.81,1898.0,routed,78.0,network-estimate
8929ac4dc2fffff,Park Square Apartments NW,,60.3,4.83,1621.0,routed,195.0,approach-review
8929ac4dc33ffff,Park Square Apartments SW,,64.0,5.12,1990.0,routed,80.0,network-estimate
8929ac4dc37ffff,Park Square Apartments SW 2,,60.9,4.88,1769.0,routed,28.0,network-estimate
8929ac4dc3bffff,Park Square Apartments S,,64.7,5.18,2045.0,routed,101.0,approach-review
8929ac4dc43ffff,Park Square Apartments E 8,,61.3,4.9,1632.0,routed,148.0,approach-review
8929ac4dc47ffff,Park Square Apartments E 6,,57.8,4.62,1802.0,routed,118.0,approach-review
8929ac4dc4bffff,Park Square Apartments E 11,,55.1,4.41,1713.0,routed,118.0,approach-review
8929ac4dc4fffff,Tevis Park,,55.7,4.45,1147.0,routed,44.0,network-estimate
8929ac4dc53ffff,Park Square Apartments SE 8,,65.4,5.23,1435.0,routed,132.0,approach-review
8929ac4dc57ffff,Park Square Apartments SE 5,,62.4,5.0,1401.0,routed,26.0,network-estimate
8929ac4dc5bffff,Park Square Apartments E 12,,57.2,4.57,1102.0,routed,216.0,approach-review
8929ac4dc63ffff,Park Square Apartments E 2,,54.4,4.35,1474.0,routed,155.0,approach-review
8929ac4dc67ffff,Park Square Apartments NE,,56.5,4.52,1334.0,routed,94.0,network-estimate
8929ac4dc6bffff,Park Square Apartments E 5,,48.7,3.89,2381.0,routed,64.0,network-estimate
8929ac4dc6fffff,Park Square Apartments NE 2,,52.5,4.2,935.0,routed,139.0,approach-review
8929ac4dc73ffff,Park Square Apartments E 3,,59.6,4.77,1769.0,routed,6.0,network-estimate
8929ac4dc77ffff,Park Square Apartments E,,61.4,4.91,1672.0,routed,163.0,approach-review
8929ac4dc7bffff,Park Square Apartments E 4,,53.7,4.29,1446.0,routed,18.0,network-estimate
8929ac4dc83ffff,Park Square Apartments S 11,,82.7,6.62,501.0,routed,67.0,network-estimate
8929ac4dc87ffff,Park Square Apartments S 10,,80.5,6.44,0.0,routed,449.0,approach-review
8929ac4dc8bffff,Park Square Apartments S 9,,82.2,6.58,1585.0,routed,112.0,approach-review
8929ac4dc8fffff,Park Square Apartments S 7,,77.7,6.22,640.0,routed,197.0,approach-review
8929ac4dc93ffff,Park Square Apartments S 15,,86.9,6.95,1837.0,routed,81.0,network-estimate
8929ac4dc97ffff,Park Square Apartments S 14,,88.4,7.07,363.0,routed,319.0,approach-review
8929ac4dc9bffff,Park Square Apartments S 13,,90.2,7.22,904.0,routed,129.0,approach-review
8929ac4dca3ffff,Park Square Apartments SW 5,,74.4,5.95,314.0,routed,147.0,approach-review
8929ac4dca7ffff,Park Square Apartments SW 6,,67.6,5.41,0.0,routed,488.0,approach-review
8929ac4dcabffff,Park Square Apartments S 3,,71.5,5.72,884.0,routed,33.0,network-estimate
8929ac4dcafffff,Park Square Apartments SW 3,,66.0,5.28,0.0,routed,289.0,approach-review
8929ac4dcb3ffff,Park Square Apartments S 8,,78.2,6.25,0.0,routed,371.0,approach-review
8929ac4dcb7ffff,Park Square Apartments SW 8,,79.1,6.32,0.0,routed,518.0,approach-review
8929ac4dcbbffff,Park Square Apartments S 6,,75.8,6.07,160.0,routed,132.0,approach-review
8929ac4dcc3ffff,Park Square Apartments SE 9,,72.1,5.77,1653.0,routed,36.0,network-estimate
8929ac4dcc7ffff,Park Square Apartments SE 6,,73.2,5.86,1125.0,routed,187.0,approach-review
8929ac4dccbffff,Park Square Apartments SE 11,,68.4,5.47,1092.0,routed,101.0,approach-review
8929ac4dccfffff,Park Square Apartments SE 7,,67.0,5.36,1494.0,routed,96.0,network-estimate
8929ac4dcd3ffff,Park Square Apartments SE 13,,81.4,6.51,1464.0,routed,135.0,approach-review
8929ac4dcd7ffff,Park Square Apartments SE 10,,78.6,6.29,1279.0,routed,174.0,approach-review
8929ac4dcdbffff,Park Square Apartments SE 14,,72.2,5.78,1523.0,routed,155.0,approach-review
8929ac4dd03ffff,Highgate - West Ming Village A SE 8,,50.1,4.01,0.0,routed,412.0,approach-review
8929ac4dd07ffff,Highgate - West Ming Village A SE 4,,18.0,1.44,0.0,straightline,845.0,detour-review
8929ac4dd0bffff,Highgate - West Ming Village A SE 9,,47.3,3.78,884.0,routed,186.0,approach-review
8929ac4dd0fffff,Highgate - West Ming Village A SE 5,,18.8,1.5,0.0,straightline,510.0,detour-review
8929ac4dd13ffff,Highgate - West Ming Village A SE 11,,56.7,4.54,0.0,routed,417.0,approach-review
8929ac4dd17ffff,Highgate - West Ming Village A SE 7,,54.5,4.36,0.0,routed,762.0,approach-review
8929ac4dd1bffff,Highgate - West Ming Village A SE 13,,47.8,3.82,907.0,routed,224.0,approach-review
8929ac4dd23ffff,Highgate - West Ming Village A SE,,6.9,0.55,0.0,routed,450.0,approach-review
8929ac4dd27ffff,Highgate - West Ming Village A S,,4.4,0.35,1322.0,routed,69.0,network-estimate
8929ac4dd2bffff,Highgate - West Ming Village A E 3,,8.9,0.71,0.0,routed,375.0,approach-review
8929ac4dd2fffff,Highgate - West Ming Village A E,,3.4,0.27,962.0,routed,122.0,approach-review
8929ac4dd33ffff,Highgate - West Ming Village A SE 2,,12.2,0.97,0.0,routed,600.0,approach-review
8929ac4dd37ffff,Highgate - West Ming Village A S 3,,8.8,0.71,0.0,routed,333.0,approach-review
8929ac4dd3bffff,Highgate - West Ming Village A SE 3,,12.7,1.02,0.0,routed,677.0,approach-review
8929ac4dd43ffff,Park Square Apartments NW 5,,46.3,3.7,2229.0,routed,47.0,network-estimate
8929ac4dd47ffff,Highgate - West Ming Village A SE 10,,43.8,3.5,1994.0,routed,98.0,network-estimate
8929ac4dd4bffff,Park Square Apartments NW 4,,49.4,3.95,1599.0,routed,78.0,network-estimate
8929ac4dd4fffff,Highgate - West Ming Village A E 16,,43.6,3.49,795.0,routed,111.0,approach-review
8929ac4dd53ffff,Park Square Apartments W 4,,61.9,4.95,1698.0,routed,143.0,approach-review
8929ac4dd57ffff,Park Square Apartments W 7,,48.1,3.85,2032.0,routed,172.0,approach-review
8929ac4dd5bffff,Park Square Apartments NW 3,,51.0,4.08,2434.0,routed,87.0,network-estimate
8929ac4dd63ffff,Highgate - West Ming Village A E 8,,35.0,2.8,645.0,routed,127.0,approach-review
8929ac4dd67ffff,Highgate - West Ming Village A E 4,,18.5,1.48,173.0,routed,270.0,approach-review
8929ac4dd6bffff,Highgate - West Ming Village A E 10,,42.7,3.42,1506.0,routed,138.0,approach-review
8929ac4dd6fffff,Highgate - West Ming Village A E 7,,21.3,1.71,669.0,routed,254.0,approach-review
8929ac4dd73ffff,Highgate - West Ming Village A SE 6,,38.7,3.09,758.0,routed,297.0,approach-review
8929ac4dd77ffff,Highgate - West Ming Village A E 6,,22.8,1.82,0.0,routed,510.0,approach-review
8929ac4dd7bffff,Highgate - West Ming Village A E 12,,40.0,3.2,2258.0,routed,93.0,network-estimate
8929ac4dd83ffff,Highgate - West Ming Village A S 15,,61.9,4.96,0.0,routed,833.0,approach-review
8929ac4dd87ffff,Highgate - West Ming Village A S 13,,64.4,5.15,0.0,routed,221.0,approach-review
8929ac4dd8bffff,Highgate - West Ming Village A SE 14,,57.3,4.58,0.0,routed,462.0,approach-review
8929ac4dd8fffff,Highgate - West Ming Village A SE 12,,60.5,4.84,0.0,routed,718.0,approach-review
8929ac4dd93ffff,Highgate - West Ming Village A S 19,,66.2,5.3,0.0,routed,862.0,approach-review
8929ac4dd97ffff,Highgate - West Ming Village A S 16,,66.7,5.34,0.0,routed,412.0,approach-review
8929ac4dd9bffff,Park Square Apartments SW 14,,60.7,4.85,0.0,routed,716.0,approach-review
8929ac4dda3ffff,Highgate - West Ming Village A S 8,,18.6,1.49,0.0,routed,1026.0,approach-review
8929ac4dda7ffff,Highgate - West Ming Village A S 6,,16.8,1.35,0.0,routed,880.0,approach-review
8929ac4ddabffff,Highgate - West Ming Village A S 7,,16.3,1.3,0.0,routed,928.0,approach-review
8929ac4ddafffff,Highgate - West Ming Village A S 5,,13.4,1.07,0.0,routed,697.0,approach-review
8929ac4ddb3ffff,Highgate - West Ming Village A S 11,,24.7,1.98,0.0,routed,1315.0,approach-review
8929ac4ddb7ffff,Highgate - West Ming Village A S 9,,21.6,1.73,0.0,routed,1229.0,approach-review
8929ac4ddbbffff,Highgate - West Ming Village A S 10,,24.8,1.98,0.0,straightline,1038.0,detour-review
8929ac4ddc3ffff,Park Square Apartments W 6,,57.1,4.57,1414.0,routed,144.0,approach-review
8929ac4ddc7ffff,Park Square Apartments W 8,,52.7,4.21,864.0,routed,90.0,network-estimate
8929ac4ddcbffff,Park Square Apartments W 3,,60.0,4.8,1771.0,routed,138.0,approach-review
8929ac4ddcfffff,Park Square Apartments W 5,,56.4,4.51,1863.0,routed,81.0,network-estimate
8929ac4ddd3ffff,Park Square Apartments SW 7,,59.9,4.79,0.0,routed,357.0,approach-review
8929ac4ddd7ffff,Park Square Apartments W 9,,56.8,4.54,96.0,routed,405.0,approach-review
8929ac4dddbffff,Park Square Apartments SW 4,,61.9,4.95,287.0,routed,204.0,approach-review
8929ac4de03ffff,The Springs Apartment Homes S 9,,44.8,3.58,1521.0,routed,136.0,approach-review
8929ac4de07ffff,Pin Oak Park,,36.1,2.89,993.0,routed,107.0,approach-review
8929ac4de0bffff,The Springs Apartment Homes S 7,,42.1,3.37,1149.0,routed,141.0,approach-review
8929ac4de0fffff,The Springs Apartment Homes SW 6,,31.9,2.55,675.0,routed,140.0,approach-review
8929ac4de13ffff,The Springs Apartment Homes S 14,,47.4,3.79,1430.0,routed,130.0,approach-review
8929ac4de17ffff,The Springs Apartment Homes SW 12,,39.8,3.18,1899.0,routed,65.0,network-estimate
8929ac4de1bffff,The Springs Apartment Homes S 11,,49.1,3.93,1470.0,routed,96.0,network-estimate
8929ac4de23ffff,The Springs Apartment Homes SW 9,,26.9,2.16,1438.0,routed,173.0,approach-review
8929ac4de27ffff,The Springs Apartment Homes SW 10,,28.1,2.25,1902.0,routed,36.0,network-estimate
8929ac4de2bffff,The Springs Apartment Homes SW 5,,22.1,1.77,1523.0,routed,91.0,network-estimate
8929ac4de2fffff,The Springs Apartment Homes SW 7,,22.2,1.78,1387.0,routed,93.0,network-estimate
8929ac4de33ffff,The Springs Apartment Homes SW 11,,32.5,2.6,1483.0,routed,128.0,approach-review
8929ac4de37ffff,Park Square Apartments NE 12,,33.1,2.65,1698.0,routed,130.0,approach-review
8929ac4de3bffff,The Springs Apartment Homes SW 8,,27.3,2.19,1451.0,routed,97.0,network-estimate
8929ac4de43ffff,The Springs Apartment Homes S 6,,39.7,3.17,1750.0,routed,122.0,approach-review
8929ac4de47ffff,The Springs Apartment Homes S 5,,40.1,3.2,957.0,routed,67.0,network-estimate
8929ac4de4bffff,The Springs Apartment Homes SE 6,,41.1,3.28,1403.0,routed,149.0,approach-review
8929ac4de4fffff,The Springs Apartment Homes S 3,,35.6,2.85,1225.0,routed,102.0,approach-review
8929ac4de53ffff,The Springs Apartment Homes S 10,,44.6,3.56,1783.0,routed,113.0,approach-review
8929ac4de57ffff,The Springs Apartment Homes S 8,,43.8,3.5,1449.0,routed,82.0,network-estimate
8929ac4de5bffff,The Springs Apartment Homes SE 10,,45.5,3.64,1660.0,routed,174.0,approach-review
8929ac4de63ffff,The Springs Apartment Homes SW 2,,22.4,1.79,1128.0,routed,69.0,network-estimate
8929ac4de67ffff,The Springs Apartment Homes SW 3,,18.4,1.47,1345.0,routed,131.0,approach-review
8929ac4de6bffff,The Springs Apartment Homes S,,28.4,2.27,1357.0,routed,97.0,network-estimate
8929ac4de6fffff,The Springs Apartment Homes SW,,18.6,1.49,1766.0,routed,112.0,approach-review
8929ac4de73ffff,The Springs Apartment Homes S 4,,26.6,2.13,749.0,routed,138.0,approach-review
8929ac4de77ffff,The Springs Apartment Homes SW 4,,25.5,2.04,1190.0,routed,165.0,approach-review
8929ac4de7bffff,The Springs Apartment Homes S 2,,36.1,2.89,506.0,routed,39.0,network-estimate
8929ac4de83ffff,Park Square Apartments E 17,,51.6,4.13,1544.0,routed,71.0,network-estimate
8929ac4de87ffff,Park Square Apartments E 14,,49.0,3.92,2216.0,routed,127.0,approach-review
8929ac4de8bffff,The Springs Apartment Homes S 19,,51.3,4.11,1644.0,routed,199.0,approach-review
8929ac4de8fffff,Campus Park N.,,45.3,3.62,1795.0,routed,213.0,approach-review
8929ac4de93ffff,Park Square Apartments E 18,,56.5,4.52,1719.0,routed,122.0,approach-review
8929ac4de97ffff,Park Square Apartments E 16,,53.7,4.29,1896.0,routed,130.0,approach-review
8929ac4de9bffff,Park Square Apartments E 19,,57.4,4.59,1652.0,routed,153.0,approach-review
8929ac4dea3ffff,Park Square Apartments E 10,,44.4,3.55,1816.0,routed,74.0,network-estimate
8929ac4dea7ffff,Park Square Apartments NE 5,,43.5,3.48,1255.0,routed,169.0,approach-review
8929ac4deabffff,Park Square Apartments E 15,,36.3,2.91,1849.0,routed,144.0,approach-review
8929ac4deafffff,Park Square Apartments NE 10,,37.5,3.0,2086.0,routed,178.0,approach-review
8929ac4deb3ffff,Park Square Apartments E 9,,52.3,4.18,1442.0,routed,140.0,approach-review
8929ac4deb7ffff,Park Square Apartments E 7,,51.6,4.13,1427.0,routed,174.0,approach-review
8929ac4debbffff,Park Square Apartments E 13,,44.1,3.53,1922.0,routed,195.0,approach-review
8929ac4dec3ffff,The Springs Apartment Homes S 17,,56.5,4.52,1737.0,routed,122.0,approach-review
8929ac4dec7ffff,The Springs Apartment Homes S 16,,51.8,4.15,888.0,routed,66.0,network-estimate
8929ac4decbffff,The Springs Apartment Homes S 15,,49.0,3.92,1670.0,routed,106.0,approach-review
8929ac4decfffff,The Springs Apartment Homes S 12,,47.5,3.8,1464.0,routed,163.0,approach-review
8929ac4ded3ffff,The Springs Apartment Homes S 22,,56.8,4.55,2034.0,routed,144.0,approach-review
8929ac4ded7ffff,The Springs Apartment Homes S 21,,53.7,4.3,1798.0,routed,77.0,network-estimate
8929ac4dedbffff,The Springs Apartment Homes S 20,,53.6,4.29,1451.0,routed,47.0,network-estimate
8929ac4f20fffff,Southland R.V. Park W 81,,140.6,11.25,430.0,routed,575.0,approach-review
8929ac4f223ffff,Southland R.V. Park W 96,,140.2,11.22,0.0,routed,949.0,approach-review
8929ac4f227ffff,Southland R.V. Park W 100,,144.9,11.59,0.0,routed,766.0,approach-review
8929ac4f22bffff,Southland R.V. Park W 87,,135.0,10.8,0.0,routed,928.0,approach-review
8929ac4f22fffff,Southland R.V. Park W 94,,135.6,10.85,0.0,routed,980.0,approach-review
8929ac4f23bffff,Southland R.V. Park W 89,,140.3,11.23,0.0,routed,553.0,approach-review
8929ac4f247ffff,Southland R.V. Park W 65,,139.8,11.18,273.0,routed,260.0,approach-review
8929ac4f24fffff,Southland R.V. Park W 56,,135.8,10.87,580.0,routed,748.0,approach-review
8929ac4f263ffff,Southland R.V. Park W 71,,134.4,10.75,0.0,routed,483.0,approach-review
8929ac4f267ffff,Southland R.V. Park W 77,,131.5,10.52,365.0,routed,650.0,approach-review
8929ac4f26bffff,Southland R.V. Park W 61,,130.1,10.41,0.0,routed,716.0,approach-review
8929ac4f26fffff,Southland R.V. Park W 69,,129.8,10.38,370.0,routed,510.0,approach-review
8929ac4f277ffff,Southland R.V. Park W 79,,136.1,10.89,365.0,routed,614.0,approach-review
8929ac4f27bffff,Southland R.V. Park W 63,,134.2,10.74,0.0,routed,621.0,approach-review
8929ac4f327ffff,Park Square Apartments S 122,,124.0,9.92,540.0,routed,133.0,approach-review
8929ac4f34fffff,Southland R.V. Park W 103,,131.1,10.49,0.0,routed,467.0,approach-review
8929ac4f363ffff,Park Square Apartments SE 114,,128.9,10.31,0.0,routed,535.0,approach-review
8929ac4f367ffff,Park Square Apartments SE 113,,130.1,10.41,0.0,routed,497.0,approach-review
8929ac4f36bffff,Southland R.V. Park W 107,,123.5,9.88,365.0,routed,416.0,approach-review
8929ac4f36fffff,Park Square Apartments SE 112,,124.7,9.98,380.0,routed,300.0,approach-review
8929ac4f37bffff,Southland R.V. Park W 106,,128.1,10.25,365.0,routed,730.0,approach-review
8929ac7b0c3ffff,Highgate - West Ming Village A SW 68,,219.7,17.58,0.0,routed,467.0,approach-review
8929ac7b0cbffff,Highgate - West Ming Village A SW 66,,213.9,17.11,0.0,routed,777.0,approach-review
8929ac7b0cfffff,Highgate - West Ming Village A W 19,,214.2,17.14,0.0,routed,680.0,approach-review
8929ac7b0dbffff,Highgate - West Ming Village A SW 67,,216.2,17.3,0.0,routed,652.0,approach-review
8929ac7b29bffff,Highgate - West Ming Village A W 18,,119.2,9.53,0.0,routed,594.0,approach-review
8929ac7b2c3ffff,Highgate - West Ming Village A W 15,,107.6,8.61,0.0,routed,765.0,approach-review
8929ac7b2c7ffff,Highgate - West Ming Village A W 16,,112.1,8.97,0.0,routed,1126.0,approach-review
8929ac7b2d3ffff,2800 Acre Water Bank SW 32,,106.8,8.54,0.0,routed,701.0,approach-review
8929ac7b2d7ffff,Highgate - West Ming Village A W 17,,121.8,9.74,0.0,routed,801.0,approach-review
8929ac7b2dbffff,2800 Acre Water Bank SW 30,,103.1,8.25,0.0,routed,406.0,approach-review
8929ac7b623ffff,Highgate - West Ming Village A SW 63,,205.6,16.45,0.0,routed,301.0,approach-review
8929ac7b62bffff,2800 Acre Water Bank SW 36,,203.6,16.29,0.0,routed,138.0,approach-review
8929ac7b62fffff,Highgate - West Ming Village A SW 62,,204.7,16.37,0.0,routed,226.0,approach-review
8929ac7b633ffff,Highgate - West Ming Village A SW 64,,210.0,16.8,0.0,routed,470.0,approach-review
8929ac7b637ffff,2800 Acre Water Bank SW 37,,210.1,16.81,0.0,routed,662.0,approach-review
8929ac7b63bffff,Highgate - West Ming Village A SW 61,,207.2,16.58,0.0,routed,429.0,approach-review
8929ac7b663ffff,2800 Acre Water Bank SW 35,,114.3,9.15,0.0,routed,207.0,approach-review
8929ac7b667ffff,Highgate - West Ming Village A SW 59,,114.8,9.19,0.0,routed,248.0,approach-review
8929ac7b66bffff,2800 Acre Water Bank SW 33,,108.2,8.66,0.0,routed,815.0,approach-review
8929ac7b66fffff,2800 Acre Water Bank SW 34,,117.5,9.4,0.0,routed,457.0,approach-review
8929ac7b677ffff,Highgate - West Ming Village A SW 60,,114.1,9.13,0.0,routed,187.0,approach-review
8929ac7b67bffff,Highgate - West Ming Village A SW 58,,118.4,9.47,0.0,routed,534.0,approach-review
8929ac7b6afffff,Highgate - West Ming Village A SW 65,,215.5,17.24,0.0,routed,377.0,approach-review
8929aeb0003ffff,Bakersfield E 44,,22.4,1.79,998.0,routed,162.0,approach-review
8929aeb0007ffff,Bakersfield E 36,,16.8,1.34,1442.0,routed,63.0,network-estimate
8929aeb000bffff,Bakersfield E 51,,25.4,2.03,773.0,routed,28.0,network-estimate
8929aeb000fffff,Bakersfield E 42,,21.5,1.72,1024.0,routed,149.0,approach-review
8929aeb0013ffff,Bakersfield E 46,,26.9,2.15,1162.0,routed,198.0,approach-review
8929aeb0017ffff,Bakersfield E 38,,21.7,1.74,2133.0,routed,133.0,approach-review
8929aeb001bffff,Bakersfield E 53,,29.7,2.37,1507.0,routed,61.0,network-estimate
8929aeb0023ffff,Bakersfield E 26,,13.5,1.08,1993.0,routed,26.0,network-estimate
8929aeb0027ffff,Bakersfield E 20,,9.8,0.78,2963.0,routed,71.0,network-estimate
8929aeb002bffff,Bakersfield E 33,,18.5,1.48,1012.0,routed,154.0,approach-review
8929aeb002fffff,Bakersfield E 27,,15.9,1.27,860.0,routed,100.0,network-estimate
8929aeb0033ffff,Bakersfield E 28,,12.9,1.03,1700.0,routed,144.0,approach-review
8929aeb0037ffff,Bakersfield E 21,,9.1,0.73,1516.0,routed,90.0,network-estimate
8929aeb003bffff,Bakersfield E 34,,17.3,1.39,1716.0,routed,90.0,network-estimate
8929aeb0063ffff,Bakersfield E 47,,22.1,1.77,944.0,routed,185.0,approach-review
8929aeb0067ffff,Bakersfield E 41,,17.4,1.39,1696.0,routed,88.0,network-estimate
8929aeb006fffff,Bakersfield E 50,,17.4,1.39,1815.0,routed,39.0,network-estimate
8929aeb0073ffff,Bakersfield E 48,,25.9,2.07,664.0,routed,205.0,approach-review
8929aeb0077ffff,Bakersfield E 40,,21.3,1.71,1067.0,routed,51.0,network-estimate
8929aeb0083ffff,Bakersfield SE 47,,22.0,1.76,640.0,routed,213.0,approach-review
8929aeb0087ffff,Bakersfield SE 40,,21.1,1.69,1662.0,routed,118.0,approach-review
8929aeb008bffff,Bakersfield E 49,,29.3,2.34,405.0,routed,272.0,approach-review
8929aeb008fffff,Bakersfield E 39,,26.2,2.09,1785.0,routed,125.0,approach-review
8929aeb0093ffff,Bakersfield SE 51,,18.6,1.49,607.0,routed,142.0,approach-review
8929aeb0097ffff,Bakersfield SE 44,,16.5,1.32,1709.0,routed,128.0,approach-review
8929aeb009bffff,Bakersfield SE 54,,24.7,1.98,0.0,routed,321.0,approach-review
8929aeb00a3ffff,Bakersfield E 25,,15.2,1.22,1238.0,routed,114.0,approach-review
8929aeb00a7ffff,Bakersfield E 19,,10.6,0.84,1271.0,routed,137.0,approach-review
8929aeb00abffff,Bakersfield E 30,,15.5,1.24,1750.0,routed,130.0,approach-review
8929aeb00afffff,Bakersfield E 23,,10.7,0.85,1032.0,routed,49.0,network-estimate
8929aeb00b3ffff,Bakersfield SE 33,,19.0,1.52,1506.0,routed,131.0,approach-review
8929aeb00b7ffff,Bakersfield SE 26,,15.1,1.21,365.0,routed,23.0,network-estimate
8929aeb00bbffff,Bakersfield E 32,,20.9,1.67,1722.0,routed,161.0,approach-review
8929aeb00c3ffff,Bakersfield E 58,,37.4,2.99,794.0,routed,103.0,approach-review
8929aeb00c7ffff,Bakersfield E 54,,33.2,2.66,1210.0,routed,151.0,approach-review
8929aeb00d3ffff,Bakersfield E 60,,35.4,2.83,365.0,routed,111.0,approach-review
8929aeb00d7ffff,Bakersfield E 55,,32.4,2.59,365.0,routed,19.0,network-estimate
8929aeb0103ffff,Bakersfield E 5,,9.7,0.77,1294.0,routed,63.0,network-estimate
8929aeb0107ffff,Bakersfield NE 5,,7.8,0.62,1020.0,routed,69.0,network-estimate
8929aeb010bffff,Bakersfield E 9,,14.8,1.18,954.0,routed,106.0,approach-review
8929aeb010fffff,Bakersfield NE 8,,15.2,1.22,734.0,routed,32.0,network-estimate
8929aeb0113ffff,Bakersfield E 4,,5.7,0.46,1875.0,routed,27.0,network-estimate
8929aeb0117ffff,Bakersfield E 2,,3.2,0.25,1294.0,routed,67.0,network-estimate
8929aeb011bffff,Bakersfield E 7,,9.9,0.79,1535.0,routed,45.0,network-estimate
8929aeb0123ffff,Bakersfield NE 6,,15.3,1.22,1635.0,routed,117.0,approach-review
8929aeb0127ffff,Bakersfield N 7,,11.7,0.93,1442.0,routed,24.0,network-estimate
8929aeb012bffff,Bakersfield NE 10,,19.1,1.53,1630.0,routed,93.0,network-estimate
8929aeb012fffff,Bakersfield NE 9,,18.2,1.46,1761.0,routed,137.0,approach-review
8929aeb0133ffff,Bakersfield NE 4,,11.3,0.91,2156.0,routed,72.0,network-estimate
8929aeb0137ffff,Bakersfield N 4,,12.8,1.02,1722.0,routed,32.0,network-estimate
8929aeb013bffff,Bakersfield NE 7,,11.8,0.94,783.0,routed,143.0,approach-review
8929aeb0143ffff,Bakersfield E 18,,8.0,0.64,1713.0,routed,95.0,network-estimate
8929aeb0147ffff,Bakersfield NE 16,,11.1,0.89,1810.0,routed,138.0,approach-review
8929aeb014bffff,Bakersfield E 24,,3.2,0.26,1772.0,routed,41.0,network-estimate
8929aeb014fffff,Bakersfield NE 22,,5.0,0.4,1526.0,routed,92.0,network-estimate
8929aeb0153ffff,Bakersfield E 16,,8.6,0.69,1675.0,routed,71.0,network-estimate
8929aeb0157ffff,Bakersfield E 13,,9.9,0.79,1440.0,routed,124.0,approach-review
8929aeb015bffff,Bakersfield E 22,,7.8,0.63,2366.0,routed,88.0,network-estimate
8929aeb0163ffff,Bakersfield NE 15,,15.4,1.23,1417.0,routed,88.0,network-estimate
8929aeb0167ffff,Bakersfield NE 14,,21.0,1.68,314.0,routed,129.0,approach-review
8929aeb016bffff,Bakersfield NE 21,,14.1,1.13,1940.0,routed,117.0,approach-review
8929aeb016fffff,Bakersfield NE 20,,19.4,1.55,1315.0,routed,103.0,approach-review
8929aeb0173ffff,Bakersfield NE 12,,14.5,1.16,1755.0,routed,65.0,network-estimate
8929aeb0177ffff,Bakersfield NE 11,,21.8,1.74,713.0,routed,96.0,network-estimate
8929aeb017bffff,Bakersfield NE 19,,9.4,0.75,1859.0,routed,91.0,network-estimate
8929aeb0183ffff,Bakersfield SE 6,,5.7,0.46,1087.0,routed,96.0,network-estimate
8929aeb0187ffff,Bakersfield SE 3,,0.7,0.06,1611.0,routed,25.0,network-estimate
8929aeb018bffff,Bakersfield E 6,,10.8,0.86,205.0,routed,152.0,approach-review
8929aeb018fffff,Bakersfield E 3,,2.7,0.21,1131.0,routed,20.0,network-estimate
8929aeb0193ffff,Bakersfield SE 8,,9.4,0.76,1678.0,routed,124.0,approach-review
8929aeb0197ffff,Bakersfield SE 5,,3.8,0.3,1911.0,routed,93.0,network-estimate
8929aeb019bffff,Bakersfield SE 9,,11.7,0.93,792.0,routed,68.0,network-estimate
8929aeb01a3ffff,Bakersfield NE,,4.0,0.32,2384.0,routed,10.0,network-estimate
8929aeb01a7ffff,Bakersfield N,,4.8,0.38,2924.0,routed,37.0,network-estimate
8929aeb01abffff,Bakersfield NE 3,,7.3,0.58,1929.0,routed,37.0,network-estimate
8929aeb01afffff,Bakersfield NE 2,,8.0,0.64,2110.0,routed,99.0,network-estimate
8929aeb01b3ffff,Bakersfield SE,,3.1,0.25,1506.0,routed,53.0,network-estimate
8929aeb01b7ffff,Bakersfield,,2.1,0.17,2260.0,routed,98.0,network-estimate
8929aeb01bbffff,Bakersfield E,,1.9,0.15,1844.0,routed,53.0,network-estimate
8929aeb01c3ffff,Bakersfield E 12,,1.9,0.15,1544.0,routed,60.0,network-estimate
8929aeb01c7ffff,Bakersfield E 8,,5.1,0.41,1670.0,routed,87.0,network-estimate
8929aeb01cbffff,Bakersfield E 15,,4.5,0.36,2402.0,routed,74.0,network-estimate
8929aeb01cfffff,Bakersfield E 11,,4.0,0.32,1688.0,routed,105.0,approach-review
8929aeb01d3ffff,Bakersfield E 14,,5.9,0.47,1490.0,routed,89.0,network-estimate
8929aeb01d7ffff,Bakersfield E 10,,7.1,0.57,772.0,routed,43.0,network-estimate
8929aeb01dbffff,Bakersfield E 17,,5.3,0.43,1586.0,routed,121.0,approach-review
8929aeb0223ffff,Crestview Meadows W 36,,37.1,2.97,1875.0,routed,113.0,approach-review
8929aeb0227ffff,Bakersfield E 66,,33.3,2.67,1261.0,routed,98.0,network-estimate
8929aeb022bffff,Crestview Meadows W 32,,42.9,3.43,1508.0,routed,66.0,network-estimate
8929aeb022fffff,Crestview Meadows W 38,,38.8,3.11,537.0,routed,88.0,network-estimate
8929aeb0237ffff,Bakersfield E 64,,31.8,2.54,1886.0,routed,120.0,approach-review
8929aeb0267ffff,Crestview Meadows W 29,,48.0,3.84,1591.0,routed,128.0,approach-review
8929aeb026fffff,Crestview Meadows W 26,,49.8,3.98,1914.0,routed,63.0,network-estimate
8929aeb02afffff,Bakersfield E 63,,29.1,2.33,1188.0,routed,98.0,network-estimate
8929aeb0307ffff,Bakersfield NE 43,,14.4,1.16,1948.0,routed,110.0,approach-review
8929aeb030bffff,Bakersfield NE 51,,23.5,1.88,1377.0,routed,149.0,approach-review
8929aeb0317ffff,Bakersfield NE 42,,11.1,0.89,1330.0,routed,122.0,approach-review
8929aeb032bffff,Bakersfield NE 47,,23.9,1.91,1781.0,routed,49.0,network-estimate
8929aeb033bffff,Bakersfield NE 45,,19.4,1.55,1934.0,routed,78.0,network-estimate
8929aeb0343ffff,Bakersfield NE 69,,31.3,2.51,1693.0,routed,135.0,approach-review
8929aeb0347ffff,Bakersfield NE 62,,27.3,2.18,626.0,routed,97.0,network-estimate
8929aeb034bffff,Bakersfield NE 82,,31.6,2.53,1148.0,routed,44.0,network-estimate
8929aeb034fffff,Bakersfield NE 73,,24.3,1.94,586.0,routed,153.0,approach-review
8929aeb0353ffff,Bakersfield E 62,,29.0,2.32,1014.0,routed,146.0,approach-review
8929aeb0357ffff,Bakersfield NE 58,,25.9,2.08,1707.0,routed,12.0,network-estimate
8929aeb035bffff,Bakersfield NE 76,,33.9,2.71,1413.0,routed,59.0,network-estimate
8929aeb0363ffff,Bakersfield NE 61,,19.4,1.55,2264.0,routed,100.0,network-estimate
8929aeb0367ffff,Bakersfield NE 57,,20.1,1.61,1382.0,routed,32.0,network-estimate
8929aeb036bffff,Bakersfield NE 72,,18.5,1.48,1687.0,routed,37.0,network-estimate
8929aeb036fffff,Bakersfield NE 68,,14.7,1.18,1702.0,routed,110.0,approach-review
8929aeb0373ffff,Bakersfield NE 55,,24.3,1.94,1454.0,routed,33.0,network-estimate
8929aeb0377ffff,Bakersfield NE 50,,24.4,1.95,1715.0,routed,85.0,network-estimate
8929aeb037bffff,Bakersfield NE 67,,22.9,1.83,917.0,routed,50.0,network-estimate
8929aeb0383ffff,Bakersfield E 37,,7.1,0.57,1320.0,routed,49.0,network-estimate
8929aeb0387ffff,Bakersfield E 31,,2.6,0.21,2213.0,routed,44.0,network-estimate
8929aeb038bffff,Bakersfield E 45,,12.4,0.99,1848.0,routed,28.0,network-estimate
8929aeb038fffff,Bakersfield NE 39,,8.5,0.68,1144.0,routed,93.0,network-estimate
8929aeb0393ffff,Bakersfield E 35,,12.4,0.99,1927.0,routed,51.0,network-estimate
8929aeb0397ffff,Bakersfield E 29,,7.0,0.56,2677.0,routed,72.0,network-estimate
8929aeb039bffff,Bakersfield E 43,,11.8,0.95,1727.0,routed,134.0,approach-review
8929aeb03a3ffff,Bakersfield NE 32,,7.5,0.6,1751.0,routed,118.0,approach-review
8929aeb03a7ffff,Bakersfield NE 27,,13.0,1.04,1770.0,routed,60.0,network-estimate
8929aeb03abffff,Bakersfield NE 38,,9.6,0.77,1494.0,routed,65.0,network-estimate
8929aeb03afffff,Bakersfield NE 35,,13.5,1.08,1973.0,routed,89.0,network-estimate
8929aeb03b3ffff,Bakersfield NE 28,,1.8,0.14,1347.0,routed,103.0,approach-review
8929aeb03b7ffff,Bakersfield NE 25,,10.1,0.81,1956.0,routed,45.0,network-estimate
8929aeb03bbffff,Bakersfield NE 36,,6.2,0.5,1814.0,routed,92.0,network-estimate
8929aeb03c3ffff,Bakersfield E 56,,22.0,1.76,1696.0,routed,57.0,network-estimate
8929aeb03cbffff,Bakersfield E 61,,28.4,2.27,450.0,routed,130.0,approach-review
8929aeb03cfffff,Bakersfield E 57,,24.2,1.93,1712.0,routed,55.0,network-estimate
8929aeb03d7ffff,Bakersfield E 52,,15.5,1.24,1629.0,routed,103.0,approach-review
8929aeb03dbffff,Bakersfield E 59,,25.5,2.04,778.0,routed,62.0,network-estimate
8929aeb0403ffff,Bakersfield SE 71,,34.3,2.74,51.0,routed,351.0,approach-review
8929aeb0407ffff,Bakersfield SE 65,,29.0,2.32,245.0,routed,103.0,approach-review
8929aeb040bffff,Bakersfield SE 73,,36.7,2.94,214.0,routed,291.0,approach-review
8929aeb040fffff,Bakersfield SE 67,,29.9,2.39,65.0,routed,209.0,approach-review
8929aeb0413ffff,Bakersfield SE 76,,38.9,3.11,37.0,routed,282.0,approach-review
8929aeb0417ffff,Bakersfield SE 70,,33.7,2.7,1286.0,routed,112.0,approach-review
8929aeb041bffff,Bakersfield SE 77,,41.6,3.33,0.0,routed,498.0,approach-review
8929aeb0423ffff,Bakersfield SE 53,,20.9,1.67,1780.0,routed,172.0,approach-review
8929aeb0427ffff,Bakersfield SE 46,,12.3,0.98,651.0,routed,162.0,approach-review
8929aeb042bffff,Bakersfield SE 55,,21.1,1.69,885.0,routed,168.0,approach-review
8929aeb042fffff,Bakersfield SE 48,,13.8,1.11,1170.0,routed,111.0,approach-review
8929aeb0433ffff,Bakersfield SE 58,,24.3,1.95,1225.0,routed,21.0,network-estimate
8929aeb0437ffff,Bakersfield SE 52,,22.1,1.77,1610.0,routed,178.0,approach-review
8929aeb043bffff,Bakersfield SE 60,,24.7,1.97,79.0,routed,123.0,approach-review
8929aeb0443ffff,Bakersfield SE 81,,43.8,3.5,581.0,routed,168.0,approach-review
8929aeb0447ffff,Bakersfield SE 75,,38.3,3.06,689.0,routed,124.0,approach-review
8929aeb044bffff,Bakersfield SE 84,,46.9,3.75,541.0,routed,66.0,network-estimate
8929aeb044fffff,Bakersfield SE 78,,43.3,3.47,768.0,routed,123.0,approach-review
8929aeb0453ffff,Bakersfield SE 85,,51.3,4.1,294.0,routed,367.0,approach-review
8929aeb0457ffff,Bakersfield SE 79,,41.2,3.3,0.0,routed,396.0,approach-review
8929aeb045bffff,Bakersfield SE 88,,49.7,3.97,89.0,routed,213.0,approach-review
8929aeb0463ffff,Bakersfield SE 66,,27.6,2.2,482.0,routed,127.0,approach-review
8929aeb0467ffff,Bakersfield SE 59,,21.6,1.72,386.0,routed,106.0,approach-review
8929aeb046bffff,Bakersfield SE 68,,29.5,2.36,593.0,routed,74.0,network-estimate
8929aeb046fffff,Bakersfield SE 61,,26.7,2.13,601.0,routed,182.0,approach-review
8929aeb0473ffff,Bakersfield SE 69,,32.8,2.63,550.0,routed,198.0,approach-review
8929aeb0477ffff,Bakersfield SE 62,,25.6,2.05,1061.0,routed,143.0,approach-review
8929aeb047bffff,Bakersfield SE 72,,41.8,3.34,510.0,routed,123.0,approach-review
8929aeb0483ffff,Coventry Place Apartments E 59,,42.9,3.43,0.0,routed,291.0,approach-review
8929aeb0487ffff,Coventry Place Apartments E 55,,37.1,2.97,414.0,routed,151.0,approach-review
8929aeb048bffff,Coventry Place Apartments E 63,,43.1,3.45,0.0,routed,440.0,approach-review
8929aeb048fffff,Coventry Place Apartments E 60,,38.2,3.05,0.0,routed,248.0,approach-review
8929aeb0493ffff,Coventry Place Apartments E 58,,46.5,3.72,413.0,routed,357.0,approach-review
8929aeb0497ffff,Coventry Place Apartments E 54,,41.7,3.34,1099.0,routed,131.0,approach-review
8929aeb049bffff,Coventry Place Apartments E 62,,48.3,3.87,0.0,routed,576.0,approach-review
8929aeb04a3ffff,Bakersfield SE 63,,26.7,2.14,655.0,routed,46.0,network-estimate
8929aeb04a7ffff,Bakersfield SE 56,,20.2,1.62,825.0,routed,171.0,approach-review
8929aeb04abffff,Bakersfield SE 64,,27.7,2.22,962.0,routed,176.0,approach-review
8929aeb04afffff,Bakersfield SE 57,,22.2,1.78,308.0,routed,171.0,approach-review
8929aeb04b3ffff,Coventry Place Apartments E 52,,31.7,2.53,588.0,routed,110.0,approach-review
8929aeb04b7ffff,Coventry Place Apartments E 48,,25.7,2.06,723.0,routed,171.0,approach-review
8929aeb04bbffff,Coventry Place Apartments E 56,,34.5,2.76,919.0,routed,113.0,approach-review
8929aeb04c3ffff,Bakersfield SE 87,,50.3,4.03,0.0,routed,819.0,approach-review
8929aeb04c7ffff,Bakersfield SE 82,,43.8,3.5,0.0,routed,584.0,approach-review
8929aeb04cbffff,Bakersfield SE 89,,54.0,4.32,316.0,routed,697.0,approach-review
8929aeb04cfffff,Bakersfield SE 83,,46.5,3.72,0.0,routed,676.0,approach-review
8929aeb04d3ffff,Coventry Place Apartments E 66,,53.5,4.28,0.0,routed,842.0,approach-review
8929aeb04d7ffff,Coventry Place Apartments E 65,,47.1,3.77,0.0,routed,747.0,approach-review
8929aeb04dbffff,Bakersfield SE 92,,55.2,4.42,343.0,routed,794.0,approach-review
8929aeb0503ffff,Bakersfield SE 23,,6.6,0.53,1156.0,routed,54.0,network-estimate
8929aeb0507ffff,Bakersfield SE 19,,12.2,0.98,1390.0,routed,149.0,approach-review
8929aeb050bffff,Bakersfield SE 25,,5.8,0.46,1507.0,routed,155.0,approach-review
8929aeb050fffff,Bakersfield SE 20,,10.5,0.84,1295.0,routed,132.0,approach-review
8929aeb0513ffff,Bakersfield SE 29,,9.7,0.77,423.0,routed,104.0,approach-review
8929aeb0517ffff,Bakersfield SE 24,,12.1,0.97,1083.0,routed,98.0,network-estimate
8929aeb051bffff,Bakersfield SE 30,,3.1,0.25,1277.0,routed,153.0,approach-review
8929aeb0523ffff,Bakersfield SE 10,,12.9,1.04,942.0,routed,132.0,approach-review
8929aeb0527ffff,Bakersfield S 7,,13.8,1.1,1436.0,routed,102.0,approach-review
8929aeb052bffff,Bakersfield SE 11,,14.3,1.15,1137.0,routed,144.0,approach-review
8929aeb052fffff,Bakersfield SE 7,,8.4,0.67,1457.0,routed,90.0,network-estimate
8929aeb0533ffff,Bakersfield SE 15,,17.5,1.4,764.0,routed,181.0,approach-review
8929aeb0537ffff,Bakersfield S 11,,18.1,1.45,1585.0,routed,135.0,approach-review
8929aeb053bffff,Bakersfield SE 14,,17.2,1.38,786.0,routed,134.0,approach-review
8929aeb0543ffff,Bakersfield SE 34,,8.7,0.69,1675.0,routed,76.0,network-estimate
8929aeb0547ffff,Bakersfield SE 27,,6.7,0.54,1500.0,routed,87.0,network-estimate
8929aeb054bffff,Bakersfield SE 35,,14.7,1.18,1762.0,routed,110.0,approach-review
8929aeb054fffff,Bakersfield SE 28,,13.0,1.04,1761.0,routed,114.0,approach-review
8929aeb0553ffff,Bakersfield SE 39,,6.5,0.52,1181.0,routed,98.0,network-estimate
8929aeb0557ffff,Bakersfield SE 32,,1.9,0.15,889.0,routed,65.0,network-estimate
8929aeb055bffff,Bakersfield SE 41,,10.4,0.83,1602.0,routed,117.0,approach-review
8929aeb0563ffff,Bakersfield SE 17,,14.4,1.15,1441.0,routed,111.0,approach-review
8929aeb0567ffff,Bakersfield SE 12,,15.4,1.23,996.0,routed,74.0,network-estimate
8929aeb056bffff,Bakersfield SE 18,,11.5,0.92,969.0,routed,79.0,network-estimate
8929aeb056fffff,Bakersfield SE 13,,10.2,0.82,1947.0,routed,78.0,network-estimate
8929aeb0573ffff,Bakersfield SE 21,,9.4,0.75,1384.0,routed,90.0,network-estimate
8929aeb0577ffff,Bakersfield SE 16,,15.0,1.2,914.0,routed,75.0,network-estimate
8929aeb057bffff,Bakersfield SE 22,,11.0,0.88,874.0,routed,131.0,approach-review
8929aeb0583ffff,Bakersfield S 27,,26.2,2.1,668.0,routed,28.0,network-estimate
8929aeb0587ffff,Bakersfield S 26,,24.0,1.92,929.0,routed,125.0,approach-review
8929aeb058bffff,Bakersfield SE 38,,14.5,1.16,380.0,routed,36.0,network-estimate
8929aeb058fffff,Bakersfield SE 31,,16.0,1.28,687.0,routed,134.0,approach-review
8929aeb0593ffff,Coventry Place Apartments NE 25,,25.5,2.04,582.0,routed,36.0,network-estimate
8929aeb0597ffff,Coventry Place Apartments NE 23,,28.9,2.31,534.0,routed,72.0,network-estimate
8929aeb059bffff,Coventry Place Apartments NE 27,,18.6,1.49,807.0,routed,83.0,network-estimate
8929aeb05a3ffff,Bakersfield S 20,,20.1,1.61,1249.0,routed,98.0,network-estimate
8929aeb05a7ffff,Bakersfield S 16,,22.5,1.8,1905.0,routed,35.0,network-estimate
8929aeb05abffff,Bakersfield S 18,,14.3,1.15,865.0,routed,130.0,approach-review
8929aeb05afffff,Bakersfield S 14,,19.7,1.58,1386.0,routed,155.0,approach-review
8929aeb05b3ffff,Bakersfield S 25,,24.3,1.94,1164.0,routed,166.0,approach-review
8929aeb05b7ffff,Bakersfield S 22,,26.9,2.15,2208.0,routed,35.0,network-estimate
8929aeb05bbffff,Bakersfield S 24,,19.1,1.53,1309.0,routed,106.0,approach-review
8929aeb05c3ffff,Bakersfield SE 42,,16.1,1.28,292.0,routed,172.0,approach-review
8929aeb05c7ffff,Bakersfield SE 36,,12.3,0.98,742.0,routed,206.0,approach-review
8929aeb05cbffff,Bakersfield SE 45,,11.1,0.89,1126.0,routed,87.0,network-estimate
8929aeb05cfffff,Bakersfield SE 37,,16.2,1.29,1063.0,routed,77.0,network-estimate
8929aeb05d3ffff,Bakersfield SE 49,,21.3,1.7,680.0,routed,258.0,approach-review
8929aeb05d7ffff,Bakersfield SE 43,,18.6,1.49,706.0,routed,65.0,network-estimate
8929aeb05dbffff,Bakersfield SE 50,,15.6,1.24,834.0,routed,256.0,approach-review
8929aeb0603ffff,Crestview Meadows SW 24,,51.9,4.15,52.0,routed,247.0,approach-review
8929aeb0607ffff,Crestview Meadows SW 29,,50.7,4.05,789.0,routed,47.0,network-estimate
8929aeb060bffff,Crestview Meadows SW 14,,63.2,5.06,1278.0,routed,93.0,network-estimate
8929aeb060fffff,Crestview Meadows SW 19,,58.6,4.69,1419.0,routed,161.0,approach-review
8929aeb0613ffff,Crestview Meadows SW 28,,50.2,4.02,322.0,routed,86.0,network-estimate
8929aeb0617ffff,Crestview Meadows SW 35,,45.5,3.64,600.0,routed,72.0,network-estimate
8929aeb061bffff,Crestview Meadows SW 18,,53.8,4.3,865.0,routed,55.0,network-estimate
8929aeb0633ffff,Bakersfield E 69,,47.5,3.8,866.0,routed,246.0,approach-review
8929aeb0643ffff,Crestview Meadows SW 7,,61.9,4.95,1956.0,routed,146.0,approach-review
8929aeb0647ffff,Crestview Meadows SW 9,,61.3,4.91,1812.0,routed,71.0,network-estimate
8929aeb064bffff,Crestview Meadows SW 4,,52.9,4.23,1769.0,routed,151.0,approach-review
8929aeb064fffff,Crestview Meadows SW 5,,55.7,4.45,1851.0,routed,87.0,network-estimate
8929aeb0653ffff,Crestview Meadows SW 10,,62.0,4.96,1427.0,routed,115.0,approach-review
8929aeb0657ffff,Crestview Meadows SW 12,,60.0,4.8,2077.0,routed,118.0,approach-review
8929aeb065bffff,Crestview Meadows SW 6,,56.3,4.5,1193.0,routed,111.0,approach-review
8929aeb0683ffff,Crestview Meadows SW 47,,54.7,4.38,0.0,routed,346.0,approach-review
8929aeb0687ffff,Bakersfield SE 86,,50.4,4.03,0.0,routed,178.0,approach-review
8929aeb068bffff,Crestview Meadows SW 37,,67.7,5.42,81.0,routed,203.0,approach-review
8929aeb068fffff,Crestview Meadows SW 42,,47.7,3.82,0.0,routed,302.0,approach-review
8929aeb0693ffff,Crestview Meadows SW 53,,56.2,4.5,0.0,routed,333.0,approach-review
8929aeb0697ffff,Bakersfield SE 90,,51.4,4.11,341.0,routed,33.0,network-estimate
8929aeb069bffff,Crestview Meadows SW 44,,70.7,5.66,109.0,routed,274.0,approach-review
8929aeb06a3ffff,Bakersfield E 68,,37.4,2.99,736.0,routed,157.0,approach-review
8929aeb06a7ffff,Bakersfield E 65,,35.9,2.87,318.0,routed,152.0,approach-review
8929aeb06abffff,Bakersfield E 70,,43.7,3.5,29.0,routed,147.0,approach-review
8929aeb06afffff,Bakersfield E 67,,41.6,3.33,490.0,routed,90.0,network-estimate
8929aeb06b3ffff,Bakersfield SE 80,,41.6,3.33,319.0,routed,116.0,approach-review
8929aeb06b7ffff,Bakersfield SE 74,,34.7,2.78,593.0,routed,179.0,approach-review
8929aeb06bbffff,Bakersfield E 71,,43.2,3.46,253.0,routed,147.0,approach-review
8929aeb06c3ffff,Crestview Meadows SW 22,,62.5,5.0,1054.0,routed,142.0,approach-review
8929aeb06c7ffff,Crestview Meadows SW 25,,66.3,5.31,800.0,routed,176.0,approach-review
8929aeb06cbffff,Crestview Meadows SW 13,,63.7,5.09,827.0,routed,234.0,approach-review
8929aeb06cfffff,Crestview Meadows SW 15,,58.0,4.64,1301.0,routed,47.0,network-estimate
8929aeb06d3ffff,Crestview Meadows SW 27,,67.1,5.37,2107.0,routed,147.0,approach-review
8929aeb06d7ffff,Crestview Meadows SW 33,,65.3,5.22,1491.0,routed,53.0,network-estimate
8929aeb06dbffff,Crestview Meadows SW 17,,68.7,5.5,2169.0,routed,106.0,approach-review
8929aeb0893ffff,Bakersfield NW 33,,37.9,3.03,0.0,routed,350.0,approach-review
8929aeb0897ffff,Bakersfield NW 37,,37.7,3.02,0.0,routed,294.0,approach-review
8929aeb089bffff,Bakersfield N 29,,42.3,3.38,938.0,routed,141.0,approach-review
8929aeb08c3ffff,Bakersfield N 35,,35.3,2.82,520.0,routed,78.0,network-estimate
8929aeb08cbffff,Bakersfield N 39,,31.8,2.54,1522.0,routed,108.0,approach-review
8929aeb08d3ffff,Bakersfield N 27,,34.0,2.72,0.0,routed,372.0,approach-review
8929aeb08d7ffff,Bakersfield N 33,,42.1,3.37,356.0,routed,198.0,approach-review
8929aeb08dbffff,Bakersfield N 31,,32.6,2.61,760.0,routed,263.0,approach-review
8929aeb0983ffff,Breakwater Apartments NE 29,,10.3,0.83,1123.0,routed,47.0,network-estimate
8929aeb0993ffff,Breakwater Apartments NE 28,,5.4,0.43,410.0,routed,128.0,approach-review
8929aeb099bffff,Breakwater Apartments NE 31,,13.1,1.05,711.0,routed,185.0,approach-review
8929aeb0ad3ffff,Bakersfield N 49,,49.1,3.93,464.0,routed,327.0,approach-review
8929aeb0c03ffff,Bakersfield NW 12,,7.2,0.58,1660.0,routed,25.0,network-estimate
8929aeb0c07ffff,Bakersfield NW 16,,23.6,1.89,417.0,routed,193.0,approach-review
8929aeb0c0bffff,Bakersfield N 12,,10.0,0.8,858.0,routed,3.0,network-estimate
8929aeb0c0fffff,Bakersfield NW 17,,18.2,1.46,1505.0,routed,43.0,network-estimate
8929aeb0c13ffff,Bakersfield NW 8,,5.6,0.45,1999.0,routed,128.0,approach-review
8929aeb0c17ffff,Bakersfield NW 13,,11.0,0.88,1218.0,routed,106.0,approach-review
8929aeb0c1bffff,Bakersfield NW 9,,3.2,0.25,1402.0,routed,99.0,network-estimate
8929aeb0c23ffff,Bakersfield NW 26,,29.3,2.34,592.0,routed,62.0,network-estimate
8929aeb0c27ffff,Bakersfield NW 32,,28.2,2.25,855.0,routed,173.0,approach-review
8929aeb0c2bffff,Bakersfield NW 27,,33.3,2.66,66.0,routed,121.0,approach-review
8929aeb0c2fffff,Bakersfield NW 31,,33.6,2.69,279.0,routed,190.0,approach-review
8929aeb0c33ffff,Bakersfield NW 21,,24.0,1.92,537.0,routed,54.0,network-estimate
8929aeb0c37ffff,Bakersfield NW 28,,23.6,1.89,338.0,routed,146.0,approach-review
8929aeb0c3bffff,Bakersfield NW 20,,29.2,2.33,0.0,routed,257.0,approach-review
8929aeb0c43ffff,Bakersfield N 11,,15.6,1.25,1462.0,routed,41.0,network-estimate
8929aeb0c47ffff,Bakersfield N 14,,11.8,0.94,430.0,routed,155.0,approach-review
8929aeb0c4bffff,Bakersfield N 15,,19.9,1.6,1725.0,routed,119.0,approach-review
8929aeb0c4fffff,Metropolitan Recreation Center SE,,19.0,1.52,1107.0,routed,81.0,network-estimate
8929aeb0c53ffff,Bakersfield N 8,,10.1,0.8,2475.0,routed,39.0,network-estimate
8929aeb0c57ffff,Bakersfield N 9,,7.8,0.62,1390.0,routed,22.0,network-estimate
8929aeb0c5bffff,Bakersfield N 10,,15.7,1.26,1323.0,routed,154.0,approach-review
8929aeb0c63ffff,Metropolitan Recreation Center W,,20.4,1.63,137.0,routed,307.0,approach-review
8929aeb0c67ffff,Bakersfield N 22,,38.5,3.08,4.0,routed,399.0,approach-review
8929aeb0c6bffff,Metropolitan Recreation Center N,,28.9,2.31,0.0,routed,205.0,approach-review
8929aeb0c6fffff,Bakersfield N 25,,35.4,2.84,20.0,routed,299.0,approach-review
8929aeb0c73ffff,Bakersfield N 16,,15.6,1.25,939.0,routed,49.0,network-estimate
8929aeb0c77ffff,Bakersfield NW 22,,18.5,1.48,80.0,routed,264.0,approach-review
8929aeb0c7bffff,Metropolitan Recreation Center,,25.3,2.02,383.0,routed,62.0,network-estimate
8929aeb0c83ffff,Bakersfield NW 7,,15.3,1.23,1739.0,routed,115.0,approach-review
8929aeb0c87ffff,Bakersfield NW 11,,16.3,1.3,843.0,routed,67.0,network-estimate
8929aeb0c8bffff,Bakersfield NW 6,,8.2,0.66,1014.0,routed,18.0,network-estimate
8929aeb0c8fffff,Bakersfield NW 10,,11.6,0.93,1343.0,routed,137.0,approach-review
8929aeb0c93ffff,Bakersfield W 6,,10.6,0.85,2044.0,routed,108.0,approach-review
8929aeb0c97ffff,Bakersfield W 9,,16.5,1.32,1770.0,routed,114.0,approach-review
8929aeb0c9bffff,Bakersfield NW 4,,9.5,0.76,2300.0,routed,68.0,network-estimate
8929aeb0ca3ffff,Bakersfield NW 19,,15.2,1.21,398.0,routed,47.0,network-estimate
8929aeb0ca7ffff,Bakersfield NW 25,,14.4,1.15,654.0,routed,37.0,network-estimate
8929aeb0cabffff,Bakersfield NW 18,,20.4,1.63,335.0,routed,96.0,network-estimate
8929aeb0cafffff,Bakersfield NW 24,,19.7,1.58,913.0,routed,70.0,network-estimate
8929aeb0cb3ffff,Bakersfield NW 15,,13.1,1.05,276.0,routed,99.0,network-estimate
8929aeb0cb7ffff,Bakersfield NW 23,,9.3,0.74,487.0,routed,17.0,network-estimate
8929aeb0cbbffff,Bakersfield NW 14,,18.7,1.5,565.0,routed,169.0,approach-review
8929aeb0cc3ffff,Bakersfield N 3,,6.8,0.54,1498.0,routed,36.0,network-estimate
8929aeb0cc7ffff,Bakersfield NW 5,,2.5,0.2,1500.0,routed,121.0,approach-review
8929aeb0ccbffff,Bakersfield N 5,,9.1,0.73,2251.0,routed,50.0,network-estimate
8929aeb0ccfffff,Bakersfield N 6,,3.7,0.29,1414.0,routed,30.0,network-estimate
8929aeb0cd3ffff,Bakersfield NW,,10.9,0.87,2105.0,routed,102.0,approach-review
8929aeb0cd7ffff,Bakersfield NW 3,,8.3,0.67,1733.0,routed,77.0,network-estimate
8929aeb0cdbffff,Bakersfield N 2,,9.4,0.75,1665.0,routed,39.0,network-estimate
8929aeb0d07ffff,Breakwater Apartments E 26,,10.2,0.82,0.0,routed,537.0,approach-review
8929aeb0d0fffff,Breakwater Apartments E 30,,42.2,3.38,0.0,routed,271.0,detour-review
8929aeb0d17ffff,Breakwater Apartments E 25,,28.1,2.25,0.0,routed,376.0,approach-review
8929aeb0d23ffff,Breakwater Apartments E 23,,1.8,0.15,1368.0,routed,55.0,network-estimate
8929aeb0d27ffff,Breakwater Apartments NE 25,,8.2,0.66,1247.0,routed,77.0,network-estimate
8929aeb0d2bffff,Breakwater Apartments E 28,,1.8,0.14,1099.0,routed,80.0,network-estimate
8929aeb0d2fffff,Breakwater Apartments NE 27,,3.9,0.31,882.0,routed,83.0,network-estimate
8929aeb0d33ffff,Breakwater Apartments E 22,,6.4,0.51,50.0,routed,245.0,approach-review
8929aeb0d37ffff,Breakwater Apartments E 19,,7.4,0.6,1940.0,routed,141.0,approach-review
8929aeb0d3bffff,Breakwater Apartments E 27,,4.8,0.39,0.0,routed,300.0,approach-review
8929aeb0d43ffff,Bakersfield NW 40,,32.8,2.63,920.0,routed,115.0,approach-review
8929aeb0d47ffff,Bakersfield NW 43,,36.4,2.91,705.0,routed,53.0,network-estimate
8929aeb0d4bffff,Bakersfield NW 39,,36.2,2.9,510.0,routed,147.0,approach-review
8929aeb0d4fffff,Bakersfield NW 42,,32.8,2.63,437.0,routed,179.0,approach-review
8929aeb0d53ffff,Bakersfield NW 38,,27.8,2.23,480.0,routed,96.0,network-estimate
8929aeb0d57ffff,Bakersfield NW 41,,34.4,2.75,364.0,routed,113.0,approach-review
8929aeb0d5bffff,Bakersfield NW 36,,33.1,2.65,477.0,routed,9.0,network-estimate
8929aeb0d63ffff,Breakwater Apartments E 33,,25.3,2.02,0.0,routed,260.0,approach-review
8929aeb0d67ffff,Breakwater Apartments NE 30,,7.1,0.56,67.0,routed,259.0,approach-review
8929aeb0d6bffff,Breakwater Apartments E 34,,25.1,2.01,333.0,routed,245.0,approach-review
8929aeb0d73ffff,Breakwater Apartments E 32,,41.1,3.29,424.0,routed,132.0,detour-review
8929aeb0d77ffff,Breakwater Apartments E 31,,6.7,0.54,0.0,routed,382.0,approach-review
8929aeb0d7bffff,Bakersfield NW 44,,28.9,2.31,558.0,routed,217.0,approach-review
8929aeb0da3ffff,Breakwater Apartments E 16,,15.9,1.28,944.0,routed,211.0,approach-review
8929aeb0da7ffff,San Lauren Park,,17.3,1.38,1230.0,routed,174.0,approach-review
8929aeb0dabffff,Breakwater Apartments E 21,,18.1,1.45,0.0,routed,380.0,approach-review
8929aeb0dafffff,Breakwater Apartments E 17,,11.3,0.9,789.0,routed,268.0,approach-review
8929aeb0db3ffff,Breakwater Apartments E 18,,20.9,1.67,815.0,routed,212.0,approach-review
8929aeb0db7ffff,Breakwater Apartments E 13,,20.8,1.66,1298.0,routed,43.0,network-estimate
8929aeb0dbbffff,Breakwater Apartments E 20,,21.6,1.73,0.0,routed,403.0,approach-review
8929aeb0dcbffff,Bakersfield NW 34,,23.4,1.87,1028.0,routed,65.0,network-estimate
8929aeb0ddbffff,Bakersfield NW 30,,18.6,1.49,953.0,routed,106.0,approach-review
8929aeb0e03ffff,Bakersfield N 30,,37.4,2.99,490.0,routed,187.0,approach-review
8929aeb0e07ffff,Bakersfield N 32,,40.3,3.23,559.0,routed,186.0,approach-review
8929aeb0e0bffff,Bakersfield NE 40,,37.2,2.98,825.0,routed,103.0,approach-review
8929aeb0e0fffff,Bakersfield N 37,,46.9,3.75,302.0,routed,143.0,approach-review
8929aeb0e13ffff,Bakersfield NE 29,,34.0,2.72,796.0,routed,143.0,approach-review
8929aeb0e17ffff,Bakersfield N 24,,37.5,3.0,1703.0,routed,44.0,network-estimate
8929aeb0e1bffff,Bakersfield NE 34,,33.7,2.7,286.0,routed,146.0,approach-review
8929aeb0e23ffff,Bakersfield N 40,,38.1,3.05,0.0,routed,380.0,approach-review
8929aeb0e27ffff,Bakersfield N 41,,32.9,2.64,651.0,routed,171.0,approach-review
8929aeb0e2bffff,Bakersfield N 44,,39.3,3.14,66.0,routed,154.0,approach-review
8929aeb0e2fffff,Bakersfield N 45,,34.7,2.78,734.0,routed,129.0,approach-review
8929aeb0e33ffff,Bakersfield N 34,,39.0,3.12,0.0,routed,291.0,approach-review
8929aeb0e37ffff,Bakersfield N 36,,36.5,2.92,0.0,routed,382.0,approach-review
8929aeb0e3bffff,Bakersfield N 38,,45.9,3.67,0.0,routed,187.0,approach-review
8929aeb0e47ffff,Bakersfield NE 44,,32.4,2.59,1113.0,routed,85.0,network-estimate
8929aeb0e4bffff,Bakersfield NE 49,,25.2,2.02,1738.0,routed,104.0,approach-review
8929aeb0e4fffff,Bakersfield NE 48,,27.5,2.2,710.0,routed,140.0,approach-review
8929aeb0e57ffff,Bakersfield NE 41,,31.5,2.52,1295.0,routed,52.0,network-estimate
8929aeb0e63ffff,Bakersfield N 46,,54.1,4.33,662.0,routed,95.0,network-estimate
8929aeb0e67ffff,Bakersfield N 47,,42.2,3.37,0.0,routed,191.0,approach-review
8929aeb0e6bffff,Bakersfield NE 53,,59.4,4.75,188.0,routed,252.0,approach-review
8929aeb0e6fffff,Bakersfield N 48,,44.4,3.55,372.0,routed,98.0,network-estimate
8929aeb0e73ffff,Bakersfield N 42,,49.4,3.95,455.0,routed,110.0,approach-review
8929aeb0e77ffff,Bakersfield N 43,,47.7,3.82,412.0,routed,197.0,approach-review
8929aeb0e7bffff,Bakersfield NE 46,,60.1,4.81,440.0,routed,104.0,approach-review
8929aeb0e83ffff,Bakersfield NE 17,,29.0,2.32,1227.0,routed,67.0,network-estimate
8929aeb0e87ffff,Bakersfield N 17,,26.1,2.09,947.0,routed,117.0,approach-review
8929aeb0e8bffff,Bakersfield NE 23,,29.7,2.37,0.0,routed,32.0,network-estimate
8929aeb0e8fffff,Bakersfield N 19,,32.6,2.61,1126.0,routed,43.0,network-estimate
8929aeb0e93ffff,Bakersfield NE 13,,23.4,1.87,1383.0,routed,96.0,network-estimate
8929aeb0e97ffff,Bakersfield N 13,,22.7,1.82,1837.0,routed,88.0,network-estimate
8929aeb0e9bffff,Bakersfield NE 18,,25.8,2.07,770.0,routed,80.0,network-estimate
8929aeb0ea3ffff,Bakersfield N 21,,29.2,2.34,1323.0,routed,85.0,network-estimate
8929aeb0ea7ffff,Bakersfield N 23,,28.1,2.25,793.0,routed,172.0,approach-review
8929aeb0eabffff,Bakersfield N 26,,35.4,2.83,2523.0,routed,108.0,approach-review
8929aeb0eafffff,Bakersfield N 28,,33.1,2.64,162.0,routed,210.0,approach-review
8929aeb0eb3ffff,Bakersfield N 18,,24.3,1.94,1273.0,routed,87.0,network-estimate
8929aeb0eb7ffff,Metropolitan Recreation Center E,,24.0,1.92,1183.0,routed,52.0,network-estimate
8929aeb0ebbffff,Bakersfield N 20,,30.8,2.46,1107.0,routed,63.0,network-estimate
8929aeb0ec3ffff,Bakersfield NE 31,,22.4,1.79,1647.0,routed,14.0,network-estimate
8929aeb0ec7ffff,Bakersfield NE 30,,29.9,2.39,1158.0,routed,119.0,approach-review
8929aeb0ecfffff,Bakersfield NE 37,,27.3,2.18,1442.0,routed,13.0,network-estimate
8929aeb0ed3ffff,Bakersfield NE 26,,18.0,1.44,1711.0,routed,103.0,approach-review
8929aeb0ed7ffff,Bakersfield NE 24,,26.6,2.13,853.0,routed,94.0,network-estimate
8929aeb0edbffff,Bakersfield NE 33,,18.3,1.47,1562.0,routed,106.0,approach-review
8929aeb1003ffff,Crestview Meadows,,18.5,1.48,1543.0,routed,139.0,approach-review
8929aeb1007ffff,Crestview Meadows NW,,16.6,1.33,537.0,routed,268.0,approach-review
8929aeb100bffff,Crestview Meadows NE,,22.7,1.82,14.0,routed,326.0,approach-review
8929aeb100fffff,Crestview Meadows N,,23.1,1.84,257.0,routed,220.0,approach-review
8929aeb1013ffff,Crestview Meadows S,,13.9,1.11,1382.0,routed,90.0,network-estimate
8929aeb1017ffff,Crestview Meadows SW,,13.2,1.05,2428.0,routed,109.0,approach-review
8929aeb101bffff,Crestview Meadows SE,,18.6,1.49,29.0,routed,96.0,network-estimate
8929aeb1023ffff,Crestview Meadows NW 5,,17.5,1.4,365.0,routed,587.0,approach-review
8929aeb1027ffff,Crestview Meadows NW 8,,30.0,2.4,0.0,routed,404.0,approach-review
8929aeb102bffff,Crestview Meadows NW 4,,29.8,2.39,0.0,routed,392.0,approach-review
8929aeb102fffff,Crestview Meadows NW 7,,25.6,2.05,493.0,routed,57.0,network-estimate
8929aeb1033ffff,Crestview Meadows NW 3,,14.3,1.14,529.0,routed,252.0,approach-review
8929aeb1037ffff,Crestview Meadows NW 6,,13.0,1.04,0.0,routed,423.0,approach-review
8929aeb103bffff,Crestview Meadows NW 2,,19.4,1.55,0.0,routed,443.0,approach-review
8929aeb1043ffff,Crestview Meadows E 2,,27.9,2.23,0.0,routed,394.0,approach-review
8929aeb1047ffff,Crestview Meadows NE 2,,27.0,2.16,0.0,routed,315.0,approach-review
8929aeb104bffff,Crestview Meadows NE 6,,32.9,2.64,0.0,routed,630.0,approach-review
8929aeb104fffff,Crestview Meadows NE 4,,31.0,2.48,0.0,routed,474.0,approach-review
8929aeb1053ffff,Crestview Meadows E,,27.4,2.19,0.0,routed,431.0,approach-review
8929aeb105bffff,Crestview Meadows E 3,,31.5,2.52,0.0,routed,719.0,approach-review
8929aeb1063ffff,Crestview Meadows N 4,,32.8,2.62,0.0,routed,753.0,approach-review
8929aeb1067ffff,Crestview Meadows N 5,,32.9,2.63,0.0,routed,638.0,approach-review
8929aeb106bffff,Crestview Meadows NE 5,,55.6,4.45,0.0,routed,474.0,approach-review
8929aeb106fffff,Crestview Meadows N 6,,54.4,4.35,0.0,routed,717.0,approach-review
8929aeb1073ffff,Crestview Meadows N 2,,26.9,2.15,0.0,routed,522.0,approach-review
8929aeb1077ffff,Crestview Meadows N 3,,27.2,2.18,0.0,routed,555.0,approach-review
8929aeb107bffff,Crestview Meadows NE 3,,32.1,2.57,0.0,routed,561.0,approach-review
8929aeb10a3ffff,Crestview Meadows W 3,,5.3,0.42,1150.0,routed,107.0,approach-review
8929aeb10a7ffff,Crestview Meadows W 4,,7.5,0.6,424.0,routed,240.0,approach-review
8929aeb10abffff,Crestview Meadows W,,11.2,0.9,1163.0,routed,24.0,network-estimate
8929aeb10afffff,Crestview Meadows W 2,,9.1,0.73,1283.0,routed,110.0,approach-review
8929aeb10b3ffff,Crestview Meadows SW 2,,1.5,0.12,734.0,routed,70.0,network-estimate
8929aeb10b7ffff,Crestview Meadows W 6,,3.6,0.28,870.0,routed,214.0,approach-review
8929aeb10cbffff,Crestview Meadows SE 2,,26.8,2.15,0.0,routed,341.0,approach-review
8929aeb10dbffff,Crestview Meadows SE 3,,27.0,2.16,0.0,routed,355.0,approach-review
8929aeb1103ffff,Crestview Meadows NW 26,,31.5,2.52,1150.0,routed,147.0,approach-review
8929aeb110bffff,Crestview Meadows NW 22,,27.1,2.17,1973.0,routed,102.0,approach-review
8929aeb110fffff,Crestview Meadows NW 28,,25.6,2.05,410.0,routed,244.0,approach-review
8929aeb1113ffff,Crestview Meadows W 15,,34.1,2.73,857.0,routed,139.0,approach-review
8929aeb111bffff,Crestview Meadows NW 18,,31.3,2.51,1959.0,routed,96.0,network-estimate
8929aeb1123ffff,Crestview Meadows NW 43,,30.4,2.43,1176.0,routed,123.0,approach-review
8929aeb1127ffff,Crestview Meadows NW 53,,33.7,2.7,1618.0,routed,142.0,approach-review
8929aeb112bffff,Crestview Meadows NW 40,,27.6,2.21,465.0,routed,173.0,approach-review
8929aeb112fffff,Crestview Meadows NW 48,,26.7,2.14,1073.0,routed,86.0,network-estimate
8929aeb1133ffff,Crestview Meadows NW 39,,32.8,2.63,0.0,routed,343.0,approach-review
8929aeb1137ffff,Crestview Meadows NW 47,,35.6,2.85,473.0,routed,166.0,approach-review
8929aeb113bffff,Crestview Meadows NW 34,,27.2,2.18,704.0,routed,190.0,approach-review
8929aeb1143ffff,Crestview Meadows NW 16,,36.5,2.92,244.0,routed,284.0,approach-review
8929aeb1147ffff,Crestview Meadows NW 21,,31.0,2.48,317.0,routed,97.0,network-estimate
8929aeb114bffff,Crestview Meadows NW 14,,35.1,2.81,89.0,routed,178.0,approach-review
8929aeb114fffff,Crestview Meadows NW 20,,30.9,2.47,303.0,routed,113.0,approach-review
8929aeb1153ffff,Crestview Meadows NW 12,,38.3,3.07,201.0,routed,467.0,approach-review
8929aeb1157ffff,Crestview Meadows NW 17,,33.2,2.65,737.0,routed,218.0,approach-review
8929aeb115bffff,Crestview Meadows NW 11,,33.9,2.71,0.0,routed,156.0,approach-review
8929aeb1163ffff,Crestview Meadows NW 32,,18.7,1.5,1435.0,routed,105.0,approach-review
8929aeb1167ffff,Crestview Meadows NW 38,,16.6,1.33,892.0,routed,129.0,approach-review
8929aeb116bffff,Crestview Meadows NW 30,,21.3,1.7,1471.0,routed,107.0,approach-review
8929aeb116fffff,Crestview Meadows NW 37,,15.7,1.25,1446.0,routed,156.0,approach-review
8929aeb1173ffff,Crestview Meadows NW 27,,23.0,1.84,945.0,routed,159.0,approach-review
8929aeb1177ffff,Crestview Meadows NW 33,,22.1,1.77,1270.0,routed,39.0,network-estimate
8929aeb117bffff,Crestview Meadows NW 25,,25.1,2.01,1068.0,routed,63.0,network-estimate
8929aeb1183ffff,Crestview Meadows W 17,,28.6,2.29,1726.0,routed,24.0,network-estimate
8929aeb1187ffff,Crestview Meadows W 21,,33.1,2.65,1233.0,routed,198.0,approach-review
8929aeb118bffff,Crestview Meadows W 14,,26.2,2.1,935.0,routed,165.0,approach-review
8929aeb118fffff,Crestview Meadows W 18,,31.6,2.53,1033.0,routed,202.0,approach-review
8929aeb1193ffff,Crestview Meadows W 16,,26.1,2.09,1211.0,routed,228.0,approach-review
8929aeb1197ffff,Crestview Meadows W 19,,32.5,2.6,1473.0,routed,150.0,approach-review
8929aeb119bffff,Crestview Meadows W 12,,24.4,1.95,1872.0,routed,131.0,approach-review
8929aeb11a7ffff,Crestview Meadows W 22,,50.9,4.07,1048.0,routed,202.0,approach-review
8929aeb11c3ffff,Crestview Meadows W 9,,21.1,1.69,0.0,routed,87.0,network-estimate
8929aeb11c7ffff,Crestview Meadows W 11,,29.9,2.39,1252.0,routed,42.0,network-estimate
8929aeb11cbffff,Crestview Meadows NW 9,,25.9,2.07,0.0,routed,427.0,approach-review
8929aeb11cfffff,Crestview Meadows NW 13,,34.0,2.72,463.0,routed,248.0,approach-review
8929aeb11d3ffff,Crestview Meadows W 7,,18.4,1.47,730.0,routed,169.0,approach-review
8929aeb11d7ffff,Crestview Meadows W 10,,20.4,1.63,924.0,routed,97.0,network-estimate
8929aeb11dbffff,Crestview Meadows W 5,,11.6,0.93,0.0,routed,310.0,approach-review
8929aeb1203ffff,Crestview Meadows NE 23,,49.7,3.97,1283.0,routed,153.0,approach-review
8929aeb1207ffff,Crestview Meadows NE 21,,49.4,3.96,0.0,routed,252.0,approach-review
8929aeb120bffff,Crestview Meadows NE 30,,57.0,4.56,283.0,routed,65.0,network-estimate
8929aeb120fffff,Crestview Meadows NE 27,,52.6,4.2,181.0,routed,42.0,network-estimate
8929aeb1213ffff,Crestview Meadows NE 20,,49.5,3.96,1620.0,routed,90.0,network-estimate
8929aeb1217ffff,Crestview Meadows NE 17,,44.5,3.56,859.0,routed,92.0,network-estimate
8929aeb121bffff,Crestview Meadows NE 26,,56.4,4.51,499.0,routed,160.0,approach-review
8929aeb1223ffff,Crestview Meadows NE 24,,56.3,4.5,1722.0,routed,82.0,network-estimate
8929aeb1227ffff,Crestview Meadows NE 22,,60.0,4.8,1249.0,routed,157.0,approach-review
8929aeb122bffff,Crestview Meadows NE 29,,60.7,4.85,1552.0,routed,125.0,approach-review
8929aeb122fffff,Crestview Meadows NE 28,,60.9,4.87,2071.0,routed,80.0,network-estimate
8929aeb1233ffff,Crestview Meadows NE 19,,50.5,4.04,477.0,routed,66.0,network-estimate
8929aeb1237ffff,Crestview Meadows NE 18,,53.0,4.24,0.0,routed,276.0,approach-review
8929aeb123bffff,Crestview Meadows NE 25,,58.1,4.65,0.0,routed,118.0,approach-review
8929aeb1243ffff,Crestview Meadows NE 41,,82.8,6.62,0.0,routed,500.0,approach-review
8929aeb1247ffff,Crestview Meadows NE 38,,60.2,4.81,0.0,routed,345.0,approach-review
8929aeb124bffff,Crestview Meadows NE 51,,80.0,6.4,147.0,routed,108.0,approach-review
8929aeb124fffff,Crestview Meadows NE 46,,65.5,5.24,0.0,routed,397.0,approach-review
8929aeb1253ffff,Crestview Meadows NE 39,,62.0,4.96,0.0,routed,647.0,approach-review
8929aeb1257ffff,Crestview Meadows NE 33,,58.8,4.7,0.0,routed,305.0,approach-review
8929aeb125bffff,Crestview Meadows NE 47,,84.3,6.74,0.0,routed,406.0,approach-review
8929aeb1263ffff,Crestview Meadows NE 40,,62.4,4.99,305.0,routed,409.0,approach-review
8929aeb1267ffff,Crestview Meadows NE 37,,72.1,5.77,255.0,routed,258.0,approach-review
8929aeb126bffff,Crestview Meadows NE 48,,66.3,5.31,0.0,routed,461.0,approach-review
8929aeb126fffff,Crestview Meadows NE 45,,78.1,6.25,865.0,routed,240.0,approach-review
8929aeb1273ffff,Crestview Meadows NE 34,,57.4,4.59,68.0,routed,226.0,approach-review
8929aeb1277ffff,Crestview Meadows NE 32,,57.2,4.57,0.0,routed,264.0,approach-review
8929aeb127bffff,Crestview Meadows NE 42,,61.7,4.94,184.0,routed,502.0,approach-review
8929aeb1283ffff,Crestview Meadows E 10,,54.0,4.32,0.0,routed,344.0,approach-review
8929aeb1287ffff,Crestview Meadows NE 10,,44.1,3.52,0.0,routed,343.0,approach-review
8929aeb128bffff,Crestview Meadows E 15,,52.8,4.22,863.0,routed,160.0,approach-review
8929aeb128fffff,Crestview Meadows NE 15,,48.1,3.85,415.0,routed,230.0,approach-review
8929aeb1293ffff,Crestview Meadows E 8,,58.4,4.67,0.0,routed,696.0,approach-review
8929aeb1297ffff,Crestview Meadows E 6,,48.6,3.89,0.0,routed,707.0,approach-review
8929aeb129bffff,Crestview Meadows E 13,,56.4,4.51,0.0,routed,407.0,approach-review
8929aeb12a3ffff,Crestview Meadows NE 11,,45.4,3.63,516.0,routed,178.0,approach-review
8929aeb12a7ffff,Crestview Meadows NE 9,,51.3,4.11,512.0,routed,190.0,approach-review
8929aeb12abffff,Crestview Meadows NE 16,,47.8,3.82,523.0,routed,87.0,network-estimate
8929aeb12afffff,Crestview Meadows NE 14,,49.9,3.99,1703.0,routed,151.0,approach-review
8929aeb12b3ffff,Crestview Meadows NE 8,,44.5,3.56,165.0,routed,375.0,approach-review
8929aeb12b7ffff,Crestview Meadows NE 7,,52.9,4.24,313.0,routed,261.0,approach-review
8929aeb12bbffff,Crestview Meadows NE 12,,40.1,3.21,234.0,routed,27.0,network-estimate
8929aeb12c3ffff,Crestview Meadows E 24,,58.6,4.69,0.0,routed,425.0,approach-review
8929aeb12c7ffff,Crestview Meadows E 21,,54.5,4.36,959.0,routed,141.0,approach-review
8929aeb12cbffff,Crestview Meadows E 27,,61.3,4.91,0.0,routed,639.0,approach-review
8929aeb12cfffff,Crestview Meadows NE 31,,57.4,4.59,0.0,routed,323.0,approach-review
8929aeb12d3ffff,Crestview Meadows E 23,,62.1,4.97,0.0,routed,659.0,approach-review
8929aeb12d7ffff,Crestview Meadows E 19,,57.5,4.6,25.0,routed,374.0,approach-review
8929aeb12dbffff,Crestview Meadows E 26,,63.1,5.05,0.0,routed,781.0,approach-review
8929aeb1303ffff,Crestview Meadows N 22,,44.9,3.59,0.0,routed,338.0,approach-review
8929aeb1307ffff,Crestview Meadows N 26,,37.0,2.96,0.0,routed,401.0,approach-review
8929aeb130bffff,Crestview Meadows N 27,,66.7,5.34,962.0,routed,168.0,approach-review
8929aeb130fffff,Crestview Meadows N 30,,67.4,5.39,0.0,routed,223.0,approach-review
8929aeb1313ffff,Crestview Meadows N 16,,42.2,3.38,1018.0,routed,181.0,approach-review
8929aeb1317ffff,Crestview Meadows N 20,,38.8,3.11,366.0,routed,261.0,approach-review
8929aeb131bffff,Crestview Meadows N 21,,46.7,3.74,0.0,routed,396.0,approach-review
8929aeb1323ffff,Crestview Meadows N 39,,38.7,3.1,365.0,routed,581.0,approach-review
8929aeb1327ffff,Crestview Meadows N 45,,42.0,3.36,0.0,routed,563.0,approach-review
8929aeb132bffff,Crestview Meadows N 41,,56.2,4.5,403.0,routed,356.0,approach-review
8929aeb132fffff,Crestview Meadows N 48,,50.5,4.04,80.0,routed,604.0,approach-review
8929aeb1333ffff,Crestview Meadows N 31,,34.9,2.79,556.0,routed,320.0,approach-review
8929aeb1337ffff,Crestview Meadows N 36,,35.6,2.85,0.0,routed,403.0,approach-review
8929aeb133bffff,Crestview Meadows N 33,,39.9,3.19,0.0,routed,567.0,approach-review
8929aeb1343ffff,Crestview Meadows N 29,,69.2,5.54,792.0,routed,178.0,approach-review
8929aeb1347ffff,Crestview Meadows N 32,,68.2,5.46,629.0,routed,274.0,approach-review
8929aeb134bffff,Crestview Meadows N 35,,73.4,5.87,2142.0,routed,82.0,network-estimate
8929aeb134fffff,Crestview Meadows N 37,,67.2,5.37,1742.0,routed,127.0,approach-review
8929aeb1353ffff,Crestview Meadows N 23,,65.2,5.21,763.0,routed,166.0,approach-review
8929aeb1357ffff,Crestview Meadows N 25,,70.9,5.67,0.0,routed,410.0,approach-review
8929aeb135bffff,Crestview Meadows N 28,,64.3,5.14,1753.0,routed,176.0,approach-review
8929aeb1363ffff,Crestview Meadows N 42,,55.3,4.42,1052.0,routed,28.0,network-estimate
8929aeb1367ffff,Crestview Meadows N 47,,54.1,4.33,208.0,routed,184.0,approach-review
8929aeb136bffff,Crestview Meadows N 49,,61.5,4.92,19.0,routed,220.0,approach-review
8929aeb136fffff,Crestview Meadows N 52,,59.6,4.77,0.0,routed,369.0,approach-review
8929aeb1373ffff,Crestview Meadows N 34,,61.3,4.9,1563.0,routed,198.0,approach-review
8929aeb1377ffff,Crestview Meadows N 38,,54.2,4.33,9.0,routed,188.0,approach-review
8929aeb137bffff,Crestview Meadows N 40,,60.8,4.86,2128.0,routed,106.0,approach-review
8929aeb1383ffff,Crestview Meadows N 11,,32.7,2.62,52.0,routed,403.0,approach-review
8929aeb1387ffff,Crestview Meadows NW 15,,38.5,3.08,754.0,routed,217.0,approach-review
8929aeb138bffff,Crestview Meadows N 12,,46.2,3.69,632.0,routed,250.0,approach-review
8929aeb138fffff,Crestview Meadows N 14,,40.2,3.21,1111.0,routed,158.0,approach-review
8929aeb1393ffff,Crestview Meadows N 7,,29.2,2.34,0.0,routed,346.0,approach-review
8929aeb1397ffff,Crestview Meadows NW 10,,28.9,2.31,740.0,routed,92.0,network-estimate
8929aeb139bffff,Crestview Meadows N 8,,49.4,3.95,0.0,routed,508.0,approach-review
8929aeb13a3ffff,Crestview Meadows NW 24,,28.9,2.31,1247.0,routed,130.0,approach-review
8929aeb13a7ffff,Crestview Meadows NW 29,,24.6,1.97,728.0,routed,93.0,network-estimate
8929aeb13abffff,Crestview Meadows N 24,,31.8,2.54,682.0,routed,172.0,approach-review
8929aeb13afffff,Crestview Meadows NW 31,,31.2,2.5,1268.0,routed,105.0,approach-review
8929aeb13b3ffff,Crestview Meadows NW 19,,35.3,2.82,750.0,routed,79.0,network-estimate
8929aeb13b7ffff,Crestview Meadows NW 23,,28.1,2.25,665.0,routed,73.0,network-estimate
8929aeb13bbffff,Crestview Meadows N 18,,35.5,2.84,1659.0,routed,60.0,network-estimate
8929aeb13c3ffff,Crestview Meadows N 13,,51.6,4.13,0.0,routed,609.0,approach-review
8929aeb13c7ffff,Crestview Meadows N 15,,46.9,3.76,227.0,routed,318.0,approach-review
8929aeb13cbffff,Crestview Meadows N 17,,58.0,4.64,0.0,routed,524.0,approach-review
8929aeb13cfffff,Crestview Meadows N 19,,50.1,4.01,0.0,routed,491.0,approach-review
8929aeb13d3ffff,Crestview Meadows N 9,,55.8,4.47,0.0,routed,552.0,approach-review
8929aeb13d7ffff,Crestview Meadows N 10,,50.7,4.06,0.0,routed,515.0,approach-review
8929aeb13dbffff,Crestview Meadows NE 13,,53.6,4.29,0.0,routed,401.0,approach-review
8929aeb152fffff,Crestview Meadows W 20,,27.8,2.23,1193.0,routed,133.0,approach-review
8929aeb1567ffff,Crestview Meadows W 13,,20.9,1.67,1811.0,routed,49.0,network-estimate
8929aeb156bffff,Crestview Meadows W 8,,11.5,0.92,815.0,routed,128.0,approach-review
8929aeb157bffff,Crestview Meadows SW 3,,9.1,0.73,1297.0,routed,113.0,approach-review
8929aeb1603ffff,Crestview Meadows SE 15,,69.7,5.57,0.0,routed,647.0,approach-review
8929aeb1607ffff,Crestview Meadows SE 11,,50.8,4.07,0.0,routed,950.0,approach-review
8929aeb160bffff,Crestview Meadows E 22,,73.7,5.9,0.0,routed,632.0,approach-review
8929aeb160fffff,Crestview Meadows E 16,,74.0,5.92,0.0,routed,998.0,approach-review
8929aeb1613ffff,Crestview Meadows SE 16,,65.6,5.25,0.0,routed,327.0,approach-review
8929aeb1617ffff,Crestview Meadows SE 14,,64.2,5.13,0.0,routed,764.0,approach-review
8929aeb161bffff,Crestview Meadows SE 17,,71.0,5.68,0.0,routed,413.0,approach-review
8929aeb1623ffff,Crestview Meadows E 7,,34.5,2.76,0.0,routed,951.0,approach-review
8929aeb1627ffff,Crestview Meadows E 4,,31.5,2.52,0.0,routed,712.0,approach-review
8929aeb162bffff,Crestview Meadows E 9,,62.9,5.03,0.0,routed,1056.0,approach-review
8929aeb162fffff,Crestview Meadows E 5,,35.8,2.86,0.0,routed,968.0,approach-review
8929aeb1633ffff,Crestview Meadows SE 7,,34.4,2.75,0.0,routed,949.0,approach-review
8929aeb1637ffff,Crestview Meadows SE 4,,30.2,2.42,0.0,routed,614.0,approach-review
8929aeb163bffff,Crestview Meadows E 11,,53.8,4.3,0.0,routed,1185.0,approach-review
8929aeb1663ffff,Crestview Meadows E 18,,68.3,5.47,0.0,routed,886.0,approach-review
8929aeb1667ffff,Crestview Meadows E 12,,60.7,4.86,0.0,routed,748.0,approach-review
8929aeb166fffff,Crestview Meadows E 17,,61.0,4.88,0.0,routed,679.0,approach-review
8929aeb1673ffff,Crestview Meadows E 20,,82.2,6.58,0.0,routed,759.0,approach-review
8929aeb1677ffff,Crestview Meadows E 14,,67.5,5.4,0.0,routed,1084.0,approach-review
8929aeb16a3ffff,Crestview Meadows SE 9,,40.9,3.28,0.0,routed,348.0,approach-review
8929aeb16a7ffff,Crestview Meadows SE 5,,35.7,2.86,156.0,routed,261.0,approach-review
8929aeb16abffff,Crestview Meadows SE 10,,45.5,3.64,0.0,routed,714.0,approach-review
8929aeb16afffff,Crestview Meadows SE 6,,34.1,2.73,0.0,routed,633.0,approach-review
8929aeb16b3ffff,Crestview Meadows SE 12,,42.7,3.41,0.0,routed,298.0,approach-review
8929aeb16b7ffff,Crestview Meadows SE 8,,37.8,3.02,391.0,routed,95.0,network-estimate
8929aeb16bbffff,Crestview Meadows SE 13,,45.1,3.61,0.0,routed,491.0,approach-review
8929aeb1803ffff,Crestview Meadows NW 134,,35.3,2.83,0.0,routed,657.0,approach-review
8929aeb1807ffff,Crestview Meadows NW 137,,53.4,4.27,437.0,routed,472.0,approach-review
8929aeb1817ffff,Crestview Meadows NW 136,,48.9,3.91,0.0,routed,510.0,approach-review
8929aeb1833ffff,Crestview Meadows NW 141,,53.9,4.31,355.0,routed,509.0,approach-review
8929aeb1853ffff,Crestview Meadows NW 122,,27.2,2.18,271.0,routed,309.0,approach-review
8929aeb185bffff,Crestview Meadows NW 120,,26.1,2.09,115.0,routed,595.0,approach-review
8929aeb1883ffff,Crestview Meadows NW 129,,23.6,1.89,286.0,routed,316.0,approach-review
8929aeb188bffff,Crestview Meadows NW 128,,35.4,2.83,508.0,routed,200.0,approach-review
8929aeb1893ffff,Crestview Meadows NW 126,,19.6,1.57,970.0,routed,79.0,network-estimate
8929aeb1897ffff,Crestview Meadows NW 132,,19.2,1.53,307.0,routed,301.0,approach-review
8929aeb189bffff,Crestview Meadows NW 119,,24.9,1.99,0.0,routed,414.0,approach-review
8929aeb18a3ffff,Crestview Meadows NW 139,,51.4,4.11,364.0,routed,309.0,approach-review
8929aeb18a7ffff,Bakersfield NE 107,,55.5,4.44,0.0,routed,636.0,approach-review
8929aeb18abffff,Crestview Meadows NW 138,,49.3,3.95,0.0,routed,145.0,approach-review
8929aeb18afffff,Crestview Meadows NW 142,,53.0,4.24,583.0,routed,440.0,approach-review
8929aeb18c3ffff,Crestview Meadows NW 114,,27.2,2.17,120.0,routed,284.0,approach-review
8929aeb18c7ffff,Crestview Meadows NW 127,,29.5,2.36,673.0,routed,465.0,approach-review
8929aeb18cbffff,Crestview Meadows NW 111,,22.3,1.78,578.0,routed,269.0,approach-review
8929aeb18cfffff,Crestview Meadows NW 124,,25.9,2.08,676.0,routed,184.0,approach-review
8929aeb18d3ffff,Crestview Meadows NW 104,,32.3,2.58,0.0,routed,561.0,approach-review
8929aeb18d7ffff,Crestview Meadows NW 117,,31.7,2.54,93.0,routed,517.0,approach-review
8929aeb18dbffff,Crestview Meadows NW 101,,21.9,1.75,0.0,routed,473.0,approach-review
8929aeb19d3ffff,Bakersfield NE 106,,56.3,4.5,0.0,routed,612.0,approach-review
8929aeb19dbffff,Bakersfield NE 108,,62.3,4.99,405.0,routed,313.0,approach-review
8929aeb1a03ffff,Crestview Meadows NW 135,,106.6,8.53,382.0,routed,448.0,approach-review
8929aeb1a0bffff,Crestview Meadows N 143,,79.1,6.32,0.0,routed,544.0,approach-review
8929aeb1a0fffff,Crestview Meadows N 146,,107.6,8.61,339.0,routed,445.0,approach-review
8929aeb1a13ffff,Crestview Meadows NW 130,,104.8,8.38,469.0,routed,436.0,detour-review
8929aeb1a1bffff,Crestview Meadows N 137,,77.5,6.2,0.0,routed,417.0,approach-review
8929aeb1a2bffff,Crestview Meadows NW 143,,111.1,8.89,724.0,routed,607.0,approach-review
8929aeb1a3bffff,Crestview Meadows NW 140,,105.8,8.46,739.0,routed,371.0,approach-review
8929aeb1a43ffff,Crestview Meadows N 141,,77.6,6.21,0.0,routed,430.0,approach-review
8929aeb1a47ffff,Crestview Meadows N 144,,79.1,6.33,0.0,routed,551.0,approach-review
8929aeb1a4bffff,Crestview Meadows N 142,,80.6,6.45,0.0,routed,284.0,approach-review
8929aeb1a4fffff,Crestview Meadows N 145,,83.5,6.68,0.0,routed,519.0,approach-review
8929aeb1a53ffff,Crestview Meadows N 132,,73.3,5.86,0.0,routed,538.0,approach-review
8929aeb1a57ffff,Crestview Meadows N 138,,74.8,5.98,0.0,routed,204.0,approach-review
8929aeb1a5bffff,Crestview Meadows N 136,,75.1,6.01,0.0,routed,683.0,approach-review
8929aeb1a63ffff,Crestview Meadows N 150,,133.9,10.71,0.0,routed,581.0,approach-review
8929aeb1a67ffff,Crestview Meadows N 152,,129.6,10.37,354.0,routed,391.0,approach-review
8929aeb1a6bffff,Crestview Meadows N 151,,108.3,8.67,379.0,routed,470.0,approach-review
8929aeb1a73ffff,Crestview Meadows N 147,,82.6,6.61,0.0,routed,827.0,approach-review
8929aeb1a77ffff,Crestview Meadows N 149,,110.7,8.85,0.0,routed,687.0,approach-review
8929aeb1a7bffff,Crestview Meadows N 148,,107.2,8.58,0.0,routed,453.0,approach-review
8929aeb1a8bffff,Crestview Meadows NW 125,,37.5,3.0,408.0,straightline,546.0,detour-review
8929aeb1a93ffff,Crestview Meadows NW 110,,28.5,2.28,145.0,routed,677.0,approach-review
8929aeb1a97ffff,Crestview Meadows NW 121,,28.8,2.31,392.0,routed,534.0,approach-review
8929aeb1a9bffff,Crestview Meadows NW 112,,48.1,3.85,0.0,routed,573.0,approach-review
8929aeb1ac3ffff,Crestview Meadows N 118,,65.7,5.26,0.0,routed,1103.0,approach-review
8929aeb1ac7ffff,Crestview Meadows N 127,,79.3,6.34,0.0,routed,563.0,approach-review
8929aeb1acbffff,Crestview Meadows N 122,,69.9,5.59,0.0,routed,262.0,approach-review
8929aeb1acfffff,Crestview Meadows N 129,,74.4,5.95,0.0,routed,624.0,approach-review
8929aeb1ad3ffff,Crestview Meadows N 104,,60.0,4.8,0.0,routed,955.0,approach-review
8929aeb1ad7ffff,Crestview Meadows NW 115,,52.1,4.17,0.0,routed,894.0,approach-review
8929aeb1adbffff,Crestview Meadows N 108,,62.2,4.98,0.0,routed,1130.0,approach-review
8929aeb1c03ffff,Crestview Meadows NW 91,,29.5,2.36,1103.0,routed,159.0,approach-review
8929aeb1c07ffff,Crestview Meadows NW 103,,23.4,1.87,1587.0,routed,171.0,approach-review
8929aeb1c0bffff,Crestview Meadows NW 84,,31.6,2.53,1799.0,routed,90.0,network-estimate
8929aeb1c0fffff,Crestview Meadows NW 95,,26.6,2.13,1552.0,routed,153.0,approach-review
8929aeb1c13ffff,Crestview Meadows W 34,,33.9,2.71,1832.0,routed,154.0,approach-review
8929aeb1c17ffff,Crestview Meadows W 40,,28.4,2.27,1485.0,routed,158.0,approach-review
8929aeb1c1bffff,Crestview Meadows NW 79,,35.1,2.81,1995.0,routed,145.0,approach-review
8929aeb1c23ffff,Crestview Meadows NW 123,,16.2,1.29,1766.0,routed,144.0,approach-review
8929aeb1c27ffff,Crestview Meadows NW 131,,10.5,0.84,1925.0,routed,59.0,network-estimate
8929aeb1c2bffff,Crestview Meadows NW 118,,18.8,1.5,1625.0,routed,138.0,approach-review
8929aeb1c2fffff,College Park,,15.5,1.24,1658.0,routed,42.0,network-estimate
8929aeb1c33ffff,Crestview Meadows NW 116,,18.6,1.49,1592.0,routed,112.0,approach-review
8929aeb1c37ffff,Bakersfield NE 98,,13.5,1.08,1023.0,routed,64.0,network-estimate
8929aeb1c3bffff,Crestview Meadows NW 108,,21.1,1.69,1614.0,routed,203.0,approach-review
8929aeb1c43ffff,Crestview Meadows NW 69,,33.4,2.68,1248.0,routed,108.0,approach-review
8929aeb1c47ffff,Crestview Meadows NW 80,,34.9,2.79,1641.0,routed,110.0,approach-review
8929aeb1c4bffff,Crestview Meadows NW 64,,29.8,2.38,1782.0,routed,126.0,detour-review
8929aeb1c4fffff,Crestview Meadows NW 74,,36.1,2.89,1649.0,routed,47.0,network-estimate
8929aeb1c53ffff,Crestview Meadows NW 63,,36.6,2.93,1461.0,routed,131.0,approach-review
8929aeb1c57ffff,Crestview Meadows NW 73,,39.8,3.18,1743.0,routed,185.0,approach-review
8929aeb1c5bffff,Crestview Meadows NW 57,,30.4,2.43,1339.0,routed,158.0,approach-review
8929aeb1c63ffff,Crestview Meadows NW 98,,27.0,2.16,1634.0,routed,115.0,approach-review
8929aeb1c67ffff,Crestview Meadows NW 113,,22.5,1.8,1089.0,routed,180.0,approach-review
8929aeb1c6bffff,Crestview Meadows NW 94,,32.1,2.57,624.0,routed,116.0,approach-review
8929aeb1c6fffff,Crestview Meadows NW 106,,29.4,2.36,0.0,routed,295.0,approach-review
8929aeb1c73ffff,Crestview Meadows NW 92,,29.5,2.36,1639.0,routed,167.0,approach-review
8929aeb1c77ffff,Crestview Meadows NW 105,,24.8,1.99,1501.0,routed,183.0,approach-review
8929aeb1c7bffff,Crestview Meadows NW 85,,32.2,2.58,1664.0,routed,132.0,approach-review
8929aeb1c83ffff,Crestview Meadows W 35,,41.7,3.34,484.0,routed,102.0,approach-review
8929aeb1c87ffff,Crestview Meadows W 41,,31.8,2.55,49.0,routed,225.0,approach-review
8929aeb1c8bffff,Crestview Meadows W 31,,37.9,3.03,290.0,routed,142.0,approach-review
8929aeb1c8fffff,Crestview Meadows W 37,,31.1,2.49,1248.0,routed,183.0,approach-review
8929aeb1c93ffff,Crestview Meadows W 33,,41.4,3.31,614.0,routed,166.0,approach-review
8929aeb1c97ffff,Crestview Meadows W 39,,35.1,2.81,519.0,routed,108.0,approach-review
8929aeb1c9bffff,Crestview Meadows W 30,,44.2,3.54,801.0,routed,81.0,network-estimate
8929aeb1ca3ffff,Bakersfield NE 89,,20.3,1.62,2057.0,routed,56.0,network-estimate
8929aeb1ca7ffff,Bakersfield NE 84,,15.1,1.21,1808.0,routed,111.0,approach-review
8929aeb1cabffff,Crestview Meadows W 43,,23.3,1.86,1917.0,routed,249.0,approach-review
8929aeb1cafffff,Bakersfield NE 93,,16.3,1.3,1983.0,routed,76.0,network-estimate
8929aeb1cb3ffff,Bakersfield NE 85,,24.6,1.96,1524.0,routed,39.0,network-estimate
8929aeb1cb7ffff,Bakersfield NE 79,,21.9,1.75,1835.0,routed,87.0,network-estimate
8929aeb1cbbffff,Crestview Meadows W 42,,25.2,2.01,1706.0,routed,153.0,approach-review
8929aeb1cc3ffff,Crestview Meadows W 25,,51.4,4.11,739.0,routed,93.0,network-estimate
8929aeb1cc7ffff,Crestview Meadows W 28,,39.5,3.16,953.0,routed,48.0,network-estimate
8929aeb1ccbffff,Crestview Meadows NW 56,,38.3,3.07,1162.0,routed,97.0,network-estimate
8929aeb1ccfffff,Crestview Meadows NW 65,,40.6,3.25,1787.0,routed,51.0,network-estimate
8929aeb1cd3ffff,Crestview Meadows W 24,,49.7,3.98,1705.0,routed,41.0,network-estimate
8929aeb1cd7ffff,Crestview Meadows W 27,,48.2,3.86,384.0,routed,90.0,network-estimate
8929aeb1cdbffff,Crestview Meadows W 23,,55.0,4.4,928.0,routed,52.0,network-estimate
8929aeb1d03ffff,Bakersfield NE 88,,11.6,0.93,0.0,routed,440.0,approach-review
8929aeb1d07ffff,Bakersfield NE 86,,19.0,1.52,0.0,routed,571.0,approach-review
8929aeb1d0bffff,Bakersfield NE 96,,9.9,0.79,0.0,routed,558.0,approach-review
8929aeb1d0fffff,Bakersfield NE 94,,14.5,1.16,0.0,routed,790.0,approach-review
8929aeb1d13ffff,Bakersfield NE 81,,9.1,0.73,588.0,routed,163.0,approach-review
8929aeb1d17ffff,Bakersfield NE 78,,16.1,1.29,0.0,routed,207.0,approach-review
8929aeb1d1bffff,Bakersfield NE 90,,6.6,0.52,39.0,routed,243.0,approach-review
8929aeb1d47ffff,Bakersfield NE 101,,11.7,0.93,0.0,routed,601.0,approach-review
8929aeb1d53ffff,Bakersfield NE 99,,5.4,0.43,252.0,routed,46.0,network-estimate
8929aeb1d57ffff,Bakersfield NE 97,,5.5,0.44,0.0,routed,324.0,approach-review
8929aeb1d5bffff,Crestview Meadows NW 133,,11.0,0.88,1049.0,routed,74.0,network-estimate
8929aeb1d63ffff,Bakersfield NE 102,,22.1,1.76,0.0,straightline,712.0,detour-review
8929aeb1d6bffff,Bakersfield NE 105,,24.3,1.95,0.0,straightline,725.0,detour-review
8929aeb1d6fffff,Bakersfield NE 104,,53.7,4.3,0.0,routed,406.0,approach-review
8929aeb1d73ffff,Bakersfield NE 100,,13.8,1.1,0.0,routed,872.0,approach-review
8929aeb1d7bffff,Bakersfield NE 103,,18.5,1.48,0.0,straightline,664.0,detour-review
8929aeb1d83ffff,Bakersfield NE 60,,17.1,1.37,1665.0,routed,95.0,network-estimate
8929aeb1d87ffff,Bakersfield NE 59,,18.8,1.5,403.0,routed,112.0,approach-review
8929aeb1d8bffff,Bakersfield NE 71,,11.6,0.93,1720.0,routed,156.0,approach-review
8929aeb1d8fffff,Bakersfield NE 70,,13.7,1.09,758.0,routed,40.0,network-estimate
8929aeb1d93ffff,Bakersfield NE 52,,20.4,1.64,1813.0,routed,83.0,network-estimate
8929aeb1d9bffff,Bakersfield NE 63,,15.2,1.22,1377.0,routed,103.0,approach-review
8929aeb1da3ffff,Bakersfield NE 65,,23.5,1.88,0.0,routed,473.0,approach-review
8929aeb1da7ffff,Bakersfield NE 64,,53.6,4.28,0.0,routed,306.0,approach-review
8929aeb1dabffff,Bakersfield NE 77,,20.2,1.62,0.0,routed,466.0,approach-review
8929aeb1dafffff,Bakersfield NE 74,,28.4,2.27,0.0,routed,610.0,approach-review
8929aeb1db3ffff,Bakersfield NE 56,,22.7,1.81,669.0,routed,149.0,approach-review
8929aeb1db7ffff,Bakersfield NE 54,,28.7,2.3,0.0,routed,238.0,approach-review
8929aeb1dbbffff,Bakersfield NE 66,,17.8,1.42,0.0,routed,242.0,approach-review
8929aeb1dc3ffff,Bakersfield NE 87,,10.2,0.82,244.0,routed,80.0,network-estimate
8929aeb1dc7ffff,Bakersfield NE 83,,5.5,0.44,1401.0,routed,164.0,approach-review
8929aeb1dcbffff,Bakersfield NE 95,,7.6,0.61,243.0,routed,12.0,network-estimate
8929aeb1dcfffff,Bakersfield NE 92,,1.1,0.09,397.0,routed,35.0,network-estimate
8929aeb1dd3ffff,Bakersfield NE 80,,13.5,1.08,1428.0,routed,85.0,network-estimate
8929aeb1dd7ffff,Bakersfield NE 75,,10.2,0.82,1553.0,routed,115.0,approach-review
8929aeb1ddbffff,Bakersfield NE 91,,10.5,0.84,888.0,routed,80.0,network-estimate
8929aeb1e03ffff,Crestview Meadows NW 66,,12.3,0.99,0.0,routed,382.0,approach-review
8929aeb1e07ffff,Crestview Meadows NW 75,,8.6,0.69,50.0,routed,543.0,approach-review
8929aeb1e0bffff,Crestview Meadows NW 67,,43.6,3.49,0.0,routed,216.0,detour-review
8929aeb1e0fffff,Crestview Meadows NW 76,,48.6,3.89,0.0,routed,320.0,detour-review
8929aeb1e13ffff,Crestview Meadows NW 59,,6.1,0.49,859.0,routed,214.0,approach-review
8929aeb1e17ffff,Crestview Meadows NW 68,,4.0,0.32,438.0,routed,256.0,approach-review
8929aeb1e1bffff,Crestview Meadows NW 58,,12.0,0.96,114.0,routed,188.0,approach-review
8929aeb1e23ffff,Crestview Meadows NW 96,,19.7,1.58,0.0,routed,269.0,approach-review
8929aeb1e27ffff,Crestview Meadows NW 109,,22.0,1.76,122.0,routed,319.0,approach-review
8929aeb1e2bffff,Crestview Meadows NW 97,,24.4,1.95,394.0,routed,601.0,approach-review
8929aeb1e2fffff,Crestview Meadows NW 107,,23.8,1.91,367.0,routed,464.0,approach-review
8929aeb1e33ffff,Crestview Meadows NW 87,,19.0,1.52,380.0,routed,245.0,approach-review
8929aeb1e37ffff,Crestview Meadows NW 99,,17.5,1.4,372.0,routed,126.0,approach-review
8929aeb1e3bffff,Crestview Meadows NW 86,,22.7,1.82,0.0,routed,466.0,approach-review
8929aeb1e43ffff,Crestview Meadows N 60,,44.6,3.57,0.0,routed,126.0,approach-review
8929aeb1e47ffff,Crestview Meadows NW 70,,46.0,3.68,242.0,routed,286.0,approach-review
8929aeb1e4bffff,Crestview Meadows N 64,,47.5,3.8,0.0,routed,362.0,approach-review
8929aeb1e4fffff,Crestview Meadows N 71,,48.6,3.89,82.0,routed,460.0,approach-review
8929aeb1e53ffff,Crestview Meadows NW 52,,40.7,3.26,0.0,routed,340.0,approach-review
8929aeb1e57ffff,Crestview Meadows NW 60,,40.0,3.2,0.0,routed,265.0,approach-review
8929aeb1e5bffff,Crestview Meadows N 54,,46.0,3.68,0.0,routed,243.0,approach-review
8929aeb1e63ffff,Crestview Meadows NW 90,,47.4,3.8,0.0,routed,518.0,approach-review
8929aeb1e67ffff,Crestview Meadows NW 100,,29.4,2.36,164.0,routed,755.0,approach-review
8929aeb1e6bffff,Crestview Meadows N 92,,51.7,4.14,0.0,routed,858.0,approach-review
8929aeb1e6fffff,Crestview Meadows NW 102,,48.9,3.91,0.0,routed,634.0,approach-review
8929aeb1e73ffff,Crestview Meadows NW 78,,48.2,3.85,380.0,routed,434.0,detour-review
8929aeb1e77ffff,Crestview Meadows NW 88,,27.6,2.21,297.0,routed,611.0,approach-review
8929aeb1e7bffff,Crestview Meadows NW 82,,50.2,4.02,0.0,routed,599.0,approach-review
8929aeb1e83ffff,Crestview Meadows NW 54,,8.6,0.69,779.0,routed,146.0,approach-review
8929aeb1e87ffff,Crestview Meadows NW 62,,26.9,2.15,950.0,routed,201.0,detour-review
8929aeb1e8bffff,Crestview Meadows NW 51,,5.8,0.47,1269.0,routed,56.0,network-estimate
8929aeb1e8fffff,Crestview Meadows NW 61,,1.4,0.11,920.0,routed,45.0,network-estimate
8929aeb1e93ffff,Crestview Meadows NW 46,,19.3,1.55,1360.0,routed,283.0,approach-review
8929aeb1e97ffff,Crestview Meadows NW 55,,25.5,2.04,1452.0,routed,160.0,approach-review
8929aeb1e9bffff,Crestview Meadows NW 45,,11.6,0.93,1060.0,routed,128.0,approach-review
8929aeb1ea3ffff,Crestview Meadows NW 81,,35.3,2.82,126.0,routed,270.0,detour-review
8929aeb1ea7ffff,Crestview Meadows NW 93,,36.3,2.9,0.0,routed,460.0,approach-review
8929aeb1eabffff,Crestview Meadows NW 77,,7.5,0.6,206.0,routed,455.0,approach-review
8929aeb1eafffff,Crestview Meadows NW 89,,20.5,1.64,0.0,routed,363.0,approach-review
8929aeb1eb3ffff,Crestview Meadows NW 72,,32.3,2.59,1313.0,routed,152.0,detour-review
8929aeb1eb7ffff,Crestview Meadows NW 83,,35.0,2.8,1062.0,routed,32.0,network-estimate
8929aeb1ebbffff,Crestview Meadows NW 71,,4.1,0.33,186.0,routed,277.0,approach-review
8929aeb1ec3ffff,Crestview Meadows NW 41,,14.5,1.16,0.0,routed,278.0,approach-review
8929aeb1ec7ffff,Crestview Meadows NW 49,,9.4,0.76,1529.0,routed,82.0,network-estimate
8929aeb1ecbffff,Crestview Meadows NW 44,,32.4,2.59,0.0,routed,442.0,approach-review
8929aeb1ecfffff,Crestview Meadows NW 50,,13.4,1.07,0.0,routed,217.0,approach-review
8929aeb1ed3ffff,Crestview Meadows NW 35,,22.3,1.78,1024.0,routed,94.0,network-estimate
8929aeb1ed7ffff,Crestview Meadows NW 42,,21.1,1.69,1065.0,routed,166.0,approach-review
8929aeb1edbffff,Crestview Meadows NW 36,,27.9,2.23,67.0,routed,358.0,approach-review
8929aeb2003ffff,Village at Lakeside NE 16,,51.7,4.14,457.0,routed,111.0,approach-review
8929aeb2007ffff,Village at Lakeside NE 15,,49.3,3.94,966.0,routed,65.0,network-estimate
8929aeb200bffff,Village at Lakeside NE 20,,52.1,4.17,847.0,routed,152.0,approach-review
8929aeb200fffff,Village at Lakeside NE 19,,47.1,3.77,279.0,routed,142.0,approach-review
8929aeb2013ffff,Village at Lakeside NE 14,,56.3,4.5,410.0,routed,131.0,approach-review
8929aeb2017ffff,Village at Lakeside NE 12,,54.0,4.32,0.0,routed,122.0,approach-review
8929aeb2023ffff,Village at Lakeside NE 17,,38.8,3.1,1354.0,routed,152.0,approach-review
8929aeb2027ffff,Village at Lakeside N 16,,32.4,2.59,2022.0,routed,139.0,approach-review
8929aeb202bffff,Village at Lakeside NE 21,,39.9,3.19,1692.0,routed,115.0,approach-review
8929aeb202fffff,Village at Lakeside N 17,,34.8,2.78,1834.0,routed,143.0,approach-review
8929aeb2033ffff,Village at Lakeside NE 13,,43.6,3.49,1372.0,routed,141.0,approach-review
8929aeb2037ffff,Village at Lakeside N 14,,37.2,2.97,1714.0,routed,161.0,approach-review
8929aeb203bffff,Village at Lakeside NE 18,,44.2,3.53,1578.0,routed,159.0,approach-review
8929aeb2043ffff,Village at Lakeside NE 29,,60.6,4.85,531.0,routed,84.0,network-estimate
8929aeb2047ffff,Village at Lakeside NE 25,,53.6,4.29,228.0,routed,252.0,approach-review
8929aeb204bffff,Village at Lakeside NE 35,,66.5,5.32,0.0,routed,148.0,approach-review
8929aeb204fffff,Village at Lakeside NE 31,,55.0,4.4,0.0,routed,283.0,approach-review
8929aeb2053ffff,Village at Lakeside NE 26,,64.0,5.12,995.0,routed,220.0,approach-review
8929aeb205bffff,Village at Lakeside NE 33,,65.3,5.22,303.0,routed,317.0,approach-review
8929aeb2063ffff,Village at Lakeside NE 28,,43.3,3.47,299.0,routed,116.0,approach-review
8929aeb2067ffff,Village at Lakeside NE 27,,38.1,3.04,944.0,routed,32.0,network-estimate
8929aeb206bffff,Village at Lakeside NE 34,,46.5,3.72,319.0,routed,180.0,approach-review
8929aeb206fffff,Village at Lakeside NE 32,,41.6,3.32,22.0,routed,109.0,approach-review
8929aeb2073ffff,Village at Lakeside NE 23,,48.1,3.85,0.0,routed,131.0,approach-review
8929aeb2077ffff,Village at Lakeside NE 22,,42.6,3.41,0.0,routed,82.0,network-estimate
8929aeb207bffff,Village at Lakeside NE 30,,49.0,3.92,0.0,routed,215.0,approach-review
8929aeb2083ffff,Village at Lakeside E 7,,62.1,4.97,1112.0,routed,144.0,approach-review
8929aeb2087ffff,Village at Lakeside NE 6,,57.7,4.62,1785.0,routed,30.0,network-estimate
8929aeb208bffff,Village at Lakeside E 11,,60.8,4.87,249.0,routed,152.0,approach-review
8929aeb208fffff,Village at Lakeside NE 9,,59.4,4.75,903.0,routed,90.0,network-estimate
8929aeb2093ffff,Village at Lakeside E 6,,69.0,5.52,1820.0,routed,156.0,approach-review
8929aeb2097ffff,Village at Lakeside E 4,,61.4,4.91,1420.0,routed,190.0,approach-review
8929aeb209bffff,Village at Lakeside E 9,,65.4,5.23,369.0,routed,126.0,approach-review
8929aeb20a3ffff,Village at Lakeside NE 7,,48.9,3.91,1138.0,routed,145.0,approach-review
8929aeb20a7ffff,Village at Lakeside N 6,,40.5,3.24,820.0,routed,158.0,approach-review
8929aeb20abffff,Village at Lakeside NE 11,,47.9,3.83,982.0,routed,123.0,approach-review
8929aeb20afffff,Village at Lakeside NE 10,,42.1,3.37,1243.0,routed,102.0,approach-review
8929aeb20b3ffff,Village at Lakeside NE 5,,51.5,4.12,1620.0,routed,120.0,approach-review
8929aeb20b7ffff,Village at Lakeside NE 4,,45.5,3.64,1806.0,routed,102.0,approach-review
8929aeb20bbffff,Village at Lakeside NE 8,,52.4,4.19,249.0,routed,171.0,approach-review
8929aeb20cbffff,Village at Lakeside E 25,,68.8,5.51,1241.0,routed,198.0,approach-review
8929aeb20d3ffff,Village at Lakeside E 17,,72.9,5.83,1768.0,routed,120.0,approach-review
8929aeb20d7ffff,Village at Lakeside E 14,,68.1,5.45,1558.0,routed,134.0,approach-review
8929aeb20dbffff,Village at Lakeside E 23,,73.7,5.9,1406.0,routed,184.0,approach-review
8929aeb2103ffff,Coventry Place Apartments SE 5,,28.0,2.24,802.0,routed,57.0,network-estimate
8929aeb2107ffff,Coventry Place Apartments SE 3,,24.6,1.97,1094.0,routed,90.0,network-estimate
8929aeb210bffff,Coventry Place Apartments SE 7,,21.6,1.73,1510.0,routed,128.0,approach-review
8929aeb210fffff,Coventry Place Apartments SE 4,,23.2,1.86,1348.0,routed,72.0,network-estimate
8929aeb2113ffff,Coventry Place Apartments SE 8,,31.5,2.52,429.0,routed,137.0,approach-review
8929aeb2117ffff,Coventry Place Apartments SE 6,,29.5,2.36,1190.0,routed,28.0,network-estimate
8929aeb211bffff,Coventry Place Apartments SE 9,,26.1,2.09,973.0,routed,63.0,network-estimate
8929aeb2123ffff,Coventry Place Apartments SE,,21.8,1.74,1483.0,routed,165.0,approach-review
8929aeb2127ffff,Coventry Place Apartments SW,,23.9,1.92,1591.0,routed,142.0,approach-review
8929aeb212bffff,Coventry Place Apartments E,,15.4,1.23,1596.0,routed,165.0,approach-review
8929aeb212fffff,Coventry Place Apartments,,17.8,1.43,1328.0,routed,89.0,network-estimate
8929aeb2133ffff,Coventry Place Apartments S 2,,26.6,2.13,863.0,routed,200.0,approach-review
8929aeb2137ffff,Coventry Place Apartments S,,29.8,2.38,578.0,routed,63.0,network-estimate
8929aeb213bffff,Coventry Place Apartments SE 2,,19.9,1.59,1167.0,routed,168.0,approach-review
8929aeb2143ffff,Coventry Place Apartments E 14,,23.8,1.91,1800.0,routed,231.0,approach-review
8929aeb2147ffff,Coventry Place Apartments E 10,,16.2,1.29,1345.0,routed,124.0,approach-review
8929aeb214bffff,Coventry Place Apartments E 18,,23.0,1.84,331.0,routed,208.0,approach-review
8929aeb214fffff,Coventry Place Apartments E 13,,17.3,1.39,1306.0,routed,121.0,approach-review
8929aeb2153ffff,Coventry Place Apartments SE 12,,27.1,2.17,1480.0,routed,105.0,approach-review
8929aeb2157ffff,Coventry Place Apartments SE 10,,20.8,1.66,1824.0,routed,93.0,network-estimate
8929aeb215bffff,Coventry Place Apartments E 19,,28.2,2.26,1377.0,routed,63.0,network-estimate
8929aeb2163ffff,Coventry Place Apartments E 4,,13.4,1.07,1168.0,routed,108.0,approach-review
8929aeb2167ffff,Coventry Place Apartments E 2,,8.9,0.71,1671.0,routed,154.0,approach-review
8929aeb216bffff,Coventry Place Apartments E 7,,6.9,0.55,1569.0,routed,142.0,approach-review
8929aeb216fffff,Coventry Place Apartments E 5,,2.2,0.18,915.0,routed,114.0,approach-review
8929aeb2173ffff,Coventry Place Apartments E 6,,17.6,1.41,1297.0,routed,88.0,network-estimate
8929aeb2177ffff,Coventry Place Apartments E 3,,16.0,1.28,1009.0,routed,46.0,network-estimate
8929aeb217bffff,Coventry Place Apartments E 8,,11.6,0.93,1477.0,routed,103.0,approach-review
8929aeb2183ffff,Village at Lakeside NW 10,,38.5,3.08,1584.0,routed,93.0,network-estimate
8929aeb2187ffff,Coventry Place Apartments S 11,,39.8,3.18,548.0,routed,103.0,approach-review
8929aeb218bffff,Village at Lakeside N 12,,38.0,3.04,1350.0,routed,164.0,approach-review
8929aeb218fffff,Coventry Place Apartments S 10,,33.3,2.66,406.0,routed,128.0,approach-review
8929aeb2193ffff,Village at Lakeside NW 7,,42.9,3.43,1868.0,routed,85.0,network-estimate
8929aeb2197ffff,Village at Lakeside NW 11,,46.7,3.73,654.0,routed,54.0,network-estimate
8929aeb219bffff,Village at Lakeside N 8,,40.9,3.27,1150.0,routed,206.0,approach-review
8929aeb21a3ffff,Coventry Place Apartments S 6,,38.1,3.05,1210.0,routed,61.0,network-estimate
8929aeb21a7ffff,Coventry Place Apartments S 5,,39.5,3.16,1911.0,routed,114.0,approach-review
8929aeb21abffff,Coventry Place Apartments S 4,,29.8,2.39,1036.0,routed,105.0,approach-review
8929aeb21afffff,Coventry Place Apartments S 3,,34.3,2.75,740.0,routed,92.0,network-estimate
8929aeb21b3ffff,Coventry Place Apartments S 9,,42.9,3.43,747.0,routed,47.0,network-estimate
8929aeb21b7ffff,Coventry Place Apartments S 8,,43.0,3.44,908.0,routed,105.0,approach-review
8929aeb21bbffff,Coventry Place Apartments S 7,,34.2,2.74,0.0,routed,215.0,approach-review
8929aeb21c3ffff,Village at Lakeside N 11,,30.2,2.41,1150.0,routed,84.0,network-estimate
8929aeb21c7ffff,Village at Lakeside N 13,,30.5,2.44,1395.0,routed,137.0,approach-review
8929aeb21cbffff,Village at Lakeside N 15,,32.3,2.59,1337.0,routed,142.0,approach-review
8929aeb21cfffff,Coventry Place Apartments SE 11,,25.5,2.04,1272.0,routed,85.0,network-estimate
8929aeb21d3ffff,Village at Lakeside N 7,,34.7,2.77,1528.0,routed,95.0,network-estimate
8929aeb21d7ffff,Village at Lakeside N 9,,37.2,2.97,1706.0,routed,54.0,network-estimate
8929aeb21dbffff,Village at Lakeside N 10,,36.3,2.9,1085.0,routed,151.0,approach-review
8929aeb2203ffff,Village at Lakeside NE 59,,64.9,5.2,0.0,routed,343.0,approach-review
8929aeb2207ffff,Village at Lakeside NE 56,,59.8,4.78,1240.0,routed,281.0,approach-review
8929aeb220bffff,Village at Lakeside NE 65,,67.0,5.36,0.0,routed,291.0,approach-review
8929aeb220fffff,Village at Lakeside NE 63,,61.2,4.89,315.0,routed,246.0,approach-review
8929aeb2213ffff,Village at Lakeside NE 55,,69.0,5.52,0.0,routed,501.0,approach-review
8929aeb2217ffff,Village at Lakeside NE 52,,62.7,5.02,0.0,routed,317.0,approach-review
8929aeb221bffff,Village at Lakeside NE 62,,71.7,5.74,0.0,routed,252.0,approach-review
8929aeb2223ffff,Village at Lakeside NE 58,,50.9,4.07,539.0,routed,110.0,approach-review
8929aeb2227ffff,Coventry Place Apartments E 49,,43.6,3.49,543.0,routed,196.0,approach-review
8929aeb222bffff,Coventry Place Apartments E 57,,49.9,3.99,0.0,routed,302.0,approach-review
8929aeb222fffff,Coventry Place Apartments E 53,,46.2,3.7,1080.0,routed,209.0,approach-review
8929aeb2233ffff,Village at Lakeside NE 54,,53.6,4.29,1506.0,routed,190.0,approach-review
8929aeb2237ffff,Village at Lakeside NE 51,,48.2,3.86,1096.0,routed,65.0,network-estimate
8929aeb223bffff,Village at Lakeside NE 61,,54.7,4.38,463.0,routed,296.0,approach-review
8929aeb2243ffff,Village at Lakeside NE 76,,73.8,5.9,0.0,routed,417.0,approach-review
8929aeb2247ffff,Village at Lakeside NE 72,,68.9,5.51,343.0,routed,443.0,approach-review
8929aeb224bffff,Village at Lakeside NE 83,,76.8,6.14,0.0,routed,403.0,approach-review
8929aeb224fffff,Village at Lakeside NE 79,,73.0,5.84,532.0,routed,520.0,approach-review
8929aeb2253ffff,Village at Lakeside NE 73,,77.3,6.18,0.0,routed,696.0,approach-review
8929aeb2257ffff,Village at Lakeside NE 69,,72.4,5.79,0.0,routed,475.0,approach-review
8929aeb225bffff,Village at Lakeside NE 80,,79.7,6.38,0.0,routed,477.0,approach-review
8929aeb2263ffff,Village at Lakeside NE 74,,57.8,4.63,0.0,routed,297.0,approach-review
8929aeb2267ffff,Coventry Place Apartments E 61,,57.3,4.58,157.0,routed,253.0,approach-review
8929aeb226bffff,Village at Lakeside NE 81,,59.3,4.75,0.0,routed,419.0,approach-review
8929aeb226fffff,Coventry Place Apartments E 64,,55.6,4.45,0.0,routed,122.0,approach-review
8929aeb2273ffff,Village at Lakeside NE 70,,65.3,5.23,309.0,routed,154.0,approach-review
8929aeb2277ffff,Village at Lakeside NE 67,,62.8,5.02,0.0,routed,315.0,approach-review
8929aeb227bffff,Village at Lakeside NE 77,,70.0,5.6,0.0,routed,497.0,approach-review
8929aeb2283ffff,Village at Lakeside NE 46,,73.5,5.88,0.0,routed,372.0,approach-review
8929aeb2287ffff,Village at Lakeside NE 41,,61.8,4.95,365.0,routed,437.0,approach-review
8929aeb228bffff,Village at Lakeside NE 53,,67.6,5.41,0.0,routed,712.0,approach-review
8929aeb228fffff,Village at Lakeside NE 48,,62.8,5.03,0.0,routed,518.0,approach-review
8929aeb2293ffff,Village at Lakeside NE 43,,72.7,5.82,237.0,routed,702.0,approach-review
8929aeb2297ffff,Village at Lakeside NE 39,,68.6,5.48,750.0,routed,370.0,approach-review
8929aeb229bffff,Village at Lakeside NE 50,,76.5,6.12,0.0,routed,616.0,approach-review
8929aeb22a3ffff,Village at Lakeside NE 42,,55.2,4.42,281.0,routed,136.0,approach-review
8929aeb22a7ffff,Village at Lakeside NE 40,,50.8,4.06,756.0,routed,166.0,approach-review
8929aeb22abffff,Village at Lakeside NE 49,,58.3,4.67,861.0,routed,274.0,approach-review
8929aeb22afffff,Village at Lakeside NE 47,,54.4,4.35,1233.0,routed,165.0,approach-review
8929aeb22b3ffff,Village at Lakeside NE 38,,56.8,4.54,0.0,routed,145.0,approach-review
8929aeb22b7ffff,Village at Lakeside NE 36,,50.6,4.05,441.0,routed,153.0,approach-review
8929aeb22bbffff,Village at Lakeside NE 45,,58.3,4.66,585.0,routed,381.0,approach-review
8929aeb22c3ffff,Village at Lakeside NE 64,,89.5,7.16,0.0,routed,842.0,approach-review
8929aeb22c7ffff,Village at Lakeside NE 60,,76.0,6.08,0.0,routed,599.0,approach-review
8929aeb22cbffff,Village at Lakeside NE 71,,86.0,6.88,0.0,routed,558.0,approach-review
8929aeb22cfffff,Village at Lakeside NE 66,,75.9,6.07,0.0,routed,588.0,approach-review
8929aeb22d3ffff,Village at Lakeside E 65,,84.5,6.76,0.0,routed,852.0,approach-review
8929aeb22d7ffff,Village at Lakeside NE 57,,81.1,6.49,0.0,routed,586.0,approach-review
8929aeb22dbffff,Village at Lakeside NE 68,,90.5,7.24,0.0,routed,533.0,approach-review
8929aeb2303ffff,Coventry Place Apartments E 30,,25.5,2.04,392.0,routed,69.0,network-estimate
8929aeb2307ffff,Coventry Place Apartments E 27,,19.1,1.53,1488.0,routed,169.0,approach-review
8929aeb230bffff,Coventry Place Apartments E 37,,28.2,2.26,673.0,routed,55.0,network-estimate
8929aeb230fffff,Coventry Place Apartments E 32,,27.1,2.17,701.0,routed,119.0,approach-review
8929aeb2313ffff,Coventry Place Apartments E 29,,29.6,2.37,0.0,routed,58.0,network-estimate
8929aeb2317ffff,Coventry Place Apartments E 25,,22.1,1.76,622.0,routed,83.0,network-estimate
8929aeb231bffff,Coventry Place Apartments E 35,,29.7,2.38,0.0,routed,193.0,approach-review
8929aeb2327ffff,Coventry Place Apartments NE 16,,20.8,1.66,959.0,routed,132.0,approach-review
8929aeb232bffff,Coventry Place Apartments NE 24,,28.7,2.29,878.0,routed,99.0,network-estimate
8929aeb232fffff,Coventry Place Apartments NE 21,,26.0,2.08,1121.0,routed,97.0,network-estimate
8929aeb2333ffff,Coventry Place Apartments E 23,,17.0,1.36,739.0,routed,188.0,approach-review
8929aeb2343ffff,Coventry Place Apartments E 46,,34.1,2.72,717.0,routed,173.0,approach-review
8929aeb2347ffff,Coventry Place Apartments E 43,,33.7,2.69,0.0,routed,188.0,approach-review
8929aeb234bffff,Coventry Place Apartments E 51,,36.2,2.9,672.0,routed,144.0,approach-review
8929aeb234fffff,Coventry Place Apartments E 47,,29.6,2.36,656.0,routed,125.0,approach-review
8929aeb2353ffff,Coventry Place Apartments E 44,,37.1,2.97,595.0,routed,129.0,approach-review
8929aeb2357ffff,Coventry Place Apartments E 41,,31.0,2.48,349.0,routed,274.0,approach-review
8929aeb235bffff,Coventry Place Apartments E 50,,38.8,3.11,1317.0,routed,214.0,approach-review
8929aeb2363ffff,Coventry Place Apartments NE 28,,27.7,2.21,455.0,routed,74.0,network-estimate
8929aeb2367ffff,Coventry Place Apartments NE 26,,23.8,1.9,0.0,routed,43.0,network-estimate
8929aeb2373ffff,Coventry Place Apartments E 39,,31.4,2.51,0.0,routed,129.0,approach-review
8929aeb2377ffff,Coventry Place Apartments E 34,,27.5,2.2,473.0,routed,87.0,network-estimate
8929aeb237bffff,Casa Loma County Park,,29.5,2.36,409.0,routed,166.0,approach-review
8929aeb2383ffff,Coventry Place Apartments E 28,,30.3,2.42,1409.0,routed,127.0,approach-review
8929aeb2387ffff,Coventry Place Apartments E 22,,25.0,2.0,1529.0,routed,99.0,network-estimate
8929aeb238bffff,Coventry Place Apartments E 31,,30.6,2.45,402.0,routed,50.0,network-estimate
8929aeb238fffff,Coventry Place Apartments E 26,,25.4,2.03,1334.0,routed,148.0,approach-review
8929aeb2393ffff,Village at Lakeside NE 24,,35.9,2.87,842.0,routed,142.0,approach-review
8929aeb2397ffff,Coventry Place Apartments E 24,,29.7,2.37,1550.0,routed,134.0,approach-review
8929aeb239bffff,Coventry Place Apartments E 33,,35.6,2.85,0.0,routed,46.0,network-estimate
8929aeb23a3ffff,Coventry Place Apartments E 15,,14.6,1.17,1720.0,routed,122.0,approach-review
8929aeb23a7ffff,Coventry Place Apartments E 12,,8.2,0.66,1651.0,routed,190.0,approach-review
8929aeb23abffff,Coventry Place Apartments E 21,,15.7,1.26,1248.0,routed,138.0,approach-review
8929aeb23afffff,Coventry Place Apartments E 17,,11.2,0.9,1945.0,routed,51.0,network-estimate
8929aeb23b3ffff,Coventry Place Apartments E 16,,21.5,1.72,1435.0,routed,157.0,approach-review
8929aeb23b7ffff,Coventry Place Apartments E 11,,13.8,1.11,1586.0,routed,168.0,approach-review
8929aeb23bbffff,Coventry Place Apartments E 20,,18.7,1.5,1318.0,routed,88.0,network-estimate
8929aeb23c3ffff,Coventry Place Apartments E 42,,38.2,3.06,189.0,routed,171.0,approach-review
8929aeb23c7ffff,Coventry Place Apartments E 36,,33.7,2.69,179.0,routed,176.0,approach-review
8929aeb23cbffff,Coventry Place Apartments E 45,,46.6,3.73,361.0,routed,236.0,approach-review
8929aeb23cfffff,Coventry Place Apartments E 40,,35.5,2.84,0.0,routed,316.0,approach-review
8929aeb23d3ffff,Village at Lakeside NE 37,,44.6,3.57,34.0,routed,223.0,approach-review
8929aeb23d7ffff,Coventry Place Apartments E 38,,37.0,2.96,405.0,routed,142.0,approach-review
8929aeb23dbffff,Village at Lakeside NE 44,,46.1,3.69,1328.0,routed,190.0,approach-review
8929aeb2403ffff,Village at Lakeside SE 17,,85.8,6.86,870.0,routed,57.0,network-estimate
8929aeb2407ffff,Village at Lakeside SE 14,,82.0,6.56,1187.0,routed,117.0,approach-review
8929aeb240bffff,Village at Lakeside SE 18,,86.6,6.92,1955.0,routed,190.0,approach-review
8929aeb240fffff,Village at Lakeside SE 15,,81.5,6.52,750.0,routed,38.0,network-estimate
8929aeb2413ffff,Southland R.V. Park NE 10,,90.3,7.22,427.0,routed,105.0,approach-review
8929aeb2417ffff,Village at Lakeside SE 16,,89.3,7.15,1446.0,routed,146.0,approach-review
8929aeb241bffff,Southland R.V. Park NE 14,,91.8,7.34,1132.0,routed,131.0,approach-review
8929aeb2423ffff,Village at Lakeside SE 7,,71.0,5.68,1375.0,routed,134.0,approach-review
8929aeb2427ffff,Village at Lakeside SE 4,,65.9,5.28,1214.0,routed,184.0,approach-review
8929aeb242bffff,Village at Lakeside E 8,,72.1,5.77,1450.0,routed,241.0,approach-review
8929aeb242fffff,Village at Lakeside E 5,,67.1,5.37,1844.0,routed,86.0,network-estimate
8929aeb2433ffff,Village at Lakeside SE 10,,76.1,6.09,1313.0,routed,67.0,network-estimate
8929aeb2437ffff,Village at Lakeside SE 6,,72.2,5.77,1637.0,routed,163.0,approach-review
8929aeb243bffff,Village at Lakeside SE 11,,81.2,6.49,641.0,routed,174.0,approach-review
8929aeb2443ffff,Village at Lakeside E 26,,93.9,7.51,52.0,routed,240.0,approach-review
8929aeb2447ffff,Village at Lakeside E 20,,89.7,7.18,1825.0,routed,40.0,network-estimate
8929aeb244bffff,Village at Lakeside E 31,,95.4,7.63,25.0,routed,356.0,approach-review
8929aeb244fffff,Village at Lakeside E 24,,88.1,7.05,560.0,routed,187.0,approach-review
8929aeb2453ffff,Southland R.V. Park NE 21,,98.5,7.88,0.0,routed,295.0,approach-review
8929aeb2457ffff,Village at Lakeside SE 19,,93.4,7.47,1376.0,routed,121.0,approach-review
8929aeb2463ffff,Village at Lakeside E 15,,76.0,6.08,1568.0,routed,107.0,approach-review
8929aeb2467ffff,Village at Lakeside E 10,,70.3,5.62,1287.0,routed,59.0,network-estimate
8929aeb246bffff,Village at Lakeside E 18,,78.5,6.28,1928.0,routed,80.0,network-estimate
8929aeb246fffff,Village at Lakeside E 13,,75.0,6.0,1879.0,routed,154.0,approach-review
8929aeb2473ffff,Village at Lakeside E 16,,81.8,6.54,413.0,routed,227.0,approach-review
8929aeb2477ffff,Village at Lakeside E 12,,75.2,6.01,689.0,routed,92.0,network-estimate
8929aeb247bffff,Village at Lakeside E 19,,83.9,6.71,1337.0,routed,110.0,approach-review
8929aeb2483ffff,Southland R.V. Park NE 3,,98.9,7.91,640.0,routed,145.0,approach-review
8929aeb2487ffff,Southland R.V. Park NE 2,,90.5,7.24,0.0,routed,195.0,approach-review
8929aeb248bffff,Southland R.V. Park NE 7,,95.2,7.62,646.0,routed,94.0,network-estimate
8929aeb248fffff,Southland R.V. Park NE 6,,91.1,7.29,564.0,routed,95.0,network-estimate
8929aeb249bffff,Southland R.V. Park NE 4,,99.7,7.97,650.0,routed,81.0,network-estimate
8929aeb24a3ffff,Village at Lakeside SE 12,,81.4,6.51,714.0,routed,105.0,approach-review
8929aeb24a7ffff,Village at Lakeside SE 9,,74.2,5.93,1852.0,routed,67.0,network-estimate
8929aeb24abffff,Village at Lakeside SE 13,,84.2,6.73,542.0,routed,146.0,approach-review
8929aeb24afffff,Village at Lakeside SE 8,,75.0,6.0,1414.0,routed,71.0,network-estimate
8929aeb24b3ffff,Southland R.V. Park N 9,,84.1,6.73,1971.0,routed,88.0,network-estimate
8929aeb24b7ffff,Southland R.V. Park N 10,,78.7,6.29,2259.0,routed,18.0,network-estimate
8929aeb24bbffff,Southland R.V. Park N 11,,86.9,6.95,838.0,routed,66.0,network-estimate
8929aeb24c3ffff,Southland R.V. Park NE 12,,102.7,8.22,0.0,routed,405.0,approach-review
8929aeb24c7ffff,Southland R.V. Park NE 11,,96.0,7.68,1007.0,routed,241.0,approach-review
8929aeb24cbffff,Southland R.V. Park NE 17,,103.8,8.31,364.0,routed,208.0,approach-review
8929aeb24cfffff,Southland R.V. Park NE 16,,96.7,7.74,291.0,routed,284.0,approach-review
8929aeb24d3ffff,Southland R.V. Park NE 9,,105.6,8.45,0.0,routed,428.0,approach-review
8929aeb24d7ffff,Southland R.V. Park NE 8,,100.5,8.04,814.0,routed,229.0,approach-review
8929aeb24dbffff,Southland R.V. Park NE 15,,107.0,8.56,0.0,routed,466.0,approach-review
8929aeb2503ffff,Village at Lakeside W,,59.5,4.76,1076.0,routed,4.0,network-estimate
8929aeb2507ffff,Village at Lakeside W 2,,64.7,5.17,738.0,routed,127.0,approach-review
8929aeb250bffff,Village at Lakeside,,52.9,4.24,1266.0,routed,116.0,approach-review
8929aeb250fffff,Village at Lakeside NW,,54.5,4.36,624.0,routed,118.0,approach-review
8929aeb2513ffff,Village at Lakeside SW 2,,64.0,5.12,388.0,routed,121.0,approach-review
8929aeb2517ffff,Village at Lakeside SW 3,,71.9,5.75,0.0,routed,131.0,approach-review
8929aeb251bffff,Village at Lakeside SW,,57.6,4.61,1973.0,routed,80.0,network-estimate
8929aeb2523ffff,Village at Lakeside NW 6,,57.3,4.59,567.0,routed,74.0,network-estimate
8929aeb2527ffff,Village at Lakeside NW 9,,56.5,4.52,1098.0,routed,59.0,network-estimate
8929aeb252bffff,Village at Lakeside NW 5,,47.3,3.78,1430.0,routed,78.0,network-estimate
8929aeb252fffff,Village at Lakeside NW 8,,51.8,4.15,381.0,routed,21.0,network-estimate
8929aeb2533ffff,Village at Lakeside W 4,,60.5,4.84,1073.0,routed,154.0,approach-review
8929aeb2537ffff,Village at Lakeside W 7,,59.9,4.79,1389.0,routed,49.0,network-estimate
8929aeb253bffff,Village at Lakeside NW 3,,51.3,4.1,1113.0,routed,107.0,approach-review
8929aeb2543ffff,Village at Lakeside E 2,,54.2,4.34,1295.0,routed,200.0,approach-review
8929aeb2547ffff,Village at Lakeside NE,,49.0,3.92,1339.0,routed,87.0,network-estimate
8929aeb254bffff,Village at Lakeside NE 3,,55.6,4.44,1605.0,routed,166.0,approach-review
8929aeb254fffff,Village at Lakeside NE 2,,50.7,4.05,1613.0,routed,165.0,approach-review
8929aeb2553ffff,Village at Lakeside SE 2,,59.1,4.72,1785.0,routed,159.0,approach-review
8929aeb2557ffff,Village at Lakeside E,,54.9,4.39,1665.0,routed,39.0,network-estimate
8929aeb255bffff,Village at Lakeside E 3,,61.5,4.92,1817.0,routed,105.0,approach-review
8929aeb2563ffff,Village at Lakeside N 3,,43.9,3.51,1685.0,routed,106.0,approach-review
8929aeb2567ffff,Village at Lakeside NW 4,,46.2,3.69,1719.0,routed,143.0,approach-review
8929aeb256bffff,Village at Lakeside N 4,,39.2,3.14,1185.0,routed,113.0,approach-review
8929aeb256fffff,Village at Lakeside N 5,,39.4,3.15,1920.0,routed,107.0,approach-review
8929aeb2573ffff,Village at Lakeside N,,48.4,3.87,1605.0,routed,146.0,approach-review
8929aeb2577ffff,Village at Lakeside NW 2,,49.9,3.99,1575.0,routed,192.0,approach-review
8929aeb257bffff,Village at Lakeside N 2,,44.0,3.52,1466.0,routed,93.0,network-estimate
8929aeb2583ffff,Village at Lakeside SW 7,,87.0,6.96,1535.0,routed,141.0,approach-review
8929aeb2587ffff,Village at Lakeside SW 8,,82.4,6.59,1271.0,routed,63.0,network-estimate
8929aeb258bffff,Village at Lakeside SW 4,,68.7,5.49,362.0,routed,123.0,approach-review
8929aeb258fffff,Village at Lakeside SW 5,,88.8,7.11,1417.0,routed,116.0,approach-review
8929aeb2593ffff,Village at Lakeside SW 10,,90.1,7.21,1041.0,routed,126.0,approach-review
8929aeb2597ffff,Village at Lakeside SW 11,,85.9,6.88,1641.0,routed,131.0,approach-review
8929aeb259bffff,Village at Lakeside S 5,,91.7,7.33,98.0,routed,250.0,approach-review
8929aeb25a3ffff,Village at Lakeside W 6,,70.6,5.64,539.0,routed,89.0,network-estimate
8929aeb25a7ffff,Village at Lakeside W 8,,69.9,5.59,847.0,routed,21.0,network-estimate
8929aeb25abffff,Village at Lakeside W 3,,67.6,5.41,1141.0,routed,40.0,network-estimate
8929aeb25afffff,Village at Lakeside W 5,,67.1,5.37,2225.0,routed,31.0,network-estimate
8929aeb25b3ffff,Village at Lakeside SW 9,,75.1,6.01,1275.0,routed,132.0,approach-review
8929aeb25b7ffff,Village at Lakeside W 10,,73.7,5.9,760.0,routed,141.0,approach-review
8929aeb25bbffff,Village at Lakeside SW 6,,72.3,5.78,255.0,routed,111.0,approach-review
8929aeb25c3ffff,Village at Lakeside S 2,,62.4,4.99,1533.0,routed,133.0,approach-review
8929aeb25c7ffff,Village at Lakeside S,,61.0,4.88,41.0,routed,251.0,approach-review
8929aeb25cbffff,Village at Lakeside SE 3,,71.3,5.71,1465.0,routed,175.0,approach-review
8929aeb25cfffff,Village at Lakeside SE,,57.6,4.61,1262.0,routed,162.0,approach-review
8929aeb25d3ffff,Village at Lakeside S 4,,68.7,5.49,1233.0,routed,264.0,approach-review
8929aeb25d7ffff,Village at Lakeside S 3,,65.0,5.2,340.0,routed,339.0,approach-review
8929aeb25dbffff,Village at Lakeside SE 5,,68.7,5.5,1709.0,routed,139.0,approach-review
8929aeb2603ffff,Village at Lakeside E 44,,98.4,7.88,0.0,routed,214.0,approach-review
8929aeb2607ffff,Village at Lakeside E 41,,86.3,6.91,0.0,routed,258.0,approach-review
8929aeb260bffff,Village at Lakeside E 52,,103.1,8.25,0.0,routed,556.0,approach-review
8929aeb260fffff,Village at Lakeside E 46,,88.9,7.11,0.0,routed,383.0,approach-review
8929aeb2613ffff,Village at Lakeside E 45,,97.6,7.81,254.0,routed,219.0,approach-review
8929aeb2617ffff,Village at Lakeside E 40,,92.9,7.44,399.0,routed,65.0,network-estimate
8929aeb261bffff,Village at Lakeside E 51,,100.9,8.07,365.0,routed,379.0,approach-review
8929aeb2623ffff,Village at Lakeside E 37,,77.5,6.2,365.0,routed,116.0,approach-review
8929aeb2627ffff,Village at Lakeside E 32,,69.2,5.54,0.0,routed,430.0,approach-review
8929aeb262fffff,Village at Lakeside E 39,,69.8,5.58,365.0,routed,533.0,approach-review
8929aeb2633ffff,Village at Lakeside E 35,,82.1,6.56,390.0,routed,150.0,approach-review
8929aeb2637ffff,Village at Lakeside E 30,,74.6,5.97,0.0,routed,278.0,approach-review
8929aeb2643ffff,Village at Lakeside E 67,,110.2,8.82,0.0,routed,1082.0,approach-review
8929aeb2647ffff,Village at Lakeside E 60,,107.8,8.63,0.0,routed,889.0,approach-review
8929aeb264bffff,Village at Lakeside E 75,,106.6,8.53,0.0,routed,1412.0,approach-review
8929aeb264fffff,Village at Lakeside E 69,,104.2,8.33,0.0,routed,1217.0,approach-review
8929aeb2653ffff,Village at Lakeside E 66,,108.8,8.71,330.0,routed,1015.0,approach-review
8929aeb2657ffff,Village at Lakeside E 58,,105.3,8.42,0.0,routed,734.0,approach-review
8929aeb265bffff,Village at Lakeside E 73,,113.5,9.08,0.0,routed,1347.0,approach-review
8929aeb2663ffff,Village at Lakeside E 56,,82.7,6.62,0.0,routed,714.0,approach-review
8929aeb2667ffff,Village at Lakeside E 50,,77.4,6.19,0.0,routed,687.0,approach-review
8929aeb266bffff,Village at Lakeside E 64,,85.0,6.8,0.0,routed,895.0,approach-review
8929aeb266fffff,Village at Lakeside E 57,,80.6,6.44,0.0,routed,939.0,approach-review
8929aeb2673ffff,Village at Lakeside E 54,,93.1,7.45,0.0,routed,797.0,approach-review
8929aeb2677ffff,Village at Lakeside E 48,,84.3,6.74,0.0,routed,627.0,approach-review
8929aeb267bffff,Village at Lakeside E 62,,87.2,6.97,0.0,routed,1070.0,approach-review
8929aeb2683ffff,Village at Lakeside E 43,,99.5,7.96,0.0,routed,464.0,approach-review
8929aeb2687ffff,Village at Lakeside E 36,,93.6,7.49,365.0,routed,420.0,approach-review
8929aeb268bffff,Village at Lakeside E 47,,100.8,8.06,0.0,routed,493.0,approach-review
8929aeb268fffff,Village at Lakeside E 42,,96.0,7.68,0.0,routed,267.0,approach-review
8929aeb2693ffff,Southland R.V. Park NE 29,,104.4,8.35,0.0,routed,434.0,approach-review
8929aeb2697ffff,Village at Lakeside E 38,,98.0,7.84,365.0,routed,571.0,approach-review
8929aeb269bffff,Village at Lakeside E 49,,104.0,8.32,0.0,routed,818.0,approach-review
8929aeb26a3ffff,Village at Lakeside E 27,,85.0,6.8,1002.0,routed,137.0,approach-review
8929aeb26a7ffff,Village at Lakeside E 21,,79.0,6.32,2263.0,routed,170.0,approach-review
8929aeb26abffff,Village at Lakeside E 33,,86.6,6.93,1302.0,routed,59.0,network-estimate
8929aeb26afffff,Village at Lakeside E 28,,90.7,7.25,973.0,routed,149.0,approach-review
8929aeb26b3ffff,Village at Lakeside E 29,,88.5,7.08,246.0,routed,258.0,approach-review
8929aeb26b7ffff,Village at Lakeside E 22,,83.5,6.68,1484.0,routed,63.0,network-estimate
8929aeb26bbffff,Village at Lakeside E 34,,91.1,7.28,585.0,routed,176.0,approach-review
8929aeb26c3ffff,Village at Lakeside E 61,,106.8,8.54,0.0,routed,851.0,approach-review
8929aeb26c7ffff,Village at Lakeside E 53,,102.1,8.17,0.0,routed,577.0,approach-review
8929aeb26cbffff,Village at Lakeside E 68,,109.3,8.75,0.0,routed,1056.0,approach-review
8929aeb26cfffff,Village at Lakeside E 59,,105.0,8.4,289.0,routed,706.0,approach-review
8929aeb26d3ffff,Village at Lakeside E 63,,109.9,8.79,0.0,routed,1103.0,approach-review
8929aeb26d7ffff,Village at Lakeside E 55,,105.3,8.42,0.0,routed,837.0,approach-review
8929aeb26dbffff,Village at Lakeside E 70,,111.3,8.9,0.0,routed,1211.0,approach-review
8929aeb2803ffff,Coventry Place Apartments NW 26,,18.8,1.51,1889.0,routed,123.0,approach-review
8929aeb2807ffff,Coventry Place Apartments NW 29,,12.4,1.0,1601.0,routed,55.0,network-estimate
8929aeb280bffff,Coventry Place Apartments NW 28,,19.9,1.59,2168.0,routed,114.0,approach-review
8929aeb280fffff,Coventry Place Apartments NW 30,,17.0,1.36,1716.0,routed,125.0,approach-review
8929aeb2813ffff,Coventry Place Apartments NW 23,,18.5,1.48,1662.0,routed,227.0,approach-review
8929aeb2817ffff,Coventry Place Apartments NW 27,,16.0,1.28,1149.0,routed,78.0,network-estimate
8929aeb2823ffff,The Springs Apartment Homes NE 42,,2.7,0.22,412.0,routed,38.0,network-estimate
8929aeb2827ffff,The Springs Apartment Homes NE 38,,7.5,0.6,1743.0,routed,109.0,approach-review
8929aeb282bffff,The Springs Apartment Homes NE 49,,4.1,0.33,765.0,routed,103.0,approach-review
8929aeb282fffff,The Springs Apartment Homes NE 45,,9.7,0.78,559.0,routed,46.0,network-estimate
8929aeb2833ffff,The Springs Apartment Homes NE 39,,7.1,0.57,903.0,routed,27.0,network-estimate
8929aeb2837ffff,The Springs Apartment Homes NE 34,,8.8,0.71,501.0,routed,68.0,network-estimate
8929aeb283bffff,The Springs Apartment Homes NE 47,,5.6,0.45,902.0,routed,115.0,approach-review
8929aeb2843ffff,Coventry Place Apartments N 19,,27.6,2.21,1722.0,routed,66.0,network-estimate
8929aeb2847ffff,Coventry Place Apartments N 20,,26.2,2.1,916.0,routed,97.0,network-estimate
8929aeb284bffff,Bakersfield SW 26,,34.7,2.78,1131.0,routed,58.0,network-estimate
8929aeb284fffff,Bakersfield SW 28,,31.7,2.53,1594.0,routed,100.0,network-estimate
8929aeb2853ffff,Coventry Place Apartments N 15,,31.3,2.51,1040.0,routed,119.0,approach-review
8929aeb2857ffff,Coventry Place Apartments N 18,,26.6,2.13,707.0,routed,152.0,approach-review
8929aeb285bffff,Coventry Place Apartments N 17,,33.8,2.71,1106.0,routed,151.0,approach-review
8929aeb2863ffff,Bakersfield SW 31,,14.4,1.15,1111.0,routed,10.0,network-estimate
8929aeb2867ffff,Bakersfield SW 33,,10.1,0.81,1074.0,routed,129.0,approach-review
8929aeb286bffff,Bakersfield SW 27,,20.5,1.64,1168.0,routed,128.0,approach-review
8929aeb286fffff,Bakersfield SW 30,,18.9,1.51,1349.0,routed,129.0,approach-review
8929aeb2873ffff,Bakersfield SW 32,,23.1,1.85,1241.0,routed,223.0,approach-review
8929aeb2877ffff,Bakersfield SW 34,,14.4,1.15,1506.0,routed,113.0,approach-review
8929aeb287bffff,Bakersfield SW 29,,26.8,2.14,645.0,routed,60.0,network-estimate
8929aeb2883ffff,Coventry Place Apartments NW 21,,12.1,0.97,429.0,routed,185.0,approach-review
8929aeb2887ffff,Coventry Place Apartments NW 25,,5.8,0.47,1487.0,routed,102.0,approach-review
8929aeb288bffff,Coventry Place Apartments NW 20,,14.5,1.16,1224.0,routed,106.0,approach-review
8929aeb288fffff,Coventry Place Apartments NW 24,,11.7,0.93,1134.0,routed,69.0,network-estimate
8929aeb2893ffff,Coventry Place Apartments NW 17,,10.1,0.81,2360.0,routed,83.0,network-estimate
8929aeb2897ffff,Coventry Place Apartments NW 22,,4.4,0.35,972.0,routed,11.0,network-estimate
8929aeb289bffff,Coventry Place Apartments NW 16,,13.3,1.06,870.0,routed,68.0,network-estimate
8929aeb28a3ffff,The Springs Apartment Homes E 29,,10.0,0.8,1024.0,routed,131.0,approach-review
8929aeb28a7ffff,The Springs Apartment Homes NE 24,,15.3,1.22,1131.0,routed,35.0,network-estimate
8929aeb28abffff,The Springs Apartment Homes E 31,,13.4,1.07,1484.0,routed,28.0,network-estimate
8929aeb28afffff,The Springs Apartment Homes NE 30,,13.1,1.05,633.0,routed,65.0,network-estimate
8929aeb28b3ffff,The Springs Apartment Homes E 28,,5.6,0.45,904.0,routed,178.0,approach-review
8929aeb28b7ffff,The Springs Apartment Homes E 23,,13.5,1.08,804.0,routed,204.0,approach-review
8929aeb28bbffff,The Springs Apartment Homes E 30,,9.5,0.76,1416.0,routed,101.0,approach-review
8929aeb28c3ffff,Coventry Place Apartments NW 15,,24.0,1.92,1396.0,routed,198.0,approach-review
8929aeb28c7ffff,Coventry Place Apartments NW 19,,19.8,1.59,1748.0,routed,97.0,network-estimate
8929aeb28cbffff,Coventry Place Apartments N 12,,29.2,2.33,991.0,routed,110.0,approach-review
8929aeb28d7ffff,Coventry Place Apartments NW 14,,19.9,1.59,1458.0,routed,73.0,network-estimate
8929aeb2903ffff,The Springs Apartment Homes NE 25,,29.7,2.38,554.0,routed,281.0,approach-review
8929aeb2907ffff,The Springs Apartment Homes N 20,,17.3,1.38,0.0,routed,547.0,approach-review
8929aeb290bffff,The Springs Apartment Homes NE 32,,26.5,2.12,0.0,routed,240.0,approach-review
8929aeb290fffff,The Springs Apartment Homes NE 31,,30.8,2.47,0.0,routed,587.0,approach-review
8929aeb2913ffff,The Springs Apartment Homes NE 20,,21.5,1.72,769.0,routed,236.0,approach-review
8929aeb2917ffff,The Springs Apartment Homes NE 19,,16.2,1.29,1000.0,routed,131.0,approach-review
8929aeb291bffff,The Springs Apartment Homes NE 26,,25.0,2.0,1002.0,routed,51.0,network-estimate
8929aeb2923ffff,The Springs Apartment Homes N 28,,24.9,2.0,0.0,routed,446.0,approach-review
8929aeb2927ffff,Breakwater Apartments S 27,,22.0,1.76,239.0,routed,207.0,approach-review
8929aeb292fffff,Breakwater Apartments S 25,,26.5,2.12,0.0,routed,570.0,approach-review
8929aeb2933ffff,The Springs Apartment Homes N 21,,14.9,1.19,0.0,routed,520.0,approach-review
8929aeb2937ffff,The Springs Apartment Homes N 24,,22.0,1.76,61.0,routed,286.0,approach-review
8929aeb293bffff,The Springs Apartment Homes N 27,,19.8,1.59,0.0,routed,753.0,approach-review
8929aeb2943ffff,The Springs Apartment Homes NE 41,,16.2,1.29,750.0,routed,152.0,approach-review
8929aeb2947ffff,The Springs Apartment Homes NE 40,,21.7,1.74,0.0,routed,378.0,approach-review
8929aeb294bffff,The Springs Apartment Homes NE 48,,17.7,1.42,911.0,routed,50.0,network-estimate
8929aeb294fffff,The Springs Apartment Homes NE 46,,19.3,1.54,0.0,routed,346.0,approach-review
8929aeb2953ffff,The Springs Apartment Homes NE 35,,13.4,1.07,1380.0,routed,123.0,approach-review
8929aeb2957ffff,The Springs Apartment Homes NE 33,,20.5,1.64,1035.0,routed,117.0,approach-review
8929aeb295bffff,The Springs Apartment Homes NE 43,,11.5,0.92,987.0,routed,30.0,network-estimate
8929aeb2963ffff,Breakwater Apartments SE 22,,40.6,3.25,40.0,routed,172.0,approach-review
8929aeb296bffff,Breakwater Apartments SE 23,,28.5,2.28,369.0,routed,522.0,approach-review
8929aeb2973ffff,The Springs Apartment Homes NE 37,,28.6,2.29,0.0,routed,626.0,approach-review
8929aeb2977ffff,The Springs Apartment Homes NE 36,,34.3,2.74,0.0,routed,863.0,approach-review
8929aeb297bffff,The Springs Apartment Homes NE 44,,25.2,2.01,0.0,routed,655.0,approach-review
8929aeb2983ffff,The Springs Apartment Homes NE 11,,16.9,1.35,679.0,routed,26.0,network-estimate
8929aeb2987ffff,The Springs Apartment Homes NE 10,,11.3,0.9,937.0,routed,39.0,network-estimate
8929aeb298bffff,The Springs Apartment Homes NE 16,,21.0,1.68,1506.0,routed,135.0,approach-review
8929aeb298fffff,The Springs Apartment Homes NE 15,,16.7,1.34,1424.0,routed,138.0,approach-review
8929aeb2993ffff,The Springs Apartment Homes NE 9,,20.2,1.62,779.0,routed,337.0,approach-review
8929aeb2997ffff,The Springs Apartment Homes NE 8,,15.4,1.23,1222.0,routed,181.0,approach-review
8929aeb299bffff,The Springs Apartment Homes NE 12,,22.1,1.77,330.0,routed,194.0,approach-review
8929aeb29a3ffff,The Springs Apartment Homes N 11,,6.2,0.5,1467.0,routed,104.0,approach-review
8929aeb29a7ffff,The Springs Apartment Homes N 12,,7.4,0.6,1167.0,routed,29.0,network-estimate
8929aeb29abffff,The Springs Apartment Homes N 15,,11.7,0.94,783.0,routed,292.0,approach-review
8929aeb29afffff,The Springs Apartment Homes N 16,,10.6,0.85,544.0,routed,177.0,approach-review
8929aeb29b3ffff,The Springs Apartment Homes N 8,,4.5,0.36,1462.0,routed,171.0,approach-review
8929aeb29b7ffff,The Springs Apartment Homes N 9,,1.8,0.14,1427.0,routed,90.0,network-estimate
8929aeb29bbffff,The Springs Apartment Homes N 10,,9.2,0.74,1064.0,routed,193.0,approach-review
8929aeb29c3ffff,The Springs Apartment Homes NE 23,,17.8,1.42,1409.0,routed,149.0,approach-review
8929aeb29c7ffff,The Springs Apartment Homes NE 22,,22.3,1.78,1634.0,routed,125.0,approach-review
8929aeb29cbffff,The Springs Apartment Homes NE 29,,11.2,0.9,1436.0,routed,187.0,approach-review
8929aeb29cfffff,The Springs Apartment Homes NE 28,,19.1,1.53,1549.0,routed,153.0,approach-review
8929aeb29d3ffff,The Springs Apartment Homes NE 21,,20.6,1.65,737.0,routed,148.0,approach-review
8929aeb29d7ffff,The Springs Apartment Homes NE 17,,23.9,1.91,1311.0,routed,61.0,network-estimate
8929aeb29dbffff,The Springs Apartment Homes NE 27,,14.8,1.18,1133.0,routed,162.0,approach-review
8929aeb2a03ffff,Bakersfield SW 7,,23.3,1.87,1462.0,routed,23.0,network-estimate
8929aeb2a07ffff,Bakersfield SW 8,,24.6,1.96,1841.0,routed,132.0,approach-review
8929aeb2a0bffff,Bakersfield SW 3,,16.5,1.32,1300.0,routed,73.0,network-estimate
8929aeb2a0fffff,Bakersfield SW 4,,18.7,1.5,1185.0,routed,150.0,approach-review
8929aeb2a13ffff,Bakersfield SW 9,,27.7,2.22,1459.0,routed,65.0,network-estimate
8929aeb2a17ffff,Bakersfield SW 11,,28.9,2.31,1540.0,routed,143.0,approach-review
8929aeb2a1bffff,Bakersfield SW 6,,20.6,1.65,1247.0,routed,193.0,approach-review
8929aeb2a23ffff,Bakersfield W 8,,11.3,0.91,261.0,routed,174.0,approach-review
8929aeb2a27ffff,Bakersfield W 10,,14.2,1.14,1336.0,routed,115.0,approach-review
8929aeb2a2bffff,Bakersfield W 5,,6.4,0.51,1635.0,routed,111.0,approach-review
8929aeb2a2fffff,Bakersfield W 7,,12.3,0.99,1574.0,routed,86.0,network-estimate
8929aeb2a33ffff,Bakersfield SW 10,,24.1,1.93,1098.0,routed,113.0,approach-review
8929aeb2a37ffff,Bakersfield W 12,,20.5,1.64,877.0,routed,24.0,network-estimate
8929aeb2a3bffff,Bakersfield SW 5,,22.5,1.8,135.0,routed,126.0,approach-review
8929aeb2a43ffff,Bakersfield S 3,,8.8,0.71,2043.0,routed,77.0,network-estimate
8929aeb2a47ffff,Bakersfield S 2,,10.1,0.81,1622.0,routed,82.0,network-estimate
8929aeb2a4bffff,Bakersfield SE 2,,5.5,0.44,1235.0,routed,36.0,network-estimate
8929aeb2a4fffff,Bakersfield S,,6.0,0.48,2135.0,routed,70.0,network-estimate
8929aeb2a53ffff,Bakersfield S 5,,13.5,1.08,2041.0,routed,62.0,network-estimate
8929aeb2a57ffff,Bakersfield S 4,,14.5,1.16,1307.0,routed,101.0,approach-review
8929aeb2a5bffff,Bakersfield SE 4,,9.6,0.77,2090.0,routed,86.0,network-estimate
8929aeb2a63ffff,Bakersfield W 2,,2.0,0.16,2035.0,routed,76.0,network-estimate
8929aeb2a67ffff,Bakersfield W 3,,4.9,0.39,1905.0,routed,102.0,approach-review
8929aeb2a6bffff,Bakersfield W,,6.0,0.48,2463.0,routed,98.0,network-estimate
8929aeb2a6fffff,Bakersfield NW 2,,6.1,0.48,1930.0,routed,114.0,approach-review
8929aeb2a73ffff,Bakersfield SW 2,,13.6,1.09,426.0,routed,120.0,approach-review
8929aeb2a77ffff,Bakersfield W 4,,3.0,0.24,436.0,routed,151.0,approach-review
8929aeb2a7bffff,Bakersfield SW,,7.3,0.59,1824.0,routed,108.0,approach-review
8929aeb2a83ffff,Bakersfield SW 18,,37.6,3.01,1291.0,routed,164.0,approach-review
8929aeb2a87ffff,Bakersfield SW 19,,38.3,3.06,1481.0,routed,30.0,network-estimate
8929aeb2a8bffff,Bakersfield SW 13,,31.5,2.52,1294.0,routed,114.0,approach-review
8929aeb2a8fffff,Bakersfield SW 14,,33.4,2.67,1661.0,routed,124.0,approach-review
8929aeb2a93ffff,Bakersfield SW 23,,38.3,3.06,1115.0,routed,135.0,approach-review
8929aeb2a97ffff,Bakersfield SW 24,,35.7,2.86,1416.0,routed,106.0,approach-review
8929aeb2a9bffff,Bakersfield S 17,,35.3,2.82,1536.0,routed,98.0,network-estimate
8929aeb2aa3ffff,Bakersfield SW 17,,28.9,2.31,810.0,routed,89.0,network-estimate
8929aeb2aa7ffff,Bakersfield SW 20,,27.0,2.16,1013.0,routed,104.0,approach-review
8929aeb2aabffff,Bakersfield SW 12,,28.7,2.3,1725.0,routed,72.0,network-estimate
8929aeb2aafffff,Bakersfield SW 15,,24.6,1.97,883.0,routed,59.0,network-estimate
8929aeb2ab3ffff,Bakersfield SW 21,,33.4,2.67,1170.0,routed,65.0,network-estimate
8929aeb2ab7ffff,Bakersfield SW 22,,27.0,2.16,1428.0,routed,75.0,network-estimate
8929aeb2abbffff,Bakersfield SW 16,,33.6,2.69,1823.0,routed,31.0,network-estimate
8929aeb2ac3ffff,Bakersfield S 10,,23.3,1.86,1832.0,routed,71.0,network-estimate
8929aeb2ac7ffff,Bakersfield S 9,,25.7,2.06,1625.0,routed,91.0,network-estimate
8929aeb2acbffff,Bakersfield S 8,,18.1,1.45,1891.0,routed,75.0,network-estimate
8929aeb2acfffff,Bakersfield S 6,,18.7,1.49,2027.0,routed,124.0,approach-review
8929aeb2ad3ffff,Bakersfield S 15,,27.4,2.19,1725.0,routed,116.0,approach-review
8929aeb2ad7ffff,Bakersfield S 13,,29.7,2.38,1744.0,routed,50.0,network-estimate
8929aeb2adbffff,Bakersfield S 12,,23.1,1.85,1195.0,routed,11.0,network-estimate
8929aeb2b03ffff,Bakersfield W 29,,13.8,1.1,0.0,routed,404.0,approach-review
8929aeb2b07ffff,Bakersfield W 36,,14.9,1.19,0.0,routed,294.0,approach-review
8929aeb2b0bffff,Bakersfield W 24,,8.0,0.64,144.0,routed,272.0,approach-review
8929aeb2b0fffff,Bakersfield W 31,,9.5,0.76,337.0,routed,158.0,approach-review
8929aeb2b13ffff,Bakersfield W 28,,22.3,1.78,766.0,routed,240.0,approach-review
8929aeb2b17ffff,Bakersfield W 34,,34.8,2.78,0.0,routed,322.0,approach-review
8929aeb2b1bffff,Bakersfield W 22,,29.2,2.34,643.0,routed,131.0,approach-review
8929aeb2b23ffff,Breakwater Apartments SE 25,,17.5,1.4,117.0,routed,231.0,approach-review
8929aeb2b27ffff,Breakwater Apartments SE 19,,19.7,1.57,397.0,routed,45.0,network-estimate
8929aeb2b2bffff,Breakwater Apartments E 29,,11.7,0.93,279.0,routed,96.0,network-estimate
8929aeb2b2fffff,Breakwater Apartments E 24,,16.7,1.34,103.0,routed,169.0,approach-review
8929aeb2b33ffff,Breakwater Apartments SE 27,,17.5,1.4,0.0,routed,434.0,approach-review
8929aeb2b37ffff,Breakwater Apartments SE 21,,24.2,1.93,162.0,routed,136.0,approach-review
8929aeb2b3bffff,Bakersfield W 38,,11.8,0.94,0.0,routed,203.0,approach-review
8929aeb2b43ffff,Bakersfield W 15,,23.3,1.87,500.0,routed,109.0,approach-review
8929aeb2b47ffff,Bakersfield W 20,,6.2,0.5,35.0,routed,95.0,network-estimate
8929aeb2b4bffff,Beach Park,,19.0,1.52,655.0,routed,117.0,approach-review
8929aeb2b4fffff,Bakersfield W 17,,7.8,0.62,0.0,routed,192.0,approach-review
8929aeb2b53ffff,Bakersfield W 13,,19.1,1.53,1020.0,routed,64.0,network-estimate
8929aeb2b57ffff,Yokuts Park,,25.3,2.02,378.0,routed,91.0,network-estimate
8929aeb2b5bffff,Bakersfield W 11,,18.0,1.44,788.0,routed,70.0,network-estimate
8929aeb2b63ffff,Bakersfield W 27,,3.8,0.3,224.0,routed,65.0,network-estimate
8929aeb2b6bffff,Bakersfield NW 29,,6.7,0.54,353.0,routed,44.0,network-estimate
8929aeb2b6fffff,Bakersfield NW 35,,8.5,0.68,260.0,routed,137.0,approach-review
8929aeb2b73ffff,Bakersfield W 26,,3.6,0.28,810.0,routed,37.0,network-estimate
8929aeb2b77ffff,Bakersfield W 33,,9.0,0.72,402.0,routed,125.0,approach-review
8929aeb2b7bffff,Bakersfield W 21,,2.3,0.18,435.0,routed,63.0,network-estimate
8929aeb2b83ffff,Bakersfield W 37,,25.4,2.03,282.0,routed,104.0,approach-review
8929aeb2b87ffff,Bakersfield W 41,,21.8,1.74,1128.0,routed,80.0,network-estimate
8929aeb2b8bffff,Bakersfield W 30,,17.0,1.36,431.0,routed,37.0,network-estimate
8929aeb2b8fffff,Bakersfield W 35,,30.7,2.45,1005.0,routed,125.0,approach-review
8929aeb2b93ffff,Bakersfield W 39,,7.0,0.56,672.0,routed,91.0,network-estimate
8929aeb2b97ffff,The Springs Apartment Homes NE 50,,9.6,0.77,643.0,routed,76.0,network-estimate
8929aeb2b9bffff,Bakersfield W 32,,12.4,0.99,761.0,routed,37.0,network-estimate
8929aeb2ba3ffff,Breakwater Apartments SE 29,,31.1,2.49,0.0,routed,235.0,approach-review
8929aeb2ba7ffff,Breakwater Apartments SE 24,,30.1,2.4,371.0,routed,160.0,approach-review
8929aeb2babffff,Breakwater Apartments SE 30,,33.9,2.71,0.0,routed,427.0,approach-review
8929aeb2bafffff,Breakwater Apartments SE 26,,31.0,2.48,4.0,routed,227.0,approach-review
8929aeb2bb3ffff,The Springs Apartment Homes NE 51,,23.0,1.84,0.0,routed,174.0,approach-review
8929aeb2bb7ffff,Breakwater Apartments SE 28,,23.9,1.91,104.0,routed,250.0,approach-review
8929aeb2bbbffff,Bakersfield W 40,,26.0,2.08,0.0,routed,351.0,approach-review
8929aeb2bc3ffff,Bakersfield W 19,,22.0,1.76,752.0,routed,94.0,network-estimate
8929aeb2bc7ffff,Bakersfield W 23,,21.9,1.75,360.0,routed,72.0,network-estimate
8929aeb2bcbffff,Bakersfield W 14,,25.0,2.0,0.0,routed,176.0,approach-review
8929aeb2bcfffff,Bakersfield W 18,,25.9,2.07,707.0,routed,76.0,network-estimate
8929aeb2bd3ffff,Bakersfield SW 25,,22.0,1.76,843.0,routed,60.0,network-estimate
8929aeb2bd7ffff,Bakersfield W 25,,16.9,1.35,213.0,routed,17.0,network-estimate
8929aeb2bdbffff,Bakersfield W 16,,24.7,1.98,313.0,routed,30.0,network-estimate
8929aeb2c03ffff,Coventry Place Apartments W 7,,27.0,2.16,1599.0,routed,162.0,approach-review
8929aeb2c07ffff,Coventry Place Apartments W 11,,22.1,1.77,1971.0,routed,113.0,approach-review
8929aeb2c0bffff,Coventry Place Apartments W 5,,30.0,2.4,1248.0,routed,123.0,approach-review
8929aeb2c0fffff,Coventry Place Apartments W 9,,23.2,1.86,1024.0,routed,104.0,approach-review
8929aeb2c13ffff,Coventry Place Apartments W 8,,31.0,2.48,1141.0,routed,96.0,network-estimate
8929aeb2c17ffff,Coventry Place Apartments W 10,,24.3,1.94,1600.0,routed,88.0,network-estimate
8929aeb2c1bffff,Coventry Place Apartments W 4,,32.2,2.57,1279.0,routed,102.0,approach-review
8929aeb2c23ffff,Coventry Place Apartments W 18,,12.1,0.97,2078.0,routed,1.0,network-estimate
8929aeb2c27ffff,Coventry Place Apartments W 24,,11.6,0.92,1159.0,routed,29.0,network-estimate
8929aeb2c2bffff,Coventry Place Apartments NW 13,,15.2,1.21,1210.0,routed,138.0,approach-review
8929aeb2c2fffff,Coventry Place Apartments NW 18,,9.4,0.75,1571.0,routed,34.0,network-estimate
8929aeb2c33ffff,Coventry Place Apartments W 16,,18.6,1.49,1964.0,routed,129.0,approach-review
8929aeb2c37ffff,Coventry Place Apartments W 22,,17.0,1.36,877.0,routed,71.0,network-estimate
8929aeb2c3bffff,Coventry Place Apartments W 13,,17.6,1.4,1556.0,routed,98.0,network-estimate
8929aeb2c43ffff,Coventry Place Apartments NW 2,,21.6,1.73,1156.0,routed,86.0,network-estimate
8929aeb2c47ffff,Coventry Place Apartments NW 4,,25.0,2.0,918.0,routed,92.0,network-estimate
8929aeb2c4bffff,Coventry Place Apartments N 2,,17.7,1.42,1199.0,routed,84.0,network-estimate
8929aeb2c4fffff,Coventry Place Apartments NW 3,,25.5,2.04,901.0,routed,107.0,approach-review
8929aeb2c53ffff,Coventry Place Apartments W,,25.2,2.02,1818.0,routed,121.0,approach-review
8929aeb2c57ffff,Coventry Place Apartments W 2,,28.2,2.25,1199.0,routed,104.0,approach-review
8929aeb2c5bffff,Coventry Place Apartments NW,,19.8,1.58,1458.0,routed,74.0,network-estimate
8929aeb2c63ffff,Coventry Place Apartments NW 9,,22.2,1.78,814.0,routed,70.0,network-estimate
8929aeb2c67ffff,Coventry Place Apartments NW 12,,16.2,1.29,1853.0,routed,53.0,network-estimate
8929aeb2c6bffff,Coventry Place Apartments NW 8,,23.2,1.86,1234.0,routed,44.0,network-estimate
8929aeb2c6fffff,Coventry Place Apartments NW 11,,17.5,1.4,1093.0,routed,64.0,network-estimate
8929aeb2c73ffff,Coventry Place Apartments NW 7,,25.4,2.03,1644.0,routed,120.0,approach-review
8929aeb2c77ffff,Coventry Place Apartments NW 10,,20.7,1.66,1591.0,routed,117.0,approach-review
8929aeb2c7bffff,Coventry Place Apartments NW 6,,27.5,2.2,1659.0,routed,142.0,approach-review
8929aeb2c83ffff,Coventry Place Apartments SW 12,,33.8,2.71,1330.0,routed,63.0,network-estimate
8929aeb2c87ffff,Coventry Place Apartments W 17,,33.2,2.65,1008.0,routed,151.0,approach-review
8929aeb2c8bffff,Coventry Place Apartments SW 8,,35.4,2.84,1431.0,routed,148.0,approach-review
8929aeb2c8fffff,Coventry Place Apartments W 12,,29.1,2.33,1447.0,routed,39.0,network-estimate
8929aeb2c93ffff,Coventry Place Apartments SW 14,,39.3,3.14,1516.0,routed,36.0,network-estimate
8929aeb2c97ffff,Coventry Place Apartments SW 17,,37.9,3.03,1964.0,routed,126.0,approach-review
8929aeb2c9bffff,Coventry Place Apartments SW 10,,39.5,3.16,1748.0,routed,106.0,approach-review
8929aeb2ca3ffff,Coventry Place Apartments W 19,,31.1,2.49,1539.0,routed,151.0,approach-review
8929aeb2ca7ffff,The Springs Apartment Homes SE 27,,26.5,2.12,835.0,routed,74.0,network-estimate
8929aeb2cabffff,Coventry Place Apartments W 14,,24.1,1.93,1265.0,routed,96.0,network-estimate
8929aeb2cafffff,Coventry Place Apartments W 20,,22.3,1.78,1736.0,routed,147.0,approach-review
8929aeb2cb3ffff,Coventry Place Apartments W 21,,34.7,2.78,1427.0,routed,149.0,approach-review
8929aeb2cb7ffff,Coventry Place Apartments W 25,,30.6,2.45,1799.0,routed,117.0,approach-review
8929aeb2cbbffff,Coventry Place Apartments W 15,,29.1,2.33,1227.0,routed,120.0,approach-review
8929aeb2cc3ffff,Coventry Place Apartments SW 4,,36.5,2.92,1169.0,routed,163.0,approach-review
8929aeb2cc7ffff,Coventry Place Apartments W 6,,36.2,2.89,1674.0,routed,91.0,network-estimate
8929aeb2ccbffff,Coventry Place Apartments SW 2,,30.6,2.45,1369.0,routed,109.0,approach-review
8929aeb2ccfffff,Coventry Place Apartments W 3,,30.9,2.47,1211.0,routed,185.0,approach-review
8929aeb2cd3ffff,Coventry Place Apartments SW 5,,41.1,3.29,810.0,routed,145.0,approach-review
8929aeb2cd7ffff,Coventry Place Apartments SW 6,,40.8,3.26,1366.0,routed,159.0,approach-review
8929aeb2cdbffff,Coventry Place Apartments SW 3,,35.3,2.83,1102.0,routed,48.0,network-estimate
8929aeb2d03ffff,The Springs Apartment Homes E 9,,25.3,2.02,1579.0,routed,58.0,network-estimate
8929aeb2d07ffff,The Springs Apartment Homes E 5,,27.2,2.17,1516.0,routed,108.0,approach-review
8929aeb2d0bffff,The Springs Apartment Homes E 11,,18.9,1.52,1602.0,routed,106.0,approach-review
8929aeb2d0fffff,The Springs Apartment Homes E 8,,20.4,1.64,1460.0,routed,88.0,network-estimate
8929aeb2d13ffff,The Springs Apartment Homes E 10,,29.2,2.34,1990.0,routed,161.0,approach-review
8929aeb2d17ffff,The Springs Apartment Homes E 7,,30.9,2.47,1113.0,routed,156.0,approach-review
8929aeb2d1bffff,The Springs Apartment Homes E 13,,24.4,1.95,780.0,routed,132.0,approach-review
8929aeb2d23ffff,The Springs Apartment Homes NE 4,,23.0,1.84,563.0,routed,174.0,approach-review
8929aeb2d27ffff,The Springs Apartment Homes NE 3,,19.4,1.56,1322.0,routed,34.0,network-estimate
8929aeb2d2bffff,The Springs Apartment Homes NE 7,,24.2,1.94,0.0,routed,215.0,approach-review
8929aeb2d2fffff,The Springs Apartment Homes NE 6,,19.7,1.58,1456.0,routed,140.0,approach-review
8929aeb2d33ffff,The Springs Apartment Homes E 3,,29.5,2.36,1007.0,routed,229.0,approach-review
8929aeb2d37ffff,The Springs Apartment Homes NE 2,,22.0,1.76,510.0,routed,253.0,approach-review
8929aeb2d3bffff,The Springs Apartment Homes E 6,,34.3,2.74,1077.0,routed,19.0,network-estimate
8929aeb2d43ffff,The Springs Apartment Homes E 20,,9.0,0.72,1327.0,routed,120.0,approach-review
8929aeb2d47ffff,The Springs Apartment Homes E 15,,10.8,0.87,1285.0,routed,84.0,network-estimate
8929aeb2d4bffff,The Springs Apartment Homes E 26,,1.5,0.12,1113.0,routed,73.0,network-estimate
8929aeb2d4fffff,The Springs Apartment Homes E 21,,7.8,0.62,935.0,routed,146.0,approach-review
8929aeb2d53ffff,The Springs Apartment Homes E 22,,15.9,1.27,933.0,routed,126.0,approach-review
8929aeb2d57ffff,The Springs Apartment Homes E 16,,14.7,1.18,226.0,routed,211.0,approach-review
8929aeb2d5bffff,The Springs Apartment Homes E 27,,6.9,0.55,968.0,routed,144.0,approach-review
8929aeb2d63ffff,The Springs Apartment Homes NE 13,,21.3,1.7,1431.0,routed,161.0,approach-review
8929aeb2d6bffff,The Springs Apartment Homes NE 18,,16.6,1.32,1163.0,routed,178.0,approach-review
8929aeb2d6fffff,The Springs Apartment Homes NE 14,,28.8,2.3,1599.0,routed,154.0,approach-review
8929aeb2d73ffff,The Springs Apartment Homes E 12,,15.8,1.26,1640.0,routed,62.0,network-estimate
8929aeb2d7bffff,The Springs Apartment Homes E 17,,13.7,1.1,722.0,routed,273.0,approach-review
8929aeb2d83ffff,The Springs Apartment Homes SE 11,,35.7,2.86,1491.0,routed,196.0,approach-review
8929aeb2d87ffff,The Springs Apartment Homes SE 7,,38.2,3.06,1458.0,routed,85.0,network-estimate
8929aeb2d8bffff,The Springs Apartment Homes SE 12,,29.4,2.36,1399.0,routed,87.0,network-estimate
8929aeb2d8fffff,The Springs Apartment Homes SE 8,,32.1,2.57,1659.0,routed,85.0,network-estimate
8929aeb2d93ffff,The Springs Apartment Homes SE 14,,39.0,3.12,1379.0,routed,62.0,network-estimate
8929aeb2d97ffff,The Springs Apartment Homes SE 9,,43.4,3.47,1437.0,routed,166.0,approach-review
8929aeb2d9bffff,The Springs Apartment Homes SE 15,,33.4,2.67,1364.0,routed,151.0,approach-review
8929aeb2da3ffff,The Springs Apartment Homes SE 3,,38.5,3.08,1724.0,routed,124.0,approach-review
8929aeb2da7ffff,The Springs Apartment Homes SE,,25.8,2.06,2432.0,routed,129.0,approach-review
8929aeb2dabffff,The Springs Apartment Homes E 4,,32.0,2.56,1454.0,routed,164.0,approach-review
8929aeb2dafffff,The Springs Apartment Homes E 2,,26.6,2.13,1536.0,routed,147.0,approach-review
8929aeb2db3ffff,The Springs Apartment Homes SE 4,,37.0,2.96,1643.0,routed,95.0,network-estimate
8929aeb2db7ffff,The Springs Apartment Homes SE 2,,35.0,2.8,1815.0,routed,109.0,approach-review
8929aeb2dbbffff,The Springs Apartment Homes SE 5,,36.7,2.94,1661.0,routed,136.0,approach-review
8929aeb2dc3ffff,The Springs Apartment Homes E 19,,21.8,1.74,1558.0,routed,132.0,approach-review
8929aeb2dc7ffff,The Springs Apartment Homes E 14,,23.7,1.89,2339.0,routed,67.0,network-estimate
8929aeb2dcbffff,The Springs Apartment Homes E 24,,16.8,1.34,1796.0,routed,116.0,approach-review
8929aeb2dcfffff,The Springs Apartment Homes E 18,,20.7,1.66,1545.0,routed,125.0,approach-review
8929aeb2dd3ffff,The Springs Apartment Homes SE 20,,29.6,2.37,1397.0,routed,179.0,approach-review
8929aeb2dd7ffff,The Springs Apartment Homes SE 16,,27.1,2.16,1447.0,routed,162.0,approach-review
8929aeb2ddbffff,The Springs Apartment Homes E 25,,21.8,1.74,1331.0,routed,110.0,approach-review
8929aeb2e03ffff,Coventry Place Apartments NE 10,,18.7,1.49,1282.0,routed,165.0,approach-review
8929aeb2e13ffff,Coventry Place Apartments NE 7,,13.6,1.09,1608.0,routed,86.0,network-estimate
8929aeb2e17ffff,Coventry Place Apartments N 7,,19.5,1.56,1107.0,routed,66.0,network-estimate
8929aeb2e1bffff,Coventry Place Apartments NE 11,,14.4,1.15,1324.0,routed,155.0,approach-review
8929aeb2e27ffff,Coventry Place Apartments N 13,,35.5,2.84,1106.0,routed,123.0,approach-review
8929aeb2e2fffff,Coventry Place Apartments N 14,,39.7,3.17,1113.0,routed,105.0,approach-review
8929aeb2e33ffff,Coventry Place Apartments N 11,,29.8,2.38,972.0,routed,122.0,approach-review
8929aeb2e43ffff,Coventry Place Apartments NE 17,,22.0,1.76,1292.0,routed,217.0,approach-review
8929aeb2e47ffff,Coventry Place Apartments NE 15,,21.3,1.7,2042.0,routed,54.0,network-estimate
8929aeb2e4bffff,Coventry Place Apartments NE 22,,29.0,2.32,531.0,routed,64.0,network-estimate
8929aeb2e4fffff,Coventry Place Apartments NE 20,,26.8,2.14,1268.0,routed,91.0,network-estimate
8929aeb2e53ffff,Coventry Place Apartments NE 14,,18.2,1.46,1669.0,routed,70.0,network-estimate
8929aeb2e57ffff,Coventry Place Apartments NE 13,,16.7,1.33,1950.0,routed,90.0,network-estimate
8929aeb2e5bffff,Coventry Place Apartments NE 18,,25.0,2.0,394.0,routed,61.0,network-estimate
8929aeb2e63ffff,Coventry Place Apartments N 16,,31.1,2.48,1512.0,routed,132.0,approach-review
8929aeb2e67ffff,Bakersfield S 23,,32.7,2.62,1261.0,routed,141.0,approach-review
8929aeb2e6bffff,Bakersfield S 21,,28.7,2.3,1499.0,routed,53.0,network-estimate
8929aeb2e6fffff,Bakersfield S 19,,31.3,2.5,1369.0,routed,70.0,network-estimate
8929aeb2e7bffff,Coventry Place Apartments NE 19,,26.1,2.09,1853.0,routed,92.0,network-estimate
8929aeb2e83ffff,Coventry Place Apartments NE 2,,9.8,0.79,1718.0,routed,140.0,approach-review
8929aeb2e87ffff,Coventry Place Apartments N 3,,16.7,1.33,1322.0,routed,66.0,network-estimate
8929aeb2e8bffff,Coventry Place Apartments NE 5,,9.1,0.72,1618.0,routed,149.0,approach-review
8929aeb2e8fffff,Coventry Place Apartments NE 4,,14.9,1.19,805.0,routed,84.0,network-estimate
8929aeb2e93ffff,Coventry Place Apartments NE,,11.3,0.9,1283.0,routed,82.0,network-estimate
8929aeb2e97ffff,Coventry Place Apartments N,,13.6,1.09,1224.0,routed,65.0,network-estimate
8929aeb2e9bffff,Coventry Place Apartments NE 3,,4.9,0.39,1444.0,routed,114.0,approach-review
8929aeb2ea3ffff,Coventry Place Apartments N 6,,26.9,2.15,1239.0,routed,58.0,network-estimate
8929aeb2ea7ffff,Coventry Place Apartments N 9,,28.6,2.29,1539.0,routed,98.0,network-estimate
8929aeb2eabffff,Coventry Place Apartments N 8,,25.1,2.0,804.0,routed,132.0,approach-review
8929aeb2eafffff,Coventry Place Apartments N 10,,31.0,2.48,609.0,routed,96.0,network-estimate
8929aeb2eb3ffff,Coventry Place Apartments N 4,,22.7,1.81,1147.0,routed,59.0,network-estimate
8929aeb2eb7ffff,Coventry Place Apartments NW 5,,28.7,2.3,1722.0,routed,139.0,approach-review
8929aeb2ebbffff,Coventry Place Apartments N 5,,21.7,1.74,756.0,routed,69.0,network-estimate
8929aeb2ec3ffff,Coventry Place Apartments NE 9,,7.6,0.6,2174.0,routed,129.0,approach-review
8929aeb2ec7ffff,Coventry Place Apartments NE 8,,9.7,0.78,1655.0,routed,212.0,approach-review
8929aeb2ecfffff,Coventry Place Apartments NE 12,,12.4,0.99,1965.0,routed,11.0,network-estimate
8929aeb2ed3ffff,Coventry Place Apartments E 9,,3.1,0.25,1586.0,routed,74.0,network-estimate
8929aeb2ed7ffff,Coventry Place Apartments NE 6,,2.8,0.22,1453.0,routed,171.0,approach-review
8929aeb3023ffff,Crestview Meadows SW 56,,86.2,6.9,584.0,routed,342.0,approach-review
8929aeb3027ffff,Crestview Meadows SW 57,,87.8,7.03,0.0,routed,518.0,approach-review
8929aeb302bffff,Crestview Meadows S 11,,81.2,6.5,671.0,routed,162.0,approach-review
8929aeb302fffff,Crestview Meadows SW 48,,83.4,6.67,315.0,routed,163.0,approach-review
8929aeb3033ffff,Crestview Meadows S 12,,91.8,7.35,638.0,routed,254.0,approach-review
8929aeb3037ffff,Crestview Meadows SW 64,,92.1,7.37,0.0,routed,464.0,approach-review
8929aeb3063ffff,Crestview Meadows S 10,,84.0,6.72,994.0,routed,224.0,approach-review
8929aeb3067ffff,Crestview Meadows S 9,,78.3,6.27,943.0,routed,143.0,approach-review
8929aeb306bffff,Crestview Meadows S 8,,77.8,6.23,182.0,routed,429.0,approach-review
8929aeb306fffff,Crestview Meadows S 7,,78.1,6.24,497.0,routed,206.0,approach-review
8929aeb30afffff,Crestview Meadows SW 70,,97.7,7.82,618.0,routed,208.0,approach-review
8929aeb3103ffff,Crestview Meadows SW 68,,85.5,6.84,0.0,routed,1090.0,approach-review
8929aeb3107ffff,Crestview Meadows SW 69,,69.2,5.53,0.0,routed,953.0,approach-review
8929aeb310bffff,Crestview Meadows SW 61,,81.9,6.56,0.0,routed,803.0,approach-review
8929aeb310fffff,Crestview Meadows SW 62,,81.6,6.53,0.0,routed,779.0,approach-review
8929aeb3113ffff,Crestview Meadows SW 74,,91.0,7.28,0.0,routed,937.0,approach-review
8929aeb3117ffff,Village at Lakeside NE 100,,83.7,6.7,0.0,routed,960.0,approach-review
8929aeb311bffff,Crestview Meadows SW 67,,86.5,6.92,0.0,routed,885.0,approach-review
8929aeb3123ffff,Bakersfield SE 95,,58.4,4.67,0.0,routed,640.0,approach-review
8929aeb3127ffff,Bakersfield SE 91,,53.6,4.29,58.0,routed,446.0,approach-review
8929aeb312bffff,Crestview Meadows SW 59,,59.8,4.78,0.0,routed,546.0,approach-review
8929aeb312fffff,Bakersfield SE 93,,54.8,4.38,0.0,routed,333.0,approach-review
8929aeb3133ffff,Bakersfield SE 96,,61.8,4.94,0.0,routed,907.0,approach-review
8929aeb3137ffff,Bakersfield SE 94,,57.9,4.63,37.0,routed,792.0,approach-review
8929aeb313bffff,Crestview Meadows SW 63,,63.1,5.05,0.0,routed,887.0,approach-review
8929aeb3143ffff,Crestview Meadows SW 51,,84.3,6.74,0.0,routed,564.0,approach-review
8929aeb3147ffff,Crestview Meadows SW 52,,79.8,6.39,0.0,routed,355.0,approach-review
8929aeb314bffff,Crestview Meadows SW 41,,80.6,6.45,0.0,routed,274.0,approach-review
8929aeb314fffff,Crestview Meadows SW 43,,81.7,6.53,606.0,routed,251.0,approach-review
8929aeb3153ffff,Crestview Meadows SW 58,,88.5,7.08,0.0,routed,780.0,approach-review
8929aeb3157ffff,Crestview Meadows SW 60,,84.1,6.73,0.0,routed,699.0,approach-review
8929aeb315bffff,Crestview Meadows SW 49,,85.2,6.82,0.0,routed,638.0,approach-review
8929aeb3163ffff,Crestview Meadows SW 46,,73.1,5.85,199.0,routed,371.0,approach-review
8929aeb3167ffff,Crestview Meadows SW 50,,73.7,5.9,0.0,routed,517.0,approach-review
8929aeb316bffff,Crestview Meadows SW 36,,71.3,5.7,2091.0,routed,166.0,approach-review
8929aeb316fffff,Crestview Meadows SW 38,,70.0,5.6,175.0,routed,223.0,approach-review
8929aeb3173ffff,Crestview Meadows SW 54,,77.6,6.2,0.0,routed,452.0,approach-review
8929aeb3177ffff,Crestview Meadows SW 55,,66.0,5.28,0.0,routed,697.0,approach-review
8929aeb317bffff,Crestview Meadows SW 45,,75.8,6.06,1123.0,routed,249.0,approach-review
8929aeb3183ffff,Village at Lakeside NE 94,,83.4,6.67,0.0,routed,867.0,approach-review
8929aeb3187ffff,Village at Lakeside NE 90,,78.8,6.3,0.0,routed,564.0,approach-review
8929aeb318bffff,Village at Lakeside NE 101,,91.4,7.31,0.0,routed,190.0,approach-review
8929aeb318fffff,Village at Lakeside NE 96,,82.6,6.61,0.0,routed,866.0,approach-review
8929aeb3193ffff,Village at Lakeside NE 92,,86.6,6.93,0.0,routed,583.0,approach-review
8929aeb3197ffff,Village at Lakeside NE 87,,81.1,6.49,0.0,routed,685.0,approach-review
8929aeb319bffff,Village at Lakeside NE 98,,91.3,7.3,0.0,routed,176.0,approach-review
8929aeb31a3ffff,Village at Lakeside NE 91,,77.5,6.2,0.0,routed,458.0,approach-review
8929aeb31a7ffff,Village at Lakeside NE 88,,63.3,5.06,362.0,routed,734.0,approach-review
8929aeb31abffff,Village at Lakeside NE 97,,81.8,6.54,0.0,routed,804.0,approach-review
8929aeb31afffff,Coventry Place Apartments E 67,,62.4,5.0,7.0,routed,961.0,approach-review
8929aeb31b3ffff,Village at Lakeside NE 86,,74.6,5.97,0.0,routed,231.0,approach-review
8929aeb31b7ffff,Village at Lakeside NE 84,,74.5,5.96,365.0,routed,224.0,approach-review
8929aeb31bbffff,Village at Lakeside NE 93,,79.1,6.33,0.0,routed,591.0,approach-review
8929aeb31c3ffff,Crestview Meadows SW 72,,98.0,7.84,0.0,routed,297.0,approach-review
8929aeb31c7ffff,Crestview Meadows SW 73,,91.1,7.29,0.0,routed,435.0,approach-review
8929aeb31cbffff,Crestview Meadows SW 65,,93.5,7.48,0.0,routed,492.0,approach-review
8929aeb31cfffff,Crestview Meadows SW 66,,89.3,7.14,0.0,routed,287.0,approach-review
8929aeb31d3ffff,Crestview Meadows SW 75,,97.9,7.83,49.0,routed,162.0,approach-review
8929aeb31d7ffff,Village at Lakeside NE 103,,92.8,7.43,0.0,routed,301.0,approach-review
8929aeb31dbffff,Crestview Meadows SW 71,,100.8,8.06,110.0,routed,395.0,approach-review
8929aeb3327ffff,Crestview Meadows SW 8,,58.0,4.64,717.0,routed,73.0,network-estimate
8929aeb3337ffff,Crestview Meadows SW 11,,62.6,5.0,1343.0,routed,46.0,network-estimate
8929aeb3383ffff,Crestview Meadows SW 30,,72.2,5.78,141.0,routed,110.0,approach-review
8929aeb3387ffff,Crestview Meadows SW 31,,73.7,5.9,84.0,routed,296.0,approach-review
8929aeb338bffff,Crestview Meadows SW 20,,69.2,5.53,1405.0,routed,150.0,approach-review
8929aeb338fffff,Crestview Meadows SW 21,,67.5,5.4,684.0,routed,120.0,approach-review
8929aeb3393ffff,Crestview Meadows SW 39,,75.7,6.05,168.0,routed,206.0,approach-review
8929aeb3397ffff,Crestview Meadows SW 40,,76.7,6.14,0.0,routed,387.0,approach-review
8929aeb339bffff,Crestview Meadows S 6,,73.9,5.91,1661.0,routed,159.0,approach-review
8929aeb33a3ffff,Crestview Meadows SW 23,,71.5,5.72,1415.0,routed,185.0,approach-review
8929aeb33a7ffff,Crestview Meadows SW 26,,72.9,5.83,1926.0,routed,118.0,approach-review
8929aeb33afffff,Crestview Meadows SW 16,,67.3,5.39,1576.0,routed,21.0,network-estimate
8929aeb33b3ffff,Crestview Meadows SW 32,,76.1,6.09,1071.0,routed,156.0,approach-review
8929aeb33b7ffff,Crestview Meadows SW 34,,78.8,6.3,1742.0,routed,51.0,network-estimate
8929aeb33c3ffff,Crestview Meadows S 3,,67.1,5.37,781.0,routed,30.0,network-estimate
8929aeb33c7ffff,Crestview Meadows S 2,,70.8,5.66,839.0,routed,70.0,network-estimate
8929aeb33d3ffff,Crestview Meadows S 5,,70.7,5.66,594.0,routed,230.0,approach-review
8929aeb33d7ffff,Crestview Meadows S 4,,73.2,5.86,1162.0,routed,75.0,network-estimate
8929aeb3503ffff,Village at Lakeside E 90,,103.6,8.29,0.0,routed,1155.0,approach-review
8929aeb3507ffff,Village at Lakeside E 88,,97.9,7.83,0.0,routed,1120.0,approach-review
8929aeb350bffff,Historic Vineyard Apartments NW 35,,107.8,8.62,0.0,routed,925.0,approach-review
8929aeb350fffff,Village at Lakeside E 91,,100.6,8.05,0.0,routed,920.0,approach-review
8929aeb3513ffff,Historic Vineyard Apartments NW 33,,110.0,8.8,0.0,routed,1290.0,approach-review
8929aeb3517ffff,Village at Lakeside E 87,,102.7,8.22,0.0,routed,1099.0,approach-review
8929aeb351bffff,Historic Vineyard Apartments NW 34,,112.6,9.01,0.0,routed,1088.0,approach-review
8929aeb3523ffff,Village at Lakeside NE 82,,88.7,7.1,0.0,routed,776.0,approach-review
8929aeb3527ffff,Village at Lakeside NE 78,,83.9,6.71,0.0,routed,812.0,approach-review
8929aeb352bffff,Village at Lakeside NE 89,,90.1,7.21,0.0,routed,865.0,approach-review
8929aeb352fffff,Village at Lakeside NE 85,,83.9,6.71,0.0,routed,808.0,approach-review
8929aeb3533ffff,Village at Lakeside E 85,,92.2,7.38,0.0,routed,1060.0,approach-review
8929aeb3537ffff,Village at Lakeside NE 75,,88.6,7.09,0.0,routed,766.0,approach-review
8929aeb353bffff,Village at Lakeside E 89,,95.6,7.65,0.0,routed,944.0,approach-review
8929aeb3563ffff,Village at Lakeside NE 99,,100.5,8.04,0.0,routed,343.0,approach-review
8929aeb3567ffff,Village at Lakeside NE 95,,95.8,7.66,0.0,routed,540.0,approach-review
8929aeb356fffff,Village at Lakeside NE 102,,98.7,7.9,0.0,routed,358.0,approach-review
8929aeb3573ffff,Village at Lakeside E 93,,103.6,8.29,0.0,routed,595.0,approach-review
8929aeb3577ffff,Village at Lakeside E 92,,99.0,7.92,0.0,routed,791.0,approach-review
8929aeb3583ffff,Historic Vineyard Apartments NW 32,,110.4,8.83,0.0,routed,1139.0,approach-review
8929aeb3587ffff,Village at Lakeside E 82,,106.3,8.5,0.0,routed,992.0,approach-review
8929aeb358bffff,Historic Vineyard Apartments NW 31,,109.1,8.73,0.0,routed,1092.0,approach-review
8929aeb358fffff,Village at Lakeside E 86,,105.8,8.46,0.0,routed,1344.0,approach-review
8929aeb3593ffff,Historic Vineyard Apartments NW 29,,108.2,8.66,0.0,routed,964.0,approach-review
8929aeb3597ffff,Village at Lakeside E 81,,112.9,9.03,0.0,routed,1124.0,approach-review
8929aeb359bffff,Historic Vineyard Apartments NW 28,,105.8,8.47,0.0,routed,833.0,approach-review
8929aeb35a3ffff,Village at Lakeside E 78,,97.6,7.8,0.0,routed,1096.0,approach-review
8929aeb35a7ffff,Village at Lakeside E 72,,95.1,7.6,0.0,routed,896.0,approach-review
8929aeb35abffff,Village at Lakeside E 84,,96.9,7.75,0.0,routed,1044.0,approach-review
8929aeb35afffff,Village at Lakeside E 79,,93.2,7.45,0.0,routed,746.0,approach-review
8929aeb35b3ffff,Village at Lakeside E 77,,102.1,8.17,0.0,routed,1055.0,approach-review
8929aeb35b7ffff,Village at Lakeside E 71,,99.6,7.97,0.0,routed,853.0,approach-review
8929aeb35bbffff,Village at Lakeside E 83,,101.6,8.13,0.0,routed,1011.0,approach-review
8929aeb35c7ffff,Historic Vineyard Apartments NW 30,,110.5,8.84,265.0,routed,920.0,approach-review
8929aeb35d7ffff,Historic Vineyard Apartments NW 27,,105.1,8.41,371.0,routed,789.0,approach-review
8929aeb4003ffff,Gossamer Grove W 4,,133.2,10.66,0.0,routed,314.0,approach-review
8929aeb4007ffff,Gossamer Grove W 5,,136.6,10.93,0.0,routed,235.0,approach-review
8929aeb400fffff,Gossamer Grove W 3,,135.9,10.88,325.0,routed,182.0,approach-review
8929aeb4013ffff,Gossamer Grove SW 41,,126.2,10.1,0.0,routed,462.0,approach-review
8929aeb4017ffff,Gossamer Grove W 6,,129.7,10.38,0.0,routed,413.0,approach-review
8929aeb4033ffff,Gossamer Grove W 7,,140.8,11.26,0.0,routed,569.0,approach-review
8929aeb4043ffff,Gossamer Grove W,,132.6,10.61,0.0,routed,265.0,approach-review
8929aeb4053ffff,Gossamer Grove SW 23,,127.8,10.23,0.0,routed,310.0,approach-review
8929aeb4057ffff,Gossamer Grove W 2,,129.0,10.32,344.0,routed,140.0,approach-review
8929aeb405bffff,Gossamer Grove SW 17,,123.5,9.88,0.0,routed,447.0,approach-review
8929aeb4083ffff,Gossamer Grove SW 50,,125.5,10.04,0.0,routed,597.0,approach-review
8929aeb4087ffff,Gossamer Grove SW 54,,132.2,10.57,0.0,routed,609.0,approach-review
8929aeb408bffff,Gossamer Grove SW 44,,122.2,9.77,0.0,routed,330.0,approach-review
8929aeb408fffff,Gossamer Grove SW 48,,127.7,10.21,0.0,routed,250.0,approach-review
8929aeb4093ffff,Gossamer Grove SW 52,,122.3,9.78,0.0,routed,508.0,approach-review
8929aeb4097ffff,Gossamer Grove SW 56,,127.2,10.18,0.0,routed,578.0,approach-review
8929aeb409bffff,Gossamer Grove SW 46,,119.9,9.59,0.0,routed,409.0,approach-review
8929aeb40a3ffff,Bishop Acres E 29,,138.5,11.08,0.0,routed,586.0,approach-review
8929aeb40a7ffff,Bishop Acres E 25,,144.4,11.55,0.0,routed,653.0,approach-review
8929aeb40abffff,Gossamer Grove W 8,,138.6,11.08,0.0,routed,590.0,approach-review
8929aeb40afffff,Bishop Acres E 28,,144.5,11.56,0.0,routed,708.0,approach-review
8929aeb40b3ffff,Bishop Acres E 30,,136.7,10.94,0.0,routed,41.0,network-estimate
8929aeb40b7ffff,Bishop Acres E 26,,141.0,11.28,0.0,routed,784.0,approach-review
8929aeb40bbffff,Gossamer Grove W 9,,131.8,10.55,0.0,routed,582.0,approach-review
8929aeb40c3ffff,Gossamer Grove SW 34,,120.1,9.61,365.0,routed,72.0,network-estimate
8929aeb40cbffff,Gossamer Grove SW 27,,123.5,9.88,0.0,routed,236.0,approach-review
8929aeb40cfffff,Gossamer Grove SW 31,,124.2,9.94,364.0,routed,195.0,approach-review
8929aeb40d3ffff,Gossamer Grove SW 36,,114.6,9.17,35.0,routed,85.0,network-estimate
8929aeb40d7ffff,Gossamer Grove SW 39,,118.3,9.46,0.0,routed,31.0,network-estimate
8929aeb40dbffff,Gossamer Grove SW 29,,121.0,9.68,0.0,routed,55.0,network-estimate
8929aeb4183ffff,Bishop Acres E 10,,163.0,13.04,571.0,routed,57.0,network-estimate
8929aeb4187ffff,Bishop Acres E 7,,179.5,14.36,65.0,routed,44.0,network-estimate
8929aeb4193ffff,Bishop Acres E 11,,166.6,13.33,364.0,routed,348.0,approach-review
8929aeb4197ffff,Bishop Acres E 8,,183.2,14.66,0.0,routed,269.0,approach-review
8929aeb419bffff,Bishop Acres E 13,,159.2,12.74,0.0,routed,546.0,approach-review
8929aeb41d3ffff,Bishop Acres E 20,,149.4,11.95,0.0,routed,856.0,approach-review
8929aeb41d7ffff,Bishop Acres E 16,,155.1,12.41,0.0,routed,221.0,approach-review
8929aeb41dbffff,Bishop Acres E 24,,148.6,11.89,0.0,routed,782.0,approach-review
8929aeb4293ffff,Gossamer Grove SW 7,,115.5,9.24,0.0,routed,200.0,approach-review
8929aeb4297ffff,Gossamer Grove SW 11,,119.3,9.55,0.0,routed,424.0,approach-review
8929aeb429bffff,Gossamer Grove SW 4,,111.8,8.94,1185.0,routed,136.0,approach-review
8929aeb42d3ffff,Gossamer Grove SW,,105.3,8.42,208.0,routed,140.0,approach-review
8929aeb4403ffff,The Polo Greens NW 35,,105.6,8.45,1509.0,routed,170.0,approach-review
8929aeb4407ffff,Sablewood Gardens Apartments N 20,,107.4,8.59,356.0,routed,282.0,approach-review
8929aeb440bffff,The Polo Greens NW 34,,101.6,8.13,581.0,routed,60.0,network-estimate
8929aeb440fffff,The Polo Greens NW 36,,106.9,8.55,741.0,routed,227.0,approach-review
8929aeb4413ffff,Sablewood Gardens Apartments N 16,,101.0,8.08,1577.0,routed,68.0,network-estimate
8929aeb4417ffff,Sablewood Gardens Apartments N 18,,102.8,8.23,1700.0,routed,125.0,approach-review
8929aeb441bffff,The Polo Greens NW 32,,99.0,7.92,965.0,routed,146.0,approach-review
8929aeb4423ffff,Gossamer Grove SW 59,,114.7,9.17,0.0,routed,792.0,approach-review
8929aeb4427ffff,Bishop Acres SE 54,,123.3,9.86,0.0,routed,966.0,approach-review
8929aeb442bffff,Gossamer Grove SW 55,,115.3,9.23,0.0,routed,600.0,approach-review
8929aeb442fffff,Gossamer Grove SW 57,,126.0,10.08,0.0,routed,812.0,approach-review
8929aeb4433ffff,Sablewood Gardens Apartments N 22,,110.1,8.81,410.0,routed,507.0,approach-review
8929aeb4437ffff,Bishop Acres SE 56,,113.7,9.1,233.0,routed,716.0,approach-review
8929aeb443bffff,Gossamer Grove SW 58,,111.0,8.88,0.0,routed,404.0,approach-review
8929aeb4443ffff,The Polo Greens NW 30,,101.4,8.11,1975.0,routed,103.0,approach-review
8929aeb4447ffff,The Polo Greens NW 33,,100.4,8.04,1352.0,routed,86.0,network-estimate
8929aeb444bffff,The Polo Greens NW 28,,102.2,8.17,2161.0,routed,113.0,approach-review
8929aeb444fffff,Gossamer Grove SW 42,,106.0,8.48,1632.0,routed,109.0,approach-review
8929aeb4453ffff,The Polo Greens NW 26,,96.7,7.74,1321.0,routed,150.0,approach-review
8929aeb4457ffff,The Polo Greens NW 31,,95.8,7.67,360.0,routed,128.0,approach-review
8929aeb445bffff,The Polo Greens NW 25,,103.0,8.24,968.0,routed,186.0,approach-review
8929aeb4463ffff,Gossamer Grove SW 47,,110.1,8.81,192.0,routed,274.0,approach-review
8929aeb4467ffff,Gossamer Grove SW 49,,115.3,9.22,109.0,routed,420.0,approach-review
8929aeb446bffff,Gossamer Grove SW 40,,110.1,8.81,504.0,routed,50.0,network-estimate
8929aeb446fffff,Gossamer Grove SW 43,,114.6,9.17,247.0,routed,328.0,approach-review
8929aeb4473ffff,Gossamer Grove SW 51,,108.0,8.64,1168.0,routed,184.0,approach-review
8929aeb4477ffff,Gossamer Grove SW 53,,110.3,8.83,0.0,routed,417.0,approach-review
8929aeb447bffff,Gossamer Grove SW 45,,105.2,8.41,1158.0,routed,55.0,network-estimate
8929aeb4483ffff,Sablewood Gardens Apartments N 12,,92.6,7.41,425.0,routed,235.0,approach-review
8929aeb4487ffff,Sablewood Gardens Apartments N 14,,91.9,7.35,442.0,routed,145.0,approach-review
8929aeb448bffff,Sablewood Gardens Apartments N 13,,93.0,7.44,1254.0,routed,130.0,approach-review
8929aeb448fffff,Sablewood Gardens Apartments N 15,,97.1,7.77,1085.0,routed,134.0,approach-review
8929aeb4493ffff,Sablewood Gardens Apartments N 8,,84.1,6.73,372.0,routed,365.0,approach-review
8929aeb4497ffff,Sablewood Gardens Apartments NW 6,,93.0,7.44,357.0,routed,231.0,approach-review
8929aeb449bffff,Sablewood Gardens Apartments N 9,,88.2,7.05,827.0,routed,36.0,network-estimate
8929aeb44a3ffff,Sablewood Gardens Apartments NW 11,,100.6,8.05,24.0,routed,248.0,approach-review
8929aeb44a7ffff,Sablewood Gardens Apartments NW 14,,103.7,8.3,327.0,routed,499.0,approach-review
8929aeb44abffff,Sablewood Gardens Apartments N 19,,106.0,8.48,182.0,routed,177.0,approach-review
8929aeb44afffff,Sablewood Gardens Apartments N 21,,105.1,8.41,0.0,routed,610.0,approach-review
8929aeb44b3ffff,Sablewood Gardens Apartments NW 8,,99.1,7.93,839.0,routed,127.0,approach-review
8929aeb44b7ffff,Sablewood Gardens Apartments NW 10,,101.0,8.08,591.0,routed,280.0,approach-review
8929aeb44bbffff,Sablewood Gardens Apartments N 17,,104.3,8.34,770.0,routed,110.0,approach-review
8929aeb44c3ffff,The Polo Greens W 21,,86.7,6.93,526.0,routed,236.0,approach-review
8929aeb44c7ffff,The Polo Greens W 22,,92.6,7.41,1758.0,routed,108.0,approach-review
8929aeb44cbffff,The Polo Greens NW 24,,93.3,7.46,1312.0,routed,108.0,approach-review
8929aeb44cfffff,The Polo Greens NW 29,,91.2,7.3,1080.0,routed,147.0,approach-review
8929aeb44d3ffff,Sablewood Gardens Apartments N 10,,82.1,6.57,1226.0,routed,71.0,network-estimate
8929aeb44d7ffff,Sablewood Gardens Apartments N 11,,89.0,7.12,1515.0,routed,185.0,approach-review
8929aeb44dbffff,The Polo Greens W 20,,87.6,7.01,1121.0,routed,196.0,approach-review
8929aeb4503ffff,Bishop Acres SE 26,,130.0,10.4,0.0,routed,337.0,approach-review
8929aeb4507ffff,Bishop Acres SE 20,,128.2,10.26,258.0,routed,193.0,approach-review
8929aeb450bffff,Bishop Acres SE 28,,134.4,10.75,0.0,routed,688.0,approach-review
8929aeb450fffff,Bishop Acres SE 21,,132.2,10.58,0.0,routed,511.0,approach-review
8929aeb4513ffff,Bishop Acres SE 31,,119.8,9.58,377.0,routed,642.0,approach-review
8929aeb4517ffff,Bishop Acres SE 25,,128.0,10.24,308.0,routed,173.0,approach-review
8929aeb451bffff,Bishop Acres SE 32,,120.1,9.61,0.0,routed,710.0,approach-review
8929aeb4523ffff,Bishop Acres SE 12,,135.6,10.85,0.0,routed,787.0,approach-review
8929aeb4527ffff,Bishop Acres SE 8,,141.9,11.35,485.0,routed,180.0,approach-review
8929aeb452bffff,Bishop Acres E 12,,149.5,11.96,288.0,routed,793.0,approach-review
8929aeb452fffff,Bishop Acres E 9,,146.5,11.72,0.0,routed,551.0,approach-review
8929aeb4533ffff,Bishop Acres SE 15,,131.7,10.54,629.0,routed,471.0,approach-review
8929aeb4537ffff,Bishop Acres SE 11,,136.0,10.88,629.0,routed,817.0,approach-review
8929aeb453bffff,Bishop Acres SE 16,,132.8,10.62,0.0,routed,557.0,approach-review
8929aeb4543ffff,Bishop Acres SE 39,,130.4,10.43,0.0,routed,1058.0,approach-review
8929aeb4547ffff,Bishop Acres E 23,,133.4,10.67,0.0,routed,488.0,approach-review
8929aeb454bffff,Bishop Acres E 31,,133.1,10.65,0.0,routed,624.0,approach-review
8929aeb454fffff,Bishop Acres E 27,,135.0,10.8,0.0,routed,614.0,approach-review
8929aeb4553ffff,Bishop Acres SE 46,,122.0,9.76,0.0,routed,861.0,approach-review
8929aeb4557ffff,Bishop Acres SE 37,,122.7,9.82,0.0,routed,875.0,approach-review
8929aeb455bffff,Bishop Acres SE 48,,130.4,10.43,0.0,routed,830.0,approach-review
8929aeb4563ffff,Bishop Acres E 18,,148.8,11.9,0.0,routed,810.0,approach-review
8929aeb4567ffff,Bishop Acres E 14,,161.4,12.92,0.0,routed,725.0,approach-review
8929aeb456bffff,Bishop Acres E 21,,145.7,11.66,0.0,routed,763.0,approach-review
8929aeb456fffff,Bishop Acres E 17,,155.9,12.48,0.0,routed,677.0,approach-review
8929aeb4573ffff,Bishop Acres E 19,,136.7,10.94,0.0,routed,872.0,approach-review
8929aeb4577ffff,Bishop Acres E 15,,136.1,10.88,0.0,routed,821.0,approach-review
8929aeb457bffff,Bishop Acres E 22,,137.6,11.01,0.0,routed,822.0,approach-review
8929aeb4583ffff,Bishop Acres SE 34,,121.1,9.69,305.0,routed,791.0,approach-review
8929aeb4587ffff,Bishop Acres SE 27,,125.3,10.02,352.0,routed,304.0,approach-review
8929aeb458bffff,Bishop Acres SE 36,,117.3,9.39,312.0,routed,491.0,approach-review
8929aeb458fffff,Bishop Acres SE 30,,121.8,9.74,0.0,routed,847.0,approach-review
8929aeb4593ffff,Bishop Acres SE 41,,121.4,9.72,0.0,routed,339.0,approach-review
8929aeb4597ffff,Bishop Acres SE 33,,124.5,9.96,0.0,routed,583.0,approach-review
8929aeb459bffff,Bishop Acres SE 43,,117.7,9.42,0.0,routed,523.0,approach-review
8929aeb45a3ffff,Bishop Acres SE 17,,132.3,10.58,0.0,routed,863.0,approach-review
8929aeb45a7ffff,Bishop Acres SE 13,,137.5,11.0,0.0,routed,935.0,approach-review
8929aeb45abffff,Bishop Acres SE 19,,129.5,10.36,0.0,routed,299.0,approach-review
8929aeb45afffff,Bishop Acres SE 14,,133.8,10.7,0.0,routed,640.0,approach-review
8929aeb45b3ffff,Bishop Acres SE 22,,129.7,10.38,0.0,routed,660.0,approach-review
8929aeb45b7ffff,Bishop Acres SE 18,,134.2,10.74,0.0,routed,1019.0,approach-review
8929aeb45bbffff,Bishop Acres SE 23,,128.1,10.24,0.0,routed,526.0,approach-review
8929aeb45c3ffff,Bishop Acres SE 47,,114.1,9.12,273.0,routed,228.0,approach-review
8929aeb45c7ffff,Bishop Acres SE 38,,115.8,9.26,293.0,routed,364.0,approach-review
8929aeb45cbffff,Bishop Acres SE 50,,118.6,9.49,0.0,routed,595.0,approach-review
8929aeb45cfffff,Bishop Acres SE 40,,118.0,9.44,0.0,routed,547.0,approach-review
8929aeb45d3ffff,Bishop Acres SE 53,,107.9,8.64,525.0,routed,835.0,approach-review
8929aeb45d7ffff,Bishop Acres SE 45,,113.2,9.05,751.0,routed,157.0,approach-review
8929aeb45dbffff,Bishop Acres SE 55,,107.8,8.63,383.0,routed,827.0,approach-review
8929aeb4603ffff,Gossamer Grove SW 18,,102.3,8.18,33.0,routed,279.0,approach-review
8929aeb4607ffff,Gossamer Grove SW 19,,107.4,8.59,3.0,routed,333.0,approach-review
8929aeb460bffff,Gossamer Grove SW 12,,102.6,8.21,172.0,routed,158.0,approach-review
8929aeb460fffff,Gossamer Grove SW 13,,106.4,8.51,0.0,routed,452.0,approach-review
8929aeb4613ffff,Gossamer Grove SW 24,,98.1,7.84,1825.0,routed,100.0,network-estimate
8929aeb4617ffff,Gossamer Grove SW 25,,103.7,8.3,999.0,routed,193.0,approach-review
8929aeb461bffff,Gossamer Grove S 21,,98.2,7.85,827.0,routed,90.0,network-estimate
8929aeb4623ffff,Gossamer Grove SW 16,,120.5,9.64,0.0,routed,556.0,approach-review
8929aeb4627ffff,Gossamer Grove SW 20,,126.2,10.09,0.0,routed,451.0,approach-review
8929aeb462bffff,Gossamer Grove SW 10,,119.1,9.53,0.0,routed,489.0,approach-review
8929aeb462fffff,Gossamer Grove SW 14,,120.5,9.64,0.0,routed,516.0,approach-review
8929aeb4633ffff,Gossamer Grove SW 21,,116.0,9.28,15.0,routed,280.0,approach-review
8929aeb4637ffff,Gossamer Grove SW 22,,121.6,9.73,0.0,routed,234.0,approach-review
8929aeb463bffff,Gossamer Grove SW 15,,112.2,8.97,0.0,routed,644.0,approach-review
8929aeb4643ffff,Gossamer Grove S 14,,97.0,7.76,980.0,routed,81.0,network-estimate
8929aeb4647ffff,Gossamer Grove S 12,,101.2,8.09,915.0,routed,115.0,approach-review
8929aeb464bffff,Gossamer Grove S 10,,96.3,7.71,1321.0,routed,161.0,approach-review
8929aeb464fffff,Gossamer Grove S 9,,99.7,7.98,1512.0,routed,133.0,approach-review
8929aeb4653ffff,Gossamer Grove S 19,,92.2,7.37,1131.0,routed,212.0,approach-review
8929aeb4657ffff,Gossamer Grove S 17,,96.1,7.69,600.0,routed,159.0,approach-review
8929aeb465bffff,Gossamer Grove S 15,,89.3,7.15,0.0,routed,313.0,approach-review
8929aeb4663ffff,Gossamer Grove SW 5,,109.9,8.79,0.0,routed,477.0,approach-review
8929aeb4667ffff,Gossamer Grove SW 6,,113.3,9.07,0.0,routed,284.0,approach-review
8929aeb466bffff,Gossamer Grove SW 2,,104.3,8.35,0.0,routed,356.0,approach-review
8929aeb466fffff,Gossamer Grove SW 3,,107.4,8.59,307.0,routed,207.0,approach-review
8929aeb4673ffff,Gossamer Grove SW 8,,106.3,8.5,0.0,routed,411.0,approach-review
8929aeb4677ffff,Gossamer Grove SW 9,,111.0,8.88,0.0,routed,616.0,approach-review
8929aeb467bffff,Gossamer Grove S 7,,106.2,8.5,760.0,routed,95.0,network-estimate
8929aeb4683ffff,The Polo Greens NW 21,,94.7,7.57,1464.0,routed,164.0,approach-review
8929aeb4687ffff,The Polo Greens NW 27,,100.9,8.07,1226.0,routed,111.0,approach-review
8929aeb468bffff,The Polo Greens NW 22,,93.2,7.46,1908.0,routed,154.0,approach-review
8929aeb468fffff,Gossamer Grove SW 30,,99.1,7.93,1057.0,routed,171.0,approach-review
8929aeb4693ffff,The Polo Greens NW 16,,95.7,7.66,1230.0,routed,147.0,approach-review
8929aeb4697ffff,The Polo Greens NW 23,,97.8,7.82,1951.0,routed,115.0,approach-review
8929aeb469bffff,The Polo Greens NW 15,,89.6,7.17,2011.0,routed,69.0,network-estimate
8929aeb46a3ffff,Gossamer Grove SW 33,,111.6,8.93,915.0,routed,78.0,network-estimate
8929aeb46a7ffff,Gossamer Grove SW 35,,114.8,9.18,0.0,routed,111.0,approach-review
8929aeb46abffff,Gossamer Grove SW 26,,110.2,8.82,522.0,routed,229.0,approach-review
8929aeb46afffff,Gossamer Grove SW 28,,116.2,9.29,575.0,routed,70.0,network-estimate
8929aeb46b3ffff,Gossamer Grove SW 37,,107.1,8.57,1668.0,routed,55.0,network-estimate
8929aeb46b7ffff,Gossamer Grove SW 38,,110.4,8.83,1519.0,routed,112.0,approach-review
8929aeb46bbffff,Gossamer Grove SW 32,,105.3,8.42,1374.0,routed,140.0,approach-review
8929aeb46c3ffff,The Polo Greens N 20,,90.5,7.24,816.0,routed,174.0,approach-review
8929aeb46c7ffff,Gossamer Grove S 25,,93.3,7.46,1529.0,routed,169.0,approach-review
8929aeb46cbffff,Gossamer Grove S 24,,87.4,7.0,1890.0,routed,51.0,network-estimate
8929aeb46cfffff,Gossamer Grove S 22,,92.4,7.4,1121.0,routed,195.0,approach-review
8929aeb46d3ffff,The Polo Greens N 15,,84.2,6.73,1505.0,routed,152.0,approach-review
8929aeb46d7ffff,The Polo Greens NW 17,,89.4,7.15,944.0,routed,111.0,approach-review
8929aeb46dbffff,The Polo Greens N 17,,84.2,6.74,709.0,routed,137.0,approach-review
8929aeb5403ffff,Gossamer Grove SE 36,,53.3,4.27,0.0,routed,344.0,approach-review
8929aeb5407ffff,Gossamer Grove SE 31,,57.0,4.56,0.0,routed,452.0,approach-review
8929aeb540bffff,Gossamer Grove SE 38,,50.9,4.07,373.0,routed,147.0,approach-review
8929aeb540fffff,Gossamer Grove SE 34,,52.3,4.19,344.0,routed,80.0,network-estimate
8929aeb5413ffff,Gossamer Grove SE 39,,46.6,3.72,295.0,routed,179.0,approach-review
8929aeb5417ffff,Gossamer Grove SE 35,,51.9,4.15,0.0,routed,350.0,approach-review
8929aeb541bffff,Gossamer Grove SE 40,,44.2,3.54,216.0,routed,316.0,approach-review
8929aeb5423ffff,Gossamer Grove SE 23,,62.6,5.01,0.0,routed,344.0,approach-review
8929aeb5427ffff,Gossamer Grove SE 17,,68.1,5.45,175.0,routed,260.0,approach-review
8929aeb542bffff,Gossamer Grove E 3,,59.4,4.75,335.0,routed,245.0,approach-review
8929aeb542fffff,Gossamer Grove E 2,,63.7,5.1,384.0,routed,119.0,approach-review
8929aeb5433ffff,Gossamer Grove SE 25,,61.1,4.88,0.0,routed,39.0,network-estimate
8929aeb5437ffff,Gossamer Grove SE 19,,65.6,5.25,144.0,routed,400.0,approach-review
8929aeb543bffff,Gossamer Grove SE 29,,56.7,4.53,142.0,routed,286.0,approach-review
8929aeb5457ffff,Gossamer Grove SE 41,,62.6,5.01,300.0,routed,227.0,approach-review
8929aeb548fffff,Gossamer Grove SE 37,,50.7,4.06,1475.0,routed,174.0,approach-review
8929aeb54a3ffff,Gossamer Grove SE 28,,60.3,4.83,78.0,routed,271.0,approach-review
8929aeb54a7ffff,Gossamer Grove SE 22,,70.9,5.67,509.0,routed,239.0,approach-review
8929aeb54abffff,Gossamer Grove SE 30,,57.0,4.56,0.0,routed,553.0,approach-review
8929aeb54afffff,Gossamer Grove SE 24,,65.4,5.23,130.0,routed,387.0,approach-review
8929aeb54b3ffff,Gossamer Grove SE 32,,58.4,4.67,1439.0,routed,113.0,approach-review
8929aeb54b7ffff,Gossamer Grove SE 27,,61.8,4.95,811.0,routed,140.0,approach-review
8929aeb54bbffff,Gossamer Grove SE 33,,54.6,4.37,389.0,routed,103.0,approach-review
8929aeb54c7ffff,Gossamer Grove SE 42,,41.8,3.35,899.0,routed,146.0,approach-review
8929aeb54cfffff,Gossamer Grove SE 43,,39.4,3.15,623.0,routed,101.0,approach-review
8929aeb5503ffff,Gossamer Grove SE 2,,83.8,6.7,3.0,routed,110.0,approach-review
8929aeb5513ffff,Gossamer Grove SE 3,,86.5,6.92,0.0,routed,330.0,approach-review
8929aeb5517ffff,Gossamer Grove SE,,89.2,7.14,139.0,routed,154.0,approach-review
8929aeb551bffff,Gossamer Grove SE 5,,80.4,6.43,0.0,routed,143.0,approach-review
8929aeb5553ffff,Gossamer Grove SE 10,,71.8,5.74,176.0,routed,172.0,approach-review
8929aeb5557ffff,Gossamer Grove SE 6,,76.0,6.08,107.0,routed,162.0,approach-review
8929aeb555bffff,Gossamer Grove E,,68.5,5.48,564.0,routed,132.0,approach-review
8929aeb5583ffff,Gossamer Grove S 11,,86.0,6.88,1611.0,routed,111.0,approach-review
8929aeb5587ffff,Gossamer Grove S 8,,91.9,7.36,1792.0,routed,136.0,approach-review
8929aeb558bffff,Gossamer Grove SE 7,,84.2,6.74,643.0,routed,213.0,approach-review
8929aeb558fffff,Gossamer Grove SE 4,,91.2,7.29,714.0,routed,13.0,network-estimate
8929aeb5593ffff,Gossamer Grove S 16,,81.7,6.53,704.0,routed,143.0,approach-review
8929aeb5597ffff,Gossamer Grove S 13,,87.2,6.98,751.0,routed,159.0,approach-review
8929aeb559bffff,Gossamer Grove SE 12,,80.4,6.43,1303.0,routed,101.0,approach-review
8929aeb55a3ffff,Gossamer Grove S 3,,101.1,8.09,0.0,routed,303.0,approach-review
8929aeb55a7ffff,Gossamer Grove S 2,,100.4,8.03,457.0,routed,49.0,network-estimate
8929aeb55abffff,Gossamer Grove S,,91.6,7.32,1005.0,routed,137.0,approach-review
8929aeb55afffff,Gossamer Grove,,98.0,7.84,1720.0,routed,107.0,approach-review
8929aeb55b3ffff,Gossamer Grove S 6,,101.0,8.08,1376.0,routed,112.0,approach-review
8929aeb55b7ffff,Gossamer Grove S 5,,105.5,8.44,737.0,routed,206.0,approach-review
8929aeb55bbffff,Gossamer Grove S 4,,96.0,7.68,790.0,routed,237.0,approach-review
8929aeb55c3ffff,Gossamer Grove SE 13,,77.6,6.21,282.0,routed,151.0,approach-review
8929aeb55c7ffff,Gossamer Grove SE 8,,84.1,6.73,259.0,routed,315.0,approach-review
8929aeb55cbffff,Gossamer Grove SE 14,,74.9,5.99,205.0,routed,381.0,approach-review
8929aeb55cfffff,Gossamer Grove SE 9,,77.2,6.18,0.0,routed,372.0,approach-review
8929aeb55d3ffff,Gossamer Grove SE 16,,73.7,5.89,1524.0,routed,196.0,approach-review
8929aeb55d7ffff,Gossamer Grove SE 11,,79.6,6.37,1414.0,routed,117.0,approach-review
8929aeb55dbffff,Gossamer Grove SE 18,,70.6,5.65,930.0,routed,217.0,approach-review
8929aeb60c3ffff,Masterpiece Parke W 5,,62.5,5.0,386.0,routed,225.0,approach-review
8929aeb60c7ffff,Masterpiece Parke W 8,,69.2,5.54,1324.0,routed,53.0,network-estimate
8929aeb60d3ffff,Masterpiece Parke W 4,,57.8,4.63,50.0,routed,235.0,approach-review
8929aeb60d7ffff,Masterpiece Parke W 6,,79.1,6.33,930.0,routed,232.0,approach-review
8929aeb60dbffff,Masterpiece Parke W 2,,56.7,4.54,1319.0,routed,164.0,approach-review
8929aeb6223ffff,Sablewood Gardens Apartments NW 2,,86.7,6.94,1465.0,routed,157.0,approach-review
8929aeb6227ffff,Sablewood Gardens Apartments NW 3,,92.4,7.39,1006.0,routed,189.0,approach-review
8929aeb622bffff,Sablewood Gardens Apartments N 4,,83.3,6.66,755.0,routed,298.0,approach-review
8929aeb622fffff,Sablewood Gardens Apartments NW 4,,90.1,7.21,0.0,routed,314.0,approach-review
8929aeb6247ffff,Sablewood Gardens Apartments N,,68.6,5.49,513.0,routed,145.0,approach-review
8929aeb624bffff,Sablewood Gardens Apartments NE 6,,79.7,6.38,1594.0,routed,130.0,approach-review
8929aeb624fffff,Sablewood Gardens Apartments N 2,,75.1,6.01,1518.0,routed,177.0,approach-review
8929aeb625bffff,Sablewood Gardens Apartments NE 4,,81.2,6.5,1438.0,routed,140.0,approach-review
8929aeb626bffff,Sablewood Gardens Apartments N 6,,77.6,6.21,261.0,routed,128.0,approach-review
8929aeb626fffff,Sablewood Gardens Apartments N 7,,84.0,6.72,995.0,routed,30.0,network-estimate
8929aeb627bffff,Sablewood Gardens Apartments N 3,,73.0,5.84,716.0,routed,155.0,approach-review
8929aeb6283ffff,Sablewood Gardens Apartments W 2,,61.5,4.92,365.0,routed,235.0,approach-review
8929aeb628bffff,Sablewood Gardens Apartments NW,,67.8,5.42,436.0,routed,237.0,approach-review
8929aeb6293ffff,Sablewood Gardens Apartments SW 2,,57.2,4.58,364.0,routed,112.0,approach-review
8929aeb629bffff,Sablewood Gardens Apartments W,,55.9,4.47,152.0,routed,106.0,approach-review
8929aeb62c3ffff,Sablewood Gardens Apartments NE,,54.9,4.39,707.0,routed,77.0,network-estimate
8929aeb62d7ffff,Sablewood Gardens Apartments,,54.7,4.38,785.0,routed,166.0,approach-review
8929aeb6327ffff,Bishop Acres SE 44,,124.7,9.98,373.0,routed,603.0,approach-review
8929aeb632bffff,Bishop Acres SE 49,,117.7,9.42,604.0,routed,44.0,network-estimate
8929aeb632fffff,Bishop Acres SE 42,,121.2,9.69,262.0,routed,318.0,approach-review
8929aeb634bffff,Sablewood Gardens Apartments NW 7,,97.6,7.81,1506.0,routed,141.0,approach-review
8929aeb635bffff,Sablewood Gardens Apartments NW 5,,97.1,7.77,1020.0,routed,192.0,approach-review
8929aeb6363ffff,Sablewood Gardens Apartments NW 13,,108.9,8.71,671.0,routed,137.0,approach-review
8929aeb6367ffff,Bishop Acres SE 51,,113.3,9.06,222.0,routed,490.0,approach-review
8929aeb636bffff,Sablewood Gardens Apartments NW 12,,105.4,8.43,120.0,routed,634.0,approach-review
8929aeb636fffff,Bishop Acres SE 52,,112.2,8.97,231.0,routed,401.0,approach-review
8929aeb637bffff,Sablewood Gardens Apartments NW 9,,108.5,8.68,332.0,routed,369.0,approach-review
8929aeb6403ffff,Park West at Stockdale River Ranch NE 2,,61.0,4.88,485.0,routed,234.0,approach-review
8929aeb640bffff,Village Greens Gated Neighborhood NW 5,,55.5,4.44,821.0,routed,218.0,approach-review
8929aeb6413ffff,Park West at Stockdale River Ranch NE,,48.4,3.87,0.0,routed,173.0,approach-review
8929aeb6417ffff,Park West at Stockdale River Ranch N,,59.7,4.78,996.0,routed,184.0,approach-review
8929aeb641bffff,Village Greens Gated Neighborhood NW 4,,46.1,3.69,0.0,routed,308.0,approach-review
8929aeb6443ffff,Village Greens Gated Neighborhood N 5,,46.4,3.72,1209.0,routed,181.0,approach-review
8929aeb6447ffff,Village Greens Gated Neighborhood N 6,,49.6,3.97,1169.0,routed,129.0,approach-review
8929aeb644bffff,Village Greens Gated Neighborhood N 7,,45.2,3.62,620.0,routed,147.0,approach-review
8929aeb644fffff,Village Greens Gated Neighborhood N 8,,48.4,3.87,540.0,routed,90.0,network-estimate
8929aeb6453ffff,Village Greens Gated Neighborhood N 2,,38.8,3.11,1834.0,routed,182.0,approach-review
8929aeb6457ffff,Village Greens Gated Neighborhood N 3,,45.6,3.65,760.0,routed,179.0,approach-review
8929aeb645bffff,Village Greens Gated Neighborhood N 4,,32.8,2.63,844.0,routed,105.0,approach-review
8929aeb646bffff,Masterpiece Parke SW 6,,58.9,4.72,0.0,routed,456.0,approach-review
8929aeb646fffff,Masterpiece Parke W 7,,82.7,6.62,776.0,routed,200.0,approach-review
8929aeb647bffff,Village Greens Gated Neighborhood N 9,,53.0,4.24,10.0,routed,316.0,approach-review
8929aeb6483ffff,Park West at Stockdale River Ranch S,,55.2,4.42,1543.0,routed,138.0,approach-review
8929aeb6487ffff,Park West at Stockdale River Ranch SW,,59.6,4.77,564.0,routed,96.0,network-estimate
8929aeb648bffff,Park West at Stockdale River Ranch E,,53.5,4.28,1559.0,routed,65.0,network-estimate
8929aeb648fffff,Park West at Stockdale River Ranch,,61.0,4.88,96.0,routed,67.0,network-estimate
8929aeb6493ffff,Park West at Stockdale River Ranch S 2,,58.0,4.64,231.0,routed,270.0,approach-review
8929aeb6497ffff,Park West at Stockdale River Ranch SW 2,,60.9,4.87,824.0,routed,225.0,approach-review
8929aeb649bffff,Park West at Stockdale River Ranch SE,,53.0,4.24,1258.0,routed,155.0,approach-review
8929aeb64abffff,Park West at Stockdale River Ranch NW 2,,60.9,4.87,538.0,routed,174.0,approach-review
8929aeb64b3ffff,Park West at Stockdale River Ranch W,,61.1,4.89,219.0,routed,234.0,approach-review
8929aeb64b7ffff,Park West at Stockdale River Ranch W 2,,64.4,5.15,536.0,routed,184.0,approach-review
8929aeb64bbffff,Park West at Stockdale River Ranch NW,,56.8,4.54,408.0,routed,42.0,network-estimate
8929aeb64c3ffff,Village Greens Gated Neighborhood NW,,42.6,3.41,1510.0,routed,146.0,approach-review
8929aeb64c7ffff,Village Greens Gated Neighborhood NW 3,,44.6,3.57,1055.0,routed,167.0,approach-review
8929aeb64cbffff,Village Greens Gated Neighborhood N,,36.6,2.93,1714.0,routed,76.0,network-estimate
8929aeb64cfffff,Village Greens Gated Neighborhood NW 2,,40.8,3.26,775.0,routed,113.0,approach-review
8929aeb64d3ffff,Village Greens Gated Neighborhood SW,,46.6,3.72,1448.0,routed,153.0,approach-review
8929aeb64d7ffff,Village Greens Gated Neighborhood W,,47.3,3.78,1445.0,routed,102.0,approach-review
8929aeb64dbffff,Village Greens Gated Neighborhood,,41.3,3.31,2413.0,routed,60.0,network-estimate
8929aeb6603ffff,Masterpiece Parke SE,,37.0,2.96,1556.0,routed,188.0,approach-review
8929aeb6607ffff,Masterpiece Parke,,43.2,3.46,1565.0,routed,178.0,approach-review
8929aeb660bffff,Masterpiece Parke E,,35.4,2.83,996.0,routed,140.0,approach-review
8929aeb660fffff,Masterpiece Parke NE,,43.5,3.48,1034.0,routed,218.0,approach-review
8929aeb6613ffff,Masterpiece Parke S 2,,32.7,2.61,1182.0,routed,146.0,approach-review
8929aeb6617ffff,Masterpiece Parke S,,38.9,3.11,1893.0,routed,59.0,network-estimate
8929aeb661bffff,Masterpiece Parke SE 2,,31.5,2.52,1170.0,routed,76.0,network-estimate
8929aeb662bffff,Masterpiece Parke N 2,,52.4,4.19,1052.0,routed,160.0,approach-review
8929aeb663bffff,Masterpiece Parke NW,,48.6,3.88,1349.0,routed,98.0,network-estimate
8929aeb6643ffff,Masterpiece Parke E 4,,39.6,3.17,920.0,routed,184.0,approach-review
8929aeb6647ffff,Masterpiece Parke E 2,,36.4,2.91,1036.0,routed,138.0,approach-review
8929aeb664bffff,Sablewood Gardens Apartments SE 3,,42.4,3.4,1190.0,routed,182.0,approach-review
8929aeb6653ffff,Masterpiece Parke E 5,,34.9,2.79,1886.0,routed,71.0,network-estimate
8929aeb6657ffff,Masterpiece Parke E 3,,32.0,2.56,887.0,routed,100.0,network-estimate
8929aeb665bffff,Masterpiece Parke E 6,,38.1,3.05,1371.0,routed,95.0,network-estimate
8929aeb6663ffff,Sablewood Gardens Apartments S 2,,45.8,3.67,1106.0,routed,46.0,network-estimate
8929aeb6667ffff,Sablewood Gardens Apartments SW,,51.1,4.09,926.0,routed,144.0,approach-review
8929aeb666bffff,Sablewood Gardens Apartments SE,,46.1,3.69,160.0,routed,90.0,network-estimate
8929aeb666fffff,Sablewood Gardens Apartments S,,50.2,4.01,565.0,routed,45.0,network-estimate
8929aeb6673ffff,Masterpiece Parke NE 2,,41.8,3.34,1482.0,routed,167.0,approach-review
8929aeb6677ffff,Masterpiece Parke N,,46.1,3.69,1550.0,routed,201.0,approach-review
8929aeb667bffff,Sablewood Gardens Apartments SE 2,,41.5,3.32,1317.0,routed,110.0,approach-review
8929aeb6687ffff,Masterpiece Parke S 4,,51.1,4.09,415.0,routed,131.0,approach-review
8929aeb668fffff,Masterpiece Parke S 3,,37.2,2.97,843.0,routed,199.0,approach-review
8929aeb6693ffff,Village Greens Gated Neighborhood NE 7,,25.0,2.0,627.0,routed,126.0,approach-review
8929aeb6697ffff,Village Greens Gated Neighborhood NE 6,,49.9,3.99,490.0,routed,120.0,approach-review
8929aeb66a3ffff,Masterpiece Parke SW 3,,46.9,3.75,944.0,routed,182.0,approach-review
8929aeb66a7ffff,Masterpiece Parke W 3,,53.0,4.24,542.0,routed,195.0,approach-review
8929aeb66abffff,Masterpiece Parke SW,,46.3,3.7,1448.0,routed,65.0,network-estimate
8929aeb66afffff,Masterpiece Parke W,,51.3,4.1,604.0,routed,173.0,approach-review
8929aeb66b3ffff,Masterpiece Parke SW 4,,49.1,3.93,938.0,routed,243.0,approach-review
8929aeb66b7ffff,Masterpiece Parke SW 5,,51.7,4.14,68.0,routed,263.0,approach-review
8929aeb66bbffff,Masterpiece Parke SW 2,,41.0,3.28,1040.0,routed,162.0,approach-review
8929aeb66c3ffff,Masterpiece Parke SE 5,,28.1,2.25,1124.0,routed,137.0,approach-review
8929aeb66cbffff,Masterpiece Parke SE 6,,30.2,2.41,1408.0,routed,144.0,approach-review
8929aeb66cfffff,Masterpiece Parke SE 3,,27.4,2.19,1476.0,routed,131.0,approach-review
8929aeb66d3ffff,Masterpiece Parke SE 7,,10.5,0.84,44.0,routed,256.0,approach-review
8929aeb66d7ffff,Masterpiece Parke SE 4,,28.9,2.31,0.0,routed,382.0,approach-review
8929aeb66dbffff,Masterpiece Parke SE 8,,33.2,2.66,1240.0,routed,134.0,detour-review
8929aeb6843ffff,Bishop Acres SW 13,,165.3,13.22,0.0,routed,356.0,approach-review
8929aeb684bffff,Bishop Acres SW 10,,161.9,12.95,0.0,routed,492.0,approach-review
8929aeb684fffff,Bishop Acres SW 11,,166.4,13.31,0.0,routed,853.0,approach-review
8929aeb685bffff,Bishop Acres SW 12,,161.3,12.9,0.0,routed,783.0,approach-review
8929aeb6a03ffff,Bishop Acres S,,155.9,12.47,0.0,routed,468.0,approach-review
8929aeb6a07ffff,Bishop Acres SW,,163.3,13.07,0.0,routed,495.0,approach-review
8929aeb6a0bffff,Bishop Acres SE,,156.5,12.52,245.0,routed,211.0,approach-review
8929aeb6a0fffff,Bishop Acres,,158.5,12.68,336.0,routed,245.0,approach-review
8929aeb6a13ffff,Bishop Acres S 3,,153.9,12.31,0.0,routed,308.0,approach-review
8929aeb6a17ffff,Bishop Acres S 2,,158.1,12.65,0.0,routed,645.0,approach-review
8929aeb6a1bffff,Bishop Acres SE 2,,152.3,12.19,0.0,routed,181.0,approach-review
8929aeb6a33ffff,Bishop Acres W 2,,168.2,13.46,0.0,routed,553.0,approach-review
8929aeb6a37ffff,Bishop Acres W 3,,171.7,13.73,0.0,routed,754.0,approach-review
8929aeb6a3bffff,Bishop Acres W,,163.7,13.1,554.0,routed,191.0,approach-review
8929aeb6a43ffff,Bishop Acres E 4,,176.0,14.08,117.0,routed,280.0,approach-review
8929aeb6a47ffff,Bishop Acres E 2,,177.7,14.22,128.0,routed,116.0,approach-review
8929aeb6a4bffff,Bishop Acres E 5,,171.9,13.75,428.0,routed,44.0,network-estimate
8929aeb6a4fffff,Bishop Acres E 3,,176.7,14.14,491.0,routed,77.0,network-estimate
8929aeb6a53ffff,Bishop Acres SE 5,,143.6,11.49,509.0,routed,321.0,approach-review
8929aeb6a57ffff,Bishop Acres SE 3,,156.3,12.5,377.0,routed,496.0,approach-review
8929aeb6a5bffff,Bishop Acres E 6,,145.7,11.66,229.0,routed,488.0,approach-review
8929aeb6a73ffff,Bishop Acres E,,156.0,12.48,885.0,routed,112.0,approach-review
8929aeb6a83ffff,Bishop Acres S 8,,154.0,12.32,0.0,routed,656.0,approach-review
8929aeb6a87ffff,Bishop Acres SW 7,,159.1,12.73,0.0,routed,665.0,approach-review
8929aeb6a8bffff,Bishop Acres S 6,,152.4,12.19,0.0,routed,526.0,approach-review
8929aeb6a8fffff,Bishop Acres S 5,,156.6,12.53,0.0,routed,862.0,approach-review
8929aeb6a93ffff,Bishop Acres S 12,,153.5,12.28,0.0,routed,619.0,approach-review
8929aeb6a97ffff,Bishop Acres S 10,,157.4,12.59,0.0,routed,529.0,approach-review
8929aeb6a9bffff,Bishop Acres S 9,,149.5,11.96,0.0,routed,299.0,approach-review
8929aeb6aa3ffff,Bishop Acres SW 5,,166.0,13.28,0.0,routed,482.0,approach-review
8929aeb6aa7ffff,Bishop Acres SW 6,,170.5,13.64,0.0,routed,838.0,approach-review
8929aeb6aabffff,Bishop Acres SW 2,,164.4,13.15,0.0,routed,352.0,approach-review
8929aeb6aafffff,Bishop Acres SW 3,,168.4,13.48,0.0,routed,677.0,approach-review
8929aeb6ab3ffff,Bishop Acres SW 8,,163.5,13.08,0.0,routed,1023.0,approach-review
8929aeb6ab7ffff,Bishop Acres SW 9,,169.8,13.58,0.0,routed,785.0,approach-review
8929aeb6abbffff,Bishop Acres SW 4,,161.9,12.95,0.0,routed,153.0,approach-review
8929aeb6ac3ffff,Bishop Acres SE 6,,144.0,11.52,0.0,routed,670.0,approach-review
8929aeb6ac7ffff,Bishop Acres S 4,,149.8,11.98,0.0,routed,812.0,approach-review
8929aeb6acbffff,Bishop Acres SE 7,,142.0,11.36,100.0,routed,192.0,approach-review
8929aeb6acfffff,Bishop Acres SE 4,,145.8,11.66,0.0,routed,494.0,approach-review
8929aeb6ad3ffff,Bishop Acres SE 10,,141.7,11.33,0.0,routed,482.0,approach-review
8929aeb6ad7ffff,Bishop Acres S 7,,146.1,11.69,0.0,routed,837.0,approach-review
8929aeb6adbffff,Bishop Acres SE 9,,138.2,11.06,0.0,routed,996.0,approach-review
8929aeb6bdbffff,Bishop Acres W 4,,174.6,13.97,23.0,routed,754.0,approach-review
8929aeb6e0bffff,Bishop Acres S 26,,142.7,11.42,364.0,routed,436.0,approach-review
8929aeb6e1bffff,Bishop Acres S 29,,138.4,11.07,708.0,routed,90.0,network-estimate
8929aeb6e23ffff,Bishop Acres S 21,,153.1,12.25,337.0,routed,525.0,approach-review
8929aeb6e27ffff,Bishop Acres S 19,,158.0,12.64,0.0,routed,518.0,approach-review
8929aeb6e2bffff,Bishop Acres S 17,,150.7,12.05,0.0,routed,457.0,approach-review
8929aeb6e2fffff,Bishop Acres S 15,,155.8,12.46,0.0,routed,654.0,approach-review
8929aeb6e37ffff,Bishop Acres S 24,,156.9,12.55,330.0,routed,433.0,approach-review
8929aeb6e3bffff,Bishop Acres S 23,,149.0,11.92,383.0,routed,207.0,approach-review
8929aeb6e43ffff,Bishop Acres S 27,,130.4,10.43,302.0,routed,947.0,approach-review
8929aeb6e47ffff,Bishop Acres S 25,,137.4,10.99,221.0,routed,477.0,approach-review
8929aeb6e4bffff,Bishop Acres SE 29,,128.6,10.28,337.0,routed,908.0,approach-review
8929aeb6e4fffff,Bishop Acres SE 24,,133.1,10.65,506.0,routed,133.0,approach-review
8929aeb6e53ffff,Bishop Acres S 30,,128.8,10.3,633.0,routed,822.0,approach-review
8929aeb6e57ffff,Bishop Acres S 28,,133.7,10.69,0.0,routed,513.0,approach-review
8929aeb6e5bffff,Bishop Acres SE 35,,125.7,10.06,50.0,routed,679.0,approach-review
8929aeb6e63ffff,Bishop Acres S 16,,146.0,11.68,0.0,routed,356.0,approach-review
8929aeb6e67ffff,Bishop Acres S 13,,150.9,12.07,0.0,routed,409.0,approach-review
8929aeb6e6bffff,Bishop Acres S 14,,140.5,11.24,0.0,routed,720.0,approach-review
8929aeb6e6fffff,Bishop Acres S 11,,145.5,11.64,0.0,routed,789.0,approach-review
8929aeb6e73ffff,Bishop Acres S 22,,142.1,11.37,605.0,routed,43.0,network-estimate
8929aeb6e77ffff,Bishop Acres S 18,,145.5,11.64,244.0,routed,319.0,approach-review
8929aeb6e7bffff,Bishop Acres S 20,,137.6,11.01,0.0,routed,491.0,approach-review
8929aeb6ecfffff,Bishop Acres S 31,,132.7,10.62,313.0,routed,439.0,approach-review
8929aeb7003ffff,Breakwater Apartments W 2,,59.3,4.74,1443.0,routed,116.0,approach-review
8929aeb7007ffff,The Polo Greens SE 3,,56.1,4.49,1944.0,routed,128.0,approach-review
8929aeb700bffff,Breakwater Apartments NW,,49.6,3.97,485.0,routed,50.0,network-estimate
8929aeb700fffff,Breakwater Apartments NW 3,,53.1,4.25,727.0,routed,221.0,approach-review
8929aeb7013ffff,Breakwater Apartments SW 2,,56.9,4.55,1530.0,routed,124.0,approach-review
8929aeb7017ffff,The Polo Greens SE 5,,55.7,4.46,1306.0,routed,175.0,approach-review
8929aeb701bffff,Breakwater Apartments W,,57.4,4.59,342.0,routed,201.0,approach-review
8929aeb7023ffff,The Polo Greens E,,64.1,5.13,1040.0,routed,72.0,network-estimate
8929aeb7027ffff,The Polo Greens NE,,71.3,5.7,1583.0,routed,122.0,approach-review
8929aeb702bffff,The Polo Greens E 3,,62.1,4.97,949.0,routed,136.0,approach-review
8929aeb702fffff,The Polo Greens NE 2,,68.5,5.48,1291.0,routed,129.0,approach-review
8929aeb7033ffff,The Polo Greens SE,,60.1,4.81,1455.0,routed,43.0,network-estimate
8929aeb7037ffff,The Polo Greens,,66.2,5.29,1308.0,routed,158.0,approach-review
8929aeb703bffff,The Polo Greens E 2,,59.5,4.76,989.0,routed,131.0,approach-review
8929aeb7043ffff,Breakwater Apartments NE,,43.3,3.46,1456.0,routed,95.0,network-estimate
8929aeb7047ffff,Breakwater Apartments N,,45.9,3.67,1805.0,routed,116.0,approach-review
8929aeb704bffff,Breakwater Apartments NE 2,,37.1,2.97,937.0,routed,118.0,approach-review
8929aeb704fffff,Breakwater Apartments N 2,,39.1,3.13,1777.0,routed,72.0,network-estimate
8929aeb7053ffff,Breakwater Apartments E,,48.7,3.9,1121.0,routed,74.0,network-estimate
8929aeb7057ffff,Breakwater Apartments,,50.3,4.02,698.0,routed,96.0,network-estimate
8929aeb705bffff,Breakwater Apartments E 2,,41.6,3.33,478.0,routed,79.0,network-estimate
8929aeb7063ffff,The Polo Greens E 5,,51.7,4.14,1282.0,routed,239.0,approach-review
8929aeb7067ffff,The Polo Greens NE 5,,56.2,4.5,589.0,routed,106.0,approach-review
8929aeb706bffff,Breakwater Apartments N 5,,47.9,3.83,1100.0,routed,182.0,approach-review
8929aeb706fffff,The Polo Greens NE 8,,55.4,4.44,1202.0,routed,121.0,approach-review
8929aeb7073ffff,Breakwater Apartments NW 2,,48.3,3.86,1639.0,routed,163.0,approach-review
8929aeb7077ffff,The Polo Greens E 4,,60.6,4.85,14.0,routed,255.0,approach-review
8929aeb707bffff,Breakwater Apartments N 3,,44.2,3.54,2114.0,routed,148.0,approach-review
8929aeb7083ffff,The Polo Greens SE 7,,46.7,3.73,908.0,routed,168.0,approach-review
8929aeb7087ffff,The Polo Greens S 4,,45.9,3.67,1547.0,routed,27.0,network-estimate
8929aeb708bffff,Breakwater Apartments SW 4,,53.8,4.3,1817.0,routed,155.0,approach-review
8929aeb708fffff,The Polo Greens SE 6,,51.3,4.11,1430.0,routed,149.0,approach-review
8929aeb7093ffff,Breakwater Apartments SW 7,,42.8,3.42,70.0,routed,31.0,network-estimate
8929aeb7097ffff,The Polo Greens S 8,,41.4,3.31,928.0,routed,33.0,network-estimate
8929aeb709bffff,Breakwater Apartments SW 5,,48.7,3.9,423.0,routed,113.0,approach-review
8929aeb70a3ffff,The Polo Greens S 2,,57.0,4.56,1416.0,routed,106.0,approach-review
8929aeb70abffff,The Polo Greens SE 2,,55.0,4.4,2193.0,routed,173.0,approach-review
8929aeb70afffff,The Polo Greens S,,61.0,4.88,1763.0,routed,118.0,approach-review
8929aeb70b3ffff,The Polo Greens S 3,,51.2,4.09,996.0,routed,171.0,approach-review
8929aeb70bbffff,The Polo Greens SE 4,,50.5,4.04,1999.0,routed,26.0,network-estimate
8929aeb70c3ffff,Breakwater Apartments S,,50.1,4.0,878.0,routed,126.0,approach-review
8929aeb70c7ffff,Breakwater Apartments SW,,60.1,4.81,1640.0,routed,157.0,approach-review
8929aeb70cbffff,Breakwater Apartments SE,,50.0,4.0,862.0,routed,35.0,network-estimate
8929aeb70cfffff,Riverlakes Ranch Park,,56.3,4.5,11.0,routed,85.0,network-estimate
8929aeb70d3ffff,Breakwater Apartments S 3,,45.4,3.63,548.0,routed,89.0,network-estimate
8929aeb70d7ffff,Breakwater Apartments SW 3,,52.1,4.17,2025.0,routed,127.0,approach-review
8929aeb70dbffff,Breakwater Apartments S 2,,44.7,3.57,1297.0,routed,90.0,network-estimate
8929aeb7103ffff,The Polo Greens W 8,,89.6,7.17,1949.0,routed,26.0,network-estimate
8929aeb7107ffff,The Polo Greens W 12,,95.1,7.61,1369.0,routed,137.0,approach-review
8929aeb710bffff,The Polo Greens NW 3,,89.0,7.12,1491.0,routed,153.0,approach-review
8929aeb710fffff,The Polo Greens NW 6,,93.4,7.47,1834.0,routed,102.0,approach-review
8929aeb7113ffff,The Polo Greens W 6,,84.7,6.77,1701.0,routed,154.0,approach-review
8929aeb7117ffff,The Polo Greens W 10,,91.3,7.31,1022.0,routed,131.0,approach-review
8929aeb711bffff,The Polo Greens W 5,,83.5,6.68,1661.0,routed,187.0,approach-review
8929aeb7123ffff,The Polo Greens NW 14,,98.0,7.84,1980.0,routed,141.0,approach-review
8929aeb7127ffff,The Polo Greens NW 20,,98.7,7.89,151.0,routed,148.0,approach-review
8929aeb712bffff,The Polo Greens NW 13,,96.2,7.69,1211.0,routed,158.0,approach-review
8929aeb712fffff,The Polo Greens NW 19,,102.6,8.21,1587.0,routed,126.0,approach-review
8929aeb7133ffff,The Polo Greens NW 10,,95.3,7.63,1425.0,routed,190.0,approach-review
8929aeb7137ffff,The Polo Greens NW 18,,94.2,7.53,1809.0,routed,119.0,approach-review
8929aeb713bffff,The Polo Greens NW 9,,95.6,7.65,1535.0,routed,90.0,network-estimate
8929aeb7143ffff,The Polo Greens N 2,,80.9,6.47,1503.0,routed,56.0,network-estimate
8929aeb7147ffff,Almondale Park,,83.8,6.7,945.0,routed,181.0,approach-review
8929aeb714bffff,The Polo Greens N 3,,73.8,5.91,822.0,routed,192.0,approach-review
8929aeb714fffff,The Polo Greens N 4,,78.1,6.25,1417.0,routed,128.0,approach-review
8929aeb7153ffff,The Polo Greens NW,,76.6,6.13,1759.0,routed,168.0,approach-review
8929aeb7157ffff,The Polo Greens NW 2,,82.7,6.62,1359.0,routed,142.0,approach-review
8929aeb715bffff,The Polo Greens N,,74.6,5.96,1594.0,routed,130.0,approach-review
8929aeb7163ffff,The Polo Greens NW 7,,88.7,7.09,1588.0,routed,124.0,approach-review
8929aeb7167ffff,The Polo Greens NW 11,,91.7,7.34,2007.0,routed,99.0,network-estimate
8929aeb716bffff,The Polo Greens N 10,,80.8,6.46,1657.0,routed,127.0,approach-review
8929aeb716fffff,The Polo Greens NW 12,,85.6,6.85,1804.0,routed,58.0,network-estimate
8929aeb7173ffff,The Polo Greens NW 4,,87.0,6.96,1667.0,routed,163.0,approach-review
8929aeb7177ffff,The Polo Greens NW 8,,90.4,7.23,1886.0,routed,70.0,network-estimate
8929aeb717bffff,The Polo Greens NW 5,,84.4,6.75,1443.0,routed,175.0,approach-review
8929aeb7183ffff,The Polo Greens W 11,,80.7,6.45,1767.0,routed,159.0,approach-review
8929aeb7187ffff,The Polo Greens W 13,,86.5,6.92,1813.0,routed,124.0,approach-review
8929aeb718bffff,The Polo Greens W 7,,80.1,6.41,1903.0,routed,18.0,network-estimate
8929aeb718fffff,The Polo Greens W 9,,85.4,6.83,1559.0,routed,161.0,approach-review
8929aeb7193ffff,The Polo Greens SW 6,,77.0,6.16,1348.0,routed,215.0,approach-review
8929aeb7197ffff,The Polo Greens W 15,,81.4,6.51,1326.0,routed,151.0,approach-review
8929aeb719bffff,The Polo Greens SW 4,,75.2,6.02,1029.0,routed,175.0,approach-review
8929aeb71a3ffff,The Polo Greens W 17,,85.0,6.8,1728.0,routed,131.0,approach-review
8929aeb71a7ffff,The Polo Greens W 19,,82.7,6.62,1487.0,routed,142.0,approach-review
8929aeb71abffff,The Polo Greens W 14,,94.1,7.52,1450.0,routed,155.0,approach-review
8929aeb71afffff,The Polo Greens W 18,,89.1,7.13,1453.0,routed,120.0,approach-review
8929aeb71b3ffff,The Polo Greens W 16,,81.1,6.49,1648.0,routed,120.0,approach-review
8929aeb71b7ffff,Sablewood Gardens Apartments N 5,,78.2,6.25,1440.0,routed,180.0,approach-review
8929aeb71bbffff,Polo Community Park,,87.8,7.03,176.0,routed,141.0,approach-review
8929aeb71c3ffff,The Polo Greens W 2,,72.9,5.83,754.0,routed,192.0,approach-review
8929aeb71c7ffff,The Polo Greens W 4,,80.8,6.47,1311.0,routed,80.0,network-estimate
8929aeb71cbffff,The Polo Greens W,,73.6,5.89,1646.0,routed,120.0,approach-review
8929aeb71cfffff,The Polo Greens W 3,,78.3,6.27,1464.0,routed,151.0,approach-review
8929aeb71d3ffff,The Polo Greens SW 2,,68.7,5.49,1649.0,routed,50.0,network-estimate
8929aeb71d7ffff,The Polo Greens SW 3,,74.3,5.94,1669.0,routed,67.0,network-estimate
8929aeb71dbffff,The Polo Greens SW,,66.6,5.33,1974.0,routed,161.0,approach-review
8929aeb7207ffff,Breakwater Apartments NE 13,,35.1,2.81,1521.0,routed,146.0,approach-review
8929aeb720bffff,Breakwater Apartments NE 18,,25.9,2.07,1769.0,routed,112.0,approach-review
8929aeb720fffff,Breakwater Apartments NE 16,,31.2,2.49,1981.0,routed,64.0,network-estimate
8929aeb7213ffff,Breakwater Apartments NE 12,,31.1,2.49,1740.0,routed,129.0,approach-review
8929aeb7217ffff,Breakwater Apartments NE 11,,35.6,2.84,1511.0,routed,141.0,approach-review
8929aeb721bffff,Breakwater Apartments NE 15,,26.2,2.1,1481.0,routed,126.0,approach-review
8929aeb7233ffff,Breakwater Apartments N 10,,40.2,3.22,1509.0,routed,113.0,approach-review
8929aeb7243ffff,Breakwater Apartments NE 24,,19.7,1.57,1184.0,routed,77.0,network-estimate
8929aeb7247ffff,Breakwater Apartments NE 23,,23.0,1.84,1808.0,routed,25.0,network-estimate
8929aeb7253ffff,Breakwater Apartments NE 22,,13.0,1.04,1094.0,routed,186.0,approach-review
8929aeb7257ffff,Breakwater Apartments NE 19,,24.1,1.93,1363.0,routed,173.0,approach-review
8929aeb725bffff,Breakwater Apartments NE 26,,10.8,0.86,1285.0,routed,110.0,approach-review
8929aeb7273ffff,Breakwater Apartments NE 21,,27.8,2.23,2079.0,routed,135.0,approach-review
8929aeb7283ffff,Breakwater Apartments NE 6,,28.3,2.26,1535.0,routed,131.0,approach-review
8929aeb7287ffff,Breakwater Apartments NE 5,,31.3,2.5,1811.0,routed,95.0,network-estimate
8929aeb728bffff,Breakwater Apartments NE 9,,23.6,1.89,2114.0,routed,48.0,network-estimate
8929aeb728fffff,Breakwater Apartments NE 8,,30.0,2.4,1608.0,routed,53.0,network-estimate
8929aeb7293ffff,Breakwater Apartments E 4,,35.1,2.81,475.0,routed,108.0,approach-review
8929aeb7297ffff,Breakwater Apartments NE 3,,35.5,2.84,1221.0,routed,103.0,approach-review
8929aeb729bffff,Breakwater Apartments E 6,,26.5,2.12,1256.0,routed,127.0,approach-review
8929aeb72a3ffff,Breakwater Apartments N 6,,41.4,3.31,1251.0,routed,108.0,approach-review
8929aeb72a7ffff,Breakwater Apartments N 7,,47.1,3.77,1840.0,routed,73.0,network-estimate
8929aeb72abffff,Breakwater Apartments NE 10,,40.4,3.23,1351.0,routed,140.0,approach-review
8929aeb72afffff,Breakwater Apartments N 8,,44.2,3.54,1330.0,routed,171.0,approach-review
8929aeb72b3ffff,Breakwater Apartments NE 4,,36.4,2.91,1484.0,routed,191.0,approach-review
8929aeb72b7ffff,Breakwater Apartments N 4,,42.5,3.4,1439.0,routed,72.0,network-estimate
8929aeb72bbffff,Breakwater Apartments NE 7,,35.3,2.83,1453.0,routed,136.0,approach-review
8929aeb72c3ffff,Breakwater Apartments E 12,,15.9,1.27,1226.0,routed,73.0,network-estimate
8929aeb72c7ffff,Breakwater Apartments NE 14,,21.9,1.76,710.0,routed,79.0,network-estimate
8929aeb72cbffff,Breakwater Apartments NE 20,,12.6,1.01,1285.0,routed,177.0,approach-review
8929aeb72cfffff,Breakwater Apartments NE 17,,20.7,1.65,821.0,routed,35.0,network-estimate
8929aeb72d3ffff,Breakwater Apartments E 10,,18.6,1.49,385.0,routed,113.0,approach-review
8929aeb72d7ffff,Breakwater Apartments E 8,,20.4,1.63,1781.0,routed,97.0,network-estimate
8929aeb72dbffff,Breakwater Apartments E 14,,11.9,0.96,1179.0,routed,102.0,approach-review
8929aeb7303ffff,The Polo Greens NE 16,,65.1,5.21,1503.0,routed,178.0,approach-review
8929aeb7307ffff,The Polo Greens N 16,,71.4,5.71,1306.0,routed,178.0,approach-review
8929aeb730bffff,The Polo Greens NE 20,,65.6,5.25,1283.0,routed,121.0,approach-review
8929aeb7313ffff,The Polo Greens NE 12,,60.7,4.86,606.0,routed,249.0,approach-review
8929aeb7317ffff,The Polo Greens N 11,,67.6,5.41,826.0,routed,194.0,approach-review
8929aeb731bffff,The Polo Greens NE 17,,62.2,4.98,864.0,routed,102.0,approach-review
8929aeb7323ffff,Gossamer Grove S 23,,82.3,6.58,1377.0,routed,106.0,approach-review
8929aeb7327ffff,Gossamer Grove S 20,,85.5,6.84,1610.0,routed,74.0,network-estimate
8929aeb732fffff,Gossamer Grove S 18,,82.7,6.62,1564.0,routed,102.0,approach-review
8929aeb7333ffff,The Polo Greens N 18,,77.5,6.2,1305.0,routed,172.0,approach-review
8929aeb7337ffff,The Polo Greens N 19,,83.7,6.69,1411.0,routed,155.0,approach-review
8929aeb7343ffff,The Polo Greens NE 23,,56.7,4.54,609.0,routed,115.0,approach-review
8929aeb7353ffff,The Polo Greens NE 22,,52.7,4.22,1234.0,routed,191.0,approach-review
8929aeb7357ffff,The Polo Greens NE 21,,60.1,4.81,1696.0,routed,58.0,network-estimate
8929aeb7363ffff,Gossamer Grove SE 21,,70.8,5.67,1568.0,routed,54.0,network-estimate
8929aeb736bffff,Gossamer Grove SE 20,,68.4,5.47,1748.0,routed,159.0,approach-review
8929aeb736fffff,Gossamer Grove SE 15,,75.2,6.02,1707.0,routed,63.0,network-estimate
8929aeb737bffff,Gossamer Grove SE 26,,66.9,5.35,562.0,routed,142.0,approach-review
8929aeb7383ffff,The Polo Greens NE 6,,65.9,5.27,431.0,routed,213.0,approach-review
8929aeb7387ffff,The Polo Greens N 5,,68.6,5.49,1380.0,routed,29.0,network-estimate
8929aeb738bffff,The Polo Greens NE 10,,60.9,4.87,1099.0,routed,173.0,approach-review
8929aeb738fffff,The Polo Greens NE 9,,63.2,5.05,1792.0,routed,157.0,approach-review
8929aeb7393ffff,The Polo Greens NE 4,,71.9,5.75,760.0,routed,93.0,network-estimate
8929aeb7397ffff,The Polo Greens NE 3,,71.8,5.74,1862.0,routed,85.0,network-estimate
8929aeb739bffff,The Polo Greens NE 7,,61.4,4.91,319.0,routed,254.0,approach-review
8929aeb73a3ffff,The Polo Greens N 9,,75.7,6.06,846.0,routed,192.0,approach-review
8929aeb73a7ffff,The Polo Greens N 12,,79.6,6.37,883.0,routed,50.0,network-estimate
8929aeb73abffff,The Polo Greens N 13,,73.3,5.86,1829.0,routed,88.0,network-estimate
8929aeb73afffff,The Polo Greens N 14,,79.2,6.34,1117.0,routed,154.0,approach-review
8929aeb73b3ffff,The Polo Greens N 6,,71.1,5.69,1668.0,routed,160.0,approach-review
8929aeb73b7ffff,The Polo Greens N 7,,75.8,6.06,2257.0,routed,109.0,approach-review
8929aeb73bbffff,The Polo Greens N 8,,69.1,5.53,1722.0,routed,80.0,network-estimate
8929aeb73c3ffff,The Polo Greens NE 15,,51.3,4.1,2104.0,routed,94.0,network-estimate
8929aeb73c7ffff,The Polo Greens NE 14,,56.9,4.55,2001.0,routed,86.0,network-estimate
8929aeb73cbffff,The Polo Greens NE 19,,49.1,3.93,1256.0,routed,24.0,network-estimate
8929aeb73cfffff,The Polo Greens NE 18,,58.2,4.66,1305.0,routed,171.0,approach-review
8929aeb73d3ffff,The Polo Greens NE 13,,54.2,4.33,1487.0,routed,129.0,approach-review
8929aeb73d7ffff,The Polo Greens NE 11,,55.8,4.47,1275.0,routed,128.0,approach-review
8929aeb73dbffff,Breakwater Apartments N 9,,48.3,3.86,1946.0,routed,77.0,network-estimate
8929aeb7403ffff,Breakwater Apartments S 22,,33.0,2.64,0.0,routed,331.0,approach-review
8929aeb7407ffff,Breakwater Apartments S 21,,32.7,2.62,778.0,routed,100.0,network-estimate
8929aeb740bffff,Breakwater Apartments S 18,,40.3,3.22,0.0,routed,222.0,approach-review
8929aeb740fffff,Breakwater Apartments S 16,,35.6,2.85,956.0,routed,253.0,approach-review
8929aeb7413ffff,Breakwater Apartments S 29,,26.4,2.12,400.0,routed,156.0,approach-review
8929aeb7417ffff,Breakwater Apartments S 28,,26.1,2.08,1072.0,routed,130.0,approach-review
8929aeb741bffff,Breakwater Apartments S 24,,27.5,2.2,0.0,routed,324.0,approach-review
8929aeb742bffff,Breakwater Apartments SW 8,,38.3,3.06,838.0,routed,168.0,approach-review
8929aeb742fffff,The Polo Greens S 12,,36.4,2.92,1059.0,routed,67.0,network-estimate
8929aeb7433ffff,Breakwater Apartments SW 10,,32.2,2.58,1867.0,routed,182.0,approach-review
8929aeb743bffff,Breakwater Apartments SW 9,,33.7,2.69,1202.0,routed,187.0,approach-review
8929aeb7443ffff,Breakwater Apartments S 17,,26.0,2.08,1086.0,routed,251.0,approach-review
8929aeb7447ffff,Breakwater Apartments S 14,,30.6,2.45,292.0,routed,376.0,approach-review
8929aeb744bffff,Breakwater Apartments S 15,,30.7,2.46,0.0,routed,386.0,approach-review
8929aeb744fffff,Breakwater Apartments S 12,,31.8,2.54,1358.0,routed,55.0,network-estimate
8929aeb7453ffff,Breakwater Apartments S 23,,21.3,1.7,903.0,routed,58.0,network-estimate
8929aeb7457ffff,Breakwater Apartments S 19,,25.4,2.03,0.0,routed,387.0,approach-review
8929aeb745bffff,Breakwater Apartments S 20,,26.6,2.13,0.0,routed,353.0,approach-review
8929aeb7463ffff,Breakwater Apartments S 8,,48.3,3.86,197.0,routed,190.0,approach-review
8929aeb7467ffff,Breakwater Apartments SW 6,,46.2,3.7,166.0,routed,90.0,network-estimate
8929aeb746bffff,Breakwater Apartments S 6,,42.5,3.4,279.0,routed,25.0,network-estimate
8929aeb746fffff,Breakwater Apartments S 5,,47.4,3.79,715.0,routed,49.0,network-estimate
8929aeb7473ffff,Breakwater Apartments S 13,,40.9,3.27,53.0,routed,274.0,approach-review
8929aeb7477ffff,Breakwater Apartments S 11,,42.3,3.39,1037.0,routed,131.0,approach-review
8929aeb747bffff,Breakwater Apartments S 9,,34.9,2.79,0.0,routed,307.0,approach-review
8929aeb7483ffff,The Springs Apartment Homes NW 19,,20.4,1.63,1273.0,routed,37.0,network-estimate
8929aeb7487ffff,The Springs Apartment Homes NW 23,,17.4,1.39,1249.0,routed,113.0,approach-review
8929aeb748bffff,The Springs Apartment Homes N 23,,28.9,2.31,1590.0,routed,136.0,approach-review
8929aeb748fffff,The Springs Apartment Homes NW 25,,24.0,1.92,2024.0,routed,108.0,approach-review
8929aeb7493ffff,The Springs Apartment Homes NW 16,,22.6,1.81,45.0,routed,295.0,approach-review
8929aeb7497ffff,The Springs Apartment Homes NW 17,,17.4,1.39,1218.0,routed,136.0,approach-review
8929aeb749bffff,The Springs Apartment Homes N 17,,32.4,2.59,1225.0,routed,144.0,approach-review
8929aeb74a3ffff,The Polo Greens S 13,,22.1,1.77,279.0,routed,142.0,approach-review
8929aeb74abffff,Breakwater Apartments SW 11,,22.9,1.83,1607.0,routed,36.0,network-estimate
8929aeb74b3ffff,The Springs Apartment Homes NW 27,,17.4,1.39,1848.0,routed,34.0,network-estimate
8929aeb74b7ffff,The Polo Greens S 14,,19.5,1.56,756.0,routed,149.0,approach-review
8929aeb74bbffff,Breakwater Apartments SW 12,,18.7,1.5,1447.0,routed,48.0,network-estimate
8929aeb74c3ffff,The Springs Apartment Homes N 22,,23.4,1.87,504.0,routed,40.0,network-estimate
8929aeb74c7ffff,The Springs Apartment Homes N 25,,25.6,2.05,1337.0,routed,40.0,network-estimate
8929aeb74cbffff,The Springs Apartment Homes N 26,,17.2,1.38,1454.0,routed,22.0,network-estimate
8929aeb74cfffff,Breakwater Apartments S 26,,21.9,1.75,307.0,routed,162.0,approach-review
8929aeb74d3ffff,The Springs Apartment Homes N 14,,27.9,2.23,141.0,routed,135.0,approach-review
8929aeb74d7ffff,The Springs Apartment Homes N 19,,31.1,2.49,1285.0,routed,160.0,approach-review
8929aeb74dbffff,The Springs Apartment Homes N 18,,11.9,0.95,728.0,routed,252.0,approach-review
8929aeb7523ffff,Sablewood Gardens Apartments NE 3,,67.4,5.39,1158.0,routed,132.0,approach-review
8929aeb7527ffff,Sablewood Gardens Apartments NE 2,,65.3,5.23,531.0,routed,173.0,approach-review
8929aeb752bffff,The Polo Greens SW 8,,71.4,5.71,1533.0,routed,139.0,approach-review
8929aeb752fffff,Sablewood Gardens Apartments NE 5,,77.1,6.17,1859.0,routed,111.0,approach-review
8929aeb753bffff,Sablewood Gardens Apartments E,,66.8,5.34,1464.0,routed,99.0,network-estimate
8929aeb7543ffff,The Polo Greens S 7,,47.9,3.84,113.0,routed,190.0,approach-review
8929aeb7547ffff,The Polo Greens S 6,,54.4,4.36,1178.0,routed,104.0,approach-review
8929aeb754bffff,The Polo Greens S 5,,46.7,3.73,283.0,routed,171.0,approach-review
8929aeb7553ffff,The Polo Greens S 11,,44.1,3.53,441.0,routed,93.0,network-estimate
8929aeb7557ffff,The Polo Greens S 10,,49.7,3.97,785.0,routed,41.0,network-estimate
8929aeb755bffff,The Polo Greens S 9,,42.3,3.39,233.0,routed,84.0,network-estimate
8929aeb7567ffff,The Polo Greens SW 5,,71.0,5.68,1341.0,routed,46.0,network-estimate
8929aeb7577ffff,The Polo Greens SW 7,,66.4,5.32,1288.0,routed,175.0,approach-review
8929aeb7583ffff,Sablewood Gardens Apartments SE 5,,36.7,2.94,1298.0,routed,248.0,approach-review
8929aeb7587ffff,Sablewood Gardens Apartments SE 4,,41.5,3.32,815.0,routed,231.0,approach-review
8929aeb758bffff,Sablewood Gardens Apartments E 2,,36.2,2.9,1064.0,routed,207.0,approach-review
8929aeb7593ffff,Masterpiece Parke E 11,,31.3,2.5,892.0,routed,248.0,approach-review
8929aeb7597ffff,Masterpiece Parke E 8,,37.5,3.0,1005.0,routed,277.0,approach-review
8929aeb759bffff,Sablewood Gardens Apartments SE 6,,31.7,2.54,1280.0,routed,182.0,approach-review
8929aeb75d7ffff,Sablewood Gardens Apartments E 3,,35.3,2.83,923.0,routed,212.0,approach-review
8929aeb7613ffff,Breakwater Apartments SE 11,,35.8,2.87,54.0,routed,138.0,approach-review
8929aeb7617ffff,Breakwater Apartments SE 8,,39.6,3.17,411.0,routed,61.0,network-estimate
8929aeb761bffff,Breakwater Apartments SE 12,,32.5,2.6,365.0,routed,70.0,network-estimate
8929aeb7623ffff,Breakwater Apartments SE 4,,44.6,3.57,267.0,routed,196.0,approach-review
8929aeb7627ffff,Breakwater Apartments SE 2,,45.4,3.63,452.0,routed,105.0,approach-review
8929aeb762bffff,Breakwater Apartments E 5,,39.4,3.15,712.0,routed,201.0,approach-review
8929aeb762fffff,Breakwater Apartments E 3,,41.8,3.34,458.0,routed,87.0,network-estimate
8929aeb7637ffff,Breakwater Apartments SE 3,,50.0,4.0,577.0,routed,98.0,network-estimate
8929aeb764fffff,Breakwater Apartments E 15,,24.1,1.93,677.0,routed,211.0,approach-review
8929aeb766bffff,Breakwater Apartments E 9,,23.7,1.9,884.0,routed,104.0,approach-review
8929aeb766fffff,Breakwater Apartments E 7,,24.5,1.96,1062.0,routed,96.0,network-estimate
8929aeb767bffff,Breakwater Apartments E 11,,32.7,2.61,3.0,routed,192.0,approach-review
8929aeb7687ffff,Breakwater Apartments SE 10,,43.1,3.44,0.0,routed,347.0,approach-review
8929aeb768fffff,Breakwater Apartments SE 9,,42.7,3.42,399.0,routed,68.0,network-estimate
8929aeb7697ffff,Breakwater Apartments SE 13,,45.0,3.6,0.0,routed,499.0,approach-review
8929aeb76a3ffff,Breakwater Apartments SE 6,,40.5,3.24,210.0,routed,60.0,network-estimate
8929aeb76a7ffff,Breakwater Apartments S 4,,40.1,3.21,920.0,routed,73.0,network-estimate
8929aeb76abffff,Breakwater Apartments SE 5,,45.7,3.66,246.0,routed,155.0,approach-review
8929aeb76b3ffff,Breakwater Apartments S 10,,37.8,3.03,0.0,routed,47.0,network-estimate
8929aeb76b7ffff,Breakwater Apartments S 7,,35.5,2.84,732.0,routed,130.0,approach-review
8929aeb76bbffff,Breakwater Apartments SE 7,,44.2,3.54,191.0,routed,167.0,approach-review
8929aeb76c3ffff,Breakwater Apartments SE 16,,33.4,2.68,0.0,routed,61.0,network-estimate
8929aeb76cbffff,Breakwater Apartments SE 17,,26.0,2.08,0.0,routed,214.0,approach-review
8929aeb76cfffff,Breakwater Apartments SE 14,,27.7,2.22,0.0,routed,100.0,network-estimate
8929aeb76d3ffff,Breakwater Apartments SE 18,,36.8,2.94,0.0,routed,236.0,approach-review
8929aeb76d7ffff,Breakwater Apartments SE 15,,38.2,3.06,304.0,routed,67.0,network-estimate
8929aeb76dbffff,Breakwater Apartments SE 20,,29.3,2.34,189.0,routed,279.0,approach-review
8929aeb8403ffff,Crestview Meadows NE 260,,176.6,14.12,0.0,routed,694.0,approach-review
8929aeb8407ffff,Crestview Meadows NE 256,,157.3,12.59,0.0,routed,657.0,approach-review
8929aeb840bffff,Crestview Meadows NE 266,,174.8,13.99,0.0,routed,558.0,approach-review
8929aeb840fffff,Crestview Meadows NE 265,,172.1,13.76,0.0,routed,334.0,approach-review
8929aeb8413ffff,Crestview Meadows NE 255,,222.4,17.79,0.0,routed,784.0,approach-review
8929aeb8417ffff,Crestview Meadows NE 250,,222.1,17.77,0.0,routed,587.0,approach-review
8929aeb841bffff,Crestview Meadows NE 264,,179.1,14.33,0.0,routed,899.0,approach-review
8929aeb8423ffff,Crestview Meadows NE 258,,154.7,12.37,326.0,routed,622.0,approach-review
8929aeb8427ffff,Crestview Meadows NE 254,,154.2,12.34,125.0,routed,586.0,approach-review
8929aeb842fffff,Crestview Meadows NE 263,,161.1,12.89,0.0,routed,635.0,approach-review
8929aeb8433ffff,Crestview Meadows NE 252,,153.0,12.24,0.0,routed,485.0,approach-review
8929aeb8437ffff,Crestview Meadows NE 247,,150.1,12.01,402.0,routed,258.0,approach-review
8929aeb843bffff,Crestview Meadows NE 262,,158.2,12.65,166.0,routed,725.0,approach-review
8929aeb8443ffff,Crestview Meadows NE 275,,180.5,14.44,0.0,routed,1007.0,approach-review
8929aeb8447ffff,Crestview Meadows NE 272,,175.9,14.08,0.0,routed,645.0,approach-review
8929aeb844bffff,Crestview Meadows NE 281,,183.4,14.67,0.0,routed,1238.0,approach-review
8929aeb844fffff,Crestview Meadows NE 278,,180.6,14.45,0.0,routed,884.0,approach-review
8929aeb8453ffff,Crestview Meadows NE 273,,183.2,14.65,0.0,routed,1223.0,approach-review
8929aeb8457ffff,Crestview Meadows NE 269,,178.9,14.31,0.0,routed,879.0,approach-review
8929aeb845bffff,Crestview Meadows NE 279,,185.0,14.8,0.0,routed,1369.0,approach-review
8929aeb8463ffff,Crestview Meadows NE 274,,172.1,13.77,0.0,routed,339.0,approach-review
8929aeb8473ffff,Crestview Meadows NE 270,,171.4,13.71,0.0,routed,283.0,approach-review
8929aeb8477ffff,Crestview Meadows NE 268,,168.9,13.51,753.0,routed,79.0,network-estimate
8929aeb847bffff,Crestview Meadows NE 276,,176.2,14.1,0.0,routed,537.0,approach-review
8929aeb8483ffff,Crestview Meadows NE 237,,209.7,16.78,0.0,routed,399.0,approach-review
8929aeb8487ffff,Crestview Meadows NE 229,,213.2,17.05,61.0,routed,47.0,network-estimate
8929aeb848bffff,Crestview Meadows NE 251,,213.3,17.07,0.0,routed,688.0,approach-review
8929aeb848fffff,Crestview Meadows NE 243,,217.7,17.42,0.0,routed,413.0,approach-review
8929aeb8493ffff,Crestview Meadows NE 232,,204.4,16.35,0.0,routed,541.0,approach-review
8929aeb8497ffff,Crestview Meadows NE 224,,137.4,10.99,0.0,routed,479.0,approach-review
8929aeb849bffff,Crestview Meadows NE 246,,207.5,16.6,0.0,routed,785.0,approach-review
8929aeb84a3ffff,Crestview Meadows NE 230,,154.6,12.37,0.0,routed,438.0,approach-review
8929aeb84a7ffff,Crestview Meadows NE 225,,140.9,11.28,131.0,routed,306.0,approach-review
8929aeb84abffff,Crestview Meadows NE 244,,154.3,12.34,0.0,routed,554.0,approach-review
8929aeb84afffff,Crestview Meadows NE 238,,149.8,11.99,125.0,routed,235.0,approach-review
8929aeb84b3ffff,Crestview Meadows NE 223,,217.8,17.43,15.0,routed,244.0,approach-review
8929aeb84b7ffff,Crestview Meadows NE 218,,138.1,11.05,0.0,routed,280.0,approach-review
8929aeb84bbffff,Crestview Meadows NE 236,,217.9,17.44,1.0,routed,252.0,approach-review
8929aeb84c7ffff,Crestview Meadows NE 261,,217.6,17.41,0.0,routed,1032.0,approach-review
8929aeb84cbffff,Crestview Meadows NE 271,,186.6,14.93,0.0,routed,1498.0,approach-review
8929aeb84cfffff,Crestview Meadows NE 267,,182.6,14.61,0.0,routed,1181.0,approach-review
8929aeb84d7ffff,Crestview Meadows NE 257,,211.4,16.92,0.0,routed,1102.0,approach-review
8929aeb850bffff,Crestview Meadows NE 240,,157.9,12.63,0.0,routed,874.0,approach-review
8929aeb851bffff,Crestview Meadows NE 231,,153.8,12.31,0.0,routed,547.0,approach-review
8929aeb8553ffff,Crestview Meadows NE 249,,154.2,12.34,0.0,routed,581.0,approach-review
8929aeb8557ffff,Crestview Meadows NE 245,,155.1,12.41,0.0,routed,648.0,approach-review
8929aeb855bffff,Crestview Meadows NE 259,,158.6,12.69,0.0,routed,933.0,approach-review
8929aeb85c3ffff,Crestview Meadows NE 227,,145.6,11.64,0.0,routed,548.0,approach-review
8929aeb85c7ffff,Crestview Meadows NE 222,,148.8,11.9,0.0,routed,804.0,approach-review
8929aeb85cbffff,Crestview Meadows NE 241,,151.4,12.11,0.0,routed,352.0,approach-review
8929aeb85cfffff,Crestview Meadows NE 235,,150.5,12.04,0.0,routed,283.0,approach-review
8929aeb85d3ffff,Crestview Meadows NE 220,,140.8,11.26,138.0,routed,480.0,approach-review
8929aeb85d7ffff,Crestview Meadows NE 215,,145.0,11.6,0.0,routed,506.0,approach-review
8929aeb85dbffff,Crestview Meadows NE 233,,144.5,11.56,397.0,routed,463.0,approach-review
8929aeb8617ffff,Crestview Meadows NE 299,,192.5,15.4,0.0,routed,1837.0,approach-review
8929aeb8683ffff,Crestview Meadows NE 292,,192.6,15.41,0.0,routed,1848.0,approach-review
8929aeb8687ffff,Crestview Meadows NE 287,,188.3,15.07,0.0,routed,1504.0,approach-review
8929aeb868fffff,Crestview Meadows NE 295,,192.1,15.37,0.0,routed,1806.0,approach-review
8929aeb8693ffff,Crestview Meadows NE 289,,192.2,15.38,0.0,routed,1947.0,approach-review
8929aeb8697ffff,Crestview Meadows NE 285,,187.8,15.02,0.0,routed,1590.0,approach-review
8929aeb869bffff,Crestview Meadows NE 297,,197.0,15.76,0.0,routed,2198.0,approach-review
8929aeb86a3ffff,Crestview Meadows NE 288,,184.7,14.77,0.0,routed,1211.0,approach-review
8929aeb86abffff,Crestview Meadows NE 296,,189.2,15.13,0.0,routed,1572.0,approach-review
8929aeb86b3ffff,Crestview Meadows NE 284,,184.2,14.73,0.0,routed,1170.0,approach-review
8929aeb86b7ffff,Crestview Meadows NE 282,,180.3,14.42,0.0,routed,860.0,approach-review
8929aeb86bbffff,Crestview Meadows NE 291,,188.2,15.06,0.0,routed,1495.0,approach-review
8929aeb86d3ffff,Crestview Meadows NE 305,,205.0,16.4,0.0,routed,2683.0,approach-review
8929aeb86d7ffff,Crestview Meadows NE 302,,200.7,16.06,0.0,routed,2337.0,approach-review
8929aeb86dbffff,Crestview Meadows NE 308,,208.5,16.68,0.0,routed,2963.0,approach-review
8929aeba003ffff,Crestview Meadows E 60,,131.3,10.51,0.0,routed,582.0,approach-review
8929aeba007ffff,Crestview Meadows E 54,,126.6,10.12,133.0,routed,347.0,approach-review
8929aeba00bffff,Crestview Meadows E 67,,130.6,10.45,0.0,routed,549.0,approach-review
8929aeba00fffff,Crestview Meadows E 61,,127.1,10.17,648.0,routed,276.0,approach-review
8929aeba013ffff,Crestview Meadows E 59,,135.0,10.8,0.0,routed,208.0,approach-review
8929aeba017ffff,Crestview Meadows E 53,,126.2,10.1,0.0,routed,643.0,approach-review
8929aeba01bffff,Crestview Meadows E 66,,136.0,10.88,0.0,routed,590.0,approach-review
8929aeba023ffff,Crestview Meadows NE 130,,115.4,9.23,489.0,routed,237.0,approach-review
8929aeba027ffff,Crestview Meadows NE 122,,106.8,8.55,678.0,routed,265.0,approach-review
8929aeba02bffff,Crestview Meadows NE 147,,119.2,9.54,535.0,routed,142.0,approach-review
8929aeba02fffff,Crestview Meadows NE 138,,111.1,8.89,964.0,routed,157.0,approach-review
8929aeba033ffff,Crestview Meadows E 49,,122.8,9.82,786.0,routed,283.0,approach-review
8929aeba037ffff,Crestview Meadows NE 115,,116.6,9.33,835.0,routed,332.0,approach-review
8929aeba03bffff,Crestview Meadows E 56,,121.3,9.7,1278.0,routed,151.0,approach-review
8929aeba043ffff,Crestview Meadows E 78,,138.4,11.07,0.0,routed,649.0,approach-review
8929aeba047ffff,Crestview Meadows E 74,,131.6,10.53,0.0,routed,627.0,approach-review
8929aeba04bffff,Crestview Meadows E 81,,141.2,11.3,0.0,routed,866.0,approach-review
8929aeba04fffff,Crestview Meadows E 79,,134.7,10.77,0.0,routed,873.0,approach-review
8929aeba053ffff,Crestview Meadows E 77,,156.5,12.52,0.0,routed,518.0,approach-review
8929aeba057ffff,Crestview Meadows E 73,,137.2,10.97,0.0,routed,552.0,approach-review
8929aeba063ffff,Crestview Meadows NE 170,,127.4,10.19,786.0,routed,306.0,approach-review
8929aeba067ffff,Crestview Meadows NE 161,,124.1,9.93,553.0,routed,282.0,approach-review
8929aeba06bffff,Crestview Meadows NE 182,,128.1,10.24,284.0,routed,597.0,approach-review
8929aeba06fffff,Crestview Meadows NE 175,,123.0,9.84,744.0,routed,368.0,approach-review
8929aeba073ffff,Crestview Meadows E 68,,127.1,10.17,657.0,routed,265.0,approach-review
8929aeba077ffff,Crestview Meadows E 64,,122.5,9.8,1125.0,routed,61.0,network-estimate
8929aeba07bffff,Crestview Meadows E 75,,130.6,10.45,446.0,routed,550.0,approach-review
8929aeba083ffff,Crestview Meadows E 51,,128.2,10.25,0.0,routed,828.0,approach-review
8929aeba087ffff,Crestview Meadows E 46,,123.7,9.89,0.0,routed,466.0,approach-review
8929aeba08bffff,Crestview Meadows E 58,,131.4,10.52,0.0,routed,1000.0,approach-review
8929aeba08fffff,Crestview Meadows E 52,,126.9,10.16,0.0,routed,729.0,approach-review
8929aeba093ffff,Crestview Meadows E 50,,131.0,10.48,0.0,routed,1051.0,approach-review
8929aeba097ffff,Crestview Meadows E 45,,126.8,10.14,0.0,routed,714.0,approach-review
8929aeba09bffff,Crestview Meadows E 57,,138.5,11.08,0.0,routed,733.0,approach-review
8929aeba0a3ffff,Crestview Meadows E 42,,117.4,9.39,0.0,routed,585.0,approach-review
8929aeba0abffff,Crestview Meadows E 48,,122.0,9.76,0.0,routed,307.0,approach-review
8929aeba0afffff,Crestview Meadows E 43,,118.1,9.45,208.0,routed,435.0,approach-review
8929aeba0b3ffff,Crestview Meadows E 41,,119.1,9.53,0.0,routed,104.0,approach-review
8929aeba0bbffff,Crestview Meadows E 47,,121.9,9.75,0.0,routed,739.0,approach-review
8929aeba0c3ffff,Crestview Meadows E 71,,148.8,11.91,0.0,routed,614.0,approach-review
8929aeba0c7ffff,Crestview Meadows E 65,,136.3,10.9,0.0,routed,317.0,approach-review
8929aeba0cbffff,Crestview Meadows E 76,,149.9,11.99,0.0,routed,444.0,approach-review
8929aeba0cfffff,Crestview Meadows E 72,,140.8,11.26,0.0,routed,673.0,approach-review
8929aeba0d3ffff,Crestview Meadows E 70,,140.1,11.2,0.0,routed,528.0,approach-review
8929aeba0d7ffff,Crestview Meadows E 63,,138.0,11.04,0.0,routed,455.0,approach-review
8929aeba103ffff,Crestview Meadows NE 87,,85.0,6.8,652.0,routed,136.0,approach-review
8929aeba107ffff,Crestview Meadows NE 83,,81.4,6.51,308.0,routed,105.0,approach-review
8929aeba10bffff,Crestview Meadows NE 99,,92.8,7.42,953.0,routed,201.0,approach-review
8929aeba10fffff,Crestview Meadows NE 93,,86.0,6.88,185.0,routed,232.0,approach-review
8929aeba117ffff,Crestview Meadows NE 76,,80.6,6.45,46.0,routed,232.0,approach-review
8929aeba11bffff,Crestview Meadows NE 92,,91.1,7.29,317.0,routed,182.0,approach-review
8929aeba123ffff,Crestview Meadows NE 84,,84.3,6.74,0.0,routed,489.0,approach-review
8929aeba127ffff,Crestview Meadows NE 82,,97.9,7.84,599.0,routed,301.0,approach-review
8929aeba12bffff,Crestview Meadows NE 96,,93.5,7.48,0.0,routed,317.0,approach-review
8929aeba12fffff,Crestview Meadows NE 91,,100.3,8.03,0.0,routed,493.0,approach-review
8929aeba133ffff,Crestview Meadows NE 80,,79.8,6.38,637.0,routed,129.0,approach-review
8929aeba137ffff,Crestview Meadows NE 75,,80.8,6.46,0.0,routed,350.0,approach-review
8929aeba13bffff,Crestview Meadows NE 89,,84.2,6.74,163.0,routed,259.0,approach-review
8929aeba143ffff,Crestview Meadows NE 119,,97.3,7.79,1554.0,routed,142.0,approach-review
8929aeba147ffff,Crestview Meadows NE 111,,92.6,7.41,971.0,routed,182.0,approach-review
8929aeba14bffff,Crestview Meadows NE 135,,102.6,8.21,1881.0,routed,89.0,network-estimate
8929aeba14fffff,Crestview Meadows NE 126,,99.6,7.97,323.0,routed,311.0,approach-review
8929aeba153ffff,Crestview Meadows NE 112,,99.2,7.94,442.0,routed,207.0,approach-review
8929aeba157ffff,Crestview Meadows NE 103,,94.5,7.56,1311.0,routed,167.0,approach-review
8929aeba15bffff,Crestview Meadows NE 127,,102.8,8.23,1570.0,routed,171.0,approach-review
8929aeba163ffff,Crestview Meadows NE 113,,95.9,7.67,1217.0,routed,241.0,approach-review
8929aeba167ffff,Crestview Meadows NE 108,,97.2,7.77,1122.0,routed,81.0,network-estimate
8929aeba16bffff,Crestview Meadows NE 129,,100.6,8.05,1078.0,routed,383.0,approach-review
8929aeba16fffff,Crestview Meadows NE 124,,100.3,8.03,464.0,routed,283.0,approach-review
8929aeba173ffff,Crestview Meadows NE 104,,93.6,7.49,589.0,routed,265.0,approach-review
8929aeba177ffff,Crestview Meadows NE 100,,91.2,7.3,1178.0,routed,132.0,approach-review
8929aeba17bffff,Crestview Meadows NE 120,,96.9,7.75,0.0,routed,337.0,approach-review
8929aeba183ffff,Crestview Meadows NE 67,,87.1,6.97,0.0,routed,243.0,approach-review
8929aeba187ffff,Crestview Meadows NE 61,,81.6,6.53,369.0,routed,198.0,approach-review
8929aeba18fffff,Crestview Meadows NE 72,,86.6,6.92,332.0,routed,168.0,approach-review
8929aeba193ffff,Crestview Meadows NE 64,,91.7,7.34,0.0,routed,462.0,approach-review
8929aeba197ffff,Crestview Meadows NE 56,,85.0,6.8,0.0,routed,368.0,approach-review
8929aeba1a3ffff,Crestview Meadows NE 62,,71.4,5.71,741.0,routed,78.0,network-estimate
8929aeba1a7ffff,Crestview Meadows NE 57,,71.7,5.73,425.0,routed,269.0,approach-review
8929aeba1abffff,Crestview Meadows NE 74,,76.1,6.09,353.0,routed,88.0,network-estimate
8929aeba1afffff,Crestview Meadows NE 68,,76.2,6.09,1097.0,routed,147.0,approach-review
8929aeba1b3ffff,Crestview Meadows NE 55,,78.3,6.26,848.0,routed,142.0,approach-review
8929aeba1b7ffff,Crestview Meadows NE 52,,70.1,5.61,0.0,routed,142.0,approach-review
8929aeba1bbffff,Crestview Meadows NE 66,,77.7,6.21,246.0,routed,185.0,approach-review
8929aeba1cbffff,Crestview Meadows NE 107,,101.6,8.12,0.0,routed,195.0,approach-review
8929aeba1dbffff,Crestview Meadows E 38,,103.9,8.32,0.0,routed,407.0,approach-review
8929aeba203ffff,Crestview Meadows E 93,,185.8,14.87,0.0,routed,1306.0,approach-review
8929aeba207ffff,Crestview Meadows NE 216,,188.3,15.06,0.0,routed,1504.0,approach-review
8929aeba20bffff,Crestview Meadows E 97,,190.4,15.23,0.0,routed,695.0,approach-review
8929aeba20fffff,Crestview Meadows NE 228,,190.5,15.24,0.0,routed,1524.0,approach-review
8929aeba213ffff,Crestview Meadows E 92,,176.0,14.08,0.0,routed,1230.0,approach-review
8929aeba217ffff,Crestview Meadows E 89,,176.2,14.1,0.0,routed,1291.0,approach-review
8929aeba21bffff,Crestview Meadows E 96,,184.3,14.75,0.0,routed,1188.0,approach-review
8929aeba223ffff,Crestview Meadows NE 214,,144.2,11.53,0.0,routed,1019.0,approach-review
8929aeba227ffff,Crestview Meadows NE 208,,140.9,11.27,0.0,routed,756.0,approach-review
8929aeba22bffff,Crestview Meadows NE 226,,144.6,11.57,0.0,routed,1051.0,approach-review
8929aeba22fffff,Crestview Meadows NE 219,,140.3,11.22,0.0,routed,708.0,approach-review
8929aeba233ffff,Crestview Meadows NE 210,,147.8,11.83,0.0,routed,1395.0,approach-review
8929aeba237ffff,Crestview Meadows NE 204,,131.0,10.48,0.0,routed,1095.0,approach-review
8929aeba23bffff,Crestview Meadows NE 221,,148.0,11.84,0.0,routed,1329.0,approach-review
8929aeba263ffff,Crestview Meadows NE 248,,199.5,15.96,0.0,routed,1419.0,approach-review
8929aeba267ffff,Crestview Meadows NE 239,,203.5,16.28,0.0,routed,464.0,approach-review
8929aeba26fffff,Crestview Meadows NE 253,,207.9,16.63,0.0,routed,821.0,approach-review
8929aeba273ffff,Crestview Meadows NE 242,,194.9,15.59,0.0,routed,1056.0,approach-review
8929aeba277ffff,Crestview Meadows NE 234,,197.2,15.78,0.0,routed,1237.0,approach-review
8929aeba283ffff,Crestview Meadows E 87,,167.8,13.42,0.0,routed,616.0,approach-review
8929aeba287ffff,Crestview Meadows E 85,,168.7,13.5,0.0,routed,692.0,approach-review
8929aeba28bffff,Crestview Meadows E 91,,172.1,13.77,0.0,routed,963.0,approach-review
8929aeba28fffff,Crestview Meadows E 88,,171.9,13.75,0.0,routed,944.0,approach-review
8929aeba297ffff,Crestview Meadows E 84,,164.2,13.13,0.0,routed,327.0,approach-review
8929aeba29bffff,Crestview Meadows E 90,,169.3,13.54,134.0,routed,737.0,approach-review
8929aeba2a3ffff,Crestview Meadows E 83,,135.6,10.85,0.0,routed,1145.0,approach-review
8929aeba2a7ffff,Crestview Meadows NE 192,,130.3,10.42,0.0,routed,934.0,approach-review
8929aeba2abffff,Crestview Meadows NE 205,,145.3,11.63,0.0,routed,1308.0,approach-review
8929aeba2afffff,Crestview Meadows NE 200,,135.4,10.84,0.0,routed,1188.0,approach-review
8929aeba2b3ffff,Crestview Meadows E 82,,139.9,11.19,0.0,routed,875.0,approach-review
8929aeba2b7ffff,Crestview Meadows E 80,,132.7,10.61,0.0,routed,908.0,approach-review
8929aeba2bbffff,Crestview Meadows E 86,,144.0,11.52,0.0,routed,1205.0,approach-review
8929aeba2c7ffff,Crestview Meadows E 95,,180.1,14.41,0.0,routed,848.0,approach-review
8929aeba2d7ffff,Crestview Meadows E 94,,176.2,14.1,0.0,routed,540.0,approach-review
8929aeba303ffff,Crestview Meadows NE 183,,116.2,9.3,0.0,routed,782.0,approach-review
8929aeba307ffff,Crestview Meadows NE 179,,116.0,9.28,0.0,routed,764.0,approach-review
8929aeba30bffff,Crestview Meadows NE 193,,123.0,9.84,0.0,routed,449.0,approach-review
8929aeba30fffff,Crestview Meadows NE 189,,125.8,10.06,0.0,routed,675.0,approach-review
8929aeba313ffff,Crestview Meadows NE 178,,117.9,9.43,0.0,routed,469.0,approach-review
8929aeba317ffff,Crestview Meadows NE 171,,111.9,8.95,0.0,routed,431.0,approach-review
8929aeba31bffff,Crestview Meadows NE 188,,118.5,9.48,0.0,routed,96.0,network-estimate
8929aeba323ffff,Crestview Meadows NE 181,,136.4,10.92,0.0,routed,926.0,approach-review
8929aeba327ffff,Crestview Meadows NE 176,,118.1,9.45,0.0,routed,1049.0,approach-review
8929aeba32bffff,Crestview Meadows NE 191,,134.6,10.77,0.0,routed,777.0,approach-review
8929aeba32fffff,Crestview Meadows NE 187,,141.9,11.36,0.0,routed,824.0,approach-review
8929aeba333ffff,Crestview Meadows NE 174,,115.8,9.27,0.0,routed,841.0,approach-review
8929aeba337ffff,Crestview Meadows NE 168,,113.5,9.08,0.0,routed,870.0,approach-review
8929aeba33bffff,Crestview Meadows NE 185,,131.9,10.56,0.0,routed,565.0,approach-review
8929aeba343ffff,Crestview Meadows NE 206,,135.0,10.8,0.0,routed,287.0,approach-review
8929aeba347ffff,Crestview Meadows NE 201,,130.3,10.42,0.0,routed,433.0,approach-review
8929aeba34bffff,Crestview Meadows NE 217,,133.0,10.64,0.0,routed,123.0,approach-review
8929aeba34fffff,Crestview Meadows NE 211,,134.6,10.76,0.0,routed,250.0,approach-review
8929aeba353ffff,Crestview Meadows NE 202,,126.0,10.08,0.0,routed,694.0,approach-review
8929aeba357ffff,Crestview Meadows NE 197,,123.1,9.85,0.0,routed,459.0,approach-review
8929aeba35bffff,Crestview Meadows NE 212,,136.4,10.92,0.0,routed,401.0,approach-review
8929aeba363ffff,Crestview Meadows NE 203,,135.5,10.84,0.0,routed,228.0,approach-review
8929aeba36bffff,Crestview Meadows NE 213,,136.2,10.9,518.0,routed,116.0,approach-review
8929aeba36fffff,Crestview Meadows NE 209,,138.7,11.1,364.0,routed,483.0,approach-review
8929aeba373ffff,Crestview Meadows NE 198,,128.1,10.24,0.0,routed,254.0,approach-review
8929aeba377ffff,Crestview Meadows NE 195,,130.5,10.44,0.0,routed,451.0,approach-review
8929aeba37bffff,Crestview Meadows NE 207,,134.6,10.77,184.0,routed,100.0,network-estimate
8929aeba383ffff,Crestview Meadows NE 159,,117.5,9.4,428.0,routed,199.0,approach-review
8929aeba387ffff,Crestview Meadows NE 151,,109.8,8.78,639.0,routed,105.0,approach-review
8929aeba38bffff,Crestview Meadows NE 173,,117.1,9.37,168.0,routed,173.0,approach-review
8929aeba38fffff,Crestview Meadows NE 165,,109.4,8.75,577.0,routed,232.0,approach-review
8929aeba393ffff,Crestview Meadows NE 154,,114.4,9.15,666.0,routed,251.0,approach-review
8929aeba397ffff,Crestview Meadows NE 142,,107.1,8.57,1235.0,routed,157.0,approach-review
8929aeba39bffff,Crestview Meadows NE 167,,119.3,9.54,693.0,routed,90.0,network-estimate
8929aeba3a3ffff,Crestview Meadows NE 152,,107.8,8.62,502.0,routed,468.0,approach-review
8929aeba3a7ffff,Crestview Meadows NE 144,,105.4,8.43,373.0,routed,398.0,approach-review
8929aeba3abffff,Crestview Meadows NE 166,,111.7,8.93,0.0,routed,506.0,approach-review
8929aeba3afffff,Crestview Meadows NE 160,,110.0,8.8,0.0,routed,764.0,approach-review
8929aeba3b3ffff,Crestview Meadows NE 141,,103.3,8.27,749.0,routed,114.0,approach-review
8929aeba3b7ffff,Crestview Meadows NE 136,,104.1,8.33,315.0,routed,296.0,approach-review
8929aeba3bbffff,Crestview Meadows NE 157,,108.7,8.69,464.0,routed,266.0,approach-review
8929aeba3c3ffff,Crestview Meadows NE 190,,124.7,9.97,0.0,routed,585.0,approach-review
8929aeba3c7ffff,Crestview Meadows NE 184,,120.9,9.67,0.0,routed,287.0,approach-review
8929aeba3cbffff,Crestview Meadows NE 199,,126.5,10.12,0.0,routed,735.0,approach-review
8929aeba3cfffff,Crestview Meadows NE 194,,122.1,9.77,0.0,routed,379.0,approach-review
8929aeba3d3ffff,Crestview Meadows NE 186,,125.8,10.06,0.0,routed,614.0,approach-review
8929aeba3d7ffff,Crestview Meadows NE 180,,122.0,9.76,0.0,routed,311.0,approach-review
8929aeba3dbffff,Crestview Meadows NE 196,,129.0,10.32,0.0,routed,930.0,approach-review
8929aeba42fffff,Crestview Meadows E 44,,123.3,9.86,0.0,routed,950.0,approach-review
8929aeba467ffff,Crestview Meadows E 55,,134.7,10.78,0.0,routed,433.0,approach-review
8929aeba46bffff,Crestview Meadows E 69,,135.0,10.8,345.0,routed,454.0,approach-review
8929aeba46fffff,Crestview Meadows E 62,,135.5,10.84,0.0,routed,491.0,approach-review
8929aeba507ffff,Crestview Meadows E 35,,112.7,9.02,0.0,routed,151.0,approach-review
8929aeba523ffff,Crestview Meadows E 33,,93.7,7.5,0.0,routed,1002.0,approach-review
8929aeba527ffff,Crestview Meadows E 30,,65.3,5.22,0.0,routed,911.0,approach-review
8929aeba52bffff,Crestview Meadows E 37,,107.4,8.59,0.0,routed,578.0,approach-review
8929aeba52fffff,Crestview Meadows E 34,,87.9,7.03,0.0,routed,697.0,approach-review
8929aeba533ffff,Crestview Meadows E 32,,117.0,9.36,0.0,routed,492.0,approach-review
8929aeba537ffff,Crestview Meadows E 29,,65.7,5.25,0.0,routed,987.0,approach-review
8929aeba53bffff,Crestview Meadows E 36,,111.3,8.9,0.0,routed,855.0,approach-review
8929aeba54bffff,Crestview Meadows E 40,,121.6,9.73,0.0,routed,778.0,approach-review
8929aeba55bffff,Crestview Meadows E 39,,123.1,9.85,0.0,routed,897.0,approach-review
8929aeba5a7ffff,Crestview Meadows E 25,,66.8,5.35,0.0,routed,902.0,approach-review
8929aeba5abffff,Crestview Meadows E 31,,111.3,8.9,0.0,routed,765.0,approach-review
8929aeba5afffff,Crestview Meadows E 28,,69.8,5.59,0.0,routed,1009.0,approach-review
8929aeba883ffff,Crestview Meadows N 116,,127.6,10.21,0.0,routed,113.0,approach-review
8929aeba887ffff,Crestview Meadows N 121,,130.1,10.41,0.0,routed,310.0,approach-review
8929aeba88bffff,Crestview Meadows N 128,,133.3,10.66,0.0,routed,178.0,approach-review
8929aeba893ffff,Crestview Meadows N 103,,130.4,10.43,0.0,routed,331.0,approach-review
8929aeba897ffff,Crestview Meadows N 107,,129.5,10.36,0.0,routed,259.0,approach-review
8929aeba89bffff,Crestview Meadows N 115,,133.6,10.69,0.0,routed,126.0,approach-review
8929aeba8b3ffff,Kern County Soccer Park SE,,119.3,9.54,0.0,routed,234.0,approach-review
8929aeba8b7ffff,Kern County Soccer Park,,119.0,9.52,0.0,routed,240.0,approach-review
8929aeba8c3ffff,Crestview Meadows N 134,,133.9,10.72,811.0,routed,126.0,approach-review
8929aeba8cbffff,Crestview Meadows NE 145,,136.8,10.94,497.0,routed,314.0,approach-review
8929aeba8d3ffff,Crestview Meadows NE 117,,132.1,10.57,113.0,routed,190.0,approach-review
8929aeba8d7ffff,Crestview Meadows N 126,,136.1,10.89,277.0,routed,210.0,approach-review
8929aeba8dbffff,Crestview Meadows NE 131,,130.2,10.42,780.0,routed,146.0,approach-review
8929aeba983ffff,Hart Memorial Park,,93.5,7.48,0.0,routed,224.0,approach-review
8929aeba993ffff,Crestview Meadows N 133,,80.2,6.42,0.0,routed,561.0,approach-review
8929aeba997ffff,Crestview Meadows N 140,,80.1,6.41,0.0,routed,556.0,approach-review
8929aeba99bffff,Crestview Meadows N 139,,92.8,7.42,0.0,routed,167.0,approach-review
8929aeba9d3ffff,Kern River State Recreation Area,,101.9,8.16,62.0,routed,349.0,approach-review
8929aeba9d7ffff,Hart Memorial Park SE,,97.2,7.77,118.0,routed,128.0,approach-review
8929aebac03ffff,Crestview Meadows NE 69,,88.7,7.1,358.0,routed,255.0,approach-review
8929aebac07ffff,Crestview Meadows N 69,,80.8,6.46,0.0,routed,407.0,approach-review
8929aebac0bffff,Crestview Meadows NE 78,,87.5,7.0,11.0,routed,285.0,approach-review
8929aebac0fffff,Crestview Meadows NE 77,,92.1,7.37,0.0,routed,542.0,approach-review
8929aebac13ffff,Crestview Meadows NE 59,,86.9,6.95,605.0,routed,165.0,approach-review
8929aebac17ffff,Crestview Meadows NE 58,,78.0,6.24,456.0,routed,95.0,network-estimate
8929aebac1bffff,Crestview Meadows NE 70,,83.2,6.65,870.0,routed,148.0,approach-review
8929aebac23ffff,Crestview Meadows N 81,,84.0,6.72,0.0,routed,728.0,approach-review
8929aebac27ffff,Crestview Meadows N 84,,80.1,6.4,0.0,routed,792.0,approach-review
8929aebac2bffff,Crestview Meadows N 91,,89.2,7.13,0.0,routed,595.0,approach-review
8929aebac2fffff,Crestview Meadows N 94,,88.7,7.1,0.0,routed,560.0,approach-review
8929aebac33ffff,Crestview Meadows N 70,,79.6,6.37,191.0,routed,376.0,approach-review
8929aebac37ffff,Crestview Meadows N 74,,76.3,6.1,0.0,routed,491.0,approach-review
8929aebac3bffff,Crestview Meadows N 80,,84.3,6.74,0.0,routed,683.0,approach-review
8929aebac43ffff,Crestview Meadows NE 88,,98.2,7.86,386.0,routed,325.0,approach-review
8929aebac47ffff,Crestview Meadows NE 86,,90.2,7.21,105.0,routed,498.0,approach-review
8929aebac4bffff,Crestview Meadows NE 98,,100.6,8.05,0.0,routed,512.0,approach-review
8929aebac4fffff,Crestview Meadows NE 97,,102.6,8.21,0.0,routed,671.0,approach-review
8929aebac53ffff,Crestview Meadows NE 81,,96.2,7.7,207.0,routed,164.0,approach-review
8929aebac57ffff,Crestview Meadows NE 79,,85.9,6.87,30.0,routed,368.0,approach-review
8929aebac5bffff,Crestview Meadows NE 90,,96.8,7.74,798.0,routed,208.0,approach-review
8929aebac63ffff,Crestview Meadows NE 94,,141.2,11.3,0.0,routed,723.0,approach-review
8929aebac67ffff,Crestview Meadows N 101,,136.8,10.94,0.0,routed,501.0,approach-review
8929aebac6bffff,Crestview Meadows NE 105,,133.3,10.66,0.0,routed,447.0,approach-review
8929aebac6fffff,Crestview Meadows N 113,,137.5,11.0,0.0,routed,388.0,approach-review
8929aebac73ffff,Crestview Meadows NE 85,,91.9,7.35,0.0,routed,636.0,approach-review
8929aebac77ffff,Crestview Meadows N 89,,91.9,7.35,0.0,routed,811.0,approach-review
8929aebac7bffff,Crestview Meadows NE 95,,94.5,7.56,0.0,routed,737.0,approach-review
8929aebac83ffff,Crestview Meadows NE 43,,70.7,5.66,2594.0,routed,48.0,network-estimate
8929aebac87ffff,Crestview Meadows N 43,,75.9,6.07,2071.0,routed,36.0,network-estimate
8929aebac8bffff,Crestview Meadows NE 50,,74.8,5.99,647.0,routed,203.0,approach-review
8929aebac8fffff,Crestview Meadows NE 49,,75.1,6.01,1530.0,routed,16.0,network-estimate
8929aebac93ffff,Crestview Meadows NE 36,,65.4,5.23,1566.0,routed,154.0,approach-review
8929aebac97ffff,Crestview Meadows NE 35,,67.1,5.37,2225.0,routed,103.0,approach-review
8929aebac9bffff,Crestview Meadows NE 44,,71.5,5.72,1336.0,routed,135.0,approach-review
8929aebaca3ffff,Crestview Meadows N 53,,72.9,5.84,124.0,routed,248.0,approach-review
8929aebaca7ffff,Crestview Meadows N 55,,68.2,5.45,371.0,routed,112.0,approach-review
8929aebacabffff,Crestview Meadows N 59,,75.7,6.05,918.0,routed,179.0,approach-review
8929aebacafffff,Crestview Meadows N 63,,73.2,5.85,106.0,routed,267.0,approach-review
8929aebacb3ffff,Crestview Meadows N 44,,70.5,5.64,1711.0,routed,119.0,approach-review
8929aebacb7ffff,Crestview Meadows N 46,,63.3,5.07,1479.0,routed,118.0,approach-review
8929aebacbbffff,Crestview Meadows N 50,,72.7,5.82,1745.0,routed,152.0,approach-review
8929aebacc3ffff,Crestview Meadows NE 63,,78.1,6.24,0.0,routed,243.0,approach-review
8929aebacc7ffff,Crestview Meadows NE 60,,78.3,6.26,726.0,routed,259.0,approach-review
8929aebaccbffff,Crestview Meadows NE 73,,83.1,6.65,383.0,routed,496.0,approach-review
8929aebaccfffff,Crestview Meadows NE 71,,82.0,6.56,267.0,routed,265.0,approach-review
8929aebacd3ffff,Crestview Meadows NE 54,,79.7,6.38,0.0,routed,374.0,approach-review
8929aebacd7ffff,Crestview Meadows NE 53,,76.9,6.15,1932.0,routed,148.0,approach-review
8929aebacdbffff,Crestview Meadows NE 65,,78.5,6.28,199.0,routed,271.0,approach-review
8929aebad03ffff,Crestview Meadows N 88,,81.4,6.51,0.0,routed,1186.0,approach-review
8929aebad07ffff,Crestview Meadows N 97,,68.6,5.49,0.0,routed,1424.0,approach-review
8929aebad0bffff,Crestview Meadows N 98,,87.9,7.03,0.0,routed,1172.0,approach-review
8929aebad0fffff,Crestview Meadows N 102,,79.8,6.39,0.0,routed,1060.0,approach-review
8929aebad13ffff,Crestview Meadows N 77,,63.7,5.1,0.0,routed,1030.0,approach-review
8929aebad17ffff,Crestview Meadows N 83,,60.5,4.84,0.0,routed,1264.0,approach-review
8929aebad1bffff,Crestview Meadows N 85,,82.2,6.57,0.0,routed,1015.0,approach-review
8929aebad23ffff,Crestview Meadows N 119,,71.9,5.75,0.0,routed,428.0,approach-review
8929aebad27ffff,Crestview Meadows N 125,,70.6,5.65,0.0,routed,325.0,approach-review
8929aebad2bffff,Crestview Meadows N 123,,76.5,6.12,0.0,routed,796.0,approach-review
8929aebad2fffff,Crestview Meadows N 131,,74.7,5.97,0.0,routed,647.0,approach-review
8929aebad33ffff,Crestview Meadows N 105,,65.2,5.21,0.0,routed,1367.0,approach-review
8929aebad37ffff,Crestview Meadows N 112,,67.8,5.43,0.0,routed,100.0,network-estimate
8929aebad3bffff,Crestview Meadows N 110,,75.6,6.05,0.0,routed,723.0,approach-review
8929aebad43ffff,Crestview Meadows N 100,,122.0,9.76,0.0,routed,451.0,approach-review
8929aebad47ffff,Crestview Meadows N 106,,114.5,9.16,0.0,routed,972.0,approach-review
8929aebad4bffff,Crestview Meadows N 109,,120.3,9.62,0.0,routed,315.0,approach-review
8929aebad4fffff,Crestview Meadows N 114,,118.1,9.45,294.0,routed,138.0,approach-review
8929aebad53ffff,Crestview Meadows N 87,,81.6,6.53,0.0,routed,735.0,approach-review
8929aebad57ffff,Crestview Meadows N 93,,84.4,6.75,0.0,routed,961.0,approach-review
8929aebad5bffff,Crestview Meadows N 96,,91.7,7.34,0.0,routed,632.0,approach-review
8929aebad63ffff,Crestview Meadows N 124,,103.9,8.31,205.0,routed,759.0,approach-review
8929aebad67ffff,Crestview Meadows N 130,,97.1,7.77,0.0,routed,510.0,approach-review
8929aebad6bffff,Kern County Soccer Park W,,105.2,8.42,10.0,routed,611.0,approach-review
8929aebad6fffff,Crestview Meadows N 135,,99.6,7.97,328.0,routed,417.0,approach-review
8929aebad73ffff,Crestview Meadows N 111,,111.1,8.89,0.0,routed,1083.0,approach-review
8929aebad77ffff,Crestview Meadows N 117,,82.6,6.61,0.0,routed,753.0,approach-review
8929aebad7bffff,Crestview Meadows N 120,,110.1,8.81,371.0,routed,621.0,approach-review
8929aebad83ffff,Crestview Meadows N 61,,54.4,4.36,0.0,routed,916.0,approach-review
8929aebad87ffff,Crestview Meadows N 67,,52.0,4.16,0.0,routed,723.0,approach-review
8929aebad8bffff,Crestview Meadows N 66,,60.2,4.81,0.0,routed,750.0,approach-review
8929aebad8fffff,Crestview Meadows N 72,,56.6,4.53,0.0,routed,1091.0,approach-review
8929aebad93ffff,Crestview Meadows N 51,,53.8,4.31,0.0,routed,732.0,approach-review
8929aebad97ffff,Crestview Meadows N 57,,50.0,4.0,0.0,routed,557.0,approach-review
8929aebad9bffff,Crestview Meadows N 56,,58.0,4.64,0.0,routed,573.0,approach-review
8929aebada3ffff,Crestview Meadows N 86,,57.2,4.57,0.0,routed,729.0,approach-review
8929aebada7ffff,Crestview Meadows N 95,,57.7,4.61,0.0,routed,768.0,approach-review
8929aebadabffff,Crestview Meadows N 90,,60.6,4.85,0.0,routed,1273.0,approach-review
8929aebadafffff,Crestview Meadows N 99,,61.1,4.89,0.0,routed,1045.0,approach-review
8929aebadb3ffff,Crestview Meadows N 75,,51.6,4.12,0.0,routed,684.0,approach-review
8929aebadb7ffff,Crestview Meadows N 82,,53.1,4.25,0.0,routed,818.0,approach-review
8929aebadbbffff,Crestview Meadows N 78,,55.5,4.44,0.0,routed,1000.0,approach-review
8929aebadc3ffff,Crestview Meadows N 68,,74.4,5.95,0.0,routed,391.0,approach-review
8929aebadc7ffff,Crestview Meadows N 73,,78.6,6.29,0.0,routed,730.0,approach-review
8929aebadcbffff,Crestview Meadows N 76,,77.0,6.16,0.0,routed,371.0,approach-review
8929aebadcfffff,Crestview Meadows N 79,,78.6,6.28,0.0,routed,724.0,approach-review
8929aebadd3ffff,Crestview Meadows N 58,,71.0,5.68,1.0,routed,219.0,approach-review
8929aebadd7ffff,Crestview Meadows N 62,,75.5,6.04,0.0,routed,578.0,approach-review
8929aebaddbffff,Crestview Meadows N 65,,71.9,5.75,175.0,routed,188.0,approach-review
8929aebae03ffff,Crestview Meadows NE 153,,137.8,11.02,0.0,routed,336.0,approach-review
8929aebae07ffff,Crestview Meadows NE 150,,133.3,10.66,679.0,routed,13.0,network-estimate
8929aebae0bffff,Crestview Meadows NE 164,,141.0,11.28,0.0,routed,457.0,approach-review
8929aebae0fffff,Crestview Meadows NE 162,,136.5,10.92,254.0,routed,165.0,approach-review
8929aebae13ffff,Crestview Meadows NE 140,,141.0,11.28,0.0,routed,617.0,approach-review
8929aebae17ffff,Crestview Meadows NE 137,,137.7,11.01,0.0,routed,355.0,approach-review
8929aebae1bffff,Crestview Meadows NE 156,,142.3,11.38,0.0,routed,668.0,approach-review
8929aebae23ffff,Kern River County Park,,132.5,10.6,674.0,routed,279.0,approach-review
8929aebae33ffff,Crestview Meadows NE 148,,128.6,10.29,1795.0,routed,88.0,network-estimate
8929aebae37ffff,Crestview Meadows NE 146,,129.0,10.32,885.0,routed,245.0,approach-review
8929aebae3bffff,Kern River County Park S,,132.7,10.62,939.0,routed,181.0,approach-review
8929aebae47ffff,Crestview Meadows NE 177,,144.4,11.55,18.0,routed,744.0,approach-review
8929aebae53ffff,Crestview Meadows NE 172,,118.2,9.46,0.0,routed,1061.0,approach-review
8929aebae57ffff,Crestview Meadows NE 169,,145.5,11.64,0.0,routed,815.0,approach-review
8929aebae73ffff,Kern River County Park SE,,140.7,11.26,0.0,routed,454.0,approach-review
8929aebae83ffff,Crestview Meadows NE 114,,103.3,8.26,0.0,routed,569.0,approach-review
8929aebae87ffff,Crestview Meadows NE 110,,106.0,8.48,0.0,routed,690.0,approach-review
8929aebae8bffff,Crestview Meadows NE 128,,104.3,8.34,0.0,routed,644.0,approach-review
8929aebae8fffff,Crestview Meadows NE 125,,139.5,11.16,0.0,routed,706.0,approach-review
8929aebae93ffff,Crestview Meadows NE 102,,100.5,8.04,0.0,routed,299.0,approach-review
8929aebae97ffff,Crestview Meadows NE 101,,102.0,8.16,0.0,routed,369.0,approach-review
8929aebae9bffff,Crestview Meadows NE 116,,99.7,7.98,68.0,routed,287.0,approach-review
8929aebaea3ffff,Crestview Meadows NE 121,,126.0,10.08,10.0,routed,313.0,approach-review
8929aebaea7ffff,Crestview Meadows NE 118,,127.8,10.22,10.0,routed,213.0,approach-review
8929aebaeabffff,Crestview Meadows NE 134,,125.4,10.04,13.0,routed,269.0,approach-review
8929aebaeafffff,Crestview Meadows NE 132,,123.3,9.86,1359.0,routed,95.0,network-estimate
8929aebaeb3ffff,Crestview Meadows NE 109,,107.8,8.63,0.0,routed,676.0,approach-review
8929aebaeb7ffff,Crestview Meadows NE 106,,130.2,10.42,0.0,routed,576.0,approach-review
8929aebaebbffff,Crestview Meadows NE 123,,128.8,10.3,0.0,routed,536.0,approach-review
8929aebaec3ffff,Crestview Meadows NE 149,,108.3,8.66,0.0,routed,811.0,approach-review
8929aebaec7ffff,Crestview Meadows NE 143,,108.7,8.7,0.0,routed,845.0,approach-review
8929aebaecbffff,Crestview Meadows NE 163,,113.9,9.11,0.0,routed,843.0,approach-review
8929aebaecfffff,Crestview Meadows NE 158,,115.2,9.21,0.0,routed,947.0,approach-review
8929aebaed3ffff,Crestview Meadows NE 139,,105.1,8.4,411.0,routed,479.0,approach-review
8929aebaed7ffff,Crestview Meadows NE 133,,104.3,8.34,0.0,routed,491.0,approach-review
8929aebaedbffff,Crestview Meadows NE 155,,109.2,8.74,0.0,routed,703.0,approach-review
8929aebb123ffff,Crestview Meadows NE 280,,195.3,15.63,0.0,routed,1909.0,approach-review
8929aebb127ffff,Crestview Meadows NE 277,,187.6,15.01,0.0,routed,1576.0,approach-review
8929aebb12bffff,Crestview Meadows NE 286,,196.8,15.75,0.0,routed,2029.0,approach-review
8929aebb12fffff,Crestview Meadows NE 283,,189.5,15.16,0.0,routed,1731.0,approach-review
8929aebb14fffff,Crestview Meadows NE 304,,217.4,17.39,0.0,routed,2800.0,approach-review
8929aebb163ffff,Crestview Meadows NE 298,,203.6,16.29,0.0,routed,2568.0,approach-review
8929aebb167ffff,Crestview Meadows NE 293,,199.1,15.92,0.0,routed,2206.0,approach-review
8929aebb16bffff,Crestview Meadows NE 303,,206.3,16.5,0.0,routed,2785.0,approach-review
8929aebb16fffff,Crestview Meadows NE 300,,201.8,16.15,0.0,routed,2428.0,approach-review
8929aebb173ffff,Crestview Meadows NE 294,,207.7,16.62,0.0,routed,2736.0,approach-review
8929aebb177ffff,Crestview Meadows NE 290,,201.3,16.11,0.0,routed,2389.0,approach-review
8929aebb17bffff,Crestview Meadows NE 301,,208.1,16.65,0.0,routed,2930.0,approach-review
8929aebb3a7ffff,Crestview Meadows NE 307,,209.4,16.75,0.0,routed,3033.0,approach-review
8929aebb3b7ffff,Crestview Meadows NE 306,,210.8,16.86,0.0,routed,3144.0,approach-review
