h3,lst_c,green_pct
8929ac48043ffff,44.61,35.96
8929ac48047ffff,44.94,17.87
8929ac4804bffff,51.12,5.2
8929ac48053ffff,40.59,45.0
8929ac48057ffff,41.86,25.51
8929ac4805bffff,50.26,16.87
8929ac480c3ffff,40.91,35.0
8929ac480cbffff,42.32,45.0
8929ac480cfffff,41.55,26.62
8929ac480d3ffff,40.75,39.4
8929ac480dbffff,42.63,45.0
8929ac48203ffff,43.72,29.88
8929ac4820bffff,48.88,11.93
8929ac4820fffff,37.78,45.0
8929ac48213ffff,48.35,23.88
8929ac4821bffff,48.24,14.97
8929ac48223ffff,38.95,43.67
8929ac48227ffff,37.38,44.7
8929ac4822bffff,40.86,25.99
8929ac4822fffff,40.62,29.31
8929ac48233ffff,38.39,45.0
8929ac48237ffff,38.78,45.0
8929ac4823bffff,38.54,42.25
8929ac48243ffff,52.04,4.38
8929ac48247ffff,50.42,6.04
8929ac4824bffff,48.87,14.34
8929ac4824fffff,43.67,29.47
8929ac48253ffff,52.66,3.86
8929ac48257ffff,51.1,6.44
8929ac4825bffff,51.82,4.76
8929ac48263ffff,40.07,35.87
8929ac48267ffff,43.14,6.71
8929ac4826bffff,43.17,25.74
8929ac4826fffff,40.64,30.81
8929ac48273ffff,45.02,25.02
8929ac48277ffff,44.02,26.28
8929ac4827bffff,40.23,41.63
8929ac48283ffff,43.42,35.82
8929ac4828bffff,54.44,14.74
8929ac48293ffff,51.54,2.58
8929ac48297ffff,49.9,10.14
8929ac4829bffff,49.93,13.93
8929ac482c3ffff,54.63,2.72
8929ac482c7ffff,54.79,3.55
8929ac482cbffff,54.57,3.47
8929ac482cfffff,54.03,3.83
8929ac482d3ffff,48.93,11.79
8929ac482d7ffff,54.23,4.86
8929ac482dbffff,53.92,2.76
8929ac48343ffff,40.06,41.24
8929ac48347ffff,51.02,8.9
8929ac4834bffff,38.75,45.0
8929ac4834fffff,46.05,18.73
8929ac48353ffff,38.78,39.86
8929ac48357ffff,49.61,11.89
8929ac4835bffff,36.83,45.0
8929ac48363ffff,41.45,20.88
8929ac48367ffff,45.86,22.21
8929ac4836bffff,37.72,45.0
8929ac4836fffff,35.59,45.0
8929ac4837bffff,43.37,5.22
8929ac483c3ffff,43.68,23.12
8929ac483cbffff,40.65,37.51
8929ac483cfffff,36.81,30.31
8929ac48603ffff,52.13,3.77
8929ac48607ffff,53.61,2.64
8929ac4860bffff,43.06,5.02
8929ac4860fffff,51.82,3.58
8929ac4861bffff,41.32,26.44
8929ac48623ffff,54.96,3.26
8929ac48627ffff,51.66,15.01
8929ac4862bffff,53.18,3.48
8929ac4862fffff,54.47,2.23
8929ac48633ffff,54.63,3.0
8929ac48637ffff,51.61,13.22
8929ac4863bffff,53.43,3.94
8929ac48663ffff,44.8,31.17
8929ac48667ffff,50.63,4.33
8929ac4866fffff,42.73,26.29
8929ac48673ffff,44.5,11.69
8929ac48677ffff,51.44,5.98
8929ac486a7ffff,43.03,43.91
8929ac486abffff,54.51,3.59
8929ac486afffff,52.97,9.73
8929ac48827ffff,41.38,40.31
8929ac48867ffff,46.24,18.33
8929ac4886fffff,49.78,5.85
8929ac48923ffff,47.34,11.39
8929ac48927ffff,48.07,13.66
8929ac4892bffff,51.35,8.61
8929ac4892fffff,48.18,19.28
8929ac48933ffff,47.69,9.03
8929ac48937ffff,43.59,3.6
8929ac4893bffff,46.34,28.83
8929ac48943ffff,40.55,37.41
8929ac48947ffff,45.52,22.7
8929ac4894bffff,44.74,31.09
8929ac4894fffff,42.42,35.35
8929ac48953ffff,38.89,45.0
8929ac48957ffff,42.09,41.01
8929ac4895bffff,46.72,21.31
8929ac48963ffff,50.23,5.95
8929ac48967ffff,49.89,5.89
8929ac4896bffff,50.24,9.08
8929ac4896fffff,49.74,8.79
8929ac48973ffff,46.13,24.6
8929ac48977ffff,45.74,23.23
8929ac4897bffff,49.52,10.05
8929ac489a3ffff,37.22,43.99
8929ac489a7ffff,45.85,21.52
8929ac489abffff,45.32,22.09
8929ac489afffff,47.18,19.69
8929ac489b7ffff,40.61,37.94
8929ac489cbffff,41.44,35.49
8929ac489cfffff,38.91,45.0
8929ac48a37ffff,52.75,5.83
8929ac48a6fffff,45.67,30.04
8929ac48aa7ffff,38.23,45.0
8929ac48aafffff,47.39,13.54
8929ac48b03ffff,50.61,8.92
8929ac48b07ffff,50.91,10.24
8929ac48b0bffff,51.45,6.6
8929ac48b0fffff,49.93,8.72
8929ac48b13ffff,52.59,7.94
8929ac48b17ffff,51.99,8.08
8929ac48b1bffff,51.39,6.49
8929ac48b23ffff,49.46,12.19
8929ac48b27ffff,50.33,9.1
8929ac48b2bffff,51.49,8.4
8929ac48b2fffff,49.36,11.96
8929ac48b33ffff,49.0,11.67
8929ac48b37ffff,48.59,12.3
8929ac48b3bffff,49.33,12.12
8929ac48b47ffff,49.63,9.44
8929ac48b4bffff,49.58,14.97
8929ac48b4fffff,49.01,14.4
8929ac48b57ffff,49.16,14.82
8929ac48b63ffff,52.24,5.08
8929ac48b67ffff,52.67,3.49
8929ac48b6bffff,49.05,11.63
8929ac48b6fffff,55.11,7.41
8929ac48b73ffff,52.38,6.28
8929ac48b77ffff,50.94,7.51
8929ac48b7bffff,50.02,7.72
8929ac48b83ffff,50.76,10.16
8929ac48b87ffff,50.82,9.87
8929ac48b8bffff,51.48,4.59
8929ac48b8fffff,52.48,5.9
8929ac48b97ffff,49.17,18.89
8929ac48b9bffff,51.66,6.81
8929ac48ba3ffff,52.18,11.03
8929ac48ba7ffff,49.23,10.88
8929ac48babffff,51.19,9.18
8929ac48bafffff,50.09,9.21
8929ac48bb3ffff,49.77,12.37
8929ac48bb7ffff,50.72,9.62
8929ac48bbbffff,51.94,8.65
8929ac48bc3ffff,51.01,2.21
8929ac48bc7ffff,51.65,5.2
8929ac48bcbffff,54.39,6.37
8929ac48bcfffff,52.05,9.64
8929ac48bd3ffff,44.92,17.56
8929ac48bd7ffff,50.8,4.48
8929ac48bdbffff,50.4,3.34
8929ac49183ffff,41.26,27.29
8929ac49187ffff,41.41,36.02
8929ac49193ffff,40.66,36.92
8929ac49197ffff,45.27,9.99
8929ac491a3ffff,41.75,19.68
8929ac491b3ffff,40.74,45.0
8929ac491b7ffff,40.44,37.22
8929ac49507ffff,49.5,13.07
8929ac49523ffff,45.71,11.52
8929ac49527ffff,51.45,5.04
8929ac4952bffff,47.33,15.41
8929ac4952fffff,45.23,10.57
8929ac49533ffff,46.94,10.65
8929ac49537ffff,52.16,4.77
8929ac4953bffff,47.33,12.95
8929ac495a7ffff,47.8,23.68
8929ac495abffff,48.56,18.79
8929ac495afffff,51.85,6.23
8929ac49803ffff,43.06,24.04
8929ac49807ffff,47.98,11.7
8929ac4980bffff,46.75,20.21
8929ac4980fffff,43.01,23.3
8929ac49813ffff,40.84,27.58
8929ac49817ffff,46.78,13.06
8929ac4981bffff,44.22,24.53
8929ac49827ffff,39.68,40.34
8929ac49833ffff,46.68,16.64
8929ac49837ffff,39.01,41.43
8929ac49883ffff,42.95,32.85
8929ac49887ffff,43.34,27.43
8929ac4988bffff,39.89,35.73
8929ac4988fffff,42.15,28.85
8929ac49893ffff,50.53,13.43
8929ac49897ffff,46.11,22.58
8929ac4989bffff,49.29,17.58
8929ac498a3ffff,44.63,36.54
8929ac498a7ffff,41.78,42.99
8929ac498abffff,50.79,5.03
8929ac498afffff,43.19,33.73
8929ac498b3ffff,48.52,13.35
8929ac498b7ffff,47.6,32.46
8929ac498bbffff,48.65,6.88
8929ac498c7ffff,45.31,25.99
8929ac498d7ffff,49.51,16.45
8929ac49923ffff,53.4,7.42
8929ac49927ffff,54.78,6.46
8929ac4992bffff,53.67,7.93
8929ac4992fffff,53.75,7.05
8929ac49933ffff,53.56,8.05
8929ac49937ffff,53.57,14.27
8929ac4993bffff,53.67,6.62
8929ac4994bffff,49.03,10.32
8929ac4994fffff,51.93,6.31
8929ac4995bffff,48.46,12.28
8929ac49963ffff,45.32,37.85
8929ac49967ffff,53.55,5.83
8929ac4996bffff,43.68,34.24
8929ac4996fffff,46.46,18.22
8929ac49973ffff,51.55,8.63
8929ac49977ffff,53.01,5.86
8929ac4997bffff,46.94,34.07
8929ac499a7ffff,38.09,45.0
8929ac499abffff,49.42,14.95
8929ac499afffff,48.33,22.98
8929ac499dbffff,45.24,23.27
8929ac49b03ffff,42.38,35.94
8929ac49b07ffff,48.86,11.77
8929ac49b0bffff,48.38,12.21
8929ac49b0fffff,48.1,13.47
8929ac49b13ffff,41.32,42.83
8929ac49b17ffff,41.98,41.34
8929ac49b1bffff,39.04,44.47
8929ac49b23ffff,51.77,5.05
8929ac49b27ffff,50.83,4.54
8929ac49b2bffff,47.41,22.35
8929ac49b2fffff,44.77,24.34
8929ac49b33ffff,51.37,4.84
8929ac49b37ffff,50.53,9.45
8929ac49b3bffff,48.93,9.24
8929ac49b63ffff,45.23,26.94
8929ac49b67ffff,42.08,41.61
8929ac49b6fffff,42.97,33.63
8929ac49b73ffff,42.32,27.06
8929ac49b77ffff,42.9,35.05
8929ac49b87ffff,43.79,29.07
8929ac49b8bffff,40.49,39.58
8929ac49b8fffff,47.35,19.3
8929ac49ba3ffff,52.25,5.56
8929ac49ba7ffff,49.22,11.52
8929ac49babffff,45.82,29.67
8929ac49bafffff,52.25,4.54
8929ac49bb3ffff,52.49,4.31
8929ac49bb7ffff,48.67,27.03
8929ac49bbbffff,46.42,25.52
8929ac49bc7ffff,42.86,31.16
8929ac49c13ffff,51.7,2.8
8929ac49c2fffff,51.67,7.69
8929ac49c67ffff,51.93,4.84
8929ac49c6fffff,51.03,9.45
8929ac49c83ffff,42.87,31.41
8929ac49c87ffff,48.21,16.14
8929ac49c8bffff,48.6,12.37
8929ac49c8fffff,51.32,4.25
8929ac49c93ffff,42.43,17.54
8929ac49c97ffff,39.67,40.99
8929ac49c9bffff,40.75,37.08
8929ac49ca3ffff,51.24,10.32
8929ac49ca7ffff,45.76,29.14
8929ac49cb3ffff,51.21,4.63
8929ac49cb7ffff,49.61,11.15
8929ac49cbbffff,49.16,4.32
8929ac49cc7ffff,43.06,26.17
8929ac49cd3ffff,45.17,19.71
8929ac49cd7ffff,40.52,34.99
8929ac49d03ffff,49.71,14.3
8929ac49d07ffff,41.88,15.7
8929ac49d0bffff,46.85,12.59
8929ac49d0fffff,44.03,26.18
8929ac49d13ffff,48.39,19.72
8929ac49d17ffff,50.0,10.42
8929ac49d1bffff,36.11,45.0
8929ac49d43ffff,51.72,4.74
8929ac49d4bffff,51.84,4.53
8929ac49d4fffff,52.74,5.28
8929ac49d53ffff,47.78,20.56
8929ac49d57ffff,42.58,31.13
8929ac49d5bffff,49.26,12.67
8929ac49d63ffff,50.58,11.08
8929ac49d67ffff,42.6,29.79
8929ac49d6bffff,50.47,15.23
8929ac49d6fffff,46.94,13.7
8929ac49d73ffff,50.95,10.19
8929ac49d77ffff,41.54,30.48
8929ac49d7bffff,51.63,10.18
8929ac49d83ffff,49.94,14.77
8929ac49d8bffff,47.75,22.94
8929ac49d8fffff,51.12,11.94
8929ac49d93ffff,43.94,31.37
8929ac49d9bffff,47.22,23.42
8929ac49dc3ffff,35.66,45.0
8929ac49dc7ffff,35.21,45.0
8929ac49dcbffff,45.66,25.27
8929ac49dcfffff,36.18,45.0
8929ac49dd3ffff,36.0,45.0
8929ac49dd7ffff,35.1,45.0
8929ac49ddbffff,45.83,28.6
8929ac4c00bffff,35.36,38.63
8929ac4c01bffff,34.2,43.46
8929ac4c043ffff,37.32,28.25
8929ac4c047ffff,34.53,45.0
8929ac4c04bffff,34.68,45.0
8929ac4c04fffff,36.12,39.66
8929ac4c053ffff,34.64,44.82
8929ac4c057ffff,33.93,45.0
8929ac4c05bffff,35.04,44.74
8929ac4c063ffff,37.12,36.41
8929ac4c06bffff,39.28,29.74
8929ac4c06fffff,42.83,23.25
8929ac4c073ffff,34.28,44.36
8929ac4c07bffff,35.06,43.46
8929ac4c0c3ffff,34.79,43.55
8929ac4c0c7ffff,34.94,41.04
8929ac4c0cbffff,34.79,44.08
8929ac4c0cfffff,34.39,45.0
8929ac4c0d3ffff,34.51,45.0
8929ac4c0d7ffff,35.42,41.66
8929ac4c0dbffff,34.78,43.54
8929ac4c123ffff,49.06,16.07
8929ac4c127ffff,54.45,4.79
8929ac4c12bffff,52.69,6.3
8929ac4c12fffff,53.59,5.57
8929ac4c14fffff,38.27,33.45
8929ac4c163ffff,52.11,6.41
8929ac4c167ffff,50.79,8.29
8929ac4c16bffff,53.68,5.99
8929ac4c16fffff,52.93,7.35
8929ac4c173ffff,35.96,44.02
8929ac4c177ffff,45.47,20.0
8929ac4c17bffff,45.71,20.31
8929ac4c203ffff,41.84,37.75
8929ac4c207ffff,41.15,34.83
8929ac4c20bffff,49.13,10.82
8929ac4c20fffff,52.43,6.44
8929ac4c213ffff,48.38,15.85
8929ac4c217ffff,38.05,43.94
8929ac4c21bffff,49.0,13.31
8929ac4c223ffff,47.23,11.16
8929ac4c227ffff,48.49,8.48
8929ac4c22bffff,48.26,12.2
8929ac4c22fffff,48.54,10.13
8929ac4c233ffff,38.16,41.14
8929ac4c237ffff,42.09,27.86
8929ac4c23bffff,48.9,11.02
8929ac4c243ffff,50.88,5.96
8929ac4c247ffff,50.82,8.89
8929ac4c24bffff,51.82,3.95
8929ac4c24fffff,53.76,8.0
8929ac4c253ffff,50.0,9.53
8929ac4c257ffff,49.8,10.11
8929ac4c25bffff,49.93,8.7
8929ac4c263ffff,48.3,12.69
8929ac4c267ffff,47.55,12.48
8929ac4c26bffff,48.13,15.62
8929ac4c26fffff,47.33,18.94
8929ac4c273ffff,49.05,13.14
8929ac4c277ffff,51.12,9.84
8929ac4c27bffff,52.6,9.76
8929ac4c283ffff,44.49,24.15
8929ac4c287ffff,34.46,45.0
8929ac4c28bffff,51.72,3.09
8929ac4c28fffff,42.93,24.45
8929ac4c293ffff,40.69,33.35
8929ac4c297ffff,35.3,44.44
8929ac4c29bffff,49.22,14.77
8929ac4c2a3ffff,36.19,42.97
8929ac4c2a7ffff,36.15,44.24
8929ac4c2abffff,35.61,45.0
8929ac4c2afffff,35.88,45.0
8929ac4c2b3ffff,34.43,45.0
8929ac4c2b7ffff,35.45,42.52
8929ac4c2bbffff,34.8,45.0
8929ac4c2c3ffff,52.41,3.51
8929ac4c2c7ffff,53.77,4.81
8929ac4c2cbffff,48.62,7.18
8929ac4c2cfffff,51.15,6.66
8929ac4c2d3ffff,49.0,10.61
8929ac4c2d7ffff,54.19,4.28
8929ac4c2dbffff,47.14,16.17
8929ac4c303ffff,54.77,3.95
8929ac4c307ffff,54.61,4.76
8929ac4c30bffff,51.8,7.95
8929ac4c30fffff,54.67,4.52
8929ac4c313ffff,54.6,4.23
8929ac4c317ffff,54.76,4.48
8929ac4c31bffff,53.09,4.7
8929ac4c323ffff,54.59,5.41
8929ac4c327ffff,53.66,4.72
8929ac4c32bffff,55.12,5.08
8929ac4c32fffff,53.97,4.96
8929ac4c333ffff,54.61,5.57
8929ac4c337ffff,50.86,7.75
8929ac4c33bffff,55.28,5.9
8929ac4c343ffff,45.24,30.56
8929ac4c347ffff,44.72,10.12
8929ac4c34bffff,43.98,35.7
8929ac4c34fffff,39.35,45.0
8929ac4c353ffff,48.73,10.13
8929ac4c357ffff,48.91,7.08
8929ac4c35bffff,49.71,10.54
8929ac4c363ffff,51.73,7.88
8929ac4c367ffff,53.99,4.91
8929ac4c36bffff,50.62,5.91
8929ac4c36fffff,53.17,4.62
8929ac4c373ffff,51.79,11.23
8929ac4c377ffff,54.13,6.76
8929ac4c37bffff,46.35,22.6
8929ac4c387ffff,39.42,35.56
8929ac4c38bffff,40.75,32.19
8929ac4c38fffff,50.77,8.73
8929ac4c3a3ffff,54.18,3.93
8929ac4c3a7ffff,54.21,5.81
8929ac4c3abffff,55.08,4.56
8929ac4c3afffff,53.31,5.38
8929ac4c3b3ffff,47.67,14.33
8929ac4c3b7ffff,53.03,6.05
8929ac4c3bbffff,54.16,3.69
8929ac4c3c3ffff,47.69,13.04
8929ac4c3c7ffff,51.69,4.64
8929ac4c3cbffff,46.35,12.86
8929ac4c3cfffff,44.32,26.53
8929ac4c3d3ffff,47.89,5.74
8929ac4c3d7ffff,42.93,23.27
8929ac4c3dbffff,40.88,32.98
8929ac4c46bffff,37.34,28.16
8929ac4c46fffff,36.89,36.72
8929ac4c603ffff,37.3,37.5
8929ac4c607ffff,34.76,44.63
8929ac4c60bffff,36.35,45.0
8929ac4c60fffff,34.86,42.97
8929ac4c617ffff,40.38,27.67
8929ac4c61bffff,42.09,30.09
8929ac4c623ffff,35.26,43.14
8929ac4c627ffff,34.7,44.65
8929ac4c62bffff,37.83,35.72
8929ac4c62fffff,36.89,39.89
8929ac4c633ffff,34.91,44.09
8929ac4c637ffff,34.7,44.37
8929ac4c63bffff,36.18,41.38
8929ac4c643ffff,40.57,34.18
8929ac4c647ffff,35.68,45.0
8929ac4c64bffff,51.04,3.98
8929ac4c64fffff,45.9,21.86
8929ac4c653ffff,40.62,32.12
8929ac4c657ffff,35.55,45.0
8929ac4c65bffff,43.62,24.97
8929ac4c663ffff,36.95,44.08
8929ac4c667ffff,37.55,40.92
8929ac4c66bffff,43.26,24.65
8929ac4c66fffff,40.64,37.66
8929ac4c673ffff,36.07,45.0
8929ac4c677ffff,36.2,42.78
8929ac4c67bffff,41.8,19.94
8929ac4c6a3ffff,35.83,38.0
8929ac4c6a7ffff,36.56,39.35
8929ac4c6abffff,35.65,42.64
8929ac4c6afffff,34.36,45.0
8929ac4c6cfffff,43.32,24.21
8929ac4c803ffff,43.41,19.45
8929ac4c807ffff,41.57,24.16
8929ac4c80bffff,43.04,16.81
8929ac4c80fffff,41.85,15.88
8929ac4c813ffff,47.26,11.66
8929ac4c817ffff,44.03,17.89
8929ac4c81bffff,45.2,14.88
8929ac4c823ffff,47.67,11.02
8929ac4c827ffff,48.6,13.77
8929ac4c82bffff,48.83,11.19
8929ac4c82fffff,46.73,14.43
8929ac4c833ffff,45.95,14.32
8929ac4c837ffff,50.16,11.37
8929ac4c83bffff,44.46,16.02
8929ac4c843ffff,46.4,11.71
8929ac4c847ffff,45.08,14.66
8929ac4c84bffff,47.23,10.3
8929ac4c84fffff,46.09,9.88
8929ac4c853ffff,47.12,11.0
8929ac4c857ffff,43.92,17.58
8929ac4c85bffff,46.29,13.6
8929ac4c863ffff,44.07,18.71
8929ac4c867ffff,46.34,11.98
8929ac4c86bffff,44.64,14.72
8929ac4c86fffff,44.44,17.37
8929ac4c873ffff,43.83,14.99
8929ac4c877ffff,45.65,12.21
8929ac4c87bffff,44.86,15.18
8929ac4c887ffff,46.73,14.93
8929ac4c88bffff,53.72,6.44
8929ac4c88fffff,46.79,15.47
8929ac4c897ffff,51.6,9.5
8929ac4c89bffff,50.17,9.77
8929ac4c8a3ffff,43.36,15.57
8929ac4c8a7ffff,46.56,13.47
8929ac4c8abffff,43.15,19.53
8929ac4c8afffff,46.01,14.25
8929ac4c8b3ffff,45.04,14.64
8929ac4c8b7ffff,43.1,19.82
8929ac4c8bbffff,44.11,18.9
8929ac4c8c3ffff,47.33,15.24
8929ac4c8c7ffff,50.0,7.49
8929ac4c8cfffff,47.22,13.74
8929ac4c8d3ffff,50.89,7.39
8929ac4c8d7ffff,52.45,5.34
8929ac4c953ffff,51.59,9.43
8929ac4c95bffff,45.63,13.31
8929ac4c9c3ffff,49.17,14.1
8929ac4c9cbffff,52.43,9.4
8929ac4c9d3ffff,48.31,16.05
8929ac4c9d7ffff,51.96,9.62
8929ac4c9dbffff,49.85,12.86
8929ac4ca03ffff,47.48,17.91
8929ac4ca07ffff,43.55,20.9
8929ac4ca0bffff,50.68,8.2
8929ac4ca0fffff,47.98,16.01
8929ac4ca13ffff,45.07,16.82
8929ac4ca17ffff,45.93,16.54
8929ac4ca1bffff,51.13,8.19
8929ac4ca23ffff,44.99,15.88
8929ac4ca27ffff,48.53,6.08
8929ac4ca2bffff,48.16,10.75
8929ac4ca2fffff,48.37,6.97
8929ac4ca33ffff,44.39,18.01
8929ac4ca37ffff,45.34,17.71
8929ac4ca3bffff,44.43,19.61
8929ac4ca43ffff,47.66,12.82
8929ac4ca47ffff,48.21,10.26
8929ac4ca4bffff,46.93,13.95
8929ac4ca4fffff,45.88,19.11
8929ac4ca53ffff,50.41,8.79
8929ac4ca57ffff,50.19,4.8
8929ac4ca5bffff,48.61,11.52
8929ac4ca63ffff,49.35,12.56
8929ac4ca67ffff,49.03,12.1
8929ac4ca6bffff,48.43,8.95
8929ac4ca6fffff,49.03,6.61
8929ac4ca73ffff,47.3,13.03
8929ac4ca77ffff,48.68,14.85
8929ac4ca7bffff,45.76,23.52
8929ac4ca87ffff,44.42,13.34
8929ac4ca97ffff,44.2,13.1
8929ac4caa3ffff,46.93,11.57
8929ac4caa7ffff,43.01,22.96
8929ac4caabffff,45.77,17.83
8929ac4caafffff,46.4,12.86
8929ac4cab3ffff,45.26,14.76
8929ac4cab7ffff,44.98,17.34
8929ac4cabbffff,45.07,16.39
8929ac4cac3ffff,49.52,6.28
8929ac4cac7ffff,47.36,10.9
8929ac4cacbffff,49.84,4.95
8929ac4cacfffff,54.14,4.98
8929ac4cad3ffff,50.96,7.43
8929ac4cadbffff,46.4,6.4
8929ac4cb03ffff,47.67,5.07
8929ac4cb0bffff,48.89,6.25
8929ac4cb0fffff,49.62,5.05
8929ac4cb43ffff,49.45,5.06
8929ac4cb47ffff,51.03,11.15
8929ac4cb4bffff,51.29,4.79
8929ac4cb4fffff,49.79,4.73
8929ac4cb57ffff,48.18,6.32
8929ac4cb5bffff,48.9,4.55
8929ac4cb63ffff,48.48,10.63
8929ac4cb67ffff,51.28,5.69
8929ac4cb6bffff,44.31,25.06
8929ac4cb73ffff,49.61,7.76
8929ac4cb77ffff,49.8,5.67
8929ac4cb7bffff,49.69,6.43
8929ac4cb93ffff,45.41,15.04
8929ac4cbc3ffff,46.9,9.39
8929ac4cbcbffff,48.42,7.93
8929ac4cbd3ffff,43.7,14.0
8929ac4cbd7ffff,46.16,9.47
8929ac4cbdbffff,45.1,16.13
8929ac4cc03ffff,55.13,7.66
8929ac4cc0bffff,53.73,7.54
8929ac4cc0fffff,52.22,7.26
8929ac4cc13ffff,54.16,7.11
8929ac4cc1bffff,54.6,7.45
8929ac4cc43ffff,52.93,5.44
8929ac4cc47ffff,52.85,6.21
8929ac4cc4bffff,54.44,4.31
8929ac4cc4fffff,53.56,5.95
8929ac4cc53ffff,52.84,5.75
8929ac4cc57ffff,54.25,7.11
8929ac4cc5bffff,53.04,4.04
8929ac4cc63ffff,51.28,5.81
8929ac4cc67ffff,49.65,9.51
8929ac4cc6bffff,51.15,5.72
8929ac4cc6fffff,51.11,5.96
8929ac4cc73ffff,50.75,5.1
8929ac4cc77ffff,51.08,7.11
8929ac4cc7bffff,52.57,4.69
8929ac4ccc7ffff,55.41,6.81
8929ac4cccbffff,51.63,9.99
8929ac4cccfffff,52.92,7.76
8929ac4cd03ffff,42.8,20.87
8929ac4cd07ffff,39.81,22.9
8929ac4cd0bffff,42.86,21.92
8929ac4cd0fffff,41.48,21.4
8929ac4cd13ffff,50.71,10.42
8929ac4cd17ffff,44.34,20.21
8929ac4cd1bffff,46.66,18.12
8929ac4cd23ffff,44.59,17.92
8929ac4cd27ffff,46.77,15.62
8929ac4cd2bffff,43.75,17.37
8929ac4cd2fffff,44.64,18.9
8929ac4cd33ffff,43.82,16.52
8929ac4cd37ffff,44.61,16.27
8929ac4cd3bffff,43.4,17.08
8929ac4cd43ffff,45.19,18.97
8929ac4cd47ffff,42.8,18.0
8929ac4cd4bffff,47.73,11.35
8929ac4cd4fffff,45.03,14.13
8929ac4cd53ffff,52.64,8.04
8929ac4cd57ffff,43.88,21.72
8929ac4cd5bffff,51.62,10.29
8929ac4cd63ffff,44.56,15.33
8929ac4cd67ffff,44.47,17.71
8929ac4cd6bffff,46.1,15.26
8929ac4cd6fffff,48.64,14.48
8929ac4cd73ffff,44.05,17.89
8929ac4cd77ffff,44.36,19.34
8929ac4cd7bffff,43.79,19.12
8929ac4cd8fffff,51.78,8.73
8929ac4cda3ffff,42.67,21.1
8929ac4cda7ffff,43.8,20.18
8929ac4cdabffff,42.41,20.75
8929ac4cdafffff,43.39,17.98
8929ac4cdb3ffff,47.93,11.82
8929ac4cdb7ffff,43.34,15.1
8929ac4cdbbffff,46.74,13.34
8929ac4cdcfffff,54.33,7.08
8929ac4ce03ffff,47.36,16.34
8929ac4ce13ffff,54.87,6.08
8929ac4ce17ffff,54.32,6.46
8929ac4ce1bffff,51.86,8.92
8929ac4ce2fffff,49.27,8.15
8929ac4ce43ffff,50.57,9.81
8929ac4ce4bffff,53.15,5.81
8929ac4ce4fffff,50.14,10.48
8929ac4ce53ffff,52.13,7.88
8929ac4ce5bffff,53.87,5.49
8929ac4ce83ffff,51.79,8.36
8929ac4ce87ffff,51.54,7.07
8929ac4ce8bffff,52.93,7.53
8929ac4ce8fffff,52.72,8.44
8929ac4ce93ffff,51.07,6.95
8929ac4ce97ffff,53.28,5.12
8929ac4ce9bffff,52.52,7.93
8929ac4cea3ffff,49.37,9.67
8929ac4cea7ffff,47.78,8.63
8929ac4ceabffff,48.41,11.91
8929ac4ceb3ffff,53.27,5.53
8929ac4ceb7ffff,52.17,5.84
8929ac4cebbffff,52.12,6.95
8929ac4cec3ffff,50.91,8.57
8929ac4cec7ffff,54.38,6.48
8929ac4cecbffff,53.6,7.91
8929ac4cecfffff,54.09,6.29
8929ac4ced3ffff,52.72,8.27
8929ac4ced7ffff,51.37,9.05
8929ac4cedbffff,52.81,6.96
8929ac4d003ffff,51.57,4.5
8929ac4d007ffff,51.18,5.32
8929ac4d00bffff,49.8,8.8
8929ac4d00fffff,49.47,12.06
8929ac4d013ffff,52.08,5.1
8929ac4d017ffff,52.88,4.86
8929ac4d01bffff,49.16,12.21
8929ac4d023ffff,48.26,16.91
8929ac4d027ffff,47.58,18.84
8929ac4d02bffff,47.46,17.09
8929ac4d02fffff,46.41,26.76
8929ac4d033ffff,49.77,10.71
8929ac4d037ffff,49.5,16.54
8929ac4d03bffff,48.18,16.91
8929ac4d043ffff,49.65,10.89
8929ac4d047ffff,48.64,12.92
8929ac4d04bffff,48.07,15.33
8929ac4d04fffff,48.28,16.95
8929ac4d053ffff,50.14,9.87
8929ac4d057ffff,50.82,7.62
8929ac4d05bffff,50.1,8.09
8929ac4d063ffff,48.48,11.77
8929ac4d067ffff,48.86,13.26
8929ac4d06bffff,48.43,13.81
8929ac4d06fffff,47.81,15.18
8929ac4d073ffff,48.85,12.55
8929ac4d077ffff,48.55,15.36
8929ac4d07bffff,48.9,14.73
8929ac4d083ffff,46.6,5.84
8929ac4d087ffff,48.26,5.25
8929ac4d08bffff,46.63,6.95
8929ac4d08fffff,47.57,7.23
8929ac4d093ffff,50.53,7.66
8929ac4d097ffff,48.84,5.78
8929ac4d09bffff,52.23,6.65
8929ac4d0a3ffff,53.25,5.76
8929ac4d0a7ffff,51.96,6.94
8929ac4d0abffff,52.42,3.71
8929ac4d0afffff,52.37,6.15
8929ac4d0b3ffff,52.68,4.35
8929ac4d0b7ffff,52.29,4.05
8929ac4d0bbffff,53.69,7.17
8929ac4d0c3ffff,51.08,8.45
8929ac4d0c7ffff,50.18,8.81
8929ac4d0cbffff,49.67,9.9
8929ac4d0cfffff,50.43,9.43
8929ac4d0d3ffff,53.15,4.64
8929ac4d0d7ffff,51.6,4.2
8929ac4d0dbffff,51.18,9.17
8929ac4d103ffff,49.77,13.91
8929ac4d107ffff,49.85,18.71
8929ac4d10bffff,50.8,6.28
8929ac4d10fffff,50.71,10.3
8929ac4d113ffff,52.19,9.04
8929ac4d117ffff,49.39,15.61
8929ac4d11bffff,53.67,5.01
8929ac4d123ffff,49.34,10.96
8929ac4d127ffff,48.26,11.31
8929ac4d12bffff,49.24,16.4
8929ac4d12fffff,48.59,14.71
8929ac4d133ffff,49.02,12.01
8929ac4d137ffff,49.2,9.99
8929ac4d13bffff,50.82,14.18
8929ac4d143ffff,49.16,13.09
8929ac4d147ffff,51.61,3.83
8929ac4d14bffff,48.53,15.9
8929ac4d14fffff,49.81,8.78
8929ac4d153ffff,48.21,17.31
8929ac4d157ffff,51.82,4.93
8929ac4d15bffff,48.17,13.86
8929ac4d163ffff,49.07,19.03
8929ac4d167ffff,45.81,28.17
8929ac4d16bffff,49.64,17.58
8929ac4d16fffff,48.88,19.08
8929ac4d173ffff,51.76,4.5
8929ac4d177ffff,51.54,12.38
8929ac4d17bffff,50.68,10.02
8929ac4d183ffff,51.46,9.73
8929ac4d187ffff,49.43,2.89
8929ac4d18bffff,52.13,7.5
8929ac4d18fffff,48.73,12.29
8929ac4d193ffff,49.15,3.87
8929ac4d197ffff,51.51,9.66
8929ac4d19bffff,50.49,3.07
8929ac4d1a3ffff,49.53,9.03
8929ac4d1a7ffff,48.13,14.07
8929ac4d1abffff,49.44,13.26
8929ac4d1afffff,49.2,13.4
8929ac4d1b3ffff,53.68,5.64
8929ac4d1b7ffff,50.83,10.68
8929ac4d1bbffff,49.48,10.86
8929ac4d1c3ffff,55.92,4.48
8929ac4d1c7ffff,55.43,3.37
8929ac4d1cbffff,49.21,13.43
8929ac4d1cfffff,54.64,4.83
8929ac4d1d3ffff,53.09,5.64
8929ac4d1d7ffff,52.9,2.88
8929ac4d1dbffff,53.03,4.84
8929ac4d203ffff,51.25,12.85
8929ac4d207ffff,50.65,10.25
8929ac4d20bffff,51.43,12.02
8929ac4d20fffff,51.21,7.37
8929ac4d213ffff,51.32,13.69
8929ac4d217ffff,50.57,8.92
8929ac4d21bffff,50.71,13.75
8929ac4d223ffff,51.37,2.62
8929ac4d227ffff,51.29,2.69
8929ac4d22bffff,50.7,5.77
8929ac4d22fffff,50.73,4.01
8929ac4d233ffff,49.77,6.93
8929ac4d237ffff,51.45,2.08
8929ac4d23bffff,51.03,1.83
8929ac4d243ffff,50.72,14.46
8929ac4d247ffff,51.51,9.78
8929ac4d24bffff,51.77,4.42
8929ac4d24fffff,52.55,1.26
8929ac4d253ffff,50.03,14.35
8929ac4d257ffff,51.74,12.85
8929ac4d25bffff,51.14,6.18
8929ac4d263ffff,50.9,13.6
8929ac4d267ffff,50.38,7.87
8929ac4d26bffff,50.79,14.2
8929ac4d26fffff,50.53,11.82
8929ac4d273ffff,52.54,5.29
8929ac4d277ffff,52.21,4.45
8929ac4d27bffff,52.49,6.94
8929ac4d283ffff,50.18,10.99
8929ac4d287ffff,49.6,11.53
8929ac4d28bffff,51.06,13.4
8929ac4d28fffff,50.84,13.52
8929ac4d293ffff,50.97,6.65
8929ac4d297ffff,50.41,5.35
8929ac4d29bffff,49.75,10.59
8929ac4d2a3ffff,48.13,16.17
8929ac4d2a7ffff,49.01,14.71
8929ac4d2abffff,49.72,7.13
8929ac4d2afffff,49.56,5.5
8929ac4d2b3ffff,46.51,23.95
8929ac4d2b7ffff,48.26,17.25
8929ac4d2bbffff,49.16,11.08
8929ac4d2c3ffff,50.3,16.22
8929ac4d2c7ffff,49.71,19.53
8929ac4d2cbffff,50.67,14.48
8929ac4d2cfffff,49.61,17.21
8929ac4d2d3ffff,49.99,14.02
8929ac4d2d7ffff,50.97,11.97
8929ac4d2dbffff,50.03,12.41
8929ac4d303ffff,50.43,5.53
8929ac4d307ffff,50.59,10.96
8929ac4d30bffff,50.1,8.89
8929ac4d30fffff,50.06,16.75
8929ac4d313ffff,48.58,8.4
8929ac4d317ffff,48.72,1.36
8929ac4d31bffff,50.56,3.19
8929ac4d323ffff,49.93,17.65
8929ac4d327ffff,49.65,14.96
8929ac4d32bffff,49.5,14.91
8929ac4d32fffff,48.61,19.8
8929ac4d333ffff,49.72,15.97
8929ac4d337ffff,49.13,19.7
8929ac4d33bffff,49.48,19.62
8929ac4d343ffff,50.78,12.94
8929ac4d347ffff,50.63,15.71
8929ac4d34bffff,48.83,23.61
8929ac4d34fffff,50.76,15.94
8929ac4d353ffff,51.97,1.65
8929ac4d357ffff,50.33,4.59
8929ac4d35bffff,50.33,7.71
8929ac4d363ffff,49.42,14.78
8929ac4d367ffff,48.56,24.37
8929ac4d36bffff,50.54,15.49
8929ac4d36fffff,49.71,14.73
8929ac4d373ffff,50.59,14.27
8929ac4d377ffff,49.44,15.76
8929ac4d37bffff,50.39,15.66
8929ac4d383ffff,48.67,15.36
8929ac4d387ffff,49.58,11.71
8929ac4d38bffff,52.14,2.78
8929ac4d38fffff,51.66,4.07
8929ac4d393ffff,47.98,18.47
8929ac4d397ffff,48.5,15.39
8929ac4d39bffff,48.84,11.56
8929ac4d3a3ffff,51.5,2.85
8929ac4d3a7ffff,50.61,5.67
8929ac4d3abffff,48.85,3.93
8929ac4d3afffff,49.18,10.1
8929ac4d3b3ffff,50.44,3.04
8929ac4d3b7ffff,50.03,6.07
8929ac4d3bbffff,50.33,0.22
8929ac4d3c3ffff,51.21,3.01
8929ac4d3c7ffff,50.27,5.59
8929ac4d3cbffff,51.06,6.53
8929ac4d3cfffff,49.74,4.45
8929ac4d3d3ffff,48.96,5.35
8929ac4d3d7ffff,49.38,0.01
8929ac4d3dbffff,51.49,2.03
8929ac4d403ffff,45.69,26.98
8929ac4d407ffff,46.62,26.55
8929ac4d40bffff,49.43,9.09
8929ac4d40fffff,48.93,17.97
8929ac4d413ffff,52.12,6.51
8929ac4d417ffff,48.27,20.19
8929ac4d41bffff,50.46,9.17
8929ac4d423ffff,44.49,14.39
8929ac4d427ffff,46.6,25.69
8929ac4d42bffff,48.9,3.58
8929ac4d42fffff,44.58,31.0
8929ac4d433ffff,40.04,17.47
8929ac4d437ffff,40.02,8.01
8929ac4d43bffff,51.22,5.69
8929ac4d443ffff,49.33,14.1
8929ac4d447ffff,49.51,9.14
8929ac4d44bffff,50.22,13.89
8929ac4d44fffff,49.33,11.43
8929ac4d453ffff,48.93,13.47
8929ac4d457ffff,49.41,12.34
8929ac4d45bffff,49.44,13.67
8929ac4d463ffff,53.75,4.0
8929ac4d467ffff,50.8,4.54
8929ac4d46bffff,51.7,6.35
8929ac4d46fffff,53.33,4.3
8929ac4d473ffff,53.56,4.83
8929ac4d477ffff,52.3,5.05
8929ac4d47bffff,50.2,8.93
8929ac4d483ffff,52.78,5.41
8929ac4d487ffff,51.26,6.84
8929ac4d48bffff,52.4,5.97
8929ac4d48fffff,52.16,6.96
8929ac4d493ffff,44.35,22.31
8929ac4d497ffff,49.08,12.09
8929ac4d49bffff,51.68,6.53
8929ac4d4a3ffff,53.74,8.39
8929ac4d4a7ffff,54.61,8.05
8929ac4d4abffff,46.84,21.73
8929ac4d4afffff,47.91,17.42
8929ac4d4b7ffff,48.03,14.12
8929ac4d4bbffff,48.42,13.04
8929ac4d4c3ffff,50.91,5.98
8929ac4d4c7ffff,52.34,6.26
8929ac4d4cbffff,50.8,7.86
8929ac4d4cfffff,50.44,8.56
8929ac4d4d3ffff,49.75,15.82
8929ac4d4d7ffff,49.54,13.4
8929ac4d4dbffff,49.41,11.24
8929ac4d503ffff,45.16,22.27
8929ac4d507ffff,52.21,4.41
8929ac4d50bffff,51.22,5.33
8929ac4d50fffff,51.68,4.55
8929ac4d513ffff,39.68,39.29
8929ac4d51bffff,43.3,25.54
8929ac4d523ffff,48.88,11.61
8929ac4d527ffff,49.07,7.75
8929ac4d52bffff,49.04,12.07
8929ac4d52fffff,47.78,15.87
8929ac4d533ffff,52.54,5.64
8929ac4d537ffff,47.42,15.02
8929ac4d53bffff,50.08,7.7
8929ac4d543ffff,50.48,2.63
8929ac4d547ffff,51.3,3.89
8929ac4d54bffff,51.15,3.05
8929ac4d54fffff,50.54,2.77
8929ac4d553ffff,47.46,24.93
8929ac4d557ffff,50.16,1.23
8929ac4d55bffff,49.14,13.33
8929ac4d563ffff,53.86,7.51
8929ac4d567ffff,52.96,7.3
8929ac4d56bffff,52.54,7.09
8929ac4d56fffff,53.61,7.05
8929ac4d573ffff,50.72,4.9
8929ac4d577ffff,51.43,6.08
8929ac4d57bffff,51.54,5.84
8929ac4d583ffff,47.88,5.33
8929ac4d58bffff,44.5,24.02
8929ac4d593ffff,48.65,5.75
8929ac4d59bffff,51.31,5.53
8929ac4d5a3ffff,41.95,38.56
8929ac4d5a7ffff,40.83,39.01
8929ac4d5abffff,51.68,5.47
8929ac4d5afffff,47.57,12.0
8929ac4d5b3ffff,47.99,17.13
8929ac4d5b7ffff,42.32,26.79
8929ac4d5c3ffff,48.94,6.78
8929ac4d5c7ffff,42.45,29.15
8929ac4d5cbffff,42.85,23.5
8929ac4d5cfffff,47.84,4.8
8929ac4d5d3ffff,51.36,5.82
8929ac4d5d7ffff,50.28,5.23
8929ac4d5dbffff,46.72,16.23
8929ac4d603ffff,48.65,11.63
8929ac4d607ffff,49.34,11.21
8929ac4d60bffff,48.33,12.42
8929ac4d60fffff,49.43,11.35
8929ac4d613ffff,49.39,12.24
8929ac4d617ffff,50.91,8.6
8929ac4d61bffff,48.82,11.26
8929ac4d623ffff,49.99,8.32
8929ac4d627ffff,49.86,10.82
8929ac4d62bffff,49.75,10.27
8929ac4d62fffff,50.52,6.54
8929ac4d633ffff,49.48,5.4
8929ac4d637ffff,50.19,9.06
8929ac4d63bffff,51.14,6.18
8929ac4d643ffff,49.34,10.05
8929ac4d647ffff,48.5,11.94
8929ac4d64bffff,50.49,9.88
8929ac4d64fffff,48.56,13.3
8929ac4d653ffff,50.29,8.35
8929ac4d657ffff,47.45,19.06
8929ac4d65bffff,50.45,9.47
8929ac4d663ffff,49.43,12.2
8929ac4d667ffff,49.74,12.54
8929ac4d66bffff,49.4,9.07
8929ac4d66fffff,49.45,11.65
8929ac4d673ffff,49.18,11.39
8929ac4d677ffff,50.38,13.05
8929ac4d67bffff,48.52,16.98
8929ac4d683ffff,49.83,9.54
8929ac4d687ffff,49.41,12.96
8929ac4d68bffff,48.02,14.69
8929ac4d68fffff,49.51,13.87
8929ac4d693ffff,51.55,8.07
8929ac4d697ffff,50.58,10.91
8929ac4d69bffff,47.99,11.87
8929ac4d6a3ffff,48.94,10.95
8929ac4d6a7ffff,50.47,9.04
8929ac4d6abffff,49.62,7.79
8929ac4d6afffff,49.3,10.68
8929ac4d6b3ffff,47.51,16.62
8929ac4d6b7ffff,49.31,11.61
8929ac4d6bbffff,50.8,6.1
8929ac4d6c3ffff,47.13,16.85
8929ac4d6c7ffff,47.52,14.82
8929ac4d6cbffff,48.48,12.32
8929ac4d6cfffff,47.34,17.44
8929ac4d6d3ffff,48.83,11.8
8929ac4d6d7ffff,48.11,13.51
8929ac4d6dbffff,47.81,13.48
8929ac4d803ffff,44.79,26.47
8929ac4d807ffff,47.77,12.89
8929ac4d80bffff,46.07,19.76
8929ac4d80fffff,46.96,16.76
8929ac4d813ffff,42.9,27.57
8929ac4d817ffff,43.95,29.06
8929ac4d81bffff,45.37,18.72
8929ac4d823ffff,47.42,14.52
8929ac4d827ffff,47.12,14.74
8929ac4d82bffff,47.55,14.97
8929ac4d82fffff,46.79,16.41
8929ac4d833ffff,47.66,17.34
8929ac4d837ffff,48.16,10.71
8929ac4d83bffff,48.8,9.07
8929ac4d843ffff,43.67,24.67
8929ac4d847ffff,46.05,18.4
8929ac4d84bffff,48.94,14.16
8929ac4d84fffff,47.27,12.75
8929ac4d853ffff,44.27,26.02
8929ac4d857ffff,41.93,35.32
8929ac4d85bffff,47.01,17.87
8929ac4d863ffff,46.62,19.06
8929ac4d867ffff,49.65,6.93
8929ac4d86bffff,47.19,16.54
8929ac4d86fffff,49.09,9.13
8929ac4d873ffff,45.87,20.86
8929ac4d877ffff,46.93,15.23
8929ac4d87bffff,46.51,17.6
8929ac4d883ffff,47.24,16.61
8929ac4d887ffff,42.54,33.66
8929ac4d88bffff,46.15,17.24
8929ac4d88fffff,44.58,25.99
8929ac4d893ffff,48.71,12.52
8929ac4d897ffff,46.21,21.92
8929ac4d89bffff,45.45,12.87
8929ac4d8a3ffff,45.04,25.13
8929ac4d8a7ffff,46.06,18.46
8929ac4d8abffff,44.34,25.82
8929ac4d8afffff,45.83,19.65
8929ac4d8b3ffff,44.99,22.8
8929ac4d8b7ffff,45.59,24.74
8929ac4d8bbffff,43.76,29.53
8929ac4d8c3ffff,41.58,37.4
8929ac4d8c7ffff,41.96,35.07
8929ac4d8cbffff,44.95,26.23
8929ac4d8cfffff,39.48,43.16
8929ac4d8d3ffff,46.03,18.88
8929ac4d8d7ffff,43.83,29.27
8929ac4d8dbffff,44.04,28.21
8929ac4d903ffff,48.17,14.88
8929ac4d907ffff,47.57,15.75
8929ac4d90bffff,47.9,18.46
8929ac4d90fffff,48.27,17.35
8929ac4d913ffff,45.18,12.91
8929ac4d917ffff,47.7,9.32
8929ac4d91bffff,47.39,8.85
8929ac4d923ffff,47.7,16.38
8929ac4d927ffff,48.09,13.12
8929ac4d92bffff,47.3,16.31
8929ac4d92fffff,47.54,12.8
8929ac4d933ffff,46.53,21.27
8929ac4d937ffff,47.16,17.89
8929ac4d93bffff,48.65,16.24
8929ac4d943ffff,46.57,13.72
8929ac4d947ffff,46.18,23.86
8929ac4d94bffff,48.04,7.8
8929ac4d94fffff,49.61,12.63
8929ac4d953ffff,44.47,19.94
8929ac4d957ffff,46.85,9.06
8929ac4d95bffff,45.81,13.22
8929ac4d963ffff,47.41,19.67
8929ac4d967ffff,45.97,20.35
8929ac4d96bffff,47.53,16.58
8929ac4d96fffff,47.71,6.37
8929ac4d973ffff,48.86,13.34
8929ac4d977ffff,47.8,18.76
8929ac4d97bffff,49.41,12.62
8929ac4d983ffff,47.63,13.04
8929ac4d987ffff,45.02,18.25
8929ac4d98bffff,46.51,10.54
8929ac4d98fffff,47.21,13.95
8929ac4d993ffff,49.41,9.13
8929ac4d997ffff,48.67,10.16
8929ac4d99bffff,47.55,12.97
8929ac4d9a3ffff,48.31,10.7
8929ac4d9a7ffff,46.91,15.11
8929ac4d9abffff,47.42,11.62
8929ac4d9afffff,47.01,17.02
8929ac4d9b3ffff,45.19,15.46
8929ac4d9b7ffff,47.65,11.68
8929ac4d9bbffff,47.06,10.94
8929ac4d9c3ffff,47.44,14.44
8929ac4d9c7ffff,48.41,7.76
8929ac4d9cbffff,46.95,17.28
8929ac4d9cfffff,44.84,19.55
8929ac4d9d3ffff,48.49,9.44
8929ac4d9d7ffff,46.25,12.64
8929ac4d9dbffff,47.7,14.22
8929ac4da03ffff,45.87,23.23
8929ac4da07ffff,48.53,14.28
8929ac4da0bffff,48.43,17.77
8929ac4da0fffff,44.29,34.15
8929ac4da13ffff,47.81,19.16
8929ac4da17ffff,48.9,17.81
8929ac4da1bffff,49.99,18.46
8929ac4da23ffff,49.82,8.73
8929ac4da27ffff,49.75,8.27
8929ac4da2bffff,49.98,7.61
8929ac4da2fffff,51.5,7.48
8929ac4da33ffff,51.41,5.68
8929ac4da37ffff,48.83,10.92
8929ac4da3bffff,49.97,12.43
8929ac4da43ffff,45.99,23.9
8929ac4da47ffff,48.02,14.78
8929ac4da4bffff,48.42,14.83
8929ac4da4fffff,50.19,9.24
8929ac4da53ffff,46.56,18.17
8929ac4da57ffff,47.41,17.62
8929ac4da5bffff,45.94,23.19
8929ac4da63ffff,48.19,7.95
8929ac4da67ffff,50.24,6.49
8929ac4da6bffff,49.67,8.06
8929ac4da6fffff,50.7,5.16
8929ac4da73ffff,49.61,12.67
8929ac4da77ffff,51.46,7.86
8929ac4da7bffff,51.67,3.87
8929ac4da83ffff,50.19,9.08
8929ac4da87ffff,50.25,6.55
8929ac4da8bffff,49.4,18.62
8929ac4da8fffff,51.61,5.31
8929ac4da93ffff,47.66,18.65
8929ac4da97ffff,48.36,14.52
8929ac4da9bffff,49.27,13.06
8929ac4daa3ffff,47.52,12.47
8929ac4daa7ffff,46.96,18.39
8929ac4daabffff,50.76,9.48
8929ac4daafffff,49.54,12.26
8929ac4dab3ffff,49.01,8.1
8929ac4dab7ffff,46.97,14.46
8929ac4dabbffff,50.82,7.8
8929ac4dac3ffff,48.51,13.47
8929ac4dac7ffff,51.2,11.87
8929ac4dacbffff,46.64,19.79
8929ac4dacfffff,48.42,14.23
8929ac4dad3ffff,47.99,16.55
8929ac4dad7ffff,50.99,8.64
8929ac4dadbffff,46.6,22.29
8929ac4db03ffff,47.84,14.22
8929ac4db07ffff,47.85,13.26
8929ac4db0bffff,48.26,12.6
8929ac4db0fffff,48.17,16.14
8929ac4db13ffff,45.8,19.82
8929ac4db17ffff,46.63,22.49
8929ac4db1bffff,46.9,18.95
8929ac4db23ffff,46.93,15.1
8929ac4db27ffff,46.42,18.24
8929ac4db2bffff,48.19,17.38
8929ac4db2fffff,46.39,20.08
8929ac4db33ffff,47.62,15.99
8929ac4db37ffff,47.09,16.34
8929ac4db3bffff,46.36,23.47
8929ac4db43ffff,52.5,5.95
8929ac4db47ffff,48.72,14.18
8929ac4db4bffff,48.64,13.58
8929ac4db4fffff,47.48,19.03
8929ac4db53ffff,48.39,16.07
8929ac4db57ffff,48.16,14.77
8929ac4db5bffff,49.55,10.31
8929ac4db63ffff,48.49,11.31
8929ac4db67ffff,48.89,14.02
8929ac4db6bffff,50.38,9.85
8929ac4db6fffff,49.27,13.7
8929ac4db73ffff,47.42,15.57
8929ac4db77ffff,46.03,24.36
8929ac4db7bffff,48.11,14.51
8929ac4db83ffff,44.31,13.51
8929ac4db87ffff,46.46,18.34
8929ac4db8bffff,40.08,23.72
8929ac4db8fffff,47.04,10.18
8929ac4db93ffff,47.7,14.52
8929ac4db97ffff,46.59,13.9
8929ac4db9bffff,45.9,21.1
8929ac4dba3ffff,46.89,21.05
8929ac4dba7ffff,48.08,12.2
8929ac4dbabffff,47.22,12.94
8929ac4dbafffff,48.39,8.37
8929ac4dbb3ffff,49.36,12.7
8929ac4dbb7ffff,48.73,14.46
8929ac4dbbbffff,46.02,22.22
8929ac4dbc3ffff,45.34,16.02
8929ac4dbc7ffff,45.99,11.19
8929ac4dbcbffff,47.71,10.02
8929ac4dbcfffff,48.9,12.17
8929ac4dbd3ffff,47.89,11.03
8929ac4dbd7ffff,42.75,20.82
8929ac4dbdbffff,48.43,11.25
8929ac4dc03ffff,47.58,16.31
8929ac4dc07ffff,49.09,12.09
8929ac4dc0bffff,47.65,14.08
8929ac4dc0fffff,48.14,12.53
8929ac4dc13ffff,49.53,11.46
8929ac4dc17ffff,49.06,11.06
8929ac4dc1bffff,45.78,26.32
8929ac4dc23ffff,48.56,12.37
8929ac4dc27ffff,48.28,15.11
8929ac4dc2bffff,49.64,13.51
8929ac4dc2fffff,48.76,11.06
8929ac4dc33ffff,49.26,10.46
8929ac4dc37ffff,48.23,16.6
8929ac4dc3bffff,49.81,8.45
8929ac4dc43ffff,47.86,14.09
8929ac4dc47ffff,47.95,14.28
8929ac4dc4bffff,48.31,13.84
8929ac4dc4fffff,46.84,20.36
8929ac4dc53ffff,48.01,14.43
8929ac4dc57ffff,47.37,14.38
8929ac4dc5bffff,47.76,13.11
8929ac4dc63ffff,49.29,13.27
8929ac4dc67ffff,48.11,8.78
8929ac4dc6bffff,47.87,12.01
8929ac4dc6fffff,45.56,24.08
8929ac4dc73ffff,48.33,13.92
8929ac4dc77ffff,48.42,13.23
8929ac4dc7bffff,48.94,13.61
8929ac4dc83ffff,44.88,30.28
8929ac4dc87ffff,39.12,45.0
8929ac4dc8bffff,47.78,12.87
8929ac4dc8fffff,49.41,13.18
8929ac4dc93ffff,48.52,9.97
8929ac4dc97ffff,41.23,45.0
8929ac4dc9bffff,47.88,10.0
8929ac4dca3ffff,51.29,3.3
8929ac4dca7ffff,51.21,5.83
8929ac4dcabffff,49.88,3.75
8929ac4dcafffff,53.53,4.23
8929ac4dcb3ffff,41.28,41.45
8929ac4dcb7ffff,44.56,26.26
8929ac4dcbbffff,51.34,4.64
8929ac4dcc3ffff,48.38,14.37
8929ac4dcc7ffff,48.09,12.13
8929ac4dccbffff,49.14,10.62
8929ac4dccfffff,48.17,11.54
8929ac4dcd3ffff,47.93,14.35
8929ac4dcd7ffff,48.06,13.46
8929ac4dcdbffff,48.02,13.87
8929ac4dd03ffff,52.73,4.25
8929ac4dd07ffff,53.63,4.5
8929ac4dd0bffff,50.81,6.88
8929ac4dd0fffff,51.56,4.33
8929ac4dd13ffff,53.94,4.83
8929ac4dd17ffff,53.56,4.66
8929ac4dd1bffff,53.69,4.35
8929ac4dd23ffff,54.19,4.51
8929ac4dd27ffff,50.71,5.37
8929ac4dd2bffff,52.39,3.9
8929ac4dd2fffff,50.99,4.13
8929ac4dd33ffff,54.57,4.45
8929ac4dd37ffff,53.17,4.1
8929ac4dd3bffff,52.75,5.43
8929ac4dd43ffff,46.8,21.47
8929ac4dd47ffff,47.66,20.09
8929ac4dd4bffff,43.7,26.06
8929ac4dd4fffff,44.43,27.63
8929ac4dd53ffff,49.83,8.08
8929ac4dd57ffff,49.87,10.98
8929ac4dd5bffff,47.44,15.93
8929ac4dd63ffff,51.29,4.97
8929ac4dd67ffff,51.63,3.61
8929ac4dd6bffff,46.9,16.02
8929ac4dd6fffff,49.17,10.06
8929ac4dd73ffff,50.77,6.04
8929ac4dd77ffff,51.84,4.15
8929ac4dd7bffff,47.86,16.98
8929ac4dd83ffff,52.1,5.81
8929ac4dd87ffff,53.19,5.25
8929ac4dd8bffff,52.58,6.14
8929ac4dd8fffff,54.32,5.16
8929ac4dd93ffff,53.42,5.53
8929ac4dd97ffff,52.92,5.4
8929ac4dd9bffff,52.89,5.73
8929ac4dda3ffff,54.16,4.57
8929ac4dda7ffff,48.41,6.73
8929ac4ddabffff,53.47,4.76
8929ac4ddafffff,53.42,4.61
8929ac4ddb3ffff,54.08,5.02
8929ac4ddb7ffff,52.94,6.75
8929ac4ddbbffff,54.24,4.54
8929ac4ddc3ffff,51.81,4.33
8929ac4ddc7ffff,53.82,5.13
8929ac4ddcbffff,50.44,8.49
8929ac4ddcfffff,51.55,5.17
8929ac4ddd3ffff,51.78,5.21
8929ac4ddd7ffff,52.63,5.64
8929ac4dddbffff,51.68,5.11
8929ac4de03ffff,47.61,17.04
8929ac4de07ffff,44.92,25.52
8929ac4de0bffff,48.46,13.16
8929ac4de0fffff,46.78,18.96
8929ac4de13ffff,46.26,20.15
8929ac4de17ffff,46.57,23.06
8929ac4de1bffff,47.21,18.34
8929ac4de23ffff,47.52,16.72
8929ac4de27ffff,47.02,15.67
8929ac4de2bffff,47.27,18.68
8929ac4de2fffff,47.95,18.52
8929ac4de33ffff,47.13,19.17
8929ac4de37ffff,46.72,17.21
8929ac4de3bffff,45.82,23.74
8929ac4de43ffff,48.33,16.26
8929ac4de47ffff,48.26,20.51
8929ac4de4bffff,48.49,18.9
8929ac4de4fffff,48.38,19.2
8929ac4de53ffff,49.11,15.66
8929ac4de57ffff,48.62,13.37
8929ac4de5bffff,49.0,19.47
8929ac4de63ffff,47.24,16.8
8929ac4de67ffff,46.47,19.7
8929ac4de6bffff,47.57,17.17
8929ac4de6fffff,47.67,15.79
8929ac4de73ffff,47.15,18.65
8929ac4de77ffff,45.94,22.38
8929ac4de7bffff,47.97,22.56
8929ac4de83ffff,48.37,16.1
8929ac4de87ffff,48.03,13.77
8929ac4de8bffff,46.84,22.86
8929ac4de8fffff,46.31,27.3
8929ac4de93ffff,48.69,17.19
8929ac4de97ffff,48.01,14.07
8929ac4de9bffff,48.11,17.96
8929ac4dea3ffff,47.57,8.57
8929ac4dea7ffff,43.8,31.36
8929ac4deabffff,46.5,16.85
8929ac4deafffff,46.63,16.33
8929ac4deb3ffff,47.78,13.9
8929ac4deb7ffff,47.35,14.74
8929ac4debbffff,47.92,15.33
8929ac4dec3ffff,49.02,10.27
8929ac4dec7ffff,47.26,22.51
8929ac4decbffff,49.48,13.81
8929ac4decfffff,48.45,14.92
8929ac4ded3ffff,49.68,11.15
8929ac4ded7ffff,48.76,13.72
8929ac4dedbffff,50.19,7.91
8929ac4f20fffff,41.93,32.52
8929ac4f223ffff,45.61,8.11
8929ac4f227ffff,47.38,10.86
8929ac4f22bffff,42.85,11.02
8929ac4f22fffff,43.71,20.35
8929ac4f23bffff,41.35,21.79
8929ac4f247ffff,48.29,15.61
8929ac4f24fffff,41.14,31.05
8929ac4f263ffff,41.33,33.45
8929ac4f267ffff,44.15,19.3
8929ac4f26bffff,49.02,20.47
8929ac4f26fffff,46.88,20.78
8929ac4f277ffff,42.55,15.12
8929ac4f27bffff,48.47,19.56
8929ac4f327ffff,45.61,20.92
8929ac4f34fffff,41.55,21.48
8929ac4f363ffff,44.66,20.44
8929ac4f367ffff,50.7,6.73
8929ac4f36bffff,52.48,4.93
8929ac4f36fffff,53.04,4.58
8929ac4f37bffff,39.08,41.72
8929ac7b0c3ffff,48.58,10.5
8929ac7b0cbffff,49.58,9.48
8929ac7b0cfffff,48.71,12.11
8929ac7b0dbffff,51.97,8.33
8929ac7b29bffff,49.84,8.69
8929ac7b2c3ffff,50.15,16.75
8929ac7b2c7ffff,46.08,14.34
8929ac7b2d3ffff,45.75,18.05
8929ac7b2d7ffff,48.86,10.11
8929ac7b2dbffff,43.1,22.69
8929ac7b623ffff,51.85,11.86
8929ac7b62bffff,52.49,11.67
8929ac7b62fffff,51.83,8.71
8929ac7b633ffff,52.82,8.99
8929ac7b637ffff,50.62,10.3
8929ac7b63bffff,52.07,8.96
8929ac7b663ffff,45.45,13.18
8929ac7b667ffff,50.19,10.37
8929ac7b66bffff,43.33,16.75
8929ac7b66fffff,47.44,11.07
8929ac7b677ffff,49.97,10.8
8929ac7b67bffff,43.51,21.76
8929ac7b6afffff,53.45,6.75
8929aeb0003ffff,51.74,8.02
8929aeb0007ffff,51.57,9.32
8929aeb000bffff,51.7,5.74
8929aeb000fffff,50.98,0.37
8929aeb0013ffff,52.64,7.01
8929aeb0017ffff,51.78,10.01
8929aeb001bffff,51.61,11.31
8929aeb0023ffff,51.3,6.71
8929aeb0027ffff,51.9,3.77
8929aeb002bffff,53.26,0.0
8929aeb002fffff,52.51,2.87
8929aeb0033ffff,50.92,8.8
8929aeb0037ffff,51.39,11.14
8929aeb003bffff,51.84,10.43
8929aeb0063ffff,52.47,5.22
8929aeb0067ffff,51.99,8.02
8929aeb006fffff,51.69,8.7
8929aeb0073ffff,52.11,1.44
8929aeb0077ffff,52.12,0.78
8929aeb0083ffff,52.26,3.23
8929aeb0087ffff,51.96,9.08
8929aeb008bffff,47.24,0.08
8929aeb008fffff,52.15,9.22
8929aeb0093ffff,51.44,0.0
8929aeb0097ffff,51.67,8.31
8929aeb009bffff,48.6,0.0
8929aeb00a3ffff,48.71,18.24
8929aeb00a7ffff,47.65,21.31
8929aeb00abffff,50.71,15.49
8929aeb00afffff,49.97,13.92
8929aeb00b3ffff,49.65,17.95
8929aeb00b7ffff,43.31,39.76
8929aeb00bbffff,51.47,10.74
8929aeb00c3ffff,51.42,4.66
8929aeb00c7ffff,51.61,10.79
8929aeb00d3ffff,52.29,0.0
8929aeb00d7ffff,52.07,0.0
8929aeb0103ffff,51.43,0.44
8929aeb0107ffff,49.68,11.73
8929aeb010bffff,51.16,0.22
8929aeb010fffff,50.33,1.85
8929aeb0113ffff,51.71,6.78
8929aeb0117ffff,49.61,8.29
8929aeb011bffff,51.77,1.66
8929aeb0123ffff,50.88,7.66
8929aeb0127ffff,50.73,3.65
8929aeb012bffff,51.52,11.86
8929aeb012fffff,51.58,8.5
8929aeb0133ffff,50.95,5.81
8929aeb0137ffff,50.95,4.28
8929aeb013bffff,50.6,4.81
8929aeb0143ffff,51.68,4.3
8929aeb0147ffff,51.2,4.49
8929aeb014bffff,51.88,7.46
8929aeb014fffff,50.51,14.6
8929aeb0153ffff,51.9,0.32
8929aeb0157ffff,51.92,1.59
8929aeb015bffff,52.31,3.37
8929aeb0163ffff,49.91,11.04
8929aeb0167ffff,50.24,0.38
8929aeb016bffff,49.04,16.71
8929aeb016fffff,50.29,9.41
8929aeb0173ffff,50.65,5.47
8929aeb0177ffff,49.28,3.55
8929aeb017bffff,49.78,15.2
8929aeb0183ffff,51.22,4.47
8929aeb0187ffff,50.77,6.89
8929aeb018bffff,52.22,0.9
8929aeb018fffff,50.73,6.22
8929aeb0193ffff,50.14,14.21
8929aeb0197ffff,51.26,10.28
8929aeb019bffff,50.9,8.17
8929aeb01a3ffff,51.42,1.31
8929aeb01a7ffff,50.94,1.15
8929aeb01abffff,51.74,1.4
8929aeb01afffff,51.28,3.81
8929aeb01b3ffff,50.9,4.65
8929aeb01b7ffff,49.5,3.64
8929aeb01bbffff,51.08,4.53
8929aeb01c3ffff,51.91,4.71
8929aeb01c7ffff,52.31,2.32
8929aeb01cbffff,52.03,6.3
8929aeb01cfffff,51.48,4.82
8929aeb01d3ffff,51.26,8.45
8929aeb01d7ffff,51.33,5.19
8929aeb01dbffff,51.5,8.13
8929aeb0223ffff,49.67,15.62
8929aeb0227ffff,49.6,13.44
8929aeb022bffff,50.23,14.54
8929aeb022fffff,50.02,12.0
8929aeb0237ffff,49.27,11.65
8929aeb0267ffff,49.83,13.01
8929aeb026fffff,50.02,8.81
8929aeb02afffff,48.74,11.9
8929aeb0307ffff,50.68,11.21
8929aeb030bffff,49.45,14.24
8929aeb0317ffff,49.14,15.6
8929aeb032bffff,51.09,7.59
8929aeb033bffff,51.08,9.72
8929aeb0343ffff,50.75,11.74
8929aeb0347ffff,50.02,8.79
8929aeb034bffff,50.62,8.45
8929aeb034fffff,50.86,10.91
8929aeb0353ffff,49.06,17.56
8929aeb0357ffff,50.02,14.4
8929aeb035bffff,50.19,10.37
8929aeb0363ffff,50.74,11.53
8929aeb0367ffff,49.91,12.11
8929aeb036bffff,50.51,14.66
8929aeb036fffff,50.91,12.46
8929aeb0373ffff,50.72,10.88
8929aeb0377ffff,50.64,10.08
8929aeb037bffff,51.18,4.78
8929aeb0383ffff,51.6,10.87
8929aeb0387ffff,51.33,10.82
8929aeb038bffff,51.5,9.36
8929aeb038fffff,51.0,11.52
8929aeb0393ffff,51.69,10.63
8929aeb0397ffff,51.57,9.37
8929aeb039bffff,51.74,9.05
8929aeb03a3ffff,50.73,13.11
8929aeb03a7ffff,49.42,13.3
8929aeb03abffff,50.05,13.17
8929aeb03afffff,50.88,9.89
8929aeb03b3ffff,50.08,12.34
8929aeb03b7ffff,49.81,15.66
8929aeb03bbffff,50.4,11.94
8929aeb03c3ffff,51.22,8.31
8929aeb03cbffff,50.01,9.44
8929aeb03cfffff,50.44,12.81
8929aeb03d7ffff,51.67,10.91
8929aeb03dbffff,50.4,8.55
8929aeb0403ffff,56.15,7.98
8929aeb0407ffff,52.31,1.57
8929aeb040bffff,53.34,7.48
8929aeb040fffff,54.52,5.73
8929aeb0413ffff,56.11,6.91
8929aeb0417ffff,53.46,10.32
8929aeb041bffff,54.53,6.23
8929aeb0423ffff,51.39,10.58
8929aeb0427ffff,51.59,9.63
8929aeb042bffff,51.74,5.8
8929aeb042fffff,51.78,2.71
8929aeb0433ffff,50.74,13.13
8929aeb0437ffff,51.1,16.45
8929aeb043bffff,51.66,6.99
8929aeb0443ffff,51.37,5.05
8929aeb0447ffff,51.8,2.77
8929aeb044bffff,49.51,10.67
8929aeb044fffff,50.38,5.22
8929aeb0453ffff,52.67,6.46
8929aeb0457ffff,52.25,4.61
8929aeb045bffff,51.52,5.67
8929aeb0463ffff,51.17,4.8
8929aeb0467ffff,52.13,1.83
8929aeb046bffff,52.18,0.0
8929aeb046fffff,53.39,0.0
8929aeb0473ffff,52.42,4.59
8929aeb0477ffff,51.51,8.45
8929aeb047bffff,50.73,2.62
8929aeb0483ffff,55.98,8.89
8929aeb0487ffff,53.62,12.06
8929aeb048bffff,56.07,8.41
8929aeb048fffff,55.63,8.09
8929aeb0493ffff,55.06,8.28
8929aeb0497ffff,52.93,11.14
8929aeb049bffff,54.35,7.48
8929aeb04a3ffff,50.26,17.61
8929aeb04a7ffff,49.41,19.15
8929aeb04abffff,51.89,9.77
8929aeb04afffff,50.16,18.19
8929aeb04b3ffff,51.03,14.43
8929aeb04b7ffff,50.06,18.6
8929aeb04bbffff,52.74,8.82
8929aeb04c3ffff,36.1,30.46
8929aeb04c7ffff,48.72,14.37
8929aeb04cbffff,46.39,13.02
8929aeb04cfffff,52.04,5.93
8929aeb04d3ffff,35.54,17.08
8929aeb04d7ffff,43.4,18.28
8929aeb04dbffff,37.57,21.05
8929aeb0503ffff,51.82,2.43
8929aeb0507ffff,50.23,11.8
8929aeb050bffff,50.92,13.65
8929aeb050fffff,51.17,4.63
8929aeb0513ffff,51.89,1.97
8929aeb0517ffff,51.0,5.66
8929aeb051bffff,50.92,5.33
8929aeb0523ffff,48.93,21.78
8929aeb0527ffff,50.83,14.77
8929aeb052bffff,49.83,14.93
8929aeb052fffff,50.96,13.61
8929aeb0533ffff,49.99,19.65
8929aeb0537ffff,50.49,14.95
8929aeb053bffff,49.78,11.49
8929aeb0543ffff,51.37,12.53
8929aeb0547ffff,51.87,10.06
8929aeb054bffff,51.45,11.54
8929aeb054fffff,50.8,12.85
8929aeb0553ffff,51.51,6.6
8929aeb0557ffff,51.38,11.45
8929aeb055bffff,51.71,11.74
8929aeb0563ffff,51.06,10.08
8929aeb0567ffff,51.11,11.19
8929aeb056bffff,46.75,24.77
8929aeb056fffff,51.7,8.1
8929aeb0573ffff,52.56,6.04
8929aeb0577ffff,51.49,6.75
8929aeb057bffff,48.48,25.64
8929aeb0583ffff,52.13,4.95
8929aeb0587ffff,52.31,9.7
8929aeb058bffff,51.86,6.84
8929aeb058fffff,51.5,8.37
8929aeb0593ffff,47.69,21.91
8929aeb0597ffff,49.97,12.71
8929aeb059bffff,51.73,8.15
8929aeb05a3ffff,50.39,8.45
8929aeb05a7ffff,51.25,3.24
8929aeb05abffff,50.38,5.24
8929aeb05afffff,50.87,10.82
8929aeb05b3ffff,50.53,13.81
8929aeb05b7ffff,50.53,9.73
8929aeb05bbffff,51.68,9.04
8929aeb05c3ffff,53.49,7.45
8929aeb05c7ffff,52.9,4.35
8929aeb05cbffff,51.71,12.8
8929aeb05cfffff,51.19,10.22
8929aeb05d3ffff,49.31,19.02
8929aeb05d7ffff,49.52,18.76
8929aeb05dbffff,54.03,10.31
8929aeb0603ffff,52.9,6.71
8929aeb0607ffff,51.3,6.73
8929aeb060bffff,49.87,12.57
8929aeb060fffff,51.26,7.04
8929aeb0613ffff,49.6,5.86
8929aeb0617ffff,50.77,1.75
8929aeb061bffff,51.49,7.68
8929aeb0633ffff,50.77,11.08
8929aeb0643ffff,50.88,14.06
8929aeb0647ffff,50.09,13.3
8929aeb064bffff,52.21,13.29
8929aeb064fffff,50.41,13.66
8929aeb0653ffff,50.56,13.33
8929aeb0657ffff,50.59,13.52
8929aeb065bffff,50.69,13.29
8929aeb0683ffff,48.17,15.59
8929aeb0687ffff,45.94,19.51
8929aeb068bffff,50.31,10.17
8929aeb068fffff,47.55,12.27
8929aeb0693ffff,48.51,6.44
8929aeb0697ffff,48.75,10.66
8929aeb069bffff,51.88,5.48
8929aeb06a3ffff,50.9,1.21
8929aeb06a7ffff,50.41,0.17
8929aeb06abffff,49.56,1.89
8929aeb06afffff,48.17,0.0
8929aeb06b3ffff,49.97,10.04
8929aeb06b7ffff,52.01,3.27
8929aeb06bbffff,50.46,4.29
8929aeb06c3ffff,51.46,7.7
8929aeb06c7ffff,50.62,2.21
8929aeb06cbffff,50.1,7.94
8929aeb06cfffff,51.5,5.19
8929aeb06d3ffff,49.93,10.97
8929aeb06d7ffff,50.19,6.61
8929aeb06dbffff,49.62,13.8
8929aeb0893ffff,47.99,9.01
8929aeb0897ffff,48.17,10.28
8929aeb089bffff,46.73,22.73
8929aeb08c3ffff,50.22,10.43
8929aeb08cbffff,49.64,8.98
8929aeb08d3ffff,37.93,32.53
8929aeb08d7ffff,48.23,20.27
8929aeb08dbffff,39.82,25.48
8929aeb0983ffff,51.5,3.54
8929aeb0993ffff,52.31,6.82
8929aeb099bffff,53.28,3.58
8929aeb0ad3ffff,47.42,19.89
8929aeb0c03ffff,48.43,19.38
8929aeb0c07ffff,45.53,13.63
8929aeb0c0bffff,51.38,9.42
8929aeb0c0fffff,49.01,14.11
8929aeb0c13ffff,47.89,23.46
8929aeb0c17ffff,46.76,17.67
8929aeb0c1bffff,50.18,14.07
8929aeb0c23ffff,50.99,7.37
8929aeb0c27ffff,50.52,3.9
8929aeb0c2bffff,48.72,8.24
8929aeb0c2fffff,42.6,9.2
8929aeb0c33ffff,50.2,8.95
8929aeb0c37ffff,51.36,1.01
8929aeb0c3bffff,48.19,11.11
8929aeb0c43ffff,51.85,2.7
8929aeb0c47ffff,50.99,8.66
8929aeb0c4bffff,51.19,6.88
8929aeb0c4fffff,47.67,17.63
8929aeb0c53ffff,51.06,4.4
8929aeb0c57ffff,51.99,6.72
8929aeb0c5bffff,51.29,2.19
8929aeb0c63ffff,47.51,16.41
8929aeb0c67ffff,44.46,25.82
8929aeb0c6bffff,47.33,19.44
8929aeb0c6fffff,40.33,15.18
8929aeb0c73ffff,50.14,8.04
8929aeb0c77ffff,46.54,16.1
8929aeb0c7bffff,49.8,10.28
8929aeb0c83ffff,46.08,24.82
8929aeb0c87ffff,48.33,14.94
8929aeb0c8bffff,47.24,20.63
8929aeb0c8fffff,47.62,22.47
8929aeb0c93ffff,47.46,23.54
8929aeb0c97ffff,46.9,24.98
8929aeb0c9bffff,47.65,23.92
8929aeb0ca3ffff,49.71,11.15
8929aeb0ca7ffff,50.57,4.07
8929aeb0cabffff,47.0,11.41
8929aeb0cafffff,51.73,2.57
8929aeb0cb3ffff,46.06,7.68
8929aeb0cb7ffff,50.89,4.35
8929aeb0cbbffff,45.57,14.11
8929aeb0cc3ffff,51.08,2.02
8929aeb0cc7ffff,50.05,14.53
8929aeb0ccbffff,49.87,5.09
8929aeb0ccfffff,52.02,0.0
8929aeb0cd3ffff,50.68,3.65
8929aeb0cd7ffff,49.53,11.51
8929aeb0cdbffff,51.31,2.98
8929aeb0d07ffff,54.33,4.54
8929aeb0d0fffff,53.62,2.31
8929aeb0d17ffff,52.22,7.17
8929aeb0d23ffff,50.47,11.69
8929aeb0d27ffff,48.31,14.79
8929aeb0d2bffff,52.1,5.37
8929aeb0d2fffff,49.26,14.03
8929aeb0d33ffff,51.84,7.47
8929aeb0d37ffff,49.72,13.47
8929aeb0d3bffff,54.07,3.99
8929aeb0d43ffff,50.24,5.6
8929aeb0d47ffff,50.88,1.54
8929aeb0d4bffff,51.85,5.02
8929aeb0d4fffff,49.68,8.53
8929aeb0d53ffff,49.84,3.9
8929aeb0d57ffff,50.17,3.98
8929aeb0d5bffff,49.58,4.53
8929aeb0d63ffff,54.78,4.26
8929aeb0d67ffff,56.49,6.35
8929aeb0d6bffff,46.17,0.0
8929aeb0d73ffff,52.13,3.48
8929aeb0d77ffff,55.84,3.56
8929aeb0d7bffff,50.04,5.2
8929aeb0da3ffff,50.46,12.02
8929aeb0da7ffff,50.4,13.59
8929aeb0dabffff,51.93,8.19
8929aeb0dafffff,52.84,7.33
8929aeb0db3ffff,51.38,6.81
8929aeb0db7ffff,49.73,11.72
8929aeb0dbbffff,51.81,6.56
8929aeb0dcbffff,50.31,1.57
8929aeb0ddbffff,50.55,0.17
8929aeb0e03ffff,48.96,7.63
8929aeb0e07ffff,45.78,19.93
8929aeb0e0bffff,47.38,14.49
8929aeb0e0fffff,46.2,20.83
8929aeb0e13ffff,49.53,8.85
8929aeb0e17ffff,48.53,9.04
8929aeb0e1bffff,46.49,22.78
8929aeb0e23ffff,38.23,40.38
8929aeb0e27ffff,50.24,11.24
8929aeb0e2bffff,45.05,15.97
8929aeb0e2fffff,50.36,7.87
8929aeb0e33ffff,45.69,15.84
8929aeb0e37ffff,38.33,34.49
8929aeb0e3bffff,44.83,23.96
8929aeb0e47ffff,45.12,20.65
8929aeb0e4bffff,47.44,19.58
8929aeb0e4fffff,46.12,19.29
8929aeb0e57ffff,47.38,17.74
8929aeb0e63ffff,44.41,31.2
8929aeb0e67ffff,46.69,12.25
8929aeb0e6bffff,45.01,26.83
8929aeb0e6fffff,45.44,20.77
8929aeb0e73ffff,43.12,33.99
8929aeb0e77ffff,47.19,22.37
8929aeb0e7bffff,44.64,20.44
8929aeb0e83ffff,50.1,8.52
8929aeb0e87ffff,50.28,10.5
8929aeb0e8bffff,49.92,8.1
8929aeb0e8fffff,49.78,12.01
8929aeb0e93ffff,51.83,10.06
8929aeb0e97ffff,51.64,5.61
8929aeb0e9bffff,50.57,5.6
8929aeb0ea3ffff,49.71,0.86
8929aeb0ea7ffff,48.19,14.02
8929aeb0eabffff,48.69,4.54
8929aeb0eafffff,46.64,13.38
8929aeb0eb3ffff,50.23,10.31
8929aeb0eb7ffff,49.97,7.89
8929aeb0ebbffff,49.97,12.35
8929aeb0ec3ffff,49.72,16.56
8929aeb0ec7ffff,49.49,12.37
8929aeb0ecfffff,48.25,18.78
8929aeb0ed3ffff,50.79,11.74
8929aeb0ed7ffff,50.23,11.99
8929aeb0edbffff,51.29,8.94
8929aeb1003ffff,50.36,7.19
8929aeb1007ffff,51.63,13.66
8929aeb100bffff,54.49,7.33
8929aeb100fffff,53.98,6.59
8929aeb1013ffff,49.45,7.29
8929aeb1017ffff,49.55,3.88
8929aeb101bffff,46.88,25.56
8929aeb1023ffff,55.55,6.61
8929aeb1027ffff,55.11,7.09
8929aeb102bffff,55.75,6.5
8929aeb102fffff,55.18,5.99
8929aeb1033ffff,54.16,6.46
8929aeb1037ffff,55.29,7.03
8929aeb103bffff,55.59,6.71
8929aeb1043ffff,55.57,6.21
8929aeb1047ffff,55.74,7.18
8929aeb104bffff,55.72,6.32
8929aeb104fffff,57.54,7.41
8929aeb1053ffff,56.39,7.51
8929aeb105bffff,56.57,7.13
8929aeb1063ffff,56.63,7.36
8929aeb1067ffff,54.92,6.56
8929aeb106bffff,55.87,6.78
8929aeb106fffff,55.98,7.22
8929aeb1073ffff,56.32,7.04
8929aeb1077ffff,55.32,6.72
8929aeb107bffff,56.86,7.35
8929aeb10a3ffff,50.47,13.12
8929aeb10a7ffff,54.64,6.22
8929aeb10abffff,50.97,7.49
8929aeb10afffff,51.44,12.09
8929aeb10b3ffff,50.24,6.16
8929aeb10b7ffff,52.26,4.18
8929aeb10cbffff,56.44,7.37
8929aeb10dbffff,56.52,7.38
8929aeb1103ffff,46.13,24.47
8929aeb110bffff,49.09,11.69
8929aeb110fffff,46.94,21.19
8929aeb1113ffff,46.8,19.39
8929aeb111bffff,48.36,17.75
8929aeb1123ffff,49.39,9.22
8929aeb1127ffff,49.69,14.22
8929aeb112bffff,47.83,13.52
8929aeb112fffff,49.44,10.81
8929aeb1133ffff,40.66,39.61
8929aeb1137ffff,45.65,23.53
8929aeb113bffff,46.45,21.54
8929aeb1143ffff,54.66,7.67
8929aeb1147ffff,51.37,6.15
8929aeb114bffff,51.56,5.73
8929aeb114fffff,52.03,9.91
8929aeb1153ffff,53.92,7.08
8929aeb1157ffff,50.96,8.7
8929aeb115bffff,53.8,5.91
8929aeb1163ffff,50.46,12.45
8929aeb1167ffff,49.36,12.83
8929aeb116bffff,50.39,12.95
8929aeb116fffff,49.98,14.08
8929aeb1173ffff,48.75,12.98
8929aeb1177ffff,49.78,6.65
8929aeb117bffff,51.18,10.08
8929aeb1183ffff,48.64,13.29
8929aeb1187ffff,47.6,17.58
8929aeb118bffff,49.89,10.92
8929aeb118fffff,46.27,23.32
8929aeb1193ffff,49.7,14.04
8929aeb1197ffff,49.35,14.9
8929aeb119bffff,50.41,11.65
8929aeb11a7ffff,46.09,24.11
8929aeb11c3ffff,52.22,6.84
8929aeb11c7ffff,48.5,6.48
8929aeb11cbffff,54.71,7.2
8929aeb11cfffff,51.9,8.47
8929aeb11d3ffff,52.84,9.98
8929aeb11d7ffff,50.02,10.1
8929aeb11dbffff,55.06,7.1
8929aeb1203ffff,49.22,9.24
8929aeb1207ffff,51.89,7.52
8929aeb120bffff,50.02,3.19
8929aeb120fffff,51.73,2.41
8929aeb1213ffff,49.54,12.61
8929aeb1217ffff,51.66,7.77
8929aeb121bffff,51.7,14.88
8929aeb1223ffff,51.64,13.5
8929aeb1227ffff,52.07,16.4
8929aeb122bffff,50.36,14.42
8929aeb122fffff,47.95,20.69
8929aeb1233ffff,49.94,15.24
8929aeb1237ffff,55.41,6.92
8929aeb123bffff,53.18,8.55
8929aeb1243ffff,55.14,7.26
8929aeb1247ffff,54.56,6.98
8929aeb124bffff,53.08,10.26
8929aeb124fffff,53.93,8.0
8929aeb1253ffff,55.02,6.09
8929aeb1257ffff,56.49,7.24
8929aeb125bffff,55.23,7.3
8929aeb1263ffff,53.5,7.51
8929aeb1267ffff,53.6,8.59
8929aeb126bffff,53.07,8.01
8929aeb126fffff,53.24,7.05
8929aeb1273ffff,52.34,4.94
8929aeb1277ffff,54.15,7.87
8929aeb127bffff,53.95,6.29
8929aeb1283ffff,56.9,7.89
8929aeb1287ffff,56.12,7.93
8929aeb128bffff,53.01,9.57
8929aeb128fffff,53.59,8.36
8929aeb1293ffff,57.26,8.25
8929aeb1297ffff,56.66,7.49
8929aeb129bffff,57.68,8.09
8929aeb12a3ffff,49.9,15.67
8929aeb12a7ffff,55.08,6.54
8929aeb12abffff,52.6,8.39
8929aeb12afffff,52.84,4.17
8929aeb12b3ffff,52.8,13.49
8929aeb12b7ffff,54.78,6.61
8929aeb12bbffff,53.74,7.62
8929aeb12c3ffff,55.59,7.4
8929aeb12c7ffff,51.46,11.06
8929aeb12cbffff,55.31,6.72
8929aeb12cfffff,55.19,6.86
8929aeb12d3ffff,56.15,7.25
8929aeb12d7ffff,55.17,6.96
8929aeb12dbffff,56.93,7.64
8929aeb1303ffff,55.98,7.41
8929aeb1307ffff,55.86,7.53
8929aeb130bffff,55.51,4.81
8929aeb130fffff,57.02,7.6
8929aeb1313ffff,53.23,6.84
8929aeb1317ffff,56.64,8.48
8929aeb131bffff,56.11,7.49
8929aeb1323ffff,55.45,4.85
8929aeb1327ffff,55.55,5.33
8929aeb132bffff,56.09,7.52
8929aeb132fffff,55.5,7.16
8929aeb1333ffff,55.4,6.09
8929aeb1337ffff,56.23,5.49
8929aeb133bffff,56.83,8.05
8929aeb1343ffff,54.55,7.72
8929aeb1347ffff,55.16,4.89
8929aeb134bffff,50.57,8.09
8929aeb134fffff,51.75,8.16
8929aeb1353ffff,52.98,8.58
8929aeb1357ffff,56.03,6.54
8929aeb135bffff,48.46,14.26
8929aeb1363ffff,54.61,4.86
8929aeb1367ffff,55.17,6.41
8929aeb136bffff,55.0,7.5
8929aeb136fffff,55.78,7.55
8929aeb1373ffff,54.44,3.81
8929aeb1377ffff,57.36,7.66
8929aeb137bffff,51.57,8.44
8929aeb1383ffff,54.64,6.19
8929aeb1387ffff,53.47,5.41
8929aeb138bffff,54.17,5.65
8929aeb138fffff,53.57,3.01
8929aeb1393ffff,54.76,6.23
8929aeb1397ffff,53.29,4.35
8929aeb139bffff,55.57,7.31
8929aeb13a3ffff,48.79,14.81
8929aeb13a7ffff,52.72,6.53
8929aeb13abffff,52.89,10.39
8929aeb13afffff,51.49,11.68
8929aeb13b3ffff,49.82,14.59
8929aeb13b7ffff,51.42,6.79
8929aeb13bbffff,51.17,9.91
8929aeb13c3ffff,55.03,6.88
8929aeb13c7ffff,55.64,7.43
8929aeb13cbffff,56.34,7.54
8929aeb13cfffff,56.34,7.72
8929aeb13d3ffff,58.13,8.82
8929aeb13d7ffff,56.66,7.15
8929aeb13dbffff,55.54,6.67
8929aeb152fffff,50.51,12.36
8929aeb1567ffff,50.56,12.41
8929aeb156bffff,51.56,9.0
8929aeb157bffff,50.54,8.04
8929aeb1603ffff,55.63,7.79
8929aeb1607ffff,57.09,7.5
8929aeb160bffff,55.9,7.92
8929aeb160fffff,56.78,8.1
8929aeb1613ffff,53.57,6.48
8929aeb1617ffff,56.19,7.36
8929aeb161bffff,56.01,6.54
8929aeb1623ffff,56.81,7.71
8929aeb1627ffff,56.18,7.12
8929aeb162bffff,57.43,8.54
8929aeb162fffff,57.04,7.53
8929aeb1633ffff,56.44,7.45
8929aeb1637ffff,56.5,7.79
8929aeb163bffff,57.25,7.9
8929aeb1663ffff,56.79,8.05
8929aeb1667ffff,57.0,7.97
8929aeb166fffff,56.42,7.32
8929aeb1673ffff,56.87,8.37
8929aeb1677ffff,56.49,8.69
8929aeb16a3ffff,51.18,18.27
8929aeb16a7ffff,54.88,6.58
8929aeb16abffff,56.59,7.44
8929aeb16afffff,56.67,7.32
8929aeb16b3ffff,44.57,37.9
8929aeb16b7ffff,50.31,14.02
8929aeb16bbffff,51.97,16.04
8929aeb1803ffff,42.7,19.56
8929aeb1807ffff,48.64,4.63
8929aeb1817ffff,45.9,22.81
8929aeb1833ffff,49.85,6.03
8929aeb1853ffff,52.8,6.33
8929aeb185bffff,51.44,6.8
8929aeb1883ffff,51.61,6.69
8929aeb188bffff,51.35,6.41
8929aeb1893ffff,48.47,16.23
8929aeb1897ffff,49.04,9.02
8929aeb189bffff,49.51,7.6
8929aeb18a3ffff,51.57,3.56
8929aeb18a7ffff,46.74,11.0
8929aeb18abffff,44.73,16.6
8929aeb18afffff,45.77,11.79
8929aeb18c3ffff,52.59,7.0
8929aeb18c7ffff,52.56,6.77
8929aeb18cbffff,52.76,6.46
8929aeb18cfffff,53.2,5.97
8929aeb18d3ffff,51.04,7.61
8929aeb18d7ffff,50.9,7.48
8929aeb18dbffff,51.29,7.35
8929aeb19d3ffff,48.65,8.11
8929aeb19dbffff,49.11,6.09
8929aeb1a03ffff,47.84,21.36
8929aeb1a0bffff,49.46,6.31
8929aeb1a0fffff,50.81,8.17
8929aeb1a13ffff,48.55,15.92
8929aeb1a1bffff,47.68,5.95
8929aeb1a2bffff,49.33,19.41
8929aeb1a3bffff,47.48,22.56
8929aeb1a43ffff,51.76,7.24
8929aeb1a47ffff,51.33,6.98
8929aeb1a4bffff,51.69,6.85
8929aeb1a4fffff,51.17,7.11
8929aeb1a53ffff,53.4,5.78
8929aeb1a57ffff,50.15,6.29
8929aeb1a5bffff,52.07,7.25
8929aeb1a63ffff,51.39,7.12
8929aeb1a67ffff,50.66,11.16
8929aeb1a6bffff,46.17,22.88
8929aeb1a73ffff,51.39,6.67
8929aeb1a77ffff,52.53,6.9
8929aeb1a7bffff,50.07,6.73
8929aeb1a8bffff,48.76,13.53
8929aeb1a93ffff,50.63,7.19
8929aeb1a97ffff,47.22,21.81
8929aeb1a9bffff,48.61,6.22
8929aeb1ac3ffff,53.18,6.51
8929aeb1ac7ffff,47.98,5.86
8929aeb1acbffff,52.59,6.49
8929aeb1acfffff,52.73,6.01
8929aeb1ad3ffff,54.14,7.3
8929aeb1ad7ffff,50.26,6.27
8929aeb1adbffff,53.13,6.51
8929aeb1c03ffff,49.21,15.61
8929aeb1c07ffff,49.74,14.4
8929aeb1c0bffff,50.31,12.96
8929aeb1c0fffff,49.87,15.02
8929aeb1c13ffff,49.04,17.25
8929aeb1c17ffff,49.86,14.7
8929aeb1c1bffff,50.17,12.62
8929aeb1c23ffff,49.85,15.1
8929aeb1c27ffff,49.67,9.49
8929aeb1c2bffff,48.96,17.93
8929aeb1c2fffff,49.01,17.28
8929aeb1c33ffff,49.66,12.76
8929aeb1c37ffff,50.6,4.02
8929aeb1c3bffff,49.08,16.66
8929aeb1c43ffff,48.47,18.52
8929aeb1c47ffff,51.0,10.78
8929aeb1c4bffff,48.04,16.59
8929aeb1c4fffff,49.78,13.38
8929aeb1c53ffff,49.34,14.88
8929aeb1c57ffff,50.06,12.93
8929aeb1c5bffff,48.44,17.7
8929aeb1c63ffff,48.38,15.47
8929aeb1c67ffff,47.35,18.08
8929aeb1c6bffff,50.65,11.71
8929aeb1c6fffff,50.43,8.73
8929aeb1c73ffff,49.87,13.67
8929aeb1c77ffff,48.95,15.26
8929aeb1c7bffff,49.62,13.36
8929aeb1c83ffff,51.34,4.79
8929aeb1c87ffff,51.98,6.79
8929aeb1c8bffff,50.79,8.24
8929aeb1c8fffff,50.13,9.3
8929aeb1c93ffff,49.83,12.09
8929aeb1c97ffff,50.86,6.57
8929aeb1c9bffff,51.16,6.85
8929aeb1ca3ffff,49.62,14.86
8929aeb1ca7ffff,49.93,13.98
8929aeb1cabffff,49.82,16.18
8929aeb1cafffff,49.94,13.52
8929aeb1cb3ffff,51.23,4.24
8929aeb1cb7ffff,50.89,11.65
8929aeb1cbbffff,49.78,13.89
8929aeb1cc3ffff,49.81,9.87
8929aeb1cc7ffff,48.99,5.39
8929aeb1ccbffff,49.56,10.94
8929aeb1ccfffff,49.85,9.28
8929aeb1cd3ffff,49.63,7.64
8929aeb1cd7ffff,51.25,6.98
8929aeb1cdbffff,45.64,27.45
8929aeb1d03ffff,44.07,32.07
8929aeb1d07ffff,46.33,18.66
8929aeb1d0bffff,42.26,35.09
8929aeb1d0fffff,47.85,15.22
8929aeb1d13ffff,46.66,17.58
8929aeb1d17ffff,44.19,15.91
8929aeb1d1bffff,45.58,17.19
8929aeb1d47ffff,48.18,15.63
8929aeb1d53ffff,47.09,9.98
8929aeb1d57ffff,48.49,16.38
8929aeb1d5bffff,49.33,8.44
8929aeb1d63ffff,46.1,6.29
8929aeb1d6bffff,44.69,18.73
8929aeb1d6fffff,50.64,4.54
8929aeb1d73ffff,44.17,15.26
8929aeb1d7bffff,45.35,22.29
8929aeb1d83ffff,48.94,16.26
8929aeb1d87ffff,42.96,39.28
8929aeb1d8bffff,49.4,14.76
8929aeb1d8fffff,47.01,18.19
8929aeb1d93ffff,49.94,13.57
8929aeb1d9bffff,49.78,12.93
8929aeb1da3ffff,45.81,14.83
8929aeb1da7ffff,44.55,22.86
8929aeb1dabffff,41.97,34.03
8929aeb1dafffff,46.73,19.22
8929aeb1db3ffff,46.79,17.93
8929aeb1db7ffff,45.09,15.66
8929aeb1dbbffff,44.34,25.12
8929aeb1dc3ffff,48.44,17.63
8929aeb1dc7ffff,47.97,21.84
8929aeb1dcbffff,47.84,5.44
8929aeb1dcfffff,46.29,18.78
8929aeb1dd3ffff,50.32,15.15
8929aeb1dd7ffff,50.2,12.97
8929aeb1ddbffff,49.4,14.92
8929aeb1e03ffff,51.82,6.88
8929aeb1e07ffff,51.94,6.92
8929aeb1e0bffff,52.15,7.38
8929aeb1e0fffff,51.72,7.05
8929aeb1e13ffff,51.06,10.7
8929aeb1e17ffff,52.19,7.15
8929aeb1e1bffff,52.75,7.54
8929aeb1e23ffff,53.93,6.82
8929aeb1e27ffff,53.1,6.6
8929aeb1e2bffff,53.26,6.53
8929aeb1e2fffff,53.64,6.34
8929aeb1e33ffff,53.11,6.79
8929aeb1e37ffff,52.49,6.95
8929aeb1e3bffff,51.9,7.15
8929aeb1e43ffff,54.99,7.12
8929aeb1e47ffff,54.21,7.83
8929aeb1e4bffff,54.97,7.57
8929aeb1e4fffff,54.43,7.12
8929aeb1e53ffff,55.25,7.02
8929aeb1e57ffff,55.03,7.07
8929aeb1e5bffff,55.78,7.43
8929aeb1e63ffff,52.61,7.48
8929aeb1e67ffff,51.75,6.76
8929aeb1e6bffff,54.7,7.72
8929aeb1e6fffff,52.01,7.62
8929aeb1e73ffff,52.0,7.29
8929aeb1e77ffff,51.68,7.01
8929aeb1e7bffff,54.07,7.47
8929aeb1e83ffff,49.99,12.33
8929aeb1e87ffff,49.25,15.14
8929aeb1e8bffff,49.76,10.72
8929aeb1e8fffff,50.53,13.27
8929aeb1e93ffff,48.02,18.01
8929aeb1e97ffff,48.01,14.83
8929aeb1e9bffff,50.42,12.65
8929aeb1ea3ffff,50.77,7.12
8929aeb1ea7ffff,53.14,7.38
8929aeb1eabffff,53.44,7.37
8929aeb1eafffff,52.73,7.13
8929aeb1eb3ffff,48.21,16.85
8929aeb1eb7ffff,51.02,7.32
8929aeb1ebbffff,51.44,10.96
8929aeb1ec3ffff,53.71,6.96
8929aeb1ec7ffff,51.47,13.48
8929aeb1ecbffff,55.28,7.12
8929aeb1ecfffff,53.88,6.94
8929aeb1ed3ffff,51.48,11.84
8929aeb1ed7ffff,50.14,13.95
8929aeb1edbffff,54.73,7.26
8929aeb2003ffff,51.09,8.34
8929aeb2007ffff,52.06,12.8
8929aeb200bffff,50.42,10.75
8929aeb200fffff,51.3,1.91
8929aeb2013ffff,51.36,3.46
8929aeb2017ffff,52.5,5.95
8929aeb2023ffff,51.35,14.63
8929aeb2027ffff,51.19,13.57
8929aeb202bffff,51.66,12.5
8929aeb202fffff,51.72,12.81
8929aeb2033ffff,51.65,12.75
8929aeb2037ffff,51.49,12.12
8929aeb203bffff,51.5,13.08
8929aeb2043ffff,52.58,10.25
8929aeb2047ffff,54.46,6.03
8929aeb204bffff,51.69,3.66
8929aeb204fffff,54.12,4.58
8929aeb2053ffff,51.05,15.44
8929aeb205bffff,52.89,7.48
8929aeb2063ffff,51.58,3.79
8929aeb2067ffff,51.71,6.03
8929aeb206bffff,54.72,5.86
8929aeb206fffff,52.21,3.82
8929aeb2073ffff,50.18,1.82
8929aeb2077ffff,50.53,4.26
8929aeb207bffff,51.86,5.69
8929aeb2083ffff,52.24,8.09
8929aeb2087ffff,51.02,11.73
8929aeb208bffff,53.96,3.77
8929aeb208fffff,51.55,5.74
8929aeb2093ffff,50.89,13.6
8929aeb2097ffff,49.85,13.47
8929aeb209bffff,54.16,7.56
8929aeb20a3ffff,49.61,19.6
8929aeb20a7ffff,49.88,18.52
8929aeb20abffff,51.07,14.18
8929aeb20afffff,50.29,11.94
8929aeb20b3ffff,50.88,14.35
8929aeb20b7ffff,50.48,14.76
8929aeb20bbffff,51.71,13.31
8929aeb20cbffff,51.36,13.12
8929aeb20d3ffff,51.37,10.65
8929aeb20d7ffff,51.6,13.15
8929aeb20dbffff,51.18,13.95
8929aeb2103ffff,52.73,3.52
8929aeb2107ffff,51.45,10.56
8929aeb210bffff,51.8,11.37
8929aeb210fffff,50.75,15.36
8929aeb2113ffff,52.23,5.85
8929aeb2117ffff,50.92,3.03
8929aeb211bffff,52.49,4.68
8929aeb2123ffff,50.35,12.74
8929aeb2127ffff,50.8,5.69
8929aeb212bffff,50.53,15.57
8929aeb212fffff,51.06,11.22
8929aeb2133ffff,51.18,10.48
8929aeb2137ffff,49.59,12.22
8929aeb213bffff,51.47,11.02
8929aeb2143ffff,50.44,14.88
8929aeb2147ffff,49.68,11.78
8929aeb214bffff,47.8,17.0
8929aeb214fffff,49.92,15.1
8929aeb2153ffff,51.31,14.31
8929aeb2157ffff,50.67,8.2
8929aeb215bffff,50.2,17.99
8929aeb2163ffff,51.39,11.81
8929aeb2167ffff,50.81,13.51
8929aeb216bffff,50.14,11.65
8929aeb216fffff,51.7,9.05
8929aeb2173ffff,51.24,10.67
8929aeb2177ffff,50.97,11.34
8929aeb217bffff,49.88,10.91
8929aeb2183ffff,51.54,9.27
8929aeb2187ffff,51.04,4.29
8929aeb218bffff,50.74,14.27
8929aeb218fffff,52.3,7.42
8929aeb2193ffff,50.72,15.45
8929aeb2197ffff,51.55,5.08
8929aeb219bffff,49.43,19.49
8929aeb21a3ffff,51.22,3.09
8929aeb21a7ffff,50.95,9.0
8929aeb21abffff,51.13,4.61
8929aeb21afffff,51.4,3.62
8929aeb21b3ffff,51.57,1.26
8929aeb21b7ffff,51.4,4.26
8929aeb21bbffff,49.99,5.72
8929aeb21c3ffff,49.53,6.92
8929aeb21c7ffff,50.61,12.36
8929aeb21cbffff,51.48,14.65
8929aeb21cfffff,51.51,5.29
8929aeb21d3ffff,50.48,9.39
8929aeb21d7ffff,50.41,12.03
8929aeb21dbffff,51.17,10.27
8929aeb2203ffff,54.72,6.15
8929aeb2207ffff,52.24,9.79
8929aeb220bffff,47.1,23.19
8929aeb220fffff,53.86,5.99
8929aeb2213ffff,54.36,6.68
8929aeb2217ffff,55.0,5.82
8929aeb221bffff,45.87,27.0
8929aeb2223ffff,53.36,8.63
8929aeb2227ffff,53.44,10.71
8929aeb222bffff,53.43,11.92
8929aeb222fffff,52.87,11.94
8929aeb2233ffff,52.35,8.0
8929aeb2237ffff,53.29,8.94
8929aeb223bffff,52.29,4.63
8929aeb2243ffff,43.05,31.9
8929aeb2247ffff,44.44,27.21
8929aeb224bffff,46.39,20.53
8929aeb224fffff,50.49,6.63
8929aeb2253ffff,45.16,23.6
8929aeb2257ffff,41.14,32.22
8929aeb225bffff,44.03,31.57
8929aeb2263ffff,42.62,5.25
8929aeb2267ffff,53.24,7.83
8929aeb226bffff,35.45,6.01
8929aeb226fffff,41.47,6.6
8929aeb2273ffff,49.07,7.69
8929aeb2277ffff,51.89,6.94
8929aeb227bffff,41.7,0.0
8929aeb2283ffff,53.54,7.26
8929aeb2287ffff,53.51,5.8
8929aeb228bffff,53.56,7.31
8929aeb228fffff,54.63,6.34
8929aeb2293ffff,53.58,7.02
8929aeb2297ffff,53.3,6.8
8929aeb229bffff,52.57,7.48
8929aeb22a3ffff,53.74,8.86
8929aeb22a7ffff,49.98,24.27
8929aeb22abffff,54.45,6.46
8929aeb22afffff,52.53,12.09
8929aeb22b3ffff,53.14,3.74
8929aeb22b7ffff,51.96,4.97
8929aeb22bbffff,54.72,6.13
8929aeb22c3ffff,43.76,38.26
8929aeb22c7ffff,46.13,34.91
8929aeb22cbffff,44.37,36.29
8929aeb22cfffff,43.36,31.36
8929aeb22d3ffff,43.79,40.26
8929aeb22d7ffff,43.85,38.41
8929aeb22dbffff,43.02,34.39
8929aeb2303ffff,52.01,1.87
8929aeb2307ffff,51.28,8.33
8929aeb230bffff,52.38,1.0
8929aeb230fffff,51.16,2.65
8929aeb2313ffff,50.38,0.25
8929aeb2317ffff,50.85,6.35
8929aeb231bffff,54.12,1.88
8929aeb2327ffff,49.58,16.58
8929aeb232bffff,50.5,3.93
8929aeb232fffff,49.68,10.48
8929aeb2333ffff,51.09,10.67
8929aeb2343ffff,52.03,11.21
8929aeb2347ffff,53.75,1.85
8929aeb234bffff,50.9,18.64
8929aeb234fffff,53.11,9.83
8929aeb2353ffff,54.19,8.19
8929aeb2357ffff,55.49,3.93
8929aeb235bffff,51.81,13.8
8929aeb2363ffff,50.75,8.39
8929aeb2367ffff,51.37,4.18
8929aeb2373ffff,51.68,0.0
8929aeb2377ffff,51.58,0.0
8929aeb237bffff,49.79,15.93
8929aeb2383ffff,51.67,8.88
8929aeb2387ffff,50.41,10.42
8929aeb238bffff,50.89,3.68
8929aeb238fffff,51.19,10.63
8929aeb2393ffff,51.88,7.95
8929aeb2397ffff,50.44,13.12
8929aeb239bffff,51.17,4.16
8929aeb23a3ffff,50.59,12.93
8929aeb23a7ffff,51.11,12.43
8929aeb23abffff,50.5,10.44
8929aeb23afffff,51.8,7.14
8929aeb23b3ffff,50.19,15.55
8929aeb23b7ffff,50.6,14.44
8929aeb23bbffff,50.41,10.45
8929aeb23c3ffff,55.65,4.3
8929aeb23c7ffff,51.05,0.59
8929aeb23cbffff,55.3,6.35
8929aeb23cfffff,56.14,4.2
8929aeb23d3ffff,56.13,5.59
8929aeb23d7ffff,52.95,2.91
8929aeb23dbffff,53.07,9.13
8929aeb2403ffff,51.01,10.03
8929aeb2407ffff,50.33,12.44
8929aeb240bffff,50.55,8.5
8929aeb240fffff,52.29,7.86
8929aeb2413ffff,52.88,5.09
8929aeb2417ffff,49.58,11.93
8929aeb241bffff,52.31,6.18
8929aeb2423ffff,49.65,11.06
8929aeb2427ffff,49.94,11.28
8929aeb242bffff,50.83,12.37
8929aeb242fffff,50.74,13.1
8929aeb2433ffff,48.8,11.39
8929aeb2437ffff,49.17,13.89
8929aeb243bffff,48.22,19.04
8929aeb2443ffff,54.69,6.91
8929aeb2447ffff,51.69,10.11
8929aeb244bffff,54.04,8.52
8929aeb244fffff,52.29,6.97
8929aeb2453ffff,54.67,6.34
8929aeb2457ffff,52.96,6.65
8929aeb2463ffff,51.38,14.39
8929aeb2467ffff,51.81,8.1
8929aeb246bffff,51.99,9.03
8929aeb246fffff,51.1,10.38
8929aeb2473ffff,50.94,8.21
8929aeb2477ffff,51.25,7.42
8929aeb247bffff,50.69,8.68
8929aeb2483ffff,49.76,16.08
8929aeb2487ffff,48.26,18.04
8929aeb248bffff,52.45,9.33
8929aeb248fffff,49.05,14.53
8929aeb249bffff,51.45,8.9
8929aeb24a3ffff,49.91,11.27
8929aeb24a7ffff,49.44,13.11
8929aeb24abffff,48.94,20.84
8929aeb24afffff,48.72,14.19
8929aeb24b3ffff,48.98,12.11
8929aeb24b7ffff,48.66,14.93
8929aeb24bbffff,51.43,11.48
8929aeb24c3ffff,53.26,10.21
8929aeb24c7ffff,48.38,23.34
8929aeb24cbffff,53.53,8.87
8929aeb24cfffff,53.63,6.27
8929aeb24d3ffff,47.86,24.76
8929aeb24d7ffff,45.05,29.33
8929aeb24dbffff,54.2,7.28
8929aeb2503ffff,51.42,5.82
8929aeb2507ffff,50.4,4.62
8929aeb250bffff,50.84,14.18
8929aeb250fffff,50.98,8.67
8929aeb2513ffff,51.84,3.51
8929aeb2517ffff,49.79,14.53
8929aeb251bffff,50.59,13.76
8929aeb2523ffff,50.57,0.51
8929aeb2527ffff,51.09,4.6
8929aeb252bffff,50.21,7.76
8929aeb252fffff,50.68,1.49
8929aeb2533ffff,49.69,10.13
8929aeb2537ffff,50.25,7.37
8929aeb253bffff,50.29,10.49
8929aeb2543ffff,51.02,12.2
8929aeb2547ffff,50.23,12.04
8929aeb254bffff,50.79,15.87
8929aeb254fffff,51.17,15.33
8929aeb2553ffff,52.08,9.62
8929aeb2557ffff,50.59,8.68
8929aeb255bffff,50.77,12.95
8929aeb2563ffff,51.57,12.44
8929aeb2567ffff,51.0,15.81
8929aeb256bffff,50.45,10.01
8929aeb256fffff,50.89,13.73
8929aeb2573ffff,50.91,15.97
8929aeb2577ffff,50.77,16.71
8929aeb257bffff,51.01,9.44
8929aeb2583ffff,51.79,13.19
8929aeb2587ffff,49.57,12.03
8929aeb258bffff,53.5,5.43
8929aeb258fffff,50.81,10.16
8929aeb2593ffff,50.68,14.03
8929aeb2597ffff,49.5,11.42
8929aeb259bffff,52.99,5.91
8929aeb25a3ffff,52.8,5.87
8929aeb25a7ffff,50.89,4.68
8929aeb25abffff,49.53,15.02
8929aeb25afffff,50.55,10.79
8929aeb25b3ffff,49.73,9.83
8929aeb25b7ffff,49.13,3.51
8929aeb25bbffff,48.77,21.08
8929aeb25c3ffff,52.75,3.97
8929aeb25c7ffff,53.62,7.22
8929aeb25cbffff,50.94,9.64
8929aeb25cfffff,51.1,7.23
8929aeb25d3ffff,51.39,11.57
8929aeb25d7ffff,56.27,7.1
8929aeb25dbffff,50.57,12.46
8929aeb2603ffff,48.47,6.81
8929aeb2607ffff,45.98,16.53
8929aeb260bffff,44.27,30.97
8929aeb260fffff,46.47,10.93
8929aeb2613ffff,45.83,28.75
8929aeb2617ffff,50.04,5.88
8929aeb261bffff,44.5,33.24
8929aeb2623ffff,50.4,20.14
8929aeb2627ffff,54.98,7.54
8929aeb262fffff,52.22,10.98
8929aeb2633ffff,51.81,9.78
8929aeb2637ffff,54.49,9.05
8929aeb2643ffff,45.64,22.78
8929aeb2647ffff,44.01,33.21
8929aeb264bffff,44.01,14.59
8929aeb264fffff,45.2,18.85
8929aeb2653ffff,49.2,13.48
8929aeb2657ffff,44.82,33.36
8929aeb265bffff,45.49,12.45
8929aeb2663ffff,46.47,15.69
8929aeb2667ffff,52.17,7.94
8929aeb266bffff,47.74,20.97
8929aeb266fffff,46.86,32.3
8929aeb2673ffff,45.84,20.01
8929aeb2677ffff,49.74,9.37
8929aeb267bffff,44.55,7.43
8929aeb2683ffff,46.18,28.77
8929aeb2687ffff,47.77,20.05
8929aeb268bffff,48.02,20.11
8929aeb268fffff,47.87,19.88
8929aeb2693ffff,53.19,8.62
8929aeb2697ffff,51.97,11.54
8929aeb269bffff,51.49,12.34
8929aeb26a3ffff,51.25,3.44
8929aeb26a7ffff,52.37,5.85
8929aeb26abffff,49.33,4.9
8929aeb26afffff,52.06,6.19
8929aeb26b3ffff,50.87,12.46
8929aeb26b7ffff,51.92,4.46
8929aeb26bbffff,53.62,9.37
8929aeb26c3ffff,51.24,12.2
8929aeb26c7ffff,44.67,35.0
8929aeb26cbffff,51.92,4.35
8929aeb26cfffff,46.29,33.3
8929aeb26d3ffff,49.05,15.02
8929aeb26d7ffff,52.47,4.45
8929aeb26dbffff,52.78,4.62
8929aeb2803ffff,49.5,16.74
8929aeb2807ffff,50.98,8.47
8929aeb280bffff,49.79,10.82
8929aeb280fffff,50.4,13.22
8929aeb2813ffff,49.92,18.09
8929aeb2817ffff,50.62,11.35
8929aeb2823ffff,49.53,13.42
8929aeb2827ffff,49.55,17.45
8929aeb282bffff,48.88,17.3
8929aeb282fffff,47.26,14.81
8929aeb2833ffff,51.06,6.33
8929aeb2837ffff,50.46,13.7
8929aeb283bffff,50.69,13.09
8929aeb2843ffff,50.19,11.19
8929aeb2847ffff,49.97,12.9
8929aeb284bffff,50.14,5.5
8929aeb284fffff,49.88,15.16
8929aeb2853ffff,51.61,7.71
8929aeb2857ffff,50.52,6.67
8929aeb285bffff,50.34,0.0
8929aeb2863ffff,49.68,14.0
8929aeb2867ffff,48.66,16.01
8929aeb286bffff,49.34,16.64
8929aeb286fffff,49.65,13.87
8929aeb2873ffff,50.51,9.44
8929aeb2877ffff,49.17,20.16
8929aeb287bffff,48.17,20.03
8929aeb2883ffff,46.67,28.87
8929aeb2887ffff,47.51,24.38
8929aeb288bffff,52.17,7.37
8929aeb288fffff,49.55,13.46
8929aeb2893ffff,48.77,11.37
8929aeb2897ffff,48.03,22.07
8929aeb289bffff,50.8,10.63
8929aeb28a3ffff,48.09,23.19
8929aeb28a7ffff,48.36,21.79
8929aeb28abffff,50.73,9.79
8929aeb28afffff,50.56,8.52
8929aeb28b3ffff,48.3,21.65
8929aeb28b7ffff,46.82,22.01
8929aeb28bbffff,50.07,11.89
8929aeb28c3ffff,50.39,14.24
8929aeb28c7ffff,51.29,11.09
8929aeb28cbffff,51.25,11.74
8929aeb28d7ffff,50.78,13.14
8929aeb2903ffff,40.3,8.1
8929aeb2907ffff,44.72,13.25
8929aeb290bffff,44.07,5.14
8929aeb290fffff,54.94,4.27
8929aeb2913ffff,47.32,17.56
8929aeb2917ffff,45.24,13.64
8929aeb291bffff,45.51,9.56
8929aeb2923ffff,51.71,1.91
8929aeb2927ffff,52.67,2.11
8929aeb292fffff,52.88,1.92
8929aeb2933ffff,47.64,9.74
8929aeb2937ffff,48.98,2.38
8929aeb293bffff,52.53,2.16
8929aeb2943ffff,44.98,19.51
8929aeb2947ffff,45.45,12.35
8929aeb294bffff,45.47,22.33
8929aeb294fffff,46.17,8.02
8929aeb2953ffff,48.95,16.92
8929aeb2957ffff,46.49,12.08
8929aeb295bffff,47.77,15.81
8929aeb2963ffff,52.42,1.46
8929aeb296bffff,53.28,3.54
8929aeb2973ffff,53.68,2.01
8929aeb2977ffff,54.21,0.8
8929aeb297bffff,51.3,3.44
8929aeb2983ffff,47.88,18.62
8929aeb2987ffff,48.93,18.64
8929aeb298bffff,47.88,18.62
8929aeb298fffff,48.86,15.5
8929aeb2993ffff,43.56,32.5
8929aeb2997ffff,46.98,22.2
8929aeb299bffff,41.1,41.56
8929aeb29a3ffff,48.48,17.18
8929aeb29a7ffff,48.89,7.44
8929aeb29abffff,41.63,12.0
8929aeb29afffff,39.85,10.87
8929aeb29b3ffff,48.13,20.07
8929aeb29b7ffff,49.76,8.02
8929aeb29bbffff,48.45,17.12
8929aeb29c3ffff,48.98,17.83
8929aeb29c7ffff,49.32,17.19
8929aeb29cbffff,49.62,15.96
8929aeb29cfffff,49.34,16.41
8929aeb29d3ffff,48.84,20.7
8929aeb29d7ffff,47.61,18.98
8929aeb29dbffff,49.82,14.46
8929aeb2a03ffff,49.89,14.34
8929aeb2a07ffff,48.74,19.13
8929aeb2a0bffff,48.18,19.56
8929aeb2a0fffff,50.23,14.11
8929aeb2a13ffff,49.72,16.34
8929aeb2a17ffff,48.73,18.81
8929aeb2a1bffff,46.82,27.84
8929aeb2a23ffff,52.08,0.0
8929aeb2a27ffff,50.51,0.59
8929aeb2a2bffff,50.02,11.47
8929aeb2a2fffff,47.71,22.54
8929aeb2a33ffff,49.99,12.77
8929aeb2a37ffff,51.41,2.52
8929aeb2a3bffff,52.4,1.26
8929aeb2a43ffff,51.52,5.19
8929aeb2a47ffff,50.68,6.16
8929aeb2a4bffff,51.12,9.32
8929aeb2a4fffff,52.03,2.71
8929aeb2a53ffff,51.47,7.18
8929aeb2a57ffff,50.41,10.99
8929aeb2a5bffff,51.25,11.15
8929aeb2a63ffff,50.2,8.08
8929aeb2a67ffff,49.32,15.15
8929aeb2a6bffff,50.66,4.39
8929aeb2a6fffff,50.37,9.89
8929aeb2a73ffff,48.98,10.2
8929aeb2a77ffff,51.94,2.29
8929aeb2a7bffff,50.77,2.25
8929aeb2a83ffff,49.08,18.51
8929aeb2a87ffff,49.37,17.55
8929aeb2a8bffff,49.4,16.78
8929aeb2a8fffff,48.49,20.28
8929aeb2a93ffff,50.83,6.49
8929aeb2a97ffff,51.06,6.62
8929aeb2a9bffff,50.34,12.13
8929aeb2aa3ffff,49.7,10.02
8929aeb2aa7ffff,50.16,12.6
8929aeb2aabffff,49.47,16.4
8929aeb2aafffff,50.78,4.39
8929aeb2ab3ffff,49.69,8.21
8929aeb2ab7ffff,50.0,12.95
8929aeb2abbffff,49.28,17.11
8929aeb2ac3ffff,50.42,11.43
8929aeb2ac7ffff,49.11,16.36
8929aeb2acbffff,51.57,6.54
8929aeb2acfffff,50.37,12.14
8929aeb2ad3ffff,50.9,7.87
8929aeb2ad7ffff,48.96,18.55
8929aeb2adbffff,52.1,6.43
8929aeb2b03ffff,47.99,5.74
8929aeb2b07ffff,53.09,4.51
8929aeb2b0bffff,46.87,6.33
8929aeb2b0fffff,51.08,0.87
8929aeb2b13ffff,49.06,4.52
8929aeb2b17ffff,47.42,3.49
8929aeb2b1bffff,47.1,12.96
8929aeb2b23ffff,53.8,2.83
8929aeb2b27ffff,51.7,0.72
8929aeb2b2bffff,51.75,3.08
8929aeb2b2fffff,52.24,4.34
8929aeb2b33ffff,53.39,4.19
8929aeb2b37ffff,52.15,1.78
8929aeb2b3bffff,53.31,5.38
8929aeb2b43ffff,49.03,7.67
8929aeb2b47ffff,46.29,10.59
8929aeb2b4bffff,46.54,25.06
8929aeb2b4fffff,45.68,9.31
8929aeb2b53ffff,47.92,4.51
8929aeb2b57ffff,45.93,20.85
8929aeb2b5bffff,49.93,5.26
8929aeb2b63ffff,51.34,1.54
8929aeb2b6bffff,50.84,4.46
8929aeb2b6fffff,50.6,2.13
8929aeb2b73ffff,51.31,7.08
8929aeb2b77ffff,50.88,2.22
8929aeb2b7bffff,50.37,10.86
8929aeb2b83ffff,49.61,6.93
8929aeb2b87ffff,48.88,11.56
8929aeb2b8bffff,50.58,4.86
8929aeb2b8fffff,51.23,3.8
8929aeb2b93ffff,48.07,14.67
8929aeb2b97ffff,48.13,13.06
8929aeb2b9bffff,49.89,7.55
8929aeb2ba3ffff,53.8,5.09
8929aeb2ba7ffff,52.9,6.15
8929aeb2babffff,53.94,4.08
8929aeb2bafffff,53.0,2.91
8929aeb2bb3ffff,46.13,6.26
8929aeb2bb7ffff,52.57,2.92
8929aeb2bbbffff,47.78,2.07
8929aeb2bc3ffff,51.36,5.93
8929aeb2bc7ffff,51.07,2.29
8929aeb2bcbffff,51.07,2.38
8929aeb2bcfffff,50.43,1.66
8929aeb2bd3ffff,50.89,12.72
8929aeb2bd7ffff,50.97,9.59
8929aeb2bdbffff,50.44,5.5
8929aeb2c03ffff,50.8,14.48
8929aeb2c07ffff,51.09,11.13
8929aeb2c0bffff,51.22,10.98
8929aeb2c0fffff,50.55,14.8
8929aeb2c13ffff,50.32,12.9
8929aeb2c17ffff,50.5,11.68
8929aeb2c1bffff,49.55,19.35
8929aeb2c23ffff,49.9,13.66
8929aeb2c27ffff,48.76,17.48
8929aeb2c2bffff,50.29,10.47
8929aeb2c2fffff,48.58,18.5
8929aeb2c33ffff,50.31,12.29
8929aeb2c37ffff,48.32,21.02
8929aeb2c3bffff,50.23,13.81
8929aeb2c43ffff,49.97,7.11
8929aeb2c47ffff,48.43,6.59
8929aeb2c4bffff,51.59,3.97
8929aeb2c4fffff,49.09,10.74
8929aeb2c53ffff,50.46,14.56
8929aeb2c57ffff,49.94,14.57
8929aeb2c5bffff,50.51,5.14
8929aeb2c63ffff,50.9,4.23
8929aeb2c67ffff,50.72,6.04
8929aeb2c6bffff,51.75,3.53
8929aeb2c6fffff,51.8,5.99
8929aeb2c73ffff,51.22,12.68
8929aeb2c77ffff,51.0,9.59
8929aeb2c7bffff,50.45,14.29
8929aeb2c83ffff,51.78,7.59
8929aeb2c87ffff,50.17,8.62
8929aeb2c8bffff,50.29,14.79
8929aeb2c8fffff,51.37,4.56
8929aeb2c93ffff,51.05,6.47
8929aeb2c97ffff,51.07,13.53
8929aeb2c9bffff,49.7,14.04
8929aeb2ca3ffff,50.64,15.43
8929aeb2ca7ffff,49.03,21.51
8929aeb2cabffff,50.26,14.54
8929aeb2cafffff,50.4,15.03
8929aeb2cb3ffff,50.29,16.21
8929aeb2cb7ffff,51.41,16.21
8929aeb2cbbffff,50.18,11.78
8929aeb2cc3ffff,46.21,22.91
8929aeb2cc7ffff,48.93,18.34
8929aeb2ccbffff,50.3,14.87
8929aeb2ccfffff,50.28,13.79
8929aeb2cd3ffff,51.12,11.87
8929aeb2cd7ffff,49.23,19.82
8929aeb2cdbffff,49.54,16.03
8929aeb2d03ffff,49.03,14.07
8929aeb2d07ffff,47.67,18.96
8929aeb2d0bffff,48.77,12.06
8929aeb2d0fffff,47.84,19.06
8929aeb2d13ffff,49.65,16.32
8929aeb2d17ffff,48.88,16.26
8929aeb2d1bffff,47.14,24.02
8929aeb2d23ffff,43.29,31.51
8929aeb2d27ffff,45.67,21.69
8929aeb2d2bffff,40.54,45.0
8929aeb2d2fffff,46.52,22.63
8929aeb2d33ffff,45.3,29.45
8929aeb2d37ffff,43.45,34.48
8929aeb2d3bffff,45.69,25.92
8929aeb2d43ffff,48.8,20.33
8929aeb2d47ffff,46.57,26.51
8929aeb2d4bffff,47.82,20.63
8929aeb2d4fffff,47.01,27.53
8929aeb2d53ffff,46.96,27.59
8929aeb2d57ffff,44.62,33.29
8929aeb2d5bffff,46.66,28.92
8929aeb2d63ffff,47.37,18.06
8929aeb2d6bffff,49.09,19.43
8929aeb2d6fffff,46.62,23.66
8929aeb2d73ffff,47.8,18.38
8929aeb2d7bffff,46.53,27.27
8929aeb2d83ffff,47.87,17.62
8929aeb2d87ffff,48.2,22.65
8929aeb2d8bffff,48.83,16.07
8929aeb2d8fffff,49.33,15.47
8929aeb2d93ffff,49.4,14.66
8929aeb2d97ffff,47.67,21.7
8929aeb2d9bffff,49.97,16.61
8929aeb2da3ffff,48.18,17.02
8929aeb2da7ffff,47.82,17.55
8929aeb2dabffff,47.5,16.94
8929aeb2dafffff,47.31,17.58
8929aeb2db3ffff,48.76,17.7
8929aeb2db7ffff,48.09,18.06
8929aeb2dbbffff,47.38,15.99
8929aeb2dc3ffff,49.36,15.5
8929aeb2dc7ffff,49.5,15.28
8929aeb2dcbffff,49.42,15.17
8929aeb2dcfffff,47.95,17.37
8929aeb2dd3ffff,50.28,14.15
8929aeb2dd7ffff,50.37,12.84
8929aeb2ddbffff,50.48,13.6
8929aeb2e03ffff,50.08,16.56
8929aeb2e13ffff,51.01,11.77
8929aeb2e17ffff,52.0,6.91
8929aeb2e1bffff,50.87,12.65
8929aeb2e27ffff,50.12,3.15
8929aeb2e2fffff,51.08,7.46
8929aeb2e33ffff,51.18,12.62
8929aeb2e43ffff,49.81,15.55
8929aeb2e47ffff,49.94,12.38
8929aeb2e4bffff,52.4,9.29
8929aeb2e4fffff,50.27,13.71
8929aeb2e53ffff,50.73,11.71
8929aeb2e57ffff,50.17,11.97
8929aeb2e5bffff,49.9,16.27
8929aeb2e63ffff,49.06,21.66
8929aeb2e67ffff,50.16,10.6
8929aeb2e6bffff,50.11,9.14
8929aeb2e6fffff,49.95,9.34
8929aeb2e7bffff,51.12,14.22
8929aeb2e83ffff,50.36,15.52
8929aeb2e87ffff,51.68,7.64
8929aeb2e8bffff,50.31,16.29
8929aeb2e8fffff,52.07,4.27
8929aeb2e93ffff,49.75,19.26
8929aeb2e97ffff,51.08,10.68
8929aeb2e9bffff,49.17,19.99
8929aeb2ea3ffff,51.73,1.23
8929aeb2ea7ffff,51.58,10.65
8929aeb2eabffff,51.78,8.53
8929aeb2eafffff,50.88,3.02
8929aeb2eb3ffff,51.25,1.74
8929aeb2eb7ffff,51.34,10.59
8929aeb2ebbffff,52.59,0.2
8929aeb2ec3ffff,50.21,10.24
8929aeb2ec7ffff,50.6,14.8
8929aeb2ecfffff,50.6,10.18
8929aeb2ed3ffff,51.31,8.46
8929aeb2ed7ffff,50.91,15.02
8929aeb3023ffff,53.09,6.77
8929aeb3027ffff,53.02,4.59
8929aeb302bffff,52.52,10.31
8929aeb302fffff,52.41,5.44
8929aeb3033ffff,51.67,10.66
8929aeb3037ffff,53.0,5.26
8929aeb3063ffff,52.57,10.76
8929aeb3067ffff,52.17,6.4
8929aeb306bffff,50.58,10.81
8929aeb306fffff,52.35,5.7
8929aeb30afffff,51.5,14.82
8929aeb3103ffff,45.22,22.25
8929aeb3107ffff,42.14,20.45
8929aeb310bffff,49.87,6.39
8929aeb310fffff,42.14,38.57
8929aeb3113ffff,40.98,44.28
8929aeb3117ffff,43.49,31.01
8929aeb311bffff,44.56,28.74
8929aeb3123ffff,47.81,4.64
8929aeb3127ffff,52.86,7.23
8929aeb312bffff,45.57,24.04
8929aeb312fffff,52.14,6.4
8929aeb3133ffff,34.78,0.0
8929aeb3137ffff,37.07,0.0
8929aeb313bffff,41.68,19.58
8929aeb3143ffff,51.73,3.1
8929aeb3147ffff,52.15,3.41
8929aeb314bffff,51.24,4.3
8929aeb314fffff,51.22,5.06
8929aeb3153ffff,52.01,4.49
8929aeb3157ffff,52.04,3.09
8929aeb315bffff,51.27,3.48
8929aeb3163ffff,41.43,45.0
8929aeb3167ffff,45.31,26.96
8929aeb316bffff,49.7,11.29
8929aeb316fffff,52.85,7.98
8929aeb3173ffff,41.71,41.62
8929aeb3177ffff,40.13,45.0
8929aeb317bffff,50.25,5.69
8929aeb3183ffff,44.06,36.91
8929aeb3187ffff,54.6,12.48
8929aeb318bffff,38.49,45.0
8929aeb318fffff,45.31,37.72
8929aeb3193ffff,44.85,39.83
8929aeb3197ffff,48.44,14.17
8929aeb319bffff,46.46,32.12
8929aeb31a3ffff,35.34,10.69
8929aeb31a7ffff,37.43,7.26
8929aeb31abffff,35.25,0.0
8929aeb31afffff,34.54,0.0
8929aeb31b3ffff,45.28,8.93
8929aeb31b7ffff,39.18,4.92
8929aeb31bbffff,53.74,16.16
8929aeb31c3ffff,51.52,10.19
8929aeb31c7ffff,40.99,43.82
8929aeb31cbffff,52.4,7.67
8929aeb31cfffff,51.39,8.23
8929aeb31d3ffff,52.43,4.56
8929aeb31d7ffff,46.1,25.59
8929aeb31dbffff,53.08,7.0
8929aeb3327ffff,51.15,7.29
8929aeb3337ffff,50.08,13.68
8929aeb3383ffff,49.5,14.32
8929aeb3387ffff,51.33,7.53
8929aeb338bffff,51.38,7.82
8929aeb338fffff,47.57,18.27
8929aeb3393ffff,49.64,13.45
8929aeb3397ffff,49.17,10.97
8929aeb339bffff,51.55,3.46
8929aeb33a3ffff,50.53,11.58
8929aeb33a7ffff,49.59,12.73
8929aeb33afffff,50.18,11.3
8929aeb33b3ffff,52.11,7.84
8929aeb33b7ffff,49.76,10.28
8929aeb33c3ffff,49.51,12.95
8929aeb33c7ffff,49.29,17.28
8929aeb33d3ffff,51.17,7.64
8929aeb33d7ffff,51.89,4.47
8929aeb3503ffff,45.06,16.22
8929aeb3507ffff,46.09,27.32
8929aeb350bffff,47.67,13.98
8929aeb350fffff,43.02,31.17
8929aeb3513ffff,43.85,9.63
8929aeb3517ffff,44.32,11.04
8929aeb351bffff,46.08,9.32
8929aeb3523ffff,48.25,13.47
8929aeb3527ffff,43.75,26.88
8929aeb352bffff,43.35,34.63
8929aeb352fffff,48.56,14.3
8929aeb3533ffff,48.24,11.71
8929aeb3537ffff,40.33,35.93
8929aeb353bffff,44.03,31.73
8929aeb3563ffff,49.5,4.5
8929aeb3567ffff,45.67,28.89
8929aeb356fffff,51.43,3.35
8929aeb3573ffff,48.85,7.8
8929aeb3577ffff,43.51,26.54
8929aeb3583ffff,44.37,8.1
8929aeb3587ffff,44.57,7.63
8929aeb358bffff,44.3,4.15
8929aeb358fffff,43.47,6.9
8929aeb3593ffff,42.98,33.91
8929aeb3597ffff,43.83,12.93
8929aeb359bffff,40.3,36.78
8929aeb35a3ffff,41.04,25.89
8929aeb35a7ffff,46.61,23.4
8929aeb35abffff,45.33,10.44
8929aeb35afffff,44.87,20.61
8929aeb35b3ffff,40.92,21.49
8929aeb35b7ffff,45.47,16.91
8929aeb35bbffff,43.91,6.3
8929aeb35c7ffff,46.22,6.4
8929aeb35d7ffff,45.06,20.15
8929aeb4003ffff,47.66,12.64
8929aeb4007ffff,42.76,18.92
8929aeb400fffff,46.94,3.88
8929aeb4013ffff,46.46,11.42
8929aeb4017ffff,38.78,35.11
8929aeb4033ffff,46.04,4.05
8929aeb4043ffff,49.94,3.92
8929aeb4053ffff,50.02,4.48
8929aeb4057ffff,49.31,7.76
8929aeb405bffff,49.82,3.99
8929aeb4083ffff,38.44,38.13
8929aeb4087ffff,38.39,32.04
8929aeb408bffff,48.75,11.65
8929aeb408fffff,39.39,33.41
8929aeb4093ffff,38.1,38.92
8929aeb4097ffff,37.05,36.8
8929aeb409bffff,49.79,11.43
8929aeb40a3ffff,37.86,30.58
8929aeb40a7ffff,38.21,31.8
8929aeb40abffff,38.53,32.84
8929aeb40afffff,41.81,22.95
8929aeb40b3ffff,39.2,28.65
8929aeb40b7ffff,37.68,31.38
8929aeb40bbffff,38.14,31.77
8929aeb40c3ffff,48.98,5.98
8929aeb40cbffff,50.87,4.77
8929aeb40cfffff,47.94,5.75
8929aeb40d3ffff,52.59,5.4
8929aeb40d7ffff,51.17,6.46
8929aeb40dbffff,52.79,5.74
8929aeb4183ffff,49.71,6.45
8929aeb4187ffff,52.58,3.54
8929aeb4193ffff,50.79,6.0
8929aeb4197ffff,48.07,6.69
8929aeb419bffff,50.49,5.87
8929aeb41d3ffff,42.63,20.49
8929aeb41d7ffff,48.0,9.75
8929aeb41dbffff,45.51,16.34
8929aeb4293ffff,45.92,16.56
8929aeb4297ffff,49.79,6.47
8929aeb429bffff,49.46,4.61
8929aeb42d3ffff,50.39,3.69
8929aeb4403ffff,47.47,14.5
8929aeb4407ffff,50.38,3.81
8929aeb440bffff,46.97,11.72
8929aeb440fffff,48.14,5.1
8929aeb4413ffff,47.47,17.21
8929aeb4417ffff,51.26,3.89
8929aeb441bffff,45.74,21.27
8929aeb4423ffff,37.68,38.29
8929aeb4427ffff,35.33,41.22
8929aeb442bffff,38.44,40.05
8929aeb442fffff,37.5,35.78
8929aeb4433ffff,44.0,18.43
8929aeb4437ffff,37.69,39.99
8929aeb443bffff,40.75,36.91
8929aeb4443ffff,47.52,12.18
8929aeb4447ffff,48.0,7.27
8929aeb444bffff,48.49,12.98
8929aeb444fffff,48.08,11.64
8929aeb4453ffff,47.29,13.67
8929aeb4457ffff,47.78,12.01
8929aeb445bffff,48.13,14.38
8929aeb4463ffff,49.1,2.18
8929aeb4467ffff,48.75,8.2
8929aeb446bffff,50.23,4.9
8929aeb446fffff,53.14,6.28
8929aeb4473ffff,48.95,1.92
8929aeb4477ffff,47.84,4.72
8929aeb447bffff,48.11,5.59
8929aeb4483ffff,51.01,3.87
8929aeb4487ffff,49.33,5.6
8929aeb448bffff,48.84,11.01
8929aeb448fffff,48.57,5.94
8929aeb4493ffff,52.93,4.97
8929aeb4497ffff,52.84,3.57
8929aeb449bffff,50.66,8.0
8929aeb44a3ffff,49.08,4.6
8929aeb44a7ffff,49.58,4.09
8929aeb44abffff,48.55,5.88
8929aeb44afffff,49.21,5.59
8929aeb44b3ffff,49.1,5.84
8929aeb44b7ffff,45.42,7.38
8929aeb44bbffff,48.69,5.03
8929aeb44c3ffff,50.01,9.98
8929aeb44c7ffff,48.06,13.61
8929aeb44cbffff,48.58,10.87
8929aeb44cfffff,47.27,15.11
8929aeb44d3ffff,48.48,11.2
8929aeb44d7ffff,48.06,12.13
8929aeb44dbffff,48.97,11.69
8929aeb4503ffff,42.38,29.28
8929aeb4507ffff,43.98,21.89
8929aeb450bffff,43.54,16.61
8929aeb450fffff,48.36,17.48
8929aeb4513ffff,36.12,38.32
8929aeb4517ffff,36.63,38.95
8929aeb451bffff,34.91,45.0
8929aeb4523ffff,40.23,31.84
8929aeb4527ffff,46.76,7.85
8929aeb452bffff,48.41,8.92
8929aeb452fffff,48.77,6.6
8929aeb4533ffff,36.93,39.05
8929aeb4537ffff,38.5,36.07
8929aeb453bffff,41.41,31.51
8929aeb4543ffff,34.64,42.83
8929aeb4547ffff,36.96,39.36
8929aeb454bffff,36.12,37.91
8929aeb454fffff,35.21,43.11
8929aeb4553ffff,33.83,45.0
8929aeb4557ffff,35.88,41.59
8929aeb455bffff,35.69,39.42
8929aeb4563ffff,46.66,8.48
8929aeb4567ffff,50.2,6.84
8929aeb456bffff,39.27,29.61
8929aeb456fffff,47.76,8.85
8929aeb4573ffff,44.13,19.19
8929aeb4577ffff,49.05,12.84
8929aeb457bffff,38.13,34.62
8929aeb4583ffff,45.68,9.63
8929aeb4587ffff,39.1,36.89
8929aeb458bffff,37.62,40.13
8929aeb458fffff,33.92,45.0
8929aeb4593ffff,45.09,4.34
8929aeb4597ffff,47.2,3.56
8929aeb459bffff,46.73,3.35
8929aeb45a3ffff,35.74,41.32
8929aeb45a7ffff,41.61,24.66
8929aeb45abffff,34.4,45.0
8929aeb45afffff,35.2,45.0
8929aeb45b3ffff,36.37,42.1
8929aeb45b7ffff,36.58,37.4
8929aeb45bbffff,33.78,45.0
8929aeb45c3ffff,37.33,41.2
8929aeb45c7ffff,37.0,39.9
8929aeb45cbffff,33.36,45.0
8929aeb45cfffff,34.19,45.0
8929aeb45d3ffff,46.52,5.84
8929aeb45d7ffff,45.66,9.73
8929aeb45dbffff,46.75,17.7
8929aeb4603ffff,47.2,15.46
8929aeb4607ffff,51.47,6.27
8929aeb460bffff,40.85,15.33
8929aeb460fffff,42.23,20.39
8929aeb4613ffff,47.84,14.27
8929aeb4617ffff,49.45,11.48
8929aeb461bffff,47.68,1.92
8929aeb4623ffff,52.6,4.03
8929aeb4627ffff,50.36,4.38
8929aeb462bffff,52.08,5.85
8929aeb462fffff,48.39,10.76
8929aeb4633ffff,52.28,4.72
8929aeb4637ffff,51.69,4.83
8929aeb463bffff,52.99,4.91
8929aeb4643ffff,51.09,6.7
8929aeb4647ffff,47.76,9.28
8929aeb464bffff,49.96,8.9
8929aeb464fffff,48.88,12.66
8929aeb4653ffff,50.02,8.59
8929aeb4657ffff,48.82,9.79
8929aeb465bffff,53.12,6.06
8929aeb4663ffff,42.27,31.21
8929aeb4667ffff,44.37,21.39
8929aeb466bffff,48.73,9.46
8929aeb466fffff,45.26,17.82
8929aeb4673ffff,41.51,30.56
8929aeb4677ffff,46.48,16.82
8929aeb467bffff,47.47,11.16
8929aeb4683ffff,48.25,12.4
8929aeb4687ffff,48.94,13.26
8929aeb468bffff,47.71,11.3
8929aeb468fffff,47.24,17.88
8929aeb4693ffff,47.96,13.02
8929aeb4697ffff,49.29,11.59
8929aeb469bffff,48.34,11.78
8929aeb46a3ffff,48.55,12.03
8929aeb46a7ffff,50.43,3.38
8929aeb46abffff,52.06,7.17
8929aeb46afffff,50.76,7.2
8929aeb46b3ffff,48.11,14.35
8929aeb46b7ffff,48.23,11.76
8929aeb46bbffff,48.86,13.23
8929aeb46c3ffff,45.92,11.52
8929aeb46c7ffff,47.68,12.95
8929aeb46cbffff,47.48,15.62
8929aeb46cfffff,47.21,6.63
8929aeb46d3ffff,47.64,13.64
8929aeb46d7ffff,48.17,15.38
8929aeb46dbffff,46.47,12.17
8929aeb5403ffff,42.58,38.93
8929aeb5407ffff,43.25,36.14
8929aeb540bffff,48.35,11.37
8929aeb540fffff,46.52,21.14
8929aeb5413ffff,47.79,18.1
8929aeb5417ffff,49.1,9.16
8929aeb541bffff,43.79,37.69
8929aeb5423ffff,42.77,37.54
8929aeb5427ffff,44.29,29.18
8929aeb542bffff,49.98,4.43
8929aeb542fffff,49.05,8.56
8929aeb5433ffff,46.62,19.67
8929aeb5437ffff,48.44,17.55
8929aeb543bffff,43.78,34.86
8929aeb5457ffff,46.97,0.16
8929aeb548fffff,49.76,9.28
8929aeb54a3ffff,49.67,21.22
8929aeb54a7ffff,49.42,13.1
8929aeb54abffff,51.66,6.12
8929aeb54afffff,49.56,20.72
8929aeb54b3ffff,48.84,13.53
8929aeb54b7ffff,50.19,12.56
8929aeb54bbffff,51.09,7.29
8929aeb54c7ffff,46.98,20.12
8929aeb54cfffff,50.45,4.31
8929aeb5503ffff,51.87,9.69
8929aeb5513ffff,52.51,9.85
8929aeb5517ffff,54.45,4.47
8929aeb551bffff,51.61,5.4
8929aeb5553ffff,48.72,6.59
8929aeb5557ffff,47.74,9.54
8929aeb555bffff,49.53,1.4
8929aeb5583ffff,49.76,13.44
8929aeb5587ffff,48.34,13.61
8929aeb558bffff,46.99,22.31
8929aeb558fffff,48.02,19.34
8929aeb5593ffff,50.53,9.9
8929aeb5597ffff,51.82,5.95
8929aeb559bffff,49.55,6.08
8929aeb55a3ffff,52.11,6.55
8929aeb55a7ffff,50.71,6.42
8929aeb55abffff,51.23,5.53
8929aeb55afffff,50.23,6.38
8929aeb55b3ffff,48.99,11.81
8929aeb55b7ffff,49.83,10.76
8929aeb55bbffff,52.06,7.69
8929aeb55c3ffff,50.55,4.75
8929aeb55c7ffff,49.66,11.69
8929aeb55cbffff,50.35,4.33
8929aeb55cfffff,50.7,5.21
8929aeb55d3ffff,50.58,2.37
8929aeb55d7ffff,50.15,7.23
8929aeb55dbffff,50.61,4.38
8929aeb60c3ffff,52.17,7.72
8929aeb60c7ffff,48.89,11.35
8929aeb60d3ffff,51.84,7.29
8929aeb60d7ffff,50.1,9.13
8929aeb60dbffff,48.33,15.2
8929aeb6223ffff,47.95,13.65
8929aeb6227ffff,48.75,8.26
8929aeb622bffff,50.4,8.33
8929aeb622fffff,52.85,5.15
8929aeb6247ffff,51.29,6.08
8929aeb624bffff,49.09,16.23
8929aeb624fffff,50.3,11.44
8929aeb625bffff,49.47,15.97
8929aeb626bffff,49.33,2.23
8929aeb626fffff,50.8,8.41
8929aeb627bffff,51.78,5.12
8929aeb6283ffff,50.89,1.66
8929aeb628bffff,49.52,13.55
8929aeb6293ffff,51.13,7.8
8929aeb629bffff,51.98,8.01
8929aeb62c3ffff,49.15,10.68
8929aeb62d7ffff,50.2,9.21
8929aeb6327ffff,43.28,24.07
8929aeb632bffff,43.99,15.76
8929aeb632fffff,44.4,5.45
8929aeb634bffff,49.85,5.66
8929aeb635bffff,50.82,6.04
8929aeb6363ffff,42.53,19.01
8929aeb6367ffff,43.04,5.87
8929aeb636bffff,43.85,8.48
8929aeb636fffff,45.96,4.42
8929aeb637bffff,47.17,8.63
8929aeb6403ffff,48.42,20.02
8929aeb640bffff,50.19,12.57
8929aeb6413ffff,51.45,7.35
8929aeb6417ffff,45.96,22.68
8929aeb641bffff,51.72,3.13
8929aeb6443ffff,47.9,15.41
8929aeb6447ffff,48.75,16.86
8929aeb644bffff,50.88,13.6
8929aeb644fffff,49.47,15.02
8929aeb6453ffff,48.27,11.55
8929aeb6457ffff,48.78,6.98
8929aeb645bffff,48.77,10.33
8929aeb646bffff,52.71,6.01
8929aeb646fffff,49.98,10.52
8929aeb647bffff,49.86,10.27
8929aeb6483ffff,50.25,5.41
8929aeb6487ffff,51.08,4.1
8929aeb648bffff,49.75,5.09
8929aeb648fffff,50.55,10.04
8929aeb6493ffff,48.58,6.86
8929aeb6497ffff,50.03,4.88
8929aeb649bffff,49.19,8.72
8929aeb64abffff,49.65,13.44
8929aeb64b3ffff,51.33,4.99
8929aeb64b7ffff,48.27,12.93
8929aeb64bbffff,50.68,2.93
8929aeb64c3ffff,48.46,9.26
8929aeb64c7ffff,48.97,4.8
8929aeb64cbffff,47.68,16.33
8929aeb64cfffff,46.38,1.71
8929aeb64d3ffff,48.43,7.12
8929aeb64d7ffff,49.65,8.32
8929aeb64dbffff,46.27,20.68
8929aeb6603ffff,47.31,16.02
8929aeb6607ffff,47.88,15.31
8929aeb660bffff,48.09,15.77
8929aeb660fffff,47.71,14.5
8929aeb6613ffff,48.21,19.47
8929aeb6617ffff,48.05,15.82
8929aeb661bffff,48.53,13.08
8929aeb662bffff,48.71,13.46
8929aeb663bffff,47.57,16.95
8929aeb6643ffff,46.27,19.58
8929aeb6647ffff,47.61,13.63
8929aeb664bffff,46.34,19.53
8929aeb6653ffff,45.82,22.45
8929aeb6657ffff,46.71,17.52
8929aeb665bffff,46.18,19.85
8929aeb6663ffff,47.62,14.82
8929aeb6667ffff,49.14,11.56
8929aeb666bffff,49.64,8.7
8929aeb666fffff,49.94,7.92
8929aeb6673ffff,47.82,15.26
8929aeb6677ffff,47.87,14.85
8929aeb667bffff,46.66,16.16
8929aeb6687ffff,50.23,11.6
8929aeb668fffff,49.8,10.8
8929aeb6693ffff,46.87,14.02
8929aeb6697ffff,49.29,13.05
8929aeb66a3ffff,48.78,14.54
8929aeb66a7ffff,50.63,11.8
8929aeb66abffff,47.23,15.37
8929aeb66afffff,48.75,17.09
8929aeb66b3ffff,50.04,12.6
8929aeb66b7ffff,54.03,4.99
8929aeb66bbffff,47.7,16.92
8929aeb66c3ffff,48.15,13.18
8929aeb66cbffff,46.59,19.14
8929aeb66cfffff,46.82,16.92
8929aeb66d3ffff,50.54,3.42
8929aeb66d7ffff,51.21,5.92
8929aeb66dbffff,48.42,13.37
8929aeb6843ffff,46.87,15.31
8929aeb684bffff,50.45,11.55
8929aeb684fffff,47.93,21.26
8929aeb685bffff,43.16,21.88
8929aeb6a03ffff,50.88,9.96
8929aeb6a07ffff,50.38,8.42
8929aeb6a0bffff,44.42,25.52
8929aeb6a0fffff,49.93,7.85
8929aeb6a13ffff,49.71,7.96
8929aeb6a17ffff,50.27,8.78
8929aeb6a1bffff,42.66,32.57
8929aeb6a33ffff,45.37,15.86
8929aeb6a37ffff,39.53,31.62
8929aeb6a3bffff,50.2,6.66
8929aeb6a43ffff,36.02,45.0
8929aeb6a47ffff,48.03,6.3
8929aeb6a4bffff,48.31,8.24
8929aeb6a4fffff,47.0,2.39
8929aeb6a53ffff,37.88,43.32
8929aeb6a57ffff,37.47,40.46
8929aeb6a5bffff,45.84,10.54
8929aeb6a73ffff,49.78,6.13
8929aeb6a83ffff,49.72,4.21
8929aeb6a87ffff,49.7,14.67
8929aeb6a8bffff,48.95,5.59
8929aeb6a8fffff,48.51,7.16
8929aeb6a93ffff,36.37,45.0
8929aeb6a97ffff,43.44,25.86
8929aeb6a9bffff,45.76,14.77
8929aeb6aa3ffff,48.01,15.6
8929aeb6aa7ffff,48.58,10.45
8929aeb6aabffff,46.41,17.06
8929aeb6aafffff,45.94,15.67
8929aeb6ab3ffff,50.74,11.31
8929aeb6ab7ffff,49.85,8.15
8929aeb6abbffff,49.16,14.01
8929aeb6ac3ffff,49.95,4.96
8929aeb6ac7ffff,48.42,6.21
8929aeb6acbffff,47.35,11.01
8929aeb6acfffff,40.32,34.6
8929aeb6ad3ffff,49.36,7.86
8929aeb6ad7ffff,51.18,3.97
8929aeb6adbffff,49.87,6.71
8929aeb6bdbffff,47.51,9.04
8929aeb6e0bffff,48.4,13.71
8929aeb6e1bffff,47.6,16.13
8929aeb6e23ffff,38.03,44.47
8929aeb6e27ffff,44.69,25.15
8929aeb6e2bffff,34.0,45.0
8929aeb6e2fffff,33.18,45.0
8929aeb6e37ffff,49.56,9.01
8929aeb6e3bffff,41.66,39.19
8929aeb6e43ffff,49.49,8.89
8929aeb6e47ffff,50.09,3.85
8929aeb6e4bffff,47.61,5.83
8929aeb6e4fffff,43.25,22.41
8929aeb6e53ffff,46.88,25.0
8929aeb6e57ffff,48.5,21.25
8929aeb6e5bffff,45.51,3.72
8929aeb6e63ffff,35.36,42.98
8929aeb6e67ffff,33.45,45.0
8929aeb6e6bffff,36.27,39.47
8929aeb6e6fffff,38.99,33.71
8929aeb6e73ffff,43.46,24.94
8929aeb6e77ffff,35.43,44.97
8929aeb6e7bffff,37.54,39.28
8929aeb6ecfffff,37.81,45.0
8929aeb7003ffff,47.39,11.0
8929aeb7007ffff,47.46,18.53
8929aeb700bffff,47.8,10.67
8929aeb700fffff,45.66,20.12
8929aeb7013ffff,48.28,19.0
8929aeb7017ffff,48.38,17.74
8929aeb701bffff,46.37,13.79
8929aeb7023ffff,47.63,18.75
8929aeb7027ffff,47.44,13.78
8929aeb702bffff,45.22,26.2
8929aeb702fffff,46.09,23.26
8929aeb7033ffff,48.38,15.75
8929aeb7037ffff,48.23,13.13
8929aeb703bffff,46.18,20.36
8929aeb7043ffff,48.54,15.35
8929aeb7047ffff,48.46,13.41
8929aeb704bffff,49.06,10.46
8929aeb704fffff,48.9,10.02
8929aeb7053ffff,50.31,9.19
8929aeb7057ffff,46.77,21.41
8929aeb705bffff,49.01,14.14
8929aeb7063ffff,45.08,21.94
8929aeb7067ffff,43.65,22.49
8929aeb706bffff,43.79,15.12
8929aeb706fffff,45.1,19.49
8929aeb7073ffff,48.61,15.26
8929aeb7077ffff,43.51,25.08
8929aeb707bffff,47.72,12.46
8929aeb7083ffff,49.91,12.45
8929aeb7087ffff,49.1,9.73
8929aeb708bffff,48.77,13.43
8929aeb708fffff,48.26,19.13
8929aeb7093ffff,51.43,4.53
8929aeb7097ffff,51.78,3.03
8929aeb709bffff,51.58,5.27
8929aeb70a3ffff,49.32,16.28
8929aeb70abffff,49.03,15.11
8929aeb70afffff,49.19,15.19
8929aeb70b3ffff,49.98,9.37
8929aeb70bbffff,49.67,11.59
8929aeb70c3ffff,49.11,8.98
8929aeb70c7ffff,48.44,14.29
8929aeb70cbffff,50.78,5.97
8929aeb70cfffff,50.26,6.84
8929aeb70d3ffff,51.21,10.89
8929aeb70d7ffff,49.39,14.65
8929aeb70dbffff,49.85,6.14
8929aeb7103ffff,48.61,13.3
8929aeb7107ffff,47.94,12.7
8929aeb710bffff,47.43,15.15
8929aeb710fffff,47.64,14.67
8929aeb7113ffff,48.19,12.89
8929aeb7117ffff,47.0,19.45
8929aeb711bffff,47.58,13.63
8929aeb7123ffff,48.57,11.77
8929aeb7127ffff,50.33,11.24
8929aeb712bffff,47.94,13.13
8929aeb712fffff,48.55,11.47
8929aeb7133ffff,48.74,9.79
8929aeb7137ffff,48.54,12.53
8929aeb713bffff,48.32,13.37
8929aeb7143ffff,47.49,15.21
8929aeb7147ffff,45.39,26.8
8929aeb714bffff,47.61,14.08
8929aeb714fffff,47.13,15.43
8929aeb7153ffff,47.99,13.71
8929aeb7157ffff,47.86,14.37
8929aeb715bffff,47.78,12.11
8929aeb7163ffff,48.06,10.97
8929aeb7167ffff,47.97,12.19
8929aeb716bffff,47.79,13.28
8929aeb716fffff,48.34,12.95
8929aeb7173ffff,47.32,16.9
8929aeb7177ffff,48.1,13.06
8929aeb717bffff,47.21,15.06
8929aeb7183ffff,48.91,12.08
8929aeb7187ffff,48.46,11.08
8929aeb718bffff,49.1,11.31
8929aeb718fffff,47.8,16.35
8929aeb7193ffff,48.17,14.17
8929aeb7197ffff,48.65,12.32
8929aeb719bffff,50.04,11.55
8929aeb71a3ffff,48.06,13.54
8929aeb71a7ffff,48.41,10.58
8929aeb71abffff,48.98,11.31
8929aeb71afffff,48.45,13.62
8929aeb71b3ffff,48.36,12.53
8929aeb71b7ffff,48.16,11.76
8929aeb71bbffff,44.71,30.74
8929aeb71c3ffff,49.55,12.3
8929aeb71c7ffff,47.86,14.5
8929aeb71cbffff,47.9,14.0
8929aeb71cfffff,47.73,13.83
8929aeb71d3ffff,49.55,14.7
8929aeb71d7ffff,50.34,10.2
8929aeb71dbffff,48.79,13.68
8929aeb7207ffff,48.54,17.09
8929aeb720bffff,48.15,18.87
8929aeb720fffff,47.84,17.03
8929aeb7213ffff,48.3,15.46
8929aeb7217ffff,48.68,13.61
8929aeb721bffff,49.21,13.81
8929aeb7233ffff,48.24,12.89
8929aeb7243ffff,47.91,18.5
8929aeb7247ffff,48.63,14.99
8929aeb7253ffff,47.98,15.43
8929aeb7257ffff,49.25,14.67
8929aeb725bffff,48.67,15.79
8929aeb7273ffff,48.69,15.61
8929aeb7283ffff,46.13,22.69
8929aeb7287ffff,46.46,21.26
8929aeb728bffff,47.79,16.32
8929aeb728fffff,47.71,17.96
8929aeb7293ffff,49.88,2.86
8929aeb7297ffff,48.16,16.41
8929aeb729bffff,48.54,12.52
8929aeb72a3ffff,47.35,17.69
8929aeb72a7ffff,46.73,15.37
8929aeb72abffff,47.71,16.44
8929aeb72afffff,48.2,15.98
8929aeb72b3ffff,47.74,15.5
8929aeb72b7ffff,47.6,12.63
8929aeb72bbffff,47.5,16.28
8929aeb72c3ffff,48.83,15.42
8929aeb72c7ffff,48.45,15.99
8929aeb72cbffff,47.17,20.37
8929aeb72cfffff,49.85,10.44
8929aeb72d3ffff,51.16,9.95
8929aeb72d7ffff,48.45,20.48
8929aeb72dbffff,51.65,11.09
8929aeb7303ffff,47.36,12.96
8929aeb7307ffff,47.64,12.66
8929aeb730bffff,47.03,13.82
8929aeb7313ffff,43.53,30.17
8929aeb7317ffff,47.29,14.98
8929aeb731bffff,43.81,30.49
8929aeb7323ffff,48.47,13.89
8929aeb7327ffff,50.21,12.28
8929aeb732fffff,51.38,3.61
8929aeb7333ffff,48.02,15.71
8929aeb7337ffff,47.84,15.59
8929aeb7343ffff,48.43,13.69
8929aeb7353ffff,47.48,12.52
8929aeb7357ffff,47.28,17.79
8929aeb7363ffff,49.14,8.23
8929aeb736bffff,50.63,2.67
8929aeb736fffff,49.65,6.23
8929aeb737bffff,51.34,6.84
8929aeb7383ffff,44.67,15.38
8929aeb7387ffff,49.17,4.87
8929aeb738bffff,44.96,25.45
8929aeb738fffff,46.91,19.49
8929aeb7393ffff,44.2,23.46
8929aeb7397ffff,46.39,19.57
8929aeb739bffff,42.85,33.04
8929aeb73a3ffff,46.3,9.09
8929aeb73a7ffff,46.02,10.12
8929aeb73abffff,48.25,13.94
8929aeb73afffff,47.05,20.87
8929aeb73b3ffff,47.11,12.02
8929aeb73b7ffff,47.58,12.95
8929aeb73bbffff,47.08,13.09
8929aeb73c3ffff,47.47,14.99
8929aeb73c7ffff,46.12,18.44
8929aeb73cbffff,48.74,11.13
8929aeb73cfffff,46.93,13.57
8929aeb73d3ffff,45.61,14.32
8929aeb73d7ffff,47.71,16.11
8929aeb73dbffff,47.95,12.74
8929aeb7403ffff,54.38,7.82
8929aeb7407ffff,49.69,4.99
8929aeb740bffff,54.62,6.51
8929aeb740fffff,51.63,8.97
8929aeb7413ffff,53.22,7.96
8929aeb7417ffff,50.92,11.26
8929aeb741bffff,55.65,7.3
8929aeb742bffff,49.88,14.03
8929aeb742fffff,50.57,7.39
8929aeb7433ffff,49.54,10.19
8929aeb743bffff,48.15,17.86
8929aeb7443ffff,53.72,3.09
8929aeb7447ffff,53.72,4.0
8929aeb744bffff,52.81,4.08
8929aeb744fffff,53.01,2.86
8929aeb7453ffff,54.56,6.78
8929aeb7457ffff,55.68,7.55
8929aeb745bffff,54.04,5.01
8929aeb7463ffff,52.38,2.48
8929aeb7467ffff,50.37,4.32
8929aeb746bffff,53.29,5.67
8929aeb746fffff,51.57,9.75
8929aeb7473ffff,52.66,3.54
8929aeb7477ffff,50.82,6.75
8929aeb747bffff,52.5,0.0
8929aeb7483ffff,47.58,22.93
8929aeb7487ffff,48.96,15.09
8929aeb748bffff,48.14,15.02
8929aeb748fffff,48.54,18.01
8929aeb7493ffff,49.62,10.11
8929aeb7497ffff,48.55,10.84
8929aeb749bffff,48.31,13.51
8929aeb74a3ffff,51.31,10.6
8929aeb74abffff,49.86,8.51
8929aeb74b3ffff,49.24,12.34
8929aeb74b7ffff,50.32,9.03
8929aeb74bbffff,49.92,7.73
8929aeb74c3ffff,50.79,9.29
8929aeb74c7ffff,51.11,9.93
8929aeb74cbffff,52.48,2.9
8929aeb74cfffff,55.46,8.06
8929aeb74d3ffff,49.78,4.11
8929aeb74d7ffff,48.54,14.27
8929aeb74dbffff,49.35,2.19
8929aeb7523ffff,48.53,14.68
8929aeb7527ffff,49.4,14.21
8929aeb752bffff,48.31,15.1
8929aeb752fffff,48.67,10.9
8929aeb753bffff,49.3,11.66
8929aeb7543ffff,51.05,4.48
8929aeb7547ffff,49.61,13.22
8929aeb754bffff,50.0,1.18
8929aeb7553ffff,50.29,10.71
8929aeb7557ffff,50.25,8.63
8929aeb755bffff,50.92,2.58
8929aeb7567ffff,48.12,17.39
8929aeb7577ffff,48.99,13.4
8929aeb7583ffff,46.67,18.4
8929aeb7587ffff,46.87,20.77
8929aeb758bffff,49.08,15.98
8929aeb7593ffff,46.59,22.91
8929aeb7597ffff,46.0,23.03
8929aeb759bffff,48.0,16.01
8929aeb75d7ffff,48.49,15.31
8929aeb7613ffff,49.9,1.6
8929aeb7617ffff,51.04,3.46
8929aeb761bffff,51.25,1.26
8929aeb7623ffff,49.59,0.69
8929aeb7627ffff,50.67,4.17
8929aeb762bffff,50.32,2.51
8929aeb762fffff,49.42,9.24
8929aeb7637ffff,51.0,4.07
8929aeb764fffff,50.99,8.65
8929aeb766bffff,49.51,8.48
8929aeb766fffff,49.4,5.5
8929aeb767bffff,51.17,1.09
8929aeb7687ffff,53.31,7.35
8929aeb768fffff,50.73,7.45
8929aeb7697ffff,53.27,2.83
8929aeb76a3ffff,51.69,3.31
8929aeb76a7ffff,51.36,6.68
8929aeb76abffff,51.76,0.75
8929aeb76b3ffff,50.82,3.16
8929aeb76b7ffff,52.28,3.19
8929aeb76bbffff,52.38,3.16
8929aeb76c3ffff,51.16,0.0
8929aeb76cbffff,52.2,2.43
8929aeb76cfffff,52.5,2.49
8929aeb76d3ffff,52.98,2.35
8929aeb76d7ffff,52.49,1.48
8929aeb76dbffff,52.65,4.23
8929aeb8403ffff,42.97,38.49
8929aeb8407ffff,44.03,24.07
8929aeb840bffff,50.07,10.56
8929aeb840fffff,47.24,7.71
8929aeb8413ffff,47.14,25.11
8929aeb8417ffff,44.72,30.52
8929aeb841bffff,44.86,41.66
8929aeb8423ffff,50.25,15.9
8929aeb8427ffff,51.86,13.62
8929aeb842fffff,54.06,6.02
8929aeb8433ffff,43.05,19.59
8929aeb8437ffff,46.52,26.11
8929aeb843bffff,50.83,8.97
8929aeb8443ffff,51.39,7.93
8929aeb8447ffff,49.99,11.18
8929aeb844bffff,49.45,10.74
8929aeb844fffff,47.78,19.58
8929aeb8453ffff,51.78,7.3
8929aeb8457ffff,50.8,7.11
8929aeb845bffff,52.8,8.03
8929aeb8463ffff,53.69,8.56
8929aeb8473ffff,48.99,9.47
8929aeb8477ffff,53.8,7.26
8929aeb847bffff,46.97,7.86
8929aeb8483ffff,47.48,24.17
8929aeb8487ffff,45.57,30.91
8929aeb848bffff,53.14,7.02
8929aeb848fffff,47.34,23.39
8929aeb8493ffff,51.83,11.27
8929aeb8497ffff,48.59,12.42
8929aeb849bffff,52.78,7.41
8929aeb84a3ffff,45.08,18.04
8929aeb84a7ffff,44.77,19.7
8929aeb84abffff,42.04,35.45
8929aeb84afffff,42.82,28.9
8929aeb84b3ffff,45.63,30.62
8929aeb84b7ffff,44.43,19.6
8929aeb84bbffff,44.11,36.65
8929aeb84c7ffff,50.92,9.48
8929aeb84cbffff,51.55,7.94
8929aeb84cfffff,51.04,7.44
8929aeb84d7ffff,53.62,6.99
8929aeb850bffff,53.46,6.68
8929aeb851bffff,54.53,5.75
8929aeb8553ffff,54.03,8.41
8929aeb8557ffff,53.67,6.66
8929aeb855bffff,56.61,5.99
8929aeb85c3ffff,47.38,21.84
8929aeb85c7ffff,53.25,7.4
8929aeb85cbffff,46.63,26.82
8929aeb85cfffff,52.99,7.52
8929aeb85d3ffff,49.12,15.73
8929aeb85d7ffff,47.65,22.14
8929aeb85dbffff,51.24,9.05
8929aeb8617ffff,42.37,6.28
8929aeb8683ffff,51.09,10.37
8929aeb8687ffff,47.16,24.27
8929aeb868fffff,49.63,10.72
8929aeb8693ffff,50.46,8.09
8929aeb8697ffff,49.33,7.63
8929aeb869bffff,51.24,10.19
8929aeb86a3ffff,46.48,8.97
8929aeb86abffff,46.39,6.87
8929aeb86b3ffff,46.03,19.05
8929aeb86b7ffff,46.28,8.2
8929aeb86bbffff,45.23,7.91
8929aeb86d3ffff,51.09,6.89
8929aeb86d7ffff,48.65,7.2
8929aeb86dbffff,46.92,7.08
8929aeba003ffff,54.64,7.94
8929aeba007ffff,51.29,15.78
8929aeba00bffff,51.66,7.76
8929aeba00fffff,48.83,18.08
8929aeba013ffff,53.36,7.78
8929aeba017ffff,54.21,7.88
8929aeba01bffff,53.02,7.48
8929aeba023ffff,47.36,19.15
8929aeba027ffff,48.93,15.91
8929aeba02bffff,44.98,27.82
8929aeba02fffff,43.25,31.59
8929aeba033ffff,47.14,25.95
8929aeba037ffff,48.15,20.56
8929aeba03bffff,45.23,23.6
8929aeba043ffff,52.76,8.21
8929aeba047ffff,52.18,7.96
8929aeba04bffff,53.67,7.77
8929aeba04fffff,52.92,7.87
8929aeba053ffff,51.06,8.92
8929aeba057ffff,52.22,7.75
8929aeba063ffff,49.44,15.09
8929aeba067ffff,46.21,25.86
8929aeba06bffff,52.11,7.94
8929aeba06fffff,51.68,7.4
8929aeba073ffff,48.48,16.85
8929aeba077ffff,44.6,26.48
8929aeba07bffff,52.19,7.53
8929aeba083ffff,53.38,8.45
8929aeba087ffff,54.05,8.06
8929aeba08bffff,53.57,7.95
8929aeba08fffff,54.29,8.13
8929aeba093ffff,53.77,7.82
8929aeba097ffff,54.81,8.37
8929aeba09bffff,55.71,7.85
8929aeba0a3ffff,52.72,7.47
8929aeba0abffff,54.52,7.84
8929aeba0afffff,51.65,8.46
8929aeba0b3ffff,53.13,7.12
8929aeba0bbffff,52.42,8.13
8929aeba0c3ffff,53.49,8.75
8929aeba0c7ffff,54.76,8.1
8929aeba0cbffff,51.73,8.86
8929aeba0cfffff,53.85,7.78
8929aeba0d3ffff,54.55,7.22
8929aeba0d7ffff,54.06,7.8
8929aeba103ffff,52.19,7.06
8929aeba107ffff,51.2,13.33
8929aeba10bffff,49.3,13.03
8929aeba10fffff,51.22,10.06
8929aeba117ffff,53.1,10.47
8929aeba11bffff,52.68,10.59
8929aeba123ffff,55.63,7.75
8929aeba127ffff,54.14,6.75
8929aeba12bffff,55.5,7.98
8929aeba12fffff,57.45,8.47
8929aeba133ffff,52.33,10.36
8929aeba137ffff,52.17,7.24
8929aeba13bffff,53.13,8.18
8929aeba143ffff,48.14,15.2
8929aeba147ffff,50.21,11.42
8929aeba14bffff,47.33,18.41
8929aeba14fffff,52.15,8.53
8929aeba153ffff,51.4,10.78
8929aeba157ffff,49.19,13.55
8929aeba15bffff,47.76,14.82
8929aeba163ffff,48.19,17.48
8929aeba167ffff,50.5,13.54
8929aeba16bffff,48.51,17.88
8929aeba16fffff,49.87,11.66
8929aeba173ffff,50.35,12.92
8929aeba177ffff,50.39,14.4
8929aeba17bffff,53.07,7.38
8929aeba183ffff,54.0,7.94
8929aeba187ffff,52.15,11.27
8929aeba18fffff,53.02,9.95
8929aeba193ffff,55.43,7.35
8929aeba197ffff,54.14,8.03
8929aeba1a3ffff,50.67,11.86
8929aeba1a7ffff,52.18,9.96
8929aeba1abffff,50.67,15.22
8929aeba1afffff,49.3,14.55
8929aeba1b3ffff,51.81,9.64
8929aeba1b7ffff,53.39,7.29
8929aeba1bbffff,49.72,18.68
8929aeba1cbffff,52.48,7.19
8929aeba1dbffff,52.64,7.24
8929aeba203ffff,51.61,7.57
8929aeba207ffff,51.47,11.05
8929aeba20bffff,49.53,7.73
8929aeba20fffff,51.87,7.64
8929aeba213ffff,52.04,7.84
8929aeba217ffff,50.25,13.99
8929aeba21bffff,50.6,7.59
8929aeba223ffff,55.32,5.67
8929aeba227ffff,50.62,6.5
8929aeba22bffff,54.73,7.78
8929aeba22fffff,50.85,7.04
8929aeba233ffff,53.83,7.56
8929aeba237ffff,52.42,6.76
8929aeba23bffff,53.05,11.71
8929aeba263ffff,52.75,7.47
8929aeba267ffff,53.56,7.46
8929aeba26fffff,52.0,6.97
8929aeba273ffff,53.93,6.67
8929aeba277ffff,53.21,7.78
8929aeba283ffff,53.78,12.88
8929aeba287ffff,55.14,8.19
8929aeba28bffff,53.02,8.23
8929aeba28fffff,50.85,14.83
8929aeba297ffff,52.71,8.17
8929aeba29bffff,53.31,8.98
8929aeba2a3ffff,52.9,8.0
8929aeba2a7ffff,51.62,7.93
8929aeba2abffff,53.61,7.99
8929aeba2afffff,53.23,7.79
8929aeba2b3ffff,54.2,7.66
8929aeba2b7ffff,52.09,8.06
8929aeba2bbffff,53.83,9.13
8929aeba2c7ffff,53.0,7.28
8929aeba2d7ffff,52.64,7.36
8929aeba303ffff,41.87,44.25
8929aeba307ffff,46.06,27.29
8929aeba30bffff,43.03,38.94
8929aeba30fffff,50.39,14.39
8929aeba313ffff,47.3,22.09
8929aeba317ffff,46.73,25.8
8929aeba31bffff,43.69,38.0
8929aeba323ffff,45.49,25.92
8929aeba327ffff,44.05,23.79
8929aeba32bffff,44.77,20.36
8929aeba32fffff,45.2,27.05
8929aeba333ffff,48.13,17.48
8929aeba337ffff,44.34,37.82
8929aeba33bffff,46.68,27.36
8929aeba343ffff,43.73,37.51
8929aeba347ffff,41.45,45.0
8929aeba34bffff,45.27,25.19
8929aeba34fffff,43.99,25.34
8929aeba353ffff,43.63,33.99
8929aeba357ffff,42.23,43.16
8929aeba35bffff,43.74,33.45
8929aeba363ffff,46.08,19.44
8929aeba36bffff,47.88,15.89
8929aeba36fffff,48.42,17.26
8929aeba373ffff,48.5,15.29
8929aeba377ffff,50.08,8.12
8929aeba37bffff,42.3,24.15
8929aeba383ffff,43.38,29.35
8929aeba387ffff,44.64,20.21
8929aeba38bffff,49.12,9.12
8929aeba38fffff,49.92,8.45
8929aeba393ffff,44.03,28.92
8929aeba397ffff,44.71,25.32
8929aeba39bffff,45.13,23.86
8929aeba3a3ffff,50.26,9.66
8929aeba3a7ffff,48.96,14.48
8929aeba3abffff,49.19,13.75
8929aeba3afffff,51.09,9.79
8929aeba3b3ffff,51.18,10.6
8929aeba3b7ffff,51.88,10.27
8929aeba3bbffff,50.36,10.89
8929aeba3c3ffff,49.74,5.51
8929aeba3c7ffff,49.35,8.11
8929aeba3cbffff,49.53,6.21
8929aeba3cfffff,45.68,18.8
8929aeba3d3ffff,50.78,7.64
8929aeba3d7ffff,50.43,7.28
8929aeba3dbffff,51.63,7.2
8929aeba42fffff,53.04,7.75
8929aeba467ffff,53.62,8.28
8929aeba46bffff,53.91,6.83
8929aeba46fffff,54.49,7.31
8929aeba507ffff,55.7,7.11
8929aeba523ffff,56.33,7.09
8929aeba527ffff,54.82,7.04
8929aeba52bffff,55.89,7.37
8929aeba52fffff,54.21,7.64
8929aeba533ffff,55.85,7.37
8929aeba537ffff,57.44,7.67
8929aeba53bffff,55.11,7.29
8929aeba54bffff,52.91,8.06
8929aeba55bffff,53.41,8.23
8929aeba5a7ffff,57.13,7.79
8929aeba5abffff,54.95,7.48
8929aeba5afffff,57.59,8.04
8929aeba883ffff,51.74,9.54
8929aeba887ffff,51.59,6.54
8929aeba88bffff,50.72,11.29
8929aeba893ffff,50.38,6.99
8929aeba897ffff,53.11,7.12
8929aeba89bffff,51.54,5.48
8929aeba8b3ffff,48.57,24.78
8929aeba8b7ffff,45.04,33.94
8929aeba8c3ffff,51.63,13.68
8929aeba8cbffff,53.66,8.42
8929aeba8d3ffff,52.31,9.62
8929aeba8d7ffff,52.62,7.42
8929aeba8dbffff,49.01,24.71
8929aeba983ffff,51.69,6.52
8929aeba993ffff,52.31,6.92
8929aeba997ffff,50.77,6.58
8929aeba99bffff,52.92,5.74
8929aeba9d3ffff,45.76,23.85
8929aeba9d7ffff,52.07,7.43
8929aebac03ffff,55.69,8.7
8929aebac07ffff,56.73,7.78
8929aebac0bffff,55.17,7.22
8929aebac0fffff,56.09,7.15
8929aebac13ffff,53.15,10.64
8929aebac17ffff,54.62,8.03
8929aebac1bffff,53.89,7.96
8929aebac23ffff,54.63,7.61
8929aebac27ffff,54.06,7.65
8929aebac2bffff,53.72,7.36
8929aebac2fffff,51.3,7.53
8929aebac33ffff,55.63,7.68
8929aebac37ffff,53.1,6.86
8929aebac3bffff,55.39,7.39
8929aebac43ffff,54.26,5.62
8929aebac47ffff,54.47,6.17
8929aebac4bffff,55.41,7.84
8929aebac4fffff,55.21,7.67
8929aebac53ffff,53.47,6.45
8929aebac57ffff,53.64,6.28
8929aebac5bffff,53.14,5.87
8929aebac63ffff,54.09,7.15
8929aebac67ffff,54.37,7.17
8929aebac6bffff,53.76,7.59
8929aebac6fffff,52.87,6.99
8929aebac73ffff,54.27,7.38
8929aebac77ffff,54.51,7.46
8929aebac7bffff,53.59,7.51
8929aebac83ffff,50.01,13.34
8929aebac87ffff,49.45,14.57
8929aebac8bffff,54.05,8.91
8929aebac8fffff,50.5,15.93
8929aebac93ffff,52.17,9.96
8929aebac97ffff,48.44,16.52
8929aebac9bffff,52.03,8.11
8929aebaca3ffff,54.23,7.57
8929aebaca7ffff,53.4,8.96
8929aebacabffff,54.07,7.74
8929aebacafffff,55.33,8.08
8929aebacb3ffff,51.13,9.78
8929aebacb7ffff,53.07,7.4
8929aebacbbffff,50.86,11.42
8929aebacc3ffff,55.82,7.75
8929aebacc7ffff,53.86,7.0
8929aebaccbffff,53.61,6.87
8929aebaccfffff,54.33,7.15
8929aebacd3ffff,54.8,7.96
8929aebacd7ffff,51.56,9.18
8929aebacdbffff,53.77,8.59
8929aebad03ffff,52.92,7.51
8929aebad07ffff,53.65,7.06
8929aebad0bffff,53.38,6.91
8929aebad0fffff,53.9,7.11
8929aebad13ffff,55.59,7.55
8929aebad17ffff,53.35,6.98
8929aebad1bffff,54.08,7.14
8929aebad23ffff,54.83,7.9
8929aebad27ffff,51.82,7.78
8929aebad2bffff,54.52,7.89
8929aebad2fffff,51.73,7.29
8929aebad33ffff,55.63,8.03
8929aebad37ffff,54.0,7.78
8929aebad3bffff,54.29,6.99
8929aebad43ffff,52.3,6.88
8929aebad47ffff,53.73,6.18
8929aebad4bffff,53.9,7.42
8929aebad4fffff,52.34,10.46
8929aebad53ffff,52.63,7.33
8929aebad57ffff,53.35,6.71
8929aebad5bffff,51.89,6.83
8929aebad63ffff,52.14,6.87
8929aebad67ffff,53.22,6.06
8929aebad6bffff,48.47,23.13
8929aebad6fffff,53.47,6.06
8929aebad73ffff,53.11,6.76
8929aebad77ffff,53.46,6.8
8929aebad7bffff,51.64,9.47
8929aebad83ffff,56.01,7.16
8929aebad87ffff,55.79,7.53
8929aebad8bffff,55.83,7.35
8929aebad8fffff,55.71,7.93
8929aebad93ffff,56.01,7.5
8929aebad97ffff,55.77,7.75
8929aebad9bffff,55.26,7.48
8929aebada3ffff,55.04,7.97
8929aebada7ffff,53.91,6.79
8929aebadabffff,54.72,7.49
8929aebadafffff,55.1,7.91
8929aebadb3ffff,55.56,8.01
8929aebadb7ffff,54.88,7.71
8929aebadbbffff,55.13,7.91
8929aebadc3ffff,54.2,7.13
8929aebadc7ffff,55.02,6.87
8929aebadcbffff,54.48,7.25
8929aebadcfffff,53.32,6.98
8929aebadd3ffff,54.98,7.54
8929aebadd7ffff,56.5,7.48
8929aebaddbffff,53.85,8.25
8929aebae03ffff,52.55,7.62
8929aebae07ffff,48.11,21.59
8929aebae0bffff,54.07,6.3
8929aebae0fffff,49.18,17.84
8929aebae13ffff,53.81,6.97
8929aebae17ffff,53.35,7.45
8929aebae1bffff,54.47,6.28
8929aebae23ffff,46.87,0.0
8929aebae33ffff,48.73,15.95
8929aebae37ffff,53.68,7.01
8929aebae3bffff,50.65,12.62
8929aebae47ffff,48.44,14.91
8929aebae53ffff,46.32,14.24
8929aebae57ffff,50.59,10.65
8929aebae73ffff,44.04,36.4
8929aebae83ffff,56.49,7.59
8929aebae87ffff,55.92,8.41
8929aebae8bffff,55.26,7.65
8929aebae8fffff,55.13,8.0
8929aebae93ffff,55.62,8.28
8929aebae97ffff,56.85,7.74
8929aebae9bffff,53.84,8.13
8929aebaea3ffff,52.54,7.39
8929aebaea7ffff,53.2,8.08
8929aebaeabffff,53.14,9.33
8929aebaeafffff,49.98,17.5
8929aebaeb3ffff,53.62,7.56
8929aebaeb7ffff,52.02,7.75
8929aebaebbffff,50.9,7.66
8929aebaec3ffff,52.41,11.49
8929aebaec7ffff,54.67,6.89
8929aebaecbffff,46.68,22.76
8929aebaecfffff,53.56,7.94
8929aebaed3ffff,49.65,11.16
8929aebaed7ffff,53.05,7.08
8929aebaedbffff,48.09,26.31
8929aebb123ffff,50.04,8.66
8929aebb127ffff,51.38,8.29
8929aebb12bffff,49.55,7.84
8929aebb12fffff,50.68,7.8
8929aebb14fffff,49.02,8.12
8929aebb163ffff,50.23,7.91
8929aebb167ffff,49.58,8.42
8929aebb16bffff,51.16,8.32
8929aebb16fffff,51.57,9.91
8929aebb173ffff,49.53,7.94
8929aebb177ffff,50.64,8.03
8929aebb17bffff,49.71,8.17
8929aebb3a7ffff,49.33,7.64
8929aebb3b7ffff,50.31,7.67
