id,previous_rank,current_rank,previous_score,current_score,previous_pop,current_pop,previous_ac,current_ac,rank_change
2630,1,1,100.0,100.0,514,514,97.52,97.52,0
2634,2,2,99.5,99.5,522,522,97.51,97.51,0
2636,3,3,98.5,98.5,658,658,97.3,97.3,0
1513,4,4,96.4,96.4,601,601,97.3,97.3,0
1514,5,5,96.4,96.4,599,599,97.15,97.15,0
1518,6,6,95.9,95.9,503,503,97.25,97.25,0
1470,7,7,95.8,95.8,445,445,97.35,97.35,0
1589,8,8,95.8,95.8,620,620,97.3,97.3,0
1591,9,9,95.0,95.0,455,455,97.35,97.35,0
1515,10,10,95.0,95.0,446,446,97.37,97.37,0
1517,11,11,94.1,94.1,635,635,97.34,97.34,0
1605,12,12,92.5,92.5,526,526,97.89,97.89,0
1519,13,13,92.3,92.3,538,538,97.72,97.72,0
1453,14,14,91.5,91.5,335,335,96.9,96.9,0
1694,15,15,90.7,90.7,432,432,97.86,97.86,0
1415,16,16,90.5,90.5,420,420,97.82,97.82,0
1797,17,17,89.7,89.7,457,457,97.9,97.9,0
1789,18,18,89.6,89.6,365,365,97.75,97.75,0
1530,19,19,88.4,88.4,457,457,98.1,98.1,0
1795,20,20,87.9,87.9,451,451,97.9,97.9,0
1785,21,21,87.8,87.8,461,461,97.9,97.9,0
1804,22,22,87.6,87.6,434,434,98.4,98.4,0
1410,23,23,87.2,87.2,337,337,97.94,97.94,0
2632,24,24,86.8,86.8,323,323,97.36,97.36,0
1602,25,25,86.8,86.8,474,474,97.9,97.9,0
2660,26,26,86.0,86.0,332,332,97.58,97.58,0
2722,27,27,85.7,85.7,423,423,98.3,98.3,0
1788,28,28,84.8,84.8,315,315,97.6,97.6,0
2301,29,29,84.2,84.2,468,468,98.9,98.9,0
2382,30,30,84.1,84.1,433,433,98.9,98.9,0
2249,31,31,84.1,84.1,447,447,98.95,98.95,0
1454,32,32,83.5,83.5,368,368,97.09,97.09,0
2664,33,33,83.5,83.5,256,256,97.52,97.52,0
2735,34,34,83.4,83.4,474,474,98.66,98.66,0
1416,35,35,83.4,83.4,376,376,98.1,98.1,0
2726,36,36,83.0,83.0,413,413,98.3,98.3,0
1457,37,37,82.7,82.7,217,217,97.0,97.0,0
1409,38,38,82.6,82.6,261,261,98.04,98.04,0
1524,39,39,82.3,82.3,405,405,97.57,97.57,0
1581,40,40,81.6,81.6,224,224,97.47,97.47,0
1620,41,41,81.4,81.4,371,371,98.4,98.4,0
2739,42,42,81.3,81.3,359,359,98.3,98.3,0
1617,43,43,81.3,81.3,263,263,97.6,97.6,0
1791,44,44,81.1,81.1,294,294,97.84,97.84,0
2554,45,45,81.0,81.0,549,549,99.1,99.1,0
1451,46,46,81.0,81.0,211,211,96.9,96.9,0
2285,47,47,80.8,80.8,506,506,99.0,99.0,0
1616,48,48,80.5,80.5,310,310,97.96,97.96,0
2733,49,49,80.3,80.3,384,384,98.78,98.78,0
1471,50,50,80.2,80.2,295,295,97.45,97.45,0
1526,51,51,80.2,80.2,407,407,98.03,98.03,0
1405,52,52,80.1,80.1,461,461,99.1,99.1,0
1422,53,53,80.0,80.0,529,529,99.1,99.1,0
2744,54,54,79.6,79.6,441,441,99.43,99.43,0
2208,55,55,79.4,79.4,607,607,99.0,99.0,0
1584,56,56,79.3,79.3,225,225,97.46,97.46,0
2204,57,57,78.9,78.9,422,422,99.0,99.0,0
2289,58,58,78.9,78.9,569,569,99.05,99.05,0
2328,59,59,78.8,78.8,420,420,98.9,98.9,0
1452,60,60,78.8,78.8,211,211,96.9,96.9,0
1607,61,61,78.6,78.6,228,228,97.45,97.45,0
1619,62,62,78.3,78.3,223,223,97.3,97.3,0
2741,63,63,78.2,78.2,429,429,99.47,99.47,0
2223,64,64,78.1,78.1,503,503,99.6,99.6,0
2734,65,65,78.1,78.1,318,318,98.3,98.3,0
1603,66,66,78.1,78.1,281,281,97.46,97.46,0
1618,67,67,78.1,78.1,226,226,97.37,97.37,0
2746,68,68,78.0,78.0,447,447,99.4,99.4,0
1432,69,69,78.0,78.0,591,591,99.1,99.1,0
1601,70,70,77.9,77.9,448,448,99.1,99.1,0
1621,71,71,77.8,77.8,365,365,98.5,98.5,0
2262,72,72,77.8,77.8,373,373,98.5,98.5,0
2207,73,73,77.8,77.8,432,432,99.04,99.04,0
1592,74,74,77.7,77.7,226,226,97.36,97.36,0
2742,75,75,77.5,77.5,530,530,99.4,99.4,0
1469,76,76,77.4,77.4,322,322,97.4,97.4,0
1597,77,77,77.4,77.4,437,437,99.1,99.1,0
2265,78,78,77.3,77.3,373,373,98.5,98.5,0
1418,79,79,77.1,77.1,245,245,98.05,98.05,0
2662,80,80,77.0,77.0,322,322,98.1,98.1,0
2251,81,81,77.0,77.0,301,301,98.5,98.5,0
2283,82,82,77.0,77.0,488,488,99.02,99.02,0
2840,83,83,76.7,76.7,293,293,98.3,98.3,0
2561,84,84,76.6,76.6,555,555,98.72,98.72,0
1447,85,85,76.6,76.6,219,219,97.6,97.6,0
2530,86,86,76.4,76.4,447,447,98.7,98.7,0
1790,87,87,76.3,76.3,223,223,97.65,97.65,0
2720,88,88,76.3,76.3,476,476,98.9,98.9,0
1582,89,89,76.1,76.1,229,229,97.4,97.4,0
1606,90,90,76.0,76.0,239,239,97.9,97.9,0
2738,91,91,75.9,75.9,318,318,98.3,98.3,0
2526,92,92,75.8,75.8,543,543,98.75,98.75,0
2286,93,93,75.5,75.5,350,350,99.02,99.02,0
2635,94,94,75.5,75.5,322,322,98.1,98.1,0
1594,95,95,75.5,75.5,229,229,97.4,97.4,0
2267,96,96,75.4,75.4,360,360,98.65,98.65,0
1599,97,97,75.4,75.4,330,330,98.68,98.68,0
2727,98,98,75.0,75.0,532,532,99.15,99.15,0
1596,99,99,74.9,74.9,261,261,97.9,97.9,0
2250,100,100,74.9,74.9,308,308,98.5,98.5,0
1588,101,101,74.7,74.7,291,291,97.35,97.35,0
2226,102,102,74.6,74.6,408,408,99.46,99.46,0
1459,103,103,74.6,74.6,182,182,97.6,97.6,0
1414,104,104,74.5,74.5,238,238,98.1,98.1,0
2365,105,105,74.4,74.4,392,392,99.23,99.23,0
1763,106,106,74.3,74.3,304,304,97.7,97.7,0
2287,107,107,74.1,74.1,425,425,99.3,99.3,0
2375,108,108,74.1,74.1,414,414,99.2,99.2,0
2263,109,109,74.1,74.1,372,372,98.5,98.5,0
1786,110,110,74.0,74.0,228,228,97.7,97.7,0
2808,111,111,74.0,74.0,726,726,99.2,99.2,0
2241,112,112,74.0,74.0,324,324,99.1,99.1,0
1595,113,113,74.0,74.0,350,350,98.68,98.68,0
1593,114,114,73.9,73.9,223,223,97.3,97.3,0
2832,115,115,73.8,73.8,307,307,98.5,98.5,0
1520,116,116,73.7,73.7,364,364,98.5,98.5,0
1439,117,117,73.6,73.6,157,157,97.29,97.29,0
1462,118,118,73.4,73.4,190,190,97.19,97.19,0
2740,119,119,73.4,73.4,294,294,98.3,98.3,0
1420,120,120,73.4,73.4,371,371,99.1,99.1,0
1590,121,121,73.4,73.4,254,254,97.4,97.4,0
1802,122,122,73.3,73.3,346,346,98.25,98.25,0
2202,123,123,73.3,73.3,332,332,99.3,99.3,0
2370,124,124,73.1,73.1,367,367,99.18,99.18,0
2736,125,125,73.1,73.1,232,232,98.45,98.45,0
804,126,126,73.0,73.0,437,437,99.6,99.6,0
2450,127,127,73.0,73.0,439,439,99.5,99.5,0
2224,128,128,72.8,72.8,500,500,99.6,99.6,0
2565,129,129,72.7,72.7,606,606,98.72,98.72,0
1759,130,130,72.7,72.7,261,261,97.7,97.7,0
2452,131,131,72.7,72.7,408,408,99.35,99.35,0
2757,132,132,72.5,72.5,475,475,99.41,99.41,0
2451,133,133,72.5,72.5,405,405,99.18,99.18,0
1542,134,134,72.5,72.5,311,311,99.05,99.05,0
2243,135,135,72.4,72.4,337,337,99.1,99.1,0
2103,136,136,72.4,72.4,482,482,99.45,99.45,0
2833,137,137,72.4,72.4,267,267,98.68,98.68,0
2724,138,138,72.4,72.4,466,466,99.29,99.29,0
2233,139,139,72.4,72.4,431,431,99.2,99.2,0
974,140,140,72.3,72.3,507,507,99.9,99.9,0
2266,141,141,72.3,72.3,342,342,98.98,98.98,0
2845,142,142,72.3,72.3,341,341,99.09,99.09,0
2236,143,143,72.3,72.3,334,334,99.3,99.3,0
2229,144,144,72.2,72.2,298,298,99.42,99.42,0
1456,145,145,72.2,72.2,150,150,97.4,97.4,0
2885,146,146,72.1,72.1,448,448,99.9,99.9,0
3612,147,147,72.1,72.1,458,458,99.7,99.7,0
2279,148,148,72.1,72.1,361,361,99.47,99.47,0
2259,149,149,72.1,72.1,360,360,99.17,99.17,0
2826,150,150,71.9,71.9,324,324,98.25,98.25,0
1793,151,151,71.9,71.9,118,118,97.7,97.7,0
2819,152,152,71.8,71.8,305,305,98.41,98.41,0
2558,153,153,71.4,71.4,602,602,99.1,99.1,0
2369,154,154,71.4,71.4,385,385,99.2,99.2,0
2247,155,155,71.4,71.4,266,266,99.1,99.1,0
2731,156,156,71.3,71.3,595,595,99.3,99.3,0
2728,157,157,71.3,71.3,318,318,98.56,98.56,0
2737,158,158,71.2,71.2,312,312,99.04,99.04,0
2730,159,159,71.2,71.2,293,293,98.3,98.3,0
805,160,160,71.1,71.1,414,414,99.61,99.61,0
2759,161,161,71.1,71.1,380,380,99.5,99.5,0
1400,162,162,71.1,71.1,294,294,99.07,99.07,0
2658,163,163,71.1,71.1,300,300,98.1,98.1,0
2846,164,164,71.1,71.1,523,523,99.67,99.67,0
1799,165,165,71.0,71.0,346,346,98.23,98.23,0
1801,166,166,71.0,71.0,292,292,98.4,98.4,0
2453,167,167,71.0,71.0,467,467,99.5,99.5,0
2825,168,168,70.9,70.9,336,336,98.62,98.62,0
1484,169,169,70.8,70.8,221,221,97.9,97.9,0
2264,170,170,70.7,70.7,373,373,98.79,98.79,0
2569,171,171,70.6,70.6,400,400,99.1,99.1,0
1508,172,172,70.5,70.5,444,444,99.5,99.5,0
2541,173,173,70.4,70.4,444,444,99.3,99.3,0
2231,174,174,70.4,70.4,383,383,99.3,99.3,0
1424,175,175,70.4,70.4,348,348,99.1,99.1,0
2818,176,176,70.4,70.4,202,202,98.4,98.4,0
1598,177,177,70.3,70.3,333,333,98.55,98.55,0
2661,178,178,70.3,70.3,290,290,98.1,98.1,0
2353,179,179,70.3,70.3,337,337,99.67,99.67,0
1525,180,180,70.3,70.3,358,358,98.5,98.5,0
1407,181,181,70.2,70.2,200,200,97.9,97.9,0
2374,182,182,70.1,70.1,380,380,99.2,99.2,0
806,183,183,70.1,70.1,508,508,99.79,99.79,0
1600,184,184,70.0,70.0,197,197,97.9,97.9,0
1516,185,185,70.0,70.0,201,201,97.3,97.3,0
838,186,186,70.0,70.0,399,399,99.21,99.21,0
2291,187,187,70.0,70.0,347,347,98.91,98.91,0
971,188,188,70.0,70.0,487,487,99.9,99.9,0
1586,189,189,69.8,69.8,164,164,97.61,97.61,0
1784,190,190,69.8,69.8,144,144,97.72,97.72,0
2656,191,191,69.8,69.8,438,438,99.3,99.3,0
2718,192,192,69.8,69.8,444,444,99.32,99.32,0
2835,193,193,69.8,69.8,235,235,98.86,98.86,0
976,194,194,69.5,69.5,424,424,99.9,99.9,0
2716,195,195,69.4,69.4,286,286,98.61,98.61,0
848,196,196,69.2,69.2,394,394,99.27,99.27,0
696,197,197,69.2,69.2,506,506,99.9,99.9,0
1832,198,198,69.2,69.2,235,235,99.7,99.7,0
972,199,199,69.2,69.2,506,506,99.9,99.9,0
2806,200,200,69.1,69.1,388,388,99.2,99.2,0
2248,201,201,69.1,69.1,266,266,98.7,98.7,0
2268,202,202,69.1,69.1,358,358,98.92,98.92,0
802,203,203,69.0,69.0,418,418,99.61,99.61,0
1764,204,204,69.0,69.0,133,133,97.72,97.72,0
977,205,205,68.9,68.9,383,383,99.81,99.81,0
2920,206,206,68.8,68.8,684,684,99.9,99.9,0
369,207,207,68.8,68.8,394,394,100.0,100.0,0
2273,208,208,68.8,68.8,280,280,98.5,98.5,0
2631,209,209,68.8,68.8,208,208,98.06,98.06,0
2754,210,210,68.7,68.7,428,428,99.4,99.4,0
767,211,211,68.7,68.7,219,219,99.97,99.97,0
1692,212,212,68.7,68.7,135,135,97.66,97.66,0
2717,213,213,68.7,68.7,380,380,99.33,99.33,0
1455,214,214,68.7,68.7,136,136,97.69,97.69,0
764,215,215,68.6,68.6,302,302,100.0,100.0,0
370,216,216,68.6,68.6,343,343,100.0,100.0,0
2616,217,217,68.6,68.6,350,350,98.32,98.32,0
2650,218,218,68.6,68.6,283,283,98.26,98.26,0
1570,219,219,68.6,68.6,216,216,98.5,98.5,0
1408,220,220,68.5,68.5,166,166,97.9,97.9,0
2227,221,221,68.5,68.5,457,457,99.64,99.64,0
2751,222,222,68.5,68.5,444,444,99.39,99.39,0
982,223,223,68.4,68.4,396,396,99.92,99.92,0
2198,224,224,68.3,68.3,355,355,99.19,99.19,0
2438,225,225,68.3,68.3,274,274,98.52,98.52,0
821,226,226,68.3,68.3,376,376,99.6,99.6,0
2475,227,227,68.3,68.3,374,374,99.8,99.8,0
1541,228,228,68.3,68.3,232,232,98.54,98.54,0
1698,229,229,68.2,68.2,117,117,97.6,97.6,0
119,230,230,68.2,68.2,370,370,99.6,99.6,0
1465,231,231,68.2,68.2,138,138,97.5,97.5,0
2099,232,232,68.2,68.2,469,469,99.5,99.5,0
990,233,233,68.2,68.2,494,494,99.8,99.8,0
2710,234,234,68.2,68.2,368,368,99.3,99.3,0
2415,235,235,68.1,68.1,424,424,99.83,99.83,0
1794,236,236,68.1,68.1,118,118,97.7,97.7,0
1512,237,237,68.1,68.1,284,284,99.2,99.2,0
2272,238,238,68.1,68.1,224,224,99.1,99.1,0
2269,239,239,68.0,68.0,251,251,98.77,98.77,0
2654,240,240,68.0,68.0,290,290,98.79,98.79,0
1958,241,241,68.0,68.0,222,222,99.48,99.48,0
1412,242,242,67.9,67.9,187,187,97.9,97.9,0
2235,243,243,67.8,67.8,378,378,99.32,99.32,0
2743,244,244,67.8,67.8,394,394,99.5,99.5,0
2363,245,245,67.6,67.6,325,325,99.45,99.45,0
2843,246,246,67.6,67.6,527,527,99.7,99.7,0
2804,247,247,67.6,67.6,679,679,99.21,99.21,0
2729,248,248,67.6,67.6,229,229,99.0,99.0,0
1428,249,249,67.5,67.5,336,336,99.1,99.1,0
1622,250,250,67.5,67.5,175,175,98.4,98.4,0
2230,251,251,67.4,67.4,380,380,99.3,99.3,0
1583,252,252,67.4,67.4,200,200,97.9,97.9,0
2302,253,253,67.4,67.4,232,232,98.9,98.9,0
2456,254,254,67.3,67.3,331,331,99.49,99.49,0
1411,255,255,67.2,67.2,190,190,98.04,98.04,0
2203,256,256,67.2,67.2,321,321,99.0,99.0,0
2544,257,257,67.2,67.2,237,237,98.93,98.93,0
2232,258,258,67.2,67.2,334,334,99.3,99.3,0
2651,259,259,67.2,67.2,327,327,99.03,99.03,0
1401,260,260,67.2,67.2,254,254,98.84,98.84,0
2747,261,261,67.1,67.1,384,384,99.5,99.5,0
1796,262,262,67.1,67.1,191,191,97.8,97.8,0
808,263,263,67.0,67.0,461,461,99.67,99.67,0
2245,264,264,67.0,67.0,224,224,99.1,99.1,0
1760,265,265,67.0,67.0,118,118,97.7,97.7,0
1587,266,266,67.0,67.0,182,182,98.02,98.02,0
2712,267,267,66.9,66.9,358,358,99.29,99.29,0
2621,268,268,66.9,66.9,448,448,98.7,98.7,0
2275,269,269,66.8,66.8,392,392,99.15,99.15,0
2653,270,270,66.8,66.8,369,369,98.7,98.7,0
2539,271,271,66.8,66.8,301,301,99.3,99.3,0
768,272,272,66.8,66.8,205,205,100.0,100.0,0
3747,273,273,66.7,66.7,88,88,98.91,98.91,0
2881,274,274,66.7,66.7,643,643,99.9,99.9,0
2807,275,275,66.7,66.7,370,370,99.4,99.4,0
128,276,276,66.7,66.7,330,330,99.73,99.73,0
975,277,277,66.7,66.7,403,403,99.9,99.9,0
2244,278,278,66.6,66.6,337,337,99.1,99.1,0
1474,279,279,66.6,66.6,109,109,97.8,97.8,0
2486,280,280,66.6,66.6,162,162,99.0,99.0,0
2802,281,281,66.6,66.6,648,648,99.2,99.2,0
1437,282,282,66.5,66.5,109,109,97.8,97.8,0
2748,283,283,66.5,66.5,408,408,99.4,99.4,0
2715,284,284,66.5,66.5,263,263,99.18,99.18,0
1404,285,285,66.5,66.5,256,256,99.07,99.07,0
1610,286,286,66.4,66.4,155,155,98.4,98.4,0
978,287,287,66.4,66.4,430,430,99.9,99.9,0
1770,288,288,66.4,66.4,118,118,97.7,97.7,0
2228,289,289,66.4,66.4,502,502,99.6,99.6,0
1403,290,290,66.3,66.3,143,143,97.95,97.95,0
1968,291,291,66.3,66.3,376,376,99.5,99.5,0
2538,292,292,66.3,66.3,346,346,99.27,99.27,0
3936,293,293,66.2,66.2,136,136,100.0,100.0,0
1787,294,294,66.2,66.2,137,137,97.74,97.74,0
2260,295,295,66.2,66.2,310,310,99.36,99.36,0
1528,296,296,66.2,66.2,293,293,98.7,98.7,0
1480,297,297,66.1,66.1,124,124,97.9,97.9,0
2225,298,298,66.1,66.1,230,230,99.59,99.59,0
1001,299,299,66.0,66.0,397,397,99.9,99.9,0
360,300,300,66.0,66.0,263,263,100.0,100.0,0
152,301,301,66.0,66.0,290,290,99.6,99.6,0
2384,302,302,66.0,66.0,438,438,99.9,99.9,0
1479,303,303,65.9,65.9,128,128,97.9,97.9,0
3765,304,304,65.9,65.9,130,130,98.9,98.9,0
1625,305,305,65.9,65.9,229,229,98.5,98.5,0
1417,306,306,65.8,65.8,125,125,97.94,97.94,0
120,307,307,65.7,65.7,357,357,99.6,99.6,0
2619,308,308,65.7,65.7,267,267,98.36,98.36,0
2102,309,309,65.7,65.7,280,280,99.46,99.46,0
2489,310,310,65.7,65.7,162,162,99.0,99.0,0
1769,311,311,65.6,65.6,59,59,96.5,96.5,0
2627,312,312,65.6,65.6,317,317,98.71,98.71,0
3749,313,313,65.6,65.6,133,133,98.9,98.9,0
2206,314,314,65.6,65.6,293,293,99.34,99.34,0
2750,315,315,65.5,65.5,408,408,99.4,99.4,0
770,316,316,65.5,65.5,216,216,99.98,99.98,0
1443,317,317,65.5,65.5,127,127,97.89,97.89,0
2373,318,318,65.5,65.5,395,395,99.24,99.24,0
2416,319,319,65.5,65.5,420,420,99.8,99.8,0
2540,320,320,65.5,65.5,322,322,99.09,99.09,0
1472,321,321,65.4,65.4,109,109,97.8,97.8,0
1461,322,322,65.4,65.4,207,207,98.36,98.36,0
1475,323,323,65.4,65.4,109,109,97.8,97.8,0
2652,324,324,65.4,65.4,397,397,99.3,99.3,0
1509,325,325,65.3,65.3,361,361,99.5,99.5,0
2246,326,326,65.3,65.3,228,228,99.1,99.1,0
973,327,327,65.3,65.3,514,514,99.81,99.81,0
1624,328,328,65.2,65.2,151,151,98.5,98.5,0
2760,329,329,65.2,65.2,391,391,99.5,99.5,0
847,330,330,65.1,65.1,374,374,99.32,99.32,0
986,331,331,65.1,65.1,514,514,99.8,99.8,0
1623,332,332,65.1,65.1,137,137,98.5,98.5,0
1522,333,333,65.0,65.0,272,272,98.5,98.5,0
3763,334,334,65.0,65.0,111,111,98.9,98.9,0
1002,335,335,65.0,65.0,406,406,99.9,99.9,0
2088,336,336,65.0,65.0,462,462,99.7,99.7,0
2098,337,337,65.0,65.0,433,433,99.44,99.44,0
2254,338,338,64.8,64.8,242,242,99.04,99.04,0
1481,339,339,64.8,64.8,128,128,97.9,97.9,0
123,340,340,64.8,64.8,243,243,99.6,99.6,0
2277,341,341,64.8,64.8,295,295,99.5,99.5,0
2714,342,342,64.7,64.7,265,265,99.3,99.3,0
2350,343,343,64.7,64.7,315,315,99.66,99.66,0
2758,344,344,64.6,64.6,378,378,99.32,99.32,0
2442,345,345,64.6,64.6,243,243,98.72,98.72,0
2234,346,346,64.6,64.6,347,347,99.46,99.46,0
2278,347,347,64.6,64.6,230,230,99.13,99.13,0
1629,348,348,64.6,64.6,118,118,98.5,98.5,0
1419,349,349,64.5,64.5,211,211,99.03,99.03,0
3761,350,350,64.5,64.5,122,122,98.9,98.9,0
2663,351,351,64.5,64.5,308,308,98.1,98.1,0
2659,352,352,64.5,64.5,286,286,98.1,98.1,0
2620,353,353,64.4,64.4,301,301,98.27,98.27,0
2090,354,354,64.3,64.3,461,461,99.7,99.7,0
2917,355,355,64.3,64.3,684,684,99.9,99.9,0
839,356,356,64.3,64.3,423,423,99.4,99.4,0
2713,357,357,64.3,64.3,284,284,99.3,99.3,0
1663,358,358,64.2,64.2,473,473,99.9,99.9,0
1464,359,359,64.2,64.2,266,266,98.05,98.05,0
2655,360,360,64.2,64.2,323,323,99.09,99.09,0
2455,361,361,64.2,64.2,301,301,99.04,99.04,0
2753,362,362,64.2,64.2,305,305,99.28,99.28,0
778,363,363,64.2,64.2,348,348,99.62,99.62,0
844,364,364,64.2,64.2,369,369,99.29,99.29,0
1975,365,365,64.1,64.1,27,27,98.4,98.4,0
2443,366,366,64.1,64.1,306,306,99.6,99.6,0
2432,367,367,64.0,64.0,270,270,99.36,99.36,0
1864,368,368,64.0,64.0,299,299,99.5,99.5,0
2100,369,369,64.0,64.0,378,378,99.4,99.4,0
1448,370,370,64.0,64.0,109,109,97.8,97.8,0
1506,371,371,64.0,64.0,337,337,99.43,99.43,0
1739,372,372,64.0,64.0,45,45,96.86,96.86,0
3760,373,373,63.9,63.9,143,143,98.9,98.9,0
1429,374,374,63.9,63.9,283,283,98.73,98.73,0
1767,375,375,63.9,63.9,52,52,96.5,96.5,0
2242,376,376,63.9,63.9,240,240,99.1,99.1,0
1507,377,377,63.8,63.8,391,391,99.5,99.5,0
2288,378,378,63.8,63.8,313,313,99.28,99.28,0
2078,379,379,63.8,63.8,356,356,99.7,99.7,0
1502,380,380,63.6,63.6,239,239,99.09,99.09,0
2145,381,381,63.6,63.6,289,289,99.5,99.5,0
125,382,382,63.5,63.5,221,221,99.38,99.38,0
979,383,383,63.5,63.5,432,432,99.9,99.9,0
1482,384,384,63.4,63.4,128,128,97.9,97.9,0
2104,385,385,63.4,63.4,359,359,99.43,99.43,0
1449,386,386,63.4,63.4,109,109,97.8,97.8,0
2839,387,387,63.4,63.4,204,204,99.12,99.12,0
1440,388,388,63.3,63.3,88,88,97.72,97.72,0
2101,389,389,63.3,63.3,332,332,99.43,99.43,0
143,390,390,63.3,63.3,327,327,99.8,99.8,0
1821,391,391,63.3,63.3,27,27,98.4,98.4,0
124,392,392,63.3,63.3,242,242,99.6,99.6,0
850,393,393,63.2,63.2,310,310,99.2,99.2,0
878,394,394,63.2,63.2,319,319,99.9,99.9,0
2417,395,395,63.2,63.2,438,438,99.9,99.9,0
1836,396,396,63.1,63.1,218,218,99.7,99.7,0
1558,397,397,63.1,63.1,168,168,98.55,98.55,0
1585,398,398,63.0,63.0,106,106,98.27,98.27,0
773,399,399,63.0,63.0,240,240,99.81,99.81,0
2837,400,400,63.0,63.0,188,188,98.6,98.6,0
1413,401,401,62.9,62.9,140,140,97.9,97.9,0
1561,402,402,62.9,62.9,319,319,99.7,99.7,0
2834,403,403,62.9,62.9,366,366,98.9,98.9,0
2649,404,404,62.9,62.9,209,209,98.7,98.7,0
1540,405,405,62.9,62.9,223,223,98.79,98.79,0
2916,406,406,62.8,62.8,373,373,99.9,99.9,0
2446,407,407,62.7,62.7,306,306,99.6,99.6,0
1485,408,408,62.7,62.7,134,134,98.06,98.06,0
2068,409,409,62.7,62.7,352,352,99.42,99.42,0
807,410,410,62.7,62.7,362,362,99.86,99.86,0
2721,411,411,62.7,62.7,363,363,99.32,99.32,0
2270,412,412,62.6,62.6,174,174,99.2,99.2,0
2535,413,413,62.6,62.6,240,240,99.14,99.14,0
139,414,414,62.6,62.6,381,381,99.8,99.8,0
1445,415,415,62.6,62.6,92,92,97.74,97.74,0
817,416,416,62.5,62.5,380,380,99.6,99.6,0
2362,417,417,62.5,62.5,278,278,99.6,99.6,0
694,418,418,62.5,62.5,330,330,99.9,99.9,0
2732,419,419,62.4,62.4,377,377,99.3,99.3,0
2725,420,420,62.4,62.4,532,532,99.39,99.39,0
2477,421,421,62.4,62.4,325,325,99.8,99.8,0
2388,422,422,62.3,62.3,438,438,99.9,99.9,0
1830,423,423,62.3,62.3,27,27,98.4,98.4,0
1807,424,424,62.3,62.3,78,78,98.4,98.4,0
1446,425,425,62.3,62.3,99,99,97.6,97.6,0
2761,426,426,62.3,62.3,380,380,99.5,99.5,0
158,427,427,62.3,62.3,235,235,99.45,99.45,0
2420,428,428,62.2,62.2,391,391,99.8,99.8,0
1444,429,429,62.2,62.2,87,87,97.72,97.72,0
1441,430,430,62.1,62.1,93,93,97.8,97.8,0
2810,431,431,62.1,62.1,321,321,99.57,99.57,0
1824,432,432,62.0,62.0,27,27,98.4,98.4,0
702,433,433,62.0,62.0,477,477,99.8,99.8,0
840,434,434,62.0,62.0,302,302,99.33,99.33,0
724,435,435,62.0,62.0,285,285,99.9,99.9,0
983,436,436,61.9,61.9,432,432,99.9,99.9,0
2756,437,437,61.9,61.9,352,352,99.46,99.46,0
2256,438,438,61.9,61.9,310,310,99.38,99.38,0
2445,439,439,61.8,61.8,325,325,99.6,99.6,0
2379,440,440,61.8,61.8,75,75,98.9,98.9,0
1630,441,441,61.8,61.8,161,161,99.2,99.2,0
3393,442,442,61.7,61.7,446,446,99.7,99.7,0
1700,443,443,61.7,61.7,134,134,96.64,96.64,0
2464,444,444,61.7,61.7,253,253,99.99,99.99,0
3773,445,445,61.7,61.7,95,95,98.9,98.9,0
2252,446,446,61.6,61.6,224,224,99.1,99.1,0
2327,447,447,61.6,61.6,151,151,98.94,98.94,0
1450,448,448,61.6,61.6,86,86,97.71,97.71,0
2512,449,449,61.6,61.6,161,161,99.03,99.03,0
2418,450,450,61.6,61.6,423,423,99.82,99.82,0
846,451,451,61.6,61.6,280,280,99.2,99.2,0
1828,452,452,61.6,61.6,27,27,98.4,98.4,0
1458,453,453,61.5,61.5,203,203,98.37,98.37,0
874,454,454,61.5,61.5,319,319,99.9,99.9,0
765,455,455,61.5,61.5,317,317,100.0,100.0,0
1792,456,456,61.5,61.5,90,90,97.66,97.66,0
1638,457,457,61.5,61.5,247,247,99.2,99.2,0
2274,458,458,61.4,61.4,166,166,98.96,98.96,0
1531,459,459,61.4,61.4,207,207,98.7,98.7,0
2514,460,460,61.4,61.4,162,162,99.0,99.0,0
699,461,461,61.4,61.4,466,466,99.8,99.8,0
2719,462,462,61.4,61.4,260,260,99.3,99.3,0
1218,463,463,61.4,61.4,332,332,100.0,100.0,0
2752,464,464,61.3,61.3,339,339,99.4,99.4,0
1854,465,465,61.3,61.3,267,267,99.47,99.47,0
1659,466,466,61.3,61.3,258,258,99.9,99.9,0
1478,467,467,61.3,61.3,86,86,97.8,97.8,0
2562,468,468,61.3,61.3,147,147,99.2,99.2,0
698,469,469,61.2,61.2,385,385,99.85,99.85,0
142,470,470,61.2,61.2,267,267,99.64,99.64,0
1467,471,471,61.2,61.2,48,48,97.8,97.8,0
679,472,472,61.2,61.2,402,402,99.8,99.8,0
2258,473,473,61.2,61.2,315,315,99.49,99.49,0
2271,474,474,61.2,61.2,224,224,99.1,99.1,0
1827,475,475,61.1,61.1,27,27,98.4,98.4,0
2919,476,476,61.1,61.1,272,272,99.9,99.9,0
3431,477,477,61.0,61.0,377,377,99.9,99.9,0
122,478,478,61.0,61.0,327,327,99.61,99.61,0
1430,479,479,61.0,61.0,324,324,99.1,99.1,0
2371,480,480,60.9,60.9,245,245,99.19,99.19,0
2421,481,481,60.9,60.9,324,324,99.89,99.89,0
1826,482,482,60.9,60.9,27,27,98.4,98.4,0
2253,483,483,60.9,60.9,329,329,99.42,99.42,0
2064,484,484,60.8,60.8,338,338,99.42,99.42,0
132,485,485,60.8,60.8,372,372,99.6,99.6,0
2454,486,486,60.8,60.8,269,269,99.5,99.5,0
1813,487,487,60.8,60.8,27,27,98.4,98.4,0
1945,488,488,60.8,60.8,155,155,100.0,100.0,0
2555,489,489,60.8,60.8,354,354,98.84,98.84,0
1765,490,490,60.7,60.7,223,223,98.34,98.34,0
1354,491,491,60.7,60.7,358,358,99.79,99.79,0
1222,492,492,60.7,60.7,304,304,100.0,100.0,0
3457,493,493,60.7,60.7,339,339,99.9,99.9,0
1556,494,494,60.7,60.7,98,98,98.8,98.8,0
2646,495,495,60.7,60.7,255,255,98.22,98.22,0
1216,496,496,60.7,60.7,324,324,100.0,100.0,0
2284,497,497,60.7,60.7,224,224,99.1,99.1,0
2092,498,498,60.7,60.7,180,180,99.41,99.41,0
2444,499,499,60.7,60.7,297,297,99.58,99.58,0
2841,500,500,60.7,60.7,187,187,99.59,99.59,0
2617,501,501,60.7,60.7,446,446,98.7,98.7,0
2282,502,502,60.7,60.7,199,199,99.15,99.15,0
1473,503,503,60.6,60.6,76,76,97.8,97.8,0
1726,504,504,60.6,60.6,74,74,97.8,97.8,0
2355,505,505,60.6,60.6,75,75,98.9,98.9,0
1819,506,506,60.6,60.6,26,26,98.4,98.4,0
2089,507,507,60.6,60.6,458,458,99.7,99.7,0
1817,508,508,60.5,60.5,27,27,98.4,98.4,0
1963,509,509,60.5,60.5,27,27,98.4,98.4,0
1811,510,510,60.5,60.5,27,27,98.4,98.4,0
1626,511,511,60.5,60.5,158,158,98.35,98.35,0
720,512,512,60.5,60.5,318,318,99.9,99.9,0
825,513,513,60.4,60.4,244,244,99.27,99.27,0
3762,514,514,60.4,60.4,124,124,98.9,98.9,0
2820,515,515,60.4,60.4,154,154,98.4,98.4,0
731,516,516,60.3,60.3,194,194,100.0,100.0,0
2723,517,517,60.3,60.3,285,285,98.73,98.73,0
2367,518,518,60.3,60.3,281,281,99.6,99.6,0
1635,519,519,60.3,60.3,187,187,99.2,99.2,0
893,520,520,60.3,60.3,197,197,99.9,99.9,0
897,521,521,60.3,60.3,200,200,99.9,99.9,0
3764,522,522,60.2,60.2,64,64,98.9,98.9,0
2822,523,523,60.2,60.2,176,176,98.4,98.4,0
2812,524,524,60.2,60.2,236,236,99.11,99.11,0
1829,525,525,60.1,60.1,27,27,98.4,98.4,0
1816,526,526,60.1,60.1,27,27,98.4,98.4,0
2378,527,527,60.1,60.1,75,75,98.9,98.9,0
1723,528,528,60.1,60.1,45,45,97.8,97.8,0
2255,529,529,60.0,60.0,289,289,99.6,99.6,0
1814,530,530,59.9,59.9,27,27,98.4,98.4,0
2366,531,531,59.9,59.9,224,224,99.6,99.6,0
988,532,532,59.9,59.9,373,373,99.78,99.78,0
798,533,533,59.9,59.9,263,263,99.5,99.5,0
1812,534,534,59.8,59.8,27,27,98.4,98.4,0
2633,535,535,59.8,59.8,49,49,97.8,97.8,0
2813,536,536,59.8,59.8,165,165,98.96,98.96,0
2629,537,537,59.8,59.8,120,120,98.83,98.83,0
849,538,538,59.7,59.7,323,323,99.7,99.7,0
2844,539,539,59.7,59.7,262,262,99.47,99.47,0
2842,540,540,59.6,59.6,316,316,99.54,99.54,0
1463,541,541,59.6,59.6,74,74,97.61,97.61,0
1652,542,542,59.6,59.6,167,167,99.19,99.19,0
1825,543,543,59.6,59.6,27,27,98.4,98.4,0
103,544,544,59.6,59.6,299,299,100.0,100.0,0
3766,545,545,59.6,59.6,117,117,98.9,98.9,0
1614,546,546,59.6,59.6,110,110,98.4,98.4,0
3221,547,547,59.6,59.6,261,261,99.87,99.87,0
1976,548,548,59.6,59.6,33,33,98.83,98.83,0
1916,549,549,59.5,59.5,27,27,98.4,98.4,0
1693,550,550,59.5,59.5,72,72,97.63,97.63,0
1521,551,551,59.5,59.5,265,265,98.47,98.47,0
1705,552,552,59.5,59.5,73,73,97.6,97.6,0
1553,553,553,59.5,59.5,129,129,98.64,98.64,0
2549,554,554,59.5,59.5,170,170,99.3,99.3,0
810,555,555,59.5,59.5,407,407,99.8,99.8,0
1696,556,556,59.4,59.4,65,65,97.74,97.74,0
1879,557,557,59.4,59.4,82,82,99.25,99.25,0
2261,558,558,59.4,59.4,289,289,99.6,99.6,0
2784,559,559,59.4,59.4,107,107,99.0,99.0,0
2376,560,560,59.4,59.4,62,62,98.95,98.95,0
1961,561,561,59.3,59.3,27,27,98.4,98.4,0
2108,562,562,59.3,59.3,345,345,99.7,99.7,0
1875,563,563,59.3,59.3,27,27,98.4,98.4,0
3752,564,564,59.3,59.3,44,44,98.9,98.9,0
2431,565,565,59.2,59.2,269,269,99.5,99.5,0
818,566,566,59.2,59.2,263,263,99.6,99.6,0
1483,567,567,59.2,59.2,87,87,97.9,97.9,0
1219,568,568,59.2,59.2,327,327,100.0,100.0,0
1571,569,569,59.2,59.2,353,353,99.7,99.7,0
2344,570,570,59.2,59.2,174,174,99.2,99.2,0
1851,571,571,59.2,59.2,27,27,98.4,98.4,0
1554,572,572,59.2,59.2,111,111,98.75,98.75,0
799,573,573,59.2,59.2,122,122,99.54,99.54,0
3949,574,574,59.2,59.2,81,81,100.0,100.0,0
155,575,575,59.2,59.2,284,284,99.99,99.99,0
2091,576,576,59.2,59.2,130,130,99.0,99.0,0
2066,577,577,59.1,59.1,368,368,99.7,99.7,0
1353,578,578,59.1,59.1,340,340,99.86,99.86,0
2393,579,579,59.1,59.1,313,313,99.82,99.82,0
1135,580,580,59.1,59.1,200,200,99.8,99.8,0
2380,581,581,59.1,59.1,48,48,99.0,99.0,0
2372,582,582,59.1,59.1,152,152,98.95,98.95,0
2745,583,583,59.0,59.0,194,194,99.48,99.48,0
891,584,584,59.0,59.0,319,319,99.9,99.9,0
1806,585,585,59.0,59.0,46,46,98.4,98.4,0
2640,586,586,59.0,59.0,228,228,98.97,98.97,0
127,587,587,59.0,59.0,290,290,99.71,99.71,0
729,588,588,59.0,59.0,205,205,100.0,100.0,0
985,589,589,59.0,59.0,364,364,99.82,99.82,0
2146,590,590,58.9,58.9,274,274,99.5,99.5,0
689,591,591,58.9,58.9,483,483,99.8,99.8,0
3441,592,592,58.9,58.9,429,429,99.9,99.9,0
2449,593,593,58.8,58.8,269,269,99.62,99.62,0
364,594,594,58.8,58.8,394,394,100.0,100.0,0
739,595,595,58.8,58.8,334,334,99.9,99.9,0
1640,596,596,58.8,58.8,194,194,99.2,99.2,0
832,597,597,58.8,58.8,315,315,99.7,99.7,0
1349,598,598,58.7,58.7,345,345,99.7,99.7,0
965,599,599,58.7,58.7,332,332,99.81,99.81,0
1230,600,600,58.7,58.7,384,384,100.0,100.0,0
989,601,601,58.7,58.7,366,366,99.84,99.84,0
2215,602,602,58.7,58.7,132,132,99.0,99.0,0
969,603,603,58.6,58.6,258,258,99.9,99.9,0
2074,604,604,58.6,58.6,260,260,99.4,99.4,0
3945,605,605,58.6,58.6,128,128,100.0,100.0,0
2345,606,606,58.6,58.6,75,75,98.9,98.9,0
3861,607,607,58.6,58.6,95,95,98.9,98.9,0
1442,608,608,58.6,58.6,109,109,97.8,97.8,0
1749,609,609,58.6,58.6,22,22,96.72,96.72,0
837,610,610,58.5,58.5,237,237,99.4,99.4,0
1670,611,611,58.5,58.5,12,12,96.5,96.5,0
1174,612,612,58.5,58.5,193,193,99.94,99.94,0
1501,613,613,58.4,58.4,174,174,99.04,99.04,0
2767,614,614,58.4,58.4,406,406,99.9,99.9,0
967,615,615,58.3,58.3,329,329,99.8,99.8,0
1438,616,616,58.3,58.3,109,109,97.8,97.8,0
2080,617,617,58.3,58.3,244,244,99.7,99.7,0
2352,618,618,58.3,58.3,384,384,99.69,99.69,0
755,619,619,58.3,58.3,198,198,100.0,100.0,0
1808,620,620,58.3,58.3,133,133,98.4,98.4,0
2598,621,621,58.3,58.3,341,341,99.7,99.7,0
2257,622,622,58.2,58.2,289,289,99.6,99.6,0
2547,623,623,58.2,58.2,242,242,99.3,99.3,0
2276,624,624,58.2,58.2,154,154,99.5,99.5,0
2613,625,625,58.1,58.1,128,128,99.11,99.11,0
101,626,626,58.1,58.1,250,250,100.0,100.0,0
801,627,627,58.1,58.1,109,109,99.5,99.5,0
791,628,628,58.1,58.1,109,109,99.51,99.51,0
1855,629,629,58.1,58.1,27,27,98.4,98.4,0
2386,630,630,58.1,58.1,223,223,99.9,99.9,0
2351,631,631,58.1,58.1,75,75,98.9,98.9,0
1720,632,632,58.1,58.1,46,46,97.81,97.81,0
130,633,633,58.1,58.1,329,329,99.6,99.6,0
760,634,634,58.0,58.0,304,304,100.0,100.0,0
1857,635,635,58.0,58.0,27,27,98.4,98.4,0
966,636,636,57.9,57.9,378,378,99.86,99.86,0
800,637,637,57.9,57.9,109,109,99.5,99.5,0
3050,638,638,57.9,57.9,346,346,99.9,99.9,0
1920,639,639,57.8,57.8,27,27,98.4,98.4,0
1697,640,640,57.8,57.8,49,49,97.77,97.77,0
2816,641,641,57.8,57.8,176,176,98.4,98.4,0
997,642,642,57.7,57.7,289,289,99.91,99.91,0
2476,643,643,57.7,57.7,106,106,99.8,99.8,0
1426,644,644,57.6,57.6,321,321,99.1,99.1,0
1612,645,645,57.6,57.6,88,88,98.4,98.4,0
896,646,646,57.6,57.6,157,157,99.9,99.9,0
1654,647,647,57.5,57.5,180,180,99.2,99.2,0
2082,648,648,57.5,57.5,318,318,99.7,99.7,0
1977,649,649,57.5,57.5,34,34,98.9,98.9,0
826,650,650,57.5,57.5,323,323,99.7,99.7,0
2392,651,651,57.5,57.5,274,274,99.9,99.9,0
769,652,652,57.5,57.5,368,368,99.8,99.8,0
2830,653,653,57.5,57.5,345,345,99.7,99.7,0
2387,654,654,57.5,57.5,194,194,99.89,99.89,0
777,655,655,57.5,57.5,199,199,99.67,99.67,0
742,656,656,57.4,57.4,291,291,99.9,99.9,0
1609,657,657,57.4,57.4,56,56,98.4,98.4,0
1699,658,658,57.4,57.4,73,73,97.6,97.6,0
2096,659,659,57.4,57.4,129,129,99.0,99.0,0
2404,660,660,57.4,57.4,225,225,99.71,99.71,0
1957,661,661,57.4,57.4,32,32,98.72,98.72,0
816,662,662,57.3,57.3,273,273,99.6,99.6,0
830,663,663,57.3,57.3,298,298,99.7,99.7,0
1611,664,664,57.3,57.3,78,78,98.42,98.42,0
2406,665,665,57.3,57.3,160,160,99.08,99.08,0
2097,666,666,57.3,57.3,130,130,99.0,99.0,0
126,667,667,57.3,57.3,302,302,99.6,99.6,0
1962,668,668,57.3,57.3,27,27,98.4,98.4,0
1721,669,669,57.2,57.2,248,248,98.95,98.95,0
3579,670,670,57.2,57.2,239,239,99.8,99.8,0
2201,671,671,57.2,57.2,163,163,99.3,99.3,0
138,672,672,57.2,57.2,176,176,99.89,99.89,0
3735,673,673,57.2,57.2,18,18,98.9,98.9,0
690,674,674,57.2,57.2,301,301,99.86,99.86,0
2457,675,675,57.2,57.2,266,266,100.0,100.0,0
779,676,676,57.2,57.2,247,247,99.7,99.7,0
2394,677,677,57.2,57.2,372,372,99.9,99.9,0
3444,678,678,57.2,57.2,412,412,99.9,99.9,0
2358,679,679,57.1,57.1,67,67,98.4,98.4,0
2556,680,680,57.1,57.1,274,274,98.98,98.98,0
1468,681,681,57.1,57.1,53,53,97.8,97.8,0
1423,682,682,57.1,57.1,103,103,98.82,98.82,0
3583,683,683,57.0,57.0,207,207,99.8,99.8,0
685,684,684,57.0,57.0,466,466,99.8,99.8,0
2133,685,685,57.0,57.0,332,332,99.5,99.5,0
1969,686,686,57.0,57.0,222,222,99.5,99.5,0
2081,687,687,57.0,57.0,366,366,99.7,99.7,0
2749,688,688,57.0,57.0,315,315,99.27,99.27,0
2354,689,689,57.0,57.0,75,75,98.9,98.9,0
980,690,690,57.0,57.0,283,283,99.99,99.99,0
916,691,691,57.0,57.0,248,248,99.9,99.9,0
1636,692,692,57.0,57.0,157,157,99.2,99.2,0
2280,693,693,57.0,57.0,109,109,99.5,99.5,0
1673,694,694,57.0,57.0,133,133,97.05,97.05,0
3860,695,695,56.9,56.9,94,94,98.9,98.9,0
2811,696,696,56.9,56.9,144,144,99.07,99.07,0
1669,697,697,56.9,56.9,9,9,96.5,96.5,0
722,698,698,56.9,56.9,147,147,99.9,99.9,0
2711,699,699,56.9,56.9,256,256,99.34,99.34,0
2209,700,700,56.9,56.9,179,179,99.0,99.0,0
1000,701,701,56.8,56.8,280,280,99.9,99.9,0
1355,702,702,56.8,56.8,263,263,99.7,99.7,0
2110,703,703,56.8,56.8,130,130,99.0,99.0,0
1523,704,704,56.8,56.8,139,139,98.5,98.5,0
3428,705,705,56.7,56.7,277,277,100.0,100.0,0
984,706,706,56.7,56.7,280,280,99.99,99.99,0
3044,707,707,56.6,56.6,259,259,99.94,99.94,0
700,708,708,56.6,56.6,482,482,99.8,99.8,0
2218,709,709,56.6,56.6,47,47,99.0,99.0,0
3223,710,710,56.6,56.6,270,270,99.9,99.9,0
964,711,711,56.6,56.6,329,329,99.8,99.8,0
1335,712,712,56.6,56.6,373,373,99.9,99.9,0
1918,713,713,56.6,56.6,27,27,98.4,98.4,0
1326,714,714,56.6,56.6,249,249,99.7,99.7,0
1555,715,715,56.6,56.6,83,83,98.81,98.81,0
2429,716,716,56.6,56.6,187,187,99.57,99.57,0
892,717,717,56.6,56.6,319,319,99.9,99.9,0
2368,718,718,56.6,56.6,189,189,99.53,99.53,0
2511,719,719,56.5,56.5,153,153,99.41,99.41,0
2419,720,720,56.5,56.5,300,300,99.8,99.8,0
1703,721,721,56.5,56.5,95,95,98.32,98.32,0
1352,722,722,56.4,56.4,332,332,99.7,99.7,0
3188,723,723,56.4,56.4,158,158,99.9,99.9,0
834,724,724,56.4,56.4,293,293,99.7,99.7,0
2560,725,725,56.4,56.4,107,107,99.0,99.0,0
687,726,726,56.4,56.4,324,324,99.8,99.8,0
1970,727,727,56.4,56.4,227,227,99.53,99.53,0
2618,728,728,56.3,56.3,301,301,98.1,98.1,0
688,729,729,56.3,56.3,371,371,99.8,99.8,0
2430,730,730,56.3,56.3,201,201,99.54,99.54,0
3433,731,731,56.3,56.3,371,371,99.91,99.91,0
1121,732,732,56.3,56.3,111,111,99.8,99.8,0
1351,733,733,56.2,56.2,298,298,99.7,99.7,0
1921,734,734,56.2,56.2,22,22,98.54,98.54,0
1488,735,735,56.2,56.2,161,161,99.0,99.0,0
2211,736,736,56.2,56.2,45,45,99.0,99.0,0
831,737,737,56.2,56.2,294,294,99.71,99.71,0
745,738,738,56.2,56.2,361,361,99.88,99.88,0
2552,739,739,56.1,56.1,240,240,99.1,99.1,0
1722,740,740,56.1,56.1,73,73,97.8,97.8,0
3582,741,741,56.1,56.1,90,90,99.8,99.8,0
3750,742,742,56.1,56.1,80,80,98.92,98.92,0
3421,743,743,56.1,56.1,379,379,99.9,99.9,0
774,744,744,56.0,56.0,224,224,99.7,99.7,0
1772,745,745,56.0,56.0,102,102,97.7,97.7,0
2831,746,746,56.0,56.0,179,179,99.7,99.7,0
2213,747,747,56.0,56.0,47,47,99.0,99.0,0
2792,748,748,56.0,56.0,331,331,99.78,99.78,0
2094,749,749,56.0,56.0,260,260,99.53,99.53,0
1917,750,750,56.0,56.0,27,27,98.4,98.4,0
887,751,751,56.0,56.0,256,256,99.9,99.9,0
1695,752,752,56.0,56.0,202,202,97.81,97.81,0
2528,753,753,56.0,56.0,177,177,99.12,99.12,0
1330,754,754,56.0,56.0,792,792,99.7,99.7,0
697,755,755,56.0,56.0,343,343,99.8,99.8,0
2551,756,756,55.9,55.9,312,312,99.3,99.3,0
1497,757,757,55.9,55.9,195,195,99.42,99.42,0
3771,758,758,55.9,55.9,95,95,98.9,98.9,0
3734,759,759,55.9,55.9,18,18,98.9,98.9,0
140,760,760,55.9,55.9,107,107,99.8,99.8,0
1500,761,761,55.9,55.9,210,210,99.1,99.1,0
2130,762,762,55.9,55.9,318,318,99.5,99.5,0
1466,763,763,55.9,55.9,45,45,97.8,97.8,0
822,764,764,55.9,55.9,273,273,99.6,99.6,0
3742,765,765,55.9,55.9,18,18,98.9,98.9,0
1213,766,766,55.8,55.8,359,359,100.0,100.0,0
1724,767,767,55.8,55.8,45,45,97.8,97.8,0
2471,768,768,55.8,55.8,153,153,99.8,99.8,0
2545,769,769,55.8,55.8,190,190,99.3,99.3,0
2803,770,770,55.7,55.7,258,258,99.36,99.36,0
1919,771,771,55.7,55.7,25,25,98.45,98.45,0
2567,772,772,55.7,55.7,175,175,99.11,99.11,0
2487,773,773,55.7,55.7,90,90,99.0,99.0,0
3702,774,774,55.7,55.7,18,18,98.9,98.9,0
851,775,775,55.7,55.7,337,337,99.9,99.9,0
1701,776,776,55.7,55.7,73,73,97.6,97.6,0
2281,777,777,55.6,55.6,109,109,99.5,99.5,0
2390,778,778,55.6,55.6,274,274,99.9,99.9,0
2615,779,779,55.6,55.6,257,257,99.57,99.57,0
2776,780,780,55.6,55.6,112,112,99.0,99.0,0
1818,781,781,55.5,55.5,11,11,98.85,98.85,0
1402,782,782,55.5,55.5,52,52,98.11,98.11,0
3737,783,783,55.5,55.5,18,18,98.9,98.9,0
104,784,784,55.5,55.5,247,247,100.0,100.0,0
2564,785,785,55.5,55.5,107,107,99.0,99.0,0
2628,786,786,55.5,55.5,99,99,98.84,98.84,0
895,787,787,55.5,55.5,184,184,99.9,99.9,0
2800,788,788,55.5,55.5,447,447,99.81,99.81,0
856,789,789,55.4,55.4,358,358,99.9,99.9,0
2643,790,790,55.4,55.4,45,45,97.96,97.96,0
2698,791,791,55.4,55.4,186,186,99.35,99.35,0
2639,792,792,55.4,55.4,75,75,98.31,98.31,0
1684,793,793,55.4,55.4,184,184,98.87,98.87,0
3558,794,794,55.4,55.4,74,74,99.8,99.8,0
2548,795,795,55.4,55.4,190,190,99.3,99.3,0
803,796,796,55.4,55.4,248,248,99.8,99.8,0
3548,797,797,55.3,55.3,74,74,99.8,99.8,0
1725,798,798,55.3,55.3,222,222,98.96,98.96,0
970,799,799,55.3,55.3,329,329,99.91,99.91,0
2448,800,800,55.3,55.3,222,222,99.61,99.61,0
1881,801,801,55.2,55.2,27,27,98.4,98.4,0
1862,802,802,55.2,55.2,246,246,99.47,99.47,0
2348,803,803,55.2,55.2,103,103,98.4,98.4,0
1325,804,804,55.2,55.2,324,324,99.81,99.81,0
3732,805,805,55.2,55.2,18,18,98.9,98.9,0
2838,806,806,55.2,55.2,84,84,98.61,98.61,0
3129,807,807,55.2,55.2,297,297,100.0,100.0,0
852,808,808,55.2,55.2,271,271,99.9,99.9,0
1476,809,809,55.1,55.1,48,48,97.8,97.8,0
2787,810,810,55.1,55.1,107,107,99.0,99.0,0
2408,811,811,55.1,55.1,196,196,99.9,99.9,0
1569,812,812,55.1,55.1,60,60,98.5,98.5,0
3493,813,813,55.1,55.1,293,293,99.7,99.7,0
2559,814,814,55.1,55.1,107,107,99.0,99.0,0
2641,815,815,55.1,55.1,68,68,98.18,98.18,0
2794,816,816,55.1,55.1,331,331,99.78,99.78,0
3745,817,817,55.1,55.1,15,15,98.9,98.9,0
2188,818,818,55.1,55.1,198,198,99.77,99.77,0
3707,819,819,55.1,55.1,18,18,98.9,98.9,0
151,820,820,55.1,55.1,289,289,99.99,99.99,0
3432,821,821,55.0,55.0,346,346,99.9,99.9,0
3412,822,822,55.0,55.0,242,242,99.83,99.83,0
1477,823,823,55.0,55.0,62,62,97.8,97.8,0
2331,824,824,55.0,55.0,34,34,99.07,99.07,0
2439,825,825,55.0,55.0,130,130,99.31,99.31,0
2197,826,826,55.0,55.0,171,171,99.3,99.3,0
1914,827,827,55.0,55.0,12,12,99.4,99.4,0
3407,828,828,54.9,54.9,179,179,99.9,99.9,0
701,829,829,54.9,54.9,320,320,99.8,99.8,0
131,830,830,54.9,54.9,296,296,99.62,99.62,0
2303,831,831,54.9,54.9,122,122,98.98,98.98,0
3746,832,832,54.9,54.9,18,18,98.9,98.9,0
3873,833,833,54.9,54.9,14,14,98.9,98.9,0
3730,834,834,54.9,54.9,18,18,98.9,98.9,0
1339,835,835,54.9,54.9,378,378,99.9,99.9,0
1436,836,836,54.8,54.8,57,57,98.8,98.8,0
890,837,837,54.8,54.8,319,319,99.9,99.9,0
845,838,838,54.8,54.8,323,323,99.7,99.7,0
1680,839,839,54.8,54.8,107,107,98.76,98.76,0
2341,840,840,54.8,54.8,75,75,98.9,98.9,0
2396,841,841,54.8,54.8,278,278,99.9,99.9,0
2405,842,842,54.8,54.8,152,152,99.51,99.51,0
2610,843,843,54.7,54.7,337,337,99.7,99.7,0
2425,844,844,54.7,54.7,127,127,99.88,99.88,0
3128,845,845,54.7,54.7,340,340,100.0,100.0,0
153,846,846,54.7,54.7,209,209,99.62,99.62,0
1665,847,847,54.7,54.7,284,284,99.9,99.9,0
2563,848,848,54.7,54.7,107,107,99.0,99.0,0
3886,849,849,54.7,54.7,10,10,99.4,99.4,0
2093,850,850,54.6,54.6,164,164,99.3,99.3,0
1631,851,851,54.6,54.6,126,126,99.2,99.2,0
2779,852,852,54.6,54.6,107,107,99.0,99.0,0
3880,853,853,54.6,54.6,12,12,99.4,99.4,0
787,854,854,54.6,54.6,114,114,99.58,99.58,0
1991,855,855,54.6,54.6,12,12,99.4,99.4,0
365,856,856,54.6,54.6,394,394,100.0,100.0,0
996,857,857,54.6,54.6,179,179,100.0,100.0,0
1608,858,858,54.6,54.6,144,144,97.9,97.9,0
1489,859,859,54.5,54.5,134,134,99.0,99.0,0
2364,860,860,54.5,54.5,173,173,99.43,99.43,0
43,861,861,54.5,54.5,2,2,98.7,98.7,0
1845,862,862,54.5,54.5,226,226,99.7,99.7,0
2329,863,863,54.5,54.5,47,47,99.0,99.0,0
1460,864,864,54.5,54.5,223,223,98.4,98.4,0
2131,865,865,54.4,54.4,286,286,99.27,99.27,0
2359,866,866,54.4,54.4,75,75,98.9,98.9,0
1634,867,867,54.4,54.4,148,148,99.21,99.21,0
836,868,868,54.4,54.4,323,323,99.7,99.7,0
1435,869,869,54.4,54.4,49,49,98.8,98.8,0
776,870,870,54.4,54.4,189,189,99.7,99.7,0
1912,871,871,54.4,54.4,12,12,99.4,99.4,0
1995,872,872,54.4,54.4,12,12,99.4,99.4,0
2389,873,873,54.4,54.4,146,146,99.9,99.9,0
1133,874,874,54.3,54.3,117,117,99.8,99.8,0
3744,875,875,54.3,54.3,16,16,98.9,98.9,0
2402,876,876,54.3,54.3,130,130,99.9,99.9,0
1847,877,877,54.3,54.3,171,171,99.7,99.7,0
89,878,878,54.3,54.3,170,170,100.0,100.0,0
42,879,879,54.3,54.3,2,2,98.7,98.7,0
3443,880,880,54.2,54.2,402,402,99.9,99.9,0
3731,881,881,54.2,54.2,18,18,98.9,98.9,0
3562,882,882,54.2,54.2,120,120,99.86,99.86,0
44,883,883,54.2,54.2,2,2,98.7,98.7,0
1798,884,884,54.2,54.2,162,162,98.4,98.4,0
683,885,885,54.2,54.2,400,400,99.8,99.8,0
723,886,886,54.2,54.2,146,146,99.9,99.9,0
1815,887,887,54.2,54.2,47,47,98.86,98.86,0
3571,888,888,54.2,54.2,141,141,99.8,99.8,0
3458,889,889,54.2,54.2,347,347,99.9,99.9,0
1983,890,890,54.1,54.1,12,12,99.4,99.4,0
981,891,891,54.1,54.1,293,293,99.9,99.9,0
2298,892,892,54.1,54.1,75,75,98.9,98.9,0
815,893,893,54.1,54.1,252,252,99.8,99.8,0
886,894,894,54.1,54.1,313,313,99.9,99.9,0
366,895,895,54.1,54.1,345,345,100.0,100.0,0
2095,896,896,54.1,54.1,124,124,99.0,99.0,0
1992,897,897,54.1,54.1,12,12,99.4,99.4,0
2323,898,898,54.0,54.0,53,53,99.0,99.0,0
2638,899,899,54.0,54.0,226,226,99.0,99.0,0
3522,900,900,54.0,54.0,211,211,99.98,99.98,0
790,901,901,54.0,54.0,107,107,99.61,99.61,0
1157,902,902,54.0,54.0,718,718,99.78,99.78,0
2069,903,903,54.0,54.0,208,208,99.7,99.7,0
1997,904,904,54.0,54.0,12,12,99.4,99.4,0
2463,905,905,54.0,54.0,137,137,99.87,99.87,0
3795,906,906,54.0,54.0,1,1,98.9,98.9,0
2827,907,907,54.0,54.0,128,128,98.8,98.8,0
3729,908,908,53.9,53.9,18,18,98.9,98.9,0
1928,909,909,53.9,53.9,12,12,99.4,99.4,0
1253,910,910,53.9,53.9,307,307,100.0,100.0,0
2829,911,911,53.9,53.9,179,179,99.7,99.7,0
1231,912,912,53.9,53.9,325,325,99.99,99.99,0
1846,913,913,53.9,53.9,170,170,99.7,99.7,0
3706,914,914,53.9,53.9,18,18,98.9,98.9,0
2383,915,915,53.9,53.9,246,246,99.9,99.9,0
1908,916,916,53.9,53.9,12,12,99.4,99.4,0
3563,917,917,53.9,53.9,178,178,99.9,99.9,0
1350,918,918,53.8,53.8,345,345,99.7,99.7,0
754,919,919,53.8,53.8,185,185,100.0,100.0,0
3417,920,920,53.8,53.8,190,190,99.9,99.9,0
1955,921,921,53.8,53.8,52,52,100.0,100.0,0
159,922,922,53.8,53.8,36,36,99.3,99.3,0
3544,923,923,53.8,53.8,74,74,99.8,99.8,0
2516,924,924,53.7,53.7,146,146,99.9,99.9,0
1989,925,925,53.7,53.7,12,12,99.4,99.4,0
3408,926,926,53.7,53.7,207,207,99.8,99.8,0
3808,927,927,53.7,53.7,1,1,98.9,98.9,0
772,928,928,53.7,53.7,119,119,100.0,100.0,0
47,929,929,53.7,53.7,2,2,98.7,98.7,0
2184,930,930,53.7,53.7,93,93,100.0,100.0,0
1985,931,931,53.7,53.7,12,12,99.4,99.4,0
2325,932,932,53.7,53.7,47,47,99.0,99.0,0
2460,933,933,53.7,53.7,243,243,99.98,99.98,0
1026,934,934,53.7,53.7,316,316,100.0,100.0,0
1025,935,935,53.7,53.7,319,319,100.0,100.0,0
2597,936,936,53.6,53.6,365,365,99.7,99.7,0
3741,937,937,53.6,53.6,15,15,98.9,98.9,0
1341,938,938,53.6,53.6,383,383,99.9,99.9,0
2377,939,939,53.6,53.6,75,75,98.9,98.9,0
3733,940,940,53.6,53.6,12,12,98.9,98.9,0
2070,941,941,53.6,53.6,182,182,99.4,99.4,0
2185,942,942,53.6,53.6,87,87,100.0,100.0,0
2611,943,943,53.6,53.6,285,285,99.7,99.7,0
2778,944,944,53.6,53.6,111,111,99.0,99.0,0
2004,945,945,53.6,53.6,12,12,99.4,99.4,0
2107,946,946,53.5,53.5,277,277,99.7,99.7,0
3409,947,947,53.5,53.5,245,245,99.83,99.83,0
1913,948,948,53.5,53.5,12,12,99.4,99.4,0
811,949,949,53.5,53.5,220,220,99.8,99.8,0
2326,950,950,53.5,53.5,116,116,98.95,98.95,0
1340,951,951,53.5,53.5,362,362,99.91,99.91,0
3884,952,952,53.4,53.4,3,3,99.4,99.4,0
45,953,953,53.4,53.4,2,2,98.7,98.7,0
2003,954,954,53.4,53.4,12,12,99.4,99.4,0
1999,955,955,53.4,53.4,7,7,99.4,99.4,0
3708,956,956,53.4,53.4,18,18,98.9,98.9,0
1823,957,957,53.4,53.4,12,12,99.4,99.4,0
2465,958,958,53.4,53.4,188,188,99.77,99.77,0
2083,959,959,53.4,53.4,234,234,99.7,99.7,0
2805,960,960,53.4,53.4,132,132,99.02,99.02,0
368,961,961,53.4,53.4,289,289,100.0,100.0,0
2400,962,962,53.3,53.3,133,133,99.9,99.9,0
2459,963,963,53.3,53.3,111,111,99.81,99.81,0
1996,964,964,53.3,53.3,7,7,99.4,99.4,0
1994,965,965,53.3,53.3,12,12,99.4,99.4,0
2657,966,966,53.3,53.3,235,235,98.7,98.7,0
1899,967,967,53.3,53.3,12,12,99.4,99.4,0
2000,968,968,53.3,53.3,12,12,99.4,99.4,0
2381,969,969,53.3,53.3,47,47,99.0,99.0,0
48,970,970,53.3,53.3,2,2,98.7,98.7,0
737,971,971,53.3,53.3,302,302,100.0,100.0,0
1932,972,972,53.3,53.3,52,52,100.0,100.0,0
1045,973,973,53.3,53.3,317,317,100.0,100.0,0
2791,974,974,53.2,53.2,343,343,99.9,99.9,0
1993,975,975,53.2,53.2,12,12,99.4,99.4,0
2623,976,976,53.2,53.2,45,45,99.0,99.0,0
2075,977,977,53.2,53.2,112,112,99.4,99.4,0
2472,978,978,53.2,53.2,106,106,99.8,99.8,0
1883,979,979,53.2,53.2,31,31,98.7,98.7,0
1243,980,980,53.2,53.2,312,312,100.0,100.0,0
2347,981,981,53.2,53.2,41,41,98.4,98.4,0
157,982,982,53.1,53.1,88,88,99.3,99.3,0
4034,983,983,53.1,53.1,1,1,98.9,98.9,0
1425,984,984,53.1,53.1,98,98,98.8,98.8,0
3875,985,985,53.1,53.1,12,12,99.4,99.4,0
3797,986,986,53.1,53.1,1,1,98.9,98.9,0
820,987,987,53.0,53.0,249,249,99.63,99.63,0
2339,988,988,53.0,53.0,71,71,99.05,99.05,0
2319,989,989,53.0,53.0,31,31,99.05,99.05,0
3416,990,990,53.0,53.0,195,195,99.9,99.9,0
1942,991,991,53.0,53.0,52,52,100.0,100.0,0
2186,992,992,53.0,53.0,93,93,100.0,100.0,0
703,993,993,53.0,53.0,312,312,99.8,99.8,0
2238,994,994,53.0,53.0,100,100,99.0,99.0,0
3542,995,995,53.0,53.0,72,72,99.8,99.8,0
2073,996,996,53.0,53.0,157,157,99.46,99.46,0
2079,997,997,53.0,53.0,239,239,99.7,99.7,0
741,998,998,53.0,53.0,340,340,99.9,99.9,0
211,999,999,53.0,53.0,1,1,98.7,98.7,0
210,1000,1000,53.0,53.0,2,2,98.7,98.7,0
2461,1001,1001,52.9,52.9,268,268,100.0,100.0,0
899,1002,1002,52.9,52.9,198,198,99.9,99.9,0
3046,1003,1003,52.9,52.9,315,315,99.94,99.94,0
744,1004,1004,52.9,52.9,175,175,99.99,99.99,0
761,1005,1005,52.9,52.9,317,317,100.0,100.0,0
1998,1006,1006,52.9,52.9,8,8,99.4,99.4,0
1820,1007,1007,52.9,52.9,12,12,99.3,99.3,0
1838,1008,1008,52.9,52.9,6,6,99.4,99.4,0
2077,1009,1009,52.9,52.9,312,312,99.7,99.7,0
1990,1010,1010,52.9,52.9,12,12,99.4,99.4,0
775,1011,1011,52.9,52.9,193,193,99.7,99.7,0
3133,1012,1012,52.9,52.9,289,289,100.0,100.0,0
1876,1013,1013,52.9,52.9,27,27,98.4,98.4,0
2330,1014,1014,52.9,52.9,47,47,99.0,99.0,0
1892,1015,1015,52.8,52.8,46,46,99.67,99.67,0
3772,1016,1016,52.8,52.8,76,76,98.93,98.93,0
4010,1017,1017,52.8,52.8,1,1,98.9,98.9,0
2537,1018,1018,52.8,52.8,133,133,99.3,99.3,0
888,1019,1019,52.8,52.8,240,240,99.9,99.9,0
1010,1020,1020,52.8,52.8,299,299,100.0,100.0,0
3303,1021,1021,52.8,52.8,111,111,99.95,99.95,0
219,1022,1022,52.8,52.8,2,2,98.7,98.7,0
3856,1023,1023,52.8,52.8,60,60,98.9,98.9,0
1909,1024,1024,52.8,52.8,12,12,99.4,99.4,0
1837,1025,1025,52.8,52.8,6,6,99.4,99.4,0
367,1026,1026,52.8,52.8,357,357,100.0,100.0,0
814,1027,1027,52.7,52.7,331,331,99.8,99.8,0
1934,1028,1028,52.7,52.7,52,52,100.0,100.0,0
121,1029,1029,52.7,52.7,119,119,99.61,99.61,0
3176,1030,1030,52.7,52.7,82,82,100.0,100.0,0
2488,1031,1031,52.7,52.7,83,83,99.0,99.0,0
750,1032,1032,52.7,52.7,160,160,100.0,100.0,0
3862,1033,1033,52.7,52.7,58,58,98.9,98.9,0
795,1034,1034,52.6,52.6,109,109,99.5,99.5,0
3131,1035,1035,52.6,52.6,346,346,100.0,100.0,0
2828,1036,1036,52.6,52.6,191,191,99.46,99.46,0
2023,1037,1037,52.6,52.6,93,93,100.0,100.0,0
1658,1038,1038,52.6,52.6,96,96,99.23,99.23,0
1822,1039,1039,52.6,52.6,5,5,99.4,99.4,0
1926,1040,1040,52.6,52.6,9,9,99.4,99.4,0
1334,1041,1041,52.6,52.6,578,578,99.7,99.7,0
796,1042,1042,52.6,52.6,109,109,99.5,99.5,0
3740,1043,1043,52.6,52.6,18,18,98.9,98.9,0
2764,1044,1044,52.6,52.6,171,171,99.38,99.38,0
2222,1045,1045,52.6,52.6,47,47,99.0,99.0,0
2458,1046,1046,52.6,52.6,268,268,100.0,100.0,0
1323,1047,1047,52.6,52.6,352,352,99.9,99.9,0
763,1048,1048,52.5,52.5,300,300,100.0,100.0,0
1643,1049,1049,52.5,52.5,147,147,99.2,99.2,0
1987,1050,1050,52.5,52.5,7,7,99.4,99.4,0
2824,1051,1051,52.5,52.5,108,108,98.49,98.49,0
141,1052,1052,52.5,52.5,91,91,99.8,99.8,0
3817,1053,1053,52.5,52.5,1,1,98.9,98.9,0
2065,1054,1054,52.4,52.4,212,212,99.7,99.7,0
1771,1055,1055,52.4,52.4,136,136,97.24,97.24,0
3427,1056,1056,52.4,52.4,320,320,99.95,99.95,0
718,1057,1057,52.4,52.4,147,147,99.9,99.9,0
1863,1058,1058,52.4,52.4,180,180,99.69,99.69,0
3879,1059,1059,52.4,52.4,12,12,99.4,99.4,0
3130,1060,1060,52.4,52.4,328,328,99.98,99.98,0
2821,1061,1061,52.4,52.4,75,75,98.4,98.4,0
3492,1062,1062,52.4,52.4,206,206,99.7,99.7,0
3935,1063,1063,52.4,52.4,145,145,100.0,100.0,0
3872,1064,1064,52.4,52.4,3,3,98.9,98.9,0
2574,1065,1065,52.3,52.3,344,344,99.7,99.7,0
2132,1066,1066,52.3,52.3,260,260,99.5,99.5,0
2508,1067,1067,52.3,52.3,2,2,98.7,98.7,0
4006,1068,1068,52.3,52.3,1,1,98.9,98.9,0
1973,1069,1069,52.3,52.3,52,52,100.0,100.0,0
1974,1070,1070,52.3,52.3,52,52,100.0,100.0,0
2212,1071,1071,52.3,52.3,47,47,99.0,99.0,0
3580,1072,1072,52.3,52.3,191,191,99.8,99.8,0
751,1073,1073,52.2,52.2,189,189,99.94,99.94,0
3877,1074,1074,52.2,52.2,9,9,99.4,99.4,0
3456,1075,1075,52.2,52.2,293,293,99.9,99.9,0
2076,1076,1076,52.2,52.2,207,207,99.44,99.44,0
3400,1077,1077,52.2,52.2,363,363,100.0,100.0,0
695,1078,1078,52.2,52.2,147,147,99.9,99.9,0
3533,1079,1079,52.2,52.2,363,363,99.91,99.91,0
3554,1080,1080,52.2,52.2,74,74,99.8,99.8,0
1982,1081,1081,52.1,52.1,12,12,99.4,99.4,0
3677,1082,1082,52.1,52.1,1,1,98.9,98.9,0
3786,1083,1083,52.1,52.1,15,15,98.9,98.9,0
1984,1084,1084,52.1,52.1,7,7,99.4,99.4,0
1235,1085,1085,52.1,52.1,290,290,100.0,100.0,0
3728,1086,1086,52.1,52.1,17,17,98.9,98.9,0
1922,1087,1087,52.1,52.1,12,12,99.4,99.4,0
1988,1088,1088,52.0,52.0,4,4,99.4,99.4,0
3724,1089,1089,52.0,52.0,17,17,98.9,98.9,0
102,1090,1090,52.0,52.0,179,179,100.0,100.0,0
223,1091,1091,52.0,52.0,1,1,98.7,98.7,0
3799,1092,1092,52.0,52.0,1,1,98.9,98.9,0
3819,1093,1093,51.9,51.9,1,1,98.9,98.9,0
3717,1094,1094,51.9,51.9,16,16,98.9,98.9,0
2219,1095,1095,51.9,51.9,47,47,99.0,99.0,0
1209,1096,1096,51.9,51.9,386,386,100.0,100.0,0
1935,1097,1097,51.9,51.9,52,52,100.0,100.0,0
2612,1098,1098,51.9,51.9,316,316,99.7,99.7,0
3874,1099,1099,51.9,51.9,8,8,99.4,99.4,0
2918,1100,1100,51.9,51.9,270,270,99.9,99.9,0
135,1101,1101,51.9,51.9,247,247,99.8,99.8,0
2470,1102,1102,51.9,51.9,268,268,100.0,100.0,0
1915,1103,1103,51.9,51.9,27,27,98.4,98.4,0
809,1104,1104,51.9,51.9,299,299,99.8,99.8,0
137,1105,1105,51.8,51.8,98,98,99.8,99.8,0
2084,1106,1106,51.8,51.8,369,369,99.72,99.72,0
3406,1107,1107,51.8,51.8,115,115,99.87,99.87,0
2462,1108,1108,51.8,51.8,268,268,100.0,100.0,0
3871,1109,1109,51.8,51.8,3,3,98.9,98.9,0
1336,1110,1110,51.8,51.8,339,339,99.91,99.91,0
3298,1111,1111,51.8,51.8,71,71,99.9,99.9,0
1844,1112,1112,51.8,51.8,176,176,99.7,99.7,0
1948,1113,1113,51.8,51.8,52,52,100.0,100.0,0
1859,1114,1114,51.8,51.8,163,163,99.71,99.71,0
2468,1115,1115,51.8,51.8,255,255,99.99,99.99,0
743,1116,1116,51.8,51.8,362,362,99.83,99.83,0
3499,1117,1117,51.8,51.8,178,178,99.9,99.9,0
90,1118,1118,51.8,51.8,303,303,99.91,99.91,0
1327,1119,1119,51.8,51.8,348,348,99.88,99.88,0
1929,1120,1120,51.7,51.7,52,52,100.0,100.0,0
2524,1121,1121,51.7,51.7,2,2,98.7,98.7,0
1657,1122,1122,51.7,51.7,47,47,98.97,98.97,0
3718,1123,1123,51.7,51.7,1,1,98.9,98.9,0
4013,1124,1124,51.7,51.7,1,1,98.9,98.9,0
3546,1125,1125,51.7,51.7,103,103,99.8,99.8,0
691,1126,1126,51.7,51.7,300,300,99.8,99.8,0
797,1127,1127,51.7,51.7,129,129,99.5,99.5,0
287,1128,1128,51.7,51.7,2,2,98.7,98.7,0
3787,1129,1129,51.7,51.7,10,10,98.9,98.9,0
2542,1130,1130,51.7,51.7,84,84,99.2,99.2,0
1672,1131,1131,51.7,51.7,12,12,96.5,96.5,0
3883,1132,1132,51.7,51.7,3,3,98.9,98.9,0
678,1133,1133,51.7,51.7,196,196,99.85,99.85,0
3510,1134,1134,51.7,51.7,231,231,99.9,99.9,0
1924,1135,1135,51.7,51.7,12,12,99.4,99.4,0
3815,1136,1136,51.7,51.7,1,1,98.9,98.9,0
2642,1137,1137,51.6,51.6,45,45,99.0,99.0,0
3777,1138,1138,51.6,51.6,9,9,99.4,99.4,0
2766,1139,1139,51.6,51.6,252,252,99.9,99.9,0
4036,1140,1140,51.6,51.6,1,1,98.9,98.9,0
2817,1141,1141,51.6,51.6,92,92,98.48,98.48,0
27,1142,1142,51.6,51.6,2,2,98.7,98.7,0
2436,1143,1143,51.6,51.6,107,107,99.67,99.67,0
1971,1144,1144,51.6,51.6,48,48,99.79,99.79,0
3803,1145,1145,51.6,51.6,1,1,98.9,98.9,0
1943,1146,1146,51.6,51.6,94,94,100.0,100.0,0
1337,1147,1147,51.6,51.6,358,358,99.81,99.81,0
1930,1148,1148,51.6,51.6,52,52,100.0,100.0,0
3513,1149,1149,51.6,51.6,351,351,99.9,99.9,0
2398,1150,1150,51.6,51.6,142,142,99.9,99.9,0
1900,1151,1151,51.6,51.6,12,12,99.4,99.4,0
2297,1152,1152,51.5,51.5,56,56,98.98,98.98,0
833,1153,1153,51.5,51.5,309,309,99.77,99.77,0
3725,1154,1154,51.5,51.5,18,18,98.9,98.9,0
146,1155,1155,51.5,51.5,111,111,99.62,99.62,0
3704,1156,1156,51.5,51.5,18,18,98.9,98.9,0
1925,1157,1157,51.5,51.5,12,12,99.4,99.4,0
2536,1158,1158,51.5,51.5,226,226,99.7,99.7,0
2485,1159,1159,51.5,51.5,86,86,99.0,99.0,0
999,1160,1160,51.5,51.5,279,279,99.9,99.9,0
3739,1161,1161,51.5,51.5,4,4,98.9,98.9,0
2437,1162,1162,51.4,51.4,116,116,99.68,99.68,0
2191,1163,1163,51.4,51.4,170,170,100.0,100.0,0
2777,1164,1164,51.4,51.4,116,116,99.0,99.0,0
1894,1165,1165,51.4,51.4,12,12,99.4,99.4,0
835,1166,1166,51.4,51.4,292,292,99.7,99.7,0
721,1167,1167,51.4,51.4,147,147,99.9,99.9,0
1322,1168,1168,51.4,51.4,249,249,99.7,99.7,0
1324,1169,1169,51.4,51.4,337,337,99.84,99.84,0
2428,1170,1170,51.4,51.4,18,18,99.3,99.3,0
3134,1171,1171,51.4,51.4,324,324,99.97,99.97,0
3238,1172,1172,51.4,51.4,115,115,99.9,99.9,0
255,1173,1173,51.3,51.3,2,2,98.7,98.7,0
3405,1174,1174,51.3,51.3,145,145,99.9,99.9,0
2523,1175,1175,51.3,51.3,2,2,98.7,98.7,0
3882,1176,1176,51.3,51.3,5,5,98.9,98.9,0
1005,1177,1177,51.3,51.3,196,196,99.91,99.91,0
1898,1178,1178,51.3,51.3,12,12,99.4,99.4,0
3767,1179,1179,51.3,51.3,95,95,98.9,98.9,0
843,1180,1180,51.2,51.2,110,110,99.4,99.4,0
869,1181,1181,51.2,51.2,218,218,99.8,99.8,0
1972,1182,1182,51.2,51.2,52,52,100.0,100.0,0
1681,1183,1183,51.2,51.2,140,140,99.0,99.0,0
1089,1184,1184,51.2,51.2,124,124,99.93,99.93,0
3881,1185,1185,51.2,51.2,9,9,99.4,99.4,0
780,1186,1186,51.2,51.2,188,188,99.7,99.7,0
1505,1187,1187,51.2,51.2,106,106,98.94,98.94,0
359,1188,1188,51.2,51.2,122,122,100.0,100.0,0
1527,1189,1189,51.1,51.1,77,77,98.7,98.7,0
3816,1190,1190,51.1,51.1,1,1,98.9,98.9,0
3721,1191,1191,51.1,51.1,16,16,98.9,98.9,0
3806,1192,1192,51.1,51.1,1,1,98.9,98.9,0
3581,1193,1193,51.1,51.1,87,87,99.81,99.81,0
3572,1194,1194,51.1,51.1,141,141,99.8,99.8,0
3442,1195,1195,51.1,51.1,330,330,99.96,99.96,0
1931,1196,1196,51.0,51.0,52,52,100.0,100.0,0
2106,1197,1197,51.0,51.0,214,214,99.66,99.66,0
251,1198,1198,51.0,51.0,2,2,98.7,98.7,0
254,1199,1199,51.0,51.0,2,2,98.7,98.7,0
3194,1200,1200,51.0,51.0,149,149,99.9,99.9,0
3659,1201,1201,51.0,51.0,1,1,98.9,98.9,0
1211,1202,1202,51.0,51.0,376,376,100.0,100.0,0
1853,1203,1203,51.0,51.0,71,71,99.14,99.14,0
740,1204,1204,51.0,51.0,165,165,99.99,99.99,0
1834,1205,1205,51.0,51.0,196,196,99.65,99.65,0
733,1206,1206,51.0,51.0,275,275,99.99,99.99,0
794,1207,1207,51.0,51.0,106,106,99.7,99.7,0
3756,1208,1208,51.0,51.0,11,11,100.0,100.0,0
3876,1209,1209,51.0,51.0,12,12,99.4,99.4,0
2762,1210,1210,51.0,51.0,260,260,99.9,99.9,0
1565,1211,1211,50.9,50.9,125,125,99.52,99.52,0
1008,1212,1212,50.9,50.9,299,299,99.99,99.99,0
2609,1213,1213,50.9,50.9,316,316,99.7,99.7,0
177,1214,1214,50.9,50.9,2,2,98.7,98.7,0
3736,1215,1215,50.9,50.9,4,4,98.9,98.9,0
3390,1216,1216,50.9,50.9,254,254,99.89,99.89,0
1959,1217,1217,50.9,50.9,47,47,99.7,99.7,0
3141,1218,1218,50.9,50.9,260,260,100.0,100.0,0
2645,1219,1219,50.9,50.9,211,211,98.7,98.7,0
129,1220,1220,50.9,50.9,272,272,99.94,99.94,0
3769,1221,1221,50.9,50.9,95,95,98.9,98.9,0
3809,1222,1222,50.9,50.9,1,1,98.9,98.9,0
789,1223,1223,50.8,50.8,107,107,99.63,99.63,0
3870,1224,1224,50.8,50.8,1,1,98.9,98.9,0
3410,1225,1225,50.8,50.8,195,195,99.84,99.84,0
1661,1226,1226,50.8,50.8,177,177,99.86,99.86,0
1321,1227,1227,50.8,50.8,335,335,99.85,99.85,0
855,1228,1228,50.8,50.8,357,357,99.88,99.88,0
1803,1229,1229,50.8,50.8,52,52,98.4,98.4,0
107,1230,1230,50.8,50.8,183,183,100.0,100.0,0
2029,1231,1231,50.8,50.8,93,93,100.0,100.0,0
3683,1232,1232,50.7,50.7,1,1,98.9,98.9,0
1536,1233,1233,50.7,50.7,12,12,99.7,99.7,0
3564,1234,1234,50.7,50.7,74,74,99.8,99.8,0
23,1235,1235,50.7,50.7,2,2,98.7,98.7,0
3719,1236,1236,50.7,50.7,1,1,98.9,98.9,0
3813,1237,1237,50.7,50.7,1,1,98.9,98.9,0
3541,1238,1238,50.7,50.7,293,293,99.98,99.98,0
4038,1239,1239,50.7,50.7,1,1,98.93,98.93,0
1128,1240,1240,50.7,50.7,189,189,99.72,99.72,0
2607,1241,1241,50.7,50.7,192,192,99.71,99.71,0
1856,1242,1242,50.7,50.7,27,27,98.4,98.4,0
1877,1243,1243,50.7,50.7,118,118,99.64,99.64,0
824,1244,1244,50.7,50.7,158,158,99.7,99.7,0
1257,1245,1245,50.7,50.7,317,317,100.0,100.0,0
1938,1246,1246,50.6,50.6,34,34,100.0,100.0,0
2002,1247,1247,50.6,50.6,6,6,99.4,99.4,0
1895,1248,1248,50.6,50.6,12,12,99.4,99.4,0
1805,1249,1249,50.6,50.6,20,20,98.4,98.4,0
2441,1250,1250,50.6,50.6,136,136,99.66,99.66,0
1662,1251,1251,50.6,50.6,82,82,99.44,99.44,0
2128,1252,1252,50.6,50.6,230,230,99.42,99.42,0
1873,1253,1253,50.6,50.6,27,27,98.4,98.4,0
2637,1254,1254,50.6,50.6,123,123,99.0,99.0,0
3885,1255,1255,50.6,50.6,4,4,99.4,99.4,0
3652,1256,1256,50.6,50.6,1,1,98.9,98.9,0
3663,1257,1257,50.5,50.5,1,1,98.9,98.9,0
2520,1258,1258,50.5,50.5,2,2,98.7,98.7,0
2550,1259,1259,50.5,50.5,133,133,99.3,99.3,0
3566,1260,1260,50.5,50.5,74,74,99.8,99.8,0
2513,1261,1261,50.5,50.5,86,86,99.05,99.05,0
2385,1262,1262,50.5,50.5,146,146,99.9,99.9,0
1885,1263,1263,50.5,50.5,18,18,98.7,98.7,0
286,1264,1264,50.5,50.5,2,2,98.7,98.7,0
2799,1265,1265,50.4,50.4,351,351,99.9,99.9,0
29,1266,1266,50.4,50.4,2,2,98.7,98.7,0
1251,1267,1267,50.4,50.4,312,312,100.0,100.0,0
2814,1268,1268,50.4,50.4,61,61,98.78,98.78,0
181,1269,1269,50.4,50.4,2,2,98.7,98.7,0
3114,1270,1270,50.4,50.4,130,130,99.9,99.9,0
1532,1271,1271,50.4,50.4,11,11,99.7,99.7,0
2407,1272,1272,50.4,50.4,146,146,99.9,99.9,0
2648,1273,1273,50.4,50.4,61,61,98.7,98.7,0
2340,1274,1274,50.3,50.3,72,72,99.09,99.09,0
1768,1275,1275,50.3,50.3,32,32,96.97,96.97,0
2027,1276,1276,50.3,50.3,93,93,100.0,100.0,0
213,1277,1277,50.3,50.3,16,16,99.3,99.3,0
390,1278,1278,50.3,50.3,63,63,100.0,100.0,0
2788,1279,1279,50.3,50.3,342,342,99.9,99.9,0
2356,1280,1280,50.3,50.3,135,135,99.43,99.43,0
3801,1281,1281,50.3,50.3,1,1,98.9,98.9,0
1252,1282,1282,50.2,50.2,317,317,100.0,100.0,0
1180,1283,1283,50.2,50.2,141,141,99.8,99.8,0
752,1284,1284,50.2,50.2,193,193,99.93,99.93,0
1852,1285,1285,50.2,50.2,65,65,99.09,99.09,0
2072,1286,1286,50.2,50.2,204,204,99.43,99.43,0
3937,1287,1287,50.2,50.2,116,116,100.0,100.0,0
259,1288,1288,50.2,50.2,1,1,98.7,98.7,0
297,1289,1289,50.2,50.2,2,2,98.7,98.7,0
285,1290,1290,50.2,50.2,2,2,98.7,98.7,0
4024,1291,1291,50.2,50.2,11,11,100.0,100.0,0
1079,1292,1292,50.1,50.1,152,152,99.98,99.98,0
2780,1293,1293,50.1,50.1,119,119,99.0,99.0,0
2300,1294,1294,50.1,50.1,57,57,98.97,98.97,0
3878,1295,1295,50.1,50.1,12,12,99.4,99.4,0
2028,1296,1296,50.1,50.1,93,93,100.0,100.0,0
793,1297,1297,50.1,50.1,106,106,99.7,99.7,0
3867,1298,1298,50.1,50.1,17,17,98.9,98.9,0
1615,1299,1299,50.1,50.1,5,5,98.4,98.4,0
766,1300,1300,50.0,50.0,205,205,100.0,100.0,0
993,1301,1301,50.0,50.0,196,196,99.91,99.91,0
3778,1302,1302,50.0,50.0,12,12,99.4,99.4,0
3939,1303,1303,50.0,50.0,278,278,100.0,100.0,0
3800,1304,1304,50.0,50.0,1,1,98.9,98.9,0
693,1305,1305,50.0,50.0,291,291,99.8,99.8,0
3210,1306,1306,50.0,50.0,61,61,100.0,100.0,0
4033,1307,1307,50.0,50.0,1,1,98.9,98.9,0
1562,1308,1308,50.0,50.0,12,12,99.7,99.7,0
2409,1309,1309,50.0,50.0,146,146,99.9,99.9,0
1893,1310,1310,50.0,50.0,45,45,99.58,99.58,0
3907,1311,1311,50.0,50.0,11,11,100.0,100.0,0
3768,1312,1312,50.0,50.0,51,51,98.99,98.99,0
2509,1313,1313,50.0,50.0,1,1,98.7,98.7,0
236,1314,1314,50.0,50.0,2,2,98.7,98.7,0
1236,1315,1315,49.9,49.9,264,264,100.0,100.0,0
1869,1316,1316,49.9,49.9,231,231,99.8,99.8,0
2216,1317,1317,49.9,49.9,42,42,99.0,99.0,0
173,1318,1318,49.9,49.9,2,2,98.7,98.7,0
2360,1319,1319,49.9,49.9,20,20,98.87,98.87,0
4004,1320,1320,49.9,49.9,1,1,98.9,98.9,0
88,1321,1321,49.9,49.9,278,278,99.9,99.9,0
3807,1322,1322,49.9,49.9,1,1,98.9,98.9,0
3420,1323,1323,49.9,49.9,270,270,99.9,99.9,0
1348,1324,1324,49.9,49.9,330,330,99.92,99.92,0
2434,1325,1325,49.9,49.9,210,210,99.96,99.96,0
2422,1326,1326,49.8,49.8,18,18,99.3,99.3,0
240,1327,1327,49.8,49.8,2,2,98.7,98.7,0
2587,1328,1328,49.8,49.8,281,281,99.7,99.7,0
1199,1329,1329,49.8,49.8,107,107,99.91,99.91,0
2433,1330,1330,49.8,49.8,106,106,99.8,99.8,0
3868,1331,1331,49.8,49.8,18,18,98.9,98.9,0
1254,1332,1332,49.8,49.8,319,319,100.0,100.0,0
266,1333,1333,49.8,49.8,2,2,98.7,98.7,0
1897,1334,1334,49.8,49.8,12,12,99.4,99.4,0
1427,1335,1335,49.7,49.7,175,175,98.76,98.76,0
2200,1336,1336,49.7,49.7,53,53,99.1,99.1,0
1212,1337,1337,49.7,49.7,298,298,100.0,100.0,0
1800,1338,1338,49.7,49.7,140,140,98.46,98.46,0
1563,1339,1339,49.7,49.7,10,10,99.7,99.7,0
4002,1340,1340,49.7,49.7,11,11,100.0,100.0,0
386,1341,1341,49.7,49.7,63,63,100.0,100.0,0
3486,1342,1342,49.7,49.7,122,122,99.7,99.7,0
2467,1343,1343,49.7,49.7,149,149,99.72,99.72,0
2401,1344,1344,49.7,49.7,58,58,99.9,99.9,0
4019,1345,1345,49.7,49.7,11,11,100.0,100.0,0
2518,1346,1346,49.6,49.6,2,2,98.7,98.7,0
3487,1347,1347,49.6,49.6,277,277,99.7,99.7,0
272,1348,1348,49.6,49.6,2,2,98.7,98.7,0
684,1349,1349,49.6,49.6,371,371,99.8,99.8,0
3818,1350,1350,49.6,49.6,1,1,98.9,98.9,0
2624,1351,1351,49.6,49.6,45,45,99.0,99.0,0
2447,1352,1352,49.5,49.5,125,125,99.75,99.75,0
1196,1353,1353,49.5,49.5,103,103,99.9,99.9,0
3792,1354,1354,49.5,49.5,1,1,98.9,98.9,0
3857,1355,1355,49.5,49.5,63,63,98.9,98.9,0
3557,1356,1356,49.5,49.5,36,36,99.82,99.82,0
3035,1357,1357,49.5,49.5,56,56,100.0,100.0,0
686,1358,1358,49.5,49.5,370,370,99.8,99.8,0
2147,1359,1359,49.5,49.5,132,132,99.5,99.5,0
346,1360,1360,49.5,49.5,86,86,100.0,100.0,0
1954,1361,1361,49.5,49.5,52,52,100.0,100.0,0
28,1362,1362,49.5,49.5,2,2,98.7,98.7,0
1944,1363,1363,49.4,49.4,52,52,100.0,100.0,0
3447,1364,1364,49.4,49.4,371,371,99.9,99.9,0
2063,1365,1365,49.4,49.4,168,168,99.7,99.7,0
2517,1366,1366,49.4,49.4,69,69,99.89,99.89,0
3509,1367,1367,49.4,49.4,281,281,99.9,99.9,0
1949,1368,1368,49.4,49.4,288,288,100.0,100.0,0
3910,1369,1369,49.3,49.3,31,31,100.0,100.0,0
3446,1370,1370,49.3,49.3,325,325,99.94,99.94,0
2178,1371,1371,49.3,49.3,173,173,100.0,100.0,0
2295,1372,1372,49.3,49.3,12,12,99.7,99.7,0
160,1373,1373,49.3,49.3,42,42,99.3,99.3,0
2466,1374,1374,49.3,49.3,206,206,99.93,99.93,0
1655,1375,1375,49.3,49.3,93,93,99.2,99.2,0
1891,1376,1376,49.3,49.3,30,30,98.62,98.62,0
3791,1377,1377,49.3,49.3,1,1,98.9,98.9,0
3622,1378,1378,49.3,49.3,119,119,99.88,99.88,0
2510,1379,1379,49.3,49.3,2,2,98.7,98.7,0
262,1380,1380,49.3,49.3,1,1,98.7,98.7,0
3485,1381,1381,49.3,49.3,227,227,99.7,99.7,0
2205,1382,1382,49.2,49.2,84,84,99.11,99.11,0
3560,1383,1383,49.2,49.2,70,70,99.8,99.8,0
3585,1384,1384,49.2,49.2,104,104,99.8,99.8,0
3770,1385,1385,49.2,49.2,39,39,98.9,98.9,0
2795,1386,1386,49.2,49.2,336,336,99.9,99.9,0
212,1387,1387,49.2,49.2,3,3,99.3,99.3,0
1687,1388,1388,49.2,49.2,24,24,97.96,97.96,0
2836,1389,1389,49.2,49.2,76,76,99.09,99.09,0
3413,1390,1390,49.2,49.2,191,191,99.9,99.9,0
1200,1391,1391,49.2,49.2,103,103,99.9,99.9,0
1119,1392,1392,49.2,49.2,89,89,99.8,99.8,0
3650,1393,1393,49.2,49.2,1,1,98.9,98.9,0
2763,1394,1394,49.2,49.2,391,391,99.9,99.9,0
2546,1395,1395,49.2,49.2,148,148,99.3,99.3,0
3146,1396,1396,49.1,49.1,285,285,99.9,99.9,0
295,1397,1397,49.1,49.1,1,1,98.7,98.7,0
3453,1398,1398,49.1,49.1,216,216,99.9,99.9,0
4037,1399,1399,49.1,49.1,43,43,98.9,98.9,0
3909,1400,1400,49.1,49.1,11,11,100.0,100.0,0
819,1401,1401,49.1,49.1,182,182,99.63,99.63,0
1511,1402,1402,49.1,49.1,103,103,99.2,99.2,0
908,1403,1403,49.1,49.1,37,37,100.0,100.0,0
1682,1404,1404,49.1,49.1,299,299,99.0,99.0,0
1936,1405,1405,49.1,49.1,24,24,100.0,100.0,0
201,1406,1406,49.0,49.0,2,2,98.7,98.7,0
1906,1407,1407,49.0,49.0,52,52,100.0,100.0,0
1748,1408,1408,49.0,49.0,7,7,99.9,99.9,0
1543,1409,1409,49.0,49.0,39,39,98.53,98.53,0
3983,1410,1410,49.0,49.0,11,11,100.0,100.0,0
3987,1411,1411,49.0,49.0,11,11,100.0,100.0,0
3104,1412,1412,49.0,49.0,274,274,99.98,99.98,0
3532,1413,1413,49.0,49.0,271,271,99.96,99.96,0
3869,1414,1414,49.0,49.0,1,1,98.9,98.9,0
1946,1415,1415,49.0,49.0,73,73,100.0,100.0,0
3814,1416,1416,48.9,48.9,1,1,98.9,98.9,0
1560,1417,1417,48.9,48.9,12,12,99.7,99.7,0
2706,1418,1418,48.9,48.9,89,89,99.53,99.53,0
1613,1419,1419,48.9,48.9,73,73,98.4,98.4,0
3788,1420,1420,48.9,48.9,1,1,98.9,98.9,0
2290,1421,1421,48.9,48.9,12,12,99.7,99.7,0
1660,1422,1422,48.9,48.9,66,66,99.34,99.34,0
2801,1423,1423,48.9,48.9,348,348,99.9,99.9,0
1732,1424,1424,48.9,48.9,58,58,99.9,99.9,0
3494,1425,1425,48.9,48.9,323,323,99.94,99.94,0
4020,1426,1426,48.9,48.9,11,11,100.0,100.0,0
735,1427,1427,48.9,48.9,267,267,99.9,99.9,0
2622,1428,1428,48.8,48.8,294,294,98.1,98.1,0
3143,1429,1429,48.8,48.8,285,285,99.9,99.9,0
3479,1430,1430,48.8,48.8,178,178,99.9,99.9,0
1496,1431,1431,48.8,48.8,138,138,98.66,98.66,0
3938,1432,1432,48.8,48.8,111,111,100.0,100.0,0
692,1433,1433,48.8,48.8,248,248,99.8,99.8,0
3738,1434,1434,48.8,48.8,5,5,98.9,98.9,0
2321,1435,1435,48.8,48.8,12,12,99.7,99.7,0
1421,1436,1436,48.8,48.8,85,85,98.8,98.8,0
3568,1437,1437,48.8,48.8,141,141,99.8,99.8,0
3032,1438,1438,48.8,48.8,182,182,100.0,100.0,0
2424,1439,1439,48.8,48.8,36,36,99.65,99.65,0
2887,1440,1440,48.8,48.8,12,12,99.7,99.7,0
1730,1441,1441,48.7,48.7,125,125,99.9,99.9,0
3985,1442,1442,48.7,48.7,11,11,100.0,100.0,0
291,1443,1443,48.7,48.7,2,2,98.7,98.7,0
3948,1444,1444,48.7,48.7,11,11,100.0,100.0,0
300,1445,1445,48.7,48.7,1,1,98.7,98.7,0
2181,1446,1446,48.7,48.7,167,167,99.71,99.71,0
3984,1447,1447,48.7,48.7,11,11,100.0,100.0,0
241,1448,1448,48.7,48.7,2,2,98.7,98.7,0
728,1449,1449,48.7,48.7,159,159,100.0,100.0,0
1953,1450,1450,48.7,48.7,11,11,100.0,100.0,0
3934,1451,1451,48.7,48.7,160,160,100.0,100.0,0
1604,1452,1452,48.7,48.7,74,74,97.9,97.9,0
3022,1453,1453,48.7,48.7,277,277,100.0,100.0,0
992,1454,1454,48.7,48.7,179,179,100.0,100.0,0
1538,1455,1455,48.7,48.7,12,12,99.7,99.7,0
3988,1456,1456,48.7,48.7,11,11,100.0,100.0,0
2168,1457,1457,48.6,48.6,11,11,100.0,100.0,0
3646,1458,1458,48.6,48.6,1,1,98.9,98.9,0
738,1459,1459,48.6,48.6,159,159,100.0,100.0,0
1858,1460,1460,48.6,48.6,163,163,99.51,99.51,0
3048,1461,1461,48.6,48.6,263,263,99.94,99.94,0
4041,1462,1462,48.6,48.6,1,1,98.9,98.9,0
3610,1463,1463,48.6,48.6,100,100,99.7,99.7,0
2553,1464,1464,48.6,48.6,184,184,99.06,99.06,0
293,1465,1465,48.6,48.6,2,2,98.7,98.7,0
2796,1466,1466,48.6,48.6,388,388,99.8,99.8,0
3986,1467,1467,48.6,48.6,11,11,100.0,100.0,0
209,1468,1468,48.6,48.6,4,4,99.69,99.69,0
3789,1469,1469,48.6,48.6,1,1,98.9,98.9,0
2768,1470,1470,48.6,48.6,156,156,99.33,99.33,0
756,1471,1471,48.6,48.6,205,205,100.0,100.0,0
24,1472,1472,48.5,48.5,2,2,98.7,98.7,0
3189,1473,1473,48.5,48.5,92,92,99.9,99.9,0
2142,1474,1474,48.5,48.5,289,289,99.5,99.5,0
1666,1475,1475,48.5,48.5,5,5,97.41,97.41,0
2790,1476,1476,48.5,48.5,342,342,99.9,99.9,0
3430,1477,1477,48.5,48.5,277,277,100.0,100.0,0
3034,1478,1478,48.5,48.5,44,44,100.0,100.0,0
3440,1479,1479,48.5,48.5,262,262,100.0,100.0,0
3753,1480,1480,48.5,48.5,11,11,100.0,100.0,0
3917,1481,1481,48.5,48.5,11,11,100.0,100.0,0
3966,1482,1482,48.5,48.5,11,11,100.0,100.0,0
4023,1483,1483,48.5,48.5,11,11,100.0,100.0,0
1255,1484,1484,48.4,48.4,313,313,100.0,100.0,0
1986,1485,1485,48.4,48.4,1,1,99.4,99.4,0
2856,1486,1486,48.4,48.4,20,20,99.4,99.4,0
3401,1487,1487,48.4,48.4,179,179,99.9,99.9,0
2294,1488,1488,48.4,48.4,12,12,99.7,99.7,0
4048,1489,1489,48.4,48.4,1,1,98.9,98.9,0
3423,1490,1490,48.4,48.4,287,287,99.9,99.9,0
3959,1491,1491,48.4,48.4,11,11,100.0,100.0,0
1217,1492,1492,48.4,48.4,173,173,100.0,100.0,0
1671,1493,1493,48.4,48.4,116,116,96.87,96.87,0
1225,1494,1494,48.4,48.4,229,229,100.0,100.0,0
1487,1495,1495,48.4,48.4,124,124,98.86,98.86,0
3462,1496,1496,48.4,48.4,209,209,100.0,100.0,0
1239,1497,1497,48.4,48.4,305,305,100.0,100.0,0
3994,1498,1498,48.4,48.4,11,11,100.0,100.0,0
3411,1499,1499,48.4,48.4,101,101,99.8,99.8,0
1256,1500,1500,48.4,48.4,305,305,100.0,100.0,0
1937,1501,1501,48.4,48.4,11,11,100.0,100.0,0
3703,1502,1502,48.4,48.4,18,18,98.9,98.9,0
2071,1503,1503,48.3,48.3,107,107,99.4,99.4,0
3661,1504,1504,48.3,48.3,1,1,98.9,98.9,0
730,1505,1505,48.3,48.3,198,198,100.0,100.0,0
1009,1506,1506,48.3,48.3,316,316,99.98,99.98,0
4047,1507,1507,48.3,48.3,1,1,98.9,98.9,0
2159,1508,1508,48.3,48.3,41,41,100.0,100.0,0
889,1509,1509,48.3,48.3,198,198,99.9,99.9,0
3774,1510,1510,48.3,48.3,5,5,99.4,99.4,0
2105,1511,1511,48.3,48.3,174,174,99.65,99.65,0
1939,1512,1512,48.3,48.3,11,11,100.0,100.0,0
2346,1513,1513,48.3,48.3,63,63,98.4,98.4,0
3755,1514,1514,48.3,48.3,11,11,100.0,100.0,0
1950,1515,1515,48.2,48.2,30,30,100.0,100.0,0
2187,1516,1516,48.2,48.2,203,203,99.73,99.73,0
1309,1517,1517,48.2,48.2,187,187,99.82,99.82,0
3540,1518,1518,48.2,48.2,299,299,100.0,100.0,0
3859,1519,1519,48.2,48.2,1,1,98.9,98.9,0
3452,1520,1520,48.2,48.2,219,219,99.9,99.9,0
1229,1521,1521,48.2,48.2,273,273,100.0,100.0,0
2755,1522,1522,48.2,48.2,380,380,99.5,99.5,0
1704,1523,1523,48.2,48.2,106,106,98.65,98.65,0
3693,1524,1524,48.2,48.2,1,1,98.9,98.9,0
2469,1525,1525,48.2,48.2,159,159,99.9,99.9,0
725,1526,1526,48.2,48.2,169,169,100.0,100.0,0
1960,1527,1527,48.2,48.2,52,52,100.0,100.0,0
3922,1528,1528,48.2,48.2,11,11,100.0,100.0,0
3673,1529,1529,48.2,48.2,1,1,98.9,98.9,0
2708,1530,1530,48.2,48.2,52,52,99.37,99.37,0
1535,1531,1531,48.1,48.1,5,5,99.7,99.7,0
3919,1532,1532,48.1,48.1,11,11,100.0,100.0,0
1833,1533,1533,48.1,48.1,110,110,99.46,99.46,0
1273,1534,1534,48.1,48.1,335,335,100.0,100.0,0
857,1535,1535,48.1,48.1,179,179,99.9,99.9,0
732,1536,1536,48.0,48.0,183,183,99.95,99.95,0
3641,1537,1537,48.0,48.0,1,1,98.9,98.9,0
3944,1538,1538,48.0,48.0,11,11,100.0,100.0,0
2067,1539,1539,48.0,48.0,173,173,99.7,99.7,0
2397,1540,1540,48.0,48.0,16,16,99.9,99.9,0
2125,1541,1541,48.0,48.0,3,3,98.9,98.9,0
2087,1542,1542,48.0,48.0,93,93,100.0,100.0,0
3576,1543,1543,48.0,48.0,205,205,99.95,99.95,0
2557,1544,1544,48.0,48.0,179,179,99.09,99.09,0
2875,1545,1545,48.0,48.0,116,116,99.89,99.89,0
940,1546,1546,48.0,48.0,37,37,100.0,100.0,0
1564,1547,1547,48.0,48.0,12,12,99.7,99.7,0
783,1548,1548,48.0,48.0,86,86,99.5,99.5,0
3989,1549,1549,48.0,48.0,11,11,100.0,100.0,0
2192,1550,1550,47.9,47.9,11,11,100.0,100.0,0
1902,1551,1551,47.9,47.9,52,52,100.0,100.0,0
2644,1552,1552,47.9,47.9,200,200,98.7,98.7,0
2695,1553,1553,47.9,47.9,57,57,99.7,99.7,0
2573,1554,1554,47.9,47.9,11,11,99.9,99.9,0
115,1555,1555,47.9,47.9,6,6,99.3,99.3,0
2166,1556,1556,47.9,47.9,11,11,100.0,100.0,0
3686,1557,1557,47.9,47.9,1,1,98.9,98.9,0
2342,1558,1558,47.9,47.9,21,21,98.9,98.9,0
3113,1559,1559,47.9,47.9,55,55,100.0,100.0,0
3923,1560,1560,47.9,47.9,11,11,100.0,100.0,0
3852,1561,1561,47.9,47.9,21,21,98.9,98.9,0
995,1562,1562,47.9,47.9,179,179,100.0,100.0,0
2533,1563,1563,47.9,47.9,133,133,99.3,99.3,0
1004,1564,1564,47.8,47.8,198,198,99.9,99.9,0
3651,1565,1565,47.8,47.8,1,1,98.9,98.9,0
3908,1566,1566,47.8,47.8,11,11,100.0,100.0,0
3863,1567,1567,47.8,47.8,11,11,98.9,98.9,0
3906,1568,1568,47.8,47.8,11,11,100.0,100.0,0
1951,1569,1569,47.8,47.8,11,11,100.0,100.0,0
3798,1570,1570,47.8,47.8,1,1,98.9,98.9,0
907,1571,1571,47.8,47.8,37,37,100.0,100.0,0
4021,1572,1572,47.8,47.8,8,8,99.97,99.97,0
1490,1573,1573,47.8,47.8,81,81,98.7,98.7,0
3996,1574,1574,47.8,47.8,11,11,100.0,100.0,0
4022,1575,1575,47.8,47.8,11,11,100.0,100.0,0
2343,1576,1576,47.8,47.8,25,25,98.9,98.9,0
3784,1577,1577,47.8,47.8,12,12,99.61,99.61,0
3147,1578,1578,47.8,47.8,285,285,99.9,99.9,0
1907,1579,1579,47.7,47.7,16,16,99.78,99.78,0
1678,1580,1580,47.7,47.7,181,181,99.0,99.0,0
3993,1581,1581,47.7,47.7,11,11,100.0,100.0,0
717,1582,1582,47.7,47.7,37,37,100.0,100.0,0
2109,1583,1583,47.7,47.7,118,118,99.55,99.55,0
3123,1584,1584,47.7,47.7,127,127,99.91,99.91,0
1011,1585,1585,47.7,47.7,244,244,100.0,100.0,0
2293,1586,1586,47.7,47.7,12,12,99.7,99.7,0
2515,1587,1587,47.7,47.7,88,88,99.9,99.9,0
2413,1588,1588,47.7,47.7,140,140,99.85,99.85,0
4043,1589,1589,47.7,47.7,1,1,98.9,98.9,0
1012,1590,1590,47.7,47.7,299,299,99.98,99.98,0
3539,1591,1591,47.7,47.7,365,365,100.0,100.0,0
3990,1592,1592,47.6,47.6,11,11,100.0,100.0,0
1492,1593,1593,47.6,47.6,71,71,99.0,99.0,0
1933,1594,1594,47.6,47.6,52,52,100.0,100.0,0
3186,1595,1595,47.6,47.6,85,85,99.92,99.92,0
2167,1596,1596,47.6,47.6,11,11,100.0,100.0,0
3998,1597,1597,47.6,47.6,11,11,100.0,100.0,0
3556,1598,1598,47.6,47.6,33,33,99.83,99.83,0
3285,1599,1599,47.6,47.6,134,134,99.5,99.5,0
943,1600,1600,47.6,47.6,37,37,100.0,100.0,0
1901,1601,1601,47.6,47.6,45,45,100.0,100.0,0
385,1602,1602,47.6,47.6,63,63,100.0,100.0,0
2908,1603,1603,47.6,47.6,161,161,99.9,99.9,0
1499,1604,1604,47.6,47.6,33,33,98.72,98.72,0
208,1605,1605,47.6,47.6,3,3,99.53,99.53,0
1733,1606,1606,47.6,47.6,152,152,99.9,99.9,0
3796,1607,1607,47.6,47.6,1,1,98.9,98.9,0
1228,1608,1608,47.6,47.6,324,324,100.0,100.0,0
2989,1609,1609,47.6,47.6,55,55,100.0,100.0,0
2162,1610,1610,47.6,47.6,11,11,100.0,100.0,0
2899,1611,1611,47.6,47.6,12,12,99.7,99.7,0
1176,1612,1612,47.5,47.5,148,148,99.82,99.82,0
3545,1613,1613,47.5,47.5,63,63,99.8,99.8,0
898,1614,1614,47.5,47.5,60,60,99.95,99.95,0
749,1615,1615,47.5,47.5,269,269,99.9,99.9,0
1269,1616,1616,47.5,47.5,16,16,100.0,100.0,0
1020,1617,1617,47.5,47.5,321,321,100.0,100.0,0
862,1618,1618,47.5,47.5,95,95,99.9,99.9,0
2164,1619,1619,47.5,47.5,11,11,100.0,100.0,0
3573,1620,1620,47.4,47.4,221,221,99.8,99.8,0
1433,1621,1621,47.4,47.4,1,1,98.8,98.8,0
914,1622,1622,47.4,47.4,53,53,99.91,99.91,0
3995,1623,1623,47.4,47.4,11,11,100.0,100.0,0
2160,1624,1624,47.4,47.4,41,41,100.0,100.0,0
727,1625,1625,47.4,47.4,159,159,100.0,100.0,0
1198,1626,1626,47.4,47.4,123,123,99.94,99.94,0
4001,1627,1627,47.4,47.4,11,11,100.0,100.0,0
1234,1628,1628,47.4,47.4,229,229,100.0,100.0,0
401,1629,1629,47.4,47.4,7,7,100.0,100.0,0
3691,1630,1630,47.4,47.4,1,1,98.9,98.9,0
968,1631,1631,47.4,47.4,186,186,99.99,99.99,0
2473,1632,1632,47.4,47.4,106,106,99.8,99.8,0
3962,1633,1633,47.4,47.4,11,11,100.0,100.0,0
2403,1634,1634,47.4,47.4,146,146,99.9,99.9,0
3528,1635,1635,47.3,47.3,236,236,99.9,99.9,0
3391,1636,1636,47.3,47.3,169,169,99.85,99.85,0
1639,1637,1637,47.3,47.3,111,111,99.2,99.2,0
753,1638,1638,47.3,47.3,98,98,100.0,100.0,0
3553,1639,1639,47.3,47.3,21,21,99.85,99.85,0
405,1640,1640,47.3,47.3,4,4,100.0,100.0,0
3952,1641,1641,47.3,47.3,11,11,100.0,100.0,0
3107,1642,1642,47.3,47.3,55,55,100.0,100.0,0
2220,1643,1643,47.3,47.3,20,20,99.0,99.0,0
3193,1644,1644,47.3,47.3,158,158,99.9,99.9,0
1311,1645,1645,47.3,47.3,334,334,99.71,99.71,0
3589,1646,1646,47.3,47.3,194,194,99.9,99.9,0
3449,1647,1647,47.3,47.3,182,182,99.9,99.9,0
771,1648,1648,47.3,47.3,41,41,100.0,100.0,0
1831,1649,1649,47.2,47.2,101,101,99.7,99.7,0
3116,1650,1650,47.2,47.2,155,155,99.9,99.9,0
3992,1651,1651,47.2,47.2,11,11,100.0,100.0,0
207,1652,1652,47.2,47.2,1,1,98.7,98.7,0
606,1653,1653,47.2,47.2,1,1,100.0,100.0,0
2320,1654,1654,47.2,47.2,12,12,99.7,99.7,0
2531,1655,1655,47.2,47.2,109,109,99.36,99.36,0
1227,1656,1656,47.2,47.2,273,273,100.0,100.0,0
2171,1657,1657,47.2,47.2,11,11,100.0,100.0,0
3148,1658,1658,47.2,47.2,245,245,99.9,99.9,0
4053,1659,1659,47.2,47.2,1,1,98.9,98.9,0
1727,1660,1660,47.2,47.2,10,10,99.9,99.9,0
1215,1661,1661,47.1,47.1,386,386,100.0,100.0,0
3270,1662,1662,47.1,47.1,181,181,99.3,99.3,0
1539,1663,1663,47.1,47.1,9,9,98.59,98.59,0
196,1664,1664,47.1,47.1,1,1,98.7,98.7,0
1289,1665,1665,47.1,47.1,16,16,100.0,100.0,0
3625,1666,1666,47.1,47.1,46,46,99.81,99.81,0
711,1667,1667,47.1,47.1,37,37,100.0,100.0,0
2685,1668,1668,47.1,47.1,45,45,99.0,99.0,0
3913,1669,1669,47.1,47.1,11,11,100.0,100.0,0
3425,1670,1670,47.1,47.1,235,235,99.9,99.9,0
1744,1671,1671,47.1,47.1,1,1,99.9,99.9,0
3415,1672,1672,47.1,47.1,126,126,99.9,99.9,0
4045,1673,1673,47.1,47.1,1,1,98.9,98.9,0
425,1674,1674,47.0,47.0,4,4,100.0,100.0,0
358,1675,1675,47.0,47.0,106,106,100.0,100.0,0
587,1676,1676,47.0,47.0,3,3,100.0,100.0,0
3418,1677,1677,47.0,47.0,190,190,99.9,99.9,0
3518,1678,1678,47.0,47.0,86,86,100.0,100.0,0
1299,1679,1679,47.0,47.0,16,16,100.0,100.0,0
1904,1680,1680,47.0,47.0,42,42,100.0,100.0,0
1952,1681,1681,47.0,47.0,11,11,100.0,100.0,0
198,1682,1682,47.0,47.0,2,2,98.7,98.7,0
3190,1683,1683,47.0,47.0,71,71,99.9,99.9,0
1232,1684,1684,47.0,47.0,242,242,99.98,99.98,0
1265,1685,1685,46.9,46.9,16,16,100.0,100.0,0
3199,1686,1686,46.9,46.9,86,86,100.0,100.0,0
3964,1687,1687,46.9,46.9,11,11,100.0,100.0,0
3932,1688,1688,46.9,46.9,11,11,100.0,100.0,0
1293,1689,1689,46.9,46.9,16,16,100.0,100.0,0
252,1690,1690,46.9,46.9,2,2,98.7,98.7,0
1736,1691,1691,46.9,46.9,11,11,99.9,99.9,0
3999,1692,1692,46.9,46.9,11,11,100.0,100.0,0
563,1693,1693,46.9,46.9,16,16,100.0,100.0,0
3204,1694,1694,46.9,46.9,64,64,99.9,99.9,0
3921,1695,1695,46.9,46.9,11,11,100.0,100.0,0
2915,1696,1696,46.8,46.8,19,19,99.41,99.41,0
1888,1697,1697,46.8,46.8,144,144,100.0,100.0,0
2025,1698,1698,46.8,46.8,32,32,100.0,100.0,0
1557,1699,1699,46.8,46.8,13,13,99.49,99.49,0
3635,1700,1700,46.8,46.8,1,1,98.9,98.9,0
2474,1701,1701,46.8,46.8,106,106,99.8,99.8,0
3111,1702,1702,46.8,46.8,55,55,100.0,100.0,0
2647,1703,1703,46.8,46.8,200,200,98.7,98.7,0
1297,1704,1704,46.8,46.8,16,16,100.0,100.0,0
2709,1705,1705,46.8,46.8,57,57,99.7,99.7,0
2165,1706,1706,46.8,46.8,11,11,100.0,100.0,0
2603,1707,1707,46.8,46.8,114,114,99.72,99.72,0
2299,1708,1708,46.8,46.8,12,12,99.7,99.7,0
3559,1709,1709,46.8,46.8,10,10,99.9,99.9,0
647,1710,1710,46.8,46.8,4,4,100.0,100.0,0
788,1711,1711,46.7,46.7,106,106,99.7,99.7,0
3851,1712,1712,46.7,46.7,16,16,98.9,98.9,0
3928,1713,1713,46.7,46.7,11,11,100.0,100.0,0
3512,1714,1714,46.7,46.7,273,273,99.9,99.9,0
2701,1715,1715,46.7,46.7,11,11,99.9,99.9,0
1224,1716,1716,46.7,46.7,262,262,100.0,100.0,0
278,1717,1717,46.7,46.7,1,1,98.7,98.7,0
1905,1718,1718,46.7,46.7,38,38,99.77,99.77,0
3436,1719,1719,46.7,46.7,262,262,100.0,100.0,0
1641,1720,1720,46.7,46.7,115,115,99.2,99.2,0
941,1721,1721,46.7,46.7,37,37,100.0,100.0,0
3951,1722,1722,46.7,46.7,11,11,100.0,100.0,0
2522,1723,1723,46.7,46.7,2,2,98.7,98.7,0
1927,1724,1724,46.7,46.7,12,12,99.4,99.4,0
2789,1725,1725,46.7,46.7,342,342,99.9,99.9,0
1761,1726,1726,46.6,46.6,107,107,98.6,98.6,0
274,1727,1727,46.6,46.6,1,1,98.7,98.7,0
4008,1728,1728,46.6,46.6,3,3,99.79,99.79,0
1940,1729,1729,46.6,46.6,25,25,100.0,100.0,0
392,1730,1730,46.6,46.6,4,4,100.0,100.0,0
3246,1731,1731,46.6,46.6,31,31,99.9,99.9,0
3145,1732,1732,46.6,46.6,199,199,99.9,99.9,0
397,1733,1733,46.6,46.6,4,4,100.0,100.0,0
3968,1734,1734,46.6,46.6,11,11,100.0,100.0,0
2399,1735,1735,46.6,46.6,9,9,99.9,99.9,0
2318,1736,1736,46.6,46.6,2,2,99.7,99.7,0
3283,1737,1737,46.6,46.6,127,127,99.3,99.3,0
1731,1738,1738,46.6,46.6,178,178,99.9,99.9,0
3931,1739,1739,46.6,46.6,11,11,100.0,100.0,0
3810,1740,1740,46.6,46.6,1,1,98.9,98.9,0
3920,1741,1741,46.6,46.6,11,11,100.0,100.0,0
373,1742,1742,46.6,46.6,63,63,100.0,100.0,0
3751,1743,1743,46.6,46.6,10,10,99.4,99.4,0
681,1744,1744,46.6,46.6,37,37,100.0,100.0,0
3591,1745,1745,46.6,46.6,54,54,99.8,99.8,0
3490,1746,1746,46.5,46.5,285,285,99.99,99.99,0
2527,1747,1747,46.5,46.5,62,62,99.3,99.3,0
2217,1748,1748,46.5,46.5,40,40,99.32,99.32,0
2593,1749,1749,46.5,46.5,4,4,99.9,99.9,0
3167,1750,1750,46.5,46.5,33,33,99.8,99.8,0
1262,1751,1751,46.5,46.5,16,16,100.0,100.0,0
2699,1752,1752,46.5,46.5,11,11,99.9,99.9,0
2781,1753,1753,46.5,46.5,119,119,99.0,99.0,0
242,1754,1754,46.5,46.5,2,2,98.7,98.7,0
2180,1755,1755,46.5,46.5,146,146,99.74,99.74,0
3269,1756,1756,46.5,46.5,181,181,99.3,99.3,0
655,1757,1757,46.5,46.5,16,16,100.0,100.0,0
395,1758,1758,46.5,46.5,4,4,100.0,100.0,0
3997,1759,1759,46.5,46.5,11,11,100.0,100.0,0
3192,1760,1760,46.5,46.5,158,158,99.9,99.9,0
3776,1761,1761,46.5,46.5,3,3,99.4,99.4,0
3584,1762,1762,46.5,46.5,239,239,99.8,99.8,0
1338,1763,1763,46.5,46.5,366,366,99.9,99.9,0
3448,1764,1764,46.5,46.5,199,199,99.9,99.9,0
414,1765,1765,46.5,46.5,14,14,100.0,100.0,0
3218,1766,1766,46.4,46.4,77,77,99.9,99.9,0
2848,1767,1767,46.4,46.4,9,9,99.7,99.7,0
1708,1768,1768,46.4,46.4,280,280,99.0,99.0,0
12,1769,1769,46.4,46.4,2,2,98.7,98.7,0
1301,1770,1770,46.4,46.4,16,16,100.0,100.0,0
1980,1771,1771,46.4,46.4,128,128,99.7,99.7,0
25,1772,1772,46.4,46.4,2,2,98.7,98.7,0
1702,1773,1773,46.4,46.4,84,84,97.03,97.03,0
46,1774,1774,46.4,46.4,1,1,98.7,98.7,0
393,1775,1775,46.4,46.4,4,4,100.0,100.0,0
403,1776,1776,46.4,46.4,4,4,100.0,100.0,0
3722,1777,1777,46.4,46.4,18,18,98.9,98.9,0
1138,1778,1778,46.4,46.4,38,38,99.8,99.8,0
2060,1779,1779,46.4,46.4,11,11,100.0,100.0,0
3754,1780,1780,46.4,46.4,11,11,100.0,100.0,0
230,1781,1781,46.4,46.4,2,2,98.7,98.7,0
2707,1782,1782,46.4,46.4,57,57,99.7,99.7,0
396,1783,1783,46.4,46.4,4,4,100.0,100.0,0
1175,1784,1784,46.4,46.4,240,240,100.0,100.0,0
399,1785,1785,46.4,46.4,4,4,100.0,100.0,0
1573,1786,1786,46.4,46.4,76,76,99.7,99.7,0
3437,1787,1787,46.4,46.4,265,265,99.98,99.98,0
2163,1788,1788,46.3,46.3,11,11,100.0,100.0,0
3419,1789,1789,46.3,46.3,124,124,99.88,99.88,0
1342,1790,1790,46.3,46.3,164,164,99.97,99.97,0
2866,1791,1791,46.3,46.3,12,12,99.7,99.7,0
402,1792,1792,46.3,46.3,13,13,100.0,100.0,0
2312,1793,1793,46.3,46.3,12,12,99.7,99.7,0
3927,1794,1794,46.3,46.3,11,11,100.0,100.0,0
2852,1795,1795,46.3,46.3,9,9,99.7,99.7,0
2906,1796,1796,46.3,46.3,6,6,99.7,99.7,0
3961,1797,1797,46.3,46.3,11,11,100.0,100.0,0
3450,1798,1798,46.3,46.3,195,195,99.95,99.95,0
2854,1799,1799,46.3,46.3,12,12,99.41,99.41,0
987,1800,1800,46.3,46.3,158,158,99.9,99.9,0
1707,1801,1801,46.3,46.3,140,140,99.0,99.0,0
2175,1802,1802,46.3,46.3,11,11,100.0,100.0,0
3914,1803,1803,46.3,46.3,11,11,100.0,100.0,0
1346,1804,1804,46.3,46.3,211,211,100.0,100.0,0
3434,1805,1805,46.3,46.3,248,248,99.99,99.99,0
715,1806,1806,46.3,46.3,37,37,100.0,100.0,0
2592,1807,1807,46.3,46.3,10,10,99.9,99.9,0
3495,1808,1808,46.3,46.3,173,173,99.7,99.7,0
3647,1809,1809,46.3,46.3,1,1,98.9,98.9,0
748,1810,1810,46.2,46.2,219,219,99.9,99.9,0
719,1811,1811,46.2,46.2,145,145,99.9,99.9,0
1264,1812,1812,46.2,46.2,16,16,100.0,100.0,0
1566,1813,1813,46.2,46.2,12,12,99.7,99.7,0
3967,1814,1814,46.2,46.2,11,11,100.0,100.0,0
3793,1815,1815,46.2,46.2,1,1,98.9,98.9,0
332,1816,1816,46.2,46.2,4,4,100.0,100.0,0
4046,1817,1817,46.2,46.2,1,1,98.9,98.9,0
594,1818,1818,46.2,46.2,4,4,100.0,100.0,0
1809,1819,1819,46.2,46.2,1,1,98.4,98.4,0
2361,1820,1820,46.2,46.2,69,69,98.9,98.9,0
2672,1821,1821,46.2,46.2,7,7,99.9,99.9,0
1259,1822,1822,46.2,46.2,16,16,100.0,100.0,0
256,1823,1823,46.1,46.1,2,2,98.7,98.7,0
4042,1824,1824,46.1,46.1,1,1,98.9,98.9,0
3531,1825,1825,46.1,46.1,264,264,99.9,99.9,0
205,1826,1826,46.1,46.1,2,2,98.7,98.7,0
1735,1827,1827,46.1,46.1,138,138,99.9,99.9,0
2155,1828,1828,46.1,46.1,11,11,100.0,100.0,0
3865,1829,1829,46.1,46.1,1,1,98.9,98.9,0
3396,1830,1830,46.1,46.1,365,365,100.0,100.0,0
670,1831,1831,46.1,46.1,4,4,100.0,100.0,0
3132,1832,1832,46.1,46.1,277,277,100.0,100.0,0
1550,1833,1833,46.1,46.1,12,12,99.7,99.7,0
3958,1834,1834,46.1,46.1,11,11,100.0,100.0,0
942,1835,1835,46.1,46.1,37,37,100.0,100.0,0
3991,1836,1836,46.1,46.1,11,11,100.0,100.0,0
1263,1837,1837,46.1,46.1,16,16,100.0,100.0,0
2239,1838,1838,46.1,46.1,36,36,99.0,99.0,0
265,1839,1839,46.0,46.0,2,2,98.7,98.7,0
2193,1840,1840,46.0,46.0,11,11,100.0,100.0,0
930,1841,1841,46.0,46.0,37,37,100.0,100.0,0
1247,1842,1842,46.0,46.0,16,16,100.0,100.0,0
2924,1843,1843,46.0,46.0,18,18,99.4,99.4,0
1510,1844,1844,46.0,46.0,50,50,99.1,99.1,0
591,1845,1845,46.0,46.0,4,4,100.0,100.0,0
3648,1846,1846,46.0,46.0,1,1,98.9,98.9,0
1134,1847,1847,46.0,46.0,54,54,99.8,99.8,0
3467,1848,1848,46.0,46.0,134,134,100.0,100.0,0
3144,1849,1849,46.0,46.0,283,283,99.9,99.9,0
1503,1850,1850,46.0,46.0,110,110,98.7,98.7,0
1740,1851,1851,46.0,46.0,10,10,98.2,98.2,0
3455,1852,1852,46.0,46.0,210,210,99.9,99.9,0
3112,1853,1853,46.0,46.0,55,55,100.0,100.0,0
203,1854,1854,45.9,45.9,2,2,98.7,98.7,0
3971,1855,1855,45.9,45.9,10,10,100.0,100.0,0
1295,1856,1856,45.9,45.9,16,16,100.0,100.0,0
1434,1857,1857,45.9,45.9,19,19,98.8,98.8,0
2240,1858,1858,45.9,45.9,47,47,99.0,99.0,0
648,1859,1859,45.9,45.9,2,2,100.0,100.0,0
3569,1860,1860,45.9,45.9,229,229,99.8,99.8,0
713,1861,1861,45.9,45.9,37,37,100.0,100.0,0
3929,1862,1862,45.9,45.9,11,11,100.0,100.0,0
4025,1863,1863,45.9,45.9,8,8,99.97,99.97,0
2395,1864,1864,45.9,45.9,159,159,99.82,99.82,0
1290,1865,1865,45.9,45.9,16,16,100.0,100.0,0
1296,1866,1866,45.9,45.9,16,16,100.0,100.0,0
424,1867,1867,45.9,45.9,4,4,100.0,100.0,0
2676,1868,1868,45.9,45.9,11,11,99.9,99.9,0
1153,1869,1869,45.8,45.8,262,262,99.8,99.8,0
3970,1870,1870,45.8,45.8,11,11,100.0,100.0,0
3692,1871,1871,45.8,45.8,1,1,98.9,98.9,0
4052,1872,1872,45.8,45.8,1,1,98.9,98.9,0
2210,1873,1873,45.8,45.8,19,19,99.0,99.0,0
3864,1874,1874,45.8,45.8,3,3,98.9,98.9,0
597,1875,1875,45.8,45.8,4,4,100.0,100.0,0
3915,1876,1876,45.8,45.8,11,11,100.0,100.0,0
423,1877,1877,45.8,45.8,4,4,100.0,100.0,0
3567,1878,1878,45.8,45.8,142,142,99.8,99.8,0
2190,1879,1879,45.8,45.8,11,11,100.0,100.0,0
2026,1880,1880,45.8,45.8,14,14,100.0,100.0,0
1728,1881,1881,45.8,45.8,6,6,99.9,99.9,0
429,1882,1882,45.8,45.8,4,4,100.0,100.0,0
1633,1883,1883,45.8,45.8,24,24,99.2,99.2,0
1878,1884,1884,45.8,45.8,18,18,98.44,98.44,0
1122,1885,1885,45.8,45.8,38,38,99.8,99.8,0
876,1886,1886,45.8,45.8,69,69,99.93,99.93,0
734,1887,1887,45.8,45.8,220,220,99.9,99.9,0
3403,1888,1888,45.8,45.8,180,180,99.9,99.9,0
418,1889,1889,45.8,45.8,4,4,100.0,100.0,0
2324,1890,1890,45.7,45.7,9,9,99.7,99.7,0
854,1891,1891,45.7,45.7,47,47,99.9,99.9,0
1142,1892,1892,45.7,45.7,38,38,99.8,99.8,0
842,1893,1893,45.7,45.7,43,43,99.23,99.23,0
3956,1894,1894,45.7,45.7,11,11,100.0,100.0,0
2158,1895,1895,45.7,45.7,11,11,100.0,100.0,0
3925,1896,1896,45.7,45.7,11,11,100.0,100.0,0
716,1897,1897,45.7,45.7,37,37,100.0,100.0,0
672,1898,1898,45.7,45.7,4,4,100.0,100.0,0
1871,1899,1899,45.7,45.7,124,124,99.81,99.81,0
4030,1900,1900,45.7,45.7,11,11,100.0,100.0,0
3202,1901,1901,45.7,45.7,58,58,99.9,99.9,0
3950,1902,1902,45.7,45.7,11,11,100.0,100.0,0
231,1903,1903,45.7,45.7,1,1,98.7,98.7,0
3933,1904,1904,45.6,45.6,11,11,100.0,100.0,0
590,1905,1905,45.6,45.6,2,2,100.0,100.0,0
3020,1906,1906,45.6,45.6,277,277,100.0,100.0,0
1653,1907,1907,45.6,45.6,6,6,99.15,99.15,0
3375,1908,1908,45.6,45.6,189,189,99.9,99.9,0
1137,1909,1909,45.6,45.6,38,38,99.8,99.8,0
4003,1910,1910,45.6,45.6,11,11,100.0,100.0,0
2412,1911,1911,45.6,45.6,27,27,99.62,99.62,0
2902,1912,1912,45.6,45.6,9,9,99.7,99.7,0
3943,1913,1913,45.6,45.6,11,11,100.0,100.0,0
1865,1914,1914,45.6,45.6,188,188,99.85,99.85,0
2357,1915,1915,45.6,45.6,31,31,98.9,98.9,0
15,1916,1916,45.6,45.6,2,2,98.7,98.7,0
3109,1917,1917,45.6,45.6,55,55,100.0,100.0,0
3847,1918,1918,45.5,45.5,1,1,98.9,98.9,0
1287,1919,1919,45.5,45.5,16,16,100.0,100.0,0
2666,1920,1920,45.5,45.5,11,11,99.9,99.9,0
2678,1921,1921,45.5,45.5,9,9,99.9,99.9,0
264,1922,1922,45.5,45.5,2,2,98.7,98.7,0
416,1923,1923,45.5,45.5,16,16,100.0,100.0,0
1270,1924,1924,45.5,45.5,16,16,100.0,100.0,0
2694,1925,1925,45.5,45.5,57,57,99.7,99.7,0
1494,1926,1926,45.5,45.5,9,9,98.5,98.5,0
1551,1927,1927,45.5,45.5,12,12,99.7,99.7,0
652,1928,1928,45.5,45.5,16,16,100.0,100.0,0
710,1929,1929,45.5,45.5,49,49,99.96,99.96,0
3026,1930,1930,45.5,45.5,18,18,100.0,100.0,0
3924,1931,1931,45.5,45.5,11,11,100.0,100.0,0
3979,1932,1932,45.5,45.5,11,11,100.0,100.0,0
3219,1933,1933,45.5,45.5,158,158,99.9,99.9,0
2850,1934,1934,45.5,45.5,8,8,99.7,99.7,0
4017,1935,1935,45.5,45.5,1,1,98.9,98.9,0
3981,1936,1936,45.5,45.5,11,11,100.0,100.0,0
273,1937,1937,45.5,45.5,1,1,98.7,98.7,0
2625,1938,1938,45.5,45.5,54,54,99.0,99.0,0
2782,1939,1939,45.4,45.4,119,119,99.0,99.0,0
2702,1940,1940,45.4,45.4,11,11,99.9,99.9,0
163,1941,1941,45.4,45.4,18,18,99.3,99.3,0
3213,1942,1942,45.4,45.4,125,125,99.9,99.9,0
3484,1943,1943,45.4,45.4,151,151,99.7,99.7,0
2043,1944,1944,45.4,45.4,11,11,100.0,100.0,0
2177,1945,1945,45.4,45.4,141,141,99.78,99.78,0
232,1946,1946,45.4,45.4,2,2,98.7,98.7,0
3957,1947,1947,45.4,45.4,11,11,100.0,100.0,0
2868,1948,1948,45.3,45.3,12,12,99.7,99.7,0
1041,1949,1949,45.3,45.3,305,305,100.0,100.0,0
2591,1950,1950,45.3,45.3,5,5,99.9,99.9,0
736,1951,1951,45.3,45.3,160,160,100.0,100.0,0
1003,1952,1952,45.3,45.3,198,198,99.9,99.9,0
3960,1953,1953,45.3,45.3,11,11,100.0,100.0,0
3974,1954,1954,45.3,45.3,11,11,100.0,100.0,0
762,1955,1955,45.3,45.3,175,175,100.0,100.0,0
3483,1956,1956,45.3,45.3,229,229,99.7,99.7,0
357,1957,1957,45.3,45.3,63,63,100.0,100.0,0
3954,1958,1958,45.3,45.3,11,11,100.0,100.0,0
400,1959,1959,45.3,45.3,6,6,100.0,100.0,0
2793,1960,1960,45.3,45.3,343,343,99.9,99.9,0
2700,1961,1961,45.3,45.3,11,11,99.9,99.9,0
237,1962,1962,45.3,45.3,4,4,99.34,99.34,0
1375,1963,1963,45.3,45.3,37,37,100.0,100.0,0
1374,1964,1964,45.3,45.3,34,34,100.0,100.0,0
4000,1965,1965,45.3,45.3,11,11,100.0,100.0,0
3946,1966,1966,45.3,45.3,32,32,100.0,100.0,0
282,1967,1967,45.3,45.3,2,2,98.7,98.7,0
3911,1968,1968,45.2,45.2,11,11,100.0,100.0,0
2873,1969,1969,45.2,45.2,9,9,99.7,99.7,0
3463,1970,1970,45.2,45.2,209,209,100.0,100.0,0
712,1971,1971,45.2,45.2,37,37,100.0,100.0,0
147,1972,1972,45.2,45.2,2,2,99.6,99.6,0
3705,1973,1973,45.2,45.2,18,18,98.9,98.9,0
3618,1974,1974,45.2,45.2,3,3,99.9,99.9,0
1577,1975,1975,45.2,45.2,12,12,99.7,99.7,0
1896,1976,1976,45.2,45.2,9,9,99.4,99.4,0
183,1977,1977,45.2,45.2,2,2,98.7,98.7,0
3953,1978,1978,45.2,45.2,59,59,100.0,100.0,0
1544,1979,1979,45.2,45.2,2,2,98.5,98.5,0
2157,1980,1980,45.2,45.2,11,11,100.0,100.0,0
677,1981,1981,45.2,45.2,128,128,99.84,99.84,0
3593,1982,1982,45.2,45.2,47,47,99.8,99.8,0
1291,1983,1983,45.2,45.2,16,16,100.0,100.0,0
1810,1984,1984,45.1,45.1,36,36,98.4,98.4,0
4009,1985,1985,45.1,45.1,9,9,99.98,99.98,0
921,1986,1986,45.1,45.1,31,31,100.0,100.0,0
3977,1987,1987,45.1,45.1,11,11,100.0,100.0,0
1292,1988,1988,45.1,45.1,16,16,100.0,100.0,0
861,1989,1989,45.1,45.1,107,107,99.7,99.7,0
3898,1990,1990,45.1,45.1,2,2,99.74,99.74,0
3759,1991,1991,45.1,45.1,11,11,99.98,99.98,0
3142,1992,1992,45.1,45.1,276,276,99.9,99.9,0
2024,1993,1993,45.1,45.1,17,17,100.0,100.0,0
500,1994,1994,45.1,45.1,2,2,100.0,100.0,0
2877,1995,1995,45.1,45.1,9,9,99.7,99.7,0
3120,1996,1996,45.1,45.1,11,11,99.9,99.9,0
1966,1997,1997,45.1,45.1,43,43,99.78,99.78,0
2056,1998,1998,45.1,45.1,11,11,100.0,100.0,0
682,1999,1999,45.1,45.1,144,144,99.9,99.9,0
1870,2000,2000,45.1,45.1,158,158,99.8,99.8,0
338,2001,2001,45.1,45.1,4,4,100.0,100.0,0
3912,2002,2002,45.1,45.1,11,11,100.0,100.0,0
2876,2003,2003,45.0,45.0,9,9,99.7,99.7,0
2129,2004,2004,45.0,45.0,148,148,98.6,98.6,0
1679,2005,2005,45.0,45.0,104,104,99.02,99.02,0
671,2006,2006,45.0,45.0,4,4,100.0,100.0,0
588,2007,2007,45.0,45.0,4,4,100.0,100.0,0
2904,2008,2008,45.0,45.0,1,1,99.7,99.7,0
3926,2009,2009,45.0,45.0,11,11,100.0,100.0,0
334,2010,2010,45.0,45.0,4,4,100.0,100.0,0
2669,2011,2011,45.0,45.0,56,56,99.7,99.7,0
2316,2012,2012,45.0,45.0,12,12,99.7,99.7,0
1223,2013,2013,45.0,45.0,269,269,100.0,100.0,0
3535,2014,2014,45.0,45.0,299,299,100.0,100.0,0
1651,2015,2015,45.0,45.0,12,12,99.7,99.7,0
3555,2016,2016,45.0,45.0,9,9,99.9,99.9,0
3891,2017,2017,45.0,45.0,11,11,100.0,100.0,0
3980,2018,2018,45.0,45.0,11,11,100.0,100.0,0
1675,2019,2019,45.0,45.0,20,20,99.9,99.9,0
595,2020,2020,45.0,45.0,4,4,100.0,100.0,0
3947,2021,2021,45.0,45.0,44,44,100.0,100.0,0
1006,2022,2022,45.0,45.0,299,299,100.0,100.0,0
2156,2023,2023,45.0,45.0,11,11,100.0,100.0,0
1347,2024,2024,45.0,45.0,211,211,100.0,100.0,0
3654,2025,2025,45.0,45.0,1,1,98.9,98.9,0
1964,2026,2026,44.9,44.9,187,187,99.5,99.5,0
1163,2027,2027,44.9,44.9,223,223,100.0,100.0,0
1271,2028,2028,44.9,44.9,16,16,100.0,100.0,0
3632,2029,2029,44.9,44.9,11,11,99.9,99.9,0
2062,2030,2030,44.9,44.9,11,11,100.0,100.0,0
3236,2031,2031,44.9,44.9,57,57,99.9,99.9,0
1903,2032,2032,44.9,44.9,11,11,100.0,100.0,0
3918,2033,2033,44.9,44.9,11,11,100.0,100.0,0
2847,2034,2034,44.9,44.9,6,6,99.7,99.7,0
1258,2035,2035,44.9,44.9,16,16,100.0,100.0,0
1278,2036,2036,44.9,44.9,295,295,100.0,100.0,0
2923,2037,2037,44.9,44.9,11,11,99.4,99.4,0
2987,2038,2038,44.9,44.9,21,21,100.0,100.0,0
2578,2039,2039,44.8,44.8,10,10,99.9,99.9,0
299,2040,2040,44.8,44.8,2,2,98.7,98.7,0
915,2041,2041,44.8,44.8,83,83,99.91,99.91,0
792,2042,2042,44.8,44.8,106,106,99.7,99.7,0
2391,2043,2043,44.8,44.8,128,128,99.82,99.82,0
3596,2044,2044,44.8,44.8,40,40,99.8,99.8,0
4027,2045,2045,44.8,44.8,10,10,100.0,100.0,0
3429,2046,2046,44.8,44.8,277,277,100.0,100.0,0
3459,2047,2047,44.8,44.8,181,181,99.9,99.9,0
923,2048,2048,44.8,44.8,37,37,100.0,100.0,0
1567,2049,2049,44.8,44.8,21,21,98.5,98.5,0
2704,2050,2050,44.8,44.8,11,11,99.9,99.9,0
3726,2051,2051,44.8,44.8,18,18,98.9,98.9,0
3825,2052,2052,44.8,44.8,1,1,98.9,98.9,0
3404,2053,2053,44.7,44.7,179,179,99.9,99.9,0
3565,2054,2054,44.7,44.7,43,43,99.8,99.8,0
3497,2055,2055,44.7,44.7,189,189,99.73,99.73,0
3384,2056,2056,44.7,44.7,171,171,99.95,99.95,0
2985,2057,2057,44.7,44.7,55,55,100.0,100.0,0
1305,2058,2058,44.7,44.7,16,16,100.0,100.0,0
3955,2059,2059,44.7,44.7,11,11,100.0,100.0,0
2525,2060,2060,44.7,44.7,61,61,98.72,98.72,0
3287,2061,2061,44.7,44.7,166,166,99.3,99.3,0
156,2062,2062,44.7,44.7,26,26,99.6,99.6,0
1078,2063,2063,44.7,44.7,136,136,100.0,100.0,0
3166,2064,2064,44.7,44.7,81,81,99.99,99.99,0
204,2065,2065,44.7,44.7,2,2,98.7,98.7,0
3630,2066,2066,44.7,44.7,2,2,99.9,99.9,0
1182,2067,2067,44.7,44.7,116,116,99.66,99.66,0
1197,2068,2068,44.7,44.7,103,103,99.9,99.9,0
2582,2069,2069,44.7,44.7,10,10,99.9,99.9,0
2872,2070,2070,44.7,44.7,9,9,99.7,99.7,0
3424,2071,2071,44.6,44.6,194,194,99.95,99.95,0
3930,2072,2072,44.6,44.6,11,11,100.0,100.0,0
1288,2073,2073,44.6,44.6,16,16,100.0,100.0,0
3903,2074,2074,44.6,44.6,10,10,100.0,100.0,0
426,2075,2075,44.6,44.6,4,4,100.0,100.0,0
1874,2076,2076,44.6,44.6,37,37,98.91,98.91,0
3454,2077,2077,44.6,44.6,109,109,99.91,99.91,0
994,2078,2078,44.6,44.6,179,179,100.0,100.0,0
946,2079,2079,44.6,44.6,37,37,100.0,100.0,0
3940,2080,2080,44.6,44.6,52,52,100.0,100.0,0
150,2081,2081,44.6,44.6,44,44,99.67,99.67,0
661,2082,2082,44.6,44.6,4,4,100.0,100.0,0
3174,2083,2083,44.6,44.6,29,29,100.0,100.0,0
2030,2084,2084,44.6,44.6,2,2,98.9,98.9,0
666,2085,2085,44.6,44.6,4,4,100.0,100.0,0
1642,2086,2086,44.6,44.6,44,44,99.2,99.2,0
2440,2087,2087,44.6,44.6,106,106,99.7,99.7,0
746,2088,2088,44.5,44.5,223,223,99.9,99.9,0
1298,2089,2089,44.5,44.5,8,8,100.0,100.0,0
3216,2090,2090,44.5,44.5,83,83,100.0,100.0,0
3021,2091,2091,44.5,44.5,221,221,100.0,100.0,0
2031,2092,2092,44.5,44.5,3,3,98.9,98.9,0
2221,2093,2093,44.5,44.5,9,9,99.0,99.0,0
2059,2094,2094,44.5,44.5,11,11,100.0,100.0,0
1267,2095,2095,44.4,44.4,16,16,100.0,100.0,0
3783,2096,2096,44.4,44.4,3,3,99.4,99.4,0
945,2097,2097,44.4,44.4,37,37,100.0,100.0,0
853,2098,2098,44.4,44.4,12,12,99.9,99.9,0
2018,2099,2099,44.4,44.4,93,93,100.0,100.0,0
290,2100,2100,44.4,44.4,1,1,98.7,98.7,0
2900,2101,2101,44.4,44.4,9,9,99.7,99.7,0
1007,2102,2102,44.4,44.4,241,241,100.0,100.0,0
1181,2103,2103,44.4,44.4,178,178,99.83,99.83,0
250,2104,2104,44.3,44.3,2,2,98.7,98.7,0
3529,2105,2105,44.3,44.3,276,276,99.9,99.9,0
2692,2106,2106,44.3,44.3,57,57,99.7,99.7,0
3578,2107,2107,44.3,44.3,98,98,99.73,99.73,0
398,2108,2108,44.3,44.3,4,4,100.0,100.0,0
3117,2109,2109,44.3,44.3,158,158,99.9,99.9,0
3973,2110,2110,44.3,44.3,11,11,100.0,100.0,0
1529,2111,2111,44.3,44.3,20,20,98.7,98.7,0
2169,2112,2112,44.3,44.3,11,11,100.0,100.0,0
1965,2113,2113,44.3,44.3,43,43,99.58,99.58,0
3282,2114,2114,44.3,44.3,164,164,99.3,99.3,0
3170,2115,2115,44.3,44.3,56,56,99.98,99.98,0
934,2116,2116,44.3,44.3,37,37,100.0,100.0,0
598,2117,2117,44.3,44.3,4,4,100.0,100.0,0
428,2118,2118,44.2,44.2,4,4,100.0,100.0,0
2941,2119,2119,44.2,44.2,10,10,99.7,99.7,0
2058,2120,2120,44.2,44.2,11,11,100.0,100.0,0
3175,2121,2121,44.2,44.2,63,63,100.0,100.0,0
4026,2122,2122,44.2,44.2,11,11,100.0,100.0,0
2679,2123,2123,44.2,44.2,47,47,99.09,99.09,0
2903,2124,2124,44.2,44.2,9,9,99.7,99.7,0
1941,2125,2125,44.2,44.2,11,11,100.0,100.0,0
1753,2126,2126,44.2,44.2,7,7,99.9,99.9,0
302,2127,2127,44.2,44.2,2,2,98.7,98.7,0
922,2128,2128,44.1,44.1,37,37,100.0,100.0,0
4039,2129,2129,44.1,44.1,1,1,98.9,98.9,0
2590,2130,2130,44.1,44.1,5,5,99.9,99.9,0
3534,2131,2131,44.1,44.1,195,195,99.92,99.92,0
592,2132,2132,44.1,44.1,4,4,100.0,100.0,0
658,2133,2133,44.1,44.1,4,4,100.0,100.0,0
2050,2134,2134,44.1,44.1,11,11,100.0,100.0,0
3628,2135,2135,44.1,44.1,9,9,99.9,99.9,0
3004,2136,2136,44.1,44.1,163,163,100.0,100.0,0
339,2137,2137,44.1,44.1,4,4,100.0,100.0,0
3438,2138,2138,44.1,44.1,220,220,100.0,100.0,0
2855,2139,2139,44.1,44.1,7,7,99.4,99.4,0
3187,2140,2140,44.1,44.1,80,80,100.0,100.0,0
454,2141,2141,44.1,44.1,43,43,100.0,100.0,0
935,2142,2142,44.0,44.0,37,37,100.0,100.0,0
2152,2143,2143,44.0,44.0,113,113,100.0,100.0,0
2878,2144,2144,44.0,44.0,9,9,99.7,99.7,0
1286,2145,2145,44.0,44.0,16,16,100.0,100.0,0
519,2146,2146,44.0,44.0,3,3,99.9,99.9,0
1947,2147,2147,44.0,44.0,112,112,100.0,100.0,0
3378,2148,2148,44.0,44.0,179,179,99.9,99.9,0
596,2149,2149,44.0,44.0,4,4,100.0,100.0,0
900,2150,2150,44.0,44.0,8,8,100.0,100.0,0
1719,2151,2151,44.0,44.0,119,119,99.01,99.01,0
2874,2152,2152,44.0,44.0,9,9,99.7,99.7,0
2543,2153,2153,44.0,44.0,17,17,99.2,99.2,0
885,2154,2154,44.0,44.0,37,37,100.0,100.0,0
3108,2155,2155,44.0,44.0,55,55,100.0,100.0,0
1533,2156,2156,44.0,44.0,1,1,99.7,99.7,0
3530,2157,2157,44.0,44.0,169,169,99.91,99.91,0
1313,2158,2158,44.0,44.0,219,219,99.8,99.8,0
3273,2159,2159,43.9,43.9,123,123,99.31,99.31,0
3561,2160,2160,43.9,43.9,57,57,99.89,99.89,0
675,2161,2161,43.9,43.9,4,4,100.0,100.0,0
593,2162,2162,43.9,43.9,4,4,100.0,100.0,0
1752,2163,2163,43.9,43.9,11,11,99.9,99.9,0
3577,2164,2164,43.9,43.9,102,102,99.97,99.97,0
950,2165,2165,43.9,43.9,32,32,100.0,100.0,0
998,2166,2166,43.9,43.9,179,179,100.0,100.0,0
1022,2167,2167,43.9,43.9,298,298,100.0,100.0,0
961,2168,2168,43.9,43.9,37,37,100.0,100.0,0
991,2169,2169,43.9,43.9,166,166,99.9,99.9,0
1911,2170,2170,43.9,43.9,12,12,99.4,99.4,0
1887,2171,2171,43.9,43.9,52,52,100.0,100.0,0
3118,2172,2172,43.9,43.9,77,77,99.9,99.9,0
1552,2173,2173,43.9,43.9,12,12,99.7,99.7,0
1547,2174,2174,43.9,43.9,12,12,99.7,99.7,0
3901,2175,2175,43.9,43.9,11,11,100.0,100.0,0
3049,2176,2176,43.9,43.9,182,182,100.0,100.0,0
3969,2177,2177,43.9,43.9,11,11,100.0,100.0,0
1860,2178,2178,43.8,43.8,104,104,99.51,99.51,0
1717,2179,2179,43.8,43.8,60,60,99.06,99.06,0
1691,2180,2180,43.8,43.8,41,41,99.18,99.18,0
1332,2181,2181,43.8,43.8,187,187,99.83,99.83,0
1120,2182,2182,43.8,43.8,39,39,99.8,99.8,0
673,2183,2183,43.8,43.8,4,4,100.0,100.0,0
3684,2184,2184,43.8,43.8,1,1,98.9,98.9,0
680,2185,2185,43.8,43.8,45,45,99.96,99.96,0
1734,2186,2186,43.8,43.8,11,11,99.9,99.9,0
659,2187,2187,43.8,43.8,4,4,100.0,100.0,0
176,2188,2188,43.8,43.8,2,2,98.7,98.7,0
3389,2189,2189,43.8,43.8,147,147,99.7,99.7,0
2012,2190,2190,43.8,43.8,1,1,100.0,100.0,0
902,2191,2191,43.8,43.8,9,9,100.0,100.0,0
3626,2192,2192,43.8,43.8,10,10,99.9,99.9,0
608,2193,2193,43.7,43.7,3,3,100.0,100.0,0
3171,2194,2194,43.7,43.7,27,27,99.8,99.8,0
3649,2195,2195,43.7,43.7,1,1,98.9,98.9,0
224,2196,2196,43.7,43.7,1,1,98.7,98.7,0
294,2197,2197,43.7,43.7,1,1,98.7,98.7,0
3621,2198,2198,43.7,43.7,12,12,99.79,99.79,0
3758,2199,2199,43.7,43.7,11,11,100.0,100.0,0
2677,2200,2200,43.7,43.7,6,6,99.9,99.9,0
3165,2201,2201,43.7,43.7,33,33,99.8,99.8,0
3426,2202,2202,43.7,43.7,189,189,99.97,99.97,0
3402,2203,2203,43.7,43.7,108,108,99.88,99.88,0
3623,2204,2204,43.7,43.7,3,3,99.7,99.7,0
1284,2205,2205,43.7,43.7,16,16,100.0,100.0,0
2150,2206,2206,43.6,43.6,11,11,100.0,100.0,0
3976,2207,2207,43.6,43.6,11,11,100.0,100.0,0
2014,2208,2208,43.6,43.6,15,15,100.0,100.0,0
605,2209,2209,43.6,43.6,4,4,100.0,100.0,0
1300,2210,2210,43.6,43.6,16,16,100.0,100.0,0
2815,2211,2211,43.6,43.6,9,9,98.6,98.6,0
288,2212,2212,43.6,43.6,1,1,98.7,98.7,0
2414,2213,2213,43.6,43.6,3,3,99.3,99.3,0
3942,2214,2214,43.6,43.6,11,11,100.0,100.0,0
1729,2215,2215,43.6,43.6,1,1,99.9,99.9,0
1035,2216,2216,43.6,43.6,101,101,99.91,99.91,0
2237,2217,2217,43.6,43.6,33,33,99.0,99.0,0
2595,2218,2218,43.6,43.6,240,240,99.77,99.77,0
2910,2219,2219,43.6,43.6,4,4,99.7,99.7,0
3016,2220,2220,43.6,43.6,232,232,100.0,100.0,0
1304,2221,2221,43.6,43.6,16,16,100.0,100.0,0
187,2222,2222,43.6,43.6,2,2,98.7,98.7,0
1328,2223,2223,43.6,43.6,250,250,99.82,99.82,0
1161,2224,2224,43.6,43.6,130,130,99.95,99.95,0
1910,2225,2225,43.5,43.5,12,12,99.4,99.4,0
3858,2226,2226,43.5,43.5,1,1,98.9,98.9,0
1177,2227,2227,43.5,43.5,240,240,100.0,100.0,0
2045,2228,2228,43.5,43.5,11,11,100.0,100.0,0
2015,2229,2229,43.5,43.5,22,22,100.0,100.0,0
3286,2230,2230,43.5,43.5,175,175,99.3,99.3,0
662,2231,2231,43.5,43.5,4,4,100.0,100.0,0
3833,2232,2232,43.5,43.5,1,1,98.9,98.9,0
1867,2233,2233,43.5,43.5,81,81,99.96,99.96,0
3168,2234,2234,43.5,43.5,34,34,99.81,99.81,0
3115,2235,2235,43.5,43.5,129,129,99.91,99.91,0
4031,2236,2236,43.5,43.5,11,11,100.0,100.0,0
2967,2237,2237,43.5,43.5,55,55,100.0,100.0,0
515,2238,2238,43.5,43.5,4,4,100.0,100.0,0
2172,2239,2239,43.5,43.5,11,11,100.0,100.0,0
162,2240,2240,43.4,43.4,13,13,99.53,99.53,0
226,2241,2241,43.4,43.4,1,1,99.3,99.3,0
1306,2242,2242,43.4,43.4,16,16,100.0,100.0,0
944,2243,2243,43.4,43.4,37,37,100.0,100.0,0
758,2244,2244,43.4,43.4,37,37,100.0,100.0,0
361,2245,2245,43.4,43.4,63,63,100.0,100.0,0
2173,2246,2246,43.4,43.4,11,11,100.0,100.0,0
3414,2247,2247,43.4,43.4,190,190,99.9,99.9,0
388,2248,2248,43.4,43.4,63,63,100.0,100.0,0
3611,2249,2249,43.4,43.4,29,29,99.7,99.7,0
2149,2250,2250,43.4,43.4,11,11,100.0,100.0,0
190,2251,2251,43.3,43.3,1,1,98.7,98.7,0
3387,2252,2252,43.3,43.3,180,180,99.85,99.85,0
1220,2253,2253,43.3,43.3,71,71,100.0,100.0,0
3657,2254,2254,43.3,43.3,1,1,98.9,98.9,0
333,2255,2255,43.3,43.3,4,4,100.0,100.0,0
1890,2256,2256,43.3,43.3,202,202,100.0,100.0,0
812,2257,2257,43.3,43.3,79,79,99.8,99.8,0
2161,2258,2258,43.3,43.3,11,11,100.0,100.0,0
3511,2259,2259,43.3,43.3,21,21,99.9,99.9,0
676,2260,2260,43.3,43.3,44,44,99.97,99.97,0
3451,2261,2261,43.3,43.3,181,181,99.9,99.9,0
3975,2262,2262,43.3,43.3,11,11,100.0,100.0,0
1683,2263,2263,43.3,43.3,140,140,99.0,99.0,0
1756,2264,2264,43.3,43.3,5,5,99.9,99.9,0
1261,2265,2265,43.3,43.3,16,16,100.0,100.0,0
1152,2266,2266,43.3,43.3,38,38,99.8,99.8,0
1303,2267,2267,43.3,43.3,16,16,100.0,100.0,0
3460,2268,2268,43.2,43.2,164,164,99.9,99.9,0
875,2269,2269,43.2,43.2,75,75,99.94,99.94,0
1880,2270,2270,43.2,43.2,14,14,98.99,98.99,0
3478,2271,2271,43.2,43.2,176,176,99.9,99.9,0
2148,2272,2272,43.2,43.2,11,11,100.0,100.0,0
3963,2273,2273,43.2,43.2,11,11,100.0,100.0,0
3267,2274,2274,43.2,43.2,181,181,99.3,99.3,0
2577,2275,2275,43.2,43.2,5,5,99.9,99.9,0
936,2276,2276,43.2,43.2,37,37,100.0,100.0,0
654,2277,2277,43.2,43.2,5,5,100.0,100.0,0
2797,2278,2278,43.2,43.2,261,261,99.9,99.9,0
221,2279,2279,43.1,43.1,2,2,98.7,98.7,0
3660,2280,2280,43.1,43.1,1,1,98.9,98.9,0
2039,2281,2281,43.1,43.1,11,11,100.0,100.0,0
2853,2282,2282,43.1,43.1,2,2,99.4,99.4,0
871,2283,2283,43.1,43.1,1,1,99.8,99.8,0
2170,2284,2284,43.1,43.1,11,11,100.0,100.0,0
726,2285,2285,43.1,43.1,159,159,100.0,100.0,0
257,2286,2286,43.1,43.1,2,2,98.7,98.7,0
933,2287,2287,43.1,43.1,37,37,100.0,100.0,0
667,2288,2288,43.1,43.1,4,4,100.0,100.0,0
3965,2289,2289,43.1,43.1,11,11,100.0,100.0,0
352,2290,2290,43.1,43.1,142,142,100.0,100.0,0
571,2291,2291,43.1,43.1,12,12,99.9,99.9,0
2151,2292,2292,43.1,43.1,11,11,100.0,100.0,0
3228,2293,2293,43.0,43.0,31,31,100.0,100.0,0
1280,2294,2294,43.0,43.0,16,16,100.0,100.0,0
813,2295,2295,43.0,43.0,247,247,99.8,99.8,0
2435,2296,2296,43.0,43.0,110,110,99.77,99.77,0
521,2297,2297,43.0,43.0,2,2,99.9,99.9,0
589,2298,2298,43.0,43.0,3,3,100.0,100.0,0
668,2299,2299,43.0,43.0,4,4,100.0,100.0,0
2001,2300,2300,43.0,43.0,9,9,99.4,99.4,0
3244,2301,2301,43.0,43.0,115,115,99.9,99.9,0
2174,2302,2302,43.0,43.0,11,11,100.0,100.0,0
841,2303,2303,43.0,43.0,1,1,99.8,99.8,0
184,2304,2304,43.0,43.0,1,1,98.7,98.7,0
363,2305,2305,43.0,43.0,58,58,100.0,100.0,0
1085,2306,2306,43.0,43.0,91,91,99.9,99.9,0
2674,2307,2307,43.0,43.0,5,5,99.9,99.9,0
2594,2308,2308,43.0,43.0,11,11,99.9,99.9,0
3897,2309,2309,43.0,43.0,6,6,99.93,99.93,0
3439,2310,2310,43.0,43.0,157,157,99.91,99.91,0
336,2311,2311,43.0,43.0,4,4,100.0,100.0,0
3496,2312,2312,42.9,42.9,132,132,99.9,99.9,0
4028,2313,2313,42.9,42.9,9,9,99.97,99.97,0
1244,2314,2314,42.9,42.9,16,16,100.0,100.0,0
3689,2315,2315,42.9,42.9,1,1,98.9,98.9,0
3892,2316,2316,42.9,42.9,9,9,99.97,99.97,0
356,2317,2317,42.9,42.9,101,101,100.0,100.0,0
3637,2318,2318,42.9,42.9,1,1,98.9,98.9,0
1644,2319,2319,42.9,42.9,40,40,99.2,99.2,0
3101,2320,2320,42.9,42.9,46,46,100.0,100.0,0
1117,2321,2321,42.9,42.9,38,38,99.8,99.8,0
1392,2322,2322,42.8,42.8,3,3,99.91,99.91,0
3245,2323,2323,42.8,42.8,101,101,99.9,99.9,0
413,2324,2324,42.8,42.8,8,8,100.0,100.0,0
1226,2325,2325,42.8,42.8,211,211,100.0,100.0,0
3217,2326,2326,42.8,42.8,8,8,99.9,99.9,0
1187,2327,2327,42.8,42.8,238,238,99.99,99.99,0
3045,2328,2328,42.8,42.8,182,182,100.0,100.0,0
3636,2329,2329,42.8,42.8,1,1,98.9,98.9,0
2086,2330,2330,42.8,42.8,131,131,99.9,99.9,0
1647,2331,2331,42.8,42.8,12,12,99.7,99.7,0
1493,2332,2332,42.8,42.8,18,18,98.7,98.7,0
1024,2333,2333,42.8,42.8,262,262,100.0,100.0,0
962,2334,2334,42.8,42.8,37,37,100.0,100.0,0
1158,2335,2335,42.8,42.8,81,81,99.8,99.8,0
377,2336,2336,42.8,42.8,63,63,100.0,100.0,0
1245,2337,2337,42.8,42.8,16,16,100.0,100.0,0
906,2338,2338,42.8,42.8,9,9,100.0,100.0,0
3250,2339,2339,42.8,42.8,12,12,99.9,99.9,0
2969,2340,2340,42.7,42.7,49,49,100.0,100.0,0
3775,2341,2341,42.7,42.7,1,1,99.4,99.4,0
953,2342,2342,42.7,42.7,8,8,100.0,100.0,0
2411,2343,2343,42.7,42.7,70,70,99.8,99.8,0
3257,2344,2344,42.7,42.7,12,12,99.9,99.9,0
865,2345,2345,42.7,42.7,1,1,99.8,99.8,0
227,2346,2346,42.7,42.7,12,12,99.3,99.3,0
570,2347,2347,42.7,42.7,12,12,99.9,99.9,0
708,2348,2348,42.7,42.7,37,37,100.0,100.0,0
3127,2349,2349,42.7,42.7,131,131,99.91,99.91,0
1747,2350,2350,42.7,42.7,3,3,99.9,99.9,0
1162,2351,2351,42.7,42.7,193,193,99.98,99.98,0
197,2352,2352,42.7,42.7,2,2,98.7,98.7,0
3472,2353,2353,42.6,42.6,93,93,99.7,99.7,0
1388,2354,2354,42.6,42.6,10,10,99.9,99.9,0
2307,2355,2355,42.6,42.6,12,12,99.7,99.7,0
938,2356,2356,42.6,42.6,37,37,100.0,100.0,0
3002,2357,2357,42.6,42.6,169,169,100.0,100.0,0
2049,2358,2358,42.6,42.6,11,11,100.0,100.0,0
759,2359,2359,42.6,42.6,37,37,100.0,100.0,0
2214,2360,2360,42.6,42.6,10,10,99.0,99.0,0
3526,2361,2361,42.6,42.6,209,209,100.0,100.0,0
3377,2362,2362,42.6,42.6,184,184,99.9,99.9,0
3385,2363,2363,42.6,42.6,189,189,100.0,100.0,0
3502,2364,2364,42.6,42.6,37,37,99.9,99.9,0
3710,2365,2365,42.6,42.6,18,18,98.9,98.9,0
394,2366,2366,42.6,42.6,4,4,100.0,100.0,0
786,2367,2367,42.6,42.6,1,1,99.8,99.8,0
417,2368,2368,42.6,42.6,4,4,100.0,100.0,0
52,2369,2369,42.6,42.6,2,2,98.7,98.7,0
649,2370,2370,42.5,42.5,2,2,100.0,100.0,0
1277,2371,2371,42.5,42.5,188,188,100.0,100.0,0
2041,2372,2372,42.5,42.5,5,5,100.0,100.0,0
1250,2373,2373,42.5,42.5,11,11,100.0,100.0,0
656,2374,2374,42.5,42.5,4,4,100.0,100.0,0
3547,2375,2375,42.5,42.5,63,63,99.8,99.8,0
2046,2376,2376,42.5,42.5,10,10,100.0,100.0,0
2040,2377,2377,42.5,42.5,11,11,100.0,100.0,0
3498,2378,2378,42.5,42.5,178,178,99.9,99.9,0
1882,2379,2379,42.5,42.5,12,12,99.36,99.36,0
3826,2380,2380,42.5,42.5,4,4,98.9,98.9,0
3900,2381,2381,42.5,42.5,4,4,100.0,100.0,0
3105,2382,2382,42.5,42.5,102,102,100.0,100.0,0
3972,2383,2383,42.5,42.5,9,9,100.0,100.0,0
3916,2384,2384,42.5,42.5,11,11,100.0,100.0,0
1637,2385,2385,42.5,42.5,1,1,99.2,99.2,0
2673,2386,2386,42.5,42.5,1,1,99.9,99.9,0
516,2387,2387,42.5,42.5,1,1,99.9,99.9,0
1268,2388,2388,42.5,42.5,16,16,100.0,100.0,0
1241,2389,2389,42.4,42.4,122,122,100.0,100.0,0
3613,2390,2390,42.4,42.4,8,8,99.7,99.7,0
932,2391,2391,42.4,42.4,37,37,100.0,100.0,0
1690,2392,2392,42.4,42.4,11,11,99.9,99.9,0
1285,2393,2393,42.4,42.4,199,199,100.0,100.0,0
3941,2394,2394,42.4,42.4,11,11,100.0,100.0,0
3905,2395,2395,42.4,42.4,4,4,100.0,100.0,0
3780,2396,2396,42.4,42.4,11,11,100.0,100.0,0
431,2397,2397,42.3,42.3,4,4,100.0,100.0,0
57,2398,2398,42.3,42.3,2,2,98.7,98.7,0
1709,2399,2399,42.3,42.3,196,196,99.0,99.0,0
2568,2400,2400,42.3,42.3,8,8,99.2,99.2,0
253,2401,2401,42.3,42.3,2,2,98.7,98.7,0
1070,2402,2402,42.2,42.2,136,136,99.91,99.91,0
3844,2403,2403,42.2,42.2,1,1,98.9,98.9,0
4035,2404,2404,42.2,42.2,1,1,98.9,98.9,0
3380,2405,2405,42.2,42.2,155,155,100.0,100.0,0
2668,2406,2406,42.2,42.2,7,7,99.9,99.9,0
3379,2407,2407,42.2,42.2,192,192,99.9,99.9,0
149,2408,2408,42.2,42.2,5,5,100.0,100.0,0
2196,2409,2409,42.2,42.2,11,11,100.0,100.0,0
657,2410,2410,42.2,42.2,4,4,100.0,100.0,0
1072,2411,2411,42.2,42.2,134,134,99.9,99.9,0
2860,2412,2412,42.2,42.2,12,12,99.7,99.7,0
1754,2413,2413,42.2,42.2,5,5,99.9,99.9,0
3519,2414,2414,42.2,42.2,67,67,100.0,100.0,0
529,2415,2415,42.2,42.2,10,10,100.0,100.0,0
781,2416,2416,42.2,42.2,1,1,99.8,99.8,0
3627,2417,2417,42.2,42.2,1,1,99.9,99.9,0
607,2418,2418,42.2,42.2,1,1,100.0,100.0,0
172,2419,2419,42.1,42.1,2,2,98.7,98.7,0
3570,2420,2420,42.1,42.1,127,127,99.8,99.8,0
2576,2421,2421,42.1,42.1,159,159,99.7,99.7,0
362,2422,2422,42.1,42.1,63,63,100.0,100.0,0
1266,2423,2423,42.1,42.1,16,16,100.0,100.0,0
1559,2424,2424,42.1,42.1,12,12,99.7,99.7,0
2988,2425,2425,42.0,42.0,8,8,100.0,100.0,0
3624,2426,2426,42.0,42.0,9,9,99.9,99.9,0
782,2427,2427,42.0,42.0,1,1,99.8,99.8,0
1087,2428,2428,42.0,42.0,158,158,100.0,100.0,0
1981,2429,2429,42.0,42.0,48,48,99.7,99.7,0
2122,2430,2430,42.0,42.0,49,49,99.62,99.62,0
1491,2431,2431,42.0,42.0,15,15,99.0,99.0,0
1195,2432,2432,42.0,42.0,103,103,99.9,99.9,0
3656,2433,2433,42.0,42.0,1,1,98.9,98.9,0
1233,2434,2434,42.0,42.0,146,146,99.94,99.94,0
674,2435,2435,42.0,42.0,4,4,100.0,100.0,0
389,2436,2436,42.0,42.0,63,63,100.0,100.0,0
1498,2437,2437,42.0,42.0,1,1,99.1,99.1,0
3748,2438,2438,41.9,41.9,4,4,99.74,99.74,0
3465,2439,2439,41.9,41.9,209,209,100.0,100.0,0
1140,2440,2440,41.9,41.9,38,38,99.8,99.8,0
1534,2441,2441,41.9,41.9,12,12,99.7,99.7,0
2042,2442,2442,41.9,41.9,6,6,100.0,100.0,0
2426,2443,2443,41.9,41.9,10,10,99.3,99.3,0
4032,2444,2444,41.9,41.9,11,11,100.0,100.0,0
3757,2445,2445,41.9,41.9,7,7,100.0,100.0,0
2013,2446,2446,41.9,41.9,1,1,100.0,100.0,0
3574,2447,2447,41.9,41.9,18,18,99.5,99.5,0
2140,2448,2448,41.9,41.9,74,74,98.6,98.6,0
1776,2449,2449,41.9,41.9,97,97,98.6,98.6,0
599,2450,2450,41.9,41.9,4,4,100.0,100.0,0
387,2451,2451,41.9,41.9,63,63,100.0,100.0,0
415,2452,2452,41.8,41.8,15,15,100.0,100.0,0
2176,2453,2453,41.8,41.8,93,93,100.0,100.0,0
3001,2454,2454,41.8,41.8,11,11,99.91,99.91,0
1312,2455,2455,41.8,41.8,217,217,99.86,99.86,0
2786,2456,2456,41.8,41.8,90,90,99.16,99.16,0
1956,2457,2457,41.7,41.7,50,50,100.0,100.0,0
1210,2458,2458,41.7,41.7,90,90,100.0,100.0,0
2686,2459,2459,41.7,41.7,7,7,99.9,99.9,0
913,2460,2460,41.7,41.7,9,9,100.0,100.0,0
3182,2461,2461,41.7,41.7,140,140,99.9,99.9,0
3036,2462,2462,41.7,41.7,69,69,100.0,100.0,0
601,2463,2463,41.7,41.7,4,4,100.0,100.0,0
901,2464,2464,41.7,41.7,3,3,100.0,100.0,0
3982,2465,2465,41.7,41.7,10,10,100.0,100.0,0
3902,2466,2466,41.7,41.7,10,10,100.0,100.0,0
2851,2467,2467,41.6,41.6,3,3,99.7,99.7,0
2575,2468,2468,41.6,41.6,195,195,99.7,99.7,0
3347,2469,2469,41.6,41.6,2,2,100.0,100.0,0
602,2470,2470,41.6,41.6,4,4,100.0,100.0,0
3249,2471,2471,41.6,41.6,12,12,99.9,99.9,0
564,2472,2472,41.6,41.6,5,5,100.0,100.0,0
1030,2473,2473,41.6,41.6,141,141,99.9,99.9,0
1302,2474,2474,41.6,41.6,16,16,100.0,100.0,0
3106,2475,2475,41.6,41.6,98,98,99.94,99.94,0
218,2476,2476,41.6,41.6,2,2,98.7,98.7,0
1667,2477,2477,41.6,41.6,7,7,98.27,98.27,0
2483,2478,2478,41.6,41.6,7,7,99.67,99.67,0
2939,2479,2479,41.6,41.6,10,10,99.7,99.7,0
660,2480,2480,41.5,41.5,4,4,100.0,100.0,0
1185,2481,2481,41.5,41.5,240,240,100.0,100.0,0
714,2482,2482,41.5,41.5,73,73,99.88,99.88,0
604,2483,2483,41.5,41.5,3,3,100.0,100.0,0
525,2484,2484,41.5,41.5,16,16,100.0,100.0,0
1127,2485,2485,41.5,41.5,180,180,99.78,99.78,0
1648,2486,2486,41.5,41.5,27,27,99.43,99.43,0
167,2487,2487,41.5,41.5,2,2,98.7,98.7,0
541,2488,2488,41.5,41.5,16,16,100.0,100.0,0
1317,2489,2489,41.5,41.5,163,163,99.9,99.9,0
2683,2490,2490,41.5,41.5,48,48,99.16,99.16,0
206,2491,2491,41.5,41.5,1,1,98.7,98.7,0
3235,2492,2492,41.5,41.5,84,84,99.9,99.9,0
3003,2493,2493,41.5,41.5,21,21,100.0,100.0,0
3388,2494,2494,41.5,41.5,207,207,99.92,99.92,0
175,2495,2495,41.5,41.5,2,2,98.7,98.7,0
3211,2496,2496,41.5,41.5,16,16,99.9,99.9,0
1486,2497,2497,41.4,41.4,19,19,99.0,99.0,0
2690,2498,2498,41.4,41.4,1,1,99.9,99.9,0
3005,2499,2499,41.4,41.4,76,76,100.0,100.0,0
1840,2500,2500,41.4,41.4,45,45,99.21,99.21,0
1154,2501,2501,41.4,41.4,38,38,99.8,99.8,0
228,2502,2502,41.4,41.4,1,1,98.7,98.7,0
1132,2503,2503,41.4,41.4,41,41,99.8,99.8,0
2182,2504,2504,41.4,41.4,99,99,100.0,100.0,0
542,2505,2505,41.4,41.4,16,16,100.0,100.0,0
3696,2506,2506,41.3,41.3,1,1,98.9,98.9,0
2913,2507,2507,41.3,41.3,9,9,99.68,99.68,0
3422,2508,2508,41.3,41.3,154,154,99.9,99.9,0
669,2509,2509,41.3,41.3,4,4,100.0,100.0,0
1923,2510,2510,41.3,41.3,12,12,99.4,99.4,0
3373,2511,2511,41.3,41.3,189,189,99.9,99.9,0
404,2512,2512,41.3,41.3,4,4,100.0,100.0,0
3468,2513,2513,41.3,41.3,139,139,100.0,100.0,0
3030,2514,2514,41.3,41.3,17,17,100.0,100.0,0
514,2515,2515,41.3,41.3,3,3,100.0,100.0,0
823,2516,2516,41.3,41.3,9,9,99.7,99.7,0
1686,2517,2517,41.3,41.3,11,11,99.9,99.9,0
1716,2518,2518,41.3,41.3,11,11,99.9,99.9,0
3461,2519,2519,41.3,41.3,181,181,99.9,99.9,0
3846,2520,2520,41.3,41.3,1,1,98.9,98.9,0
3293,2521,2521,41.3,41.3,48,48,99.54,99.54,0
1186,2522,2522,41.2,41.2,221,221,100.0,100.0,0
3254,2523,2523,41.2,41.2,11,11,99.9,99.9,0
1568,2524,2524,41.2,41.2,36,36,98.5,98.5,0
894,2525,2525,41.2,41.2,56,56,99.95,99.95,0
1076,2526,2526,41.2,41.2,120,120,100.0,100.0,0
3890,2527,2527,41.2,41.2,11,11,100.0,100.0,0
3714,2528,2528,41.2,41.2,18,18,98.9,98.9,0
337,2529,2529,41.2,41.2,4,4,100.0,100.0,0
1077,2530,2530,41.2,41.2,165,165,100.0,100.0,0
34,2531,2531,41.2,41.2,2,2,98.7,98.7,0
903,2532,2532,41.2,41.2,3,3,100.0,100.0,0
3709,2533,2533,41.1,41.1,18,18,98.9,98.9,0
3680,2534,2534,41.1,41.1,1,1,98.9,98.9,0
939,2535,2535,41.1,41.1,37,37,100.0,100.0,0
603,2536,2536,41.1,41.1,4,4,100.0,100.0,0
1545,2537,2537,41.1,41.1,12,12,99.7,99.7,0
2914,2538,2538,41.1,41.1,9,9,99.7,99.7,0
2966,2539,2539,41.1,41.1,21,21,100.0,100.0,0
422,2540,2540,41.1,41.1,3,3,100.0,100.0,0
3220,2541,2541,41.1,41.1,5,5,99.9,99.9,0
118,2542,2542,41.1,41.1,7,7,99.3,99.3,0
3619,2543,2543,41.1,41.1,5,5,99.9,99.9,0
1171,2544,2544,41.1,41.1,152,152,100.0,100.0,0
757,2545,2545,41.1,41.1,37,37,100.0,100.0,0
651,2546,2546,41.1,41.1,5,5,100.0,100.0,0
3252,2547,2547,41.1,41.1,17,17,99.9,99.9,0
1373,2548,2548,41.1,41.1,26,26,100.0,100.0,0
2061,2549,2549,41.0,41.0,11,11,100.0,100.0,0
2596,2550,2550,41.0,41.0,145,145,99.71,99.71,0
572,2551,2551,41.0,41.0,12,12,99.9,99.9,0
2696,2552,2552,41.0,41.0,103,103,99.39,99.39,0
2315,2553,2553,41.0,41.0,12,12,99.7,99.7,0
3136,2554,2554,41.0,41.0,24,24,100.0,100.0,0
613,2555,2555,41.0,41.0,2,2,100.0,100.0,0
3161,2556,2556,40.9,40.9,34,34,99.81,99.81,0
2907,2557,2557,40.9,40.9,9,9,99.57,99.57,0
483,2558,2558,40.9,40.9,12,12,99.9,99.9,0
1546,2559,2559,40.9,40.9,12,12,99.7,99.7,0
2976,2560,2560,40.9,40.9,18,18,100.0,100.0,0
1549,2561,2561,40.9,40.9,12,12,99.7,99.7,0
3251,2562,2562,40.9,40.9,12,12,99.9,99.9,0
2423,2563,2563,40.9,40.9,48,48,99.68,99.68,0
1314,2564,2564,40.9,40.9,163,163,99.9,99.9,0
3588,2565,2565,40.9,40.9,130,130,99.9,99.9,0
2044,2566,2566,40.9,40.9,11,11,100.0,100.0,0
562,2567,2567,40.9,40.9,16,16,100.0,100.0,0
1656,2568,2568,40.9,40.9,12,12,99.7,99.7,0
2494,2569,2569,40.9,40.9,10,10,99.65,99.65,0
1118,2570,2570,40.8,40.8,38,38,99.8,99.8,0
580,2571,2571,40.8,40.8,12,12,99.9,99.9,0
928,2572,2572,40.8,40.8,37,37,100.0,100.0,0
3520,2573,2573,40.8,40.8,8,8,100.0,100.0,0
1331,2574,2574,40.8,40.8,206,206,99.83,99.83,0
2681,2575,2575,40.8,40.8,57,57,99.0,99.0,0
3033,2576,2576,40.8,40.8,64,64,100.0,100.0,0
2614,2577,2577,40.8,40.8,220,220,99.62,99.62,0
957,2578,2578,40.8,40.8,37,37,100.0,100.0,0
133,2579,2579,40.8,40.8,38,38,99.8,99.8,0
1712,2580,2580,40.8,40.8,247,247,99.0,99.0,0
3607,2581,2581,40.8,40.8,4,4,99.9,99.9,0
1674,2582,2582,40.7,40.7,1,1,99.9,99.9,0
1715,2583,2583,40.7,40.7,35,35,99.22,99.22,0
2809,2584,2584,40.7,40.7,6,6,98.6,98.6,0
578,2585,2585,40.7,40.7,12,12,99.9,99.9,0
709,2586,2586,40.7,40.7,37,37,100.0,100.0,0
881,2587,2587,40.7,40.7,37,37,100.0,100.0,0
2519,2588,2588,40.7,40.7,2,2,98.7,98.7,0
927,2589,2589,40.7,40.7,58,58,100.0,100.0,0
3464,2590,2590,40.7,40.7,190,190,100.0,100.0,0
3047,2591,2591,40.7,40.7,226,226,100.0,100.0,0
3668,2592,2592,40.7,40.7,1,1,98.9,98.9,0
1047,2593,2593,40.7,40.7,102,102,99.9,99.9,0
2942,2594,2594,40.7,40.7,10,10,99.7,99.7,0
1075,2595,2595,40.6,40.6,165,165,100.0,100.0,0
199,2596,2596,40.6,40.6,2,2,98.7,98.7,0
1766,2597,2597,40.6,40.6,145,145,97.05,97.05,0
1318,2598,2598,40.6,40.6,163,163,99.9,99.9,0
3038,2599,2599,40.6,40.6,18,18,100.0,100.0,0
1316,2600,2600,40.6,40.6,171,171,99.9,99.9,0
2051,2601,2601,40.6,40.6,8,8,100.0,100.0,0
3398,2602,2602,40.6,40.6,99,99,100.0,100.0,0
3606,2603,2603,40.6,40.6,5,5,99.9,99.9,0
3682,2604,2604,40.6,40.6,1,1,98.9,98.9,0
1246,2605,2605,40.6,40.6,16,16,100.0,100.0,0
2183,2606,2606,40.5,40.5,93,93,100.0,100.0,0
3609,2607,2607,40.5,40.5,2,2,99.7,99.7,0
1758,2608,2608,40.5,40.5,9,9,99.9,99.9,0
136,2609,2609,40.5,40.5,32,32,99.3,99.3,0
3305,2610,2610,40.5,40.5,150,150,99.99,99.99,0
1081,2611,2611,40.5,40.5,98,98,100.0,100.0,0
3284,2612,2612,40.5,40.5,25,25,99.3,99.3,0
1575,2613,2613,40.5,40.5,12,12,99.7,99.7,0
3173,2614,2614,40.5,40.5,1,1,99.8,99.8,0
522,2615,2615,40.5,40.5,12,12,99.9,99.9,0
653,2616,2616,40.5,40.5,5,5,100.0,100.0,0
1108,2617,2617,40.5,40.5,95,95,100.0,100.0,0
3215,2618,2618,40.4,40.4,25,25,99.93,99.93,0
2688,2619,2619,40.4,40.4,1,1,99.9,99.9,0
3209,2620,2620,40.4,40.4,23,23,100.0,100.0,0
2053,2621,2621,40.4,40.4,8,8,100.0,100.0,0
3261,2622,2622,40.4,40.4,30,30,99.9,99.9,0
3180,2623,2623,40.4,40.4,2,2,99.8,99.8,0
1394,2624,2624,40.4,40.4,6,6,99.9,99.9,0
2935,2625,2625,40.4,40.4,12,12,99.7,99.7,0
3185,2626,2626,40.4,40.4,27,27,100.0,100.0,0
1714,2627,2627,40.4,40.4,9,9,99.9,99.9,0
2602,2628,2628,40.4,40.4,177,177,99.7,99.7,0
1381,2629,2629,40.4,40.4,1,1,99.9,99.9,0
579,2630,2630,40.4,40.4,2,2,99.9,99.9,0
1762,2631,2631,40.3,40.3,36,36,97.71,97.71,0
2123,2632,2632,40.3,40.3,2,2,98.9,98.9,0
3191,2633,2633,40.3,40.3,2,2,99.9,99.9,0
2482,2634,2634,40.3,40.3,3,3,99.03,99.03,0
569,2635,2635,40.3,40.3,9,9,99.9,99.9,0
2034,2636,2636,40.3,40.3,8,8,100.0,100.0,0
1315,2637,2637,40.3,40.3,149,149,99.9,99.9,0
3031,2638,2638,40.3,40.3,18,18,100.0,100.0,0
3713,2639,2639,40.3,40.3,18,18,98.9,98.9,0
1649,2640,2640,40.3,40.3,12,12,99.7,99.7,0
2478,2641,2641,40.3,40.3,12,12,99.7,99.7,0
2891,2642,2642,40.2,40.2,12,12,99.7,99.7,0
3119,2643,2643,40.2,40.2,63,63,99.91,99.91,0
560,2644,2644,40.2,40.2,13,13,100.0,100.0,0
3470,2645,2645,40.2,40.2,104,104,99.75,99.75,0
503,2646,2646,40.2,40.2,2,2,100.0,100.0,0
1037,2647,2647,40.2,40.2,72,72,99.88,99.88,0
2909,2648,2648,40.2,40.2,9,9,99.68,99.68,0
1886,2649,2649,40.1,40.1,12,12,99.4,99.4,0
3359,2650,2650,40.1,40.1,2,2,100.0,100.0,0
917,2651,2651,40.1,40.1,9,9,100.0,100.0,0
1757,2652,2652,40.1,40.1,9,9,99.9,99.9,0
568,2653,2653,40.1,40.1,2,2,99.9,99.9,0
3040,2654,2654,40.1,40.1,18,18,100.0,100.0,0
1183,2655,2655,40.1,40.1,29,29,99.5,99.5,0
1136,2656,2656,40.1,40.1,38,38,99.8,99.8,0
238,2657,2657,40.1,40.1,5,5,99.44,99.44,0
1046,2658,2658,40.1,40.1,303,303,100.0,100.0,0
867,2659,2659,40.0,40.0,1,1,99.8,99.8,0
512,2660,2660,40.0,40.0,2,2,100.0,100.0,0
2705,2661,2661,40.0,40.0,21,21,99.77,99.77,0
785,2662,2662,40.0,40.0,1,1,99.8,99.8,0
188,2663,2663,40.0,40.0,1,1,98.7,98.7,0
1148,2664,2664,40.0,40.0,38,38,99.8,99.8,0
1307,2665,2665,40.0,40.0,172,172,99.88,99.88,0
3263,2666,2666,40.0,40.0,97,97,99.9,99.9,0
1310,2667,2667,40.0,40.0,174,174,99.9,99.9,0
1572,2668,2668,40.0,40.0,104,104,99.67,99.67,0
2932,2669,2669,39.9,39.9,12,12,99.7,99.7,0
3342,2670,2670,39.9,39.9,2,2,100.0,100.0,0
3023,2671,2671,39.9,39.9,18,18,100.0,100.0,0
2936,2672,2672,39.9,39.9,12,12,99.7,99.7,0
3662,2673,2673,39.9,39.9,1,1,98.9,98.9,0
2693,2674,2674,39.9,39.9,57,57,99.7,99.7,0
3037,2675,2675,39.9,39.9,18,18,100.0,100.0,0
2033,2676,2676,39.9,39.9,11,11,100.0,100.0,0
3255,2677,2677,39.9,39.9,12,12,99.9,99.9,0
3537,2678,2678,39.9,39.9,137,137,100.0,100.0,0
3181,2679,2679,39.9,39.9,68,68,100.0,100.0,0
1495,2680,2680,39.9,39.9,40,40,98.91,98.91,0
2689,2681,2681,39.9,39.9,10,10,99.9,99.9,0
877,2682,2682,39.9,39.9,37,37,100.0,100.0,0
705,2683,2683,39.9,39.9,37,37,100.0,100.0,0
3614,2684,2684,39.9,39.9,5,5,99.9,99.9,0
154,2685,2685,39.8,39.8,34,34,99.67,99.67,0
3698,2686,2686,39.8,39.8,1,1,98.9,98.9,0
3265,2687,2687,39.8,39.8,12,12,99.9,99.9,0
3550,2688,2688,39.8,39.8,22,22,99.88,99.88,0
784,2689,2689,39.8,39.8,1,1,99.8,99.8,0
2521,2690,2690,39.8,39.8,4,4,99.21,99.21,0
918,2691,2691,39.8,39.8,9,9,100.0,100.0,0
1645,2692,2692,39.8,39.8,12,12,99.7,99.7,0
35,2693,2693,39.8,39.8,2,2,98.7,98.7,0
1094,2694,2694,39.8,39.8,16,16,100.0,100.0,0
954,2695,2695,39.8,39.8,55,55,100.0,100.0,0
3205,2696,2696,39.8,39.8,34,34,99.92,99.92,0
3639,2697,2697,39.8,39.8,1,1,98.9,98.9,0
1345,2698,2698,39.8,39.8,105,105,99.9,99.9,0
2783,2699,2699,39.7,39.7,46,46,99.03,99.03,0
3027,2700,2700,39.7,39.7,18,18,100.0,100.0,0
1835,2701,2701,39.7,39.7,12,12,99.7,99.7,0
2581,2702,2702,39.7,39.7,11,11,99.9,99.9,0
955,2703,2703,39.7,39.7,44,44,100.0,100.0,0
2141,2704,2704,39.7,39.7,5,5,99.5,99.5,0
1750,2705,2705,39.7,39.7,11,11,99.9,99.9,0
3850,2706,2706,39.7,39.7,22,22,98.9,98.9,0
1272,2707,2707,39.7,39.7,291,291,100.0,100.0,0
1204,2708,2708,39.7,39.7,66,66,99.84,99.84,0
2195,2709,2709,39.7,39.7,59,59,100.0,100.0,0
3658,2710,2710,39.7,39.7,1,1,98.9,98.9,0
1397,2711,2711,39.7,39.7,7,7,99.91,99.91,0
3274,2712,2712,39.6,39.6,37,37,99.3,99.3,0
3243,2713,2713,39.6,39.6,115,115,99.9,99.9,0
2153,2714,2714,39.6,39.6,35,35,100.0,100.0,0
3638,2715,2715,39.6,39.6,1,1,98.9,98.9,0
919,2716,2716,39.5,39.5,9,9,100.0,100.0,0
600,2717,2717,39.5,39.5,2,2,100.0,100.0,0
3475,2718,2718,39.5,39.5,48,48,99.7,99.7,0
1884,2719,2719,39.5,39.5,12,12,99.4,99.4,0
3515,2720,2720,39.5,39.5,141,141,100.0,100.0,0
2199,2721,2721,39.5,39.5,4,4,99.0,99.0,0
1718,2722,2722,39.5,39.5,11,11,99.9,99.9,0
106,2723,2723,39.5,39.5,85,85,100.0,100.0,0
2984,2724,2724,39.5,39.5,17,17,100.0,100.0,0
2671,2725,2725,39.5,39.5,57,57,99.7,99.7,0
3374,2726,2726,39.5,39.5,157,157,99.92,99.92,0
567,2727,2727,39.5,39.5,8,8,99.9,99.9,0
1205,2728,2728,39.5,39.5,96,96,99.9,99.9,0
3041,2729,2729,39.5,39.5,11,11,100.0,100.0,0
3227,2730,2730,39.5,39.5,10,10,100.0,100.0,0
2670,2731,2731,39.5,39.5,21,21,99.77,99.77,0
1178,2732,2732,39.4,39.4,115,115,99.84,99.84,0
480,2733,2733,39.4,39.4,12,12,99.9,99.9,0
3397,2734,2734,39.4,39.4,288,288,100.0,100.0,0
3043,2735,2735,39.4,39.4,18,18,100.0,100.0,0
3138,2736,2736,39.3,39.3,26,26,100.0,100.0,0
86,2737,2737,39.3,39.3,6,6,99.97,99.97,0
220,2738,2738,39.3,39.3,2,2,98.7,98.7,0
2865,2739,2739,39.3,39.3,12,12,99.7,99.7,0
345,2740,2740,39.3,39.3,63,63,100.0,100.0,0
26,2741,2741,39.3,39.3,2,2,98.7,98.7,0
3781,2742,2742,39.3,39.3,3,3,99.44,99.44,0
144,2743,2743,39.3,39.3,3,3,100.0,100.0,0
3358,2744,2744,39.3,39.3,2,2,100.0,100.0,0
3025,2745,2745,39.3,39.3,31,31,100.0,100.0,0
1069,2746,2746,39.3,39.3,152,152,99.96,99.96,0
1664,2747,2747,39.3,39.3,17,17,99.76,99.76,0
1889,2748,2748,39.3,39.3,52,52,100.0,100.0,0
910,2749,2749,39.3,39.3,37,37,100.0,100.0,0
3507,2750,2750,39.3,39.3,138,138,100.0,100.0,0
747,2751,2751,39.3,39.3,252,252,99.9,99.9,0
391,2752,2752,39.3,39.3,63,63,100.0,100.0,0
960,2753,2753,39.3,39.3,37,37,100.0,100.0,0
2499,2754,2754,39.2,39.2,12,12,99.7,99.7,0
2410,2755,2755,39.2,39.2,22,22,99.8,99.8,0
3829,2756,2756,39.2,39.2,1,1,98.9,98.9,0
3445,2757,2757,39.2,39.2,197,197,99.9,99.9,0
574,2758,2758,39.2,39.2,3,3,99.9,99.9,0
1627,2759,2759,39.2,39.2,2,2,98.5,98.5,0
3491,2760,2760,39.2,39.2,73,73,99.7,99.7,0
3039,2761,2761,39.2,39.2,18,18,100.0,100.0,0
2972,2762,2762,39.2,39.2,14,14,100.0,100.0,0
1221,2763,2763,39.2,39.2,28,28,100.0,100.0,0
3346,2764,2764,39.1,39.1,2,2,100.0,100.0,0
2022,2765,2765,39.1,39.1,1,1,98.9,98.9,0
1110,2766,2766,39.1,39.1,146,146,100.0,100.0,0
3392,2767,2767,39.1,39.1,196,196,99.9,99.9,0
663,2768,2768,39.1,39.1,3,3,100.0,100.0,0
3500,2769,2769,39.1,39.1,1,1,99.9,99.9,0
1685,2770,2770,39.1,39.1,11,11,99.9,99.9,0
1366,2771,2771,39.1,39.1,9,9,100.0,100.0,0
3024,2772,2772,39.1,39.1,18,18,100.0,100.0,0
3834,2773,2773,39.1,39.1,1,1,98.9,98.9,0
1632,2774,2774,39.1,39.1,1,1,99.2,99.2,0
3887,2775,2775,39.0,39.0,3,3,99.96,99.96,0
1741,2776,2776,39.0,39.0,9,9,99.9,99.9,0
1143,2777,2777,39.0,39.0,162,162,99.9,99.9,0
1214,2778,2778,39.0,39.0,101,101,100.0,100.0,0
1382,2779,2779,39.0,39.0,5,5,99.9,99.9,0
3328,2780,2780,39.0,39.0,2,2,100.0,100.0,0
2927,2781,2781,39.0,39.0,9,9,99.7,99.7,0
2921,2782,2782,39.0,39.0,5,5,99.4,99.4,0
3158,2783,2783,39.0,39.0,3,3,99.8,99.8,0
2085,2784,2784,39.0,39.0,252,252,99.76,99.76,0
3835,2785,2785,38.9,38.9,1,1,98.9,98.9,0
1139,2786,2786,38.9,38.9,38,38,99.8,99.8,0
931,2787,2787,38.9,38.9,57,57,100.0,100.0,0
134,2788,2788,38.9,38.9,49,49,99.8,99.8,0
3294,2789,2789,38.9,38.9,29,29,99.9,99.9,0
905,2790,2790,38.9,38.9,7,7,100.0,100.0,0
1124,2791,2791,38.9,38.9,38,38,99.8,99.8,0
148,2792,2792,38.9,38.9,2,2,100.0,100.0,0
1184,2793,2793,38.9,38.9,64,64,99.5,99.5,0
193,2794,2794,38.9,38.9,2,2,98.7,98.7,0
479,2795,2795,38.9,38.9,12,12,99.9,99.9,0
870,2796,2796,38.9,38.9,1,1,99.8,99.8,0
1319,2797,2797,38.9,38.9,125,125,99.9,99.9,0
707,2798,2798,38.9,38.9,37,37,100.0,100.0,0
872,2799,2799,38.9,38.9,89,89,99.93,99.93,0
3664,2800,2800,38.8,38.8,1,1,98.9,98.9,0
1385,2801,2801,38.8,38.8,4,4,99.9,99.9,0
3551,2802,2802,38.8,38.8,17,17,99.8,99.8,0
1014,2803,2803,38.8,38.8,145,145,100.0,100.0,0
2189,2804,2804,38.8,38.8,93,93,100.0,100.0,0
2154,2805,2805,38.8,38.8,15,15,100.0,100.0,0
2608,2806,2806,38.8,38.8,137,137,99.7,99.7,0
3381,2807,2807,38.8,38.8,189,189,100.0,100.0,0
1294,2808,2808,38.8,38.8,15,15,100.0,100.0,0
1208,2809,2809,38.8,38.8,66,66,99.87,99.87,0
1062,2810,2810,38.8,38.8,139,139,100.0,100.0,0
2968,2811,2811,38.8,38.8,16,16,100.0,100.0,0
3268,2812,2812,38.7,38.7,58,58,99.3,99.3,0
518,2813,2813,38.7,38.7,4,4,99.9,99.9,0
937,2814,2814,38.7,38.7,37,37,100.0,100.0,0
531,2815,2815,38.7,38.7,3,3,99.9,99.9,0
202,2816,2816,38.7,38.7,2,2,98.7,98.7,0
1063,2817,2817,38.7,38.7,165,165,100.0,100.0,0
2765,2818,2818,38.7,38.7,191,191,99.9,99.9,0
3543,2819,2819,38.6,38.6,9,9,99.8,99.8,0
926,2820,2820,38.6,38.6,37,37,100.0,100.0,0
349,2821,2821,38.6,38.6,62,62,100.0,100.0,0
31,2822,2822,38.6,38.6,2,2,98.7,98.7,0
1240,2823,2823,38.6,38.6,84,84,100.0,100.0,0
3330,2824,2824,38.6,38.6,2,2,100.0,100.0,0
32,2825,2825,38.6,38.6,1,1,98.7,98.7,0
2055,2826,2826,38.6,38.6,9,9,100.0,100.0,0
3723,2827,2827,38.6,38.6,18,18,98.9,98.9,0
3474,2828,2828,38.5,38.5,39,39,99.86,99.86,0
868,2829,2829,38.5,38.5,1,1,99.8,99.8,0
182,2830,2830,38.5,38.5,2,2,98.7,98.7,0
2682,2831,2831,38.5,38.5,22,22,99.21,99.21,0
633,2832,2832,38.5,38.5,4,4,99.9,99.9,0
3779,2833,2833,38.5,38.5,5,5,99.81,99.81,0
1861,2834,2834,38.5,38.5,47,47,99.64,99.64,0
538,2835,2835,38.5,38.5,16,16,100.0,100.0,0
706,2836,2836,38.4,38.4,47,47,99.96,99.96,0
2529,2837,2837,38.4,38.4,5,5,99.2,99.2,0
1095,2838,2838,38.4,38.4,16,16,100.0,100.0,0
3394,2839,2839,38.4,38.4,194,194,100.0,100.0,0
2911,2840,2840,38.4,38.4,12,12,99.41,99.41,0
3290,2841,2841,38.4,38.4,16,16,100.0,100.0,0
912,2842,2842,38.4,38.4,20,20,100.0,100.0,0
3477,2843,2843,38.4,38.4,63,63,99.9,99.9,0
3604,2844,2844,38.4,38.4,110,110,99.64,99.64,0
1105,2845,2845,38.4,38.4,19,19,100.0,100.0,0
2292,2846,2846,38.4,38.4,12,12,99.7,99.7,0
549,2847,2847,38.4,38.4,12,12,99.9,99.9,0
192,2848,2848,38.4,38.4,2,2,98.7,98.7,0
3018,2849,2849,38.3,38.3,93,93,100.0,100.0,0
2665,2850,2850,38.3,38.3,13,13,99.86,99.86,0
1843,2851,2851,38.3,38.3,51,51,99.38,99.38,0
859,2852,2852,38.3,38.3,19,19,99.9,99.9,0
1099,2853,2853,38.3,38.3,129,129,100.0,100.0,0
411,2854,2854,38.3,38.3,4,4,100.0,100.0,0
1979,2855,2855,38.3,38.3,13,13,99.8,99.8,0
3253,2856,2856,38.3,38.3,12,12,99.9,99.9,0
247,2857,2857,38.3,38.3,2,2,98.7,98.7,0
1145,2858,2858,38.3,38.3,82,82,99.87,99.87,0
2047,2859,2859,38.3,38.3,5,5,100.0,100.0,0
3348,2860,2860,38.3,38.3,2,2,100.0,100.0,0
263,2861,2861,38.2,38.2,2,2,98.7,98.7,0
3008,2862,2862,38.2,38.2,182,182,100.0,100.0,0
1071,2863,2863,38.2,38.2,134,134,99.9,99.9,0
1013,2864,2864,38.2,38.2,100,100,99.9,99.9,0
2687,2865,2865,38.2,38.2,7,7,99.9,99.9,0
1169,2866,2866,38.2,38.2,140,140,100.0,100.0,0
258,2867,2867,38.2,38.2,1,1,98.7,98.7,0
573,2868,2868,38.1,38.1,2,2,99.9,99.9,0
1065,2869,2869,38.1,38.1,165,165,100.0,100.0,0
1033,2870,2870,38.1,38.1,162,162,99.9,99.9,0
3028,2871,2871,38.1,38.1,18,18,100.0,100.0,0
2986,2872,2872,38.0,38.0,17,17,100.0,100.0,0
3264,2873,2873,38.0,38.0,12,12,99.9,99.9,0
547,2874,2874,38.0,38.0,12,12,99.9,99.9,0
3838,2875,2875,38.0,38.0,1,1,98.9,98.9,0
1369,2876,2876,38.0,38.0,4,4,100.0,100.0,0
1737,2877,2877,38.0,38.0,9,9,99.9,99.9,0
533,2878,2878,38.0,38.0,2,2,99.9,99.9,0
1016,2879,2879,38.0,38.0,152,152,99.91,99.91,0
2588,2880,2880,38.0,38.0,100,100,99.7,99.7,0
478,2881,2881,38.0,38.0,12,12,99.9,99.9,0
3363,2882,2882,38.0,38.0,2,2,100.0,100.0,0
1151,2883,2883,38.0,38.0,127,127,99.9,99.9,0
1067,2884,2884,38.0,38.0,45,45,99.98,99.98,0
2500,2885,2885,37.9,37.9,11,11,99.7,99.7,0
3575,2886,2886,37.9,37.9,11,11,99.8,99.8,0
2427,2887,2887,37.9,37.9,18,18,99.3,99.3,0
2057,2888,2888,37.9,37.9,11,11,100.0,100.0,0
3164,2889,2889,37.8,37.8,9,9,99.8,99.8,0
520,2890,2890,37.8,37.8,12,12,99.9,99.9,0
3376,2891,2891,37.8,37.8,110,110,99.98,99.98,0
3670,2892,2892,37.8,37.8,1,1,98.9,98.9,0
3248,2893,2893,37.8,37.8,6,6,99.9,99.9,0
3247,2894,2894,37.8,37.8,28,28,99.91,99.91,0
909,2895,2895,37.8,37.8,37,37,100.0,100.0,0
289,2896,2896,37.8,37.8,1,1,98.7,98.7,0
1160,2897,2897,37.8,37.8,104,104,99.91,99.91,0
3521,2898,2898,37.8,37.8,97,97,100.0,100.0,0
3350,2899,2899,37.7,37.7,1,1,100.0,100.0,0
1123,2900,2900,37.7,37.7,38,38,99.8,99.8,0
3517,2901,2901,37.7,37.7,33,33,100.0,100.0,0
1548,2902,2902,37.7,37.7,12,12,99.7,99.7,0
1141,2903,2903,37.7,37.7,38,38,99.8,99.8,0
1628,2904,2904,37.7,37.7,8,8,98.5,98.5,0
1113,2905,2905,37.7,37.7,38,38,99.8,99.8,0
3208,2906,2906,37.7,37.7,19,19,100.0,100.0,0
2952,2907,2907,37.7,37.7,12,12,99.7,99.7,0
3715,2908,2908,37.7,37.7,18,18,98.9,98.9,0
1279,2909,2909,37.7,37.7,26,26,100.0,100.0,0
3300,2910,2910,37.6,37.6,129,129,100.0,100.0,0
267,2911,2911,37.6,37.6,2,2,98.7,98.7,0
1431,2912,2912,37.6,37.6,186,186,98.8,98.8,0
3827,2913,2913,37.6,37.6,1,1,98.9,98.9,0
3343,2914,2914,37.6,37.6,2,2,100.0,100.0,0
963,2915,2915,37.6,37.6,37,37,100.0,100.0,0
1064,2916,2916,37.6,37.6,165,165,100.0,100.0,0
2580,2917,2917,37.6,37.6,11,11,99.9,99.9,0
229,2918,2918,37.6,37.6,2,2,98.7,98.7,0
2505,2919,2919,37.5,37.5,5,5,99.9,99.9,0
863,2920,2920,37.5,37.5,15,15,99.9,99.9,0
1344,2921,2921,37.5,37.5,154,154,99.9,99.9,0
1201,2922,2922,37.5,37.5,99,99,99.9,99.9,0
1144,2923,2923,37.5,37.5,93,93,99.88,99.88,0
532,2924,2924,37.5,37.5,12,12,99.9,99.9,0
2892,2925,2925,37.5,37.5,12,12,99.7,99.7,0
3383,2926,2926,37.5,37.5,184,184,100.0,100.0,0
880,2927,2927,37.5,37.5,37,37,100.0,100.0,0
2036,2928,2928,37.4,37.4,11,11,100.0,100.0,0
2497,2929,2929,37.4,37.4,11,11,99.7,99.7,0
704,2930,2930,37.4,37.4,37,37,100.0,100.0,0
3538,2931,2931,37.4,37.4,171,171,100.0,100.0,0
246,2932,2932,37.4,37.4,1,1,98.7,98.7,0
1206,2933,2933,37.4,37.4,71,71,99.88,99.88,0
543,2934,2934,37.4,37.4,16,16,100.0,100.0,0
1576,2935,2935,37.4,37.4,12,12,99.7,99.7,0
2306,2936,2936,37.4,37.4,12,12,99.7,99.7,0
1074,2937,2937,37.4,37.4,157,157,100.0,100.0,0
1173,2938,2938,37.3,37.3,153,153,100.0,100.0,0
2586,2939,2939,37.3,37.3,21,21,99.78,99.78,0
3552,2940,2940,37.3,37.3,52,52,99.8,99.8,0
3212,2941,2941,37.3,37.3,75,75,99.9,99.9,0
1019,2942,2942,37.3,37.3,100,100,99.9,99.9,0
873,2943,2943,37.3,37.3,37,37,100.0,100.0,0
1260,2944,2944,37.3,37.3,65,65,100.0,100.0,0
1282,2945,2945,37.3,37.3,22,22,100.0,100.0,0
195,2946,2946,37.3,37.3,2,2,98.7,98.7,0
1100,2947,2947,37.3,37.3,157,157,100.0,100.0,0
3296,2948,2948,37.2,37.2,6,6,99.3,99.3,0
2606,2949,2949,37.2,37.2,163,163,99.7,99.7,0
545,2950,2950,37.2,37.2,12,12,99.9,99.9,0
1743,2951,2951,37.2,37.2,11,11,99.9,99.9,0
3471,2952,2952,37.2,37.2,52,52,99.7,99.7,0
434,2953,2953,37.2,37.2,4,4,100.0,100.0,0
91,2954,2954,37.2,37.2,8,8,100.0,100.0,0
3260,2955,2955,37.2,37.2,12,12,99.9,99.9,0
3633,2956,2956,37.2,37.2,1,1,98.9,98.9,0
1283,2957,2957,37.2,37.2,57,57,100.0,100.0,0
487,2958,2958,37.2,37.2,16,16,100.0,100.0,0
1040,2959,2959,37.2,37.2,144,144,99.9,99.9,0
3536,2960,2960,37.1,37.1,219,219,100.0,100.0,0
1396,2961,2961,37.1,37.1,11,11,99.9,99.9,0
544,2962,2962,37.1,37.1,12,12,99.9,99.9,0
2532,2963,2963,37.1,37.1,58,58,99.7,99.7,0
1102,2964,2964,37.1,37.1,15,15,99.98,99.98,0
1967,2965,2965,37.1,37.1,11,11,100.0,100.0,0
3616,2966,2966,37.1,37.1,10,10,99.7,99.7,0
3137,2967,2967,37.1,37.1,10,10,100.0,100.0,0
3590,2968,2968,37.1,37.1,24,24,99.9,99.9,0
3595,2969,2969,37.0,37.0,3,3,99.8,99.8,0
3480,2970,2970,37.0,37.0,59,59,99.9,99.9,0
2960,2971,2971,37.0,37.0,5,5,100.0,100.0,0
3634,2972,2972,37.0,37.0,1,1,98.9,98.9,0
1068,2973,2973,37.0,37.0,45,45,99.98,99.98,0
1147,2974,2974,37.0,37.0,100,100,99.9,99.9,0
234,2975,2975,37.0,37.0,2,2,98.7,98.7,0
664,2976,2976,37.0,37.0,3,3,100.0,100.0,0
3549,2977,2977,37.0,37.0,2,2,99.8,99.8,0
1029,2978,2978,37.0,37.0,40,40,99.81,99.81,0
2584,2979,2979,37.0,37.0,28,28,99.74,99.74,0
625,2980,2980,37.0,37.0,4,4,100.0,100.0,0
2333,2981,2981,37.0,37.0,12,12,99.7,99.7,0
1189,2982,2982,37.0,37.0,101,101,99.92,99.92,0
3331,2983,2983,37.0,37.0,2,2,100.0,100.0,0
2905,2984,2984,37.0,37.0,12,12,99.7,99.7,0
2958,2985,2985,37.0,37.0,9,9,99.7,99.7,0
2926,2986,2986,37.0,37.0,12,12,99.7,99.7,0
1203,2987,2987,36.9,36.9,86,86,99.89,99.89,0
3594,2988,2988,36.9,36.9,5,5,99.8,99.8,0
1191,2989,2989,36.9,36.9,96,96,99.9,99.9,0
2179,2990,2990,36.9,36.9,87,87,100.0,100.0,0
3275,2991,2991,36.9,36.9,52,52,99.3,99.3,0
427,2992,2992,36.9,36.9,3,3,100.0,100.0,0
3598,2993,2993,36.8,36.8,3,3,99.9,99.9,0
87,2994,2994,36.8,36.8,111,111,99.91,99.91,0
523,2995,2995,36.8,36.8,5,5,100.0,100.0,0
1090,2996,2996,36.8,36.8,16,16,100.0,100.0,0
2194,2997,2997,36.8,36.8,11,11,100.0,100.0,0
3866,2998,2998,36.8,36.8,1,1,98.9,98.9,0
1167,2999,2999,36.8,36.8,153,153,100.0,100.0,0
3154,3000,3000,36.8,36.8,33,33,99.8,99.8,0
3007,3001,3001,36.8,36.8,21,21,100.0,100.0,0
3597,3002,3002,36.8,36.8,84,84,99.9,99.9,0
546,3003,3003,36.8,36.8,12,12,99.91,99.91,0
3360,3004,3004,36.8,36.8,2,2,100.0,100.0,0
200,3005,3005,36.8,36.8,2,2,98.7,98.7,0
2882,3006,3006,36.8,36.8,27,27,99.8,99.8,0
145,3007,3007,36.7,36.7,3,3,100.0,100.0,0
455,3008,3008,36.7,36.7,63,63,100.0,100.0,0
3587,3009,3009,36.7,36.7,8,8,99.9,99.9,0
3017,3010,3010,36.7,36.7,82,82,100.0,100.0,0
3711,3011,3011,36.7,36.7,18,18,98.9,98.9,0
3259,3012,3012,36.7,36.7,8,8,99.94,99.94,0
537,3013,3013,36.7,36.7,16,16,100.0,100.0,0
1039,3014,3014,36.7,36.7,127,127,99.91,99.91,0
1751,3015,3015,36.7,36.7,7,7,99.9,99.9,0
2296,3016,3016,36.6,36.6,12,12,99.7,99.7,0
2823,3017,3017,36.6,36.6,39,39,98.8,98.8,0
1193,3018,3018,36.6,36.6,90,90,100.0,100.0,0
1179,3019,3019,36.6,36.6,119,119,99.93,99.93,0
2017,3020,3020,36.6,36.6,30,30,100.0,100.0,0
3200,3021,3021,36.6,36.6,75,75,100.0,100.0,0
1850,3022,3022,36.6,36.6,110,110,99.7,99.7,0
3615,3023,3023,36.6,36.6,7,7,99.9,99.9,0
2501,3024,3024,36.6,36.6,11,11,99.7,99.7,0
3289,3025,3025,36.6,36.6,2,2,100.0,100.0,0
111,3026,3026,36.6,36.6,9,9,100.0,100.0,0
2691,3027,3027,36.6,36.6,11,11,99.9,99.9,0
2479,3028,3028,36.6,36.6,7,7,99.7,99.7,0
1097,3029,3029,36.5,36.5,36,36,99.97,99.97,0
3140,3030,3030,36.5,36.5,54,54,100.0,100.0,0
2703,3031,3031,36.5,36.5,15,15,99.83,99.83,0
243,3032,3032,36.5,36.5,4,4,99.51,99.51,0
2931,3033,3033,36.5,36.5,9,9,99.7,99.7,0
3524,3034,3034,36.5,36.5,151,151,100.0,100.0,0
489,3035,3035,36.5,36.5,9,9,100.0,100.0,0
561,3036,3036,36.5,36.5,2,2,100.0,100.0,0
929,3037,3037,36.4,36.4,37,37,100.0,100.0,0
3503,3038,3038,36.4,36.4,129,129,100.0,100.0,0
553,3039,3039,36.4,36.4,12,12,99.9,99.9,0
2940,3040,3040,36.4,36.4,12,12,99.7,99.7,0
296,3041,3041,36.3,36.3,1,1,98.7,98.7,0
3272,3042,3042,36.3,36.3,55,55,99.53,99.53,0
2490,3043,3043,36.3,36.3,12,12,99.7,99.7,0
3097,3044,3044,36.3,36.3,18,18,100.0,100.0,0
481,3045,3045,36.3,36.3,7,7,99.9,99.9,0
1646,3046,3046,36.3,36.3,12,12,99.7,99.7,0
1689,3047,3047,36.3,36.3,11,11,99.9,99.9,0
1082,3048,3048,36.3,36.3,90,90,100.0,100.0,0
3019,3049,3049,36.3,36.3,55,55,100.0,100.0,0
513,3050,3050,36.3,36.3,2,2,100.0,100.0,0
1149,3051,3051,36.3,36.3,38,38,99.8,99.8,0
56,3052,3052,36.2,36.2,1,1,98.7,98.7,0
4012,3053,3053,36.2,36.2,1,1,98.9,98.9,0
2867,3054,3054,36.2,36.2,12,12,99.7,99.7,0
1015,3055,3055,36.2,36.2,116,116,99.9,99.9,0
2118,3056,3056,36.2,36.2,34,34,99.49,99.49,0
1710,3057,3057,36.2,36.2,147,147,99.0,99.0,0
475,3058,3058,36.2,36.2,5,5,100.0,100.0,0
3386,3059,3059,36.2,36.2,97,97,100.0,100.0,0
3084,3060,3060,36.2,36.2,2,2,100.0,100.0,0
582,3061,3061,36.2,36.2,7,7,99.9,99.9,0
412,3062,3062,36.2,36.2,4,4,100.0,100.0,0
2697,3063,3063,36.2,36.2,57,57,99.7,99.7,0
3601,3064,3064,36.1,36.1,27,27,99.64,99.64,0
233,3065,3065,36.1,36.1,2,2,98.7,98.7,0
3233,3066,3066,36.1,36.1,1,1,100.0,100.0,0
2496,3067,3067,36.1,36.1,12,12,99.7,99.7,0
1192,3068,3068,36.1,36.1,83,83,99.99,99.99,0
2956,3069,3069,36.1,36.1,12,12,99.7,99.7,0
3239,3070,3070,36.1,36.1,104,104,99.9,99.9,0
3488,3071,3071,36.1,36.1,36,36,99.7,99.7,0
3592,3072,3072,36.1,36.1,2,2,99.8,99.8,0
1329,3073,3073,36.1,36.1,174,174,99.9,99.9,0
2534,3074,3074,36.1,36.1,77,77,99.51,99.51,0
565,3075,3075,36.1,36.1,16,16,100.0,100.0,0
485,3076,3076,36.0,36.0,16,16,100.0,100.0,0
1115,3077,3077,36.0,36.0,38,38,99.8,99.8,0
1092,3078,3078,36.0,36.0,16,16,100.0,100.0,0
2116,3079,3079,36.0,36.0,203,203,99.5,99.5,0
3241,3080,3080,36.0,36.0,2,2,99.9,99.9,0
3000,3081,3081,36.0,36.0,10,10,100.0,100.0,0
539,3082,3082,36.0,36.0,16,16,100.0,100.0,0
1978,3083,3083,36.0,36.0,15,15,99.8,99.8,0
556,3084,3084,35.9,35.9,12,12,99.9,99.9,0
1367,3085,3085,35.9,35.9,5,5,100.0,100.0,0
2953,3086,3086,35.9,35.9,12,12,99.7,99.7,0
1755,3087,3087,35.9,35.9,10,10,99.9,99.9,0
3782,3088,3088,35.9,35.9,10,10,100.0,100.0,0
2880,3089,3089,35.9,35.9,12,12,99.7,99.7,0
2889,3090,3090,35.9,35.9,12,12,99.7,99.7,0
2785,3091,3091,35.9,35.9,42,42,99.04,99.04,0
1093,3092,3092,35.8,35.8,15,15,99.99,99.99,0
2897,3093,3093,35.8,35.8,12,12,99.7,99.7,0
3785,3094,3094,35.8,35.8,5,5,99.4,99.4,0
1103,3095,3095,35.8,35.8,13,13,99.93,99.93,0
1308,3096,3096,35.8,35.8,167,167,99.9,99.9,0
3435,3097,3097,35.8,35.8,155,155,99.9,99.9,0
3605,3098,3098,35.8,35.8,48,48,99.5,99.5,0
2858,3099,3099,35.7,35.7,12,12,99.7,99.7,0
2032,3100,3100,35.7,35.7,2,2,100.0,100.0,0
911,3101,3101,35.7,35.7,17,17,100.0,100.0,0
2493,3102,3102,35.7,35.7,12,12,99.7,99.7,0
491,3103,3103,35.7,35.7,13,13,100.0,100.0,0
1713,3104,3104,35.7,35.7,11,11,99.9,99.9,0
2308,3105,3105,35.7,35.7,12,12,99.7,99.7,0
617,3106,3106,35.7,35.7,4,4,99.9,99.9,0
1650,3107,3107,35.6,35.6,12,12,99.7,99.7,0
161,3108,3108,35.6,35.6,10,10,99.3,99.3,0
3978,3109,3109,35.6,35.6,3,3,100.0,100.0,0
493,3110,3110,35.6,35.6,6,6,99.9,99.9,0
3085,3111,3111,35.6,35.6,2,2,100.0,100.0,0
1073,3112,3112,35.5,35.5,165,165,100.0,100.0,0
1333,3113,3113,35.5,35.5,174,174,99.9,99.9,0
2925,3114,3114,35.5,35.5,12,12,99.7,99.7,0
3297,3115,3115,35.5,35.5,4,4,99.9,99.9,0
3214,3116,3116,35.5,35.5,16,16,99.9,99.9,0
18,3117,3117,35.5,35.5,2,2,98.7,98.7,0
1059,3118,3118,35.5,35.5,100,100,99.9,99.9,0
186,3119,3119,35.5,35.5,2,2,98.7,98.7,0
3139,3120,3120,35.5,35.5,55,55,100.0,100.0,0
505,3121,3121,35.4,35.4,6,6,99.96,99.96,0
2571,3122,3122,35.4,35.4,26,26,99.75,99.75,0
3222,3123,3123,35.4,35.4,27,27,99.9,99.9,0
1032,3124,3124,35.4,35.4,100,100,99.9,99.9,0
2963,3125,3125,35.4,35.4,5,5,100.0,100.0,0
499,3126,3126,35.4,35.4,4,4,100.0,100.0,0
644,3127,3127,35.4,35.4,2,2,100.0,100.0,0
1150,3128,3128,35.4,35.4,40,40,99.81,99.81,0
3006,3129,3129,35.4,35.4,173,173,100.0,100.0,0
488,3130,3130,35.4,35.4,16,16,100.0,100.0,0
269,3131,3131,35.4,35.4,2,2,98.7,98.7,0
351,3132,3132,35.4,35.4,4,4,100.0,100.0,0
2959,3133,3133,35.3,35.3,9,9,99.7,99.7,0
353,3134,3134,35.3,35.3,4,4,100.0,100.0,0
3159,3135,3135,35.3,35.3,10,10,99.8,99.8,0
3586,3136,3136,35.3,35.3,51,51,99.9,99.9,0
526,3137,3137,35.3,35.3,14,14,99.96,99.96,0
239,3138,3138,35.3,35.3,11,11,99.67,99.67,0
2999,3139,3139,35.3,35.3,15,15,100.0,100.0,0
2954,3140,3140,35.3,35.3,12,12,99.7,99.7,0
1043,3141,3141,35.3,35.3,102,102,99.9,99.9,0
410,3142,3142,35.3,35.3,4,4,100.0,100.0,0
1021,3143,3143,35.2,35.2,120,120,100.0,100.0,0
1096,3144,3144,35.2,35.2,16,16,100.0,100.0,0
2890,3145,3145,35.2,35.2,12,12,99.7,99.7,0
2572,3146,3146,35.2,35.2,33,33,99.73,99.73,0
2495,3147,3147,35.2,35.2,12,12,99.7,99.7,0
2138,3148,3148,35.2,35.2,5,5,98.6,98.6,0
62,3149,3149,35.2,35.2,2,2,98.7,98.7,0
19,3150,3150,35.2,35.2,2,2,98.7,98.7,0
2016,3151,3151,35.2,35.2,102,102,99.83,99.83,0
497,3152,3152,35.1,35.1,12,12,99.9,99.9,0
33,3153,3153,35.1,35.1,1,1,98.7,98.7,0
615,3154,3154,35.1,35.1,4,4,100.0,100.0,0
419,3155,3155,35.1,35.1,4,4,100.0,100.0,0
3602,3156,3156,35.1,35.1,114,114,100.0,100.0,0
2484,3157,3157,35.1,35.1,9,9,99.63,99.63,0
3473,3158,3158,35.1,35.1,3,3,99.7,99.7,0
1172,3159,3159,35.1,35.1,153,153,100.0,100.0,0
3292,3160,3160,35.1,35.1,18,18,99.92,99.92,0
2684,3161,3161,35.0,35.0,56,56,99.7,99.7,0
920,3162,3162,35.0,35.0,31,31,100.0,100.0,0
105,3163,3163,35.0,35.0,6,6,100.0,100.0,0
540,3164,3164,35.0,35.0,16,16,100.0,100.0,0
501,3165,3165,35.0,35.0,3,3,100.0,100.0,0
249,3166,3166,34.9,34.9,1,1,98.7,98.7,0
1343,3167,3167,34.9,34.9,109,109,99.91,99.91,0
170,3168,3168,34.9,34.9,2,2,98.7,98.7,0
1061,3169,3169,34.9,34.9,100,100,99.9,99.9,0
2945,3170,3170,34.8,34.8,12,12,99.7,99.7,0
2864,3171,3171,34.8,34.8,12,12,99.7,99.7,0
2503,3172,3172,34.8,34.8,12,12,99.7,99.7,0
3277,3173,3173,34.8,34.8,33,33,99.3,99.3,0
1156,3174,3174,34.8,34.8,38,38,99.8,99.8,0
2626,3175,3175,34.8,34.8,45,45,99.0,99.0,0
3525,3176,3176,34.8,34.8,97,97,100.0,100.0,0
2052,3177,3177,34.8,34.8,4,4,100.0,100.0,0
4029,3178,3178,34.7,34.7,4,4,99.83,99.83,0
3516,3179,3179,34.7,34.7,119,119,100.0,100.0,0
3135,3180,3180,34.7,34.7,23,23,100.0,100.0,0
482,3181,3181,34.7,34.7,8,8,99.94,99.94,0
1109,3182,3182,34.7,34.7,20,20,100.0,100.0,0
2965,3183,3183,34.7,34.7,2,2,100.0,100.0,0
36,3184,3184,34.6,34.6,2,2,98.7,98.7,0
2305,3185,3185,34.6,34.6,12,12,99.7,99.7,0
3466,3186,3186,34.6,34.6,24,24,100.0,100.0,0
3232,3187,3187,34.6,34.6,3,3,100.0,100.0,0
2334,3188,3188,34.6,34.6,12,12,99.7,99.7,0
2944,3189,3189,34.6,34.6,12,12,99.7,99.7,0
109,3190,3190,34.6,34.6,6,6,100.0,100.0,0
507,3191,3191,34.6,34.6,7,7,99.93,99.93,0
3169,3192,3192,34.5,34.5,6,6,99.8,99.8,0
548,3193,3193,34.5,34.5,14,14,99.96,99.96,0
882,3194,3194,34.5,34.5,37,37,100.0,100.0,0
1028,3195,3195,34.5,34.5,147,147,99.9,99.9,0
2930,3196,3196,34.5,34.5,12,12,99.7,99.7,0
2946,3197,3197,34.5,34.5,12,12,99.7,99.7,0
3469,3198,3198,34.5,34.5,18,18,99.7,99.7,0
1126,3199,3199,34.4,34.4,38,38,99.8,99.8,0
517,3200,3200,34.4,34.4,1,1,99.9,99.9,0
30,3201,3201,34.4,34.4,2,2,98.7,98.7,0
632,3202,3202,34.4,34.4,8,8,99.92,99.92,0
879,3203,3203,34.4,34.4,37,37,100.0,100.0,0
3481,3204,3204,34.4,34.4,14,14,99.71,99.71,0
3042,3205,3205,34.4,34.4,12,12,100.0,100.0,0
2480,3206,3206,34.4,34.4,12,12,99.7,99.7,0
3295,3207,3207,34.4,34.4,10,10,99.33,99.33,0
3029,3208,3208,34.4,34.4,32,32,100.0,100.0,0
528,3209,3209,34.4,34.4,13,13,100.0,100.0,0
3669,3210,3210,34.3,34.3,1,1,98.9,98.9,0
3823,3211,3211,34.3,34.3,1,1,98.9,98.9,0
1104,3212,3212,34.3,34.3,88,88,100.0,100.0,0
49,3213,3213,34.3,34.3,2,2,98.7,98.7,0
1357,3214,3214,34.3,34.3,7,7,100.0,100.0,0
194,3215,3215,34.2,34.2,2,2,98.7,98.7,0
477,3216,3216,34.2,34.2,13,13,100.0,100.0,0
2667,3217,3217,34.1,34.1,13,13,99.86,99.86,0
2886,3218,3218,34.1,34.1,12,12,99.7,99.7,0
1052,3219,3219,34.1,34.1,98,98,100.0,100.0,0
1131,3220,3220,34.1,34.1,141,141,99.9,99.9,0
1036,3221,3221,34.1,34.1,99,99,99.9,99.9,0
486,3222,3222,34.1,34.1,16,16,100.0,100.0,0
2310,3223,3223,34.1,34.1,12,12,99.7,99.7,0
2938,3224,3224,34.1,34.1,12,12,99.7,99.7,0
948,3225,3225,34.1,34.1,31,31,100.0,100.0,0
2491,3226,3226,34.1,34.1,12,12,99.7,99.7,0
2492,3227,3227,34.1,34.1,12,12,99.7,99.7,0
2997,3228,3228,34.0,34.0,4,4,100.0,100.0,0
2589,3229,3229,34.0,34.0,58,58,99.7,99.7,0
3899,3230,3230,34.0,34.0,1,1,98.9,98.9,0
3854,3231,3231,34.0,34.0,18,18,98.9,98.9,0
1706,3232,3232,34.0,34.0,191,191,99.0,99.0,0
555,3233,3233,34.0,34.0,14,14,99.95,99.95,0
535,3234,3234,34.0,34.0,9,9,99.9,99.9,0
1088,3235,3235,33.9,33.9,98,98,99.97,99.97,0
2957,3236,3236,33.9,33.9,12,12,99.7,99.7,0
557,3237,3237,33.9,33.9,16,16,100.0,100.0,0
3476,3238,3238,33.9,33.9,68,68,99.9,99.9,0
3364,3239,3239,33.9,33.9,2,2,100.0,100.0,0
1091,3240,3240,33.9,33.9,16,16,100.0,100.0,0
268,3241,3241,33.9,33.9,2,2,98.7,98.7,0
2337,3242,3242,33.8,33.8,12,12,99.7,99.7,0
2929,3243,3243,33.8,33.8,12,12,99.7,99.7,0
2949,3244,3244,33.8,33.8,12,12,99.7,99.7,0
3382,3245,3245,33.8,33.8,97,97,100.0,100.0,0
2336,3246,3246,33.8,33.8,12,12,99.7,99.7,0
3323,3247,3247,33.7,33.7,1,1,100.0,100.0,0
1023,3248,3248,33.7,33.7,128,128,100.0,100.0,0
110,3249,3249,33.7,33.7,4,4,100.0,100.0,0
2585,3250,3250,33.7,33.7,55,55,99.7,99.7,0
2332,3251,3251,33.7,33.7,12,12,99.7,99.7,0
2933,3252,3252,33.7,33.7,12,12,99.7,99.7,0
3399,3253,3253,33.7,33.7,97,97,100.0,100.0,0
494,3254,3254,33.7,33.7,12,12,99.9,99.9,0
2798,3255,3255,33.7,33.7,78,78,99.9,99.9,0
1202,3256,3256,33.7,33.7,43,43,99.82,99.82,0
1034,3257,3257,33.6,33.6,99,99,99.9,99.9,0
498,3258,3258,33.6,33.6,15,15,99.97,99.97,0
3855,3259,3259,33.6,33.6,18,18,98.9,98.9,0
461,3260,3260,33.6,33.6,63,63,100.0,100.0,0
1281,3261,3261,33.6,33.6,97,97,100.0,100.0,0
586,3262,3262,33.6,33.6,12,12,99.9,99.9,0
2772,3263,3263,33.6,33.6,132,132,99.9,99.9,0
1017,3264,3264,33.5,33.5,100,100,99.9,99.9,0
1057,3265,3265,33.5,33.5,100,100,99.9,99.9,0
3395,3266,3266,33.5,33.5,97,97,100.0,100.0,0
371,3267,3267,33.5,33.5,34,34,100.0,100.0,0
3489,3268,3268,33.5,33.5,26,26,99.7,99.7,0
3240,3269,3269,33.5,33.5,48,48,99.9,99.9,0
623,3270,3270,33.4,33.4,4,4,100.0,100.0,0
3727,3271,3271,33.4,33.4,18,18,98.9,98.9,0
558,3272,3272,33.4,33.4,14,14,99.94,99.94,0
2943,3273,3273,33.4,33.4,12,12,99.7,99.7,0
2600,3274,3274,33.4,33.4,141,141,99.9,99.9,0
1060,3275,3275,33.4,33.4,100,100,99.9,99.9,0
2863,3276,3276,33.3,33.3,12,12,99.7,99.7,0
3083,3277,3277,33.3,33.3,2,2,100.0,100.0,0
3203,3278,3278,33.3,33.3,13,13,99.93,99.93,0
508,3279,3279,33.3,33.3,4,4,100.0,100.0,0
2947,3280,3280,33.3,33.3,12,12,99.7,99.7,0
1320,3281,3281,33.2,33.2,174,174,99.9,99.9,0
2126,3282,3282,33.2,33.2,1,1,98.9,98.9,0
1048,3283,3283,33.2,33.2,98,98,100.0,100.0,0
626,3284,3284,33.2,33.2,4,4,100.0,100.0,0
1027,3285,3285,33.2,33.2,120,120,99.9,99.9,0
1372,3286,3286,33.2,33.2,11,11,100.0,100.0,0
2335,3287,3287,33.2,33.2,12,12,99.7,99.7,0
616,3288,3288,33.2,33.2,12,12,99.9,99.9,0
2934,3289,3289,33.2,33.2,12,12,99.7,99.7,0
621,3290,3290,33.1,33.1,10,10,99.9,99.9,0
1579,3291,3291,33.1,33.1,12,12,99.7,99.7,0
3301,3292,3292,33.1,33.1,153,153,100.0,100.0,0
1384,3293,3293,33.0,33.0,10,10,99.91,99.91,0
1112,3294,3294,33.0,33.0,38,38,99.8,99.8,0
1249,3295,3295,33.0,33.0,9,9,100.0,100.0,0
3523,3296,3296,33.0,33.0,101,101,100.0,100.0,0
559,3297,3297,33.0,33.0,13,13,100.0,100.0,0
484,3298,3298,33.0,33.0,13,13,99.92,99.92,0
1101,3299,3299,33.0,33.0,16,16,99.99,99.99,0
96,3300,3300,33.0,33.0,7,7,100.0,100.0,0
495,3301,3301,33.0,33.0,1,1,99.9,99.9,0
235,3302,3302,33.0,33.0,1,1,98.7,98.7,0
16,3303,3303,32.9,32.9,2,2,98.7,98.7,0
407,3304,3304,32.9,32.9,4,4,100.0,100.0,0
3262,3305,3305,32.9,32.9,47,47,99.91,99.91,0
551,3306,3306,32.8,32.8,11,11,100.0,100.0,0
1106,3307,3307,32.8,32.8,101,101,100.0,100.0,0
3013,3308,3308,32.8,32.8,18,18,100.0,100.0,0
635,3309,3309,32.8,32.8,9,9,99.92,99.92,0
2304,3310,3310,32.7,32.7,12,12,99.7,99.7,0
3666,3311,3311,32.7,32.7,1,1,98.9,98.9,0
619,3312,3312,32.7,32.7,4,4,99.9,99.9,0
3271,3313,3313,32.7,32.7,13,13,99.4,99.4,0
2338,3314,3314,32.7,32.7,12,12,99.7,99.7,0
2035,3315,3315,32.7,32.7,2,2,100.0,100.0,0
552,3316,3316,32.7,32.7,11,11,100.0,100.0,0
925,3317,3317,32.7,32.7,37,37,100.0,100.0,0
53,3318,3318,32.7,32.7,2,2,98.7,98.7,0
3712,3319,3319,32.7,32.7,18,18,98.9,98.9,0
2928,3320,3320,32.6,32.6,12,12,99.7,99.7,0
2948,3321,3321,32.6,32.6,12,12,99.7,99.7,0
2912,3322,3322,32.6,32.6,1,1,99.7,99.7,0
51,3323,3323,32.6,32.6,2,2,98.7,98.7,0
1116,3324,3324,32.6,32.6,38,38,99.8,99.8,0
631,3325,3325,32.6,32.6,5,5,99.9,99.9,0
550,3326,3326,32.6,32.6,16,16,100.0,100.0,0
21,3327,3327,32.6,32.6,1,1,98.7,98.7,0
490,3328,3328,32.6,32.6,16,16,100.0,100.0,0
3231,3329,3329,32.6,32.6,18,18,100.0,100.0,0
904,3330,3330,32.6,32.6,9,9,100.0,100.0,0
530,3331,3331,32.5,32.5,12,12,99.9,99.9,0
630,3332,3332,32.5,32.5,8,8,99.92,99.92,0
3321,3333,3333,32.5,32.5,3,3,100.0,100.0,0
1080,3334,3334,32.5,32.5,90,90,100.0,100.0,0
458,3335,3335,32.4,32.4,38,38,100.0,100.0,0
496,3336,3336,32.4,32.4,15,15,99.97,99.97,0
2680,3337,3337,32.4,32.4,18,18,99.8,99.8,0
245,3338,3338,32.4,32.4,8,8,99.7,99.7,0
4005,3339,3339,32.4,32.4,1,1,98.96,98.96,0
3226,3340,3340,32.4,32.4,2,2,100.0,100.0,0
1056,3341,3341,32.4,32.4,100,100,99.9,99.9,0
1098,3342,3342,32.3,32.3,17,17,99.93,99.93,0
956,3343,3343,32.3,32.3,63,63,100.0,100.0,0
1031,3344,3344,32.3,32.3,102,102,99.9,99.9,0
22,3345,3345,32.3,32.3,1,1,98.7,98.7,0
1165,3346,3346,32.3,32.3,98,98,99.9,99.9,0
347,3347,3347,32.3,32.3,49,49,100.0,100.0,0
2583,3348,3348,32.3,32.3,73,73,99.7,99.7,0
1038,3349,3349,32.3,32.3,147,147,99.9,99.9,0
1188,3350,3350,32.2,32.2,63,63,99.86,99.86,0
3344,3351,3351,32.2,32.2,2,2,100.0,100.0,0
584,3352,3352,32.2,32.2,12,12,99.9,99.9,0
3822,3353,3353,32.2,32.2,1,1,98.9,98.9,0
3291,3354,3354,32.1,32.1,59,59,99.9,99.9,0
3839,3355,3355,32.1,32.1,1,1,98.9,98.9,0
2311,3356,3356,32.1,32.1,12,12,99.7,99.7,0
3482,3357,3357,32.1,32.1,80,80,99.7,99.7,0
534,3358,3358,32.1,32.1,12,12,99.9,99.9,0
959,3359,3359,32.0,32.0,37,37,100.0,100.0,0
1050,3360,3360,32.0,32.0,98,98,100.0,100.0,0
3207,3361,3361,32.0,32.0,1,1,100.0,100.0,0
2037,3362,3362,32.0,32.0,2,2,100.0,100.0,0
350,3363,3363,32.0,32.0,4,4,100.0,100.0,0
3280,3364,3364,32.0,32.0,122,122,99.76,99.76,0
620,3365,3365,32.0,32.0,9,9,99.92,99.92,0
1237,3366,3366,32.0,32.0,92,92,100.0,100.0,0
1841,3367,3367,31.9,31.9,57,57,99.93,99.93,0
408,3368,3368,31.9,31.9,4,4,100.0,100.0,0
1168,3369,3369,31.8,31.8,143,143,100.0,100.0,0
3665,3370,3370,31.8,31.8,1,1,98.9,98.9,0
3508,3371,3371,31.8,31.8,171,171,100.0,100.0,0
3299,3372,3372,31.7,31.7,27,27,100.0,100.0,0
510,3373,3373,31.7,31.7,4,4,100.0,100.0,0
1360,3374,3374,31.7,31.7,8,8,100.0,100.0,0
614,3375,3375,31.7,31.7,4,4,100.0,100.0,0
1130,3376,3376,31.7,31.7,38,38,99.8,99.8,0
3225,3377,3377,31.6,31.6,1,1,100.0,100.0,0
634,3378,3378,31.6,31.6,4,4,100.0,100.0,0
1365,3379,3379,31.6,31.6,7,7,100.0,100.0,0
628,3380,3380,31.6,31.6,4,4,100.0,100.0,0
1146,3381,3381,31.6,31.6,40,40,99.81,99.81,0
97,3382,3382,31.5,31.5,39,39,100.0,100.0,0
554,3383,3383,31.5,31.5,12,12,99.9,99.9,0
1129,3384,3384,31.5,31.5,107,107,99.89,99.89,0
2859,3385,3385,31.5,31.5,12,12,99.7,99.7,0
2861,3386,3386,31.5,31.5,12,12,99.7,99.7,0
244,3387,3387,31.5,31.5,12,12,99.69,99.69,0
1053,3388,3388,31.5,31.5,98,98,100.0,100.0,0
958,3389,3389,31.4,31.4,37,37,100.0,100.0,0
3514,3390,3390,31.4,31.4,13,13,100.0,100.0,0
1066,3391,3391,31.4,31.4,14,14,99.97,99.97,0
3099,3392,3392,31.4,31.4,18,18,100.0,100.0,0
622,3393,3393,31.4,31.4,10,10,99.91,99.91,0
636,3394,3394,31.3,31.3,4,4,100.0,100.0,0
3599,3395,3395,31.3,31.3,94,94,100.0,100.0,0
1058,3396,3396,31.3,31.3,100,100,99.9,99.9,0
492,3397,3397,31.3,31.3,12,12,99.9,99.9,0
3506,3398,3398,31.3,31.3,171,171,100.0,100.0,0
3501,3399,3399,31.3,31.3,58,58,99.71,99.71,0
58,3400,3400,31.2,31.2,2,2,98.7,98.7,0
3842,3401,3401,31.2,31.2,1,1,98.9,98.9,0
641,3402,3402,31.2,31.2,7,7,99.94,99.94,0
536,3403,3403,31.2,31.2,12,12,99.9,99.9,0
618,3404,3404,31.2,31.2,12,12,99.9,99.9,0
374,3405,3405,31.2,31.2,33,33,100.0,100.0,0
476,3406,3406,31.1,31.1,4,4,100.0,100.0,0
3206,3407,3407,31.1,31.1,1,1,99.9,99.9,0
3151,3408,3408,31.1,31.1,9,9,99.8,99.8,0
639,3409,3409,31.1,31.1,4,4,100.0,100.0,0
3234,3410,3410,31.0,31.0,38,38,99.9,99.9,0
1155,3411,3411,31.0,31.0,71,71,99.87,99.87,0
3288,3412,3412,31.0,31.0,32,32,99.3,99.3,0
1395,3413,3413,31.0,31.0,4,4,100.0,100.0,0
3302,3414,3414,31.0,31.0,122,122,99.98,99.98,0
1370,3415,3415,30.9,30.9,2,2,100.0,100.0,0
470,3416,3416,30.9,30.9,2,2,100.0,100.0,0
1194,3417,3417,30.9,30.9,38,38,99.8,99.8,0
2770,3418,3418,30.9,30.9,98,98,99.9,99.9,0
471,3419,3419,30.9,30.9,14,14,100.0,100.0,0
2883,3420,3420,30.9,30.9,12,12,99.7,99.7,0
473,3421,3421,30.9,30.9,16,16,100.0,100.0,0
2317,3422,3422,30.8,30.8,12,12,99.7,99.7,0
2871,3423,3423,30.8,30.8,12,12,99.7,99.7,0
3224,3424,3424,30.8,30.8,1,1,100.0,100.0,0
1773,3425,3425,30.8,30.8,57,57,98.6,98.6,0
3644,3426,3426,30.8,30.8,1,1,98.9,98.9,0
3361,3427,3427,30.8,30.8,2,2,100.0,100.0,0
17,3428,3428,30.8,30.8,2,2,98.7,98.7,0
1159,3429,3429,30.7,30.7,236,236,99.82,99.82,0
2961,3430,3430,30.7,30.7,12,12,100.0,100.0,0
504,3431,3431,30.7,30.7,4,4,100.0,100.0,0
1849,3432,3432,30.6,30.6,92,92,99.7,99.7,0
1054,3433,3433,30.6,30.6,98,98,100.0,100.0,0
1051,3434,3434,30.6,30.6,122,122,100.0,100.0,0
524,3435,3435,30.6,30.6,13,13,99.94,99.94,0
1107,3436,3436,30.6,30.6,86,86,100.0,100.0,0
1359,3437,3437,30.6,30.6,9,9,100.0,100.0,0
3110,3438,3438,30.5,30.5,55,55,100.0,100.0,0
3230,3439,3439,30.5,30.5,2,2,100.0,100.0,0
3849,3440,3440,30.5,30.5,18,18,98.9,98.9,0
3853,3441,3441,30.5,30.5,18,18,98.9,98.9,0
3177,3442,3442,30.4,30.4,74,74,100.0,100.0,0
951,3443,3443,30.4,30.4,46,46,100.0,100.0,0
3527,3444,3444,30.4,30.4,97,97,100.0,100.0,0
435,3445,3445,30.4,30.4,2,2,100.0,100.0,0
1170,3446,3446,30.4,30.4,119,119,100.0,100.0,0
1275,3447,3447,30.4,30.4,98,98,100.0,100.0,0
2111,3448,3448,30.3,30.3,112,112,100.0,100.0,0
1018,3449,3449,30.3,30.3,98,98,99.99,99.99,0
2604,3450,3450,30.3,30.3,84,84,99.7,99.7,0
643,3451,3451,30.3,30.3,3,3,100.0,100.0,0
1393,3452,3452,30.3,30.3,4,4,99.99,99.99,0
1842,3453,3453,30.3,30.3,49,49,100.0,100.0,0
3643,3454,3454,30.3,30.3,1,1,98.9,98.9,0
609,3455,3455,30.3,30.3,4,4,100.0,100.0,0
321,3456,3456,30.3,30.3,2,2,100.0,100.0,0
624,3457,3457,30.2,30.2,4,4,100.0,100.0,0
506,3458,3458,30.2,30.2,4,4,100.0,100.0,0
2309,3459,3459,30.1,30.1,12,12,99.7,99.7,0
611,3460,3460,30.1,30.1,4,4,100.0,100.0,0
509,3461,3461,30.1,30.1,4,4,100.0,100.0,0
2605,3462,3462,30.0,30.0,44,44,99.72,99.72,0
1711,3463,3463,30.0,30.0,81,81,99.0,99.0,0
55,3464,3464,30.0,30.0,2,2,98.7,98.7,0
2314,3465,3465,30.0,30.0,12,12,99.7,99.7,0
1166,3466,3466,30.0,30.0,96,96,99.9,99.9,0
2951,3467,3467,29.9,29.9,12,12,99.7,99.7,0
2901,3468,3468,29.9,29.9,12,12,99.7,99.7,0
3201,3469,3469,29.9,29.9,82,82,99.99,99.99,0
2862,3470,3470,29.9,29.9,12,12,99.7,99.7,0
3229,3471,3471,29.8,29.8,2,2,100.0,100.0,0
462,3472,3472,29.8,29.8,63,63,100.0,100.0,0
1049,3473,3473,29.8,29.8,98,98,100.0,100.0,0
2955,3474,3474,29.8,29.8,12,12,99.7,99.7,0
3836,3475,3475,29.8,29.8,1,1,98.9,98.9,0
3362,3476,3476,29.6,29.6,2,2,100.0,100.0,0
640,3477,3477,29.6,29.6,4,4,100.0,100.0,0
2980,3478,3478,29.5,29.5,14,14,100.0,100.0,0
952,3479,3479,29.4,29.4,63,63,100.0,100.0,0
638,3480,3480,29.4,29.4,4,4,100.0,100.0,0
3505,3481,3481,29.4,29.4,30,30,100.0,100.0,0
474,3482,3482,29.4,29.4,15,15,99.99,99.99,0
1055,3483,3483,29.4,29.4,100,100,99.9,99.9,0
1386,3484,3484,29.3,29.3,10,10,99.91,99.91,0
3351,3485,3485,29.2,29.2,1,1,100.0,100.0,0
59,3486,3486,29.2,29.2,2,2,98.7,98.7,0
284,3487,3487,29.2,29.2,2,2,98.7,98.7,0
303,3488,3488,29.2,29.2,2,2,98.7,98.7,0
304,3489,3489,29.2,29.2,2,2,98.7,98.7,0
306,3490,3490,29.2,29.2,2,2,98.7,98.7,0
307,3491,3491,29.2,29.2,2,2,98.7,98.7,0
308,3492,3492,29.2,29.2,2,2,98.7,98.7,0
3258,3493,3493,29.1,29.1,6,6,99.9,99.9,0
452,3494,3494,29.0,29.0,63,63,100.0,100.0,0
2937,3495,3495,28.9,28.9,12,12,99.7,99.7,0
2950,3496,3496,28.9,28.9,12,12,99.7,99.7,0
1274,3497,3497,28.9,28.9,107,107,100.0,100.0,0
1044,3498,3498,28.8,28.8,98,98,99.99,99.99,0
3281,3499,3499,28.8,28.8,100,100,100.0,100.0,0
3904,3500,3500,28.8,28.8,1,1,100.0,100.0,0
2884,3501,3501,28.7,28.7,12,12,99.7,99.7,0
3079,3502,3502,28.6,28.6,2,2,100.0,100.0,0
406,3503,3503,28.6,28.6,4,4,100.0,100.0,0
95,3504,3504,28.6,28.6,3,3,100.0,100.0,0
1371,3505,3505,28.5,28.5,2,2,100.0,100.0,0
1042,3506,3506,28.5,28.5,100,100,100.0,100.0,0
612,3507,3507,28.4,28.4,4,4,100.0,100.0,0
1868,3508,3508,28.4,28.4,37,37,100.0,100.0,0
3087,3509,3509,28.4,28.4,2,2,100.0,100.0,0
2996,3510,3510,28.4,28.4,6,6,100.0,100.0,0
444,3511,3511,28.4,28.4,31,31,100.0,100.0,0
1361,3512,3512,28.3,28.3,5,5,100.0,100.0,0
2570,3513,3513,28.3,28.3,49,49,99.71,99.71,0
575,3514,3514,28.2,28.2,7,7,99.9,99.9,0
1248,3515,3515,28.2,28.2,4,4,100.0,100.0,0
117,3516,3516,28.1,28.1,1,1,99.3,99.3,0
3015,3517,3517,28.1,28.1,18,18,100.0,100.0,0
1207,3518,3518,28.0,28.0,38,38,99.8,99.8,0
1398,3519,3519,28.0,28.0,1,1,100.0,100.0,0
883,3520,3520,27.9,27.9,37,37,100.0,100.0,0
465,3521,3521,27.9,27.9,63,63,100.0,100.0,0
884,3522,3522,27.9,27.9,37,37,100.0,100.0,0
225,3523,3523,27.9,27.9,1,1,99.3,99.3,0
3848,3524,3524,27.9,27.9,1,1,98.9,98.9,0
456,3525,3525,27.8,27.8,38,38,100.0,100.0,0
3179,3526,3526,27.8,27.8,20,20,100.0,100.0,0
3100,3527,3527,27.7,27.7,30,30,100.0,100.0,0
3667,3528,3528,27.7,27.7,1,1,98.9,98.9,0
1083,3529,3529,27.7,27.7,13,13,99.9,99.9,0
436,3530,3530,27.6,27.6,4,4,100.0,100.0,0
1363,3531,3531,27.5,27.5,2,2,100.0,100.0,0
1866,3532,3532,27.4,27.4,27,27,100.0,100.0,0
2898,3533,3533,27.4,27.4,12,12,99.7,99.7,0
421,3534,3534,27.4,27.4,1,1,100.0,100.0,0
1164,3535,3535,27.4,27.4,96,96,99.9,99.9,0
3184,3536,3536,27.3,27.3,10,10,99.99,99.99,0
3183,3537,3537,27.3,27.3,14,14,100.0,100.0,0
3276,3538,3538,27.2,27.2,40,40,100.0,100.0,0
2773,3539,3539,27.2,27.2,92,92,99.9,99.9,0
3279,3540,3540,27.1,27.1,122,122,100.0,100.0,0
924,3541,3541,27.1,27.1,30,30,100.0,100.0,0
112,3542,3542,27.1,27.1,2,2,100.0,100.0,0
2038,3543,3543,27.0,27.0,1,1,100.0,100.0,0
2879,3544,3544,26.9,26.9,34,34,99.82,99.82,0
1125,3545,3545,26.8,26.8,108,108,99.89,99.89,0
375,3546,3546,26.8,26.8,36,36,100.0,100.0,0
443,3547,3547,26.7,26.7,16,16,100.0,100.0,0
1111,3548,3548,26.7,26.7,38,38,99.8,99.8,0
1688,3549,3549,26.6,26.6,11,11,99.9,99.9,0
2995,3550,3550,26.5,26.5,15,15,100.0,100.0,0
432,3551,3551,26.5,26.5,4,4,100.0,100.0,0
2888,3552,3552,26.4,26.4,12,12,99.7,99.7,0
2005,3553,3553,26.4,26.4,4,4,99.4,99.4,0
2973,3554,3554,26.3,26.3,18,18,100.0,100.0,0
331,3555,3555,26.3,26.3,1,1,100.0,100.0,0
610,3556,3556,26.2,26.2,4,4,100.0,100.0,0
3840,3557,3557,26.1,26.1,1,1,98.9,98.9,0
3153,3558,3558,26.1,26.1,29,29,99.8,99.8,0
2599,3559,3559,26.0,26.0,74,74,99.9,99.9,0
1114,3560,3560,26.0,26.0,38,38,99.8,99.8,0
3160,3561,3561,25.9,25.9,33,33,99.8,99.8,0
1084,3562,3562,25.8,25.8,20,20,99.9,99.9,0
2990,3563,3563,25.7,25.7,8,8,100.0,100.0,0
3098,3564,3564,25.6,25.6,4,4,100.0,100.0,0
472,3565,3565,25.6,25.6,10,10,100.0,100.0,0
420,3566,3566,25.6,25.6,1,1,100.0,100.0,0
409,3567,3567,25.5,25.5,4,4,100.0,100.0,0
1276,3568,3568,25.5,25.5,31,31,100.0,100.0,0
2964,3569,3569,25.5,25.5,18,18,100.0,100.0,0
320,3570,3570,25.4,25.4,4,4,100.0,100.0,0
1238,3571,3571,25.2,25.2,4,4,100.0,100.0,0
2769,3572,3572,25.2,25.2,35,35,99.9,99.9,0
3266,3573,3573,25.2,25.2,17,17,99.93,99.93,0
1580,3574,3574,25.1,25.1,12,12,99.7,99.7,0
2979,3575,3575,25.1,25.1,18,18,100.0,100.0,0
460,3576,3576,25.1,25.1,63,63,100.0,100.0,0
1376,3577,3577,25.1,25.1,3,3,100.0,100.0,0
2981,3578,3578,25.1,25.1,18,18,100.0,100.0,0
2970,3579,3579,25.0,25.0,18,18,100.0,100.0,0
2894,3580,3580,24.9,24.9,12,12,99.7,99.7,0
3011,3581,3581,24.9,24.9,18,18,100.0,100.0,0
2971,3582,3582,24.9,24.9,18,18,100.0,100.0,0
2978,3583,3583,24.7,24.7,18,18,100.0,100.0,0
447,3584,3584,24.6,24.6,38,38,100.0,100.0,0
2983,3585,3585,24.6,24.6,18,18,100.0,100.0,0
3080,3586,3586,24.5,24.5,2,2,100.0,100.0,0
2974,3587,3587,24.5,24.5,18,18,100.0,100.0,0
439,3588,3588,24.5,24.5,60,60,100.0,100.0,0
2870,3589,3589,24.4,24.4,12,12,99.7,99.7,0
2774,3590,3590,24.4,24.4,28,28,99.9,99.9,0
92,3591,3591,24.4,24.4,9,9,100.0,100.0,0
459,3592,3592,24.2,24.2,63,63,100.0,100.0,0
2977,3593,3593,24.2,24.2,18,18,100.0,100.0,0
3172,3594,3594,24.1,24.1,12,12,99.8,99.8,0
3603,3595,3595,24.1,24.1,35,35,100.0,100.0,0
3009,3596,3596,23.9,23.9,18,18,100.0,100.0,0
354,3597,3597,23.9,23.9,4,4,100.0,100.0,0
2982,3598,3598,23.9,23.9,18,18,100.0,100.0,0
355,3599,3599,23.8,23.8,4,4,100.0,100.0,0
3012,3600,3600,23.7,23.7,18,18,100.0,100.0,0
1839,3601,3601,23.4,23.4,48,48,100.0,100.0,0
1574,3602,3602,23.3,23.3,12,12,99.7,99.7,0
1578,3603,3603,23.3,23.3,12,12,99.7,99.7,0
2313,3604,3604,23.3,23.3,12,12,99.7,99.7,0
2869,3605,3605,23.3,23.3,12,12,99.7,99.7,0
2893,3606,3606,23.3,23.3,12,12,99.7,99.7,0
2895,3607,3607,23.3,23.3,12,12,99.7,99.7,0
2896,3608,3608,23.3,23.3,12,12,99.7,99.7,0
1242,3609,3609,23.3,23.3,4,4,100.0,100.0,0
441,3610,3610,23.2,23.2,63,63,100.0,100.0,0
442,3611,3611,23.1,23.1,63,63,100.0,100.0,0
464,3612,3612,23.1,23.1,63,63,100.0,100.0,0
453,3613,3613,23.1,23.1,63,63,100.0,100.0,0
2975,3614,3614,23.1,23.1,18,18,100.0,100.0,0
3371,3615,3615,23.0,23.0,2,2,100.0,100.0,0
3369,3616,3616,22.9,22.9,1,1,100.0,100.0,0
463,3617,3617,22.9,22.9,63,63,100.0,100.0,0
457,3618,3618,22.8,22.8,63,63,100.0,100.0,0
312,3619,3619,22.8,22.8,4,4,100.0,100.0,0
3178,3620,3620,22.7,22.7,63,63,99.99,99.99,0
437,3621,3621,22.7,22.7,1,1,100.0,100.0,0
3198,3622,3622,22.6,22.6,86,86,100.0,100.0,0
440,3623,3623,22.4,22.4,41,41,100.0,100.0,0
319,3624,3624,22.4,22.4,2,2,100.0,100.0,0
3195,3625,3625,22.3,22.3,86,86,100.0,100.0,0
451,3626,3626,22.3,22.3,40,40,100.0,100.0,0
438,3627,3627,22.2,22.2,2,2,100.0,100.0,0
344,3628,3628,22.1,22.1,21,21,100.0,100.0,0
3334,3629,3629,22.0,22.0,2,2,100.0,100.0,0
3197,3630,3630,22.0,22.0,83,83,99.99,99.99,0
448,3631,3631,22.0,22.0,4,4,100.0,100.0,0
3065,3632,3632,21.8,21.8,18,18,100.0,100.0,0
3091,3633,3633,21.7,21.7,2,2,100.0,100.0,0
467,3634,3634,21.6,21.6,3,3,100.0,100.0,0
2775,3635,3635,21.6,21.6,1,1,99.9,99.9,0
1368,3636,3636,21.5,21.5,6,6,99.97,99.97,0
3090,3637,3637,21.4,21.4,2,2,100.0,100.0,0
3367,3638,3638,21.3,21.3,2,2,100.0,100.0,0
313,3639,3639,21.3,21.3,4,4,100.0,100.0,0
314,3640,3640,21.3,21.3,4,4,100.0,100.0,0
315,3641,3641,21.3,21.3,4,4,100.0,100.0,0
316,3642,3642,21.3,21.3,4,4,100.0,100.0,0
317,3643,3643,21.3,21.3,4,4,100.0,100.0,0
318,3644,3644,21.3,21.3,4,4,100.0,100.0,0
323,3645,3645,21.3,21.3,4,4,100.0,100.0,0
324,3646,3646,21.3,21.3,4,4,100.0,100.0,0
326,3647,3647,21.3,21.3,4,4,100.0,100.0,0
327,3648,3648,21.3,21.3,4,4,100.0,100.0,0
330,3649,3649,21.3,21.3,4,4,100.0,100.0,0
372,3650,3650,21.3,21.3,4,4,100.0,100.0,0
378,3651,3651,21.3,21.3,4,4,100.0,100.0,0
380,3652,3652,21.3,21.3,4,4,100.0,100.0,0
381,3653,3653,21.3,21.3,4,4,100.0,100.0,0
382,3654,3654,21.3,21.3,4,4,100.0,100.0,0
383,3655,3655,21.3,21.3,4,4,100.0,100.0,0
384,3656,3656,21.3,21.3,4,4,100.0,100.0,0
445,3657,3657,21.3,21.3,4,4,100.0,100.0,0
446,3658,3658,21.3,21.3,4,4,100.0,100.0,0
449,3659,3659,21.3,21.3,4,4,100.0,100.0,0
450,3660,3660,21.3,21.3,4,4,100.0,100.0,0
469,3661,3661,21.3,21.3,4,4,100.0,100.0,0
376,3662,3662,21.3,21.3,4,4,100.0,100.0,0
325,3663,3663,21.3,21.3,3,3,100.0,100.0,0
329,3664,3664,21.3,21.3,3,3,100.0,100.0,0
322,3665,3665,21.3,21.3,2,2,100.0,100.0,0
379,3666,3666,21.3,21.3,4,4,100.0,100.0,0
3306,3667,3667,21.3,21.3,1,1,100.0,100.0,0
466,3668,3668,21.2,21.2,1,1,100.0,100.0,0
328,3669,3669,21.2,21.2,4,4,100.0,100.0,0
468,3670,3670,21.2,21.2,4,4,100.0,100.0,0
3074,3671,3671,21.1,21.1,18,18,100.0,100.0,0
3086,3672,3672,21.1,21.1,2,2,100.0,100.0,0
3152,3673,3673,20.9,20.9,19,19,99.8,99.8,0
3828,3674,3674,20.9,20.9,1,1,98.9,98.9,0
3010,3675,3675,20.9,20.9,18,18,100.0,100.0,0
310,3676,3676,20.8,20.8,3,3,100.0,100.0,0
99,3677,3677,20.7,20.7,4,4,100.0,100.0,0
1190,3678,3678,20.7,20.7,63,63,99.86,99.86,0
3071,3679,3679,20.7,20.7,18,18,100.0,100.0,0
3092,3680,3680,20.5,20.5,2,2,100.0,100.0,0
2992,3681,3681,20.4,20.4,18,18,100.0,100.0,0
113,3682,3682,20.2,20.2,3,3,100.0,100.0,0
3824,3683,3683,20.1,20.1,1,1,98.9,98.9,0
3093,3684,3684,20.0,20.0,18,18,100.0,100.0,0
3196,3685,3685,20.0,20.0,56,56,100.0,100.0,0
2771,3686,3686,20.0,20.0,5,5,99.9,99.9,0
2994,3687,3687,19.9,19.9,17,17,100.0,100.0,0
3310,3688,3688,19.9,19.9,2,2,100.0,100.0,0
3078,3689,3689,19.9,19.9,18,18,100.0,100.0,0
3095,3690,3690,19.8,19.8,18,18,100.0,100.0,0
3339,3691,3691,19.7,19.7,2,2,100.0,100.0,0
3073,3692,3692,19.6,19.6,18,18,100.0,100.0,0
1848,3693,3693,19.4,19.4,7,7,99.7,99.7,0
311,3694,3694,19.4,19.4,3,3,100.0,100.0,0
3307,3695,3695,19.3,19.3,2,2,100.0,100.0,0
3311,3696,3696,19.2,19.2,2,2,100.0,100.0,0
114,3697,3697,19.2,19.2,4,4,100.0,100.0,0
3315,3698,3698,19.1,19.1,2,2,100.0,100.0,0
3096,3699,3699,19.1,19.1,18,18,100.0,100.0,0
3067,3700,3700,19.0,19.0,18,18,100.0,100.0,0
3068,3701,3701,18.9,18.9,18,18,100.0,100.0,0
3102,3702,3702,18.7,18.7,55,55,100.0,100.0,0
3070,3703,3703,18.7,18.7,18,18,100.0,100.0,0
3313,3704,3704,18.6,18.6,1,1,100.0,100.0,0
343,3705,3705,18.6,18.6,15,15,100.0,100.0,0
3841,3706,3706,18.6,18.6,1,1,98.9,98.9,0
3340,3707,3707,18.5,18.5,1,1,100.0,100.0,0
3314,3708,3708,18.3,18.3,2,2,100.0,100.0,0
3329,3709,3709,18.3,18.3,2,2,100.0,100.0,0
94,3710,3710,18.3,18.3,8,8,100.0,100.0,0
3066,3711,3711,18.0,18.0,18,18,100.0,100.0,0
3077,3712,3712,18.0,18.0,18,18,100.0,100.0,0
3341,3713,3713,17.6,17.6,2,2,100.0,100.0,0
3061,3714,3714,17.6,17.6,18,18,100.0,100.0,0
3014,3715,3715,17.5,17.5,18,18,100.0,100.0,0
3124,3716,3716,17.1,17.1,39,39,100.0,100.0,0
3060,3717,3717,17.1,17.1,18,18,100.0,100.0,0
3054,3718,3718,17.0,17.0,18,18,100.0,100.0,0
3336,3719,3719,16.8,16.8,1,1,100.0,100.0,0
3322,3720,3720,16.7,16.7,10,10,100.0,100.0,0
2993,3721,3721,16.6,16.6,18,18,100.0,100.0,0
3075,3722,3722,16.2,16.2,18,18,100.0,100.0,0
3069,3723,3723,16.1,16.1,18,18,100.0,100.0,0
3335,3724,3724,16.0,16.0,2,2,100.0,100.0,0
3308,3725,3725,15.9,15.9,1,1,100.0,100.0,0
3103,3726,3726,15.8,15.8,55,55,100.0,100.0,0
3349,3727,3727,15.6,15.6,1,1,100.0,100.0,0
430,3728,3728,15.6,15.6,4,4,100.0,100.0,0
3126,3729,3729,14.8,14.8,55,55,100.0,100.0,0
3059,3730,3730,14.8,14.8,18,18,100.0,100.0,0
3072,3731,3731,14.6,14.6,18,18,100.0,100.0,0
342,3732,3732,14.3,14.3,2,2,100.0,100.0,0
3837,3733,3733,13.9,13.9,1,1,98.9,98.9,0
3337,3734,3734,13.8,13.8,2,2,100.0,100.0,0
2998,3735,3735,13.8,13.8,44,44,100.0,100.0,0
3326,3736,3736,13.5,13.5,18,18,100.0,100.0,0
3157,3737,3737,13.4,13.4,35,35,99.81,99.81,0
3338,3738,3738,13.2,13.2,2,2,100.0,100.0,0
341,3739,3739,13.1,13.1,2,2,100.0,100.0,0
3155,3740,3740,12.6,12.6,31,31,99.8,99.8,0
3162,3741,3741,12.5,12.5,28,28,99.8,99.8,0
3317,3742,3742,12.4,12.4,2,2,100.0,100.0,0
3150,3743,3743,11.9,11.9,33,33,99.8,99.8,0
1364,3744,3744,11.7,11.7,3,3,100.0,100.0,0
3122,3745,3745,11.7,11.7,55,55,100.0,100.0,0
3353,3746,3746,11.5,11.5,1,1,100.0,100.0,0
3309,3747,3747,11.5,11.5,1,1,100.0,100.0,0
3357,3748,3748,11.5,11.5,1,1,100.0,100.0,0
3156,3749,3749,11.2,11.2,33,33,99.8,99.8,0
3312,3750,3750,11.1,11.1,2,2,100.0,100.0,0
3076,3751,3751,11.1,11.1,18,18,100.0,100.0,0
433,3752,3752,11.0,11.0,4,4,100.0,100.0,0
3149,3753,3753,11.0,11.0,33,33,99.8,99.8,0
3052,3754,3754,10.8,10.8,17,17,100.0,100.0,0
3318,3755,3755,10.8,10.8,1,1,100.0,100.0,0
348,3756,3756,10.7,10.7,9,9,100.0,100.0,0
2601,3757,3757,10.5,10.5,12,12,99.78,99.78,0
3053,3758,3758,10.2,10.2,18,18,100.0,100.0,0
3333,3759,3759,9.8,9.8,2,2,100.0,100.0,0
3316,3760,3760,8.7,8.7,2,2,100.0,100.0,0
3051,3761,3761,8.6,8.6,18,18,100.0,100.0,0
98,3762,3762,8.6,8.6,8,8,100.0,100.0,0
3121,3763,3763,8.5,8.5,55,55,100.0,100.0,0
3125,3764,3764,7.4,7.4,55,55,100.0,100.0,0
3064,3765,3765,7.3,7.3,18,18,100.0,100.0,0
3368,3766,3766,7.0,7.0,2,2,100.0,100.0,0
3058,3767,3767,5.6,5.6,18,18,100.0,100.0,0
3345,3768,3768,5.5,5.5,2,2,100.0,100.0,0
3063,3769,3769,3.1,3.1,5,5,100.0,100.0,0
3352,3770,3770,2.4,2.4,2,2,100.0,100.0,0
3324,3771,3771,2.3,2.3,13,13,100.0,100.0,0
3081,3772,3772,1.9,1.9,2,2,100.0,100.0,0
3325,3773,3773,1.7,1.7,5,5,100.0,100.0,0
3094,3774,3774,1.1,1.1,16,16,100.0,100.0,0
3062,3775,3775,0.9,0.9,11,11,100.0,100.0,0
3056,3776,3776,0.5,0.5,4,4,100.0,100.0,0
3365,3777,3777,0.3,0.3,2,2,100.0,100.0,0
3332,3778,3778,0.2,0.2,2,2,100.0,100.0,0
3057,3779,3779,0.0,0.0,18,18,100.0,100.0,0
3320,3780,3780,0.0,0.0,18,18,100.0,100.0,0
3082,3781,3781,0.0,0.0,2,2,100.0,100.0,0
3088,3782,3782,0.0,0.0,2,2,100.0,100.0,0
3089,3783,3783,0.0,0.0,2,2,100.0,100.0,0
3354,3784,3784,0.0,0.0,2,2,100.0,100.0,0
3355,3785,3785,0.0,0.0,2,2,100.0,100.0,0
3366,3786,3786,0.0,0.0,2,2,100.0,100.0,0
3370,3787,3787,0.0,0.0,2,2,100.0,100.0,0
3055,3788,3788,0.0,0.0,10,10,100.0,100.0,0
